{
  "tool-info": {},
  "diff": [
    {
      "type": "insert-node",
      "node": {
        "label": "setUp",
        "type": "Method"
      },
      "location-after-char-start": 1807,
      "location-after-char-end": 2165,
      "node-str": "setUp"
    },
    {
      "type": "insert-node",
      "node": {
        "label": "tearDown",
        "type": "Method"
      },
      "location-after-char-start": 2169,
      "location-after-char-end": 2524,
      "node-str": "tearDown"
    },
    {
      "type": "update-node",
      "node": {
        "label": "CH.ifa.draw.figures.LineConnection",
        "type": "VARIABLE_TYPE"
      },
      "location-before-char-start": 0,
      "location-before-char-end": 0,
      "location-after-char-start": 0,
      "location-after-char-end": 0,
      "node-str": "org.jhotdraw.figures.LineConnection"
    },
    {
      "type": "update-node",
      "node": {
        "label": "CH.ifa.draw.figures.LineConnection",
        "type": "RETURN_TYPE"
      },
      "location-before-char-start": 0,
      "location-before-char-end": 0,
      "location-after-char-start": 0,
      "location-after-char-end": 0,
      "node-str": "org.jhotdraw.figures.LineConnection"
    },
    {
      "type": "insert-node",
      "node": {
        "label": "void",
        "type": "RETURN_TYPE"
      },
      "location-after-char-start": 0,
      "location-after-char-end": 0,
      "node-str": "void"
    },
    {
      "type": "insert-node",
      "node": {
        "label": "java.lang.Exception",
        "type": "THROWS"
      },
      "location-after-char-start": 0,
      "location-after-char-end": 0,
      "node-str": "java.lang.Exception"
    },
    {
      "type": "insert-node",
      "node": {
        "label": "protected",
        "type": "Modifier"
      },
      "location-after-char-start": 0,
      "location-after-char-end": 0,
      "node-str": "protected"
    },
    {
      "type": "move-subtree",
      "node": {
        "label": "setUp",
        "type": "Invocation"
      },
      "location-before-char-start": 2106,
      "location-before-char-end": 2119,
      "location-after-char-start": 2069,
      "location-after-char-end": 2082,
      "node-str": "setUp"
    },
    {
      "type": "insert-node",
      "node": {
        "label": "\u003d",
        "type": "Assignment"
      },
      "location-after-char-start": 2086,
      "location-after-char-end": 2119,
      "node-str": "\u003d"
    },
    {
      "type": "insert-node",
      "node": {
        "label": "void",
        "type": "RETURN_TYPE"
      },
      "location-after-char-start": 0,
      "location-after-char-end": 0,
      "node-str": "void"
    },
    {
      "type": "insert-node",
      "node": {
        "label": "java.lang.Exception",
        "type": "THROWS"
      },
      "location-after-char-start": 0,
      "location-after-char-end": 0,
      "node-str": "java.lang.Exception"
    },
    {
      "type": "insert-node",
      "node": {
        "label": "protected",
        "type": "Modifier"
      },
      "location-after-char-start": 0,
      "location-after-char-end": 0,
      "node-str": "protected"
    },
    {
      "type": "insert-node",
      "node": {
        "label": "\u003d",
        "type": "Assignment"
      },
      "location-after-char-start": 2434,
      "location-after-char-end": 2455,
      "node-str": "\u003d"
    },
    {
      "type": "move-subtree",
      "node": {
        "label": "tearDown",
        "type": "Invocation"
      },
      "location-before-char-start": 2496,
      "location-before-char-end": 2512,
      "location-after-char-start": 2459,
      "location-after-char-end": 2475,
      "node-str": "tearDown"
    },
    {
      "type": "update-node",
      "node": {
        "label": "CH.ifa.draw.figures.LineConnection()",
        "type": "ConstructorCall"
      },
      "location-before-char-start": 1745,
      "location-before-char-end": 1784,
      "location-after-char-start": 1728,
      "location-after-char-end": 1747,
      "node-str": "org.jhotdraw.figures.LineConnection()"
    },
    {
      "type": "insert-node",
      "node": {
        "label": "lineconnection",
        "type": "FieldWrite"
      },
      "location-after-char-start": 2086,
      "location-after-char-end": 2099,
      "node-str": "lineconnection"
    },
    {
      "type": "insert-node",
      "node": {
        "label": "createInstance",
        "type": "Invocation"
      },
      "location-after-char-start": 2103,
      "location-after-char-end": 2118,
      "node-str": "createInstance"
    },
    {
      "type": "insert-node",
      "node": {
        "label": "lineconnection",
        "type": "FieldWrite"
      },
      "location-after-char-start": 2434,
      "location-after-char-end": 2447,
      "node-str": "lineconnection"
    },
    {
      "type": "insert-node",
      "node": {
        "label": "null",
        "type": "Literal"
      },
      "location-after-char-start": 2451,
      "location-after-char-end": 2454,
      "node-str": "null"
    },
    {
      "type": "insert-node",
      "node": {
        "label": "org.jhotdraw.test.figures.LineConnectionTest",
        "type": "TypeAccess"
      },
      "location-after-char-start": 0,
      "location-after-char-end": 0,
      "node-str": "org.jhotdraw.test.figures.LineConnectionTest"
    },
    {
      "type": "insert-node",
      "node": {
        "label": "org.jhotdraw.test.figures.LineConnectionTest",
        "type": "TypeAccess"
      },
      "location-after-char-start": 0,
      "location-after-char-end": 0,
      "node-str": "org.jhotdraw.test.figures.LineConnectionTest"
    },
    {
      "type": "insert-node",
      "node": {
        "label": "org.jhotdraw.test.figures.LineConnectionTest",
        "type": "TypeAccess"
      },
      "location-after-char-start": 0,
      "location-after-char-end": 0,
      "node-str": "org.jhotdraw.test.figures.LineConnectionTest"
    },
    {
      "type": "delete-node",
      "node": {
        "label": "void",
        "type": "RETURN_TYPE"
      },
      "location-before-char-start": 0,
      "location-before-char-end": 0,
      "node-str": "void"
    },
    {
      "type": "delete-node",
      "node": {
        "label": "java.lang.Exception",
        "type": "THROWS"
      },
      "location-before-char-start": 0,
      "location-before-char-end": 0,
      "node-str": "java.lang.Exception"
    },
    {
      "type": "delete-node",
      "node": {
        "label": "protected",
        "type": "Modifier"
      },
      "location-before-char-start": 0,
      "location-before-char-end": 0,
      "node-str": "protected"
    },
    {
      "type": "delete-node",
      "node": {
        "label": "CH.ifa.draw.test.figures.LineConnectionTest",
        "type": "TypeAccess"
      },
      "location-before-char-start": 0,
      "location-before-char-end": 0,
      "node-str": "CH.ifa.draw.test.figures.LineConnectionTest"
    },
    {
      "type": "delete-node",
      "node": {
        "label": "lineconnection",
        "type": "FieldWrite"
      },
      "location-before-char-start": 2123,
      "location-before-char-end": 2136,
      "node-str": "lineconnection"
    },
    {
      "type": "delete-node",
      "node": {
        "label": "CH.ifa.draw.test.figures.LineConnectionTest",
        "type": "TypeAccess"
      },
      "location-before-char-start": 0,
      "location-before-char-end": 0,
      "node-str": "CH.ifa.draw.test.figures.LineConnectionTest"
    },
    {
      "type": "delete-node",
      "node": {
        "label": "createInstance",
        "type": "Invocation"
      },
      "location-before-char-start": 2140,
      "location-before-char-end": 2155,
      "node-str": "createInstance"
    },
    {
      "type": "delete-node",
      "node": {
        "label": "\u003d",
        "type": "Assignment"
      },
      "location-before-char-start": 2123,
      "location-before-char-end": 2156,
      "node-str": "\u003d"
    },
    {
      "type": "delete-node",
      "node": {
        "label": "setUp",
        "type": "Method"
      },
      "location-before-char-start": 1844,
      "location-before-char-end": 2202,
      "node-str": "setUp"
    },
    {
      "type": "delete-node",
      "node": {
        "label": "void",
        "type": "RETURN_TYPE"
      },
      "location-before-char-start": 0,
      "location-before-char-end": 0,
      "node-str": "void"
    },
    {
      "type": "delete-node",
      "node": {
        "label": "java.lang.Exception",
        "type": "THROWS"
      },
      "location-before-char-start": 0,
      "location-before-char-end": 0,
      "node-str": "java.lang.Exception"
    },
    {
      "type": "delete-node",
      "node": {
        "label": "protected",
        "type": "Modifier"
      },
      "location-before-char-start": 0,
      "location-before-char-end": 0,
      "node-str": "protected"
    },
    {
      "type": "delete-node",
      "node": {
        "label": "CH.ifa.draw.test.figures.LineConnectionTest",
        "type": "TypeAccess"
      },
      "location-before-char-start": 0,
      "location-before-char-end": 0,
      "node-str": "CH.ifa.draw.test.figures.LineConnectionTest"
    },
    {
      "type": "delete-node",
      "node": {
        "label": "lineconnection",
        "type": "FieldWrite"
      },
      "location-before-char-start": 2471,
      "location-before-char-end": 2484,
      "node-str": "lineconnection"
    },
    {
      "type": "delete-node",
      "node": {
        "label": "null",
        "type": "Literal"
      },
      "location-before-char-start": 2488,
      "location-before-char-end": 2491,
      "node-str": "null"
    },
    {
      "type": "delete-node",
      "node": {
        "label": "\u003d",
        "type": "Assignment"
      },
      "location-before-char-start": 2471,
      "location-before-char-end": 2492,
      "node-str": "\u003d"
    },
    {
      "type": "delete-node",
      "node": {
        "label": "tearDown",
        "type": "Method"
      },
      "location-before-char-start": 2206,
      "location-before-char-end": 2561,
      "node-str": "tearDown"
    }
  ],
  "before-file": {},
  "after-file": {},
  "mapping": {}
}