{
  "tool-info": {},
  "diff": [
    {
      "type": "insert-node",
      "node": {
        "label": "public",
        "type": "Modifier"
      },
      "location-after-char-start": 0,
      "location-after-char-end": 0,
      "node-str": "public"
    },
    {
      "type": "insert-node",
      "node": {
        "label": "",
        "type": "TypeReference"
      },
      "location-after-char-start": 1932,
      "location-after-char-end": 1938,
      "node-str": ""
    },
    {
      "type": "insert-node",
      "node": {
        "label": "selectedFolder",
        "type": "Field"
      },
      "location-after-char-start": 1943,
      "location-after-char-end": 1996,
      "node-str": "selectedFolder"
    },
    {
      "type": "insert-node",
      "node": {
        "label": "\u003cinit\u003e",
        "type": "Constructor"
      },
      "location-after-char-start": 2000,
      "location-after-char-end": 2185,
      "node-str": "\u003cinit\u003e"
    },
    {
      "type": "insert-node",
      "node": {
        "label": "org.columba.core.command.Command",
        "type": "SUPER_TYPE"
      },
      "location-after-char-start": 0,
      "location-after-char-end": 0,
      "node-str": "org.columba.core.command.Command"
    },
    {
      "type": "insert-node",
      "node": {
        "label": "org.columba.addressbook.folder.IFolder",
        "type": "VARIABLE_TYPE"
      },
      "location-after-char-start": 0,
      "location-after-char-end": 0,
      "node-str": "org.columba.addressbook.folder.IFolder"
    },
    {
      "type": "insert-node",
      "node": {
        "label": "public",
        "type": "Modifier"
      },
      "location-after-char-start": 0,
      "location-after-char-end": 0,
      "node-str": "public"
    },
    {
      "type": "insert-node",
      "node": {
        "label": "reference",
        "type": "Parameter"
      },
      "location-after-char-start": 2133,
      "location-after-char-end": 2159,
      "node-str": "reference"
    },
    {
      "type": "insert-node",
      "node": {
        "label": "\u003cinit\u003e",
        "type": "Invocation"
      },
      "location-after-char-start": 2166,
      "location-after-char-end": 2182,
      "node-str": "\u003cinit\u003e"
    },
    {
      "type": "insert-node",
      "node": {
        "label": "void",
        "type": "RETURN_TYPE"
      },
      "location-after-char-start": 0,
      "location-after-char-end": 0,
      "node-str": "void"
    },
    {
      "type": "insert-node",
      "node": {
        "label": "java.lang.Exception",
        "type": "THROWS"
      },
      "location-after-char-start": 0,
      "location-after-char-end": 0,
      "node-str": "java.lang.Exception"
    },
    {
      "type": "insert-node",
      "node": {
        "label": "public",
        "type": "Modifier"
      },
      "location-after-char-start": 0,
      "location-after-char-end": 0,
      "node-str": "public"
    },
    {
      "type": "insert-node",
      "node": {
        "label": "worker",
        "type": "Parameter"
      },
      "location-after-char-start": 2300,
      "location-after-char-end": 2329,
      "node-str": "worker"
    },
    {
      "type": "insert-node",
      "node": {
        "label": "r",
        "type": "LocalVariable"
      },
      "location-after-char-start": 2372,
      "location-after-char-end": 2440,
      "node-str": "r"
    },
    {
      "type": "insert-node",
      "node": {
        "label": "uids",
        "type": "LocalVariable"
      },
      "location-after-char-start": 2468,
      "location-after-char-end": 2495,
      "node-str": "uids"
    },
    {
      "type": "insert-node",
      "node": {
        "label": "folder",
        "type": "LocalVariable"
      },
      "location-after-char-start": 2521,
      "location-after-char-end": 2569,
      "node-str": "folder"
    },
    {
      "type": "insert-node",
      "node": {
        "label": "setWorker",
        "type": "Invocation"
      },
      "location-after-char-start": 2606,
      "location-after-char-end": 2671,
      "node-str": "setWorker"
    },
    {
      "type": "insert-node",
      "node": {
        "label": "contactFacade",
        "type": "LocalVariable"
      },
      "location-after-char-start": 2676,
      "location-after-char-end": 2711,
      "node-str": "contactFacade"
    },
    {
      "type": "insert-node",
      "node": {
        "label": "modelFacade",
        "type": "LocalVariable"
      },
      "location-after-char-start": 2715,
      "location-after-char-end": 2746,
      "node-str": "modelFacade"
    },
    {
      "type": "insert-node",
      "node": {
        "label": "",
        "type": "Try"
      },
      "location-after-char-start": 2750,
      "location-after-char-end": 2942,
      "node-str": ""
    },
    {
      "type": "insert-node",
      "node": {
        "label": "addresses",
        "type": "LocalVariable"
      },
      "location-after-char-start": 2947,
      "location-after-char-end": 2995,
      "node-str": "addresses"
    },
    {
      "type": "insert-node",
      "node": {
        "label": "it",
        "type": "LocalVariable"
      },
      "location-after-char-start": 3581,
      "location-after-char-end": 3627,
      "node-str": "it"
    },
    {
      "type": "insert-node",
      "node": {
        "label": "contactItems",
        "type": "LocalVariable"
      },
      "location-after-char-start": 3631,
      "location-after-char-end": 3694,
      "node-str": "contactItems"
    },
    {
      "type": "insert-node",
      "node": {
        "label": "while",
        "type": "While"
      },
      "location-after-char-start": 3698,
      "location-after-char-end": 4215,
      "node-str": "while"
    },
    {
      "type": "insert-node",
      "node": {
        "label": "org.columba.api.command.ICommandReference",
        "type": "VARIABLE_TYPE"
      },
      "location-after-char-start": 0,
      "location-after-char-end": 0,
      "node-str": "org.columba.api.command.ICommandReference"
    },
    {
      "type": "insert-node",
      "node": {
        "label": "reference",
        "type": "VariableRead"
      },
      "location-after-char-start": 2172,
      "location-after-char-end": 2180,
      "node-str": "reference"
    },
    {
      "type": "insert-node",
      "node": {
        "label": "org.columba.api.command.IWorkerStatusController",
        "type": "VARIABLE_TYPE"
      },
      "location-after-char-start": 0,
      "location-after-char-end": 0,
      "node-str": "org.columba.api.command.IWorkerStatusController"
    },
    {
      "type": "insert-node",
      "node": {
        "label": "org.columba.core.folder.IFolderCommandReference",
        "type": "VARIABLE_TYPE"
      },
      "location-after-char-start": 0,
      "location-after-char-end": 0,
      "node-str": "org.columba.core.folder.IFolderCommandReference"
    },
    {
      "type": "insert-node",
      "node": {
        "label": "getReference",
        "type": "Invocation"
      },
      "location-after-char-start": 2400,
      "location-after-char-end": 2439,
      "node-str": "getReference"
    },
    {
      "type": "insert-node",
      "node": {
        "label": "java.lang.Object[]",
        "type": "VARIABLE_TYPE"
      },
      "location-after-char-start": 0,
      "location-after-char-end": 0,
      "node-str": "java.lang.Object[]"
    },
    {
      "type": "insert-node",
      "node": {
        "label": "getUids",
        "type": "Invocation"
      },
      "location-after-char-start": 2484,
      "location-after-char-end": 2494,
      "node-str": "getUids"
    },
    {
      "type": "insert-node",
      "node": {
        "label": "org.columba.mail.folder.IMailbox",
        "type": "VARIABLE_TYPE"
      },
      "location-after-char-start": 0,
      "location-after-char-end": 0,
      "node-str": "org.columba.mail.folder.IMailbox"
    },
    {
      "type": "insert-node",
      "node": {
        "label": "getSourceFolder",
        "type": "Invocation"
      },
      "location-after-char-start": 2539,
      "location-after-char-end": 2568,
      "node-str": "getSourceFolder"
    },
    {
      "type": "insert-node",
      "node": {
        "label": "getObservable",
        "type": "Invocation"
      },
      "location-after-char-start": 2606,
      "location-after-char-end": 2652,
      "node-str": "getObservable"
    },
    {
      "type": "insert-node",
      "node": {
        "label": "worker",
        "type": "VariableRead"
      },
      "location-after-char-start": 2664,
      "location-after-char-end": 2669,
      "node-str": "worker"
    },
    {
      "type": "insert-node",
      "node": {
        "label": "org.columba.addressbook.facade.IContactFacade",
        "type": "VARIABLE_TYPE"
      },
      "location-after-char-start": 0,
      "location-after-char-end": 0,
      "node-str": "org.columba.addressbook.facade.IContactFacade"
    },
    {
      "type": "insert-node",
      "node": {
        "label": "null",
        "type": "Literal"
      },
      "location-after-char-start": 2707,
      "location-after-char-end": 2710,
      "node-str": "null"
    },
    {
      "type": "insert-node",
      "node": {
        "label": "org.columba.addressbook.facade.IModelFacade",
        "type": "VARIABLE_TYPE"
      },
      "location-after-char-start": 0,
      "location-after-char-end": 0,
      "node-str": "org.columba.addressbook.facade.IModelFacade"
    },
    {
      "type": "insert-node",
      "node": {
        "label": "null",
        "type": "Literal"
      },
      "location-after-char-start": 2742,
      "location-after-char-end": 2745,
      "node-str": "null"
    },
    {
      "type": "insert-node",
      "node": {
        "label": "\u003d",
        "type": "Assignment"
      },
      "location-after-char-start": 2759,
      "location-after-char-end": 2810,
      "node-str": "\u003d"
    },
    {
      "type": "insert-node",
      "node": {
        "label": "\u003d",
        "type": "Assignment"
      },
      "location-after-char-start": 2815,
      "location-after-char-end": 2862,
      "node-str": "\u003d"
    },
    {
      "type": "insert-node",
      "node": {
        "label": "",
        "type": "Catch"
      },
      "location-after-char-start": 2867,
      "location-after-char-end": 2942,
      "node-str": ""
    },
    {
      "type": "insert-node",
      "node": {
        "label": "java.util.List",
        "type": "VARIABLE_TYPE"
      },
      "location-after-char-start": 0,
      "location-after-char-end": 0,
      "node-str": "java.util.List"
    },
    {
      "type": "insert-node",
      "node": {
        "label": "java.util.ArrayList()",
        "type": "ConstructorCall"
      },
      "location-after-char-start": 2972,
      "location-after-char-end": 2994,
      "node-str": "java.util.ArrayList()"
    },
    {
      "type": "insert-node",
      "node": {
        "label": "java.util.Iterator",
        "type": "VARIABLE_TYPE"
      },
      "location-after-char-start": 0,
      "location-after-char-end": 0,
      "node-str": "java.util.Iterator"
    },
    {
      "type": "insert-node",
      "node": {
        "label": "listIterator",
        "type": "Invocation"
      },
      "location-after-char-start": 3603,
      "location-after-char-end": 3626,
      "node-str": "listIterator"
    },
    {
      "type": "insert-node",
      "node": {
        "label": "java.util.List",
        "type": "VARIABLE_TYPE"
      },
      "location-after-char-start": 0,
      "location-after-char-end": 0,
      "node-str": "java.util.List"
    },
    {
      "type": "insert-node",
      "node": {
        "label": "java.util.ArrayList()",
        "type": "ConstructorCall"
      },
      "location-after-char-start": 3665,
      "location-after-char-end": 3693,
      "node-str": "java.util.ArrayList()"
    },
    {
      "type": "insert-node",
      "node": {
        "label": "hasNext",
        "type": "Invocation"
      },
      "location-after-char-start": 3705,
      "location-after-char-end": 3716,
      "node-str": "hasNext"
    },
    {
      "type": "insert-node",
      "node": {
        "label": "",
        "type": "Try"
      },
      "location-after-char-start": 3724,
      "location-after-char-end": 4211,
      "node-str": ""
    },
    {
      "type": "insert-node",
      "node": {
        "label": "org.columba.mail.folder.command.AddAllSendersToAddressbookCommand",
        "type": "TypeAccess"
      },
      "location-after-char-start": 0,
      "location-after-char-end": 0,
      "node-str": "org.columba.mail.folder.command.AddAllSendersToAddressbookCommand"
    },
    {
      "type": "insert-node",
      "node": {
        "label": "r",
        "type": "VariableRead"
      },
      "location-after-char-start": 2484,
      "location-after-char-end": 2484,
      "node-str": "r"
    },
    {
      "type": "insert-node",
      "node": {
        "label": "r",
        "type": "VariableRead"
      },
      "location-after-char-start": 2550,
      "location-after-char-end": 2550,
      "node-str": "r"
    },
    {
      "type": "insert-node",
      "node": {
        "label": "folder",
        "type": "VariableRead"
      },
      "location-after-char-start": 2630,
      "location-after-char-end": 2635,
      "node-str": "folder"
    },
    {
      "type": "insert-node",
      "node": {
        "label": "contactFacade",
        "type": "VariableWrite"
      },
      "location-after-char-start": 2759,
      "location-after-char-end": 2771,
      "node-str": "contactFacade"
    },
    {
      "type": "insert-node",
      "node": {
        "label": "getContactFacade",
        "type": "Invocation"
      },
      "location-after-char-start": 2775,
      "location-after-char-end": 2809,
      "node-str": "getContactFacade"
    },
    {
      "type": "insert-node",
      "node": {
        "label": "modelFacade",
        "type": "VariableWrite"
      },
      "location-after-char-start": 2815,
      "location-after-char-end": 2825,
      "node-str": "modelFacade"
    },
    {
      "type": "insert-node",
      "node": {
        "label": "getModelFacade",
        "type": "Invocation"
      },
      "location-after-char-start": 2829,
      "location-after-char-end": 2861,
      "node-str": "getModelFacade"
    },
    {
      "type": "insert-node",
      "node": {
        "label": "e",
        "type": "CatchVariable"
      },
      "location-after-char-start": 2875,
      "location-after-char-end": 2900,
      "node-str": "e"
    },
    {
      "type": "insert-node",
      "node": {
        "label": "printStackTrace",
        "type": "Invocation"
      },
      "location-after-char-start": 2908,
      "location-after-char-end": 2927,
      "node-str": "printStackTrace"
    },
    {
      "type": "insert-node",
      "node": {
        "label": "return",
        "type": "Return"
      },
      "location-after-char-start": 2932,
      "location-after-char-end": 2938,
      "node-str": "return"
    },
    {
      "type": "insert-node",
      "node": {
        "label": "addresses",
        "type": "VariableRead"
      },
      "location-after-char-start": 3603,
      "location-after-char-end": 3611,
      "node-str": "addresses"
    },
    {
      "type": "insert-node",
      "node": {
        "label": "it",
        "type": "VariableRead"
      },
      "location-after-char-start": 3705,
      "location-after-char-end": 3706,
      "node-str": "it"
    },
    {
      "type": "insert-node",
      "node": {
        "label": "addrStr",
        "type": "LocalVariable"
      },
      "location-after-char-start": 3734,
      "location-after-char-end": 3760,
      "node-str": "addrStr"
    },
    {
      "type": "insert-node",
      "node": {
        "label": "if",
        "type": "If"
      },
      "location-after-char-start": 3766,
      "location-after-char-end": 3800,
      "node-str": "if"
    },
    {
      "type": "insert-node",
      "node": {
        "label": "address",
        "type": "LocalVariable"
      },
      "location-after-char-start": 3806,
      "location-after-char-end": 3846,
      "node-str": "address"
    },
    {
      "type": "insert-node",
      "node": {
        "label": "contactItem",
        "type": "LocalVariable"
      },
      "location-after-char-start": 3887,
      "location-after-char-end": 3945,
      "node-str": "contactItem"
    },
    {
      "type": "insert-node",
      "node": {
        "label": "initContactItem",
        "type": "Invocation"
      },
      "location-after-char-start": 3951,
      "location-after-char-end": 4056,
      "node-str": "initContactItem"
    },
    {
      "type": "insert-node",
      "node": {
        "label": "add",
        "type": "Invocation"
      },
      "location-after-char-start": 4062,
      "location-after-char-end": 4091,
      "node-str": "add"
    },
    {
      "type": "insert-node",
      "node": {
        "label": "",
        "type": "Catch"
      },
      "location-after-char-start": 4097,
      "location-after-char-end": 4154,
      "node-str": ""
    },
    {
      "type": "insert-node",
      "node": {
        "label": "",
        "type": "Catch"
      },
      "location-after-char-start": 4155,
      "location-after-char-end": 4211,
      "node-str": ""
    },
    {
      "type": "insert-node",
      "node": {
        "label": "org.columba.mail.connector.ServiceConnector",
        "type": "TypeAccess"
      },
      "location-after-char-start": 2775,
      "location-after-char-end": 2790,
      "node-str": "org.columba.mail.connector.ServiceConnector"
    },
    {
      "type": "insert-node",
      "node": {
        "label": "org.columba.mail.connector.ServiceConnector",
        "type": "TypeAccess"
      },
      "location-after-char-start": 2829,
      "location-after-char-end": 2844,
      "node-str": "org.columba.mail.connector.ServiceConnector"
    },
    {
      "type": "insert-node",
      "node": {
        "label": "org.columba.api.exception.ServiceNotFoundException",
        "type": "VARIABLE_TYPE"
      },
      "location-after-char-start": 0,
      "location-after-char-end": 0,
      "node-str": "org.columba.api.exception.ServiceNotFoundException"
    },
    {
      "type": "insert-node",
      "node": {
        "label": "e",
        "type": "VariableRead"
      },
      "location-after-char-start": 2908,
      "location-after-char-end": 2908,
      "node-str": "e"
    },
    {
      "type": "insert-node",
      "node": {
        "label": "java.lang.String",
        "type": "VARIABLE_TYPE"
      },
      "location-after-char-start": 0,
      "location-after-char-end": 0,
      "node-str": "java.lang.String"
    },
    {
      "type": "insert-node",
      "node": {
        "label": "next",
        "type": "Invocation"
      },
      "location-after-char-start": 3751,
      "location-after-char-end": 3759,
      "node-str": "next"
    },
    {
      "type": "insert-node",
      "node": {
        "label": "EQ",
        "type": "BinaryOperator"
      },
      "location-after-char-start": 3770,
      "location-after-char-end": 3784,
      "node-str": "EQ"
    },
    {
      "type": "insert-node",
      "node": {
        "label": "THEN",
        "type": "then"
      },
      "location-after-char-start": 3792,
      "location-after-char-end": 3800,
      "node-str": "THEN"
    },
    {
      "type": "insert-node",
      "node": {
        "label": "org.columba.ristretto.message.Address",
        "type": "VARIABLE_TYPE"
      },
      "location-after-char-start": 0,
      "location-after-char-end": 0,
      "node-str": "org.columba.ristretto.message.Address"
    },
    {
      "type": "insert-node",
      "node": {
        "label": "parse",
        "type": "Invocation"
      },
      "location-after-char-start": 3824,
      "location-after-char-end": 3845,
      "node-str": "parse"
    },
    {
      "type": "insert-node",
      "node": {
        "label": "org.columba.addressbook.facade.IContactItem",
        "type": "VARIABLE_TYPE"
      },
      "location-after-char-start": 0,
      "location-after-char-end": 0,
      "node-str": "org.columba.addressbook.facade.IContactItem"
    },
    {
      "type": "insert-node",
      "node": {
        "label": "createContactItem",
        "type": "Invocation"
      },
      "location-after-char-start": 3914,
      "location-after-char-end": 3944,
      "node-str": "createContactItem"
    },
    {
      "type": "insert-node",
      "node": {
        "label": "getInstance",
        "type": "Invocation"
      },
      "location-after-char-start": 3951,
      "location-after-char-end": 3974,
      "node-str": "getInstance"
    },
    {
      "type": "insert-node",
      "node": {
        "label": "contactItem",
        "type": "VariableRead"
      },
      "location-after-char-start": 3992,
      "location-after-char-end": 4002,
      "node-str": "contactItem"
    },
    {
      "type": "insert-node",
      "node": {
        "label": "getDisplayName",
        "type": "Invocation"
      },
      "location-after-char-start": 4005,
      "location-after-char-end": 4028,
      "node-str": "getDisplayName"
    },
    {
      "type": "insert-node",
      "node": {
        "label": "getMailAddress",
        "type": "Invocation"
      },
      "location-after-char-start": 4031,
      "location-after-char-end": 4054,
      "node-str": "getMailAddress"
    },
    {
      "type": "insert-node",
      "node": {
        "label": "contactItems",
        "type": "VariableRead"
      },
      "location-after-char-start": 4062,
      "location-after-char-end": 4073,
      "node-str": "contactItems"
    },
    {
      "type": "insert-node",
      "node": {
        "label": "contactItem",
        "type": "VariableRead"
      },
      "location-after-char-start": 4079,
      "location-after-char-end": 4089,
      "node-str": "contactItem"
    },
    {
      "type": "insert-node",
      "node": {
        "label": "e",
        "type": "CatchVariable"
      },
      "location-after-char-start": 4105,
      "location-after-char-end": 4121,
      "node-str": "e"
    },
    {
      "type": "insert-node",
      "node": {
        "label": "printStackTrace",
        "type": "Invocation"
      },
      "location-after-char-start": 4130,
      "location-after-char-end": 4149,
      "node-str": "printStackTrace"
    },
    {
      "type": "insert-node",
      "node": {
        "label": "e",
        "type": "CatchVariable"
      },
      "location-after-char-start": 4163,
      "location-after-char-end": 4178,
      "node-str": "e"
    },
    {
      "type": "insert-node",
      "node": {
        "label": "printStackTrace",
        "type": "Invocation"
      },
      "location-after-char-start": 4187,
      "location-after-char-end": 4206,
      "node-str": "printStackTrace"
    },
    {
      "type": "insert-node",
      "node": {
        "label": "it",
        "type": "VariableRead"
      },
      "location-after-char-start": 3751,
      "location-after-char-end": 3752,
      "node-str": "it"
    },
    {
      "type": "insert-node",
      "node": {
        "label": "addrStr",
        "type": "VariableRead"
      },
      "location-after-char-start": 3770,
      "location-after-char-end": 3776,
      "node-str": "addrStr"
    },
    {
      "type": "insert-node",
      "node": {
        "label": "null",
        "type": "Literal"
      },
      "location-after-char-start": 3781,
      "location-after-char-end": 3784,
      "node-str": "null"
    },
    {
      "type": "insert-node",
      "node": {
        "label": "continue",
        "type": "Continue"
      },
      "location-after-char-start": 3792,
      "location-after-char-end": 3800,
      "node-str": "continue"
    },
    {
      "type": "insert-node",
      "node": {
        "label": "org.columba.ristretto.message.Address",
        "type": "TypeAccess"
      },
      "location-after-char-start": 3824,
      "location-after-char-end": 3830,
      "node-str": "org.columba.ristretto.message.Address"
    },
    {
      "type": "insert-node",
      "node": {
        "label": "addrStr",
        "type": "VariableRead"
      },
      "location-after-char-start": 3838,
      "location-after-char-end": 3844,
      "node-str": "addrStr"
    },
    {
      "type": "insert-node",
      "node": {
        "label": "modelFacade",
        "type": "VariableRead"
      },
      "location-after-char-start": 3914,
      "location-after-char-end": 3924,
      "node-str": "modelFacade"
    },
    {
      "type": "insert-node",
      "node": {
        "label": "org.columba.mail.connector.FacadeUtil",
        "type": "TypeAccess"
      },
      "location-after-char-start": 3951,
      "location-after-char-end": 3960,
      "node-str": "org.columba.mail.connector.FacadeUtil"
    },
    {
      "type": "insert-node",
      "node": {
        "label": "address",
        "type": "VariableRead"
      },
      "location-after-char-start": 4005,
      "location-after-char-end": 4011,
      "node-str": "address"
    },
    {
      "type": "insert-node",
      "node": {
        "label": "address",
        "type": "VariableRead"
      },
      "location-after-char-start": 4031,
      "location-after-char-end": 4037,
      "node-str": "address"
    },
    {
      "type": "insert-node",
      "node": {
        "label": "org.columba.ristretto.parser.ParserException",
        "type": "VARIABLE_TYPE"
      },
      "location-after-char-start": 0,
      "location-after-char-end": 0,
      "node-str": "org.columba.ristretto.parser.ParserException"
    },
    {
      "type": "insert-node",
      "node": {
        "label": "e",
        "type": "VariableRead"
      },
      "location-after-char-start": 4130,
      "location-after-char-end": 4130,
      "node-str": "e"
    },
    {
      "type": "insert-node",
      "node": {
        "label": "org.columba.api.exception.StoreException",
        "type": "VARIABLE_TYPE"
      },
      "location-after-char-start": 0,
      "location-after-char-end": 0,
      "node-str": "org.columba.api.exception.StoreException"
    },
    {
      "type": "insert-node",
      "node": {
        "label": "e",
        "type": "VariableRead"
      },
      "location-after-char-start": 4187,
      "location-after-char-end": 4187,
      "node-str": "e"
    },
    {
      "type": "delete-node",
      "node": {
        "label": "public",
        "type": "Modifier"
      },
      "location-before-char-start": 0,
      "location-before-char-end": 0,
      "node-str": "public"
    },
    {
      "type": "delete-node",
      "node": {
        "label": "org.columba.core.command.Command",
        "type": "SUPER_TYPE"
      },
      "location-before-char-start": 0,
      "location-before-char-end": 0,
      "node-str": "org.columba.core.command.Command"
    },
    {
      "type": "delete-node",
      "node": {
        "label": "",
        "type": "TypeReference"
      },
      "location-before-char-start": 1936,
      "location-before-char-end": 1942,
      "node-str": ""
    },
    {
      "type": "delete-node",
      "node": {
        "label": "org.columba.addressbook.folder.IFolder",
        "type": "VARIABLE_TYPE"
      },
      "location-before-char-start": 0,
      "location-before-char-end": 0,
      "node-str": "org.columba.addressbook.folder.IFolder"
    },
    {
      "type": "delete-node",
      "node": {
        "label": "selectedFolder",
        "type": "Field"
      },
      "location-before-char-start": 1947,
      "location-before-char-end": 2000,
      "node-str": "selectedFolder"
    },
    {
      "type": "delete-node",
      "node": {
        "label": "public",
        "type": "Modifier"
      },
      "location-before-char-start": 0,
      "location-before-char-end": 0,
      "node-str": "public"
    },
    {
      "type": "delete-node",
      "node": {
        "label": "org.columba.api.command.ICommandReference",
        "type": "VARIABLE_TYPE"
      },
      "location-before-char-start": 0,
      "location-before-char-end": 0,
      "node-str": "org.columba.api.command.ICommandReference"
    },
    {
      "type": "delete-node",
      "node": {
        "label": "reference",
        "type": "Parameter"
      },
      "location-before-char-start": 2137,
      "location-before-char-end": 2163,
      "node-str": "reference"
    },
    {
      "type": "delete-node",
      "node": {
        "label": "reference",
        "type": "VariableRead"
      },
      "location-before-char-start": 2176,
      "location-before-char-end": 2184,
      "node-str": "reference"
    },
    {
      "type": "delete-node",
      "node": {
        "label": "\u003cinit\u003e",
        "type": "Invocation"
      },
      "location-before-char-start": 2170,
      "location-before-char-end": 2186,
      "node-str": "\u003cinit\u003e"
    },
    {
      "type": "delete-node",
      "node": {
        "label": "\u003cinit\u003e",
        "type": "Constructor"
      },
      "location-before-char-start": 2004,
      "location-before-char-end": 2189,
      "node-str": "\u003cinit\u003e"
    },
    {
      "type": "delete-node",
      "node": {
        "label": "void",
        "type": "RETURN_TYPE"
      },
      "location-before-char-start": 0,
      "location-before-char-end": 0,
      "node-str": "void"
    },
    {
      "type": "delete-node",
      "node": {
        "label": "java.lang.Exception",
        "type": "THROWS"
      },
      "location-before-char-start": 0,
      "location-before-char-end": 0,
      "node-str": "java.lang.Exception"
    },
    {
      "type": "delete-node",
      "node": {
        "label": "public",
        "type": "Modifier"
      },
      "location-before-char-start": 0,
      "location-before-char-end": 0,
      "node-str": "public"
    },
    {
      "type": "delete-node",
      "node": {
        "label": "org.columba.api.command.IWorkerStatusController",
        "type": "VARIABLE_TYPE"
      },
      "location-before-char-start": 0,
      "location-before-char-end": 0,
      "node-str": "org.columba.api.command.IWorkerStatusController"
    },
    {
      "type": "delete-node",
      "node": {
        "label": "worker",
        "type": "Parameter"
      },
      "location-before-char-start": 2304,
      "location-before-char-end": 2333,
      "node-str": "worker"
    },
    {
      "type": "delete-node",
      "node": {
        "label": "org.columba.core.folder.IFolderCommandReference",
        "type": "VARIABLE_TYPE"
      },
      "location-before-char-start": 0,
      "location-before-char-end": 0,
      "node-str": "org.columba.core.folder.IFolderCommandReference"
    },
    {
      "type": "delete-node",
      "node": {
        "label": "org.columba.mail.folder.command.AddAllSendersToAddressbookCommand",
        "type": "TypeAccess"
      },
      "location-before-char-start": 0,
      "location-before-char-end": 0,
      "node-str": "org.columba.mail.folder.command.AddAllSendersToAddressbookCommand"
    },
    {
      "type": "delete-node",
      "node": {
        "label": "getReference",
        "type": "Invocation"
      },
      "location-before-char-start": 2404,
      "location-before-char-end": 2443,
      "node-str": "getReference"
    },
    {
      "type": "delete-node",
      "node": {
        "label": "r",
        "type": "LocalVariable"
      },
      "location-before-char-start": 2376,
      "location-before-char-end": 2444,
      "node-str": "r"
    },
    {
      "type": "delete-node",
      "node": {
        "label": "java.lang.Object[]",
        "type": "VARIABLE_TYPE"
      },
      "location-before-char-start": 0,
      "location-before-char-end": 0,
      "node-str": "java.lang.Object[]"
    },
    {
      "type": "delete-node",
      "node": {
        "label": "r",
        "type": "VariableRead"
      },
      "location-before-char-start": 2488,
      "location-before-char-end": 2488,
      "node-str": "r"
    },
    {
      "type": "delete-node",
      "node": {
        "label": "getUids",
        "type": "Invocation"
      },
      "location-before-char-start": 2488,
      "location-before-char-end": 2498,
      "node-str": "getUids"
    },
    {
      "type": "delete-node",
      "node": {
        "label": "uids",
        "type": "LocalVariable"
      },
      "location-before-char-start": 2472,
      "location-before-char-end": 2499,
      "node-str": "uids"
    },
    {
      "type": "delete-node",
      "node": {
        "label": "org.columba.mail.folder.IMailbox",
        "type": "VARIABLE_TYPE"
      },
      "location-before-char-start": 0,
      "location-before-char-end": 0,
      "node-str": "org.columba.mail.folder.IMailbox"
    },
    {
      "type": "delete-node",
      "node": {
        "label": "r",
        "type": "VariableRead"
      },
      "location-before-char-start": 2554,
      "location-before-char-end": 2554,
      "node-str": "r"
    },
    {
      "type": "delete-node",
      "node": {
        "label": "getSourceFolder",
        "type": "Invocation"
      },
      "location-before-char-start": 2543,
      "location-before-char-end": 2572,
      "node-str": "getSourceFolder"
    },
    {
      "type": "delete-node",
      "node": {
        "label": "folder",
        "type": "LocalVariable"
      },
      "location-before-char-start": 2525,
      "location-before-char-end": 2573,
      "node-str": "folder"
    },
    {
      "type": "delete-node",
      "node": {
        "label": "folder",
        "type": "VariableRead"
      },
      "location-before-char-start": 2634,
      "location-before-char-end": 2639,
      "node-str": "folder"
    },
    {
      "type": "delete-node",
      "node": {
        "label": "getObservable",
        "type": "Invocation"
      },
      "location-before-char-start": 2610,
      "location-before-char-end": 2656,
      "node-str": "getObservable"
    },
    {
      "type": "delete-node",
      "node": {
        "label": "worker",
        "type": "VariableRead"
      },
      "location-before-char-start": 2668,
      "location-before-char-end": 2673,
      "node-str": "worker"
    },
    {
      "type": "delete-node",
      "node": {
        "label": "setWorker",
        "type": "Invocation"
      },
      "location-before-char-start": 2610,
      "location-before-char-end": 2675,
      "node-str": "setWorker"
    },
    {
      "type": "delete-node",
      "node": {
        "label": "org.columba.addressbook.facade.IContactFacade",
        "type": "VARIABLE_TYPE"
      },
      "location-before-char-start": 0,
      "location-before-char-end": 0,
      "node-str": "org.columba.addressbook.facade.IContactFacade"
    },
    {
      "type": "delete-node",
      "node": {
        "label": "null",
        "type": "Literal"
      },
      "location-before-char-start": 2711,
      "location-before-char-end": 2714,
      "node-str": "null"
    },
    {
      "type": "delete-node",
      "node": {
        "label": "contactFacade",
        "type": "LocalVariable"
      },
      "location-before-char-start": 2680,
      "location-before-char-end": 2715,
      "node-str": "contactFacade"
    },
    {
      "type": "delete-node",
      "node": {
        "label": "org.columba.addressbook.facade.IModelFacade",
        "type": "VARIABLE_TYPE"
      },
      "location-before-char-start": 0,
      "location-before-char-end": 0,
      "node-str": "org.columba.addressbook.facade.IModelFacade"
    },
    {
      "type": "delete-node",
      "node": {
        "label": "null",
        "type": "Literal"
      },
      "location-before-char-start": 2746,
      "location-before-char-end": 2749,
      "node-str": "null"
    },
    {
      "type": "delete-node",
      "node": {
        "label": "modelFacade",
        "type": "LocalVariable"
      },
      "location-before-char-start": 2719,
      "location-before-char-end": 2750,
      "node-str": "modelFacade"
    },
    {
      "type": "delete-node",
      "node": {
        "label": "contactFacade",
        "type": "VariableWrite"
      },
      "location-before-char-start": 2763,
      "location-before-char-end": 2775,
      "node-str": "contactFacade"
    },
    {
      "type": "delete-node",
      "node": {
        "label": "org.columba.mail.connector.ServiceConnector",
        "type": "TypeAccess"
      },
      "location-before-char-start": 2779,
      "location-before-char-end": 2794,
      "node-str": "org.columba.mail.connector.ServiceConnector"
    },
    {
      "type": "delete-node",
      "node": {
        "label": "getContactFacade",
        "type": "Invocation"
      },
      "location-before-char-start": 2779,
      "location-before-char-end": 2813,
      "node-str": "getContactFacade"
    },
    {
      "type": "delete-node",
      "node": {
        "label": "\u003d",
        "type": "Assignment"
      },
      "location-before-char-start": 2763,
      "location-before-char-end": 2814,
      "node-str": "\u003d"
    },
    {
      "type": "delete-node",
      "node": {
        "label": "modelFacade",
        "type": "VariableWrite"
      },
      "location-before-char-start": 2819,
      "location-before-char-end": 2829,
      "node-str": "modelFacade"
    },
    {
      "type": "delete-node",
      "node": {
        "label": "org.columba.mail.connector.ServiceConnector",
        "type": "TypeAccess"
      },
      "location-before-char-start": 2833,
      "location-before-char-end": 2848,
      "node-str": "org.columba.mail.connector.ServiceConnector"
    },
    {
      "type": "delete-node",
      "node": {
        "label": "getModelFacade",
        "type": "Invocation"
      },
      "location-before-char-start": 2833,
      "location-before-char-end": 2865,
      "node-str": "getModelFacade"
    },
    {
      "type": "delete-node",
      "node": {
        "label": "\u003d",
        "type": "Assignment"
      },
      "location-before-char-start": 2819,
      "location-before-char-end": 2866,
      "node-str": "\u003d"
    },
    {
      "type": "delete-node",
      "node": {
        "label": "org.columba.api.exception.ServiceNotFoundException",
        "type": "VARIABLE_TYPE"
      },
      "location-before-char-start": 0,
      "location-before-char-end": 0,
      "node-str": "org.columba.api.exception.ServiceNotFoundException"
    },
    {
      "type": "delete-node",
      "node": {
        "label": "e",
        "type": "CatchVariable"
      },
      "location-before-char-start": 2879,
      "location-before-char-end": 2904,
      "node-str": "e"
    },
    {
      "type": "delete-node",
      "node": {
        "label": "e",
        "type": "VariableRead"
      },
      "location-before-char-start": 2912,
      "location-before-char-end": 2912,
      "node-str": "e"
    },
    {
      "type": "delete-node",
      "node": {
        "label": "printStackTrace",
        "type": "Invocation"
      },
      "location-before-char-start": 2912,
      "location-before-char-end": 2931,
      "node-str": "printStackTrace"
    },
    {
      "type": "delete-node",
      "node": {
        "label": "return",
        "type": "Return"
      },
      "location-before-char-start": 2936,
      "location-before-char-end": 2942,
      "node-str": "return"
    },
    {
      "type": "delete-node",
      "node": {
        "label": "",
        "type": "Catch"
      },
      "location-before-char-start": 2871,
      "location-before-char-end": 2946,
      "node-str": ""
    },
    {
      "type": "delete-node",
      "node": {
        "label": "",
        "type": "Try"
      },
      "location-before-char-start": 2754,
      "location-before-char-end": 2946,
      "node-str": ""
    },
    {
      "type": "delete-node",
      "node": {
        "label": "java.util.List",
        "type": "VARIABLE_TYPE"
      },
      "location-before-char-start": 0,
      "location-before-char-end": 0,
      "node-str": "java.util.List"
    },
    {
      "type": "delete-node",
      "node": {
        "label": "java.util.ArrayList()",
        "type": "ConstructorCall"
      },
      "location-before-char-start": 2976,
      "location-before-char-end": 2998,
      "node-str": "java.util.ArrayList()"
    },
    {
      "type": "delete-node",
      "node": {
        "label": "addresses",
        "type": "LocalVariable"
      },
      "location-before-char-start": 2951,
      "location-before-char-end": 2999,
      "node-str": "addresses"
    },
    {
      "type": "delete-node",
      "node": {
        "label": "java.util.Iterator",
        "type": "VARIABLE_TYPE"
      },
      "location-before-char-start": 0,
      "location-before-char-end": 0,
      "node-str": "java.util.Iterator"
    },
    {
      "type": "delete-node",
      "node": {
        "label": "addresses",
        "type": "VariableRead"
      },
      "location-before-char-start": 3607,
      "location-before-char-end": 3615,
      "node-str": "addresses"
    },
    {
      "type": "delete-node",
      "node": {
        "label": "listIterator",
        "type": "Invocation"
      },
      "location-before-char-start": 3607,
      "location-before-char-end": 3630,
      "node-str": "listIterator"
    },
    {
      "type": "delete-node",
      "node": {
        "label": "it",
        "type": "LocalVariable"
      },
      "location-before-char-start": 3585,
      "location-before-char-end": 3631,
      "node-str": "it"
    },
    {
      "type": "delete-node",
      "node": {
        "label": "java.util.List",
        "type": "VARIABLE_TYPE"
      },
      "location-before-char-start": 0,
      "location-before-char-end": 0,
      "node-str": "java.util.List"
    },
    {
      "type": "delete-node",
      "node": {
        "label": "java.util.ArrayList()",
        "type": "ConstructorCall"
      },
      "location-before-char-start": 3669,
      "location-before-char-end": 3697,
      "node-str": "java.util.ArrayList()"
    },
    {
      "type": "delete-node",
      "node": {
        "label": "contactItems",
        "type": "LocalVariable"
      },
      "location-before-char-start": 3635,
      "location-before-char-end": 3698,
      "node-str": "contactItems"
    },
    {
      "type": "delete-node",
      "node": {
        "label": "it",
        "type": "VariableRead"
      },
      "location-before-char-start": 3709,
      "location-before-char-end": 3710,
      "node-str": "it"
    },
    {
      "type": "delete-node",
      "node": {
        "label": "hasNext",
        "type": "Invocation"
      },
      "location-before-char-start": 3709,
      "location-before-char-end": 3720,
      "node-str": "hasNext"
    },
    {
      "type": "delete-node",
      "node": {
        "label": "java.lang.String",
        "type": "VARIABLE_TYPE"
      },
      "location-before-char-start": 0,
      "location-before-char-end": 0,
      "node-str": "java.lang.String"
    },
    {
      "type": "delete-node",
      "node": {
        "label": "it",
        "type": "VariableRead"
      },
      "location-before-char-start": 3755,
      "location-before-char-end": 3756,
      "node-str": "it"
    },
    {
      "type": "delete-node",
      "node": {
        "label": "next",
        "type": "Invocation"
      },
      "location-before-char-start": 3755,
      "location-before-char-end": 3763,
      "node-str": "next"
    },
    {
      "type": "delete-node",
      "node": {
        "label": "addrStr",
        "type": "LocalVariable"
      },
      "location-before-char-start": 3738,
      "location-before-char-end": 3764,
      "node-str": "addrStr"
    },
    {
      "type": "delete-node",
      "node": {
        "label": "addrStr",
        "type": "VariableRead"
      },
      "location-before-char-start": 3774,
      "location-before-char-end": 3780,
      "node-str": "addrStr"
    },
    {
      "type": "delete-node",
      "node": {
        "label": "null",
        "type": "Literal"
      },
      "location-before-char-start": 3785,
      "location-before-char-end": 3788,
      "node-str": "null"
    },
    {
      "type": "delete-node",
      "node": {
        "label": "EQ",
        "type": "BinaryOperator"
      },
      "location-before-char-start": 3774,
      "location-before-char-end": 3788,
      "node-str": "EQ"
    },
    {
      "type": "delete-node",
      "node": {
        "label": "continue",
        "type": "Continue"
      },
      "location-before-char-start": 3796,
      "location-before-char-end": 3804,
      "node-str": "continue"
    },
    {
      "type": "delete-node",
      "node": {
        "label": "THEN",
        "type": "then"
      },
      "location-before-char-start": 3796,
      "location-before-char-end": 3804,
      "node-str": "THEN"
    },
    {
      "type": "delete-node",
      "node": {
        "label": "if",
        "type": "If"
      },
      "location-before-char-start": 3770,
      "location-before-char-end": 3804,
      "node-str": "if"
    },
    {
      "type": "delete-node",
      "node": {
        "label": "org.columba.ristretto.message.Address",
        "type": "VARIABLE_TYPE"
      },
      "location-before-char-start": 0,
      "location-before-char-end": 0,
      "node-str": "org.columba.ristretto.message.Address"
    },
    {
      "type": "delete-node",
      "node": {
        "label": "org.columba.ristretto.message.Address",
        "type": "TypeAccess"
      },
      "location-before-char-start": 3828,
      "location-before-char-end": 3834,
      "node-str": "org.columba.ristretto.message.Address"
    },
    {
      "type": "delete-node",
      "node": {
        "label": "addrStr",
        "type": "VariableRead"
      },
      "location-before-char-start": 3842,
      "location-before-char-end": 3848,
      "node-str": "addrStr"
    },
    {
      "type": "delete-node",
      "node": {
        "label": "parse",
        "type": "Invocation"
      },
      "location-before-char-start": 3828,
      "location-before-char-end": 3849,
      "node-str": "parse"
    },
    {
      "type": "delete-node",
      "node": {
        "label": "address",
        "type": "LocalVariable"
      },
      "location-before-char-start": 3810,
      "location-before-char-end": 3850,
      "node-str": "address"
    },
    {
      "type": "delete-node",
      "node": {
        "label": "org.columba.addressbook.facade.IContactItem",
        "type": "VARIABLE_TYPE"
      },
      "location-before-char-start": 0,
      "location-before-char-end": 0,
      "node-str": "org.columba.addressbook.facade.IContactItem"
    },
    {
      "type": "delete-node",
      "node": {
        "label": "modelFacade",
        "type": "VariableRead"
      },
      "location-before-char-start": 3918,
      "location-before-char-end": 3928,
      "node-str": "modelFacade"
    },
    {
      "type": "delete-node",
      "node": {
        "label": "createContactItem",
        "type": "Invocation"
      },
      "location-before-char-start": 3918,
      "location-before-char-end": 3948,
      "node-str": "createContactItem"
    },
    {
      "type": "delete-node",
      "node": {
        "label": "contactItem",
        "type": "LocalVariable"
      },
      "location-before-char-start": 3891,
      "location-before-char-end": 3949,
      "node-str": "contactItem"
    },
    {
      "type": "delete-node",
      "node": {
        "label": "org.columba.addressbook.facade.FacadeUtil",
        "type": "TypeAccess"
      },
      "location-before-char-start": 3955,
      "location-before-char-end": 3964,
      "node-str": "org.columba.addressbook.facade.FacadeUtil"
    },
    {
      "type": "delete-node",
      "node": {
        "label": "getInstance",
        "type": "Invocation"
      },
      "location-before-char-start": 3955,
      "location-before-char-end": 3978,
      "node-str": "getInstance"
    },
    {
      "type": "delete-node",
      "node": {
        "label": "contactItem",
        "type": "VariableRead"
      },
      "location-before-char-start": 3996,
      "location-before-char-end": 4006,
      "node-str": "contactItem"
    },
    {
      "type": "delete-node",
      "node": {
        "label": "address",
        "type": "VariableRead"
      },
      "location-before-char-start": 4009,
      "location-before-char-end": 4015,
      "node-str": "address"
    },
    {
      "type": "delete-node",
      "node": {
        "label": "getDisplayName",
        "type": "Invocation"
      },
      "location-before-char-start": 4009,
      "location-before-char-end": 4032,
      "node-str": "getDisplayName"
    },
    {
      "type": "delete-node",
      "node": {
        "label": "address",
        "type": "VariableRead"
      },
      "location-before-char-start": 4035,
      "location-before-char-end": 4041,
      "node-str": "address"
    },
    {
      "type": "delete-node",
      "node": {
        "label": "getMailAddress",
        "type": "Invocation"
      },
      "location-before-char-start": 4035,
      "location-before-char-end": 4058,
      "node-str": "getMailAddress"
    },
    {
      "type": "delete-node",
      "node": {
        "label": "initContactItem",
        "type": "Invocation"
      },
      "location-before-char-start": 3955,
      "location-before-char-end": 4060,
      "node-str": "initContactItem"
    },
    {
      "type": "delete-node",
      "node": {
        "label": "contactItems",
        "type": "VariableRead"
      },
      "location-before-char-start": 4066,
      "location-before-char-end": 4077,
      "node-str": "contactItems"
    },
    {
      "type": "delete-node",
      "node": {
        "label": "contactItem",
        "type": "VariableRead"
      },
      "location-before-char-start": 4083,
      "location-before-char-end": 4093,
      "node-str": "contactItem"
    },
    {
      "type": "delete-node",
      "node": {
        "label": "add",
        "type": "Invocation"
      },
      "location-before-char-start": 4066,
      "location-before-char-end": 4095,
      "node-str": "add"
    },
    {
      "type": "delete-node",
      "node": {
        "label": "org.columba.ristretto.parser.ParserException",
        "type": "VARIABLE_TYPE"
      },
      "location-before-char-start": 0,
      "location-before-char-end": 0,
      "node-str": "org.columba.ristretto.parser.ParserException"
    },
    {
      "type": "delete-node",
      "node": {
        "label": "e",
        "type": "CatchVariable"
      },
      "location-before-char-start": 4109,
      "location-before-char-end": 4125,
      "node-str": "e"
    },
    {
      "type": "delete-node",
      "node": {
        "label": "e",
        "type": "VariableRead"
      },
      "location-before-char-start": 4134,
      "location-before-char-end": 4134,
      "node-str": "e"
    },
    {
      "type": "delete-node",
      "node": {
        "label": "printStackTrace",
        "type": "Invocation"
      },
      "location-before-char-start": 4134,
      "location-before-char-end": 4153,
      "node-str": "printStackTrace"
    },
    {
      "type": "delete-node",
      "node": {
        "label": "",
        "type": "Catch"
      },
      "location-before-char-start": 4101,
      "location-before-char-end": 4158,
      "node-str": ""
    },
    {
      "type": "delete-node",
      "node": {
        "label": "org.columba.api.exception.StoreException",
        "type": "VARIABLE_TYPE"
      },
      "location-before-char-start": 0,
      "location-before-char-end": 0,
      "node-str": "org.columba.api.exception.StoreException"
    },
    {
      "type": "delete-node",
      "node": {
        "label": "e",
        "type": "CatchVariable"
      },
      "location-before-char-start": 4167,
      "location-before-char-end": 4182,
      "node-str": "e"
    },
    {
      "type": "delete-node",
      "node": {
        "label": "e",
        "type": "VariableRead"
      },
      "location-before-char-start": 4191,
      "location-before-char-end": 4191,
      "node-str": "e"
    },
    {
      "type": "delete-node",
      "node": {
        "label": "printStackTrace",
        "type": "Invocation"
      },
      "location-before-char-start": 4191,
      "location-before-char-end": 4210,
      "node-str": "printStackTrace"
    },
    {
      "type": "delete-node",
      "node": {
        "label": "",
        "type": "Catch"
      },
      "location-before-char-start": 4159,
      "location-before-char-end": 4215,
      "node-str": ""
    },
    {
      "type": "delete-node",
      "node": {
        "label": "",
        "type": "Try"
      },
      "location-before-char-start": 3728,
      "location-before-char-end": 4215,
      "node-str": ""
    },
    {
      "type": "delete-node",
      "node": {
        "label": "while",
        "type": "While"
      },
      "location-before-char-start": 3702,
      "location-before-char-end": 4219,
      "node-str": "while"
    }
  ],
  "before-file": {},
  "after-file": {},
  "mapping": {}
}