{
  "tool-info": {},
  "diff": [
    {
      "type": "insert-node",
      "node": {
        "label": "performOk",
        "type": "Method"
      },
      "location-after-char-start": 33819,
      "location-after-char-end": 38376,
      "node-str": "performOk"
    },
    {
      "type": "insert-node",
      "node": {
        "label": "\u003d",
        "type": "Assignment"
      },
      "location-after-char-start": 7429,
      "location-after-char-end": 7518,
      "node-str": "\u003d"
    },
    {
      "type": "insert-node",
      "node": {
        "label": "\u003d",
        "type": "Assignment"
      },
      "location-after-char-start": 7522,
      "location-after-char-end": 7607,
      "node-str": "\u003d"
    },
    {
      "type": "update-node",
      "node": {
        "label": "internalStore",
        "type": "Parameter"
      },
      "location-before-char-start": 25908,
      "location-before-char-end": 25937,
      "location-after-char-start": 26004,
      "location-after-char-end": 26028,
      "node-str": "apiStore"
    },
    {
      "type": "update-node",
      "node": {
        "label": "internalStore",
        "type": "Parameter"
      },
      "location-before-char-start": 26449,
      "location-before-char-end": 26478,
      "location-after-char-start": 26535,
      "location-after-char-end": 26559,
      "node-str": "apiStore"
    },
    {
      "type": "insert-node",
      "node": {
        "label": "setEditorAlignDefault",
        "type": "Invocation"
      },
      "location-after-char-start": 33089,
      "location-after-char-end": 33120,
      "node-str": "setEditorAlignDefault"
    },
    {
      "type": "insert-node",
      "node": {
        "label": "setViewAlignDefault",
        "type": "Invocation"
      },
      "location-after-char-start": 33124,
      "location-after-char-end": 33153,
      "node-str": "setViewAlignDefault"
    },
    {
      "type": "move-subtree",
      "node": {
        "label": "boolean",
        "type": "RETURN_TYPE"
      },
      "location-before-char-start": 0,
      "location-before-char-end": 0,
      "location-after-char-start": 0,
      "location-after-char-end": 0,
      "node-str": "boolean"
    },
    {
      "type": "move-subtree",
      "node": {
        "label": "public",
        "type": "Modifier"
      },
      "location-before-char-start": 0,
      "location-before-char-end": 0,
      "location-after-char-start": 0,
      "location-after-char-end": 0,
      "node-str": "public"
    },
    {
      "type": "move-subtree",
      "node": {
        "label": "store",
        "type": "LocalVariable"
      },
      "location-before-char-start": 33830,
      "location-before-char-end": 33875,
      "location-after-char-start": 33935,
      "location-after-char-end": 33980,
      "node-str": "store"
    },
    {
      "type": "move-subtree",
      "node": {
        "label": "apiStore",
        "type": "LocalVariable"
      },
      "location-before-char-start": 33879,
      "location-before-char-end": 33939,
      "location-after-char-start": 33984,
      "location-after-char-end": 34044,
      "node-str": "apiStore"
    },
    {
      "type": "move-subtree",
      "node": {
        "label": "override",
        "type": "LocalVariable"
      },
      "location-before-char-start": 33943,
      "location-before-char-end": 34027,
      "location-after-char-start": 34048,
      "location-after-char-end": 34132,
      "node-str": "override"
    },
    {
      "type": "move-subtree",
      "node": {
        "label": "restart",
        "type": "LocalVariable"
      },
      "location-before-char-start": 34128,
      "location-before-char-end": 34177,
      "location-after-char-start": 34233,
      "location-after-char-end": 34282,
      "node-str": "restart"
    },
    {
      "type": "move-subtree",
      "node": {
        "label": "if",
        "type": "If"
      },
      "location-before-char-start": 34182,
      "location-before-char-end": 34480,
      "location-after-char-start": 34287,
      "location-after-char-end": 34585,
      "node-str": "if"
    },
    {
      "type": "insert-node",
      "node": {
        "label": "if",
        "type": "If"
      },
      "location-after-char-start": 34590,
      "location-after-char-end": 35113,
      "node-str": "if"
    },
    {
      "type": "insert-node",
      "node": {
        "label": "if",
        "type": "If"
      },
      "location-after-char-start": 35118,
      "location-after-char-end": 35609,
      "node-str": "if"
    },
    {
      "type": "move-subtree",
      "node": {
        "label": "if",
        "type": "If"
      },
      "location-before-char-start": 35463,
      "location-before-char-end": 35942,
      "location-after-char-start": 35614,
      "location-after-char-end": 36093,
      "node-str": "if"
    },
    {
      "type": "move-subtree",
      "node": {
        "label": "if",
        "type": "If"
      },
      "location-before-char-start": 35947,
      "location-before-char-end": 36211,
      "location-after-char-start": 36098,
      "location-after-char-end": 36362,
      "node-str": "if"
    },
    {
      "type": "move-subtree",
      "node": {
        "label": "idx",
        "type": "LocalVariable"
      },
      "location-before-char-start": 36216,
      "location-before-char-end": 36256,
      "location-after-char-start": 36367,
      "location-after-char-end": 36407,
      "node-str": "idx"
    },
    {
      "type": "move-subtree",
      "node": {
        "label": "if",
        "type": "If"
      },
      "location-before-char-start": 36260,
      "location-before-char-end": 36671,
      "location-after-char-start": 36411,
      "location-after-char-end": 36827,
      "node-str": "if"
    },
    {
      "type": "move-subtree",
      "node": {
        "label": "refreshThemeDescriptionText",
        "type": "Invocation"
      },
      "location-before-char-start": 36675,
      "location-before-char-end": 36704,
      "location-after-char-start": 36831,
      "location-after-char-end": 36860,
      "node-str": "refreshThemeDescriptionText"
    },
    {
      "type": "move-subtree",
      "node": {
        "label": "setValue",
        "type": "Invocation"
      },
      "location-before-char-start": 36711,
      "location-before-char-end": 36837,
      "location-after-char-start": 36865,
      "location-after-char-end": 36991,
      "node-str": "setValue"
    },
    {
      "type": "move-subtree",
      "node": {
        "label": "setValue",
        "type": "Invocation"
      },
      "location-before-char-start": 36841,
      "location-before-char-end": 36944,
      "location-after-char-start": 36995,
      "location-after-char-end": 37098,
      "node-str": "setValue"
    },
    {
      "type": "move-subtree",
      "node": {
        "label": "setValue",
        "type": "Invocation"
      },
      "location-before-char-start": 36948,
      "location-before-char-end": 37052,
      "location-after-char-start": 37102,
      "location-after-char-end": 37206,
      "node-str": "setValue"
    },
    {
      "type": "move-subtree",
      "node": {
        "label": "savePrefs",
        "type": "Invocation"
      },
      "location-before-char-start": 37057,
      "location-before-char-end": 37077,
      "location-after-char-start": 37211,
      "location-after-char-end": 37231,
      "node-str": "savePrefs"
    },
    {
      "type": "move-subtree",
      "node": {
        "label": "if",
        "type": "If"
      },
      "location-before-char-start": 37165,
      "location-before-char-end": 38197,
      "location-after-char-start": 37319,
      "location-after-char-end": 38358,
      "node-str": "if"
    },
    {
      "type": "move-subtree",
      "node": {
        "label": "return",
        "type": "Return"
      },
      "location-before-char-start": 38201,
      "location-before-char-end": 38212,
      "location-after-char-start": 38362,
      "location-after-char-end": 38373,
      "node-str": "return"
    },
    {
      "type": "move-subtree",
      "node": {
        "label": "editorAlignment",
        "type": "FieldWrite"
      },
      "location-before-char-start": 7468,
      "location-before-char-end": 7482,
      "location-after-char-start": 7429,
      "location-after-char-end": 7443,
      "node-str": "editorAlignment"
    },
    {
      "type": "insert-node",
      "node": {
        "label": "getInt",
        "type": "Invocation"
      },
      "location-after-char-start": 7447,
      "location-after-char-end": 7517,
      "node-str": "getInt"
    },
    {
      "type": "move-subtree",
      "node": {
        "label": "viewAlignment",
        "type": "FieldWrite"
      },
      "location-before-char-start": 7566,
      "location-before-char-end": 7578,
      "location-after-char-start": 7522,
      "location-after-char-end": 7534,
      "node-str": "viewAlignment"
    },
    {
      "type": "insert-node",
      "node": {
        "label": "getInt",
        "type": "Invocation"
      },
      "location-after-char-start": 7538,
      "location-after-char-end": 7606,
      "node-str": "getInt"
    },
    {
      "type": "update-node",
      "node": {
        "label": "internalStore",
        "type": "VariableRead"
      },
      "location-before-char-start": 24898,
      "location-before-char-end": 24910,
      "location-after-char-start": 24928,
      "location-after-char-end": 24935,
      "node-str": "apiStore"
    },
    {
      "type": "update-node",
      "node": {
        "label": "internalStore",
        "type": "VariableRead"
      },
      "location-before-char-start": 24936,
      "location-before-char-end": 24948,
      "location-after-char-start": 24961,
      "location-after-char-end": 24968,
      "node-str": "apiStore"
    },
    {
      "type": "move-subtree",
      "node": {
        "label": "org.eclipse.ui.internal.dialogs.ViewsPreferencePage",
        "type": "TypeAccess"
      },
      "location-before-char-start": 0,
      "location-before-char-end": 0,
      "location-after-char-start": 0,
      "location-after-char-end": 0,
      "node-str": "org.eclipse.ui.internal.dialogs.ViewsPreferencePage"
    },
    {
      "type": "insert-node",
      "node": {
        "label": "apiStore",
        "type": "VariableRead"
      },
      "location-after-char-start": 33111,
      "location-after-char-end": 33118,
      "node-str": "apiStore"
    },
    {
      "type": "move-subtree",
      "node": {
        "label": "org.eclipse.ui.internal.dialogs.ViewsPreferencePage",
        "type": "TypeAccess"
      },
      "location-before-char-start": 0,
      "location-before-char-end": 0,
      "location-after-char-start": 0,
      "location-after-char-end": 0,
      "node-str": "org.eclipse.ui.internal.dialogs.ViewsPreferencePage"
    },
    {
      "type": "insert-node",
      "node": {
        "label": "apiStore",
        "type": "VariableRead"
      },
      "location-after-char-start": 33144,
      "location-after-char-end": 33151,
      "node-str": "apiStore"
    },
    {
      "type": "move-subtree",
      "node": {
        "label": "editorAlignmentChanged",
        "type": "FieldRead"
      },
      "location-before-char-start": 34489,
      "location-before-char-end": 34510,
      "location-after-char-start": 34594,
      "location-after-char-end": 34615,
      "node-str": "editorAlignmentChanged"
    },
    {
      "type": "insert-node",
      "node": {
        "label": "THEN",
        "type": "then"
      },
      "location-after-char-start": 34618,
      "location-after-char-end": 35113,
      "node-str": "THEN"
    },
    {
      "type": "move-subtree",
      "node": {
        "label": "viewAlignmentChanged",
        "type": "FieldRead"
      },
      "location-before-char-start": 34987,
      "location-before-char-end": 35006,
      "location-after-char-start": 35122,
      "location-after-char-end": 35141,
      "node-str": "viewAlignmentChanged"
    },
    {
      "type": "insert-node",
      "node": {
        "label": "THEN",
        "type": "then"
      },
      "location-after-char-start": 35144,
      "location-after-char-end": 35609,
      "node-str": "THEN"
    },
    {
      "type": "insert-node",
      "node": {
        "label": "apiStore",
        "type": "VariableRead"
      },
      "location-after-char-start": 7447,
      "location-after-char-end": 7454,
      "node-str": "apiStore"
    },
    {
      "type": "move-subtree",
      "node": {
        "label": "IWorkbenchPreferenceConstants.EDITOR_TAB_POSITION",
        "type": "TypeAccess"
      },
      "location-before-char-start": 7512,
      "location-before-char-end": 7560,
      "location-after-char-start": 7468,
      "location-after-char-end": 7516,
      "node-str": "IWorkbenchPreferenceConstants.EDITOR_TAB_POSITION"
    },
    {
      "type": "insert-node",
      "node": {
        "label": "apiStore",
        "type": "VariableRead"
      },
      "location-after-char-start": 7538,
      "location-after-char-end": 7545,
      "node-str": "apiStore"
    },
    {
      "type": "move-subtree",
      "node": {
        "label": "IWorkbenchPreferenceConstants.VIEW_TAB_POSITION",
        "type": "TypeAccess"
      },
      "location-before-char-start": 7608,
      "location-before-char-end": 7654,
      "location-after-char-start": 7559,
      "location-after-char-end": 7605,
      "node-str": "IWorkbenchPreferenceConstants.VIEW_TAB_POSITION"
    },
    {
      "type": "update-node",
      "node": {
        "label": "internalStore",
        "type": "VariableRead"
      },
      "location-before-char-start": 26048,
      "location-before-char-end": 26060,
      "location-after-char-start": 26139,
      "location-after-char-end": 26146,
      "node-str": "apiStore"
    },
    {
      "type": "update-node",
      "node": {
        "label": "internalStore",
        "type": "VariableRead"
      },
      "location-before-char-start": 26623,
      "location-before-char-end": 26635,
      "location-after-char-start": 26704,
      "location-after-char-end": 26711,
      "node-str": "apiStore"
    },
    {
      "type": "insert-node",
      "node": {
        "label": "if",
        "type": "If"
      },
      "location-after-char-start": 34623,
      "location-after-char-end": 35090,
      "node-str": "if"
    },
    {
      "type": "move-subtree",
      "node": {
        "label": "\u003d",
        "type": "Assignment"
      },
      "location-before-char-start": 34960,
      "location-before-char-end": 34974,
      "location-after-char-start": 35095,
      "location-after-char-end": 35109,
      "node-str": "\u003d"
    },
    {
      "type": "insert-node",
      "node": {
        "label": "if",
        "type": "If"
      },
      "location-after-char-start": 35149,
      "location-after-char-end": 35586,
      "node-str": "if"
    },
    {
      "type": "move-subtree",
      "node": {
        "label": "\u003d",
        "type": "Assignment"
      },
      "location-before-char-start": 35440,
      "location-before-char-end": 35454,
      "location-after-char-start": 35591,
      "location-after-char-end": 35605,
      "node-str": "\u003d"
    },
    {
      "type": "move-subtree",
      "node": {
        "label": "EQ",
        "type": "BinaryOperator"
      },
      "location-before-char-start": 34522,
      "location-before-char-end": 34555,
      "location-after-char-start": 34627,
      "location-after-char-end": 34660,
      "node-str": "EQ"
    },
    {
      "type": "insert-node",
      "node": {
        "label": "THEN",
        "type": "then"
      },
      "location-after-char-start": 34663,
      "location-after-char-end": 34753,
      "node-str": "THEN"
    },
    {
      "type": "insert-node",
      "node": {
        "label": "ELSE",
        "type": "else"
      },
      "location-after-char-start": 34760,
      "location-after-char-end": 35090,
      "node-str": "ELSE"
    },
    {
      "type": "move-subtree",
      "node": {
        "label": "EQ",
        "type": "BinaryOperator"
      },
      "location-before-char-start": 35018,
      "location-before-char-end": 35049,
      "location-after-char-start": 35153,
      "location-after-char-end": 35184,
      "node-str": "EQ"
    },
    {
      "type": "insert-node",
      "node": {
        "label": "THEN",
        "type": "then"
      },
      "location-after-char-start": 35187,
      "location-after-char-end": 35275,
      "node-str": "THEN"
    },
    {
      "type": "insert-node",
      "node": {
        "label": "ELSE",
        "type": "else"
      },
      "location-after-char-start": 35282,
      "location-after-char-end": 35586,
      "node-str": "ELSE"
    },
    {
      "type": "insert-node",
      "node": {
        "label": "setToDefault",
        "type": "Invocation"
      },
      "location-after-char-start": 34669,
      "location-after-char-end": 34748,
      "node-str": "setToDefault"
    },
    {
      "type": "insert-node",
      "node": {
        "label": "if",
        "type": "If"
      },
      "location-after-char-start": 34760,
      "location-after-char-end": 35090,
      "node-str": "if"
    },
    {
      "type": "insert-node",
      "node": {
        "label": "setToDefault",
        "type": "Invocation"
      },
      "location-after-char-start": 35193,
      "location-after-char-end": 35270,
      "node-str": "setToDefault"
    },
    {
      "type": "insert-node",
      "node": {
        "label": "if",
        "type": "If"
      },
      "location-after-char-start": 35282,
      "location-after-char-end": 35586,
      "node-str": "if"
    },
    {
      "type": "insert-node",
      "node": {
        "label": "apiStore",
        "type": "VariableRead"
      },
      "location-after-char-start": 34669,
      "location-after-char-end": 34676,
      "node-str": "apiStore"
    },
    {
      "type": "move-subtree",
      "node": {
        "label": "IWorkbenchPreferenceConstants.EDITOR_TAB_POSITION",
        "type": "TypeAccess"
      },
      "location-before-char-start": 34583,
      "location-before-char-end": 34631,
      "location-after-char-start": 34698,
      "location-after-char-end": 34746,
      "node-str": "IWorkbenchPreferenceConstants.EDITOR_TAB_POSITION"
    },
    {
      "type": "move-subtree",
      "node": {
        "label": "NOT",
        "type": "UnaryOperator"
      },
      "location-before-char-start": 34649,
      "location-before-char-end": 34657,
      "location-after-char-start": 34764,
      "location-after-char-end": 34772,
      "node-str": "NOT"
    },
    {
      "type": "insert-node",
      "node": {
        "label": "THEN",
        "type": "then"
      },
      "location-after-char-start": 34775,
      "location-after-char-end": 34929,
      "node-str": "THEN"
    },
    {
      "type": "insert-node",
      "node": {
        "label": "ELSE",
        "type": "else"
      },
      "location-after-char-start": 34936,
      "location-after-char-end": 35090,
      "node-str": "ELSE"
    },
    {
      "type": "insert-node",
      "node": {
        "label": "apiStore",
        "type": "VariableRead"
      },
      "location-after-char-start": 35193,
      "location-after-char-end": 35200,
      "node-str": "apiStore"
    },
    {
      "type": "move-subtree",
      "node": {
        "label": "IWorkbenchPreferenceConstants.VIEW_TAB_POSITION",
        "type": "TypeAccess"
      },
      "location-before-char-start": 35077,
      "location-before-char-end": 35123,
      "location-after-char-start": 35222,
      "location-after-char-end": 35268,
      "node-str": "IWorkbenchPreferenceConstants.VIEW_TAB_POSITION"
    },
    {
      "type": "move-subtree",
      "node": {
        "label": "NOT",
        "type": "UnaryOperator"
      },
      "location-before-char-start": 35141,
      "location-before-char-end": 35149,
      "location-after-char-start": 35286,
      "location-after-char-end": 35294,
      "node-str": "NOT"
    },
    {
      "type": "insert-node",
      "node": {
        "label": "THEN",
        "type": "then"
      },
      "location-after-char-start": 35297,
      "location-after-char-end": 35438,
      "node-str": "THEN"
    },
    {
      "type": "insert-node",
      "node": {
        "label": "ELSE",
        "type": "else"
      },
      "location-after-char-start": 35445,
      "location-after-char-end": 35586,
      "node-str": "ELSE"
    },
    {
      "type": "insert-node",
      "node": {
        "label": "setValue",
        "type": "Invocation"
      },
      "location-after-char-start": 34826,
      "location-after-char-end": 34924,
      "node-str": "setValue"
    },
    {
      "type": "insert-node",
      "node": {
        "label": "setValue",
        "type": "Invocation"
      },
      "location-after-char-start": 34987,
      "location-after-char-end": 35085,
      "node-str": "setValue"
    },
    {
      "type": "insert-node",
      "node": {
        "label": "setValue",
        "type": "Invocation"
      },
      "location-after-char-start": 35346,
      "location-after-char-end": 35433,
      "node-str": "setValue"
    },
    {
      "type": "insert-node",
      "node": {
        "label": "setValue",
        "type": "Invocation"
      },
      "location-after-char-start": 35494,
      "location-after-char-end": 35581,
      "node-str": "setValue"
    },
    {
      "type": "insert-node",
      "node": {
        "label": "apiStore",
        "type": "VariableRead"
      },
      "location-after-char-start": 34826,
      "location-after-char-end": 34833,
      "node-str": "apiStore"
    },
    {
      "type": "move-subtree",
      "node": {
        "label": "IWorkbenchPreferenceConstants.EDITOR_TAB_POSITION",
        "type": "TypeAccess"
      },
      "location-before-char-start": 34726,
      "location-before-char-end": 34774,
      "location-after-char-start": 34851,
      "location-after-char-end": 34899,
      "node-str": "IWorkbenchPreferenceConstants.EDITOR_TAB_POSITION"
    },
    {
      "type": "move-subtree",
      "node": {
        "label": "editorAlignment",
        "type": "FieldRead"
      },
      "location-before-char-start": 34783,
      "location-before-char-end": 34797,
      "location-after-char-start": 34908,
      "location-after-char-end": 34922,
      "node-str": "editorAlignment"
    },
    {
      "type": "insert-node",
      "node": {
        "label": "apiStore",
        "type": "VariableRead"
      },
      "location-after-char-start": 34987,
      "location-after-char-end": 34994,
      "node-str": "apiStore"
    },
    {
      "type": "move-subtree",
      "node": {
        "label": "IWorkbenchPreferenceConstants.EDITOR_TAB_POSITION",
        "type": "TypeAccess"
      },
      "location-before-char-start": 34877,
      "location-before-char-end": 34925,
      "location-after-char-start": 35012,
      "location-after-char-end": 35060,
      "node-str": "IWorkbenchPreferenceConstants.EDITOR_TAB_POSITION"
    },
    {
      "type": "move-subtree",
      "node": {
        "label": "editorAlignment",
        "type": "FieldRead"
      },
      "location-before-char-start": 34934,
      "location-before-char-end": 34948,
      "location-after-char-start": 35069,
      "location-after-char-end": 35083,
      "node-str": "editorAlignment"
    },
    {
      "type": "insert-node",
      "node": {
        "label": "apiStore",
        "type": "VariableRead"
      },
      "location-after-char-start": 35346,
      "location-after-char-end": 35353,
      "node-str": "apiStore"
    },
    {
      "type": "move-subtree",
      "node": {
        "label": "IWorkbenchPreferenceConstants.VIEW_TAB_POSITION",
        "type": "TypeAccess"
      },
      "location-before-char-start": 35216,
      "location-before-char-end": 35262,
      "location-after-char-start": 35364,
      "location-after-char-end": 35410,
      "node-str": "IWorkbenchPreferenceConstants.VIEW_TAB_POSITION"
    },
    {
      "type": "move-subtree",
      "node": {
        "label": "viewAlignment",
        "type": "FieldRead"
      },
      "location-before-char-start": 35271,
      "location-before-char-end": 35283,
      "location-after-char-start": 35419,
      "location-after-char-end": 35431,
      "node-str": "viewAlignment"
    },
    {
      "type": "insert-node",
      "node": {
        "label": "apiStore",
        "type": "VariableRead"
      },
      "location-after-char-start": 35494,
      "location-after-char-end": 35501,
      "node-str": "apiStore"
    },
    {
      "type": "move-subtree",
      "node": {
        "label": "IWorkbenchPreferenceConstants.VIEW_TAB_POSITION",
        "type": "TypeAccess"
      },
      "location-before-char-start": 35361,
      "location-before-char-end": 35407,
      "location-after-char-start": 35512,
      "location-after-char-end": 35558,
      "node-str": "IWorkbenchPreferenceConstants.VIEW_TAB_POSITION"
    },
    {
      "type": "move-subtree",
      "node": {
        "label": "viewAlignment",
        "type": "FieldRead"
      },
      "location-before-char-start": 35416,
      "location-before-char-end": 35428,
      "location-after-char-start": 35567,
      "location-after-char-end": 35579,
      "node-str": "viewAlignment"
    },
    {
      "type": "delete-node",
      "node": {
        "label": "org.eclipse.jface.preference.IPreferenceStore",
        "type": "VARIABLE_TYPE"
      },
      "location-before-char-start": 0,
      "location-before-char-end": 0,
      "node-str": "org.eclipse.jface.preference.IPreferenceStore"
    },
    {
      "type": "delete-node",
      "node": {
        "label": "org.eclipse.ui.internal.util.PrefUtil",
        "type": "TypeAccess"
      },
      "location-before-char-start": 7362,
      "location-before-char-end": 7369,
      "node-str": "org.eclipse.ui.internal.util.PrefUtil"
    },
    {
      "type": "delete-node",
      "node": {
        "label": "getInternalPreferenceStore",
        "type": "Invocation"
      },
      "location-before-char-start": 7362,
      "location-before-char-end": 7398,
      "node-str": "getInternalPreferenceStore"
    },
    {
      "type": "delete-node",
      "node": {
        "label": "internalStore",
        "type": "LocalVariable"
      },
      "location-before-char-start": 7329,
      "location-before-char-end": 7399,
      "node-str": "internalStore"
    },
    {
      "type": "delete-node",
      "node": {
        "label": "internalStore",
        "type": "VariableRead"
      },
      "location-before-char-start": 7486,
      "location-before-char-end": 7498,
      "node-str": "internalStore"
    },
    {
      "type": "delete-node",
      "node": {
        "label": "getInt",
        "type": "Invocation"
      },
      "location-before-char-start": 7486,
      "location-before-char-end": 7561,
      "node-str": "getInt"
    },
    {
      "type": "delete-node",
      "node": {
        "label": "\u003d",
        "type": "Assignment"
      },
      "location-before-char-start": 7468,
      "location-before-char-end": 7562,
      "node-str": "\u003d"
    },
    {
      "type": "delete-node",
      "node": {
        "label": "internalStore",
        "type": "VariableRead"
      },
      "location-before-char-start": 7582,
      "location-before-char-end": 7594,
      "node-str": "internalStore"
    },
    {
      "type": "delete-node",
      "node": {
        "label": "getInt",
        "type": "Invocation"
      },
      "location-before-char-start": 7582,
      "location-before-char-end": 7655,
      "node-str": "getInt"
    },
    {
      "type": "delete-node",
      "node": {
        "label": "\u003d",
        "type": "Assignment"
      },
      "location-before-char-start": 7566,
      "location-before-char-end": 7656,
      "node-str": "\u003d"
    },
    {
      "type": "delete-node",
      "node": {
        "label": "org.eclipse.jface.preference.IPreferenceStore",
        "type": "VARIABLE_TYPE"
      },
      "location-before-char-start": 0,
      "location-before-char-end": 0,
      "node-str": "org.eclipse.jface.preference.IPreferenceStore"
    },
    {
      "type": "delete-node",
      "node": {
        "label": "org.eclipse.ui.internal.util.PrefUtil",
        "type": "TypeAccess"
      },
      "location-before-char-start": 24649,
      "location-before-char-end": 24656,
      "node-str": "org.eclipse.ui.internal.util.PrefUtil"
    },
    {
      "type": "delete-node",
      "node": {
        "label": "getInternalPreferenceStore",
        "type": "Invocation"
      },
      "location-before-char-start": 24649,
      "location-before-char-end": 24685,
      "node-str": "getInternalPreferenceStore"
    },
    {
      "type": "delete-node",
      "node": {
        "label": "internalStore",
        "type": "LocalVariable"
      },
      "location-before-char-start": 24616,
      "location-before-char-end": 24686,
      "node-str": "internalStore"
    },
    {
      "type": "delete-node",
      "node": {
        "label": "store",
        "type": "VariableRead"
      },
      "location-before-char-start": 33008,
      "location-before-char-end": 33012,
      "node-str": "store"
    },
    {
      "type": "delete-node",
      "node": {
        "label": "setEditorAlignDefault",
        "type": "Invocation"
      },
      "location-before-char-start": 32986,
      "location-before-char-end": 33014,
      "node-str": "setEditorAlignDefault"
    },
    {
      "type": "delete-node",
      "node": {
        "label": "store",
        "type": "VariableRead"
      },
      "location-before-char-start": 33038,
      "location-before-char-end": 33042,
      "node-str": "store"
    },
    {
      "type": "delete-node",
      "node": {
        "label": "setViewAlignDefault",
        "type": "Invocation"
      },
      "location-before-char-start": 33018,
      "location-before-char-end": 33044,
      "node-str": "setViewAlignDefault"
    },
    {
      "type": "delete-node",
      "node": {
        "label": "store",
        "type": "VariableRead"
      },
      "location-before-char-start": 34564,
      "location-before-char-end": 34568,
      "node-str": "store"
    },
    {
      "type": "delete-node",
      "node": {
        "label": "setToDefault",
        "type": "Invocation"
      },
      "location-before-char-start": 34564,
      "location-before-char-end": 34633,
      "node-str": "setToDefault"
    },
    {
      "type": "delete-node",
      "node": {
        "label": "THEN",
        "type": "then"
      },
      "location-before-char-start": 34558,
      "location-before-char-end": 34638,
      "node-str": "THEN"
    },
    {
      "type": "delete-node",
      "node": {
        "label": "store",
        "type": "VariableRead"
      },
      "location-before-char-start": 34711,
      "location-before-char-end": 34715,
      "node-str": "store"
    },
    {
      "type": "delete-node",
      "node": {
        "label": "setValue",
        "type": "Invocation"
      },
      "location-before-char-start": 34711,
      "location-before-char-end": 34799,
      "node-str": "setValue"
    },
    {
      "type": "delete-node",
      "node": {
        "label": "THEN",
        "type": "then"
      },
      "location-before-char-start": 34660,
      "location-before-char-end": 34804,
      "node-str": "THEN"
    },
    {
      "type": "delete-node",
      "node": {
        "label": "store",
        "type": "VariableRead"
      },
      "location-before-char-start": 34862,
      "location-before-char-end": 34866,
      "node-str": "store"
    },
    {
      "type": "delete-node",
      "node": {
        "label": "setValue",
        "type": "Invocation"
      },
      "location-before-char-start": 34862,
      "location-before-char-end": 34950,
      "node-str": "setValue"
    },
    {
      "type": "delete-node",
      "node": {
        "label": "ELSE",
        "type": "else"
      },
      "location-before-char-start": 34811,
      "location-before-char-end": 34955,
      "node-str": "ELSE"
    },
    {
      "type": "delete-node",
      "node": {
        "label": "if",
        "type": "If"
      },
      "location-before-char-start": 34645,
      "location-before-char-end": 34955,
      "node-str": "if"
    },
    {
      "type": "delete-node",
      "node": {
        "label": "ELSE",
        "type": "else"
      },
      "location-before-char-start": 34645,
      "location-before-char-end": 34955,
      "node-str": "ELSE"
    },
    {
      "type": "delete-node",
      "node": {
        "label": "if",
        "type": "If"
      },
      "location-before-char-start": 34518,
      "location-before-char-end": 34955,
      "node-str": "if"
    },
    {
      "type": "delete-node",
      "node": {
        "label": "THEN",
        "type": "then"
      },
      "location-before-char-start": 34513,
      "location-before-char-end": 34978,
      "node-str": "THEN"
    },
    {
      "type": "delete-node",
      "node": {
        "label": "if",
        "type": "If"
      },
      "location-before-char-start": 34485,
      "location-before-char-end": 34978,
      "node-str": "if"
    },
    {
      "type": "delete-node",
      "node": {
        "label": "store",
        "type": "VariableRead"
      },
      "location-before-char-start": 35058,
      "location-before-char-end": 35062,
      "node-str": "store"
    },
    {
      "type": "delete-node",
      "node": {
        "label": "setToDefault",
        "type": "Invocation"
      },
      "location-before-char-start": 35058,
      "location-before-char-end": 35125,
      "node-str": "setToDefault"
    },
    {
      "type": "delete-node",
      "node": {
        "label": "THEN",
        "type": "then"
      },
      "location-before-char-start": 35052,
      "location-before-char-end": 35130,
      "node-str": "THEN"
    },
    {
      "type": "delete-node",
      "node": {
        "label": "store",
        "type": "VariableRead"
      },
      "location-before-char-start": 35201,
      "location-before-char-end": 35205,
      "node-str": "store"
    },
    {
      "type": "delete-node",
      "node": {
        "label": "setValue",
        "type": "Invocation"
      },
      "location-before-char-start": 35201,
      "location-before-char-end": 35285,
      "node-str": "setValue"
    },
    {
      "type": "delete-node",
      "node": {
        "label": "THEN",
        "type": "then"
      },
      "location-before-char-start": 35152,
      "location-before-char-end": 35290,
      "node-str": "THEN"
    },
    {
      "type": "delete-node",
      "node": {
        "label": "store",
        "type": "VariableRead"
      },
      "location-before-char-start": 35346,
      "location-before-char-end": 35350,
      "node-str": "store"
    },
    {
      "type": "delete-node",
      "node": {
        "label": "setValue",
        "type": "Invocation"
      },
      "location-before-char-start": 35346,
      "location-before-char-end": 35430,
      "node-str": "setValue"
    },
    {
      "type": "delete-node",
      "node": {
        "label": "ELSE",
        "type": "else"
      },
      "location-before-char-start": 35297,
      "location-before-char-end": 35435,
      "node-str": "ELSE"
    },
    {
      "type": "delete-node",
      "node": {
        "label": "if",
        "type": "If"
      },
      "location-before-char-start": 35137,
      "location-before-char-end": 35435,
      "node-str": "if"
    },
    {
      "type": "delete-node",
      "node": {
        "label": "ELSE",
        "type": "else"
      },
      "location-before-char-start": 35137,
      "location-before-char-end": 35435,
      "node-str": "ELSE"
    },
    {
      "type": "delete-node",
      "node": {
        "label": "if",
        "type": "If"
      },
      "location-before-char-start": 35014,
      "location-before-char-end": 35435,
      "node-str": "if"
    },
    {
      "type": "delete-node",
      "node": {
        "label": "THEN",
        "type": "then"
      },
      "location-before-char-start": 35009,
      "location-before-char-end": 35458,
      "node-str": "THEN"
    },
    {
      "type": "delete-node",
      "node": {
        "label": "if",
        "type": "If"
      },
      "location-before-char-start": 34983,
      "location-before-char-end": 35458,
      "node-str": "if"
    },
    {
      "type": "delete-node",
      "node": {
        "label": "performOk",
        "type": "Method"
      },
      "location-before-char-start": 33714,
      "location-before-char-end": 38215,
      "node-str": "performOk"
    }
  ],
  "before-file": {},
  "after-file": {},
  "mapping": {}
}