{
  "tool-info": {},
  "diff": [
    {
      "type": "insert-node",
      "node": {
        "label": "",
        "type": "NewArray"
      },
      "location-after-char-start": 2496,
      "location-after-char-end": 2540,
      "node-str": ""
    },
    {
      "type": "insert-node",
      "node": {
        "label": "\"Set Source Path...\"",
        "type": "Literal"
      },
      "location-after-char-start": 2497,
      "location-after-char-end": 2516,
      "node-str": "\"Set Source Path...\""
    },
    {
      "type": "insert-node",
      "node": {
        "label": "\"Set Source Path...\"",
        "type": "Literal"
      },
      "location-after-char-start": 2519,
      "location-after-char-end": 2538,
      "node-str": "\"Set Source Path...\""
    }
  ],
  "before-file": {},
  "after-file": {},
  "mapping": {}
}