{
  "tool-info": {},
  "diff": [
    {
      "type": "insert-node",
      "node": {
        "label": "public",
        "type": "Modifier"
      },
      "location-after-char-start": 1152,
      "location-after-char-end": 1158,
      "node-str": "public"
    },
    {
      "type": "insert-node",
      "node": {
        "label": "class",
        "type": "TYPE_DECLARATION_KIND"
      },
      "location-after-char-start": 1159,
      "location-after-char-end": 1164,
      "node-str": "class"
    },
    {
      "type": "insert-node",
      "node": {
        "label": "JDBCCMP1xFieldBridge",
        "type": "SimpleName"
      },
      "location-after-char-start": 1165,
      "location-after-char-end": 1185,
      "node-str": "JDBCCMP1xFieldBridge"
    },
    {
      "type": "insert-node",
      "node": {
        "label": "",
        "type": "MethodDeclaration"
      },
      "location-after-char-start": 5964,
      "location-after-char-end": 6140,
      "node-str": ""
    },
    {
      "type": "insert-node",
      "node": {
        "label": "public",
        "type": "Modifier"
      },
      "location-after-char-start": 5964,
      "location-after-char-end": 5970,
      "node-str": "public"
    },
    {
      "type": "insert-node",
      "node": {
        "label": "void",
        "type": "PrimitiveType"
      },
      "location-after-char-start": 5971,
      "location-after-char-end": 5975,
      "node-str": "void"
    },
    {
      "type": "insert-node",
      "node": {
        "label": "reset",
        "type": "SimpleName"
      },
      "location-after-char-start": 5976,
      "location-after-char-end": 5981,
      "node-str": "reset"
    },
    {
      "type": "insert-node",
      "node": {
        "label": "",
        "type": "Block"
      },
      "location-after-char-start": 5990,
      "location-after-char-end": 6140,
      "node-str": ""
    },
    {
      "type": "insert-node",
      "node": {
        "label": "",
        "type": "InfixExpression"
      },
      "location-after-char-start": 3500,
      "location-after-char-end": 3600,
      "node-str": ""
    },
    {
      "type": "insert-node",
      "node": {
        "label": "",
        "type": "ExpressionStatement"
      },
      "location-after-char-start": 6001,
      "location-after-char-end": 6022,
      "node-str": ""
    },
    {
      "type": "insert-node",
      "node": {
        "label": "",
        "type": "ExpressionStatement"
      },
      "location-after-char-start": 6032,
      "location-after-char-end": 6046,
      "node-str": ""
    },
    {
      "type": "insert-node",
      "node": {
        "label": "",
        "type": "ExpressionStatement"
      },
      "location-after-char-start": 6056,
      "location-after-char-end": 6091,
      "node-str": ""
    },
    {
      "type": "insert-node",
      "node": {
        "label": "",
        "type": "ExpressionStatement"
      },
      "location-after-char-start": 6101,
      "location-after-char-end": 6132,
      "node-str": ""
    },
    {
      "type": "insert-node",
      "node": {
        "label": "",
        "type": "MethodInvocation"
      },
      "location-after-char-start": 3500,
      "location-after-char-end": 3513,
      "node-str": ""
    },
    {
      "type": "insert-node",
      "node": {
        "label": "\u0026\u0026",
        "type": "INFIX_EXPRESSION_OPERATOR"
      },
      "location-after-char-start": 3514,
      "location-after-char-end": 3516,
      "node-str": "\u0026\u0026"
    },
    {
      "type": "move-subtree",
      "node": {
        "label": "",
        "type": "PrefixExpression"
      },
      "location-before-char-start": 3500,
      "location-before-char-end": 3583,
      "location-after-char-start": 3517,
      "location-after-char-end": 3600,
      "node-str": ""
    },
    {
      "type": "insert-node",
      "node": {
        "label": "",
        "type": "VariableDeclarationStatement"
      },
      "location-after-char-start": 4705,
      "location-after-char-end": 4781,
      "node-str": ""
    },
    {
      "type": "insert-node",
      "node": {
        "label": "",
        "type": "IfStatement"
      },
      "location-after-char-start": 4791,
      "location-after-char-end": 4845,
      "node-str": ""
    },
    {
      "type": "insert-node",
      "node": {
        "label": "",
        "type": "Assignment"
      },
      "location-after-char-start": 6001,
      "location-after-char-end": 6021,
      "node-str": ""
    },
    {
      "type": "insert-node",
      "node": {
        "label": "",
        "type": "Assignment"
      },
      "location-after-char-start": 6032,
      "location-after-char-end": 6045,
      "node-str": ""
    },
    {
      "type": "insert-node",
      "node": {
        "label": "",
        "type": "MethodInvocation"
      },
      "location-after-char-start": 6056,
      "location-after-char-end": 6090,
      "node-str": ""
    },
    {
      "type": "insert-node",
      "node": {
        "label": "",
        "type": "MethodInvocation"
      },
      "location-after-char-start": 6101,
      "location-after-char-end": 6131,
      "node-str": ""
    },
    {
      "type": "insert-node",
      "node": {
        "label": "isLoaded",
        "type": "SimpleName"
      },
      "location-after-char-start": 3500,
      "location-after-char-end": 3508,
      "node-str": "isLoaded"
    },
    {
      "type": "insert-node",
      "node": {
        "label": "",
        "type": "METHOD_INVOCATION_ARGUMENTS"
      },
      "location-after-char-start": 3509,
      "location-after-char-end": 3512,
      "node-str": ""
    },
    {
      "type": "move-subtree",
      "node": {
        "label": "",
        "type": "SimpleType"
      },
      "location-before-char-start": 4732,
      "location-before-char-end": 4742,
      "location-after-char-start": 4705,
      "location-after-char-end": 4715,
      "node-str": ""
    },
    {
      "type": "insert-node",
      "node": {
        "label": "",
        "type": "VariableDeclarationFragment"
      },
      "location-after-char-start": 4716,
      "location-after-char-end": 4780,
      "node-str": ""
    },
    {
      "type": "insert-node",
      "node": {
        "label": "",
        "type": "InfixExpression"
      },
      "location-after-char-start": 4794,
      "location-after-char-end": 4812,
      "node-str": ""
    },
    {
      "type": "insert-node",
      "node": {
        "label": "",
        "type": "ExpressionStatement"
      },
      "location-after-char-start": 4826,
      "location-after-char-end": 4845,
      "node-str": ""
    },
    {
      "type": "insert-node",
      "node": {
        "label": "originalValue",
        "type": "SimpleName"
      },
      "location-after-char-start": 6001,
      "location-after-char-end": 6014,
      "node-str": "originalValue"
    },
    {
      "type": "insert-node",
      "node": {
        "label": "\u003d",
        "type": "ASSIGNMENT_OPERATOR"
      },
      "location-after-char-start": 6015,
      "location-after-char-end": 6016,
      "node-str": "\u003d"
    },
    {
      "type": "insert-node",
      "node": {
        "label": "",
        "type": "NullLiteral"
      },
      "location-after-char-start": 6017,
      "location-after-char-end": 6021,
      "node-str": ""
    },
    {
      "type": "insert-node",
      "node": {
        "label": "lastRead",
        "type": "SimpleName"
      },
      "location-after-char-start": 6032,
      "location-after-char-end": 6040,
      "node-str": "lastRead"
    },
    {
      "type": "insert-node",
      "node": {
        "label": "\u003d",
        "type": "ASSIGNMENT_OPERATOR"
      },
      "location-after-char-start": 6041,
      "location-after-char-end": 6042,
      "node-str": "\u003d"
    },
    {
      "type": "insert-node",
      "node": {
        "label": "",
        "type": "PrefixExpression"
      },
      "location-after-char-start": 6043,
      "location-after-char-end": 6045,
      "node-str": ""
    },
    {
      "type": "insert-node",
      "node": {
        "label": "",
        "type": "METHOD_INVOCATION_RECEIVER"
      },
      "location-after-char-start": 6056,
      "location-after-char-end": 6067,
      "node-str": ""
    },
    {
      "type": "insert-node",
      "node": {
        "label": "resetFlags",
        "type": "SimpleName"
      },
      "location-after-char-start": 6068,
      "location-after-char-end": 6078,
      "node-str": "resetFlags"
    },
    {
      "type": "insert-node",
      "node": {
        "label": "",
        "type": "METHOD_INVOCATION_ARGUMENTS"
      },
      "location-after-char-start": 6079,
      "location-after-char-end": 6089,
      "node-str": ""
    },
    {
      "type": "insert-node",
      "node": {
        "label": "",
        "type": "METHOD_INVOCATION_RECEIVER"
      },
      "location-after-char-start": 6101,
      "location-after-char-end": 6104,
      "node-str": ""
    },
    {
      "type": "insert-node",
      "node": {
        "label": "debug",
        "type": "SimpleName"
      },
      "location-after-char-start": 6105,
      "location-after-char-end": 6110,
      "node-str": "debug"
    },
    {
      "type": "insert-node",
      "node": {
        "label": "",
        "type": "METHOD_INVOCATION_ARGUMENTS"
      },
      "location-after-char-start": 6111,
      "location-after-char-end": 6130,
      "node-str": ""
    },
    {
      "type": "insert-node",
      "node": {
        "label": "ctx",
        "type": "SimpleName"
      },
      "location-after-char-start": 3509,
      "location-after-char-end": 3512,
      "node-str": "ctx"
    },
    {
      "type": "insert-node",
      "node": {
        "label": "fieldState",
        "type": "SimpleName"
      },
      "location-after-char-start": 4716,
      "location-after-char-end": 4726,
      "node-str": "fieldState"
    },
    {
      "type": "insert-node",
      "node": {
        "label": "",
        "type": "CastExpression"
      },
      "location-after-char-start": 4729,
      "location-after-char-end": 4780,
      "node-str": ""
    },
    {
      "type": "insert-node",
      "node": {
        "label": "fieldState",
        "type": "SimpleName"
      },
      "location-after-char-start": 4794,
      "location-after-char-end": 4804,
      "node-str": "fieldState"
    },
    {
      "type": "insert-node",
      "node": {
        "label": "!\u003d",
        "type": "INFIX_EXPRESSION_OPERATOR"
      },
      "location-after-char-start": 4805,
      "location-after-char-end": 4807,
      "node-str": "!\u003d"
    },
    {
      "type": "insert-node",
      "node": {
        "label": "",
        "type": "NullLiteral"
      },
      "location-after-char-start": 4808,
      "location-after-char-end": 4812,
      "node-str": ""
    },
    {
      "type": "insert-node",
      "node": {
        "label": "",
        "type": "MethodInvocation"
      },
      "location-after-char-start": 4826,
      "location-after-char-end": 4844,
      "node-str": ""
    },
    {
      "type": "insert-node",
      "node": {
        "label": "-",
        "type": "PREFIX_EXPRESSION_OPERATOR"
      },
      "location-after-char-start": 6043,
      "location-after-char-end": 6044,
      "node-str": "-"
    },
    {
      "type": "insert-node",
      "node": {
        "label": "1",
        "type": "NumberLiteral"
      },
      "location-after-char-start": 6044,
      "location-after-char-end": 6045,
      "node-str": "1"
    },
    {
      "type": "insert-node",
      "node": {
        "label": "entityState",
        "type": "SimpleName"
      },
      "location-after-char-start": 6056,
      "location-after-char-end": 6067,
      "node-str": "entityState"
    },
    {
      "type": "insert-node",
      "node": {
        "label": "tableIndex",
        "type": "SimpleName"
      },
      "location-after-char-start": 6079,
      "location-after-char-end": 6089,
      "node-str": "tableIndex"
    },
    {
      "type": "insert-node",
      "node": {
        "label": "log",
        "type": "SimpleName"
      },
      "location-after-char-start": 6101,
      "location-after-char-end": 6104,
      "node-str": "log"
    },
    {
      "type": "insert-node",
      "node": {
        "label": "\"reset field state\"",
        "type": "StringLiteral"
      },
      "location-after-char-start": 6111,
      "location-after-char-end": 6130,
      "node-str": "\"reset field state\""
    },
    {
      "type": "insert-node",
      "node": {
        "label": "",
        "type": "SimpleType"
      },
      "location-after-char-start": 4730,
      "location-after-char-end": 4740,
      "node-str": ""
    },
    {
      "type": "move-subtree",
      "node": {
        "label": "",
        "type": "MethodInvocation"
      },
      "location-before-char-start": 4688,
      "location-before-char-end": 4752,
      "location-after-char-start": 4741,
      "location-after-char-end": 4780,
      "node-str": ""
    },
    {
      "type": "insert-node",
      "node": {
        "label": "",
        "type": "METHOD_INVOCATION_RECEIVER"
      },
      "location-after-char-start": 4826,
      "location-after-char-end": 4836,
      "node-str": ""
    },
    {
      "type": "insert-node",
      "node": {
        "label": "reset",
        "type": "SimpleName"
      },
      "location-after-char-start": 4837,
      "location-after-char-end": 4842,
      "node-str": "reset"
    },
    {
      "type": "insert-node",
      "node": {
        "label": "FieldState",
        "type": "SimpleName"
      },
      "location-after-char-start": 4730,
      "location-after-char-end": 4740,
      "node-str": "FieldState"
    },
    {
      "type": "update-node",
      "node": {
        "label": "setFieldState",
        "type": "SimpleName"
      },
      "location-before-char-start": 4696,
      "location-before-char-end": 4709,
      "location-after-char-start": 4749,
      "location-after-char-end": 4762,
      "node-str": "getFieldState"
    },
    {
      "type": "update-node",
      "node": {
        "label": "jdbcCtx",
        "type": "SimpleName"
      },
      "location-before-char-start": 4743,
      "location-before-char-end": 4750,
      "location-after-char-start": 4826,
      "location-after-char-end": 4836,
      "node-str": "fieldState"
    },
    {
      "type": "move-subtree",
      "node": {
        "label": "jdbcCtx",
        "type": "SimpleName"
      },
      "location-before-char-start": 4743,
      "location-before-char-end": 4750,
      "location-after-char-start": 4826,
      "location-after-char-end": 4836,
      "node-str": "fieldState"
    },
    {
      "type": "delete-node",
      "node": {
        "label": "public",
        "type": "Modifier"
      },
      "location-before-char-start": 1152,
      "location-before-char-end": 1158,
      "node-str": "public"
    },
    {
      "type": "delete-node",
      "node": {
        "label": "class",
        "type": "TYPE_DECLARATION_KIND"
      },
      "location-before-char-start": 1159,
      "location-before-char-end": 1164,
      "node-str": "class"
    },
    {
      "type": "delete-node",
      "node": {
        "label": "JDBCCMP1xFieldBridge",
        "type": "SimpleName"
      },
      "location-before-char-start": 1165,
      "location-before-char-end": 1185,
      "node-str": "JDBCCMP1xFieldBridge"
    },
    {
      "type": "delete-node",
      "node": {
        "label": "",
        "type": "ClassInstanceCreation"
      },
      "location-before-char-start": 4728,
      "location-before-char-end": 4751,
      "node-str": ""
    },
    {
      "type": "delete-node",
      "node": {
        "label": "",
        "type": "ExpressionStatement"
      },
      "location-before-char-start": 4688,
      "location-before-char-end": 4753,
      "node-str": ""
    }
  ],
  "before-file": {},
  "after-file": {},
  "mapping": {}
}