{
  "tool-info": {},
  "diff": [
    {
      "type": "insert-node",
      "node": {
        "label": "public",
        "type": "Modifier"
      },
      "location-after-char-start": 0,
      "location-after-char-end": 0,
      "node-str": "public"
    },
    {
      "type": "insert-node",
      "node": {
        "label": "",
        "type": "TypeReference"
      },
      "location-after-char-start": 1045,
      "location-after-char-end": 1050,
      "node-str": ""
    },
    {
      "type": "insert-node",
      "node": {
        "label": "fTool",
        "type": "Field"
      },
      "location-after-char-start": 1118,
      "location-after-char-end": 1140,
      "node-str": "fTool"
    },
    {
      "type": "insert-node",
      "node": {
        "label": "fIconkit",
        "type": "Field"
      },
      "location-after-char-start": 1143,
      "location-after-char-end": 1171,
      "node-str": "fIconkit"
    },
    {
      "type": "insert-node",
      "node": {
        "label": "fStatusLine",
        "type": "Field"
      },
      "location-after-char-start": 1175,
      "location-after-char-end": 1208,
      "node-str": "fStatusLine"
    },
    {
      "type": "insert-node",
      "node": {
        "label": "fDefaultToolButton",
        "type": "Field"
      },
      "location-after-char-start": 1211,
      "location-after-char-end": 1251,
      "node-str": "fDefaultToolButton"
    },
    {
      "type": "insert-node",
      "node": {
        "label": "fSelectedToolButton",
        "type": "Field"
      },
      "location-after-char-start": 1254,
      "location-after-char-end": 1295,
      "node-str": "fSelectedToolButton"
    },
    {
      "type": "insert-node",
      "node": {
        "label": "fStorageFormatManager",
        "type": "Field"
      },
      "location-after-char-start": 1342,
      "location-after-char-end": 1392,
      "node-str": "fStorageFormatManager"
    },
    {
      "type": "insert-node",
      "node": {
        "label": "myUndoManager",
        "type": "Field"
      },
      "location-after-char-start": 1395,
      "location-after-char-end": 1431,
      "node-str": "myUndoManager"
    },
    {
      "type": "insert-node",
      "node": {
        "label": "fDesktopListener",
        "type": "Field"
      },
      "location-after-char-start": 1565,
      "location-after-char-end": 1609,
      "node-str": "fDesktopListener"
    },
    {
      "type": "insert-node",
      "node": {
        "label": "fDesktop",
        "type": "Field"
      },
      "location-after-char-start": 1612,
      "location-after-char-end": 1713,
      "node-str": "fDesktop"
    },
    {
      "type": "insert-node",
      "node": {
        "label": "exit",
        "type": "Method"
      },
      "location-after-char-start": 25590,
      "location-after-char-end": 26112,
      "node-str": "exit"
    },
    {
      "type": "insert-node",
      "node": {
        "label": "endApp",
        "type": "Method"
      },
      "location-after-char-start": 26115,
      "location-after-char-end": 26220,
      "node-str": "endApp"
    },
    {
      "type": "insert-node",
      "node": {
        "label": "javax.swing.JFrame",
        "type": "SUPER_TYPE"
      },
      "location-after-char-start": 0,
      "location-after-char-end": 0,
      "node-str": "javax.swing.JFrame"
    },
    {
      "type": "insert-node",
      "node": {
        "label": "CH.ifa.draw.application.Tool",
        "type": "VARIABLE_TYPE"
      },
      "location-after-char-start": 0,
      "location-after-char-end": 0,
      "node-str": "CH.ifa.draw.application.Tool"
    },
    {
      "type": "insert-node",
      "node": {
        "label": "CH.ifa.draw.application.Iconkit",
        "type": "VARIABLE_TYPE"
      },
      "location-after-char-start": 0,
      "location-after-char-end": 0,
      "node-str": "CH.ifa.draw.application.Iconkit"
    },
    {
      "type": "insert-node",
      "node": {
        "label": "javax.swing.JTextField",
        "type": "VARIABLE_TYPE"
      },
      "location-after-char-start": 0,
      "location-after-char-end": 0,
      "node-str": "javax.swing.JTextField"
    },
    {
      "type": "insert-node",
      "node": {
        "label": "CH.ifa.draw.application.ToolButton",
        "type": "VARIABLE_TYPE"
      },
      "location-after-char-start": 0,
      "location-after-char-end": 0,
      "node-str": "CH.ifa.draw.application.ToolButton"
    },
    {
      "type": "insert-node",
      "node": {
        "label": "CH.ifa.draw.application.ToolButton",
        "type": "VARIABLE_TYPE"
      },
      "location-after-char-start": 0,
      "location-after-char-end": 0,
      "node-str": "CH.ifa.draw.application.ToolButton"
    },
    {
      "type": "insert-node",
      "node": {
        "label": "CH.ifa.draw.application.StorageFormatManager",
        "type": "VARIABLE_TYPE"
      },
      "location-after-char-start": 0,
      "location-after-char-end": 0,
      "node-str": "CH.ifa.draw.application.StorageFormatManager"
    },
    {
      "type": "insert-node",
      "node": {
        "label": "CH.ifa.draw.application.UndoManager",
        "type": "VARIABLE_TYPE"
      },
      "location-after-char-start": 0,
      "location-after-char-end": 0,
      "node-str": "CH.ifa.draw.application.UndoManager"
    },
    {
      "type": "insert-node",
      "node": {
        "label": "CH.ifa.draw.application.DesktopListener",
        "type": "VARIABLE_TYPE"
      },
      "location-after-char-start": 0,
      "location-after-char-end": 0,
      "node-str": "CH.ifa.draw.application.DesktopListener"
    },
    {
      "type": "insert-node",
      "node": {
        "label": "java.awt.Desktop",
        "type": "VARIABLE_TYPE"
      },
      "location-after-char-start": 0,
      "location-after-char-end": 0,
      "node-str": "java.awt.Desktop"
    },
    {
      "type": "insert-node",
      "node": {
        "label": "setDefaultCloseOperation",
        "type": "Invocation"
      },
      "location-after-char-start": 2567,
      "location-after-char-end": 2628,
      "node-str": "setDefaultCloseOperation"
    },
    {
      "type": "insert-node",
      "node": {
        "label": "void",
        "type": "RETURN_TYPE"
      },
      "location-after-char-start": 0,
      "location-after-char-end": 0,
      "node-str": "void"
    },
    {
      "type": "insert-node",
      "node": {
        "label": "public",
        "type": "Modifier"
      },
      "location-after-char-start": 0,
      "location-after-char-end": 0,
      "node-str": "public"
    },
    {
      "type": "insert-node",
      "node": {
        "label": "endApp",
        "type": "Invocation"
      },
      "location-after-char-start": 26095,
      "location-after-char-end": 26103,
      "node-str": "endApp"
    },
    {
      "type": "insert-node",
      "node": {
        "label": "void",
        "type": "RETURN_TYPE"
      },
      "location-after-char-start": 0,
      "location-after-char-end": 0,
      "node-str": "void"
    },
    {
      "type": "insert-node",
      "node": {
        "label": "final",
        "type": "Modifier"
      },
      "location-after-char-start": 0,
      "location-after-char-end": 0,
      "node-str": "final"
    },
    {
      "type": "insert-node",
      "node": {
        "label": "protected",
        "type": "Modifier"
      },
      "location-after-char-start": 0,
      "location-after-char-end": 0,
      "node-str": "protected"
    },
    {
      "type": "insert-node",
      "node": {
        "label": "destroy",
        "type": "Invocation"
      },
      "location-after-char-start": 26148,
      "location-after-char-end": 26157,
      "node-str": "destroy"
    },
    {
      "type": "insert-node",
      "node": {
        "label": "dispose",
        "type": "Invocation"
      },
      "location-after-char-start": 26208,
      "location-after-char-end": 26217,
      "node-str": "dispose"
    },
    {
      "type": "insert-node",
      "node": {
        "label": "CH.ifa.draw.application.DrawApplication",
        "type": "TypeAccess"
      },
      "location-after-char-start": 0,
      "location-after-char-end": 0,
      "node-str": "CH.ifa.draw.application.DrawApplication"
    },
    {
      "type": "insert-node",
      "node": {
        "label": "DO_NOTHING_ON_CLOSE",
        "type": "FieldRead"
      },
      "location-after-char-start": 2592,
      "location-after-char-end": 2626,
      "node-str": "DO_NOTHING_ON_CLOSE"
    },
    {
      "type": "update-node",
      "node": {
        "label": "getActiveDrawingView",
        "type": "Invocation"
      },
      "location-before-char-start": 3019,
      "location-before-char-end": 3053,
      "location-after-char-start": 3071,
      "location-after-char-end": 3076,
      "node-str": "view"
    },
    {
      "type": "insert-node",
      "node": {
        "label": "CH.ifa.draw.application.DrawApplication",
        "type": "TypeAccess"
      },
      "location-after-char-start": 0,
      "location-after-char-end": 0,
      "node-str": "CH.ifa.draw.application.DrawApplication"
    },
    {
      "type": "insert-node",
      "node": {
        "label": "CH.ifa.draw.application.DrawApplication",
        "type": "TypeAccess"
      },
      "location-after-char-start": 0,
      "location-after-char-end": 0,
      "node-str": "CH.ifa.draw.application.DrawApplication"
    },
    {
      "type": "insert-node",
      "node": {
        "label": "CH.ifa.draw.application.DrawApplication",
        "type": "TypeAccess"
      },
      "location-after-char-start": 0,
      "location-after-char-end": 0,
      "node-str": "CH.ifa.draw.application.DrawApplication"
    },
    {
      "type": "update-node",
      "node": {
        "label": "getActiveDrawingView",
        "type": "Invocation"
      },
      "location-before-char-start": 28513,
      "location-before-char-end": 28547,
      "location-after-char-start": 29069,
      "location-after-char-end": 29074,
      "node-str": "view"
    },
    {
      "type": "update-node",
      "node": {
        "label": "getActiveDrawingView",
        "type": "Invocation"
      },
      "location-before-char-start": 29699,
      "location-before-char-end": 29733,
      "location-after-char-start": 30226,
      "location-after-char-end": 30231,
      "node-str": "view"
    },
    {
      "type": "insert-node",
      "node": {
        "label": "javax.swing.WindowConstants",
        "type": "TypeAccess"
      },
      "location-after-char-start": 2592,
      "location-after-char-end": 2606,
      "node-str": "javax.swing.WindowConstants"
    },
    {
      "type": "move-subtree",
      "node": {
        "label": "CH.ifa.draw.application.DrawApplication",
        "type": "TypeAccess"
      },
      "location-before-char-start": 0,
      "location-before-char-end": 0,
      "location-after-char-start": 0,
      "location-after-char-end": 0,
      "node-str": "CH.ifa.draw.application.DrawApplication"
    },
    {
      "type": "update-node",
      "node": {
        "label": "getActiveDrawingView",
        "type": "Invocation"
      },
      "location-before-char-start": 26568,
      "location-before-char-end": 26602,
      "location-after-char-start": 27182,
      "location-after-char-end": 27187,
      "node-str": "view"
    },
    {
      "type": "move-subtree",
      "node": {
        "label": "CH.ifa.draw.application.DrawApplication",
        "type": "TypeAccess"
      },
      "location-before-char-start": 0,
      "location-before-char-end": 0,
      "location-after-char-start": 0,
      "location-after-char-end": 0,
      "node-str": "CH.ifa.draw.application.DrawApplication"
    },
    {
      "type": "move-subtree",
      "node": {
        "label": "CH.ifa.draw.application.DrawApplication",
        "type": "TypeAccess"
      },
      "location-before-char-start": 0,
      "location-before-char-end": 0,
      "location-after-char-start": 0,
      "location-after-char-end": 0,
      "node-str": "CH.ifa.draw.application.DrawApplication"
    },
    {
      "type": "insert-node",
      "node": {
        "label": "windowOpened",
        "type": "Method"
      },
      "location-after-char-start": 6229,
      "location-after-char-end": 6296,
      "node-str": "windowOpened"
    },
    {
      "type": "update-node",
      "node": {
        "label": "exit",
        "type": "Method"
      },
      "location-before-char-start": 25332,
      "location-before-char-end": 25605,
      "location-after-char-start": 6302,
      "location-after-char-end": 6414,
      "node-str": "windowClosed"
    },
    {
      "type": "move-subtree",
      "node": {
        "label": "exit",
        "type": "Method"
      },
      "location-before-char-start": 25332,
      "location-before-char-end": 25605,
      "location-after-char-start": 6302,
      "location-after-char-end": 6414,
      "node-str": "windowClosed"
    },
    {
      "type": "move-subtree",
      "node": {
        "label": "CH.ifa.draw.application.DrawApplication",
        "type": "TypeAccess"
      },
      "location-before-char-start": 0,
      "location-before-char-end": 0,
      "location-after-char-start": 0,
      "location-after-char-end": 0,
      "node-str": "CH.ifa.draw.application.DrawApplication"
    },
    {
      "type": "update-node",
      "node": {
        "label": "exit",
        "type": "Invocation"
      },
      "location-before-char-start": 5743,
      "location-before-char-end": 5749,
      "location-after-char-start": 5766,
      "location-after-char-end": 5774,
      "node-str": "endApp"
    },
    {
      "type": "update-node",
      "node": {
        "label": "exit",
        "type": "Invocation"
      },
      "location-before-char-start": 5861,
      "location-before-char-end": 5867,
      "location-after-char-start": 5930,
      "location-after-char-end": 5938,
      "node-str": "endApp"
    },
    {
      "type": "insert-node",
      "node": {
        "label": "void",
        "type": "RETURN_TYPE"
      },
      "location-after-char-start": 0,
      "location-after-char-end": 0,
      "node-str": "void"
    },
    {
      "type": "insert-node",
      "node": {
        "label": "public",
        "type": "Modifier"
      },
      "location-after-char-start": 0,
      "location-after-char-end": 0,
      "node-str": "public"
    },
    {
      "type": "insert-node",
      "node": {
        "label": "event",
        "type": "Parameter"
      },
      "location-after-char-start": 6254,
      "location-after-char-end": 6270,
      "node-str": "event"
    },
    {
      "type": "insert-node",
      "node": {
        "label": "POSTINC",
        "type": "UnaryOperator"
      },
      "location-after-char-start": 6280,
      "location-after-char-end": 6290,
      "node-str": "POSTINC"
    },
    {
      "type": "insert-node",
      "node": {
        "label": "event",
        "type": "Parameter"
      },
      "location-after-char-start": 6327,
      "location-after-char-end": 6343,
      "node-str": "event"
    },
    {
      "type": "insert-node",
      "node": {
        "label": "java.awt.event.WindowEvent",
        "type": "VARIABLE_TYPE"
      },
      "location-after-char-start": 0,
      "location-after-char-end": 0,
      "node-str": "java.awt.event.WindowEvent"
    },
    {
      "type": "insert-node",
      "node": {
        "label": "winCount",
        "type": "FieldWrite"
      },
      "location-after-char-start": 6280,
      "location-after-char-end": 6287,
      "node-str": "winCount"
    },
    {
      "type": "insert-node",
      "node": {
        "label": "java.awt.event.WindowEvent",
        "type": "VARIABLE_TYPE"
      },
      "location-after-char-start": 0,
      "location-after-char-end": 0,
      "node-str": "java.awt.event.WindowEvent"
    },
    {
      "type": "update-node",
      "node": {
        "label": "getActiveDrawingView",
        "type": "Invocation"
      },
      "location-before-char-start": 9990,
      "location-before-char-end": 10024,
      "location-after-char-start": 10296,
      "location-after-char-end": 10306,
      "node-str": "view"
    },
    {
      "type": "update-node",
      "node": {
        "label": "getActiveDrawingView",
        "type": "Invocation"
      },
      "location-before-char-start": 10186,
      "location-before-char-end": 10220,
      "location-after-char-start": 10468,
      "location-after-char-end": 10478,
      "node-str": "view"
    },
    {
      "type": "update-node",
      "node": {
        "label": "getActiveDrawingView",
        "type": "Invocation"
      },
      "location-before-char-start": 28185,
      "location-before-char-end": 28242,
      "location-after-char-start": 28770,
      "location-after-char-end": 28798,
      "node-str": "view"
    },
    {
      "type": "insert-node",
      "node": {
        "label": "PREDEC",
        "type": "UnaryOperator"
      },
      "location-after-char-start": 6357,
      "location-after-char-end": 6366,
      "node-str": "PREDEC"
    },
    {
      "type": "insert-node",
      "node": {
        "label": "this",
        "type": "ThisAccess"
      },
      "location-after-char-start": 10296,
      "location-after-char-end": 10299,
      "node-str": "this"
    },
    {
      "type": "insert-node",
      "node": {
        "label": "this",
        "type": "ThisAccess"
      },
      "location-after-char-start": 10468,
      "location-after-char-end": 10471,
      "node-str": "this"
    },
    {
      "type": "move-subtree",
      "node": {
        "label": "CH.ifa.draw.application.DrawApplication",
        "type": "TypeAccess"
      },
      "location-before-char-start": 0,
      "location-before-char-end": 0,
      "location-after-char-start": 0,
      "location-after-char-end": 0,
      "node-str": "CH.ifa.draw.application.DrawApplication"
    },
    {
      "type": "insert-node",
      "node": {
        "label": "winCount",
        "type": "FieldWrite"
      },
      "location-after-char-start": 6359,
      "location-after-char-end": 6366,
      "node-str": "winCount"
    },
    {
      "type": "move-subtree",
      "node": {
        "label": "CH.ifa.draw.application.DrawApplication$8",
        "type": "TypeAccess"
      },
      "location-before-char-start": 0,
      "location-before-char-end": 0,
      "location-after-char-start": 0,
      "location-after-char-end": 0,
      "node-str": "CH.ifa.draw.application.DrawApplication$8"
    },
    {
      "type": "move-subtree",
      "node": {
        "label": "CH.ifa.draw.application.DrawApplication$9",
        "type": "TypeAccess"
      },
      "location-before-char-start": 0,
      "location-before-char-end": 0,
      "location-after-char-start": 0,
      "location-after-char-end": 0,
      "node-str": "CH.ifa.draw.application.DrawApplication$9"
    },
    {
      "type": "delete-node",
      "node": {
        "label": "public",
        "type": "Modifier"
      },
      "location-before-char-start": 0,
      "location-before-char-end": 0,
      "node-str": "public"
    },
    {
      "type": "delete-node",
      "node": {
        "label": "javax.swing.JFrame",
        "type": "SUPER_TYPE"
      },
      "location-before-char-start": 0,
      "location-before-char-end": 0,
      "node-str": "javax.swing.JFrame"
    },
    {
      "type": "delete-node",
      "node": {
        "label": "",
        "type": "TypeReference"
      },
      "location-before-char-start": 1045,
      "location-before-char-end": 1050,
      "node-str": ""
    },
    {
      "type": "delete-node",
      "node": {
        "label": "CH.ifa.draw.application.Tool",
        "type": "VARIABLE_TYPE"
      },
      "location-before-char-start": 0,
      "location-before-char-end": 0,
      "node-str": "CH.ifa.draw.application.Tool"
    },
    {
      "type": "delete-node",
      "node": {
        "label": "fTool",
        "type": "Field"
      },
      "location-before-char-start": 1118,
      "location-before-char-end": 1140,
      "node-str": "fTool"
    },
    {
      "type": "delete-node",
      "node": {
        "label": "CH.ifa.draw.application.Iconkit",
        "type": "VARIABLE_TYPE"
      },
      "location-before-char-start": 0,
      "location-before-char-end": 0,
      "node-str": "CH.ifa.draw.application.Iconkit"
    },
    {
      "type": "delete-node",
      "node": {
        "label": "fIconkit",
        "type": "Field"
      },
      "location-before-char-start": 1143,
      "location-before-char-end": 1171,
      "node-str": "fIconkit"
    },
    {
      "type": "delete-node",
      "node": {
        "label": "javax.swing.JTextField",
        "type": "VARIABLE_TYPE"
      },
      "location-before-char-start": 0,
      "location-before-char-end": 0,
      "node-str": "javax.swing.JTextField"
    },
    {
      "type": "delete-node",
      "node": {
        "label": "fStatusLine",
        "type": "Field"
      },
      "location-before-char-start": 1175,
      "location-before-char-end": 1208,
      "node-str": "fStatusLine"
    },
    {
      "type": "delete-node",
      "node": {
        "label": "CH.ifa.draw.application.ToolButton",
        "type": "VARIABLE_TYPE"
      },
      "location-before-char-start": 0,
      "location-before-char-end": 0,
      "node-str": "CH.ifa.draw.application.ToolButton"
    },
    {
      "type": "delete-node",
      "node": {
        "label": "fDefaultToolButton",
        "type": "Field"
      },
      "location-before-char-start": 1211,
      "location-before-char-end": 1251,
      "node-str": "fDefaultToolButton"
    },
    {
      "type": "delete-node",
      "node": {
        "label": "CH.ifa.draw.application.ToolButton",
        "type": "VARIABLE_TYPE"
      },
      "location-before-char-start": 0,
      "location-before-char-end": 0,
      "node-str": "CH.ifa.draw.application.ToolButton"
    },
    {
      "type": "delete-node",
      "node": {
        "label": "fSelectedToolButton",
        "type": "Field"
      },
      "location-before-char-start": 1254,
      "location-before-char-end": 1295,
      "node-str": "fSelectedToolButton"
    },
    {
      "type": "delete-node",
      "node": {
        "label": "CH.ifa.draw.application.StorageFormatManager",
        "type": "VARIABLE_TYPE"
      },
      "location-before-char-start": 0,
      "location-before-char-end": 0,
      "node-str": "CH.ifa.draw.application.StorageFormatManager"
    },
    {
      "type": "delete-node",
      "node": {
        "label": "fStorageFormatManager",
        "type": "Field"
      },
      "location-before-char-start": 1342,
      "location-before-char-end": 1392,
      "node-str": "fStorageFormatManager"
    },
    {
      "type": "delete-node",
      "node": {
        "label": "CH.ifa.draw.application.UndoManager",
        "type": "VARIABLE_TYPE"
      },
      "location-before-char-start": 0,
      "location-before-char-end": 0,
      "node-str": "CH.ifa.draw.application.UndoManager"
    },
    {
      "type": "delete-node",
      "node": {
        "label": "myUndoManager",
        "type": "Field"
      },
      "location-before-char-start": 1395,
      "location-before-char-end": 1431,
      "node-str": "myUndoManager"
    },
    {
      "type": "delete-node",
      "node": {
        "label": "CH.ifa.draw.application.DesktopListener",
        "type": "VARIABLE_TYPE"
      },
      "location-before-char-start": 0,
      "location-before-char-end": 0,
      "node-str": "CH.ifa.draw.application.DesktopListener"
    },
    {
      "type": "delete-node",
      "node": {
        "label": "fDesktopListener",
        "type": "Field"
      },
      "location-before-char-start": 1565,
      "location-before-char-end": 1609,
      "node-str": "fDesktopListener"
    },
    {
      "type": "delete-node",
      "node": {
        "label": "java.awt.Desktop",
        "type": "VARIABLE_TYPE"
      },
      "location-before-char-start": 0,
      "location-before-char-end": 0,
      "node-str": "java.awt.Desktop"
    },
    {
      "type": "delete-node",
      "node": {
        "label": "fDesktop",
        "type": "Field"
      },
      "location-before-char-start": 1612,
      "location-before-char-end": 1713,
      "node-str": "fDesktop"
    },
    {
      "type": "delete-node",
      "node": {
        "label": "winCount",
        "type": "FieldWrite"
      },
      "location-before-char-start": 2596,
      "location-before-char-end": 2603,
      "node-str": "winCount"
    },
    {
      "type": "delete-node",
      "node": {
        "label": "POSTINC",
        "type": "UnaryOperator"
      },
      "location-before-char-start": 2596,
      "location-before-char-end": 2606,
      "node-str": "POSTINC"
    },
    {
      "type": "delete-node",
      "node": {
        "label": "getDesktop",
        "type": "Invocation"
      },
      "location-before-char-start": 3019,
      "location-before-char-end": 3030,
      "node-str": "getDesktop"
    },
    {
      "type": "delete-node",
      "node": {
        "label": "CH.ifa.draw.application.DrawApplication",
        "type": "TypeAccess"
      },
      "location-before-char-start": 0,
      "location-before-char-end": 0,
      "node-str": "CH.ifa.draw.application.DrawApplication"
    },
    {
      "type": "delete-node",
      "node": {
        "label": "destroy",
        "type": "Invocation"
      },
      "location-before-char-start": 25430,
      "location-before-char-end": 25439,
      "node-str": "destroy"
    },
    {
      "type": "delete-node",
      "node": {
        "label": "CH.ifa.draw.application.DrawApplication",
        "type": "TypeAccess"
      },
      "location-before-char-start": 0,
      "location-before-char-end": 0,
      "node-str": "CH.ifa.draw.application.DrawApplication"
    },
    {
      "type": "delete-node",
      "node": {
        "label": "false",
        "type": "Literal"
      },
      "location-before-char-start": 25454,
      "location-before-char-end": 25458,
      "node-str": "false"
    },
    {
      "type": "delete-node",
      "node": {
        "label": "setVisible",
        "type": "Invocation"
      },
      "location-before-char-start": 25443,
      "location-before-char-end": 25460,
      "node-str": "setVisible"
    },
    {
      "type": "delete-node",
      "node": {
        "label": "CH.ifa.draw.application.DrawApplication",
        "type": "TypeAccess"
      },
      "location-before-char-start": 0,
      "location-before-char-end": 0,
      "node-str": "CH.ifa.draw.application.DrawApplication"
    },
    {
      "type": "delete-node",
      "node": {
        "label": "dispose",
        "type": "Invocation"
      },
      "location-before-char-start": 25488,
      "location-before-char-end": 25497,
      "node-str": "dispose"
    },
    {
      "type": "delete-node",
      "node": {
        "label": "winCount",
        "type": "FieldWrite"
      },
      "location-before-char-start": 25546,
      "location-before-char-end": 25553,
      "node-str": "winCount"
    },
    {
      "type": "delete-node",
      "node": {
        "label": "POSTDEC",
        "type": "UnaryOperator"
      },
      "location-before-char-start": 25546,
      "location-before-char-end": 25556,
      "node-str": "POSTDEC"
    },
    {
      "type": "delete-node",
      "node": {
        "label": "winCount",
        "type": "FieldRead"
      },
      "location-before-char-start": 25564,
      "location-before-char-end": 25571,
      "node-str": "winCount"
    },
    {
      "type": "delete-node",
      "node": {
        "label": "getDesktop",
        "type": "Invocation"
      },
      "location-before-char-start": 9990,
      "location-before-char-end": 10001,
      "node-str": "getDesktop"
    },
    {
      "type": "delete-node",
      "node": {
        "label": "getDesktop",
        "type": "Invocation"
      },
      "location-before-char-start": 10186,
      "location-before-char-end": 10197,
      "node-str": "getDesktop"
    },
    {
      "type": "delete-node",
      "node": {
        "label": "getDesktop",
        "type": "Invocation"
      },
      "location-before-char-start": 26568,
      "location-before-char-end": 26579,
      "node-str": "getDesktop"
    },
    {
      "type": "delete-node",
      "node": {
        "label": "getDesktop",
        "type": "Invocation"
      },
      "location-before-char-start": 28207,
      "location-before-char-end": 28218,
      "node-str": "getDesktop"
    },
    {
      "type": "delete-node",
      "node": {
        "label": "getDesktop",
        "type": "Invocation"
      },
      "location-before-char-start": 28513,
      "location-before-char-end": 28524,
      "node-str": "getDesktop"
    },
    {
      "type": "delete-node",
      "node": {
        "label": "getDesktop",
        "type": "Invocation"
      },
      "location-before-char-start": 29699,
      "location-before-char-end": 29710,
      "node-str": "getDesktop"
    }
  ],
  "before-file": {},
  "after-file": {},
  "mapping": {}
}