{
  "tool-info": {},
  "diff": [
    {
      "type": "insert-node",
      "node": {
        "label": "public",
        "type": "Modifier"
      },
      "location-after-char-start": 0,
      "location-after-char-end": 0,
      "node-str": "public"
    },
    {
      "type": "insert-node",
      "node": {
        "label": "",
        "type": "TypeReference"
      },
      "location-after-char-start": 2249,
      "location-after-char-end": 2257,
      "node-str": ""
    },
    {
      "type": "insert-node",
      "node": {
        "label": "layout",
        "type": "Field"
      },
      "location-after-char-start": 2359,
      "location-after-char-end": 2405,
      "node-str": "layout"
    },
    {
      "type": "insert-node",
      "node": {
        "label": "trim",
        "type": "Field"
      },
      "location-after-char-start": 2411,
      "location-after-char-end": 2435,
      "node-str": "trim"
    },
    {
      "type": "insert-node",
      "node": {
        "label": "toDrag",
        "type": "Field"
      },
      "location-after-char-start": 2438,
      "location-after-char-end": 2464,
      "node-str": "toDrag"
    },
    {
      "type": "insert-node",
      "node": {
        "label": "curSide",
        "type": "Field"
      },
      "location-after-char-start": 2467,
      "location-after-char-end": 2494,
      "node-str": "curSide"
    },
    {
      "type": "insert-node",
      "node": {
        "label": "orientation",
        "type": "Field"
      },
      "location-after-char-start": 2497,
      "location-after-char-end": 2520,
      "node-str": "orientation"
    },
    {
      "type": "insert-node",
      "node": {
        "label": "cb",
        "type": "Field"
      },
      "location-after-char-start": 2524,
      "location-after-char-end": 2563,
      "node-str": "cb"
    },
    {
      "type": "insert-node",
      "node": {
        "label": "ci",
        "type": "Field"
      },
      "location-after-char-start": 2566,
      "location-after-char-end": 2585,
      "node-str": "ci"
    },
    {
      "type": "insert-node",
      "node": {
        "label": "dummy",
        "type": "Field"
      },
      "location-after-char-start": 2588,
      "location-after-char-end": 2611,
      "node-str": "dummy"
    },
    {
      "type": "insert-node",
      "node": {
        "label": "dockMenuManager",
        "type": "Field"
      },
      "location-after-char-start": 2619,
      "location-after-char-end": 2686,
      "node-str": "dockMenuManager"
    },
    {
      "type": "insert-node",
      "node": {
        "label": "dockContributionItem",
        "type": "Field"
      },
      "location-after-char-start": 2689,
      "location-after-char-end": 2741,
      "node-str": "dockContributionItem"
    },
    {
      "type": "insert-node",
      "node": {
        "label": "sidesMenu",
        "type": "Field"
      },
      "location-after-char-start": 2747,
      "location-after-char-end": 2769,
      "node-str": "sidesMenu"
    },
    {
      "type": "insert-node",
      "node": {
        "label": "dockCascade",
        "type": "Field"
      },
      "location-after-char-start": 2772,
      "location-after-char-end": 2800,
      "node-str": "dockCascade"
    },
    {
      "type": "insert-node",
      "node": {
        "label": "radioButtons",
        "type": "Field"
      },
      "location-after-char-start": 2806,
      "location-after-char-end": 2836,
      "node-str": "radioButtons"
    },
    {
      "type": "insert-node",
      "node": {
        "label": "radioVal",
        "type": "Field"
      },
      "location-after-char-start": 2842,
      "location-after-char-end": 2885,
      "node-str": "radioVal"
    },
    {
      "type": "insert-node",
      "node": {
        "label": "showMenu",
        "type": "Field"
      },
      "location-after-char-start": 2888,
      "location-after-char-end": 2909,
      "node-str": "showMenu"
    },
    {
      "type": "insert-node",
      "node": {
        "label": "showCascade",
        "type": "Field"
      },
      "location-after-char-start": 2912,
      "location-after-char-end": 2940,
      "node-str": "showCascade"
    },
    {
      "type": "insert-node",
      "node": {
        "label": "getDockingContribution",
        "type": "Method"
      },
      "location-after-char-start": 8400,
      "location-after-char-end": 12128,
      "node-str": "getDockingContribution"
    },
    {
      "type": "insert-node",
      "node": {
        "label": "startDraggingTrim",
        "type": "Method"
      },
      "location-after-char-start": 12808,
      "location-after-char-end": 13087,
      "node-str": "startDraggingTrim"
    },
    {
      "type": "insert-node",
      "node": {
        "label": "org.eclipse.swt.widgets.Composite",
        "type": "SUPER_TYPE"
      },
      "location-after-char-start": 0,
      "location-after-char-end": 0,
      "node-str": "org.eclipse.swt.widgets.Composite"
    },
    {
      "type": "insert-node",
      "node": {
        "label": "org.eclipse.ui.internal.layout.TrimLayout",
        "type": "VARIABLE_TYPE"
      },
      "location-after-char-start": 0,
      "location-after-char-end": 0,
      "node-str": "org.eclipse.ui.internal.layout.TrimLayout"
    },
    {
      "type": "insert-node",
      "node": {
        "label": "org.eclipse.ui.IWindowTrim",
        "type": "VARIABLE_TYPE"
      },
      "location-after-char-start": 0,
      "location-after-char-end": 0,
      "node-str": "org.eclipse.ui.IWindowTrim"
    },
    {
      "type": "insert-node",
      "node": {
        "label": "org.eclipse.swt.widgets.Control",
        "type": "VARIABLE_TYPE"
      },
      "location-after-char-start": 0,
      "location-after-char-end": 0,
      "node-str": "org.eclipse.swt.widgets.Control"
    },
    {
      "type": "insert-node",
      "node": {
        "label": "int",
        "type": "VARIABLE_TYPE"
      },
      "location-after-char-start": 0,
      "location-after-char-end": 0,
      "node-str": "int"
    },
    {
      "type": "insert-node",
      "node": {
        "label": "int",
        "type": "VARIABLE_TYPE"
      },
      "location-after-char-start": 0,
      "location-after-char-end": 0,
      "node-str": "int"
    },
    {
      "type": "insert-node",
      "node": {
        "label": "org.eclipse.swt.widgets.CoolBar",
        "type": "VARIABLE_TYPE"
      },
      "location-after-char-start": 0,
      "location-after-char-end": 0,
      "node-str": "org.eclipse.swt.widgets.CoolBar"
    },
    {
      "type": "insert-node",
      "node": {
        "label": "org.eclipse.swt.widgets.CoolItem",
        "type": "VARIABLE_TYPE"
      },
      "location-after-char-start": 0,
      "location-after-char-end": 0,
      "node-str": "org.eclipse.swt.widgets.CoolItem"
    },
    {
      "type": "insert-node",
      "node": {
        "label": "org.eclipse.swt.widgets.Composite",
        "type": "VARIABLE_TYPE"
      },
      "location-after-char-start": 0,
      "location-after-char-end": 0,
      "node-str": "org.eclipse.swt.widgets.Composite"
    },
    {
      "type": "insert-node",
      "node": {
        "label": "org.eclipse.jface.action.MenuManager",
        "type": "VARIABLE_TYPE"
      },
      "location-after-char-start": 0,
      "location-after-char-end": 0,
      "node-str": "org.eclipse.jface.action.MenuManager"
    },
    {
      "type": "insert-node",
      "node": {
        "label": "org.eclipse.jface.action.ContributionItem",
        "type": "VARIABLE_TYPE"
      },
      "location-after-char-start": 0,
      "location-after-char-end": 0,
      "node-str": "org.eclipse.jface.action.ContributionItem"
    },
    {
      "type": "insert-node",
      "node": {
        "label": "null",
        "type": "Literal"
      },
      "location-after-char-start": 2737,
      "location-after-char-end": 2740,
      "node-str": "null"
    },
    {
      "type": "insert-node",
      "node": {
        "label": "org.eclipse.swt.widgets.Menu",
        "type": "VARIABLE_TYPE"
      },
      "location-after-char-start": 0,
      "location-after-char-end": 0,
      "node-str": "org.eclipse.swt.widgets.Menu"
    },
    {
      "type": "insert-node",
      "node": {
        "label": "org.eclipse.swt.widgets.MenuItem",
        "type": "VARIABLE_TYPE"
      },
      "location-after-char-start": 0,
      "location-after-char-end": 0,
      "node-str": "org.eclipse.swt.widgets.MenuItem"
    },
    {
      "type": "insert-node",
      "node": {
        "label": "org.eclipse.ui.internal.RadioMenu",
        "type": "VARIABLE_TYPE"
      },
      "location-after-char-start": 0,
      "location-after-char-end": 0,
      "node-str": "org.eclipse.ui.internal.RadioMenu"
    },
    {
      "type": "insert-node",
      "node": {
        "label": "org.eclipse.ui.internal.IntModel",
        "type": "VARIABLE_TYPE"
      },
      "location-after-char-start": 0,
      "location-after-char-end": 0,
      "node-str": "org.eclipse.ui.internal.IntModel"
    },
    {
      "type": "insert-node",
      "node": {
        "label": "org.eclipse.ui.internal.IntModel(int)",
        "type": "ConstructorCall"
      },
      "location-after-char-start": 2870,
      "location-after-char-end": 2884,
      "node-str": "org.eclipse.ui.internal.IntModel(int)"
    },
    {
      "type": "insert-node",
      "node": {
        "label": "org.eclipse.swt.widgets.Menu",
        "type": "VARIABLE_TYPE"
      },
      "location-after-char-start": 0,
      "location-after-char-end": 0,
      "node-str": "org.eclipse.swt.widgets.Menu"
    },
    {
      "type": "insert-node",
      "node": {
        "label": "org.eclipse.swt.widgets.MenuItem",
        "type": "VARIABLE_TYPE"
      },
      "location-after-char-start": 0,
      "location-after-char-end": 0,
      "node-str": "org.eclipse.swt.widgets.MenuItem"
    },
    {
      "type": "insert-node",
      "node": {
        "label": "org.eclipse.jface.action.ContributionItem",
        "type": "RETURN_TYPE"
      },
      "location-after-char-start": 0,
      "location-after-char-end": 0,
      "node-str": "org.eclipse.jface.action.ContributionItem"
    },
    {
      "type": "insert-node",
      "node": {
        "label": "public",
        "type": "Modifier"
      },
      "location-after-char-start": 0,
      "location-after-char-end": 0,
      "node-str": "public"
    },
    {
      "type": "insert-node",
      "node": {
        "label": "if",
        "type": "If"
      },
      "location-after-char-start": 8757,
      "location-after-char-end": 12088,
      "node-str": "if"
    },
    {
      "type": "insert-node",
      "node": {
        "label": "return",
        "type": "Return"
      },
      "location-after-char-start": 12095,
      "location-after-char-end": 12122,
      "node-str": "return"
    },
    {
      "type": "insert-node",
      "node": {
        "label": "void",
        "type": "RETURN_TYPE"
      },
      "location-after-char-start": 0,
      "location-after-char-end": 0,
      "node-str": "void"
    },
    {
      "type": "insert-node",
      "node": {
        "label": "protected",
        "type": "Modifier"
      },
      "location-after-char-start": 0,
      "location-after-char-end": 0,
      "node-str": "protected"
    },
    {
      "type": "insert-node",
      "node": {
        "label": "position",
        "type": "Parameter"
      },
      "location-after-char-start": 12943,
      "location-after-char-end": 12956,
      "node-str": "position"
    },
    {
      "type": "insert-node",
      "node": {
        "label": "fakeBounds",
        "type": "LocalVariable"
      },
      "location-after-char-start": 12966,
      "location-after-char-end": 13017,
      "node-str": "fakeBounds"
    },
    {
      "type": "insert-node",
      "node": {
        "label": "performDrag",
        "type": "Invocation"
      },
      "location-after-char-start": 13027,
      "location-after-char-end": 13081,
      "node-str": "performDrag"
    },
    {
      "type": "insert-node",
      "node": {
        "label": "0",
        "type": "Literal"
      },
      "location-after-char-start": 2883,
      "location-after-char-end": 2883,
      "node-str": "0"
    },
    {
      "type": "insert-node",
      "node": {
        "label": "EQ",
        "type": "BinaryOperator"
      },
      "location-after-char-start": 8761,
      "location-after-char-end": 8788,
      "node-str": "EQ"
    },
    {
      "type": "insert-node",
      "node": {
        "label": "THEN",
        "type": "then"
      },
      "location-after-char-start": 8791,
      "location-after-char-end": 12088,
      "node-str": "THEN"
    },
    {
      "type": "insert-node",
      "node": {
        "label": "dockContributionItem",
        "type": "FieldRead"
      },
      "location-after-char-start": 12102,
      "location-after-char-end": 12121,
      "node-str": "dockContributionItem"
    },
    {
      "type": "insert-node",
      "node": {
        "label": "org.eclipse.swt.graphics.Point",
        "type": "VARIABLE_TYPE"
      },
      "location-after-char-start": 0,
      "location-after-char-end": 0,
      "node-str": "org.eclipse.swt.graphics.Point"
    },
    {
      "type": "insert-node",
      "node": {
        "label": "org.eclipse.swt.graphics.Rectangle",
        "type": "VARIABLE_TYPE"
      },
      "location-after-char-start": 0,
      "location-after-char-end": 0,
      "node-str": "org.eclipse.swt.graphics.Rectangle"
    },
    {
      "type": "insert-node",
      "node": {
        "label": "org.eclipse.swt.graphics.Rectangle(int,int,int,int)",
        "type": "ConstructorCall"
      },
      "location-after-char-start": 12989,
      "location-after-char-end": 13016,
      "node-str": "org.eclipse.swt.graphics.Rectangle(int,int,int,int)"
    },
    {
      "type": "insert-node",
      "node": {
        "label": "org.eclipse.ui.internal.dnd.DragUtil",
        "type": "TypeAccess"
      },
      "location-after-char-start": 13027,
      "location-after-char-end": 13034,
      "node-str": "org.eclipse.ui.internal.dnd.DragUtil"
    },
    {
      "type": "insert-node",
      "node": {
        "label": "trim",
        "type": "FieldRead"
      },
      "location-after-char-start": 13048,
      "location-after-char-end": 13051,
      "node-str": "trim"
    },
    {
      "type": "insert-node",
      "node": {
        "label": "fakeBounds",
        "type": "VariableRead"
      },
      "location-after-char-start": 13054,
      "location-after-char-end": 13063,
      "node-str": "fakeBounds"
    },
    {
      "type": "insert-node",
      "node": {
        "label": "position",
        "type": "VariableRead"
      },
      "location-after-char-start": 13066,
      "location-after-char-end": 13073,
      "node-str": "position"
    },
    {
      "type": "insert-node",
      "node": {
        "label": "true",
        "type": "Literal"
      },
      "location-after-char-start": 13076,
      "location-after-char-end": 13079,
      "node-str": "true"
    },
    {
      "type": "insert-node",
      "node": {
        "label": "dockContributionItem",
        "type": "FieldRead"
      },
      "location-after-char-start": 8761,
      "location-after-char-end": 8780,
      "node-str": "dockContributionItem"
    },
    {
      "type": "insert-node",
      "node": {
        "label": "null",
        "type": "Literal"
      },
      "location-after-char-start": 8785,
      "location-after-char-end": 8788,
      "node-str": "null"
    },
    {
      "type": "insert-node",
      "node": {
        "label": "\u003d",
        "type": "Assignment"
      },
      "location-after-char-start": 8799,
      "location-after-char-end": 12081,
      "node-str": "\u003d"
    },
    {
      "type": "insert-node",
      "node": {
        "label": "org.eclipse.ui.internal.layout.TrimCommonUIHandle",
        "type": "TypeAccess"
      },
      "location-after-char-start": 0,
      "location-after-char-end": 0,
      "node-str": "org.eclipse.ui.internal.layout.TrimCommonUIHandle"
    },
    {
      "type": "insert-node",
      "node": {
        "label": "100000",
        "type": "Literal"
      },
      "location-after-char-start": 13003,
      "location-after-char-end": 13008,
      "node-str": "100000"
    },
    {
      "type": "insert-node",
      "node": {
        "label": "0",
        "type": "Literal"
      },
      "location-after-char-start": 13011,
      "location-after-char-end": 13011,
      "node-str": "0"
    },
    {
      "type": "insert-node",
      "node": {
        "label": "0",
        "type": "Literal"
      },
      "location-after-char-start": 13013,
      "location-after-char-end": 13013,
      "node-str": "0"
    },
    {
      "type": "insert-node",
      "node": {
        "label": "0",
        "type": "Literal"
      },
      "location-after-char-start": 13015,
      "location-after-char-end": 13015,
      "node-str": "0"
    },
    {
      "type": "insert-node",
      "node": {
        "label": "org.eclipse.ui.internal.layout.TrimCommonUIHandle",
        "type": "TypeAccess"
      },
      "location-after-char-start": 0,
      "location-after-char-end": 0,
      "node-str": "org.eclipse.ui.internal.layout.TrimCommonUIHandle"
    },
    {
      "type": "insert-node",
      "node": {
        "label": "org.eclipse.ui.internal.layout.TrimCommonUIHandle",
        "type": "TypeAccess"
      },
      "location-after-char-start": 0,
      "location-after-char-end": 0,
      "node-str": "org.eclipse.ui.internal.layout.TrimCommonUIHandle"
    },
    {
      "type": "insert-node",
      "node": {
        "label": "dockContributionItem",
        "type": "FieldWrite"
      },
      "location-after-char-start": 8799,
      "location-after-char-end": 8818,
      "node-str": "dockContributionItem"
    },
    {
      "type": "insert-node",
      "node": {
        "label": "org.eclipse.jface.action.ContributionItem()",
        "type": "NewClass"
      },
      "location-after-char-start": 8822,
      "location-after-char-end": 12080,
      "node-str": "org.eclipse.jface.action.ContributionItem()"
    },
    {
      "type": "insert-node",
      "node": {
        "label": "org.eclipse.ui.internal.layout.TrimCommonUIHandle",
        "type": "TypeAccess"
      },
      "location-after-char-start": 0,
      "location-after-char-end": 0,
      "node-str": "org.eclipse.ui.internal.layout.TrimCommonUIHandle"
    },
    {
      "type": "insert-node",
      "node": {
        "label": "4",
        "type": "Class"
      },
      "location-after-char-start": 8845,
      "location-after-char-end": 12080,
      "node-str": "4"
    },
    {
      "type": "insert-node",
      "node": {
        "label": "",
        "type": "TypeReference"
      },
      "location-after-char-start": 0,
      "location-after-char-end": 0,
      "node-str": ""
    },
    {
      "type": "move-subtree",
      "node": {
        "label": "fill",
        "type": "Method"
      },
      "location-before-char-start": 8854,
      "location-before-char-end": 12487,
      "location-after-char-start": 8854,
      "location-after-char-end": 12072,
      "node-str": "fill"
    },
    {
      "type": "insert-node",
      "node": {
        "label": "org.eclipse.jface.action.ContributionItem",
        "type": "SUPER_TYPE"
      },
      "location-after-char-start": 0,
      "location-after-char-end": 0,
      "node-str": "org.eclipse.jface.action.ContributionItem"
    },
    {
      "type": "insert-node",
      "node": {
        "label": "void",
        "type": "RETURN_TYPE"
      },
      "location-after-char-start": 0,
      "location-after-char-end": 0,
      "node-str": "void"
    },
    {
      "type": "insert-node",
      "node": {
        "label": "public",
        "type": "Modifier"
      },
      "location-after-char-start": 0,
      "location-after-char-end": 0,
      "node-str": "public"
    },
    {
      "type": "insert-node",
      "node": {
        "label": "menu",
        "type": "Parameter"
      },
      "location-after-char-start": 8871,
      "location-after-char-end": 8879,
      "node-str": "menu"
    },
    {
      "type": "insert-node",
      "node": {
        "label": "index",
        "type": "Parameter"
      },
      "location-after-char-start": 8882,
      "location-after-char-end": 8890,
      "node-str": "index"
    },
    {
      "type": "insert-node",
      "node": {
        "label": "fill",
        "type": "Invocation"
      },
      "location-after-char-start": 8939,
      "location-after-char-end": 8962,
      "node-str": "fill"
    },
    {
      "type": "insert-node",
      "node": {
        "label": "if",
        "type": "If"
      },
      "location-after-char-start": 9052,
      "location-after-char-end": 9523,
      "node-str": "if"
    },
    {
      "type": "insert-node",
      "node": {
        "label": "setText",
        "type": "Invocation"
      },
      "location-after-char-start": 9687,
      "location-after-char-end": 9743,
      "node-str": "setText"
    },
    {
      "type": "insert-node",
      "node": {
        "label": "addChangeListener",
        "type": "Invocation"
      },
      "location-after-char-start": 10647,
      "location-after-char-end": 10825,
      "node-str": "addChangeListener"
    },
    {
      "type": "insert-node",
      "node": {
        "label": "setText",
        "type": "Invocation"
      },
      "location-after-char-start": 10968,
      "location-after-char-end": 11026,
      "node-str": "setText"
    },
    {
      "type": "insert-node",
      "node": {
        "label": "d",
        "type": "LocalVariable"
      },
      "location-after-char-start": 11224,
      "location-after-char-end": 11257,
      "node-str": "d"
    },
    {
      "type": "insert-node",
      "node": {
        "label": "org.eclipse.swt.widgets.Menu",
        "type": "VARIABLE_TYPE"
      },
      "location-after-char-start": 0,
      "location-after-char-end": 0,
      "node-str": "org.eclipse.swt.widgets.Menu"
    },
    {
      "type": "insert-node",
      "node": {
        "label": "int",
        "type": "VARIABLE_TYPE"
      },
      "location-after-char-start": 0,
      "location-after-char-end": 0,
      "node-str": "int"
    },
    {
      "type": "insert-node",
      "node": {
        "label": "super",
        "type": "SuperAccess"
      },
      "location-after-char-start": 8939,
      "location-after-char-end": 8943,
      "node-str": "super"
    },
    {
      "type": "insert-node",
      "node": {
        "label": "menu",
        "type": "VariableRead"
      },
      "location-after-char-start": 8950,
      "location-after-char-end": 8953,
      "node-str": "menu"
    },
    {
      "type": "insert-node",
      "node": {
        "label": "index",
        "type": "VariableRead"
      },
      "location-after-char-start": 8956,
      "location-after-char-end": 8960,
      "node-str": "index"
    },
    {
      "type": "insert-node",
      "node": {
        "label": "isCloseable",
        "type": "Invocation"
      },
      "location-after-char-start": 9056,
      "location-after-char-end": 9073,
      "node-str": "isCloseable"
    },
    {
      "type": "insert-node",
      "node": {
        "label": "THEN",
        "type": "then"
      },
      "location-after-char-start": 9076,
      "location-after-char-end": 9523,
      "node-str": "THEN"
    },
    {
      "type": "insert-node",
      "node": {
        "label": "dockCascade",
        "type": "FieldRead"
      },
      "location-after-char-start": 9687,
      "location-after-char-end": 9697,
      "node-str": "dockCascade"
    },
    {
      "type": "insert-node",
      "node": {
        "label": "WorkbenchMessages.TrimCommon_DockOn",
        "type": "TypeAccess"
      },
      "location-after-char-start": 9707,
      "location-after-char-end": 9741,
      "node-str": "WorkbenchMessages.TrimCommon_DockOn"
    },
    {
      "type": "insert-node",
      "node": {
        "label": "radioVal",
        "type": "FieldRead"
      },
      "location-after-char-start": 10647,
      "location-after-char-end": 10654,
      "node-str": "radioVal"
    },
    {
      "type": "insert-node",
      "node": {
        "label": "org.eclipse.ui.internal.IChangeListener()",
        "type": "NewClass"
      },
      "location-after-char-start": 10674,
      "location-after-char-end": 10823,
      "node-str": "org.eclipse.ui.internal.IChangeListener()"
    },
    {
      "type": "insert-node",
      "node": {
        "label": "showCascade",
        "type": "FieldRead"
      },
      "location-after-char-start": 10968,
      "location-after-char-end": 10978,
      "node-str": "showCascade"
    },
    {
      "type": "insert-node",
      "node": {
        "label": "WorkbenchMessages.TrimCommon_ShowTrim",
        "type": "TypeAccess"
      },
      "location-after-char-start": 10988,
      "location-after-char-end": 11024,
      "node-str": "WorkbenchMessages.TrimCommon_ShowTrim"
    },
    {
      "type": "insert-node",
      "node": {
        "label": "java.util.Iterator",
        "type": "VARIABLE_TYPE"
      },
      "location-after-char-start": 0,
      "location-after-char-end": 0,
      "node-str": "java.util.Iterator"
    },
    {
      "type": "insert-node",
      "node": {
        "label": "iterator",
        "type": "Invocation"
      },
      "location-after-char-start": 11237,
      "location-after-char-end": 11256,
      "node-str": "iterator"
    },
    {
      "type": "insert-node",
      "node": {
        "label": "trim",
        "type": "FieldRead"
      },
      "location-after-char-start": 9056,
      "location-after-char-end": 9059,
      "node-str": "trim"
    },
    {
      "type": "move-subtree",
      "node": {
        "label": "closeItem",
        "type": "LocalVariable"
      },
      "location-before-char-start": 9572,
      "location-before-char-end": 9630,
      "location-after-char-start": 9087,
      "location-after-char-end": 9145,
      "node-str": "closeItem"
    },
    {
      "type": "insert-node",
      "node": {
        "label": "setText",
        "type": "Invocation"
      },
      "location-after-char-start": 9156,
      "location-after-char-end": 9209,
      "node-str": "setText"
    },
    {
      "type": "insert-node",
      "node": {
        "label": "addSelectionListener",
        "type": "Invocation"
      },
      "location-after-char-start": 9230,
      "location-after-char-end": 9459,
      "node-str": "addSelectionListener"
    },
    {
      "type": "move-subtree",
      "node": {
        "label": "java.lang.Object()",
        "type": "ConstructorCall"
      },
      "location-before-char-start": 9956,
      "location-before-char-end": 9998,
      "location-after-char-start": 9471,
      "location-after-char-end": 9513,
      "node-str": "java.lang.Object()"
    },
    {
      "type": "insert-node",
      "node": {
        "label": "org.eclipse.ui.internal.layout.TrimCommonUIHandle",
        "type": "TypeAccess"
      },
      "location-after-char-start": 0,
      "location-after-char-end": 0,
      "node-str": "org.eclipse.ui.internal.layout.TrimCommonUIHandle"
    },
    {
      "type": "insert-node",
      "node": {
        "label": "org.eclipse.ui.internal.layout.TrimCommonUIHandle",
        "type": "TypeAccess"
      },
      "location-after-char-start": 0,
      "location-after-char-end": 0,
      "node-str": "org.eclipse.ui.internal.layout.TrimCommonUIHandle"
    },
    {
      "type": "insert-node",
      "node": {
        "label": "2",
        "type": "Class"
      },
      "location-after-char-start": 10696,
      "location-after-char-end": 10823,
      "node-str": "2"
    },
    {
      "type": "insert-node",
      "node": {
        "label": "org.eclipse.ui.internal.layout.TrimCommonUIHandle",
        "type": "TypeAccess"
      },
      "location-after-char-start": 0,
      "location-after-char-end": 0,
      "node-str": "org.eclipse.ui.internal.layout.TrimCommonUIHandle"
    },
    {
      "type": "insert-node",
      "node": {
        "label": "trimItems",
        "type": "VariableRead"
      },
      "location-after-char-start": 11237,
      "location-after-char-end": 11245,
      "node-str": "trimItems"
    },
    {
      "type": "insert-node",
      "node": {
        "label": "org.eclipse.ui.internal.layout.TrimCommonUIHandle",
        "type": "TypeAccess"
      },
      "location-after-char-start": 0,
      "location-after-char-end": 0,
      "node-str": "org.eclipse.ui.internal.layout.TrimCommonUIHandle"
    },
    {
      "type": "insert-node",
      "node": {
        "label": "closeItem",
        "type": "VariableRead"
      },
      "location-after-char-start": 9156,
      "location-after-char-end": 9164,
      "node-str": "closeItem"
    },
    {
      "type": "insert-node",
      "node": {
        "label": "WorkbenchMessages.TrimCommon_Close",
        "type": "TypeAccess"
      },
      "location-after-char-start": 9174,
      "location-after-char-end": 9207,
      "node-str": "WorkbenchMessages.TrimCommon_Close"
    },
    {
      "type": "insert-node",
      "node": {
        "label": "closeItem",
        "type": "VariableRead"
      },
      "location-after-char-start": 9230,
      "location-after-char-end": 9238,
      "node-str": "closeItem"
    },
    {
      "type": "insert-node",
      "node": {
        "label": "org.eclipse.swt.events.SelectionListener()",
        "type": "NewClass"
      },
      "location-after-char-start": 9261,
      "location-after-char-end": 9457,
      "node-str": "org.eclipse.swt.events.SelectionListener()"
    },
    {
      "type": "insert-node",
      "node": {
        "label": "",
        "type": "TypeReference"
      },
      "location-after-char-start": 0,
      "location-after-char-end": 0,
      "node-str": ""
    },
    {
      "type": "insert-node",
      "node": {
        "label": "update",
        "type": "Method"
      },
      "location-after-char-start": 10707,
      "location-after-char-end": 10810,
      "node-str": "update"
    },
    {
      "type": "insert-node",
      "node": {
        "label": "1",
        "type": "Class"
      },
      "location-after-char-start": 9285,
      "location-after-char-end": 9457,
      "node-str": "1"
    },
    {
      "type": "insert-node",
      "node": {
        "label": "org.eclipse.ui.internal.IChangeListener",
        "type": "SUPER_TYPE"
      },
      "location-after-char-start": 0,
      "location-after-char-end": 0,
      "node-str": "org.eclipse.ui.internal.IChangeListener"
    },
    {
      "type": "insert-node",
      "node": {
        "label": "void",
        "type": "RETURN_TYPE"
      },
      "location-after-char-start": 0,
      "location-after-char-end": 0,
      "node-str": "void"
    },
    {
      "type": "insert-node",
      "node": {
        "label": "public",
        "type": "Modifier"
      },
      "location-after-char-start": 0,
      "location-after-char-end": 0,
      "node-str": "public"
    },
    {
      "type": "insert-node",
      "node": {
        "label": "changed",
        "type": "Parameter"
      },
      "location-after-char-start": 10726,
      "location-after-char-end": 10740,
      "node-str": "changed"
    },
    {
      "type": "insert-node",
      "node": {
        "label": "if",
        "type": "If"
      },
      "location-after-char-start": 10755,
      "location-after-char-end": 10799,
      "node-str": "if"
    },
    {
      "type": "insert-node",
      "node": {
        "label": "",
        "type": "TypeReference"
      },
      "location-after-char-start": 0,
      "location-after-char-end": 0,
      "node-str": ""
    },
    {
      "type": "insert-node",
      "node": {
        "label": "widgetSelected",
        "type": "Method"
      },
      "location-after-char-start": 9294,
      "location-after-char-end": 9375,
      "node-str": "widgetSelected"
    },
    {
      "type": "move-subtree",
      "node": {
        "label": "widgetDefaultSelected",
        "type": "Method"
      },
      "location-before-char-start": 9870,
      "location-before-char-end": 9931,
      "location-after-char-start": 9385,
      "location-after-char-end": 9446,
      "node-str": "widgetDefaultSelected"
    },
    {
      "type": "insert-node",
      "node": {
        "label": "boolean",
        "type": "VARIABLE_TYPE"
      },
      "location-after-char-start": 0,
      "location-after-char-end": 0,
      "node-str": "boolean"
    },
    {
      "type": "insert-node",
      "node": {
        "label": "changed",
        "type": "VariableRead"
      },
      "location-after-char-start": 10759,
      "location-after-char-end": 10765,
      "node-str": "changed"
    },
    {
      "type": "insert-node",
      "node": {
        "label": "THEN",
        "type": "then"
      },
      "location-after-char-start": 10779,
      "location-after-char-end": 10799,
      "node-str": "THEN"
    },
    {
      "type": "insert-node",
      "node": {
        "label": "org.eclipse.swt.events.SelectionListener",
        "type": "SUPER_TYPE"
      },
      "location-after-char-start": 0,
      "location-after-char-end": 0,
      "node-str": "org.eclipse.swt.events.SelectionListener"
    },
    {
      "type": "insert-node",
      "node": {
        "label": "void",
        "type": "RETURN_TYPE"
      },
      "location-after-char-start": 0,
      "location-after-char-end": 0,
      "node-str": "void"
    },
    {
      "type": "insert-node",
      "node": {
        "label": "public",
        "type": "Modifier"
      },
      "location-after-char-start": 0,
      "location-after-char-end": 0,
      "node-str": "public"
    },
    {
      "type": "insert-node",
      "node": {
        "label": "e",
        "type": "Parameter"
      },
      "location-after-char-start": 9321,
      "location-after-char-end": 9336,
      "node-str": "e"
    },
    {
      "type": "insert-node",
      "node": {
        "label": "handleCloseTrim",
        "type": "Invocation"
      },
      "location-after-char-start": 9349,
      "location-after-char-end": 9366,
      "node-str": "handleCloseTrim"
    },
    {
      "type": "insert-node",
      "node": {
        "label": "handleShowOnChange",
        "type": "Invocation"
      },
      "location-after-char-start": 10779,
      "location-after-char-end": 10799,
      "node-str": "handleShowOnChange"
    },
    {
      "type": "insert-node",
      "node": {
        "label": "org.eclipse.swt.events.SelectionEvent",
        "type": "VARIABLE_TYPE"
      },
      "location-after-char-start": 0,
      "location-after-char-end": 0,
      "node-str": "org.eclipse.swt.events.SelectionEvent"
    },
    {
      "type": "insert-node",
      "node": {
        "label": "org.eclipse.ui.internal.layout.TrimCommonUIHandle$4$1",
        "type": "TypeAccess"
      },
      "location-after-char-start": 0,
      "location-after-char-end": 0,
      "node-str": "org.eclipse.ui.internal.layout.TrimCommonUIHandle$4$1"
    },
    {
      "type": "insert-node",
      "node": {
        "label": "org.eclipse.ui.internal.layout.TrimCommonUIHandle$4$2",
        "type": "TypeAccess"
      },
      "location-after-char-start": 0,
      "location-after-char-end": 0,
      "node-str": "org.eclipse.ui.internal.layout.TrimCommonUIHandle$4$2"
    },
    {
      "type": "delete-node",
      "node": {
        "label": "public",
        "type": "Modifier"
      },
      "location-before-char-start": 0,
      "location-before-char-end": 0,
      "node-str": "public"
    },
    {
      "type": "delete-node",
      "node": {
        "label": "org.eclipse.swt.widgets.Composite",
        "type": "SUPER_TYPE"
      },
      "location-before-char-start": 0,
      "location-before-char-end": 0,
      "node-str": "org.eclipse.swt.widgets.Composite"
    },
    {
      "type": "delete-node",
      "node": {
        "label": "",
        "type": "TypeReference"
      },
      "location-before-char-start": 2249,
      "location-before-char-end": 2257,
      "node-str": ""
    },
    {
      "type": "delete-node",
      "node": {
        "label": "org.eclipse.ui.internal.layout.TrimLayout",
        "type": "VARIABLE_TYPE"
      },
      "location-before-char-start": 0,
      "location-before-char-end": 0,
      "node-str": "org.eclipse.ui.internal.layout.TrimLayout"
    },
    {
      "type": "delete-node",
      "node": {
        "label": "layout",
        "type": "Field"
      },
      "location-before-char-start": 2359,
      "location-before-char-end": 2405,
      "node-str": "layout"
    },
    {
      "type": "delete-node",
      "node": {
        "label": "org.eclipse.ui.IWindowTrim",
        "type": "VARIABLE_TYPE"
      },
      "location-before-char-start": 0,
      "location-before-char-end": 0,
      "node-str": "org.eclipse.ui.IWindowTrim"
    },
    {
      "type": "delete-node",
      "node": {
        "label": "trim",
        "type": "Field"
      },
      "location-before-char-start": 2411,
      "location-before-char-end": 2435,
      "node-str": "trim"
    },
    {
      "type": "delete-node",
      "node": {
        "label": "org.eclipse.swt.widgets.Control",
        "type": "VARIABLE_TYPE"
      },
      "location-before-char-start": 0,
      "location-before-char-end": 0,
      "node-str": "org.eclipse.swt.widgets.Control"
    },
    {
      "type": "delete-node",
      "node": {
        "label": "toDrag",
        "type": "Field"
      },
      "location-before-char-start": 2438,
      "location-before-char-end": 2464,
      "node-str": "toDrag"
    },
    {
      "type": "delete-node",
      "node": {
        "label": "int",
        "type": "VARIABLE_TYPE"
      },
      "location-before-char-start": 0,
      "location-before-char-end": 0,
      "node-str": "int"
    },
    {
      "type": "delete-node",
      "node": {
        "label": "curSide",
        "type": "Field"
      },
      "location-before-char-start": 2467,
      "location-before-char-end": 2494,
      "node-str": "curSide"
    },
    {
      "type": "delete-node",
      "node": {
        "label": "int",
        "type": "VARIABLE_TYPE"
      },
      "location-before-char-start": 0,
      "location-before-char-end": 0,
      "node-str": "int"
    },
    {
      "type": "delete-node",
      "node": {
        "label": "orientation",
        "type": "Field"
      },
      "location-before-char-start": 2497,
      "location-before-char-end": 2520,
      "node-str": "orientation"
    },
    {
      "type": "delete-node",
      "node": {
        "label": "org.eclipse.swt.widgets.CoolBar",
        "type": "VARIABLE_TYPE"
      },
      "location-before-char-start": 0,
      "location-before-char-end": 0,
      "node-str": "org.eclipse.swt.widgets.CoolBar"
    },
    {
      "type": "delete-node",
      "node": {
        "label": "cb",
        "type": "Field"
      },
      "location-before-char-start": 2524,
      "location-before-char-end": 2563,
      "node-str": "cb"
    },
    {
      "type": "delete-node",
      "node": {
        "label": "org.eclipse.swt.widgets.CoolItem",
        "type": "VARIABLE_TYPE"
      },
      "location-before-char-start": 0,
      "location-before-char-end": 0,
      "node-str": "org.eclipse.swt.widgets.CoolItem"
    },
    {
      "type": "delete-node",
      "node": {
        "label": "ci",
        "type": "Field"
      },
      "location-before-char-start": 2566,
      "location-before-char-end": 2585,
      "node-str": "ci"
    },
    {
      "type": "delete-node",
      "node": {
        "label": "org.eclipse.swt.widgets.Composite",
        "type": "VARIABLE_TYPE"
      },
      "location-before-char-start": 0,
      "location-before-char-end": 0,
      "node-str": "org.eclipse.swt.widgets.Composite"
    },
    {
      "type": "delete-node",
      "node": {
        "label": "dummy",
        "type": "Field"
      },
      "location-before-char-start": 2588,
      "location-before-char-end": 2611,
      "node-str": "dummy"
    },
    {
      "type": "delete-node",
      "node": {
        "label": "org.eclipse.jface.action.MenuManager",
        "type": "VARIABLE_TYPE"
      },
      "location-before-char-start": 0,
      "location-before-char-end": 0,
      "node-str": "org.eclipse.jface.action.MenuManager"
    },
    {
      "type": "delete-node",
      "node": {
        "label": "dockMenuManager",
        "type": "Field"
      },
      "location-before-char-start": 2619,
      "location-before-char-end": 2686,
      "node-str": "dockMenuManager"
    },
    {
      "type": "delete-node",
      "node": {
        "label": "org.eclipse.jface.action.ContributionItem",
        "type": "VARIABLE_TYPE"
      },
      "location-before-char-start": 0,
      "location-before-char-end": 0,
      "node-str": "org.eclipse.jface.action.ContributionItem"
    },
    {
      "type": "delete-node",
      "node": {
        "label": "null",
        "type": "Literal"
      },
      "location-before-char-start": 2737,
      "location-before-char-end": 2740,
      "node-str": "null"
    },
    {
      "type": "delete-node",
      "node": {
        "label": "dockContributionItem",
        "type": "Field"
      },
      "location-before-char-start": 2689,
      "location-before-char-end": 2741,
      "node-str": "dockContributionItem"
    },
    {
      "type": "delete-node",
      "node": {
        "label": "org.eclipse.swt.widgets.Menu",
        "type": "VARIABLE_TYPE"
      },
      "location-before-char-start": 0,
      "location-before-char-end": 0,
      "node-str": "org.eclipse.swt.widgets.Menu"
    },
    {
      "type": "delete-node",
      "node": {
        "label": "sidesMenu",
        "type": "Field"
      },
      "location-before-char-start": 2747,
      "location-before-char-end": 2769,
      "node-str": "sidesMenu"
    },
    {
      "type": "delete-node",
      "node": {
        "label": "org.eclipse.swt.widgets.MenuItem",
        "type": "VARIABLE_TYPE"
      },
      "location-before-char-start": 0,
      "location-before-char-end": 0,
      "node-str": "org.eclipse.swt.widgets.MenuItem"
    },
    {
      "type": "delete-node",
      "node": {
        "label": "dockCascade",
        "type": "Field"
      },
      "location-before-char-start": 2772,
      "location-before-char-end": 2800,
      "node-str": "dockCascade"
    },
    {
      "type": "delete-node",
      "node": {
        "label": "org.eclipse.ui.internal.RadioMenu",
        "type": "VARIABLE_TYPE"
      },
      "location-before-char-start": 0,
      "location-before-char-end": 0,
      "node-str": "org.eclipse.ui.internal.RadioMenu"
    },
    {
      "type": "delete-node",
      "node": {
        "label": "radioButtons",
        "type": "Field"
      },
      "location-before-char-start": 2806,
      "location-before-char-end": 2836,
      "node-str": "radioButtons"
    },
    {
      "type": "delete-node",
      "node": {
        "label": "org.eclipse.ui.internal.IntModel",
        "type": "VARIABLE_TYPE"
      },
      "location-before-char-start": 0,
      "location-before-char-end": 0,
      "node-str": "org.eclipse.ui.internal.IntModel"
    },
    {
      "type": "delete-node",
      "node": {
        "label": "0",
        "type": "Literal"
      },
      "location-before-char-start": 2883,
      "location-before-char-end": 2883,
      "node-str": "0"
    },
    {
      "type": "delete-node",
      "node": {
        "label": "org.eclipse.ui.internal.IntModel(int)",
        "type": "ConstructorCall"
      },
      "location-before-char-start": 2870,
      "location-before-char-end": 2884,
      "node-str": "org.eclipse.ui.internal.IntModel(int)"
    },
    {
      "type": "delete-node",
      "node": {
        "label": "radioVal",
        "type": "Field"
      },
      "location-before-char-start": 2842,
      "location-before-char-end": 2885,
      "node-str": "radioVal"
    },
    {
      "type": "delete-node",
      "node": {
        "label": "org.eclipse.swt.widgets.Menu",
        "type": "VARIABLE_TYPE"
      },
      "location-before-char-start": 0,
      "location-before-char-end": 0,
      "node-str": "org.eclipse.swt.widgets.Menu"
    },
    {
      "type": "delete-node",
      "node": {
        "label": "showMenu",
        "type": "Field"
      },
      "location-before-char-start": 2888,
      "location-before-char-end": 2909,
      "node-str": "showMenu"
    },
    {
      "type": "delete-node",
      "node": {
        "label": "org.eclipse.swt.widgets.MenuItem",
        "type": "VARIABLE_TYPE"
      },
      "location-before-char-start": 0,
      "location-before-char-end": 0,
      "node-str": "org.eclipse.swt.widgets.MenuItem"
    },
    {
      "type": "delete-node",
      "node": {
        "label": "showCascade",
        "type": "Field"
      },
      "location-before-char-start": 2912,
      "location-before-char-end": 2940,
      "node-str": "showCascade"
    },
    {
      "type": "delete-node",
      "node": {
        "label": "void",
        "type": "RETURN_TYPE"
      },
      "location-before-char-start": 0,
      "location-before-char-end": 0,
      "node-str": "void"
    },
    {
      "type": "delete-node",
      "node": {
        "label": "public",
        "type": "Modifier"
      },
      "location-before-char-start": 0,
      "location-before-char-end": 0,
      "node-str": "public"
    },
    {
      "type": "delete-node",
      "node": {
        "label": "org.eclipse.swt.widgets.Menu",
        "type": "VARIABLE_TYPE"
      },
      "location-before-char-start": 0,
      "location-before-char-end": 0,
      "node-str": "org.eclipse.swt.widgets.Menu"
    },
    {
      "type": "delete-node",
      "node": {
        "label": "menu",
        "type": "Parameter"
      },
      "location-before-char-start": 8871,
      "location-before-char-end": 8879,
      "node-str": "menu"
    },
    {
      "type": "delete-node",
      "node": {
        "label": "int",
        "type": "VARIABLE_TYPE"
      },
      "location-before-char-start": 0,
      "location-before-char-end": 0,
      "node-str": "int"
    },
    {
      "type": "delete-node",
      "node": {
        "label": "index",
        "type": "Parameter"
      },
      "location-before-char-start": 8882,
      "location-before-char-end": 8890,
      "node-str": "index"
    },
    {
      "type": "delete-node",
      "node": {
        "label": "super",
        "type": "SuperAccess"
      },
      "location-before-char-start": 8939,
      "location-before-char-end": 8943,
      "node-str": "super"
    },
    {
      "type": "delete-node",
      "node": {
        "label": "menu",
        "type": "VariableRead"
      },
      "location-before-char-start": 8950,
      "location-before-char-end": 8953,
      "node-str": "menu"
    },
    {
      "type": "delete-node",
      "node": {
        "label": "index",
        "type": "VariableRead"
      },
      "location-before-char-start": 8956,
      "location-before-char-end": 8960,
      "node-str": "index"
    },
    {
      "type": "delete-node",
      "node": {
        "label": "fill",
        "type": "Invocation"
      },
      "location-before-char-start": 8939,
      "location-before-char-end": 8962,
      "node-str": "fill"
    },
    {
      "type": "delete-node",
      "node": {
        "label": "org.eclipse.swt.widgets.MenuItem",
        "type": "VARIABLE_TYPE"
      },
      "location-before-char-start": 0,
      "location-before-char-end": 0,
      "node-str": "org.eclipse.swt.widgets.MenuItem"
    },
    {
      "type": "delete-node",
      "node": {
        "label": "menu",
        "type": "VariableRead"
      },
      "location-before-char-start": 9052,
      "location-before-char-end": 9055,
      "node-str": "menu"
    },
    {
      "type": "delete-node",
      "node": {
        "label": "org.eclipse.swt.SWT",
        "type": "TypeAccess"
      },
      "location-before-char-start": 0,
      "location-before-char-end": 0,
      "node-str": "org.eclipse.swt.SWT"
    },
    {
      "type": "delete-node",
      "node": {
        "label": "CHECK",
        "type": "FieldRead"
      },
      "location-before-char-start": 9058,
      "location-before-char-end": 9066,
      "node-str": "CHECK"
    },
    {
      "type": "delete-node",
      "node": {
        "label": "index",
        "type": "VariableWrite"
      },
      "location-before-char-start": 9069,
      "location-before-char-end": 9073,
      "node-str": "index"
    },
    {
      "type": "delete-node",
      "node": {
        "label": "POSTINC",
        "type": "UnaryOperator"
      },
      "location-before-char-start": 9069,
      "location-before-char-end": 9075,
      "node-str": "POSTINC"
    },
    {
      "type": "delete-node",
      "node": {
        "label": "java.lang.Object()",
        "type": "ConstructorCall"
      },
      "location-before-char-start": 9039,
      "location-before-char-end": 9076,
      "node-str": "java.lang.Object()"
    },
    {
      "type": "delete-node",
      "node": {
        "label": "dragStyle",
        "type": "LocalVariable"
      },
      "location-before-char-start": 9018,
      "location-before-char-end": 9077,
      "node-str": "dragStyle"
    },
    {
      "type": "delete-node",
      "node": {
        "label": "dragStyle",
        "type": "VariableRead"
      },
      "location-before-char-start": 9087,
      "location-before-char-end": 9095,
      "node-str": "dragStyle"
    },
    {
      "type": "delete-node",
      "node": {
        "label": "WorkbenchMessages.TrimCommon_Immediate",
        "type": "TypeAccess"
      },
      "location-before-char-start": 9105,
      "location-before-char-end": 9142,
      "node-str": "WorkbenchMessages.TrimCommon_Immediate"
    },
    {
      "type": "delete-node",
      "node": {
        "label": "setText",
        "type": "Invocation"
      },
      "location-before-char-start": 9087,
      "location-before-char-end": 9144,
      "node-str": "setText"
    },
    {
      "type": "delete-node",
      "node": {
        "label": "dragStyle",
        "type": "VariableRead"
      },
      "location-before-char-start": 9154,
      "location-before-char-end": 9162,
      "node-str": "dragStyle"
    },
    {
      "type": "delete-node",
      "node": {
        "label": "org.eclipse.ui.internal.layout.TrimCommonUIHandle",
        "type": "TypeAccess"
      },
      "location-before-char-start": 0,
      "location-before-char-end": 0,
      "node-str": "org.eclipse.ui.internal.layout.TrimCommonUIHandle"
    },
    {
      "type": "delete-node",
      "node": {
        "label": "layout",
        "type": "FieldRead"
      },
      "location-before-char-start": 9177,
      "location-before-char-end": 9182,
      "node-str": "layout"
    },
    {
      "type": "delete-node",
      "node": {
        "label": "isImmediate",
        "type": "Invocation"
      },
      "location-before-char-start": 9177,
      "location-before-char-end": 9196,
      "node-str": "isImmediate"
    },
    {
      "type": "delete-node",
      "node": {
        "label": "setSelection",
        "type": "Invocation"
      },
      "location-before-char-start": 9154,
      "location-before-char-end": 9198,
      "node-str": "setSelection"
    },
    {
      "type": "delete-node",
      "node": {
        "label": "dragStyle",
        "type": "VariableRead"
      },
      "location-before-char-start": 9217,
      "location-before-char-end": 9225,
      "node-str": "dragStyle"
    },
    {
      "type": "delete-node",
      "node": {
        "label": "org.eclipse.swt.events.SelectionListener",
        "type": "SUPER_TYPE"
      },
      "location-before-char-start": 0,
      "location-before-char-end": 0,
      "node-str": "org.eclipse.swt.events.SelectionListener"
    },
    {
      "type": "delete-node",
      "node": {
        "label": "",
        "type": "TypeReference"
      },
      "location-before-char-start": 0,
      "location-before-char-end": 0,
      "node-str": ""
    },
    {
      "type": "delete-node",
      "node": {
        "label": "void",
        "type": "RETURN_TYPE"
      },
      "location-before-char-start": 0,
      "location-before-char-end": 0,
      "node-str": "void"
    },
    {
      "type": "delete-node",
      "node": {
        "label": "public",
        "type": "Modifier"
      },
      "location-before-char-start": 0,
      "location-before-char-end": 0,
      "node-str": "public"
    },
    {
      "type": "delete-node",
      "node": {
        "label": "org.eclipse.swt.events.SelectionEvent",
        "type": "VARIABLE_TYPE"
      },
      "location-before-char-start": 0,
      "location-before-char-end": 0,
      "node-str": "org.eclipse.swt.events.SelectionEvent"
    },
    {
      "type": "delete-node",
      "node": {
        "label": "e",
        "type": "Parameter"
      },
      "location-before-char-start": 9307,
      "location-before-char-end": 9322,
      "node-str": "e"
    },
    {
      "type": "delete-node",
      "node": {
        "label": "org.eclipse.ui.internal.layout.TrimCommonUIHandle",
        "type": "TypeAccess"
      },
      "location-before-char-start": 0,
      "location-before-char-end": 0,
      "node-str": "org.eclipse.ui.internal.layout.TrimCommonUIHandle"
    },
    {
      "type": "delete-node",
      "node": {
        "label": "layout",
        "type": "FieldRead"
      },
      "location-before-char-start": 9334,
      "location-before-char-end": 9339,
      "node-str": "layout"
    },
    {
      "type": "delete-node",
      "node": {
        "label": "org.eclipse.ui.internal.layout.TrimCommonUIHandle",
        "type": "TypeAccess"
      },
      "location-before-char-start": 0,
      "location-before-char-end": 0,
      "node-str": "org.eclipse.ui.internal.layout.TrimCommonUIHandle"
    },
    {
      "type": "delete-node",
      "node": {
        "label": "layout",
        "type": "FieldRead"
      },
      "location-before-char-start": 9355,
      "location-before-char-end": 9360,
      "node-str": "layout"
    },
    {
      "type": "delete-node",
      "node": {
        "label": "isImmediate",
        "type": "Invocation"
      },
      "location-before-char-start": 9355,
      "location-before-char-end": 9374,
      "node-str": "isImmediate"
    },
    {
      "type": "delete-node",
      "node": {
        "label": "NOT",
        "type": "UnaryOperator"
      },
      "location-before-char-start": 9354,
      "location-before-char-end": 9374,
      "node-str": "NOT"
    },
    {
      "type": "delete-node",
      "node": {
        "label": "setImmediate",
        "type": "Invocation"
      },
      "location-before-char-start": 9334,
      "location-before-char-end": 9376,
      "node-str": "setImmediate"
    },
    {
      "type": "delete-node",
      "node": {
        "label": "widgetSelected",
        "type": "Method"
      },
      "location-before-char-start": 9280,
      "location-before-char-end": 9384,
      "node-str": "widgetSelected"
    },
    {
      "type": "delete-node",
      "node": {
        "label": "void",
        "type": "RETURN_TYPE"
      },
      "location-before-char-start": 0,
      "location-before-char-end": 0,
      "node-str": "void"
    },
    {
      "type": "delete-node",
      "node": {
        "label": "public",
        "type": "Modifier"
      },
      "location-before-char-start": 0,
      "location-before-char-end": 0,
      "node-str": "public"
    },
    {
      "type": "delete-node",
      "node": {
        "label": "org.eclipse.swt.events.SelectionEvent",
        "type": "VARIABLE_TYPE"
      },
      "location-before-char-start": 0,
      "location-before-char-end": 0,
      "node-str": "org.eclipse.swt.events.SelectionEvent"
    },
    {
      "type": "delete-node",
      "node": {
        "label": "e",
        "type": "Parameter"
      },
      "location-before-char-start": 9427,
      "location-before-char-end": 9442,
      "node-str": "e"
    },
    {
      "type": "delete-node",
      "node": {
        "label": "widgetDefaultSelected",
        "type": "Method"
      },
      "location-before-char-start": 9393,
      "location-before-char-end": 9453,
      "node-str": "widgetDefaultSelected"
    },
    {
      "type": "delete-node",
      "node": {
        "label": "1",
        "type": "Class"
      },
      "location-before-char-start": 9272,
      "location-before-char-end": 9463,
      "node-str": "1"
    },
    {
      "type": "delete-node",
      "node": {
        "label": "org.eclipse.swt.events.SelectionListener()",
        "type": "NewClass"
      },
      "location-before-char-start": 9248,
      "location-before-char-end": 9463,
      "node-str": "org.eclipse.swt.events.SelectionListener()"
    },
    {
      "type": "delete-node",
      "node": {
        "label": "addSelectionListener",
        "type": "Invocation"
      },
      "location-before-char-start": 9217,
      "location-before-char-end": 9465,
      "node-str": "addSelectionListener"
    },
    {
      "type": "delete-node",
      "node": {
        "label": "menu",
        "type": "VariableRead"
      },
      "location-before-char-start": 9489,
      "location-before-char-end": 9492,
      "node-str": "menu"
    },
    {
      "type": "delete-node",
      "node": {
        "label": "org.eclipse.swt.SWT",
        "type": "TypeAccess"
      },
      "location-before-char-start": 0,
      "location-before-char-end": 0,
      "node-str": "org.eclipse.swt.SWT"
    },
    {
      "type": "delete-node",
      "node": {
        "label": "SEPARATOR",
        "type": "FieldRead"
      },
      "location-before-char-start": 9495,
      "location-before-char-end": 9507,
      "node-str": "SEPARATOR"
    },
    {
      "type": "delete-node",
      "node": {
        "label": "index",
        "type": "VariableWrite"
      },
      "location-before-char-start": 9510,
      "location-before-char-end": 9514,
      "node-str": "index"
    },
    {
      "type": "delete-node",
      "node": {
        "label": "POSTINC",
        "type": "UnaryOperator"
      },
      "location-before-char-start": 9510,
      "location-before-char-end": 9516,
      "node-str": "POSTINC"
    },
    {
      "type": "delete-node",
      "node": {
        "label": "java.lang.Object()",
        "type": "ConstructorCall"
      },
      "location-before-char-start": 9476,
      "location-before-char-end": 9518,
      "node-str": "java.lang.Object()"
    },
    {
      "type": "delete-node",
      "node": {
        "label": "org.eclipse.ui.internal.layout.TrimCommonUIHandle",
        "type": "TypeAccess"
      },
      "location-before-char-start": 0,
      "location-before-char-end": 0,
      "node-str": "org.eclipse.ui.internal.layout.TrimCommonUIHandle"
    },
    {
      "type": "delete-node",
      "node": {
        "label": "trim",
        "type": "FieldRead"
      },
      "location-before-char-start": 9541,
      "location-before-char-end": 9544,
      "node-str": "trim"
    },
    {
      "type": "delete-node",
      "node": {
        "label": "isCloseable",
        "type": "Invocation"
      },
      "location-before-char-start": 9541,
      "location-before-char-end": 9558,
      "node-str": "isCloseable"
    },
    {
      "type": "delete-node",
      "node": {
        "label": "closeItem",
        "type": "VariableRead"
      },
      "location-before-char-start": 9641,
      "location-before-char-end": 9649,
      "node-str": "closeItem"
    },
    {
      "type": "delete-node",
      "node": {
        "label": "WorkbenchMessages.TrimCommon_Close",
        "type": "TypeAccess"
      },
      "location-before-char-start": 9659,
      "location-before-char-end": 9692,
      "node-str": "WorkbenchMessages.TrimCommon_Close"
    },
    {
      "type": "delete-node",
      "node": {
        "label": "setText",
        "type": "Invocation"
      },
      "location-before-char-start": 9641,
      "location-before-char-end": 9694,
      "node-str": "setText"
    },
    {
      "type": "delete-node",
      "node": {
        "label": "closeItem",
        "type": "VariableRead"
      },
      "location-before-char-start": 9715,
      "location-before-char-end": 9723,
      "node-str": "closeItem"
    },
    {
      "type": "delete-node",
      "node": {
        "label": "org.eclipse.swt.events.SelectionListener",
        "type": "SUPER_TYPE"
      },
      "location-before-char-start": 0,
      "location-before-char-end": 0,
      "node-str": "org.eclipse.swt.events.SelectionListener"
    },
    {
      "type": "delete-node",
      "node": {
        "label": "",
        "type": "TypeReference"
      },
      "location-before-char-start": 0,
      "location-before-char-end": 0,
      "node-str": ""
    },
    {
      "type": "delete-node",
      "node": {
        "label": "void",
        "type": "RETURN_TYPE"
      },
      "location-before-char-start": 0,
      "location-before-char-end": 0,
      "node-str": "void"
    },
    {
      "type": "delete-node",
      "node": {
        "label": "public",
        "type": "Modifier"
      },
      "location-before-char-start": 0,
      "location-before-char-end": 0,
      "node-str": "public"
    },
    {
      "type": "delete-node",
      "node": {
        "label": "org.eclipse.swt.events.SelectionEvent",
        "type": "VARIABLE_TYPE"
      },
      "location-before-char-start": 0,
      "location-before-char-end": 0,
      "node-str": "org.eclipse.swt.events.SelectionEvent"
    },
    {
      "type": "delete-node",
      "node": {
        "label": "e",
        "type": "Parameter"
      },
      "location-before-char-start": 9806,
      "location-before-char-end": 9821,
      "node-str": "e"
    },
    {
      "type": "delete-node",
      "node": {
        "label": "org.eclipse.ui.internal.layout.TrimCommonUIHandle$4$2",
        "type": "TypeAccess"
      },
      "location-before-char-start": 0,
      "location-before-char-end": 0,
      "node-str": "org.eclipse.ui.internal.layout.TrimCommonUIHandle$4$2"
    },
    {
      "type": "delete-node",
      "node": {
        "label": "handleCloseTrim",
        "type": "Invocation"
      },
      "location-before-char-start": 9834,
      "location-before-char-end": 9851,
      "node-str": "handleCloseTrim"
    },
    {
      "type": "delete-node",
      "node": {
        "label": "widgetSelected",
        "type": "Method"
      },
      "location-before-char-start": 9779,
      "location-before-char-end": 9860,
      "node-str": "widgetSelected"
    },
    {
      "type": "delete-node",
      "node": {
        "label": "2",
        "type": "Class"
      },
      "location-before-char-start": 9770,
      "location-before-char-end": 9942,
      "node-str": "2"
    },
    {
      "type": "delete-node",
      "node": {
        "label": "org.eclipse.swt.events.SelectionListener()",
        "type": "NewClass"
      },
      "location-before-char-start": 9746,
      "location-before-char-end": 9942,
      "node-str": "org.eclipse.swt.events.SelectionListener()"
    },
    {
      "type": "delete-node",
      "node": {
        "label": "addSelectionListener",
        "type": "Invocation"
      },
      "location-before-char-start": 9715,
      "location-before-char-end": 9944,
      "node-str": "addSelectionListener"
    },
    {
      "type": "delete-node",
      "node": {
        "label": "THEN",
        "type": "then"
      },
      "location-before-char-start": 9561,
      "location-before-char-end": 10008,
      "node-str": "THEN"
    },
    {
      "type": "delete-node",
      "node": {
        "label": "if",
        "type": "If"
      },
      "location-before-char-start": 9537,
      "location-before-char-end": 10008,
      "node-str": "if"
    },
    {
      "type": "delete-node",
      "node": {
        "label": "org.eclipse.ui.internal.layout.TrimCommonUIHandle",
        "type": "TypeAccess"
      },
      "location-before-char-start": 0,
      "location-before-char-end": 0,
      "node-str": "org.eclipse.ui.internal.layout.TrimCommonUIHandle"
    },
    {
      "type": "delete-node",
      "node": {
        "label": "dockCascade",
        "type": "FieldRead"
      },
      "location-before-char-start": 10102,
      "location-before-char-end": 10112,
      "node-str": "dockCascade"
    },
    {
      "type": "delete-node",
      "node": {
        "label": "WorkbenchMessages.TrimCommon_DockOn",
        "type": "TypeAccess"
      },
      "location-before-char-start": 10122,
      "location-before-char-end": 10156,
      "node-str": "WorkbenchMessages.TrimCommon_DockOn"
    },
    {
      "type": "delete-node",
      "node": {
        "label": "setText",
        "type": "Invocation"
      },
      "location-before-char-start": 10102,
      "location-before-char-end": 10158,
      "node-str": "setText"
    },
    {
      "type": "delete-node",
      "node": {
        "label": "org.eclipse.ui.internal.layout.TrimCommonUIHandle",
        "type": "TypeAccess"
      },
      "location-before-char-start": 0,
      "location-before-char-end": 0,
      "node-str": "org.eclipse.ui.internal.layout.TrimCommonUIHandle"
    },
    {
      "type": "delete-node",
      "node": {
        "label": "showCascade",
        "type": "FieldRead"
      },
      "location-before-char-start": 11093,
      "location-before-char-end": 11103,
      "node-str": "showCascade"
    },
    {
      "type": "delete-node",
      "node": {
        "label": "WorkbenchMessages.TrimCommon_ShowTrim",
        "type": "TypeAccess"
      },
      "location-before-char-start": 11113,
      "location-before-char-end": 11149,
      "node-str": "WorkbenchMessages.TrimCommon_ShowTrim"
    },
    {
      "type": "delete-node",
      "node": {
        "label": "setText",
        "type": "Invocation"
      },
      "location-before-char-start": 11093,
      "location-before-char-end": 11151,
      "node-str": "setText"
    },
    {
      "type": "delete-node",
      "node": {
        "label": "java.util.Iterator",
        "type": "VARIABLE_TYPE"
      },
      "location-before-char-start": 0,
      "location-before-char-end": 0,
      "node-str": "java.util.Iterator"
    },
    {
      "type": "delete-node",
      "node": {
        "label": "trimItems",
        "type": "VariableRead"
      },
      "location-before-char-start": 11362,
      "location-before-char-end": 11370,
      "node-str": "trimItems"
    },
    {
      "type": "delete-node",
      "node": {
        "label": "iterator",
        "type": "Invocation"
      },
      "location-before-char-start": 11362,
      "location-before-char-end": 11381,
      "node-str": "iterator"
    },
    {
      "type": "delete-node",
      "node": {
        "label": "d",
        "type": "LocalVariable"
      },
      "location-before-char-start": 11349,
      "location-before-char-end": 11382,
      "node-str": "d"
    },
    {
      "type": "delete-node",
      "node": {
        "label": "org.eclipse.ui.internal.layout.TrimCommonUIHandle",
        "type": "TypeAccess"
      },
      "location-before-char-start": 0,
      "location-before-char-end": 0,
      "node-str": "org.eclipse.ui.internal.layout.TrimCommonUIHandle"
    },
    {
      "type": "delete-node",
      "node": {
        "label": "radioVal",
        "type": "FieldRead"
      },
      "location-before-char-start": 12300,
      "location-before-char-end": 12307,
      "node-str": "radioVal"
    },
    {
      "type": "delete-node",
      "node": {
        "label": "org.eclipse.ui.internal.IChangeListener",
        "type": "SUPER_TYPE"
      },
      "location-before-char-start": 0,
      "location-before-char-end": 0,
      "node-str": "org.eclipse.ui.internal.IChangeListener"
    },
    {
      "type": "delete-node",
      "node": {
        "label": "",
        "type": "TypeReference"
      },
      "location-before-char-start": 0,
      "location-before-char-end": 0,
      "node-str": ""
    },
    {
      "type": "delete-node",
      "node": {
        "label": "void",
        "type": "RETURN_TYPE"
      },
      "location-before-char-start": 0,
      "location-before-char-end": 0,
      "node-str": "void"
    },
    {
      "type": "delete-node",
      "node": {
        "label": "public",
        "type": "Modifier"
      },
      "location-before-char-start": 0,
      "location-before-char-end": 0,
      "node-str": "public"
    },
    {
      "type": "delete-node",
      "node": {
        "label": "boolean",
        "type": "VARIABLE_TYPE"
      },
      "location-before-char-start": 0,
      "location-before-char-end": 0,
      "node-str": "boolean"
    },
    {
      "type": "delete-node",
      "node": {
        "label": "changed",
        "type": "Parameter"
      },
      "location-before-char-start": 12379,
      "location-before-char-end": 12393,
      "node-str": "changed"
    },
    {
      "type": "delete-node",
      "node": {
        "label": "changed",
        "type": "VariableRead"
      },
      "location-before-char-start": 12412,
      "location-before-char-end": 12418,
      "node-str": "changed"
    },
    {
      "type": "delete-node",
      "node": {
        "label": "org.eclipse.ui.internal.layout.TrimCommonUIHandle$4$4",
        "type": "TypeAccess"
      },
      "location-before-char-start": 0,
      "location-before-char-end": 0,
      "node-str": "org.eclipse.ui.internal.layout.TrimCommonUIHandle$4$4"
    },
    {
      "type": "delete-node",
      "node": {
        "label": "handleShowOnChange",
        "type": "Invocation"
      },
      "location-before-char-start": 12432,
      "location-before-char-end": 12452,
      "node-str": "handleShowOnChange"
    },
    {
      "type": "delete-node",
      "node": {
        "label": "THEN",
        "type": "then"
      },
      "location-before-char-start": 12432,
      "location-before-char-end": 12452,
      "node-str": "THEN"
    },
    {
      "type": "delete-node",
      "node": {
        "label": "if",
        "type": "If"
      },
      "location-before-char-start": 12408,
      "location-before-char-end": 12452,
      "node-str": "if"
    },
    {
      "type": "delete-node",
      "node": {
        "label": "update",
        "type": "Method"
      },
      "location-before-char-start": 12360,
      "location-before-char-end": 12463,
      "node-str": "update"
    },
    {
      "type": "delete-node",
      "node": {
        "label": "4",
        "type": "Class"
      },
      "location-before-char-start": 12349,
      "location-before-char-end": 12476,
      "node-str": "4"
    },
    {
      "type": "delete-node",
      "node": {
        "label": "org.eclipse.ui.internal.IChangeListener()",
        "type": "NewClass"
      },
      "location-before-char-start": 12327,
      "location-before-char-end": 12476,
      "node-str": "org.eclipse.ui.internal.IChangeListener()"
    },
    {
      "type": "delete-node",
      "node": {
        "label": "addChangeListener",
        "type": "Invocation"
      },
      "location-before-char-start": 12300,
      "location-before-char-end": 12478,
      "node-str": "addChangeListener"
    },
    {
      "type": "delete-node",
      "node": {
        "label": "org.eclipse.jface.action.ContributionItem",
        "type": "RETURN_TYPE"
      },
      "location-before-char-start": 0,
      "location-before-char-end": 0,
      "node-str": "org.eclipse.jface.action.ContributionItem"
    },
    {
      "type": "delete-node",
      "node": {
        "label": "public",
        "type": "Modifier"
      },
      "location-before-char-start": 0,
      "location-before-char-end": 0,
      "node-str": "public"
    },
    {
      "type": "delete-node",
      "node": {
        "label": "org.eclipse.ui.internal.layout.TrimCommonUIHandle",
        "type": "TypeAccess"
      },
      "location-before-char-start": 0,
      "location-before-char-end": 0,
      "node-str": "org.eclipse.ui.internal.layout.TrimCommonUIHandle"
    },
    {
      "type": "delete-node",
      "node": {
        "label": "dockContributionItem",
        "type": "FieldRead"
      },
      "location-before-char-start": 8761,
      "location-before-char-end": 8780,
      "node-str": "dockContributionItem"
    },
    {
      "type": "delete-node",
      "node": {
        "label": "null",
        "type": "Literal"
      },
      "location-before-char-start": 8785,
      "location-before-char-end": 8788,
      "node-str": "null"
    },
    {
      "type": "delete-node",
      "node": {
        "label": "EQ",
        "type": "BinaryOperator"
      },
      "location-before-char-start": 8761,
      "location-before-char-end": 8788,
      "node-str": "EQ"
    },
    {
      "type": "delete-node",
      "node": {
        "label": "org.eclipse.ui.internal.layout.TrimCommonUIHandle",
        "type": "TypeAccess"
      },
      "location-before-char-start": 0,
      "location-before-char-end": 0,
      "node-str": "org.eclipse.ui.internal.layout.TrimCommonUIHandle"
    },
    {
      "type": "delete-node",
      "node": {
        "label": "dockContributionItem",
        "type": "FieldWrite"
      },
      "location-before-char-start": 8799,
      "location-before-char-end": 8818,
      "node-str": "dockContributionItem"
    },
    {
      "type": "delete-node",
      "node": {
        "label": "org.eclipse.jface.action.ContributionItem",
        "type": "SUPER_TYPE"
      },
      "location-before-char-start": 0,
      "location-before-char-end": 0,
      "node-str": "org.eclipse.jface.action.ContributionItem"
    },
    {
      "type": "delete-node",
      "node": {
        "label": "",
        "type": "TypeReference"
      },
      "location-before-char-start": 0,
      "location-before-char-end": 0,
      "node-str": ""
    },
    {
      "type": "delete-node",
      "node": {
        "label": "4",
        "type": "Class"
      },
      "location-before-char-start": 8845,
      "location-before-char-end": 12495,
      "node-str": "4"
    },
    {
      "type": "delete-node",
      "node": {
        "label": "org.eclipse.jface.action.ContributionItem()",
        "type": "NewClass"
      },
      "location-before-char-start": 8822,
      "location-before-char-end": 12495,
      "node-str": "org.eclipse.jface.action.ContributionItem()"
    },
    {
      "type": "delete-node",
      "node": {
        "label": "\u003d",
        "type": "Assignment"
      },
      "location-before-char-start": 8799,
      "location-before-char-end": 12496,
      "node-str": "\u003d"
    },
    {
      "type": "delete-node",
      "node": {
        "label": "THEN",
        "type": "then"
      },
      "location-before-char-start": 8791,
      "location-before-char-end": 12503,
      "node-str": "THEN"
    },
    {
      "type": "delete-node",
      "node": {
        "label": "if",
        "type": "If"
      },
      "location-before-char-start": 8757,
      "location-before-char-end": 12503,
      "node-str": "if"
    },
    {
      "type": "delete-node",
      "node": {
        "label": "org.eclipse.ui.internal.layout.TrimCommonUIHandle",
        "type": "TypeAccess"
      },
      "location-before-char-start": 0,
      "location-before-char-end": 0,
      "node-str": "org.eclipse.ui.internal.layout.TrimCommonUIHandle"
    },
    {
      "type": "delete-node",
      "node": {
        "label": "dockContributionItem",
        "type": "FieldRead"
      },
      "location-before-char-start": 12517,
      "location-before-char-end": 12536,
      "node-str": "dockContributionItem"
    },
    {
      "type": "delete-node",
      "node": {
        "label": "return",
        "type": "Return"
      },
      "location-before-char-start": 12510,
      "location-before-char-end": 12537,
      "node-str": "return"
    },
    {
      "type": "delete-node",
      "node": {
        "label": "getDockingContribution",
        "type": "Method"
      },
      "location-before-char-start": 8400,
      "location-before-char-end": 12543,
      "node-str": "getDockingContribution"
    },
    {
      "type": "delete-node",
      "node": {
        "label": "void",
        "type": "RETURN_TYPE"
      },
      "location-before-char-start": 0,
      "location-before-char-end": 0,
      "node-str": "void"
    },
    {
      "type": "delete-node",
      "node": {
        "label": "protected",
        "type": "Modifier"
      },
      "location-before-char-start": 0,
      "location-before-char-end": 0,
      "node-str": "protected"
    },
    {
      "type": "delete-node",
      "node": {
        "label": "org.eclipse.swt.graphics.Point",
        "type": "VARIABLE_TYPE"
      },
      "location-before-char-start": 0,
      "location-before-char-end": 0,
      "node-str": "org.eclipse.swt.graphics.Point"
    },
    {
      "type": "delete-node",
      "node": {
        "label": "position",
        "type": "Parameter"
      },
      "location-before-char-start": 13358,
      "location-before-char-end": 13371,
      "node-str": "position"
    },
    {
      "type": "delete-node",
      "node": {
        "label": "org.eclipse.swt.graphics.Rectangle",
        "type": "VARIABLE_TYPE"
      },
      "location-before-char-start": 0,
      "location-before-char-end": 0,
      "node-str": "org.eclipse.swt.graphics.Rectangle"
    },
    {
      "type": "delete-node",
      "node": {
        "label": "org.eclipse.ui.internal.dnd.DragUtil",
        "type": "TypeAccess"
      },
      "location-before-char-start": 13405,
      "location-before-char-end": 13412,
      "node-str": "org.eclipse.ui.internal.dnd.DragUtil"
    },
    {
      "type": "delete-node",
      "node": {
        "label": "org.eclipse.ui.internal.layout.TrimCommonUIHandle",
        "type": "TypeAccess"
      },
      "location-before-char-start": 0,
      "location-before-char-end": 0,
      "node-str": "org.eclipse.ui.internal.layout.TrimCommonUIHandle"
    },
    {
      "type": "delete-node",
      "node": {
        "label": "toDrag",
        "type": "FieldRead"
      },
      "location-before-char-start": 13431,
      "location-before-char-end": 13436,
      "node-str": "toDrag"
    },
    {
      "type": "delete-node",
      "node": {
        "label": "getDisplayBounds",
        "type": "Invocation"
      },
      "location-before-char-start": 13405,
      "location-before-char-end": 13437,
      "node-str": "getDisplayBounds"
    },
    {
      "type": "delete-node",
      "node": {
        "label": "dragRect",
        "type": "LocalVariable"
      },
      "location-before-char-start": 13384,
      "location-before-char-end": 13438,
      "node-str": "dragRect"
    },
    {
      "type": "delete-node",
      "node": {
        "label": "org.eclipse.ui.internal.layout.TrimCommonUIHandle",
        "type": "TypeAccess"
      },
      "location-before-char-start": 0,
      "location-before-char-end": 0,
      "node-str": "org.eclipse.ui.internal.layout.TrimCommonUIHandle"
    },
    {
      "type": "delete-node",
      "node": {
        "label": "layout",
        "type": "FieldRead"
      },
      "location-before-char-start": 13578,
      "location-before-char-end": 13583,
      "node-str": "layout"
    },
    {
      "type": "delete-node",
      "node": {
        "label": "isImmediate",
        "type": "Invocation"
      },
      "location-before-char-start": 13578,
      "location-before-char-end": 13597,
      "node-str": "isImmediate"
    },
    {
      "type": "delete-node",
      "node": {
        "label": "dragRect",
        "type": "VariableWrite"
      },
      "location-before-char-start": 13609,
      "location-before-char-end": 13616,
      "node-str": "dragRect"
    },
    {
      "type": "delete-node",
      "node": {
        "label": "0",
        "type": "Literal"
      },
      "location-before-char-start": 13634,
      "location-before-char-end": 13634,
      "node-str": "0"
    },
    {
      "type": "delete-node",
      "node": {
        "label": "0",
        "type": "Literal"
      },
      "location-before-char-start": 13636,
      "location-before-char-end": 13636,
      "node-str": "0"
    },
    {
      "type": "delete-node",
      "node": {
        "label": "0",
        "type": "Literal"
      },
      "location-before-char-start": 13638,
      "location-before-char-end": 13638,
      "node-str": "0"
    },
    {
      "type": "delete-node",
      "node": {
        "label": "0",
        "type": "Literal"
      },
      "location-before-char-start": 13640,
      "location-before-char-end": 13640,
      "node-str": "0"
    },
    {
      "type": "delete-node",
      "node": {
        "label": "org.eclipse.swt.graphics.Rectangle(int,int,int,int)",
        "type": "ConstructorCall"
      },
      "location-before-char-start": 13620,
      "location-before-char-end": 13641,
      "node-str": "org.eclipse.swt.graphics.Rectangle(int,int,int,int)"
    },
    {
      "type": "delete-node",
      "node": {
        "label": "\u003d",
        "type": "Assignment"
      },
      "location-before-char-start": 13609,
      "location-before-char-end": 13642,
      "node-str": "\u003d"
    },
    {
      "type": "delete-node",
      "node": {
        "label": "THEN",
        "type": "then"
      },
      "location-before-char-start": 13609,
      "location-before-char-end": 13642,
      "node-str": "THEN"
    },
    {
      "type": "delete-node",
      "node": {
        "label": "if",
        "type": "If"
      },
      "location-before-char-start": 13574,
      "location-before-char-end": 13642,
      "node-str": "if"
    },
    {
      "type": "delete-node",
      "node": {
        "label": "org.eclipse.ui.internal.dnd.DragUtil",
        "type": "TypeAccess"
      },
      "location-before-char-start": 13653,
      "location-before-char-end": 13660,
      "node-str": "org.eclipse.ui.internal.dnd.DragUtil"
    },
    {
      "type": "delete-node",
      "node": {
        "label": "org.eclipse.ui.internal.layout.TrimCommonUIHandle",
        "type": "TypeAccess"
      },
      "location-before-char-start": 0,
      "location-before-char-end": 0,
      "node-str": "org.eclipse.ui.internal.layout.TrimCommonUIHandle"
    },
    {
      "type": "delete-node",
      "node": {
        "label": "trim",
        "type": "FieldRead"
      },
      "location-before-char-start": 13674,
      "location-before-char-end": 13677,
      "node-str": "trim"
    },
    {
      "type": "delete-node",
      "node": {
        "label": "dragRect",
        "type": "VariableRead"
      },
      "location-before-char-start": 13680,
      "location-before-char-end": 13687,
      "node-str": "dragRect"
    },
    {
      "type": "delete-node",
      "node": {
        "label": "position",
        "type": "VariableRead"
      },
      "location-before-char-start": 13690,
      "location-before-char-end": 13697,
      "node-str": "position"
    },
    {
      "type": "delete-node",
      "node": {
        "label": "true",
        "type": "Literal"
      },
      "location-before-char-start": 13700,
      "location-before-char-end": 13703,
      "node-str": "true"
    },
    {
      "type": "delete-node",
      "node": {
        "label": "performDrag",
        "type": "Invocation"
      },
      "location-before-char-start": 13653,
      "location-before-char-end": 13705,
      "node-str": "performDrag"
    },
    {
      "type": "delete-node",
      "node": {
        "label": "startDraggingTrim",
        "type": "Method"
      },
      "location-before-char-start": 13223,
      "location-before-char-end": 13711,
      "node-str": "startDraggingTrim"
    }
  ],
  "before-file": {},
  "after-file": {},
  "mapping": {}
}