{
  "tool-info": {},
  "diff": [
    {
      "type": "delete-node",
      "node": {
        "label": "public",
        "type": "Modifier"
      },
      "location-before-char-start": 0,
      "location-before-char-end": 0,
      "node-str": "public"
    },
    {
      "type": "delete-node",
      "node": {
        "label": "junit.framework.TestCase",
        "type": "SUPER_TYPE"
      },
      "location-before-char-start": 0,
      "location-before-char-end": 0,
      "node-str": "junit.framework.TestCase"
    },
    {
      "type": "delete-node",
      "node": {
        "label": "",
        "type": "TypeReference"
      },
      "location-before-char-start": 1843,
      "location-before-char-end": 1850,
      "node-str": ""
    },
    {
      "type": "delete-node",
      "node": {
        "label": "java.lang.String[]",
        "type": "VARIABLE_TYPE"
      },
      "location-before-char-start": 0,
      "location-before-char-end": 0,
      "node-str": "java.lang.String[]"
    },
    {
      "type": "delete-node",
      "node": {
        "label": "static",
        "type": "Modifier"
      },
      "location-before-char-start": 0,
      "location-before-char-end": 0,
      "node-str": "static"
    },
    {
      "type": "delete-node",
      "node": {
        "label": "\"Stereotype\"",
        "type": "Literal"
      },
      "location-before-char-start": 1893,
      "location-before-char-end": 1904,
      "node-str": "\"Stereotype\""
    },
    {
      "type": "delete-node",
      "node": {
        "label": "\"TaggedValue\"",
        "type": "Literal"
      },
      "location-before-char-start": 1907,
      "location-before-char-end": 1919,
      "node-str": "\"TaggedValue\""
    },
    {
      "type": "delete-node",
      "node": {
        "label": "",
        "type": "NewArray"
      },
      "location-before-char-start": 1891,
      "location-before-char-end": 1921,
      "node-str": ""
    },
    {
      "type": "delete-node",
      "node": {
        "label": "allModelElements",
        "type": "Field"
      },
      "location-before-char-start": 1856,
      "location-before-char-end": 1922,
      "node-str": "allModelElements"
    },
    {
      "type": "delete-node",
      "node": {
        "label": "public",
        "type": "Modifier"
      },
      "location-before-char-start": 0,
      "location-before-char-end": 0,
      "node-str": "public"
    },
    {
      "type": "delete-node",
      "node": {
        "label": "java.lang.String",
        "type": "VARIABLE_TYPE"
      },
      "location-before-char-start": 0,
      "location-before-char-end": 0,
      "node-str": "java.lang.String"
    },
    {
      "type": "delete-node",
      "node": {
        "label": "n",
        "type": "Parameter"
      },
      "location-before-char-start": 1964,
      "location-before-char-end": 1971,
      "node-str": "n"
    },
    {
      "type": "delete-node",
      "node": {
        "label": "n",
        "type": "VariableRead"
      },
      "location-before-char-start": 1984,
      "location-before-char-end": 1984,
      "node-str": "n"
    },
    {
      "type": "delete-node",
      "node": {
        "label": "\u003cinit\u003e",
        "type": "Invocation"
      },
      "location-before-char-start": 1978,
      "location-before-char-end": 1986,
      "node-str": "\u003cinit\u003e"
    },
    {
      "type": "delete-node",
      "node": {
        "label": "\u003cinit\u003e",
        "type": "Constructor"
      },
      "location-before-char-start": 1926,
      "location-before-char-end": 1989,
      "node-str": "\u003cinit\u003e"
    },
    {
      "type": "delete-node",
      "node": {
        "label": "void",
        "type": "RETURN_TYPE"
      },
      "location-before-char-start": 0,
      "location-before-char-end": 0,
      "node-str": "void"
    },
    {
      "type": "delete-node",
      "node": {
        "label": "public",
        "type": "Modifier"
      },
      "location-before-char-start": 0,
      "location-before-char-end": 0,
      "node-str": "public"
    },
    {
      "type": "delete-node",
      "node": {
        "label": "java.lang.Object",
        "type": "VARIABLE_TYPE"
      },
      "location-before-char-start": 0,
      "location-before-char-end": 0,
      "node-str": "java.lang.Object"
    },
    {
      "type": "delete-node",
      "node": {
        "label": "org.argouml.model.uml.foundation.extensionmechanisms.ExtensionMechanismsFactory",
        "type": "TypeAccess"
      },
      "location-before-char-start": 2038,
      "location-before-char-end": 2063,
      "node-str": "org.argouml.model.uml.foundation.extensionmechanisms.ExtensionMechanismsFactory"
    },
    {
      "type": "delete-node",
      "node": {
        "label": "getFactory",
        "type": "Invocation"
      },
      "location-before-char-start": 2038,
      "location-before-char-end": 2076,
      "node-str": "getFactory"
    },
    {
      "type": "delete-node",
      "node": {
        "label": "o1",
        "type": "LocalVariable"
      },
      "location-before-char-start": 2026,
      "location-before-char-end": 2077,
      "node-str": "o1"
    },
    {
      "type": "delete-node",
      "node": {
        "label": "java.lang.Object",
        "type": "VARIABLE_TYPE"
      },
      "location-before-char-start": 0,
      "location-before-char-end": 0,
      "node-str": "java.lang.Object"
    },
    {
      "type": "delete-node",
      "node": {
        "label": "org.argouml.model.uml.foundation.extensionmechanisms.ExtensionMechanismsFactory",
        "type": "TypeAccess"
      },
      "location-before-char-start": 2094,
      "location-before-char-end": 2119,
      "node-str": "org.argouml.model.uml.foundation.extensionmechanisms.ExtensionMechanismsFactory"
    },
    {
      "type": "delete-node",
      "node": {
        "label": "getFactory",
        "type": "Invocation"
      },
      "location-before-char-start": 2094,
      "location-before-char-end": 2132,
      "node-str": "getFactory"
    },
    {
      "type": "delete-node",
      "node": {
        "label": "o2",
        "type": "LocalVariable"
      },
      "location-before-char-start": 2082,
      "location-before-char-end": 2133,
      "node-str": "o2"
    },
    {
      "type": "delete-node",
      "node": {
        "label": "\"Different singletons\"",
        "type": "Literal"
      },
      "location-before-char-start": 2149,
      "location-before-char-end": 2170,
      "node-str": "\"Different singletons\""
    },
    {
      "type": "delete-node",
      "node": {
        "label": "o1",
        "type": "VariableRead"
      },
      "location-before-char-start": 2173,
      "location-before-char-end": 2174,
      "node-str": "o1"
    },
    {
      "type": "delete-node",
      "node": {
        "label": "o2",
        "type": "VariableRead"
      },
      "location-before-char-start": 2179,
      "location-before-char-end": 2180,
      "node-str": "o2"
    },
    {
      "type": "delete-node",
      "node": {
        "label": "EQ",
        "type": "BinaryOperator"
      },
      "location-before-char-start": 2173,
      "location-before-char-end": 2180,
      "node-str": "EQ"
    },
    {
      "type": "delete-node",
      "node": {
        "label": "assertTrue",
        "type": "Invocation"
      },
      "location-before-char-start": 2138,
      "location-before-char-end": 2182,
      "node-str": "assertTrue"
    },
    {
      "type": "delete-node",
      "node": {
        "label": "testSingleton",
        "type": "Method"
      },
      "location-before-char-start": 1993,
      "location-before-char-end": 2186,
      "node-str": "testSingleton"
    },
    {
      "type": "delete-node",
      "node": {
        "label": "void",
        "type": "RETURN_TYPE"
      },
      "location-before-char-start": 0,
      "location-before-char-end": 0,
      "node-str": "void"
    },
    {
      "type": "delete-node",
      "node": {
        "label": "public",
        "type": "Modifier"
      },
      "location-before-char-start": 0,
      "location-before-char-end": 0,
      "node-str": "public"
    },
    {
      "type": "delete-node",
      "node": {
        "label": "java.lang.String[]",
        "type": "VARIABLE_TYPE"
      },
      "location-before-char-start": 0,
      "location-before-char-end": 0,
      "node-str": "java.lang.String[]"
    },
    {
      "type": "delete-node",
      "node": {
        "label": "\"Stereotype\"",
        "type": "Literal"
      },
      "location-before-char-start": 2239,
      "location-before-char-end": 2250,
      "node-str": "\"Stereotype\""
    },
    {
      "type": "delete-node",
      "node": {
        "label": "\"TaggedValue\"",
        "type": "Literal"
      },
      "location-before-char-start": 2253,
      "location-before-char-end": 2265,
      "node-str": "\"TaggedValue\""
    },
    {
      "type": "delete-node",
      "node": {
        "label": "null",
        "type": "Literal"
      },
      "location-before-char-start": 2268,
      "location-before-char-end": 2271,
      "node-str": "null"
    },
    {
      "type": "delete-node",
      "node": {
        "label": "",
        "type": "NewArray"
      },
      "location-before-char-start": 2237,
      "location-before-char-end": 2273,
      "node-str": ""
    },
    {
      "type": "delete-node",
      "node": {
        "label": "objs",
        "type": "LocalVariable"
      },
      "location-before-char-start": 2221,
      "location-before-char-end": 2274,
      "node-str": "objs"
    },
    {
      "type": "delete-node",
      "node": {
        "label": "org.argouml.util.CheckUMLModelHelper",
        "type": "TypeAccess"
      },
      "location-before-char-start": 2279,
      "location-before-char-end": 2297,
      "node-str": "org.argouml.util.CheckUMLModelHelper"
    },
    {
      "type": "delete-node",
      "node": {
        "label": "org.argouml.model.uml.foundation.extensionmechanisms.TestExtensionMechanismsFactory",
        "type": "TypeAccess"
      },
      "location-before-char-start": 0,
      "location-before-char-end": 0,
      "node-str": "org.argouml.model.uml.foundation.extensionmechanisms.TestExtensionMechanismsFactory"
    },
    {
      "type": "delete-node",
      "node": {
        "label": "this",
        "type": "ThisAccess"
      },
      "location-before-char-start": 2320,
      "location-before-char-end": 2323,
      "node-str": "this"
    },
    {
      "type": "delete-node",
      "node": {
        "label": "org.argouml.model.uml.foundation.extensionmechanisms.ExtensionMechanismsFactory",
        "type": "TypeAccess"
      },
      "location-before-char-start": 2329,
      "location-before-char-end": 2354,
      "node-str": "org.argouml.model.uml.foundation.extensionmechanisms.ExtensionMechanismsFactory"
    },
    {
      "type": "delete-node",
      "node": {
        "label": "getFactory",
        "type": "Invocation"
      },
      "location-before-char-start": 2329,
      "location-before-char-end": 2367,
      "node-str": "getFactory"
    },
    {
      "type": "delete-node",
      "node": {
        "label": "objs",
        "type": "VariableRead"
      },
      "location-before-char-start": 2373,
      "location-before-char-end": 2376,
      "node-str": "objs"
    },
    {
      "type": "delete-node",
      "node": {
        "label": "createAndRelease",
        "type": "Invocation"
      },
      "location-before-char-start": 2279,
      "location-before-char-end": 2378,
      "node-str": "createAndRelease"
    },
    {
      "type": "delete-node",
      "node": {
        "label": "testCreates",
        "type": "Method"
      },
      "location-before-char-start": 2190,
      "location-before-char-end": 2382,
      "node-str": "testCreates"
    },
    {
      "type": "delete-node",
      "node": {
        "label": "void",
        "type": "RETURN_TYPE"
      },
      "location-before-char-start": 0,
      "location-before-char-end": 0,
      "node-str": "void"
    },
    {
      "type": "delete-node",
      "node": {
        "label": "public",
        "type": "Modifier"
      },
      "location-before-char-start": 0,
      "location-before-char-end": 0,
      "node-str": "public"
    },
    {
      "type": "delete-node",
      "node": {
        "label": "org.argouml.util.CheckUMLModelHelper",
        "type": "TypeAccess"
      },
      "location-before-char-start": 2423,
      "location-before-char-end": 2441,
      "node-str": "org.argouml.util.CheckUMLModelHelper"
    },
    {
      "type": "delete-node",
      "node": {
        "label": "org.argouml.model.uml.foundation.extensionmechanisms.TestExtensionMechanismsFactory",
        "type": "TypeAccess"
      },
      "location-before-char-start": 0,
      "location-before-char-end": 0,
      "node-str": "org.argouml.model.uml.foundation.extensionmechanisms.TestExtensionMechanismsFactory"
    },
    {
      "type": "delete-node",
      "node": {
        "label": "this",
        "type": "ThisAccess"
      },
      "location-before-char-start": 2462,
      "location-before-char-end": 2465,
      "node-str": "this"
    },
    {
      "type": "delete-node",
      "node": {
        "label": "org.argouml.model.uml.foundation.extensionmechanisms.ExtensionMechanismsFactory",
        "type": "TypeAccess"
      },
      "location-before-char-start": 2471,
      "location-before-char-end": 2496,
      "node-str": "org.argouml.model.uml.foundation.extensionmechanisms.ExtensionMechanismsFactory"
    },
    {
      "type": "delete-node",
      "node": {
        "label": "getFactory",
        "type": "Invocation"
      },
      "location-before-char-start": 2471,
      "location-before-char-end": 2509,
      "node-str": "getFactory"
    },
    {
      "type": "delete-node",
      "node": {
        "label": "allModelElements",
        "type": "FieldRead"
      },
      "location-before-char-start": 2515,
      "location-before-char-end": 2530,
      "node-str": "allModelElements"
    },
    {
      "type": "delete-node",
      "node": {
        "label": "deleteComplete",
        "type": "Invocation"
      },
      "location-before-char-start": 2423,
      "location-before-char-end": 2532,
      "node-str": "deleteComplete"
    },
    {
      "type": "delete-node",
      "node": {
        "label": "testDeleteComplete",
        "type": "Method"
      },
      "location-before-char-start": 2386,
      "location-before-char-end": 2535,
      "node-str": "testDeleteComplete"
    },
    {
      "type": "delete-node",
      "node": {
        "label": "void",
        "type": "RETURN_TYPE"
      },
      "location-before-char-start": 0,
      "location-before-char-end": 0,
      "node-str": "void"
    },
    {
      "type": "delete-node",
      "node": {
        "label": "java.lang.Exception",
        "type": "THROWS"
      },
      "location-before-char-start": 0,
      "location-before-char-end": 0,
      "node-str": "java.lang.Exception"
    },
    {
      "type": "delete-node",
      "node": {
        "label": "protected",
        "type": "Modifier"
      },
      "location-before-char-start": 0,
      "location-before-char-end": 0,
      "node-str": "protected"
    },
    {
      "type": "delete-node",
      "node": {
        "label": "super",
        "type": "SuperAccess"
      },
      "location-before-char-start": 2656,
      "location-before-char-end": 2660,
      "node-str": "super"
    },
    {
      "type": "delete-node",
      "node": {
        "label": "setUp",
        "type": "Invocation"
      },
      "location-before-char-start": 2656,
      "location-before-char-end": 2669,
      "node-str": "setUp"
    },
    {
      "type": "delete-node",
      "node": {
        "label": "org.argouml.application.security.ArgoSecurityManager",
        "type": "TypeAccess"
      },
      "location-before-char-start": 2673,
      "location-before-char-end": 2691,
      "node-str": "org.argouml.application.security.ArgoSecurityManager"
    },
    {
      "type": "delete-node",
      "node": {
        "label": "getInstance",
        "type": "Invocation"
      },
      "location-before-char-start": 2673,
      "location-before-char-end": 2705,
      "node-str": "getInstance"
    },
    {
      "type": "delete-node",
      "node": {
        "label": "true",
        "type": "Literal"
      },
      "location-before-char-start": 2720,
      "location-before-char-end": 2723,
      "node-str": "true"
    },
    {
      "type": "delete-node",
      "node": {
        "label": "setAllowExit",
        "type": "Invocation"
      },
      "location-before-char-start": 2673,
      "location-before-char-end": 2725,
      "node-str": "setAllowExit"
    },
    {
      "type": "delete-node",
      "node": {
        "label": "org.argouml.model.uml.UmlFactory",
        "type": "TypeAccess"
      },
      "location-before-char-start": 2735,
      "location-before-char-end": 2744,
      "node-str": "org.argouml.model.uml.UmlFactory"
    },
    {
      "type": "delete-node",
      "node": {
        "label": "getFactory",
        "type": "Invocation"
      },
      "location-before-char-start": 2735,
      "location-before-char-end": 2757,
      "node-str": "getFactory"
    },
    {
      "type": "delete-node",
      "node": {
        "label": "false",
        "type": "Literal"
      },
      "location-before-char-start": 2773,
      "location-before-char-end": 2777,
      "node-str": "false"
    },
    {
      "type": "delete-node",
      "node": {
        "label": "setGuiEnabled",
        "type": "Invocation"
      },
      "location-before-char-start": 2735,
      "location-before-char-end": 2779,
      "node-str": "setGuiEnabled"
    },
    {
      "type": "delete-node",
      "node": {
        "label": "setUp",
        "type": "Method"
      },
      "location-before-char-start": 2539,
      "location-before-char-end": 2782,
      "node-str": "setUp"
    },
    {
      "type": "delete-node",
      "node": {
        "label": "TestExtensionMechanismsFactory",
        "type": "Class"
      },
      "location-before-char-start": 1791,
      "location-before-char-end": 2784,
      "node-str": "TestExtensionMechanismsFactory"
    }
  ],
  "before-file": {},
  "after-file": {},
  "mapping": {}
}