{
  "tool-info": {},
  "diff": [
    {
      "type": "insert-node",
      "node": {
        "label": "PasswordPrompter",
        "type": "Class"
      },
      "location-after-char-start": 3350,
      "location-after-char-end": 10365,
      "node-str": "PasswordPrompter"
    },
    {
      "type": "insert-node",
      "node": {
        "label": "public",
        "type": "Modifier"
      },
      "location-after-char-start": 0,
      "location-after-char-end": 0,
      "node-str": "public"
    },
    {
      "type": "insert-node",
      "node": {
        "label": "",
        "type": "TypeReference"
      },
      "location-after-char-start": 4883,
      "location-after-char-end": 4897,
      "node-str": ""
    },
    {
      "type": "insert-node",
      "node": {
        "label": "MOD_NAME",
        "type": "Field"
      },
      "location-after-char-start": 4906,
      "location-after-char-end": 5077,
      "node-str": "MOD_NAME"
    },
    {
      "type": "insert-node",
      "node": {
        "label": "MOD_VERSION",
        "type": "Field"
      },
      "location-after-char-start": 5084,
      "location-after-char-end": 5168,
      "node-str": "MOD_VERSION"
    },
    {
      "type": "insert-node",
      "node": {
        "label": "scroll",
        "type": "Field"
      },
      "location-after-char-start": 5175,
      "location-after-char-end": 5252,
      "node-str": "scroll"
    },
    {
      "type": "insert-node",
      "node": {
        "label": "delay",
        "type": "Field"
      },
      "location-after-char-start": 5259,
      "location-after-char-end": 5331,
      "node-str": "delay"
    },
    {
      "type": "insert-node",
      "node": {
        "label": "prompts",
        "type": "Field"
      },
      "location-after-char-start": 5338,
      "location-after-char-end": 5375,
      "node-str": "prompts"
    },
    {
      "type": "insert-node",
      "node": {
        "label": "\u003cinit\u003e",
        "type": "Constructor"
      },
      "location-after-char-start": 5382,
      "location-after-char-end": 5527,
      "node-str": "\u003cinit\u003e"
    },
    {
      "type": "move-subtree",
      "node": {
        "label": "setScroll",
        "type": "Method"
      },
      "location-before-char-start": 5216,
      "location-before-char-end": 5432,
      "location-after-char-start": 5534,
      "location-after-char-end": 5750,
      "node-str": "setScroll"
    },
    {
      "type": "move-subtree",
      "node": {
        "label": "setDelay",
        "type": "Method"
      },
      "location-before-char-start": 5439,
      "location-before-char-end": 5623,
      "location-after-char-start": 5757,
      "location-after-char-end": 5941,
      "node-str": "setDelay"
    },
    {
      "type": "move-subtree",
      "node": {
        "label": "setProperty",
        "type": "Method"
      },
      "location-before-char-start": 5630,
      "location-before-char-end": 5970,
      "location-after-char-start": 5948,
      "location-after-char-end": 6288,
      "node-str": "setProperty"
    },
    {
      "type": "insert-node",
      "node": {
        "label": "getModName",
        "type": "Method"
      },
      "location-after-char-start": 6295,
      "location-after-char-end": 6537,
      "node-str": "getModName"
    },
    {
      "type": "insert-node",
      "node": {
        "label": "getModVersion",
        "type": "Method"
      },
      "location-after-char-start": 6544,
      "location-after-char-end": 6738,
      "node-str": "getModVersion"
    },
    {
      "type": "insert-node",
      "node": {
        "label": "doPrompts",
        "type": "Method"
      },
      "location-after-char-start": 6745,
      "location-after-char-end": 7190,
      "node-str": "doPrompts"
    },
    {
      "type": "insert-node",
      "node": {
        "label": "addInterceptor",
        "type": "Method"
      },
      "location-after-char-start": 7197,
      "location-after-char-end": 10362,
      "node-str": "addInterceptor"
    },
    {
      "type": "insert-node",
      "node": {
        "label": "org.apache.tomcat.core.BaseInterceptor",
        "type": "SUPER_TYPE"
      },
      "location-after-char-start": 0,
      "location-after-char-end": 0,
      "node-str": "org.apache.tomcat.core.BaseInterceptor"
    },
    {
      "type": "insert-node",
      "node": {
        "label": "java.lang.String",
        "type": "VARIABLE_TYPE"
      },
      "location-after-char-start": 0,
      "location-after-char-end": 0,
      "node-str": "java.lang.String"
    },
    {
      "type": "insert-node",
      "node": {
        "label": "final",
        "type": "Modifier"
      },
      "location-after-char-start": 0,
      "location-after-char-end": 0,
      "node-str": "final"
    },
    {
      "type": "insert-node",
      "node": {
        "label": "public",
        "type": "Modifier"
      },
      "location-after-char-start": 0,
      "location-after-char-end": 0,
      "node-str": "public"
    },
    {
      "type": "insert-node",
      "node": {
        "label": "static",
        "type": "Modifier"
      },
      "location-after-char-start": 0,
      "location-after-char-end": 0,
      "node-str": "static"
    },
    {
      "type": "insert-node",
      "node": {
        "label": "\"PasswordPrompter\"",
        "type": "Literal"
      },
      "location-after-char-start": 5059,
      "location-after-char-end": 5076,
      "node-str": "\"PasswordPrompter\""
    },
    {
      "type": "insert-node",
      "node": {
        "label": "java.lang.String",
        "type": "VARIABLE_TYPE"
      },
      "location-after-char-start": 0,
      "location-after-char-end": 0,
      "node-str": "java.lang.String"
    },
    {
      "type": "insert-node",
      "node": {
        "label": "final",
        "type": "Modifier"
      },
      "location-after-char-start": 0,
      "location-after-char-end": 0,
      "node-str": "final"
    },
    {
      "type": "insert-node",
      "node": {
        "label": "public",
        "type": "Modifier"
      },
      "location-after-char-start": 0,
      "location-after-char-end": 0,
      "node-str": "public"
    },
    {
      "type": "insert-node",
      "node": {
        "label": "static",
        "type": "Modifier"
      },
      "location-after-char-start": 0,
      "location-after-char-end": 0,
      "node-str": "static"
    },
    {
      "type": "insert-node",
      "node": {
        "label": "\"1.0\"",
        "type": "Literal"
      },
      "location-after-char-start": 5163,
      "location-after-char-end": 5167,
      "node-str": "\"1.0\""
    },
    {
      "type": "insert-node",
      "node": {
        "label": "int",
        "type": "VARIABLE_TYPE"
      },
      "location-after-char-start": 0,
      "location-after-char-end": 0,
      "node-str": "int"
    },
    {
      "type": "insert-node",
      "node": {
        "label": "25",
        "type": "Literal"
      },
      "location-after-char-start": 5250,
      "location-after-char-end": 5251,
      "node-str": "25"
    },
    {
      "type": "insert-node",
      "node": {
        "label": "int",
        "type": "VARIABLE_TYPE"
      },
      "location-after-char-start": 0,
      "location-after-char-end": 0,
      "node-str": "int"
    },
    {
      "type": "insert-node",
      "node": {
        "label": "100",
        "type": "Literal"
      },
      "location-after-char-start": 5328,
      "location-after-char-end": 5330,
      "node-str": "100"
    },
    {
      "type": "insert-node",
      "node": {
        "label": "java.util.Vector",
        "type": "VARIABLE_TYPE"
      },
      "location-after-char-start": 0,
      "location-after-char-end": 0,
      "node-str": "java.util.Vector"
    },
    {
      "type": "insert-node",
      "node": {
        "label": "java.util.Vector()",
        "type": "ConstructorCall"
      },
      "location-after-char-start": 5363,
      "location-after-char-end": 5374,
      "node-str": "java.util.Vector()"
    },
    {
      "type": "insert-node",
      "node": {
        "label": "public",
        "type": "Modifier"
      },
      "location-after-char-start": 0,
      "location-after-char-end": 0,
      "node-str": "public"
    },
    {
      "type": "insert-node",
      "node": {
        "label": "java.lang.String",
        "type": "RETURN_TYPE"
      },
      "location-after-char-start": 0,
      "location-after-char-end": 0,
      "node-str": "java.lang.String"
    },
    {
      "type": "insert-node",
      "node": {
        "label": "public",
        "type": "Modifier"
      },
      "location-after-char-start": 0,
      "location-after-char-end": 0,
      "node-str": "public"
    },
    {
      "type": "insert-node",
      "node": {
        "label": "static",
        "type": "Modifier"
      },
      "location-after-char-start": 0,
      "location-after-char-end": 0,
      "node-str": "static"
    },
    {
      "type": "insert-node",
      "node": {
        "label": "return",
        "type": "Return"
      },
      "location-after-char-start": 6516,
      "location-after-char-end": 6531,
      "node-str": "return"
    },
    {
      "type": "insert-node",
      "node": {
        "label": "java.lang.String",
        "type": "RETURN_TYPE"
      },
      "location-after-char-start": 0,
      "location-after-char-end": 0,
      "node-str": "java.lang.String"
    },
    {
      "type": "insert-node",
      "node": {
        "label": "public",
        "type": "Modifier"
      },
      "location-after-char-start": 0,
      "location-after-char-end": 0,
      "node-str": "public"
    },
    {
      "type": "insert-node",
      "node": {
        "label": "static",
        "type": "Modifier"
      },
      "location-after-char-start": 0,
      "location-after-char-end": 0,
      "node-str": "static"
    },
    {
      "type": "insert-node",
      "node": {
        "label": "return",
        "type": "Return"
      },
      "location-after-char-start": 6714,
      "location-after-char-end": 6732,
      "node-str": "return"
    },
    {
      "type": "insert-node",
      "node": {
        "label": "void",
        "type": "RETURN_TYPE"
      },
      "location-after-char-start": 0,
      "location-after-char-end": 0,
      "node-str": "void"
    },
    {
      "type": "insert-node",
      "node": {
        "label": "public",
        "type": "Modifier"
      },
      "location-after-char-start": 0,
      "location-after-char-end": 0,
      "node-str": "public"
    },
    {
      "type": "insert-node",
      "node": {
        "label": "modules",
        "type": "Parameter"
      },
      "location-after-char-start": 6872,
      "location-after-char-end": 6887,
      "node-str": "modules"
    },
    {
      "type": "insert-node",
      "node": {
        "label": "ctx",
        "type": "Parameter"
      },
      "location-after-char-start": 6890,
      "location-after-char-end": 6900,
      "node-str": "ctx"
    },
    {
      "type": "move-subtree",
      "node": {
        "label": "",
        "type": "For"
      },
      "location-before-char-start": 6596,
      "location-before-char-end": 6866,
      "location-after-char-start": 6914,
      "location-after-char-end": 7184,
      "node-str": ""
    },
    {
      "type": "insert-node",
      "node": {
        "label": "void",
        "type": "RETURN_TYPE"
      },
      "location-after-char-start": 0,
      "location-after-char-end": 0,
      "node-str": "void"
    },
    {
      "type": "insert-node",
      "node": {
        "label": "org.apache.tomcat.core.TomcatException",
        "type": "THROWS"
      },
      "location-after-char-start": 0,
      "location-after-char-end": 0,
      "node-str": "org.apache.tomcat.core.TomcatException"
    },
    {
      "type": "insert-node",
      "node": {
        "label": "public",
        "type": "Modifier"
      },
      "location-after-char-start": 0,
      "location-after-char-end": 0,
      "node-str": "public"
    },
    {
      "type": "insert-node",
      "node": {
        "label": "cm",
        "type": "Parameter"
      },
      "location-after-char-start": 8680,
      "location-after-char-end": 8696,
      "node-str": "cm"
    },
    {
      "type": "insert-node",
      "node": {
        "label": "ctx",
        "type": "Parameter"
      },
      "location-after-char-start": 8699,
      "location-after-char-end": 8709,
      "node-str": "ctx"
    },
    {
      "type": "insert-node",
      "node": {
        "label": "i",
        "type": "Parameter"
      },
      "location-after-char-start": 8744,
      "location-after-char-end": 8760,
      "node-str": "i"
    },
    {
      "type": "move-subtree",
      "node": {
        "label": "if",
        "type": "If"
      },
      "location-before-char-start": 8553,
      "location-before-char-end": 8623,
      "location-after-char-start": 8871,
      "location-after-char-end": 8941,
      "node-str": "if"
    },
    {
      "type": "insert-node",
      "node": {
        "label": "modules",
        "type": "LocalVariable"
      },
      "location-after-char-start": 9047,
      "location-after-char-end": 9063,
      "node-str": "modules"
    },
    {
      "type": "move-subtree",
      "node": {
        "label": "",
        "type": "For"
      },
      "location-before-char-start": 8899,
      "location-before-char-end": 9170,
      "location-after-char-start": 9217,
      "location-after-char-end": 9488,
      "node-str": ""
    },
    {
      "type": "move-subtree",
      "node": {
        "label": "\u003d",
        "type": "Assignment"
      },
      "location-before-char-start": 9243,
      "location-before-char-end": 9312,
      "location-after-char-start": 9561,
      "location-after-char-end": 9630,
      "node-str": "\u003d"
    },
    {
      "type": "insert-node",
      "node": {
        "label": "doPrompts",
        "type": "Invocation"
      },
      "location-after-char-start": 9695,
      "location-after-char-end": 9720,
      "node-str": "doPrompts"
    },
    {
      "type": "insert-node",
      "node": {
        "label": "\u003d",
        "type": "Assignment"
      },
      "location-after-char-start": 9786,
      "location-after-char-end": 9821,
      "node-str": "\u003d"
    },
    {
      "type": "insert-node",
      "node": {
        "label": "MOD_NAME",
        "type": "FieldRead"
      },
      "location-after-char-start": 6523,
      "location-after-char-end": 6530,
      "node-str": "MOD_NAME"
    },
    {
      "type": "insert-node",
      "node": {
        "label": "MOD_VERSION",
        "type": "FieldRead"
      },
      "location-after-char-start": 6721,
      "location-after-char-end": 6731,
      "node-str": "MOD_VERSION"
    },
    {
      "type": "insert-node",
      "node": {
        "label": "java.lang.Object[]",
        "type": "VARIABLE_TYPE"
      },
      "location-after-char-start": 0,
      "location-after-char-end": 0,
      "node-str": "java.lang.Object[]"
    },
    {
      "type": "insert-node",
      "node": {
        "label": "org.apache.tomcat.core.Context",
        "type": "VARIABLE_TYPE"
      },
      "location-after-char-start": 0,
      "location-after-char-end": 0,
      "node-str": "org.apache.tomcat.core.Context"
    },
    {
      "type": "insert-node",
      "node": {
        "label": "org.apache.tomcat.core.ContextManager",
        "type": "VARIABLE_TYPE"
      },
      "location-after-char-start": 0,
      "location-after-char-end": 0,
      "node-str": "org.apache.tomcat.core.ContextManager"
    },
    {
      "type": "insert-node",
      "node": {
        "label": "org.apache.tomcat.core.Context",
        "type": "VARIABLE_TYPE"
      },
      "location-after-char-start": 0,
      "location-after-char-end": 0,
      "node-str": "org.apache.tomcat.core.Context"
    },
    {
      "type": "insert-node",
      "node": {
        "label": "org.apache.tomcat.core.BaseInterceptor",
        "type": "VARIABLE_TYPE"
      },
      "location-after-char-start": 0,
      "location-after-char-end": 0,
      "node-str": "org.apache.tomcat.core.BaseInterceptor"
    },
    {
      "type": "insert-node",
      "node": {
        "label": "java.lang.Object[]",
        "type": "VARIABLE_TYPE"
      },
      "location-after-char-start": 0,
      "location-after-char-end": 0,
      "node-str": "java.lang.Object[]"
    },
    {
      "type": "insert-node",
      "node": {
        "label": "org.apache.tomcat.modules.config.PasswordPrompter",
        "type": "TypeAccess"
      },
      "location-after-char-start": 0,
      "location-after-char-end": 0,
      "node-str": "org.apache.tomcat.modules.config.PasswordPrompter"
    },
    {
      "type": "insert-node",
      "node": {
        "label": "modules",
        "type": "VariableRead"
      },
      "location-after-char-start": 9706,
      "location-after-char-end": 9712,
      "node-str": "modules"
    },
    {
      "type": "insert-node",
      "node": {
        "label": "ctx",
        "type": "VariableRead"
      },
      "location-after-char-start": 9715,
      "location-after-char-end": 9717,
      "node-str": "ctx"
    },
    {
      "type": "insert-node",
      "node": {
        "label": "Enumeration",
        "type": "FieldWrite"
      },
      "location-after-char-start": 9786,
      "location-after-char-end": 9796,
      "node-str": "Enumeration"
    },
    {
      "type": "insert-node",
      "node": {
        "label": "getContexts",
        "type": "Invocation"
      },
      "location-after-char-start": 9805,
      "location-after-char-end": 9820,
      "node-str": "getContexts"
    },
    {
      "type": "insert-node",
      "node": {
        "label": "cm",
        "type": "VariableRead"
      },
      "location-after-char-start": 9805,
      "location-after-char-end": 9806,
      "node-str": "cm"
    },
    {
      "type": "delete-node",
      "node": {
        "label": "public",
        "type": "Modifier"
      },
      "location-before-char-start": 0,
      "location-before-char-end": 0,
      "node-str": "public"
    },
    {
      "type": "delete-node",
      "node": {
        "label": "BaseInterceptor",
        "type": "SUPER_TYPE"
      },
      "location-before-char-start": 0,
      "location-before-char-end": 0,
      "node-str": "BaseInterceptor"
    },
    {
      "type": "delete-node",
      "node": {
        "label": "",
        "type": "TypeReference"
      },
      "location-before-char-start": 4565,
      "location-before-char-end": 4579,
      "node-str": ""
    },
    {
      "type": "delete-node",
      "node": {
        "label": "java.lang.String",
        "type": "VARIABLE_TYPE"
      },
      "location-before-char-start": 0,
      "location-before-char-end": 0,
      "node-str": "java.lang.String"
    },
    {
      "type": "delete-node",
      "node": {
        "label": "final",
        "type": "Modifier"
      },
      "location-before-char-start": 0,
      "location-before-char-end": 0,
      "node-str": "final"
    },
    {
      "type": "delete-node",
      "node": {
        "label": "public",
        "type": "Modifier"
      },
      "location-before-char-start": 0,
      "location-before-char-end": 0,
      "node-str": "public"
    },
    {
      "type": "delete-node",
      "node": {
        "label": "static",
        "type": "Modifier"
      },
      "location-before-char-start": 0,
      "location-before-char-end": 0,
      "node-str": "static"
    },
    {
      "type": "delete-node",
      "node": {
        "label": "\"PasswordPrompter\"",
        "type": "Literal"
      },
      "location-before-char-start": 4741,
      "location-before-char-end": 4758,
      "node-str": "\"PasswordPrompter\""
    },
    {
      "type": "delete-node",
      "node": {
        "label": "MOD_NAME",
        "type": "Field"
      },
      "location-before-char-start": 4588,
      "location-before-char-end": 4759,
      "node-str": "MOD_NAME"
    },
    {
      "type": "delete-node",
      "node": {
        "label": "java.lang.String",
        "type": "VARIABLE_TYPE"
      },
      "location-before-char-start": 0,
      "location-before-char-end": 0,
      "node-str": "java.lang.String"
    },
    {
      "type": "delete-node",
      "node": {
        "label": "final",
        "type": "Modifier"
      },
      "location-before-char-start": 0,
      "location-before-char-end": 0,
      "node-str": "final"
    },
    {
      "type": "delete-node",
      "node": {
        "label": "public",
        "type": "Modifier"
      },
      "location-before-char-start": 0,
      "location-before-char-end": 0,
      "node-str": "public"
    },
    {
      "type": "delete-node",
      "node": {
        "label": "static",
        "type": "Modifier"
      },
      "location-before-char-start": 0,
      "location-before-char-end": 0,
      "node-str": "static"
    },
    {
      "type": "delete-node",
      "node": {
        "label": "\"1.0\"",
        "type": "Literal"
      },
      "location-before-char-start": 4845,
      "location-before-char-end": 4849,
      "node-str": "\"1.0\""
    },
    {
      "type": "delete-node",
      "node": {
        "label": "MOD_VERSION",
        "type": "Field"
      },
      "location-before-char-start": 4766,
      "location-before-char-end": 4850,
      "node-str": "MOD_VERSION"
    },
    {
      "type": "delete-node",
      "node": {
        "label": "int",
        "type": "VARIABLE_TYPE"
      },
      "location-before-char-start": 0,
      "location-before-char-end": 0,
      "node-str": "int"
    },
    {
      "type": "delete-node",
      "node": {
        "label": "25",
        "type": "Literal"
      },
      "location-before-char-start": 4932,
      "location-before-char-end": 4933,
      "node-str": "25"
    },
    {
      "type": "delete-node",
      "node": {
        "label": "scroll",
        "type": "Field"
      },
      "location-before-char-start": 4857,
      "location-before-char-end": 4934,
      "node-str": "scroll"
    },
    {
      "type": "delete-node",
      "node": {
        "label": "int",
        "type": "VARIABLE_TYPE"
      },
      "location-before-char-start": 0,
      "location-before-char-end": 0,
      "node-str": "int"
    },
    {
      "type": "delete-node",
      "node": {
        "label": "100",
        "type": "Literal"
      },
      "location-before-char-start": 5010,
      "location-before-char-end": 5012,
      "node-str": "100"
    },
    {
      "type": "delete-node",
      "node": {
        "label": "delay",
        "type": "Field"
      },
      "location-before-char-start": 4941,
      "location-before-char-end": 5013,
      "node-str": "delay"
    },
    {
      "type": "delete-node",
      "node": {
        "label": "java.util.Vector",
        "type": "VARIABLE_TYPE"
      },
      "location-before-char-start": 0,
      "location-before-char-end": 0,
      "node-str": "java.util.Vector"
    },
    {
      "type": "delete-node",
      "node": {
        "label": "java.util.Vector()",
        "type": "ConstructorCall"
      },
      "location-before-char-start": 5045,
      "location-before-char-end": 5056,
      "node-str": "java.util.Vector()"
    },
    {
      "type": "delete-node",
      "node": {
        "label": "prompts",
        "type": "Field"
      },
      "location-before-char-start": 5020,
      "location-before-char-end": 5057,
      "node-str": "prompts"
    },
    {
      "type": "delete-node",
      "node": {
        "label": "public",
        "type": "Modifier"
      },
      "location-before-char-start": 0,
      "location-before-char-end": 0,
      "node-str": "public"
    },
    {
      "type": "delete-node",
      "node": {
        "label": "\u003cinit\u003e",
        "type": "Constructor"
      },
      "location-before-char-start": 5064,
      "location-before-char-end": 5209,
      "node-str": "\u003cinit\u003e"
    },
    {
      "type": "delete-node",
      "node": {
        "label": "java.lang.String",
        "type": "RETURN_TYPE"
      },
      "location-before-char-start": 0,
      "location-before-char-end": 0,
      "node-str": "java.lang.String"
    },
    {
      "type": "delete-node",
      "node": {
        "label": "public",
        "type": "Modifier"
      },
      "location-before-char-start": 0,
      "location-before-char-end": 0,
      "node-str": "public"
    },
    {
      "type": "delete-node",
      "node": {
        "label": "static",
        "type": "Modifier"
      },
      "location-before-char-start": 0,
      "location-before-char-end": 0,
      "node-str": "static"
    },
    {
      "type": "delete-node",
      "node": {
        "label": "MOD_NAME",
        "type": "FieldRead"
      },
      "location-before-char-start": 6205,
      "location-before-char-end": 6212,
      "node-str": "MOD_NAME"
    },
    {
      "type": "delete-node",
      "node": {
        "label": "return",
        "type": "Return"
      },
      "location-before-char-start": 6198,
      "location-before-char-end": 6213,
      "node-str": "return"
    },
    {
      "type": "delete-node",
      "node": {
        "label": "getModName",
        "type": "Method"
      },
      "location-before-char-start": 5977,
      "location-before-char-end": 6219,
      "node-str": "getModName"
    },
    {
      "type": "delete-node",
      "node": {
        "label": "java.lang.String",
        "type": "RETURN_TYPE"
      },
      "location-before-char-start": 0,
      "location-before-char-end": 0,
      "node-str": "java.lang.String"
    },
    {
      "type": "delete-node",
      "node": {
        "label": "public",
        "type": "Modifier"
      },
      "location-before-char-start": 0,
      "location-before-char-end": 0,
      "node-str": "public"
    },
    {
      "type": "delete-node",
      "node": {
        "label": "static",
        "type": "Modifier"
      },
      "location-before-char-start": 0,
      "location-before-char-end": 0,
      "node-str": "static"
    },
    {
      "type": "delete-node",
      "node": {
        "label": "MOD_VERSION",
        "type": "FieldRead"
      },
      "location-before-char-start": 6403,
      "location-before-char-end": 6413,
      "node-str": "MOD_VERSION"
    },
    {
      "type": "delete-node",
      "node": {
        "label": "return",
        "type": "Return"
      },
      "location-before-char-start": 6396,
      "location-before-char-end": 6414,
      "node-str": "return"
    },
    {
      "type": "delete-node",
      "node": {
        "label": "getModVersion",
        "type": "Method"
      },
      "location-before-char-start": 6226,
      "location-before-char-end": 6420,
      "node-str": "getModVersion"
    },
    {
      "type": "delete-node",
      "node": {
        "label": "void",
        "type": "RETURN_TYPE"
      },
      "location-before-char-start": 0,
      "location-before-char-end": 0,
      "node-str": "void"
    },
    {
      "type": "delete-node",
      "node": {
        "label": "public",
        "type": "Modifier"
      },
      "location-before-char-start": 0,
      "location-before-char-end": 0,
      "node-str": "public"
    },
    {
      "type": "delete-node",
      "node": {
        "label": "java.lang.Object[]",
        "type": "VARIABLE_TYPE"
      },
      "location-before-char-start": 0,
      "location-before-char-end": 0,
      "node-str": "java.lang.Object[]"
    },
    {
      "type": "delete-node",
      "node": {
        "label": "modules",
        "type": "Parameter"
      },
      "location-before-char-start": 6554,
      "location-before-char-end": 6569,
      "node-str": "modules"
    },
    {
      "type": "delete-node",
      "node": {
        "label": "Context",
        "type": "VARIABLE_TYPE"
      },
      "location-before-char-start": 0,
      "location-before-char-end": 0,
      "node-str": "Context"
    },
    {
      "type": "delete-node",
      "node": {
        "label": "ctx",
        "type": "Parameter"
      },
      "location-before-char-start": 6572,
      "location-before-char-end": 6582,
      "node-str": "ctx"
    },
    {
      "type": "delete-node",
      "node": {
        "label": "doPrompts",
        "type": "Method"
      },
      "location-before-char-start": 6427,
      "location-before-char-end": 6872,
      "node-str": "doPrompts"
    },
    {
      "type": "delete-node",
      "node": {
        "label": "void",
        "type": "RETURN_TYPE"
      },
      "location-before-char-start": 0,
      "location-before-char-end": 0,
      "node-str": "void"
    },
    {
      "type": "delete-node",
      "node": {
        "label": "org.apache.tomcat.modules.config.TomcatException",
        "type": "THROWS"
      },
      "location-before-char-start": 0,
      "location-before-char-end": 0,
      "node-str": "org.apache.tomcat.modules.config.TomcatException"
    },
    {
      "type": "delete-node",
      "node": {
        "label": "public",
        "type": "Modifier"
      },
      "location-before-char-start": 0,
      "location-before-char-end": 0,
      "node-str": "public"
    },
    {
      "type": "delete-node",
      "node": {
        "label": "ContextManager",
        "type": "VARIABLE_TYPE"
      },
      "location-before-char-start": 0,
      "location-before-char-end": 0,
      "node-str": "ContextManager"
    },
    {
      "type": "delete-node",
      "node": {
        "label": "cm",
        "type": "Parameter"
      },
      "location-before-char-start": 8362,
      "location-before-char-end": 8378,
      "node-str": "cm"
    },
    {
      "type": "delete-node",
      "node": {
        "label": "Context",
        "type": "VARIABLE_TYPE"
      },
      "location-before-char-start": 0,
      "location-before-char-end": 0,
      "node-str": "Context"
    },
    {
      "type": "delete-node",
      "node": {
        "label": "ctx",
        "type": "Parameter"
      },
      "location-before-char-start": 8381,
      "location-before-char-end": 8391,
      "node-str": "ctx"
    },
    {
      "type": "delete-node",
      "node": {
        "label": "BaseInterceptor",
        "type": "VARIABLE_TYPE"
      },
      "location-before-char-start": 0,
      "location-before-char-end": 0,
      "node-str": "BaseInterceptor"
    },
    {
      "type": "delete-node",
      "node": {
        "label": "i",
        "type": "Parameter"
      },
      "location-before-char-start": 8426,
      "location-before-char-end": 8442,
      "node-str": "i"
    },
    {
      "type": "delete-node",
      "node": {
        "label": "java.lang.Object[]",
        "type": "VARIABLE_TYPE"
      },
      "location-before-char-start": 0,
      "location-before-char-end": 0,
      "node-str": "java.lang.Object[]"
    },
    {
      "type": "delete-node",
      "node": {
        "label": "modules",
        "type": "LocalVariable"
      },
      "location-before-char-start": 8729,
      "location-before-char-end": 8745,
      "node-str": "modules"
    },
    {
      "type": "delete-node",
      "node": {
        "label": "org.apache.tomcat.modules.config.PasswordPrompter",
        "type": "TypeAccess"
      },
      "location-before-char-start": 0,
      "location-before-char-end": 0,
      "node-str": "org.apache.tomcat.modules.config.PasswordPrompter"
    },
    {
      "type": "delete-node",
      "node": {
        "label": "modules",
        "type": "VariableRead"
      },
      "location-before-char-start": 9388,
      "location-before-char-end": 9394,
      "node-str": "modules"
    },
    {
      "type": "delete-node",
      "node": {
        "label": "ctx",
        "type": "VariableRead"
      },
      "location-before-char-start": 9397,
      "location-before-char-end": 9399,
      "node-str": "ctx"
    },
    {
      "type": "delete-node",
      "node": {
        "label": "doPrompts",
        "type": "Invocation"
      },
      "location-before-char-start": 9377,
      "location-before-char-end": 9402,
      "node-str": "doPrompts"
    },
    {
      "type": "delete-node",
      "node": {
        "label": "Enumeration",
        "type": "FieldWrite"
      },
      "location-before-char-start": 9468,
      "location-before-char-end": 9478,
      "node-str": "Enumeration"
    },
    {
      "type": "delete-node",
      "node": {
        "label": "cm",
        "type": "VariableRead"
      },
      "location-before-char-start": 9487,
      "location-before-char-end": 9488,
      "node-str": "cm"
    },
    {
      "type": "delete-node",
      "node": {
        "label": "getContexts",
        "type": "Invocation"
      },
      "location-before-char-start": 9487,
      "location-before-char-end": 9502,
      "node-str": "getContexts"
    },
    {
      "type": "delete-node",
      "node": {
        "label": "\u003d",
        "type": "Assignment"
      },
      "location-before-char-start": 9468,
      "location-before-char-end": 9503,
      "node-str": "\u003d"
    },
    {
      "type": "delete-node",
      "node": {
        "label": "addInterceptor",
        "type": "Method"
      },
      "location-before-char-start": 6879,
      "location-before-char-end": 10044,
      "node-str": "addInterceptor"
    },
    {
      "type": "delete-node",
      "node": {
        "label": "PasswordPrompter",
        "type": "Class"
      },
      "location-before-char-start": 3032,
      "location-before-char-end": 10047,
      "node-str": "PasswordPrompter"
    }
  ],
  "before-file": {},
  "after-file": {},
  "mapping": {}
}