{
  "tool-info": {},
  "diff": [
    {
      "type": "insert-node",
      "node": {
        "label": "abstract",
        "type": "Modifier"
      },
      "location-after-char-start": 0,
      "location-after-char-end": 0,
      "node-str": "abstract"
    },
    {
      "type": "insert-node",
      "node": {
        "label": "public",
        "type": "Modifier"
      },
      "location-after-char-start": 0,
      "location-after-char-end": 0,
      "node-str": "public"
    },
    {
      "type": "insert-node",
      "node": {
        "label": "",
        "type": "TypeReference"
      },
      "location-after-char-start": 6115,
      "location-after-char-end": 6132,
      "node-str": ""
    },
    {
      "type": "insert-node",
      "node": {
        "label": "\u003cinit\u003e",
        "type": "Constructor"
      },
      "location-after-char-start": 7738,
      "location-after-char-end": 7776,
      "node-str": "\u003cinit\u003e"
    },
    {
      "type": "insert-node",
      "node": {
        "label": "org.jboss.deployment.SubDeployerSupport",
        "type": "SUPER_TYPE"
      },
      "location-after-char-start": 0,
      "location-after-char-end": 0,
      "node-str": "org.jboss.deployment.SubDeployerSupport"
    },
    {
      "type": "insert-node",
      "node": {
        "label": "public",
        "type": "Modifier"
      },
      "location-after-char-start": 0,
      "location-after-char-end": 0,
      "node-str": "public"
    },
    {
      "type": "insert-node",
      "node": {
        "label": "void",
        "type": "RETURN_TYPE"
      },
      "location-after-char-start": 0,
      "location-after-char-end": 0,
      "node-str": "void"
    },
    {
      "type": "insert-node",
      "node": {
        "label": "java.lang.Exception",
        "type": "THROWS"
      },
      "location-after-char-start": 0,
      "location-after-char-end": 0,
      "node-str": "java.lang.Exception"
    },
    {
      "type": "insert-node",
      "node": {
        "label": "protected",
        "type": "Modifier"
      },
      "location-after-char-start": 0,
      "location-after-char-end": 0,
      "node-str": "protected"
    },
    {
      "type": "insert-node",
      "node": {
        "label": "di",
        "type": "Parameter"
      },
      "location-after-char-start": 15929,
      "location-after-char-end": 15945,
      "node-str": "di"
    },
    {
      "type": "insert-node",
      "node": {
        "label": "loader",
        "type": "Parameter"
      },
      "location-after-char-start": 15948,
      "location-after-char-end": 15965,
      "node-str": "loader"
    },
    {
      "type": "insert-node",
      "node": {
        "label": "metaData",
        "type": "Parameter"
      },
      "location-after-char-start": 15974,
      "location-after-char-end": 15993,
      "node-str": "metaData"
    },
    {
      "type": "insert-node",
      "node": {
        "label": "debug",
        "type": "Invocation"
      },
      "location-after-char-start": 16030,
      "location-after-char-end": 16093,
      "node-str": "debug"
    },
    {
      "type": "insert-node",
      "node": {
        "label": "iniCtx",
        "type": "LocalVariable"
      },
      "location-after-char-start": 16107,
      "location-after-char-end": 16151,
      "node-str": "iniCtx"
    },
    {
      "type": "insert-node",
      "node": {
        "label": "envCtx",
        "type": "LocalVariable"
      },
      "location-after-char-start": 16159,
      "location-after-char-end": 16180,
      "node-str": "envCtx"
    },
    {
      "type": "insert-node",
      "node": {
        "label": "currentThread",
        "type": "LocalVariable"
      },
      "location-after-char-start": 16188,
      "location-after-char-end": 16233,
      "node-str": "currentThread"
    },
    {
      "type": "insert-node",
      "node": {
        "label": "currentLoader",
        "type": "LocalVariable"
      },
      "location-after-char-start": 16241,
      "location-after-char-end": 16306,
      "node-str": "currentLoader"
    },
    {
      "type": "insert-node",
      "node": {
        "label": "debug",
        "type": "Invocation"
      },
      "location-after-char-start": 17200,
      "location-after-char-end": 17226,
      "node-str": "debug"
    },
    {
      "type": "insert-node",
      "node": {
        "label": "debug",
        "type": "Invocation"
      },
      "location-after-char-start": 17345,
      "location-after-char-end": 17377,
      "node-str": "debug"
    },
    {
      "type": "insert-node",
      "node": {
        "label": "debug",
        "type": "Invocation"
      },
      "location-after-char-start": 17501,
      "location-after-char-end": 17530,
      "node-str": "debug"
    },
    {
      "type": "insert-node",
      "node": {
        "label": "debug",
        "type": "Invocation"
      },
      "location-after-char-start": 17638,
      "location-after-char-end": 17662,
      "node-str": "debug"
    },
    {
      "type": "insert-node",
      "node": {
        "label": "debug",
        "type": "Invocation"
      },
      "location-after-char-start": 17774,
      "location-after-char-end": 17803,
      "node-str": "debug"
    },
    {
      "type": "insert-node",
      "node": {
        "label": "debug",
        "type": "Invocation"
      },
      "location-after-char-start": 17921,
      "location-after-char-end": 17952,
      "node-str": "debug"
    },
    {
      "type": "insert-node",
      "node": {
        "label": "debug",
        "type": "Invocation"
      },
      "location-after-char-start": 18010,
      "location-after-char-end": 18071,
      "node-str": "debug"
    },
    {
      "type": "insert-node",
      "node": {
        "label": "org.jboss.deployment.DeploymentInfo",
        "type": "VARIABLE_TYPE"
      },
      "location-after-char-start": 0,
      "location-after-char-end": 0,
      "node-str": "org.jboss.deployment.DeploymentInfo"
    },
    {
      "type": "insert-node",
      "node": {
        "label": "java.lang.ClassLoader",
        "type": "VARIABLE_TYPE"
      },
      "location-after-char-start": 0,
      "location-after-char-end": 0,
      "node-str": "java.lang.ClassLoader"
    },
    {
      "type": "insert-node",
      "node": {
        "label": "org.jboss.metadata.WebMetaData",
        "type": "VARIABLE_TYPE"
      },
      "location-after-char-start": 0,
      "location-after-char-end": 0,
      "node-str": "org.jboss.metadata.WebMetaData"
    },
    {
      "type": "insert-node",
      "node": {
        "label": "log",
        "type": "FieldRead"
      },
      "location-after-char-start": 16030,
      "location-after-char-end": 16032,
      "node-str": "log"
    },
    {
      "type": "insert-node",
      "node": {
        "label": "\"AbstractWebContainer.parseWebAppDescriptors, Begin\"",
        "type": "Literal"
      },
      "location-after-char-start": 16040,
      "location-after-char-end": 16091,
      "node-str": "\"AbstractWebContainer.parseWebAppDescriptors, Begin\""
    },
    {
      "type": "insert-node",
      "node": {
        "label": "javax.naming.InitialContext",
        "type": "VARIABLE_TYPE"
      },
      "location-after-char-start": 0,
      "location-after-char-end": 0,
      "node-str": "javax.naming.InitialContext"
    },
    {
      "type": "insert-node",
      "node": {
        "label": "javax.naming.InitialContext()",
        "type": "ConstructorCall"
      },
      "location-after-char-start": 16131,
      "location-after-char-end": 16150,
      "node-str": "javax.naming.InitialContext()"
    },
    {
      "type": "insert-node",
      "node": {
        "label": "javax.naming.Context",
        "type": "VARIABLE_TYPE"
      },
      "location-after-char-start": 0,
      "location-after-char-end": 0,
      "node-str": "javax.naming.Context"
    },
    {
      "type": "insert-node",
      "node": {
        "label": "null",
        "type": "Literal"
      },
      "location-after-char-start": 16176,
      "location-after-char-end": 16179,
      "node-str": "null"
    },
    {
      "type": "insert-node",
      "node": {
        "label": "java.lang.Thread",
        "type": "VARIABLE_TYPE"
      },
      "location-after-char-start": 0,
      "location-after-char-end": 0,
      "node-str": "java.lang.Thread"
    },
    {
      "type": "insert-node",
      "node": {
        "label": "currentThread",
        "type": "Invocation"
      },
      "location-after-char-start": 16211,
      "location-after-char-end": 16232,
      "node-str": "currentThread"
    },
    {
      "type": "insert-node",
      "node": {
        "label": "java.lang.ClassLoader",
        "type": "VARIABLE_TYPE"
      },
      "location-after-char-start": 0,
      "location-after-char-end": 0,
      "node-str": "java.lang.ClassLoader"
    },
    {
      "type": "insert-node",
      "node": {
        "label": "getContextClassLoader",
        "type": "Invocation"
      },
      "location-after-char-start": 16269,
      "location-after-char-end": 16305,
      "node-str": "getContextClassLoader"
    },
    {
      "type": "insert-node",
      "node": {
        "label": "log",
        "type": "FieldRead"
      },
      "location-after-char-start": 17200,
      "location-after-char-end": 17202,
      "node-str": "log"
    },
    {
      "type": "insert-node",
      "node": {
        "label": "\"addEnvEntries\"",
        "type": "Literal"
      },
      "location-after-char-start": 17210,
      "location-after-char-end": 17224,
      "node-str": "\"addEnvEntries\""
    },
    {
      "type": "insert-node",
      "node": {
        "label": "log",
        "type": "FieldRead"
      },
      "location-after-char-start": 17345,
      "location-after-char-end": 17347,
      "node-str": "log"
    },
    {
      "type": "insert-node",
      "node": {
        "label": "\"linkResourceEnvRefs\"",
        "type": "Literal"
      },
      "location-after-char-start": 17355,
      "location-after-char-end": 17375,
      "node-str": "\"linkResourceEnvRefs\""
    },
    {
      "type": "insert-node",
      "node": {
        "label": "log",
        "type": "FieldRead"
      },
      "location-after-char-start": 17501,
      "location-after-char-end": 17503,
      "node-str": "log"
    },
    {
      "type": "insert-node",
      "node": {
        "label": "\"linkResourceRefs\"",
        "type": "Literal"
      },
      "location-after-char-start": 17511,
      "location-after-char-end": 17528,
      "node-str": "\"linkResourceRefs\""
    },
    {
      "type": "insert-node",
      "node": {
        "label": "log",
        "type": "FieldRead"
      },
      "location-after-char-start": 17638,
      "location-after-char-end": 17640,
      "node-str": "log"
    },
    {
      "type": "insert-node",
      "node": {
        "label": "\"linkEjbRefs\"",
        "type": "Literal"
      },
      "location-after-char-start": 17648,
      "location-after-char-end": 17660,
      "node-str": "\"linkEjbRefs\""
    },
    {
      "type": "insert-node",
      "node": {
        "label": "log",
        "type": "FieldRead"
      },
      "location-after-char-start": 17774,
      "location-after-char-end": 17776,
      "node-str": "log"
    },
    {
      "type": "insert-node",
      "node": {
        "label": "\"linkEjbLocalRefs\"",
        "type": "Literal"
      },
      "location-after-char-start": 17784,
      "location-after-char-end": 17801,
      "node-str": "\"linkEjbLocalRefs\""
    },
    {
      "type": "insert-node",
      "node": {
        "label": "log",
        "type": "FieldRead"
      },
      "location-after-char-start": 17921,
      "location-after-char-end": 17923,
      "node-str": "log"
    },
    {
      "type": "insert-node",
      "node": {
        "label": "\"linkSecurityDomain\"",
        "type": "Literal"
      },
      "location-after-char-start": 17931,
      "location-after-char-end": 17950,
      "node-str": "\"linkSecurityDomain\""
    },
    {
      "type": "insert-node",
      "node": {
        "label": "log",
        "type": "FieldRead"
      },
      "location-after-char-start": 18010,
      "location-after-char-end": 18012,
      "node-str": "log"
    },
    {
      "type": "insert-node",
      "node": {
        "label": "\"AbstractWebContainer.parseWebAppDescriptors, End\"",
        "type": "Literal"
      },
      "location-after-char-start": 18020,
      "location-after-char-end": 18069,
      "node-str": "\"AbstractWebContainer.parseWebAppDescriptors, End\""
    },
    {
      "type": "insert-node",
      "node": {
        "label": "java.lang.Thread",
        "type": "TypeAccess"
      },
      "location-after-char-start": 16211,
      "location-after-char-end": 16216,
      "node-str": "java.lang.Thread"
    },
    {
      "type": "insert-node",
      "node": {
        "label": "currentThread",
        "type": "VariableRead"
      },
      "location-after-char-start": 16269,
      "location-after-char-end": 16281,
      "node-str": "currentThread"
    },
    {
      "type": "insert-node",
      "node": {
        "label": "currentThread",
        "type": "VariableRead"
      },
      "location-after-char-start": 16658,
      "location-after-char-end": 16670,
      "node-str": "currentThread"
    },
    {
      "type": "insert-node",
      "node": {
        "label": "currentThread",
        "type": "VariableRead"
      },
      "location-after-char-start": 17065,
      "location-after-char-end": 17077,
      "node-str": "currentThread"
    },
    {
      "type": "delete-node",
      "node": {
        "label": "abstract",
        "type": "Modifier"
      },
      "location-before-char-start": 0,
      "location-before-char-end": 0,
      "node-str": "abstract"
    },
    {
      "type": "delete-node",
      "node": {
        "label": "public",
        "type": "Modifier"
      },
      "location-before-char-start": 0,
      "location-before-char-end": 0,
      "node-str": "public"
    },
    {
      "type": "delete-node",
      "node": {
        "label": "org.jboss.deployment.SubDeployerSupport",
        "type": "SUPER_TYPE"
      },
      "location-before-char-start": 0,
      "location-before-char-end": 0,
      "node-str": "org.jboss.deployment.SubDeployerSupport"
    },
    {
      "type": "delete-node",
      "node": {
        "label": "",
        "type": "TypeReference"
      },
      "location-before-char-start": 6115,
      "location-before-char-end": 6132,
      "node-str": ""
    },
    {
      "type": "delete-node",
      "node": {
        "label": "public",
        "type": "Modifier"
      },
      "location-before-char-start": 0,
      "location-before-char-end": 0,
      "node-str": "public"
    },
    {
      "type": "delete-node",
      "node": {
        "label": "\u003cinit\u003e",
        "type": "Constructor"
      },
      "location-before-char-start": 7738,
      "location-before-char-end": 7776,
      "node-str": "\u003cinit\u003e"
    },
    {
      "type": "delete-node",
      "node": {
        "label": "void",
        "type": "RETURN_TYPE"
      },
      "location-before-char-start": 0,
      "location-before-char-end": 0,
      "node-str": "void"
    },
    {
      "type": "delete-node",
      "node": {
        "label": "java.lang.Exception",
        "type": "THROWS"
      },
      "location-before-char-start": 0,
      "location-before-char-end": 0,
      "node-str": "java.lang.Exception"
    },
    {
      "type": "delete-node",
      "node": {
        "label": "protected",
        "type": "Modifier"
      },
      "location-before-char-start": 0,
      "location-before-char-end": 0,
      "node-str": "protected"
    },
    {
      "type": "delete-node",
      "node": {
        "label": "org.jboss.deployment.DeploymentInfo",
        "type": "VARIABLE_TYPE"
      },
      "location-before-char-start": 0,
      "location-before-char-end": 0,
      "node-str": "org.jboss.deployment.DeploymentInfo"
    },
    {
      "type": "delete-node",
      "node": {
        "label": "di",
        "type": "Parameter"
      },
      "location-before-char-start": 15929,
      "location-before-char-end": 15945,
      "node-str": "di"
    },
    {
      "type": "delete-node",
      "node": {
        "label": "java.lang.ClassLoader",
        "type": "VARIABLE_TYPE"
      },
      "location-before-char-start": 0,
      "location-before-char-end": 0,
      "node-str": "java.lang.ClassLoader"
    },
    {
      "type": "delete-node",
      "node": {
        "label": "loader",
        "type": "Parameter"
      },
      "location-before-char-start": 15948,
      "location-before-char-end": 15965,
      "node-str": "loader"
    },
    {
      "type": "delete-node",
      "node": {
        "label": "org.jboss.metadata.WebMetaData",
        "type": "VARIABLE_TYPE"
      },
      "location-before-char-start": 0,
      "location-before-char-end": 0,
      "node-str": "org.jboss.metadata.WebMetaData"
    },
    {
      "type": "delete-node",
      "node": {
        "label": "metaData",
        "type": "Parameter"
      },
      "location-before-char-start": 15974,
      "location-before-char-end": 15993,
      "node-str": "metaData"
    },
    {
      "type": "delete-node",
      "node": {
        "label": "log",
        "type": "FieldRead"
      },
      "location-before-char-start": 16030,
      "location-before-char-end": 16032,
      "node-str": "log"
    },
    {
      "type": "delete-node",
      "node": {
        "label": "\"AbstractWebContainer.parseWebAppDescriptors, Begin\"",
        "type": "Literal"
      },
      "location-before-char-start": 16040,
      "location-before-char-end": 16091,
      "node-str": "\"AbstractWebContainer.parseWebAppDescriptors, Begin\""
    },
    {
      "type": "delete-node",
      "node": {
        "label": "debug",
        "type": "Invocation"
      },
      "location-before-char-start": 16030,
      "location-before-char-end": 16093,
      "node-str": "debug"
    },
    {
      "type": "delete-node",
      "node": {
        "label": "javax.naming.InitialContext",
        "type": "VARIABLE_TYPE"
      },
      "location-before-char-start": 0,
      "location-before-char-end": 0,
      "node-str": "javax.naming.InitialContext"
    },
    {
      "type": "delete-node",
      "node": {
        "label": "javax.naming.InitialContext()",
        "type": "ConstructorCall"
      },
      "location-before-char-start": 16131,
      "location-before-char-end": 16150,
      "node-str": "javax.naming.InitialContext()"
    },
    {
      "type": "delete-node",
      "node": {
        "label": "iniCtx",
        "type": "LocalVariable"
      },
      "location-before-char-start": 16107,
      "location-before-char-end": 16151,
      "node-str": "iniCtx"
    },
    {
      "type": "delete-node",
      "node": {
        "label": "javax.naming.Context",
        "type": "VARIABLE_TYPE"
      },
      "location-before-char-start": 0,
      "location-before-char-end": 0,
      "node-str": "javax.naming.Context"
    },
    {
      "type": "delete-node",
      "node": {
        "label": "null",
        "type": "Literal"
      },
      "location-before-char-start": 16176,
      "location-before-char-end": 16179,
      "node-str": "null"
    },
    {
      "type": "delete-node",
      "node": {
        "label": "envCtx",
        "type": "LocalVariable"
      },
      "location-before-char-start": 16159,
      "location-before-char-end": 16180,
      "node-str": "envCtx"
    },
    {
      "type": "delete-node",
      "node": {
        "label": "java.lang.ClassLoader",
        "type": "VARIABLE_TYPE"
      },
      "location-before-char-start": 0,
      "location-before-char-end": 0,
      "node-str": "java.lang.ClassLoader"
    },
    {
      "type": "delete-node",
      "node": {
        "label": "java.lang.Thread",
        "type": "TypeAccess"
      },
      "location-before-char-start": 16216,
      "location-before-char-end": 16221,
      "node-str": "java.lang.Thread"
    },
    {
      "type": "delete-node",
      "node": {
        "label": "currentThread",
        "type": "Invocation"
      },
      "location-before-char-start": 16216,
      "location-before-char-end": 16237,
      "node-str": "currentThread"
    },
    {
      "type": "delete-node",
      "node": {
        "label": "getContextClassLoader",
        "type": "Invocation"
      },
      "location-before-char-start": 16216,
      "location-before-char-end": 16261,
      "node-str": "getContextClassLoader"
    },
    {
      "type": "delete-node",
      "node": {
        "label": "currentLoader",
        "type": "LocalVariable"
      },
      "location-before-char-start": 16188,
      "location-before-char-end": 16262,
      "node-str": "currentLoader"
    },
    {
      "type": "delete-node",
      "node": {
        "label": "java.lang.Thread",
        "type": "TypeAccess"
      },
      "location-before-char-start": 16614,
      "location-before-char-end": 16619,
      "node-str": "java.lang.Thread"
    },
    {
      "type": "delete-node",
      "node": {
        "label": "currentThread",
        "type": "Invocation"
      },
      "location-before-char-start": 16614,
      "location-before-char-end": 16635,
      "node-str": "currentThread"
    },
    {
      "type": "delete-node",
      "node": {
        "label": "java.lang.Thread",
        "type": "TypeAccess"
      },
      "location-before-char-start": 17030,
      "location-before-char-end": 17035,
      "node-str": "java.lang.Thread"
    },
    {
      "type": "delete-node",
      "node": {
        "label": "currentThread",
        "type": "Invocation"
      },
      "location-before-char-start": 17030,
      "location-before-char-end": 17051,
      "node-str": "currentThread"
    },
    {
      "type": "delete-node",
      "node": {
        "label": "log",
        "type": "FieldRead"
      },
      "location-before-char-start": 17174,
      "location-before-char-end": 17176,
      "node-str": "log"
    },
    {
      "type": "delete-node",
      "node": {
        "label": "\"addEnvEntries\"",
        "type": "Literal"
      },
      "location-before-char-start": 17184,
      "location-before-char-end": 17198,
      "node-str": "\"addEnvEntries\""
    },
    {
      "type": "delete-node",
      "node": {
        "label": "debug",
        "type": "Invocation"
      },
      "location-before-char-start": 17174,
      "location-before-char-end": 17200,
      "node-str": "debug"
    },
    {
      "type": "delete-node",
      "node": {
        "label": "log",
        "type": "FieldRead"
      },
      "location-before-char-start": 17319,
      "location-before-char-end": 17321,
      "node-str": "log"
    },
    {
      "type": "delete-node",
      "node": {
        "label": "\"linkResourceEnvRefs\"",
        "type": "Literal"
      },
      "location-before-char-start": 17329,
      "location-before-char-end": 17349,
      "node-str": "\"linkResourceEnvRefs\""
    },
    {
      "type": "delete-node",
      "node": {
        "label": "debug",
        "type": "Invocation"
      },
      "location-before-char-start": 17319,
      "location-before-char-end": 17351,
      "node-str": "debug"
    },
    {
      "type": "delete-node",
      "node": {
        "label": "log",
        "type": "FieldRead"
      },
      "location-before-char-start": 17475,
      "location-before-char-end": 17477,
      "node-str": "log"
    },
    {
      "type": "delete-node",
      "node": {
        "label": "\"linkResourceRefs\"",
        "type": "Literal"
      },
      "location-before-char-start": 17485,
      "location-before-char-end": 17502,
      "node-str": "\"linkResourceRefs\""
    },
    {
      "type": "delete-node",
      "node": {
        "label": "debug",
        "type": "Invocation"
      },
      "location-before-char-start": 17475,
      "location-before-char-end": 17504,
      "node-str": "debug"
    },
    {
      "type": "delete-node",
      "node": {
        "label": "log",
        "type": "FieldRead"
      },
      "location-before-char-start": 17612,
      "location-before-char-end": 17614,
      "node-str": "log"
    },
    {
      "type": "delete-node",
      "node": {
        "label": "\"linkEjbRefs\"",
        "type": "Literal"
      },
      "location-before-char-start": 17622,
      "location-before-char-end": 17634,
      "node-str": "\"linkEjbRefs\""
    },
    {
      "type": "delete-node",
      "node": {
        "label": "debug",
        "type": "Invocation"
      },
      "location-before-char-start": 17612,
      "location-before-char-end": 17636,
      "node-str": "debug"
    },
    {
      "type": "delete-node",
      "node": {
        "label": "log",
        "type": "FieldRead"
      },
      "location-before-char-start": 17748,
      "location-before-char-end": 17750,
      "node-str": "log"
    },
    {
      "type": "delete-node",
      "node": {
        "label": "\"linkEjbLocalRefs\"",
        "type": "Literal"
      },
      "location-before-char-start": 17758,
      "location-before-char-end": 17775,
      "node-str": "\"linkEjbLocalRefs\""
    },
    {
      "type": "delete-node",
      "node": {
        "label": "debug",
        "type": "Invocation"
      },
      "location-before-char-start": 17748,
      "location-before-char-end": 17777,
      "node-str": "debug"
    },
    {
      "type": "delete-node",
      "node": {
        "label": "log",
        "type": "FieldRead"
      },
      "location-before-char-start": 17895,
      "location-before-char-end": 17897,
      "node-str": "log"
    },
    {
      "type": "delete-node",
      "node": {
        "label": "\"linkSecurityDomain\"",
        "type": "Literal"
      },
      "location-before-char-start": 17905,
      "location-before-char-end": 17924,
      "node-str": "\"linkSecurityDomain\""
    },
    {
      "type": "delete-node",
      "node": {
        "label": "debug",
        "type": "Invocation"
      },
      "location-before-char-start": 17895,
      "location-before-char-end": 17926,
      "node-str": "debug"
    },
    {
      "type": "delete-node",
      "node": {
        "label": "log",
        "type": "FieldRead"
      },
      "location-before-char-start": 17984,
      "location-before-char-end": 17986,
      "node-str": "log"
    },
    {
      "type": "delete-node",
      "node": {
        "label": "\"AbstractWebContainer.parseWebAppDescriptors, End\"",
        "type": "Literal"
      },
      "location-before-char-start": 17994,
      "location-before-char-end": 18043,
      "node-str": "\"AbstractWebContainer.parseWebAppDescriptors, End\""
    },
    {
      "type": "delete-node",
      "node": {
        "label": "debug",
        "type": "Invocation"
      },
      "location-before-char-start": 17984,
      "location-before-char-end": 18045,
      "node-str": "debug"
    }
  ],
  "before-file": {},
  "after-file": {},
  "mapping": {}
}