{
  "tool-info": {},
  "diff": [
    {
      "type": "insert-node",
      "node": {
        "label": "\u003cinit\u003e",
        "type": "Constructor"
      },
      "location-after-char-start": 5036,
      "location-after-char-end": 5279,
      "node-str": "\u003cinit\u003e"
    },
    {
      "type": "insert-node",
      "node": {
        "label": "isTestMethod",
        "type": "Method"
      },
      "location-after-char-start": 7541,
      "location-after-char-end": 7713,
      "node-str": "isTestMethod"
    },
    {
      "type": "insert-node",
      "node": {
        "label": "public",
        "type": "Modifier"
      },
      "location-after-char-start": 0,
      "location-after-char-end": 0,
      "node-str": "public"
    },
    {
      "type": "insert-node",
      "node": {
        "label": "classes",
        "type": "Parameter"
      },
      "location-after-char-start": 5163,
      "location-after-char-end": 5181,
      "node-str": "classes"
    },
    {
      "type": "insert-node",
      "node": {
        "label": "",
        "type": "ForEach"
      },
      "location-after-char-start": 5188,
      "location-after-char-end": 5276,
      "node-str": ""
    },
    {
      "type": "insert-node",
      "node": {
        "label": "boolean",
        "type": "RETURN_TYPE"
      },
      "location-after-char-start": 0,
      "location-after-char-end": 0,
      "node-str": "boolean"
    },
    {
      "type": "insert-node",
      "node": {
        "label": "m",
        "type": "Parameter"
      },
      "location-after-char-start": 7570,
      "location-after-char-end": 7577,
      "node-str": "m"
    },
    {
      "type": "insert-node",
      "node": {
        "label": "return",
        "type": "Return"
      },
      "location-after-char-start": 7584,
      "location-after-char-end": 7709,
      "node-str": "return"
    },
    {
      "type": "insert-node",
      "node": {
        "label": "java.lang.Class[]",
        "type": "VARIABLE_TYPE"
      },
      "location-after-char-start": 0,
      "location-after-char-end": 0,
      "node-str": "java.lang.Class[]"
    },
    {
      "type": "insert-node",
      "node": {
        "label": "each",
        "type": "LocalVariable"
      },
      "location-after-char-start": 5193,
      "location-after-char-end": 5205,
      "node-str": "each"
    },
    {
      "type": "insert-node",
      "node": {
        "label": "classes",
        "type": "VariableRead"
      },
      "location-after-char-start": 5209,
      "location-after-char-end": 5215,
      "node-str": "classes"
    },
    {
      "type": "insert-node",
      "node": {
        "label": "addTest",
        "type": "Invocation"
      },
      "location-after-char-start": 5221,
      "location-after-char-end": 5276,
      "node-str": "addTest"
    },
    {
      "type": "insert-node",
      "node": {
        "label": "java.lang.reflect.Method",
        "type": "VARIABLE_TYPE"
      },
      "location-after-char-start": 0,
      "location-after-char-end": 0,
      "node-str": "java.lang.reflect.Method"
    },
    {
      "type": "insert-node",
      "node": {
        "label": "AND",
        "type": "BinaryOperator"
      },
      "location-after-char-start": 7595,
      "location-after-char-end": 7708,
      "node-str": "AND"
    },
    {
      "type": "insert-node",
      "node": {
        "label": "java.lang.Class",
        "type": "VARIABLE_TYPE"
      },
      "location-after-char-start": 0,
      "location-after-char-end": 0,
      "node-str": "java.lang.Class"
    },
    {
      "type": "insert-node",
      "node": {
        "label": "junit.framework.TestSuite",
        "type": "TypeAccess"
      },
      "location-after-char-start": 0,
      "location-after-char-end": 0,
      "node-str": "junit.framework.TestSuite"
    },
    {
      "type": "insert-node",
      "node": {
        "label": "junit.framework.TestSuite(java.lang.Class)",
        "type": "ConstructorCall"
      },
      "location-after-char-start": 5229,
      "location-after-char-end": 5274,
      "node-str": "junit.framework.TestSuite(java.lang.Class)"
    },
    {
      "type": "insert-node",
      "node": {
        "label": "AND",
        "type": "BinaryOperator"
      },
      "location-after-char-start": 7595,
      "location-after-char-end": 7665,
      "node-str": "AND"
    },
    {
      "type": "insert-node",
      "node": {
        "label": "equals",
        "type": "Invocation"
      },
      "location-after-char-start": 7674,
      "location-after-char-end": 7708,
      "node-str": "equals"
    },
    {
      "type": "insert-node",
      "node": {
        "label": "class",
        "type": "FieldRead"
      },
      "location-after-char-start": 2759,
      "location-after-char-end": 2770,
      "node-str": "class"
    },
    {
      "type": "insert-node",
      "node": {
        "label": "asSubclass",
        "type": "Invocation"
      },
      "location-after-char-start": 5243,
      "location-after-char-end": 5273,
      "node-str": "asSubclass"
    },
    {
      "type": "insert-node",
      "node": {
        "label": "EQ",
        "type": "BinaryOperator"
      },
      "location-after-char-start": 7595,
      "location-after-char-end": 7627,
      "node-str": "EQ"
    },
    {
      "type": "insert-node",
      "node": {
        "label": "startsWith",
        "type": "Invocation"
      },
      "location-after-char-start": 7636,
      "location-after-char-end": 7665,
      "node-str": "startsWith"
    },
    {
      "type": "insert-node",
      "node": {
        "label": "getReturnType",
        "type": "Invocation"
      },
      "location-after-char-start": 7674,
      "location-after-char-end": 7690,
      "node-str": "getReturnType"
    },
    {
      "type": "insert-node",
      "node": {
        "label": "TYPE",
        "type": "FieldRead"
      },
      "location-after-char-start": 7699,
      "location-after-char-end": 7707,
      "node-str": "TYPE"
    },
    {
      "type": "insert-node",
      "node": {
        "label": "java.lang.String",
        "type": "TypeAccess"
      },
      "location-after-char-start": 0,
      "location-after-char-end": 0,
      "node-str": "java.lang.String"
    },
    {
      "type": "insert-node",
      "node": {
        "label": "each",
        "type": "VariableRead"
      },
      "location-after-char-start": 5243,
      "location-after-char-end": 5246,
      "node-str": "each"
    },
    {
      "type": "insert-node",
      "node": {
        "label": "class",
        "type": "FieldRead"
      },
      "location-after-char-start": 5259,
      "location-after-char-end": 5272,
      "node-str": "class"
    },
    {
      "type": "insert-node",
      "node": {
        "label": "length",
        "type": "FieldRead"
      },
      "location-after-char-start": 7595,
      "location-after-char-end": 7622,
      "node-str": "length"
    },
    {
      "type": "insert-node",
      "node": {
        "label": "0",
        "type": "Literal"
      },
      "location-after-char-start": 7627,
      "location-after-char-end": 7627,
      "node-str": "0"
    },
    {
      "type": "insert-node",
      "node": {
        "label": "getName",
        "type": "Invocation"
      },
      "location-after-char-start": 7636,
      "location-after-char-end": 7646,
      "node-str": "getName"
    },
    {
      "type": "insert-node",
      "node": {
        "label": "\"test\"",
        "type": "Literal"
      },
      "location-after-char-start": 7659,
      "location-after-char-end": 7664,
      "node-str": "\"test\""
    },
    {
      "type": "insert-node",
      "node": {
        "label": "m",
        "type": "VariableRead"
      },
      "location-after-char-start": 7674,
      "location-after-char-end": 7674,
      "node-str": "m"
    },
    {
      "type": "insert-node",
      "node": {
        "label": "java.lang.Void",
        "type": "TypeAccess"
      },
      "location-after-char-start": 7699,
      "location-after-char-end": 7702,
      "node-str": "java.lang.Void"
    },
    {
      "type": "insert-node",
      "node": {
        "label": "junit.framework.TestCase",
        "type": "TypeAccess"
      },
      "location-after-char-start": 0,
      "location-after-char-end": 0,
      "node-str": "junit.framework.TestCase"
    },
    {
      "type": "insert-node",
      "node": {
        "label": "getParameterTypes",
        "type": "Invocation"
      },
      "location-after-char-start": 7595,
      "location-after-char-end": 7615,
      "node-str": "getParameterTypes"
    },
    {
      "type": "insert-node",
      "node": {
        "label": "m",
        "type": "VariableRead"
      },
      "location-after-char-start": 7636,
      "location-after-char-end": 7636,
      "node-str": "m"
    },
    {
      "type": "insert-node",
      "node": {
        "label": "m",
        "type": "VariableRead"
      },
      "location-after-char-start": 7595,
      "location-after-char-end": 7595,
      "node-str": "m"
    },
    {
      "type": "delete-node",
      "node": {
        "label": "java.lang.Class[]",
        "type": "VARIABLE_TYPE"
      },
      "location-before-char-start": 0,
      "location-before-char-end": 0,
      "node-str": "java.lang.Class[]"
    },
    {
      "type": "delete-node",
      "node": {
        "label": "java.lang.String",
        "type": "TypeAccess"
      },
      "location-before-char-start": 0,
      "location-before-char-end": 0,
      "node-str": "java.lang.String"
    },
    {
      "type": "delete-node",
      "node": {
        "label": "class",
        "type": "FieldRead"
      },
      "location-before-char-start": 2735,
      "location-before-char-end": 2746,
      "node-str": "class"
    },
    {
      "type": "delete-node",
      "node": {
        "label": "",
        "type": "NewArray"
      },
      "location-before-char-start": 2733,
      "location-before-char-end": 2748,
      "node-str": ""
    },
    {
      "type": "delete-node",
      "node": {
        "label": "args",
        "type": "LocalVariable"
      },
      "location-before-char-start": 2719,
      "location-before-char-end": 2749,
      "node-str": "args"
    },
    {
      "type": "delete-node",
      "node": {
        "label": "args",
        "type": "VariableRead"
      },
      "location-before-char-start": 2793,
      "location-before-char-end": 2796,
      "node-str": "args"
    },
    {
      "type": "delete-node",
      "node": {
        "label": "public",
        "type": "Modifier"
      },
      "location-before-char-start": 0,
      "location-before-char-end": 0,
      "node-str": "public"
    },
    {
      "type": "delete-node",
      "node": {
        "label": "java.lang.Class[]",
        "type": "VARIABLE_TYPE"
      },
      "location-before-char-start": 0,
      "location-before-char-end": 0,
      "node-str": "java.lang.Class[]"
    },
    {
      "type": "delete-node",
      "node": {
        "label": "classes",
        "type": "Parameter"
      },
      "location-before-char-start": 5186,
      "location-before-char-end": 5221,
      "node-str": "classes"
    },
    {
      "type": "delete-node",
      "node": {
        "label": "java.lang.Class",
        "type": "VARIABLE_TYPE"
      },
      "location-before-char-start": 0,
      "location-before-char-end": 0,
      "node-str": "java.lang.Class"
    },
    {
      "type": "delete-node",
      "node": {
        "label": "each",
        "type": "LocalVariable"
      },
      "location-before-char-start": 5233,
      "location-before-char-end": 5262,
      "node-str": "each"
    },
    {
      "type": "delete-node",
      "node": {
        "label": "classes",
        "type": "VariableRead"
      },
      "location-before-char-start": 5266,
      "location-before-char-end": 5272,
      "node-str": "classes"
    },
    {
      "type": "delete-node",
      "node": {
        "label": "junit.framework.TestSuite",
        "type": "TypeAccess"
      },
      "location-before-char-start": 0,
      "location-before-char-end": 0,
      "node-str": "junit.framework.TestSuite"
    },
    {
      "type": "delete-node",
      "node": {
        "label": "each",
        "type": "VariableRead"
      },
      "location-before-char-start": 5300,
      "location-before-char-end": 5303,
      "node-str": "each"
    },
    {
      "type": "delete-node",
      "node": {
        "label": "junit.framework.TestSuite(java.lang.Class)",
        "type": "ConstructorCall"
      },
      "location-before-char-start": 5286,
      "location-before-char-end": 5304,
      "node-str": "junit.framework.TestSuite(java.lang.Class)"
    },
    {
      "type": "delete-node",
      "node": {
        "label": "addTest",
        "type": "Invocation"
      },
      "location-before-char-start": 5278,
      "location-before-char-end": 5306,
      "node-str": "addTest"
    },
    {
      "type": "delete-node",
      "node": {
        "label": "",
        "type": "ForEach"
      },
      "location-before-char-start": 5228,
      "location-before-char-end": 5306,
      "node-str": ""
    },
    {
      "type": "delete-node",
      "node": {
        "label": "\u003cinit\u003e",
        "type": "Constructor"
      },
      "location-before-char-start": 5059,
      "location-before-char-end": 5309,
      "node-str": "\u003cinit\u003e"
    },
    {
      "type": "delete-node",
      "node": {
        "label": "boolean",
        "type": "RETURN_TYPE"
      },
      "location-before-char-start": 0,
      "location-before-char-end": 0,
      "node-str": "boolean"
    },
    {
      "type": "delete-node",
      "node": {
        "label": "java.lang.reflect.Method",
        "type": "VARIABLE_TYPE"
      },
      "location-before-char-start": 0,
      "location-before-char-end": 0,
      "node-str": "java.lang.reflect.Method"
    },
    {
      "type": "delete-node",
      "node": {
        "label": "m",
        "type": "Parameter"
      },
      "location-before-char-start": 7600,
      "location-before-char-end": 7607,
      "node-str": "m"
    },
    {
      "type": "delete-node",
      "node": {
        "label": "java.lang.String",
        "type": "VARIABLE_TYPE"
      },
      "location-before-char-start": 0,
      "location-before-char-end": 0,
      "node-str": "java.lang.String"
    },
    {
      "type": "delete-node",
      "node": {
        "label": "m",
        "type": "VariableRead"
      },
      "location-before-char-start": 7627,
      "location-before-char-end": 7627,
      "node-str": "m"
    },
    {
      "type": "delete-node",
      "node": {
        "label": "getName",
        "type": "Invocation"
      },
      "location-before-char-start": 7627,
      "location-before-char-end": 7637,
      "node-str": "getName"
    },
    {
      "type": "delete-node",
      "node": {
        "label": "name",
        "type": "LocalVariable"
      },
      "location-before-char-start": 7614,
      "location-before-char-end": 7638,
      "node-str": "name"
    },
    {
      "type": "delete-node",
      "node": {
        "label": "java.lang.Class[]",
        "type": "VARIABLE_TYPE"
      },
      "location-before-char-start": 0,
      "location-before-char-end": 0,
      "node-str": "java.lang.Class[]"
    },
    {
      "type": "delete-node",
      "node": {
        "label": "m",
        "type": "VariableRead"
      },
      "location-before-char-start": 7662,
      "location-before-char-end": 7662,
      "node-str": "m"
    },
    {
      "type": "delete-node",
      "node": {
        "label": "getParameterTypes",
        "type": "Invocation"
      },
      "location-before-char-start": 7662,
      "location-before-char-end": 7682,
      "node-str": "getParameterTypes"
    },
    {
      "type": "delete-node",
      "node": {
        "label": "parameters",
        "type": "LocalVariable"
      },
      "location-before-char-start": 7642,
      "location-before-char-end": 7683,
      "node-str": "parameters"
    },
    {
      "type": "delete-node",
      "node": {
        "label": "java.lang.Class",
        "type": "VARIABLE_TYPE"
      },
      "location-before-char-start": 0,
      "location-before-char-end": 0,
      "node-str": "java.lang.Class"
    },
    {
      "type": "delete-node",
      "node": {
        "label": "m",
        "type": "VariableRead"
      },
      "location-before-char-start": 7705,
      "location-before-char-end": 7705,
      "node-str": "m"
    },
    {
      "type": "delete-node",
      "node": {
        "label": "getReturnType",
        "type": "Invocation"
      },
      "location-before-char-start": 7705,
      "location-before-char-end": 7721,
      "node-str": "getReturnType"
    },
    {
      "type": "delete-node",
      "node": {
        "label": "returnType",
        "type": "LocalVariable"
      },
      "location-before-char-start": 7687,
      "location-before-char-end": 7722,
      "node-str": "returnType"
    },
    {
      "type": "delete-node",
      "node": {
        "label": "parameters",
        "type": "VariableRead"
      },
      "location-before-char-start": 7733,
      "location-before-char-end": 7742,
      "node-str": "parameters"
    },
    {
      "type": "delete-node",
      "node": {
        "label": "length",
        "type": "FieldRead"
      },
      "location-before-char-start": 7733,
      "location-before-char-end": 7749,
      "node-str": "length"
    },
    {
      "type": "delete-node",
      "node": {
        "label": "0",
        "type": "Literal"
      },
      "location-before-char-start": 7754,
      "location-before-char-end": 7754,
      "node-str": "0"
    },
    {
      "type": "delete-node",
      "node": {
        "label": "EQ",
        "type": "BinaryOperator"
      },
      "location-before-char-start": 7733,
      "location-before-char-end": 7754,
      "node-str": "EQ"
    },
    {
      "type": "delete-node",
      "node": {
        "label": "name",
        "type": "VariableRead"
      },
      "location-before-char-start": 7759,
      "location-before-char-end": 7762,
      "node-str": "name"
    },
    {
      "type": "delete-node",
      "node": {
        "label": "\"test\"",
        "type": "Literal"
      },
      "location-before-char-start": 7775,
      "location-before-char-end": 7780,
      "node-str": "\"test\""
    },
    {
      "type": "delete-node",
      "node": {
        "label": "startsWith",
        "type": "Invocation"
      },
      "location-before-char-start": 7759,
      "location-before-char-end": 7781,
      "node-str": "startsWith"
    },
    {
      "type": "delete-node",
      "node": {
        "label": "AND",
        "type": "BinaryOperator"
      },
      "location-before-char-start": 7733,
      "location-before-char-end": 7781,
      "node-str": "AND"
    },
    {
      "type": "delete-node",
      "node": {
        "label": "returnType",
        "type": "VariableRead"
      },
      "location-before-char-start": 7786,
      "location-before-char-end": 7795,
      "node-str": "returnType"
    },
    {
      "type": "delete-node",
      "node": {
        "label": "java.lang.Void",
        "type": "TypeAccess"
      },
      "location-before-char-start": 7804,
      "location-before-char-end": 7807,
      "node-str": "java.lang.Void"
    },
    {
      "type": "delete-node",
      "node": {
        "label": "TYPE",
        "type": "FieldRead"
      },
      "location-before-char-start": 7804,
      "location-before-char-end": 7812,
      "node-str": "TYPE"
    },
    {
      "type": "delete-node",
      "node": {
        "label": "equals",
        "type": "Invocation"
      },
      "location-before-char-start": 7786,
      "location-before-char-end": 7813,
      "node-str": "equals"
    },
    {
      "type": "delete-node",
      "node": {
        "label": "AND",
        "type": "BinaryOperator"
      },
      "location-before-char-start": 7733,
      "location-before-char-end": 7813,
      "node-str": "AND"
    },
    {
      "type": "delete-node",
      "node": {
        "label": "return",
        "type": "Return"
      },
      "location-before-char-start": 7726,
      "location-before-char-end": 7814,
      "node-str": "return"
    },
    {
      "type": "delete-node",
      "node": {
        "label": "isTestMethod",
        "type": "Method"
      },
      "location-before-char-start": 7571,
      "location-before-char-end": 7818,
      "node-str": "isTestMethod"
    }
  ],
  "before-file": {},
  "after-file": {},
  "mapping": {}
}