{
  "tool-info": {},
  "diff": [
    {
      "type": "insert-node",
      "node": {
        "label": "Sequence",
        "type": "Class"
      },
      "location-after-char-start": 697,
      "location-after-char-end": 2226,
      "node-str": "Sequence"
    },
    {
      "type": "insert-node",
      "node": {
        "label": "final",
        "type": "Modifier"
      },
      "location-after-char-start": 0,
      "location-after-char-end": 0,
      "node-str": "final"
    },
    {
      "type": "insert-node",
      "node": {
        "label": "public",
        "type": "Modifier"
      },
      "location-after-char-start": 0,
      "location-after-char-end": 0,
      "node-str": "public"
    },
    {
      "type": "move-subtree",
      "node": {
        "label": "HASH_FACTOR",
        "type": "Field"
      },
      "location-before-char-start": 746,
      "location-before-char-end": 787,
      "location-after-char-start": 751,
      "location-after-char-end": 792,
      "node-str": "HASH_FACTOR"
    },
    {
      "type": "insert-node",
      "node": {
        "label": "HASH_INITIAL",
        "type": "Field"
      },
      "location-after-char-start": 795,
      "location-after-char-end": 870,
      "node-str": "HASH_INITIAL"
    },
    {
      "type": "insert-node",
      "node": {
        "label": "create",
        "type": "Method"
      },
      "location-after-char-start": 874,
      "location-after-char-end": 956,
      "node-str": "create"
    },
    {
      "type": "insert-node",
      "node": {
        "label": "create",
        "type": "Method"
      },
      "location-after-char-start": 960,
      "location-after-char-end": 1100,
      "node-str": "create"
    },
    {
      "type": "insert-node",
      "node": {
        "label": "create",
        "type": "Method"
      },
      "location-after-char-start": 1104,
      "location-after-char-end": 1236,
      "node-str": "create"
    },
    {
      "type": "insert-node",
      "node": {
        "label": "create",
        "type": "Method"
      },
      "location-after-char-start": 1241,
      "location-after-char-end": 1354,
      "node-str": "create"
    },
    {
      "type": "insert-node",
      "node": {
        "label": "strokes",
        "type": "Field"
      },
      "location-after-char-start": 1358,
      "location-after-char-end": 1378,
      "node-str": "strokes"
    },
    {
      "type": "insert-node",
      "node": {
        "label": "\u003cinit\u003e",
        "type": "Constructor"
      },
      "location-after-char-start": 1382,
      "location-after-char-end": 1546,
      "node-str": "\u003cinit\u003e"
    },
    {
      "type": "insert-node",
      "node": {
        "label": "compareTo",
        "type": "Method"
      },
      "location-after-char-start": 1550,
      "location-after-char-end": 1650,
      "node-str": "compareTo"
    },
    {
      "type": "insert-node",
      "node": {
        "label": "equals",
        "type": "Method"
      },
      "location-after-char-start": 1655,
      "location-after-char-end": 1779,
      "node-str": "equals"
    },
    {
      "type": "insert-node",
      "node": {
        "label": "getStrokes",
        "type": "Method"
      },
      "location-after-char-start": 1783,
      "location-after-char-end": 1829,
      "node-str": "getStrokes"
    },
    {
      "type": "move-subtree",
      "node": {
        "label": "hashCode",
        "type": "Method"
      },
      "location-before-char-start": 1828,
      "location-before-char-end": 2048,
      "location-after-char-start": 1833,
      "location-after-char-end": 2053,
      "node-str": "hashCode"
    },
    {
      "type": "insert-node",
      "node": {
        "label": "isChildOf",
        "type": "Method"
      },
      "location-after-char-start": 2057,
      "location-after-char-end": 2224,
      "node-str": "isChildOf"
    },
    {
      "type": "insert-node",
      "node": {
        "label": "int",
        "type": "VARIABLE_TYPE"
      },
      "location-after-char-start": 0,
      "location-after-char-end": 0,
      "node-str": "int"
    },
    {
      "type": "insert-node",
      "node": {
        "label": "final",
        "type": "Modifier"
      },
      "location-after-char-start": 0,
      "location-after-char-end": 0,
      "node-str": "final"
    },
    {
      "type": "insert-node",
      "node": {
        "label": "static",
        "type": "Modifier"
      },
      "location-after-char-start": 0,
      "location-after-char-end": 0,
      "node-str": "static"
    },
    {
      "type": "insert-node",
      "node": {
        "label": "hashCode",
        "type": "Invocation"
      },
      "location-after-char-start": 835,
      "location-after-char-end": 869,
      "node-str": "hashCode"
    },
    {
      "type": "insert-node",
      "node": {
        "label": "org.eclipse.ui.internal.commands.util.Sequence",
        "type": "RETURN_TYPE"
      },
      "location-after-char-start": 0,
      "location-after-char-end": 0,
      "node-str": "org.eclipse.ui.internal.commands.util.Sequence"
    },
    {
      "type": "insert-node",
      "node": {
        "label": "public",
        "type": "Modifier"
      },
      "location-after-char-start": 0,
      "location-after-char-end": 0,
      "node-str": "public"
    },
    {
      "type": "insert-node",
      "node": {
        "label": "static",
        "type": "Modifier"
      },
      "location-after-char-start": 0,
      "location-after-char-end": 0,
      "node-str": "static"
    },
    {
      "type": "insert-node",
      "node": {
        "label": "return",
        "type": "Return"
      },
      "location-after-char-start": 910,
      "location-after-char-end": 953,
      "node-str": "return"
    },
    {
      "type": "insert-node",
      "node": {
        "label": "org.eclipse.ui.internal.commands.util.Sequence",
        "type": "RETURN_TYPE"
      },
      "location-after-char-start": 0,
      "location-after-char-end": 0,
      "node-str": "org.eclipse.ui.internal.commands.util.Sequence"
    },
    {
      "type": "insert-node",
      "node": {
        "label": "java.lang.IllegalArgumentException",
        "type": "THROWS"
      },
      "location-after-char-start": 0,
      "location-after-char-end": 0,
      "node-str": "java.lang.IllegalArgumentException"
    },
    {
      "type": "insert-node",
      "node": {
        "label": "public",
        "type": "Modifier"
      },
      "location-after-char-start": 0,
      "location-after-char-end": 0,
      "node-str": "public"
    },
    {
      "type": "insert-node",
      "node": {
        "label": "static",
        "type": "Modifier"
      },
      "location-after-char-start": 0,
      "location-after-char-end": 0,
      "node-str": "static"
    },
    {
      "type": "insert-node",
      "node": {
        "label": "stroke",
        "type": "Parameter"
      },
      "location-after-char-start": 990,
      "location-after-char-end": 1002,
      "node-str": "stroke"
    },
    {
      "type": "move-subtree",
      "node": {
        "label": "return",
        "type": "Return"
      },
      "location-before-char-start": 1038,
      "location-before-char-end": 1092,
      "location-after-char-start": 1043,
      "location-after-char-end": 1097,
      "node-str": "return"
    },
    {
      "type": "insert-node",
      "node": {
        "label": "org.eclipse.ui.internal.commands.util.Sequence",
        "type": "RETURN_TYPE"
      },
      "location-after-char-start": 0,
      "location-after-char-end": 0,
      "node-str": "org.eclipse.ui.internal.commands.util.Sequence"
    },
    {
      "type": "insert-node",
      "node": {
        "label": "java.lang.IllegalArgumentException",
        "type": "THROWS"
      },
      "location-after-char-start": 0,
      "location-after-char-end": 0,
      "node-str": "java.lang.IllegalArgumentException"
    },
    {
      "type": "insert-node",
      "node": {
        "label": "public",
        "type": "Modifier"
      },
      "location-after-char-start": 0,
      "location-after-char-end": 0,
      "node-str": "public"
    },
    {
      "type": "insert-node",
      "node": {
        "label": "static",
        "type": "Modifier"
      },
      "location-after-char-start": 0,
      "location-after-char-end": 0,
      "node-str": "static"
    },
    {
      "type": "insert-node",
      "node": {
        "label": "strokes",
        "type": "Parameter"
      },
      "location-after-char-start": 1134,
      "location-after-char-end": 1149,
      "node-str": "strokes"
    },
    {
      "type": "move-subtree",
      "node": {
        "label": "return",
        "type": "Return"
      },
      "location-before-char-start": 1185,
      "location-before-char-end": 1228,
      "location-after-char-start": 1190,
      "location-after-char-end": 1233,
      "node-str": "return"
    },
    {
      "type": "insert-node",
      "node": {
        "label": "org.eclipse.ui.internal.commands.util.Sequence",
        "type": "RETURN_TYPE"
      },
      "location-after-char-start": 0,
      "location-after-char-end": 0,
      "node-str": "org.eclipse.ui.internal.commands.util.Sequence"
    },
    {
      "type": "insert-node",
      "node": {
        "label": "java.lang.IllegalArgumentException",
        "type": "THROWS"
      },
      "location-after-char-start": 0,
      "location-after-char-end": 0,
      "node-str": "java.lang.IllegalArgumentException"
    },
    {
      "type": "insert-node",
      "node": {
        "label": "public",
        "type": "Modifier"
      },
      "location-after-char-start": 0,
      "location-after-char-end": 0,
      "node-str": "public"
    },
    {
      "type": "insert-node",
      "node": {
        "label": "static",
        "type": "Modifier"
      },
      "location-after-char-start": 0,
      "location-after-char-end": 0,
      "node-str": "static"
    },
    {
      "type": "insert-node",
      "node": {
        "label": "strokes",
        "type": "Parameter"
      },
      "location-after-char-start": 1271,
      "location-after-char-end": 1282,
      "node-str": "strokes"
    },
    {
      "type": "insert-node",
      "node": {
        "label": "return",
        "type": "Return"
      },
      "location-after-char-start": 1323,
      "location-after-char-end": 1351,
      "node-str": "return"
    },
    {
      "type": "insert-node",
      "node": {
        "label": "java.util.List",
        "type": "VARIABLE_TYPE"
      },
      "location-after-char-start": 0,
      "location-after-char-end": 0,
      "node-str": "java.util.List"
    },
    {
      "type": "insert-node",
      "node": {
        "label": "strokes",
        "type": "Parameter"
      },
      "location-after-char-start": 1399,
      "location-after-char-end": 1410,
      "node-str": "strokes"
    },
    {
      "type": "insert-node",
      "node": {
        "label": "\u003cinit\u003e",
        "type": "Invocation"
      },
      "location-after-char-start": 1451,
      "location-after-char-end": 1458,
      "node-str": "\u003cinit\u003e"
    },
    {
      "type": "insert-node",
      "node": {
        "label": "\u003d",
        "type": "Assignment"
      },
      "location-after-char-start": 1462,
      "location-after-char-end": 1543,
      "node-str": "\u003d"
    },
    {
      "type": "insert-node",
      "node": {
        "label": "int",
        "type": "RETURN_TYPE"
      },
      "location-after-char-start": 0,
      "location-after-char-end": 0,
      "node-str": "int"
    },
    {
      "type": "insert-node",
      "node": {
        "label": "public",
        "type": "Modifier"
      },
      "location-after-char-start": 0,
      "location-after-char-end": 0,
      "node-str": "public"
    },
    {
      "type": "insert-node",
      "node": {
        "label": "object",
        "type": "Parameter"
      },
      "location-after-char-start": 1571,
      "location-after-char-end": 1583,
      "node-str": "object"
    },
    {
      "type": "insert-node",
      "node": {
        "label": "return",
        "type": "Return"
      },
      "location-after-char-start": 1590,
      "location-after-char-end": 1647,
      "node-str": "return"
    },
    {
      "type": "insert-node",
      "node": {
        "label": "boolean",
        "type": "RETURN_TYPE"
      },
      "location-after-char-start": 0,
      "location-after-char-end": 0,
      "node-str": "boolean"
    },
    {
      "type": "insert-node",
      "node": {
        "label": "public",
        "type": "Modifier"
      },
      "location-after-char-start": 0,
      "location-after-char-end": 0,
      "node-str": "public"
    },
    {
      "type": "insert-node",
      "node": {
        "label": "object",
        "type": "Parameter"
      },
      "location-after-char-start": 1677,
      "location-after-char-end": 1689,
      "node-str": "object"
    },
    {
      "type": "insert-node",
      "node": {
        "label": "return",
        "type": "Return"
      },
      "location-after-char-start": 1696,
      "location-after-char-end": 1776,
      "node-str": "return"
    },
    {
      "type": "insert-node",
      "node": {
        "label": "java.util.List",
        "type": "RETURN_TYPE"
      },
      "location-after-char-start": 0,
      "location-after-char-end": 0,
      "node-str": "java.util.List"
    },
    {
      "type": "insert-node",
      "node": {
        "label": "public",
        "type": "Modifier"
      },
      "location-after-char-start": 0,
      "location-after-char-end": 0,
      "node-str": "public"
    },
    {
      "type": "insert-node",
      "node": {
        "label": "return",
        "type": "Return"
      },
      "location-after-char-start": 1812,
      "location-after-char-end": 1826,
      "node-str": "return"
    },
    {
      "type": "insert-node",
      "node": {
        "label": "boolean",
        "type": "RETURN_TYPE"
      },
      "location-after-char-start": 0,
      "location-after-char-end": 0,
      "node-str": "boolean"
    },
    {
      "type": "insert-node",
      "node": {
        "label": "public",
        "type": "Modifier"
      },
      "location-after-char-start": 0,
      "location-after-char-end": 0,
      "node-str": "public"
    },
    {
      "type": "insert-node",
      "node": {
        "label": "sequence",
        "type": "Parameter"
      },
      "location-after-char-start": 2082,
      "location-after-char-end": 2098,
      "node-str": "sequence"
    },
    {
      "type": "insert-node",
      "node": {
        "label": "equals",
        "type": "Parameter"
      },
      "location-after-char-start": 2101,
      "location-after-char-end": 2114,
      "node-str": "equals"
    },
    {
      "type": "move-subtree",
      "node": {
        "label": "if",
        "type": "If"
      },
      "location-before-char-start": 2116,
      "location-before-char-end": 2153,
      "location-after-char-start": 2121,
      "location-after-char-end": 2158,
      "node-str": "if"
    },
    {
      "type": "insert-node",
      "node": {
        "label": "return",
        "type": "Return"
      },
      "location-after-char-start": 2165,
      "location-after-char-end": 2221,
      "node-str": "return"
    },
    {
      "type": "insert-node",
      "node": {
        "label": "getName",
        "type": "Invocation"
      },
      "location-after-char-start": 835,
      "location-after-char-end": 858,
      "node-str": "getName"
    },
    {
      "type": "insert-node",
      "node": {
        "label": "org.eclipse.ui.internal.commands.util.Sequence(java.util.List)",
        "type": "ConstructorCall"
      },
      "location-after-char-start": 917,
      "location-after-char-end": 952,
      "node-str": "org.eclipse.ui.internal.commands.util.Sequence(java.util.List)"
    },
    {
      "type": "insert-node",
      "node": {
        "label": "org.eclipse.ui.internal.commands.util.Stroke",
        "type": "VARIABLE_TYPE"
      },
      "location-after-char-start": 0,
      "location-after-char-end": 0,
      "node-str": "org.eclipse.ui.internal.commands.util.Stroke"
    },
    {
      "type": "update-node",
      "node": {
        "label": "org.eclipse.ui.internal.commands.Sequence(java.util.List)",
        "type": "ConstructorCall"
      },
      "location-before-char-start": 1045,
      "location-before-char-end": 1091,
      "location-after-char-start": 1050,
      "location-after-char-end": 1096,
      "node-str": "org.eclipse.ui.internal.commands.util.Sequence(java.util.List)"
    },
    {
      "type": "insert-node",
      "node": {
        "label": "org.eclipse.ui.internal.commands.util.Stroke[]",
        "type": "VARIABLE_TYPE"
      },
      "location-after-char-start": 0,
      "location-after-char-end": 0,
      "node-str": "org.eclipse.ui.internal.commands.util.Stroke[]"
    },
    {
      "type": "update-node",
      "node": {
        "label": "org.eclipse.ui.internal.commands.Sequence(java.util.List)",
        "type": "ConstructorCall"
      },
      "location-before-char-start": 1192,
      "location-before-char-end": 1227,
      "location-after-char-start": 1197,
      "location-after-char-end": 1232,
      "node-str": "org.eclipse.ui.internal.commands.util.Sequence(java.util.List)"
    },
    {
      "type": "insert-node",
      "node": {
        "label": "java.util.List",
        "type": "VARIABLE_TYPE"
      },
      "location-after-char-start": 0,
      "location-after-char-end": 0,
      "node-str": "java.util.List"
    },
    {
      "type": "insert-node",
      "node": {
        "label": "org.eclipse.ui.internal.commands.util.Sequence(java.util.List)",
        "type": "ConstructorCall"
      },
      "location-after-char-start": 1330,
      "location-after-char-end": 1350,
      "node-str": "org.eclipse.ui.internal.commands.util.Sequence(java.util.List)"
    },
    {
      "type": "insert-node",
      "node": {
        "label": "java.util.List",
        "type": "VARIABLE_TYPE"
      },
      "location-after-char-start": 0,
      "location-after-char-end": 0,
      "node-str": "java.util.List"
    },
    {
      "type": "insert-node",
      "node": {
        "label": "strokes",
        "type": "FieldWrite"
      },
      "location-after-char-start": 1462,
      "location-after-char-end": 1473,
      "node-str": "strokes"
    },
    {
      "type": "insert-node",
      "node": {
        "label": "unmodifiableList",
        "type": "Invocation"
      },
      "location-after-char-start": 1477,
      "location-after-char-end": 1542,
      "node-str": "unmodifiableList"
    },
    {
      "type": "insert-node",
      "node": {
        "label": "java.lang.Object",
        "type": "VARIABLE_TYPE"
      },
      "location-after-char-start": 0,
      "location-after-char-end": 0,
      "node-str": "java.lang.Object"
    },
    {
      "type": "insert-node",
      "node": {
        "label": "compare",
        "type": "Invocation"
      },
      "location-after-char-start": 1597,
      "location-after-char-end": 1646,
      "node-str": "compare"
    },
    {
      "type": "insert-node",
      "node": {
        "label": "java.lang.Object",
        "type": "VARIABLE_TYPE"
      },
      "location-after-char-start": 0,
      "location-after-char-end": 0,
      "node-str": "java.lang.Object"
    },
    {
      "type": "insert-node",
      "node": {
        "label": "AND",
        "type": "BinaryOperator"
      },
      "location-after-char-start": 1703,
      "location-after-char-end": 1775,
      "node-str": "AND"
    },
    {
      "type": "insert-node",
      "node": {
        "label": "strokes",
        "type": "FieldRead"
      },
      "location-after-char-start": 1819,
      "location-after-char-end": 1825,
      "node-str": "strokes"
    },
    {
      "type": "insert-node",
      "node": {
        "label": "org.eclipse.ui.internal.commands.util.Sequence",
        "type": "VARIABLE_TYPE"
      },
      "location-after-char-start": 0,
      "location-after-char-end": 0,
      "node-str": "org.eclipse.ui.internal.commands.util.Sequence"
    },
    {
      "type": "insert-node",
      "node": {
        "label": "boolean",
        "type": "VARIABLE_TYPE"
      },
      "location-after-char-start": 0,
      "location-after-char-end": 0,
      "node-str": "boolean"
    },
    {
      "type": "insert-node",
      "node": {
        "label": "isChildOf",
        "type": "Invocation"
      },
      "location-after-char-start": 2172,
      "location-after-char-end": 2220,
      "node-str": "isChildOf"
    },
    {
      "type": "insert-node",
      "node": {
        "label": "class",
        "type": "FieldRead"
      },
      "location-after-char-start": 835,
      "location-after-char-end": 848,
      "node-str": "class"
    },
    {
      "type": "insert-node",
      "node": {
        "label": "EMPTY_LIST",
        "type": "FieldRead"
      },
      "location-after-char-start": 930,
      "location-after-char-end": 951,
      "node-str": "EMPTY_LIST"
    },
    {
      "type": "insert-node",
      "node": {
        "label": "strokes",
        "type": "VariableRead"
      },
      "location-after-char-start": 1343,
      "location-after-char-end": 1349,
      "node-str": "strokes"
    },
    {
      "type": "insert-node",
      "node": {
        "label": "this",
        "type": "ThisAccess"
      },
      "location-after-char-start": 1462,
      "location-after-char-end": 1465,
      "node-str": "this"
    },
    {
      "type": "insert-node",
      "node": {
        "label": "java.util.Collections",
        "type": "TypeAccess"
      },
      "location-after-char-start": 1477,
      "location-after-char-end": 1487,
      "node-str": "java.util.Collections"
    },
    {
      "type": "insert-node",
      "node": {
        "label": "safeCopy",
        "type": "Invocation"
      },
      "location-after-char-start": 1506,
      "location-after-char-end": 1541,
      "node-str": "safeCopy"
    },
    {
      "type": "insert-node",
      "node": {
        "label": "org.eclipse.ui.internal.commands.util.Util",
        "type": "TypeAccess"
      },
      "location-after-char-start": 1597,
      "location-after-char-end": 1600,
      "node-str": "org.eclipse.ui.internal.commands.util.Util"
    },
    {
      "type": "insert-node",
      "node": {
        "label": "strokes",
        "type": "FieldRead"
      },
      "location-after-char-start": 1610,
      "location-after-char-end": 1616,
      "node-str": "strokes"
    },
    {
      "type": "insert-node",
      "node": {
        "label": "strokes",
        "type": "FieldRead"
      },
      "location-after-char-start": 1619,
      "location-after-char-end": 1645,
      "node-str": "strokes"
    },
    {
      "type": "insert-node",
      "node": {
        "label": "INSTANCEOF",
        "type": "BinaryOperator"
      },
      "location-after-char-start": 1703,
      "location-after-char-end": 1728,
      "node-str": "INSTANCEOF"
    },
    {
      "type": "insert-node",
      "node": {
        "label": "equals",
        "type": "Invocation"
      },
      "location-after-char-start": 1733,
      "location-after-char-end": 1775,
      "node-str": "equals"
    },
    {
      "type": "insert-node",
      "node": {
        "label": "org.eclipse.ui.internal.commands.util.Sequence",
        "type": "TypeAccess"
      },
      "location-after-char-start": 0,
      "location-after-char-end": 0,
      "node-str": "org.eclipse.ui.internal.commands.util.Sequence"
    },
    {
      "type": "insert-node",
      "node": {
        "label": "org.eclipse.ui.internal.commands.util.Util",
        "type": "TypeAccess"
      },
      "location-after-char-start": 2172,
      "location-after-char-end": 2175,
      "node-str": "org.eclipse.ui.internal.commands.util.Util"
    },
    {
      "type": "insert-node",
      "node": {
        "label": "strokes",
        "type": "FieldRead"
      },
      "location-after-char-start": 2187,
      "location-after-char-end": 2193,
      "node-str": "strokes"
    },
    {
      "type": "insert-node",
      "node": {
        "label": "strokes",
        "type": "FieldRead"
      },
      "location-after-char-start": 2196,
      "location-after-char-end": 2211,
      "node-str": "strokes"
    },
    {
      "type": "insert-node",
      "node": {
        "label": "equals",
        "type": "VariableRead"
      },
      "location-after-char-start": 2214,
      "location-after-char-end": 2219,
      "node-str": "equals"
    },
    {
      "type": "insert-node",
      "node": {
        "label": "org.eclipse.ui.internal.commands.util.Sequence",
        "type": "TypeAccess"
      },
      "location-after-char-start": 0,
      "location-after-char-end": 0,
      "node-str": "org.eclipse.ui.internal.commands.util.Sequence"
    },
    {
      "type": "insert-node",
      "node": {
        "label": "java.util.Collections",
        "type": "TypeAccess"
      },
      "location-after-char-start": 930,
      "location-after-char-end": 940,
      "node-str": "java.util.Collections"
    },
    {
      "type": "insert-node",
      "node": {
        "label": "org.eclipse.ui.internal.commands.util.Sequence",
        "type": "TypeAccess"
      },
      "location-after-char-start": 0,
      "location-after-char-end": 0,
      "node-str": "org.eclipse.ui.internal.commands.util.Sequence"
    },
    {
      "type": "insert-node",
      "node": {
        "label": "org.eclipse.ui.internal.commands.util.Util",
        "type": "TypeAccess"
      },
      "location-after-char-start": 1506,
      "location-after-char-end": 1509,
      "node-str": "org.eclipse.ui.internal.commands.util.Util"
    },
    {
      "type": "insert-node",
      "node": {
        "label": "strokes",
        "type": "VariableRead"
      },
      "location-after-char-start": 1520,
      "location-after-char-end": 1526,
      "node-str": "strokes"
    },
    {
      "type": "insert-node",
      "node": {
        "label": "class",
        "type": "FieldRead"
      },
      "location-after-char-start": 1529,
      "location-after-char-end": 1540,
      "node-str": "class"
    },
    {
      "type": "insert-node",
      "node": {
        "label": "org.eclipse.ui.internal.commands.util.Sequence",
        "type": "TypeAccess"
      },
      "location-after-char-start": 0,
      "location-after-char-end": 0,
      "node-str": "org.eclipse.ui.internal.commands.util.Sequence"
    },
    {
      "type": "insert-node",
      "node": {
        "label": "object",
        "type": "VariableRead"
      },
      "location-after-char-start": 1619,
      "location-after-char-end": 1637,
      "node-str": "object"
    },
    {
      "type": "insert-node",
      "node": {
        "label": "object",
        "type": "VariableRead"
      },
      "location-after-char-start": 1703,
      "location-after-char-end": 1708,
      "node-str": "object"
    },
    {
      "type": "insert-node",
      "node": {
        "label": "org.eclipse.ui.internal.commands.util.Sequence",
        "type": "TypeAccess"
      },
      "location-after-char-start": 1721,
      "location-after-char-end": 1728,
      "node-str": "org.eclipse.ui.internal.commands.util.Sequence"
    },
    {
      "type": "insert-node",
      "node": {
        "label": "strokes",
        "type": "FieldRead"
      },
      "location-after-char-start": 1733,
      "location-after-char-end": 1739,
      "node-str": "strokes"
    },
    {
      "type": "insert-node",
      "node": {
        "label": "strokes",
        "type": "FieldRead"
      },
      "location-after-char-start": 1748,
      "location-after-char-end": 1774,
      "node-str": "strokes"
    },
    {
      "type": "update-node",
      "node": {
        "label": "org.eclipse.ui.internal.commands.Sequence",
        "type": "TypeAccess"
      },
      "location-before-char-start": 0,
      "location-before-char-end": 0,
      "location-after-char-start": 0,
      "location-after-char-end": 0,
      "node-str": "org.eclipse.ui.internal.commands.util.Sequence"
    },
    {
      "type": "insert-node",
      "node": {
        "label": "org.eclipse.ui.internal.commands.util.Sequence",
        "type": "TypeAccess"
      },
      "location-after-char-start": 0,
      "location-after-char-end": 0,
      "node-str": "org.eclipse.ui.internal.commands.util.Sequence"
    },
    {
      "type": "insert-node",
      "node": {
        "label": "sequence",
        "type": "VariableRead"
      },
      "location-after-char-start": 2196,
      "location-after-char-end": 2203,
      "node-str": "sequence"
    },
    {
      "type": "insert-node",
      "node": {
        "label": "org.eclipse.ui.internal.commands.util.Stroke",
        "type": "TypeAccess"
      },
      "location-after-char-start": 0,
      "location-after-char-end": 0,
      "node-str": "org.eclipse.ui.internal.commands.util.Stroke"
    },
    {
      "type": "insert-node",
      "node": {
        "label": "org.eclipse.ui.internal.commands.util.Sequence",
        "type": "TypeAccess"
      },
      "location-after-char-start": 0,
      "location-after-char-end": 0,
      "node-str": "org.eclipse.ui.internal.commands.util.Sequence"
    },
    {
      "type": "insert-node",
      "node": {
        "label": "object",
        "type": "VariableRead"
      },
      "location-after-char-start": 1748,
      "location-after-char-end": 1766,
      "node-str": "object"
    },
    {
      "type": "delete-node",
      "node": {
        "label": "final",
        "type": "Modifier"
      },
      "location-before-char-start": 0,
      "location-before-char-end": 0,
      "node-str": "final"
    },
    {
      "type": "delete-node",
      "node": {
        "label": "public",
        "type": "Modifier"
      },
      "location-before-char-start": 0,
      "location-before-char-end": 0,
      "node-str": "public"
    },
    {
      "type": "delete-node",
      "node": {
        "label": "int",
        "type": "VARIABLE_TYPE"
      },
      "location-before-char-start": 0,
      "location-before-char-end": 0,
      "node-str": "int"
    },
    {
      "type": "delete-node",
      "node": {
        "label": "final",
        "type": "Modifier"
      },
      "location-before-char-start": 0,
      "location-before-char-end": 0,
      "node-str": "final"
    },
    {
      "type": "delete-node",
      "node": {
        "label": "static",
        "type": "Modifier"
      },
      "location-before-char-start": 0,
      "location-before-char-end": 0,
      "node-str": "static"
    },
    {
      "type": "delete-node",
      "node": {
        "label": "org.eclipse.ui.internal.commands.Sequence",
        "type": "TypeAccess"
      },
      "location-before-char-start": 0,
      "location-before-char-end": 0,
      "node-str": "org.eclipse.ui.internal.commands.Sequence"
    },
    {
      "type": "delete-node",
      "node": {
        "label": "class",
        "type": "FieldRead"
      },
      "location-before-char-start": 830,
      "location-before-char-end": 843,
      "node-str": "class"
    },
    {
      "type": "delete-node",
      "node": {
        "label": "getName",
        "type": "Invocation"
      },
      "location-before-char-start": 830,
      "location-before-char-end": 853,
      "node-str": "getName"
    },
    {
      "type": "delete-node",
      "node": {
        "label": "hashCode",
        "type": "Invocation"
      },
      "location-before-char-start": 830,
      "location-before-char-end": 864,
      "node-str": "hashCode"
    },
    {
      "type": "delete-node",
      "node": {
        "label": "HASH_INITIAL",
        "type": "Field"
      },
      "location-before-char-start": 790,
      "location-before-char-end": 865,
      "node-str": "HASH_INITIAL"
    },
    {
      "type": "delete-node",
      "node": {
        "label": "org.eclipse.ui.internal.commands.Sequence",
        "type": "RETURN_TYPE"
      },
      "location-before-char-start": 0,
      "location-before-char-end": 0,
      "node-str": "org.eclipse.ui.internal.commands.Sequence"
    },
    {
      "type": "delete-node",
      "node": {
        "label": "public",
        "type": "Modifier"
      },
      "location-before-char-start": 0,
      "location-before-char-end": 0,
      "node-str": "public"
    },
    {
      "type": "delete-node",
      "node": {
        "label": "static",
        "type": "Modifier"
      },
      "location-before-char-start": 0,
      "location-before-char-end": 0,
      "node-str": "static"
    },
    {
      "type": "delete-node",
      "node": {
        "label": "java.util.Collections",
        "type": "TypeAccess"
      },
      "location-before-char-start": 925,
      "location-before-char-end": 935,
      "node-str": "java.util.Collections"
    },
    {
      "type": "delete-node",
      "node": {
        "label": "EMPTY_LIST",
        "type": "FieldRead"
      },
      "location-before-char-start": 925,
      "location-before-char-end": 946,
      "node-str": "EMPTY_LIST"
    },
    {
      "type": "delete-node",
      "node": {
        "label": "org.eclipse.ui.internal.commands.Sequence(java.util.List)",
        "type": "ConstructorCall"
      },
      "location-before-char-start": 912,
      "location-before-char-end": 947,
      "node-str": "org.eclipse.ui.internal.commands.Sequence(java.util.List)"
    },
    {
      "type": "delete-node",
      "node": {
        "label": "return",
        "type": "Return"
      },
      "location-before-char-start": 905,
      "location-before-char-end": 948,
      "node-str": "return"
    },
    {
      "type": "delete-node",
      "node": {
        "label": "create",
        "type": "Method"
      },
      "location-before-char-start": 869,
      "location-before-char-end": 951,
      "node-str": "create"
    },
    {
      "type": "delete-node",
      "node": {
        "label": "org.eclipse.ui.internal.commands.Sequence",
        "type": "RETURN_TYPE"
      },
      "location-before-char-start": 0,
      "location-before-char-end": 0,
      "node-str": "org.eclipse.ui.internal.commands.Sequence"
    },
    {
      "type": "delete-node",
      "node": {
        "label": "java.lang.IllegalArgumentException",
        "type": "THROWS"
      },
      "location-before-char-start": 0,
      "location-before-char-end": 0,
      "node-str": "java.lang.IllegalArgumentException"
    },
    {
      "type": "delete-node",
      "node": {
        "label": "public",
        "type": "Modifier"
      },
      "location-before-char-start": 0,
      "location-before-char-end": 0,
      "node-str": "public"
    },
    {
      "type": "delete-node",
      "node": {
        "label": "static",
        "type": "Modifier"
      },
      "location-before-char-start": 0,
      "location-before-char-end": 0,
      "node-str": "static"
    },
    {
      "type": "delete-node",
      "node": {
        "label": "org.eclipse.ui.internal.commands.Stroke",
        "type": "VARIABLE_TYPE"
      },
      "location-before-char-start": 0,
      "location-before-char-end": 0,
      "node-str": "org.eclipse.ui.internal.commands.Stroke"
    },
    {
      "type": "delete-node",
      "node": {
        "label": "stroke",
        "type": "Parameter"
      },
      "location-before-char-start": 985,
      "location-before-char-end": 997,
      "node-str": "stroke"
    },
    {
      "type": "delete-node",
      "node": {
        "label": "create",
        "type": "Method"
      },
      "location-before-char-start": 955,
      "location-before-char-end": 1095,
      "node-str": "create"
    },
    {
      "type": "delete-node",
      "node": {
        "label": "org.eclipse.ui.internal.commands.Sequence",
        "type": "RETURN_TYPE"
      },
      "location-before-char-start": 0,
      "location-before-char-end": 0,
      "node-str": "org.eclipse.ui.internal.commands.Sequence"
    },
    {
      "type": "delete-node",
      "node": {
        "label": "java.lang.IllegalArgumentException",
        "type": "THROWS"
      },
      "location-before-char-start": 0,
      "location-before-char-end": 0,
      "node-str": "java.lang.IllegalArgumentException"
    },
    {
      "type": "delete-node",
      "node": {
        "label": "public",
        "type": "Modifier"
      },
      "location-before-char-start": 0,
      "location-before-char-end": 0,
      "node-str": "public"
    },
    {
      "type": "delete-node",
      "node": {
        "label": "static",
        "type": "Modifier"
      },
      "location-before-char-start": 0,
      "location-before-char-end": 0,
      "node-str": "static"
    },
    {
      "type": "delete-node",
      "node": {
        "label": "org.eclipse.ui.internal.commands.Stroke[]",
        "type": "VARIABLE_TYPE"
      },
      "location-before-char-start": 0,
      "location-before-char-end": 0,
      "node-str": "org.eclipse.ui.internal.commands.Stroke[]"
    },
    {
      "type": "delete-node",
      "node": {
        "label": "strokes",
        "type": "Parameter"
      },
      "location-before-char-start": 1129,
      "location-before-char-end": 1144,
      "node-str": "strokes"
    },
    {
      "type": "delete-node",
      "node": {
        "label": "create",
        "type": "Method"
      },
      "location-before-char-start": 1099,
      "location-before-char-end": 1231,
      "node-str": "create"
    },
    {
      "type": "delete-node",
      "node": {
        "label": "org.eclipse.ui.internal.commands.Sequence",
        "type": "RETURN_TYPE"
      },
      "location-before-char-start": 0,
      "location-before-char-end": 0,
      "node-str": "org.eclipse.ui.internal.commands.Sequence"
    },
    {
      "type": "delete-node",
      "node": {
        "label": "java.lang.IllegalArgumentException",
        "type": "THROWS"
      },
      "location-before-char-start": 0,
      "location-before-char-end": 0,
      "node-str": "java.lang.IllegalArgumentException"
    },
    {
      "type": "delete-node",
      "node": {
        "label": "public",
        "type": "Modifier"
      },
      "location-before-char-start": 0,
      "location-before-char-end": 0,
      "node-str": "public"
    },
    {
      "type": "delete-node",
      "node": {
        "label": "static",
        "type": "Modifier"
      },
      "location-before-char-start": 0,
      "location-before-char-end": 0,
      "node-str": "static"
    },
    {
      "type": "delete-node",
      "node": {
        "label": "java.util.List",
        "type": "VARIABLE_TYPE"
      },
      "location-before-char-start": 0,
      "location-before-char-end": 0,
      "node-str": "java.util.List"
    },
    {
      "type": "delete-node",
      "node": {
        "label": "strokes",
        "type": "Parameter"
      },
      "location-before-char-start": 1266,
      "location-before-char-end": 1277,
      "node-str": "strokes"
    },
    {
      "type": "delete-node",
      "node": {
        "label": "strokes",
        "type": "VariableRead"
      },
      "location-before-char-start": 1338,
      "location-before-char-end": 1344,
      "node-str": "strokes"
    },
    {
      "type": "delete-node",
      "node": {
        "label": "org.eclipse.ui.internal.commands.Sequence(java.util.List)",
        "type": "ConstructorCall"
      },
      "location-before-char-start": 1325,
      "location-before-char-end": 1345,
      "node-str": "org.eclipse.ui.internal.commands.Sequence(java.util.List)"
    },
    {
      "type": "delete-node",
      "node": {
        "label": "return",
        "type": "Return"
      },
      "location-before-char-start": 1318,
      "location-before-char-end": 1346,
      "node-str": "return"
    },
    {
      "type": "delete-node",
      "node": {
        "label": "create",
        "type": "Method"
      },
      "location-before-char-start": 1236,
      "location-before-char-end": 1349,
      "node-str": "create"
    },
    {
      "type": "delete-node",
      "node": {
        "label": "java.util.List",
        "type": "VARIABLE_TYPE"
      },
      "location-before-char-start": 0,
      "location-before-char-end": 0,
      "node-str": "java.util.List"
    },
    {
      "type": "delete-node",
      "node": {
        "label": "strokes",
        "type": "Field"
      },
      "location-before-char-start": 1353,
      "location-before-char-end": 1373,
      "node-str": "strokes"
    },
    {
      "type": "delete-node",
      "node": {
        "label": "java.util.List",
        "type": "VARIABLE_TYPE"
      },
      "location-before-char-start": 0,
      "location-before-char-end": 0,
      "node-str": "java.util.List"
    },
    {
      "type": "delete-node",
      "node": {
        "label": "strokes",
        "type": "Parameter"
      },
      "location-before-char-start": 1394,
      "location-before-char-end": 1405,
      "node-str": "strokes"
    },
    {
      "type": "delete-node",
      "node": {
        "label": "\u003cinit\u003e",
        "type": "Invocation"
      },
      "location-before-char-start": 1446,
      "location-before-char-end": 1453,
      "node-str": "\u003cinit\u003e"
    },
    {
      "type": "delete-node",
      "node": {
        "label": "org.eclipse.ui.internal.commands.Sequence",
        "type": "TypeAccess"
      },
      "location-before-char-start": 0,
      "location-before-char-end": 0,
      "node-str": "org.eclipse.ui.internal.commands.Sequence"
    },
    {
      "type": "delete-node",
      "node": {
        "label": "this",
        "type": "ThisAccess"
      },
      "location-before-char-start": 1457,
      "location-before-char-end": 1460,
      "node-str": "this"
    },
    {
      "type": "delete-node",
      "node": {
        "label": "strokes",
        "type": "FieldWrite"
      },
      "location-before-char-start": 1457,
      "location-before-char-end": 1468,
      "node-str": "strokes"
    },
    {
      "type": "delete-node",
      "node": {
        "label": "java.util.Collections",
        "type": "TypeAccess"
      },
      "location-before-char-start": 1472,
      "location-before-char-end": 1482,
      "node-str": "java.util.Collections"
    },
    {
      "type": "delete-node",
      "node": {
        "label": "org.eclipse.ui.internal.commands.Util",
        "type": "TypeAccess"
      },
      "location-before-char-start": 1501,
      "location-before-char-end": 1504,
      "node-str": "org.eclipse.ui.internal.commands.Util"
    },
    {
      "type": "delete-node",
      "node": {
        "label": "strokes",
        "type": "VariableRead"
      },
      "location-before-char-start": 1515,
      "location-before-char-end": 1521,
      "node-str": "strokes"
    },
    {
      "type": "delete-node",
      "node": {
        "label": "org.eclipse.ui.internal.commands.Stroke",
        "type": "TypeAccess"
      },
      "location-before-char-start": 0,
      "location-before-char-end": 0,
      "node-str": "org.eclipse.ui.internal.commands.Stroke"
    },
    {
      "type": "delete-node",
      "node": {
        "label": "class",
        "type": "FieldRead"
      },
      "location-before-char-start": 1524,
      "location-before-char-end": 1535,
      "node-str": "class"
    },
    {
      "type": "delete-node",
      "node": {
        "label": "safeCopy",
        "type": "Invocation"
      },
      "location-before-char-start": 1501,
      "location-before-char-end": 1536,
      "node-str": "safeCopy"
    },
    {
      "type": "delete-node",
      "node": {
        "label": "unmodifiableList",
        "type": "Invocation"
      },
      "location-before-char-start": 1472,
      "location-before-char-end": 1537,
      "node-str": "unmodifiableList"
    },
    {
      "type": "delete-node",
      "node": {
        "label": "\u003d",
        "type": "Assignment"
      },
      "location-before-char-start": 1457,
      "location-before-char-end": 1538,
      "node-str": "\u003d"
    },
    {
      "type": "delete-node",
      "node": {
        "label": "\u003cinit\u003e",
        "type": "Constructor"
      },
      "location-before-char-start": 1377,
      "location-before-char-end": 1541,
      "node-str": "\u003cinit\u003e"
    },
    {
      "type": "delete-node",
      "node": {
        "label": "int",
        "type": "RETURN_TYPE"
      },
      "location-before-char-start": 0,
      "location-before-char-end": 0,
      "node-str": "int"
    },
    {
      "type": "delete-node",
      "node": {
        "label": "public",
        "type": "Modifier"
      },
      "location-before-char-start": 0,
      "location-before-char-end": 0,
      "node-str": "public"
    },
    {
      "type": "delete-node",
      "node": {
        "label": "java.lang.Object",
        "type": "VARIABLE_TYPE"
      },
      "location-before-char-start": 0,
      "location-before-char-end": 0,
      "node-str": "java.lang.Object"
    },
    {
      "type": "delete-node",
      "node": {
        "label": "object",
        "type": "Parameter"
      },
      "location-before-char-start": 1566,
      "location-before-char-end": 1578,
      "node-str": "object"
    },
    {
      "type": "delete-node",
      "node": {
        "label": "org.eclipse.ui.internal.commands.Util",
        "type": "TypeAccess"
      },
      "location-before-char-start": 1592,
      "location-before-char-end": 1595,
      "node-str": "org.eclipse.ui.internal.commands.Util"
    },
    {
      "type": "delete-node",
      "node": {
        "label": "org.eclipse.ui.internal.commands.Sequence",
        "type": "TypeAccess"
      },
      "location-before-char-start": 0,
      "location-before-char-end": 0,
      "node-str": "org.eclipse.ui.internal.commands.Sequence"
    },
    {
      "type": "delete-node",
      "node": {
        "label": "strokes",
        "type": "FieldRead"
      },
      "location-before-char-start": 1605,
      "location-before-char-end": 1611,
      "node-str": "strokes"
    },
    {
      "type": "delete-node",
      "node": {
        "label": "object",
        "type": "VariableRead"
      },
      "location-before-char-start": 1614,
      "location-before-char-end": 1632,
      "node-str": "object"
    },
    {
      "type": "delete-node",
      "node": {
        "label": "strokes",
        "type": "FieldRead"
      },
      "location-before-char-start": 1614,
      "location-before-char-end": 1640,
      "node-str": "strokes"
    },
    {
      "type": "delete-node",
      "node": {
        "label": "compare",
        "type": "Invocation"
      },
      "location-before-char-start": 1592,
      "location-before-char-end": 1641,
      "node-str": "compare"
    },
    {
      "type": "delete-node",
      "node": {
        "label": "return",
        "type": "Return"
      },
      "location-before-char-start": 1585,
      "location-before-char-end": 1642,
      "node-str": "return"
    },
    {
      "type": "delete-node",
      "node": {
        "label": "compareTo",
        "type": "Method"
      },
      "location-before-char-start": 1545,
      "location-before-char-end": 1645,
      "node-str": "compareTo"
    },
    {
      "type": "delete-node",
      "node": {
        "label": "boolean",
        "type": "RETURN_TYPE"
      },
      "location-before-char-start": 0,
      "location-before-char-end": 0,
      "node-str": "boolean"
    },
    {
      "type": "delete-node",
      "node": {
        "label": "public",
        "type": "Modifier"
      },
      "location-before-char-start": 0,
      "location-before-char-end": 0,
      "node-str": "public"
    },
    {
      "type": "delete-node",
      "node": {
        "label": "java.lang.Object",
        "type": "VARIABLE_TYPE"
      },
      "location-before-char-start": 0,
      "location-before-char-end": 0,
      "node-str": "java.lang.Object"
    },
    {
      "type": "delete-node",
      "node": {
        "label": "object",
        "type": "Parameter"
      },
      "location-before-char-start": 1672,
      "location-before-char-end": 1684,
      "node-str": "object"
    },
    {
      "type": "delete-node",
      "node": {
        "label": "object",
        "type": "VariableRead"
      },
      "location-before-char-start": 1698,
      "location-before-char-end": 1703,
      "node-str": "object"
    },
    {
      "type": "delete-node",
      "node": {
        "label": "org.eclipse.ui.internal.commands.Sequence",
        "type": "TypeAccess"
      },
      "location-before-char-start": 1716,
      "location-before-char-end": 1723,
      "node-str": "org.eclipse.ui.internal.commands.Sequence"
    },
    {
      "type": "delete-node",
      "node": {
        "label": "INSTANCEOF",
        "type": "BinaryOperator"
      },
      "location-before-char-start": 1698,
      "location-before-char-end": 1723,
      "node-str": "INSTANCEOF"
    },
    {
      "type": "delete-node",
      "node": {
        "label": "org.eclipse.ui.internal.commands.Sequence",
        "type": "TypeAccess"
      },
      "location-before-char-start": 0,
      "location-before-char-end": 0,
      "node-str": "org.eclipse.ui.internal.commands.Sequence"
    },
    {
      "type": "delete-node",
      "node": {
        "label": "strokes",
        "type": "FieldRead"
      },
      "location-before-char-start": 1728,
      "location-before-char-end": 1734,
      "node-str": "strokes"
    },
    {
      "type": "delete-node",
      "node": {
        "label": "object",
        "type": "VariableRead"
      },
      "location-before-char-start": 1743,
      "location-before-char-end": 1761,
      "node-str": "object"
    },
    {
      "type": "delete-node",
      "node": {
        "label": "strokes",
        "type": "FieldRead"
      },
      "location-before-char-start": 1743,
      "location-before-char-end": 1769,
      "node-str": "strokes"
    },
    {
      "type": "delete-node",
      "node": {
        "label": "equals",
        "type": "Invocation"
      },
      "location-before-char-start": 1728,
      "location-before-char-end": 1770,
      "node-str": "equals"
    },
    {
      "type": "delete-node",
      "node": {
        "label": "AND",
        "type": "BinaryOperator"
      },
      "location-before-char-start": 1698,
      "location-before-char-end": 1770,
      "node-str": "AND"
    },
    {
      "type": "delete-node",
      "node": {
        "label": "return",
        "type": "Return"
      },
      "location-before-char-start": 1691,
      "location-before-char-end": 1771,
      "node-str": "return"
    },
    {
      "type": "delete-node",
      "node": {
        "label": "equals",
        "type": "Method"
      },
      "location-before-char-start": 1650,
      "location-before-char-end": 1774,
      "node-str": "equals"
    },
    {
      "type": "delete-node",
      "node": {
        "label": "java.util.List",
        "type": "RETURN_TYPE"
      },
      "location-before-char-start": 0,
      "location-before-char-end": 0,
      "node-str": "java.util.List"
    },
    {
      "type": "delete-node",
      "node": {
        "label": "public",
        "type": "Modifier"
      },
      "location-before-char-start": 0,
      "location-before-char-end": 0,
      "node-str": "public"
    },
    {
      "type": "delete-node",
      "node": {
        "label": "org.eclipse.ui.internal.commands.Sequence",
        "type": "TypeAccess"
      },
      "location-before-char-start": 0,
      "location-before-char-end": 0,
      "node-str": "org.eclipse.ui.internal.commands.Sequence"
    },
    {
      "type": "delete-node",
      "node": {
        "label": "strokes",
        "type": "FieldRead"
      },
      "location-before-char-start": 1814,
      "location-before-char-end": 1820,
      "node-str": "strokes"
    },
    {
      "type": "delete-node",
      "node": {
        "label": "return",
        "type": "Return"
      },
      "location-before-char-start": 1807,
      "location-before-char-end": 1821,
      "node-str": "return"
    },
    {
      "type": "delete-node",
      "node": {
        "label": "getStrokes",
        "type": "Method"
      },
      "location-before-char-start": 1778,
      "location-before-char-end": 1824,
      "node-str": "getStrokes"
    },
    {
      "type": "delete-node",
      "node": {
        "label": "boolean",
        "type": "RETURN_TYPE"
      },
      "location-before-char-start": 0,
      "location-before-char-end": 0,
      "node-str": "boolean"
    },
    {
      "type": "delete-node",
      "node": {
        "label": "public",
        "type": "Modifier"
      },
      "location-before-char-start": 0,
      "location-before-char-end": 0,
      "node-str": "public"
    },
    {
      "type": "delete-node",
      "node": {
        "label": "org.eclipse.ui.internal.commands.Sequence",
        "type": "VARIABLE_TYPE"
      },
      "location-before-char-start": 0,
      "location-before-char-end": 0,
      "node-str": "org.eclipse.ui.internal.commands.Sequence"
    },
    {
      "type": "delete-node",
      "node": {
        "label": "sequence",
        "type": "Parameter"
      },
      "location-before-char-start": 2077,
      "location-before-char-end": 2093,
      "node-str": "sequence"
    },
    {
      "type": "delete-node",
      "node": {
        "label": "boolean",
        "type": "VARIABLE_TYPE"
      },
      "location-before-char-start": 0,
      "location-before-char-end": 0,
      "node-str": "boolean"
    },
    {
      "type": "delete-node",
      "node": {
        "label": "equals",
        "type": "Parameter"
      },
      "location-before-char-start": 2096,
      "location-before-char-end": 2109,
      "node-str": "equals"
    },
    {
      "type": "delete-node",
      "node": {
        "label": "org.eclipse.ui.internal.commands.Util",
        "type": "TypeAccess"
      },
      "location-before-char-start": 2167,
      "location-before-char-end": 2170,
      "node-str": "org.eclipse.ui.internal.commands.Util"
    },
    {
      "type": "delete-node",
      "node": {
        "label": "org.eclipse.ui.internal.commands.Sequence",
        "type": "TypeAccess"
      },
      "location-before-char-start": 0,
      "location-before-char-end": 0,
      "node-str": "org.eclipse.ui.internal.commands.Sequence"
    },
    {
      "type": "delete-node",
      "node": {
        "label": "strokes",
        "type": "FieldRead"
      },
      "location-before-char-start": 2182,
      "location-before-char-end": 2188,
      "node-str": "strokes"
    },
    {
      "type": "delete-node",
      "node": {
        "label": "sequence",
        "type": "VariableRead"
      },
      "location-before-char-start": 2191,
      "location-before-char-end": 2198,
      "node-str": "sequence"
    },
    {
      "type": "delete-node",
      "node": {
        "label": "strokes",
        "type": "FieldRead"
      },
      "location-before-char-start": 2191,
      "location-before-char-end": 2206,
      "node-str": "strokes"
    },
    {
      "type": "delete-node",
      "node": {
        "label": "equals",
        "type": "VariableRead"
      },
      "location-before-char-start": 2209,
      "location-before-char-end": 2214,
      "node-str": "equals"
    },
    {
      "type": "delete-node",
      "node": {
        "label": "isChildOf",
        "type": "Invocation"
      },
      "location-before-char-start": 2167,
      "location-before-char-end": 2215,
      "node-str": "isChildOf"
    },
    {
      "type": "delete-node",
      "node": {
        "label": "return",
        "type": "Return"
      },
      "location-before-char-start": 2160,
      "location-before-char-end": 2216,
      "node-str": "return"
    },
    {
      "type": "delete-node",
      "node": {
        "label": "isChildOf",
        "type": "Method"
      },
      "location-before-char-start": 2052,
      "location-before-char-end": 2219,
      "node-str": "isChildOf"
    },
    {
      "type": "delete-node",
      "node": {
        "label": "Sequence",
        "type": "Class"
      },
      "location-before-char-start": 692,
      "location-before-char-end": 2221,
      "node-str": "Sequence"
    }
  ],
  "before-file": {},
  "after-file": {},
  "mapping": {}
}