{
  "tool-info": {},
  "diff": [
    {
      "type": "insert-node",
      "node": {
        "label": "Compiler",
        "type": "Class"
      },
      "location-after-char-start": 3045,
      "location-after-char-end": 11576,
      "node-str": "Compiler"
    },
    {
      "type": "insert-node",
      "node": {
        "label": "abstract",
        "type": "Modifier"
      },
      "location-after-char-start": 0,
      "location-after-char-end": 0,
      "node-str": "abstract"
    },
    {
      "type": "insert-node",
      "node": {
        "label": "public",
        "type": "Modifier"
      },
      "location-after-char-start": 0,
      "location-after-char-end": 0,
      "node-str": "public"
    },
    {
      "type": "insert-node",
      "node": {
        "label": "javac",
        "type": "Field"
      },
      "location-after-char-start": 3381,
      "location-after-char-end": 3409,
      "node-str": "javac"
    },
    {
      "type": "insert-node",
      "node": {
        "label": "mangler",
        "type": "Field"
      },
      "location-after-char-start": 3415,
      "location-after-char-end": 3440,
      "node-str": "mangler"
    },
    {
      "type": "insert-node",
      "node": {
        "label": "ctxt",
        "type": "Field"
      },
      "location-after-char-start": 3446,
      "location-after-char-end": 3477,
      "node-str": "ctxt"
    },
    {
      "type": "move-subtree",
      "node": {
        "label": "\u003cinit\u003e",
        "type": "Constructor"
      },
      "location-before-char-start": 3484,
      "location-before-char-end": 3558,
      "location-after-char-start": 3484,
      "location-after-char-end": 3558,
      "node-str": "\u003cinit\u003e"
    },
    {
      "type": "move-subtree",
      "node": {
        "label": "compile",
        "type": "Method"
      },
      "location-before-char-start": 3569,
      "location-before-char-end": 10176,
      "location-after-char-start": 3569,
      "location-after-char-end": 10176,
      "node-str": "compile"
    },
    {
      "type": "insert-node",
      "node": {
        "label": "isOutDated",
        "type": "Method"
      },
      "location-after-char-start": 10187,
      "location-after-char-end": 10404,
      "node-str": "isOutDated"
    },
    {
      "type": "move-subtree",
      "node": {
        "label": "setJavaCompiler",
        "type": "Method"
      },
      "location-before-char-start": 10418,
      "location-before-char-end": 10546,
      "location-after-char-start": 10415,
      "location-after-char-end": 10543,
      "node-str": "setJavaCompiler"
    },
    {
      "type": "move-subtree",
      "node": {
        "label": "setMangler",
        "type": "Method"
      },
      "location-before-char-start": 10553,
      "location-before-char-end": 10707,
      "location-after-char-start": 10550,
      "location-after-char-end": 10704,
      "node-str": "setMangler"
    },
    {
      "type": "move-subtree",
      "node": {
        "label": "changeEncodingIfNecessary",
        "type": "Method"
      },
      "location-before-char-start": 10714,
      "location-before-char-end": 11572,
      "location-after-char-start": 10711,
      "location-after-char-end": 11569,
      "node-str": "changeEncodingIfNecessary"
    },
    {
      "type": "insert-node",
      "node": {
        "label": "org.apache.jasper.compiler.JavaCompiler",
        "type": "VARIABLE_TYPE"
      },
      "location-after-char-start": 0,
      "location-after-char-end": 0,
      "node-str": "org.apache.jasper.compiler.JavaCompiler"
    },
    {
      "type": "insert-node",
      "node": {
        "label": "protected",
        "type": "Modifier"
      },
      "location-after-char-start": 0,
      "location-after-char-end": 0,
      "node-str": "protected"
    },
    {
      "type": "insert-node",
      "node": {
        "label": "org.apache.jasper.compiler.Mangler",
        "type": "VARIABLE_TYPE"
      },
      "location-after-char-start": 0,
      "location-after-char-end": 0,
      "node-str": "org.apache.jasper.compiler.Mangler"
    },
    {
      "type": "insert-node",
      "node": {
        "label": "protected",
        "type": "Modifier"
      },
      "location-after-char-start": 0,
      "location-after-char-end": 0,
      "node-str": "protected"
    },
    {
      "type": "insert-node",
      "node": {
        "label": "org.apache.jasper.JspEngineContext",
        "type": "VARIABLE_TYPE"
      },
      "location-after-char-start": 0,
      "location-after-char-end": 0,
      "node-str": "org.apache.jasper.JspEngineContext"
    },
    {
      "type": "insert-node",
      "node": {
        "label": "protected",
        "type": "Modifier"
      },
      "location-after-char-start": 0,
      "location-after-char-end": 0,
      "node-str": "protected"
    },
    {
      "type": "insert-node",
      "node": {
        "label": "boolean",
        "type": "RETURN_TYPE"
      },
      "location-after-char-start": 0,
      "location-after-char-end": 0,
      "node-str": "boolean"
    },
    {
      "type": "insert-node",
      "node": {
        "label": "abstract",
        "type": "Modifier"
      },
      "location-after-char-start": 0,
      "location-after-char-end": 0,
      "node-str": "abstract"
    },
    {
      "type": "insert-node",
      "node": {
        "label": "public",
        "type": "Modifier"
      },
      "location-after-char-start": 0,
      "location-after-char-end": 0,
      "node-str": "public"
    },
    {
      "type": "delete-node",
      "node": {
        "label": "abstract",
        "type": "Modifier"
      },
      "location-before-char-start": 0,
      "location-before-char-end": 0,
      "node-str": "abstract"
    },
    {
      "type": "delete-node",
      "node": {
        "label": "public",
        "type": "Modifier"
      },
      "location-before-char-start": 0,
      "location-before-char-end": 0,
      "node-str": "public"
    },
    {
      "type": "delete-node",
      "node": {
        "label": "org.apache.jasper.compiler.JavaCompiler",
        "type": "VARIABLE_TYPE"
      },
      "location-before-char-start": 0,
      "location-before-char-end": 0,
      "node-str": "org.apache.jasper.compiler.JavaCompiler"
    },
    {
      "type": "delete-node",
      "node": {
        "label": "protected",
        "type": "Modifier"
      },
      "location-before-char-start": 0,
      "location-before-char-end": 0,
      "node-str": "protected"
    },
    {
      "type": "delete-node",
      "node": {
        "label": "javac",
        "type": "Field"
      },
      "location-before-char-start": 3381,
      "location-before-char-end": 3409,
      "node-str": "javac"
    },
    {
      "type": "delete-node",
      "node": {
        "label": "org.apache.jasper.compiler.Mangler",
        "type": "VARIABLE_TYPE"
      },
      "location-before-char-start": 0,
      "location-before-char-end": 0,
      "node-str": "org.apache.jasper.compiler.Mangler"
    },
    {
      "type": "delete-node",
      "node": {
        "label": "protected",
        "type": "Modifier"
      },
      "location-before-char-start": 0,
      "location-before-char-end": 0,
      "node-str": "protected"
    },
    {
      "type": "delete-node",
      "node": {
        "label": "mangler",
        "type": "Field"
      },
      "location-before-char-start": 3415,
      "location-before-char-end": 3440,
      "node-str": "mangler"
    },
    {
      "type": "delete-node",
      "node": {
        "label": "org.apache.jasper.JspEngineContext",
        "type": "VARIABLE_TYPE"
      },
      "location-before-char-start": 0,
      "location-before-char-end": 0,
      "node-str": "org.apache.jasper.JspEngineContext"
    },
    {
      "type": "delete-node",
      "node": {
        "label": "protected",
        "type": "Modifier"
      },
      "location-before-char-start": 0,
      "location-before-char-end": 0,
      "node-str": "protected"
    },
    {
      "type": "delete-node",
      "node": {
        "label": "ctxt",
        "type": "Field"
      },
      "location-before-char-start": 3446,
      "location-before-char-end": 3477,
      "node-str": "ctxt"
    },
    {
      "type": "delete-node",
      "node": {
        "label": "boolean",
        "type": "RETURN_TYPE"
      },
      "location-before-char-start": 0,
      "location-before-char-end": 0,
      "node-str": "boolean"
    },
    {
      "type": "delete-node",
      "node": {
        "label": "abstract",
        "type": "Modifier"
      },
      "location-before-char-start": 0,
      "location-before-char-end": 0,
      "node-str": "abstract"
    },
    {
      "type": "delete-node",
      "node": {
        "label": "protected",
        "type": "Modifier"
      },
      "location-before-char-start": 0,
      "location-before-char-end": 0,
      "node-str": "protected"
    },
    {
      "type": "delete-node",
      "node": {
        "label": "isOutDated",
        "type": "Method"
      },
      "location-before-char-start": 10187,
      "location-before-char-end": 10407,
      "node-str": "isOutDated"
    },
    {
      "type": "delete-node",
      "node": {
        "label": "Compiler",
        "type": "Class"
      },
      "location-before-char-start": 3045,
      "location-before-char-end": 11579,
      "node-str": "Compiler"
    }
  ],
  "before-file": {},
  "after-file": {},
  "mapping": {}
}