{
  "tool-info": {},
  "diff": [
    {
      "type": "insert-node",
      "node": {
        "label": "JAWSPersistenceManager",
        "type": "Class"
      },
      "location-after-char-start": 761,
      "location-after-char-end": 10845,
      "node-str": "JAWSPersistenceManager"
    },
    {
      "type": "insert-node",
      "node": {
        "label": "public",
        "type": "Modifier"
      },
      "location-after-char-start": 0,
      "location-after-char-end": 0,
      "node-str": "public"
    },
    {
      "type": "insert-node",
      "node": {
        "label": "container",
        "type": "Field"
      },
      "location-after-char-start": 1740,
      "location-after-char-end": 1836,
      "node-str": "container"
    },
    {
      "type": "insert-node",
      "node": {
        "label": "commandFactory",
        "type": "Field"
      },
      "location-after-char-start": 1842,
      "location-after-char-end": 1874,
      "node-str": "commandFactory"
    },
    {
      "type": "insert-node",
      "node": {
        "label": "initCommand",
        "type": "Field"
      },
      "location-after-char-start": 1880,
      "location-after-char-end": 1906,
      "node-str": "initCommand"
    },
    {
      "type": "insert-node",
      "node": {
        "label": "startCommand",
        "type": "Field"
      },
      "location-after-char-start": 1911,
      "location-after-char-end": 1939,
      "node-str": "startCommand"
    },
    {
      "type": "insert-node",
      "node": {
        "label": "stopCommand",
        "type": "Field"
      },
      "location-after-char-start": 1944,
      "location-after-char-end": 1970,
      "node-str": "stopCommand"
    },
    {
      "type": "insert-node",
      "node": {
        "label": "destroyCommand",
        "type": "Field"
      },
      "location-after-char-start": 1975,
      "location-after-char-end": 2007,
      "node-str": "destroyCommand"
    },
    {
      "type": "insert-node",
      "node": {
        "label": "findEntityCommand",
        "type": "Field"
      },
      "location-after-char-start": 2013,
      "location-after-char-end": 2051,
      "node-str": "findEntityCommand"
    },
    {
      "type": "insert-node",
      "node": {
        "label": "findEntitiesCommand",
        "type": "Field"
      },
      "location-after-char-start": 2056,
      "location-after-char-end": 2098,
      "node-str": "findEntitiesCommand"
    },
    {
      "type": "insert-node",
      "node": {
        "label": "createEntityCommand",
        "type": "Field"
      },
      "location-after-char-start": 2103,
      "location-after-char-end": 2145,
      "node-str": "createEntityCommand"
    },
    {
      "type": "insert-node",
      "node": {
        "label": "removeEntityCommand",
        "type": "Field"
      },
      "location-after-char-start": 2150,
      "location-after-char-end": 2192,
      "node-str": "removeEntityCommand"
    },
    {
      "type": "insert-node",
      "node": {
        "label": "loadEntityCommand",
        "type": "Field"
      },
      "location-after-char-start": 2197,
      "location-after-char-end": 2235,
      "node-str": "loadEntityCommand"
    },
    {
      "type": "insert-node",
      "node": {
        "label": "storeEntityCommand",
        "type": "Field"
      },
      "location-after-char-start": 2240,
      "location-after-char-end": 2280,
      "node-str": "storeEntityCommand"
    },
    {
      "type": "insert-node",
      "node": {
        "label": "activateEntityCommand",
        "type": "Field"
      },
      "location-after-char-start": 2286,
      "location-after-char-end": 2332,
      "node-str": "activateEntityCommand"
    },
    {
      "type": "insert-node",
      "node": {
        "label": "passivateEntityCommand",
        "type": "Field"
      },
      "location-after-char-start": 2337,
      "location-after-char-end": 2385,
      "node-str": "passivateEntityCommand"
    },
    {
      "type": "move-subtree",
      "node": {
        "label": "log",
        "type": "Field"
      },
      "location-before-char-start": 2391,
      "location-before-char-end": 2437,
      "location-after-char-start": 2391,
      "location-after-char-end": 2437,
      "node-str": "log"
    },
    {
      "type": "insert-node",
      "node": {
        "label": "isModified",
        "type": "Field"
      },
      "location-after-char-start": 2443,
      "location-after-char-end": 2528,
      "node-str": "isModified"
    },
    {
      "type": "move-subtree",
      "node": {
        "label": "setContainer",
        "type": "Method"
      },
      "location-before-char-start": 2538,
      "location-before-char-end": 2693,
      "location-after-char-start": 2538,
      "location-after-char-end": 2693,
      "node-str": "setContainer"
    },
    {
      "type": "move-subtree",
      "node": {
        "label": "create",
        "type": "Method"
      },
      "location-before-char-start": 2699,
      "location-before-char-end": 4124,
      "location-after-char-start": 2699,
      "location-after-char-end": 4124,
      "node-str": "create"
    },
    {
      "type": "move-subtree",
      "node": {
        "label": "start",
        "type": "Method"
      },
      "location-before-char-start": 4130,
      "location-before-char-end": 4205,
      "location-after-char-start": 4130,
      "location-after-char-end": 4205,
      "node-str": "start"
    },
    {
      "type": "move-subtree",
      "node": {
        "label": "stop",
        "type": "Method"
      },
      "location-before-char-start": 4211,
      "location-before-char-end": 4359,
      "location-after-char-start": 4211,
      "location-after-char-end": 4359,
      "node-str": "stop"
    },
    {
      "type": "move-subtree",
      "node": {
        "label": "destroy",
        "type": "Method"
      },
      "location-before-char-start": 4365,
      "location-before-char-end": 4910,
      "location-after-char-start": 4365,
      "location-after-char-end": 4910,
      "node-str": "destroy"
    },
    {
      "type": "move-subtree",
      "node": {
        "label": "createBeanClassInstance",
        "type": "Method"
      },
      "location-before-char-start": 4916,
      "location-before-char-end": 5031,
      "location-after-char-start": 4916,
      "location-after-char-end": 5031,
      "node-str": "createBeanClassInstance"
    },
    {
      "type": "move-subtree",
      "node": {
        "label": "initEntity",
        "type": "Method"
      },
      "location-before-char-start": 5037,
      "location-before-char-end": 7722,
      "location-after-char-start": 5037,
      "location-after-char-end": 7722,
      "node-str": "initEntity"
    },
    {
      "type": "move-subtree",
      "node": {
        "label": "createEntity",
        "type": "Method"
      },
      "location-before-char-start": 7728,
      "location-before-char-end": 7975,
      "location-after-char-start": 7728,
      "location-after-char-end": 7975,
      "node-str": "createEntity"
    },
    {
      "type": "insert-node",
      "node": {
        "label": "postCreateEntity",
        "type": "Method"
      },
      "location-after-char-start": 7981,
      "location-after-char-end": 8671,
      "node-str": "postCreateEntity"
    },
    {
      "type": "move-subtree",
      "node": {
        "label": "findEntity",
        "type": "Method"
      },
      "location-before-char-start": 8677,
      "location-before-char-end": 9059,
      "location-after-char-start": 8677,
      "location-after-char-end": 9059,
      "node-str": "findEntity"
    },
    {
      "type": "move-subtree",
      "node": {
        "label": "findEntities",
        "type": "Method"
      },
      "location-before-char-start": 9065,
      "location-before-char-end": 9459,
      "location-after-char-start": 9065,
      "location-after-char-end": 9459,
      "node-str": "findEntities"
    },
    {
      "type": "move-subtree",
      "node": {
        "label": "activateEntity",
        "type": "Method"
      },
      "location-before-char-start": 9465,
      "location-before-char-end": 9600,
      "location-after-char-start": 9465,
      "location-after-char-end": 9600,
      "node-str": "activateEntity"
    },
    {
      "type": "move-subtree",
      "node": {
        "label": "loadEntity",
        "type": "Method"
      },
      "location-before-char-start": 9606,
      "location-before-char-end": 9733,
      "location-after-char-start": 9606,
      "location-after-char-end": 9733,
      "node-str": "loadEntity"
    },
    {
      "type": "insert-node",
      "node": {
        "label": "isStoreRequired",
        "type": "Method"
      },
      "location-after-char-start": 9742,
      "location-after-char-end": 10039,
      "node-str": "isStoreRequired"
    },
    {
      "type": "insert-node",
      "node": {
        "label": "isModified",
        "type": "Method"
      },
      "location-after-char-start": 10045,
      "location-after-char-end": 10161,
      "node-str": "isModified"
    },
    {
      "type": "move-subtree",
      "node": {
        "label": "storeEntity",
        "type": "Method"
      },
      "location-before-char-start": 10043,
      "location-before-char-end": 10172,
      "location-after-char-start": 10167,
      "location-after-char-end": 10296,
      "node-str": "storeEntity"
    },
    {
      "type": "move-subtree",
      "node": {
        "label": "passivateEntity",
        "type": "Method"
      },
      "location-before-char-start": 10178,
      "location-before-char-end": 10315,
      "location-after-char-start": 10302,
      "location-after-char-end": 10439,
      "node-str": "passivateEntity"
    },
    {
      "type": "move-subtree",
      "node": {
        "label": "removeEntity",
        "type": "Method"
      },
      "location-before-char-start": 10321,
      "location-before-char-end": 10469,
      "location-after-char-start": 10445,
      "location-after-char-end": 10593,
      "node-str": "removeEntity"
    },
    {
      "type": "move-subtree",
      "node": {
        "label": "PersistenceContext",
        "type": "Class"
      },
      "location-before-char-start": 10475,
      "location-before-char-end": 10719,
      "location-after-char-start": 10599,
      "location-after-char-end": 10843,
      "node-str": "PersistenceContext"
    },
    {
      "type": "insert-node",
      "node": {
        "label": "org.jboss.ejb.EntityContainer",
        "type": "VARIABLE_TYPE"
      },
      "location-after-char-start": 0,
      "location-after-char-end": 0,
      "node-str": "org.jboss.ejb.EntityContainer"
    },
    {
      "type": "insert-node",
      "node": {
        "label": "org.jboss.ejb.plugins.jaws.JPMCommandFactory",
        "type": "VARIABLE_TYPE"
      },
      "location-after-char-start": 0,
      "location-after-char-end": 0,
      "node-str": "org.jboss.ejb.plugins.jaws.JPMCommandFactory"
    },
    {
      "type": "insert-node",
      "node": {
        "label": "org.jboss.ejb.plugins.jaws.JPMInitCommand",
        "type": "VARIABLE_TYPE"
      },
      "location-after-char-start": 0,
      "location-after-char-end": 0,
      "node-str": "org.jboss.ejb.plugins.jaws.JPMInitCommand"
    },
    {
      "type": "insert-node",
      "node": {
        "label": "org.jboss.ejb.plugins.jaws.JPMStartCommand",
        "type": "VARIABLE_TYPE"
      },
      "location-after-char-start": 0,
      "location-after-char-end": 0,
      "node-str": "org.jboss.ejb.plugins.jaws.JPMStartCommand"
    },
    {
      "type": "insert-node",
      "node": {
        "label": "org.jboss.ejb.plugins.jaws.JPMStopCommand",
        "type": "VARIABLE_TYPE"
      },
      "location-after-char-start": 0,
      "location-after-char-end": 0,
      "node-str": "org.jboss.ejb.plugins.jaws.JPMStopCommand"
    },
    {
      "type": "insert-node",
      "node": {
        "label": "org.jboss.ejb.plugins.jaws.JPMDestroyCommand",
        "type": "VARIABLE_TYPE"
      },
      "location-after-char-start": 0,
      "location-after-char-end": 0,
      "node-str": "org.jboss.ejb.plugins.jaws.JPMDestroyCommand"
    },
    {
      "type": "insert-node",
      "node": {
        "label": "org.jboss.ejb.plugins.jaws.JPMFindEntityCommand",
        "type": "VARIABLE_TYPE"
      },
      "location-after-char-start": 0,
      "location-after-char-end": 0,
      "node-str": "org.jboss.ejb.plugins.jaws.JPMFindEntityCommand"
    },
    {
      "type": "insert-node",
      "node": {
        "label": "org.jboss.ejb.plugins.jaws.JPMFindEntitiesCommand",
        "type": "VARIABLE_TYPE"
      },
      "location-after-char-start": 0,
      "location-after-char-end": 0,
      "node-str": "org.jboss.ejb.plugins.jaws.JPMFindEntitiesCommand"
    },
    {
      "type": "insert-node",
      "node": {
        "label": "org.jboss.ejb.plugins.jaws.JPMCreateEntityCommand",
        "type": "VARIABLE_TYPE"
      },
      "location-after-char-start": 0,
      "location-after-char-end": 0,
      "node-str": "org.jboss.ejb.plugins.jaws.JPMCreateEntityCommand"
    },
    {
      "type": "insert-node",
      "node": {
        "label": "org.jboss.ejb.plugins.jaws.JPMRemoveEntityCommand",
        "type": "VARIABLE_TYPE"
      },
      "location-after-char-start": 0,
      "location-after-char-end": 0,
      "node-str": "org.jboss.ejb.plugins.jaws.JPMRemoveEntityCommand"
    },
    {
      "type": "insert-node",
      "node": {
        "label": "org.jboss.ejb.plugins.jaws.JPMLoadEntityCommand",
        "type": "VARIABLE_TYPE"
      },
      "location-after-char-start": 0,
      "location-after-char-end": 0,
      "node-str": "org.jboss.ejb.plugins.jaws.JPMLoadEntityCommand"
    },
    {
      "type": "insert-node",
      "node": {
        "label": "org.jboss.ejb.plugins.jaws.JPMStoreEntityCommand",
        "type": "VARIABLE_TYPE"
      },
      "location-after-char-start": 0,
      "location-after-char-end": 0,
      "node-str": "org.jboss.ejb.plugins.jaws.JPMStoreEntityCommand"
    },
    {
      "type": "insert-node",
      "node": {
        "label": "org.jboss.ejb.plugins.jaws.JPMActivateEntityCommand",
        "type": "VARIABLE_TYPE"
      },
      "location-after-char-start": 0,
      "location-after-char-end": 0,
      "node-str": "org.jboss.ejb.plugins.jaws.JPMActivateEntityCommand"
    },
    {
      "type": "insert-node",
      "node": {
        "label": "org.jboss.ejb.plugins.jaws.JPMPassivateEntityCommand",
        "type": "VARIABLE_TYPE"
      },
      "location-after-char-start": 0,
      "location-after-char-end": 0,
      "node-str": "org.jboss.ejb.plugins.jaws.JPMPassivateEntityCommand"
    },
    {
      "type": "insert-node",
      "node": {
        "label": "java.lang.reflect.Method",
        "type": "VARIABLE_TYPE"
      },
      "location-after-char-start": 0,
      "location-after-char-end": 0,
      "node-str": "java.lang.reflect.Method"
    },
    {
      "type": "insert-node",
      "node": {
        "label": "java.lang.Object",
        "type": "RETURN_TYPE"
      },
      "location-after-char-start": 0,
      "location-after-char-end": 0,
      "node-str": "java.lang.Object"
    },
    {
      "type": "insert-node",
      "node": {
        "label": "java.lang.Exception",
        "type": "THROWS"
      },
      "location-after-char-start": 0,
      "location-after-char-end": 0,
      "node-str": "java.lang.Exception"
    },
    {
      "type": "insert-node",
      "node": {
        "label": "public",
        "type": "Modifier"
      },
      "location-after-char-start": 0,
      "location-after-char-end": 0,
      "node-str": "public"
    },
    {
      "type": "insert-node",
      "node": {
        "label": "m",
        "type": "Parameter"
      },
      "location-after-char-start": 8481,
      "location-after-char-end": 8494,
      "node-str": "m"
    },
    {
      "type": "insert-node",
      "node": {
        "label": "args",
        "type": "Parameter"
      },
      "location-after-char-start": 8531,
      "location-after-char-end": 8549,
      "node-str": "args"
    },
    {
      "type": "insert-node",
      "node": {
        "label": "ctx",
        "type": "Parameter"
      },
      "location-after-char-start": 8586,
      "location-after-char-end": 8618,
      "node-str": "ctx"
    },
    {
      "type": "insert-node",
      "node": {
        "label": "return",
        "type": "Return"
      },
      "location-after-char-start": 8655,
      "location-after-char-end": 8666,
      "node-str": "return"
    },
    {
      "type": "insert-node",
      "node": {
        "label": "boolean",
        "type": "RETURN_TYPE"
      },
      "location-after-char-start": 0,
      "location-after-char-end": 0,
      "node-str": "boolean"
    },
    {
      "type": "insert-node",
      "node": {
        "label": "java.lang.Exception",
        "type": "THROWS"
      },
      "location-after-char-start": 0,
      "location-after-char-end": 0,
      "node-str": "java.lang.Exception"
    },
    {
      "type": "insert-node",
      "node": {
        "label": "public",
        "type": "Modifier"
      },
      "location-after-char-start": 0,
      "location-after-char-end": 0,
      "node-str": "public"
    },
    {
      "type": "insert-node",
      "node": {
        "label": "ctx",
        "type": "Parameter"
      },
      "location-after-char-start": 9773,
      "location-after-char-end": 9799,
      "node-str": "ctx"
    },
    {
      "type": "move-subtree",
      "node": {
        "label": "if",
        "type": "If"
      },
      "location-before-char-start": 9826,
      "location-before-char-end": 9886,
      "location-after-char-start": 9830,
      "location-after-char-end": 9890,
      "node-str": "if"
    },
    {
      "type": "insert-node",
      "node": {
        "label": "args",
        "type": "LocalVariable"
      },
      "location-after-char-start": 9899,
      "location-after-char-end": 9917,
      "node-str": "args"
    },
    {
      "type": "move-subtree",
      "node": {
        "label": "modified",
        "type": "LocalVariable"
      },
      "location-before-char-start": 9921,
      "location-before-char-end": 9992,
      "location-after-char-start": 9925,
      "location-after-char-end": 9996,
      "node-str": "modified"
    },
    {
      "type": "insert-node",
      "node": {
        "label": "return",
        "type": "Return"
      },
      "location-after-char-start": 10004,
      "location-after-char-end": 10034,
      "node-str": "return"
    },
    {
      "type": "insert-node",
      "node": {
        "label": "boolean",
        "type": "RETURN_TYPE"
      },
      "location-after-char-start": 0,
      "location-after-char-end": 0,
      "node-str": "boolean"
    },
    {
      "type": "insert-node",
      "node": {
        "label": "java.lang.Exception",
        "type": "THROWS"
      },
      "location-after-char-start": 0,
      "location-after-char-end": 0,
      "node-str": "java.lang.Exception"
    },
    {
      "type": "insert-node",
      "node": {
        "label": "public",
        "type": "Modifier"
      },
      "location-after-char-start": 0,
      "location-after-char-end": 0,
      "node-str": "public"
    },
    {
      "type": "insert-node",
      "node": {
        "label": "ctx",
        "type": "Parameter"
      },
      "location-after-char-start": 10072,
      "location-after-char-end": 10098,
      "node-str": "ctx"
    },
    {
      "type": "insert-node",
      "node": {
        "label": "return",
        "type": "Return"
      },
      "location-after-char-start": 10129,
      "location-after-char-end": 10156,
      "node-str": "return"
    },
    {
      "type": "insert-node",
      "node": {
        "label": "java.lang.reflect.Method",
        "type": "VARIABLE_TYPE"
      },
      "location-after-char-start": 0,
      "location-after-char-end": 0,
      "node-str": "java.lang.reflect.Method"
    },
    {
      "type": "insert-node",
      "node": {
        "label": "final",
        "type": "Modifier"
      },
      "location-after-char-start": 0,
      "location-after-char-end": 0,
      "node-str": "final"
    },
    {
      "type": "insert-node",
      "node": {
        "label": "java.lang.Object[]",
        "type": "VARIABLE_TYPE"
      },
      "location-after-char-start": 0,
      "location-after-char-end": 0,
      "node-str": "java.lang.Object[]"
    },
    {
      "type": "insert-node",
      "node": {
        "label": "final",
        "type": "Modifier"
      },
      "location-after-char-start": 0,
      "location-after-char-end": 0,
      "node-str": "final"
    },
    {
      "type": "insert-node",
      "node": {
        "label": "org.jboss.ejb.EntityEnterpriseContext",
        "type": "VARIABLE_TYPE"
      },
      "location-after-char-start": 0,
      "location-after-char-end": 0,
      "node-str": "org.jboss.ejb.EntityEnterpriseContext"
    },
    {
      "type": "insert-node",
      "node": {
        "label": "final",
        "type": "Modifier"
      },
      "location-after-char-start": 0,
      "location-after-char-end": 0,
      "node-str": "final"
    },
    {
      "type": "insert-node",
      "node": {
        "label": "null",
        "type": "Literal"
      },
      "location-after-char-start": 8662,
      "location-after-char-end": 8665,
      "node-str": "null"
    },
    {
      "type": "insert-node",
      "node": {
        "label": "org.jboss.ejb.EntityEnterpriseContext",
        "type": "VARIABLE_TYPE"
      },
      "location-after-char-start": 0,
      "location-after-char-end": 0,
      "node-str": "org.jboss.ejb.EntityEnterpriseContext"
    },
    {
      "type": "insert-node",
      "node": {
        "label": "java.lang.Object[]",
        "type": "VARIABLE_TYPE"
      },
      "location-after-char-start": 0,
      "location-after-char-end": 0,
      "node-str": "java.lang.Object[]"
    },
    {
      "type": "insert-node",
      "node": {
        "label": "",
        "type": "NewArray"
      },
      "location-after-char-start": 9915,
      "location-after-char-end": 9916,
      "node-str": ""
    },
    {
      "type": "insert-node",
      "node": {
        "label": "booleanValue",
        "type": "Invocation"
      },
      "location-after-char-start": 10011,
      "location-after-char-end": 10033,
      "node-str": "booleanValue"
    },
    {
      "type": "insert-node",
      "node": {
        "label": "org.jboss.ejb.EntityEnterpriseContext",
        "type": "VARIABLE_TYPE"
      },
      "location-after-char-start": 0,
      "location-after-char-end": 0,
      "node-str": "org.jboss.ejb.EntityEnterpriseContext"
    },
    {
      "type": "insert-node",
      "node": {
        "label": "isStoreRequired",
        "type": "Invocation"
      },
      "location-after-char-start": 10136,
      "location-after-char-end": 10155,
      "node-str": "isStoreRequired"
    },
    {
      "type": "insert-node",
      "node": {
        "label": "modified",
        "type": "VariableRead"
      },
      "location-after-char-start": 10011,
      "location-after-char-end": 10018,
      "node-str": "modified"
    },
    {
      "type": "insert-node",
      "node": {
        "label": "org.jboss.ejb.plugins.jaws.JAWSPersistenceManager",
        "type": "TypeAccess"
      },
      "location-after-char-start": 0,
      "location-after-char-end": 0,
      "node-str": "org.jboss.ejb.plugins.jaws.JAWSPersistenceManager"
    },
    {
      "type": "insert-node",
      "node": {
        "label": "ctx",
        "type": "VariableRead"
      },
      "location-after-char-start": 10152,
      "location-after-char-end": 10154,
      "node-str": "ctx"
    },
    {
      "type": "delete-node",
      "node": {
        "label": "public",
        "type": "Modifier"
      },
      "location-before-char-start": 0,
      "location-before-char-end": 0,
      "node-str": "public"
    },
    {
      "type": "delete-node",
      "node": {
        "label": "org.jboss.ejb.EntityContainer",
        "type": "VARIABLE_TYPE"
      },
      "location-before-char-start": 0,
      "location-before-char-end": 0,
      "node-str": "org.jboss.ejb.EntityContainer"
    },
    {
      "type": "delete-node",
      "node": {
        "label": "container",
        "type": "Field"
      },
      "location-before-char-start": 1740,
      "location-before-char-end": 1836,
      "node-str": "container"
    },
    {
      "type": "delete-node",
      "node": {
        "label": "org.jboss.ejb.plugins.jaws.JPMCommandFactory",
        "type": "VARIABLE_TYPE"
      },
      "location-before-char-start": 0,
      "location-before-char-end": 0,
      "node-str": "org.jboss.ejb.plugins.jaws.JPMCommandFactory"
    },
    {
      "type": "delete-node",
      "node": {
        "label": "commandFactory",
        "type": "Field"
      },
      "location-before-char-start": 1842,
      "location-before-char-end": 1874,
      "node-str": "commandFactory"
    },
    {
      "type": "delete-node",
      "node": {
        "label": "org.jboss.ejb.plugins.jaws.JPMInitCommand",
        "type": "VARIABLE_TYPE"
      },
      "location-before-char-start": 0,
      "location-before-char-end": 0,
      "node-str": "org.jboss.ejb.plugins.jaws.JPMInitCommand"
    },
    {
      "type": "delete-node",
      "node": {
        "label": "initCommand",
        "type": "Field"
      },
      "location-before-char-start": 1880,
      "location-before-char-end": 1906,
      "node-str": "initCommand"
    },
    {
      "type": "delete-node",
      "node": {
        "label": "org.jboss.ejb.plugins.jaws.JPMStartCommand",
        "type": "VARIABLE_TYPE"
      },
      "location-before-char-start": 0,
      "location-before-char-end": 0,
      "node-str": "org.jboss.ejb.plugins.jaws.JPMStartCommand"
    },
    {
      "type": "delete-node",
      "node": {
        "label": "startCommand",
        "type": "Field"
      },
      "location-before-char-start": 1911,
      "location-before-char-end": 1939,
      "node-str": "startCommand"
    },
    {
      "type": "delete-node",
      "node": {
        "label": "org.jboss.ejb.plugins.jaws.JPMStopCommand",
        "type": "VARIABLE_TYPE"
      },
      "location-before-char-start": 0,
      "location-before-char-end": 0,
      "node-str": "org.jboss.ejb.plugins.jaws.JPMStopCommand"
    },
    {
      "type": "delete-node",
      "node": {
        "label": "stopCommand",
        "type": "Field"
      },
      "location-before-char-start": 1944,
      "location-before-char-end": 1970,
      "node-str": "stopCommand"
    },
    {
      "type": "delete-node",
      "node": {
        "label": "org.jboss.ejb.plugins.jaws.JPMDestroyCommand",
        "type": "VARIABLE_TYPE"
      },
      "location-before-char-start": 0,
      "location-before-char-end": 0,
      "node-str": "org.jboss.ejb.plugins.jaws.JPMDestroyCommand"
    },
    {
      "type": "delete-node",
      "node": {
        "label": "destroyCommand",
        "type": "Field"
      },
      "location-before-char-start": 1975,
      "location-before-char-end": 2007,
      "node-str": "destroyCommand"
    },
    {
      "type": "delete-node",
      "node": {
        "label": "org.jboss.ejb.plugins.jaws.JPMFindEntityCommand",
        "type": "VARIABLE_TYPE"
      },
      "location-before-char-start": 0,
      "location-before-char-end": 0,
      "node-str": "org.jboss.ejb.plugins.jaws.JPMFindEntityCommand"
    },
    {
      "type": "delete-node",
      "node": {
        "label": "findEntityCommand",
        "type": "Field"
      },
      "location-before-char-start": 2013,
      "location-before-char-end": 2051,
      "node-str": "findEntityCommand"
    },
    {
      "type": "delete-node",
      "node": {
        "label": "org.jboss.ejb.plugins.jaws.JPMFindEntitiesCommand",
        "type": "VARIABLE_TYPE"
      },
      "location-before-char-start": 0,
      "location-before-char-end": 0,
      "node-str": "org.jboss.ejb.plugins.jaws.JPMFindEntitiesCommand"
    },
    {
      "type": "delete-node",
      "node": {
        "label": "findEntitiesCommand",
        "type": "Field"
      },
      "location-before-char-start": 2056,
      "location-before-char-end": 2098,
      "node-str": "findEntitiesCommand"
    },
    {
      "type": "delete-node",
      "node": {
        "label": "org.jboss.ejb.plugins.jaws.JPMCreateEntityCommand",
        "type": "VARIABLE_TYPE"
      },
      "location-before-char-start": 0,
      "location-before-char-end": 0,
      "node-str": "org.jboss.ejb.plugins.jaws.JPMCreateEntityCommand"
    },
    {
      "type": "delete-node",
      "node": {
        "label": "createEntityCommand",
        "type": "Field"
      },
      "location-before-char-start": 2103,
      "location-before-char-end": 2145,
      "node-str": "createEntityCommand"
    },
    {
      "type": "delete-node",
      "node": {
        "label": "org.jboss.ejb.plugins.jaws.JPMRemoveEntityCommand",
        "type": "VARIABLE_TYPE"
      },
      "location-before-char-start": 0,
      "location-before-char-end": 0,
      "node-str": "org.jboss.ejb.plugins.jaws.JPMRemoveEntityCommand"
    },
    {
      "type": "delete-node",
      "node": {
        "label": "removeEntityCommand",
        "type": "Field"
      },
      "location-before-char-start": 2150,
      "location-before-char-end": 2192,
      "node-str": "removeEntityCommand"
    },
    {
      "type": "delete-node",
      "node": {
        "label": "org.jboss.ejb.plugins.jaws.JPMLoadEntityCommand",
        "type": "VARIABLE_TYPE"
      },
      "location-before-char-start": 0,
      "location-before-char-end": 0,
      "node-str": "org.jboss.ejb.plugins.jaws.JPMLoadEntityCommand"
    },
    {
      "type": "delete-node",
      "node": {
        "label": "loadEntityCommand",
        "type": "Field"
      },
      "location-before-char-start": 2197,
      "location-before-char-end": 2235,
      "node-str": "loadEntityCommand"
    },
    {
      "type": "delete-node",
      "node": {
        "label": "org.jboss.ejb.plugins.jaws.JPMStoreEntityCommand",
        "type": "VARIABLE_TYPE"
      },
      "location-before-char-start": 0,
      "location-before-char-end": 0,
      "node-str": "org.jboss.ejb.plugins.jaws.JPMStoreEntityCommand"
    },
    {
      "type": "delete-node",
      "node": {
        "label": "storeEntityCommand",
        "type": "Field"
      },
      "location-before-char-start": 2240,
      "location-before-char-end": 2280,
      "node-str": "storeEntityCommand"
    },
    {
      "type": "delete-node",
      "node": {
        "label": "org.jboss.ejb.plugins.jaws.JPMActivateEntityCommand",
        "type": "VARIABLE_TYPE"
      },
      "location-before-char-start": 0,
      "location-before-char-end": 0,
      "node-str": "org.jboss.ejb.plugins.jaws.JPMActivateEntityCommand"
    },
    {
      "type": "delete-node",
      "node": {
        "label": "activateEntityCommand",
        "type": "Field"
      },
      "location-before-char-start": 2286,
      "location-before-char-end": 2332,
      "node-str": "activateEntityCommand"
    },
    {
      "type": "delete-node",
      "node": {
        "label": "org.jboss.ejb.plugins.jaws.JPMPassivateEntityCommand",
        "type": "VARIABLE_TYPE"
      },
      "location-before-char-start": 0,
      "location-before-char-end": 0,
      "node-str": "org.jboss.ejb.plugins.jaws.JPMPassivateEntityCommand"
    },
    {
      "type": "delete-node",
      "node": {
        "label": "passivateEntityCommand",
        "type": "Field"
      },
      "location-before-char-start": 2337,
      "location-before-char-end": 2385,
      "node-str": "passivateEntityCommand"
    },
    {
      "type": "delete-node",
      "node": {
        "label": "java.lang.reflect.Method",
        "type": "VARIABLE_TYPE"
      },
      "location-before-char-start": 0,
      "location-before-char-end": 0,
      "node-str": "java.lang.reflect.Method"
    },
    {
      "type": "delete-node",
      "node": {
        "label": "isModified",
        "type": "Field"
      },
      "location-before-char-start": 2443,
      "location-before-char-end": 2528,
      "node-str": "isModified"
    },
    {
      "type": "delete-node",
      "node": {
        "label": "java.lang.Object",
        "type": "RETURN_TYPE"
      },
      "location-before-char-start": 0,
      "location-before-char-end": 0,
      "node-str": "java.lang.Object"
    },
    {
      "type": "delete-node",
      "node": {
        "label": "java.lang.Exception",
        "type": "THROWS"
      },
      "location-before-char-start": 0,
      "location-before-char-end": 0,
      "node-str": "java.lang.Exception"
    },
    {
      "type": "delete-node",
      "node": {
        "label": "public",
        "type": "Modifier"
      },
      "location-before-char-start": 0,
      "location-before-char-end": 0,
      "node-str": "public"
    },
    {
      "type": "delete-node",
      "node": {
        "label": "java.lang.reflect.Method",
        "type": "VARIABLE_TYPE"
      },
      "location-before-char-start": 0,
      "location-before-char-end": 0,
      "node-str": "java.lang.reflect.Method"
    },
    {
      "type": "delete-node",
      "node": {
        "label": "final",
        "type": "Modifier"
      },
      "location-before-char-start": 0,
      "location-before-char-end": 0,
      "node-str": "final"
    },
    {
      "type": "delete-node",
      "node": {
        "label": "m",
        "type": "Parameter"
      },
      "location-before-char-start": 8481,
      "location-before-char-end": 8494,
      "node-str": "m"
    },
    {
      "type": "delete-node",
      "node": {
        "label": "java.lang.Object[]",
        "type": "VARIABLE_TYPE"
      },
      "location-before-char-start": 0,
      "location-before-char-end": 0,
      "node-str": "java.lang.Object[]"
    },
    {
      "type": "delete-node",
      "node": {
        "label": "final",
        "type": "Modifier"
      },
      "location-before-char-start": 0,
      "location-before-char-end": 0,
      "node-str": "final"
    },
    {
      "type": "delete-node",
      "node": {
        "label": "args",
        "type": "Parameter"
      },
      "location-before-char-start": 8531,
      "location-before-char-end": 8549,
      "node-str": "args"
    },
    {
      "type": "delete-node",
      "node": {
        "label": "org.jboss.ejb.EntityEnterpriseContext",
        "type": "VARIABLE_TYPE"
      },
      "location-before-char-start": 0,
      "location-before-char-end": 0,
      "node-str": "org.jboss.ejb.EntityEnterpriseContext"
    },
    {
      "type": "delete-node",
      "node": {
        "label": "final",
        "type": "Modifier"
      },
      "location-before-char-start": 0,
      "location-before-char-end": 0,
      "node-str": "final"
    },
    {
      "type": "delete-node",
      "node": {
        "label": "ctx",
        "type": "Parameter"
      },
      "location-before-char-start": 8586,
      "location-before-char-end": 8618,
      "node-str": "ctx"
    },
    {
      "type": "delete-node",
      "node": {
        "label": "null",
        "type": "Literal"
      },
      "location-before-char-start": 8662,
      "location-before-char-end": 8665,
      "node-str": "null"
    },
    {
      "type": "delete-node",
      "node": {
        "label": "return",
        "type": "Return"
      },
      "location-before-char-start": 8655,
      "location-before-char-end": 8666,
      "node-str": "return"
    },
    {
      "type": "delete-node",
      "node": {
        "label": "postCreateEntity",
        "type": "Method"
      },
      "location-before-char-start": 7981,
      "location-before-char-end": 8671,
      "node-str": "postCreateEntity"
    },
    {
      "type": "delete-node",
      "node": {
        "label": "boolean",
        "type": "RETURN_TYPE"
      },
      "location-before-char-start": 0,
      "location-before-char-end": 0,
      "node-str": "boolean"
    },
    {
      "type": "delete-node",
      "node": {
        "label": "java.lang.Exception",
        "type": "THROWS"
      },
      "location-before-char-start": 0,
      "location-before-char-end": 0,
      "node-str": "java.lang.Exception"
    },
    {
      "type": "delete-node",
      "node": {
        "label": "public",
        "type": "Modifier"
      },
      "location-before-char-start": 0,
      "location-before-char-end": 0,
      "node-str": "public"
    },
    {
      "type": "delete-node",
      "node": {
        "label": "org.jboss.ejb.EntityEnterpriseContext",
        "type": "VARIABLE_TYPE"
      },
      "location-before-char-start": 0,
      "location-before-char-end": 0,
      "node-str": "org.jboss.ejb.EntityEnterpriseContext"
    },
    {
      "type": "delete-node",
      "node": {
        "label": "ctx",
        "type": "Parameter"
      },
      "location-before-char-start": 9768,
      "location-before-char-end": 9794,
      "node-str": "ctx"
    },
    {
      "type": "delete-node",
      "node": {
        "label": "java.lang.Object[]",
        "type": "VARIABLE_TYPE"
      },
      "location-before-char-start": 0,
      "location-before-char-end": 0,
      "node-str": "java.lang.Object[]"
    },
    {
      "type": "delete-node",
      "node": {
        "label": "",
        "type": "NewArray"
      },
      "location-before-char-start": 9911,
      "location-before-char-end": 9912,
      "node-str": ""
    },
    {
      "type": "delete-node",
      "node": {
        "label": "args",
        "type": "LocalVariable"
      },
      "location-before-char-start": 9895,
      "location-before-char-end": 9913,
      "node-str": "args"
    },
    {
      "type": "delete-node",
      "node": {
        "label": "modified",
        "type": "VariableRead"
      },
      "location-before-char-start": 10007,
      "location-before-char-end": 10014,
      "node-str": "modified"
    },
    {
      "type": "delete-node",
      "node": {
        "label": "booleanValue",
        "type": "Invocation"
      },
      "location-before-char-start": 10007,
      "location-before-char-end": 10029,
      "node-str": "booleanValue"
    },
    {
      "type": "delete-node",
      "node": {
        "label": "return",
        "type": "Return"
      },
      "location-before-char-start": 10000,
      "location-before-char-end": 10030,
      "node-str": "return"
    },
    {
      "type": "delete-node",
      "node": {
        "label": "isModified",
        "type": "Method"
      },
      "location-before-char-start": 9742,
      "location-before-char-end": 10035,
      "node-str": "isModified"
    },
    {
      "type": "delete-node",
      "node": {
        "label": "JAWSPersistenceManager",
        "type": "Class"
      },
      "location-before-char-start": 761,
      "location-before-char-end": 10721,
      "node-str": "JAWSPersistenceManager"
    }
  ],
  "before-file": {},
  "after-file": {},
  "mapping": {}
}