{
  "tool-info": {},
  "diff": [
    {
      "type": "insert-node",
      "node": {
        "label": "setUp",
        "type": "Method"
      },
      "location-after-char-start": 1755,
      "location-after-char-end": 2109,
      "node-str": "setUp"
    },
    {
      "type": "insert-node",
      "node": {
        "label": "tearDown",
        "type": "Method"
      },
      "location-after-char-start": 2113,
      "location-after-char-end": 2464,
      "node-str": "tearDown"
    },
    {
      "type": "update-node",
      "node": {
        "label": "CH.ifa.draw.figures.NullFigure",
        "type": "VARIABLE_TYPE"
      },
      "location-before-char-start": 0,
      "location-before-char-end": 0,
      "location-after-char-start": 0,
      "location-after-char-end": 0,
      "node-str": "org.jhotdraw.figures.NullFigure"
    },
    {
      "type": "update-node",
      "node": {
        "label": "CH.ifa.draw.figures.NullFigure",
        "type": "RETURN_TYPE"
      },
      "location-before-char-start": 0,
      "location-before-char-end": 0,
      "location-after-char-start": 0,
      "location-after-char-end": 0,
      "node-str": "org.jhotdraw.figures.NullFigure"
    },
    {
      "type": "insert-node",
      "node": {
        "label": "void",
        "type": "RETURN_TYPE"
      },
      "location-after-char-start": 0,
      "location-after-char-end": 0,
      "node-str": "void"
    },
    {
      "type": "insert-node",
      "node": {
        "label": "java.lang.Exception",
        "type": "THROWS"
      },
      "location-after-char-start": 0,
      "location-after-char-end": 0,
      "node-str": "java.lang.Exception"
    },
    {
      "type": "insert-node",
      "node": {
        "label": "protected",
        "type": "Modifier"
      },
      "location-after-char-start": 0,
      "location-after-char-end": 0,
      "node-str": "protected"
    },
    {
      "type": "move-subtree",
      "node": {
        "label": "setUp",
        "type": "Invocation"
      },
      "location-before-char-start": 2054,
      "location-before-char-end": 2067,
      "location-after-char-start": 2017,
      "location-after-char-end": 2030,
      "node-str": "setUp"
    },
    {
      "type": "insert-node",
      "node": {
        "label": "\u003d",
        "type": "Assignment"
      },
      "location-after-char-start": 2034,
      "location-after-char-end": 2063,
      "node-str": "\u003d"
    },
    {
      "type": "insert-node",
      "node": {
        "label": "void",
        "type": "RETURN_TYPE"
      },
      "location-after-char-start": 0,
      "location-after-char-end": 0,
      "node-str": "void"
    },
    {
      "type": "insert-node",
      "node": {
        "label": "java.lang.Exception",
        "type": "THROWS"
      },
      "location-after-char-start": 0,
      "location-after-char-end": 0,
      "node-str": "java.lang.Exception"
    },
    {
      "type": "insert-node",
      "node": {
        "label": "protected",
        "type": "Modifier"
      },
      "location-after-char-start": 0,
      "location-after-char-end": 0,
      "node-str": "protected"
    },
    {
      "type": "insert-node",
      "node": {
        "label": "\u003d",
        "type": "Assignment"
      },
      "location-after-char-start": 2378,
      "location-after-char-end": 2395,
      "node-str": "\u003d"
    },
    {
      "type": "move-subtree",
      "node": {
        "label": "tearDown",
        "type": "Invocation"
      },
      "location-before-char-start": 2436,
      "location-before-char-end": 2452,
      "location-after-char-start": 2399,
      "location-after-char-end": 2415,
      "node-str": "tearDown"
    },
    {
      "type": "update-node",
      "node": {
        "label": "CH.ifa.draw.figures.NullFigure()",
        "type": "ConstructorCall"
      },
      "location-before-char-start": 1697,
      "location-before-char-end": 1732,
      "location-after-char-start": 1680,
      "location-after-char-end": 1695,
      "node-str": "org.jhotdraw.figures.NullFigure()"
    },
    {
      "type": "insert-node",
      "node": {
        "label": "nullfigure",
        "type": "FieldWrite"
      },
      "location-after-char-start": 2034,
      "location-after-char-end": 2043,
      "node-str": "nullfigure"
    },
    {
      "type": "insert-node",
      "node": {
        "label": "createInstance",
        "type": "Invocation"
      },
      "location-after-char-start": 2047,
      "location-after-char-end": 2062,
      "node-str": "createInstance"
    },
    {
      "type": "insert-node",
      "node": {
        "label": "nullfigure",
        "type": "FieldWrite"
      },
      "location-after-char-start": 2378,
      "location-after-char-end": 2387,
      "node-str": "nullfigure"
    },
    {
      "type": "insert-node",
      "node": {
        "label": "null",
        "type": "Literal"
      },
      "location-after-char-start": 2391,
      "location-after-char-end": 2394,
      "node-str": "null"
    },
    {
      "type": "insert-node",
      "node": {
        "label": "org.jhotdraw.test.figures.NullFigureTest",
        "type": "TypeAccess"
      },
      "location-after-char-start": 0,
      "location-after-char-end": 0,
      "node-str": "org.jhotdraw.test.figures.NullFigureTest"
    },
    {
      "type": "insert-node",
      "node": {
        "label": "org.jhotdraw.test.figures.NullFigureTest",
        "type": "TypeAccess"
      },
      "location-after-char-start": 0,
      "location-after-char-end": 0,
      "node-str": "org.jhotdraw.test.figures.NullFigureTest"
    },
    {
      "type": "insert-node",
      "node": {
        "label": "org.jhotdraw.test.figures.NullFigureTest",
        "type": "TypeAccess"
      },
      "location-after-char-start": 0,
      "location-after-char-end": 0,
      "node-str": "org.jhotdraw.test.figures.NullFigureTest"
    },
    {
      "type": "delete-node",
      "node": {
        "label": "void",
        "type": "RETURN_TYPE"
      },
      "location-before-char-start": 0,
      "location-before-char-end": 0,
      "node-str": "void"
    },
    {
      "type": "delete-node",
      "node": {
        "label": "java.lang.Exception",
        "type": "THROWS"
      },
      "location-before-char-start": 0,
      "location-before-char-end": 0,
      "node-str": "java.lang.Exception"
    },
    {
      "type": "delete-node",
      "node": {
        "label": "protected",
        "type": "Modifier"
      },
      "location-before-char-start": 0,
      "location-before-char-end": 0,
      "node-str": "protected"
    },
    {
      "type": "delete-node",
      "node": {
        "label": "CH.ifa.draw.test.figures.NullFigureTest",
        "type": "TypeAccess"
      },
      "location-before-char-start": 0,
      "location-before-char-end": 0,
      "node-str": "CH.ifa.draw.test.figures.NullFigureTest"
    },
    {
      "type": "delete-node",
      "node": {
        "label": "nullfigure",
        "type": "FieldWrite"
      },
      "location-before-char-start": 2071,
      "location-before-char-end": 2080,
      "node-str": "nullfigure"
    },
    {
      "type": "delete-node",
      "node": {
        "label": "CH.ifa.draw.test.figures.NullFigureTest",
        "type": "TypeAccess"
      },
      "location-before-char-start": 0,
      "location-before-char-end": 0,
      "node-str": "CH.ifa.draw.test.figures.NullFigureTest"
    },
    {
      "type": "delete-node",
      "node": {
        "label": "createInstance",
        "type": "Invocation"
      },
      "location-before-char-start": 2084,
      "location-before-char-end": 2099,
      "node-str": "createInstance"
    },
    {
      "type": "delete-node",
      "node": {
        "label": "\u003d",
        "type": "Assignment"
      },
      "location-before-char-start": 2071,
      "location-before-char-end": 2100,
      "node-str": "\u003d"
    },
    {
      "type": "delete-node",
      "node": {
        "label": "setUp",
        "type": "Method"
      },
      "location-before-char-start": 1792,
      "location-before-char-end": 2146,
      "node-str": "setUp"
    },
    {
      "type": "delete-node",
      "node": {
        "label": "void",
        "type": "RETURN_TYPE"
      },
      "location-before-char-start": 0,
      "location-before-char-end": 0,
      "node-str": "void"
    },
    {
      "type": "delete-node",
      "node": {
        "label": "java.lang.Exception",
        "type": "THROWS"
      },
      "location-before-char-start": 0,
      "location-before-char-end": 0,
      "node-str": "java.lang.Exception"
    },
    {
      "type": "delete-node",
      "node": {
        "label": "protected",
        "type": "Modifier"
      },
      "location-before-char-start": 0,
      "location-before-char-end": 0,
      "node-str": "protected"
    },
    {
      "type": "delete-node",
      "node": {
        "label": "CH.ifa.draw.test.figures.NullFigureTest",
        "type": "TypeAccess"
      },
      "location-before-char-start": 0,
      "location-before-char-end": 0,
      "node-str": "CH.ifa.draw.test.figures.NullFigureTest"
    },
    {
      "type": "delete-node",
      "node": {
        "label": "nullfigure",
        "type": "FieldWrite"
      },
      "location-before-char-start": 2415,
      "location-before-char-end": 2424,
      "node-str": "nullfigure"
    },
    {
      "type": "delete-node",
      "node": {
        "label": "null",
        "type": "Literal"
      },
      "location-before-char-start": 2428,
      "location-before-char-end": 2431,
      "node-str": "null"
    },
    {
      "type": "delete-node",
      "node": {
        "label": "\u003d",
        "type": "Assignment"
      },
      "location-before-char-start": 2415,
      "location-before-char-end": 2432,
      "node-str": "\u003d"
    },
    {
      "type": "delete-node",
      "node": {
        "label": "tearDown",
        "type": "Method"
      },
      "location-before-char-start": 2150,
      "location-before-char-end": 2501,
      "node-str": "tearDown"
    }
  ],
  "before-file": {},
  "after-file": {},
  "mapping": {}
}