{
  "tool-info": {},
  "diff": [
    {
      "type": "insert-node",
      "node": {
        "label": "",
        "type": "PackageDeclaration"
      },
      "location-after-char-start": 707,
      "location-after-char-end": 747,
      "node-str": ""
    },
    {
      "type": "insert-node",
      "node": {
        "label": "",
        "type": "ImportDeclaration"
      },
      "location-after-char-start": 749,
      "location-after-char-end": 781,
      "node-str": ""
    },
    {
      "type": "insert-node",
      "node": {
        "label": "",
        "type": "ImportDeclaration"
      },
      "location-after-char-start": 783,
      "location-after-char-end": 839,
      "node-str": ""
    },
    {
      "type": "insert-node",
      "node": {
        "label": "",
        "type": "ImportDeclaration"
      },
      "location-after-char-start": 840,
      "location-after-char-end": 893,
      "node-str": ""
    },
    {
      "type": "insert-node",
      "node": {
        "label": "",
        "type": "ImportDeclaration"
      },
      "location-after-char-start": 894,
      "location-after-char-end": 949,
      "node-str": ""
    },
    {
      "type": "insert-node",
      "node": {
        "label": "",
        "type": "ImportDeclaration"
      },
      "location-after-char-start": 951,
      "location-after-char-end": 1006,
      "node-str": ""
    },
    {
      "type": "insert-node",
      "node": {
        "label": "",
        "type": "ImportDeclaration"
      },
      "location-after-char-start": 1007,
      "location-after-char-end": 1052,
      "node-str": ""
    },
    {
      "type": "insert-node",
      "node": {
        "label": "",
        "type": "ImportDeclaration"
      },
      "location-after-char-start": 1053,
      "location-after-char-end": 1100,
      "node-str": ""
    },
    {
      "type": "insert-node",
      "node": {
        "label": "",
        "type": "ImportDeclaration"
      },
      "location-after-char-start": 1101,
      "location-after-char-end": 1164,
      "node-str": ""
    },
    {
      "type": "insert-node",
      "node": {
        "label": "",
        "type": "ImportDeclaration"
      },
      "location-after-char-start": 1165,
      "location-after-char-end": 1208,
      "node-str": ""
    },
    {
      "type": "insert-node",
      "node": {
        "label": "",
        "type": "TypeDeclaration"
      },
      "location-after-char-start": 1211,
      "location-after-char-end": 4631,
      "node-str": ""
    },
    {
      "type": "insert-node",
      "node": {
        "label": "org.columba.mail.folder.command",
        "type": "QualifiedName"
      },
      "location-after-char-start": 715,
      "location-after-char-end": 746,
      "node-str": "org.columba.mail.folder.command"
    },
    {
      "type": "insert-node",
      "node": {
        "label": "java.util.logging.Logger",
        "type": "QualifiedName"
      },
      "location-after-char-start": 756,
      "location-after-char-end": 780,
      "node-str": "java.util.logging.Logger"
    },
    {
      "type": "insert-node",
      "node": {
        "label": "org.columba.core.command.DefaultCommandReference",
        "type": "QualifiedName"
      },
      "location-after-char-start": 790,
      "location-after-char-end": 838,
      "node-str": "org.columba.core.command.DefaultCommandReference"
    },
    {
      "type": "insert-node",
      "node": {
        "label": "org.columba.core.command.StatusObservableImpl",
        "type": "QualifiedName"
      },
      "location-after-char-start": 847,
      "location-after-char-end": 892,
      "node-str": "org.columba.core.command.StatusObservableImpl"
    },
    {
      "type": "insert-node",
      "node": {
        "label": "org.columba.core.command.WorkerStatusController",
        "type": "QualifiedName"
      },
      "location-after-char-start": 901,
      "location-after-char-end": 948,
      "node-str": "org.columba.core.command.WorkerStatusController"
    },
    {
      "type": "insert-node",
      "node": {
        "label": "org.columba.mail.command.FolderCommandReference",
        "type": "QualifiedName"
      },
      "location-after-char-start": 958,
      "location-after-char-end": 1005,
      "node-str": "org.columba.mail.command.FolderCommandReference"
    },
    {
      "type": "insert-node",
      "node": {
        "label": "org.columba.mail.folder.MessageFolder",
        "type": "QualifiedName"
      },
      "location-after-char-start": 1014,
      "location-after-char-end": 1051,
      "node-str": "org.columba.mail.folder.MessageFolder"
    },
    {
      "type": "insert-node",
      "node": {
        "label": "org.columba.mail.gui.frame.TableUpdater",
        "type": "QualifiedName"
      },
      "location-after-char-start": 1060,
      "location-after-char-end": 1099,
      "node-str": "org.columba.mail.gui.frame.TableUpdater"
    },
    {
      "type": "insert-node",
      "node": {
        "label": "org.columba.mail.gui.table.model.TableModelChangedEvent",
        "type": "QualifiedName"
      },
      "location-after-char-start": 1108,
      "location-after-char-end": 1163,
      "node-str": "org.columba.mail.gui.table.model.TableModelChangedEvent"
    },
    {
      "type": "insert-node",
      "node": {
        "label": "org.columba.mail.main.MailInterface",
        "type": "QualifiedName"
      },
      "location-after-char-start": 1172,
      "location-after-char-end": 1207,
      "node-str": "org.columba.mail.main.MailInterface"
    },
    {
      "type": "move-subtree",
      "node": {
        "label": "",
        "type": "Javadoc"
      },
      "location-before-char-start": 1211,
      "location-before-char-end": 1364,
      "location-after-char-start": 1211,
      "location-after-char-end": 1364,
      "node-str": ""
    },
    {
      "type": "insert-node",
      "node": {
        "label": "public",
        "type": "Modifier"
      },
      "location-after-char-start": 1365,
      "location-after-char-end": 1371,
      "node-str": "public"
    },
    {
      "type": "insert-node",
      "node": {
        "label": "class",
        "type": "TYPE_DECLARATION_KIND"
      },
      "location-after-char-start": 1372,
      "location-after-char-end": 1377,
      "node-str": "class"
    },
    {
      "type": "insert-node",
      "node": {
        "label": "MoveMessageCommand",
        "type": "SimpleName"
      },
      "location-after-char-start": 1378,
      "location-after-char-end": 1396,
      "node-str": "MoveMessageCommand"
    },
    {
      "type": "insert-node",
      "node": {
        "label": "",
        "type": "SimpleType"
      },
      "location-after-char-start": 1405,
      "location-after-char-end": 1423,
      "node-str": ""
    },
    {
      "type": "move-subtree",
      "node": {
        "label": "",
        "type": "FieldDeclaration"
      },
      "location-before-char-start": 1431,
      "location-before-char-end": 1581,
      "location-after-char-start": 1431,
      "location-after-char-end": 1581,
      "node-str": ""
    },
    {
      "type": "move-subtree",
      "node": {
        "label": "",
        "type": "MethodDeclaration"
      },
      "location-before-char-start": 1587,
      "location-before-char-end": 1804,
      "location-after-char-start": 1587,
      "location-after-char-end": 1804,
      "node-str": ""
    },
    {
      "type": "move-subtree",
      "node": {
        "label": "",
        "type": "MethodDeclaration"
      },
      "location-before-char-start": 1810,
      "location-before-char-end": 2927,
      "location-after-char-start": 1810,
      "location-after-char-end": 2927,
      "node-str": ""
    },
    {
      "type": "insert-node",
      "node": {
        "label": "",
        "type": "MethodDeclaration"
      },
      "location-after-char-start": 2933,
      "location-after-char-end": 4629,
      "node-str": ""
    },
    {
      "type": "insert-node",
      "node": {
        "label": "CopyMessageCommand",
        "type": "SimpleName"
      },
      "location-after-char-start": 1405,
      "location-after-char-end": 1423,
      "node-str": "CopyMessageCommand"
    },
    {
      "type": "move-subtree",
      "node": {
        "label": "",
        "type": "Javadoc"
      },
      "location-before-char-start": 2933,
      "location-before-char-end": 3005,
      "location-after-char-start": 2933,
      "location-after-char-end": 3005,
      "node-str": ""
    },
    {
      "type": "insert-node",
      "node": {
        "label": "public",
        "type": "Modifier"
      },
      "location-after-char-start": 3010,
      "location-after-char-end": 3016,
      "node-str": "public"
    },
    {
      "type": "insert-node",
      "node": {
        "label": "void",
        "type": "PrimitiveType"
      },
      "location-after-char-start": 3017,
      "location-after-char-end": 3021,
      "node-str": "void"
    },
    {
      "type": "insert-node",
      "node": {
        "label": "execute",
        "type": "SimpleName"
      },
      "location-after-char-start": 3022,
      "location-after-char-end": 3029,
      "node-str": "execute"
    },
    {
      "type": "move-subtree",
      "node": {
        "label": "",
        "type": "SingleVariableDeclaration"
      },
      "location-before-char-start": 3030,
      "location-before-char-end": 3059,
      "location-after-char-start": 3030,
      "location-after-char-end": 3059,
      "node-str": ""
    },
    {
      "type": "insert-node",
      "node": {
        "label": "",
        "type": "SimpleType"
      },
      "location-after-char-start": 3073,
      "location-after-char-end": 3082,
      "node-str": ""
    },
    {
      "type": "insert-node",
      "node": {
        "label": "",
        "type": "Block"
      },
      "location-after-char-start": 3088,
      "location-after-char-end": 4629,
      "node-str": ""
    },
    {
      "type": "insert-node",
      "node": {
        "label": "Exception",
        "type": "SimpleName"
      },
      "location-after-char-start": 3073,
      "location-after-char-end": 3082,
      "node-str": "Exception"
    },
    {
      "type": "insert-node",
      "node": {
        "label": "",
        "type": "ExpressionStatement"
      },
      "location-after-char-start": 3179,
      "location-after-char-end": 3444,
      "node-str": ""
    },
    {
      "type": "move-subtree",
      "node": {
        "label": "",
        "type": "VariableDeclarationStatement"
      },
      "location-before-char-start": 3220,
      "location-before-char-end": 3285,
      "location-after-char-start": 3495,
      "location-after-char-end": 3560,
      "node-str": ""
    },
    {
      "type": "move-subtree",
      "node": {
        "label": "",
        "type": "ForStatement"
      },
      "location-before-char-start": 3333,
      "location-before-char-end": 4394,
      "location-after-char-start": 3604,
      "location-after-char-end": 4623,
      "node-str": ""
    },
    {
      "type": "insert-node",
      "node": {
        "label": "",
        "type": "MethodInvocation"
      },
      "location-after-char-start": 3179,
      "location-after-char-end": 3443,
      "node-str": ""
    },
    {
      "type": "insert-node",
      "node": {
        "label": "doExecute",
        "type": "SimpleName"
      },
      "location-after-char-start": 3179,
      "location-after-char-end": 3188,
      "node-str": "doExecute"
    },
    {
      "type": "insert-node",
      "node": {
        "label": "",
        "type": "METHOD_INVOCATION_ARGUMENTS"
      },
      "location-after-char-start": 3189,
      "location-after-char-end": 3442,
      "node-str": ""
    },
    {
      "type": "insert-node",
      "node": {
        "label": "worker",
        "type": "SimpleName"
      },
      "location-after-char-start": 3189,
      "location-after-char-end": 3195,
      "node-str": "worker"
    },
    {
      "type": "insert-node",
      "node": {
        "label": "\"move_messages\"",
        "type": "StringLiteral"
      },
      "location-after-char-start": 3213,
      "location-after-char-end": 3228,
      "node-str": "\"move_messages\""
    },
    {
      "type": "insert-node",
      "node": {
        "label": "\"err_copy_messages_retry\"",
        "type": "StringLiteral"
      },
      "location-after-char-start": 3246,
      "location-after-char-end": 3271,
      "node-str": "\"err_copy_messages_retry\""
    },
    {
      "type": "insert-node",
      "node": {
        "label": "\"err_copy_messages_ignore\"",
        "type": "StringLiteral"
      },
      "location-after-char-start": 3289,
      "location-after-char-end": 3315,
      "node-str": "\"err_copy_messages_ignore\""
    },
    {
      "type": "insert-node",
      "node": {
        "label": "\"err_move_messages_msg\"",
        "type": "StringLiteral"
      },
      "location-after-char-start": 3333,
      "location-after-char-end": 3356,
      "node-str": "\"err_move_messages_msg\""
    },
    {
      "type": "insert-node",
      "node": {
        "label": "\"err_move_messages_title\"",
        "type": "StringLiteral"
      },
      "location-after-char-start": 3374,
      "location-after-char-end": 3399,
      "node-str": "\"err_move_messages_title\""
    },
    {
      "type": "insert-node",
      "node": {
        "label": "\"move_messages_cancelled\"",
        "type": "StringLiteral"
      },
      "location-after-char-start": 3417,
      "location-after-char-end": 3442,
      "node-str": "\"move_messages_cancelled\""
    },
    {
      "type": "delete-node",
      "node": {
        "label": "org.columba.mail.folder.command",
        "type": "QualifiedName"
      },
      "location-before-char-start": 715,
      "location-before-char-end": 746,
      "node-str": "org.columba.mail.folder.command"
    },
    {
      "type": "delete-node",
      "node": {
        "label": "",
        "type": "PackageDeclaration"
      },
      "location-before-char-start": 707,
      "location-before-char-end": 747,
      "node-str": ""
    },
    {
      "type": "delete-node",
      "node": {
        "label": "java.util.logging.Logger",
        "type": "QualifiedName"
      },
      "location-before-char-start": 756,
      "location-before-char-end": 780,
      "node-str": "java.util.logging.Logger"
    },
    {
      "type": "delete-node",
      "node": {
        "label": "",
        "type": "ImportDeclaration"
      },
      "location-before-char-start": 749,
      "location-before-char-end": 781,
      "node-str": ""
    },
    {
      "type": "delete-node",
      "node": {
        "label": "org.columba.core.command.DefaultCommandReference",
        "type": "QualifiedName"
      },
      "location-before-char-start": 790,
      "location-before-char-end": 838,
      "node-str": "org.columba.core.command.DefaultCommandReference"
    },
    {
      "type": "delete-node",
      "node": {
        "label": "",
        "type": "ImportDeclaration"
      },
      "location-before-char-start": 783,
      "location-before-char-end": 839,
      "node-str": ""
    },
    {
      "type": "delete-node",
      "node": {
        "label": "org.columba.core.command.StatusObservableImpl",
        "type": "QualifiedName"
      },
      "location-before-char-start": 847,
      "location-before-char-end": 892,
      "node-str": "org.columba.core.command.StatusObservableImpl"
    },
    {
      "type": "delete-node",
      "node": {
        "label": "",
        "type": "ImportDeclaration"
      },
      "location-before-char-start": 840,
      "location-before-char-end": 893,
      "node-str": ""
    },
    {
      "type": "delete-node",
      "node": {
        "label": "org.columba.core.command.WorkerStatusController",
        "type": "QualifiedName"
      },
      "location-before-char-start": 901,
      "location-before-char-end": 948,
      "node-str": "org.columba.core.command.WorkerStatusController"
    },
    {
      "type": "delete-node",
      "node": {
        "label": "",
        "type": "ImportDeclaration"
      },
      "location-before-char-start": 894,
      "location-before-char-end": 949,
      "node-str": ""
    },
    {
      "type": "delete-node",
      "node": {
        "label": "org.columba.mail.command.FolderCommandReference",
        "type": "QualifiedName"
      },
      "location-before-char-start": 958,
      "location-before-char-end": 1005,
      "node-str": "org.columba.mail.command.FolderCommandReference"
    },
    {
      "type": "delete-node",
      "node": {
        "label": "",
        "type": "ImportDeclaration"
      },
      "location-before-char-start": 951,
      "location-before-char-end": 1006,
      "node-str": ""
    },
    {
      "type": "delete-node",
      "node": {
        "label": "org.columba.mail.folder.MessageFolder",
        "type": "QualifiedName"
      },
      "location-before-char-start": 1014,
      "location-before-char-end": 1051,
      "node-str": "org.columba.mail.folder.MessageFolder"
    },
    {
      "type": "delete-node",
      "node": {
        "label": "",
        "type": "ImportDeclaration"
      },
      "location-before-char-start": 1007,
      "location-before-char-end": 1052,
      "node-str": ""
    },
    {
      "type": "delete-node",
      "node": {
        "label": "org.columba.mail.gui.frame.TableUpdater",
        "type": "QualifiedName"
      },
      "location-before-char-start": 1060,
      "location-before-char-end": 1099,
      "node-str": "org.columba.mail.gui.frame.TableUpdater"
    },
    {
      "type": "delete-node",
      "node": {
        "label": "",
        "type": "ImportDeclaration"
      },
      "location-before-char-start": 1053,
      "location-before-char-end": 1100,
      "node-str": ""
    },
    {
      "type": "delete-node",
      "node": {
        "label": "org.columba.mail.gui.table.model.TableModelChangedEvent",
        "type": "QualifiedName"
      },
      "location-before-char-start": 1108,
      "location-before-char-end": 1163,
      "node-str": "org.columba.mail.gui.table.model.TableModelChangedEvent"
    },
    {
      "type": "delete-node",
      "node": {
        "label": "",
        "type": "ImportDeclaration"
      },
      "location-before-char-start": 1101,
      "location-before-char-end": 1164,
      "node-str": ""
    },
    {
      "type": "delete-node",
      "node": {
        "label": "org.columba.mail.main.MailInterface",
        "type": "QualifiedName"
      },
      "location-before-char-start": 1172,
      "location-before-char-end": 1207,
      "node-str": "org.columba.mail.main.MailInterface"
    },
    {
      "type": "delete-node",
      "node": {
        "label": "",
        "type": "ImportDeclaration"
      },
      "location-before-char-start": 1165,
      "location-before-char-end": 1208,
      "node-str": ""
    },
    {
      "type": "delete-node",
      "node": {
        "label": "public",
        "type": "Modifier"
      },
      "location-before-char-start": 1365,
      "location-before-char-end": 1371,
      "node-str": "public"
    },
    {
      "type": "delete-node",
      "node": {
        "label": "class",
        "type": "TYPE_DECLARATION_KIND"
      },
      "location-before-char-start": 1372,
      "location-before-char-end": 1377,
      "node-str": "class"
    },
    {
      "type": "delete-node",
      "node": {
        "label": "MoveMessageCommand",
        "type": "SimpleName"
      },
      "location-before-char-start": 1378,
      "location-before-char-end": 1396,
      "node-str": "MoveMessageCommand"
    },
    {
      "type": "delete-node",
      "node": {
        "label": "CopyMessageCommand",
        "type": "SimpleName"
      },
      "location-before-char-start": 1405,
      "location-before-char-end": 1423,
      "node-str": "CopyMessageCommand"
    },
    {
      "type": "delete-node",
      "node": {
        "label": "",
        "type": "SimpleType"
      },
      "location-before-char-start": 1405,
      "location-before-char-end": 1423,
      "node-str": ""
    },
    {
      "type": "delete-node",
      "node": {
        "label": "public",
        "type": "Modifier"
      },
      "location-before-char-start": 3010,
      "location-before-char-end": 3016,
      "node-str": "public"
    },
    {
      "type": "delete-node",
      "node": {
        "label": "void",
        "type": "PrimitiveType"
      },
      "location-before-char-start": 3017,
      "location-before-char-end": 3021,
      "node-str": "void"
    },
    {
      "type": "delete-node",
      "node": {
        "label": "execute",
        "type": "SimpleName"
      },
      "location-before-char-start": 3022,
      "location-before-char-end": 3029,
      "node-str": "execute"
    },
    {
      "type": "delete-node",
      "node": {
        "label": "Exception",
        "type": "SimpleName"
      },
      "location-before-char-start": 3076,
      "location-before-char-end": 3085,
      "node-str": "Exception"
    },
    {
      "type": "delete-node",
      "node": {
        "label": "",
        "type": "SimpleType"
      },
      "location-before-char-start": 3076,
      "location-before-char-end": 3085,
      "node-str": ""
    },
    {
      "type": "delete-node",
      "node": {
        "label": "execute",
        "type": "SimpleName"
      },
      "location-before-char-start": 3156,
      "location-before-char-end": 3163,
      "node-str": "execute"
    },
    {
      "type": "delete-node",
      "node": {
        "label": "worker",
        "type": "SimpleName"
      },
      "location-before-char-start": 3164,
      "location-before-char-end": 3170,
      "node-str": "worker"
    },
    {
      "type": "delete-node",
      "node": {
        "label": "",
        "type": "SuperMethodInvocation"
      },
      "location-before-char-start": 3150,
      "location-before-char-end": 3171,
      "node-str": ""
    },
    {
      "type": "delete-node",
      "node": {
        "label": "",
        "type": "ExpressionStatement"
      },
      "location-before-char-start": 3150,
      "location-before-char-end": 3172,
      "node-str": ""
    },
    {
      "type": "delete-node",
      "node": {
        "label": "",
        "type": "Block"
      },
      "location-before-char-start": 3086,
      "location-before-char-end": 4400,
      "node-str": ""
    },
    {
      "type": "delete-node",
      "node": {
        "label": "",
        "type": "MethodDeclaration"
      },
      "location-before-char-start": 2933,
      "location-before-char-end": 4400,
      "node-str": ""
    },
    {
      "type": "delete-node",
      "node": {
        "label": "",
        "type": "TypeDeclaration"
      },
      "location-before-char-start": 1211,
      "location-before-char-end": 4402,
      "node-str": ""
    }
  ],
  "before-file": {},
  "after-file": {},
  "mapping": {}
}