{
  "tool-info": {},
  "diff": [
    {
      "type": "insert-node",
      "node": {
        "label": "abstract",
        "type": "Modifier"
      },
      "location-after-char-start": 0,
      "location-after-char-end": 0,
      "node-str": "abstract"
    },
    {
      "type": "insert-node",
      "node": {
        "label": "public",
        "type": "Modifier"
      },
      "location-after-char-start": 0,
      "location-after-char-end": 0,
      "node-str": "public"
    },
    {
      "type": "insert-node",
      "node": {
        "label": "",
        "type": "TypeReference"
      },
      "location-after-char-start": 3438,
      "location-after-char-end": 3455,
      "node-str": ""
    },
    {
      "type": "insert-node",
      "node": {
        "label": "activitySet",
        "type": "Field"
      },
      "location-after-char-start": 3489,
      "location-after-char-end": 3520,
      "node-str": "activitySet"
    },
    {
      "type": "insert-node",
      "node": {
        "label": "oldOptionId",
        "type": "Field"
      },
      "location-after-char-start": 3526,
      "location-after-char-end": 3555,
      "node-str": "oldOptionId"
    },
    {
      "type": "insert-node",
      "node": {
        "label": "oldUserId",
        "type": "Field"
      },
      "location-after-char-start": 3561,
      "location-after-char-end": 3588,
      "node-str": "oldUserId"
    },
    {
      "type": "insert-node",
      "node": {
        "label": "oldValue",
        "type": "Field"
      },
      "location-after-char-start": 3594,
      "location-after-char-end": 3617,
      "node-str": "oldValue"
    },
    {
      "type": "insert-node",
      "node": {
        "label": "oldNumericValue",
        "type": "Field"
      },
      "location-after-char-start": 3623,
      "location-after-char-end": 3650,
      "node-str": "oldNumericValue"
    },
    {
      "type": "insert-node",
      "node": {
        "label": "oldOptionIdIsSet",
        "type": "Field"
      },
      "location-after-char-start": 3656,
      "location-after-char-end": 3688,
      "node-str": "oldOptionIdIsSet"
    },
    {
      "type": "insert-node",
      "node": {
        "label": "oldUserIdIsSet",
        "type": "Field"
      },
      "location-after-char-start": 3694,
      "location-after-char-end": 3724,
      "node-str": "oldUserIdIsSet"
    },
    {
      "type": "insert-node",
      "node": {
        "label": "oldValueIsSet",
        "type": "Field"
      },
      "location-after-char-start": 3730,
      "location-after-char-end": 3759,
      "node-str": "oldValueIsSet"
    },
    {
      "type": "insert-node",
      "node": {
        "label": "oldNumericValueIsSet",
        "type": "Field"
      },
      "location-after-char-start": 3765,
      "location-after-char-end": 3801,
      "node-str": "oldNumericValueIsSet"
    },
    {
      "type": "insert-node",
      "node": {
        "label": "chainedValue",
        "type": "Field"
      },
      "location-after-char-start": 3807,
      "location-after-char-end": 3842,
      "node-str": "chainedValue"
    },
    {
      "type": "insert-node",
      "node": {
        "label": "activityDescription",
        "type": "Field"
      },
      "location-after-char-start": 3853,
      "location-after-char-end": 3894,
      "node-str": "activityDescription"
    },
    {
      "type": "insert-node",
      "node": {
        "label": "saveActivity",
        "type": "Field"
      },
      "location-after-char-start": 3900,
      "location-after-char-end": 3936,
      "node-str": "saveActivity"
    },
    {
      "type": "insert-node",
      "node": {
        "label": "org.tigris.scarab.om.BaseAttributeValue",
        "type": "SUPER_TYPE"
      },
      "location-after-char-start": 0,
      "location-after-char-end": 0,
      "node-str": "org.tigris.scarab.om.BaseAttributeValue"
    },
    {
      "type": "insert-node",
      "node": {
        "label": "org.tigris.scarab.om.ActivitySet",
        "type": "VARIABLE_TYPE"
      },
      "location-after-char-start": 0,
      "location-after-char-end": 0,
      "node-str": "org.tigris.scarab.om.ActivitySet"
    },
    {
      "type": "insert-node",
      "node": {
        "label": "org.apache.torque.om.NumberKey",
        "type": "VARIABLE_TYPE"
      },
      "location-after-char-start": 0,
      "location-after-char-end": 0,
      "node-str": "org.apache.torque.om.NumberKey"
    },
    {
      "type": "insert-node",
      "node": {
        "label": "org.apache.torque.om.NumberKey",
        "type": "VARIABLE_TYPE"
      },
      "location-after-char-start": 0,
      "location-after-char-end": 0,
      "node-str": "org.apache.torque.om.NumberKey"
    },
    {
      "type": "insert-node",
      "node": {
        "label": "java.lang.String",
        "type": "VARIABLE_TYPE"
      },
      "location-after-char-start": 0,
      "location-after-char-end": 0,
      "node-str": "java.lang.String"
    },
    {
      "type": "insert-node",
      "node": {
        "label": "int",
        "type": "VARIABLE_TYPE"
      },
      "location-after-char-start": 0,
      "location-after-char-end": 0,
      "node-str": "int"
    },
    {
      "type": "insert-node",
      "node": {
        "label": "boolean",
        "type": "VARIABLE_TYPE"
      },
      "location-after-char-start": 0,
      "location-after-char-end": 0,
      "node-str": "boolean"
    },
    {
      "type": "insert-node",
      "node": {
        "label": "boolean",
        "type": "VARIABLE_TYPE"
      },
      "location-after-char-start": 0,
      "location-after-char-end": 0,
      "node-str": "boolean"
    },
    {
      "type": "insert-node",
      "node": {
        "label": "boolean",
        "type": "VARIABLE_TYPE"
      },
      "location-after-char-start": 0,
      "location-after-char-end": 0,
      "node-str": "boolean"
    },
    {
      "type": "insert-node",
      "node": {
        "label": "boolean",
        "type": "VARIABLE_TYPE"
      },
      "location-after-char-start": 0,
      "location-after-char-end": 0,
      "node-str": "boolean"
    },
    {
      "type": "insert-node",
      "node": {
        "label": "org.tigris.scarab.om.AttributeValue",
        "type": "VARIABLE_TYPE"
      },
      "location-after-char-start": 0,
      "location-after-char-end": 0,
      "node-str": "org.tigris.scarab.om.AttributeValue"
    },
    {
      "type": "insert-node",
      "node": {
        "label": "java.lang.String",
        "type": "VARIABLE_TYPE"
      },
      "location-after-char-start": 0,
      "location-after-char-end": 0,
      "node-str": "java.lang.String"
    },
    {
      "type": "insert-node",
      "node": {
        "label": "null",
        "type": "Literal"
      },
      "location-after-char-start": 3890,
      "location-after-char-end": 3893,
      "node-str": "null"
    },
    {
      "type": "insert-node",
      "node": {
        "label": "org.tigris.scarab.om.Activity",
        "type": "VARIABLE_TYPE"
      },
      "location-after-char-start": 0,
      "location-after-char-end": 0,
      "node-str": "org.tigris.scarab.om.Activity"
    },
    {
      "type": "insert-node",
      "node": {
        "label": "null",
        "type": "Literal"
      },
      "location-after-char-start": 3932,
      "location-after-char-end": 3935,
      "node-str": "null"
    },
    {
      "type": "update-node",
      "node": {
        "label": "crit",
        "type": "LocalVariable"
      },
      "location-before-char-start": 8693,
      "location-before-char-end": 8723,
      "location-after-char-start": 8693,
      "location-after-char-end": 8711,
      "node-str": "result"
    },
    {
      "type": "insert-node",
      "node": {
        "label": "issue",
        "type": "LocalVariable"
      },
      "location-after-char-start": 8721,
      "location-after-char-end": 8745,
      "node-str": "issue"
    },
    {
      "type": "insert-node",
      "node": {
        "label": "if",
        "type": "If"
      },
      "location-after-char-start": 8755,
      "location-after-char-end": 8882,
      "node-str": "if"
    },
    {
      "type": "update-node",
      "node": {
        "label": "org.apache.torque.util.Criteria",
        "type": "VARIABLE_TYPE"
      },
      "location-before-char-start": 0,
      "location-before-char-end": 0,
      "location-after-char-start": 0,
      "location-after-char-end": 0,
      "node-str": "java.util.List"
    },
    {
      "type": "insert-node",
      "node": {
        "label": "null",
        "type": "Literal"
      },
      "location-after-char-start": 8707,
      "location-after-char-end": 8710,
      "node-str": "null"
    },
    {
      "type": "insert-node",
      "node": {
        "label": "org.tigris.scarab.om.Issue",
        "type": "VARIABLE_TYPE"
      },
      "location-after-char-start": 0,
      "location-after-char-end": 0,
      "node-str": "org.tigris.scarab.om.Issue"
    },
    {
      "type": "update-node",
      "node": {
        "label": "getIssueId",
        "type": "Invocation"
      },
      "location-before-char-start": 8765,
      "location-before-char-end": 8776,
      "location-after-char-start": 8735,
      "location-after-char-end": 8744,
      "node-str": "getIssue"
    },
    {
      "type": "move-subtree",
      "node": {
        "label": "getIssueId",
        "type": "Invocation"
      },
      "location-before-char-start": 8765,
      "location-before-char-end": 8776,
      "location-after-char-start": 8735,
      "location-after-char-end": 8744,
      "node-str": "getIssue"
    },
    {
      "type": "insert-node",
      "node": {
        "label": "NE",
        "type": "BinaryOperator"
      },
      "location-after-char-start": 8759,
      "location-after-char-end": 8771,
      "node-str": "NE"
    },
    {
      "type": "insert-node",
      "node": {
        "label": "THEN",
        "type": "then"
      },
      "location-after-char-start": 8782,
      "location-after-char-end": 8882,
      "node-str": "THEN"
    },
    {
      "type": "insert-node",
      "node": {
        "label": "AND",
        "type": "BinaryOperator"
      },
      "location-after-char-start": 8896,
      "location-after-char-end": 8930,
      "node-str": "AND"
    },
    {
      "type": "insert-node",
      "node": {
        "label": "issue",
        "type": "VariableRead"
      },
      "location-after-char-start": 8759,
      "location-after-char-end": 8763,
      "node-str": "issue"
    },
    {
      "type": "insert-node",
      "node": {
        "label": "null",
        "type": "Literal"
      },
      "location-after-char-start": 8768,
      "location-after-char-end": 8771,
      "node-str": "null"
    },
    {
      "type": "insert-node",
      "node": {
        "label": "\u003d",
        "type": "Assignment"
      },
      "location-after-char-start": 8796,
      "location-after-char-end": 8872,
      "node-str": "\u003d"
    },
    {
      "type": "insert-node",
      "node": {
        "label": "NE",
        "type": "BinaryOperator"
      },
      "location-after-char-start": 8896,
      "location-after-char-end": 8909,
      "node-str": "NE"
    },
    {
      "type": "move-subtree",
      "node": {
        "label": "GT",
        "type": "BinaryOperator"
      },
      "location-before-char-start": 8953,
      "location-before-char-end": 8969,
      "location-after-char-start": 8914,
      "location-after-char-end": 8930,
      "node-str": "GT"
    },
    {
      "type": "update-node",
      "node": {
        "label": "\"Cannot start a activitySet using null ActivitySet\"",
        "type": "Literal"
      },
      "location-before-char-start": 7741,
      "location-before-char-end": 7791,
      "location-after-char-start": 7741,
      "location-after-char-end": 7791,
      "node-str": "\"Cannot start a ActivitySet using null ActivitySet\""
    },
    {
      "type": "insert-node",
      "node": {
        "label": "result",
        "type": "VariableWrite"
      },
      "location-after-char-start": 8796,
      "location-after-char-end": 8801,
      "node-str": "result"
    },
    {
      "type": "update-node",
      "node": {
        "label": "add",
        "type": "Invocation"
      },
      "location-before-char-start": 8788,
      "location-before-char-end": 8841,
      "location-after-char-start": 8805,
      "location-after-char-end": 8871,
      "node-str": "getActivitiesWithNullEndDate"
    },
    {
      "type": "move-subtree",
      "node": {
        "label": "add",
        "type": "Invocation"
      },
      "location-before-char-start": 8788,
      "location-before-char-end": 8841,
      "location-after-char-start": 8805,
      "location-after-char-end": 8871,
      "node-str": "getActivitiesWithNullEndDate"
    },
    {
      "type": "update-node",
      "node": {
        "label": "crit",
        "type": "VariableRead"
      },
      "location-before-char-start": 8851,
      "location-before-char-end": 8854,
      "location-after-char-start": 8896,
      "location-after-char-end": 8901,
      "node-str": "result"
    },
    {
      "type": "move-subtree",
      "node": {
        "label": "crit",
        "type": "VariableRead"
      },
      "location-before-char-start": 8851,
      "location-before-char-end": 8854,
      "location-after-char-start": 8896,
      "location-after-char-end": 8901,
      "node-str": "result"
    },
    {
      "type": "move-subtree",
      "node": {
        "label": "null",
        "type": "Literal"
      },
      "location-before-char-start": 8883,
      "location-before-char-end": 8886,
      "location-after-char-start": 8906,
      "location-after-char-end": 8909,
      "node-str": "null"
    },
    {
      "type": "update-node",
      "node": {
        "label": "crit",
        "type": "VariableRead"
      },
      "location-before-char-start": 8788,
      "location-before-char-end": 8791,
      "location-after-char-start": 8805,
      "location-after-char-end": 8809,
      "node-str": "issue"
    },
    {
      "type": "update-node",
      "node": {
        "label": "getAttributeId",
        "type": "Invocation"
      },
      "location-before-char-start": 8824,
      "location-before-char-end": 8839,
      "location-after-char-start": 8857,
      "location-after-char-end": 8870,
      "node-str": "getAttribute"
    },
    {
      "type": "delete-node",
      "node": {
        "label": "abstract",
        "type": "Modifier"
      },
      "location-before-char-start": 0,
      "location-before-char-end": 0,
      "node-str": "abstract"
    },
    {
      "type": "delete-node",
      "node": {
        "label": "public",
        "type": "Modifier"
      },
      "location-before-char-start": 0,
      "location-before-char-end": 0,
      "node-str": "public"
    },
    {
      "type": "delete-node",
      "node": {
        "label": "org.tigris.scarab.om.BaseAttributeValue",
        "type": "SUPER_TYPE"
      },
      "location-before-char-start": 0,
      "location-before-char-end": 0,
      "node-str": "org.tigris.scarab.om.BaseAttributeValue"
    },
    {
      "type": "delete-node",
      "node": {
        "label": "",
        "type": "TypeReference"
      },
      "location-before-char-start": 3438,
      "location-before-char-end": 3455,
      "node-str": ""
    },
    {
      "type": "delete-node",
      "node": {
        "label": "org.tigris.scarab.om.ActivitySet",
        "type": "VARIABLE_TYPE"
      },
      "location-before-char-start": 0,
      "location-before-char-end": 0,
      "node-str": "org.tigris.scarab.om.ActivitySet"
    },
    {
      "type": "delete-node",
      "node": {
        "label": "activitySet",
        "type": "Field"
      },
      "location-before-char-start": 3489,
      "location-before-char-end": 3520,
      "node-str": "activitySet"
    },
    {
      "type": "delete-node",
      "node": {
        "label": "org.apache.torque.om.NumberKey",
        "type": "VARIABLE_TYPE"
      },
      "location-before-char-start": 0,
      "location-before-char-end": 0,
      "node-str": "org.apache.torque.om.NumberKey"
    },
    {
      "type": "delete-node",
      "node": {
        "label": "oldOptionId",
        "type": "Field"
      },
      "location-before-char-start": 3526,
      "location-before-char-end": 3555,
      "node-str": "oldOptionId"
    },
    {
      "type": "delete-node",
      "node": {
        "label": "org.apache.torque.om.NumberKey",
        "type": "VARIABLE_TYPE"
      },
      "location-before-char-start": 0,
      "location-before-char-end": 0,
      "node-str": "org.apache.torque.om.NumberKey"
    },
    {
      "type": "delete-node",
      "node": {
        "label": "oldUserId",
        "type": "Field"
      },
      "location-before-char-start": 3561,
      "location-before-char-end": 3588,
      "node-str": "oldUserId"
    },
    {
      "type": "delete-node",
      "node": {
        "label": "java.lang.String",
        "type": "VARIABLE_TYPE"
      },
      "location-before-char-start": 0,
      "location-before-char-end": 0,
      "node-str": "java.lang.String"
    },
    {
      "type": "delete-node",
      "node": {
        "label": "oldValue",
        "type": "Field"
      },
      "location-before-char-start": 3594,
      "location-before-char-end": 3617,
      "node-str": "oldValue"
    },
    {
      "type": "delete-node",
      "node": {
        "label": "int",
        "type": "VARIABLE_TYPE"
      },
      "location-before-char-start": 0,
      "location-before-char-end": 0,
      "node-str": "int"
    },
    {
      "type": "delete-node",
      "node": {
        "label": "oldNumericValue",
        "type": "Field"
      },
      "location-before-char-start": 3623,
      "location-before-char-end": 3650,
      "node-str": "oldNumericValue"
    },
    {
      "type": "delete-node",
      "node": {
        "label": "boolean",
        "type": "VARIABLE_TYPE"
      },
      "location-before-char-start": 0,
      "location-before-char-end": 0,
      "node-str": "boolean"
    },
    {
      "type": "delete-node",
      "node": {
        "label": "oldOptionIdIsSet",
        "type": "Field"
      },
      "location-before-char-start": 3656,
      "location-before-char-end": 3688,
      "node-str": "oldOptionIdIsSet"
    },
    {
      "type": "delete-node",
      "node": {
        "label": "boolean",
        "type": "VARIABLE_TYPE"
      },
      "location-before-char-start": 0,
      "location-before-char-end": 0,
      "node-str": "boolean"
    },
    {
      "type": "delete-node",
      "node": {
        "label": "oldUserIdIsSet",
        "type": "Field"
      },
      "location-before-char-start": 3694,
      "location-before-char-end": 3724,
      "node-str": "oldUserIdIsSet"
    },
    {
      "type": "delete-node",
      "node": {
        "label": "boolean",
        "type": "VARIABLE_TYPE"
      },
      "location-before-char-start": 0,
      "location-before-char-end": 0,
      "node-str": "boolean"
    },
    {
      "type": "delete-node",
      "node": {
        "label": "oldValueIsSet",
        "type": "Field"
      },
      "location-before-char-start": 3730,
      "location-before-char-end": 3759,
      "node-str": "oldValueIsSet"
    },
    {
      "type": "delete-node",
      "node": {
        "label": "boolean",
        "type": "VARIABLE_TYPE"
      },
      "location-before-char-start": 0,
      "location-before-char-end": 0,
      "node-str": "boolean"
    },
    {
      "type": "delete-node",
      "node": {
        "label": "oldNumericValueIsSet",
        "type": "Field"
      },
      "location-before-char-start": 3765,
      "location-before-char-end": 3801,
      "node-str": "oldNumericValueIsSet"
    },
    {
      "type": "delete-node",
      "node": {
        "label": "org.tigris.scarab.om.AttributeValue",
        "type": "VARIABLE_TYPE"
      },
      "location-before-char-start": 0,
      "location-before-char-end": 0,
      "node-str": "org.tigris.scarab.om.AttributeValue"
    },
    {
      "type": "delete-node",
      "node": {
        "label": "chainedValue",
        "type": "Field"
      },
      "location-before-char-start": 3807,
      "location-before-char-end": 3842,
      "node-str": "chainedValue"
    },
    {
      "type": "delete-node",
      "node": {
        "label": "java.lang.String",
        "type": "VARIABLE_TYPE"
      },
      "location-before-char-start": 0,
      "location-before-char-end": 0,
      "node-str": "java.lang.String"
    },
    {
      "type": "delete-node",
      "node": {
        "label": "null",
        "type": "Literal"
      },
      "location-before-char-start": 3890,
      "location-before-char-end": 3893,
      "node-str": "null"
    },
    {
      "type": "delete-node",
      "node": {
        "label": "activityDescription",
        "type": "Field"
      },
      "location-before-char-start": 3853,
      "location-before-char-end": 3894,
      "node-str": "activityDescription"
    },
    {
      "type": "delete-node",
      "node": {
        "label": "org.tigris.scarab.om.Activity",
        "type": "VARIABLE_TYPE"
      },
      "location-before-char-start": 0,
      "location-before-char-end": 0,
      "node-str": "org.tigris.scarab.om.Activity"
    },
    {
      "type": "delete-node",
      "node": {
        "label": "null",
        "type": "Literal"
      },
      "location-before-char-start": 3932,
      "location-before-char-end": 3935,
      "node-str": "null"
    },
    {
      "type": "delete-node",
      "node": {
        "label": "saveActivity",
        "type": "Field"
      },
      "location-before-char-start": 3900,
      "location-before-char-end": 3936,
      "node-str": "saveActivity"
    },
    {
      "type": "delete-node",
      "node": {
        "label": "org.apache.torque.util.Criteria()",
        "type": "ConstructorCall"
      },
      "location-before-char-start": 8709,
      "location-before-char-end": 8722,
      "node-str": "org.apache.torque.util.Criteria()"
    },
    {
      "type": "delete-node",
      "node": {
        "label": "ActivityPeer.ATTRIBUTE_ID",
        "type": "TypeAccess"
      },
      "location-before-char-start": 8797,
      "location-before-char-end": 8821,
      "node-str": "ActivityPeer.ATTRIBUTE_ID"
    },
    {
      "type": "delete-node",
      "node": {
        "label": "crit",
        "type": "VariableRead"
      },
      "location-before-char-start": 8733,
      "location-before-char-end": 8736,
      "node-str": "crit"
    },
    {
      "type": "delete-node",
      "node": {
        "label": "ActivityPeer.ISSUE_ID",
        "type": "TypeAccess"
      },
      "location-before-char-start": 8742,
      "location-before-char-end": 8762,
      "node-str": "ActivityPeer.ISSUE_ID"
    },
    {
      "type": "delete-node",
      "node": {
        "label": "add",
        "type": "Invocation"
      },
      "location-before-char-start": 8733,
      "location-before-char-end": 8778,
      "node-str": "add"
    },
    {
      "type": "delete-node",
      "node": {
        "label": "ActivityPeer.END_DATE",
        "type": "TypeAccess"
      },
      "location-before-char-start": 8860,
      "location-before-char-end": 8880,
      "node-str": "ActivityPeer.END_DATE"
    },
    {
      "type": "delete-node",
      "node": {
        "label": "add",
        "type": "Invocation"
      },
      "location-before-char-start": 8851,
      "location-before-char-end": 8888,
      "node-str": "add"
    },
    {
      "type": "delete-node",
      "node": {
        "label": "java.util.List",
        "type": "VARIABLE_TYPE"
      },
      "location-before-char-start": 0,
      "location-before-char-end": 0,
      "node-str": "java.util.List"
    },
    {
      "type": "delete-node",
      "node": {
        "label": "org.tigris.scarab.om.ActivityPeer",
        "type": "TypeAccess"
      },
      "location-before-char-start": 8912,
      "location-before-char-end": 8923,
      "node-str": "org.tigris.scarab.om.ActivityPeer"
    },
    {
      "type": "delete-node",
      "node": {
        "label": "crit",
        "type": "VariableRead"
      },
      "location-before-char-start": 8934,
      "location-before-char-end": 8937,
      "node-str": "crit"
    },
    {
      "type": "delete-node",
      "node": {
        "label": "doSelect",
        "type": "Invocation"
      },
      "location-before-char-start": 8912,
      "location-before-char-end": 8938,
      "node-str": "doSelect"
    },
    {
      "type": "delete-node",
      "node": {
        "label": "result",
        "type": "LocalVariable"
      },
      "location-before-char-start": 8898,
      "location-before-char-end": 8939,
      "node-str": "result"
    }
  ],
  "before-file": {},
  "after-file": {},
  "mapping": {}
}