{
  "tool-info": {},
  "diff": [
    {
      "type": "insert-node",
      "node": {
        "label": "useFullHashMode",
        "type": "Field"
      },
      "location-after-char-start": 1784,
      "location-after-char-end": 1857,
      "node-str": "useFullHashMode"
    },
    {
      "type": "insert-node",
      "node": {
        "label": "hashMap",
        "type": "Field"
      },
      "location-after-char-start": 1862,
      "location-after-char-end": 1981,
      "node-str": "hashMap"
    },
    {
      "type": "insert-node",
      "node": {
        "label": "getUseFullHashMode",
        "type": "Method"
      },
      "location-after-char-start": 2326,
      "location-after-char-end": 2490,
      "node-str": "getUseFullHashMode"
    },
    {
      "type": "insert-node",
      "node": {
        "label": "setUseFullHashMode",
        "type": "Method"
      },
      "location-after-char-start": 2495,
      "location-after-char-end": 3189,
      "node-str": "setUseFullHashMode"
    },
    {
      "type": "insert-node",
      "node": {
        "label": "getInterfaceHashes",
        "type": "Method"
      },
      "location-after-char-start": 3195,
      "location-after-char-end": 5246,
      "node-str": "getInterfaceHashes"
    },
    {
      "type": "insert-node",
      "node": {
        "label": "getFullInterfaceHashes",
        "type": "Method"
      },
      "location-after-char-start": 5252,
      "location-after-char-end": 7016,
      "node-str": "getFullInterfaceHashes"
    },
    {
      "type": "update-node",
      "node": {
        "label": "getInterfaceHashes",
        "type": "Method"
      },
      "location-before-char-start": 2877,
      "location-before-char-end": 4260,
      "location-after-char-start": 7022,
      "location-after-char-end": 8691,
      "node-str": "methodToHashesMap"
    },
    {
      "type": "insert-node",
      "node": {
        "label": "DeclaredMethodsAction",
        "type": "Class"
      },
      "location-after-char-start": 17356,
      "location-after-char-end": 17671,
      "node-str": "DeclaredMethodsAction"
    },
    {
      "type": "insert-node",
      "node": {
        "label": "boolean",
        "type": "VARIABLE_TYPE"
      },
      "location-after-char-start": 0,
      "location-after-char-end": 0,
      "node-str": "boolean"
    },
    {
      "type": "insert-node",
      "node": {
        "label": "static",
        "type": "Modifier"
      },
      "location-after-char-start": 0,
      "location-after-char-end": 0,
      "node-str": "static"
    },
    {
      "type": "insert-node",
      "node": {
        "label": "false",
        "type": "Literal"
      },
      "location-after-char-start": 1852,
      "location-after-char-end": 1856,
      "node-str": "false"
    },
    {
      "type": "insert-node",
      "node": {
        "label": "java.util.Map",
        "type": "VARIABLE_TYPE"
      },
      "location-after-char-start": 0,
      "location-after-char-end": 0,
      "node-str": "java.util.Map"
    },
    {
      "type": "insert-node",
      "node": {
        "label": "static",
        "type": "Modifier"
      },
      "location-after-char-start": 0,
      "location-after-char-end": 0,
      "node-str": "static"
    },
    {
      "type": "insert-node",
      "node": {
        "label": "java.util.WeakHashMap()",
        "type": "ConstructorCall"
      },
      "location-after-char-start": 1964,
      "location-after-char-end": 1980,
      "node-str": "java.util.WeakHashMap()"
    },
    {
      "type": "insert-node",
      "node": {
        "label": "protected",
        "type": "Modifier"
      },
      "location-after-char-start": 0,
      "location-after-char-end": 0,
      "node-str": "protected"
    },
    {
      "type": "insert-node",
      "node": {
        "label": "protected",
        "type": "Modifier"
      },
      "location-after-char-start": 0,
      "location-after-char-end": 0,
      "node-str": "protected"
    },
    {
      "type": "insert-node",
      "node": {
        "label": "boolean",
        "type": "RETURN_TYPE"
      },
      "location-after-char-start": 0,
      "location-after-char-end": 0,
      "node-str": "boolean"
    },
    {
      "type": "insert-node",
      "node": {
        "label": "public",
        "type": "Modifier"
      },
      "location-after-char-start": 0,
      "location-after-char-end": 0,
      "node-str": "public"
    },
    {
      "type": "insert-node",
      "node": {
        "label": "static",
        "type": "Modifier"
      },
      "location-after-char-start": 0,
      "location-after-char-end": 0,
      "node-str": "static"
    },
    {
      "type": "insert-node",
      "node": {
        "label": "return",
        "type": "Return"
      },
      "location-after-char-start": 2463,
      "location-after-char-end": 2485,
      "node-str": "return"
    },
    {
      "type": "insert-node",
      "node": {
        "label": "void",
        "type": "RETURN_TYPE"
      },
      "location-after-char-start": 0,
      "location-after-char-end": 0,
      "node-str": "void"
    },
    {
      "type": "insert-node",
      "node": {
        "label": "public",
        "type": "Modifier"
      },
      "location-after-char-start": 0,
      "location-after-char-end": 0,
      "node-str": "public"
    },
    {
      "type": "insert-node",
      "node": {
        "label": "static",
        "type": "Modifier"
      },
      "location-after-char-start": 0,
      "location-after-char-end": 0,
      "node-str": "static"
    },
    {
      "type": "insert-node",
      "node": {
        "label": "flag",
        "type": "Parameter"
      },
      "location-after-char-start": 3137,
      "location-after-char-end": 3148,
      "node-str": "flag"
    },
    {
      "type": "insert-node",
      "node": {
        "label": "\u003d",
        "type": "Assignment"
      },
      "location-after-char-start": 3162,
      "location-after-char-end": 3184,
      "node-str": "\u003d"
    },
    {
      "type": "insert-node",
      "node": {
        "label": "java.util.Map",
        "type": "RETURN_TYPE"
      },
      "location-after-char-start": 0,
      "location-after-char-end": 0,
      "node-str": "java.util.Map"
    },
    {
      "type": "insert-node",
      "node": {
        "label": "public",
        "type": "Modifier"
      },
      "location-after-char-start": 0,
      "location-after-char-end": 0,
      "node-str": "public"
    },
    {
      "type": "move-subtree",
      "node": {
        "label": "static",
        "type": "Modifier"
      },
      "location-before-char-start": 0,
      "location-before-char-end": 0,
      "location-after-char-start": 0,
      "location-after-char-end": 0,
      "node-str": "static"
    },
    {
      "type": "insert-node",
      "node": {
        "label": "intf",
        "type": "Parameter"
      },
      "location-after-char-start": 3643,
      "location-after-char-end": 3652,
      "node-str": "intf"
    },
    {
      "type": "insert-node",
      "node": {
        "label": "methods",
        "type": "LocalVariable"
      },
      "location-after-char-start": 3696,
      "location-after-char-end": 3719,
      "node-str": "methods"
    },
    {
      "type": "insert-node",
      "node": {
        "label": "if",
        "type": "If"
      },
      "location-after-char-start": 3727,
      "location-after-char-end": 3998,
      "node-str": "if"
    },
    {
      "type": "insert-node",
      "node": {
        "label": "map",
        "type": "LocalVariable"
      },
      "location-after-char-start": 4007,
      "location-after-char-end": 4034,
      "node-str": "map"
    },
    {
      "type": "insert-node",
      "node": {
        "label": "",
        "type": "For"
      },
      "location-after-char-start": 4042,
      "location-after-char-end": 5222,
      "node-str": ""
    },
    {
      "type": "insert-node",
      "node": {
        "label": "return",
        "type": "Return"
      },
      "location-after-char-start": 5231,
      "location-after-char-end": 5241,
      "node-str": "return"
    },
    {
      "type": "insert-node",
      "node": {
        "label": "java.util.Map",
        "type": "RETURN_TYPE"
      },
      "location-after-char-start": 0,
      "location-after-char-end": 0,
      "node-str": "java.util.Map"
    },
    {
      "type": "insert-node",
      "node": {
        "label": "public",
        "type": "Modifier"
      },
      "location-after-char-start": 0,
      "location-after-char-end": 0,
      "node-str": "public"
    },
    {
      "type": "insert-node",
      "node": {
        "label": "static",
        "type": "Modifier"
      },
      "location-after-char-start": 0,
      "location-after-char-end": 0,
      "node-str": "static"
    },
    {
      "type": "insert-node",
      "node": {
        "label": "intf",
        "type": "Parameter"
      },
      "location-after-char-start": 5687,
      "location-after-char-end": 5696,
      "node-str": "intf"
    },
    {
      "type": "insert-node",
      "node": {
        "label": "methods",
        "type": "LocalVariable"
      },
      "location-after-char-start": 5740,
      "location-after-char-end": 5763,
      "node-str": "methods"
    },
    {
      "type": "insert-node",
      "node": {
        "label": "if",
        "type": "If"
      },
      "location-after-char-start": 5771,
      "location-after-char-end": 6042,
      "node-str": "if"
    },
    {
      "type": "insert-node",
      "node": {
        "label": "map",
        "type": "LocalVariable"
      },
      "location-after-char-start": 6051,
      "location-after-char-end": 6078,
      "node-str": "map"
    },
    {
      "type": "insert-node",
      "node": {
        "label": "",
        "type": "For"
      },
      "location-after-char-start": 6086,
      "location-after-char-end": 6992,
      "node-str": ""
    },
    {
      "type": "insert-node",
      "node": {
        "label": "return",
        "type": "Return"
      },
      "location-after-char-start": 7001,
      "location-after-char-end": 7011,
      "node-str": "return"
    },
    {
      "type": "update-node",
      "node": {
        "label": "intf",
        "type": "Parameter"
      },
      "location-before-char-start": 3197,
      "location-before-char-end": 3206,
      "location-after-char-start": 7378,
      "location-after-char-end": 7384,
      "node-str": "c"
    },
    {
      "type": "insert-node",
      "node": {
        "label": "methods",
        "type": "LocalVariable"
      },
      "location-after-char-start": 7428,
      "location-after-char-end": 7451,
      "node-str": "methods"
    },
    {
      "type": "insert-node",
      "node": {
        "label": "if",
        "type": "If"
      },
      "location-after-char-start": 7459,
      "location-after-char-end": 7724,
      "node-str": "if"
    },
    {
      "type": "insert-node",
      "node": {
        "label": "static",
        "type": "Modifier"
      },
      "location-after-char-start": 0,
      "location-after-char-end": 0,
      "node-str": "static"
    },
    {
      "type": "insert-node",
      "node": {
        "label": "c",
        "type": "Field"
      },
      "location-after-char-start": 17438,
      "location-after-char-end": 17445,
      "node-str": "c"
    },
    {
      "type": "insert-node",
      "node": {
        "label": "\u003cinit\u003e",
        "type": "Constructor"
      },
      "location-after-char-start": 17453,
      "location-after-char-end": 17519,
      "node-str": "\u003cinit\u003e"
    },
    {
      "type": "insert-node",
      "node": {
        "label": "run",
        "type": "Method"
      },
      "location-after-char-start": 17527,
      "location-after-char-end": 17666,
      "node-str": "run"
    },
    {
      "type": "insert-node",
      "node": {
        "label": "useFullHashMode",
        "type": "FieldRead"
      },
      "location-after-char-start": 2470,
      "location-after-char-end": 2484,
      "node-str": "useFullHashMode"
    },
    {
      "type": "update-node",
      "node": {
        "label": "java.util.Map",
        "type": "VARIABLE_TYPE"
      },
      "location-before-char-start": 0,
      "location-before-char-end": 0,
      "location-after-char-start": 0,
      "location-after-char-end": 0,
      "node-str": "boolean"
    },
    {
      "type": "move-subtree",
      "node": {
        "label": "java.util.Map",
        "type": "VARIABLE_TYPE"
      },
      "location-before-char-start": 0,
      "location-before-char-end": 0,
      "location-after-char-start": 0,
      "location-after-char-end": 0,
      "node-str": "boolean"
    },
    {
      "type": "insert-node",
      "node": {
        "label": "useFullHashMode",
        "type": "FieldWrite"
      },
      "location-after-char-start": 3162,
      "location-after-char-end": 3176,
      "node-str": "useFullHashMode"
    },
    {
      "type": "insert-node",
      "node": {
        "label": "flag",
        "type": "VariableRead"
      },
      "location-after-char-start": 3180,
      "location-after-char-end": 3183,
      "node-str": "flag"
    },
    {
      "type": "insert-node",
      "node": {
        "label": "java.lang.Class",
        "type": "VARIABLE_TYPE"
      },
      "location-after-char-start": 0,
      "location-after-char-end": 0,
      "node-str": "java.lang.Class"
    },
    {
      "type": "insert-node",
      "node": {
        "label": "java.lang.reflect.Method[]",
        "type": "VARIABLE_TYPE"
      },
      "location-after-char-start": 0,
      "location-after-char-end": 0,
      "node-str": "java.lang.reflect.Method[]"
    },
    {
      "type": "insert-node",
      "node": {
        "label": "null",
        "type": "Literal"
      },
      "location-after-char-start": 3715,
      "location-after-char-end": 3718,
      "node-str": "null"
    },
    {
      "type": "insert-node",
      "node": {
        "label": "NE",
        "type": "BinaryOperator"
      },
      "location-after-char-start": 3731,
      "location-after-char-end": 3765,
      "node-str": "NE"
    },
    {
      "type": "insert-node",
      "node": {
        "label": "THEN",
        "type": "then"
      },
      "location-after-char-start": 3775,
      "location-after-char-end": 3925,
      "node-str": "THEN"
    },
    {
      "type": "insert-node",
      "node": {
        "label": "ELSE",
        "type": "else"
      },
      "location-after-char-start": 3944,
      "location-after-char-end": 3998,
      "node-str": "ELSE"
    },
    {
      "type": "insert-node",
      "node": {
        "label": "java.util.HashMap",
        "type": "VARIABLE_TYPE"
      },
      "location-after-char-start": 0,
      "location-after-char-end": 0,
      "node-str": "java.util.HashMap"
    },
    {
      "type": "update-node",
      "node": {
        "label": "java.util.WeakHashMap()",
        "type": "ConstructorCall"
      },
      "location-before-char-start": 2854,
      "location-before-char-end": 2870,
      "location-after-char-start": 4021,
      "location-after-char-end": 4033,
      "node-str": "java.util.HashMap()"
    },
    {
      "type": "move-subtree",
      "node": {
        "label": "java.util.WeakHashMap()",
        "type": "ConstructorCall"
      },
      "location-before-char-start": 2854,
      "location-before-char-end": 2870,
      "location-after-char-start": 4021,
      "location-after-char-end": 4033,
      "node-str": "java.util.HashMap()"
    },
    {
      "type": "insert-node",
      "node": {
        "label": "i",
        "type": "LocalVariable"
      },
      "location-after-char-start": 4047,
      "location-after-char-end": 4055,
      "node-str": "i"
    },
    {
      "type": "insert-node",
      "node": {
        "label": "LT",
        "type": "BinaryOperator"
      },
      "location-after-char-start": 4058,
      "location-after-char-end": 4075,
      "node-str": "LT"
    },
    {
      "type": "insert-node",
      "node": {
        "label": "POSTINC",
        "type": "UnaryOperator"
      },
      "location-after-char-start": 4078,
      "location-after-char-end": 4080,
      "node-str": "POSTINC"
    },
    {
      "type": "insert-node",
      "node": {
        "label": "method",
        "type": "LocalVariable"
      },
      "location-after-char-start": 4100,
      "location-after-char-end": 4126,
      "node-str": "method"
    },
    {
      "type": "insert-node",
      "node": {
        "label": "parameterTypes",
        "type": "LocalVariable"
      },
      "location-after-char-start": 4137,
      "location-after-char-end": 4188,
      "node-str": "parameterTypes"
    },
    {
      "type": "insert-node",
      "node": {
        "label": "methodDesc",
        "type": "LocalVariable"
      },
      "location-after-char-start": 4199,
      "location-after-char-end": 4241,
      "node-str": "methodDesc"
    },
    {
      "type": "insert-node",
      "node": {
        "label": "",
        "type": "For"
      },
      "location-after-char-start": 4252,
      "location-after-char-end": 4380,
      "node-str": ""
    },
    {
      "type": "insert-node",
      "node": {
        "label": "",
        "type": "OperatorAssignment"
      },
      "location-after-char-start": 4391,
      "location-after-char-end": 4448,
      "node-str": ""
    },
    {
      "type": "insert-node",
      "node": {
        "label": "",
        "type": "Try"
      },
      "location-after-char-start": 4460,
      "location-after-char-end": 5214,
      "node-str": ""
    },
    {
      "type": "insert-node",
      "node": {
        "label": "map",
        "type": "VariableRead"
      },
      "location-after-char-start": 5238,
      "location-after-char-end": 5240,
      "node-str": "map"
    },
    {
      "type": "insert-node",
      "node": {
        "label": "java.lang.Class",
        "type": "VARIABLE_TYPE"
      },
      "location-after-char-start": 0,
      "location-after-char-end": 0,
      "node-str": "java.lang.Class"
    },
    {
      "type": "insert-node",
      "node": {
        "label": "java.lang.reflect.Method[]",
        "type": "VARIABLE_TYPE"
      },
      "location-after-char-start": 0,
      "location-after-char-end": 0,
      "node-str": "java.lang.reflect.Method[]"
    },
    {
      "type": "insert-node",
      "node": {
        "label": "null",
        "type": "Literal"
      },
      "location-after-char-start": 5759,
      "location-after-char-end": 5762,
      "node-str": "null"
    },
    {
      "type": "insert-node",
      "node": {
        "label": "NE",
        "type": "BinaryOperator"
      },
      "location-after-char-start": 5775,
      "location-after-char-end": 5809,
      "node-str": "NE"
    },
    {
      "type": "insert-node",
      "node": {
        "label": "THEN",
        "type": "then"
      },
      "location-after-char-start": 5819,
      "location-after-char-end": 5969,
      "node-str": "THEN"
    },
    {
      "type": "insert-node",
      "node": {
        "label": "ELSE",
        "type": "else"
      },
      "location-after-char-start": 5988,
      "location-after-char-end": 6042,
      "node-str": "ELSE"
    },
    {
      "type": "insert-node",
      "node": {
        "label": "java.util.HashMap",
        "type": "VARIABLE_TYPE"
      },
      "location-after-char-start": 0,
      "location-after-char-end": 0,
      "node-str": "java.util.HashMap"
    },
    {
      "type": "insert-node",
      "node": {
        "label": "java.util.HashMap()",
        "type": "ConstructorCall"
      },
      "location-after-char-start": 6065,
      "location-after-char-end": 6077,
      "node-str": "java.util.HashMap()"
    },
    {
      "type": "insert-node",
      "node": {
        "label": "i",
        "type": "LocalVariable"
      },
      "location-after-char-start": 6091,
      "location-after-char-end": 6099,
      "node-str": "i"
    },
    {
      "type": "insert-node",
      "node": {
        "label": "LT",
        "type": "BinaryOperator"
      },
      "location-after-char-start": 6102,
      "location-after-char-end": 6119,
      "node-str": "LT"
    },
    {
      "type": "insert-node",
      "node": {
        "label": "POSTINC",
        "type": "UnaryOperator"
      },
      "location-after-char-start": 6122,
      "location-after-char-end": 6124,
      "node-str": "POSTINC"
    },
    {
      "type": "move-subtree",
      "node": {
        "label": "method",
        "type": "LocalVariable"
      },
      "location-before-char-start": 4820,
      "location-before-char-end": 4846,
      "location-after-char-start": 6144,
      "location-after-char-end": 6170,
      "node-str": "method"
    },
    {
      "type": "insert-node",
      "node": {
        "label": "methodDesc",
        "type": "LocalVariable"
      },
      "location-after-char-start": 6181,
      "location-after-char-end": 6218,
      "node-str": "methodDesc"
    },
    {
      "type": "insert-node",
      "node": {
        "label": "",
        "type": "Try"
      },
      "location-after-char-start": 6230,
      "location-after-char-end": 6984,
      "node-str": ""
    },
    {
      "type": "insert-node",
      "node": {
        "label": "map",
        "type": "VariableRead"
      },
      "location-after-char-start": 7008,
      "location-after-char-end": 7010,
      "node-str": "map"
    },
    {
      "type": "move-subtree",
      "node": {
        "label": "java.lang.reflect.Method[]",
        "type": "VARIABLE_TYPE"
      },
      "location-before-char-start": 0,
      "location-before-char-end": 0,
      "location-after-char-start": 0,
      "location-after-char-end": 0,
      "node-str": "java.lang.reflect.Method[]"
    },
    {
      "type": "insert-node",
      "node": {
        "label": "null",
        "type": "Literal"
      },
      "location-after-char-start": 7447,
      "location-after-char-end": 7450,
      "node-str": "null"
    },
    {
      "type": "insert-node",
      "node": {
        "label": "NE",
        "type": "BinaryOperator"
      },
      "location-after-char-start": 7463,
      "location-after-char-end": 7497,
      "node-str": "NE"
    },
    {
      "type": "insert-node",
      "node": {
        "label": "THEN",
        "type": "then"
      },
      "location-after-char-start": 7507,
      "location-after-char-end": 7654,
      "node-str": "THEN"
    },
    {
      "type": "insert-node",
      "node": {
        "label": "ELSE",
        "type": "else"
      },
      "location-after-char-start": 7673,
      "location-after-char-end": 7724,
      "node-str": "ELSE"
    },
    {
      "type": "insert-node",
      "node": {
        "label": "java.lang.Class",
        "type": "VARIABLE_TYPE"
      },
      "location-after-char-start": 0,
      "location-after-char-end": 0,
      "node-str": "java.lang.Class"
    },
    {
      "type": "insert-node",
      "node": {
        "label": "c",
        "type": "Parameter"
      },
      "location-after-char-start": 17475,
      "location-after-char-end": 17481,
      "node-str": "c"
    },
    {
      "type": "insert-node",
      "node": {
        "label": "\u003d",
        "type": "Assignment"
      },
      "location-after-char-start": 17501,
      "location-after-char-end": 17511,
      "node-str": "\u003d"
    },
    {
      "type": "insert-node",
      "node": {
        "label": "java.lang.Object",
        "type": "RETURN_TYPE"
      },
      "location-after-char-start": 0,
      "location-after-char-end": 0,
      "node-str": "java.lang.Object"
    },
    {
      "type": "insert-node",
      "node": {
        "label": "public",
        "type": "Modifier"
      },
      "location-after-char-start": 0,
      "location-after-char-end": 0,
      "node-str": "public"
    },
    {
      "type": "insert-node",
      "node": {
        "label": "methods",
        "type": "LocalVariable"
      },
      "location-after-char-start": 17564,
      "location-after-char-end": 17605,
      "node-str": "methods"
    },
    {
      "type": "insert-node",
      "node": {
        "label": "\u003d",
        "type": "Assignment"
      },
      "location-after-char-start": 17625,
      "location-after-char-end": 17633,
      "node-str": "\u003d"
    },
    {
      "type": "insert-node",
      "node": {
        "label": "return",
        "type": "Return"
      },
      "location-after-char-start": 17644,
      "location-after-char-end": 17658,
      "node-str": "return"
    },
    {
      "type": "insert-node",
      "node": {
        "label": "getSecurityManager",
        "type": "Invocation"
      },
      "location-after-char-start": 3731,
      "location-after-char-end": 3757,
      "node-str": "getSecurityManager"
    },
    {
      "type": "insert-node",
      "node": {
        "label": "null",
        "type": "Literal"
      },
      "location-after-char-start": 3762,
      "location-after-char-end": 3765,
      "node-str": "null"
    },
    {
      "type": "insert-node",
      "node": {
        "label": "action",
        "type": "LocalVariable"
      },
      "location-after-char-start": 3786,
      "location-after-char-end": 3848,
      "node-str": "action"
    },
    {
      "type": "insert-node",
      "node": {
        "label": "\u003d",
        "type": "Assignment"
      },
      "location-after-char-start": 3859,
      "location-after-char-end": 3917,
      "node-str": "\u003d"
    },
    {
      "type": "insert-node",
      "node": {
        "label": "\u003d",
        "type": "Assignment"
      },
      "location-after-char-start": 3955,
      "location-after-char-end": 3990,
      "node-str": "\u003d"
    },
    {
      "type": "insert-node",
      "node": {
        "label": "int",
        "type": "VARIABLE_TYPE"
      },
      "location-after-char-start": 0,
      "location-after-char-end": 0,
      "node-str": "int"
    },
    {
      "type": "insert-node",
      "node": {
        "label": "0",
        "type": "Literal"
      },
      "location-after-char-start": 4055,
      "location-after-char-end": 4055,
      "node-str": "0"
    },
    {
      "type": "insert-node",
      "node": {
        "label": "i",
        "type": "VariableRead"
      },
      "location-after-char-start": 4058,
      "location-after-char-end": 4058,
      "node-str": "i"
    },
    {
      "type": "insert-node",
      "node": {
        "label": "length",
        "type": "FieldRead"
      },
      "location-after-char-start": 4062,
      "location-after-char-end": 4075,
      "node-str": "length"
    },
    {
      "type": "insert-node",
      "node": {
        "label": "i",
        "type": "VariableWrite"
      },
      "location-after-char-start": 4078,
      "location-after-char-end": 4078,
      "node-str": "i"
    },
    {
      "type": "insert-node",
      "node": {
        "label": "java.lang.reflect.Method",
        "type": "VARIABLE_TYPE"
      },
      "location-after-char-start": 0,
      "location-after-char-end": 0,
      "node-str": "java.lang.reflect.Method"
    },
    {
      "type": "insert-node",
      "node": {
        "label": "",
        "type": "ArrayRead"
      },
      "location-after-char-start": 4116,
      "location-after-char-end": 4125,
      "node-str": ""
    },
    {
      "type": "insert-node",
      "node": {
        "label": "java.lang.Class[]",
        "type": "VARIABLE_TYPE"
      },
      "location-after-char-start": 0,
      "location-after-char-end": 0,
      "node-str": "java.lang.Class[]"
    },
    {
      "type": "insert-node",
      "node": {
        "label": "getParameterTypes",
        "type": "Invocation"
      },
      "location-after-char-start": 4162,
      "location-after-char-end": 4187,
      "node-str": "getParameterTypes"
    },
    {
      "type": "insert-node",
      "node": {
        "label": "java.lang.String",
        "type": "VARIABLE_TYPE"
      },
      "location-after-char-start": 0,
      "location-after-char-end": 0,
      "node-str": "java.lang.String"
    },
    {
      "type": "insert-node",
      "node": {
        "label": "PLUS",
        "type": "BinaryOperator"
      },
      "location-after-char-start": 4219,
      "location-after-char-end": 4240,
      "node-str": "PLUS"
    },
    {
      "type": "insert-node",
      "node": {
        "label": "j",
        "type": "LocalVariable"
      },
      "location-after-char-start": 4257,
      "location-after-char-end": 4265,
      "node-str": "j"
    },
    {
      "type": "insert-node",
      "node": {
        "label": "LT",
        "type": "BinaryOperator"
      },
      "location-after-char-start": 4268,
      "location-after-char-end": 4292,
      "node-str": "LT"
    },
    {
      "type": "insert-node",
      "node": {
        "label": "POSTINC",
        "type": "UnaryOperator"
      },
      "location-after-char-start": 4295,
      "location-after-char-end": 4297,
      "node-str": "POSTINC"
    },
    {
      "type": "insert-node",
      "node": {
        "label": "",
        "type": "OperatorAssignment"
      },
      "location-after-char-start": 4323,
      "location-after-char-end": 4369,
      "node-str": ""
    },
    {
      "type": "insert-node",
      "node": {
        "label": "methodDesc",
        "type": "VariableWrite"
      },
      "location-after-char-start": 4391,
      "location-after-char-end": 4400,
      "node-str": "methodDesc"
    },
    {
      "type": "insert-node",
      "node": {
        "label": "PLUS",
        "type": "BinaryOperator"
      },
      "location-after-char-start": 4405,
      "location-after-char-end": 4447,
      "node-str": "PLUS"
    },
    {
      "type": "insert-node",
      "node": {
        "label": "hash",
        "type": "LocalVariable"
      },
      "location-after-char-start": 4487,
      "location-after-char-end": 4500,
      "node-str": "hash"
    },
    {
      "type": "insert-node",
      "node": {
        "label": "bytearrayoutputstream",
        "type": "LocalVariable"
      },
      "location-after-char-start": 4514,
      "location-after-char-end": 4590,
      "node-str": "bytearrayoutputstream"
    },
    {
      "type": "insert-node",
      "node": {
        "label": "messagedigest",
        "type": "LocalVariable"
      },
      "location-after-char-start": 4604,
      "location-after-char-end": 4666,
      "node-str": "messagedigest"
    },
    {
      "type": "insert-node",
      "node": {
        "label": "dataoutputstream",
        "type": "LocalVariable"
      },
      "location-after-char-start": 4680,
      "location-after-char-end": 4798,
      "node-str": "dataoutputstream"
    },
    {
      "type": "insert-node",
      "node": {
        "label": "writeUTF",
        "type": "Invocation"
      },
      "location-after-char-start": 4812,
      "location-after-char-end": 4849,
      "node-str": "writeUTF"
    },
    {
      "type": "insert-node",
      "node": {
        "label": "flush",
        "type": "Invocation"
      },
      "location-after-char-start": 4863,
      "location-after-char-end": 4887,
      "node-str": "flush"
    },
    {
      "type": "insert-node",
      "node": {
        "label": "abyte0",
        "type": "LocalVariable"
      },
      "location-after-char-start": 4901,
      "location-after-char-end": 4939,
      "node-str": "abyte0"
    },
    {
      "type": "insert-node",
      "node": {
        "label": "",
        "type": "For"
      },
      "location-after-char-start": 4953,
      "location-after-char-end": 5063,
      "node-str": ""
    },
    {
      "type": "insert-node",
      "node": {
        "label": "put",
        "type": "Invocation"
      },
      "location-after-char-start": 5077,
      "location-after-char-end": 5119,
      "node-str": "put"
    },
    {
      "type": "insert-node",
      "node": {
        "label": "",
        "type": "Catch"
      },
      "location-after-char-start": 5131,
      "location-after-char-end": 5214,
      "node-str": ""
    },
    {
      "type": "insert-node",
      "node": {
        "label": "getSecurityManager",
        "type": "Invocation"
      },
      "location-after-char-start": 5775,
      "location-after-char-end": 5801,
      "node-str": "getSecurityManager"
    },
    {
      "type": "insert-node",
      "node": {
        "label": "null",
        "type": "Literal"
      },
      "location-after-char-start": 5806,
      "location-after-char-end": 5809,
      "node-str": "null"
    },
    {
      "type": "insert-node",
      "node": {
        "label": "action",
        "type": "LocalVariable"
      },
      "location-after-char-start": 5830,
      "location-after-char-end": 5892,
      "node-str": "action"
    },
    {
      "type": "insert-node",
      "node": {
        "label": "\u003d",
        "type": "Assignment"
      },
      "location-after-char-start": 5903,
      "location-after-char-end": 5961,
      "node-str": "\u003d"
    },
    {
      "type": "insert-node",
      "node": {
        "label": "\u003d",
        "type": "Assignment"
      },
      "location-after-char-start": 5999,
      "location-after-char-end": 6034,
      "node-str": "\u003d"
    },
    {
      "type": "insert-node",
      "node": {
        "label": "int",
        "type": "VARIABLE_TYPE"
      },
      "location-after-char-start": 0,
      "location-after-char-end": 0,
      "node-str": "int"
    },
    {
      "type": "insert-node",
      "node": {
        "label": "0",
        "type": "Literal"
      },
      "location-after-char-start": 6099,
      "location-after-char-end": 6099,
      "node-str": "0"
    },
    {
      "type": "insert-node",
      "node": {
        "label": "i",
        "type": "VariableRead"
      },
      "location-after-char-start": 6102,
      "location-after-char-end": 6102,
      "node-str": "i"
    },
    {
      "type": "insert-node",
      "node": {
        "label": "length",
        "type": "FieldRead"
      },
      "location-after-char-start": 6106,
      "location-after-char-end": 6119,
      "node-str": "length"
    },
    {
      "type": "insert-node",
      "node": {
        "label": "i",
        "type": "VariableWrite"
      },
      "location-after-char-start": 6122,
      "location-after-char-end": 6122,
      "node-str": "i"
    },
    {
      "type": "insert-node",
      "node": {
        "label": "java.lang.String",
        "type": "VARIABLE_TYPE"
      },
      "location-after-char-start": 0,
      "location-after-char-end": 0,
      "node-str": "java.lang.String"
    },
    {
      "type": "insert-node",
      "node": {
        "label": "toString",
        "type": "Invocation"
      },
      "location-after-char-start": 6201,
      "location-after-char-end": 6217,
      "node-str": "toString"
    },
    {
      "type": "insert-node",
      "node": {
        "label": "hash",
        "type": "LocalVariable"
      },
      "location-after-char-start": 6257,
      "location-after-char-end": 6270,
      "node-str": "hash"
    },
    {
      "type": "insert-node",
      "node": {
        "label": "bytearrayoutputstream",
        "type": "LocalVariable"
      },
      "location-after-char-start": 6284,
      "location-after-char-end": 6360,
      "node-str": "bytearrayoutputstream"
    },
    {
      "type": "move-subtree",
      "node": {
        "label": "messagedigest",
        "type": "LocalVariable"
      },
      "location-before-char-start": 5050,
      "location-before-char-end": 5112,
      "location-after-char-start": 6374,
      "location-after-char-end": 6436,
      "node-str": "messagedigest"
    },
    {
      "type": "move-subtree",
      "node": {
        "label": "dataoutputstream",
        "type": "LocalVariable"
      },
      "location-before-char-start": 5126,
      "location-before-char-end": 5244,
      "location-after-char-start": 6450,
      "location-after-char-end": 6568,
      "node-str": "dataoutputstream"
    },
    {
      "type": "insert-node",
      "node": {
        "label": "writeUTF",
        "type": "Invocation"
      },
      "location-after-char-start": 6582,
      "location-after-char-end": 6619,
      "node-str": "writeUTF"
    },
    {
      "type": "insert-node",
      "node": {
        "label": "flush",
        "type": "Invocation"
      },
      "location-after-char-start": 6633,
      "location-after-char-end": 6657,
      "node-str": "flush"
    },
    {
      "type": "insert-node",
      "node": {
        "label": "abyte0",
        "type": "LocalVariable"
      },
      "location-after-char-start": 6671,
      "location-after-char-end": 6709,
      "node-str": "abyte0"
    },
    {
      "type": "move-subtree",
      "node": {
        "label": "",
        "type": "For"
      },
      "location-before-char-start": 5399,
      "location-before-char-end": 5509,
      "location-after-char-start": 6723,
      "location-after-char-end": 6833,
      "node-str": ""
    },
    {
      "type": "insert-node",
      "node": {
        "label": "put",
        "type": "Invocation"
      },
      "location-after-char-start": 6847,
      "location-after-char-end": 6889,
      "node-str": "put"
    },
    {
      "type": "move-subtree",
      "node": {
        "label": "",
        "type": "Catch"
      },
      "location-before-char-start": 5566,
      "location-before-char-end": 5649,
      "location-after-char-start": 6901,
      "location-after-char-end": 6984,
      "node-str": ""
    },
    {
      "type": "insert-node",
      "node": {
        "label": "getSecurityManager",
        "type": "Invocation"
      },
      "location-after-char-start": 7463,
      "location-after-char-end": 7489,
      "node-str": "getSecurityManager"
    },
    {
      "type": "insert-node",
      "node": {
        "label": "null",
        "type": "Literal"
      },
      "location-after-char-start": 7494,
      "location-after-char-end": 7497,
      "node-str": "null"
    },
    {
      "type": "insert-node",
      "node": {
        "label": "action",
        "type": "LocalVariable"
      },
      "location-after-char-start": 7518,
      "location-after-char-end": 7577,
      "node-str": "action"
    },
    {
      "type": "insert-node",
      "node": {
        "label": "\u003d",
        "type": "Assignment"
      },
      "location-after-char-start": 7588,
      "location-after-char-end": 7646,
      "node-str": "\u003d"
    },
    {
      "type": "insert-node",
      "node": {
        "label": "\u003d",
        "type": "Assignment"
      },
      "location-after-char-start": 7684,
      "location-after-char-end": 7716,
      "node-str": "\u003d"
    },
    {
      "type": "insert-node",
      "node": {
        "label": "if",
        "type": "If"
      },
      "location-after-char-start": 9960,
      "location-after-char-end": 10156,
      "node-str": "if"
    },
    {
      "type": "insert-node",
      "node": {
        "label": "java.lang.Class",
        "type": "VARIABLE_TYPE"
      },
      "location-after-char-start": 0,
      "location-after-char-end": 0,
      "node-str": "java.lang.Class"
    },
    {
      "type": "insert-node",
      "node": {
        "label": "c",
        "type": "FieldWrite"
      },
      "location-after-char-start": 17501,
      "location-after-char-end": 17506,
      "node-str": "c"
    },
    {
      "type": "insert-node",
      "node": {
        "label": "c",
        "type": "VariableRead"
      },
      "location-after-char-start": 17510,
      "location-after-char-end": 17510,
      "node-str": "c"
    },
    {
      "type": "insert-node",
      "node": {
        "label": "java.lang.reflect.Method[]",
        "type": "VARIABLE_TYPE"
      },
      "location-after-char-start": 0,
      "location-after-char-end": 0,
      "node-str": "java.lang.reflect.Method[]"
    },
    {
      "type": "insert-node",
      "node": {
        "label": "getDeclaredMethods",
        "type": "Invocation"
      },
      "location-after-char-start": 17583,
      "location-after-char-end": 17604,
      "node-str": "getDeclaredMethods"
    },
    {
      "type": "insert-node",
      "node": {
        "label": "c",
        "type": "FieldWrite"
      },
      "location-after-char-start": 17625,
      "location-after-char-end": 17625,
      "node-str": "c"
    },
    {
      "type": "insert-node",
      "node": {
        "label": "null",
        "type": "Literal"
      },
      "location-after-char-start": 17629,
      "location-after-char-end": 17632,
      "node-str": "null"
    },
    {
      "type": "insert-node",
      "node": {
        "label": "methods",
        "type": "VariableRead"
      },
      "location-after-char-start": 17651,
      "location-after-char-end": 17657,
      "node-str": "methods"
    },
    {
      "type": "insert-node",
      "node": {
        "label": "java.lang.System",
        "type": "TypeAccess"
      },
      "location-after-char-start": 3731,
      "location-after-char-end": 3736,
      "node-str": "java.lang.System"
    },
    {
      "type": "insert-node",
      "node": {
        "label": "org.jboss.invocation.MarshalledInvocation$DeclaredMethodsAction",
        "type": "VARIABLE_TYPE"
      },
      "location-after-char-start": 0,
      "location-after-char-end": 0,
      "node-str": "org.jboss.invocation.MarshalledInvocation$DeclaredMethodsAction"
    },
    {
      "type": "insert-node",
      "node": {
        "label": "org.jboss.invocation.MarshalledInvocation$DeclaredMethodsAction(java.lang.Class)",
        "type": "ConstructorCall"
      },
      "location-after-char-start": 3817,
      "location-after-char-end": 3847,
      "node-str": "org.jboss.invocation.MarshalledInvocation$DeclaredMethodsAction(java.lang.Class)"
    },
    {
      "type": "insert-node",
      "node": {
        "label": "methods",
        "type": "VariableWrite"
      },
      "location-after-char-start": 3859,
      "location-after-char-end": 3865,
      "node-str": "methods"
    },
    {
      "type": "insert-node",
      "node": {
        "label": "doPrivileged",
        "type": "Invocation"
      },
      "location-after-char-start": 3869,
      "location-after-char-end": 3916,
      "node-str": "doPrivileged"
    },
    {
      "type": "insert-node",
      "node": {
        "label": "methods",
        "type": "VariableWrite"
      },
      "location-after-char-start": 3955,
      "location-after-char-end": 3961,
      "node-str": "methods"
    },
    {
      "type": "insert-node",
      "node": {
        "label": "getDeclaredMethods",
        "type": "Invocation"
      },
      "location-after-char-start": 3965,
      "location-after-char-end": 3989,
      "node-str": "getDeclaredMethods"
    },
    {
      "type": "insert-node",
      "node": {
        "label": "methods",
        "type": "VariableRead"
      },
      "location-after-char-start": 4062,
      "location-after-char-end": 4068,
      "node-str": "methods"
    },
    {
      "type": "insert-node",
      "node": {
        "label": "methods",
        "type": "VariableRead"
      },
      "location-after-char-start": 4116,
      "location-after-char-end": 4122,
      "node-str": "methods"
    },
    {
      "type": "insert-node",
      "node": {
        "label": "i",
        "type": "VariableRead"
      },
      "location-after-char-start": 4124,
      "location-after-char-end": 4124,
      "node-str": "i"
    },
    {
      "type": "insert-node",
      "node": {
        "label": "method",
        "type": "VariableRead"
      },
      "location-after-char-start": 4162,
      "location-after-char-end": 4167,
      "node-str": "method"
    },
    {
      "type": "insert-node",
      "node": {
        "label": "getName",
        "type": "Invocation"
      },
      "location-after-char-start": 4219,
      "location-after-char-end": 4234,
      "node-str": "getName"
    },
    {
      "type": "insert-node",
      "node": {
        "label": "\"(\"",
        "type": "Literal"
      },
      "location-after-char-start": 4238,
      "location-after-char-end": 4240,
      "node-str": "\"(\""
    },
    {
      "type": "insert-node",
      "node": {
        "label": "int",
        "type": "VARIABLE_TYPE"
      },
      "location-after-char-start": 0,
      "location-after-char-end": 0,
      "node-str": "int"
    },
    {
      "type": "insert-node",
      "node": {
        "label": "0",
        "type": "Literal"
      },
      "location-after-char-start": 4265,
      "location-after-char-end": 4265,
      "node-str": "0"
    },
    {
      "type": "insert-node",
      "node": {
        "label": "j",
        "type": "VariableRead"
      },
      "location-after-char-start": 4268,
      "location-after-char-end": 4268,
      "node-str": "j"
    },
    {
      "type": "insert-node",
      "node": {
        "label": "length",
        "type": "FieldRead"
      },
      "location-after-char-start": 4272,
      "location-after-char-end": 4292,
      "node-str": "length"
    },
    {
      "type": "insert-node",
      "node": {
        "label": "j",
        "type": "VariableWrite"
      },
      "location-after-char-start": 4295,
      "location-after-char-end": 4295,
      "node-str": "j"
    },
    {
      "type": "insert-node",
      "node": {
        "label": "methodDesc",
        "type": "VariableWrite"
      },
      "location-after-char-start": 4323,
      "location-after-char-end": 4332,
      "node-str": "methodDesc"
    },
    {
      "type": "insert-node",
      "node": {
        "label": "getTypeString",
        "type": "Invocation"
      },
      "location-after-char-start": 4337,
      "location-after-char-end": 4368,
      "node-str": "getTypeString"
    },
    {
      "type": "insert-node",
      "node": {
        "label": "\")\"",
        "type": "Literal"
      },
      "location-after-char-start": 4405,
      "location-after-char-end": 4407,
      "node-str": "\")\""
    },
    {
      "type": "insert-node",
      "node": {
        "label": "getTypeString",
        "type": "Invocation"
      },
      "location-after-char-start": 4411,
      "location-after-char-end": 4447,
      "node-str": "getTypeString"
    },
    {
      "type": "insert-node",
      "node": {
        "label": "long",
        "type": "VARIABLE_TYPE"
      },
      "location-after-char-start": 0,
      "location-after-char-end": 0,
      "node-str": "long"
    },
    {
      "type": "insert-node",
      "node": {
        "label": "0",
        "type": "Literal"
      },
      "location-after-char-start": 4499,
      "location-after-char-end": 4499,
      "node-str": "0"
    },
    {
      "type": "insert-node",
      "node": {
        "label": "java.io.ByteArrayOutputStream",
        "type": "VARIABLE_TYPE"
      },
      "location-after-char-start": 0,
      "location-after-char-end": 0,
      "node-str": "java.io.ByteArrayOutputStream"
    },
    {
      "type": "insert-node",
      "node": {
        "label": "java.io.ByteArrayOutputStream(int)",
        "type": "ConstructorCall"
      },
      "location-after-char-start": 4560,
      "location-after-char-end": 4589,
      "node-str": "java.io.ByteArrayOutputStream(int)"
    },
    {
      "type": "insert-node",
      "node": {
        "label": "java.security.MessageDigest",
        "type": "VARIABLE_TYPE"
      },
      "location-after-char-start": 0,
      "location-after-char-end": 0,
      "node-str": "java.security.MessageDigest"
    },
    {
      "type": "insert-node",
      "node": {
        "label": "getInstance",
        "type": "Invocation"
      },
      "location-after-char-start": 4634,
      "location-after-char-end": 4665,
      "node-str": "getInstance"
    },
    {
      "type": "insert-node",
      "node": {
        "label": "java.io.DataOutputStream",
        "type": "VARIABLE_TYPE"
      },
      "location-after-char-start": 0,
      "location-after-char-end": 0,
      "node-str": "java.io.DataOutputStream"
    },
    {
      "type": "insert-node",
      "node": {
        "label": "java.io.DataOutputStream(java.io.OutputStream)",
        "type": "ConstructorCall"
      },
      "location-after-char-start": 4716,
      "location-after-char-end": 4797,
      "node-str": "java.io.DataOutputStream(java.io.OutputStream)"
    },
    {
      "type": "insert-node",
      "node": {
        "label": "dataoutputstream",
        "type": "VariableRead"
      },
      "location-after-char-start": 4812,
      "location-after-char-end": 4827,
      "node-str": "dataoutputstream"
    },
    {
      "type": "insert-node",
      "node": {
        "label": "methodDesc",
        "type": "VariableRead"
      },
      "location-after-char-start": 4838,
      "location-after-char-end": 4847,
      "node-str": "methodDesc"
    },
    {
      "type": "insert-node",
      "node": {
        "label": "dataoutputstream",
        "type": "VariableRead"
      },
      "location-after-char-start": 4863,
      "location-after-char-end": 4878,
      "node-str": "dataoutputstream"
    },
    {
      "type": "insert-node",
      "node": {
        "label": "byte[]",
        "type": "VARIABLE_TYPE"
      },
      "location-after-char-start": 0,
      "location-after-char-end": 0,
      "node-str": "byte[]"
    },
    {
      "type": "insert-node",
      "node": {
        "label": "digest",
        "type": "Invocation"
      },
      "location-after-char-start": 4917,
      "location-after-char-end": 4938,
      "node-str": "digest"
    },
    {
      "type": "insert-node",
      "node": {
        "label": "j",
        "type": "LocalVariable"
      },
      "location-after-char-start": 4958,
      "location-after-char-end": 4966,
      "node-str": "j"
    },
    {
      "type": "insert-node",
      "node": {
        "label": "LT",
        "type": "BinaryOperator"
      },
      "location-after-char-start": 4969,
      "location-after-char-end": 4998,
      "node-str": "LT"
    },
    {
      "type": "insert-node",
      "node": {
        "label": "POSTINC",
        "type": "UnaryOperator"
      },
      "location-after-char-start": 5001,
      "location-after-char-end": 5003,
      "node-str": "POSTINC"
    },
    {
      "type": "insert-node",
      "node": {
        "label": "",
        "type": "OperatorAssignment"
      },
      "location-after-char-start": 5021,
      "location-after-char-end": 5063,
      "node-str": ""
    },
    {
      "type": "insert-node",
      "node": {
        "label": "map",
        "type": "VariableRead"
      },
      "location-after-char-start": 5077,
      "location-after-char-end": 5079,
      "node-str": "map"
    },
    {
      "type": "insert-node",
      "node": {
        "label": "toString",
        "type": "Invocation"
      },
      "location-after-char-start": 5085,
      "location-after-char-end": 5101,
      "node-str": "toString"
    },
    {
      "type": "insert-node",
      "node": {
        "label": "java.lang.Long(long)",
        "type": "ConstructorCall"
      },
      "location-after-char-start": 5104,
      "location-after-char-end": 5117,
      "node-str": "java.lang.Long(long)"
    },
    {
      "type": "insert-node",
      "node": {
        "label": "e",
        "type": "CatchVariable"
      },
      "location-after-char-start": 5148,
      "location-after-char-end": 5158,
      "node-str": "e"
    },
    {
      "type": "insert-node",
      "node": {
        "label": "printStackTrace",
        "type": "Invocation"
      },
      "location-after-char-start": 5184,
      "location-after-char-end": 5203,
      "node-str": "printStackTrace"
    },
    {
      "type": "insert-node",
      "node": {
        "label": "java.lang.System",
        "type": "TypeAccess"
      },
      "location-after-char-start": 5775,
      "location-after-char-end": 5780,
      "node-str": "java.lang.System"
    },
    {
      "type": "insert-node",
      "node": {
        "label": "org.jboss.invocation.MarshalledInvocation$DeclaredMethodsAction",
        "type": "VARIABLE_TYPE"
      },
      "location-after-char-start": 0,
      "location-after-char-end": 0,
      "node-str": "org.jboss.invocation.MarshalledInvocation$DeclaredMethodsAction"
    },
    {
      "type": "insert-node",
      "node": {
        "label": "org.jboss.invocation.MarshalledInvocation$DeclaredMethodsAction(java.lang.Class)",
        "type": "ConstructorCall"
      },
      "location-after-char-start": 5861,
      "location-after-char-end": 5891,
      "node-str": "org.jboss.invocation.MarshalledInvocation$DeclaredMethodsAction(java.lang.Class)"
    },
    {
      "type": "insert-node",
      "node": {
        "label": "methods",
        "type": "VariableWrite"
      },
      "location-after-char-start": 5903,
      "location-after-char-end": 5909,
      "node-str": "methods"
    },
    {
      "type": "insert-node",
      "node": {
        "label": "doPrivileged",
        "type": "Invocation"
      },
      "location-after-char-start": 5913,
      "location-after-char-end": 5960,
      "node-str": "doPrivileged"
    },
    {
      "type": "insert-node",
      "node": {
        "label": "methods",
        "type": "VariableWrite"
      },
      "location-after-char-start": 5999,
      "location-after-char-end": 6005,
      "node-str": "methods"
    },
    {
      "type": "insert-node",
      "node": {
        "label": "getDeclaredMethods",
        "type": "Invocation"
      },
      "location-after-char-start": 6009,
      "location-after-char-end": 6033,
      "node-str": "getDeclaredMethods"
    },
    {
      "type": "insert-node",
      "node": {
        "label": "methods",
        "type": "VariableRead"
      },
      "location-after-char-start": 6106,
      "location-after-char-end": 6112,
      "node-str": "methods"
    },
    {
      "type": "insert-node",
      "node": {
        "label": "method",
        "type": "VariableRead"
      },
      "location-after-char-start": 6201,
      "location-after-char-end": 6206,
      "node-str": "method"
    },
    {
      "type": "insert-node",
      "node": {
        "label": "long",
        "type": "VARIABLE_TYPE"
      },
      "location-after-char-start": 0,
      "location-after-char-end": 0,
      "node-str": "long"
    },
    {
      "type": "insert-node",
      "node": {
        "label": "0",
        "type": "Literal"
      },
      "location-after-char-start": 6269,
      "location-after-char-end": 6269,
      "node-str": "0"
    },
    {
      "type": "insert-node",
      "node": {
        "label": "java.io.ByteArrayOutputStream",
        "type": "VARIABLE_TYPE"
      },
      "location-after-char-start": 0,
      "location-after-char-end": 0,
      "node-str": "java.io.ByteArrayOutputStream"
    },
    {
      "type": "insert-node",
      "node": {
        "label": "java.io.ByteArrayOutputStream(int)",
        "type": "ConstructorCall"
      },
      "location-after-char-start": 6330,
      "location-after-char-end": 6359,
      "node-str": "java.io.ByteArrayOutputStream(int)"
    },
    {
      "type": "insert-node",
      "node": {
        "label": "dataoutputstream",
        "type": "VariableRead"
      },
      "location-after-char-start": 6582,
      "location-after-char-end": 6597,
      "node-str": "dataoutputstream"
    },
    {
      "type": "insert-node",
      "node": {
        "label": "methodDesc",
        "type": "VariableRead"
      },
      "location-after-char-start": 6608,
      "location-after-char-end": 6617,
      "node-str": "methodDesc"
    },
    {
      "type": "insert-node",
      "node": {
        "label": "dataoutputstream",
        "type": "VariableRead"
      },
      "location-after-char-start": 6633,
      "location-after-char-end": 6648,
      "node-str": "dataoutputstream"
    },
    {
      "type": "insert-node",
      "node": {
        "label": "byte[]",
        "type": "VARIABLE_TYPE"
      },
      "location-after-char-start": 0,
      "location-after-char-end": 0,
      "node-str": "byte[]"
    },
    {
      "type": "insert-node",
      "node": {
        "label": "digest",
        "type": "Invocation"
      },
      "location-after-char-start": 6687,
      "location-after-char-end": 6708,
      "node-str": "digest"
    },
    {
      "type": "insert-node",
      "node": {
        "label": "map",
        "type": "VariableRead"
      },
      "location-after-char-start": 6847,
      "location-after-char-end": 6849,
      "node-str": "map"
    },
    {
      "type": "insert-node",
      "node": {
        "label": "toString",
        "type": "Invocation"
      },
      "location-after-char-start": 6855,
      "location-after-char-end": 6871,
      "node-str": "toString"
    },
    {
      "type": "insert-node",
      "node": {
        "label": "java.lang.Long(long)",
        "type": "ConstructorCall"
      },
      "location-after-char-start": 6874,
      "location-after-char-end": 6887,
      "node-str": "java.lang.Long(long)"
    },
    {
      "type": "insert-node",
      "node": {
        "label": "java.lang.System",
        "type": "TypeAccess"
      },
      "location-after-char-start": 7463,
      "location-after-char-end": 7468,
      "node-str": "java.lang.System"
    },
    {
      "type": "insert-node",
      "node": {
        "label": "org.jboss.invocation.MarshalledInvocation$DeclaredMethodsAction",
        "type": "VARIABLE_TYPE"
      },
      "location-after-char-start": 0,
      "location-after-char-end": 0,
      "node-str": "org.jboss.invocation.MarshalledInvocation$DeclaredMethodsAction"
    },
    {
      "type": "insert-node",
      "node": {
        "label": "org.jboss.invocation.MarshalledInvocation$DeclaredMethodsAction(java.lang.Class)",
        "type": "ConstructorCall"
      },
      "location-after-char-start": 7549,
      "location-after-char-end": 7576,
      "node-str": "org.jboss.invocation.MarshalledInvocation$DeclaredMethodsAction(java.lang.Class)"
    },
    {
      "type": "insert-node",
      "node": {
        "label": "methods",
        "type": "VariableWrite"
      },
      "location-after-char-start": 7588,
      "location-after-char-end": 7594,
      "node-str": "methods"
    },
    {
      "type": "insert-node",
      "node": {
        "label": "doPrivileged",
        "type": "Invocation"
      },
      "location-after-char-start": 7598,
      "location-after-char-end": 7645,
      "node-str": "doPrivileged"
    },
    {
      "type": "insert-node",
      "node": {
        "label": "methods",
        "type": "VariableWrite"
      },
      "location-after-char-start": 7684,
      "location-after-char-end": 7690,
      "node-str": "methods"
    },
    {
      "type": "move-subtree",
      "node": {
        "label": "getDeclaredMethods",
        "type": "Invocation"
      },
      "location-before-char-start": 3269,
      "location-before-char-end": 3293,
      "location-after-char-start": 7694,
      "location-after-char-end": 7715,
      "node-str": "getDeclaredMethods"
    },
    {
      "type": "insert-node",
      "node": {
        "label": "EQ",
        "type": "BinaryOperator"
      },
      "location-after-char-start": 9964,
      "location-after-char-end": 9986,
      "node-str": "EQ"
    },
    {
      "type": "insert-node",
      "node": {
        "label": "THEN",
        "type": "then"
      },
      "location-after-char-start": 10002,
      "location-after-char-end": 10067,
      "node-str": "THEN"
    },
    {
      "type": "insert-node",
      "node": {
        "label": "ELSE",
        "type": "else"
      },
      "location-after-char-start": 10095,
      "location-after-char-end": 10156,
      "node-str": "ELSE"
    },
    {
      "type": "insert-node",
      "node": {
        "label": "this",
        "type": "ThisAccess"
      },
      "location-after-char-start": 17501,
      "location-after-char-end": 17504,
      "node-str": "this"
    },
    {
      "type": "insert-node",
      "node": {
        "label": "c",
        "type": "FieldRead"
      },
      "location-after-char-start": 17583,
      "location-after-char-end": 17583,
      "node-str": "c"
    },
    {
      "type": "insert-node",
      "node": {
        "label": "org.jboss.invocation.MarshalledInvocation$DeclaredMethodsAction",
        "type": "TypeAccess"
      },
      "location-after-char-start": 0,
      "location-after-char-end": 0,
      "node-str": "org.jboss.invocation.MarshalledInvocation$DeclaredMethodsAction"
    },
    {
      "type": "insert-node",
      "node": {
        "label": "intf",
        "type": "VariableRead"
      },
      "location-after-char-start": 3843,
      "location-after-char-end": 3846,
      "node-str": "intf"
    },
    {
      "type": "insert-node",
      "node": {
        "label": "java.security.AccessController",
        "type": "TypeAccess"
      },
      "location-after-char-start": 3880,
      "location-after-char-end": 3895,
      "node-str": "java.security.AccessController"
    },
    {
      "type": "insert-node",
      "node": {
        "label": "action",
        "type": "VariableRead"
      },
      "location-after-char-start": 3910,
      "location-after-char-end": 3915,
      "node-str": "action"
    },
    {
      "type": "insert-node",
      "node": {
        "label": "intf",
        "type": "VariableRead"
      },
      "location-after-char-start": 3965,
      "location-after-char-end": 3968,
      "node-str": "intf"
    },
    {
      "type": "insert-node",
      "node": {
        "label": "method",
        "type": "VariableRead"
      },
      "location-after-char-start": 4219,
      "location-after-char-end": 4224,
      "node-str": "method"
    },
    {
      "type": "insert-node",
      "node": {
        "label": "parameterTypes",
        "type": "VariableRead"
      },
      "location-after-char-start": 4272,
      "location-after-char-end": 4285,
      "node-str": "parameterTypes"
    },
    {
      "type": "insert-node",
      "node": {
        "label": "",
        "type": "ArrayRead"
      },
      "location-after-char-start": 4351,
      "location-after-char-end": 4367,
      "node-str": ""
    },
    {
      "type": "insert-node",
      "node": {
        "label": "getReturnType",
        "type": "Invocation"
      },
      "location-after-char-start": 4425,
      "location-after-char-end": 4446,
      "node-str": "getReturnType"
    },
    {
      "type": "insert-node",
      "node": {
        "label": "512",
        "type": "Literal"
      },
      "location-after-char-start": 4586,
      "location-after-char-end": 4588,
      "node-str": "512"
    },
    {
      "type": "insert-node",
      "node": {
        "label": "java.security.MessageDigest",
        "type": "TypeAccess"
      },
      "location-after-char-start": 4634,
      "location-after-char-end": 4646,
      "node-str": "java.security.MessageDigest"
    },
    {
      "type": "insert-node",
      "node": {
        "label": "\"SHA\"",
        "type": "Literal"
      },
      "location-after-char-start": 4660,
      "location-after-char-end": 4664,
      "node-str": "\"SHA\""
    },
    {
      "type": "insert-node",
      "node": {
        "label": "java.security.DigestOutputStream(java.io.OutputStream,java.security.MessageDigest)",
        "type": "ConstructorCall"
      },
      "location-after-char-start": 4737,
      "location-after-char-end": 4796,
      "node-str": "java.security.DigestOutputStream(java.io.OutputStream,java.security.MessageDigest)"
    },
    {
      "type": "insert-node",
      "node": {
        "label": "messagedigest",
        "type": "VariableRead"
      },
      "location-after-char-start": 4917,
      "location-after-char-end": 4929,
      "node-str": "messagedigest"
    },
    {
      "type": "insert-node",
      "node": {
        "label": "int",
        "type": "VARIABLE_TYPE"
      },
      "location-after-char-start": 0,
      "location-after-char-end": 0,
      "node-str": "int"
    },
    {
      "type": "insert-node",
      "node": {
        "label": "0",
        "type": "Literal"
      },
      "location-after-char-start": 4966,
      "location-after-char-end": 4966,
      "node-str": "0"
    },
    {
      "type": "insert-node",
      "node": {
        "label": "j",
        "type": "VariableRead"
      },
      "location-after-char-start": 4969,
      "location-after-char-end": 4969,
      "node-str": "j"
    },
    {
      "type": "insert-node",
      "node": {
        "label": "min",
        "type": "Invocation"
      },
      "location-after-char-start": 4973,
      "location-after-char-end": 4998,
      "node-str": "min"
    },
    {
      "type": "insert-node",
      "node": {
        "label": "j",
        "type": "VariableWrite"
      },
      "location-after-char-start": 5001,
      "location-after-char-end": 5001,
      "node-str": "j"
    },
    {
      "type": "insert-node",
      "node": {
        "label": "hash",
        "type": "VariableWrite"
      },
      "location-after-char-start": 5021,
      "location-after-char-end": 5024,
      "node-str": "hash"
    },
    {
      "type": "insert-node",
      "node": {
        "label": "SL",
        "type": "BinaryOperator"
      },
      "location-after-char-start": 5029,
      "location-after-char-end": 5062,
      "node-str": "SL"
    },
    {
      "type": "insert-node",
      "node": {
        "label": "method",
        "type": "VariableRead"
      },
      "location-after-char-start": 5085,
      "location-after-char-end": 5090,
      "node-str": "method"
    },
    {
      "type": "insert-node",
      "node": {
        "label": "hash",
        "type": "VariableRead"
      },
      "location-after-char-start": 5113,
      "location-after-char-end": 5116,
      "node-str": "hash"
    },
    {
      "type": "insert-node",
      "node": {
        "label": "java.lang.Exception",
        "type": "VARIABLE_TYPE"
      },
      "location-after-char-start": 0,
      "location-after-char-end": 0,
      "node-str": "java.lang.Exception"
    },
    {
      "type": "insert-node",
      "node": {
        "label": "e",
        "type": "VariableRead"
      },
      "location-after-char-start": 5184,
      "location-after-char-end": 5184,
      "node-str": "e"
    },
    {
      "type": "insert-node",
      "node": {
        "label": "intf",
        "type": "VariableRead"
      },
      "location-after-char-start": 5887,
      "location-after-char-end": 5890,
      "node-str": "intf"
    },
    {
      "type": "insert-node",
      "node": {
        "label": "java.security.AccessController",
        "type": "TypeAccess"
      },
      "location-after-char-start": 5924,
      "location-after-char-end": 5939,
      "node-str": "java.security.AccessController"
    },
    {
      "type": "insert-node",
      "node": {
        "label": "action",
        "type": "VariableRead"
      },
      "location-after-char-start": 5954,
      "location-after-char-end": 5959,
      "node-str": "action"
    },
    {
      "type": "insert-node",
      "node": {
        "label": "intf",
        "type": "VariableRead"
      },
      "location-after-char-start": 6009,
      "location-after-char-end": 6012,
      "node-str": "intf"
    },
    {
      "type": "insert-node",
      "node": {
        "label": "512",
        "type": "Literal"
      },
      "location-after-char-start": 6356,
      "location-after-char-end": 6358,
      "node-str": "512"
    },
    {
      "type": "insert-node",
      "node": {
        "label": "messagedigest",
        "type": "VariableRead"
      },
      "location-after-char-start": 6687,
      "location-after-char-end": 6699,
      "node-str": "messagedigest"
    },
    {
      "type": "insert-node",
      "node": {
        "label": "method",
        "type": "VariableRead"
      },
      "location-after-char-start": 6855,
      "location-after-char-end": 6860,
      "node-str": "method"
    },
    {
      "type": "insert-node",
      "node": {
        "label": "hash",
        "type": "VariableRead"
      },
      "location-after-char-start": 6883,
      "location-after-char-end": 6886,
      "node-str": "hash"
    },
    {
      "type": "insert-node",
      "node": {
        "label": "c",
        "type": "VariableRead"
      },
      "location-after-char-start": 7575,
      "location-after-char-end": 7575,
      "node-str": "c"
    },
    {
      "type": "insert-node",
      "node": {
        "label": "java.security.AccessController",
        "type": "TypeAccess"
      },
      "location-after-char-start": 7609,
      "location-after-char-end": 7624,
      "node-str": "java.security.AccessController"
    },
    {
      "type": "insert-node",
      "node": {
        "label": "action",
        "type": "VariableRead"
      },
      "location-after-char-start": 7639,
      "location-after-char-end": 7644,
      "node-str": "action"
    },
    {
      "type": "update-node",
      "node": {
        "label": "intf",
        "type": "VariableRead"
      },
      "location-before-char-start": 3269,
      "location-before-char-end": 3272,
      "location-after-char-start": 7694,
      "location-after-char-end": 7694,
      "node-str": "c"
    },
    {
      "type": "insert-node",
      "node": {
        "label": "useFullHashMode",
        "type": "FieldRead"
      },
      "location-after-char-start": 9964,
      "location-after-char-end": 9978,
      "node-str": "useFullHashMode"
    },
    {
      "type": "insert-node",
      "node": {
        "label": "true",
        "type": "Literal"
      },
      "location-after-char-start": 9983,
      "location-after-char-end": 9986,
      "node-str": "true"
    },
    {
      "type": "insert-node",
      "node": {
        "label": "\u003d",
        "type": "Assignment"
      },
      "location-after-char-start": 10002,
      "location-after-char-end": 10067,
      "node-str": "\u003d"
    },
    {
      "type": "move-subtree",
      "node": {
        "label": "\u003d",
        "type": "Assignment"
      },
      "location-before-char-start": 6998,
      "location-before-char-end": 7059,
      "location-after-char-start": 10095,
      "location-after-char-end": 10156,
      "node-str": "\u003d"
    },
    {
      "type": "move-subtree",
      "node": {
        "label": "PLUS",
        "type": "BinaryOperator"
      },
      "location-before-char-start": 8964,
      "location-before-char-end": 9009,
      "location-after-char-start": 11765,
      "location-after-char-end": 11810,
      "node-str": "PLUS"
    },
    {
      "type": "insert-node",
      "node": {
        "label": "org.jboss.invocation.MarshalledInvocation$DeclaredMethodsAction",
        "type": "TypeAccess"
      },
      "location-after-char-start": 0,
      "location-after-char-end": 0,
      "node-str": "org.jboss.invocation.MarshalledInvocation$DeclaredMethodsAction"
    },
    {
      "type": "insert-node",
      "node": {
        "label": "org.jboss.invocation.MarshalledInvocation$DeclaredMethodsAction",
        "type": "TypeAccess"
      },
      "location-after-char-start": 0,
      "location-after-char-end": 0,
      "node-str": "org.jboss.invocation.MarshalledInvocation$DeclaredMethodsAction"
    },
    {
      "type": "insert-node",
      "node": {
        "label": "parameterTypes",
        "type": "VariableRead"
      },
      "location-after-char-start": 4351,
      "location-after-char-end": 4364,
      "node-str": "parameterTypes"
    },
    {
      "type": "insert-node",
      "node": {
        "label": "j",
        "type": "VariableRead"
      },
      "location-after-char-start": 4366,
      "location-after-char-end": 4366,
      "node-str": "j"
    },
    {
      "type": "insert-node",
      "node": {
        "label": "method",
        "type": "VariableRead"
      },
      "location-after-char-start": 4425,
      "location-after-char-end": 4430,
      "node-str": "method"
    },
    {
      "type": "insert-node",
      "node": {
        "label": "bytearrayoutputstream",
        "type": "VariableRead"
      },
      "location-after-char-start": 4760,
      "location-after-char-end": 4780,
      "node-str": "bytearrayoutputstream"
    },
    {
      "type": "insert-node",
      "node": {
        "label": "messagedigest",
        "type": "VariableRead"
      },
      "location-after-char-start": 4783,
      "location-after-char-end": 4795,
      "node-str": "messagedigest"
    },
    {
      "type": "insert-node",
      "node": {
        "label": "java.lang.Math",
        "type": "TypeAccess"
      },
      "location-after-char-start": 4973,
      "location-after-char-end": 4976,
      "node-str": "java.lang.Math"
    },
    {
      "type": "insert-node",
      "node": {
        "label": "8",
        "type": "Literal"
      },
      "location-after-char-start": 4982,
      "location-after-char-end": 4982,
      "node-str": "8"
    },
    {
      "type": "insert-node",
      "node": {
        "label": "length",
        "type": "FieldRead"
      },
      "location-after-char-start": 4985,
      "location-after-char-end": 4997,
      "node-str": "length"
    },
    {
      "type": "insert-node",
      "node": {
        "label": "BITAND",
        "type": "BinaryOperator"
      },
      "location-after-char-start": 5029,
      "location-after-char-end": 5053,
      "node-str": "BITAND"
    },
    {
      "type": "insert-node",
      "node": {
        "label": "MUL",
        "type": "BinaryOperator"
      },
      "location-after-char-start": 5058,
      "location-after-char-end": 5062,
      "node-str": "MUL"
    },
    {
      "type": "insert-node",
      "node": {
        "label": "methodHashes",
        "type": "VariableWrite"
      },
      "location-after-char-start": 10002,
      "location-after-char-end": 10013,
      "node-str": "methodHashes"
    },
    {
      "type": "insert-node",
      "node": {
        "label": "getFullInterfaceHashes",
        "type": "Invocation"
      },
      "location-after-char-start": 10017,
      "location-after-char-end": 10066,
      "node-str": "getFullInterfaceHashes"
    },
    {
      "type": "insert-node",
      "node": {
        "label": "abyte0",
        "type": "VariableRead"
      },
      "location-after-char-start": 4985,
      "location-after-char-end": 4990,
      "node-str": "abyte0"
    },
    {
      "type": "insert-node",
      "node": {
        "label": "",
        "type": "ArrayRead"
      },
      "location-after-char-start": 5037,
      "location-after-char-end": 5045,
      "node-str": ""
    },
    {
      "type": "insert-node",
      "node": {
        "label": "0xff",
        "type": "Literal"
      },
      "location-after-char-start": 5049,
      "location-after-char-end": 5052,
      "node-str": "0xff"
    },
    {
      "type": "insert-node",
      "node": {
        "label": "j",
        "type": "VariableRead"
      },
      "location-after-char-start": 5058,
      "location-after-char-end": 5058,
      "node-str": "j"
    },
    {
      "type": "insert-node",
      "node": {
        "label": "8",
        "type": "Literal"
      },
      "location-after-char-start": 5062,
      "location-after-char-end": 5062,
      "node-str": "8"
    },
    {
      "type": "insert-node",
      "node": {
        "label": "getDeclaringClass",
        "type": "Invocation"
      },
      "location-after-char-start": 10040,
      "location-after-char-end": 10065,
      "node-str": "getDeclaringClass"
    },
    {
      "type": "insert-node",
      "node": {
        "label": "abyte0",
        "type": "VariableRead"
      },
      "location-after-char-start": 5037,
      "location-after-char-end": 5042,
      "node-str": "abyte0"
    },
    {
      "type": "insert-node",
      "node": {
        "label": "j",
        "type": "VariableRead"
      },
      "location-after-char-start": 5044,
      "location-after-char-end": 5044,
      "node-str": "j"
    },
    {
      "type": "insert-node",
      "node": {
        "label": "method",
        "type": "VariableRead"
      },
      "location-after-char-start": 10040,
      "location-after-char-end": 10045,
      "node-str": "method"
    },
    {
      "type": "delete-node",
      "node": {
        "label": "hashMap",
        "type": "Field"
      },
      "location-before-char-start": 2763,
      "location-before-char-end": 2871,
      "node-str": "hashMap"
    },
    {
      "type": "delete-node",
      "node": {
        "label": "methods",
        "type": "LocalVariable"
      },
      "location-before-char-start": 3250,
      "location-before-char-end": 3294,
      "node-str": "methods"
    },
    {
      "type": "delete-node",
      "node": {
        "label": "java.util.Map",
        "type": "RETURN_TYPE"
      },
      "location-before-char-start": 0,
      "location-before-char-end": 0,
      "node-str": "java.util.Map"
    },
    {
      "type": "delete-node",
      "node": {
        "label": "public",
        "type": "Modifier"
      },
      "location-before-char-start": 0,
      "location-before-char-end": 0,
      "node-str": "public"
    },
    {
      "type": "delete-node",
      "node": {
        "label": "static",
        "type": "Modifier"
      },
      "location-before-char-start": 0,
      "location-before-char-end": 0,
      "node-str": "static"
    },
    {
      "type": "delete-node",
      "node": {
        "label": "java.lang.Class",
        "type": "VARIABLE_TYPE"
      },
      "location-before-char-start": 0,
      "location-before-char-end": 0,
      "node-str": "java.lang.Class"
    },
    {
      "type": "delete-node",
      "node": {
        "label": "c",
        "type": "Parameter"
      },
      "location-before-char-start": 4628,
      "location-before-char-end": 4634,
      "node-str": "c"
    },
    {
      "type": "delete-node",
      "node": {
        "label": "java.lang.reflect.Method[]",
        "type": "VARIABLE_TYPE"
      },
      "location-before-char-start": 0,
      "location-before-char-end": 0,
      "node-str": "java.lang.reflect.Method[]"
    },
    {
      "type": "delete-node",
      "node": {
        "label": "c",
        "type": "VariableRead"
      },
      "location-before-char-start": 4697,
      "location-before-char-end": 4697,
      "node-str": "c"
    },
    {
      "type": "delete-node",
      "node": {
        "label": "getDeclaredMethods",
        "type": "Invocation"
      },
      "location-before-char-start": 4697,
      "location-before-char-end": 4718,
      "node-str": "getDeclaredMethods"
    },
    {
      "type": "delete-node",
      "node": {
        "label": "methods",
        "type": "LocalVariable"
      },
      "location-before-char-start": 4678,
      "location-before-char-end": 4719,
      "node-str": "methods"
    },
    {
      "type": "delete-node",
      "node": {
        "label": "java.util.HashMap",
        "type": "VARIABLE_TYPE"
      },
      "location-before-char-start": 0,
      "location-before-char-end": 0,
      "node-str": "java.util.HashMap"
    },
    {
      "type": "delete-node",
      "node": {
        "label": "java.util.HashMap()",
        "type": "ConstructorCall"
      },
      "location-before-char-start": 4741,
      "location-before-char-end": 4753,
      "node-str": "java.util.HashMap()"
    },
    {
      "type": "delete-node",
      "node": {
        "label": "map",
        "type": "LocalVariable"
      },
      "location-before-char-start": 4727,
      "location-before-char-end": 4754,
      "node-str": "map"
    },
    {
      "type": "delete-node",
      "node": {
        "label": "int",
        "type": "VARIABLE_TYPE"
      },
      "location-before-char-start": 0,
      "location-before-char-end": 0,
      "node-str": "int"
    },
    {
      "type": "delete-node",
      "node": {
        "label": "0",
        "type": "Literal"
      },
      "location-before-char-start": 4775,
      "location-before-char-end": 4775,
      "node-str": "0"
    },
    {
      "type": "delete-node",
      "node": {
        "label": "i",
        "type": "LocalVariable"
      },
      "location-before-char-start": 4767,
      "location-before-char-end": 4775,
      "node-str": "i"
    },
    {
      "type": "delete-node",
      "node": {
        "label": "i",
        "type": "VariableRead"
      },
      "location-before-char-start": 4778,
      "location-before-char-end": 4778,
      "node-str": "i"
    },
    {
      "type": "delete-node",
      "node": {
        "label": "methods",
        "type": "VariableRead"
      },
      "location-before-char-start": 4782,
      "location-before-char-end": 4788,
      "node-str": "methods"
    },
    {
      "type": "delete-node",
      "node": {
        "label": "length",
        "type": "FieldRead"
      },
      "location-before-char-start": 4782,
      "location-before-char-end": 4795,
      "node-str": "length"
    },
    {
      "type": "delete-node",
      "node": {
        "label": "LT",
        "type": "BinaryOperator"
      },
      "location-before-char-start": 4778,
      "location-before-char-end": 4795,
      "node-str": "LT"
    },
    {
      "type": "delete-node",
      "node": {
        "label": "i",
        "type": "VariableWrite"
      },
      "location-before-char-start": 4798,
      "location-before-char-end": 4798,
      "node-str": "i"
    },
    {
      "type": "delete-node",
      "node": {
        "label": "POSTINC",
        "type": "UnaryOperator"
      },
      "location-before-char-start": 4798,
      "location-before-char-end": 4800,
      "node-str": "POSTINC"
    },
    {
      "type": "delete-node",
      "node": {
        "label": "java.lang.String",
        "type": "VARIABLE_TYPE"
      },
      "location-before-char-start": 0,
      "location-before-char-end": 0,
      "node-str": "java.lang.String"
    },
    {
      "type": "delete-node",
      "node": {
        "label": "method",
        "type": "VariableRead"
      },
      "location-before-char-start": 4877,
      "location-before-char-end": 4882,
      "node-str": "method"
    },
    {
      "type": "delete-node",
      "node": {
        "label": "toString",
        "type": "Invocation"
      },
      "location-before-char-start": 4877,
      "location-before-char-end": 4893,
      "node-str": "toString"
    },
    {
      "type": "delete-node",
      "node": {
        "label": "methodDesc",
        "type": "LocalVariable"
      },
      "location-before-char-start": 4857,
      "location-before-char-end": 4894,
      "node-str": "methodDesc"
    },
    {
      "type": "delete-node",
      "node": {
        "label": "long",
        "type": "VARIABLE_TYPE"
      },
      "location-before-char-start": 0,
      "location-before-char-end": 0,
      "node-str": "long"
    },
    {
      "type": "delete-node",
      "node": {
        "label": "0",
        "type": "Literal"
      },
      "location-before-char-start": 4945,
      "location-before-char-end": 4945,
      "node-str": "0"
    },
    {
      "type": "delete-node",
      "node": {
        "label": "hash",
        "type": "LocalVariable"
      },
      "location-before-char-start": 4933,
      "location-before-char-end": 4946,
      "node-str": "hash"
    },
    {
      "type": "delete-node",
      "node": {
        "label": "java.io.ByteArrayOutputStream",
        "type": "VARIABLE_TYPE"
      },
      "location-before-char-start": 0,
      "location-before-char-end": 0,
      "node-str": "java.io.ByteArrayOutputStream"
    },
    {
      "type": "delete-node",
      "node": {
        "label": "512",
        "type": "Literal"
      },
      "location-before-char-start": 5032,
      "location-before-char-end": 5034,
      "node-str": "512"
    },
    {
      "type": "delete-node",
      "node": {
        "label": "java.io.ByteArrayOutputStream(int)",
        "type": "ConstructorCall"
      },
      "location-before-char-start": 5006,
      "location-before-char-end": 5035,
      "node-str": "java.io.ByteArrayOutputStream(int)"
    },
    {
      "type": "delete-node",
      "node": {
        "label": "bytearrayoutputstream",
        "type": "LocalVariable"
      },
      "location-before-char-start": 4960,
      "location-before-char-end": 5036,
      "node-str": "bytearrayoutputstream"
    },
    {
      "type": "delete-node",
      "node": {
        "label": "dataoutputstream",
        "type": "VariableRead"
      },
      "location-before-char-start": 5258,
      "location-before-char-end": 5273,
      "node-str": "dataoutputstream"
    },
    {
      "type": "delete-node",
      "node": {
        "label": "methodDesc",
        "type": "VariableRead"
      },
      "location-before-char-start": 5284,
      "location-before-char-end": 5293,
      "node-str": "methodDesc"
    },
    {
      "type": "delete-node",
      "node": {
        "label": "writeUTF",
        "type": "Invocation"
      },
      "location-before-char-start": 5258,
      "location-before-char-end": 5295,
      "node-str": "writeUTF"
    },
    {
      "type": "delete-node",
      "node": {
        "label": "dataoutputstream",
        "type": "VariableRead"
      },
      "location-before-char-start": 5309,
      "location-before-char-end": 5324,
      "node-str": "dataoutputstream"
    },
    {
      "type": "delete-node",
      "node": {
        "label": "flush",
        "type": "Invocation"
      },
      "location-before-char-start": 5309,
      "location-before-char-end": 5333,
      "node-str": "flush"
    },
    {
      "type": "delete-node",
      "node": {
        "label": "byte[]",
        "type": "VARIABLE_TYPE"
      },
      "location-before-char-start": 0,
      "location-before-char-end": 0,
      "node-str": "byte[]"
    },
    {
      "type": "delete-node",
      "node": {
        "label": "messagedigest",
        "type": "VariableRead"
      },
      "location-before-char-start": 5363,
      "location-before-char-end": 5375,
      "node-str": "messagedigest"
    },
    {
      "type": "delete-node",
      "node": {
        "label": "digest",
        "type": "Invocation"
      },
      "location-before-char-start": 5363,
      "location-before-char-end": 5384,
      "node-str": "digest"
    },
    {
      "type": "delete-node",
      "node": {
        "label": "abyte0",
        "type": "LocalVariable"
      },
      "location-before-char-start": 5347,
      "location-before-char-end": 5385,
      "node-str": "abyte0"
    },
    {
      "type": "delete-node",
      "node": {
        "label": "map",
        "type": "VariableRead"
      },
      "location-before-char-start": 5523,
      "location-before-char-end": 5525,
      "node-str": "map"
    },
    {
      "type": "delete-node",
      "node": {
        "label": "hash",
        "type": "VariableRead"
      },
      "location-before-char-start": 5540,
      "location-before-char-end": 5543,
      "node-str": "hash"
    },
    {
      "type": "delete-node",
      "node": {
        "label": "java.lang.Long(long)",
        "type": "ConstructorCall"
      },
      "location-before-char-start": 5531,
      "location-before-char-end": 5544,
      "node-str": "java.lang.Long(long)"
    },
    {
      "type": "delete-node",
      "node": {
        "label": "method",
        "type": "VariableRead"
      },
      "location-before-char-start": 5547,
      "location-before-char-end": 5552,
      "node-str": "method"
    },
    {
      "type": "delete-node",
      "node": {
        "label": "put",
        "type": "Invocation"
      },
      "location-before-char-start": 5523,
      "location-before-char-end": 5554,
      "node-str": "put"
    },
    {
      "type": "delete-node",
      "node": {
        "label": "",
        "type": "Try"
      },
      "location-before-char-start": 4906,
      "location-before-char-end": 5649,
      "node-str": ""
    },
    {
      "type": "delete-node",
      "node": {
        "label": "",
        "type": "For"
      },
      "location-before-char-start": 4762,
      "location-before-char-end": 5657,
      "node-str": ""
    },
    {
      "type": "delete-node",
      "node": {
        "label": "map",
        "type": "VariableRead"
      },
      "location-before-char-start": 5673,
      "location-before-char-end": 5675,
      "node-str": "map"
    },
    {
      "type": "delete-node",
      "node": {
        "label": "return",
        "type": "Return"
      },
      "location-before-char-start": 5666,
      "location-before-char-end": 5676,
      "node-str": "return"
    },
    {
      "type": "delete-node",
      "node": {
        "label": "methodToHashesMap",
        "type": "Method"
      },
      "location-before-char-start": 4270,
      "location-before-char-end": 5681,
      "node-str": "methodToHashesMap"
    },
    {
      "type": "delete-node",
      "node": {
        "label": "\" available mappings: \"",
        "type": "Literal"
      },
      "location-before-char-start": 9013,
      "location-before-char-end": 9035,
      "node-str": "\" available mappings: \""
    },
    {
      "type": "delete-node",
      "node": {
        "label": "PLUS",
        "type": "BinaryOperator"
      },
      "location-before-char-start": 8964,
      "location-before-char-end": 9035,
      "node-str": "PLUS"
    },
    {
      "type": "delete-node",
      "node": {
        "label": "org.jboss.invocation.MarshalledInvocation",
        "type": "TypeAccess"
      },
      "location-before-char-start": 0,
      "location-before-char-end": 0,
      "node-str": "org.jboss.invocation.MarshalledInvocation"
    },
    {
      "type": "delete-node",
      "node": {
        "label": "methodMap",
        "type": "FieldRead"
      },
      "location-before-char-start": 9039,
      "location-before-char-end": 9047,
      "node-str": "methodMap"
    },
    {
      "type": "delete-node",
      "node": {
        "label": "PLUS",
        "type": "BinaryOperator"
      },
      "location-before-char-start": 8964,
      "location-before-char-end": 9047,
      "node-str": "PLUS"
    }
  ],
  "before-file": {},
  "after-file": {},
  "mapping": {}
}