{
  "tool-info": {},
  "diff": [
    {
      "type": "insert-node",
      "node": {
        "label": "final",
        "type": "Modifier"
      },
      "location-after-char-start": 0,
      "location-after-char-end": 0,
      "node-str": "final"
    },
    {
      "type": "insert-node",
      "node": {
        "label": "active",
        "type": "Field"
      },
      "location-after-char-start": 1176,
      "location-after-char-end": 1198,
      "node-str": "active"
    },
    {
      "type": "insert-node",
      "node": {
        "label": "categoryId",
        "type": "Field"
      },
      "location-after-char-start": 1201,
      "location-after-char-end": 1226,
      "node-str": "categoryId"
    },
    {
      "type": "insert-node",
      "node": {
        "label": "commandListeners",
        "type": "Field"
      },
      "location-after-char-start": 1229,
      "location-after-char-end": 1258,
      "node-str": "commandListeners"
    },
    {
      "type": "insert-node",
      "node": {
        "label": "commandManager",
        "type": "Field"
      },
      "location-after-char-start": 1261,
      "location-after-char-end": 1298,
      "node-str": "commandManager"
    },
    {
      "type": "insert-node",
      "node": {
        "label": "defined",
        "type": "Field"
      },
      "location-after-char-start": 1301,
      "location-after-char-end": 1324,
      "node-str": "defined"
    },
    {
      "type": "insert-node",
      "node": {
        "label": "description",
        "type": "Field"
      },
      "location-after-char-start": 1327,
      "location-after-char-end": 1353,
      "node-str": "description"
    },
    {
      "type": "insert-node",
      "node": {
        "label": "enabled",
        "type": "Field"
      },
      "location-after-char-start": 1356,
      "location-after-char-end": 1379,
      "node-str": "enabled"
    },
    {
      "type": "insert-node",
      "node": {
        "label": "id",
        "type": "Field"
      },
      "location-after-char-start": 1382,
      "location-after-char-end": 1399,
      "node-str": "id"
    },
    {
      "type": "insert-node",
      "node": {
        "label": "keySequenceBindings",
        "type": "Field"
      },
      "location-after-char-start": 1402,
      "location-after-char-end": 1434,
      "node-str": "keySequenceBindings"
    },
    {
      "type": "insert-node",
      "node": {
        "label": "name",
        "type": "Field"
      },
      "location-after-char-start": 1437,
      "location-after-char-end": 1456,
      "node-str": "name"
    },
    {
      "type": "insert-node",
      "node": {
        "label": "boolean",
        "type": "VARIABLE_TYPE"
      },
      "location-after-char-start": 0,
      "location-after-char-end": 0,
      "node-str": "boolean"
    },
    {
      "type": "insert-node",
      "node": {
        "label": "java.lang.String",
        "type": "VARIABLE_TYPE"
      },
      "location-after-char-start": 0,
      "location-after-char-end": 0,
      "node-str": "java.lang.String"
    },
    {
      "type": "insert-node",
      "node": {
        "label": "java.util.List",
        "type": "VARIABLE_TYPE"
      },
      "location-after-char-start": 0,
      "location-after-char-end": 0,
      "node-str": "java.util.List"
    },
    {
      "type": "insert-node",
      "node": {
        "label": "org.eclipse.ui.internal.csm.commands.CommandManager",
        "type": "VARIABLE_TYPE"
      },
      "location-after-char-start": 0,
      "location-after-char-end": 0,
      "node-str": "org.eclipse.ui.internal.csm.commands.CommandManager"
    },
    {
      "type": "insert-node",
      "node": {
        "label": "boolean",
        "type": "VARIABLE_TYPE"
      },
      "location-after-char-start": 0,
      "location-after-char-end": 0,
      "node-str": "boolean"
    },
    {
      "type": "insert-node",
      "node": {
        "label": "java.lang.String",
        "type": "VARIABLE_TYPE"
      },
      "location-after-char-start": 0,
      "location-after-char-end": 0,
      "node-str": "java.lang.String"
    },
    {
      "type": "insert-node",
      "node": {
        "label": "boolean",
        "type": "VARIABLE_TYPE"
      },
      "location-after-char-start": 0,
      "location-after-char-end": 0,
      "node-str": "boolean"
    },
    {
      "type": "insert-node",
      "node": {
        "label": "java.lang.String",
        "type": "VARIABLE_TYPE"
      },
      "location-after-char-start": 0,
      "location-after-char-end": 0,
      "node-str": "java.lang.String"
    },
    {
      "type": "insert-node",
      "node": {
        "label": "java.util.List",
        "type": "VARIABLE_TYPE"
      },
      "location-after-char-start": 0,
      "location-after-char-end": 0,
      "node-str": "java.util.List"
    },
    {
      "type": "insert-node",
      "node": {
        "label": "java.lang.String",
        "type": "VARIABLE_TYPE"
      },
      "location-after-char-start": 0,
      "location-after-char-end": 0,
      "node-str": "java.lang.String"
    },
    {
      "type": "update-node",
      "node": {
        "label": "org.eclipse.ui.internal.csm.commands.api.CommandNotDefinedException",
        "type": "THROWS"
      },
      "location-before-char-start": 0,
      "location-before-char-end": 0,
      "location-after-char-start": 0,
      "location-after-char-end": 0,
      "node-str": "org.eclipse.ui.internal.csm.commands.api.NotDefinedException"
    },
    {
      "type": "update-node",
      "node": {
        "label": "org.eclipse.ui.internal.csm.commands.api.CommandNotDefinedException",
        "type": "THROWS"
      },
      "location-before-char-start": 0,
      "location-before-char-end": 0,
      "location-after-char-start": 0,
      "location-after-char-end": 0,
      "node-str": "org.eclipse.ui.internal.csm.commands.api.NotDefinedException"
    },
    {
      "type": "update-node",
      "node": {
        "label": "org.eclipse.ui.internal.csm.commands.api.CommandNotDefinedException",
        "type": "THROWS"
      },
      "location-before-char-start": 0,
      "location-before-char-end": 0,
      "location-after-char-start": 0,
      "location-after-char-end": 0,
      "node-str": "org.eclipse.ui.internal.csm.commands.api.NotDefinedException"
    },
    {
      "type": "update-node",
      "node": {
        "label": "org.eclipse.ui.internal.csm.commands.api.CommandNotDefinedException()",
        "type": "ConstructorCall"
      },
      "location-before-char-start": 3812,
      "location-before-char-end": 3843,
      "location-after-char-start": 3798,
      "location-after-char-end": 3822,
      "node-str": "org.eclipse.ui.internal.csm.commands.api.NotDefinedException()"
    },
    {
      "type": "update-node",
      "node": {
        "label": "org.eclipse.ui.internal.csm.commands.api.CommandNotDefinedException()",
        "type": "ConstructorCall"
      },
      "location-before-char-start": 3967,
      "location-before-char-end": 3998,
      "location-after-char-start": 3939,
      "location-after-char-end": 3963,
      "node-str": "org.eclipse.ui.internal.csm.commands.api.NotDefinedException()"
    },
    {
      "type": "update-node",
      "node": {
        "label": "org.eclipse.ui.internal.csm.commands.api.CommandNotDefinedException()",
        "type": "ConstructorCall"
      },
      "location-before-char-start": 4238,
      "location-before-char-end": 4269,
      "location-after-char-start": 4196,
      "location-after-char-end": 4220,
      "node-str": "org.eclipse.ui.internal.csm.commands.api.NotDefinedException()"
    },
    {
      "type": "delete-node",
      "node": {
        "label": "final",
        "type": "Modifier"
      },
      "location-before-char-start": 0,
      "location-before-char-end": 0,
      "node-str": "final"
    },
    {
      "type": "delete-node",
      "node": {
        "label": "boolean",
        "type": "VARIABLE_TYPE"
      },
      "location-before-char-start": 0,
      "location-before-char-end": 0,
      "node-str": "boolean"
    },
    {
      "type": "delete-node",
      "node": {
        "label": "active",
        "type": "Field"
      },
      "location-before-char-start": 1183,
      "location-before-char-end": 1205,
      "node-str": "active"
    },
    {
      "type": "delete-node",
      "node": {
        "label": "java.lang.String",
        "type": "VARIABLE_TYPE"
      },
      "location-before-char-start": 0,
      "location-before-char-end": 0,
      "node-str": "java.lang.String"
    },
    {
      "type": "delete-node",
      "node": {
        "label": "categoryId",
        "type": "Field"
      },
      "location-before-char-start": 1208,
      "location-before-char-end": 1233,
      "node-str": "categoryId"
    },
    {
      "type": "delete-node",
      "node": {
        "label": "java.util.List",
        "type": "VARIABLE_TYPE"
      },
      "location-before-char-start": 0,
      "location-before-char-end": 0,
      "node-str": "java.util.List"
    },
    {
      "type": "delete-node",
      "node": {
        "label": "commandListeners",
        "type": "Field"
      },
      "location-before-char-start": 1236,
      "location-before-char-end": 1265,
      "node-str": "commandListeners"
    },
    {
      "type": "delete-node",
      "node": {
        "label": "org.eclipse.ui.internal.csm.commands.CommandManager",
        "type": "VARIABLE_TYPE"
      },
      "location-before-char-start": 0,
      "location-before-char-end": 0,
      "node-str": "org.eclipse.ui.internal.csm.commands.CommandManager"
    },
    {
      "type": "delete-node",
      "node": {
        "label": "commandManager",
        "type": "Field"
      },
      "location-before-char-start": 1268,
      "location-before-char-end": 1305,
      "node-str": "commandManager"
    },
    {
      "type": "delete-node",
      "node": {
        "label": "boolean",
        "type": "VARIABLE_TYPE"
      },
      "location-before-char-start": 0,
      "location-before-char-end": 0,
      "node-str": "boolean"
    },
    {
      "type": "delete-node",
      "node": {
        "label": "defined",
        "type": "Field"
      },
      "location-before-char-start": 1308,
      "location-before-char-end": 1331,
      "node-str": "defined"
    },
    {
      "type": "delete-node",
      "node": {
        "label": "java.lang.String",
        "type": "VARIABLE_TYPE"
      },
      "location-before-char-start": 0,
      "location-before-char-end": 0,
      "node-str": "java.lang.String"
    },
    {
      "type": "delete-node",
      "node": {
        "label": "description",
        "type": "Field"
      },
      "location-before-char-start": 1334,
      "location-before-char-end": 1360,
      "node-str": "description"
    },
    {
      "type": "delete-node",
      "node": {
        "label": "boolean",
        "type": "VARIABLE_TYPE"
      },
      "location-before-char-start": 0,
      "location-before-char-end": 0,
      "node-str": "boolean"
    },
    {
      "type": "delete-node",
      "node": {
        "label": "enabled",
        "type": "Field"
      },
      "location-before-char-start": 1363,
      "location-before-char-end": 1386,
      "node-str": "enabled"
    },
    {
      "type": "delete-node",
      "node": {
        "label": "java.lang.String",
        "type": "VARIABLE_TYPE"
      },
      "location-before-char-start": 0,
      "location-before-char-end": 0,
      "node-str": "java.lang.String"
    },
    {
      "type": "delete-node",
      "node": {
        "label": "id",
        "type": "Field"
      },
      "location-before-char-start": 1389,
      "location-before-char-end": 1406,
      "node-str": "id"
    },
    {
      "type": "delete-node",
      "node": {
        "label": "java.util.List",
        "type": "VARIABLE_TYPE"
      },
      "location-before-char-start": 0,
      "location-before-char-end": 0,
      "node-str": "java.util.List"
    },
    {
      "type": "delete-node",
      "node": {
        "label": "keySequenceBindings",
        "type": "Field"
      },
      "location-before-char-start": 1409,
      "location-before-char-end": 1441,
      "node-str": "keySequenceBindings"
    },
    {
      "type": "delete-node",
      "node": {
        "label": "java.lang.String",
        "type": "VARIABLE_TYPE"
      },
      "location-before-char-start": 0,
      "location-before-char-end": 0,
      "node-str": "java.lang.String"
    },
    {
      "type": "delete-node",
      "node": {
        "label": "name",
        "type": "Field"
      },
      "location-before-char-start": 1444,
      "location-before-char-end": 1463,
      "node-str": "name"
    }
  ],
  "before-file": {},
  "after-file": {},
  "mapping": {}
}