{
  "tool-info": {},
  "diff": [
    {
      "type": "insert-node",
      "node": {
        "label": "setDisplayText",
        "type": "Invocation"
      },
      "location-after-char-start": 7431,
      "location-after-char-end": 7458,
      "node-str": "setDisplayText"
    },
    {
      "type": "insert-node",
      "node": {
        "label": "if",
        "type": "If"
      },
      "location-after-char-start": 7607,
      "location-after-char-end": 7644,
      "node-str": "if"
    },
    {
      "type": "insert-node",
      "node": {
        "label": "worker",
        "type": "VariableRead"
      },
      "location-after-char-start": 7431,
      "location-after-char-end": 7436,
      "node-str": "worker"
    },
    {
      "type": "insert-node",
      "node": {
        "label": "null",
        "type": "Literal"
      },
      "location-after-char-start": 7453,
      "location-after-char-end": 7456,
      "node-str": "null"
    },
    {
      "type": "insert-node",
      "node": {
        "label": "NOT",
        "type": "UnaryOperator"
      },
      "location-after-char-start": 7611,
      "location-after-char-end": 7632,
      "node-str": "NOT"
    },
    {
      "type": "insert-node",
      "node": {
        "label": "THEN",
        "type": "then"
      },
      "location-after-char-start": 7638,
      "location-after-char-end": 7644,
      "node-str": "THEN"
    },
    {
      "type": "insert-node",
      "node": {
        "label": "isHeaderCacheLoaded",
        "type": "Invocation"
      },
      "location-after-char-start": 7612,
      "location-after-char-end": 7632,
      "node-str": "isHeaderCacheLoaded"
    },
    {
      "type": "insert-node",
      "node": {
        "label": "return",
        "type": "Return"
      },
      "location-after-char-start": 7638,
      "location-after-char-end": 7644,
      "node-str": "return"
    },
    {
      "type": "insert-node",
      "node": {
        "label": "org.columba.mail.folder.headercache.AbstractHeaderCache",
        "type": "TypeAccess"
      },
      "location-after-char-start": 0,
      "location-after-char-end": 0,
      "node-str": "org.columba.mail.folder.headercache.AbstractHeaderCache"
    },
    {
      "type": "delete-node",
      "node": {
        "label": "org.columba.mail.folder.headercache.AbstractHeaderCache",
        "type": "TypeAccess"
      },
      "location-before-char-start": 0,
      "location-before-char-end": 0,
      "node-str": "org.columba.mail.folder.headercache.AbstractHeaderCache"
    },
    {
      "type": "delete-node",
      "node": {
        "label": "isHeaderCacheLoaded",
        "type": "Invocation"
      },
      "location-before-char-start": 7567,
      "location-before-char-end": 7587,
      "node-str": "isHeaderCacheLoaded"
    },
    {
      "type": "delete-node",
      "node": {
        "label": "false",
        "type": "Literal"
      },
      "location-before-char-start": 7592,
      "location-before-char-end": 7596,
      "node-str": "false"
    },
    {
      "type": "delete-node",
      "node": {
        "label": "EQ",
        "type": "BinaryOperator"
      },
      "location-before-char-start": 7567,
      "location-before-char-end": 7596,
      "node-str": "EQ"
    },
    {
      "type": "delete-node",
      "node": {
        "label": "return",
        "type": "Return"
      },
      "location-before-char-start": 7602,
      "location-before-char-end": 7608,
      "node-str": "return"
    },
    {
      "type": "delete-node",
      "node": {
        "label": "THEN",
        "type": "then"
      },
      "location-before-char-start": 7602,
      "location-before-char-end": 7608,
      "node-str": "THEN"
    },
    {
      "type": "delete-node",
      "node": {
        "label": "if",
        "type": "If"
      },
      "location-before-char-start": 7563,
      "location-before-char-end": 7608,
      "node-str": "if"
    }
  ],
  "before-file": {},
  "after-file": {},
  "mapping": {}
}