{
  "tool-info": {},
  "diff": [
    {
      "type": "insert-node",
      "node": {
        "label": "final",
        "type": "Modifier"
      },
      "location-after-char-start": 0,
      "location-after-char-end": 0,
      "node-str": "final"
    },
    {
      "type": "insert-node",
      "node": {
        "label": "public",
        "type": "Modifier"
      },
      "location-after-char-start": 0,
      "location-after-char-end": 0,
      "node-str": "public"
    },
    {
      "type": "insert-node",
      "node": {
        "label": "",
        "type": "TypeReference"
      },
      "location-after-char-start": 1065,
      "location-after-char-end": 1087,
      "node-str": ""
    },
    {
      "type": "insert-node",
      "node": {
        "label": "RANK_LOCAL",
        "type": "Field"
      },
      "location-after-char-start": 1178,
      "location-after-char-end": 1217,
      "node-str": "RANK_LOCAL"
    },
    {
      "type": "insert-node",
      "node": {
        "label": "instance",
        "type": "Field"
      },
      "location-after-char-start": 1288,
      "location-after-char-end": 1324,
      "node-str": "instance"
    },
    {
      "type": "insert-node",
      "node": {
        "label": "getInstance",
        "type": "Method"
      },
      "location-after-char-start": 1329,
      "location-after-char-end": 1454,
      "node-str": "getInstance"
    },
    {
      "type": "insert-node",
      "node": {
        "label": "\u003cinit\u003e",
        "type": "Constructor"
      },
      "location-after-char-start": 1458,
      "location-after-char-end": 1496,
      "node-str": "\u003cinit\u003e"
    },
    {
      "type": "insert-node",
      "node": {
        "label": "org.eclipse.ui.internal.commands.AbstractMutableRegistry",
        "type": "SUPER_TYPE"
      },
      "location-after-char-start": 0,
      "location-after-char-end": 0,
      "node-str": "org.eclipse.ui.internal.commands.AbstractMutableRegistry"
    },
    {
      "type": "insert-node",
      "node": {
        "label": "int",
        "type": "VARIABLE_TYPE"
      },
      "location-after-char-start": 0,
      "location-after-char-end": 0,
      "node-str": "int"
    },
    {
      "type": "insert-node",
      "node": {
        "label": "final",
        "type": "Modifier"
      },
      "location-after-char-start": 0,
      "location-after-char-end": 0,
      "node-str": "final"
    },
    {
      "type": "insert-node",
      "node": {
        "label": "static",
        "type": "Modifier"
      },
      "location-after-char-start": 0,
      "location-after-char-end": 0,
      "node-str": "static"
    },
    {
      "type": "insert-node",
      "node": {
        "label": "1",
        "type": "Literal"
      },
      "location-after-char-start": 1216,
      "location-after-char-end": 1216,
      "node-str": "1"
    },
    {
      "type": "insert-node",
      "node": {
        "label": "org.eclipse.ui.internal.commands.LocalRegistry",
        "type": "VARIABLE_TYPE"
      },
      "location-after-char-start": 0,
      "location-after-char-end": 0,
      "node-str": "org.eclipse.ui.internal.commands.LocalRegistry"
    },
    {
      "type": "insert-node",
      "node": {
        "label": "public",
        "type": "Modifier"
      },
      "location-after-char-start": 0,
      "location-after-char-end": 0,
      "node-str": "public"
    },
    {
      "type": "insert-node",
      "node": {
        "label": "static",
        "type": "Modifier"
      },
      "location-after-char-start": 0,
      "location-after-char-end": 0,
      "node-str": "static"
    },
    {
      "type": "insert-node",
      "node": {
        "label": "org.eclipse.ui.internal.commands.LocalRegistry",
        "type": "RETURN_TYPE"
      },
      "location-after-char-start": 0,
      "location-after-char-end": 0,
      "node-str": "org.eclipse.ui.internal.commands.LocalRegistry"
    },
    {
      "type": "insert-node",
      "node": {
        "label": "public",
        "type": "Modifier"
      },
      "location-after-char-start": 0,
      "location-after-char-end": 0,
      "node-str": "public"
    },
    {
      "type": "insert-node",
      "node": {
        "label": "static",
        "type": "Modifier"
      },
      "location-after-char-start": 0,
      "location-after-char-end": 0,
      "node-str": "static"
    },
    {
      "type": "insert-node",
      "node": {
        "label": "if",
        "type": "If"
      },
      "location-after-char-start": 1375,
      "location-after-char-end": 1430,
      "node-str": "if"
    },
    {
      "type": "insert-node",
      "node": {
        "label": "return",
        "type": "Return"
      },
      "location-after-char-start": 1436,
      "location-after-char-end": 1451,
      "node-str": "return"
    },
    {
      "type": "insert-node",
      "node": {
        "label": "\u003cinit\u003e",
        "type": "Invocation"
      },
      "location-after-char-start": 1486,
      "location-after-char-end": 1493,
      "node-str": "\u003cinit\u003e"
    },
    {
      "type": "insert-node",
      "node": {
        "label": "EQ",
        "type": "BinaryOperator"
      },
      "location-after-char-start": 1379,
      "location-after-char-end": 1394,
      "node-str": "EQ"
    },
    {
      "type": "insert-node",
      "node": {
        "label": "THEN",
        "type": "then"
      },
      "location-after-char-start": 1400,
      "location-after-char-end": 1430,
      "node-str": "THEN"
    },
    {
      "type": "insert-node",
      "node": {
        "label": "instance",
        "type": "FieldRead"
      },
      "location-after-char-start": 1443,
      "location-after-char-end": 1450,
      "node-str": "instance"
    },
    {
      "type": "update-node",
      "node": {
        "label": "org.eclipse.ui.commands.internal.Persistence",
        "type": "TypeAccess"
      },
      "location-before-char-start": 3362,
      "location-before-char-end": 3372,
      "location-after-char-start": 3362,
      "location-after-char-end": 3372,
      "node-str": "org.eclipse.ui.internal.commands.Persistence"
    },
    {
      "type": "update-node",
      "node": {
        "label": "org.eclipse.ui.commands.internal.Persistence",
        "type": "TypeAccess"
      },
      "location-before-char-start": 3492,
      "location-before-char-end": 3502,
      "location-after-char-start": 3492,
      "location-after-char-end": 3502,
      "node-str": "org.eclipse.ui.internal.commands.Persistence"
    },
    {
      "type": "update-node",
      "node": {
        "label": "org.eclipse.ui.commands.internal.Persistence",
        "type": "TypeAccess"
      },
      "location-before-char-start": 3614,
      "location-before-char-end": 3624,
      "location-after-char-start": 3614,
      "location-after-char-end": 3624,
      "node-str": "org.eclipse.ui.internal.commands.Persistence"
    },
    {
      "type": "update-node",
      "node": {
        "label": "org.eclipse.ui.commands.internal.Persistence",
        "type": "TypeAccess"
      },
      "location-before-char-start": 3697,
      "location-before-char-end": 3707,
      "location-after-char-start": 3697,
      "location-after-char-end": 3707,
      "node-str": "org.eclipse.ui.internal.commands.Persistence"
    },
    {
      "type": "update-node",
      "node": {
        "label": "org.eclipse.ui.commands.internal.Persistence",
        "type": "TypeAccess"
      },
      "location-before-char-start": 3773,
      "location-before-char-end": 3783,
      "location-after-char-start": 3773,
      "location-after-char-end": 3783,
      "node-str": "org.eclipse.ui.internal.commands.Persistence"
    },
    {
      "type": "update-node",
      "node": {
        "label": "org.eclipse.ui.commands.internal.Persistence",
        "type": "TypeAccess"
      },
      "location-before-char-start": 3871,
      "location-before-char-end": 3881,
      "location-after-char-start": 3871,
      "location-after-char-end": 3881,
      "node-str": "org.eclipse.ui.internal.commands.Persistence"
    },
    {
      "type": "update-node",
      "node": {
        "label": "org.eclipse.ui.commands.internal.Persistence",
        "type": "TypeAccess"
      },
      "location-before-char-start": 3947,
      "location-before-char-end": 3957,
      "location-after-char-start": 3947,
      "location-after-char-end": 3957,
      "node-str": "org.eclipse.ui.internal.commands.Persistence"
    },
    {
      "type": "update-node",
      "node": {
        "label": "org.eclipse.ui.commands.internal.Persistence",
        "type": "TypeAccess"
      },
      "location-before-char-start": 4046,
      "location-before-char-end": 4056,
      "location-after-char-start": 4046,
      "location-after-char-end": 4056,
      "node-str": "org.eclipse.ui.internal.commands.Persistence"
    },
    {
      "type": "update-node",
      "node": {
        "label": "org.eclipse.ui.commands.internal.Persistence",
        "type": "TypeAccess"
      },
      "location-before-char-start": 4155,
      "location-before-char-end": 4165,
      "location-after-char-start": 4155,
      "location-after-char-end": 4165,
      "node-str": "org.eclipse.ui.internal.commands.Persistence"
    },
    {
      "type": "update-node",
      "node": {
        "label": "org.eclipse.ui.commands.internal.Persistence",
        "type": "TypeAccess"
      },
      "location-before-char-start": 4246,
      "location-before-char-end": 4256,
      "location-after-char-start": 4246,
      "location-after-char-end": 4256,
      "node-str": "org.eclipse.ui.internal.commands.Persistence"
    },
    {
      "type": "insert-node",
      "node": {
        "label": "instance",
        "type": "FieldRead"
      },
      "location-after-char-start": 1379,
      "location-after-char-end": 1386,
      "node-str": "instance"
    },
    {
      "type": "insert-node",
      "node": {
        "label": "null",
        "type": "Literal"
      },
      "location-after-char-start": 1391,
      "location-after-char-end": 1394,
      "node-str": "null"
    },
    {
      "type": "insert-node",
      "node": {
        "label": "\u003d",
        "type": "Assignment"
      },
      "location-after-char-start": 1400,
      "location-after-char-end": 1430,
      "node-str": "\u003d"
    },
    {
      "type": "insert-node",
      "node": {
        "label": "instance",
        "type": "FieldWrite"
      },
      "location-after-char-start": 1400,
      "location-after-char-end": 1407,
      "node-str": "instance"
    },
    {
      "type": "insert-node",
      "node": {
        "label": "org.eclipse.ui.internal.commands.LocalRegistry()",
        "type": "ConstructorCall"
      },
      "location-after-char-start": 1411,
      "location-after-char-end": 1429,
      "node-str": "org.eclipse.ui.internal.commands.LocalRegistry()"
    },
    {
      "type": "update-node",
      "node": {
        "label": "org.eclipse.ui.commands.internal.Persistence",
        "type": "TypeAccess"
      },
      "location-before-char-start": 1853,
      "location-before-char-end": 1863,
      "location-after-char-start": 1853,
      "location-after-char-end": 1863,
      "node-str": "org.eclipse.ui.internal.commands.Persistence"
    },
    {
      "type": "update-node",
      "node": {
        "label": "org.eclipse.ui.commands.internal.Persistence",
        "type": "TypeAccess"
      },
      "location-before-char-start": 2011,
      "location-before-char-end": 2021,
      "location-after-char-start": 2011,
      "location-after-char-end": 2021,
      "node-str": "org.eclipse.ui.internal.commands.Persistence"
    },
    {
      "type": "update-node",
      "node": {
        "label": "org.eclipse.ui.commands.internal.Persistence",
        "type": "TypeAccess"
      },
      "location-before-char-start": 2152,
      "location-before-char-end": 2162,
      "location-after-char-start": 2152,
      "location-after-char-end": 2162,
      "node-str": "org.eclipse.ui.internal.commands.Persistence"
    },
    {
      "type": "update-node",
      "node": {
        "label": "org.eclipse.ui.commands.internal.Persistence",
        "type": "TypeAccess"
      },
      "location-before-char-start": 2265,
      "location-before-char-end": 2275,
      "location-after-char-start": 2265,
      "location-after-char-end": 2275,
      "node-str": "org.eclipse.ui.internal.commands.Persistence"
    },
    {
      "type": "update-node",
      "node": {
        "label": "org.eclipse.ui.commands.internal.Persistence",
        "type": "TypeAccess"
      },
      "location-before-char-start": 2382,
      "location-before-char-end": 2392,
      "location-after-char-start": 2382,
      "location-after-char-end": 2392,
      "node-str": "org.eclipse.ui.internal.commands.Persistence"
    },
    {
      "type": "update-node",
      "node": {
        "label": "org.eclipse.ui.commands.internal.Persistence",
        "type": "TypeAccess"
      },
      "location-before-char-start": 2507,
      "location-before-char-end": 2517,
      "location-after-char-start": 2507,
      "location-after-char-end": 2517,
      "node-str": "org.eclipse.ui.internal.commands.Persistence"
    },
    {
      "type": "update-node",
      "node": {
        "label": "org.eclipse.ui.commands.internal.Persistence",
        "type": "TypeAccess"
      },
      "location-before-char-start": 2627,
      "location-before-char-end": 2637,
      "location-after-char-start": 2627,
      "location-after-char-end": 2637,
      "node-str": "org.eclipse.ui.internal.commands.Persistence"
    },
    {
      "type": "update-node",
      "node": {
        "label": "org.eclipse.ui.commands.internal.Persistence",
        "type": "TypeAccess"
      },
      "location-before-char-start": 2778,
      "location-before-char-end": 2788,
      "location-after-char-start": 2778,
      "location-after-char-end": 2788,
      "node-str": "org.eclipse.ui.internal.commands.Persistence"
    },
    {
      "type": "update-node",
      "node": {
        "label": "org.eclipse.ui.commands.internal.Persistence",
        "type": "TypeAccess"
      },
      "location-before-char-start": 2911,
      "location-before-char-end": 2921,
      "location-after-char-start": 2911,
      "location-after-char-end": 2921,
      "node-str": "org.eclipse.ui.internal.commands.Persistence"
    },
    {
      "type": "update-node",
      "node": {
        "label": "org.eclipse.ui.commands.internal.Persistence",
        "type": "TypeAccess"
      },
      "location-before-char-start": 3054,
      "location-before-char-end": 3064,
      "location-after-char-start": 3054,
      "location-after-char-end": 3064,
      "node-str": "org.eclipse.ui.internal.commands.Persistence"
    },
    {
      "type": "delete-node",
      "node": {
        "label": "final",
        "type": "Modifier"
      },
      "location-before-char-start": 0,
      "location-before-char-end": 0,
      "node-str": "final"
    },
    {
      "type": "delete-node",
      "node": {
        "label": "public",
        "type": "Modifier"
      },
      "location-before-char-start": 0,
      "location-before-char-end": 0,
      "node-str": "public"
    },
    {
      "type": "delete-node",
      "node": {
        "label": "org.eclipse.ui.commands.internal.AbstractMutableRegistry",
        "type": "SUPER_TYPE"
      },
      "location-before-char-start": 0,
      "location-before-char-end": 0,
      "node-str": "org.eclipse.ui.commands.internal.AbstractMutableRegistry"
    },
    {
      "type": "delete-node",
      "node": {
        "label": "",
        "type": "TypeReference"
      },
      "location-before-char-start": 1065,
      "location-before-char-end": 1087,
      "node-str": ""
    },
    {
      "type": "delete-node",
      "node": {
        "label": "int",
        "type": "VARIABLE_TYPE"
      },
      "location-before-char-start": 0,
      "location-before-char-end": 0,
      "node-str": "int"
    },
    {
      "type": "delete-node",
      "node": {
        "label": "final",
        "type": "Modifier"
      },
      "location-before-char-start": 0,
      "location-before-char-end": 0,
      "node-str": "final"
    },
    {
      "type": "delete-node",
      "node": {
        "label": "static",
        "type": "Modifier"
      },
      "location-before-char-start": 0,
      "location-before-char-end": 0,
      "node-str": "static"
    },
    {
      "type": "delete-node",
      "node": {
        "label": "1",
        "type": "Literal"
      },
      "location-before-char-start": 1216,
      "location-before-char-end": 1216,
      "node-str": "1"
    },
    {
      "type": "delete-node",
      "node": {
        "label": "RANK_LOCAL",
        "type": "Field"
      },
      "location-before-char-start": 1178,
      "location-before-char-end": 1217,
      "node-str": "RANK_LOCAL"
    },
    {
      "type": "delete-node",
      "node": {
        "label": "org.eclipse.ui.commands.internal.LocalRegistry",
        "type": "VARIABLE_TYPE"
      },
      "location-before-char-start": 0,
      "location-before-char-end": 0,
      "node-str": "org.eclipse.ui.commands.internal.LocalRegistry"
    },
    {
      "type": "delete-node",
      "node": {
        "label": "public",
        "type": "Modifier"
      },
      "location-before-char-start": 0,
      "location-before-char-end": 0,
      "node-str": "public"
    },
    {
      "type": "delete-node",
      "node": {
        "label": "static",
        "type": "Modifier"
      },
      "location-before-char-start": 0,
      "location-before-char-end": 0,
      "node-str": "static"
    },
    {
      "type": "delete-node",
      "node": {
        "label": "instance",
        "type": "Field"
      },
      "location-before-char-start": 1288,
      "location-before-char-end": 1324,
      "node-str": "instance"
    },
    {
      "type": "delete-node",
      "node": {
        "label": "org.eclipse.ui.commands.internal.LocalRegistry",
        "type": "RETURN_TYPE"
      },
      "location-before-char-start": 0,
      "location-before-char-end": 0,
      "node-str": "org.eclipse.ui.commands.internal.LocalRegistry"
    },
    {
      "type": "delete-node",
      "node": {
        "label": "public",
        "type": "Modifier"
      },
      "location-before-char-start": 0,
      "location-before-char-end": 0,
      "node-str": "public"
    },
    {
      "type": "delete-node",
      "node": {
        "label": "static",
        "type": "Modifier"
      },
      "location-before-char-start": 0,
      "location-before-char-end": 0,
      "node-str": "static"
    },
    {
      "type": "delete-node",
      "node": {
        "label": "instance",
        "type": "FieldRead"
      },
      "location-before-char-start": 1379,
      "location-before-char-end": 1386,
      "node-str": "instance"
    },
    {
      "type": "delete-node",
      "node": {
        "label": "null",
        "type": "Literal"
      },
      "location-before-char-start": 1391,
      "location-before-char-end": 1394,
      "node-str": "null"
    },
    {
      "type": "delete-node",
      "node": {
        "label": "EQ",
        "type": "BinaryOperator"
      },
      "location-before-char-start": 1379,
      "location-before-char-end": 1394,
      "node-str": "EQ"
    },
    {
      "type": "delete-node",
      "node": {
        "label": "instance",
        "type": "FieldWrite"
      },
      "location-before-char-start": 1400,
      "location-before-char-end": 1407,
      "node-str": "instance"
    },
    {
      "type": "delete-node",
      "node": {
        "label": "org.eclipse.ui.commands.internal.LocalRegistry()",
        "type": "ConstructorCall"
      },
      "location-before-char-start": 1411,
      "location-before-char-end": 1429,
      "node-str": "org.eclipse.ui.commands.internal.LocalRegistry()"
    },
    {
      "type": "delete-node",
      "node": {
        "label": "\u003d",
        "type": "Assignment"
      },
      "location-before-char-start": 1400,
      "location-before-char-end": 1430,
      "node-str": "\u003d"
    },
    {
      "type": "delete-node",
      "node": {
        "label": "THEN",
        "type": "then"
      },
      "location-before-char-start": 1400,
      "location-before-char-end": 1430,
      "node-str": "THEN"
    },
    {
      "type": "delete-node",
      "node": {
        "label": "if",
        "type": "If"
      },
      "location-before-char-start": 1375,
      "location-before-char-end": 1430,
      "node-str": "if"
    },
    {
      "type": "delete-node",
      "node": {
        "label": "instance",
        "type": "FieldRead"
      },
      "location-before-char-start": 1443,
      "location-before-char-end": 1450,
      "node-str": "instance"
    },
    {
      "type": "delete-node",
      "node": {
        "label": "return",
        "type": "Return"
      },
      "location-before-char-start": 1436,
      "location-before-char-end": 1451,
      "node-str": "return"
    },
    {
      "type": "delete-node",
      "node": {
        "label": "getInstance",
        "type": "Method"
      },
      "location-before-char-start": 1329,
      "location-before-char-end": 1454,
      "node-str": "getInstance"
    },
    {
      "type": "delete-node",
      "node": {
        "label": "\u003cinit\u003e",
        "type": "Invocation"
      },
      "location-before-char-start": 1486,
      "location-before-char-end": 1493,
      "node-str": "\u003cinit\u003e"
    },
    {
      "type": "delete-node",
      "node": {
        "label": "\u003cinit\u003e",
        "type": "Constructor"
      },
      "location-before-char-start": 1458,
      "location-before-char-end": 1496,
      "node-str": "\u003cinit\u003e"
    }
  ],
  "before-file": {},
  "after-file": {},
  "mapping": {}
}