{
  "tool-info": {},
  "diff": [
    {
      "type": "insert-node",
      "node": {
        "label": "",
        "type": "TypeReference"
      },
      "location-after-char-start": 9859,
      "location-after-char-end": 9872,
      "node-str": ""
    },
    {
      "type": "insert-node",
      "node": {
        "label": "datePattern",
        "type": "Field"
      },
      "location-after-char-start": 9881,
      "location-after-char-end": 9950,
      "node-str": "datePattern"
    },
    {
      "type": "insert-node",
      "node": {
        "label": "realFileNote",
        "type": "Field"
      },
      "location-after-char-start": 9956,
      "location-after-char-end": 9972,
      "node-str": "realFileNote"
    },
    {
      "type": "insert-node",
      "node": {
        "label": "\u003cinit\u003e",
        "type": "Constructor"
      },
      "location-after-char-start": 9983,
      "location-after-char-end": 10064,
      "node-str": "\u003cinit\u003e"
    },
    {
      "type": "insert-node",
      "node": {
        "label": "setNoteId",
        "type": "Method"
      },
      "location-after-char-start": 10071,
      "location-after-char-end": 10125,
      "node-str": "setNoteId"
    },
    {
      "type": "insert-node",
      "node": {
        "label": "ServletWrapper",
        "type": "SUPER_TYPE"
      },
      "location-after-char-start": 0,
      "location-after-char-end": 0,
      "node-str": "ServletWrapper"
    },
    {
      "type": "insert-node",
      "node": {
        "label": "java.lang.String",
        "type": "VARIABLE_TYPE"
      },
      "location-after-char-start": 0,
      "location-after-char-end": 0,
      "node-str": "java.lang.String"
    },
    {
      "type": "insert-node",
      "node": {
        "label": "final",
        "type": "Modifier"
      },
      "location-after-char-start": 0,
      "location-after-char-end": 0,
      "node-str": "final"
    },
    {
      "type": "insert-node",
      "node": {
        "label": "static",
        "type": "Modifier"
      },
      "location-after-char-start": 0,
      "location-after-char-end": 0,
      "node-str": "static"
    },
    {
      "type": "insert-node",
      "node": {
        "label": "\"EEE, dd MMM yyyyy HH:mm z\"",
        "type": "Literal"
      },
      "location-after-char-start": 9923,
      "location-after-char-end": 9949,
      "node-str": "\"EEE, dd MMM yyyyy HH:mm z\""
    },
    {
      "type": "insert-node",
      "node": {
        "label": "int",
        "type": "VARIABLE_TYPE"
      },
      "location-after-char-start": 0,
      "location-after-char-end": 0,
      "node-str": "int"
    },
    {
      "type": "insert-node",
      "node": {
        "label": "\u003d",
        "type": "Assignment"
      },
      "location-after-char-start": 9999,
      "location-after-char-end": 10015,
      "node-str": "\u003d"
    },
    {
      "type": "insert-node",
      "node": {
        "label": "\u003d",
        "type": "Assignment"
      },
      "location-after-char-start": 10018,
      "location-after-char-end": 10031,
      "node-str": "\u003d"
    },
    {
      "type": "insert-node",
      "node": {
        "label": "\u003d",
        "type": "Assignment"
      },
      "location-after-char-start": 10034,
      "location-after-char-end": 10058,
      "node-str": "\u003d"
    },
    {
      "type": "insert-node",
      "node": {
        "label": "void",
        "type": "RETURN_TYPE"
      },
      "location-after-char-start": 0,
      "location-after-char-end": 0,
      "node-str": "void"
    },
    {
      "type": "insert-node",
      "node": {
        "label": "public",
        "type": "Modifier"
      },
      "location-after-char-start": 0,
      "location-after-char-end": 0,
      "node-str": "public"
    },
    {
      "type": "insert-node",
      "node": {
        "label": "n",
        "type": "Parameter"
      },
      "location-after-char-start": 10094,
      "location-after-char-end": 10098,
      "node-str": "n"
    },
    {
      "type": "insert-node",
      "node": {
        "label": "\u003d",
        "type": "Assignment"
      },
      "location-after-char-start": 10105,
      "location-after-char-end": 10119,
      "node-str": "\u003d"
    },
    {
      "type": "insert-node",
      "node": {
        "label": "initialized",
        "type": "FieldWrite"
      },
      "location-after-char-start": 9999,
      "location-after-char-end": 10009,
      "node-str": "initialized"
    },
    {
      "type": "insert-node",
      "node": {
        "label": "true",
        "type": "Literal"
      },
      "location-after-char-start": 10011,
      "location-after-char-end": 10014,
      "node-str": "true"
    },
    {
      "type": "insert-node",
      "node": {
        "label": "internal",
        "type": "FieldWrite"
      },
      "location-after-char-start": 10018,
      "location-after-char-end": 10025,
      "node-str": "internal"
    },
    {
      "type": "insert-node",
      "node": {
        "label": "true",
        "type": "Literal"
      },
      "location-after-char-start": 10027,
      "location-after-char-end": 10030,
      "node-str": "true"
    },
    {
      "type": "insert-node",
      "node": {
        "label": "name",
        "type": "FieldWrite"
      },
      "location-after-char-start": 10034,
      "location-after-char-end": 10037,
      "node-str": "name"
    },
    {
      "type": "insert-node",
      "node": {
        "label": "\"tomcat.dirHandler\"",
        "type": "Literal"
      },
      "location-after-char-start": 10039,
      "location-after-char-end": 10057,
      "node-str": "\"tomcat.dirHandler\""
    },
    {
      "type": "insert-node",
      "node": {
        "label": "int",
        "type": "VARIABLE_TYPE"
      },
      "location-after-char-start": 0,
      "location-after-char-end": 0,
      "node-str": "int"
    },
    {
      "type": "insert-node",
      "node": {
        "label": "realFileNote",
        "type": "FieldWrite"
      },
      "location-after-char-start": 10105,
      "location-after-char-end": 10116,
      "node-str": "realFileNote"
    },
    {
      "type": "insert-node",
      "node": {
        "label": "n",
        "type": "VariableRead"
      },
      "location-after-char-start": 10118,
      "location-after-char-end": 10118,
      "node-str": "n"
    },
    {
      "type": "insert-node",
      "node": {
        "label": "org.apache.tomcat.request.DirHandler",
        "type": "TypeAccess"
      },
      "location-after-char-start": 0,
      "location-after-char-end": 0,
      "node-str": "org.apache.tomcat.request.DirHandler"
    },
    {
      "type": "update-node",
      "node": {
        "label": "\"org.apache.tomcat.servlets\"",
        "type": "Literal"
      },
      "location-before-char-start": 10394,
      "location-before-char-end": 10421,
      "location-after-char-start": 10394,
      "location-after-char-end": 10422,
      "node-str": "\"org.apache.tomcat.resources\""
    },
    {
      "type": "delete-node",
      "node": {
        "label": "ServletWrapper",
        "type": "SUPER_TYPE"
      },
      "location-before-char-start": 0,
      "location-before-char-end": 0,
      "node-str": "ServletWrapper"
    },
    {
      "type": "delete-node",
      "node": {
        "label": "",
        "type": "TypeReference"
      },
      "location-before-char-start": 9859,
      "location-before-char-end": 9872,
      "node-str": ""
    },
    {
      "type": "delete-node",
      "node": {
        "label": "java.lang.String",
        "type": "VARIABLE_TYPE"
      },
      "location-before-char-start": 0,
      "location-before-char-end": 0,
      "node-str": "java.lang.String"
    },
    {
      "type": "delete-node",
      "node": {
        "label": "final",
        "type": "Modifier"
      },
      "location-before-char-start": 0,
      "location-before-char-end": 0,
      "node-str": "final"
    },
    {
      "type": "delete-node",
      "node": {
        "label": "static",
        "type": "Modifier"
      },
      "location-before-char-start": 0,
      "location-before-char-end": 0,
      "node-str": "static"
    },
    {
      "type": "delete-node",
      "node": {
        "label": "\"EEE, dd MMM yyyyy HH:mm z\"",
        "type": "Literal"
      },
      "location-before-char-start": 9923,
      "location-before-char-end": 9949,
      "node-str": "\"EEE, dd MMM yyyyy HH:mm z\""
    },
    {
      "type": "delete-node",
      "node": {
        "label": "datePattern",
        "type": "Field"
      },
      "location-before-char-start": 9881,
      "location-before-char-end": 9950,
      "node-str": "datePattern"
    },
    {
      "type": "delete-node",
      "node": {
        "label": "int",
        "type": "VARIABLE_TYPE"
      },
      "location-before-char-start": 0,
      "location-before-char-end": 0,
      "node-str": "int"
    },
    {
      "type": "delete-node",
      "node": {
        "label": "realFileNote",
        "type": "Field"
      },
      "location-before-char-start": 9956,
      "location-before-char-end": 9972,
      "node-str": "realFileNote"
    },
    {
      "type": "delete-node",
      "node": {
        "label": "initialized",
        "type": "FieldWrite"
      },
      "location-before-char-start": 9999,
      "location-before-char-end": 10009,
      "node-str": "initialized"
    },
    {
      "type": "delete-node",
      "node": {
        "label": "true",
        "type": "Literal"
      },
      "location-before-char-start": 10011,
      "location-before-char-end": 10014,
      "node-str": "true"
    },
    {
      "type": "delete-node",
      "node": {
        "label": "\u003d",
        "type": "Assignment"
      },
      "location-before-char-start": 9999,
      "location-before-char-end": 10015,
      "node-str": "\u003d"
    },
    {
      "type": "delete-node",
      "node": {
        "label": "internal",
        "type": "FieldWrite"
      },
      "location-before-char-start": 10018,
      "location-before-char-end": 10025,
      "node-str": "internal"
    },
    {
      "type": "delete-node",
      "node": {
        "label": "true",
        "type": "Literal"
      },
      "location-before-char-start": 10027,
      "location-before-char-end": 10030,
      "node-str": "true"
    },
    {
      "type": "delete-node",
      "node": {
        "label": "\u003d",
        "type": "Assignment"
      },
      "location-before-char-start": 10018,
      "location-before-char-end": 10031,
      "node-str": "\u003d"
    },
    {
      "type": "delete-node",
      "node": {
        "label": "name",
        "type": "FieldWrite"
      },
      "location-before-char-start": 10034,
      "location-before-char-end": 10037,
      "node-str": "name"
    },
    {
      "type": "delete-node",
      "node": {
        "label": "\"tomcat.dirHandler\"",
        "type": "Literal"
      },
      "location-before-char-start": 10039,
      "location-before-char-end": 10057,
      "node-str": "\"tomcat.dirHandler\""
    },
    {
      "type": "delete-node",
      "node": {
        "label": "\u003d",
        "type": "Assignment"
      },
      "location-before-char-start": 10034,
      "location-before-char-end": 10058,
      "node-str": "\u003d"
    },
    {
      "type": "delete-node",
      "node": {
        "label": "\u003cinit\u003e",
        "type": "Constructor"
      },
      "location-before-char-start": 9983,
      "location-before-char-end": 10064,
      "node-str": "\u003cinit\u003e"
    },
    {
      "type": "delete-node",
      "node": {
        "label": "void",
        "type": "RETURN_TYPE"
      },
      "location-before-char-start": 0,
      "location-before-char-end": 0,
      "node-str": "void"
    },
    {
      "type": "delete-node",
      "node": {
        "label": "public",
        "type": "Modifier"
      },
      "location-before-char-start": 0,
      "location-before-char-end": 0,
      "node-str": "public"
    },
    {
      "type": "delete-node",
      "node": {
        "label": "int",
        "type": "VARIABLE_TYPE"
      },
      "location-before-char-start": 0,
      "location-before-char-end": 0,
      "node-str": "int"
    },
    {
      "type": "delete-node",
      "node": {
        "label": "n",
        "type": "Parameter"
      },
      "location-before-char-start": 10094,
      "location-before-char-end": 10098,
      "node-str": "n"
    },
    {
      "type": "delete-node",
      "node": {
        "label": "org.apache.tomcat.request.DirHandler",
        "type": "TypeAccess"
      },
      "location-before-char-start": 0,
      "location-before-char-end": 0,
      "node-str": "org.apache.tomcat.request.DirHandler"
    },
    {
      "type": "delete-node",
      "node": {
        "label": "realFileNote",
        "type": "FieldWrite"
      },
      "location-before-char-start": 10105,
      "location-before-char-end": 10116,
      "node-str": "realFileNote"
    },
    {
      "type": "delete-node",
      "node": {
        "label": "n",
        "type": "VariableRead"
      },
      "location-before-char-start": 10118,
      "location-before-char-end": 10118,
      "node-str": "n"
    },
    {
      "type": "delete-node",
      "node": {
        "label": "\u003d",
        "type": "Assignment"
      },
      "location-before-char-start": 10105,
      "location-before-char-end": 10119,
      "node-str": "\u003d"
    },
    {
      "type": "delete-node",
      "node": {
        "label": "setNoteId",
        "type": "Method"
      },
      "location-before-char-start": 10071,
      "location-before-char-end": 10125,
      "node-str": "setNoteId"
    }
  ],
  "before-file": {},
  "after-file": {},
  "mapping": {}
}