{
  "tool-info": {},
  "diff": [
    {
      "type": "insert-node",
      "node": {
        "label": "final",
        "type": "Modifier"
      },
      "location-after-char-start": 0,
      "location-after-char-end": 0,
      "node-str": "final"
    },
    {
      "type": "insert-node",
      "node": {
        "label": "public",
        "type": "Modifier"
      },
      "location-after-char-start": 0,
      "location-after-char-end": 0,
      "node-str": "public"
    },
    {
      "type": "insert-node",
      "node": {
        "label": "LEFT_TO_RIGHT",
        "type": "Field"
      },
      "location-after-char-start": 5278,
      "location-after-char-end": 5327,
      "node-str": "LEFT_TO_RIGHT"
    },
    {
      "type": "insert-node",
      "node": {
        "label": "RIGHT_TO_LEFT",
        "type": "Field"
      },
      "location-after-char-start": 5344,
      "location-after-char-end": 5393,
      "node-str": "RIGHT_TO_LEFT"
    },
    {
      "type": "insert-node",
      "node": {
        "label": "ORIENTATION_COMMAND_LINE",
        "type": "Field"
      },
      "location-after-char-start": 5409,
      "location-after-char-end": 5478,
      "node-str": "ORIENTATION_COMMAND_LINE"
    },
    {
      "type": "insert-node",
      "node": {
        "label": "ORIENTATION_PROPERTY",
        "type": "Field"
      },
      "location-after-char-start": 5494,
      "location-after-char-end": 5566,
      "node-str": "ORIENTATION_PROPERTY"
    },
    {
      "type": "insert-node",
      "node": {
        "label": "instance",
        "type": "Field"
      },
      "location-after-char-start": 5784,
      "location-after-char-end": 5883,
      "node-str": "instance"
    },
    {
      "type": "insert-node",
      "node": {
        "label": "testableObject",
        "type": "Field"
      },
      "location-after-char-start": 5890,
      "location-after-char-end": 6014,
      "node-str": "testableObject"
    },
    {
      "type": "insert-node",
      "node": {
        "label": "display",
        "type": "Field"
      },
      "location-after-char-start": 6021,
      "location-after-char-end": 6155,
      "node-str": "display"
    },
    {
      "type": "insert-node",
      "node": {
        "label": "windowManager",
        "type": "Field"
      },
      "location-after-char-start": 6162,
      "location-after-char-end": 6197,
      "node-str": "windowManager"
    },
    {
      "type": "insert-node",
      "node": {
        "label": "activatedWindow",
        "type": "Field"
      },
      "location-after-char-start": 6204,
      "location-after-char-end": 6243,
      "node-str": "activatedWindow"
    },
    {
      "type": "insert-node",
      "node": {
        "label": "editorHistory",
        "type": "Field"
      },
      "location-after-char-start": 6250,
      "location-after-char-end": 6285,
      "node-str": "editorHistory"
    },
    {
      "type": "insert-node",
      "node": {
        "label": "runEventLoop",
        "type": "Field"
      },
      "location-after-char-start": 6292,
      "location-after-char-end": 6327,
      "node-str": "runEventLoop"
    },
    {
      "type": "insert-node",
      "node": {
        "label": "isStarting",
        "type": "Field"
      },
      "location-after-char-start": 6334,
      "location-after-char-end": 6367,
      "node-str": "isStarting"
    },
    {
      "type": "insert-node",
      "node": {
        "label": "isClosing",
        "type": "Field"
      },
      "location-after-char-start": 6374,
      "location-after-char-end": 6407,
      "node-str": "isClosing"
    },
    {
      "type": "insert-node",
      "node": {
        "label": "returnCode",
        "type": "Field"
      },
      "location-after-char-start": 6414,
      "location-after-char-end": 6529,
      "node-str": "returnCode"
    },
    {
      "type": "insert-node",
      "node": {
        "label": "windowListeners",
        "type": "Field"
      },
      "location-after-char-start": 6536,
      "location-after-char-end": 6593,
      "node-str": "windowListeners"
    },
    {
      "type": "insert-node",
      "node": {
        "label": "advisor",
        "type": "Field"
      },
      "location-after-char-start": 6600,
      "location-after-char-end": 6777,
      "node-str": "advisor"
    },
    {
      "type": "insert-node",
      "node": {
        "label": "workbenchConfigurer",
        "type": "Field"
      },
      "location-after-char-start": 6784,
      "location-after-char-end": 6993,
      "node-str": "workbenchConfigurer"
    },
    {
      "type": "insert-node",
      "node": {
        "label": "extensionEventHandler",
        "type": "Field"
      },
      "location-after-char-start": 7000,
      "location-after-char-end": 7155,
      "node-str": "extensionEventHandler"
    },
    {
      "type": "insert-node",
      "node": {
        "label": "largeUpdates",
        "type": "Field"
      },
      "location-after-char-start": 7162,
      "location-after-char-end": 7646,
      "node-str": "largeUpdates"
    },
    {
      "type": "insert-node",
      "node": {
        "label": "init",
        "type": "Method"
      },
      "location-after-char-start": 27861,
      "location-after-char-end": 31391,
      "node-str": "init"
    },
    {
      "type": "insert-node",
      "node": {
        "label": "getDefaultOrientation",
        "type": "Method"
      },
      "location-after-char-start": 31398,
      "location-after-char-end": 32239,
      "node-str": "getDefaultOrientation"
    },
    {
      "type": "insert-node",
      "node": {
        "label": "getSystemPropertyOrientation",
        "type": "Method"
      },
      "location-after-char-start": 32243,
      "location-after-char-end": 32793,
      "node-str": "getSystemPropertyOrientation"
    },
    {
      "type": "insert-node",
      "node": {
        "label": "getCommandLineOrientation",
        "type": "Method"
      },
      "location-after-char-start": 32797,
      "location-after-char-end": 33649,
      "node-str": "getCommandLineOrientation"
    },
    {
      "type": "insert-node",
      "node": {
        "label": "workbenchActivitySupport",
        "type": "Field"
      },
      "location-after-char-start": 72317,
      "location-after-char-end": 72374,
      "node-str": "workbenchActivitySupport"
    },
    {
      "type": "insert-node",
      "node": {
        "label": "workbenchCommandSupport",
        "type": "Field"
      },
      "location-after-char-start": 72381,
      "location-after-char-end": 72436,
      "node-str": "workbenchCommandSupport"
    },
    {
      "type": "insert-node",
      "node": {
        "label": "workbenchContextSupport",
        "type": "Field"
      },
      "location-after-char-start": 72443,
      "location-after-char-end": 72498,
      "node-str": "workbenchContextSupport"
    },
    {
      "type": "insert-node",
      "node": {
        "label": "activityHelper",
        "type": "Field"
      },
      "location-after-char-start": 74890,
      "location-after-char-end": 74938,
      "node-str": "activityHelper"
    },
    {
      "type": "insert-node",
      "node": {
        "label": "introDescriptor",
        "type": "Field"
      },
      "location-after-char-start": 75947,
      "location-after-char-end": 76109,
      "node-str": "introDescriptor"
    },
    {
      "type": "insert-node",
      "node": {
        "label": "java.lang.String",
        "type": "VARIABLE_TYPE"
      },
      "location-after-char-start": 0,
      "location-after-char-end": 0,
      "node-str": "java.lang.String"
    },
    {
      "type": "insert-node",
      "node": {
        "label": "final",
        "type": "Modifier"
      },
      "location-after-char-start": 0,
      "location-after-char-end": 0,
      "node-str": "final"
    },
    {
      "type": "insert-node",
      "node": {
        "label": "static",
        "type": "Modifier"
      },
      "location-after-char-start": 0,
      "location-after-char-end": 0,
      "node-str": "static"
    },
    {
      "type": "insert-node",
      "node": {
        "label": "\"ltr\"",
        "type": "Literal"
      },
      "location-after-char-start": 5322,
      "location-after-char-end": 5326,
      "node-str": "\"ltr\""
    },
    {
      "type": "insert-node",
      "node": {
        "label": "java.lang.String",
        "type": "VARIABLE_TYPE"
      },
      "location-after-char-start": 0,
      "location-after-char-end": 0,
      "node-str": "java.lang.String"
    },
    {
      "type": "insert-node",
      "node": {
        "label": "final",
        "type": "Modifier"
      },
      "location-after-char-start": 0,
      "location-after-char-end": 0,
      "node-str": "final"
    },
    {
      "type": "insert-node",
      "node": {
        "label": "static",
        "type": "Modifier"
      },
      "location-after-char-start": 0,
      "location-after-char-end": 0,
      "node-str": "static"
    },
    {
      "type": "insert-node",
      "node": {
        "label": "\"rtl\"",
        "type": "Literal"
      },
      "location-after-char-start": 5388,
      "location-after-char-end": 5392,
      "node-str": "\"rtl\""
    },
    {
      "type": "insert-node",
      "node": {
        "label": "java.lang.String",
        "type": "VARIABLE_TYPE"
      },
      "location-after-char-start": 0,
      "location-after-char-end": 0,
      "node-str": "java.lang.String"
    },
    {
      "type": "insert-node",
      "node": {
        "label": "final",
        "type": "Modifier"
      },
      "location-after-char-start": 0,
      "location-after-char-end": 0,
      "node-str": "final"
    },
    {
      "type": "insert-node",
      "node": {
        "label": "static",
        "type": "Modifier"
      },
      "location-after-char-start": 0,
      "location-after-char-end": 0,
      "node-str": "static"
    },
    {
      "type": "insert-node",
      "node": {
        "label": "\"-orientation\"",
        "type": "Literal"
      },
      "location-after-char-start": 5464,
      "location-after-char-end": 5477,
      "node-str": "\"-orientation\""
    },
    {
      "type": "insert-node",
      "node": {
        "label": "java.lang.String",
        "type": "VARIABLE_TYPE"
      },
      "location-after-char-start": 0,
      "location-after-char-end": 0,
      "node-str": "java.lang.String"
    },
    {
      "type": "insert-node",
      "node": {
        "label": "final",
        "type": "Modifier"
      },
      "location-after-char-start": 0,
      "location-after-char-end": 0,
      "node-str": "final"
    },
    {
      "type": "insert-node",
      "node": {
        "label": "static",
        "type": "Modifier"
      },
      "location-after-char-start": 0,
      "location-after-char-end": 0,
      "node-str": "static"
    },
    {
      "type": "insert-node",
      "node": {
        "label": "\"eclipse.orientation\"",
        "type": "Literal"
      },
      "location-after-char-start": 5545,
      "location-after-char-end": 5565,
      "node-str": "\"eclipse.orientation\""
    },
    {
      "type": "insert-node",
      "node": {
        "label": "org.eclipse.ui.internal.Workbench",
        "type": "VARIABLE_TYPE"
      },
      "location-after-char-start": 0,
      "location-after-char-end": 0,
      "node-str": "org.eclipse.ui.internal.Workbench"
    },
    {
      "type": "insert-node",
      "node": {
        "label": "static",
        "type": "Modifier"
      },
      "location-after-char-start": 0,
      "location-after-char-end": 0,
      "node-str": "static"
    },
    {
      "type": "insert-node",
      "node": {
        "label": "org.eclipse.ui.internal.testing.WorkbenchTestable",
        "type": "VARIABLE_TYPE"
      },
      "location-after-char-start": 0,
      "location-after-char-end": 0,
      "node-str": "org.eclipse.ui.internal.testing.WorkbenchTestable"
    },
    {
      "type": "insert-node",
      "node": {
        "label": "static",
        "type": "Modifier"
      },
      "location-after-char-start": 0,
      "location-after-char-end": 0,
      "node-str": "static"
    },
    {
      "type": "insert-node",
      "node": {
        "label": "org.eclipse.swt.widgets.Display",
        "type": "VARIABLE_TYPE"
      },
      "location-after-char-start": 0,
      "location-after-char-end": 0,
      "node-str": "org.eclipse.swt.widgets.Display"
    },
    {
      "type": "insert-node",
      "node": {
        "label": "org.eclipse.jface.window.WindowManager",
        "type": "VARIABLE_TYPE"
      },
      "location-after-char-start": 0,
      "location-after-char-end": 0,
      "node-str": "org.eclipse.jface.window.WindowManager"
    },
    {
      "type": "insert-node",
      "node": {
        "label": "org.eclipse.ui.internal.WorkbenchWindow",
        "type": "VARIABLE_TYPE"
      },
      "location-after-char-start": 0,
      "location-after-char-end": 0,
      "node-str": "org.eclipse.ui.internal.WorkbenchWindow"
    },
    {
      "type": "insert-node",
      "node": {
        "label": "org.eclipse.ui.internal.EditorHistory",
        "type": "VARIABLE_TYPE"
      },
      "location-after-char-start": 0,
      "location-after-char-end": 0,
      "node-str": "org.eclipse.ui.internal.EditorHistory"
    },
    {
      "type": "insert-node",
      "node": {
        "label": "boolean",
        "type": "VARIABLE_TYPE"
      },
      "location-after-char-start": 0,
      "location-after-char-end": 0,
      "node-str": "boolean"
    },
    {
      "type": "insert-node",
      "node": {
        "label": "true",
        "type": "Literal"
      },
      "location-after-char-start": 6323,
      "location-after-char-end": 6326,
      "node-str": "true"
    },
    {
      "type": "insert-node",
      "node": {
        "label": "boolean",
        "type": "VARIABLE_TYPE"
      },
      "location-after-char-start": 0,
      "location-after-char-end": 0,
      "node-str": "boolean"
    },
    {
      "type": "insert-node",
      "node": {
        "label": "true",
        "type": "Literal"
      },
      "location-after-char-start": 6363,
      "location-after-char-end": 6366,
      "node-str": "true"
    },
    {
      "type": "insert-node",
      "node": {
        "label": "boolean",
        "type": "VARIABLE_TYPE"
      },
      "location-after-char-start": 0,
      "location-after-char-end": 0,
      "node-str": "boolean"
    },
    {
      "type": "insert-node",
      "node": {
        "label": "false",
        "type": "Literal"
      },
      "location-after-char-start": 6402,
      "location-after-char-end": 6406,
      "node-str": "false"
    },
    {
      "type": "insert-node",
      "node": {
        "label": "int",
        "type": "VARIABLE_TYPE"
      },
      "location-after-char-start": 0,
      "location-after-char-end": 0,
      "node-str": "int"
    },
    {
      "type": "insert-node",
      "node": {
        "label": "org.eclipse.jface.util.ListenerList",
        "type": "VARIABLE_TYPE"
      },
      "location-after-char-start": 0,
      "location-after-char-end": 0,
      "node-str": "org.eclipse.jface.util.ListenerList"
    },
    {
      "type": "insert-node",
      "node": {
        "label": "org.eclipse.jface.util.ListenerList()",
        "type": "ConstructorCall"
      },
      "location-after-char-start": 6575,
      "location-after-char-end": 6592,
      "node-str": "org.eclipse.jface.util.ListenerList()"
    },
    {
      "type": "insert-node",
      "node": {
        "label": "org.eclipse.ui.application.WorkbenchAdvisor",
        "type": "VARIABLE_TYPE"
      },
      "location-after-char-start": 0,
      "location-after-char-end": 0,
      "node-str": "org.eclipse.ui.application.WorkbenchAdvisor"
    },
    {
      "type": "insert-node",
      "node": {
        "label": "org.eclipse.ui.internal.WorkbenchConfigurer",
        "type": "VARIABLE_TYPE"
      },
      "location-after-char-start": 0,
      "location-after-char-end": 0,
      "node-str": "org.eclipse.ui.internal.WorkbenchConfigurer"
    },
    {
      "type": "insert-node",
      "node": {
        "label": "org.eclipse.ui.internal.ExtensionEventHandler",
        "type": "VARIABLE_TYPE"
      },
      "location-after-char-start": 0,
      "location-after-char-end": 0,
      "node-str": "org.eclipse.ui.internal.ExtensionEventHandler"
    },
    {
      "type": "insert-node",
      "node": {
        "label": "int",
        "type": "VARIABLE_TYPE"
      },
      "location-after-char-start": 0,
      "location-after-char-end": 0,
      "node-str": "int"
    },
    {
      "type": "insert-node",
      "node": {
        "label": "0",
        "type": "Literal"
      },
      "location-after-char-start": 7645,
      "location-after-char-end": 7645,
      "node-str": "0"
    },
    {
      "type": "insert-node",
      "node": {
        "label": "boolean",
        "type": "RETURN_TYPE"
      },
      "location-after-char-start": 0,
      "location-after-char-end": 0,
      "node-str": "boolean"
    },
    {
      "type": "insert-node",
      "node": {
        "label": "display",
        "type": "Parameter"
      },
      "location-after-char-start": 28011,
      "location-after-char-end": 28025,
      "node-str": "display"
    },
    {
      "type": "move-subtree",
      "node": {
        "label": "if",
        "type": "If"
      },
      "location-before-char-start": 27747,
      "location-before-char-end": 27892,
      "location-after-char-start": 28079,
      "location-after-char-end": 28224,
      "node-str": "if"
    },
    {
      "type": "move-subtree",
      "node": {
        "label": "\u003d",
        "type": "Assignment"
      },
      "location-before-char-start": 27946,
      "location-before-char-end": 27981,
      "location-after-char-start": 28278,
      "location-after-char-end": 28313,
      "node-str": "\u003d"
    },
    {
      "type": "move-subtree",
      "node": {
        "label": "introRegistry",
        "type": "LocalVariable"
      },
      "location-before-char-start": 27992,
      "location-before-char-end": 28087,
      "location-after-char-start": 28324,
      "location-after-char-end": 28419,
      "node-str": "introRegistry"
    },
    {
      "type": "move-subtree",
      "node": {
        "label": "if",
        "type": "If"
      },
      "location-before-char-start": 28097,
      "location-before-char-end": 28377,
      "location-after-char-start": 28429,
      "location-after-char-end": 28709,
      "node-str": "if"
    },
    {
      "type": "move-subtree",
      "node": {
        "label": "\u003d",
        "type": "Assignment"
      },
      "location-before-char-start": 28483,
      "location-before-char-end": 28540,
      "location-after-char-start": 28815,
      "location-after-char-end": 28872,
      "node-str": "\u003d"
    },
    {
      "type": "move-subtree",
      "node": {
        "label": "\u003d",
        "type": "Assignment"
      },
      "location-before-char-start": 28550,
      "location-before-char-end": 28606,
      "location-after-char-start": 28882,
      "location-after-char-end": 28938,
      "node-str": "\u003d"
    },
    {
      "type": "move-subtree",
      "node": {
        "label": "\u003d",
        "type": "Assignment"
      },
      "location-before-char-start": 28617,
      "location-before-char-end": 28676,
      "location-after-char-start": 28949,
      "location-after-char-end": 29008,
      "node-str": "\u003d"
    },
    {
      "type": "move-subtree",
      "node": {
        "label": "\u003d",
        "type": "Assignment"
      },
      "location-before-char-start": 28686,
      "location-before-char-end": 28745,
      "location-after-char-start": 29018,
      "location-after-char-end": 29077,
      "node-str": "\u003d"
    },
    {
      "type": "insert-node",
      "node": {
        "label": "initialize",
        "type": "Invocation"
      },
      "location-after-char-start": 29087,
      "location-after-char-end": 29123,
      "node-str": "initialize"
    },
    {
      "type": "move-subtree",
      "node": {
        "label": "addCommandManagerListener",
        "type": "Invocation"
      },
      "location-before-char-start": 28834,
      "location-before-char-end": 28944,
      "location-after-char-start": 29166,
      "location-after-char-end": 29276,
      "node-str": "addCommandManagerListener"
    },
    {
      "type": "move-subtree",
      "node": {
        "label": "addContextManagerListener",
        "type": "Invocation"
      },
      "location-before-char-start": 28955,
      "location-before-char-end": 29065,
      "location-after-char-start": 29287,
      "location-after-char-end": 29397,
      "node-str": "addContextManagerListener"
    },
    {
      "type": "insert-node",
      "node": {
        "label": "initializeCommandResolver",
        "type": "Invocation"
      },
      "location-after-char-start": 29408,
      "location-after-char-end": 29435,
      "node-str": "initializeCommandResolver"
    },
    {
      "type": "move-subtree",
      "node": {
        "label": "addWindowListener",
        "type": "Invocation"
      },
      "location-before-char-start": 29114,
      "location-before-char-end": 29147,
      "location-after-char-start": 29446,
      "location-after-char-end": 29479,
      "node-str": "addWindowListener"
    },
    {
      "type": "insert-node",
      "node": {
        "label": "initializeImages",
        "type": "Invocation"
      },
      "location-after-char-start": 29583,
      "location-after-char-end": 29601,
      "node-str": "initializeImages"
    },
    {
      "type": "insert-node",
      "node": {
        "label": "initializeFonts",
        "type": "Invocation"
      },
      "location-after-char-start": 29611,
      "location-after-char-end": 29628,
      "node-str": "initializeFonts"
    },
    {
      "type": "insert-node",
      "node": {
        "label": "initializeColors",
        "type": "Invocation"
      },
      "location-after-char-start": 29638,
      "location-after-char-end": 29656,
      "node-str": "initializeColors"
    },
    {
      "type": "insert-node",
      "node": {
        "label": "initializeApplicationColors",
        "type": "Invocation"
      },
      "location-after-char-start": 29666,
      "location-after-char-end": 29695,
      "node-str": "initializeApplicationColors"
    },
    {
      "type": "move-subtree",
      "node": {
        "label": "internalBasicInitialize",
        "type": "Invocation"
      },
      "location-before-char-start": 29477,
      "location-before-char-end": 29534,
      "location-after-char-start": 29809,
      "location-after-char-end": 29866,
      "node-str": "internalBasicInitialize"
    },
    {
      "type": "move-subtree",
      "node": {
        "label": "useColorIcons",
        "type": "LocalVariable"
      },
      "location-before-char-start": 29597,
      "location-before-char-end": 29703,
      "location-after-char-start": 29929,
      "location-after-char-end": 30035,
      "node-str": "useColorIcons"
    },
    {
      "type": "insert-node",
      "node": {
        "label": "setUseColorIconsInToolbars",
        "type": "Invocation"
      },
      "location-after-char-start": 30045,
      "location-after-char-end": 30109,
      "node-str": "setUseColorIconsInToolbars"
    },
    {
      "type": "insert-node",
      "node": {
        "label": "initializeSingleClickOption",
        "type": "Invocation"
      },
      "location-after-char-start": 30190,
      "location-after-char-end": 30219,
      "node-str": "initializeSingleClickOption"
    },
    {
      "type": "insert-node",
      "node": {
        "label": "avoidDeadlock",
        "type": "LocalVariable"
      },
      "location-after-char-start": 30255,
      "location-after-char-end": 30283,
      "node-str": "avoidDeadlock"
    },
    {
      "type": "move-subtree",
      "node": {
        "label": "commandLineArgs",
        "type": "LocalVariable"
      },
      "location-before-char-start": 29962,
      "location-before-char-end": 30018,
      "location-after-char-start": 30294,
      "location-after-char-end": 30350,
      "node-str": "commandLineArgs"
    },
    {
      "type": "move-subtree",
      "node": {
        "label": "",
        "type": "For"
      },
      "location-before-char-start": 30028,
      "location-before-char-end": 30211,
      "location-after-char-start": 30360,
      "location-after-char-end": 30543,
      "node-str": ""
    },
    {
      "type": "insert-node",
      "node": {
        "label": "setDefaultOrientation",
        "type": "Invocation"
      },
      "location-after-char-start": 30562,
      "location-after-char-end": 30630,
      "node-str": "setDefaultOrientation"
    },
    {
      "type": "move-subtree",
      "node": {
        "label": "if",
        "type": "If"
      },
      "location-before-char-start": 30222,
      "location-before-char-end": 30497,
      "location-after-char-start": 30641,
      "location-after-char-end": 30916,
      "node-str": "if"
    },
    {
      "type": "move-subtree",
      "node": {
        "label": "",
        "type": "Try"
      },
      "location-before-char-start": 30565,
      "location-before-char-end": 30882,
      "location-after-char-start": 30984,
      "location-after-char-end": 31301,
      "node-str": ""
    },
    {
      "type": "insert-node",
      "node": {
        "label": "forceOpenPerspective",
        "type": "Invocation"
      },
      "location-after-char-start": 31312,
      "location-after-char-end": 31334,
      "node-str": "forceOpenPerspective"
    },
    {
      "type": "move-subtree",
      "node": {
        "label": "\u003d",
        "type": "Assignment"
      },
      "location-before-char-start": 30926,
      "location-before-char-end": 30944,
      "location-after-char-start": 31345,
      "location-after-char-end": 31363,
      "node-str": "\u003d"
    },
    {
      "type": "insert-node",
      "node": {
        "label": "return",
        "type": "Return"
      },
      "location-after-char-start": 31374,
      "location-after-char-end": 31385,
      "node-str": "return"
    },
    {
      "type": "insert-node",
      "node": {
        "label": "int",
        "type": "RETURN_TYPE"
      },
      "location-after-char-start": 0,
      "location-after-char-end": 0,
      "node-str": "int"
    },
    {
      "type": "insert-node",
      "node": {
        "label": "commandLineArgs",
        "type": "Parameter"
      },
      "location-after-char-start": 31689,
      "location-after-char-end": 31712,
      "node-str": "commandLineArgs"
    },
    {
      "type": "insert-node",
      "node": {
        "label": "orientation",
        "type": "LocalVariable"
      },
      "location-after-char-start": 31722,
      "location-after-char-end": 31782,
      "node-str": "orientation"
    },
    {
      "type": "insert-node",
      "node": {
        "label": "\u003d",
        "type": "Assignment"
      },
      "location-after-char-start": 31789,
      "location-after-char-end": 31848,
      "node-str": "\u003d"
    },
    {
      "type": "insert-node",
      "node": {
        "label": "if",
        "type": "If"
      },
      "location-after-char-start": 31855,
      "location-after-char-end": 31904,
      "node-str": "if"
    },
    {
      "type": "insert-node",
      "node": {
        "label": "locale",
        "type": "LocalVariable"
      },
      "location-after-char-start": 31909,
      "location-after-char-end": 31944,
      "node-str": "locale"
    },
    {
      "type": "insert-node",
      "node": {
        "label": "lang",
        "type": "LocalVariable"
      },
      "location-after-char-start": 31948,
      "location-after-char-end": 31982,
      "node-str": "lang"
    },
    {
      "type": "insert-node",
      "node": {
        "label": "if",
        "type": "If"
      },
      "location-after-char-start": 31987,
      "location-after-char-end": 32159,
      "node-str": "if"
    },
    {
      "type": "insert-node",
      "node": {
        "label": "return",
        "type": "Return"
      },
      "location-after-char-start": 32167,
      "location-after-char-end": 32182,
      "node-str": "return"
    },
    {
      "type": "insert-node",
      "node": {
        "label": "int",
        "type": "RETURN_TYPE"
      },
      "location-after-char-start": 0,
      "location-after-char-end": 0,
      "node-str": "int"
    },
    {
      "type": "insert-node",
      "node": {
        "label": "commandLineArgs",
        "type": "Parameter"
      },
      "location-after-char-start": 32542,
      "location-after-char-end": 32565,
      "node-str": "commandLineArgs"
    },
    {
      "type": "insert-node",
      "node": {
        "label": "orientation",
        "type": "LocalVariable"
      },
      "location-after-char-start": 32572,
      "location-after-char-end": 32633,
      "node-str": "orientation"
    },
    {
      "type": "insert-node",
      "node": {
        "label": "if",
        "type": "If"
      },
      "location-after-char-start": 32637,
      "location-after-char-end": 32702,
      "node-str": "if"
    },
    {
      "type": "insert-node",
      "node": {
        "label": "if",
        "type": "If"
      },
      "location-after-char-start": 32706,
      "location-after-char-end": 32771,
      "node-str": "if"
    },
    {
      "type": "insert-node",
      "node": {
        "label": "return",
        "type": "Return"
      },
      "location-after-char-start": 32775,
      "location-after-char-end": 32790,
      "node-str": "return"
    },
    {
      "type": "insert-node",
      "node": {
        "label": "int",
        "type": "RETURN_TYPE"
      },
      "location-after-char-start": 0,
      "location-after-char-end": 0,
      "node-str": "int"
    },
    {
      "type": "insert-node",
      "node": {
        "label": "commandLineArgs",
        "type": "Parameter"
      },
      "location-after-char-start": 33067,
      "location-after-char-end": 33090,
      "node-str": "commandLineArgs"
    },
    {
      "type": "insert-node",
      "node": {
        "label": "",
        "type": "For"
      },
      "location-after-char-start": 33163,
      "location-after-char-end": 33624,
      "node-str": ""
    },
    {
      "type": "insert-node",
      "node": {
        "label": "return",
        "type": "Return"
      },
      "location-after-char-start": 33631,
      "location-after-char-end": 33646,
      "node-str": "return"
    },
    {
      "type": "insert-node",
      "node": {
        "label": "org.eclipse.ui.internal.activities.ws.WorkbenchActivitySupport",
        "type": "VARIABLE_TYPE"
      },
      "location-after-char-start": 0,
      "location-after-char-end": 0,
      "node-str": "org.eclipse.ui.internal.activities.ws.WorkbenchActivitySupport"
    },
    {
      "type": "insert-node",
      "node": {
        "label": "org.eclipse.ui.internal.commands.ws.WorkbenchCommandSupport",
        "type": "VARIABLE_TYPE"
      },
      "location-after-char-start": 0,
      "location-after-char-end": 0,
      "node-str": "org.eclipse.ui.internal.commands.ws.WorkbenchCommandSupport"
    },
    {
      "type": "insert-node",
      "node": {
        "label": "org.eclipse.ui.internal.contexts.ws.WorkbenchContextSupport",
        "type": "VARIABLE_TYPE"
      },
      "location-after-char-start": 0,
      "location-after-char-end": 0,
      "node-str": "org.eclipse.ui.internal.contexts.ws.WorkbenchContextSupport"
    },
    {
      "type": "insert-node",
      "node": {
        "label": "org.eclipse.ui.internal.ActivityPersistanceHelper",
        "type": "VARIABLE_TYPE"
      },
      "location-after-char-start": 0,
      "location-after-char-end": 0,
      "node-str": "org.eclipse.ui.internal.ActivityPersistanceHelper"
    },
    {
      "type": "insert-node",
      "node": {
        "label": "org.eclipse.ui.internal.intro.IntroDescriptor",
        "type": "VARIABLE_TYPE"
      },
      "location-after-char-start": 0,
      "location-after-char-end": 0,
      "node-str": "org.eclipse.ui.internal.intro.IntroDescriptor"
    },
    {
      "type": "insert-node",
      "node": {
        "label": "org.eclipse.swt.widgets.Display",
        "type": "VARIABLE_TYPE"
      },
      "location-after-char-start": 0,
      "location-after-char-end": 0,
      "node-str": "org.eclipse.swt.widgets.Display"
    },
    {
      "type": "insert-node",
      "node": {
        "label": "workbenchContextSupport",
        "type": "FieldRead"
      },
      "location-after-char-start": 29087,
      "location-after-char-end": 29109,
      "node-str": "workbenchContextSupport"
    },
    {
      "type": "insert-node",
      "node": {
        "label": "org.eclipse.ui.internal.Workbench",
        "type": "TypeAccess"
      },
      "location-after-char-start": 0,
      "location-after-char-end": 0,
      "node-str": "org.eclipse.ui.internal.Workbench"
    },
    {
      "type": "insert-node",
      "node": {
        "label": "org.eclipse.ui.internal.Workbench",
        "type": "TypeAccess"
      },
      "location-after-char-start": 0,
      "location-after-char-end": 0,
      "node-str": "org.eclipse.ui.internal.Workbench"
    },
    {
      "type": "insert-node",
      "node": {
        "label": "org.eclipse.ui.internal.Workbench",
        "type": "TypeAccess"
      },
      "location-after-char-start": 0,
      "location-after-char-end": 0,
      "node-str": "org.eclipse.ui.internal.Workbench"
    },
    {
      "type": "insert-node",
      "node": {
        "label": "org.eclipse.ui.internal.Workbench",
        "type": "TypeAccess"
      },
      "location-after-char-start": 0,
      "location-after-char-end": 0,
      "node-str": "org.eclipse.ui.internal.Workbench"
    },
    {
      "type": "insert-node",
      "node": {
        "label": "org.eclipse.ui.internal.Workbench",
        "type": "TypeAccess"
      },
      "location-after-char-start": 0,
      "location-after-char-end": 0,
      "node-str": "org.eclipse.ui.internal.Workbench"
    },
    {
      "type": "insert-node",
      "node": {
        "label": "org.eclipse.jface.action.ActionContributionItem",
        "type": "TypeAccess"
      },
      "location-after-char-start": 30045,
      "location-after-char-end": 30066,
      "node-str": "org.eclipse.jface.action.ActionContributionItem"
    },
    {
      "type": "insert-node",
      "node": {
        "label": "useColorIcons",
        "type": "VariableRead"
      },
      "location-after-char-start": 30095,
      "location-after-char-end": 30107,
      "node-str": "useColorIcons"
    },
    {
      "type": "insert-node",
      "node": {
        "label": "org.eclipse.ui.internal.Workbench",
        "type": "TypeAccess"
      },
      "location-after-char-start": 0,
      "location-after-char-end": 0,
      "node-str": "org.eclipse.ui.internal.Workbench"
    },
    {
      "type": "insert-node",
      "node": {
        "label": "boolean",
        "type": "VARIABLE_TYPE"
      },
      "location-after-char-start": 0,
      "location-after-char-end": 0,
      "node-str": "boolean"
    },
    {
      "type": "insert-node",
      "node": {
        "label": "true",
        "type": "Literal"
      },
      "location-after-char-start": 30279,
      "location-after-char-end": 30282,
      "node-str": "true"
    },
    {
      "type": "insert-node",
      "node": {
        "label": "org.eclipse.jface.window.Window",
        "type": "TypeAccess"
      },
      "location-after-char-start": 30562,
      "location-after-char-end": 30567,
      "node-str": "org.eclipse.jface.window.Window"
    },
    {
      "type": "insert-node",
      "node": {
        "label": "getDefaultOrientation",
        "type": "Invocation"
      },
      "location-after-char-start": 30591,
      "location-after-char-end": 30628,
      "node-str": "getDefaultOrientation"
    },
    {
      "type": "insert-node",
      "node": {
        "label": "org.eclipse.ui.internal.Workbench",
        "type": "TypeAccess"
      },
      "location-after-char-start": 0,
      "location-after-char-end": 0,
      "node-str": "org.eclipse.ui.internal.Workbench"
    },
    {
      "type": "insert-node",
      "node": {
        "label": "true",
        "type": "Literal"
      },
      "location-after-char-start": 31381,
      "location-after-char-end": 31384,
      "node-str": "true"
    },
    {
      "type": "insert-node",
      "node": {
        "label": "java.lang.String[]",
        "type": "VARIABLE_TYPE"
      },
      "location-after-char-start": 0,
      "location-after-char-end": 0,
      "node-str": "java.lang.String[]"
    },
    {
      "type": "insert-node",
      "node": {
        "label": "int",
        "type": "VARIABLE_TYPE"
      },
      "location-after-char-start": 0,
      "location-after-char-end": 0,
      "node-str": "int"
    },
    {
      "type": "insert-node",
      "node": {
        "label": "getCommandLineOrientation",
        "type": "Invocation"
      },
      "location-after-char-start": 31740,
      "location-after-char-end": 31781,
      "node-str": "getCommandLineOrientation"
    },
    {
      "type": "insert-node",
      "node": {
        "label": "orientation",
        "type": "VariableWrite"
      },
      "location-after-char-start": 31789,
      "location-after-char-end": 31799,
      "node-str": "orientation"
    },
    {
      "type": "insert-node",
      "node": {
        "label": "getSystemPropertyOrientation",
        "type": "Invocation"
      },
      "location-after-char-start": 31803,
      "location-after-char-end": 31847,
      "node-str": "getSystemPropertyOrientation"
    },
    {
      "type": "insert-node",
      "node": {
        "label": "NE",
        "type": "BinaryOperator"
      },
      "location-after-char-start": 31858,
      "location-after-char-end": 31880,
      "node-str": "NE"
    },
    {
      "type": "insert-node",
      "node": {
        "label": "THEN",
        "type": "then"
      },
      "location-after-char-start": 31886,
      "location-after-char-end": 31904,
      "node-str": "THEN"
    },
    {
      "type": "insert-node",
      "node": {
        "label": "java.util.Locale",
        "type": "VARIABLE_TYPE"
      },
      "location-after-char-start": 0,
      "location-after-char-end": 0,
      "node-str": "java.util.Locale"
    },
    {
      "type": "insert-node",
      "node": {
        "label": "getDefault",
        "type": "Invocation"
      },
      "location-after-char-start": 31925,
      "location-after-char-end": 31943,
      "node-str": "getDefault"
    },
    {
      "type": "insert-node",
      "node": {
        "label": "java.lang.String",
        "type": "VARIABLE_TYPE"
      },
      "location-after-char-start": 0,
      "location-after-char-end": 0,
      "node-str": "java.lang.String"
    },
    {
      "type": "insert-node",
      "node": {
        "label": "getLanguage",
        "type": "Invocation"
      },
      "location-after-char-start": 31962,
      "location-after-char-end": 31981,
      "node-str": "getLanguage"
    },
    {
      "type": "insert-node",
      "node": {
        "label": "OR",
        "type": "BinaryOperator"
      },
      "location-after-char-start": 31991,
      "location-after-char-end": 32115,
      "node-str": "OR"
    },
    {
      "type": "insert-node",
      "node": {
        "label": "THEN",
        "type": "then"
      },
      "location-after-char-start": 32135,
      "location-after-char-end": 32159,
      "node-str": "THEN"
    },
    {
      "type": "insert-node",
      "node": {
        "label": "NONE",
        "type": "FieldRead"
      },
      "location-after-char-start": 32174,
      "location-after-char-end": 32181,
      "node-str": "NONE"
    },
    {
      "type": "insert-node",
      "node": {
        "label": "java.lang.String[]",
        "type": "VARIABLE_TYPE"
      },
      "location-after-char-start": 0,
      "location-after-char-end": 0,
      "node-str": "java.lang.String[]"
    },
    {
      "type": "insert-node",
      "node": {
        "label": "java.lang.String",
        "type": "VARIABLE_TYPE"
      },
      "location-after-char-start": 0,
      "location-after-char-end": 0,
      "node-str": "java.lang.String"
    },
    {
      "type": "insert-node",
      "node": {
        "label": "getProperty",
        "type": "Invocation"
      },
      "location-after-char-start": 32593,
      "location-after-char-end": 32632,
      "node-str": "getProperty"
    },
    {
      "type": "insert-node",
      "node": {
        "label": "equals",
        "type": "Invocation"
      },
      "location-after-char-start": 32640,
      "location-after-char-end": 32672,
      "node-str": "equals"
    },
    {
      "type": "insert-node",
      "node": {
        "label": "THEN",
        "type": "then"
      },
      "location-after-char-start": 32678,
      "location-after-char-end": 32702,
      "node-str": "THEN"
    },
    {
      "type": "insert-node",
      "node": {
        "label": "equals",
        "type": "Invocation"
      },
      "location-after-char-start": 32709,
      "location-after-char-end": 32741,
      "node-str": "equals"
    },
    {
      "type": "insert-node",
      "node": {
        "label": "THEN",
        "type": "then"
      },
      "location-after-char-start": 32747,
      "location-after-char-end": 32771,
      "node-str": "THEN"
    },
    {
      "type": "insert-node",
      "node": {
        "label": "NONE",
        "type": "FieldRead"
      },
      "location-after-char-start": 32782,
      "location-after-char-end": 32789,
      "node-str": "NONE"
    },
    {
      "type": "insert-node",
      "node": {
        "label": "java.lang.String[]",
        "type": "VARIABLE_TYPE"
      },
      "location-after-char-start": 0,
      "location-after-char-end": 0,
      "node-str": "java.lang.String[]"
    },
    {
      "type": "insert-node",
      "node": {
        "label": "i",
        "type": "LocalVariable"
      },
      "location-after-char-start": 33168,
      "location-after-char-end": 33176,
      "node-str": "i"
    },
    {
      "type": "insert-node",
      "node": {
        "label": "LT",
        "type": "BinaryOperator"
      },
      "location-after-char-start": 33179,
      "location-after-char-end": 33208,
      "node-str": "LT"
    },
    {
      "type": "insert-node",
      "node": {
        "label": "POSTINC",
        "type": "UnaryOperator"
      },
      "location-after-char-start": 33211,
      "location-after-char-end": 33213,
      "node-str": "POSTINC"
    },
    {
      "type": "insert-node",
      "node": {
        "label": "if",
        "type": "If"
      },
      "location-after-char-start": 33221,
      "location-after-char-end": 33620,
      "node-str": "if"
    },
    {
      "type": "insert-node",
      "node": {
        "label": "NONE",
        "type": "FieldRead"
      },
      "location-after-char-start": 33638,
      "location-after-char-end": 33645,
      "node-str": "NONE"
    },
    {
      "type": "insert-node",
      "node": {
        "label": "org.eclipse.ui.internal.Workbench",
        "type": "TypeAccess"
      },
      "location-after-char-start": 0,
      "location-after-char-end": 0,
      "node-str": "org.eclipse.ui.internal.Workbench"
    },
    {
      "type": "insert-node",
      "node": {
        "label": "org.eclipse.ui.internal.Workbench",
        "type": "TypeAccess"
      },
      "location-after-char-start": 0,
      "location-after-char-end": 0,
      "node-str": "org.eclipse.ui.internal.Workbench"
    },
    {
      "type": "insert-node",
      "node": {
        "label": "commandLineArgs",
        "type": "VariableRead"
      },
      "location-after-char-start": 30613,
      "location-after-char-end": 30627,
      "node-str": "commandLineArgs"
    },
    {
      "type": "insert-node",
      "node": {
        "label": "org.eclipse.ui.internal.Workbench",
        "type": "TypeAccess"
      },
      "location-after-char-start": 0,
      "location-after-char-end": 0,
      "node-str": "org.eclipse.ui.internal.Workbench"
    },
    {
      "type": "insert-node",
      "node": {
        "label": "commandLineArgs",
        "type": "VariableRead"
      },
      "location-after-char-start": 31766,
      "location-after-char-end": 31780,
      "node-str": "commandLineArgs"
    },
    {
      "type": "insert-node",
      "node": {
        "label": "org.eclipse.ui.internal.Workbench",
        "type": "TypeAccess"
      },
      "location-after-char-start": 0,
      "location-after-char-end": 0,
      "node-str": "org.eclipse.ui.internal.Workbench"
    },
    {
      "type": "insert-node",
      "node": {
        "label": "commandLineArgs",
        "type": "VariableRead"
      },
      "location-after-char-start": 31832,
      "location-after-char-end": 31846,
      "node-str": "commandLineArgs"
    },
    {
      "type": "insert-node",
      "node": {
        "label": "orientation",
        "type": "VariableRead"
      },
      "location-after-char-start": 31858,
      "location-after-char-end": 31868,
      "node-str": "orientation"
    },
    {
      "type": "insert-node",
      "node": {
        "label": "NONE",
        "type": "FieldRead"
      },
      "location-after-char-start": 31873,
      "location-after-char-end": 31880,
      "node-str": "NONE"
    },
    {
      "type": "insert-node",
      "node": {
        "label": "return",
        "type": "Return"
      },
      "location-after-char-start": 31886,
      "location-after-char-end": 31904,
      "node-str": "return"
    },
    {
      "type": "insert-node",
      "node": {
        "label": "java.util.Locale",
        "type": "TypeAccess"
      },
      "location-after-char-start": 31925,
      "location-after-char-end": 31930,
      "node-str": "java.util.Locale"
    },
    {
      "type": "insert-node",
      "node": {
        "label": "locale",
        "type": "VariableRead"
      },
      "location-after-char-start": 31962,
      "location-after-char-end": 31967,
      "node-str": "locale"
    },
    {
      "type": "insert-node",
      "node": {
        "label": "OR",
        "type": "BinaryOperator"
      },
      "location-after-char-start": 31991,
      "location-after-char-end": 32049,
      "node-str": "OR"
    },
    {
      "type": "insert-node",
      "node": {
        "label": "equals",
        "type": "Invocation"
      },
      "location-after-char-start": 32099,
      "location-after-char-end": 32115,
      "node-str": "equals"
    },
    {
      "type": "insert-node",
      "node": {
        "label": "return",
        "type": "Return"
      },
      "location-after-char-start": 32135,
      "location-after-char-end": 32159,
      "node-str": "return"
    },
    {
      "type": "insert-node",
      "node": {
        "label": "org.eclipse.swt.SWT",
        "type": "TypeAccess"
      },
      "location-after-char-start": 0,
      "location-after-char-end": 0,
      "node-str": "org.eclipse.swt.SWT"
    },
    {
      "type": "insert-node",
      "node": {
        "label": "java.lang.System",
        "type": "TypeAccess"
      },
      "location-after-char-start": 32593,
      "location-after-char-end": 32598,
      "node-str": "java.lang.System"
    },
    {
      "type": "insert-node",
      "node": {
        "label": "ORIENTATION_PROPERTY",
        "type": "FieldRead"
      },
      "location-after-char-start": 32612,
      "location-after-char-end": 32631,
      "node-str": "ORIENTATION_PROPERTY"
    },
    {
      "type": "insert-node",
      "node": {
        "label": "RIGHT_TO_LEFT",
        "type": "FieldRead"
      },
      "location-after-char-start": 32640,
      "location-after-char-end": 32652,
      "node-str": "RIGHT_TO_LEFT"
    },
    {
      "type": "insert-node",
      "node": {
        "label": "orientation",
        "type": "VariableRead"
      },
      "location-after-char-start": 32661,
      "location-after-char-end": 32671,
      "node-str": "orientation"
    },
    {
      "type": "insert-node",
      "node": {
        "label": "return",
        "type": "Return"
      },
      "location-after-char-start": 32678,
      "location-after-char-end": 32702,
      "node-str": "return"
    },
    {
      "type": "insert-node",
      "node": {
        "label": "LEFT_TO_RIGHT",
        "type": "FieldRead"
      },
      "location-after-char-start": 32709,
      "location-after-char-end": 32721,
      "node-str": "LEFT_TO_RIGHT"
    },
    {
      "type": "insert-node",
      "node": {
        "label": "orientation",
        "type": "VariableRead"
      },
      "location-after-char-start": 32730,
      "location-after-char-end": 32740,
      "node-str": "orientation"
    },
    {
      "type": "insert-node",
      "node": {
        "label": "return",
        "type": "Return"
      },
      "location-after-char-start": 32747,
      "location-after-char-end": 32771,
      "node-str": "return"
    },
    {
      "type": "insert-node",
      "node": {
        "label": "org.eclipse.swt.SWT",
        "type": "TypeAccess"
      },
      "location-after-char-start": 0,
      "location-after-char-end": 0,
      "node-str": "org.eclipse.swt.SWT"
    },
    {
      "type": "insert-node",
      "node": {
        "label": "int",
        "type": "VARIABLE_TYPE"
      },
      "location-after-char-start": 0,
      "location-after-char-end": 0,
      "node-str": "int"
    },
    {
      "type": "insert-node",
      "node": {
        "label": "0",
        "type": "Literal"
      },
      "location-after-char-start": 33176,
      "location-after-char-end": 33176,
      "node-str": "0"
    },
    {
      "type": "insert-node",
      "node": {
        "label": "i",
        "type": "VariableRead"
      },
      "location-after-char-start": 33179,
      "location-after-char-end": 33179,
      "node-str": "i"
    },
    {
      "type": "insert-node",
      "node": {
        "label": "MINUS",
        "type": "BinaryOperator"
      },
      "location-after-char-start": 33183,
      "location-after-char-end": 33208,
      "node-str": "MINUS"
    },
    {
      "type": "insert-node",
      "node": {
        "label": "i",
        "type": "VariableWrite"
      },
      "location-after-char-start": 33211,
      "location-after-char-end": 33211,
      "node-str": "i"
    },
    {
      "type": "insert-node",
      "node": {
        "label": "equalsIgnoreCase",
        "type": "Invocation"
      },
      "location-after-char-start": 33224,
      "location-after-char-end": 33284,
      "node-str": "equalsIgnoreCase"
    },
    {
      "type": "insert-node",
      "node": {
        "label": "THEN",
        "type": "then"
      },
      "location-after-char-start": 33286,
      "location-after-char-end": 33620,
      "node-str": "THEN"
    },
    {
      "type": "insert-node",
      "node": {
        "label": "org.eclipse.swt.SWT",
        "type": "TypeAccess"
      },
      "location-after-char-start": 0,
      "location-after-char-end": 0,
      "node-str": "org.eclipse.swt.SWT"
    },
    {
      "type": "insert-node",
      "node": {
        "label": "org.eclipse.swt.SWT",
        "type": "TypeAccess"
      },
      "location-after-char-start": 0,
      "location-after-char-end": 0,
      "node-str": "org.eclipse.swt.SWT"
    },
    {
      "type": "insert-node",
      "node": {
        "label": "orientation",
        "type": "VariableRead"
      },
      "location-after-char-start": 31893,
      "location-after-char-end": 31903,
      "node-str": "orientation"
    },
    {
      "type": "insert-node",
      "node": {
        "label": "OR",
        "type": "BinaryOperator"
      },
      "location-after-char-start": 31991,
      "location-after-char-end": 32028,
      "node-str": "OR"
    },
    {
      "type": "insert-node",
      "node": {
        "label": "equals",
        "type": "Invocation"
      },
      "location-after-char-start": 32033,
      "location-after-char-end": 32049,
      "node-str": "equals"
    },
    {
      "type": "insert-node",
      "node": {
        "label": "\"ur\"",
        "type": "Literal"
      },
      "location-after-char-start": 32099,
      "location-after-char-end": 32102,
      "node-str": "\"ur\""
    },
    {
      "type": "insert-node",
      "node": {
        "label": "lang",
        "type": "VariableRead"
      },
      "location-after-char-start": 32111,
      "location-after-char-end": 32114,
      "node-str": "lang"
    },
    {
      "type": "insert-node",
      "node": {
        "label": "RIGHT_TO_LEFT",
        "type": "FieldRead"
      },
      "location-after-char-start": 32142,
      "location-after-char-end": 32158,
      "node-str": "RIGHT_TO_LEFT"
    },
    {
      "type": "insert-node",
      "node": {
        "label": "RIGHT_TO_LEFT",
        "type": "FieldRead"
      },
      "location-after-char-start": 32685,
      "location-after-char-end": 32701,
      "node-str": "RIGHT_TO_LEFT"
    },
    {
      "type": "insert-node",
      "node": {
        "label": "LEFT_TO_RIGHT",
        "type": "FieldRead"
      },
      "location-after-char-start": 32754,
      "location-after-char-end": 32770,
      "node-str": "LEFT_TO_RIGHT"
    },
    {
      "type": "insert-node",
      "node": {
        "label": "length",
        "type": "FieldRead"
      },
      "location-after-char-start": 33183,
      "location-after-char-end": 33204,
      "node-str": "length"
    },
    {
      "type": "insert-node",
      "node": {
        "label": "1",
        "type": "Literal"
      },
      "location-after-char-start": 33208,
      "location-after-char-end": 33208,
      "node-str": "1"
    },
    {
      "type": "insert-node",
      "node": {
        "label": "",
        "type": "ArrayRead"
      },
      "location-after-char-start": 33224,
      "location-after-char-end": 33241,
      "node-str": ""
    },
    {
      "type": "insert-node",
      "node": {
        "label": "ORIENTATION_COMMAND_LINE",
        "type": "FieldRead"
      },
      "location-after-char-start": 33260,
      "location-after-char-end": 33283,
      "node-str": "ORIENTATION_COMMAND_LINE"
    },
    {
      "type": "insert-node",
      "node": {
        "label": "orientation",
        "type": "LocalVariable"
      },
      "location-after-char-start": 33292,
      "location-after-char-end": 33333,
      "node-str": "orientation"
    },
    {
      "type": "insert-node",
      "node": {
        "label": "if",
        "type": "If"
      },
      "location-after-char-start": 33339,
      "location-after-char-end": 33474,
      "node-str": "if"
    },
    {
      "type": "insert-node",
      "node": {
        "label": "if",
        "type": "If"
      },
      "location-after-char-start": 33480,
      "location-after-char-end": 33615,
      "node-str": "if"
    },
    {
      "type": "insert-node",
      "node": {
        "label": "equals",
        "type": "Invocation"
      },
      "location-after-char-start": 31991,
      "location-after-char-end": 32007,
      "node-str": "equals"
    },
    {
      "type": "insert-node",
      "node": {
        "label": "equals",
        "type": "Invocation"
      },
      "location-after-char-start": 32012,
      "location-after-char-end": 32028,
      "node-str": "equals"
    },
    {
      "type": "insert-node",
      "node": {
        "label": "\"fa\"",
        "type": "Literal"
      },
      "location-after-char-start": 32033,
      "location-after-char-end": 32036,
      "node-str": "\"fa\""
    },
    {
      "type": "insert-node",
      "node": {
        "label": "lang",
        "type": "VariableRead"
      },
      "location-after-char-start": 32045,
      "location-after-char-end": 32048,
      "node-str": "lang"
    },
    {
      "type": "insert-node",
      "node": {
        "label": "org.eclipse.swt.SWT",
        "type": "TypeAccess"
      },
      "location-after-char-start": 0,
      "location-after-char-end": 0,
      "node-str": "org.eclipse.swt.SWT"
    },
    {
      "type": "insert-node",
      "node": {
        "label": "org.eclipse.swt.SWT",
        "type": "TypeAccess"
      },
      "location-after-char-start": 0,
      "location-after-char-end": 0,
      "node-str": "org.eclipse.swt.SWT"
    },
    {
      "type": "insert-node",
      "node": {
        "label": "org.eclipse.swt.SWT",
        "type": "TypeAccess"
      },
      "location-after-char-start": 0,
      "location-after-char-end": 0,
      "node-str": "org.eclipse.swt.SWT"
    },
    {
      "type": "insert-node",
      "node": {
        "label": "commandLineArgs",
        "type": "VariableRead"
      },
      "location-after-char-start": 33183,
      "location-after-char-end": 33197,
      "node-str": "commandLineArgs"
    },
    {
      "type": "insert-node",
      "node": {
        "label": "commandLineArgs",
        "type": "VariableRead"
      },
      "location-after-char-start": 33224,
      "location-after-char-end": 33238,
      "node-str": "commandLineArgs"
    },
    {
      "type": "insert-node",
      "node": {
        "label": "i",
        "type": "VariableRead"
      },
      "location-after-char-start": 33240,
      "location-after-char-end": 33240,
      "node-str": "i"
    },
    {
      "type": "insert-node",
      "node": {
        "label": "java.lang.String",
        "type": "VARIABLE_TYPE"
      },
      "location-after-char-start": 0,
      "location-after-char-end": 0,
      "node-str": "java.lang.String"
    },
    {
      "type": "insert-node",
      "node": {
        "label": "",
        "type": "ArrayRead"
      },
      "location-after-char-start": 33313,
      "location-after-char-end": 33332,
      "node-str": ""
    },
    {
      "type": "insert-node",
      "node": {
        "label": "equals",
        "type": "Invocation"
      },
      "location-after-char-start": 33342,
      "location-after-char-end": 33374,
      "node-str": "equals"
    },
    {
      "type": "insert-node",
      "node": {
        "label": "THEN",
        "type": "then"
      },
      "location-after-char-start": 33376,
      "location-after-char-end": 33474,
      "node-str": "THEN"
    },
    {
      "type": "insert-node",
      "node": {
        "label": "equals",
        "type": "Invocation"
      },
      "location-after-char-start": 33483,
      "location-after-char-end": 33515,
      "node-str": "equals"
    },
    {
      "type": "insert-node",
      "node": {
        "label": "THEN",
        "type": "then"
      },
      "location-after-char-start": 33517,
      "location-after-char-end": 33615,
      "node-str": "THEN"
    },
    {
      "type": "insert-node",
      "node": {
        "label": "\"iw\"",
        "type": "Literal"
      },
      "location-after-char-start": 31991,
      "location-after-char-end": 31994,
      "node-str": "\"iw\""
    },
    {
      "type": "insert-node",
      "node": {
        "label": "lang",
        "type": "VariableRead"
      },
      "location-after-char-start": 32003,
      "location-after-char-end": 32006,
      "node-str": "lang"
    },
    {
      "type": "insert-node",
      "node": {
        "label": "\"ar\"",
        "type": "Literal"
      },
      "location-after-char-start": 32012,
      "location-after-char-end": 32015,
      "node-str": "\"ar\""
    },
    {
      "type": "insert-node",
      "node": {
        "label": "lang",
        "type": "VariableRead"
      },
      "location-after-char-start": 32024,
      "location-after-char-end": 32027,
      "node-str": "lang"
    },
    {
      "type": "insert-node",
      "node": {
        "label": "commandLineArgs",
        "type": "VariableRead"
      },
      "location-after-char-start": 33313,
      "location-after-char-end": 33327,
      "node-str": "commandLineArgs"
    },
    {
      "type": "insert-node",
      "node": {
        "label": "PLUS",
        "type": "BinaryOperator"
      },
      "location-after-char-start": 33329,
      "location-after-char-end": 33331,
      "node-str": "PLUS"
    },
    {
      "type": "insert-node",
      "node": {
        "label": "orientation",
        "type": "VariableRead"
      },
      "location-after-char-start": 33342,
      "location-after-char-end": 33352,
      "node-str": "orientation"
    },
    {
      "type": "insert-node",
      "node": {
        "label": "RIGHT_TO_LEFT",
        "type": "FieldRead"
      },
      "location-after-char-start": 33361,
      "location-after-char-end": 33373,
      "node-str": "RIGHT_TO_LEFT"
    },
    {
      "type": "insert-node",
      "node": {
        "label": "setProperty",
        "type": "Invocation"
      },
      "location-after-char-start": 33383,
      "location-after-char-end": 33437,
      "node-str": "setProperty"
    },
    {
      "type": "insert-node",
      "node": {
        "label": "return",
        "type": "Return"
      },
      "location-after-char-start": 33444,
      "location-after-char-end": 33468,
      "node-str": "return"
    },
    {
      "type": "insert-node",
      "node": {
        "label": "orientation",
        "type": "VariableRead"
      },
      "location-after-char-start": 33483,
      "location-after-char-end": 33493,
      "node-str": "orientation"
    },
    {
      "type": "insert-node",
      "node": {
        "label": "LEFT_TO_RIGHT",
        "type": "FieldRead"
      },
      "location-after-char-start": 33502,
      "location-after-char-end": 33514,
      "node-str": "LEFT_TO_RIGHT"
    },
    {
      "type": "insert-node",
      "node": {
        "label": "setProperty",
        "type": "Invocation"
      },
      "location-after-char-start": 33524,
      "location-after-char-end": 33578,
      "node-str": "setProperty"
    },
    {
      "type": "insert-node",
      "node": {
        "label": "return",
        "type": "Return"
      },
      "location-after-char-start": 33585,
      "location-after-char-end": 33609,
      "node-str": "return"
    },
    {
      "type": "insert-node",
      "node": {
        "label": "i",
        "type": "VariableRead"
      },
      "location-after-char-start": 33329,
      "location-after-char-end": 33329,
      "node-str": "i"
    },
    {
      "type": "insert-node",
      "node": {
        "label": "1",
        "type": "Literal"
      },
      "location-after-char-start": 33331,
      "location-after-char-end": 33331,
      "node-str": "1"
    },
    {
      "type": "insert-node",
      "node": {
        "label": "java.lang.System",
        "type": "TypeAccess"
      },
      "location-after-char-start": 33383,
      "location-after-char-end": 33388,
      "node-str": "java.lang.System"
    },
    {
      "type": "insert-node",
      "node": {
        "label": "ORIENTATION_PROPERTY",
        "type": "FieldRead"
      },
      "location-after-char-start": 33402,
      "location-after-char-end": 33421,
      "node-str": "ORIENTATION_PROPERTY"
    },
    {
      "type": "insert-node",
      "node": {
        "label": "RIGHT_TO_LEFT",
        "type": "FieldRead"
      },
      "location-after-char-start": 33423,
      "location-after-char-end": 33435,
      "node-str": "RIGHT_TO_LEFT"
    },
    {
      "type": "insert-node",
      "node": {
        "label": "RIGHT_TO_LEFT",
        "type": "FieldRead"
      },
      "location-after-char-start": 33451,
      "location-after-char-end": 33467,
      "node-str": "RIGHT_TO_LEFT"
    },
    {
      "type": "insert-node",
      "node": {
        "label": "java.lang.System",
        "type": "TypeAccess"
      },
      "location-after-char-start": 33524,
      "location-after-char-end": 33529,
      "node-str": "java.lang.System"
    },
    {
      "type": "insert-node",
      "node": {
        "label": "ORIENTATION_PROPERTY",
        "type": "FieldRead"
      },
      "location-after-char-start": 33543,
      "location-after-char-end": 33562,
      "node-str": "ORIENTATION_PROPERTY"
    },
    {
      "type": "insert-node",
      "node": {
        "label": "LEFT_TO_RIGHT",
        "type": "FieldRead"
      },
      "location-after-char-start": 33564,
      "location-after-char-end": 33576,
      "node-str": "LEFT_TO_RIGHT"
    },
    {
      "type": "insert-node",
      "node": {
        "label": "LEFT_TO_RIGHT",
        "type": "FieldRead"
      },
      "location-after-char-start": 33592,
      "location-after-char-end": 33608,
      "node-str": "LEFT_TO_RIGHT"
    },
    {
      "type": "insert-node",
      "node": {
        "label": "org.eclipse.swt.SWT",
        "type": "TypeAccess"
      },
      "location-after-char-start": 0,
      "location-after-char-end": 0,
      "node-str": "org.eclipse.swt.SWT"
    },
    {
      "type": "insert-node",
      "node": {
        "label": "org.eclipse.swt.SWT",
        "type": "TypeAccess"
      },
      "location-after-char-start": 0,
      "location-after-char-end": 0,
      "node-str": "org.eclipse.swt.SWT"
    },
    {
      "type": "delete-node",
      "node": {
        "label": "final",
        "type": "Modifier"
      },
      "location-before-char-start": 0,
      "location-before-char-end": 0,
      "node-str": "final"
    },
    {
      "type": "delete-node",
      "node": {
        "label": "public",
        "type": "Modifier"
      },
      "location-before-char-start": 0,
      "location-before-char-end": 0,
      "node-str": "public"
    },
    {
      "type": "delete-node",
      "node": {
        "label": "org.eclipse.ui.internal.Workbench",
        "type": "VARIABLE_TYPE"
      },
      "location-before-char-start": 0,
      "location-before-char-end": 0,
      "node-str": "org.eclipse.ui.internal.Workbench"
    },
    {
      "type": "delete-node",
      "node": {
        "label": "static",
        "type": "Modifier"
      },
      "location-before-char-start": 0,
      "location-before-char-end": 0,
      "node-str": "static"
    },
    {
      "type": "delete-node",
      "node": {
        "label": "instance",
        "type": "Field"
      },
      "location-before-char-start": 5452,
      "location-before-char-end": 5551,
      "node-str": "instance"
    },
    {
      "type": "delete-node",
      "node": {
        "label": "org.eclipse.ui.internal.testing.WorkbenchTestable",
        "type": "VARIABLE_TYPE"
      },
      "location-before-char-start": 0,
      "location-before-char-end": 0,
      "node-str": "org.eclipse.ui.internal.testing.WorkbenchTestable"
    },
    {
      "type": "delete-node",
      "node": {
        "label": "static",
        "type": "Modifier"
      },
      "location-before-char-start": 0,
      "location-before-char-end": 0,
      "node-str": "static"
    },
    {
      "type": "delete-node",
      "node": {
        "label": "testableObject",
        "type": "Field"
      },
      "location-before-char-start": 5558,
      "location-before-char-end": 5682,
      "node-str": "testableObject"
    },
    {
      "type": "delete-node",
      "node": {
        "label": "org.eclipse.swt.widgets.Display",
        "type": "VARIABLE_TYPE"
      },
      "location-before-char-start": 0,
      "location-before-char-end": 0,
      "node-str": "org.eclipse.swt.widgets.Display"
    },
    {
      "type": "delete-node",
      "node": {
        "label": "display",
        "type": "Field"
      },
      "location-before-char-start": 5689,
      "location-before-char-end": 5823,
      "node-str": "display"
    },
    {
      "type": "delete-node",
      "node": {
        "label": "org.eclipse.jface.window.WindowManager",
        "type": "VARIABLE_TYPE"
      },
      "location-before-char-start": 0,
      "location-before-char-end": 0,
      "node-str": "org.eclipse.jface.window.WindowManager"
    },
    {
      "type": "delete-node",
      "node": {
        "label": "windowManager",
        "type": "Field"
      },
      "location-before-char-start": 5830,
      "location-before-char-end": 5865,
      "node-str": "windowManager"
    },
    {
      "type": "delete-node",
      "node": {
        "label": "org.eclipse.ui.internal.WorkbenchWindow",
        "type": "VARIABLE_TYPE"
      },
      "location-before-char-start": 0,
      "location-before-char-end": 0,
      "node-str": "org.eclipse.ui.internal.WorkbenchWindow"
    },
    {
      "type": "delete-node",
      "node": {
        "label": "activatedWindow",
        "type": "Field"
      },
      "location-before-char-start": 5872,
      "location-before-char-end": 5911,
      "node-str": "activatedWindow"
    },
    {
      "type": "delete-node",
      "node": {
        "label": "org.eclipse.ui.internal.EditorHistory",
        "type": "VARIABLE_TYPE"
      },
      "location-before-char-start": 0,
      "location-before-char-end": 0,
      "node-str": "org.eclipse.ui.internal.EditorHistory"
    },
    {
      "type": "delete-node",
      "node": {
        "label": "editorHistory",
        "type": "Field"
      },
      "location-before-char-start": 5918,
      "location-before-char-end": 5953,
      "node-str": "editorHistory"
    },
    {
      "type": "delete-node",
      "node": {
        "label": "boolean",
        "type": "VARIABLE_TYPE"
      },
      "location-before-char-start": 0,
      "location-before-char-end": 0,
      "node-str": "boolean"
    },
    {
      "type": "delete-node",
      "node": {
        "label": "true",
        "type": "Literal"
      },
      "location-before-char-start": 5991,
      "location-before-char-end": 5994,
      "node-str": "true"
    },
    {
      "type": "delete-node",
      "node": {
        "label": "runEventLoop",
        "type": "Field"
      },
      "location-before-char-start": 5960,
      "location-before-char-end": 5995,
      "node-str": "runEventLoop"
    },
    {
      "type": "delete-node",
      "node": {
        "label": "boolean",
        "type": "VARIABLE_TYPE"
      },
      "location-before-char-start": 0,
      "location-before-char-end": 0,
      "node-str": "boolean"
    },
    {
      "type": "delete-node",
      "node": {
        "label": "true",
        "type": "Literal"
      },
      "location-before-char-start": 6031,
      "location-before-char-end": 6034,
      "node-str": "true"
    },
    {
      "type": "delete-node",
      "node": {
        "label": "isStarting",
        "type": "Field"
      },
      "location-before-char-start": 6002,
      "location-before-char-end": 6035,
      "node-str": "isStarting"
    },
    {
      "type": "delete-node",
      "node": {
        "label": "boolean",
        "type": "VARIABLE_TYPE"
      },
      "location-before-char-start": 0,
      "location-before-char-end": 0,
      "node-str": "boolean"
    },
    {
      "type": "delete-node",
      "node": {
        "label": "false",
        "type": "Literal"
      },
      "location-before-char-start": 6070,
      "location-before-char-end": 6074,
      "node-str": "false"
    },
    {
      "type": "delete-node",
      "node": {
        "label": "isClosing",
        "type": "Field"
      },
      "location-before-char-start": 6042,
      "location-before-char-end": 6075,
      "node-str": "isClosing"
    },
    {
      "type": "delete-node",
      "node": {
        "label": "int",
        "type": "VARIABLE_TYPE"
      },
      "location-before-char-start": 0,
      "location-before-char-end": 0,
      "node-str": "int"
    },
    {
      "type": "delete-node",
      "node": {
        "label": "returnCode",
        "type": "Field"
      },
      "location-before-char-start": 6082,
      "location-before-char-end": 6197,
      "node-str": "returnCode"
    },
    {
      "type": "delete-node",
      "node": {
        "label": "org.eclipse.jface.util.ListenerList",
        "type": "VARIABLE_TYPE"
      },
      "location-before-char-start": 0,
      "location-before-char-end": 0,
      "node-str": "org.eclipse.jface.util.ListenerList"
    },
    {
      "type": "delete-node",
      "node": {
        "label": "org.eclipse.jface.util.ListenerList()",
        "type": "ConstructorCall"
      },
      "location-before-char-start": 6243,
      "location-before-char-end": 6260,
      "node-str": "org.eclipse.jface.util.ListenerList()"
    },
    {
      "type": "delete-node",
      "node": {
        "label": "windowListeners",
        "type": "Field"
      },
      "location-before-char-start": 6204,
      "location-before-char-end": 6261,
      "node-str": "windowListeners"
    },
    {
      "type": "delete-node",
      "node": {
        "label": "org.eclipse.ui.application.WorkbenchAdvisor",
        "type": "VARIABLE_TYPE"
      },
      "location-before-char-start": 0,
      "location-before-char-end": 0,
      "node-str": "org.eclipse.ui.application.WorkbenchAdvisor"
    },
    {
      "type": "delete-node",
      "node": {
        "label": "advisor",
        "type": "Field"
      },
      "location-before-char-start": 6268,
      "location-before-char-end": 6445,
      "node-str": "advisor"
    },
    {
      "type": "delete-node",
      "node": {
        "label": "org.eclipse.ui.internal.WorkbenchConfigurer",
        "type": "VARIABLE_TYPE"
      },
      "location-before-char-start": 0,
      "location-before-char-end": 0,
      "node-str": "org.eclipse.ui.internal.WorkbenchConfigurer"
    },
    {
      "type": "delete-node",
      "node": {
        "label": "workbenchConfigurer",
        "type": "Field"
      },
      "location-before-char-start": 6452,
      "location-before-char-end": 6661,
      "node-str": "workbenchConfigurer"
    },
    {
      "type": "delete-node",
      "node": {
        "label": "org.eclipse.ui.internal.ExtensionEventHandler",
        "type": "VARIABLE_TYPE"
      },
      "location-before-char-start": 0,
      "location-before-char-end": 0,
      "node-str": "org.eclipse.ui.internal.ExtensionEventHandler"
    },
    {
      "type": "delete-node",
      "node": {
        "label": "extensionEventHandler",
        "type": "Field"
      },
      "location-before-char-start": 6668,
      "location-before-char-end": 6823,
      "node-str": "extensionEventHandler"
    },
    {
      "type": "delete-node",
      "node": {
        "label": "int",
        "type": "VARIABLE_TYPE"
      },
      "location-before-char-start": 0,
      "location-before-char-end": 0,
      "node-str": "int"
    },
    {
      "type": "delete-node",
      "node": {
        "label": "0",
        "type": "Literal"
      },
      "location-before-char-start": 7313,
      "location-before-char-end": 7313,
      "node-str": "0"
    },
    {
      "type": "delete-node",
      "node": {
        "label": "largeUpdates",
        "type": "Field"
      },
      "location-before-char-start": 6830,
      "location-before-char-end": 7314,
      "node-str": "largeUpdates"
    },
    {
      "type": "delete-node",
      "node": {
        "label": "boolean",
        "type": "RETURN_TYPE"
      },
      "location-before-char-start": 0,
      "location-before-char-end": 0,
      "node-str": "boolean"
    },
    {
      "type": "delete-node",
      "node": {
        "label": "org.eclipse.swt.widgets.Display",
        "type": "VARIABLE_TYPE"
      },
      "location-before-char-start": 0,
      "location-before-char-end": 0,
      "node-str": "org.eclipse.swt.widgets.Display"
    },
    {
      "type": "delete-node",
      "node": {
        "label": "display",
        "type": "Parameter"
      },
      "location-before-char-start": 27679,
      "location-before-char-end": 27693,
      "node-str": "display"
    },
    {
      "type": "delete-node",
      "node": {
        "label": "org.eclipse.ui.internal.Workbench",
        "type": "TypeAccess"
      },
      "location-before-char-start": 0,
      "location-before-char-end": 0,
      "node-str": "org.eclipse.ui.internal.Workbench"
    },
    {
      "type": "delete-node",
      "node": {
        "label": "workbenchContextSupport",
        "type": "FieldRead"
      },
      "location-before-char-start": 28755,
      "location-before-char-end": 28777,
      "node-str": "workbenchContextSupport"
    },
    {
      "type": "delete-node",
      "node": {
        "label": "initialize",
        "type": "Invocation"
      },
      "location-before-char-start": 28755,
      "location-before-char-end": 28791,
      "node-str": "initialize"
    },
    {
      "type": "delete-node",
      "node": {
        "label": "org.eclipse.ui.internal.Workbench",
        "type": "TypeAccess"
      },
      "location-before-char-start": 0,
      "location-before-char-end": 0,
      "node-str": "org.eclipse.ui.internal.Workbench"
    },
    {
      "type": "delete-node",
      "node": {
        "label": "initializeCommandResolver",
        "type": "Invocation"
      },
      "location-before-char-start": 29076,
      "location-before-char-end": 29103,
      "node-str": "initializeCommandResolver"
    },
    {
      "type": "delete-node",
      "node": {
        "label": "org.eclipse.ui.internal.Workbench",
        "type": "TypeAccess"
      },
      "location-before-char-start": 0,
      "location-before-char-end": 0,
      "node-str": "org.eclipse.ui.internal.Workbench"
    },
    {
      "type": "delete-node",
      "node": {
        "label": "initializeImages",
        "type": "Invocation"
      },
      "location-before-char-start": 29251,
      "location-before-char-end": 29269,
      "node-str": "initializeImages"
    },
    {
      "type": "delete-node",
      "node": {
        "label": "org.eclipse.ui.internal.Workbench",
        "type": "TypeAccess"
      },
      "location-before-char-start": 0,
      "location-before-char-end": 0,
      "node-str": "org.eclipse.ui.internal.Workbench"
    },
    {
      "type": "delete-node",
      "node": {
        "label": "initializeFonts",
        "type": "Invocation"
      },
      "location-before-char-start": 29279,
      "location-before-char-end": 29296,
      "node-str": "initializeFonts"
    },
    {
      "type": "delete-node",
      "node": {
        "label": "org.eclipse.ui.internal.Workbench",
        "type": "TypeAccess"
      },
      "location-before-char-start": 0,
      "location-before-char-end": 0,
      "node-str": "org.eclipse.ui.internal.Workbench"
    },
    {
      "type": "delete-node",
      "node": {
        "label": "initializeColors",
        "type": "Invocation"
      },
      "location-before-char-start": 29306,
      "location-before-char-end": 29324,
      "node-str": "initializeColors"
    },
    {
      "type": "delete-node",
      "node": {
        "label": "org.eclipse.ui.internal.Workbench",
        "type": "TypeAccess"
      },
      "location-before-char-start": 0,
      "location-before-char-end": 0,
      "node-str": "org.eclipse.ui.internal.Workbench"
    },
    {
      "type": "delete-node",
      "node": {
        "label": "initializeApplicationColors",
        "type": "Invocation"
      },
      "location-before-char-start": 29334,
      "location-before-char-end": 29363,
      "node-str": "initializeApplicationColors"
    },
    {
      "type": "delete-node",
      "node": {
        "label": "org.eclipse.jface.action.ActionContributionItem",
        "type": "TypeAccess"
      },
      "location-before-char-start": 29713,
      "location-before-char-end": 29734,
      "node-str": "org.eclipse.jface.action.ActionContributionItem"
    },
    {
      "type": "delete-node",
      "node": {
        "label": "useColorIcons",
        "type": "VariableRead"
      },
      "location-before-char-start": 29763,
      "location-before-char-end": 29775,
      "node-str": "useColorIcons"
    },
    {
      "type": "delete-node",
      "node": {
        "label": "setUseColorIconsInToolbars",
        "type": "Invocation"
      },
      "location-before-char-start": 29713,
      "location-before-char-end": 29777,
      "node-str": "setUseColorIconsInToolbars"
    },
    {
      "type": "delete-node",
      "node": {
        "label": "org.eclipse.ui.internal.Workbench",
        "type": "TypeAccess"
      },
      "location-before-char-start": 0,
      "location-before-char-end": 0,
      "node-str": "org.eclipse.ui.internal.Workbench"
    },
    {
      "type": "delete-node",
      "node": {
        "label": "initializeSingleClickOption",
        "type": "Invocation"
      },
      "location-before-char-start": 29858,
      "location-before-char-end": 29887,
      "node-str": "initializeSingleClickOption"
    },
    {
      "type": "delete-node",
      "node": {
        "label": "boolean",
        "type": "VARIABLE_TYPE"
      },
      "location-before-char-start": 0,
      "location-before-char-end": 0,
      "node-str": "boolean"
    },
    {
      "type": "delete-node",
      "node": {
        "label": "true",
        "type": "Literal"
      },
      "location-before-char-start": 29947,
      "location-before-char-end": 29950,
      "node-str": "true"
    },
    {
      "type": "delete-node",
      "node": {
        "label": "avoidDeadlock",
        "type": "LocalVariable"
      },
      "location-before-char-start": 29923,
      "location-before-char-end": 29951,
      "node-str": "avoidDeadlock"
    },
    {
      "type": "delete-node",
      "node": {
        "label": "org.eclipse.ui.internal.Workbench",
        "type": "TypeAccess"
      },
      "location-before-char-start": 0,
      "location-before-char-end": 0,
      "node-str": "org.eclipse.ui.internal.Workbench"
    },
    {
      "type": "delete-node",
      "node": {
        "label": "forceOpenPerspective",
        "type": "Invocation"
      },
      "location-before-char-start": 30893,
      "location-before-char-end": 30915,
      "node-str": "forceOpenPerspective"
    },
    {
      "type": "delete-node",
      "node": {
        "label": "true",
        "type": "Literal"
      },
      "location-before-char-start": 30962,
      "location-before-char-end": 30965,
      "node-str": "true"
    },
    {
      "type": "delete-node",
      "node": {
        "label": "return",
        "type": "Return"
      },
      "location-before-char-start": 30955,
      "location-before-char-end": 30966,
      "node-str": "return"
    },
    {
      "type": "delete-node",
      "node": {
        "label": "init",
        "type": "Method"
      },
      "location-before-char-start": 27529,
      "location-before-char-end": 30972,
      "node-str": "init"
    },
    {
      "type": "delete-node",
      "node": {
        "label": "org.eclipse.ui.internal.activities.ws.WorkbenchActivitySupport",
        "type": "VARIABLE_TYPE"
      },
      "location-before-char-start": 0,
      "location-before-char-end": 0,
      "node-str": "org.eclipse.ui.internal.activities.ws.WorkbenchActivitySupport"
    },
    {
      "type": "delete-node",
      "node": {
        "label": "workbenchActivitySupport",
        "type": "Field"
      },
      "location-before-char-start": 69640,
      "location-before-char-end": 69697,
      "node-str": "workbenchActivitySupport"
    },
    {
      "type": "delete-node",
      "node": {
        "label": "org.eclipse.ui.internal.commands.ws.WorkbenchCommandSupport",
        "type": "VARIABLE_TYPE"
      },
      "location-before-char-start": 0,
      "location-before-char-end": 0,
      "node-str": "org.eclipse.ui.internal.commands.ws.WorkbenchCommandSupport"
    },
    {
      "type": "delete-node",
      "node": {
        "label": "workbenchCommandSupport",
        "type": "Field"
      },
      "location-before-char-start": 69704,
      "location-before-char-end": 69759,
      "node-str": "workbenchCommandSupport"
    },
    {
      "type": "delete-node",
      "node": {
        "label": "org.eclipse.ui.internal.contexts.ws.WorkbenchContextSupport",
        "type": "VARIABLE_TYPE"
      },
      "location-before-char-start": 0,
      "location-before-char-end": 0,
      "node-str": "org.eclipse.ui.internal.contexts.ws.WorkbenchContextSupport"
    },
    {
      "type": "delete-node",
      "node": {
        "label": "workbenchContextSupport",
        "type": "Field"
      },
      "location-before-char-start": 69766,
      "location-before-char-end": 69821,
      "node-str": "workbenchContextSupport"
    },
    {
      "type": "delete-node",
      "node": {
        "label": "org.eclipse.ui.internal.ActivityPersistanceHelper",
        "type": "VARIABLE_TYPE"
      },
      "location-before-char-start": 0,
      "location-before-char-end": 0,
      "node-str": "org.eclipse.ui.internal.ActivityPersistanceHelper"
    },
    {
      "type": "delete-node",
      "node": {
        "label": "activityHelper",
        "type": "Field"
      },
      "location-before-char-start": 72213,
      "location-before-char-end": 72261,
      "node-str": "activityHelper"
    },
    {
      "type": "delete-node",
      "node": {
        "label": "org.eclipse.ui.internal.intro.IntroDescriptor",
        "type": "VARIABLE_TYPE"
      },
      "location-before-char-start": 0,
      "location-before-char-end": 0,
      "node-str": "org.eclipse.ui.internal.intro.IntroDescriptor"
    },
    {
      "type": "delete-node",
      "node": {
        "label": "introDescriptor",
        "type": "Field"
      },
      "location-before-char-start": 73270,
      "location-before-char-end": 73432,
      "node-str": "introDescriptor"
    }
  ],
  "before-file": {},
  "after-file": {},
  "mapping": {}
}