{
  "tool-info": {},
  "diff": [
    {
      "type": "insert-node",
      "node": {
        "label": "",
        "type": "PackageDeclaration"
      },
      "location-after-char-start": 0,
      "location-after-char-end": 29,
      "node-str": ""
    },
    {
      "type": "insert-node",
      "node": {
        "label": "",
        "type": "ImportDeclaration"
      },
      "location-after-char-start": 2365,
      "location-after-char-end": 2389,
      "node-str": ""
    },
    {
      "type": "insert-node",
      "node": {
        "label": "",
        "type": "ImportDeclaration"
      },
      "location-after-char-start": 2390,
      "location-after-char-end": 2412,
      "node-str": ""
    },
    {
      "type": "insert-node",
      "node": {
        "label": "",
        "type": "ImportDeclaration"
      },
      "location-after-char-start": 2413,
      "location-after-char-end": 2437,
      "node-str": ""
    },
    {
      "type": "insert-node",
      "node": {
        "label": "",
        "type": "ImportDeclaration"
      },
      "location-after-char-start": 2438,
      "location-after-char-end": 2459,
      "node-str": ""
    },
    {
      "type": "insert-node",
      "node": {
        "label": "",
        "type": "ImportDeclaration"
      },
      "location-after-char-start": 2460,
      "location-after-char-end": 2486,
      "node-str": ""
    },
    {
      "type": "insert-node",
      "node": {
        "label": "",
        "type": "ImportDeclaration"
      },
      "location-after-char-start": 2487,
      "location-after-char-end": 2516,
      "node-str": ""
    },
    {
      "type": "insert-node",
      "node": {
        "label": "",
        "type": "ImportDeclaration"
      },
      "location-after-char-start": 2518,
      "location-after-char-end": 2566,
      "node-str": ""
    },
    {
      "type": "insert-node",
      "node": {
        "label": "",
        "type": "ImportDeclaration"
      },
      "location-after-char-start": 2567,
      "location-after-char-end": 2614,
      "node-str": ""
    },
    {
      "type": "insert-node",
      "node": {
        "label": "",
        "type": "ImportDeclaration"
      },
      "location-after-char-start": 2615,
      "location-after-char-end": 2663,
      "node-str": ""
    },
    {
      "type": "insert-node",
      "node": {
        "label": "",
        "type": "ImportDeclaration"
      },
      "location-after-char-start": 2664,
      "location-after-char-end": 2715,
      "node-str": ""
    },
    {
      "type": "insert-node",
      "node": {
        "label": "",
        "type": "ImportDeclaration"
      },
      "location-after-char-start": 2716,
      "location-after-char-end": 2788,
      "node-str": ""
    },
    {
      "type": "insert-node",
      "node": {
        "label": "",
        "type": "ImportDeclaration"
      },
      "location-after-char-start": 2789,
      "location-after-char-end": 2865,
      "node-str": ""
    },
    {
      "type": "insert-node",
      "node": {
        "label": "",
        "type": "ImportDeclaration"
      },
      "location-after-char-start": 2866,
      "location-after-char-end": 2932,
      "node-str": ""
    },
    {
      "type": "insert-node",
      "node": {
        "label": "",
        "type": "ImportDeclaration"
      },
      "location-after-char-start": 2933,
      "location-after-char-end": 3008,
      "node-str": ""
    },
    {
      "type": "insert-node",
      "node": {
        "label": "",
        "type": "ImportDeclaration"
      },
      "location-after-char-start": 3009,
      "location-after-char-end": 3067,
      "node-str": ""
    },
    {
      "type": "insert-node",
      "node": {
        "label": "",
        "type": "ImportDeclaration"
      },
      "location-after-char-start": 3068,
      "location-after-char-end": 3109,
      "node-str": ""
    },
    {
      "type": "insert-node",
      "node": {
        "label": "",
        "type": "ImportDeclaration"
      },
      "location-after-char-start": 3110,
      "location-after-char-end": 3149,
      "node-str": ""
    },
    {
      "type": "insert-node",
      "node": {
        "label": "",
        "type": "ImportDeclaration"
      },
      "location-after-char-start": 3151,
      "location-after-char-end": 3197,
      "node-str": ""
    },
    {
      "type": "insert-node",
      "node": {
        "label": "",
        "type": "ImportDeclaration"
      },
      "location-after-char-start": 3198,
      "location-after-char-end": 3256,
      "node-str": ""
    },
    {
      "type": "insert-node",
      "node": {
        "label": "",
        "type": "ImportDeclaration"
      },
      "location-after-char-start": 3257,
      "location-after-char-end": 3309,
      "node-str": ""
    },
    {
      "type": "insert-node",
      "node": {
        "label": "",
        "type": "ImportDeclaration"
      },
      "location-after-char-start": 3310,
      "location-after-char-end": 3356,
      "node-str": ""
    },
    {
      "type": "insert-node",
      "node": {
        "label": "",
        "type": "ImportDeclaration"
      },
      "location-after-char-start": 3358,
      "location-after-char-end": 3392,
      "node-str": ""
    },
    {
      "type": "insert-node",
      "node": {
        "label": "",
        "type": "ImportDeclaration"
      },
      "location-after-char-start": 3393,
      "location-after-char-end": 3424,
      "node-str": ""
    },
    {
      "type": "insert-node",
      "node": {
        "label": "org.tigris.scarab.om",
        "type": "QualifiedName"
      },
      "location-after-char-start": 8,
      "location-after-char-end": 28,
      "node-str": "org.tigris.scarab.om"
    },
    {
      "type": "insert-node",
      "node": {
        "label": "java.util.Arrays",
        "type": "QualifiedName"
      },
      "location-after-char-start": 2372,
      "location-after-char-end": 2388,
      "node-str": "java.util.Arrays"
    },
    {
      "type": "insert-node",
      "node": {
        "label": "java.util.List",
        "type": "QualifiedName"
      },
      "location-after-char-start": 2397,
      "location-after-char-end": 2411,
      "node-str": "java.util.List"
    },
    {
      "type": "insert-node",
      "node": {
        "label": "java.util.Locale",
        "type": "QualifiedName"
      },
      "location-after-char-start": 2420,
      "location-after-char-end": 2436,
      "node-str": "java.util.Locale"
    },
    {
      "type": "insert-node",
      "node": {
        "label": "java.util.Map",
        "type": "QualifiedName"
      },
      "location-after-char-start": 2445,
      "location-after-char-end": 2458,
      "node-str": "java.util.Map"
    },
    {
      "type": "insert-node",
      "node": {
        "label": "java.util.Calendar",
        "type": "QualifiedName"
      },
      "location-after-char-start": 2467,
      "location-after-char-end": 2485,
      "node-str": "java.util.Calendar"
    },
    {
      "type": "insert-node",
      "node": {
        "label": "java.util.Collections",
        "type": "QualifiedName"
      },
      "location-after-char-start": 2494,
      "location-after-char-end": 2515,
      "node-str": "java.util.Collections"
    },
    {
      "type": "insert-node",
      "node": {
        "label": "org.apache.commons.util.GenerateUniqueId",
        "type": "QualifiedName"
      },
      "location-after-char-start": 2525,
      "location-after-char-end": 2565,
      "node-str": "org.apache.commons.util.GenerateUniqueId"
    },
    {
      "type": "insert-node",
      "node": {
        "label": "org.apache.fulcrum.security.entity.User",
        "type": "QualifiedName"
      },
      "location-after-char-start": 2574,
      "location-after-char-end": 2613,
      "node-str": "org.apache.fulcrum.security.entity.User"
    },
    {
      "type": "insert-node",
      "node": {
        "label": "org.apache.fulcrum.security.entity.Group",
        "type": "QualifiedName"
      },
      "location-after-char-start": 2622,
      "location-after-char-end": 2662,
      "node-str": "org.apache.fulcrum.security.entity.Group"
    },
    {
      "type": "insert-node",
      "node": {
        "label": "org.apache.fulcrum.security.TurbineSecurity",
        "type": "QualifiedName"
      },
      "location-after-char-start": 2671,
      "location-after-char-end": 2714,
      "node-str": "org.apache.fulcrum.security.TurbineSecurity"
    },
    {
      "type": "insert-node",
      "node": {
        "label": "org.apache.fulcrum.security.impl.db.entity.TurbinePermissionPeer",
        "type": "QualifiedName"
      },
      "location-after-char-start": 2723,
      "location-after-char-end": 2787,
      "node-str": "org.apache.fulcrum.security.impl.db.entity.TurbinePermissionPeer"
    },
    {
      "type": "insert-node",
      "node": {
        "label": "org.apache.fulcrum.security.impl.db.entity.TurbineRolePermissionPeer",
        "type": "QualifiedName"
      },
      "location-after-char-start": 2796,
      "location-after-char-end": 2864,
      "node-str": "org.apache.fulcrum.security.impl.db.entity.TurbineRolePermissionPeer"
    },
    {
      "type": "insert-node",
      "node": {
        "label": "org.apache.fulcrum.security.impl.db.entity.TurbineRolePeer",
        "type": "QualifiedName"
      },
      "location-after-char-start": 2873,
      "location-after-char-end": 2931,
      "node-str": "org.apache.fulcrum.security.impl.db.entity.TurbineRolePeer"
    },
    {
      "type": "insert-node",
      "node": {
        "label": "org.apache.fulcrum.security.impl.db.entity.TurbineUserGroupRolePeer",
        "type": "QualifiedName"
      },
      "location-after-char-start": 2940,
      "location-after-char-end": 3007,
      "node-str": "org.apache.fulcrum.security.impl.db.entity.TurbineUserGroupRolePeer"
    },
    {
      "type": "insert-node",
      "node": {
        "label": "org.apache.fulcrum.security.util.AccessControlList",
        "type": "QualifiedName"
      },
      "location-after-char-start": 3016,
      "location-after-char-end": 3066,
      "node-str": "org.apache.fulcrum.security.util.AccessControlList"
    },
    {
      "type": "insert-node",
      "node": {
        "label": "org.apache.torque.TorqueException",
        "type": "QualifiedName"
      },
      "location-after-char-start": 3075,
      "location-after-char-end": 3108,
      "node-str": "org.apache.torque.TorqueException"
    },
    {
      "type": "insert-node",
      "node": {
        "label": "org.apache.torque.util.Criteria",
        "type": "QualifiedName"
      },
      "location-after-char-start": 3117,
      "location-after-char-end": 3148,
      "node-str": "org.apache.torque.util.Criteria"
    },
    {
      "type": "insert-node",
      "node": {
        "label": "org.tigris.scarab.reports.ReportBridge",
        "type": "QualifiedName"
      },
      "location-after-char-start": 3158,
      "location-after-char-end": 3196,
      "node-str": "org.tigris.scarab.reports.ReportBridge"
    },
    {
      "type": "insert-node",
      "node": {
        "label": "org.tigris.scarab.services.security.ScarabSecurity",
        "type": "QualifiedName"
      },
      "location-after-char-start": 3205,
      "location-after-char-end": 3255,
      "node-str": "org.tigris.scarab.services.security.ScarabSecurity"
    },
    {
      "type": "insert-node",
      "node": {
        "label": "org.tigris.scarab.services.cache.ScarabCache",
        "type": "QualifiedName"
      },
      "location-after-char-start": 3264,
      "location-after-char-end": 3308,
      "node-str": "org.tigris.scarab.services.cache.ScarabCache"
    },
    {
      "type": "insert-node",
      "node": {
        "label": "org.tigris.scarab.util.ScarabException",
        "type": "QualifiedName"
      },
      "location-after-char-start": 3317,
      "location-after-char-end": 3355,
      "node-str": "org.tigris.scarab.util.ScarabException"
    },
    {
      "type": "insert-node",
      "node": {
        "label": "org.apache.turbine.Turbine",
        "type": "QualifiedName"
      },
      "location-after-char-start": 3365,
      "location-after-char-end": 3391,
      "node-str": "org.apache.turbine.Turbine"
    },
    {
      "type": "insert-node",
      "node": {
        "label": "org.apache.log4j.Logger",
        "type": "QualifiedName"
      },
      "location-after-char-start": 3400,
      "location-after-char-end": 3423,
      "node-str": "org.apache.log4j.Logger"
    },
    {
      "type": "insert-node",
      "node": {
        "label": "",
        "type": "Javadoc"
      },
      "location-after-char-start": 3427,
      "location-after-char-end": 3724,
      "node-str": ""
    },
    {
      "type": "insert-node",
      "node": {
        "label": "public",
        "type": "Modifier"
      },
      "location-after-char-start": 3725,
      "location-after-char-end": 3731,
      "node-str": "public"
    },
    {
      "type": "insert-node",
      "node": {
        "label": "class",
        "type": "TYPE_DECLARATION_KIND"
      },
      "location-after-char-start": 3732,
      "location-after-char-end": 3737,
      "node-str": "class"
    },
    {
      "type": "insert-node",
      "node": {
        "label": "ScarabUserImpl",
        "type": "SimpleName"
      },
      "location-after-char-start": 3738,
      "location-after-char-end": 3752,
      "node-str": "ScarabUserImpl"
    },
    {
      "type": "insert-node",
      "node": {
        "label": "",
        "type": "SimpleType"
      },
      "location-after-char-start": 3766,
      "location-after-char-end": 3784,
      "node-str": ""
    },
    {
      "type": "insert-node",
      "node": {
        "label": "",
        "type": "SimpleType"
      },
      "location-after-char-start": 3801,
      "location-after-char-end": 3811,
      "node-str": ""
    },
    {
      "type": "insert-node",
      "node": {
        "label": "",
        "type": "FieldDeclaration"
      },
      "location-after-char-start": 3912,
      "location-after-char-end": 3975,
      "node-str": ""
    },
    {
      "type": "insert-node",
      "node": {
        "label": "",
        "type": "FieldDeclaration"
      },
      "location-after-char-start": 3985,
      "location-after-char-end": 4025,
      "node-str": ""
    },
    {
      "type": "insert-node",
      "node": {
        "label": "",
        "type": "FieldDeclaration"
      },
      "location-after-char-start": 13974,
      "location-after-char-end": 14038,
      "node-str": ""
    },
    {
      "type": "insert-node",
      "node": {
        "label": "",
        "type": "FieldDeclaration"
      },
      "location-after-char-start": 17479,
      "location-after-char-end": 17539,
      "node-str": ""
    },
    {
      "type": "insert-node",
      "node": {
        "label": "",
        "type": "MethodDeclaration"
      },
      "location-after-char-start": 28793,
      "location-after-char-end": 28985,
      "node-str": ""
    },
    {
      "type": "insert-node",
      "node": {
        "label": "",
        "type": "TagElement"
      },
      "location-after-char-start": 3434,
      "location-after-char-end": 3638,
      "node-str": ""
    },
    {
      "type": "insert-node",
      "node": {
        "label": "",
        "type": "TagElement"
      },
      "location-after-char-start": 3645,
      "location-after-char-end": 3703,
      "node-str": ""
    },
    {
      "type": "insert-node",
      "node": {
        "label": "",
        "type": "TagElement"
      },
      "location-after-char-start": 3707,
      "location-after-char-end": 3720,
      "node-str": ""
    },
    {
      "type": "insert-node",
      "node": {
        "label": "BaseScarabUserImpl",
        "type": "SimpleName"
      },
      "location-after-char-start": 3766,
      "location-after-char-end": 3784,
      "node-str": "BaseScarabUserImpl"
    },
    {
      "type": "insert-node",
      "node": {
        "label": "ScarabUser",
        "type": "SimpleName"
      },
      "location-after-char-start": 3801,
      "location-after-char-end": 3811,
      "node-str": "ScarabUser"
    },
    {
      "type": "insert-node",
      "node": {
        "label": "public",
        "type": "Modifier"
      },
      "location-after-char-start": 3912,
      "location-after-char-end": 3918,
      "node-str": "public"
    },
    {
      "type": "insert-node",
      "node": {
        "label": "static",
        "type": "Modifier"
      },
      "location-after-char-start": 3919,
      "location-after-char-end": 3925,
      "node-str": "static"
    },
    {
      "type": "insert-node",
      "node": {
        "label": "final",
        "type": "Modifier"
      },
      "location-after-char-start": 3926,
      "location-after-char-end": 3931,
      "node-str": "final"
    },
    {
      "type": "insert-node",
      "node": {
        "label": "",
        "type": "SimpleType"
      },
      "location-after-char-start": 3932,
      "location-after-char-end": 3938,
      "node-str": ""
    },
    {
      "type": "insert-node",
      "node": {
        "label": "",
        "type": "VariableDeclarationFragment"
      },
      "location-after-char-start": 3939,
      "location-after-char-end": 3974,
      "node-str": ""
    },
    {
      "type": "insert-node",
      "node": {
        "label": "private",
        "type": "Modifier"
      },
      "location-after-char-start": 3985,
      "location-after-char-end": 3992,
      "node-str": "private"
    },
    {
      "type": "insert-node",
      "node": {
        "label": "",
        "type": "SimpleType"
      },
      "location-after-char-start": 3993,
      "location-after-char-end": 4011,
      "node-str": ""
    },
    {
      "type": "insert-node",
      "node": {
        "label": "",
        "type": "VariableDeclarationFragment"
      },
      "location-after-char-start": 4012,
      "location-after-char-end": 4024,
      "node-str": ""
    },
    {
      "type": "insert-node",
      "node": {
        "label": "private",
        "type": "Modifier"
      },
      "location-after-char-start": 13974,
      "location-after-char-end": 13981,
      "node-str": "private"
    },
    {
      "type": "insert-node",
      "node": {
        "label": "static",
        "type": "Modifier"
      },
      "location-after-char-start": 13982,
      "location-after-char-end": 13988,
      "node-str": "static"
    },
    {
      "type": "insert-node",
      "node": {
        "label": "final",
        "type": "Modifier"
      },
      "location-after-char-start": 13989,
      "location-after-char-end": 13994,
      "node-str": "final"
    },
    {
      "type": "insert-node",
      "node": {
        "label": "",
        "type": "SimpleType"
      },
      "location-after-char-start": 13995,
      "location-after-char-end": 14001,
      "node-str": ""
    },
    {
      "type": "insert-node",
      "node": {
        "label": "",
        "type": "VariableDeclarationFragment"
      },
      "location-after-char-start": 14002,
      "location-after-char-end": 14037,
      "node-str": ""
    },
    {
      "type": "insert-node",
      "node": {
        "label": "private",
        "type": "Modifier"
      },
      "location-after-char-start": 17479,
      "location-after-char-end": 17486,
      "node-str": "private"
    },
    {
      "type": "insert-node",
      "node": {
        "label": "static",
        "type": "Modifier"
      },
      "location-after-char-start": 17487,
      "location-after-char-end": 17493,
      "node-str": "static"
    },
    {
      "type": "insert-node",
      "node": {
        "label": "final",
        "type": "Modifier"
      },
      "location-after-char-start": 17494,
      "location-after-char-end": 17499,
      "node-str": "final"
    },
    {
      "type": "insert-node",
      "node": {
        "label": "",
        "type": "SimpleType"
      },
      "location-after-char-start": 17500,
      "location-after-char-end": 17506,
      "node-str": ""
    },
    {
      "type": "insert-node",
      "node": {
        "label": "",
        "type": "VariableDeclarationFragment"
      },
      "location-after-char-start": 17507,
      "location-after-char-end": 17538,
      "node-str": ""
    },
    {
      "type": "insert-node",
      "node": {
        "label": "",
        "type": "Javadoc"
      },
      "location-after-char-start": 28793,
      "location-after-char-end": 28860,
      "node-str": ""
    },
    {
      "type": "insert-node",
      "node": {
        "label": "public",
        "type": "Modifier"
      },
      "location-after-char-start": 28865,
      "location-after-char-end": 28871,
      "node-str": "public"
    },
    {
      "type": "insert-node",
      "node": {
        "label": "",
        "type": "SimpleType"
      },
      "location-after-char-start": 28872,
      "location-after-char-end": 28878,
      "node-str": ""
    },
    {
      "type": "insert-node",
      "node": {
        "label": "lastEnteredIssueTypeOrTemplate",
        "type": "SimpleName"
      },
      "location-after-char-start": 28879,
      "location-after-char-end": 28909,
      "node-str": "lastEnteredIssueTypeOrTemplate"
    },
    {
      "type": "move-subtree",
      "node": {
        "label": "",
        "type": "Block"
      },
      "location-before-char-start": 28919,
      "location-before-char-end": 28988,
      "location-after-char-start": 28916,
      "location-after-char-end": 28985,
      "node-str": ""
    },
    {
      "type": "insert-node",
      "node": {
        "label": "This class is an abstraction that is currently based around",
        "type": "TextElement"
      },
      "location-after-char-start": 3434,
      "location-after-char-end": 3493,
      "node-str": "This class is an abstraction that is currently based around"
    },
    {
      "type": "insert-node",
      "node": {
        "label": "Turbine\u0027s code. We can change this later. It is here so",
        "type": "TextElement"
      },
      "location-after-char-start": 3497,
      "location-after-char-end": 3552,
      "node-str": "Turbine\u0027s code. We can change this later. It is here so"
    },
    {
      "type": "insert-node",
      "node": {
        "label": "that it is easier to change later to work under different",
        "type": "TextElement"
      },
      "location-after-char-start": 3556,
      "location-after-char-end": 3613,
      "node-str": "that it is easier to change later to work under different"
    },
    {
      "type": "insert-node",
      "node": {
        "label": "implementation needs.",
        "type": "TextElement"
      },
      "location-after-char-start": 3617,
      "location-after-char-end": 3638,
      "node-str": "implementation needs."
    },
    {
      "type": "insert-node",
      "node": {
        "label": " \u003ca href\u003d\"mailto:jon@collab.net\"\u003eJon S. Stevens\u003c/a\u003e",
        "type": "TextElement"
      },
      "location-after-char-start": 3652,
      "location-after-char-end": 3703,
      "node-str": " \u003ca href\u003d\"mailto:jon@collab.net\"\u003eJon S. Stevens\u003c/a\u003e"
    },
    {
      "type": "insert-node",
      "node": {
        "label": " $Id$",
        "type": "TextElement"
      },
      "location-after-char-start": 3715,
      "location-after-char-end": 3720,
      "node-str": " $Id$"
    },
    {
      "type": "insert-node",
      "node": {
        "label": "String",
        "type": "SimpleName"
      },
      "location-after-char-start": 3932,
      "location-after-char-end": 3938,
      "node-str": "String"
    },
    {
      "type": "insert-node",
      "node": {
        "label": "PASSWORD_EXPIRE",
        "type": "SimpleName"
      },
      "location-after-char-start": 3939,
      "location-after-char-end": 3954,
      "node-str": "PASSWORD_EXPIRE"
    },
    {
      "type": "insert-node",
      "node": {
        "label": "\"PASSWORD_EXPIRE\"",
        "type": "StringLiteral"
      },
      "location-after-char-start": 3957,
      "location-after-char-end": 3974,
      "node-str": "\"PASSWORD_EXPIRE\""
    },
    {
      "type": "insert-node",
      "node": {
        "label": "AbstractScarabUser",
        "type": "SimpleName"
      },
      "location-after-char-start": 3993,
      "location-after-char-end": 4011,
      "node-str": "AbstractScarabUser"
    },
    {
      "type": "insert-node",
      "node": {
        "label": "internalUser",
        "type": "SimpleName"
      },
      "location-after-char-start": 4012,
      "location-after-char-end": 4024,
      "node-str": "internalUser"
    },
    {
      "type": "insert-node",
      "node": {
        "label": "String",
        "type": "SimpleName"
      },
      "location-after-char-start": 13995,
      "location-after-char-end": 14001,
      "node-str": "String"
    },
    {
      "type": "insert-node",
      "node": {
        "label": "GET_MODULES",
        "type": "SimpleName"
      },
      "location-after-char-start": 14002,
      "location-after-char-end": 14013,
      "node-str": "GET_MODULES"
    },
    {
      "type": "insert-node",
      "node": {
        "label": "\"getModules\"",
        "type": "StringLiteral"
      },
      "location-after-char-start": 14025,
      "location-after-char-end": 14037,
      "node-str": "\"getModules\""
    },
    {
      "type": "insert-node",
      "node": {
        "label": "String",
        "type": "SimpleName"
      },
      "location-after-char-start": 17500,
      "location-after-char-end": 17506,
      "node-str": "String"
    },
    {
      "type": "insert-node",
      "node": {
        "label": "GET_ROLES",
        "type": "SimpleName"
      },
      "location-after-char-start": 17507,
      "location-after-char-end": 17516,
      "node-str": "GET_ROLES"
    },
    {
      "type": "insert-node",
      "node": {
        "label": "\"getRoles\"",
        "type": "StringLiteral"
      },
      "location-after-char-start": 17528,
      "location-after-char-end": 17538,
      "node-str": "\"getRoles\""
    },
    {
      "type": "insert-node",
      "node": {
        "label": "",
        "type": "TagElement"
      },
      "location-after-char-start": 28804,
      "location-after-char-end": 28852,
      "node-str": ""
    },
    {
      "type": "insert-node",
      "node": {
        "label": "Object",
        "type": "SimpleName"
      },
      "location-after-char-start": 28872,
      "location-after-char-end": 28878,
      "node-str": "Object"
    },
    {
      "type": "insert-node",
      "node": {
        "label": "",
        "type": "MethodRef"
      },
      "location-after-char-start": 28809,
      "location-after-char-end": 28852,
      "node-str": ""
    },
    {
      "type": "insert-node",
      "node": {
        "label": "ScarabUser",
        "type": "SimpleName"
      },
      "location-after-char-start": 28809,
      "location-after-char-end": 28819,
      "node-str": "ScarabUser"
    },
    {
      "type": "insert-node",
      "node": {
        "label": "lastEnteredIssueTypeOrTemplate",
        "type": "SimpleName"
      },
      "location-after-char-start": 28820,
      "location-after-char-end": 28850,
      "node-str": "lastEnteredIssueTypeOrTemplate"
    },
    {
      "type": "delete-node",
      "node": {
        "label": "org.tigris.scarab.om",
        "type": "QualifiedName"
      },
      "location-before-char-start": 8,
      "location-before-char-end": 28,
      "node-str": "org.tigris.scarab.om"
    },
    {
      "type": "delete-node",
      "node": {
        "label": "",
        "type": "PackageDeclaration"
      },
      "location-before-char-start": 0,
      "location-before-char-end": 29,
      "node-str": ""
    },
    {
      "type": "delete-node",
      "node": {
        "label": "java.util.Arrays",
        "type": "QualifiedName"
      },
      "location-before-char-start": 2372,
      "location-before-char-end": 2388,
      "node-str": "java.util.Arrays"
    },
    {
      "type": "delete-node",
      "node": {
        "label": "",
        "type": "ImportDeclaration"
      },
      "location-before-char-start": 2365,
      "location-before-char-end": 2389,
      "node-str": ""
    },
    {
      "type": "delete-node",
      "node": {
        "label": "java.util.List",
        "type": "QualifiedName"
      },
      "location-before-char-start": 2397,
      "location-before-char-end": 2411,
      "node-str": "java.util.List"
    },
    {
      "type": "delete-node",
      "node": {
        "label": "",
        "type": "ImportDeclaration"
      },
      "location-before-char-start": 2390,
      "location-before-char-end": 2412,
      "node-str": ""
    },
    {
      "type": "delete-node",
      "node": {
        "label": "java.util.Locale",
        "type": "QualifiedName"
      },
      "location-before-char-start": 2420,
      "location-before-char-end": 2436,
      "node-str": "java.util.Locale"
    },
    {
      "type": "delete-node",
      "node": {
        "label": "",
        "type": "ImportDeclaration"
      },
      "location-before-char-start": 2413,
      "location-before-char-end": 2437,
      "node-str": ""
    },
    {
      "type": "delete-node",
      "node": {
        "label": "java.util.Map",
        "type": "QualifiedName"
      },
      "location-before-char-start": 2445,
      "location-before-char-end": 2458,
      "node-str": "java.util.Map"
    },
    {
      "type": "delete-node",
      "node": {
        "label": "",
        "type": "ImportDeclaration"
      },
      "location-before-char-start": 2438,
      "location-before-char-end": 2459,
      "node-str": ""
    },
    {
      "type": "delete-node",
      "node": {
        "label": "java.util.Calendar",
        "type": "QualifiedName"
      },
      "location-before-char-start": 2467,
      "location-before-char-end": 2485,
      "node-str": "java.util.Calendar"
    },
    {
      "type": "delete-node",
      "node": {
        "label": "",
        "type": "ImportDeclaration"
      },
      "location-before-char-start": 2460,
      "location-before-char-end": 2486,
      "node-str": ""
    },
    {
      "type": "delete-node",
      "node": {
        "label": "java.util.Collections",
        "type": "QualifiedName"
      },
      "location-before-char-start": 2494,
      "location-before-char-end": 2515,
      "node-str": "java.util.Collections"
    },
    {
      "type": "delete-node",
      "node": {
        "label": "",
        "type": "ImportDeclaration"
      },
      "location-before-char-start": 2487,
      "location-before-char-end": 2516,
      "node-str": ""
    },
    {
      "type": "delete-node",
      "node": {
        "label": "org.apache.commons.util.GenerateUniqueId",
        "type": "QualifiedName"
      },
      "location-before-char-start": 2525,
      "location-before-char-end": 2565,
      "node-str": "org.apache.commons.util.GenerateUniqueId"
    },
    {
      "type": "delete-node",
      "node": {
        "label": "",
        "type": "ImportDeclaration"
      },
      "location-before-char-start": 2518,
      "location-before-char-end": 2566,
      "node-str": ""
    },
    {
      "type": "delete-node",
      "node": {
        "label": "org.apache.fulcrum.security.entity.User",
        "type": "QualifiedName"
      },
      "location-before-char-start": 2574,
      "location-before-char-end": 2613,
      "node-str": "org.apache.fulcrum.security.entity.User"
    },
    {
      "type": "delete-node",
      "node": {
        "label": "",
        "type": "ImportDeclaration"
      },
      "location-before-char-start": 2567,
      "location-before-char-end": 2614,
      "node-str": ""
    },
    {
      "type": "delete-node",
      "node": {
        "label": "org.apache.fulcrum.security.entity.Group",
        "type": "QualifiedName"
      },
      "location-before-char-start": 2622,
      "location-before-char-end": 2662,
      "node-str": "org.apache.fulcrum.security.entity.Group"
    },
    {
      "type": "delete-node",
      "node": {
        "label": "",
        "type": "ImportDeclaration"
      },
      "location-before-char-start": 2615,
      "location-before-char-end": 2663,
      "node-str": ""
    },
    {
      "type": "delete-node",
      "node": {
        "label": "org.apache.fulcrum.security.TurbineSecurity",
        "type": "QualifiedName"
      },
      "location-before-char-start": 2671,
      "location-before-char-end": 2714,
      "node-str": "org.apache.fulcrum.security.TurbineSecurity"
    },
    {
      "type": "delete-node",
      "node": {
        "label": "",
        "type": "ImportDeclaration"
      },
      "location-before-char-start": 2664,
      "location-before-char-end": 2715,
      "node-str": ""
    },
    {
      "type": "delete-node",
      "node": {
        "label": "org.apache.fulcrum.security.impl.db.entity.TurbinePermissionPeer",
        "type": "QualifiedName"
      },
      "location-before-char-start": 2723,
      "location-before-char-end": 2787,
      "node-str": "org.apache.fulcrum.security.impl.db.entity.TurbinePermissionPeer"
    },
    {
      "type": "delete-node",
      "node": {
        "label": "",
        "type": "ImportDeclaration"
      },
      "location-before-char-start": 2716,
      "location-before-char-end": 2788,
      "node-str": ""
    },
    {
      "type": "delete-node",
      "node": {
        "label": "org.apache.fulcrum.security.impl.db.entity.TurbineRolePermissionPeer",
        "type": "QualifiedName"
      },
      "location-before-char-start": 2796,
      "location-before-char-end": 2864,
      "node-str": "org.apache.fulcrum.security.impl.db.entity.TurbineRolePermissionPeer"
    },
    {
      "type": "delete-node",
      "node": {
        "label": "",
        "type": "ImportDeclaration"
      },
      "location-before-char-start": 2789,
      "location-before-char-end": 2865,
      "node-str": ""
    },
    {
      "type": "delete-node",
      "node": {
        "label": "org.apache.fulcrum.security.impl.db.entity.TurbineRolePeer",
        "type": "QualifiedName"
      },
      "location-before-char-start": 2873,
      "location-before-char-end": 2931,
      "node-str": "org.apache.fulcrum.security.impl.db.entity.TurbineRolePeer"
    },
    {
      "type": "delete-node",
      "node": {
        "label": "",
        "type": "ImportDeclaration"
      },
      "location-before-char-start": 2866,
      "location-before-char-end": 2932,
      "node-str": ""
    },
    {
      "type": "delete-node",
      "node": {
        "label": "org.apache.fulcrum.security.impl.db.entity.TurbineUserGroupRolePeer",
        "type": "QualifiedName"
      },
      "location-before-char-start": 2940,
      "location-before-char-end": 3007,
      "node-str": "org.apache.fulcrum.security.impl.db.entity.TurbineUserGroupRolePeer"
    },
    {
      "type": "delete-node",
      "node": {
        "label": "",
        "type": "ImportDeclaration"
      },
      "location-before-char-start": 2933,
      "location-before-char-end": 3008,
      "node-str": ""
    },
    {
      "type": "delete-node",
      "node": {
        "label": "org.apache.fulcrum.security.util.AccessControlList",
        "type": "QualifiedName"
      },
      "location-before-char-start": 3016,
      "location-before-char-end": 3066,
      "node-str": "org.apache.fulcrum.security.util.AccessControlList"
    },
    {
      "type": "delete-node",
      "node": {
        "label": "",
        "type": "ImportDeclaration"
      },
      "location-before-char-start": 3009,
      "location-before-char-end": 3067,
      "node-str": ""
    },
    {
      "type": "delete-node",
      "node": {
        "label": "org.apache.torque.TorqueException",
        "type": "QualifiedName"
      },
      "location-before-char-start": 3075,
      "location-before-char-end": 3108,
      "node-str": "org.apache.torque.TorqueException"
    },
    {
      "type": "delete-node",
      "node": {
        "label": "",
        "type": "ImportDeclaration"
      },
      "location-before-char-start": 3068,
      "location-before-char-end": 3109,
      "node-str": ""
    },
    {
      "type": "delete-node",
      "node": {
        "label": "org.apache.torque.util.Criteria",
        "type": "QualifiedName"
      },
      "location-before-char-start": 3117,
      "location-before-char-end": 3148,
      "node-str": "org.apache.torque.util.Criteria"
    },
    {
      "type": "delete-node",
      "node": {
        "label": "",
        "type": "ImportDeclaration"
      },
      "location-before-char-start": 3110,
      "location-before-char-end": 3149,
      "node-str": ""
    },
    {
      "type": "delete-node",
      "node": {
        "label": "org.tigris.scarab.reports.ReportBridge",
        "type": "QualifiedName"
      },
      "location-before-char-start": 3158,
      "location-before-char-end": 3196,
      "node-str": "org.tigris.scarab.reports.ReportBridge"
    },
    {
      "type": "delete-node",
      "node": {
        "label": "",
        "type": "ImportDeclaration"
      },
      "location-before-char-start": 3151,
      "location-before-char-end": 3197,
      "node-str": ""
    },
    {
      "type": "delete-node",
      "node": {
        "label": "org.tigris.scarab.services.security.ScarabSecurity",
        "type": "QualifiedName"
      },
      "location-before-char-start": 3205,
      "location-before-char-end": 3255,
      "node-str": "org.tigris.scarab.services.security.ScarabSecurity"
    },
    {
      "type": "delete-node",
      "node": {
        "label": "",
        "type": "ImportDeclaration"
      },
      "location-before-char-start": 3198,
      "location-before-char-end": 3256,
      "node-str": ""
    },
    {
      "type": "delete-node",
      "node": {
        "label": "org.tigris.scarab.services.cache.ScarabCache",
        "type": "QualifiedName"
      },
      "location-before-char-start": 3264,
      "location-before-char-end": 3308,
      "node-str": "org.tigris.scarab.services.cache.ScarabCache"
    },
    {
      "type": "delete-node",
      "node": {
        "label": "",
        "type": "ImportDeclaration"
      },
      "location-before-char-start": 3257,
      "location-before-char-end": 3309,
      "node-str": ""
    },
    {
      "type": "delete-node",
      "node": {
        "label": "org.tigris.scarab.util.ScarabException",
        "type": "QualifiedName"
      },
      "location-before-char-start": 3317,
      "location-before-char-end": 3355,
      "node-str": "org.tigris.scarab.util.ScarabException"
    },
    {
      "type": "delete-node",
      "node": {
        "label": "",
        "type": "ImportDeclaration"
      },
      "location-before-char-start": 3310,
      "location-before-char-end": 3356,
      "node-str": ""
    },
    {
      "type": "delete-node",
      "node": {
        "label": "org.apache.turbine.Turbine",
        "type": "QualifiedName"
      },
      "location-before-char-start": 3365,
      "location-before-char-end": 3391,
      "node-str": "org.apache.turbine.Turbine"
    },
    {
      "type": "delete-node",
      "node": {
        "label": "",
        "type": "ImportDeclaration"
      },
      "location-before-char-start": 3358,
      "location-before-char-end": 3392,
      "node-str": ""
    },
    {
      "type": "delete-node",
      "node": {
        "label": "org.apache.log4j.Logger",
        "type": "QualifiedName"
      },
      "location-before-char-start": 3400,
      "location-before-char-end": 3423,
      "node-str": "org.apache.log4j.Logger"
    },
    {
      "type": "delete-node",
      "node": {
        "label": "",
        "type": "ImportDeclaration"
      },
      "location-before-char-start": 3393,
      "location-before-char-end": 3424,
      "node-str": ""
    },
    {
      "type": "delete-node",
      "node": {
        "label": "This class is an abstraction that is currently based around",
        "type": "TextElement"
      },
      "location-before-char-start": 3434,
      "location-before-char-end": 3493,
      "node-str": "This class is an abstraction that is currently based around"
    },
    {
      "type": "delete-node",
      "node": {
        "label": "Turbine\u0027s code. We can change this later. It is here so",
        "type": "TextElement"
      },
      "location-before-char-start": 3497,
      "location-before-char-end": 3552,
      "node-str": "Turbine\u0027s code. We can change this later. It is here so"
    },
    {
      "type": "delete-node",
      "node": {
        "label": "that it is easier to change later to work under different",
        "type": "TextElement"
      },
      "location-before-char-start": 3556,
      "location-before-char-end": 3613,
      "node-str": "that it is easier to change later to work under different"
    },
    {
      "type": "delete-node",
      "node": {
        "label": "implementation needs.",
        "type": "TextElement"
      },
      "location-before-char-start": 3617,
      "location-before-char-end": 3638,
      "node-str": "implementation needs."
    },
    {
      "type": "delete-node",
      "node": {
        "label": "",
        "type": "TagElement"
      },
      "location-before-char-start": 3434,
      "location-before-char-end": 3638,
      "node-str": ""
    },
    {
      "type": "delete-node",
      "node": {
        "label": " \u003ca href\u003d\"mailto:jon@collab.net\"\u003eJon S. Stevens\u003c/a\u003e",
        "type": "TextElement"
      },
      "location-before-char-start": 3652,
      "location-before-char-end": 3703,
      "node-str": " \u003ca href\u003d\"mailto:jon@collab.net\"\u003eJon S. Stevens\u003c/a\u003e"
    },
    {
      "type": "delete-node",
      "node": {
        "label": "",
        "type": "TagElement"
      },
      "location-before-char-start": 3645,
      "location-before-char-end": 3703,
      "node-str": ""
    },
    {
      "type": "delete-node",
      "node": {
        "label": " $Id$",
        "type": "TextElement"
      },
      "location-before-char-start": 3715,
      "location-before-char-end": 3720,
      "node-str": " $Id$"
    },
    {
      "type": "delete-node",
      "node": {
        "label": "",
        "type": "TagElement"
      },
      "location-before-char-start": 3707,
      "location-before-char-end": 3720,
      "node-str": ""
    },
    {
      "type": "delete-node",
      "node": {
        "label": "",
        "type": "Javadoc"
      },
      "location-before-char-start": 3427,
      "location-before-char-end": 3724,
      "node-str": ""
    },
    {
      "type": "delete-node",
      "node": {
        "label": "public",
        "type": "Modifier"
      },
      "location-before-char-start": 3725,
      "location-before-char-end": 3731,
      "node-str": "public"
    },
    {
      "type": "delete-node",
      "node": {
        "label": "class",
        "type": "TYPE_DECLARATION_KIND"
      },
      "location-before-char-start": 3732,
      "location-before-char-end": 3737,
      "node-str": "class"
    },
    {
      "type": "delete-node",
      "node": {
        "label": "ScarabUserImpl",
        "type": "SimpleName"
      },
      "location-before-char-start": 3738,
      "location-before-char-end": 3752,
      "node-str": "ScarabUserImpl"
    },
    {
      "type": "delete-node",
      "node": {
        "label": "BaseScarabUserImpl",
        "type": "SimpleName"
      },
      "location-before-char-start": 3766,
      "location-before-char-end": 3784,
      "node-str": "BaseScarabUserImpl"
    },
    {
      "type": "delete-node",
      "node": {
        "label": "",
        "type": "SimpleType"
      },
      "location-before-char-start": 3766,
      "location-before-char-end": 3784,
      "node-str": ""
    },
    {
      "type": "delete-node",
      "node": {
        "label": "ScarabUser",
        "type": "SimpleName"
      },
      "location-before-char-start": 3801,
      "location-before-char-end": 3811,
      "node-str": "ScarabUser"
    },
    {
      "type": "delete-node",
      "node": {
        "label": "",
        "type": "SimpleType"
      },
      "location-before-char-start": 3801,
      "location-before-char-end": 3811,
      "node-str": ""
    },
    {
      "type": "delete-node",
      "node": {
        "label": "public",
        "type": "Modifier"
      },
      "location-before-char-start": 3912,
      "location-before-char-end": 3918,
      "node-str": "public"
    },
    {
      "type": "delete-node",
      "node": {
        "label": "static",
        "type": "Modifier"
      },
      "location-before-char-start": 3919,
      "location-before-char-end": 3925,
      "node-str": "static"
    },
    {
      "type": "delete-node",
      "node": {
        "label": "final",
        "type": "Modifier"
      },
      "location-before-char-start": 3926,
      "location-before-char-end": 3931,
      "node-str": "final"
    },
    {
      "type": "delete-node",
      "node": {
        "label": "String",
        "type": "SimpleName"
      },
      "location-before-char-start": 3932,
      "location-before-char-end": 3938,
      "node-str": "String"
    },
    {
      "type": "delete-node",
      "node": {
        "label": "",
        "type": "SimpleType"
      },
      "location-before-char-start": 3932,
      "location-before-char-end": 3938,
      "node-str": ""
    },
    {
      "type": "delete-node",
      "node": {
        "label": "PASSWORD_EXPIRE",
        "type": "SimpleName"
      },
      "location-before-char-start": 3939,
      "location-before-char-end": 3954,
      "node-str": "PASSWORD_EXPIRE"
    },
    {
      "type": "delete-node",
      "node": {
        "label": "\"PASSWORD_EXPIRE\"",
        "type": "StringLiteral"
      },
      "location-before-char-start": 3957,
      "location-before-char-end": 3974,
      "node-str": "\"PASSWORD_EXPIRE\""
    },
    {
      "type": "delete-node",
      "node": {
        "label": "",
        "type": "VariableDeclarationFragment"
      },
      "location-before-char-start": 3939,
      "location-before-char-end": 3974,
      "node-str": ""
    },
    {
      "type": "delete-node",
      "node": {
        "label": "",
        "type": "FieldDeclaration"
      },
      "location-before-char-start": 3912,
      "location-before-char-end": 3975,
      "node-str": ""
    },
    {
      "type": "delete-node",
      "node": {
        "label": "private",
        "type": "Modifier"
      },
      "location-before-char-start": 3985,
      "location-before-char-end": 3992,
      "node-str": "private"
    },
    {
      "type": "delete-node",
      "node": {
        "label": "AbstractScarabUser",
        "type": "SimpleName"
      },
      "location-before-char-start": 3993,
      "location-before-char-end": 4011,
      "node-str": "AbstractScarabUser"
    },
    {
      "type": "delete-node",
      "node": {
        "label": "",
        "type": "SimpleType"
      },
      "location-before-char-start": 3993,
      "location-before-char-end": 4011,
      "node-str": ""
    },
    {
      "type": "delete-node",
      "node": {
        "label": "internalUser",
        "type": "SimpleName"
      },
      "location-before-char-start": 4012,
      "location-before-char-end": 4024,
      "node-str": "internalUser"
    },
    {
      "type": "delete-node",
      "node": {
        "label": "",
        "type": "VariableDeclarationFragment"
      },
      "location-before-char-start": 4012,
      "location-before-char-end": 4024,
      "node-str": ""
    },
    {
      "type": "delete-node",
      "node": {
        "label": "",
        "type": "FieldDeclaration"
      },
      "location-before-char-start": 3985,
      "location-before-char-end": 4025,
      "node-str": ""
    },
    {
      "type": "delete-node",
      "node": {
        "label": "private",
        "type": "Modifier"
      },
      "location-before-char-start": 13974,
      "location-before-char-end": 13981,
      "node-str": "private"
    },
    {
      "type": "delete-node",
      "node": {
        "label": "static",
        "type": "Modifier"
      },
      "location-before-char-start": 13982,
      "location-before-char-end": 13988,
      "node-str": "static"
    },
    {
      "type": "delete-node",
      "node": {
        "label": "final",
        "type": "Modifier"
      },
      "location-before-char-start": 13989,
      "location-before-char-end": 13994,
      "node-str": "final"
    },
    {
      "type": "delete-node",
      "node": {
        "label": "String",
        "type": "SimpleName"
      },
      "location-before-char-start": 13995,
      "location-before-char-end": 14001,
      "node-str": "String"
    },
    {
      "type": "delete-node",
      "node": {
        "label": "",
        "type": "SimpleType"
      },
      "location-before-char-start": 13995,
      "location-before-char-end": 14001,
      "node-str": ""
    },
    {
      "type": "delete-node",
      "node": {
        "label": "GET_MODULES",
        "type": "SimpleName"
      },
      "location-before-char-start": 14002,
      "location-before-char-end": 14013,
      "node-str": "GET_MODULES"
    },
    {
      "type": "delete-node",
      "node": {
        "label": "\"getModules\"",
        "type": "StringLiteral"
      },
      "location-before-char-start": 14025,
      "location-before-char-end": 14037,
      "node-str": "\"getModules\""
    },
    {
      "type": "delete-node",
      "node": {
        "label": "",
        "type": "VariableDeclarationFragment"
      },
      "location-before-char-start": 14002,
      "location-before-char-end": 14037,
      "node-str": ""
    },
    {
      "type": "delete-node",
      "node": {
        "label": "",
        "type": "FieldDeclaration"
      },
      "location-before-char-start": 13974,
      "location-before-char-end": 14038,
      "node-str": ""
    },
    {
      "type": "delete-node",
      "node": {
        "label": "private",
        "type": "Modifier"
      },
      "location-before-char-start": 17479,
      "location-before-char-end": 17486,
      "node-str": "private"
    },
    {
      "type": "delete-node",
      "node": {
        "label": "static",
        "type": "Modifier"
      },
      "location-before-char-start": 17487,
      "location-before-char-end": 17493,
      "node-str": "static"
    },
    {
      "type": "delete-node",
      "node": {
        "label": "final",
        "type": "Modifier"
      },
      "location-before-char-start": 17494,
      "location-before-char-end": 17499,
      "node-str": "final"
    },
    {
      "type": "delete-node",
      "node": {
        "label": "String",
        "type": "SimpleName"
      },
      "location-before-char-start": 17500,
      "location-before-char-end": 17506,
      "node-str": "String"
    },
    {
      "type": "delete-node",
      "node": {
        "label": "",
        "type": "SimpleType"
      },
      "location-before-char-start": 17500,
      "location-before-char-end": 17506,
      "node-str": ""
    },
    {
      "type": "delete-node",
      "node": {
        "label": "GET_ROLES",
        "type": "SimpleName"
      },
      "location-before-char-start": 17507,
      "location-before-char-end": 17516,
      "node-str": "GET_ROLES"
    },
    {
      "type": "delete-node",
      "node": {
        "label": "\"getRoles\"",
        "type": "StringLiteral"
      },
      "location-before-char-start": 17528,
      "location-before-char-end": 17538,
      "node-str": "\"getRoles\""
    },
    {
      "type": "delete-node",
      "node": {
        "label": "",
        "type": "VariableDeclarationFragment"
      },
      "location-before-char-start": 17507,
      "location-before-char-end": 17538,
      "node-str": ""
    },
    {
      "type": "delete-node",
      "node": {
        "label": "",
        "type": "FieldDeclaration"
      },
      "location-before-char-start": 17479,
      "location-before-char-end": 17539,
      "node-str": ""
    },
    {
      "type": "delete-node",
      "node": {
        "label": "ScarabUser",
        "type": "SimpleName"
      },
      "location-before-char-start": 28809,
      "location-before-char-end": 28819,
      "node-str": "ScarabUser"
    },
    {
      "type": "delete-node",
      "node": {
        "label": "getLastEnteredIssueTypeOrTemplate",
        "type": "SimpleName"
      },
      "location-before-char-start": 28820,
      "location-before-char-end": 28853,
      "node-str": "getLastEnteredIssueTypeOrTemplate"
    },
    {
      "type": "delete-node",
      "node": {
        "label": "",
        "type": "MethodRef"
      },
      "location-before-char-start": 28809,
      "location-before-char-end": 28855,
      "node-str": ""
    },
    {
      "type": "delete-node",
      "node": {
        "label": "",
        "type": "TagElement"
      },
      "location-before-char-start": 28804,
      "location-before-char-end": 28855,
      "node-str": ""
    },
    {
      "type": "delete-node",
      "node": {
        "label": "",
        "type": "Javadoc"
      },
      "location-before-char-start": 28793,
      "location-before-char-end": 28863,
      "node-str": ""
    },
    {
      "type": "delete-node",
      "node": {
        "label": "public",
        "type": "Modifier"
      },
      "location-before-char-start": 28868,
      "location-before-char-end": 28874,
      "node-str": "public"
    },
    {
      "type": "delete-node",
      "node": {
        "label": "Object",
        "type": "SimpleName"
      },
      "location-before-char-start": 28875,
      "location-before-char-end": 28881,
      "node-str": "Object"
    },
    {
      "type": "delete-node",
      "node": {
        "label": "",
        "type": "SimpleType"
      },
      "location-before-char-start": 28875,
      "location-before-char-end": 28881,
      "node-str": ""
    },
    {
      "type": "delete-node",
      "node": {
        "label": "lastEnteredIssueTypeOrTemplate",
        "type": "SimpleName"
      },
      "location-before-char-start": 28882,
      "location-before-char-end": 28912,
      "node-str": "lastEnteredIssueTypeOrTemplate"
    },
    {
      "type": "delete-node",
      "node": {
        "label": "",
        "type": "MethodDeclaration"
      },
      "location-before-char-start": 28793,
      "location-before-char-end": 28988,
      "node-str": ""
    }
  ],
  "before-file": {},
  "after-file": {},
  "mapping": {}
}