{
  "tool-info": {},
  "diff": [
    {
      "type": "insert-node",
      "node": {
        "label": "DecoratorManager",
        "type": "Class"
      },
      "location-after-char-start": 536,
      "location-after-char-end": 14246,
      "node-str": "DecoratorManager"
    },
    {
      "type": "insert-node",
      "node": {
        "label": "public",
        "type": "Modifier"
      },
      "location-after-char-start": 0,
      "location-after-char-end": 0,
      "node-str": "public"
    },
    {
      "type": "move-subtree",
      "node": {
        "label": "listeners",
        "type": "Field"
      },
      "location-before-char-start": 770,
      "location-before-char-end": 881,
      "location-after-char-start": 764,
      "location-after-char-end": 875,
      "node-str": "listeners"
    },
    {
      "type": "move-subtree",
      "node": {
        "label": "cachedDecorators",
        "type": "Field"
      },
      "location-before-char-start": 885,
      "location-before-char-end": 1000,
      "location-after-char-start": 879,
      "location-after-char-end": 994,
      "node-str": "cachedDecorators"
    },
    {
      "type": "move-subtree",
      "node": {
        "label": "definitions",
        "type": "Field"
      },
      "location-before-char-start": 1004,
      "location-before-char-end": 1103,
      "location-after-char-start": 998,
      "location-after-char-end": 1097,
      "node-str": "definitions"
    },
    {
      "type": "move-subtree",
      "node": {
        "label": "EMPTY_DEF",
        "type": "Field"
      },
      "location-before-char-start": 1107,
      "location-before-char-end": 1190,
      "location-after-char-start": 1101,
      "location-after-char-end": 1184,
      "node-str": "EMPTY_DEF"
    },
    {
      "type": "move-subtree",
      "node": {
        "label": "PREFERENCE_SEPARATOR",
        "type": "Field"
      },
      "location-before-char-start": 1194,
      "location-before-char-end": 1241,
      "location-after-char-start": 1188,
      "location-after-char-end": 1235,
      "node-str": "PREFERENCE_SEPARATOR"
    },
    {
      "type": "move-subtree",
      "node": {
        "label": "VALUE_SEPARATOR",
        "type": "Field"
      },
      "location-before-char-start": 1258,
      "location-before-char-end": 1300,
      "location-after-char-start": 1252,
      "location-after-char-end": 1294,
      "node-str": "VALUE_SEPARATOR"
    },
    {
      "type": "move-subtree",
      "node": {
        "label": "P_TRUE",
        "type": "Field"
      },
      "location-before-char-start": 1317,
      "location-before-char-end": 1353,
      "location-after-char-start": 1311,
      "location-after-char-end": 1347,
      "node-str": "P_TRUE"
    },
    {
      "type": "move-subtree",
      "node": {
        "label": "P_FALSE",
        "type": "Field"
      },
      "location-before-char-start": 1370,
      "location-before-char-end": 1408,
      "location-after-char-start": 1364,
      "location-after-char-end": 1402,
      "node-str": "P_FALSE"
    },
    {
      "type": "move-subtree",
      "node": {
        "label": "\u003cinit\u003e",
        "type": "Constructor"
      },
      "location-before-char-start": 1426,
      "location-before-char-end": 1788,
      "location-after-char-start": 1420,
      "location-after-char-end": 1782,
      "node-str": "\u003cinit\u003e"
    },
    {
      "type": "move-subtree",
      "node": {
        "label": "restoreListeners",
        "type": "Method"
      },
      "location-before-char-start": 1792,
      "location-before-char-end": 2180,
      "location-after-char-start": 1786,
      "location-after-char-end": 2174,
      "node-str": "restoreListeners"
    },
    {
      "type": "move-subtree",
      "node": {
        "label": "addListener",
        "type": "Method"
      },
      "location-before-char-start": 2184,
      "location-before-char-end": 2328,
      "location-after-char-start": 2178,
      "location-after-char-end": 2322,
      "node-str": "addListener"
    },
    {
      "type": "move-subtree",
      "node": {
        "label": "removeListener",
        "type": "Method"
      },
      "location-before-char-start": 2332,
      "location-before-char-end": 2474,
      "location-after-char-start": 2326,
      "location-after-char-end": 2468,
      "node-str": "removeListener"
    },
    {
      "type": "move-subtree",
      "node": {
        "label": "fireListeners",
        "type": "Method"
      },
      "location-before-char-start": 2478,
      "location-before-char-end": 2805,
      "location-after-char-start": 2472,
      "location-after-char-end": 2803,
      "node-str": "fireListeners"
    },
    {
      "type": "insert-node",
      "node": {
        "label": "decorateText",
        "type": "Method"
      },
      "location-after-char-start": 2807,
      "location-after-char-end": 3918,
      "node-str": "decorateText"
    },
    {
      "type": "insert-node",
      "node": {
        "label": "decorateImage",
        "type": "Method"
      },
      "location-after-char-start": 3922,
      "location-after-char-end": 5032,
      "node-str": "decorateImage"
    },
    {
      "type": "move-subtree",
      "node": {
        "label": "getResourceAdapter",
        "type": "Method"
      },
      "location-before-char-start": 4868,
      "location-before-char-end": 5546,
      "location-after-char-start": 5036,
      "location-after-char-end": 5746,
      "node-str": "getResourceAdapter"
    },
    {
      "type": "move-subtree",
      "node": {
        "label": "isLabelProperty",
        "type": "Method"
      },
      "location-before-char-start": 7232,
      "location-before-char-end": 7467,
      "location-after-char-start": 5750,
      "location-after-char-end": 5985,
      "node-str": "isLabelProperty"
    },
    {
      "type": "insert-node",
      "node": {
        "label": "isLabelProperty",
        "type": "Method"
      },
      "location-after-char-start": 5989,
      "location-after-char-end": 6866,
      "node-str": "isLabelProperty"
    },
    {
      "type": "move-subtree",
      "node": {
        "label": "computeClassOrder",
        "type": "Method"
      },
      "location-before-char-start": 8187,
      "location-before-char-end": 8564,
      "location-after-char-start": 6870,
      "location-after-char-end": 7247,
      "node-str": "computeClassOrder"
    },
    {
      "type": "move-subtree",
      "node": {
        "label": "computeInterfaceOrder",
        "type": "Method"
      },
      "location-before-char-start": 8567,
      "location-before-char-end": 9062,
      "location-after-char-start": 7250,
      "location-after-char-end": 7745,
      "node-str": "computeInterfaceOrder"
    },
    {
      "type": "move-subtree",
      "node": {
        "label": "internalComputeInterfaceOrder",
        "type": "Method"
      },
      "location-before-char-start": 9066,
      "location-before-char-end": 9781,
      "location-after-char-start": 7749,
      "location-after-char-end": 8464,
      "node-str": "internalComputeInterfaceOrder"
    },
    {
      "type": "move-subtree",
      "node": {
        "label": "enabledDefinitions",
        "type": "Method"
      },
      "location-before-char-start": 9785,
      "location-before-char-end": 10183,
      "location-after-char-start": 8468,
      "location-after-char-end": 8869,
      "node-str": "enabledDefinitions"
    },
    {
      "type": "move-subtree",
      "node": {
        "label": "dispose",
        "type": "Method"
      },
      "location-before-char-start": 10186,
      "location-before-char-end": 10305,
      "location-after-char-start": 8872,
      "location-after-char-end": 8991,
      "node-str": "dispose"
    },
    {
      "type": "move-subtree",
      "node": {
        "label": "reset",
        "type": "Method"
      },
      "location-before-char-start": 10309,
      "location-before-char-end": 10497,
      "location-after-char-start": 8995,
      "location-after-char-end": 9183,
      "node-str": "reset"
    },
    {
      "type": "move-subtree",
      "node": {
        "label": "getDecoratorDefinitions",
        "type": "Method"
      },
      "location-before-char-start": 10501,
      "location-before-char-end": 10649,
      "location-after-char-start": 9187,
      "location-after-char-end": 9335,
      "node-str": "getDecoratorDefinitions"
    },
    {
      "type": "move-subtree",
      "node": {
        "label": "labelProviderChanged",
        "type": "Method"
      },
      "location-before-char-start": 10653,
      "location-before-char-end": 10835,
      "location-after-char-start": 9339,
      "location-after-char-end": 9521,
      "node-str": "labelProviderChanged"
    },
    {
      "type": "move-subtree",
      "node": {
        "label": "writeDecoratorsPreference",
        "type": "Method"
      },
      "location-before-char-start": 10839,
      "location-before-char-end": 11432,
      "location-after-char-start": 9525,
      "location-after-char-end": 10118,
      "node-str": "writeDecoratorsPreference"
    },
    {
      "type": "move-subtree",
      "node": {
        "label": "applyDecoratorsPreference",
        "type": "Method"
      },
      "location-before-char-start": 11436,
      "location-before-char-end": 12521,
      "location-after-char-start": 10122,
      "location-after-char-end": 11222,
      "node-str": "applyDecoratorsPreference"
    },
    {
      "type": "move-subtree",
      "node": {
        "label": "shutdown",
        "type": "Method"
      },
      "location-before-char-start": 12525,
      "location-before-char-end": 12916,
      "location-after-char-start": 11226,
      "location-after-char-end": 11617,
      "node-str": "shutdown"
    },
    {
      "type": "move-subtree",
      "node": {
        "label": "getEnabled",
        "type": "Method"
      },
      "location-before-char-start": 12919,
      "location-before-char-end": 13180,
      "location-after-char-start": 11620,
      "location-after-char-end": 11881,
      "node-str": "getEnabled"
    },
    {
      "type": "move-subtree",
      "node": {
        "label": "getLabelDecorator",
        "type": "Method"
      },
      "location-before-char-start": 13184,
      "location-before-char-end": 13302,
      "location-after-char-start": 11885,
      "location-after-char-end": 12003,
      "node-str": "getLabelDecorator"
    },
    {
      "type": "move-subtree",
      "node": {
        "label": "setEnabled",
        "type": "Method"
      },
      "location-before-char-start": 13306,
      "location-before-char-end": 13587,
      "location-after-char-start": 12007,
      "location-after-char-end": 12291,
      "node-str": "setEnabled"
    },
    {
      "type": "move-subtree",
      "node": {
        "label": "getLabelDecorator",
        "type": "Method"
      },
      "location-before-char-start": 13592,
      "location-before-char-end": 14035,
      "location-after-char-start": 12295,
      "location-after-char-end": 12732,
      "node-str": "getLabelDecorator"
    },
    {
      "type": "move-subtree",
      "node": {
        "label": "getDecoratorDefinition",
        "type": "Method"
      },
      "location-before-char-start": 14039,
      "location-before-char-end": 14424,
      "location-after-char-start": 12736,
      "location-after-char-end": 13121,
      "node-str": "getDecoratorDefinition"
    },
    {
      "type": "insert-node",
      "node": {
        "label": "getDecoratorsFor",
        "type": "Method"
      },
      "location-after-char-start": 13125,
      "location-after-char-end": 14244,
      "node-str": "getDecoratorsFor"
    },
    {
      "type": "insert-node",
      "node": {
        "label": "java.lang.String",
        "type": "RETURN_TYPE"
      },
      "location-after-char-start": 0,
      "location-after-char-end": 0,
      "node-str": "java.lang.String"
    },
    {
      "type": "insert-node",
      "node": {
        "label": "public",
        "type": "Modifier"
      },
      "location-after-char-start": 0,
      "location-after-char-end": 0,
      "node-str": "public"
    },
    {
      "type": "move-subtree",
      "node": {
        "label": "text",
        "type": "Parameter"
      },
      "location-before-char-start": 3098,
      "location-before-char-end": 3108,
      "location-after-char-start": 3096,
      "location-after-char-end": 3106,
      "node-str": "text"
    },
    {
      "type": "move-subtree",
      "node": {
        "label": "element",
        "type": "Parameter"
      },
      "location-before-char-start": 3111,
      "location-before-char-end": 3124,
      "location-after-char-start": 3109,
      "location-after-char-end": 3122,
      "node-str": "element"
    },
    {
      "type": "move-subtree",
      "node": {
        "label": "decorators",
        "type": "LocalVariable"
      },
      "location-before-char-start": 3134,
      "location-before-char-end": 3194,
      "location-after-char-start": 3130,
      "location-after-char-end": 3190,
      "node-str": "decorators"
    },
    {
      "type": "move-subtree",
      "node": {
        "label": "result",
        "type": "LocalVariable"
      },
      "location-before-char-start": 3198,
      "location-before-char-end": 3218,
      "location-after-char-start": 3194,
      "location-after-char-end": 3214,
      "node-str": "result"
    },
    {
      "type": "insert-node",
      "node": {
        "label": "",
        "type": "For"
      },
      "location-after-char-start": 3218,
      "location-after-char-end": 3453,
      "node-str": ""
    },
    {
      "type": "move-subtree",
      "node": {
        "label": "adapted",
        "type": "LocalVariable"
      },
      "location-before-char-start": 3427,
      "location-before-char-end": 3471,
      "location-after-char-start": 3493,
      "location-after-char-end": 3537,
      "node-str": "adapted"
    },
    {
      "type": "insert-node",
      "node": {
        "label": "if",
        "type": "If"
      },
      "location-after-char-start": 3541,
      "location-after-char-end": 3897,
      "node-str": "if"
    },
    {
      "type": "move-subtree",
      "node": {
        "label": "return",
        "type": "Return"
      },
      "location-before-char-start": 3819,
      "location-before-char-end": 3832,
      "location-after-char-start": 3902,
      "location-after-char-end": 3915,
      "node-str": "return"
    },
    {
      "type": "insert-node",
      "node": {
        "label": "org.eclipse.swt.graphics.Image",
        "type": "RETURN_TYPE"
      },
      "location-after-char-start": 0,
      "location-after-char-end": 0,
      "node-str": "org.eclipse.swt.graphics.Image"
    },
    {
      "type": "insert-node",
      "node": {
        "label": "public",
        "type": "Modifier"
      },
      "location-after-char-start": 0,
      "location-after-char-end": 0,
      "node-str": "public"
    },
    {
      "type": "move-subtree",
      "node": {
        "label": "image",
        "type": "Parameter"
      },
      "location-before-char-start": 4127,
      "location-before-char-end": 4137,
      "location-after-char-start": 4210,
      "location-after-char-end": 4220,
      "node-str": "image"
    },
    {
      "type": "move-subtree",
      "node": {
        "label": "element",
        "type": "Parameter"
      },
      "location-before-char-start": 4140,
      "location-before-char-end": 4153,
      "location-after-char-start": 4223,
      "location-after-char-end": 4236,
      "node-str": "element"
    },
    {
      "type": "move-subtree",
      "node": {
        "label": "decorators",
        "type": "LocalVariable"
      },
      "location-before-char-start": 4163,
      "location-before-char-end": 4223,
      "location-after-char-start": 4244,
      "location-after-char-end": 4304,
      "node-str": "decorators"
    },
    {
      "type": "move-subtree",
      "node": {
        "label": "result",
        "type": "LocalVariable"
      },
      "location-before-char-start": 4227,
      "location-before-char-end": 4247,
      "location-after-char-start": 4308,
      "location-after-char-end": 4328,
      "node-str": "result"
    },
    {
      "type": "insert-node",
      "node": {
        "label": "",
        "type": "For"
      },
      "location-after-char-start": 4332,
      "location-after-char-end": 4567,
      "node-str": ""
    },
    {
      "type": "move-subtree",
      "node": {
        "label": "adapted",
        "type": "LocalVariable"
      },
      "location-before-char-start": 4456,
      "location-before-char-end": 4500,
      "location-after-char-start": 4607,
      "location-after-char-end": 4651,
      "node-str": "adapted"
    },
    {
      "type": "insert-node",
      "node": {
        "label": "if",
        "type": "If"
      },
      "location-after-char-start": 4655,
      "location-after-char-end": 5011,
      "node-str": "if"
    },
    {
      "type": "move-subtree",
      "node": {
        "label": "return",
        "type": "Return"
      },
      "location-before-char-start": 4848,
      "location-before-char-end": 4861,
      "location-after-char-start": 5016,
      "location-after-char-end": 5029,
      "node-str": "return"
    },
    {
      "type": "insert-node",
      "node": {
        "label": "boolean",
        "type": "RETURN_TYPE"
      },
      "location-after-char-start": 0,
      "location-after-char-end": 0,
      "node-str": "boolean"
    },
    {
      "type": "insert-node",
      "node": {
        "label": "public",
        "type": "Modifier"
      },
      "location-after-char-start": 0,
      "location-after-char-end": 0,
      "node-str": "public"
    },
    {
      "type": "move-subtree",
      "node": {
        "label": "element",
        "type": "Parameter"
      },
      "location-before-char-start": 7680,
      "location-before-char-end": 7693,
      "location-after-char-start": 6198,
      "location-after-char-end": 6211,
      "node-str": "element"
    },
    {
      "type": "move-subtree",
      "node": {
        "label": "property",
        "type": "Parameter"
      },
      "location-before-char-start": 7698,
      "location-before-char-end": 7712,
      "location-after-char-start": 6216,
      "location-after-char-end": 6230,
      "node-str": "property"
    },
    {
      "type": "move-subtree",
      "node": {
        "label": "checkAdapted",
        "type": "Parameter"
      },
      "location-before-char-start": 7717,
      "location-before-char-end": 7736,
      "location-after-char-start": 6235,
      "location-after-char-end": 6254,
      "node-str": "checkAdapted"
    },
    {
      "type": "move-subtree",
      "node": {
        "label": "decorators",
        "type": "LocalVariable"
      },
      "location-before-char-start": 7743,
      "location-before-char-end": 7803,
      "location-after-char-start": 6261,
      "location-after-char-end": 6321,
      "node-str": "decorators"
    },
    {
      "type": "insert-node",
      "node": {
        "label": "",
        "type": "For"
      },
      "location-after-char-start": 6325,
      "location-after-char-end": 6846,
      "node-str": ""
    },
    {
      "type": "move-subtree",
      "node": {
        "label": "return",
        "type": "Return"
      },
      "location-before-char-start": 8168,
      "location-before-char-end": 8180,
      "location-after-char-start": 6851,
      "location-after-char-end": 6863,
      "node-str": "return"
    },
    {
      "type": "insert-node",
      "node": {
        "label": "org.eclipse.ui.internal.DecoratorDefinition[]",
        "type": "RETURN_TYPE"
      },
      "location-after-char-start": 0,
      "location-after-char-end": 0,
      "node-str": "org.eclipse.ui.internal.DecoratorDefinition[]"
    },
    {
      "type": "move-subtree",
      "node": {
        "label": "element",
        "type": "Parameter"
      },
      "location-before-char-start": 5861,
      "location-before-char-end": 5874,
      "location-after-char-start": 13436,
      "location-after-char-end": 13449,
      "node-str": "element"
    },
    {
      "type": "move-subtree",
      "node": {
        "label": "if",
        "type": "If"
      },
      "location-before-char-start": 5882,
      "location-before-char-end": 5922,
      "location-after-char-start": 13457,
      "location-after-char-end": 13497,
      "node-str": "if"
    },
    {
      "type": "insert-node",
      "node": {
        "label": "className",
        "type": "LocalVariable"
      },
      "location-after-char-start": 13505,
      "location-after-char-end": 13552,
      "node-str": "className"
    },
    {
      "type": "move-subtree",
      "node": {
        "label": "decoratorArray",
        "type": "LocalVariable"
      },
      "location-before-char-start": 6015,
      "location-before-char-end": 6112,
      "location-after-char-start": 13556,
      "location-after-char-end": 13653,
      "node-str": "decoratorArray"
    },
    {
      "type": "move-subtree",
      "node": {
        "label": "if",
        "type": "If"
      },
      "location-before-char-start": 6116,
      "location-before-char-end": 6174,
      "location-after-char-start": 13657,
      "location-after-char-end": 13715,
      "node-str": "if"
    },
    {
      "type": "move-subtree",
      "node": {
        "label": "decorators",
        "type": "LocalVariable"
      },
      "location-before-char-start": 6232,
      "location-before-char-end": 6270,
      "location-after-char-start": 13720,
      "location-after-char-end": 13758,
      "node-str": "decorators"
    },
    {
      "type": "move-subtree",
      "node": {
        "label": "enabledDefinitions",
        "type": "LocalVariable"
      },
      "location-before-char-start": 6274,
      "location-before-char-end": 6337,
      "location-after-char-start": 13762,
      "location-after-char-end": 13825,
      "node-str": "enabledDefinitions"
    },
    {
      "type": "insert-node",
      "node": {
        "label": "",
        "type": "For"
      },
      "location-after-char-start": 13830,
      "location-after-char-end": 14063,
      "node-str": ""
    },
    {
      "type": "move-subtree",
      "node": {
        "label": "\u003d",
        "type": "Assignment"
      },
      "location-before-char-start": 6501,
      "location-before-char-end": 6560,
      "location-after-char-start": 14068,
      "location-after-char-end": 14127,
      "node-str": "\u003d"
    },
    {
      "type": "move-subtree",
      "node": {
        "label": "toArray",
        "type": "Invocation"
      },
      "location-before-char-start": 6564,
      "location-before-char-end": 6598,
      "location-after-char-start": 14131,
      "location-after-char-end": 14165,
      "node-str": "toArray"
    },
    {
      "type": "insert-node",
      "node": {
        "label": "put",
        "type": "Invocation"
      },
      "location-after-char-start": 14169,
      "location-after-char-end": 14216,
      "node-str": "put"
    },
    {
      "type": "move-subtree",
      "node": {
        "label": "return",
        "type": "Return"
      },
      "location-before-char-start": 6672,
      "location-before-char-end": 6693,
      "location-after-char-start": 14220,
      "location-after-char-end": 14241,
      "node-str": "return"
    },
    {
      "type": "move-subtree",
      "node": {
        "label": "i",
        "type": "LocalVariable"
      },
      "location-before-char-start": 3227,
      "location-before-char-end": 3235,
      "location-after-char-start": 3223,
      "location-after-char-end": 3231,
      "node-str": "i"
    },
    {
      "type": "move-subtree",
      "node": {
        "label": "LT",
        "type": "BinaryOperator"
      },
      "location-before-char-start": 3238,
      "location-before-char-end": 3258,
      "location-after-char-start": 3234,
      "location-after-char-end": 3254,
      "node-str": "LT"
    },
    {
      "type": "move-subtree",
      "node": {
        "label": "POSTINC",
        "type": "UnaryOperator"
      },
      "location-before-char-start": 3261,
      "location-before-char-end": 3263,
      "location-after-char-start": 3257,
      "location-after-char-end": 3259,
      "node-str": "POSTINC"
    },
    {
      "type": "insert-node",
      "node": {
        "label": "if",
        "type": "If"
      },
      "location-after-char-start": 3267,
      "location-after-char-end": 3449,
      "node-str": "if"
    },
    {
      "type": "move-subtree",
      "node": {
        "label": "NE",
        "type": "BinaryOperator"
      },
      "location-before-char-start": 3479,
      "location-before-char-end": 3493,
      "location-after-char-start": 3545,
      "location-after-char-end": 3559,
      "node-str": "NE"
    },
    {
      "type": "insert-node",
      "node": {
        "label": "THEN",
        "type": "then"
      },
      "location-after-char-start": 3562,
      "location-after-char-end": 3897,
      "node-str": "THEN"
    },
    {
      "type": "move-subtree",
      "node": {
        "label": "i",
        "type": "LocalVariable"
      },
      "location-before-char-start": 4256,
      "location-before-char-end": 4264,
      "location-after-char-start": 4337,
      "location-after-char-end": 4345,
      "node-str": "i"
    },
    {
      "type": "move-subtree",
      "node": {
        "label": "LT",
        "type": "BinaryOperator"
      },
      "location-before-char-start": 4267,
      "location-before-char-end": 4287,
      "location-after-char-start": 4348,
      "location-after-char-end": 4368,
      "node-str": "LT"
    },
    {
      "type": "move-subtree",
      "node": {
        "label": "POSTINC",
        "type": "UnaryOperator"
      },
      "location-before-char-start": 4290,
      "location-before-char-end": 4292,
      "location-after-char-start": 4371,
      "location-after-char-end": 4373,
      "node-str": "POSTINC"
    },
    {
      "type": "insert-node",
      "node": {
        "label": "if",
        "type": "If"
      },
      "location-after-char-start": 4381,
      "location-after-char-end": 4563,
      "node-str": "if"
    },
    {
      "type": "move-subtree",
      "node": {
        "label": "NE",
        "type": "BinaryOperator"
      },
      "location-before-char-start": 4508,
      "location-before-char-end": 4522,
      "location-after-char-start": 4659,
      "location-after-char-end": 4673,
      "node-str": "NE"
    },
    {
      "type": "insert-node",
      "node": {
        "label": "THEN",
        "type": "then"
      },
      "location-after-char-start": 4676,
      "location-after-char-end": 5011,
      "node-str": "THEN"
    },
    {
      "type": "move-subtree",
      "node": {
        "label": "i",
        "type": "LocalVariable"
      },
      "location-before-char-start": 7812,
      "location-before-char-end": 7820,
      "location-after-char-start": 6330,
      "location-after-char-end": 6338,
      "node-str": "i"
    },
    {
      "type": "move-subtree",
      "node": {
        "label": "LT",
        "type": "BinaryOperator"
      },
      "location-before-char-start": 7823,
      "location-before-char-end": 7843,
      "location-after-char-start": 6341,
      "location-after-char-end": 6361,
      "node-str": "LT"
    },
    {
      "type": "move-subtree",
      "node": {
        "label": "POSTINC",
        "type": "UnaryOperator"
      },
      "location-before-char-start": 7846,
      "location-before-char-end": 7848,
      "location-after-char-start": 6364,
      "location-after-char-end": 6366,
      "node-str": "POSTINC"
    },
    {
      "type": "insert-node",
      "node": {
        "label": "if",
        "type": "If"
      },
      "location-after-char-start": 6374,
      "location-after-char-end": 6502,
      "node-str": "if"
    },
    {
      "type": "insert-node",
      "node": {
        "label": "if",
        "type": "If"
      },
      "location-after-char-start": 6508,
      "location-after-char-end": 6842,
      "node-str": "if"
    },
    {
      "type": "insert-node",
      "node": {
        "label": "java.lang.String",
        "type": "VARIABLE_TYPE"
      },
      "location-after-char-start": 0,
      "location-after-char-end": 0,
      "node-str": "java.lang.String"
    },
    {
      "type": "move-subtree",
      "node": {
        "label": "getName",
        "type": "Invocation"
      },
      "location-before-char-start": 6623,
      "location-before-char-end": 6650,
      "location-after-char-start": 13524,
      "location-after-char-end": 13551,
      "node-str": "getName"
    },
    {
      "type": "move-subtree",
      "node": {
        "label": "i",
        "type": "LocalVariable"
      },
      "location-before-char-start": 7062,
      "location-before-char-end": 7070,
      "location-after-char-start": 13835,
      "location-after-char-end": 13843,
      "node-str": "i"
    },
    {
      "type": "move-subtree",
      "node": {
        "label": "LT",
        "type": "BinaryOperator"
      },
      "location-before-char-start": 7073,
      "location-before-char-end": 7101,
      "location-after-char-start": 13846,
      "location-after-char-end": 13874,
      "node-str": "LT"
    },
    {
      "type": "move-subtree",
      "node": {
        "label": "POSTINC",
        "type": "UnaryOperator"
      },
      "location-before-char-start": 7104,
      "location-before-char-end": 7106,
      "location-after-char-start": 13877,
      "location-after-char-end": 13879,
      "node-str": "POSTINC"
    },
    {
      "type": "insert-node",
      "node": {
        "label": "if",
        "type": "If"
      },
      "location-after-char-start": 13887,
      "location-after-char-end": 14059,
      "node-str": "if"
    },
    {
      "type": "move-subtree",
      "node": {
        "label": "cachedDecorators",
        "type": "FieldRead"
      },
      "location-before-char-start": 6602,
      "location-before-char-end": 6617,
      "location-after-char-start": 14169,
      "location-after-char-end": 14184,
      "node-str": "cachedDecorators"
    },
    {
      "type": "insert-node",
      "node": {
        "label": "className",
        "type": "VariableRead"
      },
      "location-after-char-start": 14190,
      "location-after-char-end": 14198,
      "node-str": "className"
    },
    {
      "type": "insert-node",
      "node": {
        "label": "decoratorArray",
        "type": "VariableRead"
      },
      "location-after-char-start": 14201,
      "location-after-char-end": 14214,
      "node-str": "decoratorArray"
    },
    {
      "type": "insert-node",
      "node": {
        "label": "isEnabledFor",
        "type": "Invocation"
      },
      "location-after-char-start": 3271,
      "location-after-char-end": 3321,
      "node-str": "isEnabledFor"
    },
    {
      "type": "insert-node",
      "node": {
        "label": "THEN",
        "type": "then"
      },
      "location-after-char-start": 3324,
      "location-after-char-end": 3449,
      "node-str": "THEN"
    },
    {
      "type": "insert-node",
      "node": {
        "label": "\u003d",
        "type": "Assignment"
      },
      "location-after-char-start": 3567,
      "location-after-char-end": 3605,
      "node-str": "\u003d"
    },
    {
      "type": "insert-node",
      "node": {
        "label": "",
        "type": "For"
      },
      "location-after-char-start": 3610,
      "location-after-char-end": 3893,
      "node-str": ""
    },
    {
      "type": "insert-node",
      "node": {
        "label": "isEnabledFor",
        "type": "Invocation"
      },
      "location-after-char-start": 4385,
      "location-after-char-end": 4435,
      "node-str": "isEnabledFor"
    },
    {
      "type": "insert-node",
      "node": {
        "label": "THEN",
        "type": "then"
      },
      "location-after-char-start": 4438,
      "location-after-char-end": 4563,
      "node-str": "THEN"
    },
    {
      "type": "insert-node",
      "node": {
        "label": "\u003d",
        "type": "Assignment"
      },
      "location-after-char-start": 4681,
      "location-after-char-end": 4719,
      "node-str": "\u003d"
    },
    {
      "type": "insert-node",
      "node": {
        "label": "",
        "type": "For"
      },
      "location-after-char-start": 4724,
      "location-after-char-end": 5007,
      "node-str": ""
    },
    {
      "type": "insert-node",
      "node": {
        "label": "AND",
        "type": "BinaryOperator"
      },
      "location-after-char-start": 6378,
      "location-after-char-end": 6484,
      "node-str": "AND"
    },
    {
      "type": "move-subtree",
      "node": {
        "label": "THEN",
        "type": "then"
      },
      "location-before-char-start": 7914,
      "location-before-char-end": 7925,
      "location-after-char-start": 6491,
      "location-after-char-end": 6502,
      "node-str": "THEN"
    },
    {
      "type": "insert-node",
      "node": {
        "label": "checkAdapted",
        "type": "VariableRead"
      },
      "location-after-char-start": 6512,
      "location-after-char-end": 6523,
      "node-str": "checkAdapted"
    },
    {
      "type": "insert-node",
      "node": {
        "label": "THEN",
        "type": "then"
      },
      "location-after-char-start": 6526,
      "location-after-char-end": 6842,
      "node-str": "THEN"
    },
    {
      "type": "insert-node",
      "node": {
        "label": "isEnabledForExpression",
        "type": "Invocation"
      },
      "location-after-char-start": 13891,
      "location-after-char-end": 14015,
      "node-str": "isEnabledForExpression"
    },
    {
      "type": "insert-node",
      "node": {
        "label": "THEN",
        "type": "then"
      },
      "location-after-char-start": 14022,
      "location-after-char-end": 14059,
      "node-str": "THEN"
    },
    {
      "type": "insert-node",
      "node": {
        "label": "getEnablement",
        "type": "Invocation"
      },
      "location-after-char-start": 3271,
      "location-after-char-end": 3299,
      "node-str": "getEnablement"
    },
    {
      "type": "insert-node",
      "node": {
        "label": "element",
        "type": "VariableRead"
      },
      "location-after-char-start": 3314,
      "location-after-char-end": 3320,
      "node-str": "element"
    },
    {
      "type": "move-subtree",
      "node": {
        "label": "newResult",
        "type": "LocalVariable"
      },
      "location-before-char-start": 3271,
      "location-before-char-end": 3333,
      "location-after-char-start": 3330,
      "location-after-char-end": 3392,
      "node-str": "newResult"
    },
    {
      "type": "move-subtree",
      "node": {
        "label": "if",
        "type": "If"
      },
      "location-before-char-start": 3338,
      "location-before-char-end": 3383,
      "location-after-char-start": 3398,
      "location-after-char-end": 3444,
      "node-str": "if"
    },
    {
      "type": "insert-node",
      "node": {
        "label": "decorators",
        "type": "VariableWrite"
      },
      "location-after-char-start": 3567,
      "location-after-char-end": 3576,
      "node-str": "decorators"
    },
    {
      "type": "move-subtree",
      "node": {
        "label": "getDecoratorsFor",
        "type": "Invocation"
      },
      "location-before-char-start": 3542,
      "location-before-char-end": 3566,
      "location-after-char-start": 3580,
      "location-after-char-end": 3604,
      "node-str": "getDecoratorsFor"
    },
    {
      "type": "move-subtree",
      "node": {
        "label": "i",
        "type": "LocalVariable"
      },
      "location-before-char-start": 3577,
      "location-before-char-end": 3585,
      "location-after-char-start": 3615,
      "location-after-char-end": 3623,
      "node-str": "i"
    },
    {
      "type": "insert-node",
      "node": {
        "label": "LT",
        "type": "BinaryOperator"
      },
      "location-after-char-start": 3626,
      "location-after-char-end": 3646,
      "node-str": "LT"
    },
    {
      "type": "move-subtree",
      "node": {
        "label": "POSTINC",
        "type": "UnaryOperator"
      },
      "location-before-char-start": 3618,
      "location-before-char-end": 3620,
      "location-after-char-start": 3649,
      "location-after-char-end": 3651,
      "node-str": "POSTINC"
    },
    {
      "type": "insert-node",
      "node": {
        "label": "if",
        "type": "If"
      },
      "location-after-char-start": 3660,
      "location-after-char-end": 3888,
      "node-str": "if"
    },
    {
      "type": "insert-node",
      "node": {
        "label": "getEnablement",
        "type": "Invocation"
      },
      "location-after-char-start": 4385,
      "location-after-char-end": 4413,
      "node-str": "getEnablement"
    },
    {
      "type": "insert-node",
      "node": {
        "label": "element",
        "type": "VariableRead"
      },
      "location-after-char-start": 4428,
      "location-after-char-end": 4434,
      "node-str": "element"
    },
    {
      "type": "move-subtree",
      "node": {
        "label": "newResult",
        "type": "LocalVariable"
      },
      "location-before-char-start": 4300,
      "location-before-char-end": 4362,
      "location-after-char-start": 4444,
      "location-after-char-end": 4506,
      "node-str": "newResult"
    },
    {
      "type": "move-subtree",
      "node": {
        "label": "if",
        "type": "If"
      },
      "location-before-char-start": 4367,
      "location-before-char-end": 4412,
      "location-after-char-start": 4512,
      "location-after-char-end": 4558,
      "node-str": "if"
    },
    {
      "type": "insert-node",
      "node": {
        "label": "decorators",
        "type": "VariableWrite"
      },
      "location-after-char-start": 4681,
      "location-after-char-end": 4690,
      "node-str": "decorators"
    },
    {
      "type": "move-subtree",
      "node": {
        "label": "getDecoratorsFor",
        "type": "Invocation"
      },
      "location-before-char-start": 4571,
      "location-before-char-end": 4595,
      "location-after-char-start": 4694,
      "location-after-char-end": 4718,
      "node-str": "getDecoratorsFor"
    },
    {
      "type": "move-subtree",
      "node": {
        "label": "i",
        "type": "LocalVariable"
      },
      "location-before-char-start": 4606,
      "location-before-char-end": 4614,
      "location-after-char-start": 4729,
      "location-after-char-end": 4737,
      "node-str": "i"
    },
    {
      "type": "insert-node",
      "node": {
        "label": "LT",
        "type": "BinaryOperator"
      },
      "location-after-char-start": 4740,
      "location-after-char-end": 4760,
      "node-str": "LT"
    },
    {
      "type": "move-subtree",
      "node": {
        "label": "POSTINC",
        "type": "UnaryOperator"
      },
      "location-before-char-start": 4647,
      "location-before-char-end": 4649,
      "location-after-char-start": 4763,
      "location-after-char-end": 4765,
      "node-str": "POSTINC"
    },
    {
      "type": "insert-node",
      "node": {
        "label": "if",
        "type": "If"
      },
      "location-after-char-start": 4774,
      "location-after-char-end": 5002,
      "node-str": "if"
    },
    {
      "type": "insert-node",
      "node": {
        "label": "isEnabledFor",
        "type": "Invocation"
      },
      "location-after-char-start": 6378,
      "location-after-char-end": 6428,
      "node-str": "isEnabledFor"
    },
    {
      "type": "move-subtree",
      "node": {
        "label": "isLabelProperty",
        "type": "Invocation"
      },
      "location-before-char-start": 7860,
      "location-before-char-end": 7907,
      "location-after-char-start": 6437,
      "location-after-char-end": 6484,
      "node-str": "isLabelProperty"
    },
    {
      "type": "move-subtree",
      "node": {
        "label": "adapted",
        "type": "LocalVariable"
      },
      "location-before-char-start": 7993,
      "location-before-char-end": 8037,
      "location-after-char-start": 6569,
      "location-after-char-end": 6613,
      "node-str": "adapted"
    },
    {
      "type": "insert-node",
      "node": {
        "label": "\u003d",
        "type": "Assignment"
      },
      "location-after-char-start": 6619,
      "location-after-char-end": 6657,
      "node-str": "\u003d"
    },
    {
      "type": "insert-node",
      "node": {
        "label": "if",
        "type": "If"
      },
      "location-after-char-start": 6663,
      "location-after-char-end": 6837,
      "node-str": "if"
    },
    {
      "type": "update-node",
      "node": {
        "label": "getObjectClass",
        "type": "Invocation"
      },
      "location-before-char-start": 7136,
      "location-before-char-end": 7173,
      "location-after-char-start": 13891,
      "location-after-char-end": 13932,
      "node-str": "getEnablement"
    },
    {
      "type": "move-subtree",
      "node": {
        "label": "getObjectClass",
        "type": "Invocation"
      },
      "location-before-char-start": 7136,
      "location-before-char-end": 7173,
      "location-after-char-start": 13891,
      "location-after-char-end": 13932,
      "node-str": "getEnablement"
    },
    {
      "type": "insert-node",
      "node": {
        "label": "element",
        "type": "VariableRead"
      },
      "location-after-char-start": 13968,
      "location-after-char-end": 13974,
      "node-str": "element"
    },
    {
      "type": "insert-node",
      "node": {
        "label": "ActionExpression.ATT_OBJECT_CLASS",
        "type": "TypeAccess"
      },
      "location-after-char-start": 13982,
      "location-after-char-end": 14014,
      "node-str": "ActionExpression.ATT_OBJECT_CLASS"
    },
    {
      "type": "insert-node",
      "node": {
        "label": "add",
        "type": "Invocation"
      },
      "location-after-char-start": 14022,
      "location-after-char-end": 14059,
      "node-str": "add"
    },
    {
      "type": "insert-node",
      "node": {
        "label": "",
        "type": "ArrayRead"
      },
      "location-after-char-start": 3271,
      "location-after-char-end": 3283,
      "node-str": ""
    },
    {
      "type": "insert-node",
      "node": {
        "label": "i",
        "type": "VariableRead"
      },
      "location-after-char-start": 3626,
      "location-after-char-end": 3626,
      "node-str": "i"
    },
    {
      "type": "insert-node",
      "node": {
        "label": "length",
        "type": "FieldRead"
      },
      "location-after-char-start": 3630,
      "location-after-char-end": 3646,
      "node-str": "length"
    },
    {
      "type": "insert-node",
      "node": {
        "label": "AND",
        "type": "BinaryOperator"
      },
      "location-after-char-start": 3664,
      "location-after-char-end": 3750,
      "node-str": "AND"
    },
    {
      "type": "insert-node",
      "node": {
        "label": "THEN",
        "type": "then"
      },
      "location-after-char-start": 3753,
      "location-after-char-end": 3888,
      "node-str": "THEN"
    },
    {
      "type": "insert-node",
      "node": {
        "label": "",
        "type": "ArrayRead"
      },
      "location-after-char-start": 4385,
      "location-after-char-end": 4397,
      "node-str": ""
    },
    {
      "type": "insert-node",
      "node": {
        "label": "i",
        "type": "VariableRead"
      },
      "location-after-char-start": 4740,
      "location-after-char-end": 4740,
      "node-str": "i"
    },
    {
      "type": "insert-node",
      "node": {
        "label": "length",
        "type": "FieldRead"
      },
      "location-after-char-start": 4744,
      "location-after-char-end": 4760,
      "node-str": "length"
    },
    {
      "type": "insert-node",
      "node": {
        "label": "AND",
        "type": "BinaryOperator"
      },
      "location-after-char-start": 4778,
      "location-after-char-end": 4864,
      "node-str": "AND"
    },
    {
      "type": "insert-node",
      "node": {
        "label": "THEN",
        "type": "then"
      },
      "location-after-char-start": 4867,
      "location-after-char-end": 5002,
      "node-str": "THEN"
    },
    {
      "type": "insert-node",
      "node": {
        "label": "getEnablement",
        "type": "Invocation"
      },
      "location-after-char-start": 6378,
      "location-after-char-end": 6406,
      "node-str": "getEnablement"
    },
    {
      "type": "insert-node",
      "node": {
        "label": "element",
        "type": "VariableRead"
      },
      "location-after-char-start": 6421,
      "location-after-char-end": 6427,
      "node-str": "element"
    },
    {
      "type": "insert-node",
      "node": {
        "label": "decorators",
        "type": "VariableWrite"
      },
      "location-after-char-start": 6619,
      "location-after-char-end": 6628,
      "node-str": "decorators"
    },
    {
      "type": "insert-node",
      "node": {
        "label": "getDecoratorsFor",
        "type": "Invocation"
      },
      "location-after-char-start": 6632,
      "location-after-char-end": 6656,
      "node-str": "getDecoratorsFor"
    },
    {
      "type": "insert-node",
      "node": {
        "label": "AND",
        "type": "BinaryOperator"
      },
      "location-after-char-start": 6667,
      "location-after-char-end": 6818,
      "node-str": "AND"
    },
    {
      "type": "move-subtree",
      "node": {
        "label": "THEN",
        "type": "then"
      },
      "location-before-char-start": 8143,
      "location-before-char-end": 8154,
      "location-after-char-start": 6826,
      "location-after-char-end": 6837,
      "node-str": "THEN"
    },
    {
      "type": "insert-node",
      "node": {
        "label": "decorators",
        "type": "VariableRead"
      },
      "location-after-char-start": 14022,
      "location-after-char-end": 14031,
      "node-str": "decorators"
    },
    {
      "type": "move-subtree",
      "node": {
        "label": "",
        "type": "ArrayRead"
      },
      "location-before-char-start": 7193,
      "location-before-char-end": 7213,
      "location-after-char-start": 14037,
      "location-after-char-end": 14057,
      "node-str": ""
    },
    {
      "type": "insert-node",
      "node": {
        "label": "decorators",
        "type": "VariableRead"
      },
      "location-after-char-start": 3271,
      "location-after-char-end": 3280,
      "node-str": "decorators"
    },
    {
      "type": "insert-node",
      "node": {
        "label": "i",
        "type": "VariableRead"
      },
      "location-after-char-start": 3282,
      "location-after-char-end": 3282,
      "node-str": "i"
    },
    {
      "type": "insert-node",
      "node": {
        "label": "decorators",
        "type": "VariableRead"
      },
      "location-after-char-start": 3630,
      "location-after-char-end": 3646,
      "node-str": "decorators"
    },
    {
      "type": "insert-node",
      "node": {
        "label": "isAdaptable",
        "type": "Invocation"
      },
      "location-after-char-start": 3664,
      "location-after-char-end": 3690,
      "node-str": "isAdaptable"
    },
    {
      "type": "insert-node",
      "node": {
        "label": "isEnabledFor",
        "type": "Invocation"
      },
      "location-after-char-start": 3700,
      "location-after-char-end": 3750,
      "node-str": "isEnabledFor"
    },
    {
      "type": "insert-node",
      "node": {
        "label": "newResult",
        "type": "LocalVariable"
      },
      "location-after-char-start": 3760,
      "location-after-char-end": 3828,
      "node-str": "newResult"
    },
    {
      "type": "move-subtree",
      "node": {
        "label": "if",
        "type": "If"
      },
      "location-before-char-start": 3750,
      "location-before-char-end": 3797,
      "location-after-char-start": 3835,
      "location-after-char-end": 3882,
      "node-str": "if"
    },
    {
      "type": "insert-node",
      "node": {
        "label": "decorators",
        "type": "VariableRead"
      },
      "location-after-char-start": 4385,
      "location-after-char-end": 4394,
      "node-str": "decorators"
    },
    {
      "type": "insert-node",
      "node": {
        "label": "i",
        "type": "VariableRead"
      },
      "location-after-char-start": 4396,
      "location-after-char-end": 4396,
      "node-str": "i"
    },
    {
      "type": "insert-node",
      "node": {
        "label": "decorators",
        "type": "VariableRead"
      },
      "location-after-char-start": 4744,
      "location-after-char-end": 4760,
      "node-str": "decorators"
    },
    {
      "type": "insert-node",
      "node": {
        "label": "isAdaptable",
        "type": "Invocation"
      },
      "location-after-char-start": 4778,
      "location-after-char-end": 4804,
      "node-str": "isAdaptable"
    },
    {
      "type": "insert-node",
      "node": {
        "label": "isEnabledFor",
        "type": "Invocation"
      },
      "location-after-char-start": 4814,
      "location-after-char-end": 4864,
      "node-str": "isEnabledFor"
    },
    {
      "type": "insert-node",
      "node": {
        "label": "newResult",
        "type": "LocalVariable"
      },
      "location-after-char-start": 4874,
      "location-after-char-end": 4942,
      "node-str": "newResult"
    },
    {
      "type": "move-subtree",
      "node": {
        "label": "if",
        "type": "If"
      },
      "location-before-char-start": 4779,
      "location-before-char-end": 4826,
      "location-after-char-start": 4949,
      "location-after-char-end": 4996,
      "node-str": "if"
    },
    {
      "type": "insert-node",
      "node": {
        "label": "",
        "type": "ArrayRead"
      },
      "location-after-char-start": 6378,
      "location-after-char-end": 6390,
      "node-str": ""
    },
    {
      "type": "insert-node",
      "node": {
        "label": "org.eclipse.ui.internal.DecoratorManager",
        "type": "TypeAccess"
      },
      "location-after-char-start": 0,
      "location-after-char-end": 0,
      "node-str": "org.eclipse.ui.internal.DecoratorManager"
    },
    {
      "type": "insert-node",
      "node": {
        "label": "adapted",
        "type": "VariableRead"
      },
      "location-after-char-start": 6649,
      "location-after-char-end": 6655,
      "node-str": "adapted"
    },
    {
      "type": "insert-node",
      "node": {
        "label": "AND",
        "type": "BinaryOperator"
      },
      "location-after-char-start": 6667,
      "location-after-char-end": 6768,
      "node-str": "AND"
    },
    {
      "type": "move-subtree",
      "node": {
        "label": "isLabelProperty",
        "type": "Invocation"
      },
      "location-before-char-start": 8095,
      "location-before-char-end": 8135,
      "location-after-char-start": 6778,
      "location-after-char-end": 6818,
      "node-str": "isLabelProperty"
    },
    {
      "type": "insert-node",
      "node": {
        "label": "",
        "type": "ArrayRead"
      },
      "location-after-char-start": 3664,
      "location-after-char-end": 3676,
      "node-str": ""
    },
    {
      "type": "insert-node",
      "node": {
        "label": "getEnablement",
        "type": "Invocation"
      },
      "location-after-char-start": 3700,
      "location-after-char-end": 3728,
      "node-str": "getEnablement"
    },
    {
      "type": "insert-node",
      "node": {
        "label": "adapted",
        "type": "VariableRead"
      },
      "location-after-char-start": 3743,
      "location-after-char-end": 3749,
      "node-str": "adapted"
    },
    {
      "type": "insert-node",
      "node": {
        "label": "java.lang.String",
        "type": "VARIABLE_TYPE"
      },
      "location-after-char-start": 0,
      "location-after-char-end": 0,
      "node-str": "java.lang.String"
    },
    {
      "type": "insert-node",
      "node": {
        "label": "decorateText",
        "type": "Invocation"
      },
      "location-after-char-start": 3785,
      "location-after-char-end": 3827,
      "node-str": "decorateText"
    },
    {
      "type": "insert-node",
      "node": {
        "label": "",
        "type": "ArrayRead"
      },
      "location-after-char-start": 4778,
      "location-after-char-end": 4790,
      "node-str": ""
    },
    {
      "type": "insert-node",
      "node": {
        "label": "getEnablement",
        "type": "Invocation"
      },
      "location-after-char-start": 4814,
      "location-after-char-end": 4842,
      "node-str": "getEnablement"
    },
    {
      "type": "insert-node",
      "node": {
        "label": "adapted",
        "type": "VariableRead"
      },
      "location-after-char-start": 4857,
      "location-after-char-end": 4863,
      "node-str": "adapted"
    },
    {
      "type": "insert-node",
      "node": {
        "label": "org.eclipse.swt.graphics.Image",
        "type": "VARIABLE_TYPE"
      },
      "location-after-char-start": 0,
      "location-after-char-end": 0,
      "node-str": "org.eclipse.swt.graphics.Image"
    },
    {
      "type": "insert-node",
      "node": {
        "label": "decorateImage",
        "type": "Invocation"
      },
      "location-after-char-start": 4898,
      "location-after-char-end": 4941,
      "node-str": "decorateImage"
    },
    {
      "type": "insert-node",
      "node": {
        "label": "decorators",
        "type": "VariableRead"
      },
      "location-after-char-start": 6378,
      "location-after-char-end": 6387,
      "node-str": "decorators"
    },
    {
      "type": "insert-node",
      "node": {
        "label": "i",
        "type": "VariableRead"
      },
      "location-after-char-start": 6389,
      "location-after-char-end": 6389,
      "node-str": "i"
    },
    {
      "type": "move-subtree",
      "node": {
        "label": "AND",
        "type": "BinaryOperator"
      },
      "location-before-char-start": 8046,
      "location-before-char-end": 8082,
      "location-after-char-start": 6667,
      "location-after-char-end": 6708,
      "node-str": "AND"
    },
    {
      "type": "insert-node",
      "node": {
        "label": "isEnabledFor",
        "type": "Invocation"
      },
      "location-after-char-start": 6718,
      "location-after-char-end": 6768,
      "node-str": "isEnabledFor"
    },
    {
      "type": "insert-node",
      "node": {
        "label": "decorators",
        "type": "VariableRead"
      },
      "location-after-char-start": 3664,
      "location-after-char-end": 3673,
      "node-str": "decorators"
    },
    {
      "type": "insert-node",
      "node": {
        "label": "i",
        "type": "VariableRead"
      },
      "location-after-char-start": 3675,
      "location-after-char-end": 3675,
      "node-str": "i"
    },
    {
      "type": "insert-node",
      "node": {
        "label": "",
        "type": "ArrayRead"
      },
      "location-after-char-start": 3700,
      "location-after-char-end": 3712,
      "node-str": ""
    },
    {
      "type": "insert-node",
      "node": {
        "label": "",
        "type": "ArrayRead"
      },
      "location-after-char-start": 3785,
      "location-after-char-end": 3797,
      "node-str": ""
    },
    {
      "type": "insert-node",
      "node": {
        "label": "result",
        "type": "VariableRead"
      },
      "location-after-char-start": 3812,
      "location-after-char-end": 3817,
      "node-str": "result"
    },
    {
      "type": "insert-node",
      "node": {
        "label": "adapted",
        "type": "VariableRead"
      },
      "location-after-char-start": 3820,
      "location-after-char-end": 3826,
      "node-str": "adapted"
    },
    {
      "type": "insert-node",
      "node": {
        "label": "decorators",
        "type": "VariableRead"
      },
      "location-after-char-start": 4778,
      "location-after-char-end": 4787,
      "node-str": "decorators"
    },
    {
      "type": "insert-node",
      "node": {
        "label": "i",
        "type": "VariableRead"
      },
      "location-after-char-start": 4789,
      "location-after-char-end": 4789,
      "node-str": "i"
    },
    {
      "type": "insert-node",
      "node": {
        "label": "",
        "type": "ArrayRead"
      },
      "location-after-char-start": 4814,
      "location-after-char-end": 4826,
      "node-str": ""
    },
    {
      "type": "insert-node",
      "node": {
        "label": "",
        "type": "ArrayRead"
      },
      "location-after-char-start": 4898,
      "location-after-char-end": 4910,
      "node-str": ""
    },
    {
      "type": "insert-node",
      "node": {
        "label": "result",
        "type": "VariableRead"
      },
      "location-after-char-start": 4926,
      "location-after-char-end": 4931,
      "node-str": "result"
    },
    {
      "type": "insert-node",
      "node": {
        "label": "adapted",
        "type": "VariableRead"
      },
      "location-after-char-start": 4934,
      "location-after-char-end": 4940,
      "node-str": "adapted"
    },
    {
      "type": "insert-node",
      "node": {
        "label": "getEnablement",
        "type": "Invocation"
      },
      "location-after-char-start": 6718,
      "location-after-char-end": 6746,
      "node-str": "getEnablement"
    },
    {
      "type": "insert-node",
      "node": {
        "label": "adapted",
        "type": "VariableRead"
      },
      "location-after-char-start": 6761,
      "location-after-char-end": 6767,
      "node-str": "adapted"
    },
    {
      "type": "insert-node",
      "node": {
        "label": "decorators",
        "type": "VariableRead"
      },
      "location-after-char-start": 3700,
      "location-after-char-end": 3709,
      "node-str": "decorators"
    },
    {
      "type": "insert-node",
      "node": {
        "label": "i",
        "type": "VariableRead"
      },
      "location-after-char-start": 3711,
      "location-after-char-end": 3711,
      "node-str": "i"
    },
    {
      "type": "insert-node",
      "node": {
        "label": "decorators",
        "type": "VariableRead"
      },
      "location-after-char-start": 3785,
      "location-after-char-end": 3794,
      "node-str": "decorators"
    },
    {
      "type": "insert-node",
      "node": {
        "label": "i",
        "type": "VariableRead"
      },
      "location-after-char-start": 3796,
      "location-after-char-end": 3796,
      "node-str": "i"
    },
    {
      "type": "insert-node",
      "node": {
        "label": "decorators",
        "type": "VariableRead"
      },
      "location-after-char-start": 4814,
      "location-after-char-end": 4823,
      "node-str": "decorators"
    },
    {
      "type": "insert-node",
      "node": {
        "label": "i",
        "type": "VariableRead"
      },
      "location-after-char-start": 4825,
      "location-after-char-end": 4825,
      "node-str": "i"
    },
    {
      "type": "insert-node",
      "node": {
        "label": "decorators",
        "type": "VariableRead"
      },
      "location-after-char-start": 4898,
      "location-after-char-end": 4907,
      "node-str": "decorators"
    },
    {
      "type": "insert-node",
      "node": {
        "label": "i",
        "type": "VariableRead"
      },
      "location-after-char-start": 4909,
      "location-after-char-end": 4909,
      "node-str": "i"
    },
    {
      "type": "insert-node",
      "node": {
        "label": "",
        "type": "ArrayRead"
      },
      "location-after-char-start": 6718,
      "location-after-char-end": 6730,
      "node-str": ""
    },
    {
      "type": "insert-node",
      "node": {
        "label": "decorators",
        "type": "VariableRead"
      },
      "location-after-char-start": 6718,
      "location-after-char-end": 6727,
      "node-str": "decorators"
    },
    {
      "type": "insert-node",
      "node": {
        "label": "i",
        "type": "VariableRead"
      },
      "location-after-char-start": 6729,
      "location-after-char-end": 6729,
      "node-str": "i"
    },
    {
      "type": "delete-node",
      "node": {
        "label": "public",
        "type": "Modifier"
      },
      "location-before-char-start": 0,
      "location-before-char-end": 0,
      "node-str": "public"
    },
    {
      "type": "delete-node",
      "node": {
        "label": "java.lang.String",
        "type": "RETURN_TYPE"
      },
      "location-before-char-start": 0,
      "location-before-char-end": 0,
      "node-str": "java.lang.String"
    },
    {
      "type": "delete-node",
      "node": {
        "label": "public",
        "type": "Modifier"
      },
      "location-before-char-start": 0,
      "location-before-char-end": 0,
      "node-str": "public"
    },
    {
      "type": "delete-node",
      "node": {
        "label": "",
        "type": "For"
      },
      "location-before-char-start": 3222,
      "location-before-char-end": 3387,
      "node-str": ""
    },
    {
      "type": "delete-node",
      "node": {
        "label": "DecoratorDefinition[]",
        "type": "VARIABLE_TYPE"
      },
      "location-before-char-start": 0,
      "location-before-char-end": 0,
      "node-str": "DecoratorDefinition[]"
    },
    {
      "type": "delete-node",
      "node": {
        "label": "adaptedDecorators",
        "type": "LocalVariable"
      },
      "location-before-char-start": 3500,
      "location-before-char-end": 3567,
      "node-str": "adaptedDecorators"
    },
    {
      "type": "delete-node",
      "node": {
        "label": "i",
        "type": "VariableRead"
      },
      "location-before-char-start": 3588,
      "location-before-char-end": 3588,
      "node-str": "i"
    },
    {
      "type": "delete-node",
      "node": {
        "label": "adaptedDecorators",
        "type": "VariableRead"
      },
      "location-before-char-start": 3592,
      "location-before-char-end": 3615,
      "node-str": "adaptedDecorators"
    },
    {
      "type": "delete-node",
      "node": {
        "label": "length",
        "type": "FieldRead"
      },
      "location-before-char-start": 3592,
      "location-before-char-end": 3615,
      "node-str": "length"
    },
    {
      "type": "delete-node",
      "node": {
        "label": "LT",
        "type": "BinaryOperator"
      },
      "location-before-char-start": 3588,
      "location-before-char-end": 3615,
      "node-str": "LT"
    },
    {
      "type": "delete-node",
      "node": {
        "label": "adaptedDecorators",
        "type": "VariableRead"
      },
      "location-before-char-start": 3632,
      "location-before-char-end": 3648,
      "node-str": "adaptedDecorators"
    },
    {
      "type": "delete-node",
      "node": {
        "label": "i",
        "type": "VariableRead"
      },
      "location-before-char-start": 3650,
      "location-before-char-end": 3650,
      "node-str": "i"
    },
    {
      "type": "delete-node",
      "node": {
        "label": "",
        "type": "ArrayRead"
      },
      "location-before-char-start": 3632,
      "location-before-char-end": 3651,
      "node-str": ""
    },
    {
      "type": "delete-node",
      "node": {
        "label": "isAdaptable",
        "type": "Invocation"
      },
      "location-before-char-start": 3632,
      "location-before-char-end": 3665,
      "node-str": "isAdaptable"
    },
    {
      "type": "delete-node",
      "node": {
        "label": "java.lang.String",
        "type": "VARIABLE_TYPE"
      },
      "location-before-char-start": 0,
      "location-before-char-end": 0,
      "node-str": "java.lang.String"
    },
    {
      "type": "delete-node",
      "node": {
        "label": "adaptedDecorators",
        "type": "VariableRead"
      },
      "location-before-char-start": 3693,
      "location-before-char-end": 3709,
      "node-str": "adaptedDecorators"
    },
    {
      "type": "delete-node",
      "node": {
        "label": "i",
        "type": "VariableRead"
      },
      "location-before-char-start": 3711,
      "location-before-char-end": 3711,
      "node-str": "i"
    },
    {
      "type": "delete-node",
      "node": {
        "label": "",
        "type": "ArrayRead"
      },
      "location-before-char-start": 3693,
      "location-before-char-end": 3712,
      "node-str": ""
    },
    {
      "type": "delete-node",
      "node": {
        "label": "result",
        "type": "VariableRead"
      },
      "location-before-char-start": 3727,
      "location-before-char-end": 3732,
      "node-str": "result"
    },
    {
      "type": "delete-node",
      "node": {
        "label": "adapted",
        "type": "VariableRead"
      },
      "location-before-char-start": 3735,
      "location-before-char-end": 3741,
      "node-str": "adapted"
    },
    {
      "type": "delete-node",
      "node": {
        "label": "decorateText",
        "type": "Invocation"
      },
      "location-before-char-start": 3693,
      "location-before-char-end": 3742,
      "node-str": "decorateText"
    },
    {
      "type": "delete-node",
      "node": {
        "label": "newResult",
        "type": "LocalVariable"
      },
      "location-before-char-start": 3674,
      "location-before-char-end": 3743,
      "node-str": "newResult"
    },
    {
      "type": "delete-node",
      "node": {
        "label": "THEN",
        "type": "then"
      },
      "location-before-char-start": 3667,
      "location-before-char-end": 3803,
      "node-str": "THEN"
    },
    {
      "type": "delete-node",
      "node": {
        "label": "if",
        "type": "If"
      },
      "location-before-char-start": 3629,
      "location-before-char-end": 3803,
      "node-str": "if"
    },
    {
      "type": "delete-node",
      "node": {
        "label": "",
        "type": "For"
      },
      "location-before-char-start": 3572,
      "location-before-char-end": 3808,
      "node-str": ""
    },
    {
      "type": "delete-node",
      "node": {
        "label": "THEN",
        "type": "then"
      },
      "location-before-char-start": 3495,
      "location-before-char-end": 3812,
      "node-str": "THEN"
    },
    {
      "type": "delete-node",
      "node": {
        "label": "if",
        "type": "If"
      },
      "location-before-char-start": 3475,
      "location-before-char-end": 3812,
      "node-str": "if"
    },
    {
      "type": "delete-node",
      "node": {
        "label": "decorateText",
        "type": "Method"
      },
      "location-before-char-start": 2809,
      "location-before-char-end": 3835,
      "node-str": "decorateText"
    },
    {
      "type": "delete-node",
      "node": {
        "label": "org.eclipse.swt.graphics.Image",
        "type": "RETURN_TYPE"
      },
      "location-before-char-start": 0,
      "location-before-char-end": 0,
      "node-str": "org.eclipse.swt.graphics.Image"
    },
    {
      "type": "delete-node",
      "node": {
        "label": "public",
        "type": "Modifier"
      },
      "location-before-char-start": 0,
      "location-before-char-end": 0,
      "node-str": "public"
    },
    {
      "type": "delete-node",
      "node": {
        "label": "",
        "type": "For"
      },
      "location-before-char-start": 4251,
      "location-before-char-end": 4416,
      "node-str": ""
    },
    {
      "type": "delete-node",
      "node": {
        "label": "DecoratorDefinition[]",
        "type": "VARIABLE_TYPE"
      },
      "location-before-char-start": 0,
      "location-before-char-end": 0,
      "node-str": "DecoratorDefinition[]"
    },
    {
      "type": "delete-node",
      "node": {
        "label": "adaptedDecorators",
        "type": "LocalVariable"
      },
      "location-before-char-start": 4529,
      "location-before-char-end": 4596,
      "node-str": "adaptedDecorators"
    },
    {
      "type": "delete-node",
      "node": {
        "label": "i",
        "type": "VariableRead"
      },
      "location-before-char-start": 4617,
      "location-before-char-end": 4617,
      "node-str": "i"
    },
    {
      "type": "delete-node",
      "node": {
        "label": "adaptedDecorators",
        "type": "VariableRead"
      },
      "location-before-char-start": 4621,
      "location-before-char-end": 4644,
      "node-str": "adaptedDecorators"
    },
    {
      "type": "delete-node",
      "node": {
        "label": "length",
        "type": "FieldRead"
      },
      "location-before-char-start": 4621,
      "location-before-char-end": 4644,
      "node-str": "length"
    },
    {
      "type": "delete-node",
      "node": {
        "label": "LT",
        "type": "BinaryOperator"
      },
      "location-before-char-start": 4617,
      "location-before-char-end": 4644,
      "node-str": "LT"
    },
    {
      "type": "delete-node",
      "node": {
        "label": "adaptedDecorators",
        "type": "VariableRead"
      },
      "location-before-char-start": 4661,
      "location-before-char-end": 4677,
      "node-str": "adaptedDecorators"
    },
    {
      "type": "delete-node",
      "node": {
        "label": "i",
        "type": "VariableRead"
      },
      "location-before-char-start": 4679,
      "location-before-char-end": 4679,
      "node-str": "i"
    },
    {
      "type": "delete-node",
      "node": {
        "label": "",
        "type": "ArrayRead"
      },
      "location-before-char-start": 4661,
      "location-before-char-end": 4680,
      "node-str": ""
    },
    {
      "type": "delete-node",
      "node": {
        "label": "isAdaptable",
        "type": "Invocation"
      },
      "location-before-char-start": 4661,
      "location-before-char-end": 4694,
      "node-str": "isAdaptable"
    },
    {
      "type": "delete-node",
      "node": {
        "label": "org.eclipse.swt.graphics.Image",
        "type": "VARIABLE_TYPE"
      },
      "location-before-char-start": 0,
      "location-before-char-end": 0,
      "node-str": "org.eclipse.swt.graphics.Image"
    },
    {
      "type": "delete-node",
      "node": {
        "label": "adaptedDecorators",
        "type": "VariableRead"
      },
      "location-before-char-start": 4721,
      "location-before-char-end": 4737,
      "node-str": "adaptedDecorators"
    },
    {
      "type": "delete-node",
      "node": {
        "label": "i",
        "type": "VariableRead"
      },
      "location-before-char-start": 4739,
      "location-before-char-end": 4739,
      "node-str": "i"
    },
    {
      "type": "delete-node",
      "node": {
        "label": "",
        "type": "ArrayRead"
      },
      "location-before-char-start": 4721,
      "location-before-char-end": 4740,
      "node-str": ""
    },
    {
      "type": "delete-node",
      "node": {
        "label": "result",
        "type": "VariableRead"
      },
      "location-before-char-start": 4756,
      "location-before-char-end": 4761,
      "node-str": "result"
    },
    {
      "type": "delete-node",
      "node": {
        "label": "adapted",
        "type": "VariableRead"
      },
      "location-before-char-start": 4764,
      "location-before-char-end": 4770,
      "node-str": "adapted"
    },
    {
      "type": "delete-node",
      "node": {
        "label": "decorateImage",
        "type": "Invocation"
      },
      "location-before-char-start": 4721,
      "location-before-char-end": 4771,
      "node-str": "decorateImage"
    },
    {
      "type": "delete-node",
      "node": {
        "label": "newResult",
        "type": "LocalVariable"
      },
      "location-before-char-start": 4703,
      "location-before-char-end": 4772,
      "node-str": "newResult"
    },
    {
      "type": "delete-node",
      "node": {
        "label": "THEN",
        "type": "then"
      },
      "location-before-char-start": 4696,
      "location-before-char-end": 4832,
      "node-str": "THEN"
    },
    {
      "type": "delete-node",
      "node": {
        "label": "if",
        "type": "If"
      },
      "location-before-char-start": 4658,
      "location-before-char-end": 4832,
      "node-str": "if"
    },
    {
      "type": "delete-node",
      "node": {
        "label": "",
        "type": "For"
      },
      "location-before-char-start": 4601,
      "location-before-char-end": 4837,
      "node-str": ""
    },
    {
      "type": "delete-node",
      "node": {
        "label": "THEN",
        "type": "then"
      },
      "location-before-char-start": 4524,
      "location-before-char-end": 4841,
      "node-str": "THEN"
    },
    {
      "type": "delete-node",
      "node": {
        "label": "if",
        "type": "If"
      },
      "location-before-char-start": 4504,
      "location-before-char-end": 4841,
      "node-str": "if"
    },
    {
      "type": "delete-node",
      "node": {
        "label": "decorateImage",
        "type": "Method"
      },
      "location-before-char-start": 3839,
      "location-before-char-end": 4864,
      "node-str": "decorateImage"
    },
    {
      "type": "delete-node",
      "node": {
        "label": "org.eclipse.ui.internal.DecoratorDefinition[]",
        "type": "RETURN_TYPE"
      },
      "location-before-char-start": 0,
      "location-before-char-end": 0,
      "node-str": "org.eclipse.ui.internal.DecoratorDefinition[]"
    },
    {
      "type": "delete-node",
      "node": {
        "label": "java.lang.Class",
        "type": "VARIABLE_TYPE"
      },
      "location-before-char-start": 0,
      "location-before-char-end": 0,
      "node-str": "java.lang.Class"
    },
    {
      "type": "delete-node",
      "node": {
        "label": "element",
        "type": "VariableRead"
      },
      "location-before-char-start": 5948,
      "location-before-char-end": 5954,
      "node-str": "element"
    },
    {
      "type": "delete-node",
      "node": {
        "label": "getClass",
        "type": "Invocation"
      },
      "location-before-char-start": 5948,
      "location-before-char-end": 5965,
      "node-str": "getClass"
    },
    {
      "type": "delete-node",
      "node": {
        "label": "elementClass",
        "type": "LocalVariable"
      },
      "location-before-char-start": 5927,
      "location-before-char-end": 5966,
      "node-str": "elementClass"
    },
    {
      "type": "delete-node",
      "node": {
        "label": "java.lang.String",
        "type": "VARIABLE_TYPE"
      },
      "location-before-char-start": 0,
      "location-before-char-end": 0,
      "node-str": "java.lang.String"
    },
    {
      "type": "delete-node",
      "node": {
        "label": "elementClass",
        "type": "VariableRead"
      },
      "location-before-char-start": 5989,
      "location-before-char-end": 6000,
      "node-str": "elementClass"
    },
    {
      "type": "delete-node",
      "node": {
        "label": "getName",
        "type": "Invocation"
      },
      "location-before-char-start": 5989,
      "location-before-char-end": 6010,
      "node-str": "getName"
    },
    {
      "type": "delete-node",
      "node": {
        "label": "className",
        "type": "LocalVariable"
      },
      "location-before-char-start": 5970,
      "location-before-char-end": 6011,
      "node-str": "className"
    },
    {
      "type": "delete-node",
      "node": {
        "label": "java.util.List",
        "type": "VARIABLE_TYPE"
      },
      "location-before-char-start": 0,
      "location-before-char-end": 0,
      "node-str": "java.util.List"
    },
    {
      "type": "delete-node",
      "node": {
        "label": "org.eclipse.ui.internal.DecoratorManager",
        "type": "TypeAccess"
      },
      "location-before-char-start": 0,
      "location-before-char-end": 0,
      "node-str": "org.eclipse.ui.internal.DecoratorManager"
    },
    {
      "type": "delete-node",
      "node": {
        "label": "elementClass",
        "type": "VariableRead"
      },
      "location-before-char-start": 6215,
      "location-before-char-end": 6226,
      "node-str": "elementClass"
    },
    {
      "type": "delete-node",
      "node": {
        "label": "computeClassOrder",
        "type": "Invocation"
      },
      "location-before-char-start": 6197,
      "location-before-char-end": 6227,
      "node-str": "computeClassOrder"
    },
    {
      "type": "delete-node",
      "node": {
        "label": "allClasses",
        "type": "LocalVariable"
      },
      "location-before-char-start": 6179,
      "location-before-char-end": 6228,
      "node-str": "allClasses"
    },
    {
      "type": "delete-node",
      "node": {
        "label": "org.eclipse.ui.internal.DecoratorManager",
        "type": "TypeAccess"
      },
      "location-before-char-start": 0,
      "location-before-char-end": 0,
      "node-str": "org.eclipse.ui.internal.DecoratorManager"
    },
    {
      "type": "delete-node",
      "node": {
        "label": "allClasses",
        "type": "VariableRead"
      },
      "location-before-char-start": 6357,
      "location-before-char-end": 6366,
      "node-str": "allClasses"
    },
    {
      "type": "delete-node",
      "node": {
        "label": "enabledDefinitions",
        "type": "VariableRead"
      },
      "location-before-char-start": 6369,
      "location-before-char-end": 6386,
      "node-str": "enabledDefinitions"
    },
    {
      "type": "delete-node",
      "node": {
        "label": "decorators",
        "type": "VariableRead"
      },
      "location-before-char-start": 6389,
      "location-before-char-end": 6398,
      "node-str": "decorators"
    },
    {
      "type": "delete-node",
      "node": {
        "label": "findDecorators",
        "type": "Invocation"
      },
      "location-before-char-start": 6342,
      "location-before-char-end": 6400,
      "node-str": "findDecorators"
    },
    {
      "type": "delete-node",
      "node": {
        "label": "org.eclipse.ui.internal.DecoratorManager",
        "type": "TypeAccess"
      },
      "location-before-char-start": 0,
      "location-before-char-end": 0,
      "node-str": "org.eclipse.ui.internal.DecoratorManager"
    },
    {
      "type": "delete-node",
      "node": {
        "label": "org.eclipse.ui.internal.DecoratorManager",
        "type": "TypeAccess"
      },
      "location-before-char-start": 0,
      "location-before-char-end": 0,
      "node-str": "org.eclipse.ui.internal.DecoratorManager"
    },
    {
      "type": "delete-node",
      "node": {
        "label": "allClasses",
        "type": "VariableRead"
      },
      "location-before-char-start": 6446,
      "location-before-char-end": 6455,
      "node-str": "allClasses"
    },
    {
      "type": "delete-node",
      "node": {
        "label": "computeInterfaceOrder",
        "type": "Invocation"
      },
      "location-before-char-start": 6424,
      "location-before-char-end": 6456,
      "node-str": "computeInterfaceOrder"
    },
    {
      "type": "delete-node",
      "node": {
        "label": "enabledDefinitions",
        "type": "VariableRead"
      },
      "location-before-char-start": 6462,
      "location-before-char-end": 6479,
      "node-str": "enabledDefinitions"
    },
    {
      "type": "delete-node",
      "node": {
        "label": "decorators",
        "type": "VariableRead"
      },
      "location-before-char-start": 6485,
      "location-before-char-end": 6494,
      "node-str": "decorators"
    },
    {
      "type": "delete-node",
      "node": {
        "label": "findDecorators",
        "type": "Invocation"
      },
      "location-before-char-start": 6405,
      "location-before-char-end": 6496,
      "node-str": "findDecorators"
    },
    {
      "type": "delete-node",
      "node": {
        "label": "decoratorArray",
        "type": "VariableRead"
      },
      "location-before-char-start": 6653,
      "location-before-char-end": 6666,
      "node-str": "decoratorArray"
    },
    {
      "type": "delete-node",
      "node": {
        "label": "put",
        "type": "Invocation"
      },
      "location-before-char-start": 6602,
      "location-before-char-end": 6668,
      "node-str": "put"
    },
    {
      "type": "delete-node",
      "node": {
        "label": "getDecoratorsFor",
        "type": "Method"
      },
      "location-before-char-start": 5550,
      "location-before-char-end": 6696,
      "node-str": "getDecoratorsFor"
    },
    {
      "type": "delete-node",
      "node": {
        "label": "void",
        "type": "RETURN_TYPE"
      },
      "location-before-char-start": 0,
      "location-before-char-end": 0,
      "node-str": "void"
    },
    {
      "type": "delete-node",
      "node": {
        "label": "java.util.Collection",
        "type": "VARIABLE_TYPE"
      },
      "location-before-char-start": 0,
      "location-before-char-end": 0,
      "node-str": "java.util.Collection"
    },
    {
      "type": "delete-node",
      "node": {
        "label": "classList",
        "type": "Parameter"
      },
      "location-before-char-start": 6834,
      "location-before-char-end": 6853,
      "node-str": "classList"
    },
    {
      "type": "delete-node",
      "node": {
        "label": "DecoratorDefinition[]",
        "type": "VARIABLE_TYPE"
      },
      "location-before-char-start": 0,
      "location-before-char-end": 0,
      "node-str": "DecoratorDefinition[]"
    },
    {
      "type": "delete-node",
      "node": {
        "label": "enabledDefinitions",
        "type": "Parameter"
      },
      "location-before-char-start": 6858,
      "location-before-char-end": 6897,
      "node-str": "enabledDefinitions"
    },
    {
      "type": "delete-node",
      "node": {
        "label": "java.util.ArrayList",
        "type": "VARIABLE_TYPE"
      },
      "location-before-char-start": 0,
      "location-before-char-end": 0,
      "node-str": "java.util.ArrayList"
    },
    {
      "type": "delete-node",
      "node": {
        "label": "result",
        "type": "Parameter"
      },
      "location-before-char-start": 6902,
      "location-before-char-end": 6917,
      "node-str": "result"
    },
    {
      "type": "delete-node",
      "node": {
        "label": "java.util.Iterator",
        "type": "VARIABLE_TYPE"
      },
      "location-before-char-start": 0,
      "location-before-char-end": 0,
      "node-str": "java.util.Iterator"
    },
    {
      "type": "delete-node",
      "node": {
        "label": "classList",
        "type": "VariableRead"
      },
      "location-before-char-start": 6944,
      "location-before-char-end": 6952,
      "node-str": "classList"
    },
    {
      "type": "delete-node",
      "node": {
        "label": "iterator",
        "type": "Invocation"
      },
      "location-before-char-start": 6944,
      "location-before-char-end": 6963,
      "node-str": "iterator"
    },
    {
      "type": "delete-node",
      "node": {
        "label": "classes",
        "type": "LocalVariable"
      },
      "location-before-char-start": 6925,
      "location-before-char-end": 6964,
      "node-str": "classes"
    },
    {
      "type": "delete-node",
      "node": {
        "label": "classes",
        "type": "VariableRead"
      },
      "location-before-char-start": 6975,
      "location-before-char-end": 6981,
      "node-str": "classes"
    },
    {
      "type": "delete-node",
      "node": {
        "label": "hasNext",
        "type": "Invocation"
      },
      "location-before-char-start": 6975,
      "location-before-char-end": 6991,
      "node-str": "hasNext"
    },
    {
      "type": "delete-node",
      "node": {
        "label": "java.lang.String",
        "type": "VARIABLE_TYPE"
      },
      "location-before-char-start": 0,
      "location-before-char-end": 0,
      "node-str": "java.lang.String"
    },
    {
      "type": "delete-node",
      "node": {
        "label": "classes",
        "type": "VariableRead"
      },
      "location-before-char-start": 7027,
      "location-before-char-end": 7033,
      "node-str": "classes"
    },
    {
      "type": "delete-node",
      "node": {
        "label": "next",
        "type": "Invocation"
      },
      "location-before-char-start": 7018,
      "location-before-char-end": 7041,
      "node-str": "next"
    },
    {
      "type": "delete-node",
      "node": {
        "label": "getName",
        "type": "Invocation"
      },
      "location-before-char-start": 7018,
      "location-before-char-end": 7051,
      "node-str": "getName"
    },
    {
      "type": "delete-node",
      "node": {
        "label": "className",
        "type": "LocalVariable"
      },
      "location-before-char-start": 6999,
      "location-before-char-end": 7052,
      "node-str": "className"
    },
    {
      "type": "delete-node",
      "node": {
        "label": "className",
        "type": "VariableRead"
      },
      "location-before-char-start": 7119,
      "location-before-char-end": 7127,
      "node-str": "className"
    },
    {
      "type": "delete-node",
      "node": {
        "label": "equals",
        "type": "Invocation"
      },
      "location-before-char-start": 7119,
      "location-before-char-end": 7174,
      "node-str": "equals"
    },
    {
      "type": "delete-node",
      "node": {
        "label": "result",
        "type": "VariableRead"
      },
      "location-before-char-start": 7182,
      "location-before-char-end": 7187,
      "node-str": "result"
    },
    {
      "type": "delete-node",
      "node": {
        "label": "add",
        "type": "Invocation"
      },
      "location-before-char-start": 7182,
      "location-before-char-end": 7215,
      "node-str": "add"
    },
    {
      "type": "delete-node",
      "node": {
        "label": "THEN",
        "type": "then"
      },
      "location-before-char-start": 7182,
      "location-before-char-end": 7215,
      "node-str": "THEN"
    },
    {
      "type": "delete-node",
      "node": {
        "label": "if",
        "type": "If"
      },
      "location-before-char-start": 7115,
      "location-before-char-end": 7215,
      "node-str": "if"
    },
    {
      "type": "delete-node",
      "node": {
        "label": "",
        "type": "For"
      },
      "location-before-char-start": 7057,
      "location-before-char-end": 7220,
      "node-str": ""
    },
    {
      "type": "delete-node",
      "node": {
        "label": "while",
        "type": "While"
      },
      "location-before-char-start": 6968,
      "location-before-char-end": 7224,
      "node-str": "while"
    },
    {
      "type": "delete-node",
      "node": {
        "label": "findDecorators",
        "type": "Method"
      },
      "location-before-char-start": 6700,
      "location-before-char-end": 7228,
      "node-str": "findDecorators"
    },
    {
      "type": "delete-node",
      "node": {
        "label": "boolean",
        "type": "RETURN_TYPE"
      },
      "location-before-char-start": 0,
      "location-before-char-end": 0,
      "node-str": "boolean"
    },
    {
      "type": "delete-node",
      "node": {
        "label": "public",
        "type": "Modifier"
      },
      "location-before-char-start": 0,
      "location-before-char-end": 0,
      "node-str": "public"
    },
    {
      "type": "delete-node",
      "node": {
        "label": "if",
        "type": "If"
      },
      "location-before-char-start": 7856,
      "location-before-char-end": 7925,
      "node-str": "if"
    },
    {
      "type": "delete-node",
      "node": {
        "label": "",
        "type": "For"
      },
      "location-before-char-start": 7807,
      "location-before-char-end": 7929,
      "node-str": ""
    },
    {
      "type": "delete-node",
      "node": {
        "label": "checkAdapted",
        "type": "VariableRead"
      },
      "location-before-char-start": 7938,
      "location-before-char-end": 7949,
      "node-str": "checkAdapted"
    },
    {
      "type": "delete-node",
      "node": {
        "label": "if",
        "type": "If"
      },
      "location-before-char-start": 8091,
      "location-before-char-end": 8154,
      "node-str": "if"
    },
    {
      "type": "delete-node",
      "node": {
        "label": "THEN",
        "type": "then"
      },
      "location-before-char-start": 8085,
      "location-before-char-end": 8159,
      "node-str": "THEN"
    },
    {
      "type": "delete-node",
      "node": {
        "label": "if",
        "type": "If"
      },
      "location-before-char-start": 8042,
      "location-before-char-end": 8159,
      "node-str": "if"
    },
    {
      "type": "delete-node",
      "node": {
        "label": "THEN",
        "type": "then"
      },
      "location-before-char-start": 7952,
      "location-before-char-end": 8163,
      "node-str": "THEN"
    },
    {
      "type": "delete-node",
      "node": {
        "label": "if",
        "type": "If"
      },
      "location-before-char-start": 7934,
      "location-before-char-end": 8163,
      "node-str": "if"
    },
    {
      "type": "delete-node",
      "node": {
        "label": "isLabelProperty",
        "type": "Method"
      },
      "location-before-char-start": 7471,
      "location-before-char-end": 8183,
      "node-str": "isLabelProperty"
    },
    {
      "type": "delete-node",
      "node": {
        "label": "DecoratorManager",
        "type": "Class"
      },
      "location-before-char-start": 536,
      "location-before-char-end": 14426,
      "node-str": "DecoratorManager"
    }
  ],
  "before-file": {},
  "after-file": {},
  "mapping": {}
}