{
  "tool-info": {},
  "diff": [
    {
      "type": "insert-node",
      "node": {
        "label": "ActionActivityDiagram",
        "type": "Class"
      },
      "location-after-char-start": 2020,
      "location-after-char-end": 4264,
      "node-str": "ActionActivityDiagram"
    },
    {
      "type": "insert-node",
      "node": {
        "label": "public",
        "type": "Modifier"
      },
      "location-after-char-start": 0,
      "location-after-char-end": 0,
      "node-str": "public"
    },
    {
      "type": "insert-node",
      "node": {
        "label": "",
        "type": "TypeReference"
      },
      "location-after-char-start": 2063,
      "location-after-char-end": 2077,
      "node-str": ""
    },
    {
      "type": "insert-node",
      "node": {
        "label": "SINGLETON",
        "type": "Field"
      },
      "location-after-char-start": 2086,
      "location-after-char-end": 2259,
      "node-str": "SINGLETON"
    },
    {
      "type": "insert-node",
      "node": {
        "label": "\u003cinit\u003e",
        "type": "Constructor"
      },
      "location-after-char-start": 2268,
      "location-after-char-end": 2417,
      "node-str": "\u003cinit\u003e"
    },
    {
      "type": "insert-node",
      "node": {
        "label": "actionPerformed",
        "type": "Method"
      },
      "location-after-char-start": 2425,
      "location-after-char-end": 3902,
      "node-str": "actionPerformed"
    },
    {
      "type": "insert-node",
      "node": {
        "label": "shouldBeEnabled",
        "type": "Method"
      },
      "location-after-char-start": 3908,
      "location-after-char-end": 4224,
      "node-str": "shouldBeEnabled"
    },
    {
      "type": "insert-node",
      "node": {
        "label": "UMLChangeAction",
        "type": "SUPER_TYPE"
      },
      "location-after-char-start": 0,
      "location-after-char-end": 0,
      "node-str": "UMLChangeAction"
    },
    {
      "type": "insert-node",
      "node": {
        "label": "org.argouml.uml.ui.ActionActivityDiagram",
        "type": "VARIABLE_TYPE"
      },
      "location-after-char-start": 0,
      "location-after-char-end": 0,
      "node-str": "org.argouml.uml.ui.ActionActivityDiagram"
    },
    {
      "type": "insert-node",
      "node": {
        "label": "public",
        "type": "Modifier"
      },
      "location-after-char-start": 0,
      "location-after-char-end": 0,
      "node-str": "public"
    },
    {
      "type": "insert-node",
      "node": {
        "label": "static",
        "type": "Modifier"
      },
      "location-after-char-start": 0,
      "location-after-char-end": 0,
      "node-str": "static"
    },
    {
      "type": "insert-node",
      "node": {
        "label": "org.argouml.uml.ui.ActionActivityDiagram()",
        "type": "ConstructorCall"
      },
      "location-after-char-start": 2232,
      "location-after-char-end": 2258,
      "node-str": "org.argouml.uml.ui.ActionActivityDiagram()"
    },
    {
      "type": "insert-node",
      "node": {
        "label": "public",
        "type": "Modifier"
      },
      "location-after-char-start": 0,
      "location-after-char-end": 0,
      "node-str": "public"
    },
    {
      "type": "insert-node",
      "node": {
        "label": "\u003cinit\u003e",
        "type": "Invocation"
      },
      "location-after-char-start": 2391,
      "location-after-char-end": 2415,
      "node-str": "\u003cinit\u003e"
    },
    {
      "type": "insert-node",
      "node": {
        "label": "void",
        "type": "RETURN_TYPE"
      },
      "location-after-char-start": 0,
      "location-after-char-end": 0,
      "node-str": "void"
    },
    {
      "type": "insert-node",
      "node": {
        "label": "public",
        "type": "Modifier"
      },
      "location-after-char-start": 0,
      "location-after-char-end": 0,
      "node-str": "public"
    },
    {
      "type": "insert-node",
      "node": {
        "label": "ae",
        "type": "Parameter"
      },
      "location-after-char-start": 2543,
      "location-after-char-end": 2556,
      "node-str": "ae"
    },
    {
      "type": "insert-node",
      "node": {
        "label": "pb",
        "type": "LocalVariable"
      },
      "location-after-char-start": 2562,
      "location-after-char-end": 2608,
      "node-str": "pb"
    },
    {
      "type": "insert-node",
      "node": {
        "label": "p",
        "type": "LocalVariable"
      },
      "location-after-char-start": 2611,
      "location-after-char-end": 2638,
      "node-str": "p"
    },
    {
      "type": "insert-node",
      "node": {
        "label": "",
        "type": "Try"
      },
      "location-after-char-start": 2641,
      "location-after-char-end": 3868,
      "node-str": ""
    },
    {
      "type": "insert-node",
      "node": {
        "label": "actionPerformed",
        "type": "Invocation"
      },
      "location-after-char-start": 3871,
      "location-after-char-end": 3896,
      "node-str": "actionPerformed"
    },
    {
      "type": "insert-node",
      "node": {
        "label": "boolean",
        "type": "RETURN_TYPE"
      },
      "location-after-char-start": 0,
      "location-after-char-end": 0,
      "node-str": "boolean"
    },
    {
      "type": "insert-node",
      "node": {
        "label": "public",
        "type": "Modifier"
      },
      "location-after-char-start": 0,
      "location-after-char-end": 0,
      "node-str": "public"
    },
    {
      "type": "insert-node",
      "node": {
        "label": "return",
        "type": "Return"
      },
      "location-after-char-start": 3948,
      "location-after-char-end": 3959,
      "node-str": "return"
    },
    {
      "type": "insert-node",
      "node": {
        "label": "\"ActivityDiagram\"",
        "type": "Literal"
      },
      "location-after-char-start": 2397,
      "location-after-char-end": 2413,
      "node-str": "\"ActivityDiagram\""
    },
    {
      "type": "insert-node",
      "node": {
        "label": "java.awt.event.ActionEvent",
        "type": "VARIABLE_TYPE"
      },
      "location-after-char-start": 0,
      "location-after-char-end": 0,
      "node-str": "java.awt.event.ActionEvent"
    },
    {
      "type": "insert-node",
      "node": {
        "label": "ProjectBrowser",
        "type": "VARIABLE_TYPE"
      },
      "location-after-char-start": 0,
      "location-after-char-end": 0,
      "node-str": "ProjectBrowser"
    },
    {
      "type": "insert-node",
      "node": {
        "label": "TheInstance",
        "type": "FieldRead"
      },
      "location-after-char-start": 2582,
      "location-after-char-end": 2607,
      "node-str": "TheInstance"
    },
    {
      "type": "insert-node",
      "node": {
        "label": "Project",
        "type": "VARIABLE_TYPE"
      },
      "location-after-char-start": 0,
      "location-after-char-end": 0,
      "node-str": "Project"
    },
    {
      "type": "insert-node",
      "node": {
        "label": "getProject",
        "type": "Invocation"
      },
      "location-after-char-start": 2623,
      "location-after-char-end": 2637,
      "node-str": "getProject"
    },
    {
      "type": "insert-node",
      "node": {
        "label": "me",
        "type": "LocalVariable"
      },
      "location-after-char-start": 2652,
      "location-after-char-end": 2685,
      "node-str": "me"
    },
    {
      "type": "move-subtree",
      "node": {
        "label": "if",
        "type": "If"
      },
      "location-before-char-start": 2623,
      "location-before-char-end": 2953,
      "location-after-char-start": 2692,
      "location-after-char-end": 3022,
      "node-str": "if"
    },
    {
      "type": "insert-node",
      "node": {
        "label": "ns",
        "type": "LocalVariable"
      },
      "location-after-char-start": 3030,
      "location-after-char-end": 3058,
      "node-str": "ns"
    },
    {
      "type": "insert-node",
      "node": {
        "label": "contextNameStr",
        "type": "LocalVariable"
      },
      "location-after-char-start": 3065,
      "location-after-char-end": 3101,
      "node-str": "contextNameStr"
    },
    {
      "type": "insert-node",
      "node": {
        "label": "if",
        "type": "If"
      },
      "location-after-char-start": 3108,
      "location-after-char-end": 3163,
      "node-str": "if"
    },
    {
      "type": "insert-node",
      "node": {
        "label": "am",
        "type": "LocalVariable"
      },
      "location-after-char-start": 3170,
      "location-after-char-end": 3255,
      "node-str": "am"
    },
    {
      "type": "insert-node",
      "node": {
        "label": "setUUID",
        "type": "Invocation"
      },
      "location-after-char-start": 3262,
      "location-after-char-end": 3308,
      "node-str": "setUUID"
    },
    {
      "type": "insert-node",
      "node": {
        "label": "setName",
        "type": "Invocation"
      },
      "location-after-char-start": 3315,
      "location-after-char-end": 3359,
      "node-str": "setName"
    },
    {
      "type": "insert-node",
      "node": {
        "label": "cs",
        "type": "LocalVariable"
      },
      "location-after-char-start": 3366,
      "location-after-char-end": 3452,
      "node-str": "cs"
    },
    {
      "type": "insert-node",
      "node": {
        "label": "setName",
        "type": "Invocation"
      },
      "location-after-char-start": 3459,
      "location-after-char-end": 3487,
      "node-str": "setName"
    },
    {
      "type": "insert-node",
      "node": {
        "label": "setNamespace",
        "type": "Invocation"
      },
      "location-after-char-start": 3522,
      "location-after-char-end": 3541,
      "node-str": "setNamespace"
    },
    {
      "type": "insert-node",
      "node": {
        "label": "setTop",
        "type": "Invocation"
      },
      "location-after-char-start": 3548,
      "location-after-char-end": 3561,
      "node-str": "setTop"
    },
    {
      "type": "insert-node",
      "node": {
        "label": "addBehavior",
        "type": "Invocation"
      },
      "location-after-char-start": 3568,
      "location-after-char-end": 3586,
      "node-str": "addBehavior"
    },
    {
      "type": "insert-node",
      "node": {
        "label": "d",
        "type": "LocalVariable"
      },
      "location-after-char-start": 3593,
      "location-after-char-end": 3646,
      "node-str": "d"
    },
    {
      "type": "insert-node",
      "node": {
        "label": "addMember",
        "type": "Invocation"
      },
      "location-after-char-start": 3653,
      "location-after-char-end": 3667,
      "node-str": "addMember"
    },
    {
      "type": "insert-node",
      "node": {
        "label": "addToHistory",
        "type": "Invocation"
      },
      "location-after-char-start": 3674,
      "location-after-char-end": 3729,
      "node-str": "addToHistory"
    },
    {
      "type": "insert-node",
      "node": {
        "label": "setTarget",
        "type": "Invocation"
      },
      "location-after-char-start": 3736,
      "location-after-char-end": 3751,
      "node-str": "setTarget"
    },
    {
      "type": "insert-node",
      "node": {
        "label": "",
        "type": "Catch"
      },
      "location-after-char-start": 3755,
      "location-after-char-end": 3868,
      "node-str": ""
    },
    {
      "type": "insert-node",
      "node": {
        "label": "super",
        "type": "SuperAccess"
      },
      "location-after-char-start": 3871,
      "location-after-char-end": 3875,
      "node-str": "super"
    },
    {
      "type": "insert-node",
      "node": {
        "label": "ae",
        "type": "VariableRead"
      },
      "location-after-char-start": 3893,
      "location-after-char-end": 3894,
      "node-str": "ae"
    },
    {
      "type": "insert-node",
      "node": {
        "label": "true",
        "type": "Literal"
      },
      "location-after-char-start": 3955,
      "location-after-char-end": 3958,
      "node-str": "true"
    },
    {
      "type": "insert-node",
      "node": {
        "label": "ProjectBrowser",
        "type": "TypeAccess"
      },
      "location-after-char-start": 0,
      "location-after-char-end": 0,
      "node-str": "ProjectBrowser"
    },
    {
      "type": "insert-node",
      "node": {
        "label": "pb",
        "type": "VariableRead"
      },
      "location-after-char-start": 2623,
      "location-after-char-end": 2624,
      "node-str": "pb"
    },
    {
      "type": "insert-node",
      "node": {
        "label": "java.lang.Object",
        "type": "VARIABLE_TYPE"
      },
      "location-after-char-start": 0,
      "location-after-char-end": 0,
      "node-str": "java.lang.Object"
    },
    {
      "type": "insert-node",
      "node": {
        "label": "getDetailsTarget",
        "type": "Invocation"
      },
      "location-after-char-start": 2664,
      "location-after-char-end": 2684,
      "node-str": "getDetailsTarget"
    },
    {
      "type": "insert-node",
      "node": {
        "label": "MNamespace",
        "type": "VARIABLE_TYPE"
      },
      "location-after-char-start": 0,
      "location-after-char-end": 0,
      "node-str": "MNamespace"
    },
    {
      "type": "insert-node",
      "node": {
        "label": "me",
        "type": "VariableRead"
      },
      "location-after-char-start": 3044,
      "location-after-char-end": 3057,
      "node-str": "me"
    },
    {
      "type": "insert-node",
      "node": {
        "label": "java.lang.String",
        "type": "VARIABLE_TYPE"
      },
      "location-after-char-start": 0,
      "location-after-char-end": 0,
      "node-str": "java.lang.String"
    },
    {
      "type": "insert-node",
      "node": {
        "label": "getName",
        "type": "Invocation"
      },
      "location-after-char-start": 3089,
      "location-after-char-end": 3100,
      "node-str": "getName"
    },
    {
      "type": "insert-node",
      "node": {
        "label": "EQ",
        "type": "BinaryOperator"
      },
      "location-after-char-start": 3112,
      "location-after-char-end": 3133,
      "node-str": "EQ"
    },
    {
      "type": "insert-node",
      "node": {
        "label": "THEN",
        "type": "then"
      },
      "location-after-char-start": 3136,
      "location-after-char-end": 3163,
      "node-str": "THEN"
    },
    {
      "type": "insert-node",
      "node": {
        "label": "MActivityGraph",
        "type": "VARIABLE_TYPE"
      },
      "location-after-char-start": 0,
      "location-after-char-end": 0,
      "node-str": "MActivityGraph"
    },
    {
      "type": "insert-node",
      "node": {
        "label": "createActivityGraph",
        "type": "Invocation"
      },
      "location-after-char-start": 3190,
      "location-after-char-end": 3254,
      "node-str": "createActivityGraph"
    },
    {
      "type": "insert-node",
      "node": {
        "label": "am",
        "type": "VariableRead"
      },
      "location-after-char-start": 3262,
      "location-after-char-end": 3263,
      "node-str": "am"
    },
    {
      "type": "insert-node",
      "node": {
        "label": "getNewUUID",
        "type": "Invocation"
      },
      "location-after-char-start": 3273,
      "location-after-char-end": 3306,
      "node-str": "getNewUUID"
    },
    {
      "type": "insert-node",
      "node": {
        "label": "am",
        "type": "VariableRead"
      },
      "location-after-char-start": 3315,
      "location-after-char-end": 3316,
      "node-str": "am"
    },
    {
      "type": "insert-node",
      "node": {
        "label": "PLUS",
        "type": "BinaryOperator"
      },
      "location-after-char-start": 3326,
      "location-after-char-end": 3357,
      "node-str": "PLUS"
    },
    {
      "type": "insert-node",
      "node": {
        "label": "MCompositeState",
        "type": "VARIABLE_TYPE"
      },
      "location-after-char-start": 0,
      "location-after-char-end": 0,
      "node-str": "MCompositeState"
    },
    {
      "type": "insert-node",
      "node": {
        "label": "createCompositeState",
        "type": "Invocation"
      },
      "location-after-char-start": 3387,
      "location-after-char-end": 3451,
      "node-str": "createCompositeState"
    },
    {
      "type": "insert-node",
      "node": {
        "label": "cs",
        "type": "VariableRead"
      },
      "location-after-char-start": 3459,
      "location-after-char-end": 3460,
      "node-str": "cs"
    },
    {
      "type": "insert-node",
      "node": {
        "label": "\"activities_top\"",
        "type": "Literal"
      },
      "location-after-char-start": 3470,
      "location-after-char-end": 3485,
      "node-str": "\"activities_top\""
    },
    {
      "type": "insert-node",
      "node": {
        "label": "am",
        "type": "VariableRead"
      },
      "location-after-char-start": 3522,
      "location-after-char-end": 3523,
      "node-str": "am"
    },
    {
      "type": "insert-node",
      "node": {
        "label": "ns",
        "type": "VariableRead"
      },
      "location-after-char-start": 3538,
      "location-after-char-end": 3539,
      "node-str": "ns"
    },
    {
      "type": "insert-node",
      "node": {
        "label": "am",
        "type": "VariableRead"
      },
      "location-after-char-start": 3548,
      "location-after-char-end": 3549,
      "node-str": "am"
    },
    {
      "type": "insert-node",
      "node": {
        "label": "cs",
        "type": "VariableRead"
      },
      "location-after-char-start": 3558,
      "location-after-char-end": 3559,
      "node-str": "cs"
    },
    {
      "type": "insert-node",
      "node": {
        "label": "ns",
        "type": "VariableRead"
      },
      "location-after-char-start": 3568,
      "location-after-char-end": 3569,
      "node-str": "ns"
    },
    {
      "type": "insert-node",
      "node": {
        "label": "am",
        "type": "VariableRead"
      },
      "location-after-char-start": 3583,
      "location-after-char-end": 3584,
      "node-str": "am"
    },
    {
      "type": "insert-node",
      "node": {
        "label": "UMLActivityDiagram",
        "type": "VARIABLE_TYPE"
      },
      "location-after-char-start": 0,
      "location-after-char-end": 0,
      "node-str": "UMLActivityDiagram"
    },
    {
      "type": "insert-node",
      "node": {
        "label": "java.lang.Object()",
        "type": "ConstructorCall"
      },
      "location-after-char-start": 3616,
      "location-after-char-end": 3645,
      "node-str": "java.lang.Object()"
    },
    {
      "type": "insert-node",
      "node": {
        "label": "p",
        "type": "VariableRead"
      },
      "location-after-char-start": 3653,
      "location-after-char-end": 3653,
      "node-str": "p"
    },
    {
      "type": "insert-node",
      "node": {
        "label": "d",
        "type": "VariableRead"
      },
      "location-after-char-start": 3665,
      "location-after-char-end": 3665,
      "node-str": "d"
    },
    {
      "type": "insert-node",
      "node": {
        "label": "getNavPane",
        "type": "Invocation"
      },
      "location-after-char-start": 3674,
      "location-after-char-end": 3712,
      "node-str": "getNavPane"
    },
    {
      "type": "insert-node",
      "node": {
        "label": "d",
        "type": "VariableRead"
      },
      "location-after-char-start": 3727,
      "location-after-char-end": 3727,
      "node-str": "d"
    },
    {
      "type": "insert-node",
      "node": {
        "label": "pb",
        "type": "VariableRead"
      },
      "location-after-char-start": 3736,
      "location-after-char-end": 3737,
      "node-str": "pb"
    },
    {
      "type": "insert-node",
      "node": {
        "label": "d",
        "type": "VariableRead"
      },
      "location-after-char-start": 3749,
      "location-after-char-end": 3749,
      "node-str": "d"
    },
    {
      "type": "insert-node",
      "node": {
        "label": "pve",
        "type": "CatchVariable"
      },
      "location-after-char-start": 3763,
      "location-after-char-end": 3787,
      "node-str": "pve"
    },
    {
      "type": "insert-node",
      "node": {
        "label": "println",
        "type": "Invocation"
      },
      "location-after-char-start": 3797,
      "location-after-char-end": 3865,
      "node-str": "println"
    },
    {
      "type": "insert-node",
      "node": {
        "label": "pb",
        "type": "VariableRead"
      },
      "location-after-char-start": 2664,
      "location-after-char-end": 2665,
      "node-str": "pb"
    },
    {
      "type": "insert-node",
      "node": {
        "label": "ns",
        "type": "VariableRead"
      },
      "location-after-char-start": 3089,
      "location-after-char-end": 3090,
      "node-str": "ns"
    },
    {
      "type": "insert-node",
      "node": {
        "label": "contextNameStr",
        "type": "VariableRead"
      },
      "location-after-char-start": 3112,
      "location-after-char-end": 3125,
      "node-str": "contextNameStr"
    },
    {
      "type": "insert-node",
      "node": {
        "label": "null",
        "type": "Literal"
      },
      "location-after-char-start": 3130,
      "location-after-char-end": 3133,
      "node-str": "null"
    },
    {
      "type": "insert-node",
      "node": {
        "label": "\u003d",
        "type": "Assignment"
      },
      "location-after-char-start": 3136,
      "location-after-char-end": 3163,
      "node-str": "\u003d"
    },
    {
      "type": "insert-node",
      "node": {
        "label": "getActivityGraphs",
        "type": "Invocation"
      },
      "location-after-char-start": 3190,
      "location-after-char-end": 3232,
      "node-str": "getActivityGraphs"
    },
    {
      "type": "insert-node",
      "node": {
        "label": "UUIDManager.SINGLETON",
        "type": "TypeAccess"
      },
      "location-after-char-start": 3273,
      "location-after-char-end": 3293,
      "node-str": "UUIDManager.SINGLETON"
    },
    {
      "type": "insert-node",
      "node": {
        "label": "contextNameStr",
        "type": "VariableRead"
      },
      "location-after-char-start": 3326,
      "location-after-char-end": 3339,
      "node-str": "contextNameStr"
    },
    {
      "type": "insert-node",
      "node": {
        "label": "\"ActivityGraph\"",
        "type": "Literal"
      },
      "location-after-char-start": 3343,
      "location-after-char-end": 3357,
      "node-str": "\"ActivityGraph\""
    },
    {
      "type": "insert-node",
      "node": {
        "label": "getStateMachines",
        "type": "Invocation"
      },
      "location-after-char-start": 3387,
      "location-after-char-end": 3428,
      "node-str": "getStateMachines"
    },
    {
      "type": "insert-node",
      "node": {
        "label": "ns",
        "type": "VariableRead"
      },
      "location-after-char-start": 3639,
      "location-after-char-end": 3640,
      "node-str": "ns"
    },
    {
      "type": "insert-node",
      "node": {
        "label": "am",
        "type": "VariableRead"
      },
      "location-after-char-start": 3643,
      "location-after-char-end": 3644,
      "node-str": "am"
    },
    {
      "type": "insert-node",
      "node": {
        "label": "ProjectBrowser.TheInstance",
        "type": "TypeAccess"
      },
      "location-after-char-start": 3674,
      "location-after-char-end": 3699,
      "node-str": "ProjectBrowser.TheInstance"
    },
    {
      "type": "insert-node",
      "node": {
        "label": "java.beans.PropertyVetoException",
        "type": "VARIABLE_TYPE"
      },
      "location-after-char-start": 0,
      "location-after-char-end": 0,
      "node-str": "java.beans.PropertyVetoException"
    },
    {
      "type": "insert-node",
      "node": {
        "label": "out",
        "type": "FieldRead"
      },
      "location-after-char-start": 3797,
      "location-after-char-end": 3806,
      "node-str": "out"
    },
    {
      "type": "insert-node",
      "node": {
        "label": "\"PropertyVetoException in ActionActivityDiagram\"",
        "type": "Literal"
      },
      "location-after-char-start": 3816,
      "location-after-char-end": 3863,
      "node-str": "\"PropertyVetoException in ActionActivityDiagram\""
    },
    {
      "type": "insert-node",
      "node": {
        "label": "contextNameStr",
        "type": "VariableWrite"
      },
      "location-after-char-start": 3136,
      "location-after-char-end": 3149,
      "node-str": "contextNameStr"
    },
    {
      "type": "insert-node",
      "node": {
        "label": "\"untitled\"",
        "type": "Literal"
      },
      "location-after-char-start": 3153,
      "location-after-char-end": 3162,
      "node-str": "\"untitled\""
    },
    {
      "type": "insert-node",
      "node": {
        "label": "getFactory",
        "type": "Invocation"
      },
      "location-after-char-start": 3190,
      "location-after-char-end": 3212,
      "node-str": "getFactory"
    },
    {
      "type": "insert-node",
      "node": {
        "label": "getFactory",
        "type": "Invocation"
      },
      "location-after-char-start": 3387,
      "location-after-char-end": 3409,
      "node-str": "getFactory"
    },
    {
      "type": "insert-node",
      "node": {
        "label": "java.lang.System",
        "type": "TypeAccess"
      },
      "location-after-char-start": 3797,
      "location-after-char-end": 3802,
      "node-str": "java.lang.System"
    },
    {
      "type": "insert-node",
      "node": {
        "label": "org.argouml.model.uml.UmlFactory",
        "type": "TypeAccess"
      },
      "location-after-char-start": 3190,
      "location-after-char-end": 3199,
      "node-str": "org.argouml.model.uml.UmlFactory"
    },
    {
      "type": "insert-node",
      "node": {
        "label": "org.argouml.model.uml.UmlFactory",
        "type": "TypeAccess"
      },
      "location-after-char-start": 3387,
      "location-after-char-end": 3396,
      "node-str": "org.argouml.model.uml.UmlFactory"
    },
    {
      "type": "delete-node",
      "node": {
        "label": "public",
        "type": "Modifier"
      },
      "location-before-char-start": 0,
      "location-before-char-end": 0,
      "node-str": "public"
    },
    {
      "type": "delete-node",
      "node": {
        "label": "UMLChangeAction",
        "type": "SUPER_TYPE"
      },
      "location-before-char-start": 0,
      "location-before-char-end": 0,
      "node-str": "UMLChangeAction"
    },
    {
      "type": "delete-node",
      "node": {
        "label": "",
        "type": "TypeReference"
      },
      "location-before-char-start": 1994,
      "location-before-char-end": 2008,
      "node-str": ""
    },
    {
      "type": "delete-node",
      "node": {
        "label": "org.argouml.uml.ui.ActionActivityDiagram",
        "type": "VARIABLE_TYPE"
      },
      "location-before-char-start": 0,
      "location-before-char-end": 0,
      "node-str": "org.argouml.uml.ui.ActionActivityDiagram"
    },
    {
      "type": "delete-node",
      "node": {
        "label": "public",
        "type": "Modifier"
      },
      "location-before-char-start": 0,
      "location-before-char-end": 0,
      "node-str": "public"
    },
    {
      "type": "delete-node",
      "node": {
        "label": "static",
        "type": "Modifier"
      },
      "location-before-char-start": 0,
      "location-before-char-end": 0,
      "node-str": "static"
    },
    {
      "type": "delete-node",
      "node": {
        "label": "org.argouml.uml.ui.ActionActivityDiagram()",
        "type": "ConstructorCall"
      },
      "location-before-char-start": 2163,
      "location-before-char-end": 2189,
      "node-str": "org.argouml.uml.ui.ActionActivityDiagram()"
    },
    {
      "type": "delete-node",
      "node": {
        "label": "SINGLETON",
        "type": "Field"
      },
      "location-before-char-start": 2017,
      "location-before-char-end": 2190,
      "node-str": "SINGLETON"
    },
    {
      "type": "delete-node",
      "node": {
        "label": "public",
        "type": "Modifier"
      },
      "location-before-char-start": 0,
      "location-before-char-end": 0,
      "node-str": "public"
    },
    {
      "type": "delete-node",
      "node": {
        "label": "\"ActivityDiagram\"",
        "type": "Literal"
      },
      "location-before-char-start": 2328,
      "location-before-char-end": 2344,
      "node-str": "\"ActivityDiagram\""
    },
    {
      "type": "delete-node",
      "node": {
        "label": "\u003cinit\u003e",
        "type": "Invocation"
      },
      "location-before-char-start": 2322,
      "location-before-char-end": 2346,
      "node-str": "\u003cinit\u003e"
    },
    {
      "type": "delete-node",
      "node": {
        "label": "\u003cinit\u003e",
        "type": "Constructor"
      },
      "location-before-char-start": 2199,
      "location-before-char-end": 2348,
      "node-str": "\u003cinit\u003e"
    },
    {
      "type": "delete-node",
      "node": {
        "label": "void",
        "type": "RETURN_TYPE"
      },
      "location-before-char-start": 0,
      "location-before-char-end": 0,
      "node-str": "void"
    },
    {
      "type": "delete-node",
      "node": {
        "label": "public",
        "type": "Modifier"
      },
      "location-before-char-start": 0,
      "location-before-char-end": 0,
      "node-str": "public"
    },
    {
      "type": "delete-node",
      "node": {
        "label": "java.awt.event.ActionEvent",
        "type": "VARIABLE_TYPE"
      },
      "location-before-char-start": 0,
      "location-before-char-end": 0,
      "node-str": "java.awt.event.ActionEvent"
    },
    {
      "type": "delete-node",
      "node": {
        "label": "ae",
        "type": "Parameter"
      },
      "location-before-char-start": 2474,
      "location-before-char-end": 2487,
      "node-str": "ae"
    },
    {
      "type": "delete-node",
      "node": {
        "label": "ProjectBrowser",
        "type": "VARIABLE_TYPE"
      },
      "location-before-char-start": 0,
      "location-before-char-end": 0,
      "node-str": "ProjectBrowser"
    },
    {
      "type": "delete-node",
      "node": {
        "label": "ProjectBrowser",
        "type": "TypeAccess"
      },
      "location-before-char-start": 0,
      "location-before-char-end": 0,
      "node-str": "ProjectBrowser"
    },
    {
      "type": "delete-node",
      "node": {
        "label": "TheInstance",
        "type": "FieldRead"
      },
      "location-before-char-start": 2513,
      "location-before-char-end": 2538,
      "node-str": "TheInstance"
    },
    {
      "type": "delete-node",
      "node": {
        "label": "pb",
        "type": "LocalVariable"
      },
      "location-before-char-start": 2493,
      "location-before-char-end": 2539,
      "node-str": "pb"
    },
    {
      "type": "delete-node",
      "node": {
        "label": "Project",
        "type": "VARIABLE_TYPE"
      },
      "location-before-char-start": 0,
      "location-before-char-end": 0,
      "node-str": "Project"
    },
    {
      "type": "delete-node",
      "node": {
        "label": "pb",
        "type": "VariableRead"
      },
      "location-before-char-start": 2554,
      "location-before-char-end": 2555,
      "node-str": "pb"
    },
    {
      "type": "delete-node",
      "node": {
        "label": "getProject",
        "type": "Invocation"
      },
      "location-before-char-start": 2554,
      "location-before-char-end": 2568,
      "node-str": "getProject"
    },
    {
      "type": "delete-node",
      "node": {
        "label": "p",
        "type": "LocalVariable"
      },
      "location-before-char-start": 2542,
      "location-before-char-end": 2569,
      "node-str": "p"
    },
    {
      "type": "delete-node",
      "node": {
        "label": "java.lang.Object",
        "type": "VARIABLE_TYPE"
      },
      "location-before-char-start": 0,
      "location-before-char-end": 0,
      "node-str": "java.lang.Object"
    },
    {
      "type": "delete-node",
      "node": {
        "label": "pb",
        "type": "VariableRead"
      },
      "location-before-char-start": 2595,
      "location-before-char-end": 2596,
      "node-str": "pb"
    },
    {
      "type": "delete-node",
      "node": {
        "label": "getDetailsTarget",
        "type": "Invocation"
      },
      "location-before-char-start": 2595,
      "location-before-char-end": 2615,
      "node-str": "getDetailsTarget"
    },
    {
      "type": "delete-node",
      "node": {
        "label": "me",
        "type": "LocalVariable"
      },
      "location-before-char-start": 2583,
      "location-before-char-end": 2616,
      "node-str": "me"
    },
    {
      "type": "delete-node",
      "node": {
        "label": "MNamespace",
        "type": "VARIABLE_TYPE"
      },
      "location-before-char-start": 0,
      "location-before-char-end": 0,
      "node-str": "MNamespace"
    },
    {
      "type": "delete-node",
      "node": {
        "label": "me",
        "type": "VariableRead"
      },
      "location-before-char-start": 2975,
      "location-before-char-end": 2988,
      "node-str": "me"
    },
    {
      "type": "delete-node",
      "node": {
        "label": "ns",
        "type": "LocalVariable"
      },
      "location-before-char-start": 2961,
      "location-before-char-end": 2989,
      "node-str": "ns"
    },
    {
      "type": "delete-node",
      "node": {
        "label": "java.lang.String",
        "type": "VARIABLE_TYPE"
      },
      "location-before-char-start": 0,
      "location-before-char-end": 0,
      "node-str": "java.lang.String"
    },
    {
      "type": "delete-node",
      "node": {
        "label": "ns",
        "type": "VariableRead"
      },
      "location-before-char-start": 3020,
      "location-before-char-end": 3021,
      "node-str": "ns"
    },
    {
      "type": "delete-node",
      "node": {
        "label": "getName",
        "type": "Invocation"
      },
      "location-before-char-start": 3020,
      "location-before-char-end": 3031,
      "node-str": "getName"
    },
    {
      "type": "delete-node",
      "node": {
        "label": "contextNameStr",
        "type": "LocalVariable"
      },
      "location-before-char-start": 2996,
      "location-before-char-end": 3032,
      "node-str": "contextNameStr"
    },
    {
      "type": "delete-node",
      "node": {
        "label": "contextNameStr",
        "type": "VariableRead"
      },
      "location-before-char-start": 3043,
      "location-before-char-end": 3056,
      "node-str": "contextNameStr"
    },
    {
      "type": "delete-node",
      "node": {
        "label": "null",
        "type": "Literal"
      },
      "location-before-char-start": 3061,
      "location-before-char-end": 3064,
      "node-str": "null"
    },
    {
      "type": "delete-node",
      "node": {
        "label": "EQ",
        "type": "BinaryOperator"
      },
      "location-before-char-start": 3043,
      "location-before-char-end": 3064,
      "node-str": "EQ"
    },
    {
      "type": "delete-node",
      "node": {
        "label": "contextNameStr",
        "type": "VariableWrite"
      },
      "location-before-char-start": 3067,
      "location-before-char-end": 3080,
      "node-str": "contextNameStr"
    },
    {
      "type": "delete-node",
      "node": {
        "label": "\"untitled\"",
        "type": "Literal"
      },
      "location-before-char-start": 3084,
      "location-before-char-end": 3093,
      "node-str": "\"untitled\""
    },
    {
      "type": "delete-node",
      "node": {
        "label": "\u003d",
        "type": "Assignment"
      },
      "location-before-char-start": 3067,
      "location-before-char-end": 3094,
      "node-str": "\u003d"
    },
    {
      "type": "delete-node",
      "node": {
        "label": "THEN",
        "type": "then"
      },
      "location-before-char-start": 3067,
      "location-before-char-end": 3094,
      "node-str": "THEN"
    },
    {
      "type": "delete-node",
      "node": {
        "label": "if",
        "type": "If"
      },
      "location-before-char-start": 3039,
      "location-before-char-end": 3094,
      "node-str": "if"
    },
    {
      "type": "delete-node",
      "node": {
        "label": "MActivityGraph",
        "type": "VARIABLE_TYPE"
      },
      "location-before-char-start": 0,
      "location-before-char-end": 0,
      "node-str": "MActivityGraph"
    },
    {
      "type": "delete-node",
      "node": {
        "label": "MActivityGraphImpl()",
        "type": "ConstructorCall"
      },
      "location-before-char-start": 3121,
      "location-before-char-end": 3144,
      "node-str": "MActivityGraphImpl()"
    },
    {
      "type": "delete-node",
      "node": {
        "label": "am",
        "type": "LocalVariable"
      },
      "location-before-char-start": 3101,
      "location-before-char-end": 3145,
      "node-str": "am"
    },
    {
      "type": "delete-node",
      "node": {
        "label": "am",
        "type": "VariableRead"
      },
      "location-before-char-start": 3152,
      "location-before-char-end": 3153,
      "node-str": "am"
    },
    {
      "type": "delete-node",
      "node": {
        "label": "UUIDManager.SINGLETON",
        "type": "TypeAccess"
      },
      "location-before-char-start": 3163,
      "location-before-char-end": 3183,
      "node-str": "UUIDManager.SINGLETON"
    },
    {
      "type": "delete-node",
      "node": {
        "label": "getNewUUID",
        "type": "Invocation"
      },
      "location-before-char-start": 3163,
      "location-before-char-end": 3196,
      "node-str": "getNewUUID"
    },
    {
      "type": "delete-node",
      "node": {
        "label": "setUUID",
        "type": "Invocation"
      },
      "location-before-char-start": 3152,
      "location-before-char-end": 3198,
      "node-str": "setUUID"
    },
    {
      "type": "delete-node",
      "node": {
        "label": "am",
        "type": "VariableRead"
      },
      "location-before-char-start": 3205,
      "location-before-char-end": 3206,
      "node-str": "am"
    },
    {
      "type": "delete-node",
      "node": {
        "label": "contextNameStr",
        "type": "VariableRead"
      },
      "location-before-char-start": 3216,
      "location-before-char-end": 3229,
      "node-str": "contextNameStr"
    },
    {
      "type": "delete-node",
      "node": {
        "label": "\"ActivityGraph\"",
        "type": "Literal"
      },
      "location-before-char-start": 3233,
      "location-before-char-end": 3247,
      "node-str": "\"ActivityGraph\""
    },
    {
      "type": "delete-node",
      "node": {
        "label": "PLUS",
        "type": "BinaryOperator"
      },
      "location-before-char-start": 3216,
      "location-before-char-end": 3247,
      "node-str": "PLUS"
    },
    {
      "type": "delete-node",
      "node": {
        "label": "setName",
        "type": "Invocation"
      },
      "location-before-char-start": 3205,
      "location-before-char-end": 3249,
      "node-str": "setName"
    },
    {
      "type": "delete-node",
      "node": {
        "label": "MCompositeState",
        "type": "VARIABLE_TYPE"
      },
      "location-before-char-start": 0,
      "location-before-char-end": 0,
      "node-str": "MCompositeState"
    },
    {
      "type": "delete-node",
      "node": {
        "label": "MCompositeStateImpl()",
        "type": "ConstructorCall"
      },
      "location-before-char-start": 3277,
      "location-before-char-end": 3301,
      "node-str": "MCompositeStateImpl()"
    },
    {
      "type": "delete-node",
      "node": {
        "label": "cs",
        "type": "LocalVariable"
      },
      "location-before-char-start": 3256,
      "location-before-char-end": 3302,
      "node-str": "cs"
    },
    {
      "type": "delete-node",
      "node": {
        "label": "cs",
        "type": "VariableRead"
      },
      "location-before-char-start": 3309,
      "location-before-char-end": 3310,
      "node-str": "cs"
    },
    {
      "type": "delete-node",
      "node": {
        "label": "\"activities_top\"",
        "type": "Literal"
      },
      "location-before-char-start": 3320,
      "location-before-char-end": 3335,
      "node-str": "\"activities_top\""
    },
    {
      "type": "delete-node",
      "node": {
        "label": "setName",
        "type": "Invocation"
      },
      "location-before-char-start": 3309,
      "location-before-char-end": 3337,
      "node-str": "setName"
    },
    {
      "type": "delete-node",
      "node": {
        "label": "am",
        "type": "VariableRead"
      },
      "location-before-char-start": 3372,
      "location-before-char-end": 3373,
      "node-str": "am"
    },
    {
      "type": "delete-node",
      "node": {
        "label": "ns",
        "type": "VariableRead"
      },
      "location-before-char-start": 3388,
      "location-before-char-end": 3389,
      "node-str": "ns"
    },
    {
      "type": "delete-node",
      "node": {
        "label": "setNamespace",
        "type": "Invocation"
      },
      "location-before-char-start": 3372,
      "location-before-char-end": 3391,
      "node-str": "setNamespace"
    },
    {
      "type": "delete-node",
      "node": {
        "label": "am",
        "type": "VariableRead"
      },
      "location-before-char-start": 3398,
      "location-before-char-end": 3399,
      "node-str": "am"
    },
    {
      "type": "delete-node",
      "node": {
        "label": "cs",
        "type": "VariableRead"
      },
      "location-before-char-start": 3408,
      "location-before-char-end": 3409,
      "node-str": "cs"
    },
    {
      "type": "delete-node",
      "node": {
        "label": "setTop",
        "type": "Invocation"
      },
      "location-before-char-start": 3398,
      "location-before-char-end": 3411,
      "node-str": "setTop"
    },
    {
      "type": "delete-node",
      "node": {
        "label": "ns",
        "type": "VariableRead"
      },
      "location-before-char-start": 3418,
      "location-before-char-end": 3419,
      "node-str": "ns"
    },
    {
      "type": "delete-node",
      "node": {
        "label": "am",
        "type": "VariableRead"
      },
      "location-before-char-start": 3433,
      "location-before-char-end": 3434,
      "node-str": "am"
    },
    {
      "type": "delete-node",
      "node": {
        "label": "addBehavior",
        "type": "Invocation"
      },
      "location-before-char-start": 3418,
      "location-before-char-end": 3436,
      "node-str": "addBehavior"
    },
    {
      "type": "delete-node",
      "node": {
        "label": "UMLActivityDiagram",
        "type": "VARIABLE_TYPE"
      },
      "location-before-char-start": 0,
      "location-before-char-end": 0,
      "node-str": "UMLActivityDiagram"
    },
    {
      "type": "delete-node",
      "node": {
        "label": "ns",
        "type": "VariableRead"
      },
      "location-before-char-start": 3489,
      "location-before-char-end": 3490,
      "node-str": "ns"
    },
    {
      "type": "delete-node",
      "node": {
        "label": "am",
        "type": "VariableRead"
      },
      "location-before-char-start": 3493,
      "location-before-char-end": 3494,
      "node-str": "am"
    },
    {
      "type": "delete-node",
      "node": {
        "label": "java.lang.Object()",
        "type": "ConstructorCall"
      },
      "location-before-char-start": 3466,
      "location-before-char-end": 3495,
      "node-str": "java.lang.Object()"
    },
    {
      "type": "delete-node",
      "node": {
        "label": "d",
        "type": "LocalVariable"
      },
      "location-before-char-start": 3443,
      "location-before-char-end": 3496,
      "node-str": "d"
    },
    {
      "type": "delete-node",
      "node": {
        "label": "p",
        "type": "VariableRead"
      },
      "location-before-char-start": 3503,
      "location-before-char-end": 3503,
      "node-str": "p"
    },
    {
      "type": "delete-node",
      "node": {
        "label": "d",
        "type": "VariableRead"
      },
      "location-before-char-start": 3515,
      "location-before-char-end": 3515,
      "node-str": "d"
    },
    {
      "type": "delete-node",
      "node": {
        "label": "addMember",
        "type": "Invocation"
      },
      "location-before-char-start": 3503,
      "location-before-char-end": 3517,
      "node-str": "addMember"
    },
    {
      "type": "delete-node",
      "node": {
        "label": "ProjectBrowser.TheInstance",
        "type": "TypeAccess"
      },
      "location-before-char-start": 3524,
      "location-before-char-end": 3549,
      "node-str": "ProjectBrowser.TheInstance"
    },
    {
      "type": "delete-node",
      "node": {
        "label": "getNavPane",
        "type": "Invocation"
      },
      "location-before-char-start": 3524,
      "location-before-char-end": 3562,
      "node-str": "getNavPane"
    },
    {
      "type": "delete-node",
      "node": {
        "label": "d",
        "type": "VariableRead"
      },
      "location-before-char-start": 3577,
      "location-before-char-end": 3577,
      "node-str": "d"
    },
    {
      "type": "delete-node",
      "node": {
        "label": "addToHistory",
        "type": "Invocation"
      },
      "location-before-char-start": 3524,
      "location-before-char-end": 3579,
      "node-str": "addToHistory"
    },
    {
      "type": "delete-node",
      "node": {
        "label": "pb",
        "type": "VariableRead"
      },
      "location-before-char-start": 3586,
      "location-before-char-end": 3587,
      "node-str": "pb"
    },
    {
      "type": "delete-node",
      "node": {
        "label": "d",
        "type": "VariableRead"
      },
      "location-before-char-start": 3599,
      "location-before-char-end": 3599,
      "node-str": "d"
    },
    {
      "type": "delete-node",
      "node": {
        "label": "setTarget",
        "type": "Invocation"
      },
      "location-before-char-start": 3586,
      "location-before-char-end": 3601,
      "node-str": "setTarget"
    },
    {
      "type": "delete-node",
      "node": {
        "label": "java.beans.PropertyVetoException",
        "type": "VARIABLE_TYPE"
      },
      "location-before-char-start": 0,
      "location-before-char-end": 0,
      "node-str": "java.beans.PropertyVetoException"
    },
    {
      "type": "delete-node",
      "node": {
        "label": "pve",
        "type": "CatchVariable"
      },
      "location-before-char-start": 3613,
      "location-before-char-end": 3637,
      "node-str": "pve"
    },
    {
      "type": "delete-node",
      "node": {
        "label": "java.lang.System",
        "type": "TypeAccess"
      },
      "location-before-char-start": 3647,
      "location-before-char-end": 3652,
      "node-str": "java.lang.System"
    },
    {
      "type": "delete-node",
      "node": {
        "label": "out",
        "type": "FieldRead"
      },
      "location-before-char-start": 3647,
      "location-before-char-end": 3656,
      "node-str": "out"
    },
    {
      "type": "delete-node",
      "node": {
        "label": "\"PropertyVetoException in ActionActivityDiagram\"",
        "type": "Literal"
      },
      "location-before-char-start": 3666,
      "location-before-char-end": 3713,
      "node-str": "\"PropertyVetoException in ActionActivityDiagram\""
    },
    {
      "type": "delete-node",
      "node": {
        "label": "println",
        "type": "Invocation"
      },
      "location-before-char-start": 3647,
      "location-before-char-end": 3715,
      "node-str": "println"
    },
    {
      "type": "delete-node",
      "node": {
        "label": "",
        "type": "Catch"
      },
      "location-before-char-start": 3605,
      "location-before-char-end": 3718,
      "node-str": ""
    },
    {
      "type": "delete-node",
      "node": {
        "label": "",
        "type": "Try"
      },
      "location-before-char-start": 2572,
      "location-before-char-end": 3718,
      "node-str": ""
    },
    {
      "type": "delete-node",
      "node": {
        "label": "super",
        "type": "SuperAccess"
      },
      "location-before-char-start": 3721,
      "location-before-char-end": 3725,
      "node-str": "super"
    },
    {
      "type": "delete-node",
      "node": {
        "label": "ae",
        "type": "VariableRead"
      },
      "location-before-char-start": 3743,
      "location-before-char-end": 3744,
      "node-str": "ae"
    },
    {
      "type": "delete-node",
      "node": {
        "label": "actionPerformed",
        "type": "Invocation"
      },
      "location-before-char-start": 3721,
      "location-before-char-end": 3746,
      "node-str": "actionPerformed"
    },
    {
      "type": "delete-node",
      "node": {
        "label": "actionPerformed",
        "type": "Method"
      },
      "location-before-char-start": 2356,
      "location-before-char-end": 3752,
      "node-str": "actionPerformed"
    },
    {
      "type": "delete-node",
      "node": {
        "label": "boolean",
        "type": "RETURN_TYPE"
      },
      "location-before-char-start": 0,
      "location-before-char-end": 0,
      "node-str": "boolean"
    },
    {
      "type": "delete-node",
      "node": {
        "label": "public",
        "type": "Modifier"
      },
      "location-before-char-start": 0,
      "location-before-char-end": 0,
      "node-str": "public"
    },
    {
      "type": "delete-node",
      "node": {
        "label": "true",
        "type": "Literal"
      },
      "location-before-char-start": 3805,
      "location-before-char-end": 3808,
      "node-str": "true"
    },
    {
      "type": "delete-node",
      "node": {
        "label": "return",
        "type": "Return"
      },
      "location-before-char-start": 3798,
      "location-before-char-end": 3809,
      "node-str": "return"
    },
    {
      "type": "delete-node",
      "node": {
        "label": "shouldBeEnabled",
        "type": "Method"
      },
      "location-before-char-start": 3758,
      "location-before-char-end": 4074,
      "node-str": "shouldBeEnabled"
    },
    {
      "type": "delete-node",
      "node": {
        "label": "ActionActivityDiagram",
        "type": "Class"
      },
      "location-before-char-start": 1951,
      "location-before-char-end": 4114,
      "node-str": "ActionActivityDiagram"
    }
  ],
  "before-file": {},
  "after-file": {},
  "mapping": {}
}