{
  "tool-info": {},
  "diff": [
    {
      "type": "insert-node",
      "node": {
        "label": "handles",
        "type": "Method"
      },
      "location-after-char-start": 1704,
      "location-after-char-end": 1942,
      "node-str": "handles"
    },
    {
      "type": "insert-node",
      "node": {
        "label": "CH.ifa.draw.samples.pert.HandleEnumeration",
        "type": "RETURN_TYPE"
      },
      "location-after-char-start": 0,
      "location-after-char-end": 0,
      "node-str": "CH.ifa.draw.samples.pert.HandleEnumeration"
    },
    {
      "type": "insert-node",
      "node": {
        "label": "public",
        "type": "Modifier"
      },
      "location-after-char-start": 0,
      "location-after-char-end": 0,
      "node-str": "public"
    },
    {
      "type": "insert-node",
      "node": {
        "label": "handles",
        "type": "LocalVariable"
      },
      "location-after-char-start": 1743,
      "location-after-char-end": 1782,
      "node-str": "handles"
    },
    {
      "type": "insert-node",
      "node": {
        "label": "set",
        "type": "Invocation"
      },
      "location-after-char-start": 1836,
      "location-after-char-end": 1899,
      "node-str": "set"
    },
    {
      "type": "insert-node",
      "node": {
        "label": "return",
        "type": "Return"
      },
      "location-after-char-start": 1903,
      "location-after-char-end": 1939,
      "node-str": "return"
    },
    {
      "type": "insert-node",
      "node": {
        "label": "java.util.List",
        "type": "VARIABLE_TYPE"
      },
      "location-after-char-start": 0,
      "location-after-char-end": 0,
      "node-str": "java.util.List"
    },
    {
      "type": "insert-node",
      "node": {
        "label": "toList",
        "type": "Invocation"
      },
      "location-after-char-start": 1758,
      "location-after-char-end": 1781,
      "node-str": "toList"
    },
    {
      "type": "insert-node",
      "node": {
        "label": "handles",
        "type": "VariableRead"
      },
      "location-after-char-start": 1836,
      "location-after-char-end": 1842,
      "node-str": "handles"
    },
    {
      "type": "insert-node",
      "node": {
        "label": "0",
        "type": "Literal"
      },
      "location-after-char-start": 1848,
      "location-after-char-end": 1848,
      "node-str": "0"
    },
    {
      "type": "insert-node",
      "node": {
        "label": "java.lang.Object()",
        "type": "ConstructorCall"
      },
      "location-after-char-start": 1851,
      "location-after-char-end": 1897,
      "node-str": "java.lang.Object()"
    },
    {
      "type": "insert-node",
      "node": {
        "label": "HandleEnumerator(java.util.List)",
        "type": "ConstructorCall"
      },
      "location-after-char-start": 1910,
      "location-after-char-end": 1938,
      "node-str": "HandleEnumerator(java.util.List)"
    },
    {
      "type": "insert-node",
      "node": {
        "label": "handles",
        "type": "Invocation"
      },
      "location-after-char-start": 1758,
      "location-after-char-end": 1772,
      "node-str": "handles"
    },
    {
      "type": "insert-node",
      "node": {
        "label": "this",
        "type": "ThisAccess"
      },
      "location-after-char-start": 1866,
      "location-after-char-end": 1869,
      "node-str": "this"
    },
    {
      "type": "insert-node",
      "node": {
        "label": "locator",
        "type": "Invocation"
      },
      "location-after-char-start": 1872,
      "location-after-char-end": 1896,
      "node-str": "locator"
    },
    {
      "type": "insert-node",
      "node": {
        "label": "handles",
        "type": "VariableRead"
      },
      "location-after-char-start": 1931,
      "location-after-char-end": 1937,
      "node-str": "handles"
    },
    {
      "type": "insert-node",
      "node": {
        "label": "super",
        "type": "SuperAccess"
      },
      "location-after-char-start": 1758,
      "location-after-char-end": 1762,
      "node-str": "super"
    },
    {
      "type": "insert-node",
      "node": {
        "label": "CH.ifa.draw.samples.pert.PertDependency",
        "type": "TypeAccess"
      },
      "location-after-char-start": 0,
      "location-after-char-end": 0,
      "node-str": "CH.ifa.draw.samples.pert.PertDependency"
    },
    {
      "type": "insert-node",
      "node": {
        "label": "PolyLineFigure",
        "type": "TypeAccess"
      },
      "location-after-char-start": 1872,
      "location-after-char-end": 1885,
      "node-str": "PolyLineFigure"
    },
    {
      "type": "insert-node",
      "node": {
        "label": "0",
        "type": "Literal"
      },
      "location-after-char-start": 1895,
      "location-after-char-end": 1895,
      "node-str": "0"
    },
    {
      "type": "delete-node",
      "node": {
        "label": "java.util.Vector",
        "type": "RETURN_TYPE"
      },
      "location-before-char-start": 0,
      "location-before-char-end": 0,
      "node-str": "java.util.Vector"
    },
    {
      "type": "delete-node",
      "node": {
        "label": "public",
        "type": "Modifier"
      },
      "location-before-char-start": 0,
      "location-before-char-end": 0,
      "node-str": "public"
    },
    {
      "type": "delete-node",
      "node": {
        "label": "java.util.Vector",
        "type": "VARIABLE_TYPE"
      },
      "location-before-char-start": 0,
      "location-before-char-end": 0,
      "node-str": "java.util.Vector"
    },
    {
      "type": "delete-node",
      "node": {
        "label": "super",
        "type": "SuperAccess"
      },
      "location-before-char-start": 1709,
      "location-before-char-end": 1713,
      "node-str": "super"
    },
    {
      "type": "delete-node",
      "node": {
        "label": "handles",
        "type": "Invocation"
      },
      "location-before-char-start": 1709,
      "location-before-char-end": 1723,
      "node-str": "handles"
    },
    {
      "type": "delete-node",
      "node": {
        "label": "handles",
        "type": "LocalVariable"
      },
      "location-before-char-start": 1692,
      "location-before-char-end": 1724,
      "node-str": "handles"
    },
    {
      "type": "delete-node",
      "node": {
        "label": "handles",
        "type": "VariableRead"
      },
      "location-before-char-start": 1778,
      "location-before-char-end": 1784,
      "node-str": "handles"
    },
    {
      "type": "delete-node",
      "node": {
        "label": "CH.ifa.draw.samples.pert.PertDependency",
        "type": "TypeAccess"
      },
      "location-before-char-start": 0,
      "location-before-char-end": 0,
      "node-str": "CH.ifa.draw.samples.pert.PertDependency"
    },
    {
      "type": "delete-node",
      "node": {
        "label": "this",
        "type": "ThisAccess"
      },
      "location-before-char-start": 1814,
      "location-before-char-end": 1817,
      "node-str": "this"
    },
    {
      "type": "delete-node",
      "node": {
        "label": "PolyLineFigure",
        "type": "TypeAccess"
      },
      "location-before-char-start": 1820,
      "location-before-char-end": 1833,
      "node-str": "PolyLineFigure"
    },
    {
      "type": "delete-node",
      "node": {
        "label": "0",
        "type": "Literal"
      },
      "location-before-char-start": 1843,
      "location-before-char-end": 1843,
      "node-str": "0"
    },
    {
      "type": "delete-node",
      "node": {
        "label": "locator",
        "type": "Invocation"
      },
      "location-before-char-start": 1820,
      "location-before-char-end": 1844,
      "node-str": "locator"
    },
    {
      "type": "delete-node",
      "node": {
        "label": "java.lang.Object()",
        "type": "ConstructorCall"
      },
      "location-before-char-start": 1799,
      "location-before-char-end": 1845,
      "node-str": "java.lang.Object()"
    },
    {
      "type": "delete-node",
      "node": {
        "label": "0",
        "type": "Literal"
      },
      "location-before-char-start": 1848,
      "location-before-char-end": 1848,
      "node-str": "0"
    },
    {
      "type": "delete-node",
      "node": {
        "label": "setElementAt",
        "type": "Invocation"
      },
      "location-before-char-start": 1778,
      "location-before-char-end": 1850,
      "node-str": "setElementAt"
    },
    {
      "type": "delete-node",
      "node": {
        "label": "handles",
        "type": "VariableRead"
      },
      "location-before-char-start": 1861,
      "location-before-char-end": 1867,
      "node-str": "handles"
    },
    {
      "type": "delete-node",
      "node": {
        "label": "return",
        "type": "Return"
      },
      "location-before-char-start": 1854,
      "location-before-char-end": 1868,
      "node-str": "return"
    },
    {
      "type": "delete-node",
      "node": {
        "label": "handles",
        "type": "Method"
      },
      "location-before-char-start": 1664,
      "location-before-char-end": 1871,
      "node-str": "handles"
    }
  ],
  "before-file": {},
  "after-file": {},
  "mapping": {}
}