{
  "tool-info": {},
  "diff": [
    {
      "type": "insert-node",
      "node": {
        "label": "fixedHeight",
        "type": "Method"
      },
      "location-after-char-start": 1362,
      "location-after-char-end": 1519,
      "node-str": "fixedHeight"
    },
    {
      "type": "insert-node",
      "node": {
        "label": "boolean",
        "type": "RETURN_TYPE"
      },
      "location-after-char-start": 0,
      "location-after-char-end": 0,
      "node-str": "boolean"
    },
    {
      "type": "insert-node",
      "node": {
        "label": "public",
        "type": "Modifier"
      },
      "location-after-char-start": 0,
      "location-after-char-end": 0,
      "node-str": "public"
    },
    {
      "type": "insert-node",
      "node": {
        "label": "return",
        "type": "Return"
      },
      "location-after-char-start": 1394,
      "location-after-char-end": 1517,
      "node-str": "return"
    },
    {
      "type": "insert-node",
      "node": {
        "label": "ratio",
        "type": "LocalVariable"
      },
      "location-after-char-start": 8516,
      "location-after-char-end": 8550,
      "node-str": "ratio"
    },
    {
      "type": "insert-node",
      "node": {
        "label": "if",
        "type": "If"
      },
      "location-after-char-start": 8555,
      "location-after-char-end": 9855,
      "node-str": "if"
    },
    {
      "type": "insert-node",
      "node": {
        "label": "AND",
        "type": "BinaryOperator"
      },
      "location-after-char-start": 1401,
      "location-after-char-end": 1516,
      "node-str": "AND"
    },
    {
      "type": "insert-node",
      "node": {
        "label": "float",
        "type": "VARIABLE_TYPE"
      },
      "location-after-char-start": 0,
      "location-after-char-end": 0,
      "node-str": "float"
    },
    {
      "type": "move-subtree",
      "node": {
        "label": "getRatio",
        "type": "Invocation"
      },
      "location-before-char-start": 8301,
      "location-before-char-end": 8320,
      "location-after-char-start": 8530,
      "location-after-char-end": 8549,
      "node-str": "getRatio"
    },
    {
      "type": "move-subtree",
      "node": {
        "label": "isVertical",
        "type": "Invocation"
      },
      "location-before-char-start": 8224,
      "location-before-char-end": 8245,
      "location-after-char-start": 8558,
      "location-after-char-end": 8579,
      "node-str": "isVertical"
    },
    {
      "type": "insert-node",
      "node": {
        "label": "THEN",
        "type": "then"
      },
      "location-after-char-start": 8582,
      "location-after-char-end": 9132,
      "node-str": "THEN"
    },
    {
      "type": "insert-node",
      "node": {
        "label": "ELSE",
        "type": "else"
      },
      "location-after-char-start": 9139,
      "location-after-char-end": 9855,
      "node-str": "ELSE"
    },
    {
      "type": "insert-node",
      "node": {
        "label": "OR",
        "type": "BinaryOperator"
      },
      "location-after-char-start": 1401,
      "location-after-char-end": 1455,
      "node-str": "OR"
    },
    {
      "type": "insert-node",
      "node": {
        "label": "OR",
        "type": "BinaryOperator"
      },
      "location-after-char-start": 1462,
      "location-after-char-end": 1516,
      "node-str": "OR"
    },
    {
      "type": "insert-node",
      "node": {
        "label": "\u003d",
        "type": "Assignment"
      },
      "location-after-char-start": 5251,
      "location-after-char-end": 5314,
      "node-str": "\u003d"
    },
    {
      "type": "insert-node",
      "node": {
        "label": "\u003d",
        "type": "Assignment"
      },
      "location-after-char-start": 5406,
      "location-after-char-end": 5466,
      "node-str": "\u003d"
    },
    {
      "type": "insert-node",
      "node": {
        "label": "\u003d",
        "type": "Assignment"
      },
      "location-after-char-start": 8613,
      "location-after-char-end": 8659,
      "node-str": "\u003d"
    },
    {
      "type": "move-subtree",
      "node": {
        "label": "\u003d",
        "type": "Assignment"
      },
      "location-before-char-start": 8341,
      "location-before-char-end": 8387,
      "location-after-char-start": 8663,
      "location-after-char-end": 8709,
      "node-str": "\u003d"
    },
    {
      "type": "move-subtree",
      "node": {
        "label": "\u003d",
        "type": "Assignment"
      },
      "location-before-char-start": 8391,
      "location-before-char-end": 8420,
      "location-after-char-start": 8713,
      "location-after-char-end": 8742,
      "node-str": "\u003d"
    },
    {
      "type": "insert-node",
      "node": {
        "label": "if",
        "type": "If"
      },
      "location-after-char-start": 8749,
      "location-after-char-end": 8839,
      "node-str": "if"
    },
    {
      "type": "move-subtree",
      "node": {
        "label": "\u003d",
        "type": "Assignment"
      },
      "location-before-char-start": 8424,
      "location-before-char-end": 8471,
      "location-after-char-start": 8846,
      "location-after-char-end": 8893,
      "node-str": "\u003d"
    },
    {
      "type": "move-subtree",
      "node": {
        "label": "\u003d",
        "type": "Assignment"
      },
      "location-before-char-start": 8475,
      "location-before-char-end": 8545,
      "location-after-char-start": 8897,
      "location-after-char-end": 8967,
      "node-str": "\u003d"
    },
    {
      "type": "insert-node",
      "node": {
        "label": "if",
        "type": "If"
      },
      "location-after-char-start": 8974,
      "location-after-char-end": 9065,
      "node-str": "if"
    },
    {
      "type": "move-subtree",
      "node": {
        "label": "adjustWidths",
        "type": "Invocation"
      },
      "location-before-char-start": 8549,
      "location-before-char-end": 8606,
      "location-after-char-start": 9072,
      "location-after-char-end": 9129,
      "node-str": "adjustWidths"
    },
    {
      "type": "insert-node",
      "node": {
        "label": "if",
        "type": "If"
      },
      "location-after-char-start": 9168,
      "location-after-char-end": 9465,
      "node-str": "if"
    },
    {
      "type": "move-subtree",
      "node": {
        "label": "\u003d",
        "type": "Assignment"
      },
      "location-before-char-start": 8712,
      "location-before-char-end": 8759,
      "location-after-char-start": 9469,
      "location-after-char-end": 9516,
      "node-str": "\u003d"
    },
    {
      "type": "move-subtree",
      "node": {
        "label": "\u003d",
        "type": "Assignment"
      },
      "location-before-char-start": 8763,
      "location-before-char-end": 8793,
      "location-after-char-start": 9520,
      "location-after-char-end": 9550,
      "node-str": "\u003d"
    },
    {
      "type": "move-subtree",
      "node": {
        "label": "\u003d",
        "type": "Assignment"
      },
      "location-before-char-start": 8797,
      "location-before-char-end": 8845,
      "location-after-char-start": 9554,
      "location-after-char-end": 9602,
      "node-str": "\u003d"
    },
    {
      "type": "insert-node",
      "node": {
        "label": "if",
        "type": "If"
      },
      "location-after-char-start": 9609,
      "location-after-char-end": 9790,
      "node-str": "if"
    },
    {
      "type": "move-subtree",
      "node": {
        "label": "adjustHeights",
        "type": "Invocation"
      },
      "location-before-char-start": 8927,
      "location-before-char-end": 8985,
      "location-after-char-start": 9794,
      "location-after-char-end": 9852,
      "node-str": "adjustHeights"
    },
    {
      "type": "insert-node",
      "node": {
        "label": "NOT",
        "type": "UnaryOperator"
      },
      "location-after-char-start": 1402,
      "location-after-char-end": 1425,
      "node-str": "NOT"
    },
    {
      "type": "insert-node",
      "node": {
        "label": "fixedHeight",
        "type": "Invocation"
      },
      "location-after-char-start": 1430,
      "location-after-char-end": 1454,
      "node-str": "fixedHeight"
    },
    {
      "type": "insert-node",
      "node": {
        "label": "NOT",
        "type": "UnaryOperator"
      },
      "location-after-char-start": 1463,
      "location-after-char-end": 1486,
      "node-str": "NOT"
    },
    {
      "type": "insert-node",
      "node": {
        "label": "fixedHeight",
        "type": "Invocation"
      },
      "location-after-char-start": 1491,
      "location-after-char-end": 1515,
      "node-str": "fixedHeight"
    },
    {
      "type": "insert-node",
      "node": {
        "label": "height",
        "type": "FieldWrite"
      },
      "location-after-char-start": 5251,
      "location-after-char-end": 5263,
      "node-str": "height"
    },
    {
      "type": "insert-node",
      "node": {
        "label": "max",
        "type": "Invocation"
      },
      "location-after-char-start": 5267,
      "location-after-char-end": 5313,
      "node-str": "max"
    },
    {
      "type": "insert-node",
      "node": {
        "label": "width",
        "type": "FieldWrite"
      },
      "location-after-char-start": 5406,
      "location-after-char-end": 5417,
      "node-str": "width"
    },
    {
      "type": "insert-node",
      "node": {
        "label": "max",
        "type": "Invocation"
      },
      "location-after-char-start": 5421,
      "location-after-char-end": 5465,
      "node-str": "max"
    },
    {
      "type": "move-subtree",
      "node": {
        "label": "width",
        "type": "FieldWrite"
      },
      "location-before-char-start": 8276,
      "location-before-char-end": 8291,
      "location-after-char-start": 8613,
      "location-after-char-end": 8628,
      "node-str": "width"
    },
    {
      "type": "insert-node",
      "node": {
        "label": "MUL",
        "type": "BinaryOperator"
      },
      "location-after-char-start": 8632,
      "location-after-char-end": 8658,
      "node-str": "MUL"
    },
    {
      "type": "insert-node",
      "node": {
        "label": "fixedHeight",
        "type": "Invocation"
      },
      "location-after-char-start": 8753,
      "location-after-char-end": 8777,
      "node-str": "fixedHeight"
    },
    {
      "type": "insert-node",
      "node": {
        "label": "THEN",
        "type": "then"
      },
      "location-after-char-start": 8780,
      "location-after-char-end": 8839,
      "node-str": "THEN"
    },
    {
      "type": "insert-node",
      "node": {
        "label": "fixedHeight",
        "type": "Invocation"
      },
      "location-after-char-start": 8978,
      "location-after-char-end": 9002,
      "node-str": "fixedHeight"
    },
    {
      "type": "insert-node",
      "node": {
        "label": "THEN",
        "type": "then"
      },
      "location-after-char-start": 9005,
      "location-after-char-end": 9065,
      "node-str": "THEN"
    },
    {
      "type": "insert-node",
      "node": {
        "label": "fixedHeight",
        "type": "Invocation"
      },
      "location-after-char-start": 9172,
      "location-after-char-end": 9196,
      "node-str": "fixedHeight"
    },
    {
      "type": "insert-node",
      "node": {
        "label": "THEN",
        "type": "then"
      },
      "location-after-char-start": 9199,
      "location-after-char-end": 9258,
      "node-str": "THEN"
    },
    {
      "type": "insert-node",
      "node": {
        "label": "ELSE",
        "type": "else"
      },
      "location-after-char-start": 9265,
      "location-after-char-end": 9465,
      "node-str": "ELSE"
    },
    {
      "type": "insert-node",
      "node": {
        "label": "fixedHeight",
        "type": "Invocation"
      },
      "location-after-char-start": 9613,
      "location-after-char-end": 9637,
      "node-str": "fixedHeight"
    },
    {
      "type": "insert-node",
      "node": {
        "label": "THEN",
        "type": "then"
      },
      "location-after-char-start": 9640,
      "location-after-char-end": 9700,
      "node-str": "THEN"
    },
    {
      "type": "insert-node",
      "node": {
        "label": "ELSE",
        "type": "else"
      },
      "location-after-char-start": 9707,
      "location-after-char-end": 9790,
      "node-str": "ELSE"
    },
    {
      "type": "insert-node",
      "node": {
        "label": "isVisible",
        "type": "Invocation"
      },
      "location-after-char-start": 1403,
      "location-after-char-end": 1425,
      "node-str": "isVisible"
    },
    {
      "type": "insert-node",
      "node": {
        "label": "",
        "type": "ArrayRead"
      },
      "location-after-char-start": 1430,
      "location-after-char-end": 1440,
      "node-str": ""
    },
    {
      "type": "insert-node",
      "node": {
        "label": "isVisible",
        "type": "Invocation"
      },
      "location-after-char-start": 1464,
      "location-after-char-end": 1486,
      "node-str": "isVisible"
    },
    {
      "type": "insert-node",
      "node": {
        "label": "",
        "type": "ArrayRead"
      },
      "location-after-char-start": 1491,
      "location-after-char-end": 1501,
      "node-str": ""
    },
    {
      "type": "insert-node",
      "node": {
        "label": "result",
        "type": "VariableWrite"
      },
      "location-after-char-start": 5251,
      "location-after-char-end": 5263,
      "node-str": "result"
    },
    {
      "type": "insert-node",
      "node": {
        "label": "java.lang.Math",
        "type": "TypeAccess"
      },
      "location-after-char-start": 5267,
      "location-after-char-end": 5270,
      "node-str": "java.lang.Math"
    },
    {
      "type": "insert-node",
      "node": {
        "label": "height",
        "type": "FieldRead"
      },
      "location-after-char-start": 5276,
      "location-after-char-end": 5292,
      "node-str": "height"
    },
    {
      "type": "insert-node",
      "node": {
        "label": "height",
        "type": "FieldRead"
      },
      "location-after-char-start": 5295,
      "location-after-char-end": 5312,
      "node-str": "height"
    },
    {
      "type": "insert-node",
      "node": {
        "label": "result",
        "type": "VariableWrite"
      },
      "location-after-char-start": 5406,
      "location-after-char-end": 5417,
      "node-str": "result"
    },
    {
      "type": "insert-node",
      "node": {
        "label": "java.lang.Math",
        "type": "TypeAccess"
      },
      "location-after-char-start": 5421,
      "location-after-char-end": 5424,
      "node-str": "java.lang.Math"
    },
    {
      "type": "insert-node",
      "node": {
        "label": "width",
        "type": "FieldRead"
      },
      "location-after-char-start": 5430,
      "location-after-char-end": 5445,
      "node-str": "width"
    },
    {
      "type": "insert-node",
      "node": {
        "label": "width",
        "type": "FieldRead"
      },
      "location-after-char-start": 5448,
      "location-after-char-end": 5464,
      "node-str": "width"
    },
    {
      "type": "insert-node",
      "node": {
        "label": "ratio",
        "type": "VariableRead"
      },
      "location-after-char-start": 8638,
      "location-after-char-end": 8642,
      "node-str": "ratio"
    },
    {
      "type": "move-subtree",
      "node": {
        "label": "width",
        "type": "FieldRead"
      },
      "location-before-char-start": 8324,
      "location-before-char-end": 8335,
      "location-after-char-start": 8646,
      "location-after-char-end": 8657,
      "node-str": "width"
    },
    {
      "type": "insert-node",
      "node": {
        "label": "",
        "type": "ArrayRead"
      },
      "location-after-char-start": 8753,
      "location-after-char-end": 8763,
      "node-str": ""
    },
    {
      "type": "insert-node",
      "node": {
        "label": "\u003d",
        "type": "Assignment"
      },
      "location-after-char-start": 8785,
      "location-after-char-end": 8835,
      "node-str": "\u003d"
    },
    {
      "type": "insert-node",
      "node": {
        "label": "",
        "type": "ArrayRead"
      },
      "location-after-char-start": 8978,
      "location-after-char-end": 8988,
      "node-str": ""
    },
    {
      "type": "insert-node",
      "node": {
        "label": "\u003d",
        "type": "Assignment"
      },
      "location-after-char-start": 9010,
      "location-after-char-end": 9061,
      "node-str": "\u003d"
    },
    {
      "type": "insert-node",
      "node": {
        "label": "",
        "type": "ArrayRead"
      },
      "location-after-char-start": 9172,
      "location-after-char-end": 9182,
      "node-str": ""
    },
    {
      "type": "insert-node",
      "node": {
        "label": "\u003d",
        "type": "Assignment"
      },
      "location-after-char-start": 9204,
      "location-after-char-end": 9254,
      "node-str": "\u003d"
    },
    {
      "type": "insert-node",
      "node": {
        "label": "if",
        "type": "If"
      },
      "location-after-char-start": 9274,
      "location-after-char-end": 9461,
      "node-str": "if"
    },
    {
      "type": "insert-node",
      "node": {
        "label": "",
        "type": "ArrayRead"
      },
      "location-after-char-start": 9613,
      "location-after-char-end": 9623,
      "node-str": ""
    },
    {
      "type": "insert-node",
      "node": {
        "label": "\u003d",
        "type": "Assignment"
      },
      "location-after-char-start": 9645,
      "location-after-char-end": 9696,
      "node-str": "\u003d"
    },
    {
      "type": "move-subtree",
      "node": {
        "label": "\u003d",
        "type": "Assignment"
      },
      "location-before-char-start": 8849,
      "location-before-char-end": 8923,
      "location-after-char-start": 9712,
      "location-after-char-end": 9786,
      "node-str": "\u003d"
    },
    {
      "type": "insert-node",
      "node": {
        "label": "",
        "type": "ArrayRead"
      },
      "location-after-char-start": 1403,
      "location-after-char-end": 1413,
      "node-str": ""
    },
    {
      "type": "insert-node",
      "node": {
        "label": "children",
        "type": "FieldRead"
      },
      "location-after-char-start": 1430,
      "location-after-char-end": 1437,
      "node-str": "children"
    },
    {
      "type": "insert-node",
      "node": {
        "label": "0",
        "type": "Literal"
      },
      "location-after-char-start": 1439,
      "location-after-char-end": 1439,
      "node-str": "0"
    },
    {
      "type": "insert-node",
      "node": {
        "label": "",
        "type": "ArrayRead"
      },
      "location-after-char-start": 1464,
      "location-after-char-end": 1474,
      "node-str": ""
    },
    {
      "type": "insert-node",
      "node": {
        "label": "children",
        "type": "FieldRead"
      },
      "location-after-char-start": 1491,
      "location-after-char-end": 1498,
      "node-str": "children"
    },
    {
      "type": "insert-node",
      "node": {
        "label": "1",
        "type": "Literal"
      },
      "location-after-char-start": 1500,
      "location-after-char-end": 1500,
      "node-str": "1"
    },
    {
      "type": "insert-node",
      "node": {
        "label": "leftBounds",
        "type": "VariableRead"
      },
      "location-after-char-start": 5276,
      "location-after-char-end": 5292,
      "node-str": "leftBounds"
    },
    {
      "type": "insert-node",
      "node": {
        "label": "rightBounds",
        "type": "VariableRead"
      },
      "location-after-char-start": 5295,
      "location-after-char-end": 5312,
      "node-str": "rightBounds"
    },
    {
      "type": "insert-node",
      "node": {
        "label": "leftBounds",
        "type": "VariableRead"
      },
      "location-after-char-start": 5430,
      "location-after-char-end": 5445,
      "node-str": "leftBounds"
    },
    {
      "type": "insert-node",
      "node": {
        "label": "rightBounds",
        "type": "VariableRead"
      },
      "location-after-char-start": 5448,
      "location-after-char-end": 5464,
      "node-str": "rightBounds"
    },
    {
      "type": "insert-node",
      "node": {
        "label": "children",
        "type": "FieldRead"
      },
      "location-after-char-start": 8753,
      "location-after-char-end": 8760,
      "node-str": "children"
    },
    {
      "type": "insert-node",
      "node": {
        "label": "0",
        "type": "Literal"
      },
      "location-after-char-start": 8762,
      "location-after-char-end": 8762,
      "node-str": "0"
    },
    {
      "type": "insert-node",
      "node": {
        "label": "height",
        "type": "FieldWrite"
      },
      "location-after-char-start": 8785,
      "location-after-char-end": 8801,
      "node-str": "height"
    },
    {
      "type": "insert-node",
      "node": {
        "label": "height",
        "type": "FieldRead"
      },
      "location-after-char-start": 8805,
      "location-after-char-end": 8834,
      "node-str": "height"
    },
    {
      "type": "insert-node",
      "node": {
        "label": "children",
        "type": "FieldRead"
      },
      "location-after-char-start": 8978,
      "location-after-char-end": 8985,
      "node-str": "children"
    },
    {
      "type": "insert-node",
      "node": {
        "label": "1",
        "type": "Literal"
      },
      "location-after-char-start": 8987,
      "location-after-char-end": 8987,
      "node-str": "1"
    },
    {
      "type": "insert-node",
      "node": {
        "label": "height",
        "type": "FieldWrite"
      },
      "location-after-char-start": 9010,
      "location-after-char-end": 9027,
      "node-str": "height"
    },
    {
      "type": "insert-node",
      "node": {
        "label": "height",
        "type": "FieldRead"
      },
      "location-after-char-start": 9031,
      "location-after-char-end": 9060,
      "node-str": "height"
    },
    {
      "type": "insert-node",
      "node": {
        "label": "children",
        "type": "FieldRead"
      },
      "location-after-char-start": 9172,
      "location-after-char-end": 9179,
      "node-str": "children"
    },
    {
      "type": "insert-node",
      "node": {
        "label": "0",
        "type": "Literal"
      },
      "location-after-char-start": 9181,
      "location-after-char-end": 9181,
      "node-str": "0"
    },
    {
      "type": "move-subtree",
      "node": {
        "label": "height",
        "type": "FieldWrite"
      },
      "location-before-char-start": 8645,
      "location-before-char-end": 8661,
      "location-after-char-start": 9204,
      "location-after-char-end": 9220,
      "node-str": "height"
    },
    {
      "type": "insert-node",
      "node": {
        "label": "height",
        "type": "FieldRead"
      },
      "location-after-char-start": 9224,
      "location-after-char-end": 9253,
      "node-str": "height"
    },
    {
      "type": "insert-node",
      "node": {
        "label": "fixedHeight",
        "type": "Invocation"
      },
      "location-after-char-start": 9278,
      "location-after-char-end": 9302,
      "node-str": "fixedHeight"
    },
    {
      "type": "insert-node",
      "node": {
        "label": "THEN",
        "type": "then"
      },
      "location-after-char-start": 9305,
      "location-after-char-end": 9395,
      "node-str": "THEN"
    },
    {
      "type": "insert-node",
      "node": {
        "label": "ELSE",
        "type": "else"
      },
      "location-after-char-start": 9402,
      "location-after-char-end": 9461,
      "node-str": "ELSE"
    },
    {
      "type": "insert-node",
      "node": {
        "label": "children",
        "type": "FieldRead"
      },
      "location-after-char-start": 9613,
      "location-after-char-end": 9620,
      "node-str": "children"
    },
    {
      "type": "insert-node",
      "node": {
        "label": "1",
        "type": "Literal"
      },
      "location-after-char-start": 9622,
      "location-after-char-end": 9622,
      "node-str": "1"
    },
    {
      "type": "insert-node",
      "node": {
        "label": "height",
        "type": "FieldWrite"
      },
      "location-after-char-start": 9645,
      "location-after-char-end": 9662,
      "node-str": "height"
    },
    {
      "type": "insert-node",
      "node": {
        "label": "height",
        "type": "FieldRead"
      },
      "location-after-char-start": 9666,
      "location-after-char-end": 9695,
      "node-str": "height"
    },
    {
      "type": "insert-node",
      "node": {
        "label": "children",
        "type": "FieldRead"
      },
      "location-after-char-start": 1403,
      "location-after-char-end": 1410,
      "node-str": "children"
    },
    {
      "type": "insert-node",
      "node": {
        "label": "0",
        "type": "Literal"
      },
      "location-after-char-start": 1412,
      "location-after-char-end": 1412,
      "node-str": "0"
    },
    {
      "type": "insert-node",
      "node": {
        "label": "org.eclipse.ui.internal.LayoutTreeNode",
        "type": "TypeAccess"
      },
      "location-after-char-start": 0,
      "location-after-char-end": 0,
      "node-str": "org.eclipse.ui.internal.LayoutTreeNode"
    },
    {
      "type": "insert-node",
      "node": {
        "label": "children",
        "type": "FieldRead"
      },
      "location-after-char-start": 1464,
      "location-after-char-end": 1471,
      "node-str": "children"
    },
    {
      "type": "insert-node",
      "node": {
        "label": "1",
        "type": "Literal"
      },
      "location-after-char-start": 1473,
      "location-after-char-end": 1473,
      "node-str": "1"
    },
    {
      "type": "insert-node",
      "node": {
        "label": "org.eclipse.ui.internal.LayoutTreeNode",
        "type": "TypeAccess"
      },
      "location-after-char-start": 0,
      "location-after-char-end": 0,
      "node-str": "org.eclipse.ui.internal.LayoutTreeNode"
    },
    {
      "type": "insert-node",
      "node": {
        "label": "org.eclipse.ui.internal.LayoutTreeNode",
        "type": "TypeAccess"
      },
      "location-after-char-start": 0,
      "location-after-char-end": 0,
      "node-str": "org.eclipse.ui.internal.LayoutTreeNode"
    },
    {
      "type": "insert-node",
      "node": {
        "label": "leftBounds",
        "type": "VariableWrite"
      },
      "location-after-char-start": 8785,
      "location-after-char-end": 8801,
      "node-str": "leftBounds"
    },
    {
      "type": "insert-node",
      "node": {
        "label": "getBounds",
        "type": "Invocation"
      },
      "location-after-char-start": 8805,
      "location-after-char-end": 8827,
      "node-str": "getBounds"
    },
    {
      "type": "insert-node",
      "node": {
        "label": "org.eclipse.ui.internal.LayoutTreeNode",
        "type": "TypeAccess"
      },
      "location-after-char-start": 0,
      "location-after-char-end": 0,
      "node-str": "org.eclipse.ui.internal.LayoutTreeNode"
    },
    {
      "type": "insert-node",
      "node": {
        "label": "rightBounds",
        "type": "VariableWrite"
      },
      "location-after-char-start": 9010,
      "location-after-char-end": 9027,
      "node-str": "rightBounds"
    },
    {
      "type": "insert-node",
      "node": {
        "label": "getBounds",
        "type": "Invocation"
      },
      "location-after-char-start": 9031,
      "location-after-char-end": 9053,
      "node-str": "getBounds"
    },
    {
      "type": "insert-node",
      "node": {
        "label": "org.eclipse.ui.internal.LayoutTreeNode",
        "type": "TypeAccess"
      },
      "location-after-char-start": 0,
      "location-after-char-end": 0,
      "node-str": "org.eclipse.ui.internal.LayoutTreeNode"
    },
    {
      "type": "insert-node",
      "node": {
        "label": "getBounds",
        "type": "Invocation"
      },
      "location-after-char-start": 9224,
      "location-after-char-end": 9246,
      "node-str": "getBounds"
    },
    {
      "type": "insert-node",
      "node": {
        "label": "",
        "type": "ArrayRead"
      },
      "location-after-char-start": 9278,
      "location-after-char-end": 9288,
      "node-str": ""
    },
    {
      "type": "insert-node",
      "node": {
        "label": "\u003d",
        "type": "Assignment"
      },
      "location-after-char-start": 9311,
      "location-after-char-end": 9390,
      "node-str": "\u003d"
    },
    {
      "type": "insert-node",
      "node": {
        "label": "\u003d",
        "type": "Assignment"
      },
      "location-after-char-start": 9408,
      "location-after-char-end": 9456,
      "node-str": "\u003d"
    },
    {
      "type": "insert-node",
      "node": {
        "label": "org.eclipse.ui.internal.LayoutTreeNode",
        "type": "TypeAccess"
      },
      "location-after-char-start": 0,
      "location-after-char-end": 0,
      "node-str": "org.eclipse.ui.internal.LayoutTreeNode"
    },
    {
      "type": "insert-node",
      "node": {
        "label": "rightBounds",
        "type": "VariableWrite"
      },
      "location-after-char-start": 9645,
      "location-after-char-end": 9662,
      "node-str": "rightBounds"
    },
    {
      "type": "insert-node",
      "node": {
        "label": "getBounds",
        "type": "Invocation"
      },
      "location-after-char-start": 9666,
      "location-after-char-end": 9688,
      "node-str": "getBounds"
    },
    {
      "type": "insert-node",
      "node": {
        "label": "org.eclipse.ui.internal.LayoutTreeNode",
        "type": "TypeAccess"
      },
      "location-after-char-start": 0,
      "location-after-char-end": 0,
      "node-str": "org.eclipse.ui.internal.LayoutTreeNode"
    },
    {
      "type": "insert-node",
      "node": {
        "label": "org.eclipse.ui.internal.LayoutTreeNode",
        "type": "TypeAccess"
      },
      "location-after-char-start": 0,
      "location-after-char-end": 0,
      "node-str": "org.eclipse.ui.internal.LayoutTreeNode"
    },
    {
      "type": "insert-node",
      "node": {
        "label": "",
        "type": "ArrayRead"
      },
      "location-after-char-start": 8805,
      "location-after-char-end": 8815,
      "node-str": ""
    },
    {
      "type": "insert-node",
      "node": {
        "label": "",
        "type": "ArrayRead"
      },
      "location-after-char-start": 9031,
      "location-after-char-end": 9041,
      "node-str": ""
    },
    {
      "type": "insert-node",
      "node": {
        "label": "",
        "type": "ArrayRead"
      },
      "location-after-char-start": 9224,
      "location-after-char-end": 9234,
      "node-str": ""
    },
    {
      "type": "insert-node",
      "node": {
        "label": "children",
        "type": "FieldRead"
      },
      "location-after-char-start": 9278,
      "location-after-char-end": 9285,
      "node-str": "children"
    },
    {
      "type": "insert-node",
      "node": {
        "label": "1",
        "type": "Literal"
      },
      "location-after-char-start": 9287,
      "location-after-char-end": 9287,
      "node-str": "1"
    },
    {
      "type": "insert-node",
      "node": {
        "label": "height",
        "type": "FieldWrite"
      },
      "location-after-char-start": 9311,
      "location-after-char-end": 9327,
      "node-str": "height"
    },
    {
      "type": "insert-node",
      "node": {
        "label": "MINUS",
        "type": "BinaryOperator"
      },
      "location-after-char-start": 9331,
      "location-after-char-end": 9389,
      "node-str": "MINUS"
    },
    {
      "type": "insert-node",
      "node": {
        "label": "height",
        "type": "FieldWrite"
      },
      "location-after-char-start": 9408,
      "location-after-char-end": 9424,
      "node-str": "height"
    },
    {
      "type": "insert-node",
      "node": {
        "label": "MUL",
        "type": "BinaryOperator"
      },
      "location-after-char-start": 9428,
      "location-after-char-end": 9455,
      "node-str": "MUL"
    },
    {
      "type": "insert-node",
      "node": {
        "label": "",
        "type": "ArrayRead"
      },
      "location-after-char-start": 9666,
      "location-after-char-end": 9676,
      "node-str": ""
    },
    {
      "type": "insert-node",
      "node": {
        "label": "children",
        "type": "FieldRead"
      },
      "location-after-char-start": 8805,
      "location-after-char-end": 8812,
      "node-str": "children"
    },
    {
      "type": "insert-node",
      "node": {
        "label": "0",
        "type": "Literal"
      },
      "location-after-char-start": 8814,
      "location-after-char-end": 8814,
      "node-str": "0"
    },
    {
      "type": "insert-node",
      "node": {
        "label": "children",
        "type": "FieldRead"
      },
      "location-after-char-start": 9031,
      "location-after-char-end": 9038,
      "node-str": "children"
    },
    {
      "type": "insert-node",
      "node": {
        "label": "1",
        "type": "Literal"
      },
      "location-after-char-start": 9040,
      "location-after-char-end": 9040,
      "node-str": "1"
    },
    {
      "type": "insert-node",
      "node": {
        "label": "children",
        "type": "FieldRead"
      },
      "location-after-char-start": 9224,
      "location-after-char-end": 9231,
      "node-str": "children"
    },
    {
      "type": "insert-node",
      "node": {
        "label": "0",
        "type": "Literal"
      },
      "location-after-char-start": 9233,
      "location-after-char-end": 9233,
      "node-str": "0"
    },
    {
      "type": "insert-node",
      "node": {
        "label": "org.eclipse.ui.internal.LayoutTreeNode",
        "type": "TypeAccess"
      },
      "location-after-char-start": 0,
      "location-after-char-end": 0,
      "node-str": "org.eclipse.ui.internal.LayoutTreeNode"
    },
    {
      "type": "insert-node",
      "node": {
        "label": "leftBounds",
        "type": "VariableWrite"
      },
      "location-after-char-start": 9311,
      "location-after-char-end": 9327,
      "node-str": "leftBounds"
    },
    {
      "type": "insert-node",
      "node": {
        "label": "MINUS",
        "type": "BinaryOperator"
      },
      "location-after-char-start": 9331,
      "location-after-char-end": 9376,
      "node-str": "MINUS"
    },
    {
      "type": "insert-node",
      "node": {
        "label": "SASH_WIDTH",
        "type": "FieldRead"
      },
      "location-after-char-start": 9380,
      "location-after-char-end": 9389,
      "node-str": "SASH_WIDTH"
    },
    {
      "type": "insert-node",
      "node": {
        "label": "leftBounds",
        "type": "VariableWrite"
      },
      "location-after-char-start": 9408,
      "location-after-char-end": 9424,
      "node-str": "leftBounds"
    },
    {
      "type": "insert-node",
      "node": {
        "label": "ratio",
        "type": "VariableRead"
      },
      "location-after-char-start": 9434,
      "location-after-char-end": 9438,
      "node-str": "ratio"
    },
    {
      "type": "move-subtree",
      "node": {
        "label": "height",
        "type": "FieldRead"
      },
      "location-before-char-start": 8694,
      "location-before-char-end": 8706,
      "location-after-char-start": 9442,
      "location-after-char-end": 9454,
      "node-str": "height"
    },
    {
      "type": "insert-node",
      "node": {
        "label": "children",
        "type": "FieldRead"
      },
      "location-after-char-start": 9666,
      "location-after-char-end": 9673,
      "node-str": "children"
    },
    {
      "type": "insert-node",
      "node": {
        "label": "1",
        "type": "Literal"
      },
      "location-after-char-start": 9675,
      "location-after-char-end": 9675,
      "node-str": "1"
    },
    {
      "type": "insert-node",
      "node": {
        "label": "org.eclipse.ui.internal.LayoutTreeNode",
        "type": "TypeAccess"
      },
      "location-after-char-start": 0,
      "location-after-char-end": 0,
      "node-str": "org.eclipse.ui.internal.LayoutTreeNode"
    },
    {
      "type": "insert-node",
      "node": {
        "label": "org.eclipse.ui.internal.LayoutTreeNode",
        "type": "TypeAccess"
      },
      "location-after-char-start": 0,
      "location-after-char-end": 0,
      "node-str": "org.eclipse.ui.internal.LayoutTreeNode"
    },
    {
      "type": "insert-node",
      "node": {
        "label": "org.eclipse.ui.internal.LayoutTreeNode",
        "type": "TypeAccess"
      },
      "location-after-char-start": 0,
      "location-after-char-end": 0,
      "node-str": "org.eclipse.ui.internal.LayoutTreeNode"
    },
    {
      "type": "insert-node",
      "node": {
        "label": "height",
        "type": "FieldRead"
      },
      "location-after-char-start": 9331,
      "location-after-char-end": 9343,
      "node-str": "height"
    },
    {
      "type": "insert-node",
      "node": {
        "label": "height",
        "type": "FieldRead"
      },
      "location-after-char-start": 9347,
      "location-after-char-end": 9376,
      "node-str": "height"
    },
    {
      "type": "insert-node",
      "node": {
        "label": "org.eclipse.ui.internal.LayoutTreeNode",
        "type": "TypeAccess"
      },
      "location-after-char-start": 0,
      "location-after-char-end": 0,
      "node-str": "org.eclipse.ui.internal.LayoutTreeNode"
    },
    {
      "type": "insert-node",
      "node": {
        "label": "bounds",
        "type": "VariableRead"
      },
      "location-after-char-start": 9331,
      "location-after-char-end": 9343,
      "node-str": "bounds"
    },
    {
      "type": "insert-node",
      "node": {
        "label": "getBounds",
        "type": "Invocation"
      },
      "location-after-char-start": 9347,
      "location-after-char-end": 9369,
      "node-str": "getBounds"
    },
    {
      "type": "insert-node",
      "node": {
        "label": "",
        "type": "ArrayRead"
      },
      "location-after-char-start": 9347,
      "location-after-char-end": 9357,
      "node-str": ""
    },
    {
      "type": "insert-node",
      "node": {
        "label": "children",
        "type": "FieldRead"
      },
      "location-after-char-start": 9347,
      "location-after-char-end": 9354,
      "node-str": "children"
    },
    {
      "type": "insert-node",
      "node": {
        "label": "1",
        "type": "Literal"
      },
      "location-after-char-start": 9356,
      "location-after-char-end": 9356,
      "node-str": "1"
    },
    {
      "type": "insert-node",
      "node": {
        "label": "org.eclipse.ui.internal.LayoutTreeNode",
        "type": "TypeAccess"
      },
      "location-after-char-start": 0,
      "location-after-char-end": 0,
      "node-str": "org.eclipse.ui.internal.LayoutTreeNode"
    },
    {
      "type": "delete-node",
      "node": {
        "label": "MUL",
        "type": "BinaryOperator"
      },
      "location-before-char-start": 8295,
      "location-before-char-end": 8336,
      "node-str": "MUL"
    },
    {
      "type": "delete-node",
      "node": {
        "label": "\u003d",
        "type": "Assignment"
      },
      "location-before-char-start": 8276,
      "location-before-char-end": 8337,
      "node-str": "\u003d"
    },
    {
      "type": "delete-node",
      "node": {
        "label": "THEN",
        "type": "then"
      },
      "location-before-char-start": 8248,
      "location-before-char-end": 8609,
      "node-str": "THEN"
    },
    {
      "type": "delete-node",
      "node": {
        "label": "org.eclipse.ui.internal.LayoutTreeNode",
        "type": "TypeAccess"
      },
      "location-before-char-start": 0,
      "location-before-char-end": 0,
      "node-str": "org.eclipse.ui.internal.LayoutTreeNode"
    },
    {
      "type": "delete-node",
      "node": {
        "label": "getSash",
        "type": "Invocation"
      },
      "location-before-char-start": 8671,
      "location-before-char-end": 8679,
      "node-str": "getSash"
    },
    {
      "type": "delete-node",
      "node": {
        "label": "getRatio",
        "type": "Invocation"
      },
      "location-before-char-start": 8671,
      "location-before-char-end": 8690,
      "node-str": "getRatio"
    },
    {
      "type": "delete-node",
      "node": {
        "label": "MUL",
        "type": "BinaryOperator"
      },
      "location-before-char-start": 8665,
      "location-before-char-end": 8707,
      "node-str": "MUL"
    },
    {
      "type": "delete-node",
      "node": {
        "label": "\u003d",
        "type": "Assignment"
      },
      "location-before-char-start": 8645,
      "location-before-char-end": 8708,
      "node-str": "\u003d"
    },
    {
      "type": "delete-node",
      "node": {
        "label": "ELSE",
        "type": "else"
      },
      "location-before-char-start": 8616,
      "location-before-char-end": 8988,
      "node-str": "ELSE"
    },
    {
      "type": "delete-node",
      "node": {
        "label": "if",
        "type": "If"
      },
      "location-before-char-start": 8221,
      "location-before-char-end": 8988,
      "node-str": "if"
    }
  ],
  "before-file": {},
  "after-file": {},
  "mapping": {}
}