{
  "tool-info": {},
  "diff": [
    {
      "type": "insert-node",
      "node": {
        "label": "SelectAddressDialog",
        "type": "Class"
      },
      "location-after-char-start": 2166,
      "location-after-char-end": 15576,
      "node-str": "SelectAddressDialog"
    },
    {
      "type": "insert-node",
      "node": {
        "label": "public",
        "type": "Modifier"
      },
      "location-after-char-start": 0,
      "location-after-char-end": 0,
      "node-str": "public"
    },
    {
      "type": "insert-node",
      "node": {
        "label": "",
        "type": "TypeReference"
      },
      "location-after-char-start": 2207,
      "location-after-char-end": 2213,
      "node-str": ""
    },
    {
      "type": "insert-node",
      "node": {
        "label": "toList",
        "type": "Field"
      },
      "location-after-char-start": 2247,
      "location-after-char-end": 2304,
      "node-str": "toList"
    },
    {
      "type": "insert-node",
      "node": {
        "label": "ccList",
        "type": "Field"
      },
      "location-after-char-start": 2308,
      "location-after-char-end": 2345,
      "node-str": "ccList"
    },
    {
      "type": "insert-node",
      "node": {
        "label": "bccList",
        "type": "Field"
      },
      "location-after-char-start": 2349,
      "location-after-char-end": 2387,
      "node-str": "bccList"
    },
    {
      "type": "insert-node",
      "node": {
        "label": "addressbook",
        "type": "Field"
      },
      "location-after-char-start": 2391,
      "location-after-char-end": 2454,
      "node-str": "addressbook"
    },
    {
      "type": "insert-node",
      "node": {
        "label": "toButton",
        "type": "Field"
      },
      "location-after-char-start": 2458,
      "location-after-char-end": 2521,
      "node-str": "toButton"
    },
    {
      "type": "insert-node",
      "node": {
        "label": "ccButton",
        "type": "Field"
      },
      "location-after-char-start": 2525,
      "location-after-char-end": 2549,
      "node-str": "ccButton"
    },
    {
      "type": "insert-node",
      "node": {
        "label": "bccButton",
        "type": "Field"
      },
      "location-after-char-start": 2553,
      "location-after-char-end": 2578,
      "node-str": "bccButton"
    },
    {
      "type": "insert-node",
      "node": {
        "label": "toRemoveButton",
        "type": "Field"
      },
      "location-after-char-start": 2582,
      "location-after-char-end": 2612,
      "node-str": "toRemoveButton"
    },
    {
      "type": "insert-node",
      "node": {
        "label": "ccRemoveButton",
        "type": "Field"
      },
      "location-after-char-start": 2616,
      "location-after-char-end": 2646,
      "node-str": "ccRemoveButton"
    },
    {
      "type": "insert-node",
      "node": {
        "label": "bccRemoveButton",
        "type": "Field"
      },
      "location-after-char-start": 2650,
      "location-after-char-end": 2681,
      "node-str": "bccRemoveButton"
    },
    {
      "type": "insert-node",
      "node": {
        "label": "toLabel",
        "type": "Field"
      },
      "location-after-char-start": 2685,
      "location-after-char-end": 2718,
      "node-str": "toLabel"
    },
    {
      "type": "insert-node",
      "node": {
        "label": "ccLabel",
        "type": "Field"
      },
      "location-after-char-start": 2722,
      "location-after-char-end": 2744,
      "node-str": "ccLabel"
    },
    {
      "type": "insert-node",
      "node": {
        "label": "bccLabel",
        "type": "Field"
      },
      "location-after-char-start": 2748,
      "location-after-char-end": 2771,
      "node-str": "bccLabel"
    },
    {
      "type": "insert-node",
      "node": {
        "label": "chooseButton",
        "type": "Field"
      },
      "location-after-char-start": 2775,
      "location-after-char-end": 2826,
      "node-str": "chooseButton"
    },
    {
      "type": "insert-node",
      "node": {
        "label": "chooseLabel",
        "type": "Field"
      },
      "location-after-char-start": 2830,
      "location-after-char-end": 2856,
      "node-str": "chooseLabel"
    },
    {
      "type": "insert-node",
      "node": {
        "label": "dialogAddressbookListModel",
        "type": "Field"
      },
      "location-after-char-start": 2860,
      "location-after-char-end": 2961,
      "node-str": "dialogAddressbookListModel"
    },
    {
      "type": "insert-node",
      "node": {
        "label": "headerItemList",
        "type": "Field"
      },
      "location-after-char-start": 2965,
      "location-after-char-end": 3004,
      "node-str": "headerItemList"
    },
    {
      "type": "insert-node",
      "node": {
        "label": "cancelButton",
        "type": "Field"
      },
      "location-after-char-start": 3008,
      "location-after-char-end": 3047,
      "node-str": "cancelButton"
    },
    {
      "type": "insert-node",
      "node": {
        "label": "okButton",
        "type": "Field"
      },
      "location-after-char-start": 3051,
      "location-after-char-end": 3086,
      "node-str": "okButton"
    },
    {
      "type": "insert-node",
      "node": {
        "label": "success",
        "type": "Field"
      },
      "location-after-char-start": 3090,
      "location-after-char-end": 3113,
      "node-str": "success"
    },
    {
      "type": "insert-node",
      "node": {
        "label": "\u003cinit\u003e",
        "type": "Constructor"
      },
      "location-after-char-start": 3117,
      "location-after-char-end": 3703,
      "node-str": "\u003cinit\u003e"
    },
    {
      "type": "move-subtree",
      "node": {
        "label": "getHeaderItemLists",
        "type": "Method"
      },
      "location-before-char-start": 3652,
      "location-before-char-end": 3725,
      "location-after-char-start": 3707,
      "location-after-char-end": 3780,
      "node-str": "getHeaderItemLists"
    },
    {
      "type": "move-subtree",
      "node": {
        "label": "createButtonPanel",
        "type": "Method"
      },
      "location-before-char-start": 3729,
      "location-before-char-end": 4193,
      "location-after-char-start": 3784,
      "location-after-char-end": 4248,
      "node-str": "createButtonPanel"
    },
    {
      "type": "move-subtree",
      "node": {
        "label": "createRemoveButtonPanel",
        "type": "Method"
      },
      "location-before-char-start": 4196,
      "location-before-char-end": 4684,
      "location-after-char-start": 4251,
      "location-after-char-end": 4739,
      "node-str": "createRemoveButtonPanel"
    },
    {
      "type": "move-subtree",
      "node": {
        "label": "createAddressbookPanel",
        "type": "Method"
      },
      "location-before-char-start": 4688,
      "location-before-char-end": 5323,
      "location-after-char-start": 4743,
      "location-after-char-end": 5378,
      "node-str": "createAddressbookPanel"
    },
    {
      "type": "move-subtree",
      "node": {
        "label": "createRecipientsPanel",
        "type": "Method"
      },
      "location-before-char-start": 5327,
      "location-before-char-end": 6067,
      "location-after-char-start": 5382,
      "location-after-char-end": 6122,
      "node-str": "createRecipientsPanel"
    },
    {
      "type": "move-subtree",
      "node": {
        "label": "layoutComponents",
        "type": "Method"
      },
      "location-before-char-start": 6071,
      "location-before-char-end": 7110,
      "location-after-char-start": 6126,
      "location-after-char-end": 7165,
      "node-str": "layoutComponents"
    },
    {
      "type": "move-subtree",
      "node": {
        "label": "initComponents",
        "type": "Method"
      },
      "location-before-char-start": 7114,
      "location-before-char-end": 12009,
      "location-after-char-start": 7169,
      "location-after-char-end": 12064,
      "node-str": "initComponents"
    },
    {
      "type": "move-subtree",
      "node": {
        "label": "isSuccess",
        "type": "Method"
      },
      "location-before-char-start": 12013,
      "location-before-char-end": 12104,
      "location-after-char-start": 12068,
      "location-after-char-end": 12159,
      "node-str": "isSuccess"
    },
    {
      "type": "insert-node",
      "node": {
        "label": "actionPerformed",
        "type": "Method"
      },
      "location-after-char-start": 12163,
      "location-after-char-end": 15574,
      "node-str": "actionPerformed"
    },
    {
      "type": "insert-node",
      "node": {
        "label": "javax.swing.JDialog",
        "type": "SUPER_TYPE"
      },
      "location-after-char-start": 0,
      "location-after-char-end": 0,
      "node-str": "javax.swing.JDialog"
    },
    {
      "type": "insert-node",
      "node": {
        "label": "org.columba.addressbook.gui.list.AddressbookDNDListView",
        "type": "VARIABLE_TYPE"
      },
      "location-after-char-start": 0,
      "location-after-char-end": 0,
      "node-str": "org.columba.addressbook.gui.list.AddressbookDNDListView"
    },
    {
      "type": "insert-node",
      "node": {
        "label": "org.columba.addressbook.gui.list.AddressbookDNDListView",
        "type": "VARIABLE_TYPE"
      },
      "location-after-char-start": 0,
      "location-after-char-end": 0,
      "node-str": "org.columba.addressbook.gui.list.AddressbookDNDListView"
    },
    {
      "type": "insert-node",
      "node": {
        "label": "org.columba.addressbook.gui.list.AddressbookDNDListView",
        "type": "VARIABLE_TYPE"
      },
      "location-after-char-start": 0,
      "location-after-char-end": 0,
      "node-str": "org.columba.addressbook.gui.list.AddressbookDNDListView"
    },
    {
      "type": "insert-node",
      "node": {
        "label": "org.columba.addressbook.gui.list.AddressbookDNDListView",
        "type": "VARIABLE_TYPE"
      },
      "location-after-char-start": 0,
      "location-after-char-end": 0,
      "node-str": "org.columba.addressbook.gui.list.AddressbookDNDListView"
    },
    {
      "type": "insert-node",
      "node": {
        "label": "javax.swing.JButton",
        "type": "VARIABLE_TYPE"
      },
      "location-after-char-start": 0,
      "location-after-char-end": 0,
      "node-str": "javax.swing.JButton"
    },
    {
      "type": "insert-node",
      "node": {
        "label": "javax.swing.JButton",
        "type": "VARIABLE_TYPE"
      },
      "location-after-char-start": 0,
      "location-after-char-end": 0,
      "node-str": "javax.swing.JButton"
    },
    {
      "type": "insert-node",
      "node": {
        "label": "javax.swing.JButton",
        "type": "VARIABLE_TYPE"
      },
      "location-after-char-start": 0,
      "location-after-char-end": 0,
      "node-str": "javax.swing.JButton"
    },
    {
      "type": "insert-node",
      "node": {
        "label": "javax.swing.JButton",
        "type": "VARIABLE_TYPE"
      },
      "location-after-char-start": 0,
      "location-after-char-end": 0,
      "node-str": "javax.swing.JButton"
    },
    {
      "type": "insert-node",
      "node": {
        "label": "javax.swing.JButton",
        "type": "VARIABLE_TYPE"
      },
      "location-after-char-start": 0,
      "location-after-char-end": 0,
      "node-str": "javax.swing.JButton"
    },
    {
      "type": "insert-node",
      "node": {
        "label": "javax.swing.JButton",
        "type": "VARIABLE_TYPE"
      },
      "location-after-char-start": 0,
      "location-after-char-end": 0,
      "node-str": "javax.swing.JButton"
    },
    {
      "type": "insert-node",
      "node": {
        "label": "javax.swing.JLabel",
        "type": "VARIABLE_TYPE"
      },
      "location-after-char-start": 0,
      "location-after-char-end": 0,
      "node-str": "javax.swing.JLabel"
    },
    {
      "type": "insert-node",
      "node": {
        "label": "javax.swing.JLabel",
        "type": "VARIABLE_TYPE"
      },
      "location-after-char-start": 0,
      "location-after-char-end": 0,
      "node-str": "javax.swing.JLabel"
    },
    {
      "type": "insert-node",
      "node": {
        "label": "javax.swing.JLabel",
        "type": "VARIABLE_TYPE"
      },
      "location-after-char-start": 0,
      "location-after-char-end": 0,
      "node-str": "javax.swing.JLabel"
    },
    {
      "type": "insert-node",
      "node": {
        "label": "javax.swing.JButton",
        "type": "VARIABLE_TYPE"
      },
      "location-after-char-start": 0,
      "location-after-char-end": 0,
      "node-str": "javax.swing.JButton"
    },
    {
      "type": "insert-node",
      "node": {
        "label": "javax.swing.JLabel",
        "type": "VARIABLE_TYPE"
      },
      "location-after-char-start": 0,
      "location-after-char-end": 0,
      "node-str": "javax.swing.JLabel"
    },
    {
      "type": "insert-node",
      "node": {
        "label": "org.columba.addressbook.gui.list.AddressbookListModel[]",
        "type": "VARIABLE_TYPE"
      },
      "location-after-char-start": 0,
      "location-after-char-end": 0,
      "node-str": "org.columba.addressbook.gui.list.AddressbookListModel[]"
    },
    {
      "type": "insert-node",
      "node": {
        "label": "org.columba.addressbook.model.HeaderItemList[]",
        "type": "VARIABLE_TYPE"
      },
      "location-after-char-start": 0,
      "location-after-char-end": 0,
      "node-str": "org.columba.addressbook.model.HeaderItemList[]"
    },
    {
      "type": "insert-node",
      "node": {
        "label": "org.columba.core.gui.util.ButtonWithMnemonic",
        "type": "VARIABLE_TYPE"
      },
      "location-after-char-start": 0,
      "location-after-char-end": 0,
      "node-str": "org.columba.core.gui.util.ButtonWithMnemonic"
    },
    {
      "type": "insert-node",
      "node": {
        "label": "org.columba.core.gui.util.ButtonWithMnemonic",
        "type": "VARIABLE_TYPE"
      },
      "location-after-char-start": 0,
      "location-after-char-end": 0,
      "node-str": "org.columba.core.gui.util.ButtonWithMnemonic"
    },
    {
      "type": "insert-node",
      "node": {
        "label": "boolean",
        "type": "VARIABLE_TYPE"
      },
      "location-after-char-start": 0,
      "location-after-char-end": 0,
      "node-str": "boolean"
    },
    {
      "type": "insert-node",
      "node": {
        "label": "public",
        "type": "Modifier"
      },
      "location-after-char-start": 0,
      "location-after-char-end": 0,
      "node-str": "public"
    },
    {
      "type": "insert-node",
      "node": {
        "label": "frame",
        "type": "Parameter"
      },
      "location-after-char-start": 3144,
      "location-after-char-end": 3155,
      "node-str": "frame"
    },
    {
      "type": "insert-node",
      "node": {
        "label": "list",
        "type": "Parameter"
      },
      "location-after-char-start": 3158,
      "location-after-char-end": 3178,
      "node-str": "list"
    },
    {
      "type": "insert-node",
      "node": {
        "label": "\u003cinit\u003e",
        "type": "Invocation"
      },
      "location-after-char-start": 3185,
      "location-after-char-end": 3203,
      "node-str": "\u003cinit\u003e"
    },
    {
      "type": "insert-node",
      "node": {
        "label": "setTitle",
        "type": "Invocation"
      },
      "location-after-char-start": 3208,
      "location-after-char-end": 3299,
      "node-str": "setTitle"
    },
    {
      "type": "move-subtree",
      "node": {
        "label": "\u003d",
        "type": "Assignment"
      },
      "location-before-char-start": 3242,
      "location-before-char-end": 3268,
      "location-after-char-start": 3304,
      "location-after-char-end": 3330,
      "node-str": "\u003d"
    },
    {
      "type": "insert-node",
      "node": {
        "label": "\u003d",
        "type": "Assignment"
      },
      "location-after-char-start": 3335,
      "location-after-char-end": 3391,
      "node-str": "\u003d"
    },
    {
      "type": "insert-node",
      "node": {
        "label": "initComponents",
        "type": "Invocation"
      },
      "location-after-char-start": 3396,
      "location-after-char-end": 3412,
      "node-str": "initComponents"
    },
    {
      "type": "insert-node",
      "node": {
        "label": "layoutComponents",
        "type": "Invocation"
      },
      "location-after-char-start": 3417,
      "location-after-char-end": 3435,
      "node-str": "layoutComponents"
    },
    {
      "type": "insert-node",
      "node": {
        "label": "folder",
        "type": "LocalVariable"
      },
      "location-after-char-start": 3440,
      "location-after-char-end": 3535,
      "node-str": "folder"
    },
    {
      "type": "move-subtree",
      "node": {
        "label": "",
        "type": "Try"
      },
      "location-before-char-start": 3484,
      "location-before-char-end": 3582,
      "location-after-char-start": 3539,
      "location-after-char-end": 3637,
      "node-str": ""
    },
    {
      "type": "insert-node",
      "node": {
        "label": "pack",
        "type": "Invocation"
      },
      "location-after-char-start": 3642,
      "location-after-char-end": 3648,
      "node-str": "pack"
    },
    {
      "type": "insert-node",
      "node": {
        "label": "setLocationRelativeTo",
        "type": "Invocation"
      },
      "location-after-char-start": 3652,
      "location-after-char-end": 3679,
      "node-str": "setLocationRelativeTo"
    },
    {
      "type": "insert-node",
      "node": {
        "label": "setVisible",
        "type": "Invocation"
      },
      "location-after-char-start": 3684,
      "location-after-char-end": 3700,
      "node-str": "setVisible"
    },
    {
      "type": "insert-node",
      "node": {
        "label": "void",
        "type": "RETURN_TYPE"
      },
      "location-after-char-start": 0,
      "location-after-char-end": 0,
      "node-str": "void"
    },
    {
      "type": "insert-node",
      "node": {
        "label": "public",
        "type": "Modifier"
      },
      "location-after-char-start": 0,
      "location-after-char-end": 0,
      "node-str": "public"
    },
    {
      "type": "insert-node",
      "node": {
        "label": "e",
        "type": "Parameter"
      },
      "location-after-char-start": 12191,
      "location-after-char-end": 12203,
      "node-str": "e"
    },
    {
      "type": "insert-node",
      "node": {
        "label": "command",
        "type": "LocalVariable"
      },
      "location-after-char-start": 12210,
      "location-after-char-end": 12247,
      "node-str": "command"
    },
    {
      "type": "insert-node",
      "node": {
        "label": "if",
        "type": "If"
      },
      "location-after-char-start": 12252,
      "location-after-char-end": 15571,
      "node-str": "if"
    },
    {
      "type": "insert-node",
      "node": {
        "label": "javax.swing.JFrame",
        "type": "VARIABLE_TYPE"
      },
      "location-after-char-start": 0,
      "location-after-char-end": 0,
      "node-str": "javax.swing.JFrame"
    },
    {
      "type": "insert-node",
      "node": {
        "label": "org.columba.addressbook.model.HeaderItemList[]",
        "type": "VARIABLE_TYPE"
      },
      "location-after-char-start": 0,
      "location-after-char-end": 0,
      "node-str": "org.columba.addressbook.model.HeaderItemList[]"
    },
    {
      "type": "insert-node",
      "node": {
        "label": "frame",
        "type": "VariableRead"
      },
      "location-after-char-start": 3191,
      "location-after-char-end": 3195,
      "node-str": "frame"
    },
    {
      "type": "insert-node",
      "node": {
        "label": "true",
        "type": "Literal"
      },
      "location-after-char-start": 3198,
      "location-after-char-end": 3201,
      "node-str": "true"
    },
    {
      "type": "insert-node",
      "node": {
        "label": "org.columba.addressbook.gui.SelectAddressDialog",
        "type": "TypeAccess"
      },
      "location-after-char-start": 0,
      "location-after-char-end": 0,
      "node-str": "org.columba.addressbook.gui.SelectAddressDialog"
    },
    {
      "type": "insert-node",
      "node": {
        "label": "getString",
        "type": "Invocation"
      },
      "location-after-char-start": 3217,
      "location-after-char-end": 3297,
      "node-str": "getString"
    },
    {
      "type": "insert-node",
      "node": {
        "label": "dialogAddressbookListModel",
        "type": "FieldWrite"
      },
      "location-after-char-start": 3335,
      "location-after-char-end": 3360,
      "node-str": "dialogAddressbookListModel"
    },
    {
      "type": "insert-node",
      "node": {
        "label": "",
        "type": "NewArray"
      },
      "location-after-char-start": 3364,
      "location-after-char-end": 3390,
      "node-str": ""
    },
    {
      "type": "insert-node",
      "node": {
        "label": "org.columba.addressbook.gui.SelectAddressDialog",
        "type": "TypeAccess"
      },
      "location-after-char-start": 0,
      "location-after-char-end": 0,
      "node-str": "org.columba.addressbook.gui.SelectAddressDialog"
    },
    {
      "type": "insert-node",
      "node": {
        "label": "org.columba.addressbook.gui.SelectAddressDialog",
        "type": "TypeAccess"
      },
      "location-after-char-start": 0,
      "location-after-char-end": 0,
      "node-str": "org.columba.addressbook.gui.SelectAddressDialog"
    },
    {
      "type": "insert-node",
      "node": {
        "label": "org.columba.addressbook.folder.AbstractFolder",
        "type": "VARIABLE_TYPE"
      },
      "location-after-char-start": 0,
      "location-after-char-end": 0,
      "node-str": "org.columba.addressbook.folder.AbstractFolder"
    },
    {
      "type": "insert-node",
      "node": {
        "label": "getFolder",
        "type": "Invocation"
      },
      "location-after-char-start": 3464,
      "location-after-char-end": 3534,
      "node-str": "getFolder"
    },
    {
      "type": "insert-node",
      "node": {
        "label": "org.columba.addressbook.gui.SelectAddressDialog",
        "type": "TypeAccess"
      },
      "location-after-char-start": 0,
      "location-after-char-end": 0,
      "node-str": "org.columba.addressbook.gui.SelectAddressDialog"
    },
    {
      "type": "insert-node",
      "node": {
        "label": "org.columba.addressbook.gui.SelectAddressDialog",
        "type": "TypeAccess"
      },
      "location-after-char-start": 0,
      "location-after-char-end": 0,
      "node-str": "org.columba.addressbook.gui.SelectAddressDialog"
    },
    {
      "type": "insert-node",
      "node": {
        "label": "null",
        "type": "Literal"
      },
      "location-after-char-start": 3674,
      "location-after-char-end": 3677,
      "node-str": "null"
    },
    {
      "type": "insert-node",
      "node": {
        "label": "org.columba.addressbook.gui.SelectAddressDialog",
        "type": "TypeAccess"
      },
      "location-after-char-start": 0,
      "location-after-char-end": 0,
      "node-str": "org.columba.addressbook.gui.SelectAddressDialog"
    },
    {
      "type": "insert-node",
      "node": {
        "label": "true",
        "type": "Literal"
      },
      "location-after-char-start": 3695,
      "location-after-char-end": 3698,
      "node-str": "true"
    },
    {
      "type": "insert-node",
      "node": {
        "label": "java.awt.event.ActionEvent",
        "type": "VARIABLE_TYPE"
      },
      "location-after-char-start": 0,
      "location-after-char-end": 0,
      "node-str": "java.awt.event.ActionEvent"
    },
    {
      "type": "insert-node",
      "node": {
        "label": "java.lang.String",
        "type": "VARIABLE_TYPE"
      },
      "location-after-char-start": 0,
      "location-after-char-end": 0,
      "node-str": "java.lang.String"
    },
    {
      "type": "insert-node",
      "node": {
        "label": "getActionCommand",
        "type": "Invocation"
      },
      "location-after-char-start": 12227,
      "location-after-char-end": 12246,
      "node-str": "getActionCommand"
    },
    {
      "type": "insert-node",
      "node": {
        "label": "equals",
        "type": "Invocation"
      },
      "location-after-char-start": 12256,
      "location-after-char-end": 12279,
      "node-str": "equals"
    },
    {
      "type": "insert-node",
      "node": {
        "label": "THEN",
        "type": "then"
      },
      "location-after-char-start": 12282,
      "location-after-char-end": 12322,
      "node-str": "THEN"
    },
    {
      "type": "insert-node",
      "node": {
        "label": "ELSE",
        "type": "else"
      },
      "location-after-char-start": 12329,
      "location-after-char-end": 15571,
      "node-str": "ELSE"
    },
    {
      "type": "insert-node",
      "node": {
        "label": "org.columba.addressbook.util.AddressbookResourceLoader",
        "type": "TypeAccess"
      },
      "location-after-char-start": 3217,
      "location-after-char-end": 3241,
      "node-str": "org.columba.addressbook.util.AddressbookResourceLoader"
    },
    {
      "type": "insert-node",
      "node": {
        "label": "\"dialog\"",
        "type": "Literal"
      },
      "location-after-char-start": 3253,
      "location-after-char-end": 3260,
      "node-str": "\"dialog\""
    },
    {
      "type": "insert-node",
      "node": {
        "label": "\"selectaddressdialog\"",
        "type": "Literal"
      },
      "location-after-char-start": 3267,
      "location-after-char-end": 3287,
      "node-str": "\"selectaddressdialog\""
    },
    {
      "type": "insert-node",
      "node": {
        "label": "\"title\"",
        "type": "Literal"
      },
      "location-after-char-start": 3290,
      "location-after-char-end": 3296,
      "node-str": "\"title\""
    },
    {
      "type": "insert-node",
      "node": {
        "label": "org.columba.addressbook.gui.SelectAddressDialog",
        "type": "TypeAccess"
      },
      "location-after-char-start": 0,
      "location-after-char-end": 0,
      "node-str": "org.columba.addressbook.gui.SelectAddressDialog"
    },
    {
      "type": "insert-node",
      "node": {
        "label": "3",
        "type": "Literal"
      },
      "location-after-char-start": 3389,
      "location-after-char-end": 3389,
      "node-str": "3"
    },
    {
      "type": "insert-node",
      "node": {
        "label": "getInstance",
        "type": "Invocation"
      },
      "location-after-char-start": 3481,
      "location-after-char-end": 3514,
      "node-str": "getInstance"
    },
    {
      "type": "insert-node",
      "node": {
        "label": "101",
        "type": "Literal"
      },
      "location-after-char-start": 3531,
      "location-after-char-end": 3533,
      "node-str": "101"
    },
    {
      "type": "insert-node",
      "node": {
        "label": "e",
        "type": "VariableRead"
      },
      "location-after-char-start": 12227,
      "location-after-char-end": 12227,
      "node-str": "e"
    },
    {
      "type": "insert-node",
      "node": {
        "label": "command",
        "type": "VariableRead"
      },
      "location-after-char-start": 12256,
      "location-after-char-end": 12262,
      "node-str": "command"
    },
    {
      "type": "insert-node",
      "node": {
        "label": "\"CANCEL\"",
        "type": "Literal"
      },
      "location-after-char-start": 12271,
      "location-after-char-end": 12278,
      "node-str": "\"CANCEL\""
    },
    {
      "type": "insert-node",
      "node": {
        "label": "setVisible",
        "type": "Invocation"
      },
      "location-after-char-start": 12301,
      "location-after-char-end": 12318,
      "node-str": "setVisible"
    },
    {
      "type": "insert-node",
      "node": {
        "label": "if",
        "type": "If"
      },
      "location-after-char-start": 12329,
      "location-after-char-end": 15571,
      "node-str": "if"
    },
    {
      "type": "insert-node",
      "node": {
        "label": "org.columba.addressbook.gui.tree.AddressbookTreeModel",
        "type": "TypeAccess"
      },
      "location-after-char-start": 3481,
      "location-after-char-end": 3500,
      "node-str": "org.columba.addressbook.gui.tree.AddressbookTreeModel"
    },
    {
      "type": "insert-node",
      "node": {
        "label": "org.columba.addressbook.gui.SelectAddressDialog",
        "type": "TypeAccess"
      },
      "location-after-char-start": 0,
      "location-after-char-end": 0,
      "node-str": "org.columba.addressbook.gui.SelectAddressDialog"
    },
    {
      "type": "insert-node",
      "node": {
        "label": "false",
        "type": "Literal"
      },
      "location-after-char-start": 12312,
      "location-after-char-end": 12316,
      "node-str": "false"
    },
    {
      "type": "insert-node",
      "node": {
        "label": "equals",
        "type": "Invocation"
      },
      "location-after-char-start": 12333,
      "location-after-char-end": 12352,
      "node-str": "equals"
    },
    {
      "type": "move-subtree",
      "node": {
        "label": "THEN",
        "type": "then"
      },
      "location-before-char-start": 12300,
      "location-before-char-end": 13154,
      "location-after-char-start": 12355,
      "location-after-char-end": 13209,
      "node-str": "THEN"
    },
    {
      "type": "insert-node",
      "node": {
        "label": "ELSE",
        "type": "else"
      },
      "location-after-char-start": 13216,
      "location-after-char-end": 15571,
      "node-str": "ELSE"
    },
    {
      "type": "insert-node",
      "node": {
        "label": "command",
        "type": "VariableRead"
      },
      "location-after-char-start": 12333,
      "location-after-char-end": 12339,
      "node-str": "command"
    },
    {
      "type": "insert-node",
      "node": {
        "label": "\"OK\"",
        "type": "Literal"
      },
      "location-after-char-start": 12348,
      "location-after-char-end": 12351,
      "node-str": "\"OK\""
    },
    {
      "type": "insert-node",
      "node": {
        "label": "if",
        "type": "If"
      },
      "location-after-char-start": 13216,
      "location-after-char-end": 15571,
      "node-str": "if"
    },
    {
      "type": "insert-node",
      "node": {
        "label": "equals",
        "type": "Invocation"
      },
      "location-after-char-start": 13220,
      "location-after-char-end": 13239,
      "node-str": "equals"
    },
    {
      "type": "move-subtree",
      "node": {
        "label": "THEN",
        "type": "then"
      },
      "location-before-char-start": 13187,
      "location-before-char-end": 13506,
      "location-after-char-start": 13242,
      "location-after-char-end": 13561,
      "node-str": "THEN"
    },
    {
      "type": "insert-node",
      "node": {
        "label": "ELSE",
        "type": "else"
      },
      "location-after-char-start": 13568,
      "location-after-char-end": 15571,
      "node-str": "ELSE"
    },
    {
      "type": "insert-node",
      "node": {
        "label": "command",
        "type": "VariableRead"
      },
      "location-after-char-start": 13220,
      "location-after-char-end": 13226,
      "node-str": "command"
    },
    {
      "type": "insert-node",
      "node": {
        "label": "\"TO\"",
        "type": "Literal"
      },
      "location-after-char-start": 13235,
      "location-after-char-end": 13238,
      "node-str": "\"TO\""
    },
    {
      "type": "insert-node",
      "node": {
        "label": "if",
        "type": "If"
      },
      "location-after-char-start": 13568,
      "location-after-char-end": 15571,
      "node-str": "if"
    },
    {
      "type": "insert-node",
      "node": {
        "label": "equals",
        "type": "Invocation"
      },
      "location-after-char-start": 13572,
      "location-after-char-end": 13591,
      "node-str": "equals"
    },
    {
      "type": "move-subtree",
      "node": {
        "label": "THEN",
        "type": "then"
      },
      "location-before-char-start": 13539,
      "location-before-char-end": 13858,
      "location-after-char-start": 13594,
      "location-after-char-end": 13913,
      "node-str": "THEN"
    },
    {
      "type": "insert-node",
      "node": {
        "label": "ELSE",
        "type": "else"
      },
      "location-after-char-start": 13920,
      "location-after-char-end": 15571,
      "node-str": "ELSE"
    },
    {
      "type": "insert-node",
      "node": {
        "label": "command",
        "type": "VariableRead"
      },
      "location-after-char-start": 13572,
      "location-after-char-end": 13578,
      "node-str": "command"
    },
    {
      "type": "insert-node",
      "node": {
        "label": "\"CC\"",
        "type": "Literal"
      },
      "location-after-char-start": 13587,
      "location-after-char-end": 13590,
      "node-str": "\"CC\""
    },
    {
      "type": "insert-node",
      "node": {
        "label": "if",
        "type": "If"
      },
      "location-after-char-start": 13920,
      "location-after-char-end": 15571,
      "node-str": "if"
    },
    {
      "type": "insert-node",
      "node": {
        "label": "equals",
        "type": "Invocation"
      },
      "location-after-char-start": 13924,
      "location-after-char-end": 13944,
      "node-str": "equals"
    },
    {
      "type": "move-subtree",
      "node": {
        "label": "THEN",
        "type": "then"
      },
      "location-before-char-start": 13892,
      "location-before-char-end": 14211,
      "location-after-char-start": 13947,
      "location-after-char-end": 14266,
      "node-str": "THEN"
    },
    {
      "type": "insert-node",
      "node": {
        "label": "ELSE",
        "type": "else"
      },
      "location-after-char-start": 14273,
      "location-after-char-end": 15571,
      "node-str": "ELSE"
    },
    {
      "type": "insert-node",
      "node": {
        "label": "command",
        "type": "VariableRead"
      },
      "location-after-char-start": 13924,
      "location-after-char-end": 13930,
      "node-str": "command"
    },
    {
      "type": "insert-node",
      "node": {
        "label": "\"BCC\"",
        "type": "Literal"
      },
      "location-after-char-start": 13939,
      "location-after-char-end": 13943,
      "node-str": "\"BCC\""
    },
    {
      "type": "insert-node",
      "node": {
        "label": "if",
        "type": "If"
      },
      "location-after-char-start": 14273,
      "location-after-char-end": 15571,
      "node-str": "if"
    },
    {
      "type": "insert-node",
      "node": {
        "label": "equals",
        "type": "Invocation"
      },
      "location-after-char-start": 14277,
      "location-after-char-end": 14303,
      "node-str": "equals"
    },
    {
      "type": "move-subtree",
      "node": {
        "label": "THEN",
        "type": "then"
      },
      "location-before-char-start": 14251,
      "location-before-char-end": 14447,
      "location-after-char-start": 14306,
      "location-after-char-end": 14502,
      "node-str": "THEN"
    },
    {
      "type": "insert-node",
      "node": {
        "label": "ELSE",
        "type": "else"
      },
      "location-after-char-start": 14509,
      "location-after-char-end": 15571,
      "node-str": "ELSE"
    },
    {
      "type": "insert-node",
      "node": {
        "label": "command",
        "type": "VariableRead"
      },
      "location-after-char-start": 14277,
      "location-after-char-end": 14283,
      "node-str": "command"
    },
    {
      "type": "insert-node",
      "node": {
        "label": "\"TO_REMOVE\"",
        "type": "Literal"
      },
      "location-after-char-start": 14292,
      "location-after-char-end": 14302,
      "node-str": "\"TO_REMOVE\""
    },
    {
      "type": "insert-node",
      "node": {
        "label": "if",
        "type": "If"
      },
      "location-after-char-start": 14509,
      "location-after-char-end": 15571,
      "node-str": "if"
    },
    {
      "type": "insert-node",
      "node": {
        "label": "equals",
        "type": "Invocation"
      },
      "location-after-char-start": 14513,
      "location-after-char-end": 14539,
      "node-str": "equals"
    },
    {
      "type": "move-subtree",
      "node": {
        "label": "THEN",
        "type": "then"
      },
      "location-before-char-start": 14487,
      "location-before-char-end": 14683,
      "location-after-char-start": 14542,
      "location-after-char-end": 14738,
      "node-str": "THEN"
    },
    {
      "type": "insert-node",
      "node": {
        "label": "ELSE",
        "type": "else"
      },
      "location-after-char-start": 14745,
      "location-after-char-end": 15571,
      "node-str": "ELSE"
    },
    {
      "type": "insert-node",
      "node": {
        "label": "command",
        "type": "VariableRead"
      },
      "location-after-char-start": 14513,
      "location-after-char-end": 14519,
      "node-str": "command"
    },
    {
      "type": "insert-node",
      "node": {
        "label": "\"CC_REMOVE\"",
        "type": "Literal"
      },
      "location-after-char-start": 14528,
      "location-after-char-end": 14538,
      "node-str": "\"CC_REMOVE\""
    },
    {
      "type": "insert-node",
      "node": {
        "label": "if",
        "type": "If"
      },
      "location-after-char-start": 14745,
      "location-after-char-end": 15571,
      "node-str": "if"
    },
    {
      "type": "insert-node",
      "node": {
        "label": "equals",
        "type": "Invocation"
      },
      "location-after-char-start": 14749,
      "location-after-char-end": 14776,
      "node-str": "equals"
    },
    {
      "type": "move-subtree",
      "node": {
        "label": "THEN",
        "type": "then"
      },
      "location-before-char-start": 14724,
      "location-before-char-end": 14921,
      "location-after-char-start": 14779,
      "location-after-char-end": 14976,
      "node-str": "THEN"
    },
    {
      "type": "insert-node",
      "node": {
        "label": "ELSE",
        "type": "else"
      },
      "location-after-char-start": 14983,
      "location-after-char-end": 15571,
      "node-str": "ELSE"
    },
    {
      "type": "insert-node",
      "node": {
        "label": "command",
        "type": "VariableRead"
      },
      "location-after-char-start": 14749,
      "location-after-char-end": 14755,
      "node-str": "command"
    },
    {
      "type": "insert-node",
      "node": {
        "label": "\"BCC_REMOVE\"",
        "type": "Literal"
      },
      "location-after-char-start": 14764,
      "location-after-char-end": 14775,
      "node-str": "\"BCC_REMOVE\""
    },
    {
      "type": "insert-node",
      "node": {
        "label": "if",
        "type": "If"
      },
      "location-after-char-start": 14983,
      "location-after-char-end": 15571,
      "node-str": "if"
    },
    {
      "type": "insert-node",
      "node": {
        "label": "equals",
        "type": "Invocation"
      },
      "location-after-char-start": 14987,
      "location-after-char-end": 15010,
      "node-str": "equals"
    },
    {
      "type": "insert-node",
      "node": {
        "label": "THEN",
        "type": "then"
      },
      "location-after-char-start": 15013,
      "location-after-char-end": 15571,
      "node-str": "THEN"
    },
    {
      "type": "insert-node",
      "node": {
        "label": "command",
        "type": "VariableRead"
      },
      "location-after-char-start": 14987,
      "location-after-char-end": 14993,
      "node-str": "command"
    },
    {
      "type": "insert-node",
      "node": {
        "label": "\"CHOOSE\"",
        "type": "Literal"
      },
      "location-after-char-start": 15002,
      "location-after-char-end": 15009,
      "node-str": "\"CHOOSE\""
    },
    {
      "type": "insert-node",
      "node": {
        "label": "dialog",
        "type": "LocalVariable"
      },
      "location-after-char-start": 15033,
      "location-after-char-end": 15147,
      "node-str": "dialog"
    },
    {
      "type": "insert-node",
      "node": {
        "label": "selectedFolder",
        "type": "LocalVariable"
      },
      "location-after-char-start": 15153,
      "location-after-char-end": 15211,
      "node-str": "selectedFolder"
    },
    {
      "type": "move-subtree",
      "node": {
        "label": "if",
        "type": "If"
      },
      "location-before-char-start": 15169,
      "location-before-char-end": 15519,
      "location-after-char-start": 15217,
      "location-after-char-end": 15567,
      "node-str": "if"
    },
    {
      "type": "insert-node",
      "node": {
        "label": "org.columba.addressbook.gui.tree.util.SelectAddressbookFolderDialog",
        "type": "VARIABLE_TYPE"
      },
      "location-after-char-start": 0,
      "location-after-char-end": 0,
      "node-str": "org.columba.addressbook.gui.tree.util.SelectAddressbookFolderDialog"
    },
    {
      "type": "insert-node",
      "node": {
        "label": "getSelectAddressbookFolderDialog",
        "type": "Invocation"
      },
      "location-after-char-start": 15072,
      "location-after-char-end": 15146,
      "node-str": "getSelectAddressbookFolderDialog"
    },
    {
      "type": "insert-node",
      "node": {
        "label": "org.columba.addressbook.folder.AbstractFolder",
        "type": "VARIABLE_TYPE"
      },
      "location-after-char-start": 0,
      "location-after-char-end": 0,
      "node-str": "org.columba.addressbook.folder.AbstractFolder"
    },
    {
      "type": "insert-node",
      "node": {
        "label": "getSelectedFolder",
        "type": "Invocation"
      },
      "location-after-char-start": 15185,
      "location-after-char-end": 15210,
      "node-str": "getSelectedFolder"
    },
    {
      "type": "insert-node",
      "node": {
        "label": "getInstance",
        "type": "Invocation"
      },
      "location-after-char-start": 15072,
      "location-after-char-end": 15105,
      "node-str": "getInstance"
    },
    {
      "type": "insert-node",
      "node": {
        "label": "dialog",
        "type": "VariableRead"
      },
      "location-after-char-start": 15185,
      "location-after-char-end": 15190,
      "node-str": "dialog"
    },
    {
      "type": "insert-node",
      "node": {
        "label": "org.columba.addressbook.gui.tree.AddressbookTreeModel",
        "type": "TypeAccess"
      },
      "location-after-char-start": 15072,
      "location-after-char-end": 15091,
      "node-str": "org.columba.addressbook.gui.tree.AddressbookTreeModel"
    },
    {
      "type": "delete-node",
      "node": {
        "label": "public",
        "type": "Modifier"
      },
      "location-before-char-start": 0,
      "location-before-char-end": 0,
      "node-str": "public"
    },
    {
      "type": "delete-node",
      "node": {
        "label": "javax.swing.JDialog",
        "type": "SUPER_TYPE"
      },
      "location-before-char-start": 0,
      "location-before-char-end": 0,
      "node-str": "javax.swing.JDialog"
    },
    {
      "type": "delete-node",
      "node": {
        "label": "",
        "type": "TypeReference"
      },
      "location-before-char-start": 2145,
      "location-before-char-end": 2151,
      "node-str": ""
    },
    {
      "type": "delete-node",
      "node": {
        "label": "org.columba.addressbook.gui.list.AddressbookDNDListView",
        "type": "VARIABLE_TYPE"
      },
      "location-before-char-start": 0,
      "location-before-char-end": 0,
      "node-str": "org.columba.addressbook.gui.list.AddressbookDNDListView"
    },
    {
      "type": "delete-node",
      "node": {
        "label": "toList",
        "type": "Field"
      },
      "location-before-char-start": 2185,
      "location-before-char-end": 2242,
      "node-str": "toList"
    },
    {
      "type": "delete-node",
      "node": {
        "label": "org.columba.addressbook.gui.list.AddressbookDNDListView",
        "type": "VARIABLE_TYPE"
      },
      "location-before-char-start": 0,
      "location-before-char-end": 0,
      "node-str": "org.columba.addressbook.gui.list.AddressbookDNDListView"
    },
    {
      "type": "delete-node",
      "node": {
        "label": "ccList",
        "type": "Field"
      },
      "location-before-char-start": 2246,
      "location-before-char-end": 2283,
      "node-str": "ccList"
    },
    {
      "type": "delete-node",
      "node": {
        "label": "org.columba.addressbook.gui.list.AddressbookDNDListView",
        "type": "VARIABLE_TYPE"
      },
      "location-before-char-start": 0,
      "location-before-char-end": 0,
      "node-str": "org.columba.addressbook.gui.list.AddressbookDNDListView"
    },
    {
      "type": "delete-node",
      "node": {
        "label": "bccList",
        "type": "Field"
      },
      "location-before-char-start": 2287,
      "location-before-char-end": 2325,
      "node-str": "bccList"
    },
    {
      "type": "delete-node",
      "node": {
        "label": "org.columba.addressbook.gui.list.AddressbookDNDListView",
        "type": "VARIABLE_TYPE"
      },
      "location-before-char-start": 0,
      "location-before-char-end": 0,
      "node-str": "org.columba.addressbook.gui.list.AddressbookDNDListView"
    },
    {
      "type": "delete-node",
      "node": {
        "label": "addressbook",
        "type": "Field"
      },
      "location-before-char-start": 2329,
      "location-before-char-end": 2392,
      "node-str": "addressbook"
    },
    {
      "type": "delete-node",
      "node": {
        "label": "javax.swing.JButton",
        "type": "VARIABLE_TYPE"
      },
      "location-before-char-start": 0,
      "location-before-char-end": 0,
      "node-str": "javax.swing.JButton"
    },
    {
      "type": "delete-node",
      "node": {
        "label": "toButton",
        "type": "Field"
      },
      "location-before-char-start": 2396,
      "location-before-char-end": 2459,
      "node-str": "toButton"
    },
    {
      "type": "delete-node",
      "node": {
        "label": "javax.swing.JButton",
        "type": "VARIABLE_TYPE"
      },
      "location-before-char-start": 0,
      "location-before-char-end": 0,
      "node-str": "javax.swing.JButton"
    },
    {
      "type": "delete-node",
      "node": {
        "label": "ccButton",
        "type": "Field"
      },
      "location-before-char-start": 2463,
      "location-before-char-end": 2487,
      "node-str": "ccButton"
    },
    {
      "type": "delete-node",
      "node": {
        "label": "javax.swing.JButton",
        "type": "VARIABLE_TYPE"
      },
      "location-before-char-start": 0,
      "location-before-char-end": 0,
      "node-str": "javax.swing.JButton"
    },
    {
      "type": "delete-node",
      "node": {
        "label": "bccButton",
        "type": "Field"
      },
      "location-before-char-start": 2491,
      "location-before-char-end": 2516,
      "node-str": "bccButton"
    },
    {
      "type": "delete-node",
      "node": {
        "label": "javax.swing.JButton",
        "type": "VARIABLE_TYPE"
      },
      "location-before-char-start": 0,
      "location-before-char-end": 0,
      "node-str": "javax.swing.JButton"
    },
    {
      "type": "delete-node",
      "node": {
        "label": "toRemoveButton",
        "type": "Field"
      },
      "location-before-char-start": 2520,
      "location-before-char-end": 2550,
      "node-str": "toRemoveButton"
    },
    {
      "type": "delete-node",
      "node": {
        "label": "javax.swing.JButton",
        "type": "VARIABLE_TYPE"
      },
      "location-before-char-start": 0,
      "location-before-char-end": 0,
      "node-str": "javax.swing.JButton"
    },
    {
      "type": "delete-node",
      "node": {
        "label": "ccRemoveButton",
        "type": "Field"
      },
      "location-before-char-start": 2554,
      "location-before-char-end": 2584,
      "node-str": "ccRemoveButton"
    },
    {
      "type": "delete-node",
      "node": {
        "label": "javax.swing.JButton",
        "type": "VARIABLE_TYPE"
      },
      "location-before-char-start": 0,
      "location-before-char-end": 0,
      "node-str": "javax.swing.JButton"
    },
    {
      "type": "delete-node",
      "node": {
        "label": "bccRemoveButton",
        "type": "Field"
      },
      "location-before-char-start": 2588,
      "location-before-char-end": 2619,
      "node-str": "bccRemoveButton"
    },
    {
      "type": "delete-node",
      "node": {
        "label": "javax.swing.JLabel",
        "type": "VARIABLE_TYPE"
      },
      "location-before-char-start": 0,
      "location-before-char-end": 0,
      "node-str": "javax.swing.JLabel"
    },
    {
      "type": "delete-node",
      "node": {
        "label": "toLabel",
        "type": "Field"
      },
      "location-before-char-start": 2623,
      "location-before-char-end": 2656,
      "node-str": "toLabel"
    },
    {
      "type": "delete-node",
      "node": {
        "label": "javax.swing.JLabel",
        "type": "VARIABLE_TYPE"
      },
      "location-before-char-start": 0,
      "location-before-char-end": 0,
      "node-str": "javax.swing.JLabel"
    },
    {
      "type": "delete-node",
      "node": {
        "label": "ccLabel",
        "type": "Field"
      },
      "location-before-char-start": 2660,
      "location-before-char-end": 2682,
      "node-str": "ccLabel"
    },
    {
      "type": "delete-node",
      "node": {
        "label": "javax.swing.JLabel",
        "type": "VARIABLE_TYPE"
      },
      "location-before-char-start": 0,
      "location-before-char-end": 0,
      "node-str": "javax.swing.JLabel"
    },
    {
      "type": "delete-node",
      "node": {
        "label": "bccLabel",
        "type": "Field"
      },
      "location-before-char-start": 2686,
      "location-before-char-end": 2709,
      "node-str": "bccLabel"
    },
    {
      "type": "delete-node",
      "node": {
        "label": "javax.swing.JButton",
        "type": "VARIABLE_TYPE"
      },
      "location-before-char-start": 0,
      "location-before-char-end": 0,
      "node-str": "javax.swing.JButton"
    },
    {
      "type": "delete-node",
      "node": {
        "label": "chooseButton",
        "type": "Field"
      },
      "location-before-char-start": 2713,
      "location-before-char-end": 2764,
      "node-str": "chooseButton"
    },
    {
      "type": "delete-node",
      "node": {
        "label": "javax.swing.JLabel",
        "type": "VARIABLE_TYPE"
      },
      "location-before-char-start": 0,
      "location-before-char-end": 0,
      "node-str": "javax.swing.JLabel"
    },
    {
      "type": "delete-node",
      "node": {
        "label": "chooseLabel",
        "type": "Field"
      },
      "location-before-char-start": 2768,
      "location-before-char-end": 2794,
      "node-str": "chooseLabel"
    },
    {
      "type": "delete-node",
      "node": {
        "label": "org.columba.addressbook.gui.list.AddressbookListModel[]",
        "type": "VARIABLE_TYPE"
      },
      "location-before-char-start": 0,
      "location-before-char-end": 0,
      "node-str": "org.columba.addressbook.gui.list.AddressbookListModel[]"
    },
    {
      "type": "delete-node",
      "node": {
        "label": "dialogAddressbookListModel",
        "type": "Field"
      },
      "location-before-char-start": 2798,
      "location-before-char-end": 2899,
      "node-str": "dialogAddressbookListModel"
    },
    {
      "type": "delete-node",
      "node": {
        "label": "org.columba.addressbook.model.HeaderItemList[]",
        "type": "VARIABLE_TYPE"
      },
      "location-before-char-start": 0,
      "location-before-char-end": 0,
      "node-str": "org.columba.addressbook.model.HeaderItemList[]"
    },
    {
      "type": "delete-node",
      "node": {
        "label": "headerItemList",
        "type": "Field"
      },
      "location-before-char-start": 2903,
      "location-before-char-end": 2942,
      "node-str": "headerItemList"
    },
    {
      "type": "delete-node",
      "node": {
        "label": "org.columba.core.gui.util.ButtonWithMnemonic",
        "type": "VARIABLE_TYPE"
      },
      "location-before-char-start": 0,
      "location-before-char-end": 0,
      "node-str": "org.columba.core.gui.util.ButtonWithMnemonic"
    },
    {
      "type": "delete-node",
      "node": {
        "label": "cancelButton",
        "type": "Field"
      },
      "location-before-char-start": 2946,
      "location-before-char-end": 2985,
      "node-str": "cancelButton"
    },
    {
      "type": "delete-node",
      "node": {
        "label": "org.columba.core.gui.util.ButtonWithMnemonic",
        "type": "VARIABLE_TYPE"
      },
      "location-before-char-start": 0,
      "location-before-char-end": 0,
      "node-str": "org.columba.core.gui.util.ButtonWithMnemonic"
    },
    {
      "type": "delete-node",
      "node": {
        "label": "okButton",
        "type": "Field"
      },
      "location-before-char-start": 2989,
      "location-before-char-end": 3024,
      "node-str": "okButton"
    },
    {
      "type": "delete-node",
      "node": {
        "label": "boolean",
        "type": "VARIABLE_TYPE"
      },
      "location-before-char-start": 0,
      "location-before-char-end": 0,
      "node-str": "boolean"
    },
    {
      "type": "delete-node",
      "node": {
        "label": "success",
        "type": "Field"
      },
      "location-before-char-start": 3028,
      "location-before-char-end": 3051,
      "node-str": "success"
    },
    {
      "type": "delete-node",
      "node": {
        "label": "public",
        "type": "Modifier"
      },
      "location-before-char-start": 0,
      "location-before-char-end": 0,
      "node-str": "public"
    },
    {
      "type": "delete-node",
      "node": {
        "label": "javax.swing.JFrame",
        "type": "VARIABLE_TYPE"
      },
      "location-before-char-start": 0,
      "location-before-char-end": 0,
      "node-str": "javax.swing.JFrame"
    },
    {
      "type": "delete-node",
      "node": {
        "label": "frame",
        "type": "Parameter"
      },
      "location-before-char-start": 3082,
      "location-before-char-end": 3093,
      "node-str": "frame"
    },
    {
      "type": "delete-node",
      "node": {
        "label": "org.columba.addressbook.model.HeaderItemList[]",
        "type": "VARIABLE_TYPE"
      },
      "location-before-char-start": 0,
      "location-before-char-end": 0,
      "node-str": "org.columba.addressbook.model.HeaderItemList[]"
    },
    {
      "type": "delete-node",
      "node": {
        "label": "list",
        "type": "Parameter"
      },
      "location-before-char-start": 3096,
      "location-before-char-end": 3116,
      "node-str": "list"
    },
    {
      "type": "delete-node",
      "node": {
        "label": "frame",
        "type": "VariableRead"
      },
      "location-before-char-start": 3129,
      "location-before-char-end": 3133,
      "node-str": "frame"
    },
    {
      "type": "delete-node",
      "node": {
        "label": "true",
        "type": "Literal"
      },
      "location-before-char-start": 3136,
      "location-before-char-end": 3139,
      "node-str": "true"
    },
    {
      "type": "delete-node",
      "node": {
        "label": "\u003cinit\u003e",
        "type": "Invocation"
      },
      "location-before-char-start": 3123,
      "location-before-char-end": 3141,
      "node-str": "\u003cinit\u003e"
    },
    {
      "type": "delete-node",
      "node": {
        "label": "org.columba.addressbook.gui.SelectAddressDialog",
        "type": "TypeAccess"
      },
      "location-before-char-start": 0,
      "location-before-char-end": 0,
      "node-str": "org.columba.addressbook.gui.SelectAddressDialog"
    },
    {
      "type": "delete-node",
      "node": {
        "label": "org.columba.addressbook.util.AddressbookResourceLoader",
        "type": "TypeAccess"
      },
      "location-before-char-start": 3155,
      "location-before-char-end": 3179,
      "node-str": "org.columba.addressbook.util.AddressbookResourceLoader"
    },
    {
      "type": "delete-node",
      "node": {
        "label": "\"dialog\"",
        "type": "Literal"
      },
      "location-before-char-start": 3191,
      "location-before-char-end": 3198,
      "node-str": "\"dialog\""
    },
    {
      "type": "delete-node",
      "node": {
        "label": "\"selectaddressdialog\"",
        "type": "Literal"
      },
      "location-before-char-start": 3205,
      "location-before-char-end": 3225,
      "node-str": "\"selectaddressdialog\""
    },
    {
      "type": "delete-node",
      "node": {
        "label": "\"title\"",
        "type": "Literal"
      },
      "location-before-char-start": 3228,
      "location-before-char-end": 3234,
      "node-str": "\"title\""
    },
    {
      "type": "delete-node",
      "node": {
        "label": "getString",
        "type": "Invocation"
      },
      "location-before-char-start": 3155,
      "location-before-char-end": 3235,
      "node-str": "getString"
    },
    {
      "type": "delete-node",
      "node": {
        "label": "setTitle",
        "type": "Invocation"
      },
      "location-before-char-start": 3146,
      "location-before-char-end": 3237,
      "node-str": "setTitle"
    },
    {
      "type": "delete-node",
      "node": {
        "label": "org.columba.addressbook.gui.SelectAddressDialog",
        "type": "TypeAccess"
      },
      "location-before-char-start": 0,
      "location-before-char-end": 0,
      "node-str": "org.columba.addressbook.gui.SelectAddressDialog"
    },
    {
      "type": "delete-node",
      "node": {
        "label": "dialogAddressbookListModel",
        "type": "FieldWrite"
      },
      "location-before-char-start": 3273,
      "location-before-char-end": 3298,
      "node-str": "dialogAddressbookListModel"
    },
    {
      "type": "delete-node",
      "node": {
        "label": "3",
        "type": "Literal"
      },
      "location-before-char-start": 3327,
      "location-before-char-end": 3327,
      "node-str": "3"
    },
    {
      "type": "delete-node",
      "node": {
        "label": "",
        "type": "NewArray"
      },
      "location-before-char-start": 3302,
      "location-before-char-end": 3328,
      "node-str": ""
    },
    {
      "type": "delete-node",
      "node": {
        "label": "\u003d",
        "type": "Assignment"
      },
      "location-before-char-start": 3273,
      "location-before-char-end": 3329,
      "node-str": "\u003d"
    },
    {
      "type": "delete-node",
      "node": {
        "label": "org.columba.addressbook.gui.SelectAddressDialog",
        "type": "TypeAccess"
      },
      "location-before-char-start": 0,
      "location-before-char-end": 0,
      "node-str": "org.columba.addressbook.gui.SelectAddressDialog"
    },
    {
      "type": "delete-node",
      "node": {
        "label": "initComponents",
        "type": "Invocation"
      },
      "location-before-char-start": 3334,
      "location-before-char-end": 3350,
      "node-str": "initComponents"
    },
    {
      "type": "delete-node",
      "node": {
        "label": "org.columba.addressbook.gui.SelectAddressDialog",
        "type": "TypeAccess"
      },
      "location-before-char-start": 0,
      "location-before-char-end": 0,
      "node-str": "org.columba.addressbook.gui.SelectAddressDialog"
    },
    {
      "type": "delete-node",
      "node": {
        "label": "layoutComponents",
        "type": "Invocation"
      },
      "location-before-char-start": 3355,
      "location-before-char-end": 3373,
      "node-str": "layoutComponents"
    },
    {
      "type": "delete-node",
      "node": {
        "label": "org.columba.addressbook.folder.AbstractFolder",
        "type": "VARIABLE_TYPE"
      },
      "location-before-char-start": 0,
      "location-before-char-end": 0,
      "node-str": "org.columba.addressbook.folder.AbstractFolder"
    },
    {
      "type": "delete-node",
      "node": {
        "label": "AddressbookInterface.addressbookTreeModel",
        "type": "TypeAccess"
      },
      "location-before-char-start": 3419,
      "location-before-char-end": 3459,
      "node-str": "AddressbookInterface.addressbookTreeModel"
    },
    {
      "type": "delete-node",
      "node": {
        "label": "101",
        "type": "Literal"
      },
      "location-before-char-start": 3476,
      "location-before-char-end": 3478,
      "node-str": "101"
    },
    {
      "type": "delete-node",
      "node": {
        "label": "getFolder",
        "type": "Invocation"
      },
      "location-before-char-start": 3402,
      "location-before-char-end": 3479,
      "node-str": "getFolder"
    },
    {
      "type": "delete-node",
      "node": {
        "label": "folder",
        "type": "LocalVariable"
      },
      "location-before-char-start": 3378,
      "location-before-char-end": 3480,
      "node-str": "folder"
    },
    {
      "type": "delete-node",
      "node": {
        "label": "org.columba.addressbook.gui.SelectAddressDialog",
        "type": "TypeAccess"
      },
      "location-before-char-start": 0,
      "location-before-char-end": 0,
      "node-str": "org.columba.addressbook.gui.SelectAddressDialog"
    },
    {
      "type": "delete-node",
      "node": {
        "label": "pack",
        "type": "Invocation"
      },
      "location-before-char-start": 3587,
      "location-before-char-end": 3593,
      "node-str": "pack"
    },
    {
      "type": "delete-node",
      "node": {
        "label": "org.columba.addressbook.gui.SelectAddressDialog",
        "type": "TypeAccess"
      },
      "location-before-char-start": 0,
      "location-before-char-end": 0,
      "node-str": "org.columba.addressbook.gui.SelectAddressDialog"
    },
    {
      "type": "delete-node",
      "node": {
        "label": "null",
        "type": "Literal"
      },
      "location-before-char-start": 3619,
      "location-before-char-end": 3622,
      "node-str": "null"
    },
    {
      "type": "delete-node",
      "node": {
        "label": "setLocationRelativeTo",
        "type": "Invocation"
      },
      "location-before-char-start": 3597,
      "location-before-char-end": 3624,
      "node-str": "setLocationRelativeTo"
    },
    {
      "type": "delete-node",
      "node": {
        "label": "org.columba.addressbook.gui.SelectAddressDialog",
        "type": "TypeAccess"
      },
      "location-before-char-start": 0,
      "location-before-char-end": 0,
      "node-str": "org.columba.addressbook.gui.SelectAddressDialog"
    },
    {
      "type": "delete-node",
      "node": {
        "label": "true",
        "type": "Literal"
      },
      "location-before-char-start": 3640,
      "location-before-char-end": 3643,
      "node-str": "true"
    },
    {
      "type": "delete-node",
      "node": {
        "label": "setVisible",
        "type": "Invocation"
      },
      "location-before-char-start": 3629,
      "location-before-char-end": 3645,
      "node-str": "setVisible"
    },
    {
      "type": "delete-node",
      "node": {
        "label": "\u003cinit\u003e",
        "type": "Constructor"
      },
      "location-before-char-start": 3055,
      "location-before-char-end": 3648,
      "node-str": "\u003cinit\u003e"
    },
    {
      "type": "delete-node",
      "node": {
        "label": "void",
        "type": "RETURN_TYPE"
      },
      "location-before-char-start": 0,
      "location-before-char-end": 0,
      "node-str": "void"
    },
    {
      "type": "delete-node",
      "node": {
        "label": "public",
        "type": "Modifier"
      },
      "location-before-char-start": 0,
      "location-before-char-end": 0,
      "node-str": "public"
    },
    {
      "type": "delete-node",
      "node": {
        "label": "java.awt.event.ActionEvent",
        "type": "VARIABLE_TYPE"
      },
      "location-before-char-start": 0,
      "location-before-char-end": 0,
      "node-str": "java.awt.event.ActionEvent"
    },
    {
      "type": "delete-node",
      "node": {
        "label": "e",
        "type": "Parameter"
      },
      "location-before-char-start": 12136,
      "location-before-char-end": 12148,
      "node-str": "e"
    },
    {
      "type": "delete-node",
      "node": {
        "label": "java.lang.String",
        "type": "VARIABLE_TYPE"
      },
      "location-before-char-start": 0,
      "location-before-char-end": 0,
      "node-str": "java.lang.String"
    },
    {
      "type": "delete-node",
      "node": {
        "label": "e",
        "type": "VariableRead"
      },
      "location-before-char-start": 12172,
      "location-before-char-end": 12172,
      "node-str": "e"
    },
    {
      "type": "delete-node",
      "node": {
        "label": "getActionCommand",
        "type": "Invocation"
      },
      "location-before-char-start": 12172,
      "location-before-char-end": 12191,
      "node-str": "getActionCommand"
    },
    {
      "type": "delete-node",
      "node": {
        "label": "command",
        "type": "LocalVariable"
      },
      "location-before-char-start": 12155,
      "location-before-char-end": 12192,
      "node-str": "command"
    },
    {
      "type": "delete-node",
      "node": {
        "label": "command",
        "type": "VariableRead"
      },
      "location-before-char-start": 12201,
      "location-before-char-end": 12207,
      "node-str": "command"
    },
    {
      "type": "delete-node",
      "node": {
        "label": "\"CANCEL\"",
        "type": "Literal"
      },
      "location-before-char-start": 12216,
      "location-before-char-end": 12223,
      "node-str": "\"CANCEL\""
    },
    {
      "type": "delete-node",
      "node": {
        "label": "equals",
        "type": "Invocation"
      },
      "location-before-char-start": 12201,
      "location-before-char-end": 12224,
      "node-str": "equals"
    },
    {
      "type": "delete-node",
      "node": {
        "label": "org.columba.addressbook.gui.SelectAddressDialog",
        "type": "TypeAccess"
      },
      "location-before-char-start": 0,
      "location-before-char-end": 0,
      "node-str": "org.columba.addressbook.gui.SelectAddressDialog"
    },
    {
      "type": "delete-node",
      "node": {
        "label": "false",
        "type": "Literal"
      },
      "location-before-char-start": 12257,
      "location-before-char-end": 12261,
      "node-str": "false"
    },
    {
      "type": "delete-node",
      "node": {
        "label": "setVisible",
        "type": "Invocation"
      },
      "location-before-char-start": 12246,
      "location-before-char-end": 12263,
      "node-str": "setVisible"
    },
    {
      "type": "delete-node",
      "node": {
        "label": "THEN",
        "type": "then"
      },
      "location-before-char-start": 12227,
      "location-before-char-end": 12267,
      "node-str": "THEN"
    },
    {
      "type": "delete-node",
      "node": {
        "label": "command",
        "type": "VariableRead"
      },
      "location-before-char-start": 12278,
      "location-before-char-end": 12284,
      "node-str": "command"
    },
    {
      "type": "delete-node",
      "node": {
        "label": "\"OK\"",
        "type": "Literal"
      },
      "location-before-char-start": 12293,
      "location-before-char-end": 12296,
      "node-str": "\"OK\""
    },
    {
      "type": "delete-node",
      "node": {
        "label": "equals",
        "type": "Invocation"
      },
      "location-before-char-start": 12278,
      "location-before-char-end": 12297,
      "node-str": "equals"
    },
    {
      "type": "delete-node",
      "node": {
        "label": "command",
        "type": "VariableRead"
      },
      "location-before-char-start": 13165,
      "location-before-char-end": 13171,
      "node-str": "command"
    },
    {
      "type": "delete-node",
      "node": {
        "label": "\"TO\"",
        "type": "Literal"
      },
      "location-before-char-start": 13180,
      "location-before-char-end": 13183,
      "node-str": "\"TO\""
    },
    {
      "type": "delete-node",
      "node": {
        "label": "equals",
        "type": "Invocation"
      },
      "location-before-char-start": 13165,
      "location-before-char-end": 13184,
      "node-str": "equals"
    },
    {
      "type": "delete-node",
      "node": {
        "label": "command",
        "type": "VariableRead"
      },
      "location-before-char-start": 13517,
      "location-before-char-end": 13523,
      "node-str": "command"
    },
    {
      "type": "delete-node",
      "node": {
        "label": "\"CC\"",
        "type": "Literal"
      },
      "location-before-char-start": 13532,
      "location-before-char-end": 13535,
      "node-str": "\"CC\""
    },
    {
      "type": "delete-node",
      "node": {
        "label": "equals",
        "type": "Invocation"
      },
      "location-before-char-start": 13517,
      "location-before-char-end": 13536,
      "node-str": "equals"
    },
    {
      "type": "delete-node",
      "node": {
        "label": "command",
        "type": "VariableRead"
      },
      "location-before-char-start": 13869,
      "location-before-char-end": 13875,
      "node-str": "command"
    },
    {
      "type": "delete-node",
      "node": {
        "label": "\"BCC\"",
        "type": "Literal"
      },
      "location-before-char-start": 13884,
      "location-before-char-end": 13888,
      "node-str": "\"BCC\""
    },
    {
      "type": "delete-node",
      "node": {
        "label": "equals",
        "type": "Invocation"
      },
      "location-before-char-start": 13869,
      "location-before-char-end": 13889,
      "node-str": "equals"
    },
    {
      "type": "delete-node",
      "node": {
        "label": "command",
        "type": "VariableRead"
      },
      "location-before-char-start": 14222,
      "location-before-char-end": 14228,
      "node-str": "command"
    },
    {
      "type": "delete-node",
      "node": {
        "label": "\"TO_REMOVE\"",
        "type": "Literal"
      },
      "location-before-char-start": 14237,
      "location-before-char-end": 14247,
      "node-str": "\"TO_REMOVE\""
    },
    {
      "type": "delete-node",
      "node": {
        "label": "equals",
        "type": "Invocation"
      },
      "location-before-char-start": 14222,
      "location-before-char-end": 14248,
      "node-str": "equals"
    },
    {
      "type": "delete-node",
      "node": {
        "label": "command",
        "type": "VariableRead"
      },
      "location-before-char-start": 14458,
      "location-before-char-end": 14464,
      "node-str": "command"
    },
    {
      "type": "delete-node",
      "node": {
        "label": "\"CC_REMOVE\"",
        "type": "Literal"
      },
      "location-before-char-start": 14473,
      "location-before-char-end": 14483,
      "node-str": "\"CC_REMOVE\""
    },
    {
      "type": "delete-node",
      "node": {
        "label": "equals",
        "type": "Invocation"
      },
      "location-before-char-start": 14458,
      "location-before-char-end": 14484,
      "node-str": "equals"
    },
    {
      "type": "delete-node",
      "node": {
        "label": "command",
        "type": "VariableRead"
      },
      "location-before-char-start": 14694,
      "location-before-char-end": 14700,
      "node-str": "command"
    },
    {
      "type": "delete-node",
      "node": {
        "label": "\"BCC_REMOVE\"",
        "type": "Literal"
      },
      "location-before-char-start": 14709,
      "location-before-char-end": 14720,
      "node-str": "\"BCC_REMOVE\""
    },
    {
      "type": "delete-node",
      "node": {
        "label": "equals",
        "type": "Invocation"
      },
      "location-before-char-start": 14694,
      "location-before-char-end": 14721,
      "node-str": "equals"
    },
    {
      "type": "delete-node",
      "node": {
        "label": "command",
        "type": "VariableRead"
      },
      "location-before-char-start": 14932,
      "location-before-char-end": 14938,
      "node-str": "command"
    },
    {
      "type": "delete-node",
      "node": {
        "label": "\"CHOOSE\"",
        "type": "Literal"
      },
      "location-before-char-start": 14947,
      "location-before-char-end": 14954,
      "node-str": "\"CHOOSE\""
    },
    {
      "type": "delete-node",
      "node": {
        "label": "equals",
        "type": "Invocation"
      },
      "location-before-char-start": 14932,
      "location-before-char-end": 14955,
      "node-str": "equals"
    },
    {
      "type": "delete-node",
      "node": {
        "label": "org.columba.addressbook.gui.tree.util.SelectAddressbookFolderDialog",
        "type": "VARIABLE_TYPE"
      },
      "location-before-char-start": 0,
      "location-before-char-end": 0,
      "node-str": "org.columba.addressbook.gui.tree.util.SelectAddressbookFolderDialog"
    },
    {
      "type": "delete-node",
      "node": {
        "label": "AddressbookInterface.addressbookTreeModel",
        "type": "TypeAccess"
      },
      "location-before-char-start": 15017,
      "location-before-char-end": 15057,
      "node-str": "AddressbookInterface.addressbookTreeModel"
    },
    {
      "type": "delete-node",
      "node": {
        "label": "getSelectAddressbookFolderDialog",
        "type": "Invocation"
      },
      "location-before-char-start": 15017,
      "location-before-char-end": 15098,
      "node-str": "getSelectAddressbookFolderDialog"
    },
    {
      "type": "delete-node",
      "node": {
        "label": "dialog",
        "type": "LocalVariable"
      },
      "location-before-char-start": 14978,
      "location-before-char-end": 15099,
      "node-str": "dialog"
    },
    {
      "type": "delete-node",
      "node": {
        "label": "org.columba.addressbook.folder.AbstractFolder",
        "type": "VARIABLE_TYPE"
      },
      "location-before-char-start": 0,
      "location-before-char-end": 0,
      "node-str": "org.columba.addressbook.folder.AbstractFolder"
    },
    {
      "type": "delete-node",
      "node": {
        "label": "dialog",
        "type": "VariableRead"
      },
      "location-before-char-start": 15137,
      "location-before-char-end": 15142,
      "node-str": "dialog"
    },
    {
      "type": "delete-node",
      "node": {
        "label": "getSelectedFolder",
        "type": "Invocation"
      },
      "location-before-char-start": 15137,
      "location-before-char-end": 15162,
      "node-str": "getSelectedFolder"
    },
    {
      "type": "delete-node",
      "node": {
        "label": "selectedFolder",
        "type": "LocalVariable"
      },
      "location-before-char-start": 15105,
      "location-before-char-end": 15163,
      "node-str": "selectedFolder"
    },
    {
      "type": "delete-node",
      "node": {
        "label": "THEN",
        "type": "then"
      },
      "location-before-char-start": 14958,
      "location-before-char-end": 15523,
      "node-str": "THEN"
    },
    {
      "type": "delete-node",
      "node": {
        "label": "if",
        "type": "If"
      },
      "location-before-char-start": 14928,
      "location-before-char-end": 15523,
      "node-str": "if"
    },
    {
      "type": "delete-node",
      "node": {
        "label": "ELSE",
        "type": "else"
      },
      "location-before-char-start": 14928,
      "location-before-char-end": 15523,
      "node-str": "ELSE"
    },
    {
      "type": "delete-node",
      "node": {
        "label": "if",
        "type": "If"
      },
      "location-before-char-start": 14690,
      "location-before-char-end": 15523,
      "node-str": "if"
    },
    {
      "type": "delete-node",
      "node": {
        "label": "ELSE",
        "type": "else"
      },
      "location-before-char-start": 14690,
      "location-before-char-end": 15523,
      "node-str": "ELSE"
    },
    {
      "type": "delete-node",
      "node": {
        "label": "if",
        "type": "If"
      },
      "location-before-char-start": 14454,
      "location-before-char-end": 15523,
      "node-str": "if"
    },
    {
      "type": "delete-node",
      "node": {
        "label": "ELSE",
        "type": "else"
      },
      "location-before-char-start": 14454,
      "location-before-char-end": 15523,
      "node-str": "ELSE"
    },
    {
      "type": "delete-node",
      "node": {
        "label": "if",
        "type": "If"
      },
      "location-before-char-start": 14218,
      "location-before-char-end": 15523,
      "node-str": "if"
    },
    {
      "type": "delete-node",
      "node": {
        "label": "ELSE",
        "type": "else"
      },
      "location-before-char-start": 14218,
      "location-before-char-end": 15523,
      "node-str": "ELSE"
    },
    {
      "type": "delete-node",
      "node": {
        "label": "if",
        "type": "If"
      },
      "location-before-char-start": 13865,
      "location-before-char-end": 15523,
      "node-str": "if"
    },
    {
      "type": "delete-node",
      "node": {
        "label": "ELSE",
        "type": "else"
      },
      "location-before-char-start": 13865,
      "location-before-char-end": 15523,
      "node-str": "ELSE"
    },
    {
      "type": "delete-node",
      "node": {
        "label": "if",
        "type": "If"
      },
      "location-before-char-start": 13513,
      "location-before-char-end": 15523,
      "node-str": "if"
    },
    {
      "type": "delete-node",
      "node": {
        "label": "ELSE",
        "type": "else"
      },
      "location-before-char-start": 13513,
      "location-before-char-end": 15523,
      "node-str": "ELSE"
    },
    {
      "type": "delete-node",
      "node": {
        "label": "if",
        "type": "If"
      },
      "location-before-char-start": 13161,
      "location-before-char-end": 15523,
      "node-str": "if"
    },
    {
      "type": "delete-node",
      "node": {
        "label": "ELSE",
        "type": "else"
      },
      "location-before-char-start": 13161,
      "location-before-char-end": 15523,
      "node-str": "ELSE"
    },
    {
      "type": "delete-node",
      "node": {
        "label": "if",
        "type": "If"
      },
      "location-before-char-start": 12274,
      "location-before-char-end": 15523,
      "node-str": "if"
    },
    {
      "type": "delete-node",
      "node": {
        "label": "ELSE",
        "type": "else"
      },
      "location-before-char-start": 12274,
      "location-before-char-end": 15523,
      "node-str": "ELSE"
    },
    {
      "type": "delete-node",
      "node": {
        "label": "if",
        "type": "If"
      },
      "location-before-char-start": 12197,
      "location-before-char-end": 15523,
      "node-str": "if"
    },
    {
      "type": "delete-node",
      "node": {
        "label": "actionPerformed",
        "type": "Method"
      },
      "location-before-char-start": 12108,
      "location-before-char-end": 15526,
      "node-str": "actionPerformed"
    },
    {
      "type": "delete-node",
      "node": {
        "label": "SelectAddressDialog",
        "type": "Class"
      },
      "location-before-char-start": 2104,
      "location-before-char-end": 15528,
      "node-str": "SelectAddressDialog"
    }
  ],
  "before-file": {},
  "after-file": {},
  "mapping": {}
}