{
  "tool-info": {},
  "diff": [
    {
      "type": "insert-node",
      "node": {
        "label": "TabToDo",
        "type": "Class"
      },
      "location-after-char-start": 1838,
      "location-after-char-end": 7904,
      "node-str": "TabToDo"
    },
    {
      "type": "insert-node",
      "node": {
        "label": "public",
        "type": "Modifier"
      },
      "location-after-char-start": 0,
      "location-after-char-end": 0,
      "node-str": "public"
    },
    {
      "type": "insert-node",
      "node": {
        "label": "",
        "type": "TypeReference"
      },
      "location-after-char-start": 1867,
      "location-after-char-end": 1878,
      "node-str": ""
    },
    {
      "type": "insert-node",
      "node": {
        "label": "_numHushes",
        "type": "Field"
      },
      "location-after-char-start": 1909,
      "location-after-char-end": 2030,
      "node-str": "_numHushes"
    },
    {
      "type": "move-subtree",
      "node": {
        "label": "_actionNewToDoItem",
        "type": "Field"
      },
      "location-before-char-start": 2063,
      "location-before-char-end": 2127,
      "location-after-char-start": 2035,
      "location-after-char-end": 2099,
      "node-str": "_actionNewToDoItem"
    },
    {
      "type": "move-subtree",
      "node": {
        "label": "_actionResolve",
        "type": "Field"
      },
      "location-before-char-start": 2131,
      "location-before-char-end": 2187,
      "location-after-char-start": 2103,
      "location-after-char-end": 2159,
      "node-str": "_actionResolve"
    },
    {
      "type": "move-subtree",
      "node": {
        "label": "_actionEmailExpert",
        "type": "Field"
      },
      "location-before-char-start": 2191,
      "location-before-char-end": 2255,
      "location-after-char-start": 2163,
      "location-after-char-end": 2227,
      "node-str": "_actionEmailExpert"
    },
    {
      "type": "move-subtree",
      "node": {
        "label": "_actionSnooze",
        "type": "Field"
      },
      "location-before-char-start": 2259,
      "location-before-char-end": 2377,
      "location-after-char-start": 2231,
      "location-after-char-end": 2349,
      "node-str": "_actionSnooze"
    },
    {
      "type": "insert-node",
      "node": {
        "label": "_target",
        "type": "Field"
      },
      "location-after-char-start": 2353,
      "location-after-char-end": 2795,
      "node-str": "_target"
    },
    {
      "type": "insert-node",
      "node": {
        "label": "_description",
        "type": "Field"
      },
      "location-after-char-start": 2815,
      "location-after-char-end": 3249,
      "node-str": "_description"
    },
    {
      "type": "insert-node",
      "node": {
        "label": "_lastPanel",
        "type": "Field"
      },
      "location-after-char-start": 3253,
      "location-after-char-end": 3277,
      "node-str": "_lastPanel"
    },
    {
      "type": "insert-node",
      "node": {
        "label": "\u003cinit\u003e",
        "type": "Constructor"
      },
      "location-after-char-start": 3285,
      "location-after-char-end": 5442,
      "node-str": "\u003cinit\u003e"
    },
    {
      "type": "move-subtree",
      "node": {
        "label": "showDescription",
        "type": "Method"
      },
      "location-before-char-start": 5475,
      "location-before-char-end": 5663,
      "location-after-char-start": 5447,
      "location-after-char-end": 5635,
      "node-str": "showDescription"
    },
    {
      "type": "insert-node",
      "node": {
        "label": "showStep",
        "type": "Method"
      },
      "location-after-char-start": 5640,
      "location-after-char-end": 5938,
      "node-str": "showStep"
    },
    {
      "type": "move-subtree",
      "node": {
        "label": "setTarget",
        "type": "Method"
      },
      "location-before-char-start": 5974,
      "location-before-char-end": 7328,
      "location-after-char-start": 5946,
      "location-after-char-end": 7300,
      "node-str": "setTarget"
    },
    {
      "type": "move-subtree",
      "node": {
        "label": "getTarget",
        "type": "Method"
      },
      "location-before-char-start": 7332,
      "location-before-char-end": 7376,
      "location-after-char-start": 7304,
      "location-after-char-end": 7348,
      "node-str": "getTarget"
    },
    {
      "type": "move-subtree",
      "node": {
        "label": "refresh",
        "type": "Method"
      },
      "location-before-char-start": 7381,
      "location-before-char-end": 7425,
      "location-after-char-start": 7353,
      "location-after-char-end": 7397,
      "node-str": "refresh"
    },
    {
      "type": "move-subtree",
      "node": {
        "label": "updateActionsEnabled",
        "type": "Method"
      },
      "location-before-char-start": 7430,
      "location-before-char-end": 7902,
      "location-after-char-start": 7402,
      "location-after-char-end": 7874,
      "node-str": "updateActionsEnabled"
    },
    {
      "type": "insert-node",
      "node": {
        "label": "TabSpawnable",
        "type": "SUPER_TYPE"
      },
      "location-after-char-start": 0,
      "location-after-char-end": 0,
      "node-str": "TabSpawnable"
    },
    {
      "type": "insert-node",
      "node": {
        "label": "int",
        "type": "VARIABLE_TYPE"
      },
      "location-after-char-start": 0,
      "location-after-char-end": 0,
      "node-str": "int"
    },
    {
      "type": "insert-node",
      "node": {
        "label": "public",
        "type": "Modifier"
      },
      "location-after-char-start": 0,
      "location-after-char-end": 0,
      "node-str": "public"
    },
    {
      "type": "insert-node",
      "node": {
        "label": "static",
        "type": "Modifier"
      },
      "location-after-char-start": 0,
      "location-after-char-end": 0,
      "node-str": "static"
    },
    {
      "type": "insert-node",
      "node": {
        "label": "0",
        "type": "Literal"
      },
      "location-after-char-start": 2029,
      "location-after-char-end": 2029,
      "node-str": "0"
    },
    {
      "type": "insert-node",
      "node": {
        "label": "java.lang.Object",
        "type": "VARIABLE_TYPE"
      },
      "location-after-char-start": 0,
      "location-after-char-end": 0,
      "node-str": "java.lang.Object"
    },
    {
      "type": "insert-node",
      "node": {
        "label": "uci.uml.ui.WizDescription",
        "type": "VARIABLE_TYPE"
      },
      "location-after-char-start": 0,
      "location-after-char-end": 0,
      "node-str": "uci.uml.ui.WizDescription"
    },
    {
      "type": "insert-node",
      "node": {
        "label": "WizDescription()",
        "type": "ConstructorCall"
      },
      "location-after-char-start": 3229,
      "location-after-char-end": 3248,
      "node-str": "WizDescription()"
    },
    {
      "type": "insert-node",
      "node": {
        "label": "javax.swing.JPanel",
        "type": "VARIABLE_TYPE"
      },
      "location-after-char-start": 0,
      "location-after-char-end": 0,
      "node-str": "javax.swing.JPanel"
    },
    {
      "type": "insert-node",
      "node": {
        "label": "null",
        "type": "Literal"
      },
      "location-after-char-start": 3273,
      "location-after-char-end": 3276,
      "node-str": "null"
    },
    {
      "type": "insert-node",
      "node": {
        "label": "public",
        "type": "Modifier"
      },
      "location-after-char-start": 0,
      "location-after-char-end": 0,
      "node-str": "public"
    },
    {
      "type": "insert-node",
      "node": {
        "label": "\u003cinit\u003e",
        "type": "Invocation"
      },
      "location-after-char-start": 3392,
      "location-after-char-end": 3409,
      "node-str": "\u003cinit\u003e"
    },
    {
      "type": "insert-node",
      "node": {
        "label": "setLayout",
        "type": "Invocation"
      },
      "location-after-char-start": 3415,
      "location-after-char-end": 3444,
      "node-str": "setLayout"
    },
    {
      "type": "insert-node",
      "node": {
        "label": "toolBar",
        "type": "LocalVariable"
      },
      "location-after-char-start": 4271,
      "location-after-char-end": 4302,
      "node-str": "toolBar"
    },
    {
      "type": "insert-node",
      "node": {
        "label": "setLayout",
        "type": "Invocation"
      },
      "location-after-char-start": 4308,
      "location-after-char-end": 4367,
      "node-str": "setLayout"
    },
    {
      "type": "insert-node",
      "node": {
        "label": "add",
        "type": "Invocation"
      },
      "location-after-char-start": 4373,
      "location-after-char-end": 4404,
      "node-str": "add"
    },
    {
      "type": "insert-node",
      "node": {
        "label": "add",
        "type": "Invocation"
      },
      "location-after-char-start": 4410,
      "location-after-char-end": 4437,
      "node-str": "add"
    },
    {
      "type": "insert-node",
      "node": {
        "label": "add",
        "type": "Invocation"
      },
      "location-after-char-start": 4443,
      "location-after-char-end": 4474,
      "node-str": "add"
    },
    {
      "type": "insert-node",
      "node": {
        "label": "add",
        "type": "Invocation"
      },
      "location-after-char-start": 4516,
      "location-after-char-end": 4542,
      "node-str": "add"
    },
    {
      "type": "insert-node",
      "node": {
        "label": "addSeparator",
        "type": "Invocation"
      },
      "location-after-char-start": 4548,
      "location-after-char-end": 4570,
      "node-str": "addSeparator"
    },
    {
      "type": "move-subtree",
      "node": {
        "label": "add",
        "type": "Invocation"
      },
      "location-before-char-start": 5123,
      "location-before-char-end": 5154,
      "location-after-char-start": 5095,
      "location-after-char-end": 5126,
      "node-str": "add"
    },
    {
      "type": "insert-node",
      "node": {
        "label": "setTarget",
        "type": "Invocation"
      },
      "location-after-char-start": 5423,
      "location-after-char-end": 5438,
      "node-str": "setTarget"
    },
    {
      "type": "insert-node",
      "node": {
        "label": "void",
        "type": "RETURN_TYPE"
      },
      "location-after-char-start": 0,
      "location-after-char-end": 0,
      "node-str": "void"
    },
    {
      "type": "insert-node",
      "node": {
        "label": "public",
        "type": "Modifier"
      },
      "location-after-char-start": 0,
      "location-after-char-end": 0,
      "node-str": "public"
    },
    {
      "type": "insert-node",
      "node": {
        "label": "ws",
        "type": "Parameter"
      },
      "location-after-char-start": 5661,
      "location-after-char-end": 5669,
      "node-str": "ws"
    },
    {
      "type": "move-subtree",
      "node": {
        "label": "if",
        "type": "If"
      },
      "location-before-char-start": 5706,
      "location-before-char-end": 5748,
      "location-after-char-start": 5678,
      "location-after-char-end": 5720,
      "node-str": "if"
    },
    {
      "type": "move-subtree",
      "node": {
        "label": "if",
        "type": "If"
      },
      "location-before-char-start": 5754,
      "location-before-char-end": 5931,
      "location-after-char-start": 5726,
      "location-after-char-end": 5903,
      "node-str": "if"
    },
    {
      "type": "insert-node",
      "node": {
        "label": "validate",
        "type": "Invocation"
      },
      "location-after-char-start": 5909,
      "location-after-char-end": 5919,
      "node-str": "validate"
    },
    {
      "type": "insert-node",
      "node": {
        "label": "repaint",
        "type": "Invocation"
      },
      "location-after-char-start": 5925,
      "location-after-char-end": 5934,
      "node-str": "repaint"
    },
    {
      "type": "insert-node",
      "node": {
        "label": "\"ToDoItem\"",
        "type": "Literal"
      },
      "location-after-char-start": 3398,
      "location-after-char-end": 3407,
      "node-str": "\"ToDoItem\""
    },
    {
      "type": "insert-node",
      "node": {
        "label": "uci.uml.ui.TabToDo",
        "type": "TypeAccess"
      },
      "location-after-char-start": 0,
      "location-after-char-end": 0,
      "node-str": "uci.uml.ui.TabToDo"
    },
    {
      "type": "insert-node",
      "node": {
        "label": "java.awt.BorderLayout()",
        "type": "ConstructorCall"
      },
      "location-after-char-start": 3425,
      "location-after-char-end": 3442,
      "node-str": "java.awt.BorderLayout()"
    },
    {
      "type": "insert-node",
      "node": {
        "label": "uci.ui.ToolBar",
        "type": "VARIABLE_TYPE"
      },
      "location-after-char-start": 0,
      "location-after-char-end": 0,
      "node-str": "uci.ui.ToolBar"
    },
    {
      "type": "insert-node",
      "node": {
        "label": "uci.ui.ToolBar()",
        "type": "ConstructorCall"
      },
      "location-after-char-start": 4289,
      "location-after-char-end": 4301,
      "node-str": "uci.ui.ToolBar()"
    },
    {
      "type": "insert-node",
      "node": {
        "label": "toolBar",
        "type": "VariableRead"
      },
      "location-after-char-start": 4308,
      "location-after-char-end": 4314,
      "node-str": "toolBar"
    },
    {
      "type": "insert-node",
      "node": {
        "label": "javax.swing.BoxLayout(java.awt.Container,int)",
        "type": "ConstructorCall"
      },
      "location-after-char-start": 4326,
      "location-after-char-end": 4365,
      "node-str": "javax.swing.BoxLayout(java.awt.Container,int)"
    },
    {
      "type": "insert-node",
      "node": {
        "label": "toolBar",
        "type": "VariableRead"
      },
      "location-after-char-start": 4373,
      "location-after-char-end": 4379,
      "node-str": "toolBar"
    },
    {
      "type": "insert-node",
      "node": {
        "label": "_actionNewToDoItem",
        "type": "FieldRead"
      },
      "location-after-char-start": 4385,
      "location-after-char-end": 4402,
      "node-str": "_actionNewToDoItem"
    },
    {
      "type": "insert-node",
      "node": {
        "label": "toolBar",
        "type": "VariableRead"
      },
      "location-after-char-start": 4410,
      "location-after-char-end": 4416,
      "node-str": "toolBar"
    },
    {
      "type": "insert-node",
      "node": {
        "label": "_actionResolve",
        "type": "FieldRead"
      },
      "location-after-char-start": 4422,
      "location-after-char-end": 4435,
      "node-str": "_actionResolve"
    },
    {
      "type": "insert-node",
      "node": {
        "label": "toolBar",
        "type": "VariableRead"
      },
      "location-after-char-start": 4443,
      "location-after-char-end": 4449,
      "node-str": "toolBar"
    },
    {
      "type": "insert-node",
      "node": {
        "label": "_actionEmailExpert",
        "type": "FieldRead"
      },
      "location-after-char-start": 4455,
      "location-after-char-end": 4472,
      "node-str": "_actionEmailExpert"
    },
    {
      "type": "insert-node",
      "node": {
        "label": "toolBar",
        "type": "VariableRead"
      },
      "location-after-char-start": 4516,
      "location-after-char-end": 4522,
      "node-str": "toolBar"
    },
    {
      "type": "insert-node",
      "node": {
        "label": "_actionSnooze",
        "type": "FieldRead"
      },
      "location-after-char-start": 4528,
      "location-after-char-end": 4540,
      "node-str": "_actionSnooze"
    },
    {
      "type": "insert-node",
      "node": {
        "label": "toolBar",
        "type": "VariableRead"
      },
      "location-after-char-start": 4548,
      "location-after-char-end": 4554,
      "node-str": "toolBar"
    },
    {
      "type": "insert-node",
      "node": {
        "label": "uci.uml.ui.TabToDo",
        "type": "TypeAccess"
      },
      "location-after-char-start": 0,
      "location-after-char-end": 0,
      "node-str": "uci.uml.ui.TabToDo"
    },
    {
      "type": "insert-node",
      "node": {
        "label": "null",
        "type": "Literal"
      },
      "location-after-char-start": 5433,
      "location-after-char-end": 5436,
      "node-str": "null"
    },
    {
      "type": "insert-node",
      "node": {
        "label": "javax.swing.JPanel",
        "type": "VARIABLE_TYPE"
      },
      "location-after-char-start": 0,
      "location-after-char-end": 0,
      "node-str": "javax.swing.JPanel"
    },
    {
      "type": "insert-node",
      "node": {
        "label": "uci.uml.ui.TabToDo",
        "type": "TypeAccess"
      },
      "location-after-char-start": 0,
      "location-after-char-end": 0,
      "node-str": "uci.uml.ui.TabToDo"
    },
    {
      "type": "insert-node",
      "node": {
        "label": "uci.uml.ui.TabToDo",
        "type": "TypeAccess"
      },
      "location-after-char-start": 0,
      "location-after-char-end": 0,
      "node-str": "uci.uml.ui.TabToDo"
    },
    {
      "type": "insert-node",
      "node": {
        "label": "toolBar",
        "type": "VariableRead"
      },
      "location-after-char-start": 4340,
      "location-after-char-end": 4346,
      "node-str": "toolBar"
    },
    {
      "type": "insert-node",
      "node": {
        "label": "Y_AXIS",
        "type": "FieldRead"
      },
      "location-after-char-start": 4349,
      "location-after-char-end": 4364,
      "node-str": "Y_AXIS"
    },
    {
      "type": "insert-node",
      "node": {
        "label": "javax.swing.BoxLayout",
        "type": "TypeAccess"
      },
      "location-after-char-start": 4349,
      "location-after-char-end": 4357,
      "node-str": "javax.swing.BoxLayout"
    },
    {
      "type": "delete-node",
      "node": {
        "label": "public",
        "type": "Modifier"
      },
      "location-before-char-start": 0,
      "location-before-char-end": 0,
      "node-str": "public"
    },
    {
      "type": "delete-node",
      "node": {
        "label": "TabSpawnable",
        "type": "SUPER_TYPE"
      },
      "location-before-char-start": 0,
      "location-before-char-end": 0,
      "node-str": "TabSpawnable"
    },
    {
      "type": "delete-node",
      "node": {
        "label": "",
        "type": "TypeReference"
      },
      "location-before-char-start": 1895,
      "location-before-char-end": 1906,
      "node-str": ""
    },
    {
      "type": "delete-node",
      "node": {
        "label": "int",
        "type": "VARIABLE_TYPE"
      },
      "location-before-char-start": 0,
      "location-before-char-end": 0,
      "node-str": "int"
    },
    {
      "type": "delete-node",
      "node": {
        "label": "public",
        "type": "Modifier"
      },
      "location-before-char-start": 0,
      "location-before-char-end": 0,
      "node-str": "public"
    },
    {
      "type": "delete-node",
      "node": {
        "label": "static",
        "type": "Modifier"
      },
      "location-before-char-start": 0,
      "location-before-char-end": 0,
      "node-str": "static"
    },
    {
      "type": "delete-node",
      "node": {
        "label": "0",
        "type": "Literal"
      },
      "location-before-char-start": 2057,
      "location-before-char-end": 2057,
      "node-str": "0"
    },
    {
      "type": "delete-node",
      "node": {
        "label": "_numHushes",
        "type": "Field"
      },
      "location-before-char-start": 1937,
      "location-before-char-end": 2058,
      "node-str": "_numHushes"
    },
    {
      "type": "delete-node",
      "node": {
        "label": "java.lang.Object",
        "type": "VARIABLE_TYPE"
      },
      "location-before-char-start": 0,
      "location-before-char-end": 0,
      "node-str": "java.lang.Object"
    },
    {
      "type": "delete-node",
      "node": {
        "label": "_target",
        "type": "Field"
      },
      "location-before-char-start": 2381,
      "location-before-char-end": 2823,
      "node-str": "_target"
    },
    {
      "type": "delete-node",
      "node": {
        "label": "uci.uml.ui.WizDescription",
        "type": "VARIABLE_TYPE"
      },
      "location-before-char-start": 0,
      "location-before-char-end": 0,
      "node-str": "uci.uml.ui.WizDescription"
    },
    {
      "type": "delete-node",
      "node": {
        "label": "WizDescription()",
        "type": "ConstructorCall"
      },
      "location-before-char-start": 3257,
      "location-before-char-end": 3276,
      "node-str": "WizDescription()"
    },
    {
      "type": "delete-node",
      "node": {
        "label": "_description",
        "type": "Field"
      },
      "location-before-char-start": 2843,
      "location-before-char-end": 3277,
      "node-str": "_description"
    },
    {
      "type": "delete-node",
      "node": {
        "label": "uci.uml.ui.JPanel",
        "type": "VARIABLE_TYPE"
      },
      "location-before-char-start": 0,
      "location-before-char-end": 0,
      "node-str": "uci.uml.ui.JPanel"
    },
    {
      "type": "delete-node",
      "node": {
        "label": "null",
        "type": "Literal"
      },
      "location-before-char-start": 3301,
      "location-before-char-end": 3304,
      "node-str": "null"
    },
    {
      "type": "delete-node",
      "node": {
        "label": "_lastPanel",
        "type": "Field"
      },
      "location-before-char-start": 3281,
      "location-before-char-end": 3305,
      "node-str": "_lastPanel"
    },
    {
      "type": "delete-node",
      "node": {
        "label": "public",
        "type": "Modifier"
      },
      "location-before-char-start": 0,
      "location-before-char-end": 0,
      "node-str": "public"
    },
    {
      "type": "delete-node",
      "node": {
        "label": "\"ToDoItem\"",
        "type": "Literal"
      },
      "location-before-char-start": 3426,
      "location-before-char-end": 3435,
      "node-str": "\"ToDoItem\""
    },
    {
      "type": "delete-node",
      "node": {
        "label": "\u003cinit\u003e",
        "type": "Invocation"
      },
      "location-before-char-start": 3420,
      "location-before-char-end": 3437,
      "node-str": "\u003cinit\u003e"
    },
    {
      "type": "delete-node",
      "node": {
        "label": "uci.uml.ui.TabToDo",
        "type": "TypeAccess"
      },
      "location-before-char-start": 0,
      "location-before-char-end": 0,
      "node-str": "uci.uml.ui.TabToDo"
    },
    {
      "type": "delete-node",
      "node": {
        "label": "java.awt.BorderLayout()",
        "type": "ConstructorCall"
      },
      "location-before-char-start": 3453,
      "location-before-char-end": 3470,
      "node-str": "java.awt.BorderLayout()"
    },
    {
      "type": "delete-node",
      "node": {
        "label": "setLayout",
        "type": "Invocation"
      },
      "location-before-char-start": 3443,
      "location-before-char-end": 3472,
      "node-str": "setLayout"
    },
    {
      "type": "delete-node",
      "node": {
        "label": "uci.ui.ToolBar",
        "type": "VARIABLE_TYPE"
      },
      "location-before-char-start": 0,
      "location-before-char-end": 0,
      "node-str": "uci.ui.ToolBar"
    },
    {
      "type": "delete-node",
      "node": {
        "label": "uci.ui.ToolBar()",
        "type": "ConstructorCall"
      },
      "location-before-char-start": 4317,
      "location-before-char-end": 4329,
      "node-str": "uci.ui.ToolBar()"
    },
    {
      "type": "delete-node",
      "node": {
        "label": "toolBar",
        "type": "LocalVariable"
      },
      "location-before-char-start": 4299,
      "location-before-char-end": 4330,
      "node-str": "toolBar"
    },
    {
      "type": "delete-node",
      "node": {
        "label": "toolBar",
        "type": "VariableRead"
      },
      "location-before-char-start": 4336,
      "location-before-char-end": 4342,
      "node-str": "toolBar"
    },
    {
      "type": "delete-node",
      "node": {
        "label": "toolBar",
        "type": "VariableRead"
      },
      "location-before-char-start": 4368,
      "location-before-char-end": 4374,
      "node-str": "toolBar"
    },
    {
      "type": "delete-node",
      "node": {
        "label": "BoxLayout",
        "type": "TypeAccess"
      },
      "location-before-char-start": 0,
      "location-before-char-end": 0,
      "node-str": "BoxLayout"
    },
    {
      "type": "delete-node",
      "node": {
        "label": "Y_AXIS",
        "type": "FieldRead"
      },
      "location-before-char-start": 4377,
      "location-before-char-end": 4392,
      "node-str": "Y_AXIS"
    },
    {
      "type": "delete-node",
      "node": {
        "label": "java.lang.Object()",
        "type": "ConstructorCall"
      },
      "location-before-char-start": 4354,
      "location-before-char-end": 4393,
      "node-str": "java.lang.Object()"
    },
    {
      "type": "delete-node",
      "node": {
        "label": "setLayout",
        "type": "Invocation"
      },
      "location-before-char-start": 4336,
      "location-before-char-end": 4395,
      "node-str": "setLayout"
    },
    {
      "type": "delete-node",
      "node": {
        "label": "toolBar",
        "type": "VariableRead"
      },
      "location-before-char-start": 4401,
      "location-before-char-end": 4407,
      "node-str": "toolBar"
    },
    {
      "type": "delete-node",
      "node": {
        "label": "_actionNewToDoItem",
        "type": "FieldRead"
      },
      "location-before-char-start": 4413,
      "location-before-char-end": 4430,
      "node-str": "_actionNewToDoItem"
    },
    {
      "type": "delete-node",
      "node": {
        "label": "add",
        "type": "Invocation"
      },
      "location-before-char-start": 4401,
      "location-before-char-end": 4432,
      "node-str": "add"
    },
    {
      "type": "delete-node",
      "node": {
        "label": "toolBar",
        "type": "VariableRead"
      },
      "location-before-char-start": 4438,
      "location-before-char-end": 4444,
      "node-str": "toolBar"
    },
    {
      "type": "delete-node",
      "node": {
        "label": "_actionResolve",
        "type": "FieldRead"
      },
      "location-before-char-start": 4450,
      "location-before-char-end": 4463,
      "node-str": "_actionResolve"
    },
    {
      "type": "delete-node",
      "node": {
        "label": "add",
        "type": "Invocation"
      },
      "location-before-char-start": 4438,
      "location-before-char-end": 4465,
      "node-str": "add"
    },
    {
      "type": "delete-node",
      "node": {
        "label": "toolBar",
        "type": "VariableRead"
      },
      "location-before-char-start": 4471,
      "location-before-char-end": 4477,
      "node-str": "toolBar"
    },
    {
      "type": "delete-node",
      "node": {
        "label": "_actionEmailExpert",
        "type": "FieldRead"
      },
      "location-before-char-start": 4483,
      "location-before-char-end": 4500,
      "node-str": "_actionEmailExpert"
    },
    {
      "type": "delete-node",
      "node": {
        "label": "add",
        "type": "Invocation"
      },
      "location-before-char-start": 4471,
      "location-before-char-end": 4502,
      "node-str": "add"
    },
    {
      "type": "delete-node",
      "node": {
        "label": "toolBar",
        "type": "VariableRead"
      },
      "location-before-char-start": 4544,
      "location-before-char-end": 4550,
      "node-str": "toolBar"
    },
    {
      "type": "delete-node",
      "node": {
        "label": "_actionSnooze",
        "type": "FieldRead"
      },
      "location-before-char-start": 4556,
      "location-before-char-end": 4568,
      "node-str": "_actionSnooze"
    },
    {
      "type": "delete-node",
      "node": {
        "label": "add",
        "type": "Invocation"
      },
      "location-before-char-start": 4544,
      "location-before-char-end": 4570,
      "node-str": "add"
    },
    {
      "type": "delete-node",
      "node": {
        "label": "toolBar",
        "type": "VariableRead"
      },
      "location-before-char-start": 4576,
      "location-before-char-end": 4582,
      "node-str": "toolBar"
    },
    {
      "type": "delete-node",
      "node": {
        "label": "addSeparator",
        "type": "Invocation"
      },
      "location-before-char-start": 4576,
      "location-before-char-end": 4598,
      "node-str": "addSeparator"
    },
    {
      "type": "delete-node",
      "node": {
        "label": "uci.uml.ui.TabToDo",
        "type": "TypeAccess"
      },
      "location-before-char-start": 0,
      "location-before-char-end": 0,
      "node-str": "uci.uml.ui.TabToDo"
    },
    {
      "type": "delete-node",
      "node": {
        "label": "null",
        "type": "Literal"
      },
      "location-before-char-start": 5461,
      "location-before-char-end": 5464,
      "node-str": "null"
    },
    {
      "type": "delete-node",
      "node": {
        "label": "setTarget",
        "type": "Invocation"
      },
      "location-before-char-start": 5451,
      "location-before-char-end": 5466,
      "node-str": "setTarget"
    },
    {
      "type": "delete-node",
      "node": {
        "label": "\u003cinit\u003e",
        "type": "Constructor"
      },
      "location-before-char-start": 3313,
      "location-before-char-end": 5470,
      "node-str": "\u003cinit\u003e"
    },
    {
      "type": "delete-node",
      "node": {
        "label": "void",
        "type": "RETURN_TYPE"
      },
      "location-before-char-start": 0,
      "location-before-char-end": 0,
      "node-str": "void"
    },
    {
      "type": "delete-node",
      "node": {
        "label": "public",
        "type": "Modifier"
      },
      "location-before-char-start": 0,
      "location-before-char-end": 0,
      "node-str": "public"
    },
    {
      "type": "delete-node",
      "node": {
        "label": "JPanel",
        "type": "VARIABLE_TYPE"
      },
      "location-before-char-start": 0,
      "location-before-char-end": 0,
      "node-str": "JPanel"
    },
    {
      "type": "delete-node",
      "node": {
        "label": "ws",
        "type": "Parameter"
      },
      "location-before-char-start": 5689,
      "location-before-char-end": 5697,
      "node-str": "ws"
    },
    {
      "type": "delete-node",
      "node": {
        "label": "uci.uml.ui.TabToDo",
        "type": "TypeAccess"
      },
      "location-before-char-start": 0,
      "location-before-char-end": 0,
      "node-str": "uci.uml.ui.TabToDo"
    },
    {
      "type": "delete-node",
      "node": {
        "label": "validate",
        "type": "Invocation"
      },
      "location-before-char-start": 5937,
      "location-before-char-end": 5947,
      "node-str": "validate"
    },
    {
      "type": "delete-node",
      "node": {
        "label": "uci.uml.ui.TabToDo",
        "type": "TypeAccess"
      },
      "location-before-char-start": 0,
      "location-before-char-end": 0,
      "node-str": "uci.uml.ui.TabToDo"
    },
    {
      "type": "delete-node",
      "node": {
        "label": "repaint",
        "type": "Invocation"
      },
      "location-before-char-start": 5953,
      "location-before-char-end": 5962,
      "node-str": "repaint"
    },
    {
      "type": "delete-node",
      "node": {
        "label": "showStep",
        "type": "Method"
      },
      "location-before-char-start": 5668,
      "location-before-char-end": 5966,
      "node-str": "showStep"
    },
    {
      "type": "delete-node",
      "node": {
        "label": "TabToDo",
        "type": "Class"
      },
      "location-before-char-start": 1866,
      "location-before-char-end": 7932,
      "node-str": "TabToDo"
    }
  ],
  "before-file": {},
  "after-file": {},
  "mapping": {}
}