{
  "tool-info": {},
  "diff": [
    {
      "type": "insert-node",
      "node": {
        "label": "POP3ServerController",
        "type": "Class"
      },
      "location-after-char-start": 406,
      "location-after-char-end": 4395,
      "node-str": "POP3ServerController"
    },
    {
      "type": "insert-node",
      "node": {
        "label": "public",
        "type": "Modifier"
      },
      "location-after-char-start": 0,
      "location-after-char-end": 0,
      "node-str": "public"
    },
    {
      "type": "move-subtree",
      "node": {
        "label": "ONE_SECOND",
        "type": "Field"
      },
      "location-before-char-start": 720,
      "location-before-char-end": 762,
      "location-after-char-start": 720,
      "location-after-char-end": 762,
      "node-str": "ONE_SECOND"
    },
    {
      "type": "insert-node",
      "node": {
        "label": "server",
        "type": "Field"
      },
      "location-after-char-start": 766,
      "location-after-char-end": 793,
      "node-str": "server"
    },
    {
      "type": "insert-node",
      "node": {
        "label": "hide",
        "type": "Field"
      },
      "location-after-char-start": 797,
      "location-after-char-end": 817,
      "node-str": "hide"
    },
    {
      "type": "insert-node",
      "node": {
        "label": "checkAction",
        "type": "Field"
      },
      "location-after-char-start": 821,
      "location-after-char-end": 851,
      "node-str": "checkAction"
    },
    {
      "type": "insert-node",
      "node": {
        "label": "manageAction",
        "type": "Field"
      },
      "location-after-char-start": 854,
      "location-after-char-end": 886,
      "node-str": "manageAction"
    },
    {
      "type": "insert-node",
      "node": {
        "label": "timer",
        "type": "Field"
      },
      "location-after-char-start": 890,
      "location-after-char-end": 909,
      "node-str": "timer"
    },
    {
      "type": "insert-node",
      "node": {
        "label": "uid",
        "type": "Field"
      },
      "location-after-char-start": 913,
      "location-after-char-end": 928,
      "node-str": "uid"
    },
    {
      "type": "insert-node",
      "node": {
        "label": "\u003cinit\u003e",
        "type": "Constructor"
      },
      "location-after-char-start": 931,
      "location-after-char-end": 1622,
      "node-str": "\u003cinit\u003e"
    },
    {
      "type": "move-subtree",
      "node": {
        "label": "getServer",
        "type": "Method"
      },
      "location-before-char-start": 1622,
      "location-before-char-end": 1672,
      "location-after-char-start": 1626,
      "location-after-char-end": 1676,
      "node-str": "getServer"
    },
    {
      "type": "move-subtree",
      "node": {
        "label": "getAccountItem",
        "type": "Method"
      },
      "location-before-char-start": 1676,
      "location-before-char-end": 1754,
      "location-after-char-start": 1680,
      "location-after-char-end": 1758,
      "node-str": "getAccountItem"
    },
    {
      "type": "insert-node",
      "node": {
        "label": "restartTimer",
        "type": "Method"
      },
      "location-after-char-start": 1762,
      "location-after-char-end": 2223,
      "node-str": "restartTimer"
    },
    {
      "type": "insert-node",
      "node": {
        "label": "updateAction",
        "type": "Method"
      },
      "location-after-char-start": 2227,
      "location-after-char-end": 2557,
      "node-str": "updateAction"
    },
    {
      "type": "move-subtree",
      "node": {
        "label": "getCheckAction",
        "type": "Method"
      },
      "location-before-char-start": 2534,
      "location-before-char-end": 2595,
      "location-after-char-start": 2561,
      "location-after-char-end": 2622,
      "node-str": "getCheckAction"
    },
    {
      "type": "move-subtree",
      "node": {
        "label": "getManageAction",
        "type": "Method"
      },
      "location-before-char-start": 2599,
      "location-before-char-end": 2662,
      "location-after-char-start": 2626,
      "location-after-char-end": 2689,
      "node-str": "getManageAction"
    },
    {
      "type": "move-subtree",
      "node": {
        "label": "enableActions",
        "type": "Method"
      },
      "location-before-char-start": 2666,
      "location-before-char-end": 2775,
      "location-after-char-start": 2693,
      "location-after-char-end": 2802,
      "node-str": "enableActions"
    },
    {
      "type": "move-subtree",
      "node": {
        "label": "setHide",
        "type": "Method"
      },
      "location-before-char-start": 2779,
      "location-before-char-end": 2825,
      "location-after-char-start": 2806,
      "location-after-char-end": 2852,
      "node-str": "setHide"
    },
    {
      "type": "move-subtree",
      "node": {
        "label": "getHide",
        "type": "Method"
      },
      "location-before-char-start": 2829,
      "location-before-char-end": 2872,
      "location-after-char-start": 2856,
      "location-after-char-end": 2899,
      "node-str": "getHide"
    },
    {
      "type": "move-subtree",
      "node": {
        "label": "fetch",
        "type": "Method"
      },
      "location-before-char-start": 2876,
      "location-before-char-end": 3216,
      "location-after-char-start": 2903,
      "location-after-char-end": 3243,
      "node-str": "fetch"
    },
    {
      "type": "move-subtree",
      "node": {
        "label": "check",
        "type": "Method"
      },
      "location-before-char-start": 3221,
      "location-before-char-end": 3567,
      "location-after-char-start": 3248,
      "location-after-char-end": 3594,
      "node-str": "check"
    },
    {
      "type": "move-subtree",
      "node": {
        "label": "actionPerformed",
        "type": "Method"
      },
      "location-before-char-start": 3571,
      "location-before-char-end": 4325,
      "location-after-char-start": 3598,
      "location-after-char-end": 4352,
      "node-str": "actionPerformed"
    },
    {
      "type": "move-subtree",
      "node": {
        "label": "getUid",
        "type": "Method"
      },
      "location-before-char-start": 4328,
      "location-before-char-end": 4365,
      "location-after-char-start": 4355,
      "location-after-char-end": 4392,
      "node-str": "getUid"
    },
    {
      "type": "insert-node",
      "node": {
        "label": "org.columba.mail.pop3.POP3Server",
        "type": "VARIABLE_TYPE"
      },
      "location-after-char-start": 0,
      "location-after-char-end": 0,
      "node-str": "org.columba.mail.pop3.POP3Server"
    },
    {
      "type": "insert-node",
      "node": {
        "label": "protected",
        "type": "Modifier"
      },
      "location-after-char-start": 0,
      "location-after-char-end": 0,
      "node-str": "protected"
    },
    {
      "type": "insert-node",
      "node": {
        "label": "boolean",
        "type": "VARIABLE_TYPE"
      },
      "location-after-char-start": 0,
      "location-after-char-end": 0,
      "node-str": "boolean"
    },
    {
      "type": "insert-node",
      "node": {
        "label": "org.columba.mail.gui.action.BasicAction",
        "type": "VARIABLE_TYPE"
      },
      "location-after-char-start": 0,
      "location-after-char-end": 0,
      "node-str": "org.columba.mail.gui.action.BasicAction"
    },
    {
      "type": "insert-node",
      "node": {
        "label": "public",
        "type": "Modifier"
      },
      "location-after-char-start": 0,
      "location-after-char-end": 0,
      "node-str": "public"
    },
    {
      "type": "insert-node",
      "node": {
        "label": "org.columba.mail.gui.action.BasicAction",
        "type": "VARIABLE_TYPE"
      },
      "location-after-char-start": 0,
      "location-after-char-end": 0,
      "node-str": "org.columba.mail.gui.action.BasicAction"
    },
    {
      "type": "insert-node",
      "node": {
        "label": "javax.swing.Timer",
        "type": "VARIABLE_TYPE"
      },
      "location-after-char-start": 0,
      "location-after-char-end": 0,
      "node-str": "javax.swing.Timer"
    },
    {
      "type": "insert-node",
      "node": {
        "label": "int",
        "type": "VARIABLE_TYPE"
      },
      "location-after-char-start": 0,
      "location-after-char-end": 0,
      "node-str": "int"
    },
    {
      "type": "insert-node",
      "node": {
        "label": "public",
        "type": "Modifier"
      },
      "location-after-char-start": 0,
      "location-after-char-end": 0,
      "node-str": "public"
    },
    {
      "type": "insert-node",
      "node": {
        "label": "accountItem",
        "type": "Parameter"
      },
      "location-after-char-start": 1011,
      "location-after-char-end": 1033,
      "node-str": "accountItem"
    },
    {
      "type": "move-subtree",
      "node": {
        "label": "\u003d",
        "type": "Assignment"
      },
      "location-before-char-start": 1040,
      "location-before-char-end": 1076,
      "location-after-char-start": 1040,
      "location-after-char-end": 1076,
      "node-str": "\u003d"
    },
    {
      "type": "move-subtree",
      "node": {
        "label": "\u003d",
        "type": "Assignment"
      },
      "location-before-char-start": 1081,
      "location-before-char-end": 1092,
      "location-after-char-start": 1081,
      "location-after-char-end": 1092,
      "node-str": "\u003d"
    },
    {
      "type": "move-subtree",
      "node": {
        "label": "\u003d",
        "type": "Assignment"
      },
      "location-before-char-start": 1097,
      "location-before-char-end": 1123,
      "location-after-char-start": 1097,
      "location-after-char-end": 1123,
      "node-str": "\u003d"
    },
    {
      "type": "insert-node",
      "node": {
        "label": "\u003d",
        "type": "Assignment"
      },
      "location-after-char-start": 1127,
      "location-after-char-end": 1320,
      "node-str": "\u003d"
    },
    {
      "type": "move-subtree",
      "node": {
        "label": "addActionListener",
        "type": "Invocation"
      },
      "location-before-char-start": 1322,
      "location-before-char-end": 1357,
      "location-after-char-start": 1324,
      "location-after-char-end": 1359,
      "node-str": "addActionListener"
    },
    {
      "type": "insert-node",
      "node": {
        "label": "\u003d",
        "type": "Assignment"
      },
      "location-after-char-start": 1364,
      "location-after-char-end": 1559,
      "node-str": "\u003d"
    },
    {
      "type": "move-subtree",
      "node": {
        "label": "addActionListener",
        "type": "Invocation"
      },
      "location-before-char-start": 1559,
      "location-before-char-end": 1595,
      "location-after-char-start": 1563,
      "location-after-char-end": 1599,
      "node-str": "addActionListener"
    },
    {
      "type": "insert-node",
      "node": {
        "label": "restartTimer",
        "type": "Invocation"
      },
      "location-after-char-start": 1604,
      "location-after-char-end": 1618,
      "node-str": "restartTimer"
    },
    {
      "type": "insert-node",
      "node": {
        "label": "void",
        "type": "RETURN_TYPE"
      },
      "location-after-char-start": 0,
      "location-after-char-end": 0,
      "node-str": "void"
    },
    {
      "type": "insert-node",
      "node": {
        "label": "public",
        "type": "Modifier"
      },
      "location-after-char-start": 0,
      "location-after-char-end": 0,
      "node-str": "public"
    },
    {
      "type": "move-subtree",
      "node": {
        "label": "item",
        "type": "LocalVariable"
      },
      "location-before-char-start": 1789,
      "location-before-char-end": 1833,
      "location-after-char-start": 1793,
      "location-after-char-end": 1837,
      "node-str": "item"
    },
    {
      "type": "insert-node",
      "node": {
        "label": "if",
        "type": "If"
      },
      "location-after-char-start": 1842,
      "location-after-char-end": 2220,
      "node-str": "if"
    },
    {
      "type": "insert-node",
      "node": {
        "label": "void",
        "type": "RETURN_TYPE"
      },
      "location-after-char-start": 0,
      "location-after-char-end": 0,
      "node-str": "void"
    },
    {
      "type": "insert-node",
      "node": {
        "label": "public",
        "type": "Modifier"
      },
      "location-after-char-start": 0,
      "location-after-char-end": 0,
      "node-str": "public"
    },
    {
      "type": "insert-node",
      "node": {
        "label": "setName",
        "type": "Invocation"
      },
      "location-after-char-start": 2258,
      "location-after-char-end": 2386,
      "node-str": "setName"
    },
    {
      "type": "insert-node",
      "node": {
        "label": "setName",
        "type": "Invocation"
      },
      "location-after-char-start": 2390,
      "location-after-char-end": 2519,
      "node-str": "setName"
    },
    {
      "type": "move-subtree",
      "node": {
        "label": "\u003d",
        "type": "Assignment"
      },
      "location-before-char-start": 2496,
      "location-before-char-end": 2527,
      "location-after-char-start": 2523,
      "location-after-char-end": 2554,
      "node-str": "\u003d"
    },
    {
      "type": "insert-node",
      "node": {
        "label": "org.columba.mail.config.AccountItem",
        "type": "VARIABLE_TYPE"
      },
      "location-after-char-start": 0,
      "location-after-char-end": 0,
      "node-str": "org.columba.mail.config.AccountItem"
    },
    {
      "type": "insert-node",
      "node": {
        "label": "checkAction",
        "type": "FieldWrite"
      },
      "location-after-char-start": 1127,
      "location-after-char-end": 1137,
      "node-str": "checkAction"
    },
    {
      "type": "insert-node",
      "node": {
        "label": "java.lang.Object()",
        "type": "ConstructorCall"
      },
      "location-after-char-start": 1144,
      "location-after-char-end": 1319,
      "node-str": "java.lang.Object()"
    },
    {
      "type": "insert-node",
      "node": {
        "label": "manageAction",
        "type": "FieldWrite"
      },
      "location-after-char-start": 1364,
      "location-after-char-end": 1375,
      "node-str": "manageAction"
    },
    {
      "type": "insert-node",
      "node": {
        "label": "java.lang.Object()",
        "type": "ConstructorCall"
      },
      "location-after-char-start": 1382,
      "location-after-char-end": 1558,
      "node-str": "java.lang.Object()"
    },
    {
      "type": "insert-node",
      "node": {
        "label": "org.columba.mail.pop3.POP3ServerController",
        "type": "TypeAccess"
      },
      "location-after-char-start": 0,
      "location-after-char-end": 0,
      "node-str": "org.columba.mail.pop3.POP3ServerController"
    },
    {
      "type": "insert-node",
      "node": {
        "label": "getBoolean",
        "type": "Invocation"
      },
      "location-after-char-start": 1846,
      "location-after-char-end": 1880,
      "node-str": "getBoolean"
    },
    {
      "type": "insert-node",
      "node": {
        "label": "THEN",
        "type": "then"
      },
      "location-after-char-start": 1883,
      "location-after-char-end": 2083,
      "node-str": "THEN"
    },
    {
      "type": "move-subtree",
      "node": {
        "label": "ELSE",
        "type": "else"
      },
      "location-before-char-start": 2067,
      "location-before-char-end": 2197,
      "location-after-char-start": 2090,
      "location-after-char-end": 2220,
      "node-str": "ELSE"
    },
    {
      "type": "insert-node",
      "node": {
        "label": "checkAction",
        "type": "FieldRead"
      },
      "location-after-char-start": 2258,
      "location-after-char-end": 2268,
      "node-str": "checkAction"
    },
    {
      "type": "insert-node",
      "node": {
        "label": "PLUS",
        "type": "BinaryOperator"
      },
      "location-after-char-start": 2282,
      "location-after-char-end": 2384,
      "node-str": "PLUS"
    },
    {
      "type": "insert-node",
      "node": {
        "label": "manageAction",
        "type": "FieldRead"
      },
      "location-after-char-start": 2390,
      "location-after-char-end": 2401,
      "node-str": "manageAction"
    },
    {
      "type": "insert-node",
      "node": {
        "label": "PLUS",
        "type": "BinaryOperator"
      },
      "location-after-char-start": 2415,
      "location-after-char-end": 2517,
      "node-str": "PLUS"
    },
    {
      "type": "insert-node",
      "node": {
        "label": "org.columba.mail.pop3.POP3ServerController",
        "type": "TypeAccess"
      },
      "location-after-char-start": 0,
      "location-after-char-end": 0,
      "node-str": "org.columba.mail.pop3.POP3ServerController"
    },
    {
      "type": "insert-node",
      "node": {
        "label": "PLUS",
        "type": "BinaryOperator"
      },
      "location-after-char-start": 1165,
      "location-after-char-end": 1260,
      "node-str": "PLUS"
    },
    {
      "type": "insert-node",
      "node": {
        "label": "\"\"",
        "type": "Literal"
      },
      "location-after-char-start": 1267,
      "location-after-char-end": 1268,
      "node-str": "\"\""
    },
    {
      "type": "insert-node",
      "node": {
        "label": "\"CHECK\"",
        "type": "Literal"
      },
      "location-after-char-start": 1275,
      "location-after-char-end": 1281,
      "node-str": "\"CHECK\""
    },
    {
      "type": "insert-node",
      "node": {
        "label": "null",
        "type": "Literal"
      },
      "location-after-char-start": 1288,
      "location-after-char-end": 1291,
      "node-str": "null"
    },
    {
      "type": "insert-node",
      "node": {
        "label": "null",
        "type": "Literal"
      },
      "location-after-char-start": 1298,
      "location-after-char-end": 1301,
      "node-str": "null"
    },
    {
      "type": "insert-node",
      "node": {
        "label": "0",
        "type": "Literal"
      },
      "location-after-char-start": 1308,
      "location-after-char-end": 1308,
      "node-str": "0"
    },
    {
      "type": "insert-node",
      "node": {
        "label": "null",
        "type": "Literal"
      },
      "location-after-char-start": 1315,
      "location-after-char-end": 1318,
      "node-str": "null"
    },
    {
      "type": "insert-node",
      "node": {
        "label": "org.columba.mail.pop3.POP3ServerController",
        "type": "TypeAccess"
      },
      "location-after-char-start": 0,
      "location-after-char-end": 0,
      "node-str": "org.columba.mail.pop3.POP3ServerController"
    },
    {
      "type": "insert-node",
      "node": {
        "label": "PLUS",
        "type": "BinaryOperator"
      },
      "location-after-char-start": 1403,
      "location-after-char-end": 1498,
      "node-str": "PLUS"
    },
    {
      "type": "insert-node",
      "node": {
        "label": "\"\"",
        "type": "Literal"
      },
      "location-after-char-start": 1505,
      "location-after-char-end": 1506,
      "node-str": "\"\""
    },
    {
      "type": "insert-node",
      "node": {
        "label": "\"MANAGE\"",
        "type": "Literal"
      },
      "location-after-char-start": 1513,
      "location-after-char-end": 1520,
      "node-str": "\"MANAGE\""
    },
    {
      "type": "insert-node",
      "node": {
        "label": "null",
        "type": "Literal"
      },
      "location-after-char-start": 1527,
      "location-after-char-end": 1530,
      "node-str": "null"
    },
    {
      "type": "insert-node",
      "node": {
        "label": "null",
        "type": "Literal"
      },
      "location-after-char-start": 1537,
      "location-after-char-end": 1540,
      "node-str": "null"
    },
    {
      "type": "insert-node",
      "node": {
        "label": "0",
        "type": "Literal"
      },
      "location-after-char-start": 1547,
      "location-after-char-end": 1547,
      "node-str": "0"
    },
    {
      "type": "insert-node",
      "node": {
        "label": "null",
        "type": "Literal"
      },
      "location-after-char-start": 1554,
      "location-after-char-end": 1557,
      "node-str": "null"
    },
    {
      "type": "insert-node",
      "node": {
        "label": "item",
        "type": "VariableRead"
      },
      "location-after-char-start": 1846,
      "location-after-char-end": 1849,
      "node-str": "item"
    },
    {
      "type": "insert-node",
      "node": {
        "label": "\"enable_mailcheck\"",
        "type": "Literal"
      },
      "location-after-char-start": 1862,
      "location-after-char-end": 1879,
      "node-str": "\"enable_mailcheck\""
    },
    {
      "type": "insert-node",
      "node": {
        "label": "interval",
        "type": "LocalVariable"
      },
      "location-after-char-start": 1888,
      "location-after-char-end": 1940,
      "node-str": "interval"
    },
    {
      "type": "move-subtree",
      "node": {
        "label": "\u003d",
        "type": "Assignment"
      },
      "location-before-char-start": 1923,
      "location-before-char-end": 1974,
      "location-after-char-start": 1946,
      "location-after-char-end": 1997,
      "node-str": "\u003d"
    },
    {
      "type": "insert-node",
      "node": {
        "label": "restart",
        "type": "Invocation"
      },
      "location-after-char-start": 2002,
      "location-after-char-end": 2017,
      "node-str": "restart"
    },
    {
      "type": "insert-node",
      "node": {
        "label": "org.columba.mail.pop3.POP3ServerController",
        "type": "TypeAccess"
      },
      "location-after-char-start": 0,
      "location-after-char-end": 0,
      "node-str": "org.columba.mail.pop3.POP3ServerController"
    },
    {
      "type": "insert-node",
      "node": {
        "label": "PLUS",
        "type": "BinaryOperator"
      },
      "location-after-char-start": 2282,
      "location-after-char-end": 2374,
      "node-str": "PLUS"
    },
    {
      "type": "insert-node",
      "node": {
        "label": "\")\"",
        "type": "Literal"
      },
      "location-after-char-start": 2382,
      "location-after-char-end": 2384,
      "node-str": "\")\""
    },
    {
      "type": "insert-node",
      "node": {
        "label": "org.columba.mail.pop3.POP3ServerController",
        "type": "TypeAccess"
      },
      "location-after-char-start": 0,
      "location-after-char-end": 0,
      "node-str": "org.columba.mail.pop3.POP3ServerController"
    },
    {
      "type": "insert-node",
      "node": {
        "label": "PLUS",
        "type": "BinaryOperator"
      },
      "location-after-char-start": 2415,
      "location-after-char-end": 2507,
      "node-str": "PLUS"
    },
    {
      "type": "insert-node",
      "node": {
        "label": "\")\"",
        "type": "Literal"
      },
      "location-after-char-start": 2515,
      "location-after-char-end": 2517,
      "node-str": "\")\""
    },
    {
      "type": "insert-node",
      "node": {
        "label": "PLUS",
        "type": "BinaryOperator"
      },
      "location-after-char-start": 1165,
      "location-after-char-end": 1249,
      "node-str": "PLUS"
    },
    {
      "type": "insert-node",
      "node": {
        "label": "\")\"",
        "type": "Literal"
      },
      "location-after-char-start": 1258,
      "location-after-char-end": 1260,
      "node-str": "\")\""
    },
    {
      "type": "insert-node",
      "node": {
        "label": "PLUS",
        "type": "BinaryOperator"
      },
      "location-after-char-start": 1403,
      "location-after-char-end": 1487,
      "node-str": "PLUS"
    },
    {
      "type": "insert-node",
      "node": {
        "label": "\")\"",
        "type": "Literal"
      },
      "location-after-char-start": 1496,
      "location-after-char-end": 1498,
      "node-str": "\")\""
    },
    {
      "type": "insert-node",
      "node": {
        "label": "int",
        "type": "VARIABLE_TYPE"
      },
      "location-after-char-start": 0,
      "location-after-char-end": 0,
      "node-str": "int"
    },
    {
      "type": "insert-node",
      "node": {
        "label": "getInteger",
        "type": "Invocation"
      },
      "location-after-char-start": 1903,
      "location-after-char-end": 1939,
      "node-str": "getInteger"
    },
    {
      "type": "insert-node",
      "node": {
        "label": "timer",
        "type": "FieldRead"
      },
      "location-after-char-start": 2002,
      "location-after-char-end": 2006,
      "node-str": "timer"
    },
    {
      "type": "move-subtree",
      "node": {
        "label": "PLUS",
        "type": "BinaryOperator"
      },
      "location-before-char-start": 2259,
      "location-before-char-end": 2295,
      "location-after-char-start": 2282,
      "location-after-char-end": 2318,
      "node-str": "PLUS"
    },
    {
      "type": "insert-node",
      "node": {
        "label": "get",
        "type": "Invocation"
      },
      "location-after-char-start": 2326,
      "location-after-char-end": 2374,
      "node-str": "get"
    },
    {
      "type": "move-subtree",
      "node": {
        "label": "PLUS",
        "type": "BinaryOperator"
      },
      "location-before-char-start": 2390,
      "location-before-char-end": 2426,
      "location-after-char-start": 2415,
      "location-after-char-end": 2451,
      "node-str": "PLUS"
    },
    {
      "type": "insert-node",
      "node": {
        "label": "get",
        "type": "Invocation"
      },
      "location-after-char-start": 2459,
      "location-after-char-end": 2507,
      "node-str": "get"
    },
    {
      "type": "move-subtree",
      "node": {
        "label": "PLUS",
        "type": "BinaryOperator"
      },
      "location-before-char-start": 1165,
      "location-before-char-end": 1197,
      "location-after-char-start": 1165,
      "location-after-char-end": 1197,
      "node-str": "PLUS"
    },
    {
      "type": "insert-node",
      "node": {
        "label": "get",
        "type": "Invocation"
      },
      "location-after-char-start": 1206,
      "location-after-char-end": 1249,
      "node-str": "get"
    },
    {
      "type": "move-subtree",
      "node": {
        "label": "PLUS",
        "type": "BinaryOperator"
      },
      "location-before-char-start": 1401,
      "location-before-char-end": 1433,
      "location-after-char-start": 1403,
      "location-after-char-end": 1435,
      "node-str": "PLUS"
    },
    {
      "type": "insert-node",
      "node": {
        "label": "get",
        "type": "Invocation"
      },
      "location-after-char-start": 1444,
      "location-after-char-end": 1487,
      "node-str": "get"
    },
    {
      "type": "insert-node",
      "node": {
        "label": "item",
        "type": "VariableRead"
      },
      "location-after-char-start": 1903,
      "location-after-char-end": 1906,
      "node-str": "item"
    },
    {
      "type": "insert-node",
      "node": {
        "label": "\"mailcheck_interval\"",
        "type": "Literal"
      },
      "location-after-char-start": 1919,
      "location-after-char-end": 1938,
      "node-str": "\"mailcheck_interval\""
    },
    {
      "type": "insert-node",
      "node": {
        "label": "org.columba.mail.pop3.POP3ServerController",
        "type": "TypeAccess"
      },
      "location-after-char-start": 0,
      "location-after-char-end": 0,
      "node-str": "org.columba.mail.pop3.POP3ServerController"
    },
    {
      "type": "insert-node",
      "node": {
        "label": "getIdentityItem",
        "type": "Invocation"
      },
      "location-after-char-start": 2326,
      "location-after-char-end": 2359,
      "node-str": "getIdentityItem"
    },
    {
      "type": "insert-node",
      "node": {
        "label": "\"address\"",
        "type": "Literal"
      },
      "location-after-char-start": 2365,
      "location-after-char-end": 2373,
      "node-str": "\"address\""
    },
    {
      "type": "insert-node",
      "node": {
        "label": "getIdentityItem",
        "type": "Invocation"
      },
      "location-after-char-start": 2459,
      "location-after-char-end": 2492,
      "node-str": "getIdentityItem"
    },
    {
      "type": "insert-node",
      "node": {
        "label": "\"address\"",
        "type": "Literal"
      },
      "location-after-char-start": 2498,
      "location-after-char-end": 2506,
      "node-str": "\"address\""
    },
    {
      "type": "insert-node",
      "node": {
        "label": "getIdentityItem",
        "type": "Invocation"
      },
      "location-after-char-start": 1206,
      "location-after-char-end": 1234,
      "node-str": "getIdentityItem"
    },
    {
      "type": "insert-node",
      "node": {
        "label": "\"address\"",
        "type": "Literal"
      },
      "location-after-char-start": 1240,
      "location-after-char-end": 1248,
      "node-str": "\"address\""
    },
    {
      "type": "insert-node",
      "node": {
        "label": "getIdentityItem",
        "type": "Invocation"
      },
      "location-after-char-start": 1444,
      "location-after-char-end": 1472,
      "node-str": "getIdentityItem"
    },
    {
      "type": "insert-node",
      "node": {
        "label": "\"address\"",
        "type": "Literal"
      },
      "location-after-char-start": 1478,
      "location-after-char-end": 1486,
      "node-str": "\"address\""
    },
    {
      "type": "insert-node",
      "node": {
        "label": "getAccountItem",
        "type": "Invocation"
      },
      "location-after-char-start": 2326,
      "location-after-char-end": 2341,
      "node-str": "getAccountItem"
    },
    {
      "type": "insert-node",
      "node": {
        "label": "getAccountItem",
        "type": "Invocation"
      },
      "location-after-char-start": 2459,
      "location-after-char-end": 2474,
      "node-str": "getAccountItem"
    },
    {
      "type": "insert-node",
      "node": {
        "label": "accountItem",
        "type": "VariableRead"
      },
      "location-after-char-start": 1206,
      "location-after-char-end": 1216,
      "node-str": "accountItem"
    },
    {
      "type": "insert-node",
      "node": {
        "label": "accountItem",
        "type": "VariableRead"
      },
      "location-after-char-start": 1444,
      "location-after-char-end": 1454,
      "node-str": "accountItem"
    },
    {
      "type": "insert-node",
      "node": {
        "label": "org.columba.mail.pop3.POP3ServerController",
        "type": "TypeAccess"
      },
      "location-after-char-start": 0,
      "location-after-char-end": 0,
      "node-str": "org.columba.mail.pop3.POP3ServerController"
    },
    {
      "type": "insert-node",
      "node": {
        "label": "org.columba.mail.pop3.POP3ServerController",
        "type": "TypeAccess"
      },
      "location-after-char-start": 0,
      "location-after-char-end": 0,
      "node-str": "org.columba.mail.pop3.POP3ServerController"
    },
    {
      "type": "delete-node",
      "node": {
        "label": "public",
        "type": "Modifier"
      },
      "location-before-char-start": 0,
      "location-before-char-end": 0,
      "node-str": "public"
    },
    {
      "type": "delete-node",
      "node": {
        "label": "org.columba.mail.pop3.POP3Server",
        "type": "VARIABLE_TYPE"
      },
      "location-before-char-start": 0,
      "location-before-char-end": 0,
      "node-str": "org.columba.mail.pop3.POP3Server"
    },
    {
      "type": "delete-node",
      "node": {
        "label": "protected",
        "type": "Modifier"
      },
      "location-before-char-start": 0,
      "location-before-char-end": 0,
      "node-str": "protected"
    },
    {
      "type": "delete-node",
      "node": {
        "label": "server",
        "type": "Field"
      },
      "location-before-char-start": 766,
      "location-before-char-end": 793,
      "node-str": "server"
    },
    {
      "type": "delete-node",
      "node": {
        "label": "boolean",
        "type": "VARIABLE_TYPE"
      },
      "location-before-char-start": 0,
      "location-before-char-end": 0,
      "node-str": "boolean"
    },
    {
      "type": "delete-node",
      "node": {
        "label": "hide",
        "type": "Field"
      },
      "location-before-char-start": 797,
      "location-before-char-end": 817,
      "node-str": "hide"
    },
    {
      "type": "delete-node",
      "node": {
        "label": "org.columba.mail.gui.action.BasicAction",
        "type": "VARIABLE_TYPE"
      },
      "location-before-char-start": 0,
      "location-before-char-end": 0,
      "node-str": "org.columba.mail.gui.action.BasicAction"
    },
    {
      "type": "delete-node",
      "node": {
        "label": "public",
        "type": "Modifier"
      },
      "location-before-char-start": 0,
      "location-before-char-end": 0,
      "node-str": "public"
    },
    {
      "type": "delete-node",
      "node": {
        "label": "checkAction",
        "type": "Field"
      },
      "location-before-char-start": 821,
      "location-before-char-end": 851,
      "node-str": "checkAction"
    },
    {
      "type": "delete-node",
      "node": {
        "label": "org.columba.mail.gui.action.BasicAction",
        "type": "VARIABLE_TYPE"
      },
      "location-before-char-start": 0,
      "location-before-char-end": 0,
      "node-str": "org.columba.mail.gui.action.BasicAction"
    },
    {
      "type": "delete-node",
      "node": {
        "label": "manageAction",
        "type": "Field"
      },
      "location-before-char-start": 854,
      "location-before-char-end": 886,
      "node-str": "manageAction"
    },
    {
      "type": "delete-node",
      "node": {
        "label": "javax.swing.Timer",
        "type": "VARIABLE_TYPE"
      },
      "location-before-char-start": 0,
      "location-before-char-end": 0,
      "node-str": "javax.swing.Timer"
    },
    {
      "type": "delete-node",
      "node": {
        "label": "timer",
        "type": "Field"
      },
      "location-before-char-start": 890,
      "location-before-char-end": 909,
      "node-str": "timer"
    },
    {
      "type": "delete-node",
      "node": {
        "label": "int",
        "type": "VARIABLE_TYPE"
      },
      "location-before-char-start": 0,
      "location-before-char-end": 0,
      "node-str": "int"
    },
    {
      "type": "delete-node",
      "node": {
        "label": "uid",
        "type": "Field"
      },
      "location-before-char-start": 913,
      "location-before-char-end": 928,
      "node-str": "uid"
    },
    {
      "type": "delete-node",
      "node": {
        "label": "public",
        "type": "Modifier"
      },
      "location-before-char-start": 0,
      "location-before-char-end": 0,
      "node-str": "public"
    },
    {
      "type": "delete-node",
      "node": {
        "label": "org.columba.mail.config.AccountItem",
        "type": "VARIABLE_TYPE"
      },
      "location-before-char-start": 0,
      "location-before-char-end": 0,
      "node-str": "org.columba.mail.config.AccountItem"
    },
    {
      "type": "delete-node",
      "node": {
        "label": "accountItem",
        "type": "Parameter"
      },
      "location-before-char-start": 1011,
      "location-before-char-end": 1033,
      "node-str": "accountItem"
    },
    {
      "type": "delete-node",
      "node": {
        "label": "org.columba.mail.pop3.POP3ServerController",
        "type": "TypeAccess"
      },
      "location-before-char-start": 0,
      "location-before-char-end": 0,
      "node-str": "org.columba.mail.pop3.POP3ServerController"
    },
    {
      "type": "delete-node",
      "node": {
        "label": "checkAction",
        "type": "FieldWrite"
      },
      "location-before-char-start": 1127,
      "location-before-char-end": 1137,
      "node-str": "checkAction"
    },
    {
      "type": "delete-node",
      "node": {
        "label": "accountItem",
        "type": "VariableRead"
      },
      "location-before-char-start": 1206,
      "location-before-char-end": 1216,
      "node-str": "accountItem"
    },
    {
      "type": "delete-node",
      "node": {
        "label": "getIdentityItem",
        "type": "Invocation"
      },
      "location-before-char-start": 1206,
      "location-before-char-end": 1234,
      "node-str": "getIdentityItem"
    },
    {
      "type": "delete-node",
      "node": {
        "label": "getAddress",
        "type": "Invocation"
      },
      "location-before-char-start": 1206,
      "location-before-char-end": 1247,
      "node-str": "getAddress"
    },
    {
      "type": "delete-node",
      "node": {
        "label": "PLUS",
        "type": "BinaryOperator"
      },
      "location-before-char-start": 1165,
      "location-before-char-end": 1247,
      "node-str": "PLUS"
    },
    {
      "type": "delete-node",
      "node": {
        "label": "\")\"",
        "type": "Literal"
      },
      "location-before-char-start": 1256,
      "location-before-char-end": 1258,
      "node-str": "\")\""
    },
    {
      "type": "delete-node",
      "node": {
        "label": "PLUS",
        "type": "BinaryOperator"
      },
      "location-before-char-start": 1165,
      "location-before-char-end": 1258,
      "node-str": "PLUS"
    },
    {
      "type": "delete-node",
      "node": {
        "label": "\"\"",
        "type": "Literal"
      },
      "location-before-char-start": 1265,
      "location-before-char-end": 1266,
      "node-str": "\"\""
    },
    {
      "type": "delete-node",
      "node": {
        "label": "\"CHECK\"",
        "type": "Literal"
      },
      "location-before-char-start": 1273,
      "location-before-char-end": 1279,
      "node-str": "\"CHECK\""
    },
    {
      "type": "delete-node",
      "node": {
        "label": "null",
        "type": "Literal"
      },
      "location-before-char-start": 1286,
      "location-before-char-end": 1289,
      "node-str": "null"
    },
    {
      "type": "delete-node",
      "node": {
        "label": "null",
        "type": "Literal"
      },
      "location-before-char-start": 1296,
      "location-before-char-end": 1299,
      "node-str": "null"
    },
    {
      "type": "delete-node",
      "node": {
        "label": "0",
        "type": "Literal"
      },
      "location-before-char-start": 1306,
      "location-before-char-end": 1306,
      "node-str": "0"
    },
    {
      "type": "delete-node",
      "node": {
        "label": "null",
        "type": "Literal"
      },
      "location-before-char-start": 1313,
      "location-before-char-end": 1316,
      "node-str": "null"
    },
    {
      "type": "delete-node",
      "node": {
        "label": "java.lang.Object()",
        "type": "ConstructorCall"
      },
      "location-before-char-start": 1144,
      "location-before-char-end": 1317,
      "node-str": "java.lang.Object()"
    },
    {
      "type": "delete-node",
      "node": {
        "label": "\u003d",
        "type": "Assignment"
      },
      "location-before-char-start": 1127,
      "location-before-char-end": 1318,
      "node-str": "\u003d"
    },
    {
      "type": "delete-node",
      "node": {
        "label": "org.columba.mail.pop3.POP3ServerController",
        "type": "TypeAccess"
      },
      "location-before-char-start": 0,
      "location-before-char-end": 0,
      "node-str": "org.columba.mail.pop3.POP3ServerController"
    },
    {
      "type": "delete-node",
      "node": {
        "label": "manageAction",
        "type": "FieldWrite"
      },
      "location-before-char-start": 1362,
      "location-before-char-end": 1373,
      "node-str": "manageAction"
    },
    {
      "type": "delete-node",
      "node": {
        "label": "accountItem",
        "type": "VariableRead"
      },
      "location-before-char-start": 1442,
      "location-before-char-end": 1452,
      "node-str": "accountItem"
    },
    {
      "type": "delete-node",
      "node": {
        "label": "getIdentityItem",
        "type": "Invocation"
      },
      "location-before-char-start": 1442,
      "location-before-char-end": 1470,
      "node-str": "getIdentityItem"
    },
    {
      "type": "delete-node",
      "node": {
        "label": "getAddress",
        "type": "Invocation"
      },
      "location-before-char-start": 1442,
      "location-before-char-end": 1483,
      "node-str": "getAddress"
    },
    {
      "type": "delete-node",
      "node": {
        "label": "PLUS",
        "type": "BinaryOperator"
      },
      "location-before-char-start": 1401,
      "location-before-char-end": 1483,
      "node-str": "PLUS"
    },
    {
      "type": "delete-node",
      "node": {
        "label": "\")\"",
        "type": "Literal"
      },
      "location-before-char-start": 1492,
      "location-before-char-end": 1494,
      "node-str": "\")\""
    },
    {
      "type": "delete-node",
      "node": {
        "label": "PLUS",
        "type": "BinaryOperator"
      },
      "location-before-char-start": 1401,
      "location-before-char-end": 1494,
      "node-str": "PLUS"
    },
    {
      "type": "delete-node",
      "node": {
        "label": "\"\"",
        "type": "Literal"
      },
      "location-before-char-start": 1501,
      "location-before-char-end": 1502,
      "node-str": "\"\""
    },
    {
      "type": "delete-node",
      "node": {
        "label": "\"MANAGE\"",
        "type": "Literal"
      },
      "location-before-char-start": 1509,
      "location-before-char-end": 1516,
      "node-str": "\"MANAGE\""
    },
    {
      "type": "delete-node",
      "node": {
        "label": "null",
        "type": "Literal"
      },
      "location-before-char-start": 1523,
      "location-before-char-end": 1526,
      "node-str": "null"
    },
    {
      "type": "delete-node",
      "node": {
        "label": "null",
        "type": "Literal"
      },
      "location-before-char-start": 1533,
      "location-before-char-end": 1536,
      "node-str": "null"
    },
    {
      "type": "delete-node",
      "node": {
        "label": "0",
        "type": "Literal"
      },
      "location-before-char-start": 1543,
      "location-before-char-end": 1543,
      "node-str": "0"
    },
    {
      "type": "delete-node",
      "node": {
        "label": "null",
        "type": "Literal"
      },
      "location-before-char-start": 1550,
      "location-before-char-end": 1553,
      "node-str": "null"
    },
    {
      "type": "delete-node",
      "node": {
        "label": "java.lang.Object()",
        "type": "ConstructorCall"
      },
      "location-before-char-start": 1380,
      "location-before-char-end": 1554,
      "node-str": "java.lang.Object()"
    },
    {
      "type": "delete-node",
      "node": {
        "label": "\u003d",
        "type": "Assignment"
      },
      "location-before-char-start": 1362,
      "location-before-char-end": 1555,
      "node-str": "\u003d"
    },
    {
      "type": "delete-node",
      "node": {
        "label": "org.columba.mail.pop3.POP3ServerController",
        "type": "TypeAccess"
      },
      "location-before-char-start": 0,
      "location-before-char-end": 0,
      "node-str": "org.columba.mail.pop3.POP3ServerController"
    },
    {
      "type": "delete-node",
      "node": {
        "label": "restartTimer",
        "type": "Invocation"
      },
      "location-before-char-start": 1600,
      "location-before-char-end": 1614,
      "node-str": "restartTimer"
    },
    {
      "type": "delete-node",
      "node": {
        "label": "\u003cinit\u003e",
        "type": "Constructor"
      },
      "location-before-char-start": 931,
      "location-before-char-end": 1618,
      "node-str": "\u003cinit\u003e"
    },
    {
      "type": "delete-node",
      "node": {
        "label": "void",
        "type": "RETURN_TYPE"
      },
      "location-before-char-start": 0,
      "location-before-char-end": 0,
      "node-str": "void"
    },
    {
      "type": "delete-node",
      "node": {
        "label": "public",
        "type": "Modifier"
      },
      "location-before-char-start": 0,
      "location-before-char-end": 0,
      "node-str": "public"
    },
    {
      "type": "delete-node",
      "node": {
        "label": "item",
        "type": "VariableRead"
      },
      "location-before-char-start": 1842,
      "location-before-char-end": 1845,
      "node-str": "item"
    },
    {
      "type": "delete-node",
      "node": {
        "label": "isMailCheck",
        "type": "Invocation"
      },
      "location-before-char-start": 1842,
      "location-before-char-end": 1859,
      "node-str": "isMailCheck"
    },
    {
      "type": "delete-node",
      "node": {
        "label": "true",
        "type": "Literal"
      },
      "location-before-char-start": 1864,
      "location-before-char-end": 1867,
      "node-str": "true"
    },
    {
      "type": "delete-node",
      "node": {
        "label": "EQ",
        "type": "BinaryOperator"
      },
      "location-before-char-start": 1842,
      "location-before-char-end": 1867,
      "node-str": "EQ"
    },
    {
      "type": "delete-node",
      "node": {
        "label": "int",
        "type": "VARIABLE_TYPE"
      },
      "location-before-char-start": 0,
      "location-before-char-end": 0,
      "node-str": "int"
    },
    {
      "type": "delete-node",
      "node": {
        "label": "item",
        "type": "VariableRead"
      },
      "location-before-char-start": 1890,
      "location-before-char-end": 1893,
      "node-str": "item"
    },
    {
      "type": "delete-node",
      "node": {
        "label": "getMailCheckInterval",
        "type": "Invocation"
      },
      "location-before-char-start": 1890,
      "location-before-char-end": 1916,
      "node-str": "getMailCheckInterval"
    },
    {
      "type": "delete-node",
      "node": {
        "label": "interval",
        "type": "LocalVariable"
      },
      "location-before-char-start": 1875,
      "location-before-char-end": 1917,
      "node-str": "interval"
    },
    {
      "type": "delete-node",
      "node": {
        "label": "org.columba.mail.pop3.POP3ServerController",
        "type": "TypeAccess"
      },
      "location-before-char-start": 0,
      "location-before-char-end": 0,
      "node-str": "org.columba.mail.pop3.POP3ServerController"
    },
    {
      "type": "delete-node",
      "node": {
        "label": "timer",
        "type": "FieldRead"
      },
      "location-before-char-start": 1979,
      "location-before-char-end": 1983,
      "node-str": "timer"
    },
    {
      "type": "delete-node",
      "node": {
        "label": "restart",
        "type": "Invocation"
      },
      "location-before-char-start": 1979,
      "location-before-char-end": 1994,
      "node-str": "restart"
    },
    {
      "type": "delete-node",
      "node": {
        "label": "THEN",
        "type": "then"
      },
      "location-before-char-start": 1870,
      "location-before-char-end": 2060,
      "node-str": "THEN"
    },
    {
      "type": "delete-node",
      "node": {
        "label": "if",
        "type": "If"
      },
      "location-before-char-start": 1838,
      "location-before-char-end": 2197,
      "node-str": "if"
    },
    {
      "type": "delete-node",
      "node": {
        "label": "restartTimer",
        "type": "Method"
      },
      "location-before-char-start": 1758,
      "location-before-char-end": 2200,
      "node-str": "restartTimer"
    },
    {
      "type": "delete-node",
      "node": {
        "label": "void",
        "type": "RETURN_TYPE"
      },
      "location-before-char-start": 0,
      "location-before-char-end": 0,
      "node-str": "void"
    },
    {
      "type": "delete-node",
      "node": {
        "label": "public",
        "type": "Modifier"
      },
      "location-before-char-start": 0,
      "location-before-char-end": 0,
      "node-str": "public"
    },
    {
      "type": "delete-node",
      "node": {
        "label": "org.columba.mail.pop3.POP3ServerController",
        "type": "TypeAccess"
      },
      "location-before-char-start": 0,
      "location-before-char-end": 0,
      "node-str": "org.columba.mail.pop3.POP3ServerController"
    },
    {
      "type": "delete-node",
      "node": {
        "label": "checkAction",
        "type": "FieldRead"
      },
      "location-before-char-start": 2235,
      "location-before-char-end": 2245,
      "node-str": "checkAction"
    },
    {
      "type": "delete-node",
      "node": {
        "label": "org.columba.mail.pop3.POP3ServerController",
        "type": "TypeAccess"
      },
      "location-before-char-start": 0,
      "location-before-char-end": 0,
      "node-str": "org.columba.mail.pop3.POP3ServerController"
    },
    {
      "type": "delete-node",
      "node": {
        "label": "getAccountItem",
        "type": "Invocation"
      },
      "location-before-char-start": 2303,
      "location-before-char-end": 2318,
      "node-str": "getAccountItem"
    },
    {
      "type": "delete-node",
      "node": {
        "label": "getIdentityItem",
        "type": "Invocation"
      },
      "location-before-char-start": 2303,
      "location-before-char-end": 2336,
      "node-str": "getIdentityItem"
    },
    {
      "type": "delete-node",
      "node": {
        "label": "getAddress",
        "type": "Invocation"
      },
      "location-before-char-start": 2303,
      "location-before-char-end": 2349,
      "node-str": "getAddress"
    },
    {
      "type": "delete-node",
      "node": {
        "label": "PLUS",
        "type": "BinaryOperator"
      },
      "location-before-char-start": 2259,
      "location-before-char-end": 2349,
      "node-str": "PLUS"
    },
    {
      "type": "delete-node",
      "node": {
        "label": "\")\"",
        "type": "Literal"
      },
      "location-before-char-start": 2357,
      "location-before-char-end": 2359,
      "node-str": "\")\""
    },
    {
      "type": "delete-node",
      "node": {
        "label": "PLUS",
        "type": "BinaryOperator"
      },
      "location-before-char-start": 2259,
      "location-before-char-end": 2359,
      "node-str": "PLUS"
    },
    {
      "type": "delete-node",
      "node": {
        "label": "setName",
        "type": "Invocation"
      },
      "location-before-char-start": 2235,
      "location-before-char-end": 2361,
      "node-str": "setName"
    },
    {
      "type": "delete-node",
      "node": {
        "label": "org.columba.mail.pop3.POP3ServerController",
        "type": "TypeAccess"
      },
      "location-before-char-start": 0,
      "location-before-char-end": 0,
      "node-str": "org.columba.mail.pop3.POP3ServerController"
    },
    {
      "type": "delete-node",
      "node": {
        "label": "manageAction",
        "type": "FieldRead"
      },
      "location-before-char-start": 2365,
      "location-before-char-end": 2376,
      "node-str": "manageAction"
    },
    {
      "type": "delete-node",
      "node": {
        "label": "org.columba.mail.pop3.POP3ServerController",
        "type": "TypeAccess"
      },
      "location-before-char-start": 0,
      "location-before-char-end": 0,
      "node-str": "org.columba.mail.pop3.POP3ServerController"
    },
    {
      "type": "delete-node",
      "node": {
        "label": "getAccountItem",
        "type": "Invocation"
      },
      "location-before-char-start": 2434,
      "location-before-char-end": 2449,
      "node-str": "getAccountItem"
    },
    {
      "type": "delete-node",
      "node": {
        "label": "getIdentityItem",
        "type": "Invocation"
      },
      "location-before-char-start": 2434,
      "location-before-char-end": 2467,
      "node-str": "getIdentityItem"
    },
    {
      "type": "delete-node",
      "node": {
        "label": "getAddress",
        "type": "Invocation"
      },
      "location-before-char-start": 2434,
      "location-before-char-end": 2480,
      "node-str": "getAddress"
    },
    {
      "type": "delete-node",
      "node": {
        "label": "PLUS",
        "type": "BinaryOperator"
      },
      "location-before-char-start": 2390,
      "location-before-char-end": 2480,
      "node-str": "PLUS"
    },
    {
      "type": "delete-node",
      "node": {
        "label": "\")\"",
        "type": "Literal"
      },
      "location-before-char-start": 2488,
      "location-before-char-end": 2490,
      "node-str": "\")\""
    },
    {
      "type": "delete-node",
      "node": {
        "label": "PLUS",
        "type": "BinaryOperator"
      },
      "location-before-char-start": 2390,
      "location-before-char-end": 2490,
      "node-str": "PLUS"
    },
    {
      "type": "delete-node",
      "node": {
        "label": "setName",
        "type": "Invocation"
      },
      "location-before-char-start": 2365,
      "location-before-char-end": 2492,
      "node-str": "setName"
    },
    {
      "type": "delete-node",
      "node": {
        "label": "updateAction",
        "type": "Method"
      },
      "location-before-char-start": 2204,
      "location-before-char-end": 2530,
      "node-str": "updateAction"
    },
    {
      "type": "delete-node",
      "node": {
        "label": "POP3ServerController",
        "type": "Class"
      },
      "location-before-char-start": 406,
      "location-before-char-end": 4368,
      "node-str": "POP3ServerController"
    }
  ],
  "before-file": {},
  "after-file": {},
  "mapping": {}
}