{
  "tool-info": {},
  "diff": [
    {
      "type": "insert-node",
      "node": {
        "label": "final",
        "type": "Modifier"
      },
      "location-after-char-start": 0,
      "location-after-char-end": 0,
      "node-str": "final"
    },
    {
      "type": "insert-node",
      "node": {
        "label": "public",
        "type": "Modifier"
      },
      "location-after-char-start": 0,
      "location-after-char-end": 0,
      "node-str": "public"
    },
    {
      "type": "insert-node",
      "node": {
        "label": "",
        "type": "TypeReference"
      },
      "location-after-char-start": 2910,
      "location-after-char-end": 2925,
      "node-str": ""
    },
    {
      "type": "insert-node",
      "node": {
        "label": "localResourceManager",
        "type": "Field"
      },
      "location-after-char-start": 3324,
      "location-after-char-end": 3373,
      "node-str": "localResourceManager"
    },
    {
      "type": "insert-node",
      "node": {
        "label": "menuItemListener",
        "type": "Field"
      },
      "location-after-char-start": 3377,
      "location-after-char-end": 3410,
      "node-str": "menuItemListener"
    },
    {
      "type": "insert-node",
      "node": {
        "label": "widget",
        "type": "Field"
      },
      "location-after-char-start": 3414,
      "location-after-char-end": 3435,
      "node-str": "widget"
    },
    {
      "type": "insert-node",
      "node": {
        "label": "menuService",
        "type": "Field"
      },
      "location-after-char-start": 3439,
      "location-after-char-end": 3471,
      "node-str": "menuService"
    },
    {
      "type": "insert-node",
      "node": {
        "label": "commandService",
        "type": "Field"
      },
      "location-after-char-start": 3475,
      "location-after-char-end": 3513,
      "node-str": "commandService"
    },
    {
      "type": "insert-node",
      "node": {
        "label": "handlerService",
        "type": "Field"
      },
      "location-after-char-start": 3517,
      "location-after-char-end": 3555,
      "node-str": "handlerService"
    },
    {
      "type": "insert-node",
      "node": {
        "label": "bindingService",
        "type": "Field"
      },
      "location-after-char-start": 3559,
      "location-after-char-end": 3597,
      "node-str": "bindingService"
    },
    {
      "type": "insert-node",
      "node": {
        "label": "command",
        "type": "Field"
      },
      "location-after-char-start": 3601,
      "location-after-char-end": 3637,
      "node-str": "command"
    },
    {
      "type": "insert-node",
      "node": {
        "label": "icon",
        "type": "Field"
      },
      "location-after-char-start": 3641,
      "location-after-char-end": 3669,
      "node-str": "icon"
    },
    {
      "type": "insert-node",
      "node": {
        "label": "label",
        "type": "Field"
      },
      "location-after-char-start": 3673,
      "location-after-char-end": 3693,
      "node-str": "label"
    },
    {
      "type": "insert-node",
      "node": {
        "label": "tooltip",
        "type": "Field"
      },
      "location-after-char-start": 3697,
      "location-after-char-end": 3719,
      "node-str": "tooltip"
    },
    {
      "type": "insert-node",
      "node": {
        "label": "disabledIcon",
        "type": "Field"
      },
      "location-after-char-start": 3723,
      "location-after-char-end": 3759,
      "node-str": "disabledIcon"
    },
    {
      "type": "insert-node",
      "node": {
        "label": "hoverIcon",
        "type": "Field"
      },
      "location-after-char-start": 3763,
      "location-after-char-end": 3796,
      "node-str": "hoverIcon"
    },
    {
      "type": "insert-node",
      "node": {
        "label": "mnemonic",
        "type": "Field"
      },
      "location-after-char-start": 3800,
      "location-after-char-end": 3823,
      "node-str": "mnemonic"
    },
    {
      "type": "insert-node",
      "node": {
        "label": "elementRef",
        "type": "Field"
      },
      "location-after-char-start": 3827,
      "location-after-char-end": 3863,
      "node-str": "elementRef"
    },
    {
      "type": "insert-node",
      "node": {
        "label": "checkedState",
        "type": "Field"
      },
      "location-after-char-start": 3867,
      "location-after-char-end": 3895,
      "node-str": "checkedState"
    },
    {
      "type": "insert-node",
      "node": {
        "label": "style",
        "type": "Field"
      },
      "location-after-char-start": 3899,
      "location-after-char-end": 3916,
      "node-str": "style"
    },
    {
      "type": "insert-node",
      "node": {
        "label": "commandListener",
        "type": "Field"
      },
      "location-after-char-start": 3920,
      "location-after-char-end": 3960,
      "node-str": "commandListener"
    },
    {
      "type": "insert-node",
      "node": {
        "label": "dropDownMenuOverride",
        "type": "Field"
      },
      "location-after-char-start": 3964,
      "location-after-char-end": 3999,
      "node-str": "dropDownMenuOverride"
    },
    {
      "type": "insert-node",
      "node": {
        "label": "workbenchHelpSystem",
        "type": "Field"
      },
      "location-after-char-start": 4003,
      "location-after-char-end": 4051,
      "node-str": "workbenchHelpSystem"
    },
    {
      "type": "insert-node",
      "node": {
        "label": "helpContextId",
        "type": "Field"
      },
      "location-after-char-start": 4055,
      "location-after-char-end": 4083,
      "node-str": "helpContextId"
    },
    {
      "type": "insert-node",
      "node": {
        "label": "visibleEnabled",
        "type": "Field"
      },
      "location-after-char-start": 4087,
      "location-after-char-end": 4247,
      "node-str": "visibleEnabled"
    },
    {
      "type": "insert-node",
      "node": {
        "label": "getCommandListener",
        "type": "Method"
      },
      "location-after-char-start": 10011,
      "location-after-char-end": 10421,
      "node-str": "getCommandListener"
    },
    {
      "type": "insert-node",
      "node": {
        "label": "updateCommandProperties",
        "type": "Method"
      },
      "location-after-char-start": 10425,
      "location-after-char-end": 11176,
      "node-str": "updateCommandProperties"
    },
    {
      "type": "insert-node",
      "node": {
        "label": "getItemListener",
        "type": "Method"
      },
      "location-after-char-start": 17511,
      "location-after-char-end": 17929,
      "node-str": "getItemListener"
    },
    {
      "type": "insert-node",
      "node": {
        "label": "openDropDownMenu",
        "type": "Method"
      },
      "location-after-char-start": 18886,
      "location-after-char-end": 20340,
      "node-str": "openDropDownMenu"
    },
    {
      "type": "insert-node",
      "node": {
        "label": "org.eclipse.jface.action.ContributionItem",
        "type": "SUPER_TYPE"
      },
      "location-after-char-start": 0,
      "location-after-char-end": 0,
      "node-str": "org.eclipse.jface.action.ContributionItem"
    },
    {
      "type": "insert-node",
      "node": {
        "label": "org.eclipse.jface.resource.LocalResourceManager",
        "type": "VARIABLE_TYPE"
      },
      "location-after-char-start": 0,
      "location-after-char-end": 0,
      "node-str": "org.eclipse.jface.resource.LocalResourceManager"
    },
    {
      "type": "insert-node",
      "node": {
        "label": "org.eclipse.swt.widgets.Listener",
        "type": "VARIABLE_TYPE"
      },
      "location-after-char-start": 0,
      "location-after-char-end": 0,
      "node-str": "org.eclipse.swt.widgets.Listener"
    },
    {
      "type": "insert-node",
      "node": {
        "label": "org.eclipse.swt.widgets.Widget",
        "type": "VARIABLE_TYPE"
      },
      "location-after-char-start": 0,
      "location-after-char-end": 0,
      "node-str": "org.eclipse.swt.widgets.Widget"
    },
    {
      "type": "insert-node",
      "node": {
        "label": "org.eclipse.ui.menus.IMenuService",
        "type": "VARIABLE_TYPE"
      },
      "location-after-char-start": 0,
      "location-after-char-end": 0,
      "node-str": "org.eclipse.ui.menus.IMenuService"
    },
    {
      "type": "insert-node",
      "node": {
        "label": "org.eclipse.ui.commands.ICommandService",
        "type": "VARIABLE_TYPE"
      },
      "location-after-char-start": 0,
      "location-after-char-end": 0,
      "node-str": "org.eclipse.ui.commands.ICommandService"
    },
    {
      "type": "insert-node",
      "node": {
        "label": "org.eclipse.ui.handlers.IHandlerService",
        "type": "VARIABLE_TYPE"
      },
      "location-after-char-start": 0,
      "location-after-char-end": 0,
      "node-str": "org.eclipse.ui.handlers.IHandlerService"
    },
    {
      "type": "insert-node",
      "node": {
        "label": "org.eclipse.ui.keys.IBindingService",
        "type": "VARIABLE_TYPE"
      },
      "location-after-char-start": 0,
      "location-after-char-end": 0,
      "node-str": "org.eclipse.ui.keys.IBindingService"
    },
    {
      "type": "insert-node",
      "node": {
        "label": "org.eclipse.core.commands.ParameterizedCommand",
        "type": "VARIABLE_TYPE"
      },
      "location-after-char-start": 0,
      "location-after-char-end": 0,
      "node-str": "org.eclipse.core.commands.ParameterizedCommand"
    },
    {
      "type": "insert-node",
      "node": {
        "label": "org.eclipse.jface.resource.ImageDescriptor",
        "type": "VARIABLE_TYPE"
      },
      "location-after-char-start": 0,
      "location-after-char-end": 0,
      "node-str": "org.eclipse.jface.resource.ImageDescriptor"
    },
    {
      "type": "insert-node",
      "node": {
        "label": "java.lang.String",
        "type": "VARIABLE_TYPE"
      },
      "location-after-char-start": 0,
      "location-after-char-end": 0,
      "node-str": "java.lang.String"
    },
    {
      "type": "insert-node",
      "node": {
        "label": "java.lang.String",
        "type": "VARIABLE_TYPE"
      },
      "location-after-char-start": 0,
      "location-after-char-end": 0,
      "node-str": "java.lang.String"
    },
    {
      "type": "insert-node",
      "node": {
        "label": "org.eclipse.jface.resource.ImageDescriptor",
        "type": "VARIABLE_TYPE"
      },
      "location-after-char-start": 0,
      "location-after-char-end": 0,
      "node-str": "org.eclipse.jface.resource.ImageDescriptor"
    },
    {
      "type": "insert-node",
      "node": {
        "label": "org.eclipse.jface.resource.ImageDescriptor",
        "type": "VARIABLE_TYPE"
      },
      "location-after-char-start": 0,
      "location-after-char-end": 0,
      "node-str": "org.eclipse.jface.resource.ImageDescriptor"
    },
    {
      "type": "insert-node",
      "node": {
        "label": "java.lang.String",
        "type": "VARIABLE_TYPE"
      },
      "location-after-char-start": 0,
      "location-after-char-end": 0,
      "node-str": "java.lang.String"
    },
    {
      "type": "insert-node",
      "node": {
        "label": "org.eclipse.ui.commands.IElementReference",
        "type": "VARIABLE_TYPE"
      },
      "location-after-char-start": 0,
      "location-after-char-end": 0,
      "node-str": "org.eclipse.ui.commands.IElementReference"
    },
    {
      "type": "insert-node",
      "node": {
        "label": "boolean",
        "type": "VARIABLE_TYPE"
      },
      "location-after-char-start": 0,
      "location-after-char-end": 0,
      "node-str": "boolean"
    },
    {
      "type": "insert-node",
      "node": {
        "label": "int",
        "type": "VARIABLE_TYPE"
      },
      "location-after-char-start": 0,
      "location-after-char-end": 0,
      "node-str": "int"
    },
    {
      "type": "insert-node",
      "node": {
        "label": "org.eclipse.core.commands.ICommandListener",
        "type": "VARIABLE_TYPE"
      },
      "location-after-char-start": 0,
      "location-after-char-end": 0,
      "node-str": "org.eclipse.core.commands.ICommandListener"
    },
    {
      "type": "insert-node",
      "node": {
        "label": "java.lang.String",
        "type": "VARIABLE_TYPE"
      },
      "location-after-char-start": 0,
      "location-after-char-end": 0,
      "node-str": "java.lang.String"
    },
    {
      "type": "insert-node",
      "node": {
        "label": "org.eclipse.ui.help.IWorkbenchHelpSystem",
        "type": "VARIABLE_TYPE"
      },
      "location-after-char-start": 0,
      "location-after-char-end": 0,
      "node-str": "org.eclipse.ui.help.IWorkbenchHelpSystem"
    },
    {
      "type": "insert-node",
      "node": {
        "label": "java.lang.String",
        "type": "VARIABLE_TYPE"
      },
      "location-after-char-start": 0,
      "location-after-char-end": 0,
      "node-str": "java.lang.String"
    },
    {
      "type": "insert-node",
      "node": {
        "label": "boolean",
        "type": "VARIABLE_TYPE"
      },
      "location-after-char-start": 0,
      "location-after-char-end": 0,
      "node-str": "boolean"
    },
    {
      "type": "insert-node",
      "node": {
        "label": "org.eclipse.core.commands.ICommandListener",
        "type": "RETURN_TYPE"
      },
      "location-after-char-start": 0,
      "location-after-char-end": 0,
      "node-str": "org.eclipse.core.commands.ICommandListener"
    },
    {
      "type": "insert-node",
      "node": {
        "label": "if",
        "type": "If"
      },
      "location-after-char-start": 10061,
      "location-after-char-end": 10392,
      "node-str": "if"
    },
    {
      "type": "move-subtree",
      "node": {
        "label": "return",
        "type": "Return"
      },
      "location-before-char-start": 10736,
      "location-before-char-end": 10758,
      "location-after-char-start": 10396,
      "location-after-char-end": 10418,
      "node-str": "return"
    },
    {
      "type": "insert-node",
      "node": {
        "label": "void",
        "type": "RETURN_TYPE"
      },
      "location-after-char-start": 0,
      "location-after-char-end": 0,
      "node-str": "void"
    },
    {
      "type": "insert-node",
      "node": {
        "label": "commandEvent",
        "type": "Parameter"
      },
      "location-after-char-start": 10462,
      "location-after-char-end": 10492,
      "node-str": "commandEvent"
    },
    {
      "type": "move-subtree",
      "node": {
        "label": "if",
        "type": "If"
      },
      "location-before-char-start": 10293,
      "location-before-char-end": 10374,
      "location-after-char-start": 10499,
      "location-after-char-end": 10572,
      "node-str": "if"
    },
    {
      "type": "insert-node",
      "node": {
        "label": "if",
        "type": "If"
      },
      "location-after-char-start": 10576,
      "location-after-char-end": 10634,
      "node-str": "if"
    },
    {
      "type": "insert-node",
      "node": {
        "label": "display",
        "type": "LocalVariable"
      },
      "location-after-char-start": 10638,
      "location-after-char-end": 10675,
      "node-str": "display"
    },
    {
      "type": "insert-node",
      "node": {
        "label": "update",
        "type": "LocalVariable"
      },
      "location-after-char-start": 10679,
      "location-after-char-end": 11056,
      "node-str": "update"
    },
    {
      "type": "insert-node",
      "node": {
        "label": "if",
        "type": "If"
      },
      "location-after-char-start": 11060,
      "location-after-char-end": 11173,
      "node-str": "if"
    },
    {
      "type": "insert-node",
      "node": {
        "label": "org.eclipse.swt.widgets.Listener",
        "type": "RETURN_TYPE"
      },
      "location-after-char-start": 0,
      "location-after-char-end": 0,
      "node-str": "org.eclipse.swt.widgets.Listener"
    },
    {
      "type": "insert-node",
      "node": {
        "label": "if",
        "type": "If"
      },
      "location-after-char-start": 17550,
      "location-after-char-end": 17899,
      "node-str": "if"
    },
    {
      "type": "move-subtree",
      "node": {
        "label": "return",
        "type": "Return"
      },
      "location-before-char-start": 17489,
      "location-before-char-end": 17512,
      "location-after-char-start": 17903,
      "location-after-char-end": 17926,
      "node-str": "return"
    },
    {
      "type": "insert-node",
      "node": {
        "label": "boolean",
        "type": "RETURN_TYPE"
      },
      "location-after-char-start": 0,
      "location-after-char-end": 0,
      "node-str": "boolean"
    },
    {
      "type": "insert-node",
      "node": {
        "label": "event",
        "type": "Parameter"
      },
      "location-after-char-start": 19232,
      "location-after-char-end": 19242,
      "node-str": "event"
    },
    {
      "type": "move-subtree",
      "node": {
        "label": "item",
        "type": "LocalVariable"
      },
      "location-before-char-start": 18835,
      "location-before-char-end": 18861,
      "location-after-char-start": 19249,
      "location-after-char-end": 19275,
      "node-str": "item"
    },
    {
      "type": "insert-node",
      "node": {
        "label": "if",
        "type": "If"
      },
      "location-after-char-start": 19279,
      "location-after-char-end": 20320,
      "node-str": "if"
    },
    {
      "type": "insert-node",
      "node": {
        "label": "return",
        "type": "Return"
      },
      "location-after-char-start": 20325,
      "location-after-char-end": 20337,
      "node-str": "return"
    },
    {
      "type": "move-subtree",
      "node": {
        "label": "EQ",
        "type": "BinaryOperator"
      },
      "location-before-char-start": 10026,
      "location-before-char-end": 10048,
      "location-after-char-start": 10065,
      "location-after-char-end": 10087,
      "node-str": "EQ"
    },
    {
      "type": "insert-node",
      "node": {
        "label": "THEN",
        "type": "then"
      },
      "location-after-char-start": 10090,
      "location-after-char-end": 10392,
      "node-str": "THEN"
    },
    {
      "type": "insert-node",
      "node": {
        "label": "org.eclipse.core.commands.CommandEvent",
        "type": "VARIABLE_TYPE"
      },
      "location-after-char-start": 0,
      "location-after-char-end": 0,
      "node-str": "org.eclipse.core.commands.CommandEvent"
    },
    {
      "type": "insert-node",
      "node": {
        "label": "final",
        "type": "Modifier"
      },
      "location-after-char-start": 0,
      "location-after-char-end": 0,
      "node-str": "final"
    },
    {
      "type": "insert-node",
      "node": {
        "label": "OR",
        "type": "BinaryOperator"
      },
      "location-after-char-start": 10580,
      "location-after-char-end": 10616,
      "node-str": "OR"
    },
    {
      "type": "insert-node",
      "node": {
        "label": "THEN",
        "type": "then"
      },
      "location-after-char-start": 10619,
      "location-after-char-end": 10634,
      "node-str": "THEN"
    },
    {
      "type": "insert-node",
      "node": {
        "label": "org.eclipse.swt.widgets.Display",
        "type": "VARIABLE_TYPE"
      },
      "location-after-char-start": 0,
      "location-after-char-end": 0,
      "node-str": "org.eclipse.swt.widgets.Display"
    },
    {
      "type": "insert-node",
      "node": {
        "label": "getDisplay",
        "type": "Invocation"
      },
      "location-after-char-start": 10656,
      "location-after-char-end": 10674,
      "node-str": "getDisplay"
    },
    {
      "type": "insert-node",
      "node": {
        "label": "java.lang.Runnable",
        "type": "VARIABLE_TYPE"
      },
      "location-after-char-start": 0,
      "location-after-char-end": 0,
      "node-str": "java.lang.Runnable"
    },
    {
      "type": "insert-node",
      "node": {
        "label": "org.eclipse.ui.menus.CommandContributionItem$3()",
        "type": "NewClass"
      },
      "location-after-char-start": 10697,
      "location-after-char-end": 11055,
      "node-str": "org.eclipse.ui.menus.CommandContributionItem$3()"
    },
    {
      "type": "insert-node",
      "node": {
        "label": "EQ",
        "type": "BinaryOperator"
      },
      "location-after-char-start": 11064,
      "location-after-char-end": 11108,
      "node-str": "EQ"
    },
    {
      "type": "insert-node",
      "node": {
        "label": "THEN",
        "type": "then"
      },
      "location-after-char-start": 11111,
      "location-after-char-end": 11132,
      "node-str": "THEN"
    },
    {
      "type": "insert-node",
      "node": {
        "label": "ELSE",
        "type": "else"
      },
      "location-after-char-start": 11139,
      "location-after-char-end": 11173,
      "node-str": "ELSE"
    },
    {
      "type": "move-subtree",
      "node": {
        "label": "EQ",
        "type": "BinaryOperator"
      },
      "location-before-char-start": 17140,
      "location-before-char-end": 17163,
      "location-after-char-start": 17554,
      "location-after-char-end": 17577,
      "node-str": "EQ"
    },
    {
      "type": "insert-node",
      "node": {
        "label": "THEN",
        "type": "then"
      },
      "location-after-char-start": 17580,
      "location-after-char-end": 17899,
      "node-str": "THEN"
    },
    {
      "type": "insert-node",
      "node": {
        "label": "org.eclipse.swt.widgets.Event",
        "type": "VARIABLE_TYPE"
      },
      "location-after-char-start": 0,
      "location-after-char-end": 0,
      "node-str": "org.eclipse.swt.widgets.Event"
    },
    {
      "type": "insert-node",
      "node": {
        "label": "NE",
        "type": "BinaryOperator"
      },
      "location-after-char-start": 19283,
      "location-after-char-end": 19294,
      "node-str": "NE"
    },
    {
      "type": "insert-node",
      "node": {
        "label": "THEN",
        "type": "then"
      },
      "location-after-char-start": 19297,
      "location-after-char-end": 20320,
      "node-str": "THEN"
    },
    {
      "type": "insert-node",
      "node": {
        "label": "false",
        "type": "Literal"
      },
      "location-after-char-start": 20332,
      "location-after-char-end": 20336,
      "node-str": "false"
    },
    {
      "type": "insert-node",
      "node": {
        "label": "\u003d",
        "type": "Assignment"
      },
      "location-after-char-start": 10095,
      "location-after-char-end": 10388,
      "node-str": "\u003d"
    },
    {
      "type": "insert-node",
      "node": {
        "label": "EQ",
        "type": "BinaryOperator"
      },
      "location-after-char-start": 10580,
      "location-after-char-end": 10593,
      "node-str": "EQ"
    },
    {
      "type": "insert-node",
      "node": {
        "label": "isDisposed",
        "type": "Invocation"
      },
      "location-after-char-start": 10598,
      "location-after-char-end": 10616,
      "node-str": "isDisposed"
    },
    {
      "type": "insert-node",
      "node": {
        "label": "return",
        "type": "Return"
      },
      "location-after-char-start": 10624,
      "location-after-char-end": 10630,
      "node-str": "return"
    },
    {
      "type": "insert-node",
      "node": {
        "label": "widget",
        "type": "FieldRead"
      },
      "location-after-char-start": 10656,
      "location-after-char-end": 10661,
      "node-str": "widget"
    },
    {
      "type": "insert-node",
      "node": {
        "label": "3",
        "type": "Class"
      },
      "location-after-char-start": 10712,
      "location-after-char-end": 11055,
      "node-str": "3"
    },
    {
      "type": "insert-node",
      "node": {
        "label": "getThread",
        "type": "Invocation"
      },
      "location-after-char-start": 11064,
      "location-after-char-end": 11082,
      "node-str": "getThread"
    },
    {
      "type": "insert-node",
      "node": {
        "label": "currentThread",
        "type": "Invocation"
      },
      "location-after-char-start": 11087,
      "location-after-char-end": 11108,
      "node-str": "currentThread"
    },
    {
      "type": "insert-node",
      "node": {
        "label": "run",
        "type": "Invocation"
      },
      "location-after-char-start": 11116,
      "location-after-char-end": 11128,
      "node-str": "run"
    },
    {
      "type": "insert-node",
      "node": {
        "label": "asyncExec",
        "type": "Invocation"
      },
      "location-after-char-start": 11144,
      "location-after-char-end": 11169,
      "node-str": "asyncExec"
    },
    {
      "type": "insert-node",
      "node": {
        "label": "\u003d",
        "type": "Assignment"
      },
      "location-after-char-start": 17585,
      "location-after-char-end": 17895,
      "node-str": "\u003d"
    },
    {
      "type": "insert-node",
      "node": {
        "label": "item",
        "type": "VariableRead"
      },
      "location-after-char-start": 19283,
      "location-after-char-end": 19286,
      "node-str": "item"
    },
    {
      "type": "insert-node",
      "node": {
        "label": "null",
        "type": "Literal"
      },
      "location-after-char-start": 19291,
      "location-after-char-end": 19294,
      "node-str": "null"
    },
    {
      "type": "move-subtree",
      "node": {
        "label": "style",
        "type": "LocalVariable"
      },
      "location-before-char-start": 18888,
      "location-before-char-end": 18915,
      "location-after-char-start": 19302,
      "location-after-char-end": 19329,
      "node-str": "style"
    },
    {
      "type": "insert-node",
      "node": {
        "label": "if",
        "type": "If"
      },
      "location-after-char-start": 19334,
      "location-after-char-end": 20316,
      "node-str": "if"
    },
    {
      "type": "insert-node",
      "node": {
        "label": "commandListener",
        "type": "FieldWrite"
      },
      "location-after-char-start": 10095,
      "location-after-char-end": 10109,
      "node-str": "commandListener"
    },
    {
      "type": "insert-node",
      "node": {
        "label": "org.eclipse.ui.menus.CommandContributionItem$2()",
        "type": "NewClass"
      },
      "location-after-char-start": 10113,
      "location-after-char-end": 10387,
      "node-str": "org.eclipse.ui.menus.CommandContributionItem$2()"
    },
    {
      "type": "insert-node",
      "node": {
        "label": "widget",
        "type": "FieldRead"
      },
      "location-after-char-start": 10580,
      "location-after-char-end": 10585,
      "node-str": "widget"
    },
    {
      "type": "insert-node",
      "node": {
        "label": "null",
        "type": "Literal"
      },
      "location-after-char-start": 10590,
      "location-after-char-end": 10593,
      "node-str": "null"
    },
    {
      "type": "insert-node",
      "node": {
        "label": "widget",
        "type": "FieldRead"
      },
      "location-after-char-start": 10598,
      "location-after-char-end": 10603,
      "node-str": "widget"
    },
    {
      "type": "insert-node",
      "node": {
        "label": "org.eclipse.ui.menus.CommandContributionItem",
        "type": "TypeAccess"
      },
      "location-after-char-start": 0,
      "location-after-char-end": 0,
      "node-str": "org.eclipse.ui.menus.CommandContributionItem"
    },
    {
      "type": "insert-node",
      "node": {
        "label": "run",
        "type": "Method"
      },
      "location-after-char-start": 10717,
      "location-after-char-end": 11051,
      "node-str": "run"
    },
    {
      "type": "insert-node",
      "node": {
        "label": "display",
        "type": "VariableRead"
      },
      "location-after-char-start": 11064,
      "location-after-char-end": 11070,
      "node-str": "display"
    },
    {
      "type": "insert-node",
      "node": {
        "label": "java.lang.Thread",
        "type": "TypeAccess"
      },
      "location-after-char-start": 11087,
      "location-after-char-end": 11092,
      "node-str": "java.lang.Thread"
    },
    {
      "type": "insert-node",
      "node": {
        "label": "update",
        "type": "VariableRead"
      },
      "location-after-char-start": 11116,
      "location-after-char-end": 11121,
      "node-str": "update"
    },
    {
      "type": "insert-node",
      "node": {
        "label": "display",
        "type": "VariableRead"
      },
      "location-after-char-start": 11144,
      "location-after-char-end": 11150,
      "node-str": "display"
    },
    {
      "type": "insert-node",
      "node": {
        "label": "update",
        "type": "VariableRead"
      },
      "location-after-char-start": 11162,
      "location-after-char-end": 11167,
      "node-str": "update"
    },
    {
      "type": "insert-node",
      "node": {
        "label": "menuItemListener",
        "type": "FieldWrite"
      },
      "location-after-char-start": 17585,
      "location-after-char-end": 17600,
      "node-str": "menuItemListener"
    },
    {
      "type": "insert-node",
      "node": {
        "label": "org.eclipse.swt.widgets.Listener()",
        "type": "NewClass"
      },
      "location-after-char-start": 17604,
      "location-after-char-end": 17894,
      "node-str": "org.eclipse.swt.widgets.Listener()"
    },
    {
      "type": "move-subtree",
      "node": {
        "label": "NE",
        "type": "BinaryOperator"
      },
      "location-before-char-start": 18924,
      "location-before-char-end": 18951,
      "location-after-char-start": 19338,
      "location-after-char-end": 19365,
      "node-str": "NE"
    },
    {
      "type": "insert-node",
      "node": {
        "label": "THEN",
        "type": "then"
      },
      "location-after-char-start": 19368,
      "location-after-char-end": 20316,
      "node-str": "THEN"
    },
    {
      "type": "insert-node",
      "node": {
        "label": "org.eclipse.ui.menus.CommandContributionItem",
        "type": "TypeAccess"
      },
      "location-after-char-start": 0,
      "location-after-char-end": 0,
      "node-str": "org.eclipse.ui.menus.CommandContributionItem"
    },
    {
      "type": "insert-node",
      "node": {
        "label": "2",
        "type": "Class"
      },
      "location-after-char-start": 10136,
      "location-after-char-end": 10387,
      "node-str": "2"
    },
    {
      "type": "insert-node",
      "node": {
        "label": "org.eclipse.ui.menus.CommandContributionItem",
        "type": "TypeAccess"
      },
      "location-after-char-start": 0,
      "location-after-char-end": 0,
      "node-str": "org.eclipse.ui.menus.CommandContributionItem"
    },
    {
      "type": "insert-node",
      "node": {
        "label": "org.eclipse.ui.menus.CommandContributionItem",
        "type": "TypeAccess"
      },
      "location-after-char-start": 0,
      "location-after-char-end": 0,
      "node-str": "org.eclipse.ui.menus.CommandContributionItem"
    },
    {
      "type": "insert-node",
      "node": {
        "label": "void",
        "type": "RETURN_TYPE"
      },
      "location-after-char-start": 0,
      "location-after-char-end": 0,
      "node-str": "void"
    },
    {
      "type": "insert-node",
      "node": {
        "label": "public",
        "type": "Modifier"
      },
      "location-after-char-start": 0,
      "location-after-char-end": 0,
      "node-str": "public"
    },
    {
      "type": "insert-node",
      "node": {
        "label": "if",
        "type": "If"
      },
      "location-after-char-start": 10741,
      "location-after-char-end": 10809,
      "node-str": "if"
    },
    {
      "type": "insert-node",
      "node": {
        "label": "if",
        "type": "If"
      },
      "location-after-char-start": 10815,
      "location-after-char-end": 11046,
      "node-str": "if"
    },
    {
      "type": "insert-node",
      "node": {
        "label": "org.eclipse.ui.menus.CommandContributionItem",
        "type": "TypeAccess"
      },
      "location-after-char-start": 0,
      "location-after-char-end": 0,
      "node-str": "org.eclipse.ui.menus.CommandContributionItem"
    },
    {
      "type": "insert-node",
      "node": {
        "label": "4",
        "type": "Class"
      },
      "location-after-char-start": 17619,
      "location-after-char-end": 17894,
      "node-str": "4"
    },
    {
      "type": "insert-node",
      "node": {
        "label": "if",
        "type": "If"
      },
      "location-after-char-start": 19374,
      "location-after-char-end": 20311,
      "node-str": "if"
    },
    {
      "type": "insert-node",
      "node": {
        "label": "commandChanged",
        "type": "Method"
      },
      "location-after-char-start": 10142,
      "location-after-char-end": 10382,
      "node-str": "commandChanged"
    },
    {
      "type": "move-subtree",
      "node": {
        "label": "isDefined",
        "type": "Invocation"
      },
      "location-before-char-start": 10386,
      "location-before-char-end": 10422,
      "location-after-char-start": 10745,
      "location-after-char-end": 10781,
      "node-str": "isDefined"
    },
    {
      "type": "insert-node",
      "node": {
        "label": "THEN",
        "type": "then"
      },
      "location-after-char-start": 10784,
      "location-after-char-end": 10809,
      "node-str": "THEN"
    },
    {
      "type": "move-subtree",
      "node": {
        "label": "OR",
        "type": "BinaryOperator"
      },
      "location-before-char-start": 10466,
      "location-before-char-end": 10539,
      "location-after-char-start": 10819,
      "location-after-char-end": 10890,
      "node-str": "OR"
    },
    {
      "type": "insert-node",
      "node": {
        "label": "THEN",
        "type": "then"
      },
      "location-after-char-start": 10893,
      "location-after-char-end": 11046,
      "node-str": "THEN"
    },
    {
      "type": "insert-node",
      "node": {
        "label": "",
        "type": "TypeReference"
      },
      "location-after-char-start": 0,
      "location-after-char-end": 0,
      "node-str": ""
    },
    {
      "type": "insert-node",
      "node": {
        "label": "handleEvent",
        "type": "Method"
      },
      "location-after-char-start": 17625,
      "location-after-char-end": 17889,
      "node-str": "handleEvent"
    },
    {
      "type": "move-subtree",
      "node": {
        "label": "EQ",
        "type": "BinaryOperator"
      },
      "location-before-char-start": 18964,
      "location-before-char-end": 18980,
      "location-after-char-start": 19378,
      "location-after-char-end": 19394,
      "node-str": "EQ"
    },
    {
      "type": "insert-node",
      "node": {
        "label": "THEN",
        "type": "then"
      },
      "location-after-char-start": 19397,
      "location-after-char-end": 20311,
      "node-str": "THEN"
    },
    {
      "type": "insert-node",
      "node": {
        "label": "void",
        "type": "RETURN_TYPE"
      },
      "location-after-char-start": 0,
      "location-after-char-end": 0,
      "node-str": "void"
    },
    {
      "type": "insert-node",
      "node": {
        "label": "public",
        "type": "Modifier"
      },
      "location-after-char-start": 0,
      "location-after-char-end": 0,
      "node-str": "public"
    },
    {
      "type": "insert-node",
      "node": {
        "label": "commandEvent",
        "type": "Parameter"
      },
      "location-after-char-start": 10169,
      "location-after-char-end": 10193,
      "node-str": "commandEvent"
    },
    {
      "type": "insert-node",
      "node": {
        "label": "if",
        "type": "If"
      },
      "location-after-char-start": 10203,
      "location-after-char-end": 10376,
      "node-str": "if"
    },
    {
      "type": "insert-node",
      "node": {
        "label": "update",
        "type": "Invocation"
      },
      "location-after-char-start": 10791,
      "location-after-char-end": 10803,
      "node-str": "update"
    },
    {
      "type": "insert-node",
      "node": {
        "label": "if",
        "type": "If"
      },
      "location-after-char-start": 10900,
      "location-after-char-end": 11040,
      "node-str": "if"
    },
    {
      "type": "insert-node",
      "node": {
        "label": "org.eclipse.swt.widgets.Listener",
        "type": "SUPER_TYPE"
      },
      "location-after-char-start": 0,
      "location-after-char-end": 0,
      "node-str": "org.eclipse.swt.widgets.Listener"
    },
    {
      "type": "insert-node",
      "node": {
        "label": "void",
        "type": "RETURN_TYPE"
      },
      "location-after-char-start": 0,
      "location-after-char-end": 0,
      "node-str": "void"
    },
    {
      "type": "insert-node",
      "node": {
        "label": "public",
        "type": "Modifier"
      },
      "location-after-char-start": 0,
      "location-after-char-end": 0,
      "node-str": "public"
    },
    {
      "type": "insert-node",
      "node": {
        "label": "event",
        "type": "Parameter"
      },
      "location-after-char-start": 17649,
      "location-after-char-end": 17659,
      "node-str": "event"
    },
    {
      "type": "insert-node",
      "node": {
        "label": "",
        "type": "Switch"
      },
      "location-after-char-start": 17669,
      "location-after-char-end": 17883,
      "node-str": ""
    },
    {
      "type": "insert-node",
      "node": {
        "label": "ti",
        "type": "LocalVariable"
      },
      "location-after-char-start": 19427,
      "location-after-char-end": 19456,
      "node-str": "ti"
    },
    {
      "type": "insert-node",
      "node": {
        "label": "menuManager",
        "type": "LocalVariable"
      },
      "location-after-char-start": 19464,
      "location-after-char-end": 19513,
      "node-str": "menuManager"
    },
    {
      "type": "move-subtree",
      "node": {
        "label": "menu",
        "type": "LocalVariable"
      },
      "location-before-char-start": 19106,
      "location-before-char-end": 19163,
      "location-after-char-start": 19520,
      "location-after-char-end": 19577,
      "node-str": "menu"
    },
    {
      "type": "move-subtree",
      "node": {
        "label": "if",
        "type": "If"
      },
      "location-before-char-start": 19170,
      "location-before-char-end": 19266,
      "location-after-char-start": 19584,
      "location-after-char-end": 19680,
      "node-str": "if"
    },
    {
      "type": "insert-node",
      "node": {
        "label": "addMenuListener",
        "type": "Invocation"
      },
      "location-after-char-start": 19687,
      "location-after-char-end": 20024,
      "node-str": "addMenuListener"
    },
    {
      "type": "move-subtree",
      "node": {
        "label": "point",
        "type": "LocalVariable"
      },
      "location-before-char-start": 19669,
      "location-before-char-end": 19744,
      "location-after-char-start": 20083,
      "location-after-char-end": 20158,
      "node-str": "point"
    },
    {
      "type": "move-subtree",
      "node": {
        "label": "setLocation",
        "type": "Invocation"
      },
      "location-before-char-start": 19751,
      "location-before-char-end": 19785,
      "location-after-char-start": 20165,
      "location-after-char-end": 20199,
      "node-str": "setLocation"
    },
    {
      "type": "insert-node",
      "node": {
        "label": "setVisible",
        "type": "Invocation"
      },
      "location-after-char-start": 20238,
      "location-after-char-end": 20259,
      "node-str": "setVisible"
    },
    {
      "type": "insert-node",
      "node": {
        "label": "return",
        "type": "Return"
      },
      "location-after-char-start": 20266,
      "location-after-char-end": 20277,
      "node-str": "return"
    },
    {
      "type": "insert-node",
      "node": {
        "label": "org.eclipse.core.commands.CommandEvent",
        "type": "VARIABLE_TYPE"
      },
      "location-after-char-start": 0,
      "location-after-char-end": 0,
      "node-str": "org.eclipse.core.commands.CommandEvent"
    },
    {
      "type": "move-subtree",
      "node": {
        "label": "OR",
        "type": "BinaryOperator"
      },
      "location-before-char-start": 10168,
      "location-before-char-end": 10282,
      "location-after-char-start": 10207,
      "location-after-char-end": 10321,
      "node-str": "OR"
    },
    {
      "type": "insert-node",
      "node": {
        "label": "THEN",
        "type": "then"
      },
      "location-after-char-start": 10324,
      "location-after-char-end": 10376,
      "node-str": "THEN"
    },
    {
      "type": "insert-node",
      "node": {
        "label": "org.eclipse.ui.menus.CommandContributionItem$3",
        "type": "TypeAccess"
      },
      "location-after-char-start": 0,
      "location-after-char-end": 0,
      "node-str": "org.eclipse.ui.menus.CommandContributionItem$3"
    },
    {
      "type": "insert-node",
      "node": {
        "label": "null",
        "type": "Literal"
      },
      "location-after-char-start": 10798,
      "location-after-char-end": 10801,
      "node-str": "null"
    },
    {
      "type": "insert-node",
      "node": {
        "label": "visibleEnabled",
        "type": "FieldRead"
      },
      "location-after-char-start": 10904,
      "location-after-char-end": 10917,
      "node-str": "visibleEnabled"
    },
    {
      "type": "insert-node",
      "node": {
        "label": "THEN",
        "type": "then"
      },
      "location-after-char-start": 10920,
      "location-after-char-end": 11040,
      "node-str": "THEN"
    },
    {
      "type": "insert-node",
      "node": {
        "label": "org.eclipse.swt.widgets.Event",
        "type": "VARIABLE_TYPE"
      },
      "location-after-char-start": 0,
      "location-after-char-end": 0,
      "node-str": "org.eclipse.swt.widgets.Event"
    },
    {
      "type": "insert-node",
      "node": {
        "label": "type",
        "type": "FieldRead"
      },
      "location-after-char-start": 17677,
      "location-after-char-end": 17686,
      "node-str": "type"
    },
    {
      "type": "insert-node",
      "node": {
        "label": "",
        "type": "Case"
      },
      "location-after-char-start": 17696,
      "location-after-char-end": 17759,
      "node-str": ""
    },
    {
      "type": "insert-node",
      "node": {
        "label": "",
        "type": "Case"
      },
      "location-after-char-start": 17766,
      "location-after-char-end": 17876,
      "node-str": ""
    },
    {
      "type": "insert-node",
      "node": {
        "label": "org.eclipse.swt.widgets.ToolItem",
        "type": "VARIABLE_TYPE"
      },
      "location-after-char-start": 0,
      "location-after-char-end": 0,
      "node-str": "org.eclipse.swt.widgets.ToolItem"
    },
    {
      "type": "insert-node",
      "node": {
        "label": "item",
        "type": "VariableRead"
      },
      "location-after-char-start": 19441,
      "location-after-char-end": 19455,
      "node-str": "item"
    },
    {
      "type": "insert-node",
      "node": {
        "label": "org.eclipse.jface.action.MenuManager",
        "type": "VARIABLE_TYPE"
      },
      "location-after-char-start": 0,
      "location-after-char-end": 0,
      "node-str": "org.eclipse.jface.action.MenuManager"
    },
    {
      "type": "insert-node",
      "node": {
        "label": "final",
        "type": "Modifier"
      },
      "location-after-char-start": 0,
      "location-after-char-end": 0,
      "node-str": "final"
    },
    {
      "type": "insert-node",
      "node": {
        "label": "org.eclipse.jface.action.MenuManager()",
        "type": "ConstructorCall"
      },
      "location-after-char-start": 19496,
      "location-after-char-end": 19512,
      "node-str": "org.eclipse.jface.action.MenuManager()"
    },
    {
      "type": "insert-node",
      "node": {
        "label": "menuManager",
        "type": "VariableRead"
      },
      "location-after-char-start": 19687,
      "location-after-char-end": 19697,
      "node-str": "menuManager"
    },
    {
      "type": "insert-node",
      "node": {
        "label": "org.eclipse.jface.action.IMenuListener()",
        "type": "NewClass"
      },
      "location-after-char-start": 19715,
      "location-after-char-end": 20022,
      "node-str": "org.eclipse.jface.action.IMenuListener()"
    },
    {
      "type": "insert-node",
      "node": {
        "label": "menu",
        "type": "VariableRead"
      },
      "location-after-char-start": 20238,
      "location-after-char-end": 20241,
      "node-str": "menu"
    },
    {
      "type": "insert-node",
      "node": {
        "label": "true",
        "type": "Literal"
      },
      "location-after-char-start": 20254,
      "location-after-char-end": 20257,
      "node-str": "true"
    },
    {
      "type": "insert-node",
      "node": {
        "label": "true",
        "type": "Literal"
      },
      "location-after-char-start": 20273,
      "location-after-char-end": 20276,
      "node-str": "true"
    },
    {
      "type": "insert-node",
      "node": {
        "label": "updateCommandProperties",
        "type": "Invocation"
      },
      "location-after-char-start": 10332,
      "location-after-char-end": 10369,
      "node-str": "updateCommandProperties"
    },
    {
      "type": "insert-node",
      "node": {
        "label": "org.eclipse.ui.menus.CommandContributionItem",
        "type": "TypeAccess"
      },
      "location-after-char-start": 0,
      "location-after-char-end": 0,
      "node-str": "org.eclipse.ui.menus.CommandContributionItem"
    },
    {
      "type": "insert-node",
      "node": {
        "label": "parent",
        "type": "LocalVariable"
      },
      "location-after-char-start": 10928,
      "location-after-char-end": 10969,
      "node-str": "parent"
    },
    {
      "type": "move-subtree",
      "node": {
        "label": "if",
        "type": "If"
      },
      "location-before-char-start": 10632,
      "location-before-char-end": 10692,
      "location-after-char-start": 10977,
      "location-after-char-end": 11033,
      "node-str": "if"
    },
    {
      "type": "insert-node",
      "node": {
        "label": "event",
        "type": "VariableRead"
      },
      "location-after-char-start": 17677,
      "location-after-char-end": 17686,
      "node-str": "event"
    },
    {
      "type": "insert-node",
      "node": {
        "label": "Dispose",
        "type": "FieldRead"
      },
      "location-after-char-start": 17701,
      "location-after-char-end": 17711,
      "node-str": "Dispose"
    },
    {
      "type": "insert-node",
      "node": {
        "label": "handleWidgetDispose",
        "type": "Invocation"
      },
      "location-after-char-start": 17720,
      "location-after-char-end": 17746,
      "node-str": "handleWidgetDispose"
    },
    {
      "type": "insert-node",
      "node": {
        "label": "break",
        "type": "Break"
      },
      "location-after-char-start": 17754,
      "location-after-char-end": 17759,
      "node-str": "break"
    },
    {
      "type": "insert-node",
      "node": {
        "label": "Selection",
        "type": "FieldRead"
      },
      "location-after-char-start": 17771,
      "location-after-char-end": 17783,
      "node-str": "Selection"
    },
    {
      "type": "insert-node",
      "node": {
        "label": "if",
        "type": "If"
      },
      "location-after-char-start": 17792,
      "location-after-char-end": 17863,
      "node-str": "if"
    },
    {
      "type": "insert-node",
      "node": {
        "label": "break",
        "type": "Break"
      },
      "location-after-char-start": 17871,
      "location-after-char-end": 17876,
      "node-str": "break"
    },
    {
      "type": "insert-node",
      "node": {
        "label": "5",
        "type": "Class"
      },
      "location-after-char-start": 19735,
      "location-after-char-end": 20022,
      "node-str": "5"
    },
    {
      "type": "insert-node",
      "node": {
        "label": "org.eclipse.ui.menus.CommandContributionItem$2",
        "type": "TypeAccess"
      },
      "location-after-char-start": 0,
      "location-after-char-end": 0,
      "node-str": "org.eclipse.ui.menus.CommandContributionItem$2"
    },
    {
      "type": "insert-node",
      "node": {
        "label": "commandEvent",
        "type": "VariableRead"
      },
      "location-after-char-start": 10356,
      "location-after-char-end": 10367,
      "node-str": "commandEvent"
    },
    {
      "type": "insert-node",
      "node": {
        "label": "org.eclipse.jface.action.IContributionManager",
        "type": "VARIABLE_TYPE"
      },
      "location-after-char-start": 0,
      "location-after-char-end": 0,
      "node-str": "org.eclipse.jface.action.IContributionManager"
    },
    {
      "type": "insert-node",
      "node": {
        "label": "getParent",
        "type": "Invocation"
      },
      "location-after-char-start": 10958,
      "location-after-char-end": 10968,
      "node-str": "getParent"
    },
    {
      "type": "insert-node",
      "node": {
        "label": "org.eclipse.swt.SWT",
        "type": "TypeAccess"
      },
      "location-after-char-start": 0,
      "location-after-char-end": 0,
      "node-str": "org.eclipse.swt.SWT"
    },
    {
      "type": "insert-node",
      "node": {
        "label": "org.eclipse.ui.menus.CommandContributionItem$4",
        "type": "TypeAccess"
      },
      "location-after-char-start": 0,
      "location-after-char-end": 0,
      "node-str": "org.eclipse.ui.menus.CommandContributionItem$4"
    },
    {
      "type": "insert-node",
      "node": {
        "label": "event",
        "type": "VariableRead"
      },
      "location-after-char-start": 17740,
      "location-after-char-end": 17744,
      "node-str": "event"
    },
    {
      "type": "insert-node",
      "node": {
        "label": "org.eclipse.swt.SWT",
        "type": "TypeAccess"
      },
      "location-after-char-start": 0,
      "location-after-char-end": 0,
      "node-str": "org.eclipse.swt.SWT"
    },
    {
      "type": "move-subtree",
      "node": {
        "label": "NE",
        "type": "BinaryOperator"
      },
      "location-before-char-start": 17382,
      "location-before-char-end": 17401,
      "location-after-char-start": 17796,
      "location-after-char-end": 17815,
      "node-str": "NE"
    },
    {
      "type": "insert-node",
      "node": {
        "label": "THEN",
        "type": "then"
      },
      "location-after-char-start": 17818,
      "location-after-char-end": 17863,
      "node-str": "THEN"
    },
    {
      "type": "insert-node",
      "node": {
        "label": "",
        "type": "TypeReference"
      },
      "location-after-char-start": 0,
      "location-after-char-end": 0,
      "node-str": ""
    },
    {
      "type": "insert-node",
      "node": {
        "label": "menuAboutToShow",
        "type": "Method"
      },
      "location-after-char-start": 19743,
      "location-after-char-end": 20015,
      "node-str": "menuAboutToShow"
    },
    {
      "type": "insert-node",
      "node": {
        "label": "org.eclipse.ui.menus.CommandContributionItem$3",
        "type": "TypeAccess"
      },
      "location-after-char-start": 0,
      "location-after-char-end": 0,
      "node-str": "org.eclipse.ui.menus.CommandContributionItem$3"
    },
    {
      "type": "insert-node",
      "node": {
        "label": "handleWidgetSelection",
        "type": "Invocation"
      },
      "location-after-char-start": 17827,
      "location-after-char-end": 17855,
      "node-str": "handleWidgetSelection"
    },
    {
      "type": "insert-node",
      "node": {
        "label": "org.eclipse.jface.action.IMenuListener",
        "type": "SUPER_TYPE"
      },
      "location-after-char-start": 0,
      "location-after-char-end": 0,
      "node-str": "org.eclipse.jface.action.IMenuListener"
    },
    {
      "type": "insert-node",
      "node": {
        "label": "void",
        "type": "RETURN_TYPE"
      },
      "location-after-char-start": 0,
      "location-after-char-end": 0,
      "node-str": "void"
    },
    {
      "type": "insert-node",
      "node": {
        "label": "public",
        "type": "Modifier"
      },
      "location-after-char-start": 0,
      "location-after-char-end": 0,
      "node-str": "public"
    },
    {
      "type": "insert-node",
      "node": {
        "label": "manager",
        "type": "Parameter"
      },
      "location-after-char-start": 19771,
      "location-after-char-end": 19790,
      "node-str": "manager"
    },
    {
      "type": "insert-node",
      "node": {
        "label": "id",
        "type": "LocalVariable"
      },
      "location-after-char-start": 19802,
      "location-after-char-end": 19821,
      "node-str": "id"
    },
    {
      "type": "move-subtree",
      "node": {
        "label": "if",
        "type": "If"
      },
      "location-before-char-start": 19416,
      "location-before-char-end": 19494,
      "location-after-char-start": 19830,
      "location-after-char-end": 19908,
      "node-str": "if"
    },
    {
      "type": "move-subtree",
      "node": {
        "label": "populateContributionManager",
        "type": "Invocation"
      },
      "location-before-char-start": 19503,
      "location-before-char-end": 19579,
      "location-after-char-start": 19917,
      "location-after-char-end": 19993,
      "node-str": "populateContributionManager"
    },
    {
      "type": "insert-node",
      "node": {
        "label": "org.eclipse.ui.menus.CommandContributionItem$4",
        "type": "TypeAccess"
      },
      "location-after-char-start": 0,
      "location-after-char-end": 0,
      "node-str": "org.eclipse.ui.menus.CommandContributionItem$4"
    },
    {
      "type": "insert-node",
      "node": {
        "label": "event",
        "type": "VariableRead"
      },
      "location-after-char-start": 17849,
      "location-after-char-end": 17853,
      "node-str": "event"
    },
    {
      "type": "insert-node",
      "node": {
        "label": "org.eclipse.jface.action.IMenuManager",
        "type": "VARIABLE_TYPE"
      },
      "location-after-char-start": 0,
      "location-after-char-end": 0,
      "node-str": "org.eclipse.jface.action.IMenuManager"
    },
    {
      "type": "insert-node",
      "node": {
        "label": "java.lang.String",
        "type": "VARIABLE_TYPE"
      },
      "location-after-char-start": 0,
      "location-after-char-end": 0,
      "node-str": "java.lang.String"
    },
    {
      "type": "insert-node",
      "node": {
        "label": "getId",
        "type": "Invocation"
      },
      "location-after-char-start": 19814,
      "location-after-char-end": 19820,
      "node-str": "getId"
    },
    {
      "type": "insert-node",
      "node": {
        "label": "org.eclipse.ui.menus.CommandContributionItem$5",
        "type": "TypeAccess"
      },
      "location-after-char-start": 0,
      "location-after-char-end": 0,
      "node-str": "org.eclipse.ui.menus.CommandContributionItem$5"
    },
    {
      "type": "delete-node",
      "node": {
        "label": "final",
        "type": "Modifier"
      },
      "location-before-char-start": 0,
      "location-before-char-end": 0,
      "node-str": "final"
    },
    {
      "type": "delete-node",
      "node": {
        "label": "public",
        "type": "Modifier"
      },
      "location-before-char-start": 0,
      "location-before-char-end": 0,
      "node-str": "public"
    },
    {
      "type": "delete-node",
      "node": {
        "label": "org.eclipse.jface.action.ContributionItem",
        "type": "SUPER_TYPE"
      },
      "location-before-char-start": 0,
      "location-before-char-end": 0,
      "node-str": "org.eclipse.jface.action.ContributionItem"
    },
    {
      "type": "delete-node",
      "node": {
        "label": "",
        "type": "TypeReference"
      },
      "location-before-char-start": 2870,
      "location-before-char-end": 2885,
      "node-str": ""
    },
    {
      "type": "delete-node",
      "node": {
        "label": "org.eclipse.jface.resource.LocalResourceManager",
        "type": "VARIABLE_TYPE"
      },
      "location-before-char-start": 0,
      "location-before-char-end": 0,
      "node-str": "org.eclipse.jface.resource.LocalResourceManager"
    },
    {
      "type": "delete-node",
      "node": {
        "label": "localResourceManager",
        "type": "Field"
      },
      "location-before-char-start": 3284,
      "location-before-char-end": 3333,
      "node-str": "localResourceManager"
    },
    {
      "type": "delete-node",
      "node": {
        "label": "org.eclipse.swt.widgets.Listener",
        "type": "VARIABLE_TYPE"
      },
      "location-before-char-start": 0,
      "location-before-char-end": 0,
      "node-str": "org.eclipse.swt.widgets.Listener"
    },
    {
      "type": "delete-node",
      "node": {
        "label": "menuItemListener",
        "type": "Field"
      },
      "location-before-char-start": 3337,
      "location-before-char-end": 3370,
      "node-str": "menuItemListener"
    },
    {
      "type": "delete-node",
      "node": {
        "label": "org.eclipse.swt.widgets.Widget",
        "type": "VARIABLE_TYPE"
      },
      "location-before-char-start": 0,
      "location-before-char-end": 0,
      "node-str": "org.eclipse.swt.widgets.Widget"
    },
    {
      "type": "delete-node",
      "node": {
        "label": "widget",
        "type": "Field"
      },
      "location-before-char-start": 3374,
      "location-before-char-end": 3395,
      "node-str": "widget"
    },
    {
      "type": "delete-node",
      "node": {
        "label": "org.eclipse.ui.menus.IMenuService",
        "type": "VARIABLE_TYPE"
      },
      "location-before-char-start": 0,
      "location-before-char-end": 0,
      "node-str": "org.eclipse.ui.menus.IMenuService"
    },
    {
      "type": "delete-node",
      "node": {
        "label": "menuService",
        "type": "Field"
      },
      "location-before-char-start": 3399,
      "location-before-char-end": 3431,
      "node-str": "menuService"
    },
    {
      "type": "delete-node",
      "node": {
        "label": "org.eclipse.ui.commands.ICommandService",
        "type": "VARIABLE_TYPE"
      },
      "location-before-char-start": 0,
      "location-before-char-end": 0,
      "node-str": "org.eclipse.ui.commands.ICommandService"
    },
    {
      "type": "delete-node",
      "node": {
        "label": "commandService",
        "type": "Field"
      },
      "location-before-char-start": 3435,
      "location-before-char-end": 3473,
      "node-str": "commandService"
    },
    {
      "type": "delete-node",
      "node": {
        "label": "org.eclipse.ui.handlers.IHandlerService",
        "type": "VARIABLE_TYPE"
      },
      "location-before-char-start": 0,
      "location-before-char-end": 0,
      "node-str": "org.eclipse.ui.handlers.IHandlerService"
    },
    {
      "type": "delete-node",
      "node": {
        "label": "handlerService",
        "type": "Field"
      },
      "location-before-char-start": 3477,
      "location-before-char-end": 3515,
      "node-str": "handlerService"
    },
    {
      "type": "delete-node",
      "node": {
        "label": "org.eclipse.ui.keys.IBindingService",
        "type": "VARIABLE_TYPE"
      },
      "location-before-char-start": 0,
      "location-before-char-end": 0,
      "node-str": "org.eclipse.ui.keys.IBindingService"
    },
    {
      "type": "delete-node",
      "node": {
        "label": "bindingService",
        "type": "Field"
      },
      "location-before-char-start": 3519,
      "location-before-char-end": 3557,
      "node-str": "bindingService"
    },
    {
      "type": "delete-node",
      "node": {
        "label": "org.eclipse.core.commands.ParameterizedCommand",
        "type": "VARIABLE_TYPE"
      },
      "location-before-char-start": 0,
      "location-before-char-end": 0,
      "node-str": "org.eclipse.core.commands.ParameterizedCommand"
    },
    {
      "type": "delete-node",
      "node": {
        "label": "command",
        "type": "Field"
      },
      "location-before-char-start": 3561,
      "location-before-char-end": 3597,
      "node-str": "command"
    },
    {
      "type": "delete-node",
      "node": {
        "label": "org.eclipse.jface.resource.ImageDescriptor",
        "type": "VARIABLE_TYPE"
      },
      "location-before-char-start": 0,
      "location-before-char-end": 0,
      "node-str": "org.eclipse.jface.resource.ImageDescriptor"
    },
    {
      "type": "delete-node",
      "node": {
        "label": "icon",
        "type": "Field"
      },
      "location-before-char-start": 3601,
      "location-before-char-end": 3629,
      "node-str": "icon"
    },
    {
      "type": "delete-node",
      "node": {
        "label": "java.lang.String",
        "type": "VARIABLE_TYPE"
      },
      "location-before-char-start": 0,
      "location-before-char-end": 0,
      "node-str": "java.lang.String"
    },
    {
      "type": "delete-node",
      "node": {
        "label": "label",
        "type": "Field"
      },
      "location-before-char-start": 3633,
      "location-before-char-end": 3653,
      "node-str": "label"
    },
    {
      "type": "delete-node",
      "node": {
        "label": "java.lang.String",
        "type": "VARIABLE_TYPE"
      },
      "location-before-char-start": 0,
      "location-before-char-end": 0,
      "node-str": "java.lang.String"
    },
    {
      "type": "delete-node",
      "node": {
        "label": "tooltip",
        "type": "Field"
      },
      "location-before-char-start": 3657,
      "location-before-char-end": 3679,
      "node-str": "tooltip"
    },
    {
      "type": "delete-node",
      "node": {
        "label": "org.eclipse.jface.resource.ImageDescriptor",
        "type": "VARIABLE_TYPE"
      },
      "location-before-char-start": 0,
      "location-before-char-end": 0,
      "node-str": "org.eclipse.jface.resource.ImageDescriptor"
    },
    {
      "type": "delete-node",
      "node": {
        "label": "disabledIcon",
        "type": "Field"
      },
      "location-before-char-start": 3683,
      "location-before-char-end": 3719,
      "node-str": "disabledIcon"
    },
    {
      "type": "delete-node",
      "node": {
        "label": "org.eclipse.jface.resource.ImageDescriptor",
        "type": "VARIABLE_TYPE"
      },
      "location-before-char-start": 0,
      "location-before-char-end": 0,
      "node-str": "org.eclipse.jface.resource.ImageDescriptor"
    },
    {
      "type": "delete-node",
      "node": {
        "label": "hoverIcon",
        "type": "Field"
      },
      "location-before-char-start": 3723,
      "location-before-char-end": 3756,
      "node-str": "hoverIcon"
    },
    {
      "type": "delete-node",
      "node": {
        "label": "java.lang.String",
        "type": "VARIABLE_TYPE"
      },
      "location-before-char-start": 0,
      "location-before-char-end": 0,
      "node-str": "java.lang.String"
    },
    {
      "type": "delete-node",
      "node": {
        "label": "mnemonic",
        "type": "Field"
      },
      "location-before-char-start": 3760,
      "location-before-char-end": 3783,
      "node-str": "mnemonic"
    },
    {
      "type": "delete-node",
      "node": {
        "label": "org.eclipse.ui.commands.IElementReference",
        "type": "VARIABLE_TYPE"
      },
      "location-before-char-start": 0,
      "location-before-char-end": 0,
      "node-str": "org.eclipse.ui.commands.IElementReference"
    },
    {
      "type": "delete-node",
      "node": {
        "label": "elementRef",
        "type": "Field"
      },
      "location-before-char-start": 3787,
      "location-before-char-end": 3823,
      "node-str": "elementRef"
    },
    {
      "type": "delete-node",
      "node": {
        "label": "boolean",
        "type": "VARIABLE_TYPE"
      },
      "location-before-char-start": 0,
      "location-before-char-end": 0,
      "node-str": "boolean"
    },
    {
      "type": "delete-node",
      "node": {
        "label": "checkedState",
        "type": "Field"
      },
      "location-before-char-start": 3827,
      "location-before-char-end": 3855,
      "node-str": "checkedState"
    },
    {
      "type": "delete-node",
      "node": {
        "label": "int",
        "type": "VARIABLE_TYPE"
      },
      "location-before-char-start": 0,
      "location-before-char-end": 0,
      "node-str": "int"
    },
    {
      "type": "delete-node",
      "node": {
        "label": "style",
        "type": "Field"
      },
      "location-before-char-start": 3859,
      "location-before-char-end": 3876,
      "node-str": "style"
    },
    {
      "type": "delete-node",
      "node": {
        "label": "org.eclipse.core.commands.ICommandListener",
        "type": "VARIABLE_TYPE"
      },
      "location-before-char-start": 0,
      "location-before-char-end": 0,
      "node-str": "org.eclipse.core.commands.ICommandListener"
    },
    {
      "type": "delete-node",
      "node": {
        "label": "commandListener",
        "type": "Field"
      },
      "location-before-char-start": 3880,
      "location-before-char-end": 3920,
      "node-str": "commandListener"
    },
    {
      "type": "delete-node",
      "node": {
        "label": "java.lang.String",
        "type": "VARIABLE_TYPE"
      },
      "location-before-char-start": 0,
      "location-before-char-end": 0,
      "node-str": "java.lang.String"
    },
    {
      "type": "delete-node",
      "node": {
        "label": "dropDownMenuOverride",
        "type": "Field"
      },
      "location-before-char-start": 3924,
      "location-before-char-end": 3959,
      "node-str": "dropDownMenuOverride"
    },
    {
      "type": "delete-node",
      "node": {
        "label": "org.eclipse.ui.help.IWorkbenchHelpSystem",
        "type": "VARIABLE_TYPE"
      },
      "location-before-char-start": 0,
      "location-before-char-end": 0,
      "node-str": "org.eclipse.ui.help.IWorkbenchHelpSystem"
    },
    {
      "type": "delete-node",
      "node": {
        "label": "workbenchHelpSystem",
        "type": "Field"
      },
      "location-before-char-start": 3963,
      "location-before-char-end": 4011,
      "node-str": "workbenchHelpSystem"
    },
    {
      "type": "delete-node",
      "node": {
        "label": "java.lang.String",
        "type": "VARIABLE_TYPE"
      },
      "location-before-char-start": 0,
      "location-before-char-end": 0,
      "node-str": "java.lang.String"
    },
    {
      "type": "delete-node",
      "node": {
        "label": "helpContextId",
        "type": "Field"
      },
      "location-before-char-start": 4015,
      "location-before-char-end": 4043,
      "node-str": "helpContextId"
    },
    {
      "type": "delete-node",
      "node": {
        "label": "boolean",
        "type": "VARIABLE_TYPE"
      },
      "location-before-char-start": 0,
      "location-before-char-end": 0,
      "node-str": "boolean"
    },
    {
      "type": "delete-node",
      "node": {
        "label": "visibleEnabled",
        "type": "Field"
      },
      "location-before-char-start": 4048,
      "location-before-char-end": 4208,
      "node-str": "visibleEnabled"
    },
    {
      "type": "delete-node",
      "node": {
        "label": "org.eclipse.core.commands.ICommandListener",
        "type": "RETURN_TYPE"
      },
      "location-before-char-start": 0,
      "location-before-char-end": 0,
      "node-str": "org.eclipse.core.commands.ICommandListener"
    },
    {
      "type": "delete-node",
      "node": {
        "label": "org.eclipse.ui.menus.CommandContributionItem",
        "type": "TypeAccess"
      },
      "location-before-char-start": 0,
      "location-before-char-end": 0,
      "node-str": "org.eclipse.ui.menus.CommandContributionItem"
    },
    {
      "type": "delete-node",
      "node": {
        "label": "commandListener",
        "type": "FieldWrite"
      },
      "location-before-char-start": 10056,
      "location-before-char-end": 10070,
      "node-str": "commandListener"
    },
    {
      "type": "delete-node",
      "node": {
        "label": "void",
        "type": "RETURN_TYPE"
      },
      "location-before-char-start": 0,
      "location-before-char-end": 0,
      "node-str": "void"
    },
    {
      "type": "delete-node",
      "node": {
        "label": "public",
        "type": "Modifier"
      },
      "location-before-char-start": 0,
      "location-before-char-end": 0,
      "node-str": "public"
    },
    {
      "type": "delete-node",
      "node": {
        "label": "org.eclipse.core.commands.CommandEvent",
        "type": "VARIABLE_TYPE"
      },
      "location-before-char-start": 0,
      "location-before-char-end": 0,
      "node-str": "org.eclipse.core.commands.CommandEvent"
    },
    {
      "type": "delete-node",
      "node": {
        "label": "commandEvent",
        "type": "Parameter"
      },
      "location-before-char-start": 10130,
      "location-before-char-end": 10154,
      "node-str": "commandEvent"
    },
    {
      "type": "delete-node",
      "node": {
        "label": "org.eclipse.ui.menus.CommandContributionItem$2",
        "type": "TypeAccess"
      },
      "location-before-char-start": 0,
      "location-before-char-end": 0,
      "node-str": "org.eclipse.ui.menus.CommandContributionItem$2"
    },
    {
      "type": "delete-node",
      "node": {
        "label": "null",
        "type": "Literal"
      },
      "location-before-char-start": 10441,
      "location-before-char-end": 10444,
      "node-str": "null"
    },
    {
      "type": "delete-node",
      "node": {
        "label": "update",
        "type": "Invocation"
      },
      "location-before-char-start": 10434,
      "location-before-char-end": 10446,
      "node-str": "update"
    },
    {
      "type": "delete-node",
      "node": {
        "label": "THEN",
        "type": "then"
      },
      "location-before-char-start": 10425,
      "location-before-char-end": 10454,
      "node-str": "THEN"
    },
    {
      "type": "delete-node",
      "node": {
        "label": "if",
        "type": "If"
      },
      "location-before-char-start": 10382,
      "location-before-char-end": 10454,
      "node-str": "if"
    },
    {
      "type": "delete-node",
      "node": {
        "label": "org.eclipse.ui.menus.CommandContributionItem",
        "type": "TypeAccess"
      },
      "location-before-char-start": 0,
      "location-before-char-end": 0,
      "node-str": "org.eclipse.ui.menus.CommandContributionItem"
    },
    {
      "type": "delete-node",
      "node": {
        "label": "visibleEnabled",
        "type": "FieldRead"
      },
      "location-before-char-start": 10555,
      "location-before-char-end": 10568,
      "node-str": "visibleEnabled"
    },
    {
      "type": "delete-node",
      "node": {
        "label": "org.eclipse.jface.action.IContributionManager",
        "type": "VARIABLE_TYPE"
      },
      "location-before-char-start": 0,
      "location-before-char-end": 0,
      "node-str": "org.eclipse.jface.action.IContributionManager"
    },
    {
      "type": "delete-node",
      "node": {
        "label": "org.eclipse.ui.menus.CommandContributionItem$2",
        "type": "TypeAccess"
      },
      "location-before-char-start": 0,
      "location-before-char-end": 0,
      "node-str": "org.eclipse.ui.menus.CommandContributionItem$2"
    },
    {
      "type": "delete-node",
      "node": {
        "label": "getParent",
        "type": "Invocation"
      },
      "location-before-char-start": 10611,
      "location-before-char-end": 10621,
      "node-str": "getParent"
    },
    {
      "type": "delete-node",
      "node": {
        "label": "parent",
        "type": "LocalVariable"
      },
      "location-before-char-start": 10581,
      "location-before-char-end": 10622,
      "node-str": "parent"
    },
    {
      "type": "delete-node",
      "node": {
        "label": "THEN",
        "type": "then"
      },
      "location-before-char-start": 10571,
      "location-before-char-end": 10701,
      "node-str": "THEN"
    },
    {
      "type": "delete-node",
      "node": {
        "label": "if",
        "type": "If"
      },
      "location-before-char-start": 10551,
      "location-before-char-end": 10701,
      "node-str": "if"
    },
    {
      "type": "delete-node",
      "node": {
        "label": "THEN",
        "type": "then"
      },
      "location-before-char-start": 10542,
      "location-before-char-end": 10709,
      "node-str": "THEN"
    },
    {
      "type": "delete-node",
      "node": {
        "label": "if",
        "type": "If"
      },
      "location-before-char-start": 10462,
      "location-before-char-end": 10709,
      "node-str": "if"
    },
    {
      "type": "delete-node",
      "node": {
        "label": "THEN",
        "type": "then"
      },
      "location-before-char-start": 10285,
      "location-before-char-end": 10716,
      "node-str": "THEN"
    },
    {
      "type": "delete-node",
      "node": {
        "label": "if",
        "type": "If"
      },
      "location-before-char-start": 10164,
      "location-before-char-end": 10716,
      "node-str": "if"
    },
    {
      "type": "delete-node",
      "node": {
        "label": "commandChanged",
        "type": "Method"
      },
      "location-before-char-start": 10103,
      "location-before-char-end": 10722,
      "node-str": "commandChanged"
    },
    {
      "type": "delete-node",
      "node": {
        "label": "2",
        "type": "Class"
      },
      "location-before-char-start": 10097,
      "location-before-char-end": 10727,
      "node-str": "2"
    },
    {
      "type": "delete-node",
      "node": {
        "label": "org.eclipse.ui.menus.CommandContributionItem$2()",
        "type": "NewClass"
      },
      "location-before-char-start": 10074,
      "location-before-char-end": 10727,
      "node-str": "org.eclipse.ui.menus.CommandContributionItem$2()"
    },
    {
      "type": "delete-node",
      "node": {
        "label": "\u003d",
        "type": "Assignment"
      },
      "location-before-char-start": 10056,
      "location-before-char-end": 10728,
      "node-str": "\u003d"
    },
    {
      "type": "delete-node",
      "node": {
        "label": "THEN",
        "type": "then"
      },
      "location-before-char-start": 10051,
      "location-before-char-end": 10732,
      "node-str": "THEN"
    },
    {
      "type": "delete-node",
      "node": {
        "label": "if",
        "type": "If"
      },
      "location-before-char-start": 10022,
      "location-before-char-end": 10732,
      "node-str": "if"
    },
    {
      "type": "delete-node",
      "node": {
        "label": "getCommandListener",
        "type": "Method"
      },
      "location-before-char-start": 9972,
      "location-before-char-end": 10761,
      "node-str": "getCommandListener"
    },
    {
      "type": "delete-node",
      "node": {
        "label": "org.eclipse.swt.widgets.Listener",
        "type": "RETURN_TYPE"
      },
      "location-before-char-start": 0,
      "location-before-char-end": 0,
      "node-str": "org.eclipse.swt.widgets.Listener"
    },
    {
      "type": "delete-node",
      "node": {
        "label": "org.eclipse.ui.menus.CommandContributionItem",
        "type": "TypeAccess"
      },
      "location-before-char-start": 0,
      "location-before-char-end": 0,
      "node-str": "org.eclipse.ui.menus.CommandContributionItem"
    },
    {
      "type": "delete-node",
      "node": {
        "label": "menuItemListener",
        "type": "FieldWrite"
      },
      "location-before-char-start": 17171,
      "location-before-char-end": 17186,
      "node-str": "menuItemListener"
    },
    {
      "type": "delete-node",
      "node": {
        "label": "org.eclipse.swt.widgets.Listener",
        "type": "SUPER_TYPE"
      },
      "location-before-char-start": 0,
      "location-before-char-end": 0,
      "node-str": "org.eclipse.swt.widgets.Listener"
    },
    {
      "type": "delete-node",
      "node": {
        "label": "",
        "type": "TypeReference"
      },
      "location-before-char-start": 0,
      "location-before-char-end": 0,
      "node-str": ""
    },
    {
      "type": "delete-node",
      "node": {
        "label": "void",
        "type": "RETURN_TYPE"
      },
      "location-before-char-start": 0,
      "location-before-char-end": 0,
      "node-str": "void"
    },
    {
      "type": "delete-node",
      "node": {
        "label": "public",
        "type": "Modifier"
      },
      "location-before-char-start": 0,
      "location-before-char-end": 0,
      "node-str": "public"
    },
    {
      "type": "delete-node",
      "node": {
        "label": "org.eclipse.swt.widgets.Event",
        "type": "VARIABLE_TYPE"
      },
      "location-before-char-start": 0,
      "location-before-char-end": 0,
      "node-str": "org.eclipse.swt.widgets.Event"
    },
    {
      "type": "delete-node",
      "node": {
        "label": "event",
        "type": "Parameter"
      },
      "location-before-char-start": 17235,
      "location-before-char-end": 17245,
      "node-str": "event"
    },
    {
      "type": "delete-node",
      "node": {
        "label": "event",
        "type": "VariableRead"
      },
      "location-before-char-start": 17263,
      "location-before-char-end": 17272,
      "node-str": "event"
    },
    {
      "type": "delete-node",
      "node": {
        "label": "type",
        "type": "FieldRead"
      },
      "location-before-char-start": 17263,
      "location-before-char-end": 17272,
      "node-str": "type"
    },
    {
      "type": "delete-node",
      "node": {
        "label": "org.eclipse.swt.SWT",
        "type": "TypeAccess"
      },
      "location-before-char-start": 0,
      "location-before-char-end": 0,
      "node-str": "org.eclipse.swt.SWT"
    },
    {
      "type": "delete-node",
      "node": {
        "label": "Dispose",
        "type": "FieldRead"
      },
      "location-before-char-start": 17287,
      "location-before-char-end": 17297,
      "node-str": "Dispose"
    },
    {
      "type": "delete-node",
      "node": {
        "label": "org.eclipse.ui.menus.CommandContributionItem$3",
        "type": "TypeAccess"
      },
      "location-before-char-start": 0,
      "location-before-char-end": 0,
      "node-str": "org.eclipse.ui.menus.CommandContributionItem$3"
    },
    {
      "type": "delete-node",
      "node": {
        "label": "event",
        "type": "VariableRead"
      },
      "location-before-char-start": 17326,
      "location-before-char-end": 17330,
      "node-str": "event"
    },
    {
      "type": "delete-node",
      "node": {
        "label": "handleWidgetDispose",
        "type": "Invocation"
      },
      "location-before-char-start": 17306,
      "location-before-char-end": 17332,
      "node-str": "handleWidgetDispose"
    },
    {
      "type": "delete-node",
      "node": {
        "label": "break",
        "type": "Break"
      },
      "location-before-char-start": 17340,
      "location-before-char-end": 17345,
      "node-str": "break"
    },
    {
      "type": "delete-node",
      "node": {
        "label": "",
        "type": "Case"
      },
      "location-before-char-start": 17282,
      "location-before-char-end": 17345,
      "node-str": ""
    },
    {
      "type": "delete-node",
      "node": {
        "label": "org.eclipse.swt.SWT",
        "type": "TypeAccess"
      },
      "location-before-char-start": 0,
      "location-before-char-end": 0,
      "node-str": "org.eclipse.swt.SWT"
    },
    {
      "type": "delete-node",
      "node": {
        "label": "Selection",
        "type": "FieldRead"
      },
      "location-before-char-start": 17357,
      "location-before-char-end": 17369,
      "node-str": "Selection"
    },
    {
      "type": "delete-node",
      "node": {
        "label": "org.eclipse.ui.menus.CommandContributionItem$3",
        "type": "TypeAccess"
      },
      "location-before-char-start": 0,
      "location-before-char-end": 0,
      "node-str": "org.eclipse.ui.menus.CommandContributionItem$3"
    },
    {
      "type": "delete-node",
      "node": {
        "label": "event",
        "type": "VariableRead"
      },
      "location-before-char-start": 17435,
      "location-before-char-end": 17439,
      "node-str": "event"
    },
    {
      "type": "delete-node",
      "node": {
        "label": "handleWidgetSelection",
        "type": "Invocation"
      },
      "location-before-char-start": 17413,
      "location-before-char-end": 17441,
      "node-str": "handleWidgetSelection"
    },
    {
      "type": "delete-node",
      "node": {
        "label": "THEN",
        "type": "then"
      },
      "location-before-char-start": 17404,
      "location-before-char-end": 17449,
      "node-str": "THEN"
    },
    {
      "type": "delete-node",
      "node": {
        "label": "if",
        "type": "If"
      },
      "location-before-char-start": 17378,
      "location-before-char-end": 17449,
      "node-str": "if"
    },
    {
      "type": "delete-node",
      "node": {
        "label": "break",
        "type": "Break"
      },
      "location-before-char-start": 17457,
      "location-before-char-end": 17462,
      "node-str": "break"
    },
    {
      "type": "delete-node",
      "node": {
        "label": "",
        "type": "Case"
      },
      "location-before-char-start": 17352,
      "location-before-char-end": 17462,
      "node-str": ""
    },
    {
      "type": "delete-node",
      "node": {
        "label": "",
        "type": "Switch"
      },
      "location-before-char-start": 17255,
      "location-before-char-end": 17469,
      "node-str": ""
    },
    {
      "type": "delete-node",
      "node": {
        "label": "handleEvent",
        "type": "Method"
      },
      "location-before-char-start": 17211,
      "location-before-char-end": 17475,
      "node-str": "handleEvent"
    },
    {
      "type": "delete-node",
      "node": {
        "label": "3",
        "type": "Class"
      },
      "location-before-char-start": 17205,
      "location-before-char-end": 17480,
      "node-str": "3"
    },
    {
      "type": "delete-node",
      "node": {
        "label": "org.eclipse.swt.widgets.Listener()",
        "type": "NewClass"
      },
      "location-before-char-start": 17190,
      "location-before-char-end": 17480,
      "node-str": "org.eclipse.swt.widgets.Listener()"
    },
    {
      "type": "delete-node",
      "node": {
        "label": "\u003d",
        "type": "Assignment"
      },
      "location-before-char-start": 17171,
      "location-before-char-end": 17481,
      "node-str": "\u003d"
    },
    {
      "type": "delete-node",
      "node": {
        "label": "THEN",
        "type": "then"
      },
      "location-before-char-start": 17166,
      "location-before-char-end": 17485,
      "node-str": "THEN"
    },
    {
      "type": "delete-node",
      "node": {
        "label": "if",
        "type": "If"
      },
      "location-before-char-start": 17136,
      "location-before-char-end": 17485,
      "node-str": "if"
    },
    {
      "type": "delete-node",
      "node": {
        "label": "getItemListener",
        "type": "Method"
      },
      "location-before-char-start": 17097,
      "location-before-char-end": 17515,
      "node-str": "getItemListener"
    },
    {
      "type": "delete-node",
      "node": {
        "label": "boolean",
        "type": "RETURN_TYPE"
      },
      "location-before-char-start": 0,
      "location-before-char-end": 0,
      "node-str": "boolean"
    },
    {
      "type": "delete-node",
      "node": {
        "label": "org.eclipse.swt.widgets.Event",
        "type": "VARIABLE_TYPE"
      },
      "location-before-char-start": 0,
      "location-before-char-end": 0,
      "node-str": "org.eclipse.swt.widgets.Event"
    },
    {
      "type": "delete-node",
      "node": {
        "label": "event",
        "type": "Parameter"
      },
      "location-before-char-start": 18818,
      "location-before-char-end": 18828,
      "node-str": "event"
    },
    {
      "type": "delete-node",
      "node": {
        "label": "item",
        "type": "VariableRead"
      },
      "location-before-char-start": 18869,
      "location-before-char-end": 18872,
      "node-str": "item"
    },
    {
      "type": "delete-node",
      "node": {
        "label": "null",
        "type": "Literal"
      },
      "location-before-char-start": 18877,
      "location-before-char-end": 18880,
      "node-str": "null"
    },
    {
      "type": "delete-node",
      "node": {
        "label": "NE",
        "type": "BinaryOperator"
      },
      "location-before-char-start": 18869,
      "location-before-char-end": 18880,
      "node-str": "NE"
    },
    {
      "type": "delete-node",
      "node": {
        "label": "org.eclipse.swt.widgets.ToolItem",
        "type": "VARIABLE_TYPE"
      },
      "location-before-char-start": 0,
      "location-before-char-end": 0,
      "node-str": "org.eclipse.swt.widgets.ToolItem"
    },
    {
      "type": "delete-node",
      "node": {
        "label": "item",
        "type": "VariableRead"
      },
      "location-before-char-start": 19027,
      "location-before-char-end": 19041,
      "node-str": "item"
    },
    {
      "type": "delete-node",
      "node": {
        "label": "ti",
        "type": "LocalVariable"
      },
      "location-before-char-start": 19013,
      "location-before-char-end": 19042,
      "node-str": "ti"
    },
    {
      "type": "delete-node",
      "node": {
        "label": "org.eclipse.jface.action.MenuManager",
        "type": "VARIABLE_TYPE"
      },
      "location-before-char-start": 0,
      "location-before-char-end": 0,
      "node-str": "org.eclipse.jface.action.MenuManager"
    },
    {
      "type": "delete-node",
      "node": {
        "label": "final",
        "type": "Modifier"
      },
      "location-before-char-start": 0,
      "location-before-char-end": 0,
      "node-str": "final"
    },
    {
      "type": "delete-node",
      "node": {
        "label": "org.eclipse.jface.action.MenuManager()",
        "type": "ConstructorCall"
      },
      "location-before-char-start": 19082,
      "location-before-char-end": 19098,
      "node-str": "org.eclipse.jface.action.MenuManager()"
    },
    {
      "type": "delete-node",
      "node": {
        "label": "menuManager",
        "type": "LocalVariable"
      },
      "location-before-char-start": 19050,
      "location-before-char-end": 19099,
      "node-str": "menuManager"
    },
    {
      "type": "delete-node",
      "node": {
        "label": "menuManager",
        "type": "VariableRead"
      },
      "location-before-char-start": 19273,
      "location-before-char-end": 19283,
      "node-str": "menuManager"
    },
    {
      "type": "delete-node",
      "node": {
        "label": "org.eclipse.jface.action.IMenuListener",
        "type": "SUPER_TYPE"
      },
      "location-before-char-start": 0,
      "location-before-char-end": 0,
      "node-str": "org.eclipse.jface.action.IMenuListener"
    },
    {
      "type": "delete-node",
      "node": {
        "label": "",
        "type": "TypeReference"
      },
      "location-before-char-start": 0,
      "location-before-char-end": 0,
      "node-str": ""
    },
    {
      "type": "delete-node",
      "node": {
        "label": "void",
        "type": "RETURN_TYPE"
      },
      "location-before-char-start": 0,
      "location-before-char-end": 0,
      "node-str": "void"
    },
    {
      "type": "delete-node",
      "node": {
        "label": "public",
        "type": "Modifier"
      },
      "location-before-char-start": 0,
      "location-before-char-end": 0,
      "node-str": "public"
    },
    {
      "type": "delete-node",
      "node": {
        "label": "org.eclipse.jface.action.IMenuManager",
        "type": "VARIABLE_TYPE"
      },
      "location-before-char-start": 0,
      "location-before-char-end": 0,
      "node-str": "org.eclipse.jface.action.IMenuManager"
    },
    {
      "type": "delete-node",
      "node": {
        "label": "manager",
        "type": "Parameter"
      },
      "location-before-char-start": 19357,
      "location-before-char-end": 19376,
      "node-str": "manager"
    },
    {
      "type": "delete-node",
      "node": {
        "label": "java.lang.String",
        "type": "VARIABLE_TYPE"
      },
      "location-before-char-start": 0,
      "location-before-char-end": 0,
      "node-str": "java.lang.String"
    },
    {
      "type": "delete-node",
      "node": {
        "label": "org.eclipse.ui.menus.CommandContributionItem$4",
        "type": "TypeAccess"
      },
      "location-before-char-start": 0,
      "location-before-char-end": 0,
      "node-str": "org.eclipse.ui.menus.CommandContributionItem$4"
    },
    {
      "type": "delete-node",
      "node": {
        "label": "getId",
        "type": "Invocation"
      },
      "location-before-char-start": 19400,
      "location-before-char-end": 19406,
      "node-str": "getId"
    },
    {
      "type": "delete-node",
      "node": {
        "label": "id",
        "type": "LocalVariable"
      },
      "location-before-char-start": 19388,
      "location-before-char-end": 19407,
      "node-str": "id"
    },
    {
      "type": "delete-node",
      "node": {
        "label": "menuAboutToShow",
        "type": "Method"
      },
      "location-before-char-start": 19329,
      "location-before-char-end": 19601,
      "node-str": "menuAboutToShow"
    },
    {
      "type": "delete-node",
      "node": {
        "label": "4",
        "type": "Class"
      },
      "location-before-char-start": 19321,
      "location-before-char-end": 19608,
      "node-str": "4"
    },
    {
      "type": "delete-node",
      "node": {
        "label": "org.eclipse.jface.action.IMenuListener()",
        "type": "NewClass"
      },
      "location-before-char-start": 19301,
      "location-before-char-end": 19608,
      "node-str": "org.eclipse.jface.action.IMenuListener()"
    },
    {
      "type": "delete-node",
      "node": {
        "label": "addMenuListener",
        "type": "Invocation"
      },
      "location-before-char-start": 19273,
      "location-before-char-end": 19610,
      "node-str": "addMenuListener"
    },
    {
      "type": "delete-node",
      "node": {
        "label": "menu",
        "type": "VariableRead"
      },
      "location-before-char-start": 19824,
      "location-before-char-end": 19827,
      "node-str": "menu"
    },
    {
      "type": "delete-node",
      "node": {
        "label": "true",
        "type": "Literal"
      },
      "location-before-char-start": 19840,
      "location-before-char-end": 19843,
      "node-str": "true"
    },
    {
      "type": "delete-node",
      "node": {
        "label": "setVisible",
        "type": "Invocation"
      },
      "location-before-char-start": 19824,
      "location-before-char-end": 19845,
      "node-str": "setVisible"
    },
    {
      "type": "delete-node",
      "node": {
        "label": "true",
        "type": "Literal"
      },
      "location-before-char-start": 19859,
      "location-before-char-end": 19862,
      "node-str": "true"
    },
    {
      "type": "delete-node",
      "node": {
        "label": "return",
        "type": "Return"
      },
      "location-before-char-start": 19852,
      "location-before-char-end": 19863,
      "node-str": "return"
    },
    {
      "type": "delete-node",
      "node": {
        "label": "THEN",
        "type": "then"
      },
      "location-before-char-start": 18983,
      "location-before-char-end": 19897,
      "node-str": "THEN"
    },
    {
      "type": "delete-node",
      "node": {
        "label": "if",
        "type": "If"
      },
      "location-before-char-start": 18960,
      "location-before-char-end": 19897,
      "node-str": "if"
    },
    {
      "type": "delete-node",
      "node": {
        "label": "THEN",
        "type": "then"
      },
      "location-before-char-start": 18954,
      "location-before-char-end": 19902,
      "node-str": "THEN"
    },
    {
      "type": "delete-node",
      "node": {
        "label": "if",
        "type": "If"
      },
      "location-before-char-start": 18920,
      "location-before-char-end": 19902,
      "node-str": "if"
    },
    {
      "type": "delete-node",
      "node": {
        "label": "THEN",
        "type": "then"
      },
      "location-before-char-start": 18883,
      "location-before-char-end": 19906,
      "node-str": "THEN"
    },
    {
      "type": "delete-node",
      "node": {
        "label": "if",
        "type": "If"
      },
      "location-before-char-start": 18865,
      "location-before-char-end": 19906,
      "node-str": "if"
    },
    {
      "type": "delete-node",
      "node": {
        "label": "false",
        "type": "Literal"
      },
      "location-before-char-start": 19918,
      "location-before-char-end": 19922,
      "node-str": "false"
    },
    {
      "type": "delete-node",
      "node": {
        "label": "return",
        "type": "Return"
      },
      "location-before-char-start": 19911,
      "location-before-char-end": 19923,
      "node-str": "return"
    },
    {
      "type": "delete-node",
      "node": {
        "label": "openDropDownMenu",
        "type": "Method"
      },
      "location-before-char-start": 18472,
      "location-before-char-end": 19926,
      "node-str": "openDropDownMenu"
    }
  ],
  "before-file": {},
  "after-file": {},
  "mapping": {}
}