{
  "tool-info": {},
  "diff": [
    {
      "type": "insert-node",
      "node": {
        "label": "LRUStatefulContextCachePolicy",
        "type": "Class"
      },
      "location-after-char-start": 296,
      "location-after-char-end": 5033,
      "node-str": "LRUStatefulContextCachePolicy"
    },
    {
      "type": "insert-node",
      "node": {
        "label": "public",
        "type": "Modifier"
      },
      "location-after-char-start": 0,
      "location-after-char-end": 0,
      "node-str": "public"
    },
    {
      "type": "move-subtree",
      "node": {
        "label": "",
        "type": "TypeReference"
      },
      "location-before-char-start": 527,
      "location-before-char-end": 557,
      "location-after-char-start": 557,
      "location-after-char-end": 587,
      "node-str": ""
    },
    {
      "type": "move-subtree",
      "node": {
        "label": "m_maxBeanLife",
        "type": "Field"
      },
      "location-before-char-start": 562,
      "location-before-char-end": 784,
      "location-after-char-start": 594,
      "location-after-char-end": 822,
      "node-str": "m_maxBeanLife"
    },
    {
      "type": "move-subtree",
      "node": {
        "label": "m_remover",
        "type": "Field"
      },
      "location-before-char-start": 787,
      "location-before-char-end": 844,
      "location-after-char-start": 827,
      "location-after-char-end": 886,
      "node-str": "m_remover"
    },
    {
      "type": "move-subtree",
      "node": {
        "label": "m_removerPeriod",
        "type": "Field"
      },
      "location-before-char-start": 847,
      "location-before-char-end": 915,
      "location-after-char-start": 891,
      "location-after-char-end": 961,
      "node-str": "m_removerPeriod"
    },
    {
      "type": "insert-node",
      "node": {
        "label": "ssiCache",
        "type": "Field"
      },
      "location-after-char-start": 966,
      "location-after-char-end": 1056,
      "node-str": "ssiCache"
    },
    {
      "type": "insert-node",
      "node": {
        "label": "\u003cinit\u003e",
        "type": "Constructor"
      },
      "location-after-char-start": 1062,
      "location-after-char-end": 1460,
      "node-str": "\u003cinit\u003e"
    },
    {
      "type": "move-subtree",
      "node": {
        "label": "start",
        "type": "Method"
      },
      "location-before-char-start": 1368,
      "location-before-char-end": 1826,
      "location-after-char-start": 1466,
      "location-after-char-end": 1956,
      "node-str": "start"
    },
    {
      "type": "move-subtree",
      "node": {
        "label": "stop",
        "type": "Method"
      },
      "location-before-char-start": 1830,
      "location-before-char-end": 1916,
      "location-after-char-start": 1962,
      "location-after-char-end": 2083,
      "node-str": "stop"
    },
    {
      "type": "move-subtree",
      "node": {
        "label": "importXml",
        "type": "Method"
      },
      "location-before-char-start": 1919,
      "location-before-char-end": 2796,
      "location-after-char-start": 2089,
      "location-after-char-end": 3186,
      "node-str": "importXml"
    },
    {
      "type": "move-subtree",
      "node": {
        "label": "appendProperties",
        "type": "Method"
      },
      "location-before-char-start": 2800,
      "location-before-char-end": 3235,
      "location-after-char-start": 3192,
      "location-after-char-end": 3631,
      "node-str": "appendProperties"
    },
    {
      "type": "insert-node",
      "node": {
        "label": "RemoverTask",
        "type": "Class"
      },
      "location-after-char-start": 3640,
      "location-after-char-end": 5031,
      "node-str": "RemoverTask"
    },
    {
      "type": "insert-node",
      "node": {
        "label": "org.jboss.ejb.plugins.StatefulSessionInstanceCache",
        "type": "VARIABLE_TYPE"
      },
      "location-after-char-start": 0,
      "location-after-char-end": 0,
      "node-str": "org.jboss.ejb.plugins.StatefulSessionInstanceCache"
    },
    {
      "type": "insert-node",
      "node": {
        "label": "public",
        "type": "Modifier"
      },
      "location-after-char-start": 0,
      "location-after-char-end": 0,
      "node-str": "public"
    },
    {
      "type": "move-subtree",
      "node": {
        "label": "eic",
        "type": "Parameter"
      },
      "location-before-char-start": 1272,
      "location-before-char-end": 1296,
      "location-after-char-start": 1354,
      "location-after-char-end": 1378,
      "node-str": "eic"
    },
    {
      "type": "move-subtree",
      "node": {
        "label": "\u003cinit\u003e",
        "type": "Invocation"
      },
      "location-before-char-start": 1304,
      "location-before-char-end": 1314,
      "location-after-char-start": 1392,
      "location-after-char-end": 1402,
      "node-str": "\u003cinit\u003e"
    },
    {
      "type": "insert-node",
      "node": {
        "label": "\u003d",
        "type": "Assignment"
      },
      "location-after-char-start": 1410,
      "location-after-char-end": 1455,
      "node-str": "\u003d"
    },
    {
      "type": "insert-node",
      "node": {
        "label": "protected",
        "type": "Modifier"
      },
      "location-after-char-start": 0,
      "location-after-char-end": 0,
      "node-str": "protected"
    },
    {
      "type": "move-subtree",
      "node": {
        "label": "",
        "type": "TypeReference"
      },
      "location-before-char-start": 3497,
      "location-before-char-end": 3508,
      "location-after-char-start": 3905,
      "location-after-char-end": 3916,
      "node-str": ""
    },
    {
      "type": "move-subtree",
      "node": {
        "label": "\u003cinit\u003e",
        "type": "Constructor"
      },
      "location-before-char-start": 3515,
      "location-before-char-end": 3574,
      "location-after-char-start": 3929,
      "location-after-char-end": 4002,
      "node-str": "\u003cinit\u003e"
    },
    {
      "type": "move-subtree",
      "node": {
        "label": "getTaskLogMessage",
        "type": "Method"
      },
      "location-before-char-start": 3578,
      "location-before-char-end": 3650,
      "location-after-char-start": 4011,
      "location-after-char-end": 4106,
      "node-str": "getTaskLogMessage"
    },
    {
      "type": "move-subtree",
      "node": {
        "label": "kickOut",
        "type": "Method"
      },
      "location-before-char-start": 3710,
      "location-before-char-end": 3775,
      "location-after-char-start": 4115,
      "location-after-char-end": 4203,
      "node-str": "kickOut"
    },
    {
      "type": "move-subtree",
      "node": {
        "label": "getMaxAge",
        "type": "Method"
      },
      "location-before-char-start": 3779,
      "location-before-char-end": 3828,
      "location-after-char-start": 4212,
      "location-after-char-end": 4284,
      "node-str": "getMaxAge"
    },
    {
      "type": "insert-node",
      "node": {
        "label": "run",
        "type": "Method"
      },
      "location-after-char-start": 4293,
      "location-after-char-end": 5026,
      "node-str": "run"
    },
    {
      "type": "insert-node",
      "node": {
        "label": "ssiCache",
        "type": "FieldWrite"
      },
      "location-after-char-start": 1410,
      "location-after-char-end": 1417,
      "node-str": "ssiCache"
    },
    {
      "type": "insert-node",
      "node": {
        "label": "eic",
        "type": "VariableRead"
      },
      "location-after-char-start": 1421,
      "location-after-char-end": 1454,
      "node-str": "eic"
    },
    {
      "type": "insert-node",
      "node": {
        "label": "void",
        "type": "RETURN_TYPE"
      },
      "location-after-char-start": 0,
      "location-after-char-end": 0,
      "node-str": "void"
    },
    {
      "type": "insert-node",
      "node": {
        "label": "public",
        "type": "Modifier"
      },
      "location-after-char-start": 0,
      "location-after-char-end": 0,
      "node-str": "public"
    },
    {
      "type": "insert-node",
      "node": {
        "label": "if",
        "type": "If"
      },
      "location-after-char-start": 4328,
      "location-after-char-end": 4412,
      "node-str": "if"
    },
    {
      "type": "insert-node",
      "node": {
        "label": "",
        "type": "Synchronized"
      },
      "location-after-char-start": 4424,
      "location-after-char-end": 4700,
      "node-str": ""
    },
    {
      "type": "insert-node",
      "node": {
        "label": "",
        "type": "Try"
      },
      "location-after-char-start": 4711,
      "location-after-char-end": 5018,
      "node-str": ""
    },
    {
      "type": "insert-node",
      "node": {
        "label": "org.jboss.ejb.plugins.LRUStatefulContextCachePolicy",
        "type": "TypeAccess"
      },
      "location-after-char-start": 0,
      "location-after-char-end": 0,
      "node-str": "org.jboss.ejb.plugins.LRUStatefulContextCachePolicy"
    },
    {
      "type": "insert-node",
      "node": {
        "label": "EQ",
        "type": "BinaryOperator"
      },
      "location-after-char-start": 4332,
      "location-after-char-end": 4347,
      "node-str": "EQ"
    },
    {
      "type": "move-subtree",
      "node": {
        "label": "THEN",
        "type": "then"
      },
      "location-before-char-start": 3895,
      "location-before-char-end": 3948,
      "location-after-char-start": 4359,
      "location-after-char-end": 4412,
      "node-str": "THEN"
    },
    {
      "type": "insert-node",
      "node": {
        "label": "getCacheLock",
        "type": "Invocation"
      },
      "location-after-char-start": 4438,
      "location-after-char-end": 4460,
      "node-str": "getCacheLock"
    },
    {
      "type": "insert-node",
      "node": {
        "label": "debug",
        "type": "Invocation"
      },
      "location-after-char-start": 4486,
      "location-after-char-end": 4518,
      "node-str": "debug"
    },
    {
      "type": "move-subtree",
      "node": {
        "label": "run",
        "type": "Invocation"
      },
      "location-before-char-start": 4044,
      "location-before-char-end": 4055,
      "location-after-char-start": 4590,
      "location-after-char-end": 4601,
      "node-str": "run"
    },
    {
      "type": "insert-node",
      "node": {
        "label": "debug",
        "type": "Invocation"
      },
      "location-after-char-start": 4615,
      "location-after-char-end": 4689,
      "node-str": "debug"
    },
    {
      "type": "insert-node",
      "node": {
        "label": "removePassivated",
        "type": "Invocation"
      },
      "location-after-char-start": 4803,
      "location-after-char-end": 4861,
      "node-str": "removePassivated"
    },
    {
      "type": "insert-node",
      "node": {
        "label": "debug",
        "type": "Invocation"
      },
      "location-after-char-start": 4875,
      "location-after-char-end": 4905,
      "node-str": "debug"
    },
    {
      "type": "insert-node",
      "node": {
        "label": "",
        "type": "Catch"
      },
      "location-after-char-start": 4917,
      "location-after-char-end": 5018,
      "node-str": ""
    },
    {
      "type": "insert-node",
      "node": {
        "label": "ssiCache",
        "type": "FieldRead"
      },
      "location-after-char-start": 4332,
      "location-after-char-end": 4339,
      "node-str": "ssiCache"
    },
    {
      "type": "insert-node",
      "node": {
        "label": "null",
        "type": "Literal"
      },
      "location-after-char-start": 4344,
      "location-after-char-end": 4347,
      "node-str": "null"
    },
    {
      "type": "insert-node",
      "node": {
        "label": "ssiCache",
        "type": "FieldRead"
      },
      "location-after-char-start": 4438,
      "location-after-char-end": 4445,
      "node-str": "ssiCache"
    },
    {
      "type": "insert-node",
      "node": {
        "label": "log",
        "type": "FieldRead"
      },
      "location-after-char-start": 4486,
      "location-after-char-end": 4488,
      "node-str": "log"
    },
    {
      "type": "insert-node",
      "node": {
        "label": "\"Running RemoverTask\"",
        "type": "Literal"
      },
      "location-after-char-start": 4496,
      "location-after-char-end": 4516,
      "node-str": "\"Running RemoverTask\""
    },
    {
      "type": "insert-node",
      "node": {
        "label": "log",
        "type": "FieldRead"
      },
      "location-after-char-start": 4615,
      "location-after-char-end": 4617,
      "node-str": "log"
    },
    {
      "type": "insert-node",
      "node": {
        "label": "PLUS",
        "type": "BinaryOperator"
      },
      "location-after-char-start": 4625,
      "location-after-char-end": 4687,
      "node-str": "PLUS"
    },
    {
      "type": "insert-node",
      "node": {
        "label": "ssiCache",
        "type": "FieldRead"
      },
      "location-after-char-start": 4803,
      "location-after-char-end": 4810,
      "node-str": "ssiCache"
    },
    {
      "type": "move-subtree",
      "node": {
        "label": "MINUS",
        "type": "BinaryOperator"
      },
      "location-before-char-start": 4122,
      "location-before-char-end": 4152,
      "location-after-char-start": 4829,
      "location-after-char-end": 4859,
      "node-str": "MINUS"
    },
    {
      "type": "insert-node",
      "node": {
        "label": "log",
        "type": "FieldRead"
      },
      "location-after-char-start": 4875,
      "location-after-char-end": 4877,
      "node-str": "log"
    },
    {
      "type": "insert-node",
      "node": {
        "label": "\"RemoverTask, done\"",
        "type": "Literal"
      },
      "location-after-char-start": 4885,
      "location-after-char-end": 4903,
      "node-str": "\"RemoverTask, done\""
    },
    {
      "type": "insert-node",
      "node": {
        "label": "e",
        "type": "CatchVariable"
      },
      "location-after-char-start": 4934,
      "location-after-char-end": 4944,
      "node-str": "e"
    },
    {
      "type": "insert-node",
      "node": {
        "label": "debug",
        "type": "Invocation"
      },
      "location-after-char-start": 4970,
      "location-after-char-end": 5007,
      "node-str": "debug"
    },
    {
      "type": "insert-node",
      "node": {
        "label": "org.jboss.ejb.plugins.LRUStatefulContextCachePolicy",
        "type": "TypeAccess"
      },
      "location-after-char-start": 0,
      "location-after-char-end": 0,
      "node-str": "org.jboss.ejb.plugins.LRUStatefulContextCachePolicy"
    },
    {
      "type": "insert-node",
      "node": {
        "label": "org.jboss.ejb.plugins.LRUStatefulContextCachePolicy",
        "type": "TypeAccess"
      },
      "location-after-char-start": 0,
      "location-after-char-end": 0,
      "node-str": "org.jboss.ejb.plugins.LRUStatefulContextCachePolicy"
    },
    {
      "type": "insert-node",
      "node": {
        "label": "\"RemoverTask, PassivatedCount\u003d\"",
        "type": "Literal"
      },
      "location-after-char-start": 4625,
      "location-after-char-end": 4655,
      "node-str": "\"RemoverTask, PassivatedCount\u003d\""
    },
    {
      "type": "insert-node",
      "node": {
        "label": "getPassivatedCount",
        "type": "Invocation"
      },
      "location-after-char-start": 4659,
      "location-after-char-end": 4687,
      "node-str": "getPassivatedCount"
    },
    {
      "type": "insert-node",
      "node": {
        "label": "org.jboss.ejb.plugins.LRUStatefulContextCachePolicy",
        "type": "TypeAccess"
      },
      "location-after-char-start": 0,
      "location-after-char-end": 0,
      "node-str": "org.jboss.ejb.plugins.LRUStatefulContextCachePolicy"
    },
    {
      "type": "insert-node",
      "node": {
        "label": "java.lang.Throwable",
        "type": "VARIABLE_TYPE"
      },
      "location-after-char-start": 0,
      "location-after-char-end": 0,
      "node-str": "java.lang.Throwable"
    },
    {
      "type": "insert-node",
      "node": {
        "label": "log",
        "type": "FieldRead"
      },
      "location-after-char-start": 4970,
      "location-after-char-end": 4972,
      "node-str": "log"
    },
    {
      "type": "insert-node",
      "node": {
        "label": "\"Error during removals\"",
        "type": "Literal"
      },
      "location-after-char-start": 4980,
      "location-after-char-end": 5002,
      "node-str": "\"Error during removals\""
    },
    {
      "type": "insert-node",
      "node": {
        "label": "e",
        "type": "VariableRead"
      },
      "location-after-char-start": 5005,
      "location-after-char-end": 5005,
      "node-str": "e"
    },
    {
      "type": "insert-node",
      "node": {
        "label": "ssiCache",
        "type": "FieldRead"
      },
      "location-after-char-start": 4659,
      "location-after-char-end": 4666,
      "node-str": "ssiCache"
    },
    {
      "type": "insert-node",
      "node": {
        "label": "org.jboss.ejb.plugins.LRUStatefulContextCachePolicy",
        "type": "TypeAccess"
      },
      "location-after-char-start": 0,
      "location-after-char-end": 0,
      "node-str": "org.jboss.ejb.plugins.LRUStatefulContextCachePolicy"
    },
    {
      "type": "delete-node",
      "node": {
        "label": "public",
        "type": "Modifier"
      },
      "location-before-char-start": 0,
      "location-before-char-end": 0,
      "node-str": "public"
    },
    {
      "type": "delete-node",
      "node": {
        "label": "org.jboss.ejb.plugins.StatefulSessionInstanceCache",
        "type": "VARIABLE_TYPE"
      },
      "location-before-char-start": 0,
      "location-before-char-end": 0,
      "node-str": "org.jboss.ejb.plugins.StatefulSessionInstanceCache"
    },
    {
      "type": "delete-node",
      "node": {
        "label": "m_cache",
        "type": "Field"
      },
      "location-before-char-start": 918,
      "location-before-char-end": 988,
      "node-str": "m_cache"
    },
    {
      "type": "delete-node",
      "node": {
        "label": "public",
        "type": "Modifier"
      },
      "location-before-char-start": 0,
      "location-before-char-end": 0,
      "node-str": "public"
    },
    {
      "type": "delete-node",
      "node": {
        "label": "org.jboss.ejb.plugins.LRUStatefulContextCachePolicy",
        "type": "TypeAccess"
      },
      "location-before-char-start": 0,
      "location-before-char-end": 0,
      "node-str": "org.jboss.ejb.plugins.LRUStatefulContextCachePolicy"
    },
    {
      "type": "delete-node",
      "node": {
        "label": "m_cache",
        "type": "FieldWrite"
      },
      "location-before-char-start": 1318,
      "location-before-char-end": 1324,
      "node-str": "m_cache"
    },
    {
      "type": "delete-node",
      "node": {
        "label": "eic",
        "type": "VariableRead"
      },
      "location-before-char-start": 1328,
      "location-before-char-end": 1360,
      "node-str": "eic"
    },
    {
      "type": "delete-node",
      "node": {
        "label": "\u003d",
        "type": "Assignment"
      },
      "location-before-char-start": 1318,
      "location-before-char-end": 1361,
      "node-str": "\u003d"
    },
    {
      "type": "delete-node",
      "node": {
        "label": "\u003cinit\u003e",
        "type": "Constructor"
      },
      "location-before-char-start": 992,
      "location-before-char-end": 1364,
      "node-str": "\u003cinit\u003e"
    },
    {
      "type": "delete-node",
      "node": {
        "label": "protected",
        "type": "Modifier"
      },
      "location-before-char-start": 0,
      "location-before-char-end": 0,
      "node-str": "protected"
    },
    {
      "type": "delete-node",
      "node": {
        "label": "java.lang.String",
        "type": "RETURN_TYPE"
      },
      "location-before-char-start": 0,
      "location-before-char-end": 0,
      "node-str": "java.lang.String"
    },
    {
      "type": "delete-node",
      "node": {
        "label": "protected",
        "type": "Modifier"
      },
      "location-before-char-start": 0,
      "location-before-char-end": 0,
      "node-str": "protected"
    },
    {
      "type": "delete-node",
      "node": {
        "label": "\"REMOVER\"",
        "type": "Literal"
      },
      "location-before-char-start": 3696,
      "location-before-char-end": 3704,
      "node-str": "\"REMOVER\""
    },
    {
      "type": "delete-node",
      "node": {
        "label": "return",
        "type": "Return"
      },
      "location-before-char-start": 3689,
      "location-before-char-end": 3705,
      "node-str": "return"
    },
    {
      "type": "delete-node",
      "node": {
        "label": "getJMSTaskType",
        "type": "Method"
      },
      "location-before-char-start": 3654,
      "location-before-char-end": 3706,
      "node-str": "getJMSTaskType"
    },
    {
      "type": "delete-node",
      "node": {
        "label": "void",
        "type": "RETURN_TYPE"
      },
      "location-before-char-start": 0,
      "location-before-char-end": 0,
      "node-str": "void"
    },
    {
      "type": "delete-node",
      "node": {
        "label": "public",
        "type": "Modifier"
      },
      "location-before-char-start": 0,
      "location-before-char-end": 0,
      "node-str": "public"
    },
    {
      "type": "delete-node",
      "node": {
        "label": "org.jboss.ejb.plugins.LRUStatefulContextCachePolicy",
        "type": "TypeAccess"
      },
      "location-before-char-start": 0,
      "location-before-char-end": 0,
      "node-str": "org.jboss.ejb.plugins.LRUStatefulContextCachePolicy"
    },
    {
      "type": "delete-node",
      "node": {
        "label": "m_cache",
        "type": "FieldRead"
      },
      "location-before-char-start": 3868,
      "location-before-char-end": 3874,
      "node-str": "m_cache"
    },
    {
      "type": "delete-node",
      "node": {
        "label": "null",
        "type": "Literal"
      },
      "location-before-char-start": 3879,
      "location-before-char-end": 3882,
      "node-str": "null"
    },
    {
      "type": "delete-node",
      "node": {
        "label": "EQ",
        "type": "BinaryOperator"
      },
      "location-before-char-start": 3868,
      "location-before-char-end": 3882,
      "node-str": "EQ"
    },
    {
      "type": "delete-node",
      "node": {
        "label": "if",
        "type": "If"
      },
      "location-before-char-start": 3864,
      "location-before-char-end": 3948,
      "node-str": "if"
    },
    {
      "type": "delete-node",
      "node": {
        "label": "org.jboss.ejb.plugins.LRUStatefulContextCachePolicy",
        "type": "TypeAccess"
      },
      "location-before-char-start": 0,
      "location-before-char-end": 0,
      "node-str": "org.jboss.ejb.plugins.LRUStatefulContextCachePolicy"
    },
    {
      "type": "delete-node",
      "node": {
        "label": "m_cache",
        "type": "FieldRead"
      },
      "location-before-char-start": 3968,
      "location-before-char-end": 3974,
      "node-str": "m_cache"
    },
    {
      "type": "delete-node",
      "node": {
        "label": "getCacheLock",
        "type": "Invocation"
      },
      "location-before-char-start": 3968,
      "location-before-char-end": 3989,
      "node-str": "getCacheLock"
    },
    {
      "type": "delete-node",
      "node": {
        "label": "org.jboss.ejb.plugins.LRUStatefulContextCachePolicy",
        "type": "TypeAccess"
      },
      "location-before-char-start": 0,
      "location-before-char-end": 0,
      "node-str": "org.jboss.ejb.plugins.LRUStatefulContextCachePolicy"
    },
    {
      "type": "delete-node",
      "node": {
        "label": "m_cache",
        "type": "FieldRead"
      },
      "location-before-char-start": 4097,
      "location-before-char-end": 4103,
      "node-str": "m_cache"
    },
    {
      "type": "delete-node",
      "node": {
        "label": "removePassivated",
        "type": "Invocation"
      },
      "location-before-char-start": 4097,
      "location-before-char-end": 4154,
      "node-str": "removePassivated"
    },
    {
      "type": "delete-node",
      "node": {
        "label": "",
        "type": "Synchronized"
      },
      "location-before-char-start": 3954,
      "location-before-char-end": 4159,
      "node-str": ""
    },
    {
      "type": "delete-node",
      "node": {
        "label": "run",
        "type": "Method"
      },
      "location-before-char-start": 3833,
      "location-before-char-end": 4163,
      "node-str": "run"
    },
    {
      "type": "delete-node",
      "node": {
        "label": "RemoverTask",
        "type": "Class"
      },
      "location-before-char-start": 3242,
      "location-before-char-end": 4166,
      "node-str": "RemoverTask"
    },
    {
      "type": "delete-node",
      "node": {
        "label": "LRUStatefulContextCachePolicy",
        "type": "Class"
      },
      "location-before-char-start": 296,
      "location-before-char-end": 4168,
      "node-str": "LRUStatefulContextCachePolicy"
    }
  ],
  "before-file": {},
  "after-file": {},
  "mapping": {}
}