{
  "tool-info": {},
  "diff": [
    {
      "type": "insert-node",
      "node": {
        "label": "ColumnConfigDialog",
        "type": "Class"
      },
      "location-after-char-start": 2241,
      "location-after-char-end": 12312,
      "node-str": "ColumnConfigDialog"
    },
    {
      "type": "insert-node",
      "node": {
        "label": "public",
        "type": "Modifier"
      },
      "location-after-char-start": 0,
      "location-after-char-end": 0,
      "node-str": "public"
    },
    {
      "type": "insert-node",
      "node": {
        "label": "dialog",
        "type": "Field"
      },
      "location-after-char-start": 2469,
      "location-after-char-end": 2491,
      "node-str": "dialog"
    },
    {
      "type": "insert-node",
      "node": {
        "label": "showButton",
        "type": "Field"
      },
      "location-after-char-start": 2498,
      "location-after-char-end": 2524,
      "node-str": "showButton"
    },
    {
      "type": "insert-node",
      "node": {
        "label": "hideButton",
        "type": "Field"
      },
      "location-after-char-start": 2531,
      "location-after-char-end": 2557,
      "node-str": "hideButton"
    },
    {
      "type": "insert-node",
      "node": {
        "label": "list",
        "type": "Field"
      },
      "location-after-char-start": 2564,
      "location-after-char-end": 2590,
      "node-str": "list"
    },
    {
      "type": "insert-node",
      "node": {
        "label": "index",
        "type": "Field"
      },
      "location-after-char-start": 2597,
      "location-after-char-end": 2614,
      "node-str": "index"
    },
    {
      "type": "insert-node",
      "node": {
        "label": "columns",
        "type": "Field"
      },
      "location-after-char-start": 2621,
      "location-after-char-end": 2647,
      "node-str": "columns"
    },
    {
      "type": "insert-node",
      "node": {
        "label": "selection",
        "type": "Field"
      },
      "location-after-char-start": 2654,
      "location-after-char-end": 2689,
      "node-str": "selection"
    },
    {
      "type": "insert-node",
      "node": {
        "label": "mediator",
        "type": "Field"
      },
      "location-after-char-start": 2696,
      "location-after-char-end": 2730,
      "node-str": "mediator"
    },
    {
      "type": "insert-node",
      "node": {
        "label": "\u003cinit\u003e",
        "type": "Constructor"
      },
      "location-after-char-start": 2739,
      "location-after-char-end": 3433,
      "node-str": "\u003cinit\u003e"
    },
    {
      "type": "move-subtree",
      "node": {
        "label": "createButtonPanel",
        "type": "Method"
      },
      "location-before-char-start": 3240,
      "location-before-char-end": 4563,
      "location-after-char-start": 3442,
      "location-after-char-end": 5006,
      "node-str": "createButtonPanel"
    },
    {
      "type": "move-subtree",
      "node": {
        "label": "initComponents",
        "type": "Method"
      },
      "location-before-char-start": 4567,
      "location-before-char-end": 7103,
      "location-after-char-start": 5015,
      "location-after-char-end": 7999,
      "node-str": "initComponents"
    },
    {
      "type": "move-subtree",
      "node": {
        "label": "findColumn",
        "type": "Method"
      },
      "location-before-char-start": 7107,
      "location-before-char-end": 7356,
      "location-after-char-start": 8008,
      "location-after-char-end": 8326,
      "node-str": "findColumn"
    },
    {
      "type": "insert-node",
      "node": {
        "label": "updateComponents",
        "type": "Method"
      },
      "location-after-char-start": 8335,
      "location-after-char-end": 10099,
      "node-str": "updateComponents"
    },
    {
      "type": "move-subtree",
      "node": {
        "label": "valueChanged",
        "type": "Method"
      },
      "location-before-char-start": 8619,
      "location-before-char-end": 9030,
      "location-after-char-start": 10108,
      "location-after-char-end": 10587,
      "node-str": "valueChanged"
    },
    {
      "type": "move-subtree",
      "node": {
        "label": "updateButtonState",
        "type": "Method"
      },
      "location-before-char-start": 9034,
      "location-before-char-end": 9247,
      "location-after-char-start": 10596,
      "location-after-char-end": 10874,
      "node-str": "updateButtonState"
    },
    {
      "type": "move-subtree",
      "node": {
        "label": "actionPerformed",
        "type": "Method"
      },
      "location-before-char-start": 9251,
      "location-before-char-end": 10354,
      "location-after-char-start": 10883,
      "location-after-char-end": 12309,
      "node-str": "actionPerformed"
    },
    {
      "type": "insert-node",
      "node": {
        "label": "javax.swing.JDialog",
        "type": "VARIABLE_TYPE"
      },
      "location-after-char-start": 0,
      "location-after-char-end": 0,
      "node-str": "javax.swing.JDialog"
    },
    {
      "type": "insert-node",
      "node": {
        "label": "javax.swing.JButton",
        "type": "VARIABLE_TYPE"
      },
      "location-after-char-start": 0,
      "location-after-char-end": 0,
      "node-str": "javax.swing.JButton"
    },
    {
      "type": "insert-node",
      "node": {
        "label": "javax.swing.JButton",
        "type": "VARIABLE_TYPE"
      },
      "location-after-char-start": 0,
      "location-after-char-end": 0,
      "node-str": "javax.swing.JButton"
    },
    {
      "type": "insert-node",
      "node": {
        "label": "org.frapuccino.checkablelist.CheckableList",
        "type": "VARIABLE_TYPE"
      },
      "location-after-char-start": 0,
      "location-after-char-end": 0,
      "node-str": "org.frapuccino.checkablelist.CheckableList"
    },
    {
      "type": "insert-node",
      "node": {
        "label": "int",
        "type": "VARIABLE_TYPE"
      },
      "location-after-char-start": 0,
      "location-after-char-end": 0,
      "node-str": "int"
    },
    {
      "type": "insert-node",
      "node": {
        "label": "org.columba.core.xml.XmlElement",
        "type": "VARIABLE_TYPE"
      },
      "location-after-char-start": 0,
      "location-after-char-end": 0,
      "node-str": "org.columba.core.xml.XmlElement"
    },
    {
      "type": "insert-node",
      "node": {
        "label": "org.frapuccino.checkablelist.CheckableItemImpl",
        "type": "VARIABLE_TYPE"
      },
      "location-after-char-start": 0,
      "location-after-char-end": 0,
      "node-str": "org.frapuccino.checkablelist.CheckableItemImpl"
    },
    {
      "type": "insert-node",
      "node": {
        "label": "org.columba.mail.gui.frame.MailFrameMediator",
        "type": "VARIABLE_TYPE"
      },
      "location-after-char-start": 0,
      "location-after-char-end": 0,
      "node-str": "org.columba.mail.gui.frame.MailFrameMediator"
    },
    {
      "type": "insert-node",
      "node": {
        "label": "public",
        "type": "Modifier"
      },
      "location-after-char-start": 0,
      "location-after-char-end": 0,
      "node-str": "public"
    },
    {
      "type": "insert-node",
      "node": {
        "label": "mediator",
        "type": "Parameter"
      },
      "location-after-char-start": 2765,
      "location-after-char-end": 2790,
      "node-str": "mediator"
    },
    {
      "type": "insert-node",
      "node": {
        "label": "columns",
        "type": "Parameter"
      },
      "location-after-char-start": 2793,
      "location-after-char-end": 2810,
      "node-str": "columns"
    },
    {
      "type": "insert-node",
      "node": {
        "label": "\u003d",
        "type": "Assignment"
      },
      "location-after-char-start": 2824,
      "location-after-char-end": 2856,
      "node-str": "\u003d"
    },
    {
      "type": "insert-node",
      "node": {
        "label": "setTitle",
        "type": "Invocation"
      },
      "location-after-char-start": 2867,
      "location-after-char-end": 2903,
      "node-str": "setTitle"
    },
    {
      "type": "insert-node",
      "node": {
        "label": "\u003d",
        "type": "Assignment"
      },
      "location-after-char-start": 2916,
      "location-after-char-end": 2940,
      "node-str": "\u003d"
    },
    {
      "type": "insert-node",
      "node": {
        "label": "\u003d",
        "type": "Assignment"
      },
      "location-after-char-start": 2951,
      "location-after-char-end": 2973,
      "node-str": "\u003d"
    },
    {
      "type": "insert-node",
      "node": {
        "label": "\u003d",
        "type": "Assignment"
      },
      "location-after-char-start": 2986,
      "location-after-char-end": 3012,
      "node-str": "\u003d"
    },
    {
      "type": "insert-node",
      "node": {
        "label": "addListSelectionListener",
        "type": "Invocation"
      },
      "location-after-char-start": 3025,
      "location-after-char-end": 3080,
      "node-str": "addListSelectionListener"
    },
    {
      "type": "insert-node",
      "node": {
        "label": "initComponents",
        "type": "Invocation"
      },
      "location-after-char-start": 3093,
      "location-after-char-end": 3109,
      "node-str": "initComponents"
    },
    {
      "type": "insert-node",
      "node": {
        "label": "updateComponents",
        "type": "Invocation"
      },
      "location-after-char-start": 3122,
      "location-after-char-end": 3144,
      "node-str": "updateComponents"
    },
    {
      "type": "insert-node",
      "node": {
        "label": "registerKeyboardAction",
        "type": "Invocation"
      },
      "location-after-char-start": 3157,
      "location-after-char-end": 3323,
      "node-str": "registerKeyboardAction"
    },
    {
      "type": "insert-node",
      "node": {
        "label": "pack",
        "type": "Invocation"
      },
      "location-after-char-start": 3334,
      "location-after-char-end": 3347,
      "node-str": "pack"
    },
    {
      "type": "insert-node",
      "node": {
        "label": "setLocationRelativeTo",
        "type": "Invocation"
      },
      "location-after-char-start": 3358,
      "location-after-char-end": 3392,
      "node-str": "setLocationRelativeTo"
    },
    {
      "type": "insert-node",
      "node": {
        "label": "setVisible",
        "type": "Invocation"
      },
      "location-after-char-start": 3403,
      "location-after-char-end": 3426,
      "node-str": "setVisible"
    },
    {
      "type": "insert-node",
      "node": {
        "label": "void",
        "type": "RETURN_TYPE"
      },
      "location-after-char-start": 0,
      "location-after-char-end": 0,
      "node-str": "void"
    },
    {
      "type": "insert-node",
      "node": {
        "label": "public",
        "type": "Modifier"
      },
      "location-after-char-start": 0,
      "location-after-char-end": 0,
      "node-str": "public"
    },
    {
      "type": "insert-node",
      "node": {
        "label": "b",
        "type": "Parameter"
      },
      "location-after-char-start": 8364,
      "location-after-char-end": 8372,
      "node-str": "b"
    },
    {
      "type": "insert-node",
      "node": {
        "label": "if",
        "type": "If"
      },
      "location-after-char-start": 8386,
      "location-after-char-end": 10092,
      "node-str": "if"
    },
    {
      "type": "insert-node",
      "node": {
        "label": "org.columba.mail.gui.frame.MailFrameMediator",
        "type": "VARIABLE_TYPE"
      },
      "location-after-char-start": 0,
      "location-after-char-end": 0,
      "node-str": "org.columba.mail.gui.frame.MailFrameMediator"
    },
    {
      "type": "insert-node",
      "node": {
        "label": "org.columba.core.xml.XmlElement",
        "type": "VARIABLE_TYPE"
      },
      "location-after-char-start": 0,
      "location-after-char-end": 0,
      "node-str": "org.columba.core.xml.XmlElement"
    },
    {
      "type": "insert-node",
      "node": {
        "label": "dialog",
        "type": "FieldWrite"
      },
      "location-after-char-start": 2824,
      "location-after-char-end": 2829,
      "node-str": "dialog"
    },
    {
      "type": "insert-node",
      "node": {
        "label": "getDialog",
        "type": "Invocation"
      },
      "location-after-char-start": 2833,
      "location-after-char-end": 2855,
      "node-str": "getDialog"
    },
    {
      "type": "insert-node",
      "node": {
        "label": "dialog",
        "type": "FieldRead"
      },
      "location-after-char-start": 2867,
      "location-after-char-end": 2872,
      "node-str": "dialog"
    },
    {
      "type": "insert-node",
      "node": {
        "label": "\"Configure Columns\"",
        "type": "Literal"
      },
      "location-after-char-start": 2883,
      "location-after-char-end": 2901,
      "node-str": "\"Configure Columns\""
    },
    {
      "type": "insert-node",
      "node": {
        "label": "mediator",
        "type": "FieldWrite"
      },
      "location-after-char-start": 2916,
      "location-after-char-end": 2928,
      "node-str": "mediator"
    },
    {
      "type": "insert-node",
      "node": {
        "label": "mediator",
        "type": "VariableRead"
      },
      "location-after-char-start": 2932,
      "location-after-char-end": 2939,
      "node-str": "mediator"
    },
    {
      "type": "insert-node",
      "node": {
        "label": "columns",
        "type": "FieldWrite"
      },
      "location-after-char-start": 2951,
      "location-after-char-end": 2962,
      "node-str": "columns"
    },
    {
      "type": "insert-node",
      "node": {
        "label": "columns",
        "type": "VariableRead"
      },
      "location-after-char-start": 2966,
      "location-after-char-end": 2972,
      "node-str": "columns"
    },
    {
      "type": "insert-node",
      "node": {
        "label": "list",
        "type": "FieldWrite"
      },
      "location-after-char-start": 2986,
      "location-after-char-end": 2989,
      "node-str": "list"
    },
    {
      "type": "insert-node",
      "node": {
        "label": "org.frapuccino.checkablelist.CheckableList()",
        "type": "ConstructorCall"
      },
      "location-after-char-start": 2993,
      "location-after-char-end": 3011,
      "node-str": "org.frapuccino.checkablelist.CheckableList()"
    },
    {
      "type": "insert-node",
      "node": {
        "label": "getSelectionModel",
        "type": "Invocation"
      },
      "location-after-char-start": 3025,
      "location-after-char-end": 3048,
      "node-str": "getSelectionModel"
    },
    {
      "type": "insert-node",
      "node": {
        "label": "this",
        "type": "ThisAccess"
      },
      "location-after-char-start": 3075,
      "location-after-char-end": 3078,
      "node-str": "this"
    },
    {
      "type": "insert-node",
      "node": {
        "label": "org.columba.mail.gui.config.columns.ColumnConfigDialog",
        "type": "TypeAccess"
      },
      "location-after-char-start": 0,
      "location-after-char-end": 0,
      "node-str": "org.columba.mail.gui.config.columns.ColumnConfigDialog"
    },
    {
      "type": "insert-node",
      "node": {
        "label": "org.columba.mail.gui.config.columns.ColumnConfigDialog",
        "type": "TypeAccess"
      },
      "location-after-char-start": 0,
      "location-after-char-end": 0,
      "node-str": "org.columba.mail.gui.config.columns.ColumnConfigDialog"
    },
    {
      "type": "insert-node",
      "node": {
        "label": "true",
        "type": "Literal"
      },
      "location-after-char-start": 3139,
      "location-after-char-end": 3142,
      "node-str": "true"
    },
    {
      "type": "insert-node",
      "node": {
        "label": "getRootPane",
        "type": "Invocation"
      },
      "location-after-char-start": 3157,
      "location-after-char-end": 3176,
      "node-str": "getRootPane"
    },
    {
      "type": "insert-node",
      "node": {
        "label": "this",
        "type": "ThisAccess"
      },
      "location-after-char-start": 3201,
      "location-after-char-end": 3204,
      "node-str": "this"
    },
    {
      "type": "insert-node",
      "node": {
        "label": "\"CLOSE\"",
        "type": "Literal"
      },
      "location-after-char-start": 3207,
      "location-after-char-end": 3213,
      "node-str": "\"CLOSE\""
    },
    {
      "type": "insert-node",
      "node": {
        "label": "getKeyStroke",
        "type": "Invocation"
      },
      "location-after-char-start": 3229,
      "location-after-char-end": 3273,
      "node-str": "getKeyStroke"
    },
    {
      "type": "insert-node",
      "node": {
        "label": "WHEN_IN_FOCUSED_WINDOW",
        "type": "FieldRead"
      },
      "location-after-char-start": 3289,
      "location-after-char-end": 3321,
      "node-str": "WHEN_IN_FOCUSED_WINDOW"
    },
    {
      "type": "insert-node",
      "node": {
        "label": "dialog",
        "type": "FieldRead"
      },
      "location-after-char-start": 3334,
      "location-after-char-end": 3339,
      "node-str": "dialog"
    },
    {
      "type": "insert-node",
      "node": {
        "label": "dialog",
        "type": "FieldRead"
      },
      "location-after-char-start": 3358,
      "location-after-char-end": 3363,
      "node-str": "dialog"
    },
    {
      "type": "insert-node",
      "node": {
        "label": "null",
        "type": "Literal"
      },
      "location-after-char-start": 3387,
      "location-after-char-end": 3390,
      "node-str": "null"
    },
    {
      "type": "insert-node",
      "node": {
        "label": "dialog",
        "type": "FieldRead"
      },
      "location-after-char-start": 3403,
      "location-after-char-end": 3408,
      "node-str": "dialog"
    },
    {
      "type": "insert-node",
      "node": {
        "label": "true",
        "type": "Literal"
      },
      "location-after-char-start": 3421,
      "location-after-char-end": 3424,
      "node-str": "true"
    },
    {
      "type": "insert-node",
      "node": {
        "label": "boolean",
        "type": "VARIABLE_TYPE"
      },
      "location-after-char-start": 0,
      "location-after-char-end": 0,
      "node-str": "boolean"
    },
    {
      "type": "insert-node",
      "node": {
        "label": "b",
        "type": "VariableRead"
      },
      "location-after-char-start": 8390,
      "location-after-char-end": 8390,
      "node-str": "b"
    },
    {
      "type": "insert-node",
      "node": {
        "label": "THEN",
        "type": "then"
      },
      "location-after-char-start": 8393,
      "location-after-char-end": 9064,
      "node-str": "THEN"
    },
    {
      "type": "insert-node",
      "node": {
        "label": "ELSE",
        "type": "else"
      },
      "location-after-char-start": 9071,
      "location-after-char-end": 10092,
      "node-str": "ELSE"
    },
    {
      "type": "insert-node",
      "node": {
        "label": "org.columba.mail.gui.config.columns.ColumnConfigDialog",
        "type": "TypeAccess"
      },
      "location-after-char-start": 0,
      "location-after-char-end": 0,
      "node-str": "org.columba.mail.gui.config.columns.ColumnConfigDialog"
    },
    {
      "type": "insert-node",
      "node": {
        "label": "org.columba.core.gui.util.DialogStore",
        "type": "TypeAccess"
      },
      "location-after-char-start": 2833,
      "location-after-char-end": 2843,
      "node-str": "org.columba.core.gui.util.DialogStore"
    },
    {
      "type": "insert-node",
      "node": {
        "label": "org.columba.mail.gui.config.columns.ColumnConfigDialog",
        "type": "TypeAccess"
      },
      "location-after-char-start": 0,
      "location-after-char-end": 0,
      "node-str": "org.columba.mail.gui.config.columns.ColumnConfigDialog"
    },
    {
      "type": "insert-node",
      "node": {
        "label": "this",
        "type": "ThisAccess"
      },
      "location-after-char-start": 2916,
      "location-after-char-end": 2919,
      "node-str": "this"
    },
    {
      "type": "insert-node",
      "node": {
        "label": "this",
        "type": "ThisAccess"
      },
      "location-after-char-start": 2951,
      "location-after-char-end": 2954,
      "node-str": "this"
    },
    {
      "type": "insert-node",
      "node": {
        "label": "org.columba.mail.gui.config.columns.ColumnConfigDialog",
        "type": "TypeAccess"
      },
      "location-after-char-start": 0,
      "location-after-char-end": 0,
      "node-str": "org.columba.mail.gui.config.columns.ColumnConfigDialog"
    },
    {
      "type": "insert-node",
      "node": {
        "label": "list",
        "type": "FieldRead"
      },
      "location-after-char-start": 3025,
      "location-after-char-end": 3028,
      "node-str": "list"
    },
    {
      "type": "insert-node",
      "node": {
        "label": "org.columba.mail.gui.config.columns.ColumnConfigDialog",
        "type": "TypeAccess"
      },
      "location-after-char-start": 0,
      "location-after-char-end": 0,
      "node-str": "org.columba.mail.gui.config.columns.ColumnConfigDialog"
    },
    {
      "type": "insert-node",
      "node": {
        "label": "dialog",
        "type": "FieldRead"
      },
      "location-after-char-start": 3157,
      "location-after-char-end": 3162,
      "node-str": "dialog"
    },
    {
      "type": "insert-node",
      "node": {
        "label": "org.columba.mail.gui.config.columns.ColumnConfigDialog",
        "type": "TypeAccess"
      },
      "location-after-char-start": 0,
      "location-after-char-end": 0,
      "node-str": "org.columba.mail.gui.config.columns.ColumnConfigDialog"
    },
    {
      "type": "insert-node",
      "node": {
        "label": "javax.swing.KeyStroke",
        "type": "TypeAccess"
      },
      "location-after-char-start": 3229,
      "location-after-char-end": 3237,
      "node-str": "javax.swing.KeyStroke"
    },
    {
      "type": "insert-node",
      "node": {
        "label": "VK_ESCAPE",
        "type": "FieldRead"
      },
      "location-after-char-start": 3252,
      "location-after-char-end": 3269,
      "node-str": "VK_ESCAPE"
    },
    {
      "type": "insert-node",
      "node": {
        "label": "0",
        "type": "Literal"
      },
      "location-after-char-start": 3272,
      "location-after-char-end": 3272,
      "node-str": "0"
    },
    {
      "type": "insert-node",
      "node": {
        "label": "javax.swing.JComponent",
        "type": "TypeAccess"
      },
      "location-after-char-start": 3289,
      "location-after-char-end": 3298,
      "node-str": "javax.swing.JComponent"
    },
    {
      "type": "insert-node",
      "node": {
        "label": "org.columba.mail.gui.config.columns.ColumnConfigDialog",
        "type": "TypeAccess"
      },
      "location-after-char-start": 0,
      "location-after-char-end": 0,
      "node-str": "org.columba.mail.gui.config.columns.ColumnConfigDialog"
    },
    {
      "type": "insert-node",
      "node": {
        "label": "org.columba.mail.gui.config.columns.ColumnConfigDialog",
        "type": "TypeAccess"
      },
      "location-after-char-start": 0,
      "location-after-char-end": 0,
      "node-str": "org.columba.mail.gui.config.columns.ColumnConfigDialog"
    },
    {
      "type": "insert-node",
      "node": {
        "label": "org.columba.mail.gui.config.columns.ColumnConfigDialog",
        "type": "TypeAccess"
      },
      "location-after-char-start": 0,
      "location-after-char-end": 0,
      "node-str": "org.columba.mail.gui.config.columns.ColumnConfigDialog"
    },
    {
      "type": "insert-node",
      "node": {
        "label": "model",
        "type": "LocalVariable"
      },
      "location-after-char-start": 8408,
      "location-after-char-end": 8477,
      "node-str": "model"
    },
    {
      "type": "insert-node",
      "node": {
        "label": "stringList",
        "type": "LocalVariable"
      },
      "location-after-char-start": 8492,
      "location-after-char-end": 8546,
      "node-str": "stringList"
    },
    {
      "type": "insert-node",
      "node": {
        "label": "",
        "type": "For"
      },
      "location-after-char-start": 8563,
      "location-after-char-end": 9016,
      "node-str": ""
    },
    {
      "type": "insert-node",
      "node": {
        "label": "setModel",
        "type": "Invocation"
      },
      "location-after-char-start": 9033,
      "location-after-char-end": 9053,
      "node-str": "setModel"
    },
    {
      "type": "insert-node",
      "node": {
        "label": "model",
        "type": "LocalVariable"
      },
      "location-after-char-start": 9086,
      "location-after-char-end": 9169,
      "node-str": "model"
    },
    {
      "type": "insert-node",
      "node": {
        "label": "",
        "type": "For"
      },
      "location-after-char-start": 9186,
      "location-after-char-end": 10081,
      "node-str": ""
    },
    {
      "type": "insert-node",
      "node": {
        "label": "org.columba.mail.gui.config.columns.ColumnConfigDialog",
        "type": "TypeAccess"
      },
      "location-after-char-start": 0,
      "location-after-char-end": 0,
      "node-str": "org.columba.mail.gui.config.columns.ColumnConfigDialog"
    },
    {
      "type": "insert-node",
      "node": {
        "label": "org.columba.mail.gui.config.columns.ColumnConfigDialog",
        "type": "TypeAccess"
      },
      "location-after-char-start": 0,
      "location-after-char-end": 0,
      "node-str": "org.columba.mail.gui.config.columns.ColumnConfigDialog"
    },
    {
      "type": "insert-node",
      "node": {
        "label": "org.columba.mail.gui.config.columns.ColumnConfigDialog",
        "type": "TypeAccess"
      },
      "location-after-char-start": 0,
      "location-after-char-end": 0,
      "node-str": "org.columba.mail.gui.config.columns.ColumnConfigDialog"
    },
    {
      "type": "insert-node",
      "node": {
        "label": "org.columba.mail.gui.config.columns.ColumnConfigDialog",
        "type": "TypeAccess"
      },
      "location-after-char-start": 0,
      "location-after-char-end": 0,
      "node-str": "org.columba.mail.gui.config.columns.ColumnConfigDialog"
    },
    {
      "type": "insert-node",
      "node": {
        "label": "java.awt.event.KeyEvent",
        "type": "TypeAccess"
      },
      "location-after-char-start": 3252,
      "location-after-char-end": 3259,
      "node-str": "java.awt.event.KeyEvent"
    },
    {
      "type": "insert-node",
      "node": {
        "label": "org.frapuccino.checkablelist.CheckableItemListTableModel",
        "type": "VARIABLE_TYPE"
      },
      "location-after-char-start": 0,
      "location-after-char-end": 0,
      "node-str": "org.frapuccino.checkablelist.CheckableItemListTableModel"
    },
    {
      "type": "insert-node",
      "node": {
        "label": "org.frapuccino.checkablelist.CheckableItemListTableModel()",
        "type": "ConstructorCall"
      },
      "location-after-char-start": 8444,
      "location-after-char-end": 8476,
      "node-str": "org.frapuccino.checkablelist.CheckableItemListTableModel()"
    },
    {
      "type": "insert-node",
      "node": {
        "label": "java.lang.String[]",
        "type": "VARIABLE_TYPE"
      },
      "location-after-char-start": 0,
      "location-after-char-end": 0,
      "node-str": "java.lang.String[]"
    },
    {
      "type": "insert-node",
      "node": {
        "label": "getColumns",
        "type": "Invocation"
      },
      "location-after-char-start": 8514,
      "location-after-char-end": 8545,
      "node-str": "getColumns"
    },
    {
      "type": "insert-node",
      "node": {
        "label": "j",
        "type": "LocalVariable"
      },
      "location-after-char-start": 8568,
      "location-after-char-end": 8576,
      "node-str": "j"
    },
    {
      "type": "insert-node",
      "node": {
        "label": "LT",
        "type": "BinaryOperator"
      },
      "location-after-char-start": 8579,
      "location-after-char-end": 8599,
      "node-str": "LT"
    },
    {
      "type": "insert-node",
      "node": {
        "label": "POSTINC",
        "type": "UnaryOperator"
      },
      "location-after-char-start": 8602,
      "location-after-char-end": 8604,
      "node-str": "POSTINC"
    },
    {
      "type": "insert-node",
      "node": {
        "label": "c",
        "type": "LocalVariable"
      },
      "location-after-char-start": 8626,
      "location-after-char-end": 8650,
      "node-str": "c"
    },
    {
      "type": "insert-node",
      "node": {
        "label": "item",
        "type": "LocalVariable"
      },
      "location-after-char-start": 8669,
      "location-after-char-end": 8718,
      "node-str": "item"
    },
    {
      "type": "insert-node",
      "node": {
        "label": "element",
        "type": "LocalVariable"
      },
      "location-after-char-start": 8737,
      "location-after-char-end": 8780,
      "node-str": "element"
    },
    {
      "type": "insert-node",
      "node": {
        "label": "if",
        "type": "If"
      },
      "location-after-char-start": 8801,
      "location-after-char-end": 8958,
      "node-str": "if"
    },
    {
      "type": "insert-node",
      "node": {
        "label": "addElement",
        "type": "Invocation"
      },
      "location-after-char-start": 8979,
      "location-after-char-end": 9001,
      "node-str": "addElement"
    },
    {
      "type": "insert-node",
      "node": {
        "label": "list",
        "type": "FieldRead"
      },
      "location-after-char-start": 9033,
      "location-after-char-end": 9036,
      "node-str": "list"
    },
    {
      "type": "insert-node",
      "node": {
        "label": "model",
        "type": "VariableRead"
      },
      "location-after-char-start": 9047,
      "location-after-char-end": 9051,
      "node-str": "model"
    },
    {
      "type": "insert-node",
      "node": {
        "label": "org.frapuccino.checkablelist.CheckableItemListTableModel",
        "type": "VARIABLE_TYPE"
      },
      "location-after-char-start": 0,
      "location-after-char-end": 0,
      "node-str": "org.frapuccino.checkablelist.CheckableItemListTableModel"
    },
    {
      "type": "insert-node",
      "node": {
        "label": "getModel",
        "type": "Invocation"
      },
      "location-after-char-start": 9122,
      "location-after-char-end": 9168,
      "node-str": "getModel"
    },
    {
      "type": "insert-node",
      "node": {
        "label": "i",
        "type": "LocalVariable"
      },
      "location-after-char-start": 9191,
      "location-after-char-end": 9199,
      "node-str": "i"
    },
    {
      "type": "insert-node",
      "node": {
        "label": "LT",
        "type": "BinaryOperator"
      },
      "location-after-char-start": 9202,
      "location-after-char-end": 9218,
      "node-str": "LT"
    },
    {
      "type": "insert-node",
      "node": {
        "label": "POSTINC",
        "type": "UnaryOperator"
      },
      "location-after-char-start": 9221,
      "location-after-char-end": 9223,
      "node-str": "POSTINC"
    },
    {
      "type": "insert-node",
      "node": {
        "label": "column",
        "type": "LocalVariable"
      },
      "location-after-char-start": 9284,
      "location-after-char-end": 9350,
      "node-str": "column"
    },
    {
      "type": "insert-node",
      "node": {
        "label": "element",
        "type": "LocalVariable"
      },
      "location-after-char-start": 9402,
      "location-after-char-end": 9461,
      "node-str": "element"
    },
    {
      "type": "move-subtree",
      "node": {
        "label": "if",
        "type": "If"
      },
      "location-before-char-start": 8227,
      "location-before-char-end": 8601,
      "location-after-char-start": 9482,
      "location-after-char-end": 10066,
      "node-str": "if"
    },
    {
      "type": "insert-node",
      "node": {
        "label": "org.columba.mail.folderoptions.ColumnOptionsPlugin",
        "type": "TypeAccess"
      },
      "location-after-char-start": 8514,
      "location-after-char-end": 8532,
      "node-str": "org.columba.mail.folderoptions.ColumnOptionsPlugin"
    },
    {
      "type": "insert-node",
      "node": {
        "label": "int",
        "type": "VARIABLE_TYPE"
      },
      "location-after-char-start": 0,
      "location-after-char-end": 0,
      "node-str": "int"
    },
    {
      "type": "insert-node",
      "node": {
        "label": "0",
        "type": "Literal"
      },
      "location-after-char-start": 8576,
      "location-after-char-end": 8576,
      "node-str": "0"
    },
    {
      "type": "insert-node",
      "node": {
        "label": "j",
        "type": "VariableRead"
      },
      "location-after-char-start": 8579,
      "location-after-char-end": 8579,
      "node-str": "j"
    },
    {
      "type": "insert-node",
      "node": {
        "label": "length",
        "type": "FieldRead"
      },
      "location-after-char-start": 8583,
      "location-after-char-end": 8599,
      "node-str": "length"
    },
    {
      "type": "insert-node",
      "node": {
        "label": "j",
        "type": "VariableWrite"
      },
      "location-after-char-start": 8602,
      "location-after-char-end": 8602,
      "node-str": "j"
    },
    {
      "type": "insert-node",
      "node": {
        "label": "java.lang.String",
        "type": "VARIABLE_TYPE"
      },
      "location-after-char-start": 0,
      "location-after-char-end": 0,
      "node-str": "java.lang.String"
    },
    {
      "type": "insert-node",
      "node": {
        "label": "",
        "type": "ArrayRead"
      },
      "location-after-char-start": 8637,
      "location-after-char-end": 8649,
      "node-str": ""
    },
    {
      "type": "insert-node",
      "node": {
        "label": "org.frapuccino.checkablelist.CheckableItemImpl",
        "type": "VARIABLE_TYPE"
      },
      "location-after-char-start": 0,
      "location-after-char-end": 0,
      "node-str": "org.frapuccino.checkablelist.CheckableItemImpl"
    },
    {
      "type": "insert-node",
      "node": {
        "label": "org.frapuccino.checkablelist.CheckableItemImpl(java.lang.String)",
        "type": "ConstructorCall"
      },
      "location-after-char-start": 8694,
      "location-after-char-end": 8717,
      "node-str": "org.frapuccino.checkablelist.CheckableItemImpl(java.lang.String)"
    },
    {
      "type": "insert-node",
      "node": {
        "label": "org.columba.core.xml.XmlElement",
        "type": "VARIABLE_TYPE"
      },
      "location-after-char-start": 0,
      "location-after-char-end": 0,
      "node-str": "org.columba.core.xml.XmlElement"
    },
    {
      "type": "insert-node",
      "node": {
        "label": "findColumn",
        "type": "Invocation"
      },
      "location-after-char-start": 8758,
      "location-after-char-end": 8779,
      "node-str": "findColumn"
    },
    {
      "type": "insert-node",
      "node": {
        "label": "NE",
        "type": "BinaryOperator"
      },
      "location-after-char-start": 8805,
      "location-after-char-end": 8819,
      "node-str": "NE"
    },
    {
      "type": "insert-node",
      "node": {
        "label": "THEN",
        "type": "then"
      },
      "location-after-char-start": 8822,
      "location-after-char-end": 8886,
      "node-str": "THEN"
    },
    {
      "type": "insert-node",
      "node": {
        "label": "ELSE",
        "type": "else"
      },
      "location-after-char-start": 8893,
      "location-after-char-end": 8958,
      "node-str": "ELSE"
    },
    {
      "type": "insert-node",
      "node": {
        "label": "model",
        "type": "VariableRead"
      },
      "location-after-char-start": 8979,
      "location-after-char-end": 8983,
      "node-str": "model"
    },
    {
      "type": "insert-node",
      "node": {
        "label": "item",
        "type": "VariableRead"
      },
      "location-after-char-start": 8996,
      "location-after-char-end": 8999,
      "node-str": "item"
    },
    {
      "type": "insert-node",
      "node": {
        "label": "org.columba.mail.gui.config.columns.ColumnConfigDialog",
        "type": "TypeAccess"
      },
      "location-after-char-start": 0,
      "location-after-char-end": 0,
      "node-str": "org.columba.mail.gui.config.columns.ColumnConfigDialog"
    },
    {
      "type": "insert-node",
      "node": {
        "label": "list",
        "type": "FieldRead"
      },
      "location-after-char-start": 9153,
      "location-after-char-end": 9156,
      "node-str": "list"
    },
    {
      "type": "insert-node",
      "node": {
        "label": "int",
        "type": "VARIABLE_TYPE"
      },
      "location-after-char-start": 0,
      "location-after-char-end": 0,
      "node-str": "int"
    },
    {
      "type": "insert-node",
      "node": {
        "label": "0",
        "type": "Literal"
      },
      "location-after-char-start": 9199,
      "location-after-char-end": 9199,
      "node-str": "0"
    },
    {
      "type": "insert-node",
      "node": {
        "label": "i",
        "type": "VariableRead"
      },
      "location-after-char-start": 9202,
      "location-after-char-end": 9202,
      "node-str": "i"
    },
    {
      "type": "insert-node",
      "node": {
        "label": "count",
        "type": "Invocation"
      },
      "location-after-char-start": 9206,
      "location-after-char-end": 9218,
      "node-str": "count"
    },
    {
      "type": "insert-node",
      "node": {
        "label": "i",
        "type": "VariableWrite"
      },
      "location-after-char-start": 9221,
      "location-after-char-end": 9221,
      "node-str": "i"
    },
    {
      "type": "insert-node",
      "node": {
        "label": "org.frapuccino.checkablelist.CheckableItemImpl",
        "type": "VARIABLE_TYPE"
      },
      "location-after-char-start": 0,
      "location-after-char-end": 0,
      "node-str": "org.frapuccino.checkablelist.CheckableItemImpl"
    },
    {
      "type": "insert-node",
      "node": {
        "label": "getElement",
        "type": "Invocation"
      },
      "location-after-char-start": 9311,
      "location-after-char-end": 9349,
      "node-str": "getElement"
    },
    {
      "type": "insert-node",
      "node": {
        "label": "org.columba.core.xml.XmlElement",
        "type": "VARIABLE_TYPE"
      },
      "location-after-char-start": 0,
      "location-after-char-end": 0,
      "node-str": "org.columba.core.xml.XmlElement"
    },
    {
      "type": "insert-node",
      "node": {
        "label": "findColumn",
        "type": "Invocation"
      },
      "location-after-char-start": 9423,
      "location-after-char-end": 9460,
      "node-str": "findColumn"
    },
    {
      "type": "insert-node",
      "node": {
        "label": "stringList",
        "type": "VariableRead"
      },
      "location-after-char-start": 8583,
      "location-after-char-end": 8592,
      "node-str": "stringList"
    },
    {
      "type": "insert-node",
      "node": {
        "label": "stringList",
        "type": "VariableRead"
      },
      "location-after-char-start": 8637,
      "location-after-char-end": 8646,
      "node-str": "stringList"
    },
    {
      "type": "insert-node",
      "node": {
        "label": "j",
        "type": "VariableRead"
      },
      "location-after-char-start": 8648,
      "location-after-char-end": 8648,
      "node-str": "j"
    },
    {
      "type": "insert-node",
      "node": {
        "label": "c",
        "type": "VariableRead"
      },
      "location-after-char-start": 8716,
      "location-after-char-end": 8716,
      "node-str": "c"
    },
    {
      "type": "insert-node",
      "node": {
        "label": "org.columba.mail.gui.config.columns.ColumnConfigDialog",
        "type": "TypeAccess"
      },
      "location-after-char-start": 0,
      "location-after-char-end": 0,
      "node-str": "org.columba.mail.gui.config.columns.ColumnConfigDialog"
    },
    {
      "type": "insert-node",
      "node": {
        "label": "columns",
        "type": "FieldRead"
      },
      "location-after-char-start": 8769,
      "location-after-char-end": 8775,
      "node-str": "columns"
    },
    {
      "type": "insert-node",
      "node": {
        "label": "c",
        "type": "VariableRead"
      },
      "location-after-char-start": 8778,
      "location-after-char-end": 8778,
      "node-str": "c"
    },
    {
      "type": "insert-node",
      "node": {
        "label": "element",
        "type": "VariableRead"
      },
      "location-after-char-start": 8805,
      "location-after-char-end": 8811,
      "node-str": "element"
    },
    {
      "type": "insert-node",
      "node": {
        "label": "null",
        "type": "Literal"
      },
      "location-after-char-start": 8816,
      "location-after-char-end": 8819,
      "node-str": "null"
    },
    {
      "type": "insert-node",
      "node": {
        "label": "setSelected",
        "type": "Invocation"
      },
      "location-after-char-start": 8845,
      "location-after-char-end": 8867,
      "node-str": "setSelected"
    },
    {
      "type": "insert-node",
      "node": {
        "label": "setSelected",
        "type": "Invocation"
      },
      "location-after-char-start": 8916,
      "location-after-char-end": 8939,
      "node-str": "setSelected"
    },
    {
      "type": "insert-node",
      "node": {
        "label": "org.columba.mail.gui.config.columns.ColumnConfigDialog",
        "type": "TypeAccess"
      },
      "location-after-char-start": 0,
      "location-after-char-end": 0,
      "node-str": "org.columba.mail.gui.config.columns.ColumnConfigDialog"
    },
    {
      "type": "insert-node",
      "node": {
        "label": "model",
        "type": "VariableRead"
      },
      "location-after-char-start": 9206,
      "location-after-char-end": 9210,
      "node-str": "model"
    },
    {
      "type": "insert-node",
      "node": {
        "label": "model",
        "type": "VariableRead"
      },
      "location-after-char-start": 9331,
      "location-after-char-end": 9335,
      "node-str": "model"
    },
    {
      "type": "insert-node",
      "node": {
        "label": "i",
        "type": "VariableRead"
      },
      "location-after-char-start": 9348,
      "location-after-char-end": 9348,
      "node-str": "i"
    },
    {
      "type": "insert-node",
      "node": {
        "label": "org.columba.mail.gui.config.columns.ColumnConfigDialog",
        "type": "TypeAccess"
      },
      "location-after-char-start": 0,
      "location-after-char-end": 0,
      "node-str": "org.columba.mail.gui.config.columns.ColumnConfigDialog"
    },
    {
      "type": "insert-node",
      "node": {
        "label": "columns",
        "type": "FieldRead"
      },
      "location-after-char-start": 9434,
      "location-after-char-end": 9440,
      "node-str": "columns"
    },
    {
      "type": "insert-node",
      "node": {
        "label": "toString",
        "type": "Invocation"
      },
      "location-after-char-start": 9443,
      "location-after-char-end": 9459,
      "node-str": "toString"
    },
    {
      "type": "insert-node",
      "node": {
        "label": "org.columba.mail.gui.config.columns.ColumnConfigDialog",
        "type": "TypeAccess"
      },
      "location-after-char-start": 0,
      "location-after-char-end": 0,
      "node-str": "org.columba.mail.gui.config.columns.ColumnConfigDialog"
    },
    {
      "type": "insert-node",
      "node": {
        "label": "item",
        "type": "VariableRead"
      },
      "location-after-char-start": 8845,
      "location-after-char-end": 8848,
      "node-str": "item"
    },
    {
      "type": "insert-node",
      "node": {
        "label": "true",
        "type": "Literal"
      },
      "location-after-char-start": 8862,
      "location-after-char-end": 8865,
      "node-str": "true"
    },
    {
      "type": "insert-node",
      "node": {
        "label": "item",
        "type": "VariableRead"
      },
      "location-after-char-start": 8916,
      "location-after-char-end": 8919,
      "node-str": "item"
    },
    {
      "type": "insert-node",
      "node": {
        "label": "false",
        "type": "Literal"
      },
      "location-after-char-start": 8933,
      "location-after-char-end": 8937,
      "node-str": "false"
    },
    {
      "type": "insert-node",
      "node": {
        "label": "org.columba.mail.gui.config.columns.ColumnConfigDialog",
        "type": "TypeAccess"
      },
      "location-after-char-start": 0,
      "location-after-char-end": 0,
      "node-str": "org.columba.mail.gui.config.columns.ColumnConfigDialog"
    },
    {
      "type": "insert-node",
      "node": {
        "label": "column",
        "type": "VariableRead"
      },
      "location-after-char-start": 9443,
      "location-after-char-end": 9448,
      "node-str": "column"
    },
    {
      "type": "delete-node",
      "node": {
        "label": "public",
        "type": "Modifier"
      },
      "location-before-char-start": 0,
      "location-before-char-end": 0,
      "node-str": "public"
    },
    {
      "type": "delete-node",
      "node": {
        "label": "javax.swing.JDialog",
        "type": "VARIABLE_TYPE"
      },
      "location-before-char-start": 0,
      "location-before-char-end": 0,
      "node-str": "javax.swing.JDialog"
    },
    {
      "type": "delete-node",
      "node": {
        "label": "dialog",
        "type": "Field"
      },
      "location-before-char-start": 2416,
      "location-before-char-end": 2438,
      "node-str": "dialog"
    },
    {
      "type": "delete-node",
      "node": {
        "label": "javax.swing.JButton",
        "type": "VARIABLE_TYPE"
      },
      "location-before-char-start": 0,
      "location-before-char-end": 0,
      "node-str": "javax.swing.JButton"
    },
    {
      "type": "delete-node",
      "node": {
        "label": "showButton",
        "type": "Field"
      },
      "location-before-char-start": 2441,
      "location-before-char-end": 2467,
      "node-str": "showButton"
    },
    {
      "type": "delete-node",
      "node": {
        "label": "javax.swing.JButton",
        "type": "VARIABLE_TYPE"
      },
      "location-before-char-start": 0,
      "location-before-char-end": 0,
      "node-str": "javax.swing.JButton"
    },
    {
      "type": "delete-node",
      "node": {
        "label": "hideButton",
        "type": "Field"
      },
      "location-before-char-start": 2470,
      "location-before-char-end": 2496,
      "node-str": "hideButton"
    },
    {
      "type": "delete-node",
      "node": {
        "label": "org.columba.core.gui.checkablelist.CheckableList",
        "type": "VARIABLE_TYPE"
      },
      "location-before-char-start": 0,
      "location-before-char-end": 0,
      "node-str": "org.columba.core.gui.checkablelist.CheckableList"
    },
    {
      "type": "delete-node",
      "node": {
        "label": "list",
        "type": "Field"
      },
      "location-before-char-start": 2499,
      "location-before-char-end": 2525,
      "node-str": "list"
    },
    {
      "type": "delete-node",
      "node": {
        "label": "int",
        "type": "VARIABLE_TYPE"
      },
      "location-before-char-start": 0,
      "location-before-char-end": 0,
      "node-str": "int"
    },
    {
      "type": "delete-node",
      "node": {
        "label": "index",
        "type": "Field"
      },
      "location-before-char-start": 2528,
      "location-before-char-end": 2545,
      "node-str": "index"
    },
    {
      "type": "delete-node",
      "node": {
        "label": "org.columba.core.xml.XmlElement",
        "type": "VARIABLE_TYPE"
      },
      "location-before-char-start": 0,
      "location-before-char-end": 0,
      "node-str": "org.columba.core.xml.XmlElement"
    },
    {
      "type": "delete-node",
      "node": {
        "label": "columns",
        "type": "Field"
      },
      "location-before-char-start": 2548,
      "location-before-char-end": 2574,
      "node-str": "columns"
    },
    {
      "type": "delete-node",
      "node": {
        "label": "org.columba.core.gui.checkablelist.CheckableItemImpl",
        "type": "VARIABLE_TYPE"
      },
      "location-before-char-start": 0,
      "location-before-char-end": 0,
      "node-str": "org.columba.core.gui.checkablelist.CheckableItemImpl"
    },
    {
      "type": "delete-node",
      "node": {
        "label": "selection",
        "type": "Field"
      },
      "location-before-char-start": 2577,
      "location-before-char-end": 2612,
      "node-str": "selection"
    },
    {
      "type": "delete-node",
      "node": {
        "label": "org.columba.mail.gui.frame.MailFrameMediator",
        "type": "VARIABLE_TYPE"
      },
      "location-before-char-start": 0,
      "location-before-char-end": 0,
      "node-str": "org.columba.mail.gui.frame.MailFrameMediator"
    },
    {
      "type": "delete-node",
      "node": {
        "label": "mediator",
        "type": "Field"
      },
      "location-before-char-start": 2615,
      "location-before-char-end": 2649,
      "node-str": "mediator"
    },
    {
      "type": "delete-node",
      "node": {
        "label": "public",
        "type": "Modifier"
      },
      "location-before-char-start": 0,
      "location-before-char-end": 0,
      "node-str": "public"
    },
    {
      "type": "delete-node",
      "node": {
        "label": "org.columba.mail.gui.frame.MailFrameMediator",
        "type": "VARIABLE_TYPE"
      },
      "location-before-char-start": 0,
      "location-before-char-end": 0,
      "node-str": "org.columba.mail.gui.frame.MailFrameMediator"
    },
    {
      "type": "delete-node",
      "node": {
        "label": "mediator",
        "type": "Parameter"
      },
      "location-before-char-start": 2679,
      "location-before-char-end": 2704,
      "node-str": "mediator"
    },
    {
      "type": "delete-node",
      "node": {
        "label": "org.columba.core.xml.XmlElement",
        "type": "VARIABLE_TYPE"
      },
      "location-before-char-start": 0,
      "location-before-char-end": 0,
      "node-str": "org.columba.core.xml.XmlElement"
    },
    {
      "type": "delete-node",
      "node": {
        "label": "columns",
        "type": "Parameter"
      },
      "location-before-char-start": 2707,
      "location-before-char-end": 2724,
      "node-str": "columns"
    },
    {
      "type": "delete-node",
      "node": {
        "label": "org.columba.mail.gui.config.columns.ColumnConfigDialog",
        "type": "TypeAccess"
      },
      "location-before-char-start": 0,
      "location-before-char-end": 0,
      "node-str": "org.columba.mail.gui.config.columns.ColumnConfigDialog"
    },
    {
      "type": "delete-node",
      "node": {
        "label": "dialog",
        "type": "FieldWrite"
      },
      "location-before-char-start": 2731,
      "location-before-char-end": 2736,
      "node-str": "dialog"
    },
    {
      "type": "delete-node",
      "node": {
        "label": "org.columba.core.gui.util.DialogStore",
        "type": "TypeAccess"
      },
      "location-before-char-start": 2739,
      "location-before-char-end": 2749,
      "node-str": "org.columba.core.gui.util.DialogStore"
    },
    {
      "type": "delete-node",
      "node": {
        "label": "getDialog",
        "type": "Invocation"
      },
      "location-before-char-start": 2739,
      "location-before-char-end": 2761,
      "node-str": "getDialog"
    },
    {
      "type": "delete-node",
      "node": {
        "label": "\u003d",
        "type": "Assignment"
      },
      "location-before-char-start": 2731,
      "location-before-char-end": 2762,
      "node-str": "\u003d"
    },
    {
      "type": "delete-node",
      "node": {
        "label": "org.columba.mail.gui.config.columns.ColumnConfigDialog",
        "type": "TypeAccess"
      },
      "location-before-char-start": 0,
      "location-before-char-end": 0,
      "node-str": "org.columba.mail.gui.config.columns.ColumnConfigDialog"
    },
    {
      "type": "delete-node",
      "node": {
        "label": "dialog",
        "type": "FieldRead"
      },
      "location-before-char-start": 2766,
      "location-before-char-end": 2771,
      "node-str": "dialog"
    },
    {
      "type": "delete-node",
      "node": {
        "label": "\"Configure Columns\"",
        "type": "Literal"
      },
      "location-before-char-start": 2782,
      "location-before-char-end": 2800,
      "node-str": "\"Configure Columns\""
    },
    {
      "type": "delete-node",
      "node": {
        "label": "setTitle",
        "type": "Invocation"
      },
      "location-before-char-start": 2766,
      "location-before-char-end": 2802,
      "node-str": "setTitle"
    },
    {
      "type": "delete-node",
      "node": {
        "label": "org.columba.mail.gui.config.columns.ColumnConfigDialog",
        "type": "TypeAccess"
      },
      "location-before-char-start": 0,
      "location-before-char-end": 0,
      "node-str": "org.columba.mail.gui.config.columns.ColumnConfigDialog"
    },
    {
      "type": "delete-node",
      "node": {
        "label": "this",
        "type": "ThisAccess"
      },
      "location-before-char-start": 2807,
      "location-before-char-end": 2810,
      "node-str": "this"
    },
    {
      "type": "delete-node",
      "node": {
        "label": "mediator",
        "type": "FieldWrite"
      },
      "location-before-char-start": 2807,
      "location-before-char-end": 2819,
      "node-str": "mediator"
    },
    {
      "type": "delete-node",
      "node": {
        "label": "mediator",
        "type": "VariableRead"
      },
      "location-before-char-start": 2822,
      "location-before-char-end": 2829,
      "node-str": "mediator"
    },
    {
      "type": "delete-node",
      "node": {
        "label": "\u003d",
        "type": "Assignment"
      },
      "location-before-char-start": 2807,
      "location-before-char-end": 2830,
      "node-str": "\u003d"
    },
    {
      "type": "delete-node",
      "node": {
        "label": "org.columba.mail.gui.config.columns.ColumnConfigDialog",
        "type": "TypeAccess"
      },
      "location-before-char-start": 0,
      "location-before-char-end": 0,
      "node-str": "org.columba.mail.gui.config.columns.ColumnConfigDialog"
    },
    {
      "type": "delete-node",
      "node": {
        "label": "this",
        "type": "ThisAccess"
      },
      "location-before-char-start": 2834,
      "location-before-char-end": 2837,
      "node-str": "this"
    },
    {
      "type": "delete-node",
      "node": {
        "label": "columns",
        "type": "FieldWrite"
      },
      "location-before-char-start": 2834,
      "location-before-char-end": 2845,
      "node-str": "columns"
    },
    {
      "type": "delete-node",
      "node": {
        "label": "columns",
        "type": "VariableRead"
      },
      "location-before-char-start": 2848,
      "location-before-char-end": 2854,
      "node-str": "columns"
    },
    {
      "type": "delete-node",
      "node": {
        "label": "\u003d",
        "type": "Assignment"
      },
      "location-before-char-start": 2834,
      "location-before-char-end": 2855,
      "node-str": "\u003d"
    },
    {
      "type": "delete-node",
      "node": {
        "label": "org.columba.mail.gui.config.columns.ColumnConfigDialog",
        "type": "TypeAccess"
      },
      "location-before-char-start": 0,
      "location-before-char-end": 0,
      "node-str": "org.columba.mail.gui.config.columns.ColumnConfigDialog"
    },
    {
      "type": "delete-node",
      "node": {
        "label": "list",
        "type": "FieldWrite"
      },
      "location-before-char-start": 2860,
      "location-before-char-end": 2863,
      "node-str": "list"
    },
    {
      "type": "delete-node",
      "node": {
        "label": "org.columba.core.gui.checkablelist.CheckableList()",
        "type": "ConstructorCall"
      },
      "location-before-char-start": 2866,
      "location-before-char-end": 2884,
      "node-str": "org.columba.core.gui.checkablelist.CheckableList()"
    },
    {
      "type": "delete-node",
      "node": {
        "label": "\u003d",
        "type": "Assignment"
      },
      "location-before-char-start": 2860,
      "location-before-char-end": 2885,
      "node-str": "\u003d"
    },
    {
      "type": "delete-node",
      "node": {
        "label": "org.columba.mail.gui.config.columns.ColumnConfigDialog",
        "type": "TypeAccess"
      },
      "location-before-char-start": 0,
      "location-before-char-end": 0,
      "node-str": "org.columba.mail.gui.config.columns.ColumnConfigDialog"
    },
    {
      "type": "delete-node",
      "node": {
        "label": "list",
        "type": "FieldRead"
      },
      "location-before-char-start": 2890,
      "location-before-char-end": 2893,
      "node-str": "list"
    },
    {
      "type": "delete-node",
      "node": {
        "label": "getSelectionModel",
        "type": "Invocation"
      },
      "location-before-char-start": 2890,
      "location-before-char-end": 2913,
      "node-str": "getSelectionModel"
    },
    {
      "type": "delete-node",
      "node": {
        "label": "org.columba.mail.gui.config.columns.ColumnConfigDialog",
        "type": "TypeAccess"
      },
      "location-before-char-start": 0,
      "location-before-char-end": 0,
      "node-str": "org.columba.mail.gui.config.columns.ColumnConfigDialog"
    },
    {
      "type": "delete-node",
      "node": {
        "label": "this",
        "type": "ThisAccess"
      },
      "location-before-char-start": 2940,
      "location-before-char-end": 2943,
      "node-str": "this"
    },
    {
      "type": "delete-node",
      "node": {
        "label": "addListSelectionListener",
        "type": "Invocation"
      },
      "location-before-char-start": 2890,
      "location-before-char-end": 2945,
      "node-str": "addListSelectionListener"
    },
    {
      "type": "delete-node",
      "node": {
        "label": "org.columba.mail.gui.config.columns.ColumnConfigDialog",
        "type": "TypeAccess"
      },
      "location-before-char-start": 0,
      "location-before-char-end": 0,
      "node-str": "org.columba.mail.gui.config.columns.ColumnConfigDialog"
    },
    {
      "type": "delete-node",
      "node": {
        "label": "initComponents",
        "type": "Invocation"
      },
      "location-before-char-start": 2950,
      "location-before-char-end": 2966,
      "node-str": "initComponents"
    },
    {
      "type": "delete-node",
      "node": {
        "label": "org.columba.mail.gui.config.columns.ColumnConfigDialog",
        "type": "TypeAccess"
      },
      "location-before-char-start": 0,
      "location-before-char-end": 0,
      "node-str": "org.columba.mail.gui.config.columns.ColumnConfigDialog"
    },
    {
      "type": "delete-node",
      "node": {
        "label": "true",
        "type": "Literal"
      },
      "location-before-char-start": 2988,
      "location-before-char-end": 2991,
      "node-str": "true"
    },
    {
      "type": "delete-node",
      "node": {
        "label": "updateComponents",
        "type": "Invocation"
      },
      "location-before-char-start": 2971,
      "location-before-char-end": 2993,
      "node-str": "updateComponents"
    },
    {
      "type": "delete-node",
      "node": {
        "label": "org.columba.mail.gui.config.columns.ColumnConfigDialog",
        "type": "TypeAccess"
      },
      "location-before-char-start": 0,
      "location-before-char-end": 0,
      "node-str": "org.columba.mail.gui.config.columns.ColumnConfigDialog"
    },
    {
      "type": "delete-node",
      "node": {
        "label": "dialog",
        "type": "FieldRead"
      },
      "location-before-char-start": 2998,
      "location-before-char-end": 3003,
      "node-str": "dialog"
    },
    {
      "type": "delete-node",
      "node": {
        "label": "getRootPane",
        "type": "Invocation"
      },
      "location-before-char-start": 2998,
      "location-before-char-end": 3017,
      "node-str": "getRootPane"
    },
    {
      "type": "delete-node",
      "node": {
        "label": "org.columba.mail.gui.config.columns.ColumnConfigDialog",
        "type": "TypeAccess"
      },
      "location-before-char-start": 0,
      "location-before-char-end": 0,
      "node-str": "org.columba.mail.gui.config.columns.ColumnConfigDialog"
    },
    {
      "type": "delete-node",
      "node": {
        "label": "this",
        "type": "ThisAccess"
      },
      "location-before-char-start": 3046,
      "location-before-char-end": 3049,
      "node-str": "this"
    },
    {
      "type": "delete-node",
      "node": {
        "label": "\"CLOSE\"",
        "type": "Literal"
      },
      "location-before-char-start": 3055,
      "location-before-char-end": 3061,
      "node-str": "\"CLOSE\""
    },
    {
      "type": "delete-node",
      "node": {
        "label": "javax.swing.KeyStroke",
        "type": "TypeAccess"
      },
      "location-before-char-start": 3067,
      "location-before-char-end": 3075,
      "node-str": "javax.swing.KeyStroke"
    },
    {
      "type": "delete-node",
      "node": {
        "label": "java.awt.event.KeyEvent",
        "type": "TypeAccess"
      },
      "location-before-char-start": 3090,
      "location-before-char-end": 3097,
      "node-str": "java.awt.event.KeyEvent"
    },
    {
      "type": "delete-node",
      "node": {
        "label": "VK_ESCAPE",
        "type": "FieldRead"
      },
      "location-before-char-start": 3090,
      "location-before-char-end": 3107,
      "node-str": "VK_ESCAPE"
    },
    {
      "type": "delete-node",
      "node": {
        "label": "0",
        "type": "Literal"
      },
      "location-before-char-start": 3110,
      "location-before-char-end": 3110,
      "node-str": "0"
    },
    {
      "type": "delete-node",
      "node": {
        "label": "getKeyStroke",
        "type": "Invocation"
      },
      "location-before-char-start": 3067,
      "location-before-char-end": 3111,
      "node-str": "getKeyStroke"
    },
    {
      "type": "delete-node",
      "node": {
        "label": "javax.swing.JComponent",
        "type": "TypeAccess"
      },
      "location-before-char-start": 3117,
      "location-before-char-end": 3126,
      "node-str": "javax.swing.JComponent"
    },
    {
      "type": "delete-node",
      "node": {
        "label": "WHEN_IN_FOCUSED_WINDOW",
        "type": "FieldRead"
      },
      "location-before-char-start": 3117,
      "location-before-char-end": 3149,
      "node-str": "WHEN_IN_FOCUSED_WINDOW"
    },
    {
      "type": "delete-node",
      "node": {
        "label": "registerKeyboardAction",
        "type": "Invocation"
      },
      "location-before-char-start": 2998,
      "location-before-char-end": 3151,
      "node-str": "registerKeyboardAction"
    },
    {
      "type": "delete-node",
      "node": {
        "label": "org.columba.mail.gui.config.columns.ColumnConfigDialog",
        "type": "TypeAccess"
      },
      "location-before-char-start": 0,
      "location-before-char-end": 0,
      "node-str": "org.columba.mail.gui.config.columns.ColumnConfigDialog"
    },
    {
      "type": "delete-node",
      "node": {
        "label": "dialog",
        "type": "FieldRead"
      },
      "location-before-char-start": 3155,
      "location-before-char-end": 3160,
      "node-str": "dialog"
    },
    {
      "type": "delete-node",
      "node": {
        "label": "pack",
        "type": "Invocation"
      },
      "location-before-char-start": 3155,
      "location-before-char-end": 3168,
      "node-str": "pack"
    },
    {
      "type": "delete-node",
      "node": {
        "label": "org.columba.mail.gui.config.columns.ColumnConfigDialog",
        "type": "TypeAccess"
      },
      "location-before-char-start": 0,
      "location-before-char-end": 0,
      "node-str": "org.columba.mail.gui.config.columns.ColumnConfigDialog"
    },
    {
      "type": "delete-node",
      "node": {
        "label": "dialog",
        "type": "FieldRead"
      },
      "location-before-char-start": 3172,
      "location-before-char-end": 3177,
      "node-str": "dialog"
    },
    {
      "type": "delete-node",
      "node": {
        "label": "null",
        "type": "Literal"
      },
      "location-before-char-start": 3201,
      "location-before-char-end": 3204,
      "node-str": "null"
    },
    {
      "type": "delete-node",
      "node": {
        "label": "setLocationRelativeTo",
        "type": "Invocation"
      },
      "location-before-char-start": 3172,
      "location-before-char-end": 3206,
      "node-str": "setLocationRelativeTo"
    },
    {
      "type": "delete-node",
      "node": {
        "label": "org.columba.mail.gui.config.columns.ColumnConfigDialog",
        "type": "TypeAccess"
      },
      "location-before-char-start": 0,
      "location-before-char-end": 0,
      "node-str": "org.columba.mail.gui.config.columns.ColumnConfigDialog"
    },
    {
      "type": "delete-node",
      "node": {
        "label": "dialog",
        "type": "FieldRead"
      },
      "location-before-char-start": 3210,
      "location-before-char-end": 3215,
      "node-str": "dialog"
    },
    {
      "type": "delete-node",
      "node": {
        "label": "true",
        "type": "Literal"
      },
      "location-before-char-start": 3228,
      "location-before-char-end": 3231,
      "node-str": "true"
    },
    {
      "type": "delete-node",
      "node": {
        "label": "setVisible",
        "type": "Invocation"
      },
      "location-before-char-start": 3210,
      "location-before-char-end": 3233,
      "node-str": "setVisible"
    },
    {
      "type": "delete-node",
      "node": {
        "label": "\u003cinit\u003e",
        "type": "Constructor"
      },
      "location-before-char-start": 2653,
      "location-before-char-end": 3236,
      "node-str": "\u003cinit\u003e"
    },
    {
      "type": "delete-node",
      "node": {
        "label": "void",
        "type": "RETURN_TYPE"
      },
      "location-before-char-start": 0,
      "location-before-char-end": 0,
      "node-str": "void"
    },
    {
      "type": "delete-node",
      "node": {
        "label": "public",
        "type": "Modifier"
      },
      "location-before-char-start": 0,
      "location-before-char-end": 0,
      "node-str": "public"
    },
    {
      "type": "delete-node",
      "node": {
        "label": "boolean",
        "type": "VARIABLE_TYPE"
      },
      "location-before-char-start": 0,
      "location-before-char-end": 0,
      "node-str": "boolean"
    },
    {
      "type": "delete-node",
      "node": {
        "label": "b",
        "type": "Parameter"
      },
      "location-before-char-start": 7389,
      "location-before-char-end": 7397,
      "node-str": "b"
    },
    {
      "type": "delete-node",
      "node": {
        "label": "b",
        "type": "VariableRead"
      },
      "location-before-char-start": 7408,
      "location-before-char-end": 7408,
      "node-str": "b"
    },
    {
      "type": "delete-node",
      "node": {
        "label": "org.columba.core.gui.checkablelist.CheckableItemListTableModel",
        "type": "VARIABLE_TYPE"
      },
      "location-before-char-start": 0,
      "location-before-char-end": 0,
      "node-str": "org.columba.core.gui.checkablelist.CheckableItemListTableModel"
    },
    {
      "type": "delete-node",
      "node": {
        "label": "org.columba.core.gui.checkablelist.CheckableItemListTableModel()",
        "type": "ConstructorCall"
      },
      "location-before-char-start": 7451,
      "location-before-char-end": 7483,
      "node-str": "org.columba.core.gui.checkablelist.CheckableItemListTableModel()"
    },
    {
      "type": "delete-node",
      "node": {
        "label": "model",
        "type": "LocalVariable"
      },
      "location-before-char-start": 7416,
      "location-before-char-end": 7484,
      "node-str": "model"
    },
    {
      "type": "delete-node",
      "node": {
        "label": "java.lang.String[]",
        "type": "VARIABLE_TYPE"
      },
      "location-before-char-start": 0,
      "location-before-char-end": 0,
      "node-str": "java.lang.String[]"
    },
    {
      "type": "delete-node",
      "node": {
        "label": "org.columba.mail.folderoptions.ColumnOptionsPlugin",
        "type": "TypeAccess"
      },
      "location-before-char-start": 7511,
      "location-before-char-end": 7529,
      "node-str": "org.columba.mail.folderoptions.ColumnOptionsPlugin"
    },
    {
      "type": "delete-node",
      "node": {
        "label": "getColumns",
        "type": "Invocation"
      },
      "location-before-char-start": 7511,
      "location-before-char-end": 7542,
      "node-str": "getColumns"
    },
    {
      "type": "delete-node",
      "node": {
        "label": "stringList",
        "type": "LocalVariable"
      },
      "location-before-char-start": 7489,
      "location-before-char-end": 7543,
      "node-str": "stringList"
    },
    {
      "type": "delete-node",
      "node": {
        "label": "int",
        "type": "VARIABLE_TYPE"
      },
      "location-before-char-start": 0,
      "location-before-char-end": 0,
      "node-str": "int"
    },
    {
      "type": "delete-node",
      "node": {
        "label": "0",
        "type": "Literal"
      },
      "location-before-char-start": 7560,
      "location-before-char-end": 7560,
      "node-str": "0"
    },
    {
      "type": "delete-node",
      "node": {
        "label": "j",
        "type": "LocalVariable"
      },
      "location-before-char-start": 7553,
      "location-before-char-end": 7560,
      "node-str": "j"
    },
    {
      "type": "delete-node",
      "node": {
        "label": "j",
        "type": "VariableRead"
      },
      "location-before-char-start": 7563,
      "location-before-char-end": 7563,
      "node-str": "j"
    },
    {
      "type": "delete-node",
      "node": {
        "label": "stringList",
        "type": "VariableRead"
      },
      "location-before-char-start": 7567,
      "location-before-char-end": 7576,
      "node-str": "stringList"
    },
    {
      "type": "delete-node",
      "node": {
        "label": "length",
        "type": "FieldRead"
      },
      "location-before-char-start": 7567,
      "location-before-char-end": 7583,
      "node-str": "length"
    },
    {
      "type": "delete-node",
      "node": {
        "label": "LT",
        "type": "BinaryOperator"
      },
      "location-before-char-start": 7563,
      "location-before-char-end": 7583,
      "node-str": "LT"
    },
    {
      "type": "delete-node",
      "node": {
        "label": "j",
        "type": "VariableWrite"
      },
      "location-before-char-start": 7586,
      "location-before-char-end": 7586,
      "node-str": "j"
    },
    {
      "type": "delete-node",
      "node": {
        "label": "POSTINC",
        "type": "UnaryOperator"
      },
      "location-before-char-start": 7586,
      "location-before-char-end": 7588,
      "node-str": "POSTINC"
    },
    {
      "type": "delete-node",
      "node": {
        "label": "java.lang.String",
        "type": "VARIABLE_TYPE"
      },
      "location-before-char-start": 0,
      "location-before-char-end": 0,
      "node-str": "java.lang.String"
    },
    {
      "type": "delete-node",
      "node": {
        "label": "stringList",
        "type": "VariableRead"
      },
      "location-before-char-start": 7608,
      "location-before-char-end": 7617,
      "node-str": "stringList"
    },
    {
      "type": "delete-node",
      "node": {
        "label": "j",
        "type": "VariableRead"
      },
      "location-before-char-start": 7619,
      "location-before-char-end": 7619,
      "node-str": "j"
    },
    {
      "type": "delete-node",
      "node": {
        "label": "",
        "type": "ArrayRead"
      },
      "location-before-char-start": 7608,
      "location-before-char-end": 7620,
      "node-str": ""
    },
    {
      "type": "delete-node",
      "node": {
        "label": "c",
        "type": "LocalVariable"
      },
      "location-before-char-start": 7597,
      "location-before-char-end": 7621,
      "node-str": "c"
    },
    {
      "type": "delete-node",
      "node": {
        "label": "org.columba.core.gui.checkablelist.CheckableItemImpl",
        "type": "VARIABLE_TYPE"
      },
      "location-before-char-start": 0,
      "location-before-char-end": 0,
      "node-str": "org.columba.core.gui.checkablelist.CheckableItemImpl"
    },
    {
      "type": "delete-node",
      "node": {
        "label": "c",
        "type": "VariableRead"
      },
      "location-before-char-start": 7673,
      "location-before-char-end": 7673,
      "node-str": "c"
    },
    {
      "type": "delete-node",
      "node": {
        "label": "org.columba.core.gui.checkablelist.CheckableItemImpl(java.lang.String)",
        "type": "ConstructorCall"
      },
      "location-before-char-start": 7651,
      "location-before-char-end": 7674,
      "node-str": "org.columba.core.gui.checkablelist.CheckableItemImpl(java.lang.String)"
    },
    {
      "type": "delete-node",
      "node": {
        "label": "item",
        "type": "LocalVariable"
      },
      "location-before-char-start": 7627,
      "location-before-char-end": 7675,
      "node-str": "item"
    },
    {
      "type": "delete-node",
      "node": {
        "label": "org.columba.core.xml.XmlElement",
        "type": "VARIABLE_TYPE"
      },
      "location-before-char-start": 0,
      "location-before-char-end": 0,
      "node-str": "org.columba.core.xml.XmlElement"
    },
    {
      "type": "delete-node",
      "node": {
        "label": "org.columba.mail.gui.config.columns.ColumnConfigDialog",
        "type": "TypeAccess"
      },
      "location-before-char-start": 0,
      "location-before-char-end": 0,
      "node-str": "org.columba.mail.gui.config.columns.ColumnConfigDialog"
    },
    {
      "type": "delete-node",
      "node": {
        "label": "org.columba.mail.gui.config.columns.ColumnConfigDialog",
        "type": "TypeAccess"
      },
      "location-before-char-start": 0,
      "location-before-char-end": 0,
      "node-str": "org.columba.mail.gui.config.columns.ColumnConfigDialog"
    },
    {
      "type": "delete-node",
      "node": {
        "label": "columns",
        "type": "FieldRead"
      },
      "location-before-char-start": 7712,
      "location-before-char-end": 7718,
      "node-str": "columns"
    },
    {
      "type": "delete-node",
      "node": {
        "label": "c",
        "type": "VariableRead"
      },
      "location-before-char-start": 7721,
      "location-before-char-end": 7721,
      "node-str": "c"
    },
    {
      "type": "delete-node",
      "node": {
        "label": "findColumn",
        "type": "Invocation"
      },
      "location-before-char-start": 7701,
      "location-before-char-end": 7722,
      "node-str": "findColumn"
    },
    {
      "type": "delete-node",
      "node": {
        "label": "element",
        "type": "LocalVariable"
      },
      "location-before-char-start": 7681,
      "location-before-char-end": 7723,
      "node-str": "element"
    },
    {
      "type": "delete-node",
      "node": {
        "label": "element",
        "type": "VariableRead"
      },
      "location-before-char-start": 7734,
      "location-before-char-end": 7740,
      "node-str": "element"
    },
    {
      "type": "delete-node",
      "node": {
        "label": "null",
        "type": "Literal"
      },
      "location-before-char-start": 7745,
      "location-before-char-end": 7748,
      "node-str": "null"
    },
    {
      "type": "delete-node",
      "node": {
        "label": "NE",
        "type": "BinaryOperator"
      },
      "location-before-char-start": 7734,
      "location-before-char-end": 7748,
      "node-str": "NE"
    },
    {
      "type": "delete-node",
      "node": {
        "label": "item",
        "type": "VariableRead"
      },
      "location-before-char-start": 7759,
      "location-before-char-end": 7762,
      "node-str": "item"
    },
    {
      "type": "delete-node",
      "node": {
        "label": "true",
        "type": "Literal"
      },
      "location-before-char-start": 7776,
      "location-before-char-end": 7779,
      "node-str": "true"
    },
    {
      "type": "delete-node",
      "node": {
        "label": "setSelected",
        "type": "Invocation"
      },
      "location-before-char-start": 7759,
      "location-before-char-end": 7781,
      "node-str": "setSelected"
    },
    {
      "type": "delete-node",
      "node": {
        "label": "THEN",
        "type": "then"
      },
      "location-before-char-start": 7751,
      "location-before-char-end": 7788,
      "node-str": "THEN"
    },
    {
      "type": "delete-node",
      "node": {
        "label": "item",
        "type": "VariableRead"
      },
      "location-before-char-start": 7802,
      "location-before-char-end": 7805,
      "node-str": "item"
    },
    {
      "type": "delete-node",
      "node": {
        "label": "false",
        "type": "Literal"
      },
      "location-before-char-start": 7819,
      "location-before-char-end": 7823,
      "node-str": "false"
    },
    {
      "type": "delete-node",
      "node": {
        "label": "setSelected",
        "type": "Invocation"
      },
      "location-before-char-start": 7802,
      "location-before-char-end": 7825,
      "node-str": "setSelected"
    },
    {
      "type": "delete-node",
      "node": {
        "label": "ELSE",
        "type": "else"
      },
      "location-before-char-start": 7795,
      "location-before-char-end": 7831,
      "node-str": "ELSE"
    },
    {
      "type": "delete-node",
      "node": {
        "label": "if",
        "type": "If"
      },
      "location-before-char-start": 7730,
      "location-before-char-end": 7831,
      "node-str": "if"
    },
    {
      "type": "delete-node",
      "node": {
        "label": "model",
        "type": "VariableRead"
      },
      "location-before-char-start": 7837,
      "location-before-char-end": 7841,
      "node-str": "model"
    },
    {
      "type": "delete-node",
      "node": {
        "label": "item",
        "type": "VariableRead"
      },
      "location-before-char-start": 7854,
      "location-before-char-end": 7857,
      "node-str": "item"
    },
    {
      "type": "delete-node",
      "node": {
        "label": "addElement",
        "type": "Invocation"
      },
      "location-before-char-start": 7837,
      "location-before-char-end": 7859,
      "node-str": "addElement"
    },
    {
      "type": "delete-node",
      "node": {
        "label": "",
        "type": "For"
      },
      "location-before-char-start": 7548,
      "location-before-char-end": 7864,
      "node-str": ""
    },
    {
      "type": "delete-node",
      "node": {
        "label": "org.columba.mail.gui.config.columns.ColumnConfigDialog",
        "type": "TypeAccess"
      },
      "location-before-char-start": 0,
      "location-before-char-end": 0,
      "node-str": "org.columba.mail.gui.config.columns.ColumnConfigDialog"
    },
    {
      "type": "delete-node",
      "node": {
        "label": "list",
        "type": "FieldRead"
      },
      "location-before-char-start": 7873,
      "location-before-char-end": 7876,
      "node-str": "list"
    },
    {
      "type": "delete-node",
      "node": {
        "label": "model",
        "type": "VariableRead"
      },
      "location-before-char-start": 7887,
      "location-before-char-end": 7891,
      "node-str": "model"
    },
    {
      "type": "delete-node",
      "node": {
        "label": "setModel",
        "type": "Invocation"
      },
      "location-before-char-start": 7873,
      "location-before-char-end": 7893,
      "node-str": "setModel"
    },
    {
      "type": "delete-node",
      "node": {
        "label": "THEN",
        "type": "then"
      },
      "location-before-char-start": 7411,
      "location-before-char-end": 7901,
      "node-str": "THEN"
    },
    {
      "type": "delete-node",
      "node": {
        "label": "org.columba.core.gui.checkablelist.CheckableItemListTableModel",
        "type": "VARIABLE_TYPE"
      },
      "location-before-char-start": 0,
      "location-before-char-end": 0,
      "node-str": "org.columba.core.gui.checkablelist.CheckableItemListTableModel"
    },
    {
      "type": "delete-node",
      "node": {
        "label": "org.columba.mail.gui.config.columns.ColumnConfigDialog",
        "type": "TypeAccess"
      },
      "location-before-char-start": 0,
      "location-before-char-end": 0,
      "node-str": "org.columba.mail.gui.config.columns.ColumnConfigDialog"
    },
    {
      "type": "delete-node",
      "node": {
        "label": "list",
        "type": "FieldRead"
      },
      "location-before-char-start": 7980,
      "location-before-char-end": 7983,
      "node-str": "list"
    },
    {
      "type": "delete-node",
      "node": {
        "label": "getModel",
        "type": "Invocation"
      },
      "location-before-char-start": 7949,
      "location-before-char-end": 7995,
      "node-str": "getModel"
    },
    {
      "type": "delete-node",
      "node": {
        "label": "model",
        "type": "LocalVariable"
      },
      "location-before-char-start": 7914,
      "location-before-char-end": 7996,
      "node-str": "model"
    },
    {
      "type": "delete-node",
      "node": {
        "label": "int",
        "type": "VARIABLE_TYPE"
      },
      "location-before-char-start": 0,
      "location-before-char-end": 0,
      "node-str": "int"
    },
    {
      "type": "delete-node",
      "node": {
        "label": "0",
        "type": "Literal"
      },
      "location-before-char-start": 8014,
      "location-before-char-end": 8014,
      "node-str": "0"
    },
    {
      "type": "delete-node",
      "node": {
        "label": "i",
        "type": "LocalVariable"
      },
      "location-before-char-start": 8007,
      "location-before-char-end": 8014,
      "node-str": "i"
    },
    {
      "type": "delete-node",
      "node": {
        "label": "i",
        "type": "VariableRead"
      },
      "location-before-char-start": 8017,
      "location-before-char-end": 8017,
      "node-str": "i"
    },
    {
      "type": "delete-node",
      "node": {
        "label": "model",
        "type": "VariableRead"
      },
      "location-before-char-start": 8021,
      "location-before-char-end": 8025,
      "node-str": "model"
    },
    {
      "type": "delete-node",
      "node": {
        "label": "count",
        "type": "Invocation"
      },
      "location-before-char-start": 8021,
      "location-before-char-end": 8033,
      "node-str": "count"
    },
    {
      "type": "delete-node",
      "node": {
        "label": "LT",
        "type": "BinaryOperator"
      },
      "location-before-char-start": 8017,
      "location-before-char-end": 8033,
      "node-str": "LT"
    },
    {
      "type": "delete-node",
      "node": {
        "label": "i",
        "type": "VariableWrite"
      },
      "location-before-char-start": 8036,
      "location-before-char-end": 8036,
      "node-str": "i"
    },
    {
      "type": "delete-node",
      "node": {
        "label": "POSTINC",
        "type": "UnaryOperator"
      },
      "location-before-char-start": 8036,
      "location-before-char-end": 8038,
      "node-str": "POSTINC"
    },
    {
      "type": "delete-node",
      "node": {
        "label": "org.columba.core.gui.checkablelist.CheckableItemImpl",
        "type": "VARIABLE_TYPE"
      },
      "location-before-char-start": 0,
      "location-before-char-end": 0,
      "node-str": "org.columba.core.gui.checkablelist.CheckableItemImpl"
    },
    {
      "type": "delete-node",
      "node": {
        "label": "model",
        "type": "VariableRead"
      },
      "location-before-char-start": 8119,
      "location-before-char-end": 8123,
      "node-str": "model"
    },
    {
      "type": "delete-node",
      "node": {
        "label": "i",
        "type": "VariableRead"
      },
      "location-before-char-start": 8136,
      "location-before-char-end": 8136,
      "node-str": "i"
    },
    {
      "type": "delete-node",
      "node": {
        "label": "getElement",
        "type": "Invocation"
      },
      "location-before-char-start": 8099,
      "location-before-char-end": 8137,
      "node-str": "getElement"
    },
    {
      "type": "delete-node",
      "node": {
        "label": "column",
        "type": "LocalVariable"
      },
      "location-before-char-start": 8073,
      "location-before-char-end": 8138,
      "node-str": "column"
    },
    {
      "type": "delete-node",
      "node": {
        "label": "org.columba.core.xml.XmlElement",
        "type": "VARIABLE_TYPE"
      },
      "location-before-char-start": 0,
      "location-before-char-end": 0,
      "node-str": "org.columba.core.xml.XmlElement"
    },
    {
      "type": "delete-node",
      "node": {
        "label": "org.columba.mail.gui.config.columns.ColumnConfigDialog",
        "type": "TypeAccess"
      },
      "location-before-char-start": 0,
      "location-before-char-end": 0,
      "node-str": "org.columba.mail.gui.config.columns.ColumnConfigDialog"
    },
    {
      "type": "delete-node",
      "node": {
        "label": "org.columba.mail.gui.config.columns.ColumnConfigDialog",
        "type": "TypeAccess"
      },
      "location-before-char-start": 0,
      "location-before-char-end": 0,
      "node-str": "org.columba.mail.gui.config.columns.ColumnConfigDialog"
    },
    {
      "type": "delete-node",
      "node": {
        "label": "columns",
        "type": "FieldRead"
      },
      "location-before-char-start": 8194,
      "location-before-char-end": 8200,
      "node-str": "columns"
    },
    {
      "type": "delete-node",
      "node": {
        "label": "column",
        "type": "VariableRead"
      },
      "location-before-char-start": 8203,
      "location-before-char-end": 8208,
      "node-str": "column"
    },
    {
      "type": "delete-node",
      "node": {
        "label": "toString",
        "type": "Invocation"
      },
      "location-before-char-start": 8203,
      "location-before-char-end": 8219,
      "node-str": "toString"
    },
    {
      "type": "delete-node",
      "node": {
        "label": "findColumn",
        "type": "Invocation"
      },
      "location-before-char-start": 8183,
      "location-before-char-end": 8220,
      "node-str": "findColumn"
    },
    {
      "type": "delete-node",
      "node": {
        "label": "element",
        "type": "LocalVariable"
      },
      "location-before-char-start": 8163,
      "location-before-char-end": 8221,
      "node-str": "element"
    },
    {
      "type": "delete-node",
      "node": {
        "label": "",
        "type": "For"
      },
      "location-before-char-start": 8002,
      "location-before-char-end": 8607,
      "node-str": ""
    },
    {
      "type": "delete-node",
      "node": {
        "label": "ELSE",
        "type": "else"
      },
      "location-before-char-start": 7908,
      "location-before-char-end": 8612,
      "node-str": "ELSE"
    },
    {
      "type": "delete-node",
      "node": {
        "label": "if",
        "type": "If"
      },
      "location-before-char-start": 7404,
      "location-before-char-end": 8612,
      "node-str": "if"
    },
    {
      "type": "delete-node",
      "node": {
        "label": "updateComponents",
        "type": "Method"
      },
      "location-before-char-start": 7360,
      "location-before-char-end": 8615,
      "node-str": "updateComponents"
    },
    {
      "type": "delete-node",
      "node": {
        "label": "ColumnConfigDialog",
        "type": "Class"
      },
      "location-before-char-start": 2197,
      "location-before-char-end": 10356,
      "node-str": "ColumnConfigDialog"
    }
  ],
  "before-file": {},
  "after-file": {},
  "mapping": {}
}