{
  "tool-info": {},
  "diff": [
    {
      "type": "insert-node",
      "node": {
        "label": "Register",
        "type": "Class"
      },
      "location-after-char-start": 3372,
      "location-after-char-end": 19812,
      "node-str": "Register"
    },
    {
      "type": "insert-node",
      "node": {
        "label": "public",
        "type": "Modifier"
      },
      "location-after-char-start": 0,
      "location-after-char-end": 0,
      "node-str": "public"
    },
    {
      "type": "insert-node",
      "node": {
        "label": "",
        "type": "TypeReference"
      },
      "location-after-char-start": 3565,
      "location-after-char-end": 3584,
      "node-str": ""
    },
    {
      "type": "move-subtree",
      "node": {
        "label": "checkRFC2505",
        "type": "Method"
      },
      "location-before-char-start": 3593,
      "location-before-char-end": 4847,
      "location-after-char-start": 3593,
      "location-after-char-end": 4847,
      "node-str": "checkRFC2505"
    },
    {
      "type": "move-subtree",
      "node": {
        "label": "doRegister",
        "type": "Method"
      },
      "location-before-char-start": 4854,
      "location-before-char-end": 9055,
      "location-after-char-start": 4854,
      "location-after-char-end": 9055,
      "node-str": "doRegister"
    },
    {
      "type": "move-subtree",
      "node": {
        "label": "doConfirmregistration",
        "type": "Method"
      },
      "location-before-char-start": 9062,
      "location-before-char-end": 10951,
      "location-after-char-start": 9062,
      "location-after-char-end": 10951,
      "node-str": "doConfirmregistration"
    },
    {
      "type": "move-subtree",
      "node": {
        "label": "doBack",
        "type": "Method"
      },
      "location-before-char-start": 10958,
      "location-before-char-end": 11300,
      "location-after-char-start": 10958,
      "location-after-char-end": 11300,
      "node-str": "doBack"
    },
    {
      "type": "move-subtree",
      "node": {
        "label": "doPerform",
        "type": "Method"
      },
      "location-before-char-start": 11307,
      "location-before-char-end": 11499,
      "location-after-char-start": 11307,
      "location-after-char-end": 11499,
      "node-str": "doPerform"
    },
    {
      "type": "insert-node",
      "node": {
        "label": "doConfirm",
        "type": "Method"
      },
      "location-after-char-start": 11506,
      "location-after-char-end": 15512,
      "node-str": "doConfirm"
    },
    {
      "type": "move-subtree",
      "node": {
        "label": "doResendconfirmationcode",
        "type": "Method"
      },
      "location-before-char-start": 15209,
      "location-before-char-end": 17791,
      "location-after-char-start": 15519,
      "location-after-char-end": 18101,
      "node-str": "doResendconfirmationcode"
    },
    {
      "type": "move-subtree",
      "node": {
        "label": "parseDomain",
        "type": "Method"
      },
      "location-before-char-start": 17798,
      "location-before-char-end": 18500,
      "location-after-char-start": 18108,
      "location-after-char-end": 18810,
      "node-str": "parseDomain"
    },
    {
      "type": "move-subtree",
      "node": {
        "label": "sendConfirmationEmail",
        "type": "Method"
      },
      "location-before-char-start": 18511,
      "location-before-char-end": 19500,
      "location-after-char-start": 18821,
      "location-after-char-end": 19810,
      "node-str": "sendConfirmationEmail"
    },
    {
      "type": "insert-node",
      "node": {
        "label": "org.tigris.scarab.actions.base.ScarabTemplateAction",
        "type": "SUPER_TYPE"
      },
      "location-after-char-start": 0,
      "location-after-char-end": 0,
      "node-str": "org.tigris.scarab.actions.base.ScarabTemplateAction"
    },
    {
      "type": "insert-node",
      "node": {
        "label": "void",
        "type": "RETURN_TYPE"
      },
      "location-after-char-start": 0,
      "location-after-char-end": 0,
      "node-str": "void"
    },
    {
      "type": "insert-node",
      "node": {
        "label": "java.lang.Exception",
        "type": "THROWS"
      },
      "location-after-char-start": 0,
      "location-after-char-end": 0,
      "node-str": "java.lang.Exception"
    },
    {
      "type": "insert-node",
      "node": {
        "label": "public",
        "type": "Modifier"
      },
      "location-after-char-start": 0,
      "location-after-char-end": 0,
      "node-str": "public"
    },
    {
      "type": "insert-node",
      "node": {
        "label": "data",
        "type": "Parameter"
      },
      "location-after-char-start": 11704,
      "location-after-char-end": 11715,
      "node-str": "data"
    },
    {
      "type": "insert-node",
      "node": {
        "label": "context",
        "type": "Parameter"
      },
      "location-after-char-start": 11718,
      "location-after-char-end": 11740,
      "node-str": "context"
    },
    {
      "type": "move-subtree",
      "node": {
        "label": "template",
        "type": "LocalVariable"
      },
      "location-before-char-start": 11783,
      "location-before-char-end": 11831,
      "location-after-char-start": 11783,
      "location-after-char-end": 11831,
      "node-str": "template"
    },
    {
      "type": "move-subtree",
      "node": {
        "label": "nextTemplate",
        "type": "LocalVariable"
      },
      "location-before-char-start": 11841,
      "location-before-char-end": 11894,
      "location-after-char-start": 11841,
      "location-after-char-end": 11894,
      "node-str": "nextTemplate"
    },
    {
      "type": "move-subtree",
      "node": {
        "label": "intake",
        "type": "LocalVariable"
      },
      "location-before-char-start": 11905,
      "location-before-char-end": 11947,
      "location-after-char-start": 11905,
      "location-after-char-end": 11947,
      "node-str": "intake"
    },
    {
      "type": "insert-node",
      "node": {
        "label": "if",
        "type": "If"
      },
      "location-after-char-start": 11957,
      "location-after-char-end": 15506,
      "node-str": "if"
    },
    {
      "type": "insert-node",
      "node": {
        "label": "org.apache.turbine.RunData",
        "type": "VARIABLE_TYPE"
      },
      "location-after-char-start": 0,
      "location-after-char-end": 0,
      "node-str": "org.apache.turbine.RunData"
    },
    {
      "type": "insert-node",
      "node": {
        "label": "org.apache.turbine.TemplateContext",
        "type": "VARIABLE_TYPE"
      },
      "location-after-char-start": 0,
      "location-after-char-end": 0,
      "node-str": "org.apache.turbine.TemplateContext"
    },
    {
      "type": "insert-node",
      "node": {
        "label": "isAllValid",
        "type": "Invocation"
      },
      "location-after-char-start": 11961,
      "location-after-char-end": 11979,
      "node-str": "isAllValid"
    },
    {
      "type": "insert-node",
      "node": {
        "label": "THEN",
        "type": "then"
      },
      "location-after-char-start": 11990,
      "location-after-char-end": 15506,
      "node-str": "THEN"
    },
    {
      "type": "insert-node",
      "node": {
        "label": "intake",
        "type": "VariableRead"
      },
      "location-after-char-start": 11961,
      "location-after-char-end": 11966,
      "node-str": "intake"
    },
    {
      "type": "move-subtree",
      "node": {
        "label": "l10n",
        "type": "LocalVariable"
      },
      "location-before-char-start": 12004,
      "location-before-char-end": 12062,
      "location-after-char-start": 12004,
      "location-after-char-end": 12062,
      "node-str": "l10n"
    },
    {
      "type": "move-subtree",
      "node": {
        "label": "scarabR",
        "type": "LocalVariable"
      },
      "location-before-char-start": 12076,
      "location-before-char-end": 12133,
      "location-after-char-start": 12076,
      "location-after-char-end": 12133,
      "node-str": "scarabR"
    },
    {
      "type": "move-subtree",
      "node": {
        "label": "user",
        "type": "LocalVariable"
      },
      "location-before-char-start": 12147,
      "location-before-char-end": 12275,
      "location-after-char-start": 12147,
      "location-after-char-end": 12275,
      "node-str": "user"
    },
    {
      "type": "move-subtree",
      "node": {
        "label": "register",
        "type": "LocalVariable"
      },
      "location-before-char-start": 12289,
      "location-before-char-end": 12310,
      "location-after-char-start": 12289,
      "location-after-char-end": 12310,
      "node-str": "register"
    },
    {
      "type": "move-subtree",
      "node": {
        "label": "if",
        "type": "If"
      },
      "location-before-char-start": 12324,
      "location-before-char-end": 12658,
      "location-after-char-start": 12324,
      "location-after-char-end": 12658,
      "node-str": "if"
    },
    {
      "type": "insert-node",
      "node": {
        "label": "if",
        "type": "If"
      },
      "location-after-char-start": 12673,
      "location-after-char-end": 13134,
      "node-str": "if"
    },
    {
      "type": "move-subtree",
      "node": {
        "label": "username",
        "type": "LocalVariable"
      },
      "location-before-char-start": 12838,
      "location-before-char-end": 12860,
      "location-after-char-start": 13148,
      "location-after-char-end": 13170,
      "node-str": "username"
    },
    {
      "type": "move-subtree",
      "node": {
        "label": "confirm",
        "type": "LocalVariable"
      },
      "location-before-char-start": 12874,
      "location-before-char-end": 12895,
      "location-after-char-start": 13184,
      "location-after-char-end": 13205,
      "node-str": "confirm"
    },
    {
      "type": "move-subtree",
      "node": {
        "label": "usernameField",
        "type": "LocalVariable"
      },
      "location-before-char-start": 12909,
      "location-before-char-end": 12955,
      "location-after-char-start": 13219,
      "location-after-char-end": 13265,
      "node-str": "usernameField"
    },
    {
      "type": "move-subtree",
      "node": {
        "label": "confirmField",
        "type": "LocalVariable"
      },
      "location-before-char-start": 12969,
      "location-before-char-end": 13013,
      "location-after-char-start": 13279,
      "location-after-char-end": 13323,
      "node-str": "confirmField"
    },
    {
      "type": "move-subtree",
      "node": {
        "label": "if",
        "type": "If"
      },
      "location-before-char-start": 13027,
      "location-before-char-end": 13356,
      "location-after-char-start": 13337,
      "location-after-char-end": 13666,
      "node-str": "if"
    },
    {
      "type": "move-subtree",
      "node": {
        "label": "\u003d",
        "type": "Assignment"
      },
      "location-before-char-start": 13370,
      "location-before-char-end": 13405,
      "location-after-char-start": 13680,
      "location-after-char-end": 13715,
      "node-str": "\u003d"
    },
    {
      "type": "move-subtree",
      "node": {
        "label": "\u003d",
        "type": "Assignment"
      },
      "location-before-char-start": 13419,
      "location-before-char-end": 13452,
      "location-after-char-start": 13729,
      "location-after-char-end": 13762,
      "node-str": "\u003d"
    },
    {
      "type": "move-subtree",
      "node": {
        "label": "if",
        "type": "If"
      },
      "location-before-char-start": 13601,
      "location-before-char-end": 15186,
      "location-after-char-start": 13911,
      "location-after-char-end": 15496,
      "node-str": "if"
    },
    {
      "type": "move-subtree",
      "node": {
        "label": "EQ",
        "type": "BinaryOperator"
      },
      "location-before-char-start": 12677,
      "location-before-char-end": 12692,
      "location-after-char-start": 12677,
      "location-after-char-end": 12692,
      "node-str": "EQ"
    },
    {
      "type": "insert-node",
      "node": {
        "label": "THEN",
        "type": "then"
      },
      "location-after-char-start": 12707,
      "location-after-char-end": 13134,
      "node-str": "THEN"
    },
    {
      "type": "move-subtree",
      "node": {
        "label": "setAlertMessage",
        "type": "Invocation"
      },
      "location-before-char-start": 12725,
      "location-before-char-end": 12786,
      "location-after-char-start": 12725,
      "location-after-char-end": 12786,
      "node-str": "setAlertMessage"
    },
    {
      "type": "insert-node",
      "node": {
        "label": "msg",
        "type": "LocalVariable"
      },
      "location-after-char-start": 12804,
      "location-after-char-end": 13059,
      "node-str": "msg"
    },
    {
      "type": "insert-node",
      "node": {
        "label": "warn",
        "type": "Invocation"
      },
      "location-after-char-start": 13077,
      "location-after-char-end": 13096,
      "node-str": "warn"
    },
    {
      "type": "insert-node",
      "node": {
        "label": "return",
        "type": "Return"
      },
      "location-after-char-start": 13114,
      "location-after-char-end": 13120,
      "node-str": "return"
    },
    {
      "type": "insert-node",
      "node": {
        "label": "java.lang.String",
        "type": "VARIABLE_TYPE"
      },
      "location-after-char-start": 0,
      "location-after-char-end": 0,
      "node-str": "java.lang.String"
    },
    {
      "type": "insert-node",
      "node": {
        "label": "PLUS",
        "type": "BinaryOperator"
      },
      "location-after-char-start": 12817,
      "location-after-char-end": 13058,
      "node-str": "PLUS"
    },
    {
      "type": "insert-node",
      "node": {
        "label": "get",
        "type": "Invocation"
      },
      "location-after-char-start": 13077,
      "location-after-char-end": 13085,
      "node-str": "get"
    },
    {
      "type": "insert-node",
      "node": {
        "label": "msg",
        "type": "VariableRead"
      },
      "location-after-char-start": 13092,
      "location-after-char-end": 13094,
      "node-str": "msg"
    },
    {
      "type": "insert-node",
      "node": {
        "label": "PLUS",
        "type": "BinaryOperator"
      },
      "location-after-char-start": 12817,
      "location-after-char-end": 13033,
      "node-str": "PLUS"
    },
    {
      "type": "insert-node",
      "node": {
        "label": "DEFAULT_KEY",
        "type": "FieldRead"
      },
      "location-after-char-start": 13037,
      "location-after-char-end": 13058,
      "node-str": "DEFAULT_KEY"
    },
    {
      "type": "insert-node",
      "node": {
        "label": "org.tigris.scarab.util.Log",
        "type": "TypeAccess"
      },
      "location-after-char-start": 13077,
      "location-after-char-end": 13079,
      "node-str": "org.tigris.scarab.util.Log"
    },
    {
      "type": "insert-node",
      "node": {
        "label": "PLUS",
        "type": "BinaryOperator"
      },
      "location-after-char-start": 12817,
      "location-after-char-end": 12984,
      "node-str": "PLUS"
    },
    {
      "type": "insert-node",
      "node": {
        "label": "\" IntakeTool.DEFAULT_KEY\u003d\"",
        "type": "Literal"
      },
      "location-after-char-start": 13008,
      "location-after-char-end": 13033,
      "node-str": "\" IntakeTool.DEFAULT_KEY\u003d\""
    },
    {
      "type": "insert-node",
      "node": {
        "label": "org.apache.turbine.tool.IntakeTool",
        "type": "TypeAccess"
      },
      "location-after-char-start": 0,
      "location-after-char-end": 0,
      "node-str": "org.apache.turbine.tool.IntakeTool"
    },
    {
      "type": "insert-node",
      "node": {
        "label": "\"Register group is null: user\u003d\"",
        "type": "Literal"
      },
      "location-after-char-start": 12817,
      "location-after-char-end": 12847,
      "node-str": "\"Register group is null: user\u003d\""
    },
    {
      "type": "insert-node",
      "node": {
        "label": "",
        "type": "Conditional"
      },
      "location-after-char-start": 12871,
      "location-after-char-end": 12984,
      "node-str": ""
    },
    {
      "type": "insert-node",
      "node": {
        "label": "AND",
        "type": "BinaryOperator"
      },
      "location-after-char-start": 12872,
      "location-after-char-end": 12913,
      "node-str": "AND"
    },
    {
      "type": "insert-node",
      "node": {
        "label": "getQueryKey",
        "type": "Invocation"
      },
      "location-after-char-start": 12940,
      "location-after-char-end": 12972,
      "node-str": "getQueryKey"
    },
    {
      "type": "insert-node",
      "node": {
        "label": "\"[none]\"",
        "type": "Literal"
      },
      "location-after-char-start": 12976,
      "location-after-char-end": 12983,
      "node-str": "\"[none]\""
    },
    {
      "type": "insert-node",
      "node": {
        "label": "NE",
        "type": "BinaryOperator"
      },
      "location-after-char-start": 12872,
      "location-after-char-end": 12883,
      "node-str": "NE"
    },
    {
      "type": "insert-node",
      "node": {
        "label": "INSTANCEOF",
        "type": "BinaryOperator"
      },
      "location-after-char-start": 12888,
      "location-after-char-end": 12913,
      "node-str": "INSTANCEOF"
    },
    {
      "type": "insert-node",
      "node": {
        "label": "user",
        "type": "VariableRead"
      },
      "location-after-char-start": 12940,
      "location-after-char-end": 12958,
      "node-str": "user"
    },
    {
      "type": "insert-node",
      "node": {
        "label": "user",
        "type": "VariableRead"
      },
      "location-after-char-start": 12872,
      "location-after-char-end": 12875,
      "node-str": "user"
    },
    {
      "type": "insert-node",
      "node": {
        "label": "null",
        "type": "Literal"
      },
      "location-after-char-start": 12880,
      "location-after-char-end": 12883,
      "node-str": "null"
    },
    {
      "type": "insert-node",
      "node": {
        "label": "user",
        "type": "VariableRead"
      },
      "location-after-char-start": 12888,
      "location-after-char-end": 12891,
      "node-str": "user"
    },
    {
      "type": "insert-node",
      "node": {
        "label": "org.tigris.scarab.om.ScarabUser",
        "type": "TypeAccess"
      },
      "location-after-char-start": 12904,
      "location-after-char-end": 12913,
      "node-str": "org.tigris.scarab.om.ScarabUser"
    },
    {
      "type": "delete-node",
      "node": {
        "label": "public",
        "type": "Modifier"
      },
      "location-before-char-start": 0,
      "location-before-char-end": 0,
      "node-str": "public"
    },
    {
      "type": "delete-node",
      "node": {
        "label": "org.tigris.scarab.actions.base.ScarabTemplateAction",
        "type": "SUPER_TYPE"
      },
      "location-before-char-start": 0,
      "location-before-char-end": 0,
      "node-str": "org.tigris.scarab.actions.base.ScarabTemplateAction"
    },
    {
      "type": "delete-node",
      "node": {
        "label": "",
        "type": "TypeReference"
      },
      "location-before-char-start": 3565,
      "location-before-char-end": 3584,
      "node-str": ""
    },
    {
      "type": "delete-node",
      "node": {
        "label": "void",
        "type": "RETURN_TYPE"
      },
      "location-before-char-start": 0,
      "location-before-char-end": 0,
      "node-str": "void"
    },
    {
      "type": "delete-node",
      "node": {
        "label": "java.lang.Exception",
        "type": "THROWS"
      },
      "location-before-char-start": 0,
      "location-before-char-end": 0,
      "node-str": "java.lang.Exception"
    },
    {
      "type": "delete-node",
      "node": {
        "label": "public",
        "type": "Modifier"
      },
      "location-before-char-start": 0,
      "location-before-char-end": 0,
      "node-str": "public"
    },
    {
      "type": "delete-node",
      "node": {
        "label": "org.apache.turbine.RunData",
        "type": "VARIABLE_TYPE"
      },
      "location-before-char-start": 0,
      "location-before-char-end": 0,
      "node-str": "org.apache.turbine.RunData"
    },
    {
      "type": "delete-node",
      "node": {
        "label": "data",
        "type": "Parameter"
      },
      "location-before-char-start": 11704,
      "location-before-char-end": 11715,
      "node-str": "data"
    },
    {
      "type": "delete-node",
      "node": {
        "label": "org.apache.turbine.TemplateContext",
        "type": "VARIABLE_TYPE"
      },
      "location-before-char-start": 0,
      "location-before-char-end": 0,
      "node-str": "org.apache.turbine.TemplateContext"
    },
    {
      "type": "delete-node",
      "node": {
        "label": "context",
        "type": "Parameter"
      },
      "location-before-char-start": 11718,
      "location-before-char-end": 11740,
      "node-str": "context"
    },
    {
      "type": "delete-node",
      "node": {
        "label": "intake",
        "type": "VariableRead"
      },
      "location-before-char-start": 11961,
      "location-before-char-end": 11966,
      "node-str": "intake"
    },
    {
      "type": "delete-node",
      "node": {
        "label": "isAllValid",
        "type": "Invocation"
      },
      "location-before-char-start": 11961,
      "location-before-char-end": 11979,
      "node-str": "isAllValid"
    },
    {
      "type": "delete-node",
      "node": {
        "label": "return",
        "type": "Return"
      },
      "location-before-char-start": 12804,
      "location-before-char-end": 12810,
      "node-str": "return"
    },
    {
      "type": "delete-node",
      "node": {
        "label": "THEN",
        "type": "then"
      },
      "location-before-char-start": 12707,
      "location-before-char-end": 12824,
      "node-str": "THEN"
    },
    {
      "type": "delete-node",
      "node": {
        "label": "if",
        "type": "If"
      },
      "location-before-char-start": 12673,
      "location-before-char-end": 12824,
      "node-str": "if"
    },
    {
      "type": "delete-node",
      "node": {
        "label": "THEN",
        "type": "then"
      },
      "location-before-char-start": 11990,
      "location-before-char-end": 15196,
      "node-str": "THEN"
    },
    {
      "type": "delete-node",
      "node": {
        "label": "if",
        "type": "If"
      },
      "location-before-char-start": 11957,
      "location-before-char-end": 15196,
      "node-str": "if"
    },
    {
      "type": "delete-node",
      "node": {
        "label": "doConfirm",
        "type": "Method"
      },
      "location-before-char-start": 11506,
      "location-before-char-end": 15202,
      "node-str": "doConfirm"
    },
    {
      "type": "delete-node",
      "node": {
        "label": "Register",
        "type": "Class"
      },
      "location-before-char-start": 3372,
      "location-before-char-end": 19502,
      "node-str": "Register"
    }
  ],
  "before-file": {},
  "after-file": {},
  "mapping": {}
}