{
  "tool-info": {},
  "diff": [
    {
      "type": "insert-node",
      "node": {
        "label": "",
        "type": "PackageDeclaration"
      },
      "location-after-char-start": 0,
      "location-after-char-end": 24,
      "node-str": ""
    },
    {
      "type": "insert-node",
      "node": {
        "label": "",
        "type": "ImportDeclaration"
      },
      "location-after-char-start": 26,
      "location-after-char-end": 70,
      "node-str": ""
    },
    {
      "type": "insert-node",
      "node": {
        "label": "",
        "type": "ImportDeclaration"
      },
      "location-after-char-start": 71,
      "location-after-char-end": 113,
      "node-str": ""
    },
    {
      "type": "insert-node",
      "node": {
        "label": "",
        "type": "ImportDeclaration"
      },
      "location-after-char-start": 114,
      "location-after-char-end": 150,
      "node-str": ""
    },
    {
      "type": "insert-node",
      "node": {
        "label": "",
        "type": "ImportDeclaration"
      },
      "location-after-char-start": 152,
      "location-after-char-end": 179,
      "node-str": ""
    },
    {
      "type": "insert-node",
      "node": {
        "label": "",
        "type": "ImportDeclaration"
      },
      "location-after-char-start": 180,
      "location-after-char-end": 208,
      "node-str": ""
    },
    {
      "type": "insert-node",
      "node": {
        "label": "",
        "type": "ImportDeclaration"
      },
      "location-after-char-start": 209,
      "location-after-char-end": 231,
      "node-str": ""
    },
    {
      "type": "insert-node",
      "node": {
        "label": "",
        "type": "ImportDeclaration"
      },
      "location-after-char-start": 233,
      "location-after-char-end": 274,
      "node-str": ""
    },
    {
      "type": "insert-node",
      "node": {
        "label": "",
        "type": "ImportDeclaration"
      },
      "location-after-char-start": 275,
      "location-after-char-end": 309,
      "node-str": ""
    },
    {
      "type": "insert-node",
      "node": {
        "label": "",
        "type": "ImportDeclaration"
      },
      "location-after-char-start": 310,
      "location-after-char-end": 334,
      "node-str": ""
    },
    {
      "type": "insert-node",
      "node": {
        "label": "",
        "type": "ImportDeclaration"
      },
      "location-after-char-start": 335,
      "location-after-char-end": 357,
      "node-str": ""
    },
    {
      "type": "insert-node",
      "node": {
        "label": "",
        "type": "ImportDeclaration"
      },
      "location-after-char-start": 358,
      "location-after-char-end": 392,
      "node-str": ""
    },
    {
      "type": "insert-node",
      "node": {
        "label": "",
        "type": "ImportDeclaration"
      },
      "location-after-char-start": 393,
      "location-after-char-end": 424,
      "node-str": ""
    },
    {
      "type": "insert-node",
      "node": {
        "label": "org.junit.tests",
        "type": "QualifiedName"
      },
      "location-after-char-start": 8,
      "location-after-char-end": 23,
      "node-str": "org.junit.tests"
    },
    {
      "type": "insert-node",
      "node": {
        "label": "org.junit.Assert.assertEquals",
        "type": "QualifiedName"
      },
      "location-after-char-start": 40,
      "location-after-char-end": 69,
      "node-str": "org.junit.Assert.assertEquals"
    },
    {
      "type": "insert-node",
      "node": {
        "label": "org.junit.Assert.assertTrue",
        "type": "QualifiedName"
      },
      "location-after-char-start": 85,
      "location-after-char-end": 112,
      "node-str": "org.junit.Assert.assertTrue"
    },
    {
      "type": "insert-node",
      "node": {
        "label": "org.junit.Assert.fail",
        "type": "QualifiedName"
      },
      "location-after-char-start": 128,
      "location-after-char-end": 149,
      "node-str": "org.junit.Assert.fail"
    },
    {
      "type": "insert-node",
      "node": {
        "label": "java.io.PrintWriter",
        "type": "QualifiedName"
      },
      "location-after-char-start": 159,
      "location-after-char-end": 178,
      "node-str": "java.io.PrintWriter"
    },
    {
      "type": "insert-node",
      "node": {
        "label": "java.io.StringWriter",
        "type": "QualifiedName"
      },
      "location-after-char-start": 187,
      "location-after-char-end": 207,
      "node-str": "java.io.StringWriter"
    },
    {
      "type": "insert-node",
      "node": {
        "label": "java.io.Writer",
        "type": "QualifiedName"
      },
      "location-after-char-start": 216,
      "location-after-char-end": 230,
      "node-str": "java.io.Writer"
    },
    {
      "type": "insert-node",
      "node": {
        "label": "junit.framework.JUnit4TestAdapter",
        "type": "QualifiedName"
      },
      "location-after-char-start": 240,
      "location-after-char-end": 273,
      "node-str": "junit.framework.JUnit4TestAdapter"
    },
    {
      "type": "insert-node",
      "node": {
        "label": "junit.framework.TestResult",
        "type": "QualifiedName"
      },
      "location-after-char-start": 282,
      "location-after-char-end": 308,
      "node-str": "junit.framework.TestResult"
    },
    {
      "type": "insert-node",
      "node": {
        "label": "org.junit.Ignore",
        "type": "QualifiedName"
      },
      "location-after-char-start": 317,
      "location-after-char-end": 333,
      "node-str": "org.junit.Ignore"
    },
    {
      "type": "insert-node",
      "node": {
        "label": "org.junit.Test",
        "type": "QualifiedName"
      },
      "location-after-char-start": 342,
      "location-after-char-end": 356,
      "node-str": "org.junit.Test"
    },
    {
      "type": "insert-node",
      "node": {
        "label": "org.junit.runner.JUnitCore",
        "type": "QualifiedName"
      },
      "location-after-char-start": 365,
      "location-after-char-end": 391,
      "node-str": "org.junit.runner.JUnitCore"
    },
    {
      "type": "insert-node",
      "node": {
        "label": "org.junit.runner.Result",
        "type": "QualifiedName"
      },
      "location-after-char-start": 400,
      "location-after-char-end": 423,
      "node-str": "org.junit.runner.Result"
    },
    {
      "type": "insert-node",
      "node": {
        "label": "public",
        "type": "Modifier"
      },
      "location-after-char-start": 426,
      "location-after-char-end": 432,
      "node-str": "public"
    },
    {
      "type": "insert-node",
      "node": {
        "label": "class",
        "type": "TYPE_DECLARATION_KIND"
      },
      "location-after-char-start": 433,
      "location-after-char-end": 438,
      "node-str": "class"
    },
    {
      "type": "insert-node",
      "node": {
        "label": "TimeoutTest",
        "type": "SimpleName"
      },
      "location-after-char-start": 439,
      "location-after-char-end": 450,
      "node-str": "TimeoutTest"
    },
    {
      "type": "insert-node",
      "node": {
        "label": "",
        "type": "MethodDeclaration"
      },
      "location-after-char-start": 3002,
      "location-after-char-end": 3619,
      "node-str": ""
    },
    {
      "type": "insert-node",
      "node": {
        "label": "",
        "type": "SingleMemberAnnotation"
      },
      "location-after-char-start": 3002,
      "location-after-char-end": 3089,
      "node-str": ""
    },
    {
      "type": "insert-node",
      "node": {
        "label": "",
        "type": "MarkerAnnotation"
      },
      "location-after-char-start": 3091,
      "location-after-char-end": 3096,
      "node-str": ""
    },
    {
      "type": "insert-node",
      "node": {
        "label": "public",
        "type": "Modifier"
      },
      "location-after-char-start": 3097,
      "location-after-char-end": 3103,
      "node-str": "public"
    },
    {
      "type": "insert-node",
      "node": {
        "label": "void",
        "type": "PrimitiveType"
      },
      "location-after-char-start": 3104,
      "location-after-char-end": 3108,
      "node-str": "void"
    },
    {
      "type": "insert-node",
      "node": {
        "label": "infiniteLoopRunsForApproximatelyLengthOfTimeout",
        "type": "SimpleName"
      },
      "location-after-char-start": 3109,
      "location-after-char-end": 3156,
      "node-str": "infiniteLoopRunsForApproximatelyLengthOfTimeout"
    },
    {
      "type": "insert-node",
      "node": {
        "label": "",
        "type": "SimpleType"
      },
      "location-after-char-start": 3166,
      "location-after-char-end": 3175,
      "node-str": ""
    },
    {
      "type": "move-subtree",
      "node": {
        "label": "",
        "type": "Block"
      },
      "location-before-char-start": 3088,
      "location-before-char-end": 3323,
      "location-after-char-start": 3176,
      "location-after-char-end": 3619,
      "node-str": ""
    },
    {
      "type": "insert-node",
      "node": {
        "label": "Ignore",
        "type": "SimpleName"
      },
      "location-after-char-start": 3003,
      "location-after-char-end": 3009,
      "node-str": "Ignore"
    },
    {
      "type": "insert-node",
      "node": {
        "label": "\"This breaks sporadically with time differences just slightly more than 200ms\"",
        "type": "StringLiteral"
      },
      "location-after-char-start": 3010,
      "location-after-char-end": 3088,
      "node-str": "\"This breaks sporadically with time differences just slightly more than 200ms\""
    },
    {
      "type": "insert-node",
      "node": {
        "label": "Test",
        "type": "SimpleName"
      },
      "location-after-char-start": 3092,
      "location-after-char-end": 3096,
      "node-str": "Test"
    },
    {
      "type": "insert-node",
      "node": {
        "label": "Exception",
        "type": "SimpleName"
      },
      "location-after-char-start": 3166,
      "location-after-char-end": 3175,
      "node-str": "Exception"
    },
    {
      "type": "insert-node",
      "node": {
        "label": "",
        "type": "ExpressionStatement"
      },
      "location-after-char-start": 3315,
      "location-after-char-end": 3385,
      "node-str": ""
    },
    {
      "type": "insert-node",
      "node": {
        "label": "",
        "type": "MethodInvocation"
      },
      "location-after-char-start": 3315,
      "location-after-char-end": 3384,
      "node-str": ""
    },
    {
      "type": "insert-node",
      "node": {
        "label": "",
        "type": "METHOD_INVOCATION_RECEIVER"
      },
      "location-after-char-start": 3315,
      "location-after-char-end": 3324,
      "node-str": ""
    },
    {
      "type": "insert-node",
      "node": {
        "label": "runClasses",
        "type": "SimpleName"
      },
      "location-after-char-start": 3325,
      "location-after-char-end": 3335,
      "node-str": "runClasses"
    },
    {
      "type": "insert-node",
      "node": {
        "label": "",
        "type": "METHOD_INVOCATION_ARGUMENTS"
      },
      "location-after-char-start": 3336,
      "location-after-char-end": 3383,
      "node-str": ""
    },
    {
      "type": "insert-node",
      "node": {
        "label": "JUnitCore",
        "type": "SimpleName"
      },
      "location-after-char-start": 3315,
      "location-after-char-end": 3324,
      "node-str": "JUnitCore"
    },
    {
      "type": "insert-node",
      "node": {
        "label": "",
        "type": "TypeLiteral"
      },
      "location-after-char-start": 3336,
      "location-after-char-end": 3358,
      "node-str": ""
    },
    {
      "type": "insert-node",
      "node": {
        "label": "",
        "type": "TypeLiteral"
      },
      "location-after-char-start": 3360,
      "location-after-char-end": 3383,
      "node-str": ""
    },
    {
      "type": "insert-node",
      "node": {
        "label": "",
        "type": "SimpleType"
      },
      "location-after-char-start": 3336,
      "location-after-char-end": 3352,
      "node-str": ""
    },
    {
      "type": "insert-node",
      "node": {
        "label": "",
        "type": "SimpleType"
      },
      "location-after-char-start": 3360,
      "location-after-char-end": 3377,
      "node-str": ""
    },
    {
      "type": "insert-node",
      "node": {
        "label": "InfiniteLoopTest",
        "type": "SimpleName"
      },
      "location-after-char-start": 3336,
      "location-after-char-end": 3352,
      "node-str": "InfiniteLoopTest"
    },
    {
      "type": "insert-node",
      "node": {
        "label": "ImpatientLoopTest",
        "type": "SimpleName"
      },
      "location-after-char-start": 3360,
      "location-after-char-end": 3377,
      "node-str": "ImpatientLoopTest"
    },
    {
      "type": "delete-node",
      "node": {
        "label": "org.junit.tests",
        "type": "QualifiedName"
      },
      "location-before-char-start": 8,
      "location-before-char-end": 23,
      "node-str": "org.junit.tests"
    },
    {
      "type": "delete-node",
      "node": {
        "label": "",
        "type": "PackageDeclaration"
      },
      "location-before-char-start": 0,
      "location-before-char-end": 24,
      "node-str": ""
    },
    {
      "type": "delete-node",
      "node": {
        "label": "org.junit.Assert.assertEquals",
        "type": "QualifiedName"
      },
      "location-before-char-start": 40,
      "location-before-char-end": 69,
      "node-str": "org.junit.Assert.assertEquals"
    },
    {
      "type": "delete-node",
      "node": {
        "label": "",
        "type": "ImportDeclaration"
      },
      "location-before-char-start": 26,
      "location-before-char-end": 70,
      "node-str": ""
    },
    {
      "type": "delete-node",
      "node": {
        "label": "org.junit.Assert.assertTrue",
        "type": "QualifiedName"
      },
      "location-before-char-start": 85,
      "location-before-char-end": 112,
      "node-str": "org.junit.Assert.assertTrue"
    },
    {
      "type": "delete-node",
      "node": {
        "label": "",
        "type": "ImportDeclaration"
      },
      "location-before-char-start": 71,
      "location-before-char-end": 113,
      "node-str": ""
    },
    {
      "type": "delete-node",
      "node": {
        "label": "org.junit.Assert.fail",
        "type": "QualifiedName"
      },
      "location-before-char-start": 128,
      "location-before-char-end": 149,
      "node-str": "org.junit.Assert.fail"
    },
    {
      "type": "delete-node",
      "node": {
        "label": "",
        "type": "ImportDeclaration"
      },
      "location-before-char-start": 114,
      "location-before-char-end": 150,
      "node-str": ""
    },
    {
      "type": "delete-node",
      "node": {
        "label": "java.io.PrintWriter",
        "type": "QualifiedName"
      },
      "location-before-char-start": 159,
      "location-before-char-end": 178,
      "node-str": "java.io.PrintWriter"
    },
    {
      "type": "delete-node",
      "node": {
        "label": "",
        "type": "ImportDeclaration"
      },
      "location-before-char-start": 152,
      "location-before-char-end": 179,
      "node-str": ""
    },
    {
      "type": "delete-node",
      "node": {
        "label": "java.io.StringWriter",
        "type": "QualifiedName"
      },
      "location-before-char-start": 187,
      "location-before-char-end": 207,
      "node-str": "java.io.StringWriter"
    },
    {
      "type": "delete-node",
      "node": {
        "label": "",
        "type": "ImportDeclaration"
      },
      "location-before-char-start": 180,
      "location-before-char-end": 208,
      "node-str": ""
    },
    {
      "type": "delete-node",
      "node": {
        "label": "java.io.Writer",
        "type": "QualifiedName"
      },
      "location-before-char-start": 216,
      "location-before-char-end": 230,
      "node-str": "java.io.Writer"
    },
    {
      "type": "delete-node",
      "node": {
        "label": "",
        "type": "ImportDeclaration"
      },
      "location-before-char-start": 209,
      "location-before-char-end": 231,
      "node-str": ""
    },
    {
      "type": "delete-node",
      "node": {
        "label": "junit.framework.JUnit4TestAdapter",
        "type": "QualifiedName"
      },
      "location-before-char-start": 240,
      "location-before-char-end": 273,
      "node-str": "junit.framework.JUnit4TestAdapter"
    },
    {
      "type": "delete-node",
      "node": {
        "label": "",
        "type": "ImportDeclaration"
      },
      "location-before-char-start": 233,
      "location-before-char-end": 274,
      "node-str": ""
    },
    {
      "type": "delete-node",
      "node": {
        "label": "junit.framework.TestResult",
        "type": "QualifiedName"
      },
      "location-before-char-start": 282,
      "location-before-char-end": 308,
      "node-str": "junit.framework.TestResult"
    },
    {
      "type": "delete-node",
      "node": {
        "label": "",
        "type": "ImportDeclaration"
      },
      "location-before-char-start": 275,
      "location-before-char-end": 309,
      "node-str": ""
    },
    {
      "type": "delete-node",
      "node": {
        "label": "org.junit.Ignore",
        "type": "QualifiedName"
      },
      "location-before-char-start": 317,
      "location-before-char-end": 333,
      "node-str": "org.junit.Ignore"
    },
    {
      "type": "delete-node",
      "node": {
        "label": "",
        "type": "ImportDeclaration"
      },
      "location-before-char-start": 310,
      "location-before-char-end": 334,
      "node-str": ""
    },
    {
      "type": "delete-node",
      "node": {
        "label": "org.junit.Test",
        "type": "QualifiedName"
      },
      "location-before-char-start": 342,
      "location-before-char-end": 356,
      "node-str": "org.junit.Test"
    },
    {
      "type": "delete-node",
      "node": {
        "label": "",
        "type": "ImportDeclaration"
      },
      "location-before-char-start": 335,
      "location-before-char-end": 357,
      "node-str": ""
    },
    {
      "type": "delete-node",
      "node": {
        "label": "org.junit.runner.JUnitCore",
        "type": "QualifiedName"
      },
      "location-before-char-start": 365,
      "location-before-char-end": 391,
      "node-str": "org.junit.runner.JUnitCore"
    },
    {
      "type": "delete-node",
      "node": {
        "label": "",
        "type": "ImportDeclaration"
      },
      "location-before-char-start": 358,
      "location-before-char-end": 392,
      "node-str": ""
    },
    {
      "type": "delete-node",
      "node": {
        "label": "org.junit.runner.Result",
        "type": "QualifiedName"
      },
      "location-before-char-start": 400,
      "location-before-char-end": 423,
      "node-str": "org.junit.runner.Result"
    },
    {
      "type": "delete-node",
      "node": {
        "label": "",
        "type": "ImportDeclaration"
      },
      "location-before-char-start": 393,
      "location-before-char-end": 424,
      "node-str": ""
    },
    {
      "type": "delete-node",
      "node": {
        "label": "public",
        "type": "Modifier"
      },
      "location-before-char-start": 426,
      "location-before-char-end": 432,
      "node-str": "public"
    },
    {
      "type": "delete-node",
      "node": {
        "label": "class",
        "type": "TYPE_DECLARATION_KIND"
      },
      "location-before-char-start": 433,
      "location-before-char-end": 438,
      "node-str": "class"
    },
    {
      "type": "delete-node",
      "node": {
        "label": "TimeoutTest",
        "type": "SimpleName"
      },
      "location-before-char-start": 439,
      "location-before-char-end": 450,
      "node-str": "TimeoutTest"
    },
    {
      "type": "delete-node",
      "node": {
        "label": "Test",
        "type": "SimpleName"
      },
      "location-before-char-start": 3004,
      "location-before-char-end": 3008,
      "node-str": "Test"
    },
    {
      "type": "delete-node",
      "node": {
        "label": "",
        "type": "MarkerAnnotation"
      },
      "location-before-char-start": 3003,
      "location-before-char-end": 3008,
      "node-str": ""
    },
    {
      "type": "delete-node",
      "node": {
        "label": "public",
        "type": "Modifier"
      },
      "location-before-char-start": 3009,
      "location-before-char-end": 3015,
      "node-str": "public"
    },
    {
      "type": "delete-node",
      "node": {
        "label": "void",
        "type": "PrimitiveType"
      },
      "location-before-char-start": 3016,
      "location-before-char-end": 3020,
      "node-str": "void"
    },
    {
      "type": "delete-node",
      "node": {
        "label": "infiniteLoopRunsForApproximatelyLengthOfTimeout",
        "type": "SimpleName"
      },
      "location-before-char-start": 3021,
      "location-before-char-end": 3068,
      "node-str": "infiniteLoopRunsForApproximatelyLengthOfTimeout"
    },
    {
      "type": "delete-node",
      "node": {
        "label": "Exception",
        "type": "SimpleName"
      },
      "location-before-char-start": 3078,
      "location-before-char-end": 3087,
      "node-str": "Exception"
    },
    {
      "type": "delete-node",
      "node": {
        "label": "",
        "type": "SimpleType"
      },
      "location-before-char-start": 3078,
      "location-before-char-end": 3087,
      "node-str": ""
    },
    {
      "type": "delete-node",
      "node": {
        "label": "",
        "type": "MethodDeclaration"
      },
      "location-before-char-start": 3003,
      "location-before-char-end": 3323,
      "node-str": ""
    }
  ],
  "before-file": {},
  "after-file": {},
  "mapping": {}
}