{
  "tool-info": {},
  "diff": [
    {
      "type": "insert-node",
      "node": {
        "label": "final",
        "type": "Modifier"
      },
      "location-after-char-start": 0,
      "location-after-char-end": 0,
      "node-str": "final"
    },
    {
      "type": "insert-node",
      "node": {
        "label": "public",
        "type": "Modifier"
      },
      "location-after-char-start": 0,
      "location-after-char-end": 0,
      "node-str": "public"
    },
    {
      "type": "insert-node",
      "node": {
        "label": "",
        "type": "TypeReference"
      },
      "location-after-char-start": 3639,
      "location-after-char-end": 3652,
      "node-str": ""
    },
    {
      "type": "insert-node",
      "node": {
        "label": "categoryViewer",
        "type": "Field"
      },
      "location-after-char-start": 11426,
      "location-after-char-end": 11468,
      "node-str": "categoryViewer"
    },
    {
      "type": "insert-node",
      "node": {
        "label": "dependantViewer",
        "type": "Field"
      },
      "location-after-char-start": 11475,
      "location-after-char-end": 11510,
      "node-str": "dependantViewer"
    },
    {
      "type": "insert-node",
      "node": {
        "label": "descriptionText",
        "type": "Field"
      },
      "location-after-char-start": 11517,
      "location-after-char-end": 11545,
      "node-str": "descriptionText"
    },
    {
      "type": "insert-node",
      "node": {
        "label": "workingCopy",
        "type": "Field"
      },
      "location-after-char-start": 11552,
      "location-after-char-end": 11595,
      "node-str": "workingCopy"
    },
    {
      "type": "insert-node",
      "node": {
        "label": "activityPromptButton",
        "type": "Field"
      },
      "location-after-char-start": 11602,
      "location-after-char-end": 11637,
      "node-str": "activityPromptButton"
    },
    {
      "type": "insert-node",
      "node": {
        "label": "advancedButton",
        "type": "Field"
      },
      "location-after-char-start": 11688,
      "location-after-char-end": 11717,
      "node-str": "advancedButton"
    },
    {
      "type": "insert-node",
      "node": {
        "label": "updateCategoryCheckState",
        "type": "Method"
      },
      "location-after-char-start": 22024,
      "location-after-char-end": 22723,
      "node-str": "updateCategoryCheckState"
    },
    {
      "type": "insert-node",
      "node": {
        "label": "getPartialCategories",
        "type": "Method"
      },
      "location-after-char-start": 22730,
      "location-after-char-end": 22920,
      "node-str": "getPartialCategories"
    },
    {
      "type": "insert-node",
      "node": {
        "label": "org.eclipse.jface.preference.PreferencePage",
        "type": "SUPER_TYPE"
      },
      "location-after-char-start": 0,
      "location-after-char-end": 0,
      "node-str": "org.eclipse.jface.preference.PreferencePage"
    },
    {
      "type": "insert-node",
      "node": {
        "label": "",
        "type": "TypeReference"
      },
      "location-after-char-start": 6419,
      "location-after-char-end": 6431,
      "node-str": ""
    },
    {
      "type": "insert-node",
      "node": {
        "label": "lockDescriptor",
        "type": "Field"
      },
      "location-after-char-start": 6635,
      "location-after-char-end": 6673,
      "node-str": "lockDescriptor"
    },
    {
      "type": "insert-node",
      "node": {
        "label": "decorate",
        "type": "Field"
      },
      "location-after-char-start": 6684,
      "location-after-char-end": 6708,
      "node-str": "decorate"
    },
    {
      "type": "insert-node",
      "node": {
        "label": "activityManagerChanged",
        "type": "Method"
      },
      "location-after-char-start": 9296,
      "location-after-char-end": 9808,
      "node-str": "activityManagerChanged"
    },
    {
      "type": "insert-node",
      "node": {
        "label": "org.eclipse.jface.viewers.CheckboxTableViewer",
        "type": "VARIABLE_TYPE"
      },
      "location-after-char-start": 0,
      "location-after-char-end": 0,
      "node-str": "org.eclipse.jface.viewers.CheckboxTableViewer"
    },
    {
      "type": "insert-node",
      "node": {
        "label": "org.eclipse.jface.viewers.TableViewer",
        "type": "VARIABLE_TYPE"
      },
      "location-after-char-start": 0,
      "location-after-char-end": 0,
      "node-str": "org.eclipse.jface.viewers.TableViewer"
    },
    {
      "type": "insert-node",
      "node": {
        "label": "org.eclipse.swt.widgets.Text",
        "type": "VARIABLE_TYPE"
      },
      "location-after-char-start": 0,
      "location-after-char-end": 0,
      "node-str": "org.eclipse.swt.widgets.Text"
    },
    {
      "type": "insert-node",
      "node": {
        "label": "org.eclipse.ui.activities.IMutableActivityManager",
        "type": "VARIABLE_TYPE"
      },
      "location-after-char-start": 0,
      "location-after-char-end": 0,
      "node-str": "org.eclipse.ui.activities.IMutableActivityManager"
    },
    {
      "type": "insert-node",
      "node": {
        "label": "org.eclipse.swt.widgets.Button",
        "type": "VARIABLE_TYPE"
      },
      "location-after-char-start": 0,
      "location-after-char-end": 0,
      "node-str": "org.eclipse.swt.widgets.Button"
    },
    {
      "type": "insert-node",
      "node": {
        "label": "org.eclipse.swt.widgets.Button",
        "type": "VARIABLE_TYPE"
      },
      "location-after-char-start": 0,
      "location-after-char-end": 0,
      "node-str": "org.eclipse.swt.widgets.Button"
    },
    {
      "type": "insert-node",
      "node": {
        "label": "void",
        "type": "RETURN_TYPE"
      },
      "location-after-char-start": 0,
      "location-after-char-end": 0,
      "node-str": "void"
    },
    {
      "type": "insert-node",
      "node": {
        "label": "parent",
        "type": "Parameter"
      },
      "location-after-char-start": 18787,
      "location-after-char-end": 18802,
      "node-str": "parent"
    },
    {
      "type": "insert-node",
      "node": {
        "label": "updateCategoryCheckState",
        "type": "Invocation"
      },
      "location-after-char-start": 21987,
      "location-after-char-end": 22013,
      "node-str": "updateCategoryCheckState"
    },
    {
      "type": "insert-node",
      "node": {
        "label": "void",
        "type": "RETURN_TYPE"
      },
      "location-after-char-start": 0,
      "location-after-char-end": 0,
      "node-str": "void"
    },
    {
      "type": "insert-node",
      "node": {
        "label": "enabledCategories",
        "type": "LocalVariable"
      },
      "location-after-char-start": 22177,
      "location-after-char-end": 22231,
      "node-str": "enabledCategories"
    },
    {
      "type": "insert-node",
      "node": {
        "label": "partiallyEnabledCategories",
        "type": "LocalVariable"
      },
      "location-after-char-start": 22235,
      "location-after-char-end": 22298,
      "node-str": "partiallyEnabledCategories"
    },
    {
      "type": "insert-node",
      "node": {
        "label": "allChecked",
        "type": "LocalVariable"
      },
      "location-after-char-start": 22302,
      "location-after-char-end": 22400,
      "node-str": "allChecked"
    },
    {
      "type": "insert-node",
      "node": {
        "label": "arraycopy",
        "type": "Invocation"
      },
      "location-after-char-start": 22404,
      "location-after-char-end": 22483,
      "node-str": "arraycopy"
    },
    {
      "type": "insert-node",
      "node": {
        "label": "arraycopy",
        "type": "Invocation"
      },
      "location-after-char-start": 22487,
      "location-after-char-end": 22607,
      "node-str": "arraycopy"
    },
    {
      "type": "insert-node",
      "node": {
        "label": "setCheckedElements",
        "type": "Invocation"
      },
      "location-after-char-start": 22611,
      "location-after-char-end": 22656,
      "node-str": "setCheckedElements"
    },
    {
      "type": "insert-node",
      "node": {
        "label": "setGrayedElements",
        "type": "Invocation"
      },
      "location-after-char-start": 22660,
      "location-after-char-end": 22720,
      "node-str": "setGrayedElements"
    },
    {
      "type": "insert-node",
      "node": {
        "label": "org.eclipse.ui.activities.ICategory[]",
        "type": "RETURN_TYPE"
      },
      "location-after-char-start": 0,
      "location-after-char-end": 0,
      "node-str": "org.eclipse.ui.activities.ICategory[]"
    },
    {
      "type": "insert-node",
      "node": {
        "label": "return",
        "type": "Return"
      },
      "location-after-char-start": 22777,
      "location-after-char-end": 22917,
      "node-str": "return"
    },
    {
      "type": "insert-node",
      "node": {
        "label": "org.eclipse.jface.viewers.LabelProvider",
        "type": "SUPER_TYPE"
      },
      "location-after-char-start": 0,
      "location-after-char-end": 0,
      "node-str": "org.eclipse.jface.viewers.LabelProvider"
    },
    {
      "type": "insert-node",
      "node": {
        "label": "org.eclipse.jface.resource.ImageDescriptor",
        "type": "VARIABLE_TYPE"
      },
      "location-after-char-start": 0,
      "location-after-char-end": 0,
      "node-str": "org.eclipse.jface.resource.ImageDescriptor"
    },
    {
      "type": "insert-node",
      "node": {
        "label": "boolean",
        "type": "VARIABLE_TYPE"
      },
      "location-after-char-start": 0,
      "location-after-char-end": 0,
      "node-str": "boolean"
    },
    {
      "type": "insert-node",
      "node": {
        "label": "void",
        "type": "RETURN_TYPE"
      },
      "location-after-char-start": 0,
      "location-after-char-end": 0,
      "node-str": "void"
    },
    {
      "type": "insert-node",
      "node": {
        "label": "public",
        "type": "Modifier"
      },
      "location-after-char-start": 0,
      "location-after-char-end": 0,
      "node-str": "public"
    },
    {
      "type": "insert-node",
      "node": {
        "label": "activityManagerEvent",
        "type": "Parameter"
      },
      "location-after-char-start": 9546,
      "location-after-char-end": 9586,
      "node-str": "activityManagerEvent"
    },
    {
      "type": "insert-node",
      "node": {
        "label": "if",
        "type": "If"
      },
      "location-after-char-start": 9603,
      "location-after-char-end": 9798,
      "node-str": "if"
    },
    {
      "type": "insert-node",
      "node": {
        "label": "org.eclipse.swt.widgets.Composite",
        "type": "VARIABLE_TYPE"
      },
      "location-after-char-start": 0,
      "location-after-char-end": 0,
      "node-str": "org.eclipse.swt.widgets.Composite"
    },
    {
      "type": "insert-node",
      "node": {
        "label": "org.eclipse.ui.activities.ActivityCategoryPreferencePage",
        "type": "TypeAccess"
      },
      "location-after-char-start": 0,
      "location-after-char-end": 0,
      "node-str": "org.eclipse.ui.activities.ActivityCategoryPreferencePage"
    },
    {
      "type": "insert-node",
      "node": {
        "label": "org.eclipse.ui.activities.ICategory[]",
        "type": "VARIABLE_TYPE"
      },
      "location-after-char-start": 0,
      "location-after-char-end": 0,
      "node-str": "org.eclipse.ui.activities.ICategory[]"
    },
    {
      "type": "insert-node",
      "node": {
        "label": "getEnabledCategories",
        "type": "Invocation"
      },
      "location-after-char-start": 22209,
      "location-after-char-end": 22230,
      "node-str": "getEnabledCategories"
    },
    {
      "type": "insert-node",
      "node": {
        "label": "org.eclipse.ui.activities.ICategory[]",
        "type": "VARIABLE_TYPE"
      },
      "location-after-char-start": 0,
      "location-after-char-end": 0,
      "node-str": "org.eclipse.ui.activities.ICategory[]"
    },
    {
      "type": "insert-node",
      "node": {
        "label": "getPartialCategories",
        "type": "Invocation"
      },
      "location-after-char-start": 22276,
      "location-after-char-end": 22297,
      "node-str": "getPartialCategories"
    },
    {
      "type": "insert-node",
      "node": {
        "label": "java.lang.Object[]",
        "type": "VARIABLE_TYPE"
      },
      "location-after-char-start": 0,
      "location-after-char-end": 0,
      "node-str": "java.lang.Object[]"
    },
    {
      "type": "insert-node",
      "node": {
        "label": "",
        "type": "NewArray"
      },
      "location-after-char-start": 22324,
      "location-after-char-end": 22399,
      "node-str": ""
    },
    {
      "type": "insert-node",
      "node": {
        "label": "java.lang.System",
        "type": "TypeAccess"
      },
      "location-after-char-start": 22404,
      "location-after-char-end": 22409,
      "node-str": "java.lang.System"
    },
    {
      "type": "insert-node",
      "node": {
        "label": "enabledCategories",
        "type": "VariableRead"
      },
      "location-after-char-start": 22421,
      "location-after-char-end": 22437,
      "node-str": "enabledCategories"
    },
    {
      "type": "insert-node",
      "node": {
        "label": "0",
        "type": "Literal"
      },
      "location-after-char-start": 22440,
      "location-after-char-end": 22440,
      "node-str": "0"
    },
    {
      "type": "insert-node",
      "node": {
        "label": "allChecked",
        "type": "VariableRead"
      },
      "location-after-char-start": 22443,
      "location-after-char-end": 22452,
      "node-str": "allChecked"
    },
    {
      "type": "insert-node",
      "node": {
        "label": "0",
        "type": "Literal"
      },
      "location-after-char-start": 22455,
      "location-after-char-end": 22455,
      "node-str": "0"
    },
    {
      "type": "insert-node",
      "node": {
        "label": "length",
        "type": "FieldRead"
      },
      "location-after-char-start": 22458,
      "location-after-char-end": 22481,
      "node-str": "length"
    },
    {
      "type": "insert-node",
      "node": {
        "label": "java.lang.System",
        "type": "TypeAccess"
      },
      "location-after-char-start": 22487,
      "location-after-char-end": 22492,
      "node-str": "java.lang.System"
    },
    {
      "type": "insert-node",
      "node": {
        "label": "partiallyEnabledCategories",
        "type": "VariableRead"
      },
      "location-after-char-start": 22504,
      "location-after-char-end": 22529,
      "node-str": "partiallyEnabledCategories"
    },
    {
      "type": "insert-node",
      "node": {
        "label": "0",
        "type": "Literal"
      },
      "location-after-char-start": 22532,
      "location-after-char-end": 22532,
      "node-str": "0"
    },
    {
      "type": "insert-node",
      "node": {
        "label": "allChecked",
        "type": "VariableRead"
      },
      "location-after-char-start": 22535,
      "location-after-char-end": 22544,
      "node-str": "allChecked"
    },
    {
      "type": "insert-node",
      "node": {
        "label": "length",
        "type": "FieldRead"
      },
      "location-after-char-start": 22547,
      "location-after-char-end": 22570,
      "node-str": "length"
    },
    {
      "type": "insert-node",
      "node": {
        "label": "length",
        "type": "FieldRead"
      },
      "location-after-char-start": 22573,
      "location-after-char-end": 22605,
      "node-str": "length"
    },
    {
      "type": "insert-node",
      "node": {
        "label": "categoryViewer",
        "type": "FieldRead"
      },
      "location-after-char-start": 22611,
      "location-after-char-end": 22624,
      "node-str": "categoryViewer"
    },
    {
      "type": "insert-node",
      "node": {
        "label": "allChecked",
        "type": "VariableRead"
      },
      "location-after-char-start": 22645,
      "location-after-char-end": 22654,
      "node-str": "allChecked"
    },
    {
      "type": "insert-node",
      "node": {
        "label": "categoryViewer",
        "type": "FieldRead"
      },
      "location-after-char-start": 22660,
      "location-after-char-end": 22673,
      "node-str": "categoryViewer"
    },
    {
      "type": "insert-node",
      "node": {
        "label": "partiallyEnabledCategories",
        "type": "VariableRead"
      },
      "location-after-char-start": 22693,
      "location-after-char-end": 22718,
      "node-str": "partiallyEnabledCategories"
    },
    {
      "type": "insert-node",
      "node": {
        "label": "resolveCategories",
        "type": "Invocation"
      },
      "location-after-char-start": 22784,
      "location-after-char-end": 22916,
      "node-str": "resolveCategories"
    },
    {
      "type": "insert-node",
      "node": {
        "label": "org.eclipse.ui.activities.ActivityManagerEvent",
        "type": "VARIABLE_TYPE"
      },
      "location-after-char-start": 0,
      "location-after-char-end": 0,
      "node-str": "org.eclipse.ui.activities.ActivityManagerEvent"
    },
    {
      "type": "insert-node",
      "node": {
        "label": "haveEnabledActivityIdsChanged",
        "type": "Invocation"
      },
      "location-after-char-start": 9607,
      "location-after-char-end": 9658,
      "node-str": "haveEnabledActivityIdsChanged"
    },
    {
      "type": "insert-node",
      "node": {
        "label": "THEN",
        "type": "then"
      },
      "location-after-char-start": 9661,
      "location-after-char-end": 9798,
      "node-str": "THEN"
    },
    {
      "type": "insert-node",
      "node": {
        "label": "org.eclipse.ui.activities.ActivityCategoryPreferencePage",
        "type": "TypeAccess"
      },
      "location-after-char-start": 0,
      "location-after-char-end": 0,
      "node-str": "org.eclipse.ui.activities.ActivityCategoryPreferencePage"
    },
    {
      "type": "insert-node",
      "node": {
        "label": "org.eclipse.ui.activities.ActivityCategoryPreferencePage",
        "type": "TypeAccess"
      },
      "location-after-char-start": 0,
      "location-after-char-end": 0,
      "node-str": "org.eclipse.ui.activities.ActivityCategoryPreferencePage"
    },
    {
      "type": "insert-node",
      "node": {
        "label": "PLUS",
        "type": "BinaryOperator"
      },
      "location-after-char-start": 22335,
      "location-after-char-end": 22398,
      "node-str": "PLUS"
    },
    {
      "type": "insert-node",
      "node": {
        "label": "enabledCategories",
        "type": "VariableRead"
      },
      "location-after-char-start": 22458,
      "location-after-char-end": 22481,
      "node-str": "enabledCategories"
    },
    {
      "type": "insert-node",
      "node": {
        "label": "enabledCategories",
        "type": "VariableRead"
      },
      "location-after-char-start": 22547,
      "location-after-char-end": 22570,
      "node-str": "enabledCategories"
    },
    {
      "type": "insert-node",
      "node": {
        "label": "partiallyEnabledCategories",
        "type": "VariableRead"
      },
      "location-after-char-start": 22573,
      "location-after-char-end": 22605,
      "node-str": "partiallyEnabledCategories"
    },
    {
      "type": "insert-node",
      "node": {
        "label": "org.eclipse.ui.activities.ActivityCategoryPreferencePage",
        "type": "TypeAccess"
      },
      "location-after-char-start": 0,
      "location-after-char-end": 0,
      "node-str": "org.eclipse.ui.activities.ActivityCategoryPreferencePage"
    },
    {
      "type": "insert-node",
      "node": {
        "label": "org.eclipse.ui.activities.ActivityCategoryPreferencePage",
        "type": "TypeAccess"
      },
      "location-after-char-start": 0,
      "location-after-char-end": 0,
      "node-str": "org.eclipse.ui.activities.ActivityCategoryPreferencePage"
    },
    {
      "type": "insert-node",
      "node": {
        "label": "org.eclipse.ui.activities.WorkbenchActivityHelper",
        "type": "TypeAccess"
      },
      "location-after-char-start": 22784,
      "location-after-char-end": 22806,
      "node-str": "org.eclipse.ui.activities.WorkbenchActivityHelper"
    },
    {
      "type": "insert-node",
      "node": {
        "label": "workingCopy",
        "type": "FieldRead"
      },
      "location-after-char-start": 22826,
      "location-after-char-end": 22836,
      "node-str": "workingCopy"
    },
    {
      "type": "insert-node",
      "node": {
        "label": "getPartiallyEnabledCategories",
        "type": "Invocation"
      },
      "location-after-char-start": 22843,
      "location-after-char-end": 22915,
      "node-str": "getPartiallyEnabledCategories"
    },
    {
      "type": "insert-node",
      "node": {
        "label": "activityManagerEvent",
        "type": "VariableRead"
      },
      "location-after-char-start": 9607,
      "location-after-char-end": 9626,
      "node-str": "activityManagerEvent"
    },
    {
      "type": "insert-node",
      "node": {
        "label": "updateCategoryCheckState",
        "type": "Invocation"
      },
      "location-after-char-start": 9679,
      "location-after-char-end": 9705,
      "node-str": "updateCategoryCheckState"
    },
    {
      "type": "move-subtree",
      "node": {
        "label": "fireLabelProviderChanged",
        "type": "Invocation"
      },
      "location-before-char-start": 9754,
      "location-before-char-end": 9815,
      "location-after-char-start": 9723,
      "location-after-char-end": 9784,
      "node-str": "fireLabelProviderChanged"
    },
    {
      "type": "insert-node",
      "node": {
        "label": "length",
        "type": "FieldRead"
      },
      "location-after-char-start": 22335,
      "location-after-char-end": 22358,
      "node-str": "length"
    },
    {
      "type": "insert-node",
      "node": {
        "label": "length",
        "type": "FieldRead"
      },
      "location-after-char-start": 22366,
      "location-after-char-end": 22398,
      "node-str": "length"
    },
    {
      "type": "insert-node",
      "node": {
        "label": "org.eclipse.ui.activities.ActivityCategoryPreferencePage",
        "type": "TypeAccess"
      },
      "location-after-char-start": 0,
      "location-after-char-end": 0,
      "node-str": "org.eclipse.ui.activities.ActivityCategoryPreferencePage"
    },
    {
      "type": "insert-node",
      "node": {
        "label": "org.eclipse.ui.activities.WorkbenchActivityHelper",
        "type": "TypeAccess"
      },
      "location-after-char-start": 22843,
      "location-after-char-end": 22865,
      "node-str": "org.eclipse.ui.activities.WorkbenchActivityHelper"
    },
    {
      "type": "insert-node",
      "node": {
        "label": "workingCopy",
        "type": "FieldRead"
      },
      "location-after-char-start": 22904,
      "location-after-char-end": 22914,
      "node-str": "workingCopy"
    },
    {
      "type": "insert-node",
      "node": {
        "label": "org.eclipse.ui.activities.ActivityCategoryPreferencePage$CategoryLabelProvider",
        "type": "TypeAccess"
      },
      "location-after-char-start": 0,
      "location-after-char-end": 0,
      "node-str": "org.eclipse.ui.activities.ActivityCategoryPreferencePage$CategoryLabelProvider"
    },
    {
      "type": "insert-node",
      "node": {
        "label": "enabledCategories",
        "type": "VariableRead"
      },
      "location-after-char-start": 22335,
      "location-after-char-end": 22358,
      "node-str": "enabledCategories"
    },
    {
      "type": "insert-node",
      "node": {
        "label": "partiallyEnabledCategories",
        "type": "VariableRead"
      },
      "location-after-char-start": 22366,
      "location-after-char-end": 22398,
      "node-str": "partiallyEnabledCategories"
    },
    {
      "type": "insert-node",
      "node": {
        "label": "org.eclipse.ui.activities.ActivityCategoryPreferencePage",
        "type": "TypeAccess"
      },
      "location-after-char-start": 0,
      "location-after-char-end": 0,
      "node-str": "org.eclipse.ui.activities.ActivityCategoryPreferencePage"
    },
    {
      "type": "insert-node",
      "node": {
        "label": "updateCategoryCheckState",
        "type": "Invocation"
      },
      "location-after-char-start": 20397,
      "location-after-char-end": 20423,
      "node-str": "updateCategoryCheckState"
    },
    {
      "type": "insert-node",
      "node": {
        "label": "org.eclipse.ui.activities.ActivityCategoryPreferencePage$4",
        "type": "TypeAccess"
      },
      "location-after-char-start": 0,
      "location-after-char-end": 0,
      "node-str": "org.eclipse.ui.activities.ActivityCategoryPreferencePage$4"
    },
    {
      "type": "delete-node",
      "node": {
        "label": "final",
        "type": "Modifier"
      },
      "location-before-char-start": 0,
      "location-before-char-end": 0,
      "node-str": "final"
    },
    {
      "type": "delete-node",
      "node": {
        "label": "public",
        "type": "Modifier"
      },
      "location-before-char-start": 0,
      "location-before-char-end": 0,
      "node-str": "public"
    },
    {
      "type": "delete-node",
      "node": {
        "label": "org.eclipse.jface.preference.PreferencePage",
        "type": "SUPER_TYPE"
      },
      "location-before-char-start": 0,
      "location-before-char-end": 0,
      "node-str": "org.eclipse.jface.preference.PreferencePage"
    },
    {
      "type": "delete-node",
      "node": {
        "label": "",
        "type": "TypeReference"
      },
      "location-before-char-start": 3639,
      "location-before-char-end": 3652,
      "node-str": ""
    },
    {
      "type": "delete-node",
      "node": {
        "label": "org.eclipse.jface.viewers.LabelProvider",
        "type": "SUPER_TYPE"
      },
      "location-before-char-start": 0,
      "location-before-char-end": 0,
      "node-str": "org.eclipse.jface.viewers.LabelProvider"
    },
    {
      "type": "delete-node",
      "node": {
        "label": "",
        "type": "TypeReference"
      },
      "location-before-char-start": 6419,
      "location-before-char-end": 6431,
      "node-str": ""
    },
    {
      "type": "delete-node",
      "node": {
        "label": "org.eclipse.jface.resource.ImageDescriptor",
        "type": "VARIABLE_TYPE"
      },
      "location-before-char-start": 0,
      "location-before-char-end": 0,
      "node-str": "org.eclipse.jface.resource.ImageDescriptor"
    },
    {
      "type": "delete-node",
      "node": {
        "label": "lockDescriptor",
        "type": "Field"
      },
      "location-before-char-start": 6635,
      "location-before-char-end": 6673,
      "node-str": "lockDescriptor"
    },
    {
      "type": "delete-node",
      "node": {
        "label": "boolean",
        "type": "VARIABLE_TYPE"
      },
      "location-before-char-start": 0,
      "location-before-char-end": 0,
      "node-str": "boolean"
    },
    {
      "type": "delete-node",
      "node": {
        "label": "decorate",
        "type": "Field"
      },
      "location-before-char-start": 6684,
      "location-before-char-end": 6708,
      "node-str": "decorate"
    },
    {
      "type": "delete-node",
      "node": {
        "label": "void",
        "type": "RETURN_TYPE"
      },
      "location-before-char-start": 0,
      "location-before-char-end": 0,
      "node-str": "void"
    },
    {
      "type": "delete-node",
      "node": {
        "label": "public",
        "type": "Modifier"
      },
      "location-before-char-start": 0,
      "location-before-char-end": 0,
      "node-str": "public"
    },
    {
      "type": "delete-node",
      "node": {
        "label": "org.eclipse.ui.activities.ActivityManagerEvent",
        "type": "VARIABLE_TYPE"
      },
      "location-before-char-start": 0,
      "location-before-char-end": 0,
      "node-str": "org.eclipse.ui.activities.ActivityManagerEvent"
    },
    {
      "type": "delete-node",
      "node": {
        "label": "activityManagerEvent",
        "type": "Parameter"
      },
      "location-before-char-start": 9546,
      "location-before-char-end": 9586,
      "node-str": "activityManagerEvent"
    },
    {
      "type": "delete-node",
      "node": {
        "label": "activityManagerEvent",
        "type": "VariableRead"
      },
      "location-before-char-start": 9607,
      "location-before-char-end": 9626,
      "node-str": "activityManagerEvent"
    },
    {
      "type": "delete-node",
      "node": {
        "label": "haveEnabledActivityIdsChanged",
        "type": "Invocation"
      },
      "location-before-char-start": 9607,
      "location-before-char-end": 9658,
      "node-str": "haveEnabledActivityIdsChanged"
    },
    {
      "type": "delete-node",
      "node": {
        "label": "org.eclipse.ui.activities.ActivityCategoryPreferencePage",
        "type": "TypeAccess"
      },
      "location-before-char-start": 0,
      "location-before-char-end": 0,
      "node-str": "org.eclipse.ui.activities.ActivityCategoryPreferencePage"
    },
    {
      "type": "delete-node",
      "node": {
        "label": "categoryViewer",
        "type": "FieldRead"
      },
      "location-before-char-start": 9679,
      "location-before-char-end": 9692,
      "node-str": "categoryViewer"
    },
    {
      "type": "delete-node",
      "node": {
        "label": "org.eclipse.ui.activities.ActivityCategoryPreferencePage$CategoryLabelProvider",
        "type": "TypeAccess"
      },
      "location-before-char-start": 0,
      "location-before-char-end": 0,
      "node-str": "org.eclipse.ui.activities.ActivityCategoryPreferencePage$CategoryLabelProvider"
    },
    {
      "type": "delete-node",
      "node": {
        "label": "getEnabledCategories",
        "type": "Invocation"
      },
      "location-before-char-start": 9713,
      "location-before-char-end": 9734,
      "node-str": "getEnabledCategories"
    },
    {
      "type": "delete-node",
      "node": {
        "label": "setCheckedElements",
        "type": "Invocation"
      },
      "location-before-char-start": 9679,
      "location-before-char-end": 9736,
      "node-str": "setCheckedElements"
    },
    {
      "type": "delete-node",
      "node": {
        "label": "THEN",
        "type": "then"
      },
      "location-before-char-start": 9661,
      "location-before-char-end": 9829,
      "node-str": "THEN"
    },
    {
      "type": "delete-node",
      "node": {
        "label": "if",
        "type": "If"
      },
      "location-before-char-start": 9603,
      "location-before-char-end": 9829,
      "node-str": "if"
    },
    {
      "type": "delete-node",
      "node": {
        "label": "activityManagerChanged",
        "type": "Method"
      },
      "location-before-char-start": 9296,
      "location-before-char-end": 9839,
      "node-str": "activityManagerChanged"
    },
    {
      "type": "delete-node",
      "node": {
        "label": "org.eclipse.jface.viewers.CheckboxTableViewer",
        "type": "VARIABLE_TYPE"
      },
      "location-before-char-start": 0,
      "location-before-char-end": 0,
      "node-str": "org.eclipse.jface.viewers.CheckboxTableViewer"
    },
    {
      "type": "delete-node",
      "node": {
        "label": "categoryViewer",
        "type": "Field"
      },
      "location-before-char-start": 11457,
      "location-before-char-end": 11499,
      "node-str": "categoryViewer"
    },
    {
      "type": "delete-node",
      "node": {
        "label": "org.eclipse.jface.viewers.TableViewer",
        "type": "VARIABLE_TYPE"
      },
      "location-before-char-start": 0,
      "location-before-char-end": 0,
      "node-str": "org.eclipse.jface.viewers.TableViewer"
    },
    {
      "type": "delete-node",
      "node": {
        "label": "dependantViewer",
        "type": "Field"
      },
      "location-before-char-start": 11506,
      "location-before-char-end": 11541,
      "node-str": "dependantViewer"
    },
    {
      "type": "delete-node",
      "node": {
        "label": "org.eclipse.swt.widgets.Text",
        "type": "VARIABLE_TYPE"
      },
      "location-before-char-start": 0,
      "location-before-char-end": 0,
      "node-str": "org.eclipse.swt.widgets.Text"
    },
    {
      "type": "delete-node",
      "node": {
        "label": "descriptionText",
        "type": "Field"
      },
      "location-before-char-start": 11548,
      "location-before-char-end": 11576,
      "node-str": "descriptionText"
    },
    {
      "type": "delete-node",
      "node": {
        "label": "org.eclipse.ui.activities.IMutableActivityManager",
        "type": "VARIABLE_TYPE"
      },
      "location-before-char-start": 0,
      "location-before-char-end": 0,
      "node-str": "org.eclipse.ui.activities.IMutableActivityManager"
    },
    {
      "type": "delete-node",
      "node": {
        "label": "workingCopy",
        "type": "Field"
      },
      "location-before-char-start": 11583,
      "location-before-char-end": 11626,
      "node-str": "workingCopy"
    },
    {
      "type": "delete-node",
      "node": {
        "label": "org.eclipse.swt.widgets.Button",
        "type": "VARIABLE_TYPE"
      },
      "location-before-char-start": 0,
      "location-before-char-end": 0,
      "node-str": "org.eclipse.swt.widgets.Button"
    },
    {
      "type": "delete-node",
      "node": {
        "label": "activityPromptButton",
        "type": "Field"
      },
      "location-before-char-start": 11633,
      "location-before-char-end": 11668,
      "node-str": "activityPromptButton"
    },
    {
      "type": "delete-node",
      "node": {
        "label": "org.eclipse.swt.widgets.Button",
        "type": "VARIABLE_TYPE"
      },
      "location-before-char-start": 0,
      "location-before-char-end": 0,
      "node-str": "org.eclipse.swt.widgets.Button"
    },
    {
      "type": "delete-node",
      "node": {
        "label": "advancedButton",
        "type": "Field"
      },
      "location-before-char-start": 11719,
      "location-before-char-end": 11748,
      "node-str": "advancedButton"
    },
    {
      "type": "delete-node",
      "node": {
        "label": "void",
        "type": "RETURN_TYPE"
      },
      "location-before-char-start": 0,
      "location-before-char-end": 0,
      "node-str": "void"
    },
    {
      "type": "delete-node",
      "node": {
        "label": "org.eclipse.swt.widgets.Composite",
        "type": "VARIABLE_TYPE"
      },
      "location-before-char-start": 0,
      "location-before-char-end": 0,
      "node-str": "org.eclipse.swt.widgets.Composite"
    },
    {
      "type": "delete-node",
      "node": {
        "label": "parent",
        "type": "Parameter"
      },
      "location-before-char-start": 18818,
      "location-before-char-end": 18833,
      "node-str": "parent"
    },
    {
      "type": "delete-node",
      "node": {
        "label": "org.eclipse.ui.activities.ActivityCategoryPreferencePage",
        "type": "TypeAccess"
      },
      "location-before-char-start": 0,
      "location-before-char-end": 0,
      "node-str": "org.eclipse.ui.activities.ActivityCategoryPreferencePage"
    },
    {
      "type": "delete-node",
      "node": {
        "label": "categoryViewer",
        "type": "FieldRead"
      },
      "location-before-char-start": 22247,
      "location-before-char-end": 22260,
      "node-str": "categoryViewer"
    },
    {
      "type": "delete-node",
      "node": {
        "label": "org.eclipse.ui.activities.ActivityCategoryPreferencePage",
        "type": "TypeAccess"
      },
      "location-before-char-start": 0,
      "location-before-char-end": 0,
      "node-str": "org.eclipse.ui.activities.ActivityCategoryPreferencePage"
    },
    {
      "type": "delete-node",
      "node": {
        "label": "getEnabledCategories",
        "type": "Invocation"
      },
      "location-before-char-start": 22281,
      "location-before-char-end": 22302,
      "node-str": "getEnabledCategories"
    },
    {
      "type": "delete-node",
      "node": {
        "label": "setCheckedElements",
        "type": "Invocation"
      },
      "location-before-char-start": 22247,
      "location-before-char-end": 22304,
      "node-str": "setCheckedElements"
    }
  ],
  "before-file": {},
  "after-file": {},
  "mapping": {}
}