{
  "tool-info": {},
  "diff": [
    {
      "type": "insert-node",
      "node": {
        "label": "WorkbenchActivitiesCommandsAndRoles",
        "type": "Class"
      },
      "location-after-char-start": 2283,
      "location-after-char-end": 27740,
      "node-str": "WorkbenchActivitiesCommandsAndRoles"
    },
    {
      "type": "insert-node",
      "node": {
        "label": "public",
        "type": "Modifier"
      },
      "location-after-char-start": 0,
      "location-after-char-end": 0,
      "node-str": "public"
    },
    {
      "type": "move-subtree",
      "node": {
        "label": "OutOfOrderListener",
        "type": "Class"
      },
      "location-before-char-start": 2447,
      "location-before-char-end": 2988,
      "location-after-char-start": 2438,
      "location-after-char-end": 2979,
      "node-str": "OutOfOrderListener"
    },
    {
      "type": "move-subtree",
      "node": {
        "label": "OutOfOrderVerifyListener",
        "type": "Class"
      },
      "location-before-char-start": 2992,
      "location-before-char-end": 3884,
      "location-after-char-start": 2983,
      "location-after-char-end": 3875,
      "node-str": "OutOfOrderVerifyListener"
    },
    {
      "type": "move-subtree",
      "node": {
        "label": "",
        "type": "AnonymousExecutable"
      },
      "location-before-char-start": 3888,
      "location-before-char-end": 3928,
      "location-after-char-start": 3879,
      "location-after-char-end": 3919,
      "node-str": ""
    },
    {
      "type": "move-subtree",
      "node": {
        "label": "OUT_OF_ORDER_KEYS",
        "type": "Field"
      },
      "location-before-char-start": 3932,
      "location-before-char-end": 4084,
      "location-after-char-start": 3923,
      "location-after-char-end": 4075,
      "node-str": "OUT_OF_ORDER_KEYS"
    },
    {
      "type": "move-subtree",
      "node": {
        "label": "outOfOrderKeys",
        "type": "Field"
      },
      "location-before-char-start": 4101,
      "location-before-char-end": 4204,
      "location-after-char-start": 4092,
      "location-after-char-end": 4195,
      "node-str": "outOfOrderKeys"
    },
    {
      "type": "insert-node",
      "node": {
        "label": "generatePossibleKeyStrokes",
        "type": "Method"
      },
      "location-after-char-start": 4199,
      "location-after-char-end": 5267,
      "node-str": "generatePossibleKeyStrokes"
    },
    {
      "type": "move-subtree",
      "node": {
        "label": "initializeOutOfOrderKeys",
        "type": "Method"
      },
      "location-before-char-start": 5280,
      "location-before-char-end": 5984,
      "location-after-char-start": 5271,
      "location-after-char-end": 5975,
      "node-str": "initializeOutOfOrderKeys"
    },
    {
      "type": "move-subtree",
      "node": {
        "label": "isOutOfOrderKey",
        "type": "Method"
      },
      "location-before-char-start": 5988,
      "location-before-char-end": 7068,
      "location-after-char-start": 5979,
      "location-after-char-end": 7059,
      "node-str": "isOutOfOrderKey"
    },
    {
      "type": "insert-node",
      "node": {
        "label": "actionService",
        "type": "Field"
      },
      "location-after-char-start": 7063,
      "location-after-char-end": 7091,
      "node-str": "actionService"
    },
    {
      "type": "move-subtree",
      "node": {
        "label": "actionServiceListener",
        "type": "Field"
      },
      "location-before-char-start": 7104,
      "location-before-char-end": 7314,
      "location-after-char-start": 7095,
      "location-after-char-end": 7305,
      "node-str": "actionServiceListener"
    },
    {
      "type": "move-subtree",
      "node": {
        "label": "activeActivityIds",
        "type": "Field"
      },
      "location-before-char-start": 7318,
      "location-before-char-end": 7355,
      "location-after-char-start": 7309,
      "location-after-char-end": 7346,
      "node-str": "activeActivityIds"
    },
    {
      "type": "insert-node",
      "node": {
        "label": "activeWorkbenchPage",
        "type": "Field"
      },
      "location-after-char-start": 7349,
      "location-after-char-end": 7514,
      "node-str": "activeWorkbenchPage"
    },
    {
      "type": "insert-node",
      "node": {
        "label": "activeWorkbenchPageActionService",
        "type": "Field"
      },
      "location-after-char-start": 7517,
      "location-after-char-end": 7564,
      "node-str": "activeWorkbenchPageActionService"
    },
    {
      "type": "insert-node",
      "node": {
        "label": "activeWorkbenchPageContextActivationService",
        "type": "Field"
      },
      "location-after-char-start": 7567,
      "location-after-char-end": 7636,
      "node-str": "activeWorkbenchPageContextActivationService"
    },
    {
      "type": "insert-node",
      "node": {
        "label": "activeWorkbenchPart",
        "type": "Field"
      },
      "location-after-char-start": 7640,
      "location-after-char-end": 7674,
      "node-str": "activeWorkbenchPart"
    },
    {
      "type": "insert-node",
      "node": {
        "label": "activeWorkbenchPartActionService",
        "type": "Field"
      },
      "location-after-char-start": 7677,
      "location-after-char-end": 7724,
      "node-str": "activeWorkbenchPartActionService"
    },
    {
      "type": "insert-node",
      "node": {
        "label": "activeWorkbenchPartContextActivationService",
        "type": "Field"
      },
      "location-after-char-start": 7727,
      "location-after-char-end": 7796,
      "node-str": "activeWorkbenchPartContextActivationService"
    },
    {
      "type": "insert-node",
      "node": {
        "label": "activeWorkbenchWindow",
        "type": "Field"
      },
      "location-after-char-start": 7800,
      "location-after-char-end": 7838,
      "node-str": "activeWorkbenchWindow"
    },
    {
      "type": "move-subtree",
      "node": {
        "label": "activityManagerListener",
        "type": "Field"
      },
      "location-before-char-start": 7851,
      "location-before-char-end": 8071,
      "location-after-char-start": 7842,
      "location-after-char-end": 8062,
      "node-str": "activityManagerListener"
    },
    {
      "type": "move-subtree",
      "node": {
        "label": "commandManagerListener",
        "type": "Field"
      },
      "location-before-char-start": 8075,
      "location-before-char-end": 8289,
      "location-after-char-start": 8066,
      "location-after-char-end": 8280,
      "node-str": "commandManagerListener"
    },
    {
      "type": "insert-node",
      "node": {
        "label": "contextActivationService",
        "type": "Field"
      },
      "location-after-char-start": 8283,
      "location-after-char-end": 8333,
      "node-str": "contextActivationService"
    },
    {
      "type": "move-subtree",
      "node": {
        "label": "contextActivationServiceListener",
        "type": "Field"
      },
      "location-before-char-start": 8346,
      "location-before-char-end": 8624,
      "location-after-char-start": 8337,
      "location-after-char-end": 8615,
      "node-str": "contextActivationServiceListener"
    },
    {
      "type": "move-subtree",
      "node": {
        "label": "internalPerspectiveListener",
        "type": "Field"
      },
      "location-before-char-start": 8628,
      "location-before-char-end": 9381,
      "location-after-char-start": 8619,
      "location-after-char-end": 9372,
      "node-str": "internalPerspectiveListener"
    },
    {
      "type": "move-subtree",
      "node": {
        "label": "keySequenceBindingFilter",
        "type": "Field"
      },
      "location-before-char-start": 9385,
      "location-before-char-end": 9600,
      "location-after-char-start": 9376,
      "location-after-char-end": 9591,
      "node-str": "keySequenceBindingFilter"
    },
    {
      "type": "move-subtree",
      "node": {
        "label": "mode",
        "type": "Field"
      },
      "location-before-char-start": 9604,
      "location-before-char-end": 9656,
      "location-after-char-start": 9595,
      "location-after-char-end": 9647,
      "node-str": "mode"
    },
    {
      "type": "move-subtree",
      "node": {
        "label": "modeCleaner",
        "type": "Field"
      },
      "location-before-char-start": 9660,
      "location-before-char-end": 9792,
      "location-after-char-start": 9651,
      "location-after-char-end": 9783,
      "node-str": "modeCleaner"
    },
    {
      "type": "move-subtree",
      "node": {
        "label": "outOfOrderListener",
        "type": "Field"
      },
      "location-before-char-start": 9795,
      "location-before-char-end": 9979,
      "location-after-char-start": 9786,
      "location-after-char-end": 9970,
      "node-str": "outOfOrderListener"
    },
    {
      "type": "move-subtree",
      "node": {
        "label": "outOfOrderVerifyListener",
        "type": "Field"
      },
      "location-before-char-start": 9982,
      "location-before-char-end": 10224,
      "location-after-char-start": 9973,
      "location-after-char-end": 10215,
      "node-str": "outOfOrderVerifyListener"
    },
    {
      "type": "move-subtree",
      "node": {
        "label": "pageListener",
        "type": "Field"
      },
      "location-before-char-start": 10228,
      "location-before-char-end": 10616,
      "location-after-char-start": 10219,
      "location-after-char-end": 10607,
      "node-str": "pageListener"
    },
    {
      "type": "move-subtree",
      "node": {
        "label": "partListener",
        "type": "Field"
      },
      "location-before-char-start": 10620,
      "location-before-char-end": 11237,
      "location-after-char-start": 10611,
      "location-after-char-end": 11228,
      "node-str": "partListener"
    },
    {
      "type": "move-subtree",
      "node": {
        "label": "windowListener",
        "type": "Field"
      },
      "location-before-char-start": 11241,
      "location-before-char-end": 11955,
      "location-after-char-start": 11232,
      "location-after-char-end": 11946,
      "node-str": "windowListener"
    },
    {
      "type": "insert-node",
      "node": {
        "label": "workbench",
        "type": "Field"
      },
      "location-after-char-start": 11950,
      "location-after-char-end": 11969,
      "node-str": "workbench"
    },
    {
      "type": "move-subtree",
      "node": {
        "label": "\u003cinit\u003e",
        "type": "Constructor"
      },
      "location-before-char-start": 11982,
      "location-before-char-end": 12072,
      "location-after-char-start": 11973,
      "location-after-char-end": 12063,
      "node-str": "\u003cinit\u003e"
    },
    {
      "type": "move-subtree",
      "node": {
        "label": "filterKeySequenceBindings",
        "type": "Method"
      },
      "location-before-char-start": 12076,
      "location-before-char-end": 14190,
      "location-after-char-start": 12067,
      "location-after-char-end": 14181,
      "node-str": "filterKeySequenceBindings"
    },
    {
      "type": "move-subtree",
      "node": {
        "label": "getActionService",
        "type": "Method"
      },
      "location-before-char-start": 14194,
      "location-before-char-end": 14404,
      "location-after-char-start": 14185,
      "location-after-char-end": 14395,
      "node-str": "getActionService"
    },
    {
      "type": "move-subtree",
      "node": {
        "label": "getContextActivationService",
        "type": "Method"
      },
      "location-before-char-start": 14408,
      "location-before-char-end": 14722,
      "location-after-char-start": 14399,
      "location-after-char-end": 14713,
      "node-str": "getContextActivationService"
    },
    {
      "type": "move-subtree",
      "node": {
        "label": "getMode",
        "type": "Method"
      },
      "location-before-char-start": 14726,
      "location-before-char-end": 14774,
      "location-after-char-start": 14717,
      "location-after-char-end": 14765,
      "node-str": "getMode"
    },
    {
      "type": "move-subtree",
      "node": {
        "label": "getPerfectMatch",
        "type": "Method"
      },
      "location-before-char-start": 14778,
      "location-before-char-end": 14906,
      "location-after-char-start": 14769,
      "location-after-char-end": 14897,
      "node-str": "getPerfectMatch"
    },
    {
      "type": "move-subtree",
      "node": {
        "label": "isPartialMatch",
        "type": "Method"
      },
      "location-before-char-start": 14910,
      "location-before-char-end": 15037,
      "location-after-char-start": 14901,
      "location-after-char-end": 15028,
      "node-str": "isPartialMatch"
    },
    {
      "type": "move-subtree",
      "node": {
        "label": "isPerfectMatch",
        "type": "Method"
      },
      "location-before-char-start": 15041,
      "location-before-char-end": 15168,
      "location-after-char-start": 15032,
      "location-after-char-end": 15159,
      "node-str": "isPerfectMatch"
    },
    {
      "type": "move-subtree",
      "node": {
        "label": "press",
        "type": "Method"
      },
      "location-before-char-start": 15172,
      "location-before-char-end": 17122,
      "location-after-char-start": 15163,
      "location-after-char-end": 17113,
      "node-str": "press"
    },
    {
      "type": "move-subtree",
      "node": {
        "label": "processKeyEvent",
        "type": "Method"
      },
      "location-before-char-start": 17126,
      "location-before-char-end": 17891,
      "location-after-char-start": 17117,
      "location-after-char-end": 17882,
      "node-str": "processKeyEvent"
    },
    {
      "type": "move-subtree",
      "node": {
        "label": "setMode",
        "type": "Method"
      },
      "location-before-char-start": 17895,
      "location-before-char-end": 18042,
      "location-after-char-start": 17886,
      "location-after-char-end": 18033,
      "node-str": "setMode"
    },
    {
      "type": "move-subtree",
      "node": {
        "label": "updateActiveActivityIds",
        "type": "Method"
      },
      "location-before-char-start": 18046,
      "location-before-char-end": 18160,
      "location-after-char-start": 18037,
      "location-after-char-end": 18151,
      "node-str": "updateActiveActivityIds"
    },
    {
      "type": "move-subtree",
      "node": {
        "label": "updateActiveCommandIdsAndActiveActivityIds",
        "type": "Method"
      },
      "location-before-char-start": 18164,
      "location-before-char-end": 26432,
      "location-after-char-start": 18155,
      "location-after-char-end": 26423,
      "node-str": "updateActiveCommandIdsAndActiveActivityIds"
    },
    {
      "type": "move-subtree",
      "node": {
        "label": "updateActiveWorkbenchWindowMenuManager",
        "type": "Method"
      },
      "location-before-char-start": 26436,
      "location-before-char-end": 26744,
      "location-after-char-start": 26427,
      "location-after-char-end": 26735,
      "node-str": "updateActiveWorkbenchWindowMenuManager"
    },
    {
      "type": "move-subtree",
      "node": {
        "label": "updateModeLine",
        "type": "Method"
      },
      "location-before-char-start": 26748,
      "location-before-char-end": 27376,
      "location-after-char-start": 26739,
      "location-after-char-end": 27367,
      "node-str": "updateModeLine"
    },
    {
      "type": "move-subtree",
      "node": {
        "label": "updateModeStatusLines",
        "type": "Method"
      },
      "location-before-char-start": 27380,
      "location-before-char-end": 27747,
      "location-after-char-start": 27371,
      "location-after-char-end": 27738,
      "node-str": "updateModeStatusLines"
    },
    {
      "type": "insert-node",
      "node": {
        "label": "java.util.List",
        "type": "RETURN_TYPE"
      },
      "location-after-char-start": 0,
      "location-after-char-end": 0,
      "node-str": "java.util.List"
    },
    {
      "type": "insert-node",
      "node": {
        "label": "public",
        "type": "Modifier"
      },
      "location-after-char-start": 0,
      "location-after-char-end": 0,
      "node-str": "public"
    },
    {
      "type": "insert-node",
      "node": {
        "label": "static",
        "type": "Modifier"
      },
      "location-after-char-start": 0,
      "location-after-char-end": 0,
      "node-str": "static"
    },
    {
      "type": "insert-node",
      "node": {
        "label": "event",
        "type": "Parameter"
      },
      "location-after-char-start": 4652,
      "location-after-char-end": 4662,
      "node-str": "event"
    },
    {
      "type": "move-subtree",
      "node": {
        "label": "keyStrokes",
        "type": "LocalVariable"
      },
      "location-before-char-start": 4678,
      "location-before-char-end": 4711,
      "location-after-char-start": 4669,
      "location-after-char-end": 4702,
      "node-str": "keyStrokes"
    },
    {
      "type": "insert-node",
      "node": {
        "label": "keyStroke",
        "type": "LocalVariable"
      },
      "location-after-char-start": 4706,
      "location-after-char-end": 4725,
      "node-str": "keyStroke"
    },
    {
      "type": "insert-node",
      "node": {
        "label": "add",
        "type": "Invocation"
      },
      "location-after-char-start": 4730,
      "location-after-char-end": 4850,
      "node-str": "add"
    },
    {
      "type": "insert-node",
      "node": {
        "label": "\u003d",
        "type": "Assignment"
      },
      "location-after-char-start": 4854,
      "location-after-char-end": 4976,
      "node-str": "\u003d"
    },
    {
      "type": "move-subtree",
      "node": {
        "label": "if",
        "type": "If"
      },
      "location-before-char-start": 4989,
      "location-before-char-end": 5060,
      "location-after-char-start": 4980,
      "location-after-char-end": 5051,
      "node-str": "if"
    },
    {
      "type": "insert-node",
      "node": {
        "label": "\u003d",
        "type": "Assignment"
      },
      "location-after-char-start": 5055,
      "location-after-char-end": 5168,
      "node-str": "\u003d"
    },
    {
      "type": "move-subtree",
      "node": {
        "label": "if",
        "type": "If"
      },
      "location-before-char-start": 5181,
      "location-before-char-end": 5252,
      "location-after-char-start": 5172,
      "location-after-char-end": 5243,
      "node-str": "if"
    },
    {
      "type": "insert-node",
      "node": {
        "label": "return",
        "type": "Return"
      },
      "location-after-char-start": 5247,
      "location-after-char-end": 5264,
      "node-str": "return"
    },
    {
      "type": "insert-node",
      "node": {
        "label": "org.eclipse.ui.commands.IActionService",
        "type": "VARIABLE_TYPE"
      },
      "location-after-char-start": 0,
      "location-after-char-end": 0,
      "node-str": "org.eclipse.ui.commands.IActionService"
    },
    {
      "type": "insert-node",
      "node": {
        "label": "org.eclipse.ui.IWorkbenchPage",
        "type": "VARIABLE_TYPE"
      },
      "location-after-char-start": 0,
      "location-after-char-end": 0,
      "node-str": "org.eclipse.ui.IWorkbenchPage"
    },
    {
      "type": "insert-node",
      "node": {
        "label": "org.eclipse.ui.commands.IActionService",
        "type": "VARIABLE_TYPE"
      },
      "location-after-char-start": 0,
      "location-after-char-end": 0,
      "node-str": "org.eclipse.ui.commands.IActionService"
    },
    {
      "type": "insert-node",
      "node": {
        "label": "org.eclipse.ui.contexts.IContextActivationService",
        "type": "VARIABLE_TYPE"
      },
      "location-after-char-start": 0,
      "location-after-char-end": 0,
      "node-str": "org.eclipse.ui.contexts.IContextActivationService"
    },
    {
      "type": "insert-node",
      "node": {
        "label": "org.eclipse.ui.IWorkbenchPart",
        "type": "VARIABLE_TYPE"
      },
      "location-after-char-start": 0,
      "location-after-char-end": 0,
      "node-str": "org.eclipse.ui.IWorkbenchPart"
    },
    {
      "type": "insert-node",
      "node": {
        "label": "org.eclipse.ui.commands.IActionService",
        "type": "VARIABLE_TYPE"
      },
      "location-after-char-start": 0,
      "location-after-char-end": 0,
      "node-str": "org.eclipse.ui.commands.IActionService"
    },
    {
      "type": "insert-node",
      "node": {
        "label": "org.eclipse.ui.contexts.IContextActivationService",
        "type": "VARIABLE_TYPE"
      },
      "location-after-char-start": 0,
      "location-after-char-end": 0,
      "node-str": "org.eclipse.ui.contexts.IContextActivationService"
    },
    {
      "type": "insert-node",
      "node": {
        "label": "org.eclipse.ui.IWorkbenchWindow",
        "type": "VARIABLE_TYPE"
      },
      "location-after-char-start": 0,
      "location-after-char-end": 0,
      "node-str": "org.eclipse.ui.IWorkbenchWindow"
    },
    {
      "type": "insert-node",
      "node": {
        "label": "org.eclipse.ui.contexts.IContextActivationService",
        "type": "VARIABLE_TYPE"
      },
      "location-after-char-start": 0,
      "location-after-char-end": 0,
      "node-str": "org.eclipse.ui.contexts.IContextActivationService"
    },
    {
      "type": "insert-node",
      "node": {
        "label": "org.eclipse.ui.internal.Workbench",
        "type": "VARIABLE_TYPE"
      },
      "location-after-char-start": 0,
      "location-after-char-end": 0,
      "node-str": "org.eclipse.ui.internal.Workbench"
    },
    {
      "type": "insert-node",
      "node": {
        "label": "org.eclipse.swt.widgets.Event",
        "type": "VARIABLE_TYPE"
      },
      "location-after-char-start": 0,
      "location-after-char-end": 0,
      "node-str": "org.eclipse.swt.widgets.Event"
    },
    {
      "type": "insert-node",
      "node": {
        "label": "org.eclipse.ui.keys.KeyStroke",
        "type": "VARIABLE_TYPE"
      },
      "location-after-char-start": 0,
      "location-after-char-end": 0,
      "node-str": "org.eclipse.ui.keys.KeyStroke"
    },
    {
      "type": "insert-node",
      "node": {
        "label": "keyStrokes",
        "type": "VariableRead"
      },
      "location-after-char-start": 4730,
      "location-after-char-end": 4739,
      "node-str": "keyStrokes"
    },
    {
      "type": "insert-node",
      "node": {
        "label": "convertAcceleratorToKeyStroke",
        "type": "Invocation"
      },
      "location-after-char-start": 4749,
      "location-after-char-end": 4848,
      "node-str": "convertAcceleratorToKeyStroke"
    },
    {
      "type": "insert-node",
      "node": {
        "label": "keyStroke",
        "type": "VariableWrite"
      },
      "location-after-char-start": 4854,
      "location-after-char-end": 4862,
      "node-str": "keyStroke"
    },
    {
      "type": "insert-node",
      "node": {
        "label": "convertAcceleratorToKeyStroke",
        "type": "Invocation"
      },
      "location-after-char-start": 4869,
      "location-after-char-end": 4975,
      "node-str": "convertAcceleratorToKeyStroke"
    },
    {
      "type": "insert-node",
      "node": {
        "label": "keyStroke",
        "type": "VariableWrite"
      },
      "location-after-char-start": 5055,
      "location-after-char-end": 5063,
      "node-str": "keyStroke"
    },
    {
      "type": "insert-node",
      "node": {
        "label": "convertAcceleratorToKeyStroke",
        "type": "Invocation"
      },
      "location-after-char-start": 5070,
      "location-after-char-end": 5167,
      "node-str": "convertAcceleratorToKeyStroke"
    },
    {
      "type": "insert-node",
      "node": {
        "label": "keyStrokes",
        "type": "VariableRead"
      },
      "location-after-char-start": 5254,
      "location-after-char-end": 5263,
      "node-str": "keyStrokes"
    },
    {
      "type": "insert-node",
      "node": {
        "label": "org.eclipse.ui.keys.KeySupport",
        "type": "TypeAccess"
      },
      "location-after-char-start": 4749,
      "location-after-char-end": 4758,
      "node-str": "org.eclipse.ui.keys.KeySupport"
    },
    {
      "type": "insert-node",
      "node": {
        "label": "convertEventToUnmodifiedAccelerator",
        "type": "Invocation"
      },
      "location-after-char-start": 4795,
      "location-after-char-end": 4847,
      "node-str": "convertEventToUnmodifiedAccelerator"
    },
    {
      "type": "insert-node",
      "node": {
        "label": "org.eclipse.ui.keys.KeySupport",
        "type": "TypeAccess"
      },
      "location-after-char-start": 4869,
      "location-after-char-end": 4878,
      "node-str": "org.eclipse.ui.keys.KeySupport"
    },
    {
      "type": "insert-node",
      "node": {
        "label": "convertEventToUnshiftedModifiedAccelerator",
        "type": "Invocation"
      },
      "location-after-char-start": 4915,
      "location-after-char-end": 4974,
      "node-str": "convertEventToUnshiftedModifiedAccelerator"
    },
    {
      "type": "insert-node",
      "node": {
        "label": "org.eclipse.ui.keys.KeySupport",
        "type": "TypeAccess"
      },
      "location-after-char-start": 5070,
      "location-after-char-end": 5079,
      "node-str": "org.eclipse.ui.keys.KeySupport"
    },
    {
      "type": "insert-node",
      "node": {
        "label": "convertEventToModifiedAccelerator",
        "type": "Invocation"
      },
      "location-after-char-start": 5116,
      "location-after-char-end": 5166,
      "node-str": "convertEventToModifiedAccelerator"
    },
    {
      "type": "insert-node",
      "node": {
        "label": "org.eclipse.ui.keys.KeySupport",
        "type": "TypeAccess"
      },
      "location-after-char-start": 4795,
      "location-after-char-end": 4804,
      "node-str": "org.eclipse.ui.keys.KeySupport"
    },
    {
      "type": "insert-node",
      "node": {
        "label": "event",
        "type": "VariableRead"
      },
      "location-after-char-start": 4842,
      "location-after-char-end": 4846,
      "node-str": "event"
    },
    {
      "type": "insert-node",
      "node": {
        "label": "org.eclipse.ui.keys.KeySupport",
        "type": "TypeAccess"
      },
      "location-after-char-start": 4915,
      "location-after-char-end": 4924,
      "node-str": "org.eclipse.ui.keys.KeySupport"
    },
    {
      "type": "insert-node",
      "node": {
        "label": "event",
        "type": "VariableRead"
      },
      "location-after-char-start": 4969,
      "location-after-char-end": 4973,
      "node-str": "event"
    },
    {
      "type": "insert-node",
      "node": {
        "label": "org.eclipse.ui.keys.KeySupport",
        "type": "TypeAccess"
      },
      "location-after-char-start": 5116,
      "location-after-char-end": 5125,
      "node-str": "org.eclipse.ui.keys.KeySupport"
    },
    {
      "type": "insert-node",
      "node": {
        "label": "event",
        "type": "VariableRead"
      },
      "location-after-char-start": 5161,
      "location-after-char-end": 5165,
      "node-str": "event"
    },
    {
      "type": "delete-node",
      "node": {
        "label": "public",
        "type": "Modifier"
      },
      "location-before-char-start": 0,
      "location-before-char-end": 0,
      "node-str": "public"
    },
    {
      "type": "delete-node",
      "node": {
        "label": "java.util.List",
        "type": "RETURN_TYPE"
      },
      "location-before-char-start": 0,
      "location-before-char-end": 0,
      "node-str": "java.util.List"
    },
    {
      "type": "delete-node",
      "node": {
        "label": "public",
        "type": "Modifier"
      },
      "location-before-char-start": 0,
      "location-before-char-end": 0,
      "node-str": "public"
    },
    {
      "type": "delete-node",
      "node": {
        "label": "static",
        "type": "Modifier"
      },
      "location-before-char-start": 0,
      "location-before-char-end": 0,
      "node-str": "static"
    },
    {
      "type": "delete-node",
      "node": {
        "label": "org.eclipse.swt.widgets.Event",
        "type": "VARIABLE_TYPE"
      },
      "location-before-char-start": 0,
      "location-before-char-end": 0,
      "node-str": "org.eclipse.swt.widgets.Event"
    },
    {
      "type": "delete-node",
      "node": {
        "label": "event",
        "type": "Parameter"
      },
      "location-before-char-start": 4661,
      "location-before-char-end": 4671,
      "node-str": "event"
    },
    {
      "type": "delete-node",
      "node": {
        "label": "org.eclipse.ui.keys.KeyStroke",
        "type": "VARIABLE_TYPE"
      },
      "location-before-char-start": 0,
      "location-before-char-end": 0,
      "node-str": "org.eclipse.ui.keys.KeyStroke"
    },
    {
      "type": "delete-node",
      "node": {
        "label": "keyStroke",
        "type": "LocalVariable"
      },
      "location-before-char-start": 4715,
      "location-before-char-end": 4734,
      "node-str": "keyStroke"
    },
    {
      "type": "delete-node",
      "node": {
        "label": "keyStrokes",
        "type": "VariableRead"
      },
      "location-before-char-start": 4739,
      "location-before-char-end": 4748,
      "node-str": "keyStrokes"
    },
    {
      "type": "delete-node",
      "node": {
        "label": "org.eclipse.ui.internal.keys.KeySupport",
        "type": "TypeAccess"
      },
      "location-before-char-start": 4758,
      "location-before-char-end": 4767,
      "node-str": "org.eclipse.ui.internal.keys.KeySupport"
    },
    {
      "type": "delete-node",
      "node": {
        "label": "org.eclipse.ui.internal.keys.KeySupport",
        "type": "TypeAccess"
      },
      "location-before-char-start": 4804,
      "location-before-char-end": 4813,
      "node-str": "org.eclipse.ui.internal.keys.KeySupport"
    },
    {
      "type": "delete-node",
      "node": {
        "label": "event",
        "type": "VariableRead"
      },
      "location-before-char-start": 4851,
      "location-before-char-end": 4855,
      "node-str": "event"
    },
    {
      "type": "delete-node",
      "node": {
        "label": "convertEventToUnmodifiedAccelerator",
        "type": "Invocation"
      },
      "location-before-char-start": 4804,
      "location-before-char-end": 4856,
      "node-str": "convertEventToUnmodifiedAccelerator"
    },
    {
      "type": "delete-node",
      "node": {
        "label": "convertAcceleratorToKeyStroke",
        "type": "Invocation"
      },
      "location-before-char-start": 4758,
      "location-before-char-end": 4857,
      "node-str": "convertAcceleratorToKeyStroke"
    },
    {
      "type": "delete-node",
      "node": {
        "label": "add",
        "type": "Invocation"
      },
      "location-before-char-start": 4739,
      "location-before-char-end": 4859,
      "node-str": "add"
    },
    {
      "type": "delete-node",
      "node": {
        "label": "keyStroke",
        "type": "VariableWrite"
      },
      "location-before-char-start": 4863,
      "location-before-char-end": 4871,
      "node-str": "keyStroke"
    },
    {
      "type": "delete-node",
      "node": {
        "label": "org.eclipse.ui.internal.keys.KeySupport",
        "type": "TypeAccess"
      },
      "location-before-char-start": 4878,
      "location-before-char-end": 4887,
      "node-str": "org.eclipse.ui.internal.keys.KeySupport"
    },
    {
      "type": "delete-node",
      "node": {
        "label": "org.eclipse.ui.internal.keys.KeySupport",
        "type": "TypeAccess"
      },
      "location-before-char-start": 4924,
      "location-before-char-end": 4933,
      "node-str": "org.eclipse.ui.internal.keys.KeySupport"
    },
    {
      "type": "delete-node",
      "node": {
        "label": "event",
        "type": "VariableRead"
      },
      "location-before-char-start": 4978,
      "location-before-char-end": 4982,
      "node-str": "event"
    },
    {
      "type": "delete-node",
      "node": {
        "label": "convertEventToUnshiftedModifiedAccelerator",
        "type": "Invocation"
      },
      "location-before-char-start": 4924,
      "location-before-char-end": 4983,
      "node-str": "convertEventToUnshiftedModifiedAccelerator"
    },
    {
      "type": "delete-node",
      "node": {
        "label": "convertAcceleratorToKeyStroke",
        "type": "Invocation"
      },
      "location-before-char-start": 4878,
      "location-before-char-end": 4984,
      "node-str": "convertAcceleratorToKeyStroke"
    },
    {
      "type": "delete-node",
      "node": {
        "label": "\u003d",
        "type": "Assignment"
      },
      "location-before-char-start": 4863,
      "location-before-char-end": 4985,
      "node-str": "\u003d"
    },
    {
      "type": "delete-node",
      "node": {
        "label": "keyStroke",
        "type": "VariableWrite"
      },
      "location-before-char-start": 5064,
      "location-before-char-end": 5072,
      "node-str": "keyStroke"
    },
    {
      "type": "delete-node",
      "node": {
        "label": "org.eclipse.ui.internal.keys.KeySupport",
        "type": "TypeAccess"
      },
      "location-before-char-start": 5079,
      "location-before-char-end": 5088,
      "node-str": "org.eclipse.ui.internal.keys.KeySupport"
    },
    {
      "type": "delete-node",
      "node": {
        "label": "org.eclipse.ui.internal.keys.KeySupport",
        "type": "TypeAccess"
      },
      "location-before-char-start": 5125,
      "location-before-char-end": 5134,
      "node-str": "org.eclipse.ui.internal.keys.KeySupport"
    },
    {
      "type": "delete-node",
      "node": {
        "label": "event",
        "type": "VariableRead"
      },
      "location-before-char-start": 5170,
      "location-before-char-end": 5174,
      "node-str": "event"
    },
    {
      "type": "delete-node",
      "node": {
        "label": "convertEventToModifiedAccelerator",
        "type": "Invocation"
      },
      "location-before-char-start": 5125,
      "location-before-char-end": 5175,
      "node-str": "convertEventToModifiedAccelerator"
    },
    {
      "type": "delete-node",
      "node": {
        "label": "convertAcceleratorToKeyStroke",
        "type": "Invocation"
      },
      "location-before-char-start": 5079,
      "location-before-char-end": 5176,
      "node-str": "convertAcceleratorToKeyStroke"
    },
    {
      "type": "delete-node",
      "node": {
        "label": "\u003d",
        "type": "Assignment"
      },
      "location-before-char-start": 5064,
      "location-before-char-end": 5177,
      "node-str": "\u003d"
    },
    {
      "type": "delete-node",
      "node": {
        "label": "keyStrokes",
        "type": "VariableRead"
      },
      "location-before-char-start": 5263,
      "location-before-char-end": 5272,
      "node-str": "keyStrokes"
    },
    {
      "type": "delete-node",
      "node": {
        "label": "return",
        "type": "Return"
      },
      "location-before-char-start": 5256,
      "location-before-char-end": 5273,
      "node-str": "return"
    },
    {
      "type": "delete-node",
      "node": {
        "label": "generatePossibleKeyStrokes",
        "type": "Method"
      },
      "location-before-char-start": 4208,
      "location-before-char-end": 5276,
      "node-str": "generatePossibleKeyStrokes"
    },
    {
      "type": "delete-node",
      "node": {
        "label": "org.eclipse.ui.commands.IActionService",
        "type": "VARIABLE_TYPE"
      },
      "location-before-char-start": 0,
      "location-before-char-end": 0,
      "node-str": "org.eclipse.ui.commands.IActionService"
    },
    {
      "type": "delete-node",
      "node": {
        "label": "actionService",
        "type": "Field"
      },
      "location-before-char-start": 7072,
      "location-before-char-end": 7100,
      "node-str": "actionService"
    },
    {
      "type": "delete-node",
      "node": {
        "label": "org.eclipse.ui.IWorkbenchPage",
        "type": "VARIABLE_TYPE"
      },
      "location-before-char-start": 0,
      "location-before-char-end": 0,
      "node-str": "org.eclipse.ui.IWorkbenchPage"
    },
    {
      "type": "delete-node",
      "node": {
        "label": "activeWorkbenchPage",
        "type": "Field"
      },
      "location-before-char-start": 7358,
      "location-before-char-end": 7523,
      "node-str": "activeWorkbenchPage"
    },
    {
      "type": "delete-node",
      "node": {
        "label": "org.eclipse.ui.commands.IActionService",
        "type": "VARIABLE_TYPE"
      },
      "location-before-char-start": 0,
      "location-before-char-end": 0,
      "node-str": "org.eclipse.ui.commands.IActionService"
    },
    {
      "type": "delete-node",
      "node": {
        "label": "activeWorkbenchPageActionService",
        "type": "Field"
      },
      "location-before-char-start": 7526,
      "location-before-char-end": 7573,
      "node-str": "activeWorkbenchPageActionService"
    },
    {
      "type": "delete-node",
      "node": {
        "label": "org.eclipse.ui.contexts.IContextActivationService",
        "type": "VARIABLE_TYPE"
      },
      "location-before-char-start": 0,
      "location-before-char-end": 0,
      "node-str": "org.eclipse.ui.contexts.IContextActivationService"
    },
    {
      "type": "delete-node",
      "node": {
        "label": "activeWorkbenchPageContextActivationService",
        "type": "Field"
      },
      "location-before-char-start": 7576,
      "location-before-char-end": 7645,
      "node-str": "activeWorkbenchPageContextActivationService"
    },
    {
      "type": "delete-node",
      "node": {
        "label": "org.eclipse.ui.IWorkbenchPart",
        "type": "VARIABLE_TYPE"
      },
      "location-before-char-start": 0,
      "location-before-char-end": 0,
      "node-str": "org.eclipse.ui.IWorkbenchPart"
    },
    {
      "type": "delete-node",
      "node": {
        "label": "activeWorkbenchPart",
        "type": "Field"
      },
      "location-before-char-start": 7649,
      "location-before-char-end": 7683,
      "node-str": "activeWorkbenchPart"
    },
    {
      "type": "delete-node",
      "node": {
        "label": "org.eclipse.ui.commands.IActionService",
        "type": "VARIABLE_TYPE"
      },
      "location-before-char-start": 0,
      "location-before-char-end": 0,
      "node-str": "org.eclipse.ui.commands.IActionService"
    },
    {
      "type": "delete-node",
      "node": {
        "label": "activeWorkbenchPartActionService",
        "type": "Field"
      },
      "location-before-char-start": 7686,
      "location-before-char-end": 7733,
      "node-str": "activeWorkbenchPartActionService"
    },
    {
      "type": "delete-node",
      "node": {
        "label": "org.eclipse.ui.contexts.IContextActivationService",
        "type": "VARIABLE_TYPE"
      },
      "location-before-char-start": 0,
      "location-before-char-end": 0,
      "node-str": "org.eclipse.ui.contexts.IContextActivationService"
    },
    {
      "type": "delete-node",
      "node": {
        "label": "activeWorkbenchPartContextActivationService",
        "type": "Field"
      },
      "location-before-char-start": 7736,
      "location-before-char-end": 7805,
      "node-str": "activeWorkbenchPartContextActivationService"
    },
    {
      "type": "delete-node",
      "node": {
        "label": "org.eclipse.ui.IWorkbenchWindow",
        "type": "VARIABLE_TYPE"
      },
      "location-before-char-start": 0,
      "location-before-char-end": 0,
      "node-str": "org.eclipse.ui.IWorkbenchWindow"
    },
    {
      "type": "delete-node",
      "node": {
        "label": "activeWorkbenchWindow",
        "type": "Field"
      },
      "location-before-char-start": 7809,
      "location-before-char-end": 7847,
      "node-str": "activeWorkbenchWindow"
    },
    {
      "type": "delete-node",
      "node": {
        "label": "org.eclipse.ui.contexts.IContextActivationService",
        "type": "VARIABLE_TYPE"
      },
      "location-before-char-start": 0,
      "location-before-char-end": 0,
      "node-str": "org.eclipse.ui.contexts.IContextActivationService"
    },
    {
      "type": "delete-node",
      "node": {
        "label": "contextActivationService",
        "type": "Field"
      },
      "location-before-char-start": 8292,
      "location-before-char-end": 8342,
      "node-str": "contextActivationService"
    },
    {
      "type": "delete-node",
      "node": {
        "label": "org.eclipse.ui.internal.Workbench",
        "type": "VARIABLE_TYPE"
      },
      "location-before-char-start": 0,
      "location-before-char-end": 0,
      "node-str": "org.eclipse.ui.internal.Workbench"
    },
    {
      "type": "delete-node",
      "node": {
        "label": "workbench",
        "type": "Field"
      },
      "location-before-char-start": 11959,
      "location-before-char-end": 11978,
      "node-str": "workbench"
    },
    {
      "type": "delete-node",
      "node": {
        "label": "WorkbenchActivitiesCommandsAndRoles",
        "type": "Class"
      },
      "location-before-char-start": 2292,
      "location-before-char-end": 27749,
      "node-str": "WorkbenchActivitiesCommandsAndRoles"
    }
  ],
  "before-file": {},
  "after-file": {},
  "mapping": {}
}