{
  "tool-info": {},
  "diff": [
    {
      "type": "insert-node",
      "node": {
        "label": "public",
        "type": "Modifier"
      },
      "location-after-char-start": 0,
      "location-after-char-end": 0,
      "node-str": "public"
    },
    {
      "type": "insert-node",
      "node": {
        "label": "",
        "type": "AnonymousExecutable"
      },
      "location-after-char-start": 3037,
      "location-after-char-end": 3077,
      "node-str": ""
    },
    {
      "type": "insert-node",
      "node": {
        "label": "OUT_OF_ORDER_KEYS",
        "type": "Field"
      },
      "location-after-char-start": 3081,
      "location-after-char-end": 3233,
      "node-str": "OUT_OF_ORDER_KEYS"
    },
    {
      "type": "insert-node",
      "node": {
        "label": "outOfOrderKeys",
        "type": "Field"
      },
      "location-after-char-start": 3250,
      "location-after-char-end": 3353,
      "node-str": "outOfOrderKeys"
    },
    {
      "type": "insert-node",
      "node": {
        "label": "commandManager",
        "type": "Field"
      },
      "location-after-char-start": 6758,
      "location-after-char-end": 6932,
      "node-str": "commandManager"
    },
    {
      "type": "insert-node",
      "node": {
        "label": "multiKeyAssistShell",
        "type": "Field"
      },
      "location-after-char-start": 7376,
      "location-after-char-end": 7542,
      "node-str": "multiKeyAssistShell"
    },
    {
      "type": "insert-node",
      "node": {
        "label": "outOfOrderListener",
        "type": "Field"
      },
      "location-after-char-start": 7545,
      "location-after-char-end": 7733,
      "node-str": "outOfOrderListener"
    },
    {
      "type": "insert-node",
      "node": {
        "label": "outOfOrderVerifyListener",
        "type": "Field"
      },
      "location-after-char-start": 7736,
      "location-after-char-end": 7998,
      "node-str": "outOfOrderVerifyListener"
    },
    {
      "type": "insert-node",
      "node": {
        "label": "startTime",
        "type": "Field"
      },
      "location-after-char-start": 8001,
      "location-after-char-end": 8244,
      "node-str": "startTime"
    },
    {
      "type": "insert-node",
      "node": {
        "label": "state",
        "type": "Field"
      },
      "location-after-char-start": 8247,
      "location-after-char-end": 8455,
      "node-str": "state"
    },
    {
      "type": "insert-node",
      "node": {
        "label": "workbench",
        "type": "Field"
      },
      "location-after-char-start": 9492,
      "location-after-char-end": 9599,
      "node-str": "workbench"
    },
    {
      "type": "insert-node",
      "node": {
        "label": "getKeyDownFilter",
        "type": "Method"
      },
      "location-after-char-start": 14892,
      "location-after-char-end": 15142,
      "node-str": "getKeyDownFilter"
    },
    {
      "type": "insert-node",
      "node": {
        "label": "getKeyUpFilter",
        "type": "Method"
      },
      "location-after-char-start": 15146,
      "location-after-char-end": 15358,
      "node-str": "getKeyUpFilter"
    },
    {
      "type": "insert-node",
      "node": {
        "label": "incrementState",
        "type": "Method"
      },
      "location-after-char-start": 15888,
      "location-after-char-end": 17110,
      "node-str": "incrementState"
    },
    {
      "type": "insert-node",
      "node": {
        "label": "static",
        "type": "Modifier"
      },
      "location-after-char-start": 0,
      "location-after-char-end": 0,
      "node-str": "static"
    },
    {
      "type": "insert-node",
      "node": {
        "label": "initializeOutOfOrderKeys",
        "type": "Invocation"
      },
      "location-after-char-start": 3048,
      "location-after-char-end": 3074,
      "node-str": "initializeOutOfOrderKeys"
    },
    {
      "type": "insert-node",
      "node": {
        "label": "java.lang.String",
        "type": "VARIABLE_TYPE"
      },
      "location-after-char-start": 0,
      "location-after-char-end": 0,
      "node-str": "java.lang.String"
    },
    {
      "type": "insert-node",
      "node": {
        "label": "final",
        "type": "Modifier"
      },
      "location-after-char-start": 0,
      "location-after-char-end": 0,
      "node-str": "final"
    },
    {
      "type": "insert-node",
      "node": {
        "label": "static",
        "type": "Modifier"
      },
      "location-after-char-start": 0,
      "location-after-char-end": 0,
      "node-str": "static"
    },
    {
      "type": "insert-node",
      "node": {
        "label": "\"OutOfOrderKeys\"",
        "type": "Literal"
      },
      "location-after-char-start": 3217,
      "location-after-char-end": 3232,
      "node-str": "\"OutOfOrderKeys\""
    },
    {
      "type": "insert-node",
      "node": {
        "label": "org.eclipse.ui.keys.KeySequence",
        "type": "VARIABLE_TYPE"
      },
      "location-after-char-start": 0,
      "location-after-char-end": 0,
      "node-str": "org.eclipse.ui.keys.KeySequence"
    },
    {
      "type": "insert-node",
      "node": {
        "label": "static",
        "type": "Modifier"
      },
      "location-after-char-start": 0,
      "location-after-char-end": 0,
      "node-str": "static"
    },
    {
      "type": "insert-node",
      "node": {
        "label": "org.eclipse.ui.commands.ICommandManager",
        "type": "VARIABLE_TYPE"
      },
      "location-after-char-start": 0,
      "location-after-char-end": 0,
      "node-str": "org.eclipse.ui.commands.ICommandManager"
    },
    {
      "type": "insert-node",
      "node": {
        "label": "final",
        "type": "Modifier"
      },
      "location-after-char-start": 0,
      "location-after-char-end": 0,
      "node-str": "final"
    },
    {
      "type": "insert-node",
      "node": {
        "label": "org.eclipse.swt.widgets.Shell",
        "type": "VARIABLE_TYPE"
      },
      "location-after-char-start": 0,
      "location-after-char-end": 0,
      "node-str": "org.eclipse.swt.widgets.Shell"
    },
    {
      "type": "insert-node",
      "node": {
        "label": "null",
        "type": "Literal"
      },
      "location-after-char-start": 7538,
      "location-after-char-end": 7541,
      "node-str": "null"
    },
    {
      "type": "insert-node",
      "node": {
        "label": "org.eclipse.ui.internal.keys.OutOfOrderListener",
        "type": "VARIABLE_TYPE"
      },
      "location-after-char-start": 0,
      "location-after-char-end": 0,
      "node-str": "org.eclipse.ui.internal.keys.OutOfOrderListener"
    },
    {
      "type": "insert-node",
      "node": {
        "label": "final",
        "type": "Modifier"
      },
      "location-after-char-start": 0,
      "location-after-char-end": 0,
      "node-str": "final"
    },
    {
      "type": "insert-node",
      "node": {
        "label": "org.eclipse.ui.internal.keys.OutOfOrderListener(org.eclipse.ui.internal.keys.WorkbenchKeyboard)",
        "type": "ConstructorCall"
      },
      "location-after-char-start": 7705,
      "location-after-char-end": 7732,
      "node-str": "org.eclipse.ui.internal.keys.OutOfOrderListener(org.eclipse.ui.internal.keys.WorkbenchKeyboard)"
    },
    {
      "type": "insert-node",
      "node": {
        "label": "org.eclipse.ui.internal.keys.OutOfOrderVerifyListener",
        "type": "VARIABLE_TYPE"
      },
      "location-after-char-start": 0,
      "location-after-char-end": 0,
      "node-str": "org.eclipse.ui.internal.keys.OutOfOrderVerifyListener"
    },
    {
      "type": "insert-node",
      "node": {
        "label": "final",
        "type": "Modifier"
      },
      "location-after-char-start": 0,
      "location-after-char-end": 0,
      "node-str": "final"
    },
    {
      "type": "insert-node",
      "node": {
        "label": "java.lang.Object()",
        "type": "ConstructorCall"
      },
      "location-after-char-start": 7950,
      "location-after-char-end": 7997,
      "node-str": "java.lang.Object()"
    },
    {
      "type": "insert-node",
      "node": {
        "label": "long",
        "type": "VARIABLE_TYPE"
      },
      "location-after-char-start": 0,
      "location-after-char-end": 0,
      "node-str": "long"
    },
    {
      "type": "insert-node",
      "node": {
        "label": "MAX_VALUE",
        "type": "FieldRead"
      },
      "location-after-char-start": 8230,
      "location-after-char-end": 8243,
      "node-str": "MAX_VALUE"
    },
    {
      "type": "insert-node",
      "node": {
        "label": "org.eclipse.ui.internal.keys.KeyBindingState",
        "type": "VARIABLE_TYPE"
      },
      "location-after-char-start": 0,
      "location-after-char-end": 0,
      "node-str": "org.eclipse.ui.internal.keys.KeyBindingState"
    },
    {
      "type": "insert-node",
      "node": {
        "label": "final",
        "type": "Modifier"
      },
      "location-after-char-start": 0,
      "location-after-char-end": 0,
      "node-str": "final"
    },
    {
      "type": "insert-node",
      "node": {
        "label": "org.eclipse.ui.IWorkbench",
        "type": "VARIABLE_TYPE"
      },
      "location-after-char-start": 0,
      "location-after-char-end": 0,
      "node-str": "org.eclipse.ui.IWorkbench"
    },
    {
      "type": "insert-node",
      "node": {
        "label": "final",
        "type": "Modifier"
      },
      "location-after-char-start": 0,
      "location-after-char-end": 0,
      "node-str": "final"
    },
    {
      "type": "insert-node",
      "node": {
        "label": "org.eclipse.swt.widgets.Listener",
        "type": "RETURN_TYPE"
      },
      "location-after-char-start": 0,
      "location-after-char-end": 0,
      "node-str": "org.eclipse.swt.widgets.Listener"
    },
    {
      "type": "insert-node",
      "node": {
        "label": "public",
        "type": "Modifier"
      },
      "location-after-char-start": 0,
      "location-after-char-end": 0,
      "node-str": "public"
    },
    {
      "type": "insert-node",
      "node": {
        "label": "return",
        "type": "Return"
      },
      "location-after-char-start": 15119,
      "location-after-char-end": 15139,
      "node-str": "return"
    },
    {
      "type": "insert-node",
      "node": {
        "label": "org.eclipse.swt.widgets.Listener",
        "type": "RETURN_TYPE"
      },
      "location-after-char-start": 0,
      "location-after-char-end": 0,
      "node-str": "org.eclipse.swt.widgets.Listener"
    },
    {
      "type": "insert-node",
      "node": {
        "label": "public",
        "type": "Modifier"
      },
      "location-after-char-start": 0,
      "location-after-char-end": 0,
      "node-str": "public"
    },
    {
      "type": "insert-node",
      "node": {
        "label": "return",
        "type": "Return"
      },
      "location-after-char-start": 15337,
      "location-after-char-end": 15355,
      "node-str": "return"
    },
    {
      "type": "insert-node",
      "node": {
        "label": "void",
        "type": "RETURN_TYPE"
      },
      "location-after-char-start": 0,
      "location-after-char-end": 0,
      "node-str": "void"
    },
    {
      "type": "insert-node",
      "node": {
        "label": "sequence",
        "type": "Parameter"
      },
      "location-after-char-start": 16356,
      "location-after-char-end": 16375,
      "node-str": "sequence"
    },
    {
      "type": "insert-node",
      "node": {
        "label": "\u003d",
        "type": "Assignment"
      },
      "location-after-char-start": 16413,
      "location-after-char-end": 16451,
      "node-str": "\u003d"
    },
    {
      "type": "insert-node",
      "node": {
        "label": "setCurrentSequence",
        "type": "Invocation"
      },
      "location-after-char-start": 16479,
      "location-after-char-end": 16513,
      "node-str": "setCurrentSequence"
    },
    {
      "type": "insert-node",
      "node": {
        "label": "setAssociatedWindow",
        "type": "Invocation"
      },
      "location-after-char-start": 16517,
      "location-after-char-end": 16580,
      "node-str": "setAssociatedWindow"
    },
    {
      "type": "insert-node",
      "node": {
        "label": "store",
        "type": "LocalVariable"
      },
      "location-after-char-start": 16585,
      "location-after-char-end": 16730,
      "node-str": "store"
    },
    {
      "type": "insert-node",
      "node": {
        "label": "if",
        "type": "If"
      },
      "location-after-char-start": 16734,
      "location-after-char-end": 17107,
      "node-str": "if"
    },
    {
      "type": "insert-node",
      "node": {
        "label": "this",
        "type": "ThisAccess"
      },
      "location-after-char-start": 7728,
      "location-after-char-end": 7731,
      "node-str": "this"
    },
    {
      "type": "insert-node",
      "node": {
        "label": "outOfOrderListener",
        "type": "FieldRead"
      },
      "location-after-char-start": 7979,
      "location-after-char-end": 7996,
      "node-str": "outOfOrderListener"
    },
    {
      "type": "insert-node",
      "node": {
        "label": "java.lang.Long",
        "type": "TypeAccess"
      },
      "location-after-char-start": 8230,
      "location-after-char-end": 8233,
      "node-str": "java.lang.Long"
    },
    {
      "type": "insert-node",
      "node": {
        "label": "keyDownFilter",
        "type": "FieldRead"
      },
      "location-after-char-start": 15126,
      "location-after-char-end": 15138,
      "node-str": "keyDownFilter"
    },
    {
      "type": "insert-node",
      "node": {
        "label": "keyUpFilter",
        "type": "FieldRead"
      },
      "location-after-char-start": 15344,
      "location-after-char-end": 15354,
      "node-str": "keyUpFilter"
    },
    {
      "type": "insert-node",
      "node": {
        "label": "org.eclipse.ui.keys.KeySequence",
        "type": "VARIABLE_TYPE"
      },
      "location-after-char-start": 0,
      "location-after-char-end": 0,
      "node-str": "org.eclipse.ui.keys.KeySequence"
    },
    {
      "type": "insert-node",
      "node": {
        "label": "startTime",
        "type": "FieldWrite"
      },
      "location-after-char-start": 16413,
      "location-after-char-end": 16421,
      "node-str": "startTime"
    },
    {
      "type": "insert-node",
      "node": {
        "label": "currentTimeMillis",
        "type": "Invocation"
      },
      "location-after-char-start": 16425,
      "location-after-char-end": 16450,
      "node-str": "currentTimeMillis"
    },
    {
      "type": "insert-node",
      "node": {
        "label": "state",
        "type": "FieldRead"
      },
      "location-after-char-start": 16479,
      "location-after-char-end": 16483,
      "node-str": "state"
    },
    {
      "type": "insert-node",
      "node": {
        "label": "sequence",
        "type": "VariableRead"
      },
      "location-after-char-start": 16504,
      "location-after-char-end": 16511,
      "node-str": "sequence"
    },
    {
      "type": "insert-node",
      "node": {
        "label": "state",
        "type": "FieldRead"
      },
      "location-after-char-start": 16517,
      "location-after-char-end": 16521,
      "node-str": "state"
    },
    {
      "type": "insert-node",
      "node": {
        "label": "getActiveWorkbenchWindow",
        "type": "Invocation"
      },
      "location-after-char-start": 16543,
      "location-after-char-end": 16578,
      "node-str": "getActiveWorkbenchWindow"
    },
    {
      "type": "insert-node",
      "node": {
        "label": "org.eclipse.jface.preference.IPreferenceStore",
        "type": "VARIABLE_TYPE"
      },
      "location-after-char-start": 0,
      "location-after-char-end": 0,
      "node-str": "org.eclipse.jface.preference.IPreferenceStore"
    },
    {
      "type": "insert-node",
      "node": {
        "label": "final",
        "type": "Modifier"
      },
      "location-after-char-start": 0,
      "location-after-char-end": 0,
      "node-str": "final"
    },
    {
      "type": "insert-node",
      "node": {
        "label": "getPreferenceStore",
        "type": "Invocation"
      },
      "location-after-char-start": 16681,
      "location-after-char-end": 16729,
      "node-str": "getPreferenceStore"
    },
    {
      "type": "insert-node",
      "node": {
        "label": "getBoolean",
        "type": "Invocation"
      },
      "location-after-char-start": 16738,
      "location-after-char-end": 16792,
      "node-str": "getBoolean"
    },
    {
      "type": "insert-node",
      "node": {
        "label": "THEN",
        "type": "then"
      },
      "location-after-char-start": 16795,
      "location-after-char-end": 17107,
      "node-str": "THEN"
    },
    {
      "type": "insert-node",
      "node": {
        "label": "org.eclipse.ui.internal.keys.WorkbenchKeyboard",
        "type": "TypeAccess"
      },
      "location-after-char-start": 0,
      "location-after-char-end": 0,
      "node-str": "org.eclipse.ui.internal.keys.WorkbenchKeyboard"
    },
    {
      "type": "insert-node",
      "node": {
        "label": "org.eclipse.ui.internal.keys.WorkbenchKeyboard",
        "type": "TypeAccess"
      },
      "location-after-char-start": 0,
      "location-after-char-end": 0,
      "node-str": "org.eclipse.ui.internal.keys.WorkbenchKeyboard"
    },
    {
      "type": "insert-node",
      "node": {
        "label": "org.eclipse.ui.internal.keys.WorkbenchKeyboard",
        "type": "TypeAccess"
      },
      "location-after-char-start": 0,
      "location-after-char-end": 0,
      "node-str": "org.eclipse.ui.internal.keys.WorkbenchKeyboard"
    },
    {
      "type": "insert-node",
      "node": {
        "label": "org.eclipse.ui.internal.keys.WorkbenchKeyboard",
        "type": "TypeAccess"
      },
      "location-after-char-start": 0,
      "location-after-char-end": 0,
      "node-str": "org.eclipse.ui.internal.keys.WorkbenchKeyboard"
    },
    {
      "type": "insert-node",
      "node": {
        "label": "org.eclipse.ui.internal.keys.WorkbenchKeyboard",
        "type": "TypeAccess"
      },
      "location-after-char-start": 0,
      "location-after-char-end": 0,
      "node-str": "org.eclipse.ui.internal.keys.WorkbenchKeyboard"
    },
    {
      "type": "insert-node",
      "node": {
        "label": "java.lang.System",
        "type": "TypeAccess"
      },
      "location-after-char-start": 16425,
      "location-after-char-end": 16430,
      "node-str": "java.lang.System"
    },
    {
      "type": "insert-node",
      "node": {
        "label": "org.eclipse.ui.internal.keys.WorkbenchKeyboard",
        "type": "TypeAccess"
      },
      "location-after-char-start": 0,
      "location-after-char-end": 0,
      "node-str": "org.eclipse.ui.internal.keys.WorkbenchKeyboard"
    },
    {
      "type": "insert-node",
      "node": {
        "label": "org.eclipse.ui.internal.keys.WorkbenchKeyboard",
        "type": "TypeAccess"
      },
      "location-after-char-start": 0,
      "location-after-char-end": 0,
      "node-str": "org.eclipse.ui.internal.keys.WorkbenchKeyboard"
    },
    {
      "type": "insert-node",
      "node": {
        "label": "workbench",
        "type": "FieldRead"
      },
      "location-after-char-start": 16543,
      "location-after-char-end": 16551,
      "node-str": "workbench"
    },
    {
      "type": "insert-node",
      "node": {
        "label": "getDefault",
        "type": "Invocation"
      },
      "location-after-char-start": 16681,
      "location-after-char-end": 16708,
      "node-str": "getDefault"
    },
    {
      "type": "insert-node",
      "node": {
        "label": "store",
        "type": "VariableRead"
      },
      "location-after-char-start": 16738,
      "location-after-char-end": 16742,
      "node-str": "store"
    },
    {
      "type": "insert-node",
      "node": {
        "label": "IPreferenceConstants.MULTI_KEY_ASSIST",
        "type": "TypeAccess"
      },
      "location-after-char-start": 16755,
      "location-after-char-end": 16791,
      "node-str": "IPreferenceConstants.MULTI_KEY_ASSIST"
    },
    {
      "type": "insert-node",
      "node": {
        "label": "display",
        "type": "LocalVariable"
      },
      "location-after-char-start": 16800,
      "location-after-char-end": 16846,
      "node-str": "display"
    },
    {
      "type": "move-subtree",
      "node": {
        "label": "timerExec",
        "type": "Invocation"
      },
      "location-before-char-start": 16702,
      "location-before-char-end": 16880,
      "location-after-char-start": 16851,
      "location-after-char-end": 17103,
      "node-str": "timerExec"
    },
    {
      "type": "insert-node",
      "node": {
        "label": "org.eclipse.ui.internal.keys.WorkbenchKeyboard",
        "type": "TypeAccess"
      },
      "location-after-char-start": 0,
      "location-after-char-end": 0,
      "node-str": "org.eclipse.ui.internal.keys.WorkbenchKeyboard"
    },
    {
      "type": "insert-node",
      "node": {
        "label": "org.eclipse.ui.internal.WorkbenchPlugin",
        "type": "TypeAccess"
      },
      "location-after-char-start": 16681,
      "location-after-char-end": 16695,
      "node-str": "org.eclipse.ui.internal.WorkbenchPlugin"
    },
    {
      "type": "insert-node",
      "node": {
        "label": "org.eclipse.swt.widgets.Display",
        "type": "VARIABLE_TYPE"
      },
      "location-after-char-start": 0,
      "location-after-char-end": 0,
      "node-str": "org.eclipse.swt.widgets.Display"
    },
    {
      "type": "insert-node",
      "node": {
        "label": "final",
        "type": "Modifier"
      },
      "location-after-char-start": 0,
      "location-after-char-end": 0,
      "node-str": "final"
    },
    {
      "type": "insert-node",
      "node": {
        "label": "getDisplay",
        "type": "Invocation"
      },
      "location-after-char-start": 16824,
      "location-after-char-end": 16845,
      "node-str": "getDisplay"
    },
    {
      "type": "insert-node",
      "node": {
        "label": "getInt",
        "type": "Invocation"
      },
      "location-after-char-start": 16880,
      "location-after-char-end": 16935,
      "node-str": "getInt"
    },
    {
      "type": "insert-node",
      "node": {
        "label": "workbench",
        "type": "FieldRead"
      },
      "location-after-char-start": 16824,
      "location-after-char-end": 16832,
      "node-str": "workbench"
    },
    {
      "type": "insert-node",
      "node": {
        "label": "store",
        "type": "VariableRead"
      },
      "location-after-char-start": 16880,
      "location-after-char-end": 16884,
      "node-str": "store"
    },
    {
      "type": "insert-node",
      "node": {
        "label": "IPreferenceConstants.MULTI_KEY_ASSIST_TIME",
        "type": "TypeAccess"
      },
      "location-after-char-start": 16893,
      "location-after-char-end": 16934,
      "node-str": "IPreferenceConstants.MULTI_KEY_ASSIST_TIME"
    },
    {
      "type": "insert-node",
      "node": {
        "label": "org.eclipse.ui.internal.keys.WorkbenchKeyboard",
        "type": "TypeAccess"
      },
      "location-after-char-start": 0,
      "location-after-char-end": 0,
      "node-str": "org.eclipse.ui.internal.keys.WorkbenchKeyboard"
    },
    {
      "type": "delete-node",
      "node": {
        "label": "public",
        "type": "Modifier"
      },
      "location-before-char-start": 0,
      "location-before-char-end": 0,
      "node-str": "public"
    },
    {
      "type": "delete-node",
      "node": {
        "label": "static",
        "type": "Modifier"
      },
      "location-before-char-start": 0,
      "location-before-char-end": 0,
      "node-str": "static"
    },
    {
      "type": "delete-node",
      "node": {
        "label": "initializeOutOfOrderKeys",
        "type": "Invocation"
      },
      "location-before-char-start": 3048,
      "location-before-char-end": 3074,
      "node-str": "initializeOutOfOrderKeys"
    },
    {
      "type": "delete-node",
      "node": {
        "label": "",
        "type": "AnonymousExecutable"
      },
      "location-before-char-start": 3037,
      "location-before-char-end": 3077,
      "node-str": ""
    },
    {
      "type": "delete-node",
      "node": {
        "label": "java.lang.String",
        "type": "VARIABLE_TYPE"
      },
      "location-before-char-start": 0,
      "location-before-char-end": 0,
      "node-str": "java.lang.String"
    },
    {
      "type": "delete-node",
      "node": {
        "label": "final",
        "type": "Modifier"
      },
      "location-before-char-start": 0,
      "location-before-char-end": 0,
      "node-str": "final"
    },
    {
      "type": "delete-node",
      "node": {
        "label": "static",
        "type": "Modifier"
      },
      "location-before-char-start": 0,
      "location-before-char-end": 0,
      "node-str": "static"
    },
    {
      "type": "delete-node",
      "node": {
        "label": "\"OutOfOrderKeys\"",
        "type": "Literal"
      },
      "location-before-char-start": 3217,
      "location-before-char-end": 3232,
      "node-str": "\"OutOfOrderKeys\""
    },
    {
      "type": "delete-node",
      "node": {
        "label": "OUT_OF_ORDER_KEYS",
        "type": "Field"
      },
      "location-before-char-start": 3081,
      "location-before-char-end": 3233,
      "node-str": "OUT_OF_ORDER_KEYS"
    },
    {
      "type": "delete-node",
      "node": {
        "label": "org.eclipse.ui.keys.KeySequence",
        "type": "VARIABLE_TYPE"
      },
      "location-before-char-start": 0,
      "location-before-char-end": 0,
      "node-str": "org.eclipse.ui.keys.KeySequence"
    },
    {
      "type": "delete-node",
      "node": {
        "label": "static",
        "type": "Modifier"
      },
      "location-before-char-start": 0,
      "location-before-char-end": 0,
      "node-str": "static"
    },
    {
      "type": "delete-node",
      "node": {
        "label": "outOfOrderKeys",
        "type": "Field"
      },
      "location-before-char-start": 3250,
      "location-before-char-end": 3353,
      "node-str": "outOfOrderKeys"
    },
    {
      "type": "delete-node",
      "node": {
        "label": "org.eclipse.ui.commands.ICommandManager",
        "type": "VARIABLE_TYPE"
      },
      "location-before-char-start": 0,
      "location-before-char-end": 0,
      "node-str": "org.eclipse.ui.commands.ICommandManager"
    },
    {
      "type": "delete-node",
      "node": {
        "label": "final",
        "type": "Modifier"
      },
      "location-before-char-start": 0,
      "location-before-char-end": 0,
      "node-str": "final"
    },
    {
      "type": "delete-node",
      "node": {
        "label": "commandManager",
        "type": "Field"
      },
      "location-before-char-start": 6758,
      "location-before-char-end": 6932,
      "node-str": "commandManager"
    },
    {
      "type": "delete-node",
      "node": {
        "label": "org.eclipse.swt.widgets.Shell",
        "type": "VARIABLE_TYPE"
      },
      "location-before-char-start": 0,
      "location-before-char-end": 0,
      "node-str": "org.eclipse.swt.widgets.Shell"
    },
    {
      "type": "delete-node",
      "node": {
        "label": "null",
        "type": "Literal"
      },
      "location-before-char-start": 7538,
      "location-before-char-end": 7541,
      "node-str": "null"
    },
    {
      "type": "delete-node",
      "node": {
        "label": "multiKeyAssistShell",
        "type": "Field"
      },
      "location-before-char-start": 7376,
      "location-before-char-end": 7542,
      "node-str": "multiKeyAssistShell"
    },
    {
      "type": "delete-node",
      "node": {
        "label": "org.eclipse.ui.internal.keys.OutOfOrderListener",
        "type": "VARIABLE_TYPE"
      },
      "location-before-char-start": 0,
      "location-before-char-end": 0,
      "node-str": "org.eclipse.ui.internal.keys.OutOfOrderListener"
    },
    {
      "type": "delete-node",
      "node": {
        "label": "final",
        "type": "Modifier"
      },
      "location-before-char-start": 0,
      "location-before-char-end": 0,
      "node-str": "final"
    },
    {
      "type": "delete-node",
      "node": {
        "label": "org.eclipse.ui.internal.keys.WorkbenchKeyboard",
        "type": "TypeAccess"
      },
      "location-before-char-start": 0,
      "location-before-char-end": 0,
      "node-str": "org.eclipse.ui.internal.keys.WorkbenchKeyboard"
    },
    {
      "type": "delete-node",
      "node": {
        "label": "this",
        "type": "ThisAccess"
      },
      "location-before-char-start": 7728,
      "location-before-char-end": 7731,
      "node-str": "this"
    },
    {
      "type": "delete-node",
      "node": {
        "label": "org.eclipse.ui.internal.keys.OutOfOrderListener(org.eclipse.ui.internal.keys.WorkbenchKeyboard)",
        "type": "ConstructorCall"
      },
      "location-before-char-start": 7705,
      "location-before-char-end": 7732,
      "node-str": "org.eclipse.ui.internal.keys.OutOfOrderListener(org.eclipse.ui.internal.keys.WorkbenchKeyboard)"
    },
    {
      "type": "delete-node",
      "node": {
        "label": "outOfOrderListener",
        "type": "Field"
      },
      "location-before-char-start": 7545,
      "location-before-char-end": 7733,
      "node-str": "outOfOrderListener"
    },
    {
      "type": "delete-node",
      "node": {
        "label": "org.eclipse.ui.internal.keys.OutOfOrderVerifyListener",
        "type": "VARIABLE_TYPE"
      },
      "location-before-char-start": 0,
      "location-before-char-end": 0,
      "node-str": "org.eclipse.ui.internal.keys.OutOfOrderVerifyListener"
    },
    {
      "type": "delete-node",
      "node": {
        "label": "final",
        "type": "Modifier"
      },
      "location-before-char-start": 0,
      "location-before-char-end": 0,
      "node-str": "final"
    },
    {
      "type": "delete-node",
      "node": {
        "label": "org.eclipse.ui.internal.keys.WorkbenchKeyboard",
        "type": "TypeAccess"
      },
      "location-before-char-start": 0,
      "location-before-char-end": 0,
      "node-str": "org.eclipse.ui.internal.keys.WorkbenchKeyboard"
    },
    {
      "type": "delete-node",
      "node": {
        "label": "outOfOrderListener",
        "type": "FieldRead"
      },
      "location-before-char-start": 7979,
      "location-before-char-end": 7996,
      "node-str": "outOfOrderListener"
    },
    {
      "type": "delete-node",
      "node": {
        "label": "java.lang.Object()",
        "type": "ConstructorCall"
      },
      "location-before-char-start": 7950,
      "location-before-char-end": 7997,
      "node-str": "java.lang.Object()"
    },
    {
      "type": "delete-node",
      "node": {
        "label": "outOfOrderVerifyListener",
        "type": "Field"
      },
      "location-before-char-start": 7736,
      "location-before-char-end": 7998,
      "node-str": "outOfOrderVerifyListener"
    },
    {
      "type": "delete-node",
      "node": {
        "label": "long",
        "type": "VARIABLE_TYPE"
      },
      "location-before-char-start": 0,
      "location-before-char-end": 0,
      "node-str": "long"
    },
    {
      "type": "delete-node",
      "node": {
        "label": "java.lang.Long",
        "type": "TypeAccess"
      },
      "location-before-char-start": 8230,
      "location-before-char-end": 8233,
      "node-str": "java.lang.Long"
    },
    {
      "type": "delete-node",
      "node": {
        "label": "MAX_VALUE",
        "type": "FieldRead"
      },
      "location-before-char-start": 8230,
      "location-before-char-end": 8243,
      "node-str": "MAX_VALUE"
    },
    {
      "type": "delete-node",
      "node": {
        "label": "startTime",
        "type": "Field"
      },
      "location-before-char-start": 8001,
      "location-before-char-end": 8244,
      "node-str": "startTime"
    },
    {
      "type": "delete-node",
      "node": {
        "label": "org.eclipse.ui.internal.keys.KeyBindingState",
        "type": "VARIABLE_TYPE"
      },
      "location-before-char-start": 0,
      "location-before-char-end": 0,
      "node-str": "org.eclipse.ui.internal.keys.KeyBindingState"
    },
    {
      "type": "delete-node",
      "node": {
        "label": "final",
        "type": "Modifier"
      },
      "location-before-char-start": 0,
      "location-before-char-end": 0,
      "node-str": "final"
    },
    {
      "type": "delete-node",
      "node": {
        "label": "state",
        "type": "Field"
      },
      "location-before-char-start": 8247,
      "location-before-char-end": 8455,
      "node-str": "state"
    },
    {
      "type": "delete-node",
      "node": {
        "label": "org.eclipse.ui.IWorkbench",
        "type": "VARIABLE_TYPE"
      },
      "location-before-char-start": 0,
      "location-before-char-end": 0,
      "node-str": "org.eclipse.ui.IWorkbench"
    },
    {
      "type": "delete-node",
      "node": {
        "label": "final",
        "type": "Modifier"
      },
      "location-before-char-start": 0,
      "location-before-char-end": 0,
      "node-str": "final"
    },
    {
      "type": "delete-node",
      "node": {
        "label": "workbench",
        "type": "Field"
      },
      "location-before-char-start": 9492,
      "location-before-char-end": 9599,
      "node-str": "workbench"
    },
    {
      "type": "delete-node",
      "node": {
        "label": "org.eclipse.swt.widgets.Listener",
        "type": "RETURN_TYPE"
      },
      "location-before-char-start": 0,
      "location-before-char-end": 0,
      "node-str": "org.eclipse.swt.widgets.Listener"
    },
    {
      "type": "delete-node",
      "node": {
        "label": "public",
        "type": "Modifier"
      },
      "location-before-char-start": 0,
      "location-before-char-end": 0,
      "node-str": "public"
    },
    {
      "type": "delete-node",
      "node": {
        "label": "org.eclipse.ui.internal.keys.WorkbenchKeyboard",
        "type": "TypeAccess"
      },
      "location-before-char-start": 0,
      "location-before-char-end": 0,
      "node-str": "org.eclipse.ui.internal.keys.WorkbenchKeyboard"
    },
    {
      "type": "delete-node",
      "node": {
        "label": "keyDownFilter",
        "type": "FieldRead"
      },
      "location-before-char-start": 15128,
      "location-before-char-end": 15140,
      "node-str": "keyDownFilter"
    },
    {
      "type": "delete-node",
      "node": {
        "label": "return",
        "type": "Return"
      },
      "location-before-char-start": 15121,
      "location-before-char-end": 15141,
      "node-str": "return"
    },
    {
      "type": "delete-node",
      "node": {
        "label": "getKeyDownFilter",
        "type": "Method"
      },
      "location-before-char-start": 14894,
      "location-before-char-end": 15144,
      "node-str": "getKeyDownFilter"
    },
    {
      "type": "delete-node",
      "node": {
        "label": "org.eclipse.swt.widgets.Listener",
        "type": "RETURN_TYPE"
      },
      "location-before-char-start": 0,
      "location-before-char-end": 0,
      "node-str": "org.eclipse.swt.widgets.Listener"
    },
    {
      "type": "delete-node",
      "node": {
        "label": "public",
        "type": "Modifier"
      },
      "location-before-char-start": 0,
      "location-before-char-end": 0,
      "node-str": "public"
    },
    {
      "type": "delete-node",
      "node": {
        "label": "org.eclipse.ui.internal.keys.WorkbenchKeyboard",
        "type": "TypeAccess"
      },
      "location-before-char-start": 0,
      "location-before-char-end": 0,
      "node-str": "org.eclipse.ui.internal.keys.WorkbenchKeyboard"
    },
    {
      "type": "delete-node",
      "node": {
        "label": "keyUpFilter",
        "type": "FieldRead"
      },
      "location-before-char-start": 15346,
      "location-before-char-end": 15356,
      "node-str": "keyUpFilter"
    },
    {
      "type": "delete-node",
      "node": {
        "label": "return",
        "type": "Return"
      },
      "location-before-char-start": 15339,
      "location-before-char-end": 15357,
      "node-str": "return"
    },
    {
      "type": "delete-node",
      "node": {
        "label": "getKeyUpFilter",
        "type": "Method"
      },
      "location-before-char-start": 15148,
      "location-before-char-end": 15360,
      "node-str": "getKeyUpFilter"
    },
    {
      "type": "delete-node",
      "node": {
        "label": "1000",
        "type": "Literal"
      },
      "location-before-char-start": 16720,
      "location-before-char-end": 16723,
      "node-str": "1000"
    },
    {
      "type": "delete-node",
      "node": {
        "label": "void",
        "type": "RETURN_TYPE"
      },
      "location-before-char-start": 0,
      "location-before-char-end": 0,
      "node-str": "void"
    },
    {
      "type": "delete-node",
      "node": {
        "label": "org.eclipse.ui.keys.KeySequence",
        "type": "VARIABLE_TYPE"
      },
      "location-before-char-start": 0,
      "location-before-char-end": 0,
      "node-str": "org.eclipse.ui.keys.KeySequence"
    },
    {
      "type": "delete-node",
      "node": {
        "label": "sequence",
        "type": "Parameter"
      },
      "location-before-char-start": 16358,
      "location-before-char-end": 16377,
      "node-str": "sequence"
    },
    {
      "type": "delete-node",
      "node": {
        "label": "org.eclipse.ui.internal.keys.WorkbenchKeyboard",
        "type": "TypeAccess"
      },
      "location-before-char-start": 0,
      "location-before-char-end": 0,
      "node-str": "org.eclipse.ui.internal.keys.WorkbenchKeyboard"
    },
    {
      "type": "delete-node",
      "node": {
        "label": "startTime",
        "type": "FieldWrite"
      },
      "location-before-char-start": 16415,
      "location-before-char-end": 16423,
      "node-str": "startTime"
    },
    {
      "type": "delete-node",
      "node": {
        "label": "java.lang.System",
        "type": "TypeAccess"
      },
      "location-before-char-start": 16427,
      "location-before-char-end": 16432,
      "node-str": "java.lang.System"
    },
    {
      "type": "delete-node",
      "node": {
        "label": "currentTimeMillis",
        "type": "Invocation"
      },
      "location-before-char-start": 16427,
      "location-before-char-end": 16452,
      "node-str": "currentTimeMillis"
    },
    {
      "type": "delete-node",
      "node": {
        "label": "\u003d",
        "type": "Assignment"
      },
      "location-before-char-start": 16415,
      "location-before-char-end": 16453,
      "node-str": "\u003d"
    },
    {
      "type": "delete-node",
      "node": {
        "label": "org.eclipse.ui.internal.keys.WorkbenchKeyboard",
        "type": "TypeAccess"
      },
      "location-before-char-start": 0,
      "location-before-char-end": 0,
      "node-str": "org.eclipse.ui.internal.keys.WorkbenchKeyboard"
    },
    {
      "type": "delete-node",
      "node": {
        "label": "state",
        "type": "FieldRead"
      },
      "location-before-char-start": 16481,
      "location-before-char-end": 16485,
      "node-str": "state"
    },
    {
      "type": "delete-node",
      "node": {
        "label": "sequence",
        "type": "VariableRead"
      },
      "location-before-char-start": 16506,
      "location-before-char-end": 16513,
      "node-str": "sequence"
    },
    {
      "type": "delete-node",
      "node": {
        "label": "setCurrentSequence",
        "type": "Invocation"
      },
      "location-before-char-start": 16481,
      "location-before-char-end": 16515,
      "node-str": "setCurrentSequence"
    },
    {
      "type": "delete-node",
      "node": {
        "label": "org.eclipse.ui.internal.keys.WorkbenchKeyboard",
        "type": "TypeAccess"
      },
      "location-before-char-start": 0,
      "location-before-char-end": 0,
      "node-str": "org.eclipse.ui.internal.keys.WorkbenchKeyboard"
    },
    {
      "type": "delete-node",
      "node": {
        "label": "state",
        "type": "FieldRead"
      },
      "location-before-char-start": 16519,
      "location-before-char-end": 16523,
      "node-str": "state"
    },
    {
      "type": "delete-node",
      "node": {
        "label": "org.eclipse.ui.internal.keys.WorkbenchKeyboard",
        "type": "TypeAccess"
      },
      "location-before-char-start": 0,
      "location-before-char-end": 0,
      "node-str": "org.eclipse.ui.internal.keys.WorkbenchKeyboard"
    },
    {
      "type": "delete-node",
      "node": {
        "label": "workbench",
        "type": "FieldRead"
      },
      "location-before-char-start": 16545,
      "location-before-char-end": 16553,
      "node-str": "workbench"
    },
    {
      "type": "delete-node",
      "node": {
        "label": "getActiveWorkbenchWindow",
        "type": "Invocation"
      },
      "location-before-char-start": 16545,
      "location-before-char-end": 16580,
      "node-str": "getActiveWorkbenchWindow"
    },
    {
      "type": "delete-node",
      "node": {
        "label": "setAssociatedWindow",
        "type": "Invocation"
      },
      "location-before-char-start": 16519,
      "location-before-char-end": 16582,
      "node-str": "setAssociatedWindow"
    },
    {
      "type": "delete-node",
      "node": {
        "label": "org.eclipse.swt.widgets.Display",
        "type": "VARIABLE_TYPE"
      },
      "location-before-char-start": 0,
      "location-before-char-end": 0,
      "node-str": "org.eclipse.swt.widgets.Display"
    },
    {
      "type": "delete-node",
      "node": {
        "label": "final",
        "type": "Modifier"
      },
      "location-before-char-start": 0,
      "location-before-char-end": 0,
      "node-str": "final"
    },
    {
      "type": "delete-node",
      "node": {
        "label": "org.eclipse.ui.internal.keys.WorkbenchKeyboard",
        "type": "TypeAccess"
      },
      "location-before-char-start": 0,
      "location-before-char-end": 0,
      "node-str": "org.eclipse.ui.internal.keys.WorkbenchKeyboard"
    },
    {
      "type": "delete-node",
      "node": {
        "label": "workbench",
        "type": "FieldRead"
      },
      "location-before-char-start": 16676,
      "location-before-char-end": 16684,
      "node-str": "workbench"
    },
    {
      "type": "delete-node",
      "node": {
        "label": "getDisplay",
        "type": "Invocation"
      },
      "location-before-char-start": 16676,
      "location-before-char-end": 16697,
      "node-str": "getDisplay"
    },
    {
      "type": "delete-node",
      "node": {
        "label": "display",
        "type": "LocalVariable"
      },
      "location-before-char-start": 16587,
      "location-before-char-end": 16698,
      "node-str": "display"
    },
    {
      "type": "delete-node",
      "node": {
        "label": "incrementState",
        "type": "Method"
      },
      "location-before-char-start": 15890,
      "location-before-char-end": 16883,
      "node-str": "incrementState"
    }
  ],
  "before-file": {},
  "after-file": {},
  "mapping": {}
}