{
  "tool-info": {},
  "diff": [
    {
      "type": "insert-node",
      "node": {
        "label": "public",
        "type": "Modifier"
      },
      "location-after-char-start": 0,
      "location-after-char-end": 0,
      "node-str": "public"
    },
    {
      "type": "insert-node",
      "node": {
        "label": "",
        "type": "TypeReference"
      },
      "location-after-char-start": 2445,
      "location-after-char-end": 2450,
      "node-str": ""
    },
    {
      "type": "insert-node",
      "node": {
        "label": "errorViewer",
        "type": "Field"
      },
      "location-after-char-start": 2458,
      "location-after-char-end": 2481,
      "node-str": "errorViewer"
    },
    {
      "type": "insert-node",
      "node": {
        "label": "clearButton",
        "type": "Field"
      },
      "location-after-char-start": 2488,
      "location-after-char-end": 2506,
      "node-str": "clearButton"
    },
    {
      "type": "insert-node",
      "node": {
        "label": "detailsList",
        "type": "Field"
      },
      "location-after-char-start": 2513,
      "location-after-char-end": 2529,
      "node-str": "detailsList"
    },
    {
      "type": "insert-node",
      "node": {
        "label": "clipboard",
        "type": "Field"
      },
      "location-after-char-start": 2536,
      "location-after-char-end": 2563,
      "node-str": "clipboard"
    },
    {
      "type": "insert-node",
      "node": {
        "label": "selectedError",
        "type": "Field"
      },
      "location-after-char-start": 2570,
      "location-after-char-end": 2608,
      "node-str": "selectedError"
    },
    {
      "type": "insert-node",
      "node": {
        "label": "DETAILS_LIST_ITEM_COUNT",
        "type": "Field"
      },
      "location-after-char-start": 2615,
      "location-after-char-end": 2737,
      "node-str": "DETAILS_LIST_ITEM_COUNT"
    },
    {
      "type": "insert-node",
      "node": {
        "label": "NESTING_INDENT",
        "type": "Field"
      },
      "location-after-char-start": 2744,
      "location-after-char-end": 2836,
      "node-str": "NESTING_INDENT"
    },
    {
      "type": "insert-node",
      "node": {
        "label": "org.eclipse.jface.dialogs.Dialog",
        "type": "SUPER_TYPE"
      },
      "location-after-char-start": 0,
      "location-after-char-end": 0,
      "node-str": "org.eclipse.jface.dialogs.Dialog"
    },
    {
      "type": "insert-node",
      "node": {
        "label": "org.eclipse.jface.viewers.TableViewer",
        "type": "VARIABLE_TYPE"
      },
      "location-after-char-start": 0,
      "location-after-char-end": 0,
      "node-str": "org.eclipse.jface.viewers.TableViewer"
    },
    {
      "type": "insert-node",
      "node": {
        "label": "org.eclipse.swt.widgets.Button",
        "type": "VARIABLE_TYPE"
      },
      "location-after-char-start": 0,
      "location-after-char-end": 0,
      "node-str": "org.eclipse.swt.widgets.Button"
    },
    {
      "type": "insert-node",
      "node": {
        "label": "org.eclipse.swt.widgets.List",
        "type": "VARIABLE_TYPE"
      },
      "location-after-char-start": 0,
      "location-after-char-end": 0,
      "node-str": "org.eclipse.swt.widgets.List"
    },
    {
      "type": "insert-node",
      "node": {
        "label": "org.eclipse.swt.dnd.Clipboard",
        "type": "VARIABLE_TYPE"
      },
      "location-after-char-start": 0,
      "location-after-char-end": 0,
      "node-str": "org.eclipse.swt.dnd.Clipboard"
    },
    {
      "type": "insert-node",
      "node": {
        "label": "org.eclipse.ui.internal.progress.ErrorInfo",
        "type": "VARIABLE_TYPE"
      },
      "location-after-char-start": 0,
      "location-after-char-end": 0,
      "node-str": "org.eclipse.ui.internal.progress.ErrorInfo"
    },
    {
      "type": "insert-node",
      "node": {
        "label": "null",
        "type": "Literal"
      },
      "location-after-char-start": 2604,
      "location-after-char-end": 2607,
      "node-str": "null"
    },
    {
      "type": "insert-node",
      "node": {
        "label": "int",
        "type": "VARIABLE_TYPE"
      },
      "location-after-char-start": 0,
      "location-after-char-end": 0,
      "node-str": "int"
    },
    {
      "type": "insert-node",
      "node": {
        "label": "final",
        "type": "Modifier"
      },
      "location-after-char-start": 0,
      "location-after-char-end": 0,
      "node-str": "final"
    },
    {
      "type": "insert-node",
      "node": {
        "label": "static",
        "type": "Modifier"
      },
      "location-after-char-start": 0,
      "location-after-char-end": 0,
      "node-str": "static"
    },
    {
      "type": "insert-node",
      "node": {
        "label": "7",
        "type": "Literal"
      },
      "location-after-char-start": 2736,
      "location-after-char-end": 2736,
      "node-str": "7"
    },
    {
      "type": "insert-node",
      "node": {
        "label": "java.lang.String",
        "type": "VARIABLE_TYPE"
      },
      "location-after-char-start": 0,
      "location-after-char-end": 0,
      "node-str": "java.lang.String"
    },
    {
      "type": "insert-node",
      "node": {
        "label": "final",
        "type": "Modifier"
      },
      "location-after-char-start": 0,
      "location-after-char-end": 0,
      "node-str": "final"
    },
    {
      "type": "insert-node",
      "node": {
        "label": "static",
        "type": "Modifier"
      },
      "location-after-char-start": 0,
      "location-after-char-end": 0,
      "node-str": "static"
    },
    {
      "type": "insert-node",
      "node": {
        "label": "\"  \"",
        "type": "Literal"
      },
      "location-after-char-start": 2832,
      "location-after-char-end": 2835,
      "node-str": "\"  \""
    },
    {
      "type": "insert-node",
      "node": {
        "label": "BITOR",
        "type": "BinaryOperator"
      },
      "location-after-char-start": 3165,
      "location-after-char-end": 3268,
      "node-str": "BITOR"
    },
    {
      "type": "move-subtree",
      "node": {
        "label": "BITOR",
        "type": "BinaryOperator"
      },
      "location-before-char-start": 3165,
      "location-before-char-end": 3242,
      "location-after-char-start": 3165,
      "location-after-char-end": 3242,
      "node-str": "BITOR"
    },
    {
      "type": "insert-node",
      "node": {
        "label": "getDefaultOrientation",
        "type": "Invocation"
      },
      "location-after-char-start": 3246,
      "location-after-char-end": 3268,
      "node-str": "getDefaultOrientation"
    },
    {
      "type": "insert-node",
      "node": {
        "label": "org.eclipse.ui.internal.progress.ErrorNotificationDialog",
        "type": "TypeAccess"
      },
      "location-after-char-start": 0,
      "location-after-char-end": 0,
      "node-str": "org.eclipse.ui.internal.progress.ErrorNotificationDialog"
    },
    {
      "type": "delete-node",
      "node": {
        "label": "public",
        "type": "Modifier"
      },
      "location-before-char-start": 0,
      "location-before-char-end": 0,
      "node-str": "public"
    },
    {
      "type": "delete-node",
      "node": {
        "label": "org.eclipse.jface.dialogs.Dialog",
        "type": "SUPER_TYPE"
      },
      "location-before-char-start": 0,
      "location-before-char-end": 0,
      "node-str": "org.eclipse.jface.dialogs.Dialog"
    },
    {
      "type": "delete-node",
      "node": {
        "label": "",
        "type": "TypeReference"
      },
      "location-before-char-start": 2445,
      "location-before-char-end": 2450,
      "node-str": ""
    },
    {
      "type": "delete-node",
      "node": {
        "label": "org.eclipse.jface.viewers.TableViewer",
        "type": "VARIABLE_TYPE"
      },
      "location-before-char-start": 0,
      "location-before-char-end": 0,
      "node-str": "org.eclipse.jface.viewers.TableViewer"
    },
    {
      "type": "delete-node",
      "node": {
        "label": "errorViewer",
        "type": "Field"
      },
      "location-before-char-start": 2458,
      "location-before-char-end": 2481,
      "node-str": "errorViewer"
    },
    {
      "type": "delete-node",
      "node": {
        "label": "org.eclipse.swt.widgets.Button",
        "type": "VARIABLE_TYPE"
      },
      "location-before-char-start": 0,
      "location-before-char-end": 0,
      "node-str": "org.eclipse.swt.widgets.Button"
    },
    {
      "type": "delete-node",
      "node": {
        "label": "clearButton",
        "type": "Field"
      },
      "location-before-char-start": 2488,
      "location-before-char-end": 2506,
      "node-str": "clearButton"
    },
    {
      "type": "delete-node",
      "node": {
        "label": "org.eclipse.swt.widgets.List",
        "type": "VARIABLE_TYPE"
      },
      "location-before-char-start": 0,
      "location-before-char-end": 0,
      "node-str": "org.eclipse.swt.widgets.List"
    },
    {
      "type": "delete-node",
      "node": {
        "label": "detailsList",
        "type": "Field"
      },
      "location-before-char-start": 2513,
      "location-before-char-end": 2529,
      "node-str": "detailsList"
    },
    {
      "type": "delete-node",
      "node": {
        "label": "org.eclipse.swt.dnd.Clipboard",
        "type": "VARIABLE_TYPE"
      },
      "location-before-char-start": 0,
      "location-before-char-end": 0,
      "node-str": "org.eclipse.swt.dnd.Clipboard"
    },
    {
      "type": "delete-node",
      "node": {
        "label": "clipboard",
        "type": "Field"
      },
      "location-before-char-start": 2536,
      "location-before-char-end": 2563,
      "node-str": "clipboard"
    },
    {
      "type": "delete-node",
      "node": {
        "label": "org.eclipse.ui.internal.progress.ErrorInfo",
        "type": "VARIABLE_TYPE"
      },
      "location-before-char-start": 0,
      "location-before-char-end": 0,
      "node-str": "org.eclipse.ui.internal.progress.ErrorInfo"
    },
    {
      "type": "delete-node",
      "node": {
        "label": "null",
        "type": "Literal"
      },
      "location-before-char-start": 2604,
      "location-before-char-end": 2607,
      "node-str": "null"
    },
    {
      "type": "delete-node",
      "node": {
        "label": "selectedError",
        "type": "Field"
      },
      "location-before-char-start": 2570,
      "location-before-char-end": 2608,
      "node-str": "selectedError"
    },
    {
      "type": "delete-node",
      "node": {
        "label": "int",
        "type": "VARIABLE_TYPE"
      },
      "location-before-char-start": 0,
      "location-before-char-end": 0,
      "node-str": "int"
    },
    {
      "type": "delete-node",
      "node": {
        "label": "final",
        "type": "Modifier"
      },
      "location-before-char-start": 0,
      "location-before-char-end": 0,
      "node-str": "final"
    },
    {
      "type": "delete-node",
      "node": {
        "label": "static",
        "type": "Modifier"
      },
      "location-before-char-start": 0,
      "location-before-char-end": 0,
      "node-str": "static"
    },
    {
      "type": "delete-node",
      "node": {
        "label": "7",
        "type": "Literal"
      },
      "location-before-char-start": 2736,
      "location-before-char-end": 2736,
      "node-str": "7"
    },
    {
      "type": "delete-node",
      "node": {
        "label": "DETAILS_LIST_ITEM_COUNT",
        "type": "Field"
      },
      "location-before-char-start": 2615,
      "location-before-char-end": 2737,
      "node-str": "DETAILS_LIST_ITEM_COUNT"
    },
    {
      "type": "delete-node",
      "node": {
        "label": "java.lang.String",
        "type": "VARIABLE_TYPE"
      },
      "location-before-char-start": 0,
      "location-before-char-end": 0,
      "node-str": "java.lang.String"
    },
    {
      "type": "delete-node",
      "node": {
        "label": "final",
        "type": "Modifier"
      },
      "location-before-char-start": 0,
      "location-before-char-end": 0,
      "node-str": "final"
    },
    {
      "type": "delete-node",
      "node": {
        "label": "static",
        "type": "Modifier"
      },
      "location-before-char-start": 0,
      "location-before-char-end": 0,
      "node-str": "static"
    },
    {
      "type": "delete-node",
      "node": {
        "label": "\"  \"",
        "type": "Literal"
      },
      "location-before-char-start": 2832,
      "location-before-char-end": 2835,
      "node-str": "\"  \""
    },
    {
      "type": "delete-node",
      "node": {
        "label": "NESTING_INDENT",
        "type": "Field"
      },
      "location-before-char-start": 2744,
      "location-before-char-end": 2836,
      "node-str": "NESTING_INDENT"
    }
  ],
  "before-file": {},
  "after-file": {},
  "mapping": {}
}