{
  "tool-info": {},
  "diff": [
    {
      "type": "insert-node",
      "node": {
        "label": "Identifier",
        "type": "Class"
      },
      "location-after-char-start": 361,
      "location-after-char-end": 1590,
      "node-str": "Identifier"
    },
    {
      "type": "insert-node",
      "node": {
        "label": "final",
        "type": "Modifier"
      },
      "location-after-char-start": 0,
      "location-after-char-end": 0,
      "node-str": "final"
    },
    {
      "type": "insert-node",
      "node": {
        "label": "public",
        "type": "Modifier"
      },
      "location-after-char-start": 0,
      "location-after-char-end": 0,
      "node-str": "public"
    },
    {
      "type": "insert-node",
      "node": {
        "label": "ELEMENT",
        "type": "Field"
      },
      "location-after-char-start": 418,
      "location-after-char-end": 467,
      "node-str": "ELEMENT"
    },
    {
      "type": "insert-node",
      "node": {
        "label": "ATTRIBUTE_VALUE",
        "type": "Field"
      },
      "location-after-char-start": 484,
      "location-after-char-end": 537,
      "node-str": "ATTRIBUTE_VALUE"
    },
    {
      "type": "insert-node",
      "node": {
        "label": "create",
        "type": "Method"
      },
      "location-after-char-start": 557,
      "location-after-char-end": 638,
      "node-str": "create"
    },
    {
      "type": "insert-node",
      "node": {
        "label": "read",
        "type": "Method"
      },
      "location-after-char-start": 642,
      "location-after-char-end": 847,
      "node-str": "read"
    },
    {
      "type": "insert-node",
      "node": {
        "label": "value",
        "type": "Field"
      },
      "location-after-char-start": 851,
      "location-after-char-end": 871,
      "node-str": "value"
    },
    {
      "type": "move-subtree",
      "node": {
        "label": "\u003cinit\u003e",
        "type": "Constructor"
      },
      "location-before-char-start": 848,
      "location-before-char-end": 918,
      "location-after-char-start": 876,
      "location-after-char-end": 946,
      "node-str": "\u003cinit\u003e"
    },
    {
      "type": "insert-node",
      "node": {
        "label": "getValue",
        "type": "Method"
      },
      "location-after-char-start": 951,
      "location-after-char-end": 996,
      "node-str": "getValue"
    },
    {
      "type": "move-subtree",
      "node": {
        "label": "compareTo",
        "type": "Method"
      },
      "location-before-char-start": 965,
      "location-before-char-end": 1144,
      "location-after-char-start": 1000,
      "location-after-char-end": 1179,
      "node-str": "compareTo"
    },
    {
      "type": "move-subtree",
      "node": {
        "label": "equals",
        "type": "Method"
      },
      "location-before-char-start": 1149,
      "location-before-char-end": 1306,
      "location-after-char-start": 1184,
      "location-after-char-end": 1341,
      "node-str": "equals"
    },
    {
      "type": "move-subtree",
      "node": {
        "label": "hashCode",
        "type": "Method"
      },
      "location-before-char-start": 1310,
      "location-before-char-end": 1366,
      "location-after-char-start": 1345,
      "location-after-char-end": 1401,
      "node-str": "hashCode"
    },
    {
      "type": "insert-node",
      "node": {
        "label": "write",
        "type": "Method"
      },
      "location-after-char-start": 1405,
      "location-after-char-end": 1588,
      "node-str": "write"
    },
    {
      "type": "insert-node",
      "node": {
        "label": "java.lang.String",
        "type": "VARIABLE_TYPE"
      },
      "location-after-char-start": 0,
      "location-after-char-end": 0,
      "node-str": "java.lang.String"
    },
    {
      "type": "insert-node",
      "node": {
        "label": "final",
        "type": "Modifier"
      },
      "location-after-char-start": 0,
      "location-after-char-end": 0,
      "node-str": "final"
    },
    {
      "type": "insert-node",
      "node": {
        "label": "public",
        "type": "Modifier"
      },
      "location-after-char-start": 0,
      "location-after-char-end": 0,
      "node-str": "public"
    },
    {
      "type": "insert-node",
      "node": {
        "label": "static",
        "type": "Modifier"
      },
      "location-after-char-start": 0,
      "location-after-char-end": 0,
      "node-str": "static"
    },
    {
      "type": "insert-node",
      "node": {
        "label": "\"identifier\"",
        "type": "Literal"
      },
      "location-after-char-start": 455,
      "location-after-char-end": 466,
      "node-str": "\"identifier\""
    },
    {
      "type": "insert-node",
      "node": {
        "label": "java.lang.String",
        "type": "VARIABLE_TYPE"
      },
      "location-after-char-start": 0,
      "location-after-char-end": 0,
      "node-str": "java.lang.String"
    },
    {
      "type": "insert-node",
      "node": {
        "label": "final",
        "type": "Modifier"
      },
      "location-after-char-start": 0,
      "location-after-char-end": 0,
      "node-str": "final"
    },
    {
      "type": "insert-node",
      "node": {
        "label": "static",
        "type": "Modifier"
      },
      "location-after-char-start": 0,
      "location-after-char-end": 0,
      "node-str": "static"
    },
    {
      "type": "insert-node",
      "node": {
        "label": "\"value\"",
        "type": "Literal"
      },
      "location-after-char-start": 530,
      "location-after-char-end": 536,
      "node-str": "\"value\""
    },
    {
      "type": "insert-node",
      "node": {
        "label": "org.eclipse.ui.internal.keybindings.Identifier",
        "type": "RETURN_TYPE"
      },
      "location-after-char-start": 0,
      "location-after-char-end": 0,
      "node-str": "org.eclipse.ui.internal.keybindings.Identifier"
    },
    {
      "type": "insert-node",
      "node": {
        "label": "public",
        "type": "Modifier"
      },
      "location-after-char-start": 0,
      "location-after-char-end": 0,
      "node-str": "public"
    },
    {
      "type": "insert-node",
      "node": {
        "label": "static",
        "type": "Modifier"
      },
      "location-after-char-start": 0,
      "location-after-char-end": 0,
      "node-str": "static"
    },
    {
      "type": "insert-node",
      "node": {
        "label": "value",
        "type": "Parameter"
      },
      "location-after-char-start": 589,
      "location-after-char-end": 600,
      "node-str": "value"
    },
    {
      "type": "move-subtree",
      "node": {
        "label": "return",
        "type": "Return"
      },
      "location-before-char-start": 586,
      "location-before-char-end": 614,
      "location-after-char-start": 607,
      "location-after-char-end": 635,
      "node-str": "return"
    },
    {
      "type": "insert-node",
      "node": {
        "label": "org.eclipse.ui.internal.keybindings.Identifier",
        "type": "RETURN_TYPE"
      },
      "location-after-char-start": 0,
      "location-after-char-end": 0,
      "node-str": "org.eclipse.ui.internal.keybindings.Identifier"
    },
    {
      "type": "insert-node",
      "node": {
        "label": "java.lang.IllegalArgumentException",
        "type": "THROWS"
      },
      "location-after-char-start": 0,
      "location-after-char-end": 0,
      "node-str": "java.lang.IllegalArgumentException"
    },
    {
      "type": "insert-node",
      "node": {
        "label": "public",
        "type": "Modifier"
      },
      "location-after-char-start": 0,
      "location-after-char-end": 0,
      "node-str": "public"
    },
    {
      "type": "insert-node",
      "node": {
        "label": "static",
        "type": "Modifier"
      },
      "location-after-char-start": 0,
      "location-after-char-end": 0,
      "node-str": "static"
    },
    {
      "type": "insert-node",
      "node": {
        "label": "memento",
        "type": "Parameter"
      },
      "location-after-char-start": 672,
      "location-after-char-end": 687,
      "node-str": "memento"
    },
    {
      "type": "move-subtree",
      "node": {
        "label": "if",
        "type": "If"
      },
      "location-before-char-start": 700,
      "location-before-char-end": 760,
      "location-after-char-start": 728,
      "location-after-char-end": 788,
      "node-str": "if"
    },
    {
      "type": "move-subtree",
      "node": {
        "label": "return",
        "type": "Return"
      },
      "location-before-char-start": 767,
      "location-before-char-end": 816,
      "location-after-char-start": 795,
      "location-after-char-end": 844,
      "node-str": "return"
    },
    {
      "type": "insert-node",
      "node": {
        "label": "java.lang.String",
        "type": "VARIABLE_TYPE"
      },
      "location-after-char-start": 0,
      "location-after-char-end": 0,
      "node-str": "java.lang.String"
    },
    {
      "type": "insert-node",
      "node": {
        "label": "java.lang.String",
        "type": "RETURN_TYPE"
      },
      "location-after-char-start": 0,
      "location-after-char-end": 0,
      "node-str": "java.lang.String"
    },
    {
      "type": "insert-node",
      "node": {
        "label": "public",
        "type": "Modifier"
      },
      "location-after-char-start": 0,
      "location-after-char-end": 0,
      "node-str": "public"
    },
    {
      "type": "move-subtree",
      "node": {
        "label": "return",
        "type": "Return"
      },
      "location-before-char-start": 945,
      "location-before-char-end": 957,
      "location-after-char-start": 980,
      "location-after-char-end": 992,
      "node-str": "return"
    },
    {
      "type": "insert-node",
      "node": {
        "label": "void",
        "type": "RETURN_TYPE"
      },
      "location-after-char-start": 0,
      "location-after-char-end": 0,
      "node-str": "void"
    },
    {
      "type": "insert-node",
      "node": {
        "label": "java.lang.IllegalArgumentException",
        "type": "THROWS"
      },
      "location-after-char-start": 0,
      "location-after-char-end": 0,
      "node-str": "java.lang.IllegalArgumentException"
    },
    {
      "type": "insert-node",
      "node": {
        "label": "public",
        "type": "Modifier"
      },
      "location-after-char-start": 0,
      "location-after-char-end": 0,
      "node-str": "public"
    },
    {
      "type": "insert-node",
      "node": {
        "label": "memento",
        "type": "Parameter"
      },
      "location-after-char-start": 1423,
      "location-after-char-end": 1438,
      "node-str": "memento"
    },
    {
      "type": "move-subtree",
      "node": {
        "label": "if",
        "type": "If"
      },
      "location-before-char-start": 1437,
      "location-before-char-end": 1497,
      "location-after-char-start": 1479,
      "location-after-char-end": 1539,
      "node-str": "if"
    },
    {
      "type": "move-subtree",
      "node": {
        "label": "putString",
        "type": "Invocation"
      },
      "location-before-char-start": 1502,
      "location-before-char-end": 1543,
      "location-after-char-start": 1544,
      "location-after-char-end": 1585,
      "node-str": "putString"
    },
    {
      "type": "insert-node",
      "node": {
        "label": "java.lang.String",
        "type": "VARIABLE_TYPE"
      },
      "location-after-char-start": 0,
      "location-after-char-end": 0,
      "node-str": "java.lang.String"
    },
    {
      "type": "insert-node",
      "node": {
        "label": "org.eclipse.ui.IMemento",
        "type": "VARIABLE_TYPE"
      },
      "location-after-char-start": 0,
      "location-after-char-end": 0,
      "node-str": "org.eclipse.ui.IMemento"
    },
    {
      "type": "insert-node",
      "node": {
        "label": "org.eclipse.ui.IMemento",
        "type": "VARIABLE_TYPE"
      },
      "location-after-char-start": 0,
      "location-after-char-end": 0,
      "node-str": "org.eclipse.ui.IMemento"
    },
    {
      "type": "delete-node",
      "node": {
        "label": "final",
        "type": "Modifier"
      },
      "location-before-char-start": 0,
      "location-before-char-end": 0,
      "node-str": "final"
    },
    {
      "type": "delete-node",
      "node": {
        "label": "java.lang.String",
        "type": "VARIABLE_TYPE"
      },
      "location-before-char-start": 0,
      "location-before-char-end": 0,
      "node-str": "java.lang.String"
    },
    {
      "type": "delete-node",
      "node": {
        "label": "final",
        "type": "Modifier"
      },
      "location-before-char-start": 0,
      "location-before-char-end": 0,
      "node-str": "final"
    },
    {
      "type": "delete-node",
      "node": {
        "label": "static",
        "type": "Modifier"
      },
      "location-before-char-start": 0,
      "location-before-char-end": 0,
      "node-str": "static"
    },
    {
      "type": "delete-node",
      "node": {
        "label": "\"identifier\"",
        "type": "Literal"
      },
      "location-before-char-start": 441,
      "location-before-char-end": 452,
      "node-str": "\"identifier\""
    },
    {
      "type": "delete-node",
      "node": {
        "label": "ELEMENT",
        "type": "Field"
      },
      "location-before-char-start": 411,
      "location-before-char-end": 453,
      "node-str": "ELEMENT"
    },
    {
      "type": "delete-node",
      "node": {
        "label": "java.lang.String",
        "type": "VARIABLE_TYPE"
      },
      "location-before-char-start": 0,
      "location-before-char-end": 0,
      "node-str": "java.lang.String"
    },
    {
      "type": "delete-node",
      "node": {
        "label": "final",
        "type": "Modifier"
      },
      "location-before-char-start": 0,
      "location-before-char-end": 0,
      "node-str": "final"
    },
    {
      "type": "delete-node",
      "node": {
        "label": "static",
        "type": "Modifier"
      },
      "location-before-char-start": 0,
      "location-before-char-end": 0,
      "node-str": "static"
    },
    {
      "type": "delete-node",
      "node": {
        "label": "\"value\"",
        "type": "Literal"
      },
      "location-before-char-start": 516,
      "location-before-char-end": 522,
      "node-str": "\"value\""
    },
    {
      "type": "delete-node",
      "node": {
        "label": "ATTRIBUTE_VALUE",
        "type": "Field"
      },
      "location-before-char-start": 470,
      "location-before-char-end": 523,
      "node-str": "ATTRIBUTE_VALUE"
    },
    {
      "type": "delete-node",
      "node": {
        "label": "org.eclipse.ui.internal.keybindings.Identifier",
        "type": "RETURN_TYPE"
      },
      "location-before-char-start": 0,
      "location-before-char-end": 0,
      "node-str": "org.eclipse.ui.internal.keybindings.Identifier"
    },
    {
      "type": "delete-node",
      "node": {
        "label": "static",
        "type": "Modifier"
      },
      "location-before-char-start": 0,
      "location-before-char-end": 0,
      "node-str": "static"
    },
    {
      "type": "delete-node",
      "node": {
        "label": "java.lang.String",
        "type": "VARIABLE_TYPE"
      },
      "location-before-char-start": 0,
      "location-before-char-end": 0,
      "node-str": "java.lang.String"
    },
    {
      "type": "delete-node",
      "node": {
        "label": "value",
        "type": "Parameter"
      },
      "location-before-char-start": 568,
      "location-before-char-end": 579,
      "node-str": "value"
    },
    {
      "type": "delete-node",
      "node": {
        "label": "create",
        "type": "Method"
      },
      "location-before-char-start": 543,
      "location-before-char-end": 617,
      "node-str": "create"
    },
    {
      "type": "delete-node",
      "node": {
        "label": "org.eclipse.ui.internal.keybindings.Identifier",
        "type": "RETURN_TYPE"
      },
      "location-before-char-start": 0,
      "location-before-char-end": 0,
      "node-str": "org.eclipse.ui.internal.keybindings.Identifier"
    },
    {
      "type": "delete-node",
      "node": {
        "label": "java.lang.IllegalArgumentException",
        "type": "THROWS"
      },
      "location-before-char-start": 0,
      "location-before-char-end": 0,
      "node-str": "java.lang.IllegalArgumentException"
    },
    {
      "type": "delete-node",
      "node": {
        "label": "static",
        "type": "Modifier"
      },
      "location-before-char-start": 0,
      "location-before-char-end": 0,
      "node-str": "static"
    },
    {
      "type": "delete-node",
      "node": {
        "label": "org.eclipse.ui.IMemento",
        "type": "VARIABLE_TYPE"
      },
      "location-before-char-start": 0,
      "location-before-char-end": 0,
      "node-str": "org.eclipse.ui.IMemento"
    },
    {
      "type": "delete-node",
      "node": {
        "label": "memento",
        "type": "Parameter"
      },
      "location-before-char-start": 644,
      "location-before-char-end": 659,
      "node-str": "memento"
    },
    {
      "type": "delete-node",
      "node": {
        "label": "read",
        "type": "Method"
      },
      "location-before-char-start": 621,
      "location-before-char-end": 819,
      "node-str": "read"
    },
    {
      "type": "delete-node",
      "node": {
        "label": "java.lang.String",
        "type": "VARIABLE_TYPE"
      },
      "location-before-char-start": 0,
      "location-before-char-end": 0,
      "node-str": "java.lang.String"
    },
    {
      "type": "delete-node",
      "node": {
        "label": "value",
        "type": "Field"
      },
      "location-before-char-start": 823,
      "location-before-char-end": 843,
      "node-str": "value"
    },
    {
      "type": "delete-node",
      "node": {
        "label": "java.lang.String",
        "type": "RETURN_TYPE"
      },
      "location-before-char-start": 0,
      "location-before-char-end": 0,
      "node-str": "java.lang.String"
    },
    {
      "type": "delete-node",
      "node": {
        "label": "getValue",
        "type": "Method"
      },
      "location-before-char-start": 923,
      "location-before-char-end": 961,
      "node-str": "getValue"
    },
    {
      "type": "delete-node",
      "node": {
        "label": "void",
        "type": "RETURN_TYPE"
      },
      "location-before-char-start": 0,
      "location-before-char-end": 0,
      "node-str": "void"
    },
    {
      "type": "delete-node",
      "node": {
        "label": "java.lang.IllegalArgumentException",
        "type": "THROWS"
      },
      "location-before-char-start": 0,
      "location-before-char-end": 0,
      "node-str": "java.lang.IllegalArgumentException"
    },
    {
      "type": "delete-node",
      "node": {
        "label": "org.eclipse.ui.IMemento",
        "type": "VARIABLE_TYPE"
      },
      "location-before-char-start": 0,
      "location-before-char-end": 0,
      "node-str": "org.eclipse.ui.IMemento"
    },
    {
      "type": "delete-node",
      "node": {
        "label": "memento",
        "type": "Parameter"
      },
      "location-before-char-start": 1381,
      "location-before-char-end": 1396,
      "node-str": "memento"
    },
    {
      "type": "delete-node",
      "node": {
        "label": "write",
        "type": "Method"
      },
      "location-before-char-start": 1370,
      "location-before-char-end": 1546,
      "node-str": "write"
    },
    {
      "type": "delete-node",
      "node": {
        "label": "Identifier",
        "type": "Class"
      },
      "location-before-char-start": 361,
      "location-before-char-end": 1548,
      "node-str": "Identifier"
    }
  ],
  "before-file": {},
  "after-file": {},
  "mapping": {}
}