{
  "tool-info": {},
  "diff": [
    {
      "type": "move-subtree",
      "node": {
        "label": "isShadowedBy",
        "type": "Method"
      },
      "location-before-char-start": 1774,
      "location-before-char-end": 2137,
      "location-after-char-start": 2748,
      "location-after-char-end": 3112,
      "node-str": "isShadowedBy"
    },
    {
      "type": "move-subtree",
      "node": {
        "label": "getParameterTypes",
        "type": "Method"
      },
      "location-before-char-start": 809,
      "location-before-char-end": 889,
      "location-after-char-start": 3611,
      "location-after-char-end": 3691,
      "node-str": "getParameterTypes"
    },
    {
      "type": "insert-node",
      "node": {
        "label": "public",
        "type": "Modifier"
      },
      "location-after-char-start": 0,
      "location-after-char-end": 0,
      "node-str": "public"
    },
    {
      "type": "update-node",
      "node": {
        "label": "validate",
        "type": "Method"
      },
      "location-before-char-start": 893,
      "location-before-char-end": 1770,
      "location-after-char-start": 1419,
      "location-after-char-end": 2586,
      "node-str": "validatePublicVoidNoArg"
    },
    {
      "type": "insert-node",
      "node": {
        "label": "getAnnotations",
        "type": "Method"
      },
      "location-after-char-start": 3695,
      "location-after-char-end": 3823,
      "node-str": "getAnnotations"
    },
    {
      "type": "insert-node",
      "node": {
        "label": "getAnnotation",
        "type": "Method"
      },
      "location-after-char-start": 3827,
      "location-after-char-end": 4052,
      "node-str": "getAnnotation"
    },
    {
      "type": "insert-node",
      "node": {
        "label": "java.lang.annotation.Annotation[]",
        "type": "RETURN_TYPE"
      },
      "location-after-char-start": 0,
      "location-after-char-end": 0,
      "node-str": "java.lang.annotation.Annotation[]"
    },
    {
      "type": "insert-node",
      "node": {
        "label": "public",
        "type": "Modifier"
      },
      "location-after-char-start": 0,
      "location-after-char-end": 0,
      "node-str": "public"
    },
    {
      "type": "insert-node",
      "node": {
        "label": "return",
        "type": "Return"
      },
      "location-after-char-start": 3789,
      "location-after-char-end": 3820,
      "node-str": "return"
    },
    {
      "type": "insert-node",
      "node": {
        "label": "T",
        "type": "RETURN_TYPE"
      },
      "location-after-char-start": 0,
      "location-after-char-end": 0,
      "node-str": "T"
    },
    {
      "type": "insert-node",
      "node": {
        "label": "public",
        "type": "Modifier"
      },
      "location-after-char-start": 0,
      "location-after-char-end": 0,
      "node-str": "public"
    },
    {
      "type": "insert-node",
      "node": {
        "label": "T",
        "type": "TypeParameter"
      },
      "location-after-char-start": 3938,
      "location-after-char-end": 3957,
      "node-str": "T"
    },
    {
      "type": "insert-node",
      "node": {
        "label": "annotationType",
        "type": "Parameter"
      },
      "location-after-char-start": 3976,
      "location-after-char-end": 3998,
      "node-str": "annotationType"
    },
    {
      "type": "insert-node",
      "node": {
        "label": "return",
        "type": "Return"
      },
      "location-after-char-start": 4005,
      "location-after-char-end": 4049,
      "node-str": "return"
    },
    {
      "type": "insert-node",
      "node": {
        "label": "getAnnotations",
        "type": "Invocation"
      },
      "location-after-char-start": 3796,
      "location-after-char-end": 3819,
      "node-str": "getAnnotations"
    },
    {
      "type": "insert-node",
      "node": {
        "label": "",
        "type": "TypeReference"
      },
      "location-after-char-start": 3948,
      "location-after-char-end": 3957,
      "node-str": ""
    },
    {
      "type": "insert-node",
      "node": {
        "label": "java.lang.Class",
        "type": "VARIABLE_TYPE"
      },
      "location-after-char-start": 0,
      "location-after-char-end": 0,
      "node-str": "java.lang.Class"
    },
    {
      "type": "insert-node",
      "node": {
        "label": "getAnnotation",
        "type": "Invocation"
      },
      "location-after-char-start": 4012,
      "location-after-char-end": 4048,
      "node-str": "getAnnotation"
    },
    {
      "type": "insert-node",
      "node": {
        "label": "fMethod",
        "type": "FieldRead"
      },
      "location-after-char-start": 3796,
      "location-after-char-end": 3802,
      "node-str": "fMethod"
    },
    {
      "type": "insert-node",
      "node": {
        "label": "java.lang.annotation.Annotation",
        "type": "SUPER_TYPE"
      },
      "location-after-char-start": 0,
      "location-after-char-end": 0,
      "node-str": "java.lang.annotation.Annotation"
    },
    {
      "type": "move-subtree",
      "node": {
        "label": "fMethod",
        "type": "FieldRead"
      },
      "location-before-char-start": 378,
      "location-before-char-end": 384,
      "location-after-char-start": 4012,
      "location-after-char-end": 4018,
      "node-str": "fMethod"
    },
    {
      "type": "insert-node",
      "node": {
        "label": "annotationType",
        "type": "VariableRead"
      },
      "location-after-char-start": 4034,
      "location-after-char-end": 4047,
      "node-str": "annotationType"
    },
    {
      "type": "insert-node",
      "node": {
        "label": "org.junit.runners.model.FrameworkMethod",
        "type": "TypeAccess"
      },
      "location-after-char-start": 0,
      "location-after-char-end": 0,
      "node-str": "org.junit.runners.model.FrameworkMethod"
    },
    {
      "type": "delete-node",
      "node": {
        "label": "public",
        "type": "Modifier"
      },
      "location-before-char-start": 0,
      "location-before-char-end": 0,
      "node-str": "public"
    },
    {
      "type": "delete-node",
      "node": {
        "label": "boolean",
        "type": "RETURN_TYPE"
      },
      "location-before-char-start": 0,
      "location-before-char-end": 0,
      "node-str": "boolean"
    },
    {
      "type": "delete-node",
      "node": {
        "label": "public",
        "type": "Modifier"
      },
      "location-before-char-start": 0,
      "location-before-char-end": 0,
      "node-str": "public"
    },
    {
      "type": "delete-node",
      "node": {
        "label": "org.junit.Ignore",
        "type": "TypeAccess"
      },
      "location-before-char-start": 0,
      "location-before-char-end": 0,
      "node-str": "org.junit.Ignore"
    },
    {
      "type": "delete-node",
      "node": {
        "label": "class",
        "type": "FieldRead"
      },
      "location-before-char-start": 400,
      "location-before-char-end": 411,
      "node-str": "class"
    },
    {
      "type": "delete-node",
      "node": {
        "label": "getAnnotation",
        "type": "Invocation"
      },
      "location-before-char-start": 378,
      "location-before-char-end": 412,
      "node-str": "getAnnotation"
    },
    {
      "type": "delete-node",
      "node": {
        "label": "null",
        "type": "Literal"
      },
      "location-before-char-start": 417,
      "location-before-char-end": 420,
      "node-str": "null"
    },
    {
      "type": "delete-node",
      "node": {
        "label": "NE",
        "type": "BinaryOperator"
      },
      "location-before-char-start": 378,
      "location-before-char-end": 420,
      "node-str": "NE"
    },
    {
      "type": "delete-node",
      "node": {
        "label": "return",
        "type": "Return"
      },
      "location-before-char-start": 371,
      "location-before-char-end": 421,
      "node-str": "return"
    },
    {
      "type": "delete-node",
      "node": {
        "label": "isIgnored",
        "type": "Method"
      },
      "location-before-char-start": 340,
      "location-before-char-end": 424,
      "node-str": "isIgnored"
    },
    {
      "type": "delete-node",
      "node": {
        "label": "public",
        "type": "Modifier"
      },
      "location-before-char-start": 0,
      "location-before-char-end": 0,
      "node-str": "public"
    },
    {
      "type": "delete-node",
      "node": {
        "label": "public",
        "type": "Modifier"
      },
      "location-before-char-start": 0,
      "location-before-char-end": 0,
      "node-str": "public"
    }
  ],
  "before-file": {},
  "after-file": {},
  "mapping": {}
}