{
  "tool-info": {},
  "diff": [
    {
      "type": "insert-node",
      "node": {
        "label": "",
        "type": "PackageDeclaration"
      },
      "location-after-char-start": 895,
      "location-after-char-end": 924,
      "node-str": ""
    },
    {
      "type": "insert-node",
      "node": {
        "label": "",
        "type": "ImportDeclaration"
      },
      "location-after-char-start": 940,
      "location-after-char-end": 961,
      "node-str": ""
    },
    {
      "type": "insert-node",
      "node": {
        "label": "",
        "type": "ImportDeclaration"
      },
      "location-after-char-start": 962,
      "location-after-char-end": 986,
      "node-str": ""
    },
    {
      "type": "insert-node",
      "node": {
        "label": "",
        "type": "ImportDeclaration"
      },
      "location-after-char-start": 987,
      "location-after-char-end": 1005,
      "node-str": ""
    },
    {
      "type": "insert-node",
      "node": {
        "label": "",
        "type": "ImportDeclaration"
      },
      "location-after-char-start": 1006,
      "location-after-char-end": 1044,
      "node-str": ""
    },
    {
      "type": "insert-node",
      "node": {
        "label": "",
        "type": "ImportDeclaration"
      },
      "location-after-char-start": 1045,
      "location-after-char-end": 1086,
      "node-str": ""
    },
    {
      "type": "insert-node",
      "node": {
        "label": "",
        "type": "ImportDeclaration"
      },
      "location-after-char-start": 1088,
      "location-after-char-end": 1114,
      "node-str": ""
    },
    {
      "type": "insert-node",
      "node": {
        "label": "org.gjt.sp.jedit.gui",
        "type": "QualifiedName"
      },
      "location-after-char-start": 903,
      "location-after-char-end": 923,
      "node-str": "org.gjt.sp.jedit.gui"
    },
    {
      "type": "insert-node",
      "node": {
        "label": "javax.swing",
        "type": "QualifiedName"
      },
      "location-after-char-start": 947,
      "location-after-char-end": 958,
      "node-str": "javax.swing"
    },
    {
      "type": "insert-node",
      "node": {
        "label": "java.awt.event",
        "type": "QualifiedName"
      },
      "location-after-char-start": 969,
      "location-after-char-end": 983,
      "node-str": "java.awt.event"
    },
    {
      "type": "insert-node",
      "node": {
        "label": "java.awt",
        "type": "QualifiedName"
      },
      "location-after-char-start": 994,
      "location-after-char-end": 1002,
      "node-str": "java.awt"
    },
    {
      "type": "insert-node",
      "node": {
        "label": "java.beans.PropertyChangeEvent",
        "type": "QualifiedName"
      },
      "location-after-char-start": 1013,
      "location-after-char-end": 1043,
      "node-str": "java.beans.PropertyChangeEvent"
    },
    {
      "type": "insert-node",
      "node": {
        "label": "java.beans.PropertyChangeListener",
        "type": "QualifiedName"
      },
      "location-after-char-start": 1052,
      "location-after-char-end": 1085,
      "node-str": "java.beans.PropertyChangeListener"
    },
    {
      "type": "insert-node",
      "node": {
        "label": "org.gjt.sp.jedit",
        "type": "QualifiedName"
      },
      "location-after-char-start": 1095,
      "location-after-char-end": 1111,
      "node-str": "org.gjt.sp.jedit"
    },
    {
      "type": "insert-node",
      "node": {
        "label": "",
        "type": "Javadoc"
      },
      "location-after-char-start": 1122,
      "location-after-char-end": 1252,
      "node-str": ""
    },
    {
      "type": "insert-node",
      "node": {
        "label": "public",
        "type": "Modifier"
      },
      "location-after-char-start": 1253,
      "location-after-char-end": 1259,
      "node-str": "public"
    },
    {
      "type": "insert-node",
      "node": {
        "label": "class",
        "type": "TYPE_DECLARATION_KIND"
      },
      "location-after-char-start": 1260,
      "location-after-char-end": 1265,
      "node-str": "class"
    },
    {
      "type": "insert-node",
      "node": {
        "label": "FloatingWindowContainer",
        "type": "SimpleName"
      },
      "location-after-char-start": 1266,
      "location-after-char-end": 1289,
      "node-str": "FloatingWindowContainer"
    },
    {
      "type": "insert-node",
      "node": {
        "label": "",
        "type": "SimpleType"
      },
      "location-after-char-start": 1298,
      "location-after-char-end": 1304,
      "node-str": ""
    },
    {
      "type": "insert-node",
      "node": {
        "label": "",
        "type": "SimpleType"
      },
      "location-after-char-start": 1316,
      "location-after-char-end": 1339,
      "node-str": ""
    },
    {
      "type": "insert-node",
      "node": {
        "label": "",
        "type": "SimpleType"
      },
      "location-after-char-start": 1342,
      "location-after-char-end": 1364,
      "node-str": ""
    },
    {
      "type": "insert-node",
      "node": {
        "label": "",
        "type": "FieldDeclaration"
      },
      "location-after-char-start": 1368,
      "location-after-char-end": 1395,
      "node-str": ""
    },
    {
      "type": "insert-node",
      "node": {
        "label": "",
        "type": "MethodDeclaration"
      },
      "location-after-char-start": 2325,
      "location-after-char-end": 2668,
      "node-str": ""
    },
    {
      "type": "insert-node",
      "node": {
        "label": "",
        "type": "MethodDeclaration"
      },
      "location-after-char-start": 3550,
      "location-after-char-end": 3642,
      "node-str": ""
    },
    {
      "type": "insert-node",
      "node": {
        "label": "",
        "type": "FieldDeclaration"
      },
      "location-after-char-start": 3925,
      "location-after-char-end": 3977,
      "node-str": ""
    },
    {
      "type": "insert-node",
      "node": {
        "label": "",
        "type": "FieldDeclaration"
      },
      "location-after-char-start": 3979,
      "location-after-char-end": 4001,
      "node-str": ""
    },
    {
      "type": "insert-node",
      "node": {
        "label": "",
        "type": "FieldDeclaration"
      },
      "location-after-char-start": 4003,
      "location-after-char-end": 4045,
      "node-str": ""
    },
    {
      "type": "insert-node",
      "node": {
        "label": "",
        "type": "FieldDeclaration"
      },
      "location-after-char-start": 4047,
      "location-after-char-end": 4068,
      "node-str": ""
    },
    {
      "type": "insert-node",
      "node": {
        "label": "",
        "type": "TagElement"
      },
      "location-after-char-start": 1129,
      "location-after-char-end": 1207,
      "node-str": ""
    },
    {
      "type": "insert-node",
      "node": {
        "label": "",
        "type": "TagElement"
      },
      "location-after-char-start": 1211,
      "location-after-char-end": 1224,
      "node-str": ""
    },
    {
      "type": "insert-node",
      "node": {
        "label": "",
        "type": "TagElement"
      },
      "location-after-char-start": 1228,
      "location-after-char-end": 1248,
      "node-str": ""
    },
    {
      "type": "insert-node",
      "node": {
        "label": "JFrame",
        "type": "SimpleName"
      },
      "location-after-char-start": 1298,
      "location-after-char-end": 1304,
      "node-str": "JFrame"
    },
    {
      "type": "insert-node",
      "node": {
        "label": "DockableWindowContainer",
        "type": "SimpleName"
      },
      "location-after-char-start": 1316,
      "location-after-char-end": 1339,
      "node-str": "DockableWindowContainer"
    },
    {
      "type": "insert-node",
      "node": {
        "label": "PropertyChangeListener",
        "type": "SimpleName"
      },
      "location-after-char-start": 1342,
      "location-after-char-end": 1364,
      "node-str": "PropertyChangeListener"
    },
    {
      "type": "insert-node",
      "node": {
        "label": "",
        "type": "SimpleType"
      },
      "location-after-char-start": 1368,
      "location-after-char-end": 1374,
      "node-str": ""
    },
    {
      "type": "insert-node",
      "node": {
        "label": "",
        "type": "VariableDeclarationFragment"
      },
      "location-after-char-start": 1375,
      "location-after-char-end": 1394,
      "node-str": ""
    },
    {
      "type": "insert-node",
      "node": {
        "label": "public",
        "type": "Modifier"
      },
      "location-after-char-start": 2325,
      "location-after-char-end": 2331,
      "node-str": "public"
    },
    {
      "type": "insert-node",
      "node": {
        "label": "void",
        "type": "PrimitiveType"
      },
      "location-after-char-start": 2332,
      "location-after-char-end": 2336,
      "node-str": "void"
    },
    {
      "type": "insert-node",
      "node": {
        "label": "register",
        "type": "SimpleName"
      },
      "location-after-char-start": 2337,
      "location-after-char-end": 2345,
      "node-str": "register"
    },
    {
      "type": "insert-node",
      "node": {
        "label": "",
        "type": "SingleVariableDeclaration"
      },
      "location-after-char-start": 2346,
      "location-after-char-end": 2379,
      "node-str": ""
    },
    {
      "type": "insert-node",
      "node": {
        "label": "",
        "type": "Block"
      },
      "location-after-char-start": 2382,
      "location-after-char-end": 2668,
      "node-str": ""
    },
    {
      "type": "insert-node",
      "node": {
        "label": "public",
        "type": "Modifier"
      },
      "location-after-char-start": 3550,
      "location-after-char-end": 3556,
      "node-str": "public"
    },
    {
      "type": "insert-node",
      "node": {
        "label": "void",
        "type": "PrimitiveType"
      },
      "location-after-char-start": 3557,
      "location-after-char-end": 3561,
      "node-str": "void"
    },
    {
      "type": "insert-node",
      "node": {
        "label": "dispose",
        "type": "SimpleName"
      },
      "location-after-char-start": 3562,
      "location-after-char-end": 3569,
      "node-str": "dispose"
    },
    {
      "type": "insert-node",
      "node": {
        "label": "",
        "type": "Block"
      },
      "location-after-char-start": 3573,
      "location-after-char-end": 3642,
      "node-str": ""
    },
    {
      "type": "insert-node",
      "node": {
        "label": "private",
        "type": "Modifier"
      },
      "location-after-char-start": 3925,
      "location-after-char-end": 3932,
      "node-str": "private"
    },
    {
      "type": "insert-node",
      "node": {
        "label": "",
        "type": "SimpleType"
      },
      "location-after-char-start": 3933,
      "location-after-char-end": 3954,
      "node-str": ""
    },
    {
      "type": "insert-node",
      "node": {
        "label": "",
        "type": "VariableDeclarationFragment"
      },
      "location-after-char-start": 3955,
      "location-after-char-end": 3976,
      "node-str": ""
    },
    {
      "type": "insert-node",
      "node": {
        "label": "private",
        "type": "Modifier"
      },
      "location-after-char-start": 3979,
      "location-after-char-end": 3986,
      "node-str": "private"
    },
    {
      "type": "insert-node",
      "node": {
        "label": "boolean",
        "type": "PrimitiveType"
      },
      "location-after-char-start": 3987,
      "location-after-char-end": 3994,
      "node-str": "boolean"
    },
    {
      "type": "insert-node",
      "node": {
        "label": "",
        "type": "VariableDeclarationFragment"
      },
      "location-after-char-start": 3995,
      "location-after-char-end": 4000,
      "node-str": ""
    },
    {
      "type": "insert-node",
      "node": {
        "label": "private",
        "type": "Modifier"
      },
      "location-after-char-start": 4003,
      "location-after-char-end": 4010,
      "node-str": "private"
    },
    {
      "type": "insert-node",
      "node": {
        "label": "",
        "type": "SimpleType"
      },
      "location-after-char-start": 4011,
      "location-after-char-end": 4038,
      "node-str": ""
    },
    {
      "type": "insert-node",
      "node": {
        "label": "",
        "type": "VariableDeclarationFragment"
      },
      "location-after-char-start": 4039,
      "location-after-char-end": 4044,
      "node-str": ""
    },
    {
      "type": "insert-node",
      "node": {
        "label": "private",
        "type": "Modifier"
      },
      "location-after-char-start": 4047,
      "location-after-char-end": 4054,
      "node-str": "private"
    },
    {
      "type": "insert-node",
      "node": {
        "label": "",
        "type": "SimpleType"
      },
      "location-after-char-start": 4055,
      "location-after-char-end": 4062,
      "node-str": ""
    },
    {
      "type": "insert-node",
      "node": {
        "label": "",
        "type": "VariableDeclarationFragment"
      },
      "location-after-char-start": 4063,
      "location-after-char-end": 4067,
      "node-str": ""
    },
    {
      "type": "insert-node",
      "node": {
        "label": "A container for dockable windows. This class should never be used",
        "type": "TextElement"
      },
      "location-after-char-start": 1129,
      "location-after-char-end": 1194,
      "node-str": "A container for dockable windows. This class should never be used"
    },
    {
      "type": "insert-node",
      "node": {
        "label": "directly.",
        "type": "TextElement"
      },
      "location-after-char-start": 1198,
      "location-after-char-end": 1207,
      "node-str": "directly."
    },
    {
      "type": "insert-node",
      "node": {
        "label": " $Id$",
        "type": "TextElement"
      },
      "location-after-char-start": 1219,
      "location-after-char-end": 1224,
      "node-str": " $Id$"
    },
    {
      "type": "insert-node",
      "node": {
        "label": " jEdit 4.0pre1",
        "type": "TextElement"
      },
      "location-after-char-start": 1234,
      "location-after-char-end": 1248,
      "node-str": " jEdit 4.0pre1"
    },
    {
      "type": "insert-node",
      "node": {
        "label": "String",
        "type": "SimpleName"
      },
      "location-after-char-start": 1368,
      "location-after-char-end": 1374,
      "node-str": "String"
    },
    {
      "type": "insert-node",
      "node": {
        "label": "dockableName",
        "type": "SimpleName"
      },
      "location-after-char-start": 1375,
      "location-after-char-end": 1387,
      "node-str": "dockableName"
    },
    {
      "type": "insert-node",
      "node": {
        "label": "",
        "type": "NullLiteral"
      },
      "location-after-char-start": 1390,
      "location-after-char-end": 1394,
      "node-str": ""
    },
    {
      "type": "insert-node",
      "node": {
        "label": "",
        "type": "SimpleType"
      },
      "location-after-char-start": 2346,
      "location-after-char-end": 2373,
      "node-str": ""
    },
    {
      "type": "insert-node",
      "node": {
        "label": "entry",
        "type": "SimpleName"
      },
      "location-after-char-start": 2374,
      "location-after-char-end": 2379,
      "node-str": "entry"
    },
    {
      "type": "move-subtree",
      "node": {
        "label": "",
        "type": "ExpressionStatement"
      },
      "location-before-char-start": 2386,
      "location-before-char-end": 2405,
      "location-after-char-start": 2386,
      "location-after-char-end": 2405,
      "node-str": ""
    },
    {
      "type": "insert-node",
      "node": {
        "label": "",
        "type": "ExpressionStatement"
      },
      "location-after-char-start": 2408,
      "location-after-char-end": 2442,
      "node-str": ""
    },
    {
      "type": "move-subtree",
      "node": {
        "label": "",
        "type": "ExpressionStatement"
      },
      "location-before-char-start": 2446,
      "location-before-char-end": 2470,
      "location-after-char-start": 2446,
      "location-after-char-end": 2470,
      "node-str": ""
    },
    {
      "type": "move-subtree",
      "node": {
        "label": "",
        "type": "ExpressionStatement"
      },
      "location-before-char-start": 2474,
      "location-before-char-end": 2526,
      "location-after-char-start": 2474,
      "location-after-char-end": 2526,
      "node-str": ""
    },
    {
      "type": "insert-node",
      "node": {
        "label": "",
        "type": "ExpressionStatement"
      },
      "location-after-char-start": 2530,
      "location-after-char-end": 2537,
      "node-str": ""
    },
    {
      "type": "move-subtree",
      "node": {
        "label": "",
        "type": "ExpressionStatement"
      },
      "location-before-char-start": 2540,
      "location-before-char-end": 2591,
      "location-after-char-start": 2540,
      "location-after-char-end": 2591,
      "node-str": ""
    },
    {
      "type": "insert-node",
      "node": {
        "label": "",
        "type": "ExpressionStatement"
      },
      "location-after-char-start": 2594,
      "location-after-char-end": 2645,
      "node-str": ""
    },
    {
      "type": "move-subtree",
      "node": {
        "label": "",
        "type": "ExpressionStatement"
      },
      "location-before-char-start": 2594,
      "location-before-char-end": 2611,
      "location-after-char-start": 2648,
      "location-after-char-end": 2665,
      "node-str": ""
    },
    {
      "type": "insert-node",
      "node": {
        "label": "",
        "type": "ExpressionStatement"
      },
      "location-after-char-start": 3577,
      "location-after-char-end": 3600,
      "node-str": ""
    },
    {
      "type": "insert-node",
      "node": {
        "label": "",
        "type": "ExpressionStatement"
      },
      "location-after-char-start": 3603,
      "location-after-char-end": 3620,
      "node-str": ""
    },
    {
      "type": "insert-node",
      "node": {
        "label": "",
        "type": "ExpressionStatement"
      },
      "location-after-char-start": 3623,
      "location-after-char-end": 3639,
      "node-str": ""
    },
    {
      "type": "insert-node",
      "node": {
        "label": "DockableWindowManager",
        "type": "SimpleName"
      },
      "location-after-char-start": 3933,
      "location-after-char-end": 3954,
      "node-str": "DockableWindowManager"
    },
    {
      "type": "insert-node",
      "node": {
        "label": "dockableWindowManager",
        "type": "SimpleName"
      },
      "location-after-char-start": 3955,
      "location-after-char-end": 3976,
      "node-str": "dockableWindowManager"
    },
    {
      "type": "insert-node",
      "node": {
        "label": "clone",
        "type": "SimpleName"
      },
      "location-after-char-start": 3995,
      "location-after-char-end": 4000,
      "node-str": "clone"
    },
    {
      "type": "insert-node",
      "node": {
        "label": "DockableWindowManager.Entry",
        "type": "QualifiedName"
      },
      "location-after-char-start": 4011,
      "location-after-char-end": 4038,
      "node-str": "DockableWindowManager.Entry"
    },
    {
      "type": "insert-node",
      "node": {
        "label": "entry",
        "type": "SimpleName"
      },
      "location-after-char-start": 4039,
      "location-after-char-end": 4044,
      "node-str": "entry"
    },
    {
      "type": "insert-node",
      "node": {
        "label": "JButton",
        "type": "SimpleName"
      },
      "location-after-char-start": 4055,
      "location-after-char-end": 4062,
      "node-str": "JButton"
    },
    {
      "type": "insert-node",
      "node": {
        "label": "menu",
        "type": "SimpleName"
      },
      "location-after-char-start": 4063,
      "location-after-char-end": 4067,
      "node-str": "menu"
    },
    {
      "type": "insert-node",
      "node": {
        "label": "DockableWindowManager.Entry",
        "type": "QualifiedName"
      },
      "location-after-char-start": 2346,
      "location-after-char-end": 2373,
      "node-str": "DockableWindowManager.Entry"
    },
    {
      "type": "insert-node",
      "node": {
        "label": "",
        "type": "Assignment"
      },
      "location-after-char-start": 2408,
      "location-after-char-end": 2441,
      "node-str": ""
    },
    {
      "type": "insert-node",
      "node": {
        "label": "",
        "type": "MethodInvocation"
      },
      "location-after-char-start": 2530,
      "location-after-char-end": 2536,
      "node-str": ""
    },
    {
      "type": "insert-node",
      "node": {
        "label": "",
        "type": "MethodInvocation"
      },
      "location-after-char-start": 2594,
      "location-after-char-end": 2644,
      "node-str": ""
    },
    {
      "type": "insert-node",
      "node": {
        "label": "",
        "type": "Assignment"
      },
      "location-after-char-start": 3577,
      "location-after-char-end": 3599,
      "node-str": ""
    },
    {
      "type": "insert-node",
      "node": {
        "label": "",
        "type": "Assignment"
      },
      "location-after-char-start": 3603,
      "location-after-char-end": 3619,
      "node-str": ""
    },
    {
      "type": "insert-node",
      "node": {
        "label": "",
        "type": "SuperMethodInvocation"
      },
      "location-after-char-start": 3623,
      "location-after-char-end": 3638,
      "node-str": ""
    },
    {
      "type": "insert-node",
      "node": {
        "label": "dockableName",
        "type": "SimpleName"
      },
      "location-after-char-start": 2408,
      "location-after-char-end": 2420,
      "node-str": "dockableName"
    },
    {
      "type": "insert-node",
      "node": {
        "label": "\u003d",
        "type": "ASSIGNMENT_OPERATOR"
      },
      "location-after-char-start": 2421,
      "location-after-char-end": 2422,
      "node-str": "\u003d"
    },
    {
      "type": "insert-node",
      "node": {
        "label": "entry.factory.name",
        "type": "QualifiedName"
      },
      "location-after-char-start": 2423,
      "location-after-char-end": 2441,
      "node-str": "entry.factory.name"
    },
    {
      "type": "insert-node",
      "node": {
        "label": "pack",
        "type": "SimpleName"
      },
      "location-after-char-start": 2530,
      "location-after-char-end": 2534,
      "node-str": "pack"
    },
    {
      "type": "insert-node",
      "node": {
        "label": "",
        "type": "METHOD_INVOCATION_RECEIVER"
      },
      "location-after-char-start": 2594,
      "location-after-char-end": 2606,
      "node-str": ""
    },
    {
      "type": "insert-node",
      "node": {
        "label": "addSizeSaver",
        "type": "SimpleName"
      },
      "location-after-char-start": 2607,
      "location-after-char-end": 2619,
      "node-str": "addSizeSaver"
    },
    {
      "type": "insert-node",
      "node": {
        "label": "",
        "type": "METHOD_INVOCATION_ARGUMENTS"
      },
      "location-after-char-start": 2620,
      "location-after-char-end": 2643,
      "node-str": ""
    },
    {
      "type": "insert-node",
      "node": {
        "label": "entry.container",
        "type": "QualifiedName"
      },
      "location-after-char-start": 3577,
      "location-after-char-end": 3592,
      "node-str": "entry.container"
    },
    {
      "type": "insert-node",
      "node": {
        "label": "\u003d",
        "type": "ASSIGNMENT_OPERATOR"
      },
      "location-after-char-start": 3593,
      "location-after-char-end": 3594,
      "node-str": "\u003d"
    },
    {
      "type": "insert-node",
      "node": {
        "label": "",
        "type": "NullLiteral"
      },
      "location-after-char-start": 3595,
      "location-after-char-end": 3599,
      "node-str": ""
    },
    {
      "type": "insert-node",
      "node": {
        "label": "entry.win",
        "type": "QualifiedName"
      },
      "location-after-char-start": 3603,
      "location-after-char-end": 3612,
      "node-str": "entry.win"
    },
    {
      "type": "insert-node",
      "node": {
        "label": "\u003d",
        "type": "ASSIGNMENT_OPERATOR"
      },
      "location-after-char-start": 3613,
      "location-after-char-end": 3614,
      "node-str": "\u003d"
    },
    {
      "type": "insert-node",
      "node": {
        "label": "",
        "type": "NullLiteral"
      },
      "location-after-char-start": 3615,
      "location-after-char-end": 3619,
      "node-str": ""
    },
    {
      "type": "insert-node",
      "node": {
        "label": "dispose",
        "type": "SimpleName"
      },
      "location-after-char-start": 3629,
      "location-after-char-end": 3636,
      "node-str": "dispose"
    },
    {
      "type": "insert-node",
      "node": {
        "label": "GUIUtilities",
        "type": "SimpleName"
      },
      "location-after-char-start": 2594,
      "location-after-char-end": 2606,
      "node-str": "GUIUtilities"
    },
    {
      "type": "insert-node",
      "node": {
        "label": "",
        "type": "ThisExpression"
      },
      "location-after-char-start": 2620,
      "location-after-char-end": 2624,
      "node-str": ""
    },
    {
      "type": "insert-node",
      "node": {
        "label": "entry.factory.name",
        "type": "QualifiedName"
      },
      "location-after-char-start": 2625,
      "location-after-char-end": 2643,
      "node-str": "entry.factory.name"
    },
    {
      "type": "delete-node",
      "node": {
        "label": "org.gjt.sp.jedit.gui",
        "type": "QualifiedName"
      },
      "location-before-char-start": 903,
      "location-before-char-end": 923,
      "node-str": "org.gjt.sp.jedit.gui"
    },
    {
      "type": "delete-node",
      "node": {
        "label": "",
        "type": "PackageDeclaration"
      },
      "location-before-char-start": 895,
      "location-before-char-end": 924,
      "node-str": ""
    },
    {
      "type": "delete-node",
      "node": {
        "label": "javax.swing",
        "type": "QualifiedName"
      },
      "location-before-char-start": 947,
      "location-before-char-end": 958,
      "node-str": "javax.swing"
    },
    {
      "type": "delete-node",
      "node": {
        "label": "",
        "type": "ImportDeclaration"
      },
      "location-before-char-start": 940,
      "location-before-char-end": 961,
      "node-str": ""
    },
    {
      "type": "delete-node",
      "node": {
        "label": "java.awt.event",
        "type": "QualifiedName"
      },
      "location-before-char-start": 969,
      "location-before-char-end": 983,
      "node-str": "java.awt.event"
    },
    {
      "type": "delete-node",
      "node": {
        "label": "",
        "type": "ImportDeclaration"
      },
      "location-before-char-start": 962,
      "location-before-char-end": 986,
      "node-str": ""
    },
    {
      "type": "delete-node",
      "node": {
        "label": "java.awt",
        "type": "QualifiedName"
      },
      "location-before-char-start": 994,
      "location-before-char-end": 1002,
      "node-str": "java.awt"
    },
    {
      "type": "delete-node",
      "node": {
        "label": "",
        "type": "ImportDeclaration"
      },
      "location-before-char-start": 987,
      "location-before-char-end": 1005,
      "node-str": ""
    },
    {
      "type": "delete-node",
      "node": {
        "label": "java.beans.PropertyChangeEvent",
        "type": "QualifiedName"
      },
      "location-before-char-start": 1013,
      "location-before-char-end": 1043,
      "node-str": "java.beans.PropertyChangeEvent"
    },
    {
      "type": "delete-node",
      "node": {
        "label": "",
        "type": "ImportDeclaration"
      },
      "location-before-char-start": 1006,
      "location-before-char-end": 1044,
      "node-str": ""
    },
    {
      "type": "delete-node",
      "node": {
        "label": "java.beans.PropertyChangeListener",
        "type": "QualifiedName"
      },
      "location-before-char-start": 1052,
      "location-before-char-end": 1085,
      "node-str": "java.beans.PropertyChangeListener"
    },
    {
      "type": "delete-node",
      "node": {
        "label": "",
        "type": "ImportDeclaration"
      },
      "location-before-char-start": 1045,
      "location-before-char-end": 1086,
      "node-str": ""
    },
    {
      "type": "delete-node",
      "node": {
        "label": "org.gjt.sp.jedit",
        "type": "QualifiedName"
      },
      "location-before-char-start": 1095,
      "location-before-char-end": 1111,
      "node-str": "org.gjt.sp.jedit"
    },
    {
      "type": "delete-node",
      "node": {
        "label": "",
        "type": "ImportDeclaration"
      },
      "location-before-char-start": 1088,
      "location-before-char-end": 1114,
      "node-str": ""
    },
    {
      "type": "delete-node",
      "node": {
        "label": "A container for dockable windows. This class should never be used",
        "type": "TextElement"
      },
      "location-before-char-start": 1129,
      "location-before-char-end": 1194,
      "node-str": "A container for dockable windows. This class should never be used"
    },
    {
      "type": "delete-node",
      "node": {
        "label": "directly.",
        "type": "TextElement"
      },
      "location-before-char-start": 1198,
      "location-before-char-end": 1207,
      "node-str": "directly."
    },
    {
      "type": "delete-node",
      "node": {
        "label": "",
        "type": "TagElement"
      },
      "location-before-char-start": 1129,
      "location-before-char-end": 1207,
      "node-str": ""
    },
    {
      "type": "delete-node",
      "node": {
        "label": " $Id$",
        "type": "TextElement"
      },
      "location-before-char-start": 1219,
      "location-before-char-end": 1224,
      "node-str": " $Id$"
    },
    {
      "type": "delete-node",
      "node": {
        "label": "",
        "type": "TagElement"
      },
      "location-before-char-start": 1211,
      "location-before-char-end": 1224,
      "node-str": ""
    },
    {
      "type": "delete-node",
      "node": {
        "label": " jEdit 4.0pre1",
        "type": "TextElement"
      },
      "location-before-char-start": 1234,
      "location-before-char-end": 1248,
      "node-str": " jEdit 4.0pre1"
    },
    {
      "type": "delete-node",
      "node": {
        "label": "",
        "type": "TagElement"
      },
      "location-before-char-start": 1228,
      "location-before-char-end": 1248,
      "node-str": ""
    },
    {
      "type": "delete-node",
      "node": {
        "label": "",
        "type": "Javadoc"
      },
      "location-before-char-start": 1122,
      "location-before-char-end": 1252,
      "node-str": ""
    },
    {
      "type": "delete-node",
      "node": {
        "label": "public",
        "type": "Modifier"
      },
      "location-before-char-start": 1253,
      "location-before-char-end": 1259,
      "node-str": "public"
    },
    {
      "type": "delete-node",
      "node": {
        "label": "class",
        "type": "TYPE_DECLARATION_KIND"
      },
      "location-before-char-start": 1260,
      "location-before-char-end": 1265,
      "node-str": "class"
    },
    {
      "type": "delete-node",
      "node": {
        "label": "FloatingWindowContainer",
        "type": "SimpleName"
      },
      "location-before-char-start": 1266,
      "location-before-char-end": 1289,
      "node-str": "FloatingWindowContainer"
    },
    {
      "type": "delete-node",
      "node": {
        "label": "JFrame",
        "type": "SimpleName"
      },
      "location-before-char-start": 1298,
      "location-before-char-end": 1304,
      "node-str": "JFrame"
    },
    {
      "type": "delete-node",
      "node": {
        "label": "",
        "type": "SimpleType"
      },
      "location-before-char-start": 1298,
      "location-before-char-end": 1304,
      "node-str": ""
    },
    {
      "type": "delete-node",
      "node": {
        "label": "DockableWindowContainer",
        "type": "SimpleName"
      },
      "location-before-char-start": 1316,
      "location-before-char-end": 1339,
      "node-str": "DockableWindowContainer"
    },
    {
      "type": "delete-node",
      "node": {
        "label": "",
        "type": "SimpleType"
      },
      "location-before-char-start": 1316,
      "location-before-char-end": 1339,
      "node-str": ""
    },
    {
      "type": "delete-node",
      "node": {
        "label": "PropertyChangeListener",
        "type": "SimpleName"
      },
      "location-before-char-start": 1342,
      "location-before-char-end": 1364,
      "node-str": "PropertyChangeListener"
    },
    {
      "type": "delete-node",
      "node": {
        "label": "",
        "type": "SimpleType"
      },
      "location-before-char-start": 1342,
      "location-before-char-end": 1364,
      "node-str": ""
    },
    {
      "type": "delete-node",
      "node": {
        "label": "String",
        "type": "SimpleName"
      },
      "location-before-char-start": 1368,
      "location-before-char-end": 1374,
      "node-str": "String"
    },
    {
      "type": "delete-node",
      "node": {
        "label": "",
        "type": "SimpleType"
      },
      "location-before-char-start": 1368,
      "location-before-char-end": 1374,
      "node-str": ""
    },
    {
      "type": "delete-node",
      "node": {
        "label": "dockableName",
        "type": "SimpleName"
      },
      "location-before-char-start": 1375,
      "location-before-char-end": 1387,
      "node-str": "dockableName"
    },
    {
      "type": "delete-node",
      "node": {
        "label": "",
        "type": "NullLiteral"
      },
      "location-before-char-start": 1390,
      "location-before-char-end": 1394,
      "node-str": ""
    },
    {
      "type": "delete-node",
      "node": {
        "label": "",
        "type": "VariableDeclarationFragment"
      },
      "location-before-char-start": 1375,
      "location-before-char-end": 1394,
      "node-str": ""
    },
    {
      "type": "delete-node",
      "node": {
        "label": "",
        "type": "FieldDeclaration"
      },
      "location-before-char-start": 1368,
      "location-before-char-end": 1395,
      "node-str": ""
    },
    {
      "type": "delete-node",
      "node": {
        "label": "public",
        "type": "Modifier"
      },
      "location-before-char-start": 2325,
      "location-before-char-end": 2331,
      "node-str": "public"
    },
    {
      "type": "delete-node",
      "node": {
        "label": "void",
        "type": "PrimitiveType"
      },
      "location-before-char-start": 2332,
      "location-before-char-end": 2336,
      "node-str": "void"
    },
    {
      "type": "delete-node",
      "node": {
        "label": "register",
        "type": "SimpleName"
      },
      "location-before-char-start": 2337,
      "location-before-char-end": 2345,
      "node-str": "register"
    },
    {
      "type": "delete-node",
      "node": {
        "label": "DockableWindowManager.Entry",
        "type": "QualifiedName"
      },
      "location-before-char-start": 2346,
      "location-before-char-end": 2373,
      "node-str": "DockableWindowManager.Entry"
    },
    {
      "type": "delete-node",
      "node": {
        "label": "",
        "type": "SimpleType"
      },
      "location-before-char-start": 2346,
      "location-before-char-end": 2373,
      "node-str": ""
    },
    {
      "type": "delete-node",
      "node": {
        "label": "entry",
        "type": "SimpleName"
      },
      "location-before-char-start": 2374,
      "location-before-char-end": 2379,
      "node-str": "entry"
    },
    {
      "type": "delete-node",
      "node": {
        "label": "",
        "type": "SingleVariableDeclaration"
      },
      "location-before-char-start": 2346,
      "location-before-char-end": 2379,
      "node-str": ""
    },
    {
      "type": "delete-node",
      "node": {
        "label": "dockableName",
        "type": "SimpleName"
      },
      "location-before-char-start": 2408,
      "location-before-char-end": 2420,
      "node-str": "dockableName"
    },
    {
      "type": "delete-node",
      "node": {
        "label": "\u003d",
        "type": "ASSIGNMENT_OPERATOR"
      },
      "location-before-char-start": 2421,
      "location-before-char-end": 2422,
      "node-str": "\u003d"
    },
    {
      "type": "delete-node",
      "node": {
        "label": "entry.factory.name",
        "type": "QualifiedName"
      },
      "location-before-char-start": 2423,
      "location-before-char-end": 2441,
      "node-str": "entry.factory.name"
    },
    {
      "type": "delete-node",
      "node": {
        "label": "",
        "type": "Assignment"
      },
      "location-before-char-start": 2408,
      "location-before-char-end": 2441,
      "node-str": ""
    },
    {
      "type": "delete-node",
      "node": {
        "label": "",
        "type": "ExpressionStatement"
      },
      "location-before-char-start": 2408,
      "location-before-char-end": 2442,
      "node-str": ""
    },
    {
      "type": "delete-node",
      "node": {
        "label": "pack",
        "type": "SimpleName"
      },
      "location-before-char-start": 2530,
      "location-before-char-end": 2534,
      "node-str": "pack"
    },
    {
      "type": "delete-node",
      "node": {
        "label": "",
        "type": "MethodInvocation"
      },
      "location-before-char-start": 2530,
      "location-before-char-end": 2536,
      "node-str": ""
    },
    {
      "type": "delete-node",
      "node": {
        "label": "",
        "type": "ExpressionStatement"
      },
      "location-before-char-start": 2530,
      "location-before-char-end": 2537,
      "node-str": ""
    },
    {
      "type": "delete-node",
      "node": {
        "label": "",
        "type": "Block"
      },
      "location-before-char-start": 2382,
      "location-before-char-end": 2614,
      "node-str": ""
    },
    {
      "type": "delete-node",
      "node": {
        "label": "",
        "type": "MethodDeclaration"
      },
      "location-before-char-start": 2325,
      "location-before-char-end": 2614,
      "node-str": ""
    },
    {
      "type": "delete-node",
      "node": {
        "label": "public",
        "type": "Modifier"
      },
      "location-before-char-start": 3496,
      "location-before-char-end": 3502,
      "node-str": "public"
    },
    {
      "type": "delete-node",
      "node": {
        "label": "void",
        "type": "PrimitiveType"
      },
      "location-before-char-start": 3503,
      "location-before-char-end": 3507,
      "node-str": "void"
    },
    {
      "type": "delete-node",
      "node": {
        "label": "dispose",
        "type": "SimpleName"
      },
      "location-before-char-start": 3508,
      "location-before-char-end": 3515,
      "node-str": "dispose"
    },
    {
      "type": "delete-node",
      "node": {
        "label": "GUIUtilities",
        "type": "SimpleName"
      },
      "location-before-char-start": 3523,
      "location-before-char-end": 3535,
      "node-str": "GUIUtilities"
    },
    {
      "type": "delete-node",
      "node": {
        "label": "",
        "type": "METHOD_INVOCATION_RECEIVER"
      },
      "location-before-char-start": 3523,
      "location-before-char-end": 3535,
      "node-str": ""
    },
    {
      "type": "delete-node",
      "node": {
        "label": "saveGeometry",
        "type": "SimpleName"
      },
      "location-before-char-start": 3536,
      "location-before-char-end": 3548,
      "node-str": "saveGeometry"
    },
    {
      "type": "delete-node",
      "node": {
        "label": "",
        "type": "ThisExpression"
      },
      "location-before-char-start": 3549,
      "location-before-char-end": 3553,
      "node-str": ""
    },
    {
      "type": "delete-node",
      "node": {
        "label": "entry.factory.name",
        "type": "QualifiedName"
      },
      "location-before-char-start": 3554,
      "location-before-char-end": 3572,
      "node-str": "entry.factory.name"
    },
    {
      "type": "delete-node",
      "node": {
        "label": "",
        "type": "METHOD_INVOCATION_ARGUMENTS"
      },
      "location-before-char-start": 3549,
      "location-before-char-end": 3572,
      "node-str": ""
    },
    {
      "type": "delete-node",
      "node": {
        "label": "",
        "type": "MethodInvocation"
      },
      "location-before-char-start": 3523,
      "location-before-char-end": 3573,
      "node-str": ""
    },
    {
      "type": "delete-node",
      "node": {
        "label": "",
        "type": "ExpressionStatement"
      },
      "location-before-char-start": 3523,
      "location-before-char-end": 3574,
      "node-str": ""
    },
    {
      "type": "delete-node",
      "node": {
        "label": "entry.container",
        "type": "QualifiedName"
      },
      "location-before-char-start": 3577,
      "location-before-char-end": 3592,
      "node-str": "entry.container"
    },
    {
      "type": "delete-node",
      "node": {
        "label": "\u003d",
        "type": "ASSIGNMENT_OPERATOR"
      },
      "location-before-char-start": 3593,
      "location-before-char-end": 3594,
      "node-str": "\u003d"
    },
    {
      "type": "delete-node",
      "node": {
        "label": "",
        "type": "NullLiteral"
      },
      "location-before-char-start": 3595,
      "location-before-char-end": 3599,
      "node-str": ""
    },
    {
      "type": "delete-node",
      "node": {
        "label": "",
        "type": "Assignment"
      },
      "location-before-char-start": 3577,
      "location-before-char-end": 3599,
      "node-str": ""
    },
    {
      "type": "delete-node",
      "node": {
        "label": "",
        "type": "ExpressionStatement"
      },
      "location-before-char-start": 3577,
      "location-before-char-end": 3600,
      "node-str": ""
    },
    {
      "type": "delete-node",
      "node": {
        "label": "entry.win",
        "type": "QualifiedName"
      },
      "location-before-char-start": 3603,
      "location-before-char-end": 3612,
      "node-str": "entry.win"
    },
    {
      "type": "delete-node",
      "node": {
        "label": "\u003d",
        "type": "ASSIGNMENT_OPERATOR"
      },
      "location-before-char-start": 3613,
      "location-before-char-end": 3614,
      "node-str": "\u003d"
    },
    {
      "type": "delete-node",
      "node": {
        "label": "",
        "type": "NullLiteral"
      },
      "location-before-char-start": 3615,
      "location-before-char-end": 3619,
      "node-str": ""
    },
    {
      "type": "delete-node",
      "node": {
        "label": "",
        "type": "Assignment"
      },
      "location-before-char-start": 3603,
      "location-before-char-end": 3619,
      "node-str": ""
    },
    {
      "type": "delete-node",
      "node": {
        "label": "",
        "type": "ExpressionStatement"
      },
      "location-before-char-start": 3603,
      "location-before-char-end": 3620,
      "node-str": ""
    },
    {
      "type": "delete-node",
      "node": {
        "label": "dispose",
        "type": "SimpleName"
      },
      "location-before-char-start": 3629,
      "location-before-char-end": 3636,
      "node-str": "dispose"
    },
    {
      "type": "delete-node",
      "node": {
        "label": "",
        "type": "SuperMethodInvocation"
      },
      "location-before-char-start": 3623,
      "location-before-char-end": 3638,
      "node-str": ""
    },
    {
      "type": "delete-node",
      "node": {
        "label": "",
        "type": "ExpressionStatement"
      },
      "location-before-char-start": 3623,
      "location-before-char-end": 3639,
      "node-str": ""
    },
    {
      "type": "delete-node",
      "node": {
        "label": "",
        "type": "Block"
      },
      "location-before-char-start": 3519,
      "location-before-char-end": 3642,
      "node-str": ""
    },
    {
      "type": "delete-node",
      "node": {
        "label": "",
        "type": "MethodDeclaration"
      },
      "location-before-char-start": 3496,
      "location-before-char-end": 3642,
      "node-str": ""
    },
    {
      "type": "delete-node",
      "node": {
        "label": "private",
        "type": "Modifier"
      },
      "location-before-char-start": 3925,
      "location-before-char-end": 3932,
      "node-str": "private"
    },
    {
      "type": "delete-node",
      "node": {
        "label": "DockableWindowManager",
        "type": "SimpleName"
      },
      "location-before-char-start": 3933,
      "location-before-char-end": 3954,
      "node-str": "DockableWindowManager"
    },
    {
      "type": "delete-node",
      "node": {
        "label": "",
        "type": "SimpleType"
      },
      "location-before-char-start": 3933,
      "location-before-char-end": 3954,
      "node-str": ""
    },
    {
      "type": "delete-node",
      "node": {
        "label": "dockableWindowManager",
        "type": "SimpleName"
      },
      "location-before-char-start": 3955,
      "location-before-char-end": 3976,
      "node-str": "dockableWindowManager"
    },
    {
      "type": "delete-node",
      "node": {
        "label": "",
        "type": "VariableDeclarationFragment"
      },
      "location-before-char-start": 3955,
      "location-before-char-end": 3976,
      "node-str": ""
    },
    {
      "type": "delete-node",
      "node": {
        "label": "",
        "type": "FieldDeclaration"
      },
      "location-before-char-start": 3925,
      "location-before-char-end": 3977,
      "node-str": ""
    },
    {
      "type": "delete-node",
      "node": {
        "label": "private",
        "type": "Modifier"
      },
      "location-before-char-start": 3979,
      "location-before-char-end": 3986,
      "node-str": "private"
    },
    {
      "type": "delete-node",
      "node": {
        "label": "boolean",
        "type": "PrimitiveType"
      },
      "location-before-char-start": 3987,
      "location-before-char-end": 3994,
      "node-str": "boolean"
    },
    {
      "type": "delete-node",
      "node": {
        "label": "clone",
        "type": "SimpleName"
      },
      "location-before-char-start": 3995,
      "location-before-char-end": 4000,
      "node-str": "clone"
    },
    {
      "type": "delete-node",
      "node": {
        "label": "",
        "type": "VariableDeclarationFragment"
      },
      "location-before-char-start": 3995,
      "location-before-char-end": 4000,
      "node-str": ""
    },
    {
      "type": "delete-node",
      "node": {
        "label": "",
        "type": "FieldDeclaration"
      },
      "location-before-char-start": 3979,
      "location-before-char-end": 4001,
      "node-str": ""
    },
    {
      "type": "delete-node",
      "node": {
        "label": "private",
        "type": "Modifier"
      },
      "location-before-char-start": 4003,
      "location-before-char-end": 4010,
      "node-str": "private"
    },
    {
      "type": "delete-node",
      "node": {
        "label": "DockableWindowManager.Entry",
        "type": "QualifiedName"
      },
      "location-before-char-start": 4011,
      "location-before-char-end": 4038,
      "node-str": "DockableWindowManager.Entry"
    },
    {
      "type": "delete-node",
      "node": {
        "label": "",
        "type": "SimpleType"
      },
      "location-before-char-start": 4011,
      "location-before-char-end": 4038,
      "node-str": ""
    },
    {
      "type": "delete-node",
      "node": {
        "label": "entry",
        "type": "SimpleName"
      },
      "location-before-char-start": 4039,
      "location-before-char-end": 4044,
      "node-str": "entry"
    },
    {
      "type": "delete-node",
      "node": {
        "label": "",
        "type": "VariableDeclarationFragment"
      },
      "location-before-char-start": 4039,
      "location-before-char-end": 4044,
      "node-str": ""
    },
    {
      "type": "delete-node",
      "node": {
        "label": "",
        "type": "FieldDeclaration"
      },
      "location-before-char-start": 4003,
      "location-before-char-end": 4045,
      "node-str": ""
    },
    {
      "type": "delete-node",
      "node": {
        "label": "private",
        "type": "Modifier"
      },
      "location-before-char-start": 4047,
      "location-before-char-end": 4054,
      "node-str": "private"
    },
    {
      "type": "delete-node",
      "node": {
        "label": "JButton",
        "type": "SimpleName"
      },
      "location-before-char-start": 4055,
      "location-before-char-end": 4062,
      "node-str": "JButton"
    },
    {
      "type": "delete-node",
      "node": {
        "label": "",
        "type": "SimpleType"
      },
      "location-before-char-start": 4055,
      "location-before-char-end": 4062,
      "node-str": ""
    },
    {
      "type": "delete-node",
      "node": {
        "label": "menu",
        "type": "SimpleName"
      },
      "location-before-char-start": 4063,
      "location-before-char-end": 4067,
      "node-str": "menu"
    },
    {
      "type": "delete-node",
      "node": {
        "label": "",
        "type": "VariableDeclarationFragment"
      },
      "location-before-char-start": 4063,
      "location-before-char-end": 4067,
      "node-str": ""
    },
    {
      "type": "delete-node",
      "node": {
        "label": "",
        "type": "FieldDeclaration"
      },
      "location-before-char-start": 4047,
      "location-before-char-end": 4068,
      "node-str": ""
    }
  ],
  "before-file": {},
  "after-file": {},
  "mapping": {}
}