{
  "tool-info": {},
  "diff": [
    {
      "type": "insert-node",
      "node": {
        "label": "objectsEqual",
        "type": "Method"
      },
      "location-after-char-start": 34337,
      "location-after-char-end": 34722,
      "node-str": "objectsEqual"
    },
    {
      "type": "move-subtree",
      "node": {
        "label": "boolean",
        "type": "RETURN_TYPE"
      },
      "location-before-char-start": 0,
      "location-before-char-end": 0,
      "location-after-char-start": 0,
      "location-after-char-end": 0,
      "node-str": "boolean"
    },
    {
      "type": "move-subtree",
      "node": {
        "label": "public",
        "type": "Modifier"
      },
      "location-before-char-start": 0,
      "location-before-char-end": 0,
      "location-after-char-start": 0,
      "location-after-char-end": 0,
      "node-str": "public"
    },
    {
      "type": "move-subtree",
      "node": {
        "label": "static",
        "type": "Modifier"
      },
      "location-before-char-start": 0,
      "location-before-char-end": 0,
      "location-after-char-start": 0,
      "location-after-char-end": 0,
      "node-str": "static"
    },
    {
      "type": "move-subtree",
      "node": {
        "label": "o1",
        "type": "Parameter"
      },
      "location-before-char-start": 34694,
      "location-before-char-end": 34702,
      "location-after-char-start": 34641,
      "location-after-char-end": 34649,
      "node-str": "o1"
    },
    {
      "type": "move-subtree",
      "node": {
        "label": "o2",
        "type": "Parameter"
      },
      "location-before-char-start": 34705,
      "location-before-char-end": 34713,
      "location-after-char-start": 34652,
      "location-after-char-end": 34660,
      "node-str": "o2"
    },
    {
      "type": "insert-node",
      "node": {
        "label": "return",
        "type": "Return"
      },
      "location-after-char-start": 34668,
      "location-after-char-end": 34713,
      "node-str": "return"
    },
    {
      "type": "insert-node",
      "node": {
        "label": "objectsEqual",
        "type": "Invocation"
      },
      "location-after-char-start": 34675,
      "location-after-char-end": 34712,
      "node-str": "objectsEqual"
    },
    {
      "type": "insert-node",
      "node": {
        "label": "org.gjt.sp.util.StandardUtilities",
        "type": "TypeAccess"
      },
      "location-after-char-start": 34287,
      "location-after-char-end": 34303,
      "node-str": "org.gjt.sp.util.StandardUtilities"
    },
    {
      "type": "insert-node",
      "node": {
        "label": "org.gjt.sp.util.StandardUtilities",
        "type": "TypeAccess"
      },
      "location-after-char-start": 34675,
      "location-after-char-end": 34691,
      "node-str": "org.gjt.sp.util.StandardUtilities"
    },
    {
      "type": "move-subtree",
      "node": {
        "label": "o1",
        "type": "VariableRead"
      },
      "location-before-char-start": 34724,
      "location-before-char-end": 34725,
      "location-after-char-start": 34706,
      "location-after-char-end": 34707,
      "node-str": "o1"
    },
    {
      "type": "move-subtree",
      "node": {
        "label": "o2",
        "type": "VariableRead"
      },
      "location-before-char-start": 34871,
      "location-before-char-end": 34872,
      "location-after-char-start": 34710,
      "location-after-char-end": 34711,
      "node-str": "o2"
    },
    {
      "type": "delete-node",
      "node": {
        "label": "null",
        "type": "Literal"
      },
      "location-before-char-start": 34730,
      "location-before-char-end": 34733,
      "node-str": "null"
    },
    {
      "type": "delete-node",
      "node": {
        "label": "EQ",
        "type": "BinaryOperator"
      },
      "location-before-char-start": 34724,
      "location-before-char-end": 34733,
      "node-str": "EQ"
    },
    {
      "type": "delete-node",
      "node": {
        "label": "o2",
        "type": "VariableRead"
      },
      "location-before-char-start": 34746,
      "location-before-char-end": 34747,
      "node-str": "o2"
    },
    {
      "type": "delete-node",
      "node": {
        "label": "null",
        "type": "Literal"
      },
      "location-before-char-start": 34752,
      "location-before-char-end": 34755,
      "node-str": "null"
    },
    {
      "type": "delete-node",
      "node": {
        "label": "EQ",
        "type": "BinaryOperator"
      },
      "location-before-char-start": 34746,
      "location-before-char-end": 34755,
      "node-str": "EQ"
    },
    {
      "type": "delete-node",
      "node": {
        "label": "true",
        "type": "Literal"
      },
      "location-before-char-start": 34769,
      "location-before-char-end": 34772,
      "node-str": "true"
    },
    {
      "type": "delete-node",
      "node": {
        "label": "return",
        "type": "Return"
      },
      "location-before-char-start": 34762,
      "location-before-char-end": 34773,
      "node-str": "return"
    },
    {
      "type": "delete-node",
      "node": {
        "label": "THEN",
        "type": "then"
      },
      "location-before-char-start": 34762,
      "location-before-char-end": 34773,
      "node-str": "THEN"
    },
    {
      "type": "delete-node",
      "node": {
        "label": "false",
        "type": "Literal"
      },
      "location-before-char-start": 34794,
      "location-before-char-end": 34798,
      "node-str": "false"
    },
    {
      "type": "delete-node",
      "node": {
        "label": "return",
        "type": "Return"
      },
      "location-before-char-start": 34787,
      "location-before-char-end": 34799,
      "node-str": "return"
    },
    {
      "type": "delete-node",
      "node": {
        "label": "ELSE",
        "type": "else"
      },
      "location-before-char-start": 34787,
      "location-before-char-end": 34799,
      "node-str": "ELSE"
    },
    {
      "type": "delete-node",
      "node": {
        "label": "if",
        "type": "If"
      },
      "location-before-char-start": 34743,
      "location-before-char-end": 34799,
      "node-str": "if"
    },
    {
      "type": "delete-node",
      "node": {
        "label": "THEN",
        "type": "then"
      },
      "location-before-char-start": 34738,
      "location-before-char-end": 34803,
      "node-str": "THEN"
    },
    {
      "type": "delete-node",
      "node": {
        "label": "o2",
        "type": "VariableRead"
      },
      "location-before-char-start": 34815,
      "location-before-char-end": 34816,
      "node-str": "o2"
    },
    {
      "type": "delete-node",
      "node": {
        "label": "null",
        "type": "Literal"
      },
      "location-before-char-start": 34821,
      "location-before-char-end": 34824,
      "node-str": "null"
    },
    {
      "type": "delete-node",
      "node": {
        "label": "EQ",
        "type": "BinaryOperator"
      },
      "location-before-char-start": 34815,
      "location-before-char-end": 34824,
      "node-str": "EQ"
    },
    {
      "type": "delete-node",
      "node": {
        "label": "false",
        "type": "Literal"
      },
      "location-before-char-start": 34837,
      "location-before-char-end": 34841,
      "node-str": "false"
    },
    {
      "type": "delete-node",
      "node": {
        "label": "return",
        "type": "Return"
      },
      "location-before-char-start": 34830,
      "location-before-char-end": 34842,
      "node-str": "return"
    },
    {
      "type": "delete-node",
      "node": {
        "label": "THEN",
        "type": "then"
      },
      "location-before-char-start": 34830,
      "location-before-char-end": 34842,
      "node-str": "THEN"
    },
    {
      "type": "delete-node",
      "node": {
        "label": "o1",
        "type": "VariableRead"
      },
      "location-before-char-start": 34861,
      "location-before-char-end": 34862,
      "node-str": "o1"
    },
    {
      "type": "delete-node",
      "node": {
        "label": "equals",
        "type": "Invocation"
      },
      "location-before-char-start": 34861,
      "location-before-char-end": 34873,
      "node-str": "equals"
    },
    {
      "type": "delete-node",
      "node": {
        "label": "return",
        "type": "Return"
      },
      "location-before-char-start": 34854,
      "location-before-char-end": 34874,
      "node-str": "return"
    },
    {
      "type": "delete-node",
      "node": {
        "label": "ELSE",
        "type": "else"
      },
      "location-before-char-start": 34854,
      "location-before-char-end": 34874,
      "node-str": "ELSE"
    },
    {
      "type": "delete-node",
      "node": {
        "label": "if",
        "type": "If"
      },
      "location-before-char-start": 34812,
      "location-before-char-end": 34874,
      "node-str": "if"
    },
    {
      "type": "delete-node",
      "node": {
        "label": "ELSE",
        "type": "else"
      },
      "location-before-char-start": 34812,
      "location-before-char-end": 34874,
      "node-str": "ELSE"
    },
    {
      "type": "delete-node",
      "node": {
        "label": "if",
        "type": "If"
      },
      "location-before-char-start": 34721,
      "location-before-char-end": 34874,
      "node-str": "if"
    },
    {
      "type": "delete-node",
      "node": {
        "label": "objectsEqual",
        "type": "Method"
      },
      "location-before-char-start": 34465,
      "location-before-char-end": 34883,
      "node-str": "objectsEqual"
    }
  ],
  "before-file": {},
  "after-file": {},
  "mapping": {}
}