{
  "tool-info": {},
  "diff": [
    {
      "type": "insert-node",
      "node": {
        "label": "GlobalAttributeEdit",
        "type": "Class"
      },
      "location-after-char-start": 3340,
      "location-after-char-end": 15292,
      "node-str": "GlobalAttributeEdit"
    },
    {
      "type": "insert-node",
      "node": {
        "label": "public",
        "type": "Modifier"
      },
      "location-after-char-start": 0,
      "location-after-char-end": 0,
      "node-str": "public"
    },
    {
      "type": "insert-node",
      "node": {
        "label": "",
        "type": "TypeReference"
      },
      "location-after-char-start": 3525,
      "location-after-char-end": 3547,
      "node-str": ""
    },
    {
      "type": "move-subtree",
      "node": {
        "label": "doSaveattributedata",
        "type": "Method"
      },
      "location-before-char-start": 3555,
      "location-before-char-end": 5166,
      "location-after-char-start": 3555,
      "location-after-char-end": 5166,
      "node-str": "doSaveattributedata"
    },
    {
      "type": "insert-node",
      "node": {
        "label": "doSaveoptions",
        "type": "Method"
      },
      "location-after-char-start": 5173,
      "location-after-char-end": 12947,
      "node-str": "doSaveoptions"
    },
    {
      "type": "move-subtree",
      "node": {
        "label": "doDone",
        "type": "Method"
      },
      "location-before-char-start": 12933,
      "location-before-char-end": 13306,
      "location-after-char-start": 12954,
      "location-after-char-end": 13327,
      "node-str": "doDone"
    },
    {
      "type": "move-subtree",
      "node": {
        "label": "doCancel",
        "type": "Method"
      },
      "location-before-char-start": 13317,
      "location-before-char-end": 15268,
      "location-after-char-start": 13338,
      "location-after-char-end": 15289,
      "node-str": "doCancel"
    },
    {
      "type": "insert-node",
      "node": {
        "label": "org.tigris.scarab.actions.base.RequireLoginFirstAction",
        "type": "SUPER_TYPE"
      },
      "location-after-char-start": 0,
      "location-after-char-end": 0,
      "node-str": "org.tigris.scarab.actions.base.RequireLoginFirstAction"
    },
    {
      "type": "insert-node",
      "node": {
        "label": "void",
        "type": "RETURN_TYPE"
      },
      "location-after-char-start": 0,
      "location-after-char-end": 0,
      "node-str": "void"
    },
    {
      "type": "insert-node",
      "node": {
        "label": "java.lang.Exception",
        "type": "THROWS"
      },
      "location-after-char-start": 0,
      "location-after-char-end": 0,
      "node-str": "java.lang.Exception"
    },
    {
      "type": "insert-node",
      "node": {
        "label": "public",
        "type": "Modifier"
      },
      "location-after-char-start": 0,
      "location-after-char-end": 0,
      "node-str": "public"
    },
    {
      "type": "insert-node",
      "node": {
        "label": "synchronized",
        "type": "Modifier"
      },
      "location-after-char-start": 0,
      "location-after-char-end": 0,
      "node-str": "synchronized"
    },
    {
      "type": "insert-node",
      "node": {
        "label": "data",
        "type": "Parameter"
      },
      "location-after-char-start": 5379,
      "location-after-char-end": 5390,
      "node-str": "data"
    },
    {
      "type": "insert-node",
      "node": {
        "label": "context",
        "type": "Parameter"
      },
      "location-after-char-start": 5393,
      "location-after-char-end": 5415,
      "node-str": "context"
    },
    {
      "type": "insert-node",
      "node": {
        "label": "intake",
        "type": "LocalVariable"
      },
      "location-after-char-start": 5458,
      "location-after-char-end": 5542,
      "node-str": "intake"
    },
    {
      "type": "insert-node",
      "node": {
        "label": "scarabR",
        "type": "LocalVariable"
      },
      "location-after-char-start": 5552,
      "location-after-char-end": 5659,
      "node-str": "scarabR"
    },
    {
      "type": "insert-node",
      "node": {
        "label": "l10n",
        "type": "LocalVariable"
      },
      "location-after-char-start": 5669,
      "location-after-char-end": 5727,
      "node-str": "l10n"
    },
    {
      "type": "insert-node",
      "node": {
        "label": "newAdded",
        "type": "LocalVariable"
      },
      "location-after-char-start": 5737,
      "location-after-char-end": 5761,
      "node-str": "newAdded"
    },
    {
      "type": "move-subtree",
      "node": {
        "label": "if",
        "type": "If"
      },
      "location-before-char-start": 5772,
      "location-before-char-end": 12920,
      "location-after-char-start": 5772,
      "location-after-char-end": 12941,
      "node-str": "if"
    },
    {
      "type": "insert-node",
      "node": {
        "label": "org.apache.turbine.RunData",
        "type": "VARIABLE_TYPE"
      },
      "location-after-char-start": 0,
      "location-after-char-end": 0,
      "node-str": "org.apache.turbine.RunData"
    },
    {
      "type": "insert-node",
      "node": {
        "label": "org.apache.turbine.TemplateContext",
        "type": "VARIABLE_TYPE"
      },
      "location-after-char-start": 0,
      "location-after-char-end": 0,
      "node-str": "org.apache.turbine.TemplateContext"
    },
    {
      "type": "insert-node",
      "node": {
        "label": "org.apache.turbine.tool.IntakeTool",
        "type": "VARIABLE_TYPE"
      },
      "location-after-char-start": 0,
      "location-after-char-end": 0,
      "node-str": "org.apache.turbine.tool.IntakeTool"
    },
    {
      "type": "insert-node",
      "node": {
        "label": "get",
        "type": "Invocation"
      },
      "location-after-char-start": 5478,
      "location-after-char-end": 5541,
      "node-str": "get"
    },
    {
      "type": "insert-node",
      "node": {
        "label": "org.tigris.scarab.tools.ScarabRequestTool",
        "type": "VARIABLE_TYPE"
      },
      "location-after-char-start": 0,
      "location-after-char-end": 0,
      "node-str": "org.tigris.scarab.tools.ScarabRequestTool"
    },
    {
      "type": "insert-node",
      "node": {
        "label": "get",
        "type": "Invocation"
      },
      "location-after-char-start": 5580,
      "location-after-char-end": 5658,
      "node-str": "get"
    },
    {
      "type": "insert-node",
      "node": {
        "label": "org.tigris.scarab.tools.ScarabLocalizationTool",
        "type": "VARIABLE_TYPE"
      },
      "location-after-char-start": 0,
      "location-after-char-end": 0,
      "node-str": "org.tigris.scarab.tools.ScarabLocalizationTool"
    },
    {
      "type": "insert-node",
      "node": {
        "label": "getLocalizationTool",
        "type": "Invocation"
      },
      "location-after-char-start": 5699,
      "location-after-char-end": 5726,
      "node-str": "getLocalizationTool"
    },
    {
      "type": "insert-node",
      "node": {
        "label": "boolean",
        "type": "VARIABLE_TYPE"
      },
      "location-after-char-start": 0,
      "location-after-char-end": 0,
      "node-str": "boolean"
    },
    {
      "type": "insert-node",
      "node": {
        "label": "false",
        "type": "Literal"
      },
      "location-after-char-start": 5756,
      "location-after-char-end": 5760,
      "node-str": "false"
    },
    {
      "type": "insert-node",
      "node": {
        "label": "isAllValid",
        "type": "Invocation"
      },
      "location-after-char-start": 5777,
      "location-after-char-end": 5795,
      "node-str": "isAllValid"
    },
    {
      "type": "insert-node",
      "node": {
        "label": "context",
        "type": "VariableRead"
      },
      "location-after-char-start": 5490,
      "location-after-char-end": 5496,
      "node-str": "context"
    },
    {
      "type": "insert-node",
      "node": {
        "label": "ScarabConstants.INTAKE_TOOL",
        "type": "TypeAccess"
      },
      "location-after-char-start": 5514,
      "location-after-char-end": 5540,
      "node-str": "ScarabConstants.INTAKE_TOOL"
    },
    {
      "type": "insert-node",
      "node": {
        "label": "context",
        "type": "VariableRead"
      },
      "location-after-char-start": 5599,
      "location-after-char-end": 5605,
      "node-str": "context"
    },
    {
      "type": "insert-node",
      "node": {
        "label": "ScarabConstants.SCARAB_REQUEST_TOOL",
        "type": "TypeAccess"
      },
      "location-after-char-start": 5623,
      "location-after-char-end": 5657,
      "node-str": "ScarabConstants.SCARAB_REQUEST_TOOL"
    },
    {
      "type": "insert-node",
      "node": {
        "label": "org.tigris.scarab.actions.admin.GlobalAttributeEdit",
        "type": "TypeAccess"
      },
      "location-after-char-start": 0,
      "location-after-char-end": 0,
      "node-str": "org.tigris.scarab.actions.admin.GlobalAttributeEdit"
    },
    {
      "type": "insert-node",
      "node": {
        "label": "context",
        "type": "VariableRead"
      },
      "location-after-char-start": 5719,
      "location-after-char-end": 5725,
      "node-str": "context"
    },
    {
      "type": "insert-node",
      "node": {
        "label": "intake",
        "type": "VariableRead"
      },
      "location-after-char-start": 5777,
      "location-after-char-end": 5782,
      "node-str": "intake"
    },
    {
      "type": "insert-node",
      "node": {
        "label": "attribute",
        "type": "LocalVariable"
      },
      "location-after-char-start": 5878,
      "location-after-char-end": 5922,
      "node-str": "attribute"
    },
    {
      "type": "insert-node",
      "node": {
        "label": "org.tigris.scarab.om.Attribute",
        "type": "VARIABLE_TYPE"
      },
      "location-after-char-start": 0,
      "location-after-char-end": 0,
      "node-str": "org.tigris.scarab.om.Attribute"
    },
    {
      "type": "insert-node",
      "node": {
        "label": "getAttribute",
        "type": "Invocation"
      },
      "location-after-char-start": 5900,
      "location-after-char-end": 5921,
      "node-str": "getAttribute"
    },
    {
      "type": "insert-node",
      "node": {
        "label": "scarabR",
        "type": "VariableRead"
      },
      "location-after-char-start": 5900,
      "location-after-char-end": 5906,
      "node-str": "scarabR"
    },
    {
      "type": "insert-node",
      "node": {
        "label": "pcaoList",
        "type": "LocalVariable"
      },
      "location-after-char-start": 6480,
      "location-after-char-end": 6538,
      "node-str": "pcaoList"
    },
    {
      "type": "insert-node",
      "node": {
        "label": "newPCAO",
        "type": "LocalVariable"
      },
      "location-after-char-start": 9402,
      "location-after-char-end": 9500,
      "node-str": "newPCAO"
    },
    {
      "type": "insert-node",
      "node": {
        "label": "java.util.List",
        "type": "VARIABLE_TYPE"
      },
      "location-after-char-start": 0,
      "location-after-char-end": 0,
      "node-str": "java.util.List"
    },
    {
      "type": "insert-node",
      "node": {
        "label": "getParentChildAttributeOptions",
        "type": "Invocation"
      },
      "location-after-char-start": 6496,
      "location-after-char-end": 6537,
      "node-str": "getParentChildAttributeOptions"
    },
    {
      "type": "insert-node",
      "node": {
        "label": "org.tigris.scarab.om.ParentChildAttributeOption",
        "type": "VARIABLE_TYPE"
      },
      "location-after-char-start": 0,
      "location-after-char-end": 0,
      "node-str": "org.tigris.scarab.om.ParentChildAttributeOption"
    },
    {
      "type": "insert-node",
      "node": {
        "label": "getInstance",
        "type": "Invocation"
      },
      "location-after-char-start": 9460,
      "location-after-char-end": 9499,
      "node-str": "getInstance"
    },
    {
      "type": "insert-node",
      "node": {
        "label": "NE",
        "type": "BinaryOperator"
      },
      "location-after-char-start": 9674,
      "location-after-char-end": 9693,
      "node-str": "NE"
    },
    {
      "type": "insert-node",
      "node": {
        "label": "attribute",
        "type": "VariableRead"
      },
      "location-after-char-start": 6496,
      "location-after-char-end": 6504,
      "node-str": "attribute"
    },
    {
      "type": "insert-node",
      "node": {
        "label": "org.tigris.scarab.om.ParentChildAttributeOption",
        "type": "TypeAccess"
      },
      "location-after-char-start": 9460,
      "location-after-char-end": 9485,
      "node-str": "org.tigris.scarab.om.ParentChildAttributeOption"
    },
    {
      "type": "insert-node",
      "node": {
        "label": "newPCAOGroup",
        "type": "VariableRead"
      },
      "location-after-char-start": 9674,
      "location-after-char-end": 9685,
      "node-str": "newPCAOGroup"
    },
    {
      "type": "insert-node",
      "node": {
        "label": "null",
        "type": "Literal"
      },
      "location-after-char-start": 9690,
      "location-after-char-end": 9693,
      "node-str": "null"
    },
    {
      "type": "insert-node",
      "node": {
        "label": "if",
        "type": "If"
      },
      "location-after-char-start": 12481,
      "location-after-char-end": 12725,
      "node-str": "if"
    },
    {
      "type": "insert-node",
      "node": {
        "label": "remove",
        "type": "Invocation"
      },
      "location-after-char-start": 12822,
      "location-after-char-end": 12849,
      "node-str": "remove"
    },
    {
      "type": "insert-node",
      "node": {
        "label": "buildOptionsMap",
        "type": "Invocation"
      },
      "location-after-char-start": 12871,
      "location-after-char-end": 12898,
      "node-str": "buildOptionsMap"
    },
    {
      "type": "insert-node",
      "node": {
        "label": "newAdded",
        "type": "VariableRead"
      },
      "location-after-char-start": 12485,
      "location-after-char-end": 12492,
      "node-str": "newAdded"
    },
    {
      "type": "move-subtree",
      "node": {
        "label": "THEN",
        "type": "then"
      },
      "location-before-char-start": 12515,
      "location-before-char-end": 12704,
      "location-after-char-start": 12515,
      "location-after-char-end": 12725,
      "node-str": "THEN"
    },
    {
      "type": "insert-node",
      "node": {
        "label": "intake",
        "type": "VariableRead"
      },
      "location-after-char-start": 12822,
      "location-after-char-end": 12827,
      "node-str": "intake"
    },
    {
      "type": "insert-node",
      "node": {
        "label": "newPCAOGroup",
        "type": "VariableRead"
      },
      "location-after-char-start": 12836,
      "location-after-char-end": 12847,
      "node-str": "newPCAOGroup"
    },
    {
      "type": "insert-node",
      "node": {
        "label": "attribute",
        "type": "VariableRead"
      },
      "location-after-char-start": 12871,
      "location-after-char-end": 12879,
      "node-str": "attribute"
    },
    {
      "type": "insert-node",
      "node": {
        "label": "clear",
        "type": "Invocation"
      },
      "location-after-char-start": 12684,
      "location-after-char-end": 12703,
      "node-str": "clear"
    },
    {
      "type": "insert-node",
      "node": {
        "label": "org.tigris.scarab.services.cache.ScarabCache",
        "type": "TypeAccess"
      },
      "location-after-char-start": 12684,
      "location-after-char-end": 12694,
      "node-str": "org.tigris.scarab.services.cache.ScarabCache"
    },
    {
      "type": "delete-node",
      "node": {
        "label": "intake",
        "type": "VariableRead"
      },
      "location-before-char-start": 5777,
      "location-before-char-end": 5782,
      "node-str": "intake"
    },
    {
      "type": "delete-node",
      "node": {
        "label": "isAllValid",
        "type": "Invocation"
      },
      "location-before-char-start": 5777,
      "location-before-char-end": 5795,
      "node-str": "isAllValid"
    },
    {
      "type": "delete-node",
      "node": {
        "label": "org.tigris.scarab.om.Attribute",
        "type": "VARIABLE_TYPE"
      },
      "location-before-char-start": 0,
      "location-before-char-end": 0,
      "node-str": "org.tigris.scarab.om.Attribute"
    },
    {
      "type": "delete-node",
      "node": {
        "label": "scarabR",
        "type": "VariableRead"
      },
      "location-before-char-start": 5900,
      "location-before-char-end": 5906,
      "node-str": "scarabR"
    },
    {
      "type": "delete-node",
      "node": {
        "label": "getAttribute",
        "type": "Invocation"
      },
      "location-before-char-start": 5900,
      "location-before-char-end": 5921,
      "node-str": "getAttribute"
    },
    {
      "type": "delete-node",
      "node": {
        "label": "attribute",
        "type": "LocalVariable"
      },
      "location-before-char-start": 5878,
      "location-before-char-end": 5922,
      "node-str": "attribute"
    },
    {
      "type": "delete-node",
      "node": {
        "label": "java.util.List",
        "type": "VARIABLE_TYPE"
      },
      "location-before-char-start": 0,
      "location-before-char-end": 0,
      "node-str": "java.util.List"
    },
    {
      "type": "delete-node",
      "node": {
        "label": "attribute",
        "type": "VariableRead"
      },
      "location-before-char-start": 6496,
      "location-before-char-end": 6504,
      "node-str": "attribute"
    },
    {
      "type": "delete-node",
      "node": {
        "label": "getParentChildAttributeOptions",
        "type": "Invocation"
      },
      "location-before-char-start": 6496,
      "location-before-char-end": 6537,
      "node-str": "getParentChildAttributeOptions"
    },
    {
      "type": "delete-node",
      "node": {
        "label": "pcaoList",
        "type": "LocalVariable"
      },
      "location-before-char-start": 6480,
      "location-before-char-end": 6538,
      "node-str": "pcaoList"
    },
    {
      "type": "delete-node",
      "node": {
        "label": "org.tigris.scarab.om.ParentChildAttributeOption",
        "type": "VARIABLE_TYPE"
      },
      "location-before-char-start": 0,
      "location-before-char-end": 0,
      "node-str": "org.tigris.scarab.om.ParentChildAttributeOption"
    },
    {
      "type": "delete-node",
      "node": {
        "label": "org.tigris.scarab.om.ParentChildAttributeOption",
        "type": "TypeAccess"
      },
      "location-before-char-start": 9460,
      "location-before-char-end": 9485,
      "node-str": "org.tigris.scarab.om.ParentChildAttributeOption"
    },
    {
      "type": "delete-node",
      "node": {
        "label": "getInstance",
        "type": "Invocation"
      },
      "location-before-char-start": 9460,
      "location-before-char-end": 9499,
      "node-str": "getInstance"
    },
    {
      "type": "delete-node",
      "node": {
        "label": "newPCAO",
        "type": "LocalVariable"
      },
      "location-before-char-start": 9402,
      "location-before-char-end": 9500,
      "node-str": "newPCAO"
    },
    {
      "type": "delete-node",
      "node": {
        "label": "newPCAOGroup",
        "type": "VariableRead"
      },
      "location-before-char-start": 9674,
      "location-before-char-end": 9685,
      "node-str": "newPCAOGroup"
    },
    {
      "type": "delete-node",
      "node": {
        "label": "null",
        "type": "Literal"
      },
      "location-before-char-start": 9690,
      "location-before-char-end": 9693,
      "node-str": "null"
    },
    {
      "type": "delete-node",
      "node": {
        "label": "NE",
        "type": "BinaryOperator"
      },
      "location-before-char-start": 9674,
      "location-before-char-end": 9693,
      "node-str": "NE"
    },
    {
      "type": "delete-node",
      "node": {
        "label": "newAdded",
        "type": "VariableRead"
      },
      "location-before-char-start": 12485,
      "location-before-char-end": 12492,
      "node-str": "newAdded"
    },
    {
      "type": "delete-node",
      "node": {
        "label": "if",
        "type": "If"
      },
      "location-before-char-start": 12481,
      "location-before-char-end": 12704,
      "node-str": "if"
    },
    {
      "type": "delete-node",
      "node": {
        "label": "intake",
        "type": "VariableRead"
      },
      "location-before-char-start": 12801,
      "location-before-char-end": 12806,
      "node-str": "intake"
    },
    {
      "type": "delete-node",
      "node": {
        "label": "newPCAOGroup",
        "type": "VariableRead"
      },
      "location-before-char-start": 12815,
      "location-before-char-end": 12826,
      "node-str": "newPCAOGroup"
    },
    {
      "type": "delete-node",
      "node": {
        "label": "remove",
        "type": "Invocation"
      },
      "location-before-char-start": 12801,
      "location-before-char-end": 12828,
      "node-str": "remove"
    },
    {
      "type": "delete-node",
      "node": {
        "label": "attribute",
        "type": "VariableRead"
      },
      "location-before-char-start": 12850,
      "location-before-char-end": 12858,
      "node-str": "attribute"
    },
    {
      "type": "delete-node",
      "node": {
        "label": "buildOptionsMap",
        "type": "Invocation"
      },
      "location-before-char-start": 12850,
      "location-before-char-end": 12877,
      "node-str": "buildOptionsMap"
    },
    {
      "type": "delete-node",
      "node": {
        "label": "public",
        "type": "Modifier"
      },
      "location-before-char-start": 0,
      "location-before-char-end": 0,
      "node-str": "public"
    },
    {
      "type": "delete-node",
      "node": {
        "label": "org.tigris.scarab.actions.base.RequireLoginFirstAction",
        "type": "SUPER_TYPE"
      },
      "location-before-char-start": 0,
      "location-before-char-end": 0,
      "node-str": "org.tigris.scarab.actions.base.RequireLoginFirstAction"
    },
    {
      "type": "delete-node",
      "node": {
        "label": "",
        "type": "TypeReference"
      },
      "location-before-char-start": 3525,
      "location-before-char-end": 3547,
      "node-str": ""
    },
    {
      "type": "delete-node",
      "node": {
        "label": "void",
        "type": "RETURN_TYPE"
      },
      "location-before-char-start": 0,
      "location-before-char-end": 0,
      "node-str": "void"
    },
    {
      "type": "delete-node",
      "node": {
        "label": "java.lang.Exception",
        "type": "THROWS"
      },
      "location-before-char-start": 0,
      "location-before-char-end": 0,
      "node-str": "java.lang.Exception"
    },
    {
      "type": "delete-node",
      "node": {
        "label": "public",
        "type": "Modifier"
      },
      "location-before-char-start": 0,
      "location-before-char-end": 0,
      "node-str": "public"
    },
    {
      "type": "delete-node",
      "node": {
        "label": "synchronized",
        "type": "Modifier"
      },
      "location-before-char-start": 0,
      "location-before-char-end": 0,
      "node-str": "synchronized"
    },
    {
      "type": "delete-node",
      "node": {
        "label": "org.apache.turbine.RunData",
        "type": "VARIABLE_TYPE"
      },
      "location-before-char-start": 0,
      "location-before-char-end": 0,
      "node-str": "org.apache.turbine.RunData"
    },
    {
      "type": "delete-node",
      "node": {
        "label": "data",
        "type": "Parameter"
      },
      "location-before-char-start": 5379,
      "location-before-char-end": 5390,
      "node-str": "data"
    },
    {
      "type": "delete-node",
      "node": {
        "label": "org.apache.turbine.TemplateContext",
        "type": "VARIABLE_TYPE"
      },
      "location-before-char-start": 0,
      "location-before-char-end": 0,
      "node-str": "org.apache.turbine.TemplateContext"
    },
    {
      "type": "delete-node",
      "node": {
        "label": "context",
        "type": "Parameter"
      },
      "location-before-char-start": 5393,
      "location-before-char-end": 5415,
      "node-str": "context"
    },
    {
      "type": "delete-node",
      "node": {
        "label": "org.apache.turbine.tool.IntakeTool",
        "type": "VARIABLE_TYPE"
      },
      "location-before-char-start": 0,
      "location-before-char-end": 0,
      "node-str": "org.apache.turbine.tool.IntakeTool"
    },
    {
      "type": "delete-node",
      "node": {
        "label": "context",
        "type": "VariableRead"
      },
      "location-before-char-start": 5490,
      "location-before-char-end": 5496,
      "node-str": "context"
    },
    {
      "type": "delete-node",
      "node": {
        "label": "ScarabConstants.INTAKE_TOOL",
        "type": "TypeAccess"
      },
      "location-before-char-start": 5514,
      "location-before-char-end": 5540,
      "node-str": "ScarabConstants.INTAKE_TOOL"
    },
    {
      "type": "delete-node",
      "node": {
        "label": "get",
        "type": "Invocation"
      },
      "location-before-char-start": 5478,
      "location-before-char-end": 5541,
      "node-str": "get"
    },
    {
      "type": "delete-node",
      "node": {
        "label": "intake",
        "type": "LocalVariable"
      },
      "location-before-char-start": 5458,
      "location-before-char-end": 5542,
      "node-str": "intake"
    },
    {
      "type": "delete-node",
      "node": {
        "label": "org.tigris.scarab.tools.ScarabRequestTool",
        "type": "VARIABLE_TYPE"
      },
      "location-before-char-start": 0,
      "location-before-char-end": 0,
      "node-str": "org.tigris.scarab.tools.ScarabRequestTool"
    },
    {
      "type": "delete-node",
      "node": {
        "label": "context",
        "type": "VariableRead"
      },
      "location-before-char-start": 5599,
      "location-before-char-end": 5605,
      "node-str": "context"
    },
    {
      "type": "delete-node",
      "node": {
        "label": "ScarabConstants.SCARAB_REQUEST_TOOL",
        "type": "TypeAccess"
      },
      "location-before-char-start": 5623,
      "location-before-char-end": 5657,
      "node-str": "ScarabConstants.SCARAB_REQUEST_TOOL"
    },
    {
      "type": "delete-node",
      "node": {
        "label": "get",
        "type": "Invocation"
      },
      "location-before-char-start": 5580,
      "location-before-char-end": 5658,
      "node-str": "get"
    },
    {
      "type": "delete-node",
      "node": {
        "label": "scarabR",
        "type": "LocalVariable"
      },
      "location-before-char-start": 5552,
      "location-before-char-end": 5659,
      "node-str": "scarabR"
    },
    {
      "type": "delete-node",
      "node": {
        "label": "org.tigris.scarab.tools.ScarabLocalizationTool",
        "type": "VARIABLE_TYPE"
      },
      "location-before-char-start": 0,
      "location-before-char-end": 0,
      "node-str": "org.tigris.scarab.tools.ScarabLocalizationTool"
    },
    {
      "type": "delete-node",
      "node": {
        "label": "org.tigris.scarab.actions.admin.GlobalAttributeEdit",
        "type": "TypeAccess"
      },
      "location-before-char-start": 0,
      "location-before-char-end": 0,
      "node-str": "org.tigris.scarab.actions.admin.GlobalAttributeEdit"
    },
    {
      "type": "delete-node",
      "node": {
        "label": "context",
        "type": "VariableRead"
      },
      "location-before-char-start": 5719,
      "location-before-char-end": 5725,
      "node-str": "context"
    },
    {
      "type": "delete-node",
      "node": {
        "label": "getLocalizationTool",
        "type": "Invocation"
      },
      "location-before-char-start": 5699,
      "location-before-char-end": 5726,
      "node-str": "getLocalizationTool"
    },
    {
      "type": "delete-node",
      "node": {
        "label": "l10n",
        "type": "LocalVariable"
      },
      "location-before-char-start": 5669,
      "location-before-char-end": 5727,
      "node-str": "l10n"
    },
    {
      "type": "delete-node",
      "node": {
        "label": "boolean",
        "type": "VARIABLE_TYPE"
      },
      "location-before-char-start": 0,
      "location-before-char-end": 0,
      "node-str": "boolean"
    },
    {
      "type": "delete-node",
      "node": {
        "label": "false",
        "type": "Literal"
      },
      "location-before-char-start": 5756,
      "location-before-char-end": 5760,
      "node-str": "false"
    },
    {
      "type": "delete-node",
      "node": {
        "label": "newAdded",
        "type": "LocalVariable"
      },
      "location-before-char-start": 5737,
      "location-before-char-end": 5761,
      "node-str": "newAdded"
    },
    {
      "type": "delete-node",
      "node": {
        "label": "doSaveoptions",
        "type": "Method"
      },
      "location-before-char-start": 5173,
      "location-before-char-end": 12926,
      "node-str": "doSaveoptions"
    },
    {
      "type": "delete-node",
      "node": {
        "label": "GlobalAttributeEdit",
        "type": "Class"
      },
      "location-before-char-start": 3340,
      "location-before-char-end": 15271,
      "node-str": "GlobalAttributeEdit"
    }
  ],
  "before-file": {},
  "after-file": {},
  "mapping": {}
}