{
  "tool-info": {},
  "diff": [
    {
      "type": "update-node",
      "node": {
        "label": "CH.ifa.draw.contrib.html.ColorContentProducer",
        "type": "SUPER_TYPE"
      },
      "location-before-char-start": 0,
      "location-before-char-end": 0,
      "location-after-char-start": 0,
      "location-after-char-end": 0,
      "node-str": "org.jhotdraw.contrib.html.ColorContentProducer"
    },
    {
      "type": "update-node",
      "node": {
        "label": "CH.ifa.draw.contrib.html.ContentProducerContext",
        "type": "VARIABLE_TYPE"
      },
      "location-before-char-start": 0,
      "location-before-char-end": 0,
      "location-after-char-start": 0,
      "location-after-char-end": 0,
      "node-str": "org.jhotdraw.contrib.html.ContentProducerContext"
    },
    {
      "type": "update-node",
      "node": {
        "label": "CH.ifa.draw.contrib.html.HTMLColorContentProducer",
        "type": "TypeAccess"
      },
      "location-before-char-start": 0,
      "location-before-char-end": 0,
      "location-after-char-start": 0,
      "location-after-char-end": 0,
      "node-str": "org.jhotdraw.contrib.html.HTMLColorContentProducer"
    },
    {
      "type": "update-node",
      "node": {
        "label": "CH.ifa.draw.contrib.html.HTMLColorContentProducer",
        "type": "TypeAccess"
      },
      "location-before-char-start": 0,
      "location-before-char-end": 0,
      "location-after-char-start": 0,
      "location-after-char-end": 0,
      "node-str": "org.jhotdraw.contrib.html.HTMLColorContentProducer"
    }
  ],
  "before-file": {},
  "after-file": {},
  "mapping": {}
}