{
  "tool-info": {},
  "diff": [
    {
      "type": "insert-node",
      "node": {
        "label": "findEntities",
        "type": "Method"
      },
      "location-after-char-start": 10120,
      "location-after-char-end": 10680,
      "node-str": "findEntities"
    },
    {
      "type": "insert-node",
      "node": {
        "label": "passivateEntity",
        "type": "Method"
      },
      "location-after-char-start": 14213,
      "location-after-char-end": 14772,
      "node-str": "passivateEntity"
    },
    {
      "type": "insert-node",
      "node": {
        "label": "invokeLoad",
        "type": "Method"
      },
      "location-after-char-start": 15458,
      "location-after-char-end": 15900,
      "node-str": "invokeLoad"
    },
    {
      "type": "insert-node",
      "node": {
        "label": "invokeEjbStore",
        "type": "Method"
      },
      "location-after-char-start": 15906,
      "location-after-char-end": 16372,
      "node-str": "invokeEjbStore"
    },
    {
      "type": "insert-node",
      "node": {
        "label": "",
        "type": "Try"
      },
      "location-after-char-start": 6433,
      "location-after-char-end": 6675,
      "node-str": ""
    },
    {
      "type": "insert-node",
      "node": {
        "label": "java.util.Collection",
        "type": "RETURN_TYPE"
      },
      "location-after-char-start": 0,
      "location-after-char-end": 0,
      "node-str": "java.util.Collection"
    },
    {
      "type": "insert-node",
      "node": {
        "label": "java.lang.Exception",
        "type": "THROWS"
      },
      "location-after-char-start": 0,
      "location-after-char-end": 0,
      "node-str": "java.lang.Exception"
    },
    {
      "type": "insert-node",
      "node": {
        "label": "public",
        "type": "Modifier"
      },
      "location-after-char-start": 0,
      "location-after-char-end": 0,
      "node-str": "public"
    },
    {
      "type": "insert-node",
      "node": {
        "label": "finderMethod",
        "type": "Parameter"
      },
      "location-after-char-start": 10194,
      "location-after-char-end": 10212,
      "node-str": "finderMethod"
    },
    {
      "type": "insert-node",
      "node": {
        "label": "args",
        "type": "Parameter"
      },
      "location-after-char-start": 10215,
      "location-after-char-end": 10227,
      "node-str": "args"
    },
    {
      "type": "insert-node",
      "node": {
        "label": "ctx",
        "type": "Parameter"
      },
      "location-after-char-start": 10230,
      "location-after-char-end": 10256,
      "node-str": "ctx"
    },
    {
      "type": "insert-node",
      "node": {
        "label": "",
        "type": "Try"
      },
      "location-after-char-start": 10293,
      "location-after-char-end": 10675,
      "node-str": ""
    },
    {
      "type": "insert-node",
      "node": {
        "label": "void",
        "type": "RETURN_TYPE"
      },
      "location-after-char-start": 0,
      "location-after-char-end": 0,
      "node-str": "void"
    },
    {
      "type": "insert-node",
      "node": {
        "label": "java.rmi.RemoteException",
        "type": "THROWS"
      },
      "location-after-char-start": 0,
      "location-after-char-end": 0,
      "node-str": "java.rmi.RemoteException"
    },
    {
      "type": "insert-node",
      "node": {
        "label": "public",
        "type": "Modifier"
      },
      "location-after-char-start": 0,
      "location-after-char-end": 0,
      "node-str": "public"
    },
    {
      "type": "insert-node",
      "node": {
        "label": "ctx",
        "type": "Parameter"
      },
      "location-after-char-start": 14241,
      "location-after-char-end": 14267,
      "node-str": "ctx"
    },
    {
      "type": "insert-node",
      "node": {
        "label": "",
        "type": "Try"
      },
      "location-after-char-start": 14310,
      "location-after-char-end": 14667,
      "node-str": ""
    },
    {
      "type": "insert-node",
      "node": {
        "label": "passivateEntity",
        "type": "Invocation"
      },
      "location-after-char-start": 14676,
      "location-after-char-end": 14702,
      "node-str": "passivateEntity"
    },
    {
      "type": "insert-node",
      "node": {
        "label": "setEJBObject",
        "type": "Invocation"
      },
      "location-after-char-start": 14710,
      "location-after-char-end": 14732,
      "node-str": "setEJBObject"
    },
    {
      "type": "insert-node",
      "node": {
        "label": "setEJBLocalObject",
        "type": "Invocation"
      },
      "location-after-char-start": 14740,
      "location-after-char-end": 14767,
      "node-str": "setEJBLocalObject"
    },
    {
      "type": "insert-node",
      "node": {
        "label": "void",
        "type": "RETURN_TYPE"
      },
      "location-after-char-start": 0,
      "location-after-char-end": 0,
      "node-str": "void"
    },
    {
      "type": "insert-node",
      "node": {
        "label": "java.rmi.RemoteException",
        "type": "THROWS"
      },
      "location-after-char-start": 0,
      "location-after-char-end": 0,
      "node-str": "java.rmi.RemoteException"
    },
    {
      "type": "insert-node",
      "node": {
        "label": "protected",
        "type": "Modifier"
      },
      "location-after-char-start": 0,
      "location-after-char-end": 0,
      "node-str": "protected"
    },
    {
      "type": "insert-node",
      "node": {
        "label": "ctx",
        "type": "Parameter"
      },
      "location-after-char-start": 15484,
      "location-after-char-end": 15510,
      "node-str": "ctx"
    },
    {
      "type": "insert-node",
      "node": {
        "label": "",
        "type": "Try"
      },
      "location-after-char-start": 15547,
      "location-after-char-end": 15895,
      "node-str": ""
    },
    {
      "type": "insert-node",
      "node": {
        "label": "void",
        "type": "RETURN_TYPE"
      },
      "location-after-char-start": 0,
      "location-after-char-end": 0,
      "node-str": "void"
    },
    {
      "type": "insert-node",
      "node": {
        "label": "java.rmi.RemoteException",
        "type": "THROWS"
      },
      "location-after-char-start": 0,
      "location-after-char-end": 0,
      "node-str": "java.rmi.RemoteException"
    },
    {
      "type": "insert-node",
      "node": {
        "label": "ctx",
        "type": "Parameter"
      },
      "location-after-char-start": 15949,
      "location-after-char-end": 15975,
      "node-str": "ctx"
    },
    {
      "type": "insert-node",
      "node": {
        "label": "",
        "type": "Try"
      },
      "location-after-char-start": 16018,
      "location-after-char-end": 16367,
      "node-str": ""
    },
    {
      "type": "insert-node",
      "node": {
        "label": "pushInMethodFlag",
        "type": "Invocation"
      },
      "location-after-char-start": 6454,
      "location-after-char-end": 6532,
      "node-str": "pushInMethodFlag"
    },
    {
      "type": "insert-node",
      "node": {
        "label": "\u003d",
        "type": "Assignment"
      },
      "location-after-char-start": 6543,
      "location-after-char-end": 6580,
      "node-str": "\u003d"
    },
    {
      "type": "insert-node",
      "node": {
        "label": "popInMethodFlag",
        "type": "Invocation"
      },
      "location-after-char-start": 6621,
      "location-after-char-end": 6667,
      "node-str": "popInMethodFlag"
    },
    {
      "type": "insert-node",
      "node": {
        "label": "java.lang.reflect.Method",
        "type": "VARIABLE_TYPE"
      },
      "location-after-char-start": 0,
      "location-after-char-end": 0,
      "node-str": "java.lang.reflect.Method"
    },
    {
      "type": "insert-node",
      "node": {
        "label": "java.lang.Object[]",
        "type": "VARIABLE_TYPE"
      },
      "location-after-char-start": 0,
      "location-after-char-end": 0,
      "node-str": "java.lang.Object[]"
    },
    {
      "type": "insert-node",
      "node": {
        "label": "org.jboss.ejb.EntityEnterpriseContext",
        "type": "VARIABLE_TYPE"
      },
      "location-after-char-start": 0,
      "location-after-char-end": 0,
      "node-str": "org.jboss.ejb.EntityEnterpriseContext"
    },
    {
      "type": "insert-node",
      "node": {
        "label": "pushInMethodFlag",
        "type": "Invocation"
      },
      "location-after-char-start": 10443,
      "location-after-char-end": 10519,
      "node-str": "pushInMethodFlag"
    },
    {
      "type": "insert-node",
      "node": {
        "label": "return",
        "type": "Return"
      },
      "location-after-char-start": 10530,
      "location-after-char-end": 10580,
      "node-str": "return"
    },
    {
      "type": "insert-node",
      "node": {
        "label": "popInMethodFlag",
        "type": "Invocation"
      },
      "location-after-char-start": 10621,
      "location-after-char-end": 10667,
      "node-str": "popInMethodFlag"
    },
    {
      "type": "insert-node",
      "node": {
        "label": "org.jboss.ejb.EntityEnterpriseContext",
        "type": "VARIABLE_TYPE"
      },
      "location-after-char-start": 0,
      "location-after-char-end": 0,
      "node-str": "org.jboss.ejb.EntityEnterpriseContext"
    },
    {
      "type": "insert-node",
      "node": {
        "label": "pushInMethodFlag",
        "type": "Invocation"
      },
      "location-after-char-start": 14331,
      "location-after-char-end": 14412,
      "node-str": "pushInMethodFlag"
    },
    {
      "type": "insert-node",
      "node": {
        "label": "eb",
        "type": "LocalVariable"
      },
      "location-after-char-start": 14423,
      "location-after-char-end": 14469,
      "node-str": "eb"
    },
    {
      "type": "insert-node",
      "node": {
        "label": "ejbPassivate",
        "type": "Invocation"
      },
      "location-after-char-start": 14480,
      "location-after-char-end": 14497,
      "node-str": "ejbPassivate"
    },
    {
      "type": "insert-node",
      "node": {
        "label": "",
        "type": "Catch"
      },
      "location-after-char-start": 14506,
      "location-after-char-end": 14580,
      "node-str": ""
    },
    {
      "type": "insert-node",
      "node": {
        "label": "popInMethodFlag",
        "type": "Invocation"
      },
      "location-after-char-start": 14613,
      "location-after-char-end": 14659,
      "node-str": "popInMethodFlag"
    },
    {
      "type": "insert-node",
      "node": {
        "label": "store",
        "type": "FieldRead"
      },
      "location-after-char-start": 14676,
      "location-after-char-end": 14680,
      "node-str": "store"
    },
    {
      "type": "insert-node",
      "node": {
        "label": "ctx",
        "type": "VariableRead"
      },
      "location-after-char-start": 14698,
      "location-after-char-end": 14700,
      "node-str": "ctx"
    },
    {
      "type": "insert-node",
      "node": {
        "label": "ctx",
        "type": "VariableRead"
      },
      "location-after-char-start": 14710,
      "location-after-char-end": 14712,
      "node-str": "ctx"
    },
    {
      "type": "insert-node",
      "node": {
        "label": "null",
        "type": "Literal"
      },
      "location-after-char-start": 14727,
      "location-after-char-end": 14730,
      "node-str": "null"
    },
    {
      "type": "insert-node",
      "node": {
        "label": "ctx",
        "type": "VariableRead"
      },
      "location-after-char-start": 14740,
      "location-after-char-end": 14742,
      "node-str": "ctx"
    },
    {
      "type": "insert-node",
      "node": {
        "label": "null",
        "type": "Literal"
      },
      "location-after-char-start": 14762,
      "location-after-char-end": 14765,
      "node-str": "null"
    },
    {
      "type": "insert-node",
      "node": {
        "label": "org.jboss.ejb.EntityEnterpriseContext",
        "type": "VARIABLE_TYPE"
      },
      "location-after-char-start": 0,
      "location-after-char-end": 0,
      "node-str": "org.jboss.ejb.EntityEnterpriseContext"
    },
    {
      "type": "insert-node",
      "node": {
        "label": "pushInMethodFlag",
        "type": "Invocation"
      },
      "location-after-char-start": 15568,
      "location-after-char-end": 15644,
      "node-str": "pushInMethodFlag"
    },
    {
      "type": "insert-node",
      "node": {
        "label": "eb",
        "type": "LocalVariable"
      },
      "location-after-char-start": 15656,
      "location-after-char-end": 15702,
      "node-str": "eb"
    },
    {
      "type": "insert-node",
      "node": {
        "label": "ejbLoad",
        "type": "Invocation"
      },
      "location-after-char-start": 15713,
      "location-after-char-end": 15725,
      "node-str": "ejbLoad"
    },
    {
      "type": "insert-node",
      "node": {
        "label": "",
        "type": "Catch"
      },
      "location-after-char-start": 15734,
      "location-after-char-end": 15808,
      "node-str": ""
    },
    {
      "type": "insert-node",
      "node": {
        "label": "popInMethodFlag",
        "type": "Invocation"
      },
      "location-after-char-start": 15841,
      "location-after-char-end": 15887,
      "node-str": "popInMethodFlag"
    },
    {
      "type": "insert-node",
      "node": {
        "label": "org.jboss.ejb.EntityEnterpriseContext",
        "type": "VARIABLE_TYPE"
      },
      "location-after-char-start": 0,
      "location-after-char-end": 0,
      "node-str": "org.jboss.ejb.EntityEnterpriseContext"
    },
    {
      "type": "insert-node",
      "node": {
        "label": "pushInMethodFlag",
        "type": "Invocation"
      },
      "location-after-char-start": 16039,
      "location-after-char-end": 16116,
      "node-str": "pushInMethodFlag"
    },
    {
      "type": "insert-node",
      "node": {
        "label": "eb",
        "type": "LocalVariable"
      },
      "location-after-char-start": 16127,
      "location-after-char-end": 16173,
      "node-str": "eb"
    },
    {
      "type": "insert-node",
      "node": {
        "label": "ejbStore",
        "type": "Invocation"
      },
      "location-after-char-start": 16184,
      "location-after-char-end": 16197,
      "node-str": "ejbStore"
    },
    {
      "type": "insert-node",
      "node": {
        "label": "",
        "type": "Catch"
      },
      "location-after-char-start": 16206,
      "location-after-char-end": 16280,
      "node-str": ""
    },
    {
      "type": "insert-node",
      "node": {
        "label": "popInMethodFlag",
        "type": "Invocation"
      },
      "location-after-char-start": 16313,
      "location-after-char-end": 16359,
      "node-str": "popInMethodFlag"
    },
    {
      "type": "insert-node",
      "node": {
        "label": "org.jboss.ejb.AllowedOperationsAssociation",
        "type": "TypeAccess"
      },
      "location-after-char-start": 5218,
      "location-after-char-end": 5245,
      "node-str": "org.jboss.ejb.AllowedOperationsAssociation"
    },
    {
      "type": "insert-node",
      "node": {
        "label": "org.jboss.ejb.AllowedOperationsAssociation",
        "type": "TypeAccess"
      },
      "location-after-char-start": 6208,
      "location-after-char-end": 6235,
      "node-str": "org.jboss.ejb.AllowedOperationsAssociation"
    },
    {
      "type": "insert-node",
      "node": {
        "label": "org.jboss.ejb.AllowedOperationsAssociation",
        "type": "TypeAccess"
      },
      "location-after-char-start": 6454,
      "location-after-char-end": 6481,
      "node-str": "org.jboss.ejb.AllowedOperationsAssociation"
    },
    {
      "type": "insert-node",
      "node": {
        "label": "EnterpriseContext.IN_EJB_CREATE",
        "type": "TypeAccess"
      },
      "location-after-char-start": 6500,
      "location-after-char-end": 6530,
      "node-str": "EnterpriseContext.IN_EJB_CREATE"
    },
    {
      "type": "insert-node",
      "node": {
        "label": "id",
        "type": "VariableWrite"
      },
      "location-after-char-start": 6543,
      "location-after-char-end": 6544,
      "node-str": "id"
    },
    {
      "type": "insert-node",
      "node": {
        "label": "createEntity",
        "type": "Invocation"
      },
      "location-after-char-start": 6548,
      "location-after-char-end": 6579,
      "node-str": "createEntity"
    },
    {
      "type": "insert-node",
      "node": {
        "label": "org.jboss.ejb.AllowedOperationsAssociation",
        "type": "TypeAccess"
      },
      "location-after-char-start": 6621,
      "location-after-char-end": 6648,
      "node-str": "org.jboss.ejb.AllowedOperationsAssociation"
    },
    {
      "type": "insert-node",
      "node": {
        "label": "org.jboss.ejb.AllowedOperationsAssociation",
        "type": "TypeAccess"
      },
      "location-after-char-start": 7547,
      "location-after-char-end": 7574,
      "node-str": "org.jboss.ejb.AllowedOperationsAssociation"
    },
    {
      "type": "insert-node",
      "node": {
        "label": "org.jboss.ejb.AllowedOperationsAssociation",
        "type": "TypeAccess"
      },
      "location-after-char-start": 8661,
      "location-after-char-end": 8688,
      "node-str": "org.jboss.ejb.AllowedOperationsAssociation"
    },
    {
      "type": "insert-node",
      "node": {
        "label": "org.jboss.ejb.AllowedOperationsAssociation",
        "type": "TypeAccess"
      },
      "location-after-char-start": 8871,
      "location-after-char-end": 8898,
      "node-str": "org.jboss.ejb.AllowedOperationsAssociation"
    },
    {
      "type": "insert-node",
      "node": {
        "label": "org.jboss.ejb.AllowedOperationsAssociation",
        "type": "TypeAccess"
      },
      "location-after-char-start": 9821,
      "location-after-char-end": 9848,
      "node-str": "org.jboss.ejb.AllowedOperationsAssociation"
    },
    {
      "type": "insert-node",
      "node": {
        "label": "org.jboss.ejb.AllowedOperationsAssociation",
        "type": "TypeAccess"
      },
      "location-after-char-start": 10443,
      "location-after-char-end": 10470,
      "node-str": "org.jboss.ejb.AllowedOperationsAssociation"
    },
    {
      "type": "insert-node",
      "node": {
        "label": "EnterpriseContext.IN_EJB_FIND",
        "type": "TypeAccess"
      },
      "location-after-char-start": 10489,
      "location-after-char-end": 10517,
      "node-str": "EnterpriseContext.IN_EJB_FIND"
    },
    {
      "type": "insert-node",
      "node": {
        "label": "findEntities",
        "type": "Invocation"
      },
      "location-after-char-start": 10537,
      "location-after-char-end": 10579,
      "node-str": "findEntities"
    },
    {
      "type": "insert-node",
      "node": {
        "label": "org.jboss.ejb.AllowedOperationsAssociation",
        "type": "TypeAccess"
      },
      "location-after-char-start": 10621,
      "location-after-char-end": 10648,
      "node-str": "org.jboss.ejb.AllowedOperationsAssociation"
    },
    {
      "type": "insert-node",
      "node": {
        "label": "org.jboss.ejb.AllowedOperationsAssociation",
        "type": "TypeAccess"
      },
      "location-after-char-start": 11866,
      "location-after-char-end": 11893,
      "node-str": "org.jboss.ejb.AllowedOperationsAssociation"
    },
    {
      "type": "insert-node",
      "node": {
        "label": "org.jboss.ejb.AllowedOperationsAssociation",
        "type": "TypeAccess"
      },
      "location-after-char-start": 12509,
      "location-after-char-end": 12536,
      "node-str": "org.jboss.ejb.AllowedOperationsAssociation"
    },
    {
      "type": "insert-node",
      "node": {
        "label": "org.jboss.ejb.AllowedOperationsAssociation",
        "type": "TypeAccess"
      },
      "location-after-char-start": 14331,
      "location-after-char-end": 14358,
      "node-str": "org.jboss.ejb.AllowedOperationsAssociation"
    },
    {
      "type": "insert-node",
      "node": {
        "label": "EnterpriseContext.IN_EJB_PASSIVATE",
        "type": "TypeAccess"
      },
      "location-after-char-start": 14377,
      "location-after-char-end": 14410,
      "node-str": "EnterpriseContext.IN_EJB_PASSIVATE"
    },
    {
      "type": "insert-node",
      "node": {
        "label": "javax.ejb.EntityBean",
        "type": "VARIABLE_TYPE"
      },
      "location-after-char-start": 0,
      "location-after-char-end": 0,
      "node-str": "javax.ejb.EntityBean"
    },
    {
      "type": "insert-node",
      "node": {
        "label": "getInstance",
        "type": "Invocation"
      },
      "location-after-char-start": 14439,
      "location-after-char-end": 14468,
      "node-str": "getInstance"
    },
    {
      "type": "insert-node",
      "node": {
        "label": "eb",
        "type": "VariableRead"
      },
      "location-after-char-start": 14480,
      "location-after-char-end": 14481,
      "node-str": "eb"
    },
    {
      "type": "insert-node",
      "node": {
        "label": "e",
        "type": "CatchVariable"
      },
      "location-after-char-start": 14519,
      "location-after-char-end": 14529,
      "node-str": "e"
    },
    {
      "type": "insert-node",
      "node": {
        "label": "throwRemoteException",
        "type": "Invocation"
      },
      "location-after-char-start": 14549,
      "location-after-char-end": 14572,
      "node-str": "throwRemoteException"
    },
    {
      "type": "insert-node",
      "node": {
        "label": "org.jboss.ejb.AllowedOperationsAssociation",
        "type": "TypeAccess"
      },
      "location-after-char-start": 14613,
      "location-after-char-end": 14640,
      "node-str": "org.jboss.ejb.AllowedOperationsAssociation"
    },
    {
      "type": "insert-node",
      "node": {
        "label": "org.jboss.ejb.plugins.CMPPersistenceManager",
        "type": "TypeAccess"
      },
      "location-after-char-start": 0,
      "location-after-char-end": 0,
      "node-str": "org.jboss.ejb.plugins.CMPPersistenceManager"
    },
    {
      "type": "insert-node",
      "node": {
        "label": "org.jboss.ejb.AllowedOperationsAssociation",
        "type": "TypeAccess"
      },
      "location-after-char-start": 14910,
      "location-after-char-end": 14937,
      "node-str": "org.jboss.ejb.AllowedOperationsAssociation"
    },
    {
      "type": "insert-node",
      "node": {
        "label": "org.jboss.ejb.AllowedOperationsAssociation",
        "type": "TypeAccess"
      },
      "location-after-char-start": 15361,
      "location-after-char-end": 15388,
      "node-str": "org.jboss.ejb.AllowedOperationsAssociation"
    },
    {
      "type": "insert-node",
      "node": {
        "label": "org.jboss.ejb.AllowedOperationsAssociation",
        "type": "TypeAccess"
      },
      "location-after-char-start": 15568,
      "location-after-char-end": 15595,
      "node-str": "org.jboss.ejb.AllowedOperationsAssociation"
    },
    {
      "type": "insert-node",
      "node": {
        "label": "EnterpriseContext.IN_EJB_LOAD",
        "type": "TypeAccess"
      },
      "location-after-char-start": 15614,
      "location-after-char-end": 15642,
      "node-str": "EnterpriseContext.IN_EJB_LOAD"
    },
    {
      "type": "insert-node",
      "node": {
        "label": "javax.ejb.EntityBean",
        "type": "VARIABLE_TYPE"
      },
      "location-after-char-start": 0,
      "location-after-char-end": 0,
      "node-str": "javax.ejb.EntityBean"
    },
    {
      "type": "insert-node",
      "node": {
        "label": "getInstance",
        "type": "Invocation"
      },
      "location-after-char-start": 15672,
      "location-after-char-end": 15701,
      "node-str": "getInstance"
    },
    {
      "type": "insert-node",
      "node": {
        "label": "eb",
        "type": "VariableRead"
      },
      "location-after-char-start": 15713,
      "location-after-char-end": 15714,
      "node-str": "eb"
    },
    {
      "type": "insert-node",
      "node": {
        "label": "e",
        "type": "CatchVariable"
      },
      "location-after-char-start": 15747,
      "location-after-char-end": 15757,
      "node-str": "e"
    },
    {
      "type": "insert-node",
      "node": {
        "label": "throwRemoteException",
        "type": "Invocation"
      },
      "location-after-char-start": 15777,
      "location-after-char-end": 15800,
      "node-str": "throwRemoteException"
    },
    {
      "type": "insert-node",
      "node": {
        "label": "org.jboss.ejb.AllowedOperationsAssociation",
        "type": "TypeAccess"
      },
      "location-after-char-start": 15841,
      "location-after-char-end": 15868,
      "node-str": "org.jboss.ejb.AllowedOperationsAssociation"
    },
    {
      "type": "insert-node",
      "node": {
        "label": "org.jboss.ejb.AllowedOperationsAssociation",
        "type": "TypeAccess"
      },
      "location-after-char-start": 16039,
      "location-after-char-end": 16066,
      "node-str": "org.jboss.ejb.AllowedOperationsAssociation"
    },
    {
      "type": "insert-node",
      "node": {
        "label": "EnterpriseContext.IN_EJB_STORE",
        "type": "TypeAccess"
      },
      "location-after-char-start": 16085,
      "location-after-char-end": 16114,
      "node-str": "EnterpriseContext.IN_EJB_STORE"
    },
    {
      "type": "insert-node",
      "node": {
        "label": "javax.ejb.EntityBean",
        "type": "VARIABLE_TYPE"
      },
      "location-after-char-start": 0,
      "location-after-char-end": 0,
      "node-str": "javax.ejb.EntityBean"
    },
    {
      "type": "insert-node",
      "node": {
        "label": "getInstance",
        "type": "Invocation"
      },
      "location-after-char-start": 16143,
      "location-after-char-end": 16172,
      "node-str": "getInstance"
    },
    {
      "type": "insert-node",
      "node": {
        "label": "eb",
        "type": "VariableRead"
      },
      "location-after-char-start": 16184,
      "location-after-char-end": 16185,
      "node-str": "eb"
    },
    {
      "type": "insert-node",
      "node": {
        "label": "e",
        "type": "CatchVariable"
      },
      "location-after-char-start": 16219,
      "location-after-char-end": 16229,
      "node-str": "e"
    },
    {
      "type": "insert-node",
      "node": {
        "label": "throwRemoteException",
        "type": "Invocation"
      },
      "location-after-char-start": 16249,
      "location-after-char-end": 16272,
      "node-str": "throwRemoteException"
    },
    {
      "type": "insert-node",
      "node": {
        "label": "org.jboss.ejb.AllowedOperationsAssociation",
        "type": "TypeAccess"
      },
      "location-after-char-start": 16313,
      "location-after-char-end": 16340,
      "node-str": "org.jboss.ejb.AllowedOperationsAssociation"
    },
    {
      "type": "insert-node",
      "node": {
        "label": "store",
        "type": "FieldRead"
      },
      "location-after-char-start": 6548,
      "location-after-char-end": 6552,
      "node-str": "store"
    },
    {
      "type": "insert-node",
      "node": {
        "label": "m",
        "type": "VariableRead"
      },
      "location-after-char-start": 6567,
      "location-after-char-end": 6567,
      "node-str": "m"
    },
    {
      "type": "insert-node",
      "node": {
        "label": "args",
        "type": "VariableRead"
      },
      "location-after-char-start": 6570,
      "location-after-char-end": 6573,
      "node-str": "args"
    },
    {
      "type": "insert-node",
      "node": {
        "label": "ctx",
        "type": "VariableRead"
      },
      "location-after-char-start": 6576,
      "location-after-char-end": 6578,
      "node-str": "ctx"
    },
    {
      "type": "insert-node",
      "node": {
        "label": "store",
        "type": "FieldRead"
      },
      "location-after-char-start": 10537,
      "location-after-char-end": 10541,
      "node-str": "store"
    },
    {
      "type": "insert-node",
      "node": {
        "label": "finderMethod",
        "type": "VariableRead"
      },
      "location-after-char-start": 10556,
      "location-after-char-end": 10567,
      "node-str": "finderMethod"
    },
    {
      "type": "insert-node",
      "node": {
        "label": "args",
        "type": "VariableRead"
      },
      "location-after-char-start": 10570,
      "location-after-char-end": 10573,
      "node-str": "args"
    },
    {
      "type": "insert-node",
      "node": {
        "label": "ctx",
        "type": "VariableRead"
      },
      "location-after-char-start": 10576,
      "location-after-char-end": 10578,
      "node-str": "ctx"
    },
    {
      "type": "insert-node",
      "node": {
        "label": "ctx",
        "type": "VariableRead"
      },
      "location-after-char-start": 14452,
      "location-after-char-end": 14454,
      "node-str": "ctx"
    },
    {
      "type": "insert-node",
      "node": {
        "label": "java.lang.Exception",
        "type": "VARIABLE_TYPE"
      },
      "location-after-char-start": 0,
      "location-after-char-end": 0,
      "node-str": "java.lang.Exception"
    },
    {
      "type": "insert-node",
      "node": {
        "label": "org.jboss.ejb.plugins.CMPPersistenceManager",
        "type": "TypeAccess"
      },
      "location-after-char-start": 0,
      "location-after-char-end": 0,
      "node-str": "org.jboss.ejb.plugins.CMPPersistenceManager"
    },
    {
      "type": "insert-node",
      "node": {
        "label": "e",
        "type": "VariableRead"
      },
      "location-after-char-start": 14570,
      "location-after-char-end": 14570,
      "node-str": "e"
    },
    {
      "type": "insert-node",
      "node": {
        "label": "ctx",
        "type": "VariableRead"
      },
      "location-after-char-start": 15685,
      "location-after-char-end": 15687,
      "node-str": "ctx"
    },
    {
      "type": "insert-node",
      "node": {
        "label": "java.lang.Exception",
        "type": "VARIABLE_TYPE"
      },
      "location-after-char-start": 0,
      "location-after-char-end": 0,
      "node-str": "java.lang.Exception"
    },
    {
      "type": "insert-node",
      "node": {
        "label": "org.jboss.ejb.plugins.CMPPersistenceManager",
        "type": "TypeAccess"
      },
      "location-after-char-start": 0,
      "location-after-char-end": 0,
      "node-str": "org.jboss.ejb.plugins.CMPPersistenceManager"
    },
    {
      "type": "insert-node",
      "node": {
        "label": "e",
        "type": "VariableRead"
      },
      "location-after-char-start": 15798,
      "location-after-char-end": 15798,
      "node-str": "e"
    },
    {
      "type": "insert-node",
      "node": {
        "label": "ctx",
        "type": "VariableRead"
      },
      "location-after-char-start": 16156,
      "location-after-char-end": 16158,
      "node-str": "ctx"
    },
    {
      "type": "insert-node",
      "node": {
        "label": "java.lang.Exception",
        "type": "VARIABLE_TYPE"
      },
      "location-after-char-start": 0,
      "location-after-char-end": 0,
      "node-str": "java.lang.Exception"
    },
    {
      "type": "insert-node",
      "node": {
        "label": "org.jboss.ejb.plugins.CMPPersistenceManager",
        "type": "TypeAccess"
      },
      "location-after-char-start": 0,
      "location-after-char-end": 0,
      "node-str": "org.jboss.ejb.plugins.CMPPersistenceManager"
    },
    {
      "type": "insert-node",
      "node": {
        "label": "e",
        "type": "VariableRead"
      },
      "location-after-char-start": 16270,
      "location-after-char-end": 16270,
      "node-str": "e"
    },
    {
      "type": "insert-node",
      "node": {
        "label": "org.jboss.ejb.plugins.CMPPersistenceManager",
        "type": "TypeAccess"
      },
      "location-after-char-start": 0,
      "location-after-char-end": 0,
      "node-str": "org.jboss.ejb.plugins.CMPPersistenceManager"
    },
    {
      "type": "insert-node",
      "node": {
        "label": "org.jboss.ejb.plugins.CMPPersistenceManager",
        "type": "TypeAccess"
      },
      "location-after-char-start": 0,
      "location-after-char-end": 0,
      "node-str": "org.jboss.ejb.plugins.CMPPersistenceManager"
    },
    {
      "type": "delete-node",
      "node": {
        "label": "ctx",
        "type": "VariableRead"
      },
      "location-before-char-start": 5167,
      "location-before-char-end": 5169,
      "node-str": "ctx"
    },
    {
      "type": "delete-node",
      "node": {
        "label": "ctx",
        "type": "VariableRead"
      },
      "location-before-char-start": 6132,
      "location-before-char-end": 6134,
      "node-str": "ctx"
    },
    {
      "type": "delete-node",
      "node": {
        "label": "ctx",
        "type": "VariableRead"
      },
      "location-before-char-start": 6353,
      "location-before-char-end": 6355,
      "node-str": "ctx"
    },
    {
      "type": "delete-node",
      "node": {
        "label": "EnterpriseContext.IN_EJB_CREATE",
        "type": "TypeAccess"
      },
      "location-before-char-start": 6374,
      "location-before-char-end": 6404,
      "node-str": "EnterpriseContext.IN_EJB_CREATE"
    },
    {
      "type": "delete-node",
      "node": {
        "label": "pushInMethodFlag",
        "type": "Invocation"
      },
      "location-before-char-start": 6353,
      "location-before-char-end": 6406,
      "node-str": "pushInMethodFlag"
    },
    {
      "type": "delete-node",
      "node": {
        "label": "id",
        "type": "VariableWrite"
      },
      "location-before-char-start": 6417,
      "location-before-char-end": 6418,
      "node-str": "id"
    },
    {
      "type": "delete-node",
      "node": {
        "label": "org.jboss.ejb.plugins.CMPPersistenceManager",
        "type": "TypeAccess"
      },
      "location-before-char-start": 0,
      "location-before-char-end": 0,
      "node-str": "org.jboss.ejb.plugins.CMPPersistenceManager"
    },
    {
      "type": "delete-node",
      "node": {
        "label": "store",
        "type": "FieldRead"
      },
      "location-before-char-start": 6422,
      "location-before-char-end": 6426,
      "node-str": "store"
    },
    {
      "type": "delete-node",
      "node": {
        "label": "m",
        "type": "VariableRead"
      },
      "location-before-char-start": 6441,
      "location-before-char-end": 6441,
      "node-str": "m"
    },
    {
      "type": "delete-node",
      "node": {
        "label": "args",
        "type": "VariableRead"
      },
      "location-before-char-start": 6444,
      "location-before-char-end": 6447,
      "node-str": "args"
    },
    {
      "type": "delete-node",
      "node": {
        "label": "ctx",
        "type": "VariableRead"
      },
      "location-before-char-start": 6450,
      "location-before-char-end": 6452,
      "node-str": "ctx"
    },
    {
      "type": "delete-node",
      "node": {
        "label": "createEntity",
        "type": "Invocation"
      },
      "location-before-char-start": 6422,
      "location-before-char-end": 6453,
      "node-str": "createEntity"
    },
    {
      "type": "delete-node",
      "node": {
        "label": "\u003d",
        "type": "Assignment"
      },
      "location-before-char-start": 6417,
      "location-before-char-end": 6454,
      "node-str": "\u003d"
    },
    {
      "type": "delete-node",
      "node": {
        "label": "ctx",
        "type": "VariableRead"
      },
      "location-before-char-start": 6495,
      "location-before-char-end": 6497,
      "node-str": "ctx"
    },
    {
      "type": "delete-node",
      "node": {
        "label": "popInMethodFlag",
        "type": "Invocation"
      },
      "location-before-char-start": 6495,
      "location-before-char-end": 6516,
      "node-str": "popInMethodFlag"
    },
    {
      "type": "delete-node",
      "node": {
        "label": "",
        "type": "Try"
      },
      "location-before-char-start": 6332,
      "location-before-char-end": 6524,
      "node-str": ""
    },
    {
      "type": "delete-node",
      "node": {
        "label": "ctx",
        "type": "VariableRead"
      },
      "location-before-char-start": 7396,
      "location-before-char-end": 7398,
      "node-str": "ctx"
    },
    {
      "type": "delete-node",
      "node": {
        "label": "ctx",
        "type": "VariableRead"
      },
      "location-before-char-start": 8485,
      "location-before-char-end": 8487,
      "node-str": "ctx"
    },
    {
      "type": "delete-node",
      "node": {
        "label": "ctx",
        "type": "VariableRead"
      },
      "location-before-char-start": 8670,
      "location-before-char-end": 8672,
      "node-str": "ctx"
    },
    {
      "type": "delete-node",
      "node": {
        "label": "ctx",
        "type": "VariableRead"
      },
      "location-before-char-start": 9595,
      "location-before-char-end": 9597,
      "node-str": "ctx"
    },
    {
      "type": "delete-node",
      "node": {
        "label": "java.util.Collection",
        "type": "RETURN_TYPE"
      },
      "location-before-char-start": 0,
      "location-before-char-end": 0,
      "node-str": "java.util.Collection"
    },
    {
      "type": "delete-node",
      "node": {
        "label": "java.lang.Exception",
        "type": "THROWS"
      },
      "location-before-char-start": 0,
      "location-before-char-end": 0,
      "node-str": "java.lang.Exception"
    },
    {
      "type": "delete-node",
      "node": {
        "label": "public",
        "type": "Modifier"
      },
      "location-before-char-start": 0,
      "location-before-char-end": 0,
      "node-str": "public"
    },
    {
      "type": "delete-node",
      "node": {
        "label": "java.lang.reflect.Method",
        "type": "VARIABLE_TYPE"
      },
      "location-before-char-start": 0,
      "location-before-char-end": 0,
      "node-str": "java.lang.reflect.Method"
    },
    {
      "type": "delete-node",
      "node": {
        "label": "finderMethod",
        "type": "Parameter"
      },
      "location-before-char-start": 9943,
      "location-before-char-end": 9961,
      "node-str": "finderMethod"
    },
    {
      "type": "delete-node",
      "node": {
        "label": "java.lang.Object[]",
        "type": "VARIABLE_TYPE"
      },
      "location-before-char-start": 0,
      "location-before-char-end": 0,
      "node-str": "java.lang.Object[]"
    },
    {
      "type": "delete-node",
      "node": {
        "label": "args",
        "type": "Parameter"
      },
      "location-before-char-start": 9964,
      "location-before-char-end": 9976,
      "node-str": "args"
    },
    {
      "type": "delete-node",
      "node": {
        "label": "org.jboss.ejb.EntityEnterpriseContext",
        "type": "VARIABLE_TYPE"
      },
      "location-before-char-start": 0,
      "location-before-char-end": 0,
      "node-str": "org.jboss.ejb.EntityEnterpriseContext"
    },
    {
      "type": "delete-node",
      "node": {
        "label": "ctx",
        "type": "Parameter"
      },
      "location-before-char-start": 9979,
      "location-before-char-end": 10005,
      "node-str": "ctx"
    },
    {
      "type": "delete-node",
      "node": {
        "label": "ctx",
        "type": "VariableRead"
      },
      "location-before-char-start": 10192,
      "location-before-char-end": 10194,
      "node-str": "ctx"
    },
    {
      "type": "delete-node",
      "node": {
        "label": "EnterpriseContext.IN_EJB_FIND",
        "type": "TypeAccess"
      },
      "location-before-char-start": 10213,
      "location-before-char-end": 10241,
      "node-str": "EnterpriseContext.IN_EJB_FIND"
    },
    {
      "type": "delete-node",
      "node": {
        "label": "pushInMethodFlag",
        "type": "Invocation"
      },
      "location-before-char-start": 10192,
      "location-before-char-end": 10243,
      "node-str": "pushInMethodFlag"
    },
    {
      "type": "delete-node",
      "node": {
        "label": "org.jboss.ejb.plugins.CMPPersistenceManager",
        "type": "TypeAccess"
      },
      "location-before-char-start": 0,
      "location-before-char-end": 0,
      "node-str": "org.jboss.ejb.plugins.CMPPersistenceManager"
    },
    {
      "type": "delete-node",
      "node": {
        "label": "store",
        "type": "FieldRead"
      },
      "location-before-char-start": 10261,
      "location-before-char-end": 10265,
      "node-str": "store"
    },
    {
      "type": "delete-node",
      "node": {
        "label": "finderMethod",
        "type": "VariableRead"
      },
      "location-before-char-start": 10280,
      "location-before-char-end": 10291,
      "node-str": "finderMethod"
    },
    {
      "type": "delete-node",
      "node": {
        "label": "args",
        "type": "VariableRead"
      },
      "location-before-char-start": 10294,
      "location-before-char-end": 10297,
      "node-str": "args"
    },
    {
      "type": "delete-node",
      "node": {
        "label": "ctx",
        "type": "VariableRead"
      },
      "location-before-char-start": 10300,
      "location-before-char-end": 10302,
      "node-str": "ctx"
    },
    {
      "type": "delete-node",
      "node": {
        "label": "findEntities",
        "type": "Invocation"
      },
      "location-before-char-start": 10261,
      "location-before-char-end": 10303,
      "node-str": "findEntities"
    },
    {
      "type": "delete-node",
      "node": {
        "label": "return",
        "type": "Return"
      },
      "location-before-char-start": 10254,
      "location-before-char-end": 10304,
      "node-str": "return"
    },
    {
      "type": "delete-node",
      "node": {
        "label": "ctx",
        "type": "VariableRead"
      },
      "location-before-char-start": 10345,
      "location-before-char-end": 10347,
      "node-str": "ctx"
    },
    {
      "type": "delete-node",
      "node": {
        "label": "popInMethodFlag",
        "type": "Invocation"
      },
      "location-before-char-start": 10345,
      "location-before-char-end": 10366,
      "node-str": "popInMethodFlag"
    },
    {
      "type": "delete-node",
      "node": {
        "label": "",
        "type": "Try"
      },
      "location-before-char-start": 10042,
      "location-before-char-end": 10374,
      "node-str": ""
    },
    {
      "type": "delete-node",
      "node": {
        "label": "findEntities",
        "type": "Method"
      },
      "location-before-char-start": 9869,
      "location-before-char-end": 10379,
      "node-str": "findEntities"
    },
    {
      "type": "delete-node",
      "node": {
        "label": "ctx",
        "type": "VariableRead"
      },
      "location-before-char-start": 11565,
      "location-before-char-end": 11567,
      "node-str": "ctx"
    },
    {
      "type": "delete-node",
      "node": {
        "label": "ctx",
        "type": "VariableRead"
      },
      "location-before-char-start": 12183,
      "location-before-char-end": 12185,
      "node-str": "ctx"
    },
    {
      "type": "delete-node",
      "node": {
        "label": "void",
        "type": "RETURN_TYPE"
      },
      "location-before-char-start": 0,
      "location-before-char-end": 0,
      "node-str": "void"
    },
    {
      "type": "delete-node",
      "node": {
        "label": "java.rmi.RemoteException",
        "type": "THROWS"
      },
      "location-before-char-start": 0,
      "location-before-char-end": 0,
      "node-str": "java.rmi.RemoteException"
    },
    {
      "type": "delete-node",
      "node": {
        "label": "public",
        "type": "Modifier"
      },
      "location-before-char-start": 0,
      "location-before-char-end": 0,
      "node-str": "public"
    },
    {
      "type": "delete-node",
      "node": {
        "label": "org.jboss.ejb.EntityEnterpriseContext",
        "type": "VARIABLE_TYPE"
      },
      "location-before-char-start": 0,
      "location-before-char-end": 0,
      "node-str": "org.jboss.ejb.EntityEnterpriseContext"
    },
    {
      "type": "delete-node",
      "node": {
        "label": "ctx",
        "type": "Parameter"
      },
      "location-before-char-start": 13890,
      "location-before-char-end": 13916,
      "node-str": "ctx"
    },
    {
      "type": "delete-node",
      "node": {
        "label": "ctx",
        "type": "VariableRead"
      },
      "location-before-char-start": 13980,
      "location-before-char-end": 13982,
      "node-str": "ctx"
    },
    {
      "type": "delete-node",
      "node": {
        "label": "EnterpriseContext.IN_EJB_PASSIVATE",
        "type": "TypeAccess"
      },
      "location-before-char-start": 14001,
      "location-before-char-end": 14034,
      "node-str": "EnterpriseContext.IN_EJB_PASSIVATE"
    },
    {
      "type": "delete-node",
      "node": {
        "label": "pushInMethodFlag",
        "type": "Invocation"
      },
      "location-before-char-start": 13980,
      "location-before-char-end": 14036,
      "node-str": "pushInMethodFlag"
    },
    {
      "type": "delete-node",
      "node": {
        "label": "javax.ejb.EntityBean",
        "type": "VARIABLE_TYPE"
      },
      "location-before-char-start": 0,
      "location-before-char-end": 0,
      "node-str": "javax.ejb.EntityBean"
    },
    {
      "type": "delete-node",
      "node": {
        "label": "ctx",
        "type": "VariableRead"
      },
      "location-before-char-start": 14076,
      "location-before-char-end": 14078,
      "node-str": "ctx"
    },
    {
      "type": "delete-node",
      "node": {
        "label": "getInstance",
        "type": "Invocation"
      },
      "location-before-char-start": 14063,
      "location-before-char-end": 14092,
      "node-str": "getInstance"
    },
    {
      "type": "delete-node",
      "node": {
        "label": "eb",
        "type": "LocalVariable"
      },
      "location-before-char-start": 14047,
      "location-before-char-end": 14093,
      "node-str": "eb"
    },
    {
      "type": "delete-node",
      "node": {
        "label": "eb",
        "type": "VariableRead"
      },
      "location-before-char-start": 14104,
      "location-before-char-end": 14105,
      "node-str": "eb"
    },
    {
      "type": "delete-node",
      "node": {
        "label": "ejbPassivate",
        "type": "Invocation"
      },
      "location-before-char-start": 14104,
      "location-before-char-end": 14121,
      "node-str": "ejbPassivate"
    },
    {
      "type": "delete-node",
      "node": {
        "label": "java.lang.Exception",
        "type": "VARIABLE_TYPE"
      },
      "location-before-char-start": 0,
      "location-before-char-end": 0,
      "node-str": "java.lang.Exception"
    },
    {
      "type": "delete-node",
      "node": {
        "label": "e",
        "type": "CatchVariable"
      },
      "location-before-char-start": 14143,
      "location-before-char-end": 14153,
      "node-str": "e"
    },
    {
      "type": "delete-node",
      "node": {
        "label": "org.jboss.ejb.plugins.CMPPersistenceManager",
        "type": "TypeAccess"
      },
      "location-before-char-start": 0,
      "location-before-char-end": 0,
      "node-str": "org.jboss.ejb.plugins.CMPPersistenceManager"
    },
    {
      "type": "delete-node",
      "node": {
        "label": "e",
        "type": "VariableRead"
      },
      "location-before-char-start": 14194,
      "location-before-char-end": 14194,
      "node-str": "e"
    },
    {
      "type": "delete-node",
      "node": {
        "label": "throwRemoteException",
        "type": "Invocation"
      },
      "location-before-char-start": 14173,
      "location-before-char-end": 14196,
      "node-str": "throwRemoteException"
    },
    {
      "type": "delete-node",
      "node": {
        "label": "",
        "type": "Catch"
      },
      "location-before-char-start": 14130,
      "location-before-char-end": 14204,
      "node-str": ""
    },
    {
      "type": "delete-node",
      "node": {
        "label": "ctx",
        "type": "VariableRead"
      },
      "location-before-char-start": 14237,
      "location-before-char-end": 14239,
      "node-str": "ctx"
    },
    {
      "type": "delete-node",
      "node": {
        "label": "popInMethodFlag",
        "type": "Invocation"
      },
      "location-before-char-start": 14237,
      "location-before-char-end": 14258,
      "node-str": "popInMethodFlag"
    },
    {
      "type": "delete-node",
      "node": {
        "label": "",
        "type": "Try"
      },
      "location-before-char-start": 13959,
      "location-before-char-end": 14266,
      "node-str": ""
    },
    {
      "type": "delete-node",
      "node": {
        "label": "org.jboss.ejb.plugins.CMPPersistenceManager",
        "type": "TypeAccess"
      },
      "location-before-char-start": 0,
      "location-before-char-end": 0,
      "node-str": "org.jboss.ejb.plugins.CMPPersistenceManager"
    },
    {
      "type": "delete-node",
      "node": {
        "label": "store",
        "type": "FieldRead"
      },
      "location-before-char-start": 14275,
      "location-before-char-end": 14279,
      "node-str": "store"
    },
    {
      "type": "delete-node",
      "node": {
        "label": "ctx",
        "type": "VariableRead"
      },
      "location-before-char-start": 14297,
      "location-before-char-end": 14299,
      "node-str": "ctx"
    },
    {
      "type": "delete-node",
      "node": {
        "label": "passivateEntity",
        "type": "Invocation"
      },
      "location-before-char-start": 14275,
      "location-before-char-end": 14301,
      "node-str": "passivateEntity"
    },
    {
      "type": "delete-node",
      "node": {
        "label": "ctx",
        "type": "VariableRead"
      },
      "location-before-char-start": 14309,
      "location-before-char-end": 14311,
      "node-str": "ctx"
    },
    {
      "type": "delete-node",
      "node": {
        "label": "null",
        "type": "Literal"
      },
      "location-before-char-start": 14326,
      "location-before-char-end": 14329,
      "node-str": "null"
    },
    {
      "type": "delete-node",
      "node": {
        "label": "setEJBObject",
        "type": "Invocation"
      },
      "location-before-char-start": 14309,
      "location-before-char-end": 14331,
      "node-str": "setEJBObject"
    },
    {
      "type": "delete-node",
      "node": {
        "label": "ctx",
        "type": "VariableRead"
      },
      "location-before-char-start": 14339,
      "location-before-char-end": 14341,
      "node-str": "ctx"
    },
    {
      "type": "delete-node",
      "node": {
        "label": "null",
        "type": "Literal"
      },
      "location-before-char-start": 14361,
      "location-before-char-end": 14364,
      "node-str": "null"
    },
    {
      "type": "delete-node",
      "node": {
        "label": "setEJBLocalObject",
        "type": "Invocation"
      },
      "location-before-char-start": 14339,
      "location-before-char-end": 14366,
      "node-str": "setEJBLocalObject"
    },
    {
      "type": "delete-node",
      "node": {
        "label": "passivateEntity",
        "type": "Method"
      },
      "location-before-char-start": 13862,
      "location-before-char-end": 14371,
      "node-str": "passivateEntity"
    },
    {
      "type": "delete-node",
      "node": {
        "label": "ctx",
        "type": "VariableRead"
      },
      "location-before-char-start": 14509,
      "location-before-char-end": 14511,
      "node-str": "ctx"
    },
    {
      "type": "delete-node",
      "node": {
        "label": "ctx",
        "type": "VariableRead"
      },
      "location-before-char-start": 14935,
      "location-before-char-end": 14937,
      "node-str": "ctx"
    },
    {
      "type": "delete-node",
      "node": {
        "label": "void",
        "type": "RETURN_TYPE"
      },
      "location-before-char-start": 0,
      "location-before-char-end": 0,
      "node-str": "void"
    },
    {
      "type": "delete-node",
      "node": {
        "label": "java.rmi.RemoteException",
        "type": "THROWS"
      },
      "location-before-char-start": 0,
      "location-before-char-end": 0,
      "node-str": "java.rmi.RemoteException"
    },
    {
      "type": "delete-node",
      "node": {
        "label": "protected",
        "type": "Modifier"
      },
      "location-before-char-start": 0,
      "location-before-char-end": 0,
      "node-str": "protected"
    },
    {
      "type": "delete-node",
      "node": {
        "label": "org.jboss.ejb.EntityEnterpriseContext",
        "type": "VARIABLE_TYPE"
      },
      "location-before-char-start": 0,
      "location-before-char-end": 0,
      "node-str": "org.jboss.ejb.EntityEnterpriseContext"
    },
    {
      "type": "delete-node",
      "node": {
        "label": "ctx",
        "type": "Parameter"
      },
      "location-before-char-start": 15033,
      "location-before-char-end": 15059,
      "node-str": "ctx"
    },
    {
      "type": "delete-node",
      "node": {
        "label": "ctx",
        "type": "VariableRead"
      },
      "location-before-char-start": 15117,
      "location-before-char-end": 15119,
      "node-str": "ctx"
    },
    {
      "type": "delete-node",
      "node": {
        "label": "EnterpriseContext.IN_EJB_LOAD",
        "type": "TypeAccess"
      },
      "location-before-char-start": 15138,
      "location-before-char-end": 15166,
      "node-str": "EnterpriseContext.IN_EJB_LOAD"
    },
    {
      "type": "delete-node",
      "node": {
        "label": "pushInMethodFlag",
        "type": "Invocation"
      },
      "location-before-char-start": 15117,
      "location-before-char-end": 15168,
      "node-str": "pushInMethodFlag"
    },
    {
      "type": "delete-node",
      "node": {
        "label": "javax.ejb.EntityBean",
        "type": "VARIABLE_TYPE"
      },
      "location-before-char-start": 0,
      "location-before-char-end": 0,
      "node-str": "javax.ejb.EntityBean"
    },
    {
      "type": "delete-node",
      "node": {
        "label": "ctx",
        "type": "VariableRead"
      },
      "location-before-char-start": 15209,
      "location-before-char-end": 15211,
      "node-str": "ctx"
    },
    {
      "type": "delete-node",
      "node": {
        "label": "getInstance",
        "type": "Invocation"
      },
      "location-before-char-start": 15196,
      "location-before-char-end": 15225,
      "node-str": "getInstance"
    },
    {
      "type": "delete-node",
      "node": {
        "label": "eb",
        "type": "LocalVariable"
      },
      "location-before-char-start": 15180,
      "location-before-char-end": 15226,
      "node-str": "eb"
    },
    {
      "type": "delete-node",
      "node": {
        "label": "eb",
        "type": "VariableRead"
      },
      "location-before-char-start": 15237,
      "location-before-char-end": 15238,
      "node-str": "eb"
    },
    {
      "type": "delete-node",
      "node": {
        "label": "ejbLoad",
        "type": "Invocation"
      },
      "location-before-char-start": 15237,
      "location-before-char-end": 15249,
      "node-str": "ejbLoad"
    },
    {
      "type": "delete-node",
      "node": {
        "label": "java.lang.Exception",
        "type": "VARIABLE_TYPE"
      },
      "location-before-char-start": 0,
      "location-before-char-end": 0,
      "node-str": "java.lang.Exception"
    },
    {
      "type": "delete-node",
      "node": {
        "label": "e",
        "type": "CatchVariable"
      },
      "location-before-char-start": 15271,
      "location-before-char-end": 15281,
      "node-str": "e"
    },
    {
      "type": "delete-node",
      "node": {
        "label": "org.jboss.ejb.plugins.CMPPersistenceManager",
        "type": "TypeAccess"
      },
      "location-before-char-start": 0,
      "location-before-char-end": 0,
      "node-str": "org.jboss.ejb.plugins.CMPPersistenceManager"
    },
    {
      "type": "delete-node",
      "node": {
        "label": "e",
        "type": "VariableRead"
      },
      "location-before-char-start": 15322,
      "location-before-char-end": 15322,
      "node-str": "e"
    },
    {
      "type": "delete-node",
      "node": {
        "label": "throwRemoteException",
        "type": "Invocation"
      },
      "location-before-char-start": 15301,
      "location-before-char-end": 15324,
      "node-str": "throwRemoteException"
    },
    {
      "type": "delete-node",
      "node": {
        "label": "",
        "type": "Catch"
      },
      "location-before-char-start": 15258,
      "location-before-char-end": 15332,
      "node-str": ""
    },
    {
      "type": "delete-node",
      "node": {
        "label": "ctx",
        "type": "VariableRead"
      },
      "location-before-char-start": 15365,
      "location-before-char-end": 15367,
      "node-str": "ctx"
    },
    {
      "type": "delete-node",
      "node": {
        "label": "popInMethodFlag",
        "type": "Invocation"
      },
      "location-before-char-start": 15365,
      "location-before-char-end": 15386,
      "node-str": "popInMethodFlag"
    },
    {
      "type": "delete-node",
      "node": {
        "label": "",
        "type": "Try"
      },
      "location-before-char-start": 15096,
      "location-before-char-end": 15394,
      "node-str": ""
    },
    {
      "type": "delete-node",
      "node": {
        "label": "invokeLoad",
        "type": "Method"
      },
      "location-before-char-start": 15007,
      "location-before-char-end": 15399,
      "node-str": "invokeLoad"
    },
    {
      "type": "delete-node",
      "node": {
        "label": "void",
        "type": "RETURN_TYPE"
      },
      "location-before-char-start": 0,
      "location-before-char-end": 0,
      "node-str": "void"
    },
    {
      "type": "delete-node",
      "node": {
        "label": "java.rmi.RemoteException",
        "type": "THROWS"
      },
      "location-before-char-start": 0,
      "location-before-char-end": 0,
      "node-str": "java.rmi.RemoteException"
    },
    {
      "type": "delete-node",
      "node": {
        "label": "org.jboss.ejb.EntityEnterpriseContext",
        "type": "VARIABLE_TYPE"
      },
      "location-before-char-start": 0,
      "location-before-char-end": 0,
      "node-str": "org.jboss.ejb.EntityEnterpriseContext"
    },
    {
      "type": "delete-node",
      "node": {
        "label": "ctx",
        "type": "Parameter"
      },
      "location-before-char-start": 15448,
      "location-before-char-end": 15474,
      "node-str": "ctx"
    },
    {
      "type": "delete-node",
      "node": {
        "label": "ctx",
        "type": "VariableRead"
      },
      "location-before-char-start": 15538,
      "location-before-char-end": 15540,
      "node-str": "ctx"
    },
    {
      "type": "delete-node",
      "node": {
        "label": "EnterpriseContext.IN_EJB_STORE",
        "type": "TypeAccess"
      },
      "location-before-char-start": 15559,
      "location-before-char-end": 15588,
      "node-str": "EnterpriseContext.IN_EJB_STORE"
    },
    {
      "type": "delete-node",
      "node": {
        "label": "pushInMethodFlag",
        "type": "Invocation"
      },
      "location-before-char-start": 15538,
      "location-before-char-end": 15590,
      "node-str": "pushInMethodFlag"
    },
    {
      "type": "delete-node",
      "node": {
        "label": "javax.ejb.EntityBean",
        "type": "VARIABLE_TYPE"
      },
      "location-before-char-start": 0,
      "location-before-char-end": 0,
      "node-str": "javax.ejb.EntityBean"
    },
    {
      "type": "delete-node",
      "node": {
        "label": "ctx",
        "type": "VariableRead"
      },
      "location-before-char-start": 15630,
      "location-before-char-end": 15632,
      "node-str": "ctx"
    },
    {
      "type": "delete-node",
      "node": {
        "label": "getInstance",
        "type": "Invocation"
      },
      "location-before-char-start": 15617,
      "location-before-char-end": 15646,
      "node-str": "getInstance"
    },
    {
      "type": "delete-node",
      "node": {
        "label": "eb",
        "type": "LocalVariable"
      },
      "location-before-char-start": 15601,
      "location-before-char-end": 15647,
      "node-str": "eb"
    },
    {
      "type": "delete-node",
      "node": {
        "label": "eb",
        "type": "VariableRead"
      },
      "location-before-char-start": 15658,
      "location-before-char-end": 15659,
      "node-str": "eb"
    },
    {
      "type": "delete-node",
      "node": {
        "label": "ejbStore",
        "type": "Invocation"
      },
      "location-before-char-start": 15658,
      "location-before-char-end": 15671,
      "node-str": "ejbStore"
    },
    {
      "type": "delete-node",
      "node": {
        "label": "java.lang.Exception",
        "type": "VARIABLE_TYPE"
      },
      "location-before-char-start": 0,
      "location-before-char-end": 0,
      "node-str": "java.lang.Exception"
    },
    {
      "type": "delete-node",
      "node": {
        "label": "e",
        "type": "CatchVariable"
      },
      "location-before-char-start": 15693,
      "location-before-char-end": 15703,
      "node-str": "e"
    },
    {
      "type": "delete-node",
      "node": {
        "label": "org.jboss.ejb.plugins.CMPPersistenceManager",
        "type": "TypeAccess"
      },
      "location-before-char-start": 0,
      "location-before-char-end": 0,
      "node-str": "org.jboss.ejb.plugins.CMPPersistenceManager"
    },
    {
      "type": "delete-node",
      "node": {
        "label": "e",
        "type": "VariableRead"
      },
      "location-before-char-start": 15744,
      "location-before-char-end": 15744,
      "node-str": "e"
    },
    {
      "type": "delete-node",
      "node": {
        "label": "throwRemoteException",
        "type": "Invocation"
      },
      "location-before-char-start": 15723,
      "location-before-char-end": 15746,
      "node-str": "throwRemoteException"
    },
    {
      "type": "delete-node",
      "node": {
        "label": "",
        "type": "Catch"
      },
      "location-before-char-start": 15680,
      "location-before-char-end": 15754,
      "node-str": ""
    },
    {
      "type": "delete-node",
      "node": {
        "label": "ctx",
        "type": "VariableRead"
      },
      "location-before-char-start": 15787,
      "location-before-char-end": 15789,
      "node-str": "ctx"
    },
    {
      "type": "delete-node",
      "node": {
        "label": "popInMethodFlag",
        "type": "Invocation"
      },
      "location-before-char-start": 15787,
      "location-before-char-end": 15808,
      "node-str": "popInMethodFlag"
    },
    {
      "type": "delete-node",
      "node": {
        "label": "",
        "type": "Try"
      },
      "location-before-char-start": 15517,
      "location-before-char-end": 15816,
      "node-str": ""
    },
    {
      "type": "delete-node",
      "node": {
        "label": "invokeEjbStore",
        "type": "Method"
      },
      "location-before-char-start": 15405,
      "location-before-char-end": 15821,
      "node-str": "invokeEjbStore"
    }
  ],
  "before-file": {},
  "after-file": {},
  "mapping": {}
}