{
  "tool-info": {},
  "diff": [
    {
      "type": "insert-node",
      "node": {
        "label": "public",
        "type": "Modifier"
      },
      "location-after-char-start": 2686,
      "location-after-char-end": 2692,
      "node-str": "public"
    },
    {
      "type": "insert-node",
      "node": {
        "label": "class",
        "type": "TYPE_DECLARATION_KIND"
      },
      "location-after-char-start": 2693,
      "location-after-char-end": 2698,
      "node-str": "class"
    },
    {
      "type": "insert-node",
      "node": {
        "label": "UserAttribute",
        "type": "SimpleName"
      },
      "location-after-char-start": 2699,
      "location-after-char-end": 2712,
      "node-str": "UserAttribute"
    },
    {
      "type": "update-node",
      "node": {
        "label": " app data. may be needed to render control",
        "type": "TextElement"
      },
      "location-before-char-start": 4706,
      "location-before-char-end": 4748,
      "location-after-char-start": 4529,
      "location-after-char-end": 4541,
      "node-str": "Returns null"
    },
    {
      "type": "delete-node",
      "node": {
        "label": "java.util.List",
        "type": "QualifiedName"
      },
      "location-before-char-start": 2392,
      "location-before-char-end": 2406,
      "node-str": "java.util.List"
    },
    {
      "type": "delete-node",
      "node": {
        "label": "",
        "type": "ImportDeclaration"
      },
      "location-before-char-start": 2385,
      "location-before-char-end": 2407,
      "node-str": ""
    },
    {
      "type": "delete-node",
      "node": {
        "label": "org.tigris.scarab.om.Module",
        "type": "QualifiedName"
      },
      "location-before-char-start": 2519,
      "location-before-char-end": 2546,
      "node-str": "org.tigris.scarab.om.Module"
    },
    {
      "type": "delete-node",
      "node": {
        "label": "",
        "type": "ImportDeclaration"
      },
      "location-before-char-start": 2512,
      "location-before-char-end": 2547,
      "node-str": ""
    },
    {
      "type": "delete-node",
      "node": {
        "label": "public",
        "type": "Modifier"
      },
      "location-before-char-start": 2745,
      "location-before-char-end": 2751,
      "node-str": "public"
    },
    {
      "type": "delete-node",
      "node": {
        "label": "class",
        "type": "TYPE_DECLARATION_KIND"
      },
      "location-before-char-start": 2752,
      "location-before-char-end": 2757,
      "node-str": "class"
    },
    {
      "type": "delete-node",
      "node": {
        "label": "UserAttribute",
        "type": "SimpleName"
      },
      "location-before-char-start": 2758,
      "location-before-char-end": 2771,
      "node-str": "UserAttribute"
    },
    {
      "type": "delete-node",
      "node": {
        "label": "displays the attribute.",
        "type": "TextElement"
      },
      "location-before-char-start": 4585,
      "location-before-char-end": 4608,
      "node-str": "displays the attribute."
    },
    {
      "type": "delete-node",
      "node": {
        "label": "",
        "type": "TagElement"
      },
      "location-before-char-start": 4585,
      "location-before-char-end": 4608,
      "node-str": ""
    },
    {
      "type": "delete-node",
      "node": {
        "label": " Object to display the property. May be a String containing HTML",
        "type": "TextElement"
      },
      "location-before-char-start": 4623,
      "location-before-char-end": 4687,
      "node-str": " Object to display the property. May be a String containing HTML"
    },
    {
      "type": "delete-node",
      "node": {
        "label": "",
        "type": "TagElement"
      },
      "location-before-char-start": 4616,
      "location-before-char-end": 4687,
      "node-str": ""
    },
    {
      "type": "delete-node",
      "node": {
        "label": "data",
        "type": "SimpleName"
      },
      "location-before-char-start": 4702,
      "location-before-char-end": 4706,
      "node-str": "data"
    },
    {
      "type": "delete-node",
      "node": {
        "label": "differently in different circumstances.",
        "type": "TextElement"
      },
      "location-before-char-start": 4756,
      "location-before-char-end": 4795,
      "node-str": "differently in different circumstances."
    },
    {
      "type": "delete-node",
      "node": {
        "label": "Not sure about this though. It may be a better",
        "type": "TextElement"
      },
      "location-before-char-start": 4803,
      "location-before-char-end": 4849,
      "node-str": "Not sure about this though. It may be a better"
    },
    {
      "type": "delete-node",
      "node": {
        "label": "idea to handle this on the UI level.",
        "type": "TextElement"
      },
      "location-before-char-start": 4857,
      "location-before-char-end": 4893,
      "node-str": "idea to handle this on the UI level."
    }
  ],
  "before-file": {},
  "after-file": {},
  "mapping": {}
}