{
  "tool-info": {},
  "diff": [
    {
      "type": "insert-node",
      "node": {
        "label": "public",
        "type": "Modifier"
      },
      "location-after-char-start": 0,
      "location-after-char-end": 0,
      "node-str": "public"
    },
    {
      "type": "insert-node",
      "node": {
        "label": "",
        "type": "TypeReference"
      },
      "location-after-char-start": 903,
      "location-after-char-end": 926,
      "node-str": ""
    },
    {
      "type": "insert-node",
      "node": {
        "label": "sharedInstance",
        "type": "Field"
      },
      "location-after-char-start": 934,
      "location-after-char-end": 994,
      "node-str": "sharedInstance"
    },
    {
      "type": "insert-node",
      "node": {
        "label": "\u003cinit\u003e",
        "type": "Constructor"
      },
      "location-after-char-start": 1001,
      "location-after-char-end": 1128,
      "node-str": "\u003cinit\u003e"
    },
    {
      "type": "insert-node",
      "node": {
        "label": "ObjectContributorManager",
        "type": "SUPER_TYPE"
      },
      "location-after-char-start": 0,
      "location-after-char-end": 0,
      "node-str": "ObjectContributorManager"
    },
    {
      "type": "insert-node",
      "node": {
        "label": "org.eclipse.ui.internal.ObjectActionContributorManager",
        "type": "VARIABLE_TYPE"
      },
      "location-after-char-start": 0,
      "location-after-char-end": 0,
      "node-str": "org.eclipse.ui.internal.ObjectActionContributorManager"
    },
    {
      "type": "insert-node",
      "node": {
        "label": "static",
        "type": "Modifier"
      },
      "location-after-char-start": 0,
      "location-after-char-end": 0,
      "node-str": "static"
    },
    {
      "type": "insert-node",
      "node": {
        "label": "public",
        "type": "Modifier"
      },
      "location-after-char-start": 0,
      "location-after-char-end": 0,
      "node-str": "public"
    },
    {
      "type": "insert-node",
      "node": {
        "label": "loadContributors",
        "type": "Invocation"
      },
      "location-after-char-start": 1104,
      "location-after-char-end": 1122,
      "node-str": "loadContributors"
    },
    {
      "type": "insert-node",
      "node": {
        "label": "boolean",
        "type": "RETURN_TYPE"
      },
      "location-after-char-start": 0,
      "location-after-char-end": 0,
      "node-str": "boolean"
    },
    {
      "type": "insert-node",
      "node": {
        "label": "public",
        "type": "Modifier"
      },
      "location-after-char-start": 0,
      "location-after-char-end": 0,
      "node-str": "public"
    },
    {
      "type": "insert-node",
      "node": {
        "label": "part",
        "type": "Parameter"
      },
      "location-after-char-start": 1321,
      "location-after-char-end": 1339,
      "node-str": "part"
    },
    {
      "type": "insert-node",
      "node": {
        "label": "popupMenu",
        "type": "Parameter"
      },
      "location-after-char-start": 1354,
      "location-after-char-end": 1375,
      "node-str": "popupMenu"
    },
    {
      "type": "insert-node",
      "node": {
        "label": "selProv",
        "type": "Parameter"
      },
      "location-after-char-start": 1378,
      "location-after-char-end": 1403,
      "node-str": "selProv"
    },
    {
      "type": "insert-node",
      "node": {
        "label": "selection",
        "type": "LocalVariable"
      },
      "location-after-char-start": 1445,
      "location-after-char-end": 1490,
      "node-str": "selection"
    },
    {
      "type": "insert-node",
      "node": {
        "label": "elements",
        "type": "LocalVariable"
      },
      "location-after-char-start": 1813,
      "location-after-char-end": 1833,
      "node-str": "elements"
    },
    {
      "type": "insert-node",
      "node": {
        "label": "commonAdapters",
        "type": "LocalVariable"
      },
      "location-after-char-start": 2185,
      "location-after-char-end": 2222,
      "node-str": "commonAdapters"
    },
    {
      "type": "insert-node",
      "node": {
        "label": "commonClasses",
        "type": "LocalVariable"
      },
      "location-after-char-start": 2232,
      "location-after-char-end": 2295,
      "node-str": "commonClasses"
    },
    {
      "type": "insert-node",
      "node": {
        "label": "resourceClass",
        "type": "LocalVariable"
      },
      "location-after-char-start": 2456,
      "location-after-char-end": 2510,
      "node-str": "resourceClass"
    },
    {
      "type": "insert-node",
      "node": {
        "label": "contributors",
        "type": "LocalVariable"
      },
      "location-after-char-start": 2555,
      "location-after-char-end": 2590,
      "node-str": "contributors"
    },
    {
      "type": "insert-node",
      "node": {
        "label": "actualContributions",
        "type": "LocalVariable"
      },
      "location-after-char-start": 3364,
      "location-after-char-end": 3399,
      "node-str": "actualContributions"
    },
    {
      "type": "insert-node",
      "node": {
        "label": "overrides",
        "type": "LocalVariable"
      },
      "location-after-char-start": 3409,
      "location-after-char-end": 3447,
      "node-str": "overrides"
    },
    {
      "type": "insert-node",
      "node": {
        "label": "",
        "type": "For"
      },
      "location-after-char-start": 3457,
      "location-after-char-end": 3927,
      "node-str": ""
    },
    {
      "type": "insert-node",
      "node": {
        "label": "",
        "type": "For"
      },
      "location-after-char-start": 4041,
      "location-after-char-end": 4352,
      "node-str": ""
    },
    {
      "type": "insert-node",
      "node": {
        "label": "return",
        "type": "Return"
      },
      "location-after-char-start": 4362,
      "location-after-char-end": 4388,
      "node-str": "return"
    },
    {
      "type": "insert-node",
      "node": {
        "label": "org.eclipse.ui.internal.ObjectActionContributorManager",
        "type": "TypeAccess"
      },
      "location-after-char-start": 0,
      "location-after-char-end": 0,
      "node-str": "org.eclipse.ui.internal.ObjectActionContributorManager"
    },
    {
      "type": "insert-node",
      "node": {
        "label": "org.eclipse.ui.IWorkbenchPart",
        "type": "VARIABLE_TYPE"
      },
      "location-after-char-start": 0,
      "location-after-char-end": 0,
      "node-str": "org.eclipse.ui.IWorkbenchPart"
    },
    {
      "type": "insert-node",
      "node": {
        "label": "org.eclipse.jface.action.IMenuManager",
        "type": "VARIABLE_TYPE"
      },
      "location-after-char-start": 0,
      "location-after-char-end": 0,
      "node-str": "org.eclipse.jface.action.IMenuManager"
    },
    {
      "type": "insert-node",
      "node": {
        "label": "ISelectionProvider",
        "type": "VARIABLE_TYPE"
      },
      "location-after-char-start": 0,
      "location-after-char-end": 0,
      "node-str": "ISelectionProvider"
    },
    {
      "type": "insert-node",
      "node": {
        "label": "ISelection",
        "type": "VARIABLE_TYPE"
      },
      "location-after-char-start": 0,
      "location-after-char-end": 0,
      "node-str": "ISelection"
    },
    {
      "type": "insert-node",
      "node": {
        "label": "getSelection",
        "type": "Invocation"
      },
      "location-after-char-start": 1468,
      "location-after-char-end": 1489,
      "node-str": "getSelection"
    },
    {
      "type": "insert-node",
      "node": {
        "label": "java.util.List",
        "type": "VARIABLE_TYPE"
      },
      "location-after-char-start": 0,
      "location-after-char-end": 0,
      "node-str": "java.util.List"
    },
    {
      "type": "insert-node",
      "node": {
        "label": "null",
        "type": "Literal"
      },
      "location-after-char-start": 1829,
      "location-after-char-end": 1832,
      "node-str": "null"
    },
    {
      "type": "insert-node",
      "node": {
        "label": "java.util.List",
        "type": "VARIABLE_TYPE"
      },
      "location-after-char-start": 0,
      "location-after-char-end": 0,
      "node-str": "java.util.List"
    },
    {
      "type": "insert-node",
      "node": {
        "label": "java.util.ArrayList()",
        "type": "ConstructorCall"
      },
      "location-after-char-start": 2207,
      "location-after-char-end": 2221,
      "node-str": "java.util.ArrayList()"
    },
    {
      "type": "insert-node",
      "node": {
        "label": "java.util.List",
        "type": "VARIABLE_TYPE"
      },
      "location-after-char-start": 0,
      "location-after-char-end": 0,
      "node-str": "java.util.List"
    },
    {
      "type": "insert-node",
      "node": {
        "label": "getCommonClasses",
        "type": "Invocation"
      },
      "location-after-char-start": 2253,
      "location-after-char-end": 2294,
      "node-str": "getCommonClasses"
    },
    {
      "type": "insert-node",
      "node": {
        "label": "java.lang.Class",
        "type": "VARIABLE_TYPE"
      },
      "location-after-char-start": 0,
      "location-after-char-end": 0,
      "node-str": "java.lang.Class"
    },
    {
      "type": "insert-node",
      "node": {
        "label": "getCommonResourceClass",
        "type": "Invocation"
      },
      "location-after-char-start": 2478,
      "location-after-char-end": 2509,
      "node-str": "getCommonResourceClass"
    },
    {
      "type": "insert-node",
      "node": {
        "label": "java.util.List",
        "type": "VARIABLE_TYPE"
      },
      "location-after-char-start": 0,
      "location-after-char-end": 0,
      "node-str": "java.util.List"
    },
    {
      "type": "insert-node",
      "node": {
        "label": "java.util.ArrayList()",
        "type": "ConstructorCall"
      },
      "location-after-char-start": 2575,
      "location-after-char-end": 2589,
      "node-str": "java.util.ArrayList()"
    },
    {
      "type": "insert-node",
      "node": {
        "label": "boolean",
        "type": "VARIABLE_TYPE"
      },
      "location-after-char-start": 0,
      "location-after-char-end": 0,
      "node-str": "boolean"
    },
    {
      "type": "insert-node",
      "node": {
        "label": "false",
        "type": "Literal"
      },
      "location-after-char-start": 3394,
      "location-after-char-end": 3398,
      "node-str": "false"
    },
    {
      "type": "insert-node",
      "node": {
        "label": "java.util.ArrayList",
        "type": "VARIABLE_TYPE"
      },
      "location-after-char-start": 0,
      "location-after-char-end": 0,
      "node-str": "java.util.ArrayList"
    },
    {
      "type": "insert-node",
      "node": {
        "label": "java.util.ArrayList(int)",
        "type": "ConstructorCall"
      },
      "location-after-char-start": 3431,
      "location-after-char-end": 3446,
      "node-str": "java.util.ArrayList(int)"
    },
    {
      "type": "insert-node",
      "node": {
        "label": "it",
        "type": "LocalVariable"
      },
      "location-after-char-start": 3462,
      "location-after-char-end": 3498,
      "node-str": "it"
    },
    {
      "type": "insert-node",
      "node": {
        "label": "hasNext",
        "type": "Invocation"
      },
      "location-after-char-start": 3501,
      "location-after-char-end": 3512,
      "node-str": "hasNext"
    },
    {
      "type": "insert-node",
      "node": {
        "label": "contributor",
        "type": "LocalVariable"
      },
      "location-after-char-start": 3521,
      "location-after-char-end": 3596,
      "node-str": "contributor"
    },
    {
      "type": "insert-node",
      "node": {
        "label": "if",
        "type": "If"
      },
      "location-after-char-start": 3610,
      "location-after-char-end": 3732,
      "node-str": "if"
    },
    {
      "type": "move-subtree",
      "node": {
        "label": "if",
        "type": "If"
      },
      "location-before-char-start": 3654,
      "location-before-char-end": 3755,
      "location-after-char-start": 3746,
      "location-after-char-end": 3847,
      "node-str": "if"
    },
    {
      "type": "insert-node",
      "node": {
        "label": "contributeObjectActionIdOverrides",
        "type": "Invocation"
      },
      "location-after-char-start": 3861,
      "location-after-char-end": 3917,
      "node-str": "contributeObjectActionIdOverrides"
    },
    {
      "type": "insert-node",
      "node": {
        "label": "it",
        "type": "LocalVariable"
      },
      "location-after-char-start": 4046,
      "location-after-char-end": 4082,
      "node-str": "it"
    },
    {
      "type": "insert-node",
      "node": {
        "label": "hasNext",
        "type": "Invocation"
      },
      "location-after-char-start": 4085,
      "location-after-char-end": 4096,
      "node-str": "hasNext"
    },
    {
      "type": "insert-node",
      "node": {
        "label": "contributor",
        "type": "LocalVariable"
      },
      "location-after-char-start": 4105,
      "location-after-char-end": 4180,
      "node-str": "contributor"
    },
    {
      "type": "move-subtree",
      "node": {
        "label": "if",
        "type": "If"
      },
      "location-before-char-start": 4107,
      "location-before-char-end": 4247,
      "location-after-char-start": 4202,
      "location-after-char-end": 4342,
      "node-str": "if"
    },
    {
      "type": "insert-node",
      "node": {
        "label": "actualContributions",
        "type": "VariableRead"
      },
      "location-after-char-start": 4369,
      "location-after-char-end": 4387,
      "node-str": "actualContributions"
    },
    {
      "type": "insert-node",
      "node": {
        "label": "selProv",
        "type": "VariableRead"
      },
      "location-after-char-start": 1468,
      "location-after-char-end": 1474,
      "node-str": "selProv"
    },
    {
      "type": "insert-node",
      "node": {
        "label": "org.eclipse.ui.internal.ObjectActionContributorManager",
        "type": "TypeAccess"
      },
      "location-after-char-start": 0,
      "location-after-char-end": 0,
      "node-str": "org.eclipse.ui.internal.ObjectActionContributorManager"
    },
    {
      "type": "insert-node",
      "node": {
        "label": "elements",
        "type": "VariableRead"
      },
      "location-after-char-start": 2270,
      "location-after-char-end": 2277,
      "node-str": "elements"
    },
    {
      "type": "insert-node",
      "node": {
        "label": "commonAdapters",
        "type": "VariableRead"
      },
      "location-after-char-start": 2280,
      "location-after-char-end": 2293,
      "node-str": "commonAdapters"
    },
    {
      "type": "insert-node",
      "node": {
        "label": "org.eclipse.ui.internal.ObjectActionContributorManager",
        "type": "TypeAccess"
      },
      "location-after-char-start": 0,
      "location-after-char-end": 0,
      "node-str": "org.eclipse.ui.internal.ObjectActionContributorManager"
    },
    {
      "type": "insert-node",
      "node": {
        "label": "elements",
        "type": "VariableRead"
      },
      "location-after-char-start": 2501,
      "location-after-char-end": 2508,
      "node-str": "elements"
    },
    {
      "type": "insert-node",
      "node": {
        "label": "4",
        "type": "Literal"
      },
      "location-after-char-start": 3445,
      "location-after-char-end": 3445,
      "node-str": "4"
    },
    {
      "type": "insert-node",
      "node": {
        "label": "java.util.Iterator",
        "type": "VARIABLE_TYPE"
      },
      "location-after-char-start": 0,
      "location-after-char-end": 0,
      "node-str": "java.util.Iterator"
    },
    {
      "type": "insert-node",
      "node": {
        "label": "iterator",
        "type": "Invocation"
      },
      "location-after-char-start": 3476,
      "location-after-char-end": 3498,
      "node-str": "iterator"
    },
    {
      "type": "insert-node",
      "node": {
        "label": "it",
        "type": "VariableRead"
      },
      "location-after-char-start": 3501,
      "location-after-char-end": 3502,
      "node-str": "it"
    },
    {
      "type": "insert-node",
      "node": {
        "label": "IObjectActionContributor",
        "type": "VARIABLE_TYPE"
      },
      "location-after-char-start": 0,
      "location-after-char-end": 0,
      "node-str": "IObjectActionContributor"
    },
    {
      "type": "insert-node",
      "node": {
        "label": "next",
        "type": "Invocation"
      },
      "location-after-char-start": 3560,
      "location-after-char-end": 3595,
      "node-str": "next"
    },
    {
      "type": "insert-node",
      "node": {
        "label": "NOT",
        "type": "UnaryOperator"
      },
      "location-after-char-start": 3614,
      "location-after-char-end": 3651,
      "node-str": "NOT"
    },
    {
      "type": "insert-node",
      "node": {
        "label": "THEN",
        "type": "then"
      },
      "location-after-char-start": 3654,
      "location-after-char-end": 3732,
      "node-str": "THEN"
    },
    {
      "type": "insert-node",
      "node": {
        "label": "contributor",
        "type": "VariableRead"
      },
      "location-after-char-start": 3861,
      "location-after-char-end": 3871,
      "node-str": "contributor"
    },
    {
      "type": "insert-node",
      "node": {
        "label": "overrides",
        "type": "VariableRead"
      },
      "location-after-char-start": 3907,
      "location-after-char-end": 3915,
      "node-str": "overrides"
    },
    {
      "type": "insert-node",
      "node": {
        "label": "java.util.Iterator",
        "type": "VARIABLE_TYPE"
      },
      "location-after-char-start": 0,
      "location-after-char-end": 0,
      "node-str": "java.util.Iterator"
    },
    {
      "type": "insert-node",
      "node": {
        "label": "iterator",
        "type": "Invocation"
      },
      "location-after-char-start": 4060,
      "location-after-char-end": 4082,
      "node-str": "iterator"
    },
    {
      "type": "insert-node",
      "node": {
        "label": "it",
        "type": "VariableRead"
      },
      "location-after-char-start": 4085,
      "location-after-char-end": 4086,
      "node-str": "it"
    },
    {
      "type": "insert-node",
      "node": {
        "label": "IObjectActionContributor",
        "type": "VARIABLE_TYPE"
      },
      "location-after-char-start": 0,
      "location-after-char-end": 0,
      "node-str": "IObjectActionContributor"
    },
    {
      "type": "insert-node",
      "node": {
        "label": "next",
        "type": "Invocation"
      },
      "location-after-char-start": 4144,
      "location-after-char-end": 4179,
      "node-str": "next"
    },
    {
      "type": "update-node",
      "node": {
        "label": "getAdapterTypes",
        "type": "Invocation"
      },
      "location-before-char-start": 12078,
      "location-before-char-end": 12110,
      "location-after-char-start": 12173,
      "location-after-char-end": 12209,
      "node-str": "computeAdapterTypes"
    },
    {
      "type": "insert-node",
      "node": {
        "label": "contributors",
        "type": "VariableRead"
      },
      "location-after-char-start": 3476,
      "location-after-char-end": 3487,
      "node-str": "contributors"
    },
    {
      "type": "insert-node",
      "node": {
        "label": "it",
        "type": "VariableRead"
      },
      "location-after-char-start": 3587,
      "location-after-char-end": 3588,
      "node-str": "it"
    },
    {
      "type": "insert-node",
      "node": {
        "label": "isApplicableTo",
        "type": "Invocation"
      },
      "location-after-char-start": 3615,
      "location-after-char-end": 3651,
      "node-str": "isApplicableTo"
    },
    {
      "type": "insert-node",
      "node": {
        "label": "remove",
        "type": "Invocation"
      },
      "location-after-char-start": 3669,
      "location-after-char-end": 3680,
      "node-str": "remove"
    },
    {
      "type": "insert-node",
      "node": {
        "label": "continue",
        "type": "Continue"
      },
      "location-after-char-start": 3710,
      "location-after-char-end": 3718,
      "node-str": "continue"
    },
    {
      "type": "insert-node",
      "node": {
        "label": "contributors",
        "type": "VariableRead"
      },
      "location-after-char-start": 4060,
      "location-after-char-end": 4071,
      "node-str": "contributors"
    },
    {
      "type": "insert-node",
      "node": {
        "label": "it",
        "type": "VariableRead"
      },
      "location-after-char-start": 4171,
      "location-after-char-end": 4172,
      "node-str": "it"
    },
    {
      "type": "insert-node",
      "node": {
        "label": "org.eclipse.ui.internal.ObjectActionContributorManager",
        "type": "TypeAccess"
      },
      "location-after-char-start": 0,
      "location-after-char-end": 0,
      "node-str": "org.eclipse.ui.internal.ObjectActionContributorManager"
    },
    {
      "type": "insert-node",
      "node": {
        "label": "elements",
        "type": "VariableRead"
      },
      "location-after-char-start": 3630,
      "location-after-char-end": 3637,
      "node-str": "elements"
    },
    {
      "type": "insert-node",
      "node": {
        "label": "contributor",
        "type": "VariableRead"
      },
      "location-after-char-start": 3640,
      "location-after-char-end": 3650,
      "node-str": "contributor"
    },
    {
      "type": "insert-node",
      "node": {
        "label": "it",
        "type": "VariableRead"
      },
      "location-after-char-start": 3669,
      "location-after-char-end": 3670,
      "node-str": "it"
    },
    {
      "type": "delete-node",
      "node": {
        "label": "public",
        "type": "Modifier"
      },
      "location-before-char-start": 0,
      "location-before-char-end": 0,
      "node-str": "public"
    },
    {
      "type": "delete-node",
      "node": {
        "label": "ObjectContributorManager",
        "type": "SUPER_TYPE"
      },
      "location-before-char-start": 0,
      "location-before-char-end": 0,
      "node-str": "ObjectContributorManager"
    },
    {
      "type": "delete-node",
      "node": {
        "label": "",
        "type": "TypeReference"
      },
      "location-before-char-start": 903,
      "location-before-char-end": 926,
      "node-str": ""
    },
    {
      "type": "delete-node",
      "node": {
        "label": "org.eclipse.ui.internal.ObjectActionContributorManager",
        "type": "VARIABLE_TYPE"
      },
      "location-before-char-start": 0,
      "location-before-char-end": 0,
      "node-str": "org.eclipse.ui.internal.ObjectActionContributorManager"
    },
    {
      "type": "delete-node",
      "node": {
        "label": "static",
        "type": "Modifier"
      },
      "location-before-char-start": 0,
      "location-before-char-end": 0,
      "node-str": "static"
    },
    {
      "type": "delete-node",
      "node": {
        "label": "sharedInstance",
        "type": "Field"
      },
      "location-before-char-start": 934,
      "location-before-char-end": 994,
      "node-str": "sharedInstance"
    },
    {
      "type": "delete-node",
      "node": {
        "label": "public",
        "type": "Modifier"
      },
      "location-before-char-start": 0,
      "location-before-char-end": 0,
      "node-str": "public"
    },
    {
      "type": "delete-node",
      "node": {
        "label": "org.eclipse.ui.internal.ObjectActionContributorManager",
        "type": "TypeAccess"
      },
      "location-before-char-start": 0,
      "location-before-char-end": 0,
      "node-str": "org.eclipse.ui.internal.ObjectActionContributorManager"
    },
    {
      "type": "delete-node",
      "node": {
        "label": "loadContributors",
        "type": "Invocation"
      },
      "location-before-char-start": 1104,
      "location-before-char-end": 1122,
      "node-str": "loadContributors"
    },
    {
      "type": "delete-node",
      "node": {
        "label": "\u003cinit\u003e",
        "type": "Constructor"
      },
      "location-before-char-start": 1001,
      "location-before-char-end": 1128,
      "node-str": "\u003cinit\u003e"
    },
    {
      "type": "delete-node",
      "node": {
        "label": "boolean",
        "type": "RETURN_TYPE"
      },
      "location-before-char-start": 0,
      "location-before-char-end": 0,
      "node-str": "boolean"
    },
    {
      "type": "delete-node",
      "node": {
        "label": "public",
        "type": "Modifier"
      },
      "location-before-char-start": 0,
      "location-before-char-end": 0,
      "node-str": "public"
    },
    {
      "type": "delete-node",
      "node": {
        "label": "org.eclipse.ui.IWorkbenchPart",
        "type": "VARIABLE_TYPE"
      },
      "location-before-char-start": 0,
      "location-before-char-end": 0,
      "node-str": "org.eclipse.ui.IWorkbenchPart"
    },
    {
      "type": "delete-node",
      "node": {
        "label": "part",
        "type": "Parameter"
      },
      "location-before-char-start": 1321,
      "location-before-char-end": 1339,
      "node-str": "part"
    },
    {
      "type": "delete-node",
      "node": {
        "label": "org.eclipse.jface.action.IMenuManager",
        "type": "VARIABLE_TYPE"
      },
      "location-before-char-start": 0,
      "location-before-char-end": 0,
      "node-str": "org.eclipse.jface.action.IMenuManager"
    },
    {
      "type": "delete-node",
      "node": {
        "label": "popupMenu",
        "type": "Parameter"
      },
      "location-before-char-start": 1354,
      "location-before-char-end": 1375,
      "node-str": "popupMenu"
    },
    {
      "type": "delete-node",
      "node": {
        "label": "ISelectionProvider",
        "type": "VARIABLE_TYPE"
      },
      "location-before-char-start": 0,
      "location-before-char-end": 0,
      "node-str": "ISelectionProvider"
    },
    {
      "type": "delete-node",
      "node": {
        "label": "selProv",
        "type": "Parameter"
      },
      "location-before-char-start": 1378,
      "location-before-char-end": 1403,
      "node-str": "selProv"
    },
    {
      "type": "delete-node",
      "node": {
        "label": "ISelection",
        "type": "VARIABLE_TYPE"
      },
      "location-before-char-start": 0,
      "location-before-char-end": 0,
      "node-str": "ISelection"
    },
    {
      "type": "delete-node",
      "node": {
        "label": "selProv",
        "type": "VariableRead"
      },
      "location-before-char-start": 1468,
      "location-before-char-end": 1474,
      "node-str": "selProv"
    },
    {
      "type": "delete-node",
      "node": {
        "label": "getSelection",
        "type": "Invocation"
      },
      "location-before-char-start": 1468,
      "location-before-char-end": 1489,
      "node-str": "getSelection"
    },
    {
      "type": "delete-node",
      "node": {
        "label": "selection",
        "type": "LocalVariable"
      },
      "location-before-char-start": 1445,
      "location-before-char-end": 1490,
      "node-str": "selection"
    },
    {
      "type": "delete-node",
      "node": {
        "label": "java.util.List",
        "type": "VARIABLE_TYPE"
      },
      "location-before-char-start": 0,
      "location-before-char-end": 0,
      "node-str": "java.util.List"
    },
    {
      "type": "delete-node",
      "node": {
        "label": "null",
        "type": "Literal"
      },
      "location-before-char-start": 1829,
      "location-before-char-end": 1832,
      "node-str": "null"
    },
    {
      "type": "delete-node",
      "node": {
        "label": "elements",
        "type": "LocalVariable"
      },
      "location-before-char-start": 1813,
      "location-before-char-end": 1833,
      "node-str": "elements"
    },
    {
      "type": "delete-node",
      "node": {
        "label": "java.util.List",
        "type": "VARIABLE_TYPE"
      },
      "location-before-char-start": 0,
      "location-before-char-end": 0,
      "node-str": "java.util.List"
    },
    {
      "type": "delete-node",
      "node": {
        "label": "java.util.ArrayList()",
        "type": "ConstructorCall"
      },
      "location-before-char-start": 2207,
      "location-before-char-end": 2221,
      "node-str": "java.util.ArrayList()"
    },
    {
      "type": "delete-node",
      "node": {
        "label": "commonAdapters",
        "type": "LocalVariable"
      },
      "location-before-char-start": 2185,
      "location-before-char-end": 2222,
      "node-str": "commonAdapters"
    },
    {
      "type": "delete-node",
      "node": {
        "label": "java.util.List",
        "type": "VARIABLE_TYPE"
      },
      "location-before-char-start": 0,
      "location-before-char-end": 0,
      "node-str": "java.util.List"
    },
    {
      "type": "delete-node",
      "node": {
        "label": "org.eclipse.ui.internal.ObjectActionContributorManager",
        "type": "TypeAccess"
      },
      "location-before-char-start": 0,
      "location-before-char-end": 0,
      "node-str": "org.eclipse.ui.internal.ObjectActionContributorManager"
    },
    {
      "type": "delete-node",
      "node": {
        "label": "elements",
        "type": "VariableRead"
      },
      "location-before-char-start": 2270,
      "location-before-char-end": 2277,
      "node-str": "elements"
    },
    {
      "type": "delete-node",
      "node": {
        "label": "commonAdapters",
        "type": "VariableRead"
      },
      "location-before-char-start": 2280,
      "location-before-char-end": 2293,
      "node-str": "commonAdapters"
    },
    {
      "type": "delete-node",
      "node": {
        "label": "getCommonClasses",
        "type": "Invocation"
      },
      "location-before-char-start": 2253,
      "location-before-char-end": 2294,
      "node-str": "getCommonClasses"
    },
    {
      "type": "delete-node",
      "node": {
        "label": "commonClasses",
        "type": "LocalVariable"
      },
      "location-before-char-start": 2232,
      "location-before-char-end": 2295,
      "node-str": "commonClasses"
    },
    {
      "type": "delete-node",
      "node": {
        "label": "java.lang.Class",
        "type": "VARIABLE_TYPE"
      },
      "location-before-char-start": 0,
      "location-before-char-end": 0,
      "node-str": "java.lang.Class"
    },
    {
      "type": "delete-node",
      "node": {
        "label": "org.eclipse.ui.internal.ObjectActionContributorManager",
        "type": "TypeAccess"
      },
      "location-before-char-start": 0,
      "location-before-char-end": 0,
      "node-str": "org.eclipse.ui.internal.ObjectActionContributorManager"
    },
    {
      "type": "delete-node",
      "node": {
        "label": "elements",
        "type": "VariableRead"
      },
      "location-before-char-start": 2501,
      "location-before-char-end": 2508,
      "node-str": "elements"
    },
    {
      "type": "delete-node",
      "node": {
        "label": "getCommonResourceClass",
        "type": "Invocation"
      },
      "location-before-char-start": 2478,
      "location-before-char-end": 2509,
      "node-str": "getCommonResourceClass"
    },
    {
      "type": "delete-node",
      "node": {
        "label": "resourceClass",
        "type": "LocalVariable"
      },
      "location-before-char-start": 2456,
      "location-before-char-end": 2510,
      "node-str": "resourceClass"
    },
    {
      "type": "delete-node",
      "node": {
        "label": "java.util.List",
        "type": "VARIABLE_TYPE"
      },
      "location-before-char-start": 0,
      "location-before-char-end": 0,
      "node-str": "java.util.List"
    },
    {
      "type": "delete-node",
      "node": {
        "label": "java.util.ArrayList()",
        "type": "ConstructorCall"
      },
      "location-before-char-start": 2575,
      "location-before-char-end": 2589,
      "node-str": "java.util.ArrayList()"
    },
    {
      "type": "delete-node",
      "node": {
        "label": "contributors",
        "type": "LocalVariable"
      },
      "location-before-char-start": 2555,
      "location-before-char-end": 2590,
      "node-str": "contributors"
    },
    {
      "type": "delete-node",
      "node": {
        "label": "boolean",
        "type": "VARIABLE_TYPE"
      },
      "location-before-char-start": 0,
      "location-before-char-end": 0,
      "node-str": "boolean"
    },
    {
      "type": "delete-node",
      "node": {
        "label": "false",
        "type": "Literal"
      },
      "location-before-char-start": 3329,
      "location-before-char-end": 3333,
      "node-str": "false"
    },
    {
      "type": "delete-node",
      "node": {
        "label": "actualContributions",
        "type": "LocalVariable"
      },
      "location-before-char-start": 3299,
      "location-before-char-end": 3334,
      "node-str": "actualContributions"
    },
    {
      "type": "delete-node",
      "node": {
        "label": "java.util.ArrayList",
        "type": "VARIABLE_TYPE"
      },
      "location-before-char-start": 0,
      "location-before-char-end": 0,
      "node-str": "java.util.ArrayList"
    },
    {
      "type": "delete-node",
      "node": {
        "label": "4",
        "type": "Literal"
      },
      "location-before-char-start": 3380,
      "location-before-char-end": 3380,
      "node-str": "4"
    },
    {
      "type": "delete-node",
      "node": {
        "label": "java.util.ArrayList(int)",
        "type": "ConstructorCall"
      },
      "location-before-char-start": 3366,
      "location-before-char-end": 3381,
      "node-str": "java.util.ArrayList(int)"
    },
    {
      "type": "delete-node",
      "node": {
        "label": "overrides",
        "type": "LocalVariable"
      },
      "location-before-char-start": 3344,
      "location-before-char-end": 3382,
      "node-str": "overrides"
    },
    {
      "type": "delete-node",
      "node": {
        "label": "int",
        "type": "VARIABLE_TYPE"
      },
      "location-before-char-start": 0,
      "location-before-char-end": 0,
      "node-str": "int"
    },
    {
      "type": "delete-node",
      "node": {
        "label": "0",
        "type": "Literal"
      },
      "location-before-char-start": 3405,
      "location-before-char-end": 3405,
      "node-str": "0"
    },
    {
      "type": "delete-node",
      "node": {
        "label": "i",
        "type": "LocalVariable"
      },
      "location-before-char-start": 3397,
      "location-before-char-end": 3405,
      "node-str": "i"
    },
    {
      "type": "delete-node",
      "node": {
        "label": "i",
        "type": "VariableRead"
      },
      "location-before-char-start": 3408,
      "location-before-char-end": 3408,
      "node-str": "i"
    },
    {
      "type": "delete-node",
      "node": {
        "label": "contributors",
        "type": "VariableRead"
      },
      "location-before-char-start": 3412,
      "location-before-char-end": 3423,
      "node-str": "contributors"
    },
    {
      "type": "delete-node",
      "node": {
        "label": "size",
        "type": "Invocation"
      },
      "location-before-char-start": 3412,
      "location-before-char-end": 3430,
      "node-str": "size"
    },
    {
      "type": "delete-node",
      "node": {
        "label": "LT",
        "type": "BinaryOperator"
      },
      "location-before-char-start": 3408,
      "location-before-char-end": 3430,
      "node-str": "LT"
    },
    {
      "type": "delete-node",
      "node": {
        "label": "i",
        "type": "VariableWrite"
      },
      "location-before-char-start": 3433,
      "location-before-char-end": 3433,
      "node-str": "i"
    },
    {
      "type": "delete-node",
      "node": {
        "label": "POSTINC",
        "type": "UnaryOperator"
      },
      "location-before-char-start": 3433,
      "location-before-char-end": 3435,
      "node-str": "POSTINC"
    },
    {
      "type": "delete-node",
      "node": {
        "label": "IObjectActionContributor",
        "type": "VARIABLE_TYPE"
      },
      "location-before-char-start": 0,
      "location-before-char-end": 0,
      "node-str": "IObjectActionContributor"
    },
    {
      "type": "delete-node",
      "node": {
        "label": "contributors",
        "type": "VariableRead"
      },
      "location-before-char-start": 3518,
      "location-before-char-end": 3529,
      "node-str": "contributors"
    },
    {
      "type": "delete-node",
      "node": {
        "label": "i",
        "type": "VariableRead"
      },
      "location-before-char-start": 3556,
      "location-before-char-end": 3556,
      "node-str": "i"
    },
    {
      "type": "delete-node",
      "node": {
        "label": "get",
        "type": "Invocation"
      },
      "location-before-char-start": 3491,
      "location-before-char-end": 3557,
      "node-str": "get"
    },
    {
      "type": "delete-node",
      "node": {
        "label": "contributor",
        "type": "LocalVariable"
      },
      "location-before-char-start": 3452,
      "location-before-char-end": 3558,
      "node-str": "contributor"
    },
    {
      "type": "delete-node",
      "node": {
        "label": "org.eclipse.ui.internal.ObjectActionContributorManager",
        "type": "TypeAccess"
      },
      "location-before-char-start": 0,
      "location-before-char-end": 0,
      "node-str": "org.eclipse.ui.internal.ObjectActionContributorManager"
    },
    {
      "type": "delete-node",
      "node": {
        "label": "elements",
        "type": "VariableRead"
      },
      "location-before-char-start": 3592,
      "location-before-char-end": 3599,
      "node-str": "elements"
    },
    {
      "type": "delete-node",
      "node": {
        "label": "contributor",
        "type": "VariableRead"
      },
      "location-before-char-start": 3602,
      "location-before-char-end": 3612,
      "node-str": "contributor"
    },
    {
      "type": "delete-node",
      "node": {
        "label": "isApplicableTo",
        "type": "Invocation"
      },
      "location-before-char-start": 3577,
      "location-before-char-end": 3613,
      "node-str": "isApplicableTo"
    },
    {
      "type": "delete-node",
      "node": {
        "label": "NOT",
        "type": "UnaryOperator"
      },
      "location-before-char-start": 3576,
      "location-before-char-end": 3613,
      "node-str": "NOT"
    },
    {
      "type": "delete-node",
      "node": {
        "label": "continue",
        "type": "Continue"
      },
      "location-before-char-start": 3632,
      "location-before-char-end": 3640,
      "node-str": "continue"
    },
    {
      "type": "delete-node",
      "node": {
        "label": "THEN",
        "type": "then"
      },
      "location-before-char-start": 3632,
      "location-before-char-end": 3640,
      "node-str": "THEN"
    },
    {
      "type": "delete-node",
      "node": {
        "label": "if",
        "type": "If"
      },
      "location-before-char-start": 3572,
      "location-before-char-end": 3640,
      "node-str": "if"
    },
    {
      "type": "delete-node",
      "node": {
        "label": "contributor",
        "type": "VariableRead"
      },
      "location-before-char-start": 3769,
      "location-before-char-end": 3779,
      "node-str": "contributor"
    },
    {
      "type": "delete-node",
      "node": {
        "label": "overrides",
        "type": "VariableRead"
      },
      "location-before-char-start": 3815,
      "location-before-char-end": 3823,
      "node-str": "overrides"
    },
    {
      "type": "delete-node",
      "node": {
        "label": "contributeObjectActionIdOverrides",
        "type": "Invocation"
      },
      "location-before-char-start": 3769,
      "location-before-char-end": 3825,
      "node-str": "contributeObjectActionIdOverrides"
    },
    {
      "type": "delete-node",
      "node": {
        "label": "",
        "type": "For"
      },
      "location-before-char-start": 3392,
      "location-before-char-end": 3835,
      "node-str": ""
    },
    {
      "type": "delete-node",
      "node": {
        "label": "int",
        "type": "VARIABLE_TYPE"
      },
      "location-before-char-start": 0,
      "location-before-char-end": 0,
      "node-str": "int"
    },
    {
      "type": "delete-node",
      "node": {
        "label": "0",
        "type": "Literal"
      },
      "location-before-char-start": 3858,
      "location-before-char-end": 3858,
      "node-str": "0"
    },
    {
      "type": "delete-node",
      "node": {
        "label": "i",
        "type": "LocalVariable"
      },
      "location-before-char-start": 3850,
      "location-before-char-end": 3858,
      "node-str": "i"
    },
    {
      "type": "delete-node",
      "node": {
        "label": "i",
        "type": "VariableRead"
      },
      "location-before-char-start": 3861,
      "location-before-char-end": 3861,
      "node-str": "i"
    },
    {
      "type": "delete-node",
      "node": {
        "label": "contributors",
        "type": "VariableRead"
      },
      "location-before-char-start": 3865,
      "location-before-char-end": 3876,
      "node-str": "contributors"
    },
    {
      "type": "delete-node",
      "node": {
        "label": "size",
        "type": "Invocation"
      },
      "location-before-char-start": 3865,
      "location-before-char-end": 3883,
      "node-str": "size"
    },
    {
      "type": "delete-node",
      "node": {
        "label": "LT",
        "type": "BinaryOperator"
      },
      "location-before-char-start": 3861,
      "location-before-char-end": 3883,
      "node-str": "LT"
    },
    {
      "type": "delete-node",
      "node": {
        "label": "i",
        "type": "VariableWrite"
      },
      "location-before-char-start": 3886,
      "location-before-char-end": 3886,
      "node-str": "i"
    },
    {
      "type": "delete-node",
      "node": {
        "label": "POSTINC",
        "type": "UnaryOperator"
      },
      "location-before-char-start": 3886,
      "location-before-char-end": 3888,
      "node-str": "POSTINC"
    },
    {
      "type": "delete-node",
      "node": {
        "label": "IObjectActionContributor",
        "type": "VARIABLE_TYPE"
      },
      "location-before-char-start": 0,
      "location-before-char-end": 0,
      "node-str": "IObjectActionContributor"
    },
    {
      "type": "delete-node",
      "node": {
        "label": "contributors",
        "type": "VariableRead"
      },
      "location-before-char-start": 3971,
      "location-before-char-end": 3982,
      "node-str": "contributors"
    },
    {
      "type": "delete-node",
      "node": {
        "label": "i",
        "type": "VariableRead"
      },
      "location-before-char-start": 4009,
      "location-before-char-end": 4009,
      "node-str": "i"
    },
    {
      "type": "delete-node",
      "node": {
        "label": "get",
        "type": "Invocation"
      },
      "location-before-char-start": 3944,
      "location-before-char-end": 4010,
      "node-str": "get"
    },
    {
      "type": "delete-node",
      "node": {
        "label": "contributor",
        "type": "LocalVariable"
      },
      "location-before-char-start": 3905,
      "location-before-char-end": 4011,
      "node-str": "contributor"
    },
    {
      "type": "delete-node",
      "node": {
        "label": "org.eclipse.ui.internal.ObjectActionContributorManager",
        "type": "TypeAccess"
      },
      "location-before-char-start": 0,
      "location-before-char-end": 0,
      "node-str": "org.eclipse.ui.internal.ObjectActionContributorManager"
    },
    {
      "type": "delete-node",
      "node": {
        "label": "elements",
        "type": "VariableRead"
      },
      "location-before-char-start": 4045,
      "location-before-char-end": 4052,
      "node-str": "elements"
    },
    {
      "type": "delete-node",
      "node": {
        "label": "contributor",
        "type": "VariableRead"
      },
      "location-before-char-start": 4055,
      "location-before-char-end": 4065,
      "node-str": "contributor"
    },
    {
      "type": "delete-node",
      "node": {
        "label": "isApplicableTo",
        "type": "Invocation"
      },
      "location-before-char-start": 4030,
      "location-before-char-end": 4066,
      "node-str": "isApplicableTo"
    },
    {
      "type": "delete-node",
      "node": {
        "label": "NOT",
        "type": "UnaryOperator"
      },
      "location-before-char-start": 4029,
      "location-before-char-end": 4066,
      "node-str": "NOT"
    },
    {
      "type": "delete-node",
      "node": {
        "label": "continue",
        "type": "Continue"
      },
      "location-before-char-start": 4085,
      "location-before-char-end": 4093,
      "node-str": "continue"
    },
    {
      "type": "delete-node",
      "node": {
        "label": "THEN",
        "type": "then"
      },
      "location-before-char-start": 4085,
      "location-before-char-end": 4093,
      "node-str": "THEN"
    },
    {
      "type": "delete-node",
      "node": {
        "label": "if",
        "type": "If"
      },
      "location-before-char-start": 4025,
      "location-before-char-end": 4093,
      "node-str": "if"
    },
    {
      "type": "delete-node",
      "node": {
        "label": "",
        "type": "For"
      },
      "location-before-char-start": 3845,
      "location-before-char-end": 4257,
      "node-str": ""
    },
    {
      "type": "delete-node",
      "node": {
        "label": "actualContributions",
        "type": "VariableRead"
      },
      "location-before-char-start": 4274,
      "location-before-char-end": 4292,
      "node-str": "actualContributions"
    },
    {
      "type": "delete-node",
      "node": {
        "label": "return",
        "type": "Return"
      },
      "location-before-char-start": 4267,
      "location-before-char-end": 4293,
      "node-str": "return"
    }
  ],
  "before-file": {},
  "after-file": {},
  "mapping": {}
}