{
  "tool-info": {},
  "diff": [
    {
      "type": "insert-node",
      "node": {
        "label": "",
        "type": "PackageDeclaration"
      },
      "location-after-char-start": 0,
      "location-after-char-end": 40,
      "node-str": ""
    },
    {
      "type": "insert-node",
      "node": {
        "label": "",
        "type": "ImportDeclaration"
      },
      "location-after-char-start": 42,
      "location-after-char-end": 82,
      "node-str": ""
    },
    {
      "type": "insert-node",
      "node": {
        "label": "",
        "type": "ImportDeclaration"
      },
      "location-after-char-start": 83,
      "location-after-char-end": 138,
      "node-str": ""
    },
    {
      "type": "insert-node",
      "node": {
        "label": "",
        "type": "ImportDeclaration"
      },
      "location-after-char-start": 139,
      "location-after-char-end": 183,
      "node-str": ""
    },
    {
      "type": "insert-node",
      "node": {
        "label": "",
        "type": "ImportDeclaration"
      },
      "location-after-char-start": 184,
      "location-after-char-end": 222,
      "node-str": ""
    },
    {
      "type": "insert-node",
      "node": {
        "label": "",
        "type": "ImportDeclaration"
      },
      "location-after-char-start": 223,
      "location-after-char-end": 283,
      "node-str": ""
    },
    {
      "type": "insert-node",
      "node": {
        "label": "",
        "type": "ImportDeclaration"
      },
      "location-after-char-start": 284,
      "location-after-char-end": 342,
      "node-str": ""
    },
    {
      "type": "insert-node",
      "node": {
        "label": "",
        "type": "ImportDeclaration"
      },
      "location-after-char-start": 343,
      "location-after-char-end": 381,
      "node-str": ""
    },
    {
      "type": "insert-node",
      "node": {
        "label": "org.columba.mail.filter.plugins",
        "type": "QualifiedName"
      },
      "location-after-char-start": 8,
      "location-after-char-end": 39,
      "node-str": "org.columba.mail.filter.plugins"
    },
    {
      "type": "insert-node",
      "node": {
        "label": "org.columba.core.command.Command",
        "type": "QualifiedName"
      },
      "location-after-char-start": 49,
      "location-after-char-end": 81,
      "node-str": "org.columba.core.command.Command"
    },
    {
      "type": "insert-node",
      "node": {
        "label": "org.columba.mail.command.FolderCommandReference",
        "type": "QualifiedName"
      },
      "location-after-char-start": 90,
      "location-after-char-end": 137,
      "node-str": "org.columba.mail.command.FolderCommandReference"
    },
    {
      "type": "insert-node",
      "node": {
        "label": "org.columba.mail.filter.FilterAction",
        "type": "QualifiedName"
      },
      "location-after-char-start": 146,
      "location-after-char-end": 182,
      "node-str": "org.columba.mail.filter.FilterAction"
    },
    {
      "type": "insert-node",
      "node": {
        "label": "org.columba.mail.folder.Folder",
        "type": "QualifiedName"
      },
      "location-after-char-start": 191,
      "location-after-char-end": 221,
      "node-str": "org.columba.mail.folder.Folder"
    },
    {
      "type": "insert-node",
      "node": {
        "label": "org.columba.mail.folder.command.ExpungeFolderCommand",
        "type": "QualifiedName"
      },
      "location-after-char-start": 230,
      "location-after-char-end": 282,
      "node-str": "org.columba.mail.folder.command.ExpungeFolderCommand"
    },
    {
      "type": "insert-node",
      "node": {
        "label": "org.columba.mail.folder.command.MarkMessageCommand",
        "type": "QualifiedName"
      },
      "location-after-char-start": 291,
      "location-after-char-end": 341,
      "node-str": "org.columba.mail.folder.command.MarkMessageCommand"
    },
    {
      "type": "insert-node",
      "node": {
        "label": "org.columba.main.MainInterface",
        "type": "QualifiedName"
      },
      "location-after-char-start": 350,
      "location-after-char-end": 380,
      "node-str": "org.columba.main.MainInterface"
    },
    {
      "type": "insert-node",
      "node": {
        "label": "public",
        "type": "Modifier"
      },
      "location-after-char-start": 633,
      "location-after-char-end": 639,
      "node-str": "public"
    },
    {
      "type": "insert-node",
      "node": {
        "label": "class",
        "type": "TYPE_DECLARATION_KIND"
      },
      "location-after-char-start": 640,
      "location-after-char-end": 645,
      "node-str": "class"
    },
    {
      "type": "insert-node",
      "node": {
        "label": "DeleteMessageAction",
        "type": "SimpleName"
      },
      "location-after-char-start": 646,
      "location-after-char-end": 665,
      "node-str": "DeleteMessageAction"
    },
    {
      "type": "insert-node",
      "node": {
        "label": "",
        "type": "SimpleType"
      },
      "location-after-char-start": 674,
      "location-after-char-end": 694,
      "node-str": ""
    },
    {
      "type": "insert-node",
      "node": {
        "label": "AbstractFilterAction",
        "type": "SimpleName"
      },
      "location-after-char-start": 674,
      "location-after-char-end": 694,
      "node-str": "AbstractFilterAction"
    },
    {
      "type": "insert-node",
      "node": {
        "label": "public",
        "type": "Modifier"
      },
      "location-after-char-start": 791,
      "location-after-char-end": 797,
      "node-str": "public"
    },
    {
      "type": "insert-node",
      "node": {
        "label": "",
        "type": "SimpleType"
      },
      "location-after-char-start": 798,
      "location-after-char-end": 805,
      "node-str": ""
    },
    {
      "type": "insert-node",
      "node": {
        "label": "getCommand",
        "type": "SimpleName"
      },
      "location-after-char-start": 806,
      "location-after-char-end": 816,
      "node-str": "getCommand"
    },
    {
      "type": "insert-node",
      "node": {
        "label": "",
        "type": "SimpleType"
      },
      "location-after-char-start": 885,
      "location-after-char-end": 894,
      "node-str": ""
    },
    {
      "type": "insert-node",
      "node": {
        "label": "Command",
        "type": "SimpleName"
      },
      "location-after-char-start": 798,
      "location-after-char-end": 805,
      "node-str": "Command"
    },
    {
      "type": "insert-node",
      "node": {
        "label": "Exception",
        "type": "SimpleName"
      },
      "location-after-char-start": 885,
      "location-after-char-end": 894,
      "node-str": "Exception"
    },
    {
      "type": "delete-node",
      "node": {
        "label": "org.columba.mail.filter.plugins",
        "type": "QualifiedName"
      },
      "location-before-char-start": 8,
      "location-before-char-end": 39,
      "node-str": "org.columba.mail.filter.plugins"
    },
    {
      "type": "delete-node",
      "node": {
        "label": "",
        "type": "PackageDeclaration"
      },
      "location-before-char-start": 0,
      "location-before-char-end": 40,
      "node-str": ""
    },
    {
      "type": "delete-node",
      "node": {
        "label": "org.columba.core.command.Command",
        "type": "QualifiedName"
      },
      "location-before-char-start": 49,
      "location-before-char-end": 81,
      "node-str": "org.columba.core.command.Command"
    },
    {
      "type": "delete-node",
      "node": {
        "label": "",
        "type": "ImportDeclaration"
      },
      "location-before-char-start": 42,
      "location-before-char-end": 82,
      "node-str": ""
    },
    {
      "type": "delete-node",
      "node": {
        "label": "org.columba.core.gui.FrameController",
        "type": "QualifiedName"
      },
      "location-before-char-start": 90,
      "location-before-char-end": 126,
      "node-str": "org.columba.core.gui.FrameController"
    },
    {
      "type": "delete-node",
      "node": {
        "label": "",
        "type": "ImportDeclaration"
      },
      "location-before-char-start": 83,
      "location-before-char-end": 127,
      "node-str": ""
    },
    {
      "type": "delete-node",
      "node": {
        "label": "org.columba.mail.command.FolderCommandReference",
        "type": "QualifiedName"
      },
      "location-before-char-start": 135,
      "location-before-char-end": 182,
      "node-str": "org.columba.mail.command.FolderCommandReference"
    },
    {
      "type": "delete-node",
      "node": {
        "label": "",
        "type": "ImportDeclaration"
      },
      "location-before-char-start": 128,
      "location-before-char-end": 183,
      "node-str": ""
    },
    {
      "type": "delete-node",
      "node": {
        "label": "org.columba.mail.filter",
        "type": "QualifiedName"
      },
      "location-before-char-start": 191,
      "location-before-char-end": 214,
      "node-str": "org.columba.mail.filter"
    },
    {
      "type": "delete-node",
      "node": {
        "label": "",
        "type": "ImportDeclaration"
      },
      "location-before-char-start": 184,
      "location-before-char-end": 217,
      "node-str": ""
    },
    {
      "type": "delete-node",
      "node": {
        "label": "org.columba.mail.folder.Folder",
        "type": "QualifiedName"
      },
      "location-before-char-start": 225,
      "location-before-char-end": 255,
      "node-str": "org.columba.mail.folder.Folder"
    },
    {
      "type": "delete-node",
      "node": {
        "label": "",
        "type": "ImportDeclaration"
      },
      "location-before-char-start": 218,
      "location-before-char-end": 256,
      "node-str": ""
    },
    {
      "type": "delete-node",
      "node": {
        "label": "org.columba.mail.folder.command.ExpungeFolderCommand",
        "type": "QualifiedName"
      },
      "location-before-char-start": 264,
      "location-before-char-end": 316,
      "node-str": "org.columba.mail.folder.command.ExpungeFolderCommand"
    },
    {
      "type": "delete-node",
      "node": {
        "label": "",
        "type": "ImportDeclaration"
      },
      "location-before-char-start": 257,
      "location-before-char-end": 317,
      "node-str": ""
    },
    {
      "type": "delete-node",
      "node": {
        "label": "org.columba.mail.folder.command.MarkMessageCommand",
        "type": "QualifiedName"
      },
      "location-before-char-start": 325,
      "location-before-char-end": 375,
      "node-str": "org.columba.mail.folder.command.MarkMessageCommand"
    },
    {
      "type": "delete-node",
      "node": {
        "label": "",
        "type": "ImportDeclaration"
      },
      "location-before-char-start": 318,
      "location-before-char-end": 376,
      "node-str": ""
    },
    {
      "type": "delete-node",
      "node": {
        "label": "org.columba.main.MainInterface",
        "type": "QualifiedName"
      },
      "location-before-char-start": 384,
      "location-before-char-end": 414,
      "node-str": "org.columba.main.MainInterface"
    },
    {
      "type": "delete-node",
      "node": {
        "label": "",
        "type": "ImportDeclaration"
      },
      "location-before-char-start": 377,
      "location-before-char-end": 415,
      "node-str": ""
    },
    {
      "type": "delete-node",
      "node": {
        "label": "public",
        "type": "Modifier"
      },
      "location-before-char-start": 667,
      "location-before-char-end": 673,
      "node-str": "public"
    },
    {
      "type": "delete-node",
      "node": {
        "label": "class",
        "type": "TYPE_DECLARATION_KIND"
      },
      "location-before-char-start": 674,
      "location-before-char-end": 679,
      "node-str": "class"
    },
    {
      "type": "delete-node",
      "node": {
        "label": "DeleteMessageAction",
        "type": "SimpleName"
      },
      "location-before-char-start": 680,
      "location-before-char-end": 699,
      "node-str": "DeleteMessageAction"
    },
    {
      "type": "delete-node",
      "node": {
        "label": "AbstractFilterAction",
        "type": "SimpleName"
      },
      "location-before-char-start": 708,
      "location-before-char-end": 728,
      "node-str": "AbstractFilterAction"
    },
    {
      "type": "delete-node",
      "node": {
        "label": "",
        "type": "SimpleType"
      },
      "location-before-char-start": 708,
      "location-before-char-end": 728,
      "node-str": ""
    },
    {
      "type": "delete-node",
      "node": {
        "label": "public",
        "type": "Modifier"
      },
      "location-before-char-start": 825,
      "location-before-char-end": 831,
      "node-str": "public"
    },
    {
      "type": "delete-node",
      "node": {
        "label": "Command",
        "type": "SimpleName"
      },
      "location-before-char-start": 832,
      "location-before-char-end": 839,
      "node-str": "Command"
    },
    {
      "type": "delete-node",
      "node": {
        "label": "",
        "type": "SimpleType"
      },
      "location-before-char-start": 832,
      "location-before-char-end": 839,
      "node-str": ""
    },
    {
      "type": "delete-node",
      "node": {
        "label": "getCommand",
        "type": "SimpleName"
      },
      "location-before-char-start": 840,
      "location-before-char-end": 850,
      "node-str": "getCommand"
    },
    {
      "type": "delete-node",
      "node": {
        "label": "FrameController",
        "type": "SimpleName"
      },
      "location-before-char-start": 851,
      "location-before-char-end": 866,
      "node-str": "FrameController"
    },
    {
      "type": "delete-node",
      "node": {
        "label": "",
        "type": "SimpleType"
      },
      "location-before-char-start": 851,
      "location-before-char-end": 866,
      "node-str": ""
    },
    {
      "type": "delete-node",
      "node": {
        "label": "frameController",
        "type": "SimpleName"
      },
      "location-before-char-start": 867,
      "location-before-char-end": 882,
      "node-str": "frameController"
    },
    {
      "type": "delete-node",
      "node": {
        "label": "",
        "type": "SingleVariableDeclaration"
      },
      "location-before-char-start": 851,
      "location-before-char-end": 882,
      "node-str": ""
    },
    {
      "type": "delete-node",
      "node": {
        "label": "Exception",
        "type": "SimpleName"
      },
      "location-before-char-start": 951,
      "location-before-char-end": 960,
      "node-str": "Exception"
    },
    {
      "type": "delete-node",
      "node": {
        "label": "",
        "type": "SimpleType"
      },
      "location-before-char-start": 951,
      "location-before-char-end": 960,
      "node-str": ""
    },
    {
      "type": "delete-node",
      "node": {
        "label": "frameController",
        "type": "SimpleName"
      },
      "location-before-char-start": 1188,
      "location-before-char-end": 1203,
      "node-str": "frameController"
    },
    {
      "type": "delete-node",
      "node": {
        "label": "frameController",
        "type": "SimpleName"
      },
      "location-before-char-start": 1367,
      "location-before-char-end": 1382,
      "node-str": "frameController"
    }
  ],
  "before-file": {},
  "after-file": {},
  "mapping": {}
}