{
  "tool-info": {},
  "diff": [
    {
      "type": "insert-node",
      "node": {
        "label": "ServerThread",
        "type": "Class"
      },
      "location-after-char-start": 731,
      "location-after-char-end": 9154,
      "node-str": "ServerThread"
    },
    {
      "type": "insert-node",
      "node": {
        "label": "public",
        "type": "Modifier"
      },
      "location-after-char-start": 0,
      "location-after-char-end": 0,
      "node-str": "public"
    },
    {
      "type": "insert-node",
      "node": {
        "label": "",
        "type": "TypeReference"
      },
      "location-after-char-start": 1363,
      "location-after-char-end": 1368,
      "node-str": ""
    },
    {
      "type": "move-subtree",
      "node": {
        "label": "log",
        "type": "Field"
      },
      "location-before-char-start": 1464,
      "location-before-char-end": 1534,
      "location-after-char-start": 1375,
      "location-after-char-end": 1445,
      "node-str": "log"
    },
    {
      "type": "insert-node",
      "node": {
        "label": "in",
        "type": "Field"
      },
      "location-after-char-start": 1451,
      "location-after-char-end": 1481,
      "node-str": "in"
    },
    {
      "type": "insert-node",
      "node": {
        "label": "out",
        "type": "Field"
      },
      "location-after-char-start": 1486,
      "location-after-char-end": 1518,
      "node-str": "out"
    },
    {
      "type": "insert-node",
      "node": {
        "label": "socket",
        "type": "Field"
      },
      "location-after-char-start": 1523,
      "location-after-char-end": 1546,
      "node-str": "socket"
    },
    {
      "type": "insert-node",
      "node": {
        "label": "invoker",
        "type": "Field"
      },
      "location-after-char-start": 1551,
      "location-after-char-end": 1582,
      "node-str": "invoker"
    },
    {
      "type": "insert-node",
      "node": {
        "label": "clientpool",
        "type": "Field"
      },
      "location-after-char-start": 1587,
      "location-after-char-end": 1615,
      "node-str": "clientpool"
    },
    {
      "type": "insert-node",
      "node": {
        "label": "threadpool",
        "type": "Field"
      },
      "location-after-char-start": 1620,
      "location-after-char-end": 1651,
      "node-str": "threadpool"
    },
    {
      "type": "move-subtree",
      "node": {
        "label": "running",
        "type": "Field"
      },
      "location-before-char-start": 1745,
      "location-before-char-end": 1786,
      "location-after-char-start": 1656,
      "location-after-char-end": 1697,
      "node-str": "running"
    },
    {
      "type": "move-subtree",
      "node": {
        "label": "handlingResponse",
        "type": "Field"
      },
      "location-before-char-start": 1791,
      "location-before-char-end": 1841,
      "location-after-char-start": 1702,
      "location-after-char-end": 1752,
      "node-str": "handlingResponse"
    },
    {
      "type": "move-subtree",
      "node": {
        "label": "shutdown",
        "type": "Field"
      },
      "location-before-char-start": 1899,
      "location-before-char-end": 1942,
      "location-after-char-start": 1810,
      "location-after-char-end": 1853,
      "node-str": "shutdown"
    },
    {
      "type": "move-subtree",
      "node": {
        "label": "id",
        "type": "Field"
      },
      "location-before-char-start": 1947,
      "location-before-char-end": 1974,
      "location-after-char-start": 1858,
      "location-after-char-end": 1885,
      "node-str": "id"
    },
    {
      "type": "move-subtree",
      "node": {
        "label": "\u003cinit\u003e",
        "type": "Constructor"
      },
      "location-before-char-start": 1980,
      "location-before-char-end": 2329,
      "location-after-char-start": 1891,
      "location-after-char-end": 2240,
      "node-str": "\u003cinit\u003e"
    },
    {
      "type": "move-subtree",
      "node": {
        "label": "shutdown",
        "type": "Method"
      },
      "location-before-char-start": 2335,
      "location-before-char-end": 2925,
      "location-after-char-start": 2246,
      "location-after-char-end": 2836,
      "node-str": "shutdown"
    },
    {
      "type": "move-subtree",
      "node": {
        "label": "evict",
        "type": "Method"
      },
      "location-before-char-start": 2931,
      "location-before-char-end": 3595,
      "location-after-char-start": 2842,
      "location-after-char-end": 3506,
      "node-str": "evict"
    },
    {
      "type": "move-subtree",
      "node": {
        "label": "wakeup",
        "type": "Method"
      },
      "location-before-char-start": 3602,
      "location-before-char-end": 3825,
      "location-after-char-start": 3513,
      "location-after-char-end": 3736,
      "node-str": "wakeup"
    },
    {
      "type": "move-subtree",
      "node": {
        "label": "run",
        "type": "Method"
      },
      "location-before-char-start": 3831,
      "location-before-char-end": 5394,
      "location-after-char-start": 3742,
      "location-after-char-end": 5305,
      "node-str": "run"
    },
    {
      "type": "move-subtree",
      "node": {
        "label": "acknowledge",
        "type": "Method"
      },
      "location-before-char-start": 5400,
      "location-before-char-end": 6210,
      "location-after-char-start": 5311,
      "location-after-char-end": 6121,
      "node-str": "acknowledge"
    },
    {
      "type": "insert-node",
      "node": {
        "label": "processInvocation",
        "type": "Method"
      },
      "location-after-char-start": 6127,
      "location-after-char-end": 7220,
      "node-str": "processInvocation"
    },
    {
      "type": "insert-node",
      "node": {
        "label": "dorun",
        "type": "Method"
      },
      "location-after-char-start": 7226,
      "location-after-char-end": 9152,
      "node-str": "dorun"
    },
    {
      "type": "insert-node",
      "node": {
        "label": "java.lang.Thread",
        "type": "SUPER_TYPE"
      },
      "location-after-char-start": 0,
      "location-after-char-end": 0,
      "node-str": "java.lang.Thread"
    },
    {
      "type": "insert-node",
      "node": {
        "label": "org.jboss.io.ObjectInputStream",
        "type": "VARIABLE_TYPE"
      },
      "location-after-char-start": 0,
      "location-after-char-end": 0,
      "node-str": "org.jboss.io.ObjectInputStream"
    },
    {
      "type": "insert-node",
      "node": {
        "label": "protected",
        "type": "Modifier"
      },
      "location-after-char-start": 0,
      "location-after-char-end": 0,
      "node-str": "protected"
    },
    {
      "type": "insert-node",
      "node": {
        "label": "org.jboss.io.ObjectOutputStream",
        "type": "VARIABLE_TYPE"
      },
      "location-after-char-start": 0,
      "location-after-char-end": 0,
      "node-str": "org.jboss.io.ObjectOutputStream"
    },
    {
      "type": "insert-node",
      "node": {
        "label": "protected",
        "type": "Modifier"
      },
      "location-after-char-start": 0,
      "location-after-char-end": 0,
      "node-str": "protected"
    },
    {
      "type": "insert-node",
      "node": {
        "label": "java.net.Socket",
        "type": "VARIABLE_TYPE"
      },
      "location-after-char-start": 0,
      "location-after-char-end": 0,
      "node-str": "java.net.Socket"
    },
    {
      "type": "insert-node",
      "node": {
        "label": "protected",
        "type": "Modifier"
      },
      "location-after-char-start": 0,
      "location-after-char-end": 0,
      "node-str": "protected"
    },
    {
      "type": "insert-node",
      "node": {
        "label": "org.jboss.invocation.pooled.server.PooledInvoker",
        "type": "VARIABLE_TYPE"
      },
      "location-after-char-start": 0,
      "location-after-char-end": 0,
      "node-str": "org.jboss.invocation.pooled.server.PooledInvoker"
    },
    {
      "type": "insert-node",
      "node": {
        "label": "protected",
        "type": "Modifier"
      },
      "location-after-char-start": 0,
      "location-after-char-end": 0,
      "node-str": "protected"
    },
    {
      "type": "insert-node",
      "node": {
        "label": "org.jboss.invocation.pooled.server.LRUPool",
        "type": "VARIABLE_TYPE"
      },
      "location-after-char-start": 0,
      "location-after-char-end": 0,
      "node-str": "org.jboss.invocation.pooled.server.LRUPool"
    },
    {
      "type": "insert-node",
      "node": {
        "label": "protected",
        "type": "Modifier"
      },
      "location-after-char-start": 0,
      "location-after-char-end": 0,
      "node-str": "protected"
    },
    {
      "type": "insert-node",
      "node": {
        "label": "java.util.LinkedList",
        "type": "VARIABLE_TYPE"
      },
      "location-after-char-start": 0,
      "location-after-char-end": 0,
      "node-str": "java.util.LinkedList"
    },
    {
      "type": "insert-node",
      "node": {
        "label": "protected",
        "type": "Modifier"
      },
      "location-after-char-start": 0,
      "location-after-char-end": 0,
      "node-str": "protected"
    },
    {
      "type": "insert-node",
      "node": {
        "label": "void",
        "type": "RETURN_TYPE"
      },
      "location-after-char-start": 0,
      "location-after-char-end": 0,
      "node-str": "void"
    },
    {
      "type": "insert-node",
      "node": {
        "label": "java.lang.Exception",
        "type": "THROWS"
      },
      "location-after-char-start": 0,
      "location-after-char-end": 0,
      "node-str": "java.lang.Exception"
    },
    {
      "type": "insert-node",
      "node": {
        "label": "protected",
        "type": "Modifier"
      },
      "location-after-char-start": 0,
      "location-after-char-end": 0,
      "node-str": "protected"
    },
    {
      "type": "move-subtree",
      "node": {
        "label": "\u003d",
        "type": "Assignment"
      },
      "location-before-char-start": 6279,
      "location-before-char-end": 6302,
      "location-after-char-start": 6190,
      "location-after-char-end": 6213,
      "node-str": "\u003d"
    },
    {
      "type": "move-subtree",
      "node": {
        "label": "invocation",
        "type": "LocalVariable"
      },
      "location-before-char-start": 6354,
      "location-before-char-end": 6405,
      "location-after-char-start": 6265,
      "location-after-char-end": 6316,
      "node-str": "invocation"
    },
    {
      "type": "insert-node",
      "node": {
        "label": "readObject",
        "type": "Invocation"
      },
      "location-after-char-start": 6324,
      "location-after-char-end": 6339,
      "node-str": "readObject"
    },
    {
      "type": "insert-node",
      "node": {
        "label": "response",
        "type": "LocalVariable"
      },
      "location-after-char-start": 6385,
      "location-after-char-end": 6407,
      "node-str": "response"
    },
    {
      "type": "insert-node",
      "node": {
        "label": "",
        "type": "Try"
      },
      "location-after-char-start": 6415,
      "location-after-char-end": 6808,
      "node-str": ""
    },
    {
      "type": "insert-node",
      "node": {
        "label": "interrupted",
        "type": "Invocation"
      },
      "location-after-char-start": 6816,
      "location-after-char-end": 6836,
      "node-str": "interrupted"
    },
    {
      "type": "move-subtree",
      "node": {
        "label": "writeObject",
        "type": "Invocation"
      },
      "location-before-char-start": 6645,
      "location-before-char-end": 6670,
      "location-after-char-start": 6905,
      "location-after-char-end": 6930,
      "node-str": "writeObject"
    },
    {
      "type": "insert-node",
      "node": {
        "label": "reset",
        "type": "Invocation"
      },
      "location-after-char-start": 6938,
      "location-after-char-end": 6949,
      "node-str": "reset"
    },
    {
      "type": "move-subtree",
      "node": {
        "label": "writeObject",
        "type": "Invocation"
      },
      "location-before-char-start": 6855,
      "location-before-char-end": 6884,
      "location-after-char-start": 7115,
      "location-after-char-end": 7144,
      "node-str": "writeObject"
    },
    {
      "type": "insert-node",
      "node": {
        "label": "flush",
        "type": "Invocation"
      },
      "location-after-char-start": 7153,
      "location-after-char-end": 7164,
      "node-str": "flush"
    },
    {
      "type": "insert-node",
      "node": {
        "label": "reset",
        "type": "Invocation"
      },
      "location-after-char-start": 7172,
      "location-after-char-end": 7183,
      "node-str": "reset"
    },
    {
      "type": "move-subtree",
      "node": {
        "label": "\u003d",
        "type": "Assignment"
      },
      "location-before-char-start": 6931,
      "location-before-char-end": 6955,
      "location-after-char-start": 7191,
      "location-after-char-end": 7215,
      "node-str": "\u003d"
    },
    {
      "type": "insert-node",
      "node": {
        "label": "void",
        "type": "RETURN_TYPE"
      },
      "location-after-char-start": 0,
      "location-after-char-end": 0,
      "node-str": "void"
    },
    {
      "type": "insert-node",
      "node": {
        "label": "protected",
        "type": "Modifier"
      },
      "location-after-char-start": 0,
      "location-after-char-end": 0,
      "node-str": "protected"
    },
    {
      "type": "insert-node",
      "node": {
        "label": "debug",
        "type": "Invocation"
      },
      "location-after-char-start": 7323,
      "location-after-char-end": 7351,
      "node-str": "debug"
    },
    {
      "type": "move-subtree",
      "node": {
        "label": "\u003d",
        "type": "Assignment"
      },
      "location-before-char-start": 7099,
      "location-before-char-end": 7113,
      "location-after-char-start": 7359,
      "location-after-char-end": 7373,
      "node-str": "\u003d"
    },
    {
      "type": "move-subtree",
      "node": {
        "label": "\u003d",
        "type": "Assignment"
      },
      "location-before-char-start": 7121,
      "location-before-char-end": 7144,
      "location-after-char-start": 7381,
      "location-after-char-end": 7404,
      "node-str": "\u003d"
    },
    {
      "type": "insert-node",
      "node": {
        "label": "",
        "type": "Try"
      },
      "location-after-char-start": 7412,
      "location-after-char-end": 7719,
      "node-str": ""
    },
    {
      "type": "move-subtree",
      "node": {
        "label": "",
        "type": "Try"
      },
      "location-before-char-start": 7535,
      "location-before-char-end": 7652,
      "location-after-char-start": 7795,
      "location-after-char-end": 7912,
      "node-str": ""
    },
    {
      "type": "move-subtree",
      "node": {
        "label": "while",
        "type": "While"
      },
      "location-before-char-start": 7738,
      "location-before-char-end": 8419,
      "location-after-char-start": 7998,
      "location-after-char-end": 8679,
      "node-str": "while"
    },
    {
      "type": "move-subtree",
      "node": {
        "label": "",
        "type": "Try"
      },
      "location-before-char-start": 8558,
      "location-before-char-end": 8695,
      "location-after-char-start": 8818,
      "location-after-char-end": 8955,
      "node-str": ""
    },
    {
      "type": "move-subtree",
      "node": {
        "label": "",
        "type": "Try"
      },
      "location-before-char-start": 8703,
      "location-before-char-end": 8831,
      "location-after-char-start": 8963,
      "location-after-char-end": 9091,
      "node-str": ""
    },
    {
      "type": "move-subtree",
      "node": {
        "label": "\u003d",
        "type": "Assignment"
      },
      "location-before-char-start": 8839,
      "location-before-char-end": 8852,
      "location-after-char-start": 9099,
      "location-after-char-end": 9112,
      "node-str": "\u003d"
    },
    {
      "type": "move-subtree",
      "node": {
        "label": "\u003d",
        "type": "Assignment"
      },
      "location-before-char-start": 8860,
      "location-before-char-end": 8869,
      "location-after-char-start": 9120,
      "location-after-char-end": 9129,
      "node-str": "\u003d"
    },
    {
      "type": "move-subtree",
      "node": {
        "label": "\u003d",
        "type": "Assignment"
      },
      "location-before-char-start": 8877,
      "location-before-char-end": 8887,
      "location-after-char-start": 9137,
      "location-after-char-end": 9147,
      "node-str": "\u003d"
    },
    {
      "type": "insert-node",
      "node": {
        "label": "in",
        "type": "FieldRead"
      },
      "location-after-char-start": 6324,
      "location-after-char-end": 6325,
      "node-str": "in"
    },
    {
      "type": "insert-node",
      "node": {
        "label": "java.lang.Object",
        "type": "VARIABLE_TYPE"
      },
      "location-after-char-start": 0,
      "location-after-char-end": 0,
      "node-str": "java.lang.Object"
    },
    {
      "type": "insert-node",
      "node": {
        "label": "null",
        "type": "Literal"
      },
      "location-after-char-start": 6403,
      "location-after-char-end": 6406,
      "node-str": "null"
    },
    {
      "type": "insert-node",
      "node": {
        "label": "start",
        "type": "Invocation"
      },
      "location-after-char-start": 6436,
      "location-after-char-end": 6457,
      "node-str": "start"
    },
    {
      "type": "insert-node",
      "node": {
        "label": "interrupted",
        "type": "LocalVariable"
      },
      "location-after-char-start": 6468,
      "location-after-char-end": 6510,
      "node-str": "interrupted"
    },
    {
      "type": "move-subtree",
      "node": {
        "label": "\u003d",
        "type": "Assignment"
      },
      "location-before-char-start": 6525,
      "location-before-char-end": 6562,
      "location-after-char-start": 6696,
      "location-after-char-end": 6733,
      "node-str": "\u003d"
    },
    {
      "type": "move-subtree",
      "node": {
        "label": "",
        "type": "Catch"
      },
      "location-before-char-start": 6571,
      "location-before-char-end": 6637,
      "location-after-char-start": 6742,
      "location-after-char-end": 6808,
      "node-str": ""
    },
    {
      "type": "insert-node",
      "node": {
        "label": "java.lang.Thread",
        "type": "TypeAccess"
      },
      "location-after-char-start": 6816,
      "location-after-char-end": 6821,
      "node-str": "java.lang.Thread"
    },
    {
      "type": "insert-node",
      "node": {
        "label": "out",
        "type": "FieldRead"
      },
      "location-after-char-start": 6938,
      "location-after-char-end": 6940,
      "node-str": "out"
    },
    {
      "type": "insert-node",
      "node": {
        "label": "out",
        "type": "FieldRead"
      },
      "location-after-char-start": 7153,
      "location-after-char-end": 7155,
      "node-str": "out"
    },
    {
      "type": "insert-node",
      "node": {
        "label": "out",
        "type": "FieldRead"
      },
      "location-after-char-start": 7172,
      "location-after-char-end": 7174,
      "node-str": "out"
    },
    {
      "type": "insert-node",
      "node": {
        "label": "log",
        "type": "FieldRead"
      },
      "location-after-char-start": 7323,
      "location-after-char-end": 7325,
      "node-str": "log"
    },
    {
      "type": "insert-node",
      "node": {
        "label": "\"beginning dorun\"",
        "type": "Literal"
      },
      "location-after-char-start": 7333,
      "location-after-char-end": 7349,
      "node-str": "\"beginning dorun\""
    },
    {
      "type": "insert-node",
      "node": {
        "label": "\u003d",
        "type": "Assignment"
      },
      "location-after-char-start": 7433,
      "location-after-char-end": 7513,
      "node-str": "\u003d"
    },
    {
      "type": "insert-node",
      "node": {
        "label": "flush",
        "type": "Invocation"
      },
      "location-after-char-start": 7524,
      "location-after-char-end": 7535,
      "node-str": "flush"
    },
    {
      "type": "insert-node",
      "node": {
        "label": "\u003d",
        "type": "Assignment"
      },
      "location-after-char-start": 7546,
      "location-after-char-end": 7622,
      "node-str": "\u003d"
    },
    {
      "type": "move-subtree",
      "node": {
        "label": "",
        "type": "Catch"
      },
      "location-before-char-start": 7371,
      "location-before-char-end": 7459,
      "location-after-char-start": 7631,
      "location-after-char-end": 7719,
      "node-str": ""
    },
    {
      "type": "insert-node",
      "node": {
        "label": "org.jboss.invocation.pooled.server.ServerThread",
        "type": "TypeAccess"
      },
      "location-after-char-start": 0,
      "location-after-char-end": 0,
      "node-str": "org.jboss.invocation.pooled.server.ServerThread"
    },
    {
      "type": "insert-node",
      "node": {
        "label": "org.jboss.util.ProfilerPoint",
        "type": "TypeAccess"
      },
      "location-after-char-start": 6436,
      "location-after-char-end": 6448,
      "node-str": "org.jboss.util.ProfilerPoint"
    },
    {
      "type": "insert-node",
      "node": {
        "label": "boolean",
        "type": "VARIABLE_TYPE"
      },
      "location-after-char-start": 0,
      "location-after-char-end": 0,
      "node-str": "boolean"
    },
    {
      "type": "insert-node",
      "node": {
        "label": "interrupted",
        "type": "Invocation"
      },
      "location-after-char-start": 6490,
      "location-after-char-end": 6509,
      "node-str": "interrupted"
    },
    {
      "type": "insert-node",
      "node": {
        "label": "org.jboss.invocation.pooled.server.ServerThread",
        "type": "TypeAccess"
      },
      "location-after-char-start": 0,
      "location-after-char-end": 0,
      "node-str": "org.jboss.invocation.pooled.server.ServerThread"
    },
    {
      "type": "insert-node",
      "node": {
        "label": "org.jboss.invocation.pooled.server.ServerThread",
        "type": "TypeAccess"
      },
      "location-after-char-start": 0,
      "location-after-char-end": 0,
      "node-str": "org.jboss.invocation.pooled.server.ServerThread"
    },
    {
      "type": "insert-node",
      "node": {
        "label": "org.jboss.invocation.pooled.server.ServerThread",
        "type": "TypeAccess"
      },
      "location-after-char-start": 0,
      "location-after-char-end": 0,
      "node-str": "org.jboss.invocation.pooled.server.ServerThread"
    },
    {
      "type": "insert-node",
      "node": {
        "label": "out",
        "type": "FieldWrite"
      },
      "location-after-char-start": 7433,
      "location-after-char-end": 7435,
      "node-str": "out"
    },
    {
      "type": "update-node",
      "node": {
        "label": "java.io.ObjectOutputStream(java.io.OutputStream)",
        "type": "ConstructorCall"
      },
      "location-before-char-start": 7179,
      "location-before-char-end": 7252,
      "location-after-char-start": 7439,
      "location-after-char-end": 7512,
      "node-str": "org.jboss.io.ObjectOutputStream(java.io.BufferedOutputStream)"
    },
    {
      "type": "move-subtree",
      "node": {
        "label": "java.io.ObjectOutputStream(java.io.OutputStream)",
        "type": "ConstructorCall"
      },
      "location-before-char-start": 7179,
      "location-before-char-end": 7252,
      "location-after-char-start": 7439,
      "location-after-char-end": 7512,
      "node-str": "org.jboss.io.ObjectOutputStream(java.io.BufferedOutputStream)"
    },
    {
      "type": "insert-node",
      "node": {
        "label": "out",
        "type": "FieldRead"
      },
      "location-after-char-start": 7524,
      "location-after-char-end": 7526,
      "node-str": "out"
    },
    {
      "type": "insert-node",
      "node": {
        "label": "in",
        "type": "FieldWrite"
      },
      "location-after-char-start": 7546,
      "location-after-char-end": 7547,
      "node-str": "in"
    },
    {
      "type": "update-node",
      "node": {
        "label": "java.io.ObjectInputStream(java.io.InputStream)",
        "type": "ConstructorCall"
      },
      "location-before-char-start": 7291,
      "location-before-char-end": 7361,
      "location-after-char-start": 7551,
      "location-after-char-end": 7621,
      "node-str": "org.jboss.io.ObjectInputStream(java.io.BufferedInputStream)"
    },
    {
      "type": "move-subtree",
      "node": {
        "label": "java.io.ObjectInputStream(java.io.InputStream)",
        "type": "ConstructorCall"
      },
      "location-before-char-start": 7291,
      "location-before-char-end": 7361,
      "location-after-char-start": 7551,
      "location-after-char-end": 7621,
      "node-str": "org.jboss.io.ObjectInputStream(java.io.BufferedInputStream)"
    },
    {
      "type": "insert-node",
      "node": {
        "label": "java.lang.Thread",
        "type": "TypeAccess"
      },
      "location-after-char-start": 6490,
      "location-after-char-end": 6495,
      "node-str": "java.lang.Thread"
    },
    {
      "type": "insert-node",
      "node": {
        "label": "org.jboss.invocation.pooled.server.ServerThread",
        "type": "TypeAccess"
      },
      "location-after-char-start": 0,
      "location-after-char-end": 0,
      "node-str": "org.jboss.invocation.pooled.server.ServerThread"
    },
    {
      "type": "insert-node",
      "node": {
        "label": "org.jboss.invocation.pooled.server.ServerThread",
        "type": "TypeAccess"
      },
      "location-after-char-start": 0,
      "location-after-char-end": 0,
      "node-str": "org.jboss.invocation.pooled.server.ServerThread"
    },
    {
      "type": "insert-node",
      "node": {
        "label": "org.jboss.invocation.pooled.server.ServerThread",
        "type": "TypeAccess"
      },
      "location-after-char-start": 0,
      "location-after-char-end": 0,
      "node-str": "org.jboss.invocation.pooled.server.ServerThread"
    },
    {
      "type": "delete-node",
      "node": {
        "label": "public",
        "type": "Modifier"
      },
      "location-before-char-start": 0,
      "location-before-char-end": 0,
      "node-str": "public"
    },
    {
      "type": "delete-node",
      "node": {
        "label": "java.lang.Thread",
        "type": "SUPER_TYPE"
      },
      "location-before-char-start": 0,
      "location-before-char-end": 0,
      "node-str": "java.lang.Thread"
    },
    {
      "type": "delete-node",
      "node": {
        "label": "",
        "type": "TypeReference"
      },
      "location-before-char-start": 1452,
      "location-before-char-end": 1457,
      "node-str": ""
    },
    {
      "type": "delete-node",
      "node": {
        "label": "java.io.ObjectInputStream",
        "type": "VARIABLE_TYPE"
      },
      "location-before-char-start": 0,
      "location-before-char-end": 0,
      "node-str": "java.io.ObjectInputStream"
    },
    {
      "type": "delete-node",
      "node": {
        "label": "protected",
        "type": "Modifier"
      },
      "location-before-char-start": 0,
      "location-before-char-end": 0,
      "node-str": "protected"
    },
    {
      "type": "delete-node",
      "node": {
        "label": "in",
        "type": "Field"
      },
      "location-before-char-start": 1540,
      "location-before-char-end": 1570,
      "node-str": "in"
    },
    {
      "type": "delete-node",
      "node": {
        "label": "java.io.ObjectOutputStream",
        "type": "VARIABLE_TYPE"
      },
      "location-before-char-start": 0,
      "location-before-char-end": 0,
      "node-str": "java.io.ObjectOutputStream"
    },
    {
      "type": "delete-node",
      "node": {
        "label": "protected",
        "type": "Modifier"
      },
      "location-before-char-start": 0,
      "location-before-char-end": 0,
      "node-str": "protected"
    },
    {
      "type": "delete-node",
      "node": {
        "label": "out",
        "type": "Field"
      },
      "location-before-char-start": 1575,
      "location-before-char-end": 1607,
      "node-str": "out"
    },
    {
      "type": "delete-node",
      "node": {
        "label": "java.net.Socket",
        "type": "VARIABLE_TYPE"
      },
      "location-before-char-start": 0,
      "location-before-char-end": 0,
      "node-str": "java.net.Socket"
    },
    {
      "type": "delete-node",
      "node": {
        "label": "protected",
        "type": "Modifier"
      },
      "location-before-char-start": 0,
      "location-before-char-end": 0,
      "node-str": "protected"
    },
    {
      "type": "delete-node",
      "node": {
        "label": "socket",
        "type": "Field"
      },
      "location-before-char-start": 1612,
      "location-before-char-end": 1635,
      "node-str": "socket"
    },
    {
      "type": "delete-node",
      "node": {
        "label": "org.jboss.invocation.pooled.server.PooledInvoker",
        "type": "VARIABLE_TYPE"
      },
      "location-before-char-start": 0,
      "location-before-char-end": 0,
      "node-str": "org.jboss.invocation.pooled.server.PooledInvoker"
    },
    {
      "type": "delete-node",
      "node": {
        "label": "protected",
        "type": "Modifier"
      },
      "location-before-char-start": 0,
      "location-before-char-end": 0,
      "node-str": "protected"
    },
    {
      "type": "delete-node",
      "node": {
        "label": "invoker",
        "type": "Field"
      },
      "location-before-char-start": 1640,
      "location-before-char-end": 1671,
      "node-str": "invoker"
    },
    {
      "type": "delete-node",
      "node": {
        "label": "org.jboss.invocation.pooled.server.LRUPool",
        "type": "VARIABLE_TYPE"
      },
      "location-before-char-start": 0,
      "location-before-char-end": 0,
      "node-str": "org.jboss.invocation.pooled.server.LRUPool"
    },
    {
      "type": "delete-node",
      "node": {
        "label": "protected",
        "type": "Modifier"
      },
      "location-before-char-start": 0,
      "location-before-char-end": 0,
      "node-str": "protected"
    },
    {
      "type": "delete-node",
      "node": {
        "label": "clientpool",
        "type": "Field"
      },
      "location-before-char-start": 1676,
      "location-before-char-end": 1704,
      "node-str": "clientpool"
    },
    {
      "type": "delete-node",
      "node": {
        "label": "java.util.LinkedList",
        "type": "VARIABLE_TYPE"
      },
      "location-before-char-start": 0,
      "location-before-char-end": 0,
      "node-str": "java.util.LinkedList"
    },
    {
      "type": "delete-node",
      "node": {
        "label": "protected",
        "type": "Modifier"
      },
      "location-before-char-start": 0,
      "location-before-char-end": 0,
      "node-str": "protected"
    },
    {
      "type": "delete-node",
      "node": {
        "label": "threadpool",
        "type": "Field"
      },
      "location-before-char-start": 1709,
      "location-before-char-end": 1740,
      "node-str": "threadpool"
    },
    {
      "type": "delete-node",
      "node": {
        "label": "void",
        "type": "RETURN_TYPE"
      },
      "location-before-char-start": 0,
      "location-before-char-end": 0,
      "node-str": "void"
    },
    {
      "type": "delete-node",
      "node": {
        "label": "java.lang.Exception",
        "type": "THROWS"
      },
      "location-before-char-start": 0,
      "location-before-char-end": 0,
      "node-str": "java.lang.Exception"
    },
    {
      "type": "delete-node",
      "node": {
        "label": "protected",
        "type": "Modifier"
      },
      "location-before-char-start": 0,
      "location-before-char-end": 0,
      "node-str": "protected"
    },
    {
      "type": "delete-node",
      "node": {
        "label": "org.jboss.invocation.pooled.server.ServerThread",
        "type": "TypeAccess"
      },
      "location-before-char-start": 0,
      "location-before-char-end": 0,
      "node-str": "org.jboss.invocation.pooled.server.ServerThread"
    },
    {
      "type": "delete-node",
      "node": {
        "label": "in",
        "type": "FieldRead"
      },
      "location-before-char-start": 6413,
      "location-before-char-end": 6414,
      "node-str": "in"
    },
    {
      "type": "delete-node",
      "node": {
        "label": "readObject",
        "type": "Invocation"
      },
      "location-before-char-start": 6413,
      "location-before-char-end": 6428,
      "node-str": "readObject"
    },
    {
      "type": "delete-node",
      "node": {
        "label": "java.lang.Object",
        "type": "VARIABLE_TYPE"
      },
      "location-before-char-start": 0,
      "location-before-char-end": 0,
      "node-str": "java.lang.Object"
    },
    {
      "type": "delete-node",
      "node": {
        "label": "null",
        "type": "Literal"
      },
      "location-before-char-start": 6492,
      "location-before-char-end": 6495,
      "node-str": "null"
    },
    {
      "type": "delete-node",
      "node": {
        "label": "response",
        "type": "LocalVariable"
      },
      "location-before-char-start": 6474,
      "location-before-char-end": 6496,
      "node-str": "response"
    },
    {
      "type": "delete-node",
      "node": {
        "label": "",
        "type": "Try"
      },
      "location-before-char-start": 6504,
      "location-before-char-end": 6637,
      "node-str": ""
    },
    {
      "type": "delete-node",
      "node": {
        "label": "org.jboss.invocation.pooled.server.ServerThread",
        "type": "TypeAccess"
      },
      "location-before-char-start": 0,
      "location-before-char-end": 0,
      "node-str": "org.jboss.invocation.pooled.server.ServerThread"
    },
    {
      "type": "delete-node",
      "node": {
        "label": "out",
        "type": "FieldRead"
      },
      "location-before-char-start": 6678,
      "location-before-char-end": 6680,
      "node-str": "out"
    },
    {
      "type": "delete-node",
      "node": {
        "label": "reset",
        "type": "Invocation"
      },
      "location-before-char-start": 6678,
      "location-before-char-end": 6689,
      "node-str": "reset"
    },
    {
      "type": "delete-node",
      "node": {
        "label": "org.jboss.invocation.pooled.server.ServerThread",
        "type": "TypeAccess"
      },
      "location-before-char-start": 0,
      "location-before-char-end": 0,
      "node-str": "org.jboss.invocation.pooled.server.ServerThread"
    },
    {
      "type": "delete-node",
      "node": {
        "label": "out",
        "type": "FieldRead"
      },
      "location-before-char-start": 6893,
      "location-before-char-end": 6895,
      "node-str": "out"
    },
    {
      "type": "delete-node",
      "node": {
        "label": "flush",
        "type": "Invocation"
      },
      "location-before-char-start": 6893,
      "location-before-char-end": 6904,
      "node-str": "flush"
    },
    {
      "type": "delete-node",
      "node": {
        "label": "org.jboss.invocation.pooled.server.ServerThread",
        "type": "TypeAccess"
      },
      "location-before-char-start": 0,
      "location-before-char-end": 0,
      "node-str": "org.jboss.invocation.pooled.server.ServerThread"
    },
    {
      "type": "delete-node",
      "node": {
        "label": "out",
        "type": "FieldRead"
      },
      "location-before-char-start": 6912,
      "location-before-char-end": 6914,
      "node-str": "out"
    },
    {
      "type": "delete-node",
      "node": {
        "label": "reset",
        "type": "Invocation"
      },
      "location-before-char-start": 6912,
      "location-before-char-end": 6923,
      "node-str": "reset"
    },
    {
      "type": "delete-node",
      "node": {
        "label": "processInvocation",
        "type": "Method"
      },
      "location-before-char-start": 6216,
      "location-before-char-end": 6960,
      "node-str": "processInvocation"
    },
    {
      "type": "delete-node",
      "node": {
        "label": "void",
        "type": "RETURN_TYPE"
      },
      "location-before-char-start": 0,
      "location-before-char-end": 0,
      "node-str": "void"
    },
    {
      "type": "delete-node",
      "node": {
        "label": "protected",
        "type": "Modifier"
      },
      "location-before-char-start": 0,
      "location-before-char-end": 0,
      "node-str": "protected"
    },
    {
      "type": "delete-node",
      "node": {
        "label": "log",
        "type": "FieldRead"
      },
      "location-before-char-start": 7063,
      "location-before-char-end": 7065,
      "node-str": "log"
    },
    {
      "type": "delete-node",
      "node": {
        "label": "\"beginning dorun\"",
        "type": "Literal"
      },
      "location-before-char-start": 7073,
      "location-before-char-end": 7089,
      "node-str": "\"beginning dorun\""
    },
    {
      "type": "delete-node",
      "node": {
        "label": "debug",
        "type": "Invocation"
      },
      "location-before-char-start": 7063,
      "location-before-char-end": 7091,
      "node-str": "debug"
    },
    {
      "type": "delete-node",
      "node": {
        "label": "org.jboss.invocation.pooled.server.ServerThread",
        "type": "TypeAccess"
      },
      "location-before-char-start": 0,
      "location-before-char-end": 0,
      "node-str": "org.jboss.invocation.pooled.server.ServerThread"
    },
    {
      "type": "delete-node",
      "node": {
        "label": "out",
        "type": "FieldWrite"
      },
      "location-before-char-start": 7173,
      "location-before-char-end": 7175,
      "node-str": "out"
    },
    {
      "type": "delete-node",
      "node": {
        "label": "\u003d",
        "type": "Assignment"
      },
      "location-before-char-start": 7173,
      "location-before-char-end": 7253,
      "node-str": "\u003d"
    },
    {
      "type": "delete-node",
      "node": {
        "label": "org.jboss.invocation.pooled.server.ServerThread",
        "type": "TypeAccess"
      },
      "location-before-char-start": 0,
      "location-before-char-end": 0,
      "node-str": "org.jboss.invocation.pooled.server.ServerThread"
    },
    {
      "type": "delete-node",
      "node": {
        "label": "out",
        "type": "FieldRead"
      },
      "location-before-char-start": 7264,
      "location-before-char-end": 7266,
      "node-str": "out"
    },
    {
      "type": "delete-node",
      "node": {
        "label": "flush",
        "type": "Invocation"
      },
      "location-before-char-start": 7264,
      "location-before-char-end": 7275,
      "node-str": "flush"
    },
    {
      "type": "delete-node",
      "node": {
        "label": "org.jboss.invocation.pooled.server.ServerThread",
        "type": "TypeAccess"
      },
      "location-before-char-start": 0,
      "location-before-char-end": 0,
      "node-str": "org.jboss.invocation.pooled.server.ServerThread"
    },
    {
      "type": "delete-node",
      "node": {
        "label": "in",
        "type": "FieldWrite"
      },
      "location-before-char-start": 7286,
      "location-before-char-end": 7287,
      "node-str": "in"
    },
    {
      "type": "delete-node",
      "node": {
        "label": "\u003d",
        "type": "Assignment"
      },
      "location-before-char-start": 7286,
      "location-before-char-end": 7362,
      "node-str": "\u003d"
    },
    {
      "type": "delete-node",
      "node": {
        "label": "",
        "type": "Try"
      },
      "location-before-char-start": 7152,
      "location-before-char-end": 7459,
      "node-str": ""
    },
    {
      "type": "delete-node",
      "node": {
        "label": "dorun",
        "type": "Method"
      },
      "location-before-char-start": 6966,
      "location-before-char-end": 8892,
      "node-str": "dorun"
    },
    {
      "type": "delete-node",
      "node": {
        "label": "ServerThread",
        "type": "Class"
      },
      "location-before-char-start": 820,
      "location-before-char-end": 8894,
      "node-str": "ServerThread"
    }
  ],
  "before-file": {},
  "after-file": {},
  "mapping": {}
}