{
  "tool-info": {},
  "diff": [
    {
      "type": "insert-node",
      "node": {
        "label": "Modeller",
        "type": "Class"
      },
      "location-after-char-start": 1277,
      "location-after-char-end": 39805,
      "node-str": "Modeller"
    },
    {
      "type": "insert-node",
      "node": {
        "label": "public",
        "type": "Modifier"
      },
      "location-after-char-start": 0,
      "location-after-char-end": 0,
      "node-str": "public"
    },
    {
      "type": "insert-node",
      "node": {
        "label": "model",
        "type": "Field"
      },
      "location-after-char-start": 1650,
      "location-after-char-end": 1705,
      "node-str": "model"
    },
    {
      "type": "insert-node",
      "node": {
        "label": "_diagram",
        "type": "Field"
      },
      "location-after-char-start": 1714,
      "location-after-char-end": 1747,
      "node-str": "_diagram"
    },
    {
      "type": "insert-node",
      "node": {
        "label": "currentPackage",
        "type": "Field"
      },
      "location-after-char-start": 1756,
      "location-after-char-end": 1851,
      "node-str": "currentPackage"
    },
    {
      "type": "insert-node",
      "node": {
        "label": "parseState",
        "type": "Field"
      },
      "location-after-char-start": 1860,
      "location-after-char-end": 1944,
      "node-str": "parseState"
    },
    {
      "type": "insert-node",
      "node": {
        "label": "parseStateStack",
        "type": "Field"
      },
      "location-after-char-start": 1953,
      "location-after-char-end": 2044,
      "node-str": "parseStateStack"
    },
    {
      "type": "insert-node",
      "node": {
        "label": "noAssociations",
        "type": "Field"
      },
      "location-after-char-start": 2053,
      "location-after-char-end": 2130,
      "node-str": "noAssociations"
    },
    {
      "type": "insert-node",
      "node": {
        "label": "arraysAsDatatype",
        "type": "Field"
      },
      "location-after-char-start": 2139,
      "location-after-char-end": 2228,
      "node-str": "arraysAsDatatype"
    },
    {
      "type": "insert-node",
      "node": {
        "label": "_exception",
        "type": "Field"
      },
      "location-after-char-start": 2237,
      "location-after-char-end": 2358,
      "node-str": "_exception"
    },
    {
      "type": "move-subtree",
      "node": {
        "label": "\u003cinit\u003e",
        "type": "Constructor"
      },
      "location-before-char-start": 2341,
      "location-before-char-end": 2846,
      "location-after-char-start": 2367,
      "location-after-char-end": 2872,
      "node-str": "\u003cinit\u003e"
    },
    {
      "type": "move-subtree",
      "node": {
        "label": "getDiagram",
        "type": "Method"
      },
      "location-before-char-start": 2855,
      "location-before-char-end": 3030,
      "location-after-char-start": 2881,
      "location-after-char-end": 3056,
      "node-str": "getDiagram"
    },
    {
      "type": "move-subtree",
      "node": {
        "label": "getException",
        "type": "Method"
      },
      "location-before-char-start": 3039,
      "location-before-char-end": 3228,
      "location-after-char-start": 3065,
      "location-after-char-end": 3254,
      "node-str": "getException"
    },
    {
      "type": "move-subtree",
      "node": {
        "label": "addPackage",
        "type": "Method"
      },
      "location-before-char-start": 3237,
      "location-before-char-end": 4326,
      "location-after-char-start": 3263,
      "location-after-char-end": 4352,
      "node-str": "addPackage"
    },
    {
      "type": "move-subtree",
      "node": {
        "label": "addImport",
        "type": "Method"
      },
      "location-before-char-start": 4335,
      "location-before-char-end": 5044,
      "location-after-char-start": 4361,
      "location-after-char-end": 5070,
      "node-str": "addImport"
    },
    {
      "type": "move-subtree",
      "node": {
        "label": "addClass",
        "type": "Method"
      },
      "location-before-char-start": 5053,
      "location-before-char-end": 7155,
      "location-after-char-start": 5079,
      "location-after-char-end": 7181,
      "node-str": "addClass"
    },
    {
      "type": "move-subtree",
      "node": {
        "label": "addAnonymousClass",
        "type": "Method"
      },
      "location-before-char-start": 7164,
      "location-before-char-end": 7933,
      "location-after-char-start": 7190,
      "location-after-char-end": 7959,
      "node-str": "addAnonymousClass"
    },
    {
      "type": "move-subtree",
      "node": {
        "label": "addInterface",
        "type": "Method"
      },
      "location-before-char-start": 7942,
      "location-before-char-end": 9286,
      "location-after-char-start": 7968,
      "location-after-char-end": 9312,
      "node-str": "addInterface"
    },
    {
      "type": "move-subtree",
      "node": {
        "label": "addClassifier",
        "type": "Method"
      },
      "location-before-char-start": 9295,
      "location-before-char-end": 10926,
      "location-after-char-start": 9321,
      "location-after-char-end": 10952,
      "node-str": "addClassifier"
    },
    {
      "type": "move-subtree",
      "node": {
        "label": "popClassifier",
        "type": "Method"
      },
      "location-before-char-start": 10935,
      "location-before-char-end": 11606,
      "location-after-char-start": 10961,
      "location-after-char-end": 11632,
      "node-str": "popClassifier"
    },
    {
      "type": "insert-node",
      "node": {
        "label": "addOperation",
        "type": "Method"
      },
      "location-after-char-start": 11641,
      "location-after-char-end": 14977,
      "node-str": "addOperation"
    },
    {
      "type": "move-subtree",
      "node": {
        "label": "addBodyToOperation",
        "type": "Method"
      },
      "location-before-char-start": 14935,
      "location-before-char-end": 15975,
      "location-after-char-start": 14986,
      "location-after-char-end": 16026,
      "node-str": "addBodyToOperation"
    },
    {
      "type": "move-subtree",
      "node": {
        "label": "addAttribute",
        "type": "Method"
      },
      "location-before-char-start": 15984,
      "location-before-char-end": 20011,
      "location-after-char-start": 16035,
      "location-after-char-end": 20062,
      "node-str": "addAttribute"
    },
    {
      "type": "move-subtree",
      "node": {
        "label": "getGeneralization",
        "type": "Method"
      },
      "location-before-char-start": 20020,
      "location-before-char-end": 21148,
      "location-after-char-start": 20071,
      "location-after-char-end": 21199,
      "node-str": "getGeneralization"
    },
    {
      "type": "move-subtree",
      "node": {
        "label": "getAbstraction",
        "type": "Method"
      },
      "location-before-char-start": 21157,
      "location-before-char-end": 22291,
      "location-after-char-start": 21208,
      "location-after-char-end": 22342,
      "node-str": "getAbstraction"
    },
    {
      "type": "move-subtree",
      "node": {
        "label": "getPackage",
        "type": "Method"
      },
      "location-before-char-start": 22300,
      "location-before-char-end": 23066,
      "location-after-char-start": 22351,
      "location-after-char-end": 23117,
      "node-str": "getPackage"
    },
    {
      "type": "move-subtree",
      "node": {
        "label": "searchPackageInModel",
        "type": "Method"
      },
      "location-before-char-start": 23075,
      "location-before-char-end": 23879,
      "location-after-char-start": 23126,
      "location-after-char-end": 23930,
      "node-str": "searchPackageInModel"
    },
    {
      "type": "insert-node",
      "node": {
        "label": "getOperation",
        "type": "Method"
      },
      "location-after-char-start": 23939,
      "location-after-char-end": 24485,
      "node-str": "getOperation"
    },
    {
      "type": "move-subtree",
      "node": {
        "label": "getMethod",
        "type": "Method"
      },
      "location-before-char-start": 24430,
      "location-before-char-end": 24921,
      "location-after-char-start": 24494,
      "location-after-char-end": 24985,
      "node-str": "getMethod"
    },
    {
      "type": "insert-node",
      "node": {
        "label": "getAttribute",
        "type": "Method"
      },
      "location-after-char-start": 24994,
      "location-after-char-end": 25870,
      "node-str": "getAttribute"
    },
    {
      "type": "move-subtree",
      "node": {
        "label": "getAssociationEnd",
        "type": "Method"
      },
      "location-before-char-start": 25802,
      "location-before-char-end": 27174,
      "location-after-char-start": 25879,
      "location-after-char-end": 27251,
      "node-str": "getAssociationEnd"
    },
    {
      "type": "move-subtree",
      "node": {
        "label": "getStereotype",
        "type": "Method"
      },
      "location-before-char-start": 27183,
      "location-before-char-end": 27624,
      "location-after-char-start": 27260,
      "location-after-char-end": 27701,
      "node-str": "getStereotype"
    },
    {
      "type": "move-subtree",
      "node": {
        "label": "getTaggedValue",
        "type": "Method"
      },
      "location-before-char-start": 27633,
      "location-before-char-end": 28271,
      "location-after-char-start": 27710,
      "location-after-char-end": 28348,
      "node-str": "getTaggedValue"
    },
    {
      "type": "move-subtree",
      "node": {
        "label": "getPackageName",
        "type": "Method"
      },
      "location-before-char-start": 28280,
      "location-before-char-end": 28648,
      "location-after-char-start": 28357,
      "location-after-char-end": 28725,
      "node-str": "getPackageName"
    },
    {
      "type": "move-subtree",
      "node": {
        "label": "getRelativePackageName",
        "type": "Method"
      },
      "location-before-char-start": 28657,
      "location-before-char-end": 29268,
      "location-after-char-start": 28734,
      "location-after-char-end": 29345,
      "node-str": "getRelativePackageName"
    },
    {
      "type": "move-subtree",
      "node": {
        "label": "getClassifierName",
        "type": "Method"
      },
      "location-before-char-start": 29277,
      "location-before-char-end": 29655,
      "location-after-char-start": 29354,
      "location-after-char-end": 29732,
      "node-str": "getClassifierName"
    },
    {
      "type": "move-subtree",
      "node": {
        "label": "setVisibility",
        "type": "Method"
      },
      "location-before-char-start": 29664,
      "location-before-char-end": 30357,
      "location-after-char-start": 29741,
      "location-after-char-end": 30434,
      "node-str": "setVisibility"
    },
    {
      "type": "move-subtree",
      "node": {
        "label": "setScope",
        "type": "Method"
      },
      "location-before-char-start": 30366,
      "location-before-char-end": 30827,
      "location-after-char-start": 30443,
      "location-after-char-end": 30904,
      "node-str": "setScope"
    },
    {
      "type": "move-subtree",
      "node": {
        "label": "setScope",
        "type": "Method"
      },
      "location-before-char-start": 30836,
      "location-before-char-end": 31316,
      "location-after-char-start": 30913,
      "location-after-char-end": 31393,
      "node-str": "setScope"
    },
    {
      "type": "move-subtree",
      "node": {
        "label": "getContext",
        "type": "Method"
      },
      "location-before-char-start": 31325,
      "location-before-char-end": 31745,
      "location-after-char-start": 31402,
      "location-after-char-end": 31822,
      "node-str": "getContext"
    },
    {
      "type": "move-subtree",
      "node": {
        "label": "addJavadocTagContents",
        "type": "Method"
      },
      "location-before-char-start": 31754,
      "location-before-char-end": 33838,
      "location-after-char-start": 31831,
      "location-after-char-end": 33915,
      "node-str": "addJavadocTagContents"
    },
    {
      "type": "move-subtree",
      "node": {
        "label": "addDocumentationTag",
        "type": "Method"
      },
      "location-before-char-start": 33845,
      "location-before-char-end": 39725,
      "location-after-char-start": 33922,
      "location-after-char-end": 39802,
      "node-str": "addDocumentationTag"
    },
    {
      "type": "insert-node",
      "node": {
        "label": "org.argouml.uml.reveng.java.MModel",
        "type": "VARIABLE_TYPE"
      },
      "location-after-char-start": 0,
      "location-after-char-end": 0,
      "node-str": "org.argouml.uml.reveng.java.MModel"
    },
    {
      "type": "insert-node",
      "node": {
        "label": "org.argouml.uml.reveng.java.DiagramInterface",
        "type": "VARIABLE_TYPE"
      },
      "location-after-char-start": 0,
      "location-after-char-end": 0,
      "node-str": "org.argouml.uml.reveng.java.DiagramInterface"
    },
    {
      "type": "insert-node",
      "node": {
        "label": "org.argouml.uml.reveng.java.MPackage",
        "type": "VARIABLE_TYPE"
      },
      "location-after-char-start": 0,
      "location-after-char-end": 0,
      "node-str": "org.argouml.uml.reveng.java.MPackage"
    },
    {
      "type": "insert-node",
      "node": {
        "label": "org.argouml.uml.reveng.java.ParseState",
        "type": "VARIABLE_TYPE"
      },
      "location-after-char-start": 0,
      "location-after-char-end": 0,
      "node-str": "org.argouml.uml.reveng.java.ParseState"
    },
    {
      "type": "insert-node",
      "node": {
        "label": "java.util.Stack",
        "type": "VARIABLE_TYPE"
      },
      "location-after-char-start": 0,
      "location-after-char-end": 0,
      "node-str": "java.util.Stack"
    },
    {
      "type": "insert-node",
      "node": {
        "label": "boolean",
        "type": "VARIABLE_TYPE"
      },
      "location-after-char-start": 0,
      "location-after-char-end": 0,
      "node-str": "boolean"
    },
    {
      "type": "insert-node",
      "node": {
        "label": "boolean",
        "type": "VARIABLE_TYPE"
      },
      "location-after-char-start": 0,
      "location-after-char-end": 0,
      "node-str": "boolean"
    },
    {
      "type": "insert-node",
      "node": {
        "label": "java.lang.Exception",
        "type": "VARIABLE_TYPE"
      },
      "location-after-char-start": 0,
      "location-after-char-end": 0,
      "node-str": "java.lang.Exception"
    },
    {
      "type": "insert-node",
      "node": {
        "label": "org.argouml.uml.reveng.java.MOperation",
        "type": "RETURN_TYPE"
      },
      "location-after-char-start": 0,
      "location-after-char-end": 0,
      "node-str": "org.argouml.uml.reveng.java.MOperation"
    },
    {
      "type": "insert-node",
      "node": {
        "label": "public",
        "type": "Modifier"
      },
      "location-after-char-start": 0,
      "location-after-char-end": 0,
      "node-str": "public"
    },
    {
      "type": "insert-node",
      "node": {
        "label": "modifiers",
        "type": "Parameter"
      },
      "location-after-char-start": 12130,
      "location-after-char-end": 12144,
      "node-str": "modifiers"
    },
    {
      "type": "insert-node",
      "node": {
        "label": "returnType",
        "type": "Parameter"
      },
      "location-after-char-start": 12184,
      "location-after-char-end": 12200,
      "node-str": "returnType"
    },
    {
      "type": "insert-node",
      "node": {
        "label": "name",
        "type": "Parameter"
      },
      "location-after-char-start": 12240,
      "location-after-char-end": 12250,
      "node-str": "name"
    },
    {
      "type": "insert-node",
      "node": {
        "label": "parameters",
        "type": "Parameter"
      },
      "location-after-char-start": 12290,
      "location-after-char-end": 12306,
      "node-str": "parameters"
    },
    {
      "type": "insert-node",
      "node": {
        "label": "javadoc",
        "type": "Parameter"
      },
      "location-after-char-start": 12346,
      "location-after-char-end": 12359,
      "node-str": "javadoc"
    },
    {
      "type": "move-subtree",
      "node": {
        "label": "mOperation",
        "type": "LocalVariable"
      },
      "location-before-char-start": 12345,
      "location-before-char-end": 12387,
      "location-after-char-start": 12371,
      "location-after-char-end": 12413,
      "node-str": "mOperation"
    },
    {
      "type": "move-subtree",
      "node": {
        "label": "feature",
        "type": "Invocation"
      },
      "location-before-char-start": 12396,
      "location-before-char-end": 12426,
      "location-after-char-start": 12422,
      "location-after-char-end": 12452,
      "node-str": "feature"
    },
    {
      "type": "move-subtree",
      "node": {
        "label": "setAbstract",
        "type": "Invocation"
      },
      "location-before-char-start": 12437,
      "location-before-char-end": 12506,
      "location-after-char-start": 12463,
      "location-after-char-end": 12532,
      "node-str": "setAbstract"
    },
    {
      "type": "move-subtree",
      "node": {
        "label": "setLeaf",
        "type": "Invocation"
      },
      "location-before-char-start": 12515,
      "location-before-char-end": 12577,
      "location-after-char-start": 12541,
      "location-after-char-end": 12603,
      "node-str": "setLeaf"
    },
    {
      "type": "insert-node",
      "node": {
        "label": "setRoot",
        "type": "Invocation"
      },
      "location-after-char-start": 12612,
      "location-after-char-end": 12637,
      "node-str": "setRoot"
    },
    {
      "type": "insert-node",
      "node": {
        "label": "setScope",
        "type": "Invocation"
      },
      "location-after-char-start": 12646,
      "location-after-char-end": 12677,
      "node-str": "setScope"
    },
    {
      "type": "insert-node",
      "node": {
        "label": "setVisibility",
        "type": "Invocation"
      },
      "location-after-char-start": 12686,
      "location-after-char-end": 12722,
      "node-str": "setVisibility"
    },
    {
      "type": "move-subtree",
      "node": {
        "label": "if",
        "type": "If"
      },
      "location-before-char-start": 12705,
      "location-before-char-end": 12998,
      "location-after-char-start": 12731,
      "location-after-char-end": 13024,
      "node-str": "if"
    },
    {
      "type": "move-subtree",
      "node": {
        "label": "",
        "type": "For"
      },
      "location-before-char-start": 13011,
      "location-before-char-end": 13163,
      "location-after-char-start": 13037,
      "location-after-char-end": 13189,
      "node-str": ""
    },
    {
      "type": "insert-node",
      "node": {
        "label": "",
        "type": "Try"
      },
      "location-after-char-start": 13200,
      "location-after-char-end": 14465,
      "node-str": ""
    },
    {
      "type": "insert-node",
      "node": {
        "label": "addDocumentationTag",
        "type": "Invocation"
      },
      "location-after-char-start": 14901,
      "location-after-char-end": 14942,
      "node-str": "addDocumentationTag"
    },
    {
      "type": "insert-node",
      "node": {
        "label": "return",
        "type": "Return"
      },
      "location-after-char-start": 14953,
      "location-after-char-end": 14970,
      "node-str": "return"
    },
    {
      "type": "insert-node",
      "node": {
        "label": "org.argouml.uml.reveng.java.MOperation",
        "type": "RETURN_TYPE"
      },
      "location-after-char-start": 0,
      "location-after-char-end": 0,
      "node-str": "org.argouml.uml.reveng.java.MOperation"
    },
    {
      "type": "insert-node",
      "node": {
        "label": "name",
        "type": "Parameter"
      },
      "location-after-char-start": 24194,
      "location-after-char-end": 24204,
      "node-str": "name"
    },
    {
      "type": "move-subtree",
      "node": {
        "label": "mOperation",
        "type": "LocalVariable"
      },
      "location-before-char-start": 24165,
      "location-before-char-end": 24230,
      "location-after-char-start": 24216,
      "location-after-char-end": 24281,
      "node-str": "mOperation"
    },
    {
      "type": "insert-node",
      "node": {
        "label": "if",
        "type": "If"
      },
      "location-after-char-start": 24287,
      "location-after-char-end": 24457,
      "node-str": "if"
    },
    {
      "type": "insert-node",
      "node": {
        "label": "return",
        "type": "Return"
      },
      "location-after-char-start": 24461,
      "location-after-char-end": 24478,
      "node-str": "return"
    },
    {
      "type": "insert-node",
      "node": {
        "label": "org.argouml.uml.reveng.java.MAttribute",
        "type": "RETURN_TYPE"
      },
      "location-after-char-start": 0,
      "location-after-char-end": 0,
      "node-str": "org.argouml.uml.reveng.java.MAttribute"
    },
    {
      "type": "insert-node",
      "node": {
        "label": "name",
        "type": "Parameter"
      },
      "location-after-char-start": 25407,
      "location-after-char-end": 25417,
      "node-str": "name"
    },
    {
      "type": "insert-node",
      "node": {
        "label": "initializer",
        "type": "Parameter"
      },
      "location-after-char-start": 25429,
      "location-after-char-end": 25446,
      "node-str": "initializer"
    },
    {
      "type": "insert-node",
      "node": {
        "label": "mClassifier",
        "type": "Parameter"
      },
      "location-after-char-start": 25458,
      "location-after-char-end": 25480,
      "node-str": "mClassifier"
    },
    {
      "type": "move-subtree",
      "node": {
        "label": "mAttribute",
        "type": "LocalVariable"
      },
      "location-before-char-start": 25428,
      "location-before-char-end": 25491,
      "location-after-char-start": 25492,
      "location-after-char-end": 25555,
      "node-str": "mAttribute"
    },
    {
      "type": "insert-node",
      "node": {
        "label": "if",
        "type": "If"
      },
      "location-after-char-start": 25561,
      "location-after-char-end": 25842,
      "node-str": "if"
    },
    {
      "type": "insert-node",
      "node": {
        "label": "return",
        "type": "Return"
      },
      "location-after-char-start": 25846,
      "location-after-char-end": 25863,
      "node-str": "return"
    },
    {
      "type": "insert-node",
      "node": {
        "label": "short",
        "type": "VARIABLE_TYPE"
      },
      "location-after-char-start": 0,
      "location-after-char-end": 0,
      "node-str": "short"
    },
    {
      "type": "insert-node",
      "node": {
        "label": "java.lang.String",
        "type": "VARIABLE_TYPE"
      },
      "location-after-char-start": 0,
      "location-after-char-end": 0,
      "node-str": "java.lang.String"
    },
    {
      "type": "insert-node",
      "node": {
        "label": "java.lang.String",
        "type": "VARIABLE_TYPE"
      },
      "location-after-char-start": 0,
      "location-after-char-end": 0,
      "node-str": "java.lang.String"
    },
    {
      "type": "insert-node",
      "node": {
        "label": "java.util.Vector",
        "type": "VARIABLE_TYPE"
      },
      "location-after-char-start": 0,
      "location-after-char-end": 0,
      "node-str": "java.util.Vector"
    },
    {
      "type": "insert-node",
      "node": {
        "label": "java.lang.String",
        "type": "VARIABLE_TYPE"
      },
      "location-after-char-start": 0,
      "location-after-char-end": 0,
      "node-str": "java.lang.String"
    },
    {
      "type": "insert-node",
      "node": {
        "label": "mOperation",
        "type": "VariableRead"
      },
      "location-after-char-start": 12612,
      "location-after-char-end": 12621,
      "node-str": "mOperation"
    },
    {
      "type": "insert-node",
      "node": {
        "label": "false",
        "type": "Literal"
      },
      "location-after-char-start": 12631,
      "location-after-char-end": 12635,
      "node-str": "false"
    },
    {
      "type": "insert-node",
      "node": {
        "label": "org.argouml.uml.reveng.java.Modeller",
        "type": "TypeAccess"
      },
      "location-after-char-start": 0,
      "location-after-char-end": 0,
      "node-str": "org.argouml.uml.reveng.java.Modeller"
    },
    {
      "type": "insert-node",
      "node": {
        "label": "mOperation",
        "type": "VariableRead"
      },
      "location-after-char-start": 12655,
      "location-after-char-end": 12664,
      "node-str": "mOperation"
    },
    {
      "type": "insert-node",
      "node": {
        "label": "modifiers",
        "type": "VariableRead"
      },
      "location-after-char-start": 12667,
      "location-after-char-end": 12675,
      "node-str": "modifiers"
    },
    {
      "type": "insert-node",
      "node": {
        "label": "org.argouml.uml.reveng.java.Modeller",
        "type": "TypeAccess"
      },
      "location-after-char-start": 0,
      "location-after-char-end": 0,
      "node-str": "org.argouml.uml.reveng.java.Modeller"
    },
    {
      "type": "insert-node",
      "node": {
        "label": "mOperation",
        "type": "VariableRead"
      },
      "location-after-char-start": 12700,
      "location-after-char-end": 12709,
      "node-str": "mOperation"
    },
    {
      "type": "insert-node",
      "node": {
        "label": "modifiers",
        "type": "VariableRead"
      },
      "location-after-char-start": 12712,
      "location-after-char-end": 12720,
      "node-str": "modifiers"
    },
    {
      "type": "insert-node",
      "node": {
        "label": "mParameter",
        "type": "LocalVariable"
      },
      "location-after-char-start": 13217,
      "location-after-char-end": 13238,
      "node-str": "mParameter"
    },
    {
      "type": "insert-node",
      "node": {
        "label": "typeName",
        "type": "LocalVariable"
      },
      "location-after-char-start": 13251,
      "location-after-char-end": 13266,
      "node-str": "typeName"
    },
    {
      "type": "insert-node",
      "node": {
        "label": "mPackage",
        "type": "LocalVariable"
      },
      "location-after-char-start": 13279,
      "location-after-char-end": 13296,
      "node-str": "mPackage"
    },
    {
      "type": "insert-node",
      "node": {
        "label": "mClassifier",
        "type": "LocalVariable"
      },
      "location-after-char-start": 13309,
      "location-after-char-end": 13332,
      "node-str": "mClassifier"
    },
    {
      "type": "insert-node",
      "node": {
        "label": "if",
        "type": "If"
      },
      "location-after-char-start": 13347,
      "location-after-char-end": 13839,
      "node-str": "if"
    },
    {
      "type": "insert-node",
      "node": {
        "label": "",
        "type": "For"
      },
      "location-after-char-start": 13854,
      "location-after-char-end": 14374,
      "node-str": ""
    },
    {
      "type": "move-subtree",
      "node": {
        "label": "",
        "type": "Catch"
      },
      "location-before-char-start": 14333,
      "location-before-char-end": 14414,
      "location-after-char-start": 14384,
      "location-after-char-end": 14465,
      "node-str": ""
    },
    {
      "type": "insert-node",
      "node": {
        "label": "org.argouml.uml.reveng.java.Modeller",
        "type": "TypeAccess"
      },
      "location-after-char-start": 0,
      "location-after-char-end": 0,
      "node-str": "org.argouml.uml.reveng.java.Modeller"
    },
    {
      "type": "insert-node",
      "node": {
        "label": "mOperation",
        "type": "VariableRead"
      },
      "location-after-char-start": 14922,
      "location-after-char-end": 14931,
      "node-str": "mOperation"
    },
    {
      "type": "insert-node",
      "node": {
        "label": "javadoc",
        "type": "VariableRead"
      },
      "location-after-char-start": 14934,
      "location-after-char-end": 14940,
      "node-str": "javadoc"
    },
    {
      "type": "insert-node",
      "node": {
        "label": "mOperation",
        "type": "VariableRead"
      },
      "location-after-char-start": 14960,
      "location-after-char-end": 14969,
      "node-str": "mOperation"
    },
    {
      "type": "insert-node",
      "node": {
        "label": "java.lang.String",
        "type": "VARIABLE_TYPE"
      },
      "location-after-char-start": 0,
      "location-after-char-end": 0,
      "node-str": "java.lang.String"
    },
    {
      "type": "insert-node",
      "node": {
        "label": "EQ",
        "type": "BinaryOperator"
      },
      "location-after-char-start": 24290,
      "location-after-char-end": 24307,
      "node-str": "EQ"
    },
    {
      "type": "insert-node",
      "node": {
        "label": "THEN",
        "type": "then"
      },
      "location-after-char-start": 24310,
      "location-after-char-end": 24457,
      "node-str": "THEN"
    },
    {
      "type": "insert-node",
      "node": {
        "label": "mOperation",
        "type": "VariableRead"
      },
      "location-after-char-start": 24468,
      "location-after-char-end": 24477,
      "node-str": "mOperation"
    },
    {
      "type": "insert-node",
      "node": {
        "label": "java.lang.String",
        "type": "VARIABLE_TYPE"
      },
      "location-after-char-start": 0,
      "location-after-char-end": 0,
      "node-str": "java.lang.String"
    },
    {
      "type": "insert-node",
      "node": {
        "label": "java.lang.String",
        "type": "VARIABLE_TYPE"
      },
      "location-after-char-start": 0,
      "location-after-char-end": 0,
      "node-str": "java.lang.String"
    },
    {
      "type": "insert-node",
      "node": {
        "label": "MClassifier",
        "type": "VARIABLE_TYPE"
      },
      "location-after-char-start": 0,
      "location-after-char-end": 0,
      "node-str": "MClassifier"
    },
    {
      "type": "move-subtree",
      "node": {
        "label": "AND",
        "type": "BinaryOperator"
      },
      "location-before-char-start": 25500,
      "location-before-char-end": 25628,
      "location-after-char-start": 25564,
      "location-after-char-end": 25692,
      "node-str": "AND"
    },
    {
      "type": "insert-node",
      "node": {
        "label": "THEN",
        "type": "then"
      },
      "location-after-char-start": 25695,
      "location-after-char-end": 25842,
      "node-str": "THEN"
    },
    {
      "type": "insert-node",
      "node": {
        "label": "mAttribute",
        "type": "VariableRead"
      },
      "location-after-char-start": 25853,
      "location-after-char-end": 25862,
      "node-str": "mAttribute"
    },
    {
      "type": "insert-node",
      "node": {
        "label": "MParameter",
        "type": "VARIABLE_TYPE"
      },
      "location-after-char-start": 0,
      "location-after-char-end": 0,
      "node-str": "MParameter"
    },
    {
      "type": "insert-node",
      "node": {
        "label": "java.lang.String",
        "type": "VARIABLE_TYPE"
      },
      "location-after-char-start": 0,
      "location-after-char-end": 0,
      "node-str": "java.lang.String"
    },
    {
      "type": "insert-node",
      "node": {
        "label": "MPackage",
        "type": "VARIABLE_TYPE"
      },
      "location-after-char-start": 0,
      "location-after-char-end": 0,
      "node-str": "MPackage"
    },
    {
      "type": "insert-node",
      "node": {
        "label": "MClassifier",
        "type": "VARIABLE_TYPE"
      },
      "location-after-char-start": 0,
      "location-after-char-end": 0,
      "node-str": "MClassifier"
    },
    {
      "type": "insert-node",
      "node": {
        "label": "EQ",
        "type": "BinaryOperator"
      },
      "location-after-char-start": 13350,
      "location-after-char-end": 13367,
      "node-str": "EQ"
    },
    {
      "type": "move-subtree",
      "node": {
        "label": "THEN",
        "type": "then"
      },
      "location-before-char-start": 13344,
      "location-before-char-end": 13441,
      "location-after-char-start": 13370,
      "location-after-char-end": 13467,
      "node-str": "THEN"
    },
    {
      "type": "insert-node",
      "node": {
        "label": "ELSE",
        "type": "else"
      },
      "location-after-char-start": 13485,
      "location-after-char-end": 13839,
      "node-str": "ELSE"
    },
    {
      "type": "move-subtree",
      "node": {
        "label": "i",
        "type": "LocalVariable"
      },
      "location-before-char-start": 13820,
      "location-before-char-end": 13851,
      "location-after-char-start": 13858,
      "location-after-char-end": 13889,
      "node-str": "i"
    },
    {
      "type": "insert-node",
      "node": {
        "label": "hasNext",
        "type": "Invocation"
      },
      "location-after-char-start": 13892,
      "location-after-char-end": 13902,
      "node-str": "hasNext"
    },
    {
      "type": "move-subtree",
      "node": {
        "label": "parameter",
        "type": "LocalVariable"
      },
      "location-before-char-start": 13880,
      "location-before-char-end": 13915,
      "location-after-char-start": 13918,
      "location-after-char-end": 13953,
      "node-str": "parameter"
    },
    {
      "type": "insert-node",
      "node": {
        "label": "\u003d",
        "type": "Assignment"
      },
      "location-after-char-start": 13964,
      "location-after-char-end": 14010,
      "node-str": "\u003d"
    },
    {
      "type": "move-subtree",
      "node": {
        "label": "setName",
        "type": "Invocation"
      },
      "location-before-char-start": 13970,
      "location-before-char-end": 14020,
      "location-after-char-start": 14021,
      "location-after-char-end": 14071,
      "node-str": "setName"
    },
    {
      "type": "insert-node",
      "node": {
        "label": "setKind",
        "type": "Invocation"
      },
      "location-after-char-start": 14082,
      "location-after-char-end": 14128,
      "node-str": "setKind"
    },
    {
      "type": "insert-node",
      "node": {
        "label": "addParameter",
        "type": "Invocation"
      },
      "location-after-char-start": 14139,
      "location-after-char-end": 14174,
      "node-str": "addParameter"
    },
    {
      "type": "move-subtree",
      "node": {
        "label": "\u003d",
        "type": "Assignment"
      },
      "location-before-char-start": 14136,
      "location-before-char-end": 14177,
      "location-after-char-start": 14187,
      "location-after-char-end": 14228,
      "node-str": "\u003d"
    },
    {
      "type": "move-subtree",
      "node": {
        "label": "\u003d",
        "type": "Assignment"
      },
      "location-before-char-start": 14188,
      "location-before-char-end": 14268,
      "location-after-char-start": 14239,
      "location-after-char-end": 14319,
      "node-str": "\u003d"
    },
    {
      "type": "insert-node",
      "node": {
        "label": "setType",
        "type": "Invocation"
      },
      "location-after-char-start": 14330,
      "location-after-char-end": 14361,
      "node-str": "setType"
    },
    {
      "type": "insert-node",
      "node": {
        "label": "mOperation",
        "type": "VariableRead"
      },
      "location-after-char-start": 24290,
      "location-after-char-end": 24299,
      "node-str": "mOperation"
    },
    {
      "type": "insert-node",
      "node": {
        "label": "null",
        "type": "Literal"
      },
      "location-after-char-start": 24304,
      "location-after-char-end": 24307,
      "node-str": "null"
    },
    {
      "type": "insert-node",
      "node": {
        "label": "\u003d",
        "type": "Assignment"
      },
      "location-after-char-start": 24318,
      "location-after-char-end": 24364,
      "node-str": "\u003d"
    },
    {
      "type": "insert-node",
      "node": {
        "label": "setName",
        "type": "Invocation"
      },
      "location-after-char-start": 24372,
      "location-after-char-end": 24396,
      "node-str": "setName"
    },
    {
      "type": "move-subtree",
      "node": {
        "label": "addFeature",
        "type": "Invocation"
      },
      "location-before-char-start": 24340,
      "location-before-char-end": 24389,
      "location-after-char-start": 24404,
      "location-after-char-end": 24453,
      "node-str": "addFeature"
    },
    {
      "type": "insert-node",
      "node": {
        "label": "\u003d",
        "type": "Assignment"
      },
      "location-after-char-start": 25703,
      "location-after-char-end": 25749,
      "node-str": "\u003d"
    },
    {
      "type": "insert-node",
      "node": {
        "label": "setName",
        "type": "Invocation"
      },
      "location-after-char-start": 25757,
      "location-after-char-end": 25781,
      "node-str": "setName"
    },
    {
      "type": "move-subtree",
      "node": {
        "label": "addFeature",
        "type": "Invocation"
      },
      "location-before-char-start": 25712,
      "location-before-char-end": 25761,
      "location-after-char-start": 25789,
      "location-after-char-end": 25838,
      "node-str": "addFeature"
    },
    {
      "type": "insert-node",
      "node": {
        "label": "returnType",
        "type": "VariableRead"
      },
      "location-after-char-start": 13350,
      "location-after-char-end": 13359,
      "node-str": "returnType"
    },
    {
      "type": "insert-node",
      "node": {
        "label": "null",
        "type": "Literal"
      },
      "location-after-char-start": 13364,
      "location-after-char-end": 13367,
      "node-str": "null"
    },
    {
      "type": "insert-node",
      "node": {
        "label": "\u003d",
        "type": "Assignment"
      },
      "location-after-char-start": 13495,
      "location-after-char-end": 13541,
      "node-str": "\u003d"
    },
    {
      "type": "insert-node",
      "node": {
        "label": "setName",
        "type": "Invocation"
      },
      "location-after-char-start": 13552,
      "location-after-char-end": 13580,
      "node-str": "setName"
    },
    {
      "type": "insert-node",
      "node": {
        "label": "setKind",
        "type": "Invocation"
      },
      "location-after-char-start": 13591,
      "location-after-char-end": 13641,
      "node-str": "setKind"
    },
    {
      "type": "insert-node",
      "node": {
        "label": "addParameter",
        "type": "Invocation"
      },
      "location-after-char-start": 13652,
      "location-after-char-end": 13687,
      "node-str": "addParameter"
    },
    {
      "type": "move-subtree",
      "node": {
        "label": "\u003d",
        "type": "Assignment"
      },
      "location-before-char-start": 13662,
      "location-before-char-end": 13746,
      "location-after-char-start": 13700,
      "location-after-char-end": 13784,
      "node-str": "\u003d"
    },
    {
      "type": "insert-node",
      "node": {
        "label": "setType",
        "type": "Invocation"
      },
      "location-after-char-start": 13795,
      "location-after-char-end": 13826,
      "node-str": "setType"
    },
    {
      "type": "insert-node",
      "node": {
        "label": "i",
        "type": "VariableRead"
      },
      "location-after-char-start": 13892,
      "location-after-char-end": 13892,
      "node-str": "i"
    },
    {
      "type": "insert-node",
      "node": {
        "label": "mParameter",
        "type": "VariableWrite"
      },
      "location-after-char-start": 13964,
      "location-after-char-end": 13973,
      "node-str": "mParameter"
    },
    {
      "type": "insert-node",
      "node": {
        "label": "buildParameter",
        "type": "Invocation"
      },
      "location-after-char-start": 13977,
      "location-after-char-end": 14009,
      "node-str": "buildParameter"
    },
    {
      "type": "insert-node",
      "node": {
        "label": "mParameter",
        "type": "VariableRead"
      },
      "location-after-char-start": 14082,
      "location-after-char-end": 14091,
      "node-str": "mParameter"
    },
    {
      "type": "insert-node",
      "node": {
        "label": "MParameterDirectionKind.IN",
        "type": "TypeAccess"
      },
      "location-after-char-start": 14101,
      "location-after-char-end": 14126,
      "node-str": "MParameterDirectionKind.IN"
    },
    {
      "type": "insert-node",
      "node": {
        "label": "mOperation",
        "type": "VariableRead"
      },
      "location-after-char-start": 14139,
      "location-after-char-end": 14148,
      "node-str": "mOperation"
    },
    {
      "type": "insert-node",
      "node": {
        "label": "mParameter",
        "type": "VariableRead"
      },
      "location-after-char-start": 14163,
      "location-after-char-end": 14172,
      "node-str": "mParameter"
    },
    {
      "type": "insert-node",
      "node": {
        "label": "mParameter",
        "type": "VariableRead"
      },
      "location-after-char-start": 14330,
      "location-after-char-end": 14339,
      "node-str": "mParameter"
    },
    {
      "type": "insert-node",
      "node": {
        "label": "mClassifier",
        "type": "VariableRead"
      },
      "location-after-char-start": 14349,
      "location-after-char-end": 14359,
      "node-str": "mClassifier"
    },
    {
      "type": "insert-node",
      "node": {
        "label": "mOperation",
        "type": "VariableWrite"
      },
      "location-after-char-start": 24318,
      "location-after-char-end": 24327,
      "node-str": "mOperation"
    },
    {
      "type": "insert-node",
      "node": {
        "label": "buildOperation",
        "type": "Invocation"
      },
      "location-after-char-start": 24331,
      "location-after-char-end": 24363,
      "node-str": "buildOperation"
    },
    {
      "type": "insert-node",
      "node": {
        "label": "mOperation",
        "type": "VariableRead"
      },
      "location-after-char-start": 24372,
      "location-after-char-end": 24381,
      "node-str": "mOperation"
    },
    {
      "type": "insert-node",
      "node": {
        "label": "name",
        "type": "VariableRead"
      },
      "location-after-char-start": 24391,
      "location-after-char-end": 24394,
      "node-str": "name"
    },
    {
      "type": "insert-node",
      "node": {
        "label": "mAttribute",
        "type": "VariableWrite"
      },
      "location-after-char-start": 25703,
      "location-after-char-end": 25712,
      "node-str": "mAttribute"
    },
    {
      "type": "insert-node",
      "node": {
        "label": "buildAttribute",
        "type": "Invocation"
      },
      "location-after-char-start": 25716,
      "location-after-char-end": 25748,
      "node-str": "buildAttribute"
    },
    {
      "type": "insert-node",
      "node": {
        "label": "mAttribute",
        "type": "VariableRead"
      },
      "location-after-char-start": 25757,
      "location-after-char-end": 25766,
      "node-str": "mAttribute"
    },
    {
      "type": "insert-node",
      "node": {
        "label": "name",
        "type": "VariableRead"
      },
      "location-after-char-start": 25776,
      "location-after-char-end": 25779,
      "node-str": "name"
    },
    {
      "type": "insert-node",
      "node": {
        "label": "mParameter",
        "type": "VariableWrite"
      },
      "location-after-char-start": 13495,
      "location-after-char-end": 13504,
      "node-str": "mParameter"
    },
    {
      "type": "insert-node",
      "node": {
        "label": "buildParameter",
        "type": "Invocation"
      },
      "location-after-char-start": 13508,
      "location-after-char-end": 13540,
      "node-str": "buildParameter"
    },
    {
      "type": "insert-node",
      "node": {
        "label": "mParameter",
        "type": "VariableRead"
      },
      "location-after-char-start": 13552,
      "location-after-char-end": 13561,
      "node-str": "mParameter"
    },
    {
      "type": "insert-node",
      "node": {
        "label": "\"return\"",
        "type": "Literal"
      },
      "location-after-char-start": 13571,
      "location-after-char-end": 13578,
      "node-str": "\"return\""
    },
    {
      "type": "insert-node",
      "node": {
        "label": "mParameter",
        "type": "VariableRead"
      },
      "location-after-char-start": 13591,
      "location-after-char-end": 13600,
      "node-str": "mParameter"
    },
    {
      "type": "insert-node",
      "node": {
        "label": "MParameterDirectionKind.RETURN",
        "type": "TypeAccess"
      },
      "location-after-char-start": 13610,
      "location-after-char-end": 13639,
      "node-str": "MParameterDirectionKind.RETURN"
    },
    {
      "type": "insert-node",
      "node": {
        "label": "mOperation",
        "type": "VariableRead"
      },
      "location-after-char-start": 13652,
      "location-after-char-end": 13661,
      "node-str": "mOperation"
    },
    {
      "type": "insert-node",
      "node": {
        "label": "mParameter",
        "type": "VariableRead"
      },
      "location-after-char-start": 13676,
      "location-after-char-end": 13685,
      "node-str": "mParameter"
    },
    {
      "type": "insert-node",
      "node": {
        "label": "mParameter",
        "type": "VariableRead"
      },
      "location-after-char-start": 13795,
      "location-after-char-end": 13804,
      "node-str": "mParameter"
    },
    {
      "type": "insert-node",
      "node": {
        "label": "mClassifier",
        "type": "VariableRead"
      },
      "location-after-char-start": 13814,
      "location-after-char-end": 13824,
      "node-str": "mClassifier"
    },
    {
      "type": "insert-node",
      "node": {
        "label": "MMUtil.SINGLETON",
        "type": "TypeAccess"
      },
      "location-after-char-start": 13977,
      "location-after-char-end": 13992,
      "node-str": "MMUtil.SINGLETON"
    },
    {
      "type": "insert-node",
      "node": {
        "label": "MMUtil.SINGLETON",
        "type": "TypeAccess"
      },
      "location-after-char-start": 24331,
      "location-after-char-end": 24346,
      "node-str": "MMUtil.SINGLETON"
    },
    {
      "type": "insert-node",
      "node": {
        "label": "MMUtil.SINGLETON",
        "type": "TypeAccess"
      },
      "location-after-char-start": 25716,
      "location-after-char-end": 25731,
      "node-str": "MMUtil.SINGLETON"
    },
    {
      "type": "insert-node",
      "node": {
        "label": "MMUtil.SINGLETON",
        "type": "TypeAccess"
      },
      "location-after-char-start": 13508,
      "location-after-char-end": 13523,
      "node-str": "MMUtil.SINGLETON"
    },
    {
      "type": "delete-node",
      "node": {
        "label": "public",
        "type": "Modifier"
      },
      "location-before-char-start": 0,
      "location-before-char-end": 0,
      "node-str": "public"
    },
    {
      "type": "delete-node",
      "node": {
        "label": "org.argouml.uml.reveng.java.MModel",
        "type": "VARIABLE_TYPE"
      },
      "location-before-char-start": 0,
      "location-before-char-end": 0,
      "node-str": "org.argouml.uml.reveng.java.MModel"
    },
    {
      "type": "delete-node",
      "node": {
        "label": "model",
        "type": "Field"
      },
      "location-before-char-start": 1624,
      "location-before-char-end": 1679,
      "node-str": "model"
    },
    {
      "type": "delete-node",
      "node": {
        "label": "org.argouml.uml.reveng.java.DiagramInterface",
        "type": "VARIABLE_TYPE"
      },
      "location-before-char-start": 0,
      "location-before-char-end": 0,
      "node-str": "org.argouml.uml.reveng.java.DiagramInterface"
    },
    {
      "type": "delete-node",
      "node": {
        "label": "_diagram",
        "type": "Field"
      },
      "location-before-char-start": 1688,
      "location-before-char-end": 1721,
      "node-str": "_diagram"
    },
    {
      "type": "delete-node",
      "node": {
        "label": "org.argouml.uml.reveng.java.MPackage",
        "type": "VARIABLE_TYPE"
      },
      "location-before-char-start": 0,
      "location-before-char-end": 0,
      "node-str": "org.argouml.uml.reveng.java.MPackage"
    },
    {
      "type": "delete-node",
      "node": {
        "label": "currentPackage",
        "type": "Field"
      },
      "location-before-char-start": 1730,
      "location-before-char-end": 1825,
      "node-str": "currentPackage"
    },
    {
      "type": "delete-node",
      "node": {
        "label": "org.argouml.uml.reveng.java.ParseState",
        "type": "VARIABLE_TYPE"
      },
      "location-before-char-start": 0,
      "location-before-char-end": 0,
      "node-str": "org.argouml.uml.reveng.java.ParseState"
    },
    {
      "type": "delete-node",
      "node": {
        "label": "parseState",
        "type": "Field"
      },
      "location-before-char-start": 1834,
      "location-before-char-end": 1918,
      "node-str": "parseState"
    },
    {
      "type": "delete-node",
      "node": {
        "label": "java.util.Stack",
        "type": "VARIABLE_TYPE"
      },
      "location-before-char-start": 0,
      "location-before-char-end": 0,
      "node-str": "java.util.Stack"
    },
    {
      "type": "delete-node",
      "node": {
        "label": "parseStateStack",
        "type": "Field"
      },
      "location-before-char-start": 1927,
      "location-before-char-end": 2018,
      "node-str": "parseStateStack"
    },
    {
      "type": "delete-node",
      "node": {
        "label": "boolean",
        "type": "VARIABLE_TYPE"
      },
      "location-before-char-start": 0,
      "location-before-char-end": 0,
      "node-str": "boolean"
    },
    {
      "type": "delete-node",
      "node": {
        "label": "noAssociations",
        "type": "Field"
      },
      "location-before-char-start": 2027,
      "location-before-char-end": 2104,
      "node-str": "noAssociations"
    },
    {
      "type": "delete-node",
      "node": {
        "label": "boolean",
        "type": "VARIABLE_TYPE"
      },
      "location-before-char-start": 0,
      "location-before-char-end": 0,
      "node-str": "boolean"
    },
    {
      "type": "delete-node",
      "node": {
        "label": "arraysAsDatatype",
        "type": "Field"
      },
      "location-before-char-start": 2113,
      "location-before-char-end": 2202,
      "node-str": "arraysAsDatatype"
    },
    {
      "type": "delete-node",
      "node": {
        "label": "java.lang.Exception",
        "type": "VARIABLE_TYPE"
      },
      "location-before-char-start": 0,
      "location-before-char-end": 0,
      "node-str": "java.lang.Exception"
    },
    {
      "type": "delete-node",
      "node": {
        "label": "_exception",
        "type": "Field"
      },
      "location-before-char-start": 2211,
      "location-before-char-end": 2332,
      "node-str": "_exception"
    },
    {
      "type": "delete-node",
      "node": {
        "label": "org.argouml.uml.reveng.java.MOperation",
        "type": "RETURN_TYPE"
      },
      "location-before-char-start": 0,
      "location-before-char-end": 0,
      "node-str": "org.argouml.uml.reveng.java.MOperation"
    },
    {
      "type": "delete-node",
      "node": {
        "label": "public",
        "type": "Modifier"
      },
      "location-before-char-start": 0,
      "location-before-char-end": 0,
      "node-str": "public"
    },
    {
      "type": "delete-node",
      "node": {
        "label": "short",
        "type": "VARIABLE_TYPE"
      },
      "location-before-char-start": 0,
      "location-before-char-end": 0,
      "node-str": "short"
    },
    {
      "type": "delete-node",
      "node": {
        "label": "modifiers",
        "type": "Parameter"
      },
      "location-before-char-start": 12104,
      "location-before-char-end": 12118,
      "node-str": "modifiers"
    },
    {
      "type": "delete-node",
      "node": {
        "label": "java.lang.String",
        "type": "VARIABLE_TYPE"
      },
      "location-before-char-start": 0,
      "location-before-char-end": 0,
      "node-str": "java.lang.String"
    },
    {
      "type": "delete-node",
      "node": {
        "label": "returnType",
        "type": "Parameter"
      },
      "location-before-char-start": 12158,
      "location-before-char-end": 12174,
      "node-str": "returnType"
    },
    {
      "type": "delete-node",
      "node": {
        "label": "java.lang.String",
        "type": "VARIABLE_TYPE"
      },
      "location-before-char-start": 0,
      "location-before-char-end": 0,
      "node-str": "java.lang.String"
    },
    {
      "type": "delete-node",
      "node": {
        "label": "name",
        "type": "Parameter"
      },
      "location-before-char-start": 12214,
      "location-before-char-end": 12224,
      "node-str": "name"
    },
    {
      "type": "delete-node",
      "node": {
        "label": "java.util.Vector",
        "type": "VARIABLE_TYPE"
      },
      "location-before-char-start": 0,
      "location-before-char-end": 0,
      "node-str": "java.util.Vector"
    },
    {
      "type": "delete-node",
      "node": {
        "label": "parameters",
        "type": "Parameter"
      },
      "location-before-char-start": 12264,
      "location-before-char-end": 12280,
      "node-str": "parameters"
    },
    {
      "type": "delete-node",
      "node": {
        "label": "java.lang.String",
        "type": "VARIABLE_TYPE"
      },
      "location-before-char-start": 0,
      "location-before-char-end": 0,
      "node-str": "java.lang.String"
    },
    {
      "type": "delete-node",
      "node": {
        "label": "javadoc",
        "type": "Parameter"
      },
      "location-before-char-start": 12320,
      "location-before-char-end": 12333,
      "node-str": "javadoc"
    },
    {
      "type": "delete-node",
      "node": {
        "label": "mOperation",
        "type": "VariableRead"
      },
      "location-before-char-start": 12586,
      "location-before-char-end": 12595,
      "node-str": "mOperation"
    },
    {
      "type": "delete-node",
      "node": {
        "label": "false",
        "type": "Literal"
      },
      "location-before-char-start": 12605,
      "location-before-char-end": 12609,
      "node-str": "false"
    },
    {
      "type": "delete-node",
      "node": {
        "label": "setRoot",
        "type": "Invocation"
      },
      "location-before-char-start": 12586,
      "location-before-char-end": 12611,
      "node-str": "setRoot"
    },
    {
      "type": "delete-node",
      "node": {
        "label": "org.argouml.uml.reveng.java.Modeller",
        "type": "TypeAccess"
      },
      "location-before-char-start": 0,
      "location-before-char-end": 0,
      "node-str": "org.argouml.uml.reveng.java.Modeller"
    },
    {
      "type": "delete-node",
      "node": {
        "label": "mOperation",
        "type": "VariableRead"
      },
      "location-before-char-start": 12629,
      "location-before-char-end": 12638,
      "node-str": "mOperation"
    },
    {
      "type": "delete-node",
      "node": {
        "label": "modifiers",
        "type": "VariableRead"
      },
      "location-before-char-start": 12641,
      "location-before-char-end": 12649,
      "node-str": "modifiers"
    },
    {
      "type": "delete-node",
      "node": {
        "label": "setScope",
        "type": "Invocation"
      },
      "location-before-char-start": 12620,
      "location-before-char-end": 12651,
      "node-str": "setScope"
    },
    {
      "type": "delete-node",
      "node": {
        "label": "org.argouml.uml.reveng.java.Modeller",
        "type": "TypeAccess"
      },
      "location-before-char-start": 0,
      "location-before-char-end": 0,
      "node-str": "org.argouml.uml.reveng.java.Modeller"
    },
    {
      "type": "delete-node",
      "node": {
        "label": "mOperation",
        "type": "VariableRead"
      },
      "location-before-char-start": 12674,
      "location-before-char-end": 12683,
      "node-str": "mOperation"
    },
    {
      "type": "delete-node",
      "node": {
        "label": "modifiers",
        "type": "VariableRead"
      },
      "location-before-char-start": 12686,
      "location-before-char-end": 12694,
      "node-str": "modifiers"
    },
    {
      "type": "delete-node",
      "node": {
        "label": "setVisibility",
        "type": "Invocation"
      },
      "location-before-char-start": 12660,
      "location-before-char-end": 12696,
      "node-str": "setVisibility"
    },
    {
      "type": "delete-node",
      "node": {
        "label": "MParameter",
        "type": "VARIABLE_TYPE"
      },
      "location-before-char-start": 0,
      "location-before-char-end": 0,
      "node-str": "MParameter"
    },
    {
      "type": "delete-node",
      "node": {
        "label": "mParameter",
        "type": "LocalVariable"
      },
      "location-before-char-start": 13191,
      "location-before-char-end": 13212,
      "node-str": "mParameter"
    },
    {
      "type": "delete-node",
      "node": {
        "label": "java.lang.String",
        "type": "VARIABLE_TYPE"
      },
      "location-before-char-start": 0,
      "location-before-char-end": 0,
      "node-str": "java.lang.String"
    },
    {
      "type": "delete-node",
      "node": {
        "label": "typeName",
        "type": "LocalVariable"
      },
      "location-before-char-start": 13225,
      "location-before-char-end": 13240,
      "node-str": "typeName"
    },
    {
      "type": "delete-node",
      "node": {
        "label": "MPackage",
        "type": "VARIABLE_TYPE"
      },
      "location-before-char-start": 0,
      "location-before-char-end": 0,
      "node-str": "MPackage"
    },
    {
      "type": "delete-node",
      "node": {
        "label": "mPackage",
        "type": "LocalVariable"
      },
      "location-before-char-start": 13253,
      "location-before-char-end": 13270,
      "node-str": "mPackage"
    },
    {
      "type": "delete-node",
      "node": {
        "label": "MClassifier",
        "type": "VARIABLE_TYPE"
      },
      "location-before-char-start": 0,
      "location-before-char-end": 0,
      "node-str": "MClassifier"
    },
    {
      "type": "delete-node",
      "node": {
        "label": "mClassifier",
        "type": "LocalVariable"
      },
      "location-before-char-start": 13283,
      "location-before-char-end": 13306,
      "node-str": "mClassifier"
    },
    {
      "type": "delete-node",
      "node": {
        "label": "returnType",
        "type": "VariableRead"
      },
      "location-before-char-start": 13324,
      "location-before-char-end": 13333,
      "node-str": "returnType"
    },
    {
      "type": "delete-node",
      "node": {
        "label": "null",
        "type": "Literal"
      },
      "location-before-char-start": 13338,
      "location-before-char-end": 13341,
      "node-str": "null"
    },
    {
      "type": "delete-node",
      "node": {
        "label": "EQ",
        "type": "BinaryOperator"
      },
      "location-before-char-start": 13324,
      "location-before-char-end": 13341,
      "node-str": "EQ"
    },
    {
      "type": "delete-node",
      "node": {
        "label": "mParameter",
        "type": "VariableWrite"
      },
      "location-before-char-start": 13470,
      "location-before-char-end": 13479,
      "node-str": "mParameter"
    },
    {
      "type": "delete-node",
      "node": {
        "label": "MParameterImpl()",
        "type": "ConstructorCall"
      },
      "location-before-char-start": 13483,
      "location-before-char-end": 13502,
      "node-str": "MParameterImpl()"
    },
    {
      "type": "delete-node",
      "node": {
        "label": "\u003d",
        "type": "Assignment"
      },
      "location-before-char-start": 13470,
      "location-before-char-end": 13503,
      "node-str": "\u003d"
    },
    {
      "type": "delete-node",
      "node": {
        "label": "mParameter",
        "type": "VariableRead"
      },
      "location-before-char-start": 13514,
      "location-before-char-end": 13523,
      "node-str": "mParameter"
    },
    {
      "type": "delete-node",
      "node": {
        "label": "\"return\"",
        "type": "Literal"
      },
      "location-before-char-start": 13533,
      "location-before-char-end": 13540,
      "node-str": "\"return\""
    },
    {
      "type": "delete-node",
      "node": {
        "label": "setName",
        "type": "Invocation"
      },
      "location-before-char-start": 13514,
      "location-before-char-end": 13542,
      "node-str": "setName"
    },
    {
      "type": "delete-node",
      "node": {
        "label": "mParameter",
        "type": "VariableRead"
      },
      "location-before-char-start": 13553,
      "location-before-char-end": 13562,
      "node-str": "mParameter"
    },
    {
      "type": "delete-node",
      "node": {
        "label": "MParameterDirectionKind.RETURN",
        "type": "TypeAccess"
      },
      "location-before-char-start": 13572,
      "location-before-char-end": 13601,
      "node-str": "MParameterDirectionKind.RETURN"
    },
    {
      "type": "delete-node",
      "node": {
        "label": "setKind",
        "type": "Invocation"
      },
      "location-before-char-start": 13553,
      "location-before-char-end": 13603,
      "node-str": "setKind"
    },
    {
      "type": "delete-node",
      "node": {
        "label": "mOperation",
        "type": "VariableRead"
      },
      "location-before-char-start": 13614,
      "location-before-char-end": 13623,
      "node-str": "mOperation"
    },
    {
      "type": "delete-node",
      "node": {
        "label": "mParameter",
        "type": "VariableRead"
      },
      "location-before-char-start": 13638,
      "location-before-char-end": 13647,
      "node-str": "mParameter"
    },
    {
      "type": "delete-node",
      "node": {
        "label": "addParameter",
        "type": "Invocation"
      },
      "location-before-char-start": 13614,
      "location-before-char-end": 13649,
      "node-str": "addParameter"
    },
    {
      "type": "delete-node",
      "node": {
        "label": "mParameter",
        "type": "VariableRead"
      },
      "location-before-char-start": 13757,
      "location-before-char-end": 13766,
      "node-str": "mParameter"
    },
    {
      "type": "delete-node",
      "node": {
        "label": "mClassifier",
        "type": "VariableRead"
      },
      "location-before-char-start": 13776,
      "location-before-char-end": 13786,
      "node-str": "mClassifier"
    },
    {
      "type": "delete-node",
      "node": {
        "label": "setType",
        "type": "Invocation"
      },
      "location-before-char-start": 13757,
      "location-before-char-end": 13788,
      "node-str": "setType"
    },
    {
      "type": "delete-node",
      "node": {
        "label": "ELSE",
        "type": "else"
      },
      "location-before-char-start": 13459,
      "location-before-char-end": 13801,
      "node-str": "ELSE"
    },
    {
      "type": "delete-node",
      "node": {
        "label": "if",
        "type": "If"
      },
      "location-before-char-start": 13321,
      "location-before-char-end": 13801,
      "node-str": "if"
    },
    {
      "type": "delete-node",
      "node": {
        "label": "i",
        "type": "VariableRead"
      },
      "location-before-char-start": 13854,
      "location-before-char-end": 13854,
      "node-str": "i"
    },
    {
      "type": "delete-node",
      "node": {
        "label": "hasNext",
        "type": "Invocation"
      },
      "location-before-char-start": 13854,
      "location-before-char-end": 13864,
      "node-str": "hasNext"
    },
    {
      "type": "delete-node",
      "node": {
        "label": "mParameter",
        "type": "VariableWrite"
      },
      "location-before-char-start": 13926,
      "location-before-char-end": 13935,
      "node-str": "mParameter"
    },
    {
      "type": "delete-node",
      "node": {
        "label": "MParameterImpl()",
        "type": "ConstructorCall"
      },
      "location-before-char-start": 13939,
      "location-before-char-end": 13958,
      "node-str": "MParameterImpl()"
    },
    {
      "type": "delete-node",
      "node": {
        "label": "\u003d",
        "type": "Assignment"
      },
      "location-before-char-start": 13926,
      "location-before-char-end": 13959,
      "node-str": "\u003d"
    },
    {
      "type": "delete-node",
      "node": {
        "label": "mParameter",
        "type": "VariableRead"
      },
      "location-before-char-start": 14031,
      "location-before-char-end": 14040,
      "node-str": "mParameter"
    },
    {
      "type": "delete-node",
      "node": {
        "label": "MParameterDirectionKind.IN",
        "type": "TypeAccess"
      },
      "location-before-char-start": 14050,
      "location-before-char-end": 14075,
      "node-str": "MParameterDirectionKind.IN"
    },
    {
      "type": "delete-node",
      "node": {
        "label": "setKind",
        "type": "Invocation"
      },
      "location-before-char-start": 14031,
      "location-before-char-end": 14077,
      "node-str": "setKind"
    },
    {
      "type": "delete-node",
      "node": {
        "label": "mOperation",
        "type": "VariableRead"
      },
      "location-before-char-start": 14088,
      "location-before-char-end": 14097,
      "node-str": "mOperation"
    },
    {
      "type": "delete-node",
      "node": {
        "label": "mParameter",
        "type": "VariableRead"
      },
      "location-before-char-start": 14112,
      "location-before-char-end": 14121,
      "node-str": "mParameter"
    },
    {
      "type": "delete-node",
      "node": {
        "label": "addParameter",
        "type": "Invocation"
      },
      "location-before-char-start": 14088,
      "location-before-char-end": 14123,
      "node-str": "addParameter"
    },
    {
      "type": "delete-node",
      "node": {
        "label": "mParameter",
        "type": "VariableRead"
      },
      "location-before-char-start": 14279,
      "location-before-char-end": 14288,
      "node-str": "mParameter"
    },
    {
      "type": "delete-node",
      "node": {
        "label": "mClassifier",
        "type": "VariableRead"
      },
      "location-before-char-start": 14298,
      "location-before-char-end": 14308,
      "node-str": "mClassifier"
    },
    {
      "type": "delete-node",
      "node": {
        "label": "setType",
        "type": "Invocation"
      },
      "location-before-char-start": 14279,
      "location-before-char-end": 14310,
      "node-str": "setType"
    },
    {
      "type": "delete-node",
      "node": {
        "label": "",
        "type": "For"
      },
      "location-before-char-start": 13816,
      "location-before-char-end": 14323,
      "node-str": ""
    },
    {
      "type": "delete-node",
      "node": {
        "label": "",
        "type": "Try"
      },
      "location-before-char-start": 13174,
      "location-before-char-end": 14414,
      "node-str": ""
    },
    {
      "type": "delete-node",
      "node": {
        "label": "org.argouml.uml.reveng.java.Modeller",
        "type": "TypeAccess"
      },
      "location-before-char-start": 0,
      "location-before-char-end": 0,
      "node-str": "org.argouml.uml.reveng.java.Modeller"
    },
    {
      "type": "delete-node",
      "node": {
        "label": "mOperation",
        "type": "VariableRead"
      },
      "location-before-char-start": 14871,
      "location-before-char-end": 14880,
      "node-str": "mOperation"
    },
    {
      "type": "delete-node",
      "node": {
        "label": "javadoc",
        "type": "VariableRead"
      },
      "location-before-char-start": 14883,
      "location-before-char-end": 14889,
      "node-str": "javadoc"
    },
    {
      "type": "delete-node",
      "node": {
        "label": "addDocumentationTag",
        "type": "Invocation"
      },
      "location-before-char-start": 14850,
      "location-before-char-end": 14891,
      "node-str": "addDocumentationTag"
    },
    {
      "type": "delete-node",
      "node": {
        "label": "mOperation",
        "type": "VariableRead"
      },
      "location-before-char-start": 14909,
      "location-before-char-end": 14918,
      "node-str": "mOperation"
    },
    {
      "type": "delete-node",
      "node": {
        "label": "return",
        "type": "Return"
      },
      "location-before-char-start": 14902,
      "location-before-char-end": 14919,
      "node-str": "return"
    },
    {
      "type": "delete-node",
      "node": {
        "label": "addOperation",
        "type": "Method"
      },
      "location-before-char-start": 11615,
      "location-before-char-end": 14926,
      "node-str": "addOperation"
    },
    {
      "type": "delete-node",
      "node": {
        "label": "org.argouml.uml.reveng.java.MOperation",
        "type": "RETURN_TYPE"
      },
      "location-before-char-start": 0,
      "location-before-char-end": 0,
      "node-str": "org.argouml.uml.reveng.java.MOperation"
    },
    {
      "type": "delete-node",
      "node": {
        "label": "java.lang.String",
        "type": "VARIABLE_TYPE"
      },
      "location-before-char-start": 0,
      "location-before-char-end": 0,
      "node-str": "java.lang.String"
    },
    {
      "type": "delete-node",
      "node": {
        "label": "name",
        "type": "Parameter"
      },
      "location-before-char-start": 24143,
      "location-before-char-end": 24153,
      "node-str": "name"
    },
    {
      "type": "delete-node",
      "node": {
        "label": "mOperation",
        "type": "VariableRead"
      },
      "location-before-char-start": 24239,
      "location-before-char-end": 24248,
      "node-str": "mOperation"
    },
    {
      "type": "delete-node",
      "node": {
        "label": "null",
        "type": "Literal"
      },
      "location-before-char-start": 24253,
      "location-before-char-end": 24256,
      "node-str": "null"
    },
    {
      "type": "delete-node",
      "node": {
        "label": "EQ",
        "type": "BinaryOperator"
      },
      "location-before-char-start": 24239,
      "location-before-char-end": 24256,
      "node-str": "EQ"
    },
    {
      "type": "delete-node",
      "node": {
        "label": "mOperation",
        "type": "VariableWrite"
      },
      "location-before-char-start": 24267,
      "location-before-char-end": 24276,
      "node-str": "mOperation"
    },
    {
      "type": "delete-node",
      "node": {
        "label": "MOperationImpl()",
        "type": "ConstructorCall"
      },
      "location-before-char-start": 24280,
      "location-before-char-end": 24299,
      "node-str": "MOperationImpl()"
    },
    {
      "type": "delete-node",
      "node": {
        "label": "\u003d",
        "type": "Assignment"
      },
      "location-before-char-start": 24267,
      "location-before-char-end": 24300,
      "node-str": "\u003d"
    },
    {
      "type": "delete-node",
      "node": {
        "label": "mOperation",
        "type": "VariableRead"
      },
      "location-before-char-start": 24308,
      "location-before-char-end": 24317,
      "node-str": "mOperation"
    },
    {
      "type": "delete-node",
      "node": {
        "label": "name",
        "type": "VariableRead"
      },
      "location-before-char-start": 24327,
      "location-before-char-end": 24330,
      "node-str": "name"
    },
    {
      "type": "delete-node",
      "node": {
        "label": "setName",
        "type": "Invocation"
      },
      "location-before-char-start": 24308,
      "location-before-char-end": 24332,
      "node-str": "setName"
    },
    {
      "type": "delete-node",
      "node": {
        "label": "THEN",
        "type": "then"
      },
      "location-before-char-start": 24259,
      "location-before-char-end": 24393,
      "node-str": "THEN"
    },
    {
      "type": "delete-node",
      "node": {
        "label": "if",
        "type": "If"
      },
      "location-before-char-start": 24236,
      "location-before-char-end": 24393,
      "node-str": "if"
    },
    {
      "type": "delete-node",
      "node": {
        "label": "mOperation",
        "type": "VariableRead"
      },
      "location-before-char-start": 24404,
      "location-before-char-end": 24413,
      "node-str": "mOperation"
    },
    {
      "type": "delete-node",
      "node": {
        "label": "return",
        "type": "Return"
      },
      "location-before-char-start": 24397,
      "location-before-char-end": 24414,
      "node-str": "return"
    },
    {
      "type": "delete-node",
      "node": {
        "label": "getOperation",
        "type": "Method"
      },
      "location-before-char-start": 23888,
      "location-before-char-end": 24421,
      "node-str": "getOperation"
    },
    {
      "type": "delete-node",
      "node": {
        "label": "org.argouml.uml.reveng.java.MAttribute",
        "type": "RETURN_TYPE"
      },
      "location-before-char-start": 0,
      "location-before-char-end": 0,
      "node-str": "org.argouml.uml.reveng.java.MAttribute"
    },
    {
      "type": "delete-node",
      "node": {
        "label": "java.lang.String",
        "type": "VARIABLE_TYPE"
      },
      "location-before-char-start": 0,
      "location-before-char-end": 0,
      "node-str": "java.lang.String"
    },
    {
      "type": "delete-node",
      "node": {
        "label": "name",
        "type": "Parameter"
      },
      "location-before-char-start": 25343,
      "location-before-char-end": 25353,
      "node-str": "name"
    },
    {
      "type": "delete-node",
      "node": {
        "label": "java.lang.String",
        "type": "VARIABLE_TYPE"
      },
      "location-before-char-start": 0,
      "location-before-char-end": 0,
      "node-str": "java.lang.String"
    },
    {
      "type": "delete-node",
      "node": {
        "label": "initializer",
        "type": "Parameter"
      },
      "location-before-char-start": 25365,
      "location-before-char-end": 25382,
      "node-str": "initializer"
    },
    {
      "type": "delete-node",
      "node": {
        "label": "MClassifier",
        "type": "VARIABLE_TYPE"
      },
      "location-before-char-start": 0,
      "location-before-char-end": 0,
      "node-str": "MClassifier"
    },
    {
      "type": "delete-node",
      "node": {
        "label": "mClassifier",
        "type": "Parameter"
      },
      "location-before-char-start": 25394,
      "location-before-char-end": 25416,
      "node-str": "mClassifier"
    },
    {
      "type": "delete-node",
      "node": {
        "label": "mAttribute",
        "type": "VariableWrite"
      },
      "location-before-char-start": 25639,
      "location-before-char-end": 25648,
      "node-str": "mAttribute"
    },
    {
      "type": "delete-node",
      "node": {
        "label": "MAttributeImpl()",
        "type": "ConstructorCall"
      },
      "location-before-char-start": 25652,
      "location-before-char-end": 25671,
      "node-str": "MAttributeImpl()"
    },
    {
      "type": "delete-node",
      "node": {
        "label": "\u003d",
        "type": "Assignment"
      },
      "location-before-char-start": 25639,
      "location-before-char-end": 25672,
      "node-str": "\u003d"
    },
    {
      "type": "delete-node",
      "node": {
        "label": "mAttribute",
        "type": "VariableRead"
      },
      "location-before-char-start": 25680,
      "location-before-char-end": 25689,
      "node-str": "mAttribute"
    },
    {
      "type": "delete-node",
      "node": {
        "label": "name",
        "type": "VariableRead"
      },
      "location-before-char-start": 25699,
      "location-before-char-end": 25702,
      "node-str": "name"
    },
    {
      "type": "delete-node",
      "node": {
        "label": "setName",
        "type": "Invocation"
      },
      "location-before-char-start": 25680,
      "location-before-char-end": 25704,
      "node-str": "setName"
    },
    {
      "type": "delete-node",
      "node": {
        "label": "THEN",
        "type": "then"
      },
      "location-before-char-start": 25631,
      "location-before-char-end": 25765,
      "node-str": "THEN"
    },
    {
      "type": "delete-node",
      "node": {
        "label": "if",
        "type": "If"
      },
      "location-before-char-start": 25497,
      "location-before-char-end": 25765,
      "node-str": "if"
    },
    {
      "type": "delete-node",
      "node": {
        "label": "mAttribute",
        "type": "VariableRead"
      },
      "location-before-char-start": 25776,
      "location-before-char-end": 25785,
      "node-str": "mAttribute"
    },
    {
      "type": "delete-node",
      "node": {
        "label": "return",
        "type": "Return"
      },
      "location-before-char-start": 25769,
      "location-before-char-end": 25786,
      "node-str": "return"
    },
    {
      "type": "delete-node",
      "node": {
        "label": "getAttribute",
        "type": "Method"
      },
      "location-before-char-start": 24930,
      "location-before-char-end": 25793,
      "node-str": "getAttribute"
    },
    {
      "type": "delete-node",
      "node": {
        "label": "Modeller",
        "type": "Class"
      },
      "location-before-char-start": 1251,
      "location-before-char-end": 39728,
      "node-str": "Modeller"
    }
  ],
  "before-file": {},
  "after-file": {},
  "mapping": {}
}