{
  "tool-info": {},
  "diff": [
    {
      "type": "insert-node",
      "node": {
        "label": "public",
        "type": "Modifier"
      },
      "location-after-char-start": 0,
      "location-after-char-end": 0,
      "node-str": "public"
    },
    {
      "type": "insert-node",
      "node": {
        "label": "",
        "type": "TypeReference"
      },
      "location-after-char-start": 1727,
      "location-after-char-end": 1745,
      "node-str": ""
    },
    {
      "type": "insert-node",
      "node": {
        "label": "container",
        "type": "Field"
      },
      "location-after-char-start": 1752,
      "location-after-char-end": 1931,
      "node-str": "container"
    },
    {
      "type": "insert-node",
      "node": {
        "label": "getContainer",
        "type": "Method"
      },
      "location-after-char-start": 2263,
      "location-after-char-end": 2327,
      "node-str": "getContainer"
    },
    {
      "type": "insert-node",
      "node": {
        "label": "invoke",
        "type": "Method"
      },
      "location-after-char-start": 3895,
      "location-after-char-end": 6927,
      "node-str": "invoke"
    },
    {
      "type": "insert-node",
      "node": {
        "label": "org.jboss.ejb.plugins.AbstractInterceptor",
        "type": "SUPER_TYPE"
      },
      "location-after-char-start": 0,
      "location-after-char-end": 0,
      "node-str": "org.jboss.ejb.plugins.AbstractInterceptor"
    },
    {
      "type": "insert-node",
      "node": {
        "label": "org.jboss.ejb.EntityContainer",
        "type": "VARIABLE_TYPE"
      },
      "location-after-char-start": 0,
      "location-after-char-end": 0,
      "node-str": "org.jboss.ejb.EntityContainer"
    },
    {
      "type": "insert-node",
      "node": {
        "label": "protected",
        "type": "Modifier"
      },
      "location-after-char-start": 0,
      "location-after-char-end": 0,
      "node-str": "protected"
    },
    {
      "type": "insert-node",
      "node": {
        "label": "org.jboss.ejb.Container",
        "type": "RETURN_TYPE"
      },
      "location-after-char-start": 0,
      "location-after-char-end": 0,
      "node-str": "org.jboss.ejb.Container"
    },
    {
      "type": "insert-node",
      "node": {
        "label": "public",
        "type": "Modifier"
      },
      "location-after-char-start": 0,
      "location-after-char-end": 0,
      "node-str": "public"
    },
    {
      "type": "insert-node",
      "node": {
        "label": "return",
        "type": "Return"
      },
      "location-after-char-start": 2306,
      "location-after-char-end": 2322,
      "node-str": "return"
    },
    {
      "type": "insert-node",
      "node": {
        "label": "java.lang.Object",
        "type": "RETURN_TYPE"
      },
      "location-after-char-start": 0,
      "location-after-char-end": 0,
      "node-str": "java.lang.Object"
    },
    {
      "type": "insert-node",
      "node": {
        "label": "java.lang.Exception",
        "type": "THROWS"
      },
      "location-after-char-start": 0,
      "location-after-char-end": 0,
      "node-str": "java.lang.Exception"
    },
    {
      "type": "insert-node",
      "node": {
        "label": "public",
        "type": "Modifier"
      },
      "location-after-char-start": 0,
      "location-after-char-end": 0,
      "node-str": "public"
    },
    {
      "type": "insert-node",
      "node": {
        "label": "mi",
        "type": "Parameter"
      },
      "location-after-char-start": 3916,
      "location-after-char-end": 3928,
      "node-str": "mi"
    },
    {
      "type": "insert-node",
      "node": {
        "label": "trace",
        "type": "LocalVariable"
      },
      "location-after-char-start": 3965,
      "location-after-char-end": 4001,
      "node-str": "trace"
    },
    {
      "type": "insert-node",
      "node": {
        "label": "key",
        "type": "LocalVariable"
      },
      "location-after-char-start": 4027,
      "location-after-char-end": 4050,
      "node-str": "key"
    },
    {
      "type": "insert-node",
      "node": {
        "label": "ctx",
        "type": "LocalVariable"
      },
      "location-after-char-start": 4080,
      "location-after-char-end": 4114,
      "node-str": "ctx"
    },
    {
      "type": "insert-node",
      "node": {
        "label": "",
        "type": "Try"
      },
      "location-after-char-start": 4122,
      "location-after-char-end": 5334,
      "node-str": ""
    },
    {
      "type": "insert-node",
      "node": {
        "label": "exceptionThrown",
        "type": "LocalVariable"
      },
      "location-after-char-start": 5343,
      "location-after-char-end": 5375,
      "node-str": "exceptionThrown"
    },
    {
      "type": "move-subtree",
      "node": {
        "label": "",
        "type": "Try"
      },
      "location-before-char-start": 5093,
      "location-before-char-end": 6617,
      "location-after-char-start": 5384,
      "location-after-char-end": 6908,
      "node-str": ""
    },
    {
      "type": "insert-node",
      "node": {
        "label": "container",
        "type": "FieldRead"
      },
      "location-after-char-start": 2313,
      "location-after-char-end": 2321,
      "node-str": "container"
    },
    {
      "type": "insert-node",
      "node": {
        "label": "org.jboss.invocation.Invocation",
        "type": "VARIABLE_TYPE"
      },
      "location-after-char-start": 0,
      "location-after-char-end": 0,
      "node-str": "org.jboss.invocation.Invocation"
    },
    {
      "type": "insert-node",
      "node": {
        "label": "boolean",
        "type": "VARIABLE_TYPE"
      },
      "location-after-char-start": 0,
      "location-after-char-end": 0,
      "node-str": "boolean"
    },
    {
      "type": "insert-node",
      "node": {
        "label": "isTraceEnabled",
        "type": "Invocation"
      },
      "location-after-char-start": 3981,
      "location-after-char-end": 4000,
      "node-str": "isTraceEnabled"
    },
    {
      "type": "insert-node",
      "node": {
        "label": "java.lang.Object",
        "type": "VARIABLE_TYPE"
      },
      "location-after-char-start": 0,
      "location-after-char-end": 0,
      "node-str": "java.lang.Object"
    },
    {
      "type": "insert-node",
      "node": {
        "label": "getId",
        "type": "Invocation"
      },
      "location-after-char-start": 4040,
      "location-after-char-end": 4049,
      "node-str": "getId"
    },
    {
      "type": "insert-node",
      "node": {
        "label": "org.jboss.ejb.EntityEnterpriseContext",
        "type": "VARIABLE_TYPE"
      },
      "location-after-char-start": 0,
      "location-after-char-end": 0,
      "node-str": "org.jboss.ejb.EntityEnterpriseContext"
    },
    {
      "type": "insert-node",
      "node": {
        "label": "null",
        "type": "Literal"
      },
      "location-after-char-start": 4110,
      "location-after-char-end": 4113,
      "node-str": "null"
    },
    {
      "type": "move-subtree",
      "node": {
        "label": "\u003d",
        "type": "Assignment"
      },
      "location-before-char-start": 4091,
      "location-before-char-end": 4160,
      "location-after-char-start": 4143,
      "location-after-char-end": 4212,
      "node-str": "\u003d"
    },
    {
      "type": "move-subtree",
      "node": {
        "label": "if",
        "type": "If"
      },
      "location-before-char-start": 4273,
      "location-before-char-end": 4320,
      "location-after-char-start": 4224,
      "location-after-char-end": 4271,
      "node-str": "if"
    },
    {
      "type": "move-subtree",
      "node": {
        "label": "if",
        "type": "If"
      },
      "location-before-char-start": 4601,
      "location-before-char-end": 4870,
      "location-after-char-start": 4567,
      "location-after-char-end": 4860,
      "node-str": "if"
    },
    {
      "type": "insert-node",
      "node": {
        "label": "setPrincipal",
        "type": "Invocation"
      },
      "location-after-char-start": 4921,
      "location-after-char-end": 4956,
      "node-str": "setPrincipal"
    },
    {
      "type": "insert-node",
      "node": {
        "label": "setEnterpriseContext",
        "type": "Invocation"
      },
      "location-after-char-start": 5017,
      "location-after-char-end": 5045,
      "node-str": "setEnterpriseContext"
    },
    {
      "type": "insert-node",
      "node": {
        "label": "",
        "type": "Catch"
      },
      "location-after-char-start": 5054,
      "location-after-char-end": 5334,
      "node-str": ""
    },
    {
      "type": "insert-node",
      "node": {
        "label": "java.lang.Throwable",
        "type": "VARIABLE_TYPE"
      },
      "location-after-char-start": 0,
      "location-after-char-end": 0,
      "node-str": "java.lang.Throwable"
    },
    {
      "type": "insert-node",
      "node": {
        "label": "null",
        "type": "Literal"
      },
      "location-after-char-start": 5371,
      "location-after-char-end": 5374,
      "node-str": "null"
    },
    {
      "type": "update-node",
      "node": {
        "label": "java.lang.Exception",
        "type": "VARIABLE_TYPE"
      },
      "location-before-char-start": 0,
      "location-before-char-end": 0,
      "location-after-char-start": 0,
      "location-after-char-end": 0,
      "node-str": "java.lang.Throwable"
    },
    {
      "type": "insert-node",
      "node": {
        "label": "org.jboss.ejb.plugins.EntityInstanceInterceptor",
        "type": "TypeAccess"
      },
      "location-after-char-start": 0,
      "location-after-char-end": 0,
      "node-str": "org.jboss.ejb.plugins.EntityInstanceInterceptor"
    },
    {
      "type": "insert-node",
      "node": {
        "label": "log",
        "type": "FieldRead"
      },
      "location-after-char-start": 3981,
      "location-after-char-end": 3983,
      "node-str": "log"
    },
    {
      "type": "insert-node",
      "node": {
        "label": "mi",
        "type": "VariableRead"
      },
      "location-after-char-start": 4040,
      "location-after-char-end": 4041,
      "node-str": "mi"
    },
    {
      "type": "insert-node",
      "node": {
        "label": "ctx",
        "type": "VariableRead"
      },
      "location-after-char-start": 4921,
      "location-after-char-end": 4923,
      "node-str": "ctx"
    },
    {
      "type": "insert-node",
      "node": {
        "label": "getPrincipal",
        "type": "Invocation"
      },
      "location-after-char-start": 4938,
      "location-after-char-end": 4954,
      "node-str": "getPrincipal"
    },
    {
      "type": "insert-node",
      "node": {
        "label": "mi",
        "type": "VariableRead"
      },
      "location-after-char-start": 5017,
      "location-after-char-end": 5018,
      "node-str": "mi"
    },
    {
      "type": "insert-node",
      "node": {
        "label": "ctx",
        "type": "VariableRead"
      },
      "location-after-char-start": 5041,
      "location-after-char-end": 5043,
      "node-str": "ctx"
    },
    {
      "type": "insert-node",
      "node": {
        "label": "e",
        "type": "CatchVariable"
      },
      "location-after-char-start": 5068,
      "location-after-char-end": 5078,
      "node-str": "e"
    },
    {
      "type": "insert-node",
      "node": {
        "label": "clearLockTx",
        "type": "Invocation"
      },
      "location-after-char-start": 5098,
      "location-after-char-end": 5123,
      "node-str": "clearLockTx"
    },
    {
      "type": "insert-node",
      "node": {
        "label": "if",
        "type": "If"
      },
      "location-after-char-start": 5134,
      "location-after-char-end": 5326,
      "node-str": "if"
    },
    {
      "type": "insert-node",
      "node": {
        "label": "mi",
        "type": "VariableRead"
      },
      "location-after-char-start": 4938,
      "location-after-char-end": 4939,
      "node-str": "mi"
    },
    {
      "type": "insert-node",
      "node": {
        "label": "java.lang.Throwable",
        "type": "VARIABLE_TYPE"
      },
      "location-after-char-start": 0,
      "location-after-char-end": 0,
      "node-str": "java.lang.Throwable"
    },
    {
      "type": "insert-node",
      "node": {
        "label": "org.jboss.ejb.plugins.EntityInstanceInterceptor",
        "type": "TypeAccess"
      },
      "location-after-char-start": 0,
      "location-after-char-end": 0,
      "node-str": "org.jboss.ejb.plugins.EntityInstanceInterceptor"
    },
    {
      "type": "insert-node",
      "node": {
        "label": "mi",
        "type": "VariableRead"
      },
      "location-after-char-start": 5110,
      "location-after-char-end": 5111,
      "node-str": "mi"
    },
    {
      "type": "insert-node",
      "node": {
        "label": "e",
        "type": "VariableRead"
      },
      "location-after-char-start": 5114,
      "location-after-char-end": 5114,
      "node-str": "e"
    },
    {
      "type": "insert-node",
      "node": {
        "label": "trace",
        "type": "VariableRead"
      },
      "location-after-char-start": 5117,
      "location-after-char-end": 5121,
      "node-str": "trace"
    },
    {
      "type": "insert-node",
      "node": {
        "label": "INSTANCEOF",
        "type": "BinaryOperator"
      },
      "location-after-char-start": 5138,
      "location-after-char-end": 5159,
      "node-str": "INSTANCEOF"
    },
    {
      "type": "insert-node",
      "node": {
        "label": "THEN",
        "type": "then"
      },
      "location-after-char-start": 5174,
      "location-after-char-end": 5193,
      "node-str": "THEN"
    },
    {
      "type": "insert-node",
      "node": {
        "label": "ELSE",
        "type": "else"
      },
      "location-after-char-start": 5209,
      "location-after-char-end": 5326,
      "node-str": "ELSE"
    },
    {
      "type": "insert-node",
      "node": {
        "label": "e",
        "type": "VariableRead"
      },
      "location-after-char-start": 5138,
      "location-after-char-end": 5138,
      "node-str": "e"
    },
    {
      "type": "insert-node",
      "node": {
        "label": "java.lang.Exception",
        "type": "TypeAccess"
      },
      "location-after-char-start": 5151,
      "location-after-char-end": 5159,
      "node-str": "java.lang.Exception"
    },
    {
      "type": "insert-node",
      "node": {
        "label": "",
        "type": "Throw"
      },
      "location-after-char-start": 5174,
      "location-after-char-end": 5193,
      "node-str": ""
    },
    {
      "type": "insert-node",
      "node": {
        "label": "if",
        "type": "If"
      },
      "location-after-char-start": 5209,
      "location-after-char-end": 5326,
      "node-str": "if"
    },
    {
      "type": "insert-node",
      "node": {
        "label": "EQ",
        "type": "BinaryOperator"
      },
      "location-after-char-start": 7410,
      "location-after-char-end": 7480,
      "node-str": "EQ"
    },
    {
      "type": "insert-node",
      "node": {
        "label": "e",
        "type": "VariableRead"
      },
      "location-after-char-start": 5180,
      "location-after-char-end": 5192,
      "node-str": "e"
    },
    {
      "type": "insert-node",
      "node": {
        "label": "INSTANCEOF",
        "type": "BinaryOperator"
      },
      "location-after-char-start": 5213,
      "location-after-char-end": 5230,
      "node-str": "INSTANCEOF"
    },
    {
      "type": "insert-node",
      "node": {
        "label": "THEN",
        "type": "then"
      },
      "location-after-char-start": 5245,
      "location-after-char-end": 5260,
      "node-str": "THEN"
    },
    {
      "type": "insert-node",
      "node": {
        "label": "ELSE",
        "type": "else"
      },
      "location-after-char-start": 5288,
      "location-after-char-end": 5326,
      "node-str": "ELSE"
    },
    {
      "type": "move-subtree",
      "node": {
        "label": "isMethodReadOnly",
        "type": "Invocation"
      },
      "location-before-char-start": 7119,
      "location-before-char-end": 7180,
      "location-after-char-start": 7410,
      "location-after-char-end": 7471,
      "node-str": "isMethodReadOnly"
    },
    {
      "type": "insert-node",
      "node": {
        "label": "false",
        "type": "Literal"
      },
      "location-after-char-start": 7476,
      "location-after-char-end": 7480,
      "node-str": "false"
    },
    {
      "type": "insert-node",
      "node": {
        "label": "e",
        "type": "VariableRead"
      },
      "location-after-char-start": 5213,
      "location-after-char-end": 5213,
      "node-str": "e"
    },
    {
      "type": "insert-node",
      "node": {
        "label": "java.lang.Error",
        "type": "TypeAccess"
      },
      "location-after-char-start": 5226,
      "location-after-char-end": 5230,
      "node-str": "java.lang.Error"
    },
    {
      "type": "insert-node",
      "node": {
        "label": "",
        "type": "Throw"
      },
      "location-after-char-start": 5245,
      "location-after-char-end": 5260,
      "node-str": ""
    },
    {
      "type": "insert-node",
      "node": {
        "label": "",
        "type": "Throw"
      },
      "location-after-char-start": 5288,
      "location-after-char-end": 5326,
      "node-str": ""
    },
    {
      "type": "insert-node",
      "node": {
        "label": "e",
        "type": "VariableRead"
      },
      "location-after-char-start": 5251,
      "location-after-char-end": 5259,
      "node-str": "e"
    },
    {
      "type": "insert-node",
      "node": {
        "label": "java.lang.reflect.InvocationTargetException(java.lang.Throwable)",
        "type": "ConstructorCall"
      },
      "location-after-char-start": 5294,
      "location-after-char-end": 5325,
      "node-str": "java.lang.reflect.InvocationTargetException(java.lang.Throwable)"
    },
    {
      "type": "insert-node",
      "node": {
        "label": "e",
        "type": "VariableRead"
      },
      "location-after-char-start": 5324,
      "location-after-char-end": 5324,
      "node-str": "e"
    },
    {
      "type": "delete-node",
      "node": {
        "label": "public",
        "type": "Modifier"
      },
      "location-before-char-start": 0,
      "location-before-char-end": 0,
      "node-str": "public"
    },
    {
      "type": "delete-node",
      "node": {
        "label": "org.jboss.ejb.plugins.AbstractInterceptor",
        "type": "SUPER_TYPE"
      },
      "location-before-char-start": 0,
      "location-before-char-end": 0,
      "node-str": "org.jboss.ejb.plugins.AbstractInterceptor"
    },
    {
      "type": "delete-node",
      "node": {
        "label": "",
        "type": "TypeReference"
      },
      "location-before-char-start": 1675,
      "location-before-char-end": 1693,
      "node-str": ""
    },
    {
      "type": "delete-node",
      "node": {
        "label": "org.jboss.ejb.EntityContainer",
        "type": "VARIABLE_TYPE"
      },
      "location-before-char-start": 0,
      "location-before-char-end": 0,
      "node-str": "org.jboss.ejb.EntityContainer"
    },
    {
      "type": "delete-node",
      "node": {
        "label": "protected",
        "type": "Modifier"
      },
      "location-before-char-start": 0,
      "location-before-char-end": 0,
      "node-str": "protected"
    },
    {
      "type": "delete-node",
      "node": {
        "label": "container",
        "type": "Field"
      },
      "location-before-char-start": 1700,
      "location-before-char-end": 1879,
      "node-str": "container"
    },
    {
      "type": "delete-node",
      "node": {
        "label": "org.jboss.ejb.Container",
        "type": "RETURN_TYPE"
      },
      "location-before-char-start": 0,
      "location-before-char-end": 0,
      "node-str": "org.jboss.ejb.Container"
    },
    {
      "type": "delete-node",
      "node": {
        "label": "public",
        "type": "Modifier"
      },
      "location-before-char-start": 0,
      "location-before-char-end": 0,
      "node-str": "public"
    },
    {
      "type": "delete-node",
      "node": {
        "label": "org.jboss.ejb.plugins.EntityInstanceInterceptor",
        "type": "TypeAccess"
      },
      "location-before-char-start": 0,
      "location-before-char-end": 0,
      "node-str": "org.jboss.ejb.plugins.EntityInstanceInterceptor"
    },
    {
      "type": "delete-node",
      "node": {
        "label": "container",
        "type": "FieldRead"
      },
      "location-before-char-start": 2261,
      "location-before-char-end": 2269,
      "node-str": "container"
    },
    {
      "type": "delete-node",
      "node": {
        "label": "return",
        "type": "Return"
      },
      "location-before-char-start": 2254,
      "location-before-char-end": 2270,
      "node-str": "return"
    },
    {
      "type": "delete-node",
      "node": {
        "label": "getContainer",
        "type": "Method"
      },
      "location-before-char-start": 2211,
      "location-before-char-end": 2275,
      "node-str": "getContainer"
    },
    {
      "type": "delete-node",
      "node": {
        "label": "java.lang.Object",
        "type": "RETURN_TYPE"
      },
      "location-before-char-start": 0,
      "location-before-char-end": 0,
      "node-str": "java.lang.Object"
    },
    {
      "type": "delete-node",
      "node": {
        "label": "java.lang.Exception",
        "type": "THROWS"
      },
      "location-before-char-start": 0,
      "location-before-char-end": 0,
      "node-str": "java.lang.Exception"
    },
    {
      "type": "delete-node",
      "node": {
        "label": "public",
        "type": "Modifier"
      },
      "location-before-char-start": 0,
      "location-before-char-end": 0,
      "node-str": "public"
    },
    {
      "type": "delete-node",
      "node": {
        "label": "org.jboss.invocation.Invocation",
        "type": "VARIABLE_TYPE"
      },
      "location-before-char-start": 0,
      "location-before-char-end": 0,
      "node-str": "org.jboss.invocation.Invocation"
    },
    {
      "type": "delete-node",
      "node": {
        "label": "mi",
        "type": "Parameter"
      },
      "location-before-char-start": 3864,
      "location-before-char-end": 3876,
      "node-str": "mi"
    },
    {
      "type": "delete-node",
      "node": {
        "label": "boolean",
        "type": "VARIABLE_TYPE"
      },
      "location-before-char-start": 0,
      "location-before-char-end": 0,
      "node-str": "boolean"
    },
    {
      "type": "delete-node",
      "node": {
        "label": "log",
        "type": "FieldRead"
      },
      "location-before-char-start": 3929,
      "location-before-char-end": 3931,
      "node-str": "log"
    },
    {
      "type": "delete-node",
      "node": {
        "label": "isTraceEnabled",
        "type": "Invocation"
      },
      "location-before-char-start": 3929,
      "location-before-char-end": 3948,
      "node-str": "isTraceEnabled"
    },
    {
      "type": "delete-node",
      "node": {
        "label": "trace",
        "type": "LocalVariable"
      },
      "location-before-char-start": 3913,
      "location-before-char-end": 3949,
      "node-str": "trace"
    },
    {
      "type": "delete-node",
      "node": {
        "label": "java.lang.Object",
        "type": "VARIABLE_TYPE"
      },
      "location-before-char-start": 0,
      "location-before-char-end": 0,
      "node-str": "java.lang.Object"
    },
    {
      "type": "delete-node",
      "node": {
        "label": "mi",
        "type": "VariableRead"
      },
      "location-before-char-start": 3988,
      "location-before-char-end": 3989,
      "node-str": "mi"
    },
    {
      "type": "delete-node",
      "node": {
        "label": "getId",
        "type": "Invocation"
      },
      "location-before-char-start": 3988,
      "location-before-char-end": 3997,
      "node-str": "getId"
    },
    {
      "type": "delete-node",
      "node": {
        "label": "key",
        "type": "LocalVariable"
      },
      "location-before-char-start": 3975,
      "location-before-char-end": 3998,
      "node-str": "key"
    },
    {
      "type": "delete-node",
      "node": {
        "label": "org.jboss.ejb.EntityEnterpriseContext",
        "type": "VARIABLE_TYPE"
      },
      "location-before-char-start": 0,
      "location-before-char-end": 0,
      "node-str": "org.jboss.ejb.EntityEnterpriseContext"
    },
    {
      "type": "delete-node",
      "node": {
        "label": "null",
        "type": "Literal"
      },
      "location-before-char-start": 4058,
      "location-before-char-end": 4061,
      "node-str": "null"
    },
    {
      "type": "delete-node",
      "node": {
        "label": "ctx",
        "type": "LocalVariable"
      },
      "location-before-char-start": 4028,
      "location-before-char-end": 4062,
      "node-str": "ctx"
    },
    {
      "type": "delete-node",
      "node": {
        "label": "java.lang.Exception",
        "type": "VARIABLE_TYPE"
      },
      "location-before-char-start": 0,
      "location-before-char-end": 0,
      "node-str": "java.lang.Exception"
    },
    {
      "type": "delete-node",
      "node": {
        "label": "e",
        "type": "CatchVariable"
      },
      "location-before-char-start": 4183,
      "location-before-char-end": 4193,
      "node-str": "e"
    },
    {
      "type": "delete-node",
      "node": {
        "label": "org.jboss.ejb.plugins.EntityInstanceInterceptor",
        "type": "TypeAccess"
      },
      "location-before-char-start": 0,
      "location-before-char-end": 0,
      "node-str": "org.jboss.ejb.plugins.EntityInstanceInterceptor"
    },
    {
      "type": "delete-node",
      "node": {
        "label": "mi",
        "type": "VariableRead"
      },
      "location-before-char-start": 4225,
      "location-before-char-end": 4226,
      "node-str": "mi"
    },
    {
      "type": "delete-node",
      "node": {
        "label": "e",
        "type": "VariableRead"
      },
      "location-before-char-start": 4229,
      "location-before-char-end": 4229,
      "node-str": "e"
    },
    {
      "type": "delete-node",
      "node": {
        "label": "trace",
        "type": "VariableRead"
      },
      "location-before-char-start": 4232,
      "location-before-char-end": 4236,
      "node-str": "trace"
    },
    {
      "type": "delete-node",
      "node": {
        "label": "clearLockTx",
        "type": "Invocation"
      },
      "location-before-char-start": 4213,
      "location-before-char-end": 4238,
      "node-str": "clearLockTx"
    },
    {
      "type": "delete-node",
      "node": {
        "label": "e",
        "type": "VariableRead"
      },
      "location-before-char-start": 4255,
      "location-before-char-end": 4255,
      "node-str": "e"
    },
    {
      "type": "delete-node",
      "node": {
        "label": "",
        "type": "Throw"
      },
      "location-before-char-start": 4249,
      "location-before-char-end": 4256,
      "node-str": ""
    },
    {
      "type": "delete-node",
      "node": {
        "label": "",
        "type": "Catch"
      },
      "location-before-char-start": 4169,
      "location-before-char-end": 4264,
      "node-str": ""
    },
    {
      "type": "delete-node",
      "node": {
        "label": "",
        "type": "Try"
      },
      "location-before-char-start": 4070,
      "location-before-char-end": 4264,
      "node-str": ""
    },
    {
      "type": "delete-node",
      "node": {
        "label": "ctx",
        "type": "VariableRead"
      },
      "location-before-char-start": 4925,
      "location-before-char-end": 4927,
      "node-str": "ctx"
    },
    {
      "type": "delete-node",
      "node": {
        "label": "mi",
        "type": "VariableRead"
      },
      "location-before-char-start": 4942,
      "location-before-char-end": 4943,
      "node-str": "mi"
    },
    {
      "type": "delete-node",
      "node": {
        "label": "getPrincipal",
        "type": "Invocation"
      },
      "location-before-char-start": 4942,
      "location-before-char-end": 4958,
      "node-str": "getPrincipal"
    },
    {
      "type": "delete-node",
      "node": {
        "label": "setPrincipal",
        "type": "Invocation"
      },
      "location-before-char-start": 4925,
      "location-before-char-end": 4960,
      "node-str": "setPrincipal"
    },
    {
      "type": "delete-node",
      "node": {
        "label": "mi",
        "type": "VariableRead"
      },
      "location-before-char-start": 5015,
      "location-before-char-end": 5016,
      "node-str": "mi"
    },
    {
      "type": "delete-node",
      "node": {
        "label": "ctx",
        "type": "VariableRead"
      },
      "location-before-char-start": 5039,
      "location-before-char-end": 5041,
      "node-str": "ctx"
    },
    {
      "type": "delete-node",
      "node": {
        "label": "setEnterpriseContext",
        "type": "Invocation"
      },
      "location-before-char-start": 5015,
      "location-before-char-end": 5043,
      "node-str": "setEnterpriseContext"
    },
    {
      "type": "delete-node",
      "node": {
        "label": "java.lang.Throwable",
        "type": "VARIABLE_TYPE"
      },
      "location-before-char-start": 0,
      "location-before-char-end": 0,
      "node-str": "java.lang.Throwable"
    },
    {
      "type": "delete-node",
      "node": {
        "label": "null",
        "type": "Literal"
      },
      "location-before-char-start": 5080,
      "location-before-char-end": 5083,
      "node-str": "null"
    },
    {
      "type": "delete-node",
      "node": {
        "label": "exceptionThrown",
        "type": "LocalVariable"
      },
      "location-before-char-start": 5052,
      "location-before-char-end": 5084,
      "node-str": "exceptionThrown"
    },
    {
      "type": "delete-node",
      "node": {
        "label": "invoke",
        "type": "Method"
      },
      "location-before-char-start": 3843,
      "location-before-char-end": 6636,
      "node-str": "invoke"
    }
  ],
  "before-file": {},
  "after-file": {},
  "mapping": {}
}