{
  "tool-info": {},
  "diff": [
    {
      "type": "insert-node",
      "node": {
        "label": "",
        "type": "ImportDeclaration"
      },
      "location-after-char-start": 2756,
      "location-after-char-end": 2807,
      "node-str": ""
    },
    {
      "type": "insert-node",
      "node": {
        "label": "java.lang.reflect.InvocationTargetException",
        "type": "QualifiedName"
      },
      "location-after-char-start": 2763,
      "location-after-char-end": 2806,
      "node-str": "java.lang.reflect.InvocationTargetException"
    },
    {
      "type": "insert-node",
      "node": {
        "label": "",
        "type": "CatchClause"
      },
      "location-after-char-start": 5245,
      "location-after-char-end": 5370,
      "node-str": ""
    },
    {
      "type": "insert-node",
      "node": {
        "label": "",
        "type": "SingleVariableDeclaration"
      },
      "location-after-char-start": 4937,
      "location-after-char-end": 4961,
      "node-str": ""
    },
    {
      "type": "move-subtree",
      "node": {
        "label": "",
        "type": "SingleVariableDeclaration"
      },
      "location-before-char-start": 4885,
      "location-before-char-end": 4908,
      "location-after-char-start": 5252,
      "location-after-char-end": 5275,
      "node-str": ""
    },
    {
      "type": "insert-node",
      "node": {
        "label": "",
        "type": "Block"
      },
      "location-after-char-start": 5277,
      "location-after-char-end": 5370,
      "node-str": ""
    },
    {
      "type": "insert-node",
      "node": {
        "label": "",
        "type": "SimpleType"
      },
      "location-after-char-start": 4937,
      "location-after-char-end": 4959,
      "node-str": ""
    },
    {
      "type": "insert-node",
      "node": {
        "label": "e",
        "type": "SimpleName"
      },
      "location-after-char-start": 4960,
      "location-after-char-end": 4961,
      "node-str": "e"
    },
    {
      "type": "insert-node",
      "node": {
        "label": "",
        "type": "VariableDeclarationStatement"
      },
      "location-after-char-start": 5099,
      "location-after-char-end": 5136,
      "node-str": ""
    },
    {
      "type": "insert-node",
      "node": {
        "label": "",
        "type": "ThrowStatement"
      },
      "location-after-char-start": 5281,
      "location-after-char-end": 5363,
      "node-str": ""
    },
    {
      "type": "insert-node",
      "node": {
        "label": "IllegalAccessException",
        "type": "SimpleName"
      },
      "location-after-char-start": 4937,
      "location-after-char-end": 4959,
      "node-str": "IllegalAccessException"
    },
    {
      "type": "update-node",
      "node": {
        "label": "Exception",
        "type": "SimpleName"
      },
      "location-before-char-start": 5005,
      "location-before-char-end": 5014,
      "location-after-char-start": 5066,
      "location-after-char-end": 5091,
      "node-str": "InvocationTargetException"
    },
    {
      "type": "insert-node",
      "node": {
        "label": "",
        "type": "SimpleType"
      },
      "location-after-char-start": 5099,
      "location-after-char-end": 5108,
      "node-str": ""
    },
    {
      "type": "insert-node",
      "node": {
        "label": "",
        "type": "VariableDeclarationFragment"
      },
      "location-after-char-start": 5109,
      "location-after-char-end": 5135,
      "node-str": ""
    },
    {
      "type": "insert-node",
      "node": {
        "label": "",
        "type": "ClassInstanceCreation"
      },
      "location-after-char-start": 5287,
      "location-after-char-end": 5362,
      "node-str": ""
    },
    {
      "type": "insert-node",
      "node": {
        "label": "",
        "type": "SimpleType"
      },
      "location-after-char-start": 4977,
      "location-after-char-end": 4989,
      "node-str": ""
    },
    {
      "type": "insert-node",
      "node": {
        "label": "Throwable",
        "type": "SimpleName"
      },
      "location-after-char-start": 5099,
      "location-after-char-end": 5108,
      "node-str": "Throwable"
    },
    {
      "type": "insert-node",
      "node": {
        "label": "t",
        "type": "SimpleName"
      },
      "location-after-char-start": 5109,
      "location-after-char-end": 5110,
      "node-str": "t"
    },
    {
      "type": "insert-node",
      "node": {
        "label": "",
        "type": "MethodInvocation"
      },
      "location-after-char-start": 5113,
      "location-after-char-end": 5135,
      "node-str": ""
    },
    {
      "type": "move-subtree",
      "node": {
        "label": "",
        "type": "SimpleType"
      },
      "location-before-char-start": 4924,
      "location-before-char-end": 4936,
      "location-after-char-start": 5291,
      "location-after-char-end": 5303,
      "node-str": ""
    },
    {
      "type": "insert-node",
      "node": {
        "label": "",
        "type": "MethodInvocation"
      },
      "location-after-char-start": 5309,
      "location-after-char-end": 5361,
      "node-str": ""
    },
    {
      "type": "insert-node",
      "node": {
        "label": "JspException",
        "type": "SimpleName"
      },
      "location-after-char-start": 4977,
      "location-after-char-end": 4989,
      "node-str": "JspException"
    },
    {
      "type": "insert-node",
      "node": {
        "label": "",
        "type": "METHOD_INVOCATION_RECEIVER"
      },
      "location-after-char-start": 4997,
      "location-after-char-end": 5005,
      "node-str": ""
    },
    {
      "type": "insert-node",
      "node": {
        "label": "getMessage",
        "type": "SimpleName"
      },
      "location-after-char-start": 5006,
      "location-after-char-end": 5016,
      "node-str": "getMessage"
    },
    {
      "type": "move-subtree",
      "node": {
        "label": "",
        "type": "METHOD_INVOCATION_RECEIVER"
      },
      "location-before-char-start": 5108,
      "location-before-char-end": 5109,
      "location-after-char-start": 5113,
      "location-after-char-end": 5114,
      "node-str": ""
    },
    {
      "type": "insert-node",
      "node": {
        "label": "getTargetException",
        "type": "SimpleName"
      },
      "location-after-char-start": 5115,
      "location-after-char-end": 5133,
      "node-str": "getTargetException"
    },
    {
      "type": "move-subtree",
      "node": {
        "label": "",
        "type": "METHOD_INVOCATION_RECEIVER"
      },
      "location-before-char-start": 4942,
      "location-before-char-end": 4950,
      "location-after-char-start": 5309,
      "location-after-char-end": 5317,
      "node-str": ""
    },
    {
      "type": "move-subtree",
      "node": {
        "label": "getMessage",
        "type": "SimpleName"
      },
      "location-before-char-start": 4951,
      "location-before-char-end": 4961,
      "location-after-char-start": 5318,
      "location-after-char-end": 5328,
      "node-str": "getMessage"
    },
    {
      "type": "insert-node",
      "node": {
        "label": "",
        "type": "METHOD_INVOCATION_ARGUMENTS"
      },
      "location-after-char-start": 5329,
      "location-after-char-end": 5360,
      "node-str": ""
    },
    {
      "type": "insert-node",
      "node": {
        "label": "messages",
        "type": "SimpleName"
      },
      "location-after-char-start": 4997,
      "location-after-char-end": 5005,
      "node-str": "messages"
    },
    {
      "type": "insert-node",
      "node": {
        "label": "\"getter.access\"",
        "type": "StringLiteral"
      },
      "location-after-char-start": 5017,
      "location-after-char-end": 5032,
      "node-str": "\"getter.access\""
    },
    {
      "type": "insert-node",
      "node": {
        "label": "property",
        "type": "SimpleName"
      },
      "location-after-char-start": 5034,
      "location-after-char-end": 5042,
      "node-str": "property"
    },
    {
      "type": "insert-node",
      "node": {
        "label": "name",
        "type": "SimpleName"
      },
      "location-after-char-start": 5044,
      "location-after-char-end": 5048,
      "node-str": "name"
    },
    {
      "type": "move-subtree",
      "node": {
        "label": "\"getter.method\"",
        "type": "StringLiteral"
      },
      "location-before-char-start": 4962,
      "location-before-char-end": 4977,
      "location-after-char-start": 5329,
      "location-after-char-end": 5344,
      "node-str": "\"getter.method\""
    },
    {
      "type": "move-subtree",
      "node": {
        "label": "property",
        "type": "SimpleName"
      },
      "location-before-char-start": 4979,
      "location-before-char-end": 4987,
      "location-after-char-start": 5346,
      "location-after-char-end": 5354,
      "node-str": "property"
    },
    {
      "type": "insert-node",
      "node": {
        "label": "name",
        "type": "SimpleName"
      },
      "location-after-char-start": 5356,
      "location-after-char-end": 5360,
      "node-str": "name"
    },
    {
      "type": "insert-node",
      "node": {
        "label": "",
        "type": "METHOD_INVOCATION_RECEIVER"
      },
      "location-after-char-start": 5222,
      "location-after-char-end": 5223,
      "node-str": ""
    },
    {
      "type": "insert-node",
      "node": {
        "label": "t",
        "type": "SimpleName"
      },
      "location-after-char-start": 5222,
      "location-after-char-end": 5223,
      "node-str": "t"
    }
  ],
  "before-file": {},
  "after-file": {},
  "mapping": {}
}