{
  "tool-info": {},
  "diff": [
    {
      "type": "move-subtree",
      "node": {
        "label": "testCount",
        "type": "Method"
      },
      "location-before-char-start": 5535,
      "location-before-char-end": 5623,
      "location-after-char-start": 997,
      "location-after-char-end": 1085,
      "node-str": "testCount"
    },
    {
      "type": "move-subtree",
      "node": {
        "label": "addFailure",
        "type": "Method"
      },
      "location-before-char-start": 3196,
      "location-before-char-end": 3277,
      "location-after-char-start": 1787,
      "location-after-char-end": 1869,
      "node-str": "addFailure"
    },
    {
      "type": "move-subtree",
      "node": {
        "label": "tearDown",
        "type": "Method"
      },
      "location-before-char-start": 4651,
      "location-before-char-end": 4828,
      "location-after-char-start": 4960,
      "location-after-char-end": 5138,
      "node-str": "tearDown"
    },
    {
      "type": "insert-node",
      "node": {
        "label": "public",
        "type": "Modifier"
      },
      "location-after-char-start": 0,
      "location-after-char-end": 0,
      "node-str": "public"
    },
    {
      "type": "insert-node",
      "node": {
        "label": "fTestClass",
        "type": "Field"
      },
      "location-after-char-start": 663,
      "location-after-char-end": 712,
      "node-str": "fTestClass"
    },
    {
      "type": "insert-node",
      "node": {
        "label": "fTestIntrospector",
        "type": "Field"
      },
      "location-after-char-start": 715,
      "location-after-char-end": 763,
      "node-str": "fTestIntrospector"
    },
    {
      "type": "insert-node",
      "node": {
        "label": "fNotifier",
        "type": "Field"
      },
      "location-after-char-start": 766,
      "location-after-char-end": 796,
      "node-str": "fNotifier"
    },
    {
      "type": "insert-node",
      "node": {
        "label": "invokeTestMethod",
        "type": "Method"
      },
      "location-after-char-start": 1874,
      "location-after-char-end": 2031,
      "node-str": "invokeTestMethod"
    },
    {
      "type": "insert-node",
      "node": {
        "label": "java.lang.Class",
        "type": "VARIABLE_TYPE"
      },
      "location-after-char-start": 0,
      "location-after-char-end": 0,
      "node-str": "java.lang.Class"
    },
    {
      "type": "insert-node",
      "node": {
        "label": "final",
        "type": "Modifier"
      },
      "location-after-char-start": 0,
      "location-after-char-end": 0,
      "node-str": "final"
    },
    {
      "type": "insert-node",
      "node": {
        "label": "org.junit.internal.runner.TestIntrospector",
        "type": "VARIABLE_TYPE"
      },
      "location-after-char-start": 0,
      "location-after-char-end": 0,
      "node-str": "org.junit.internal.runner.TestIntrospector"
    },
    {
      "type": "insert-node",
      "node": {
        "label": "final",
        "type": "Modifier"
      },
      "location-after-char-start": 0,
      "location-after-char-end": 0,
      "node-str": "final"
    },
    {
      "type": "insert-node",
      "node": {
        "label": "org.junit.internal.runner.TestNotifier",
        "type": "VARIABLE_TYPE"
      },
      "location-after-char-start": 0,
      "location-after-char-end": 0,
      "node-str": "org.junit.internal.runner.TestNotifier"
    },
    {
      "type": "insert-node",
      "node": {
        "label": "void",
        "type": "RETURN_TYPE"
      },
      "location-after-char-start": 0,
      "location-after-char-end": 0,
      "node-str": "void"
    },
    {
      "type": "insert-node",
      "node": {
        "label": "java.lang.Exception",
        "type": "THROWS"
      },
      "location-after-char-start": 0,
      "location-after-char-end": 0,
      "node-str": "java.lang.Exception"
    },
    {
      "type": "insert-node",
      "node": {
        "label": "method",
        "type": "Parameter"
      },
      "location-after-char-start": 1904,
      "location-after-char-end": 1916,
      "node-str": "method"
    },
    {
      "type": "insert-node",
      "node": {
        "label": "test",
        "type": "LocalVariable"
      },
      "location-after-char-start": 1940,
      "location-after-char-end": 1994,
      "node-str": "test"
    },
    {
      "type": "move-subtree",
      "node": {
        "label": "invokeTestMethod",
        "type": "Invocation"
      },
      "location-before-char-start": 1850,
      "location-before-char-end": 1880,
      "location-after-char-start": 1998,
      "location-after-char-end": 2028,
      "node-str": "invokeTestMethod"
    },
    {
      "type": "move-subtree",
      "node": {
        "label": "annotation",
        "type": "LocalVariable"
      },
      "location-before-char-start": 2060,
      "location-before-char-end": 2109,
      "location-after-char-start": 2211,
      "location-after-char-end": 2260,
      "node-str": "annotation"
    },
    {
      "type": "move-subtree",
      "node": {
        "label": "timeout",
        "type": "LocalVariable"
      },
      "location-before-char-start": 2114,
      "location-before-char-end": 2148,
      "location-after-char-start": 2264,
      "location-after-char-end": 2298,
      "node-str": "timeout"
    },
    {
      "type": "move-subtree",
      "node": {
        "label": "if",
        "type": "If"
      },
      "location-before-char-start": 2153,
      "location-before-char-end": 2260,
      "location-after-char-start": 2302,
      "location-after-char-end": 2405,
      "node-str": "if"
    },
    {
      "type": "insert-node",
      "node": {
        "label": "void",
        "type": "RETURN_TYPE"
      },
      "location-after-char-start": 0,
      "location-after-char-end": 0,
      "node-str": "void"
    },
    {
      "type": "insert-node",
      "node": {
        "label": "test",
        "type": "Parameter"
      },
      "location-after-char-start": 3441,
      "location-after-char-end": 3451,
      "node-str": "test"
    },
    {
      "type": "insert-node",
      "node": {
        "label": "method",
        "type": "Parameter"
      },
      "location-after-char-start": 3454,
      "location-after-char-end": 3466,
      "node-str": "method"
    },
    {
      "type": "move-subtree",
      "node": {
        "label": "expected",
        "type": "LocalVariable"
      },
      "location-before-char-start": 3877,
      "location-before-char-end": 3940,
      "location-after-char-start": 3739,
      "location-after-char-end": 3802,
      "node-str": "expected"
    },
    {
      "type": "insert-node",
      "node": {
        "label": "java.lang.reflect.Method",
        "type": "VARIABLE_TYPE"
      },
      "location-after-char-start": 0,
      "location-after-char-end": 0,
      "node-str": "java.lang.reflect.Method"
    },
    {
      "type": "insert-node",
      "node": {
        "label": "java.lang.Object",
        "type": "VARIABLE_TYPE"
      },
      "location-after-char-start": 0,
      "location-after-char-end": 0,
      "node-str": "java.lang.Object"
    },
    {
      "type": "insert-node",
      "node": {
        "label": "newInstance",
        "type": "Invocation"
      },
      "location-after-char-start": 1953,
      "location-after-char-end": 1993,
      "node-str": "newInstance"
    },
    {
      "type": "insert-node",
      "node": {
        "label": "java.lang.Object",
        "type": "VARIABLE_TYPE"
      },
      "location-after-char-start": 0,
      "location-after-char-end": 0,
      "node-str": "java.lang.Object"
    },
    {
      "type": "insert-node",
      "node": {
        "label": "java.lang.reflect.Method",
        "type": "VARIABLE_TYPE"
      },
      "location-after-char-start": 0,
      "location-after-char-end": 0,
      "node-str": "java.lang.reflect.Method"
    },
    {
      "type": "insert-node",
      "node": {
        "label": "getConstructor",
        "type": "Invocation"
      },
      "location-after-char-start": 1953,
      "location-after-char-end": 1979,
      "node-str": "getConstructor"
    },
    {
      "type": "insert-node",
      "node": {
        "label": "return",
        "type": "Return"
      },
      "location-after-char-start": 2197,
      "location-after-char-end": 2203,
      "node-str": "return"
    },
    {
      "type": "insert-node",
      "node": {
        "label": "fTestClass",
        "type": "FieldRead"
      },
      "location-after-char-start": 1953,
      "location-after-char-end": 1962,
      "node-str": "fTestClass"
    },
    {
      "type": "insert-node",
      "node": {
        "label": "EQ",
        "type": "BinaryOperator"
      },
      "location-after-char-start": 4047,
      "location-after-char-end": 4062,
      "node-str": "EQ"
    },
    {
      "type": "insert-node",
      "node": {
        "label": "ELSE",
        "type": "else"
      },
      "location-after-char-start": 4154,
      "location-after-char-end": 4402,
      "node-str": "ELSE"
    },
    {
      "type": "insert-node",
      "node": {
        "label": "org.junit.internal.runner.JUnit4RunnerStrategy",
        "type": "TypeAccess"
      },
      "location-after-char-start": 0,
      "location-after-char-end": 0,
      "node-str": "org.junit.internal.runner.JUnit4RunnerStrategy"
    },
    {
      "type": "insert-node",
      "node": {
        "label": "expected",
        "type": "VariableRead"
      },
      "location-after-char-start": 4047,
      "location-after-char-end": 4054,
      "node-str": "expected"
    },
    {
      "type": "insert-node",
      "node": {
        "label": "null",
        "type": "Literal"
      },
      "location-after-char-start": 4059,
      "location-after-char-end": 4062,
      "node-str": "null"
    },
    {
      "type": "insert-node",
      "node": {
        "label": "if",
        "type": "If"
      },
      "location-after-char-start": 4154,
      "location-after-char-end": 4402,
      "node-str": "if"
    },
    {
      "type": "move-subtree",
      "node": {
        "label": "isUnexpected",
        "type": "Invocation"
      },
      "location-before-char-start": 4153,
      "location-before-char-end": 4196,
      "location-after-char-start": 4158,
      "location-after-char-end": 4201,
      "node-str": "isUnexpected"
    },
    {
      "type": "insert-node",
      "node": {
        "label": "THEN",
        "type": "then"
      },
      "location-after-char-start": 4208,
      "location-after-char-end": 4402,
      "node-str": "THEN"
    },
    {
      "type": "insert-node",
      "node": {
        "label": "addFailure",
        "type": "Invocation"
      },
      "location-after-char-start": 4208,
      "location-after-char-end": 4402,
      "node-str": "addFailure"
    },
    {
      "type": "insert-node",
      "node": {
        "label": "org.junit.internal.runner.JUnit4RunnerStrategy",
        "type": "TypeAccess"
      },
      "location-after-char-start": 0,
      "location-after-char-end": 0,
      "node-str": "org.junit.internal.runner.JUnit4RunnerStrategy"
    },
    {
      "type": "insert-node",
      "node": {
        "label": "org.junit.internal.runner.TestFailure(java.lang.Object,java.lang.String,java.lang.AssertionError)",
        "type": "ConstructorCall"
      },
      "location-after-char-start": 4219,
      "location-after-char-end": 4400,
      "node-str": "org.junit.internal.runner.TestFailure(java.lang.Object,java.lang.String,java.lang.AssertionError)"
    },
    {
      "type": "insert-node",
      "node": {
        "label": "test",
        "type": "VariableRead"
      },
      "location-after-char-start": 4235,
      "location-after-char-end": 4238,
      "node-str": "test"
    },
    {
      "type": "insert-node",
      "node": {
        "label": "getName",
        "type": "Invocation"
      },
      "location-after-char-start": 4241,
      "location-after-char-end": 4256,
      "node-str": "getName"
    },
    {
      "type": "insert-node",
      "node": {
        "label": "java.lang.AssertionError(java.lang.Object)",
        "type": "ConstructorCall"
      },
      "location-after-char-start": 4259,
      "location-after-char-end": 4399,
      "node-str": "java.lang.AssertionError(java.lang.Object)"
    },
    {
      "type": "insert-node",
      "node": {
        "label": "method",
        "type": "VariableRead"
      },
      "location-after-char-start": 4241,
      "location-after-char-end": 4246,
      "node-str": "method"
    },
    {
      "type": "insert-node",
      "node": {
        "label": "PLUS",
        "type": "BinaryOperator"
      },
      "location-after-char-start": 4278,
      "location-after-char-end": 4398,
      "node-str": "PLUS"
    },
    {
      "type": "insert-node",
      "node": {
        "label": "PLUS",
        "type": "BinaryOperator"
      },
      "location-after-char-start": 4278,
      "location-after-char-end": 4392,
      "node-str": "PLUS"
    },
    {
      "type": "insert-node",
      "node": {
        "label": "\"\u003e\"",
        "type": "Literal"
      },
      "location-after-char-start": 4396,
      "location-after-char-end": 4398,
      "node-str": "\"\u003e\""
    },
    {
      "type": "insert-node",
      "node": {
        "label": "PLUS",
        "type": "BinaryOperator"
      },
      "location-after-char-start": 4278,
      "location-after-char-end": 4346,
      "node-str": "PLUS"
    },
    {
      "type": "insert-node",
      "node": {
        "label": "getName",
        "type": "Invocation"
      },
      "location-after-char-start": 4350,
      "location-after-char-end": 4392,
      "node-str": "getName"
    },
    {
      "type": "insert-node",
      "node": {
        "label": "PLUS",
        "type": "BinaryOperator"
      },
      "location-after-char-start": 4278,
      "location-after-char-end": 4331,
      "node-str": "PLUS"
    },
    {
      "type": "insert-node",
      "node": {
        "label": "\"\u003e but was\u003c\"",
        "type": "Literal"
      },
      "location-after-char-start": 4335,
      "location-after-char-end": 4346,
      "node-str": "\"\u003e but was\u003c\""
    },
    {
      "type": "insert-node",
      "node": {
        "label": "getClass",
        "type": "Invocation"
      },
      "location-after-char-start": 4350,
      "location-after-char-end": 4382,
      "node-str": "getClass"
    },
    {
      "type": "insert-node",
      "node": {
        "label": "\"Unexpected exception, expected\u003c\"",
        "type": "Literal"
      },
      "location-after-char-start": 4278,
      "location-after-char-end": 4310,
      "node-str": "\"Unexpected exception, expected\u003c\""
    },
    {
      "type": "insert-node",
      "node": {
        "label": "getName",
        "type": "Invocation"
      },
      "location-after-char-start": 4314,
      "location-after-char-end": 4331,
      "node-str": "getName"
    },
    {
      "type": "insert-node",
      "node": {
        "label": "getTargetException",
        "type": "Invocation"
      },
      "location-after-char-start": 4350,
      "location-after-char-end": 4371,
      "node-str": "getTargetException"
    },
    {
      "type": "insert-node",
      "node": {
        "label": "expected",
        "type": "VariableRead"
      },
      "location-after-char-start": 4314,
      "location-after-char-end": 4321,
      "node-str": "expected"
    },
    {
      "type": "insert-node",
      "node": {
        "label": "e",
        "type": "VariableRead"
      },
      "location-after-char-start": 4350,
      "location-after-char-end": 4350,
      "node-str": "e"
    },
    {
      "type": "delete-node",
      "node": {
        "label": "public",
        "type": "Modifier"
      },
      "location-before-char-start": 0,
      "location-before-char-end": 0,
      "node-str": "public"
    },
    {
      "type": "delete-node",
      "node": {
        "label": "java.lang.Class",
        "type": "VARIABLE_TYPE"
      },
      "location-before-char-start": 0,
      "location-before-char-end": 0,
      "node-str": "java.lang.Class"
    },
    {
      "type": "delete-node",
      "node": {
        "label": "final",
        "type": "Modifier"
      },
      "location-before-char-start": 0,
      "location-before-char-end": 0,
      "node-str": "final"
    },
    {
      "type": "delete-node",
      "node": {
        "label": "fTestClass",
        "type": "Field"
      },
      "location-before-char-start": 701,
      "location-before-char-end": 750,
      "node-str": "fTestClass"
    },
    {
      "type": "delete-node",
      "node": {
        "label": "org.junit.internal.runner.TestIntrospector",
        "type": "VARIABLE_TYPE"
      },
      "location-before-char-start": 0,
      "location-before-char-end": 0,
      "node-str": "org.junit.internal.runner.TestIntrospector"
    },
    {
      "type": "delete-node",
      "node": {
        "label": "final",
        "type": "Modifier"
      },
      "location-before-char-start": 0,
      "location-before-char-end": 0,
      "node-str": "final"
    },
    {
      "type": "delete-node",
      "node": {
        "label": "fTestIntrospector",
        "type": "Field"
      },
      "location-before-char-start": 753,
      "location-before-char-end": 801,
      "node-str": "fTestIntrospector"
    },
    {
      "type": "delete-node",
      "node": {
        "label": "org.junit.internal.runner.TestNotifier",
        "type": "VARIABLE_TYPE"
      },
      "location-before-char-start": 0,
      "location-before-char-end": 0,
      "node-str": "org.junit.internal.runner.TestNotifier"
    },
    {
      "type": "delete-node",
      "node": {
        "label": "fNotifier",
        "type": "Field"
      },
      "location-before-char-start": 804,
      "location-before-char-end": 834,
      "node-str": "fNotifier"
    },
    {
      "type": "delete-node",
      "node": {
        "label": "public",
        "type": "Modifier"
      },
      "location-before-char-start": 0,
      "location-before-char-end": 0,
      "node-str": "public"
    },
    {
      "type": "delete-node",
      "node": {
        "label": "void",
        "type": "RETURN_TYPE"
      },
      "location-before-char-start": 0,
      "location-before-char-end": 0,
      "node-str": "void"
    },
    {
      "type": "delete-node",
      "node": {
        "label": "java.lang.Exception",
        "type": "THROWS"
      },
      "location-before-char-start": 0,
      "location-before-char-end": 0,
      "node-str": "java.lang.Exception"
    },
    {
      "type": "delete-node",
      "node": {
        "label": "java.lang.reflect.Method",
        "type": "VARIABLE_TYPE"
      },
      "location-before-char-start": 0,
      "location-before-char-end": 0,
      "node-str": "java.lang.reflect.Method"
    },
    {
      "type": "delete-node",
      "node": {
        "label": "method",
        "type": "Parameter"
      },
      "location-before-char-start": 1763,
      "location-before-char-end": 1775,
      "node-str": "method"
    },
    {
      "type": "delete-node",
      "node": {
        "label": "java.lang.Object",
        "type": "VARIABLE_TYPE"
      },
      "location-before-char-start": 0,
      "location-before-char-end": 0,
      "node-str": "java.lang.Object"
    },
    {
      "type": "delete-node",
      "node": {
        "label": "org.junit.internal.runner.JUnit4RunnerStrategy",
        "type": "TypeAccess"
      },
      "location-before-char-start": 0,
      "location-before-char-end": 0,
      "node-str": "org.junit.internal.runner.JUnit4RunnerStrategy"
    },
    {
      "type": "delete-node",
      "node": {
        "label": "getTestConstructor",
        "type": "Invocation"
      },
      "location-before-char-start": 1812,
      "location-before-char-end": 1831,
      "node-str": "getTestConstructor"
    },
    {
      "type": "delete-node",
      "node": {
        "label": "newInstance",
        "type": "Invocation"
      },
      "location-before-char-start": 1812,
      "location-before-char-end": 1845,
      "node-str": "newInstance"
    },
    {
      "type": "delete-node",
      "node": {
        "label": "test",
        "type": "LocalVariable"
      },
      "location-before-char-start": 1799,
      "location-before-char-end": 1846,
      "node-str": "test"
    },
    {
      "type": "delete-node",
      "node": {
        "label": "invokeTestMethod",
        "type": "Method"
      },
      "location-before-char-start": 1733,
      "location-before-char-end": 1883,
      "node-str": "invokeTestMethod"
    },
    {
      "type": "delete-node",
      "node": {
        "label": "ELSE",
        "type": "else"
      },
      "location-before-char-start": 2055,
      "location-before-char-end": 2270,
      "node-str": "ELSE"
    },
    {
      "type": "delete-node",
      "node": {
        "label": "java.lang.reflect.Constructor",
        "type": "RETURN_TYPE"
      },
      "location-before-char-start": 0,
      "location-before-char-end": 0,
      "node-str": "java.lang.reflect.Constructor"
    },
    {
      "type": "delete-node",
      "node": {
        "label": "java.lang.NoSuchMethodException",
        "type": "THROWS"
      },
      "location-before-char-start": 0,
      "location-before-char-end": 0,
      "node-str": "java.lang.NoSuchMethodException"
    },
    {
      "type": "delete-node",
      "node": {
        "label": "java.lang.SecurityException",
        "type": "THROWS"
      },
      "location-before-char-start": 0,
      "location-before-char-end": 0,
      "node-str": "java.lang.SecurityException"
    },
    {
      "type": "delete-node",
      "node": {
        "label": "protected",
        "type": "Modifier"
      },
      "location-before-char-start": 0,
      "location-before-char-end": 0,
      "node-str": "protected"
    },
    {
      "type": "delete-node",
      "node": {
        "label": "org.junit.internal.runner.JUnit4RunnerStrategy",
        "type": "TypeAccess"
      },
      "location-before-char-start": 0,
      "location-before-char-end": 0,
      "node-str": "org.junit.internal.runner.JUnit4RunnerStrategy"
    },
    {
      "type": "delete-node",
      "node": {
        "label": "fTestClass",
        "type": "FieldRead"
      },
      "location-before-char-start": 2398,
      "location-before-char-end": 2407,
      "node-str": "fTestClass"
    },
    {
      "type": "delete-node",
      "node": {
        "label": "getConstructor",
        "type": "Invocation"
      },
      "location-before-char-start": 2398,
      "location-before-char-end": 2424,
      "node-str": "getConstructor"
    },
    {
      "type": "delete-node",
      "node": {
        "label": "return",
        "type": "Return"
      },
      "location-before-char-start": 2391,
      "location-before-char-end": 2425,
      "node-str": "return"
    },
    {
      "type": "delete-node",
      "node": {
        "label": "getTestConstructor",
        "type": "Method"
      },
      "location-before-char-start": 2277,
      "location-before-char-end": 2428,
      "node-str": "getTestConstructor"
    },
    {
      "type": "delete-node",
      "node": {
        "label": "public",
        "type": "Modifier"
      },
      "location-before-char-start": 0,
      "location-before-char-end": 0,
      "node-str": "public"
    },
    {
      "type": "delete-node",
      "node": {
        "label": "void",
        "type": "RETURN_TYPE"
      },
      "location-before-char-start": 0,
      "location-before-char-end": 0,
      "node-str": "void"
    },
    {
      "type": "delete-node",
      "node": {
        "label": "java.lang.Object",
        "type": "VARIABLE_TYPE"
      },
      "location-before-char-start": 0,
      "location-before-char-end": 0,
      "node-str": "java.lang.Object"
    },
    {
      "type": "delete-node",
      "node": {
        "label": "test",
        "type": "Parameter"
      },
      "location-before-char-start": 3546,
      "location-before-char-end": 3556,
      "node-str": "test"
    },
    {
      "type": "delete-node",
      "node": {
        "label": "java.lang.reflect.Method",
        "type": "VARIABLE_TYPE"
      },
      "location-before-char-start": 0,
      "location-before-char-end": 0,
      "node-str": "java.lang.reflect.Method"
    },
    {
      "type": "delete-node",
      "node": {
        "label": "method",
        "type": "Parameter"
      },
      "location-before-char-start": 3559,
      "location-before-char-end": 3571,
      "node-str": "method"
    },
    {
      "type": "delete-node",
      "node": {
        "label": "public",
        "type": "Modifier"
      },
      "location-before-char-start": 0,
      "location-before-char-end": 0,
      "node-str": "public"
    },
    {
      "type": "delete-node",
      "node": {
        "label": "public",
        "type": "Modifier"
      },
      "location-before-char-start": 0,
      "location-before-char-end": 0,
      "node-str": "public"
    }
  ],
  "before-file": {},
  "after-file": {},
  "mapping": {}
}