{
  "tool-info": {},
  "diff": [
    {
      "type": "insert-node",
      "node": {
        "label": "public",
        "type": "Modifier"
      },
      "location-after-char-start": 0,
      "location-after-char-end": 0,
      "node-str": "public"
    },
    {
      "type": "insert-node",
      "node": {
        "label": "setEntry",
        "type": "Method"
      },
      "location-after-char-start": 1528,
      "location-after-char-end": 1811,
      "node-str": "setEntry"
    },
    {
      "type": "insert-node",
      "node": {
        "label": "clear",
        "type": "Method"
      },
      "location-after-char-start": 1815,
      "location-after-char-end": 2007,
      "node-str": "clear"
    },
    {
      "type": "insert-node",
      "node": {
        "label": "getHistory",
        "type": "Method"
      },
      "location-after-char-start": 2011,
      "location-after-char-end": 2133,
      "node-str": "getHistory"
    },
    {
      "type": "insert-node",
      "node": {
        "label": "history",
        "type": "Field"
      },
      "location-after-char-start": 5044,
      "location-after-char-end": 5100,
      "node-str": "history"
    },
    {
      "type": "insert-node",
      "node": {
        "label": "recentModTime",
        "type": "Field"
      },
      "location-after-char-start": 5103,
      "location-after-char-end": 5136,
      "node-str": "recentModTime"
    },
    {
      "type": "insert-node",
      "node": {
        "label": "",
        "type": "AnonymousExecutable"
      },
      "location-after-char-start": 5140,
      "location-after-char-end": 5212,
      "node-str": ""
    },
    {
      "type": "insert-node",
      "node": {
        "label": "addEntry",
        "type": "Method"
      },
      "location-after-char-start": 5216,
      "location-after-char-end": 5437,
      "node-str": "addEntry"
    },
    {
      "type": "insert-node",
      "node": {
        "label": "void",
        "type": "RETURN_TYPE"
      },
      "location-after-char-start": 0,
      "location-after-char-end": 0,
      "node-str": "void"
    },
    {
      "type": "insert-node",
      "node": {
        "label": "public",
        "type": "Modifier"
      },
      "location-after-char-start": 0,
      "location-after-char-end": 0,
      "node-str": "public"
    },
    {
      "type": "insert-node",
      "node": {
        "label": "static",
        "type": "Modifier"
      },
      "location-after-char-start": 0,
      "location-after-char-end": 0,
      "node-str": "static"
    },
    {
      "type": "insert-node",
      "node": {
        "label": "path",
        "type": "Parameter"
      },
      "location-after-char-start": 1581,
      "location-after-char-end": 1591,
      "node-str": "path"
    },
    {
      "type": "insert-node",
      "node": {
        "label": "caret",
        "type": "Parameter"
      },
      "location-after-char-start": 1594,
      "location-after-char-end": 1602,
      "node-str": "caret"
    },
    {
      "type": "insert-node",
      "node": {
        "label": "selection",
        "type": "Parameter"
      },
      "location-after-char-start": 1605,
      "location-after-char-end": 1625,
      "node-str": "selection"
    },
    {
      "type": "insert-node",
      "node": {
        "label": "encoding",
        "type": "Parameter"
      },
      "location-after-char-start": 1630,
      "location-after-char-end": 1644,
      "node-str": "encoding"
    },
    {
      "type": "insert-node",
      "node": {
        "label": "removeEntry",
        "type": "Invocation"
      },
      "location-after-char-start": 1652,
      "location-after-char-end": 1669,
      "node-str": "removeEntry"
    },
    {
      "type": "insert-node",
      "node": {
        "label": "addEntry",
        "type": "Invocation"
      },
      "location-after-char-start": 1673,
      "location-after-char-end": 1746,
      "node-str": "addEntry"
    },
    {
      "type": "insert-node",
      "node": {
        "label": "send",
        "type": "Invocation"
      },
      "location-after-char-start": 1750,
      "location-after-char-end": 1802,
      "node-str": "send"
    },
    {
      "type": "insert-node",
      "node": {
        "label": "void",
        "type": "RETURN_TYPE"
      },
      "location-after-char-start": 0,
      "location-after-char-end": 0,
      "node-str": "void"
    },
    {
      "type": "insert-node",
      "node": {
        "label": "public",
        "type": "Modifier"
      },
      "location-after-char-start": 0,
      "location-after-char-end": 0,
      "node-str": "public"
    },
    {
      "type": "insert-node",
      "node": {
        "label": "static",
        "type": "Modifier"
      },
      "location-after-char-start": 0,
      "location-after-char-end": 0,
      "node-str": "static"
    },
    {
      "type": "insert-node",
      "node": {
        "label": "clear",
        "type": "Invocation"
      },
      "location-after-char-start": 1927,
      "location-after-char-end": 1942,
      "node-str": "clear"
    },
    {
      "type": "insert-node",
      "node": {
        "label": "send",
        "type": "Invocation"
      },
      "location-after-char-start": 1946,
      "location-after-char-end": 1998,
      "node-str": "send"
    },
    {
      "type": "insert-node",
      "node": {
        "label": "java.util.List",
        "type": "RETURN_TYPE"
      },
      "location-after-char-start": 0,
      "location-after-char-end": 0,
      "node-str": "java.util.List"
    },
    {
      "type": "insert-node",
      "node": {
        "label": "public",
        "type": "Modifier"
      },
      "location-after-char-start": 0,
      "location-after-char-end": 0,
      "node-str": "public"
    },
    {
      "type": "insert-node",
      "node": {
        "label": "static",
        "type": "Modifier"
      },
      "location-after-char-start": 0,
      "location-after-char-end": 0,
      "node-str": "static"
    },
    {
      "type": "insert-node",
      "node": {
        "label": "return",
        "type": "Return"
      },
      "location-after-char-start": 2110,
      "location-after-char-end": 2124,
      "node-str": "return"
    },
    {
      "type": "insert-node",
      "node": {
        "label": "java.util.LinkedList",
        "type": "VARIABLE_TYPE"
      },
      "location-after-char-start": 0,
      "location-after-char-end": 0,
      "node-str": "java.util.LinkedList"
    },
    {
      "type": "insert-node",
      "node": {
        "label": "static",
        "type": "Modifier"
      },
      "location-after-char-start": 0,
      "location-after-char-end": 0,
      "node-str": "static"
    },
    {
      "type": "insert-node",
      "node": {
        "label": "long",
        "type": "VARIABLE_TYPE"
      },
      "location-after-char-start": 0,
      "location-after-char-end": 0,
      "node-str": "long"
    },
    {
      "type": "insert-node",
      "node": {
        "label": "static",
        "type": "Modifier"
      },
      "location-after-char-start": 0,
      "location-after-char-end": 0,
      "node-str": "static"
    },
    {
      "type": "insert-node",
      "node": {
        "label": "static",
        "type": "Modifier"
      },
      "location-after-char-start": 0,
      "location-after-char-end": 0,
      "node-str": "static"
    },
    {
      "type": "insert-node",
      "node": {
        "label": "\u003d",
        "type": "Assignment"
      },
      "location-after-char-start": 5177,
      "location-after-char-end": 5203,
      "node-str": "\u003d"
    },
    {
      "type": "insert-node",
      "node": {
        "label": "void",
        "type": "RETURN_TYPE"
      },
      "location-after-char-start": 0,
      "location-after-char-end": 0,
      "node-str": "void"
    },
    {
      "type": "insert-node",
      "node": {
        "label": "static",
        "type": "Modifier"
      },
      "location-after-char-start": 0,
      "location-after-char-end": 0,
      "node-str": "static"
    },
    {
      "type": "insert-node",
      "node": {
        "label": "entry",
        "type": "Parameter"
      },
      "location-after-char-start": 5276,
      "location-after-char-end": 5286,
      "node-str": "entry"
    },
    {
      "type": "insert-node",
      "node": {
        "label": "addFirst",
        "type": "Invocation"
      },
      "location-after-char-start": 5294,
      "location-after-char-end": 5317,
      "node-str": "addFirst"
    },
    {
      "type": "insert-node",
      "node": {
        "label": "max",
        "type": "LocalVariable"
      },
      "location-after-char-start": 5321,
      "location-after-char-end": 5373,
      "node-str": "max"
    },
    {
      "type": "insert-node",
      "node": {
        "label": "while",
        "type": "While"
      },
      "location-after-char-start": 5377,
      "location-after-char-end": 5428,
      "node-str": "while"
    },
    {
      "type": "insert-node",
      "node": {
        "label": "java.lang.String",
        "type": "VARIABLE_TYPE"
      },
      "location-after-char-start": 0,
      "location-after-char-end": 0,
      "node-str": "java.lang.String"
    },
    {
      "type": "insert-node",
      "node": {
        "label": "int",
        "type": "VARIABLE_TYPE"
      },
      "location-after-char-start": 0,
      "location-after-char-end": 0,
      "node-str": "int"
    },
    {
      "type": "insert-node",
      "node": {
        "label": "Selection[]",
        "type": "VARIABLE_TYPE"
      },
      "location-after-char-start": 0,
      "location-after-char-end": 0,
      "node-str": "Selection[]"
    },
    {
      "type": "insert-node",
      "node": {
        "label": "java.lang.String",
        "type": "VARIABLE_TYPE"
      },
      "location-after-char-start": 0,
      "location-after-char-end": 0,
      "node-str": "java.lang.String"
    },
    {
      "type": "insert-node",
      "node": {
        "label": "path",
        "type": "VariableRead"
      },
      "location-after-char-start": 1664,
      "location-after-char-end": 1667,
      "node-str": "path"
    },
    {
      "type": "insert-node",
      "node": {
        "label": "org.gjt.sp.jedit.BufferHistory$Entry(java.lang.String,int,java.lang.String,java.lang.String)",
        "type": "ConstructorCall"
      },
      "location-after-char-start": 1682,
      "location-after-char-end": 1744,
      "node-str": "org.gjt.sp.jedit.BufferHistory$Entry(java.lang.String,int,java.lang.String,java.lang.String)"
    },
    {
      "type": "insert-node",
      "node": {
        "label": "EditBus",
        "type": "TypeAccess"
      },
      "location-after-char-start": 1750,
      "location-after-char-end": 1756,
      "node-str": "EditBus"
    },
    {
      "type": "insert-node",
      "node": {
        "label": "org.gjt.sp.jedit.msg.DynamicMenuChanged(java.lang.String)",
        "type": "ConstructorCall"
      },
      "location-after-char-start": 1763,
      "location-after-char-end": 1800,
      "node-str": "org.gjt.sp.jedit.msg.DynamicMenuChanged(java.lang.String)"
    },
    {
      "type": "insert-node",
      "node": {
        "label": "history",
        "type": "FieldRead"
      },
      "location-after-char-start": 1927,
      "location-after-char-end": 1933,
      "node-str": "history"
    },
    {
      "type": "insert-node",
      "node": {
        "label": "EditBus",
        "type": "TypeAccess"
      },
      "location-after-char-start": 1946,
      "location-after-char-end": 1952,
      "node-str": "EditBus"
    },
    {
      "type": "insert-node",
      "node": {
        "label": "org.gjt.sp.jedit.msg.DynamicMenuChanged(java.lang.String)",
        "type": "ConstructorCall"
      },
      "location-after-char-start": 1959,
      "location-after-char-end": 1996,
      "node-str": "org.gjt.sp.jedit.msg.DynamicMenuChanged(java.lang.String)"
    },
    {
      "type": "insert-node",
      "node": {
        "label": "history",
        "type": "FieldRead"
      },
      "location-after-char-start": 2117,
      "location-after-char-end": 2123,
      "node-str": "history"
    },
    {
      "type": "insert-node",
      "node": {
        "label": "history",
        "type": "FieldWrite"
      },
      "location-after-char-start": 5177,
      "location-after-char-end": 5183,
      "node-str": "history"
    },
    {
      "type": "insert-node",
      "node": {
        "label": "java.util.LinkedList()",
        "type": "ConstructorCall"
      },
      "location-after-char-start": 5187,
      "location-after-char-end": 5202,
      "node-str": "java.util.LinkedList()"
    },
    {
      "type": "insert-node",
      "node": {
        "label": "org.gjt.sp.jedit.BufferHistory$Entry",
        "type": "VARIABLE_TYPE"
      },
      "location-after-char-start": 0,
      "location-after-char-end": 0,
      "node-str": "org.gjt.sp.jedit.BufferHistory$Entry"
    },
    {
      "type": "insert-node",
      "node": {
        "label": "history",
        "type": "FieldRead"
      },
      "location-after-char-start": 5294,
      "location-after-char-end": 5300,
      "node-str": "history"
    },
    {
      "type": "insert-node",
      "node": {
        "label": "entry",
        "type": "VariableRead"
      },
      "location-after-char-start": 5311,
      "location-after-char-end": 5315,
      "node-str": "entry"
    },
    {
      "type": "insert-node",
      "node": {
        "label": "int",
        "type": "VARIABLE_TYPE"
      },
      "location-after-char-start": 0,
      "location-after-char-end": 0,
      "node-str": "int"
    },
    {
      "type": "insert-node",
      "node": {
        "label": "getIntegerProperty",
        "type": "Invocation"
      },
      "location-after-char-start": 5331,
      "location-after-char-end": 5372,
      "node-str": "getIntegerProperty"
    },
    {
      "type": "insert-node",
      "node": {
        "label": "GT",
        "type": "BinaryOperator"
      },
      "location-after-char-start": 5383,
      "location-after-char-end": 5402,
      "node-str": "GT"
    },
    {
      "type": "insert-node",
      "node": {
        "label": "removeLast",
        "type": "Invocation"
      },
      "location-after-char-start": 5408,
      "location-after-char-end": 5428,
      "node-str": "removeLast"
    },
    {
      "type": "insert-node",
      "node": {
        "label": "path",
        "type": "VariableRead"
      },
      "location-after-char-start": 1692,
      "location-after-char-end": 1695,
      "node-str": "path"
    },
    {
      "type": "insert-node",
      "node": {
        "label": "caret",
        "type": "VariableRead"
      },
      "location-after-char-start": 1697,
      "location-after-char-end": 1701,
      "node-str": "caret"
    },
    {
      "type": "insert-node",
      "node": {
        "label": "selectionToString",
        "type": "Invocation"
      },
      "location-after-char-start": 1703,
      "location-after-char-end": 1730,
      "node-str": "selectionToString"
    },
    {
      "type": "insert-node",
      "node": {
        "label": "encoding",
        "type": "VariableRead"
      },
      "location-after-char-start": 1736,
      "location-after-char-end": 1743,
      "node-str": "encoding"
    },
    {
      "type": "insert-node",
      "node": {
        "label": "\"recent-files\"",
        "type": "Literal"
      },
      "location-after-char-start": 1786,
      "location-after-char-end": 1799,
      "node-str": "\"recent-files\""
    },
    {
      "type": "insert-node",
      "node": {
        "label": "\"recent-files\"",
        "type": "Literal"
      },
      "location-after-char-start": 1982,
      "location-after-char-end": 1995,
      "node-str": "\"recent-files\""
    },
    {
      "type": "insert-node",
      "node": {
        "label": "jEdit",
        "type": "FieldRead"
      },
      "location-after-char-start": 5331,
      "location-after-char-end": 5335,
      "node-str": "jEdit"
    },
    {
      "type": "insert-node",
      "node": {
        "label": "\"recentFiles\"",
        "type": "Literal"
      },
      "location-after-char-start": 5356,
      "location-after-char-end": 5368,
      "node-str": "\"recentFiles\""
    },
    {
      "type": "insert-node",
      "node": {
        "label": "50",
        "type": "Literal"
      },
      "location-after-char-start": 5370,
      "location-after-char-end": 5371,
      "node-str": "50"
    },
    {
      "type": "insert-node",
      "node": {
        "label": "size",
        "type": "Invocation"
      },
      "location-after-char-start": 5383,
      "location-after-char-end": 5396,
      "node-str": "size"
    },
    {
      "type": "insert-node",
      "node": {
        "label": "max",
        "type": "VariableRead"
      },
      "location-after-char-start": 5400,
      "location-after-char-end": 5402,
      "node-str": "max"
    },
    {
      "type": "insert-node",
      "node": {
        "label": "history",
        "type": "FieldRead"
      },
      "location-after-char-start": 5408,
      "location-after-char-end": 5414,
      "node-str": "history"
    },
    {
      "type": "insert-node",
      "node": {
        "label": "selection",
        "type": "VariableRead"
      },
      "location-after-char-start": 1721,
      "location-after-char-end": 1729,
      "node-str": "selection"
    },
    {
      "type": "insert-node",
      "node": {
        "label": "history",
        "type": "FieldRead"
      },
      "location-after-char-start": 5383,
      "location-after-char-end": 5389,
      "node-str": "history"
    },
    {
      "type": "delete-node",
      "node": {
        "label": "public",
        "type": "Modifier"
      },
      "location-before-char-start": 0,
      "location-before-char-end": 0,
      "node-str": "public"
    },
    {
      "type": "delete-node",
      "node": {
        "label": "void",
        "type": "RETURN_TYPE"
      },
      "location-before-char-start": 0,
      "location-before-char-end": 0,
      "node-str": "void"
    },
    {
      "type": "delete-node",
      "node": {
        "label": "public",
        "type": "Modifier"
      },
      "location-before-char-start": 0,
      "location-before-char-end": 0,
      "node-str": "public"
    },
    {
      "type": "delete-node",
      "node": {
        "label": "static",
        "type": "Modifier"
      },
      "location-before-char-start": 0,
      "location-before-char-end": 0,
      "node-str": "static"
    },
    {
      "type": "delete-node",
      "node": {
        "label": "java.lang.String",
        "type": "VARIABLE_TYPE"
      },
      "location-before-char-start": 0,
      "location-before-char-end": 0,
      "node-str": "java.lang.String"
    },
    {
      "type": "delete-node",
      "node": {
        "label": "path",
        "type": "Parameter"
      },
      "location-before-char-start": 1581,
      "location-before-char-end": 1591,
      "node-str": "path"
    },
    {
      "type": "delete-node",
      "node": {
        "label": "int",
        "type": "VARIABLE_TYPE"
      },
      "location-before-char-start": 0,
      "location-before-char-end": 0,
      "node-str": "int"
    },
    {
      "type": "delete-node",
      "node": {
        "label": "caret",
        "type": "Parameter"
      },
      "location-before-char-start": 1594,
      "location-before-char-end": 1602,
      "node-str": "caret"
    },
    {
      "type": "delete-node",
      "node": {
        "label": "Selection[]",
        "type": "VARIABLE_TYPE"
      },
      "location-before-char-start": 0,
      "location-before-char-end": 0,
      "node-str": "Selection[]"
    },
    {
      "type": "delete-node",
      "node": {
        "label": "selection",
        "type": "Parameter"
      },
      "location-before-char-start": 1605,
      "location-before-char-end": 1625,
      "node-str": "selection"
    },
    {
      "type": "delete-node",
      "node": {
        "label": "java.lang.String",
        "type": "VARIABLE_TYPE"
      },
      "location-before-char-start": 0,
      "location-before-char-end": 0,
      "node-str": "java.lang.String"
    },
    {
      "type": "delete-node",
      "node": {
        "label": "encoding",
        "type": "Parameter"
      },
      "location-before-char-start": 1630,
      "location-before-char-end": 1644,
      "node-str": "encoding"
    },
    {
      "type": "delete-node",
      "node": {
        "label": "path",
        "type": "VariableRead"
      },
      "location-before-char-start": 1664,
      "location-before-char-end": 1667,
      "node-str": "path"
    },
    {
      "type": "delete-node",
      "node": {
        "label": "removeEntry",
        "type": "Invocation"
      },
      "location-before-char-start": 1652,
      "location-before-char-end": 1669,
      "node-str": "removeEntry"
    },
    {
      "type": "delete-node",
      "node": {
        "label": "path",
        "type": "VariableRead"
      },
      "location-before-char-start": 1692,
      "location-before-char-end": 1695,
      "node-str": "path"
    },
    {
      "type": "delete-node",
      "node": {
        "label": "caret",
        "type": "VariableRead"
      },
      "location-before-char-start": 1697,
      "location-before-char-end": 1701,
      "node-str": "caret"
    },
    {
      "type": "delete-node",
      "node": {
        "label": "selection",
        "type": "VariableRead"
      },
      "location-before-char-start": 1721,
      "location-before-char-end": 1729,
      "node-str": "selection"
    },
    {
      "type": "delete-node",
      "node": {
        "label": "selectionToString",
        "type": "Invocation"
      },
      "location-before-char-start": 1703,
      "location-before-char-end": 1730,
      "node-str": "selectionToString"
    },
    {
      "type": "delete-node",
      "node": {
        "label": "encoding",
        "type": "VariableRead"
      },
      "location-before-char-start": 1736,
      "location-before-char-end": 1743,
      "node-str": "encoding"
    },
    {
      "type": "delete-node",
      "node": {
        "label": "org.gjt.sp.jedit.BufferHistory$Entry(java.lang.String,int,java.lang.String,java.lang.String)",
        "type": "ConstructorCall"
      },
      "location-before-char-start": 1682,
      "location-before-char-end": 1744,
      "node-str": "org.gjt.sp.jedit.BufferHistory$Entry(java.lang.String,int,java.lang.String,java.lang.String)"
    },
    {
      "type": "delete-node",
      "node": {
        "label": "addEntry",
        "type": "Invocation"
      },
      "location-before-char-start": 1673,
      "location-before-char-end": 1746,
      "node-str": "addEntry"
    },
    {
      "type": "delete-node",
      "node": {
        "label": "EditBus",
        "type": "TypeAccess"
      },
      "location-before-char-start": 1750,
      "location-before-char-end": 1756,
      "node-str": "EditBus"
    },
    {
      "type": "delete-node",
      "node": {
        "label": "\"recent-files\"",
        "type": "Literal"
      },
      "location-before-char-start": 1786,
      "location-before-char-end": 1799,
      "node-str": "\"recent-files\""
    },
    {
      "type": "delete-node",
      "node": {
        "label": "org.gjt.sp.jedit.msg.DynamicMenuChanged(java.lang.String)",
        "type": "ConstructorCall"
      },
      "location-before-char-start": 1763,
      "location-before-char-end": 1800,
      "node-str": "org.gjt.sp.jedit.msg.DynamicMenuChanged(java.lang.String)"
    },
    {
      "type": "delete-node",
      "node": {
        "label": "send",
        "type": "Invocation"
      },
      "location-before-char-start": 1750,
      "location-before-char-end": 1802,
      "node-str": "send"
    },
    {
      "type": "delete-node",
      "node": {
        "label": "setEntry",
        "type": "Method"
      },
      "location-before-char-start": 1528,
      "location-before-char-end": 1811,
      "node-str": "setEntry"
    },
    {
      "type": "delete-node",
      "node": {
        "label": "void",
        "type": "RETURN_TYPE"
      },
      "location-before-char-start": 0,
      "location-before-char-end": 0,
      "node-str": "void"
    },
    {
      "type": "delete-node",
      "node": {
        "label": "public",
        "type": "Modifier"
      },
      "location-before-char-start": 0,
      "location-before-char-end": 0,
      "node-str": "public"
    },
    {
      "type": "delete-node",
      "node": {
        "label": "static",
        "type": "Modifier"
      },
      "location-before-char-start": 0,
      "location-before-char-end": 0,
      "node-str": "static"
    },
    {
      "type": "delete-node",
      "node": {
        "label": "history",
        "type": "FieldRead"
      },
      "location-before-char-start": 1927,
      "location-before-char-end": 1933,
      "node-str": "history"
    },
    {
      "type": "delete-node",
      "node": {
        "label": "clear",
        "type": "Invocation"
      },
      "location-before-char-start": 1927,
      "location-before-char-end": 1942,
      "node-str": "clear"
    },
    {
      "type": "delete-node",
      "node": {
        "label": "clear",
        "type": "Method"
      },
      "location-before-char-start": 1815,
      "location-before-char-end": 1951,
      "node-str": "clear"
    },
    {
      "type": "delete-node",
      "node": {
        "label": "java.util.List",
        "type": "RETURN_TYPE"
      },
      "location-before-char-start": 0,
      "location-before-char-end": 0,
      "node-str": "java.util.List"
    },
    {
      "type": "delete-node",
      "node": {
        "label": "public",
        "type": "Modifier"
      },
      "location-before-char-start": 0,
      "location-before-char-end": 0,
      "node-str": "public"
    },
    {
      "type": "delete-node",
      "node": {
        "label": "static",
        "type": "Modifier"
      },
      "location-before-char-start": 0,
      "location-before-char-end": 0,
      "node-str": "static"
    },
    {
      "type": "delete-node",
      "node": {
        "label": "history",
        "type": "FieldRead"
      },
      "location-before-char-start": 2062,
      "location-before-char-end": 2068,
      "node-str": "history"
    },
    {
      "type": "delete-node",
      "node": {
        "label": "return",
        "type": "Return"
      },
      "location-before-char-start": 2055,
      "location-before-char-end": 2069,
      "node-str": "return"
    },
    {
      "type": "delete-node",
      "node": {
        "label": "getHistory",
        "type": "Method"
      },
      "location-before-char-start": 1956,
      "location-before-char-end": 2078,
      "node-str": "getHistory"
    },
    {
      "type": "delete-node",
      "node": {
        "label": "java.util.LinkedList",
        "type": "VARIABLE_TYPE"
      },
      "location-before-char-start": 0,
      "location-before-char-end": 0,
      "node-str": "java.util.LinkedList"
    },
    {
      "type": "delete-node",
      "node": {
        "label": "static",
        "type": "Modifier"
      },
      "location-before-char-start": 0,
      "location-before-char-end": 0,
      "node-str": "static"
    },
    {
      "type": "delete-node",
      "node": {
        "label": "history",
        "type": "Field"
      },
      "location-before-char-start": 4989,
      "location-before-char-end": 5045,
      "node-str": "history"
    },
    {
      "type": "delete-node",
      "node": {
        "label": "long",
        "type": "VARIABLE_TYPE"
      },
      "location-before-char-start": 0,
      "location-before-char-end": 0,
      "node-str": "long"
    },
    {
      "type": "delete-node",
      "node": {
        "label": "static",
        "type": "Modifier"
      },
      "location-before-char-start": 0,
      "location-before-char-end": 0,
      "node-str": "static"
    },
    {
      "type": "delete-node",
      "node": {
        "label": "recentModTime",
        "type": "Field"
      },
      "location-before-char-start": 5048,
      "location-before-char-end": 5081,
      "node-str": "recentModTime"
    },
    {
      "type": "delete-node",
      "node": {
        "label": "static",
        "type": "Modifier"
      },
      "location-before-char-start": 0,
      "location-before-char-end": 0,
      "node-str": "static"
    },
    {
      "type": "delete-node",
      "node": {
        "label": "history",
        "type": "FieldWrite"
      },
      "location-before-char-start": 5122,
      "location-before-char-end": 5128,
      "node-str": "history"
    },
    {
      "type": "delete-node",
      "node": {
        "label": "java.util.LinkedList()",
        "type": "ConstructorCall"
      },
      "location-before-char-start": 5132,
      "location-before-char-end": 5147,
      "node-str": "java.util.LinkedList()"
    },
    {
      "type": "delete-node",
      "node": {
        "label": "\u003d",
        "type": "Assignment"
      },
      "location-before-char-start": 5122,
      "location-before-char-end": 5148,
      "node-str": "\u003d"
    },
    {
      "type": "delete-node",
      "node": {
        "label": "",
        "type": "AnonymousExecutable"
      },
      "location-before-char-start": 5085,
      "location-before-char-end": 5157,
      "node-str": ""
    },
    {
      "type": "delete-node",
      "node": {
        "label": "void",
        "type": "RETURN_TYPE"
      },
      "location-before-char-start": 0,
      "location-before-char-end": 0,
      "node-str": "void"
    },
    {
      "type": "delete-node",
      "node": {
        "label": "static",
        "type": "Modifier"
      },
      "location-before-char-start": 0,
      "location-before-char-end": 0,
      "node-str": "static"
    },
    {
      "type": "delete-node",
      "node": {
        "label": "org.gjt.sp.jedit.BufferHistory$Entry",
        "type": "VARIABLE_TYPE"
      },
      "location-before-char-start": 0,
      "location-before-char-end": 0,
      "node-str": "org.gjt.sp.jedit.BufferHistory$Entry"
    },
    {
      "type": "delete-node",
      "node": {
        "label": "entry",
        "type": "Parameter"
      },
      "location-before-char-start": 5221,
      "location-before-char-end": 5231,
      "node-str": "entry"
    },
    {
      "type": "delete-node",
      "node": {
        "label": "history",
        "type": "FieldRead"
      },
      "location-before-char-start": 5239,
      "location-before-char-end": 5245,
      "node-str": "history"
    },
    {
      "type": "delete-node",
      "node": {
        "label": "entry",
        "type": "VariableRead"
      },
      "location-before-char-start": 5256,
      "location-before-char-end": 5260,
      "node-str": "entry"
    },
    {
      "type": "delete-node",
      "node": {
        "label": "addFirst",
        "type": "Invocation"
      },
      "location-before-char-start": 5239,
      "location-before-char-end": 5262,
      "node-str": "addFirst"
    },
    {
      "type": "delete-node",
      "node": {
        "label": "int",
        "type": "VARIABLE_TYPE"
      },
      "location-before-char-start": 0,
      "location-before-char-end": 0,
      "node-str": "int"
    },
    {
      "type": "delete-node",
      "node": {
        "label": "jEdit",
        "type": "FieldRead"
      },
      "location-before-char-start": 5276,
      "location-before-char-end": 5280,
      "node-str": "jEdit"
    },
    {
      "type": "delete-node",
      "node": {
        "label": "\"recentFiles\"",
        "type": "Literal"
      },
      "location-before-char-start": 5301,
      "location-before-char-end": 5313,
      "node-str": "\"recentFiles\""
    },
    {
      "type": "delete-node",
      "node": {
        "label": "50",
        "type": "Literal"
      },
      "location-before-char-start": 5315,
      "location-before-char-end": 5316,
      "node-str": "50"
    },
    {
      "type": "delete-node",
      "node": {
        "label": "getIntegerProperty",
        "type": "Invocation"
      },
      "location-before-char-start": 5276,
      "location-before-char-end": 5317,
      "node-str": "getIntegerProperty"
    },
    {
      "type": "delete-node",
      "node": {
        "label": "max",
        "type": "LocalVariable"
      },
      "location-before-char-start": 5266,
      "location-before-char-end": 5318,
      "node-str": "max"
    },
    {
      "type": "delete-node",
      "node": {
        "label": "history",
        "type": "FieldRead"
      },
      "location-before-char-start": 5328,
      "location-before-char-end": 5334,
      "node-str": "history"
    },
    {
      "type": "delete-node",
      "node": {
        "label": "size",
        "type": "Invocation"
      },
      "location-before-char-start": 5328,
      "location-before-char-end": 5341,
      "node-str": "size"
    },
    {
      "type": "delete-node",
      "node": {
        "label": "max",
        "type": "VariableRead"
      },
      "location-before-char-start": 5345,
      "location-before-char-end": 5347,
      "node-str": "max"
    },
    {
      "type": "delete-node",
      "node": {
        "label": "GT",
        "type": "BinaryOperator"
      },
      "location-before-char-start": 5328,
      "location-before-char-end": 5347,
      "node-str": "GT"
    },
    {
      "type": "delete-node",
      "node": {
        "label": "history",
        "type": "FieldRead"
      },
      "location-before-char-start": 5353,
      "location-before-char-end": 5359,
      "node-str": "history"
    },
    {
      "type": "delete-node",
      "node": {
        "label": "removeLast",
        "type": "Invocation"
      },
      "location-before-char-start": 5353,
      "location-before-char-end": 5373,
      "node-str": "removeLast"
    },
    {
      "type": "delete-node",
      "node": {
        "label": "while",
        "type": "While"
      },
      "location-before-char-start": 5322,
      "location-before-char-end": 5373,
      "node-str": "while"
    },
    {
      "type": "delete-node",
      "node": {
        "label": "addEntry",
        "type": "Method"
      },
      "location-before-char-start": 5161,
      "location-before-char-end": 5382,
      "node-str": "addEntry"
    }
  ],
  "before-file": {},
  "after-file": {},
  "mapping": {}
}