{
  "tool-info": {},
  "diff": [
    {
      "type": "insert-node",
      "node": {
        "label": "",
        "type": "ImportDeclaration"
      },
      "location-after-char-start": 977,
      "location-after-char-end": 1025,
      "node-str": ""
    },
    {
      "type": "insert-node",
      "node": {
        "label": "",
        "type": "ImportDeclaration"
      },
      "location-after-char-start": 1073,
      "location-after-char-end": 1117,
      "node-str": ""
    },
    {
      "type": "insert-node",
      "node": {
        "label": "",
        "type": "TypeDeclaration"
      },
      "location-after-char-start": 1269,
      "location-after-char-end": 6946,
      "node-str": ""
    },
    {
      "type": "insert-node",
      "node": {
        "label": "org.columba.mail.folder.IHeaderListStore",
        "type": "QualifiedName"
      },
      "location-after-char-start": 984,
      "location-after-char-end": 1024,
      "node-str": "org.columba.mail.folder.IHeaderListStore"
    },
    {
      "type": "insert-node",
      "node": {
        "label": "org.columba.mail.message.IHeaderList",
        "type": "QualifiedName"
      },
      "location-after-char-start": 1080,
      "location-after-char-end": 1116,
      "node-str": "org.columba.mail.message.IHeaderList"
    },
    {
      "type": "move-subtree",
      "node": {
        "label": "",
        "type": "Javadoc"
      },
      "location-before-char-start": 1302,
      "location-before-char-end": 1574,
      "location-after-char-start": 1269,
      "location-after-char-end": 1541,
      "node-str": ""
    },
    {
      "type": "move-subtree",
      "node": {
        "label": "public",
        "type": "Modifier"
      },
      "location-before-char-start": 1575,
      "location-before-char-end": 1581,
      "location-after-char-start": 1542,
      "location-after-char-end": 1548,
      "node-str": "public"
    },
    {
      "type": "move-subtree",
      "node": {
        "label": "abstract",
        "type": "Modifier"
      },
      "location-before-char-start": 1582,
      "location-before-char-end": 1590,
      "location-after-char-start": 1549,
      "location-after-char-end": 1557,
      "node-str": "abstract"
    },
    {
      "type": "move-subtree",
      "node": {
        "label": "class",
        "type": "TYPE_DECLARATION_KIND"
      },
      "location-before-char-start": 1591,
      "location-before-char-end": 1596,
      "location-after-char-start": 1558,
      "location-after-char-end": 1563,
      "node-str": "class"
    },
    {
      "type": "move-subtree",
      "node": {
        "label": "AbstractHeaderCache",
        "type": "SimpleName"
      },
      "location-before-char-start": 1597,
      "location-before-char-end": 1616,
      "location-after-char-start": 1564,
      "location-after-char-end": 1583,
      "node-str": "AbstractHeaderCache"
    },
    {
      "type": "insert-node",
      "node": {
        "label": "",
        "type": "SimpleType"
      },
      "location-after-char-start": 1595,
      "location-after-char-end": 1611,
      "node-str": ""
    },
    {
      "type": "move-subtree",
      "node": {
        "label": "",
        "type": "FieldDeclaration"
      },
      "location-before-char-start": 1621,
      "location-before-char-end": 1776,
      "location-after-char-start": 1616,
      "location-after-char-end": 1771,
      "node-str": ""
    },
    {
      "type": "move-subtree",
      "node": {
        "label": "",
        "type": "FieldDeclaration"
      },
      "location-before-char-start": 1814,
      "location-before-char-end": 1840,
      "location-after-char-start": 1774,
      "location-after-char-end": 1800,
      "node-str": ""
    },
    {
      "type": "move-subtree",
      "node": {
        "label": "",
        "type": "FieldDeclaration"
      },
      "location-before-char-start": 1843,
      "location-before-char-end": 1877,
      "location-after-char-start": 1803,
      "location-after-char-end": 1837,
      "node-str": ""
    },
    {
      "type": "move-subtree",
      "node": {
        "label": "",
        "type": "FieldDeclaration"
      },
      "location-before-char-start": 1914,
      "location-before-char-end": 1944,
      "location-after-char-start": 1840,
      "location-after-char-end": 1870,
      "node-str": ""
    },
    {
      "type": "move-subtree",
      "node": {
        "label": "",
        "type": "FieldDeclaration"
      },
      "location-before-char-start": 1947,
      "location-before-char-end": 1977,
      "location-after-char-start": 1873,
      "location-after-char-end": 1903,
      "node-str": ""
    },
    {
      "type": "insert-node",
      "node": {
        "label": "",
        "type": "MethodDeclaration"
      },
      "location-after-char-start": 1906,
      "location-after-char-end": 2044,
      "node-str": ""
    },
    {
      "type": "move-subtree",
      "node": {
        "label": "",
        "type": "MethodDeclaration"
      },
      "location-before-char-start": 2261,
      "location-before-char-end": 2361,
      "location-after-char-start": 2047,
      "location-after-char-end": 2147,
      "node-str": ""
    },
    {
      "type": "move-subtree",
      "node": {
        "label": "",
        "type": "MethodDeclaration"
      },
      "location-before-char-start": 2364,
      "location-before-char-end": 2455,
      "location-after-char-start": 2150,
      "location-after-char-end": 2241,
      "node-str": ""
    },
    {
      "type": "insert-node",
      "node": {
        "label": "",
        "type": "MethodDeclaration"
      },
      "location-after-char-start": 2244,
      "location-after-char-end": 3381,
      "node-str": ""
    },
    {
      "type": "insert-node",
      "node": {
        "label": "",
        "type": "MethodDeclaration"
      },
      "location-after-char-start": 3384,
      "location-after-char-end": 3483,
      "node-str": ""
    },
    {
      "type": "insert-node",
      "node": {
        "label": "",
        "type": "MethodDeclaration"
      },
      "location-after-char-start": 3487,
      "location-after-char-end": 5215,
      "node-str": ""
    },
    {
      "type": "insert-node",
      "node": {
        "label": "",
        "type": "MethodDeclaration"
      },
      "location-after-char-start": 5218,
      "location-after-char-end": 6844,
      "node-str": ""
    },
    {
      "type": "move-subtree",
      "node": {
        "label": "",
        "type": "MethodDeclaration"
      },
      "location-before-char-start": 7789,
      "location-before-char-end": 7885,
      "location-after-char-start": 6847,
      "location-after-char-end": 6943,
      "node-str": ""
    },
    {
      "type": "insert-node",
      "node": {
        "label": "IHeaderListStore",
        "type": "SimpleName"
      },
      "location-after-char-start": 1595,
      "location-after-char-end": 1611,
      "node-str": "IHeaderListStore"
    },
    {
      "type": "move-subtree",
      "node": {
        "label": "",
        "type": "Javadoc"
      },
      "location-before-char-start": 2021,
      "location-before-char-end": 2047,
      "location-after-char-start": 1906,
      "location-after-char-end": 1932,
      "node-str": ""
    },
    {
      "type": "move-subtree",
      "node": {
        "label": "public",
        "type": "Modifier"
      },
      "location-before-char-start": 2049,
      "location-before-char-end": 2055,
      "location-after-char-start": 1934,
      "location-after-char-end": 1940,
      "node-str": "public"
    },
    {
      "type": "move-subtree",
      "node": {
        "label": "AbstractHeaderCache",
        "type": "SimpleName"
      },
      "location-before-char-start": 2056,
      "location-before-char-end": 2075,
      "location-after-char-start": 1941,
      "location-after-char-end": 1960,
      "node-str": "AbstractHeaderCache"
    },
    {
      "type": "move-subtree",
      "node": {
        "label": "",
        "type": "SingleVariableDeclaration"
      },
      "location-before-char-start": 2076,
      "location-before-char-end": 2091,
      "location-after-char-start": 1961,
      "location-after-char-end": 1976,
      "node-str": ""
    },
    {
      "type": "insert-node",
      "node": {
        "label": "",
        "type": "Block"
      },
      "location-after-char-start": 1978,
      "location-after-char-end": 2044,
      "node-str": ""
    },
    {
      "type": "move-subtree",
      "node": {
        "label": "",
        "type": "Javadoc"
      },
      "location-before-char-start": 3065,
      "location-before-char-end": 3172,
      "location-after-char-start": 2244,
      "location-after-char-end": 2351,
      "node-str": ""
    },
    {
      "type": "move-subtree",
      "node": {
        "label": "public",
        "type": "Modifier"
      },
      "location-before-char-start": 3174,
      "location-before-char-end": 3180,
      "location-after-char-start": 2353,
      "location-after-char-end": 2359,
      "node-str": "public"
    },
    {
      "type": "move-subtree",
      "node": {
        "label": "void",
        "type": "PrimitiveType"
      },
      "location-before-char-start": 2973,
      "location-before-char-end": 2977,
      "location-after-char-start": 2360,
      "location-after-char-end": 2364,
      "node-str": "void"
    },
    {
      "type": "insert-node",
      "node": {
        "label": "restoreHeaderList",
        "type": "SimpleName"
      },
      "location-after-char-start": 2365,
      "location-after-char-end": 2382,
      "node-str": "restoreHeaderList"
    },
    {
      "type": "insert-node",
      "node": {
        "label": "",
        "type": "SingleVariableDeclaration"
      },
      "location-after-char-start": 2383,
      "location-after-char-end": 2405,
      "node-str": ""
    },
    {
      "type": "move-subtree",
      "node": {
        "label": "",
        "type": "SimpleType"
      },
      "location-before-char-start": 3215,
      "location-before-char-end": 3226,
      "location-after-char-start": 2414,
      "location-after-char-end": 2425,
      "node-str": ""
    },
    {
      "type": "insert-node",
      "node": {
        "label": "",
        "type": "Block"
      },
      "location-after-char-start": 2426,
      "location-after-char-end": 3381,
      "node-str": ""
    },
    {
      "type": "move-subtree",
      "node": {
        "label": "",
        "type": "Javadoc"
      },
      "location-before-char-start": 4352,
      "location-before-char-end": 4382,
      "location-after-char-start": 3384,
      "location-after-char-end": 3414,
      "node-str": ""
    },
    {
      "type": "move-subtree",
      "node": {
        "label": "public",
        "type": "Modifier"
      },
      "location-before-char-start": 4384,
      "location-before-char-end": 4390,
      "location-after-char-start": 3416,
      "location-after-char-end": 3422,
      "node-str": "public"
    },
    {
      "type": "move-subtree",
      "node": {
        "label": "abstract",
        "type": "Modifier"
      },
      "location-before-char-start": 4391,
      "location-before-char-end": 4399,
      "location-after-char-start": 3423,
      "location-after-char-end": 3431,
      "node-str": "abstract"
    },
    {
      "type": "move-subtree",
      "node": {
        "label": "void",
        "type": "PrimitiveType"
      },
      "location-before-char-start": 4400,
      "location-before-char-end": 4404,
      "location-after-char-start": 3432,
      "location-after-char-end": 3436,
      "node-str": "void"
    },
    {
      "type": "move-subtree",
      "node": {
        "label": "load",
        "type": "SimpleName"
      },
      "location-before-char-start": 4405,
      "location-before-char-end": 4409,
      "location-after-char-start": 3437,
      "location-after-char-end": 3441,
      "node-str": "load"
    },
    {
      "type": "insert-node",
      "node": {
        "label": "",
        "type": "SingleVariableDeclaration"
      },
      "location-after-char-start": 3442,
      "location-after-char-end": 3464,
      "node-str": ""
    },
    {
      "type": "move-subtree",
      "node": {
        "label": "",
        "type": "SimpleType"
      },
      "location-before-char-start": 4419,
      "location-before-char-end": 4428,
      "location-after-char-start": 3473,
      "location-after-char-end": 3482,
      "node-str": ""
    },
    {
      "type": "move-subtree",
      "node": {
        "label": "protected",
        "type": "Modifier"
      },
      "location-before-char-start": 4512,
      "location-before-char-end": 4521,
      "location-after-char-start": 3487,
      "location-after-char-end": 3496,
      "node-str": "protected"
    },
    {
      "type": "move-subtree",
      "node": {
        "label": "void",
        "type": "PrimitiveType"
      },
      "location-before-char-start": 4522,
      "location-before-char-end": 4526,
      "location-after-char-start": 3497,
      "location-after-char-end": 3501,
      "node-str": "void"
    },
    {
      "type": "move-subtree",
      "node": {
        "label": "loadHeader",
        "type": "SimpleName"
      },
      "location-before-char-start": 4527,
      "location-before-char-end": 4537,
      "location-after-char-start": 3502,
      "location-after-char-end": 3512,
      "node-str": "loadHeader"
    },
    {
      "type": "move-subtree",
      "node": {
        "label": "",
        "type": "SingleVariableDeclaration"
      },
      "location-before-char-start": 4538,
      "location-before-char-end": 4553,
      "location-after-char-start": 3513,
      "location-after-char-end": 3528,
      "node-str": ""
    },
    {
      "type": "insert-node",
      "node": {
        "label": "",
        "type": "SimpleType"
      },
      "location-after-char-start": 3537,
      "location-after-char-end": 3548,
      "node-str": ""
    },
    {
      "type": "insert-node",
      "node": {
        "label": "",
        "type": "Block"
      },
      "location-after-char-start": 3549,
      "location-after-char-end": 5215,
      "node-str": ""
    },
    {
      "type": "move-subtree",
      "node": {
        "label": "protected",
        "type": "Modifier"
      },
      "location-before-char-start": 6162,
      "location-before-char-end": 6171,
      "location-after-char-start": 5218,
      "location-after-char-end": 5227,
      "node-str": "protected"
    },
    {
      "type": "move-subtree",
      "node": {
        "label": "void",
        "type": "PrimitiveType"
      },
      "location-before-char-start": 6172,
      "location-before-char-end": 6176,
      "location-after-char-start": 5228,
      "location-after-char-end": 5232,
      "node-str": "void"
    },
    {
      "type": "move-subtree",
      "node": {
        "label": "saveHeader",
        "type": "SimpleName"
      },
      "location-before-char-start": 6177,
      "location-before-char-end": 6187,
      "location-after-char-start": 5233,
      "location-after-char-end": 5243,
      "node-str": "saveHeader"
    },
    {
      "type": "move-subtree",
      "node": {
        "label": "",
        "type": "SingleVariableDeclaration"
      },
      "location-before-char-start": 6188,
      "location-before-char-end": 6203,
      "location-after-char-start": 5244,
      "location-after-char-end": 5259,
      "node-str": ""
    },
    {
      "type": "insert-node",
      "node": {
        "label": "",
        "type": "SimpleType"
      },
      "location-after-char-start": 5268,
      "location-after-char-end": 5279,
      "node-str": ""
    },
    {
      "type": "move-subtree",
      "node": {
        "label": "",
        "type": "Block"
      },
      "location-before-char-start": 6222,
      "location-before-char-end": 7786,
      "location-after-char-start": 5280,
      "location-after-char-end": 6844,
      "node-str": ""
    },
    {
      "type": "move-subtree",
      "node": {
        "label": "",
        "type": "ExpressionStatement"
      },
      "location-before-char-start": 2097,
      "location-before-char-end": 2126,
      "location-after-char-start": 1982,
      "location-after-char-end": 2011,
      "node-str": ""
    },
    {
      "type": "move-subtree",
      "node": {
        "label": "",
        "type": "ExpressionStatement"
      },
      "location-before-char-start": 2164,
      "location-before-char-end": 2190,
      "location-after-char-start": 2015,
      "location-after-char-end": 2041,
      "node-str": ""
    },
    {
      "type": "insert-node",
      "node": {
        "label": "",
        "type": "SimpleType"
      },
      "location-after-char-start": 2383,
      "location-after-char-end": 2394,
      "node-str": ""
    },
    {
      "type": "move-subtree",
      "node": {
        "label": "headerList",
        "type": "SimpleName"
      },
      "location-before-char-start": 2130,
      "location-before-char-end": 2140,
      "location-after-char-start": 2395,
      "location-after-char-end": 2405,
      "node-str": "headerList"
    },
    {
      "type": "insert-node",
      "node": {
        "label": "",
        "type": "IfStatement"
      },
      "location-after-char-start": 2502,
      "location-after-char-end": 3378,
      "node-str": ""
    },
    {
      "type": "insert-node",
      "node": {
        "label": "",
        "type": "SimpleType"
      },
      "location-after-char-start": 3442,
      "location-after-char-end": 3453,
      "node-str": ""
    },
    {
      "type": "move-subtree",
      "node": {
        "label": "headerList",
        "type": "SimpleName"
      },
      "location-before-char-start": 4335,
      "location-before-char-end": 4345,
      "location-after-char-start": 3454,
      "location-after-char-end": 3464,
      "node-str": "headerList"
    },
    {
      "type": "insert-node",
      "node": {
        "label": "IOException",
        "type": "SimpleName"
      },
      "location-after-char-start": 3537,
      "location-after-char-end": 3548,
      "node-str": "IOException"
    },
    {
      "type": "insert-node",
      "node": {
        "label": "",
        "type": "VariableDeclarationStatement"
      },
      "location-after-char-start": 3623,
      "location-after-char-end": 3647,
      "node-str": ""
    },
    {
      "type": "insert-node",
      "node": {
        "label": "",
        "type": "TryStatement"
      },
      "location-after-char-start": 3653,
      "location-after-char-end": 3767,
      "node-str": ""
    },
    {
      "type": "move-subtree",
      "node": {
        "label": "",
        "type": "ForStatement"
      },
      "location-before-char-start": 4715,
      "location-before-char-end": 4926,
      "location-after-char-start": 3771,
      "location-after-char-end": 3982,
      "node-str": ""
    },
    {
      "type": "move-subtree",
      "node": {
        "label": "",
        "type": "VariableDeclarationStatement"
      },
      "location-before-char-start": 4986,
      "location-before-char-end": 5050,
      "location-after-char-start": 4042,
      "location-after-char-end": 4106,
      "node-str": ""
    },
    {
      "type": "move-subtree",
      "node": {
        "label": "",
        "type": "VariableDeclarationStatement"
      },
      "location-before-char-start": 5053,
      "location-before-char-end": 5121,
      "location-after-char-start": 4109,
      "location-after-char-end": 4177,
      "node-str": ""
    },
    {
      "type": "move-subtree",
      "node": {
        "label": "",
        "type": "ForStatement"
      },
      "location-before-char-start": 5125,
      "location-before-char-end": 5885,
      "location-after-char-start": 4181,
      "location-after-char-end": 4941,
      "node-str": ""
    },
    {
      "type": "move-subtree",
      "node": {
        "label": "",
        "type": "ExpressionStatement"
      },
      "location-before-char-start": 5941,
      "location-before-char-end": 5999,
      "location-after-char-start": 4997,
      "location-after-char-end": 5055,
      "node-str": ""
    },
    {
      "type": "move-subtree",
      "node": {
        "label": "",
        "type": "ForStatement"
      },
      "location-before-char-start": 6003,
      "location-before-char-end": 6155,
      "location-after-char-start": 5059,
      "location-after-char-end": 5211,
      "node-str": ""
    },
    {
      "type": "insert-node",
      "node": {
        "label": "IOException",
        "type": "SimpleName"
      },
      "location-after-char-start": 5268,
      "location-after-char-end": 5279,
      "node-str": "IOException"
    },
    {
      "type": "insert-node",
      "node": {
        "label": "IHeaderList",
        "type": "SimpleName"
      },
      "location-after-char-start": 2383,
      "location-after-char-end": 2394,
      "node-str": "IHeaderList"
    },
    {
      "type": "move-subtree",
      "node": {
        "label": "",
        "type": "PrefixExpression"
      },
      "location-before-char-start": 3341,
      "location-before-char-end": 3359,
      "location-after-char-start": 2506,
      "location-after-char-end": 2524,
      "node-str": ""
    },
    {
      "type": "insert-node",
      "node": {
        "label": "",
        "type": "Block"
      },
      "location-after-char-start": 2526,
      "location-after-char-end": 3378,
      "node-str": ""
    },
    {
      "type": "insert-node",
      "node": {
        "label": "IHeaderList",
        "type": "SimpleName"
      },
      "location-after-char-start": 3442,
      "location-after-char-end": 3453,
      "node-str": "IHeaderList"
    },
    {
      "type": "move-subtree",
      "node": {
        "label": "int",
        "type": "PrimitiveType"
      },
      "location-before-char-start": 4646,
      "location-before-char-end": 4649,
      "location-after-char-start": 3623,
      "location-after-char-end": 3626,
      "node-str": "int"
    },
    {
      "type": "insert-node",
      "node": {
        "label": "",
        "type": "VariableDeclarationFragment"
      },
      "location-after-char-start": 3627,
      "location-after-char-end": 3646,
      "node-str": ""
    },
    {
      "type": "insert-node",
      "node": {
        "label": "",
        "type": "Block"
      },
      "location-after-char-start": 3657,
      "location-after-char-end": 3727,
      "node-str": ""
    },
    {
      "type": "insert-node",
      "node": {
        "label": "",
        "type": "CatchClause"
      },
      "location-after-char-start": 3728,
      "location-after-char-end": 3767,
      "node-str": ""
    },
    {
      "type": "insert-node",
      "node": {
        "label": "",
        "type": "IfStatement"
      },
      "location-after-char-start": 2531,
      "location-after-char-end": 3344,
      "node-str": ""
    },
    {
      "type": "move-subtree",
      "node": {
        "label": "",
        "type": "ExpressionStatement"
      },
      "location-before-char-start": 4295,
      "location-before-char-end": 4320,
      "location-after-char-start": 3349,
      "location-after-char-end": 3374,
      "node-str": ""
    },
    {
      "type": "insert-node",
      "node": {
        "label": "compressedFlags",
        "type": "SimpleName"
      },
      "location-after-char-start": 3627,
      "location-after-char-end": 3642,
      "node-str": "compressedFlags"
    },
    {
      "type": "insert-node",
      "node": {
        "label": "0",
        "type": "NumberLiteral"
      },
      "location-after-char-start": 3645,
      "location-after-char-end": 3646,
      "node-str": "0"
    },
    {
      "type": "insert-node",
      "node": {
        "label": "",
        "type": "ExpressionStatement"
      },
      "location-after-char-start": 3662,
      "location-after-char-end": 3723,
      "node-str": ""
    },
    {
      "type": "insert-node",
      "node": {
        "label": "",
        "type": "SingleVariableDeclaration"
      },
      "location-after-char-start": 3735,
      "location-after-char-end": 3760,
      "node-str": ""
    },
    {
      "type": "insert-node",
      "node": {
        "label": "",
        "type": "Block"
      },
      "location-after-char-start": 3762,
      "location-after-char-end": 3767,
      "node-str": ""
    },
    {
      "type": "move-subtree",
      "node": {
        "label": "",
        "type": "MethodInvocation"
      },
      "location-before-char-start": 3370,
      "location-before-char-end": 3389,
      "location-after-char-start": 2535,
      "location-after-char-end": 2554,
      "node-str": ""
    },
    {
      "type": "insert-node",
      "node": {
        "label": "",
        "type": "Block"
      },
      "location-after-char-start": 2556,
      "location-after-char-end": 3344,
      "node-str": ""
    },
    {
      "type": "insert-node",
      "node": {
        "label": "",
        "type": "Assignment"
      },
      "location-after-char-start": 3662,
      "location-after-char-end": 3722,
      "node-str": ""
    },
    {
      "type": "insert-node",
      "node": {
        "label": "",
        "type": "SimpleType"
      },
      "location-after-char-start": 3735,
      "location-after-char-end": 3757,
      "node-str": ""
    },
    {
      "type": "insert-node",
      "node": {
        "label": "e1",
        "type": "SimpleName"
      },
      "location-after-char-start": 3758,
      "location-after-char-end": 3760,
      "node-str": "e1"
    },
    {
      "type": "insert-node",
      "node": {
        "label": "",
        "type": "TryStatement"
      },
      "location-after-char-start": 2562,
      "location-after-char-end": 3339,
      "node-str": ""
    },
    {
      "type": "move-subtree",
      "node": {
        "label": "compressedFlags",
        "type": "SimpleName"
      },
      "location-before-char-start": 4650,
      "location-before-char-end": 4665,
      "location-after-char-start": 3662,
      "location-after-char-end": 3677,
      "node-str": "compressedFlags"
    },
    {
      "type": "move-subtree",
      "node": {
        "label": "\u003d",
        "type": "ASSIGNMENT_OPERATOR"
      },
      "location-before-char-start": 2141,
      "location-before-char-end": 2142,
      "location-after-char-start": 3678,
      "location-after-char-end": 3679,
      "node-str": "\u003d"
    },
    {
      "type": "move-subtree",
      "node": {
        "label": "",
        "type": "MethodInvocation"
      },
      "location-before-char-start": 4668,
      "location-before-char-end": 4710,
      "location-after-char-start": 3680,
      "location-after-char-end": 3722,
      "node-str": ""
    },
    {
      "type": "insert-node",
      "node": {
        "label": "ClassNotFoundException",
        "type": "SimpleName"
      },
      "location-after-char-start": 3735,
      "location-after-char-end": 3757,
      "node-str": "ClassNotFoundException"
    },
    {
      "type": "insert-node",
      "node": {
        "label": "",
        "type": "Block"
      },
      "location-after-char-start": 2566,
      "location-after-char-end": 2596,
      "node-str": ""
    },
    {
      "type": "insert-node",
      "node": {
        "label": "",
        "type": "CatchClause"
      },
      "location-after-char-start": 2597,
      "location-after-char-end": 3339,
      "node-str": ""
    },
    {
      "type": "insert-node",
      "node": {
        "label": "",
        "type": "ExpressionStatement"
      },
      "location-after-char-start": 2573,
      "location-after-char-end": 2590,
      "node-str": ""
    },
    {
      "type": "move-subtree",
      "node": {
        "label": "",
        "type": "SingleVariableDeclaration"
      },
      "location-before-char-start": 3429,
      "location-before-char-end": 3440,
      "location-after-char-start": 2604,
      "location-after-char-end": 2615,
      "node-str": ""
    },
    {
      "type": "insert-node",
      "node": {
        "label": "",
        "type": "Block"
      },
      "location-after-char-start": 2617,
      "location-after-char-end": 3339,
      "node-str": ""
    },
    {
      "type": "insert-node",
      "node": {
        "label": "",
        "type": "MethodInvocation"
      },
      "location-after-char-start": 2573,
      "location-after-char-end": 2589,
      "node-str": ""
    },
    {
      "type": "move-subtree",
      "node": {
        "label": "",
        "type": "ExpressionStatement"
      },
      "location-before-char-start": 3449,
      "location-before-char-end": 3476,
      "location-after-char-start": 2624,
      "location-after-char-end": 2651,
      "node-str": ""
    },
    {
      "type": "move-subtree",
      "node": {
        "label": "",
        "type": "ExpressionStatement"
      },
      "location-before-char-start": 3482,
      "location-before-char-end": 3554,
      "location-after-char-start": 2657,
      "location-after-char-end": 2729,
      "node-str": ""
    },
    {
      "type": "move-subtree",
      "node": {
        "label": "",
        "type": "ExpressionStatement"
      },
      "location-before-char-start": 3560,
      "location-before-char-end": 3603,
      "location-after-char-start": 2735,
      "location-after-char-end": 2778,
      "node-str": ""
    },
    {
      "type": "move-subtree",
      "node": {
        "label": "",
        "type": "VariableDeclarationStatement"
      },
      "location-before-char-start": 3699,
      "location-before-char-end": 3725,
      "location-after-char-start": 2874,
      "location-after-char-end": 2900,
      "node-str": ""
    },
    {
      "type": "move-subtree",
      "node": {
        "label": "",
        "type": "ExpressionStatement"
      },
      "location-before-char-start": 3732,
      "location-before-char-end": 3793,
      "location-after-char-start": 2907,
      "location-after-char-end": 2968,
      "node-str": ""
    },
    {
      "type": "insert-node",
      "node": {
        "label": "",
        "type": "IfStatement"
      },
      "location-after-char-start": 2974,
      "location-after-char-end": 3078,
      "node-str": ""
    },
    {
      "type": "insert-node",
      "node": {
        "label": "",
        "type": "TryStatement"
      },
      "location-after-char-start": 3090,
      "location-after-char-end": 3333,
      "node-str": ""
    },
    {
      "type": "move-subtree",
      "node": {
        "label": "load",
        "type": "SimpleName"
      },
      "location-before-char-start": 3408,
      "location-before-char-end": 3412,
      "location-after-char-start": 2573,
      "location-after-char-end": 2577,
      "node-str": "load"
    },
    {
      "type": "insert-node",
      "node": {
        "label": "",
        "type": "METHOD_INVOCATION_ARGUMENTS"
      },
      "location-after-char-start": 2578,
      "location-after-char-end": 2588,
      "node-str": ""
    },
    {
      "type": "move-subtree",
      "node": {
        "label": "",
        "type": "PrefixExpression"
      },
      "location-before-char-start": 3803,
      "location-before-char-end": 3823,
      "location-after-char-start": 2978,
      "location-after-char-end": 2998,
      "node-str": ""
    },
    {
      "type": "insert-node",
      "node": {
        "label": "",
        "type": "Block"
      },
      "location-after-char-start": 3001,
      "location-after-char-end": 3078,
      "node-str": ""
    },
    {
      "type": "insert-node",
      "node": {
        "label": "",
        "type": "Block"
      },
      "location-after-char-start": 3094,
      "location-after-char-end": 3126,
      "node-str": ""
    },
    {
      "type": "move-subtree",
      "node": {
        "label": "",
        "type": "CatchClause"
      },
      "location-before-char-start": 4011,
      "location-before-char-end": 4076,
      "location-after-char-start": 3127,
      "location-after-char-end": 3192,
      "node-str": ""
    },
    {
      "type": "insert-node",
      "node": {
        "label": "",
        "type": "Block"
      },
      "location-after-char-start": 3201,
      "location-after-char-end": 3333,
      "node-str": ""
    },
    {
      "type": "move-subtree",
      "node": {
        "label": "headerList",
        "type": "SimpleName"
      },
      "location-before-char-start": 4268,
      "location-before-char-end": 4278,
      "location-after-char-start": 2578,
      "location-after-char-end": 2588,
      "node-str": "headerList"
    },
    {
      "type": "move-subtree",
      "node": {
        "label": "",
        "type": "ExpressionStatement"
      },
      "location-before-char-start": 3834,
      "location-before-char-end": 3864,
      "location-after-char-start": 3009,
      "location-after-char-end": 3039,
      "node-str": ""
    },
    {
      "type": "move-subtree",
      "node": {
        "label": "",
        "type": "ExpressionStatement"
      },
      "location-before-char-start": 3871,
      "location-before-char-end": 3896,
      "location-after-char-start": 3046,
      "location-after-char-end": 3071,
      "node-str": ""
    },
    {
      "type": "insert-node",
      "node": {
        "label": "",
        "type": "ExpressionStatement"
      },
      "location-after-char-start": 3102,
      "location-after-char-end": 3119,
      "node-str": ""
    },
    {
      "type": "move-subtree",
      "node": {
        "label": "",
        "type": "ExpressionStatement"
      },
      "location-before-char-start": 4098,
      "location-before-char-end": 4115,
      "location-after-char-start": 3214,
      "location-after-char-end": 3231,
      "node-str": ""
    },
    {
      "type": "move-subtree",
      "node": {
        "label": "",
        "type": "ExpressionStatement"
      },
      "location-before-char-start": 4122,
      "location-before-char-end": 4142,
      "location-after-char-start": 3238,
      "location-after-char-end": 3258,
      "node-str": ""
    },
    {
      "type": "move-subtree",
      "node": {
        "label": "",
        "type": "ExpressionStatement"
      },
      "location-before-char-start": 4156,
      "location-before-char-end": 4177,
      "location-after-char-start": 3272,
      "location-after-char-end": 3293,
      "node-str": ""
    },
    {
      "type": "move-subtree",
      "node": {
        "label": "",
        "type": "ExpressionStatement"
      },
      "location-before-char-start": 4185,
      "location-before-char-end": 4210,
      "location-after-char-start": 3301,
      "location-after-char-end": 3326,
      "node-str": ""
    },
    {
      "type": "insert-node",
      "node": {
        "label": "",
        "type": "MethodInvocation"
      },
      "location-after-char-start": 3102,
      "location-after-char-end": 3118,
      "node-str": ""
    },
    {
      "type": "move-subtree",
      "node": {
        "label": "load",
        "type": "SimpleName"
      },
      "location-before-char-start": 3996,
      "location-before-char-end": 4000,
      "location-after-char-start": 3102,
      "location-after-char-end": 3106,
      "node-str": "load"
    },
    {
      "type": "insert-node",
      "node": {
        "label": "",
        "type": "METHOD_INVOCATION_ARGUMENTS"
      },
      "location-after-char-start": 3107,
      "location-after-char-end": 3117,
      "node-str": ""
    },
    {
      "type": "move-subtree",
      "node": {
        "label": "headerList",
        "type": "SimpleName"
      },
      "location-before-char-start": 4217,
      "location-before-char-end": 4227,
      "location-after-char-start": 3107,
      "location-after-char-end": 3117,
      "node-str": "headerList"
    },
    {
      "type": "delete-node",
      "node": {
        "label": "java.util.List",
        "type": "QualifiedName"
      },
      "location-before-char-start": 855,
      "location-before-char-end": 869,
      "node-str": "java.util.List"
    },
    {
      "type": "delete-node",
      "node": {
        "label": "",
        "type": "ImportDeclaration"
      },
      "location-before-char-start": 848,
      "location-before-char-end": 870,
      "node-str": ""
    },
    {
      "type": "delete-node",
      "node": {
        "label": "java.util.Vector",
        "type": "QualifiedName"
      },
      "location-before-char-start": 878,
      "location-before-char-end": 894,
      "node-str": "java.util.Vector"
    },
    {
      "type": "delete-node",
      "node": {
        "label": "",
        "type": "ImportDeclaration"
      },
      "location-before-char-start": 871,
      "location-before-char-end": 895,
      "node-str": ""
    },
    {
      "type": "delete-node",
      "node": {
        "label": "org.columba.core.main.Main",
        "type": "QualifiedName"
      },
      "location-before-char-start": 1032,
      "location-before-char-end": 1058,
      "node-str": "org.columba.core.main.Main"
    },
    {
      "type": "delete-node",
      "node": {
        "label": "",
        "type": "ImportDeclaration"
      },
      "location-before-char-start": 1025,
      "location-before-char-end": 1059,
      "node-str": ""
    },
    {
      "type": "delete-node",
      "node": {
        "label": "org.columba.mail.message.HeaderList",
        "type": "QualifiedName"
      },
      "location-before-char-start": 1114,
      "location-before-char-end": 1149,
      "node-str": "org.columba.mail.message.HeaderList"
    },
    {
      "type": "delete-node",
      "node": {
        "label": "",
        "type": "ImportDeclaration"
      },
      "location-before-char-start": 1107,
      "location-before-char-end": 1150,
      "node-str": ""
    },
    {
      "type": "delete-node",
      "node": {
        "label": "protected",
        "type": "Modifier"
      },
      "location-before-char-start": 1779,
      "location-before-char-end": 1788,
      "node-str": "protected"
    },
    {
      "type": "delete-node",
      "node": {
        "label": "HeaderList",
        "type": "SimpleName"
      },
      "location-before-char-start": 1789,
      "location-before-char-end": 1799,
      "node-str": "HeaderList"
    },
    {
      "type": "delete-node",
      "node": {
        "label": "",
        "type": "SimpleType"
      },
      "location-before-char-start": 1789,
      "location-before-char-end": 1799,
      "node-str": ""
    },
    {
      "type": "delete-node",
      "node": {
        "label": "headerList",
        "type": "SimpleName"
      },
      "location-before-char-start": 1800,
      "location-before-char-end": 1810,
      "node-str": "headerList"
    },
    {
      "type": "delete-node",
      "node": {
        "label": "",
        "type": "VariableDeclarationFragment"
      },
      "location-before-char-start": 1800,
      "location-before-char-end": 1810,
      "node-str": ""
    },
    {
      "type": "delete-node",
      "node": {
        "label": "",
        "type": "FieldDeclaration"
      },
      "location-before-char-start": 1779,
      "location-before-char-end": 1811,
      "node-str": ""
    },
    {
      "type": "delete-node",
      "node": {
        "label": "protected",
        "type": "Modifier"
      },
      "location-before-char-start": 1880,
      "location-before-char-end": 1889,
      "node-str": "protected"
    },
    {
      "type": "delete-node",
      "node": {
        "label": "String",
        "type": "SimpleName"
      },
      "location-before-char-start": 1890,
      "location-before-char-end": 1896,
      "node-str": "String"
    },
    {
      "type": "delete-node",
      "node": {
        "label": "",
        "type": "SimpleType"
      },
      "location-before-char-start": 1890,
      "location-before-char-end": 1896,
      "node-str": ""
    },
    {
      "type": "delete-node",
      "node": {
        "label": "",
        "type": "Dimension"
      },
      "location-before-char-start": 1896,
      "location-before-char-end": 1898,
      "node-str": ""
    },
    {
      "type": "delete-node",
      "node": {
        "label": "",
        "type": "ArrayType"
      },
      "location-before-char-start": 1890,
      "location-before-char-end": 1898,
      "node-str": ""
    },
    {
      "type": "delete-node",
      "node": {
        "label": "columnNames",
        "type": "SimpleName"
      },
      "location-before-char-start": 1899,
      "location-before-char-end": 1910,
      "node-str": "columnNames"
    },
    {
      "type": "delete-node",
      "node": {
        "label": "",
        "type": "VariableDeclarationFragment"
      },
      "location-before-char-start": 1899,
      "location-before-char-end": 1910,
      "node-str": ""
    },
    {
      "type": "delete-node",
      "node": {
        "label": "",
        "type": "FieldDeclaration"
      },
      "location-before-char-start": 1880,
      "location-before-char-end": 1911,
      "node-str": ""
    },
    {
      "type": "delete-node",
      "node": {
        "label": "protected",
        "type": "Modifier"
      },
      "location-before-char-start": 1980,
      "location-before-char-end": 1989,
      "node-str": "protected"
    },
    {
      "type": "delete-node",
      "node": {
        "label": "List",
        "type": "SimpleName"
      },
      "location-before-char-start": 1990,
      "location-before-char-end": 1994,
      "node-str": "List"
    },
    {
      "type": "delete-node",
      "node": {
        "label": "",
        "type": "SimpleType"
      },
      "location-before-char-start": 1990,
      "location-before-char-end": 1994,
      "node-str": ""
    },
    {
      "type": "delete-node",
      "node": {
        "label": "additionalHeaderfields",
        "type": "SimpleName"
      },
      "location-before-char-start": 1995,
      "location-before-char-end": 2017,
      "node-str": "additionalHeaderfields"
    },
    {
      "type": "delete-node",
      "node": {
        "label": "",
        "type": "VariableDeclarationFragment"
      },
      "location-before-char-start": 1995,
      "location-before-char-end": 2017,
      "node-str": ""
    },
    {
      "type": "delete-node",
      "node": {
        "label": "",
        "type": "FieldDeclaration"
      },
      "location-before-char-start": 1980,
      "location-before-char-end": 2018,
      "node-str": ""
    },
    {
      "type": "delete-node",
      "node": {
        "label": "HeaderList",
        "type": "SimpleName"
      },
      "location-before-char-start": 2147,
      "location-before-char-end": 2157,
      "node-str": "HeaderList"
    },
    {
      "type": "delete-node",
      "node": {
        "label": "",
        "type": "SimpleType"
      },
      "location-before-char-start": 2147,
      "location-before-char-end": 2157,
      "node-str": ""
    },
    {
      "type": "delete-node",
      "node": {
        "label": "",
        "type": "ClassInstanceCreation"
      },
      "location-before-char-start": 2143,
      "location-before-char-end": 2159,
      "node-str": ""
    },
    {
      "type": "delete-node",
      "node": {
        "label": "",
        "type": "Assignment"
      },
      "location-before-char-start": 2130,
      "location-before-char-end": 2159,
      "node-str": ""
    },
    {
      "type": "delete-node",
      "node": {
        "label": "",
        "type": "ExpressionStatement"
      },
      "location-before-char-start": 2130,
      "location-before-char-end": 2160,
      "node-str": ""
    },
    {
      "type": "delete-node",
      "node": {
        "label": "columnNames",
        "type": "SimpleName"
      },
      "location-before-char-start": 2194,
      "location-before-char-end": 2205,
      "node-str": "columnNames"
    },
    {
      "type": "delete-node",
      "node": {
        "label": "\u003d",
        "type": "ASSIGNMENT_OPERATOR"
      },
      "location-before-char-start": 2206,
      "location-before-char-end": 2207,
      "node-str": "\u003d"
    },
    {
      "type": "delete-node",
      "node": {
        "label": "",
        "type": "NullLiteral"
      },
      "location-before-char-start": 2208,
      "location-before-char-end": 2212,
      "node-str": ""
    },
    {
      "type": "delete-node",
      "node": {
        "label": "",
        "type": "Assignment"
      },
      "location-before-char-start": 2194,
      "location-before-char-end": 2212,
      "node-str": ""
    },
    {
      "type": "delete-node",
      "node": {
        "label": "",
        "type": "ExpressionStatement"
      },
      "location-before-char-start": 2194,
      "location-before-char-end": 2213,
      "node-str": ""
    },
    {
      "type": "delete-node",
      "node": {
        "label": "additionalHeaderfields",
        "type": "SimpleName"
      },
      "location-before-char-start": 2217,
      "location-before-char-end": 2239,
      "node-str": "additionalHeaderfields"
    },
    {
      "type": "delete-node",
      "node": {
        "label": "\u003d",
        "type": "ASSIGNMENT_OPERATOR"
      },
      "location-before-char-start": 2240,
      "location-before-char-end": 2241,
      "node-str": "\u003d"
    },
    {
      "type": "delete-node",
      "node": {
        "label": "Vector",
        "type": "SimpleName"
      },
      "location-before-char-start": 2246,
      "location-before-char-end": 2252,
      "node-str": "Vector"
    },
    {
      "type": "delete-node",
      "node": {
        "label": "",
        "type": "SimpleType"
      },
      "location-before-char-start": 2246,
      "location-before-char-end": 2252,
      "node-str": ""
    },
    {
      "type": "delete-node",
      "node": {
        "label": "",
        "type": "ClassInstanceCreation"
      },
      "location-before-char-start": 2242,
      "location-before-char-end": 2254,
      "node-str": ""
    },
    {
      "type": "delete-node",
      "node": {
        "label": "",
        "type": "Assignment"
      },
      "location-before-char-start": 2217,
      "location-before-char-end": 2254,
      "node-str": ""
    },
    {
      "type": "delete-node",
      "node": {
        "label": "",
        "type": "ExpressionStatement"
      },
      "location-before-char-start": 2217,
      "location-before-char-end": 2255,
      "node-str": ""
    },
    {
      "type": "delete-node",
      "node": {
        "label": "",
        "type": "Block"
      },
      "location-before-char-start": 2093,
      "location-before-char-end": 2258,
      "node-str": ""
    },
    {
      "type": "delete-node",
      "node": {
        "label": "",
        "type": "MethodDeclaration"
      },
      "location-before-char-start": 2021,
      "location-before-char-end": 2258,
      "node-str": ""
    },
    {
      "type": "delete-node",
      "node": {
        "label": "uid",
        "type": "SimpleName"
      },
      "location-before-char-start": 2473,
      "location-before-char-end": 2476,
      "node-str": "uid"
    },
    {
      "type": "delete-node",
      "node": {
        "label": "",
        "type": "TagElement"
      },
      "location-before-char-start": 2466,
      "location-before-char-end": 2476,
      "node-str": ""
    },
    {
      "type": "delete-node",
      "node": {
        "label": " @throws",
        "type": "TextElement"
      },
      "location-before-char-start": 2488,
      "location-before-char-end": 2496,
      "node-str": " @throws"
    },
    {
      "type": "delete-node",
      "node": {
        "label": "Exception",
        "type": "TextElement"
      },
      "location-before-char-start": 2509,
      "location-before-char-end": 2518,
      "node-str": "Exception"
    },
    {
      "type": "delete-node",
      "node": {
        "label": "",
        "type": "TagElement"
      },
      "location-before-char-start": 2481,
      "location-before-char-end": 2518,
      "node-str": ""
    },
    {
      "type": "delete-node",
      "node": {
        "label": "",
        "type": "Javadoc"
      },
      "location-before-char-start": 2458,
      "location-before-char-end": 2523,
      "node-str": ""
    },
    {
      "type": "delete-node",
      "node": {
        "label": "public",
        "type": "Modifier"
      },
      "location-before-char-start": 2525,
      "location-before-char-end": 2531,
      "node-str": "public"
    },
    {
      "type": "delete-node",
      "node": {
        "label": "boolean",
        "type": "PrimitiveType"
      },
      "location-before-char-start": 2532,
      "location-before-char-end": 2539,
      "node-str": "boolean"
    },
    {
      "type": "delete-node",
      "node": {
        "label": "exists",
        "type": "SimpleName"
      },
      "location-before-char-start": 2540,
      "location-before-char-end": 2546,
      "node-str": "exists"
    },
    {
      "type": "delete-node",
      "node": {
        "label": "Object",
        "type": "SimpleName"
      },
      "location-before-char-start": 2547,
      "location-before-char-end": 2553,
      "node-str": "Object"
    },
    {
      "type": "delete-node",
      "node": {
        "label": "",
        "type": "SimpleType"
      },
      "location-before-char-start": 2547,
      "location-before-char-end": 2553,
      "node-str": ""
    },
    {
      "type": "delete-node",
      "node": {
        "label": "uid",
        "type": "SimpleName"
      },
      "location-before-char-start": 2554,
      "location-before-char-end": 2557,
      "node-str": "uid"
    },
    {
      "type": "delete-node",
      "node": {
        "label": "",
        "type": "SingleVariableDeclaration"
      },
      "location-before-char-start": 2547,
      "location-before-char-end": 2557,
      "node-str": ""
    },
    {
      "type": "delete-node",
      "node": {
        "label": "Exception",
        "type": "SimpleName"
      },
      "location-before-char-start": 2566,
      "location-before-char-end": 2575,
      "node-str": "Exception"
    },
    {
      "type": "delete-node",
      "node": {
        "label": "",
        "type": "SimpleType"
      },
      "location-before-char-start": 2566,
      "location-before-char-end": 2575,
      "node-str": ""
    },
    {
      "type": "delete-node",
      "node": {
        "label": "headerList",
        "type": "SimpleName"
      },
      "location-before-char-start": 2587,
      "location-before-char-end": 2597,
      "node-str": "headerList"
    },
    {
      "type": "delete-node",
      "node": {
        "label": "",
        "type": "METHOD_INVOCATION_RECEIVER"
      },
      "location-before-char-start": 2587,
      "location-before-char-end": 2597,
      "node-str": ""
    },
    {
      "type": "delete-node",
      "node": {
        "label": "containsKey",
        "type": "SimpleName"
      },
      "location-before-char-start": 2598,
      "location-before-char-end": 2609,
      "node-str": "containsKey"
    },
    {
      "type": "delete-node",
      "node": {
        "label": "uid",
        "type": "SimpleName"
      },
      "location-before-char-start": 2610,
      "location-before-char-end": 2613,
      "node-str": "uid"
    },
    {
      "type": "delete-node",
      "node": {
        "label": "",
        "type": "METHOD_INVOCATION_ARGUMENTS"
      },
      "location-before-char-start": 2610,
      "location-before-char-end": 2613,
      "node-str": ""
    },
    {
      "type": "delete-node",
      "node": {
        "label": "",
        "type": "MethodInvocation"
      },
      "location-before-char-start": 2587,
      "location-before-char-end": 2614,
      "node-str": ""
    },
    {
      "type": "delete-node",
      "node": {
        "label": "",
        "type": "ReturnStatement"
      },
      "location-before-char-start": 2580,
      "location-before-char-end": 2615,
      "node-str": ""
    },
    {
      "type": "delete-node",
      "node": {
        "label": "",
        "type": "Block"
      },
      "location-before-char-start": 2576,
      "location-before-char-end": 2618,
      "node-str": ""
    },
    {
      "type": "delete-node",
      "node": {
        "label": "",
        "type": "MethodDeclaration"
      },
      "location-before-char-start": 2458,
      "location-before-char-end": 2618,
      "node-str": ""
    },
    {
      "type": "delete-node",
      "node": {
        "label": "",
        "type": "TagElement"
      },
      "location-before-char-start": 2629,
      "location-before-char-end": 2636,
      "node-str": ""
    },
    {
      "type": "delete-node",
      "node": {
        "label": "",
        "type": "Javadoc"
      },
      "location-before-char-start": 2621,
      "location-before-char-end": 2641,
      "node-str": ""
    },
    {
      "type": "delete-node",
      "node": {
        "label": "public",
        "type": "Modifier"
      },
      "location-before-char-start": 2643,
      "location-before-char-end": 2649,
      "node-str": "public"
    },
    {
      "type": "delete-node",
      "node": {
        "label": "int",
        "type": "PrimitiveType"
      },
      "location-before-char-start": 2650,
      "location-before-char-end": 2653,
      "node-str": "int"
    },
    {
      "type": "delete-node",
      "node": {
        "label": "count",
        "type": "SimpleName"
      },
      "location-before-char-start": 2654,
      "location-before-char-end": 2659,
      "node-str": "count"
    },
    {
      "type": "delete-node",
      "node": {
        "label": "headerList",
        "type": "SimpleName"
      },
      "location-before-char-start": 2673,
      "location-before-char-end": 2683,
      "node-str": "headerList"
    },
    {
      "type": "delete-node",
      "node": {
        "label": "",
        "type": "METHOD_INVOCATION_RECEIVER"
      },
      "location-before-char-start": 2673,
      "location-before-char-end": 2683,
      "node-str": ""
    },
    {
      "type": "delete-node",
      "node": {
        "label": "count",
        "type": "SimpleName"
      },
      "location-before-char-start": 2684,
      "location-before-char-end": 2689,
      "node-str": "count"
    },
    {
      "type": "delete-node",
      "node": {
        "label": "",
        "type": "MethodInvocation"
      },
      "location-before-char-start": 2673,
      "location-before-char-end": 2691,
      "node-str": ""
    },
    {
      "type": "delete-node",
      "node": {
        "label": "",
        "type": "ReturnStatement"
      },
      "location-before-char-start": 2666,
      "location-before-char-end": 2692,
      "node-str": ""
    },
    {
      "type": "delete-node",
      "node": {
        "label": "",
        "type": "Block"
      },
      "location-before-char-start": 2662,
      "location-before-char-end": 2695,
      "node-str": ""
    },
    {
      "type": "delete-node",
      "node": {
        "label": "",
        "type": "MethodDeclaration"
      },
      "location-before-char-start": 2621,
      "location-before-char-end": 2695,
      "node-str": ""
    },
    {
      "type": "delete-node",
      "node": {
        "label": "uid",
        "type": "SimpleName"
      },
      "location-before-char-start": 2713,
      "location-before-char-end": 2716,
      "node-str": "uid"
    },
    {
      "type": "delete-node",
      "node": {
        "label": "",
        "type": "TagElement"
      },
      "location-before-char-start": 2706,
      "location-before-char-end": 2716,
      "node-str": ""
    },
    {
      "type": "delete-node",
      "node": {
        "label": "Exception",
        "type": "SimpleName"
      },
      "location-before-char-start": 2729,
      "location-before-char-end": 2738,
      "node-str": "Exception"
    },
    {
      "type": "delete-node",
      "node": {
        "label": "",
        "type": "TagElement"
      },
      "location-before-char-start": 2721,
      "location-before-char-end": 2738,
      "node-str": ""
    },
    {
      "type": "delete-node",
      "node": {
        "label": "",
        "type": "Javadoc"
      },
      "location-before-char-start": 2698,
      "location-before-char-end": 2743,
      "node-str": ""
    },
    {
      "type": "delete-node",
      "node": {
        "label": "public",
        "type": "Modifier"
      },
      "location-before-char-start": 2745,
      "location-before-char-end": 2751,
      "node-str": "public"
    },
    {
      "type": "delete-node",
      "node": {
        "label": "void",
        "type": "PrimitiveType"
      },
      "location-before-char-start": 2752,
      "location-before-char-end": 2756,
      "node-str": "void"
    },
    {
      "type": "delete-node",
      "node": {
        "label": "remove",
        "type": "SimpleName"
      },
      "location-before-char-start": 2757,
      "location-before-char-end": 2763,
      "node-str": "remove"
    },
    {
      "type": "delete-node",
      "node": {
        "label": "Object",
        "type": "SimpleName"
      },
      "location-before-char-start": 2764,
      "location-before-char-end": 2770,
      "node-str": "Object"
    },
    {
      "type": "delete-node",
      "node": {
        "label": "",
        "type": "SimpleType"
      },
      "location-before-char-start": 2764,
      "location-before-char-end": 2770,
      "node-str": ""
    },
    {
      "type": "delete-node",
      "node": {
        "label": "uid",
        "type": "SimpleName"
      },
      "location-before-char-start": 2771,
      "location-before-char-end": 2774,
      "node-str": "uid"
    },
    {
      "type": "delete-node",
      "node": {
        "label": "",
        "type": "SingleVariableDeclaration"
      },
      "location-before-char-start": 2764,
      "location-before-char-end": 2774,
      "node-str": ""
    },
    {
      "type": "delete-node",
      "node": {
        "label": "LOG",
        "type": "SimpleName"
      },
      "location-before-char-start": 2780,
      "location-before-char-end": 2783,
      "node-str": "LOG"
    },
    {
      "type": "delete-node",
      "node": {
        "label": "",
        "type": "METHOD_INVOCATION_RECEIVER"
      },
      "location-before-char-start": 2780,
      "location-before-char-end": 2783,
      "node-str": ""
    },
    {
      "type": "delete-node",
      "node": {
        "label": "info",
        "type": "SimpleName"
      },
      "location-before-char-start": 2784,
      "location-before-char-end": 2788,
      "node-str": "info"
    },
    {
      "type": "delete-node",
      "node": {
        "label": "\"trying to remove message UID\u003d\"",
        "type": "StringLiteral"
      },
      "location-before-char-start": 2789,
      "location-before-char-end": 2820,
      "node-str": "\"trying to remove message UID\u003d\""
    },
    {
      "type": "delete-node",
      "node": {
        "label": "+",
        "type": "INFIX_EXPRESSION_OPERATOR"
      },
      "location-before-char-start": 2821,
      "location-before-char-end": 2822,
      "node-str": "+"
    },
    {
      "type": "delete-node",
      "node": {
        "label": "uid",
        "type": "SimpleName"
      },
      "location-before-char-start": 2823,
      "location-before-char-end": 2826,
      "node-str": "uid"
    },
    {
      "type": "delete-node",
      "node": {
        "label": "",
        "type": "InfixExpression"
      },
      "location-before-char-start": 2789,
      "location-before-char-end": 2826,
      "node-str": ""
    },
    {
      "type": "delete-node",
      "node": {
        "label": "",
        "type": "METHOD_INVOCATION_ARGUMENTS"
      },
      "location-before-char-start": 2789,
      "location-before-char-end": 2826,
      "node-str": ""
    },
    {
      "type": "delete-node",
      "node": {
        "label": "",
        "type": "MethodInvocation"
      },
      "location-before-char-start": 2780,
      "location-before-char-end": 2827,
      "node-str": ""
    },
    {
      "type": "delete-node",
      "node": {
        "label": "",
        "type": "ExpressionStatement"
      },
      "location-before-char-start": 2780,
      "location-before-char-end": 2828,
      "node-str": ""
    },
    {
      "type": "delete-node",
      "node": {
        "label": "headerList",
        "type": "SimpleName"
      },
      "location-before-char-start": 2836,
      "location-before-char-end": 2846,
      "node-str": "headerList"
    },
    {
      "type": "delete-node",
      "node": {
        "label": "",
        "type": "METHOD_INVOCATION_RECEIVER"
      },
      "location-before-char-start": 2836,
      "location-before-char-end": 2846,
      "node-str": ""
    },
    {
      "type": "delete-node",
      "node": {
        "label": "containsKey",
        "type": "SimpleName"
      },
      "location-before-char-start": 2847,
      "location-before-char-end": 2858,
      "node-str": "containsKey"
    },
    {
      "type": "delete-node",
      "node": {
        "label": "uid",
        "type": "SimpleName"
      },
      "location-before-char-start": 2859,
      "location-before-char-end": 2862,
      "node-str": "uid"
    },
    {
      "type": "delete-node",
      "node": {
        "label": "",
        "type": "METHOD_INVOCATION_ARGUMENTS"
      },
      "location-before-char-start": 2859,
      "location-before-char-end": 2862,
      "node-str": ""
    },
    {
      "type": "delete-node",
      "node": {
        "label": "",
        "type": "MethodInvocation"
      },
      "location-before-char-start": 2836,
      "location-before-char-end": 2863,
      "node-str": ""
    },
    {
      "type": "delete-node",
      "node": {
        "label": "LOG",
        "type": "SimpleName"
      },
      "location-before-char-start": 2870,
      "location-before-char-end": 2873,
      "node-str": "LOG"
    },
    {
      "type": "delete-node",
      "node": {
        "label": "",
        "type": "METHOD_INVOCATION_RECEIVER"
      },
      "location-before-char-start": 2870,
      "location-before-char-end": 2873,
      "node-str": ""
    },
    {
      "type": "delete-node",
      "node": {
        "label": "info",
        "type": "SimpleName"
      },
      "location-before-char-start": 2874,
      "location-before-char-end": 2878,
      "node-str": "info"
    },
    {
      "type": "delete-node",
      "node": {
        "label": "\"remove UID\u003d\"",
        "type": "StringLiteral"
      },
      "location-before-char-start": 2879,
      "location-before-char-end": 2892,
      "node-str": "\"remove UID\u003d\""
    },
    {
      "type": "delete-node",
      "node": {
        "label": "+",
        "type": "INFIX_EXPRESSION_OPERATOR"
      },
      "location-before-char-start": 2893,
      "location-before-char-end": 2894,
      "node-str": "+"
    },
    {
      "type": "delete-node",
      "node": {
        "label": "uid",
        "type": "SimpleName"
      },
      "location-before-char-start": 2895,
      "location-before-char-end": 2898,
      "node-str": "uid"
    },
    {
      "type": "delete-node",
      "node": {
        "label": "",
        "type": "InfixExpression"
      },
      "location-before-char-start": 2879,
      "location-before-char-end": 2898,
      "node-str": ""
    },
    {
      "type": "delete-node",
      "node": {
        "label": "",
        "type": "METHOD_INVOCATION_ARGUMENTS"
      },
      "location-before-char-start": 2879,
      "location-before-char-end": 2898,
      "node-str": ""
    },
    {
      "type": "delete-node",
      "node": {
        "label": "",
        "type": "MethodInvocation"
      },
      "location-before-char-start": 2870,
      "location-before-char-end": 2899,
      "node-str": ""
    },
    {
      "type": "delete-node",
      "node": {
        "label": "",
        "type": "ExpressionStatement"
      },
      "location-before-char-start": 2870,
      "location-before-char-end": 2900,
      "node-str": ""
    },
    {
      "type": "delete-node",
      "node": {
        "label": "headerList",
        "type": "SimpleName"
      },
      "location-before-char-start": 2905,
      "location-before-char-end": 2915,
      "node-str": "headerList"
    },
    {
      "type": "delete-node",
      "node": {
        "label": "",
        "type": "METHOD_INVOCATION_RECEIVER"
      },
      "location-before-char-start": 2905,
      "location-before-char-end": 2915,
      "node-str": ""
    },
    {
      "type": "delete-node",
      "node": {
        "label": "remove",
        "type": "SimpleName"
      },
      "location-before-char-start": 2916,
      "location-before-char-end": 2922,
      "node-str": "remove"
    },
    {
      "type": "delete-node",
      "node": {
        "label": "uid",
        "type": "SimpleName"
      },
      "location-before-char-start": 2923,
      "location-before-char-end": 2926,
      "node-str": "uid"
    },
    {
      "type": "delete-node",
      "node": {
        "label": "",
        "type": "METHOD_INVOCATION_ARGUMENTS"
      },
      "location-before-char-start": 2923,
      "location-before-char-end": 2926,
      "node-str": ""
    },
    {
      "type": "delete-node",
      "node": {
        "label": "",
        "type": "MethodInvocation"
      },
      "location-before-char-start": 2905,
      "location-before-char-end": 2927,
      "node-str": ""
    },
    {
      "type": "delete-node",
      "node": {
        "label": "",
        "type": "ExpressionStatement"
      },
      "location-before-char-start": 2905,
      "location-before-char-end": 2928,
      "node-str": ""
    },
    {
      "type": "delete-node",
      "node": {
        "label": "",
        "type": "Block"
      },
      "location-before-char-start": 2865,
      "location-before-char-end": 2932,
      "node-str": ""
    },
    {
      "type": "delete-node",
      "node": {
        "label": "",
        "type": "IfStatement"
      },
      "location-before-char-start": 2832,
      "location-before-char-end": 2932,
      "node-str": ""
    },
    {
      "type": "delete-node",
      "node": {
        "label": "",
        "type": "Block"
      },
      "location-before-char-start": 2776,
      "location-before-char-end": 2935,
      "node-str": ""
    },
    {
      "type": "delete-node",
      "node": {
        "label": "",
        "type": "MethodDeclaration"
      },
      "location-before-char-start": 2698,
      "location-before-char-end": 2935,
      "node-str": ""
    },
    {
      "type": "delete-node",
      "node": {
        "label": "header",
        "type": "SimpleName"
      },
      "location-before-char-start": 2953,
      "location-before-char-end": 2959,
      "node-str": "header"
    },
    {
      "type": "delete-node",
      "node": {
        "label": "",
        "type": "TagElement"
      },
      "location-before-char-start": 2946,
      "location-before-char-end": 2959,
      "node-str": ""
    },
    {
      "type": "delete-node",
      "node": {
        "label": "",
        "type": "Javadoc"
      },
      "location-before-char-start": 2938,
      "location-before-char-end": 2964,
      "node-str": ""
    },
    {
      "type": "delete-node",
      "node": {
        "label": "public",
        "type": "Modifier"
      },
      "location-before-char-start": 2966,
      "location-before-char-end": 2972,
      "node-str": "public"
    },
    {
      "type": "delete-node",
      "node": {
        "label": "add",
        "type": "SimpleName"
      },
      "location-before-char-start": 2978,
      "location-before-char-end": 2981,
      "node-str": "add"
    },
    {
      "type": "delete-node",
      "node": {
        "label": "ColumbaHeader",
        "type": "SimpleName"
      },
      "location-before-char-start": 2982,
      "location-before-char-end": 2995,
      "node-str": "ColumbaHeader"
    },
    {
      "type": "delete-node",
      "node": {
        "label": "",
        "type": "SimpleType"
      },
      "location-before-char-start": 2982,
      "location-before-char-end": 2995,
      "node-str": ""
    },
    {
      "type": "delete-node",
      "node": {
        "label": "header",
        "type": "SimpleName"
      },
      "location-before-char-start": 2996,
      "location-before-char-end": 3002,
      "node-str": "header"
    },
    {
      "type": "delete-node",
      "node": {
        "label": "",
        "type": "SingleVariableDeclaration"
      },
      "location-before-char-start": 2982,
      "location-before-char-end": 3002,
      "node-str": ""
    },
    {
      "type": "delete-node",
      "node": {
        "label": "headerList",
        "type": "SimpleName"
      },
      "location-before-char-start": 3009,
      "location-before-char-end": 3019,
      "node-str": "headerList"
    },
    {
      "type": "delete-node",
      "node": {
        "label": "",
        "type": "METHOD_INVOCATION_RECEIVER"
      },
      "location-before-char-start": 3009,
      "location-before-char-end": 3019,
      "node-str": ""
    },
    {
      "type": "delete-node",
      "node": {
        "label": "add",
        "type": "SimpleName"
      },
      "location-before-char-start": 3020,
      "location-before-char-end": 3023,
      "node-str": "add"
    },
    {
      "type": "delete-node",
      "node": {
        "label": "header",
        "type": "SimpleName"
      },
      "location-before-char-start": 3024,
      "location-before-char-end": 3030,
      "node-str": "header"
    },
    {
      "type": "delete-node",
      "node": {
        "label": "header",
        "type": "SimpleName"
      },
      "location-before-char-start": 3032,
      "location-before-char-end": 3038,
      "node-str": "header"
    },
    {
      "type": "delete-node",
      "node": {
        "label": "",
        "type": "METHOD_INVOCATION_RECEIVER"
      },
      "location-before-char-start": 3032,
      "location-before-char-end": 3038,
      "node-str": ""
    },
    {
      "type": "delete-node",
      "node": {
        "label": "get",
        "type": "SimpleName"
      },
      "location-before-char-start": 3039,
      "location-before-char-end": 3042,
      "node-str": "get"
    },
    {
      "type": "delete-node",
      "node": {
        "label": "\"columba.uid\"",
        "type": "StringLiteral"
      },
      "location-before-char-start": 3043,
      "location-before-char-end": 3056,
      "node-str": "\"columba.uid\""
    },
    {
      "type": "delete-node",
      "node": {
        "label": "",
        "type": "METHOD_INVOCATION_ARGUMENTS"
      },
      "location-before-char-start": 3043,
      "location-before-char-end": 3056,
      "node-str": ""
    },
    {
      "type": "delete-node",
      "node": {
        "label": "",
        "type": "MethodInvocation"
      },
      "location-before-char-start": 3032,
      "location-before-char-end": 3057,
      "node-str": ""
    },
    {
      "type": "delete-node",
      "node": {
        "label": "",
        "type": "METHOD_INVOCATION_ARGUMENTS"
      },
      "location-before-char-start": 3024,
      "location-before-char-end": 3057,
      "node-str": ""
    },
    {
      "type": "delete-node",
      "node": {
        "label": "",
        "type": "MethodInvocation"
      },
      "location-before-char-start": 3009,
      "location-before-char-end": 3058,
      "node-str": ""
    },
    {
      "type": "delete-node",
      "node": {
        "label": "",
        "type": "ExpressionStatement"
      },
      "location-before-char-start": 3009,
      "location-before-char-end": 3059,
      "node-str": ""
    },
    {
      "type": "delete-node",
      "node": {
        "label": "",
        "type": "Block"
      },
      "location-before-char-start": 3005,
      "location-before-char-end": 3062,
      "node-str": ""
    },
    {
      "type": "delete-node",
      "node": {
        "label": "",
        "type": "MethodDeclaration"
      },
      "location-before-char-start": 2938,
      "location-before-char-end": 3062,
      "node-str": ""
    },
    {
      "type": "delete-node",
      "node": {
        "label": "HeaderList",
        "type": "SimpleName"
      },
      "location-before-char-start": 3181,
      "location-before-char-end": 3191,
      "node-str": "HeaderList"
    },
    {
      "type": "delete-node",
      "node": {
        "label": "",
        "type": "SimpleType"
      },
      "location-before-char-start": 3181,
      "location-before-char-end": 3191,
      "node-str": ""
    },
    {
      "type": "delete-node",
      "node": {
        "label": "getHeaderList",
        "type": "SimpleName"
      },
      "location-before-char-start": 3192,
      "location-before-char-end": 3205,
      "node-str": "getHeaderList"
    },
    {
      "type": "delete-node",
      "node": {
        "label": "boolean",
        "type": "PrimitiveType"
      },
      "location-before-char-start": 3231,
      "location-before-char-end": 3238,
      "node-str": "boolean"
    },
    {
      "type": "delete-node",
      "node": {
        "label": "needToRelease",
        "type": "SimpleName"
      },
      "location-before-char-start": 3239,
      "location-before-char-end": 3252,
      "node-str": "needToRelease"
    },
    {
      "type": "delete-node",
      "node": {
        "label": "false",
        "type": "BooleanLiteral"
      },
      "location-before-char-start": 3255,
      "location-before-char-end": 3260,
      "node-str": "false"
    },
    {
      "type": "delete-node",
      "node": {
        "label": "",
        "type": "VariableDeclarationFragment"
      },
      "location-before-char-start": 3239,
      "location-before-char-end": 3260,
      "node-str": ""
    },
    {
      "type": "delete-node",
      "node": {
        "label": "",
        "type": "VariableDeclarationStatement"
      },
      "location-before-char-start": 3231,
      "location-before-char-end": 3261,
      "node-str": ""
    },
    {
      "type": "delete-node",
      "node": {
        "label": "",
        "type": "MethodInvocation"
      },
      "location-before-char-start": 3408,
      "location-before-char-end": 3414,
      "node-str": ""
    },
    {
      "type": "delete-node",
      "node": {
        "label": "",
        "type": "ExpressionStatement"
      },
      "location-before-char-start": 3408,
      "location-before-char-end": 3415,
      "node-str": ""
    },
    {
      "type": "delete-node",
      "node": {
        "label": "",
        "type": "Block"
      },
      "location-before-char-start": 3401,
      "location-before-char-end": 3421,
      "node-str": ""
    },
    {
      "type": "delete-node",
      "node": {
        "label": "headerList",
        "type": "SimpleName"
      },
      "location-before-char-start": 3903,
      "location-before-char-end": 3913,
      "node-str": "headerList"
    },
    {
      "type": "delete-node",
      "node": {
        "label": "\u003d",
        "type": "ASSIGNMENT_OPERATOR"
      },
      "location-before-char-start": 3914,
      "location-before-char-end": 3915,
      "node-str": "\u003d"
    },
    {
      "type": "delete-node",
      "node": {
        "label": "HeaderList",
        "type": "SimpleName"
      },
      "location-before-char-start": 3920,
      "location-before-char-end": 3930,
      "node-str": "HeaderList"
    },
    {
      "type": "delete-node",
      "node": {
        "label": "",
        "type": "SimpleType"
      },
      "location-before-char-start": 3920,
      "location-before-char-end": 3930,
      "node-str": ""
    },
    {
      "type": "delete-node",
      "node": {
        "label": "",
        "type": "ClassInstanceCreation"
      },
      "location-before-char-start": 3916,
      "location-before-char-end": 3932,
      "node-str": ""
    },
    {
      "type": "delete-node",
      "node": {
        "label": "",
        "type": "Assignment"
      },
      "location-before-char-start": 3903,
      "location-before-char-end": 3932,
      "node-str": ""
    },
    {
      "type": "delete-node",
      "node": {
        "label": "",
        "type": "ExpressionStatement"
      },
      "location-before-char-start": 3903,
      "location-before-char-end": 3933,
      "node-str": ""
    },
    {
      "type": "delete-node",
      "node": {
        "label": "headerList",
        "type": "SimpleName"
      },
      "location-before-char-start": 3954,
      "location-before-char-end": 3964,
      "node-str": "headerList"
    },
    {
      "type": "delete-node",
      "node": {
        "label": "",
        "type": "ReturnStatement"
      },
      "location-before-char-start": 3947,
      "location-before-char-end": 3965,
      "node-str": ""
    },
    {
      "type": "delete-node",
      "node": {
        "label": "",
        "type": "Block"
      },
      "location-before-char-start": 3826,
      "location-before-char-end": 3972,
      "node-str": ""
    },
    {
      "type": "delete-node",
      "node": {
        "label": "",
        "type": "IfStatement"
      },
      "location-before-char-start": 3799,
      "location-before-char-end": 3972,
      "node-str": ""
    },
    {
      "type": "delete-node",
      "node": {
        "label": "",
        "type": "MethodInvocation"
      },
      "location-before-char-start": 3996,
      "location-before-char-end": 4002,
      "node-str": ""
    },
    {
      "type": "delete-node",
      "node": {
        "label": "",
        "type": "ExpressionStatement"
      },
      "location-before-char-start": 3996,
      "location-before-char-end": 4003,
      "node-str": ""
    },
    {
      "type": "delete-node",
      "node": {
        "label": "",
        "type": "Block"
      },
      "location-before-char-start": 3988,
      "location-before-char-end": 4010,
      "node-str": ""
    },
    {
      "type": "delete-node",
      "node": {
        "label": "\u003d",
        "type": "ASSIGNMENT_OPERATOR"
      },
      "location-before-char-start": 4228,
      "location-before-char-end": 4229,
      "node-str": "\u003d"
    },
    {
      "type": "delete-node",
      "node": {
        "label": "HeaderList",
        "type": "SimpleName"
      },
      "location-before-char-start": 4234,
      "location-before-char-end": 4244,
      "node-str": "HeaderList"
    },
    {
      "type": "delete-node",
      "node": {
        "label": "",
        "type": "SimpleType"
      },
      "location-before-char-start": 4234,
      "location-before-char-end": 4244,
      "node-str": ""
    },
    {
      "type": "delete-node",
      "node": {
        "label": "",
        "type": "ClassInstanceCreation"
      },
      "location-before-char-start": 4230,
      "location-before-char-end": 4246,
      "node-str": ""
    },
    {
      "type": "delete-node",
      "node": {
        "label": "",
        "type": "Assignment"
      },
      "location-before-char-start": 4217,
      "location-before-char-end": 4246,
      "node-str": ""
    },
    {
      "type": "delete-node",
      "node": {
        "label": "",
        "type": "ExpressionStatement"
      },
      "location-before-char-start": 4217,
      "location-before-char-end": 4247,
      "node-str": ""
    },
    {
      "type": "delete-node",
      "node": {
        "label": "",
        "type": "Block"
      },
      "location-before-char-start": 4085,
      "location-before-char-end": 4254,
      "node-str": ""
    },
    {
      "type": "delete-node",
      "node": {
        "label": "",
        "type": "TryStatement"
      },
      "location-before-char-start": 3984,
      "location-before-char-end": 4254,
      "node-str": ""
    },
    {
      "type": "delete-node",
      "node": {
        "label": "",
        "type": "ReturnStatement"
      },
      "location-before-char-start": 4261,
      "location-before-char-end": 4279,
      "node-str": ""
    },
    {
      "type": "delete-node",
      "node": {
        "label": "",
        "type": "Block"
      },
      "location-before-char-start": 3442,
      "location-before-char-end": 4285,
      "node-str": ""
    },
    {
      "type": "delete-node",
      "node": {
        "label": "",
        "type": "CatchClause"
      },
      "location-before-char-start": 3422,
      "location-before-char-end": 4285,
      "node-str": ""
    },
    {
      "type": "delete-node",
      "node": {
        "label": "",
        "type": "TryStatement"
      },
      "location-before-char-start": 3397,
      "location-before-char-end": 4285,
      "node-str": ""
    },
    {
      "type": "delete-node",
      "node": {
        "label": "",
        "type": "Block"
      },
      "location-before-char-start": 3391,
      "location-before-char-end": 4290,
      "node-str": ""
    },
    {
      "type": "delete-node",
      "node": {
        "label": "",
        "type": "IfStatement"
      },
      "location-before-char-start": 3366,
      "location-before-char-end": 4290,
      "node-str": ""
    },
    {
      "type": "delete-node",
      "node": {
        "label": "",
        "type": "Block"
      },
      "location-before-char-start": 3361,
      "location-before-char-end": 4324,
      "node-str": ""
    },
    {
      "type": "delete-node",
      "node": {
        "label": "",
        "type": "IfStatement"
      },
      "location-before-char-start": 3337,
      "location-before-char-end": 4324,
      "node-str": ""
    },
    {
      "type": "delete-node",
      "node": {
        "label": "",
        "type": "ReturnStatement"
      },
      "location-before-char-start": 4328,
      "location-before-char-end": 4346,
      "node-str": ""
    },
    {
      "type": "delete-node",
      "node": {
        "label": "",
        "type": "Block"
      },
      "location-before-char-start": 3227,
      "location-before-char-end": 4349,
      "node-str": ""
    },
    {
      "type": "delete-node",
      "node": {
        "label": "",
        "type": "MethodDeclaration"
      },
      "location-before-char-start": 3065,
      "location-before-char-end": 4349,
      "node-str": ""
    },
    {
      "type": "delete-node",
      "node": {
        "label": "",
        "type": "MethodDeclaration"
      },
      "location-before-char-start": 4352,
      "location-before-char-end": 4429,
      "node-str": ""
    },
    {
      "type": "delete-node",
      "node": {
        "label": "Exception",
        "type": "SimpleName"
      },
      "location-before-char-start": 4448,
      "location-before-char-end": 4457,
      "node-str": "Exception"
    },
    {
      "type": "delete-node",
      "node": {
        "label": "",
        "type": "TagElement"
      },
      "location-before-char-start": 4440,
      "location-before-char-end": 4457,
      "node-str": ""
    },
    {
      "type": "delete-node",
      "node": {
        "label": "",
        "type": "Javadoc"
      },
      "location-before-char-start": 4432,
      "location-before-char-end": 4462,
      "node-str": ""
    },
    {
      "type": "delete-node",
      "node": {
        "label": "public",
        "type": "Modifier"
      },
      "location-before-char-start": 4464,
      "location-before-char-end": 4470,
      "node-str": "public"
    },
    {
      "type": "delete-node",
      "node": {
        "label": "abstract",
        "type": "Modifier"
      },
      "location-before-char-start": 4471,
      "location-before-char-end": 4479,
      "node-str": "abstract"
    },
    {
      "type": "delete-node",
      "node": {
        "label": "void",
        "type": "PrimitiveType"
      },
      "location-before-char-start": 4480,
      "location-before-char-end": 4484,
      "node-str": "void"
    },
    {
      "type": "delete-node",
      "node": {
        "label": "save",
        "type": "SimpleName"
      },
      "location-before-char-start": 4485,
      "location-before-char-end": 4489,
      "node-str": "save"
    },
    {
      "type": "delete-node",
      "node": {
        "label": "Exception",
        "type": "SimpleName"
      },
      "location-before-char-start": 4499,
      "location-before-char-end": 4508,
      "node-str": "Exception"
    },
    {
      "type": "delete-node",
      "node": {
        "label": "",
        "type": "SimpleType"
      },
      "location-before-char-start": 4499,
      "location-before-char-end": 4508,
      "node-str": ""
    },
    {
      "type": "delete-node",
      "node": {
        "label": "",
        "type": "MethodDeclaration"
      },
      "location-before-char-start": 4432,
      "location-before-char-end": 4509,
      "node-str": ""
    },
    {
      "type": "delete-node",
      "node": {
        "label": "Exception",
        "type": "SimpleName"
      },
      "location-before-char-start": 4562,
      "location-before-char-end": 4571,
      "node-str": "Exception"
    },
    {
      "type": "delete-node",
      "node": {
        "label": "",
        "type": "SimpleType"
      },
      "location-before-char-start": 4562,
      "location-before-char-end": 4571,
      "node-str": ""
    },
    {
      "type": "delete-node",
      "node": {
        "label": "",
        "type": "VariableDeclarationFragment"
      },
      "location-before-char-start": 4650,
      "location-before-char-end": 4710,
      "node-str": ""
    },
    {
      "type": "delete-node",
      "node": {
        "label": "",
        "type": "VariableDeclarationStatement"
      },
      "location-before-char-start": 4646,
      "location-before-char-end": 4711,
      "node-str": ""
    },
    {
      "type": "delete-node",
      "node": {
        "label": "",
        "type": "Block"
      },
      "location-before-char-start": 4572,
      "location-before-char-end": 6159,
      "node-str": ""
    },
    {
      "type": "delete-node",
      "node": {
        "label": "",
        "type": "MethodDeclaration"
      },
      "location-before-char-start": 4512,
      "location-before-char-end": 6159,
      "node-str": ""
    },
    {
      "type": "delete-node",
      "node": {
        "label": "Exception",
        "type": "SimpleName"
      },
      "location-before-char-start": 6212,
      "location-before-char-end": 6221,
      "node-str": "Exception"
    },
    {
      "type": "delete-node",
      "node": {
        "label": "",
        "type": "SimpleType"
      },
      "location-before-char-start": 6212,
      "location-before-char-end": 6221,
      "node-str": ""
    },
    {
      "type": "delete-node",
      "node": {
        "label": "",
        "type": "MethodDeclaration"
      },
      "location-before-char-start": 6162,
      "location-before-char-end": 7786,
      "node-str": ""
    },
    {
      "type": "delete-node",
      "node": {
        "label": "Resets the headercache by removing all entries.",
        "type": "TextElement"
      },
      "location-before-char-start": 7896,
      "location-before-char-end": 7943,
      "node-str": "Resets the headercache by removing all entries."
    },
    {
      "type": "delete-node",
      "node": {
        "label": "",
        "type": "TagElement"
      },
      "location-before-char-start": 7896,
      "location-before-char-end": 7943,
      "node-str": ""
    },
    {
      "type": "delete-node",
      "node": {
        "label": "",
        "type": "Javadoc"
      },
      "location-before-char-start": 7888,
      "location-before-char-end": 7954,
      "node-str": ""
    },
    {
      "type": "delete-node",
      "node": {
        "label": "public",
        "type": "Modifier"
      },
      "location-before-char-start": 7956,
      "location-before-char-end": 7962,
      "node-str": "public"
    },
    {
      "type": "delete-node",
      "node": {
        "label": "void",
        "type": "PrimitiveType"
      },
      "location-before-char-start": 7963,
      "location-before-char-end": 7967,
      "node-str": "void"
    },
    {
      "type": "delete-node",
      "node": {
        "label": "reset",
        "type": "SimpleName"
      },
      "location-before-char-start": 7968,
      "location-before-char-end": 7973,
      "node-str": "reset"
    },
    {
      "type": "delete-node",
      "node": {
        "label": "headerList",
        "type": "SimpleName"
      },
      "location-before-char-start": 7980,
      "location-before-char-end": 7990,
      "node-str": "headerList"
    },
    {
      "type": "delete-node",
      "node": {
        "label": "\u003d",
        "type": "ASSIGNMENT_OPERATOR"
      },
      "location-before-char-start": 7991,
      "location-before-char-end": 7992,
      "node-str": "\u003d"
    },
    {
      "type": "delete-node",
      "node": {
        "label": "HeaderList",
        "type": "SimpleName"
      },
      "location-before-char-start": 7997,
      "location-before-char-end": 8007,
      "node-str": "HeaderList"
    },
    {
      "type": "delete-node",
      "node": {
        "label": "",
        "type": "SimpleType"
      },
      "location-before-char-start": 7997,
      "location-before-char-end": 8007,
      "node-str": ""
    },
    {
      "type": "delete-node",
      "node": {
        "label": "",
        "type": "ClassInstanceCreation"
      },
      "location-before-char-start": 7993,
      "location-before-char-end": 8009,
      "node-str": ""
    },
    {
      "type": "delete-node",
      "node": {
        "label": "",
        "type": "Assignment"
      },
      "location-before-char-start": 7980,
      "location-before-char-end": 8009,
      "node-str": ""
    },
    {
      "type": "delete-node",
      "node": {
        "label": "",
        "type": "ExpressionStatement"
      },
      "location-before-char-start": 7980,
      "location-before-char-end": 8010,
      "node-str": ""
    },
    {
      "type": "delete-node",
      "node": {
        "label": "",
        "type": "Block"
      },
      "location-before-char-start": 7976,
      "location-before-char-end": 8013,
      "node-str": ""
    },
    {
      "type": "delete-node",
      "node": {
        "label": "",
        "type": "MethodDeclaration"
      },
      "location-before-char-start": 7888,
      "location-before-char-end": 8013,
      "node-str": ""
    },
    {
      "type": "delete-node",
      "node": {
        "label": "",
        "type": "TypeDeclaration"
      },
      "location-before-char-start": 1302,
      "location-before-char-end": 8015,
      "node-str": ""
    }
  ],
  "before-file": {},
  "after-file": {},
  "mapping": {}
}