{
  "tool-info": {},
  "diff": [
    {
      "type": "insert-node",
      "node": {
        "label": "public",
        "type": "Modifier"
      },
      "location-after-char-start": 0,
      "location-after-char-end": 0,
      "node-str": "public"
    },
    {
      "type": "insert-node",
      "node": {
        "label": "",
        "type": "TypeReference"
      },
      "location-after-char-start": 2300,
      "location-after-char-end": 2305,
      "node-str": ""
    },
    {
      "type": "insert-node",
      "node": {
        "label": "TOP_ID",
        "type": "Field"
      },
      "location-after-char-start": 2351,
      "location-after-char-end": 2432,
      "node-str": "TOP_ID"
    },
    {
      "type": "insert-node",
      "node": {
        "label": "BOTTOM_ID",
        "type": "Field"
      },
      "location-after-char-start": 2436,
      "location-after-char-end": 2523,
      "node-str": "BOTTOM_ID"
    },
    {
      "type": "insert-node",
      "node": {
        "label": "LEFT_ID",
        "type": "Field"
      },
      "location-after-char-start": 2527,
      "location-after-char-end": 2610,
      "node-str": "LEFT_ID"
    },
    {
      "type": "insert-node",
      "node": {
        "label": "RIGHT_ID",
        "type": "Field"
      },
      "location-after-char-start": 2614,
      "location-after-char-end": 2699,
      "node-str": "RIGHT_ID"
    },
    {
      "type": "insert-node",
      "node": {
        "label": "NONTRIM_ID",
        "type": "Field"
      },
      "location-after-char-start": 2703,
      "location-after-char-end": 2792,
      "node-str": "NONTRIM_ID"
    },
    {
      "type": "insert-node",
      "node": {
        "label": "TRIM_ID_INFO",
        "type": "Field"
      },
      "location-after-char-start": 2796,
      "location-after-char-end": 2923,
      "node-str": "TRIM_ID_INFO"
    },
    {
      "type": "insert-node",
      "node": {
        "label": "centerArea",
        "type": "Field"
      },
      "location-after-char-start": 2927,
      "location-after-char-end": 2973,
      "node-str": "centerArea"
    },
    {
      "type": "insert-node",
      "node": {
        "label": "fTrimArea",
        "type": "Field"
      },
      "location-after-char-start": 2977,
      "location-after-char-end": 3053,
      "node-str": "fTrimArea"
    },
    {
      "type": "insert-node",
      "node": {
        "label": "fTrimDescriptors",
        "type": "Field"
      },
      "location-after-char-start": 3057,
      "location-after-char-end": 3146,
      "node-str": "fTrimDescriptors"
    },
    {
      "type": "insert-node",
      "node": {
        "label": "marginWidth",
        "type": "Field"
      },
      "location-after-char-start": 3150,
      "location-after-char-end": 3173,
      "node-str": "marginWidth"
    },
    {
      "type": "insert-node",
      "node": {
        "label": "marginHeight",
        "type": "Field"
      },
      "location-after-char-start": 3177,
      "location-after-char-end": 3201,
      "node-str": "marginHeight"
    },
    {
      "type": "insert-node",
      "node": {
        "label": "topSpacing",
        "type": "Field"
      },
      "location-after-char-start": 3205,
      "location-after-char-end": 3227,
      "node-str": "topSpacing"
    },
    {
      "type": "insert-node",
      "node": {
        "label": "bottomSpacing",
        "type": "Field"
      },
      "location-after-char-start": 3231,
      "location-after-char-end": 3256,
      "node-str": "bottomSpacing"
    },
    {
      "type": "insert-node",
      "node": {
        "label": "leftSpacing",
        "type": "Field"
      },
      "location-after-char-start": 3260,
      "location-after-char-end": 3283,
      "node-str": "leftSpacing"
    },
    {
      "type": "insert-node",
      "node": {
        "label": "rightSpacing",
        "type": "Field"
      },
      "location-after-char-start": 3287,
      "location-after-char-end": 3311,
      "node-str": "rightSpacing"
    },
    {
      "type": "insert-node",
      "node": {
        "label": "spacing",
        "type": "Field"
      },
      "location-after-char-start": 3315,
      "location-after-char-end": 3338,
      "node-str": "spacing"
    },
    {
      "type": "insert-node",
      "node": {
        "label": "\u003cinit\u003e",
        "type": "Constructor"
      },
      "location-after-char-start": 3342,
      "location-after-char-end": 3710,
      "node-str": "\u003cinit\u003e"
    },
    {
      "type": "insert-node",
      "node": {
        "label": "setSpacing",
        "type": "Method"
      },
      "location-after-char-start": 3963,
      "location-after-char-end": 4438,
      "node-str": "setSpacing"
    },
    {
      "type": "insert-node",
      "node": {
        "label": "addTrim",
        "type": "Method"
      },
      "location-after-char-start": 5820,
      "location-after-char-end": 6066,
      "node-str": "addTrim"
    },
    {
      "type": "insert-node",
      "node": {
        "label": "addTrim",
        "type": "Method"
      },
      "location-after-char-start": 6070,
      "location-after-char-end": 6558,
      "node-str": "addTrim"
    },
    {
      "type": "insert-node",
      "node": {
        "label": "addTrim",
        "type": "Method"
      },
      "location-after-char-start": 6562,
      "location-after-char-end": 6790,
      "node-str": "addTrim"
    },
    {
      "type": "insert-node",
      "node": {
        "label": "setCenterControl",
        "type": "Method"
      },
      "location-after-char-start": 15050,
      "location-after-char-end": 15426,
      "node-str": "setCenterControl"
    },
    {
      "type": "insert-node",
      "node": {
        "label": "getAreaIds",
        "type": "Method"
      },
      "location-after-char-start": 15976,
      "location-after-char-end": 16142,
      "node-str": "getAreaIds"
    },
    {
      "type": "insert-node",
      "node": {
        "label": "org.eclipse.swt.widgets.Layout",
        "type": "SUPER_TYPE"
      },
      "location-after-char-start": 0,
      "location-after-char-end": 0,
      "node-str": "org.eclipse.swt.widgets.Layout"
    },
    {
      "type": "insert-node",
      "node": {
        "label": "java.lang.Integer",
        "type": "VARIABLE_TYPE"
      },
      "location-after-char-start": 0,
      "location-after-char-end": 0,
      "node-str": "java.lang.Integer"
    },
    {
      "type": "insert-node",
      "node": {
        "label": "final",
        "type": "Modifier"
      },
      "location-after-char-start": 0,
      "location-after-char-end": 0,
      "node-str": "final"
    },
    {
      "type": "insert-node",
      "node": {
        "label": "public",
        "type": "Modifier"
      },
      "location-after-char-start": 0,
      "location-after-char-end": 0,
      "node-str": "public"
    },
    {
      "type": "insert-node",
      "node": {
        "label": "static",
        "type": "Modifier"
      },
      "location-after-char-start": 0,
      "location-after-char-end": 0,
      "node-str": "static"
    },
    {
      "type": "insert-node",
      "node": {
        "label": "java.lang.Integer(java.lang.String)",
        "type": "ConstructorCall"
      },
      "location-after-char-start": 2416,
      "location-after-char-end": 2431,
      "node-str": "java.lang.Integer(java.lang.String)"
    },
    {
      "type": "insert-node",
      "node": {
        "label": "java.lang.Integer",
        "type": "VARIABLE_TYPE"
      },
      "location-after-char-start": 0,
      "location-after-char-end": 0,
      "node-str": "java.lang.Integer"
    },
    {
      "type": "insert-node",
      "node": {
        "label": "final",
        "type": "Modifier"
      },
      "location-after-char-start": 0,
      "location-after-char-end": 0,
      "node-str": "final"
    },
    {
      "type": "insert-node",
      "node": {
        "label": "public",
        "type": "Modifier"
      },
      "location-after-char-start": 0,
      "location-after-char-end": 0,
      "node-str": "public"
    },
    {
      "type": "insert-node",
      "node": {
        "label": "static",
        "type": "Modifier"
      },
      "location-after-char-start": 0,
      "location-after-char-end": 0,
      "node-str": "static"
    },
    {
      "type": "insert-node",
      "node": {
        "label": "java.lang.Integer(java.lang.String)",
        "type": "ConstructorCall"
      },
      "location-after-char-start": 2504,
      "location-after-char-end": 2522,
      "node-str": "java.lang.Integer(java.lang.String)"
    },
    {
      "type": "insert-node",
      "node": {
        "label": "java.lang.Integer",
        "type": "VARIABLE_TYPE"
      },
      "location-after-char-start": 0,
      "location-after-char-end": 0,
      "node-str": "java.lang.Integer"
    },
    {
      "type": "insert-node",
      "node": {
        "label": "final",
        "type": "Modifier"
      },
      "location-after-char-start": 0,
      "location-after-char-end": 0,
      "node-str": "final"
    },
    {
      "type": "insert-node",
      "node": {
        "label": "public",
        "type": "Modifier"
      },
      "location-after-char-start": 0,
      "location-after-char-end": 0,
      "node-str": "public"
    },
    {
      "type": "insert-node",
      "node": {
        "label": "static",
        "type": "Modifier"
      },
      "location-after-char-start": 0,
      "location-after-char-end": 0,
      "node-str": "static"
    },
    {
      "type": "insert-node",
      "node": {
        "label": "java.lang.Integer(java.lang.String)",
        "type": "ConstructorCall"
      },
      "location-after-char-start": 2593,
      "location-after-char-end": 2609,
      "node-str": "java.lang.Integer(java.lang.String)"
    },
    {
      "type": "insert-node",
      "node": {
        "label": "java.lang.Integer",
        "type": "VARIABLE_TYPE"
      },
      "location-after-char-start": 0,
      "location-after-char-end": 0,
      "node-str": "java.lang.Integer"
    },
    {
      "type": "insert-node",
      "node": {
        "label": "final",
        "type": "Modifier"
      },
      "location-after-char-start": 0,
      "location-after-char-end": 0,
      "node-str": "final"
    },
    {
      "type": "insert-node",
      "node": {
        "label": "public",
        "type": "Modifier"
      },
      "location-after-char-start": 0,
      "location-after-char-end": 0,
      "node-str": "public"
    },
    {
      "type": "insert-node",
      "node": {
        "label": "static",
        "type": "Modifier"
      },
      "location-after-char-start": 0,
      "location-after-char-end": 0,
      "node-str": "static"
    },
    {
      "type": "insert-node",
      "node": {
        "label": "java.lang.Integer(java.lang.String)",
        "type": "ConstructorCall"
      },
      "location-after-char-start": 2681,
      "location-after-char-end": 2698,
      "node-str": "java.lang.Integer(java.lang.String)"
    },
    {
      "type": "insert-node",
      "node": {
        "label": "java.lang.Integer",
        "type": "VARIABLE_TYPE"
      },
      "location-after-char-start": 0,
      "location-after-char-end": 0,
      "node-str": "java.lang.Integer"
    },
    {
      "type": "insert-node",
      "node": {
        "label": "final",
        "type": "Modifier"
      },
      "location-after-char-start": 0,
      "location-after-char-end": 0,
      "node-str": "final"
    },
    {
      "type": "insert-node",
      "node": {
        "label": "public",
        "type": "Modifier"
      },
      "location-after-char-start": 0,
      "location-after-char-end": 0,
      "node-str": "public"
    },
    {
      "type": "insert-node",
      "node": {
        "label": "static",
        "type": "Modifier"
      },
      "location-after-char-start": 0,
      "location-after-char-end": 0,
      "node-str": "static"
    },
    {
      "type": "insert-node",
      "node": {
        "label": "java.lang.Integer(java.lang.String)",
        "type": "ConstructorCall"
      },
      "location-after-char-start": 2772,
      "location-after-char-end": 2791,
      "node-str": "java.lang.Integer(java.lang.String)"
    },
    {
      "type": "insert-node",
      "node": {
        "label": "int[]",
        "type": "VARIABLE_TYPE"
      },
      "location-after-char-start": 0,
      "location-after-char-end": 0,
      "node-str": "int[]"
    },
    {
      "type": "insert-node",
      "node": {
        "label": "final",
        "type": "Modifier"
      },
      "location-after-char-start": 0,
      "location-after-char-end": 0,
      "node-str": "final"
    },
    {
      "type": "insert-node",
      "node": {
        "label": "static",
        "type": "Modifier"
      },
      "location-after-char-start": 0,
      "location-after-char-end": 0,
      "node-str": "static"
    },
    {
      "type": "insert-node",
      "node": {
        "label": "",
        "type": "NewArray"
      },
      "location-after-char-start": 2895,
      "location-after-char-end": 2922,
      "node-str": ""
    },
    {
      "type": "insert-node",
      "node": {
        "label": "org.eclipse.ui.internal.layout.SizeCache",
        "type": "VARIABLE_TYPE"
      },
      "location-after-char-start": 0,
      "location-after-char-end": 0,
      "node-str": "org.eclipse.ui.internal.layout.SizeCache"
    },
    {
      "type": "insert-node",
      "node": {
        "label": "org.eclipse.ui.internal.layout.SizeCache()",
        "type": "ConstructorCall"
      },
      "location-after-char-start": 2958,
      "location-after-char-end": 2972,
      "node-str": "org.eclipse.ui.internal.layout.SizeCache()"
    },
    {
      "type": "insert-node",
      "node": {
        "label": "java.util.Map",
        "type": "VARIABLE_TYPE"
      },
      "location-after-char-start": 0,
      "location-after-char-end": 0,
      "node-str": "java.util.Map"
    },
    {
      "type": "insert-node",
      "node": {
        "label": "java.util.HashMap()",
        "type": "ConstructorCall"
      },
      "location-after-char-start": 3040,
      "location-after-char-end": 3052,
      "node-str": "java.util.HashMap()"
    },
    {
      "type": "insert-node",
      "node": {
        "label": "java.util.Map",
        "type": "VARIABLE_TYPE"
      },
      "location-after-char-start": 0,
      "location-after-char-end": 0,
      "node-str": "java.util.Map"
    },
    {
      "type": "insert-node",
      "node": {
        "label": "java.util.HashMap()",
        "type": "ConstructorCall"
      },
      "location-after-char-start": 3133,
      "location-after-char-end": 3145,
      "node-str": "java.util.HashMap()"
    },
    {
      "type": "insert-node",
      "node": {
        "label": "int",
        "type": "VARIABLE_TYPE"
      },
      "location-after-char-start": 0,
      "location-after-char-end": 0,
      "node-str": "int"
    },
    {
      "type": "insert-node",
      "node": {
        "label": "int",
        "type": "VARIABLE_TYPE"
      },
      "location-after-char-start": 0,
      "location-after-char-end": 0,
      "node-str": "int"
    },
    {
      "type": "insert-node",
      "node": {
        "label": "int",
        "type": "VARIABLE_TYPE"
      },
      "location-after-char-start": 0,
      "location-after-char-end": 0,
      "node-str": "int"
    },
    {
      "type": "insert-node",
      "node": {
        "label": "int",
        "type": "VARIABLE_TYPE"
      },
      "location-after-char-start": 0,
      "location-after-char-end": 0,
      "node-str": "int"
    },
    {
      "type": "insert-node",
      "node": {
        "label": "int",
        "type": "VARIABLE_TYPE"
      },
      "location-after-char-start": 0,
      "location-after-char-end": 0,
      "node-str": "int"
    },
    {
      "type": "insert-node",
      "node": {
        "label": "int",
        "type": "VARIABLE_TYPE"
      },
      "location-after-char-start": 0,
      "location-after-char-end": 0,
      "node-str": "int"
    },
    {
      "type": "insert-node",
      "node": {
        "label": "int",
        "type": "VARIABLE_TYPE"
      },
      "location-after-char-start": 0,
      "location-after-char-end": 0,
      "node-str": "int"
    },
    {
      "type": "insert-node",
      "node": {
        "label": "3",
        "type": "Literal"
      },
      "location-after-char-start": 3337,
      "location-after-char-end": 3337,
      "node-str": "3"
    },
    {
      "type": "insert-node",
      "node": {
        "label": "public",
        "type": "Modifier"
      },
      "location-after-char-start": 0,
      "location-after-char-end": 0,
      "node-str": "public"
    },
    {
      "type": "insert-node",
      "node": {
        "label": "createTrimArea",
        "type": "Invocation"
      },
      "location-after-char-start": 3425,
      "location-after-char-end": 3488,
      "node-str": "createTrimArea"
    },
    {
      "type": "insert-node",
      "node": {
        "label": "createTrimArea",
        "type": "Invocation"
      },
      "location-after-char-start": 3492,
      "location-after-char-end": 3564,
      "node-str": "createTrimArea"
    },
    {
      "type": "insert-node",
      "node": {
        "label": "createTrimArea",
        "type": "Invocation"
      },
      "location-after-char-start": 3568,
      "location-after-char-end": 3634,
      "node-str": "createTrimArea"
    },
    {
      "type": "insert-node",
      "node": {
        "label": "createTrimArea",
        "type": "Invocation"
      },
      "location-after-char-start": 3638,
      "location-after-char-end": 3707,
      "node-str": "createTrimArea"
    },
    {
      "type": "insert-node",
      "node": {
        "label": "void",
        "type": "RETURN_TYPE"
      },
      "location-after-char-start": 0,
      "location-after-char-end": 0,
      "node-str": "void"
    },
    {
      "type": "insert-node",
      "node": {
        "label": "public",
        "type": "Modifier"
      },
      "location-after-char-start": 0,
      "location-after-char-end": 0,
      "node-str": "public"
    },
    {
      "type": "insert-node",
      "node": {
        "label": "left",
        "type": "Parameter"
      },
      "location-after-char-start": 4301,
      "location-after-char-end": 4308,
      "node-str": "left"
    },
    {
      "type": "insert-node",
      "node": {
        "label": "right",
        "type": "Parameter"
      },
      "location-after-char-start": 4311,
      "location-after-char-end": 4319,
      "node-str": "right"
    },
    {
      "type": "insert-node",
      "node": {
        "label": "top",
        "type": "Parameter"
      },
      "location-after-char-start": 4322,
      "location-after-char-end": 4328,
      "node-str": "top"
    },
    {
      "type": "insert-node",
      "node": {
        "label": "bottom",
        "type": "Parameter"
      },
      "location-after-char-start": 4331,
      "location-after-char-end": 4340,
      "node-str": "bottom"
    },
    {
      "type": "insert-node",
      "node": {
        "label": "\u003d",
        "type": "Assignment"
      },
      "location-after-char-start": 4347,
      "location-after-char-end": 4365,
      "node-str": "\u003d"
    },
    {
      "type": "insert-node",
      "node": {
        "label": "\u003d",
        "type": "Assignment"
      },
      "location-after-char-start": 4369,
      "location-after-char-end": 4389,
      "node-str": "\u003d"
    },
    {
      "type": "insert-node",
      "node": {
        "label": "\u003d",
        "type": "Assignment"
      },
      "location-after-char-start": 4393,
      "location-after-char-end": 4409,
      "node-str": "\u003d"
    },
    {
      "type": "insert-node",
      "node": {
        "label": "\u003d",
        "type": "Assignment"
      },
      "location-after-char-start": 4413,
      "location-after-char-end": 4435,
      "node-str": "\u003d"
    },
    {
      "type": "insert-node",
      "node": {
        "label": "void",
        "type": "RETURN_TYPE"
      },
      "location-after-char-start": 0,
      "location-after-char-end": 0,
      "node-str": "void"
    },
    {
      "type": "insert-node",
      "node": {
        "label": "public",
        "type": "Modifier"
      },
      "location-after-char-start": 0,
      "location-after-char-end": 0,
      "node-str": "public"
    },
    {
      "type": "insert-node",
      "node": {
        "label": "control",
        "type": "Parameter"
      },
      "location-after-char-start": 5996,
      "location-after-char-end": 6014,
      "node-str": "control"
    },
    {
      "type": "insert-node",
      "node": {
        "label": "areaId",
        "type": "Parameter"
      },
      "location-after-char-start": 6017,
      "location-after-char-end": 6026,
      "node-str": "areaId"
    },
    {
      "type": "insert-node",
      "node": {
        "label": "addTrim",
        "type": "Invocation"
      },
      "location-after-char-start": 6033,
      "location-after-char-end": 6063,
      "node-str": "addTrim"
    },
    {
      "type": "insert-node",
      "node": {
        "label": "void",
        "type": "RETURN_TYPE"
      },
      "location-after-char-start": 0,
      "location-after-char-end": 0,
      "node-str": "void"
    },
    {
      "type": "insert-node",
      "node": {
        "label": "public",
        "type": "Modifier"
      },
      "location-after-char-start": 0,
      "location-after-char-end": 0,
      "node-str": "public"
    },
    {
      "type": "insert-node",
      "node": {
        "label": "trim",
        "type": "Parameter"
      },
      "location-after-char-start": 6468,
      "location-after-char-end": 6483,
      "node-str": "trim"
    },
    {
      "type": "insert-node",
      "node": {
        "label": "areaId",
        "type": "Parameter"
      },
      "location-after-char-start": 6486,
      "location-after-char-end": 6495,
      "node-str": "areaId"
    },
    {
      "type": "insert-node",
      "node": {
        "label": "beforeMe",
        "type": "Parameter"
      },
      "location-after-char-start": 6498,
      "location-after-char-end": 6517,
      "node-str": "beforeMe"
    },
    {
      "type": "insert-node",
      "node": {
        "label": "addTrim",
        "type": "Invocation"
      },
      "location-after-char-start": 6524,
      "location-after-char-end": 6555,
      "node-str": "addTrim"
    },
    {
      "type": "insert-node",
      "node": {
        "label": "void",
        "type": "RETURN_TYPE"
      },
      "location-after-char-start": 0,
      "location-after-char-end": 0,
      "node-str": "void"
    },
    {
      "type": "insert-node",
      "node": {
        "label": "public",
        "type": "Modifier"
      },
      "location-after-char-start": 0,
      "location-after-char-end": 0,
      "node-str": "public"
    },
    {
      "type": "insert-node",
      "node": {
        "label": "areaId",
        "type": "Parameter"
      },
      "location-after-char-start": 6726,
      "location-after-char-end": 6735,
      "node-str": "areaId"
    },
    {
      "type": "insert-node",
      "node": {
        "label": "trim",
        "type": "Parameter"
      },
      "location-after-char-start": 6738,
      "location-after-char-end": 6753,
      "node-str": "trim"
    },
    {
      "type": "insert-node",
      "node": {
        "label": "addTrim",
        "type": "Invocation"
      },
      "location-after-char-start": 6760,
      "location-after-char-end": 6787,
      "node-str": "addTrim"
    },
    {
      "type": "insert-node",
      "node": {
        "label": "setLayoutData",
        "type": "Invocation"
      },
      "location-after-char-start": 7454,
      "location-after-char-end": 7491,
      "node-str": "setLayoutData"
    },
    {
      "type": "insert-node",
      "node": {
        "label": "void",
        "type": "RETURN_TYPE"
      },
      "location-after-char-start": 0,
      "location-after-char-end": 0,
      "node-str": "void"
    },
    {
      "type": "insert-node",
      "node": {
        "label": "public",
        "type": "Modifier"
      },
      "location-after-char-start": 0,
      "location-after-char-end": 0,
      "node-str": "public"
    },
    {
      "type": "insert-node",
      "node": {
        "label": "center",
        "type": "Parameter"
      },
      "location-after-char-start": 15374,
      "location-after-char-end": 15387,
      "node-str": "center"
    },
    {
      "type": "insert-node",
      "node": {
        "label": "setControl",
        "type": "Invocation"
      },
      "location-after-char-start": 15394,
      "location-after-char-end": 15423,
      "node-str": "setControl"
    },
    {
      "type": "insert-node",
      "node": {
        "label": "int[]",
        "type": "RETURN_TYPE"
      },
      "location-after-char-start": 0,
      "location-after-char-end": 0,
      "node-str": "int[]"
    },
    {
      "type": "insert-node",
      "node": {
        "label": "public",
        "type": "Modifier"
      },
      "location-after-char-start": 0,
      "location-after-char-end": 0,
      "node-str": "public"
    },
    {
      "type": "insert-node",
      "node": {
        "label": "return",
        "type": "Return"
      },
      "location-after-char-start": 16104,
      "location-after-char-end": 16139,
      "node-str": "return"
    },
    {
      "type": "insert-node",
      "node": {
        "label": "TOP",
        "type": "FieldRead"
      },
      "location-after-char-start": 2428,
      "location-after-char-end": 2430,
      "node-str": "TOP"
    },
    {
      "type": "insert-node",
      "node": {
        "label": "BOTTOM",
        "type": "FieldRead"
      },
      "location-after-char-start": 2516,
      "location-after-char-end": 2521,
      "node-str": "BOTTOM"
    },
    {
      "type": "insert-node",
      "node": {
        "label": "LEFT",
        "type": "FieldRead"
      },
      "location-after-char-start": 2605,
      "location-after-char-end": 2608,
      "node-str": "LEFT"
    },
    {
      "type": "insert-node",
      "node": {
        "label": "RIGHT",
        "type": "FieldRead"
      },
      "location-after-char-start": 2693,
      "location-after-char-end": 2697,
      "node-str": "RIGHT"
    },
    {
      "type": "insert-node",
      "node": {
        "label": "NONTRIM",
        "type": "FieldRead"
      },
      "location-after-char-start": 2784,
      "location-after-char-end": 2790,
      "node-str": "NONTRIM"
    },
    {
      "type": "insert-node",
      "node": {
        "label": "TOP",
        "type": "FieldRead"
      },
      "location-after-char-start": 2897,
      "location-after-char-end": 2899,
      "node-str": "TOP"
    },
    {
      "type": "insert-node",
      "node": {
        "label": "BOTTOM",
        "type": "FieldRead"
      },
      "location-after-char-start": 2902,
      "location-after-char-end": 2907,
      "node-str": "BOTTOM"
    },
    {
      "type": "insert-node",
      "node": {
        "label": "LEFT",
        "type": "FieldRead"
      },
      "location-after-char-start": 2910,
      "location-after-char-end": 2913,
      "node-str": "LEFT"
    },
    {
      "type": "insert-node",
      "node": {
        "label": "RIGHT",
        "type": "FieldRead"
      },
      "location-after-char-start": 2916,
      "location-after-char-end": 2920,
      "node-str": "RIGHT"
    },
    {
      "type": "insert-node",
      "node": {
        "label": "org.eclipse.ui.internal.layout.TrimLayout",
        "type": "TypeAccess"
      },
      "location-after-char-start": 0,
      "location-after-char-end": 0,
      "node-str": "org.eclipse.ui.internal.layout.TrimLayout"
    },
    {
      "type": "insert-node",
      "node": {
        "label": "TOP_ID",
        "type": "FieldRead"
      },
      "location-after-char-start": 3440,
      "location-after-char-end": 3445,
      "node-str": "TOP_ID"
    },
    {
      "type": "insert-node",
      "node": {
        "label": "toString",
        "type": "Invocation"
      },
      "location-after-char-start": 3448,
      "location-after-char-end": 3464,
      "node-str": "toString"
    },
    {
      "type": "insert-node",
      "node": {
        "label": "SWT.DEFAULT",
        "type": "TypeAccess"
      },
      "location-after-char-start": 3467,
      "location-after-char-end": 3477,
      "node-str": "SWT.DEFAULT"
    },
    {
      "type": "insert-node",
      "node": {
        "label": "SWT.TOP",
        "type": "TypeAccess"
      },
      "location-after-char-start": 3480,
      "location-after-char-end": 3486,
      "node-str": "SWT.TOP"
    },
    {
      "type": "insert-node",
      "node": {
        "label": "org.eclipse.ui.internal.layout.TrimLayout",
        "type": "TypeAccess"
      },
      "location-after-char-start": 0,
      "location-after-char-end": 0,
      "node-str": "org.eclipse.ui.internal.layout.TrimLayout"
    },
    {
      "type": "insert-node",
      "node": {
        "label": "BOTTOM_ID",
        "type": "FieldRead"
      },
      "location-after-char-start": 3507,
      "location-after-char-end": 3515,
      "node-str": "BOTTOM_ID"
    },
    {
      "type": "insert-node",
      "node": {
        "label": "toString",
        "type": "Invocation"
      },
      "location-after-char-start": 3518,
      "location-after-char-end": 3537,
      "node-str": "toString"
    },
    {
      "type": "insert-node",
      "node": {
        "label": "SWT.DEFAULT",
        "type": "TypeAccess"
      },
      "location-after-char-start": 3540,
      "location-after-char-end": 3550,
      "node-str": "SWT.DEFAULT"
    },
    {
      "type": "insert-node",
      "node": {
        "label": "SWT.BOTTOM",
        "type": "TypeAccess"
      },
      "location-after-char-start": 3553,
      "location-after-char-end": 3562,
      "node-str": "SWT.BOTTOM"
    },
    {
      "type": "insert-node",
      "node": {
        "label": "org.eclipse.ui.internal.layout.TrimLayout",
        "type": "TypeAccess"
      },
      "location-after-char-start": 0,
      "location-after-char-end": 0,
      "node-str": "org.eclipse.ui.internal.layout.TrimLayout"
    },
    {
      "type": "insert-node",
      "node": {
        "label": "LEFT_ID",
        "type": "FieldRead"
      },
      "location-after-char-start": 3583,
      "location-after-char-end": 3589,
      "node-str": "LEFT_ID"
    },
    {
      "type": "insert-node",
      "node": {
        "label": "toString",
        "type": "Invocation"
      },
      "location-after-char-start": 3592,
      "location-after-char-end": 3609,
      "node-str": "toString"
    },
    {
      "type": "insert-node",
      "node": {
        "label": "SWT.DEFAULT",
        "type": "TypeAccess"
      },
      "location-after-char-start": 3612,
      "location-after-char-end": 3622,
      "node-str": "SWT.DEFAULT"
    },
    {
      "type": "insert-node",
      "node": {
        "label": "SWT.LEFT",
        "type": "TypeAccess"
      },
      "location-after-char-start": 3625,
      "location-after-char-end": 3632,
      "node-str": "SWT.LEFT"
    },
    {
      "type": "insert-node",
      "node": {
        "label": "org.eclipse.ui.internal.layout.TrimLayout",
        "type": "TypeAccess"
      },
      "location-after-char-start": 0,
      "location-after-char-end": 0,
      "node-str": "org.eclipse.ui.internal.layout.TrimLayout"
    },
    {
      "type": "insert-node",
      "node": {
        "label": "RIGHT_ID",
        "type": "FieldRead"
      },
      "location-after-char-start": 3653,
      "location-after-char-end": 3660,
      "node-str": "RIGHT_ID"
    },
    {
      "type": "insert-node",
      "node": {
        "label": "toString",
        "type": "Invocation"
      },
      "location-after-char-start": 3663,
      "location-after-char-end": 3681,
      "node-str": "toString"
    },
    {
      "type": "insert-node",
      "node": {
        "label": "SWT.DEFAULT",
        "type": "TypeAccess"
      },
      "location-after-char-start": 3684,
      "location-after-char-end": 3694,
      "node-str": "SWT.DEFAULT"
    },
    {
      "type": "insert-node",
      "node": {
        "label": "SWT.RIGHT",
        "type": "TypeAccess"
      },
      "location-after-char-start": 3697,
      "location-after-char-end": 3705,
      "node-str": "SWT.RIGHT"
    },
    {
      "type": "insert-node",
      "node": {
        "label": "int",
        "type": "VARIABLE_TYPE"
      },
      "location-after-char-start": 0,
      "location-after-char-end": 0,
      "node-str": "int"
    },
    {
      "type": "insert-node",
      "node": {
        "label": "int",
        "type": "VARIABLE_TYPE"
      },
      "location-after-char-start": 0,
      "location-after-char-end": 0,
      "node-str": "int"
    },
    {
      "type": "insert-node",
      "node": {
        "label": "int",
        "type": "VARIABLE_TYPE"
      },
      "location-after-char-start": 0,
      "location-after-char-end": 0,
      "node-str": "int"
    },
    {
      "type": "insert-node",
      "node": {
        "label": "int",
        "type": "VARIABLE_TYPE"
      },
      "location-after-char-start": 0,
      "location-after-char-end": 0,
      "node-str": "int"
    },
    {
      "type": "insert-node",
      "node": {
        "label": "leftSpacing",
        "type": "FieldWrite"
      },
      "location-after-char-start": 4347,
      "location-after-char-end": 4357,
      "node-str": "leftSpacing"
    },
    {
      "type": "insert-node",
      "node": {
        "label": "left",
        "type": "VariableRead"
      },
      "location-after-char-start": 4361,
      "location-after-char-end": 4364,
      "node-str": "left"
    },
    {
      "type": "insert-node",
      "node": {
        "label": "rightSpacing",
        "type": "FieldWrite"
      },
      "location-after-char-start": 4369,
      "location-after-char-end": 4380,
      "node-str": "rightSpacing"
    },
    {
      "type": "insert-node",
      "node": {
        "label": "right",
        "type": "VariableRead"
      },
      "location-after-char-start": 4384,
      "location-after-char-end": 4388,
      "node-str": "right"
    },
    {
      "type": "insert-node",
      "node": {
        "label": "topSpacing",
        "type": "FieldWrite"
      },
      "location-after-char-start": 4393,
      "location-after-char-end": 4402,
      "node-str": "topSpacing"
    },
    {
      "type": "insert-node",
      "node": {
        "label": "top",
        "type": "VariableRead"
      },
      "location-after-char-start": 4406,
      "location-after-char-end": 4408,
      "node-str": "top"
    },
    {
      "type": "insert-node",
      "node": {
        "label": "bottomSpacing",
        "type": "FieldWrite"
      },
      "location-after-char-start": 4413,
      "location-after-char-end": 4425,
      "node-str": "bottomSpacing"
    },
    {
      "type": "insert-node",
      "node": {
        "label": "bottom",
        "type": "VariableRead"
      },
      "location-after-char-start": 4429,
      "location-after-char-end": 4434,
      "node-str": "bottom"
    },
    {
      "type": "insert-node",
      "node": {
        "label": "org.eclipse.ui.IWindowTrim",
        "type": "VARIABLE_TYPE"
      },
      "location-after-char-start": 0,
      "location-after-char-end": 0,
      "node-str": "org.eclipse.ui.IWindowTrim"
    },
    {
      "type": "insert-node",
      "node": {
        "label": "int",
        "type": "VARIABLE_TYPE"
      },
      "location-after-char-start": 0,
      "location-after-char-end": 0,
      "node-str": "int"
    },
    {
      "type": "insert-node",
      "node": {
        "label": "org.eclipse.ui.internal.layout.TrimLayout",
        "type": "TypeAccess"
      },
      "location-after-char-start": 0,
      "location-after-char-end": 0,
      "node-str": "org.eclipse.ui.internal.layout.TrimLayout"
    },
    {
      "type": "insert-node",
      "node": {
        "label": "areaId",
        "type": "VariableRead"
      },
      "location-after-char-start": 6041,
      "location-after-char-end": 6046,
      "node-str": "areaId"
    },
    {
      "type": "insert-node",
      "node": {
        "label": "control",
        "type": "VariableRead"
      },
      "location-after-char-start": 6049,
      "location-after-char-end": 6055,
      "node-str": "control"
    },
    {
      "type": "insert-node",
      "node": {
        "label": "null",
        "type": "Literal"
      },
      "location-after-char-start": 6058,
      "location-after-char-end": 6061,
      "node-str": "null"
    },
    {
      "type": "insert-node",
      "node": {
        "label": "org.eclipse.ui.IWindowTrim",
        "type": "VARIABLE_TYPE"
      },
      "location-after-char-start": 0,
      "location-after-char-end": 0,
      "node-str": "org.eclipse.ui.IWindowTrim"
    },
    {
      "type": "insert-node",
      "node": {
        "label": "int",
        "type": "VARIABLE_TYPE"
      },
      "location-after-char-start": 0,
      "location-after-char-end": 0,
      "node-str": "int"
    },
    {
      "type": "insert-node",
      "node": {
        "label": "org.eclipse.ui.IWindowTrim",
        "type": "VARIABLE_TYPE"
      },
      "location-after-char-start": 0,
      "location-after-char-end": 0,
      "node-str": "org.eclipse.ui.IWindowTrim"
    },
    {
      "type": "insert-node",
      "node": {
        "label": "org.eclipse.ui.internal.layout.TrimLayout",
        "type": "TypeAccess"
      },
      "location-after-char-start": 0,
      "location-after-char-end": 0,
      "node-str": "org.eclipse.ui.internal.layout.TrimLayout"
    },
    {
      "type": "insert-node",
      "node": {
        "label": "areaId",
        "type": "VariableRead"
      },
      "location-after-char-start": 6532,
      "location-after-char-end": 6537,
      "node-str": "areaId"
    },
    {
      "type": "insert-node",
      "node": {
        "label": "trim",
        "type": "VariableRead"
      },
      "location-after-char-start": 6540,
      "location-after-char-end": 6543,
      "node-str": "trim"
    },
    {
      "type": "insert-node",
      "node": {
        "label": "beforeMe",
        "type": "VariableRead"
      },
      "location-after-char-start": 6546,
      "location-after-char-end": 6553,
      "node-str": "beforeMe"
    },
    {
      "type": "insert-node",
      "node": {
        "label": "int",
        "type": "VARIABLE_TYPE"
      },
      "location-after-char-start": 0,
      "location-after-char-end": 0,
      "node-str": "int"
    },
    {
      "type": "insert-node",
      "node": {
        "label": "org.eclipse.ui.IWindowTrim",
        "type": "VARIABLE_TYPE"
      },
      "location-after-char-start": 0,
      "location-after-char-end": 0,
      "node-str": "org.eclipse.ui.IWindowTrim"
    },
    {
      "type": "insert-node",
      "node": {
        "label": "org.eclipse.ui.internal.layout.TrimLayout",
        "type": "TypeAccess"
      },
      "location-after-char-start": 0,
      "location-after-char-end": 0,
      "node-str": "org.eclipse.ui.internal.layout.TrimLayout"
    },
    {
      "type": "insert-node",
      "node": {
        "label": "areaId",
        "type": "VariableRead"
      },
      "location-after-char-start": 6768,
      "location-after-char-end": 6773,
      "node-str": "areaId"
    },
    {
      "type": "insert-node",
      "node": {
        "label": "trim",
        "type": "VariableRead"
      },
      "location-after-char-start": 6776,
      "location-after-char-end": 6779,
      "node-str": "trim"
    },
    {
      "type": "insert-node",
      "node": {
        "label": "null",
        "type": "Literal"
      },
      "location-after-char-start": 6782,
      "location-after-char-end": 6785,
      "node-str": "null"
    },
    {
      "type": "insert-node",
      "node": {
        "label": "getControl",
        "type": "Invocation"
      },
      "location-after-char-start": 7454,
      "location-after-char-end": 7470,
      "node-str": "getControl"
    },
    {
      "type": "insert-node",
      "node": {
        "label": "trim",
        "type": "VariableRead"
      },
      "location-after-char-start": 7486,
      "location-after-char-end": 7489,
      "node-str": "trim"
    },
    {
      "type": "insert-node",
      "node": {
        "label": "org.eclipse.swt.widgets.Control",
        "type": "VARIABLE_TYPE"
      },
      "location-after-char-start": 0,
      "location-after-char-end": 0,
      "node-str": "org.eclipse.swt.widgets.Control"
    },
    {
      "type": "insert-node",
      "node": {
        "label": "centerArea",
        "type": "FieldRead"
      },
      "location-after-char-start": 15394,
      "location-after-char-end": 15403,
      "node-str": "centerArea"
    },
    {
      "type": "insert-node",
      "node": {
        "label": "center",
        "type": "VariableRead"
      },
      "location-after-char-start": 15416,
      "location-after-char-end": 15421,
      "node-str": "center"
    },
    {
      "type": "insert-node",
      "node": {
        "label": "clone",
        "type": "Invocation"
      },
      "location-after-char-start": 16111,
      "location-after-char-end": 16138,
      "node-str": "clone"
    },
    {
      "type": "insert-node",
      "node": {
        "label": "TOP_ID",
        "type": "FieldRead"
      },
      "location-after-char-start": 3448,
      "location-after-char-end": 3453,
      "node-str": "TOP_ID"
    },
    {
      "type": "insert-node",
      "node": {
        "label": "BOTTOM_ID",
        "type": "FieldRead"
      },
      "location-after-char-start": 3518,
      "location-after-char-end": 3526,
      "node-str": "BOTTOM_ID"
    },
    {
      "type": "insert-node",
      "node": {
        "label": "LEFT_ID",
        "type": "FieldRead"
      },
      "location-after-char-start": 3592,
      "location-after-char-end": 3598,
      "node-str": "LEFT_ID"
    },
    {
      "type": "insert-node",
      "node": {
        "label": "RIGHT_ID",
        "type": "FieldRead"
      },
      "location-after-char-start": 3663,
      "location-after-char-end": 3670,
      "node-str": "RIGHT_ID"
    },
    {
      "type": "insert-node",
      "node": {
        "label": "org.eclipse.ui.internal.layout.TrimLayout",
        "type": "TypeAccess"
      },
      "location-after-char-start": 0,
      "location-after-char-end": 0,
      "node-str": "org.eclipse.ui.internal.layout.TrimLayout"
    },
    {
      "type": "insert-node",
      "node": {
        "label": "org.eclipse.ui.internal.layout.TrimLayout",
        "type": "TypeAccess"
      },
      "location-after-char-start": 0,
      "location-after-char-end": 0,
      "node-str": "org.eclipse.ui.internal.layout.TrimLayout"
    },
    {
      "type": "insert-node",
      "node": {
        "label": "org.eclipse.ui.internal.layout.TrimLayout",
        "type": "TypeAccess"
      },
      "location-after-char-start": 0,
      "location-after-char-end": 0,
      "node-str": "org.eclipse.ui.internal.layout.TrimLayout"
    },
    {
      "type": "insert-node",
      "node": {
        "label": "org.eclipse.ui.internal.layout.TrimLayout",
        "type": "TypeAccess"
      },
      "location-after-char-start": 0,
      "location-after-char-end": 0,
      "node-str": "org.eclipse.ui.internal.layout.TrimLayout"
    },
    {
      "type": "insert-node",
      "node": {
        "label": "trim",
        "type": "VariableRead"
      },
      "location-after-char-start": 7454,
      "location-after-char-end": 7457,
      "node-str": "trim"
    },
    {
      "type": "insert-node",
      "node": {
        "label": "org.eclipse.ui.internal.layout.TrimLayout",
        "type": "TypeAccess"
      },
      "location-after-char-start": 0,
      "location-after-char-end": 0,
      "node-str": "org.eclipse.ui.internal.layout.TrimLayout"
    },
    {
      "type": "insert-node",
      "node": {
        "label": "TRIM_ID_INFO",
        "type": "FieldRead"
      },
      "location-after-char-start": 16119,
      "location-after-char-end": 16130,
      "node-str": "TRIM_ID_INFO"
    },
    {
      "type": "delete-node",
      "node": {
        "label": "public",
        "type": "Modifier"
      },
      "location-before-char-start": 0,
      "location-before-char-end": 0,
      "node-str": "public"
    },
    {
      "type": "delete-node",
      "node": {
        "label": "org.eclipse.swt.widgets.Layout",
        "type": "SUPER_TYPE"
      },
      "location-before-char-start": 0,
      "location-before-char-end": 0,
      "node-str": "org.eclipse.swt.widgets.Layout"
    },
    {
      "type": "delete-node",
      "node": {
        "label": "",
        "type": "TypeReference"
      },
      "location-before-char-start": 2300,
      "location-before-char-end": 2305,
      "node-str": ""
    },
    {
      "type": "delete-node",
      "node": {
        "label": "java.lang.Integer",
        "type": "VARIABLE_TYPE"
      },
      "location-before-char-start": 0,
      "location-before-char-end": 0,
      "node-str": "java.lang.Integer"
    },
    {
      "type": "delete-node",
      "node": {
        "label": "final",
        "type": "Modifier"
      },
      "location-before-char-start": 0,
      "location-before-char-end": 0,
      "node-str": "final"
    },
    {
      "type": "delete-node",
      "node": {
        "label": "public",
        "type": "Modifier"
      },
      "location-before-char-start": 0,
      "location-before-char-end": 0,
      "node-str": "public"
    },
    {
      "type": "delete-node",
      "node": {
        "label": "static",
        "type": "Modifier"
      },
      "location-before-char-start": 0,
      "location-before-char-end": 0,
      "node-str": "static"
    },
    {
      "type": "delete-node",
      "node": {
        "label": "TOP",
        "type": "FieldRead"
      },
      "location-before-char-start": 2428,
      "location-before-char-end": 2430,
      "node-str": "TOP"
    },
    {
      "type": "delete-node",
      "node": {
        "label": "java.lang.Integer(java.lang.String)",
        "type": "ConstructorCall"
      },
      "location-before-char-start": 2416,
      "location-before-char-end": 2431,
      "node-str": "java.lang.Integer(java.lang.String)"
    },
    {
      "type": "delete-node",
      "node": {
        "label": "TOP_ID",
        "type": "Field"
      },
      "location-before-char-start": 2351,
      "location-before-char-end": 2432,
      "node-str": "TOP_ID"
    },
    {
      "type": "delete-node",
      "node": {
        "label": "java.lang.Integer",
        "type": "VARIABLE_TYPE"
      },
      "location-before-char-start": 0,
      "location-before-char-end": 0,
      "node-str": "java.lang.Integer"
    },
    {
      "type": "delete-node",
      "node": {
        "label": "final",
        "type": "Modifier"
      },
      "location-before-char-start": 0,
      "location-before-char-end": 0,
      "node-str": "final"
    },
    {
      "type": "delete-node",
      "node": {
        "label": "public",
        "type": "Modifier"
      },
      "location-before-char-start": 0,
      "location-before-char-end": 0,
      "node-str": "public"
    },
    {
      "type": "delete-node",
      "node": {
        "label": "static",
        "type": "Modifier"
      },
      "location-before-char-start": 0,
      "location-before-char-end": 0,
      "node-str": "static"
    },
    {
      "type": "delete-node",
      "node": {
        "label": "BOTTOM",
        "type": "FieldRead"
      },
      "location-before-char-start": 2516,
      "location-before-char-end": 2521,
      "node-str": "BOTTOM"
    },
    {
      "type": "delete-node",
      "node": {
        "label": "java.lang.Integer(java.lang.String)",
        "type": "ConstructorCall"
      },
      "location-before-char-start": 2504,
      "location-before-char-end": 2522,
      "node-str": "java.lang.Integer(java.lang.String)"
    },
    {
      "type": "delete-node",
      "node": {
        "label": "BOTTOM_ID",
        "type": "Field"
      },
      "location-before-char-start": 2436,
      "location-before-char-end": 2523,
      "node-str": "BOTTOM_ID"
    },
    {
      "type": "delete-node",
      "node": {
        "label": "java.lang.Integer",
        "type": "VARIABLE_TYPE"
      },
      "location-before-char-start": 0,
      "location-before-char-end": 0,
      "node-str": "java.lang.Integer"
    },
    {
      "type": "delete-node",
      "node": {
        "label": "final",
        "type": "Modifier"
      },
      "location-before-char-start": 0,
      "location-before-char-end": 0,
      "node-str": "final"
    },
    {
      "type": "delete-node",
      "node": {
        "label": "public",
        "type": "Modifier"
      },
      "location-before-char-start": 0,
      "location-before-char-end": 0,
      "node-str": "public"
    },
    {
      "type": "delete-node",
      "node": {
        "label": "static",
        "type": "Modifier"
      },
      "location-before-char-start": 0,
      "location-before-char-end": 0,
      "node-str": "static"
    },
    {
      "type": "delete-node",
      "node": {
        "label": "LEFT",
        "type": "FieldRead"
      },
      "location-before-char-start": 2605,
      "location-before-char-end": 2608,
      "node-str": "LEFT"
    },
    {
      "type": "delete-node",
      "node": {
        "label": "java.lang.Integer(java.lang.String)",
        "type": "ConstructorCall"
      },
      "location-before-char-start": 2593,
      "location-before-char-end": 2609,
      "node-str": "java.lang.Integer(java.lang.String)"
    },
    {
      "type": "delete-node",
      "node": {
        "label": "LEFT_ID",
        "type": "Field"
      },
      "location-before-char-start": 2527,
      "location-before-char-end": 2610,
      "node-str": "LEFT_ID"
    },
    {
      "type": "delete-node",
      "node": {
        "label": "java.lang.Integer",
        "type": "VARIABLE_TYPE"
      },
      "location-before-char-start": 0,
      "location-before-char-end": 0,
      "node-str": "java.lang.Integer"
    },
    {
      "type": "delete-node",
      "node": {
        "label": "final",
        "type": "Modifier"
      },
      "location-before-char-start": 0,
      "location-before-char-end": 0,
      "node-str": "final"
    },
    {
      "type": "delete-node",
      "node": {
        "label": "public",
        "type": "Modifier"
      },
      "location-before-char-start": 0,
      "location-before-char-end": 0,
      "node-str": "public"
    },
    {
      "type": "delete-node",
      "node": {
        "label": "static",
        "type": "Modifier"
      },
      "location-before-char-start": 0,
      "location-before-char-end": 0,
      "node-str": "static"
    },
    {
      "type": "delete-node",
      "node": {
        "label": "RIGHT",
        "type": "FieldRead"
      },
      "location-before-char-start": 2693,
      "location-before-char-end": 2697,
      "node-str": "RIGHT"
    },
    {
      "type": "delete-node",
      "node": {
        "label": "java.lang.Integer(java.lang.String)",
        "type": "ConstructorCall"
      },
      "location-before-char-start": 2681,
      "location-before-char-end": 2698,
      "node-str": "java.lang.Integer(java.lang.String)"
    },
    {
      "type": "delete-node",
      "node": {
        "label": "RIGHT_ID",
        "type": "Field"
      },
      "location-before-char-start": 2614,
      "location-before-char-end": 2699,
      "node-str": "RIGHT_ID"
    },
    {
      "type": "delete-node",
      "node": {
        "label": "java.lang.Integer",
        "type": "VARIABLE_TYPE"
      },
      "location-before-char-start": 0,
      "location-before-char-end": 0,
      "node-str": "java.lang.Integer"
    },
    {
      "type": "delete-node",
      "node": {
        "label": "final",
        "type": "Modifier"
      },
      "location-before-char-start": 0,
      "location-before-char-end": 0,
      "node-str": "final"
    },
    {
      "type": "delete-node",
      "node": {
        "label": "public",
        "type": "Modifier"
      },
      "location-before-char-start": 0,
      "location-before-char-end": 0,
      "node-str": "public"
    },
    {
      "type": "delete-node",
      "node": {
        "label": "static",
        "type": "Modifier"
      },
      "location-before-char-start": 0,
      "location-before-char-end": 0,
      "node-str": "static"
    },
    {
      "type": "delete-node",
      "node": {
        "label": "NONTRIM",
        "type": "FieldRead"
      },
      "location-before-char-start": 2784,
      "location-before-char-end": 2790,
      "node-str": "NONTRIM"
    },
    {
      "type": "delete-node",
      "node": {
        "label": "java.lang.Integer(java.lang.String)",
        "type": "ConstructorCall"
      },
      "location-before-char-start": 2772,
      "location-before-char-end": 2791,
      "node-str": "java.lang.Integer(java.lang.String)"
    },
    {
      "type": "delete-node",
      "node": {
        "label": "NONTRIM_ID",
        "type": "Field"
      },
      "location-before-char-start": 2703,
      "location-before-char-end": 2792,
      "node-str": "NONTRIM_ID"
    },
    {
      "type": "delete-node",
      "node": {
        "label": "int[]",
        "type": "VARIABLE_TYPE"
      },
      "location-before-char-start": 0,
      "location-before-char-end": 0,
      "node-str": "int[]"
    },
    {
      "type": "delete-node",
      "node": {
        "label": "final",
        "type": "Modifier"
      },
      "location-before-char-start": 0,
      "location-before-char-end": 0,
      "node-str": "final"
    },
    {
      "type": "delete-node",
      "node": {
        "label": "static",
        "type": "Modifier"
      },
      "location-before-char-start": 0,
      "location-before-char-end": 0,
      "node-str": "static"
    },
    {
      "type": "delete-node",
      "node": {
        "label": "TOP",
        "type": "FieldRead"
      },
      "location-before-char-start": 2897,
      "location-before-char-end": 2899,
      "node-str": "TOP"
    },
    {
      "type": "delete-node",
      "node": {
        "label": "BOTTOM",
        "type": "FieldRead"
      },
      "location-before-char-start": 2902,
      "location-before-char-end": 2907,
      "node-str": "BOTTOM"
    },
    {
      "type": "delete-node",
      "node": {
        "label": "LEFT",
        "type": "FieldRead"
      },
      "location-before-char-start": 2910,
      "location-before-char-end": 2913,
      "node-str": "LEFT"
    },
    {
      "type": "delete-node",
      "node": {
        "label": "RIGHT",
        "type": "FieldRead"
      },
      "location-before-char-start": 2916,
      "location-before-char-end": 2920,
      "node-str": "RIGHT"
    },
    {
      "type": "delete-node",
      "node": {
        "label": "",
        "type": "NewArray"
      },
      "location-before-char-start": 2895,
      "location-before-char-end": 2922,
      "node-str": ""
    },
    {
      "type": "delete-node",
      "node": {
        "label": "TRIM_ID_INFO",
        "type": "Field"
      },
      "location-before-char-start": 2796,
      "location-before-char-end": 2923,
      "node-str": "TRIM_ID_INFO"
    },
    {
      "type": "delete-node",
      "node": {
        "label": "org.eclipse.ui.internal.layout.SizeCache",
        "type": "VARIABLE_TYPE"
      },
      "location-before-char-start": 0,
      "location-before-char-end": 0,
      "node-str": "org.eclipse.ui.internal.layout.SizeCache"
    },
    {
      "type": "delete-node",
      "node": {
        "label": "org.eclipse.ui.internal.layout.SizeCache()",
        "type": "ConstructorCall"
      },
      "location-before-char-start": 2958,
      "location-before-char-end": 2972,
      "node-str": "org.eclipse.ui.internal.layout.SizeCache()"
    },
    {
      "type": "delete-node",
      "node": {
        "label": "centerArea",
        "type": "Field"
      },
      "location-before-char-start": 2927,
      "location-before-char-end": 2973,
      "node-str": "centerArea"
    },
    {
      "type": "delete-node",
      "node": {
        "label": "java.util.Map",
        "type": "VARIABLE_TYPE"
      },
      "location-before-char-start": 0,
      "location-before-char-end": 0,
      "node-str": "java.util.Map"
    },
    {
      "type": "delete-node",
      "node": {
        "label": "java.util.HashMap()",
        "type": "ConstructorCall"
      },
      "location-before-char-start": 3040,
      "location-before-char-end": 3052,
      "node-str": "java.util.HashMap()"
    },
    {
      "type": "delete-node",
      "node": {
        "label": "fTrimArea",
        "type": "Field"
      },
      "location-before-char-start": 2977,
      "location-before-char-end": 3053,
      "node-str": "fTrimArea"
    },
    {
      "type": "delete-node",
      "node": {
        "label": "java.util.Map",
        "type": "VARIABLE_TYPE"
      },
      "location-before-char-start": 0,
      "location-before-char-end": 0,
      "node-str": "java.util.Map"
    },
    {
      "type": "delete-node",
      "node": {
        "label": "java.util.HashMap()",
        "type": "ConstructorCall"
      },
      "location-before-char-start": 3133,
      "location-before-char-end": 3145,
      "node-str": "java.util.HashMap()"
    },
    {
      "type": "delete-node",
      "node": {
        "label": "fTrimDescriptors",
        "type": "Field"
      },
      "location-before-char-start": 3057,
      "location-before-char-end": 3146,
      "node-str": "fTrimDescriptors"
    },
    {
      "type": "delete-node",
      "node": {
        "label": "int",
        "type": "VARIABLE_TYPE"
      },
      "location-before-char-start": 0,
      "location-before-char-end": 0,
      "node-str": "int"
    },
    {
      "type": "delete-node",
      "node": {
        "label": "marginWidth",
        "type": "Field"
      },
      "location-before-char-start": 3150,
      "location-before-char-end": 3173,
      "node-str": "marginWidth"
    },
    {
      "type": "delete-node",
      "node": {
        "label": "int",
        "type": "VARIABLE_TYPE"
      },
      "location-before-char-start": 0,
      "location-before-char-end": 0,
      "node-str": "int"
    },
    {
      "type": "delete-node",
      "node": {
        "label": "marginHeight",
        "type": "Field"
      },
      "location-before-char-start": 3177,
      "location-before-char-end": 3201,
      "node-str": "marginHeight"
    },
    {
      "type": "delete-node",
      "node": {
        "label": "int",
        "type": "VARIABLE_TYPE"
      },
      "location-before-char-start": 0,
      "location-before-char-end": 0,
      "node-str": "int"
    },
    {
      "type": "delete-node",
      "node": {
        "label": "topSpacing",
        "type": "Field"
      },
      "location-before-char-start": 3205,
      "location-before-char-end": 3227,
      "node-str": "topSpacing"
    },
    {
      "type": "delete-node",
      "node": {
        "label": "int",
        "type": "VARIABLE_TYPE"
      },
      "location-before-char-start": 0,
      "location-before-char-end": 0,
      "node-str": "int"
    },
    {
      "type": "delete-node",
      "node": {
        "label": "bottomSpacing",
        "type": "Field"
      },
      "location-before-char-start": 3231,
      "location-before-char-end": 3256,
      "node-str": "bottomSpacing"
    },
    {
      "type": "delete-node",
      "node": {
        "label": "int",
        "type": "VARIABLE_TYPE"
      },
      "location-before-char-start": 0,
      "location-before-char-end": 0,
      "node-str": "int"
    },
    {
      "type": "delete-node",
      "node": {
        "label": "leftSpacing",
        "type": "Field"
      },
      "location-before-char-start": 3260,
      "location-before-char-end": 3283,
      "node-str": "leftSpacing"
    },
    {
      "type": "delete-node",
      "node": {
        "label": "int",
        "type": "VARIABLE_TYPE"
      },
      "location-before-char-start": 0,
      "location-before-char-end": 0,
      "node-str": "int"
    },
    {
      "type": "delete-node",
      "node": {
        "label": "rightSpacing",
        "type": "Field"
      },
      "location-before-char-start": 3287,
      "location-before-char-end": 3311,
      "node-str": "rightSpacing"
    },
    {
      "type": "delete-node",
      "node": {
        "label": "int",
        "type": "VARIABLE_TYPE"
      },
      "location-before-char-start": 0,
      "location-before-char-end": 0,
      "node-str": "int"
    },
    {
      "type": "delete-node",
      "node": {
        "label": "3",
        "type": "Literal"
      },
      "location-before-char-start": 3337,
      "location-before-char-end": 3337,
      "node-str": "3"
    },
    {
      "type": "delete-node",
      "node": {
        "label": "spacing",
        "type": "Field"
      },
      "location-before-char-start": 3315,
      "location-before-char-end": 3338,
      "node-str": "spacing"
    },
    {
      "type": "delete-node",
      "node": {
        "label": "public",
        "type": "Modifier"
      },
      "location-before-char-start": 0,
      "location-before-char-end": 0,
      "node-str": "public"
    },
    {
      "type": "delete-node",
      "node": {
        "label": "org.eclipse.ui.internal.layout.TrimLayout",
        "type": "TypeAccess"
      },
      "location-before-char-start": 0,
      "location-before-char-end": 0,
      "node-str": "org.eclipse.ui.internal.layout.TrimLayout"
    },
    {
      "type": "delete-node",
      "node": {
        "label": "TOP_ID",
        "type": "FieldRead"
      },
      "location-before-char-start": 3440,
      "location-before-char-end": 3445,
      "node-str": "TOP_ID"
    },
    {
      "type": "delete-node",
      "node": {
        "label": "TOP_ID",
        "type": "FieldRead"
      },
      "location-before-char-start": 3448,
      "location-before-char-end": 3453,
      "node-str": "TOP_ID"
    },
    {
      "type": "delete-node",
      "node": {
        "label": "toString",
        "type": "Invocation"
      },
      "location-before-char-start": 3448,
      "location-before-char-end": 3464,
      "node-str": "toString"
    },
    {
      "type": "delete-node",
      "node": {
        "label": "SWT.DEFAULT",
        "type": "TypeAccess"
      },
      "location-before-char-start": 3467,
      "location-before-char-end": 3477,
      "node-str": "SWT.DEFAULT"
    },
    {
      "type": "delete-node",
      "node": {
        "label": "SWT.TOP",
        "type": "TypeAccess"
      },
      "location-before-char-start": 3480,
      "location-before-char-end": 3486,
      "node-str": "SWT.TOP"
    },
    {
      "type": "delete-node",
      "node": {
        "label": "createTrimArea",
        "type": "Invocation"
      },
      "location-before-char-start": 3425,
      "location-before-char-end": 3488,
      "node-str": "createTrimArea"
    },
    {
      "type": "delete-node",
      "node": {
        "label": "org.eclipse.ui.internal.layout.TrimLayout",
        "type": "TypeAccess"
      },
      "location-before-char-start": 0,
      "location-before-char-end": 0,
      "node-str": "org.eclipse.ui.internal.layout.TrimLayout"
    },
    {
      "type": "delete-node",
      "node": {
        "label": "BOTTOM_ID",
        "type": "FieldRead"
      },
      "location-before-char-start": 3507,
      "location-before-char-end": 3515,
      "node-str": "BOTTOM_ID"
    },
    {
      "type": "delete-node",
      "node": {
        "label": "BOTTOM_ID",
        "type": "FieldRead"
      },
      "location-before-char-start": 3518,
      "location-before-char-end": 3526,
      "node-str": "BOTTOM_ID"
    },
    {
      "type": "delete-node",
      "node": {
        "label": "toString",
        "type": "Invocation"
      },
      "location-before-char-start": 3518,
      "location-before-char-end": 3537,
      "node-str": "toString"
    },
    {
      "type": "delete-node",
      "node": {
        "label": "SWT.DEFAULT",
        "type": "TypeAccess"
      },
      "location-before-char-start": 3540,
      "location-before-char-end": 3550,
      "node-str": "SWT.DEFAULT"
    },
    {
      "type": "delete-node",
      "node": {
        "label": "SWT.BOTTOM",
        "type": "TypeAccess"
      },
      "location-before-char-start": 3553,
      "location-before-char-end": 3562,
      "node-str": "SWT.BOTTOM"
    },
    {
      "type": "delete-node",
      "node": {
        "label": "createTrimArea",
        "type": "Invocation"
      },
      "location-before-char-start": 3492,
      "location-before-char-end": 3564,
      "node-str": "createTrimArea"
    },
    {
      "type": "delete-node",
      "node": {
        "label": "org.eclipse.ui.internal.layout.TrimLayout",
        "type": "TypeAccess"
      },
      "location-before-char-start": 0,
      "location-before-char-end": 0,
      "node-str": "org.eclipse.ui.internal.layout.TrimLayout"
    },
    {
      "type": "delete-node",
      "node": {
        "label": "LEFT_ID",
        "type": "FieldRead"
      },
      "location-before-char-start": 3583,
      "location-before-char-end": 3589,
      "node-str": "LEFT_ID"
    },
    {
      "type": "delete-node",
      "node": {
        "label": "LEFT_ID",
        "type": "FieldRead"
      },
      "location-before-char-start": 3592,
      "location-before-char-end": 3598,
      "node-str": "LEFT_ID"
    },
    {
      "type": "delete-node",
      "node": {
        "label": "toString",
        "type": "Invocation"
      },
      "location-before-char-start": 3592,
      "location-before-char-end": 3609,
      "node-str": "toString"
    },
    {
      "type": "delete-node",
      "node": {
        "label": "SWT.DEFAULT",
        "type": "TypeAccess"
      },
      "location-before-char-start": 3612,
      "location-before-char-end": 3622,
      "node-str": "SWT.DEFAULT"
    },
    {
      "type": "delete-node",
      "node": {
        "label": "SWT.LEFT",
        "type": "TypeAccess"
      },
      "location-before-char-start": 3625,
      "location-before-char-end": 3632,
      "node-str": "SWT.LEFT"
    },
    {
      "type": "delete-node",
      "node": {
        "label": "createTrimArea",
        "type": "Invocation"
      },
      "location-before-char-start": 3568,
      "location-before-char-end": 3634,
      "node-str": "createTrimArea"
    },
    {
      "type": "delete-node",
      "node": {
        "label": "org.eclipse.ui.internal.layout.TrimLayout",
        "type": "TypeAccess"
      },
      "location-before-char-start": 0,
      "location-before-char-end": 0,
      "node-str": "org.eclipse.ui.internal.layout.TrimLayout"
    },
    {
      "type": "delete-node",
      "node": {
        "label": "RIGHT_ID",
        "type": "FieldRead"
      },
      "location-before-char-start": 3653,
      "location-before-char-end": 3660,
      "node-str": "RIGHT_ID"
    },
    {
      "type": "delete-node",
      "node": {
        "label": "RIGHT_ID",
        "type": "FieldRead"
      },
      "location-before-char-start": 3663,
      "location-before-char-end": 3670,
      "node-str": "RIGHT_ID"
    },
    {
      "type": "delete-node",
      "node": {
        "label": "toString",
        "type": "Invocation"
      },
      "location-before-char-start": 3663,
      "location-before-char-end": 3681,
      "node-str": "toString"
    },
    {
      "type": "delete-node",
      "node": {
        "label": "SWT.DEFAULT",
        "type": "TypeAccess"
      },
      "location-before-char-start": 3684,
      "location-before-char-end": 3694,
      "node-str": "SWT.DEFAULT"
    },
    {
      "type": "delete-node",
      "node": {
        "label": "SWT.RIGHT",
        "type": "TypeAccess"
      },
      "location-before-char-start": 3697,
      "location-before-char-end": 3705,
      "node-str": "SWT.RIGHT"
    },
    {
      "type": "delete-node",
      "node": {
        "label": "createTrimArea",
        "type": "Invocation"
      },
      "location-before-char-start": 3638,
      "location-before-char-end": 3707,
      "node-str": "createTrimArea"
    },
    {
      "type": "delete-node",
      "node": {
        "label": "\u003cinit\u003e",
        "type": "Constructor"
      },
      "location-before-char-start": 3342,
      "location-before-char-end": 3710,
      "node-str": "\u003cinit\u003e"
    },
    {
      "type": "delete-node",
      "node": {
        "label": "void",
        "type": "RETURN_TYPE"
      },
      "location-before-char-start": 0,
      "location-before-char-end": 0,
      "node-str": "void"
    },
    {
      "type": "delete-node",
      "node": {
        "label": "public",
        "type": "Modifier"
      },
      "location-before-char-start": 0,
      "location-before-char-end": 0,
      "node-str": "public"
    },
    {
      "type": "delete-node",
      "node": {
        "label": "int",
        "type": "VARIABLE_TYPE"
      },
      "location-before-char-start": 0,
      "location-before-char-end": 0,
      "node-str": "int"
    },
    {
      "type": "delete-node",
      "node": {
        "label": "left",
        "type": "Parameter"
      },
      "location-before-char-start": 4301,
      "location-before-char-end": 4308,
      "node-str": "left"
    },
    {
      "type": "delete-node",
      "node": {
        "label": "int",
        "type": "VARIABLE_TYPE"
      },
      "location-before-char-start": 0,
      "location-before-char-end": 0,
      "node-str": "int"
    },
    {
      "type": "delete-node",
      "node": {
        "label": "right",
        "type": "Parameter"
      },
      "location-before-char-start": 4311,
      "location-before-char-end": 4319,
      "node-str": "right"
    },
    {
      "type": "delete-node",
      "node": {
        "label": "int",
        "type": "VARIABLE_TYPE"
      },
      "location-before-char-start": 0,
      "location-before-char-end": 0,
      "node-str": "int"
    },
    {
      "type": "delete-node",
      "node": {
        "label": "top",
        "type": "Parameter"
      },
      "location-before-char-start": 4322,
      "location-before-char-end": 4328,
      "node-str": "top"
    },
    {
      "type": "delete-node",
      "node": {
        "label": "int",
        "type": "VARIABLE_TYPE"
      },
      "location-before-char-start": 0,
      "location-before-char-end": 0,
      "node-str": "int"
    },
    {
      "type": "delete-node",
      "node": {
        "label": "bottom",
        "type": "Parameter"
      },
      "location-before-char-start": 4331,
      "location-before-char-end": 4340,
      "node-str": "bottom"
    },
    {
      "type": "delete-node",
      "node": {
        "label": "org.eclipse.ui.internal.layout.TrimLayout",
        "type": "TypeAccess"
      },
      "location-before-char-start": 0,
      "location-before-char-end": 0,
      "node-str": "org.eclipse.ui.internal.layout.TrimLayout"
    },
    {
      "type": "delete-node",
      "node": {
        "label": "leftSpacing",
        "type": "FieldWrite"
      },
      "location-before-char-start": 4347,
      "location-before-char-end": 4357,
      "node-str": "leftSpacing"
    },
    {
      "type": "delete-node",
      "node": {
        "label": "left",
        "type": "VariableRead"
      },
      "location-before-char-start": 4361,
      "location-before-char-end": 4364,
      "node-str": "left"
    },
    {
      "type": "delete-node",
      "node": {
        "label": "\u003d",
        "type": "Assignment"
      },
      "location-before-char-start": 4347,
      "location-before-char-end": 4365,
      "node-str": "\u003d"
    },
    {
      "type": "delete-node",
      "node": {
        "label": "org.eclipse.ui.internal.layout.TrimLayout",
        "type": "TypeAccess"
      },
      "location-before-char-start": 0,
      "location-before-char-end": 0,
      "node-str": "org.eclipse.ui.internal.layout.TrimLayout"
    },
    {
      "type": "delete-node",
      "node": {
        "label": "rightSpacing",
        "type": "FieldWrite"
      },
      "location-before-char-start": 4369,
      "location-before-char-end": 4380,
      "node-str": "rightSpacing"
    },
    {
      "type": "delete-node",
      "node": {
        "label": "right",
        "type": "VariableRead"
      },
      "location-before-char-start": 4384,
      "location-before-char-end": 4388,
      "node-str": "right"
    },
    {
      "type": "delete-node",
      "node": {
        "label": "\u003d",
        "type": "Assignment"
      },
      "location-before-char-start": 4369,
      "location-before-char-end": 4389,
      "node-str": "\u003d"
    },
    {
      "type": "delete-node",
      "node": {
        "label": "org.eclipse.ui.internal.layout.TrimLayout",
        "type": "TypeAccess"
      },
      "location-before-char-start": 0,
      "location-before-char-end": 0,
      "node-str": "org.eclipse.ui.internal.layout.TrimLayout"
    },
    {
      "type": "delete-node",
      "node": {
        "label": "topSpacing",
        "type": "FieldWrite"
      },
      "location-before-char-start": 4393,
      "location-before-char-end": 4402,
      "node-str": "topSpacing"
    },
    {
      "type": "delete-node",
      "node": {
        "label": "top",
        "type": "VariableRead"
      },
      "location-before-char-start": 4406,
      "location-before-char-end": 4408,
      "node-str": "top"
    },
    {
      "type": "delete-node",
      "node": {
        "label": "\u003d",
        "type": "Assignment"
      },
      "location-before-char-start": 4393,
      "location-before-char-end": 4409,
      "node-str": "\u003d"
    },
    {
      "type": "delete-node",
      "node": {
        "label": "org.eclipse.ui.internal.layout.TrimLayout",
        "type": "TypeAccess"
      },
      "location-before-char-start": 0,
      "location-before-char-end": 0,
      "node-str": "org.eclipse.ui.internal.layout.TrimLayout"
    },
    {
      "type": "delete-node",
      "node": {
        "label": "bottomSpacing",
        "type": "FieldWrite"
      },
      "location-before-char-start": 4413,
      "location-before-char-end": 4425,
      "node-str": "bottomSpacing"
    },
    {
      "type": "delete-node",
      "node": {
        "label": "bottom",
        "type": "VariableRead"
      },
      "location-before-char-start": 4429,
      "location-before-char-end": 4434,
      "node-str": "bottom"
    },
    {
      "type": "delete-node",
      "node": {
        "label": "\u003d",
        "type": "Assignment"
      },
      "location-before-char-start": 4413,
      "location-before-char-end": 4435,
      "node-str": "\u003d"
    },
    {
      "type": "delete-node",
      "node": {
        "label": "setSpacing",
        "type": "Method"
      },
      "location-before-char-start": 3963,
      "location-before-char-end": 4438,
      "node-str": "setSpacing"
    },
    {
      "type": "delete-node",
      "node": {
        "label": "void",
        "type": "RETURN_TYPE"
      },
      "location-before-char-start": 0,
      "location-before-char-end": 0,
      "node-str": "void"
    },
    {
      "type": "delete-node",
      "node": {
        "label": "public",
        "type": "Modifier"
      },
      "location-before-char-start": 0,
      "location-before-char-end": 0,
      "node-str": "public"
    },
    {
      "type": "delete-node",
      "node": {
        "label": "org.eclipse.ui.IWindowTrim",
        "type": "VARIABLE_TYPE"
      },
      "location-before-char-start": 0,
      "location-before-char-end": 0,
      "node-str": "org.eclipse.ui.IWindowTrim"
    },
    {
      "type": "delete-node",
      "node": {
        "label": "control",
        "type": "Parameter"
      },
      "location-before-char-start": 5996,
      "location-before-char-end": 6014,
      "node-str": "control"
    },
    {
      "type": "delete-node",
      "node": {
        "label": "int",
        "type": "VARIABLE_TYPE"
      },
      "location-before-char-start": 0,
      "location-before-char-end": 0,
      "node-str": "int"
    },
    {
      "type": "delete-node",
      "node": {
        "label": "areaId",
        "type": "Parameter"
      },
      "location-before-char-start": 6017,
      "location-before-char-end": 6026,
      "node-str": "areaId"
    },
    {
      "type": "delete-node",
      "node": {
        "label": "org.eclipse.ui.internal.layout.TrimLayout",
        "type": "TypeAccess"
      },
      "location-before-char-start": 0,
      "location-before-char-end": 0,
      "node-str": "org.eclipse.ui.internal.layout.TrimLayout"
    },
    {
      "type": "delete-node",
      "node": {
        "label": "areaId",
        "type": "VariableRead"
      },
      "location-before-char-start": 6041,
      "location-before-char-end": 6046,
      "node-str": "areaId"
    },
    {
      "type": "delete-node",
      "node": {
        "label": "control",
        "type": "VariableRead"
      },
      "location-before-char-start": 6049,
      "location-before-char-end": 6055,
      "node-str": "control"
    },
    {
      "type": "delete-node",
      "node": {
        "label": "null",
        "type": "Literal"
      },
      "location-before-char-start": 6058,
      "location-before-char-end": 6061,
      "node-str": "null"
    },
    {
      "type": "delete-node",
      "node": {
        "label": "addTrim",
        "type": "Invocation"
      },
      "location-before-char-start": 6033,
      "location-before-char-end": 6063,
      "node-str": "addTrim"
    },
    {
      "type": "delete-node",
      "node": {
        "label": "addTrim",
        "type": "Method"
      },
      "location-before-char-start": 5820,
      "location-before-char-end": 6066,
      "node-str": "addTrim"
    },
    {
      "type": "delete-node",
      "node": {
        "label": "void",
        "type": "RETURN_TYPE"
      },
      "location-before-char-start": 0,
      "location-before-char-end": 0,
      "node-str": "void"
    },
    {
      "type": "delete-node",
      "node": {
        "label": "public",
        "type": "Modifier"
      },
      "location-before-char-start": 0,
      "location-before-char-end": 0,
      "node-str": "public"
    },
    {
      "type": "delete-node",
      "node": {
        "label": "org.eclipse.ui.IWindowTrim",
        "type": "VARIABLE_TYPE"
      },
      "location-before-char-start": 0,
      "location-before-char-end": 0,
      "node-str": "org.eclipse.ui.IWindowTrim"
    },
    {
      "type": "delete-node",
      "node": {
        "label": "trim",
        "type": "Parameter"
      },
      "location-before-char-start": 6468,
      "location-before-char-end": 6483,
      "node-str": "trim"
    },
    {
      "type": "delete-node",
      "node": {
        "label": "int",
        "type": "VARIABLE_TYPE"
      },
      "location-before-char-start": 0,
      "location-before-char-end": 0,
      "node-str": "int"
    },
    {
      "type": "delete-node",
      "node": {
        "label": "areaId",
        "type": "Parameter"
      },
      "location-before-char-start": 6486,
      "location-before-char-end": 6495,
      "node-str": "areaId"
    },
    {
      "type": "delete-node",
      "node": {
        "label": "org.eclipse.ui.IWindowTrim",
        "type": "VARIABLE_TYPE"
      },
      "location-before-char-start": 0,
      "location-before-char-end": 0,
      "node-str": "org.eclipse.ui.IWindowTrim"
    },
    {
      "type": "delete-node",
      "node": {
        "label": "beforeMe",
        "type": "Parameter"
      },
      "location-before-char-start": 6498,
      "location-before-char-end": 6517,
      "node-str": "beforeMe"
    },
    {
      "type": "delete-node",
      "node": {
        "label": "org.eclipse.ui.internal.layout.TrimLayout",
        "type": "TypeAccess"
      },
      "location-before-char-start": 0,
      "location-before-char-end": 0,
      "node-str": "org.eclipse.ui.internal.layout.TrimLayout"
    },
    {
      "type": "delete-node",
      "node": {
        "label": "areaId",
        "type": "VariableRead"
      },
      "location-before-char-start": 6532,
      "location-before-char-end": 6537,
      "node-str": "areaId"
    },
    {
      "type": "delete-node",
      "node": {
        "label": "trim",
        "type": "VariableRead"
      },
      "location-before-char-start": 6540,
      "location-before-char-end": 6543,
      "node-str": "trim"
    },
    {
      "type": "delete-node",
      "node": {
        "label": "beforeMe",
        "type": "VariableRead"
      },
      "location-before-char-start": 6546,
      "location-before-char-end": 6553,
      "node-str": "beforeMe"
    },
    {
      "type": "delete-node",
      "node": {
        "label": "addTrim",
        "type": "Invocation"
      },
      "location-before-char-start": 6524,
      "location-before-char-end": 6555,
      "node-str": "addTrim"
    },
    {
      "type": "delete-node",
      "node": {
        "label": "addTrim",
        "type": "Method"
      },
      "location-before-char-start": 6070,
      "location-before-char-end": 6558,
      "node-str": "addTrim"
    },
    {
      "type": "delete-node",
      "node": {
        "label": "void",
        "type": "RETURN_TYPE"
      },
      "location-before-char-start": 0,
      "location-before-char-end": 0,
      "node-str": "void"
    },
    {
      "type": "delete-node",
      "node": {
        "label": "public",
        "type": "Modifier"
      },
      "location-before-char-start": 0,
      "location-before-char-end": 0,
      "node-str": "public"
    },
    {
      "type": "delete-node",
      "node": {
        "label": "int",
        "type": "VARIABLE_TYPE"
      },
      "location-before-char-start": 0,
      "location-before-char-end": 0,
      "node-str": "int"
    },
    {
      "type": "delete-node",
      "node": {
        "label": "areaId",
        "type": "Parameter"
      },
      "location-before-char-start": 6726,
      "location-before-char-end": 6735,
      "node-str": "areaId"
    },
    {
      "type": "delete-node",
      "node": {
        "label": "org.eclipse.ui.IWindowTrim",
        "type": "VARIABLE_TYPE"
      },
      "location-before-char-start": 0,
      "location-before-char-end": 0,
      "node-str": "org.eclipse.ui.IWindowTrim"
    },
    {
      "type": "delete-node",
      "node": {
        "label": "trim",
        "type": "Parameter"
      },
      "location-before-char-start": 6738,
      "location-before-char-end": 6753,
      "node-str": "trim"
    },
    {
      "type": "delete-node",
      "node": {
        "label": "org.eclipse.ui.internal.layout.TrimLayout",
        "type": "TypeAccess"
      },
      "location-before-char-start": 0,
      "location-before-char-end": 0,
      "node-str": "org.eclipse.ui.internal.layout.TrimLayout"
    },
    {
      "type": "delete-node",
      "node": {
        "label": "areaId",
        "type": "VariableRead"
      },
      "location-before-char-start": 6768,
      "location-before-char-end": 6773,
      "node-str": "areaId"
    },
    {
      "type": "delete-node",
      "node": {
        "label": "trim",
        "type": "VariableRead"
      },
      "location-before-char-start": 6776,
      "location-before-char-end": 6779,
      "node-str": "trim"
    },
    {
      "type": "delete-node",
      "node": {
        "label": "null",
        "type": "Literal"
      },
      "location-before-char-start": 6782,
      "location-before-char-end": 6785,
      "node-str": "null"
    },
    {
      "type": "delete-node",
      "node": {
        "label": "addTrim",
        "type": "Invocation"
      },
      "location-before-char-start": 6760,
      "location-before-char-end": 6787,
      "node-str": "addTrim"
    },
    {
      "type": "delete-node",
      "node": {
        "label": "addTrim",
        "type": "Method"
      },
      "location-before-char-start": 6562,
      "location-before-char-end": 6790,
      "node-str": "addTrim"
    },
    {
      "type": "delete-node",
      "node": {
        "label": "void",
        "type": "RETURN_TYPE"
      },
      "location-before-char-start": 0,
      "location-before-char-end": 0,
      "node-str": "void"
    },
    {
      "type": "delete-node",
      "node": {
        "label": "public",
        "type": "Modifier"
      },
      "location-before-char-start": 0,
      "location-before-char-end": 0,
      "node-str": "public"
    },
    {
      "type": "delete-node",
      "node": {
        "label": "org.eclipse.swt.widgets.Control",
        "type": "VARIABLE_TYPE"
      },
      "location-before-char-start": 0,
      "location-before-char-end": 0,
      "node-str": "org.eclipse.swt.widgets.Control"
    },
    {
      "type": "delete-node",
      "node": {
        "label": "center",
        "type": "Parameter"
      },
      "location-before-char-start": 15333,
      "location-before-char-end": 15346,
      "node-str": "center"
    },
    {
      "type": "delete-node",
      "node": {
        "label": "org.eclipse.ui.internal.layout.TrimLayout",
        "type": "TypeAccess"
      },
      "location-before-char-start": 0,
      "location-before-char-end": 0,
      "node-str": "org.eclipse.ui.internal.layout.TrimLayout"
    },
    {
      "type": "delete-node",
      "node": {
        "label": "centerArea",
        "type": "FieldRead"
      },
      "location-before-char-start": 15353,
      "location-before-char-end": 15362,
      "node-str": "centerArea"
    },
    {
      "type": "delete-node",
      "node": {
        "label": "center",
        "type": "VariableRead"
      },
      "location-before-char-start": 15375,
      "location-before-char-end": 15380,
      "node-str": "center"
    },
    {
      "type": "delete-node",
      "node": {
        "label": "setControl",
        "type": "Invocation"
      },
      "location-before-char-start": 15353,
      "location-before-char-end": 15382,
      "node-str": "setControl"
    },
    {
      "type": "delete-node",
      "node": {
        "label": "setCenterControl",
        "type": "Method"
      },
      "location-before-char-start": 15009,
      "location-before-char-end": 15385,
      "node-str": "setCenterControl"
    },
    {
      "type": "delete-node",
      "node": {
        "label": "int[]",
        "type": "RETURN_TYPE"
      },
      "location-before-char-start": 0,
      "location-before-char-end": 0,
      "node-str": "int[]"
    },
    {
      "type": "delete-node",
      "node": {
        "label": "public",
        "type": "Modifier"
      },
      "location-before-char-start": 0,
      "location-before-char-end": 0,
      "node-str": "public"
    },
    {
      "type": "delete-node",
      "node": {
        "label": "TRIM_ID_INFO",
        "type": "FieldRead"
      },
      "location-before-char-start": 16078,
      "location-before-char-end": 16089,
      "node-str": "TRIM_ID_INFO"
    },
    {
      "type": "delete-node",
      "node": {
        "label": "clone",
        "type": "Invocation"
      },
      "location-before-char-start": 16070,
      "location-before-char-end": 16097,
      "node-str": "clone"
    },
    {
      "type": "delete-node",
      "node": {
        "label": "return",
        "type": "Return"
      },
      "location-before-char-start": 16063,
      "location-before-char-end": 16098,
      "node-str": "return"
    },
    {
      "type": "delete-node",
      "node": {
        "label": "getAreaIds",
        "type": "Method"
      },
      "location-before-char-start": 15935,
      "location-before-char-end": 16101,
      "node-str": "getAreaIds"
    }
  ],
  "before-file": {},
  "after-file": {},
  "mapping": {}
}