{
  "tool-info": {},
  "diff": [
    {
      "type": "insert-node",
      "node": {
        "label": "ActivePartSourceProvider",
        "type": "Class"
      },
      "location-after-char-start": 1379,
      "location-after-char-end": 11249,
      "node-str": "ActivePartSourceProvider"
    },
    {
      "type": "insert-node",
      "node": {
        "label": "public",
        "type": "Modifier"
      },
      "location-after-char-start": 0,
      "location-after-char-end": 0,
      "node-str": "public"
    },
    {
      "type": "move-subtree",
      "node": {
        "label": "",
        "type": "TypeReference"
      },
      "location-before-char-start": 1507,
      "location-before-char-end": 1528,
      "location-after-char-start": 1507,
      "location-after-char-end": 1528,
      "node-str": ""
    },
    {
      "type": "move-subtree",
      "node": {
        "label": "PROVIDED_SOURCE_NAMES",
        "type": "Field"
      },
      "location-before-char-start": 1534,
      "location-before-char-end": 1886,
      "location-after-char-start": 1534,
      "location-after-char-end": 1886,
      "node-str": "PROVIDED_SOURCE_NAMES"
    },
    {
      "type": "move-subtree",
      "node": {
        "label": "lastActiveEditor",
        "type": "Field"
      },
      "location-before-char-start": 1890,
      "location-before-char-end": 2088,
      "location-after-char-start": 1890,
      "location-after-char-end": 2088,
      "node-str": "lastActiveEditor"
    },
    {
      "type": "move-subtree",
      "node": {
        "label": "lastActiveEditorId",
        "type": "Field"
      },
      "location-before-char-start": 2092,
      "location-before-char-end": 2285,
      "location-after-char-start": 2092,
      "location-after-char-end": 2285,
      "node-str": "lastActiveEditorId"
    },
    {
      "type": "move-subtree",
      "node": {
        "label": "lastActivePart",
        "type": "Field"
      },
      "location-before-char-start": 2289,
      "location-before-char-end": 2479,
      "location-after-char-start": 2289,
      "location-after-char-end": 2479,
      "node-str": "lastActivePart"
    },
    {
      "type": "move-subtree",
      "node": {
        "label": "lastActivePartId",
        "type": "Field"
      },
      "location-before-char-start": 2483,
      "location-before-char-end": 2670,
      "location-after-char-start": 2483,
      "location-after-char-end": 2670,
      "node-str": "lastActivePartId"
    },
    {
      "type": "move-subtree",
      "node": {
        "label": "lastActivePartSite",
        "type": "Field"
      },
      "location-before-char-start": 2674,
      "location-before-char-end": 2867,
      "location-after-char-start": 2674,
      "location-after-char-end": 2867,
      "node-str": "lastActivePartSite"
    },
    {
      "type": "move-subtree",
      "node": {
        "label": "lastShowInInput",
        "type": "Field"
      },
      "location-before-char-start": 2871,
      "location-before-char-end": 2908,
      "location-after-char-start": 2871,
      "location-after-char-end": 2908,
      "node-str": "lastShowInInput"
    },
    {
      "type": "move-subtree",
      "node": {
        "label": "lastShowInSelection",
        "type": "Field"
      },
      "location-before-char-start": 2911,
      "location-before-char-end": 2956,
      "location-after-char-start": 2911,
      "location-after-char-end": 2956,
      "node-str": "lastShowInSelection"
    },
    {
      "type": "move-subtree",
      "node": {
        "label": "partListener",
        "type": "Field"
      },
      "location-before-char-start": 2960,
      "location-before-char-end": 3477,
      "location-after-char-start": 2960,
      "location-after-char-end": 3477,
      "node-str": "partListener"
    },
    {
      "type": "move-subtree",
      "node": {
        "label": "windowListener",
        "type": "Field"
      },
      "location-before-char-start": 3481,
      "location-before-char-end": 4116,
      "location-after-char-start": 3481,
      "location-after-char-end": 4116,
      "node-str": "windowListener"
    },
    {
      "type": "move-subtree",
      "node": {
        "label": "workbench",
        "type": "Field"
      },
      "location-before-char-start": 4120,
      "location-before-char-end": 4216,
      "location-after-char-start": 4120,
      "location-after-char-end": 4216,
      "node-str": "workbench"
    },
    {
      "type": "move-subtree",
      "node": {
        "label": "checkActivePart",
        "type": "Method"
      },
      "location-before-char-start": 4220,
      "location-before-char-end": 7589,
      "location-after-char-start": 4220,
      "location-after-char-end": 7589,
      "node-str": "checkActivePart"
    },
    {
      "type": "move-subtree",
      "node": {
        "label": "getShowInSource",
        "type": "Method"
      },
      "location-before-char-start": 7593,
      "location-before-char-end": 7736,
      "location-after-char-start": 7593,
      "location-after-char-end": 7736,
      "node-str": "getShowInSource"
    },
    {
      "type": "move-subtree",
      "node": {
        "label": "getContext",
        "type": "Method"
      },
      "location-before-char-start": 7740,
      "location-before-char-end": 8290,
      "location-after-char-start": 7740,
      "location-after-char-end": 8290,
      "node-str": "getContext"
    },
    {
      "type": "move-subtree",
      "node": {
        "label": "dispose",
        "type": "Method"
      },
      "location-before-char-start": 8294,
      "location-before-char-end": 8375,
      "location-after-char-start": 8294,
      "location-after-char-end": 8375,
      "node-str": "dispose"
    },
    {
      "type": "move-subtree",
      "node": {
        "label": "getCurrentState",
        "type": "Method"
      },
      "location-before-char-start": 8379,
      "location-before-char-end": 10905,
      "location-after-char-start": 8379,
      "location-after-char-end": 10905,
      "node-str": "getCurrentState"
    },
    {
      "type": "move-subtree",
      "node": {
        "label": "getProvidedSourceNames",
        "type": "Method"
      },
      "location-before-char-start": 10909,
      "location-before-char-end": 10991,
      "location-after-char-start": 10909,
      "location-after-char-end": 10991,
      "node-str": "getProvidedSourceNames"
    },
    {
      "type": "insert-node",
      "node": {
        "label": "initialize",
        "type": "Method"
      },
      "location-after-char-start": 10995,
      "location-after-char-end": 11247,
      "node-str": "initialize"
    },
    {
      "type": "insert-node",
      "node": {
        "label": "void",
        "type": "RETURN_TYPE"
      },
      "location-after-char-start": 0,
      "location-after-char-end": 0,
      "node-str": "void"
    },
    {
      "type": "insert-node",
      "node": {
        "label": "public",
        "type": "Modifier"
      },
      "location-after-char-start": 0,
      "location-after-char-end": 0,
      "node-str": "public"
    },
    {
      "type": "move-subtree",
      "node": {
        "label": "locator",
        "type": "Parameter"
      },
      "location-before-char-start": 11018,
      "location-before-char-end": 11040,
      "location-after-char-start": 11018,
      "location-after-char-end": 11040,
      "node-str": "locator"
    },
    {
      "type": "insert-node",
      "node": {
        "label": "wls",
        "type": "LocalVariable"
      },
      "location-after-char-start": 11047,
      "location-after-char-end": 11163,
      "node-str": "wls"
    },
    {
      "type": "insert-node",
      "node": {
        "label": "\u003d",
        "type": "Assignment"
      },
      "location-after-char-start": 11167,
      "location-after-char-end": 11197,
      "node-str": "\u003d"
    },
    {
      "type": "move-subtree",
      "node": {
        "label": "addWindowListener",
        "type": "Invocation"
      },
      "location-before-char-start": 11112,
      "location-before-char-end": 11155,
      "location-after-char-start": 11201,
      "location-after-char-end": 11244,
      "node-str": "addWindowListener"
    },
    {
      "type": "insert-node",
      "node": {
        "label": "org.eclipse.ui.internal.services.IWorkbenchLocationService",
        "type": "VARIABLE_TYPE"
      },
      "location-after-char-start": 0,
      "location-after-char-end": 0,
      "node-str": "org.eclipse.ui.internal.services.IWorkbenchLocationService"
    },
    {
      "type": "insert-node",
      "node": {
        "label": "getService",
        "type": "Invocation"
      },
      "location-after-char-start": 11079,
      "location-after-char-end": 11162,
      "node-str": "getService"
    },
    {
      "type": "move-subtree",
      "node": {
        "label": "workbench",
        "type": "FieldWrite"
      },
      "location-before-char-start": 11047,
      "location-before-char-end": 11055,
      "location-after-char-start": 11167,
      "location-after-char-end": 11175,
      "node-str": "workbench"
    },
    {
      "type": "insert-node",
      "node": {
        "label": "getWorkbench",
        "type": "Invocation"
      },
      "location-after-char-start": 11179,
      "location-after-char-end": 11196,
      "node-str": "getWorkbench"
    },
    {
      "type": "insert-node",
      "node": {
        "label": "locator",
        "type": "VariableRead"
      },
      "location-after-char-start": 11107,
      "location-after-char-end": 11113,
      "node-str": "locator"
    },
    {
      "type": "insert-node",
      "node": {
        "label": "class",
        "type": "FieldRead"
      },
      "location-after-char-start": 11131,
      "location-after-char-end": 11161,
      "node-str": "class"
    },
    {
      "type": "insert-node",
      "node": {
        "label": "wls",
        "type": "VariableRead"
      },
      "location-after-char-start": 11179,
      "location-after-char-end": 11181,
      "node-str": "wls"
    },
    {
      "type": "insert-node",
      "node": {
        "label": "org.eclipse.ui.internal.services.IWorkbenchLocationService",
        "type": "TypeAccess"
      },
      "location-after-char-start": 0,
      "location-after-char-end": 0,
      "node-str": "org.eclipse.ui.internal.services.IWorkbenchLocationService"
    },
    {
      "type": "delete-node",
      "node": {
        "label": "public",
        "type": "Modifier"
      },
      "location-before-char-start": 0,
      "location-before-char-end": 0,
      "node-str": "public"
    },
    {
      "type": "delete-node",
      "node": {
        "label": "void",
        "type": "RETURN_TYPE"
      },
      "location-before-char-start": 0,
      "location-before-char-end": 0,
      "node-str": "void"
    },
    {
      "type": "delete-node",
      "node": {
        "label": "public",
        "type": "Modifier"
      },
      "location-before-char-start": 0,
      "location-before-char-end": 0,
      "node-str": "public"
    },
    {
      "type": "delete-node",
      "node": {
        "label": "locator",
        "type": "VariableRead"
      },
      "location-before-char-start": 11072,
      "location-before-char-end": 11078,
      "node-str": "locator"
    },
    {
      "type": "delete-node",
      "node": {
        "label": "org.eclipse.ui.IWorkbench",
        "type": "TypeAccess"
      },
      "location-before-char-start": 0,
      "location-before-char-end": 0,
      "node-str": "org.eclipse.ui.IWorkbench"
    },
    {
      "type": "delete-node",
      "node": {
        "label": "class",
        "type": "FieldRead"
      },
      "location-before-char-start": 11091,
      "location-before-char-end": 11106,
      "node-str": "class"
    },
    {
      "type": "delete-node",
      "node": {
        "label": "getService",
        "type": "Invocation"
      },
      "location-before-char-start": 11059,
      "location-before-char-end": 11107,
      "node-str": "getService"
    },
    {
      "type": "delete-node",
      "node": {
        "label": "\u003d",
        "type": "Assignment"
      },
      "location-before-char-start": 11047,
      "location-before-char-end": 11108,
      "node-str": "\u003d"
    },
    {
      "type": "delete-node",
      "node": {
        "label": "initialize",
        "type": "Method"
      },
      "location-before-char-start": 10995,
      "location-before-char-end": 11158,
      "node-str": "initialize"
    },
    {
      "type": "delete-node",
      "node": {
        "label": "ActivePartSourceProvider",
        "type": "Class"
      },
      "location-before-char-start": 1379,
      "location-before-char-end": 11160,
      "node-str": "ActivePartSourceProvider"
    }
  ],
  "before-file": {},
  "after-file": {},
  "mapping": {}
}