{
  "tool-info": {},
  "diff": [
    {
      "type": "insert-node",
      "node": {
        "label": "public",
        "type": "Modifier"
      },
      "location-after-char-start": 0,
      "location-after-char-end": 0,
      "node-str": "public"
    },
    {
      "type": "insert-node",
      "node": {
        "label": "",
        "type": "TypeReference"
      },
      "location-after-char-start": 1915,
      "location-after-char-end": 1924,
      "node-str": ""
    },
    {
      "type": "insert-node",
      "node": {
        "label": "SIZING_CONTAINER_GROUP_HEIGHT",
        "type": "Field"
      },
      "location-after-char-start": 1949,
      "location-after-char-end": 2009,
      "node-str": "SIZING_CONTAINER_GROUP_HEIGHT"
    },
    {
      "type": "insert-node",
      "node": {
        "label": "currentSelection",
        "type": "Field"
      },
      "location-after-char-start": 2012,
      "location-after-char-end": 2092,
      "node-str": "currentSelection"
    },
    {
      "type": "insert-node",
      "node": {
        "label": "newFile",
        "type": "Field"
      },
      "location-after-char-start": 2097,
      "location-after-char-end": 2150,
      "node-str": "newFile"
    },
    {
      "type": "insert-node",
      "node": {
        "label": "linkTargetPath",
        "type": "Field"
      },
      "location-after-char-start": 2155,
      "location-after-char-end": 2183,
      "node-str": "linkTargetPath"
    },
    {
      "type": "insert-node",
      "node": {
        "label": "initialFileName",
        "type": "Field"
      },
      "location-after-char-start": 2189,
      "location-after-char-end": 2244,
      "node-str": "initialFileName"
    },
    {
      "type": "insert-node",
      "node": {
        "label": "initialContainerFullPath",
        "type": "Field"
      },
      "location-after-char-start": 2247,
      "location-after-char-end": 2285,
      "node-str": "initialContainerFullPath"
    },
    {
      "type": "insert-node",
      "node": {
        "label": "topLevel",
        "type": "Field"
      },
      "location-after-char-start": 2289,
      "location-after-char-end": 2327,
      "node-str": "topLevel"
    },
    {
      "type": "insert-node",
      "node": {
        "label": "resourceGroup",
        "type": "Field"
      },
      "location-after-char-start": 2330,
      "location-after-char-end": 2377,
      "node-str": "resourceGroup"
    },
    {
      "type": "insert-node",
      "node": {
        "label": "advancedButton",
        "type": "Field"
      },
      "location-after-char-start": 2380,
      "location-after-char-end": 2409,
      "node-str": "advancedButton"
    },
    {
      "type": "insert-node",
      "node": {
        "label": "linkedResourceGroup",
        "type": "Field"
      },
      "location-after-char-start": 2412,
      "location-after-char-end": 2465,
      "node-str": "linkedResourceGroup"
    },
    {
      "type": "insert-node",
      "node": {
        "label": "\u003cinit\u003e",
        "type": "Constructor"
      },
      "location-after-char-start": 2469,
      "location-after-char-end": 2915,
      "node-str": "\u003cinit\u003e"
    },
    {
      "type": "insert-node",
      "node": {
        "label": "createLinkTarget",
        "type": "Method"
      },
      "location-after-char-start": 6210,
      "location-after-char-end": 6573,
      "node-str": "createLinkTarget"
    },
    {
      "type": "insert-node",
      "node": {
        "label": "getContainerFullPath",
        "type": "Method"
      },
      "location-after-char-start": 9497,
      "location-after-char-end": 9838,
      "node-str": "getContainerFullPath"
    },
    {
      "type": "insert-node",
      "node": {
        "label": "getInitialContents",
        "type": "Method"
      },
      "location-after-char-start": 10179,
      "location-after-char-end": 10522,
      "node-str": "getInitialContents"
    },
    {
      "type": "insert-node",
      "node": {
        "label": "getNewFileLabel",
        "type": "Method"
      },
      "location-after-char-start": 10524,
      "location-after-char-end": 10891,
      "node-str": "getNewFileLabel"
    },
    {
      "type": "insert-node",
      "node": {
        "label": "handleEvent",
        "type": "Method"
      },
      "location-after-char-start": 12385,
      "location-after-char-end": 12656,
      "node-str": "handleEvent"
    },
    {
      "type": "insert-node",
      "node": {
        "label": "initialPopulateContainerNameField",
        "type": "Method"
      },
      "location-after-char-start": 12658,
      "location-after-char-end": 13622,
      "node-str": "initialPopulateContainerNameField"
    },
    {
      "type": "insert-node",
      "node": {
        "label": "org.eclipse.jface.wizard.WizardPage",
        "type": "SUPER_TYPE"
      },
      "location-after-char-start": 0,
      "location-after-char-end": 0,
      "node-str": "org.eclipse.jface.wizard.WizardPage"
    },
    {
      "type": "insert-node",
      "node": {
        "label": "int",
        "type": "VARIABLE_TYPE"
      },
      "location-after-char-start": 0,
      "location-after-char-end": 0,
      "node-str": "int"
    },
    {
      "type": "insert-node",
      "node": {
        "label": "final",
        "type": "Modifier"
      },
      "location-after-char-start": 0,
      "location-after-char-end": 0,
      "node-str": "final"
    },
    {
      "type": "insert-node",
      "node": {
        "label": "static",
        "type": "Modifier"
      },
      "location-after-char-start": 0,
      "location-after-char-end": 0,
      "node-str": "static"
    },
    {
      "type": "insert-node",
      "node": {
        "label": "250",
        "type": "Literal"
      },
      "location-after-char-start": 2006,
      "location-after-char-end": 2008,
      "node-str": "250"
    },
    {
      "type": "insert-node",
      "node": {
        "label": "org.eclipse.jface.viewers.IStructuredSelection",
        "type": "VARIABLE_TYPE"
      },
      "location-after-char-start": 0,
      "location-after-char-end": 0,
      "node-str": "org.eclipse.jface.viewers.IStructuredSelection"
    },
    {
      "type": "insert-node",
      "node": {
        "label": "org.eclipse.core.resources.IFile",
        "type": "VARIABLE_TYPE"
      },
      "location-after-char-start": 0,
      "location-after-char-end": 0,
      "node-str": "org.eclipse.core.resources.IFile"
    },
    {
      "type": "insert-node",
      "node": {
        "label": "org.eclipse.core.runtime.IPath",
        "type": "VARIABLE_TYPE"
      },
      "location-after-char-start": 0,
      "location-after-char-end": 0,
      "node-str": "org.eclipse.core.runtime.IPath"
    },
    {
      "type": "insert-node",
      "node": {
        "label": "java.lang.String",
        "type": "VARIABLE_TYPE"
      },
      "location-after-char-start": 0,
      "location-after-char-end": 0,
      "node-str": "java.lang.String"
    },
    {
      "type": "insert-node",
      "node": {
        "label": "org.eclipse.core.runtime.IPath",
        "type": "VARIABLE_TYPE"
      },
      "location-after-char-start": 0,
      "location-after-char-end": 0,
      "node-str": "org.eclipse.core.runtime.IPath"
    },
    {
      "type": "insert-node",
      "node": {
        "label": "org.eclipse.ui.dialogs.Composite",
        "type": "VARIABLE_TYPE"
      },
      "location-after-char-start": 0,
      "location-after-char-end": 0,
      "node-str": "org.eclipse.ui.dialogs.Composite"
    },
    {
      "type": "insert-node",
      "node": {
        "label": "org.eclipse.ui.internal.misc.ResourceAndContainerGroup",
        "type": "VARIABLE_TYPE"
      },
      "location-after-char-start": 0,
      "location-after-char-end": 0,
      "node-str": "org.eclipse.ui.internal.misc.ResourceAndContainerGroup"
    },
    {
      "type": "insert-node",
      "node": {
        "label": "org.eclipse.ui.dialogs.Button",
        "type": "VARIABLE_TYPE"
      },
      "location-after-char-start": 0,
      "location-after-char-end": 0,
      "node-str": "org.eclipse.ui.dialogs.Button"
    },
    {
      "type": "insert-node",
      "node": {
        "label": "org.eclipse.ui.internal.dialogs.CreateLinkedResourceGroup",
        "type": "VARIABLE_TYPE"
      },
      "location-after-char-start": 0,
      "location-after-char-end": 0,
      "node-str": "org.eclipse.ui.internal.dialogs.CreateLinkedResourceGroup"
    },
    {
      "type": "insert-node",
      "node": {
        "label": "public",
        "type": "Modifier"
      },
      "location-after-char-start": 0,
      "location-after-char-end": 0,
      "node-str": "public"
    },
    {
      "type": "insert-node",
      "node": {
        "label": "pageName",
        "type": "Parameter"
      },
      "location-after-char-start": 2785,
      "location-after-char-end": 2799,
      "node-str": "pageName"
    },
    {
      "type": "insert-node",
      "node": {
        "label": "selection",
        "type": "Parameter"
      },
      "location-after-char-start": 2802,
      "location-after-char-end": 2831,
      "node-str": "selection"
    },
    {
      "type": "insert-node",
      "node": {
        "label": "\u003cinit\u003e",
        "type": "Invocation"
      },
      "location-after-char-start": 2837,
      "location-after-char-end": 2852,
      "node-str": "\u003cinit\u003e"
    },
    {
      "type": "insert-node",
      "node": {
        "label": "setPageComplete",
        "type": "Invocation"
      },
      "location-after-char-start": 2855,
      "location-after-char-end": 2877,
      "node-str": "setPageComplete"
    },
    {
      "type": "insert-node",
      "node": {
        "label": "\u003d",
        "type": "Assignment"
      },
      "location-after-char-start": 2880,
      "location-after-char-end": 2913,
      "node-str": "\u003d"
    },
    {
      "type": "insert-node",
      "node": {
        "label": "void",
        "type": "RETURN_TYPE"
      },
      "location-after-char-start": 0,
      "location-after-char-end": 0,
      "node-str": "void"
    },
    {
      "type": "insert-node",
      "node": {
        "label": "protected",
        "type": "Modifier"
      },
      "location-after-char-start": 0,
      "location-after-char-end": 0,
      "node-str": "protected"
    },
    {
      "type": "insert-node",
      "node": {
        "label": "if",
        "type": "If"
      },
      "location-after-char-start": 6325,
      "location-after-char-end": 6569,
      "node-str": "if"
    },
    {
      "type": "insert-node",
      "node": {
        "label": "org.eclipse.core.runtime.IPath",
        "type": "RETURN_TYPE"
      },
      "location-after-char-start": 0,
      "location-after-char-end": 0,
      "node-str": "org.eclipse.core.runtime.IPath"
    },
    {
      "type": "insert-node",
      "node": {
        "label": "public",
        "type": "Modifier"
      },
      "location-after-char-start": 0,
      "location-after-char-end": 0,
      "node-str": "public"
    },
    {
      "type": "insert-node",
      "node": {
        "label": "return",
        "type": "Return"
      },
      "location-after-char-start": 9793,
      "location-after-char-end": 9836,
      "node-str": "return"
    },
    {
      "type": "insert-node",
      "node": {
        "label": "java.io.InputStream",
        "type": "RETURN_TYPE"
      },
      "location-after-char-start": 0,
      "location-after-char-end": 0,
      "node-str": "java.io.InputStream"
    },
    {
      "type": "insert-node",
      "node": {
        "label": "protected",
        "type": "Modifier"
      },
      "location-after-char-start": 0,
      "location-after-char-end": 0,
      "node-str": "protected"
    },
    {
      "type": "insert-node",
      "node": {
        "label": "return",
        "type": "Return"
      },
      "location-after-char-start": 10509,
      "location-after-char-end": 10520,
      "node-str": "return"
    },
    {
      "type": "insert-node",
      "node": {
        "label": "java.lang.String",
        "type": "RETURN_TYPE"
      },
      "location-after-char-start": 0,
      "location-after-char-end": 0,
      "node-str": "java.lang.String"
    },
    {
      "type": "insert-node",
      "node": {
        "label": "protected",
        "type": "Modifier"
      },
      "location-after-char-start": 0,
      "location-after-char-end": 0,
      "node-str": "protected"
    },
    {
      "type": "insert-node",
      "node": {
        "label": "return",
        "type": "Return"
      },
      "location-after-char-start": 10802,
      "location-after-char-end": 10875,
      "node-str": "return"
    },
    {
      "type": "insert-node",
      "node": {
        "label": "void",
        "type": "RETURN_TYPE"
      },
      "location-after-char-start": 0,
      "location-after-char-end": 0,
      "node-str": "void"
    },
    {
      "type": "insert-node",
      "node": {
        "label": "public",
        "type": "Modifier"
      },
      "location-after-char-start": 0,
      "location-after-char-end": 0,
      "node-str": "public"
    },
    {
      "type": "insert-node",
      "node": {
        "label": "event",
        "type": "Parameter"
      },
      "location-after-char-start": 12607,
      "location-after-char-end": 12617,
      "node-str": "event"
    },
    {
      "type": "insert-node",
      "node": {
        "label": "setPageComplete",
        "type": "Invocation"
      },
      "location-after-char-start": 12623,
      "location-after-char-end": 12654,
      "node-str": "setPageComplete"
    },
    {
      "type": "insert-node",
      "node": {
        "label": "void",
        "type": "RETURN_TYPE"
      },
      "location-after-char-start": 0,
      "location-after-char-end": 0,
      "node-str": "void"
    },
    {
      "type": "insert-node",
      "node": {
        "label": "protected",
        "type": "Modifier"
      },
      "location-after-char-start": 0,
      "location-after-char-end": 0,
      "node-str": "protected"
    },
    {
      "type": "insert-node",
      "node": {
        "label": "setContainerFullPath",
        "type": "Invocation"
      },
      "location-after-char-start": 12927,
      "location-after-char-end": 12987,
      "node-str": "setContainerFullPath"
    },
    {
      "type": "insert-node",
      "node": {
        "label": "\u003d",
        "type": "Assignment"
      },
      "location-after-char-start": 12999,
      "location-after-char-end": 13042,
      "node-str": "\u003d"
    },
    {
      "type": "insert-node",
      "node": {
        "label": "java.lang.String",
        "type": "VARIABLE_TYPE"
      },
      "location-after-char-start": 0,
      "location-after-char-end": 0,
      "node-str": "java.lang.String"
    },
    {
      "type": "insert-node",
      "node": {
        "label": "org.eclipse.jface.viewers.IStructuredSelection",
        "type": "VARIABLE_TYPE"
      },
      "location-after-char-start": 0,
      "location-after-char-end": 0,
      "node-str": "org.eclipse.jface.viewers.IStructuredSelection"
    },
    {
      "type": "insert-node",
      "node": {
        "label": "pageName",
        "type": "VariableRead"
      },
      "location-after-char-start": 2843,
      "location-after-char-end": 2850,
      "node-str": "pageName"
    },
    {
      "type": "insert-node",
      "node": {
        "label": "org.eclipse.ui.dialogs.WizardNewFileCreationPage",
        "type": "TypeAccess"
      },
      "location-after-char-start": 0,
      "location-after-char-end": 0,
      "node-str": "org.eclipse.ui.dialogs.WizardNewFileCreationPage"
    },
    {
      "type": "insert-node",
      "node": {
        "label": "false",
        "type": "Literal"
      },
      "location-after-char-start": 2871,
      "location-after-char-end": 2875,
      "node-str": "false"
    },
    {
      "type": "insert-node",
      "node": {
        "label": "currentSelection",
        "type": "FieldWrite"
      },
      "location-after-char-start": 2880,
      "location-after-char-end": 2900,
      "node-str": "currentSelection"
    },
    {
      "type": "insert-node",
      "node": {
        "label": "selection",
        "type": "VariableRead"
      },
      "location-after-char-start": 2904,
      "location-after-char-end": 2912,
      "node-str": "selection"
    },
    {
      "type": "insert-node",
      "node": {
        "label": "NE",
        "type": "BinaryOperator"
      },
      "location-after-char-start": 6329,
      "location-after-char-end": 6355,
      "node-str": "NE"
    },
    {
      "type": "insert-node",
      "node": {
        "label": "THEN",
        "type": "then"
      },
      "location-after-char-start": 6358,
      "location-after-char-end": 6533,
      "node-str": "THEN"
    },
    {
      "type": "insert-node",
      "node": {
        "label": "ELSE",
        "type": "else"
      },
      "location-after-char-start": 6541,
      "location-after-char-end": 6569,
      "node-str": "ELSE"
    },
    {
      "type": "insert-node",
      "node": {
        "label": "getContainerFullPath",
        "type": "Invocation"
      },
      "location-after-char-start": 9800,
      "location-after-char-end": 9835,
      "node-str": "getContainerFullPath"
    },
    {
      "type": "insert-node",
      "node": {
        "label": "null",
        "type": "Literal"
      },
      "location-after-char-start": 10516,
      "location-after-char-end": 10519,
      "node-str": "null"
    },
    {
      "type": "insert-node",
      "node": {
        "label": "getString",
        "type": "Invocation"
      },
      "location-after-char-start": 10809,
      "location-after-char-end": 10874,
      "node-str": "getString"
    },
    {
      "type": "insert-node",
      "node": {
        "label": "Event",
        "type": "VARIABLE_TYPE"
      },
      "location-after-char-start": 0,
      "location-after-char-end": 0,
      "node-str": "Event"
    },
    {
      "type": "insert-node",
      "node": {
        "label": "org.eclipse.ui.dialogs.WizardNewFileCreationPage",
        "type": "TypeAccess"
      },
      "location-after-char-start": 0,
      "location-after-char-end": 0,
      "node-str": "org.eclipse.ui.dialogs.WizardNewFileCreationPage"
    },
    {
      "type": "insert-node",
      "node": {
        "label": "validatePage",
        "type": "Invocation"
      },
      "location-after-char-start": 12639,
      "location-after-char-end": 12652,
      "node-str": "validatePage"
    },
    {
      "type": "insert-node",
      "node": {
        "label": "resourceGroup",
        "type": "FieldRead"
      },
      "location-after-char-start": 12927,
      "location-after-char-end": 12939,
      "node-str": "resourceGroup"
    },
    {
      "type": "insert-node",
      "node": {
        "label": "initialContainerFullPath",
        "type": "FieldRead"
      },
      "location-after-char-start": 12962,
      "location-after-char-end": 12985,
      "node-str": "initialContainerFullPath"
    },
    {
      "type": "insert-node",
      "node": {
        "label": "Iterator",
        "type": "FieldWrite"
      },
      "location-after-char-start": 12999,
      "location-after-char-end": 13006,
      "node-str": "Iterator"
    },
    {
      "type": "insert-node",
      "node": {
        "label": "iterator",
        "type": "Invocation"
      },
      "location-after-char-start": 13015,
      "location-after-char-end": 13041,
      "node-str": "iterator"
    },
    {
      "type": "insert-node",
      "node": {
        "label": "this",
        "type": "ThisAccess"
      },
      "location-after-char-start": 2880,
      "location-after-char-end": 2883,
      "node-str": "this"
    },
    {
      "type": "insert-node",
      "node": {
        "label": "linkedResourceGroup",
        "type": "FieldRead"
      },
      "location-after-char-start": 6329,
      "location-after-char-end": 6347,
      "node-str": "linkedResourceGroup"
    },
    {
      "type": "insert-node",
      "node": {
        "label": "null",
        "type": "Literal"
      },
      "location-after-char-start": 6352,
      "location-after-char-end": 6355,
      "node-str": "null"
    },
    {
      "type": "insert-node",
      "node": {
        "label": "linkTarget",
        "type": "LocalVariable"
      },
      "location-after-char-start": 6362,
      "location-after-char-end": 6417,
      "node-str": "linkTarget"
    },
    {
      "type": "insert-node",
      "node": {
        "label": "if",
        "type": "If"
      },
      "location-after-char-start": 6421,
      "location-after-char-end": 6530,
      "node-str": "if"
    },
    {
      "type": "insert-node",
      "node": {
        "label": "\u003d",
        "type": "Assignment"
      },
      "location-after-char-start": 6545,
      "location-after-char-end": 6566,
      "node-str": "\u003d"
    },
    {
      "type": "insert-node",
      "node": {
        "label": "resourceGroup",
        "type": "FieldRead"
      },
      "location-after-char-start": 9800,
      "location-after-char-end": 9812,
      "node-str": "resourceGroup"
    },
    {
      "type": "insert-node",
      "node": {
        "label": "WorkbenchMessages",
        "type": "TypeAccess"
      },
      "location-after-char-start": 10809,
      "location-after-char-end": 10825,
      "node-str": "WorkbenchMessages"
    },
    {
      "type": "insert-node",
      "node": {
        "label": "\"WizardNewFileCreationPage.fileLabel\"",
        "type": "Literal"
      },
      "location-after-char-start": 10837,
      "location-after-char-end": 10873,
      "node-str": "\"WizardNewFileCreationPage.fileLabel\""
    },
    {
      "type": "insert-node",
      "node": {
        "label": "org.eclipse.ui.dialogs.WizardNewFileCreationPage",
        "type": "TypeAccess"
      },
      "location-after-char-start": 0,
      "location-after-char-end": 0,
      "node-str": "org.eclipse.ui.dialogs.WizardNewFileCreationPage"
    },
    {
      "type": "insert-node",
      "node": {
        "label": "org.eclipse.ui.dialogs.WizardNewFileCreationPage",
        "type": "TypeAccess"
      },
      "location-after-char-start": 0,
      "location-after-char-end": 0,
      "node-str": "org.eclipse.ui.dialogs.WizardNewFileCreationPage"
    },
    {
      "type": "insert-node",
      "node": {
        "label": "org.eclipse.ui.dialogs.WizardNewFileCreationPage",
        "type": "TypeAccess"
      },
      "location-after-char-start": 0,
      "location-after-char-end": 0,
      "node-str": "org.eclipse.ui.dialogs.WizardNewFileCreationPage"
    },
    {
      "type": "insert-node",
      "node": {
        "label": "currentSelection",
        "type": "FieldRead"
      },
      "location-after-char-start": 13015,
      "location-after-char-end": 13030,
      "node-str": "currentSelection"
    },
    {
      "type": "insert-node",
      "node": {
        "label": "org.eclipse.ui.dialogs.WizardNewFileCreationPage",
        "type": "TypeAccess"
      },
      "location-after-char-start": 0,
      "location-after-char-end": 0,
      "node-str": "org.eclipse.ui.dialogs.WizardNewFileCreationPage"
    },
    {
      "type": "insert-node",
      "node": {
        "label": "org.eclipse.ui.dialogs.WizardNewFileCreationPage",
        "type": "TypeAccess"
      },
      "location-after-char-start": 0,
      "location-after-char-end": 0,
      "node-str": "org.eclipse.ui.dialogs.WizardNewFileCreationPage"
    },
    {
      "type": "insert-node",
      "node": {
        "label": "java.lang.String",
        "type": "VARIABLE_TYPE"
      },
      "location-after-char-start": 0,
      "location-after-char-end": 0,
      "node-str": "java.lang.String"
    },
    {
      "type": "insert-node",
      "node": {
        "label": "getLinkTarget",
        "type": "Invocation"
      },
      "location-after-char-start": 6382,
      "location-after-char-end": 6416,
      "node-str": "getLinkTarget"
    },
    {
      "type": "insert-node",
      "node": {
        "label": "NE",
        "type": "BinaryOperator"
      },
      "location-after-char-start": 6425,
      "location-after-char-end": 6442,
      "node-str": "NE"
    },
    {
      "type": "insert-node",
      "node": {
        "label": "THEN",
        "type": "then"
      },
      "location-after-char-start": 6445,
      "location-after-char-end": 6491,
      "node-str": "THEN"
    },
    {
      "type": "insert-node",
      "node": {
        "label": "ELSE",
        "type": "else"
      },
      "location-after-char-start": 6500,
      "location-after-char-end": 6530,
      "node-str": "ELSE"
    },
    {
      "type": "insert-node",
      "node": {
        "label": "linkTargetPath",
        "type": "FieldWrite"
      },
      "location-after-char-start": 6545,
      "location-after-char-end": 6558,
      "node-str": "linkTargetPath"
    },
    {
      "type": "insert-node",
      "node": {
        "label": "null",
        "type": "Literal"
      },
      "location-after-char-start": 6562,
      "location-after-char-end": 6565,
      "node-str": "null"
    },
    {
      "type": "insert-node",
      "node": {
        "label": "org.eclipse.ui.dialogs.WizardNewFileCreationPage",
        "type": "TypeAccess"
      },
      "location-after-char-start": 0,
      "location-after-char-end": 0,
      "node-str": "org.eclipse.ui.dialogs.WizardNewFileCreationPage"
    },
    {
      "type": "insert-node",
      "node": {
        "label": "org.eclipse.ui.dialogs.WizardNewFileCreationPage",
        "type": "TypeAccess"
      },
      "location-after-char-start": 0,
      "location-after-char-end": 0,
      "node-str": "org.eclipse.ui.dialogs.WizardNewFileCreationPage"
    },
    {
      "type": "insert-node",
      "node": {
        "label": "linkedResourceGroup",
        "type": "FieldRead"
      },
      "location-after-char-start": 6382,
      "location-after-char-end": 6400,
      "node-str": "linkedResourceGroup"
    },
    {
      "type": "insert-node",
      "node": {
        "label": "linkTarget",
        "type": "VariableRead"
      },
      "location-after-char-start": 6425,
      "location-after-char-end": 6434,
      "node-str": "linkTarget"
    },
    {
      "type": "insert-node",
      "node": {
        "label": "null",
        "type": "Literal"
      },
      "location-after-char-start": 6439,
      "location-after-char-end": 6442,
      "node-str": "null"
    },
    {
      "type": "insert-node",
      "node": {
        "label": "\u003d",
        "type": "Assignment"
      },
      "location-after-char-start": 6450,
      "location-after-char-end": 6487,
      "node-str": "\u003d"
    },
    {
      "type": "insert-node",
      "node": {
        "label": "\u003d",
        "type": "Assignment"
      },
      "location-after-char-start": 6505,
      "location-after-char-end": 6526,
      "node-str": "\u003d"
    },
    {
      "type": "insert-node",
      "node": {
        "label": "org.eclipse.ui.dialogs.WizardNewFileCreationPage",
        "type": "TypeAccess"
      },
      "location-after-char-start": 0,
      "location-after-char-end": 0,
      "node-str": "org.eclipse.ui.dialogs.WizardNewFileCreationPage"
    },
    {
      "type": "insert-node",
      "node": {
        "label": "org.eclipse.ui.dialogs.WizardNewFileCreationPage",
        "type": "TypeAccess"
      },
      "location-after-char-start": 0,
      "location-after-char-end": 0,
      "node-str": "org.eclipse.ui.dialogs.WizardNewFileCreationPage"
    },
    {
      "type": "insert-node",
      "node": {
        "label": "linkTargetPath",
        "type": "FieldWrite"
      },
      "location-after-char-start": 6450,
      "location-after-char-end": 6463,
      "node-str": "linkTargetPath"
    },
    {
      "type": "insert-node",
      "node": {
        "label": "org.eclipse.core.runtime.Path(java.lang.String)",
        "type": "ConstructorCall"
      },
      "location-after-char-start": 6467,
      "location-after-char-end": 6486,
      "node-str": "org.eclipse.core.runtime.Path(java.lang.String)"
    },
    {
      "type": "insert-node",
      "node": {
        "label": "linkTargetPath",
        "type": "FieldWrite"
      },
      "location-after-char-start": 6505,
      "location-after-char-end": 6518,
      "node-str": "linkTargetPath"
    },
    {
      "type": "insert-node",
      "node": {
        "label": "null",
        "type": "Literal"
      },
      "location-after-char-start": 6522,
      "location-after-char-end": 6525,
      "node-str": "null"
    },
    {
      "type": "insert-node",
      "node": {
        "label": "org.eclipse.ui.dialogs.WizardNewFileCreationPage",
        "type": "TypeAccess"
      },
      "location-after-char-start": 0,
      "location-after-char-end": 0,
      "node-str": "org.eclipse.ui.dialogs.WizardNewFileCreationPage"
    },
    {
      "type": "insert-node",
      "node": {
        "label": "linkTarget",
        "type": "VariableRead"
      },
      "location-after-char-start": 6476,
      "location-after-char-end": 6485,
      "node-str": "linkTarget"
    },
    {
      "type": "insert-node",
      "node": {
        "label": "org.eclipse.ui.dialogs.WizardNewFileCreationPage",
        "type": "TypeAccess"
      },
      "location-after-char-start": 0,
      "location-after-char-end": 0,
      "node-str": "org.eclipse.ui.dialogs.WizardNewFileCreationPage"
    },
    {
      "type": "delete-node",
      "node": {
        "label": "public",
        "type": "Modifier"
      },
      "location-before-char-start": 0,
      "location-before-char-end": 0,
      "node-str": "public"
    },
    {
      "type": "delete-node",
      "node": {
        "label": "org.eclipse.jface.wizard.WizardPage",
        "type": "SUPER_TYPE"
      },
      "location-before-char-start": 0,
      "location-before-char-end": 0,
      "node-str": "org.eclipse.jface.wizard.WizardPage"
    },
    {
      "type": "delete-node",
      "node": {
        "label": "",
        "type": "TypeReference"
      },
      "location-before-char-start": 1915,
      "location-before-char-end": 1924,
      "node-str": ""
    },
    {
      "type": "delete-node",
      "node": {
        "label": "int",
        "type": "VARIABLE_TYPE"
      },
      "location-before-char-start": 0,
      "location-before-char-end": 0,
      "node-str": "int"
    },
    {
      "type": "delete-node",
      "node": {
        "label": "final",
        "type": "Modifier"
      },
      "location-before-char-start": 0,
      "location-before-char-end": 0,
      "node-str": "final"
    },
    {
      "type": "delete-node",
      "node": {
        "label": "static",
        "type": "Modifier"
      },
      "location-before-char-start": 0,
      "location-before-char-end": 0,
      "node-str": "static"
    },
    {
      "type": "delete-node",
      "node": {
        "label": "250",
        "type": "Literal"
      },
      "location-before-char-start": 2006,
      "location-before-char-end": 2008,
      "node-str": "250"
    },
    {
      "type": "delete-node",
      "node": {
        "label": "SIZING_CONTAINER_GROUP_HEIGHT",
        "type": "Field"
      },
      "location-before-char-start": 1949,
      "location-before-char-end": 2009,
      "node-str": "SIZING_CONTAINER_GROUP_HEIGHT"
    },
    {
      "type": "delete-node",
      "node": {
        "label": "org.eclipse.jface.viewers.IStructuredSelection",
        "type": "VARIABLE_TYPE"
      },
      "location-before-char-start": 0,
      "location-before-char-end": 0,
      "node-str": "org.eclipse.jface.viewers.IStructuredSelection"
    },
    {
      "type": "delete-node",
      "node": {
        "label": "currentSelection",
        "type": "Field"
      },
      "location-before-char-start": 2012,
      "location-before-char-end": 2092,
      "node-str": "currentSelection"
    },
    {
      "type": "delete-node",
      "node": {
        "label": "org.eclipse.core.resources.IFile",
        "type": "VARIABLE_TYPE"
      },
      "location-before-char-start": 0,
      "location-before-char-end": 0,
      "node-str": "org.eclipse.core.resources.IFile"
    },
    {
      "type": "delete-node",
      "node": {
        "label": "newFile",
        "type": "Field"
      },
      "location-before-char-start": 2097,
      "location-before-char-end": 2150,
      "node-str": "newFile"
    },
    {
      "type": "delete-node",
      "node": {
        "label": "org.eclipse.core.runtime.IPath",
        "type": "VARIABLE_TYPE"
      },
      "location-before-char-start": 0,
      "location-before-char-end": 0,
      "node-str": "org.eclipse.core.runtime.IPath"
    },
    {
      "type": "delete-node",
      "node": {
        "label": "linkTargetPath",
        "type": "Field"
      },
      "location-before-char-start": 2155,
      "location-before-char-end": 2183,
      "node-str": "linkTargetPath"
    },
    {
      "type": "delete-node",
      "node": {
        "label": "java.lang.String",
        "type": "VARIABLE_TYPE"
      },
      "location-before-char-start": 0,
      "location-before-char-end": 0,
      "node-str": "java.lang.String"
    },
    {
      "type": "delete-node",
      "node": {
        "label": "initialFileName",
        "type": "Field"
      },
      "location-before-char-start": 2189,
      "location-before-char-end": 2244,
      "node-str": "initialFileName"
    },
    {
      "type": "delete-node",
      "node": {
        "label": "org.eclipse.core.runtime.IPath",
        "type": "VARIABLE_TYPE"
      },
      "location-before-char-start": 0,
      "location-before-char-end": 0,
      "node-str": "org.eclipse.core.runtime.IPath"
    },
    {
      "type": "delete-node",
      "node": {
        "label": "initialContainerFullPath",
        "type": "Field"
      },
      "location-before-char-start": 2247,
      "location-before-char-end": 2285,
      "node-str": "initialContainerFullPath"
    },
    {
      "type": "delete-node",
      "node": {
        "label": "org.eclipse.ui.dialogs.Composite",
        "type": "VARIABLE_TYPE"
      },
      "location-before-char-start": 0,
      "location-before-char-end": 0,
      "node-str": "org.eclipse.ui.dialogs.Composite"
    },
    {
      "type": "delete-node",
      "node": {
        "label": "topLevel",
        "type": "Field"
      },
      "location-before-char-start": 2289,
      "location-before-char-end": 2327,
      "node-str": "topLevel"
    },
    {
      "type": "delete-node",
      "node": {
        "label": "org.eclipse.ui.internal.misc.ResourceAndContainerGroup",
        "type": "VARIABLE_TYPE"
      },
      "location-before-char-start": 0,
      "location-before-char-end": 0,
      "node-str": "org.eclipse.ui.internal.misc.ResourceAndContainerGroup"
    },
    {
      "type": "delete-node",
      "node": {
        "label": "resourceGroup",
        "type": "Field"
      },
      "location-before-char-start": 2330,
      "location-before-char-end": 2377,
      "node-str": "resourceGroup"
    },
    {
      "type": "delete-node",
      "node": {
        "label": "org.eclipse.ui.dialogs.Button",
        "type": "VARIABLE_TYPE"
      },
      "location-before-char-start": 0,
      "location-before-char-end": 0,
      "node-str": "org.eclipse.ui.dialogs.Button"
    },
    {
      "type": "delete-node",
      "node": {
        "label": "advancedButton",
        "type": "Field"
      },
      "location-before-char-start": 2380,
      "location-before-char-end": 2409,
      "node-str": "advancedButton"
    },
    {
      "type": "delete-node",
      "node": {
        "label": "org.eclipse.ui.internal.dialogs.CreateLinkedResourceGroup",
        "type": "VARIABLE_TYPE"
      },
      "location-before-char-start": 0,
      "location-before-char-end": 0,
      "node-str": "org.eclipse.ui.internal.dialogs.CreateLinkedResourceGroup"
    },
    {
      "type": "delete-node",
      "node": {
        "label": "linkedResourceGroup",
        "type": "Field"
      },
      "location-before-char-start": 2412,
      "location-before-char-end": 2465,
      "node-str": "linkedResourceGroup"
    },
    {
      "type": "delete-node",
      "node": {
        "label": "public",
        "type": "Modifier"
      },
      "location-before-char-start": 0,
      "location-before-char-end": 0,
      "node-str": "public"
    },
    {
      "type": "delete-node",
      "node": {
        "label": "java.lang.String",
        "type": "VARIABLE_TYPE"
      },
      "location-before-char-start": 0,
      "location-before-char-end": 0,
      "node-str": "java.lang.String"
    },
    {
      "type": "delete-node",
      "node": {
        "label": "pageName",
        "type": "Parameter"
      },
      "location-before-char-start": 2785,
      "location-before-char-end": 2799,
      "node-str": "pageName"
    },
    {
      "type": "delete-node",
      "node": {
        "label": "org.eclipse.jface.viewers.IStructuredSelection",
        "type": "VARIABLE_TYPE"
      },
      "location-before-char-start": 0,
      "location-before-char-end": 0,
      "node-str": "org.eclipse.jface.viewers.IStructuredSelection"
    },
    {
      "type": "delete-node",
      "node": {
        "label": "selection",
        "type": "Parameter"
      },
      "location-before-char-start": 2802,
      "location-before-char-end": 2831,
      "node-str": "selection"
    },
    {
      "type": "delete-node",
      "node": {
        "label": "pageName",
        "type": "VariableRead"
      },
      "location-before-char-start": 2843,
      "location-before-char-end": 2850,
      "node-str": "pageName"
    },
    {
      "type": "delete-node",
      "node": {
        "label": "\u003cinit\u003e",
        "type": "Invocation"
      },
      "location-before-char-start": 2837,
      "location-before-char-end": 2852,
      "node-str": "\u003cinit\u003e"
    },
    {
      "type": "delete-node",
      "node": {
        "label": "org.eclipse.ui.dialogs.WizardNewFileCreationPage",
        "type": "TypeAccess"
      },
      "location-before-char-start": 0,
      "location-before-char-end": 0,
      "node-str": "org.eclipse.ui.dialogs.WizardNewFileCreationPage"
    },
    {
      "type": "delete-node",
      "node": {
        "label": "false",
        "type": "Literal"
      },
      "location-before-char-start": 2871,
      "location-before-char-end": 2875,
      "node-str": "false"
    },
    {
      "type": "delete-node",
      "node": {
        "label": "setPageComplete",
        "type": "Invocation"
      },
      "location-before-char-start": 2855,
      "location-before-char-end": 2877,
      "node-str": "setPageComplete"
    },
    {
      "type": "delete-node",
      "node": {
        "label": "org.eclipse.ui.dialogs.WizardNewFileCreationPage",
        "type": "TypeAccess"
      },
      "location-before-char-start": 0,
      "location-before-char-end": 0,
      "node-str": "org.eclipse.ui.dialogs.WizardNewFileCreationPage"
    },
    {
      "type": "delete-node",
      "node": {
        "label": "this",
        "type": "ThisAccess"
      },
      "location-before-char-start": 2880,
      "location-before-char-end": 2883,
      "node-str": "this"
    },
    {
      "type": "delete-node",
      "node": {
        "label": "currentSelection",
        "type": "FieldWrite"
      },
      "location-before-char-start": 2880,
      "location-before-char-end": 2900,
      "node-str": "currentSelection"
    },
    {
      "type": "delete-node",
      "node": {
        "label": "selection",
        "type": "VariableRead"
      },
      "location-before-char-start": 2904,
      "location-before-char-end": 2912,
      "node-str": "selection"
    },
    {
      "type": "delete-node",
      "node": {
        "label": "\u003d",
        "type": "Assignment"
      },
      "location-before-char-start": 2880,
      "location-before-char-end": 2913,
      "node-str": "\u003d"
    },
    {
      "type": "delete-node",
      "node": {
        "label": "\u003cinit\u003e",
        "type": "Constructor"
      },
      "location-before-char-start": 2469,
      "location-before-char-end": 2915,
      "node-str": "\u003cinit\u003e"
    },
    {
      "type": "delete-node",
      "node": {
        "label": "void",
        "type": "RETURN_TYPE"
      },
      "location-before-char-start": 0,
      "location-before-char-end": 0,
      "node-str": "void"
    },
    {
      "type": "delete-node",
      "node": {
        "label": "protected",
        "type": "Modifier"
      },
      "location-before-char-start": 0,
      "location-before-char-end": 0,
      "node-str": "protected"
    },
    {
      "type": "delete-node",
      "node": {
        "label": "org.eclipse.ui.dialogs.WizardNewFileCreationPage",
        "type": "TypeAccess"
      },
      "location-before-char-start": 0,
      "location-before-char-end": 0,
      "node-str": "org.eclipse.ui.dialogs.WizardNewFileCreationPage"
    },
    {
      "type": "delete-node",
      "node": {
        "label": "linkedResourceGroup",
        "type": "FieldRead"
      },
      "location-before-char-start": 6329,
      "location-before-char-end": 6347,
      "node-str": "linkedResourceGroup"
    },
    {
      "type": "delete-node",
      "node": {
        "label": "null",
        "type": "Literal"
      },
      "location-before-char-start": 6352,
      "location-before-char-end": 6355,
      "node-str": "null"
    },
    {
      "type": "delete-node",
      "node": {
        "label": "NE",
        "type": "BinaryOperator"
      },
      "location-before-char-start": 6329,
      "location-before-char-end": 6355,
      "node-str": "NE"
    },
    {
      "type": "delete-node",
      "node": {
        "label": "java.lang.String",
        "type": "VARIABLE_TYPE"
      },
      "location-before-char-start": 0,
      "location-before-char-end": 0,
      "node-str": "java.lang.String"
    },
    {
      "type": "delete-node",
      "node": {
        "label": "org.eclipse.ui.dialogs.WizardNewFileCreationPage",
        "type": "TypeAccess"
      },
      "location-before-char-start": 0,
      "location-before-char-end": 0,
      "node-str": "org.eclipse.ui.dialogs.WizardNewFileCreationPage"
    },
    {
      "type": "delete-node",
      "node": {
        "label": "linkedResourceGroup",
        "type": "FieldRead"
      },
      "location-before-char-start": 6382,
      "location-before-char-end": 6400,
      "node-str": "linkedResourceGroup"
    },
    {
      "type": "delete-node",
      "node": {
        "label": "getLinkTarget",
        "type": "Invocation"
      },
      "location-before-char-start": 6382,
      "location-before-char-end": 6416,
      "node-str": "getLinkTarget"
    },
    {
      "type": "delete-node",
      "node": {
        "label": "linkTarget",
        "type": "LocalVariable"
      },
      "location-before-char-start": 6362,
      "location-before-char-end": 6417,
      "node-str": "linkTarget"
    },
    {
      "type": "delete-node",
      "node": {
        "label": "org.eclipse.ui.dialogs.WizardNewFileCreationPage",
        "type": "TypeAccess"
      },
      "location-before-char-start": 0,
      "location-before-char-end": 0,
      "node-str": "org.eclipse.ui.dialogs.WizardNewFileCreationPage"
    },
    {
      "type": "delete-node",
      "node": {
        "label": "linkTargetPath",
        "type": "FieldWrite"
      },
      "location-before-char-start": 6421,
      "location-before-char-end": 6434,
      "node-str": "linkTargetPath"
    },
    {
      "type": "delete-node",
      "node": {
        "label": "linkTarget",
        "type": "VariableRead"
      },
      "location-before-char-start": 6447,
      "location-before-char-end": 6456,
      "node-str": "linkTarget"
    },
    {
      "type": "delete-node",
      "node": {
        "label": "org.eclipse.core.runtime.Path(java.lang.String)",
        "type": "ConstructorCall"
      },
      "location-before-char-start": 6438,
      "location-before-char-end": 6457,
      "node-str": "org.eclipse.core.runtime.Path(java.lang.String)"
    },
    {
      "type": "delete-node",
      "node": {
        "label": "\u003d",
        "type": "Assignment"
      },
      "location-before-char-start": 6421,
      "location-before-char-end": 6458,
      "node-str": "\u003d"
    },
    {
      "type": "delete-node",
      "node": {
        "label": "THEN",
        "type": "then"
      },
      "location-before-char-start": 6358,
      "location-before-char-end": 6461,
      "node-str": "THEN"
    },
    {
      "type": "delete-node",
      "node": {
        "label": "org.eclipse.ui.dialogs.WizardNewFileCreationPage",
        "type": "TypeAccess"
      },
      "location-before-char-start": 0,
      "location-before-char-end": 0,
      "node-str": "org.eclipse.ui.dialogs.WizardNewFileCreationPage"
    },
    {
      "type": "delete-node",
      "node": {
        "label": "linkTargetPath",
        "type": "FieldWrite"
      },
      "location-before-char-start": 6471,
      "location-before-char-end": 6484,
      "node-str": "linkTargetPath"
    },
    {
      "type": "delete-node",
      "node": {
        "label": "null",
        "type": "Literal"
      },
      "location-before-char-start": 6488,
      "location-before-char-end": 6491,
      "node-str": "null"
    },
    {
      "type": "delete-node",
      "node": {
        "label": "\u003d",
        "type": "Assignment"
      },
      "location-before-char-start": 6471,
      "location-before-char-end": 6492,
      "node-str": "\u003d"
    },
    {
      "type": "delete-node",
      "node": {
        "label": "ELSE",
        "type": "else"
      },
      "location-before-char-start": 6471,
      "location-before-char-end": 6492,
      "node-str": "ELSE"
    },
    {
      "type": "delete-node",
      "node": {
        "label": "if",
        "type": "If"
      },
      "location-before-char-start": 6325,
      "location-before-char-end": 6492,
      "node-str": "if"
    },
    {
      "type": "delete-node",
      "node": {
        "label": "createLinkTarget",
        "type": "Method"
      },
      "location-before-char-start": 6210,
      "location-before-char-end": 6494,
      "node-str": "createLinkTarget"
    },
    {
      "type": "delete-node",
      "node": {
        "label": "org.eclipse.core.runtime.IPath",
        "type": "RETURN_TYPE"
      },
      "location-before-char-start": 0,
      "location-before-char-end": 0,
      "node-str": "org.eclipse.core.runtime.IPath"
    },
    {
      "type": "delete-node",
      "node": {
        "label": "public",
        "type": "Modifier"
      },
      "location-before-char-start": 0,
      "location-before-char-end": 0,
      "node-str": "public"
    },
    {
      "type": "delete-node",
      "node": {
        "label": "org.eclipse.ui.dialogs.WizardNewFileCreationPage",
        "type": "TypeAccess"
      },
      "location-before-char-start": 0,
      "location-before-char-end": 0,
      "node-str": "org.eclipse.ui.dialogs.WizardNewFileCreationPage"
    },
    {
      "type": "delete-node",
      "node": {
        "label": "resourceGroup",
        "type": "FieldRead"
      },
      "location-before-char-start": 9721,
      "location-before-char-end": 9733,
      "node-str": "resourceGroup"
    },
    {
      "type": "delete-node",
      "node": {
        "label": "getContainerFullPath",
        "type": "Invocation"
      },
      "location-before-char-start": 9721,
      "location-before-char-end": 9756,
      "node-str": "getContainerFullPath"
    },
    {
      "type": "delete-node",
      "node": {
        "label": "return",
        "type": "Return"
      },
      "location-before-char-start": 9714,
      "location-before-char-end": 9757,
      "node-str": "return"
    },
    {
      "type": "delete-node",
      "node": {
        "label": "getContainerFullPath",
        "type": "Method"
      },
      "location-before-char-start": 9418,
      "location-before-char-end": 9759,
      "node-str": "getContainerFullPath"
    },
    {
      "type": "delete-node",
      "node": {
        "label": "java.io.InputStream",
        "type": "RETURN_TYPE"
      },
      "location-before-char-start": 0,
      "location-before-char-end": 0,
      "node-str": "java.io.InputStream"
    },
    {
      "type": "delete-node",
      "node": {
        "label": "protected",
        "type": "Modifier"
      },
      "location-before-char-start": 0,
      "location-before-char-end": 0,
      "node-str": "protected"
    },
    {
      "type": "delete-node",
      "node": {
        "label": "null",
        "type": "Literal"
      },
      "location-before-char-start": 10437,
      "location-before-char-end": 10440,
      "node-str": "null"
    },
    {
      "type": "delete-node",
      "node": {
        "label": "return",
        "type": "Return"
      },
      "location-before-char-start": 10430,
      "location-before-char-end": 10441,
      "node-str": "return"
    },
    {
      "type": "delete-node",
      "node": {
        "label": "getInitialContents",
        "type": "Method"
      },
      "location-before-char-start": 10100,
      "location-before-char-end": 10443,
      "node-str": "getInitialContents"
    },
    {
      "type": "delete-node",
      "node": {
        "label": "java.lang.String",
        "type": "RETURN_TYPE"
      },
      "location-before-char-start": 0,
      "location-before-char-end": 0,
      "node-str": "java.lang.String"
    },
    {
      "type": "delete-node",
      "node": {
        "label": "protected",
        "type": "Modifier"
      },
      "location-before-char-start": 0,
      "location-before-char-end": 0,
      "node-str": "protected"
    },
    {
      "type": "delete-node",
      "node": {
        "label": "WorkbenchMessages",
        "type": "TypeAccess"
      },
      "location-before-char-start": 10730,
      "location-before-char-end": 10746,
      "node-str": "WorkbenchMessages"
    },
    {
      "type": "delete-node",
      "node": {
        "label": "\"WizardNewFileCreationPage.fileLabel\"",
        "type": "Literal"
      },
      "location-before-char-start": 10758,
      "location-before-char-end": 10794,
      "node-str": "\"WizardNewFileCreationPage.fileLabel\""
    },
    {
      "type": "delete-node",
      "node": {
        "label": "getString",
        "type": "Invocation"
      },
      "location-before-char-start": 10730,
      "location-before-char-end": 10795,
      "node-str": "getString"
    },
    {
      "type": "delete-node",
      "node": {
        "label": "return",
        "type": "Return"
      },
      "location-before-char-start": 10723,
      "location-before-char-end": 10796,
      "node-str": "return"
    },
    {
      "type": "delete-node",
      "node": {
        "label": "getNewFileLabel",
        "type": "Method"
      },
      "location-before-char-start": 10445,
      "location-before-char-end": 10812,
      "node-str": "getNewFileLabel"
    },
    {
      "type": "delete-node",
      "node": {
        "label": "void",
        "type": "RETURN_TYPE"
      },
      "location-before-char-start": 0,
      "location-before-char-end": 0,
      "node-str": "void"
    },
    {
      "type": "delete-node",
      "node": {
        "label": "public",
        "type": "Modifier"
      },
      "location-before-char-start": 0,
      "location-before-char-end": 0,
      "node-str": "public"
    },
    {
      "type": "delete-node",
      "node": {
        "label": "Event",
        "type": "VARIABLE_TYPE"
      },
      "location-before-char-start": 0,
      "location-before-char-end": 0,
      "node-str": "Event"
    },
    {
      "type": "delete-node",
      "node": {
        "label": "event",
        "type": "Parameter"
      },
      "location-before-char-start": 12528,
      "location-before-char-end": 12538,
      "node-str": "event"
    },
    {
      "type": "delete-node",
      "node": {
        "label": "org.eclipse.ui.dialogs.WizardNewFileCreationPage",
        "type": "TypeAccess"
      },
      "location-before-char-start": 0,
      "location-before-char-end": 0,
      "node-str": "org.eclipse.ui.dialogs.WizardNewFileCreationPage"
    },
    {
      "type": "delete-node",
      "node": {
        "label": "org.eclipse.ui.dialogs.WizardNewFileCreationPage",
        "type": "TypeAccess"
      },
      "location-before-char-start": 0,
      "location-before-char-end": 0,
      "node-str": "org.eclipse.ui.dialogs.WizardNewFileCreationPage"
    },
    {
      "type": "delete-node",
      "node": {
        "label": "validatePage",
        "type": "Invocation"
      },
      "location-before-char-start": 12560,
      "location-before-char-end": 12573,
      "node-str": "validatePage"
    },
    {
      "type": "delete-node",
      "node": {
        "label": "setPageComplete",
        "type": "Invocation"
      },
      "location-before-char-start": 12544,
      "location-before-char-end": 12575,
      "node-str": "setPageComplete"
    },
    {
      "type": "delete-node",
      "node": {
        "label": "handleEvent",
        "type": "Method"
      },
      "location-before-char-start": 12306,
      "location-before-char-end": 12577,
      "node-str": "handleEvent"
    },
    {
      "type": "delete-node",
      "node": {
        "label": "void",
        "type": "RETURN_TYPE"
      },
      "location-before-char-start": 0,
      "location-before-char-end": 0,
      "node-str": "void"
    },
    {
      "type": "delete-node",
      "node": {
        "label": "protected",
        "type": "Modifier"
      },
      "location-before-char-start": 0,
      "location-before-char-end": 0,
      "node-str": "protected"
    },
    {
      "type": "delete-node",
      "node": {
        "label": "org.eclipse.ui.dialogs.WizardNewFileCreationPage",
        "type": "TypeAccess"
      },
      "location-before-char-start": 0,
      "location-before-char-end": 0,
      "node-str": "org.eclipse.ui.dialogs.WizardNewFileCreationPage"
    },
    {
      "type": "delete-node",
      "node": {
        "label": "resourceGroup",
        "type": "FieldRead"
      },
      "location-before-char-start": 12848,
      "location-before-char-end": 12860,
      "node-str": "resourceGroup"
    },
    {
      "type": "delete-node",
      "node": {
        "label": "org.eclipse.ui.dialogs.WizardNewFileCreationPage",
        "type": "TypeAccess"
      },
      "location-before-char-start": 0,
      "location-before-char-end": 0,
      "node-str": "org.eclipse.ui.dialogs.WizardNewFileCreationPage"
    },
    {
      "type": "delete-node",
      "node": {
        "label": "initialContainerFullPath",
        "type": "FieldRead"
      },
      "location-before-char-start": 12883,
      "location-before-char-end": 12906,
      "node-str": "initialContainerFullPath"
    },
    {
      "type": "delete-node",
      "node": {
        "label": "setContainerFullPath",
        "type": "Invocation"
      },
      "location-before-char-start": 12848,
      "location-before-char-end": 12908,
      "node-str": "setContainerFullPath"
    },
    {
      "type": "delete-node",
      "node": {
        "label": "Iterator",
        "type": "FieldWrite"
      },
      "location-before-char-start": 12920,
      "location-before-char-end": 12927,
      "node-str": "Iterator"
    },
    {
      "type": "delete-node",
      "node": {
        "label": "org.eclipse.ui.dialogs.WizardNewFileCreationPage",
        "type": "TypeAccess"
      },
      "location-before-char-start": 0,
      "location-before-char-end": 0,
      "node-str": "org.eclipse.ui.dialogs.WizardNewFileCreationPage"
    },
    {
      "type": "delete-node",
      "node": {
        "label": "currentSelection",
        "type": "FieldRead"
      },
      "location-before-char-start": 12936,
      "location-before-char-end": 12951,
      "node-str": "currentSelection"
    },
    {
      "type": "delete-node",
      "node": {
        "label": "iterator",
        "type": "Invocation"
      },
      "location-before-char-start": 12936,
      "location-before-char-end": 12962,
      "node-str": "iterator"
    },
    {
      "type": "delete-node",
      "node": {
        "label": "\u003d",
        "type": "Assignment"
      },
      "location-before-char-start": 12920,
      "location-before-char-end": 12963,
      "node-str": "\u003d"
    },
    {
      "type": "delete-node",
      "node": {
        "label": "initialPopulateContainerNameField",
        "type": "Method"
      },
      "location-before-char-start": 12579,
      "location-before-char-end": 13543,
      "node-str": "initialPopulateContainerNameField"
    }
  ],
  "before-file": {},
  "after-file": {},
  "mapping": {}
}