{
  "tool-info": {},
  "diff": [
    {
      "type": "insert-node",
      "node": {
        "label": "createChildren",
        "type": "Method"
      },
      "location-after-char-start": 2523,
      "location-after-char-end": 3105,
      "node-str": "createChildren"
    },
    {
      "type": "update-node",
      "node": {
        "label": "keyPressed",
        "type": "Method"
      },
      "location-before-char-start": 2606,
      "location-before-char-end": 3222,
      "location-after-char-start": 3110,
      "location-after-char-end": 3604,
      "node-str": "deleteJob"
    },
    {
      "type": "move-subtree",
      "node": {
        "label": "keyPressed",
        "type": "Method"
      },
      "location-before-char-start": 2606,
      "location-before-char-end": 3222,
      "location-after-char-start": 3110,
      "location-after-char-end": 3604,
      "node-str": "deleteJob"
    },
    {
      "type": "move-subtree",
      "node": {
        "label": "void",
        "type": "RETURN_TYPE"
      },
      "location-before-char-start": 0,
      "location-before-char-end": 0,
      "location-after-char-start": 0,
      "location-after-char-end": 0,
      "node-str": "void"
    },
    {
      "type": "move-subtree",
      "node": {
        "label": "protected",
        "type": "Modifier"
      },
      "location-before-char-start": 0,
      "location-before-char-end": 0,
      "location-after-char-start": 0,
      "location-after-char-end": 0,
      "node-str": "protected"
    },
    {
      "type": "move-subtree",
      "node": {
        "label": "widget",
        "type": "Parameter"
      },
      "location-before-char-start": 2508,
      "location-before-char-end": 2520,
      "location-after-char-start": 2686,
      "location-after-char-end": 2698,
      "node-str": "widget"
    },
    {
      "type": "move-subtree",
      "node": {
        "label": "createChildren",
        "type": "Invocation"
      },
      "location-before-char-start": 2527,
      "location-before-char-end": 2555,
      "location-after-char-start": 2705,
      "location-after-char-end": 2733,
      "node-str": "createChildren"
    },
    {
      "type": "insert-node",
      "node": {
        "label": "addKeyListener",
        "type": "Invocation"
      },
      "location-after-char-start": 2740,
      "location-after-char-end": 3102,
      "node-str": "addKeyListener"
    },
    {
      "type": "insert-node",
      "node": {
        "label": "selection",
        "type": "Parameter"
      },
      "location-after-char-start": 3255,
      "location-after-char-end": 3274,
      "node-str": "selection"
    },
    {
      "type": "move-subtree",
      "node": {
        "label": "if",
        "type": "If"
      },
      "location-before-char-start": 2881,
      "location-before-char-end": 3211,
      "location-after-char-start": 3285,
      "location-after-char-end": 3598,
      "node-str": "if"
    },
    {
      "type": "move-subtree",
      "node": {
        "label": "getTree",
        "type": "Invocation"
      },
      "location-before-char-start": 2559,
      "location-before-char-end": 2567,
      "location-after-char-start": 2740,
      "location-after-char-end": 2748,
      "node-str": "getTree"
    },
    {
      "type": "insert-node",
      "node": {
        "label": "org.eclipse.swt.events.KeyAdapter()",
        "type": "NewClass"
      },
      "location-after-char-start": 2765,
      "location-after-char-end": 3100,
      "node-str": "org.eclipse.swt.events.KeyAdapter()"
    },
    {
      "type": "insert-node",
      "node": {
        "label": "org.eclipse.jface.viewers.ISelection",
        "type": "VARIABLE_TYPE"
      },
      "location-after-char-start": 0,
      "location-after-char-end": 0,
      "node-str": "org.eclipse.jface.viewers.ISelection"
    },
    {
      "type": "insert-node",
      "node": {
        "label": "1",
        "type": "Class"
      },
      "location-after-char-start": 2782,
      "location-after-char-end": 3100,
      "node-str": "1"
    },
    {
      "type": "move-subtree",
      "node": {
        "label": "",
        "type": "TypeReference"
      },
      "location-before-char-start": 0,
      "location-before-char-end": 0,
      "location-after-char-start": 0,
      "location-after-char-end": 0,
      "node-str": ""
    },
    {
      "type": "insert-node",
      "node": {
        "label": "keyPressed",
        "type": "Method"
      },
      "location-after-char-start": 2787,
      "location-after-char-end": 3096,
      "node-str": "keyPressed"
    },
    {
      "type": "insert-node",
      "node": {
        "label": "void",
        "type": "RETURN_TYPE"
      },
      "location-after-char-start": 0,
      "location-after-char-end": 0,
      "node-str": "void"
    },
    {
      "type": "insert-node",
      "node": {
        "label": "public",
        "type": "Modifier"
      },
      "location-after-char-start": 0,
      "location-after-char-end": 0,
      "node-str": "public"
    },
    {
      "type": "move-subtree",
      "node": {
        "label": "e",
        "type": "Parameter"
      },
      "location-before-char-start": 2758,
      "location-before-char-end": 2767,
      "location-after-char-start": 2939,
      "location-after-char-end": 2948,
      "node-str": "e"
    },
    {
      "type": "insert-node",
      "node": {
        "label": "if",
        "type": "If"
      },
      "location-after-char-start": 2985,
      "location-after-char-end": 3091,
      "node-str": "if"
    },
    {
      "type": "move-subtree",
      "node": {
        "label": "EQ",
        "type": "BinaryOperator"
      },
      "location-before-char-start": 2808,
      "location-before-char-end": 2827,
      "location-after-char-start": 2989,
      "location-after-char-end": 3008,
      "node-str": "EQ"
    },
    {
      "type": "insert-node",
      "node": {
        "label": "THEN",
        "type": "then"
      },
      "location-after-char-start": 3011,
      "location-after-char-end": 3091,
      "node-str": "THEN"
    },
    {
      "type": "move-subtree",
      "node": {
        "label": "selection",
        "type": "LocalVariable"
      },
      "location-before-char-start": 2837,
      "location-before-char-end": 2874,
      "location-after-char-start": 3018,
      "location-after-char-end": 3055,
      "node-str": "selection"
    },
    {
      "type": "insert-node",
      "node": {
        "label": "deleteJob",
        "type": "Invocation"
      },
      "location-after-char-start": 3064,
      "location-after-char-end": 3084,
      "node-str": "deleteJob"
    },
    {
      "type": "insert-node",
      "node": {
        "label": "org.eclipse.ui.internal.progress.ProgressTreeViewer$1",
        "type": "TypeAccess"
      },
      "location-after-char-start": 0,
      "location-after-char-end": 0,
      "node-str": "org.eclipse.ui.internal.progress.ProgressTreeViewer$1"
    },
    {
      "type": "insert-node",
      "node": {
        "label": "selection",
        "type": "VariableRead"
      },
      "location-after-char-start": 3074,
      "location-after-char-end": 3082,
      "node-str": "selection"
    },
    {
      "type": "delete-node",
      "node": {
        "label": "THEN",
        "type": "then"
      },
      "location-before-char-start": 2830,
      "location-before-char-end": 3217,
      "node-str": "THEN"
    },
    {
      "type": "delete-node",
      "node": {
        "label": "if",
        "type": "If"
      },
      "location-before-char-start": 2804,
      "location-before-char-end": 3217,
      "node-str": "if"
    },
    {
      "type": "delete-node",
      "node": {
        "label": "1",
        "type": "Class"
      },
      "location-before-char-start": 2601,
      "location-before-char-end": 3226,
      "node-str": "1"
    },
    {
      "type": "delete-node",
      "node": {
        "label": "org.eclipse.swt.events.KeyAdapter()",
        "type": "NewClass"
      },
      "location-before-char-start": 2584,
      "location-before-char-end": 3226,
      "node-str": "org.eclipse.swt.events.KeyAdapter()"
    },
    {
      "type": "delete-node",
      "node": {
        "label": "addKeyListener",
        "type": "Invocation"
      },
      "location-before-char-start": 2559,
      "location-before-char-end": 3228,
      "node-str": "addKeyListener"
    },
    {
      "type": "delete-node",
      "node": {
        "label": "createChildren",
        "type": "Method"
      },
      "location-before-char-start": 2345,
      "location-before-char-end": 3231,
      "node-str": "createChildren"
    }
  ],
  "before-file": {},
  "after-file": {},
  "mapping": {}
}