{
  "tool-info": {},
  "diff": [
    {
      "type": "insert-node",
      "node": {
        "label": "public",
        "type": "Modifier"
      },
      "location-after-char-start": 0,
      "location-after-char-end": 0,
      "node-str": "public"
    },
    {
      "type": "insert-node",
      "node": {
        "label": "",
        "type": "TypeReference"
      },
      "location-after-char-start": 2782,
      "location-after-char-end": 2800,
      "node-str": ""
    },
    {
      "type": "insert-node",
      "node": {
        "label": "_srcMult",
        "type": "Field"
      },
      "location-after-char-start": 2950,
      "location-after-char-end": 2977,
      "node-str": "_srcMult"
    },
    {
      "type": "insert-node",
      "node": {
        "label": "_srcRole",
        "type": "Field"
      },
      "location-after-char-start": 2950,
      "location-after-char-end": 2986,
      "node-str": "_srcRole"
    },
    {
      "type": "insert-node",
      "node": {
        "label": "_destMult",
        "type": "Field"
      },
      "location-after-char-start": 2990,
      "location-after-char-end": 3018,
      "node-str": "_destMult"
    },
    {
      "type": "insert-node",
      "node": {
        "label": "_destRole",
        "type": "Field"
      },
      "location-after-char-start": 2990,
      "location-after-char-end": 3028,
      "node-str": "_destRole"
    },
    {
      "type": "insert-node",
      "node": {
        "label": "org.argouml.uml.diagram.ui.FigEdgeModelElement",
        "type": "SUPER_TYPE"
      },
      "location-after-char-start": 0,
      "location-after-char-end": 0,
      "node-str": "org.argouml.uml.diagram.ui.FigEdgeModelElement"
    },
    {
      "type": "insert-node",
      "node": {
        "label": "org.argouml.uml.diagram.sequence.ui.FigText",
        "type": "VARIABLE_TYPE"
      },
      "location-after-char-start": 0,
      "location-after-char-end": 0,
      "node-str": "org.argouml.uml.diagram.sequence.ui.FigText"
    },
    {
      "type": "insert-node",
      "node": {
        "label": "protected",
        "type": "Modifier"
      },
      "location-after-char-start": 0,
      "location-after-char-end": 0,
      "node-str": "protected"
    },
    {
      "type": "insert-node",
      "node": {
        "label": "org.argouml.uml.diagram.sequence.ui.FigText",
        "type": "VARIABLE_TYPE"
      },
      "location-after-char-start": 0,
      "location-after-char-end": 0,
      "node-str": "org.argouml.uml.diagram.sequence.ui.FigText"
    },
    {
      "type": "insert-node",
      "node": {
        "label": "protected",
        "type": "Modifier"
      },
      "location-after-char-start": 0,
      "location-after-char-end": 0,
      "node-str": "protected"
    },
    {
      "type": "insert-node",
      "node": {
        "label": "org.argouml.uml.diagram.sequence.ui.FigText",
        "type": "VARIABLE_TYPE"
      },
      "location-after-char-start": 0,
      "location-after-char-end": 0,
      "node-str": "org.argouml.uml.diagram.sequence.ui.FigText"
    },
    {
      "type": "insert-node",
      "node": {
        "label": "protected",
        "type": "Modifier"
      },
      "location-after-char-start": 0,
      "location-after-char-end": 0,
      "node-str": "protected"
    },
    {
      "type": "insert-node",
      "node": {
        "label": "org.argouml.uml.diagram.sequence.ui.FigText",
        "type": "VARIABLE_TYPE"
      },
      "location-after-char-start": 0,
      "location-after-char-end": 0,
      "node-str": "org.argouml.uml.diagram.sequence.ui.FigText"
    },
    {
      "type": "insert-node",
      "node": {
        "label": "protected",
        "type": "Modifier"
      },
      "location-after-char-start": 0,
      "location-after-char-end": 0,
      "node-str": "protected"
    },
    {
      "type": "insert-node",
      "node": {
        "label": "void",
        "type": "RETURN_TYPE"
      },
      "location-after-char-start": 0,
      "location-after-char-end": 0,
      "node-str": "void"
    },
    {
      "type": "insert-node",
      "node": {
        "label": "public",
        "type": "Modifier"
      },
      "location-after-char-start": 0,
      "location-after-char-end": 0,
      "node-str": "public"
    },
    {
      "type": "insert-node",
      "node": {
        "label": "fso",
        "type": "Parameter"
      },
      "location-after-char-start": 10136,
      "location-after-char-end": 10151,
      "node-str": "fso"
    },
    {
      "type": "insert-node",
      "node": {
        "label": "sourcePort",
        "type": "Parameter"
      },
      "location-after-char-start": 10154,
      "location-after-char-end": 10176,
      "node-str": "sourcePort"
    },
    {
      "type": "insert-node",
      "node": {
        "label": "destPort",
        "type": "Parameter"
      },
      "location-after-char-start": 10179,
      "location-after-char-end": 10199,
      "node-str": "destPort"
    },
    {
      "type": "insert-node",
      "node": {
        "label": "portNumber",
        "type": "Parameter"
      },
      "location-after-char-start": 10202,
      "location-after-char-end": 10215,
      "node-str": "portNumber"
    },
    {
      "type": "insert-node",
      "node": {
        "label": "void",
        "type": "RETURN_TYPE"
      },
      "location-after-char-start": 0,
      "location-after-char-end": 0,
      "node-str": "void"
    },
    {
      "type": "insert-node",
      "node": {
        "label": "public",
        "type": "Modifier"
      },
      "location-after-char-start": 0,
      "location-after-char-end": 0,
      "node-str": "public"
    },
    {
      "type": "insert-node",
      "node": {
        "label": "sourceObj",
        "type": "Parameter"
      },
      "location-after-char-start": 17644,
      "location-after-char-end": 17665,
      "node-str": "sourceObj"
    },
    {
      "type": "insert-node",
      "node": {
        "label": "destObj",
        "type": "Parameter"
      },
      "location-after-char-start": 17668,
      "location-after-char-end": 17687,
      "node-str": "destObj"
    },
    {
      "type": "insert-node",
      "node": {
        "label": "sourceFig",
        "type": "Parameter"
      },
      "location-after-char-start": 17693,
      "location-after-char-end": 17712,
      "node-str": "sourceFig"
    },
    {
      "type": "insert-node",
      "node": {
        "label": "destFig",
        "type": "Parameter"
      },
      "location-after-char-start": 17715,
      "location-after-char-end": 17732,
      "node-str": "destFig"
    },
    {
      "type": "insert-node",
      "node": {
        "label": "contents",
        "type": "Parameter"
      },
      "location-after-char-start": 17735,
      "location-after-char-end": 17749,
      "node-str": "contents"
    },
    {
      "type": "insert-node",
      "node": {
        "label": "size",
        "type": "Parameter"
      },
      "location-after-char-start": 17752,
      "location-after-char-end": 17759,
      "node-str": "size"
    },
    {
      "type": "insert-node",
      "node": {
        "label": "portNumber",
        "type": "Parameter"
      },
      "location-after-char-start": 17762,
      "location-after-char-end": 17775,
      "node-str": "portNumber"
    },
    {
      "type": "insert-node",
      "node": {
        "label": "void",
        "type": "RETURN_TYPE"
      },
      "location-after-char-start": 0,
      "location-after-char-end": 0,
      "node-str": "void"
    },
    {
      "type": "insert-node",
      "node": {
        "label": "public",
        "type": "Modifier"
      },
      "location-after-char-start": 0,
      "location-after-char-end": 0,
      "node-str": "public"
    },
    {
      "type": "insert-node",
      "node": {
        "label": "sourceObj",
        "type": "Parameter"
      },
      "location-after-char-start": 21544,
      "location-after-char-end": 21565,
      "node-str": "sourceObj"
    },
    {
      "type": "insert-node",
      "node": {
        "label": "destObj",
        "type": "Parameter"
      },
      "location-after-char-start": 21568,
      "location-after-char-end": 21587,
      "node-str": "destObj"
    },
    {
      "type": "insert-node",
      "node": {
        "label": "sourceFig",
        "type": "Parameter"
      },
      "location-after-char-start": 21593,
      "location-after-char-end": 21609,
      "node-str": "sourceFig"
    },
    {
      "type": "insert-node",
      "node": {
        "label": "destFig",
        "type": "Parameter"
      },
      "location-after-char-start": 21612,
      "location-after-char-end": 21626,
      "node-str": "destFig"
    },
    {
      "type": "insert-node",
      "node": {
        "label": "contents",
        "type": "Parameter"
      },
      "location-after-char-start": 21629,
      "location-after-char-end": 21643,
      "node-str": "contents"
    },
    {
      "type": "insert-node",
      "node": {
        "label": "size",
        "type": "Parameter"
      },
      "location-after-char-start": 21646,
      "location-after-char-end": 21653,
      "node-str": "size"
    },
    {
      "type": "insert-node",
      "node": {
        "label": "portNumber",
        "type": "Parameter"
      },
      "location-after-char-start": 21656,
      "location-after-char-end": 21669,
      "node-str": "portNumber"
    },
    {
      "type": "insert-node",
      "node": {
        "label": "fso",
        "type": "LocalVariable"
      },
      "location-after-char-start": 21765,
      "location-after-char-end": 21788,
      "node-str": "fso"
    },
    {
      "type": "update-node",
      "node": {
        "label": "org.tigris.gef.presentation.FigText(int,int,int,int)",
        "type": "ConstructorCall"
      },
      "location-before-char-start": 4118,
      "location-before-char-end": 4144,
      "location-after-char-start": 3130,
      "location-after-char-end": 3156,
      "node-str": "FigText(int,int,int,int)"
    },
    {
      "type": "update-node",
      "node": {
        "label": "org.argouml.uml.diagram.sequence.ui.LABEL_FONT",
        "type": "TypeAccess"
      },
      "location-before-char-start": 4168,
      "location-before-char-end": 4177,
      "location-after-char-start": 3180,
      "location-after-char-end": 3189,
      "node-str": "LABEL_FONT"
    },
    {
      "type": "update-node",
      "node": {
        "label": "org.tigris.gef.presentation.FigText(int,int,int,int)",
        "type": "ConstructorCall"
      },
      "location-before-char-start": 4407,
      "location-before-char-end": 4433,
      "location-after-char-start": 3419,
      "location-after-char-end": 3445,
      "node-str": "FigText(int,int,int,int)"
    },
    {
      "type": "update-node",
      "node": {
        "label": "org.argouml.uml.diagram.sequence.ui.LABEL_FONT",
        "type": "TypeAccess"
      },
      "location-before-char-start": 4457,
      "location-before-char-end": 4466,
      "location-after-char-start": 3469,
      "location-after-char-end": 3478,
      "node-str": "LABEL_FONT"
    },
    {
      "type": "update-node",
      "node": {
        "label": "org.tigris.gef.presentation.FigText(int,int,int,int)",
        "type": "ConstructorCall"
      },
      "location-before-char-start": 4699,
      "location-before-char-end": 4725,
      "location-after-char-start": 3711,
      "location-after-char-end": 3737,
      "node-str": "FigText(int,int,int,int)"
    },
    {
      "type": "update-node",
      "node": {
        "label": "org.argouml.uml.diagram.sequence.ui.LABEL_FONT",
        "type": "TypeAccess"
      },
      "location-before-char-start": 4750,
      "location-before-char-end": 4759,
      "location-after-char-start": 3762,
      "location-after-char-end": 3771,
      "node-str": "LABEL_FONT"
    },
    {
      "type": "update-node",
      "node": {
        "label": "org.tigris.gef.presentation.FigText(int,int,int,int)",
        "type": "ConstructorCall"
      },
      "location-before-char-start": 4998,
      "location-before-char-end": 5024,
      "location-after-char-start": 4010,
      "location-after-char-end": 4036,
      "node-str": "FigText(int,int,int,int)"
    },
    {
      "type": "update-node",
      "node": {
        "label": "org.argouml.uml.diagram.sequence.ui.LABEL_FONT",
        "type": "TypeAccess"
      },
      "location-before-char-start": 5049,
      "location-before-char-end": 5058,
      "location-after-char-start": 4061,
      "location-after-char-end": 4070,
      "node-str": "LABEL_FONT"
    },
    {
      "type": "update-node",
      "node": {
        "label": "org.tigris.gef.presentation.FigText",
        "type": "VARIABLE_TYPE"
      },
      "location-before-char-start": 0,
      "location-before-char-end": 0,
      "location-after-char-start": 0,
      "location-after-char-end": 0,
      "node-str": "FigText"
    },
    {
      "type": "update-node",
      "node": {
        "label": "ru.novosoft.uml.behavior.common_behavior.MLink",
        "type": "VARIABLE_TYPE"
      },
      "location-before-char-start": 0,
      "location-before-char-end": 0,
      "location-after-char-start": 0,
      "location-after-char-end": 0,
      "node-str": "MLink"
    },
    {
      "type": "update-node",
      "node": {
        "label": "ru.novosoft.uml.behavior.common_behavior.MLink",
        "type": "VARIABLE_TYPE"
      },
      "location-before-char-start": 0,
      "location-before-char-end": 0,
      "location-after-char-start": 0,
      "location-after-char-end": 0,
      "node-str": "MLink"
    },
    {
      "type": "update-node",
      "node": {
        "label": "ru.novosoft.uml.behavior.common_behavior.MLinkEnd",
        "type": "VARIABLE_TYPE"
      },
      "location-before-char-start": 0,
      "location-before-char-end": 0,
      "location-after-char-start": 0,
      "location-after-char-end": 0,
      "node-str": "MLinkEnd"
    },
    {
      "type": "update-node",
      "node": {
        "label": "ru.novosoft.uml.behavior.common_behavior.MLinkEnd",
        "type": "VARIABLE_TYPE"
      },
      "location-before-char-start": 0,
      "location-before-char-end": 0,
      "location-after-char-start": 0,
      "location-after-char-end": 0,
      "node-str": "MLinkEnd"
    },
    {
      "type": "update-node",
      "node": {
        "label": "ru.novosoft.uml.behavior.common_behavior.MLinkEnd",
        "type": "VARIABLE_TYPE"
      },
      "location-before-char-start": 0,
      "location-before-char-end": 0,
      "location-after-char-start": 0,
      "location-after-char-end": 0,
      "node-str": "MLinkEnd"
    },
    {
      "type": "update-node",
      "node": {
        "label": "ru.novosoft.uml.behavior.common_behavior.MLinkEnd",
        "type": "VARIABLE_TYPE"
      },
      "location-before-char-start": 0,
      "location-before-char-end": 0,
      "location-after-char-start": 0,
      "location-after-char-end": 0,
      "node-str": "MLinkEnd"
    },
    {
      "type": "update-node",
      "node": {
        "label": "ru.novosoft.uml.behavior.common_behavior.MObject",
        "type": "VARIABLE_TYPE"
      },
      "location-before-char-start": 0,
      "location-before-char-end": 0,
      "location-after-char-start": 0,
      "location-after-char-end": 0,
      "node-str": "MObject"
    },
    {
      "type": "update-node",
      "node": {
        "label": "ru.novosoft.uml.behavior.common_behavior.MObject",
        "type": "VARIABLE_TYPE"
      },
      "location-before-char-start": 0,
      "location-before-char-end": 0,
      "location-after-char-start": 0,
      "location-after-char-end": 0,
      "node-str": "MObject"
    },
    {
      "type": "update-node",
      "node": {
        "label": "ru.novosoft.uml.behavior.common_behavior.MLink",
        "type": "VARIABLE_TYPE"
      },
      "location-before-char-start": 0,
      "location-before-char-end": 0,
      "location-after-char-start": 0,
      "location-after-char-end": 0,
      "node-str": "MLink"
    },
    {
      "type": "update-node",
      "node": {
        "label": "ru.novosoft.uml.behavior.common_behavior.MLink",
        "type": "VARIABLE_TYPE"
      },
      "location-before-char-start": 0,
      "location-before-char-end": 0,
      "location-after-char-start": 0,
      "location-after-char-end": 0,
      "node-str": "MLink"
    },
    {
      "type": "insert-node",
      "node": {
        "label": "FigSeqObject",
        "type": "VARIABLE_TYPE"
      },
      "location-after-char-start": 0,
      "location-after-char-end": 0,
      "node-str": "FigSeqObject"
    },
    {
      "type": "insert-node",
      "node": {
        "label": "FigSeqObject",
        "type": "VARIABLE_TYPE"
      },
      "location-after-char-start": 0,
      "location-after-char-end": 0,
      "node-str": "FigSeqObject"
    },
    {
      "type": "insert-node",
      "node": {
        "label": "FigSeqObject",
        "type": "VARIABLE_TYPE"
      },
      "location-after-char-start": 0,
      "location-after-char-end": 0,
      "node-str": "FigSeqObject"
    },
    {
      "type": "insert-node",
      "node": {
        "label": "int",
        "type": "VARIABLE_TYPE"
      },
      "location-after-char-start": 0,
      "location-after-char-end": 0,
      "node-str": "int"
    },
    {
      "type": "insert-node",
      "node": {
        "label": "FigSeqObject",
        "type": "VARIABLE_TYPE"
      },
      "location-after-char-start": 0,
      "location-after-char-end": 0,
      "node-str": "FigSeqObject"
    },
    {
      "type": "insert-node",
      "node": {
        "label": "FigSeqObject",
        "type": "VARIABLE_TYPE"
      },
      "location-after-char-start": 0,
      "location-after-char-end": 0,
      "node-str": "FigSeqObject"
    },
    {
      "type": "insert-node",
      "node": {
        "label": "FigDynPort",
        "type": "VARIABLE_TYPE"
      },
      "location-after-char-start": 0,
      "location-after-char-end": 0,
      "node-str": "FigDynPort"
    },
    {
      "type": "insert-node",
      "node": {
        "label": "FigDynPort",
        "type": "VARIABLE_TYPE"
      },
      "location-after-char-start": 0,
      "location-after-char-end": 0,
      "node-str": "FigDynPort"
    },
    {
      "type": "insert-node",
      "node": {
        "label": "java.util.Vector",
        "type": "VARIABLE_TYPE"
      },
      "location-after-char-start": 0,
      "location-after-char-end": 0,
      "node-str": "java.util.Vector"
    },
    {
      "type": "insert-node",
      "node": {
        "label": "int",
        "type": "VARIABLE_TYPE"
      },
      "location-after-char-start": 0,
      "location-after-char-end": 0,
      "node-str": "int"
    },
    {
      "type": "insert-node",
      "node": {
        "label": "int",
        "type": "VARIABLE_TYPE"
      },
      "location-after-char-start": 0,
      "location-after-char-end": 0,
      "node-str": "int"
    },
    {
      "type": "insert-node",
      "node": {
        "label": "FigSeqObject",
        "type": "VARIABLE_TYPE"
      },
      "location-after-char-start": 0,
      "location-after-char-end": 0,
      "node-str": "FigSeqObject"
    },
    {
      "type": "insert-node",
      "node": {
        "label": "FigSeqObject",
        "type": "VARIABLE_TYPE"
      },
      "location-after-char-start": 0,
      "location-after-char-end": 0,
      "node-str": "FigSeqObject"
    },
    {
      "type": "insert-node",
      "node": {
        "label": "FigRect",
        "type": "VARIABLE_TYPE"
      },
      "location-after-char-start": 0,
      "location-after-char-end": 0,
      "node-str": "FigRect"
    },
    {
      "type": "insert-node",
      "node": {
        "label": "FigRect",
        "type": "VARIABLE_TYPE"
      },
      "location-after-char-start": 0,
      "location-after-char-end": 0,
      "node-str": "FigRect"
    },
    {
      "type": "insert-node",
      "node": {
        "label": "java.util.Vector",
        "type": "VARIABLE_TYPE"
      },
      "location-after-char-start": 0,
      "location-after-char-end": 0,
      "node-str": "java.util.Vector"
    },
    {
      "type": "insert-node",
      "node": {
        "label": "int",
        "type": "VARIABLE_TYPE"
      },
      "location-after-char-start": 0,
      "location-after-char-end": 0,
      "node-str": "int"
    },
    {
      "type": "insert-node",
      "node": {
        "label": "int",
        "type": "VARIABLE_TYPE"
      },
      "location-after-char-start": 0,
      "location-after-char-end": 0,
      "node-str": "int"
    },
    {
      "type": "insert-node",
      "node": {
        "label": "FigSeqObject",
        "type": "VARIABLE_TYPE"
      },
      "location-after-char-start": 0,
      "location-after-char-end": 0,
      "node-str": "FigSeqObject"
    },
    {
      "type": "insert-node",
      "node": {
        "label": "null",
        "type": "Literal"
      },
      "location-after-char-start": 21784,
      "location-after-char-end": 21787,
      "node-str": "null"
    },
    {
      "type": "insert-node",
      "node": {
        "label": "POSTINC",
        "type": "UnaryOperator"
      },
      "location-after-char-start": 21832,
      "location-after-char-end": 21834,
      "node-str": "POSTINC"
    },
    {
      "type": "update-node",
      "node": {
        "label": "ru.novosoft.uml.behavior.common_behavior.MLink",
        "type": "VARIABLE_TYPE"
      },
      "location-before-char-start": 0,
      "location-before-char-end": 0,
      "location-after-char-start": 0,
      "location-after-char-end": 0,
      "node-str": "MLink"
    },
    {
      "type": "update-node",
      "node": {
        "label": "org.argouml.uml.diagram.sequence.ui.FigSeqObject",
        "type": "VARIABLE_TYPE"
      },
      "location-before-char-start": 0,
      "location-before-char-end": 0,
      "location-after-char-start": 0,
      "location-after-char-end": 0,
      "node-str": "FigSeqObject"
    },
    {
      "type": "update-node",
      "node": {
        "label": "org.argouml.uml.diagram.sequence.ui.FigSeqObject",
        "type": "VARIABLE_TYPE"
      },
      "location-before-char-start": 0,
      "location-before-char-end": 0,
      "location-after-char-start": 0,
      "location-after-char-end": 0,
      "node-str": "FigSeqObject"
    },
    {
      "type": "update-node",
      "node": {
        "label": "org.tigris.gef.presentation.FigDynPort",
        "type": "VARIABLE_TYPE"
      },
      "location-before-char-start": 0,
      "location-before-char-end": 0,
      "location-after-char-start": 0,
      "location-after-char-end": 0,
      "node-str": "FigDynPort"
    },
    {
      "type": "update-node",
      "node": {
        "label": "org.tigris.gef.presentation.FigDynPort",
        "type": "VARIABLE_TYPE"
      },
      "location-before-char-start": 0,
      "location-before-char-end": 0,
      "location-after-char-start": 0,
      "location-after-char-end": 0,
      "node-str": "FigDynPort"
    },
    {
      "type": "update-node",
      "node": {
        "label": "org.tigris.gef.presentation.Fig",
        "type": "VARIABLE_TYPE"
      },
      "location-before-char-start": 0,
      "location-before-char-end": 0,
      "location-after-char-start": 0,
      "location-after-char-end": 0,
      "node-str": "Fig"
    },
    {
      "type": "insert-node",
      "node": {
        "label": "i",
        "type": "VariableWrite"
      },
      "location-after-char-start": 21832,
      "location-after-char-end": 21832,
      "node-str": "i"
    },
    {
      "type": "update-node",
      "node": {
        "label": "ru.novosoft.uml.behavior.common_behavior.MStimulus",
        "type": "VARIABLE_TYPE"
      },
      "location-before-char-start": 0,
      "location-before-char-end": 0,
      "location-after-char-start": 0,
      "location-after-char-end": 0,
      "node-str": "MStimulus"
    },
    {
      "type": "update-node",
      "node": {
        "label": "ru.novosoft.uml.behavior.common_behavior.MAction",
        "type": "VARIABLE_TYPE"
      },
      "location-before-char-start": 0,
      "location-before-char-end": 0,
      "location-after-char-start": 0,
      "location-after-char-end": 0,
      "node-str": "MAction"
    },
    {
      "type": "update-node",
      "node": {
        "label": "ru.novosoft.uml.behavior.common_behavior.MCallAction",
        "type": "VARIABLE_TYPE"
      },
      "location-before-char-start": 0,
      "location-before-char-end": 0,
      "location-after-char-start": 0,
      "location-after-char-end": 0,
      "node-str": "MCallAction"
    },
    {
      "type": "update-node",
      "node": {
        "label": "ru.novosoft.uml.behavior.common_behavior.MLinkEnd",
        "type": "VARIABLE_TYPE"
      },
      "location-before-char-start": 0,
      "location-before-char-end": 0,
      "location-after-char-start": 0,
      "location-after-char-end": 0,
      "node-str": "MLinkEnd"
    },
    {
      "type": "update-node",
      "node": {
        "label": "ru.novosoft.uml.behavior.common_behavior.MLinkEnd",
        "type": "VARIABLE_TYPE"
      },
      "location-before-char-start": 0,
      "location-before-char-end": 0,
      "location-after-char-start": 0,
      "location-after-char-end": 0,
      "node-str": "MLinkEnd"
    },
    {
      "type": "update-node",
      "node": {
        "label": "ru.novosoft.uml.behavior.common_behavior.MStimulus",
        "type": "VARIABLE_TYPE"
      },
      "location-before-char-start": 0,
      "location-before-char-end": 0,
      "location-after-char-start": 0,
      "location-after-char-end": 0,
      "node-str": "MStimulus"
    },
    {
      "type": "update-node",
      "node": {
        "label": "ru.novosoft.uml.behavior.common_behavior.MAction",
        "type": "VARIABLE_TYPE"
      },
      "location-before-char-start": 0,
      "location-before-char-end": 0,
      "location-after-char-start": 0,
      "location-after-char-end": 0,
      "node-str": "MAction"
    },
    {
      "type": "update-node",
      "node": {
        "label": "ru.novosoft.uml.behavior.common_behavior.MStimulus",
        "type": "VARIABLE_TYPE"
      },
      "location-before-char-start": 0,
      "location-before-char-end": 0,
      "location-after-char-start": 0,
      "location-after-char-end": 0,
      "node-str": "MStimulus"
    },
    {
      "type": "update-node",
      "node": {
        "label": "org.tigris.gef.presentation.FigRect",
        "type": "VARIABLE_TYPE"
      },
      "location-before-char-start": 0,
      "location-before-char-end": 0,
      "location-after-char-start": 0,
      "location-after-char-end": 0,
      "node-str": "FigRect"
    },
    {
      "type": "update-node",
      "node": {
        "label": "org.argouml.uml.diagram.sequence.ui.FigSeqStimulus",
        "type": "TypeAccess"
      },
      "location-before-char-start": 18275,
      "location-before-char-end": 18288,
      "location-after-char-start": 17287,
      "location-after-char-end": 17300,
      "node-str": "FigSeqStimulus"
    },
    {
      "type": "update-node",
      "node": {
        "label": "org.argouml.uml.diagram.sequence.ui.FigSeqObject",
        "type": "TypeAccess"
      },
      "location-before-char-start": 20631,
      "location-before-char-end": 20642,
      "location-after-char-start": 19643,
      "location-after-char-end": 19654,
      "node-str": "FigSeqObject"
    },
    {
      "type": "update-node",
      "node": {
        "label": "org.argouml.uml.diagram.sequence.ui.FigSeqObject",
        "type": "TypeAccess"
      },
      "location-before-char-start": 22875,
      "location-before-char-end": 22886,
      "location-after-char-start": 21887,
      "location-after-char-end": 21898,
      "node-str": "FigSeqObject"
    },
    {
      "type": "update-node",
      "node": {
        "label": "org.argouml.uml.diagram.sequence.ui.FigSeqObject",
        "type": "TypeAccess"
      },
      "location-before-char-start": 31076,
      "location-before-char-end": 31087,
      "location-after-char-start": 30088,
      "location-after-char-end": 30099,
      "node-str": "FigSeqObject"
    },
    {
      "type": "update-node",
      "node": {
        "label": "org.argouml.uml.diagram.sequence.ui.SequenceDiagramLayout",
        "type": "TypeAccess"
      },
      "location-before-char-start": 31406,
      "location-before-char-end": 31426,
      "location-after-char-start": 30418,
      "location-after-char-end": 30438,
      "node-str": "SequenceDiagramLayout"
    },
    {
      "type": "update-node",
      "node": {
        "label": "org.argouml.uml.diagram.sequence.ui.FigSeqObject",
        "type": "TypeAccess"
      },
      "location-before-char-start": 32747,
      "location-before-char-end": 32758,
      "location-after-char-start": 31780,
      "location-after-char-end": 31791,
      "node-str": "FigSeqObject"
    },
    {
      "type": "update-node",
      "node": {
        "label": "org.argouml.uml.diagram.sequence.ui.FigSeqStimulus",
        "type": "VARIABLE_TYPE"
      },
      "location-before-char-start": 0,
      "location-before-char-end": 0,
      "location-after-char-start": 0,
      "location-after-char-end": 0,
      "node-str": "FigSeqStimulus"
    },
    {
      "type": "update-node",
      "node": {
        "label": "ru.novosoft.uml.behavior.common_behavior.MStimulus",
        "type": "VARIABLE_TYPE"
      },
      "location-before-char-start": 0,
      "location-before-char-end": 0,
      "location-after-char-start": 0,
      "location-after-char-end": 0,
      "node-str": "MStimulus"
    },
    {
      "type": "update-node",
      "node": {
        "label": "org.tigris.gef.presentation.FigDynPort",
        "type": "VARIABLE_TYPE"
      },
      "location-before-char-start": 0,
      "location-before-char-end": 0,
      "location-after-char-start": 0,
      "location-after-char-end": 0,
      "node-str": "FigDynPort"
    },
    {
      "type": "update-node",
      "node": {
        "label": "org.tigris.gef.presentation.FigActivation",
        "type": "VARIABLE_TYPE"
      },
      "location-before-char-start": 0,
      "location-before-char-end": 0,
      "location-after-char-start": 0,
      "location-after-char-end": 0,
      "node-str": "FigActivation"
    },
    {
      "type": "update-node",
      "node": {
        "label": "org.tigris.gef.presentation.FigDynPort",
        "type": "VARIABLE_TYPE"
      },
      "location-before-char-start": 0,
      "location-before-char-end": 0,
      "location-after-char-start": 0,
      "location-after-char-end": 0,
      "node-str": "FigDynPort"
    },
    {
      "type": "update-node",
      "node": {
        "label": "org.tigris.gef.presentation.FigActivation",
        "type": "VARIABLE_TYPE"
      },
      "location-before-char-start": 0,
      "location-before-char-end": 0,
      "location-after-char-start": 0,
      "location-after-char-end": 0,
      "node-str": "FigActivation"
    },
    {
      "type": "update-node",
      "node": {
        "label": "org.argouml.uml.diagram.sequence.ui.FigSeqObject",
        "type": "VARIABLE_TYPE"
      },
      "location-before-char-start": 0,
      "location-before-char-end": 0,
      "location-after-char-start": 0,
      "location-after-char-end": 0,
      "node-str": "FigSeqObject"
    },
    {
      "type": "update-node",
      "node": {
        "label": "ru.novosoft.uml.behavior.common_behavior.MAction",
        "type": "TypeAccess"
      },
      "location-before-char-start": 28281,
      "location-before-char-end": 28287,
      "location-after-char-start": 27293,
      "location-after-char-end": 27299,
      "node-str": "MAction"
    },
    {
      "type": "update-node",
      "node": {
        "label": "org.argouml.uml.diagram.sequence.ui.FigSeqObject",
        "type": "VARIABLE_TYPE"
      },
      "location-before-char-start": 0,
      "location-before-char-end": 0,
      "location-after-char-start": 0,
      "location-after-char-end": 0,
      "node-str": "FigSeqObject"
    },
    {
      "type": "insert-node",
      "node": {
        "label": "getCurrentProject",
        "type": "Invocation"
      },
      "location-after-char-start": 30539,
      "location-after-char-end": 30585,
      "node-str": "getCurrentProject"
    },
    {
      "type": "update-node",
      "node": {
        "label": "org.argouml.uml.diagram.sequence.ui.FigSeqObject",
        "type": "VARIABLE_TYPE"
      },
      "location-before-char-start": 0,
      "location-before-char-end": 0,
      "location-after-char-start": 0,
      "location-after-char-end": 0,
      "node-str": "FigSeqObject"
    },
    {
      "type": "update-node",
      "node": {
        "label": "ru.novosoft.uml.behavior.common_behavior.MLink",
        "type": "VARIABLE_TYPE"
      },
      "location-before-char-start": 0,
      "location-before-char-end": 0,
      "location-after-char-start": 0,
      "location-after-char-end": 0,
      "node-str": "MLink"
    },
    {
      "type": "update-node",
      "node": {
        "label": "org.argouml.uml.diagram.sequence.ui.FigSeqObject",
        "type": "VARIABLE_TYPE"
      },
      "location-before-char-start": 0,
      "location-before-char-end": 0,
      "location-after-char-start": 0,
      "location-after-char-end": 0,
      "node-str": "FigSeqObject"
    },
    {
      "type": "update-node",
      "node": {
        "label": "org.argouml.uml.diagram.sequence.ui.FigSeqObject",
        "type": "VARIABLE_TYPE"
      },
      "location-before-char-start": 0,
      "location-before-char-end": 0,
      "location-after-char-start": 0,
      "location-after-char-end": 0,
      "node-str": "FigSeqObject"
    },
    {
      "type": "update-node",
      "node": {
        "label": "org.tigris.gef.presentation.FigNode",
        "type": "VARIABLE_TYPE"
      },
      "location-before-char-start": 0,
      "location-before-char-end": 0,
      "location-after-char-start": 0,
      "location-after-char-end": 0,
      "node-str": "FigNode"
    },
    {
      "type": "update-node",
      "node": {
        "label": "org.tigris.gef.presentation.FigActivation",
        "type": "VARIABLE_TYPE"
      },
      "location-before-char-start": 0,
      "location-before-char-end": 0,
      "location-after-char-start": 0,
      "location-after-char-end": 0,
      "node-str": "FigActivation"
    },
    {
      "type": "update-node",
      "node": {
        "label": "org.tigris.gef.presentation.FigActivation(int,int,int,int,int,int)",
        "type": "ConstructorCall"
      },
      "location-before-char-start": 15899,
      "location-before-char-end": 15953,
      "location-after-char-start": 14911,
      "location-after-char-end": 14965,
      "node-str": "FigActivation(int,int,int,int,int,int)"
    },
    {
      "type": "update-node",
      "node": {
        "label": "org.tigris.gef.presentation.FigRect",
        "type": "TypeAccess"
      },
      "location-before-char-start": 17219,
      "location-before-char-end": 17225,
      "location-after-char-start": 16231,
      "location-after-char-end": 16237,
      "node-str": "FigRect"
    },
    {
      "type": "update-node",
      "node": {
        "label": "org.tigris.gef.presentation.FigDynPort",
        "type": "TypeAccess"
      },
      "location-before-char-start": 17333,
      "location-before-char-end": 17342,
      "location-after-char-start": 16345,
      "location-after-char-end": 16354,
      "node-str": "FigDynPort"
    },
    {
      "type": "update-node",
      "node": {
        "label": "org.tigris.gef.presentation.FigDynPort",
        "type": "VARIABLE_TYPE"
      },
      "location-before-char-start": 0,
      "location-before-char-end": 0,
      "location-after-char-start": 0,
      "location-after-char-end": 0,
      "node-str": "FigDynPort"
    },
    {
      "type": "insert-node",
      "node": {
        "label": "getManager",
        "type": "Invocation"
      },
      "location-after-char-start": 30539,
      "location-after-char-end": 30565,
      "node-str": "getManager"
    },
    {
      "type": "update-node",
      "node": {
        "label": "org.tigris.gef.presentation.FigActivation",
        "type": "VARIABLE_TYPE"
      },
      "location-before-char-start": 0,
      "location-before-char-end": 0,
      "location-after-char-start": 0,
      "location-after-char-end": 0,
      "node-str": "FigActivation"
    },
    {
      "type": "insert-node",
      "node": {
        "label": "lowest",
        "type": "LocalVariable"
      },
      "location-after-char-start": 11427,
      "location-after-char-end": 11454,
      "node-str": "lowest"
    },
    {
      "type": "insert-node",
      "node": {
        "label": "highest",
        "type": "LocalVariable"
      },
      "location-after-char-start": 11464,
      "location-after-char-end": 11492,
      "node-str": "highest"
    },
    {
      "type": "update-node",
      "node": {
        "label": "org.tigris.gef.presentation.FigDynPort",
        "type": "VARIABLE_TYPE"
      },
      "location-before-char-start": 0,
      "location-before-char-end": 0,
      "location-after-char-start": 0,
      "location-after-char-end": 0,
      "node-str": "FigDynPort"
    },
    {
      "type": "update-node",
      "node": {
        "label": "org.tigris.gef.presentation.FigDynPort",
        "type": "VARIABLE_TYPE"
      },
      "location-before-char-start": 0,
      "location-before-char-end": 0,
      "location-after-char-start": 0,
      "location-after-char-end": 0,
      "node-str": "FigDynPort"
    },
    {
      "type": "update-node",
      "node": {
        "label": "ProjectBrowser.TheInstance",
        "type": "TypeAccess"
      },
      "location-before-char-start": 31527,
      "location-before-char-end": 31552,
      "location-after-char-start": 30539,
      "location-after-char-end": 30552,
      "node-str": "org.argouml.kernel.ProjectManager"
    },
    {
      "type": "move-subtree",
      "node": {
        "label": "ProjectBrowser.TheInstance",
        "type": "TypeAccess"
      },
      "location-before-char-start": 31527,
      "location-before-char-end": 31552,
      "location-after-char-start": 30539,
      "location-after-char-end": 30552,
      "node-str": "org.argouml.kernel.ProjectManager"
    },
    {
      "type": "update-node",
      "node": {
        "label": "org.argouml.uml.diagram.sequence.ui.SequenceDiagramLayout",
        "type": "TypeAccess"
      },
      "location-before-char-start": 31682,
      "location-before-char-end": 31702,
      "location-after-char-start": 30715,
      "location-after-char-end": 30735,
      "node-str": "SequenceDiagramLayout"
    },
    {
      "type": "insert-node",
      "node": {
        "label": "FigActivation",
        "type": "VARIABLE_TYPE"
      },
      "location-after-char-start": 0,
      "location-after-char-end": 0,
      "node-str": "FigActivation"
    },
    {
      "type": "insert-node",
      "node": {
        "label": "null",
        "type": "Literal"
      },
      "location-after-char-start": 11450,
      "location-after-char-end": 11453,
      "node-str": "null"
    },
    {
      "type": "insert-node",
      "node": {
        "label": "FigActivation",
        "type": "VARIABLE_TYPE"
      },
      "location-after-char-start": 0,
      "location-after-char-end": 0,
      "node-str": "FigActivation"
    },
    {
      "type": "insert-node",
      "node": {
        "label": "null",
        "type": "Literal"
      },
      "location-after-char-start": 11488,
      "location-after-char-end": 11491,
      "node-str": "null"
    },
    {
      "type": "update-node",
      "node": {
        "label": "org.tigris.gef.presentation.FigActivation",
        "type": "VARIABLE_TYPE"
      },
      "location-before-char-start": 0,
      "location-before-char-end": 0,
      "location-after-char-start": 0,
      "location-after-char-end": 0,
      "node-str": "FigActivation"
    },
    {
      "type": "update-node",
      "node": {
        "label": "ru.novosoft.uml.behavior.common_behavior.MCallAction",
        "type": "TypeAccess"
      },
      "location-before-char-start": 7761,
      "location-before-char-end": 7771,
      "location-after-char-start": 6773,
      "location-after-char-end": 6783,
      "node-str": "MCallAction"
    },
    {
      "type": "update-node",
      "node": {
        "label": "ru.novosoft.uml.behavior.common_behavior.MSendAction",
        "type": "TypeAccess"
      },
      "location-before-char-start": 8244,
      "location-before-char-end": 8254,
      "location-after-char-start": 7256,
      "location-after-char-end": 7266,
      "node-str": "MSendAction"
    },
    {
      "type": "update-node",
      "node": {
        "label": "ru.novosoft.uml.behavior.common_behavior.MCreateAction",
        "type": "TypeAccess"
      },
      "location-before-char-start": 8557,
      "location-before-char-end": 8569,
      "location-after-char-start": 7569,
      "location-after-char-end": 7581,
      "node-str": "MCreateAction"
    },
    {
      "type": "update-node",
      "node": {
        "label": "ru.novosoft.uml.behavior.common_behavior.MReturnAction",
        "type": "TypeAccess"
      },
      "location-before-char-start": 9142,
      "location-before-char-end": 9154,
      "location-after-char-start": 8154,
      "location-after-char-end": 8166,
      "node-str": "MReturnAction"
    },
    {
      "type": "update-node",
      "node": {
        "label": "ru.novosoft.uml.behavior.common_behavior.MDestroyAction",
        "type": "TypeAccess"
      },
      "location-before-char-start": 9450,
      "location-before-char-end": 9463,
      "location-after-char-start": 8462,
      "location-after-char-end": 8475,
      "node-str": "MDestroyAction"
    },
    {
      "type": "update-node",
      "node": {
        "label": "org.tigris.gef.presentation.FigActivation",
        "type": "VARIABLE_TYPE"
      },
      "location-before-char-start": 0,
      "location-before-char-end": 0,
      "location-after-char-start": 0,
      "location-after-char-end": 0,
      "node-str": "FigActivation"
    },
    {
      "type": "update-node",
      "node": {
        "label": "org.tigris.gef.presentation.FigActivation",
        "type": "VARIABLE_TYPE"
      },
      "location-before-char-start": 0,
      "location-before-char-end": 0,
      "location-after-char-start": 0,
      "location-after-char-end": 0,
      "node-str": "FigActivation"
    },
    {
      "type": "update-node",
      "node": {
        "label": "org.tigris.gef.presentation.ArrowHeadHalfTriangle()",
        "type": "ConstructorCall"
      },
      "location-before-char-start": 8282,
      "location-before-char-end": 8308,
      "location-after-char-start": 7294,
      "location-after-char-end": 7320,
      "node-str": "ArrowHeadHalfTriangle()"
    },
    {
      "type": "update-node",
      "node": {
        "label": "org.tigris.gef.presentation.ArrowHeadNone()",
        "type": "ConstructorCall"
      },
      "location-before-char-start": 8337,
      "location-before-char-end": 8355,
      "location-after-char-start": 7349,
      "location-after-char-end": 7367,
      "node-str": "ArrowHeadNone()"
    },
    {
      "type": "update-node",
      "node": {
        "label": "org.tigris.gef.presentation.ArrowHeadGreater()",
        "type": "ConstructorCall"
      },
      "location-before-char-start": 9182,
      "location-before-char-end": 9203,
      "location-after-char-start": 8194,
      "location-after-char-end": 8215,
      "node-str": "ArrowHeadGreater()"
    },
    {
      "type": "update-node",
      "node": {
        "label": "org.tigris.gef.presentation.ArrowHeadNone()",
        "type": "ConstructorCall"
      },
      "location-before-char-start": 9232,
      "location-before-char-end": 9250,
      "location-after-char-start": 8244,
      "location-after-char-end": 8262,
      "node-str": "ArrowHeadNone()"
    },
    {
      "type": "update-node",
      "node": {
        "label": "org.tigris.gef.presentation.ArrowHeadGreater()",
        "type": "ConstructorCall"
      },
      "location-before-char-start": 9491,
      "location-before-char-end": 9512,
      "location-after-char-start": 8503,
      "location-after-char-end": 8524,
      "node-str": "ArrowHeadGreater()"
    },
    {
      "type": "update-node",
      "node": {
        "label": "org.tigris.gef.presentation.FigActivation",
        "type": "VARIABLE_TYPE"
      },
      "location-before-char-start": 0,
      "location-before-char-end": 0,
      "location-after-char-start": 0,
      "location-after-char-end": 0,
      "node-str": "FigActivation"
    },
    {
      "type": "update-node",
      "node": {
        "label": "org.tigris.gef.presentation.ArrowHeadHalfTriangle()",
        "type": "ConstructorCall"
      },
      "location-before-char-start": 7838,
      "location-before-char-end": 7864,
      "location-after-char-start": 6850,
      "location-after-char-end": 6876,
      "node-str": "ArrowHeadHalfTriangle()"
    },
    {
      "type": "update-node",
      "node": {
        "label": "org.tigris.gef.presentation.ArrowHeadNone()",
        "type": "ConstructorCall"
      },
      "location-before-char-start": 7895,
      "location-before-char-end": 7913,
      "location-after-char-start": 6907,
      "location-after-char-end": 6925,
      "node-str": "ArrowHeadNone()"
    },
    {
      "type": "update-node",
      "node": {
        "label": "org.tigris.gef.presentation.ArrowHeadTriangle()",
        "type": "ConstructorCall"
      },
      "location-before-char-start": 7963,
      "location-before-char-end": 7985,
      "location-after-char-start": 6975,
      "location-after-char-end": 6997,
      "node-str": "ArrowHeadTriangle()"
    },
    {
      "type": "update-node",
      "node": {
        "label": "org.tigris.gef.presentation.ArrowHeadNone()",
        "type": "ConstructorCall"
      },
      "location-before-char-start": 8016,
      "location-before-char-end": 8034,
      "location-after-char-start": 7028,
      "location-after-char-end": 7046,
      "node-str": "ArrowHeadNone()"
    },
    {
      "type": "update-node",
      "node": {
        "label": "org.tigris.gef.presentation.ArrowHeadHalfTriangle()",
        "type": "ConstructorCall"
      },
      "location-before-char-start": 8636,
      "location-before-char-end": 8662,
      "location-after-char-start": 7648,
      "location-after-char-end": 7674,
      "node-str": "ArrowHeadHalfTriangle()"
    },
    {
      "type": "update-node",
      "node": {
        "label": "org.tigris.gef.presentation.ArrowHeadNone()",
        "type": "ConstructorCall"
      },
      "location-before-char-start": 8693,
      "location-before-char-end": 8711,
      "location-after-char-start": 7705,
      "location-after-char-end": 7723,
      "node-str": "ArrowHeadNone()"
    },
    {
      "type": "update-node",
      "node": {
        "label": "org.tigris.gef.presentation.ArrowHeadTriangle()",
        "type": "ConstructorCall"
      },
      "location-before-char-start": 8761,
      "location-before-char-end": 8783,
      "location-after-char-start": 7773,
      "location-after-char-end": 7795,
      "node-str": "ArrowHeadTriangle()"
    },
    {
      "type": "update-node",
      "node": {
        "label": "org.tigris.gef.presentation.ArrowHeadNone()",
        "type": "ConstructorCall"
      },
      "location-before-char-start": 8814,
      "location-before-char-end": 8832,
      "location-after-char-start": 7826,
      "location-after-char-end": 7844,
      "node-str": "ArrowHeadNone()"
    },
    {
      "type": "update-node",
      "node": {
        "label": "org.tigris.gef.presentation.FigActivation",
        "type": "VARIABLE_TYPE"
      },
      "location-before-char-start": 0,
      "location-before-char-end": 0,
      "location-after-char-start": 0,
      "location-after-char-end": 0,
      "node-str": "FigActivation"
    },
    {
      "type": "update-node",
      "node": {
        "label": "org.tigris.gef.presentation.FigActivation",
        "type": "VARIABLE_TYPE"
      },
      "location-before-char-start": 0,
      "location-before-char-end": 0,
      "location-after-char-start": 0,
      "location-after-char-end": 0,
      "node-str": "FigActivation"
    },
    {
      "type": "update-node",
      "node": {
        "label": "org.tigris.gef.presentation.FigActivation",
        "type": "VARIABLE_TYPE"
      },
      "location-before-char-start": 0,
      "location-before-char-end": 0,
      "location-after-char-start": 0,
      "location-after-char-end": 0,
      "node-str": "FigActivation"
    },
    {
      "type": "update-node",
      "node": {
        "label": "org.tigris.gef.presentation.FigActivation",
        "type": "VARIABLE_TYPE"
      },
      "location-before-char-start": 0,
      "location-before-char-end": 0,
      "location-after-char-start": 0,
      "location-after-char-end": 0,
      "node-str": "FigActivation"
    },
    {
      "type": "update-node",
      "node": {
        "label": "org.tigris.gef.presentation.FigActivation(int,int,int,int,int,int)",
        "type": "ConstructorCall"
      },
      "location-before-char-start": 14734,
      "location-before-char-end": 14788,
      "location-after-char-start": 13746,
      "location-after-char-end": 13800,
      "node-str": "FigActivation(int,int,int,int,int,int)"
    },
    {
      "type": "delete-node",
      "node": {
        "label": "public",
        "type": "Modifier"
      },
      "location-before-char-start": 0,
      "location-before-char-end": 0,
      "node-str": "public"
    },
    {
      "type": "delete-node",
      "node": {
        "label": "org.argouml.uml.diagram.ui.FigEdgeModelElement",
        "type": "SUPER_TYPE"
      },
      "location-before-char-start": 0,
      "location-before-char-end": 0,
      "node-str": "org.argouml.uml.diagram.ui.FigEdgeModelElement"
    },
    {
      "type": "delete-node",
      "node": {
        "label": "",
        "type": "TypeReference"
      },
      "location-before-char-start": 3770,
      "location-before-char-end": 3788,
      "node-str": ""
    },
    {
      "type": "delete-node",
      "node": {
        "label": "org.tigris.gef.presentation.FigText",
        "type": "VARIABLE_TYPE"
      },
      "location-before-char-start": 0,
      "location-before-char-end": 0,
      "node-str": "org.tigris.gef.presentation.FigText"
    },
    {
      "type": "delete-node",
      "node": {
        "label": "protected",
        "type": "Modifier"
      },
      "location-before-char-start": 0,
      "location-before-char-end": 0,
      "node-str": "protected"
    },
    {
      "type": "delete-node",
      "node": {
        "label": "_srcMult",
        "type": "Field"
      },
      "location-before-char-start": 3938,
      "location-before-char-end": 3965,
      "node-str": "_srcMult"
    },
    {
      "type": "delete-node",
      "node": {
        "label": "org.tigris.gef.presentation.FigText",
        "type": "VARIABLE_TYPE"
      },
      "location-before-char-start": 0,
      "location-before-char-end": 0,
      "node-str": "org.tigris.gef.presentation.FigText"
    },
    {
      "type": "delete-node",
      "node": {
        "label": "protected",
        "type": "Modifier"
      },
      "location-before-char-start": 0,
      "location-before-char-end": 0,
      "node-str": "protected"
    },
    {
      "type": "delete-node",
      "node": {
        "label": "_srcRole",
        "type": "Field"
      },
      "location-before-char-start": 3938,
      "location-before-char-end": 3974,
      "node-str": "_srcRole"
    },
    {
      "type": "delete-node",
      "node": {
        "label": "org.tigris.gef.presentation.FigText",
        "type": "VARIABLE_TYPE"
      },
      "location-before-char-start": 0,
      "location-before-char-end": 0,
      "node-str": "org.tigris.gef.presentation.FigText"
    },
    {
      "type": "delete-node",
      "node": {
        "label": "protected",
        "type": "Modifier"
      },
      "location-before-char-start": 0,
      "location-before-char-end": 0,
      "node-str": "protected"
    },
    {
      "type": "delete-node",
      "node": {
        "label": "_destMult",
        "type": "Field"
      },
      "location-before-char-start": 3978,
      "location-before-char-end": 4006,
      "node-str": "_destMult"
    },
    {
      "type": "delete-node",
      "node": {
        "label": "org.tigris.gef.presentation.FigText",
        "type": "VARIABLE_TYPE"
      },
      "location-before-char-start": 0,
      "location-before-char-end": 0,
      "node-str": "org.tigris.gef.presentation.FigText"
    },
    {
      "type": "delete-node",
      "node": {
        "label": "protected",
        "type": "Modifier"
      },
      "location-before-char-start": 0,
      "location-before-char-end": 0,
      "node-str": "protected"
    },
    {
      "type": "delete-node",
      "node": {
        "label": "_destRole",
        "type": "Field"
      },
      "location-before-char-start": 3978,
      "location-before-char-end": 4016,
      "node-str": "_destRole"
    },
    {
      "type": "delete-node",
      "node": {
        "label": "void",
        "type": "RETURN_TYPE"
      },
      "location-before-char-start": 0,
      "location-before-char-end": 0,
      "node-str": "void"
    },
    {
      "type": "delete-node",
      "node": {
        "label": "public",
        "type": "Modifier"
      },
      "location-before-char-start": 0,
      "location-before-char-end": 0,
      "node-str": "public"
    },
    {
      "type": "delete-node",
      "node": {
        "label": "org.argouml.uml.diagram.sequence.ui.FigSeqObject",
        "type": "VARIABLE_TYPE"
      },
      "location-before-char-start": 0,
      "location-before-char-end": 0,
      "node-str": "org.argouml.uml.diagram.sequence.ui.FigSeqObject"
    },
    {
      "type": "delete-node",
      "node": {
        "label": "fso",
        "type": "Parameter"
      },
      "location-before-char-start": 11124,
      "location-before-char-end": 11139,
      "node-str": "fso"
    },
    {
      "type": "delete-node",
      "node": {
        "label": "org.argouml.uml.diagram.sequence.ui.FigSeqObject",
        "type": "VARIABLE_TYPE"
      },
      "location-before-char-start": 0,
      "location-before-char-end": 0,
      "node-str": "org.argouml.uml.diagram.sequence.ui.FigSeqObject"
    },
    {
      "type": "delete-node",
      "node": {
        "label": "sourcePort",
        "type": "Parameter"
      },
      "location-before-char-start": 11142,
      "location-before-char-end": 11164,
      "node-str": "sourcePort"
    },
    {
      "type": "delete-node",
      "node": {
        "label": "org.argouml.uml.diagram.sequence.ui.FigSeqObject",
        "type": "VARIABLE_TYPE"
      },
      "location-before-char-start": 0,
      "location-before-char-end": 0,
      "node-str": "org.argouml.uml.diagram.sequence.ui.FigSeqObject"
    },
    {
      "type": "delete-node",
      "node": {
        "label": "destPort",
        "type": "Parameter"
      },
      "location-before-char-start": 11167,
      "location-before-char-end": 11187,
      "node-str": "destPort"
    },
    {
      "type": "delete-node",
      "node": {
        "label": "int",
        "type": "VARIABLE_TYPE"
      },
      "location-before-char-start": 0,
      "location-before-char-end": 0,
      "node-str": "int"
    },
    {
      "type": "delete-node",
      "node": {
        "label": "portNumber",
        "type": "Parameter"
      },
      "location-before-char-start": 11190,
      "location-before-char-end": 11203,
      "node-str": "portNumber"
    },
    {
      "type": "delete-node",
      "node": {
        "label": "org.tigris.gef.presentation.FigActivation",
        "type": "VARIABLE_TYPE"
      },
      "location-before-char-start": 0,
      "location-before-char-end": 0,
      "node-str": "org.tigris.gef.presentation.FigActivation"
    },
    {
      "type": "delete-node",
      "node": {
        "label": "null",
        "type": "Literal"
      },
      "location-before-char-start": 12438,
      "location-before-char-end": 12441,
      "node-str": "null"
    },
    {
      "type": "delete-node",
      "node": {
        "label": "lowest",
        "type": "LocalVariable"
      },
      "location-before-char-start": 12415,
      "location-before-char-end": 12442,
      "node-str": "lowest"
    },
    {
      "type": "delete-node",
      "node": {
        "label": "org.tigris.gef.presentation.FigActivation",
        "type": "VARIABLE_TYPE"
      },
      "location-before-char-start": 0,
      "location-before-char-end": 0,
      "node-str": "org.tigris.gef.presentation.FigActivation"
    },
    {
      "type": "delete-node",
      "node": {
        "label": "null",
        "type": "Literal"
      },
      "location-before-char-start": 12476,
      "location-before-char-end": 12479,
      "node-str": "null"
    },
    {
      "type": "delete-node",
      "node": {
        "label": "highest",
        "type": "LocalVariable"
      },
      "location-before-char-start": 12452,
      "location-before-char-end": 12480,
      "node-str": "highest"
    },
    {
      "type": "delete-node",
      "node": {
        "label": "void",
        "type": "RETURN_TYPE"
      },
      "location-before-char-start": 0,
      "location-before-char-end": 0,
      "node-str": "void"
    },
    {
      "type": "delete-node",
      "node": {
        "label": "public",
        "type": "Modifier"
      },
      "location-before-char-start": 0,
      "location-before-char-end": 0,
      "node-str": "public"
    },
    {
      "type": "delete-node",
      "node": {
        "label": "org.argouml.uml.diagram.sequence.ui.FigSeqObject",
        "type": "VARIABLE_TYPE"
      },
      "location-before-char-start": 0,
      "location-before-char-end": 0,
      "node-str": "org.argouml.uml.diagram.sequence.ui.FigSeqObject"
    },
    {
      "type": "delete-node",
      "node": {
        "label": "sourceObj",
        "type": "Parameter"
      },
      "location-before-char-start": 18632,
      "location-before-char-end": 18653,
      "node-str": "sourceObj"
    },
    {
      "type": "delete-node",
      "node": {
        "label": "org.argouml.uml.diagram.sequence.ui.FigSeqObject",
        "type": "VARIABLE_TYPE"
      },
      "location-before-char-start": 0,
      "location-before-char-end": 0,
      "node-str": "org.argouml.uml.diagram.sequence.ui.FigSeqObject"
    },
    {
      "type": "delete-node",
      "node": {
        "label": "destObj",
        "type": "Parameter"
      },
      "location-before-char-start": 18656,
      "location-before-char-end": 18675,
      "node-str": "destObj"
    },
    {
      "type": "delete-node",
      "node": {
        "label": "org.tigris.gef.presentation.FigDynPort",
        "type": "VARIABLE_TYPE"
      },
      "location-before-char-start": 0,
      "location-before-char-end": 0,
      "node-str": "org.tigris.gef.presentation.FigDynPort"
    },
    {
      "type": "delete-node",
      "node": {
        "label": "sourceFig",
        "type": "Parameter"
      },
      "location-before-char-start": 18681,
      "location-before-char-end": 18700,
      "node-str": "sourceFig"
    },
    {
      "type": "delete-node",
      "node": {
        "label": "org.tigris.gef.presentation.FigDynPort",
        "type": "VARIABLE_TYPE"
      },
      "location-before-char-start": 0,
      "location-before-char-end": 0,
      "node-str": "org.tigris.gef.presentation.FigDynPort"
    },
    {
      "type": "delete-node",
      "node": {
        "label": "destFig",
        "type": "Parameter"
      },
      "location-before-char-start": 18703,
      "location-before-char-end": 18720,
      "node-str": "destFig"
    },
    {
      "type": "delete-node",
      "node": {
        "label": "java.util.Vector",
        "type": "VARIABLE_TYPE"
      },
      "location-before-char-start": 0,
      "location-before-char-end": 0,
      "node-str": "java.util.Vector"
    },
    {
      "type": "delete-node",
      "node": {
        "label": "contents",
        "type": "Parameter"
      },
      "location-before-char-start": 18723,
      "location-before-char-end": 18737,
      "node-str": "contents"
    },
    {
      "type": "delete-node",
      "node": {
        "label": "int",
        "type": "VARIABLE_TYPE"
      },
      "location-before-char-start": 0,
      "location-before-char-end": 0,
      "node-str": "int"
    },
    {
      "type": "delete-node",
      "node": {
        "label": "size",
        "type": "Parameter"
      },
      "location-before-char-start": 18740,
      "location-before-char-end": 18747,
      "node-str": "size"
    },
    {
      "type": "delete-node",
      "node": {
        "label": "int",
        "type": "VARIABLE_TYPE"
      },
      "location-before-char-start": 0,
      "location-before-char-end": 0,
      "node-str": "int"
    },
    {
      "type": "delete-node",
      "node": {
        "label": "portNumber",
        "type": "Parameter"
      },
      "location-before-char-start": 18750,
      "location-before-char-end": 18763,
      "node-str": "portNumber"
    },
    {
      "type": "delete-node",
      "node": {
        "label": "void",
        "type": "RETURN_TYPE"
      },
      "location-before-char-start": 0,
      "location-before-char-end": 0,
      "node-str": "void"
    },
    {
      "type": "delete-node",
      "node": {
        "label": "public",
        "type": "Modifier"
      },
      "location-before-char-start": 0,
      "location-before-char-end": 0,
      "node-str": "public"
    },
    {
      "type": "delete-node",
      "node": {
        "label": "org.argouml.uml.diagram.sequence.ui.FigSeqObject",
        "type": "VARIABLE_TYPE"
      },
      "location-before-char-start": 0,
      "location-before-char-end": 0,
      "node-str": "org.argouml.uml.diagram.sequence.ui.FigSeqObject"
    },
    {
      "type": "delete-node",
      "node": {
        "label": "sourceObj",
        "type": "Parameter"
      },
      "location-before-char-start": 22532,
      "location-before-char-end": 22553,
      "node-str": "sourceObj"
    },
    {
      "type": "delete-node",
      "node": {
        "label": "org.argouml.uml.diagram.sequence.ui.FigSeqObject",
        "type": "VARIABLE_TYPE"
      },
      "location-before-char-start": 0,
      "location-before-char-end": 0,
      "node-str": "org.argouml.uml.diagram.sequence.ui.FigSeqObject"
    },
    {
      "type": "delete-node",
      "node": {
        "label": "destObj",
        "type": "Parameter"
      },
      "location-before-char-start": 22556,
      "location-before-char-end": 22575,
      "node-str": "destObj"
    },
    {
      "type": "delete-node",
      "node": {
        "label": "org.tigris.gef.presentation.FigRect",
        "type": "VARIABLE_TYPE"
      },
      "location-before-char-start": 0,
      "location-before-char-end": 0,
      "node-str": "org.tigris.gef.presentation.FigRect"
    },
    {
      "type": "delete-node",
      "node": {
        "label": "sourceFig",
        "type": "Parameter"
      },
      "location-before-char-start": 22581,
      "location-before-char-end": 22597,
      "node-str": "sourceFig"
    },
    {
      "type": "delete-node",
      "node": {
        "label": "org.tigris.gef.presentation.FigRect",
        "type": "VARIABLE_TYPE"
      },
      "location-before-char-start": 0,
      "location-before-char-end": 0,
      "node-str": "org.tigris.gef.presentation.FigRect"
    },
    {
      "type": "delete-node",
      "node": {
        "label": "destFig",
        "type": "Parameter"
      },
      "location-before-char-start": 22600,
      "location-before-char-end": 22614,
      "node-str": "destFig"
    },
    {
      "type": "delete-node",
      "node": {
        "label": "java.util.Vector",
        "type": "VARIABLE_TYPE"
      },
      "location-before-char-start": 0,
      "location-before-char-end": 0,
      "node-str": "java.util.Vector"
    },
    {
      "type": "delete-node",
      "node": {
        "label": "contents",
        "type": "Parameter"
      },
      "location-before-char-start": 22617,
      "location-before-char-end": 22631,
      "node-str": "contents"
    },
    {
      "type": "delete-node",
      "node": {
        "label": "int",
        "type": "VARIABLE_TYPE"
      },
      "location-before-char-start": 0,
      "location-before-char-end": 0,
      "node-str": "int"
    },
    {
      "type": "delete-node",
      "node": {
        "label": "size",
        "type": "Parameter"
      },
      "location-before-char-start": 22634,
      "location-before-char-end": 22641,
      "node-str": "size"
    },
    {
      "type": "delete-node",
      "node": {
        "label": "int",
        "type": "VARIABLE_TYPE"
      },
      "location-before-char-start": 0,
      "location-before-char-end": 0,
      "node-str": "int"
    },
    {
      "type": "delete-node",
      "node": {
        "label": "portNumber",
        "type": "Parameter"
      },
      "location-before-char-start": 22644,
      "location-before-char-end": 22657,
      "node-str": "portNumber"
    },
    {
      "type": "delete-node",
      "node": {
        "label": "org.argouml.uml.diagram.sequence.ui.FigSeqObject",
        "type": "VARIABLE_TYPE"
      },
      "location-before-char-start": 0,
      "location-before-char-end": 0,
      "node-str": "org.argouml.uml.diagram.sequence.ui.FigSeqObject"
    },
    {
      "type": "delete-node",
      "node": {
        "label": "null",
        "type": "Literal"
      },
      "location-before-char-start": 22772,
      "location-before-char-end": 22775,
      "node-str": "null"
    },
    {
      "type": "delete-node",
      "node": {
        "label": "fso",
        "type": "LocalVariable"
      },
      "location-before-char-start": 22753,
      "location-before-char-end": 22776,
      "node-str": "fso"
    },
    {
      "type": "delete-node",
      "node": {
        "label": "i",
        "type": "VariableWrite"
      },
      "location-before-char-start": 22820,
      "location-before-char-end": 22820,
      "node-str": "i"
    },
    {
      "type": "delete-node",
      "node": {
        "label": "POSTINC",
        "type": "UnaryOperator"
      },
      "location-before-char-start": 22820,
      "location-before-char-end": 22822,
      "node-str": "POSTINC"
    }
  ],
  "before-file": {},
  "after-file": {},
  "mapping": {}
}