{
  "tool-info": {},
  "diff": [
    {
      "type": "insert-node",
      "node": {
        "label": "FilterBasedRollingTest",
        "type": "Class"
      },
      "location-after-char-start": 857,
      "location-after-char-end": 3641,
      "node-str": "FilterBasedRollingTest"
    },
    {
      "type": "insert-node",
      "node": {
        "label": "public",
        "type": "Modifier"
      },
      "location-after-char-start": 0,
      "location-after-char-end": 0,
      "node-str": "public"
    },
    {
      "type": "insert-node",
      "node": {
        "label": "",
        "type": "TypeReference"
      },
      "location-after-char-start": 1028,
      "location-after-char-end": 1035,
      "node-str": ""
    },
    {
      "type": "insert-node",
      "node": {
        "label": "\u003cinit\u003e",
        "type": "Constructor"
      },
      "location-after-char-start": 1041,
      "location-after-char-end": 1105,
      "node-str": "\u003cinit\u003e"
    },
    {
      "type": "insert-node",
      "node": {
        "label": "setUp",
        "type": "Method"
      },
      "location-after-char-start": 1110,
      "location-after-char-end": 1291,
      "node-str": "setUp"
    },
    {
      "type": "insert-node",
      "node": {
        "label": "tearDown",
        "type": "Method"
      },
      "location-after-char-start": 1296,
      "location-after-char-end": 1350,
      "node-str": "tearDown"
    },
    {
      "type": "insert-node",
      "node": {
        "label": "test1",
        "type": "Method"
      },
      "location-after-char-start": 1355,
      "location-after-char-end": 1678,
      "node-str": "test1"
    },
    {
      "type": "insert-node",
      "node": {
        "label": "xtest2",
        "type": "Method"
      },
      "location-after-char-start": 1683,
      "location-after-char-end": 2705,
      "node-str": "xtest2"
    },
    {
      "type": "insert-node",
      "node": {
        "label": "common",
        "type": "Method"
      },
      "location-after-char-start": 2710,
      "location-after-char-end": 3639,
      "node-str": "common"
    },
    {
      "type": "insert-node",
      "node": {
        "label": "junit.framework.TestCase",
        "type": "SUPER_TYPE"
      },
      "location-after-char-start": 0,
      "location-after-char-end": 0,
      "node-str": "junit.framework.TestCase"
    },
    {
      "type": "insert-node",
      "node": {
        "label": "public",
        "type": "Modifier"
      },
      "location-after-char-start": 0,
      "location-after-char-end": 0,
      "node-str": "public"
    },
    {
      "type": "insert-node",
      "node": {
        "label": "name",
        "type": "Parameter"
      },
      "location-after-char-start": 1071,
      "location-after-char-end": 1081,
      "node-str": "name"
    },
    {
      "type": "insert-node",
      "node": {
        "label": "\u003cinit\u003e",
        "type": "Invocation"
      },
      "location-after-char-start": 1090,
      "location-after-char-end": 1101,
      "node-str": "\u003cinit\u003e"
    },
    {
      "type": "insert-node",
      "node": {
        "label": "void",
        "type": "RETURN_TYPE"
      },
      "location-after-char-start": 0,
      "location-after-char-end": 0,
      "node-str": "void"
    },
    {
      "type": "insert-node",
      "node": {
        "label": "public",
        "type": "Modifier"
      },
      "location-after-char-start": 0,
      "location-after-char-end": 0,
      "node-str": "public"
    },
    {
      "type": "insert-node",
      "node": {
        "label": "ca",
        "type": "LocalVariable"
      },
      "location-after-char-start": 1138,
      "location-after-char-end": 1212,
      "node-str": "ca"
    },
    {
      "type": "insert-node",
      "node": {
        "label": "setName",
        "type": "Invocation"
      },
      "location-after-char-start": 1220,
      "location-after-char-end": 1241,
      "node-str": "setName"
    },
    {
      "type": "insert-node",
      "node": {
        "label": "addAppender",
        "type": "Invocation"
      },
      "location-after-char-start": 1249,
      "location-after-char-end": 1287,
      "node-str": "addAppender"
    },
    {
      "type": "insert-node",
      "node": {
        "label": "void",
        "type": "RETURN_TYPE"
      },
      "location-after-char-start": 0,
      "location-after-char-end": 0,
      "node-str": "void"
    },
    {
      "type": "insert-node",
      "node": {
        "label": "public",
        "type": "Modifier"
      },
      "location-after-char-start": 0,
      "location-after-char-end": 0,
      "node-str": "public"
    },
    {
      "type": "insert-node",
      "node": {
        "label": "shutdown",
        "type": "Invocation"
      },
      "location-after-char-start": 1325,
      "location-after-char-end": 1346,
      "node-str": "shutdown"
    },
    {
      "type": "insert-node",
      "node": {
        "label": "void",
        "type": "RETURN_TYPE"
      },
      "location-after-char-start": 0,
      "location-after-char-end": 0,
      "node-str": "void"
    },
    {
      "type": "insert-node",
      "node": {
        "label": "java.lang.Exception",
        "type": "THROWS"
      },
      "location-after-char-start": 0,
      "location-after-char-end": 0,
      "node-str": "java.lang.Exception"
    },
    {
      "type": "insert-node",
      "node": {
        "label": "public",
        "type": "Modifier"
      },
      "location-after-char-start": 0,
      "location-after-char-end": 0,
      "node-str": "public"
    },
    {
      "type": "insert-node",
      "node": {
        "label": "jc",
        "type": "LocalVariable"
      },
      "location-after-char-start": 1474,
      "location-after-char-end": 1520,
      "node-str": "jc"
    },
    {
      "type": "insert-node",
      "node": {
        "label": "doConfigure",
        "type": "Invocation"
      },
      "location-after-char-start": 1526,
      "location-after-char-end": 1612,
      "node-str": "doConfigure"
    },
    {
      "type": "insert-node",
      "node": {
        "label": "dumpErrors",
        "type": "Invocation"
      },
      "location-after-char-start": 1618,
      "location-after-char-end": 1633,
      "node-str": "dumpErrors"
    },
    {
      "type": "insert-node",
      "node": {
        "label": "common",
        "type": "Invocation"
      },
      "location-after-char-start": 1640,
      "location-after-char-end": 1674,
      "node-str": "common"
    },
    {
      "type": "insert-node",
      "node": {
        "label": "void",
        "type": "RETURN_TYPE"
      },
      "location-after-char-start": 0,
      "location-after-char-end": 0,
      "node-str": "void"
    },
    {
      "type": "insert-node",
      "node": {
        "label": "java.lang.Exception",
        "type": "THROWS"
      },
      "location-after-char-start": 0,
      "location-after-char-end": 0,
      "node-str": "java.lang.Exception"
    },
    {
      "type": "insert-node",
      "node": {
        "label": "public",
        "type": "Modifier"
      },
      "location-after-char-start": 0,
      "location-after-char-end": 0,
      "node-str": "public"
    },
    {
      "type": "insert-node",
      "node": {
        "label": "layout",
        "type": "LocalVariable"
      },
      "location-after-char-start": 1857,
      "location-after-char-end": 1905,
      "node-str": "layout"
    },
    {
      "type": "insert-node",
      "node": {
        "label": "rfa",
        "type": "LocalVariable"
      },
      "location-after-char-start": 1911,
      "location-after-char-end": 1962,
      "node-str": "rfa"
    },
    {
      "type": "insert-node",
      "node": {
        "label": "setName",
        "type": "Invocation"
      },
      "location-after-char-start": 1968,
      "location-after-char-end": 1990,
      "node-str": "setName"
    },
    {
      "type": "insert-node",
      "node": {
        "label": "setLayout",
        "type": "Invocation"
      },
      "location-after-char-start": 1996,
      "location-after-char-end": 2017,
      "node-str": "setLayout"
    },
    {
      "type": "insert-node",
      "node": {
        "label": "swrp",
        "type": "LocalVariable"
      },
      "location-after-char-start": 2024,
      "location-after-char-end": 2086,
      "node-str": "swrp"
    },
    {
      "type": "insert-node",
      "node": {
        "label": "fbtp",
        "type": "LocalVariable"
      },
      "location-after-char-start": 2092,
      "location-after-char-end": 2160,
      "node-str": "fbtp"
    },
    {
      "type": "insert-node",
      "node": {
        "label": "rf",
        "type": "LocalVariable"
      },
      "location-after-char-start": 2167,
      "location-after-char-end": 2211,
      "node-str": "rf"
    },
    {
      "type": "insert-node",
      "node": {
        "label": "setLevelMin",
        "type": "Invocation"
      },
      "location-after-char-start": 2217,
      "location-after-char-end": 2243,
      "node-str": "setLevelMin"
    },
    {
      "type": "insert-node",
      "node": {
        "label": "addFilter",
        "type": "Invocation"
      },
      "location-after-char-start": 2249,
      "location-after-char-end": 2267,
      "node-str": "addFilter"
    },
    {
      "type": "insert-node",
      "node": {
        "label": "activateOptions",
        "type": "Invocation"
      },
      "location-after-char-start": 2273,
      "location-after-char-end": 2295,
      "node-str": "activateOptions"
    },
    {
      "type": "insert-node",
      "node": {
        "label": "setMinIndex",
        "type": "Invocation"
      },
      "location-after-char-start": 2302,
      "location-after-char-end": 2321,
      "node-str": "setMinIndex"
    },
    {
      "type": "insert-node",
      "node": {
        "label": "setActiveFileName",
        "type": "Invocation"
      },
      "location-after-char-start": 2327,
      "location-after-char-end": 2381,
      "node-str": "setActiveFileName"
    },
    {
      "type": "insert-node",
      "node": {
        "label": "setFileNamePattern",
        "type": "Invocation"
      },
      "location-after-char-start": 2388,
      "location-after-char-end": 2442,
      "node-str": "setFileNamePattern"
    },
    {
      "type": "insert-node",
      "node": {
        "label": "activateOptions",
        "type": "Invocation"
      },
      "location-after-char-start": 2448,
      "location-after-char-end": 2470,
      "node-str": "activateOptions"
    },
    {
      "type": "insert-node",
      "node": {
        "label": "setRollingPolicy",
        "type": "Invocation"
      },
      "location-after-char-start": 2477,
      "location-after-char-end": 2503,
      "node-str": "setRollingPolicy"
    },
    {
      "type": "insert-node",
      "node": {
        "label": "setTriggeringPolicy",
        "type": "Invocation"
      },
      "location-after-char-start": 2509,
      "location-after-char-end": 2538,
      "node-str": "setTriggeringPolicy"
    },
    {
      "type": "insert-node",
      "node": {
        "label": "activateOptions",
        "type": "Invocation"
      },
      "location-after-char-start": 2544,
      "location-after-char-end": 2565,
      "node-str": "activateOptions"
    },
    {
      "type": "insert-node",
      "node": {
        "label": "addAppender",
        "type": "Invocation"
      },
      "location-after-char-start": 2571,
      "location-after-char-end": 2610,
      "node-str": "addAppender"
    },
    {
      "type": "insert-node",
      "node": {
        "label": "setLevel",
        "type": "Invocation"
      },
      "location-after-char-start": 2616,
      "location-after-char-end": 2660,
      "node-str": "setLevel"
    },
    {
      "type": "insert-node",
      "node": {
        "label": "common",
        "type": "Invocation"
      },
      "location-after-char-start": 2667,
      "location-after-char-end": 2701,
      "node-str": "common"
    },
    {
      "type": "insert-node",
      "node": {
        "label": "void",
        "type": "RETURN_TYPE"
      },
      "location-after-char-start": 0,
      "location-after-char-end": 0,
      "node-str": "void"
    },
    {
      "type": "insert-node",
      "node": {
        "label": "java.lang.Exception",
        "type": "THROWS"
      },
      "location-after-char-start": 0,
      "location-after-char-end": 0,
      "node-str": "java.lang.Exception"
    },
    {
      "type": "insert-node",
      "node": {
        "label": "baseName",
        "type": "Parameter"
      },
      "location-after-char-start": 2783,
      "location-after-char-end": 2797,
      "node-str": "baseName"
    },
    {
      "type": "insert-node",
      "node": {
        "label": "logger",
        "type": "LocalVariable"
      },
      "location-after-char-start": 2823,
      "location-after-char-end": 2885,
      "node-str": "logger"
    },
    {
      "type": "move-subtree",
      "node": {
        "label": "",
        "type": "For"
      },
      "location-before-char-start": 2849,
      "location-before-char-end": 3200,
      "location-after-char-start": 2936,
      "location-after-char-end": 3287,
      "node-str": ""
    },
    {
      "type": "insert-node",
      "node": {
        "label": "assertTrue",
        "type": "Invocation"
      },
      "location-after-char-start": 3373,
      "location-after-char-end": 3459,
      "node-str": "assertTrue"
    },
    {
      "type": "insert-node",
      "node": {
        "label": "assertTrue",
        "type": "Invocation"
      },
      "location-after-char-start": 3465,
      "location-after-char-end": 3547,
      "node-str": "assertTrue"
    },
    {
      "type": "insert-node",
      "node": {
        "label": "assertTrue",
        "type": "Invocation"
      },
      "location-after-char-start": 3553,
      "location-after-char-end": 3635,
      "node-str": "assertTrue"
    },
    {
      "type": "insert-node",
      "node": {
        "label": "java.lang.String",
        "type": "VARIABLE_TYPE"
      },
      "location-after-char-start": 0,
      "location-after-char-end": 0,
      "node-str": "java.lang.String"
    },
    {
      "type": "insert-node",
      "node": {
        "label": "name",
        "type": "VariableRead"
      },
      "location-after-char-start": 1096,
      "location-after-char-end": 1099,
      "node-str": "name"
    },
    {
      "type": "insert-node",
      "node": {
        "label": "Appender",
        "type": "VARIABLE_TYPE"
      },
      "location-after-char-start": 0,
      "location-after-char-end": 0,
      "node-str": "Appender"
    },
    {
      "type": "insert-node",
      "node": {
        "label": "java.lang.Object()",
        "type": "ConstructorCall"
      },
      "location-after-char-start": 1152,
      "location-after-char-end": 1211,
      "node-str": "java.lang.Object()"
    },
    {
      "type": "insert-node",
      "node": {
        "label": "ca",
        "type": "VariableRead"
      },
      "location-after-char-start": 1220,
      "location-after-char-end": 1221,
      "node-str": "ca"
    },
    {
      "type": "insert-node",
      "node": {
        "label": "\"CONSOLE\"",
        "type": "Literal"
      },
      "location-after-char-start": 1231,
      "location-after-char-end": 1239,
      "node-str": "\"CONSOLE\""
    },
    {
      "type": "insert-node",
      "node": {
        "label": "getRootLogger",
        "type": "Invocation"
      },
      "location-after-char-start": 1249,
      "location-after-char-end": 1270,
      "node-str": "getRootLogger"
    },
    {
      "type": "insert-node",
      "node": {
        "label": "ca",
        "type": "VariableRead"
      },
      "location-after-char-start": 1284,
      "location-after-char-end": 1285,
      "node-str": "ca"
    },
    {
      "type": "insert-node",
      "node": {
        "label": "LogManager",
        "type": "TypeAccess"
      },
      "location-after-char-start": 1325,
      "location-after-char-end": 1334,
      "node-str": "LogManager"
    },
    {
      "type": "insert-node",
      "node": {
        "label": "org.apache.log4j.joran.JoranConfigurator",
        "type": "VARIABLE_TYPE"
      },
      "location-after-char-start": 0,
      "location-after-char-end": 0,
      "node-str": "org.apache.log4j.joran.JoranConfigurator"
    },
    {
      "type": "insert-node",
      "node": {
        "label": "org.apache.log4j.joran.JoranConfigurator()",
        "type": "ConstructorCall"
      },
      "location-after-char-start": 1497,
      "location-after-char-end": 1519,
      "node-str": "org.apache.log4j.joran.JoranConfigurator()"
    },
    {
      "type": "insert-node",
      "node": {
        "label": "jc",
        "type": "VariableRead"
      },
      "location-after-char-start": 1526,
      "location-after-char-end": 1527,
      "node-str": "jc"
    },
    {
      "type": "insert-node",
      "node": {
        "label": "\"./input/rolling/filter1.xml\"",
        "type": "Literal"
      },
      "location-after-char-start": 1548,
      "location-after-char-end": 1576,
      "node-str": "\"./input/rolling/filter1.xml\""
    },
    {
      "type": "insert-node",
      "node": {
        "label": "getLoggerRepository",
        "type": "Invocation"
      },
      "location-after-char-start": 1579,
      "location-after-char-end": 1610,
      "node-str": "getLoggerRepository"
    },
    {
      "type": "insert-node",
      "node": {
        "label": "jc",
        "type": "VariableRead"
      },
      "location-after-char-start": 1618,
      "location-after-char-end": 1619,
      "node-str": "jc"
    },
    {
      "type": "insert-node",
      "node": {
        "label": "org.apache.log4j.rolling.FilterBasedRollingTest",
        "type": "TypeAccess"
      },
      "location-after-char-start": 0,
      "location-after-char-end": 0,
      "node-str": "org.apache.log4j.rolling.FilterBasedRollingTest"
    },
    {
      "type": "insert-node",
      "node": {
        "label": "\"output/filterBased-test1\"",
        "type": "Literal"
      },
      "location-after-char-start": 1647,
      "location-after-char-end": 1672,
      "node-str": "\"output/filterBased-test1\""
    },
    {
      "type": "insert-node",
      "node": {
        "label": "PatternLayout",
        "type": "VARIABLE_TYPE"
      },
      "location-after-char-start": 0,
      "location-after-char-end": 0,
      "node-str": "PatternLayout"
    },
    {
      "type": "insert-node",
      "node": {
        "label": "PatternLayout(java.lang.String)",
        "type": "ConstructorCall"
      },
      "location-after-char-start": 1880,
      "location-after-char-end": 1904,
      "node-str": "PatternLayout(java.lang.String)"
    },
    {
      "type": "insert-node",
      "node": {
        "label": "RollingFileAppender",
        "type": "VARIABLE_TYPE"
      },
      "location-after-char-start": 0,
      "location-after-char-end": 0,
      "node-str": "RollingFileAppender"
    },
    {
      "type": "insert-node",
      "node": {
        "label": "RollingFileAppender()",
        "type": "ConstructorCall"
      },
      "location-after-char-start": 1937,
      "location-after-char-end": 1961,
      "node-str": "RollingFileAppender()"
    },
    {
      "type": "insert-node",
      "node": {
        "label": "rfa",
        "type": "VariableRead"
      },
      "location-after-char-start": 1968,
      "location-after-char-end": 1970,
      "node-str": "rfa"
    },
    {
      "type": "insert-node",
      "node": {
        "label": "\"ROLLING\"",
        "type": "Literal"
      },
      "location-after-char-start": 1980,
      "location-after-char-end": 1988,
      "node-str": "\"ROLLING\""
    },
    {
      "type": "insert-node",
      "node": {
        "label": "rfa",
        "type": "VariableRead"
      },
      "location-after-char-start": 1996,
      "location-after-char-end": 1998,
      "node-str": "rfa"
    },
    {
      "type": "insert-node",
      "node": {
        "label": "layout",
        "type": "VariableRead"
      },
      "location-after-char-start": 2010,
      "location-after-char-end": 2015,
      "node-str": "layout"
    },
    {
      "type": "insert-node",
      "node": {
        "label": "FixedWindowRollingPolicy",
        "type": "VARIABLE_TYPE"
      },
      "location-after-char-start": 0,
      "location-after-char-end": 0,
      "node-str": "FixedWindowRollingPolicy"
    },
    {
      "type": "insert-node",
      "node": {
        "label": "FixedWindowRollingPolicy()",
        "type": "ConstructorCall"
      },
      "location-after-char-start": 2056,
      "location-after-char-end": 2085,
      "node-str": "FixedWindowRollingPolicy()"
    },
    {
      "type": "insert-node",
      "node": {
        "label": "FilterBasedTriggeringPolicy",
        "type": "VARIABLE_TYPE"
      },
      "location-after-char-start": 0,
      "location-after-char-end": 0,
      "node-str": "FilterBasedTriggeringPolicy"
    },
    {
      "type": "insert-node",
      "node": {
        "label": "FilterBasedTriggeringPolicy()",
        "type": "ConstructorCall"
      },
      "location-after-char-start": 2127,
      "location-after-char-end": 2159,
      "node-str": "FilterBasedTriggeringPolicy()"
    },
    {
      "type": "insert-node",
      "node": {
        "label": "org.apache.log4j.filter.LevelRangeFilter",
        "type": "VARIABLE_TYPE"
      },
      "location-after-char-start": 0,
      "location-after-char-end": 0,
      "node-str": "org.apache.log4j.filter.LevelRangeFilter"
    },
    {
      "type": "insert-node",
      "node": {
        "label": "org.apache.log4j.filter.LevelRangeFilter()",
        "type": "ConstructorCall"
      },
      "location-after-char-start": 2189,
      "location-after-char-end": 2210,
      "node-str": "org.apache.log4j.filter.LevelRangeFilter()"
    },
    {
      "type": "insert-node",
      "node": {
        "label": "rf",
        "type": "VariableRead"
      },
      "location-after-char-start": 2217,
      "location-after-char-end": 2218,
      "node-str": "rf"
    },
    {
      "type": "insert-node",
      "node": {
        "label": "Level.INFO",
        "type": "TypeAccess"
      },
      "location-after-char-start": 2232,
      "location-after-char-end": 2241,
      "node-str": "Level.INFO"
    },
    {
      "type": "insert-node",
      "node": {
        "label": "fbtp",
        "type": "VariableRead"
      },
      "location-after-char-start": 2249,
      "location-after-char-end": 2252,
      "node-str": "fbtp"
    },
    {
      "type": "insert-node",
      "node": {
        "label": "rf",
        "type": "VariableRead"
      },
      "location-after-char-start": 2264,
      "location-after-char-end": 2265,
      "node-str": "rf"
    },
    {
      "type": "insert-node",
      "node": {
        "label": "fbtp",
        "type": "VariableRead"
      },
      "location-after-char-start": 2273,
      "location-after-char-end": 2276,
      "node-str": "fbtp"
    },
    {
      "type": "insert-node",
      "node": {
        "label": "swrp",
        "type": "VariableRead"
      },
      "location-after-char-start": 2302,
      "location-after-char-end": 2305,
      "node-str": "swrp"
    },
    {
      "type": "insert-node",
      "node": {
        "label": "0",
        "type": "Literal"
      },
      "location-after-char-start": 2319,
      "location-after-char-end": 2319,
      "node-str": "0"
    },
    {
      "type": "insert-node",
      "node": {
        "label": "swrp",
        "type": "VariableRead"
      },
      "location-after-char-start": 2327,
      "location-after-char-end": 2330,
      "node-str": "swrp"
    },
    {
      "type": "insert-node",
      "node": {
        "label": "\"output/filterBased-test2.log\"",
        "type": "Literal"
      },
      "location-after-char-start": 2350,
      "location-after-char-end": 2379,
      "node-str": "\"output/filterBased-test2.log\""
    },
    {
      "type": "insert-node",
      "node": {
        "label": "swrp",
        "type": "VariableRead"
      },
      "location-after-char-start": 2388,
      "location-after-char-end": 2391,
      "node-str": "swrp"
    },
    {
      "type": "insert-node",
      "node": {
        "label": "\"output/filterBased-test2.%i\"",
        "type": "Literal"
      },
      "location-after-char-start": 2412,
      "location-after-char-end": 2440,
      "node-str": "\"output/filterBased-test2.%i\""
    },
    {
      "type": "insert-node",
      "node": {
        "label": "swrp",
        "type": "VariableRead"
      },
      "location-after-char-start": 2448,
      "location-after-char-end": 2451,
      "node-str": "swrp"
    },
    {
      "type": "insert-node",
      "node": {
        "label": "rfa",
        "type": "VariableRead"
      },
      "location-after-char-start": 2477,
      "location-after-char-end": 2479,
      "node-str": "rfa"
    },
    {
      "type": "insert-node",
      "node": {
        "label": "swrp",
        "type": "VariableRead"
      },
      "location-after-char-start": 2498,
      "location-after-char-end": 2501,
      "node-str": "swrp"
    },
    {
      "type": "insert-node",
      "node": {
        "label": "rfa",
        "type": "VariableRead"
      },
      "location-after-char-start": 2509,
      "location-after-char-end": 2511,
      "node-str": "rfa"
    },
    {
      "type": "insert-node",
      "node": {
        "label": "fbtp",
        "type": "VariableRead"
      },
      "location-after-char-start": 2533,
      "location-after-char-end": 2536,
      "node-str": "fbtp"
    },
    {
      "type": "insert-node",
      "node": {
        "label": "rfa",
        "type": "VariableRead"
      },
      "location-after-char-start": 2544,
      "location-after-char-end": 2546,
      "node-str": "rfa"
    },
    {
      "type": "insert-node",
      "node": {
        "label": "getRootLogger",
        "type": "Invocation"
      },
      "location-after-char-start": 2571,
      "location-after-char-end": 2592,
      "node-str": "getRootLogger"
    },
    {
      "type": "insert-node",
      "node": {
        "label": "rfa",
        "type": "VariableRead"
      },
      "location-after-char-start": 2606,
      "location-after-char-end": 2608,
      "node-str": "rfa"
    },
    {
      "type": "insert-node",
      "node": {
        "label": "getRootLogger",
        "type": "Invocation"
      },
      "location-after-char-start": 2616,
      "location-after-char-end": 2637,
      "node-str": "getRootLogger"
    },
    {
      "type": "insert-node",
      "node": {
        "label": "Level.DEBUG",
        "type": "TypeAccess"
      },
      "location-after-char-start": 2648,
      "location-after-char-end": 2658,
      "node-str": "Level.DEBUG"
    },
    {
      "type": "insert-node",
      "node": {
        "label": "org.apache.log4j.rolling.FilterBasedRollingTest",
        "type": "TypeAccess"
      },
      "location-after-char-start": 0,
      "location-after-char-end": 0,
      "node-str": "org.apache.log4j.rolling.FilterBasedRollingTest"
    },
    {
      "type": "insert-node",
      "node": {
        "label": "\"output/filterBased-test2\"",
        "type": "Literal"
      },
      "location-after-char-start": 2674,
      "location-after-char-end": 2699,
      "node-str": "\"output/filterBased-test2\""
    },
    {
      "type": "insert-node",
      "node": {
        "label": "java.lang.String",
        "type": "VARIABLE_TYPE"
      },
      "location-after-char-start": 0,
      "location-after-char-end": 0,
      "node-str": "java.lang.String"
    },
    {
      "type": "insert-node",
      "node": {
        "label": "Logger",
        "type": "VARIABLE_TYPE"
      },
      "location-after-char-start": 0,
      "location-after-char-end": 0,
      "node-str": "Logger"
    },
    {
      "type": "insert-node",
      "node": {
        "label": "getLogger",
        "type": "Invocation"
      },
      "location-after-char-start": 2839,
      "location-after-char-end": 2884,
      "node-str": "getLogger"
    },
    {
      "type": "insert-node",
      "node": {
        "label": "compare",
        "type": "Invocation"
      },
      "location-after-char-start": 3391,
      "location-after-char-end": 3457,
      "node-str": "compare"
    },
    {
      "type": "insert-node",
      "node": {
        "label": "compare",
        "type": "Invocation"
      },
      "location-after-char-start": 3483,
      "location-after-char-end": 3545,
      "node-str": "compare"
    },
    {
      "type": "insert-node",
      "node": {
        "label": "compare",
        "type": "Invocation"
      },
      "location-after-char-start": 3571,
      "location-after-char-end": 3633,
      "node-str": "compare"
    },
    {
      "type": "insert-node",
      "node": {
        "label": "PatternLayout(java.lang.String)",
        "type": "ConstructorCall"
      },
      "location-after-char-start": 1172,
      "location-after-char-end": 1210,
      "node-str": "PatternLayout(java.lang.String)"
    },
    {
      "type": "insert-node",
      "node": {
        "label": "Logger",
        "type": "TypeAccess"
      },
      "location-after-char-start": 1249,
      "location-after-char-end": 1254,
      "node-str": "Logger"
    },
    {
      "type": "insert-node",
      "node": {
        "label": "LogManager",
        "type": "TypeAccess"
      },
      "location-after-char-start": 1579,
      "location-after-char-end": 1588,
      "node-str": "LogManager"
    },
    {
      "type": "insert-node",
      "node": {
        "label": "\"%m\\n\"",
        "type": "Literal"
      },
      "location-after-char-start": 1898,
      "location-after-char-end": 1903,
      "node-str": "\"%m\\n\""
    },
    {
      "type": "insert-node",
      "node": {
        "label": "Logger",
        "type": "TypeAccess"
      },
      "location-after-char-start": 2571,
      "location-after-char-end": 2576,
      "node-str": "Logger"
    },
    {
      "type": "insert-node",
      "node": {
        "label": "Logger",
        "type": "TypeAccess"
      },
      "location-after-char-start": 2616,
      "location-after-char-end": 2621,
      "node-str": "Logger"
    },
    {
      "type": "insert-node",
      "node": {
        "label": "Logger",
        "type": "TypeAccess"
      },
      "location-after-char-start": 2839,
      "location-after-char-end": 2844,
      "node-str": "Logger"
    },
    {
      "type": "insert-node",
      "node": {
        "label": "class",
        "type": "FieldRead"
      },
      "location-after-char-start": 2856,
      "location-after-char-end": 2883,
      "node-str": "class"
    },
    {
      "type": "insert-node",
      "node": {
        "label": "org.apache.log4j.util.Compare",
        "type": "TypeAccess"
      },
      "location-after-char-start": 3391,
      "location-after-char-end": 3397,
      "node-str": "org.apache.log4j.util.Compare"
    },
    {
      "type": "insert-node",
      "node": {
        "label": "PLUS",
        "type": "BinaryOperator"
      },
      "location-after-char-start": 3407,
      "location-after-char-end": 3423,
      "node-str": "PLUS"
    },
    {
      "type": "insert-node",
      "node": {
        "label": "\"witness/rolling/sbr-test2.log\"",
        "type": "Literal"
      },
      "location-after-char-start": 3426,
      "location-after-char-end": 3456,
      "node-str": "\"witness/rolling/sbr-test2.log\""
    },
    {
      "type": "insert-node",
      "node": {
        "label": "org.apache.log4j.util.Compare",
        "type": "TypeAccess"
      },
      "location-after-char-start": 3483,
      "location-after-char-end": 3489,
      "node-str": "org.apache.log4j.util.Compare"
    },
    {
      "type": "insert-node",
      "node": {
        "label": "PLUS",
        "type": "BinaryOperator"
      },
      "location-after-char-start": 3499,
      "location-after-char-end": 3513,
      "node-str": "PLUS"
    },
    {
      "type": "insert-node",
      "node": {
        "label": "\"witness/rolling/sbr-test2.0\"",
        "type": "Literal"
      },
      "location-after-char-start": 3516,
      "location-after-char-end": 3544,
      "node-str": "\"witness/rolling/sbr-test2.0\""
    },
    {
      "type": "insert-node",
      "node": {
        "label": "org.apache.log4j.util.Compare",
        "type": "TypeAccess"
      },
      "location-after-char-start": 3571,
      "location-after-char-end": 3577,
      "node-str": "org.apache.log4j.util.Compare"
    },
    {
      "type": "insert-node",
      "node": {
        "label": "PLUS",
        "type": "BinaryOperator"
      },
      "location-after-char-start": 3587,
      "location-after-char-end": 3601,
      "node-str": "PLUS"
    },
    {
      "type": "insert-node",
      "node": {
        "label": "\"witness/rolling/sbr-test2.1\"",
        "type": "Literal"
      },
      "location-after-char-start": 3604,
      "location-after-char-end": 3632,
      "node-str": "\"witness/rolling/sbr-test2.1\""
    },
    {
      "type": "insert-node",
      "node": {
        "label": "\"%d %level %c -%m%n\"",
        "type": "Literal"
      },
      "location-after-char-start": 1190,
      "location-after-char-end": 1209,
      "node-str": "\"%d %level %c -%m%n\""
    },
    {
      "type": "insert-node",
      "node": {
        "label": "org.apache.log4j.rolling.FilterBasedRollingTest",
        "type": "TypeAccess"
      },
      "location-after-char-start": 0,
      "location-after-char-end": 0,
      "node-str": "org.apache.log4j.rolling.FilterBasedRollingTest"
    },
    {
      "type": "insert-node",
      "node": {
        "label": "baseName",
        "type": "VariableRead"
      },
      "location-after-char-start": 3407,
      "location-after-char-end": 3414,
      "node-str": "baseName"
    },
    {
      "type": "insert-node",
      "node": {
        "label": "\".log\"",
        "type": "Literal"
      },
      "location-after-char-start": 3418,
      "location-after-char-end": 3423,
      "node-str": "\".log\""
    },
    {
      "type": "insert-node",
      "node": {
        "label": "baseName",
        "type": "VariableRead"
      },
      "location-after-char-start": 3499,
      "location-after-char-end": 3506,
      "node-str": "baseName"
    },
    {
      "type": "insert-node",
      "node": {
        "label": "\".0\"",
        "type": "Literal"
      },
      "location-after-char-start": 3510,
      "location-after-char-end": 3513,
      "node-str": "\".0\""
    },
    {
      "type": "insert-node",
      "node": {
        "label": "baseName",
        "type": "VariableRead"
      },
      "location-after-char-start": 3587,
      "location-after-char-end": 3594,
      "node-str": "baseName"
    },
    {
      "type": "insert-node",
      "node": {
        "label": "\".1\"",
        "type": "Literal"
      },
      "location-after-char-start": 3598,
      "location-after-char-end": 3601,
      "node-str": "\".1\""
    },
    {
      "type": "delete-node",
      "node": {
        "label": "public",
        "type": "Modifier"
      },
      "location-before-char-start": 0,
      "location-before-char-end": 0,
      "node-str": "public"
    },
    {
      "type": "delete-node",
      "node": {
        "label": "junit.framework.TestCase",
        "type": "SUPER_TYPE"
      },
      "location-before-char-start": 0,
      "location-before-char-end": 0,
      "node-str": "junit.framework.TestCase"
    },
    {
      "type": "delete-node",
      "node": {
        "label": "",
        "type": "TypeReference"
      },
      "location-before-char-start": 1139,
      "location-before-char-end": 1146,
      "node-str": ""
    },
    {
      "type": "delete-node",
      "node": {
        "label": "public",
        "type": "Modifier"
      },
      "location-before-char-start": 0,
      "location-before-char-end": 0,
      "node-str": "public"
    },
    {
      "type": "delete-node",
      "node": {
        "label": "java.lang.String",
        "type": "VARIABLE_TYPE"
      },
      "location-before-char-start": 0,
      "location-before-char-end": 0,
      "node-str": "java.lang.String"
    },
    {
      "type": "delete-node",
      "node": {
        "label": "name",
        "type": "Parameter"
      },
      "location-before-char-start": 1182,
      "location-before-char-end": 1192,
      "node-str": "name"
    },
    {
      "type": "delete-node",
      "node": {
        "label": "name",
        "type": "VariableRead"
      },
      "location-before-char-start": 1207,
      "location-before-char-end": 1210,
      "node-str": "name"
    },
    {
      "type": "delete-node",
      "node": {
        "label": "\u003cinit\u003e",
        "type": "Invocation"
      },
      "location-before-char-start": 1201,
      "location-before-char-end": 1212,
      "node-str": "\u003cinit\u003e"
    },
    {
      "type": "delete-node",
      "node": {
        "label": "\u003cinit\u003e",
        "type": "Constructor"
      },
      "location-before-char-start": 1152,
      "location-before-char-end": 1216,
      "node-str": "\u003cinit\u003e"
    },
    {
      "type": "delete-node",
      "node": {
        "label": "void",
        "type": "RETURN_TYPE"
      },
      "location-before-char-start": 0,
      "location-before-char-end": 0,
      "node-str": "void"
    },
    {
      "type": "delete-node",
      "node": {
        "label": "public",
        "type": "Modifier"
      },
      "location-before-char-start": 0,
      "location-before-char-end": 0,
      "node-str": "public"
    },
    {
      "type": "delete-node",
      "node": {
        "label": "setUp",
        "type": "Method"
      },
      "location-before-char-start": 1221,
      "location-before-char-end": 1245,
      "node-str": "setUp"
    },
    {
      "type": "delete-node",
      "node": {
        "label": "void",
        "type": "RETURN_TYPE"
      },
      "location-before-char-start": 0,
      "location-before-char-end": 0,
      "node-str": "void"
    },
    {
      "type": "delete-node",
      "node": {
        "label": "public",
        "type": "Modifier"
      },
      "location-before-char-start": 0,
      "location-before-char-end": 0,
      "node-str": "public"
    },
    {
      "type": "delete-node",
      "node": {
        "label": "org.apache.log4j.LogManager",
        "type": "TypeAccess"
      },
      "location-before-char-start": 1279,
      "location-before-char-end": 1288,
      "node-str": "org.apache.log4j.LogManager"
    },
    {
      "type": "delete-node",
      "node": {
        "label": "shutdown",
        "type": "Invocation"
      },
      "location-before-char-start": 1279,
      "location-before-char-end": 1300,
      "node-str": "shutdown"
    },
    {
      "type": "delete-node",
      "node": {
        "label": "tearDown",
        "type": "Method"
      },
      "location-before-char-start": 1250,
      "location-before-char-end": 1304,
      "node-str": "tearDown"
    },
    {
      "type": "delete-node",
      "node": {
        "label": "void",
        "type": "RETURN_TYPE"
      },
      "location-before-char-start": 0,
      "location-before-char-end": 0,
      "node-str": "void"
    },
    {
      "type": "delete-node",
      "node": {
        "label": "java.lang.Exception",
        "type": "THROWS"
      },
      "location-before-char-start": 0,
      "location-before-char-end": 0,
      "node-str": "java.lang.Exception"
    },
    {
      "type": "delete-node",
      "node": {
        "label": "public",
        "type": "Modifier"
      },
      "location-before-char-start": 0,
      "location-before-char-end": 0,
      "node-str": "public"
    },
    {
      "type": "delete-node",
      "node": {
        "label": "org.apache.log4j.joran.JoranConfigurator",
        "type": "VARIABLE_TYPE"
      },
      "location-before-char-start": 0,
      "location-before-char-end": 0,
      "node-str": "org.apache.log4j.joran.JoranConfigurator"
    },
    {
      "type": "delete-node",
      "node": {
        "label": "org.apache.log4j.joran.JoranConfigurator()",
        "type": "ConstructorCall"
      },
      "location-before-char-start": 1451,
      "location-before-char-end": 1473,
      "node-str": "org.apache.log4j.joran.JoranConfigurator()"
    },
    {
      "type": "delete-node",
      "node": {
        "label": "jc",
        "type": "LocalVariable"
      },
      "location-before-char-start": 1428,
      "location-before-char-end": 1474,
      "node-str": "jc"
    },
    {
      "type": "delete-node",
      "node": {
        "label": "jc",
        "type": "VariableRead"
      },
      "location-before-char-start": 1480,
      "location-before-char-end": 1481,
      "node-str": "jc"
    },
    {
      "type": "delete-node",
      "node": {
        "label": "\"./input/rolling/filter1.xml\"",
        "type": "Literal"
      },
      "location-before-char-start": 1502,
      "location-before-char-end": 1530,
      "node-str": "\"./input/rolling/filter1.xml\""
    },
    {
      "type": "delete-node",
      "node": {
        "label": "org.apache.log4j.LogManager",
        "type": "TypeAccess"
      },
      "location-before-char-start": 1533,
      "location-before-char-end": 1542,
      "node-str": "org.apache.log4j.LogManager"
    },
    {
      "type": "delete-node",
      "node": {
        "label": "getLoggerRepository",
        "type": "Invocation"
      },
      "location-before-char-start": 1533,
      "location-before-char-end": 1564,
      "node-str": "getLoggerRepository"
    },
    {
      "type": "delete-node",
      "node": {
        "label": "doConfigure",
        "type": "Invocation"
      },
      "location-before-char-start": 1480,
      "location-before-char-end": 1566,
      "node-str": "doConfigure"
    },
    {
      "type": "delete-node",
      "node": {
        "label": "jc",
        "type": "VariableRead"
      },
      "location-before-char-start": 1572,
      "location-before-char-end": 1573,
      "node-str": "jc"
    },
    {
      "type": "delete-node",
      "node": {
        "label": "dumpErrors",
        "type": "Invocation"
      },
      "location-before-char-start": 1572,
      "location-before-char-end": 1587,
      "node-str": "dumpErrors"
    },
    {
      "type": "delete-node",
      "node": {
        "label": "org.apache.log4j.rolling.FilterBasedRollingTest",
        "type": "TypeAccess"
      },
      "location-before-char-start": 0,
      "location-before-char-end": 0,
      "node-str": "org.apache.log4j.rolling.FilterBasedRollingTest"
    },
    {
      "type": "delete-node",
      "node": {
        "label": "\"output/filterBased-test1\"",
        "type": "Literal"
      },
      "location-before-char-start": 1601,
      "location-before-char-end": 1626,
      "node-str": "\"output/filterBased-test1\""
    },
    {
      "type": "delete-node",
      "node": {
        "label": "common",
        "type": "Invocation"
      },
      "location-before-char-start": 1594,
      "location-before-char-end": 1628,
      "node-str": "common"
    },
    {
      "type": "delete-node",
      "node": {
        "label": "test1",
        "type": "Method"
      },
      "location-before-char-start": 1309,
      "location-before-char-end": 1632,
      "node-str": "test1"
    },
    {
      "type": "delete-node",
      "node": {
        "label": "void",
        "type": "RETURN_TYPE"
      },
      "location-before-char-start": 0,
      "location-before-char-end": 0,
      "node-str": "void"
    },
    {
      "type": "delete-node",
      "node": {
        "label": "java.lang.Exception",
        "type": "THROWS"
      },
      "location-before-char-start": 0,
      "location-before-char-end": 0,
      "node-str": "java.lang.Exception"
    },
    {
      "type": "delete-node",
      "node": {
        "label": "public",
        "type": "Modifier"
      },
      "location-before-char-start": 0,
      "location-before-char-end": 0,
      "node-str": "public"
    },
    {
      "type": "delete-node",
      "node": {
        "label": "org.apache.log4j.PatternLayout",
        "type": "VARIABLE_TYPE"
      },
      "location-before-char-start": 0,
      "location-before-char-end": 0,
      "node-str": "org.apache.log4j.PatternLayout"
    },
    {
      "type": "delete-node",
      "node": {
        "label": "\"%m\\n\"",
        "type": "Literal"
      },
      "location-before-char-start": 1861,
      "location-before-char-end": 1866,
      "node-str": "\"%m\\n\""
    },
    {
      "type": "delete-node",
      "node": {
        "label": "org.apache.log4j.PatternLayout(java.lang.String)",
        "type": "ConstructorCall"
      },
      "location-before-char-start": 1843,
      "location-before-char-end": 1867,
      "node-str": "org.apache.log4j.PatternLayout(java.lang.String)"
    },
    {
      "type": "delete-node",
      "node": {
        "label": "layout",
        "type": "LocalVariable"
      },
      "location-before-char-start": 1820,
      "location-before-char-end": 1868,
      "node-str": "layout"
    },
    {
      "type": "delete-node",
      "node": {
        "label": "org.apache.log4j.rolling.RollingFileAppender",
        "type": "VARIABLE_TYPE"
      },
      "location-before-char-start": 0,
      "location-before-char-end": 0,
      "node-str": "org.apache.log4j.rolling.RollingFileAppender"
    },
    {
      "type": "delete-node",
      "node": {
        "label": "org.apache.log4j.rolling.RollingFileAppender()",
        "type": "ConstructorCall"
      },
      "location-before-char-start": 1900,
      "location-before-char-end": 1924,
      "node-str": "org.apache.log4j.rolling.RollingFileAppender()"
    },
    {
      "type": "delete-node",
      "node": {
        "label": "rfa",
        "type": "LocalVariable"
      },
      "location-before-char-start": 1874,
      "location-before-char-end": 1925,
      "node-str": "rfa"
    },
    {
      "type": "delete-node",
      "node": {
        "label": "rfa",
        "type": "VariableRead"
      },
      "location-before-char-start": 1931,
      "location-before-char-end": 1933,
      "node-str": "rfa"
    },
    {
      "type": "delete-node",
      "node": {
        "label": "\"ROLLING\"",
        "type": "Literal"
      },
      "location-before-char-start": 1943,
      "location-before-char-end": 1951,
      "node-str": "\"ROLLING\""
    },
    {
      "type": "delete-node",
      "node": {
        "label": "setName",
        "type": "Invocation"
      },
      "location-before-char-start": 1931,
      "location-before-char-end": 1953,
      "node-str": "setName"
    },
    {
      "type": "delete-node",
      "node": {
        "label": "rfa",
        "type": "VariableRead"
      },
      "location-before-char-start": 1959,
      "location-before-char-end": 1961,
      "node-str": "rfa"
    },
    {
      "type": "delete-node",
      "node": {
        "label": "layout",
        "type": "VariableRead"
      },
      "location-before-char-start": 1973,
      "location-before-char-end": 1978,
      "node-str": "layout"
    },
    {
      "type": "delete-node",
      "node": {
        "label": "setLayout",
        "type": "Invocation"
      },
      "location-before-char-start": 1959,
      "location-before-char-end": 1980,
      "node-str": "setLayout"
    },
    {
      "type": "delete-node",
      "node": {
        "label": "org.apache.log4j.rolling.FixedWindowRollingPolicy",
        "type": "VARIABLE_TYPE"
      },
      "location-before-char-start": 0,
      "location-before-char-end": 0,
      "node-str": "org.apache.log4j.rolling.FixedWindowRollingPolicy"
    },
    {
      "type": "delete-node",
      "node": {
        "label": "org.apache.log4j.rolling.FixedWindowRollingPolicy()",
        "type": "ConstructorCall"
      },
      "location-before-char-start": 2019,
      "location-before-char-end": 2048,
      "node-str": "org.apache.log4j.rolling.FixedWindowRollingPolicy()"
    },
    {
      "type": "delete-node",
      "node": {
        "label": "swrp",
        "type": "LocalVariable"
      },
      "location-before-char-start": 1987,
      "location-before-char-end": 2049,
      "node-str": "swrp"
    },
    {
      "type": "delete-node",
      "node": {
        "label": "org.apache.log4j.rolling.FilterBasedTriggeringPolicy",
        "type": "VARIABLE_TYPE"
      },
      "location-before-char-start": 0,
      "location-before-char-end": 0,
      "node-str": "org.apache.log4j.rolling.FilterBasedTriggeringPolicy"
    },
    {
      "type": "delete-node",
      "node": {
        "label": "org.apache.log4j.rolling.FilterBasedTriggeringPolicy()",
        "type": "ConstructorCall"
      },
      "location-before-char-start": 2090,
      "location-before-char-end": 2122,
      "node-str": "org.apache.log4j.rolling.FilterBasedTriggeringPolicy()"
    },
    {
      "type": "delete-node",
      "node": {
        "label": "fbtp",
        "type": "LocalVariable"
      },
      "location-before-char-start": 2055,
      "location-before-char-end": 2123,
      "node-str": "fbtp"
    },
    {
      "type": "delete-node",
      "node": {
        "label": "org.apache.log4j.filter.LevelRangeFilter",
        "type": "VARIABLE_TYPE"
      },
      "location-before-char-start": 0,
      "location-before-char-end": 0,
      "node-str": "org.apache.log4j.filter.LevelRangeFilter"
    },
    {
      "type": "delete-node",
      "node": {
        "label": "org.apache.log4j.filter.LevelRangeFilter()",
        "type": "ConstructorCall"
      },
      "location-before-char-start": 2152,
      "location-before-char-end": 2173,
      "node-str": "org.apache.log4j.filter.LevelRangeFilter()"
    },
    {
      "type": "delete-node",
      "node": {
        "label": "rf",
        "type": "LocalVariable"
      },
      "location-before-char-start": 2130,
      "location-before-char-end": 2174,
      "node-str": "rf"
    },
    {
      "type": "delete-node",
      "node": {
        "label": "rf",
        "type": "VariableRead"
      },
      "location-before-char-start": 2180,
      "location-before-char-end": 2181,
      "node-str": "rf"
    },
    {
      "type": "delete-node",
      "node": {
        "label": "Level.INFO",
        "type": "TypeAccess"
      },
      "location-before-char-start": 2195,
      "location-before-char-end": 2204,
      "node-str": "Level.INFO"
    },
    {
      "type": "delete-node",
      "node": {
        "label": "setLevelMin",
        "type": "Invocation"
      },
      "location-before-char-start": 2180,
      "location-before-char-end": 2206,
      "node-str": "setLevelMin"
    },
    {
      "type": "delete-node",
      "node": {
        "label": "fbtp",
        "type": "VariableRead"
      },
      "location-before-char-start": 2212,
      "location-before-char-end": 2215,
      "node-str": "fbtp"
    },
    {
      "type": "delete-node",
      "node": {
        "label": "rf",
        "type": "VariableRead"
      },
      "location-before-char-start": 2227,
      "location-before-char-end": 2228,
      "node-str": "rf"
    },
    {
      "type": "delete-node",
      "node": {
        "label": "addFilter",
        "type": "Invocation"
      },
      "location-before-char-start": 2212,
      "location-before-char-end": 2230,
      "node-str": "addFilter"
    },
    {
      "type": "delete-node",
      "node": {
        "label": "fbtp",
        "type": "VariableRead"
      },
      "location-before-char-start": 2236,
      "location-before-char-end": 2239,
      "node-str": "fbtp"
    },
    {
      "type": "delete-node",
      "node": {
        "label": "activateOptions",
        "type": "Invocation"
      },
      "location-before-char-start": 2236,
      "location-before-char-end": 2258,
      "node-str": "activateOptions"
    },
    {
      "type": "delete-node",
      "node": {
        "label": "swrp",
        "type": "VariableRead"
      },
      "location-before-char-start": 2265,
      "location-before-char-end": 2268,
      "node-str": "swrp"
    },
    {
      "type": "delete-node",
      "node": {
        "label": "0",
        "type": "Literal"
      },
      "location-before-char-start": 2282,
      "location-before-char-end": 2282,
      "node-str": "0"
    },
    {
      "type": "delete-node",
      "node": {
        "label": "setMinIndex",
        "type": "Invocation"
      },
      "location-before-char-start": 2265,
      "location-before-char-end": 2284,
      "node-str": "setMinIndex"
    },
    {
      "type": "delete-node",
      "node": {
        "label": "swrp",
        "type": "VariableRead"
      },
      "location-before-char-start": 2290,
      "location-before-char-end": 2293,
      "node-str": "swrp"
    },
    {
      "type": "delete-node",
      "node": {
        "label": "\"output/filterBased-test2.log\"",
        "type": "Literal"
      },
      "location-before-char-start": 2313,
      "location-before-char-end": 2342,
      "node-str": "\"output/filterBased-test2.log\""
    },
    {
      "type": "delete-node",
      "node": {
        "label": "setActiveFileName",
        "type": "Invocation"
      },
      "location-before-char-start": 2290,
      "location-before-char-end": 2344,
      "node-str": "setActiveFileName"
    },
    {
      "type": "delete-node",
      "node": {
        "label": "swrp",
        "type": "VariableRead"
      },
      "location-before-char-start": 2351,
      "location-before-char-end": 2354,
      "node-str": "swrp"
    },
    {
      "type": "delete-node",
      "node": {
        "label": "\"output/filterBased-test2.%i\"",
        "type": "Literal"
      },
      "location-before-char-start": 2375,
      "location-before-char-end": 2403,
      "node-str": "\"output/filterBased-test2.%i\""
    },
    {
      "type": "delete-node",
      "node": {
        "label": "setFileNamePattern",
        "type": "Invocation"
      },
      "location-before-char-start": 2351,
      "location-before-char-end": 2405,
      "node-str": "setFileNamePattern"
    },
    {
      "type": "delete-node",
      "node": {
        "label": "swrp",
        "type": "VariableRead"
      },
      "location-before-char-start": 2411,
      "location-before-char-end": 2414,
      "node-str": "swrp"
    },
    {
      "type": "delete-node",
      "node": {
        "label": "activateOptions",
        "type": "Invocation"
      },
      "location-before-char-start": 2411,
      "location-before-char-end": 2433,
      "node-str": "activateOptions"
    },
    {
      "type": "delete-node",
      "node": {
        "label": "rfa",
        "type": "VariableRead"
      },
      "location-before-char-start": 2440,
      "location-before-char-end": 2442,
      "node-str": "rfa"
    },
    {
      "type": "delete-node",
      "node": {
        "label": "swrp",
        "type": "VariableRead"
      },
      "location-before-char-start": 2461,
      "location-before-char-end": 2464,
      "node-str": "swrp"
    },
    {
      "type": "delete-node",
      "node": {
        "label": "setRollingPolicy",
        "type": "Invocation"
      },
      "location-before-char-start": 2440,
      "location-before-char-end": 2466,
      "node-str": "setRollingPolicy"
    },
    {
      "type": "delete-node",
      "node": {
        "label": "rfa",
        "type": "VariableRead"
      },
      "location-before-char-start": 2472,
      "location-before-char-end": 2474,
      "node-str": "rfa"
    },
    {
      "type": "delete-node",
      "node": {
        "label": "fbtp",
        "type": "VariableRead"
      },
      "location-before-char-start": 2496,
      "location-before-char-end": 2499,
      "node-str": "fbtp"
    },
    {
      "type": "delete-node",
      "node": {
        "label": "setTriggeringPolicy",
        "type": "Invocation"
      },
      "location-before-char-start": 2472,
      "location-before-char-end": 2501,
      "node-str": "setTriggeringPolicy"
    },
    {
      "type": "delete-node",
      "node": {
        "label": "rfa",
        "type": "VariableRead"
      },
      "location-before-char-start": 2507,
      "location-before-char-end": 2509,
      "node-str": "rfa"
    },
    {
      "type": "delete-node",
      "node": {
        "label": "activateOptions",
        "type": "Invocation"
      },
      "location-before-char-start": 2507,
      "location-before-char-end": 2528,
      "node-str": "activateOptions"
    },
    {
      "type": "delete-node",
      "node": {
        "label": "org.apache.log4j.Logger",
        "type": "TypeAccess"
      },
      "location-before-char-start": 2534,
      "location-before-char-end": 2539,
      "node-str": "org.apache.log4j.Logger"
    },
    {
      "type": "delete-node",
      "node": {
        "label": "getRootLogger",
        "type": "Invocation"
      },
      "location-before-char-start": 2534,
      "location-before-char-end": 2555,
      "node-str": "getRootLogger"
    },
    {
      "type": "delete-node",
      "node": {
        "label": "rfa",
        "type": "VariableRead"
      },
      "location-before-char-start": 2569,
      "location-before-char-end": 2571,
      "node-str": "rfa"
    },
    {
      "type": "delete-node",
      "node": {
        "label": "addAppender",
        "type": "Invocation"
      },
      "location-before-char-start": 2534,
      "location-before-char-end": 2573,
      "node-str": "addAppender"
    },
    {
      "type": "delete-node",
      "node": {
        "label": "org.apache.log4j.rolling.FilterBasedRollingTest",
        "type": "TypeAccess"
      },
      "location-before-char-start": 0,
      "location-before-char-end": 0,
      "node-str": "org.apache.log4j.rolling.FilterBasedRollingTest"
    },
    {
      "type": "delete-node",
      "node": {
        "label": "\"output/filterBased-test2\"",
        "type": "Literal"
      },
      "location-before-char-start": 2587,
      "location-before-char-end": 2612,
      "node-str": "\"output/filterBased-test2\""
    },
    {
      "type": "delete-node",
      "node": {
        "label": "common",
        "type": "Invocation"
      },
      "location-before-char-start": 2580,
      "location-before-char-end": 2614,
      "node-str": "common"
    },
    {
      "type": "delete-node",
      "node": {
        "label": "xtest2",
        "type": "Method"
      },
      "location-before-char-start": 1637,
      "location-before-char-end": 2618,
      "node-str": "xtest2"
    },
    {
      "type": "delete-node",
      "node": {
        "label": "void",
        "type": "RETURN_TYPE"
      },
      "location-before-char-start": 0,
      "location-before-char-end": 0,
      "node-str": "void"
    },
    {
      "type": "delete-node",
      "node": {
        "label": "java.lang.Exception",
        "type": "THROWS"
      },
      "location-before-char-start": 0,
      "location-before-char-end": 0,
      "node-str": "java.lang.Exception"
    },
    {
      "type": "delete-node",
      "node": {
        "label": "java.lang.String",
        "type": "VARIABLE_TYPE"
      },
      "location-before-char-start": 0,
      "location-before-char-end": 0,
      "node-str": "java.lang.String"
    },
    {
      "type": "delete-node",
      "node": {
        "label": "baseName",
        "type": "Parameter"
      },
      "location-before-char-start": 2696,
      "location-before-char-end": 2710,
      "node-str": "baseName"
    },
    {
      "type": "delete-node",
      "node": {
        "label": "org.apache.log4j.Logger",
        "type": "VARIABLE_TYPE"
      },
      "location-before-char-start": 0,
      "location-before-char-end": 0,
      "node-str": "org.apache.log4j.Logger"
    },
    {
      "type": "delete-node",
      "node": {
        "label": "org.apache.log4j.Logger",
        "type": "TypeAccess"
      },
      "location-before-char-start": 2752,
      "location-before-char-end": 2757,
      "node-str": "org.apache.log4j.Logger"
    },
    {
      "type": "delete-node",
      "node": {
        "label": "org.apache.log4j.rolling.FilterBasedRollingTest",
        "type": "TypeAccess"
      },
      "location-before-char-start": 0,
      "location-before-char-end": 0,
      "node-str": "org.apache.log4j.rolling.FilterBasedRollingTest"
    },
    {
      "type": "delete-node",
      "node": {
        "label": "class",
        "type": "FieldRead"
      },
      "location-before-char-start": 2769,
      "location-before-char-end": 2796,
      "node-str": "class"
    },
    {
      "type": "delete-node",
      "node": {
        "label": "getLogger",
        "type": "Invocation"
      },
      "location-before-char-start": 2752,
      "location-before-char-end": 2797,
      "node-str": "getLogger"
    },
    {
      "type": "delete-node",
      "node": {
        "label": "logger",
        "type": "LocalVariable"
      },
      "location-before-char-start": 2736,
      "location-before-char-end": 2798,
      "node-str": "logger"
    },
    {
      "type": "delete-node",
      "node": {
        "label": "org.apache.log4j.util.Compare",
        "type": "TypeAccess"
      },
      "location-before-char-start": 3304,
      "location-before-char-end": 3310,
      "node-str": "org.apache.log4j.util.Compare"
    },
    {
      "type": "delete-node",
      "node": {
        "label": "baseName",
        "type": "VariableRead"
      },
      "location-before-char-start": 3320,
      "location-before-char-end": 3327,
      "node-str": "baseName"
    },
    {
      "type": "delete-node",
      "node": {
        "label": "\".log\"",
        "type": "Literal"
      },
      "location-before-char-start": 3331,
      "location-before-char-end": 3336,
      "node-str": "\".log\""
    },
    {
      "type": "delete-node",
      "node": {
        "label": "PLUS",
        "type": "BinaryOperator"
      },
      "location-before-char-start": 3320,
      "location-before-char-end": 3336,
      "node-str": "PLUS"
    },
    {
      "type": "delete-node",
      "node": {
        "label": "\"witness/rolling/sbr-test2.log\"",
        "type": "Literal"
      },
      "location-before-char-start": 3339,
      "location-before-char-end": 3369,
      "node-str": "\"witness/rolling/sbr-test2.log\""
    },
    {
      "type": "delete-node",
      "node": {
        "label": "compare",
        "type": "Invocation"
      },
      "location-before-char-start": 3304,
      "location-before-char-end": 3370,
      "node-str": "compare"
    },
    {
      "type": "delete-node",
      "node": {
        "label": "assertTrue",
        "type": "Invocation"
      },
      "location-before-char-start": 3286,
      "location-before-char-end": 3372,
      "node-str": "assertTrue"
    },
    {
      "type": "delete-node",
      "node": {
        "label": "org.apache.log4j.util.Compare",
        "type": "TypeAccess"
      },
      "location-before-char-start": 3396,
      "location-before-char-end": 3402,
      "node-str": "org.apache.log4j.util.Compare"
    },
    {
      "type": "delete-node",
      "node": {
        "label": "baseName",
        "type": "VariableRead"
      },
      "location-before-char-start": 3412,
      "location-before-char-end": 3419,
      "node-str": "baseName"
    },
    {
      "type": "delete-node",
      "node": {
        "label": "\".0\"",
        "type": "Literal"
      },
      "location-before-char-start": 3423,
      "location-before-char-end": 3426,
      "node-str": "\".0\""
    },
    {
      "type": "delete-node",
      "node": {
        "label": "PLUS",
        "type": "BinaryOperator"
      },
      "location-before-char-start": 3412,
      "location-before-char-end": 3426,
      "node-str": "PLUS"
    },
    {
      "type": "delete-node",
      "node": {
        "label": "\"witness/rolling/sbr-test2.0\"",
        "type": "Literal"
      },
      "location-before-char-start": 3429,
      "location-before-char-end": 3457,
      "node-str": "\"witness/rolling/sbr-test2.0\""
    },
    {
      "type": "delete-node",
      "node": {
        "label": "compare",
        "type": "Invocation"
      },
      "location-before-char-start": 3396,
      "location-before-char-end": 3458,
      "node-str": "compare"
    },
    {
      "type": "delete-node",
      "node": {
        "label": "assertTrue",
        "type": "Invocation"
      },
      "location-before-char-start": 3378,
      "location-before-char-end": 3460,
      "node-str": "assertTrue"
    },
    {
      "type": "delete-node",
      "node": {
        "label": "org.apache.log4j.util.Compare",
        "type": "TypeAccess"
      },
      "location-before-char-start": 3484,
      "location-before-char-end": 3490,
      "node-str": "org.apache.log4j.util.Compare"
    },
    {
      "type": "delete-node",
      "node": {
        "label": "baseName",
        "type": "VariableRead"
      },
      "location-before-char-start": 3500,
      "location-before-char-end": 3507,
      "node-str": "baseName"
    },
    {
      "type": "delete-node",
      "node": {
        "label": "\".1\"",
        "type": "Literal"
      },
      "location-before-char-start": 3511,
      "location-before-char-end": 3514,
      "node-str": "\".1\""
    },
    {
      "type": "delete-node",
      "node": {
        "label": "PLUS",
        "type": "BinaryOperator"
      },
      "location-before-char-start": 3500,
      "location-before-char-end": 3514,
      "node-str": "PLUS"
    },
    {
      "type": "delete-node",
      "node": {
        "label": "\"witness/rolling/sbr-test2.1\"",
        "type": "Literal"
      },
      "location-before-char-start": 3517,
      "location-before-char-end": 3545,
      "node-str": "\"witness/rolling/sbr-test2.1\""
    },
    {
      "type": "delete-node",
      "node": {
        "label": "compare",
        "type": "Invocation"
      },
      "location-before-char-start": 3484,
      "location-before-char-end": 3546,
      "node-str": "compare"
    },
    {
      "type": "delete-node",
      "node": {
        "label": "assertTrue",
        "type": "Invocation"
      },
      "location-before-char-start": 3466,
      "location-before-char-end": 3548,
      "node-str": "assertTrue"
    },
    {
      "type": "delete-node",
      "node": {
        "label": "common",
        "type": "Method"
      },
      "location-before-char-start": 2623,
      "location-before-char-end": 3552,
      "node-str": "common"
    },
    {
      "type": "delete-node",
      "node": {
        "label": "FilterBasedRollingTest",
        "type": "Class"
      },
      "location-before-char-start": 968,
      "location-before-char-end": 3554,
      "node-str": "FilterBasedRollingTest"
    }
  ],
  "before-file": {},
  "after-file": {},
  "mapping": {}
}