{
  "tool-info": {},
  "diff": [
    {
      "type": "insert-node",
      "node": {
        "label": "WSDLDefinitionFactory",
        "type": "Class"
      },
      "location-after-char-start": 513,
      "location-after-char-end": 5242,
      "node-str": "WSDLDefinitionFactory"
    },
    {
      "type": "insert-node",
      "node": {
        "label": "public",
        "type": "Modifier"
      },
      "location-after-char-start": 0,
      "location-after-char-end": 0,
      "node-str": "public"
    },
    {
      "type": "move-subtree",
      "node": {
        "label": "log",
        "type": "Field"
      },
      "location-before-char-start": 694,
      "location-before-char-end": 795,
      "location-after-char-start": 694,
      "location-after-char-end": 795,
      "node-str": "log"
    },
    {
      "type": "insert-node",
      "node": {
        "label": "FEATURE_IMPORT_DOCUMENTS",
        "type": "Field"
      },
      "location-after-char-start": 801,
      "location-after-char-end": 993,
      "node-str": "FEATURE_IMPORT_DOCUMENTS"
    },
    {
      "type": "insert-node",
      "node": {
        "label": "FEATURE_VERBOSE",
        "type": "Field"
      },
      "location-after-char-start": 998,
      "location-after-char-end": 1118,
      "node-str": "FEATURE_VERBOSE"
    },
    {
      "type": "insert-node",
      "node": {
        "label": "wsdlReader",
        "type": "Field"
      },
      "location-after-char-start": 1124,
      "location-after-char-end": 1203,
      "node-str": "wsdlReader"
    },
    {
      "type": "move-subtree",
      "node": {
        "label": "\u003cinit\u003e",
        "type": "Constructor"
      },
      "location-before-char-start": 1209,
      "location-before-char-end": 1400,
      "location-after-char-start": 1209,
      "location-after-char-end": 1400,
      "node-str": "\u003cinit\u003e"
    },
    {
      "type": "insert-node",
      "node": {
        "label": "newInstance",
        "type": "Method"
      },
      "location-after-char-start": 1406,
      "location-after-char-end": 1577,
      "node-str": "newInstance"
    },
    {
      "type": "move-subtree",
      "node": {
        "label": "setFeature",
        "type": "Method"
      },
      "location-before-char-start": 1583,
      "location-before-char-end": 1765,
      "location-after-char-start": 1583,
      "location-after-char-end": 1765,
      "node-str": "setFeature"
    },
    {
      "type": "move-subtree",
      "node": {
        "label": "parse",
        "type": "Method"
      },
      "location-before-char-start": 1771,
      "location-before-char-end": 2188,
      "location-after-char-start": 1771,
      "location-after-char-end": 2188,
      "node-str": "parse"
    },
    {
      "type": "insert-node",
      "node": {
        "label": "WSDLLocatorImpl",
        "type": "Class"
      },
      "location-after-char-start": 2194,
      "location-after-char-end": 5240,
      "node-str": "WSDLLocatorImpl"
    },
    {
      "type": "insert-node",
      "node": {
        "label": "java.lang.String",
        "type": "VARIABLE_TYPE"
      },
      "location-after-char-start": 0,
      "location-after-char-end": 0,
      "node-str": "java.lang.String"
    },
    {
      "type": "insert-node",
      "node": {
        "label": "final",
        "type": "Modifier"
      },
      "location-after-char-start": 0,
      "location-after-char-end": 0,
      "node-str": "final"
    },
    {
      "type": "insert-node",
      "node": {
        "label": "public",
        "type": "Modifier"
      },
      "location-after-char-start": 0,
      "location-after-char-end": 0,
      "node-str": "public"
    },
    {
      "type": "insert-node",
      "node": {
        "label": "static",
        "type": "Modifier"
      },
      "location-after-char-start": 0,
      "location-after-char-end": 0,
      "node-str": "static"
    },
    {
      "type": "insert-node",
      "node": {
        "label": "\"javax.wsdl.importDocuments\"",
        "type": "Literal"
      },
      "location-after-char-start": 965,
      "location-after-char-end": 992,
      "node-str": "\"javax.wsdl.importDocuments\""
    },
    {
      "type": "insert-node",
      "node": {
        "label": "java.lang.String",
        "type": "VARIABLE_TYPE"
      },
      "location-after-char-start": 0,
      "location-after-char-end": 0,
      "node-str": "java.lang.String"
    },
    {
      "type": "insert-node",
      "node": {
        "label": "final",
        "type": "Modifier"
      },
      "location-after-char-start": 0,
      "location-after-char-end": 0,
      "node-str": "final"
    },
    {
      "type": "insert-node",
      "node": {
        "label": "public",
        "type": "Modifier"
      },
      "location-after-char-start": 0,
      "location-after-char-end": 0,
      "node-str": "public"
    },
    {
      "type": "insert-node",
      "node": {
        "label": "static",
        "type": "Modifier"
      },
      "location-after-char-start": 0,
      "location-after-char-end": 0,
      "node-str": "static"
    },
    {
      "type": "insert-node",
      "node": {
        "label": "\"javax.wsdl.verbose\"",
        "type": "Literal"
      },
      "location-after-char-start": 1098,
      "location-after-char-end": 1117,
      "node-str": "\"javax.wsdl.verbose\""
    },
    {
      "type": "insert-node",
      "node": {
        "label": "javax.wsdl.xml.WSDLReader",
        "type": "VARIABLE_TYPE"
      },
      "location-after-char-start": 0,
      "location-after-char-end": 0,
      "node-str": "javax.wsdl.xml.WSDLReader"
    },
    {
      "type": "insert-node",
      "node": {
        "label": "org.jboss.webservice.WSDLDefinitionFactory",
        "type": "RETURN_TYPE"
      },
      "location-after-char-start": 0,
      "location-after-char-end": 0,
      "node-str": "org.jboss.webservice.WSDLDefinitionFactory"
    },
    {
      "type": "insert-node",
      "node": {
        "label": "javax.wsdl.WSDLException",
        "type": "THROWS"
      },
      "location-after-char-start": 0,
      "location-after-char-end": 0,
      "node-str": "javax.wsdl.WSDLException"
    },
    {
      "type": "insert-node",
      "node": {
        "label": "public",
        "type": "Modifier"
      },
      "location-after-char-start": 0,
      "location-after-char-end": 0,
      "node-str": "public"
    },
    {
      "type": "insert-node",
      "node": {
        "label": "static",
        "type": "Modifier"
      },
      "location-after-char-start": 0,
      "location-after-char-end": 0,
      "node-str": "static"
    },
    {
      "type": "insert-node",
      "node": {
        "label": "return",
        "type": "Return"
      },
      "location-after-char-start": 1538,
      "location-after-char-end": 1572,
      "node-str": "return"
    },
    {
      "type": "insert-node",
      "node": {
        "label": "public",
        "type": "Modifier"
      },
      "location-after-char-start": 0,
      "location-after-char-end": 0,
      "node-str": "public"
    },
    {
      "type": "insert-node",
      "node": {
        "label": "static",
        "type": "Modifier"
      },
      "location-after-char-start": 0,
      "location-after-char-end": 0,
      "node-str": "static"
    },
    {
      "type": "insert-node",
      "node": {
        "label": "wsdlURL",
        "type": "Field"
      },
      "location-after-char-start": 2319,
      "location-after-char-end": 2338,
      "node-str": "wsdlURL"
    },
    {
      "type": "insert-node",
      "node": {
        "label": "latestImportURI",
        "type": "Field"
      },
      "location-after-char-start": 2346,
      "location-after-char-end": 2376,
      "node-str": "latestImportURI"
    },
    {
      "type": "move-subtree",
      "node": {
        "label": "\u003cinit\u003e",
        "type": "Constructor"
      },
      "location-before-char-start": 2385,
      "location-before-char-end": 2587,
      "location-after-char-start": 2385,
      "location-after-char-end": 2587,
      "node-str": "\u003cinit\u003e"
    },
    {
      "type": "insert-node",
      "node": {
        "label": "getBaseInputSource",
        "type": "Method"
      },
      "location-after-char-start": 2596,
      "location-after-char-end": 3029,
      "node-str": "getBaseInputSource"
    },
    {
      "type": "move-subtree",
      "node": {
        "label": "getBaseURI",
        "type": "Method"
      },
      "location-before-char-start": 3036,
      "location-before-char-end": 3119,
      "location-after-char-start": 3038,
      "location-after-char-end": 3121,
      "node-str": "getBaseURI"
    },
    {
      "type": "insert-node",
      "node": {
        "label": "getImportInputSource",
        "type": "Method"
      },
      "location-after-char-start": 3130,
      "location-after-char-end": 5144,
      "node-str": "getImportInputSource"
    },
    {
      "type": "move-subtree",
      "node": {
        "label": "getLatestImportURI",
        "type": "Method"
      },
      "location-before-char-start": 5152,
      "location-before-char-end": 5234,
      "location-after-char-start": 5153,
      "location-after-char-end": 5235,
      "node-str": "getLatestImportURI"
    },
    {
      "type": "insert-node",
      "node": {
        "label": "org.jboss.webservice.WSDLDefinitionFactory()",
        "type": "ConstructorCall"
      },
      "location-after-char-start": 1545,
      "location-after-char-end": 1571,
      "node-str": "org.jboss.webservice.WSDLDefinitionFactory()"
    },
    {
      "type": "insert-node",
      "node": {
        "label": "java.net.URL",
        "type": "VARIABLE_TYPE"
      },
      "location-after-char-start": 0,
      "location-after-char-end": 0,
      "node-str": "java.net.URL"
    },
    {
      "type": "insert-node",
      "node": {
        "label": "java.lang.String",
        "type": "VARIABLE_TYPE"
      },
      "location-after-char-start": 0,
      "location-after-char-end": 0,
      "node-str": "java.lang.String"
    },
    {
      "type": "insert-node",
      "node": {
        "label": "org.xml.sax.InputSource",
        "type": "RETURN_TYPE"
      },
      "location-after-char-start": 0,
      "location-after-char-end": 0,
      "node-str": "org.xml.sax.InputSource"
    },
    {
      "type": "insert-node",
      "node": {
        "label": "public",
        "type": "Modifier"
      },
      "location-after-char-start": 0,
      "location-after-char-end": 0,
      "node-str": "public"
    },
    {
      "type": "insert-node",
      "node": {
        "label": "",
        "type": "Try"
      },
      "location-after-char-start": 2653,
      "location-after-char-end": 3021,
      "node-str": ""
    },
    {
      "type": "insert-node",
      "node": {
        "label": "org.xml.sax.InputSource",
        "type": "RETURN_TYPE"
      },
      "location-after-char-start": 0,
      "location-after-char-end": 0,
      "node-str": "org.xml.sax.InputSource"
    },
    {
      "type": "insert-node",
      "node": {
        "label": "public",
        "type": "Modifier"
      },
      "location-after-char-start": 0,
      "location-after-char-end": 0,
      "node-str": "public"
    },
    {
      "type": "insert-node",
      "node": {
        "label": "parent",
        "type": "Parameter"
      },
      "location-after-char-start": 3170,
      "location-after-char-end": 3182,
      "node-str": "parent"
    },
    {
      "type": "insert-node",
      "node": {
        "label": "resource",
        "type": "Parameter"
      },
      "location-after-char-start": 3185,
      "location-after-char-end": 3199,
      "node-str": "resource"
    },
    {
      "type": "move-subtree",
      "node": {
        "label": "debug",
        "type": "Invocation"
      },
      "location-before-char-start": 3217,
      "location-before-char-end": 3300,
      "location-after-char-start": 3219,
      "location-after-char-end": 3302,
      "node-str": "debug"
    },
    {
      "type": "insert-node",
      "node": {
        "label": "parentURL",
        "type": "LocalVariable"
      },
      "location-after-char-start": 3314,
      "location-after-char-end": 3334,
      "node-str": "parentURL"
    },
    {
      "type": "move-subtree",
      "node": {
        "label": "",
        "type": "Try"
      },
      "location-before-char-start": 3343,
      "location-before-char-end": 3549,
      "location-after-char-start": 3345,
      "location-after-char-end": 3551,
      "node-str": ""
    },
    {
      "type": "insert-node",
      "node": {
        "label": "wsdlImport",
        "type": "LocalVariable"
      },
      "location-after-char-start": 3563,
      "location-after-char-end": 3587,
      "node-str": "wsdlImport"
    },
    {
      "type": "insert-node",
      "node": {
        "label": "external",
        "type": "LocalVariable"
      },
      "location-after-char-start": 3598,
      "location-after-char-end": 3642,
      "node-str": "external"
    },
    {
      "type": "move-subtree",
      "node": {
        "label": "if",
        "type": "If"
      },
      "location-before-char-start": 3680,
      "location-before-char-end": 4635,
      "location-after-char-start": 3682,
      "location-after-char-end": 4637,
      "node-str": "if"
    },
    {
      "type": "insert-node",
      "node": {
        "label": "",
        "type": "Try"
      },
      "location-after-char-start": 4649,
      "location-after-char-end": 5136,
      "node-str": ""
    },
    {
      "type": "move-subtree",
      "node": {
        "label": "is",
        "type": "LocalVariable"
      },
      "location-before-char-start": 2680,
      "location-before-char-end": 2717,
      "location-after-char-start": 2680,
      "location-after-char-end": 2717,
      "node-str": "is"
    },
    {
      "type": "move-subtree",
      "node": {
        "label": "if",
        "type": "If"
      },
      "location-before-char-start": 2731,
      "location-before-char-end": 2835,
      "location-after-char-start": 2731,
      "location-after-char-end": 2835,
      "node-str": "if"
    },
    {
      "type": "insert-node",
      "node": {
        "label": "return",
        "type": "Return"
      },
      "location-after-char-start": 2850,
      "location-after-char-end": 2876,
      "node-str": "return"
    },
    {
      "type": "insert-node",
      "node": {
        "label": "",
        "type": "Catch"
      },
      "location-after-char-start": 2888,
      "location-after-char-end": 3021,
      "node-str": ""
    },
    {
      "type": "insert-node",
      "node": {
        "label": "java.lang.String",
        "type": "VARIABLE_TYPE"
      },
      "location-after-char-start": 0,
      "location-after-char-end": 0,
      "node-str": "java.lang.String"
    },
    {
      "type": "insert-node",
      "node": {
        "label": "java.lang.String",
        "type": "VARIABLE_TYPE"
      },
      "location-after-char-start": 0,
      "location-after-char-end": 0,
      "node-str": "java.lang.String"
    },
    {
      "type": "insert-node",
      "node": {
        "label": "java.net.URL",
        "type": "VARIABLE_TYPE"
      },
      "location-after-char-start": 0,
      "location-after-char-end": 0,
      "node-str": "java.net.URL"
    },
    {
      "type": "insert-node",
      "node": {
        "label": "null",
        "type": "Literal"
      },
      "location-after-char-start": 3330,
      "location-after-char-end": 3333,
      "node-str": "null"
    },
    {
      "type": "insert-node",
      "node": {
        "label": "java.lang.String",
        "type": "VARIABLE_TYPE"
      },
      "location-after-char-start": 0,
      "location-after-char-end": 0,
      "node-str": "java.lang.String"
    },
    {
      "type": "insert-node",
      "node": {
        "label": "null",
        "type": "Literal"
      },
      "location-after-char-start": 3583,
      "location-after-char-end": 3586,
      "node-str": "null"
    },
    {
      "type": "insert-node",
      "node": {
        "label": "java.lang.String",
        "type": "VARIABLE_TYPE"
      },
      "location-after-char-start": 0,
      "location-after-char-end": 0,
      "node-str": "java.lang.String"
    },
    {
      "type": "insert-node",
      "node": {
        "label": "toExternalForm",
        "type": "Invocation"
      },
      "location-after-char-start": 3616,
      "location-after-char-end": 3641,
      "node-str": "toExternalForm"
    },
    {
      "type": "insert-node",
      "node": {
        "label": "debug",
        "type": "Invocation"
      },
      "location-after-char-start": 4676,
      "location-after-char-end": 4715,
      "node-str": "debug"
    },
    {
      "type": "move-subtree",
      "node": {
        "label": "is",
        "type": "LocalVariable"
      },
      "location-before-char-start": 4727,
      "location-before-char-end": 4776,
      "location-after-char-start": 4729,
      "location-after-char-end": 4778,
      "node-str": "is"
    },
    {
      "type": "move-subtree",
      "node": {
        "label": "if",
        "type": "If"
      },
      "location-before-char-start": 4790,
      "location-before-char-end": 4897,
      "location-after-char-start": 4792,
      "location-after-char-end": 4899,
      "node-str": "if"
    },
    {
      "type": "insert-node",
      "node": {
        "label": "\u003d",
        "type": "Assignment"
      },
      "location-after-char-start": 4914,
      "location-after-char-end": 4942,
      "node-str": "\u003d"
    },
    {
      "type": "insert-node",
      "node": {
        "label": "return",
        "type": "Return"
      },
      "location-after-char-start": 4956,
      "location-after-char-end": 4982,
      "node-str": "return"
    },
    {
      "type": "insert-node",
      "node": {
        "label": "",
        "type": "Catch"
      },
      "location-after-char-start": 4994,
      "location-after-char-end": 5136,
      "node-str": ""
    },
    {
      "type": "insert-node",
      "node": {
        "label": "org.xml.sax.InputSource(java.io.InputStream)",
        "type": "ConstructorCall"
      },
      "location-after-char-start": 2857,
      "location-after-char-end": 2875,
      "node-str": "org.xml.sax.InputSource(java.io.InputStream)"
    },
    {
      "type": "insert-node",
      "node": {
        "label": "e",
        "type": "CatchVariable"
      },
      "location-after-char-start": 2905,
      "location-after-char-end": 2917,
      "node-str": "e"
    },
    {
      "type": "insert-node",
      "node": {
        "label": "",
        "type": "Throw"
      },
      "location-after-char-start": 2943,
      "location-after-char-end": 3010,
      "node-str": ""
    },
    {
      "type": "insert-node",
      "node": {
        "label": "parentURL",
        "type": "VariableRead"
      },
      "location-after-char-start": 3616,
      "location-after-char-end": 3624,
      "node-str": "parentURL"
    },
    {
      "type": "insert-node",
      "node": {
        "label": "log",
        "type": "FieldRead"
      },
      "location-after-char-start": 4676,
      "location-after-char-end": 4678,
      "node-str": "log"
    },
    {
      "type": "insert-node",
      "node": {
        "label": "PLUS",
        "type": "BinaryOperator"
      },
      "location-after-char-start": 4686,
      "location-after-char-end": 4713,
      "node-str": "PLUS"
    },
    {
      "type": "insert-node",
      "node": {
        "label": "latestImportURI",
        "type": "FieldWrite"
      },
      "location-after-char-start": 4914,
      "location-after-char-end": 4928,
      "node-str": "latestImportURI"
    },
    {
      "type": "insert-node",
      "node": {
        "label": "wsdlImport",
        "type": "VariableRead"
      },
      "location-after-char-start": 4932,
      "location-after-char-end": 4941,
      "node-str": "wsdlImport"
    },
    {
      "type": "insert-node",
      "node": {
        "label": "org.xml.sax.InputSource(java.io.InputStream)",
        "type": "ConstructorCall"
      },
      "location-after-char-start": 4963,
      "location-after-char-end": 4981,
      "node-str": "org.xml.sax.InputSource(java.io.InputStream)"
    },
    {
      "type": "insert-node",
      "node": {
        "label": "e",
        "type": "CatchVariable"
      },
      "location-after-char-start": 5011,
      "location-after-char-end": 5023,
      "node-str": "e"
    },
    {
      "type": "insert-node",
      "node": {
        "label": "",
        "type": "Throw"
      },
      "location-after-char-start": 5049,
      "location-after-char-end": 5125,
      "node-str": ""
    },
    {
      "type": "insert-node",
      "node": {
        "label": "is",
        "type": "VariableRead"
      },
      "location-after-char-start": 2873,
      "location-after-char-end": 2874,
      "node-str": "is"
    },
    {
      "type": "insert-node",
      "node": {
        "label": "java.io.IOException",
        "type": "VARIABLE_TYPE"
      },
      "location-after-char-start": 0,
      "location-after-char-end": 0,
      "node-str": "java.io.IOException"
    },
    {
      "type": "insert-node",
      "node": {
        "label": "java.lang.RuntimeException(java.lang.String)",
        "type": "ConstructorCall"
      },
      "location-after-char-start": 2949,
      "location-after-char-end": 3009,
      "node-str": "java.lang.RuntimeException(java.lang.String)"
    },
    {
      "type": "insert-node",
      "node": {
        "label": "\"Resolved to: \"",
        "type": "Literal"
      },
      "location-after-char-start": 4686,
      "location-after-char-end": 4700,
      "node-str": "\"Resolved to: \""
    },
    {
      "type": "insert-node",
      "node": {
        "label": "wsdlImport",
        "type": "VariableRead"
      },
      "location-after-char-start": 4704,
      "location-after-char-end": 4713,
      "node-str": "wsdlImport"
    },
    {
      "type": "insert-node",
      "node": {
        "label": "org.jboss.webservice.WSDLDefinitionFactory$WSDLLocatorImpl",
        "type": "TypeAccess"
      },
      "location-after-char-start": 0,
      "location-after-char-end": 0,
      "node-str": "org.jboss.webservice.WSDLDefinitionFactory$WSDLLocatorImpl"
    },
    {
      "type": "insert-node",
      "node": {
        "label": "is",
        "type": "VariableRead"
      },
      "location-after-char-start": 4979,
      "location-after-char-end": 4980,
      "node-str": "is"
    },
    {
      "type": "insert-node",
      "node": {
        "label": "java.io.IOException",
        "type": "VARIABLE_TYPE"
      },
      "location-after-char-start": 0,
      "location-after-char-end": 0,
      "node-str": "java.io.IOException"
    },
    {
      "type": "insert-node",
      "node": {
        "label": "java.lang.RuntimeException(java.lang.String)",
        "type": "ConstructorCall"
      },
      "location-after-char-start": 5055,
      "location-after-char-end": 5124,
      "node-str": "java.lang.RuntimeException(java.lang.String)"
    },
    {
      "type": "insert-node",
      "node": {
        "label": "PLUS",
        "type": "BinaryOperator"
      },
      "location-after-char-start": 2970,
      "location-after-char-end": 3008,
      "node-str": "PLUS"
    },
    {
      "type": "insert-node",
      "node": {
        "label": "PLUS",
        "type": "BinaryOperator"
      },
      "location-after-char-start": 5076,
      "location-after-char-end": 5123,
      "node-str": "PLUS"
    },
    {
      "type": "insert-node",
      "node": {
        "label": "\"Cannot access wsdl: \"",
        "type": "Literal"
      },
      "location-after-char-start": 2970,
      "location-after-char-end": 2991,
      "node-str": "\"Cannot access wsdl: \""
    },
    {
      "type": "insert-node",
      "node": {
        "label": "getMessage",
        "type": "Invocation"
      },
      "location-after-char-start": 2995,
      "location-after-char-end": 3008,
      "node-str": "getMessage"
    },
    {
      "type": "insert-node",
      "node": {
        "label": "\"Cannot access imported wsdl: \"",
        "type": "Literal"
      },
      "location-after-char-start": 5076,
      "location-after-char-end": 5106,
      "node-str": "\"Cannot access imported wsdl: \""
    },
    {
      "type": "insert-node",
      "node": {
        "label": "getMessage",
        "type": "Invocation"
      },
      "location-after-char-start": 5110,
      "location-after-char-end": 5123,
      "node-str": "getMessage"
    },
    {
      "type": "insert-node",
      "node": {
        "label": "e",
        "type": "VariableRead"
      },
      "location-after-char-start": 2995,
      "location-after-char-end": 2995,
      "node-str": "e"
    },
    {
      "type": "insert-node",
      "node": {
        "label": "e",
        "type": "VariableRead"
      },
      "location-after-char-start": 5110,
      "location-after-char-end": 5110,
      "node-str": "e"
    },
    {
      "type": "delete-node",
      "node": {
        "label": "public",
        "type": "Modifier"
      },
      "location-before-char-start": 0,
      "location-before-char-end": 0,
      "node-str": "public"
    },
    {
      "type": "delete-node",
      "node": {
        "label": "java.lang.String",
        "type": "VARIABLE_TYPE"
      },
      "location-before-char-start": 0,
      "location-before-char-end": 0,
      "node-str": "java.lang.String"
    },
    {
      "type": "delete-node",
      "node": {
        "label": "final",
        "type": "Modifier"
      },
      "location-before-char-start": 0,
      "location-before-char-end": 0,
      "node-str": "final"
    },
    {
      "type": "delete-node",
      "node": {
        "label": "public",
        "type": "Modifier"
      },
      "location-before-char-start": 0,
      "location-before-char-end": 0,
      "node-str": "public"
    },
    {
      "type": "delete-node",
      "node": {
        "label": "static",
        "type": "Modifier"
      },
      "location-before-char-start": 0,
      "location-before-char-end": 0,
      "node-str": "static"
    },
    {
      "type": "delete-node",
      "node": {
        "label": "\"javax.wsdl.importDocuments\"",
        "type": "Literal"
      },
      "location-before-char-start": 965,
      "location-before-char-end": 992,
      "node-str": "\"javax.wsdl.importDocuments\""
    },
    {
      "type": "delete-node",
      "node": {
        "label": "FEATURE_IMPORT_DOCUMENTS",
        "type": "Field"
      },
      "location-before-char-start": 801,
      "location-before-char-end": 993,
      "node-str": "FEATURE_IMPORT_DOCUMENTS"
    },
    {
      "type": "delete-node",
      "node": {
        "label": "java.lang.String",
        "type": "VARIABLE_TYPE"
      },
      "location-before-char-start": 0,
      "location-before-char-end": 0,
      "node-str": "java.lang.String"
    },
    {
      "type": "delete-node",
      "node": {
        "label": "final",
        "type": "Modifier"
      },
      "location-before-char-start": 0,
      "location-before-char-end": 0,
      "node-str": "final"
    },
    {
      "type": "delete-node",
      "node": {
        "label": "public",
        "type": "Modifier"
      },
      "location-before-char-start": 0,
      "location-before-char-end": 0,
      "node-str": "public"
    },
    {
      "type": "delete-node",
      "node": {
        "label": "static",
        "type": "Modifier"
      },
      "location-before-char-start": 0,
      "location-before-char-end": 0,
      "node-str": "static"
    },
    {
      "type": "delete-node",
      "node": {
        "label": "\"javax.wsdl.verbose\"",
        "type": "Literal"
      },
      "location-before-char-start": 1098,
      "location-before-char-end": 1117,
      "node-str": "\"javax.wsdl.verbose\""
    },
    {
      "type": "delete-node",
      "node": {
        "label": "FEATURE_VERBOSE",
        "type": "Field"
      },
      "location-before-char-start": 998,
      "location-before-char-end": 1118,
      "node-str": "FEATURE_VERBOSE"
    },
    {
      "type": "delete-node",
      "node": {
        "label": "javax.wsdl.xml.WSDLReader",
        "type": "VARIABLE_TYPE"
      },
      "location-before-char-start": 0,
      "location-before-char-end": 0,
      "node-str": "javax.wsdl.xml.WSDLReader"
    },
    {
      "type": "delete-node",
      "node": {
        "label": "wsdlReader",
        "type": "Field"
      },
      "location-before-char-start": 1124,
      "location-before-char-end": 1203,
      "node-str": "wsdlReader"
    },
    {
      "type": "delete-node",
      "node": {
        "label": "org.jboss.webservice.WSDLDefinitionFactory",
        "type": "RETURN_TYPE"
      },
      "location-before-char-start": 0,
      "location-before-char-end": 0,
      "node-str": "org.jboss.webservice.WSDLDefinitionFactory"
    },
    {
      "type": "delete-node",
      "node": {
        "label": "javax.wsdl.WSDLException",
        "type": "THROWS"
      },
      "location-before-char-start": 0,
      "location-before-char-end": 0,
      "node-str": "javax.wsdl.WSDLException"
    },
    {
      "type": "delete-node",
      "node": {
        "label": "public",
        "type": "Modifier"
      },
      "location-before-char-start": 0,
      "location-before-char-end": 0,
      "node-str": "public"
    },
    {
      "type": "delete-node",
      "node": {
        "label": "static",
        "type": "Modifier"
      },
      "location-before-char-start": 0,
      "location-before-char-end": 0,
      "node-str": "static"
    },
    {
      "type": "delete-node",
      "node": {
        "label": "org.jboss.webservice.WSDLDefinitionFactory()",
        "type": "ConstructorCall"
      },
      "location-before-char-start": 1545,
      "location-before-char-end": 1571,
      "node-str": "org.jboss.webservice.WSDLDefinitionFactory()"
    },
    {
      "type": "delete-node",
      "node": {
        "label": "return",
        "type": "Return"
      },
      "location-before-char-start": 1538,
      "location-before-char-end": 1572,
      "node-str": "return"
    },
    {
      "type": "delete-node",
      "node": {
        "label": "newInstance",
        "type": "Method"
      },
      "location-before-char-start": 1406,
      "location-before-char-end": 1577,
      "node-str": "newInstance"
    },
    {
      "type": "delete-node",
      "node": {
        "label": "public",
        "type": "Modifier"
      },
      "location-before-char-start": 0,
      "location-before-char-end": 0,
      "node-str": "public"
    },
    {
      "type": "delete-node",
      "node": {
        "label": "static",
        "type": "Modifier"
      },
      "location-before-char-start": 0,
      "location-before-char-end": 0,
      "node-str": "static"
    },
    {
      "type": "delete-node",
      "node": {
        "label": "java.net.URL",
        "type": "VARIABLE_TYPE"
      },
      "location-before-char-start": 0,
      "location-before-char-end": 0,
      "node-str": "java.net.URL"
    },
    {
      "type": "delete-node",
      "node": {
        "label": "wsdlURL",
        "type": "Field"
      },
      "location-before-char-start": 2319,
      "location-before-char-end": 2338,
      "node-str": "wsdlURL"
    },
    {
      "type": "delete-node",
      "node": {
        "label": "java.lang.String",
        "type": "VARIABLE_TYPE"
      },
      "location-before-char-start": 0,
      "location-before-char-end": 0,
      "node-str": "java.lang.String"
    },
    {
      "type": "delete-node",
      "node": {
        "label": "latestImportURI",
        "type": "Field"
      },
      "location-before-char-start": 2346,
      "location-before-char-end": 2376,
      "node-str": "latestImportURI"
    },
    {
      "type": "delete-node",
      "node": {
        "label": "org.xml.sax.InputSource",
        "type": "RETURN_TYPE"
      },
      "location-before-char-start": 0,
      "location-before-char-end": 0,
      "node-str": "org.xml.sax.InputSource"
    },
    {
      "type": "delete-node",
      "node": {
        "label": "public",
        "type": "Modifier"
      },
      "location-before-char-start": 0,
      "location-before-char-end": 0,
      "node-str": "public"
    },
    {
      "type": "delete-node",
      "node": {
        "label": "is",
        "type": "VariableRead"
      },
      "location-before-char-start": 2873,
      "location-before-char-end": 2874,
      "node-str": "is"
    },
    {
      "type": "delete-node",
      "node": {
        "label": "org.xml.sax.InputSource(java.io.InputStream)",
        "type": "ConstructorCall"
      },
      "location-before-char-start": 2857,
      "location-before-char-end": 2875,
      "node-str": "org.xml.sax.InputSource(java.io.InputStream)"
    },
    {
      "type": "delete-node",
      "node": {
        "label": "return",
        "type": "Return"
      },
      "location-before-char-start": 2850,
      "location-before-char-end": 2876,
      "node-str": "return"
    },
    {
      "type": "delete-node",
      "node": {
        "label": "java.io.IOException",
        "type": "VARIABLE_TYPE"
      },
      "location-before-char-start": 0,
      "location-before-char-end": 0,
      "node-str": "java.io.IOException"
    },
    {
      "type": "delete-node",
      "node": {
        "label": "e",
        "type": "CatchVariable"
      },
      "location-before-char-start": 2905,
      "location-before-char-end": 2917,
      "node-str": "e"
    },
    {
      "type": "delete-node",
      "node": {
        "label": "\"Cannot access wsdl from: \"",
        "type": "Literal"
      },
      "location-before-char-start": 2970,
      "location-before-char-end": 2996,
      "node-str": "\"Cannot access wsdl from: \""
    },
    {
      "type": "delete-node",
      "node": {
        "label": "org.jboss.webservice.WSDLDefinitionFactory$WSDLLocatorImpl",
        "type": "TypeAccess"
      },
      "location-before-char-start": 0,
      "location-before-char-end": 0,
      "node-str": "org.jboss.webservice.WSDLDefinitionFactory$WSDLLocatorImpl"
    },
    {
      "type": "delete-node",
      "node": {
        "label": "wsdlURL",
        "type": "FieldRead"
      },
      "location-before-char-start": 3000,
      "location-before-char-end": 3006,
      "node-str": "wsdlURL"
    },
    {
      "type": "delete-node",
      "node": {
        "label": "PLUS",
        "type": "BinaryOperator"
      },
      "location-before-char-start": 2970,
      "location-before-char-end": 3006,
      "node-str": "PLUS"
    },
    {
      "type": "delete-node",
      "node": {
        "label": "java.lang.RuntimeException(java.lang.String)",
        "type": "ConstructorCall"
      },
      "location-before-char-start": 2949,
      "location-before-char-end": 3007,
      "node-str": "java.lang.RuntimeException(java.lang.String)"
    },
    {
      "type": "delete-node",
      "node": {
        "label": "",
        "type": "Throw"
      },
      "location-before-char-start": 2943,
      "location-before-char-end": 3008,
      "node-str": ""
    },
    {
      "type": "delete-node",
      "node": {
        "label": "",
        "type": "Catch"
      },
      "location-before-char-start": 2888,
      "location-before-char-end": 3019,
      "node-str": ""
    },
    {
      "type": "delete-node",
      "node": {
        "label": "",
        "type": "Try"
      },
      "location-before-char-start": 2653,
      "location-before-char-end": 3019,
      "node-str": ""
    },
    {
      "type": "delete-node",
      "node": {
        "label": "getBaseInputSource",
        "type": "Method"
      },
      "location-before-char-start": 2596,
      "location-before-char-end": 3027,
      "node-str": "getBaseInputSource"
    },
    {
      "type": "delete-node",
      "node": {
        "label": "org.xml.sax.InputSource",
        "type": "RETURN_TYPE"
      },
      "location-before-char-start": 0,
      "location-before-char-end": 0,
      "node-str": "org.xml.sax.InputSource"
    },
    {
      "type": "delete-node",
      "node": {
        "label": "public",
        "type": "Modifier"
      },
      "location-before-char-start": 0,
      "location-before-char-end": 0,
      "node-str": "public"
    },
    {
      "type": "delete-node",
      "node": {
        "label": "java.lang.String",
        "type": "VARIABLE_TYPE"
      },
      "location-before-char-start": 0,
      "location-before-char-end": 0,
      "node-str": "java.lang.String"
    },
    {
      "type": "delete-node",
      "node": {
        "label": "parent",
        "type": "Parameter"
      },
      "location-before-char-start": 3168,
      "location-before-char-end": 3180,
      "node-str": "parent"
    },
    {
      "type": "delete-node",
      "node": {
        "label": "java.lang.String",
        "type": "VARIABLE_TYPE"
      },
      "location-before-char-start": 0,
      "location-before-char-end": 0,
      "node-str": "java.lang.String"
    },
    {
      "type": "delete-node",
      "node": {
        "label": "resource",
        "type": "Parameter"
      },
      "location-before-char-start": 3183,
      "location-before-char-end": 3197,
      "node-str": "resource"
    },
    {
      "type": "delete-node",
      "node": {
        "label": "java.net.URL",
        "type": "VARIABLE_TYPE"
      },
      "location-before-char-start": 0,
      "location-before-char-end": 0,
      "node-str": "java.net.URL"
    },
    {
      "type": "delete-node",
      "node": {
        "label": "null",
        "type": "Literal"
      },
      "location-before-char-start": 3328,
      "location-before-char-end": 3331,
      "node-str": "null"
    },
    {
      "type": "delete-node",
      "node": {
        "label": "parentURL",
        "type": "LocalVariable"
      },
      "location-before-char-start": 3312,
      "location-before-char-end": 3332,
      "node-str": "parentURL"
    },
    {
      "type": "delete-node",
      "node": {
        "label": "java.lang.String",
        "type": "VARIABLE_TYPE"
      },
      "location-before-char-start": 0,
      "location-before-char-end": 0,
      "node-str": "java.lang.String"
    },
    {
      "type": "delete-node",
      "node": {
        "label": "null",
        "type": "Literal"
      },
      "location-before-char-start": 3581,
      "location-before-char-end": 3584,
      "node-str": "null"
    },
    {
      "type": "delete-node",
      "node": {
        "label": "wsdlImport",
        "type": "LocalVariable"
      },
      "location-before-char-start": 3561,
      "location-before-char-end": 3585,
      "node-str": "wsdlImport"
    },
    {
      "type": "delete-node",
      "node": {
        "label": "java.lang.String",
        "type": "VARIABLE_TYPE"
      },
      "location-before-char-start": 0,
      "location-before-char-end": 0,
      "node-str": "java.lang.String"
    },
    {
      "type": "delete-node",
      "node": {
        "label": "parentURL",
        "type": "VariableRead"
      },
      "location-before-char-start": 3614,
      "location-before-char-end": 3622,
      "node-str": "parentURL"
    },
    {
      "type": "delete-node",
      "node": {
        "label": "toExternalForm",
        "type": "Invocation"
      },
      "location-before-char-start": 3614,
      "location-before-char-end": 3639,
      "node-str": "toExternalForm"
    },
    {
      "type": "delete-node",
      "node": {
        "label": "external",
        "type": "LocalVariable"
      },
      "location-before-char-start": 3596,
      "location-before-char-end": 3640,
      "node-str": "external"
    },
    {
      "type": "delete-node",
      "node": {
        "label": "log",
        "type": "FieldRead"
      },
      "location-before-char-start": 4674,
      "location-before-char-end": 4676,
      "node-str": "log"
    },
    {
      "type": "delete-node",
      "node": {
        "label": "\"Resolved to: \"",
        "type": "Literal"
      },
      "location-before-char-start": 4684,
      "location-before-char-end": 4698,
      "node-str": "\"Resolved to: \""
    },
    {
      "type": "delete-node",
      "node": {
        "label": "wsdlImport",
        "type": "VariableRead"
      },
      "location-before-char-start": 4702,
      "location-before-char-end": 4711,
      "node-str": "wsdlImport"
    },
    {
      "type": "delete-node",
      "node": {
        "label": "PLUS",
        "type": "BinaryOperator"
      },
      "location-before-char-start": 4684,
      "location-before-char-end": 4711,
      "node-str": "PLUS"
    },
    {
      "type": "delete-node",
      "node": {
        "label": "debug",
        "type": "Invocation"
      },
      "location-before-char-start": 4674,
      "location-before-char-end": 4713,
      "node-str": "debug"
    },
    {
      "type": "delete-node",
      "node": {
        "label": "org.jboss.webservice.WSDLDefinitionFactory$WSDLLocatorImpl",
        "type": "TypeAccess"
      },
      "location-before-char-start": 0,
      "location-before-char-end": 0,
      "node-str": "org.jboss.webservice.WSDLDefinitionFactory$WSDLLocatorImpl"
    },
    {
      "type": "delete-node",
      "node": {
        "label": "latestImportURI",
        "type": "FieldWrite"
      },
      "location-before-char-start": 4912,
      "location-before-char-end": 4926,
      "node-str": "latestImportURI"
    },
    {
      "type": "delete-node",
      "node": {
        "label": "wsdlImport",
        "type": "VariableRead"
      },
      "location-before-char-start": 4930,
      "location-before-char-end": 4939,
      "node-str": "wsdlImport"
    },
    {
      "type": "delete-node",
      "node": {
        "label": "\u003d",
        "type": "Assignment"
      },
      "location-before-char-start": 4912,
      "location-before-char-end": 4940,
      "node-str": "\u003d"
    },
    {
      "type": "delete-node",
      "node": {
        "label": "is",
        "type": "VariableRead"
      },
      "location-before-char-start": 4977,
      "location-before-char-end": 4978,
      "node-str": "is"
    },
    {
      "type": "delete-node",
      "node": {
        "label": "org.xml.sax.InputSource(java.io.InputStream)",
        "type": "ConstructorCall"
      },
      "location-before-char-start": 4961,
      "location-before-char-end": 4979,
      "node-str": "org.xml.sax.InputSource(java.io.InputStream)"
    },
    {
      "type": "delete-node",
      "node": {
        "label": "return",
        "type": "Return"
      },
      "location-before-char-start": 4954,
      "location-before-char-end": 4980,
      "node-str": "return"
    },
    {
      "type": "delete-node",
      "node": {
        "label": "java.io.IOException",
        "type": "VARIABLE_TYPE"
      },
      "location-before-char-start": 0,
      "location-before-char-end": 0,
      "node-str": "java.io.IOException"
    },
    {
      "type": "delete-node",
      "node": {
        "label": "e",
        "type": "CatchVariable"
      },
      "location-before-char-start": 5009,
      "location-before-char-end": 5021,
      "node-str": "e"
    },
    {
      "type": "delete-node",
      "node": {
        "label": "\"Cannot access imported wsdl from: \"",
        "type": "Literal"
      },
      "location-before-char-start": 5074,
      "location-before-char-end": 5109,
      "node-str": "\"Cannot access imported wsdl from: \""
    },
    {
      "type": "delete-node",
      "node": {
        "label": "wsdlImport",
        "type": "VariableRead"
      },
      "location-before-char-start": 5113,
      "location-before-char-end": 5122,
      "node-str": "wsdlImport"
    },
    {
      "type": "delete-node",
      "node": {
        "label": "PLUS",
        "type": "BinaryOperator"
      },
      "location-before-char-start": 5074,
      "location-before-char-end": 5122,
      "node-str": "PLUS"
    },
    {
      "type": "delete-node",
      "node": {
        "label": "java.lang.RuntimeException(java.lang.String)",
        "type": "ConstructorCall"
      },
      "location-before-char-start": 5053,
      "location-before-char-end": 5123,
      "node-str": "java.lang.RuntimeException(java.lang.String)"
    },
    {
      "type": "delete-node",
      "node": {
        "label": "",
        "type": "Throw"
      },
      "location-before-char-start": 5047,
      "location-before-char-end": 5124,
      "node-str": ""
    },
    {
      "type": "delete-node",
      "node": {
        "label": "",
        "type": "Catch"
      },
      "location-before-char-start": 4992,
      "location-before-char-end": 5135,
      "node-str": ""
    },
    {
      "type": "delete-node",
      "node": {
        "label": "",
        "type": "Try"
      },
      "location-before-char-start": 4647,
      "location-before-char-end": 5135,
      "node-str": ""
    },
    {
      "type": "delete-node",
      "node": {
        "label": "getImportInputSource",
        "type": "Method"
      },
      "location-before-char-start": 3128,
      "location-before-char-end": 5143,
      "node-str": "getImportInputSource"
    },
    {
      "type": "delete-node",
      "node": {
        "label": "WSDLLocatorImpl",
        "type": "Class"
      },
      "location-before-char-start": 2194,
      "location-before-char-end": 5239,
      "node-str": "WSDLLocatorImpl"
    },
    {
      "type": "delete-node",
      "node": {
        "label": "WSDLDefinitionFactory",
        "type": "Class"
      },
      "location-before-char-start": 513,
      "location-before-char-end": 5241,
      "node-str": "WSDLDefinitionFactory"
    }
  ],
  "before-file": {},
  "after-file": {},
  "mapping": {}
}