{
  "tool-info": {},
  "diff": [
    {
      "type": "insert-node",
      "node": {
        "label": "public",
        "type": "Modifier"
      },
      "location-after-char-start": 0,
      "location-after-char-end": 0,
      "node-str": "public"
    },
    {
      "type": "insert-node",
      "node": {
        "label": "",
        "type": "TypeReference"
      },
      "location-after-char-start": 1819,
      "location-after-char-end": 1834,
      "node-str": ""
    },
    {
      "type": "insert-node",
      "node": {
        "label": "pageSwitcher",
        "type": "Field"
      },
      "location-after-char-start": 2142,
      "location-after-char-end": 2175,
      "node-str": "pageSwitcher"
    },
    {
      "type": "insert-node",
      "node": {
        "label": "lrm",
        "type": "Field"
      },
      "location-after-char-start": 2178,
      "location-after-char-end": 2210,
      "node-str": "lrm"
    },
    {
      "type": "insert-node",
      "node": {
        "label": "getCurrentItemIndex",
        "type": "Method"
      },
      "location-after-char-start": 3020,
      "location-after-char-end": 3104,
      "node-str": "getCurrentItemIndex"
    },
    {
      "type": "insert-node",
      "node": {
        "label": "org.eclipse.ui.internal.CycleBaseHandler",
        "type": "SUPER_TYPE"
      },
      "location-after-char-start": 0,
      "location-after-char-end": 0,
      "node-str": "org.eclipse.ui.internal.CycleBaseHandler"
    },
    {
      "type": "insert-node",
      "node": {
        "label": "org.eclipse.ui.part.PageSwitcher",
        "type": "VARIABLE_TYPE"
      },
      "location-after-char-start": 0,
      "location-after-char-end": 0,
      "node-str": "org.eclipse.ui.part.PageSwitcher"
    },
    {
      "type": "insert-node",
      "node": {
        "label": "org.eclipse.jface.resource.LocalResourceManager",
        "type": "VARIABLE_TYPE"
      },
      "location-after-char-start": 0,
      "location-after-char-end": 0,
      "node-str": "org.eclipse.jface.resource.LocalResourceManager"
    },
    {
      "type": "insert-node",
      "node": {
        "label": "int",
        "type": "RETURN_TYPE"
      },
      "location-after-char-start": 0,
      "location-after-char-end": 0,
      "node-str": "int"
    },
    {
      "type": "insert-node",
      "node": {
        "label": "protected",
        "type": "Modifier"
      },
      "location-after-char-start": 0,
      "location-after-char-end": 0,
      "node-str": "protected"
    },
    {
      "type": "insert-node",
      "node": {
        "label": "return",
        "type": "Return"
      },
      "location-after-char-start": 3060,
      "location-after-char-end": 3101,
      "node-str": "return"
    },
    {
      "type": "insert-node",
      "node": {
        "label": "getCurrentPageIndex",
        "type": "Invocation"
      },
      "location-after-char-start": 3067,
      "location-after-char-end": 3100,
      "node-str": "getCurrentPageIndex"
    },
    {
      "type": "insert-node",
      "node": {
        "label": "pageSwitcher",
        "type": "FieldRead"
      },
      "location-after-char-start": 3067,
      "location-after-char-end": 3078,
      "node-str": "pageSwitcher"
    },
    {
      "type": "insert-node",
      "node": {
        "label": "org.eclipse.ui.internal.handlers.CyclePageHandler",
        "type": "TypeAccess"
      },
      "location-after-char-start": 0,
      "location-after-char-end": 0,
      "node-str": "org.eclipse.ui.internal.handlers.CyclePageHandler"
    },
    {
      "type": "delete-node",
      "node": {
        "label": "public",
        "type": "Modifier"
      },
      "location-before-char-start": 0,
      "location-before-char-end": 0,
      "node-str": "public"
    },
    {
      "type": "delete-node",
      "node": {
        "label": "org.eclipse.ui.internal.CycleBaseHandler",
        "type": "SUPER_TYPE"
      },
      "location-before-char-start": 0,
      "location-before-char-end": 0,
      "node-str": "org.eclipse.ui.internal.CycleBaseHandler"
    },
    {
      "type": "delete-node",
      "node": {
        "label": "",
        "type": "TypeReference"
      },
      "location-before-char-start": 1810,
      "location-before-char-end": 1825,
      "node-str": ""
    },
    {
      "type": "delete-node",
      "node": {
        "label": "org.eclipse.ui.part.PageSwitcher",
        "type": "VARIABLE_TYPE"
      },
      "location-before-char-start": 0,
      "location-before-char-end": 0,
      "node-str": "org.eclipse.ui.part.PageSwitcher"
    },
    {
      "type": "delete-node",
      "node": {
        "label": "pageSwitcher",
        "type": "Field"
      },
      "location-before-char-start": 2133,
      "location-before-char-end": 2166,
      "node-str": "pageSwitcher"
    },
    {
      "type": "delete-node",
      "node": {
        "label": "org.eclipse.jface.resource.LocalResourceManager",
        "type": "VARIABLE_TYPE"
      },
      "location-before-char-start": 0,
      "location-before-char-end": 0,
      "node-str": "org.eclipse.jface.resource.LocalResourceManager"
    },
    {
      "type": "delete-node",
      "node": {
        "label": "lrm",
        "type": "Field"
      },
      "location-before-char-start": 2169,
      "location-before-char-end": 2201,
      "node-str": "lrm"
    }
  ],
  "before-file": {},
  "after-file": {},
  "mapping": {}
}