{
  "tool-info": {},
  "diff": [
    {
      "type": "insert-node",
      "node": {
        "label": "public",
        "type": "Modifier"
      },
      "location-after-char-start": 0,
      "location-after-char-end": 0,
      "node-str": "public"
    },
    {
      "type": "insert-node",
      "node": {
        "label": "",
        "type": "TypeReference"
      },
      "location-after-char-start": 1821,
      "location-after-char-end": 1825,
      "node-str": ""
    },
    {
      "type": "insert-node",
      "node": {
        "label": "\u003cinit\u003e",
        "type": "Constructor"
      },
      "location-after-char-start": 2083,
      "location-after-char-end": 2241,
      "node-str": "\u003cinit\u003e"
    },
    {
      "type": "insert-node",
      "node": {
        "label": "org.junit.runners.Suite",
        "type": "SUPER_TYPE"
      },
      "location-after-char-start": 0,
      "location-after-char-end": 0,
      "node-str": "org.junit.runners.Suite"
    },
    {
      "type": "insert-node",
      "node": {
        "label": "public",
        "type": "Modifier"
      },
      "location-after-char-start": 0,
      "location-after-char-end": 0,
      "node-str": "public"
    },
    {
      "type": "insert-node",
      "node": {
        "label": "klass",
        "type": "Parameter"
      },
      "location-after-char-start": 2173,
      "location-after-char-end": 2186,
      "node-str": "klass"
    },
    {
      "type": "insert-node",
      "node": {
        "label": "\u003cinit\u003e",
        "type": "Invocation"
      },
      "location-after-char-start": 2210,
      "location-after-char-end": 2238,
      "node-str": "\u003cinit\u003e"
    },
    {
      "type": "insert-node",
      "node": {
        "label": "java.lang.Class",
        "type": "VARIABLE_TYPE"
      },
      "location-after-char-start": 0,
      "location-after-char-end": 0,
      "node-str": "java.lang.Class"
    },
    {
      "type": "insert-node",
      "node": {
        "label": "klass",
        "type": "VariableRead"
      },
      "location-after-char-start": 2216,
      "location-after-char-end": 2220,
      "node-str": "klass"
    },
    {
      "type": "insert-node",
      "node": {
        "label": "runners",
        "type": "Invocation"
      },
      "location-after-char-start": 2223,
      "location-after-char-end": 2236,
      "node-str": "runners"
    },
    {
      "type": "insert-node",
      "node": {
        "label": "klass",
        "type": "VariableRead"
      },
      "location-after-char-start": 2231,
      "location-after-char-end": 2235,
      "node-str": "klass"
    },
    {
      "type": "update-node",
      "node": {
        "label": "runChildren",
        "type": "Invocation"
      },
      "location-before-char-start": 3597,
      "location-before-char-end": 3617,
      "location-after-char-start": 3583,
      "location-after-char-end": 3607,
      "node-str": "childrenInvoker"
    },
    {
      "type": "delete-node",
      "node": {
        "label": "public",
        "type": "Modifier"
      },
      "location-before-char-start": 0,
      "location-before-char-end": 0,
      "node-str": "public"
    },
    {
      "type": "delete-node",
      "node": {
        "label": "org.junit.runners.Suite",
        "type": "SUPER_TYPE"
      },
      "location-before-char-start": 0,
      "location-before-char-end": 0,
      "node-str": "org.junit.runners.Suite"
    },
    {
      "type": "delete-node",
      "node": {
        "label": "",
        "type": "TypeReference"
      },
      "location-before-char-start": 1821,
      "location-before-char-end": 1825,
      "node-str": ""
    },
    {
      "type": "delete-node",
      "node": {
        "label": "public",
        "type": "Modifier"
      },
      "location-before-char-start": 0,
      "location-before-char-end": 0,
      "node-str": "public"
    },
    {
      "type": "delete-node",
      "node": {
        "label": "java.lang.Class",
        "type": "VARIABLE_TYPE"
      },
      "location-before-char-start": 0,
      "location-before-char-end": 0,
      "node-str": "java.lang.Class"
    },
    {
      "type": "delete-node",
      "node": {
        "label": "klass",
        "type": "Parameter"
      },
      "location-before-char-start": 2173,
      "location-before-char-end": 2186,
      "node-str": "klass"
    },
    {
      "type": "delete-node",
      "node": {
        "label": "klass",
        "type": "VariableRead"
      },
      "location-before-char-start": 2216,
      "location-before-char-end": 2220,
      "node-str": "klass"
    },
    {
      "type": "delete-node",
      "node": {
        "label": "klass",
        "type": "VariableRead"
      },
      "location-before-char-start": 2231,
      "location-before-char-end": 2235,
      "node-str": "klass"
    },
    {
      "type": "delete-node",
      "node": {
        "label": "runners",
        "type": "Invocation"
      },
      "location-before-char-start": 2223,
      "location-before-char-end": 2236,
      "node-str": "runners"
    },
    {
      "type": "delete-node",
      "node": {
        "label": "\u003cinit\u003e",
        "type": "Invocation"
      },
      "location-before-char-start": 2210,
      "location-before-char-end": 2238,
      "node-str": "\u003cinit\u003e"
    },
    {
      "type": "delete-node",
      "node": {
        "label": "org.junit.runners.Parameterized",
        "type": "TypeAccess"
      },
      "location-before-char-start": 0,
      "location-before-char-end": 0,
      "node-str": "org.junit.runners.Parameterized"
    },
    {
      "type": "delete-node",
      "node": {
        "label": "validate",
        "type": "Invocation"
      },
      "location-before-char-start": 2242,
      "location-before-char-end": 2252,
      "node-str": "validate"
    },
    {
      "type": "delete-node",
      "node": {
        "label": "\u003cinit\u003e",
        "type": "Constructor"
      },
      "location-before-char-start": 2083,
      "location-before-char-end": 2255,
      "node-str": "\u003cinit\u003e"
    }
  ],
  "before-file": {},
  "after-file": {},
  "mapping": {}
}