{
  "tool-info": {},
  "diff": [
    {
      "type": "insert-node",
      "node": {
        "label": "",
        "type": "TypeReference"
      },
      "location-after-char-start": 1025,
      "location-after-char-end": 1041,
      "node-str": ""
    },
    {
      "type": "insert-node",
      "node": {
        "label": "page",
        "type": "Field"
      },
      "location-after-char-start": 1048,
      "location-after-char-end": 1074,
      "node-str": "page"
    },
    {
      "type": "insert-node",
      "node": {
        "label": "org.eclipse.swt.dnd.DropTargetAdapter",
        "type": "SUPER_TYPE"
      },
      "location-after-char-start": 0,
      "location-after-char-end": 0,
      "node-str": "org.eclipse.swt.dnd.DropTargetAdapter"
    },
    {
      "type": "insert-node",
      "node": {
        "label": "org.eclipse.ui.internal.WorkbenchPage",
        "type": "VARIABLE_TYPE"
      },
      "location-after-char-start": 0,
      "location-after-char-end": 0,
      "node-str": "org.eclipse.ui.internal.WorkbenchPage"
    },
    {
      "type": "insert-node",
      "node": {
        "label": "void",
        "type": "RETURN_TYPE"
      },
      "location-after-char-start": 0,
      "location-after-char-end": 0,
      "node-str": "void"
    },
    {
      "type": "insert-node",
      "node": {
        "label": "public",
        "type": "Modifier"
      },
      "location-after-char-start": 0,
      "location-after-char-end": 0,
      "node-str": "public"
    },
    {
      "type": "insert-node",
      "node": {
        "label": "event",
        "type": "Parameter"
      },
      "location-after-char-start": 1235,
      "location-after-char-end": 1255,
      "node-str": "event"
    },
    {
      "type": "insert-node",
      "node": {
        "label": "org.eclipse.swt.dnd.DropTargetEvent",
        "type": "VARIABLE_TYPE"
      },
      "location-after-char-start": 0,
      "location-after-char-end": 0,
      "node-str": "org.eclipse.swt.dnd.DropTargetEvent"
    },
    {
      "type": "insert-node",
      "node": {
        "label": "THEN",
        "type": "then"
      },
      "location-after-char-start": 1371,
      "location-after-char-end": 1756,
      "node-str": "THEN"
    },
    {
      "type": "move-subtree",
      "node": {
        "label": "files",
        "type": "LocalVariable"
      },
      "location-before-char-start": 1376,
      "location-before-char-end": 1421,
      "location-after-char-start": 1376,
      "location-after-char-end": 1421,
      "node-str": "files"
    },
    {
      "type": "insert-node",
      "node": {
        "label": "",
        "type": "Try"
      },
      "location-after-char-start": 1426,
      "location-after-char-end": 1688,
      "node-str": ""
    },
    {
      "type": "insert-node",
      "node": {
        "label": "",
        "type": "For"
      },
      "location-after-char-start": 1457,
      "location-after-char-end": 1587,
      "node-str": ""
    },
    {
      "type": "move-subtree",
      "node": {
        "label": "",
        "type": "Catch"
      },
      "location-before-char-start": 1556,
      "location-before-char-end": 1651,
      "location-after-char-start": 1593,
      "location-after-char-end": 1688,
      "node-str": ""
    },
    {
      "type": "move-subtree",
      "node": {
        "label": "i",
        "type": "LocalVariable"
      },
      "location-before-char-start": 1462,
      "location-before-char-end": 1470,
      "location-after-char-start": 1462,
      "location-after-char-end": 1470,
      "node-str": "i"
    },
    {
      "type": "move-subtree",
      "node": {
        "label": "LT",
        "type": "BinaryOperator"
      },
      "location-before-char-start": 1473,
      "location-before-char-end": 1488,
      "location-after-char-start": 1473,
      "location-after-char-end": 1488,
      "node-str": "LT"
    },
    {
      "type": "insert-node",
      "node": {
        "label": "POSTINC",
        "type": "UnaryOperator"
      },
      "location-after-char-start": 1491,
      "location-after-char-end": 1493,
      "node-str": "POSTINC"
    },
    {
      "type": "insert-node",
      "node": {
        "label": "if",
        "type": "If"
      },
      "location-after-char-start": 1503,
      "location-after-char-end": 1580,
      "node-str": "if"
    },
    {
      "type": "insert-node",
      "node": {
        "label": "i",
        "type": "VariableWrite"
      },
      "location-after-char-start": 1491,
      "location-after-char-end": 1491,
      "node-str": "i"
    },
    {
      "type": "insert-node",
      "node": {
        "label": "INSTANCEOF",
        "type": "BinaryOperator"
      },
      "location-after-char-start": 1507,
      "location-after-char-end": 1531,
      "node-str": "INSTANCEOF"
    },
    {
      "type": "insert-node",
      "node": {
        "label": "THEN",
        "type": "then"
      },
      "location-after-char-start": 1540,
      "location-after-char-end": 1580,
      "node-str": "THEN"
    },
    {
      "type": "insert-node",
      "node": {
        "label": "",
        "type": "ArrayRead"
      },
      "location-after-char-start": 1507,
      "location-after-char-end": 1514,
      "node-str": ""
    },
    {
      "type": "insert-node",
      "node": {
        "label": "org.eclipse.core.resources.IFile",
        "type": "TypeAccess"
      },
      "location-after-char-start": 1527,
      "location-after-char-end": 1531,
      "node-str": "org.eclipse.core.resources.IFile"
    },
    {
      "type": "move-subtree",
      "node": {
        "label": "openInternalEditor",
        "type": "Invocation"
      },
      "location-before-char-start": 1503,
      "location-before-char-end": 1543,
      "location-after-char-start": 1540,
      "location-after-char-end": 1580,
      "node-str": "openInternalEditor"
    },
    {
      "type": "insert-node",
      "node": {
        "label": "files",
        "type": "VariableRead"
      },
      "location-after-char-start": 1507,
      "location-after-char-end": 1511,
      "node-str": "files"
    },
    {
      "type": "insert-node",
      "node": {
        "label": "i",
        "type": "VariableRead"
      },
      "location-after-char-start": 1513,
      "location-after-char-end": 1513,
      "node-str": "i"
    },
    {
      "type": "delete-node",
      "node": {
        "label": "org.eclipse.swt.dnd.DropTargetAdapter",
        "type": "SUPER_TYPE"
      },
      "location-before-char-start": 0,
      "location-before-char-end": 0,
      "node-str": "org.eclipse.swt.dnd.DropTargetAdapter"
    },
    {
      "type": "delete-node",
      "node": {
        "label": "",
        "type": "TypeReference"
      },
      "location-before-char-start": 1025,
      "location-before-char-end": 1041,
      "node-str": ""
    },
    {
      "type": "delete-node",
      "node": {
        "label": "org.eclipse.ui.internal.WorkbenchPage",
        "type": "VARIABLE_TYPE"
      },
      "location-before-char-start": 0,
      "location-before-char-end": 0,
      "node-str": "org.eclipse.ui.internal.WorkbenchPage"
    },
    {
      "type": "delete-node",
      "node": {
        "label": "page",
        "type": "Field"
      },
      "location-before-char-start": 1048,
      "location-before-char-end": 1074,
      "node-str": "page"
    },
    {
      "type": "delete-node",
      "node": {
        "label": "void",
        "type": "RETURN_TYPE"
      },
      "location-before-char-start": 0,
      "location-before-char-end": 0,
      "node-str": "void"
    },
    {
      "type": "delete-node",
      "node": {
        "label": "public",
        "type": "Modifier"
      },
      "location-before-char-start": 0,
      "location-before-char-end": 0,
      "node-str": "public"
    },
    {
      "type": "delete-node",
      "node": {
        "label": "org.eclipse.swt.dnd.DropTargetEvent",
        "type": "VARIABLE_TYPE"
      },
      "location-before-char-start": 0,
      "location-before-char-end": 0,
      "node-str": "org.eclipse.swt.dnd.DropTargetEvent"
    },
    {
      "type": "delete-node",
      "node": {
        "label": "event",
        "type": "Parameter"
      },
      "location-before-char-start": 1235,
      "location-before-char-end": 1255,
      "node-str": "event"
    },
    {
      "type": "delete-node",
      "node": {
        "label": "i",
        "type": "VariableWrite"
      },
      "location-before-char-start": 1491,
      "location-before-char-end": 1491,
      "node-str": "i"
    },
    {
      "type": "delete-node",
      "node": {
        "label": "POSTINC",
        "type": "UnaryOperator"
      },
      "location-before-char-start": 1491,
      "location-before-char-end": 1493,
      "node-str": "POSTINC"
    },
    {
      "type": "delete-node",
      "node": {
        "label": "",
        "type": "For"
      },
      "location-before-char-start": 1457,
      "location-before-char-end": 1550,
      "node-str": ""
    },
    {
      "type": "delete-node",
      "node": {
        "label": "",
        "type": "Try"
      },
      "location-before-char-start": 1426,
      "location-before-char-end": 1651,
      "node-str": ""
    },
    {
      "type": "delete-node",
      "node": {
        "label": "THEN",
        "type": "then"
      },
      "location-before-char-start": 1371,
      "location-before-char-end": 1719,
      "node-str": "THEN"
    }
  ],
  "before-file": {},
  "after-file": {},
  "mapping": {}
}