{
  "tool-info": {},
  "diff": [
    {
      "type": "update-node",
      "node": {
        "label": "org.columba.addressbook.folder.StoreException",
        "type": "QualifiedName"
      },
      "location-before-char-start": 786,
      "location-before-char-end": 831,
      "location-after-char-start": 786,
      "location-after-char-end": 826,
      "node-str": "org.columba.api.exception.StoreException"
    },
    {
      "type": "insert-node",
      "node": {
        "label": "",
        "type": "MethodDeclaration"
      },
      "location-after-char-start": 1819,
      "location-after-char-end": 2354,
      "node-str": ""
    },
    {
      "type": "insert-node",
      "node": {
        "label": "",
        "type": "MethodDeclaration"
      },
      "location-after-char-start": 2357,
      "location-after-char-end": 2899,
      "node-str": ""
    },
    {
      "type": "insert-node",
      "node": {
        "label": "",
        "type": "MethodDeclaration"
      },
      "location-after-char-start": 2902,
      "location-after-char-end": 3554,
      "node-str": ""
    },
    {
      "type": "insert-node",
      "node": {
        "label": "",
        "type": "MethodDeclaration"
      },
      "location-after-char-start": 3557,
      "location-after-char-end": 4577,
      "node-str": ""
    },
    {
      "type": "insert-node",
      "node": {
        "label": "",
        "type": "MethodDeclaration"
      },
      "location-after-char-start": 4580,
      "location-after-char-end": 5214,
      "node-str": ""
    },
    {
      "type": "insert-node",
      "node": {
        "label": "",
        "type": "MethodDeclaration"
      },
      "location-after-char-start": 5217,
      "location-after-char-end": 5843,
      "node-str": ""
    },
    {
      "type": "insert-node",
      "node": {
        "label": "",
        "type": "MethodDeclaration"
      },
      "location-after-char-start": 5846,
      "location-after-char-end": 6530,
      "node-str": ""
    },
    {
      "type": "insert-node",
      "node": {
        "label": "",
        "type": "MethodDeclaration"
      },
      "location-after-char-start": 6533,
      "location-after-char-end": 7391,
      "node-str": ""
    },
    {
      "type": "insert-node",
      "node": {
        "label": "",
        "type": "Javadoc"
      },
      "location-after-char-start": 1819,
      "location-after-char-end": 2253,
      "node-str": ""
    },
    {
      "type": "insert-node",
      "node": {
        "label": "void",
        "type": "PrimitiveType"
      },
      "location-after-char-start": 2255,
      "location-after-char-end": 2259,
      "node-str": "void"
    },
    {
      "type": "insert-node",
      "node": {
        "label": "addContact",
        "type": "SimpleName"
      },
      "location-after-char-start": 2260,
      "location-after-char-end": 2270,
      "node-str": "addContact"
    },
    {
      "type": "move-subtree",
      "node": {
        "label": "",
        "type": "SingleVariableDeclaration"
      },
      "location-before-char-start": 1825,
      "location-before-char-end": 1841,
      "location-after-char-start": 2271,
      "location-after-char-end": 2280,
      "node-str": ""
    },
    {
      "type": "move-subtree",
      "node": {
        "label": "",
        "type": "SingleVariableDeclaration"
      },
      "location-before-char-start": 1156,
      "location-before-char-end": 1170,
      "location-after-char-start": 2282,
      "location-after-char-end": 2301,
      "node-str": ""
    },
    {
      "type": "move-subtree",
      "node": {
        "label": "",
        "type": "SimpleType"
      },
      "location-before-char-start": 1179,
      "location-before-char-end": 1193,
      "location-after-char-start": 2310,
      "location-after-char-end": 2324,
      "node-str": ""
    },
    {
      "type": "insert-node",
      "node": {
        "label": "",
        "type": "SimpleType"
      },
      "location-after-char-start": 2329,
      "location-after-char-end": 2353,
      "node-str": ""
    },
    {
      "type": "insert-node",
      "node": {
        "label": "",
        "type": "Javadoc"
      },
      "location-after-char-start": 2357,
      "location-after-char-end": 2809,
      "node-str": ""
    },
    {
      "type": "insert-node",
      "node": {
        "label": "void",
        "type": "PrimitiveType"
      },
      "location-after-char-start": 2811,
      "location-after-char-end": 2815,
      "node-str": "void"
    },
    {
      "type": "insert-node",
      "node": {
        "label": "addContact",
        "type": "SimpleName"
      },
      "location-after-char-start": 2816,
      "location-after-char-end": 2826,
      "node-str": "addContact"
    },
    {
      "type": "move-subtree",
      "node": {
        "label": "",
        "type": "SingleVariableDeclaration"
      },
      "location-before-char-start": 1144,
      "location-before-char-end": 1154,
      "location-after-char-start": 2827,
      "location-after-char-end": 2846,
      "node-str": ""
    },
    {
      "type": "move-subtree",
      "node": {
        "label": "",
        "type": "SimpleType"
      },
      "location-before-char-start": 1613,
      "location-before-char-end": 1627,
      "location-after-char-start": 2855,
      "location-after-char-end": 2869,
      "node-str": ""
    },
    {
      "type": "insert-node",
      "node": {
        "label": "",
        "type": "SimpleType"
      },
      "location-after-char-start": 2874,
      "location-after-char-end": 2898,
      "node-str": ""
    },
    {
      "type": "insert-node",
      "node": {
        "label": "",
        "type": "Javadoc"
      },
      "location-after-char-start": 2902,
      "location-after-char-end": 3431,
      "node-str": ""
    },
    {
      "type": "insert-node",
      "node": {
        "label": "public",
        "type": "Modifier"
      },
      "location-after-char-start": 3433,
      "location-after-char-end": 3439,
      "node-str": "public"
    },
    {
      "type": "insert-node",
      "node": {
        "label": "",
        "type": "SimpleType"
      },
      "location-after-char-start": 3440,
      "location-after-char-end": 3452,
      "node-str": ""
    },
    {
      "type": "insert-node",
      "node": {
        "label": "getContactItem",
        "type": "SimpleName"
      },
      "location-after-char-start": 3453,
      "location-after-char-end": 3467,
      "node-str": "getContactItem"
    },
    {
      "type": "move-subtree",
      "node": {
        "label": "",
        "type": "SingleVariableDeclaration"
      },
      "location-before-char-start": 1588,
      "location-before-char-end": 1604,
      "location-after-char-start": 3468,
      "location-after-char-end": 3483,
      "node-str": ""
    },
    {
      "type": "move-subtree",
      "node": {
        "label": "",
        "type": "SingleVariableDeclaration"
      },
      "location-before-char-start": 1372,
      "location-before-char-end": 1386,
      "location-after-char-start": 3485,
      "location-after-char-end": 3501,
      "node-str": ""
    },
    {
      "type": "move-subtree",
      "node": {
        "label": "",
        "type": "SimpleType"
      },
      "location-before-char-start": 1395,
      "location-before-char-end": 1409,
      "location-after-char-start": 3513,
      "location-after-char-end": 3527,
      "node-str": ""
    },
    {
      "type": "insert-node",
      "node": {
        "label": "",
        "type": "SimpleType"
      },
      "location-after-char-start": 3529,
      "location-after-char-end": 3553,
      "node-str": ""
    },
    {
      "type": "insert-node",
      "node": {
        "label": "",
        "type": "Javadoc"
      },
      "location-after-char-start": 3557,
      "location-after-char-end": 4434,
      "node-str": ""
    },
    {
      "type": "insert-node",
      "node": {
        "label": "public",
        "type": "Modifier"
      },
      "location-after-char-start": 4436,
      "location-after-char-end": 4442,
      "node-str": "public"
    },
    {
      "type": "move-subtree",
      "node": {
        "label": "",
        "type": "ParameterizedType"
      },
      "location-before-char-start": 2420,
      "location-before-char-end": 2437,
      "location-after-char-start": 4443,
      "location-after-char-end": 4460,
      "node-str": ""
    },
    {
      "type": "insert-node",
      "node": {
        "label": "getAllHeaderItems",
        "type": "SimpleName"
      },
      "location-after-char-start": 4461,
      "location-after-char-end": 4478,
      "node-str": "getAllHeaderItems"
    },
    {
      "type": "move-subtree",
      "node": {
        "label": "",
        "type": "SingleVariableDeclaration"
      },
      "location-before-char-start": 1576,
      "location-before-char-end": 1586,
      "location-after-char-start": 4479,
      "location-after-char-end": 4494,
      "node-str": ""
    },
    {
      "type": "insert-node",
      "node": {
        "label": "",
        "type": "SingleVariableDeclaration"
      },
      "location-after-char-start": 4499,
      "location-after-char-end": 4524,
      "node-str": ""
    },
    {
      "type": "move-subtree",
      "node": {
        "label": "",
        "type": "SimpleType"
      },
      "location-before-char-start": 2475,
      "location-before-char-end": 2489,
      "location-after-char-start": 4533,
      "location-after-char-end": 4547,
      "node-str": ""
    },
    {
      "type": "insert-node",
      "node": {
        "label": "",
        "type": "SimpleType"
      },
      "location-after-char-start": 4552,
      "location-after-char-end": 4576,
      "node-str": ""
    },
    {
      "type": "insert-node",
      "node": {
        "label": "",
        "type": "Javadoc"
      },
      "location-after-char-start": 4580,
      "location-after-char-end": 5103,
      "node-str": ""
    },
    {
      "type": "insert-node",
      "node": {
        "label": "public",
        "type": "Modifier"
      },
      "location-after-char-start": 5105,
      "location-after-char-end": 5111,
      "node-str": "public"
    },
    {
      "type": "insert-node",
      "node": {
        "label": "",
        "type": "ParameterizedType"
      },
      "location-after-char-start": 5112,
      "location-after-char-end": 5130,
      "node-str": ""
    },
    {
      "type": "insert-node",
      "node": {
        "label": "getAllContacts",
        "type": "SimpleName"
      },
      "location-after-char-start": 5131,
      "location-after-char-end": 5145,
      "node-str": "getAllContacts"
    },
    {
      "type": "insert-node",
      "node": {
        "label": "",
        "type": "SingleVariableDeclaration"
      },
      "location-after-char-start": 5146,
      "location-after-char-end": 5161,
      "node-str": ""
    },
    {
      "type": "move-subtree",
      "node": {
        "label": "",
        "type": "SimpleType"
      },
      "location-before-char-start": 1850,
      "location-before-char-end": 1864,
      "location-after-char-start": 5173,
      "location-after-char-end": 5187,
      "node-str": ""
    },
    {
      "type": "insert-node",
      "node": {
        "label": "",
        "type": "SimpleType"
      },
      "location-after-char-start": 5189,
      "location-after-char-end": 5213,
      "node-str": ""
    },
    {
      "type": "insert-node",
      "node": {
        "label": "",
        "type": "Javadoc"
      },
      "location-after-char-start": 5217,
      "location-after-char-end": 5736,
      "node-str": ""
    },
    {
      "type": "insert-node",
      "node": {
        "label": "public",
        "type": "Modifier"
      },
      "location-after-char-start": 5738,
      "location-after-char-end": 5744,
      "node-str": "public"
    },
    {
      "type": "insert-node",
      "node": {
        "label": "",
        "type": "ParameterizedType"
      },
      "location-after-char-start": 5745,
      "location-after-char-end": 5761,
      "node-str": ""
    },
    {
      "type": "insert-node",
      "node": {
        "label": "getAllGroups",
        "type": "SimpleName"
      },
      "location-after-char-start": 5762,
      "location-after-char-end": 5774,
      "node-str": "getAllGroups"
    },
    {
      "type": "move-subtree",
      "node": {
        "label": "",
        "type": "SingleVariableDeclaration"
      },
      "location-before-char-start": 2003,
      "location-before-char-end": 2017,
      "location-after-char-start": 5775,
      "location-after-char-end": 5790,
      "node-str": ""
    },
    {
      "type": "move-subtree",
      "node": {
        "label": "",
        "type": "SimpleType"
      },
      "location-before-char-start": 2026,
      "location-before-char-end": 2040,
      "location-after-char-start": 5802,
      "location-after-char-end": 5816,
      "node-str": ""
    },
    {
      "type": "insert-node",
      "node": {
        "label": "",
        "type": "SimpleType"
      },
      "location-after-char-start": 5818,
      "location-after-char-end": 5842,
      "node-str": ""
    },
    {
      "type": "insert-node",
      "node": {
        "label": "",
        "type": "Javadoc"
      },
      "location-after-char-start": 5846,
      "location-after-char-end": 6406,
      "node-str": ""
    },
    {
      "type": "insert-node",
      "node": {
        "label": "public",
        "type": "Modifier"
      },
      "location-after-char-start": 6408,
      "location-after-char-end": 6414,
      "node-str": "public"
    },
    {
      "type": "insert-node",
      "node": {
        "label": "",
        "type": "SimpleType"
      },
      "location-after-char-start": 6415,
      "location-after-char-end": 6421,
      "node-str": ""
    },
    {
      "type": "insert-node",
      "node": {
        "label": "findByEmailAddress",
        "type": "SimpleName"
      },
      "location-after-char-start": 6422,
      "location-after-char-end": 6440,
      "node-str": "findByEmailAddress"
    },
    {
      "type": "insert-node",
      "node": {
        "label": "",
        "type": "SingleVariableDeclaration"
      },
      "location-after-char-start": 6441,
      "location-after-char-end": 6456,
      "node-str": ""
    },
    {
      "type": "move-subtree",
      "node": {
        "label": "",
        "type": "SingleVariableDeclaration"
      },
      "location-before-char-start": 2180,
      "location-before-char-end": 2194,
      "location-after-char-start": 6458,
      "location-after-char-end": 6477,
      "node-str": ""
    },
    {
      "type": "move-subtree",
      "node": {
        "label": "",
        "type": "SimpleType"
      },
      "location-before-char-start": 2203,
      "location-before-char-end": 2217,
      "location-after-char-start": 6489,
      "location-after-char-end": 6503,
      "node-str": ""
    },
    {
      "type": "insert-node",
      "node": {
        "label": "",
        "type": "SimpleType"
      },
      "location-after-char-start": 6505,
      "location-after-char-end": 6529,
      "node-str": ""
    },
    {
      "type": "insert-node",
      "node": {
        "label": "",
        "type": "Javadoc"
      },
      "location-after-char-start": 6533,
      "location-after-char-end": 7283,
      "node-str": ""
    },
    {
      "type": "insert-node",
      "node": {
        "label": "public",
        "type": "Modifier"
      },
      "location-after-char-start": 7285,
      "location-after-char-end": 7291,
      "node-str": "public"
    },
    {
      "type": "insert-node",
      "node": {
        "label": "",
        "type": "SimpleType"
      },
      "location-after-char-start": 7292,
      "location-after-char-end": 7298,
      "node-str": ""
    },
    {
      "type": "insert-node",
      "node": {
        "label": "findByName",
        "type": "SimpleName"
      },
      "location-after-char-start": 7299,
      "location-after-char-end": 7309,
      "node-str": "findByName"
    },
    {
      "type": "insert-node",
      "node": {
        "label": "",
        "type": "SingleVariableDeclaration"
      },
      "location-after-char-start": 7310,
      "location-after-char-end": 7325,
      "node-str": ""
    },
    {
      "type": "move-subtree",
      "node": {
        "label": "",
        "type": "SingleVariableDeclaration"
      },
      "location-before-char-start": 2456,
      "location-before-char-end": 2466,
      "location-after-char-start": 7327,
      "location-after-char-end": 7338,
      "node-str": ""
    },
    {
      "type": "insert-node",
      "node": {
        "label": "",
        "type": "SimpleType"
      },
      "location-after-char-start": 7350,
      "location-after-char-end": 7364,
      "node-str": ""
    },
    {
      "type": "insert-node",
      "node": {
        "label": "",
        "type": "SimpleType"
      },
      "location-after-char-start": 7366,
      "location-after-char-end": 7390,
      "node-str": ""
    },
    {
      "type": "update-node",
      "node": {
        "label": "Provides high-level contact management methods.",
        "type": "TextElement"
      },
      "location-before-char-start": 891,
      "location-before-char-end": 938,
      "location-after-char-start": 836,
      "location-after-char-end": 911,
      "node-str": "Provides high-level contact management methods. This Facade API is the only"
    },
    {
      "type": "insert-node",
      "node": {
        "label": "way to access functionality of this component.",
        "type": "TextElement"
      },
      "location-after-char-start": 915,
      "location-after-char-end": 961,
      "node-str": "way to access functionality of this component."
    },
    {
      "type": "insert-node",
      "node": {
        "label": "\u003cp\u003e",
        "type": "TextElement"
      },
      "location-after-char-start": 965,
      "location-after-char-end": 968,
      "node-str": "\u003cp\u003e"
    },
    {
      "type": "insert-node",
      "node": {
        "label": "In case the facade implementation doesn\u0027t support specific functionality, an",
        "type": "TextElement"
      },
      "location-after-char-start": 972,
      "location-after-char-end": 1048,
      "node-str": "In case the facade implementation doesn\u0027t support specific functionality, an"
    },
    {
      "type": "insert-node",
      "node": {
        "label": "\u003ccode\u003ejava.lang.IllegalArgumentException\u003c/code\u003e should be thrown.",
        "type": "TextElement"
      },
      "location-after-char-start": 1052,
      "location-after-char-end": 1117,
      "node-str": "\u003ccode\u003ejava.lang.IllegalArgumentException\u003c/code\u003e should be thrown."
    },
    {
      "type": "insert-node",
      "node": {
        "label": "Components making use of this facade, should try to handle missing method",
        "type": "TextElement"
      },
      "location-after-char-start": 1121,
      "location-after-char-end": 1194,
      "node-str": "Components making use of this facade, should try to handle missing method"
    },
    {
      "type": "insert-node",
      "node": {
        "label": "implementations gracefully, if possible.",
        "type": "TextElement"
      },
      "location-after-char-start": 1198,
      "location-after-char-end": 1238,
      "node-str": "implementations gracefully, if possible."
    },
    {
      "type": "insert-node",
      "node": {
        "label": "\u003cp\u003e",
        "type": "TextElement"
      },
      "location-after-char-start": 1242,
      "location-after-char-end": 1245,
      "node-str": "\u003cp\u003e"
    },
    {
      "type": "insert-node",
      "node": {
        "label": "Unchecked exceptions based on \u003ccode\u003ejava.lang.RuntimeException\u003c/code\u003e are",
        "type": "TextElement"
      },
      "location-after-char-start": 1249,
      "location-after-char-end": 1322,
      "node-str": "Unchecked exceptions based on \u003ccode\u003ejava.lang.RuntimeException\u003c/code\u003e are"
    },
    {
      "type": "insert-node",
      "node": {
        "label": "used only. A \u003ccode\u003eStoreException\u003c/code\u003e is thrown in case of an internal",
        "type": "TextElement"
      },
      "location-after-char-start": 1326,
      "location-after-char-end": 1399,
      "node-str": "used only. A \u003ccode\u003eStoreException\u003c/code\u003e is thrown in case of an internal"
    },
    {
      "type": "insert-node",
      "node": {
        "label": "store backend error or failure a client usually can\u0027t resolve gracefully. A",
        "type": "TextElement"
      },
      "location-after-char-start": 1403,
      "location-after-char-end": 1478,
      "node-str": "store backend error or failure a client usually can\u0027t resolve gracefully. A"
    },
    {
      "type": "insert-node",
      "node": {
        "label": "\u003ccode\u003eIllegalArgumentException\u003c/code\u003e is used in case the client didn\u0027t",
        "type": "TextElement"
      },
      "location-after-char-start": 1482,
      "location-after-char-end": 1553,
      "node-str": "\u003ccode\u003eIllegalArgumentException\u003c/code\u003e is used in case the client didn\u0027t"
    },
    {
      "type": "insert-node",
      "node": {
        "label": "make use of the method correctly.",
        "type": "TextElement"
      },
      "location-after-char-start": 1557,
      "location-after-char-end": 1590,
      "node-str": "make use of the method correctly."
    },
    {
      "type": "insert-node",
      "node": {
        "label": "\u003cp\u003e",
        "type": "TextElement"
      },
      "location-after-char-start": 1594,
      "location-after-char-end": 1597,
      "node-str": "\u003cp\u003e"
    },
    {
      "type": "insert-node",
      "node": {
        "label": "Following an example on how to register a new facade implementation:",
        "type": "TextElement"
      },
      "location-after-char-start": 1601,
      "location-after-char-end": 1669,
      "node-str": "Following an example on how to register a new facade implementation:"
    },
    {
      "type": "insert-node",
      "node": {
        "label": "\u003cpre\u003e",
        "type": "TextElement"
      },
      "location-after-char-start": 1677,
      "location-after-char-end": 1682,
      "node-str": "\u003cpre\u003e"
    },
    {
      "type": "insert-node",
      "node": {
        "label": "ServiceRegistry.register(MyFacadeImpl.class, IContactFacade)",
        "type": "TextElement"
      },
      "location-after-char-start": 1686,
      "location-after-char-end": 1746,
      "node-str": "ServiceRegistry.register(MyFacadeImpl.class, IContactFacade)"
    },
    {
      "type": "insert-node",
      "node": {
        "label": "\u003c/pre\u003e",
        "type": "TextElement"
      },
      "location-after-char-start": 1750,
      "location-after-char-end": 1756,
      "node-str": "\u003c/pre\u003e"
    },
    {
      "type": "insert-node",
      "node": {
        "label": "",
        "type": "TagElement"
      },
      "location-after-char-start": 1827,
      "location-after-char-end": 1879,
      "node-str": ""
    },
    {
      "type": "insert-node",
      "node": {
        "label": "",
        "type": "TagElement"
      },
      "location-after-char-start": 1889,
      "location-after-char-end": 1938,
      "node-str": ""
    },
    {
      "type": "insert-node",
      "node": {
        "label": "",
        "type": "TagElement"
      },
      "location-after-char-start": 1943,
      "location-after-char-end": 1995,
      "node-str": ""
    },
    {
      "type": "insert-node",
      "node": {
        "label": "",
        "type": "TagElement"
      },
      "location-after-char-start": 2000,
      "location-after-char-end": 2085,
      "node-str": ""
    },
    {
      "type": "insert-node",
      "node": {
        "label": "",
        "type": "TagElement"
      },
      "location-after-char-start": 2090,
      "location-after-char-end": 2248,
      "node-str": ""
    },
    {
      "type": "move-subtree",
      "node": {
        "label": "",
        "type": "SimpleType"
      },
      "location-before-char-start": 1825,
      "location-before-char-end": 1831,
      "location-after-char-start": 2271,
      "location-after-char-end": 2277,
      "node-str": ""
    },
    {
      "type": "update-node",
      "node": {
        "label": "address",
        "type": "SimpleName"
      },
      "location-before-char-start": 1834,
      "location-before-char-end": 1841,
      "location-after-char-start": 2278,
      "location-after-char-end": 2280,
      "node-str": "id"
    },
    {
      "type": "update-node",
      "node": {
        "label": "address",
        "type": "SimpleName"
      },
      "location-before-char-start": 1163,
      "location-before-char-end": 1170,
      "location-after-char-start": 2289,
      "location-after-char-end": 2301,
      "node-str": "emailAddress"
    },
    {
      "type": "insert-node",
      "node": {
        "label": "IllegalArgumentException",
        "type": "SimpleName"
      },
      "location-after-char-start": 2329,
      "location-after-char-end": 2353,
      "node-str": "IllegalArgumentException"
    },
    {
      "type": "insert-node",
      "node": {
        "label": "",
        "type": "TagElement"
      },
      "location-after-char-start": 2365,
      "location-after-char-end": 2489,
      "node-str": ""
    },
    {
      "type": "insert-node",
      "node": {
        "label": "",
        "type": "TagElement"
      },
      "location-after-char-start": 2499,
      "location-after-char-end": 2551,
      "node-str": ""
    },
    {
      "type": "insert-node",
      "node": {
        "label": "",
        "type": "TagElement"
      },
      "location-after-char-start": 2556,
      "location-after-char-end": 2641,
      "node-str": ""
    },
    {
      "type": "insert-node",
      "node": {
        "label": "",
        "type": "TagElement"
      },
      "location-after-char-start": 2646,
      "location-after-char-end": 2804,
      "node-str": ""
    },
    {
      "type": "update-node",
      "node": {
        "label": "uid",
        "type": "SimpleName"
      },
      "location-before-char-start": 1151,
      "location-before-char-end": 1154,
      "location-after-char-start": 2834,
      "location-after-char-end": 2846,
      "node-str": "emailAddress"
    },
    {
      "type": "insert-node",
      "node": {
        "label": "IllegalArgumentException",
        "type": "SimpleName"
      },
      "location-after-char-start": 2874,
      "location-after-char-end": 2898,
      "node-str": "IllegalArgumentException"
    },
    {
      "type": "insert-node",
      "node": {
        "label": "",
        "type": "TagElement"
      },
      "location-after-char-start": 2910,
      "location-after-char-end": 2976,
      "node-str": ""
    },
    {
      "type": "insert-node",
      "node": {
        "label": "",
        "type": "TagElement"
      },
      "location-after-char-start": 2986,
      "location-after-char-end": 3041,
      "node-str": ""
    },
    {
      "type": "insert-node",
      "node": {
        "label": "",
        "type": "TagElement"
      },
      "location-after-char-start": 3046,
      "location-after-char-end": 3095,
      "node-str": ""
    },
    {
      "type": "insert-node",
      "node": {
        "label": "",
        "type": "TagElement"
      },
      "location-after-char-start": 3100,
      "location-after-char-end": 3171,
      "node-str": ""
    },
    {
      "type": "insert-node",
      "node": {
        "label": "",
        "type": "TagElement"
      },
      "location-after-char-start": 3176,
      "location-after-char-end": 3261,
      "node-str": ""
    },
    {
      "type": "insert-node",
      "node": {
        "label": "",
        "type": "TagElement"
      },
      "location-after-char-start": 3266,
      "location-after-char-end": 3426,
      "node-str": ""
    },
    {
      "type": "insert-node",
      "node": {
        "label": "IContactItem",
        "type": "SimpleName"
      },
      "location-after-char-start": 3440,
      "location-after-char-end": 3452,
      "node-str": "IContactItem"
    },
    {
      "type": "move-subtree",
      "node": {
        "label": "",
        "type": "SimpleType"
      },
      "location-before-char-start": 1588,
      "location-before-char-end": 1594,
      "location-after-char-start": 3468,
      "location-after-char-end": 3474,
      "node-str": ""
    },
    {
      "type": "update-node",
      "node": {
        "label": "address",
        "type": "SimpleName"
      },
      "location-before-char-start": 1597,
      "location-before-char-end": 1604,
      "location-after-char-start": 3475,
      "location-after-char-end": 3483,
      "node-str": "folderId"
    },
    {
      "type": "update-node",
      "node": {
        "label": "address",
        "type": "SimpleName"
      },
      "location-before-char-start": 1379,
      "location-before-char-end": 1386,
      "location-after-char-start": 3492,
      "location-after-char-end": 3501,
      "node-str": "contactId"
    },
    {
      "type": "insert-node",
      "node": {
        "label": "IllegalArgumentException",
        "type": "SimpleName"
      },
      "location-after-char-start": 3529,
      "location-after-char-end": 3553,
      "node-str": "IllegalArgumentException"
    },
    {
      "type": "insert-node",
      "node": {
        "label": "",
        "type": "TagElement"
      },
      "location-after-char-start": 3565,
      "location-after-char-end": 3661,
      "node-str": ""
    },
    {
      "type": "insert-node",
      "node": {
        "label": "",
        "type": "TagElement"
      },
      "location-after-char-start": 3671,
      "location-after-char-end": 3726,
      "node-str": ""
    },
    {
      "type": "insert-node",
      "node": {
        "label": "",
        "type": "TagElement"
      },
      "location-after-char-start": 3731,
      "location-after-char-end": 4084,
      "node-str": ""
    },
    {
      "type": "insert-node",
      "node": {
        "label": "",
        "type": "TagElement"
      },
      "location-after-char-start": 4089,
      "location-after-char-end": 4176,
      "node-str": ""
    },
    {
      "type": "insert-node",
      "node": {
        "label": "",
        "type": "TagElement"
      },
      "location-after-char-start": 4181,
      "location-after-char-end": 4266,
      "node-str": ""
    },
    {
      "type": "insert-node",
      "node": {
        "label": "",
        "type": "TagElement"
      },
      "location-after-char-start": 4271,
      "location-after-char-end": 4429,
      "node-str": ""
    },
    {
      "type": "update-node",
      "node": {
        "label": "uid",
        "type": "SimpleName"
      },
      "location-before-char-start": 1583,
      "location-before-char-end": 1586,
      "location-after-char-start": 4486,
      "location-after-char-end": 4494,
      "node-str": "folderId"
    },
    {
      "type": "insert-node",
      "node": {
        "label": "boolean",
        "type": "PrimitiveType"
      },
      "location-after-char-start": 4499,
      "location-after-char-end": 4506,
      "node-str": "boolean"
    },
    {
      "type": "insert-node",
      "node": {
        "label": "flattenGroupItems",
        "type": "SimpleName"
      },
      "location-after-char-start": 4507,
      "location-after-char-end": 4524,
      "node-str": "flattenGroupItems"
    },
    {
      "type": "insert-node",
      "node": {
        "label": "IllegalArgumentException",
        "type": "SimpleName"
      },
      "location-after-char-start": 4552,
      "location-after-char-end": 4576,
      "node-str": "IllegalArgumentException"
    },
    {
      "type": "insert-node",
      "node": {
        "label": "",
        "type": "TagElement"
      },
      "location-after-char-start": 4588,
      "location-after-char-end": 4687,
      "node-str": ""
    },
    {
      "type": "insert-node",
      "node": {
        "label": "",
        "type": "TagElement"
      },
      "location-after-char-start": 4697,
      "location-after-char-end": 4752,
      "node-str": ""
    },
    {
      "type": "insert-node",
      "node": {
        "label": "",
        "type": "TagElement"
      },
      "location-after-char-start": 4757,
      "location-after-char-end": 4845,
      "node-str": ""
    },
    {
      "type": "insert-node",
      "node": {
        "label": "",
        "type": "TagElement"
      },
      "location-after-char-start": 4850,
      "location-after-char-end": 4935,
      "node-str": ""
    },
    {
      "type": "insert-node",
      "node": {
        "label": "",
        "type": "TagElement"
      },
      "location-after-char-start": 4940,
      "location-after-char-end": 5098,
      "node-str": ""
    },
    {
      "type": "insert-node",
      "node": {
        "label": "",
        "type": "SimpleType"
      },
      "location-after-char-start": 5112,
      "location-after-char-end": 5116,
      "node-str": ""
    },
    {
      "type": "insert-node",
      "node": {
        "label": "",
        "type": "SimpleType"
      },
      "location-after-char-start": 5117,
      "location-after-char-end": 5129,
      "node-str": ""
    },
    {
      "type": "insert-node",
      "node": {
        "label": "",
        "type": "SimpleType"
      },
      "location-after-char-start": 5146,
      "location-after-char-end": 5152,
      "node-str": ""
    },
    {
      "type": "insert-node",
      "node": {
        "label": "folderId",
        "type": "SimpleName"
      },
      "location-after-char-start": 5153,
      "location-after-char-end": 5161,
      "node-str": "folderId"
    },
    {
      "type": "insert-node",
      "node": {
        "label": "IllegalArgumentException",
        "type": "SimpleName"
      },
      "location-after-char-start": 5189,
      "location-after-char-end": 5213,
      "node-str": "IllegalArgumentException"
    },
    {
      "type": "insert-node",
      "node": {
        "label": "",
        "type": "TagElement"
      },
      "location-after-char-start": 5225,
      "location-after-char-end": 5322,
      "node-str": ""
    },
    {
      "type": "insert-node",
      "node": {
        "label": "",
        "type": "TagElement"
      },
      "location-after-char-start": 5332,
      "location-after-char-end": 5387,
      "node-str": ""
    },
    {
      "type": "insert-node",
      "node": {
        "label": "",
        "type": "TagElement"
      },
      "location-after-char-start": 5392,
      "location-after-char-end": 5478,
      "node-str": ""
    },
    {
      "type": "insert-node",
      "node": {
        "label": "",
        "type": "TagElement"
      },
      "location-after-char-start": 5483,
      "location-after-char-end": 5568,
      "node-str": ""
    },
    {
      "type": "insert-node",
      "node": {
        "label": "",
        "type": "TagElement"
      },
      "location-after-char-start": 5573,
      "location-after-char-end": 5731,
      "node-str": ""
    },
    {
      "type": "insert-node",
      "node": {
        "label": "",
        "type": "SimpleType"
      },
      "location-after-char-start": 5745,
      "location-after-char-end": 5749,
      "node-str": ""
    },
    {
      "type": "insert-node",
      "node": {
        "label": "",
        "type": "SimpleType"
      },
      "location-after-char-start": 5750,
      "location-after-char-end": 5760,
      "node-str": ""
    },
    {
      "type": "update-node",
      "node": {
        "label": "address",
        "type": "SimpleName"
      },
      "location-before-char-start": 2010,
      "location-before-char-end": 2017,
      "location-after-char-start": 5782,
      "location-after-char-end": 5790,
      "node-str": "folderId"
    },
    {
      "type": "insert-node",
      "node": {
        "label": "IllegalArgumentException",
        "type": "SimpleName"
      },
      "location-after-char-start": 5818,
      "location-after-char-end": 5842,
      "node-str": "IllegalArgumentException"
    },
    {
      "type": "insert-node",
      "node": {
        "label": "",
        "type": "TagElement"
      },
      "location-after-char-start": 5854,
      "location-after-char-end": 5914,
      "node-str": ""
    },
    {
      "type": "insert-node",
      "node": {
        "label": "",
        "type": "TagElement"
      },
      "location-after-char-start": 5924,
      "location-after-char-end": 5979,
      "node-str": ""
    },
    {
      "type": "insert-node",
      "node": {
        "label": "",
        "type": "TagElement"
      },
      "location-after-char-start": 5984,
      "location-after-char-end": 6046,
      "node-str": ""
    },
    {
      "type": "insert-node",
      "node": {
        "label": "",
        "type": "TagElement"
      },
      "location-after-char-start": 6051,
      "location-after-char-end": 6148,
      "node-str": ""
    },
    {
      "type": "insert-node",
      "node": {
        "label": "",
        "type": "TagElement"
      },
      "location-after-char-start": 6153,
      "location-after-char-end": 6238,
      "node-str": ""
    },
    {
      "type": "insert-node",
      "node": {
        "label": "",
        "type": "TagElement"
      },
      "location-after-char-start": 6243,
      "location-after-char-end": 6401,
      "node-str": ""
    },
    {
      "type": "insert-node",
      "node": {
        "label": "String",
        "type": "SimpleName"
      },
      "location-after-char-start": 6415,
      "location-after-char-end": 6421,
      "node-str": "String"
    },
    {
      "type": "insert-node",
      "node": {
        "label": "",
        "type": "SimpleType"
      },
      "location-after-char-start": 6441,
      "location-after-char-end": 6447,
      "node-str": ""
    },
    {
      "type": "insert-node",
      "node": {
        "label": "folderId",
        "type": "SimpleName"
      },
      "location-after-char-start": 6448,
      "location-after-char-end": 6456,
      "node-str": "folderId"
    },
    {
      "type": "update-node",
      "node": {
        "label": "address",
        "type": "SimpleName"
      },
      "location-before-char-start": 2187,
      "location-before-char-end": 2194,
      "location-after-char-start": 6465,
      "location-after-char-end": 6477,
      "node-str": "emailAddress"
    },
    {
      "type": "insert-node",
      "node": {
        "label": "IllegalArgumentException",
        "type": "SimpleName"
      },
      "location-after-char-start": 6505,
      "location-after-char-end": 6529,
      "node-str": "IllegalArgumentException"
    },
    {
      "type": "insert-node",
      "node": {
        "label": "",
        "type": "TagElement"
      },
      "location-after-char-start": 6541,
      "location-after-char-end": 6808,
      "node-str": ""
    },
    {
      "type": "insert-node",
      "node": {
        "label": "",
        "type": "TagElement"
      },
      "location-after-char-start": 6818,
      "location-after-char-end": 6873,
      "node-str": ""
    },
    {
      "type": "insert-node",
      "node": {
        "label": "",
        "type": "TagElement"
      },
      "location-after-char-start": 6878,
      "location-after-char-end": 6923,
      "node-str": ""
    },
    {
      "type": "insert-node",
      "node": {
        "label": "",
        "type": "TagElement"
      },
      "location-after-char-start": 6928,
      "location-after-char-end": 7025,
      "node-str": ""
    },
    {
      "type": "insert-node",
      "node": {
        "label": "",
        "type": "TagElement"
      },
      "location-after-char-start": 7030,
      "location-after-char-end": 7115,
      "node-str": ""
    },
    {
      "type": "insert-node",
      "node": {
        "label": "",
        "type": "TagElement"
      },
      "location-after-char-start": 7120,
      "location-after-char-end": 7278,
      "node-str": ""
    },
    {
      "type": "insert-node",
      "node": {
        "label": "String",
        "type": "SimpleName"
      },
      "location-after-char-start": 7292,
      "location-after-char-end": 7298,
      "node-str": "String"
    },
    {
      "type": "insert-node",
      "node": {
        "label": "",
        "type": "SimpleType"
      },
      "location-after-char-start": 7310,
      "location-after-char-end": 7316,
      "node-str": ""
    },
    {
      "type": "insert-node",
      "node": {
        "label": "folderId",
        "type": "SimpleName"
      },
      "location-after-char-start": 7317,
      "location-after-char-end": 7325,
      "node-str": "folderId"
    },
    {
      "type": "update-node",
      "node": {
        "label": "uid",
        "type": "SimpleName"
      },
      "location-before-char-start": 2463,
      "location-before-char-end": 2466,
      "location-after-char-start": 7334,
      "location-after-char-end": 7338,
      "node-str": "name"
    },
    {
      "type": "insert-node",
      "node": {
        "label": "StoreException",
        "type": "SimpleName"
      },
      "location-after-char-start": 7350,
      "location-after-char-end": 7364,
      "node-str": "StoreException"
    },
    {
      "type": "insert-node",
      "node": {
        "label": "IllegalArgumentException",
        "type": "SimpleName"
      },
      "location-after-char-start": 7366,
      "location-after-char-end": 7390,
      "node-str": "IllegalArgumentException"
    },
    {
      "type": "insert-node",
      "node": {
        "label": "Add new contact to contact folder with specified id.",
        "type": "TextElement"
      },
      "location-after-char-start": 1827,
      "location-after-char-end": 1879,
      "node-str": "Add new contact to contact folder with specified id."
    },
    {
      "type": "insert-node",
      "node": {
        "label": "id",
        "type": "SimpleName"
      },
      "location-after-char-start": 1896,
      "location-after-char-end": 1898,
      "node-str": "id"
    },
    {
      "type": "insert-node",
      "node": {
        "label": "contact folder unique id",
        "type": "TextElement"
      },
      "location-after-char-start": 1914,
      "location-after-char-end": 1938,
      "node-str": "contact folder unique id"
    },
    {
      "type": "insert-node",
      "node": {
        "label": "emailAddress",
        "type": "SimpleName"
      },
      "location-after-char-start": 1950,
      "location-after-char-end": 1962,
      "node-str": "emailAddress"
    },
    {
      "type": "insert-node",
      "node": {
        "label": "new email address",
        "type": "TextElement"
      },
      "location-after-char-start": 1978,
      "location-after-char-end": 1995,
      "node-str": "new email address"
    },
    {
      "type": "insert-node",
      "node": {
        "label": "StoreException",
        "type": "SimpleName"
      },
      "location-after-char-start": 2008,
      "location-after-char-end": 2022,
      "node-str": "StoreException"
    },
    {
      "type": "insert-node",
      "node": {
        "label": "in case of an internal storage backend failure",
        "type": "TextElement"
      },
      "location-after-char-start": 2039,
      "location-after-char-end": 2085,
      "node-str": "in case of an internal storage backend failure"
    },
    {
      "type": "insert-node",
      "node": {
        "label": "IllegalArgumentException",
        "type": "SimpleName"
      },
      "location-after-char-start": 2098,
      "location-after-char-end": 2122,
      "node-str": "IllegalArgumentException"
    },
    {
      "type": "insert-node",
      "node": {
        "label": "in case of invalid arguments, in case this method is not",
        "type": "TextElement"
      },
      "location-after-char-start": 2139,
      "location-after-char-end": 2195,
      "node-str": "in case of invalid arguments, in case this method is not"
    },
    {
      "type": "insert-node",
      "node": {
        "label": "supported by a facade implementation",
        "type": "TextElement"
      },
      "location-after-char-start": 2212,
      "location-after-char-end": 2248,
      "node-str": "supported by a facade implementation"
    },
    {
      "type": "insert-node",
      "node": {
        "label": "Add new contact to contact folder with specified id. Implementation",
        "type": "TextElement"
      },
      "location-after-char-start": 2365,
      "location-after-char-end": 2432,
      "node-str": "Add new contact to contact folder with specified id. Implementation"
    },
    {
      "type": "insert-node",
      "node": {
        "label": "should prompt user for a destination contact folder.",
        "type": "TextElement"
      },
      "location-after-char-start": 2437,
      "location-after-char-end": 2489,
      "node-str": "should prompt user for a destination contact folder."
    },
    {
      "type": "insert-node",
      "node": {
        "label": "emailAddress",
        "type": "SimpleName"
      },
      "location-after-char-start": 2506,
      "location-after-char-end": 2518,
      "node-str": "emailAddress"
    },
    {
      "type": "insert-node",
      "node": {
        "label": "new email address",
        "type": "TextElement"
      },
      "location-after-char-start": 2534,
      "location-after-char-end": 2551,
      "node-str": "new email address"
    },
    {
      "type": "insert-node",
      "node": {
        "label": "StoreException",
        "type": "SimpleName"
      },
      "location-after-char-start": 2564,
      "location-after-char-end": 2578,
      "node-str": "StoreException"
    },
    {
      "type": "insert-node",
      "node": {
        "label": "in case of an internal storage backend failure",
        "type": "TextElement"
      },
      "location-after-char-start": 2595,
      "location-after-char-end": 2641,
      "node-str": "in case of an internal storage backend failure"
    },
    {
      "type": "insert-node",
      "node": {
        "label": "IllegalArgumentException",
        "type": "SimpleName"
      },
      "location-after-char-start": 2654,
      "location-after-char-end": 2678,
      "node-str": "IllegalArgumentException"
    },
    {
      "type": "insert-node",
      "node": {
        "label": "in case of invalid arguments, in case this method is not",
        "type": "TextElement"
      },
      "location-after-char-start": 2695,
      "location-after-char-end": 2751,
      "node-str": "in case of invalid arguments, in case this method is not"
    },
    {
      "type": "insert-node",
      "node": {
        "label": "supported by a facade implementation",
        "type": "TextElement"
      },
      "location-after-char-start": 2768,
      "location-after-char-end": 2804,
      "node-str": "supported by a facade implementation"
    },
    {
      "type": "insert-node",
      "node": {
        "label": "Retrieve contact item with given id from specified contact folder.",
        "type": "TextElement"
      },
      "location-after-char-start": 2910,
      "location-after-char-end": 2976,
      "node-str": "Retrieve contact item with given id from specified contact folder."
    },
    {
      "type": "insert-node",
      "node": {
        "label": "folderId",
        "type": "SimpleName"
      },
      "location-after-char-start": 2993,
      "location-after-char-end": 3001,
      "node-str": "folderId"
    },
    {
      "type": "insert-node",
      "node": {
        "label": "unique contact folder id",
        "type": "TextElement"
      },
      "location-after-char-start": 3017,
      "location-after-char-end": 3041,
      "node-str": "unique contact folder id"
    },
    {
      "type": "insert-node",
      "node": {
        "label": "contactId",
        "type": "SimpleName"
      },
      "location-after-char-start": 3053,
      "location-after-char-end": 3062,
      "node-str": "contactId"
    },
    {
      "type": "insert-node",
      "node": {
        "label": "unique contact id",
        "type": "TextElement"
      },
      "location-after-char-start": 3078,
      "location-after-char-end": 3095,
      "node-str": "unique contact id"
    },
    {
      "type": "insert-node",
      "node": {
        "label": " contact item instance if available, \u003ccode\u003enull\u003c/code\u003eotherwise.",
        "type": "TextElement"
      },
      "location-after-char-start": 3107,
      "location-after-char-end": 3171,
      "node-str": " contact item instance if available, \u003ccode\u003enull\u003c/code\u003eotherwise."
    },
    {
      "type": "insert-node",
      "node": {
        "label": "StoreException",
        "type": "SimpleName"
      },
      "location-after-char-start": 3184,
      "location-after-char-end": 3198,
      "node-str": "StoreException"
    },
    {
      "type": "insert-node",
      "node": {
        "label": "in case of an internal storage backend failure",
        "type": "TextElement"
      },
      "location-after-char-start": 3215,
      "location-after-char-end": 3261,
      "node-str": "in case of an internal storage backend failure"
    },
    {
      "type": "insert-node",
      "node": {
        "label": "IllegalArgumentException",
        "type": "SimpleName"
      },
      "location-after-char-start": 3274,
      "location-after-char-end": 3298,
      "node-str": "IllegalArgumentException"
    },
    {
      "type": "insert-node",
      "node": {
        "label": "in case of invalid arguments, in case this method is not",
        "type": "TextElement"
      },
      "location-after-char-start": 3315,
      "location-after-char-end": 3371,
      "node-str": "in case of invalid arguments, in case this method is not"
    },
    {
      "type": "insert-node",
      "node": {
        "label": "supported by the facade implementation",
        "type": "TextElement"
      },
      "location-after-char-start": 3388,
      "location-after-char-end": 3426,
      "node-str": "supported by the facade implementation"
    },
    {
      "type": "insert-node",
      "node": {
        "label": "Retrieve all \u003ccode\u003eIHeaderItem\u003c/code\u003e instances from contact folder",
        "type": "TextElement"
      },
      "location-after-char-start": 3565,
      "location-after-char-end": 3632,
      "node-str": "Retrieve all \u003ccode\u003eIHeaderItem\u003c/code\u003e instances from contact folder"
    },
    {
      "type": "insert-node",
      "node": {
        "label": "with selected unique id.",
        "type": "TextElement"
      },
      "location-after-char-start": 3637,
      "location-after-char-end": 3661,
      "node-str": "with selected unique id."
    },
    {
      "type": "insert-node",
      "node": {
        "label": "folderId",
        "type": "SimpleName"
      },
      "location-after-char-start": 3678,
      "location-after-char-end": 3686,
      "node-str": "folderId"
    },
    {
      "type": "insert-node",
      "node": {
        "label": "contact folder unique id",
        "type": "TextElement"
      },
      "location-after-char-start": 3702,
      "location-after-char-end": 3726,
      "node-str": "contact folder unique id"
    },
    {
      "type": "insert-node",
      "node": {
        "label": "flattenGroupItems",
        "type": "SimpleName"
      },
      "location-after-char-start": 3738,
      "location-after-char-end": 3755,
      "node-str": "flattenGroupItems"
    },
    {
      "type": "insert-node",
      "node": {
        "label": "If true, convert \u003ccode\u003eIGroupItem\u003c/code\u003e to",
        "type": "TextElement"
      },
      "location-after-char-start": 3771,
      "location-after-char-end": 3814,
      "node-str": "If true, convert \u003ccode\u003eIGroupItem\u003c/code\u003e to"
    },
    {
      "type": "insert-node",
      "node": {
        "label": "\u003ccode\u003eList\u003cIContactItem\u003e\u003c/code\u003e. The result will be a list",
        "type": "TextElement"
      },
      "location-after-char-start": 3830,
      "location-after-char-end": 3888,
      "node-str": "\u003ccode\u003eList\u003cIContactItem\u003e\u003c/code\u003e. The result will be a list"
    },
    {
      "type": "insert-node",
      "node": {
        "label": "containing only \u003ccode\u003eIContactItem\u003c/code\u003e instances.",
        "type": "TextElement"
      },
      "location-after-char-start": 3904,
      "location-after-char-end": 3956,
      "node-str": "containing only \u003ccode\u003eIContactItem\u003c/code\u003e instances."
    },
    {
      "type": "insert-node",
      "node": {
        "label": "Otherwise, the list will contain \u003ccode\u003eIContactItem\u003c/code\u003e",
        "type": "TextElement"
      },
      "location-after-char-start": 3972,
      "location-after-char-end": 4030,
      "node-str": "Otherwise, the list will contain \u003ccode\u003eIContactItem\u003c/code\u003e"
    },
    {
      "type": "insert-node",
      "node": {
        "label": "and \u003ccode\u003eIGroupItem\u003c/code\u003e instances.",
        "type": "TextElement"
      },
      "location-after-char-start": 4046,
      "location-after-char-end": 4084,
      "node-str": "and \u003ccode\u003eIGroupItem\u003c/code\u003e instances."
    },
    {
      "type": "insert-node",
      "node": {
        "label": " list of \u003ccode\u003eIHeaderItem\u003c/code\u003e instances, never",
        "type": "TextElement"
      },
      "location-after-char-start": 4096,
      "location-after-char-end": 4146,
      "node-str": " list of \u003ccode\u003eIHeaderItem\u003c/code\u003e instances, never"
    },
    {
      "type": "insert-node",
      "node": {
        "label": "\u003ccode\u003enull\u003c/code\u003e",
        "type": "TextElement"
      },
      "location-after-char-start": 4159,
      "location-after-char-end": 4176,
      "node-str": "\u003ccode\u003enull\u003c/code\u003e"
    },
    {
      "type": "insert-node",
      "node": {
        "label": "StoreException",
        "type": "SimpleName"
      },
      "location-after-char-start": 4189,
      "location-after-char-end": 4203,
      "node-str": "StoreException"
    },
    {
      "type": "insert-node",
      "node": {
        "label": "in case of an internal storage backend failure",
        "type": "TextElement"
      },
      "location-after-char-start": 4220,
      "location-after-char-end": 4266,
      "node-str": "in case of an internal storage backend failure"
    },
    {
      "type": "insert-node",
      "node": {
        "label": "IllegalArgumentException",
        "type": "SimpleName"
      },
      "location-after-char-start": 4279,
      "location-after-char-end": 4303,
      "node-str": "IllegalArgumentException"
    },
    {
      "type": "insert-node",
      "node": {
        "label": "in case of invalid arguments, in case this method is not",
        "type": "TextElement"
      },
      "location-after-char-start": 4320,
      "location-after-char-end": 4376,
      "node-str": "in case of invalid arguments, in case this method is not"
    },
    {
      "type": "insert-node",
      "node": {
        "label": "supported by a facade implementation",
        "type": "TextElement"
      },
      "location-after-char-start": 4393,
      "location-after-char-end": 4429,
      "node-str": "supported by a facade implementation"
    },
    {
      "type": "insert-node",
      "node": {
        "label": "Retrieve all \u003ccode\u003eIContactItem\u003c/code\u003e instances from a contact folder",
        "type": "TextElement"
      },
      "location-after-char-start": 4588,
      "location-after-char-end": 4658,
      "node-str": "Retrieve all \u003ccode\u003eIContactItem\u003c/code\u003e instances from a contact folder"
    },
    {
      "type": "insert-node",
      "node": {
        "label": "with selected unique id.",
        "type": "TextElement"
      },
      "location-after-char-start": 4663,
      "location-after-char-end": 4687,
      "node-str": "with selected unique id."
    },
    {
      "type": "insert-node",
      "node": {
        "label": "folderId",
        "type": "SimpleName"
      },
      "location-after-char-start": 4704,
      "location-after-char-end": 4712,
      "node-str": "folderId"
    },
    {
      "type": "insert-node",
      "node": {
        "label": "contact folder unique id",
        "type": "TextElement"
      },
      "location-after-char-start": 4728,
      "location-after-char-end": 4752,
      "node-str": "contact folder unique id"
    },
    {
      "type": "insert-node",
      "node": {
        "label": " list of \u003ccode\u003eIContactItem\u003c/code\u003e instances, never",
        "type": "TextElement"
      },
      "location-after-char-start": 4764,
      "location-after-char-end": 4815,
      "node-str": " list of \u003ccode\u003eIContactItem\u003c/code\u003e instances, never"
    },
    {
      "type": "insert-node",
      "node": {
        "label": "\u003ccode\u003enull\u003c/code\u003e",
        "type": "TextElement"
      },
      "location-after-char-start": 4828,
      "location-after-char-end": 4845,
      "node-str": "\u003ccode\u003enull\u003c/code\u003e"
    },
    {
      "type": "insert-node",
      "node": {
        "label": "StoreException",
        "type": "SimpleName"
      },
      "location-after-char-start": 4858,
      "location-after-char-end": 4872,
      "node-str": "StoreException"
    },
    {
      "type": "insert-node",
      "node": {
        "label": "in case of an internal storage backend failure",
        "type": "TextElement"
      },
      "location-after-char-start": 4889,
      "location-after-char-end": 4935,
      "node-str": "in case of an internal storage backend failure"
    },
    {
      "type": "insert-node",
      "node": {
        "label": "IllegalArgumentException",
        "type": "SimpleName"
      },
      "location-after-char-start": 4948,
      "location-after-char-end": 4972,
      "node-str": "IllegalArgumentException"
    },
    {
      "type": "insert-node",
      "node": {
        "label": "in case of invalid arguments, in case this method is not",
        "type": "TextElement"
      },
      "location-after-char-start": 4989,
      "location-after-char-end": 5045,
      "node-str": "in case of invalid arguments, in case this method is not"
    },
    {
      "type": "insert-node",
      "node": {
        "label": "supported by a facade implementation",
        "type": "TextElement"
      },
      "location-after-char-start": 5062,
      "location-after-char-end": 5098,
      "node-str": "supported by a facade implementation"
    },
    {
      "type": "insert-node",
      "node": {
        "label": "List",
        "type": "SimpleName"
      },
      "location-after-char-start": 5112,
      "location-after-char-end": 5116,
      "node-str": "List"
    },
    {
      "type": "insert-node",
      "node": {
        "label": "IContactItem",
        "type": "SimpleName"
      },
      "location-after-char-start": 5117,
      "location-after-char-end": 5129,
      "node-str": "IContactItem"
    },
    {
      "type": "insert-node",
      "node": {
        "label": "String",
        "type": "SimpleName"
      },
      "location-after-char-start": 5146,
      "location-after-char-end": 5152,
      "node-str": "String"
    },
    {
      "type": "insert-node",
      "node": {
        "label": "Retrieve all \u003ccode\u003eIGroupItem\u003c/code\u003e instances from a contact folder",
        "type": "TextElement"
      },
      "location-after-char-start": 5225,
      "location-after-char-end": 5293,
      "node-str": "Retrieve all \u003ccode\u003eIGroupItem\u003c/code\u003e instances from a contact folder"
    },
    {
      "type": "insert-node",
      "node": {
        "label": "with selected unique id.",
        "type": "TextElement"
      },
      "location-after-char-start": 5298,
      "location-after-char-end": 5322,
      "node-str": "with selected unique id."
    },
    {
      "type": "insert-node",
      "node": {
        "label": "folderId",
        "type": "SimpleName"
      },
      "location-after-char-start": 5339,
      "location-after-char-end": 5347,
      "node-str": "folderId"
    },
    {
      "type": "insert-node",
      "node": {
        "label": "contact folder unique id",
        "type": "TextElement"
      },
      "location-after-char-start": 5363,
      "location-after-char-end": 5387,
      "node-str": "contact folder unique id"
    },
    {
      "type": "insert-node",
      "node": {
        "label": " list of \u003ccode\u003eIGroupItem\u003c/code\u003e instances, never",
        "type": "TextElement"
      },
      "location-after-char-start": 5399,
      "location-after-char-end": 5448,
      "node-str": " list of \u003ccode\u003eIGroupItem\u003c/code\u003e instances, never"
    },
    {
      "type": "insert-node",
      "node": {
        "label": "\u003ccode\u003enull\u003c/code\u003e",
        "type": "TextElement"
      },
      "location-after-char-start": 5461,
      "location-after-char-end": 5478,
      "node-str": "\u003ccode\u003enull\u003c/code\u003e"
    },
    {
      "type": "insert-node",
      "node": {
        "label": "StoreException",
        "type": "SimpleName"
      },
      "location-after-char-start": 5491,
      "location-after-char-end": 5505,
      "node-str": "StoreException"
    },
    {
      "type": "insert-node",
      "node": {
        "label": "in case of an internal storage backend failure",
        "type": "TextElement"
      },
      "location-after-char-start": 5522,
      "location-after-char-end": 5568,
      "node-str": "in case of an internal storage backend failure"
    },
    {
      "type": "insert-node",
      "node": {
        "label": "IllegalArgumentException",
        "type": "SimpleName"
      },
      "location-after-char-start": 5581,
      "location-after-char-end": 5605,
      "node-str": "IllegalArgumentException"
    },
    {
      "type": "insert-node",
      "node": {
        "label": "in case of invalid arguments, in case this method is not",
        "type": "TextElement"
      },
      "location-after-char-start": 5622,
      "location-after-char-end": 5678,
      "node-str": "in case of invalid arguments, in case this method is not"
    },
    {
      "type": "insert-node",
      "node": {
        "label": "supported by a facade implementation",
        "type": "TextElement"
      },
      "location-after-char-start": 5695,
      "location-after-char-end": 5731,
      "node-str": "supported by a facade implementation"
    },
    {
      "type": "insert-node",
      "node": {
        "label": "List",
        "type": "SimpleName"
      },
      "location-after-char-start": 5745,
      "location-after-char-end": 5749,
      "node-str": "List"
    },
    {
      "type": "insert-node",
      "node": {
        "label": "IGroupItem",
        "type": "SimpleName"
      },
      "location-after-char-start": 5750,
      "location-after-char-end": 5760,
      "node-str": "IGroupItem"
    },
    {
      "type": "insert-node",
      "node": {
        "label": "Find a contact by email address in specified contact folder.",
        "type": "TextElement"
      },
      "location-after-char-start": 5854,
      "location-after-char-end": 5914,
      "node-str": "Find a contact by email address in specified contact folder."
    },
    {
      "type": "insert-node",
      "node": {
        "label": "folderId",
        "type": "SimpleName"
      },
      "location-after-char-start": 5931,
      "location-after-char-end": 5939,
      "node-str": "folderId"
    },
    {
      "type": "insert-node",
      "node": {
        "label": "contact folder unique id",
        "type": "TextElement"
      },
      "location-after-char-start": 5955,
      "location-after-char-end": 5979,
      "node-str": "contact folder unique id"
    },
    {
      "type": "insert-node",
      "node": {
        "label": "emailAddress",
        "type": "SimpleName"
      },
      "location-after-char-start": 5991,
      "location-after-char-end": 6003,
      "node-str": "emailAddress"
    },
    {
      "type": "insert-node",
      "node": {
        "label": "email address to search for",
        "type": "TextElement"
      },
      "location-after-char-start": 6019,
      "location-after-char-end": 6046,
      "node-str": "email address to search for"
    },
    {
      "type": "insert-node",
      "node": {
        "label": " contact id, in case a matching contact was found.",
        "type": "TextElement"
      },
      "location-after-char-start": 6058,
      "location-after-char-end": 6108,
      "node-str": " contact id, in case a matching contact was found."
    },
    {
      "type": "insert-node",
      "node": {
        "label": "\u003ccode\u003enull\u003c/code\u003eotherwise.",
        "type": "TextElement"
      },
      "location-after-char-start": 6121,
      "location-after-char-end": 6148,
      "node-str": "\u003ccode\u003enull\u003c/code\u003eotherwise."
    },
    {
      "type": "insert-node",
      "node": {
        "label": "StoreException",
        "type": "SimpleName"
      },
      "location-after-char-start": 6161,
      "location-after-char-end": 6175,
      "node-str": "StoreException"
    },
    {
      "type": "insert-node",
      "node": {
        "label": "in case of an internal storage backend failure",
        "type": "TextElement"
      },
      "location-after-char-start": 6192,
      "location-after-char-end": 6238,
      "node-str": "in case of an internal storage backend failure"
    },
    {
      "type": "insert-node",
      "node": {
        "label": "IllegalArgumentException",
        "type": "SimpleName"
      },
      "location-after-char-start": 6251,
      "location-after-char-end": 6275,
      "node-str": "IllegalArgumentException"
    },
    {
      "type": "insert-node",
      "node": {
        "label": "in case of invalid arguments, in case this method is not",
        "type": "TextElement"
      },
      "location-after-char-start": 6292,
      "location-after-char-end": 6348,
      "node-str": "in case of invalid arguments, in case this method is not"
    },
    {
      "type": "insert-node",
      "node": {
        "label": "supported by a facade implementation",
        "type": "TextElement"
      },
      "location-after-char-start": 6365,
      "location-after-char-end": 6401,
      "node-str": "supported by a facade implementation"
    },
    {
      "type": "insert-node",
      "node": {
        "label": "String",
        "type": "SimpleName"
      },
      "location-after-char-start": 6441,
      "location-after-char-end": 6447,
      "node-str": "String"
    },
    {
      "type": "insert-node",
      "node": {
        "label": "Find a contact by name in specified contact folder.",
        "type": "TextElement"
      },
      "location-after-char-start": 6541,
      "location-after-char-end": 6592,
      "node-str": "Find a contact by name in specified contact folder."
    },
    {
      "type": "insert-node",
      "node": {
        "label": "\u003cp\u003e",
        "type": "TextElement"
      },
      "location-after-char-start": 6597,
      "location-after-char-end": 6600,
      "node-str": "\u003cp\u003e"
    },
    {
      "type": "insert-node",
      "node": {
        "label": "First tries to find a vCard \"SORT_AS\", then vCard \"LASTNAME\" and last",
        "type": "TextElement"
      },
      "location-after-char-start": 6605,
      "location-after-char-end": 6674,
      "node-str": "First tries to find a vCard \"SORT_AS\", then vCard \"LASTNAME\" and last"
    },
    {
      "type": "insert-node",
      "node": {
        "label": "vCard \"FIRSTNAME\", until a match is found. If several contacts match the",
        "type": "TextElement"
      },
      "location-after-char-start": 6679,
      "location-after-char-end": 6751,
      "node-str": "vCard \"FIRSTNAME\", until a match is found. If several contacts match the"
    },
    {
      "type": "insert-node",
      "node": {
        "label": "first one is used and all other results are ignored.",
        "type": "TextElement"
      },
      "location-after-char-start": 6756,
      "location-after-char-end": 6808,
      "node-str": "first one is used and all other results are ignored."
    },
    {
      "type": "insert-node",
      "node": {
        "label": "folderId",
        "type": "SimpleName"
      },
      "location-after-char-start": 6825,
      "location-after-char-end": 6833,
      "node-str": "folderId"
    },
    {
      "type": "insert-node",
      "node": {
        "label": "contact folder unique id",
        "type": "TextElement"
      },
      "location-after-char-start": 6849,
      "location-after-char-end": 6873,
      "node-str": "contact folder unique id"
    },
    {
      "type": "insert-node",
      "node": {
        "label": "name",
        "type": "SimpleName"
      },
      "location-after-char-start": 6885,
      "location-after-char-end": 6889,
      "node-str": "name"
    },
    {
      "type": "insert-node",
      "node": {
        "label": "name to search for",
        "type": "TextElement"
      },
      "location-after-char-start": 6905,
      "location-after-char-end": 6923,
      "node-str": "name to search for"
    },
    {
      "type": "insert-node",
      "node": {
        "label": " contact id, in case a matching contact was found.",
        "type": "TextElement"
      },
      "location-after-char-start": 6935,
      "location-after-char-end": 6985,
      "node-str": " contact id, in case a matching contact was found."
    },
    {
      "type": "insert-node",
      "node": {
        "label": "\u003ccode\u003enull\u003c/code\u003eotherwise.",
        "type": "TextElement"
      },
      "location-after-char-start": 6998,
      "location-after-char-end": 7025,
      "node-str": "\u003ccode\u003enull\u003c/code\u003eotherwise."
    },
    {
      "type": "insert-node",
      "node": {
        "label": "StoreException",
        "type": "SimpleName"
      },
      "location-after-char-start": 7038,
      "location-after-char-end": 7052,
      "node-str": "StoreException"
    },
    {
      "type": "insert-node",
      "node": {
        "label": "in case of an internal storage backend failure",
        "type": "TextElement"
      },
      "location-after-char-start": 7069,
      "location-after-char-end": 7115,
      "node-str": "in case of an internal storage backend failure"
    },
    {
      "type": "insert-node",
      "node": {
        "label": "IllegalArgumentException",
        "type": "SimpleName"
      },
      "location-after-char-start": 7128,
      "location-after-char-end": 7152,
      "node-str": "IllegalArgumentException"
    },
    {
      "type": "insert-node",
      "node": {
        "label": "in case of invalid arguments, in case this method is not",
        "type": "TextElement"
      },
      "location-after-char-start": 7169,
      "location-after-char-end": 7225,
      "node-str": "in case of invalid arguments, in case this method is not"
    },
    {
      "type": "insert-node",
      "node": {
        "label": "supported by a facade implementation",
        "type": "TextElement"
      },
      "location-after-char-start": 7242,
      "location-after-char-end": 7278,
      "node-str": "supported by a facade implementation"
    },
    {
      "type": "insert-node",
      "node": {
        "label": "String",
        "type": "SimpleName"
      },
      "location-after-char-start": 7310,
      "location-after-char-end": 7316,
      "node-str": "String"
    },
    {
      "type": "delete-node",
      "node": {
        "label": "org.columba.addressbook.model.IHeaderItem",
        "type": "QualifiedName"
      },
      "location-before-char-start": 840,
      "location-before-char-end": 881,
      "node-str": "org.columba.addressbook.model.IHeaderItem"
    },
    {
      "type": "delete-node",
      "node": {
        "label": "",
        "type": "ImportDeclaration"
      },
      "location-before-char-start": 833,
      "location-before-char-end": 882,
      "node-str": ""
    },
    {
      "type": "delete-node",
      "node": {
        "label": "",
        "type": "Dimension"
      },
      "location-before-char-start": 1831,
      "location-before-char-end": 1833,
      "node-str": ""
    },
    {
      "type": "delete-node",
      "node": {
        "label": "",
        "type": "ArrayType"
      },
      "location-before-char-start": 1825,
      "location-before-char-end": 1833,
      "node-str": ""
    },
    {
      "type": "delete-node",
      "node": {
        "label": "",
        "type": "Dimension"
      },
      "location-before-char-start": 1594,
      "location-before-char-end": 1596,
      "node-str": ""
    },
    {
      "type": "delete-node",
      "node": {
        "label": "",
        "type": "ArrayType"
      },
      "location-before-char-start": 1588,
      "location-before-char-end": 1596,
      "node-str": ""
    },
    {
      "type": "delete-node",
      "node": {
        "label": "Add new contact to addressbook.",
        "type": "TextElement"
      },
      "location-before-char-start": 1010,
      "location-before-char-end": 1041,
      "node-str": "Add new contact to addressbook."
    },
    {
      "type": "delete-node",
      "node": {
        "label": "",
        "type": "TagElement"
      },
      "location-before-char-start": 1010,
      "location-before-char-end": 1041,
      "node-str": ""
    },
    {
      "type": "delete-node",
      "node": {
        "label": "uid",
        "type": "SimpleName"
      },
      "location-before-char-start": 1058,
      "location-before-char-end": 1061,
      "node-str": "uid"
    },
    {
      "type": "delete-node",
      "node": {
        "label": "\t\taddressbook unique id",
        "type": "TextElement"
      },
      "location-before-char-start": 1061,
      "location-before-char-end": 1084,
      "node-str": "\t\taddressbook unique id"
    },
    {
      "type": "delete-node",
      "node": {
        "label": "",
        "type": "TagElement"
      },
      "location-before-char-start": 1051,
      "location-before-char-end": 1084,
      "node-str": ""
    },
    {
      "type": "delete-node",
      "node": {
        "label": "address",
        "type": "SimpleName"
      },
      "location-before-char-start": 1096,
      "location-before-char-end": 1103,
      "node-str": "address"
    },
    {
      "type": "delete-node",
      "node": {
        "label": "\tnew email address",
        "type": "TextElement"
      },
      "location-before-char-start": 1103,
      "location-before-char-end": 1121,
      "node-str": "\tnew email address"
    },
    {
      "type": "delete-node",
      "node": {
        "label": "",
        "type": "TagElement"
      },
      "location-before-char-start": 1089,
      "location-before-char-end": 1121,
      "node-str": ""
    },
    {
      "type": "delete-node",
      "node": {
        "label": "",
        "type": "Javadoc"
      },
      "location-before-char-start": 1002,
      "location-before-char-end": 1126,
      "node-str": ""
    },
    {
      "type": "delete-node",
      "node": {
        "label": "void",
        "type": "PrimitiveType"
      },
      "location-before-char-start": 1128,
      "location-before-char-end": 1132,
      "node-str": "void"
    },
    {
      "type": "delete-node",
      "node": {
        "label": "addContact",
        "type": "SimpleName"
      },
      "location-before-char-start": 1133,
      "location-before-char-end": 1143,
      "node-str": "addContact"
    },
    {
      "type": "delete-node",
      "node": {
        "label": "",
        "type": "MethodDeclaration"
      },
      "location-before-char-start": 1002,
      "location-before-char-end": 1194,
      "node-str": ""
    },
    {
      "type": "delete-node",
      "node": {
        "label": "Add new contact to addressbook. Implementation should prompt",
        "type": "TextElement"
      },
      "location-before-char-start": 1207,
      "location-before-char-end": 1267,
      "node-str": "Add new contact to addressbook. Implementation should prompt"
    },
    {
      "type": "delete-node",
      "node": {
        "label": "user for a destination addressbook.",
        "type": "TextElement"
      },
      "location-before-char-start": 1272,
      "location-before-char-end": 1307,
      "node-str": "user for a destination addressbook."
    },
    {
      "type": "delete-node",
      "node": {
        "label": "",
        "type": "TagElement"
      },
      "location-before-char-start": 1207,
      "location-before-char-end": 1307,
      "node-str": ""
    },
    {
      "type": "delete-node",
      "node": {
        "label": "address",
        "type": "SimpleName"
      },
      "location-before-char-start": 1324,
      "location-before-char-end": 1331,
      "node-str": "address"
    },
    {
      "type": "delete-node",
      "node": {
        "label": "\tnew email address",
        "type": "TextElement"
      },
      "location-before-char-start": 1331,
      "location-before-char-end": 1349,
      "node-str": "\tnew email address"
    },
    {
      "type": "delete-node",
      "node": {
        "label": "",
        "type": "TagElement"
      },
      "location-before-char-start": 1317,
      "location-before-char-end": 1349,
      "node-str": ""
    },
    {
      "type": "delete-node",
      "node": {
        "label": "",
        "type": "Javadoc"
      },
      "location-before-char-start": 1199,
      "location-before-char-end": 1354,
      "node-str": ""
    },
    {
      "type": "delete-node",
      "node": {
        "label": "void",
        "type": "PrimitiveType"
      },
      "location-before-char-start": 1356,
      "location-before-char-end": 1360,
      "node-str": "void"
    },
    {
      "type": "delete-node",
      "node": {
        "label": "addContact",
        "type": "SimpleName"
      },
      "location-before-char-start": 1361,
      "location-before-char-end": 1371,
      "node-str": "addContact"
    },
    {
      "type": "delete-node",
      "node": {
        "label": "",
        "type": "MethodDeclaration"
      },
      "location-before-char-start": 1199,
      "location-before-char-end": 1410,
      "node-str": ""
    },
    {
      "type": "delete-node",
      "node": {
        "label": "Add new contacts to addressbook.",
        "type": "TextElement"
      },
      "location-before-char-start": 1422,
      "location-before-char-end": 1454,
      "node-str": "Add new contacts to addressbook."
    },
    {
      "type": "delete-node",
      "node": {
        "label": "",
        "type": "TagElement"
      },
      "location-before-char-start": 1422,
      "location-before-char-end": 1454,
      "node-str": ""
    },
    {
      "type": "delete-node",
      "node": {
        "label": "uid",
        "type": "SimpleName"
      },
      "location-before-char-start": 1471,
      "location-before-char-end": 1474,
      "node-str": "uid"
    },
    {
      "type": "delete-node",
      "node": {
        "label": "\t\taddressbook unique id",
        "type": "TextElement"
      },
      "location-before-char-start": 1474,
      "location-before-char-end": 1497,
      "node-str": "\t\taddressbook unique id"
    },
    {
      "type": "delete-node",
      "node": {
        "label": "",
        "type": "TagElement"
      },
      "location-before-char-start": 1464,
      "location-before-char-end": 1497,
      "node-str": ""
    },
    {
      "type": "delete-node",
      "node": {
        "label": "address",
        "type": "SimpleName"
      },
      "location-before-char-start": 1509,
      "location-before-char-end": 1516,
      "node-str": "address"
    },
    {
      "type": "delete-node",
      "node": {
        "label": "\tarray containing new email addresses",
        "type": "TextElement"
      },
      "location-before-char-start": 1516,
      "location-before-char-end": 1553,
      "node-str": "\tarray containing new email addresses"
    },
    {
      "type": "delete-node",
      "node": {
        "label": "",
        "type": "TagElement"
      },
      "location-before-char-start": 1502,
      "location-before-char-end": 1553,
      "node-str": ""
    },
    {
      "type": "delete-node",
      "node": {
        "label": "",
        "type": "Javadoc"
      },
      "location-before-char-start": 1414,
      "location-before-char-end": 1558,
      "node-str": ""
    },
    {
      "type": "delete-node",
      "node": {
        "label": "void",
        "type": "PrimitiveType"
      },
      "location-before-char-start": 1560,
      "location-before-char-end": 1564,
      "node-str": "void"
    },
    {
      "type": "delete-node",
      "node": {
        "label": "addContact",
        "type": "SimpleName"
      },
      "location-before-char-start": 1565,
      "location-before-char-end": 1575,
      "node-str": "addContact"
    },
    {
      "type": "delete-node",
      "node": {
        "label": "",
        "type": "MethodDeclaration"
      },
      "location-before-char-start": 1414,
      "location-before-char-end": 1628,
      "node-str": ""
    },
    {
      "type": "delete-node",
      "node": {
        "label": "Add new contacts to addressbook. Implementation should prompt user",
        "type": "TextElement"
      },
      "location-before-char-start": 1640,
      "location-before-char-end": 1706,
      "node-str": "Add new contacts to addressbook. Implementation should prompt user"
    },
    {
      "type": "delete-node",
      "node": {
        "label": "for a destination addressbook.",
        "type": "TextElement"
      },
      "location-before-char-start": 1711,
      "location-before-char-end": 1741,
      "node-str": "for a destination addressbook."
    },
    {
      "type": "delete-node",
      "node": {
        "label": "",
        "type": "TagElement"
      },
      "location-before-char-start": 1640,
      "location-before-char-end": 1741,
      "node-str": ""
    },
    {
      "type": "delete-node",
      "node": {
        "label": "address",
        "type": "SimpleName"
      },
      "location-before-char-start": 1758,
      "location-before-char-end": 1765,
      "node-str": "address"
    },
    {
      "type": "delete-node",
      "node": {
        "label": "\tarray containing new email addresses",
        "type": "TextElement"
      },
      "location-before-char-start": 1765,
      "location-before-char-end": 1802,
      "node-str": "\tarray containing new email addresses"
    },
    {
      "type": "delete-node",
      "node": {
        "label": "",
        "type": "TagElement"
      },
      "location-before-char-start": 1751,
      "location-before-char-end": 1802,
      "node-str": ""
    },
    {
      "type": "delete-node",
      "node": {
        "label": "",
        "type": "Javadoc"
      },
      "location-before-char-start": 1632,
      "location-before-char-end": 1807,
      "node-str": ""
    },
    {
      "type": "delete-node",
      "node": {
        "label": "void",
        "type": "PrimitiveType"
      },
      "location-before-char-start": 1809,
      "location-before-char-end": 1813,
      "node-str": "void"
    },
    {
      "type": "delete-node",
      "node": {
        "label": "addContact",
        "type": "SimpleName"
      },
      "location-before-char-start": 1814,
      "location-before-char-end": 1824,
      "node-str": "addContact"
    },
    {
      "type": "delete-node",
      "node": {
        "label": "",
        "type": "MethodDeclaration"
      },
      "location-before-char-start": 1632,
      "location-before-char-end": 1865,
      "node-str": ""
    },
    {
      "type": "delete-node",
      "node": {
        "label": "Add new contact to \"Collected Addresses\".",
        "type": "TextElement"
      },
      "location-before-char-start": 1877,
      "location-before-char-end": 1918,
      "node-str": "Add new contact to \"Collected Addresses\"."
    },
    {
      "type": "delete-node",
      "node": {
        "label": "",
        "type": "TagElement"
      },
      "location-before-char-start": 1877,
      "location-before-char-end": 1918,
      "node-str": ""
    },
    {
      "type": "delete-node",
      "node": {
        "label": "address",
        "type": "SimpleName"
      },
      "location-before-char-start": 1935,
      "location-before-char-end": 1942,
      "node-str": "address"
    },
    {
      "type": "delete-node",
      "node": {
        "label": "\tnew email address",
        "type": "TextElement"
      },
      "location-before-char-start": 1942,
      "location-before-char-end": 1960,
      "node-str": "\tnew email address"
    },
    {
      "type": "delete-node",
      "node": {
        "label": "",
        "type": "TagElement"
      },
      "location-before-char-start": 1928,
      "location-before-char-end": 1960,
      "node-str": ""
    },
    {
      "type": "delete-node",
      "node": {
        "label": "",
        "type": "Javadoc"
      },
      "location-before-char-start": 1869,
      "location-before-char-end": 1965,
      "node-str": ""
    },
    {
      "type": "delete-node",
      "node": {
        "label": "void",
        "type": "PrimitiveType"
      },
      "location-before-char-start": 1967,
      "location-before-char-end": 1971,
      "node-str": "void"
    },
    {
      "type": "delete-node",
      "node": {
        "label": "addContactToCollectedAddresses",
        "type": "SimpleName"
      },
      "location-before-char-start": 1972,
      "location-before-char-end": 2002,
      "node-str": "addContactToCollectedAddresses"
    },
    {
      "type": "delete-node",
      "node": {
        "label": "",
        "type": "MethodDeclaration"
      },
      "location-before-char-start": 1869,
      "location-before-char-end": 2041,
      "node-str": ""
    },
    {
      "type": "delete-node",
      "node": {
        "label": "Add new contact to \"Personal Addressbook\".",
        "type": "TextElement"
      },
      "location-before-char-start": 2052,
      "location-before-char-end": 2094,
      "node-str": "Add new contact to \"Personal Addressbook\"."
    },
    {
      "type": "delete-node",
      "node": {
        "label": "",
        "type": "TagElement"
      },
      "location-before-char-start": 2052,
      "location-before-char-end": 2094,
      "node-str": ""
    },
    {
      "type": "delete-node",
      "node": {
        "label": "address",
        "type": "SimpleName"
      },
      "location-before-char-start": 2111,
      "location-before-char-end": 2118,
      "node-str": "address"
    },
    {
      "type": "delete-node",
      "node": {
        "label": "\tnew email address",
        "type": "TextElement"
      },
      "location-before-char-start": 2118,
      "location-before-char-end": 2136,
      "node-str": "\tnew email address"
    },
    {
      "type": "delete-node",
      "node": {
        "label": "",
        "type": "TagElement"
      },
      "location-before-char-start": 2104,
      "location-before-char-end": 2136,
      "node-str": ""
    },
    {
      "type": "delete-node",
      "node": {
        "label": "",
        "type": "Javadoc"
      },
      "location-before-char-start": 2044,
      "location-before-char-end": 2141,
      "node-str": ""
    },
    {
      "type": "delete-node",
      "node": {
        "label": "void",
        "type": "PrimitiveType"
      },
      "location-before-char-start": 2143,
      "location-before-char-end": 2147,
      "node-str": "void"
    },
    {
      "type": "delete-node",
      "node": {
        "label": "addContactToPersonalAddressbook",
        "type": "SimpleName"
      },
      "location-before-char-start": 2148,
      "location-before-char-end": 2179,
      "node-str": "addContactToPersonalAddressbook"
    },
    {
      "type": "delete-node",
      "node": {
        "label": "",
        "type": "MethodDeclaration"
      },
      "location-before-char-start": 2044,
      "location-before-char-end": 2218,
      "node-str": ""
    },
    {
      "type": "delete-node",
      "node": {
        "label": "Retrieve all \u003ccode\u003eIHeaderItem\u003c/code\u003e from contact folder",
        "type": "TextElement"
      },
      "location-before-char-start": 2229,
      "location-before-char-end": 2286,
      "node-str": "Retrieve all \u003ccode\u003eIHeaderItem\u003c/code\u003e from contact folder"
    },
    {
      "type": "delete-node",
      "node": {
        "label": "with selected unique id.",
        "type": "TextElement"
      },
      "location-before-char-start": 2291,
      "location-before-char-end": 2315,
      "node-str": "with selected unique id."
    },
    {
      "type": "delete-node",
      "node": {
        "label": "",
        "type": "TagElement"
      },
      "location-before-char-start": 2229,
      "location-before-char-end": 2315,
      "node-str": ""
    },
    {
      "type": "delete-node",
      "node": {
        "label": "uid",
        "type": "SimpleName"
      },
      "location-before-char-start": 2332,
      "location-before-char-end": 2335,
      "node-str": "uid"
    },
    {
      "type": "delete-node",
      "node": {
        "label": "\tcontact folder unique id",
        "type": "TextElement"
      },
      "location-before-char-start": 2335,
      "location-before-char-end": 2360,
      "node-str": "\tcontact folder unique id"
    },
    {
      "type": "delete-node",
      "node": {
        "label": "",
        "type": "TagElement"
      },
      "location-before-char-start": 2325,
      "location-before-char-end": 2360,
      "node-str": ""
    },
    {
      "type": "delete-node",
      "node": {
        "label": "\t\tlist of \u003ccode\u003eIHeaderItem\u003c/code\u003e",
        "type": "TextElement"
      },
      "location-before-char-start": 2372,
      "location-before-char-end": 2406,
      "node-str": "\t\tlist of \u003ccode\u003eIHeaderItem\u003c/code\u003e"
    },
    {
      "type": "delete-node",
      "node": {
        "label": "",
        "type": "TagElement"
      },
      "location-before-char-start": 2365,
      "location-before-char-end": 2406,
      "node-str": ""
    },
    {
      "type": "delete-node",
      "node": {
        "label": "",
        "type": "Javadoc"
      },
      "location-before-char-start": 2221,
      "location-before-char-end": 2411,
      "node-str": ""
    },
    {
      "type": "delete-node",
      "node": {
        "label": "public",
        "type": "Modifier"
      },
      "location-before-char-start": 2413,
      "location-before-char-end": 2419,
      "node-str": "public"
    },
    {
      "type": "delete-node",
      "node": {
        "label": "getAllHeaderItems",
        "type": "SimpleName"
      },
      "location-before-char-start": 2438,
      "location-before-char-end": 2455,
      "node-str": "getAllHeaderItems"
    },
    {
      "type": "delete-node",
      "node": {
        "label": "",
        "type": "MethodDeclaration"
      },
      "location-before-char-start": 2221,
      "location-before-char-end": 2490,
      "node-str": ""
    }
  ],
  "before-file": {},
  "after-file": {},
  "mapping": {}
}