{
  "tool-info": {},
  "diff": [
    {
      "type": "insert-node",
      "node": {
        "label": "JavaWsdlMapping",
        "type": "Class"
      },
      "location-after-char-start": 272,
      "location-after-char-end": 5253,
      "node-str": "JavaWsdlMapping"
    },
    {
      "type": "move-subtree",
      "node": {
        "label": "public",
        "type": "Modifier"
      },
      "location-before-char-start": 0,
      "location-before-char-end": 0,
      "location-after-char-start": 0,
      "location-after-char-end": 0,
      "node-str": "public"
    },
    {
      "type": "move-subtree",
      "node": {
        "label": "packageMappings",
        "type": "Field"
      },
      "location-before-char-start": 451,
      "location-before-char-end": 547,
      "location-after-char-start": 451,
      "location-after-char-end": 547,
      "node-str": "packageMappings"
    },
    {
      "type": "move-subtree",
      "node": {
        "label": "javaXmlTypeMappings",
        "type": "Field"
      },
      "location-before-char-start": 552,
      "location-before-char-end": 659,
      "location-after-char-start": 552,
      "location-after-char-end": 659,
      "node-str": "javaXmlTypeMappings"
    },
    {
      "type": "move-subtree",
      "node": {
        "label": "exceptionMappings",
        "type": "Field"
      },
      "location-before-char-start": 664,
      "location-before-char-end": 765,
      "location-after-char-start": 664,
      "location-after-char-end": 765,
      "node-str": "exceptionMappings"
    },
    {
      "type": "move-subtree",
      "node": {
        "label": "serviceInterfaceMappings",
        "type": "Field"
      },
      "location-before-char-start": 770,
      "location-before-char-end": 886,
      "location-after-char-start": 770,
      "location-after-char-end": 886,
      "node-str": "serviceInterfaceMappings"
    },
    {
      "type": "move-subtree",
      "node": {
        "label": "serviceEndpointInterfaceMappings",
        "type": "Field"
      },
      "location-before-char-start": 891,
      "location-before-char-end": 1024,
      "location-after-char-start": 891,
      "location-after-char-end": 1024,
      "node-str": "serviceEndpointInterfaceMappings"
    },
    {
      "type": "move-subtree",
      "node": {
        "label": "getPackageMappings",
        "type": "Method"
      },
      "location-before-char-start": 1030,
      "location-before-char-end": 1210,
      "location-after-char-start": 1030,
      "location-after-char-end": 1210,
      "node-str": "getPackageMappings"
    },
    {
      "type": "move-subtree",
      "node": {
        "label": "getJavaXmlTypeMappings",
        "type": "Method"
      },
      "location-before-char-start": 1216,
      "location-before-char-end": 1420,
      "location-after-char-start": 1216,
      "location-after-char-end": 1420,
      "node-str": "getJavaXmlTypeMappings"
    },
    {
      "type": "move-subtree",
      "node": {
        "label": "getExceptionMappings",
        "type": "Method"
      },
      "location-before-char-start": 1426,
      "location-before-char-end": 1618,
      "location-after-char-start": 1426,
      "location-after-char-end": 1618,
      "node-str": "getExceptionMappings"
    },
    {
      "type": "move-subtree",
      "node": {
        "label": "getServiceInterfaceMappings",
        "type": "Method"
      },
      "location-before-char-start": 1624,
      "location-before-char-end": 1858,
      "location-after-char-start": 1624,
      "location-after-char-end": 1858,
      "node-str": "getServiceInterfaceMappings"
    },
    {
      "type": "move-subtree",
      "node": {
        "label": "getServiceEndpointInterfaceMappings",
        "type": "Method"
      },
      "location-before-char-start": 1864,
      "location-before-char-end": 2146,
      "location-after-char-start": 1864,
      "location-after-char-end": 2146,
      "node-str": "getServiceEndpointInterfaceMappings"
    },
    {
      "type": "move-subtree",
      "node": {
        "label": "getPackageTypeForURI",
        "type": "Method"
      },
      "location-before-char-start": 2152,
      "location-before-char-end": 2680,
      "location-after-char-start": 2152,
      "location-after-char-end": 2680,
      "node-str": "getPackageTypeForURI"
    },
    {
      "type": "move-subtree",
      "node": {
        "label": "getTypeMappingForQName",
        "type": "Method"
      },
      "location-before-char-start": 2687,
      "location-before-char-end": 3220,
      "location-after-char-start": 2687,
      "location-after-char-end": 3220,
      "node-str": "getTypeMappingForQName"
    },
    {
      "type": "move-subtree",
      "node": {
        "label": "getPortTypeQNameForServiceEndpointInterface",
        "type": "Method"
      },
      "location-before-char-start": 3226,
      "location-before-char-end": 3808,
      "location-after-char-start": 3226,
      "location-after-char-end": 3808,
      "node-str": "getPortTypeQNameForServiceEndpointInterface"
    },
    {
      "type": "insert-node",
      "node": {
        "label": "getServiceEndpointInterfaceMappingByPortType",
        "type": "Method"
      },
      "location-after-char-start": 3814,
      "location-after-char-end": 4419,
      "node-str": "getServiceEndpointInterfaceMappingByPortType"
    },
    {
      "type": "move-subtree",
      "node": {
        "label": "addPackageMapping",
        "type": "Method"
      },
      "location-before-char-start": 4432,
      "location-before-char-end": 4636,
      "location-after-char-start": 4425,
      "location-after-char-end": 4629,
      "node-str": "addPackageMapping"
    },
    {
      "type": "move-subtree",
      "node": {
        "label": "addJavaXmlTypeMappings",
        "type": "Method"
      },
      "location-before-char-start": 4642,
      "location-before-char-end": 4761,
      "location-after-char-start": 4635,
      "location-after-char-end": 4754,
      "node-str": "addJavaXmlTypeMappings"
    },
    {
      "type": "move-subtree",
      "node": {
        "label": "addExceptionMappings",
        "type": "Method"
      },
      "location-before-char-start": 4767,
      "location-before-char-end": 4890,
      "location-after-char-start": 4760,
      "location-after-char-end": 4883,
      "node-str": "addExceptionMappings"
    },
    {
      "type": "move-subtree",
      "node": {
        "label": "addServiceInterfaceMappings",
        "type": "Method"
      },
      "location-before-char-start": 4896,
      "location-before-char-end": 5054,
      "location-after-char-start": 4889,
      "location-after-char-end": 5047,
      "node-str": "addServiceInterfaceMappings"
    },
    {
      "type": "move-subtree",
      "node": {
        "label": "addServiceEndpointInterfaceMappings",
        "type": "Method"
      },
      "location-before-char-start": 5060,
      "location-before-char-end": 5258,
      "location-after-char-start": 5053,
      "location-after-char-end": 5251,
      "node-str": "addServiceEndpointInterfaceMappings"
    },
    {
      "type": "move-subtree",
      "node": {
        "label": "org.jboss.webservice.metadata.jaxrpcmapping.ServiceEndpointInterfaceMapping",
        "type": "RETURN_TYPE"
      },
      "location-before-char-start": 0,
      "location-before-char-end": 0,
      "location-after-char-start": 0,
      "location-after-char-end": 0,
      "node-str": "org.jboss.webservice.metadata.jaxrpcmapping.ServiceEndpointInterfaceMapping"
    },
    {
      "type": "move-subtree",
      "node": {
        "label": "public",
        "type": "Modifier"
      },
      "location-before-char-start": 0,
      "location-before-char-end": 0,
      "location-after-char-start": 0,
      "location-after-char-end": 0,
      "node-str": "public"
    },
    {
      "type": "move-subtree",
      "node": {
        "label": "portType",
        "type": "Parameter"
      },
      "location-before-char-start": 3983,
      "location-before-char-end": 3996,
      "location-after-char-start": 3983,
      "location-after-char-end": 3996,
      "node-str": "portType"
    },
    {
      "type": "move-subtree",
      "node": {
        "label": "seiMapping",
        "type": "LocalVariable"
      },
      "location-before-char-start": 4010,
      "location-before-char-end": 4059,
      "location-after-char-start": 4010,
      "location-after-char-end": 4059,
      "node-str": "seiMapping"
    },
    {
      "type": "move-subtree",
      "node": {
        "label": "seiMappings",
        "type": "LocalVariable"
      },
      "location-before-char-start": 4068,
      "location-before-char-end": 4153,
      "location-after-char-start": 4068,
      "location-after-char-end": 4153,
      "node-str": "seiMappings"
    },
    {
      "type": "insert-node",
      "node": {
        "label": "",
        "type": "For"
      },
      "location-after-char-start": 4161,
      "location-after-char-end": 4388,
      "node-str": ""
    },
    {
      "type": "move-subtree",
      "node": {
        "label": "return",
        "type": "Return"
      },
      "location-before-char-start": 4404,
      "location-before-char-end": 4421,
      "location-after-char-start": 4397,
      "location-after-char-end": 4414,
      "node-str": "return"
    },
    {
      "type": "move-subtree",
      "node": {
        "label": "i",
        "type": "LocalVariable"
      },
      "location-before-char-start": 4166,
      "location-before-char-end": 4174,
      "location-after-char-start": 4166,
      "location-after-char-end": 4174,
      "node-str": "i"
    },
    {
      "type": "move-subtree",
      "node": {
        "label": "AND",
        "type": "BinaryOperator"
      },
      "location-before-char-start": 4177,
      "location-before-char-end": 4220,
      "location-after-char-start": 4177,
      "location-after-char-end": 4220,
      "node-str": "AND"
    },
    {
      "type": "move-subtree",
      "node": {
        "label": "POSTINC",
        "type": "UnaryOperator"
      },
      "location-before-char-start": 4223,
      "location-before-char-end": 4225,
      "location-after-char-start": 4223,
      "location-after-char-end": 4225,
      "node-str": "POSTINC"
    },
    {
      "type": "move-subtree",
      "node": {
        "label": "aux",
        "type": "LocalVariable"
      },
      "location-before-char-start": 4245,
      "location-before-char-end": 4297,
      "location-after-char-start": 4245,
      "location-after-char-end": 4297,
      "node-str": "aux"
    },
    {
      "type": "insert-node",
      "node": {
        "label": "if",
        "type": "If"
      },
      "location-after-char-start": 4308,
      "location-after-char-end": 4380,
      "node-str": "if"
    },
    {
      "type": "insert-node",
      "node": {
        "label": "equals",
        "type": "Invocation"
      },
      "location-after-char-start": 4312,
      "location-after-char-end": 4349,
      "node-str": "equals"
    },
    {
      "type": "move-subtree",
      "node": {
        "label": "THEN",
        "type": "then"
      },
      "location-before-char-start": 4371,
      "location-before-char-end": 4387,
      "location-after-char-start": 4364,
      "location-after-char-end": 4380,
      "node-str": "THEN"
    },
    {
      "type": "insert-node",
      "node": {
        "label": "getWsdlPortType",
        "type": "Invocation"
      },
      "location-after-char-start": 4312,
      "location-after-char-end": 4332,
      "node-str": "getWsdlPortType"
    },
    {
      "type": "move-subtree",
      "node": {
        "label": "portType",
        "type": "VariableRead"
      },
      "location-before-char-start": 4348,
      "location-before-char-end": 4355,
      "location-after-char-start": 4341,
      "location-after-char-end": 4348,
      "node-str": "portType"
    },
    {
      "type": "insert-node",
      "node": {
        "label": "aux",
        "type": "VariableRead"
      },
      "location-after-char-start": 4312,
      "location-after-char-end": 4314,
      "node-str": "aux"
    },
    {
      "type": "delete-node",
      "node": {
        "label": "seiMapping",
        "type": "VariableRead"
      },
      "location-before-char-start": 4312,
      "location-before-char-end": 4321,
      "node-str": "seiMapping"
    },
    {
      "type": "delete-node",
      "node": {
        "label": "getWsdlPortType",
        "type": "Invocation"
      },
      "location-before-char-start": 4312,
      "location-before-char-end": 4339,
      "node-str": "getWsdlPortType"
    },
    {
      "type": "delete-node",
      "node": {
        "label": "equals",
        "type": "Invocation"
      },
      "location-before-char-start": 4312,
      "location-before-char-end": 4356,
      "node-str": "equals"
    },
    {
      "type": "delete-node",
      "node": {
        "label": "if",
        "type": "If"
      },
      "location-before-char-start": 4308,
      "location-before-char-end": 4387,
      "node-str": "if"
    },
    {
      "type": "delete-node",
      "node": {
        "label": "",
        "type": "For"
      },
      "location-before-char-start": 4161,
      "location-before-char-end": 4395,
      "node-str": ""
    },
    {
      "type": "delete-node",
      "node": {
        "label": "getServiceEndpointInterfaceMappingByPortType",
        "type": "Method"
      },
      "location-before-char-start": 3814,
      "location-before-char-end": 4426,
      "node-str": "getServiceEndpointInterfaceMappingByPortType"
    },
    {
      "type": "delete-node",
      "node": {
        "label": "JavaWsdlMapping",
        "type": "Class"
      },
      "location-before-char-start": 272,
      "location-before-char-end": 5260,
      "node-str": "JavaWsdlMapping"
    }
  ],
  "before-file": {},
  "after-file": {},
  "mapping": {}
}