{
  "tool-info": {},
  "diff": [
    {
      "type": "insert-node",
      "node": {
        "label": "public",
        "type": "Modifier"
      },
      "location-after-char-start": 0,
      "location-after-char-end": 0,
      "node-str": "public"
    },
    {
      "type": "insert-node",
      "node": {
        "label": "void",
        "type": "RETURN_TYPE"
      },
      "location-after-char-start": 0,
      "location-after-char-end": 0,
      "node-str": "void"
    },
    {
      "type": "insert-node",
      "node": {
        "label": "java.lang.Exception",
        "type": "THROWS"
      },
      "location-after-char-start": 0,
      "location-after-char-end": 0,
      "node-str": "java.lang.Exception"
    },
    {
      "type": "insert-node",
      "node": {
        "label": "public",
        "type": "Modifier"
      },
      "location-after-char-start": 0,
      "location-after-char-end": 0,
      "node-str": "public"
    },
    {
      "type": "insert-node",
      "node": {
        "label": "synchronized",
        "type": "Modifier"
      },
      "location-after-char-start": 0,
      "location-after-char-end": 0,
      "node-str": "synchronized"
    },
    {
      "type": "insert-node",
      "node": {
        "label": "if",
        "type": "If"
      },
      "location-after-char-start": 10850,
      "location-after-char-end": 13224,
      "node-str": "if"
    },
    {
      "type": "move-subtree",
      "node": {
        "label": "AND",
        "type": "BinaryOperator"
      },
      "location-before-char-start": 10854,
      "location-before-char-end": 10937,
      "location-after-char-start": 10854,
      "location-after-char-end": 10937,
      "node-str": "AND"
    },
    {
      "type": "insert-node",
      "node": {
        "label": "THEN",
        "type": "then"
      },
      "location-after-char-start": 10960,
      "location-after-char-end": 13224,
      "node-str": "THEN"
    },
    {
      "type": "move-subtree",
      "node": {
        "label": "setAttributeId",
        "type": "Invocation"
      },
      "location-before-char-start": 11031,
      "location-before-char-end": 11096,
      "location-after-char-start": 11031,
      "location-after-char-end": 11096,
      "node-str": "setAttributeId"
    },
    {
      "type": "move-subtree",
      "node": {
        "label": "",
        "type": "Try"
      },
      "location-before-char-start": 11122,
      "location-before-char-end": 11525,
      "location-after-char-start": 11122,
      "location-after-char-end": 11525,
      "node-str": ""
    },
    {
      "type": "move-subtree",
      "node": {
        "label": "lastTemplate",
        "type": "LocalVariable"
      },
      "location-before-char-start": 11668,
      "location-before-char-end": 11713,
      "location-after-char-start": 11668,
      "location-after-char-end": 11713,
      "node-str": "lastTemplate"
    },
    {
      "type": "insert-node",
      "node": {
        "label": "if",
        "type": "If"
      },
      "location-after-char-start": 11739,
      "location-after-char-end": 13202,
      "node-str": "if"
    },
    {
      "type": "move-subtree",
      "node": {
        "label": "AND",
        "type": "BinaryOperator"
      },
      "location-before-char-start": 11743,
      "location-before-char-end": 11774,
      "location-after-char-start": 11743,
      "location-after-char-end": 11774,
      "node-str": "AND"
    },
    {
      "type": "insert-node",
      "node": {
        "label": "THEN",
        "type": "then"
      },
      "location-after-char-start": 11801,
      "location-after-char-end": 13202,
      "node-str": "THEN"
    },
    {
      "type": "move-subtree",
      "node": {
        "label": "issueType",
        "type": "LocalVariable"
      },
      "location-before-char-start": 11899,
      "location-before-char-end": 11943,
      "location-after-char-start": 11831,
      "location-after-char-end": 11875,
      "node-str": "issueType"
    },
    {
      "type": "move-subtree",
      "node": {
        "label": "option",
        "type": "LocalVariable"
      },
      "location-before-char-start": 11973,
      "location-before-char-end": 12002,
      "location-after-char-start": 11905,
      "location-after-char-end": 11934,
      "node-str": "option"
    },
    {
      "type": "move-subtree",
      "node": {
        "label": "",
        "type": "Try"
      },
      "location-before-char-start": 12032,
      "location-before-char-end": 12341,
      "location-after-char-start": 11964,
      "location-after-char-end": 12273,
      "node-str": ""
    },
    {
      "type": "insert-node",
      "node": {
        "label": "if",
        "type": "If"
      },
      "location-after-char-start": 12367,
      "location-after-char-end": 13176,
      "node-str": "if"
    },
    {
      "type": "insert-node",
      "node": {
        "label": "equals",
        "type": "Invocation"
      },
      "location-after-char-start": 12371,
      "location-after-char-end": 12423,
      "node-str": "equals"
    },
    {
      "type": "insert-node",
      "node": {
        "label": "THEN",
        "type": "then"
      },
      "location-after-char-start": 12454,
      "location-after-char-end": 12747,
      "node-str": "THEN"
    },
    {
      "type": "insert-node",
      "node": {
        "label": "ELSE",
        "type": "else"
      },
      "location-after-char-start": 12850,
      "location-after-char-end": 13176,
      "node-str": "ELSE"
    },
    {
      "type": "insert-node",
      "node": {
        "label": "lastTemplate",
        "type": "VariableRead"
      },
      "location-after-char-start": 12371,
      "location-after-char-end": 12382,
      "node-str": "lastTemplate"
    },
    {
      "type": "insert-node",
      "node": {
        "label": "\"admin,AttributeOptionSelect.vm\"",
        "type": "Literal"
      },
      "location-after-char-start": 12391,
      "location-after-char-end": 12422,
      "node-str": "\"admin,AttributeOptionSelect.vm\""
    },
    {
      "type": "move-subtree",
      "node": {
        "label": "addAttributeOption",
        "type": "Invocation"
      },
      "location-before-char-start": 12554,
      "location-before-char-end": 12654,
      "location-after-char-start": 12488,
      "location-after-char-end": 12588,
      "node-str": "addAttributeOption"
    },
    {
      "type": "insert-node",
      "node": {
        "label": "setString",
        "type": "Invocation"
      },
      "location-after-char-start": 12622,
      "location-after-char-end": 12717,
      "node-str": "setString"
    },
    {
      "type": "insert-node",
      "node": {
        "label": "if",
        "type": "If"
      },
      "location-after-char-start": 12850,
      "location-after-char-end": 13176,
      "node-str": "if"
    },
    {
      "type": "insert-node",
      "node": {
        "label": "getParameters",
        "type": "Invocation"
      },
      "location-after-char-start": 12622,
      "location-after-char-end": 12641,
      "node-str": "getParameters"
    },
    {
      "type": "insert-node",
      "node": {
        "label": "ScarabConstants.CANCEL_TEMPLATE",
        "type": "TypeAccess"
      },
      "location-after-char-start": 12653,
      "location-after-char-end": 12683,
      "node-str": "ScarabConstants.CANCEL_TEMPLATE"
    },
    {
      "type": "insert-node",
      "node": {
        "label": "\"admin,ModuleAttributeEdit.vm\"",
        "type": "Literal"
      },
      "location-after-char-start": 12686,
      "location-after-char-end": 12715,
      "node-str": "\"admin,ModuleAttributeEdit.vm\""
    },
    {
      "type": "insert-node",
      "node": {
        "label": "equals",
        "type": "Invocation"
      },
      "location-after-char-start": 12854,
      "location-after-char-end": 12912,
      "node-str": "equals"
    },
    {
      "type": "insert-node",
      "node": {
        "label": "THEN",
        "type": "then"
      },
      "location-after-char-start": 12943,
      "location-after-char-end": 13176,
      "node-str": "THEN"
    },
    {
      "type": "insert-node",
      "node": {
        "label": "data",
        "type": "VariableRead"
      },
      "location-after-char-start": 12622,
      "location-after-char-end": 12625,
      "node-str": "data"
    },
    {
      "type": "insert-node",
      "node": {
        "label": "lastTemplate",
        "type": "VariableRead"
      },
      "location-after-char-start": 12854,
      "location-after-char-end": 12865,
      "node-str": "lastTemplate"
    },
    {
      "type": "insert-node",
      "node": {
        "label": "\"admin,GlobalAttributeOptionSelect.vm\"",
        "type": "Literal"
      },
      "location-after-char-start": 12874,
      "location-after-char-end": 12911,
      "node-str": "\"admin,GlobalAttributeOptionSelect.vm\""
    },
    {
      "type": "move-subtree",
      "node": {
        "label": "addRIssueTypeOption",
        "type": "Invocation"
      },
      "location-before-char-start": 12905,
      "location-before-char-end": 12942,
      "location-after-char-start": 12977,
      "location-after-char-end": 13014,
      "node-str": "addRIssueTypeOption"
    },
    {
      "type": "insert-node",
      "node": {
        "label": "setString",
        "type": "Invocation"
      },
      "location-after-char-start": 13048,
      "location-after-char-end": 13146,
      "node-str": "setString"
    },
    {
      "type": "insert-node",
      "node": {
        "label": "getParameters",
        "type": "Invocation"
      },
      "location-after-char-start": 13048,
      "location-after-char-end": 13067,
      "node-str": "getParameters"
    },
    {
      "type": "insert-node",
      "node": {
        "label": "ScarabConstants.CANCEL_TEMPLATE",
        "type": "TypeAccess"
      },
      "location-after-char-start": 13079,
      "location-after-char-end": 13109,
      "node-str": "ScarabConstants.CANCEL_TEMPLATE"
    },
    {
      "type": "insert-node",
      "node": {
        "label": "\"admin,IssueTypeAttributeEdit.vm\"",
        "type": "Literal"
      },
      "location-after-char-start": 13112,
      "location-after-char-end": 13144,
      "node-str": "\"admin,IssueTypeAttributeEdit.vm\""
    },
    {
      "type": "insert-node",
      "node": {
        "label": "data",
        "type": "VariableRead"
      },
      "location-after-char-start": 13048,
      "location-after-char-end": 13051,
      "node-str": "data"
    },
    {
      "type": "delete-node",
      "node": {
        "label": "public",
        "type": "Modifier"
      },
      "location-before-char-start": 0,
      "location-before-char-end": 0,
      "node-str": "public"
    },
    {
      "type": "delete-node",
      "node": {
        "label": "void",
        "type": "RETURN_TYPE"
      },
      "location-before-char-start": 0,
      "location-before-char-end": 0,
      "node-str": "void"
    },
    {
      "type": "delete-node",
      "node": {
        "label": "java.lang.Exception",
        "type": "THROWS"
      },
      "location-before-char-start": 0,
      "location-before-char-end": 0,
      "node-str": "java.lang.Exception"
    },
    {
      "type": "delete-node",
      "node": {
        "label": "public",
        "type": "Modifier"
      },
      "location-before-char-start": 0,
      "location-before-char-end": 0,
      "node-str": "public"
    },
    {
      "type": "delete-node",
      "node": {
        "label": "synchronized",
        "type": "Modifier"
      },
      "location-before-char-start": 0,
      "location-before-char-end": 0,
      "node-str": "synchronized"
    },
    {
      "type": "delete-node",
      "node": {
        "label": "lastTemplate",
        "type": "VariableRead"
      },
      "location-before-char-start": 11808,
      "location-before-char-end": 11819,
      "node-str": "lastTemplate"
    },
    {
      "type": "delete-node",
      "node": {
        "label": "\"Module\"",
        "type": "Literal"
      },
      "location-before-char-start": 11829,
      "location-before-char-end": 11836,
      "node-str": "\"Module\""
    },
    {
      "type": "delete-node",
      "node": {
        "label": "indexOf",
        "type": "Invocation"
      },
      "location-before-char-start": 11808,
      "location-before-char-end": 11837,
      "node-str": "indexOf"
    },
    {
      "type": "delete-node",
      "node": {
        "label": "1",
        "type": "Literal"
      },
      "location-before-char-start": 11842,
      "location-before-char-end": 11842,
      "node-str": "1"
    },
    {
      "type": "delete-node",
      "node": {
        "label": "NEG",
        "type": "UnaryOperator"
      },
      "location-before-char-start": 11841,
      "location-before-char-end": 11842,
      "node-str": "NEG"
    },
    {
      "type": "delete-node",
      "node": {
        "label": "GT",
        "type": "BinaryOperator"
      },
      "location-before-char-start": 11808,
      "location-before-char-end": 11842,
      "node-str": "GT"
    },
    {
      "type": "delete-node",
      "node": {
        "label": "AND",
        "type": "BinaryOperator"
      },
      "location-before-char-start": 11743,
      "location-before-char-end": 11842,
      "node-str": "AND"
    },
    {
      "type": "delete-node",
      "node": {
        "label": "lastTemplate",
        "type": "VariableRead"
      },
      "location-before-char-start": 12439,
      "location-before-char-end": 12450,
      "node-str": "lastTemplate"
    },
    {
      "type": "delete-node",
      "node": {
        "label": "\"admin,ModuleAttributeEdit.vm\"",
        "type": "Literal"
      },
      "location-before-char-start": 12459,
      "location-before-char-end": 12488,
      "node-str": "\"admin,ModuleAttributeEdit.vm\""
    },
    {
      "type": "delete-node",
      "node": {
        "label": "equals",
        "type": "Invocation"
      },
      "location-before-char-start": 12439,
      "location-before-char-end": 12489,
      "node-str": "equals"
    },
    {
      "type": "delete-node",
      "node": {
        "label": "THEN",
        "type": "then"
      },
      "location-before-char-start": 12520,
      "location-before-char-end": 12684,
      "node-str": "THEN"
    },
    {
      "type": "delete-node",
      "node": {
        "label": "lastTemplate",
        "type": "VariableRead"
      },
      "location-before-char-start": 12787,
      "location-before-char-end": 12798,
      "node-str": "lastTemplate"
    },
    {
      "type": "delete-node",
      "node": {
        "label": "\"admin,IssueTypeAttributeEdit.vm\"",
        "type": "Literal"
      },
      "location-before-char-start": 12807,
      "location-before-char-end": 12839,
      "node-str": "\"admin,IssueTypeAttributeEdit.vm\""
    },
    {
      "type": "delete-node",
      "node": {
        "label": "equals",
        "type": "Invocation"
      },
      "location-before-char-start": 12787,
      "location-before-char-end": 12840,
      "node-str": "equals"
    },
    {
      "type": "delete-node",
      "node": {
        "label": "THEN",
        "type": "then"
      },
      "location-before-char-start": 12871,
      "location-before-char-end": 12972,
      "node-str": "THEN"
    },
    {
      "type": "delete-node",
      "node": {
        "label": "if",
        "type": "If"
      },
      "location-before-char-start": 12783,
      "location-before-char-end": 12972,
      "node-str": "if"
    },
    {
      "type": "delete-node",
      "node": {
        "label": "ELSE",
        "type": "else"
      },
      "location-before-char-start": 12783,
      "location-before-char-end": 12972,
      "node-str": "ELSE"
    },
    {
      "type": "delete-node",
      "node": {
        "label": "if",
        "type": "If"
      },
      "location-before-char-start": 12435,
      "location-before-char-end": 12972,
      "node-str": "if"
    },
    {
      "type": "delete-node",
      "node": {
        "label": "THEN",
        "type": "then"
      },
      "location-before-char-start": 11869,
      "location-before-char-end": 12998,
      "node-str": "THEN"
    },
    {
      "type": "delete-node",
      "node": {
        "label": "if",
        "type": "If"
      },
      "location-before-char-start": 11739,
      "location-before-char-end": 12998,
      "node-str": "if"
    },
    {
      "type": "delete-node",
      "node": {
        "label": "THEN",
        "type": "then"
      },
      "location-before-char-start": 10960,
      "location-before-char-end": 13020,
      "node-str": "THEN"
    },
    {
      "type": "delete-node",
      "node": {
        "label": "if",
        "type": "If"
      },
      "location-before-char-start": 10850,
      "location-before-char-end": 13020,
      "node-str": "if"
    }
  ],
  "before-file": {},
  "after-file": {},
  "mapping": {}
}