{
  "tool-info": {},
  "diff": [
    {
      "type": "insert-node",
      "node": {
        "label": "public",
        "type": "Modifier"
      },
      "location-after-char-start": 0,
      "location-after-char-end": 0,
      "node-str": "public"
    },
    {
      "type": "insert-node",
      "node": {
        "label": "",
        "type": "TypeReference"
      },
      "location-after-char-start": 2082,
      "location-after-char-end": 2096,
      "node-str": ""
    },
    {
      "type": "insert-node",
      "node": {
        "label": "commandBackward",
        "type": "Field"
      },
      "location-after-char-start": 2101,
      "location-after-char-end": 2138,
      "node-str": "commandBackward"
    },
    {
      "type": "insert-node",
      "node": {
        "label": "commandForward",
        "type": "Field"
      },
      "location-after-char-start": 2142,
      "location-after-char-end": 2178,
      "node-str": "commandForward"
    },
    {
      "type": "insert-node",
      "node": {
        "label": "forward",
        "type": "Field"
      },
      "location-after-char-start": 2182,
      "location-after-char-end": 2207,
      "node-str": "forward"
    },
    {
      "type": "insert-node",
      "node": {
        "label": "selection",
        "type": "Field"
      },
      "location-after-char-start": 2211,
      "location-after-char-end": 2235,
      "node-str": "selection"
    },
    {
      "type": "insert-node",
      "node": {
        "label": "pageActivated",
        "type": "Method"
      },
      "location-after-char-start": 12729,
      "location-after-char-end": 12857,
      "node-str": "pageActivated"
    },
    {
      "type": "insert-node",
      "node": {
        "label": "pageClosed",
        "type": "Method"
      },
      "location-after-char-start": 12861,
      "location-after-char-end": 12983,
      "node-str": "pageClosed"
    },
    {
      "type": "insert-node",
      "node": {
        "label": "partClosed",
        "type": "Method"
      },
      "location-after-char-start": 12987,
      "location-after-char-end": 13109,
      "node-str": "partClosed"
    },
    {
      "type": "insert-node",
      "node": {
        "label": "partOpened",
        "type": "Method"
      },
      "location-after-char-start": 13113,
      "location-after-char-end": 13235,
      "node-str": "partOpened"
    },
    {
      "type": "insert-node",
      "node": {
        "label": "org.eclipse.ui.internal.PageEventAction",
        "type": "SUPER_TYPE"
      },
      "location-after-char-start": 0,
      "location-after-char-end": 0,
      "node-str": "org.eclipse.ui.internal.PageEventAction"
    },
    {
      "type": "insert-node",
      "node": {
        "label": "java.lang.String",
        "type": "VARIABLE_TYPE"
      },
      "location-after-char-start": 0,
      "location-after-char-end": 0,
      "node-str": "java.lang.String"
    },
    {
      "type": "insert-node",
      "node": {
        "label": "null",
        "type": "Literal"
      },
      "location-after-char-start": 2134,
      "location-after-char-end": 2137,
      "node-str": "null"
    },
    {
      "type": "insert-node",
      "node": {
        "label": "java.lang.String",
        "type": "VARIABLE_TYPE"
      },
      "location-after-char-start": 0,
      "location-after-char-end": 0,
      "node-str": "java.lang.String"
    },
    {
      "type": "insert-node",
      "node": {
        "label": "null",
        "type": "Literal"
      },
      "location-after-char-start": 2174,
      "location-after-char-end": 2177,
      "node-str": "null"
    },
    {
      "type": "insert-node",
      "node": {
        "label": "boolean",
        "type": "VARIABLE_TYPE"
      },
      "location-after-char-start": 0,
      "location-after-char-end": 0,
      "node-str": "boolean"
    },
    {
      "type": "insert-node",
      "node": {
        "label": "protected",
        "type": "Modifier"
      },
      "location-after-char-start": 0,
      "location-after-char-end": 0,
      "node-str": "protected"
    },
    {
      "type": "insert-node",
      "node": {
        "label": "java.lang.Object",
        "type": "VARIABLE_TYPE"
      },
      "location-after-char-start": 0,
      "location-after-char-end": 0,
      "node-str": "java.lang.Object"
    },
    {
      "type": "insert-node",
      "node": {
        "label": "void",
        "type": "RETURN_TYPE"
      },
      "location-after-char-start": 0,
      "location-after-char-end": 0,
      "node-str": "void"
    },
    {
      "type": "insert-node",
      "node": {
        "label": "public",
        "type": "Modifier"
      },
      "location-after-char-start": 0,
      "location-after-char-end": 0,
      "node-str": "public"
    },
    {
      "type": "insert-node",
      "node": {
        "label": "page",
        "type": "Parameter"
      },
      "location-after-char-start": 12787,
      "location-after-char-end": 12805,
      "node-str": "page"
    },
    {
      "type": "insert-node",
      "node": {
        "label": "pageActivated",
        "type": "Invocation"
      },
      "location-after-char-start": 12812,
      "location-after-char-end": 12837,
      "node-str": "pageActivated"
    },
    {
      "type": "insert-node",
      "node": {
        "label": "updateState",
        "type": "Invocation"
      },
      "location-after-char-start": 12841,
      "location-after-char-end": 12854,
      "node-str": "updateState"
    },
    {
      "type": "insert-node",
      "node": {
        "label": "void",
        "type": "RETURN_TYPE"
      },
      "location-after-char-start": 0,
      "location-after-char-end": 0,
      "node-str": "void"
    },
    {
      "type": "insert-node",
      "node": {
        "label": "public",
        "type": "Modifier"
      },
      "location-after-char-start": 0,
      "location-after-char-end": 0,
      "node-str": "public"
    },
    {
      "type": "insert-node",
      "node": {
        "label": "page",
        "type": "Parameter"
      },
      "location-after-char-start": 12916,
      "location-after-char-end": 12934,
      "node-str": "page"
    },
    {
      "type": "insert-node",
      "node": {
        "label": "pageClosed",
        "type": "Invocation"
      },
      "location-after-char-start": 12941,
      "location-after-char-end": 12963,
      "node-str": "pageClosed"
    },
    {
      "type": "insert-node",
      "node": {
        "label": "updateState",
        "type": "Invocation"
      },
      "location-after-char-start": 12967,
      "location-after-char-end": 12980,
      "node-str": "updateState"
    },
    {
      "type": "insert-node",
      "node": {
        "label": "void",
        "type": "RETURN_TYPE"
      },
      "location-after-char-start": 0,
      "location-after-char-end": 0,
      "node-str": "void"
    },
    {
      "type": "insert-node",
      "node": {
        "label": "public",
        "type": "Modifier"
      },
      "location-after-char-start": 0,
      "location-after-char-end": 0,
      "node-str": "public"
    },
    {
      "type": "insert-node",
      "node": {
        "label": "part",
        "type": "Parameter"
      },
      "location-after-char-start": 13042,
      "location-after-char-end": 13060,
      "node-str": "part"
    },
    {
      "type": "insert-node",
      "node": {
        "label": "partClosed",
        "type": "Invocation"
      },
      "location-after-char-start": 13067,
      "location-after-char-end": 13089,
      "node-str": "partClosed"
    },
    {
      "type": "insert-node",
      "node": {
        "label": "updateState",
        "type": "Invocation"
      },
      "location-after-char-start": 13093,
      "location-after-char-end": 13106,
      "node-str": "updateState"
    },
    {
      "type": "insert-node",
      "node": {
        "label": "void",
        "type": "RETURN_TYPE"
      },
      "location-after-char-start": 0,
      "location-after-char-end": 0,
      "node-str": "void"
    },
    {
      "type": "insert-node",
      "node": {
        "label": "public",
        "type": "Modifier"
      },
      "location-after-char-start": 0,
      "location-after-char-end": 0,
      "node-str": "public"
    },
    {
      "type": "insert-node",
      "node": {
        "label": "part",
        "type": "Parameter"
      },
      "location-after-char-start": 13168,
      "location-after-char-end": 13186,
      "node-str": "part"
    },
    {
      "type": "insert-node",
      "node": {
        "label": "partOpened",
        "type": "Invocation"
      },
      "location-after-char-start": 13193,
      "location-after-char-end": 13215,
      "node-str": "partOpened"
    },
    {
      "type": "insert-node",
      "node": {
        "label": "updateState",
        "type": "Invocation"
      },
      "location-after-char-start": 13219,
      "location-after-char-end": 13232,
      "node-str": "updateState"
    },
    {
      "type": "insert-node",
      "node": {
        "label": "org.eclipse.ui.IWorkbenchPage",
        "type": "VARIABLE_TYPE"
      },
      "location-after-char-start": 0,
      "location-after-char-end": 0,
      "node-str": "org.eclipse.ui.IWorkbenchPage"
    },
    {
      "type": "insert-node",
      "node": {
        "label": "super",
        "type": "SuperAccess"
      },
      "location-after-char-start": 12812,
      "location-after-char-end": 12816,
      "node-str": "super"
    },
    {
      "type": "insert-node",
      "node": {
        "label": "page",
        "type": "VariableRead"
      },
      "location-after-char-start": 12832,
      "location-after-char-end": 12835,
      "node-str": "page"
    },
    {
      "type": "insert-node",
      "node": {
        "label": "org.eclipse.ui.internal.CyclePartAction",
        "type": "TypeAccess"
      },
      "location-after-char-start": 0,
      "location-after-char-end": 0,
      "node-str": "org.eclipse.ui.internal.CyclePartAction"
    },
    {
      "type": "insert-node",
      "node": {
        "label": "org.eclipse.ui.IWorkbenchPage",
        "type": "VARIABLE_TYPE"
      },
      "location-after-char-start": 0,
      "location-after-char-end": 0,
      "node-str": "org.eclipse.ui.IWorkbenchPage"
    },
    {
      "type": "insert-node",
      "node": {
        "label": "super",
        "type": "SuperAccess"
      },
      "location-after-char-start": 12941,
      "location-after-char-end": 12945,
      "node-str": "super"
    },
    {
      "type": "insert-node",
      "node": {
        "label": "page",
        "type": "VariableRead"
      },
      "location-after-char-start": 12958,
      "location-after-char-end": 12961,
      "node-str": "page"
    },
    {
      "type": "insert-node",
      "node": {
        "label": "org.eclipse.ui.internal.CyclePartAction",
        "type": "TypeAccess"
      },
      "location-after-char-start": 0,
      "location-after-char-end": 0,
      "node-str": "org.eclipse.ui.internal.CyclePartAction"
    },
    {
      "type": "insert-node",
      "node": {
        "label": "org.eclipse.ui.IWorkbenchPart",
        "type": "VARIABLE_TYPE"
      },
      "location-after-char-start": 0,
      "location-after-char-end": 0,
      "node-str": "org.eclipse.ui.IWorkbenchPart"
    },
    {
      "type": "insert-node",
      "node": {
        "label": "super",
        "type": "SuperAccess"
      },
      "location-after-char-start": 13067,
      "location-after-char-end": 13071,
      "node-str": "super"
    },
    {
      "type": "insert-node",
      "node": {
        "label": "part",
        "type": "VariableRead"
      },
      "location-after-char-start": 13084,
      "location-after-char-end": 13087,
      "node-str": "part"
    },
    {
      "type": "insert-node",
      "node": {
        "label": "org.eclipse.ui.internal.CyclePartAction",
        "type": "TypeAccess"
      },
      "location-after-char-start": 0,
      "location-after-char-end": 0,
      "node-str": "org.eclipse.ui.internal.CyclePartAction"
    },
    {
      "type": "insert-node",
      "node": {
        "label": "org.eclipse.ui.IWorkbenchPart",
        "type": "VARIABLE_TYPE"
      },
      "location-after-char-start": 0,
      "location-after-char-end": 0,
      "node-str": "org.eclipse.ui.IWorkbenchPart"
    },
    {
      "type": "insert-node",
      "node": {
        "label": "super",
        "type": "SuperAccess"
      },
      "location-after-char-start": 13193,
      "location-after-char-end": 13197,
      "node-str": "super"
    },
    {
      "type": "insert-node",
      "node": {
        "label": "part",
        "type": "VariableRead"
      },
      "location-after-char-start": 13210,
      "location-after-char-end": 13213,
      "node-str": "part"
    },
    {
      "type": "insert-node",
      "node": {
        "label": "org.eclipse.ui.internal.CyclePartAction",
        "type": "TypeAccess"
      },
      "location-after-char-start": 0,
      "location-after-char-end": 0,
      "node-str": "org.eclipse.ui.internal.CyclePartAction"
    },
    {
      "type": "update-node",
      "node": {
        "label": "org.eclipse.ui.internal.keys.KeySupport",
        "type": "TypeAccess"
      },
      "location-before-char-start": 3978,
      "location-before-char-end": 3987,
      "location-after-char-start": 3969,
      "location-after-char-end": 3978,
      "node-str": "org.eclipse.ui.keys.KeySupport"
    },
    {
      "type": "update-node",
      "node": {
        "label": "org.eclipse.ui.internal.keys.KeySupport",
        "type": "TypeAccess"
      },
      "location-before-char-start": 4055,
      "location-before-char-end": 4064,
      "location-after-char-start": 4046,
      "location-after-char-end": 4055,
      "node-str": "org.eclipse.ui.keys.KeySupport"
    },
    {
      "type": "delete-node",
      "node": {
        "label": "public",
        "type": "Modifier"
      },
      "location-before-char-start": 0,
      "location-before-char-end": 0,
      "node-str": "public"
    },
    {
      "type": "delete-node",
      "node": {
        "label": "org.eclipse.ui.internal.PageEventAction",
        "type": "SUPER_TYPE"
      },
      "location-before-char-start": 0,
      "location-before-char-end": 0,
      "node-str": "org.eclipse.ui.internal.PageEventAction"
    },
    {
      "type": "delete-node",
      "node": {
        "label": "",
        "type": "TypeReference"
      },
      "location-before-char-start": 2091,
      "location-before-char-end": 2105,
      "node-str": ""
    },
    {
      "type": "delete-node",
      "node": {
        "label": "java.lang.String",
        "type": "VARIABLE_TYPE"
      },
      "location-before-char-start": 0,
      "location-before-char-end": 0,
      "node-str": "java.lang.String"
    },
    {
      "type": "delete-node",
      "node": {
        "label": "null",
        "type": "Literal"
      },
      "location-before-char-start": 2143,
      "location-before-char-end": 2146,
      "node-str": "null"
    },
    {
      "type": "delete-node",
      "node": {
        "label": "commandBackward",
        "type": "Field"
      },
      "location-before-char-start": 2110,
      "location-before-char-end": 2147,
      "node-str": "commandBackward"
    },
    {
      "type": "delete-node",
      "node": {
        "label": "java.lang.String",
        "type": "VARIABLE_TYPE"
      },
      "location-before-char-start": 0,
      "location-before-char-end": 0,
      "node-str": "java.lang.String"
    },
    {
      "type": "delete-node",
      "node": {
        "label": "null",
        "type": "Literal"
      },
      "location-before-char-start": 2183,
      "location-before-char-end": 2186,
      "node-str": "null"
    },
    {
      "type": "delete-node",
      "node": {
        "label": "commandForward",
        "type": "Field"
      },
      "location-before-char-start": 2151,
      "location-before-char-end": 2187,
      "node-str": "commandForward"
    },
    {
      "type": "delete-node",
      "node": {
        "label": "boolean",
        "type": "VARIABLE_TYPE"
      },
      "location-before-char-start": 0,
      "location-before-char-end": 0,
      "node-str": "boolean"
    },
    {
      "type": "delete-node",
      "node": {
        "label": "protected",
        "type": "Modifier"
      },
      "location-before-char-start": 0,
      "location-before-char-end": 0,
      "node-str": "protected"
    },
    {
      "type": "delete-node",
      "node": {
        "label": "forward",
        "type": "Field"
      },
      "location-before-char-start": 2191,
      "location-before-char-end": 2216,
      "node-str": "forward"
    },
    {
      "type": "delete-node",
      "node": {
        "label": "java.lang.Object",
        "type": "VARIABLE_TYPE"
      },
      "location-before-char-start": 0,
      "location-before-char-end": 0,
      "node-str": "java.lang.Object"
    },
    {
      "type": "delete-node",
      "node": {
        "label": "selection",
        "type": "Field"
      },
      "location-before-char-start": 2220,
      "location-before-char-end": 2244,
      "node-str": "selection"
    },
    {
      "type": "delete-node",
      "node": {
        "label": "void",
        "type": "RETURN_TYPE"
      },
      "location-before-char-start": 0,
      "location-before-char-end": 0,
      "node-str": "void"
    },
    {
      "type": "delete-node",
      "node": {
        "label": "public",
        "type": "Modifier"
      },
      "location-before-char-start": 0,
      "location-before-char-end": 0,
      "node-str": "public"
    },
    {
      "type": "delete-node",
      "node": {
        "label": "org.eclipse.ui.IWorkbenchPage",
        "type": "VARIABLE_TYPE"
      },
      "location-before-char-start": 0,
      "location-before-char-end": 0,
      "node-str": "org.eclipse.ui.IWorkbenchPage"
    },
    {
      "type": "delete-node",
      "node": {
        "label": "page",
        "type": "Parameter"
      },
      "location-before-char-start": 12796,
      "location-before-char-end": 12814,
      "node-str": "page"
    },
    {
      "type": "delete-node",
      "node": {
        "label": "super",
        "type": "SuperAccess"
      },
      "location-before-char-start": 12821,
      "location-before-char-end": 12825,
      "node-str": "super"
    },
    {
      "type": "delete-node",
      "node": {
        "label": "page",
        "type": "VariableRead"
      },
      "location-before-char-start": 12841,
      "location-before-char-end": 12844,
      "node-str": "page"
    },
    {
      "type": "delete-node",
      "node": {
        "label": "pageActivated",
        "type": "Invocation"
      },
      "location-before-char-start": 12821,
      "location-before-char-end": 12846,
      "node-str": "pageActivated"
    },
    {
      "type": "delete-node",
      "node": {
        "label": "org.eclipse.ui.internal.CyclePartAction",
        "type": "TypeAccess"
      },
      "location-before-char-start": 0,
      "location-before-char-end": 0,
      "node-str": "org.eclipse.ui.internal.CyclePartAction"
    },
    {
      "type": "delete-node",
      "node": {
        "label": "updateState",
        "type": "Invocation"
      },
      "location-before-char-start": 12850,
      "location-before-char-end": 12863,
      "node-str": "updateState"
    },
    {
      "type": "delete-node",
      "node": {
        "label": "pageActivated",
        "type": "Method"
      },
      "location-before-char-start": 12738,
      "location-before-char-end": 12866,
      "node-str": "pageActivated"
    },
    {
      "type": "delete-node",
      "node": {
        "label": "void",
        "type": "RETURN_TYPE"
      },
      "location-before-char-start": 0,
      "location-before-char-end": 0,
      "node-str": "void"
    },
    {
      "type": "delete-node",
      "node": {
        "label": "public",
        "type": "Modifier"
      },
      "location-before-char-start": 0,
      "location-before-char-end": 0,
      "node-str": "public"
    },
    {
      "type": "delete-node",
      "node": {
        "label": "org.eclipse.ui.IWorkbenchPage",
        "type": "VARIABLE_TYPE"
      },
      "location-before-char-start": 0,
      "location-before-char-end": 0,
      "node-str": "org.eclipse.ui.IWorkbenchPage"
    },
    {
      "type": "delete-node",
      "node": {
        "label": "page",
        "type": "Parameter"
      },
      "location-before-char-start": 12925,
      "location-before-char-end": 12943,
      "node-str": "page"
    },
    {
      "type": "delete-node",
      "node": {
        "label": "super",
        "type": "SuperAccess"
      },
      "location-before-char-start": 12950,
      "location-before-char-end": 12954,
      "node-str": "super"
    },
    {
      "type": "delete-node",
      "node": {
        "label": "page",
        "type": "VariableRead"
      },
      "location-before-char-start": 12967,
      "location-before-char-end": 12970,
      "node-str": "page"
    },
    {
      "type": "delete-node",
      "node": {
        "label": "pageClosed",
        "type": "Invocation"
      },
      "location-before-char-start": 12950,
      "location-before-char-end": 12972,
      "node-str": "pageClosed"
    },
    {
      "type": "delete-node",
      "node": {
        "label": "org.eclipse.ui.internal.CyclePartAction",
        "type": "TypeAccess"
      },
      "location-before-char-start": 0,
      "location-before-char-end": 0,
      "node-str": "org.eclipse.ui.internal.CyclePartAction"
    },
    {
      "type": "delete-node",
      "node": {
        "label": "updateState",
        "type": "Invocation"
      },
      "location-before-char-start": 12976,
      "location-before-char-end": 12989,
      "node-str": "updateState"
    },
    {
      "type": "delete-node",
      "node": {
        "label": "pageClosed",
        "type": "Method"
      },
      "location-before-char-start": 12870,
      "location-before-char-end": 12992,
      "node-str": "pageClosed"
    },
    {
      "type": "delete-node",
      "node": {
        "label": "void",
        "type": "RETURN_TYPE"
      },
      "location-before-char-start": 0,
      "location-before-char-end": 0,
      "node-str": "void"
    },
    {
      "type": "delete-node",
      "node": {
        "label": "public",
        "type": "Modifier"
      },
      "location-before-char-start": 0,
      "location-before-char-end": 0,
      "node-str": "public"
    },
    {
      "type": "delete-node",
      "node": {
        "label": "org.eclipse.ui.IWorkbenchPart",
        "type": "VARIABLE_TYPE"
      },
      "location-before-char-start": 0,
      "location-before-char-end": 0,
      "node-str": "org.eclipse.ui.IWorkbenchPart"
    },
    {
      "type": "delete-node",
      "node": {
        "label": "part",
        "type": "Parameter"
      },
      "location-before-char-start": 13051,
      "location-before-char-end": 13069,
      "node-str": "part"
    },
    {
      "type": "delete-node",
      "node": {
        "label": "super",
        "type": "SuperAccess"
      },
      "location-before-char-start": 13076,
      "location-before-char-end": 13080,
      "node-str": "super"
    },
    {
      "type": "delete-node",
      "node": {
        "label": "part",
        "type": "VariableRead"
      },
      "location-before-char-start": 13093,
      "location-before-char-end": 13096,
      "node-str": "part"
    },
    {
      "type": "delete-node",
      "node": {
        "label": "partClosed",
        "type": "Invocation"
      },
      "location-before-char-start": 13076,
      "location-before-char-end": 13098,
      "node-str": "partClosed"
    },
    {
      "type": "delete-node",
      "node": {
        "label": "org.eclipse.ui.internal.CyclePartAction",
        "type": "TypeAccess"
      },
      "location-before-char-start": 0,
      "location-before-char-end": 0,
      "node-str": "org.eclipse.ui.internal.CyclePartAction"
    },
    {
      "type": "delete-node",
      "node": {
        "label": "updateState",
        "type": "Invocation"
      },
      "location-before-char-start": 13102,
      "location-before-char-end": 13115,
      "node-str": "updateState"
    },
    {
      "type": "delete-node",
      "node": {
        "label": "partClosed",
        "type": "Method"
      },
      "location-before-char-start": 12996,
      "location-before-char-end": 13118,
      "node-str": "partClosed"
    },
    {
      "type": "delete-node",
      "node": {
        "label": "void",
        "type": "RETURN_TYPE"
      },
      "location-before-char-start": 0,
      "location-before-char-end": 0,
      "node-str": "void"
    },
    {
      "type": "delete-node",
      "node": {
        "label": "public",
        "type": "Modifier"
      },
      "location-before-char-start": 0,
      "location-before-char-end": 0,
      "node-str": "public"
    },
    {
      "type": "delete-node",
      "node": {
        "label": "org.eclipse.ui.IWorkbenchPart",
        "type": "VARIABLE_TYPE"
      },
      "location-before-char-start": 0,
      "location-before-char-end": 0,
      "node-str": "org.eclipse.ui.IWorkbenchPart"
    },
    {
      "type": "delete-node",
      "node": {
        "label": "part",
        "type": "Parameter"
      },
      "location-before-char-start": 13177,
      "location-before-char-end": 13195,
      "node-str": "part"
    },
    {
      "type": "delete-node",
      "node": {
        "label": "super",
        "type": "SuperAccess"
      },
      "location-before-char-start": 13202,
      "location-before-char-end": 13206,
      "node-str": "super"
    },
    {
      "type": "delete-node",
      "node": {
        "label": "part",
        "type": "VariableRead"
      },
      "location-before-char-start": 13219,
      "location-before-char-end": 13222,
      "node-str": "part"
    },
    {
      "type": "delete-node",
      "node": {
        "label": "partOpened",
        "type": "Invocation"
      },
      "location-before-char-start": 13202,
      "location-before-char-end": 13224,
      "node-str": "partOpened"
    },
    {
      "type": "delete-node",
      "node": {
        "label": "org.eclipse.ui.internal.CyclePartAction",
        "type": "TypeAccess"
      },
      "location-before-char-start": 0,
      "location-before-char-end": 0,
      "node-str": "org.eclipse.ui.internal.CyclePartAction"
    },
    {
      "type": "delete-node",
      "node": {
        "label": "updateState",
        "type": "Invocation"
      },
      "location-before-char-start": 13228,
      "location-before-char-end": 13241,
      "node-str": "updateState"
    },
    {
      "type": "delete-node",
      "node": {
        "label": "partOpened",
        "type": "Method"
      },
      "location-before-char-start": 13122,
      "location-before-char-end": 13244,
      "node-str": "partOpened"
    }
  ],
  "before-file": {},
  "after-file": {},
  "mapping": {}
}