{
  "tool-info": {},
  "diff": [
    {
      "type": "insert-node",
      "node": {
        "label": "public",
        "type": "Modifier"
      },
      "location-after-char-start": 0,
      "location-after-char-end": 0,
      "node-str": "public"
    },
    {
      "type": "insert-node",
      "node": {
        "label": "java.util.List",
        "type": "RETURN_TYPE"
      },
      "location-after-char-start": 0,
      "location-after-char-end": 0,
      "node-str": "java.util.List"
    },
    {
      "type": "insert-node",
      "node": {
        "label": "public",
        "type": "Modifier"
      },
      "location-after-char-start": 0,
      "location-after-char-end": 0,
      "node-str": "public"
    },
    {
      "type": "insert-node",
      "node": {
        "label": "static",
        "type": "Modifier"
      },
      "location-after-char-start": 0,
      "location-after-char-end": 0,
      "node-str": "static"
    },
    {
      "type": "update-node",
      "node": {
        "label": "org.columba.addressbook.model.IContact",
        "type": "VARIABLE_TYPE"
      },
      "location-before-char-start": 0,
      "location-before-char-end": 0,
      "location-after-char-start": 0,
      "location-after-char-end": 0,
      "node-str": "org.columba.addressbook.model.IContactModel"
    },
    {
      "type": "insert-node",
      "node": {
        "label": "THEN",
        "type": "then"
      },
      "location-after-char-start": 3518,
      "location-after-char-end": 3723,
      "node-str": "THEN"
    },
    {
      "type": "insert-node",
      "node": {
        "label": "it2",
        "type": "LocalVariable"
      },
      "location-after-char-start": 3594,
      "location-after-char-end": 3632,
      "node-str": "it2"
    },
    {
      "type": "insert-node",
      "node": {
        "label": "if",
        "type": "If"
      },
      "location-after-char-start": 3640,
      "location-after-char-end": 3717,
      "node-str": "if"
    },
    {
      "type": "insert-node",
      "node": {
        "label": "java.util.Iterator",
        "type": "VARIABLE_TYPE"
      },
      "location-after-char-start": 0,
      "location-after-char-end": 0,
      "node-str": "java.util.Iterator"
    },
    {
      "type": "insert-node",
      "node": {
        "label": "getEmailIterator",
        "type": "Invocation"
      },
      "location-after-char-start": 3609,
      "location-after-char-end": 3631,
      "node-str": "getEmailIterator"
    },
    {
      "type": "insert-node",
      "node": {
        "label": "hasNext",
        "type": "Invocation"
      },
      "location-after-char-start": 3645,
      "location-after-char-end": 3657,
      "node-str": "hasNext"
    },
    {
      "type": "move-subtree",
      "node": {
        "label": "THEN",
        "type": "then"
      },
      "location-before-char-start": 3508,
      "location-before-char-end": 3585,
      "location-after-char-start": 3667,
      "location-after-char-end": 3717,
      "node-str": "THEN"
    },
    {
      "type": "insert-node",
      "node": {
        "label": "item",
        "type": "VariableRead"
      },
      "location-after-char-start": 3609,
      "location-after-char-end": 3612,
      "node-str": "item"
    },
    {
      "type": "insert-node",
      "node": {
        "label": "it2",
        "type": "VariableRead"
      },
      "location-after-char-start": 3645,
      "location-after-char-end": 3647,
      "node-str": "it2"
    },
    {
      "type": "update-node",
      "node": {
        "label": "get",
        "type": "Invocation"
      },
      "location-before-char-start": 3527,
      "location-before-char-end": 3583,
      "location-after-char-start": 3679,
      "location-after-char-end": 3715,
      "node-str": "getAddress"
    },
    {
      "type": "insert-node",
      "node": {
        "label": "next",
        "type": "Invocation"
      },
      "location-after-char-start": 3679,
      "location-after-char-end": 3702,
      "node-str": "next"
    },
    {
      "type": "update-node",
      "node": {
        "label": "item",
        "type": "VariableRead"
      },
      "location-before-char-start": 3527,
      "location-before-char-end": 3530,
      "location-after-char-start": 3692,
      "location-after-char-end": 3694,
      "node-str": "it2"
    },
    {
      "type": "move-subtree",
      "node": {
        "label": "item",
        "type": "VariableRead"
      },
      "location-before-char-start": 3527,
      "location-before-char-end": 3530,
      "location-after-char-start": 3692,
      "location-after-char-end": 3694,
      "node-str": "it2"
    },
    {
      "type": "delete-node",
      "node": {
        "label": "public",
        "type": "Modifier"
      },
      "location-before-char-start": 0,
      "location-before-char-end": 0,
      "node-str": "public"
    },
    {
      "type": "delete-node",
      "node": {
        "label": "java.util.List",
        "type": "RETURN_TYPE"
      },
      "location-before-char-start": 0,
      "location-before-char-end": 0,
      "node-str": "java.util.List"
    },
    {
      "type": "delete-node",
      "node": {
        "label": "public",
        "type": "Modifier"
      },
      "location-before-char-start": 0,
      "location-before-char-end": 0,
      "node-str": "public"
    },
    {
      "type": "delete-node",
      "node": {
        "label": "static",
        "type": "Modifier"
      },
      "location-before-char-start": 0,
      "location-before-char-end": 0,
      "node-str": "static"
    },
    {
      "type": "delete-node",
      "node": {
        "label": "VCARD.EMAIL",
        "type": "TypeAccess"
      },
      "location-before-char-start": 3536,
      "location-before-char-end": 3546,
      "node-str": "VCARD.EMAIL"
    },
    {
      "type": "delete-node",
      "node": {
        "label": "VCARD.EMAIL_TYPE_INTERNET",
        "type": "TypeAccess"
      },
      "location-before-char-start": 3558,
      "location-before-char-end": 3582,
      "node-str": "VCARD.EMAIL_TYPE_INTERNET"
    }
  ],
  "before-file": {},
  "after-file": {},
  "mapping": {}
}