{
  "tool-info": {},
  "diff": [
    {
      "type": "insert-node",
      "node": {
        "label": "public",
        "type": "Modifier"
      },
      "location-after-char-start": 0,
      "location-after-char-end": 0,
      "node-str": "public"
    },
    {
      "type": "insert-node",
      "node": {
        "label": "",
        "type": "TypeReference"
      },
      "location-after-char-start": 1219,
      "location-after-char-end": 1236,
      "node-str": ""
    },
    {
      "type": "insert-node",
      "node": {
        "label": "accountComboBox",
        "type": "Field"
      },
      "location-after-char-start": 1245,
      "location-after-char-end": 1278,
      "node-str": "accountComboBox"
    },
    {
      "type": "insert-node",
      "node": {
        "label": "matchComboBox",
        "type": "Field"
      },
      "location-after-char-start": 1285,
      "location-after-char-end": 1316,
      "node-str": "matchComboBox"
    },
    {
      "type": "insert-node",
      "node": {
        "label": "\u003cinit\u003e",
        "type": "Constructor"
      },
      "location-after-char-start": 1325,
      "location-after-char-end": 1669,
      "node-str": "\u003cinit\u003e"
    },
    {
      "type": "insert-node",
      "node": {
        "label": "initComponents",
        "type": "Method"
      },
      "location-after-char-start": 1678,
      "location-after-char-end": 2282,
      "node-str": "initComponents"
    },
    {
      "type": "insert-node",
      "node": {
        "label": "org.columba.mail.gui.config.filter.plugins.DefaultCriteriaRow",
        "type": "SUPER_TYPE"
      },
      "location-after-char-start": 0,
      "location-after-char-end": 0,
      "node-str": "org.columba.mail.gui.config.filter.plugins.DefaultCriteriaRow"
    },
    {
      "type": "insert-node",
      "node": {
        "label": "javax.swing.JComboBox",
        "type": "VARIABLE_TYPE"
      },
      "location-after-char-start": 0,
      "location-after-char-end": 0,
      "node-str": "javax.swing.JComboBox"
    },
    {
      "type": "insert-node",
      "node": {
        "label": "javax.swing.JComboBox",
        "type": "VARIABLE_TYPE"
      },
      "location-after-char-start": 0,
      "location-after-char-end": 0,
      "node-str": "javax.swing.JComboBox"
    },
    {
      "type": "insert-node",
      "node": {
        "label": "public",
        "type": "Modifier"
      },
      "location-after-char-start": 0,
      "location-after-char-end": 0,
      "node-str": "public"
    },
    {
      "type": "insert-node",
      "node": {
        "label": "pluginHandler",
        "type": "Parameter"
      },
      "location-after-char-start": 1523,
      "location-after-char-end": 1557,
      "node-str": "pluginHandler"
    },
    {
      "type": "insert-node",
      "node": {
        "label": "criteriaList",
        "type": "Parameter"
      },
      "location-after-char-start": 1569,
      "location-after-char-end": 1593,
      "node-str": "criteriaList"
    },
    {
      "type": "insert-node",
      "node": {
        "label": "c",
        "type": "Parameter"
      },
      "location-after-char-start": 1596,
      "location-after-char-end": 1611,
      "node-str": "c"
    },
    {
      "type": "insert-node",
      "node": {
        "label": "\u003cinit\u003e",
        "type": "Invocation"
      },
      "location-after-char-start": 1625,
      "location-after-char-end": 1662,
      "node-str": "\u003cinit\u003e"
    },
    {
      "type": "insert-node",
      "node": {
        "label": "void",
        "type": "RETURN_TYPE"
      },
      "location-after-char-start": 0,
      "location-after-char-end": 0,
      "node-str": "void"
    },
    {
      "type": "insert-node",
      "node": {
        "label": "public",
        "type": "Modifier"
      },
      "location-after-char-start": 0,
      "location-after-char-end": 0,
      "node-str": "public"
    },
    {
      "type": "insert-node",
      "node": {
        "label": "initComponents",
        "type": "Invocation"
      },
      "location-after-char-start": 1744,
      "location-after-char-end": 1766,
      "node-str": "initComponents"
    },
    {
      "type": "insert-node",
      "node": {
        "label": "\u003d",
        "type": "Assignment"
      },
      "location-after-char-start": 1779,
      "location-after-char-end": 1810,
      "node-str": "\u003d"
    },
    {
      "type": "insert-node",
      "node": {
        "label": "addItem",
        "type": "Invocation"
      },
      "location-after-char-start": 1821,
      "location-after-char-end": 1848,
      "node-str": "addItem"
    },
    {
      "type": "insert-node",
      "node": {
        "label": "addItem",
        "type": "Invocation"
      },
      "location-after-char-start": 1859,
      "location-after-char-end": 1890,
      "node-str": "addItem"
    },
    {
      "type": "insert-node",
      "node": {
        "label": "\u003d",
        "type": "Assignment"
      },
      "location-after-char-start": 1903,
      "location-after-char-end": 1936,
      "node-str": "\u003d"
    },
    {
      "type": "insert-node",
      "node": {
        "label": "accountList",
        "type": "LocalVariable"
      },
      "location-after-char-start": 1949,
      "location-after-char-end": 2016,
      "node-str": "accountList"
    },
    {
      "type": "insert-node",
      "node": {
        "label": "size",
        "type": "LocalVariable"
      },
      "location-after-char-start": 2027,
      "location-after-char-end": 2057,
      "node-str": "size"
    },
    {
      "type": "move-subtree",
      "node": {
        "label": "",
        "type": "For"
      },
      "location-before-char-start": 2067,
      "location-before-char-end": 2192,
      "location-after-char-start": 2070,
      "location-after-char-end": 2195,
      "node-str": ""
    },
    {
      "type": "insert-node",
      "node": {
        "label": "addComponent",
        "type": "Invocation"
      },
      "location-after-char-start": 2208,
      "location-after-char-end": 2235,
      "node-str": "addComponent"
    },
    {
      "type": "insert-node",
      "node": {
        "label": "addComponent",
        "type": "Invocation"
      },
      "location-after-char-start": 2246,
      "location-after-char-end": 2275,
      "node-str": "addComponent"
    },
    {
      "type": "insert-node",
      "node": {
        "label": "org.columba.core.plugin.AbstractPluginHandler",
        "type": "VARIABLE_TYPE"
      },
      "location-after-char-start": 0,
      "location-after-char-end": 0,
      "node-str": "org.columba.core.plugin.AbstractPluginHandler"
    },
    {
      "type": "insert-node",
      "node": {
        "label": "org.columba.mail.gui.config.filter.CriteriaList",
        "type": "VARIABLE_TYPE"
      },
      "location-after-char-start": 0,
      "location-after-char-end": 0,
      "node-str": "org.columba.mail.gui.config.filter.CriteriaList"
    },
    {
      "type": "insert-node",
      "node": {
        "label": "org.columba.mail.filter.FilterCriteria",
        "type": "VARIABLE_TYPE"
      },
      "location-after-char-start": 0,
      "location-after-char-end": 0,
      "node-str": "org.columba.mail.filter.FilterCriteria"
    },
    {
      "type": "insert-node",
      "node": {
        "label": "pluginHandler",
        "type": "VariableRead"
      },
      "location-after-char-start": 1631,
      "location-after-char-end": 1643,
      "node-str": "pluginHandler"
    },
    {
      "type": "insert-node",
      "node": {
        "label": "criteriaList",
        "type": "VariableRead"
      },
      "location-after-char-start": 1646,
      "location-after-char-end": 1657,
      "node-str": "criteriaList"
    },
    {
      "type": "insert-node",
      "node": {
        "label": "c",
        "type": "VariableRead"
      },
      "location-after-char-start": 1660,
      "location-after-char-end": 1660,
      "node-str": "c"
    },
    {
      "type": "insert-node",
      "node": {
        "label": "super",
        "type": "SuperAccess"
      },
      "location-after-char-start": 1744,
      "location-after-char-end": 1748,
      "node-str": "super"
    },
    {
      "type": "insert-node",
      "node": {
        "label": "matchComboBox",
        "type": "FieldWrite"
      },
      "location-after-char-start": 1779,
      "location-after-char-end": 1791,
      "node-str": "matchComboBox"
    },
    {
      "type": "insert-node",
      "node": {
        "label": "javax.swing.JComboBox()",
        "type": "ConstructorCall"
      },
      "location-after-char-start": 1795,
      "location-after-char-end": 1809,
      "node-str": "javax.swing.JComboBox()"
    },
    {
      "type": "insert-node",
      "node": {
        "label": "matchComboBox",
        "type": "FieldRead"
      },
      "location-after-char-start": 1821,
      "location-after-char-end": 1833,
      "node-str": "matchComboBox"
    },
    {
      "type": "insert-node",
      "node": {
        "label": "\"is\"",
        "type": "Literal"
      },
      "location-after-char-start": 1843,
      "location-after-char-end": 1846,
      "node-str": "\"is\""
    },
    {
      "type": "insert-node",
      "node": {
        "label": "matchComboBox",
        "type": "FieldRead"
      },
      "location-after-char-start": 1859,
      "location-after-char-end": 1871,
      "node-str": "matchComboBox"
    },
    {
      "type": "insert-node",
      "node": {
        "label": "\"is not\"",
        "type": "Literal"
      },
      "location-after-char-start": 1881,
      "location-after-char-end": 1888,
      "node-str": "\"is not\""
    },
    {
      "type": "insert-node",
      "node": {
        "label": "accountComboBox",
        "type": "FieldWrite"
      },
      "location-after-char-start": 1903,
      "location-after-char-end": 1917,
      "node-str": "accountComboBox"
    },
    {
      "type": "insert-node",
      "node": {
        "label": "javax.swing.JComboBox()",
        "type": "ConstructorCall"
      },
      "location-after-char-start": 1921,
      "location-after-char-end": 1935,
      "node-str": "javax.swing.JComboBox()"
    },
    {
      "type": "insert-node",
      "node": {
        "label": "org.columba.mail.config.AccountList",
        "type": "VARIABLE_TYPE"
      },
      "location-after-char-start": 0,
      "location-after-char-end": 0,
      "node-str": "org.columba.mail.config.AccountList"
    },
    {
      "type": "insert-node",
      "node": {
        "label": "getAccountList",
        "type": "Invocation"
      },
      "location-after-char-start": 1975,
      "location-after-char-end": 2015,
      "node-str": "getAccountList"
    },
    {
      "type": "insert-node",
      "node": {
        "label": "int",
        "type": "VARIABLE_TYPE"
      },
      "location-after-char-start": 0,
      "location-after-char-end": 0,
      "node-str": "int"
    },
    {
      "type": "insert-node",
      "node": {
        "label": "count",
        "type": "Invocation"
      },
      "location-after-char-start": 2038,
      "location-after-char-end": 2056,
      "node-str": "count"
    },
    {
      "type": "insert-node",
      "node": {
        "label": "org.columba.mail.gui.config.filter.plugins.AccountCriteriaRow",
        "type": "TypeAccess"
      },
      "location-after-char-start": 0,
      "location-after-char-end": 0,
      "node-str": "org.columba.mail.gui.config.filter.plugins.AccountCriteriaRow"
    },
    {
      "type": "insert-node",
      "node": {
        "label": "matchComboBox",
        "type": "FieldRead"
      },
      "location-after-char-start": 2221,
      "location-after-char-end": 2233,
      "node-str": "matchComboBox"
    },
    {
      "type": "insert-node",
      "node": {
        "label": "org.columba.mail.gui.config.filter.plugins.AccountCriteriaRow",
        "type": "TypeAccess"
      },
      "location-after-char-start": 0,
      "location-after-char-end": 0,
      "node-str": "org.columba.mail.gui.config.filter.plugins.AccountCriteriaRow"
    },
    {
      "type": "insert-node",
      "node": {
        "label": "accountComboBox",
        "type": "FieldRead"
      },
      "location-after-char-start": 2259,
      "location-after-char-end": 2273,
      "node-str": "accountComboBox"
    },
    {
      "type": "insert-node",
      "node": {
        "label": "org.columba.mail.gui.config.filter.plugins.AccountCriteriaRow",
        "type": "TypeAccess"
      },
      "location-after-char-start": 0,
      "location-after-char-end": 0,
      "node-str": "org.columba.mail.gui.config.filter.plugins.AccountCriteriaRow"
    },
    {
      "type": "insert-node",
      "node": {
        "label": "org.columba.mail.gui.config.filter.plugins.AccountCriteriaRow",
        "type": "TypeAccess"
      },
      "location-after-char-start": 0,
      "location-after-char-end": 0,
      "node-str": "org.columba.mail.gui.config.filter.plugins.AccountCriteriaRow"
    },
    {
      "type": "insert-node",
      "node": {
        "label": "org.columba.mail.gui.config.filter.plugins.AccountCriteriaRow",
        "type": "TypeAccess"
      },
      "location-after-char-start": 0,
      "location-after-char-end": 0,
      "node-str": "org.columba.mail.gui.config.filter.plugins.AccountCriteriaRow"
    },
    {
      "type": "insert-node",
      "node": {
        "label": "org.columba.mail.gui.config.filter.plugins.AccountCriteriaRow",
        "type": "TypeAccess"
      },
      "location-after-char-start": 0,
      "location-after-char-end": 0,
      "node-str": "org.columba.mail.gui.config.filter.plugins.AccountCriteriaRow"
    },
    {
      "type": "insert-node",
      "node": {
        "label": "getInstance",
        "type": "Invocation"
      },
      "location-after-char-start": 1975,
      "location-after-char-end": 1998,
      "node-str": "getInstance"
    },
    {
      "type": "insert-node",
      "node": {
        "label": "accountList",
        "type": "VariableRead"
      },
      "location-after-char-start": 2038,
      "location-after-char-end": 2048,
      "node-str": "accountList"
    },
    {
      "type": "insert-node",
      "node": {
        "label": "org.columba.mail.gui.config.filter.plugins.AccountCriteriaRow",
        "type": "TypeAccess"
      },
      "location-after-char-start": 0,
      "location-after-char-end": 0,
      "node-str": "org.columba.mail.gui.config.filter.plugins.AccountCriteriaRow"
    },
    {
      "type": "insert-node",
      "node": {
        "label": "org.columba.mail.gui.config.filter.plugins.AccountCriteriaRow",
        "type": "TypeAccess"
      },
      "location-after-char-start": 0,
      "location-after-char-end": 0,
      "node-str": "org.columba.mail.gui.config.filter.plugins.AccountCriteriaRow"
    },
    {
      "type": "insert-node",
      "node": {
        "label": "org.columba.mail.config.MailConfig",
        "type": "TypeAccess"
      },
      "location-after-char-start": 1975,
      "location-after-char-end": 1984,
      "node-str": "org.columba.mail.config.MailConfig"
    },
    {
      "type": "delete-node",
      "node": {
        "label": "public",
        "type": "Modifier"
      },
      "location-before-char-start": 0,
      "location-before-char-end": 0,
      "node-str": "public"
    },
    {
      "type": "delete-node",
      "node": {
        "label": "org.columba.mail.gui.config.filter.plugins.DefaultCriteriaRow",
        "type": "SUPER_TYPE"
      },
      "location-before-char-start": 0,
      "location-before-char-end": 0,
      "node-str": "org.columba.mail.gui.config.filter.plugins.DefaultCriteriaRow"
    },
    {
      "type": "delete-node",
      "node": {
        "label": "",
        "type": "TypeReference"
      },
      "location-before-char-start": 1220,
      "location-before-char-end": 1237,
      "node-str": ""
    },
    {
      "type": "delete-node",
      "node": {
        "label": "javax.swing.JComboBox",
        "type": "VARIABLE_TYPE"
      },
      "location-before-char-start": 0,
      "location-before-char-end": 0,
      "node-str": "javax.swing.JComboBox"
    },
    {
      "type": "delete-node",
      "node": {
        "label": "accountComboBox",
        "type": "Field"
      },
      "location-before-char-start": 1246,
      "location-before-char-end": 1279,
      "node-str": "accountComboBox"
    },
    {
      "type": "delete-node",
      "node": {
        "label": "javax.swing.JComboBox",
        "type": "VARIABLE_TYPE"
      },
      "location-before-char-start": 0,
      "location-before-char-end": 0,
      "node-str": "javax.swing.JComboBox"
    },
    {
      "type": "delete-node",
      "node": {
        "label": "matchComboBox",
        "type": "Field"
      },
      "location-before-char-start": 1286,
      "location-before-char-end": 1317,
      "node-str": "matchComboBox"
    },
    {
      "type": "delete-node",
      "node": {
        "label": "public",
        "type": "Modifier"
      },
      "location-before-char-start": 0,
      "location-before-char-end": 0,
      "node-str": "public"
    },
    {
      "type": "delete-node",
      "node": {
        "label": "org.columba.core.plugin.AbstractPluginHandler",
        "type": "VARIABLE_TYPE"
      },
      "location-before-char-start": 0,
      "location-before-char-end": 0,
      "node-str": "org.columba.core.plugin.AbstractPluginHandler"
    },
    {
      "type": "delete-node",
      "node": {
        "label": "pluginHandler",
        "type": "Parameter"
      },
      "location-before-char-start": 1524,
      "location-before-char-end": 1558,
      "node-str": "pluginHandler"
    },
    {
      "type": "delete-node",
      "node": {
        "label": "org.columba.mail.gui.config.filter.CriteriaList",
        "type": "VARIABLE_TYPE"
      },
      "location-before-char-start": 0,
      "location-before-char-end": 0,
      "node-str": "org.columba.mail.gui.config.filter.CriteriaList"
    },
    {
      "type": "delete-node",
      "node": {
        "label": "criteriaList",
        "type": "Parameter"
      },
      "location-before-char-start": 1570,
      "location-before-char-end": 1594,
      "node-str": "criteriaList"
    },
    {
      "type": "delete-node",
      "node": {
        "label": "org.columba.mail.filter.FilterCriteria",
        "type": "VARIABLE_TYPE"
      },
      "location-before-char-start": 0,
      "location-before-char-end": 0,
      "node-str": "org.columba.mail.filter.FilterCriteria"
    },
    {
      "type": "delete-node",
      "node": {
        "label": "c",
        "type": "Parameter"
      },
      "location-before-char-start": 1597,
      "location-before-char-end": 1612,
      "node-str": "c"
    },
    {
      "type": "delete-node",
      "node": {
        "label": "pluginHandler",
        "type": "VariableRead"
      },
      "location-before-char-start": 1632,
      "location-before-char-end": 1644,
      "node-str": "pluginHandler"
    },
    {
      "type": "delete-node",
      "node": {
        "label": "criteriaList",
        "type": "VariableRead"
      },
      "location-before-char-start": 1647,
      "location-before-char-end": 1658,
      "node-str": "criteriaList"
    },
    {
      "type": "delete-node",
      "node": {
        "label": "c",
        "type": "VariableRead"
      },
      "location-before-char-start": 1661,
      "location-before-char-end": 1661,
      "node-str": "c"
    },
    {
      "type": "delete-node",
      "node": {
        "label": "\u003cinit\u003e",
        "type": "Invocation"
      },
      "location-before-char-start": 1626,
      "location-before-char-end": 1663,
      "node-str": "\u003cinit\u003e"
    },
    {
      "type": "delete-node",
      "node": {
        "label": "\u003cinit\u003e",
        "type": "Constructor"
      },
      "location-before-char-start": 1326,
      "location-before-char-end": 1670,
      "node-str": "\u003cinit\u003e"
    },
    {
      "type": "delete-node",
      "node": {
        "label": "void",
        "type": "RETURN_TYPE"
      },
      "location-before-char-start": 0,
      "location-before-char-end": 0,
      "node-str": "void"
    },
    {
      "type": "delete-node",
      "node": {
        "label": "public",
        "type": "Modifier"
      },
      "location-before-char-start": 0,
      "location-before-char-end": 0,
      "node-str": "public"
    },
    {
      "type": "delete-node",
      "node": {
        "label": "super",
        "type": "SuperAccess"
      },
      "location-before-char-start": 1745,
      "location-before-char-end": 1749,
      "node-str": "super"
    },
    {
      "type": "delete-node",
      "node": {
        "label": "initComponents",
        "type": "Invocation"
      },
      "location-before-char-start": 1745,
      "location-before-char-end": 1767,
      "node-str": "initComponents"
    },
    {
      "type": "delete-node",
      "node": {
        "label": "org.columba.mail.gui.config.filter.plugins.AccountCriteriaRow",
        "type": "TypeAccess"
      },
      "location-before-char-start": 0,
      "location-before-char-end": 0,
      "node-str": "org.columba.mail.gui.config.filter.plugins.AccountCriteriaRow"
    },
    {
      "type": "delete-node",
      "node": {
        "label": "matchComboBox",
        "type": "FieldWrite"
      },
      "location-before-char-start": 1780,
      "location-before-char-end": 1792,
      "node-str": "matchComboBox"
    },
    {
      "type": "delete-node",
      "node": {
        "label": "javax.swing.JComboBox()",
        "type": "ConstructorCall"
      },
      "location-before-char-start": 1796,
      "location-before-char-end": 1810,
      "node-str": "javax.swing.JComboBox()"
    },
    {
      "type": "delete-node",
      "node": {
        "label": "\u003d",
        "type": "Assignment"
      },
      "location-before-char-start": 1780,
      "location-before-char-end": 1811,
      "node-str": "\u003d"
    },
    {
      "type": "delete-node",
      "node": {
        "label": "org.columba.mail.gui.config.filter.plugins.AccountCriteriaRow",
        "type": "TypeAccess"
      },
      "location-before-char-start": 0,
      "location-before-char-end": 0,
      "node-str": "org.columba.mail.gui.config.filter.plugins.AccountCriteriaRow"
    },
    {
      "type": "delete-node",
      "node": {
        "label": "matchComboBox",
        "type": "FieldRead"
      },
      "location-before-char-start": 1822,
      "location-before-char-end": 1834,
      "node-str": "matchComboBox"
    },
    {
      "type": "delete-node",
      "node": {
        "label": "\"is\"",
        "type": "Literal"
      },
      "location-before-char-start": 1844,
      "location-before-char-end": 1847,
      "node-str": "\"is\""
    },
    {
      "type": "delete-node",
      "node": {
        "label": "addItem",
        "type": "Invocation"
      },
      "location-before-char-start": 1822,
      "location-before-char-end": 1849,
      "node-str": "addItem"
    },
    {
      "type": "delete-node",
      "node": {
        "label": "org.columba.mail.gui.config.filter.plugins.AccountCriteriaRow",
        "type": "TypeAccess"
      },
      "location-before-char-start": 0,
      "location-before-char-end": 0,
      "node-str": "org.columba.mail.gui.config.filter.plugins.AccountCriteriaRow"
    },
    {
      "type": "delete-node",
      "node": {
        "label": "matchComboBox",
        "type": "FieldRead"
      },
      "location-before-char-start": 1860,
      "location-before-char-end": 1872,
      "node-str": "matchComboBox"
    },
    {
      "type": "delete-node",
      "node": {
        "label": "\"is not\"",
        "type": "Literal"
      },
      "location-before-char-start": 1882,
      "location-before-char-end": 1889,
      "node-str": "\"is not\""
    },
    {
      "type": "delete-node",
      "node": {
        "label": "addItem",
        "type": "Invocation"
      },
      "location-before-char-start": 1860,
      "location-before-char-end": 1891,
      "node-str": "addItem"
    },
    {
      "type": "delete-node",
      "node": {
        "label": "org.columba.mail.gui.config.filter.plugins.AccountCriteriaRow",
        "type": "TypeAccess"
      },
      "location-before-char-start": 0,
      "location-before-char-end": 0,
      "node-str": "org.columba.mail.gui.config.filter.plugins.AccountCriteriaRow"
    },
    {
      "type": "delete-node",
      "node": {
        "label": "accountComboBox",
        "type": "FieldWrite"
      },
      "location-before-char-start": 1904,
      "location-before-char-end": 1918,
      "node-str": "accountComboBox"
    },
    {
      "type": "delete-node",
      "node": {
        "label": "javax.swing.JComboBox()",
        "type": "ConstructorCall"
      },
      "location-before-char-start": 1922,
      "location-before-char-end": 1936,
      "node-str": "javax.swing.JComboBox()"
    },
    {
      "type": "delete-node",
      "node": {
        "label": "\u003d",
        "type": "Assignment"
      },
      "location-before-char-start": 1904,
      "location-before-char-end": 1937,
      "node-str": "\u003d"
    },
    {
      "type": "delete-node",
      "node": {
        "label": "org.columba.mail.config.AccountList",
        "type": "VARIABLE_TYPE"
      },
      "location-before-char-start": 0,
      "location-before-char-end": 0,
      "node-str": "org.columba.mail.config.AccountList"
    },
    {
      "type": "delete-node",
      "node": {
        "label": "MailInterface.config",
        "type": "TypeAccess"
      },
      "location-before-char-start": 1976,
      "location-before-char-end": 1995,
      "node-str": "MailInterface.config"
    },
    {
      "type": "delete-node",
      "node": {
        "label": "getAccountList",
        "type": "Invocation"
      },
      "location-before-char-start": 1976,
      "location-before-char-end": 2012,
      "node-str": "getAccountList"
    },
    {
      "type": "delete-node",
      "node": {
        "label": "accountList",
        "type": "LocalVariable"
      },
      "location-before-char-start": 1950,
      "location-before-char-end": 2013,
      "node-str": "accountList"
    },
    {
      "type": "delete-node",
      "node": {
        "label": "int",
        "type": "VARIABLE_TYPE"
      },
      "location-before-char-start": 0,
      "location-before-char-end": 0,
      "node-str": "int"
    },
    {
      "type": "delete-node",
      "node": {
        "label": "accountList",
        "type": "VariableRead"
      },
      "location-before-char-start": 2035,
      "location-before-char-end": 2045,
      "node-str": "accountList"
    },
    {
      "type": "delete-node",
      "node": {
        "label": "count",
        "type": "Invocation"
      },
      "location-before-char-start": 2035,
      "location-before-char-end": 2053,
      "node-str": "count"
    },
    {
      "type": "delete-node",
      "node": {
        "label": "size",
        "type": "LocalVariable"
      },
      "location-before-char-start": 2024,
      "location-before-char-end": 2054,
      "node-str": "size"
    },
    {
      "type": "delete-node",
      "node": {
        "label": "org.columba.mail.gui.config.filter.plugins.AccountCriteriaRow",
        "type": "TypeAccess"
      },
      "location-before-char-start": 0,
      "location-before-char-end": 0,
      "node-str": "org.columba.mail.gui.config.filter.plugins.AccountCriteriaRow"
    },
    {
      "type": "delete-node",
      "node": {
        "label": "org.columba.mail.gui.config.filter.plugins.AccountCriteriaRow",
        "type": "TypeAccess"
      },
      "location-before-char-start": 0,
      "location-before-char-end": 0,
      "node-str": "org.columba.mail.gui.config.filter.plugins.AccountCriteriaRow"
    },
    {
      "type": "delete-node",
      "node": {
        "label": "matchComboBox",
        "type": "FieldRead"
      },
      "location-before-char-start": 2218,
      "location-before-char-end": 2230,
      "node-str": "matchComboBox"
    },
    {
      "type": "delete-node",
      "node": {
        "label": "addComponent",
        "type": "Invocation"
      },
      "location-before-char-start": 2205,
      "location-before-char-end": 2232,
      "node-str": "addComponent"
    },
    {
      "type": "delete-node",
      "node": {
        "label": "org.columba.mail.gui.config.filter.plugins.AccountCriteriaRow",
        "type": "TypeAccess"
      },
      "location-before-char-start": 0,
      "location-before-char-end": 0,
      "node-str": "org.columba.mail.gui.config.filter.plugins.AccountCriteriaRow"
    },
    {
      "type": "delete-node",
      "node": {
        "label": "org.columba.mail.gui.config.filter.plugins.AccountCriteriaRow",
        "type": "TypeAccess"
      },
      "location-before-char-start": 0,
      "location-before-char-end": 0,
      "node-str": "org.columba.mail.gui.config.filter.plugins.AccountCriteriaRow"
    },
    {
      "type": "delete-node",
      "node": {
        "label": "accountComboBox",
        "type": "FieldRead"
      },
      "location-before-char-start": 2256,
      "location-before-char-end": 2270,
      "node-str": "accountComboBox"
    },
    {
      "type": "delete-node",
      "node": {
        "label": "addComponent",
        "type": "Invocation"
      },
      "location-before-char-start": 2243,
      "location-before-char-end": 2272,
      "node-str": "addComponent"
    },
    {
      "type": "delete-node",
      "node": {
        "label": "initComponents",
        "type": "Method"
      },
      "location-before-char-start": 1679,
      "location-before-char-end": 2279,
      "node-str": "initComponents"
    }
  ],
  "before-file": {},
  "after-file": {},
  "mapping": {}
}