{
  "tool-info": {},
  "diff": [
    {
      "type": "insert-node",
      "node": {
        "label": "public",
        "type": "Modifier"
      },
      "location-after-char-start": 0,
      "location-after-char-end": 0,
      "node-str": "public"
    },
    {
      "type": "insert-node",
      "node": {
        "label": "",
        "type": "TypeReference"
      },
      "location-after-char-start": 1951,
      "location-after-char-end": 1964,
      "node-str": ""
    },
    {
      "type": "insert-node",
      "node": {
        "label": "workbench",
        "type": "Field"
      },
      "location-after-char-start": 2005,
      "location-after-char-end": 2033,
      "node-str": "workbench"
    },
    {
      "type": "insert-node",
      "node": {
        "label": "defaultEnc",
        "type": "Field"
      },
      "location-after-char-start": 2038,
      "location-after-char-end": 2092,
      "node-str": "defaultEnc"
    },
    {
      "type": "insert-node",
      "node": {
        "label": "defaultEncodingButton",
        "type": "Field"
      },
      "location-after-char-start": 2095,
      "location-after-char-end": 2131,
      "node-str": "defaultEncodingButton"
    },
    {
      "type": "insert-node",
      "node": {
        "label": "otherEncodingButton",
        "type": "Field"
      },
      "location-after-char-start": 2134,
      "location-after-char-end": 2168,
      "node-str": "otherEncodingButton"
    },
    {
      "type": "insert-node",
      "node": {
        "label": "encodingCombo",
        "type": "Field"
      },
      "location-after-char-start": 2171,
      "location-after-char-end": 2198,
      "node-str": "encodingCombo"
    },
    {
      "type": "insert-node",
      "node": {
        "label": "editorReuseGroup",
        "type": "Field"
      },
      "location-after-char-start": 2203,
      "location-after-char-end": 2237,
      "node-str": "editorReuseGroup"
    },
    {
      "type": "insert-node",
      "node": {
        "label": "reuseEditors",
        "type": "Field"
      },
      "location-after-char-start": 2240,
      "location-after-char-end": 2267,
      "node-str": "reuseEditors"
    },
    {
      "type": "insert-node",
      "node": {
        "label": "editorReuseIndentGroup",
        "type": "Field"
      },
      "location-after-char-start": 2270,
      "location-after-char-end": 2310,
      "node-str": "editorReuseIndentGroup"
    },
    {
      "type": "insert-node",
      "node": {
        "label": "editorReuseThresholdGroup",
        "type": "Field"
      },
      "location-after-char-start": 2313,
      "location-after-char-end": 2356,
      "node-str": "editorReuseThresholdGroup"
    },
    {
      "type": "insert-node",
      "node": {
        "label": "reuseEditorsThreshold",
        "type": "Field"
      },
      "location-after-char-start": 2359,
      "location-after-char-end": 2407,
      "node-str": "reuseEditorsThreshold"
    },
    {
      "type": "insert-node",
      "node": {
        "label": "dirtyEditorReuseGroup",
        "type": "Field"
      },
      "location-after-char-start": 2411,
      "location-after-char-end": 2446,
      "node-str": "dirtyEditorReuseGroup"
    },
    {
      "type": "insert-node",
      "node": {
        "label": "openNewEditor",
        "type": "Field"
      },
      "location-after-char-start": 2451,
      "location-after-char-end": 2479,
      "node-str": "openNewEditor"
    },
    {
      "type": "insert-node",
      "node": {
        "label": "promptToReuseEditor",
        "type": "Field"
      },
      "location-after-char-start": 2482,
      "location-after-char-end": 2516,
      "node-str": "promptToReuseEditor"
    },
    {
      "type": "insert-node",
      "node": {
        "label": "recentFilesEditor",
        "type": "Field"
      },
      "location-after-char-start": 2567,
      "location-after-char-end": 2611,
      "node-str": "recentFilesEditor"
    },
    {
      "type": "insert-node",
      "node": {
        "label": "namesToConfiguration",
        "type": "Field"
      },
      "location-after-char-start": 2615,
      "location-after-char-end": 2736,
      "node-str": "namesToConfiguration"
    },
    {
      "type": "insert-node",
      "node": {
        "label": "activeAcceleratorConfigurationName",
        "type": "Field"
      },
      "location-after-char-start": 2739,
      "location-after-char-end": 2841,
      "node-str": "activeAcceleratorConfigurationName"
    },
    {
      "type": "insert-node",
      "node": {
        "label": "init",
        "type": "Method"
      },
      "location-after-char-start": 3573,
      "location-after-char-end": 3642,
      "node-str": "init"
    },
    {
      "type": "insert-node",
      "node": {
        "label": "org.eclipse.jface.preference.PreferencePage",
        "type": "SUPER_TYPE"
      },
      "location-after-char-start": 0,
      "location-after-char-end": 0,
      "node-str": "org.eclipse.jface.preference.PreferencePage"
    },
    {
      "type": "insert-node",
      "node": {
        "label": "org.eclipse.ui.IWorkbench",
        "type": "VARIABLE_TYPE"
      },
      "location-after-char-start": 0,
      "location-after-char-end": 0,
      "node-str": "org.eclipse.ui.IWorkbench"
    },
    {
      "type": "insert-node",
      "node": {
        "label": "java.lang.String",
        "type": "VARIABLE_TYPE"
      },
      "location-after-char-start": 0,
      "location-after-char-end": 0,
      "node-str": "java.lang.String"
    },
    {
      "type": "insert-node",
      "node": {
        "label": "org.eclipse.swt.widgets.Button",
        "type": "VARIABLE_TYPE"
      },
      "location-after-char-start": 0,
      "location-after-char-end": 0,
      "node-str": "org.eclipse.swt.widgets.Button"
    },
    {
      "type": "insert-node",
      "node": {
        "label": "org.eclipse.swt.widgets.Button",
        "type": "VARIABLE_TYPE"
      },
      "location-after-char-start": 0,
      "location-after-char-end": 0,
      "node-str": "org.eclipse.swt.widgets.Button"
    },
    {
      "type": "insert-node",
      "node": {
        "label": "org.eclipse.swt.widgets.Combo",
        "type": "VARIABLE_TYPE"
      },
      "location-after-char-start": 0,
      "location-after-char-end": 0,
      "node-str": "org.eclipse.swt.widgets.Combo"
    },
    {
      "type": "insert-node",
      "node": {
        "label": "org.eclipse.swt.widgets.Composite",
        "type": "VARIABLE_TYPE"
      },
      "location-after-char-start": 0,
      "location-after-char-end": 0,
      "node-str": "org.eclipse.swt.widgets.Composite"
    },
    {
      "type": "insert-node",
      "node": {
        "label": "org.eclipse.swt.widgets.Button",
        "type": "VARIABLE_TYPE"
      },
      "location-after-char-start": 0,
      "location-after-char-end": 0,
      "node-str": "org.eclipse.swt.widgets.Button"
    },
    {
      "type": "insert-node",
      "node": {
        "label": "org.eclipse.swt.widgets.Composite",
        "type": "VARIABLE_TYPE"
      },
      "location-after-char-start": 0,
      "location-after-char-end": 0,
      "node-str": "org.eclipse.swt.widgets.Composite"
    },
    {
      "type": "insert-node",
      "node": {
        "label": "org.eclipse.swt.widgets.Composite",
        "type": "VARIABLE_TYPE"
      },
      "location-after-char-start": 0,
      "location-after-char-end": 0,
      "node-str": "org.eclipse.swt.widgets.Composite"
    },
    {
      "type": "insert-node",
      "node": {
        "label": "org.eclipse.jface.preference.IntegerFieldEditor",
        "type": "VARIABLE_TYPE"
      },
      "location-after-char-start": 0,
      "location-after-char-end": 0,
      "node-str": "org.eclipse.jface.preference.IntegerFieldEditor"
    },
    {
      "type": "insert-node",
      "node": {
        "label": "org.eclipse.swt.widgets.Group",
        "type": "VARIABLE_TYPE"
      },
      "location-after-char-start": 0,
      "location-after-char-end": 0,
      "node-str": "org.eclipse.swt.widgets.Group"
    },
    {
      "type": "insert-node",
      "node": {
        "label": "org.eclipse.swt.widgets.Button",
        "type": "VARIABLE_TYPE"
      },
      "location-after-char-start": 0,
      "location-after-char-end": 0,
      "node-str": "org.eclipse.swt.widgets.Button"
    },
    {
      "type": "insert-node",
      "node": {
        "label": "org.eclipse.swt.widgets.Button",
        "type": "VARIABLE_TYPE"
      },
      "location-after-char-start": 0,
      "location-after-char-end": 0,
      "node-str": "org.eclipse.swt.widgets.Button"
    },
    {
      "type": "insert-node",
      "node": {
        "label": "org.eclipse.jface.preference.IntegerFieldEditor",
        "type": "VARIABLE_TYPE"
      },
      "location-after-char-start": 0,
      "location-after-char-end": 0,
      "node-str": "org.eclipse.jface.preference.IntegerFieldEditor"
    },
    {
      "type": "insert-node",
      "node": {
        "label": "java.util.Hashtable",
        "type": "VARIABLE_TYPE"
      },
      "location-after-char-start": 0,
      "location-after-char-end": 0,
      "node-str": "java.util.Hashtable"
    },
    {
      "type": "insert-node",
      "node": {
        "label": "java.lang.String",
        "type": "VARIABLE_TYPE"
      },
      "location-after-char-start": 0,
      "location-after-char-end": 0,
      "node-str": "java.lang.String"
    },
    {
      "type": "insert-node",
      "node": {
        "label": "void",
        "type": "RETURN_TYPE"
      },
      "location-after-char-start": 0,
      "location-after-char-end": 0,
      "node-str": "void"
    },
    {
      "type": "insert-node",
      "node": {
        "label": "public",
        "type": "Modifier"
      },
      "location-after-char-start": 0,
      "location-after-char-end": 0,
      "node-str": "public"
    },
    {
      "type": "insert-node",
      "node": {
        "label": "aWorkbench",
        "type": "Parameter"
      },
      "location-after-char-start": 3590,
      "location-after-char-end": 3610,
      "node-str": "aWorkbench"
    },
    {
      "type": "insert-node",
      "node": {
        "label": "\u003d",
        "type": "Assignment"
      },
      "location-after-char-start": 3617,
      "location-after-char-end": 3639,
      "node-str": "\u003d"
    },
    {
      "type": "insert-node",
      "node": {
        "label": "org.eclipse.ui.IWorkbench",
        "type": "VARIABLE_TYPE"
      },
      "location-after-char-start": 0,
      "location-after-char-end": 0,
      "node-str": "org.eclipse.ui.IWorkbench"
    },
    {
      "type": "insert-node",
      "node": {
        "label": "workbench",
        "type": "FieldWrite"
      },
      "location-after-char-start": 3617,
      "location-after-char-end": 3625,
      "node-str": "workbench"
    },
    {
      "type": "insert-node",
      "node": {
        "label": "aWorkbench",
        "type": "VariableRead"
      },
      "location-after-char-start": 3629,
      "location-after-char-end": 3638,
      "node-str": "aWorkbench"
    },
    {
      "type": "insert-node",
      "node": {
        "label": "org.eclipse.ui.internal.dialogs.EditorsPreferencePage",
        "type": "TypeAccess"
      },
      "location-after-char-start": 0,
      "location-after-char-end": 0,
      "node-str": "org.eclipse.ui.internal.dialogs.EditorsPreferencePage"
    },
    {
      "type": "delete-node",
      "node": {
        "label": "public",
        "type": "Modifier"
      },
      "location-before-char-start": 0,
      "location-before-char-end": 0,
      "node-str": "public"
    },
    {
      "type": "delete-node",
      "node": {
        "label": "org.eclipse.jface.preference.PreferencePage",
        "type": "SUPER_TYPE"
      },
      "location-before-char-start": 0,
      "location-before-char-end": 0,
      "node-str": "org.eclipse.jface.preference.PreferencePage"
    },
    {
      "type": "delete-node",
      "node": {
        "label": "",
        "type": "TypeReference"
      },
      "location-before-char-start": 1951,
      "location-before-char-end": 1964,
      "node-str": ""
    },
    {
      "type": "delete-node",
      "node": {
        "label": "org.eclipse.ui.IWorkbench",
        "type": "VARIABLE_TYPE"
      },
      "location-before-char-start": 0,
      "location-before-char-end": 0,
      "node-str": "org.eclipse.ui.IWorkbench"
    },
    {
      "type": "delete-node",
      "node": {
        "label": "workbench",
        "type": "Field"
      },
      "location-before-char-start": 2005,
      "location-before-char-end": 2033,
      "node-str": "workbench"
    },
    {
      "type": "delete-node",
      "node": {
        "label": "java.lang.String",
        "type": "VARIABLE_TYPE"
      },
      "location-before-char-start": 0,
      "location-before-char-end": 0,
      "node-str": "java.lang.String"
    },
    {
      "type": "delete-node",
      "node": {
        "label": "defaultEnc",
        "type": "Field"
      },
      "location-before-char-start": 2038,
      "location-before-char-end": 2092,
      "node-str": "defaultEnc"
    },
    {
      "type": "delete-node",
      "node": {
        "label": "org.eclipse.swt.widgets.Button",
        "type": "VARIABLE_TYPE"
      },
      "location-before-char-start": 0,
      "location-before-char-end": 0,
      "node-str": "org.eclipse.swt.widgets.Button"
    },
    {
      "type": "delete-node",
      "node": {
        "label": "defaultEncodingButton",
        "type": "Field"
      },
      "location-before-char-start": 2095,
      "location-before-char-end": 2131,
      "node-str": "defaultEncodingButton"
    },
    {
      "type": "delete-node",
      "node": {
        "label": "org.eclipse.swt.widgets.Button",
        "type": "VARIABLE_TYPE"
      },
      "location-before-char-start": 0,
      "location-before-char-end": 0,
      "node-str": "org.eclipse.swt.widgets.Button"
    },
    {
      "type": "delete-node",
      "node": {
        "label": "otherEncodingButton",
        "type": "Field"
      },
      "location-before-char-start": 2134,
      "location-before-char-end": 2168,
      "node-str": "otherEncodingButton"
    },
    {
      "type": "delete-node",
      "node": {
        "label": "org.eclipse.swt.widgets.Combo",
        "type": "VARIABLE_TYPE"
      },
      "location-before-char-start": 0,
      "location-before-char-end": 0,
      "node-str": "org.eclipse.swt.widgets.Combo"
    },
    {
      "type": "delete-node",
      "node": {
        "label": "encodingCombo",
        "type": "Field"
      },
      "location-before-char-start": 2171,
      "location-before-char-end": 2198,
      "node-str": "encodingCombo"
    },
    {
      "type": "delete-node",
      "node": {
        "label": "org.eclipse.swt.widgets.Combo",
        "type": "VARIABLE_TYPE"
      },
      "location-before-char-start": 0,
      "location-before-char-end": 0,
      "node-str": "org.eclipse.swt.widgets.Combo"
    },
    {
      "type": "delete-node",
      "node": {
        "label": "accelConfigCombo",
        "type": "Field"
      },
      "location-before-char-start": 2202,
      "location-before-char-end": 2232,
      "node-str": "accelConfigCombo"
    },
    {
      "type": "delete-node",
      "node": {
        "label": "org.eclipse.swt.widgets.Composite",
        "type": "VARIABLE_TYPE"
      },
      "location-before-char-start": 0,
      "location-before-char-end": 0,
      "node-str": "org.eclipse.swt.widgets.Composite"
    },
    {
      "type": "delete-node",
      "node": {
        "label": "editorReuseGroup",
        "type": "Field"
      },
      "location-before-char-start": 2236,
      "location-before-char-end": 2270,
      "node-str": "editorReuseGroup"
    },
    {
      "type": "delete-node",
      "node": {
        "label": "org.eclipse.swt.widgets.Button",
        "type": "VARIABLE_TYPE"
      },
      "location-before-char-start": 0,
      "location-before-char-end": 0,
      "node-str": "org.eclipse.swt.widgets.Button"
    },
    {
      "type": "delete-node",
      "node": {
        "label": "reuseEditors",
        "type": "Field"
      },
      "location-before-char-start": 2273,
      "location-before-char-end": 2300,
      "node-str": "reuseEditors"
    },
    {
      "type": "delete-node",
      "node": {
        "label": "org.eclipse.swt.widgets.Composite",
        "type": "VARIABLE_TYPE"
      },
      "location-before-char-start": 0,
      "location-before-char-end": 0,
      "node-str": "org.eclipse.swt.widgets.Composite"
    },
    {
      "type": "delete-node",
      "node": {
        "label": "editorReuseIndentGroup",
        "type": "Field"
      },
      "location-before-char-start": 2303,
      "location-before-char-end": 2343,
      "node-str": "editorReuseIndentGroup"
    },
    {
      "type": "delete-node",
      "node": {
        "label": "org.eclipse.swt.widgets.Composite",
        "type": "VARIABLE_TYPE"
      },
      "location-before-char-start": 0,
      "location-before-char-end": 0,
      "node-str": "org.eclipse.swt.widgets.Composite"
    },
    {
      "type": "delete-node",
      "node": {
        "label": "editorReuseThresholdGroup",
        "type": "Field"
      },
      "location-before-char-start": 2346,
      "location-before-char-end": 2389,
      "node-str": "editorReuseThresholdGroup"
    },
    {
      "type": "delete-node",
      "node": {
        "label": "org.eclipse.jface.preference.IntegerFieldEditor",
        "type": "VARIABLE_TYPE"
      },
      "location-before-char-start": 0,
      "location-before-char-end": 0,
      "node-str": "org.eclipse.jface.preference.IntegerFieldEditor"
    },
    {
      "type": "delete-node",
      "node": {
        "label": "reuseEditorsThreshold",
        "type": "Field"
      },
      "location-before-char-start": 2392,
      "location-before-char-end": 2440,
      "node-str": "reuseEditorsThreshold"
    },
    {
      "type": "delete-node",
      "node": {
        "label": "org.eclipse.swt.widgets.Group",
        "type": "VARIABLE_TYPE"
      },
      "location-before-char-start": 0,
      "location-before-char-end": 0,
      "node-str": "org.eclipse.swt.widgets.Group"
    },
    {
      "type": "delete-node",
      "node": {
        "label": "dirtyEditorReuseGroup",
        "type": "Field"
      },
      "location-before-char-start": 2444,
      "location-before-char-end": 2479,
      "node-str": "dirtyEditorReuseGroup"
    },
    {
      "type": "delete-node",
      "node": {
        "label": "org.eclipse.swt.widgets.Button",
        "type": "VARIABLE_TYPE"
      },
      "location-before-char-start": 0,
      "location-before-char-end": 0,
      "node-str": "org.eclipse.swt.widgets.Button"
    },
    {
      "type": "delete-node",
      "node": {
        "label": "openNewEditor",
        "type": "Field"
      },
      "location-before-char-start": 2484,
      "location-before-char-end": 2512,
      "node-str": "openNewEditor"
    },
    {
      "type": "delete-node",
      "node": {
        "label": "org.eclipse.swt.widgets.Button",
        "type": "VARIABLE_TYPE"
      },
      "location-before-char-start": 0,
      "location-before-char-end": 0,
      "node-str": "org.eclipse.swt.widgets.Button"
    },
    {
      "type": "delete-node",
      "node": {
        "label": "promptToReuseEditor",
        "type": "Field"
      },
      "location-before-char-start": 2515,
      "location-before-char-end": 2549,
      "node-str": "promptToReuseEditor"
    },
    {
      "type": "delete-node",
      "node": {
        "label": "org.eclipse.jface.preference.IntegerFieldEditor",
        "type": "VARIABLE_TYPE"
      },
      "location-before-char-start": 0,
      "location-before-char-end": 0,
      "node-str": "org.eclipse.jface.preference.IntegerFieldEditor"
    },
    {
      "type": "delete-node",
      "node": {
        "label": "recentFilesEditor",
        "type": "Field"
      },
      "location-before-char-start": 2600,
      "location-before-char-end": 2644,
      "node-str": "recentFilesEditor"
    },
    {
      "type": "delete-node",
      "node": {
        "label": "java.util.Hashtable",
        "type": "VARIABLE_TYPE"
      },
      "location-before-char-start": 0,
      "location-before-char-end": 0,
      "node-str": "java.util.Hashtable"
    },
    {
      "type": "delete-node",
      "node": {
        "label": "namesToConfiguration",
        "type": "Field"
      },
      "location-before-char-start": 2648,
      "location-before-char-end": 2769,
      "node-str": "namesToConfiguration"
    },
    {
      "type": "delete-node",
      "node": {
        "label": "java.lang.String",
        "type": "VARIABLE_TYPE"
      },
      "location-before-char-start": 0,
      "location-before-char-end": 0,
      "node-str": "java.lang.String"
    },
    {
      "type": "delete-node",
      "node": {
        "label": "activeAcceleratorConfigurationName",
        "type": "Field"
      },
      "location-before-char-start": 2772,
      "location-before-char-end": 2874,
      "node-str": "activeAcceleratorConfigurationName"
    },
    {
      "type": "delete-node",
      "node": {
        "label": "org.eclipse.ui.internal.dialogs.EditorsPreferencePage",
        "type": "TypeAccess"
      },
      "location-before-char-start": 0,
      "location-before-char-end": 0,
      "node-str": "org.eclipse.ui.internal.dialogs.EditorsPreferencePage"
    },
    {
      "type": "delete-node",
      "node": {
        "label": "composite",
        "type": "VariableRead"
      },
      "location-before-char-start": 3481,
      "location-before-char-end": 3489,
      "node-str": "composite"
    },
    {
      "type": "delete-node",
      "node": {
        "label": "org.eclipse.ui.internal.WorkbenchMessages",
        "type": "TypeAccess"
      },
      "location-before-char-start": 3492,
      "location-before-char-end": 3508,
      "node-str": "org.eclipse.ui.internal.WorkbenchMessages"
    },
    {
      "type": "delete-node",
      "node": {
        "label": "\"WorkbenchPreference.acceleratorConfiguration\"",
        "type": "Literal"
      },
      "location-before-char-start": 3520,
      "location-before-char-end": 3565,
      "node-str": "\"WorkbenchPreference.acceleratorConfiguration\""
    },
    {
      "type": "delete-node",
      "node": {
        "label": "getString",
        "type": "Invocation"
      },
      "location-before-char-start": 3492,
      "location-before-char-end": 3566,
      "node-str": "getString"
    },
    {
      "type": "delete-node",
      "node": {
        "label": "createAcceleratorConfigurationGroup",
        "type": "Invocation"
      },
      "location-before-char-start": 3445,
      "location-before-char-end": 3568,
      "node-str": "createAcceleratorConfigurationGroup"
    },
    {
      "type": "delete-node",
      "node": {
        "label": "org.eclipse.ui.internal.dialogs.WorkbenchPreferencePage",
        "type": "TypeAccess"
      },
      "location-before-char-start": 3573,
      "location-before-char-end": 3595,
      "node-str": "org.eclipse.ui.internal.dialogs.WorkbenchPreferencePage"
    },
    {
      "type": "delete-node",
      "node": {
        "label": "composite",
        "type": "VariableRead"
      },
      "location-before-char-start": 3609,
      "location-before-char-end": 3617,
      "node-str": "composite"
    },
    {
      "type": "delete-node",
      "node": {
        "label": "createSpace",
        "type": "Invocation"
      },
      "location-before-char-start": 3573,
      "location-before-char-end": 3619,
      "node-str": "createSpace"
    },
    {
      "type": "delete-node",
      "node": {
        "label": "void",
        "type": "RETURN_TYPE"
      },
      "location-before-char-start": 0,
      "location-before-char-end": 0,
      "node-str": "void"
    },
    {
      "type": "delete-node",
      "node": {
        "label": "public",
        "type": "Modifier"
      },
      "location-before-char-start": 0,
      "location-before-char-end": 0,
      "node-str": "public"
    },
    {
      "type": "delete-node",
      "node": {
        "label": "org.eclipse.ui.IWorkbench",
        "type": "VARIABLE_TYPE"
      },
      "location-before-char-start": 0,
      "location-before-char-end": 0,
      "node-str": "org.eclipse.ui.IWorkbench"
    },
    {
      "type": "delete-node",
      "node": {
        "label": "aWorkbench",
        "type": "Parameter"
      },
      "location-before-char-start": 3801,
      "location-before-char-end": 3821,
      "node-str": "aWorkbench"
    },
    {
      "type": "delete-node",
      "node": {
        "label": "org.eclipse.ui.internal.dialogs.EditorsPreferencePage",
        "type": "TypeAccess"
      },
      "location-before-char-start": 0,
      "location-before-char-end": 0,
      "node-str": "org.eclipse.ui.internal.dialogs.EditorsPreferencePage"
    },
    {
      "type": "delete-node",
      "node": {
        "label": "workbench",
        "type": "FieldWrite"
      },
      "location-before-char-start": 3828,
      "location-before-char-end": 3836,
      "node-str": "workbench"
    },
    {
      "type": "delete-node",
      "node": {
        "label": "aWorkbench",
        "type": "VariableRead"
      },
      "location-before-char-start": 3840,
      "location-before-char-end": 3849,
      "node-str": "aWorkbench"
    },
    {
      "type": "delete-node",
      "node": {
        "label": "\u003d",
        "type": "Assignment"
      },
      "location-before-char-start": 3828,
      "location-before-char-end": 3850,
      "node-str": "\u003d"
    },
    {
      "type": "delete-node",
      "node": {
        "label": "org.eclipse.ui.internal.dialogs.EditorsPreferencePage",
        "type": "TypeAccess"
      },
      "location-before-char-start": 0,
      "location-before-char-end": 0,
      "node-str": "org.eclipse.ui.internal.dialogs.EditorsPreferencePage"
    },
    {
      "type": "delete-node",
      "node": {
        "label": "org.eclipse.ui.internal.dialogs.EditorsPreferencePage",
        "type": "TypeAccess"
      },
      "location-before-char-start": 0,
      "location-before-char-end": 0,
      "node-str": "org.eclipse.ui.internal.dialogs.EditorsPreferencePage"
    },
    {
      "type": "delete-node",
      "node": {
        "label": "workbench",
        "type": "FieldRead"
      },
      "location-before-char-start": 3870,
      "location-before-char-end": 3878,
      "node-str": "workbench"
    },
    {
      "type": "delete-node",
      "node": {
        "label": "acceleratorInit",
        "type": "Invocation"
      },
      "location-before-char-start": 3854,
      "location-before-char-end": 3880,
      "node-str": "acceleratorInit"
    },
    {
      "type": "delete-node",
      "node": {
        "label": "init",
        "type": "Method"
      },
      "location-before-char-start": 3784,
      "location-before-char-end": 3883,
      "node-str": "init"
    },
    {
      "type": "delete-node",
      "node": {
        "label": "org.eclipse.ui.internal.dialogs.EditorsPreferencePage",
        "type": "TypeAccess"
      },
      "location-before-char-start": 0,
      "location-before-char-end": 0,
      "node-str": "org.eclipse.ui.internal.dialogs.EditorsPreferencePage"
    },
    {
      "type": "delete-node",
      "node": {
        "label": "store",
        "type": "VariableRead"
      },
      "location-before-char-start": 4030,
      "location-before-char-end": 4034,
      "node-str": "store"
    },
    {
      "type": "delete-node",
      "node": {
        "label": "acceleratorPerformDefaults",
        "type": "Invocation"
      },
      "location-before-char-start": 4003,
      "location-before-char-end": 4036,
      "node-str": "acceleratorPerformDefaults"
    },
    {
      "type": "delete-node",
      "node": {
        "label": "org.eclipse.ui.internal.dialogs.EditorsPreferencePage",
        "type": "TypeAccess"
      },
      "location-before-char-start": 0,
      "location-before-char-end": 0,
      "node-str": "org.eclipse.ui.internal.dialogs.EditorsPreferencePage"
    },
    {
      "type": "delete-node",
      "node": {
        "label": "store",
        "type": "VariableRead"
      },
      "location-before-char-start": 5289,
      "location-before-char-end": 5293,
      "node-str": "store"
    },
    {
      "type": "delete-node",
      "node": {
        "label": "acceleratorPerformOk",
        "type": "Invocation"
      },
      "location-before-char-start": 5268,
      "location-before-char-end": 5295,
      "node-str": "acceleratorPerformOk"
    },
    {
      "type": "delete-node",
      "node": {
        "label": "void",
        "type": "RETURN_TYPE"
      },
      "location-before-char-start": 0,
      "location-before-char-end": 0,
      "node-str": "void"
    },
    {
      "type": "delete-node",
      "node": {
        "label": "protected",
        "type": "Modifier"
      },
      "location-before-char-start": 0,
      "location-before-char-end": 0,
      "node-str": "protected"
    },
    {
      "type": "delete-node",
      "node": {
        "label": "org.eclipse.swt.widgets.Composite",
        "type": "VARIABLE_TYPE"
      },
      "location-before-char-start": 0,
      "location-before-char-end": 0,
      "node-str": "org.eclipse.swt.widgets.Composite"
    },
    {
      "type": "delete-node",
      "node": {
        "label": "composite",
        "type": "Parameter"
      },
      "location-before-char-start": 9573,
      "location-before-char-end": 9591,
      "node-str": "composite"
    },
    {
      "type": "delete-node",
      "node": {
        "label": "java.lang.String",
        "type": "VARIABLE_TYPE"
      },
      "location-before-char-start": 0,
      "location-before-char-end": 0,
      "node-str": "java.lang.String"
    },
    {
      "type": "delete-node",
      "node": {
        "label": "label",
        "type": "Parameter"
      },
      "location-before-char-start": 9594,
      "location-before-char-end": 9605,
      "node-str": "label"
    },
    {
      "type": "delete-node",
      "node": {
        "label": "org.eclipse.swt.graphics.Font",
        "type": "VARIABLE_TYPE"
      },
      "location-before-char-start": 0,
      "location-before-char-end": 0,
      "node-str": "org.eclipse.swt.graphics.Font"
    },
    {
      "type": "delete-node",
      "node": {
        "label": "composite",
        "type": "VariableRead"
      },
      "location-before-char-start": 9627,
      "location-before-char-end": 9635,
      "node-str": "composite"
    },
    {
      "type": "delete-node",
      "node": {
        "label": "getFont",
        "type": "Invocation"
      },
      "location-before-char-start": 9627,
      "location-before-char-end": 9645,
      "node-str": "getFont"
    },
    {
      "type": "delete-node",
      "node": {
        "label": "font",
        "type": "LocalVariable"
      },
      "location-before-char-start": 9615,
      "location-before-char-end": 9646,
      "node-str": "font"
    },
    {
      "type": "delete-node",
      "node": {
        "label": "org.eclipse.swt.widgets.Composite",
        "type": "VARIABLE_TYPE"
      },
      "location-before-char-start": 0,
      "location-before-char-end": 0,
      "node-str": "org.eclipse.swt.widgets.Composite"
    },
    {
      "type": "delete-node",
      "node": {
        "label": "composite",
        "type": "VariableRead"
      },
      "location-before-char-start": 9694,
      "location-before-char-end": 9702,
      "node-str": "composite"
    },
    {
      "type": "delete-node",
      "node": {
        "label": "org.eclipse.swt.SWT",
        "type": "TypeAccess"
      },
      "location-before-char-start": 0,
      "location-before-char-end": 0,
      "node-str": "org.eclipse.swt.SWT"
    },
    {
      "type": "delete-node",
      "node": {
        "label": "LEFT",
        "type": "FieldRead"
      },
      "location-before-char-start": 9705,
      "location-before-char-end": 9712,
      "node-str": "LEFT"
    },
    {
      "type": "delete-node",
      "node": {
        "label": "java.lang.Object()",
        "type": "ConstructorCall"
      },
      "location-before-char-start": 9680,
      "location-before-char-end": 9713,
      "node-str": "java.lang.Object()"
    },
    {
      "type": "delete-node",
      "node": {
        "label": "groupComposite",
        "type": "LocalVariable"
      },
      "location-before-char-start": 9653,
      "location-before-char-end": 9714,
      "node-str": "groupComposite"
    },
    {
      "type": "delete-node",
      "node": {
        "label": "org.eclipse.swt.layout.GridLayout",
        "type": "VARIABLE_TYPE"
      },
      "location-before-char-start": 0,
      "location-before-char-end": 0,
      "node-str": "org.eclipse.swt.layout.GridLayout"
    },
    {
      "type": "delete-node",
      "node": {
        "label": "org.eclipse.swt.layout.GridLayout()",
        "type": "ConstructorCall"
      },
      "location-before-char-start": 9738,
      "location-before-char-end": 9753,
      "node-str": "org.eclipse.swt.layout.GridLayout()"
    },
    {
      "type": "delete-node",
      "node": {
        "label": "layout",
        "type": "LocalVariable"
      },
      "location-before-char-start": 9718,
      "location-before-char-end": 9754,
      "node-str": "layout"
    },
    {
      "type": "delete-node",
      "node": {
        "label": "layout",
        "type": "VariableWrite"
      },
      "location-before-char-start": 9758,
      "location-before-char-end": 9774,
      "node-str": "layout"
    },
    {
      "type": "delete-node",
      "node": {
        "label": "numColumns",
        "type": "FieldWrite"
      },
      "location-before-char-start": 9758,
      "location-before-char-end": 9774,
      "node-str": "numColumns"
    },
    {
      "type": "delete-node",
      "node": {
        "label": "2",
        "type": "Literal"
      },
      "location-before-char-start": 9778,
      "location-before-char-end": 9778,
      "node-str": "2"
    },
    {
      "type": "delete-node",
      "node": {
        "label": "\u003d",
        "type": "Assignment"
      },
      "location-before-char-start": 9758,
      "location-before-char-end": 9779,
      "node-str": "\u003d"
    },
    {
      "type": "delete-node",
      "node": {
        "label": "layout",
        "type": "VariableWrite"
      },
      "location-before-char-start": 9783,
      "location-before-char-end": 9800,
      "node-str": "layout"
    },
    {
      "type": "delete-node",
      "node": {
        "label": "marginWidth",
        "type": "FieldWrite"
      },
      "location-before-char-start": 9783,
      "location-before-char-end": 9800,
      "node-str": "marginWidth"
    },
    {
      "type": "delete-node",
      "node": {
        "label": "0",
        "type": "Literal"
      },
      "location-before-char-start": 9804,
      "location-before-char-end": 9804,
      "node-str": "0"
    },
    {
      "type": "delete-node",
      "node": {
        "label": "\u003d",
        "type": "Assignment"
      },
      "location-before-char-start": 9783,
      "location-before-char-end": 9805,
      "node-str": "\u003d"
    },
    {
      "type": "delete-node",
      "node": {
        "label": "layout",
        "type": "VariableWrite"
      },
      "location-before-char-start": 9809,
      "location-before-char-end": 9827,
      "node-str": "layout"
    },
    {
      "type": "delete-node",
      "node": {
        "label": "marginHeight",
        "type": "FieldWrite"
      },
      "location-before-char-start": 9809,
      "location-before-char-end": 9827,
      "node-str": "marginHeight"
    },
    {
      "type": "delete-node",
      "node": {
        "label": "0",
        "type": "Literal"
      },
      "location-before-char-start": 9831,
      "location-before-char-end": 9831,
      "node-str": "0"
    },
    {
      "type": "delete-node",
      "node": {
        "label": "\u003d",
        "type": "Assignment"
      },
      "location-before-char-start": 9809,
      "location-before-char-end": 9832,
      "node-str": "\u003d"
    },
    {
      "type": "delete-node",
      "node": {
        "label": "groupComposite",
        "type": "VariableRead"
      },
      "location-before-char-start": 9836,
      "location-before-char-end": 9849,
      "node-str": "groupComposite"
    },
    {
      "type": "delete-node",
      "node": {
        "label": "layout",
        "type": "VariableRead"
      },
      "location-before-char-start": 9861,
      "location-before-char-end": 9866,
      "node-str": "layout"
    },
    {
      "type": "delete-node",
      "node": {
        "label": "setLayout",
        "type": "Invocation"
      },
      "location-before-char-start": 9836,
      "location-before-char-end": 9868,
      "node-str": "setLayout"
    },
    {
      "type": "delete-node",
      "node": {
        "label": "org.eclipse.swt.layout.GridData",
        "type": "VARIABLE_TYPE"
      },
      "location-before-char-start": 0,
      "location-before-char-end": 0,
      "node-str": "org.eclipse.swt.layout.GridData"
    },
    {
      "type": "delete-node",
      "node": {
        "label": "org.eclipse.swt.layout.GridData()",
        "type": "ConstructorCall"
      },
      "location-before-char-start": 9886,
      "location-before-char-end": 9899,
      "node-str": "org.eclipse.swt.layout.GridData()"
    },
    {
      "type": "delete-node",
      "node": {
        "label": "gd",
        "type": "LocalVariable"
      },
      "location-before-char-start": 9872,
      "location-before-char-end": 9900,
      "node-str": "gd"
    },
    {
      "type": "delete-node",
      "node": {
        "label": "gd",
        "type": "VariableWrite"
      },
      "location-before-char-start": 9904,
      "location-before-char-end": 9925,
      "node-str": "gd"
    },
    {
      "type": "delete-node",
      "node": {
        "label": "horizontalAlignment",
        "type": "FieldWrite"
      },
      "location-before-char-start": 9904,
      "location-before-char-end": 9925,
      "node-str": "horizontalAlignment"
    },
    {
      "type": "delete-node",
      "node": {
        "label": "org.eclipse.swt.layout.GridData",
        "type": "TypeAccess"
      },
      "location-before-char-start": 0,
      "location-before-char-end": 0,
      "node-str": "org.eclipse.swt.layout.GridData"
    },
    {
      "type": "delete-node",
      "node": {
        "label": "FILL",
        "type": "FieldRead"
      },
      "location-before-char-start": 9929,
      "location-before-char-end": 9941,
      "node-str": "FILL"
    },
    {
      "type": "delete-node",
      "node": {
        "label": "\u003d",
        "type": "Assignment"
      },
      "location-before-char-start": 9904,
      "location-before-char-end": 9942,
      "node-str": "\u003d"
    },
    {
      "type": "delete-node",
      "node": {
        "label": "gd",
        "type": "VariableWrite"
      },
      "location-before-char-start": 9946,
      "location-before-char-end": 9973,
      "node-str": "gd"
    },
    {
      "type": "delete-node",
      "node": {
        "label": "grabExcessHorizontalSpace",
        "type": "FieldWrite"
      },
      "location-before-char-start": 9946,
      "location-before-char-end": 9973,
      "node-str": "grabExcessHorizontalSpace"
    },
    {
      "type": "delete-node",
      "node": {
        "label": "true",
        "type": "Literal"
      },
      "location-before-char-start": 9977,
      "location-before-char-end": 9980,
      "node-str": "true"
    },
    {
      "type": "delete-node",
      "node": {
        "label": "\u003d",
        "type": "Assignment"
      },
      "location-before-char-start": 9946,
      "location-before-char-end": 9981,
      "node-str": "\u003d"
    },
    {
      "type": "delete-node",
      "node": {
        "label": "groupComposite",
        "type": "VariableRead"
      },
      "location-before-char-start": 9985,
      "location-before-char-end": 9998,
      "node-str": "groupComposite"
    },
    {
      "type": "delete-node",
      "node": {
        "label": "gd",
        "type": "VariableRead"
      },
      "location-before-char-start": 10014,
      "location-before-char-end": 10015,
      "node-str": "gd"
    },
    {
      "type": "delete-node",
      "node": {
        "label": "setLayoutData",
        "type": "Invocation"
      },
      "location-before-char-start": 9985,
      "location-before-char-end": 10017,
      "node-str": "setLayoutData"
    },
    {
      "type": "delete-node",
      "node": {
        "label": "groupComposite",
        "type": "VariableRead"
      },
      "location-before-char-start": 10021,
      "location-before-char-end": 10034,
      "node-str": "groupComposite"
    },
    {
      "type": "delete-node",
      "node": {
        "label": "font",
        "type": "VariableRead"
      },
      "location-before-char-start": 10044,
      "location-before-char-end": 10047,
      "node-str": "font"
    },
    {
      "type": "delete-node",
      "node": {
        "label": "setFont",
        "type": "Invocation"
      },
      "location-before-char-start": 10021,
      "location-before-char-end": 10049,
      "node-str": "setFont"
    },
    {
      "type": "delete-node",
      "node": {
        "label": "org.eclipse.ui.internal.dialogs.WorkbenchPreferencePage",
        "type": "TypeAccess"
      },
      "location-before-char-start": 10056,
      "location-before-char-end": 10078,
      "node-str": "org.eclipse.ui.internal.dialogs.WorkbenchPreferencePage"
    },
    {
      "type": "delete-node",
      "node": {
        "label": "groupComposite",
        "type": "VariableRead"
      },
      "location-before-char-start": 10092,
      "location-before-char-end": 10105,
      "node-str": "groupComposite"
    },
    {
      "type": "delete-node",
      "node": {
        "label": "label",
        "type": "VariableRead"
      },
      "location-before-char-start": 10108,
      "location-before-char-end": 10112,
      "node-str": "label"
    },
    {
      "type": "delete-node",
      "node": {
        "label": "createLabel",
        "type": "Invocation"
      },
      "location-before-char-start": 10056,
      "location-before-char-end": 10114,
      "node-str": "createLabel"
    },
    {
      "type": "delete-node",
      "node": {
        "label": "org.eclipse.ui.internal.dialogs.EditorsPreferencePage",
        "type": "TypeAccess"
      },
      "location-before-char-start": 0,
      "location-before-char-end": 0,
      "node-str": "org.eclipse.ui.internal.dialogs.EditorsPreferencePage"
    },
    {
      "type": "delete-node",
      "node": {
        "label": "accelConfigCombo",
        "type": "FieldWrite"
      },
      "location-before-char-start": 10118,
      "location-before-char-end": 10133,
      "node-str": "accelConfigCombo"
    },
    {
      "type": "delete-node",
      "node": {
        "label": "org.eclipse.ui.internal.dialogs.WorkbenchPreferencePage",
        "type": "TypeAccess"
      },
      "location-before-char-start": 10137,
      "location-before-char-end": 10159,
      "node-str": "org.eclipse.ui.internal.dialogs.WorkbenchPreferencePage"
    },
    {
      "type": "delete-node",
      "node": {
        "label": "groupComposite",
        "type": "VariableRead"
      },
      "location-before-char-start": 10173,
      "location-before-char-end": 10186,
      "node-str": "groupComposite"
    },
    {
      "type": "delete-node",
      "node": {
        "label": "createCombo",
        "type": "Invocation"
      },
      "location-before-char-start": 10137,
      "location-before-char-end": 10187,
      "node-str": "createCombo"
    },
    {
      "type": "delete-node",
      "node": {
        "label": "\u003d",
        "type": "Assignment"
      },
      "location-before-char-start": 10118,
      "location-before-char-end": 10188,
      "node-str": "\u003d"
    },
    {
      "type": "delete-node",
      "node": {
        "label": "org.eclipse.ui.internal.dialogs.EditorsPreferencePage",
        "type": "TypeAccess"
      },
      "location-before-char-start": 0,
      "location-before-char-end": 0,
      "node-str": "org.eclipse.ui.internal.dialogs.EditorsPreferencePage"
    },
    {
      "type": "delete-node",
      "node": {
        "label": "namesToConfiguration",
        "type": "FieldRead"
      },
      "location-before-char-start": 10196,
      "location-before-char-end": 10215,
      "node-str": "namesToConfiguration"
    },
    {
      "type": "delete-node",
      "node": {
        "label": "size",
        "type": "Invocation"
      },
      "location-before-char-start": 10196,
      "location-before-char-end": 10222,
      "node-str": "size"
    },
    {
      "type": "delete-node",
      "node": {
        "label": "0",
        "type": "Literal"
      },
      "location-before-char-start": 10226,
      "location-before-char-end": 10226,
      "node-str": "0"
    },
    {
      "type": "delete-node",
      "node": {
        "label": "GT",
        "type": "BinaryOperator"
      },
      "location-before-char-start": 10196,
      "location-before-char-end": 10226,
      "node-str": "GT"
    },
    {
      "type": "delete-node",
      "node": {
        "label": "java.lang.String[]",
        "type": "VARIABLE_TYPE"
      },
      "location-before-char-start": 0,
      "location-before-char-end": 0,
      "node-str": "java.lang.String[]"
    },
    {
      "type": "delete-node",
      "node": {
        "label": "org.eclipse.ui.internal.dialogs.EditorsPreferencePage",
        "type": "TypeAccess"
      },
      "location-before-char-start": 0,
      "location-before-char-end": 0,
      "node-str": "org.eclipse.ui.internal.dialogs.EditorsPreferencePage"
    },
    {
      "type": "delete-node",
      "node": {
        "label": "namesToConfiguration",
        "type": "FieldRead"
      },
      "location-before-char-start": 10268,
      "location-before-char-end": 10287,
      "node-str": "namesToConfiguration"
    },
    {
      "type": "delete-node",
      "node": {
        "label": "size",
        "type": "Invocation"
      },
      "location-before-char-start": 10268,
      "location-before-char-end": 10294,
      "node-str": "size"
    },
    {
      "type": "delete-node",
      "node": {
        "label": "",
        "type": "NewArray"
      },
      "location-before-char-start": 10257,
      "location-before-char-end": 10295,
      "node-str": ""
    },
    {
      "type": "delete-node",
      "node": {
        "label": "comboItems",
        "type": "LocalVariable"
      },
      "location-before-char-start": 10235,
      "location-before-char-end": 10296,
      "node-str": "comboItems"
    },
    {
      "type": "delete-node",
      "node": {
        "label": "org.eclipse.ui.internal.dialogs.EditorsPreferencePage",
        "type": "TypeAccess"
      },
      "location-before-char-start": 0,
      "location-before-char-end": 0,
      "node-str": "org.eclipse.ui.internal.dialogs.EditorsPreferencePage"
    },
    {
      "type": "delete-node",
      "node": {
        "label": "namesToConfiguration",
        "type": "FieldRead"
      },
      "location-before-char-start": 10301,
      "location-before-char-end": 10320,
      "node-str": "namesToConfiguration"
    },
    {
      "type": "delete-node",
      "node": {
        "label": "keySet",
        "type": "Invocation"
      },
      "location-before-char-start": 10301,
      "location-before-char-end": 10329,
      "node-str": "keySet"
    },
    {
      "type": "delete-node",
      "node": {
        "label": "comboItems",
        "type": "VariableRead"
      },
      "location-before-char-start": 10339,
      "location-before-char-end": 10348,
      "node-str": "comboItems"
    },
    {
      "type": "delete-node",
      "node": {
        "label": "toArray",
        "type": "Invocation"
      },
      "location-before-char-start": 10301,
      "location-before-char-end": 10350,
      "node-str": "toArray"
    },
    {
      "type": "delete-node",
      "node": {
        "label": "java.util.Arrays",
        "type": "TypeAccess"
      },
      "location-before-char-start": 10355,
      "location-before-char-end": 10360,
      "node-str": "java.util.Arrays"
    },
    {
      "type": "delete-node",
      "node": {
        "label": "comboItems",
        "type": "VariableRead"
      },
      "location-before-char-start": 10367,
      "location-before-char-end": 10376,
      "node-str": "comboItems"
    },
    {
      "type": "delete-node",
      "node": {
        "label": "java.text.Collator",
        "type": "TypeAccess"
      },
      "location-before-char-start": 10378,
      "location-before-char-end": 10385,
      "node-str": "java.text.Collator"
    },
    {
      "type": "delete-node",
      "node": {
        "label": "getInstance",
        "type": "Invocation"
      },
      "location-before-char-start": 10378,
      "location-before-char-end": 10399,
      "node-str": "getInstance"
    },
    {
      "type": "delete-node",
      "node": {
        "label": "sort",
        "type": "Invocation"
      },
      "location-before-char-start": 10355,
      "location-before-char-end": 10401,
      "node-str": "sort"
    },
    {
      "type": "delete-node",
      "node": {
        "label": "org.eclipse.ui.internal.dialogs.EditorsPreferencePage",
        "type": "TypeAccess"
      },
      "location-before-char-start": 0,
      "location-before-char-end": 0,
      "node-str": "org.eclipse.ui.internal.dialogs.EditorsPreferencePage"
    },
    {
      "type": "delete-node",
      "node": {
        "label": "accelConfigCombo",
        "type": "FieldRead"
      },
      "location-before-char-start": 10406,
      "location-before-char-end": 10421,
      "node-str": "accelConfigCombo"
    },
    {
      "type": "delete-node",
      "node": {
        "label": "comboItems",
        "type": "VariableRead"
      },
      "location-before-char-start": 10432,
      "location-before-char-end": 10441,
      "node-str": "comboItems"
    },
    {
      "type": "delete-node",
      "node": {
        "label": "setItems",
        "type": "Invocation"
      },
      "location-before-char-start": 10406,
      "location-before-char-end": 10443,
      "node-str": "setItems"
    },
    {
      "type": "delete-node",
      "node": {
        "label": "org.eclipse.ui.internal.dialogs.EditorsPreferencePage",
        "type": "TypeAccess"
      },
      "location-before-char-start": 0,
      "location-before-char-end": 0,
      "node-str": "org.eclipse.ui.internal.dialogs.EditorsPreferencePage"
    },
    {
      "type": "delete-node",
      "node": {
        "label": "activeAcceleratorConfigurationName",
        "type": "FieldRead"
      },
      "location-before-char-start": 10454,
      "location-before-char-end": 10487,
      "node-str": "activeAcceleratorConfigurationName"
    },
    {
      "type": "delete-node",
      "node": {
        "label": "null",
        "type": "Literal"
      },
      "location-before-char-start": 10492,
      "location-before-char-end": 10495,
      "node-str": "null"
    },
    {
      "type": "delete-node",
      "node": {
        "label": "NE",
        "type": "BinaryOperator"
      },
      "location-before-char-start": 10454,
      "location-before-char-end": 10495,
      "node-str": "NE"
    },
    {
      "type": "delete-node",
      "node": {
        "label": "org.eclipse.ui.internal.dialogs.EditorsPreferencePage",
        "type": "TypeAccess"
      },
      "location-before-char-start": 0,
      "location-before-char-end": 0,
      "node-str": "org.eclipse.ui.internal.dialogs.EditorsPreferencePage"
    },
    {
      "type": "delete-node",
      "node": {
        "label": "accelConfigCombo",
        "type": "FieldRead"
      },
      "location-before-char-start": 10502,
      "location-before-char-end": 10517,
      "node-str": "accelConfigCombo"
    },
    {
      "type": "delete-node",
      "node": {
        "label": "org.eclipse.ui.internal.dialogs.EditorsPreferencePage",
        "type": "TypeAccess"
      },
      "location-before-char-start": 0,
      "location-before-char-end": 0,
      "node-str": "org.eclipse.ui.internal.dialogs.EditorsPreferencePage"
    },
    {
      "type": "delete-node",
      "node": {
        "label": "accelConfigCombo",
        "type": "FieldRead"
      },
      "location-before-char-start": 10526,
      "location-before-char-end": 10541,
      "node-str": "accelConfigCombo"
    },
    {
      "type": "delete-node",
      "node": {
        "label": "org.eclipse.ui.internal.dialogs.EditorsPreferencePage",
        "type": "TypeAccess"
      },
      "location-before-char-start": 0,
      "location-before-char-end": 0,
      "node-str": "org.eclipse.ui.internal.dialogs.EditorsPreferencePage"
    },
    {
      "type": "delete-node",
      "node": {
        "label": "activeAcceleratorConfigurationName",
        "type": "FieldRead"
      },
      "location-before-char-start": 10551,
      "location-before-char-end": 10584,
      "node-str": "activeAcceleratorConfigurationName"
    },
    {
      "type": "delete-node",
      "node": {
        "label": "indexOf",
        "type": "Invocation"
      },
      "location-before-char-start": 10526,
      "location-before-char-end": 10585,
      "node-str": "indexOf"
    },
    {
      "type": "delete-node",
      "node": {
        "label": "select",
        "type": "Invocation"
      },
      "location-before-char-start": 10502,
      "location-before-char-end": 10587,
      "node-str": "select"
    },
    {
      "type": "delete-node",
      "node": {
        "label": "THEN",
        "type": "then"
      },
      "location-before-char-start": 10502,
      "location-before-char-end": 10587,
      "node-str": "THEN"
    },
    {
      "type": "delete-node",
      "node": {
        "label": "if",
        "type": "If"
      },
      "location-before-char-start": 10451,
      "location-before-char-end": 10587,
      "node-str": "if"
    },
    {
      "type": "delete-node",
      "node": {
        "label": "THEN",
        "type": "then"
      },
      "location-before-char-start": 10229,
      "location-before-char-end": 10591,
      "node-str": "THEN"
    },
    {
      "type": "delete-node",
      "node": {
        "label": "org.eclipse.ui.internal.dialogs.EditorsPreferencePage",
        "type": "TypeAccess"
      },
      "location-before-char-start": 0,
      "location-before-char-end": 0,
      "node-str": "org.eclipse.ui.internal.dialogs.EditorsPreferencePage"
    },
    {
      "type": "delete-node",
      "node": {
        "label": "accelConfigCombo",
        "type": "FieldRead"
      },
      "location-before-char-start": 10603,
      "location-before-char-end": 10618,
      "node-str": "accelConfigCombo"
    },
    {
      "type": "delete-node",
      "node": {
        "label": "false",
        "type": "Literal"
      },
      "location-before-char-start": 10631,
      "location-before-char-end": 10635,
      "node-str": "false"
    },
    {
      "type": "delete-node",
      "node": {
        "label": "setEnabled",
        "type": "Invocation"
      },
      "location-before-char-start": 10603,
      "location-before-char-end": 10637,
      "node-str": "setEnabled"
    },
    {
      "type": "delete-node",
      "node": {
        "label": "ELSE",
        "type": "else"
      },
      "location-before-char-start": 10598,
      "location-before-char-end": 10641,
      "node-str": "ELSE"
    },
    {
      "type": "delete-node",
      "node": {
        "label": "if",
        "type": "If"
      },
      "location-before-char-start": 10193,
      "location-before-char-end": 10641,
      "node-str": "if"
    },
    {
      "type": "delete-node",
      "node": {
        "label": "createAcceleratorConfigurationGroup",
        "type": "Method"
      },
      "location-before-char-start": 9399,
      "location-before-char-end": 10645,
      "node-str": "createAcceleratorConfigurationGroup"
    },
    {
      "type": "delete-node",
      "node": {
        "label": "void",
        "type": "RETURN_TYPE"
      },
      "location-before-char-start": 0,
      "location-before-char-end": 0,
      "node-str": "void"
    },
    {
      "type": "delete-node",
      "node": {
        "label": "protected",
        "type": "Modifier"
      },
      "location-before-char-start": 0,
      "location-before-char-end": 0,
      "node-str": "protected"
    },
    {
      "type": "delete-node",
      "node": {
        "label": "org.eclipse.ui.IWorkbench",
        "type": "VARIABLE_TYPE"
      },
      "location-before-char-start": 0,
      "location-before-char-end": 0,
      "node-str": "org.eclipse.ui.IWorkbench"
    },
    {
      "type": "delete-node",
      "node": {
        "label": "aWorkbench",
        "type": "Parameter"
      },
      "location-before-char-start": 10679,
      "location-before-char-end": 10699,
      "node-str": "aWorkbench"
    },
    {
      "type": "delete-node",
      "node": {
        "label": "org.eclipse.ui.internal.dialogs.EditorsPreferencePage",
        "type": "TypeAccess"
      },
      "location-before-char-start": 0,
      "location-before-char-end": 0,
      "node-str": "org.eclipse.ui.internal.dialogs.EditorsPreferencePage"
    },
    {
      "type": "delete-node",
      "node": {
        "label": "namesToConfiguration",
        "type": "FieldWrite"
      },
      "location-before-char-start": 10706,
      "location-before-char-end": 10725,
      "node-str": "namesToConfiguration"
    },
    {
      "type": "delete-node",
      "node": {
        "label": "java.util.Hashtable()",
        "type": "ConstructorCall"
      },
      "location-before-char-start": 10729,
      "location-before-char-end": 10743,
      "node-str": "java.util.Hashtable()"
    },
    {
      "type": "delete-node",
      "node": {
        "label": "\u003d",
        "type": "Assignment"
      },
      "location-before-char-start": 10706,
      "location-before-char-end": 10744,
      "node-str": "\u003d"
    },
    {
      "type": "delete-node",
      "node": {
        "label": "org.eclipse.ui.internal.WorkbenchPlugin",
        "type": "VARIABLE_TYPE"
      },
      "location-before-char-start": 0,
      "location-before-char-end": 0,
      "node-str": "org.eclipse.ui.internal.WorkbenchPlugin"
    },
    {
      "type": "delete-node",
      "node": {
        "label": "org.eclipse.ui.internal.WorkbenchPlugin",
        "type": "TypeAccess"
      },
      "location-before-char-start": 10773,
      "location-before-char-end": 10787,
      "node-str": "org.eclipse.ui.internal.WorkbenchPlugin"
    },
    {
      "type": "delete-node",
      "node": {
        "label": "getDefault",
        "type": "Invocation"
      },
      "location-before-char-start": 10773,
      "location-before-char-end": 10800,
      "node-str": "getDefault"
    },
    {
      "type": "delete-node",
      "node": {
        "label": "plugin",
        "type": "LocalVariable"
      },
      "location-before-char-start": 10748,
      "location-before-char-end": 10801,
      "node-str": "plugin"
    },
    {
      "type": "delete-node",
      "node": {
        "label": "org.eclipse.ui.internal.registry.AcceleratorRegistry",
        "type": "VARIABLE_TYPE"
      },
      "location-before-char-start": 0,
      "location-before-char-end": 0,
      "node-str": "org.eclipse.ui.internal.registry.AcceleratorRegistry"
    },
    {
      "type": "delete-node",
      "node": {
        "label": "plugin",
        "type": "VariableRead"
      },
      "location-before-char-start": 10836,
      "location-before-char-end": 10841,
      "node-str": "plugin"
    },
    {
      "type": "delete-node",
      "node": {
        "label": "getAcceleratorRegistry",
        "type": "Invocation"
      },
      "location-before-char-start": 10836,
      "location-before-char-end": 10866,
      "node-str": "getAcceleratorRegistry"
    },
    {
      "type": "delete-node",
      "node": {
        "label": "registry",
        "type": "LocalVariable"
      },
      "location-before-char-start": 10805,
      "location-before-char-end": 10867,
      "node-str": "registry"
    },
    {
      "type": "delete-node",
      "node": {
        "label": "org.eclipse.ui.internal.registry.AcceleratorConfiguration[]",
        "type": "VARIABLE_TYPE"
      },
      "location-before-char-start": 0,
      "location-before-char-end": 0,
      "node-str": "org.eclipse.ui.internal.registry.AcceleratorConfiguration[]"
    },
    {
      "type": "delete-node",
      "node": {
        "label": "registry",
        "type": "VariableRead"
      },
      "location-before-char-start": 10908,
      "location-before-char-end": 10915,
      "node-str": "registry"
    },
    {
      "type": "delete-node",
      "node": {
        "label": "getConfigsWithSets",
        "type": "Invocation"
      },
      "location-before-char-start": 10908,
      "location-before-char-end": 10936,
      "node-str": "getConfigsWithSets"
    },
    {
      "type": "delete-node",
      "node": {
        "label": "configs",
        "type": "LocalVariable"
      },
      "location-before-char-start": 10871,
      "location-before-char-end": 10937,
      "node-str": "configs"
    },
    {
      "type": "delete-node",
      "node": {
        "label": "int",
        "type": "VARIABLE_TYPE"
      },
      "location-before-char-start": 0,
      "location-before-char-end": 0,
      "node-str": "int"
    },
    {
      "type": "delete-node",
      "node": {
        "label": "0",
        "type": "Literal"
      },
      "location-before-char-start": 10954,
      "location-before-char-end": 10954,
      "node-str": "0"
    },
    {
      "type": "delete-node",
      "node": {
        "label": "i",
        "type": "LocalVariable"
      },
      "location-before-char-start": 10946,
      "location-before-char-end": 10954,
      "node-str": "i"
    },
    {
      "type": "delete-node",
      "node": {
        "label": "i",
        "type": "VariableRead"
      },
      "location-before-char-start": 10957,
      "location-before-char-end": 10957,
      "node-str": "i"
    },
    {
      "type": "delete-node",
      "node": {
        "label": "configs",
        "type": "VariableRead"
      },
      "location-before-char-start": 10961,
      "location-before-char-end": 10974,
      "node-str": "configs"
    },
    {
      "type": "delete-node",
      "node": {
        "label": "length",
        "type": "FieldRead"
      },
      "location-before-char-start": 10961,
      "location-before-char-end": 10974,
      "node-str": "length"
    },
    {
      "type": "delete-node",
      "node": {
        "label": "LT",
        "type": "BinaryOperator"
      },
      "location-before-char-start": 10957,
      "location-before-char-end": 10974,
      "node-str": "LT"
    },
    {
      "type": "delete-node",
      "node": {
        "label": "i",
        "type": "VariableWrite"
      },
      "location-before-char-start": 10977,
      "location-before-char-end": 10977,
      "node-str": "i"
    },
    {
      "type": "delete-node",
      "node": {
        "label": "POSTINC",
        "type": "UnaryOperator"
      },
      "location-before-char-start": 10977,
      "location-before-char-end": 10979,
      "node-str": "POSTINC"
    },
    {
      "type": "delete-node",
      "node": {
        "label": "org.eclipse.ui.internal.dialogs.EditorsPreferencePage",
        "type": "TypeAccess"
      },
      "location-before-char-start": 0,
      "location-before-char-end": 0,
      "node-str": "org.eclipse.ui.internal.dialogs.EditorsPreferencePage"
    },
    {
      "type": "delete-node",
      "node": {
        "label": "namesToConfiguration",
        "type": "FieldRead"
      },
      "location-before-char-start": 10985,
      "location-before-char-end": 11004,
      "node-str": "namesToConfiguration"
    },
    {
      "type": "delete-node",
      "node": {
        "label": "configs",
        "type": "VariableRead"
      },
      "location-before-char-start": 11010,
      "location-before-char-end": 11016,
      "node-str": "configs"
    },
    {
      "type": "delete-node",
      "node": {
        "label": "i",
        "type": "VariableRead"
      },
      "location-before-char-start": 11018,
      "location-before-char-end": 11018,
      "node-str": "i"
    },
    {
      "type": "delete-node",
      "node": {
        "label": "",
        "type": "ArrayRead"
      },
      "location-before-char-start": 11010,
      "location-before-char-end": 11019,
      "node-str": ""
    },
    {
      "type": "delete-node",
      "node": {
        "label": "getName",
        "type": "Invocation"
      },
      "location-before-char-start": 11010,
      "location-before-char-end": 11029,
      "node-str": "getName"
    },
    {
      "type": "delete-node",
      "node": {
        "label": "configs",
        "type": "VariableRead"
      },
      "location-before-char-start": 11032,
      "location-before-char-end": 11038,
      "node-str": "configs"
    },
    {
      "type": "delete-node",
      "node": {
        "label": "i",
        "type": "VariableRead"
      },
      "location-before-char-start": 11040,
      "location-before-char-end": 11040,
      "node-str": "i"
    },
    {
      "type": "delete-node",
      "node": {
        "label": "",
        "type": "ArrayRead"
      },
      "location-before-char-start": 11032,
      "location-before-char-end": 11041,
      "node-str": ""
    },
    {
      "type": "delete-node",
      "node": {
        "label": "put",
        "type": "Invocation"
      },
      "location-before-char-start": 10985,
      "location-before-char-end": 11043,
      "node-str": "put"
    },
    {
      "type": "delete-node",
      "node": {
        "label": "",
        "type": "For"
      },
      "location-before-char-start": 10941,
      "location-before-char-end": 11043,
      "node-str": ""
    },
    {
      "type": "delete-node",
      "node": {
        "label": "org.eclipse.ui.internal.registry.AcceleratorConfiguration",
        "type": "VARIABLE_TYPE"
      },
      "location-before-char-start": 0,
      "location-before-char-end": 0,
      "node-str": "org.eclipse.ui.internal.registry.AcceleratorConfiguration"
    },
    {
      "type": "delete-node",
      "node": {
        "label": "aWorkbench",
        "type": "VariableRead"
      },
      "location-before-char-start": 11085,
      "location-before-char-end": 11107,
      "node-str": "aWorkbench"
    },
    {
      "type": "delete-node",
      "node": {
        "label": "getActiveAcceleratorConfiguration",
        "type": "Invocation"
      },
      "location-before-char-start": 11085,
      "location-before-char-end": 11143,
      "node-str": "getActiveAcceleratorConfiguration"
    },
    {
      "type": "delete-node",
      "node": {
        "label": "config",
        "type": "LocalVariable"
      },
      "location-before-char-start": 11051,
      "location-before-char-end": 11144,
      "node-str": "config"
    },
    {
      "type": "delete-node",
      "node": {
        "label": "config",
        "type": "VariableRead"
      },
      "location-before-char-start": 11151,
      "location-before-char-end": 11156,
      "node-str": "config"
    },
    {
      "type": "delete-node",
      "node": {
        "label": "null",
        "type": "Literal"
      },
      "location-before-char-start": 11161,
      "location-before-char-end": 11164,
      "node-str": "null"
    },
    {
      "type": "delete-node",
      "node": {
        "label": "NE",
        "type": "BinaryOperator"
      },
      "location-before-char-start": 11151,
      "location-before-char-end": 11164,
      "node-str": "NE"
    },
    {
      "type": "delete-node",
      "node": {
        "label": "org.eclipse.ui.internal.dialogs.EditorsPreferencePage",
        "type": "TypeAccess"
      },
      "location-before-char-start": 0,
      "location-before-char-end": 0,
      "node-str": "org.eclipse.ui.internal.dialogs.EditorsPreferencePage"
    },
    {
      "type": "delete-node",
      "node": {
        "label": "activeAcceleratorConfigurationName",
        "type": "FieldWrite"
      },
      "location-before-char-start": 11170,
      "location-before-char-end": 11203,
      "node-str": "activeAcceleratorConfigurationName"
    },
    {
      "type": "delete-node",
      "node": {
        "label": "config",
        "type": "VariableRead"
      },
      "location-before-char-start": 11207,
      "location-before-char-end": 11212,
      "node-str": "config"
    },
    {
      "type": "delete-node",
      "node": {
        "label": "getName",
        "type": "Invocation"
      },
      "location-before-char-start": 11207,
      "location-before-char-end": 11222,
      "node-str": "getName"
    },
    {
      "type": "delete-node",
      "node": {
        "label": "\u003d",
        "type": "Assignment"
      },
      "location-before-char-start": 11170,
      "location-before-char-end": 11223,
      "node-str": "\u003d"
    },
    {
      "type": "delete-node",
      "node": {
        "label": "THEN",
        "type": "then"
      },
      "location-before-char-start": 11170,
      "location-before-char-end": 11223,
      "node-str": "THEN"
    },
    {
      "type": "delete-node",
      "node": {
        "label": "if",
        "type": "If"
      },
      "location-before-char-start": 11148,
      "location-before-char-end": 11223,
      "node-str": "if"
    },
    {
      "type": "delete-node",
      "node": {
        "label": "acceleratorInit",
        "type": "Method"
      },
      "location-before-char-start": 10648,
      "location-before-char-end": 11226,
      "node-str": "acceleratorInit"
    },
    {
      "type": "delete-node",
      "node": {
        "label": "void",
        "type": "RETURN_TYPE"
      },
      "location-before-char-start": 0,
      "location-before-char-end": 0,
      "node-str": "void"
    },
    {
      "type": "delete-node",
      "node": {
        "label": "protected",
        "type": "Modifier"
      },
      "location-before-char-start": 0,
      "location-before-char-end": 0,
      "node-str": "protected"
    },
    {
      "type": "delete-node",
      "node": {
        "label": "org.eclipse.jface.preference.IPreferenceStore",
        "type": "VARIABLE_TYPE"
      },
      "location-before-char-start": 0,
      "location-before-char-end": 0,
      "node-str": "org.eclipse.jface.preference.IPreferenceStore"
    },
    {
      "type": "delete-node",
      "node": {
        "label": "store",
        "type": "Parameter"
      },
      "location-before-char-start": 11272,
      "location-before-char-end": 11293,
      "node-str": "store"
    },
    {
      "type": "delete-node",
      "node": {
        "label": "java.lang.String",
        "type": "VARIABLE_TYPE"
      },
      "location-before-char-start": 0,
      "location-before-char-end": 0,
      "node-str": "java.lang.String"
    },
    {
      "type": "delete-node",
      "node": {
        "label": "store",
        "type": "VariableRead"
      },
      "location-before-char-start": 11391,
      "location-before-char-end": 11395,
      "node-str": "store"
    },
    {
      "type": "delete-node",
      "node": {
        "label": "IWorkbenchConstants.ACCELERATOR_CONFIGURATION_ID",
        "type": "TypeAccess"
      },
      "location-before-char-start": 11414,
      "location-before-char-end": 11461,
      "node-str": "IWorkbenchConstants.ACCELERATOR_CONFIGURATION_ID"
    },
    {
      "type": "delete-node",
      "node": {
        "label": "getDefaultString",
        "type": "Invocation"
      },
      "location-before-char-start": 11391,
      "location-before-char-end": 11462,
      "node-str": "getDefaultString"
    },
    {
      "type": "delete-node",
      "node": {
        "label": "id",
        "type": "LocalVariable"
      },
      "location-before-char-start": 11379,
      "location-before-char-end": 11463,
      "node-str": "id"
    },
    {
      "type": "delete-node",
      "node": {
        "label": "org.eclipse.ui.internal.registry.AcceleratorRegistry",
        "type": "VARIABLE_TYPE"
      },
      "location-before-char-start": 0,
      "location-before-char-end": 0,
      "node-str": "org.eclipse.ui.internal.registry.AcceleratorRegistry"
    },
    {
      "type": "delete-node",
      "node": {
        "label": "org.eclipse.ui.internal.WorkbenchPlugin",
        "type": "TypeAccess"
      },
      "location-before-char-start": 11498,
      "location-before-char-end": 11512,
      "node-str": "org.eclipse.ui.internal.WorkbenchPlugin"
    },
    {
      "type": "delete-node",
      "node": {
        "label": "getDefault",
        "type": "Invocation"
      },
      "location-before-char-start": 11498,
      "location-before-char-end": 11525,
      "node-str": "getDefault"
    },
    {
      "type": "delete-node",
      "node": {
        "label": "getAcceleratorRegistry",
        "type": "Invocation"
      },
      "location-before-char-start": 11498,
      "location-before-char-end": 11550,
      "node-str": "getAcceleratorRegistry"
    },
    {
      "type": "delete-node",
      "node": {
        "label": "registry",
        "type": "LocalVariable"
      },
      "location-before-char-start": 11467,
      "location-before-char-end": 11551,
      "node-str": "registry"
    },
    {
      "type": "delete-node",
      "node": {
        "label": "org.eclipse.ui.internal.registry.AcceleratorConfiguration",
        "type": "VARIABLE_TYPE"
      },
      "location-before-char-start": 0,
      "location-before-char-end": 0,
      "node-str": "org.eclipse.ui.internal.registry.AcceleratorConfiguration"
    },
    {
      "type": "delete-node",
      "node": {
        "label": "registry",
        "type": "VariableRead"
      },
      "location-before-char-start": 11589,
      "location-before-char-end": 11596,
      "node-str": "registry"
    },
    {
      "type": "delete-node",
      "node": {
        "label": "id",
        "type": "VariableRead"
      },
      "location-before-char-start": 11615,
      "location-before-char-end": 11616,
      "node-str": "id"
    },
    {
      "type": "delete-node",
      "node": {
        "label": "getConfiguration",
        "type": "Invocation"
      },
      "location-before-char-start": 11589,
      "location-before-char-end": 11617,
      "node-str": "getConfiguration"
    },
    {
      "type": "delete-node",
      "node": {
        "label": "config",
        "type": "LocalVariable"
      },
      "location-before-char-start": 11555,
      "location-before-char-end": 11618,
      "node-str": "config"
    },
    {
      "type": "delete-node",
      "node": {
        "label": "java.lang.String",
        "type": "VARIABLE_TYPE"
      },
      "location-before-char-start": 0,
      "location-before-char-end": 0,
      "node-str": "java.lang.String"
    },
    {
      "type": "delete-node",
      "node": {
        "label": "null",
        "type": "Literal"
      },
      "location-before-char-start": 11636,
      "location-before-char-end": 11639,
      "node-str": "null"
    },
    {
      "type": "delete-node",
      "node": {
        "label": "name",
        "type": "LocalVariable"
      },
      "location-before-char-start": 11622,
      "location-before-char-end": 11640,
      "node-str": "name"
    },
    {
      "type": "delete-node",
      "node": {
        "label": "config",
        "type": "VariableRead"
      },
      "location-before-char-start": 11647,
      "location-before-char-end": 11652,
      "node-str": "config"
    },
    {
      "type": "delete-node",
      "node": {
        "label": "null",
        "type": "Literal"
      },
      "location-before-char-start": 11657,
      "location-before-char-end": 11660,
      "node-str": "null"
    },
    {
      "type": "delete-node",
      "node": {
        "label": "NE",
        "type": "BinaryOperator"
      },
      "location-before-char-start": 11647,
      "location-before-char-end": 11660,
      "node-str": "NE"
    },
    {
      "type": "delete-node",
      "node": {
        "label": "name",
        "type": "VariableWrite"
      },
      "location-before-char-start": 11667,
      "location-before-char-end": 11670,
      "node-str": "name"
    },
    {
      "type": "delete-node",
      "node": {
        "label": "config",
        "type": "VariableRead"
      },
      "location-before-char-start": 11674,
      "location-before-char-end": 11679,
      "node-str": "config"
    },
    {
      "type": "delete-node",
      "node": {
        "label": "getName",
        "type": "Invocation"
      },
      "location-before-char-start": 11674,
      "location-before-char-end": 11689,
      "node-str": "getName"
    },
    {
      "type": "delete-node",
      "node": {
        "label": "\u003d",
        "type": "Assignment"
      },
      "location-before-char-start": 11667,
      "location-before-char-end": 11690,
      "node-str": "\u003d"
    },
    {
      "type": "delete-node",
      "node": {
        "label": "THEN",
        "type": "then"
      },
      "location-before-char-start": 11667,
      "location-before-char-end": 11690,
      "node-str": "THEN"
    },
    {
      "type": "delete-node",
      "node": {
        "label": "if",
        "type": "If"
      },
      "location-before-char-start": 11644,
      "location-before-char-end": 11690,
      "node-str": "if"
    },
    {
      "type": "delete-node",
      "node": {
        "label": "name",
        "type": "VariableRead"
      },
      "location-before-char-start": 11698,
      "location-before-char-end": 11701,
      "node-str": "name"
    },
    {
      "type": "delete-node",
      "node": {
        "label": "null",
        "type": "Literal"
      },
      "location-before-char-start": 11706,
      "location-before-char-end": 11709,
      "node-str": "null"
    },
    {
      "type": "delete-node",
      "node": {
        "label": "NE",
        "type": "BinaryOperator"
      },
      "location-before-char-start": 11697,
      "location-before-char-end": 11710,
      "node-str": "NE"
    },
    {
      "type": "delete-node",
      "node": {
        "label": "org.eclipse.ui.internal.dialogs.EditorsPreferencePage",
        "type": "TypeAccess"
      },
      "location-before-char-start": 0,
      "location-before-char-end": 0,
      "node-str": "org.eclipse.ui.internal.dialogs.EditorsPreferencePage"
    },
    {
      "type": "delete-node",
      "node": {
        "label": "accelConfigCombo",
        "type": "FieldRead"
      },
      "location-before-char-start": 11716,
      "location-before-char-end": 11731,
      "node-str": "accelConfigCombo"
    },
    {
      "type": "delete-node",
      "node": {
        "label": "null",
        "type": "Literal"
      },
      "location-before-char-start": 11736,
      "location-before-char-end": 11739,
      "node-str": "null"
    },
    {
      "type": "delete-node",
      "node": {
        "label": "NE",
        "type": "BinaryOperator"
      },
      "location-before-char-start": 11715,
      "location-before-char-end": 11740,
      "node-str": "NE"
    },
    {
      "type": "delete-node",
      "node": {
        "label": "AND",
        "type": "BinaryOperator"
      },
      "location-before-char-start": 11697,
      "location-before-char-end": 11740,
      "node-str": "AND"
    },
    {
      "type": "delete-node",
      "node": {
        "label": "org.eclipse.ui.internal.dialogs.EditorsPreferencePage",
        "type": "TypeAccess"
      },
      "location-before-char-start": 0,
      "location-before-char-end": 0,
      "node-str": "org.eclipse.ui.internal.dialogs.EditorsPreferencePage"
    },
    {
      "type": "delete-node",
      "node": {
        "label": "accelConfigCombo",
        "type": "FieldRead"
      },
      "location-before-char-start": 11746,
      "location-before-char-end": 11761,
      "node-str": "accelConfigCombo"
    },
    {
      "type": "delete-node",
      "node": {
        "label": "org.eclipse.ui.internal.dialogs.EditorsPreferencePage",
        "type": "TypeAccess"
      },
      "location-before-char-start": 0,
      "location-before-char-end": 0,
      "node-str": "org.eclipse.ui.internal.dialogs.EditorsPreferencePage"
    },
    {
      "type": "delete-node",
      "node": {
        "label": "accelConfigCombo",
        "type": "FieldRead"
      },
      "location-before-char-start": 11770,
      "location-before-char-end": 11785,
      "node-str": "accelConfigCombo"
    },
    {
      "type": "delete-node",
      "node": {
        "label": "name",
        "type": "VariableRead"
      },
      "location-before-char-start": 11795,
      "location-before-char-end": 11798,
      "node-str": "name"
    },
    {
      "type": "delete-node",
      "node": {
        "label": "indexOf",
        "type": "Invocation"
      },
      "location-before-char-start": 11770,
      "location-before-char-end": 11799,
      "node-str": "indexOf"
    },
    {
      "type": "delete-node",
      "node": {
        "label": "select",
        "type": "Invocation"
      },
      "location-before-char-start": 11746,
      "location-before-char-end": 11801,
      "node-str": "select"
    },
    {
      "type": "delete-node",
      "node": {
        "label": "THEN",
        "type": "then"
      },
      "location-before-char-start": 11746,
      "location-before-char-end": 11801,
      "node-str": "THEN"
    },
    {
      "type": "delete-node",
      "node": {
        "label": "if",
        "type": "If"
      },
      "location-before-char-start": 11694,
      "location-before-char-end": 11801,
      "node-str": "if"
    },
    {
      "type": "delete-node",
      "node": {
        "label": "acceleratorPerformDefaults",
        "type": "Method"
      },
      "location-before-char-start": 11230,
      "location-before-char-end": 11804,
      "node-str": "acceleratorPerformDefaults"
    },
    {
      "type": "delete-node",
      "node": {
        "label": "void",
        "type": "RETURN_TYPE"
      },
      "location-before-char-start": 0,
      "location-before-char-end": 0,
      "node-str": "void"
    },
    {
      "type": "delete-node",
      "node": {
        "label": "protected",
        "type": "Modifier"
      },
      "location-before-char-start": 0,
      "location-before-char-end": 0,
      "node-str": "protected"
    },
    {
      "type": "delete-node",
      "node": {
        "label": "org.eclipse.jface.preference.IPreferenceStore",
        "type": "VARIABLE_TYPE"
      },
      "location-before-char-start": 0,
      "location-before-char-end": 0,
      "node-str": "org.eclipse.jface.preference.IPreferenceStore"
    },
    {
      "type": "delete-node",
      "node": {
        "label": "store",
        "type": "Parameter"
      },
      "location-before-char-start": 11844,
      "location-before-char-end": 11865,
      "node-str": "store"
    },
    {
      "type": "delete-node",
      "node": {
        "label": "org.eclipse.ui.internal.dialogs.EditorsPreferencePage",
        "type": "TypeAccess"
      },
      "location-before-char-start": 0,
      "location-before-char-end": 0,
      "node-str": "org.eclipse.ui.internal.dialogs.EditorsPreferencePage"
    },
    {
      "type": "delete-node",
      "node": {
        "label": "accelConfigCombo",
        "type": "FieldRead"
      },
      "location-before-char-start": 11926,
      "location-before-char-end": 11941,
      "node-str": "accelConfigCombo"
    },
    {
      "type": "delete-node",
      "node": {
        "label": "null",
        "type": "Literal"
      },
      "location-before-char-start": 11946,
      "location-before-char-end": 11949,
      "node-str": "null"
    },
    {
      "type": "delete-node",
      "node": {
        "label": "NE",
        "type": "BinaryOperator"
      },
      "location-before-char-start": 11926,
      "location-before-char-end": 11949,
      "node-str": "NE"
    },
    {
      "type": "delete-node",
      "node": {
        "label": "java.lang.String",
        "type": "VARIABLE_TYPE"
      },
      "location-before-char-start": 0,
      "location-before-char-end": 0,
      "node-str": "java.lang.String"
    },
    {
      "type": "delete-node",
      "node": {
        "label": "org.eclipse.ui.internal.dialogs.EditorsPreferencePage",
        "type": "TypeAccess"
      },
      "location-before-char-start": 0,
      "location-before-char-end": 0,
      "node-str": "org.eclipse.ui.internal.dialogs.EditorsPreferencePage"
    },
    {
      "type": "delete-node",
      "node": {
        "label": "accelConfigCombo",
        "type": "FieldRead"
      },
      "location-before-char-start": 11977,
      "location-before-char-end": 11992,
      "node-str": "accelConfigCombo"
    },
    {
      "type": "delete-node",
      "node": {
        "label": "getText",
        "type": "Invocation"
      },
      "location-before-char-start": 11977,
      "location-before-char-end": 12002,
      "node-str": "getText"
    },
    {
      "type": "delete-node",
      "node": {
        "label": "configName",
        "type": "LocalVariable"
      },
      "location-before-char-start": 11957,
      "location-before-char-end": 12003,
      "node-str": "configName"
    },
    {
      "type": "delete-node",
      "node": {
        "label": "org.eclipse.ui.internal.registry.AcceleratorConfiguration",
        "type": "VARIABLE_TYPE"
      },
      "location-before-char-start": 0,
      "location-before-char-end": 0,
      "node-str": "org.eclipse.ui.internal.registry.AcceleratorConfiguration"
    },
    {
      "type": "delete-node",
      "node": {
        "label": "org.eclipse.ui.internal.dialogs.EditorsPreferencePage",
        "type": "TypeAccess"
      },
      "location-before-char-start": 0,
      "location-before-char-end": 0,
      "node-str": "org.eclipse.ui.internal.dialogs.EditorsPreferencePage"
    },
    {
      "type": "delete-node",
      "node": {
        "label": "namesToConfiguration",
        "type": "FieldRead"
      },
      "location-before-char-start": 12068,
      "location-before-char-end": 12087,
      "node-str": "namesToConfiguration"
    },
    {
      "type": "delete-node",
      "node": {
        "label": "configName",
        "type": "VariableRead"
      },
      "location-before-char-start": 12093,
      "location-before-char-end": 12102,
      "node-str": "configName"
    },
    {
      "type": "delete-node",
      "node": {
        "label": "get",
        "type": "Invocation"
      },
      "location-before-char-start": 12042,
      "location-before-char-end": 12103,
      "node-str": "get"
    },
    {
      "type": "delete-node",
      "node": {
        "label": "config",
        "type": "LocalVariable"
      },
      "location-before-char-start": 12008,
      "location-before-char-end": 12104,
      "node-str": "config"
    },
    {
      "type": "delete-node",
      "node": {
        "label": "config",
        "type": "VariableRead"
      },
      "location-before-char-start": 12112,
      "location-before-char-end": 12117,
      "node-str": "config"
    },
    {
      "type": "delete-node",
      "node": {
        "label": "null",
        "type": "Literal"
      },
      "location-before-char-start": 12122,
      "location-before-char-end": 12125,
      "node-str": "null"
    },
    {
      "type": "delete-node",
      "node": {
        "label": "NE",
        "type": "BinaryOperator"
      },
      "location-before-char-start": 12112,
      "location-before-char-end": 12125,
      "node-str": "NE"
    },
    {
      "type": "delete-node",
      "node": {
        "label": "org.eclipse.ui.internal.Workbench",
        "type": "VARIABLE_TYPE"
      },
      "location-before-char-start": 0,
      "location-before-char-end": 0,
      "node-str": "org.eclipse.ui.internal.Workbench"
    },
    {
      "type": "delete-node",
      "node": {
        "label": "org.eclipse.ui.PlatformUI",
        "type": "TypeAccess"
      },
      "location-before-char-start": 12167,
      "location-before-char-end": 12176,
      "node-str": "org.eclipse.ui.PlatformUI"
    },
    {
      "type": "delete-node",
      "node": {
        "label": "getWorkbench",
        "type": "Invocation"
      },
      "location-before-char-start": 12156,
      "location-before-char-end": 12191,
      "node-str": "getWorkbench"
    },
    {
      "type": "delete-node",
      "node": {
        "label": "workbench",
        "type": "LocalVariable"
      },
      "location-before-char-start": 12134,
      "location-before-char-end": 12192,
      "node-str": "workbench"
    },
    {
      "type": "delete-node",
      "node": {
        "label": "workbench",
        "type": "VariableRead"
      },
      "location-before-char-start": 12198,
      "location-before-char-end": 12206,
      "node-str": "workbench"
    },
    {
      "type": "delete-node",
      "node": {
        "label": "config",
        "type": "VariableRead"
      },
      "location-before-char-start": 12242,
      "location-before-char-end": 12247,
      "node-str": "config"
    },
    {
      "type": "delete-node",
      "node": {
        "label": "setActiveAcceleratorConfiguration",
        "type": "Invocation"
      },
      "location-before-char-start": 12198,
      "location-before-char-end": 12249,
      "node-str": "setActiveAcceleratorConfiguration"
    },
    {
      "type": "delete-node",
      "node": {
        "label": "store",
        "type": "VariableRead"
      },
      "location-before-char-start": 12255,
      "location-before-char-end": 12259,
      "node-str": "store"
    },
    {
      "type": "delete-node",
      "node": {
        "label": "IWorkbenchConstants.ACCELERATOR_CONFIGURATION_ID",
        "type": "TypeAccess"
      },
      "location-before-char-start": 12270,
      "location-before-char-end": 12317,
      "node-str": "IWorkbenchConstants.ACCELERATOR_CONFIGURATION_ID"
    },
    {
      "type": "delete-node",
      "node": {
        "label": "config",
        "type": "VariableRead"
      },
      "location-before-char-start": 12320,
      "location-before-char-end": 12325,
      "node-str": "config"
    },
    {
      "type": "delete-node",
      "node": {
        "label": "getId",
        "type": "Invocation"
      },
      "location-before-char-start": 12320,
      "location-before-char-end": 12333,
      "node-str": "getId"
    },
    {
      "type": "delete-node",
      "node": {
        "label": "setValue",
        "type": "Invocation"
      },
      "location-before-char-start": 12255,
      "location-before-char-end": 12335,
      "node-str": "setValue"
    },
    {
      "type": "delete-node",
      "node": {
        "label": "THEN",
        "type": "then"
      },
      "location-before-char-start": 12128,
      "location-before-char-end": 12340,
      "node-str": "THEN"
    },
    {
      "type": "delete-node",
      "node": {
        "label": "if",
        "type": "If"
      },
      "location-before-char-start": 12109,
      "location-before-char-end": 12340,
      "node-str": "if"
    },
    {
      "type": "delete-node",
      "node": {
        "label": "THEN",
        "type": "then"
      },
      "location-before-char-start": 11952,
      "location-before-char-end": 12344,
      "node-str": "THEN"
    },
    {
      "type": "delete-node",
      "node": {
        "label": "if",
        "type": "If"
      },
      "location-before-char-start": 11923,
      "location-before-char-end": 12344,
      "node-str": "if"
    },
    {
      "type": "delete-node",
      "node": {
        "label": "acceleratorPerformOk",
        "type": "Method"
      },
      "location-before-char-start": 11808,
      "location-before-char-end": 12347,
      "node-str": "acceleratorPerformOk"
    }
  ],
  "before-file": {},
  "after-file": {},
  "mapping": {}
}