{
  "tool-info": {},
  "diff": [
    {
      "type": "insert-node",
      "node": {
        "label": "public",
        "type": "Modifier"
      },
      "location-after-char-start": 1053,
      "location-after-char-end": 1059,
      "node-str": "public"
    },
    {
      "type": "insert-node",
      "node": {
        "label": "interface",
        "type": "TYPE_DECLARATION_KIND"
      },
      "location-after-char-start": 1060,
      "location-after-char-end": 1069,
      "node-str": "interface"
    },
    {
      "type": "insert-node",
      "node": {
        "label": "Drawing",
        "type": "SimpleName"
      },
      "location-after-char-start": 1070,
      "location-after-char-end": 1077,
      "node-str": "Drawing"
    },
    {
      "type": "insert-node",
      "node": {
        "label": "",
        "type": "MethodDeclaration"
      },
      "location-after-char-start": 4456,
      "location-after-char-end": 4702,
      "node-str": ""
    },
    {
      "type": "insert-node",
      "node": {
        "label": "",
        "type": "MethodDeclaration"
      },
      "location-after-char-start": 4840,
      "location-after-char-end": 5020,
      "node-str": ""
    },
    {
      "type": "insert-node",
      "node": {
        "label": "",
        "type": "MethodDeclaration"
      },
      "location-after-char-start": 5023,
      "location-after-char-end": 5457,
      "node-str": ""
    },
    {
      "type": "insert-node",
      "node": {
        "label": "",
        "type": "MethodDeclaration"
      },
      "location-after-char-start": 5460,
      "location-after-char-end": 5703,
      "node-str": ""
    },
    {
      "type": "insert-node",
      "node": {
        "label": "",
        "type": "MethodDeclaration"
      },
      "location-after-char-start": 5706,
      "location-after-char-end": 5968,
      "node-str": ""
    },
    {
      "type": "insert-node",
      "node": {
        "label": "",
        "type": "MethodDeclaration"
      },
      "location-after-char-start": 6143,
      "location-after-char-end": 6242,
      "node-str": ""
    },
    {
      "type": "insert-node",
      "node": {
        "label": "",
        "type": "MethodDeclaration"
      },
      "location-after-char-start": 6462,
      "location-after-char-end": 6577,
      "node-str": ""
    },
    {
      "type": "move-subtree",
      "node": {
        "label": "",
        "type": "Javadoc"
      },
      "location-before-char-start": 4455,
      "location-before-char-end": 4668,
      "location-after-char-start": 4456,
      "location-after-char-end": 4669,
      "node-str": ""
    },
    {
      "type": "insert-node",
      "node": {
        "label": "public",
        "type": "Modifier"
      },
      "location-after-char-start": 4671,
      "location-after-char-end": 4677,
      "node-str": "public"
    },
    {
      "type": "insert-node",
      "node": {
        "label": "void",
        "type": "PrimitiveType"
      },
      "location-after-char-start": 4678,
      "location-after-char-end": 4682,
      "node-str": "void"
    },
    {
      "type": "insert-node",
      "node": {
        "label": "add",
        "type": "SimpleName"
      },
      "location-after-char-start": 4683,
      "location-after-char-end": 4686,
      "node-str": "add"
    },
    {
      "type": "move-subtree",
      "node": {
        "label": "",
        "type": "SingleVariableDeclaration"
      },
      "location-before-char-start": 4688,
      "location-before-char-end": 4701,
      "location-after-char-start": 4687,
      "location-after-char-end": 4700,
      "node-str": ""
    },
    {
      "type": "move-subtree",
      "node": {
        "label": "",
        "type": "Javadoc"
      },
      "location-before-char-start": 4841,
      "location-before-char-end": 4978,
      "location-after-char-start": 4840,
      "location-after-char-end": 4977,
      "node-str": ""
    },
    {
      "type": "insert-node",
      "node": {
        "label": "public",
        "type": "Modifier"
      },
      "location-after-char-start": 4979,
      "location-after-char-end": 4985,
      "node-str": "public"
    },
    {
      "type": "insert-node",
      "node": {
        "label": "void",
        "type": "PrimitiveType"
      },
      "location-after-char-start": 4986,
      "location-after-char-end": 4990,
      "node-str": "void"
    },
    {
      "type": "insert-node",
      "node": {
        "label": "addAll",
        "type": "SimpleName"
      },
      "location-after-char-start": 4991,
      "location-after-char-end": 4997,
      "node-str": "addAll"
    },
    {
      "type": "move-subtree",
      "node": {
        "label": "",
        "type": "SingleVariableDeclaration"
      },
      "location-before-char-start": 5012,
      "location-before-char-end": 5032,
      "location-after-char-start": 4998,
      "location-after-char-end": 5018,
      "node-str": ""
    },
    {
      "type": "move-subtree",
      "node": {
        "label": "",
        "type": "Javadoc"
      },
      "location-before-char-start": 5037,
      "location-before-char-end": 5435,
      "location-after-char-start": 5023,
      "location-after-char-end": 5421,
      "node-str": ""
    },
    {
      "type": "insert-node",
      "node": {
        "label": "public",
        "type": "Modifier"
      },
      "location-after-char-start": 5423,
      "location-after-char-end": 5429,
      "node-str": "public"
    },
    {
      "type": "insert-node",
      "node": {
        "label": "void",
        "type": "PrimitiveType"
      },
      "location-after-char-start": 5430,
      "location-after-char-end": 5434,
      "node-str": "void"
    },
    {
      "type": "insert-node",
      "node": {
        "label": "remove",
        "type": "SimpleName"
      },
      "location-after-char-start": 5435,
      "location-after-char-end": 5441,
      "node-str": "remove"
    },
    {
      "type": "move-subtree",
      "node": {
        "label": "",
        "type": "SingleVariableDeclaration"
      },
      "location-before-char-start": 5458,
      "location-before-char-end": 5471,
      "location-after-char-start": 5442,
      "location-after-char-end": 5455,
      "node-str": ""
    },
    {
      "type": "insert-node",
      "node": {
        "label": "",
        "type": "Javadoc"
      },
      "location-after-char-start": 5460,
      "location-after-char-end": 5667,
      "node-str": ""
    },
    {
      "type": "insert-node",
      "node": {
        "label": "public",
        "type": "Modifier"
      },
      "location-after-char-start": 5669,
      "location-after-char-end": 5675,
      "node-str": "public"
    },
    {
      "type": "insert-node",
      "node": {
        "label": "void",
        "type": "PrimitiveType"
      },
      "location-after-char-start": 5676,
      "location-after-char-end": 5680,
      "node-str": "void"
    },
    {
      "type": "insert-node",
      "node": {
        "label": "orphan",
        "type": "SimpleName"
      },
      "location-after-char-start": 5681,
      "location-after-char-end": 5687,
      "node-str": "orphan"
    },
    {
      "type": "insert-node",
      "node": {
        "label": "",
        "type": "SingleVariableDeclaration"
      },
      "location-after-char-start": 5688,
      "location-after-char-end": 5701,
      "node-str": ""
    },
    {
      "type": "insert-node",
      "node": {
        "label": "",
        "type": "Javadoc"
      },
      "location-after-char-start": 5706,
      "location-after-char-end": 5931,
      "node-str": ""
    },
    {
      "type": "insert-node",
      "node": {
        "label": "public",
        "type": "Modifier"
      },
      "location-after-char-start": 5933,
      "location-after-char-end": 5939,
      "node-str": "public"
    },
    {
      "type": "insert-node",
      "node": {
        "label": "void",
        "type": "PrimitiveType"
      },
      "location-after-char-start": 5940,
      "location-after-char-end": 5944,
      "node-str": "void"
    },
    {
      "type": "insert-node",
      "node": {
        "label": "restore",
        "type": "SimpleName"
      },
      "location-after-char-start": 5945,
      "location-after-char-end": 5952,
      "node-str": "restore"
    },
    {
      "type": "move-subtree",
      "node": {
        "label": "",
        "type": "SingleVariableDeclaration"
      },
      "location-before-char-start": 5729,
      "location-before-char-end": 5742,
      "location-after-char-start": 5953,
      "location-after-char-end": 5966,
      "node-str": ""
    },
    {
      "type": "insert-node",
      "node": {
        "label": "",
        "type": "Javadoc"
      },
      "location-after-char-start": 6143,
      "location-after-char-end": 6196,
      "node-str": ""
    },
    {
      "type": "insert-node",
      "node": {
        "label": "public",
        "type": "Modifier"
      },
      "location-after-char-start": 6198,
      "location-after-char-end": 6204,
      "node-str": "public"
    },
    {
      "type": "insert-node",
      "node": {
        "label": "void",
        "type": "PrimitiveType"
      },
      "location-after-char-start": 6205,
      "location-after-char-end": 6209,
      "node-str": "void"
    },
    {
      "type": "insert-node",
      "node": {
        "label": "orphanAll",
        "type": "SimpleName"
      },
      "location-after-char-start": 6210,
      "location-after-char-end": 6219,
      "node-str": "orphanAll"
    },
    {
      "type": "move-subtree",
      "node": {
        "label": "",
        "type": "SingleVariableDeclaration"
      },
      "location-before-char-start": 6022,
      "location-before-char-end": 6042,
      "location-after-char-start": 6220,
      "location-after-char-end": 6240,
      "node-str": ""
    },
    {
      "type": "move-subtree",
      "node": {
        "label": "",
        "type": "Javadoc"
      },
      "location-before-char-start": 6264,
      "location-before-char-end": 6333,
      "location-after-char-start": 6462,
      "location-after-char-end": 6531,
      "node-str": ""
    },
    {
      "type": "insert-node",
      "node": {
        "label": "public",
        "type": "Modifier"
      },
      "location-after-char-start": 6533,
      "location-after-char-end": 6539,
      "node-str": "public"
    },
    {
      "type": "insert-node",
      "node": {
        "label": "void",
        "type": "PrimitiveType"
      },
      "location-after-char-start": 6540,
      "location-after-char-end": 6544,
      "node-str": "void"
    },
    {
      "type": "insert-node",
      "node": {
        "label": "removeAll",
        "type": "SimpleName"
      },
      "location-after-char-start": 6545,
      "location-after-char-end": 6554,
      "node-str": "removeAll"
    },
    {
      "type": "move-subtree",
      "node": {
        "label": "",
        "type": "SingleVariableDeclaration"
      },
      "location-before-char-start": 6370,
      "location-before-char-end": 6390,
      "location-after-char-start": 6555,
      "location-after-char-end": 6575,
      "node-str": ""
    },
    {
      "type": "insert-node",
      "node": {
        "label": "",
        "type": "TagElement"
      },
      "location-after-char-start": 5468,
      "location-after-char-end": 5662,
      "node-str": ""
    },
    {
      "type": "insert-node",
      "node": {
        "label": "",
        "type": "SimpleType"
      },
      "location-after-char-start": 5688,
      "location-after-char-end": 5694,
      "node-str": ""
    },
    {
      "type": "insert-node",
      "node": {
        "label": "figure",
        "type": "SimpleName"
      },
      "location-after-char-start": 5695,
      "location-after-char-end": 5701,
      "node-str": "figure"
    },
    {
      "type": "insert-node",
      "node": {
        "label": "",
        "type": "TagElement"
      },
      "location-after-char-start": 5714,
      "location-after-char-end": 5926,
      "node-str": ""
    },
    {
      "type": "insert-node",
      "node": {
        "label": "",
        "type": "TagElement"
      },
      "location-after-char-start": 6151,
      "location-after-char-end": 6191,
      "node-str": ""
    },
    {
      "type": "insert-node",
      "node": {
        "label": "Removes a figure from the figure list, but",
        "type": "TextElement"
      },
      "location-after-char-start": 5468,
      "location-after-char-end": 5510,
      "node-str": "Removes a figure from the figure list, but"
    },
    {
      "type": "insert-node",
      "node": {
        "label": "doesn\u0027t release it. Use this method to temporarily",
        "type": "TextElement"
      },
      "location-after-char-start": 5515,
      "location-after-char-end": 5565,
      "node-str": "doesn\u0027t release it. Use this method to temporarily"
    },
    {
      "type": "insert-node",
      "node": {
        "label": "manipulate a figure outside of the drawing.",
        "type": "TextElement"
      },
      "location-after-char-start": 5570,
      "location-after-char-end": 5613,
      "node-str": "manipulate a figure outside of the drawing."
    },
    {
      "type": "move-subtree",
      "node": {
        "label": "",
        "type": "TagElement"
      },
      "location-before-char-start": 5663,
      "location-before-char-end": 5702,
      "location-after-char-start": 5622,
      "location-after-char-end": 5661,
      "node-str": ""
    },
    {
      "type": "insert-node",
      "node": {
        "label": ".",
        "type": "TextElement"
      },
      "location-after-char-start": 5661,
      "location-after-char-end": 5662,
      "node-str": "."
    },
    {
      "type": "insert-node",
      "node": {
        "label": "Figure",
        "type": "SimpleName"
      },
      "location-after-char-start": 5688,
      "location-after-char-end": 5694,
      "node-str": "Figure"
    },
    {
      "type": "insert-node",
      "node": {
        "label": "adds this figure back to the drawing after it has been orphaned.  This",
        "type": "TextElement"
      },
      "location-after-char-start": 5714,
      "location-after-char-end": 5784,
      "node-str": "adds this figure back to the drawing after it has been orphaned.  This"
    },
    {
      "type": "insert-node",
      "node": {
        "label": "figure must have been orphaned from this drawing or an exception will be",
        "type": "TextElement"
      },
      "location-after-char-start": 5789,
      "location-after-char-end": 5861,
      "node-str": "figure must have been orphaned from this drawing or an exception will be"
    },
    {
      "type": "insert-node",
      "node": {
        "label": "thrown. JHDIllegalStateException extends JHDRuntimeException",
        "type": "TextElement"
      },
      "location-after-char-start": 5866,
      "location-after-char-end": 5926,
      "node-str": "thrown. JHDIllegalStateException extends JHDRuntimeException"
    },
    {
      "type": "move-subtree",
      "node": {
        "label": "",
        "type": "TagElement"
      },
      "location-before-char-start": 5953,
      "location-before-char-end": 5992,
      "location-after-char-start": 6151,
      "location-after-char-end": 6190,
      "node-str": ""
    },
    {
      "type": "insert-node",
      "node": {
        "label": ".",
        "type": "TextElement"
      },
      "location-after-char-start": 6190,
      "location-after-char-end": 6191,
      "node-str": "."
    },
    {
      "type": "delete-node",
      "node": {
        "label": "public",
        "type": "Modifier"
      },
      "location-before-char-start": 1052,
      "location-before-char-end": 1058,
      "node-str": "public"
    },
    {
      "type": "delete-node",
      "node": {
        "label": "interface",
        "type": "TYPE_DECLARATION_KIND"
      },
      "location-before-char-start": 1059,
      "location-before-char-end": 1068,
      "node-str": "interface"
    },
    {
      "type": "delete-node",
      "node": {
        "label": "Drawing",
        "type": "SimpleName"
      },
      "location-before-char-start": 1069,
      "location-before-char-end": 1076,
      "node-str": "Drawing"
    },
    {
      "type": "delete-node",
      "node": {
        "label": "public",
        "type": "Modifier"
      },
      "location-before-char-start": 4670,
      "location-before-char-end": 4676,
      "node-str": "public"
    },
    {
      "type": "delete-node",
      "node": {
        "label": "Figure",
        "type": "SimpleName"
      },
      "location-before-char-start": 4677,
      "location-before-char-end": 4683,
      "node-str": "Figure"
    },
    {
      "type": "delete-node",
      "node": {
        "label": "",
        "type": "SimpleType"
      },
      "location-before-char-start": 4677,
      "location-before-char-end": 4683,
      "node-str": ""
    },
    {
      "type": "delete-node",
      "node": {
        "label": "add",
        "type": "SimpleName"
      },
      "location-before-char-start": 4684,
      "location-before-char-end": 4687,
      "node-str": "add"
    },
    {
      "type": "delete-node",
      "node": {
        "label": "",
        "type": "MethodDeclaration"
      },
      "location-before-char-start": 4455,
      "location-before-char-end": 4703,
      "node-str": ""
    },
    {
      "type": "delete-node",
      "node": {
        "label": "public",
        "type": "Modifier"
      },
      "location-before-char-start": 4980,
      "location-before-char-end": 4986,
      "node-str": "public"
    },
    {
      "type": "delete-node",
      "node": {
        "label": "FigureEnumeration",
        "type": "SimpleName"
      },
      "location-before-char-start": 4987,
      "location-before-char-end": 5004,
      "node-str": "FigureEnumeration"
    },
    {
      "type": "delete-node",
      "node": {
        "label": "",
        "type": "SimpleType"
      },
      "location-before-char-start": 4987,
      "location-before-char-end": 5004,
      "node-str": ""
    },
    {
      "type": "delete-node",
      "node": {
        "label": "addAll",
        "type": "SimpleName"
      },
      "location-before-char-start": 5005,
      "location-before-char-end": 5011,
      "node-str": "addAll"
    },
    {
      "type": "delete-node",
      "node": {
        "label": "",
        "type": "MethodDeclaration"
      },
      "location-before-char-start": 4841,
      "location-before-char-end": 5034,
      "node-str": ""
    },
    {
      "type": "delete-node",
      "node": {
        "label": "public",
        "type": "Modifier"
      },
      "location-before-char-start": 5437,
      "location-before-char-end": 5443,
      "node-str": "public"
    },
    {
      "type": "delete-node",
      "node": {
        "label": "Figure",
        "type": "SimpleName"
      },
      "location-before-char-start": 5444,
      "location-before-char-end": 5450,
      "node-str": "Figure"
    },
    {
      "type": "delete-node",
      "node": {
        "label": "",
        "type": "SimpleType"
      },
      "location-before-char-start": 5444,
      "location-before-char-end": 5450,
      "node-str": ""
    },
    {
      "type": "delete-node",
      "node": {
        "label": "remove",
        "type": "SimpleName"
      },
      "location-before-char-start": 5451,
      "location-before-char-end": 5457,
      "node-str": "remove"
    },
    {
      "type": "delete-node",
      "node": {
        "label": "",
        "type": "MethodDeclaration"
      },
      "location-before-char-start": 5037,
      "location-before-char-end": 5473,
      "node-str": ""
    },
    {
      "type": "delete-node",
      "node": {
        "label": "Removes a figure from the figure list, but",
        "type": "TextElement"
      },
      "location-before-char-start": 5484,
      "location-before-char-end": 5526,
      "node-str": "Removes a figure from the figure list, but"
    },
    {
      "type": "delete-node",
      "node": {
        "label": "doesn\u0027t release it. Use this method to temporarily",
        "type": "TextElement"
      },
      "location-before-char-start": 5531,
      "location-before-char-end": 5581,
      "node-str": "doesn\u0027t release it. Use this method to temporarily"
    },
    {
      "type": "delete-node",
      "node": {
        "label": "manipulate a figure outside of the drawing.",
        "type": "TextElement"
      },
      "location-before-char-start": 5586,
      "location-before-char-end": 5629,
      "node-str": "manipulate a figure outside of the drawing."
    },
    {
      "type": "delete-node",
      "node": {
        "label": "Preferred way is to call ",
        "type": "TextElement"
      },
      "location-before-char-start": 5638,
      "location-before-char-end": 5663,
      "node-str": "Preferred way is to call "
    },
    {
      "type": "delete-node",
      "node": {
        "label": ".",
        "type": "TextElement"
      },
      "location-before-char-start": 5702,
      "location-before-char-end": 5703,
      "node-str": "."
    },
    {
      "type": "delete-node",
      "node": {
        "label": "",
        "type": "TagElement"
      },
      "location-before-char-start": 5484,
      "location-before-char-end": 5703,
      "node-str": ""
    },
    {
      "type": "delete-node",
      "node": {
        "label": "",
        "type": "Javadoc"
      },
      "location-before-char-start": 5476,
      "location-before-char-end": 5708,
      "node-str": ""
    },
    {
      "type": "delete-node",
      "node": {
        "label": "public",
        "type": "Modifier"
      },
      "location-before-char-start": 5710,
      "location-before-char-end": 5716,
      "node-str": "public"
    },
    {
      "type": "delete-node",
      "node": {
        "label": "void",
        "type": "PrimitiveType"
      },
      "location-before-char-start": 5717,
      "location-before-char-end": 5721,
      "node-str": "void"
    },
    {
      "type": "delete-node",
      "node": {
        "label": "orphan",
        "type": "SimpleName"
      },
      "location-before-char-start": 5722,
      "location-before-char-end": 5728,
      "node-str": "orphan"
    },
    {
      "type": "delete-node",
      "node": {
        "label": "",
        "type": "MethodDeclaration"
      },
      "location-before-char-start": 5476,
      "location-before-char-end": 5744,
      "node-str": ""
    },
    {
      "type": "delete-node",
      "node": {
        "label": "Preferred way is to call ",
        "type": "TextElement"
      },
      "location-before-char-start": 5928,
      "location-before-char-end": 5953,
      "node-str": "Preferred way is to call "
    },
    {
      "type": "delete-node",
      "node": {
        "label": ".",
        "type": "TextElement"
      },
      "location-before-char-start": 5992,
      "location-before-char-end": 5993,
      "node-str": "."
    },
    {
      "type": "delete-node",
      "node": {
        "label": "",
        "type": "TagElement"
      },
      "location-before-char-start": 5928,
      "location-before-char-end": 5993,
      "node-str": ""
    },
    {
      "type": "delete-node",
      "node": {
        "label": "",
        "type": "Javadoc"
      },
      "location-before-char-start": 5920,
      "location-before-char-end": 5998,
      "node-str": ""
    },
    {
      "type": "delete-node",
      "node": {
        "label": "public",
        "type": "Modifier"
      },
      "location-before-char-start": 6000,
      "location-before-char-end": 6006,
      "node-str": "public"
    },
    {
      "type": "delete-node",
      "node": {
        "label": "void",
        "type": "PrimitiveType"
      },
      "location-before-char-start": 6007,
      "location-before-char-end": 6011,
      "node-str": "void"
    },
    {
      "type": "delete-node",
      "node": {
        "label": "orphanAll",
        "type": "SimpleName"
      },
      "location-before-char-start": 6012,
      "location-before-char-end": 6021,
      "node-str": "orphanAll"
    },
    {
      "type": "delete-node",
      "node": {
        "label": "",
        "type": "MethodDeclaration"
      },
      "location-before-char-start": 5920,
      "location-before-char-end": 6044,
      "node-str": ""
    },
    {
      "type": "delete-node",
      "node": {
        "label": "public",
        "type": "Modifier"
      },
      "location-before-char-start": 6335,
      "location-before-char-end": 6341,
      "node-str": "public"
    },
    {
      "type": "delete-node",
      "node": {
        "label": "FigureEnumeration",
        "type": "SimpleName"
      },
      "location-before-char-start": 6342,
      "location-before-char-end": 6359,
      "node-str": "FigureEnumeration"
    },
    {
      "type": "delete-node",
      "node": {
        "label": "",
        "type": "SimpleType"
      },
      "location-before-char-start": 6342,
      "location-before-char-end": 6359,
      "node-str": ""
    },
    {
      "type": "delete-node",
      "node": {
        "label": "removeAll",
        "type": "SimpleName"
      },
      "location-before-char-start": 6360,
      "location-before-char-end": 6369,
      "node-str": "removeAll"
    },
    {
      "type": "delete-node",
      "node": {
        "label": "",
        "type": "MethodDeclaration"
      },
      "location-before-char-start": 6264,
      "location-before-char-end": 6392,
      "node-str": ""
    }
  ],
  "before-file": {},
  "after-file": {},
  "mapping": {}
}