{
  "tool-info": {},
  "diff": [
    {
      "type": "insert-node",
      "node": {
        "label": "delayedVetoableChange",
        "type": "Method"
      },
      "location-after-char-start": 11406,
      "location-after-char-end": 11759,
      "node-str": "delayedVetoableChange"
    },
    {
      "type": "insert-node",
      "node": {
        "label": "propertySet",
        "type": "Method"
      },
      "location-after-char-start": 16032,
      "location-after-char-end": 16418,
      "node-str": "propertySet"
    },
    {
      "type": "insert-node",
      "node": {
        "label": "listRoleItemSet",
        "type": "Method"
      },
      "location-after-char-start": 16421,
      "location-after-char-end": 16566,
      "node-str": "listRoleItemSet"
    },
    {
      "type": "insert-node",
      "node": {
        "label": "recovered",
        "type": "Method"
      },
      "location-after-char-start": 16569,
      "location-after-char-end": 16708,
      "node-str": "recovered"
    },
    {
      "type": "insert-node",
      "node": {
        "label": "removed",
        "type": "Method"
      },
      "location-after-char-start": 16711,
      "location-after-char-end": 16996,
      "node-str": "removed"
    },
    {
      "type": "insert-node",
      "node": {
        "label": "roleAdded",
        "type": "Method"
      },
      "location-after-char-start": 16999,
      "location-after-char-end": 17132,
      "node-str": "roleAdded"
    },
    {
      "type": "insert-node",
      "node": {
        "label": "roleRemoved",
        "type": "Method"
      },
      "location-after-char-start": 17135,
      "location-after-char-end": 17272,
      "node-str": "roleRemoved"
    },
    {
      "type": "insert-node",
      "node": {
        "label": "void",
        "type": "RETURN_TYPE"
      },
      "location-after-char-start": 0,
      "location-after-char-end": 0,
      "node-str": "void"
    },
    {
      "type": "insert-node",
      "node": {
        "label": "public",
        "type": "Modifier"
      },
      "location-after-char-start": 0,
      "location-after-char-end": 0,
      "node-str": "public"
    },
    {
      "type": "insert-node",
      "node": {
        "label": "pce",
        "type": "Parameter"
      },
      "location-after-char-start": 11440,
      "location-after-char-end": 11462,
      "node-str": "pce"
    },
    {
      "type": "insert-node",
      "node": {
        "label": "src",
        "type": "LocalVariable"
      },
      "location-after-char-start": 11471,
      "location-after-char-end": 11499,
      "node-str": "src"
    },
    {
      "type": "insert-node",
      "node": {
        "label": "startTrans",
        "type": "Invocation"
      },
      "location-after-char-start": 11505,
      "location-after-char-end": 11517,
      "node-str": "startTrans"
    },
    {
      "type": "insert-node",
      "node": {
        "label": "modelChanged",
        "type": "Invocation"
      },
      "location-after-char-start": 11567,
      "location-after-char-end": 11585,
      "node-str": "modelChanged"
    },
    {
      "type": "insert-node",
      "node": {
        "label": "bbox",
        "type": "LocalVariable"
      },
      "location-after-char-start": 11655,
      "location-after-char-end": 11683,
      "node-str": "bbox"
    },
    {
      "type": "insert-node",
      "node": {
        "label": "setBounds",
        "type": "Invocation"
      },
      "location-after-char-start": 11689,
      "location-after-char-end": 11739,
      "node-str": "setBounds"
    },
    {
      "type": "insert-node",
      "node": {
        "label": "endTrans",
        "type": "Invocation"
      },
      "location-after-char-start": 11745,
      "location-after-char-end": 11755,
      "node-str": "endTrans"
    },
    {
      "type": "insert-node",
      "node": {
        "label": "e",
        "type": "Parameter"
      },
      "location-after-char-start": 14376,
      "location-after-char-end": 14390,
      "node-str": "e"
    },
    {
      "type": "insert-node",
      "node": {
        "label": "if",
        "type": "If"
      },
      "location-after-char-start": 14401,
      "location-after-char-end": 14503,
      "node-str": "if"
    },
    {
      "type": "insert-node",
      "node": {
        "label": "void",
        "type": "RETURN_TYPE"
      },
      "location-after-char-start": 0,
      "location-after-char-end": 0,
      "node-str": "void"
    },
    {
      "type": "insert-node",
      "node": {
        "label": "public",
        "type": "Modifier"
      },
      "location-after-char-start": 0,
      "location-after-char-end": 0,
      "node-str": "public"
    },
    {
      "type": "insert-node",
      "node": {
        "label": "mee",
        "type": "Parameter"
      },
      "location-after-char-start": 16056,
      "location-after-char-end": 16072,
      "node-str": "mee"
    },
    {
      "type": "insert-node",
      "node": {
        "label": "modelChanged",
        "type": "Invocation"
      },
      "location-after-char-start": 16380,
      "location-after-char-end": 16397,
      "node-str": "modelChanged"
    },
    {
      "type": "insert-node",
      "node": {
        "label": "damage",
        "type": "Invocation"
      },
      "location-after-char-start": 16407,
      "location-after-char-end": 16415,
      "node-str": "damage"
    },
    {
      "type": "insert-node",
      "node": {
        "label": "void",
        "type": "RETURN_TYPE"
      },
      "location-after-char-start": 0,
      "location-after-char-end": 0,
      "node-str": "void"
    },
    {
      "type": "insert-node",
      "node": {
        "label": "public",
        "type": "Modifier"
      },
      "location-after-char-start": 0,
      "location-after-char-end": 0,
      "node-str": "public"
    },
    {
      "type": "insert-node",
      "node": {
        "label": "mee",
        "type": "Parameter"
      },
      "location-after-char-start": 16449,
      "location-after-char-end": 16465,
      "node-str": "mee"
    },
    {
      "type": "insert-node",
      "node": {
        "label": "modelChanged",
        "type": "Invocation"
      },
      "location-after-char-start": 16531,
      "location-after-char-end": 16548,
      "node-str": "modelChanged"
    },
    {
      "type": "insert-node",
      "node": {
        "label": "damage",
        "type": "Invocation"
      },
      "location-after-char-start": 16555,
      "location-after-char-end": 16563,
      "node-str": "damage"
    },
    {
      "type": "insert-node",
      "node": {
        "label": "void",
        "type": "RETURN_TYPE"
      },
      "location-after-char-start": 0,
      "location-after-char-end": 0,
      "node-str": "void"
    },
    {
      "type": "insert-node",
      "node": {
        "label": "public",
        "type": "Modifier"
      },
      "location-after-char-start": 0,
      "location-after-char-end": 0,
      "node-str": "public"
    },
    {
      "type": "insert-node",
      "node": {
        "label": "mee",
        "type": "Parameter"
      },
      "location-after-char-start": 16591,
      "location-after-char-end": 16607,
      "node-str": "mee"
    },
    {
      "type": "insert-node",
      "node": {
        "label": "modelChanged",
        "type": "Invocation"
      },
      "location-after-char-start": 16670,
      "location-after-char-end": 16687,
      "node-str": "modelChanged"
    },
    {
      "type": "insert-node",
      "node": {
        "label": "damage",
        "type": "Invocation"
      },
      "location-after-char-start": 16697,
      "location-after-char-end": 16705,
      "node-str": "damage"
    },
    {
      "type": "insert-node",
      "node": {
        "label": "void",
        "type": "RETURN_TYPE"
      },
      "location-after-char-start": 0,
      "location-after-char-end": 0,
      "node-str": "void"
    },
    {
      "type": "insert-node",
      "node": {
        "label": "public",
        "type": "Modifier"
      },
      "location-after-char-start": 0,
      "location-after-char-end": 0,
      "node-str": "public"
    },
    {
      "type": "insert-node",
      "node": {
        "label": "mee",
        "type": "Parameter"
      },
      "location-after-char-start": 16731,
      "location-after-char-end": 16747,
      "node-str": "mee"
    },
    {
      "type": "insert-node",
      "node": {
        "label": "debug",
        "type": "Invocation"
      },
      "location-after-char-start": 16754,
      "location-after-char-end": 16788,
      "node-str": "debug"
    },
    {
      "type": "insert-node",
      "node": {
        "label": "if",
        "type": "If"
      },
      "location-after-char-start": 16846,
      "location-after-char-end": 16980,
      "node-str": "if"
    },
    {
      "type": "insert-node",
      "node": {
        "label": "void",
        "type": "RETURN_TYPE"
      },
      "location-after-char-start": 0,
      "location-after-char-end": 0,
      "node-str": "void"
    },
    {
      "type": "insert-node",
      "node": {
        "label": "public",
        "type": "Modifier"
      },
      "location-after-char-start": 0,
      "location-after-char-end": 0,
      "node-str": "public"
    },
    {
      "type": "insert-node",
      "node": {
        "label": "mee",
        "type": "Parameter"
      },
      "location-after-char-start": 17021,
      "location-after-char-end": 17037,
      "node-str": "mee"
    },
    {
      "type": "insert-node",
      "node": {
        "label": "modelChanged",
        "type": "Invocation"
      },
      "location-after-char-start": 17097,
      "location-after-char-end": 17114,
      "node-str": "modelChanged"
    },
    {
      "type": "insert-node",
      "node": {
        "label": "damage",
        "type": "Invocation"
      },
      "location-after-char-start": 17121,
      "location-after-char-end": 17129,
      "node-str": "damage"
    },
    {
      "type": "insert-node",
      "node": {
        "label": "void",
        "type": "RETURN_TYPE"
      },
      "location-after-char-start": 0,
      "location-after-char-end": 0,
      "node-str": "void"
    },
    {
      "type": "insert-node",
      "node": {
        "label": "public",
        "type": "Modifier"
      },
      "location-after-char-start": 0,
      "location-after-char-end": 0,
      "node-str": "public"
    },
    {
      "type": "insert-node",
      "node": {
        "label": "mee",
        "type": "Parameter"
      },
      "location-after-char-start": 17159,
      "location-after-char-end": 17175,
      "node-str": "mee"
    },
    {
      "type": "insert-node",
      "node": {
        "label": "modelChanged",
        "type": "Invocation"
      },
      "location-after-char-start": 17237,
      "location-after-char-end": 17254,
      "node-str": "modelChanged"
    },
    {
      "type": "insert-node",
      "node": {
        "label": "damage",
        "type": "Invocation"
      },
      "location-after-char-start": 17261,
      "location-after-char-end": 17269,
      "node-str": "damage"
    },
    {
      "type": "insert-node",
      "node": {
        "label": "java.beans.PropertyChangeEvent",
        "type": "VARIABLE_TYPE"
      },
      "location-after-char-start": 0,
      "location-after-char-end": 0,
      "node-str": "java.beans.PropertyChangeEvent"
    },
    {
      "type": "insert-node",
      "node": {
        "label": "java.lang.Object",
        "type": "VARIABLE_TYPE"
      },
      "location-after-char-start": 0,
      "location-after-char-end": 0,
      "node-str": "java.lang.Object"
    },
    {
      "type": "insert-node",
      "node": {
        "label": "getSource",
        "type": "Invocation"
      },
      "location-after-char-start": 11484,
      "location-after-char-end": 11498,
      "node-str": "getSource"
    },
    {
      "type": "insert-node",
      "node": {
        "label": "org.argouml.uml.diagram.ui.FigEdgeModelElement",
        "type": "TypeAccess"
      },
      "location-after-char-start": 0,
      "location-after-char-end": 0,
      "node-str": "org.argouml.uml.diagram.ui.FigEdgeModelElement"
    },
    {
      "type": "insert-node",
      "node": {
        "label": "org.argouml.uml.diagram.ui.FigEdgeModelElement",
        "type": "TypeAccess"
      },
      "location-after-char-start": 0,
      "location-after-char-end": 0,
      "node-str": "org.argouml.uml.diagram.ui.FigEdgeModelElement"
    },
    {
      "type": "insert-node",
      "node": {
        "label": "null",
        "type": "Literal"
      },
      "location-after-char-start": 11580,
      "location-after-char-end": 11583,
      "node-str": "null"
    },
    {
      "type": "insert-node",
      "node": {
        "label": "java.awt.Rectangle",
        "type": "VARIABLE_TYPE"
      },
      "location-after-char-start": 0,
      "location-after-char-end": 0,
      "node-str": "java.awt.Rectangle"
    },
    {
      "type": "insert-node",
      "node": {
        "label": "getBounds",
        "type": "Invocation"
      },
      "location-after-char-start": 11672,
      "location-after-char-end": 11682,
      "node-str": "getBounds"
    },
    {
      "type": "insert-node",
      "node": {
        "label": "org.argouml.uml.diagram.ui.FigEdgeModelElement",
        "type": "TypeAccess"
      },
      "location-after-char-start": 0,
      "location-after-char-end": 0,
      "node-str": "org.argouml.uml.diagram.ui.FigEdgeModelElement"
    },
    {
      "type": "insert-node",
      "node": {
        "label": "x",
        "type": "FieldRead"
      },
      "location-after-char-start": 11699,
      "location-after-char-end": 11704,
      "node-str": "x"
    },
    {
      "type": "insert-node",
      "node": {
        "label": "y",
        "type": "FieldRead"
      },
      "location-after-char-start": 11707,
      "location-after-char-end": 11712,
      "node-str": "y"
    },
    {
      "type": "insert-node",
      "node": {
        "label": "width",
        "type": "FieldRead"
      },
      "location-after-char-start": 11715,
      "location-after-char-end": 11724,
      "node-str": "width"
    },
    {
      "type": "insert-node",
      "node": {
        "label": "height",
        "type": "FieldRead"
      },
      "location-after-char-start": 11727,
      "location-after-char-end": 11737,
      "node-str": "height"
    },
    {
      "type": "insert-node",
      "node": {
        "label": "org.argouml.uml.diagram.ui.FigEdgeModelElement",
        "type": "TypeAccess"
      },
      "location-after-char-start": 0,
      "location-after-char-end": 0,
      "node-str": "org.argouml.uml.diagram.ui.FigEdgeModelElement"
    },
    {
      "type": "insert-node",
      "node": {
        "label": "ru.novosoft.uml.MElementEvent",
        "type": "VARIABLE_TYPE"
      },
      "location-after-char-start": 0,
      "location-after-char-end": 0,
      "node-str": "ru.novosoft.uml.MElementEvent"
    },
    {
      "type": "insert-node",
      "node": {
        "label": "OR",
        "type": "BinaryOperator"
      },
      "location-after-char-start": 14405,
      "location-after-char-end": 14476,
      "node-str": "OR"
    },
    {
      "type": "insert-node",
      "node": {
        "label": "THEN",
        "type": "then"
      },
      "location-after-char-start": 14487,
      "location-after-char-end": 14503,
      "node-str": "THEN"
    },
    {
      "type": "insert-node",
      "node": {
        "label": "ru.novosoft.uml.MElementEvent",
        "type": "VARIABLE_TYPE"
      },
      "location-after-char-start": 0,
      "location-after-char-end": 0,
      "node-str": "ru.novosoft.uml.MElementEvent"
    },
    {
      "type": "insert-node",
      "node": {
        "label": "org.argouml.uml.diagram.ui.FigEdgeModelElement",
        "type": "TypeAccess"
      },
      "location-after-char-start": 0,
      "location-after-char-end": 0,
      "node-str": "org.argouml.uml.diagram.ui.FigEdgeModelElement"
    },
    {
      "type": "insert-node",
      "node": {
        "label": "mee",
        "type": "VariableRead"
      },
      "location-after-char-start": 16393,
      "location-after-char-end": 16395,
      "node-str": "mee"
    },
    {
      "type": "insert-node",
      "node": {
        "label": "org.argouml.uml.diagram.ui.FigEdgeModelElement",
        "type": "TypeAccess"
      },
      "location-after-char-start": 0,
      "location-after-char-end": 0,
      "node-str": "org.argouml.uml.diagram.ui.FigEdgeModelElement"
    },
    {
      "type": "insert-node",
      "node": {
        "label": "ru.novosoft.uml.MElementEvent",
        "type": "VARIABLE_TYPE"
      },
      "location-after-char-start": 0,
      "location-after-char-end": 0,
      "node-str": "ru.novosoft.uml.MElementEvent"
    },
    {
      "type": "insert-node",
      "node": {
        "label": "org.argouml.uml.diagram.ui.FigEdgeModelElement",
        "type": "TypeAccess"
      },
      "location-after-char-start": 0,
      "location-after-char-end": 0,
      "node-str": "org.argouml.uml.diagram.ui.FigEdgeModelElement"
    },
    {
      "type": "insert-node",
      "node": {
        "label": "mee",
        "type": "VariableRead"
      },
      "location-after-char-start": 16544,
      "location-after-char-end": 16546,
      "node-str": "mee"
    },
    {
      "type": "insert-node",
      "node": {
        "label": "org.argouml.uml.diagram.ui.FigEdgeModelElement",
        "type": "TypeAccess"
      },
      "location-after-char-start": 0,
      "location-after-char-end": 0,
      "node-str": "org.argouml.uml.diagram.ui.FigEdgeModelElement"
    },
    {
      "type": "insert-node",
      "node": {
        "label": "ru.novosoft.uml.MElementEvent",
        "type": "VARIABLE_TYPE"
      },
      "location-after-char-start": 0,
      "location-after-char-end": 0,
      "node-str": "ru.novosoft.uml.MElementEvent"
    },
    {
      "type": "insert-node",
      "node": {
        "label": "org.argouml.uml.diagram.ui.FigEdgeModelElement",
        "type": "TypeAccess"
      },
      "location-after-char-start": 0,
      "location-after-char-end": 0,
      "node-str": "org.argouml.uml.diagram.ui.FigEdgeModelElement"
    },
    {
      "type": "insert-node",
      "node": {
        "label": "mee",
        "type": "VariableRead"
      },
      "location-after-char-start": 16683,
      "location-after-char-end": 16685,
      "node-str": "mee"
    },
    {
      "type": "insert-node",
      "node": {
        "label": "org.argouml.uml.diagram.ui.FigEdgeModelElement",
        "type": "TypeAccess"
      },
      "location-after-char-start": 0,
      "location-after-char-end": 0,
      "node-str": "org.argouml.uml.diagram.ui.FigEdgeModelElement"
    },
    {
      "type": "insert-node",
      "node": {
        "label": "ru.novosoft.uml.MElementEvent",
        "type": "VARIABLE_TYPE"
      },
      "location-after-char-start": 0,
      "location-after-char-end": 0,
      "node-str": "ru.novosoft.uml.MElementEvent"
    },
    {
      "type": "insert-node",
      "node": {
        "label": "cat",
        "type": "FieldRead"
      },
      "location-after-char-start": 16754,
      "location-after-char-end": 16756,
      "node-str": "cat"
    },
    {
      "type": "insert-node",
      "node": {
        "label": "PLUS",
        "type": "BinaryOperator"
      },
      "location-after-char-start": 16764,
      "location-after-char-end": 16786,
      "node-str": "PLUS"
    },
    {
      "type": "insert-node",
      "node": {
        "label": "EQ",
        "type": "BinaryOperator"
      },
      "location-after-char-start": 16850,
      "location-after-char-end": 16878,
      "node-str": "EQ"
    },
    {
      "type": "insert-node",
      "node": {
        "label": "THEN",
        "type": "then"
      },
      "location-after-char-start": 16889,
      "location-after-char-end": 16902,
      "node-str": "THEN"
    },
    {
      "type": "insert-node",
      "node": {
        "label": "ELSE",
        "type": "else"
      },
      "location-after-char-start": 16917,
      "location-after-char-end": 16980,
      "node-str": "ELSE"
    },
    {
      "type": "insert-node",
      "node": {
        "label": "ru.novosoft.uml.MElementEvent",
        "type": "VARIABLE_TYPE"
      },
      "location-after-char-start": 0,
      "location-after-char-end": 0,
      "node-str": "ru.novosoft.uml.MElementEvent"
    },
    {
      "type": "insert-node",
      "node": {
        "label": "org.argouml.uml.diagram.ui.FigEdgeModelElement",
        "type": "TypeAccess"
      },
      "location-after-char-start": 0,
      "location-after-char-end": 0,
      "node-str": "org.argouml.uml.diagram.ui.FigEdgeModelElement"
    },
    {
      "type": "insert-node",
      "node": {
        "label": "mee",
        "type": "VariableRead"
      },
      "location-after-char-start": 17110,
      "location-after-char-end": 17112,
      "node-str": "mee"
    },
    {
      "type": "insert-node",
      "node": {
        "label": "org.argouml.uml.diagram.ui.FigEdgeModelElement",
        "type": "TypeAccess"
      },
      "location-after-char-start": 0,
      "location-after-char-end": 0,
      "node-str": "org.argouml.uml.diagram.ui.FigEdgeModelElement"
    },
    {
      "type": "insert-node",
      "node": {
        "label": "ru.novosoft.uml.MElementEvent",
        "type": "VARIABLE_TYPE"
      },
      "location-after-char-start": 0,
      "location-after-char-end": 0,
      "node-str": "ru.novosoft.uml.MElementEvent"
    },
    {
      "type": "insert-node",
      "node": {
        "label": "org.argouml.uml.diagram.ui.FigEdgeModelElement",
        "type": "TypeAccess"
      },
      "location-after-char-start": 0,
      "location-after-char-end": 0,
      "node-str": "org.argouml.uml.diagram.ui.FigEdgeModelElement"
    },
    {
      "type": "insert-node",
      "node": {
        "label": "mee",
        "type": "VariableRead"
      },
      "location-after-char-start": 17250,
      "location-after-char-end": 17252,
      "node-str": "mee"
    },
    {
      "type": "insert-node",
      "node": {
        "label": "org.argouml.uml.diagram.ui.FigEdgeModelElement",
        "type": "TypeAccess"
      },
      "location-after-char-start": 0,
      "location-after-char-end": 0,
      "node-str": "org.argouml.uml.diagram.ui.FigEdgeModelElement"
    },
    {
      "type": "insert-node",
      "node": {
        "label": "pce",
        "type": "VariableRead"
      },
      "location-after-char-start": 11484,
      "location-after-char-end": 11486,
      "node-str": "pce"
    },
    {
      "type": "insert-node",
      "node": {
        "label": "org.argouml.uml.diagram.ui.FigEdgeModelElement",
        "type": "TypeAccess"
      },
      "location-after-char-start": 0,
      "location-after-char-end": 0,
      "node-str": "org.argouml.uml.diagram.ui.FigEdgeModelElement"
    },
    {
      "type": "insert-node",
      "node": {
        "label": "bbox",
        "type": "VariableRead"
      },
      "location-after-char-start": 11699,
      "location-after-char-end": 11702,
      "node-str": "bbox"
    },
    {
      "type": "insert-node",
      "node": {
        "label": "bbox",
        "type": "VariableRead"
      },
      "location-after-char-start": 11707,
      "location-after-char-end": 11710,
      "node-str": "bbox"
    },
    {
      "type": "insert-node",
      "node": {
        "label": "bbox",
        "type": "VariableRead"
      },
      "location-after-char-start": 11715,
      "location-after-char-end": 11718,
      "node-str": "bbox"
    },
    {
      "type": "insert-node",
      "node": {
        "label": "bbox",
        "type": "VariableRead"
      },
      "location-after-char-start": 11727,
      "location-after-char-end": 11730,
      "node-str": "bbox"
    },
    {
      "type": "insert-node",
      "node": {
        "label": "EQ",
        "type": "BinaryOperator"
      },
      "location-after-char-start": 14405,
      "location-after-char-end": 14413,
      "node-str": "EQ"
    },
    {
      "type": "insert-node",
      "node": {
        "label": "AND",
        "type": "BinaryOperator"
      },
      "location-after-char-start": 14418,
      "location-after-char-end": 14476,
      "node-str": "AND"
    },
    {
      "type": "move-subtree",
      "node": {
        "label": "updateNameText",
        "type": "Invocation"
      },
      "location-before-char-start": 14380,
      "location-before-char-end": 14396,
      "location-after-char-start": 14487,
      "location-after-char-end": 14503,
      "node-str": "updateNameText"
    },
    {
      "type": "insert-node",
      "node": {
        "label": "PLUS",
        "type": "BinaryOperator"
      },
      "location-after-char-start": 16764,
      "location-after-char-end": 16780,
      "node-str": "PLUS"
    },
    {
      "type": "insert-node",
      "node": {
        "label": "mee",
        "type": "VariableRead"
      },
      "location-after-char-start": 16784,
      "location-after-char-end": 16786,
      "node-str": "mee"
    },
    {
      "type": "insert-node",
      "node": {
        "label": "getSource",
        "type": "Invocation"
      },
      "location-after-char-start": 16850,
      "location-after-char-end": 16864,
      "node-str": "getSource"
    },
    {
      "type": "insert-node",
      "node": {
        "label": "getOwner",
        "type": "Invocation"
      },
      "location-after-char-start": 16869,
      "location-after-char-end": 16878,
      "node-str": "getOwner"
    },
    {
      "type": "insert-node",
      "node": {
        "label": "delete",
        "type": "Invocation"
      },
      "location-after-char-start": 16889,
      "location-after-char-end": 16902,
      "node-str": "delete"
    },
    {
      "type": "insert-node",
      "node": {
        "label": "modelChanged",
        "type": "Invocation"
      },
      "location-after-char-start": 16931,
      "location-after-char-end": 16948,
      "node-str": "modelChanged"
    },
    {
      "type": "insert-node",
      "node": {
        "label": "damage",
        "type": "Invocation"
      },
      "location-after-char-start": 16962,
      "location-after-char-end": 16970,
      "node-str": "damage"
    },
    {
      "type": "insert-node",
      "node": {
        "label": "e",
        "type": "VariableRead"
      },
      "location-after-char-start": 14405,
      "location-after-char-end": 14405,
      "node-str": "e"
    },
    {
      "type": "insert-node",
      "node": {
        "label": "null",
        "type": "Literal"
      },
      "location-after-char-start": 14410,
      "location-after-char-end": 14413,
      "node-str": "null"
    },
    {
      "type": "insert-node",
      "node": {
        "label": "EQ",
        "type": "BinaryOperator"
      },
      "location-after-char-start": 14419,
      "location-after-char-end": 14445,
      "node-str": "EQ"
    },
    {
      "type": "insert-node",
      "node": {
        "label": "equals",
        "type": "Invocation"
      },
      "location-after-char-start": 14450,
      "location-after-char-end": 14475,
      "node-str": "equals"
    },
    {
      "type": "insert-node",
      "node": {
        "label": "null",
        "type": "Literal"
      },
      "location-after-char-start": 16008,
      "location-after-char-end": 16011,
      "node-str": "null"
    },
    {
      "type": "insert-node",
      "node": {
        "label": "\"deleting: \"",
        "type": "Literal"
      },
      "location-after-char-start": 16764,
      "location-after-char-end": 16775,
      "node-str": "\"deleting: \""
    },
    {
      "type": "insert-node",
      "node": {
        "label": "this",
        "type": "ThisAccess"
      },
      "location-after-char-start": 16777,
      "location-after-char-end": 16780,
      "node-str": "this"
    },
    {
      "type": "insert-node",
      "node": {
        "label": "mee",
        "type": "VariableRead"
      },
      "location-after-char-start": 16850,
      "location-after-char-end": 16852,
      "node-str": "mee"
    },
    {
      "type": "insert-node",
      "node": {
        "label": "org.argouml.uml.diagram.ui.FigEdgeModelElement",
        "type": "TypeAccess"
      },
      "location-after-char-start": 0,
      "location-after-char-end": 0,
      "node-str": "org.argouml.uml.diagram.ui.FigEdgeModelElement"
    },
    {
      "type": "insert-node",
      "node": {
        "label": "this",
        "type": "ThisAccess"
      },
      "location-after-char-start": 16889,
      "location-after-char-end": 16892,
      "node-str": "this"
    },
    {
      "type": "insert-node",
      "node": {
        "label": "org.argouml.uml.diagram.ui.FigEdgeModelElement",
        "type": "TypeAccess"
      },
      "location-after-char-start": 0,
      "location-after-char-end": 0,
      "node-str": "org.argouml.uml.diagram.ui.FigEdgeModelElement"
    },
    {
      "type": "insert-node",
      "node": {
        "label": "mee",
        "type": "VariableRead"
      },
      "location-after-char-start": 16944,
      "location-after-char-end": 16946,
      "node-str": "mee"
    },
    {
      "type": "insert-node",
      "node": {
        "label": "org.argouml.uml.diagram.ui.FigEdgeModelElement",
        "type": "TypeAccess"
      },
      "location-after-char-start": 0,
      "location-after-char-end": 0,
      "node-str": "org.argouml.uml.diagram.ui.FigEdgeModelElement"
    },
    {
      "type": "insert-node",
      "node": {
        "label": "getSource",
        "type": "Invocation"
      },
      "location-after-char-start": 14419,
      "location-after-char-end": 14431,
      "node-str": "getSource"
    },
    {
      "type": "insert-node",
      "node": {
        "label": "getOwner",
        "type": "Invocation"
      },
      "location-after-char-start": 14436,
      "location-after-char-end": 14445,
      "node-str": "getOwner"
    },
    {
      "type": "insert-node",
      "node": {
        "label": "getName",
        "type": "Invocation"
      },
      "location-after-char-start": 14450,
      "location-after-char-end": 14460,
      "node-str": "getName"
    },
    {
      "type": "insert-node",
      "node": {
        "label": "\"name\"",
        "type": "Literal"
      },
      "location-after-char-start": 14469,
      "location-after-char-end": 14474,
      "node-str": "\"name\""
    },
    {
      "type": "insert-node",
      "node": {
        "label": "org.argouml.uml.diagram.ui.FigEdgeModelElement",
        "type": "TypeAccess"
      },
      "location-after-char-start": 0,
      "location-after-char-end": 0,
      "node-str": "org.argouml.uml.diagram.ui.FigEdgeModelElement"
    },
    {
      "type": "insert-node",
      "node": {
        "label": "org.argouml.uml.diagram.ui.FigEdgeModelElement",
        "type": "TypeAccess"
      },
      "location-after-char-start": 0,
      "location-after-char-end": 0,
      "node-str": "org.argouml.uml.diagram.ui.FigEdgeModelElement"
    },
    {
      "type": "insert-node",
      "node": {
        "label": "e",
        "type": "VariableRead"
      },
      "location-after-char-start": 14419,
      "location-after-char-end": 14419,
      "node-str": "e"
    },
    {
      "type": "insert-node",
      "node": {
        "label": "org.argouml.uml.diagram.ui.FigEdgeModelElement",
        "type": "TypeAccess"
      },
      "location-after-char-start": 0,
      "location-after-char-end": 0,
      "node-str": "org.argouml.uml.diagram.ui.FigEdgeModelElement"
    },
    {
      "type": "insert-node",
      "node": {
        "label": "e",
        "type": "VariableRead"
      },
      "location-after-char-start": 14450,
      "location-after-char-end": 14450,
      "node-str": "e"
    },
    {
      "type": "delete-node",
      "node": {
        "label": "void",
        "type": "RETURN_TYPE"
      },
      "location-before-char-start": 0,
      "location-before-char-end": 0,
      "node-str": "void"
    },
    {
      "type": "delete-node",
      "node": {
        "label": "public",
        "type": "Modifier"
      },
      "location-before-char-start": 0,
      "location-before-char-end": 0,
      "node-str": "public"
    },
    {
      "type": "delete-node",
      "node": {
        "label": "java.beans.PropertyChangeEvent",
        "type": "VARIABLE_TYPE"
      },
      "location-before-char-start": 0,
      "location-before-char-end": 0,
      "node-str": "java.beans.PropertyChangeEvent"
    },
    {
      "type": "delete-node",
      "node": {
        "label": "pce",
        "type": "Parameter"
      },
      "location-before-char-start": 11440,
      "location-before-char-end": 11462,
      "node-str": "pce"
    },
    {
      "type": "delete-node",
      "node": {
        "label": "java.lang.Object",
        "type": "VARIABLE_TYPE"
      },
      "location-before-char-start": 0,
      "location-before-char-end": 0,
      "node-str": "java.lang.Object"
    },
    {
      "type": "delete-node",
      "node": {
        "label": "pce",
        "type": "VariableRead"
      },
      "location-before-char-start": 11484,
      "location-before-char-end": 11486,
      "node-str": "pce"
    },
    {
      "type": "delete-node",
      "node": {
        "label": "getSource",
        "type": "Invocation"
      },
      "location-before-char-start": 11484,
      "location-before-char-end": 11498,
      "node-str": "getSource"
    },
    {
      "type": "delete-node",
      "node": {
        "label": "src",
        "type": "LocalVariable"
      },
      "location-before-char-start": 11471,
      "location-before-char-end": 11499,
      "node-str": "src"
    },
    {
      "type": "delete-node",
      "node": {
        "label": "org.argouml.uml.diagram.ui.FigEdgeModelElement",
        "type": "TypeAccess"
      },
      "location-before-char-start": 0,
      "location-before-char-end": 0,
      "node-str": "org.argouml.uml.diagram.ui.FigEdgeModelElement"
    },
    {
      "type": "delete-node",
      "node": {
        "label": "startTrans",
        "type": "Invocation"
      },
      "location-before-char-start": 11505,
      "location-before-char-end": 11517,
      "node-str": "startTrans"
    },
    {
      "type": "delete-node",
      "node": {
        "label": "org.argouml.uml.diagram.ui.FigEdgeModelElement",
        "type": "TypeAccess"
      },
      "location-before-char-start": 0,
      "location-before-char-end": 0,
      "node-str": "org.argouml.uml.diagram.ui.FigEdgeModelElement"
    },
    {
      "type": "delete-node",
      "node": {
        "label": "modelChanged",
        "type": "Invocation"
      },
      "location-before-char-start": 11567,
      "location-before-char-end": 11581,
      "node-str": "modelChanged"
    },
    {
      "type": "delete-node",
      "node": {
        "label": "java.awt.Rectangle",
        "type": "VARIABLE_TYPE"
      },
      "location-before-char-start": 0,
      "location-before-char-end": 0,
      "node-str": "java.awt.Rectangle"
    },
    {
      "type": "delete-node",
      "node": {
        "label": "org.argouml.uml.diagram.ui.FigEdgeModelElement",
        "type": "TypeAccess"
      },
      "location-before-char-start": 0,
      "location-before-char-end": 0,
      "node-str": "org.argouml.uml.diagram.ui.FigEdgeModelElement"
    },
    {
      "type": "delete-node",
      "node": {
        "label": "getBounds",
        "type": "Invocation"
      },
      "location-before-char-start": 11668,
      "location-before-char-end": 11678,
      "node-str": "getBounds"
    },
    {
      "type": "delete-node",
      "node": {
        "label": "bbox",
        "type": "LocalVariable"
      },
      "location-before-char-start": 11651,
      "location-before-char-end": 11679,
      "node-str": "bbox"
    },
    {
      "type": "delete-node",
      "node": {
        "label": "org.argouml.uml.diagram.ui.FigEdgeModelElement",
        "type": "TypeAccess"
      },
      "location-before-char-start": 0,
      "location-before-char-end": 0,
      "node-str": "org.argouml.uml.diagram.ui.FigEdgeModelElement"
    },
    {
      "type": "delete-node",
      "node": {
        "label": "bbox",
        "type": "VariableRead"
      },
      "location-before-char-start": 11695,
      "location-before-char-end": 11698,
      "node-str": "bbox"
    },
    {
      "type": "delete-node",
      "node": {
        "label": "x",
        "type": "FieldRead"
      },
      "location-before-char-start": 11695,
      "location-before-char-end": 11700,
      "node-str": "x"
    },
    {
      "type": "delete-node",
      "node": {
        "label": "bbox",
        "type": "VariableRead"
      },
      "location-before-char-start": 11703,
      "location-before-char-end": 11706,
      "node-str": "bbox"
    },
    {
      "type": "delete-node",
      "node": {
        "label": "y",
        "type": "FieldRead"
      },
      "location-before-char-start": 11703,
      "location-before-char-end": 11708,
      "node-str": "y"
    },
    {
      "type": "delete-node",
      "node": {
        "label": "bbox",
        "type": "VariableRead"
      },
      "location-before-char-start": 11711,
      "location-before-char-end": 11714,
      "node-str": "bbox"
    },
    {
      "type": "delete-node",
      "node": {
        "label": "width",
        "type": "FieldRead"
      },
      "location-before-char-start": 11711,
      "location-before-char-end": 11720,
      "node-str": "width"
    },
    {
      "type": "delete-node",
      "node": {
        "label": "bbox",
        "type": "VariableRead"
      },
      "location-before-char-start": 11723,
      "location-before-char-end": 11726,
      "node-str": "bbox"
    },
    {
      "type": "delete-node",
      "node": {
        "label": "height",
        "type": "FieldRead"
      },
      "location-before-char-start": 11723,
      "location-before-char-end": 11733,
      "node-str": "height"
    },
    {
      "type": "delete-node",
      "node": {
        "label": "setBounds",
        "type": "Invocation"
      },
      "location-before-char-start": 11685,
      "location-before-char-end": 11735,
      "node-str": "setBounds"
    },
    {
      "type": "delete-node",
      "node": {
        "label": "org.argouml.uml.diagram.ui.FigEdgeModelElement",
        "type": "TypeAccess"
      },
      "location-before-char-start": 0,
      "location-before-char-end": 0,
      "node-str": "org.argouml.uml.diagram.ui.FigEdgeModelElement"
    },
    {
      "type": "delete-node",
      "node": {
        "label": "endTrans",
        "type": "Invocation"
      },
      "location-before-char-start": 11741,
      "location-before-char-end": 11751,
      "node-str": "endTrans"
    },
    {
      "type": "delete-node",
      "node": {
        "label": "delayedVetoableChange",
        "type": "Method"
      },
      "location-before-char-start": 11406,
      "location-before-char-end": 11755,
      "node-str": "delayedVetoableChange"
    },
    {
      "type": "delete-node",
      "node": {
        "label": "void",
        "type": "RETURN_TYPE"
      },
      "location-before-char-start": 0,
      "location-before-char-end": 0,
      "node-str": "void"
    },
    {
      "type": "delete-node",
      "node": {
        "label": "public",
        "type": "Modifier"
      },
      "location-before-char-start": 0,
      "location-before-char-end": 0,
      "node-str": "public"
    },
    {
      "type": "delete-node",
      "node": {
        "label": "ru.novosoft.uml.MElementEvent",
        "type": "VARIABLE_TYPE"
      },
      "location-before-char-start": 0,
      "location-before-char-end": 0,
      "node-str": "ru.novosoft.uml.MElementEvent"
    },
    {
      "type": "delete-node",
      "node": {
        "label": "mee",
        "type": "Parameter"
      },
      "location-before-char-start": 15945,
      "location-before-char-end": 15961,
      "node-str": "mee"
    },
    {
      "type": "delete-node",
      "node": {
        "label": "mee",
        "type": "VariableRead"
      },
      "location-before-char-start": 16027,
      "location-before-char-end": 16029,
      "node-str": "mee"
    },
    {
      "type": "delete-node",
      "node": {
        "label": "getOldValue",
        "type": "Invocation"
      },
      "location-before-char-start": 16027,
      "location-before-char-end": 16043,
      "node-str": "getOldValue"
    },
    {
      "type": "delete-node",
      "node": {
        "label": "mee",
        "type": "VariableRead"
      },
      "location-before-char-start": 16048,
      "location-before-char-end": 16050,
      "node-str": "mee"
    },
    {
      "type": "delete-node",
      "node": {
        "label": "getNewValue",
        "type": "Invocation"
      },
      "location-before-char-start": 16048,
      "location-before-char-end": 16064,
      "node-str": "getNewValue"
    },
    {
      "type": "delete-node",
      "node": {
        "label": "NE",
        "type": "BinaryOperator"
      },
      "location-before-char-start": 16027,
      "location-before-char-end": 16064,
      "node-str": "NE"
    },
    {
      "type": "delete-node",
      "node": {
        "label": "mee",
        "type": "VariableRead"
      },
      "location-before-char-start": 16089,
      "location-before-char-end": 16091,
      "node-str": "mee"
    },
    {
      "type": "delete-node",
      "node": {
        "label": "getName",
        "type": "Invocation"
      },
      "location-before-char-start": 16089,
      "location-before-char-end": 16101,
      "node-str": "getName"
    },
    {
      "type": "delete-node",
      "node": {
        "label": "\"name\"",
        "type": "Literal"
      },
      "location-before-char-start": 16110,
      "location-before-char-end": 16115,
      "node-str": "\"name\""
    },
    {
      "type": "delete-node",
      "node": {
        "label": "equals",
        "type": "Invocation"
      },
      "location-before-char-start": 16089,
      "location-before-char-end": 16116,
      "node-str": "equals"
    },
    {
      "type": "delete-node",
      "node": {
        "label": "org.argouml.uml.diagram.ui.FigEdgeModelElement",
        "type": "TypeAccess"
      },
      "location-before-char-start": 0,
      "location-before-char-end": 0,
      "node-str": "org.argouml.uml.diagram.ui.FigEdgeModelElement"
    },
    {
      "type": "delete-node",
      "node": {
        "label": "updateNameText",
        "type": "Invocation"
      },
      "location-before-char-start": 16141,
      "location-before-char-end": 16157,
      "node-str": "updateNameText"
    },
    {
      "type": "delete-node",
      "node": {
        "label": "THEN",
        "type": "then"
      },
      "location-before-char-start": 16119,
      "location-before-char-end": 16175,
      "node-str": "THEN"
    },
    {
      "type": "delete-node",
      "node": {
        "label": "org.argouml.uml.diagram.ui.FigEdgeModelElement",
        "type": "TypeAccess"
      },
      "location-before-char-start": 0,
      "location-before-char-end": 0,
      "node-str": "org.argouml.uml.diagram.ui.FigEdgeModelElement"
    },
    {
      "type": "delete-node",
      "node": {
        "label": "modelChanged",
        "type": "Invocation"
      },
      "location-before-char-start": 16196,
      "location-before-char-end": 16210,
      "node-str": "modelChanged"
    },
    {
      "type": "delete-node",
      "node": {
        "label": "ELSE",
        "type": "else"
      },
      "location-before-char-start": 16196,
      "location-before-char-end": 16210,
      "node-str": "ELSE"
    },
    {
      "type": "delete-node",
      "node": {
        "label": "if",
        "type": "If"
      },
      "location-before-char-start": 16085,
      "location-before-char-end": 16210,
      "node-str": "if"
    },
    {
      "type": "delete-node",
      "node": {
        "label": "org.argouml.uml.diagram.ui.FigEdgeModelElement",
        "type": "TypeAccess"
      },
      "location-before-char-start": 0,
      "location-before-char-end": 0,
      "node-str": "org.argouml.uml.diagram.ui.FigEdgeModelElement"
    },
    {
      "type": "delete-node",
      "node": {
        "label": "damage",
        "type": "Invocation"
      },
      "location-before-char-start": 16218,
      "location-before-char-end": 16226,
      "node-str": "damage"
    },
    {
      "type": "delete-node",
      "node": {
        "label": "THEN",
        "type": "then"
      },
      "location-before-char-start": 16067,
      "location-before-char-end": 16233,
      "node-str": "THEN"
    },
    {
      "type": "delete-node",
      "node": {
        "label": "if",
        "type": "If"
      },
      "location-before-char-start": 16023,
      "location-before-char-end": 16233,
      "node-str": "if"
    },
    {
      "type": "delete-node",
      "node": {
        "label": "propertySet",
        "type": "Method"
      },
      "location-before-char-start": 15921,
      "location-before-char-end": 16236,
      "node-str": "propertySet"
    },
    {
      "type": "delete-node",
      "node": {
        "label": "void",
        "type": "RETURN_TYPE"
      },
      "location-before-char-start": 0,
      "location-before-char-end": 0,
      "node-str": "void"
    },
    {
      "type": "delete-node",
      "node": {
        "label": "public",
        "type": "Modifier"
      },
      "location-before-char-start": 0,
      "location-before-char-end": 0,
      "node-str": "public"
    },
    {
      "type": "delete-node",
      "node": {
        "label": "ru.novosoft.uml.MElementEvent",
        "type": "VARIABLE_TYPE"
      },
      "location-before-char-start": 0,
      "location-before-char-end": 0,
      "node-str": "ru.novosoft.uml.MElementEvent"
    },
    {
      "type": "delete-node",
      "node": {
        "label": "mee",
        "type": "Parameter"
      },
      "location-before-char-start": 16267,
      "location-before-char-end": 16283,
      "node-str": "mee"
    },
    {
      "type": "delete-node",
      "node": {
        "label": "org.argouml.uml.diagram.ui.FigEdgeModelElement",
        "type": "TypeAccess"
      },
      "location-before-char-start": 0,
      "location-before-char-end": 0,
      "node-str": "org.argouml.uml.diagram.ui.FigEdgeModelElement"
    },
    {
      "type": "delete-node",
      "node": {
        "label": "modelChanged",
        "type": "Invocation"
      },
      "location-before-char-start": 16349,
      "location-before-char-end": 16363,
      "node-str": "modelChanged"
    },
    {
      "type": "delete-node",
      "node": {
        "label": "org.argouml.uml.diagram.ui.FigEdgeModelElement",
        "type": "TypeAccess"
      },
      "location-before-char-start": 0,
      "location-before-char-end": 0,
      "node-str": "org.argouml.uml.diagram.ui.FigEdgeModelElement"
    },
    {
      "type": "delete-node",
      "node": {
        "label": "damage",
        "type": "Invocation"
      },
      "location-before-char-start": 16370,
      "location-before-char-end": 16378,
      "node-str": "damage"
    },
    {
      "type": "delete-node",
      "node": {
        "label": "listRoleItemSet",
        "type": "Method"
      },
      "location-before-char-start": 16239,
      "location-before-char-end": 16381,
      "node-str": "listRoleItemSet"
    },
    {
      "type": "delete-node",
      "node": {
        "label": "void",
        "type": "RETURN_TYPE"
      },
      "location-before-char-start": 0,
      "location-before-char-end": 0,
      "node-str": "void"
    },
    {
      "type": "delete-node",
      "node": {
        "label": "public",
        "type": "Modifier"
      },
      "location-before-char-start": 0,
      "location-before-char-end": 0,
      "node-str": "public"
    },
    {
      "type": "delete-node",
      "node": {
        "label": "ru.novosoft.uml.MElementEvent",
        "type": "VARIABLE_TYPE"
      },
      "location-before-char-start": 0,
      "location-before-char-end": 0,
      "node-str": "ru.novosoft.uml.MElementEvent"
    },
    {
      "type": "delete-node",
      "node": {
        "label": "mee",
        "type": "Parameter"
      },
      "location-before-char-start": 16406,
      "location-before-char-end": 16422,
      "node-str": "mee"
    },
    {
      "type": "delete-node",
      "node": {
        "label": "recovered",
        "type": "Method"
      },
      "location-before-char-start": 16384,
      "location-before-char-end": 16478,
      "node-str": "recovered"
    },
    {
      "type": "delete-node",
      "node": {
        "label": "void",
        "type": "RETURN_TYPE"
      },
      "location-before-char-start": 0,
      "location-before-char-end": 0,
      "node-str": "void"
    },
    {
      "type": "delete-node",
      "node": {
        "label": "public",
        "type": "Modifier"
      },
      "location-before-char-start": 0,
      "location-before-char-end": 0,
      "node-str": "public"
    },
    {
      "type": "delete-node",
      "node": {
        "label": "ru.novosoft.uml.MElementEvent",
        "type": "VARIABLE_TYPE"
      },
      "location-before-char-start": 0,
      "location-before-char-end": 0,
      "node-str": "ru.novosoft.uml.MElementEvent"
    },
    {
      "type": "delete-node",
      "node": {
        "label": "mee",
        "type": "Parameter"
      },
      "location-before-char-start": 16501,
      "location-before-char-end": 16517,
      "node-str": "mee"
    },
    {
      "type": "delete-node",
      "node": {
        "label": "cat",
        "type": "FieldRead"
      },
      "location-before-char-start": 16524,
      "location-before-char-end": 16526,
      "node-str": "cat"
    },
    {
      "type": "delete-node",
      "node": {
        "label": "\"deleting: \"",
        "type": "Literal"
      },
      "location-before-char-start": 16534,
      "location-before-char-end": 16545,
      "node-str": "\"deleting: \""
    },
    {
      "type": "delete-node",
      "node": {
        "label": "org.argouml.uml.diagram.ui.FigEdgeModelElement",
        "type": "TypeAccess"
      },
      "location-before-char-start": 0,
      "location-before-char-end": 0,
      "node-str": "org.argouml.uml.diagram.ui.FigEdgeModelElement"
    },
    {
      "type": "delete-node",
      "node": {
        "label": "this",
        "type": "ThisAccess"
      },
      "location-before-char-start": 16547,
      "location-before-char-end": 16550,
      "node-str": "this"
    },
    {
      "type": "delete-node",
      "node": {
        "label": "PLUS",
        "type": "BinaryOperator"
      },
      "location-before-char-start": 16534,
      "location-before-char-end": 16550,
      "node-str": "PLUS"
    },
    {
      "type": "delete-node",
      "node": {
        "label": "mee",
        "type": "VariableRead"
      },
      "location-before-char-start": 16554,
      "location-before-char-end": 16556,
      "node-str": "mee"
    },
    {
      "type": "delete-node",
      "node": {
        "label": "PLUS",
        "type": "BinaryOperator"
      },
      "location-before-char-start": 16534,
      "location-before-char-end": 16556,
      "node-str": "PLUS"
    },
    {
      "type": "delete-node",
      "node": {
        "label": "debug",
        "type": "Invocation"
      },
      "location-before-char-start": 16524,
      "location-before-char-end": 16558,
      "node-str": "debug"
    },
    {
      "type": "delete-node",
      "node": {
        "label": "org.argouml.uml.diagram.ui.FigEdgeModelElement",
        "type": "TypeAccess"
      },
      "location-before-char-start": 0,
      "location-before-char-end": 0,
      "node-str": "org.argouml.uml.diagram.ui.FigEdgeModelElement"
    },
    {
      "type": "delete-node",
      "node": {
        "label": "this",
        "type": "ThisAccess"
      },
      "location-before-char-start": 16613,
      "location-before-char-end": 16616,
      "node-str": "this"
    },
    {
      "type": "delete-node",
      "node": {
        "label": "delete",
        "type": "Invocation"
      },
      "location-before-char-start": 16613,
      "location-before-char-end": 16626,
      "node-str": "delete"
    },
    {
      "type": "delete-node",
      "node": {
        "label": "removed",
        "type": "Method"
      },
      "location-before-char-start": 16481,
      "location-before-char-end": 16629,
      "node-str": "removed"
    },
    {
      "type": "delete-node",
      "node": {
        "label": "void",
        "type": "RETURN_TYPE"
      },
      "location-before-char-start": 0,
      "location-before-char-end": 0,
      "node-str": "void"
    },
    {
      "type": "delete-node",
      "node": {
        "label": "public",
        "type": "Modifier"
      },
      "location-before-char-start": 0,
      "location-before-char-end": 0,
      "node-str": "public"
    },
    {
      "type": "delete-node",
      "node": {
        "label": "ru.novosoft.uml.MElementEvent",
        "type": "VARIABLE_TYPE"
      },
      "location-before-char-start": 0,
      "location-before-char-end": 0,
      "node-str": "ru.novosoft.uml.MElementEvent"
    },
    {
      "type": "delete-node",
      "node": {
        "label": "mee",
        "type": "Parameter"
      },
      "location-before-char-start": 16654,
      "location-before-char-end": 16670,
      "node-str": "mee"
    },
    {
      "type": "delete-node",
      "node": {
        "label": "org.argouml.uml.diagram.ui.FigEdgeModelElement",
        "type": "TypeAccess"
      },
      "location-before-char-start": 0,
      "location-before-char-end": 0,
      "node-str": "org.argouml.uml.diagram.ui.FigEdgeModelElement"
    },
    {
      "type": "delete-node",
      "node": {
        "label": "modelChanged",
        "type": "Invocation"
      },
      "location-before-char-start": 16730,
      "location-before-char-end": 16744,
      "node-str": "modelChanged"
    },
    {
      "type": "delete-node",
      "node": {
        "label": "org.argouml.uml.diagram.ui.FigEdgeModelElement",
        "type": "TypeAccess"
      },
      "location-before-char-start": 0,
      "location-before-char-end": 0,
      "node-str": "org.argouml.uml.diagram.ui.FigEdgeModelElement"
    },
    {
      "type": "delete-node",
      "node": {
        "label": "damage",
        "type": "Invocation"
      },
      "location-before-char-start": 16751,
      "location-before-char-end": 16759,
      "node-str": "damage"
    },
    {
      "type": "delete-node",
      "node": {
        "label": "roleAdded",
        "type": "Method"
      },
      "location-before-char-start": 16632,
      "location-before-char-end": 16762,
      "node-str": "roleAdded"
    },
    {
      "type": "delete-node",
      "node": {
        "label": "void",
        "type": "RETURN_TYPE"
      },
      "location-before-char-start": 0,
      "location-before-char-end": 0,
      "node-str": "void"
    },
    {
      "type": "delete-node",
      "node": {
        "label": "public",
        "type": "Modifier"
      },
      "location-before-char-start": 0,
      "location-before-char-end": 0,
      "node-str": "public"
    },
    {
      "type": "delete-node",
      "node": {
        "label": "ru.novosoft.uml.MElementEvent",
        "type": "VARIABLE_TYPE"
      },
      "location-before-char-start": 0,
      "location-before-char-end": 0,
      "node-str": "ru.novosoft.uml.MElementEvent"
    },
    {
      "type": "delete-node",
      "node": {
        "label": "mee",
        "type": "Parameter"
      },
      "location-before-char-start": 16789,
      "location-before-char-end": 16805,
      "node-str": "mee"
    },
    {
      "type": "delete-node",
      "node": {
        "label": "org.argouml.uml.diagram.ui.FigEdgeModelElement",
        "type": "TypeAccess"
      },
      "location-before-char-start": 0,
      "location-before-char-end": 0,
      "node-str": "org.argouml.uml.diagram.ui.FigEdgeModelElement"
    },
    {
      "type": "delete-node",
      "node": {
        "label": "modelChanged",
        "type": "Invocation"
      },
      "location-before-char-start": 16867,
      "location-before-char-end": 16881,
      "node-str": "modelChanged"
    },
    {
      "type": "delete-node",
      "node": {
        "label": "org.argouml.uml.diagram.ui.FigEdgeModelElement",
        "type": "TypeAccess"
      },
      "location-before-char-start": 0,
      "location-before-char-end": 0,
      "node-str": "org.argouml.uml.diagram.ui.FigEdgeModelElement"
    },
    {
      "type": "delete-node",
      "node": {
        "label": "damage",
        "type": "Invocation"
      },
      "location-before-char-start": 16888,
      "location-before-char-end": 16896,
      "node-str": "damage"
    },
    {
      "type": "delete-node",
      "node": {
        "label": "roleRemoved",
        "type": "Method"
      },
      "location-before-char-start": 16765,
      "location-before-char-end": 16899,
      "node-str": "roleRemoved"
    }
  ],
  "before-file": {},
  "after-file": {},
  "mapping": {}
}