{
  "tool-info": {},
  "diff": [
    {
      "type": "insert-node",
      "node": {
        "label": "",
        "type": "PackageDeclaration"
      },
      "location-after-char-start": 0,
      "location-after-char-end": 34,
      "node-str": ""
    },
    {
      "type": "insert-node",
      "node": {
        "label": "",
        "type": "ImportDeclaration"
      },
      "location-after-char-start": 2370,
      "location-after-char-end": 2392,
      "node-str": ""
    },
    {
      "type": "insert-node",
      "node": {
        "label": "",
        "type": "ImportDeclaration"
      },
      "location-after-char-start": 2393,
      "location-after-char-end": 2420,
      "node-str": ""
    },
    {
      "type": "insert-node",
      "node": {
        "label": "",
        "type": "ImportDeclaration"
      },
      "location-after-char-start": 2440,
      "location-after-char-end": 2482,
      "node-str": ""
    },
    {
      "type": "insert-node",
      "node": {
        "label": "",
        "type": "ImportDeclaration"
      },
      "location-after-char-start": 2484,
      "location-after-char-end": 2518,
      "node-str": ""
    },
    {
      "type": "insert-node",
      "node": {
        "label": "",
        "type": "ImportDeclaration"
      },
      "location-after-char-start": 2519,
      "location-after-char-end": 2561,
      "node-str": ""
    },
    {
      "type": "insert-node",
      "node": {
        "label": "",
        "type": "ImportDeclaration"
      },
      "location-after-char-start": 2562,
      "location-after-char-end": 2596,
      "node-str": ""
    },
    {
      "type": "insert-node",
      "node": {
        "label": "",
        "type": "ImportDeclaration"
      },
      "location-after-char-start": 2598,
      "location-after-char-end": 2641,
      "node-str": ""
    },
    {
      "type": "insert-node",
      "node": {
        "label": "",
        "type": "ImportDeclaration"
      },
      "location-after-char-start": 2643,
      "location-after-char-end": 2685,
      "node-str": ""
    },
    {
      "type": "insert-node",
      "node": {
        "label": "",
        "type": "ImportDeclaration"
      },
      "location-after-char-start": 2686,
      "location-after-char-end": 2731,
      "node-str": ""
    },
    {
      "type": "insert-node",
      "node": {
        "label": "",
        "type": "ImportDeclaration"
      },
      "location-after-char-start": 2732,
      "location-after-char-end": 2777,
      "node-str": ""
    },
    {
      "type": "insert-node",
      "node": {
        "label": "",
        "type": "ImportDeclaration"
      },
      "location-after-char-start": 2795,
      "location-after-char-end": 2857,
      "node-str": ""
    },
    {
      "type": "insert-node",
      "node": {
        "label": "",
        "type": "ImportDeclaration"
      },
      "location-after-char-start": 2858,
      "location-after-char-end": 2897,
      "node-str": ""
    },
    {
      "type": "insert-node",
      "node": {
        "label": "",
        "type": "ImportDeclaration"
      },
      "location-after-char-start": 2898,
      "location-after-char-end": 2932,
      "node-str": ""
    },
    {
      "type": "insert-node",
      "node": {
        "label": "",
        "type": "ImportDeclaration"
      },
      "location-after-char-start": 2933,
      "location-after-char-end": 2968,
      "node-str": ""
    },
    {
      "type": "insert-node",
      "node": {
        "label": "",
        "type": "ImportDeclaration"
      },
      "location-after-char-start": 2969,
      "location-after-char-end": 3011,
      "node-str": ""
    },
    {
      "type": "insert-node",
      "node": {
        "label": "",
        "type": "ImportDeclaration"
      },
      "location-after-char-start": 3012,
      "location-after-char-end": 3046,
      "node-str": ""
    },
    {
      "type": "insert-node",
      "node": {
        "label": "",
        "type": "ImportDeclaration"
      },
      "location-after-char-start": 3047,
      "location-after-char-end": 3083,
      "node-str": ""
    },
    {
      "type": "insert-node",
      "node": {
        "label": "",
        "type": "ImportDeclaration"
      },
      "location-after-char-start": 3084,
      "location-after-char-end": 3142,
      "node-str": ""
    },
    {
      "type": "insert-node",
      "node": {
        "label": "",
        "type": "ImportDeclaration"
      },
      "location-after-char-start": 3143,
      "location-after-char-end": 3192,
      "node-str": ""
    },
    {
      "type": "insert-node",
      "node": {
        "label": "",
        "type": "ImportDeclaration"
      },
      "location-after-char-start": 3193,
      "location-after-char-end": 3247,
      "node-str": ""
    },
    {
      "type": "insert-node",
      "node": {
        "label": "",
        "type": "ImportDeclaration"
      },
      "location-after-char-start": 3248,
      "location-after-char-end": 3294,
      "node-str": ""
    },
    {
      "type": "insert-node",
      "node": {
        "label": "",
        "type": "ImportDeclaration"
      },
      "location-after-char-start": 3295,
      "location-after-char-end": 3341,
      "node-str": ""
    },
    {
      "type": "insert-node",
      "node": {
        "label": "org.tigris.scarab.actions",
        "type": "QualifiedName"
      },
      "location-after-char-start": 8,
      "location-after-char-end": 33,
      "node-str": "org.tigris.scarab.actions"
    },
    {
      "type": "insert-node",
      "node": {
        "label": "java.util.List",
        "type": "QualifiedName"
      },
      "location-after-char-start": 2377,
      "location-after-char-end": 2391,
      "node-str": "java.util.List"
    },
    {
      "type": "insert-node",
      "node": {
        "label": "java.util.ArrayList",
        "type": "QualifiedName"
      },
      "location-after-char-start": 2400,
      "location-after-char-end": 2419,
      "node-str": "java.util.ArrayList"
    },
    {
      "type": "insert-node",
      "node": {
        "label": "org.apache.turbine.ParameterParser",
        "type": "QualifiedName"
      },
      "location-after-char-start": 2447,
      "location-after-char-end": 2481,
      "node-str": "org.apache.turbine.ParameterParser"
    },
    {
      "type": "insert-node",
      "node": {
        "label": "org.apache.turbine.Turbine",
        "type": "QualifiedName"
      },
      "location-after-char-start": 2491,
      "location-after-char-end": 2517,
      "node-str": "org.apache.turbine.Turbine"
    },
    {
      "type": "insert-node",
      "node": {
        "label": "org.apache.turbine.TemplateContext",
        "type": "QualifiedName"
      },
      "location-after-char-start": 2526,
      "location-after-char-end": 2560,
      "node-str": "org.apache.turbine.TemplateContext"
    },
    {
      "type": "insert-node",
      "node": {
        "label": "org.apache.turbine.RunData",
        "type": "QualifiedName"
      },
      "location-after-char-start": 2569,
      "location-after-char-end": 2595,
      "node-str": "org.apache.turbine.RunData"
    },
    {
      "type": "insert-node",
      "node": {
        "label": "org.apache.commons.lang.StringUtils",
        "type": "QualifiedName"
      },
      "location-after-char-start": 2605,
      "location-after-char-end": 2640,
      "node-str": "org.apache.commons.lang.StringUtils"
    },
    {
      "type": "insert-node",
      "node": {
        "label": "org.apache.turbine.tool.IntakeTool",
        "type": "QualifiedName"
      },
      "location-after-char-start": 2650,
      "location-after-char-end": 2684,
      "node-str": "org.apache.turbine.tool.IntakeTool"
    },
    {
      "type": "insert-node",
      "node": {
        "label": "org.apache.fulcrum.intake.model.Group",
        "type": "QualifiedName"
      },
      "location-after-char-start": 2693,
      "location-after-char-end": 2730,
      "node-str": "org.apache.fulcrum.intake.model.Group"
    },
    {
      "type": "insert-node",
      "node": {
        "label": "org.apache.fulcrum.intake.model.Field",
        "type": "QualifiedName"
      },
      "location-after-char-start": 2739,
      "location-after-char-end": 2776,
      "node-str": "org.apache.fulcrum.intake.model.Field"
    },
    {
      "type": "insert-node",
      "node": {
        "label": "org.tigris.scarab.actions.base.RequireLoginFirstAction",
        "type": "QualifiedName"
      },
      "location-after-char-start": 2802,
      "location-after-char-end": 2856,
      "node-str": "org.tigris.scarab.actions.base.RequireLoginFirstAction"
    },
    {
      "type": "insert-node",
      "node": {
        "label": "org.tigris.scarab.om.ScarabUser",
        "type": "QualifiedName"
      },
      "location-after-char-start": 2865,
      "location-after-char-end": 2896,
      "node-str": "org.tigris.scarab.om.ScarabUser"
    },
    {
      "type": "insert-node",
      "node": {
        "label": "org.tigris.scarab.om.Query",
        "type": "QualifiedName"
      },
      "location-after-char-start": 2905,
      "location-after-char-end": 2931,
      "node-str": "org.tigris.scarab.om.Query"
    },
    {
      "type": "insert-node",
      "node": {
        "label": "org.tigris.scarab.om.Module",
        "type": "QualifiedName"
      },
      "location-after-char-start": 2940,
      "location-after-char-end": 2967,
      "node-str": "org.tigris.scarab.om.Module"
    },
    {
      "type": "insert-node",
      "node": {
        "label": "org.tigris.scarab.om.ModuleManager",
        "type": "QualifiedName"
      },
      "location-after-char-start": 2976,
      "location-after-char-end": 3010,
      "node-str": "org.tigris.scarab.om.ModuleManager"
    },
    {
      "type": "insert-node",
      "node": {
        "label": "org.tigris.scarab.om.Scope",
        "type": "QualifiedName"
      },
      "location-after-char-start": 3019,
      "location-after-char-end": 3045,
      "node-str": "org.tigris.scarab.om.Scope"
    },
    {
      "type": "insert-node",
      "node": {
        "label": "org.tigris.scarab.om.MITList",
        "type": "QualifiedName"
      },
      "location-after-char-start": 3054,
      "location-after-char-end": 3082,
      "node-str": "org.tigris.scarab.om.MITList"
    },
    {
      "type": "insert-node",
      "node": {
        "label": "org.tigris.scarab.services.security.ScarabSecurity",
        "type": "QualifiedName"
      },
      "location-after-char-start": 3091,
      "location-after-char-end": 3141,
      "node-str": "org.tigris.scarab.services.security.ScarabSecurity"
    },
    {
      "type": "insert-node",
      "node": {
        "label": "org.tigris.scarab.tools.ScarabRequestTool",
        "type": "QualifiedName"
      },
      "location-after-char-start": 3150,
      "location-after-char-end": 3191,
      "node-str": "org.tigris.scarab.tools.ScarabRequestTool"
    },
    {
      "type": "insert-node",
      "node": {
        "label": "org.tigris.scarab.tools.ScarabLocalizationTool",
        "type": "QualifiedName"
      },
      "location-after-char-start": 3200,
      "location-after-char-end": 3246,
      "node-str": "org.tigris.scarab.tools.ScarabLocalizationTool"
    },
    {
      "type": "insert-node",
      "node": {
        "label": "org.tigris.scarab.util.ScarabConstants",
        "type": "QualifiedName"
      },
      "location-after-char-start": 3255,
      "location-after-char-end": 3293,
      "node-str": "org.tigris.scarab.util.ScarabConstants"
    },
    {
      "type": "insert-node",
      "node": {
        "label": "org.tigris.scarab.util.ScarabConstants",
        "type": "QualifiedName"
      },
      "location-after-char-start": 3302,
      "location-after-char-end": 3340,
      "node-str": "org.tigris.scarab.util.ScarabConstants"
    },
    {
      "type": "insert-node",
      "node": {
        "label": "",
        "type": "Javadoc"
      },
      "location-after-char-start": 3343,
      "location-after-char-end": 3608,
      "node-str": ""
    },
    {
      "type": "insert-node",
      "node": {
        "label": "public",
        "type": "Modifier"
      },
      "location-after-char-start": 3609,
      "location-after-char-end": 3615,
      "node-str": "public"
    },
    {
      "type": "insert-node",
      "node": {
        "label": "class",
        "type": "TYPE_DECLARATION_KIND"
      },
      "location-after-char-start": 3616,
      "location-after-char-end": 3621,
      "node-str": "class"
    },
    {
      "type": "insert-node",
      "node": {
        "label": "Search",
        "type": "SimpleName"
      },
      "location-after-char-start": 3622,
      "location-after-char-end": 3628,
      "node-str": "Search"
    },
    {
      "type": "insert-node",
      "node": {
        "label": "",
        "type": "SimpleType"
      },
      "location-after-char-start": 3637,
      "location-after-char-end": 3660,
      "node-str": ""
    },
    {
      "type": "insert-node",
      "node": {
        "label": "",
        "type": "MethodDeclaration"
      },
      "location-after-char-start": 12833,
      "location-after-char-end": 13090,
      "node-str": ""
    },
    {
      "type": "insert-node",
      "node": {
        "label": "",
        "type": "TagElement"
      },
      "location-after-char-start": 3351,
      "location-after-char-end": 3391,
      "node-str": ""
    },
    {
      "type": "insert-node",
      "node": {
        "label": "",
        "type": "TagElement"
      },
      "location-after-char-start": 3398,
      "location-after-char-end": 3462,
      "node-str": ""
    },
    {
      "type": "insert-node",
      "node": {
        "label": "",
        "type": "TagElement"
      },
      "location-after-char-start": 3466,
      "location-after-char-end": 3525,
      "node-str": ""
    },
    {
      "type": "insert-node",
      "node": {
        "label": "",
        "type": "TagElement"
      },
      "location-after-char-start": 3529,
      "location-after-char-end": 3587,
      "node-str": ""
    },
    {
      "type": "insert-node",
      "node": {
        "label": "",
        "type": "TagElement"
      },
      "location-after-char-start": 3591,
      "location-after-char-end": 3604,
      "node-str": ""
    },
    {
      "type": "insert-node",
      "node": {
        "label": "RequireLoginFirstAction",
        "type": "SimpleName"
      },
      "location-after-char-start": 3637,
      "location-after-char-end": 3660,
      "node-str": "RequireLoginFirstAction"
    },
    {
      "type": "insert-node",
      "node": {
        "label": "",
        "type": "Javadoc"
      },
      "location-after-char-start": 12833,
      "location-after-char-end": 12879,
      "node-str": ""
    },
    {
      "type": "insert-node",
      "node": {
        "label": "public",
        "type": "Modifier"
      },
      "location-after-char-start": 12884,
      "location-after-char-end": 12890,
      "node-str": "public"
    },
    {
      "type": "insert-node",
      "node": {
        "label": "void",
        "type": "PrimitiveType"
      },
      "location-after-char-start": 12891,
      "location-after-char-end": 12895,
      "node-str": "void"
    },
    {
      "type": "insert-node",
      "node": {
        "label": "doRefinequery",
        "type": "SimpleName"
      },
      "location-after-char-start": 12896,
      "location-after-char-end": 12909,
      "node-str": "doRefinequery"
    },
    {
      "type": "insert-node",
      "node": {
        "label": "",
        "type": "SingleVariableDeclaration"
      },
      "location-after-char-start": 12910,
      "location-after-char-end": 12922,
      "node-str": ""
    },
    {
      "type": "insert-node",
      "node": {
        "label": "",
        "type": "SingleVariableDeclaration"
      },
      "location-after-char-start": 12924,
      "location-after-char-end": 12947,
      "node-str": ""
    },
    {
      "type": "insert-node",
      "node": {
        "label": "",
        "type": "SimpleType"
      },
      "location-after-char-start": 12965,
      "location-after-char-end": 12974,
      "node-str": ""
    },
    {
      "type": "insert-node",
      "node": {
        "label": "",
        "type": "Block"
      },
      "location-after-char-start": 12979,
      "location-after-char-end": 13090,
      "node-str": ""
    },
    {
      "type": "insert-node",
      "node": {
        "label": "This class is responsible for searching.",
        "type": "TextElement"
      },
      "location-after-char-start": 3351,
      "location-after-char-end": 3391,
      "node-str": "This class is responsible for searching."
    },
    {
      "type": "insert-node",
      "node": {
        "label": " \u003ca href\u003d\"mailto:jmcnally@collab.net\"\u003eJohn D. McNally\u003c/a\u003e",
        "type": "TextElement"
      },
      "location-after-char-start": 3405,
      "location-after-char-end": 3462,
      "node-str": " \u003ca href\u003d\"mailto:jmcnally@collab.net\"\u003eJohn D. McNally\u003c/a\u003e"
    },
    {
      "type": "insert-node",
      "node": {
        "label": " \u003ca href\u003d\"mailto:elicia@collab.net\"\u003eElicia David\u003c/a\u003e",
        "type": "TextElement"
      },
      "location-after-char-start": 3473,
      "location-after-char-end": 3525,
      "node-str": " \u003ca href\u003d\"mailto:elicia@collab.net\"\u003eElicia David\u003c/a\u003e"
    },
    {
      "type": "insert-node",
      "node": {
        "label": " \u003ca href\u003d\"mailto:jon@collab.net\"\u003eJon S. Stevens\u003c/a\u003e",
        "type": "TextElement"
      },
      "location-after-char-start": 3536,
      "location-after-char-end": 3587,
      "node-str": " \u003ca href\u003d\"mailto:jon@collab.net\"\u003eJon S. Stevens\u003c/a\u003e"
    },
    {
      "type": "insert-node",
      "node": {
        "label": " $Id$",
        "type": "TextElement"
      },
      "location-after-char-start": 3599,
      "location-after-char-end": 3604,
      "node-str": " $Id$"
    },
    {
      "type": "insert-node",
      "node": {
        "label": "",
        "type": "TagElement"
      },
      "location-after-char-start": 12845,
      "location-after-char-end": 12872,
      "node-str": ""
    },
    {
      "type": "insert-node",
      "node": {
        "label": "",
        "type": "SimpleType"
      },
      "location-after-char-start": 12910,
      "location-after-char-end": 12917,
      "node-str": ""
    },
    {
      "type": "insert-node",
      "node": {
        "label": "data",
        "type": "SimpleName"
      },
      "location-after-char-start": 12918,
      "location-after-char-end": 12922,
      "node-str": "data"
    },
    {
      "type": "insert-node",
      "node": {
        "label": "",
        "type": "SimpleType"
      },
      "location-after-char-start": 12924,
      "location-after-char-end": 12939,
      "node-str": ""
    },
    {
      "type": "insert-node",
      "node": {
        "label": "context",
        "type": "SimpleName"
      },
      "location-after-char-start": 12940,
      "location-after-char-end": 12947,
      "node-str": "context"
    },
    {
      "type": "insert-node",
      "node": {
        "label": "Exception",
        "type": "SimpleName"
      },
      "location-after-char-start": 12965,
      "location-after-char-end": 12974,
      "node-str": "Exception"
    },
    {
      "type": "insert-node",
      "node": {
        "label": "",
        "type": "ExpressionStatement"
      },
      "location-after-char-start": 12997,
      "location-after-char-end": 13027,
      "node-str": ""
    },
    {
      "type": "move-subtree",
      "node": {
        "label": "",
        "type": "ExpressionStatement"
      },
      "location-before-char-start": 13092,
      "location-before-char-end": 13128,
      "location-after-char-start": 13036,
      "location-after-char-end": 13072,
      "node-str": ""
    },
    {
      "type": "insert-node",
      "node": {
        "label": "redirects to AdvancedQuery.",
        "type": "TextElement"
      },
      "location-after-char-start": 12845,
      "location-after-char-end": 12872,
      "node-str": "redirects to AdvancedQuery."
    },
    {
      "type": "insert-node",
      "node": {
        "label": "RunData",
        "type": "SimpleName"
      },
      "location-after-char-start": 12910,
      "location-after-char-end": 12917,
      "node-str": "RunData"
    },
    {
      "type": "insert-node",
      "node": {
        "label": "TemplateContext",
        "type": "SimpleName"
      },
      "location-after-char-start": 12924,
      "location-after-char-end": 12939,
      "node-str": "TemplateContext"
    },
    {
      "type": "insert-node",
      "node": {
        "label": "",
        "type": "MethodInvocation"
      },
      "location-after-char-start": 12997,
      "location-after-char-end": 13026,
      "node-str": ""
    },
    {
      "type": "insert-node",
      "node": {
        "label": "",
        "type": "METHOD_INVOCATION_RECEIVER"
      },
      "location-after-char-start": 12997,
      "location-after-char-end": 13004,
      "node-str": ""
    },
    {
      "type": "insert-node",
      "node": {
        "label": "put",
        "type": "SimpleName"
      },
      "location-after-char-start": 13005,
      "location-after-char-end": 13008,
      "node-str": "put"
    },
    {
      "type": "insert-node",
      "node": {
        "label": "",
        "type": "METHOD_INVOCATION_ARGUMENTS"
      },
      "location-after-char-start": 13009,
      "location-after-char-end": 13025,
      "node-str": ""
    },
    {
      "type": "insert-node",
      "node": {
        "label": "context",
        "type": "SimpleName"
      },
      "location-after-char-start": 12997,
      "location-after-char-end": 13004,
      "node-str": "context"
    },
    {
      "type": "insert-node",
      "node": {
        "label": "\"refine\"",
        "type": "StringLiteral"
      },
      "location-after-char-start": 13009,
      "location-after-char-end": 13017,
      "node-str": "\"refine\""
    },
    {
      "type": "insert-node",
      "node": {
        "label": "\"true\"",
        "type": "StringLiteral"
      },
      "location-after-char-start": 13019,
      "location-after-char-end": 13025,
      "node-str": "\"true\""
    },
    {
      "type": "delete-node",
      "node": {
        "label": "org.tigris.scarab.actions",
        "type": "QualifiedName"
      },
      "location-before-char-start": 8,
      "location-before-char-end": 33,
      "node-str": "org.tigris.scarab.actions"
    },
    {
      "type": "delete-node",
      "node": {
        "label": "",
        "type": "PackageDeclaration"
      },
      "location-before-char-start": 0,
      "location-before-char-end": 34,
      "node-str": ""
    },
    {
      "type": "delete-node",
      "node": {
        "label": "java.util.List",
        "type": "QualifiedName"
      },
      "location-before-char-start": 2377,
      "location-before-char-end": 2391,
      "node-str": "java.util.List"
    },
    {
      "type": "delete-node",
      "node": {
        "label": "",
        "type": "ImportDeclaration"
      },
      "location-before-char-start": 2370,
      "location-before-char-end": 2392,
      "node-str": ""
    },
    {
      "type": "delete-node",
      "node": {
        "label": "java.util.ArrayList",
        "type": "QualifiedName"
      },
      "location-before-char-start": 2400,
      "location-before-char-end": 2419,
      "node-str": "java.util.ArrayList"
    },
    {
      "type": "delete-node",
      "node": {
        "label": "",
        "type": "ImportDeclaration"
      },
      "location-before-char-start": 2393,
      "location-before-char-end": 2420,
      "node-str": ""
    },
    {
      "type": "delete-node",
      "node": {
        "label": "org.apache.turbine.ParameterParser",
        "type": "QualifiedName"
      },
      "location-before-char-start": 2447,
      "location-before-char-end": 2481,
      "node-str": "org.apache.turbine.ParameterParser"
    },
    {
      "type": "delete-node",
      "node": {
        "label": "",
        "type": "ImportDeclaration"
      },
      "location-before-char-start": 2440,
      "location-before-char-end": 2482,
      "node-str": ""
    },
    {
      "type": "delete-node",
      "node": {
        "label": "org.apache.turbine.Turbine",
        "type": "QualifiedName"
      },
      "location-before-char-start": 2491,
      "location-before-char-end": 2517,
      "node-str": "org.apache.turbine.Turbine"
    },
    {
      "type": "delete-node",
      "node": {
        "label": "",
        "type": "ImportDeclaration"
      },
      "location-before-char-start": 2484,
      "location-before-char-end": 2518,
      "node-str": ""
    },
    {
      "type": "delete-node",
      "node": {
        "label": "org.apache.turbine.TemplateContext",
        "type": "QualifiedName"
      },
      "location-before-char-start": 2526,
      "location-before-char-end": 2560,
      "node-str": "org.apache.turbine.TemplateContext"
    },
    {
      "type": "delete-node",
      "node": {
        "label": "",
        "type": "ImportDeclaration"
      },
      "location-before-char-start": 2519,
      "location-before-char-end": 2561,
      "node-str": ""
    },
    {
      "type": "delete-node",
      "node": {
        "label": "org.apache.turbine.RunData",
        "type": "QualifiedName"
      },
      "location-before-char-start": 2569,
      "location-before-char-end": 2595,
      "node-str": "org.apache.turbine.RunData"
    },
    {
      "type": "delete-node",
      "node": {
        "label": "",
        "type": "ImportDeclaration"
      },
      "location-before-char-start": 2562,
      "location-before-char-end": 2596,
      "node-str": ""
    },
    {
      "type": "delete-node",
      "node": {
        "label": "org.apache.commons.lang.StringUtils",
        "type": "QualifiedName"
      },
      "location-before-char-start": 2605,
      "location-before-char-end": 2640,
      "node-str": "org.apache.commons.lang.StringUtils"
    },
    {
      "type": "delete-node",
      "node": {
        "label": "",
        "type": "ImportDeclaration"
      },
      "location-before-char-start": 2598,
      "location-before-char-end": 2641,
      "node-str": ""
    },
    {
      "type": "delete-node",
      "node": {
        "label": "org.apache.turbine.tool.IntakeTool",
        "type": "QualifiedName"
      },
      "location-before-char-start": 2650,
      "location-before-char-end": 2684,
      "node-str": "org.apache.turbine.tool.IntakeTool"
    },
    {
      "type": "delete-node",
      "node": {
        "label": "",
        "type": "ImportDeclaration"
      },
      "location-before-char-start": 2643,
      "location-before-char-end": 2685,
      "node-str": ""
    },
    {
      "type": "delete-node",
      "node": {
        "label": "org.apache.fulcrum.intake.model.Group",
        "type": "QualifiedName"
      },
      "location-before-char-start": 2693,
      "location-before-char-end": 2730,
      "node-str": "org.apache.fulcrum.intake.model.Group"
    },
    {
      "type": "delete-node",
      "node": {
        "label": "",
        "type": "ImportDeclaration"
      },
      "location-before-char-start": 2686,
      "location-before-char-end": 2731,
      "node-str": ""
    },
    {
      "type": "delete-node",
      "node": {
        "label": "org.apache.fulcrum.intake.model.Field",
        "type": "QualifiedName"
      },
      "location-before-char-start": 2739,
      "location-before-char-end": 2776,
      "node-str": "org.apache.fulcrum.intake.model.Field"
    },
    {
      "type": "delete-node",
      "node": {
        "label": "",
        "type": "ImportDeclaration"
      },
      "location-before-char-start": 2732,
      "location-before-char-end": 2777,
      "node-str": ""
    },
    {
      "type": "delete-node",
      "node": {
        "label": "org.tigris.scarab.actions.base.RequireLoginFirstAction",
        "type": "QualifiedName"
      },
      "location-before-char-start": 2802,
      "location-before-char-end": 2856,
      "node-str": "org.tigris.scarab.actions.base.RequireLoginFirstAction"
    },
    {
      "type": "delete-node",
      "node": {
        "label": "",
        "type": "ImportDeclaration"
      },
      "location-before-char-start": 2795,
      "location-before-char-end": 2857,
      "node-str": ""
    },
    {
      "type": "delete-node",
      "node": {
        "label": "org.tigris.scarab.om.ScarabUser",
        "type": "QualifiedName"
      },
      "location-before-char-start": 2865,
      "location-before-char-end": 2896,
      "node-str": "org.tigris.scarab.om.ScarabUser"
    },
    {
      "type": "delete-node",
      "node": {
        "label": "",
        "type": "ImportDeclaration"
      },
      "location-before-char-start": 2858,
      "location-before-char-end": 2897,
      "node-str": ""
    },
    {
      "type": "delete-node",
      "node": {
        "label": "org.tigris.scarab.om.Query",
        "type": "QualifiedName"
      },
      "location-before-char-start": 2905,
      "location-before-char-end": 2931,
      "node-str": "org.tigris.scarab.om.Query"
    },
    {
      "type": "delete-node",
      "node": {
        "label": "",
        "type": "ImportDeclaration"
      },
      "location-before-char-start": 2898,
      "location-before-char-end": 2932,
      "node-str": ""
    },
    {
      "type": "delete-node",
      "node": {
        "label": "org.tigris.scarab.om.Module",
        "type": "QualifiedName"
      },
      "location-before-char-start": 2940,
      "location-before-char-end": 2967,
      "node-str": "org.tigris.scarab.om.Module"
    },
    {
      "type": "delete-node",
      "node": {
        "label": "",
        "type": "ImportDeclaration"
      },
      "location-before-char-start": 2933,
      "location-before-char-end": 2968,
      "node-str": ""
    },
    {
      "type": "delete-node",
      "node": {
        "label": "org.tigris.scarab.om.ModuleManager",
        "type": "QualifiedName"
      },
      "location-before-char-start": 2976,
      "location-before-char-end": 3010,
      "node-str": "org.tigris.scarab.om.ModuleManager"
    },
    {
      "type": "delete-node",
      "node": {
        "label": "",
        "type": "ImportDeclaration"
      },
      "location-before-char-start": 2969,
      "location-before-char-end": 3011,
      "node-str": ""
    },
    {
      "type": "delete-node",
      "node": {
        "label": "org.tigris.scarab.om.Scope",
        "type": "QualifiedName"
      },
      "location-before-char-start": 3019,
      "location-before-char-end": 3045,
      "node-str": "org.tigris.scarab.om.Scope"
    },
    {
      "type": "delete-node",
      "node": {
        "label": "",
        "type": "ImportDeclaration"
      },
      "location-before-char-start": 3012,
      "location-before-char-end": 3046,
      "node-str": ""
    },
    {
      "type": "delete-node",
      "node": {
        "label": "org.tigris.scarab.om.MITList",
        "type": "QualifiedName"
      },
      "location-before-char-start": 3054,
      "location-before-char-end": 3082,
      "node-str": "org.tigris.scarab.om.MITList"
    },
    {
      "type": "delete-node",
      "node": {
        "label": "",
        "type": "ImportDeclaration"
      },
      "location-before-char-start": 3047,
      "location-before-char-end": 3083,
      "node-str": ""
    },
    {
      "type": "delete-node",
      "node": {
        "label": "org.tigris.scarab.services.security.ScarabSecurity",
        "type": "QualifiedName"
      },
      "location-before-char-start": 3091,
      "location-before-char-end": 3141,
      "node-str": "org.tigris.scarab.services.security.ScarabSecurity"
    },
    {
      "type": "delete-node",
      "node": {
        "label": "",
        "type": "ImportDeclaration"
      },
      "location-before-char-start": 3084,
      "location-before-char-end": 3142,
      "node-str": ""
    },
    {
      "type": "delete-node",
      "node": {
        "label": "org.tigris.scarab.tools.ScarabRequestTool",
        "type": "QualifiedName"
      },
      "location-before-char-start": 3150,
      "location-before-char-end": 3191,
      "node-str": "org.tigris.scarab.tools.ScarabRequestTool"
    },
    {
      "type": "delete-node",
      "node": {
        "label": "",
        "type": "ImportDeclaration"
      },
      "location-before-char-start": 3143,
      "location-before-char-end": 3192,
      "node-str": ""
    },
    {
      "type": "delete-node",
      "node": {
        "label": "org.tigris.scarab.tools.ScarabLocalizationTool",
        "type": "QualifiedName"
      },
      "location-before-char-start": 3200,
      "location-before-char-end": 3246,
      "node-str": "org.tigris.scarab.tools.ScarabLocalizationTool"
    },
    {
      "type": "delete-node",
      "node": {
        "label": "",
        "type": "ImportDeclaration"
      },
      "location-before-char-start": 3193,
      "location-before-char-end": 3247,
      "node-str": ""
    },
    {
      "type": "delete-node",
      "node": {
        "label": "org.tigris.scarab.util.ScarabConstants",
        "type": "QualifiedName"
      },
      "location-before-char-start": 3255,
      "location-before-char-end": 3293,
      "node-str": "org.tigris.scarab.util.ScarabConstants"
    },
    {
      "type": "delete-node",
      "node": {
        "label": "",
        "type": "ImportDeclaration"
      },
      "location-before-char-start": 3248,
      "location-before-char-end": 3294,
      "node-str": ""
    },
    {
      "type": "delete-node",
      "node": {
        "label": "org.tigris.scarab.util.ScarabConstants",
        "type": "QualifiedName"
      },
      "location-before-char-start": 3302,
      "location-before-char-end": 3340,
      "node-str": "org.tigris.scarab.util.ScarabConstants"
    },
    {
      "type": "delete-node",
      "node": {
        "label": "",
        "type": "ImportDeclaration"
      },
      "location-before-char-start": 3295,
      "location-before-char-end": 3341,
      "node-str": ""
    },
    {
      "type": "delete-node",
      "node": {
        "label": "This class is responsible for searching.",
        "type": "TextElement"
      },
      "location-before-char-start": 3351,
      "location-before-char-end": 3391,
      "node-str": "This class is responsible for searching."
    },
    {
      "type": "delete-node",
      "node": {
        "label": "",
        "type": "TagElement"
      },
      "location-before-char-start": 3351,
      "location-before-char-end": 3391,
      "node-str": ""
    },
    {
      "type": "delete-node",
      "node": {
        "label": " \u003ca href\u003d\"mailto:jmcnally@collab.net\"\u003eJohn D. McNally\u003c/a\u003e",
        "type": "TextElement"
      },
      "location-before-char-start": 3405,
      "location-before-char-end": 3462,
      "node-str": " \u003ca href\u003d\"mailto:jmcnally@collab.net\"\u003eJohn D. McNally\u003c/a\u003e"
    },
    {
      "type": "delete-node",
      "node": {
        "label": "",
        "type": "TagElement"
      },
      "location-before-char-start": 3398,
      "location-before-char-end": 3462,
      "node-str": ""
    },
    {
      "type": "delete-node",
      "node": {
        "label": " \u003ca href\u003d\"mailto:elicia@collab.net\"\u003eElicia David\u003c/a\u003e",
        "type": "TextElement"
      },
      "location-before-char-start": 3473,
      "location-before-char-end": 3525,
      "node-str": " \u003ca href\u003d\"mailto:elicia@collab.net\"\u003eElicia David\u003c/a\u003e"
    },
    {
      "type": "delete-node",
      "node": {
        "label": "",
        "type": "TagElement"
      },
      "location-before-char-start": 3466,
      "location-before-char-end": 3525,
      "node-str": ""
    },
    {
      "type": "delete-node",
      "node": {
        "label": " \u003ca href\u003d\"mailto:jon@collab.net\"\u003eJon S. Stevens\u003c/a\u003e",
        "type": "TextElement"
      },
      "location-before-char-start": 3536,
      "location-before-char-end": 3587,
      "node-str": " \u003ca href\u003d\"mailto:jon@collab.net\"\u003eJon S. Stevens\u003c/a\u003e"
    },
    {
      "type": "delete-node",
      "node": {
        "label": "",
        "type": "TagElement"
      },
      "location-before-char-start": 3529,
      "location-before-char-end": 3587,
      "node-str": ""
    },
    {
      "type": "delete-node",
      "node": {
        "label": " $Id$",
        "type": "TextElement"
      },
      "location-before-char-start": 3599,
      "location-before-char-end": 3604,
      "node-str": " $Id$"
    },
    {
      "type": "delete-node",
      "node": {
        "label": "",
        "type": "TagElement"
      },
      "location-before-char-start": 3591,
      "location-before-char-end": 3604,
      "node-str": ""
    },
    {
      "type": "delete-node",
      "node": {
        "label": "",
        "type": "Javadoc"
      },
      "location-before-char-start": 3343,
      "location-before-char-end": 3608,
      "node-str": ""
    },
    {
      "type": "delete-node",
      "node": {
        "label": "public",
        "type": "Modifier"
      },
      "location-before-char-start": 3609,
      "location-before-char-end": 3615,
      "node-str": "public"
    },
    {
      "type": "delete-node",
      "node": {
        "label": "class",
        "type": "TYPE_DECLARATION_KIND"
      },
      "location-before-char-start": 3616,
      "location-before-char-end": 3621,
      "node-str": "class"
    },
    {
      "type": "delete-node",
      "node": {
        "label": "Search",
        "type": "SimpleName"
      },
      "location-before-char-start": 3622,
      "location-before-char-end": 3628,
      "node-str": "Search"
    },
    {
      "type": "delete-node",
      "node": {
        "label": "RequireLoginFirstAction",
        "type": "SimpleName"
      },
      "location-before-char-start": 3637,
      "location-before-char-end": 3660,
      "node-str": "RequireLoginFirstAction"
    },
    {
      "type": "delete-node",
      "node": {
        "label": "",
        "type": "SimpleType"
      },
      "location-before-char-start": 3637,
      "location-before-char-end": 3660,
      "node-str": ""
    },
    {
      "type": "delete-node",
      "node": {
        "label": "redirects to AdvancedQuery.",
        "type": "TextElement"
      },
      "location-before-char-start": 12845,
      "location-before-char-end": 12872,
      "node-str": "redirects to AdvancedQuery."
    },
    {
      "type": "delete-node",
      "node": {
        "label": "",
        "type": "TagElement"
      },
      "location-before-char-start": 12845,
      "location-before-char-end": 12872,
      "node-str": ""
    },
    {
      "type": "delete-node",
      "node": {
        "label": "",
        "type": "Javadoc"
      },
      "location-before-char-start": 12833,
      "location-before-char-end": 12879,
      "node-str": ""
    },
    {
      "type": "delete-node",
      "node": {
        "label": "public",
        "type": "Modifier"
      },
      "location-before-char-start": 12884,
      "location-before-char-end": 12890,
      "node-str": "public"
    },
    {
      "type": "delete-node",
      "node": {
        "label": "void",
        "type": "PrimitiveType"
      },
      "location-before-char-start": 12891,
      "location-before-char-end": 12895,
      "node-str": "void"
    },
    {
      "type": "delete-node",
      "node": {
        "label": "doRefinequery",
        "type": "SimpleName"
      },
      "location-before-char-start": 12896,
      "location-before-char-end": 12909,
      "node-str": "doRefinequery"
    },
    {
      "type": "delete-node",
      "node": {
        "label": "RunData",
        "type": "SimpleName"
      },
      "location-before-char-start": 12910,
      "location-before-char-end": 12917,
      "node-str": "RunData"
    },
    {
      "type": "delete-node",
      "node": {
        "label": "",
        "type": "SimpleType"
      },
      "location-before-char-start": 12910,
      "location-before-char-end": 12917,
      "node-str": ""
    },
    {
      "type": "delete-node",
      "node": {
        "label": "data",
        "type": "SimpleName"
      },
      "location-before-char-start": 12918,
      "location-before-char-end": 12922,
      "node-str": "data"
    },
    {
      "type": "delete-node",
      "node": {
        "label": "",
        "type": "SingleVariableDeclaration"
      },
      "location-before-char-start": 12910,
      "location-before-char-end": 12922,
      "node-str": ""
    },
    {
      "type": "delete-node",
      "node": {
        "label": "TemplateContext",
        "type": "SimpleName"
      },
      "location-before-char-start": 12924,
      "location-before-char-end": 12939,
      "node-str": "TemplateContext"
    },
    {
      "type": "delete-node",
      "node": {
        "label": "",
        "type": "SimpleType"
      },
      "location-before-char-start": 12924,
      "location-before-char-end": 12939,
      "node-str": ""
    },
    {
      "type": "delete-node",
      "node": {
        "label": "context",
        "type": "SimpleName"
      },
      "location-before-char-start": 12940,
      "location-before-char-end": 12947,
      "node-str": "context"
    },
    {
      "type": "delete-node",
      "node": {
        "label": "",
        "type": "SingleVariableDeclaration"
      },
      "location-before-char-start": 12924,
      "location-before-char-end": 12947,
      "node-str": ""
    },
    {
      "type": "delete-node",
      "node": {
        "label": "Exception",
        "type": "SimpleName"
      },
      "location-before-char-start": 12965,
      "location-before-char-end": 12974,
      "node-str": "Exception"
    },
    {
      "type": "delete-node",
      "node": {
        "label": "",
        "type": "SimpleType"
      },
      "location-before-char-start": 12965,
      "location-before-char-end": 12974,
      "node-str": ""
    },
    {
      "type": "delete-node",
      "node": {
        "label": "context",
        "type": "SimpleName"
      },
      "location-before-char-start": 12997,
      "location-before-char-end": 13004,
      "node-str": "context"
    },
    {
      "type": "delete-node",
      "node": {
        "label": "",
        "type": "METHOD_INVOCATION_RECEIVER"
      },
      "location-before-char-start": 12997,
      "location-before-char-end": 13004,
      "node-str": ""
    },
    {
      "type": "delete-node",
      "node": {
        "label": "put",
        "type": "SimpleName"
      },
      "location-before-char-start": 13005,
      "location-before-char-end": 13008,
      "node-str": "put"
    },
    {
      "type": "delete-node",
      "node": {
        "label": "\"searchPutInContext\"",
        "type": "StringLiteral"
      },
      "location-before-char-start": 13009,
      "location-before-char-end": 13029,
      "node-str": "\"searchPutInContext\""
    },
    {
      "type": "delete-node",
      "node": {
        "label": "getScarabRequestTool",
        "type": "SimpleName"
      },
      "location-before-char-start": 13031,
      "location-before-char-end": 13051,
      "node-str": "getScarabRequestTool"
    },
    {
      "type": "delete-node",
      "node": {
        "label": "context",
        "type": "SimpleName"
      },
      "location-before-char-start": 13052,
      "location-before-char-end": 13059,
      "node-str": "context"
    },
    {
      "type": "delete-node",
      "node": {
        "label": "",
        "type": "METHOD_INVOCATION_ARGUMENTS"
      },
      "location-before-char-start": 13052,
      "location-before-char-end": 13059,
      "node-str": ""
    },
    {
      "type": "delete-node",
      "node": {
        "label": "",
        "type": "MethodInvocation"
      },
      "location-before-char-start": 13031,
      "location-before-char-end": 13060,
      "node-str": ""
    },
    {
      "type": "delete-node",
      "node": {
        "label": "",
        "type": "METHOD_INVOCATION_RECEIVER"
      },
      "location-before-char-start": 13031,
      "location-before-char-end": 13060,
      "node-str": ""
    },
    {
      "type": "delete-node",
      "node": {
        "label": "getPopulatedSearch",
        "type": "SimpleName"
      },
      "location-before-char-start": 13061,
      "location-before-char-end": 13079,
      "node-str": "getPopulatedSearch"
    },
    {
      "type": "delete-node",
      "node": {
        "label": "",
        "type": "MethodInvocation"
      },
      "location-before-char-start": 13031,
      "location-before-char-end": 13081,
      "node-str": ""
    },
    {
      "type": "delete-node",
      "node": {
        "label": "",
        "type": "METHOD_INVOCATION_ARGUMENTS"
      },
      "location-before-char-start": 13009,
      "location-before-char-end": 13081,
      "node-str": ""
    },
    {
      "type": "delete-node",
      "node": {
        "label": "",
        "type": "MethodInvocation"
      },
      "location-before-char-start": 12997,
      "location-before-char-end": 13082,
      "node-str": ""
    },
    {
      "type": "delete-node",
      "node": {
        "label": "",
        "type": "ExpressionStatement"
      },
      "location-before-char-start": 12997,
      "location-before-char-end": 13083,
      "node-str": ""
    },
    {
      "type": "delete-node",
      "node": {
        "label": "",
        "type": "Block"
      },
      "location-before-char-start": 12979,
      "location-before-char-end": 13146,
      "node-str": ""
    },
    {
      "type": "delete-node",
      "node": {
        "label": "",
        "type": "MethodDeclaration"
      },
      "location-before-char-start": 12833,
      "location-before-char-end": 13146,
      "node-str": ""
    }
  ],
  "before-file": {},
  "after-file": {},
  "mapping": {}
}