{
  "tool-info": {},
  "diff": [
    {
      "type": "insert-node",
      "node": {
        "label": "AnnotatedDescriptionTest",
        "type": "Class"
      },
      "location-after-char-start": 371,
      "location-after-char-end": 2234,
      "node-str": "AnnotatedDescriptionTest"
    },
    {
      "type": "move-subtree",
      "node": {
        "label": "public",
        "type": "Modifier"
      },
      "location-before-char-start": 0,
      "location-before-char-end": 0,
      "location-after-char-start": 0,
      "location-after-char-end": 0,
      "node-str": "public"
    },
    {
      "type": "move-subtree",
      "node": {
        "label": "MyOwnAnnotation",
        "type": "AnnotationType"
      },
      "location-before-char-start": 412,
      "location-before-char-end": 487,
      "location-after-char-start": 412,
      "location-after-char-end": 487,
      "node-str": "MyOwnAnnotation"
    },
    {
      "type": "move-subtree",
      "node": {
        "label": "AnnotatedClass",
        "type": "Class"
      },
      "location-before-char-start": 491,
      "location-before-char-end": 579,
      "location-after-char-start": 491,
      "location-after-char-end": 579,
      "node-str": "AnnotatedClass"
    },
    {
      "type": "move-subtree",
      "node": {
        "label": "annotationsExistOnDescriptionsOfClasses",
        "type": "Method"
      },
      "location-before-char-start": 583,
      "location-before-char-end": 745,
      "location-after-char-start": 583,
      "location-after-char-end": 745,
      "node-str": "annotationsExistOnDescriptionsOfClasses"
    },
    {
      "type": "move-subtree",
      "node": {
        "label": "getAnnotationsReturnsAllAnnotations",
        "type": "Method"
      },
      "location-before-char-start": 749,
      "location-before-char-end": 894,
      "location-after-char-start": 749,
      "location-after-char-end": 894,
      "node-str": "getAnnotationsReturnsAllAnnotations"
    },
    {
      "type": "move-subtree",
      "node": {
        "label": "IgnoredClass",
        "type": "Class"
      },
      "location-before-char-start": 898,
      "location-before-char-end": 975,
      "location-after-char-start": 898,
      "location-after-char-end": 975,
      "node-str": "IgnoredClass"
    },
    {
      "type": "move-subtree",
      "node": {
        "label": "annotationsExistOnDescriptionsOfIgnoredClass",
        "type": "Method"
      },
      "location-before-char-start": 979,
      "location-before-char-end": 1130,
      "location-after-char-start": 979,
      "location-after-char-end": 1130,
      "node-str": "annotationsExistOnDescriptionsOfIgnoredClass"
    },
    {
      "type": "move-subtree",
      "node": {
        "label": "ValuedAnnotation",
        "type": "AnnotationType"
      },
      "location-before-char-start": 1134,
      "location-before-char-end": 1227,
      "location-after-char-start": 1134,
      "location-after-char-end": 1227,
      "node-str": "ValuedAnnotation"
    },
    {
      "type": "move-subtree",
      "node": {
        "label": "ValueAnnotatedClass",
        "type": "Class"
      },
      "location-before-char-start": 1231,
      "location-before-char-end": 1334,
      "location-after-char-start": 1231,
      "location-after-char-end": 1334,
      "node-str": "ValueAnnotatedClass"
    },
    {
      "type": "move-subtree",
      "node": {
        "label": "descriptionOfTestClassHasValuedAnnotation",
        "type": "Method"
      },
      "location-before-char-start": 1338,
      "location-before-char-end": 1557,
      "location-after-char-start": 1338,
      "location-after-char-end": 1557,
      "node-str": "descriptionOfTestClassHasValuedAnnotation"
    },
    {
      "type": "insert-node",
      "node": {
        "label": "childlessCopyOfDescriptionStillHasAnnotations",
        "type": "Method"
      },
      "location-after-char-start": 1561,
      "location-after-char-end": 1800,
      "node-str": "childlessCopyOfDescriptionStillHasAnnotations"
    },
    {
      "type": "move-subtree",
      "node": {
        "label": "characterizeCreatingMyOwnAnnotation",
        "type": "Method"
      },
      "location-before-char-start": 1561,
      "location-before-char-end": 1868,
      "location-after-char-start": 1804,
      "location-after-char-end": 2111,
      "node-str": "characterizeCreatingMyOwnAnnotation"
    },
    {
      "type": "move-subtree",
      "node": {
        "label": "describe",
        "type": "Method"
      },
      "location-before-char-start": 1872,
      "location-before-char-end": 1989,
      "location-after-char-start": 2115,
      "location-after-char-end": 2232,
      "node-str": "describe"
    },
    {
      "type": "insert-node",
      "node": {
        "label": "void",
        "type": "RETURN_TYPE"
      },
      "location-after-char-start": 0,
      "location-after-char-end": 0,
      "node-str": "void"
    },
    {
      "type": "insert-node",
      "node": {
        "label": "public",
        "type": "Modifier"
      },
      "location-after-char-start": 0,
      "location-after-char-end": 0,
      "node-str": "public"
    },
    {
      "type": "insert-node",
      "node": {
        "label": "",
        "type": "Annotation"
      },
      "location-after-char-start": 1561,
      "location-after-char-end": 1565,
      "node-str": ""
    },
    {
      "type": "insert-node",
      "node": {
        "label": "description",
        "type": "LocalVariable"
      },
      "location-after-char-start": 1632,
      "location-after-char-end": 1692,
      "node-str": "description"
    },
    {
      "type": "insert-node",
      "node": {
        "label": "assertEquals",
        "type": "Invocation"
      },
      "location-after-char-start": 1696,
      "location-after-char-end": 1797,
      "node-str": "assertEquals"
    },
    {
      "type": "insert-node",
      "node": {
        "label": "org.junit.runner.Description",
        "type": "VARIABLE_TYPE"
      },
      "location-after-char-start": 0,
      "location-after-char-end": 0,
      "node-str": "org.junit.runner.Description"
    },
    {
      "type": "insert-node",
      "node": {
        "label": "describe",
        "type": "Invocation"
      },
      "location-after-char-start": 1657,
      "location-after-char-end": 1691,
      "node-str": "describe"
    },
    {
      "type": "insert-node",
      "node": {
        "label": "\"hello\"",
        "type": "Literal"
      },
      "location-after-char-start": 1709,
      "location-after-char-end": 1715,
      "node-str": "\"hello\""
    },
    {
      "type": "insert-node",
      "node": {
        "label": "value",
        "type": "Invocation"
      },
      "location-after-char-start": 1718,
      "location-after-char-end": 1795,
      "node-str": "value"
    },
    {
      "type": "insert-node",
      "node": {
        "label": "org.junit.tests.description.AnnotatedDescriptionTest",
        "type": "TypeAccess"
      },
      "location-after-char-start": 0,
      "location-after-char-end": 0,
      "node-str": "org.junit.tests.description.AnnotatedDescriptionTest"
    },
    {
      "type": "insert-node",
      "node": {
        "label": "class",
        "type": "FieldRead"
      },
      "location-after-char-start": 1666,
      "location-after-char-end": 1690,
      "node-str": "class"
    },
    {
      "type": "insert-node",
      "node": {
        "label": "getAnnotation",
        "type": "Invocation"
      },
      "location-after-char-start": 1718,
      "location-after-char-end": 1782,
      "node-str": "getAnnotation"
    },
    {
      "type": "insert-node",
      "node": {
        "label": "org.junit.tests.description.AnnotatedDescriptionTest$ValueAnnotatedClass",
        "type": "TypeAccess"
      },
      "location-after-char-start": 0,
      "location-after-char-end": 0,
      "node-str": "org.junit.tests.description.AnnotatedDescriptionTest$ValueAnnotatedClass"
    },
    {
      "type": "insert-node",
      "node": {
        "label": "childlessCopy",
        "type": "Invocation"
      },
      "location-after-char-start": 1718,
      "location-after-char-end": 1744,
      "node-str": "childlessCopy"
    },
    {
      "type": "insert-node",
      "node": {
        "label": "class",
        "type": "FieldRead"
      },
      "location-after-char-start": 1760,
      "location-after-char-end": 1781,
      "node-str": "class"
    },
    {
      "type": "insert-node",
      "node": {
        "label": "description",
        "type": "VariableRead"
      },
      "location-after-char-start": 1718,
      "location-after-char-end": 1728,
      "node-str": "description"
    },
    {
      "type": "insert-node",
      "node": {
        "label": "org.junit.tests.description.AnnotatedDescriptionTest$ValuedAnnotation",
        "type": "TypeAccess"
      },
      "location-after-char-start": 0,
      "location-after-char-end": 0,
      "node-str": "org.junit.tests.description.AnnotatedDescriptionTest$ValuedAnnotation"
    },
    {
      "type": "delete-node",
      "node": {
        "label": "AnnotatedDescriptionTest",
        "type": "Class"
      },
      "location-before-char-start": 371,
      "location-before-char-end": 1991,
      "node-str": "AnnotatedDescriptionTest"
    }
  ],
  "before-file": {},
  "after-file": {},
  "mapping": {}
}