{
  "tool-info": {},
  "diff": [
    {
      "type": "insert-node",
      "node": {
        "label": "",
        "type": "PackageDeclaration"
      },
      "location-after-char-start": 2730,
      "location-after-char-end": 2764,
      "node-str": ""
    },
    {
      "type": "insert-node",
      "node": {
        "label": "",
        "type": "ImportDeclaration"
      },
      "location-after-char-start": 2766,
      "location-after-char-end": 2798,
      "node-str": ""
    },
    {
      "type": "insert-node",
      "node": {
        "label": "",
        "type": "ImportDeclaration"
      },
      "location-after-char-start": 2799,
      "location-after-char-end": 2831,
      "node-str": ""
    },
    {
      "type": "insert-node",
      "node": {
        "label": "",
        "type": "ImportDeclaration"
      },
      "location-after-char-start": 2832,
      "location-after-char-end": 2868,
      "node-str": ""
    },
    {
      "type": "insert-node",
      "node": {
        "label": "",
        "type": "ImportDeclaration"
      },
      "location-after-char-start": 2869,
      "location-after-char-end": 2886,
      "node-str": ""
    },
    {
      "type": "insert-node",
      "node": {
        "label": "",
        "type": "ImportDeclaration"
      },
      "location-after-char-start": 2887,
      "location-after-char-end": 2905,
      "node-str": ""
    },
    {
      "type": "insert-node",
      "node": {
        "label": "",
        "type": "ImportDeclaration"
      },
      "location-after-char-start": 2906,
      "location-after-char-end": 2925,
      "node-str": ""
    },
    {
      "type": "insert-node",
      "node": {
        "label": "",
        "type": "ImportDeclaration"
      },
      "location-after-char-start": 2926,
      "location-after-char-end": 2954,
      "node-str": ""
    },
    {
      "type": "insert-node",
      "node": {
        "label": "",
        "type": "ImportDeclaration"
      },
      "location-after-char-start": 2955,
      "location-after-char-end": 2976,
      "node-str": ""
    },
    {
      "type": "insert-node",
      "node": {
        "label": "org.apache.tomcat.request",
        "type": "QualifiedName"
      },
      "location-after-char-start": 2738,
      "location-after-char-end": 2763,
      "node-str": "org.apache.tomcat.request"
    },
    {
      "type": "insert-node",
      "node": {
        "label": "org.apache.tomcat.core",
        "type": "QualifiedName"
      },
      "location-after-char-start": 2773,
      "location-after-char-end": 2795,
      "node-str": "org.apache.tomcat.core"
    },
    {
      "type": "insert-node",
      "node": {
        "label": "org.apache.tomcat.util",
        "type": "QualifiedName"
      },
      "location-after-char-start": 2806,
      "location-after-char-end": 2828,
      "node-str": "org.apache.tomcat.util"
    },
    {
      "type": "insert-node",
      "node": {
        "label": "org.apache.tomcat.util.xml",
        "type": "QualifiedName"
      },
      "location-after-char-start": 2839,
      "location-after-char-end": 2865,
      "node-str": "org.apache.tomcat.util.xml"
    },
    {
      "type": "insert-node",
      "node": {
        "label": "java.io",
        "type": "QualifiedName"
      },
      "location-after-char-start": 2876,
      "location-after-char-end": 2883,
      "node-str": "java.io"
    },
    {
      "type": "insert-node",
      "node": {
        "label": "java.net",
        "type": "QualifiedName"
      },
      "location-after-char-start": 2894,
      "location-after-char-end": 2902,
      "node-str": "java.net"
    },
    {
      "type": "insert-node",
      "node": {
        "label": "java.util",
        "type": "QualifiedName"
      },
      "location-after-char-start": 2913,
      "location-after-char-end": 2922,
      "node-str": "java.util"
    },
    {
      "type": "insert-node",
      "node": {
        "label": "javax.servlet.http",
        "type": "QualifiedName"
      },
      "location-after-char-start": 2933,
      "location-after-char-end": 2951,
      "node-str": "javax.servlet.http"
    },
    {
      "type": "insert-node",
      "node": {
        "label": "org.xml.sax",
        "type": "QualifiedName"
      },
      "location-after-char-start": 2962,
      "location-after-char-end": 2973,
      "node-str": "org.xml.sax"
    },
    {
      "type": "insert-node",
      "node": {
        "label": "",
        "type": "Javadoc"
      },
      "location-after-char-start": 2978,
      "location-after-char-end": 3236,
      "node-str": ""
    },
    {
      "type": "insert-node",
      "node": {
        "label": "public",
        "type": "Modifier"
      },
      "location-after-char-start": 3237,
      "location-after-char-end": 3243,
      "node-str": "public"
    },
    {
      "type": "insert-node",
      "node": {
        "label": "class",
        "type": "TYPE_DECLARATION_KIND"
      },
      "location-after-char-start": 3244,
      "location-after-char-end": 3249,
      "node-str": "class"
    },
    {
      "type": "insert-node",
      "node": {
        "label": "SecurityCheck",
        "type": "SimpleName"
      },
      "location-after-char-start": 3250,
      "location-after-char-end": 3263,
      "node-str": "SecurityCheck"
    },
    {
      "type": "insert-node",
      "node": {
        "label": "",
        "type": "SimpleType"
      },
      "location-after-char-start": 3273,
      "location-after-char-end": 3288,
      "node-str": ""
    },
    {
      "type": "insert-node",
      "node": {
        "label": "",
        "type": "FieldDeclaration"
      },
      "location-after-char-start": 3295,
      "location-after-char-end": 3319,
      "node-str": ""
    },
    {
      "type": "insert-node",
      "node": {
        "label": "",
        "type": "FieldDeclaration"
      },
      "location-after-char-start": 3324,
      "location-after-char-end": 3336,
      "node-str": ""
    },
    {
      "type": "insert-node",
      "node": {
        "label": "",
        "type": "MethodDeclaration"
      },
      "location-after-char-start": 3346,
      "location-after-char-end": 3376,
      "node-str": ""
    },
    {
      "type": "insert-node",
      "node": {
        "label": "",
        "type": "TagElement"
      },
      "location-after-char-start": 2985,
      "location-after-char-end": 3228,
      "node-str": ""
    },
    {
      "type": "insert-node",
      "node": {
        "label": "BaseInterceptor",
        "type": "SimpleName"
      },
      "location-after-char-start": 3273,
      "location-after-char-end": 3288,
      "node-str": "BaseInterceptor"
    },
    {
      "type": "insert-node",
      "node": {
        "label": "",
        "type": "SimpleType"
      },
      "location-after-char-start": 3295,
      "location-after-char-end": 3306,
      "node-str": ""
    },
    {
      "type": "insert-node",
      "node": {
        "label": "",
        "type": "VariableDeclarationFragment"
      },
      "location-after-char-start": 3307,
      "location-after-char-end": 3318,
      "node-str": ""
    },
    {
      "type": "insert-node",
      "node": {
        "label": "int",
        "type": "PrimitiveType"
      },
      "location-after-char-start": 3324,
      "location-after-char-end": 3327,
      "node-str": "int"
    },
    {
      "type": "insert-node",
      "node": {
        "label": "",
        "type": "VariableDeclarationFragment"
      },
      "location-after-char-start": 3328,
      "location-after-char-end": 3335,
      "node-str": ""
    },
    {
      "type": "insert-node",
      "node": {
        "label": "public",
        "type": "Modifier"
      },
      "location-after-char-start": 3346,
      "location-after-char-end": 3352,
      "node-str": "public"
    },
    {
      "type": "insert-node",
      "node": {
        "label": "SecurityCheck",
        "type": "SimpleName"
      },
      "location-after-char-start": 3353,
      "location-after-char-end": 3366,
      "node-str": "SecurityCheck"
    },
    {
      "type": "insert-node",
      "node": {
        "label": "",
        "type": "Block"
      },
      "location-after-char-start": 3369,
      "location-after-char-end": 3376,
      "node-str": ""
    },
    {
      "type": "insert-node",
      "node": {
        "label": "public",
        "type": "Modifier"
      },
      "location-after-char-start": 3383,
      "location-after-char-end": 3389,
      "node-str": "public"
    },
    {
      "type": "insert-node",
      "node": {
        "label": "void",
        "type": "PrimitiveType"
      },
      "location-after-char-start": 3390,
      "location-after-char-end": 3394,
      "node-str": "void"
    },
    {
      "type": "insert-node",
      "node": {
        "label": "contextInit",
        "type": "SimpleName"
      },
      "location-after-char-start": 3395,
      "location-after-char-end": 3406,
      "node-str": "contextInit"
    },
    {
      "type": "insert-node",
      "node": {
        "label": "",
        "type": "SingleVariableDeclaration"
      },
      "location-after-char-start": 3408,
      "location-after-char-end": 3419,
      "node-str": ""
    },
    {
      "type": "insert-node",
      "node": {
        "label": "",
        "type": "SimpleType"
      },
      "location-after-char-start": 3429,
      "location-after-char-end": 3444,
      "node-str": ""
    },
    {
      "type": "insert-node",
      "node": {
        "label": "public",
        "type": "Modifier"
      },
      "location-after-char-start": 4663,
      "location-after-char-end": 4669,
      "node-str": "public"
    },
    {
      "type": "insert-node",
      "node": {
        "label": "int",
        "type": "PrimitiveType"
      },
      "location-after-char-start": 4670,
      "location-after-char-end": 4673,
      "node-str": "int"
    },
    {
      "type": "insert-node",
      "node": {
        "label": "authenticate",
        "type": "SimpleName"
      },
      "location-after-char-start": 4674,
      "location-after-char-end": 4686,
      "node-str": "authenticate"
    },
    {
      "type": "insert-node",
      "node": {
        "label": "",
        "type": "SingleVariableDeclaration"
      },
      "location-after-char-start": 4688,
      "location-after-char-end": 4699,
      "node-str": ""
    },
    {
      "type": "insert-node",
      "node": {
        "label": "",
        "type": "SingleVariableDeclaration"
      },
      "location-after-char-start": 4701,
      "location-after-char-end": 4718,
      "node-str": ""
    },
    {
      "type": "insert-node",
      "node": {
        "label": "Will process the request and determine the session Id, and set it",
        "type": "TextElement"
      },
      "location-after-char-start": 2985,
      "location-after-char-end": 3050,
      "node-str": "Will process the request and determine the session Id, and set it"
    },
    {
      "type": "insert-node",
      "node": {
        "label": "in the Request.",
        "type": "TextElement"
      },
      "location-after-char-start": 3054,
      "location-after-char-end": 3069,
      "node-str": "in the Request."
    },
    {
      "type": "insert-node",
      "node": {
        "label": "It also marks the session as accessed.",
        "type": "TextElement"
      },
      "location-after-char-start": 3073,
      "location-after-char-end": 3111,
      "node-str": "It also marks the session as accessed."
    },
    {
      "type": "insert-node",
      "node": {
        "label": "This implementation only handles Cookies sessions, please extend or",
        "type": "TextElement"
      },
      "location-after-char-start": 3118,
      "location-after-char-end": 3185,
      "node-str": "This implementation only handles Cookies sessions, please extend or"
    },
    {
      "type": "insert-node",
      "node": {
        "label": "add new interceptors for other methods.",
        "type": "TextElement"
      },
      "location-after-char-start": 3189,
      "location-after-char-end": 3228,
      "node-str": "add new interceptors for other methods."
    },
    {
      "type": "insert-node",
      "node": {
        "label": "MemoryRealm",
        "type": "SimpleName"
      },
      "location-after-char-start": 3295,
      "location-after-char-end": 3306,
      "node-str": "MemoryRealm"
    },
    {
      "type": "insert-node",
      "node": {
        "label": "memoryRealm",
        "type": "SimpleName"
      },
      "location-after-char-start": 3307,
      "location-after-char-end": 3318,
      "node-str": "memoryRealm"
    },
    {
      "type": "insert-node",
      "node": {
        "label": "debug",
        "type": "SimpleName"
      },
      "location-after-char-start": 3328,
      "location-after-char-end": 3333,
      "node-str": "debug"
    },
    {
      "type": "insert-node",
      "node": {
        "label": "0",
        "type": "NumberLiteral"
      },
      "location-after-char-start": 3334,
      "location-after-char-end": 3335,
      "node-str": "0"
    },
    {
      "type": "insert-node",
      "node": {
        "label": "",
        "type": "SimpleType"
      },
      "location-after-char-start": 3408,
      "location-after-char-end": 3415,
      "node-str": ""
    },
    {
      "type": "insert-node",
      "node": {
        "label": "ctx",
        "type": "SimpleName"
      },
      "location-after-char-start": 3416,
      "location-after-char-end": 3419,
      "node-str": "ctx"
    },
    {
      "type": "insert-node",
      "node": {
        "label": "TomcatException",
        "type": "SimpleName"
      },
      "location-after-char-start": 3429,
      "location-after-char-end": 3444,
      "node-str": "TomcatException"
    },
    {
      "type": "insert-node",
      "node": {
        "label": "",
        "type": "SimpleType"
      },
      "location-after-char-start": 4688,
      "location-after-char-end": 4695,
      "node-str": ""
    },
    {
      "type": "insert-node",
      "node": {
        "label": "req",
        "type": "SimpleName"
      },
      "location-after-char-start": 4696,
      "location-after-char-end": 4699,
      "node-str": "req"
    },
    {
      "type": "insert-node",
      "node": {
        "label": "",
        "type": "SimpleType"
      },
      "location-after-char-start": 4701,
      "location-after-char-end": 4709,
      "node-str": ""
    },
    {
      "type": "insert-node",
      "node": {
        "label": "response",
        "type": "SimpleName"
      },
      "location-after-char-start": 4710,
      "location-after-char-end": 4718,
      "node-str": "response"
    },
    {
      "type": "insert-node",
      "node": {
        "label": "",
        "type": "ReturnStatement"
      },
      "location-after-char-start": 7076,
      "location-after-char-end": 7085,
      "node-str": ""
    },
    {
      "type": "insert-node",
      "node": {
        "label": "Context",
        "type": "SimpleName"
      },
      "location-after-char-start": 3408,
      "location-after-char-end": 3415,
      "node-str": "Context"
    },
    {
      "type": "insert-node",
      "node": {
        "label": "",
        "type": "MethodInvocation"
      },
      "location-after-char-start": 3660,
      "location-after-char-end": 3709,
      "node-str": ""
    },
    {
      "type": "insert-node",
      "node": {
        "label": "Request",
        "type": "SimpleName"
      },
      "location-after-char-start": 4688,
      "location-after-char-end": 4695,
      "node-str": "Request"
    },
    {
      "type": "insert-node",
      "node": {
        "label": "Response",
        "type": "SimpleName"
      },
      "location-after-char-start": 4701,
      "location-after-char-end": 4709,
      "node-str": "Response"
    },
    {
      "type": "insert-node",
      "node": {
        "label": "",
        "type": "MethodInvocation"
      },
      "location-after-char-start": 6145,
      "location-after-char-end": 6185,
      "node-str": ""
    },
    {
      "type": "insert-node",
      "node": {
        "label": "0",
        "type": "NumberLiteral"
      },
      "location-after-char-start": 7083,
      "location-after-char-end": 7084,
      "node-str": "0"
    },
    {
      "type": "insert-node",
      "node": {
        "label": "",
        "type": "METHOD_INVOCATION_RECEIVER"
      },
      "location-after-char-start": 3660,
      "location-after-char-end": 3679,
      "node-str": ""
    },
    {
      "type": "insert-node",
      "node": {
        "label": "equals",
        "type": "SimpleName"
      },
      "location-after-char-start": 3680,
      "location-after-char-end": 3686,
      "node-str": "equals"
    },
    {
      "type": "move-subtree",
      "node": {
        "label": "",
        "type": "METHOD_INVOCATION_ARGUMENTS"
      },
      "location-before-char-start": 3675,
      "location-before-char-end": 3694,
      "location-after-char-start": 3688,
      "location-after-char-end": 3707,
      "node-str": ""
    },
    {
      "type": "insert-node",
      "node": {
        "label": "",
        "type": "METHOD_INVOCATION_RECEIVER"
      },
      "location-after-char-start": 6145,
      "location-after-char-end": 6164,
      "node-str": ""
    },
    {
      "type": "insert-node",
      "node": {
        "label": "equals",
        "type": "SimpleName"
      },
      "location-after-char-start": 6165,
      "location-after-char-end": 6171,
      "node-str": "equals"
    },
    {
      "type": "insert-node",
      "node": {
        "label": "",
        "type": "METHOD_INVOCATION_ARGUMENTS"
      },
      "location-after-char-start": 6173,
      "location-after-char-end": 6183,
      "node-str": ""
    },
    {
      "type": "insert-node",
      "node": {
        "label": "\"EXPERIMENTAL_FORM\"",
        "type": "StringLiteral"
      },
      "location-after-char-start": 3660,
      "location-after-char-end": 3679,
      "node-str": "\"EXPERIMENTAL_FORM\""
    },
    {
      "type": "insert-node",
      "node": {
        "label": "\"EXPERIMENTAL_FORM\"",
        "type": "StringLiteral"
      },
      "location-after-char-start": 6145,
      "location-after-char-end": 6164,
      "node-str": "\"EXPERIMENTAL_FORM\""
    },
    {
      "type": "insert-node",
      "node": {
        "label": "authMethod",
        "type": "SimpleName"
      },
      "location-after-char-start": 6173,
      "location-after-char-end": 6183,
      "node-str": "authMethod"
    },
    {
      "type": "delete-node",
      "node": {
        "label": "org.apache.tomcat.request",
        "type": "QualifiedName"
      },
      "location-before-char-start": 2738,
      "location-before-char-end": 2763,
      "node-str": "org.apache.tomcat.request"
    },
    {
      "type": "delete-node",
      "node": {
        "label": "",
        "type": "PackageDeclaration"
      },
      "location-before-char-start": 2730,
      "location-before-char-end": 2764,
      "node-str": ""
    },
    {
      "type": "delete-node",
      "node": {
        "label": "org.apache.tomcat.core",
        "type": "QualifiedName"
      },
      "location-before-char-start": 2773,
      "location-before-char-end": 2795,
      "node-str": "org.apache.tomcat.core"
    },
    {
      "type": "delete-node",
      "node": {
        "label": "",
        "type": "ImportDeclaration"
      },
      "location-before-char-start": 2766,
      "location-before-char-end": 2798,
      "node-str": ""
    },
    {
      "type": "delete-node",
      "node": {
        "label": "org.apache.tomcat.util",
        "type": "QualifiedName"
      },
      "location-before-char-start": 2806,
      "location-before-char-end": 2828,
      "node-str": "org.apache.tomcat.util"
    },
    {
      "type": "delete-node",
      "node": {
        "label": "",
        "type": "ImportDeclaration"
      },
      "location-before-char-start": 2799,
      "location-before-char-end": 2831,
      "node-str": ""
    },
    {
      "type": "delete-node",
      "node": {
        "label": "org.apache.tomcat.util.xml",
        "type": "QualifiedName"
      },
      "location-before-char-start": 2839,
      "location-before-char-end": 2865,
      "node-str": "org.apache.tomcat.util.xml"
    },
    {
      "type": "delete-node",
      "node": {
        "label": "",
        "type": "ImportDeclaration"
      },
      "location-before-char-start": 2832,
      "location-before-char-end": 2868,
      "node-str": ""
    },
    {
      "type": "delete-node",
      "node": {
        "label": "java.io",
        "type": "QualifiedName"
      },
      "location-before-char-start": 2876,
      "location-before-char-end": 2883,
      "node-str": "java.io"
    },
    {
      "type": "delete-node",
      "node": {
        "label": "",
        "type": "ImportDeclaration"
      },
      "location-before-char-start": 2869,
      "location-before-char-end": 2886,
      "node-str": ""
    },
    {
      "type": "delete-node",
      "node": {
        "label": "java.net",
        "type": "QualifiedName"
      },
      "location-before-char-start": 2894,
      "location-before-char-end": 2902,
      "node-str": "java.net"
    },
    {
      "type": "delete-node",
      "node": {
        "label": "",
        "type": "ImportDeclaration"
      },
      "location-before-char-start": 2887,
      "location-before-char-end": 2905,
      "node-str": ""
    },
    {
      "type": "delete-node",
      "node": {
        "label": "java.util",
        "type": "QualifiedName"
      },
      "location-before-char-start": 2913,
      "location-before-char-end": 2922,
      "node-str": "java.util"
    },
    {
      "type": "delete-node",
      "node": {
        "label": "",
        "type": "ImportDeclaration"
      },
      "location-before-char-start": 2906,
      "location-before-char-end": 2925,
      "node-str": ""
    },
    {
      "type": "delete-node",
      "node": {
        "label": "javax.servlet.http",
        "type": "QualifiedName"
      },
      "location-before-char-start": 2933,
      "location-before-char-end": 2951,
      "node-str": "javax.servlet.http"
    },
    {
      "type": "delete-node",
      "node": {
        "label": "",
        "type": "ImportDeclaration"
      },
      "location-before-char-start": 2926,
      "location-before-char-end": 2954,
      "node-str": ""
    },
    {
      "type": "delete-node",
      "node": {
        "label": "org.xml.sax",
        "type": "QualifiedName"
      },
      "location-before-char-start": 2962,
      "location-before-char-end": 2973,
      "node-str": "org.xml.sax"
    },
    {
      "type": "delete-node",
      "node": {
        "label": "",
        "type": "ImportDeclaration"
      },
      "location-before-char-start": 2955,
      "location-before-char-end": 2976,
      "node-str": ""
    },
    {
      "type": "delete-node",
      "node": {
        "label": "Will process the request and determine the session Id, and set it",
        "type": "TextElement"
      },
      "location-before-char-start": 2985,
      "location-before-char-end": 3050,
      "node-str": "Will process the request and determine the session Id, and set it"
    },
    {
      "type": "delete-node",
      "node": {
        "label": "in the Request.",
        "type": "TextElement"
      },
      "location-before-char-start": 3054,
      "location-before-char-end": 3069,
      "node-str": "in the Request."
    },
    {
      "type": "delete-node",
      "node": {
        "label": "It also marks the session as accessed.",
        "type": "TextElement"
      },
      "location-before-char-start": 3073,
      "location-before-char-end": 3111,
      "node-str": "It also marks the session as accessed."
    },
    {
      "type": "delete-node",
      "node": {
        "label": "This implementation only handles Cookies sessions, please extend or",
        "type": "TextElement"
      },
      "location-before-char-start": 3118,
      "location-before-char-end": 3185,
      "node-str": "This implementation only handles Cookies sessions, please extend or"
    },
    {
      "type": "delete-node",
      "node": {
        "label": "add new interceptors for other methods.",
        "type": "TextElement"
      },
      "location-before-char-start": 3189,
      "location-before-char-end": 3228,
      "node-str": "add new interceptors for other methods."
    },
    {
      "type": "delete-node",
      "node": {
        "label": "",
        "type": "TagElement"
      },
      "location-before-char-start": 2985,
      "location-before-char-end": 3228,
      "node-str": ""
    },
    {
      "type": "delete-node",
      "node": {
        "label": "",
        "type": "Javadoc"
      },
      "location-before-char-start": 2978,
      "location-before-char-end": 3236,
      "node-str": ""
    },
    {
      "type": "delete-node",
      "node": {
        "label": "public",
        "type": "Modifier"
      },
      "location-before-char-start": 3237,
      "location-before-char-end": 3243,
      "node-str": "public"
    },
    {
      "type": "delete-node",
      "node": {
        "label": "class",
        "type": "TYPE_DECLARATION_KIND"
      },
      "location-before-char-start": 3244,
      "location-before-char-end": 3249,
      "node-str": "class"
    },
    {
      "type": "delete-node",
      "node": {
        "label": "SecurityCheck",
        "type": "SimpleName"
      },
      "location-before-char-start": 3250,
      "location-before-char-end": 3263,
      "node-str": "SecurityCheck"
    },
    {
      "type": "delete-node",
      "node": {
        "label": "BaseInterceptor",
        "type": "SimpleName"
      },
      "location-before-char-start": 3273,
      "location-before-char-end": 3288,
      "node-str": "BaseInterceptor"
    },
    {
      "type": "delete-node",
      "node": {
        "label": "",
        "type": "SimpleType"
      },
      "location-before-char-start": 3273,
      "location-before-char-end": 3288,
      "node-str": ""
    },
    {
      "type": "delete-node",
      "node": {
        "label": "MemoryRealm",
        "type": "SimpleName"
      },
      "location-before-char-start": 3295,
      "location-before-char-end": 3306,
      "node-str": "MemoryRealm"
    },
    {
      "type": "delete-node",
      "node": {
        "label": "",
        "type": "SimpleType"
      },
      "location-before-char-start": 3295,
      "location-before-char-end": 3306,
      "node-str": ""
    },
    {
      "type": "delete-node",
      "node": {
        "label": "memoryRealm",
        "type": "SimpleName"
      },
      "location-before-char-start": 3307,
      "location-before-char-end": 3318,
      "node-str": "memoryRealm"
    },
    {
      "type": "delete-node",
      "node": {
        "label": "",
        "type": "VariableDeclarationFragment"
      },
      "location-before-char-start": 3307,
      "location-before-char-end": 3318,
      "node-str": ""
    },
    {
      "type": "delete-node",
      "node": {
        "label": "",
        "type": "FieldDeclaration"
      },
      "location-before-char-start": 3295,
      "location-before-char-end": 3319,
      "node-str": ""
    },
    {
      "type": "delete-node",
      "node": {
        "label": "int",
        "type": "PrimitiveType"
      },
      "location-before-char-start": 3324,
      "location-before-char-end": 3327,
      "node-str": "int"
    },
    {
      "type": "delete-node",
      "node": {
        "label": "debug",
        "type": "SimpleName"
      },
      "location-before-char-start": 3328,
      "location-before-char-end": 3333,
      "node-str": "debug"
    },
    {
      "type": "delete-node",
      "node": {
        "label": "0",
        "type": "NumberLiteral"
      },
      "location-before-char-start": 3334,
      "location-before-char-end": 3335,
      "node-str": "0"
    },
    {
      "type": "delete-node",
      "node": {
        "label": "",
        "type": "VariableDeclarationFragment"
      },
      "location-before-char-start": 3328,
      "location-before-char-end": 3335,
      "node-str": ""
    },
    {
      "type": "delete-node",
      "node": {
        "label": "",
        "type": "FieldDeclaration"
      },
      "location-before-char-start": 3324,
      "location-before-char-end": 3336,
      "node-str": ""
    },
    {
      "type": "delete-node",
      "node": {
        "label": "public",
        "type": "Modifier"
      },
      "location-before-char-start": 3346,
      "location-before-char-end": 3352,
      "node-str": "public"
    },
    {
      "type": "delete-node",
      "node": {
        "label": "SecurityCheck",
        "type": "SimpleName"
      },
      "location-before-char-start": 3353,
      "location-before-char-end": 3366,
      "node-str": "SecurityCheck"
    },
    {
      "type": "delete-node",
      "node": {
        "label": "",
        "type": "Block"
      },
      "location-before-char-start": 3369,
      "location-before-char-end": 3376,
      "node-str": ""
    },
    {
      "type": "delete-node",
      "node": {
        "label": "",
        "type": "MethodDeclaration"
      },
      "location-before-char-start": 3346,
      "location-before-char-end": 3376,
      "node-str": ""
    },
    {
      "type": "delete-node",
      "node": {
        "label": "public",
        "type": "Modifier"
      },
      "location-before-char-start": 3383,
      "location-before-char-end": 3389,
      "node-str": "public"
    },
    {
      "type": "delete-node",
      "node": {
        "label": "void",
        "type": "PrimitiveType"
      },
      "location-before-char-start": 3390,
      "location-before-char-end": 3394,
      "node-str": "void"
    },
    {
      "type": "delete-node",
      "node": {
        "label": "contextInit",
        "type": "SimpleName"
      },
      "location-before-char-start": 3395,
      "location-before-char-end": 3406,
      "node-str": "contextInit"
    },
    {
      "type": "delete-node",
      "node": {
        "label": "Context",
        "type": "SimpleName"
      },
      "location-before-char-start": 3408,
      "location-before-char-end": 3415,
      "node-str": "Context"
    },
    {
      "type": "delete-node",
      "node": {
        "label": "",
        "type": "SimpleType"
      },
      "location-before-char-start": 3408,
      "location-before-char-end": 3415,
      "node-str": ""
    },
    {
      "type": "delete-node",
      "node": {
        "label": "ctx",
        "type": "SimpleName"
      },
      "location-before-char-start": 3416,
      "location-before-char-end": 3419,
      "node-str": "ctx"
    },
    {
      "type": "delete-node",
      "node": {
        "label": "",
        "type": "SingleVariableDeclaration"
      },
      "location-before-char-start": 3408,
      "location-before-char-end": 3419,
      "node-str": ""
    },
    {
      "type": "delete-node",
      "node": {
        "label": "TomcatException",
        "type": "SimpleName"
      },
      "location-before-char-start": 3429,
      "location-before-char-end": 3444,
      "node-str": "TomcatException"
    },
    {
      "type": "delete-node",
      "node": {
        "label": "",
        "type": "SimpleType"
      },
      "location-before-char-start": 3429,
      "location-before-char-end": 3444,
      "node-str": ""
    },
    {
      "type": "delete-node",
      "node": {
        "label": "\"FORM\"",
        "type": "StringLiteral"
      },
      "location-before-char-start": 3660,
      "location-before-char-end": 3666,
      "node-str": "\"FORM\""
    },
    {
      "type": "delete-node",
      "node": {
        "label": "",
        "type": "METHOD_INVOCATION_RECEIVER"
      },
      "location-before-char-start": 3660,
      "location-before-char-end": 3666,
      "node-str": ""
    },
    {
      "type": "delete-node",
      "node": {
        "label": "equals",
        "type": "SimpleName"
      },
      "location-before-char-start": 3667,
      "location-before-char-end": 3673,
      "node-str": "equals"
    },
    {
      "type": "delete-node",
      "node": {
        "label": "",
        "type": "MethodInvocation"
      },
      "location-before-char-start": 3660,
      "location-before-char-end": 3696,
      "node-str": ""
    },
    {
      "type": "delete-node",
      "node": {
        "label": "public",
        "type": "Modifier"
      },
      "location-before-char-start": 4650,
      "location-before-char-end": 4656,
      "node-str": "public"
    },
    {
      "type": "delete-node",
      "node": {
        "label": "int",
        "type": "PrimitiveType"
      },
      "location-before-char-start": 4657,
      "location-before-char-end": 4660,
      "node-str": "int"
    },
    {
      "type": "delete-node",
      "node": {
        "label": "authenticate",
        "type": "SimpleName"
      },
      "location-before-char-start": 4661,
      "location-before-char-end": 4673,
      "node-str": "authenticate"
    },
    {
      "type": "delete-node",
      "node": {
        "label": "Request",
        "type": "SimpleName"
      },
      "location-before-char-start": 4675,
      "location-before-char-end": 4682,
      "node-str": "Request"
    },
    {
      "type": "delete-node",
      "node": {
        "label": "",
        "type": "SimpleType"
      },
      "location-before-char-start": 4675,
      "location-before-char-end": 4682,
      "node-str": ""
    },
    {
      "type": "delete-node",
      "node": {
        "label": "req",
        "type": "SimpleName"
      },
      "location-before-char-start": 4683,
      "location-before-char-end": 4686,
      "node-str": "req"
    },
    {
      "type": "delete-node",
      "node": {
        "label": "",
        "type": "SingleVariableDeclaration"
      },
      "location-before-char-start": 4675,
      "location-before-char-end": 4686,
      "node-str": ""
    },
    {
      "type": "delete-node",
      "node": {
        "label": "Response",
        "type": "SimpleName"
      },
      "location-before-char-start": 4688,
      "location-before-char-end": 4696,
      "node-str": "Response"
    },
    {
      "type": "delete-node",
      "node": {
        "label": "",
        "type": "SimpleType"
      },
      "location-before-char-start": 4688,
      "location-before-char-end": 4696,
      "node-str": ""
    },
    {
      "type": "delete-node",
      "node": {
        "label": "response",
        "type": "SimpleName"
      },
      "location-before-char-start": 4697,
      "location-before-char-end": 4705,
      "node-str": "response"
    },
    {
      "type": "delete-node",
      "node": {
        "label": "",
        "type": "SingleVariableDeclaration"
      },
      "location-before-char-start": 4688,
      "location-before-char-end": 4705,
      "node-str": ""
    },
    {
      "type": "delete-node",
      "node": {
        "label": "\"FORM\"",
        "type": "StringLiteral"
      },
      "location-before-char-start": 6132,
      "location-before-char-end": 6138,
      "node-str": "\"FORM\""
    },
    {
      "type": "delete-node",
      "node": {
        "label": "",
        "type": "METHOD_INVOCATION_RECEIVER"
      },
      "location-before-char-start": 6132,
      "location-before-char-end": 6138,
      "node-str": ""
    },
    {
      "type": "delete-node",
      "node": {
        "label": "equals",
        "type": "SimpleName"
      },
      "location-before-char-start": 6139,
      "location-before-char-end": 6145,
      "node-str": "equals"
    },
    {
      "type": "delete-node",
      "node": {
        "label": "authMethod",
        "type": "SimpleName"
      },
      "location-before-char-start": 6147,
      "location-before-char-end": 6157,
      "node-str": "authMethod"
    },
    {
      "type": "delete-node",
      "node": {
        "label": "",
        "type": "METHOD_INVOCATION_ARGUMENTS"
      },
      "location-before-char-start": 6147,
      "location-before-char-end": 6157,
      "node-str": ""
    },
    {
      "type": "delete-node",
      "node": {
        "label": "",
        "type": "MethodInvocation"
      },
      "location-before-char-start": 6132,
      "location-before-char-end": 6159,
      "node-str": ""
    },
    {
      "type": "delete-node",
      "node": {
        "label": "0",
        "type": "NumberLiteral"
      },
      "location-before-char-start": 7057,
      "location-before-char-end": 7058,
      "node-str": "0"
    },
    {
      "type": "delete-node",
      "node": {
        "label": "",
        "type": "ReturnStatement"
      },
      "location-before-char-start": 7050,
      "location-before-char-end": 7059,
      "node-str": ""
    }
  ],
  "before-file": {},
  "after-file": {},
  "mapping": {}
}