{
  "tool-info": {},
  "diff": [
    {
      "type": "insert-node",
      "node": {
        "label": "ServletWrapper",
        "type": "Class"
      },
      "location-after-char-start": 2940,
      "location-after-char-end": 14877,
      "node-str": "ServletWrapper"
    },
    {
      "type": "insert-node",
      "node": {
        "label": "public",
        "type": "Modifier"
      },
      "location-after-char-start": 0,
      "location-after-char-end": 0,
      "node-str": "public"
    },
    {
      "type": "insert-node",
      "node": {
        "label": "",
        "type": "TypeReference"
      },
      "location-after-char-start": 3235,
      "location-after-char-end": 3241,
      "node-str": ""
    },
    {
      "type": "insert-node",
      "node": {
        "label": "servletName",
        "type": "Field"
      },
      "location-after-char-start": 3250,
      "location-after-char-end": 3318,
      "node-str": "servletName"
    },
    {
      "type": "insert-node",
      "node": {
        "label": "servletClassName",
        "type": "Field"
      },
      "location-after-char-start": 3324,
      "location-after-char-end": 3357,
      "node-str": "servletClassName"
    },
    {
      "type": "insert-node",
      "node": {
        "label": "servletClass",
        "type": "Field"
      },
      "location-after-char-start": 3375,
      "location-after-char-end": 3403,
      "node-str": "servletClass"
    },
    {
      "type": "insert-node",
      "node": {
        "label": "servlet",
        "type": "Field"
      },
      "location-after-char-start": 3410,
      "location-after-char-end": 3435,
      "node-str": "servlet"
    },
    {
      "type": "insert-node",
      "node": {
        "label": "configF",
        "type": "Field"
      },
      "location-after-char-start": 3442,
      "location-after-char-end": 3487,
      "node-str": "configF"
    },
    {
      "type": "insert-node",
      "node": {
        "label": "path",
        "type": "Field"
      },
      "location-after-char-start": 3494,
      "location-after-char-end": 3537,
      "node-str": "path"
    },
    {
      "type": "insert-node",
      "node": {
        "label": "description",
        "type": "Field"
      },
      "location-after-char-start": 3544,
      "location-after-char-end": 3608,
      "node-str": "description"
    },
    {
      "type": "insert-node",
      "node": {
        "label": "unavailable",
        "type": "Field"
      },
      "location-after-char-start": 3615,
      "location-after-char-end": 3803,
      "node-str": "unavailable"
    },
    {
      "type": "insert-node",
      "node": {
        "label": "unavailableTime",
        "type": "Field"
      },
      "location-after-char-start": 3809,
      "location-after-char-end": 3832,
      "node-str": "unavailableTime"
    },
    {
      "type": "insert-node",
      "node": {
        "label": "isReloadable",
        "type": "Field"
      },
      "location-after-char-start": 3843,
      "location-after-char-end": 3921,
      "node-str": "isReloadable"
    },
    {
      "type": "insert-node",
      "node": {
        "label": "lastAccessed",
        "type": "Field"
      },
      "location-after-char-start": 3927,
      "location-after-char-end": 4075,
      "node-str": "lastAccessed"
    },
    {
      "type": "insert-node",
      "node": {
        "label": "serviceCount",
        "type": "Field"
      },
      "location-after-char-start": 4081,
      "location-after-char-end": 4111,
      "node-str": "serviceCount"
    },
    {
      "type": "insert-node",
      "node": {
        "label": "loadOnStartup",
        "type": "Field"
      },
      "location-after-char-start": 4122,
      "location-after-char-end": 4141,
      "node-str": "loadOnStartup"
    },
    {
      "type": "insert-node",
      "node": {
        "label": "securityRoleRefs",
        "type": "Field"
      },
      "location-after-char-start": 4148,
      "location-after-char-end": 4190,
      "node-str": "securityRoleRefs"
    },
    {
      "type": "insert-node",
      "node": {
        "label": "\u003cinit\u003e",
        "type": "Constructor"
      },
      "location-after-char-start": 4197,
      "location-after-char-end": 4227,
      "node-str": "\u003cinit\u003e"
    },
    {
      "type": "move-subtree",
      "node": {
        "label": "setContext",
        "type": "Method"
      },
      "location-before-char-start": 4234,
      "location-before-char-end": 4424,
      "location-after-char-start": 4234,
      "location-after-char-end": 4424,
      "node-str": "setContext"
    },
    {
      "type": "insert-node",
      "node": {
        "label": "toString",
        "type": "Method"
      },
      "location-after-char-start": 4431,
      "location-after-char-end": 4520,
      "node-str": "toString"
    },
    {
      "type": "insert-node",
      "node": {
        "label": "setLoadOnStartUp",
        "type": "Method"
      },
      "location-after-char-start": 4531,
      "location-after-char-end": 4658,
      "node-str": "setLoadOnStartUp"
    },
    {
      "type": "move-subtree",
      "node": {
        "label": "setLoadOnStartUp",
        "type": "Method"
      },
      "location-before-char-start": 4660,
      "location-before-char-end": 4757,
      "location-after-char-start": 4665,
      "location-after-char-end": 4762,
      "node-str": "setLoadOnStartUp"
    },
    {
      "type": "insert-node",
      "node": {
        "label": "getLoadOnStartUp",
        "type": "Method"
      },
      "location-after-char-start": 4769,
      "location-after-char-end": 4828,
      "node-str": "getLoadOnStartUp"
    },
    {
      "type": "insert-node",
      "node": {
        "label": "setReloadable",
        "type": "Method"
      },
      "location-after-char-start": 4839,
      "location-after-char-end": 4912,
      "node-str": "setReloadable"
    },
    {
      "type": "move-subtree",
      "node": {
        "label": "getServletName",
        "type": "Method"
      },
      "location-before-char-start": 4914,
      "location-before-char-end": 4994,
      "location-after-char-start": 4919,
      "location-after-char-end": 4999,
      "node-str": "getServletName"
    },
    {
      "type": "move-subtree",
      "node": {
        "label": "setServletName",
        "type": "Method"
      },
      "location-before-char-start": 5001,
      "location-before-char-end": 5111,
      "location-after-char-start": 5006,
      "location-after-char-end": 5116,
      "node-str": "setServletName"
    },
    {
      "type": "move-subtree",
      "node": {
        "label": "getServletDescription",
        "type": "Method"
      },
      "location-before-char-start": 5118,
      "location-before-char-end": 5195,
      "location-after-char-start": 5123,
      "location-after-char-end": 5200,
      "node-str": "getServletDescription"
    },
    {
      "type": "insert-node",
      "node": {
        "label": "setDescription",
        "type": "Method"
      },
      "location-after-char-start": 5207,
      "location-after-char-end": 5268,
      "node-str": "setDescription"
    },
    {
      "type": "move-subtree",
      "node": {
        "label": "setServletDescription",
        "type": "Method"
      },
      "location-before-char-start": 5274,
      "location-before-char-end": 5374,
      "location-after-char-start": 5279,
      "location-after-char-end": 5379,
      "node-str": "setServletDescription"
    },
    {
      "type": "move-subtree",
      "node": {
        "label": "getServletClass",
        "type": "Method"
      },
      "location-before-char-start": 5381,
      "location-before-char-end": 5457,
      "location-after-char-start": 5386,
      "location-after-char-end": 5462,
      "node-str": "getServletClass"
    },
    {
      "type": "move-subtree",
      "node": {
        "label": "setServletClass",
        "type": "Method"
      },
      "location-before-char-start": 5464,
      "location-before-char-end": 5698,
      "location-after-char-start": 5469,
      "location-after-char-end": 5703,
      "node-str": "setServletClass"
    },
    {
      "type": "insert-node",
      "node": {
        "label": "addSecurityMapping",
        "type": "Method"
      },
      "location-after-char-start": 5710,
      "location-after-char-end": 5946,
      "node-str": "addSecurityMapping"
    },
    {
      "type": "move-subtree",
      "node": {
        "label": "getSecurityRole",
        "type": "Method"
      },
      "location-before-char-start": 5948,
      "location-before-char-end": 6045,
      "location-after-char-start": 5953,
      "location-after-char-end": 6050,
      "node-str": "getSecurityRole"
    },
    {
      "type": "move-subtree",
      "node": {
        "label": "getPath",
        "type": "Method"
      },
      "location-before-char-start": 6052,
      "location-before-char-end": 6188,
      "location-after-char-start": 6057,
      "location-after-char-end": 6193,
      "node-str": "getPath"
    },
    {
      "type": "move-subtree",
      "node": {
        "label": "setPath",
        "type": "Method"
      },
      "location-before-char-start": 6195,
      "location-before-char-end": 6260,
      "location-after-char-start": 6200,
      "location-after-char-end": 6265,
      "node-str": "setPath"
    },
    {
      "type": "move-subtree",
      "node": {
        "label": "getServlet",
        "type": "Method"
      },
      "location-before-char-start": 6267,
      "location-before-char-end": 6463,
      "location-after-char-start": 6272,
      "location-after-char-end": 6468,
      "node-str": "getServlet"
    },
    {
      "type": "move-subtree",
      "node": {
        "label": "doDestroy",
        "type": "Method"
      },
      "location-before-char-start": 6470,
      "location-before-char-end": 7255,
      "location-after-char-start": 6475,
      "location-after-char-end": 7260,
      "node-str": "doDestroy"
    },
    {
      "type": "move-subtree",
      "node": {
        "label": "loadServlet",
        "type": "Method"
      },
      "location-before-char-start": 7262,
      "location-before-char-end": 8062,
      "location-after-char-start": 7267,
      "location-after-char-end": 8067,
      "node-str": "loadServlet"
    },
    {
      "type": "move-subtree",
      "node": {
        "label": "init",
        "type": "Method"
      },
      "location-before-char-start": 8069,
      "location-before-char-end": 8774,
      "location-after-char-start": 8074,
      "location-after-char-end": 8779,
      "node-str": "init"
    },
    {
      "type": "move-subtree",
      "node": {
        "label": "doInit",
        "type": "Method"
      },
      "location-before-char-start": 8781,
      "location-before-char-end": 9606,
      "location-after-char-start": 8786,
      "location-after-char-end": 9611,
      "node-str": "doInit"
    },
    {
      "type": "move-subtree",
      "node": {
        "label": "service",
        "type": "Method"
      },
      "location-before-char-start": 9613,
      "location-before-char-end": 10632,
      "location-after-char-start": 9618,
      "location-after-char-end": 10637,
      "node-str": "service"
    },
    {
      "type": "move-subtree",
      "node": {
        "label": "doService",
        "type": "Method"
      },
      "location-before-char-start": 10639,
      "location-before-char-end": 10954,
      "location-after-char-start": 10644,
      "location-after-char-end": 10959,
      "node-str": "doService"
    },
    {
      "type": "move-subtree",
      "node": {
        "label": "handleReload",
        "type": "Method"
      },
      "location-before-char-start": 10961,
      "location-before-char-end": 12545,
      "location-after-char-start": 10966,
      "location-after-char-end": 12550,
      "node-str": "handleReload"
    },
    {
      "type": "insert-node",
      "node": {
        "label": "handleJspInit",
        "type": "Method"
      },
      "location-after-char-start": 12558,
      "location-after-char-end": 13134,
      "node-str": "handleJspInit"
    },
    {
      "type": "move-subtree",
      "node": {
        "label": "stillUnavailable",
        "type": "Method"
      },
      "location-before-char-start": 13141,
      "location-before-char-end": 13710,
      "location-after-char-start": 13146,
      "location-after-char-end": 13715,
      "node-str": "stillUnavailable"
    },
    {
      "type": "move-subtree",
      "node": {
        "label": "handleUnavailable",
        "type": "Method"
      },
      "location-before-char-start": 13721,
      "location-before-char-end": 14605,
      "location-after-char-start": 13726,
      "location-after-char-end": 14610,
      "node-str": "handleUnavailable"
    },
    {
      "type": "move-subtree",
      "node": {
        "label": "handleNotFound",
        "type": "Method"
      },
      "location-before-char-start": 14613,
      "location-before-char-end": 14868,
      "location-after-char-start": 14618,
      "location-after-char-end": 14873,
      "node-str": "handleNotFound"
    },
    {
      "type": "insert-node",
      "node": {
        "label": "Handler",
        "type": "SUPER_TYPE"
      },
      "location-after-char-start": 0,
      "location-after-char-end": 0,
      "node-str": "Handler"
    },
    {
      "type": "insert-node",
      "node": {
        "label": "java.lang.String",
        "type": "VARIABLE_TYPE"
      },
      "location-after-char-start": 0,
      "location-after-char-end": 0,
      "node-str": "java.lang.String"
    },
    {
      "type": "insert-node",
      "node": {
        "label": "protected",
        "type": "Modifier"
      },
      "location-after-char-start": 0,
      "location-after-char-end": 0,
      "node-str": "protected"
    },
    {
      "type": "insert-node",
      "node": {
        "label": "java.lang.String",
        "type": "VARIABLE_TYPE"
      },
      "location-after-char-start": 0,
      "location-after-char-end": 0,
      "node-str": "java.lang.String"
    },
    {
      "type": "insert-node",
      "node": {
        "label": "protected",
        "type": "Modifier"
      },
      "location-after-char-start": 0,
      "location-after-char-end": 0,
      "node-str": "protected"
    },
    {
      "type": "insert-node",
      "node": {
        "label": "java.lang.Class",
        "type": "VARIABLE_TYPE"
      },
      "location-after-char-start": 0,
      "location-after-char-end": 0,
      "node-str": "java.lang.Class"
    },
    {
      "type": "insert-node",
      "node": {
        "label": "protected",
        "type": "Modifier"
      },
      "location-after-char-start": 0,
      "location-after-char-end": 0,
      "node-str": "protected"
    },
    {
      "type": "insert-node",
      "node": {
        "label": "javax.servlet.Servlet",
        "type": "VARIABLE_TYPE"
      },
      "location-after-char-start": 0,
      "location-after-char-end": 0,
      "node-str": "javax.servlet.Servlet"
    },
    {
      "type": "insert-node",
      "node": {
        "label": "protected",
        "type": "Modifier"
      },
      "location-after-char-start": 0,
      "location-after-char-end": 0,
      "node-str": "protected"
    },
    {
      "type": "insert-node",
      "node": {
        "label": "javax.servlet.ServletConfig",
        "type": "VARIABLE_TYPE"
      },
      "location-after-char-start": 0,
      "location-after-char-end": 0,
      "node-str": "javax.servlet.ServletConfig"
    },
    {
      "type": "insert-node",
      "node": {
        "label": "protected",
        "type": "Modifier"
      },
      "location-after-char-start": 0,
      "location-after-char-end": 0,
      "node-str": "protected"
    },
    {
      "type": "insert-node",
      "node": {
        "label": "java.lang.String",
        "type": "VARIABLE_TYPE"
      },
      "location-after-char-start": 0,
      "location-after-char-end": 0,
      "node-str": "java.lang.String"
    },
    {
      "type": "insert-node",
      "node": {
        "label": "null",
        "type": "Literal"
      },
      "location-after-char-start": 3533,
      "location-after-char-end": 3536,
      "node-str": "null"
    },
    {
      "type": "insert-node",
      "node": {
        "label": "java.lang.String",
        "type": "VARIABLE_TYPE"
      },
      "location-after-char-start": 0,
      "location-after-char-end": 0,
      "node-str": "java.lang.String"
    },
    {
      "type": "insert-node",
      "node": {
        "label": "protected",
        "type": "Modifier"
      },
      "location-after-char-start": 0,
      "location-after-char-end": 0,
      "node-str": "protected"
    },
    {
      "type": "insert-node",
      "node": {
        "label": "null",
        "type": "Literal"
      },
      "location-after-char-start": 3604,
      "location-after-char-end": 3607,
      "node-str": "null"
    },
    {
      "type": "insert-node",
      "node": {
        "label": "java.lang.Exception",
        "type": "VARIABLE_TYPE"
      },
      "location-after-char-start": 0,
      "location-after-char-end": 0,
      "node-str": "java.lang.Exception"
    },
    {
      "type": "insert-node",
      "node": {
        "label": "null",
        "type": "Literal"
      },
      "location-after-char-start": 3799,
      "location-after-char-end": 3802,
      "node-str": "null"
    },
    {
      "type": "insert-node",
      "node": {
        "label": "long",
        "type": "VARIABLE_TYPE"
      },
      "location-after-char-start": 0,
      "location-after-char-end": 0,
      "node-str": "long"
    },
    {
      "type": "insert-node",
      "node": {
        "label": "NEG",
        "type": "UnaryOperator"
      },
      "location-after-char-start": 3830,
      "location-after-char-end": 3831,
      "node-str": "NEG"
    },
    {
      "type": "insert-node",
      "node": {
        "label": "boolean",
        "type": "VARIABLE_TYPE"
      },
      "location-after-char-start": 0,
      "location-after-char-end": 0,
      "node-str": "boolean"
    },
    {
      "type": "insert-node",
      "node": {
        "label": "protected",
        "type": "Modifier"
      },
      "location-after-char-start": 0,
      "location-after-char-end": 0,
      "node-str": "protected"
    },
    {
      "type": "insert-node",
      "node": {
        "label": "false",
        "type": "Literal"
      },
      "location-after-char-start": 3916,
      "location-after-char-end": 3920,
      "node-str": "false"
    },
    {
      "type": "insert-node",
      "node": {
        "label": "long",
        "type": "VARIABLE_TYPE"
      },
      "location-after-char-start": 0,
      "location-after-char-end": 0,
      "node-str": "long"
    },
    {
      "type": "insert-node",
      "node": {
        "label": "protected",
        "type": "Modifier"
      },
      "location-after-char-start": 0,
      "location-after-char-end": 0,
      "node-str": "protected"
    },
    {
      "type": "insert-node",
      "node": {
        "label": "int",
        "type": "VARIABLE_TYPE"
      },
      "location-after-char-start": 0,
      "location-after-char-end": 0,
      "node-str": "int"
    },
    {
      "type": "insert-node",
      "node": {
        "label": "protected",
        "type": "Modifier"
      },
      "location-after-char-start": 0,
      "location-after-char-end": 0,
      "node-str": "protected"
    },
    {
      "type": "insert-node",
      "node": {
        "label": "0",
        "type": "Literal"
      },
      "location-after-char-start": 4110,
      "location-after-char-end": 4110,
      "node-str": "0"
    },
    {
      "type": "insert-node",
      "node": {
        "label": "int",
        "type": "VARIABLE_TYPE"
      },
      "location-after-char-start": 0,
      "location-after-char-end": 0,
      "node-str": "int"
    },
    {
      "type": "insert-node",
      "node": {
        "label": "0",
        "type": "Literal"
      },
      "location-after-char-start": 4140,
      "location-after-char-end": 4140,
      "node-str": "0"
    },
    {
      "type": "insert-node",
      "node": {
        "label": "java.util.Hashtable",
        "type": "VARIABLE_TYPE"
      },
      "location-after-char-start": 0,
      "location-after-char-end": 0,
      "node-str": "java.util.Hashtable"
    },
    {
      "type": "insert-node",
      "node": {
        "label": "java.util.Hashtable()",
        "type": "ConstructorCall"
      },
      "location-after-char-start": 4175,
      "location-after-char-end": 4189,
      "node-str": "java.util.Hashtable()"
    },
    {
      "type": "insert-node",
      "node": {
        "label": "public",
        "type": "Modifier"
      },
      "location-after-char-start": 0,
      "location-after-char-end": 0,
      "node-str": "public"
    },
    {
      "type": "insert-node",
      "node": {
        "label": "java.lang.String",
        "type": "RETURN_TYPE"
      },
      "location-after-char-start": 0,
      "location-after-char-end": 0,
      "node-str": "java.lang.String"
    },
    {
      "type": "insert-node",
      "node": {
        "label": "public",
        "type": "Modifier"
      },
      "location-after-char-start": 0,
      "location-after-char-end": 0,
      "node-str": "public"
    },
    {
      "type": "insert-node",
      "node": {
        "label": "return",
        "type": "Return"
      },
      "location-after-char-start": 4459,
      "location-after-char-end": 4514,
      "node-str": "return"
    },
    {
      "type": "insert-node",
      "node": {
        "label": "void",
        "type": "RETURN_TYPE"
      },
      "location-after-char-start": 0,
      "location-after-char-end": 0,
      "node-str": "void"
    },
    {
      "type": "insert-node",
      "node": {
        "label": "public",
        "type": "Modifier"
      },
      "location-after-char-start": 0,
      "location-after-char-end": 0,
      "node-str": "public"
    },
    {
      "type": "insert-node",
      "node": {
        "label": "level",
        "type": "Parameter"
      },
      "location-after-char-start": 4618,
      "location-after-char-end": 4626,
      "node-str": "level"
    },
    {
      "type": "insert-node",
      "node": {
        "label": "\u003d",
        "type": "Assignment"
      },
      "location-after-char-start": 4633,
      "location-after-char-end": 4652,
      "node-str": "\u003d"
    },
    {
      "type": "insert-node",
      "node": {
        "label": "int",
        "type": "RETURN_TYPE"
      },
      "location-after-char-start": 0,
      "location-after-char-end": 0,
      "node-str": "int"
    },
    {
      "type": "insert-node",
      "node": {
        "label": "public",
        "type": "Modifier"
      },
      "location-after-char-start": 0,
      "location-after-char-end": 0,
      "node-str": "public"
    },
    {
      "type": "insert-node",
      "node": {
        "label": "return",
        "type": "Return"
      },
      "location-after-char-start": 4802,
      "location-after-char-end": 4822,
      "node-str": "return"
    },
    {
      "type": "insert-node",
      "node": {
        "label": "void",
        "type": "RETURN_TYPE"
      },
      "location-after-char-start": 0,
      "location-after-char-end": 0,
      "node-str": "void"
    },
    {
      "type": "insert-node",
      "node": {
        "label": "reloadable",
        "type": "Parameter"
      },
      "location-after-char-start": 4858,
      "location-after-char-end": 4875,
      "node-str": "reloadable"
    },
    {
      "type": "insert-node",
      "node": {
        "label": "\u003d",
        "type": "Assignment"
      },
      "location-after-char-start": 4881,
      "location-after-char-end": 4906,
      "node-str": "\u003d"
    },
    {
      "type": "insert-node",
      "node": {
        "label": "void",
        "type": "RETURN_TYPE"
      },
      "location-after-char-start": 0,
      "location-after-char-end": 0,
      "node-str": "void"
    },
    {
      "type": "insert-node",
      "node": {
        "label": "public",
        "type": "Modifier"
      },
      "location-after-char-start": 0,
      "location-after-char-end": 0,
      "node-str": "public"
    },
    {
      "type": "insert-node",
      "node": {
        "label": "d",
        "type": "Parameter"
      },
      "location-after-char-start": 5235,
      "location-after-char-end": 5242,
      "node-str": "d"
    },
    {
      "type": "insert-node",
      "node": {
        "label": "\u003d",
        "type": "Assignment"
      },
      "location-after-char-start": 5249,
      "location-after-char-end": 5262,
      "node-str": "\u003d"
    },
    {
      "type": "insert-node",
      "node": {
        "label": "void",
        "type": "RETURN_TYPE"
      },
      "location-after-char-start": 0,
      "location-after-char-end": 0,
      "node-str": "void"
    },
    {
      "type": "insert-node",
      "node": {
        "label": "public",
        "type": "Modifier"
      },
      "location-after-char-start": 0,
      "location-after-char-end": 0,
      "node-str": "public"
    },
    {
      "type": "insert-node",
      "node": {
        "label": "name",
        "type": "Parameter"
      },
      "location-after-char-start": 5848,
      "location-after-char-end": 5858,
      "node-str": "name"
    },
    {
      "type": "insert-node",
      "node": {
        "label": "role",
        "type": "Parameter"
      },
      "location-after-char-start": 5861,
      "location-after-char-end": 5871,
      "node-str": "role"
    },
    {
      "type": "insert-node",
      "node": {
        "label": "description",
        "type": "Parameter"
      },
      "location-after-char-start": 5882,
      "location-after-char-end": 5899,
      "node-str": "description"
    },
    {
      "type": "insert-node",
      "node": {
        "label": "put",
        "type": "Invocation"
      },
      "location-after-char-start": 5906,
      "location-after-char-end": 5940,
      "node-str": "put"
    },
    {
      "type": "insert-node",
      "node": {
        "label": "void",
        "type": "RETURN_TYPE"
      },
      "location-after-char-start": 0,
      "location-after-char-end": 0,
      "node-str": "void"
    },
    {
      "type": "insert-node",
      "node": {
        "label": "jspServletW",
        "type": "LocalVariable"
      },
      "location-after-char-start": 13017,
      "location-after-char-end": 13077,
      "node-str": "jspServletW"
    },
    {
      "type": "insert-node",
      "node": {
        "label": "\u003d",
        "type": "Assignment"
      },
      "location-after-char-start": 13080,
      "location-after-char-end": 13128,
      "node-str": "\u003d"
    },
    {
      "type": "insert-node",
      "node": {
        "label": "1",
        "type": "Literal"
      },
      "location-after-char-start": 3831,
      "location-after-char-end": 3831,
      "node-str": "1"
    },
    {
      "type": "insert-node",
      "node": {
        "label": "PLUS",
        "type": "BinaryOperator"
      },
      "location-after-char-start": 4466,
      "location-after-char-end": 4513,
      "node-str": "PLUS"
    },
    {
      "type": "insert-node",
      "node": {
        "label": "int",
        "type": "VARIABLE_TYPE"
      },
      "location-after-char-start": 0,
      "location-after-char-end": 0,
      "node-str": "int"
    },
    {
      "type": "insert-node",
      "node": {
        "label": "loadOnStartup",
        "type": "FieldWrite"
      },
      "location-after-char-start": 4633,
      "location-after-char-end": 4645,
      "node-str": "loadOnStartup"
    },
    {
      "type": "insert-node",
      "node": {
        "label": "level",
        "type": "VariableRead"
      },
      "location-after-char-start": 4647,
      "location-after-char-end": 4651,
      "node-str": "level"
    },
    {
      "type": "insert-node",
      "node": {
        "label": "loadOnStartup",
        "type": "FieldRead"
      },
      "location-after-char-start": 4809,
      "location-after-char-end": 4821,
      "node-str": "loadOnStartup"
    },
    {
      "type": "insert-node",
      "node": {
        "label": "boolean",
        "type": "VARIABLE_TYPE"
      },
      "location-after-char-start": 0,
      "location-after-char-end": 0,
      "node-str": "boolean"
    },
    {
      "type": "insert-node",
      "node": {
        "label": "isReloadable",
        "type": "FieldWrite"
      },
      "location-after-char-start": 4881,
      "location-after-char-end": 4892,
      "node-str": "isReloadable"
    },
    {
      "type": "insert-node",
      "node": {
        "label": "reloadable",
        "type": "VariableRead"
      },
      "location-after-char-start": 4896,
      "location-after-char-end": 4905,
      "node-str": "reloadable"
    },
    {
      "type": "insert-node",
      "node": {
        "label": "java.lang.String",
        "type": "VARIABLE_TYPE"
      },
      "location-after-char-start": 0,
      "location-after-char-end": 0,
      "node-str": "java.lang.String"
    },
    {
      "type": "insert-node",
      "node": {
        "label": "description",
        "type": "FieldWrite"
      },
      "location-after-char-start": 5249,
      "location-after-char-end": 5259,
      "node-str": "description"
    },
    {
      "type": "insert-node",
      "node": {
        "label": "d",
        "type": "VariableRead"
      },
      "location-after-char-start": 5261,
      "location-after-char-end": 5261,
      "node-str": "d"
    },
    {
      "type": "insert-node",
      "node": {
        "label": "java.lang.String",
        "type": "VARIABLE_TYPE"
      },
      "location-after-char-start": 0,
      "location-after-char-end": 0,
      "node-str": "java.lang.String"
    },
    {
      "type": "insert-node",
      "node": {
        "label": "java.lang.String",
        "type": "VARIABLE_TYPE"
      },
      "location-after-char-start": 0,
      "location-after-char-end": 0,
      "node-str": "java.lang.String"
    },
    {
      "type": "insert-node",
      "node": {
        "label": "java.lang.String",
        "type": "VARIABLE_TYPE"
      },
      "location-after-char-start": 0,
      "location-after-char-end": 0,
      "node-str": "java.lang.String"
    },
    {
      "type": "insert-node",
      "node": {
        "label": "securityRoleRefs",
        "type": "FieldRead"
      },
      "location-after-char-start": 5906,
      "location-after-char-end": 5921,
      "node-str": "securityRoleRefs"
    },
    {
      "type": "insert-node",
      "node": {
        "label": "name",
        "type": "VariableRead"
      },
      "location-after-char-start": 5928,
      "location-after-char-end": 5931,
      "node-str": "name"
    },
    {
      "type": "insert-node",
      "node": {
        "label": "role",
        "type": "VariableRead"
      },
      "location-after-char-start": 5934,
      "location-after-char-end": 5937,
      "node-str": "role"
    },
    {
      "type": "insert-node",
      "node": {
        "label": "org.apache.tomcat.core.ServletWrapper",
        "type": "VARIABLE_TYPE"
      },
      "location-after-char-start": 0,
      "location-after-char-end": 0,
      "node-str": "org.apache.tomcat.core.ServletWrapper"
    },
    {
      "type": "insert-node",
      "node": {
        "label": "getServletByName",
        "type": "Invocation"
      },
      "location-after-char-start": 13046,
      "location-after-char-end": 13076,
      "node-str": "getServletByName"
    },
    {
      "type": "insert-node",
      "node": {
        "label": "servletClassName",
        "type": "FieldWrite"
      },
      "location-after-char-start": 13080,
      "location-after-char-end": 13095,
      "node-str": "servletClassName"
    },
    {
      "type": "insert-node",
      "node": {
        "label": "getServletClass",
        "type": "Invocation"
      },
      "location-after-char-start": 13099,
      "location-after-char-end": 13127,
      "node-str": "getServletClass"
    },
    {
      "type": "move-subtree",
      "node": {
        "label": "PLUS",
        "type": "BinaryOperator"
      },
      "location-before-char-start": 4466,
      "location-before-char-end": 4507,
      "location-after-char-start": 4466,
      "location-after-char-end": 4507,
      "node-str": "PLUS"
    },
    {
      "type": "insert-node",
      "node": {
        "label": "\")\"",
        "type": "Literal"
      },
      "location-after-char-start": 4511,
      "location-after-char-end": 4513,
      "node-str": "\")\""
    },
    {
      "type": "insert-node",
      "node": {
        "label": "org.apache.tomcat.core.ServletWrapper",
        "type": "TypeAccess"
      },
      "location-after-char-start": 0,
      "location-after-char-end": 0,
      "node-str": "org.apache.tomcat.core.ServletWrapper"
    },
    {
      "type": "insert-node",
      "node": {
        "label": "org.apache.tomcat.core.ServletWrapper",
        "type": "TypeAccess"
      },
      "location-after-char-start": 0,
      "location-after-char-end": 0,
      "node-str": "org.apache.tomcat.core.ServletWrapper"
    },
    {
      "type": "insert-node",
      "node": {
        "label": "org.apache.tomcat.core.ServletWrapper",
        "type": "TypeAccess"
      },
      "location-after-char-start": 0,
      "location-after-char-end": 0,
      "node-str": "org.apache.tomcat.core.ServletWrapper"
    },
    {
      "type": "insert-node",
      "node": {
        "label": "org.apache.tomcat.core.ServletWrapper",
        "type": "TypeAccess"
      },
      "location-after-char-start": 0,
      "location-after-char-end": 0,
      "node-str": "org.apache.tomcat.core.ServletWrapper"
    },
    {
      "type": "insert-node",
      "node": {
        "label": "org.apache.tomcat.core.ServletWrapper",
        "type": "TypeAccess"
      },
      "location-after-char-start": 0,
      "location-after-char-end": 0,
      "node-str": "org.apache.tomcat.core.ServletWrapper"
    },
    {
      "type": "insert-node",
      "node": {
        "label": "context",
        "type": "FieldRead"
      },
      "location-after-char-start": 13046,
      "location-after-char-end": 13052,
      "node-str": "context"
    },
    {
      "type": "insert-node",
      "node": {
        "label": "\"jsp\"",
        "type": "Literal"
      },
      "location-after-char-start": 13071,
      "location-after-char-end": 13075,
      "node-str": "\"jsp\""
    },
    {
      "type": "insert-node",
      "node": {
        "label": "org.apache.tomcat.core.ServletWrapper",
        "type": "TypeAccess"
      },
      "location-after-char-start": 0,
      "location-after-char-end": 0,
      "node-str": "org.apache.tomcat.core.ServletWrapper"
    },
    {
      "type": "insert-node",
      "node": {
        "label": "jspServletW",
        "type": "VariableRead"
      },
      "location-after-char-start": 13099,
      "location-after-char-end": 13109,
      "node-str": "jspServletW"
    },
    {
      "type": "delete-node",
      "node": {
        "label": "public",
        "type": "Modifier"
      },
      "location-before-char-start": 0,
      "location-before-char-end": 0,
      "node-str": "public"
    },
    {
      "type": "delete-node",
      "node": {
        "label": "Handler",
        "type": "SUPER_TYPE"
      },
      "location-before-char-start": 0,
      "location-before-char-end": 0,
      "node-str": "Handler"
    },
    {
      "type": "delete-node",
      "node": {
        "label": "",
        "type": "TypeReference"
      },
      "location-before-char-start": 3235,
      "location-before-char-end": 3241,
      "node-str": ""
    },
    {
      "type": "delete-node",
      "node": {
        "label": "java.lang.String",
        "type": "VARIABLE_TYPE"
      },
      "location-before-char-start": 0,
      "location-before-char-end": 0,
      "node-str": "java.lang.String"
    },
    {
      "type": "delete-node",
      "node": {
        "label": "protected",
        "type": "Modifier"
      },
      "location-before-char-start": 0,
      "location-before-char-end": 0,
      "node-str": "protected"
    },
    {
      "type": "delete-node",
      "node": {
        "label": "servletName",
        "type": "Field"
      },
      "location-before-char-start": 3250,
      "location-before-char-end": 3318,
      "node-str": "servletName"
    },
    {
      "type": "delete-node",
      "node": {
        "label": "java.lang.String",
        "type": "VARIABLE_TYPE"
      },
      "location-before-char-start": 0,
      "location-before-char-end": 0,
      "node-str": "java.lang.String"
    },
    {
      "type": "delete-node",
      "node": {
        "label": "protected",
        "type": "Modifier"
      },
      "location-before-char-start": 0,
      "location-before-char-end": 0,
      "node-str": "protected"
    },
    {
      "type": "delete-node",
      "node": {
        "label": "servletClassName",
        "type": "Field"
      },
      "location-before-char-start": 3324,
      "location-before-char-end": 3357,
      "node-str": "servletClassName"
    },
    {
      "type": "delete-node",
      "node": {
        "label": "java.lang.Class",
        "type": "VARIABLE_TYPE"
      },
      "location-before-char-start": 0,
      "location-before-char-end": 0,
      "node-str": "java.lang.Class"
    },
    {
      "type": "delete-node",
      "node": {
        "label": "protected",
        "type": "Modifier"
      },
      "location-before-char-start": 0,
      "location-before-char-end": 0,
      "node-str": "protected"
    },
    {
      "type": "delete-node",
      "node": {
        "label": "servletClass",
        "type": "Field"
      },
      "location-before-char-start": 3375,
      "location-before-char-end": 3403,
      "node-str": "servletClass"
    },
    {
      "type": "delete-node",
      "node": {
        "label": "javax.servlet.Servlet",
        "type": "VARIABLE_TYPE"
      },
      "location-before-char-start": 0,
      "location-before-char-end": 0,
      "node-str": "javax.servlet.Servlet"
    },
    {
      "type": "delete-node",
      "node": {
        "label": "protected",
        "type": "Modifier"
      },
      "location-before-char-start": 0,
      "location-before-char-end": 0,
      "node-str": "protected"
    },
    {
      "type": "delete-node",
      "node": {
        "label": "servlet",
        "type": "Field"
      },
      "location-before-char-start": 3410,
      "location-before-char-end": 3435,
      "node-str": "servlet"
    },
    {
      "type": "delete-node",
      "node": {
        "label": "javax.servlet.ServletConfig",
        "type": "VARIABLE_TYPE"
      },
      "location-before-char-start": 0,
      "location-before-char-end": 0,
      "node-str": "javax.servlet.ServletConfig"
    },
    {
      "type": "delete-node",
      "node": {
        "label": "protected",
        "type": "Modifier"
      },
      "location-before-char-start": 0,
      "location-before-char-end": 0,
      "node-str": "protected"
    },
    {
      "type": "delete-node",
      "node": {
        "label": "configF",
        "type": "Field"
      },
      "location-before-char-start": 3442,
      "location-before-char-end": 3487,
      "node-str": "configF"
    },
    {
      "type": "delete-node",
      "node": {
        "label": "java.lang.String",
        "type": "VARIABLE_TYPE"
      },
      "location-before-char-start": 0,
      "location-before-char-end": 0,
      "node-str": "java.lang.String"
    },
    {
      "type": "delete-node",
      "node": {
        "label": "null",
        "type": "Literal"
      },
      "location-before-char-start": 3533,
      "location-before-char-end": 3536,
      "node-str": "null"
    },
    {
      "type": "delete-node",
      "node": {
        "label": "path",
        "type": "Field"
      },
      "location-before-char-start": 3494,
      "location-before-char-end": 3537,
      "node-str": "path"
    },
    {
      "type": "delete-node",
      "node": {
        "label": "java.lang.String",
        "type": "VARIABLE_TYPE"
      },
      "location-before-char-start": 0,
      "location-before-char-end": 0,
      "node-str": "java.lang.String"
    },
    {
      "type": "delete-node",
      "node": {
        "label": "protected",
        "type": "Modifier"
      },
      "location-before-char-start": 0,
      "location-before-char-end": 0,
      "node-str": "protected"
    },
    {
      "type": "delete-node",
      "node": {
        "label": "null",
        "type": "Literal"
      },
      "location-before-char-start": 3604,
      "location-before-char-end": 3607,
      "node-str": "null"
    },
    {
      "type": "delete-node",
      "node": {
        "label": "description",
        "type": "Field"
      },
      "location-before-char-start": 3544,
      "location-before-char-end": 3608,
      "node-str": "description"
    },
    {
      "type": "delete-node",
      "node": {
        "label": "java.lang.Exception",
        "type": "VARIABLE_TYPE"
      },
      "location-before-char-start": 0,
      "location-before-char-end": 0,
      "node-str": "java.lang.Exception"
    },
    {
      "type": "delete-node",
      "node": {
        "label": "null",
        "type": "Literal"
      },
      "location-before-char-start": 3799,
      "location-before-char-end": 3802,
      "node-str": "null"
    },
    {
      "type": "delete-node",
      "node": {
        "label": "unavailable",
        "type": "Field"
      },
      "location-before-char-start": 3615,
      "location-before-char-end": 3803,
      "node-str": "unavailable"
    },
    {
      "type": "delete-node",
      "node": {
        "label": "long",
        "type": "VARIABLE_TYPE"
      },
      "location-before-char-start": 0,
      "location-before-char-end": 0,
      "node-str": "long"
    },
    {
      "type": "delete-node",
      "node": {
        "label": "1",
        "type": "Literal"
      },
      "location-before-char-start": 3831,
      "location-before-char-end": 3831,
      "node-str": "1"
    },
    {
      "type": "delete-node",
      "node": {
        "label": "NEG",
        "type": "UnaryOperator"
      },
      "location-before-char-start": 3830,
      "location-before-char-end": 3831,
      "node-str": "NEG"
    },
    {
      "type": "delete-node",
      "node": {
        "label": "unavailableTime",
        "type": "Field"
      },
      "location-before-char-start": 3809,
      "location-before-char-end": 3832,
      "node-str": "unavailableTime"
    },
    {
      "type": "delete-node",
      "node": {
        "label": "boolean",
        "type": "VARIABLE_TYPE"
      },
      "location-before-char-start": 0,
      "location-before-char-end": 0,
      "node-str": "boolean"
    },
    {
      "type": "delete-node",
      "node": {
        "label": "protected",
        "type": "Modifier"
      },
      "location-before-char-start": 0,
      "location-before-char-end": 0,
      "node-str": "protected"
    },
    {
      "type": "delete-node",
      "node": {
        "label": "false",
        "type": "Literal"
      },
      "location-before-char-start": 3916,
      "location-before-char-end": 3920,
      "node-str": "false"
    },
    {
      "type": "delete-node",
      "node": {
        "label": "isReloadable",
        "type": "Field"
      },
      "location-before-char-start": 3843,
      "location-before-char-end": 3921,
      "node-str": "isReloadable"
    },
    {
      "type": "delete-node",
      "node": {
        "label": "long",
        "type": "VARIABLE_TYPE"
      },
      "location-before-char-start": 0,
      "location-before-char-end": 0,
      "node-str": "long"
    },
    {
      "type": "delete-node",
      "node": {
        "label": "protected",
        "type": "Modifier"
      },
      "location-before-char-start": 0,
      "location-before-char-end": 0,
      "node-str": "protected"
    },
    {
      "type": "delete-node",
      "node": {
        "label": "lastAccessed",
        "type": "Field"
      },
      "location-before-char-start": 3927,
      "location-before-char-end": 4075,
      "node-str": "lastAccessed"
    },
    {
      "type": "delete-node",
      "node": {
        "label": "int",
        "type": "VARIABLE_TYPE"
      },
      "location-before-char-start": 0,
      "location-before-char-end": 0,
      "node-str": "int"
    },
    {
      "type": "delete-node",
      "node": {
        "label": "protected",
        "type": "Modifier"
      },
      "location-before-char-start": 0,
      "location-before-char-end": 0,
      "node-str": "protected"
    },
    {
      "type": "delete-node",
      "node": {
        "label": "0",
        "type": "Literal"
      },
      "location-before-char-start": 4110,
      "location-before-char-end": 4110,
      "node-str": "0"
    },
    {
      "type": "delete-node",
      "node": {
        "label": "serviceCount",
        "type": "Field"
      },
      "location-before-char-start": 4081,
      "location-before-char-end": 4111,
      "node-str": "serviceCount"
    },
    {
      "type": "delete-node",
      "node": {
        "label": "int",
        "type": "VARIABLE_TYPE"
      },
      "location-before-char-start": 0,
      "location-before-char-end": 0,
      "node-str": "int"
    },
    {
      "type": "delete-node",
      "node": {
        "label": "0",
        "type": "Literal"
      },
      "location-before-char-start": 4140,
      "location-before-char-end": 4140,
      "node-str": "0"
    },
    {
      "type": "delete-node",
      "node": {
        "label": "loadOnStartup",
        "type": "Field"
      },
      "location-before-char-start": 4122,
      "location-before-char-end": 4141,
      "node-str": "loadOnStartup"
    },
    {
      "type": "delete-node",
      "node": {
        "label": "java.util.Hashtable",
        "type": "VARIABLE_TYPE"
      },
      "location-before-char-start": 0,
      "location-before-char-end": 0,
      "node-str": "java.util.Hashtable"
    },
    {
      "type": "delete-node",
      "node": {
        "label": "java.util.Hashtable()",
        "type": "ConstructorCall"
      },
      "location-before-char-start": 4175,
      "location-before-char-end": 4189,
      "node-str": "java.util.Hashtable()"
    },
    {
      "type": "delete-node",
      "node": {
        "label": "securityRoleRefs",
        "type": "Field"
      },
      "location-before-char-start": 4148,
      "location-before-char-end": 4190,
      "node-str": "securityRoleRefs"
    },
    {
      "type": "delete-node",
      "node": {
        "label": "public",
        "type": "Modifier"
      },
      "location-before-char-start": 0,
      "location-before-char-end": 0,
      "node-str": "public"
    },
    {
      "type": "delete-node",
      "node": {
        "label": "\u003cinit\u003e",
        "type": "Constructor"
      },
      "location-before-char-start": 4197,
      "location-before-char-end": 4227,
      "node-str": "\u003cinit\u003e"
    },
    {
      "type": "delete-node",
      "node": {
        "label": "java.lang.String",
        "type": "RETURN_TYPE"
      },
      "location-before-char-start": 0,
      "location-before-char-end": 0,
      "node-str": "java.lang.String"
    },
    {
      "type": "delete-node",
      "node": {
        "label": "public",
        "type": "Modifier"
      },
      "location-before-char-start": 0,
      "location-before-char-end": 0,
      "node-str": "public"
    },
    {
      "type": "delete-node",
      "node": {
        "label": "return",
        "type": "Return"
      },
      "location-before-char-start": 4459,
      "location-before-char-end": 4509,
      "node-str": "return"
    },
    {
      "type": "delete-node",
      "node": {
        "label": "toString",
        "type": "Method"
      },
      "location-before-char-start": 4431,
      "location-before-char-end": 4515,
      "node-str": "toString"
    },
    {
      "type": "delete-node",
      "node": {
        "label": "void",
        "type": "RETURN_TYPE"
      },
      "location-before-char-start": 0,
      "location-before-char-end": 0,
      "node-str": "void"
    },
    {
      "type": "delete-node",
      "node": {
        "label": "public",
        "type": "Modifier"
      },
      "location-before-char-start": 0,
      "location-before-char-end": 0,
      "node-str": "public"
    },
    {
      "type": "delete-node",
      "node": {
        "label": "int",
        "type": "VARIABLE_TYPE"
      },
      "location-before-char-start": 0,
      "location-before-char-end": 0,
      "node-str": "int"
    },
    {
      "type": "delete-node",
      "node": {
        "label": "level",
        "type": "Parameter"
      },
      "location-before-char-start": 4613,
      "location-before-char-end": 4621,
      "node-str": "level"
    },
    {
      "type": "delete-node",
      "node": {
        "label": "org.apache.tomcat.core.ServletWrapper",
        "type": "TypeAccess"
      },
      "location-before-char-start": 0,
      "location-before-char-end": 0,
      "node-str": "org.apache.tomcat.core.ServletWrapper"
    },
    {
      "type": "delete-node",
      "node": {
        "label": "loadOnStartup",
        "type": "FieldWrite"
      },
      "location-before-char-start": 4628,
      "location-before-char-end": 4640,
      "node-str": "loadOnStartup"
    },
    {
      "type": "delete-node",
      "node": {
        "label": "level",
        "type": "VariableRead"
      },
      "location-before-char-start": 4642,
      "location-before-char-end": 4646,
      "node-str": "level"
    },
    {
      "type": "delete-node",
      "node": {
        "label": "\u003d",
        "type": "Assignment"
      },
      "location-before-char-start": 4628,
      "location-before-char-end": 4647,
      "node-str": "\u003d"
    },
    {
      "type": "delete-node",
      "node": {
        "label": "setLoadOnStartUp",
        "type": "Method"
      },
      "location-before-char-start": 4526,
      "location-before-char-end": 4653,
      "node-str": "setLoadOnStartUp"
    },
    {
      "type": "delete-node",
      "node": {
        "label": "int",
        "type": "RETURN_TYPE"
      },
      "location-before-char-start": 0,
      "location-before-char-end": 0,
      "node-str": "int"
    },
    {
      "type": "delete-node",
      "node": {
        "label": "public",
        "type": "Modifier"
      },
      "location-before-char-start": 0,
      "location-before-char-end": 0,
      "node-str": "public"
    },
    {
      "type": "delete-node",
      "node": {
        "label": "org.apache.tomcat.core.ServletWrapper",
        "type": "TypeAccess"
      },
      "location-before-char-start": 0,
      "location-before-char-end": 0,
      "node-str": "org.apache.tomcat.core.ServletWrapper"
    },
    {
      "type": "delete-node",
      "node": {
        "label": "loadOnStartup",
        "type": "FieldRead"
      },
      "location-before-char-start": 4804,
      "location-before-char-end": 4816,
      "node-str": "loadOnStartup"
    },
    {
      "type": "delete-node",
      "node": {
        "label": "return",
        "type": "Return"
      },
      "location-before-char-start": 4797,
      "location-before-char-end": 4817,
      "node-str": "return"
    },
    {
      "type": "delete-node",
      "node": {
        "label": "getLoadOnStartUp",
        "type": "Method"
      },
      "location-before-char-start": 4764,
      "location-before-char-end": 4823,
      "node-str": "getLoadOnStartUp"
    },
    {
      "type": "delete-node",
      "node": {
        "label": "void",
        "type": "RETURN_TYPE"
      },
      "location-before-char-start": 0,
      "location-before-char-end": 0,
      "node-str": "void"
    },
    {
      "type": "delete-node",
      "node": {
        "label": "boolean",
        "type": "VARIABLE_TYPE"
      },
      "location-before-char-start": 0,
      "location-before-char-end": 0,
      "node-str": "boolean"
    },
    {
      "type": "delete-node",
      "node": {
        "label": "reloadable",
        "type": "Parameter"
      },
      "location-before-char-start": 4853,
      "location-before-char-end": 4870,
      "node-str": "reloadable"
    },
    {
      "type": "delete-node",
      "node": {
        "label": "org.apache.tomcat.core.ServletWrapper",
        "type": "TypeAccess"
      },
      "location-before-char-start": 0,
      "location-before-char-end": 0,
      "node-str": "org.apache.tomcat.core.ServletWrapper"
    },
    {
      "type": "delete-node",
      "node": {
        "label": "isReloadable",
        "type": "FieldWrite"
      },
      "location-before-char-start": 4876,
      "location-before-char-end": 4887,
      "node-str": "isReloadable"
    },
    {
      "type": "delete-node",
      "node": {
        "label": "reloadable",
        "type": "VariableRead"
      },
      "location-before-char-start": 4891,
      "location-before-char-end": 4900,
      "node-str": "reloadable"
    },
    {
      "type": "delete-node",
      "node": {
        "label": "\u003d",
        "type": "Assignment"
      },
      "location-before-char-start": 4876,
      "location-before-char-end": 4901,
      "node-str": "\u003d"
    },
    {
      "type": "delete-node",
      "node": {
        "label": "setReloadable",
        "type": "Method"
      },
      "location-before-char-start": 4834,
      "location-before-char-end": 4907,
      "node-str": "setReloadable"
    },
    {
      "type": "delete-node",
      "node": {
        "label": "void",
        "type": "RETURN_TYPE"
      },
      "location-before-char-start": 0,
      "location-before-char-end": 0,
      "node-str": "void"
    },
    {
      "type": "delete-node",
      "node": {
        "label": "public",
        "type": "Modifier"
      },
      "location-before-char-start": 0,
      "location-before-char-end": 0,
      "node-str": "public"
    },
    {
      "type": "delete-node",
      "node": {
        "label": "java.lang.String",
        "type": "VARIABLE_TYPE"
      },
      "location-before-char-start": 0,
      "location-before-char-end": 0,
      "node-str": "java.lang.String"
    },
    {
      "type": "delete-node",
      "node": {
        "label": "d",
        "type": "Parameter"
      },
      "location-before-char-start": 5230,
      "location-before-char-end": 5237,
      "node-str": "d"
    },
    {
      "type": "delete-node",
      "node": {
        "label": "org.apache.tomcat.core.ServletWrapper",
        "type": "TypeAccess"
      },
      "location-before-char-start": 0,
      "location-before-char-end": 0,
      "node-str": "org.apache.tomcat.core.ServletWrapper"
    },
    {
      "type": "delete-node",
      "node": {
        "label": "description",
        "type": "FieldWrite"
      },
      "location-before-char-start": 5244,
      "location-before-char-end": 5254,
      "node-str": "description"
    },
    {
      "type": "delete-node",
      "node": {
        "label": "d",
        "type": "VariableRead"
      },
      "location-before-char-start": 5256,
      "location-before-char-end": 5256,
      "node-str": "d"
    },
    {
      "type": "delete-node",
      "node": {
        "label": "\u003d",
        "type": "Assignment"
      },
      "location-before-char-start": 5244,
      "location-before-char-end": 5257,
      "node-str": "\u003d"
    },
    {
      "type": "delete-node",
      "node": {
        "label": "setDescription",
        "type": "Method"
      },
      "location-before-char-start": 5202,
      "location-before-char-end": 5263,
      "node-str": "setDescription"
    },
    {
      "type": "delete-node",
      "node": {
        "label": "void",
        "type": "RETURN_TYPE"
      },
      "location-before-char-start": 0,
      "location-before-char-end": 0,
      "node-str": "void"
    },
    {
      "type": "delete-node",
      "node": {
        "label": "public",
        "type": "Modifier"
      },
      "location-before-char-start": 0,
      "location-before-char-end": 0,
      "node-str": "public"
    },
    {
      "type": "delete-node",
      "node": {
        "label": "java.lang.String",
        "type": "VARIABLE_TYPE"
      },
      "location-before-char-start": 0,
      "location-before-char-end": 0,
      "node-str": "java.lang.String"
    },
    {
      "type": "delete-node",
      "node": {
        "label": "name",
        "type": "Parameter"
      },
      "location-before-char-start": 5843,
      "location-before-char-end": 5853,
      "node-str": "name"
    },
    {
      "type": "delete-node",
      "node": {
        "label": "java.lang.String",
        "type": "VARIABLE_TYPE"
      },
      "location-before-char-start": 0,
      "location-before-char-end": 0,
      "node-str": "java.lang.String"
    },
    {
      "type": "delete-node",
      "node": {
        "label": "role",
        "type": "Parameter"
      },
      "location-before-char-start": 5856,
      "location-before-char-end": 5866,
      "node-str": "role"
    },
    {
      "type": "delete-node",
      "node": {
        "label": "java.lang.String",
        "type": "VARIABLE_TYPE"
      },
      "location-before-char-start": 0,
      "location-before-char-end": 0,
      "node-str": "java.lang.String"
    },
    {
      "type": "delete-node",
      "node": {
        "label": "description",
        "type": "Parameter"
      },
      "location-before-char-start": 5877,
      "location-before-char-end": 5894,
      "node-str": "description"
    },
    {
      "type": "delete-node",
      "node": {
        "label": "org.apache.tomcat.core.ServletWrapper",
        "type": "TypeAccess"
      },
      "location-before-char-start": 0,
      "location-before-char-end": 0,
      "node-str": "org.apache.tomcat.core.ServletWrapper"
    },
    {
      "type": "delete-node",
      "node": {
        "label": "securityRoleRefs",
        "type": "FieldRead"
      },
      "location-before-char-start": 5901,
      "location-before-char-end": 5916,
      "node-str": "securityRoleRefs"
    },
    {
      "type": "delete-node",
      "node": {
        "label": "name",
        "type": "VariableRead"
      },
      "location-before-char-start": 5923,
      "location-before-char-end": 5926,
      "node-str": "name"
    },
    {
      "type": "delete-node",
      "node": {
        "label": "role",
        "type": "VariableRead"
      },
      "location-before-char-start": 5929,
      "location-before-char-end": 5932,
      "node-str": "role"
    },
    {
      "type": "delete-node",
      "node": {
        "label": "put",
        "type": "Invocation"
      },
      "location-before-char-start": 5901,
      "location-before-char-end": 5935,
      "node-str": "put"
    },
    {
      "type": "delete-node",
      "node": {
        "label": "addSecurityMapping",
        "type": "Method"
      },
      "location-before-char-start": 5705,
      "location-before-char-end": 5941,
      "node-str": "addSecurityMapping"
    },
    {
      "type": "delete-node",
      "node": {
        "label": "void",
        "type": "RETURN_TYPE"
      },
      "location-before-char-start": 0,
      "location-before-char-end": 0,
      "node-str": "void"
    },
    {
      "type": "delete-node",
      "node": {
        "label": "org.apache.tomcat.core.ServletWrapper",
        "type": "VARIABLE_TYPE"
      },
      "location-before-char-start": 0,
      "location-before-char-end": 0,
      "node-str": "org.apache.tomcat.core.ServletWrapper"
    },
    {
      "type": "delete-node",
      "node": {
        "label": "context",
        "type": "FieldRead"
      },
      "location-before-char-start": 13041,
      "location-before-char-end": 13047,
      "node-str": "context"
    },
    {
      "type": "delete-node",
      "node": {
        "label": "\"jsp\"",
        "type": "Literal"
      },
      "location-before-char-start": 13066,
      "location-before-char-end": 13070,
      "node-str": "\"jsp\""
    },
    {
      "type": "delete-node",
      "node": {
        "label": "getServletByName",
        "type": "Invocation"
      },
      "location-before-char-start": 13041,
      "location-before-char-end": 13071,
      "node-str": "getServletByName"
    },
    {
      "type": "delete-node",
      "node": {
        "label": "jspServletW",
        "type": "LocalVariable"
      },
      "location-before-char-start": 13012,
      "location-before-char-end": 13072,
      "node-str": "jspServletW"
    },
    {
      "type": "delete-node",
      "node": {
        "label": "org.apache.tomcat.core.ServletWrapper",
        "type": "TypeAccess"
      },
      "location-before-char-start": 0,
      "location-before-char-end": 0,
      "node-str": "org.apache.tomcat.core.ServletWrapper"
    },
    {
      "type": "delete-node",
      "node": {
        "label": "servletClassName",
        "type": "FieldWrite"
      },
      "location-before-char-start": 13075,
      "location-before-char-end": 13090,
      "node-str": "servletClassName"
    },
    {
      "type": "delete-node",
      "node": {
        "label": "jspServletW",
        "type": "VariableRead"
      },
      "location-before-char-start": 13094,
      "location-before-char-end": 13104,
      "node-str": "jspServletW"
    },
    {
      "type": "delete-node",
      "node": {
        "label": "getServletClass",
        "type": "Invocation"
      },
      "location-before-char-start": 13094,
      "location-before-char-end": 13122,
      "node-str": "getServletClass"
    },
    {
      "type": "delete-node",
      "node": {
        "label": "\u003d",
        "type": "Assignment"
      },
      "location-before-char-start": 13075,
      "location-before-char-end": 13123,
      "node-str": "\u003d"
    },
    {
      "type": "delete-node",
      "node": {
        "label": "handleJspInit",
        "type": "Method"
      },
      "location-before-char-start": 12553,
      "location-before-char-end": 13129,
      "node-str": "handleJspInit"
    },
    {
      "type": "delete-node",
      "node": {
        "label": "ServletWrapper",
        "type": "Class"
      },
      "location-before-char-start": 2940,
      "location-before-char-end": 14872,
      "node-str": "ServletWrapper"
    }
  ],
  "before-file": {},
  "after-file": {},
  "mapping": {}
}