{
  "tool-info": {},
  "diff": [
    {
      "type": "insert-node",
      "node": {
        "label": "PonderosaClient",
        "type": "Class"
      },
      "location-after-char-start": 291,
      "location-after-char-end": 2691,
      "node-str": "PonderosaClient"
    },
    {
      "type": "insert-node",
      "node": {
        "label": "public",
        "type": "Modifier"
      },
      "location-after-char-start": 0,
      "location-after-char-end": 0,
      "node-str": "public"
    },
    {
      "type": "move-subtree",
      "node": {
        "label": "fWriter",
        "type": "Field"
      },
      "location-before-char-start": 365,
      "location-before-char-end": 392,
      "location-after-char-start": 365,
      "location-after-char-end": 392,
      "node-str": "fWriter"
    },
    {
      "type": "move-subtree",
      "node": {
        "label": "fEmail",
        "type": "Field"
      },
      "location-before-char-start": 395,
      "location-before-char-end": 416,
      "location-after-char-start": 395,
      "location-after-char-end": 416,
      "node-str": "fEmail"
    },
    {
      "type": "move-subtree",
      "node": {
        "label": "fHost",
        "type": "Field"
      },
      "location-before-char-start": 419,
      "location-before-char-end": 452,
      "location-after-char-start": 419,
      "location-after-char-end": 452,
      "node-str": "fHost"
    },
    {
      "type": "move-subtree",
      "node": {
        "label": "PORT",
        "type": "Field"
      },
      "location-before-char-start": 516,
      "location-before-char-end": 549,
      "location-after-char-start": 516,
      "location-after-char-end": 549,
      "node-str": "PORT"
    },
    {
      "type": "move-subtree",
      "node": {
        "label": "\u003cinit\u003e",
        "type": "Constructor"
      },
      "location-before-char-start": 553,
      "location-before-char-end": 593,
      "location-after-char-start": 553,
      "location-after-char-end": 593,
      "node-str": "\u003cinit\u003e"
    },
    {
      "type": "move-subtree",
      "node": {
        "label": "\u003cinit\u003e",
        "type": "Constructor"
      },
      "location-before-char-start": 598,
      "location-before-char-end": 665,
      "location-after-char-start": 598,
      "location-after-char-end": 665,
      "node-str": "\u003cinit\u003e"
    },
    {
      "type": "move-subtree",
      "node": {
        "label": "\u003cinit\u003e",
        "type": "Constructor"
      },
      "location-before-char-start": 669,
      "location-before-char-end": 765,
      "location-after-char-start": 669,
      "location-after-char-end": 765,
      "node-str": "\u003cinit\u003e"
    },
    {
      "type": "move-subtree",
      "node": {
        "label": "setHost",
        "type": "Method"
      },
      "location-before-char-start": 769,
      "location-before-char-end": 820,
      "location-after-char-start": 769,
      "location-after-char-end": 820,
      "node-str": "setHost"
    },
    {
      "type": "move-subtree",
      "node": {
        "label": "setEmail",
        "type": "Method"
      },
      "location-before-char-start": 825,
      "location-before-char-end": 880,
      "location-after-char-start": 825,
      "location-after-char-end": 880,
      "node-str": "setEmail"
    },
    {
      "type": "move-subtree",
      "node": {
        "label": "processRun",
        "type": "Method"
      },
      "location-before-char-start": 1101,
      "location-before-char-end": 1904,
      "location-after-char-start": 885,
      "location-after-char-end": 1688,
      "node-str": "processRun"
    },
    {
      "type": "move-subtree",
      "node": {
        "label": "encodeRun",
        "type": "Method"
      },
      "location-before-char-start": 1908,
      "location-before-char-end": 2141,
      "location-after-char-start": 1692,
      "location-after-char-end": 1925,
      "node-str": "encodeRun"
    },
    {
      "type": "move-subtree",
      "node": {
        "label": "parse",
        "type": "Method"
      },
      "location-before-char-start": 2145,
      "location-before-char-end": 2535,
      "location-after-char-start": 1929,
      "location-after-char-end": 2319,
      "node-str": "parse"
    },
    {
      "type": "move-subtree",
      "node": {
        "label": "testRunStarted",
        "type": "Method"
      },
      "location-before-char-start": 885,
      "location-before-char-end": 930,
      "location-after-char-start": 2323,
      "location-after-char-end": 2368,
      "node-str": "testRunStarted"
    },
    {
      "type": "move-subtree",
      "node": {
        "label": "testRunFinished",
        "type": "Method"
      },
      "location-before-char-start": 934,
      "location-before-char-end": 1097,
      "location-after-char-start": 2373,
      "location-after-char-end": 2536,
      "node-str": "testRunFinished"
    },
    {
      "type": "move-subtree",
      "node": {
        "label": "testStarted",
        "type": "Method"
      },
      "location-before-char-start": 2539,
      "location-before-char-end": 2592,
      "location-after-char-start": 2541,
      "location-after-char-end": 2594,
      "node-str": "testStarted"
    },
    {
      "type": "move-subtree",
      "node": {
        "label": "testFailure",
        "type": "Method"
      },
      "location-before-char-start": 2596,
      "location-before-char-end": 2640,
      "location-after-char-start": 2598,
      "location-after-char-end": 2642,
      "node-str": "testFailure"
    },
    {
      "type": "move-subtree",
      "node": {
        "label": "testIgnored",
        "type": "Method"
      },
      "location-before-char-start": 2644,
      "location-before-char-end": 2686,
      "location-after-char-start": 2646,
      "location-after-char-end": 2688,
      "node-str": "testIgnored"
    },
    {
      "type": "delete-node",
      "node": {
        "label": "public",
        "type": "Modifier"
      },
      "location-before-char-start": 0,
      "location-before-char-end": 0,
      "node-str": "public"
    },
    {
      "type": "delete-node",
      "node": {
        "label": "PonderosaClient",
        "type": "Class"
      },
      "location-before-char-start": 291,
      "location-before-char-end": 2689,
      "node-str": "PonderosaClient"
    }
  ],
  "before-file": {},
  "after-file": {},
  "mapping": {}
}