{
  "tool-info": {},
  "diff": [
    {
      "type": "insert-node",
      "node": {
        "label": "testAssignIssue",
        "type": "Method"
      },
      "location-after-char-start": 5663,
      "location-after-char-end": 6009,
      "node-str": "testAssignIssue"
    },
    {
      "type": "insert-node",
      "node": {
        "label": "testChangeUserAttributeValue",
        "type": "Method"
      },
      "location-after-char-start": 6361,
      "location-after-char-end": 7032,
      "node-str": "testChangeUserAttributeValue"
    },
    {
      "type": "insert-node",
      "node": {
        "label": "void",
        "type": "RETURN_TYPE"
      },
      "location-after-char-start": 0,
      "location-after-char-end": 0,
      "node-str": "void"
    },
    {
      "type": "insert-node",
      "node": {
        "label": "java.lang.Exception",
        "type": "THROWS"
      },
      "location-after-char-start": 0,
      "location-after-char-end": 0,
      "node-str": "java.lang.Exception"
    },
    {
      "type": "insert-node",
      "node": {
        "label": "println",
        "type": "Invocation"
      },
      "location-after-char-start": 5725,
      "location-after-char-end": 5764,
      "node-str": "println"
    },
    {
      "type": "insert-node",
      "node": {
        "label": "attribute",
        "type": "LocalVariable"
      },
      "location-after-char-start": 5774,
      "location-after-char-end": 5816,
      "node-str": "attribute"
    },
    {
      "type": "insert-node",
      "node": {
        "label": "assignee",
        "type": "LocalVariable"
      },
      "location-after-char-start": 5826,
      "location-after-char-end": 5858,
      "node-str": "assignee"
    },
    {
      "type": "insert-node",
      "node": {
        "label": "assigner",
        "type": "LocalVariable"
      },
      "location-after-char-start": 5868,
      "location-after-char-end": 5900,
      "node-str": "assigner"
    },
    {
      "type": "insert-node",
      "node": {
        "label": "assignUser",
        "type": "Invocation"
      },
      "location-after-char-start": 5904,
      "location-after-char-end": 6003,
      "node-str": "assignUser"
    },
    {
      "type": "insert-node",
      "node": {
        "label": "void",
        "type": "RETURN_TYPE"
      },
      "location-after-char-start": 0,
      "location-after-char-end": 0,
      "node-str": "void"
    },
    {
      "type": "insert-node",
      "node": {
        "label": "java.lang.Exception",
        "type": "THROWS"
      },
      "location-after-char-start": 0,
      "location-after-char-end": 0,
      "node-str": "java.lang.Exception"
    },
    {
      "type": "insert-node",
      "node": {
        "label": "println",
        "type": "Invocation"
      },
      "location-after-char-start": 6436,
      "location-after-char-end": 6489,
      "node-str": "println"
    },
    {
      "type": "insert-node",
      "node": {
        "label": "assignAttr",
        "type": "LocalVariable"
      },
      "location-after-char-start": 6499,
      "location-after-char-end": 6542,
      "node-str": "assignAttr"
    },
    {
      "type": "insert-node",
      "node": {
        "label": "ccAttr",
        "type": "LocalVariable"
      },
      "location-after-char-start": 6546,
      "location-after-char-end": 6585,
      "node-str": "ccAttr"
    },
    {
      "type": "insert-node",
      "node": {
        "label": "assignee",
        "type": "LocalVariable"
      },
      "location-after-char-start": 6595,
      "location-after-char-end": 6627,
      "node-str": "assignee"
    },
    {
      "type": "insert-node",
      "node": {
        "label": "assigner",
        "type": "LocalVariable"
      },
      "location-after-char-start": 6637,
      "location-after-char-end": 6669,
      "node-str": "assigner"
    },
    {
      "type": "move-subtree",
      "node": {
        "label": "attVal",
        "type": "LocalVariable"
      },
      "location-before-char-start": 6698,
      "location-before-char-end": 6763,
      "location-after-char-start": 6679,
      "location-after-char-end": 6744,
      "node-str": "attVal"
    },
    {
      "type": "insert-node",
      "node": {
        "label": "changeUserAttributeValue",
        "type": "Invocation"
      },
      "location-after-char-start": 6754,
      "location-after-char-end": 6893,
      "node-str": "changeUserAttributeValue"
    },
    {
      "type": "insert-node",
      "node": {
        "label": "pair",
        "type": "LocalVariable"
      },
      "location-after-char-start": 6903,
      "location-after-char-end": 6971,
      "node-str": "pair"
    },
    {
      "type": "insert-node",
      "node": {
        "label": "assertEquals",
        "type": "Invocation"
      },
      "location-after-char-start": 6981,
      "location-after-char-end": 7026,
      "node-str": "assertEquals"
    },
    {
      "type": "insert-node",
      "node": {
        "label": "out",
        "type": "FieldRead"
      },
      "location-after-char-start": 5725,
      "location-after-char-end": 5734,
      "node-str": "out"
    },
    {
      "type": "insert-node",
      "node": {
        "label": "\"testAssignUser()\"",
        "type": "Literal"
      },
      "location-after-char-start": 5745,
      "location-after-char-end": 5762,
      "node-str": "\"testAssignUser()\""
    },
    {
      "type": "insert-node",
      "node": {
        "label": "org.tigris.scarab.om.Attribute",
        "type": "VARIABLE_TYPE"
      },
      "location-after-char-start": 0,
      "location-after-char-end": 0,
      "node-str": "org.tigris.scarab.om.Attribute"
    },
    {
      "type": "insert-node",
      "node": {
        "label": "getAssignAttribute",
        "type": "Invocation"
      },
      "location-after-char-start": 5796,
      "location-after-char-end": 5815,
      "node-str": "getAssignAttribute"
    },
    {
      "type": "insert-node",
      "node": {
        "label": "org.tigris.scarab.om.ScarabUser",
        "type": "VARIABLE_TYPE"
      },
      "location-after-char-start": 0,
      "location-after-char-end": 0,
      "node-str": "org.tigris.scarab.om.ScarabUser"
    },
    {
      "type": "insert-node",
      "node": {
        "label": "getUser2",
        "type": "Invocation"
      },
      "location-after-char-start": 5848,
      "location-after-char-end": 5857,
      "node-str": "getUser2"
    },
    {
      "type": "insert-node",
      "node": {
        "label": "org.tigris.scarab.om.ScarabUser",
        "type": "VARIABLE_TYPE"
      },
      "location-after-char-start": 0,
      "location-after-char-end": 0,
      "node-str": "org.tigris.scarab.om.ScarabUser"
    },
    {
      "type": "insert-node",
      "node": {
        "label": "getUser1",
        "type": "Invocation"
      },
      "location-after-char-start": 5890,
      "location-after-char-end": 5899,
      "node-str": "getUser1"
    },
    {
      "type": "insert-node",
      "node": {
        "label": "getIssue0",
        "type": "Invocation"
      },
      "location-after-char-start": 5904,
      "location-after-char-end": 5914,
      "node-str": "getIssue0"
    },
    {
      "type": "insert-node",
      "node": {
        "label": "null",
        "type": "Literal"
      },
      "location-after-char-start": 5927,
      "location-after-char-end": 5930,
      "node-str": "null"
    },
    {
      "type": "insert-node",
      "node": {
        "label": "getUser1",
        "type": "Invocation"
      },
      "location-after-char-start": 5933,
      "location-after-char-end": 5942,
      "node-str": "getUser1"
    },
    {
      "type": "insert-node",
      "node": {
        "label": "getUser2",
        "type": "Invocation"
      },
      "location-after-char-start": 5945,
      "location-after-char-end": 5954,
      "node-str": "getUser2"
    },
    {
      "type": "insert-node",
      "node": {
        "label": "getAssignAttribute",
        "type": "Invocation"
      },
      "location-after-char-start": 5957,
      "location-after-char-end": 5976,
      "node-str": "getAssignAttribute"
    },
    {
      "type": "insert-node",
      "node": {
        "label": "getAttachment",
        "type": "Invocation"
      },
      "location-after-char-start": 5979,
      "location-after-char-end": 6001,
      "node-str": "getAttachment"
    },
    {
      "type": "update-node",
      "node": {
        "label": "get",
        "type": "Invocation"
      },
      "location-before-char-start": 6260,
      "location-before-char-end": 6304,
      "location-after-char-start": 6232,
      "location-after-char-end": 6287,
      "node-str": "next"
    },
    {
      "type": "insert-node",
      "node": {
        "label": "out",
        "type": "FieldRead"
      },
      "location-after-char-start": 6436,
      "location-after-char-end": 6445,
      "node-str": "out"
    },
    {
      "type": "insert-node",
      "node": {
        "label": "\"testChangeUserAttributeValue()\"",
        "type": "Literal"
      },
      "location-after-char-start": 6456,
      "location-after-char-end": 6487,
      "node-str": "\"testChangeUserAttributeValue()\""
    },
    {
      "type": "insert-node",
      "node": {
        "label": "org.tigris.scarab.om.Attribute",
        "type": "VARIABLE_TYPE"
      },
      "location-after-char-start": 0,
      "location-after-char-end": 0,
      "node-str": "org.tigris.scarab.om.Attribute"
    },
    {
      "type": "insert-node",
      "node": {
        "label": "getAssignAttribute",
        "type": "Invocation"
      },
      "location-after-char-start": 6522,
      "location-after-char-end": 6541,
      "node-str": "getAssignAttribute"
    },
    {
      "type": "insert-node",
      "node": {
        "label": "org.tigris.scarab.om.Attribute",
        "type": "VARIABLE_TYPE"
      },
      "location-after-char-start": 0,
      "location-after-char-end": 0,
      "node-str": "org.tigris.scarab.om.Attribute"
    },
    {
      "type": "insert-node",
      "node": {
        "label": "getAssignAttribute",
        "type": "Invocation"
      },
      "location-after-char-start": 6565,
      "location-after-char-end": 6584,
      "node-str": "getAssignAttribute"
    },
    {
      "type": "insert-node",
      "node": {
        "label": "org.tigris.scarab.om.ScarabUser",
        "type": "VARIABLE_TYPE"
      },
      "location-after-char-start": 0,
      "location-after-char-end": 0,
      "node-str": "org.tigris.scarab.om.ScarabUser"
    },
    {
      "type": "insert-node",
      "node": {
        "label": "getUser2",
        "type": "Invocation"
      },
      "location-after-char-start": 6617,
      "location-after-char-end": 6626,
      "node-str": "getUser2"
    },
    {
      "type": "insert-node",
      "node": {
        "label": "org.tigris.scarab.om.ScarabUser",
        "type": "VARIABLE_TYPE"
      },
      "location-after-char-start": 0,
      "location-after-char-end": 0,
      "node-str": "org.tigris.scarab.om.ScarabUser"
    },
    {
      "type": "insert-node",
      "node": {
        "label": "getUser1",
        "type": "Invocation"
      },
      "location-after-char-start": 6659,
      "location-after-char-end": 6668,
      "node-str": "getUser1"
    },
    {
      "type": "insert-node",
      "node": {
        "label": "getIssue0",
        "type": "Invocation"
      },
      "location-after-char-start": 6754,
      "location-after-char-end": 6764,
      "node-str": "getIssue0"
    },
    {
      "type": "insert-node",
      "node": {
        "label": "null",
        "type": "Literal"
      },
      "location-after-char-start": 6791,
      "location-after-char-end": 6794,
      "node-str": "null"
    },
    {
      "type": "insert-node",
      "node": {
        "label": "getUser1",
        "type": "Invocation"
      },
      "location-after-char-start": 6797,
      "location-after-char-end": 6806,
      "node-str": "getUser1"
    },
    {
      "type": "insert-node",
      "node": {
        "label": "getUser2",
        "type": "Invocation"
      },
      "location-after-char-start": 6809,
      "location-after-char-end": 6818,
      "node-str": "getUser2"
    },
    {
      "type": "insert-node",
      "node": {
        "label": "attVal",
        "type": "VariableRead"
      },
      "location-after-char-start": 6853,
      "location-after-char-end": 6858,
      "node-str": "attVal"
    },
    {
      "type": "insert-node",
      "node": {
        "label": "ccAttr",
        "type": "VariableRead"
      },
      "location-after-char-start": 6861,
      "location-after-char-end": 6866,
      "node-str": "ccAttr"
    },
    {
      "type": "insert-node",
      "node": {
        "label": "getAttachment",
        "type": "Invocation"
      },
      "location-after-char-start": 6869,
      "location-after-char-end": 6891,
      "node-str": "getAttachment"
    },
    {
      "type": "insert-node",
      "node": {
        "label": "java.util.List",
        "type": "VARIABLE_TYPE"
      },
      "location-after-char-start": 0,
      "location-after-char-end": 0,
      "node-str": "java.util.List"
    },
    {
      "type": "insert-node",
      "node": {
        "label": "next",
        "type": "Invocation"
      },
      "location-after-char-start": 6915,
      "location-after-char-end": 6970,
      "node-str": "next"
    },
    {
      "type": "insert-node",
      "node": {
        "label": "org.tigris.scarab.om.IssueTest",
        "type": "TypeAccess"
      },
      "location-after-char-start": 0,
      "location-after-char-end": 0,
      "node-str": "org.tigris.scarab.om.IssueTest"
    },
    {
      "type": "insert-node",
      "node": {
        "label": "get",
        "type": "Invocation"
      },
      "location-after-char-start": 6994,
      "location-after-char-end": 7017,
      "node-str": "get"
    },
    {
      "type": "insert-node",
      "node": {
        "label": "ccAttr",
        "type": "VariableRead"
      },
      "location-after-char-start": 7019,
      "location-after-char-end": 7024,
      "node-str": "ccAttr"
    },
    {
      "type": "insert-node",
      "node": {
        "label": "java.lang.System",
        "type": "TypeAccess"
      },
      "location-after-char-start": 5725,
      "location-after-char-end": 5730,
      "node-str": "java.lang.System"
    },
    {
      "type": "insert-node",
      "node": {
        "label": "org.tigris.scarab.om.IssueTest",
        "type": "TypeAccess"
      },
      "location-after-char-start": 0,
      "location-after-char-end": 0,
      "node-str": "org.tigris.scarab.om.IssueTest"
    },
    {
      "type": "insert-node",
      "node": {
        "label": "org.tigris.scarab.om.IssueTest",
        "type": "TypeAccess"
      },
      "location-after-char-start": 0,
      "location-after-char-end": 0,
      "node-str": "org.tigris.scarab.om.IssueTest"
    },
    {
      "type": "insert-node",
      "node": {
        "label": "org.tigris.scarab.om.IssueTest",
        "type": "TypeAccess"
      },
      "location-after-char-start": 0,
      "location-after-char-end": 0,
      "node-str": "org.tigris.scarab.om.IssueTest"
    },
    {
      "type": "insert-node",
      "node": {
        "label": "org.tigris.scarab.om.IssueTest",
        "type": "TypeAccess"
      },
      "location-after-char-start": 0,
      "location-after-char-end": 0,
      "node-str": "org.tigris.scarab.om.IssueTest"
    },
    {
      "type": "insert-node",
      "node": {
        "label": "org.tigris.scarab.om.IssueTest",
        "type": "TypeAccess"
      },
      "location-after-char-start": 0,
      "location-after-char-end": 0,
      "node-str": "org.tigris.scarab.om.IssueTest"
    },
    {
      "type": "insert-node",
      "node": {
        "label": "org.tigris.scarab.om.IssueTest",
        "type": "TypeAccess"
      },
      "location-after-char-start": 0,
      "location-after-char-end": 0,
      "node-str": "org.tigris.scarab.om.IssueTest"
    },
    {
      "type": "insert-node",
      "node": {
        "label": "org.tigris.scarab.om.IssueTest",
        "type": "TypeAccess"
      },
      "location-after-char-start": 0,
      "location-after-char-end": 0,
      "node-str": "org.tigris.scarab.om.IssueTest"
    },
    {
      "type": "insert-node",
      "node": {
        "label": "org.tigris.scarab.om.IssueTest",
        "type": "TypeAccess"
      },
      "location-after-char-start": 0,
      "location-after-char-end": 0,
      "node-str": "org.tigris.scarab.om.IssueTest"
    },
    {
      "type": "insert-node",
      "node": {
        "label": "assigner",
        "type": "VariableRead"
      },
      "location-after-char-start": 5993,
      "location-after-char-end": 6000,
      "node-str": "assigner"
    },
    {
      "type": "update-node",
      "node": {
        "label": "getAssociatedUsers",
        "type": "Invocation"
      },
      "location-before-char-start": 6266,
      "location-before-char-end": 6297,
      "location-after-char-start": 6238,
      "location-after-char-end": 6280,
      "node-str": "iterator"
    },
    {
      "type": "insert-node",
      "node": {
        "label": "java.lang.System",
        "type": "TypeAccess"
      },
      "location-after-char-start": 6436,
      "location-after-char-end": 6441,
      "node-str": "java.lang.System"
    },
    {
      "type": "insert-node",
      "node": {
        "label": "org.tigris.scarab.om.IssueTest",
        "type": "TypeAccess"
      },
      "location-after-char-start": 0,
      "location-after-char-end": 0,
      "node-str": "org.tigris.scarab.om.IssueTest"
    },
    {
      "type": "insert-node",
      "node": {
        "label": "org.tigris.scarab.om.IssueTest",
        "type": "TypeAccess"
      },
      "location-after-char-start": 0,
      "location-after-char-end": 0,
      "node-str": "org.tigris.scarab.om.IssueTest"
    },
    {
      "type": "insert-node",
      "node": {
        "label": "org.tigris.scarab.om.IssueTest",
        "type": "TypeAccess"
      },
      "location-after-char-start": 0,
      "location-after-char-end": 0,
      "node-str": "org.tigris.scarab.om.IssueTest"
    },
    {
      "type": "insert-node",
      "node": {
        "label": "org.tigris.scarab.om.IssueTest",
        "type": "TypeAccess"
      },
      "location-after-char-start": 0,
      "location-after-char-end": 0,
      "node-str": "org.tigris.scarab.om.IssueTest"
    },
    {
      "type": "insert-node",
      "node": {
        "label": "org.tigris.scarab.om.IssueTest",
        "type": "TypeAccess"
      },
      "location-after-char-start": 0,
      "location-after-char-end": 0,
      "node-str": "org.tigris.scarab.om.IssueTest"
    },
    {
      "type": "insert-node",
      "node": {
        "label": "org.tigris.scarab.om.IssueTest",
        "type": "TypeAccess"
      },
      "location-after-char-start": 0,
      "location-after-char-end": 0,
      "node-str": "org.tigris.scarab.om.IssueTest"
    },
    {
      "type": "insert-node",
      "node": {
        "label": "org.tigris.scarab.om.IssueTest",
        "type": "TypeAccess"
      },
      "location-after-char-start": 0,
      "location-after-char-end": 0,
      "node-str": "org.tigris.scarab.om.IssueTest"
    },
    {
      "type": "insert-node",
      "node": {
        "label": "org.tigris.scarab.om.IssueTest",
        "type": "TypeAccess"
      },
      "location-after-char-start": 0,
      "location-after-char-end": 0,
      "node-str": "org.tigris.scarab.om.IssueTest"
    },
    {
      "type": "insert-node",
      "node": {
        "label": "assigner",
        "type": "VariableRead"
      },
      "location-after-char-start": 6883,
      "location-after-char-end": 6890,
      "node-str": "assigner"
    },
    {
      "type": "insert-node",
      "node": {
        "label": "iterator",
        "type": "Invocation"
      },
      "location-after-char-start": 6921,
      "location-after-char-end": 6963,
      "node-str": "iterator"
    },
    {
      "type": "insert-node",
      "node": {
        "label": "pair",
        "type": "VariableRead"
      },
      "location-after-char-start": 7006,
      "location-after-char-end": 7009,
      "node-str": "pair"
    },
    {
      "type": "insert-node",
      "node": {
        "label": "0",
        "type": "Literal"
      },
      "location-after-char-start": 7015,
      "location-after-char-end": 7015,
      "node-str": "0"
    },
    {
      "type": "update-node",
      "node": {
        "label": "\". Expected 2\"",
        "type": "Literal"
      },
      "location-before-char-start": 9081,
      "location-before-char-end": 9094,
      "location-after-char-start": 9073,
      "location-after-char-end": 9086,
      "node-str": "\". Expected 7\""
    },
    {
      "type": "update-node",
      "node": {
        "label": "2",
        "type": "Literal"
      },
      "location-before-char-start": 9108,
      "location-before-char-end": 9108,
      "location-after-char-start": 9100,
      "location-after-char-end": 9100,
      "node-str": "7"
    },
    {
      "type": "update-node",
      "node": {
        "label": "\". Expected 2\"",
        "type": "Literal"
      },
      "location-before-char-start": 9271,
      "location-before-char-end": 9284,
      "location-after-char-start": 9263,
      "location-after-char-end": 9276,
      "node-str": "\". Expected 7\""
    },
    {
      "type": "update-node",
      "node": {
        "label": "2",
        "type": "Literal"
      },
      "location-before-char-start": 9298,
      "location-before-char-end": 9298,
      "location-after-char-start": 9290,
      "location-after-char-end": 9290,
      "node-str": "7"
    },
    {
      "type": "update-node",
      "node": {
        "label": "getIssue0",
        "type": "Invocation"
      },
      "location-before-char-start": 6266,
      "location-before-char-end": 6276,
      "location-after-char-start": 6238,
      "location-after-char-end": 6269,
      "node-str": "getAssociatedUsers"
    },
    {
      "type": "insert-node",
      "node": {
        "label": "getAssociatedUsers",
        "type": "Invocation"
      },
      "location-after-char-start": 6921,
      "location-after-char-end": 6952,
      "node-str": "getAssociatedUsers"
    },
    {
      "type": "insert-node",
      "node": {
        "label": "getIssue0",
        "type": "Invocation"
      },
      "location-after-char-start": 6238,
      "location-after-char-end": 6248,
      "node-str": "getIssue0"
    },
    {
      "type": "insert-node",
      "node": {
        "label": "getIssue0",
        "type": "Invocation"
      },
      "location-after-char-start": 6921,
      "location-after-char-end": 6931,
      "node-str": "getIssue0"
    },
    {
      "type": "insert-node",
      "node": {
        "label": "org.tigris.scarab.om.IssueTest",
        "type": "TypeAccess"
      },
      "location-after-char-start": 0,
      "location-after-char-end": 0,
      "node-str": "org.tigris.scarab.om.IssueTest"
    },
    {
      "type": "insert-node",
      "node": {
        "label": "org.tigris.scarab.om.IssueTest",
        "type": "TypeAccess"
      },
      "location-after-char-start": 0,
      "location-after-char-end": 0,
      "node-str": "org.tigris.scarab.om.IssueTest"
    },
    {
      "type": "delete-node",
      "node": {
        "label": "void",
        "type": "RETURN_TYPE"
      },
      "location-before-char-start": 0,
      "location-before-char-end": 0,
      "node-str": "void"
    },
    {
      "type": "delete-node",
      "node": {
        "label": "java.lang.Exception",
        "type": "THROWS"
      },
      "location-before-char-start": 0,
      "location-before-char-end": 0,
      "node-str": "java.lang.Exception"
    },
    {
      "type": "delete-node",
      "node": {
        "label": "java.lang.System",
        "type": "TypeAccess"
      },
      "location-before-char-start": 5725,
      "location-before-char-end": 5730,
      "node-str": "java.lang.System"
    },
    {
      "type": "delete-node",
      "node": {
        "label": "out",
        "type": "FieldRead"
      },
      "location-before-char-start": 5725,
      "location-before-char-end": 5734,
      "node-str": "out"
    },
    {
      "type": "delete-node",
      "node": {
        "label": "\"testAssignUser()\"",
        "type": "Literal"
      },
      "location-before-char-start": 5745,
      "location-before-char-end": 5762,
      "node-str": "\"testAssignUser()\""
    },
    {
      "type": "delete-node",
      "node": {
        "label": "println",
        "type": "Invocation"
      },
      "location-before-char-start": 5725,
      "location-before-char-end": 5764,
      "node-str": "println"
    },
    {
      "type": "delete-node",
      "node": {
        "label": "org.tigris.scarab.om.Attribute",
        "type": "VARIABLE_TYPE"
      },
      "location-before-char-start": 0,
      "location-before-char-end": 0,
      "node-str": "org.tigris.scarab.om.Attribute"
    },
    {
      "type": "delete-node",
      "node": {
        "label": "org.tigris.scarab.om.IssueTest",
        "type": "TypeAccess"
      },
      "location-before-char-start": 0,
      "location-before-char-end": 0,
      "node-str": "org.tigris.scarab.om.IssueTest"
    },
    {
      "type": "delete-node",
      "node": {
        "label": "getAssignAttribute",
        "type": "Invocation"
      },
      "location-before-char-start": 5796,
      "location-before-char-end": 5815,
      "node-str": "getAssignAttribute"
    },
    {
      "type": "delete-node",
      "node": {
        "label": "attribute",
        "type": "LocalVariable"
      },
      "location-before-char-start": 5774,
      "location-before-char-end": 5816,
      "node-str": "attribute"
    },
    {
      "type": "delete-node",
      "node": {
        "label": "org.tigris.scarab.om.ScarabUser",
        "type": "VARIABLE_TYPE"
      },
      "location-before-char-start": 0,
      "location-before-char-end": 0,
      "node-str": "org.tigris.scarab.om.ScarabUser"
    },
    {
      "type": "delete-node",
      "node": {
        "label": "org.tigris.scarab.om.IssueTest",
        "type": "TypeAccess"
      },
      "location-before-char-start": 0,
      "location-before-char-end": 0,
      "node-str": "org.tigris.scarab.om.IssueTest"
    },
    {
      "type": "delete-node",
      "node": {
        "label": "getUser2",
        "type": "Invocation"
      },
      "location-before-char-start": 5848,
      "location-before-char-end": 5857,
      "node-str": "getUser2"
    },
    {
      "type": "delete-node",
      "node": {
        "label": "assignee",
        "type": "LocalVariable"
      },
      "location-before-char-start": 5826,
      "location-before-char-end": 5858,
      "node-str": "assignee"
    },
    {
      "type": "delete-node",
      "node": {
        "label": "org.tigris.scarab.om.ScarabUser",
        "type": "VARIABLE_TYPE"
      },
      "location-before-char-start": 0,
      "location-before-char-end": 0,
      "node-str": "org.tigris.scarab.om.ScarabUser"
    },
    {
      "type": "delete-node",
      "node": {
        "label": "org.tigris.scarab.om.IssueTest",
        "type": "TypeAccess"
      },
      "location-before-char-start": 0,
      "location-before-char-end": 0,
      "node-str": "org.tigris.scarab.om.IssueTest"
    },
    {
      "type": "delete-node",
      "node": {
        "label": "getUser1",
        "type": "Invocation"
      },
      "location-before-char-start": 5890,
      "location-before-char-end": 5899,
      "node-str": "getUser1"
    },
    {
      "type": "delete-node",
      "node": {
        "label": "assigner",
        "type": "LocalVariable"
      },
      "location-before-char-start": 5868,
      "location-before-char-end": 5900,
      "node-str": "assigner"
    },
    {
      "type": "delete-node",
      "node": {
        "label": "org.tigris.scarab.om.IssueTest",
        "type": "TypeAccess"
      },
      "location-before-char-start": 0,
      "location-before-char-end": 0,
      "node-str": "org.tigris.scarab.om.IssueTest"
    },
    {
      "type": "delete-node",
      "node": {
        "label": "getIssue0",
        "type": "Invocation"
      },
      "location-before-char-start": 5910,
      "location-before-char-end": 5920,
      "node-str": "getIssue0"
    },
    {
      "type": "delete-node",
      "node": {
        "label": "null",
        "type": "Literal"
      },
      "location-before-char-start": 5933,
      "location-before-char-end": 5936,
      "node-str": "null"
    },
    {
      "type": "delete-node",
      "node": {
        "label": "org.tigris.scarab.om.IssueTest",
        "type": "TypeAccess"
      },
      "location-before-char-start": 0,
      "location-before-char-end": 0,
      "node-str": "org.tigris.scarab.om.IssueTest"
    },
    {
      "type": "delete-node",
      "node": {
        "label": "getUser1",
        "type": "Invocation"
      },
      "location-before-char-start": 5939,
      "location-before-char-end": 5948,
      "node-str": "getUser1"
    },
    {
      "type": "delete-node",
      "node": {
        "label": "org.tigris.scarab.om.IssueTest",
        "type": "TypeAccess"
      },
      "location-before-char-start": 0,
      "location-before-char-end": 0,
      "node-str": "org.tigris.scarab.om.IssueTest"
    },
    {
      "type": "delete-node",
      "node": {
        "label": "getUser2",
        "type": "Invocation"
      },
      "location-before-char-start": 5951,
      "location-before-char-end": 5960,
      "node-str": "getUser2"
    },
    {
      "type": "delete-node",
      "node": {
        "label": "assignAttr",
        "type": "FieldRead"
      },
      "location-before-char-start": 5995,
      "location-before-char-end": 6004,
      "node-str": "assignAttr"
    },
    {
      "type": "delete-node",
      "node": {
        "label": "org.tigris.scarab.om.IssueTest",
        "type": "TypeAccess"
      },
      "location-before-char-start": 0,
      "location-before-char-end": 0,
      "node-str": "org.tigris.scarab.om.IssueTest"
    },
    {
      "type": "delete-node",
      "node": {
        "label": "assigner",
        "type": "VariableRead"
      },
      "location-before-char-start": 6021,
      "location-before-char-end": 6028,
      "node-str": "assigner"
    },
    {
      "type": "delete-node",
      "node": {
        "label": "getAttachment",
        "type": "Invocation"
      },
      "location-before-char-start": 6007,
      "location-before-char-end": 6029,
      "node-str": "getAttachment"
    },
    {
      "type": "delete-node",
      "node": {
        "label": "assignUser",
        "type": "Invocation"
      },
      "location-before-char-start": 5910,
      "location-before-char-end": 6031,
      "node-str": "assignUser"
    },
    {
      "type": "delete-node",
      "node": {
        "label": "testAssignIssue",
        "type": "Method"
      },
      "location-before-char-start": 5663,
      "location-before-char-end": 6037,
      "node-str": "testAssignIssue"
    },
    {
      "type": "delete-node",
      "node": {
        "label": "org.tigris.scarab.om.IssueTest",
        "type": "TypeAccess"
      },
      "location-before-char-start": 0,
      "location-before-char-end": 0,
      "node-str": "org.tigris.scarab.om.IssueTest"
    },
    {
      "type": "delete-node",
      "node": {
        "label": "0",
        "type": "Literal"
      },
      "location-before-char-start": 6303,
      "location-before-char-end": 6303,
      "node-str": "0"
    },
    {
      "type": "delete-node",
      "node": {
        "label": "void",
        "type": "RETURN_TYPE"
      },
      "location-before-char-start": 0,
      "location-before-char-end": 0,
      "node-str": "void"
    },
    {
      "type": "delete-node",
      "node": {
        "label": "java.lang.Exception",
        "type": "THROWS"
      },
      "location-before-char-start": 0,
      "location-before-char-end": 0,
      "node-str": "java.lang.Exception"
    },
    {
      "type": "delete-node",
      "node": {
        "label": "java.lang.System",
        "type": "TypeAccess"
      },
      "location-before-char-start": 6453,
      "location-before-char-end": 6458,
      "node-str": "java.lang.System"
    },
    {
      "type": "delete-node",
      "node": {
        "label": "out",
        "type": "FieldRead"
      },
      "location-before-char-start": 6453,
      "location-before-char-end": 6462,
      "node-str": "out"
    },
    {
      "type": "delete-node",
      "node": {
        "label": "\"testChangeUserAttributeValue()\"",
        "type": "Literal"
      },
      "location-before-char-start": 6473,
      "location-before-char-end": 6504,
      "node-str": "\"testChangeUserAttributeValue()\""
    },
    {
      "type": "delete-node",
      "node": {
        "label": "println",
        "type": "Invocation"
      },
      "location-before-char-start": 6453,
      "location-before-char-end": 6506,
      "node-str": "println"
    },
    {
      "type": "delete-node",
      "node": {
        "label": "org.tigris.scarab.om.Attribute",
        "type": "VARIABLE_TYPE"
      },
      "location-before-char-start": 0,
      "location-before-char-end": 0,
      "node-str": "org.tigris.scarab.om.Attribute"
    },
    {
      "type": "delete-node",
      "node": {
        "label": "org.tigris.scarab.om.IssueTest",
        "type": "TypeAccess"
      },
      "location-before-char-start": 0,
      "location-before-char-end": 0,
      "node-str": "org.tigris.scarab.om.IssueTest"
    },
    {
      "type": "delete-node",
      "node": {
        "label": "getAssignAttribute",
        "type": "Invocation"
      },
      "location-before-char-start": 6539,
      "location-before-char-end": 6558,
      "node-str": "getAssignAttribute"
    },
    {
      "type": "delete-node",
      "node": {
        "label": "assignAttr",
        "type": "LocalVariable"
      },
      "location-before-char-start": 6516,
      "location-before-char-end": 6559,
      "node-str": "assignAttr"
    },
    {
      "type": "delete-node",
      "node": {
        "label": "org.tigris.scarab.om.Attribute",
        "type": "VARIABLE_TYPE"
      },
      "location-before-char-start": 0,
      "location-before-char-end": 0,
      "node-str": "org.tigris.scarab.om.Attribute"
    },
    {
      "type": "delete-node",
      "node": {
        "label": "org.tigris.scarab.om.IssueTest",
        "type": "TypeAccess"
      },
      "location-before-char-start": 0,
      "location-before-char-end": 0,
      "node-str": "org.tigris.scarab.om.IssueTest"
    },
    {
      "type": "delete-node",
      "node": {
        "label": "getCcAttribute",
        "type": "Invocation"
      },
      "location-before-char-start": 6588,
      "location-before-char-end": 6603,
      "node-str": "getCcAttribute"
    },
    {
      "type": "delete-node",
      "node": {
        "label": "ccAttr",
        "type": "LocalVariable"
      },
      "location-before-char-start": 6569,
      "location-before-char-end": 6604,
      "node-str": "ccAttr"
    },
    {
      "type": "delete-node",
      "node": {
        "label": "org.tigris.scarab.om.ScarabUser",
        "type": "VARIABLE_TYPE"
      },
      "location-before-char-start": 0,
      "location-before-char-end": 0,
      "node-str": "org.tigris.scarab.om.ScarabUser"
    },
    {
      "type": "delete-node",
      "node": {
        "label": "org.tigris.scarab.om.IssueTest",
        "type": "TypeAccess"
      },
      "location-before-char-start": 0,
      "location-before-char-end": 0,
      "node-str": "org.tigris.scarab.om.IssueTest"
    },
    {
      "type": "delete-node",
      "node": {
        "label": "getUser2",
        "type": "Invocation"
      },
      "location-before-char-start": 6636,
      "location-before-char-end": 6645,
      "node-str": "getUser2"
    },
    {
      "type": "delete-node",
      "node": {
        "label": "assignee",
        "type": "LocalVariable"
      },
      "location-before-char-start": 6614,
      "location-before-char-end": 6646,
      "node-str": "assignee"
    },
    {
      "type": "delete-node",
      "node": {
        "label": "org.tigris.scarab.om.ScarabUser",
        "type": "VARIABLE_TYPE"
      },
      "location-before-char-start": 0,
      "location-before-char-end": 0,
      "node-str": "org.tigris.scarab.om.ScarabUser"
    },
    {
      "type": "delete-node",
      "node": {
        "label": "org.tigris.scarab.om.IssueTest",
        "type": "TypeAccess"
      },
      "location-before-char-start": 0,
      "location-before-char-end": 0,
      "node-str": "org.tigris.scarab.om.IssueTest"
    },
    {
      "type": "delete-node",
      "node": {
        "label": "getUser1",
        "type": "Invocation"
      },
      "location-before-char-start": 6678,
      "location-before-char-end": 6687,
      "node-str": "getUser1"
    },
    {
      "type": "delete-node",
      "node": {
        "label": "assigner",
        "type": "LocalVariable"
      },
      "location-before-char-start": 6656,
      "location-before-char-end": 6688,
      "node-str": "assigner"
    },
    {
      "type": "delete-node",
      "node": {
        "label": "org.tigris.scarab.om.IssueTest",
        "type": "TypeAccess"
      },
      "location-before-char-start": 0,
      "location-before-char-end": 0,
      "node-str": "org.tigris.scarab.om.IssueTest"
    },
    {
      "type": "delete-node",
      "node": {
        "label": "getIssue0",
        "type": "Invocation"
      },
      "location-before-char-start": 6773,
      "location-before-char-end": 6783,
      "node-str": "getIssue0"
    },
    {
      "type": "delete-node",
      "node": {
        "label": "null",
        "type": "Literal"
      },
      "location-before-char-start": 6810,
      "location-before-char-end": 6813,
      "node-str": "null"
    },
    {
      "type": "delete-node",
      "node": {
        "label": "org.tigris.scarab.om.IssueTest",
        "type": "TypeAccess"
      },
      "location-before-char-start": 0,
      "location-before-char-end": 0,
      "node-str": "org.tigris.scarab.om.IssueTest"
    },
    {
      "type": "delete-node",
      "node": {
        "label": "getUser1",
        "type": "Invocation"
      },
      "location-before-char-start": 6816,
      "location-before-char-end": 6825,
      "node-str": "getUser1"
    },
    {
      "type": "delete-node",
      "node": {
        "label": "org.tigris.scarab.om.IssueTest",
        "type": "TypeAccess"
      },
      "location-before-char-start": 0,
      "location-before-char-end": 0,
      "node-str": "org.tigris.scarab.om.IssueTest"
    },
    {
      "type": "delete-node",
      "node": {
        "label": "getUser2",
        "type": "Invocation"
      },
      "location-before-char-start": 6828,
      "location-before-char-end": 6837,
      "node-str": "getUser2"
    },
    {
      "type": "delete-node",
      "node": {
        "label": "attVal",
        "type": "VariableRead"
      },
      "location-before-char-start": 6872,
      "location-before-char-end": 6877,
      "node-str": "attVal"
    },
    {
      "type": "delete-node",
      "node": {
        "label": "ccAttr",
        "type": "VariableRead"
      },
      "location-before-char-start": 6880,
      "location-before-char-end": 6885,
      "node-str": "ccAttr"
    },
    {
      "type": "delete-node",
      "node": {
        "label": "org.tigris.scarab.om.IssueTest",
        "type": "TypeAccess"
      },
      "location-before-char-start": 0,
      "location-before-char-end": 0,
      "node-str": "org.tigris.scarab.om.IssueTest"
    },
    {
      "type": "delete-node",
      "node": {
        "label": "assigner",
        "type": "VariableRead"
      },
      "location-before-char-start": 6902,
      "location-before-char-end": 6909,
      "node-str": "assigner"
    },
    {
      "type": "delete-node",
      "node": {
        "label": "getAttachment",
        "type": "Invocation"
      },
      "location-before-char-start": 6888,
      "location-before-char-end": 6910,
      "node-str": "getAttachment"
    },
    {
      "type": "delete-node",
      "node": {
        "label": "changeUserAttributeValue",
        "type": "Invocation"
      },
      "location-before-char-start": 6773,
      "location-before-char-end": 6912,
      "node-str": "changeUserAttributeValue"
    },
    {
      "type": "delete-node",
      "node": {
        "label": "java.util.List",
        "type": "VARIABLE_TYPE"
      },
      "location-before-char-start": 0,
      "location-before-char-end": 0,
      "node-str": "java.util.List"
    },
    {
      "type": "delete-node",
      "node": {
        "label": "org.tigris.scarab.om.IssueTest",
        "type": "TypeAccess"
      },
      "location-before-char-start": 0,
      "location-before-char-end": 0,
      "node-str": "org.tigris.scarab.om.IssueTest"
    },
    {
      "type": "delete-node",
      "node": {
        "label": "getIssue0",
        "type": "Invocation"
      },
      "location-before-char-start": 6940,
      "location-before-char-end": 6950,
      "node-str": "getIssue0"
    },
    {
      "type": "delete-node",
      "node": {
        "label": "getAssociatedUsers",
        "type": "Invocation"
      },
      "location-before-char-start": 6940,
      "location-before-char-end": 6971,
      "node-str": "getAssociatedUsers"
    },
    {
      "type": "delete-node",
      "node": {
        "label": "0",
        "type": "Literal"
      },
      "location-before-char-start": 6977,
      "location-before-char-end": 6977,
      "node-str": "0"
    },
    {
      "type": "delete-node",
      "node": {
        "label": "get",
        "type": "Invocation"
      },
      "location-before-char-start": 6934,
      "location-before-char-end": 6978,
      "node-str": "get"
    },
    {
      "type": "delete-node",
      "node": {
        "label": "pair",
        "type": "LocalVariable"
      },
      "location-before-char-start": 6922,
      "location-before-char-end": 6979,
      "node-str": "pair"
    },
    {
      "type": "delete-node",
      "node": {
        "label": "org.tigris.scarab.om.IssueTest",
        "type": "TypeAccess"
      },
      "location-before-char-start": 0,
      "location-before-char-end": 0,
      "node-str": "org.tigris.scarab.om.IssueTest"
    },
    {
      "type": "delete-node",
      "node": {
        "label": "pair",
        "type": "VariableRead"
      },
      "location-before-char-start": 7014,
      "location-before-char-end": 7017,
      "node-str": "pair"
    },
    {
      "type": "delete-node",
      "node": {
        "label": "0",
        "type": "Literal"
      },
      "location-before-char-start": 7023,
      "location-before-char-end": 7023,
      "node-str": "0"
    },
    {
      "type": "delete-node",
      "node": {
        "label": "get",
        "type": "Invocation"
      },
      "location-before-char-start": 7002,
      "location-before-char-end": 7025,
      "node-str": "get"
    },
    {
      "type": "delete-node",
      "node": {
        "label": "ccAttr",
        "type": "VariableRead"
      },
      "location-before-char-start": 7027,
      "location-before-char-end": 7032,
      "node-str": "ccAttr"
    },
    {
      "type": "delete-node",
      "node": {
        "label": "assertEquals",
        "type": "Invocation"
      },
      "location-before-char-start": 6989,
      "location-before-char-end": 7034,
      "node-str": "assertEquals"
    },
    {
      "type": "delete-node",
      "node": {
        "label": "testChangeUserAttributeValue",
        "type": "Method"
      },
      "location-before-char-start": 6378,
      "location-before-char-end": 7040,
      "node-str": "testChangeUserAttributeValue"
    }
  ],
  "before-file": {},
  "after-file": {},
  "mapping": {}
}