{
  "tool-info": {},
  "diff": [
    {
      "type": "insert-node",
      "node": {
        "label": "",
        "type": "TypeDeclaration"
      },
      "location-after-char-start": 1366,
      "location-after-char-end": 3205,
      "node-str": ""
    },
    {
      "type": "move-subtree",
      "node": {
        "label": "",
        "type": "Javadoc"
      },
      "location-before-char-start": 1504,
      "location-before-char-end": 1633,
      "location-after-char-start": 1366,
      "location-after-char-end": 1495,
      "node-str": ""
    },
    {
      "type": "move-subtree",
      "node": {
        "label": "public",
        "type": "Modifier"
      },
      "location-before-char-start": 1634,
      "location-before-char-end": 1640,
      "location-after-char-start": 1496,
      "location-after-char-end": 1502,
      "node-str": "public"
    },
    {
      "type": "move-subtree",
      "node": {
        "label": "class",
        "type": "TYPE_DECLARATION_KIND"
      },
      "location-before-char-start": 1641,
      "location-before-char-end": 1646,
      "location-after-char-start": 1503,
      "location-after-char-end": 1508,
      "node-str": "class"
    },
    {
      "type": "move-subtree",
      "node": {
        "label": "CreateFilterOnSubjectAction",
        "type": "SimpleName"
      },
      "location-before-char-start": 1647,
      "location-before-char-end": 1674,
      "location-after-char-start": 1509,
      "location-after-char-end": 1536,
      "node-str": "CreateFilterOnSubjectAction"
    },
    {
      "type": "move-subtree",
      "node": {
        "label": "",
        "type": "SimpleType"
      },
      "location-before-char-start": 1684,
      "location-before-char-end": 1695,
      "location-after-char-start": 1546,
      "location-after-char-end": 1557,
      "node-str": ""
    },
    {
      "type": "move-subtree",
      "node": {
        "label": "",
        "type": "SimpleType"
      },
      "location-before-char-start": 1708,
      "location-before-char-end": 1725,
      "location-after-char-start": 1570,
      "location-after-char-end": 1587,
      "node-str": ""
    },
    {
      "type": "move-subtree",
      "node": {
        "label": "",
        "type": "MethodDeclaration"
      },
      "location-before-char-start": 1730,
      "location-before-char-end": 2434,
      "location-after-char-start": 1592,
      "location-after-char-end": 2296,
      "node-str": ""
    },
    {
      "type": "move-subtree",
      "node": {
        "label": "",
        "type": "MethodDeclaration"
      },
      "location-before-char-start": 2437,
      "location-before-char-end": 3030,
      "location-after-char-start": 2299,
      "location-after-char-end": 2892,
      "node-str": ""
    },
    {
      "type": "insert-node",
      "node": {
        "label": "",
        "type": "MethodDeclaration"
      },
      "location-after-char-start": 2896,
      "location-after-char-end": 3203,
      "node-str": ""
    },
    {
      "type": "move-subtree",
      "node": {
        "label": "",
        "type": "Javadoc"
      },
      "location-before-char-start": 3034,
      "location-before-char-end": 3212,
      "location-after-char-start": 2896,
      "location-after-char-end": 3074,
      "node-str": ""
    },
    {
      "type": "move-subtree",
      "node": {
        "label": "public",
        "type": "Modifier"
      },
      "location-before-char-start": 3214,
      "location-before-char-end": 3220,
      "location-after-char-start": 3076,
      "location-after-char-end": 3082,
      "node-str": "public"
    },
    {
      "type": "move-subtree",
      "node": {
        "label": "void",
        "type": "PrimitiveType"
      },
      "location-before-char-start": 3221,
      "location-before-char-end": 3225,
      "location-after-char-start": 3083,
      "location-after-char-end": 3087,
      "node-str": "void"
    },
    {
      "type": "move-subtree",
      "node": {
        "label": "selectionChanged",
        "type": "SimpleName"
      },
      "location-before-char-start": 3226,
      "location-before-char-end": 3242,
      "location-after-char-start": 3088,
      "location-after-char-end": 3104,
      "node-str": "selectionChanged"
    },
    {
      "type": "move-subtree",
      "node": {
        "label": "",
        "type": "SingleVariableDeclaration"
      },
      "location-before-char-start": 3243,
      "location-before-char-end": 3266,
      "location-after-char-start": 3105,
      "location-after-char-end": 3128,
      "node-str": ""
    },
    {
      "type": "insert-node",
      "node": {
        "label": "",
        "type": "Block"
      },
      "location-after-char-start": 3130,
      "location-after-char-end": 3203,
      "node-str": ""
    },
    {
      "type": "insert-node",
      "node": {
        "label": "",
        "type": "ExpressionStatement"
      },
      "location-after-char-start": 3134,
      "location-after-char-end": 3200,
      "node-str": ""
    },
    {
      "type": "insert-node",
      "node": {
        "label": "",
        "type": "MethodInvocation"
      },
      "location-after-char-start": 3134,
      "location-after-char-end": 3199,
      "node-str": ""
    },
    {
      "type": "move-subtree",
      "node": {
        "label": "setEnabled",
        "type": "SimpleName"
      },
      "location-before-char-start": 3335,
      "location-before-char-end": 3345,
      "location-after-char-start": 3134,
      "location-after-char-end": 3144,
      "node-str": "setEnabled"
    },
    {
      "type": "insert-node",
      "node": {
        "label": "",
        "type": "METHOD_INVOCATION_ARGUMENTS"
      },
      "location-after-char-start": 3145,
      "location-after-char-end": 3198,
      "node-str": ""
    },
    {
      "type": "move-subtree",
      "node": {
        "label": "",
        "type": "InfixExpression"
      },
      "location-before-char-start": 3277,
      "location-before-char-end": 3330,
      "location-after-char-start": 3145,
      "location-after-char-end": 3198,
      "node-str": ""
    },
    {
      "type": "delete-node",
      "node": {
        "label": "true",
        "type": "BooleanLiteral"
      },
      "location-before-char-start": 3346,
      "location-before-char-end": 3350,
      "node-str": "true"
    },
    {
      "type": "delete-node",
      "node": {
        "label": "",
        "type": "METHOD_INVOCATION_ARGUMENTS"
      },
      "location-before-char-start": 3346,
      "location-before-char-end": 3350,
      "node-str": ""
    },
    {
      "type": "delete-node",
      "node": {
        "label": "",
        "type": "MethodInvocation"
      },
      "location-before-char-start": 3335,
      "location-before-char-end": 3351,
      "node-str": ""
    },
    {
      "type": "delete-node",
      "node": {
        "label": "",
        "type": "ExpressionStatement"
      },
      "location-before-char-start": 3335,
      "location-before-char-end": 3352,
      "node-str": ""
    },
    {
      "type": "delete-node",
      "node": {
        "label": "setEnabled",
        "type": "SimpleName"
      },
      "location-before-char-start": 3363,
      "location-before-char-end": 3373,
      "node-str": "setEnabled"
    },
    {
      "type": "delete-node",
      "node": {
        "label": "false",
        "type": "BooleanLiteral"
      },
      "location-before-char-start": 3374,
      "location-before-char-end": 3379,
      "node-str": "false"
    },
    {
      "type": "delete-node",
      "node": {
        "label": "",
        "type": "METHOD_INVOCATION_ARGUMENTS"
      },
      "location-before-char-start": 3374,
      "location-before-char-end": 3379,
      "node-str": ""
    },
    {
      "type": "delete-node",
      "node": {
        "label": "",
        "type": "MethodInvocation"
      },
      "location-before-char-start": 3363,
      "location-before-char-end": 3380,
      "node-str": ""
    },
    {
      "type": "delete-node",
      "node": {
        "label": "",
        "type": "ExpressionStatement"
      },
      "location-before-char-start": 3363,
      "location-before-char-end": 3381,
      "node-str": ""
    },
    {
      "type": "delete-node",
      "node": {
        "label": "",
        "type": "IfStatement"
      },
      "location-before-char-start": 3273,
      "location-before-char-end": 3381,
      "node-str": ""
    },
    {
      "type": "delete-node",
      "node": {
        "label": "",
        "type": "Block"
      },
      "location-before-char-start": 3268,
      "location-before-char-end": 3385,
      "node-str": ""
    },
    {
      "type": "delete-node",
      "node": {
        "label": "",
        "type": "MethodDeclaration"
      },
      "location-before-char-start": 3034,
      "location-before-char-end": 3385,
      "node-str": ""
    },
    {
      "type": "delete-node",
      "node": {
        "label": "",
        "type": "TypeDeclaration"
      },
      "location-before-char-start": 1504,
      "location-before-char-end": 3387,
      "node-str": ""
    }
  ],
  "before-file": {},
  "after-file": {},
  "mapping": {}
}