{
  "tool-info": {},
  "diff": [
    {
      "type": "insert-node",
      "node": {
        "label": "abstract",
        "type": "Modifier"
      },
      "location-after-char-start": 0,
      "location-after-char-end": 0,
      "node-str": "abstract"
    },
    {
      "type": "insert-node",
      "node": {
        "label": "public",
        "type": "Modifier"
      },
      "location-after-char-start": 0,
      "location-after-char-end": 0,
      "node-str": "public"
    },
    {
      "type": "insert-node",
      "node": {
        "label": "",
        "type": "TypeReference"
      },
      "location-after-char-start": 2785,
      "location-after-char-end": 2797,
      "node-str": ""
    },
    {
      "type": "insert-node",
      "node": {
        "label": "_firing",
        "type": "Field"
      },
      "location-after-char-start": 2943,
      "location-after-char-end": 3070,
      "node-str": "_firing"
    },
    {
      "type": "insert-node",
      "node": {
        "label": "_editing",
        "type": "Field"
      },
      "location-after-char-start": 3081,
      "location-after-char-end": 3200,
      "node-str": "_editing"
    },
    {
      "type": "insert-node",
      "node": {
        "label": "_target",
        "type": "Field"
      },
      "location-after-char-start": 3211,
      "location-after-char-end": 3328,
      "node-str": "_target"
    },
    {
      "type": "insert-node",
      "node": {
        "label": "_panel",
        "type": "Field"
      },
      "location-after-char-start": 3336,
      "location-after-char-end": 3367,
      "node-str": "_panel"
    },
    {
      "type": "insert-node",
      "node": {
        "label": "\u003cinit\u003e",
        "type": "Constructor"
      },
      "location-after-char-start": 3378,
      "location-after-char-end": 3973,
      "node-str": "\u003cinit\u003e"
    },
    {
      "type": "insert-node",
      "node": {
        "label": "targetReasserted",
        "type": "Method"
      },
      "location-after-char-start": 4175,
      "location-after-char-end": 4304,
      "node-str": "targetReasserted"
    },
    {
      "type": "insert-node",
      "node": {
        "label": "propertySet",
        "type": "Method"
      },
      "location-after-char-start": 4311,
      "location-after-char-end": 4485,
      "node-str": "propertySet"
    },
    {
      "type": "insert-node",
      "node": {
        "label": "roleAdded",
        "type": "Method"
      },
      "location-after-char-start": 4492,
      "location-after-char-end": 4639,
      "node-str": "roleAdded"
    },
    {
      "type": "insert-node",
      "node": {
        "label": "roleRemoved",
        "type": "Method"
      },
      "location-after-char-start": 4646,
      "location-after-char-end": 4797,
      "node-str": "roleRemoved"
    },
    {
      "type": "insert-node",
      "node": {
        "label": "listRoleItemSet",
        "type": "Method"
      },
      "location-after-char-start": 4804,
      "location-after-char-end": 4963,
      "node-str": "listRoleItemSet"
    },
    {
      "type": "insert-node",
      "node": {
        "label": "removed",
        "type": "Method"
      },
      "location-after-char-start": 4970,
      "location-after-char-end": 5113,
      "node-str": "removed"
    },
    {
      "type": "insert-node",
      "node": {
        "label": "recovered",
        "type": "Method"
      },
      "location-after-char-start": 5120,
      "location-after-char-end": 5267,
      "node-str": "recovered"
    },
    {
      "type": "insert-node",
      "node": {
        "label": "setProperty",
        "type": "Method"
      },
      "location-after-char-start": 6418,
      "location-after-char-end": 6466,
      "node-str": "setProperty"
    },
    {
      "type": "insert-node",
      "node": {
        "label": "getProperty",
        "type": "Method"
      },
      "location-after-char-start": 6477,
      "location-after-char-end": 6516,
      "node-str": "getProperty"
    },
    {
      "type": "insert-node",
      "node": {
        "label": "javax.swing.text.PlainDocument",
        "type": "SUPER_TYPE"
      },
      "location-after-char-start": 0,
      "location-after-char-end": 0,
      "node-str": "javax.swing.text.PlainDocument"
    },
    {
      "type": "insert-node",
      "node": {
        "label": "boolean",
        "type": "VARIABLE_TYPE"
      },
      "location-after-char-start": 0,
      "location-after-char-end": 0,
      "node-str": "boolean"
    },
    {
      "type": "insert-node",
      "node": {
        "label": "true",
        "type": "Literal"
      },
      "location-after-char-start": 3066,
      "location-after-char-end": 3069,
      "node-str": "true"
    },
    {
      "type": "insert-node",
      "node": {
        "label": "boolean",
        "type": "VARIABLE_TYPE"
      },
      "location-after-char-start": 0,
      "location-after-char-end": 0,
      "node-str": "boolean"
    },
    {
      "type": "insert-node",
      "node": {
        "label": "false",
        "type": "Literal"
      },
      "location-after-char-start": 3195,
      "location-after-char-end": 3199,
      "node-str": "false"
    },
    {
      "type": "insert-node",
      "node": {
        "label": "java.lang.Object",
        "type": "VARIABLE_TYPE"
      },
      "location-after-char-start": 0,
      "location-after-char-end": 0,
      "node-str": "java.lang.Object"
    },
    {
      "type": "insert-node",
      "node": {
        "label": "null",
        "type": "Literal"
      },
      "location-after-char-start": 3324,
      "location-after-char-end": 3327,
      "node-str": "null"
    },
    {
      "type": "insert-node",
      "node": {
        "label": "org.argouml.uml.ui.PropPanel",
        "type": "VARIABLE_TYPE"
      },
      "location-after-char-start": 0,
      "location-after-char-end": 0,
      "node-str": "org.argouml.uml.ui.PropPanel"
    },
    {
      "type": "insert-node",
      "node": {
        "label": "null",
        "type": "Literal"
      },
      "location-after-char-start": 3363,
      "location-after-char-end": 3366,
      "node-str": "null"
    },
    {
      "type": "insert-node",
      "node": {
        "label": "public",
        "type": "Modifier"
      },
      "location-after-char-start": 0,
      "location-after-char-end": 0,
      "node-str": "public"
    },
    {
      "type": "insert-node",
      "node": {
        "label": "cont",
        "type": "Parameter"
      },
      "location-after-char-start": 3635,
      "location-after-char-end": 3664,
      "node-str": "cont"
    },
    {
      "type": "insert-node",
      "node": {
        "label": "propertyList",
        "type": "Parameter"
      },
      "location-after-char-start": 3667,
      "location-after-char-end": 3687,
      "node-str": "propertyList"
    },
    {
      "type": "insert-node",
      "node": {
        "label": "\u003cinit\u003e",
        "type": "Invocation"
      },
      "location-after-char-start": 3700,
      "location-after-char-end": 3707,
      "node-str": "\u003cinit\u003e"
    },
    {
      "type": "insert-node",
      "node": {
        "label": "if",
        "type": "If"
      },
      "location-after-char-start": 3717,
      "location-after-char-end": 3967,
      "node-str": "if"
    },
    {
      "type": "insert-node",
      "node": {
        "label": "void",
        "type": "RETURN_TYPE"
      },
      "location-after-char-start": 0,
      "location-after-char-end": 0,
      "node-str": "void"
    },
    {
      "type": "insert-node",
      "node": {
        "label": "public",
        "type": "Modifier"
      },
      "location-after-char-start": 0,
      "location-after-char-end": 0,
      "node-str": "public"
    },
    {
      "type": "insert-node",
      "node": {
        "label": "void",
        "type": "RETURN_TYPE"
      },
      "location-after-char-start": 0,
      "location-after-char-end": 0,
      "node-str": "void"
    },
    {
      "type": "insert-node",
      "node": {
        "label": "public",
        "type": "Modifier"
      },
      "location-after-char-start": 0,
      "location-after-char-end": 0,
      "node-str": "public"
    },
    {
      "type": "insert-node",
      "node": {
        "label": "e",
        "type": "Parameter"
      },
      "location-after-char-start": 4439,
      "location-after-char-end": 4453,
      "node-str": "e"
    },
    {
      "type": "insert-node",
      "node": {
        "label": "handleEvent",
        "type": "Invocation"
      },
      "location-after-char-start": 4466,
      "location-after-char-end": 4479,
      "node-str": "handleEvent"
    },
    {
      "type": "insert-node",
      "node": {
        "label": "void",
        "type": "RETURN_TYPE"
      },
      "location-after-char-start": 0,
      "location-after-char-end": 0,
      "node-str": "void"
    },
    {
      "type": "insert-node",
      "node": {
        "label": "public",
        "type": "Modifier"
      },
      "location-after-char-start": 0,
      "location-after-char-end": 0,
      "node-str": "public"
    },
    {
      "type": "insert-node",
      "node": {
        "label": "e",
        "type": "Parameter"
      },
      "location-after-char-start": 4616,
      "location-after-char-end": 4630,
      "node-str": "e"
    },
    {
      "type": "insert-node",
      "node": {
        "label": "void",
        "type": "RETURN_TYPE"
      },
      "location-after-char-start": 0,
      "location-after-char-end": 0,
      "node-str": "void"
    },
    {
      "type": "insert-node",
      "node": {
        "label": "public",
        "type": "Modifier"
      },
      "location-after-char-start": 0,
      "location-after-char-end": 0,
      "node-str": "public"
    },
    {
      "type": "insert-node",
      "node": {
        "label": "e",
        "type": "Parameter"
      },
      "location-after-char-start": 4774,
      "location-after-char-end": 4788,
      "node-str": "e"
    },
    {
      "type": "insert-node",
      "node": {
        "label": "void",
        "type": "RETURN_TYPE"
      },
      "location-after-char-start": 0,
      "location-after-char-end": 0,
      "node-str": "void"
    },
    {
      "type": "insert-node",
      "node": {
        "label": "public",
        "type": "Modifier"
      },
      "location-after-char-start": 0,
      "location-after-char-end": 0,
      "node-str": "public"
    },
    {
      "type": "insert-node",
      "node": {
        "label": "e",
        "type": "Parameter"
      },
      "location-after-char-start": 4940,
      "location-after-char-end": 4954,
      "node-str": "e"
    },
    {
      "type": "insert-node",
      "node": {
        "label": "void",
        "type": "RETURN_TYPE"
      },
      "location-after-char-start": 0,
      "location-after-char-end": 0,
      "node-str": "void"
    },
    {
      "type": "insert-node",
      "node": {
        "label": "public",
        "type": "Modifier"
      },
      "location-after-char-start": 0,
      "location-after-char-end": 0,
      "node-str": "public"
    },
    {
      "type": "insert-node",
      "node": {
        "label": "e",
        "type": "Parameter"
      },
      "location-after-char-start": 5090,
      "location-after-char-end": 5104,
      "node-str": "e"
    },
    {
      "type": "insert-node",
      "node": {
        "label": "void",
        "type": "RETURN_TYPE"
      },
      "location-after-char-start": 0,
      "location-after-char-end": 0,
      "node-str": "void"
    },
    {
      "type": "insert-node",
      "node": {
        "label": "public",
        "type": "Modifier"
      },
      "location-after-char-start": 0,
      "location-after-char-end": 0,
      "node-str": "public"
    },
    {
      "type": "insert-node",
      "node": {
        "label": "e",
        "type": "Parameter"
      },
      "location-after-char-start": 5244,
      "location-after-char-end": 5258,
      "node-str": "e"
    },
    {
      "type": "insert-node",
      "node": {
        "label": "void",
        "type": "RETURN_TYPE"
      },
      "location-after-char-start": 0,
      "location-after-char-end": 0,
      "node-str": "void"
    },
    {
      "type": "insert-node",
      "node": {
        "label": "abstract",
        "type": "Modifier"
      },
      "location-after-char-start": 0,
      "location-after-char-end": 0,
      "node-str": "abstract"
    },
    {
      "type": "insert-node",
      "node": {
        "label": "protected",
        "type": "Modifier"
      },
      "location-after-char-start": 0,
      "location-after-char-end": 0,
      "node-str": "protected"
    },
    {
      "type": "insert-node",
      "node": {
        "label": "text",
        "type": "Parameter"
      },
      "location-after-char-start": 6454,
      "location-after-char-end": 6464,
      "node-str": "text"
    },
    {
      "type": "insert-node",
      "node": {
        "label": "java.lang.String",
        "type": "RETURN_TYPE"
      },
      "location-after-char-start": 0,
      "location-after-char-end": 0,
      "node-str": "java.lang.String"
    },
    {
      "type": "insert-node",
      "node": {
        "label": "abstract",
        "type": "Modifier"
      },
      "location-after-char-start": 0,
      "location-after-char-end": 0,
      "node-str": "abstract"
    },
    {
      "type": "insert-node",
      "node": {
        "label": "protected",
        "type": "Modifier"
      },
      "location-after-char-start": 0,
      "location-after-char-end": 0,
      "node-str": "protected"
    },
    {
      "type": "insert-node",
      "node": {
        "label": "org.argouml.uml.ui.UMLUserInterfaceContainer",
        "type": "VARIABLE_TYPE"
      },
      "location-after-char-start": 0,
      "location-after-char-end": 0,
      "node-str": "org.argouml.uml.ui.UMLUserInterfaceContainer"
    },
    {
      "type": "insert-node",
      "node": {
        "label": "java.lang.Object[]",
        "type": "VARIABLE_TYPE"
      },
      "location-after-char-start": 0,
      "location-after-char-end": 0,
      "node-str": "java.lang.Object[]"
    },
    {
      "type": "insert-node",
      "node": {
        "label": "INSTANCEOF",
        "type": "BinaryOperator"
      },
      "location-after-char-start": 3721,
      "location-after-char-end": 3745,
      "node-str": "INSTANCEOF"
    },
    {
      "type": "insert-node",
      "node": {
        "label": "THEN",
        "type": "then"
      },
      "location-after-char-start": 3748,
      "location-after-char-end": 3967,
      "node-str": "THEN"
    },
    {
      "type": "insert-node",
      "node": {
        "label": "ru.novosoft.uml.MElementEvent",
        "type": "VARIABLE_TYPE"
      },
      "location-after-char-start": 0,
      "location-after-char-end": 0,
      "node-str": "ru.novosoft.uml.MElementEvent"
    },
    {
      "type": "insert-node",
      "node": {
        "label": "org.argouml.uml.ui.UMLPlainTextDocument",
        "type": "TypeAccess"
      },
      "location-after-char-start": 0,
      "location-after-char-end": 0,
      "node-str": "org.argouml.uml.ui.UMLPlainTextDocument"
    },
    {
      "type": "insert-node",
      "node": {
        "label": "ru.novosoft.uml.MElementEvent",
        "type": "VARIABLE_TYPE"
      },
      "location-after-char-start": 0,
      "location-after-char-end": 0,
      "node-str": "ru.novosoft.uml.MElementEvent"
    },
    {
      "type": "insert-node",
      "node": {
        "label": "ru.novosoft.uml.MElementEvent",
        "type": "VARIABLE_TYPE"
      },
      "location-after-char-start": 0,
      "location-after-char-end": 0,
      "node-str": "ru.novosoft.uml.MElementEvent"
    },
    {
      "type": "insert-node",
      "node": {
        "label": "ru.novosoft.uml.MElementEvent",
        "type": "VARIABLE_TYPE"
      },
      "location-after-char-start": 0,
      "location-after-char-end": 0,
      "node-str": "ru.novosoft.uml.MElementEvent"
    },
    {
      "type": "insert-node",
      "node": {
        "label": "ru.novosoft.uml.MElementEvent",
        "type": "VARIABLE_TYPE"
      },
      "location-after-char-start": 0,
      "location-after-char-end": 0,
      "node-str": "ru.novosoft.uml.MElementEvent"
    },
    {
      "type": "insert-node",
      "node": {
        "label": "ru.novosoft.uml.MElementEvent",
        "type": "VARIABLE_TYPE"
      },
      "location-after-char-start": 0,
      "location-after-char-end": 0,
      "node-str": "ru.novosoft.uml.MElementEvent"
    },
    {
      "type": "insert-node",
      "node": {
        "label": "java.lang.String",
        "type": "VARIABLE_TYPE"
      },
      "location-after-char-start": 0,
      "location-after-char-end": 0,
      "node-str": "java.lang.String"
    },
    {
      "type": "insert-node",
      "node": {
        "label": "cont",
        "type": "VariableRead"
      },
      "location-after-char-start": 3721,
      "location-after-char-end": 3724,
      "node-str": "cont"
    },
    {
      "type": "insert-node",
      "node": {
        "label": "org.argouml.uml.ui.PropPanel",
        "type": "TypeAccess"
      },
      "location-after-char-start": 3737,
      "location-after-char-end": 3745,
      "node-str": "org.argouml.uml.ui.PropPanel"
    },
    {
      "type": "insert-node",
      "node": {
        "label": "\u003d",
        "type": "Assignment"
      },
      "location-after-char-start": 3762,
      "location-after-char-end": 3786,
      "node-str": "\u003d"
    },
    {
      "type": "insert-node",
      "node": {
        "label": "setTarget",
        "type": "Invocation"
      },
      "location-after-char-start": 3846,
      "location-after-char-end": 3886,
      "node-str": "setTarget"
    },
    {
      "type": "insert-node",
      "node": {
        "label": "addThirdPartyEventListening",
        "type": "Invocation"
      },
      "location-after-char-start": 3896,
      "location-after-char-end": 3955,
      "node-str": "addThirdPartyEventListening"
    },
    {
      "type": "insert-node",
      "node": {
        "label": "_panel",
        "type": "FieldWrite"
      },
      "location-after-char-start": 3762,
      "location-after-char-end": 3767,
      "node-str": "_panel"
    },
    {
      "type": "insert-node",
      "node": {
        "label": "cont",
        "type": "VariableRead"
      },
      "location-after-char-start": 3771,
      "location-after-char-end": 3785,
      "node-str": "cont"
    },
    {
      "type": "insert-node",
      "node": {
        "label": "org.argouml.uml.ui.UMLPlainTextDocument",
        "type": "TypeAccess"
      },
      "location-after-char-start": 0,
      "location-after-char-end": 0,
      "node-str": "org.argouml.uml.ui.UMLPlainTextDocument"
    },
    {
      "type": "insert-node",
      "node": {
        "label": "getTarget",
        "type": "Invocation"
      },
      "location-after-char-start": 3856,
      "location-after-char-end": 3884,
      "node-str": "getTarget"
    },
    {
      "type": "insert-node",
      "node": {
        "label": "cont",
        "type": "VariableRead"
      },
      "location-after-char-start": 3896,
      "location-after-char-end": 3912,
      "node-str": "cont"
    },
    {
      "type": "insert-node",
      "node": {
        "label": "propertyList",
        "type": "VariableRead"
      },
      "location-after-char-start": 3942,
      "location-after-char-end": 3953,
      "node-str": "propertyList"
    },
    {
      "type": "insert-node",
      "node": {
        "label": "org.argouml.uml.ui.UMLPlainTextDocument",
        "type": "TypeAccess"
      },
      "location-after-char-start": 0,
      "location-after-char-end": 0,
      "node-str": "org.argouml.uml.ui.UMLPlainTextDocument"
    },
    {
      "type": "insert-node",
      "node": {
        "label": "cont",
        "type": "VariableRead"
      },
      "location-after-char-start": 3856,
      "location-after-char-end": 3872,
      "node-str": "cont"
    },
    {
      "type": "delete-node",
      "node": {
        "label": "abstract",
        "type": "Modifier"
      },
      "location-before-char-start": 0,
      "location-before-char-end": 0,
      "node-str": "abstract"
    },
    {
      "type": "delete-node",
      "node": {
        "label": "public",
        "type": "Modifier"
      },
      "location-before-char-start": 0,
      "location-before-char-end": 0,
      "node-str": "public"
    },
    {
      "type": "delete-node",
      "node": {
        "label": "javax.swing.text.PlainDocument",
        "type": "SUPER_TYPE"
      },
      "location-before-char-start": 0,
      "location-before-char-end": 0,
      "node-str": "javax.swing.text.PlainDocument"
    },
    {
      "type": "delete-node",
      "node": {
        "label": "",
        "type": "TypeReference"
      },
      "location-before-char-start": 2785,
      "location-before-char-end": 2797,
      "node-str": ""
    },
    {
      "type": "delete-node",
      "node": {
        "label": "boolean",
        "type": "VARIABLE_TYPE"
      },
      "location-before-char-start": 0,
      "location-before-char-end": 0,
      "node-str": "boolean"
    },
    {
      "type": "delete-node",
      "node": {
        "label": "true",
        "type": "Literal"
      },
      "location-before-char-start": 3066,
      "location-before-char-end": 3069,
      "node-str": "true"
    },
    {
      "type": "delete-node",
      "node": {
        "label": "_firing",
        "type": "Field"
      },
      "location-before-char-start": 2943,
      "location-before-char-end": 3070,
      "node-str": "_firing"
    },
    {
      "type": "delete-node",
      "node": {
        "label": "boolean",
        "type": "VARIABLE_TYPE"
      },
      "location-before-char-start": 0,
      "location-before-char-end": 0,
      "node-str": "boolean"
    },
    {
      "type": "delete-node",
      "node": {
        "label": "false",
        "type": "Literal"
      },
      "location-before-char-start": 3195,
      "location-before-char-end": 3199,
      "node-str": "false"
    },
    {
      "type": "delete-node",
      "node": {
        "label": "_editing",
        "type": "Field"
      },
      "location-before-char-start": 3081,
      "location-before-char-end": 3200,
      "node-str": "_editing"
    },
    {
      "type": "delete-node",
      "node": {
        "label": "java.lang.Object",
        "type": "VARIABLE_TYPE"
      },
      "location-before-char-start": 0,
      "location-before-char-end": 0,
      "node-str": "java.lang.Object"
    },
    {
      "type": "delete-node",
      "node": {
        "label": "null",
        "type": "Literal"
      },
      "location-before-char-start": 3324,
      "location-before-char-end": 3327,
      "node-str": "null"
    },
    {
      "type": "delete-node",
      "node": {
        "label": "_target",
        "type": "Field"
      },
      "location-before-char-start": 3211,
      "location-before-char-end": 3328,
      "node-str": "_target"
    },
    {
      "type": "delete-node",
      "node": {
        "label": "org.argouml.uml.ui.PropPanel",
        "type": "VARIABLE_TYPE"
      },
      "location-before-char-start": 0,
      "location-before-char-end": 0,
      "node-str": "org.argouml.uml.ui.PropPanel"
    },
    {
      "type": "delete-node",
      "node": {
        "label": "null",
        "type": "Literal"
      },
      "location-before-char-start": 3363,
      "location-before-char-end": 3366,
      "node-str": "null"
    },
    {
      "type": "delete-node",
      "node": {
        "label": "_panel",
        "type": "Field"
      },
      "location-before-char-start": 3336,
      "location-before-char-end": 3367,
      "node-str": "_panel"
    },
    {
      "type": "delete-node",
      "node": {
        "label": "public",
        "type": "Modifier"
      },
      "location-before-char-start": 0,
      "location-before-char-end": 0,
      "node-str": "public"
    },
    {
      "type": "delete-node",
      "node": {
        "label": "org.argouml.uml.ui.PropPanel",
        "type": "VARIABLE_TYPE"
      },
      "location-before-char-start": 0,
      "location-before-char-end": 0,
      "node-str": "org.argouml.uml.ui.PropPanel"
    },
    {
      "type": "delete-node",
      "node": {
        "label": "panel",
        "type": "Parameter"
      },
      "location-before-char-start": 3635,
      "location-before-char-end": 3649,
      "node-str": "panel"
    },
    {
      "type": "delete-node",
      "node": {
        "label": "java.lang.Object[]",
        "type": "VARIABLE_TYPE"
      },
      "location-before-char-start": 0,
      "location-before-char-end": 0,
      "node-str": "java.lang.Object[]"
    },
    {
      "type": "delete-node",
      "node": {
        "label": "propertyList",
        "type": "Parameter"
      },
      "location-before-char-start": 3652,
      "location-before-char-end": 3672,
      "node-str": "propertyList"
    },
    {
      "type": "delete-node",
      "node": {
        "label": "\u003cinit\u003e",
        "type": "Invocation"
      },
      "location-before-char-start": 3685,
      "location-before-char-end": 3692,
      "node-str": "\u003cinit\u003e"
    },
    {
      "type": "delete-node",
      "node": {
        "label": "org.argouml.uml.ui.UMLPlainTextDocument",
        "type": "TypeAccess"
      },
      "location-before-char-start": 0,
      "location-before-char-end": 0,
      "node-str": "org.argouml.uml.ui.UMLPlainTextDocument"
    },
    {
      "type": "delete-node",
      "node": {
        "label": "_panel",
        "type": "FieldWrite"
      },
      "location-before-char-start": 3707,
      "location-before-char-end": 3712,
      "node-str": "_panel"
    },
    {
      "type": "delete-node",
      "node": {
        "label": "panel",
        "type": "VariableRead"
      },
      "location-before-char-start": 3716,
      "location-before-char-end": 3720,
      "node-str": "panel"
    },
    {
      "type": "delete-node",
      "node": {
        "label": "\u003d",
        "type": "Assignment"
      },
      "location-before-char-start": 3707,
      "location-before-char-end": 3721,
      "node-str": "\u003d"
    },
    {
      "type": "delete-node",
      "node": {
        "label": "org.argouml.uml.ui.UMLPlainTextDocument",
        "type": "TypeAccess"
      },
      "location-before-char-start": 0,
      "location-before-char-end": 0,
      "node-str": "org.argouml.uml.ui.UMLPlainTextDocument"
    },
    {
      "type": "delete-node",
      "node": {
        "label": "panel",
        "type": "VariableRead"
      },
      "location-before-char-start": 3791,
      "location-before-char-end": 3795,
      "node-str": "panel"
    },
    {
      "type": "delete-node",
      "node": {
        "label": "getTarget",
        "type": "Invocation"
      },
      "location-before-char-start": 3791,
      "location-before-char-end": 3807,
      "node-str": "getTarget"
    },
    {
      "type": "delete-node",
      "node": {
        "label": "setTarget",
        "type": "Invocation"
      },
      "location-before-char-start": 3781,
      "location-before-char-end": 3809,
      "node-str": "setTarget"
    },
    {
      "type": "delete-node",
      "node": {
        "label": "panel",
        "type": "VariableRead"
      },
      "location-before-char-start": 3819,
      "location-before-char-end": 3823,
      "node-str": "panel"
    },
    {
      "type": "delete-node",
      "node": {
        "label": "propertyList",
        "type": "VariableRead"
      },
      "location-before-char-start": 3853,
      "location-before-char-end": 3864,
      "node-str": "propertyList"
    },
    {
      "type": "delete-node",
      "node": {
        "label": "addThirdPartyEventListening",
        "type": "Invocation"
      },
      "location-before-char-start": 3819,
      "location-before-char-end": 3866,
      "node-str": "addThirdPartyEventListening"
    },
    {
      "type": "delete-node",
      "node": {
        "label": "\u003cinit\u003e",
        "type": "Constructor"
      },
      "location-before-char-start": 3378,
      "location-before-char-end": 3874,
      "node-str": "\u003cinit\u003e"
    },
    {
      "type": "delete-node",
      "node": {
        "label": "void",
        "type": "RETURN_TYPE"
      },
      "location-before-char-start": 0,
      "location-before-char-end": 0,
      "node-str": "void"
    },
    {
      "type": "delete-node",
      "node": {
        "label": "public",
        "type": "Modifier"
      },
      "location-before-char-start": 0,
      "location-before-char-end": 0,
      "node-str": "public"
    },
    {
      "type": "delete-node",
      "node": {
        "label": "targetReasserted",
        "type": "Method"
      },
      "location-before-char-start": 4076,
      "location-before-char-end": 4205,
      "node-str": "targetReasserted"
    },
    {
      "type": "delete-node",
      "node": {
        "label": "void",
        "type": "RETURN_TYPE"
      },
      "location-before-char-start": 0,
      "location-before-char-end": 0,
      "node-str": "void"
    },
    {
      "type": "delete-node",
      "node": {
        "label": "public",
        "type": "Modifier"
      },
      "location-before-char-start": 0,
      "location-before-char-end": 0,
      "node-str": "public"
    },
    {
      "type": "delete-node",
      "node": {
        "label": "ru.novosoft.uml.MElementEvent",
        "type": "VARIABLE_TYPE"
      },
      "location-before-char-start": 0,
      "location-before-char-end": 0,
      "node-str": "ru.novosoft.uml.MElementEvent"
    },
    {
      "type": "delete-node",
      "node": {
        "label": "e",
        "type": "Parameter"
      },
      "location-before-char-start": 4340,
      "location-before-char-end": 4354,
      "node-str": "e"
    },
    {
      "type": "delete-node",
      "node": {
        "label": "org.argouml.uml.ui.UMLPlainTextDocument",
        "type": "TypeAccess"
      },
      "location-before-char-start": 0,
      "location-before-char-end": 0,
      "node-str": "org.argouml.uml.ui.UMLPlainTextDocument"
    },
    {
      "type": "delete-node",
      "node": {
        "label": "handleEvent",
        "type": "Invocation"
      },
      "location-before-char-start": 4367,
      "location-before-char-end": 4380,
      "node-str": "handleEvent"
    },
    {
      "type": "delete-node",
      "node": {
        "label": "propertySet",
        "type": "Method"
      },
      "location-before-char-start": 4212,
      "location-before-char-end": 4386,
      "node-str": "propertySet"
    },
    {
      "type": "delete-node",
      "node": {
        "label": "void",
        "type": "RETURN_TYPE"
      },
      "location-before-char-start": 0,
      "location-before-char-end": 0,
      "node-str": "void"
    },
    {
      "type": "delete-node",
      "node": {
        "label": "public",
        "type": "Modifier"
      },
      "location-before-char-start": 0,
      "location-before-char-end": 0,
      "node-str": "public"
    },
    {
      "type": "delete-node",
      "node": {
        "label": "ru.novosoft.uml.MElementEvent",
        "type": "VARIABLE_TYPE"
      },
      "location-before-char-start": 0,
      "location-before-char-end": 0,
      "node-str": "ru.novosoft.uml.MElementEvent"
    },
    {
      "type": "delete-node",
      "node": {
        "label": "e",
        "type": "Parameter"
      },
      "location-before-char-start": 4517,
      "location-before-char-end": 4531,
      "node-str": "e"
    },
    {
      "type": "delete-node",
      "node": {
        "label": "roleAdded",
        "type": "Method"
      },
      "location-before-char-start": 4393,
      "location-before-char-end": 4540,
      "node-str": "roleAdded"
    },
    {
      "type": "delete-node",
      "node": {
        "label": "void",
        "type": "RETURN_TYPE"
      },
      "location-before-char-start": 0,
      "location-before-char-end": 0,
      "node-str": "void"
    },
    {
      "type": "delete-node",
      "node": {
        "label": "public",
        "type": "Modifier"
      },
      "location-before-char-start": 0,
      "location-before-char-end": 0,
      "node-str": "public"
    },
    {
      "type": "delete-node",
      "node": {
        "label": "ru.novosoft.uml.MElementEvent",
        "type": "VARIABLE_TYPE"
      },
      "location-before-char-start": 0,
      "location-before-char-end": 0,
      "node-str": "ru.novosoft.uml.MElementEvent"
    },
    {
      "type": "delete-node",
      "node": {
        "label": "e",
        "type": "Parameter"
      },
      "location-before-char-start": 4675,
      "location-before-char-end": 4689,
      "node-str": "e"
    },
    {
      "type": "delete-node",
      "node": {
        "label": "roleRemoved",
        "type": "Method"
      },
      "location-before-char-start": 4547,
      "location-before-char-end": 4698,
      "node-str": "roleRemoved"
    },
    {
      "type": "delete-node",
      "node": {
        "label": "void",
        "type": "RETURN_TYPE"
      },
      "location-before-char-start": 0,
      "location-before-char-end": 0,
      "node-str": "void"
    },
    {
      "type": "delete-node",
      "node": {
        "label": "public",
        "type": "Modifier"
      },
      "location-before-char-start": 0,
      "location-before-char-end": 0,
      "node-str": "public"
    },
    {
      "type": "delete-node",
      "node": {
        "label": "ru.novosoft.uml.MElementEvent",
        "type": "VARIABLE_TYPE"
      },
      "location-before-char-start": 0,
      "location-before-char-end": 0,
      "node-str": "ru.novosoft.uml.MElementEvent"
    },
    {
      "type": "delete-node",
      "node": {
        "label": "e",
        "type": "Parameter"
      },
      "location-before-char-start": 4841,
      "location-before-char-end": 4855,
      "node-str": "e"
    },
    {
      "type": "delete-node",
      "node": {
        "label": "listRoleItemSet",
        "type": "Method"
      },
      "location-before-char-start": 4705,
      "location-before-char-end": 4864,
      "node-str": "listRoleItemSet"
    },
    {
      "type": "delete-node",
      "node": {
        "label": "void",
        "type": "RETURN_TYPE"
      },
      "location-before-char-start": 0,
      "location-before-char-end": 0,
      "node-str": "void"
    },
    {
      "type": "delete-node",
      "node": {
        "label": "public",
        "type": "Modifier"
      },
      "location-before-char-start": 0,
      "location-before-char-end": 0,
      "node-str": "public"
    },
    {
      "type": "delete-node",
      "node": {
        "label": "ru.novosoft.uml.MElementEvent",
        "type": "VARIABLE_TYPE"
      },
      "location-before-char-start": 0,
      "location-before-char-end": 0,
      "node-str": "ru.novosoft.uml.MElementEvent"
    },
    {
      "type": "delete-node",
      "node": {
        "label": "e",
        "type": "Parameter"
      },
      "location-before-char-start": 4991,
      "location-before-char-end": 5005,
      "node-str": "e"
    },
    {
      "type": "delete-node",
      "node": {
        "label": "removed",
        "type": "Method"
      },
      "location-before-char-start": 4871,
      "location-before-char-end": 5014,
      "node-str": "removed"
    },
    {
      "type": "delete-node",
      "node": {
        "label": "void",
        "type": "RETURN_TYPE"
      },
      "location-before-char-start": 0,
      "location-before-char-end": 0,
      "node-str": "void"
    },
    {
      "type": "delete-node",
      "node": {
        "label": "public",
        "type": "Modifier"
      },
      "location-before-char-start": 0,
      "location-before-char-end": 0,
      "node-str": "public"
    },
    {
      "type": "delete-node",
      "node": {
        "label": "ru.novosoft.uml.MElementEvent",
        "type": "VARIABLE_TYPE"
      },
      "location-before-char-start": 0,
      "location-before-char-end": 0,
      "node-str": "ru.novosoft.uml.MElementEvent"
    },
    {
      "type": "delete-node",
      "node": {
        "label": "e",
        "type": "Parameter"
      },
      "location-before-char-start": 5145,
      "location-before-char-end": 5159,
      "node-str": "e"
    },
    {
      "type": "delete-node",
      "node": {
        "label": "recovered",
        "type": "Method"
      },
      "location-before-char-start": 5021,
      "location-before-char-end": 5168,
      "node-str": "recovered"
    },
    {
      "type": "delete-node",
      "node": {
        "label": "void",
        "type": "RETURN_TYPE"
      },
      "location-before-char-start": 0,
      "location-before-char-end": 0,
      "node-str": "void"
    },
    {
      "type": "delete-node",
      "node": {
        "label": "abstract",
        "type": "Modifier"
      },
      "location-before-char-start": 0,
      "location-before-char-end": 0,
      "node-str": "abstract"
    },
    {
      "type": "delete-node",
      "node": {
        "label": "protected",
        "type": "Modifier"
      },
      "location-before-char-start": 0,
      "location-before-char-end": 0,
      "node-str": "protected"
    },
    {
      "type": "delete-node",
      "node": {
        "label": "java.lang.String",
        "type": "VARIABLE_TYPE"
      },
      "location-before-char-start": 0,
      "location-before-char-end": 0,
      "node-str": "java.lang.String"
    },
    {
      "type": "delete-node",
      "node": {
        "label": "text",
        "type": "Parameter"
      },
      "location-before-char-start": 6355,
      "location-before-char-end": 6365,
      "node-str": "text"
    },
    {
      "type": "delete-node",
      "node": {
        "label": "setProperty",
        "type": "Method"
      },
      "location-before-char-start": 6319,
      "location-before-char-end": 6367,
      "node-str": "setProperty"
    },
    {
      "type": "delete-node",
      "node": {
        "label": "java.lang.String",
        "type": "RETURN_TYPE"
      },
      "location-before-char-start": 0,
      "location-before-char-end": 0,
      "node-str": "java.lang.String"
    },
    {
      "type": "delete-node",
      "node": {
        "label": "abstract",
        "type": "Modifier"
      },
      "location-before-char-start": 0,
      "location-before-char-end": 0,
      "node-str": "abstract"
    },
    {
      "type": "delete-node",
      "node": {
        "label": "protected",
        "type": "Modifier"
      },
      "location-before-char-start": 0,
      "location-before-char-end": 0,
      "node-str": "protected"
    },
    {
      "type": "delete-node",
      "node": {
        "label": "getProperty",
        "type": "Method"
      },
      "location-before-char-start": 6378,
      "location-before-char-end": 6417,
      "node-str": "getProperty"
    }
  ],
  "before-file": {},
  "after-file": {},
  "mapping": {}
}