{
  "tool-info": {},
  "diff": [
    {
      "type": "insert-node",
      "node": {
        "label": "public",
        "type": "Modifier"
      },
      "location-after-char-start": 0,
      "location-after-char-end": 0,
      "node-str": "public"
    },
    {
      "type": "insert-node",
      "node": {
        "label": "CORE_STR",
        "type": "Field"
      },
      "location-after-char-start": 2257,
      "location-after-char-end": 2302,
      "node-str": "CORE_STR"
    },
    {
      "type": "insert-node",
      "node": {
        "label": "pluginList",
        "type": "Field"
      },
      "location-after-char-start": 2410,
      "location-after-char-end": 2452,
      "node-str": "pluginList"
    },
    {
      "type": "insert-node",
      "node": {
        "label": "path",
        "type": "Field"
      },
      "location-after-char-start": 2459,
      "location-after-char-end": 2478,
      "node-str": "path"
    },
    {
      "type": "insert-node",
      "node": {
        "label": "optionsFile",
        "type": "Field"
      },
      "location-after-char-start": 2485,
      "location-after-char-end": 2511,
      "node-str": "optionsFile"
    },
    {
      "type": "insert-node",
      "node": {
        "label": "toolsFile",
        "type": "Field"
      },
      "location-after-char-start": 2518,
      "location-after-char-end": 2542,
      "node-str": "toolsFile"
    },
    {
      "type": "insert-node",
      "node": {
        "label": "instance",
        "type": "Field"
      },
      "location-after-char-start": 2553,
      "location-after-char-end": 2583,
      "node-str": "instance"
    },
    {
      "type": "insert-node",
      "node": {
        "label": "getInstance",
        "type": "Method"
      },
      "location-after-char-start": 3745,
      "location-after-char-end": 3916,
      "node-str": "getInstance"
    },
    {
      "type": "insert-node",
      "node": {
        "label": "java.lang.String",
        "type": "VARIABLE_TYPE"
      },
      "location-after-char-start": 0,
      "location-after-char-end": 0,
      "node-str": "java.lang.String"
    },
    {
      "type": "insert-node",
      "node": {
        "label": "final",
        "type": "Modifier"
      },
      "location-after-char-start": 0,
      "location-after-char-end": 0,
      "node-str": "final"
    },
    {
      "type": "insert-node",
      "node": {
        "label": "static",
        "type": "Modifier"
      },
      "location-after-char-start": 0,
      "location-after-char-end": 0,
      "node-str": "static"
    },
    {
      "type": "insert-node",
      "node": {
        "label": "\"core\"",
        "type": "Literal"
      },
      "location-after-char-start": 2296,
      "location-after-char-end": 2301,
      "node-str": "\"core\""
    },
    {
      "type": "insert-node",
      "node": {
        "label": "java.util.Map",
        "type": "VARIABLE_TYPE"
      },
      "location-after-char-start": 0,
      "location-after-char-end": 0,
      "node-str": "java.util.Map"
    },
    {
      "type": "insert-node",
      "node": {
        "label": "protected",
        "type": "Modifier"
      },
      "location-after-char-start": 0,
      "location-after-char-end": 0,
      "node-str": "protected"
    },
    {
      "type": "insert-node",
      "node": {
        "label": "java.util.Hashtable()",
        "type": "ConstructorCall"
      },
      "location-after-char-start": 2437,
      "location-after-char-end": 2451,
      "node-str": "java.util.Hashtable()"
    },
    {
      "type": "insert-node",
      "node": {
        "label": "java.io.File",
        "type": "VARIABLE_TYPE"
      },
      "location-after-char-start": 0,
      "location-after-char-end": 0,
      "node-str": "java.io.File"
    },
    {
      "type": "insert-node",
      "node": {
        "label": "protected",
        "type": "Modifier"
      },
      "location-after-char-start": 0,
      "location-after-char-end": 0,
      "node-str": "protected"
    },
    {
      "type": "insert-node",
      "node": {
        "label": "java.io.File",
        "type": "VARIABLE_TYPE"
      },
      "location-after-char-start": 0,
      "location-after-char-end": 0,
      "node-str": "java.io.File"
    },
    {
      "type": "insert-node",
      "node": {
        "label": "protected",
        "type": "Modifier"
      },
      "location-after-char-start": 0,
      "location-after-char-end": 0,
      "node-str": "protected"
    },
    {
      "type": "insert-node",
      "node": {
        "label": "java.io.File",
        "type": "VARIABLE_TYPE"
      },
      "location-after-char-start": 0,
      "location-after-char-end": 0,
      "node-str": "java.io.File"
    },
    {
      "type": "insert-node",
      "node": {
        "label": "protected",
        "type": "Modifier"
      },
      "location-after-char-start": 0,
      "location-after-char-end": 0,
      "node-str": "protected"
    },
    {
      "type": "insert-node",
      "node": {
        "label": "org.columba.core.config.Config",
        "type": "VARIABLE_TYPE"
      },
      "location-after-char-start": 0,
      "location-after-char-end": 0,
      "node-str": "org.columba.core.config.Config"
    },
    {
      "type": "insert-node",
      "node": {
        "label": "static",
        "type": "Modifier"
      },
      "location-after-char-start": 0,
      "location-after-char-end": 0,
      "node-str": "static"
    },
    {
      "type": "insert-node",
      "node": {
        "label": "\u003d",
        "type": "Assignment"
      },
      "location-after-char-start": 3717,
      "location-after-char-end": 3732,
      "node-str": "\u003d"
    },
    {
      "type": "insert-node",
      "node": {
        "label": "org.columba.core.config.Config",
        "type": "RETURN_TYPE"
      },
      "location-after-char-start": 0,
      "location-after-char-end": 0,
      "node-str": "org.columba.core.config.Config"
    },
    {
      "type": "insert-node",
      "node": {
        "label": "public",
        "type": "Modifier"
      },
      "location-after-char-start": 0,
      "location-after-char-end": 0,
      "node-str": "public"
    },
    {
      "type": "insert-node",
      "node": {
        "label": "static",
        "type": "Modifier"
      },
      "location-after-char-start": 0,
      "location-after-char-end": 0,
      "node-str": "static"
    },
    {
      "type": "insert-node",
      "node": {
        "label": "if",
        "type": "If"
      },
      "location-after-char-start": 3787,
      "location-after-char-end": 3882,
      "node-str": "if"
    },
    {
      "type": "insert-node",
      "node": {
        "label": "return",
        "type": "Return"
      },
      "location-after-char-start": 3895,
      "location-after-char-end": 3910,
      "node-str": "return"
    },
    {
      "type": "insert-node",
      "node": {
        "label": "instance",
        "type": "FieldWrite"
      },
      "location-after-char-start": 3717,
      "location-after-char-end": 3724,
      "node-str": "instance"
    },
    {
      "type": "insert-node",
      "node": {
        "label": "this",
        "type": "ThisAccess"
      },
      "location-after-char-start": 3728,
      "location-after-char-end": 3731,
      "node-str": "this"
    },
    {
      "type": "insert-node",
      "node": {
        "label": "EQ",
        "type": "BinaryOperator"
      },
      "location-after-char-start": 3791,
      "location-after-char-end": 3806,
      "node-str": "EQ"
    },
    {
      "type": "insert-node",
      "node": {
        "label": "THEN",
        "type": "then"
      },
      "location-after-char-start": 3809,
      "location-after-char-end": 3882,
      "node-str": "THEN"
    },
    {
      "type": "insert-node",
      "node": {
        "label": "instance",
        "type": "FieldRead"
      },
      "location-after-char-start": 3902,
      "location-after-char-end": 3909,
      "node-str": "instance"
    },
    {
      "type": "insert-node",
      "node": {
        "label": "org.columba.core.config.Config",
        "type": "TypeAccess"
      },
      "location-after-char-start": 0,
      "location-after-char-end": 0,
      "node-str": "org.columba.core.config.Config"
    },
    {
      "type": "insert-node",
      "node": {
        "label": "instance",
        "type": "FieldRead"
      },
      "location-after-char-start": 3791,
      "location-after-char-end": 3798,
      "node-str": "instance"
    },
    {
      "type": "insert-node",
      "node": {
        "label": "null",
        "type": "Literal"
      },
      "location-after-char-start": 3803,
      "location-after-char-end": 3806,
      "node-str": "null"
    },
    {
      "type": "insert-node",
      "node": {
        "label": "",
        "type": "Throw"
      },
      "location-after-char-start": 3817,
      "location-after-char-end": 3875,
      "node-str": ""
    },
    {
      "type": "insert-node",
      "node": {
        "label": "java.lang.RuntimeException(java.lang.String)",
        "type": "ConstructorCall"
      },
      "location-after-char-start": 3823,
      "location-after-char-end": 3874,
      "node-str": "java.lang.RuntimeException(java.lang.String)"
    },
    {
      "type": "insert-node",
      "node": {
        "label": "\"Must call Constructor first!\"",
        "type": "Literal"
      },
      "location-after-char-start": 3844,
      "location-after-char-end": 3873,
      "node-str": "\"Must call Constructor first!\""
    },
    {
      "type": "delete-node",
      "node": {
        "label": "public",
        "type": "Modifier"
      },
      "location-before-char-start": 0,
      "location-before-char-end": 0,
      "node-str": "public"
    },
    {
      "type": "delete-node",
      "node": {
        "label": "java.lang.String",
        "type": "VARIABLE_TYPE"
      },
      "location-before-char-start": 0,
      "location-before-char-end": 0,
      "node-str": "java.lang.String"
    },
    {
      "type": "delete-node",
      "node": {
        "label": "final",
        "type": "Modifier"
      },
      "location-before-char-start": 0,
      "location-before-char-end": 0,
      "node-str": "final"
    },
    {
      "type": "delete-node",
      "node": {
        "label": "static",
        "type": "Modifier"
      },
      "location-before-char-start": 0,
      "location-before-char-end": 0,
      "node-str": "static"
    },
    {
      "type": "delete-node",
      "node": {
        "label": "\"core\"",
        "type": "Literal"
      },
      "location-before-char-start": 2296,
      "location-before-char-end": 2301,
      "node-str": "\"core\""
    },
    {
      "type": "delete-node",
      "node": {
        "label": "CORE_STR",
        "type": "Field"
      },
      "location-before-char-start": 2257,
      "location-before-char-end": 2302,
      "node-str": "CORE_STR"
    },
    {
      "type": "delete-node",
      "node": {
        "label": "java.util.Map",
        "type": "VARIABLE_TYPE"
      },
      "location-before-char-start": 0,
      "location-before-char-end": 0,
      "node-str": "java.util.Map"
    },
    {
      "type": "delete-node",
      "node": {
        "label": "protected",
        "type": "Modifier"
      },
      "location-before-char-start": 0,
      "location-before-char-end": 0,
      "node-str": "protected"
    },
    {
      "type": "delete-node",
      "node": {
        "label": "java.util.Hashtable()",
        "type": "ConstructorCall"
      },
      "location-before-char-start": 2437,
      "location-before-char-end": 2451,
      "node-str": "java.util.Hashtable()"
    },
    {
      "type": "delete-node",
      "node": {
        "label": "pluginList",
        "type": "Field"
      },
      "location-before-char-start": 2410,
      "location-before-char-end": 2452,
      "node-str": "pluginList"
    },
    {
      "type": "delete-node",
      "node": {
        "label": "java.io.File",
        "type": "VARIABLE_TYPE"
      },
      "location-before-char-start": 0,
      "location-before-char-end": 0,
      "node-str": "java.io.File"
    },
    {
      "type": "delete-node",
      "node": {
        "label": "protected",
        "type": "Modifier"
      },
      "location-before-char-start": 0,
      "location-before-char-end": 0,
      "node-str": "protected"
    },
    {
      "type": "delete-node",
      "node": {
        "label": "path",
        "type": "Field"
      },
      "location-before-char-start": 2459,
      "location-before-char-end": 2478,
      "node-str": "path"
    },
    {
      "type": "delete-node",
      "node": {
        "label": "java.io.File",
        "type": "VARIABLE_TYPE"
      },
      "location-before-char-start": 0,
      "location-before-char-end": 0,
      "node-str": "java.io.File"
    },
    {
      "type": "delete-node",
      "node": {
        "label": "protected",
        "type": "Modifier"
      },
      "location-before-char-start": 0,
      "location-before-char-end": 0,
      "node-str": "protected"
    },
    {
      "type": "delete-node",
      "node": {
        "label": "optionsFile",
        "type": "Field"
      },
      "location-before-char-start": 2485,
      "location-before-char-end": 2511,
      "node-str": "optionsFile"
    },
    {
      "type": "delete-node",
      "node": {
        "label": "java.io.File",
        "type": "VARIABLE_TYPE"
      },
      "location-before-char-start": 0,
      "location-before-char-end": 0,
      "node-str": "java.io.File"
    },
    {
      "type": "delete-node",
      "node": {
        "label": "protected",
        "type": "Modifier"
      },
      "location-before-char-start": 0,
      "location-before-char-end": 0,
      "node-str": "protected"
    },
    {
      "type": "delete-node",
      "node": {
        "label": "toolsFile",
        "type": "Field"
      },
      "location-before-char-start": 2518,
      "location-before-char-end": 2542,
      "node-str": "toolsFile"
    }
  ],
  "before-file": {},
  "after-file": {},
  "mapping": {}
}