{
  "tool-info": {},
  "diff": [
    {
      "type": "insert-node",
      "node": {
        "label": "DrawApplet",
        "type": "Class"
      },
      "location-after-char-start": 642,
      "location-after-char-end": 16626,
      "node-str": "DrawApplet"
    },
    {
      "type": "insert-node",
      "node": {
        "label": "public",
        "type": "Modifier"
      },
      "location-after-char-start": 0,
      "location-after-char-end": 0,
      "node-str": "public"
    },
    {
      "type": "insert-node",
      "node": {
        "label": "",
        "type": "TypeReference"
      },
      "location-after-char-start": 1108,
      "location-after-char-end": 1114,
      "node-str": ""
    },
    {
      "type": "insert-node",
      "node": {
        "label": "fDrawing",
        "type": "Field"
      },
      "location-after-char-start": 1182,
      "location-after-char-end": 1224,
      "node-str": "fDrawing"
    },
    {
      "type": "insert-node",
      "node": {
        "label": "fTool",
        "type": "Field"
      },
      "location-after-char-start": 1227,
      "location-after-char-end": 1266,
      "node-str": "fTool"
    },
    {
      "type": "insert-node",
      "node": {
        "label": "fView",
        "type": "Field"
      },
      "location-after-char-start": 1270,
      "location-after-char-end": 1309,
      "node-str": "fView"
    },
    {
      "type": "insert-node",
      "node": {
        "label": "fDefaultToolButton",
        "type": "Field"
      },
      "location-after-char-start": 1312,
      "location-after-char-end": 1364,
      "node-str": "fDefaultToolButton"
    },
    {
      "type": "insert-node",
      "node": {
        "label": "fSelectedToolButton",
        "type": "Field"
      },
      "location-after-char-start": 1367,
      "location-after-char-end": 1420,
      "node-str": "fSelectedToolButton"
    },
    {
      "type": "insert-node",
      "node": {
        "label": "fSimpleUpdate",
        "type": "Field"
      },
      "location-after-char-start": 1424,
      "location-after-char-end": 1471,
      "node-str": "fSimpleUpdate"
    },
    {
      "type": "insert-node",
      "node": {
        "label": "fUpdateButton",
        "type": "Field"
      },
      "location-after-char-start": 1474,
      "location-after-char-end": 1522,
      "node-str": "fUpdateButton"
    },
    {
      "type": "insert-node",
      "node": {
        "label": "fFrameColor",
        "type": "Field"
      },
      "location-after-char-start": 1526,
      "location-after-char-end": 1574,
      "node-str": "fFrameColor"
    },
    {
      "type": "insert-node",
      "node": {
        "label": "fFillColor",
        "type": "Field"
      },
      "location-after-char-start": 1577,
      "location-after-char-end": 1624,
      "node-str": "fFillColor"
    },
    {
      "type": "insert-node",
      "node": {
        "label": "fTextColor",
        "type": "Field"
      },
      "location-after-char-start": 1627,
      "location-after-char-end": 1674,
      "node-str": "fTextColor"
    },
    {
      "type": "insert-node",
      "node": {
        "label": "fArrowChoice",
        "type": "Field"
      },
      "location-after-char-start": 1677,
      "location-after-char-end": 1726,
      "node-str": "fArrowChoice"
    },
    {
      "type": "insert-node",
      "node": {
        "label": "fFontChoice",
        "type": "Field"
      },
      "location-after-char-start": 1729,
      "location-after-char-end": 1777,
      "node-str": "fFontChoice"
    },
    {
      "type": "insert-node",
      "node": {
        "label": "fSleeper",
        "type": "Field"
      },
      "location-after-char-start": 1781,
      "location-after-char-end": 1826,
      "node-str": "fSleeper"
    },
    {
      "type": "insert-node",
      "node": {
        "label": "myUndoManager",
        "type": "Field"
      },
      "location-after-char-start": 1829,
      "location-after-char-end": 1875,
      "node-str": "myUndoManager"
    },
    {
      "type": "insert-node",
      "node": {
        "label": "fgUntitled",
        "type": "Field"
      },
      "location-after-char-start": 1879,
      "location-after-char-end": 1936,
      "node-str": "fgUntitled"
    },
    {
      "type": "insert-node",
      "node": {
        "label": "fgDrawPath",
        "type": "Field"
      },
      "location-after-char-start": 1940,
      "location-after-char-end": 2002,
      "node-str": "fgDrawPath"
    },
    {
      "type": "move-subtree",
      "node": {
        "label": "IMAGES",
        "type": "Field"
      },
      "location-before-char-start": 2002,
      "location-before-char-end": 2065,
      "location-after-char-start": 2005,
      "location-after-char-end": 2068,
      "node-str": "IMAGES"
    },
    {
      "type": "move-subtree",
      "node": {
        "label": "init",
        "type": "Method"
      },
      "location-before-char-start": 2069,
      "location-before-char-end": 2902,
      "location-after-char-start": 2072,
      "location-after-char-end": 2905,
      "node-str": "init"
    },
    {
      "type": "move-subtree",
      "node": {
        "label": "getDesktop",
        "type": "Method"
      },
      "location-before-char-start": 2905,
      "location-before-char-end": 3015,
      "location-after-char-start": 2908,
      "location-after-char-end": 3018,
      "node-str": "getDesktop"
    },
    {
      "type": "move-subtree",
      "node": {
        "label": "addViewChangeListener",
        "type": "Method"
      },
      "location-before-char-start": 3018,
      "location-before-char-end": 3079,
      "location-after-char-start": 3021,
      "location-after-char-end": 3082,
      "node-str": "addViewChangeListener"
    },
    {
      "type": "move-subtree",
      "node": {
        "label": "removeViewChangeListener",
        "type": "Method"
      },
      "location-before-char-start": 3083,
      "location-before-char-end": 3147,
      "location-after-char-start": 3086,
      "location-after-char-end": 3150,
      "node-str": "removeViewChangeListener"
    },
    {
      "type": "move-subtree",
      "node": {
        "label": "addFigureSelectionListener",
        "type": "Method"
      },
      "location-before-char-start": 3151,
      "location-before-char-end": 3221,
      "location-after-char-start": 3154,
      "location-after-char-end": 3224,
      "node-str": "addFigureSelectionListener"
    },
    {
      "type": "move-subtree",
      "node": {
        "label": "removeFigureSelectionListener",
        "type": "Method"
      },
      "location-before-char-start": 3225,
      "location-before-char-end": 3298,
      "location-after-char-start": 3228,
      "location-after-char-end": 3301,
      "node-str": "removeFigureSelectionListener"
    },
    {
      "type": "move-subtree",
      "node": {
        "label": "createIconkit",
        "type": "Method"
      },
      "location-before-char-start": 3302,
      "location-before-char-end": 3367,
      "location-after-char-start": 3305,
      "location-after-char-end": 3370,
      "node-str": "createIconkit"
    },
    {
      "type": "move-subtree",
      "node": {
        "label": "createAttributesPanel",
        "type": "Method"
      },
      "location-before-char-start": 3371,
      "location-before-char-end": 3882,
      "location-after-char-start": 3374,
      "location-after-char-end": 3885,
      "node-str": "createAttributesPanel"
    },
    {
      "type": "move-subtree",
      "node": {
        "label": "createAttributeChoices",
        "type": "Method"
      },
      "location-before-char-start": 3886,
      "location-before-char-end": 5197,
      "location-after-char-start": 3889,
      "location-after-char-end": 5200,
      "node-str": "createAttributeChoices"
    },
    {
      "type": "move-subtree",
      "node": {
        "label": "createColorChoice",
        "type": "Method"
      },
      "location-before-char-start": 5201,
      "location-before-char-end": 5584,
      "location-after-char-start": 5204,
      "location-after-char-end": 5587,
      "node-str": "createColorChoice"
    },
    {
      "type": "move-subtree",
      "node": {
        "label": "createFontChoice",
        "type": "Method"
      },
      "location-before-char-start": 5588,
      "location-before-char-end": 6020,
      "location-after-char-start": 5591,
      "location-after-char-end": 6023,
      "node-str": "createFontChoice"
    },
    {
      "type": "move-subtree",
      "node": {
        "label": "createButtonPanel",
        "type": "Method"
      },
      "location-before-char-start": 6024,
      "location-before-char-end": 6216,
      "location-after-char-start": 6027,
      "location-after-char-end": 6219,
      "node-str": "createButtonPanel"
    },
    {
      "type": "move-subtree",
      "node": {
        "label": "createButtons",
        "type": "Method"
      },
      "location-before-char-start": 6220,
      "location-before-char-end": 8071,
      "location-after-char-start": 6223,
      "location-after-char-end": 8074,
      "node-str": "createButtons"
    },
    {
      "type": "move-subtree",
      "node": {
        "label": "createToolPalette",
        "type": "Method"
      },
      "location-before-char-start": 8075,
      "location-before-char-end": 8265,
      "location-after-char-start": 8078,
      "location-after-char-end": 8268,
      "node-str": "createToolPalette"
    },
    {
      "type": "move-subtree",
      "node": {
        "label": "createTools",
        "type": "Method"
      },
      "location-before-char-start": 8269,
      "location-before-char-end": 8716,
      "location-after-char-start": 8272,
      "location-after-char-end": 8719,
      "node-str": "createTools"
    },
    {
      "type": "move-subtree",
      "node": {
        "label": "createSelectionTool",
        "type": "Method"
      },
      "location-before-char-start": 8720,
      "location-before-char-end": 8901,
      "location-after-char-start": 8723,
      "location-after-char-end": 8904,
      "node-str": "createSelectionTool"
    },
    {
      "type": "move-subtree",
      "node": {
        "label": "createToolButton",
        "type": "Method"
      },
      "location-before-char-start": 8905,
      "location-before-char-end": 9121,
      "location-after-char-start": 8908,
      "location-after-char-end": 9124,
      "node-str": "createToolButton"
    },
    {
      "type": "move-subtree",
      "node": {
        "label": "createDrawing",
        "type": "Method"
      },
      "location-before-char-start": 9125,
      "location-before-char-end": 9389,
      "location-after-char-start": 9128,
      "location-after-char-end": 9392,
      "node-str": "createDrawing"
    },
    {
      "type": "move-subtree",
      "node": {
        "label": "createDrawingView",
        "type": "Method"
      },
      "location-before-char-start": 9393,
      "location-before-char-end": 9696,
      "location-after-char-start": 9396,
      "location-after-char-end": 9699,
      "node-str": "createDrawingView"
    },
    {
      "type": "move-subtree",
      "node": {
        "label": "paletteUserSelected",
        "type": "Method"
      },
      "location-before-char-start": 9700,
      "location-before-char-end": 9960,
      "location-after-char-start": 9703,
      "location-after-char-end": 9963,
      "node-str": "paletteUserSelected"
    },
    {
      "type": "move-subtree",
      "node": {
        "label": "paletteUserOver",
        "type": "Method"
      },
      "location-before-char-start": 9964,
      "location-before-char-end": 10269,
      "location-after-char-start": 9967,
      "location-after-char-end": 10272,
      "node-str": "paletteUserOver"
    },
    {
      "type": "move-subtree",
      "node": {
        "label": "drawing",
        "type": "Method"
      },
      "location-before-char-start": 10273,
      "location-before-char-end": 10383,
      "location-after-char-start": 10276,
      "location-after-char-end": 10386,
      "node-str": "drawing"
    },
    {
      "type": "move-subtree",
      "node": {
        "label": "tool",
        "type": "Method"
      },
      "location-before-char-start": 10387,
      "location-before-char-end": 10485,
      "location-after-char-start": 10390,
      "location-after-char-end": 10488,
      "node-str": "tool"
    },
    {
      "type": "move-subtree",
      "node": {
        "label": "view",
        "type": "Method"
      },
      "location-before-char-start": 10489,
      "location-before-char-end": 10602,
      "location-after-char-start": 10492,
      "location-after-char-end": 10605,
      "node-str": "view"
    },
    {
      "type": "move-subtree",
      "node": {
        "label": "views",
        "type": "Method"
      },
      "location-before-char-start": 10606,
      "location-before-char-end": 10678,
      "location-after-char-start": 10609,
      "location-after-char-end": 10681,
      "node-str": "views"
    },
    {
      "type": "move-subtree",
      "node": {
        "label": "toolDone",
        "type": "Method"
      },
      "location-before-char-start": 10682,
      "location-before-char-end": 10882,
      "location-after-char-start": 10685,
      "location-after-char-end": 10885,
      "node-str": "toolDone"
    },
    {
      "type": "move-subtree",
      "node": {
        "label": "figureSelectionChanged",
        "type": "Method"
      },
      "location-before-char-start": 10886,
      "location-before-char-end": 11100,
      "location-after-char-start": 10889,
      "location-after-char-end": 11103,
      "node-str": "figureSelectionChanged"
    },
    {
      "type": "move-subtree",
      "node": {
        "label": "viewSelectionChanged",
        "type": "Method"
      },
      "location-before-char-start": 11104,
      "location-before-char-end": 11182,
      "location-after-char-start": 11107,
      "location-after-char-end": 11185,
      "node-str": "viewSelectionChanged"
    },
    {
      "type": "move-subtree",
      "node": {
        "label": "initDrawing",
        "type": "Method"
      },
      "location-before-char-start": 11186,
      "location-before-char-end": 11291,
      "location-after-char-start": 11189,
      "location-after-char-end": 11294,
      "node-str": "initDrawing"
    },
    {
      "type": "move-subtree",
      "node": {
        "label": "setTool",
        "type": "Method"
      },
      "location-before-char-start": 11295,
      "location-before-char-end": 11472,
      "location-after-char-start": 11298,
      "location-after-char-end": 11475,
      "node-str": "setTool"
    },
    {
      "type": "move-subtree",
      "node": {
        "label": "setSelected",
        "type": "Method"
      },
      "location-before-char-start": 11476,
      "location-before-char-end": 11702,
      "location-after-char-start": 11479,
      "location-after-char-end": 11705,
      "node-str": "setSelected"
    },
    {
      "type": "move-subtree",
      "node": {
        "label": "loadDrawing",
        "type": "Method"
      },
      "location-before-char-start": 11706,
      "location-before-char-end": 11933,
      "location-after-char-start": 11709,
      "location-after-char-end": 11936,
      "node-str": "loadDrawing"
    },
    {
      "type": "move-subtree",
      "node": {
        "label": "readDrawing",
        "type": "Method"
      },
      "location-before-char-start": 11937,
      "location-before-char-end": 12233,
      "location-after-char-start": 11940,
      "location-after-char-end": 12236,
      "node-str": "readDrawing"
    },
    {
      "type": "move-subtree",
      "node": {
        "label": "readFromStorableInput",
        "type": "Method"
      },
      "location-before-char-start": 12237,
      "location-before-char-end": 12623,
      "location-after-char-start": 12240,
      "location-after-char-end": 12626,
      "node-str": "readFromStorableInput"
    },
    {
      "type": "move-subtree",
      "node": {
        "label": "readFromObjectInput",
        "type": "Method"
      },
      "location-before-char-start": 12627,
      "location-before-char-end": 13110,
      "location-after-char-start": 12630,
      "location-after-char-end": 13113,
      "node-str": "readFromObjectInput"
    },
    {
      "type": "move-subtree",
      "node": {
        "label": "guessType",
        "type": "Method"
      },
      "location-before-char-start": 13114,
      "location-before-char-end": 13292,
      "location-after-char-start": 13117,
      "location-after-char-end": 13295,
      "node-str": "guessType"
    },
    {
      "type": "move-subtree",
      "node": {
        "label": "setupAttributes",
        "type": "Method"
      },
      "location-before-char-start": 13296,
      "location-before-char-end": 14698,
      "location-after-char-start": 13299,
      "location-after-char-end": 14701,
      "node-str": "setupAttributes"
    },
    {
      "type": "move-subtree",
      "node": {
        "label": "setSimpleDisplayUpdate",
        "type": "Method"
      },
      "location-before-char-start": 14702,
      "location-before-char-end": 14866,
      "location-after-char-start": 14705,
      "location-after-char-end": 14869,
      "node-str": "setSimpleDisplayUpdate"
    },
    {
      "type": "move-subtree",
      "node": {
        "label": "setBufferedDisplayUpdate",
        "type": "Method"
      },
      "location-before-char-start": 14870,
      "location-before-char-end": 15041,
      "location-after-char-start": 14873,
      "location-after-char-end": 15044,
      "node-str": "setBufferedDisplayUpdate"
    },
    {
      "type": "move-subtree",
      "node": {
        "label": "showHelp",
        "type": "Method"
      },
      "location-before-char-start": 15045,
      "location-before-char-end": 15466,
      "location-after-char-start": 15048,
      "location-after-char-end": 15469,
      "node-str": "showHelp"
    },
    {
      "type": "move-subtree",
      "node": {
        "label": "setUndoManager",
        "type": "Method"
      },
      "location-before-char-start": 15470,
      "location-before-char-end": 15565,
      "location-after-char-start": 15473,
      "location-after-char-end": 15568,
      "node-str": "setUndoManager"
    },
    {
      "type": "move-subtree",
      "node": {
        "label": "getUndoManager",
        "type": "Method"
      },
      "location-before-char-start": 15569,
      "location-before-char-end": 15632,
      "location-after-char-start": 15572,
      "location-after-char-end": 15635,
      "node-str": "getUndoManager"
    },
    {
      "type": "move-subtree",
      "node": {
        "label": "getVersionControlStrategy",
        "type": "Method"
      },
      "location-before-char-start": 15636,
      "location-before-char-end": 15751,
      "location-after-char-start": 15639,
      "location-after-char-end": 15754,
      "node-str": "getVersionControlStrategy"
    },
    {
      "type": "move-subtree",
      "node": {
        "label": "getRequiredVersions",
        "type": "Method"
      },
      "location-before-char-start": 15755,
      "location-before-char-end": 16357,
      "location-after-char-start": 15758,
      "location-after-char-end": 16360,
      "node-str": "getRequiredVersions"
    },
    {
      "type": "move-subtree",
      "node": {
        "label": "startSleeper",
        "type": "Method"
      },
      "location-before-char-start": 16361,
      "location-before-char-end": 16532,
      "location-after-char-start": 16364,
      "location-after-char-end": 16535,
      "node-str": "startSleeper"
    },
    {
      "type": "insert-node",
      "node": {
        "label": "stopSleeper",
        "type": "Method"
      },
      "location-after-char-start": 16539,
      "location-after-char-end": 16624,
      "node-str": "stopSleeper"
    },
    {
      "type": "insert-node",
      "node": {
        "label": "javax.swing.JApplet",
        "type": "SUPER_TYPE"
      },
      "location-after-char-start": 0,
      "location-after-char-end": 0,
      "node-str": "javax.swing.JApplet"
    },
    {
      "type": "insert-node",
      "node": {
        "label": "CH.ifa.draw.applet.Drawing",
        "type": "VARIABLE_TYPE"
      },
      "location-after-char-start": 0,
      "location-after-char-end": 0,
      "node-str": "CH.ifa.draw.applet.Drawing"
    },
    {
      "type": "insert-node",
      "node": {
        "label": "transient",
        "type": "Modifier"
      },
      "location-after-char-start": 0,
      "location-after-char-end": 0,
      "node-str": "transient"
    },
    {
      "type": "insert-node",
      "node": {
        "label": "CH.ifa.draw.applet.Tool",
        "type": "VARIABLE_TYPE"
      },
      "location-after-char-start": 0,
      "location-after-char-end": 0,
      "node-str": "CH.ifa.draw.applet.Tool"
    },
    {
      "type": "insert-node",
      "node": {
        "label": "transient",
        "type": "Modifier"
      },
      "location-after-char-start": 0,
      "location-after-char-end": 0,
      "node-str": "transient"
    },
    {
      "type": "insert-node",
      "node": {
        "label": "CH.ifa.draw.applet.DrawingView",
        "type": "VARIABLE_TYPE"
      },
      "location-after-char-start": 0,
      "location-after-char-end": 0,
      "node-str": "CH.ifa.draw.applet.DrawingView"
    },
    {
      "type": "insert-node",
      "node": {
        "label": "transient",
        "type": "Modifier"
      },
      "location-after-char-start": 0,
      "location-after-char-end": 0,
      "node-str": "transient"
    },
    {
      "type": "insert-node",
      "node": {
        "label": "CH.ifa.draw.applet.ToolButton",
        "type": "VARIABLE_TYPE"
      },
      "location-after-char-start": 0,
      "location-after-char-end": 0,
      "node-str": "CH.ifa.draw.applet.ToolButton"
    },
    {
      "type": "insert-node",
      "node": {
        "label": "transient",
        "type": "Modifier"
      },
      "location-after-char-start": 0,
      "location-after-char-end": 0,
      "node-str": "transient"
    },
    {
      "type": "insert-node",
      "node": {
        "label": "CH.ifa.draw.applet.ToolButton",
        "type": "VARIABLE_TYPE"
      },
      "location-after-char-start": 0,
      "location-after-char-end": 0,
      "node-str": "CH.ifa.draw.applet.ToolButton"
    },
    {
      "type": "insert-node",
      "node": {
        "label": "transient",
        "type": "Modifier"
      },
      "location-after-char-start": 0,
      "location-after-char-end": 0,
      "node-str": "transient"
    },
    {
      "type": "insert-node",
      "node": {
        "label": "boolean",
        "type": "VARIABLE_TYPE"
      },
      "location-after-char-start": 0,
      "location-after-char-end": 0,
      "node-str": "boolean"
    },
    {
      "type": "insert-node",
      "node": {
        "label": "transient",
        "type": "Modifier"
      },
      "location-after-char-start": 0,
      "location-after-char-end": 0,
      "node-str": "transient"
    },
    {
      "type": "insert-node",
      "node": {
        "label": "javax.swing.JButton",
        "type": "VARIABLE_TYPE"
      },
      "location-after-char-start": 0,
      "location-after-char-end": 0,
      "node-str": "javax.swing.JButton"
    },
    {
      "type": "insert-node",
      "node": {
        "label": "transient",
        "type": "Modifier"
      },
      "location-after-char-start": 0,
      "location-after-char-end": 0,
      "node-str": "transient"
    },
    {
      "type": "insert-node",
      "node": {
        "label": "javax.swing.JComboBox",
        "type": "VARIABLE_TYPE"
      },
      "location-after-char-start": 0,
      "location-after-char-end": 0,
      "node-str": "javax.swing.JComboBox"
    },
    {
      "type": "insert-node",
      "node": {
        "label": "transient",
        "type": "Modifier"
      },
      "location-after-char-start": 0,
      "location-after-char-end": 0,
      "node-str": "transient"
    },
    {
      "type": "insert-node",
      "node": {
        "label": "javax.swing.JComboBox",
        "type": "VARIABLE_TYPE"
      },
      "location-after-char-start": 0,
      "location-after-char-end": 0,
      "node-str": "javax.swing.JComboBox"
    },
    {
      "type": "insert-node",
      "node": {
        "label": "transient",
        "type": "Modifier"
      },
      "location-after-char-start": 0,
      "location-after-char-end": 0,
      "node-str": "transient"
    },
    {
      "type": "insert-node",
      "node": {
        "label": "javax.swing.JComboBox",
        "type": "VARIABLE_TYPE"
      },
      "location-after-char-start": 0,
      "location-after-char-end": 0,
      "node-str": "javax.swing.JComboBox"
    },
    {
      "type": "insert-node",
      "node": {
        "label": "transient",
        "type": "Modifier"
      },
      "location-after-char-start": 0,
      "location-after-char-end": 0,
      "node-str": "transient"
    },
    {
      "type": "insert-node",
      "node": {
        "label": "javax.swing.JComboBox",
        "type": "VARIABLE_TYPE"
      },
      "location-after-char-start": 0,
      "location-after-char-end": 0,
      "node-str": "javax.swing.JComboBox"
    },
    {
      "type": "insert-node",
      "node": {
        "label": "transient",
        "type": "Modifier"
      },
      "location-after-char-start": 0,
      "location-after-char-end": 0,
      "node-str": "transient"
    },
    {
      "type": "insert-node",
      "node": {
        "label": "javax.swing.JComboBox",
        "type": "VARIABLE_TYPE"
      },
      "location-after-char-start": 0,
      "location-after-char-end": 0,
      "node-str": "javax.swing.JComboBox"
    },
    {
      "type": "insert-node",
      "node": {
        "label": "transient",
        "type": "Modifier"
      },
      "location-after-char-start": 0,
      "location-after-char-end": 0,
      "node-str": "transient"
    },
    {
      "type": "insert-node",
      "node": {
        "label": "CH.ifa.draw.applet.SleeperThread",
        "type": "VARIABLE_TYPE"
      },
      "location-after-char-start": 0,
      "location-after-char-end": 0,
      "node-str": "CH.ifa.draw.applet.SleeperThread"
    },
    {
      "type": "insert-node",
      "node": {
        "label": "transient",
        "type": "Modifier"
      },
      "location-after-char-start": 0,
      "location-after-char-end": 0,
      "node-str": "transient"
    },
    {
      "type": "insert-node",
      "node": {
        "label": "CH.ifa.draw.applet.UndoManager",
        "type": "VARIABLE_TYPE"
      },
      "location-after-char-start": 0,
      "location-after-char-end": 0,
      "node-str": "CH.ifa.draw.applet.UndoManager"
    },
    {
      "type": "insert-node",
      "node": {
        "label": "transient",
        "type": "Modifier"
      },
      "location-after-char-start": 0,
      "location-after-char-end": 0,
      "node-str": "transient"
    },
    {
      "type": "insert-node",
      "node": {
        "label": "java.lang.String",
        "type": "VARIABLE_TYPE"
      },
      "location-after-char-start": 0,
      "location-after-char-end": 0,
      "node-str": "java.lang.String"
    },
    {
      "type": "insert-node",
      "node": {
        "label": "static",
        "type": "Modifier"
      },
      "location-after-char-start": 0,
      "location-after-char-end": 0,
      "node-str": "static"
    },
    {
      "type": "insert-node",
      "node": {
        "label": "\"untitled\"",
        "type": "Literal"
      },
      "location-after-char-start": 1926,
      "location-after-char-end": 1935,
      "node-str": "\"untitled\""
    },
    {
      "type": "insert-node",
      "node": {
        "label": "java.lang.String",
        "type": "VARIABLE_TYPE"
      },
      "location-after-char-start": 0,
      "location-after-char-end": 0,
      "node-str": "java.lang.String"
    },
    {
      "type": "insert-node",
      "node": {
        "label": "final",
        "type": "Modifier"
      },
      "location-after-char-start": 0,
      "location-after-char-end": 0,
      "node-str": "final"
    },
    {
      "type": "insert-node",
      "node": {
        "label": "static",
        "type": "Modifier"
      },
      "location-after-char-start": 0,
      "location-after-char-end": 0,
      "node-str": "static"
    },
    {
      "type": "insert-node",
      "node": {
        "label": "\"/CH/ifa/draw/\"",
        "type": "Literal"
      },
      "location-after-char-start": 1987,
      "location-after-char-end": 2001,
      "node-str": "\"/CH/ifa/draw/\""
    },
    {
      "type": "insert-node",
      "node": {
        "label": "void",
        "type": "RETURN_TYPE"
      },
      "location-after-char-start": 0,
      "location-after-char-end": 0,
      "node-str": "void"
    },
    {
      "type": "insert-node",
      "node": {
        "label": "if",
        "type": "If"
      },
      "location-after-char-start": 16570,
      "location-after-char-end": 16621,
      "node-str": "if"
    },
    {
      "type": "move-subtree",
      "node": {
        "label": "NE",
        "type": "BinaryOperator"
      },
      "location-before-char-start": 16571,
      "location-before-char-end": 16586,
      "location-after-char-start": 16574,
      "location-after-char-end": 16589,
      "node-str": "NE"
    },
    {
      "type": "insert-node",
      "node": {
        "label": "THEN",
        "type": "then"
      },
      "location-after-char-start": 16592,
      "location-after-char-end": 16621,
      "node-str": "THEN"
    },
    {
      "type": "insert-node",
      "node": {
        "label": "endThread",
        "type": "Invocation"
      },
      "location-after-char-start": 16597,
      "location-after-char-end": 16617,
      "node-str": "endThread"
    },
    {
      "type": "insert-node",
      "node": {
        "label": "fSleeper",
        "type": "FieldRead"
      },
      "location-after-char-start": 16597,
      "location-after-char-end": 16604,
      "node-str": "fSleeper"
    },
    {
      "type": "insert-node",
      "node": {
        "label": "CH.ifa.draw.applet.DrawApplet",
        "type": "TypeAccess"
      },
      "location-after-char-start": 0,
      "location-after-char-end": 0,
      "node-str": "CH.ifa.draw.applet.DrawApplet"
    },
    {
      "type": "delete-node",
      "node": {
        "label": "public",
        "type": "Modifier"
      },
      "location-before-char-start": 0,
      "location-before-char-end": 0,
      "node-str": "public"
    },
    {
      "type": "delete-node",
      "node": {
        "label": "javax.swing.JApplet",
        "type": "SUPER_TYPE"
      },
      "location-before-char-start": 0,
      "location-before-char-end": 0,
      "node-str": "javax.swing.JApplet"
    },
    {
      "type": "delete-node",
      "node": {
        "label": "",
        "type": "TypeReference"
      },
      "location-before-char-start": 1108,
      "location-before-char-end": 1114,
      "node-str": ""
    },
    {
      "type": "delete-node",
      "node": {
        "label": "CH.ifa.draw.applet.Drawing",
        "type": "VARIABLE_TYPE"
      },
      "location-before-char-start": 0,
      "location-before-char-end": 0,
      "node-str": "CH.ifa.draw.applet.Drawing"
    },
    {
      "type": "delete-node",
      "node": {
        "label": "transient",
        "type": "Modifier"
      },
      "location-before-char-start": 0,
      "location-before-char-end": 0,
      "node-str": "transient"
    },
    {
      "type": "delete-node",
      "node": {
        "label": "fDrawing",
        "type": "Field"
      },
      "location-before-char-start": 1182,
      "location-before-char-end": 1224,
      "node-str": "fDrawing"
    },
    {
      "type": "delete-node",
      "node": {
        "label": "CH.ifa.draw.applet.Tool",
        "type": "VARIABLE_TYPE"
      },
      "location-before-char-start": 0,
      "location-before-char-end": 0,
      "node-str": "CH.ifa.draw.applet.Tool"
    },
    {
      "type": "delete-node",
      "node": {
        "label": "transient",
        "type": "Modifier"
      },
      "location-before-char-start": 0,
      "location-before-char-end": 0,
      "node-str": "transient"
    },
    {
      "type": "delete-node",
      "node": {
        "label": "fTool",
        "type": "Field"
      },
      "location-before-char-start": 1227,
      "location-before-char-end": 1266,
      "node-str": "fTool"
    },
    {
      "type": "delete-node",
      "node": {
        "label": "CH.ifa.draw.applet.DrawingView",
        "type": "VARIABLE_TYPE"
      },
      "location-before-char-start": 0,
      "location-before-char-end": 0,
      "node-str": "CH.ifa.draw.applet.DrawingView"
    },
    {
      "type": "delete-node",
      "node": {
        "label": "transient",
        "type": "Modifier"
      },
      "location-before-char-start": 0,
      "location-before-char-end": 0,
      "node-str": "transient"
    },
    {
      "type": "delete-node",
      "node": {
        "label": "fView",
        "type": "Field"
      },
      "location-before-char-start": 1270,
      "location-before-char-end": 1309,
      "node-str": "fView"
    },
    {
      "type": "delete-node",
      "node": {
        "label": "CH.ifa.draw.applet.ToolButton",
        "type": "VARIABLE_TYPE"
      },
      "location-before-char-start": 0,
      "location-before-char-end": 0,
      "node-str": "CH.ifa.draw.applet.ToolButton"
    },
    {
      "type": "delete-node",
      "node": {
        "label": "transient",
        "type": "Modifier"
      },
      "location-before-char-start": 0,
      "location-before-char-end": 0,
      "node-str": "transient"
    },
    {
      "type": "delete-node",
      "node": {
        "label": "fDefaultToolButton",
        "type": "Field"
      },
      "location-before-char-start": 1312,
      "location-before-char-end": 1364,
      "node-str": "fDefaultToolButton"
    },
    {
      "type": "delete-node",
      "node": {
        "label": "CH.ifa.draw.applet.ToolButton",
        "type": "VARIABLE_TYPE"
      },
      "location-before-char-start": 0,
      "location-before-char-end": 0,
      "node-str": "CH.ifa.draw.applet.ToolButton"
    },
    {
      "type": "delete-node",
      "node": {
        "label": "transient",
        "type": "Modifier"
      },
      "location-before-char-start": 0,
      "location-before-char-end": 0,
      "node-str": "transient"
    },
    {
      "type": "delete-node",
      "node": {
        "label": "fSelectedToolButton",
        "type": "Field"
      },
      "location-before-char-start": 1367,
      "location-before-char-end": 1420,
      "node-str": "fSelectedToolButton"
    },
    {
      "type": "delete-node",
      "node": {
        "label": "boolean",
        "type": "VARIABLE_TYPE"
      },
      "location-before-char-start": 0,
      "location-before-char-end": 0,
      "node-str": "boolean"
    },
    {
      "type": "delete-node",
      "node": {
        "label": "transient",
        "type": "Modifier"
      },
      "location-before-char-start": 0,
      "location-before-char-end": 0,
      "node-str": "transient"
    },
    {
      "type": "delete-node",
      "node": {
        "label": "fSimpleUpdate",
        "type": "Field"
      },
      "location-before-char-start": 1424,
      "location-before-char-end": 1471,
      "node-str": "fSimpleUpdate"
    },
    {
      "type": "delete-node",
      "node": {
        "label": "javax.swing.JButton",
        "type": "VARIABLE_TYPE"
      },
      "location-before-char-start": 0,
      "location-before-char-end": 0,
      "node-str": "javax.swing.JButton"
    },
    {
      "type": "delete-node",
      "node": {
        "label": "transient",
        "type": "Modifier"
      },
      "location-before-char-start": 0,
      "location-before-char-end": 0,
      "node-str": "transient"
    },
    {
      "type": "delete-node",
      "node": {
        "label": "fUpdateButton",
        "type": "Field"
      },
      "location-before-char-start": 1474,
      "location-before-char-end": 1522,
      "node-str": "fUpdateButton"
    },
    {
      "type": "delete-node",
      "node": {
        "label": "javax.swing.JComboBox",
        "type": "VARIABLE_TYPE"
      },
      "location-before-char-start": 0,
      "location-before-char-end": 0,
      "node-str": "javax.swing.JComboBox"
    },
    {
      "type": "delete-node",
      "node": {
        "label": "transient",
        "type": "Modifier"
      },
      "location-before-char-start": 0,
      "location-before-char-end": 0,
      "node-str": "transient"
    },
    {
      "type": "delete-node",
      "node": {
        "label": "fFrameColor",
        "type": "Field"
      },
      "location-before-char-start": 1526,
      "location-before-char-end": 1574,
      "node-str": "fFrameColor"
    },
    {
      "type": "delete-node",
      "node": {
        "label": "javax.swing.JComboBox",
        "type": "VARIABLE_TYPE"
      },
      "location-before-char-start": 0,
      "location-before-char-end": 0,
      "node-str": "javax.swing.JComboBox"
    },
    {
      "type": "delete-node",
      "node": {
        "label": "transient",
        "type": "Modifier"
      },
      "location-before-char-start": 0,
      "location-before-char-end": 0,
      "node-str": "transient"
    },
    {
      "type": "delete-node",
      "node": {
        "label": "fFillColor",
        "type": "Field"
      },
      "location-before-char-start": 1577,
      "location-before-char-end": 1624,
      "node-str": "fFillColor"
    },
    {
      "type": "delete-node",
      "node": {
        "label": "javax.swing.JComboBox",
        "type": "VARIABLE_TYPE"
      },
      "location-before-char-start": 0,
      "location-before-char-end": 0,
      "node-str": "javax.swing.JComboBox"
    },
    {
      "type": "delete-node",
      "node": {
        "label": "transient",
        "type": "Modifier"
      },
      "location-before-char-start": 0,
      "location-before-char-end": 0,
      "node-str": "transient"
    },
    {
      "type": "delete-node",
      "node": {
        "label": "fTextColor",
        "type": "Field"
      },
      "location-before-char-start": 1627,
      "location-before-char-end": 1674,
      "node-str": "fTextColor"
    },
    {
      "type": "delete-node",
      "node": {
        "label": "javax.swing.JComboBox",
        "type": "VARIABLE_TYPE"
      },
      "location-before-char-start": 0,
      "location-before-char-end": 0,
      "node-str": "javax.swing.JComboBox"
    },
    {
      "type": "delete-node",
      "node": {
        "label": "transient",
        "type": "Modifier"
      },
      "location-before-char-start": 0,
      "location-before-char-end": 0,
      "node-str": "transient"
    },
    {
      "type": "delete-node",
      "node": {
        "label": "fArrowChoice",
        "type": "Field"
      },
      "location-before-char-start": 1677,
      "location-before-char-end": 1726,
      "node-str": "fArrowChoice"
    },
    {
      "type": "delete-node",
      "node": {
        "label": "javax.swing.JComboBox",
        "type": "VARIABLE_TYPE"
      },
      "location-before-char-start": 0,
      "location-before-char-end": 0,
      "node-str": "javax.swing.JComboBox"
    },
    {
      "type": "delete-node",
      "node": {
        "label": "transient",
        "type": "Modifier"
      },
      "location-before-char-start": 0,
      "location-before-char-end": 0,
      "node-str": "transient"
    },
    {
      "type": "delete-node",
      "node": {
        "label": "fFontChoice",
        "type": "Field"
      },
      "location-before-char-start": 1729,
      "location-before-char-end": 1777,
      "node-str": "fFontChoice"
    },
    {
      "type": "delete-node",
      "node": {
        "label": "java.lang.Thread",
        "type": "VARIABLE_TYPE"
      },
      "location-before-char-start": 0,
      "location-before-char-end": 0,
      "node-str": "java.lang.Thread"
    },
    {
      "type": "delete-node",
      "node": {
        "label": "transient",
        "type": "Modifier"
      },
      "location-before-char-start": 0,
      "location-before-char-end": 0,
      "node-str": "transient"
    },
    {
      "type": "delete-node",
      "node": {
        "label": "fSleeper",
        "type": "Field"
      },
      "location-before-char-start": 1781,
      "location-before-char-end": 1823,
      "node-str": "fSleeper"
    },
    {
      "type": "delete-node",
      "node": {
        "label": "CH.ifa.draw.applet.UndoManager",
        "type": "VARIABLE_TYPE"
      },
      "location-before-char-start": 0,
      "location-before-char-end": 0,
      "node-str": "CH.ifa.draw.applet.UndoManager"
    },
    {
      "type": "delete-node",
      "node": {
        "label": "transient",
        "type": "Modifier"
      },
      "location-before-char-start": 0,
      "location-before-char-end": 0,
      "node-str": "transient"
    },
    {
      "type": "delete-node",
      "node": {
        "label": "myUndoManager",
        "type": "Field"
      },
      "location-before-char-start": 1826,
      "location-before-char-end": 1872,
      "node-str": "myUndoManager"
    },
    {
      "type": "delete-node",
      "node": {
        "label": "java.lang.String",
        "type": "VARIABLE_TYPE"
      },
      "location-before-char-start": 0,
      "location-before-char-end": 0,
      "node-str": "java.lang.String"
    },
    {
      "type": "delete-node",
      "node": {
        "label": "static",
        "type": "Modifier"
      },
      "location-before-char-start": 0,
      "location-before-char-end": 0,
      "node-str": "static"
    },
    {
      "type": "delete-node",
      "node": {
        "label": "\"untitled\"",
        "type": "Literal"
      },
      "location-before-char-start": 1923,
      "location-before-char-end": 1932,
      "node-str": "\"untitled\""
    },
    {
      "type": "delete-node",
      "node": {
        "label": "fgUntitled",
        "type": "Field"
      },
      "location-before-char-start": 1876,
      "location-before-char-end": 1933,
      "node-str": "fgUntitled"
    },
    {
      "type": "delete-node",
      "node": {
        "label": "java.lang.String",
        "type": "VARIABLE_TYPE"
      },
      "location-before-char-start": 0,
      "location-before-char-end": 0,
      "node-str": "java.lang.String"
    },
    {
      "type": "delete-node",
      "node": {
        "label": "final",
        "type": "Modifier"
      },
      "location-before-char-start": 0,
      "location-before-char-end": 0,
      "node-str": "final"
    },
    {
      "type": "delete-node",
      "node": {
        "label": "static",
        "type": "Modifier"
      },
      "location-before-char-start": 0,
      "location-before-char-end": 0,
      "node-str": "static"
    },
    {
      "type": "delete-node",
      "node": {
        "label": "\"/CH/ifa/draw/\"",
        "type": "Literal"
      },
      "location-before-char-start": 1984,
      "location-before-char-end": 1998,
      "node-str": "\"/CH/ifa/draw/\""
    },
    {
      "type": "delete-node",
      "node": {
        "label": "fgDrawPath",
        "type": "Field"
      },
      "location-before-char-start": 1937,
      "location-before-char-end": 1999,
      "node-str": "fgDrawPath"
    },
    {
      "type": "delete-node",
      "node": {
        "label": "void",
        "type": "RETURN_TYPE"
      },
      "location-before-char-start": 0,
      "location-before-char-end": 0,
      "node-str": "void"
    },
    {
      "type": "delete-node",
      "node": {
        "label": "CH.ifa.draw.applet.DrawApplet",
        "type": "TypeAccess"
      },
      "location-before-char-start": 0,
      "location-before-char-end": 0,
      "node-str": "CH.ifa.draw.applet.DrawApplet"
    },
    {
      "type": "delete-node",
      "node": {
        "label": "fSleeper",
        "type": "FieldRead"
      },
      "location-before-char-start": 16594,
      "location-before-char-end": 16601,
      "node-str": "fSleeper"
    },
    {
      "type": "delete-node",
      "node": {
        "label": "stop",
        "type": "Invocation"
      },
      "location-before-char-start": 16594,
      "location-before-char-end": 16609,
      "node-str": "stop"
    },
    {
      "type": "delete-node",
      "node": {
        "label": "THEN",
        "type": "then"
      },
      "location-before-char-start": 16589,
      "location-before-char-end": 16613,
      "node-str": "THEN"
    },
    {
      "type": "delete-node",
      "node": {
        "label": "if",
        "type": "If"
      },
      "location-before-char-start": 16567,
      "location-before-char-end": 16613,
      "node-str": "if"
    },
    {
      "type": "delete-node",
      "node": {
        "label": "stopSleeper",
        "type": "Method"
      },
      "location-before-char-start": 16536,
      "location-before-char-end": 16616,
      "node-str": "stopSleeper"
    },
    {
      "type": "delete-node",
      "node": {
        "label": "DrawApplet",
        "type": "Class"
      },
      "location-before-char-start": 642,
      "location-before-char-end": 16618,
      "node-str": "DrawApplet"
    }
  ],
  "before-file": {},
  "after-file": {},
  "mapping": {}
}