{
  "tool-info": {},
  "diff": [
    {
      "type": "insert-node",
      "node": {
        "label": "public",
        "type": "Modifier"
      },
      "location-after-char-start": 0,
      "location-after-char-end": 0,
      "node-str": "public"
    },
    {
      "type": "insert-node",
      "node": {
        "label": "createSuiteDescription",
        "type": "Method"
      },
      "location-after-char-start": 84,
      "location-after-char-end": 218,
      "node-str": "createSuiteDescription"
    },
    {
      "type": "insert-node",
      "node": {
        "label": "createSuiteDescription",
        "type": "Method"
      },
      "location-after-char-start": 222,
      "location-after-char-end": 319,
      "node-str": "createSuiteDescription"
    },
    {
      "type": "insert-node",
      "node": {
        "label": "createTestDescription",
        "type": "Method"
      },
      "location-after-char-start": 323,
      "location-after-char-end": 474,
      "node-str": "createTestDescription"
    },
    {
      "type": "insert-node",
      "node": {
        "label": "fChildren",
        "type": "Field"
      },
      "location-after-char-start": 479,
      "location-after-char-end": 555,
      "node-str": "fChildren"
    },
    {
      "type": "insert-node",
      "node": {
        "label": "fDisplayName",
        "type": "Field"
      },
      "location-after-char-start": 558,
      "location-after-char-end": 591,
      "node-str": "fDisplayName"
    },
    {
      "type": "insert-node",
      "node": {
        "label": "\u003cinit\u003e",
        "type": "Constructor"
      },
      "location-after-char-start": 595,
      "location-after-char-end": 672,
      "node-str": "\u003cinit\u003e"
    },
    {
      "type": "insert-node",
      "node": {
        "label": "getDisplayName",
        "type": "Method"
      },
      "location-after-char-start": 676,
      "location-after-char-end": 733,
      "node-str": "getDisplayName"
    },
    {
      "type": "insert-node",
      "node": {
        "label": "getChildren",
        "type": "Method"
      },
      "location-after-char-start": 890,
      "location-after-char-end": 957,
      "node-str": "getChildren"
    },
    {
      "type": "insert-node",
      "node": {
        "label": "toString",
        "type": "Method"
      },
      "location-after-char-start": 1567,
      "location-after-char-end": 1633,
      "node-str": "toString"
    },
    {
      "type": "insert-node",
      "node": {
        "label": "org.junit.runner.Description",
        "type": "RETURN_TYPE"
      },
      "location-after-char-start": 0,
      "location-after-char-end": 0,
      "node-str": "org.junit.runner.Description"
    },
    {
      "type": "insert-node",
      "node": {
        "label": "public",
        "type": "Modifier"
      },
      "location-after-char-start": 0,
      "location-after-char-end": 0,
      "node-str": "public"
    },
    {
      "type": "insert-node",
      "node": {
        "label": "static",
        "type": "Modifier"
      },
      "location-after-char-start": 0,
      "location-after-char-end": 0,
      "node-str": "static"
    },
    {
      "type": "insert-node",
      "node": {
        "label": "testClass",
        "type": "Parameter"
      },
      "location-after-char-start": 133,
      "location-after-char-end": 165,
      "node-str": "testClass"
    },
    {
      "type": "insert-node",
      "node": {
        "label": "return",
        "type": "Return"
      },
      "location-after-char-start": 172,
      "location-after-char-end": 215,
      "node-str": "return"
    },
    {
      "type": "insert-node",
      "node": {
        "label": "org.junit.runner.Description",
        "type": "RETURN_TYPE"
      },
      "location-after-char-start": 0,
      "location-after-char-end": 0,
      "node-str": "org.junit.runner.Description"
    },
    {
      "type": "insert-node",
      "node": {
        "label": "public",
        "type": "Modifier"
      },
      "location-after-char-start": 0,
      "location-after-char-end": 0,
      "node-str": "public"
    },
    {
      "type": "insert-node",
      "node": {
        "label": "static",
        "type": "Modifier"
      },
      "location-after-char-start": 0,
      "location-after-char-end": 0,
      "node-str": "static"
    },
    {
      "type": "insert-node",
      "node": {
        "label": "name",
        "type": "Parameter"
      },
      "location-after-char-start": 271,
      "location-after-char-end": 281,
      "node-str": "name"
    },
    {
      "type": "insert-node",
      "node": {
        "label": "return",
        "type": "Return"
      },
      "location-after-char-start": 288,
      "location-after-char-end": 316,
      "node-str": "return"
    },
    {
      "type": "insert-node",
      "node": {
        "label": "org.junit.runner.Description",
        "type": "RETURN_TYPE"
      },
      "location-after-char-start": 0,
      "location-after-char-end": 0,
      "node-str": "org.junit.runner.Description"
    },
    {
      "type": "insert-node",
      "node": {
        "label": "public",
        "type": "Modifier"
      },
      "location-after-char-start": 0,
      "location-after-char-end": 0,
      "node-str": "public"
    },
    {
      "type": "insert-node",
      "node": {
        "label": "static",
        "type": "Modifier"
      },
      "location-after-char-start": 0,
      "location-after-char-end": 0,
      "node-str": "static"
    },
    {
      "type": "insert-node",
      "node": {
        "label": "clazz",
        "type": "Parameter"
      },
      "location-after-char-start": 371,
      "location-after-char-end": 381,
      "node-str": "clazz"
    },
    {
      "type": "insert-node",
      "node": {
        "label": "name",
        "type": "Parameter"
      },
      "location-after-char-start": 384,
      "location-after-char-end": 394,
      "node-str": "name"
    },
    {
      "type": "insert-node",
      "node": {
        "label": "return",
        "type": "Return"
      },
      "location-after-char-start": 401,
      "location-after-char-end": 471,
      "node-str": "return"
    },
    {
      "type": "insert-node",
      "node": {
        "label": "java.util.ArrayList",
        "type": "VARIABLE_TYPE"
      },
      "location-after-char-start": 0,
      "location-after-char-end": 0,
      "node-str": "java.util.ArrayList"
    },
    {
      "type": "insert-node",
      "node": {
        "label": "final",
        "type": "Modifier"
      },
      "location-after-char-start": 0,
      "location-after-char-end": 0,
      "node-str": "final"
    },
    {
      "type": "insert-node",
      "node": {
        "label": "java.util.ArrayList()",
        "type": "ConstructorCall"
      },
      "location-after-char-start": 527,
      "location-after-char-end": 554,
      "node-str": "java.util.ArrayList()"
    },
    {
      "type": "insert-node",
      "node": {
        "label": "java.lang.String",
        "type": "VARIABLE_TYPE"
      },
      "location-after-char-start": 0,
      "location-after-char-end": 0,
      "node-str": "java.lang.String"
    },
    {
      "type": "insert-node",
      "node": {
        "label": "final",
        "type": "Modifier"
      },
      "location-after-char-start": 0,
      "location-after-char-end": 0,
      "node-str": "final"
    },
    {
      "type": "insert-node",
      "node": {
        "label": "public",
        "type": "Modifier"
      },
      "location-after-char-start": 0,
      "location-after-char-end": 0,
      "node-str": "public"
    },
    {
      "type": "insert-node",
      "node": {
        "label": "displayName",
        "type": "Parameter"
      },
      "location-after-char-start": 614,
      "location-after-char-end": 637,
      "node-str": "displayName"
    },
    {
      "type": "insert-node",
      "node": {
        "label": "\u003d",
        "type": "Assignment"
      },
      "location-after-char-start": 644,
      "location-after-char-end": 669,
      "node-str": "\u003d"
    },
    {
      "type": "insert-node",
      "node": {
        "label": "java.lang.String",
        "type": "RETURN_TYPE"
      },
      "location-after-char-start": 0,
      "location-after-char-end": 0,
      "node-str": "java.lang.String"
    },
    {
      "type": "insert-node",
      "node": {
        "label": "public",
        "type": "Modifier"
      },
      "location-after-char-start": 0,
      "location-after-char-end": 0,
      "node-str": "public"
    },
    {
      "type": "insert-node",
      "node": {
        "label": "return",
        "type": "Return"
      },
      "location-after-char-start": 711,
      "location-after-char-end": 730,
      "node-str": "return"
    },
    {
      "type": "insert-node",
      "node": {
        "label": "java.util.ArrayList",
        "type": "RETURN_TYPE"
      },
      "location-after-char-start": 0,
      "location-after-char-end": 0,
      "node-str": "java.util.ArrayList"
    },
    {
      "type": "insert-node",
      "node": {
        "label": "public",
        "type": "Modifier"
      },
      "location-after-char-start": 0,
      "location-after-char-end": 0,
      "node-str": "public"
    },
    {
      "type": "insert-node",
      "node": {
        "label": "return",
        "type": "Return"
      },
      "location-after-char-start": 938,
      "location-after-char-end": 954,
      "node-str": "return"
    },
    {
      "type": "insert-node",
      "node": {
        "label": "java.lang.String",
        "type": "RETURN_TYPE"
      },
      "location-after-char-start": 0,
      "location-after-char-end": 0,
      "node-str": "java.lang.String"
    },
    {
      "type": "insert-node",
      "node": {
        "label": "public",
        "type": "Modifier"
      },
      "location-after-char-start": 0,
      "location-after-char-end": 0,
      "node-str": "public"
    },
    {
      "type": "insert-node",
      "node": {
        "label": "",
        "type": "Annotation"
      },
      "location-after-char-start": 1567,
      "location-after-char-end": 1575,
      "node-str": ""
    },
    {
      "type": "insert-node",
      "node": {
        "label": "return",
        "type": "Return"
      },
      "location-after-char-start": 1607,
      "location-after-char-end": 1630,
      "node-str": "return"
    },
    {
      "type": "insert-node",
      "node": {
        "label": "java.lang.Class",
        "type": "VARIABLE_TYPE"
      },
      "location-after-char-start": 0,
      "location-after-char-end": 0,
      "node-str": "java.lang.Class"
    },
    {
      "type": "insert-node",
      "node": {
        "label": "org.junit.runner.Description(java.lang.String)",
        "type": "ConstructorCall"
      },
      "location-after-char-start": 179,
      "location-after-char-end": 214,
      "node-str": "org.junit.runner.Description(java.lang.String)"
    },
    {
      "type": "insert-node",
      "node": {
        "label": "java.lang.String",
        "type": "VARIABLE_TYPE"
      },
      "location-after-char-start": 0,
      "location-after-char-end": 0,
      "node-str": "java.lang.String"
    },
    {
      "type": "insert-node",
      "node": {
        "label": "org.junit.runner.Description(java.lang.String)",
        "type": "ConstructorCall"
      },
      "location-after-char-start": 295,
      "location-after-char-end": 315,
      "node-str": "org.junit.runner.Description(java.lang.String)"
    },
    {
      "type": "insert-node",
      "node": {
        "label": "java.lang.Class",
        "type": "VARIABLE_TYPE"
      },
      "location-after-char-start": 0,
      "location-after-char-end": 0,
      "node-str": "java.lang.Class"
    },
    {
      "type": "insert-node",
      "node": {
        "label": "java.lang.String",
        "type": "VARIABLE_TYPE"
      },
      "location-after-char-start": 0,
      "location-after-char-end": 0,
      "node-str": "java.lang.String"
    },
    {
      "type": "insert-node",
      "node": {
        "label": "org.junit.runner.Description(java.lang.String)",
        "type": "ConstructorCall"
      },
      "location-after-char-start": 408,
      "location-after-char-end": 470,
      "node-str": "org.junit.runner.Description(java.lang.String)"
    },
    {
      "type": "insert-node",
      "node": {
        "label": "java.lang.String",
        "type": "VARIABLE_TYPE"
      },
      "location-after-char-start": 0,
      "location-after-char-end": 0,
      "node-str": "java.lang.String"
    },
    {
      "type": "insert-node",
      "node": {
        "label": "final",
        "type": "Modifier"
      },
      "location-after-char-start": 0,
      "location-after-char-end": 0,
      "node-str": "final"
    },
    {
      "type": "insert-node",
      "node": {
        "label": "fDisplayName",
        "type": "FieldWrite"
      },
      "location-after-char-start": 644,
      "location-after-char-end": 655,
      "node-str": "fDisplayName"
    },
    {
      "type": "insert-node",
      "node": {
        "label": "displayName",
        "type": "VariableRead"
      },
      "location-after-char-start": 658,
      "location-after-char-end": 668,
      "node-str": "displayName"
    },
    {
      "type": "insert-node",
      "node": {
        "label": "fDisplayName",
        "type": "FieldRead"
      },
      "location-after-char-start": 718,
      "location-after-char-end": 729,
      "node-str": "fDisplayName"
    },
    {
      "type": "insert-node",
      "node": {
        "label": "fChildren",
        "type": "FieldRead"
      },
      "location-after-char-start": 945,
      "location-after-char-end": 953,
      "node-str": "fChildren"
    },
    {
      "type": "insert-node",
      "node": {
        "label": "getDisplayName",
        "type": "Invocation"
      },
      "location-after-char-start": 1614,
      "location-after-char-end": 1629,
      "node-str": "getDisplayName"
    },
    {
      "type": "insert-node",
      "node": {
        "label": "getName",
        "type": "Invocation"
      },
      "location-after-char-start": 195,
      "location-after-char-end": 213,
      "node-str": "getName"
    },
    {
      "type": "insert-node",
      "node": {
        "label": "name",
        "type": "VariableRead"
      },
      "location-after-char-start": 311,
      "location-after-char-end": 314,
      "node-str": "name"
    },
    {
      "type": "insert-node",
      "node": {
        "label": "format",
        "type": "Invocation"
      },
      "location-after-char-start": 424,
      "location-after-char-end": 469,
      "node-str": "format"
    },
    {
      "type": "insert-node",
      "node": {
        "label": "org.junit.runner.Description",
        "type": "TypeAccess"
      },
      "location-after-char-start": 0,
      "location-after-char-end": 0,
      "node-str": "org.junit.runner.Description"
    },
    {
      "type": "insert-node",
      "node": {
        "label": "org.junit.runner.Description",
        "type": "TypeAccess"
      },
      "location-after-char-start": 0,
      "location-after-char-end": 0,
      "node-str": "org.junit.runner.Description"
    },
    {
      "type": "insert-node",
      "node": {
        "label": "org.junit.runner.Description",
        "type": "TypeAccess"
      },
      "location-after-char-start": 0,
      "location-after-char-end": 0,
      "node-str": "org.junit.runner.Description"
    },
    {
      "type": "insert-node",
      "node": {
        "label": "org.junit.runner.Description",
        "type": "TypeAccess"
      },
      "location-after-char-start": 0,
      "location-after-char-end": 0,
      "node-str": "org.junit.runner.Description"
    },
    {
      "type": "insert-node",
      "node": {
        "label": "testClass",
        "type": "VariableRead"
      },
      "location-after-char-start": 195,
      "location-after-char-end": 203,
      "node-str": "testClass"
    },
    {
      "type": "insert-node",
      "node": {
        "label": "java.lang.String",
        "type": "TypeAccess"
      },
      "location-after-char-start": 424,
      "location-after-char-end": 429,
      "node-str": "java.lang.String"
    },
    {
      "type": "insert-node",
      "node": {
        "label": "\"%s(%s)\"",
        "type": "Literal"
      },
      "location-after-char-start": 438,
      "location-after-char-end": 445,
      "node-str": "\"%s(%s)\""
    },
    {
      "type": "insert-node",
      "node": {
        "label": "name",
        "type": "VariableRead"
      },
      "location-after-char-start": 448,
      "location-after-char-end": 451,
      "node-str": "name"
    },
    {
      "type": "insert-node",
      "node": {
        "label": "getName",
        "type": "Invocation"
      },
      "location-after-char-start": 454,
      "location-after-char-end": 468,
      "node-str": "getName"
    },
    {
      "type": "insert-node",
      "node": {
        "label": "clazz",
        "type": "VariableRead"
      },
      "location-after-char-start": 454,
      "location-after-char-end": 458,
      "node-str": "clazz"
    },
    {
      "type": "delete-node",
      "node": {
        "label": "public",
        "type": "Modifier"
      },
      "location-before-char-start": 0,
      "location-before-char-end": 0,
      "node-str": "public"
    },
    {
      "type": "delete-node",
      "node": {
        "label": "org.junit.runner.Description",
        "type": "RETURN_TYPE"
      },
      "location-before-char-start": 0,
      "location-before-char-end": 0,
      "node-str": "org.junit.runner.Description"
    },
    {
      "type": "delete-node",
      "node": {
        "label": "public",
        "type": "Modifier"
      },
      "location-before-char-start": 0,
      "location-before-char-end": 0,
      "node-str": "public"
    },
    {
      "type": "delete-node",
      "node": {
        "label": "static",
        "type": "Modifier"
      },
      "location-before-char-start": 0,
      "location-before-char-end": 0,
      "node-str": "static"
    },
    {
      "type": "delete-node",
      "node": {
        "label": "java.lang.Class",
        "type": "VARIABLE_TYPE"
      },
      "location-before-char-start": 0,
      "location-before-char-end": 0,
      "node-str": "java.lang.Class"
    },
    {
      "type": "delete-node",
      "node": {
        "label": "testClass",
        "type": "Parameter"
      },
      "location-before-char-start": 133,
      "location-before-char-end": 165,
      "node-str": "testClass"
    },
    {
      "type": "delete-node",
      "node": {
        "label": "testClass",
        "type": "VariableRead"
      },
      "location-before-char-start": 217,
      "location-before-char-end": 225,
      "node-str": "testClass"
    },
    {
      "type": "delete-node",
      "node": {
        "label": "getName",
        "type": "Invocation"
      },
      "location-before-char-start": 217,
      "location-before-char-end": 235,
      "node-str": "getName"
    },
    {
      "type": "delete-node",
      "node": {
        "label": "null",
        "type": "Literal"
      },
      "location-before-char-start": 238,
      "location-before-char-end": 241,
      "node-str": "null"
    },
    {
      "type": "delete-node",
      "node": {
        "label": "null",
        "type": "Literal"
      },
      "location-before-char-start": 244,
      "location-before-char-end": 247,
      "node-str": "null"
    },
    {
      "type": "delete-node",
      "node": {
        "label": "org.junit.runner.Description(java.lang.String,java.lang.Class,java.lang.String)",
        "type": "ConstructorCall"
      },
      "location-before-char-start": 201,
      "location-before-char-end": 248,
      "node-str": "org.junit.runner.Description(java.lang.String,java.lang.Class,java.lang.String)"
    },
    {
      "type": "delete-node",
      "node": {
        "label": "return",
        "type": "Return"
      },
      "location-before-char-start": 194,
      "location-before-char-end": 249,
      "node-str": "return"
    },
    {
      "type": "delete-node",
      "node": {
        "label": "createSuiteDescription",
        "type": "Method"
      },
      "location-before-char-start": 84,
      "location-before-char-end": 252,
      "node-str": "createSuiteDescription"
    },
    {
      "type": "delete-node",
      "node": {
        "label": "org.junit.runner.Description",
        "type": "RETURN_TYPE"
      },
      "location-before-char-start": 0,
      "location-before-char-end": 0,
      "node-str": "org.junit.runner.Description"
    },
    {
      "type": "delete-node",
      "node": {
        "label": "public",
        "type": "Modifier"
      },
      "location-before-char-start": 0,
      "location-before-char-end": 0,
      "node-str": "public"
    },
    {
      "type": "delete-node",
      "node": {
        "label": "static",
        "type": "Modifier"
      },
      "location-before-char-start": 0,
      "location-before-char-end": 0,
      "node-str": "static"
    },
    {
      "type": "delete-node",
      "node": {
        "label": "java.lang.String",
        "type": "VARIABLE_TYPE"
      },
      "location-before-char-start": 0,
      "location-before-char-end": 0,
      "node-str": "java.lang.String"
    },
    {
      "type": "delete-node",
      "node": {
        "label": "name",
        "type": "Parameter"
      },
      "location-before-char-start": 305,
      "location-before-char-end": 315,
      "node-str": "name"
    },
    {
      "type": "delete-node",
      "node": {
        "label": "name",
        "type": "VariableRead"
      },
      "location-before-char-start": 345,
      "location-before-char-end": 348,
      "node-str": "name"
    },
    {
      "type": "delete-node",
      "node": {
        "label": "null",
        "type": "Literal"
      },
      "location-before-char-start": 351,
      "location-before-char-end": 354,
      "node-str": "null"
    },
    {
      "type": "delete-node",
      "node": {
        "label": "null",
        "type": "Literal"
      },
      "location-before-char-start": 357,
      "location-before-char-end": 360,
      "node-str": "null"
    },
    {
      "type": "delete-node",
      "node": {
        "label": "org.junit.runner.Description(java.lang.String,java.lang.Class,java.lang.String)",
        "type": "ConstructorCall"
      },
      "location-before-char-start": 329,
      "location-before-char-end": 361,
      "node-str": "org.junit.runner.Description(java.lang.String,java.lang.Class,java.lang.String)"
    },
    {
      "type": "delete-node",
      "node": {
        "label": "return",
        "type": "Return"
      },
      "location-before-char-start": 322,
      "location-before-char-end": 362,
      "node-str": "return"
    },
    {
      "type": "delete-node",
      "node": {
        "label": "createSuiteDescription",
        "type": "Method"
      },
      "location-before-char-start": 256,
      "location-before-char-end": 365,
      "node-str": "createSuiteDescription"
    },
    {
      "type": "delete-node",
      "node": {
        "label": "org.junit.runner.Description",
        "type": "RETURN_TYPE"
      },
      "location-before-char-start": 0,
      "location-before-char-end": 0,
      "node-str": "org.junit.runner.Description"
    },
    {
      "type": "delete-node",
      "node": {
        "label": "public",
        "type": "Modifier"
      },
      "location-before-char-start": 0,
      "location-before-char-end": 0,
      "node-str": "public"
    },
    {
      "type": "delete-node",
      "node": {
        "label": "static",
        "type": "Modifier"
      },
      "location-before-char-start": 0,
      "location-before-char-end": 0,
      "node-str": "static"
    },
    {
      "type": "delete-node",
      "node": {
        "label": "java.lang.Class",
        "type": "VARIABLE_TYPE"
      },
      "location-before-char-start": 0,
      "location-before-char-end": 0,
      "node-str": "java.lang.Class"
    },
    {
      "type": "delete-node",
      "node": {
        "label": "clazz",
        "type": "Parameter"
      },
      "location-before-char-start": 417,
      "location-before-char-end": 427,
      "node-str": "clazz"
    },
    {
      "type": "delete-node",
      "node": {
        "label": "java.lang.String",
        "type": "VARIABLE_TYPE"
      },
      "location-before-char-start": 0,
      "location-before-char-end": 0,
      "node-str": "java.lang.String"
    },
    {
      "type": "delete-node",
      "node": {
        "label": "name",
        "type": "Parameter"
      },
      "location-before-char-start": 430,
      "location-before-char-end": 440,
      "node-str": "name"
    },
    {
      "type": "delete-node",
      "node": {
        "label": "java.lang.String",
        "type": "TypeAccess"
      },
      "location-before-char-start": 470,
      "location-before-char-end": 475,
      "node-str": "java.lang.String"
    },
    {
      "type": "delete-node",
      "node": {
        "label": "\"%s(%s)\"",
        "type": "Literal"
      },
      "location-before-char-start": 484,
      "location-before-char-end": 491,
      "node-str": "\"%s(%s)\""
    },
    {
      "type": "delete-node",
      "node": {
        "label": "name",
        "type": "VariableRead"
      },
      "location-before-char-start": 494,
      "location-before-char-end": 497,
      "node-str": "name"
    },
    {
      "type": "delete-node",
      "node": {
        "label": "clazz",
        "type": "VariableRead"
      },
      "location-before-char-start": 500,
      "location-before-char-end": 504,
      "node-str": "clazz"
    },
    {
      "type": "delete-node",
      "node": {
        "label": "getName",
        "type": "Invocation"
      },
      "location-before-char-start": 500,
      "location-before-char-end": 514,
      "node-str": "getName"
    },
    {
      "type": "delete-node",
      "node": {
        "label": "format",
        "type": "Invocation"
      },
      "location-before-char-start": 470,
      "location-before-char-end": 515,
      "node-str": "format"
    },
    {
      "type": "delete-node",
      "node": {
        "label": "clazz",
        "type": "VariableRead"
      },
      "location-before-char-start": 522,
      "location-before-char-end": 526,
      "node-str": "clazz"
    },
    {
      "type": "delete-node",
      "node": {
        "label": "name",
        "type": "VariableRead"
      },
      "location-before-char-start": 529,
      "location-before-char-end": 532,
      "node-str": "name"
    },
    {
      "type": "delete-node",
      "node": {
        "label": "org.junit.runner.Description(java.lang.String,java.lang.Class,java.lang.String)",
        "type": "ConstructorCall"
      },
      "location-before-char-start": 454,
      "location-before-char-end": 533,
      "node-str": "org.junit.runner.Description(java.lang.String,java.lang.Class,java.lang.String)"
    },
    {
      "type": "delete-node",
      "node": {
        "label": "return",
        "type": "Return"
      },
      "location-before-char-start": 447,
      "location-before-char-end": 534,
      "node-str": "return"
    },
    {
      "type": "delete-node",
      "node": {
        "label": "createTestDescription",
        "type": "Method"
      },
      "location-before-char-start": 369,
      "location-before-char-end": 537,
      "node-str": "createTestDescription"
    },
    {
      "type": "delete-node",
      "node": {
        "label": "java.util.ArrayList",
        "type": "VARIABLE_TYPE"
      },
      "location-before-char-start": 0,
      "location-before-char-end": 0,
      "node-str": "java.util.ArrayList"
    },
    {
      "type": "delete-node",
      "node": {
        "label": "final",
        "type": "Modifier"
      },
      "location-before-char-start": 0,
      "location-before-char-end": 0,
      "node-str": "final"
    },
    {
      "type": "delete-node",
      "node": {
        "label": "java.util.ArrayList()",
        "type": "ConstructorCall"
      },
      "location-before-char-start": 590,
      "location-before-char-end": 617,
      "node-str": "java.util.ArrayList()"
    },
    {
      "type": "delete-node",
      "node": {
        "label": "fChildren",
        "type": "Field"
      },
      "location-before-char-start": 542,
      "location-before-char-end": 618,
      "node-str": "fChildren"
    },
    {
      "type": "delete-node",
      "node": {
        "label": "java.lang.String",
        "type": "VARIABLE_TYPE"
      },
      "location-before-char-start": 0,
      "location-before-char-end": 0,
      "node-str": "java.lang.String"
    },
    {
      "type": "delete-node",
      "node": {
        "label": "final",
        "type": "Modifier"
      },
      "location-before-char-start": 0,
      "location-before-char-end": 0,
      "node-str": "final"
    },
    {
      "type": "delete-node",
      "node": {
        "label": "fDisplayName",
        "type": "Field"
      },
      "location-before-char-start": 621,
      "location-before-char-end": 654,
      "node-str": "fDisplayName"
    },
    {
      "type": "delete-node",
      "node": {
        "label": "java.lang.Class",
        "type": "VARIABLE_TYPE"
      },
      "location-before-char-start": 0,
      "location-before-char-end": 0,
      "node-str": "java.lang.Class"
    },
    {
      "type": "delete-node",
      "node": {
        "label": "final",
        "type": "Modifier"
      },
      "location-before-char-start": 0,
      "location-before-char-end": 0,
      "node-str": "final"
    },
    {
      "type": "delete-node",
      "node": {
        "label": "\"unused\"",
        "type": "Literal"
      },
      "location-before-char-start": 744,
      "location-before-char-end": 751,
      "node-str": "\"unused\""
    },
    {
      "type": "delete-node",
      "node": {
        "label": "",
        "type": "Annotation"
      },
      "location-before-char-start": 726,
      "location-before-char-end": 752,
      "node-str": ""
    },
    {
      "type": "delete-node",
      "node": {
        "label": "fClass",
        "type": "Field"
      },
      "location-before-char-start": 659,
      "location-before-char-end": 781,
      "node-str": "fClass"
    },
    {
      "type": "delete-node",
      "node": {
        "label": "java.lang.String",
        "type": "VARIABLE_TYPE"
      },
      "location-before-char-start": 0,
      "location-before-char-end": 0,
      "node-str": "java.lang.String"
    },
    {
      "type": "delete-node",
      "node": {
        "label": "final",
        "type": "Modifier"
      },
      "location-before-char-start": 0,
      "location-before-char-end": 0,
      "node-str": "final"
    },
    {
      "type": "delete-node",
      "node": {
        "label": "\"unused\"",
        "type": "Literal"
      },
      "location-before-char-start": 802,
      "location-before-char-end": 809,
      "node-str": "\"unused\""
    },
    {
      "type": "delete-node",
      "node": {
        "label": "",
        "type": "Annotation"
      },
      "location-before-char-start": 784,
      "location-before-char-end": 810,
      "node-str": ""
    },
    {
      "type": "delete-node",
      "node": {
        "label": "fMethodName",
        "type": "Field"
      },
      "location-before-char-start": 784,
      "location-before-char-end": 845,
      "node-str": "fMethodName"
    },
    {
      "type": "delete-node",
      "node": {
        "label": "public",
        "type": "Modifier"
      },
      "location-before-char-start": 0,
      "location-before-char-end": 0,
      "node-str": "public"
    },
    {
      "type": "delete-node",
      "node": {
        "label": "java.lang.String",
        "type": "VARIABLE_TYPE"
      },
      "location-before-char-start": 0,
      "location-before-char-end": 0,
      "node-str": "java.lang.String"
    },
    {
      "type": "delete-node",
      "node": {
        "label": "final",
        "type": "Modifier"
      },
      "location-before-char-start": 0,
      "location-before-char-end": 0,
      "node-str": "final"
    },
    {
      "type": "delete-node",
      "node": {
        "label": "displayName",
        "type": "Parameter"
      },
      "location-before-char-start": 868,
      "location-before-char-end": 891,
      "node-str": "displayName"
    },
    {
      "type": "delete-node",
      "node": {
        "label": "java.lang.Class",
        "type": "VARIABLE_TYPE"
      },
      "location-before-char-start": 0,
      "location-before-char-end": 0,
      "node-str": "java.lang.Class"
    },
    {
      "type": "delete-node",
      "node": {
        "label": "final",
        "type": "Modifier"
      },
      "location-before-char-start": 0,
      "location-before-char-end": 0,
      "node-str": "final"
    },
    {
      "type": "delete-node",
      "node": {
        "label": "class1",
        "type": "Parameter"
      },
      "location-before-char-start": 894,
      "location-before-char-end": 911,
      "node-str": "class1"
    },
    {
      "type": "delete-node",
      "node": {
        "label": "java.lang.String",
        "type": "VARIABLE_TYPE"
      },
      "location-before-char-start": 0,
      "location-before-char-end": 0,
      "node-str": "java.lang.String"
    },
    {
      "type": "delete-node",
      "node": {
        "label": "final",
        "type": "Modifier"
      },
      "location-before-char-start": 0,
      "location-before-char-end": 0,
      "node-str": "final"
    },
    {
      "type": "delete-node",
      "node": {
        "label": "methodName",
        "type": "Parameter"
      },
      "location-before-char-start": 914,
      "location-before-char-end": 936,
      "node-str": "methodName"
    },
    {
      "type": "delete-node",
      "node": {
        "label": "org.junit.runner.Description",
        "type": "TypeAccess"
      },
      "location-before-char-start": 0,
      "location-before-char-end": 0,
      "node-str": "org.junit.runner.Description"
    },
    {
      "type": "delete-node",
      "node": {
        "label": "fDisplayName",
        "type": "FieldWrite"
      },
      "location-before-char-start": 943,
      "location-before-char-end": 954,
      "node-str": "fDisplayName"
    },
    {
      "type": "delete-node",
      "node": {
        "label": "displayName",
        "type": "VariableRead"
      },
      "location-before-char-start": 957,
      "location-before-char-end": 967,
      "node-str": "displayName"
    },
    {
      "type": "delete-node",
      "node": {
        "label": "\u003d",
        "type": "Assignment"
      },
      "location-before-char-start": 943,
      "location-before-char-end": 968,
      "node-str": "\u003d"
    },
    {
      "type": "delete-node",
      "node": {
        "label": "org.junit.runner.Description",
        "type": "TypeAccess"
      },
      "location-before-char-start": 0,
      "location-before-char-end": 0,
      "node-str": "org.junit.runner.Description"
    },
    {
      "type": "delete-node",
      "node": {
        "label": "fClass",
        "type": "FieldWrite"
      },
      "location-before-char-start": 972,
      "location-before-char-end": 977,
      "node-str": "fClass"
    },
    {
      "type": "delete-node",
      "node": {
        "label": "class1",
        "type": "VariableRead"
      },
      "location-before-char-start": 980,
      "location-before-char-end": 985,
      "node-str": "class1"
    },
    {
      "type": "delete-node",
      "node": {
        "label": "\u003d",
        "type": "Assignment"
      },
      "location-before-char-start": 972,
      "location-before-char-end": 986,
      "node-str": "\u003d"
    },
    {
      "type": "delete-node",
      "node": {
        "label": "org.junit.runner.Description",
        "type": "TypeAccess"
      },
      "location-before-char-start": 0,
      "location-before-char-end": 0,
      "node-str": "org.junit.runner.Description"
    },
    {
      "type": "delete-node",
      "node": {
        "label": "fMethodName",
        "type": "FieldWrite"
      },
      "location-before-char-start": 990,
      "location-before-char-end": 1000,
      "node-str": "fMethodName"
    },
    {
      "type": "delete-node",
      "node": {
        "label": "methodName",
        "type": "VariableRead"
      },
      "location-before-char-start": 1003,
      "location-before-char-end": 1012,
      "node-str": "methodName"
    },
    {
      "type": "delete-node",
      "node": {
        "label": "\u003d",
        "type": "Assignment"
      },
      "location-before-char-start": 990,
      "location-before-char-end": 1013,
      "node-str": "\u003d"
    },
    {
      "type": "delete-node",
      "node": {
        "label": "\u003cinit\u003e",
        "type": "Constructor"
      },
      "location-before-char-start": 849,
      "location-before-char-end": 1016,
      "node-str": "\u003cinit\u003e"
    },
    {
      "type": "delete-node",
      "node": {
        "label": "java.lang.String",
        "type": "RETURN_TYPE"
      },
      "location-before-char-start": 0,
      "location-before-char-end": 0,
      "node-str": "java.lang.String"
    },
    {
      "type": "delete-node",
      "node": {
        "label": "public",
        "type": "Modifier"
      },
      "location-before-char-start": 0,
      "location-before-char-end": 0,
      "node-str": "public"
    },
    {
      "type": "delete-node",
      "node": {
        "label": "org.junit.runner.Description",
        "type": "TypeAccess"
      },
      "location-before-char-start": 0,
      "location-before-char-end": 0,
      "node-str": "org.junit.runner.Description"
    },
    {
      "type": "delete-node",
      "node": {
        "label": "fDisplayName",
        "type": "FieldRead"
      },
      "location-before-char-start": 1062,
      "location-before-char-end": 1073,
      "node-str": "fDisplayName"
    },
    {
      "type": "delete-node",
      "node": {
        "label": "return",
        "type": "Return"
      },
      "location-before-char-start": 1055,
      "location-before-char-end": 1074,
      "node-str": "return"
    },
    {
      "type": "delete-node",
      "node": {
        "label": "getDisplayName",
        "type": "Method"
      },
      "location-before-char-start": 1020,
      "location-before-char-end": 1077,
      "node-str": "getDisplayName"
    },
    {
      "type": "delete-node",
      "node": {
        "label": "java.util.ArrayList",
        "type": "RETURN_TYPE"
      },
      "location-before-char-start": 0,
      "location-before-char-end": 0,
      "node-str": "java.util.ArrayList"
    },
    {
      "type": "delete-node",
      "node": {
        "label": "public",
        "type": "Modifier"
      },
      "location-before-char-start": 0,
      "location-before-char-end": 0,
      "node-str": "public"
    },
    {
      "type": "delete-node",
      "node": {
        "label": "org.junit.runner.Description",
        "type": "TypeAccess"
      },
      "location-before-char-start": 0,
      "location-before-char-end": 0,
      "node-str": "org.junit.runner.Description"
    },
    {
      "type": "delete-node",
      "node": {
        "label": "fChildren",
        "type": "FieldRead"
      },
      "location-before-char-start": 1289,
      "location-before-char-end": 1297,
      "node-str": "fChildren"
    },
    {
      "type": "delete-node",
      "node": {
        "label": "return",
        "type": "Return"
      },
      "location-before-char-start": 1282,
      "location-before-char-end": 1298,
      "node-str": "return"
    },
    {
      "type": "delete-node",
      "node": {
        "label": "getChildren",
        "type": "Method"
      },
      "location-before-char-start": 1234,
      "location-before-char-end": 1301,
      "node-str": "getChildren"
    },
    {
      "type": "delete-node",
      "node": {
        "label": "java.lang.String",
        "type": "RETURN_TYPE"
      },
      "location-before-char-start": 0,
      "location-before-char-end": 0,
      "node-str": "java.lang.String"
    },
    {
      "type": "delete-node",
      "node": {
        "label": "public",
        "type": "Modifier"
      },
      "location-before-char-start": 0,
      "location-before-char-end": 0,
      "node-str": "public"
    },
    {
      "type": "delete-node",
      "node": {
        "label": "",
        "type": "Annotation"
      },
      "location-before-char-start": 1911,
      "location-before-char-end": 1919,
      "node-str": ""
    },
    {
      "type": "delete-node",
      "node": {
        "label": "org.junit.runner.Description",
        "type": "TypeAccess"
      },
      "location-before-char-start": 0,
      "location-before-char-end": 0,
      "node-str": "org.junit.runner.Description"
    },
    {
      "type": "delete-node",
      "node": {
        "label": "getDisplayName",
        "type": "Invocation"
      },
      "location-before-char-start": 1958,
      "location-before-char-end": 1973,
      "node-str": "getDisplayName"
    },
    {
      "type": "delete-node",
      "node": {
        "label": "return",
        "type": "Return"
      },
      "location-before-char-start": 1951,
      "location-before-char-end": 1974,
      "node-str": "return"
    },
    {
      "type": "delete-node",
      "node": {
        "label": "toString",
        "type": "Method"
      },
      "location-before-char-start": 1911,
      "location-before-char-end": 1977,
      "node-str": "toString"
    }
  ],
  "before-file": {},
  "after-file": {},
  "mapping": {}
}