{
  "tool-info": {},
  "diff": [
    {
      "type": "insert-node",
      "node": {
        "label": "final",
        "type": "Modifier"
      },
      "location-after-char-start": 0,
      "location-after-char-end": 0,
      "node-str": "final"
    },
    {
      "type": "insert-node",
      "node": {
        "label": "solve",
        "type": "Method"
      },
      "location-after-char-start": 1405,
      "location-after-char-end": 1906,
      "node-str": "solve"
    },
    {
      "type": "insert-node",
      "node": {
        "label": "addToTree",
        "type": "Method"
      },
      "location-after-char-start": 4232,
      "location-after-char-end": 5688,
      "node-str": "addToTree"
    },
    {
      "type": "insert-node",
      "node": {
        "label": "toBindings",
        "type": "Method"
      },
      "location-after-char-start": 6953,
      "location-after-char-end": 8272,
      "node-str": "toBindings"
    },
    {
      "type": "insert-node",
      "node": {
        "label": "children",
        "type": "Field"
      },
      "location-after-char-start": 9458,
      "location-after-char-end": 9492,
      "node-str": "children"
    },
    {
      "type": "insert-node",
      "node": {
        "label": "states",
        "type": "Field"
      },
      "location-after-char-start": 9496,
      "location-after-char-end": 9528,
      "node-str": "states"
    },
    {
      "type": "insert-node",
      "node": {
        "label": "bestActionMatch",
        "type": "Field"
      },
      "location-after-char-start": 9534,
      "location-after-char-end": 9568,
      "node-str": "bestActionMatch"
    },
    {
      "type": "insert-node",
      "node": {
        "label": "bestChildActionMatch",
        "type": "Field"
      },
      "location-after-char-start": 9571,
      "location-after-char-end": 9610,
      "node-str": "bestChildActionMatch"
    },
    {
      "type": "insert-node",
      "node": {
        "label": "org.eclipse.ui.internal.keybindings.Identifier",
        "type": "RETURN_TYPE"
      },
      "location-after-char-start": 0,
      "location-after-char-end": 0,
      "node-str": "org.eclipse.ui.internal.keybindings.Identifier"
    },
    {
      "type": "insert-node",
      "node": {
        "label": "java.lang.IllegalArgumentException",
        "type": "THROWS"
      },
      "location-after-char-start": 0,
      "location-after-char-end": 0,
      "node-str": "java.lang.IllegalArgumentException"
    },
    {
      "type": "insert-node",
      "node": {
        "label": "static",
        "type": "Modifier"
      },
      "location-after-char-start": 0,
      "location-after-char-end": 0,
      "node-str": "static"
    },
    {
      "type": "insert-node",
      "node": {
        "label": "plugins",
        "type": "Parameter"
      },
      "location-after-char-start": 1429,
      "location-after-char-end": 1445,
      "node-str": "plugins"
    },
    {
      "type": "move-subtree",
      "node": {
        "label": "if",
        "type": "If"
      },
      "location-before-char-start": 1474,
      "location-before-char-end": 1534,
      "location-after-char-start": 1486,
      "location-after-char-end": 1546,
      "node-str": "if"
    },
    {
      "type": "move-subtree",
      "node": {
        "label": "actions",
        "type": "LocalVariable"
      },
      "location-before-char-start": 1541,
      "location-before-char-end": 1609,
      "location-after-char-start": 1553,
      "location-after-char-end": 1621,
      "node-str": "actions"
    },
    {
      "type": "move-subtree",
      "node": {
        "label": "if",
        "type": "If"
      },
      "location-before-char-start": 1616,
      "location-before-char-end": 1803,
      "location-after-char-start": 1628,
      "location-after-char-end": 1815,
      "node-str": "if"
    },
    {
      "type": "insert-node",
      "node": {
        "label": "return",
        "type": "Return"
      },
      "location-after-char-start": 1820,
      "location-after-char-end": 1903,
      "node-str": "return"
    },
    {
      "type": "insert-node",
      "node": {
        "label": "void",
        "type": "RETURN_TYPE"
      },
      "location-after-char-start": 0,
      "location-after-char-end": 0,
      "node-str": "void"
    },
    {
      "type": "insert-node",
      "node": {
        "label": "static",
        "type": "Modifier"
      },
      "location-after-char-start": 0,
      "location-after-char-end": 0,
      "node-str": "static"
    },
    {
      "type": "insert-node",
      "node": {
        "label": "tree",
        "type": "Parameter"
      },
      "location-after-char-start": 4254,
      "location-after-char-end": 4267,
      "node-str": "tree"
    },
    {
      "type": "insert-node",
      "node": {
        "label": "keyBinding",
        "type": "Parameter"
      },
      "location-after-char-start": 4270,
      "location-after-char-end": 4290,
      "node-str": "keyBinding"
    },
    {
      "type": "insert-node",
      "node": {
        "label": "configurationMap",
        "type": "Parameter"
      },
      "location-after-char-start": 4293,
      "location-after-char-end": 4318,
      "node-str": "configurationMap"
    },
    {
      "type": "insert-node",
      "node": {
        "label": "scopeMap",
        "type": "Parameter"
      },
      "location-after-char-start": 4321,
      "location-after-char-end": 4338,
      "node-str": "scopeMap"
    },
    {
      "type": "move-subtree",
      "node": {
        "label": "keyStrokes",
        "type": "LocalVariable"
      },
      "location-before-char-start": 4313,
      "location-before-char-end": 4374,
      "location-after-char-start": 4345,
      "location-after-char-end": 4406,
      "node-str": "keyStrokes"
    },
    {
      "type": "move-subtree",
      "node": {
        "label": "configuration",
        "type": "LocalVariable"
      },
      "location-before-char-start": 4380,
      "location-before-char-end": 4459,
      "location-after-char-start": 4412,
      "location-after-char-end": 4491,
      "node-str": "configuration"
    },
    {
      "type": "move-subtree",
      "node": {
        "label": "if",
        "type": "If"
      },
      "location-before-char-start": 4466,
      "location-before-char-end": 4502,
      "location-after-char-start": 4498,
      "location-after-char-end": 4534,
      "node-str": "if"
    },
    {
      "type": "move-subtree",
      "node": {
        "label": "locale",
        "type": "LocalVariable"
      },
      "location-before-char-start": 4507,
      "location-before-char-end": 4576,
      "location-after-char-start": 4539,
      "location-after-char-end": 4608,
      "node-str": "locale"
    },
    {
      "type": "move-subtree",
      "node": {
        "label": "platform",
        "type": "LocalVariable"
      },
      "location-before-char-start": 4580,
      "location-before-char-end": 4655,
      "location-after-char-start": 4612,
      "location-after-char-end": 4687,
      "node-str": "platform"
    },
    {
      "type": "move-subtree",
      "node": {
        "label": "scope",
        "type": "LocalVariable"
      },
      "location-before-char-start": 4659,
      "location-before-char-end": 4714,
      "location-after-char-start": 4691,
      "location-after-char-end": 4746,
      "node-str": "scope"
    },
    {
      "type": "move-subtree",
      "node": {
        "label": "if",
        "type": "If"
      },
      "location-before-char-start": 4721,
      "location-before-char-end": 4749,
      "location-after-char-start": 4753,
      "location-after-char-end": 4781,
      "node-str": "if"
    },
    {
      "type": "insert-node",
      "node": {
        "label": "root",
        "type": "LocalVariable"
      },
      "location-after-char-start": 4788,
      "location-after-char-end": 4809,
      "node-str": "root"
    },
    {
      "type": "insert-node",
      "node": {
        "label": "node",
        "type": "LocalVariable"
      },
      "location-after-char-start": 4813,
      "location-after-char-end": 4829,
      "node-str": "node"
    },
    {
      "type": "move-subtree",
      "node": {
        "label": "",
        "type": "For"
      },
      "location-before-char-start": 4803,
      "location-before-char-end": 5061,
      "location-after-char-start": 4835,
      "location-after-char-end": 5093,
      "node-str": ""
    },
    {
      "type": "insert-node",
      "node": {
        "label": "if",
        "type": "If"
      },
      "location-after-char-start": 5098,
      "location-after-char-end": 5685,
      "node-str": "if"
    },
    {
      "type": "insert-node",
      "node": {
        "label": "void",
        "type": "RETURN_TYPE"
      },
      "location-after-char-start": 0,
      "location-after-char-end": 0,
      "node-str": "void"
    },
    {
      "type": "insert-node",
      "node": {
        "label": "static",
        "type": "Modifier"
      },
      "location-after-char-start": 0,
      "location-after-char-end": 0,
      "node-str": "static"
    },
    {
      "type": "insert-node",
      "node": {
        "label": "tree",
        "type": "Parameter"
      },
      "location-after-char-start": 6984,
      "location-after-char-end": 6997,
      "node-str": "tree"
    },
    {
      "type": "insert-node",
      "node": {
        "label": "prefix",
        "type": "Parameter"
      },
      "location-after-char-start": 7000,
      "location-after-char-end": 7017,
      "node-str": "prefix"
    },
    {
      "type": "insert-node",
      "node": {
        "label": "bindings",
        "type": "Parameter"
      },
      "location-after-char-start": 7022,
      "location-after-char-end": 7034,
      "node-str": "bindings"
    },
    {
      "type": "move-subtree",
      "node": {
        "label": "iterator",
        "type": "LocalVariable"
      },
      "location-before-char-start": 7005,
      "location-before-char-end": 7051,
      "location-after-char-start": 7041,
      "location-after-char-end": 7087,
      "node-str": "iterator"
    },
    {
      "type": "insert-node",
      "node": {
        "label": "while",
        "type": "While"
      },
      "location-after-char-start": 7096,
      "location-after-char-end": 8268,
      "node-str": "while"
    },
    {
      "type": "insert-node",
      "node": {
        "label": "java.util.SortedMap",
        "type": "VARIABLE_TYPE"
      },
      "location-after-char-start": 0,
      "location-after-char-end": 0,
      "node-str": "java.util.SortedMap"
    },
    {
      "type": "insert-node",
      "node": {
        "label": "java.util.TreeMap()",
        "type": "ConstructorCall"
      },
      "location-after-char-start": 9479,
      "location-after-char-end": 9491,
      "node-str": "java.util.TreeMap()"
    },
    {
      "type": "insert-node",
      "node": {
        "label": "java.util.SortedMap",
        "type": "VARIABLE_TYPE"
      },
      "location-after-char-start": 0,
      "location-after-char-end": 0,
      "node-str": "java.util.SortedMap"
    },
    {
      "type": "insert-node",
      "node": {
        "label": "java.util.TreeMap()",
        "type": "ConstructorCall"
      },
      "location-after-char-start": 9515,
      "location-after-char-end": 9527,
      "node-str": "java.util.TreeMap()"
    },
    {
      "type": "insert-node",
      "node": {
        "label": "org.eclipse.ui.internal.keybindings.ActionMatch",
        "type": "VARIABLE_TYPE"
      },
      "location-after-char-start": 0,
      "location-after-char-end": 0,
      "node-str": "org.eclipse.ui.internal.keybindings.ActionMatch"
    },
    {
      "type": "insert-node",
      "node": {
        "label": "null",
        "type": "Literal"
      },
      "location-after-char-start": 9564,
      "location-after-char-end": 9567,
      "node-str": "null"
    },
    {
      "type": "insert-node",
      "node": {
        "label": "org.eclipse.ui.internal.keybindings.ActionMatch",
        "type": "VARIABLE_TYPE"
      },
      "location-after-char-start": 0,
      "location-after-char-end": 0,
      "node-str": "org.eclipse.ui.internal.keybindings.ActionMatch"
    },
    {
      "type": "insert-node",
      "node": {
        "label": "null",
        "type": "Literal"
      },
      "location-after-char-start": 9606,
      "location-after-char-end": 9609,
      "node-str": "null"
    },
    {
      "type": "update-node",
      "node": {
        "label": "org.eclipse.ui.internal.keybindings.Action",
        "type": "VARIABLE_TYPE"
      },
      "location-before-char-start": 0,
      "location-before-char-end": 0,
      "location-after-char-start": 0,
      "location-after-char-end": 0,
      "node-str": "org.eclipse.ui.internal.keybindings.Identifier"
    },
    {
      "type": "update-node",
      "node": {
        "label": "org.eclipse.ui.internal.keybindings.Action",
        "type": "VARIABLE_TYPE"
      },
      "location-before-char-start": 0,
      "location-before-char-end": 0,
      "location-after-char-start": 0,
      "location-after-char-end": 0,
      "node-str": "org.eclipse.ui.internal.keybindings.Identifier"
    },
    {
      "type": "insert-node",
      "node": {
        "label": "java.util.SortedMap",
        "type": "VARIABLE_TYPE"
      },
      "location-after-char-start": 0,
      "location-after-char-end": 0,
      "node-str": "java.util.SortedMap"
    },
    {
      "type": "insert-node",
      "node": {
        "label": "",
        "type": "Conditional"
      },
      "location-after-char-start": 1827,
      "location-after-char-end": 1902,
      "node-str": ""
    },
    {
      "type": "update-node",
      "node": {
        "label": "org.eclipse.ui.internal.keybindings.Action",
        "type": "VARIABLE_TYPE"
      },
      "location-before-char-start": 0,
      "location-before-char-end": 0,
      "location-after-char-start": 0,
      "location-after-char-end": 0,
      "node-str": "org.eclipse.ui.internal.keybindings.Identifier"
    },
    {
      "type": "update-node",
      "node": {
        "label": "org.eclipse.ui.internal.keybindings.Action",
        "type": "VARIABLE_TYPE"
      },
      "location-before-char-start": 0,
      "location-before-char-end": 0,
      "location-after-char-start": 0,
      "location-after-char-end": 0,
      "node-str": "org.eclipse.ui.internal.keybindings.Identifier"
    },
    {
      "type": "insert-node",
      "node": {
        "label": "java.util.SortedMap",
        "type": "VARIABLE_TYPE"
      },
      "location-after-char-start": 0,
      "location-after-char-end": 0,
      "node-str": "java.util.SortedMap"
    },
    {
      "type": "insert-node",
      "node": {
        "label": "org.eclipse.ui.internal.keybindings.KeyBinding",
        "type": "VARIABLE_TYPE"
      },
      "location-after-char-start": 0,
      "location-after-char-end": 0,
      "node-str": "org.eclipse.ui.internal.keybindings.KeyBinding"
    },
    {
      "type": "insert-node",
      "node": {
        "label": "java.util.SortedMap",
        "type": "VARIABLE_TYPE"
      },
      "location-after-char-start": 0,
      "location-after-char-end": 0,
      "node-str": "java.util.SortedMap"
    },
    {
      "type": "insert-node",
      "node": {
        "label": "java.util.SortedMap",
        "type": "VARIABLE_TYPE"
      },
      "location-after-char-start": 0,
      "location-after-char-end": 0,
      "node-str": "java.util.SortedMap"
    },
    {
      "type": "insert-node",
      "node": {
        "label": "java.util.SortedMap",
        "type": "VARIABLE_TYPE"
      },
      "location-after-char-start": 0,
      "location-after-char-end": 0,
      "node-str": "java.util.SortedMap"
    },
    {
      "type": "insert-node",
      "node": {
        "label": "tree",
        "type": "VariableRead"
      },
      "location-after-char-start": 4805,
      "location-after-char-end": 4808,
      "node-str": "tree"
    },
    {
      "type": "insert-node",
      "node": {
        "label": "org.eclipse.ui.internal.keybindings.Node",
        "type": "VARIABLE_TYPE"
      },
      "location-after-char-start": 0,
      "location-after-char-end": 0,
      "node-str": "org.eclipse.ui.internal.keybindings.Node"
    },
    {
      "type": "insert-node",
      "node": {
        "label": "null",
        "type": "Literal"
      },
      "location-after-char-start": 4825,
      "location-after-char-end": 4828,
      "node-str": "null"
    },
    {
      "type": "insert-node",
      "node": {
        "label": "NE",
        "type": "BinaryOperator"
      },
      "location-after-char-start": 5102,
      "location-after-char-end": 5113,
      "node-str": "NE"
    },
    {
      "type": "insert-node",
      "node": {
        "label": "THEN",
        "type": "then"
      },
      "location-after-char-start": 5116,
      "location-after-char-end": 5685,
      "node-str": "THEN"
    },
    {
      "type": "insert-node",
      "node": {
        "label": "java.util.SortedMap",
        "type": "VARIABLE_TYPE"
      },
      "location-after-char-start": 0,
      "location-after-char-end": 0,
      "node-str": "java.util.SortedMap"
    },
    {
      "type": "insert-node",
      "node": {
        "label": "org.eclipse.ui.internal.keybindings.KeySequence",
        "type": "VARIABLE_TYPE"
      },
      "location-after-char-start": 0,
      "location-after-char-end": 0,
      "node-str": "org.eclipse.ui.internal.keybindings.KeySequence"
    },
    {
      "type": "insert-node",
      "node": {
        "label": "java.util.List",
        "type": "VARIABLE_TYPE"
      },
      "location-after-char-start": 0,
      "location-after-char-end": 0,
      "node-str": "java.util.List"
    },
    {
      "type": "insert-node",
      "node": {
        "label": "hasNext",
        "type": "Invocation"
      },
      "location-after-char-start": 7103,
      "location-after-char-end": 7120,
      "node-str": "hasNext"
    },
    {
      "type": "insert-node",
      "node": {
        "label": "entry",
        "type": "LocalVariable"
      },
      "location-after-char-start": 7128,
      "location-after-char-end": 7173,
      "node-str": "entry"
    },
    {
      "type": "insert-node",
      "node": {
        "label": "keyStroke",
        "type": "LocalVariable"
      },
      "location-after-char-start": 7178,
      "location-after-char-end": 7226,
      "node-str": "keyStroke"
    },
    {
      "type": "move-subtree",
      "node": {
        "label": "keyStrokes",
        "type": "LocalVariable"
      },
      "location-before-char-start": 7195,
      "location-before-char-end": 7250,
      "location-after-char-start": 7231,
      "location-after-char-end": 7286,
      "node-str": "keyStrokes"
    },
    {
      "type": "insert-node",
      "node": {
        "label": "add",
        "type": "Invocation"
      },
      "location-after-char-start": 7291,
      "location-after-char-end": 7316,
      "node-str": "add"
    },
    {
      "type": "move-subtree",
      "node": {
        "label": "keySequence",
        "type": "LocalVariable"
      },
      "location-before-char-start": 7285,
      "location-before-char-end": 7341,
      "location-after-char-start": 7321,
      "location-after-char-end": 7377,
      "node-str": "keySequence"
    },
    {
      "type": "insert-node",
      "node": {
        "label": "node",
        "type": "LocalVariable"
      },
      "location-after-char-start": 7386,
      "location-after-char-end": 7421,
      "node-str": "node"
    },
    {
      "type": "move-subtree",
      "node": {
        "label": "iterator2",
        "type": "LocalVariable"
      },
      "location-before-char-start": 7390,
      "location-before-char-end": 7444,
      "location-after-char-start": 7426,
      "location-after-char-end": 7480,
      "node-str": "iterator2"
    },
    {
      "type": "insert-node",
      "node": {
        "label": "while",
        "type": "While"
      },
      "location-after-char-start": 7490,
      "location-after-char-end": 8207,
      "node-str": "while"
    },
    {
      "type": "move-subtree",
      "node": {
        "label": "toBindings",
        "type": "Invocation"
      },
      "location-before-char-start": 8172,
      "location-before-char-end": 8220,
      "location-after-char-start": 8216,
      "location-after-char-end": 8264,
      "node-str": "toBindings"
    },
    {
      "type": "insert-node",
      "node": {
        "label": "EQ",
        "type": "BinaryOperator"
      },
      "location-after-char-start": 1827,
      "location-after-char-end": 1845,
      "node-str": "EQ"
    },
    {
      "type": "insert-node",
      "node": {
        "label": "first",
        "type": "Invocation"
      },
      "location-after-char-start": 1849,
      "location-after-char-end": 1876,
      "node-str": "first"
    },
    {
      "type": "insert-node",
      "node": {
        "label": "create",
        "type": "Invocation"
      },
      "location-after-char-start": 1880,
      "location-after-char-end": 1902,
      "node-str": "create"
    },
    {
      "type": "insert-node",
      "node": {
        "label": "node",
        "type": "VariableRead"
      },
      "location-after-char-start": 5102,
      "location-after-char-end": 5105,
      "node-str": "node"
    },
    {
      "type": "insert-node",
      "node": {
        "label": "null",
        "type": "Literal"
      },
      "location-after-char-start": 5110,
      "location-after-char-end": 5113,
      "node-str": "null"
    },
    {
      "type": "insert-node",
      "node": {
        "label": "states",
        "type": "LocalVariable"
      },
      "location-after-char-start": 5121,
      "location-after-char-end": 5151,
      "node-str": "states"
    },
    {
      "type": "insert-node",
      "node": {
        "label": "paths",
        "type": "LocalVariable"
      },
      "location-after-char-start": 5157,
      "location-after-char-end": 5185,
      "node-str": "paths"
    },
    {
      "type": "insert-node",
      "node": {
        "label": "add",
        "type": "Invocation"
      },
      "location-after-char-start": 5190,
      "location-after-char-end": 5206,
      "node-str": "add"
    },
    {
      "type": "insert-node",
      "node": {
        "label": "add",
        "type": "Invocation"
      },
      "location-after-char-start": 5214,
      "location-after-char-end": 5238,
      "node-str": "add"
    },
    {
      "type": "insert-node",
      "node": {
        "label": "add",
        "type": "Invocation"
      },
      "location-after-char-start": 5243,
      "location-after-char-end": 5262,
      "node-str": "add"
    },
    {
      "type": "insert-node",
      "node": {
        "label": "add",
        "type": "Invocation"
      },
      "location-after-char-start": 5267,
      "location-after-char-end": 5284,
      "node-str": "add"
    },
    {
      "type": "move-subtree",
      "node": {
        "label": "state",
        "type": "LocalVariable"
      },
      "location-before-char-start": 5262,
      "location-before-char-end": 5295,
      "location-after-char-start": 5294,
      "location-after-char-end": 5327,
      "node-str": "state"
    },
    {
      "type": "move-subtree",
      "node": {
        "label": "contributorToActionSetMap",
        "type": "LocalVariable"
      },
      "location-before-char-start": 5303,
      "location-before-char-end": 5370,
      "location-after-char-start": 5335,
      "location-after-char-end": 5402,
      "node-str": "contributorToActionSetMap"
    },
    {
      "type": "move-subtree",
      "node": {
        "label": "if",
        "type": "If"
      },
      "location-before-char-start": 5379,
      "location-before-char-end": 5521,
      "location-after-char-start": 5411,
      "location-after-char-end": 5553,
      "node-str": "if"
    },
    {
      "type": "insert-node",
      "node": {
        "label": "add",
        "type": "Invocation"
      },
      "location-after-char-start": 5562,
      "location-after-char-end": 5678,
      "node-str": "add"
    },
    {
      "type": "insert-node",
      "node": {
        "label": "iterator",
        "type": "VariableRead"
      },
      "location-after-char-start": 7103,
      "location-after-char-end": 7110,
      "node-str": "iterator"
    },
    {
      "type": "insert-node",
      "node": {
        "label": "java.util.Map$Entry",
        "type": "VARIABLE_TYPE"
      },
      "location-after-char-start": 0,
      "location-after-char-end": 0,
      "node-str": "java.util.Map$Entry"
    },
    {
      "type": "insert-node",
      "node": {
        "label": "next",
        "type": "Invocation"
      },
      "location-after-char-start": 7146,
      "location-after-char-end": 7172,
      "node-str": "next"
    },
    {
      "type": "insert-node",
      "node": {
        "label": "org.eclipse.ui.internal.keybindings.KeyStroke",
        "type": "VARIABLE_TYPE"
      },
      "location-after-char-start": 0,
      "location-after-char-end": 0,
      "node-str": "org.eclipse.ui.internal.keybindings.KeyStroke"
    },
    {
      "type": "insert-node",
      "node": {
        "label": "getKey",
        "type": "Invocation"
      },
      "location-after-char-start": 7200,
      "location-after-char-end": 7225,
      "node-str": "getKey"
    },
    {
      "type": "insert-node",
      "node": {
        "label": "keyStrokes",
        "type": "VariableRead"
      },
      "location-after-char-start": 7291,
      "location-after-char-end": 7300,
      "node-str": "keyStrokes"
    },
    {
      "type": "insert-node",
      "node": {
        "label": "keyStroke",
        "type": "VariableRead"
      },
      "location-after-char-start": 7306,
      "location-after-char-end": 7314,
      "node-str": "keyStroke"
    },
    {
      "type": "insert-node",
      "node": {
        "label": "org.eclipse.ui.internal.keybindings.Node",
        "type": "VARIABLE_TYPE"
      },
      "location-after-char-start": 0,
      "location-after-char-end": 0,
      "node-str": "org.eclipse.ui.internal.keybindings.Node"
    },
    {
      "type": "insert-node",
      "node": {
        "label": "getValue",
        "type": "Invocation"
      },
      "location-after-char-start": 7398,
      "location-after-char-end": 7420,
      "node-str": "getValue"
    },
    {
      "type": "insert-node",
      "node": {
        "label": "hasNext",
        "type": "Invocation"
      },
      "location-after-char-start": 7497,
      "location-after-char-end": 7515,
      "node-str": "hasNext"
    },
    {
      "type": "insert-node",
      "node": {
        "label": "entry2",
        "type": "LocalVariable"
      },
      "location-after-char-start": 7524,
      "location-after-char-end": 7571,
      "node-str": "entry2"
    },
    {
      "type": "insert-node",
      "node": {
        "label": "state",
        "type": "LocalVariable"
      },
      "location-after-char-start": 7577,
      "location-after-char-end": 7614,
      "node-str": "state"
    },
    {
      "type": "insert-node",
      "node": {
        "label": "plugins",
        "type": "LocalVariable"
      },
      "location-after-char-start": 7621,
      "location-after-char-end": 7670,
      "node-str": "plugins"
    },
    {
      "type": "move-subtree",
      "node": {
        "label": "iterator3",
        "type": "LocalVariable"
      },
      "location-before-char-start": 7643,
      "location-before-char-end": 7693,
      "location-after-char-start": 7679,
      "location-after-char-end": 7729,
      "node-str": "iterator3"
    },
    {
      "type": "insert-node",
      "node": {
        "label": "while",
        "type": "While"
      },
      "location-after-char-start": 7740,
      "location-after-char-end": 8199,
      "node-str": "while"
    },
    {
      "type": "insert-node",
      "node": {
        "label": "size",
        "type": "Invocation"
      },
      "location-after-char-start": 1827,
      "location-after-char-end": 1840,
      "node-str": "size"
    },
    {
      "type": "insert-node",
      "node": {
        "label": "1",
        "type": "Literal"
      },
      "location-after-char-start": 1845,
      "location-after-char-end": 1845,
      "node-str": "1"
    },
    {
      "type": "insert-node",
      "node": {
        "label": "actions",
        "type": "VariableRead"
      },
      "location-after-char-start": 1862,
      "location-after-char-end": 1868,
      "node-str": "actions"
    },
    {
      "type": "insert-node",
      "node": {
        "label": "org.eclipse.ui.internal.keybindings.Identifier",
        "type": "TypeAccess"
      },
      "location-after-char-start": 1880,
      "location-after-char-end": 1889,
      "node-str": "org.eclipse.ui.internal.keybindings.Identifier"
    },
    {
      "type": "insert-node",
      "node": {
        "label": "null",
        "type": "Literal"
      },
      "location-after-char-start": 1898,
      "location-after-char-end": 1901,
      "node-str": "null"
    },
    {
      "type": "insert-node",
      "node": {
        "label": "java.util.SortedMap",
        "type": "VARIABLE_TYPE"
      },
      "location-after-char-start": 0,
      "location-after-char-end": 0,
      "node-str": "java.util.SortedMap"
    },
    {
      "type": "insert-node",
      "node": {
        "label": "states",
        "type": "FieldRead"
      },
      "location-after-char-start": 5140,
      "location-after-char-end": 5150,
      "node-str": "states"
    },
    {
      "type": "insert-node",
      "node": {
        "label": "java.util.List",
        "type": "VARIABLE_TYPE"
      },
      "location-after-char-start": 0,
      "location-after-char-end": 0,
      "node-str": "java.util.List"
    },
    {
      "type": "insert-node",
      "node": {
        "label": "java.util.ArrayList()",
        "type": "ConstructorCall"
      },
      "location-after-char-start": 5170,
      "location-after-char-end": 5184,
      "node-str": "java.util.ArrayList()"
    },
    {
      "type": "insert-node",
      "node": {
        "label": "paths",
        "type": "VariableRead"
      },
      "location-after-char-start": 5190,
      "location-after-char-end": 5194,
      "node-str": "paths"
    },
    {
      "type": "insert-node",
      "node": {
        "label": "scope",
        "type": "VariableRead"
      },
      "location-after-char-start": 5200,
      "location-after-char-end": 5204,
      "node-str": "scope"
    },
    {
      "type": "insert-node",
      "node": {
        "label": "paths",
        "type": "VariableRead"
      },
      "location-after-char-start": 5214,
      "location-after-char-end": 5218,
      "node-str": "paths"
    },
    {
      "type": "insert-node",
      "node": {
        "label": "configuration",
        "type": "VariableRead"
      },
      "location-after-char-start": 5224,
      "location-after-char-end": 5236,
      "node-str": "configuration"
    },
    {
      "type": "insert-node",
      "node": {
        "label": "paths",
        "type": "VariableRead"
      },
      "location-after-char-start": 5243,
      "location-after-char-end": 5247,
      "node-str": "paths"
    },
    {
      "type": "insert-node",
      "node": {
        "label": "platform",
        "type": "VariableRead"
      },
      "location-after-char-start": 5253,
      "location-after-char-end": 5260,
      "node-str": "platform"
    },
    {
      "type": "insert-node",
      "node": {
        "label": "paths",
        "type": "VariableRead"
      },
      "location-after-char-start": 5267,
      "location-after-char-end": 5271,
      "node-str": "paths"
    },
    {
      "type": "insert-node",
      "node": {
        "label": "locale",
        "type": "VariableRead"
      },
      "location-after-char-start": 5277,
      "location-after-char-end": 5282,
      "node-str": "locale"
    },
    {
      "type": "insert-node",
      "node": {
        "label": "contributorToActionSetMap",
        "type": "VariableRead"
      },
      "location-after-char-start": 5566,
      "location-after-char-end": 5590,
      "node-str": "contributorToActionSetMap"
    },
    {
      "type": "insert-node",
      "node": {
        "label": "create",
        "type": "Invocation"
      },
      "location-after-char-start": 5593,
      "location-after-char-end": 5633,
      "node-str": "create"
    },
    {
      "type": "insert-node",
      "node": {
        "label": "create",
        "type": "Invocation"
      },
      "location-after-char-start": 5636,
      "location-after-char-end": 5676,
      "node-str": "create"
    },
    {
      "type": "insert-node",
      "node": {
        "label": "iterator",
        "type": "VariableRead"
      },
      "location-after-char-start": 7158,
      "location-after-char-end": 7165,
      "node-str": "iterator"
    },
    {
      "type": "insert-node",
      "node": {
        "label": "entry",
        "type": "VariableRead"
      },
      "location-after-char-start": 7212,
      "location-after-char-end": 7216,
      "node-str": "entry"
    },
    {
      "type": "insert-node",
      "node": {
        "label": "entry",
        "type": "VariableRead"
      },
      "location-after-char-start": 7405,
      "location-after-char-end": 7409,
      "node-str": "entry"
    },
    {
      "type": "insert-node",
      "node": {
        "label": "iterator2",
        "type": "VariableRead"
      },
      "location-after-char-start": 7497,
      "location-after-char-end": 7505,
      "node-str": "iterator2"
    },
    {
      "type": "insert-node",
      "node": {
        "label": "java.util.Map$Entry",
        "type": "VARIABLE_TYPE"
      },
      "location-after-char-start": 0,
      "location-after-char-end": 0,
      "node-str": "java.util.Map$Entry"
    },
    {
      "type": "insert-node",
      "node": {
        "label": "next",
        "type": "Invocation"
      },
      "location-after-char-start": 7543,
      "location-after-char-end": 7570,
      "node-str": "next"
    },
    {
      "type": "insert-node",
      "node": {
        "label": "org.eclipse.ui.internal.keybindings.State",
        "type": "VARIABLE_TYPE"
      },
      "location-after-char-start": 0,
      "location-after-char-end": 0,
      "node-str": "org.eclipse.ui.internal.keybindings.State"
    },
    {
      "type": "insert-node",
      "node": {
        "label": "getKey",
        "type": "Invocation"
      },
      "location-after-char-start": 7591,
      "location-after-char-end": 7613,
      "node-str": "getKey"
    },
    {
      "type": "insert-node",
      "node": {
        "label": "java.util.SortedMap",
        "type": "VARIABLE_TYPE"
      },
      "location-after-char-start": 0,
      "location-after-char-end": 0,
      "node-str": "java.util.SortedMap"
    },
    {
      "type": "insert-node",
      "node": {
        "label": "getValue",
        "type": "Invocation"
      },
      "location-after-char-start": 7641,
      "location-after-char-end": 7669,
      "node-str": "getValue"
    },
    {
      "type": "insert-node",
      "node": {
        "label": "hasNext",
        "type": "Invocation"
      },
      "location-after-char-start": 7747,
      "location-after-char-end": 7765,
      "node-str": "hasNext"
    },
    {
      "type": "insert-node",
      "node": {
        "label": "entry3",
        "type": "LocalVariable"
      },
      "location-after-char-start": 7775,
      "location-after-char-end": 7822,
      "node-str": "entry3"
    },
    {
      "type": "insert-node",
      "node": {
        "label": "plugin",
        "type": "LocalVariable"
      },
      "location-after-char-start": 7829,
      "location-after-char-end": 7877,
      "node-str": "plugin"
    },
    {
      "type": "insert-node",
      "node": {
        "label": "actions",
        "type": "LocalVariable"
      },
      "location-after-char-start": 7885,
      "location-after-char-end": 7934,
      "node-str": "actions"
    },
    {
      "type": "insert-node",
      "node": {
        "label": "iterator4",
        "type": "LocalVariable"
      },
      "location-after-char-start": 7941,
      "location-after-char-end": 7980,
      "node-str": "iterator4"
    },
    {
      "type": "insert-node",
      "node": {
        "label": "while",
        "type": "While"
      },
      "location-after-char-start": 7993,
      "location-after-char-end": 8189,
      "node-str": "while"
    },
    {
      "type": "insert-node",
      "node": {
        "label": "actions",
        "type": "VariableRead"
      },
      "location-after-char-start": 1827,
      "location-after-char-end": 1833,
      "node-str": "actions"
    },
    {
      "type": "update-node",
      "node": {
        "label": "org.eclipse.ui.internal.keybindings.Action",
        "type": "VARIABLE_TYPE"
      },
      "location-before-char-start": 0,
      "location-before-char-end": 0,
      "location-after-char-start": 0,
      "location-after-char-end": 0,
      "node-str": "org.eclipse.ui.internal.keybindings.Identifier"
    },
    {
      "type": "insert-node",
      "node": {
        "label": "node",
        "type": "VariableRead"
      },
      "location-after-char-start": 5140,
      "location-after-char-end": 5143,
      "node-str": "node"
    },
    {
      "type": "insert-node",
      "node": {
        "label": "org.eclipse.ui.internal.keybindings.Identifier",
        "type": "TypeAccess"
      },
      "location-after-char-start": 5593,
      "location-after-char-end": 5602,
      "node-str": "org.eclipse.ui.internal.keybindings.Identifier"
    },
    {
      "type": "insert-node",
      "node": {
        "label": "getPlugin",
        "type": "Invocation"
      },
      "location-after-char-start": 5611,
      "location-after-char-end": 5632,
      "node-str": "getPlugin"
    },
    {
      "type": "insert-node",
      "node": {
        "label": "org.eclipse.ui.internal.keybindings.Identifier",
        "type": "TypeAccess"
      },
      "location-after-char-start": 5636,
      "location-after-char-end": 5645,
      "node-str": "org.eclipse.ui.internal.keybindings.Identifier"
    },
    {
      "type": "insert-node",
      "node": {
        "label": "getAction",
        "type": "Invocation"
      },
      "location-after-char-start": 5654,
      "location-after-char-end": 5675,
      "node-str": "getAction"
    },
    {
      "type": "insert-node",
      "node": {
        "label": "iterator2",
        "type": "VariableRead"
      },
      "location-after-char-start": 7555,
      "location-after-char-end": 7563,
      "node-str": "iterator2"
    },
    {
      "type": "insert-node",
      "node": {
        "label": "entry2",
        "type": "VariableRead"
      },
      "location-after-char-start": 7599,
      "location-after-char-end": 7604,
      "node-str": "entry2"
    },
    {
      "type": "insert-node",
      "node": {
        "label": "entry2",
        "type": "VariableRead"
      },
      "location-after-char-start": 7653,
      "location-after-char-end": 7658,
      "node-str": "entry2"
    },
    {
      "type": "insert-node",
      "node": {
        "label": "iterator3",
        "type": "VariableRead"
      },
      "location-after-char-start": 7747,
      "location-after-char-end": 7755,
      "node-str": "iterator3"
    },
    {
      "type": "insert-node",
      "node": {
        "label": "java.util.Map$Entry",
        "type": "VARIABLE_TYPE"
      },
      "location-after-char-start": 0,
      "location-after-char-end": 0,
      "node-str": "java.util.Map$Entry"
    },
    {
      "type": "insert-node",
      "node": {
        "label": "next",
        "type": "Invocation"
      },
      "location-after-char-start": 7794,
      "location-after-char-end": 7821,
      "node-str": "next"
    },
    {
      "type": "insert-node",
      "node": {
        "label": "org.eclipse.ui.internal.keybindings.Identifier",
        "type": "VARIABLE_TYPE"
      },
      "location-after-char-start": 0,
      "location-after-char-end": 0,
      "node-str": "org.eclipse.ui.internal.keybindings.Identifier"
    },
    {
      "type": "insert-node",
      "node": {
        "label": "getKey",
        "type": "Invocation"
      },
      "location-after-char-start": 7849,
      "location-after-char-end": 7876,
      "node-str": "getKey"
    },
    {
      "type": "insert-node",
      "node": {
        "label": "java.util.SortedSet",
        "type": "VARIABLE_TYPE"
      },
      "location-after-char-start": 0,
      "location-after-char-end": 0,
      "node-str": "java.util.SortedSet"
    },
    {
      "type": "insert-node",
      "node": {
        "label": "getValue",
        "type": "Invocation"
      },
      "location-after-char-start": 7905,
      "location-after-char-end": 7933,
      "node-str": "getValue"
    },
    {
      "type": "insert-node",
      "node": {
        "label": "java.util.Iterator",
        "type": "VARIABLE_TYPE"
      },
      "location-after-char-start": 0,
      "location-after-char-end": 0,
      "node-str": "java.util.Iterator"
    },
    {
      "type": "insert-node",
      "node": {
        "label": "iterator",
        "type": "Invocation"
      },
      "location-after-char-start": 7962,
      "location-after-char-end": 7979,
      "node-str": "iterator"
    },
    {
      "type": "insert-node",
      "node": {
        "label": "hasNext",
        "type": "Invocation"
      },
      "location-after-char-start": 8000,
      "location-after-char-end": 8018,
      "node-str": "hasNext"
    },
    {
      "type": "insert-node",
      "node": {
        "label": "action",
        "type": "LocalVariable"
      },
      "location-after-char-start": 8029,
      "location-after-char-end": 8078,
      "node-str": "action"
    },
    {
      "type": "insert-node",
      "node": {
        "label": "keyBinding",
        "type": "VariableRead"
      },
      "location-after-char-start": 5611,
      "location-after-char-end": 5620,
      "node-str": "keyBinding"
    },
    {
      "type": "insert-node",
      "node": {
        "label": "keyBinding",
        "type": "VariableRead"
      },
      "location-after-char-start": 5654,
      "location-after-char-end": 5663,
      "node-str": "keyBinding"
    },
    {
      "type": "insert-node",
      "node": {
        "label": "iterator3",
        "type": "VariableRead"
      },
      "location-after-char-start": 7806,
      "location-after-char-end": 7814,
      "node-str": "iterator3"
    },
    {
      "type": "insert-node",
      "node": {
        "label": "entry3",
        "type": "VariableRead"
      },
      "location-after-char-start": 7862,
      "location-after-char-end": 7867,
      "node-str": "entry3"
    },
    {
      "type": "insert-node",
      "node": {
        "label": "entry3",
        "type": "VariableRead"
      },
      "location-after-char-start": 7917,
      "location-after-char-end": 7922,
      "node-str": "entry3"
    },
    {
      "type": "insert-node",
      "node": {
        "label": "actions",
        "type": "VariableRead"
      },
      "location-after-char-start": 7962,
      "location-after-char-end": 7968,
      "node-str": "actions"
    },
    {
      "type": "insert-node",
      "node": {
        "label": "iterator4",
        "type": "VariableRead"
      },
      "location-after-char-start": 8000,
      "location-after-char-end": 8008,
      "node-str": "iterator4"
    },
    {
      "type": "insert-node",
      "node": {
        "label": "org.eclipse.ui.internal.keybindings.Identifier",
        "type": "VARIABLE_TYPE"
      },
      "location-after-char-start": 0,
      "location-after-char-end": 0,
      "node-str": "org.eclipse.ui.internal.keybindings.Identifier"
    },
    {
      "type": "insert-node",
      "node": {
        "label": "next",
        "type": "Invocation"
      },
      "location-after-char-start": 8049,
      "location-after-char-end": 8077,
      "node-str": "next"
    },
    {
      "type": "insert-node",
      "node": {
        "label": "iterator4",
        "type": "VariableRead"
      },
      "location-after-char-start": 8062,
      "location-after-char-end": 8070,
      "node-str": "iterator4"
    },
    {
      "type": "update-node",
      "node": {
        "label": "org.eclipse.ui.internal.keybindings.Action",
        "type": "VARIABLE_TYPE"
      },
      "location-before-char-start": 0,
      "location-before-char-end": 0,
      "location-after-char-start": 0,
      "location-after-char-end": 0,
      "node-str": "org.eclipse.ui.internal.keybindings.Identifier"
    },
    {
      "type": "delete-node",
      "node": {
        "label": "final",
        "type": "Modifier"
      },
      "location-before-char-start": 0,
      "location-before-char-end": 0,
      "node-str": "final"
    },
    {
      "type": "delete-node",
      "node": {
        "label": "org.eclipse.ui.internal.keybindings.Action",
        "type": "RETURN_TYPE"
      },
      "location-before-char-start": 0,
      "location-before-char-end": 0,
      "node-str": "org.eclipse.ui.internal.keybindings.Action"
    },
    {
      "type": "delete-node",
      "node": {
        "label": "java.lang.IllegalArgumentException",
        "type": "THROWS"
      },
      "location-before-char-start": 0,
      "location-before-char-end": 0,
      "node-str": "java.lang.IllegalArgumentException"
    },
    {
      "type": "delete-node",
      "node": {
        "label": "static",
        "type": "Modifier"
      },
      "location-before-char-start": 0,
      "location-before-char-end": 0,
      "node-str": "static"
    },
    {
      "type": "delete-node",
      "node": {
        "label": "java.util.SortedMap",
        "type": "VARIABLE_TYPE"
      },
      "location-before-char-start": 0,
      "location-before-char-end": 0,
      "node-str": "java.util.SortedMap"
    },
    {
      "type": "delete-node",
      "node": {
        "label": "plugins",
        "type": "Parameter"
      },
      "location-before-char-start": 1417,
      "location-before-char-end": 1433,
      "node-str": "plugins"
    },
    {
      "type": "delete-node",
      "node": {
        "label": "actions",
        "type": "VariableRead"
      },
      "location-before-char-start": 1815,
      "location-before-char-end": 1821,
      "node-str": "actions"
    },
    {
      "type": "delete-node",
      "node": {
        "label": "size",
        "type": "Invocation"
      },
      "location-before-char-start": 1815,
      "location-before-char-end": 1828,
      "node-str": "size"
    },
    {
      "type": "delete-node",
      "node": {
        "label": "1",
        "type": "Literal"
      },
      "location-before-char-start": 1833,
      "location-before-char-end": 1833,
      "node-str": "1"
    },
    {
      "type": "delete-node",
      "node": {
        "label": "EQ",
        "type": "BinaryOperator"
      },
      "location-before-char-start": 1815,
      "location-before-char-end": 1833,
      "node-str": "EQ"
    },
    {
      "type": "delete-node",
      "node": {
        "label": "actions",
        "type": "VariableRead"
      },
      "location-before-char-start": 1846,
      "location-before-char-end": 1852,
      "node-str": "actions"
    },
    {
      "type": "delete-node",
      "node": {
        "label": "first",
        "type": "Invocation"
      },
      "location-before-char-start": 1837,
      "location-before-char-end": 1860,
      "node-str": "first"
    },
    {
      "type": "delete-node",
      "node": {
        "label": "org.eclipse.ui.internal.keybindings.Action",
        "type": "TypeAccess"
      },
      "location-before-char-start": 1864,
      "location-before-char-end": 1869,
      "node-str": "org.eclipse.ui.internal.keybindings.Action"
    },
    {
      "type": "delete-node",
      "node": {
        "label": "null",
        "type": "Literal"
      },
      "location-before-char-start": 1878,
      "location-before-char-end": 1881,
      "node-str": "null"
    },
    {
      "type": "delete-node",
      "node": {
        "label": "create",
        "type": "Invocation"
      },
      "location-before-char-start": 1864,
      "location-before-char-end": 1882,
      "node-str": "create"
    },
    {
      "type": "delete-node",
      "node": {
        "label": "",
        "type": "Conditional"
      },
      "location-before-char-start": 1815,
      "location-before-char-end": 1882,
      "node-str": ""
    },
    {
      "type": "delete-node",
      "node": {
        "label": "return",
        "type": "Return"
      },
      "location-before-char-start": 1808,
      "location-before-char-end": 1883,
      "node-str": "return"
    },
    {
      "type": "delete-node",
      "node": {
        "label": "solve",
        "type": "Method"
      },
      "location-before-char-start": 1397,
      "location-before-char-end": 1886,
      "node-str": "solve"
    },
    {
      "type": "delete-node",
      "node": {
        "label": "void",
        "type": "RETURN_TYPE"
      },
      "location-before-char-start": 0,
      "location-before-char-end": 0,
      "node-str": "void"
    },
    {
      "type": "delete-node",
      "node": {
        "label": "static",
        "type": "Modifier"
      },
      "location-before-char-start": 0,
      "location-before-char-end": 0,
      "node-str": "static"
    },
    {
      "type": "delete-node",
      "node": {
        "label": "java.util.SortedMap",
        "type": "VARIABLE_TYPE"
      },
      "location-before-char-start": 0,
      "location-before-char-end": 0,
      "node-str": "java.util.SortedMap"
    },
    {
      "type": "delete-node",
      "node": {
        "label": "tree",
        "type": "Parameter"
      },
      "location-before-char-start": 4222,
      "location-before-char-end": 4235,
      "node-str": "tree"
    },
    {
      "type": "delete-node",
      "node": {
        "label": "org.eclipse.ui.internal.keybindings.KeyBinding",
        "type": "VARIABLE_TYPE"
      },
      "location-before-char-start": 0,
      "location-before-char-end": 0,
      "node-str": "org.eclipse.ui.internal.keybindings.KeyBinding"
    },
    {
      "type": "delete-node",
      "node": {
        "label": "keyBinding",
        "type": "Parameter"
      },
      "location-before-char-start": 4238,
      "location-before-char-end": 4258,
      "node-str": "keyBinding"
    },
    {
      "type": "delete-node",
      "node": {
        "label": "java.util.SortedMap",
        "type": "VARIABLE_TYPE"
      },
      "location-before-char-start": 0,
      "location-before-char-end": 0,
      "node-str": "java.util.SortedMap"
    },
    {
      "type": "delete-node",
      "node": {
        "label": "configurationMap",
        "type": "Parameter"
      },
      "location-before-char-start": 4261,
      "location-before-char-end": 4286,
      "node-str": "configurationMap"
    },
    {
      "type": "delete-node",
      "node": {
        "label": "java.util.SortedMap",
        "type": "VARIABLE_TYPE"
      },
      "location-before-char-start": 0,
      "location-before-char-end": 0,
      "node-str": "java.util.SortedMap"
    },
    {
      "type": "delete-node",
      "node": {
        "label": "scopeMap",
        "type": "Parameter"
      },
      "location-before-char-start": 4289,
      "location-before-char-end": 4306,
      "node-str": "scopeMap"
    },
    {
      "type": "delete-node",
      "node": {
        "label": "java.util.SortedMap",
        "type": "VARIABLE_TYPE"
      },
      "location-before-char-start": 0,
      "location-before-char-end": 0,
      "node-str": "java.util.SortedMap"
    },
    {
      "type": "delete-node",
      "node": {
        "label": "tree",
        "type": "VariableRead"
      },
      "location-before-char-start": 4773,
      "location-before-char-end": 4776,
      "node-str": "tree"
    },
    {
      "type": "delete-node",
      "node": {
        "label": "root",
        "type": "LocalVariable"
      },
      "location-before-char-start": 4756,
      "location-before-char-end": 4777,
      "node-str": "root"
    },
    {
      "type": "delete-node",
      "node": {
        "label": "org.eclipse.ui.internal.keybindings.Node",
        "type": "VARIABLE_TYPE"
      },
      "location-before-char-start": 0,
      "location-before-char-end": 0,
      "node-str": "org.eclipse.ui.internal.keybindings.Node"
    },
    {
      "type": "delete-node",
      "node": {
        "label": "null",
        "type": "Literal"
      },
      "location-before-char-start": 4793,
      "location-before-char-end": 4796,
      "node-str": "null"
    },
    {
      "type": "delete-node",
      "node": {
        "label": "node",
        "type": "LocalVariable"
      },
      "location-before-char-start": 4781,
      "location-before-char-end": 4797,
      "node-str": "node"
    },
    {
      "type": "delete-node",
      "node": {
        "label": "node",
        "type": "VariableRead"
      },
      "location-before-char-start": 5070,
      "location-before-char-end": 5073,
      "node-str": "node"
    },
    {
      "type": "delete-node",
      "node": {
        "label": "null",
        "type": "Literal"
      },
      "location-before-char-start": 5078,
      "location-before-char-end": 5081,
      "node-str": "null"
    },
    {
      "type": "delete-node",
      "node": {
        "label": "NE",
        "type": "BinaryOperator"
      },
      "location-before-char-start": 5070,
      "location-before-char-end": 5081,
      "node-str": "NE"
    },
    {
      "type": "delete-node",
      "node": {
        "label": "java.util.SortedMap",
        "type": "VARIABLE_TYPE"
      },
      "location-before-char-start": 0,
      "location-before-char-end": 0,
      "node-str": "java.util.SortedMap"
    },
    {
      "type": "delete-node",
      "node": {
        "label": "node",
        "type": "VariableRead"
      },
      "location-before-char-start": 5108,
      "location-before-char-end": 5111,
      "node-str": "node"
    },
    {
      "type": "delete-node",
      "node": {
        "label": "states",
        "type": "FieldRead"
      },
      "location-before-char-start": 5108,
      "location-before-char-end": 5118,
      "node-str": "states"
    },
    {
      "type": "delete-node",
      "node": {
        "label": "states",
        "type": "LocalVariable"
      },
      "location-before-char-start": 5089,
      "location-before-char-end": 5119,
      "node-str": "states"
    },
    {
      "type": "delete-node",
      "node": {
        "label": "java.util.List",
        "type": "VARIABLE_TYPE"
      },
      "location-before-char-start": 0,
      "location-before-char-end": 0,
      "node-str": "java.util.List"
    },
    {
      "type": "delete-node",
      "node": {
        "label": "java.util.ArrayList()",
        "type": "ConstructorCall"
      },
      "location-before-char-start": 5138,
      "location-before-char-end": 5152,
      "node-str": "java.util.ArrayList()"
    },
    {
      "type": "delete-node",
      "node": {
        "label": "paths",
        "type": "LocalVariable"
      },
      "location-before-char-start": 5125,
      "location-before-char-end": 5153,
      "node-str": "paths"
    },
    {
      "type": "delete-node",
      "node": {
        "label": "paths",
        "type": "VariableRead"
      },
      "location-before-char-start": 5158,
      "location-before-char-end": 5162,
      "node-str": "paths"
    },
    {
      "type": "delete-node",
      "node": {
        "label": "scope",
        "type": "VariableRead"
      },
      "location-before-char-start": 5168,
      "location-before-char-end": 5172,
      "node-str": "scope"
    },
    {
      "type": "delete-node",
      "node": {
        "label": "add",
        "type": "Invocation"
      },
      "location-before-char-start": 5158,
      "location-before-char-end": 5174,
      "node-str": "add"
    },
    {
      "type": "delete-node",
      "node": {
        "label": "paths",
        "type": "VariableRead"
      },
      "location-before-char-start": 5182,
      "location-before-char-end": 5186,
      "node-str": "paths"
    },
    {
      "type": "delete-node",
      "node": {
        "label": "configuration",
        "type": "VariableRead"
      },
      "location-before-char-start": 5192,
      "location-before-char-end": 5204,
      "node-str": "configuration"
    },
    {
      "type": "delete-node",
      "node": {
        "label": "add",
        "type": "Invocation"
      },
      "location-before-char-start": 5182,
      "location-before-char-end": 5206,
      "node-str": "add"
    },
    {
      "type": "delete-node",
      "node": {
        "label": "paths",
        "type": "VariableRead"
      },
      "location-before-char-start": 5211,
      "location-before-char-end": 5215,
      "node-str": "paths"
    },
    {
      "type": "delete-node",
      "node": {
        "label": "platform",
        "type": "VariableRead"
      },
      "location-before-char-start": 5221,
      "location-before-char-end": 5228,
      "node-str": "platform"
    },
    {
      "type": "delete-node",
      "node": {
        "label": "add",
        "type": "Invocation"
      },
      "location-before-char-start": 5211,
      "location-before-char-end": 5230,
      "node-str": "add"
    },
    {
      "type": "delete-node",
      "node": {
        "label": "paths",
        "type": "VariableRead"
      },
      "location-before-char-start": 5235,
      "location-before-char-end": 5239,
      "node-str": "paths"
    },
    {
      "type": "delete-node",
      "node": {
        "label": "locale",
        "type": "VariableRead"
      },
      "location-before-char-start": 5245,
      "location-before-char-end": 5250,
      "node-str": "locale"
    },
    {
      "type": "delete-node",
      "node": {
        "label": "add",
        "type": "Invocation"
      },
      "location-before-char-start": 5235,
      "location-before-char-end": 5252,
      "node-str": "add"
    },
    {
      "type": "delete-node",
      "node": {
        "label": "contributorToActionSetMap",
        "type": "VariableRead"
      },
      "location-before-char-start": 5534,
      "location-before-char-end": 5558,
      "node-str": "contributorToActionSetMap"
    },
    {
      "type": "delete-node",
      "node": {
        "label": "org.eclipse.ui.internal.keybindings.Identifier",
        "type": "TypeAccess"
      },
      "location-before-char-start": 5561,
      "location-before-char-end": 5570,
      "node-str": "org.eclipse.ui.internal.keybindings.Identifier"
    },
    {
      "type": "delete-node",
      "node": {
        "label": "keyBinding",
        "type": "VariableRead"
      },
      "location-before-char-start": 5579,
      "location-before-char-end": 5588,
      "node-str": "keyBinding"
    },
    {
      "type": "delete-node",
      "node": {
        "label": "getPlugin",
        "type": "Invocation"
      },
      "location-before-char-start": 5579,
      "location-before-char-end": 5600,
      "node-str": "getPlugin"
    },
    {
      "type": "delete-node",
      "node": {
        "label": "create",
        "type": "Invocation"
      },
      "location-before-char-start": 5561,
      "location-before-char-end": 5601,
      "node-str": "create"
    },
    {
      "type": "delete-node",
      "node": {
        "label": "org.eclipse.ui.internal.keybindings.Action",
        "type": "TypeAccess"
      },
      "location-before-char-start": 5604,
      "location-before-char-end": 5609,
      "node-str": "org.eclipse.ui.internal.keybindings.Action"
    },
    {
      "type": "delete-node",
      "node": {
        "label": "keyBinding",
        "type": "VariableRead"
      },
      "location-before-char-start": 5618,
      "location-before-char-end": 5627,
      "node-str": "keyBinding"
    },
    {
      "type": "delete-node",
      "node": {
        "label": "getAction",
        "type": "Invocation"
      },
      "location-before-char-start": 5618,
      "location-before-char-end": 5639,
      "node-str": "getAction"
    },
    {
      "type": "delete-node",
      "node": {
        "label": "create",
        "type": "Invocation"
      },
      "location-before-char-start": 5604,
      "location-before-char-end": 5640,
      "node-str": "create"
    },
    {
      "type": "delete-node",
      "node": {
        "label": "add",
        "type": "Invocation"
      },
      "location-before-char-start": 5530,
      "location-before-char-end": 5642,
      "node-str": "add"
    },
    {
      "type": "delete-node",
      "node": {
        "label": "THEN",
        "type": "then"
      },
      "location-before-char-start": 5084,
      "location-before-char-end": 5649,
      "node-str": "THEN"
    },
    {
      "type": "delete-node",
      "node": {
        "label": "if",
        "type": "If"
      },
      "location-before-char-start": 5066,
      "location-before-char-end": 5649,
      "node-str": "if"
    },
    {
      "type": "delete-node",
      "node": {
        "label": "addToTree",
        "type": "Method"
      },
      "location-before-char-start": 4200,
      "location-before-char-end": 5652,
      "node-str": "addToTree"
    },
    {
      "type": "delete-node",
      "node": {
        "label": "void",
        "type": "RETURN_TYPE"
      },
      "location-before-char-start": 0,
      "location-before-char-end": 0,
      "node-str": "void"
    },
    {
      "type": "delete-node",
      "node": {
        "label": "static",
        "type": "Modifier"
      },
      "location-before-char-start": 0,
      "location-before-char-end": 0,
      "node-str": "static"
    },
    {
      "type": "delete-node",
      "node": {
        "label": "java.util.SortedMap",
        "type": "VARIABLE_TYPE"
      },
      "location-before-char-start": 0,
      "location-before-char-end": 0,
      "node-str": "java.util.SortedMap"
    },
    {
      "type": "delete-node",
      "node": {
        "label": "tree",
        "type": "Parameter"
      },
      "location-before-char-start": 6948,
      "location-before-char-end": 6961,
      "node-str": "tree"
    },
    {
      "type": "delete-node",
      "node": {
        "label": "org.eclipse.ui.internal.keybindings.KeySequence",
        "type": "VARIABLE_TYPE"
      },
      "location-before-char-start": 0,
      "location-before-char-end": 0,
      "node-str": "org.eclipse.ui.internal.keybindings.KeySequence"
    },
    {
      "type": "delete-node",
      "node": {
        "label": "prefix",
        "type": "Parameter"
      },
      "location-before-char-start": 6964,
      "location-before-char-end": 6981,
      "node-str": "prefix"
    },
    {
      "type": "delete-node",
      "node": {
        "label": "java.util.List",
        "type": "VARIABLE_TYPE"
      },
      "location-before-char-start": 0,
      "location-before-char-end": 0,
      "node-str": "java.util.List"
    },
    {
      "type": "delete-node",
      "node": {
        "label": "bindings",
        "type": "Parameter"
      },
      "location-before-char-start": 6986,
      "location-before-char-end": 6998,
      "node-str": "bindings"
    },
    {
      "type": "delete-node",
      "node": {
        "label": "iterator",
        "type": "VariableRead"
      },
      "location-before-char-start": 7067,
      "location-before-char-end": 7074,
      "node-str": "iterator"
    },
    {
      "type": "delete-node",
      "node": {
        "label": "hasNext",
        "type": "Invocation"
      },
      "location-before-char-start": 7067,
      "location-before-char-end": 7084,
      "node-str": "hasNext"
    },
    {
      "type": "delete-node",
      "node": {
        "label": "java.util.Map$Entry",
        "type": "VARIABLE_TYPE"
      },
      "location-before-char-start": 0,
      "location-before-char-end": 0,
      "node-str": "java.util.Map$Entry"
    },
    {
      "type": "delete-node",
      "node": {
        "label": "iterator",
        "type": "VariableRead"
      },
      "location-before-char-start": 7122,
      "location-before-char-end": 7129,
      "node-str": "iterator"
    },
    {
      "type": "delete-node",
      "node": {
        "label": "next",
        "type": "Invocation"
      },
      "location-before-char-start": 7110,
      "location-before-char-end": 7136,
      "node-str": "next"
    },
    {
      "type": "delete-node",
      "node": {
        "label": "entry",
        "type": "LocalVariable"
      },
      "location-before-char-start": 7092,
      "location-before-char-end": 7137,
      "node-str": "entry"
    },
    {
      "type": "delete-node",
      "node": {
        "label": "org.eclipse.ui.internal.keybindings.KeyStroke",
        "type": "VARIABLE_TYPE"
      },
      "location-before-char-start": 0,
      "location-before-char-end": 0,
      "node-str": "org.eclipse.ui.internal.keybindings.KeyStroke"
    },
    {
      "type": "delete-node",
      "node": {
        "label": "entry",
        "type": "VariableRead"
      },
      "location-before-char-start": 7176,
      "location-before-char-end": 7180,
      "node-str": "entry"
    },
    {
      "type": "delete-node",
      "node": {
        "label": "getKey",
        "type": "Invocation"
      },
      "location-before-char-start": 7164,
      "location-before-char-end": 7189,
      "node-str": "getKey"
    },
    {
      "type": "delete-node",
      "node": {
        "label": "keyStroke",
        "type": "LocalVariable"
      },
      "location-before-char-start": 7142,
      "location-before-char-end": 7190,
      "node-str": "keyStroke"
    },
    {
      "type": "delete-node",
      "node": {
        "label": "keyStrokes",
        "type": "VariableRead"
      },
      "location-before-char-start": 7255,
      "location-before-char-end": 7264,
      "node-str": "keyStrokes"
    },
    {
      "type": "delete-node",
      "node": {
        "label": "keyStroke",
        "type": "VariableRead"
      },
      "location-before-char-start": 7270,
      "location-before-char-end": 7278,
      "node-str": "keyStroke"
    },
    {
      "type": "delete-node",
      "node": {
        "label": "add",
        "type": "Invocation"
      },
      "location-before-char-start": 7255,
      "location-before-char-end": 7280,
      "node-str": "add"
    },
    {
      "type": "delete-node",
      "node": {
        "label": "org.eclipse.ui.internal.keybindings.Node",
        "type": "VARIABLE_TYPE"
      },
      "location-before-char-start": 0,
      "location-before-char-end": 0,
      "node-str": "org.eclipse.ui.internal.keybindings.Node"
    },
    {
      "type": "delete-node",
      "node": {
        "label": "entry",
        "type": "VariableRead"
      },
      "location-before-char-start": 7369,
      "location-before-char-end": 7373,
      "node-str": "entry"
    },
    {
      "type": "delete-node",
      "node": {
        "label": "getValue",
        "type": "Invocation"
      },
      "location-before-char-start": 7362,
      "location-before-char-end": 7384,
      "node-str": "getValue"
    },
    {
      "type": "delete-node",
      "node": {
        "label": "node",
        "type": "LocalVariable"
      },
      "location-before-char-start": 7350,
      "location-before-char-end": 7385,
      "node-str": "node"
    },
    {
      "type": "delete-node",
      "node": {
        "label": "iterator2",
        "type": "VariableRead"
      },
      "location-before-char-start": 7461,
      "location-before-char-end": 7469,
      "node-str": "iterator2"
    },
    {
      "type": "delete-node",
      "node": {
        "label": "hasNext",
        "type": "Invocation"
      },
      "location-before-char-start": 7461,
      "location-before-char-end": 7479,
      "node-str": "hasNext"
    },
    {
      "type": "delete-node",
      "node": {
        "label": "java.util.Map$Entry",
        "type": "VARIABLE_TYPE"
      },
      "location-before-char-start": 0,
      "location-before-char-end": 0,
      "node-str": "java.util.Map$Entry"
    },
    {
      "type": "delete-node",
      "node": {
        "label": "iterator2",
        "type": "VariableRead"
      },
      "location-before-char-start": 7519,
      "location-before-char-end": 7527,
      "node-str": "iterator2"
    },
    {
      "type": "delete-node",
      "node": {
        "label": "next",
        "type": "Invocation"
      },
      "location-before-char-start": 7507,
      "location-before-char-end": 7534,
      "node-str": "next"
    },
    {
      "type": "delete-node",
      "node": {
        "label": "entry2",
        "type": "LocalVariable"
      },
      "location-before-char-start": 7488,
      "location-before-char-end": 7535,
      "node-str": "entry2"
    },
    {
      "type": "delete-node",
      "node": {
        "label": "org.eclipse.ui.internal.keybindings.State",
        "type": "VARIABLE_TYPE"
      },
      "location-before-char-start": 0,
      "location-before-char-end": 0,
      "node-str": "org.eclipse.ui.internal.keybindings.State"
    },
    {
      "type": "delete-node",
      "node": {
        "label": "entry2",
        "type": "VariableRead"
      },
      "location-before-char-start": 7563,
      "location-before-char-end": 7568,
      "node-str": "entry2"
    },
    {
      "type": "delete-node",
      "node": {
        "label": "getKey",
        "type": "Invocation"
      },
      "location-before-char-start": 7555,
      "location-before-char-end": 7577,
      "node-str": "getKey"
    },
    {
      "type": "delete-node",
      "node": {
        "label": "state",
        "type": "LocalVariable"
      },
      "location-before-char-start": 7541,
      "location-before-char-end": 7578,
      "node-str": "state"
    },
    {
      "type": "delete-node",
      "node": {
        "label": "java.util.SortedMap",
        "type": "VARIABLE_TYPE"
      },
      "location-before-char-start": 0,
      "location-before-char-end": 0,
      "node-str": "java.util.SortedMap"
    },
    {
      "type": "delete-node",
      "node": {
        "label": "entry2",
        "type": "VariableRead"
      },
      "location-before-char-start": 7617,
      "location-before-char-end": 7622,
      "node-str": "entry2"
    },
    {
      "type": "delete-node",
      "node": {
        "label": "getValue",
        "type": "Invocation"
      },
      "location-before-char-start": 7605,
      "location-before-char-end": 7633,
      "node-str": "getValue"
    },
    {
      "type": "delete-node",
      "node": {
        "label": "plugins",
        "type": "LocalVariable"
      },
      "location-before-char-start": 7585,
      "location-before-char-end": 7634,
      "node-str": "plugins"
    },
    {
      "type": "delete-node",
      "node": {
        "label": "iterator3",
        "type": "VariableRead"
      },
      "location-before-char-start": 7711,
      "location-before-char-end": 7719,
      "node-str": "iterator3"
    },
    {
      "type": "delete-node",
      "node": {
        "label": "hasNext",
        "type": "Invocation"
      },
      "location-before-char-start": 7711,
      "location-before-char-end": 7729,
      "node-str": "hasNext"
    },
    {
      "type": "delete-node",
      "node": {
        "label": "java.util.Map$Entry",
        "type": "VARIABLE_TYPE"
      },
      "location-before-char-start": 0,
      "location-before-char-end": 0,
      "node-str": "java.util.Map$Entry"
    },
    {
      "type": "delete-node",
      "node": {
        "label": "iterator3",
        "type": "VariableRead"
      },
      "location-before-char-start": 7770,
      "location-before-char-end": 7778,
      "node-str": "iterator3"
    },
    {
      "type": "delete-node",
      "node": {
        "label": "next",
        "type": "Invocation"
      },
      "location-before-char-start": 7758,
      "location-before-char-end": 7785,
      "node-str": "next"
    },
    {
      "type": "delete-node",
      "node": {
        "label": "entry3",
        "type": "LocalVariable"
      },
      "location-before-char-start": 7739,
      "location-before-char-end": 7786,
      "node-str": "entry3"
    },
    {
      "type": "delete-node",
      "node": {
        "label": "org.eclipse.ui.internal.keybindings.Identifier",
        "type": "VARIABLE_TYPE"
      },
      "location-before-char-start": 0,
      "location-before-char-end": 0,
      "node-str": "org.eclipse.ui.internal.keybindings.Identifier"
    },
    {
      "type": "delete-node",
      "node": {
        "label": "entry3",
        "type": "VariableRead"
      },
      "location-before-char-start": 7826,
      "location-before-char-end": 7831,
      "node-str": "entry3"
    },
    {
      "type": "delete-node",
      "node": {
        "label": "getKey",
        "type": "Invocation"
      },
      "location-before-char-start": 7813,
      "location-before-char-end": 7840,
      "node-str": "getKey"
    },
    {
      "type": "delete-node",
      "node": {
        "label": "plugin",
        "type": "LocalVariable"
      },
      "location-before-char-start": 7793,
      "location-before-char-end": 7841,
      "node-str": "plugin"
    },
    {
      "type": "delete-node",
      "node": {
        "label": "java.util.SortedSet",
        "type": "VARIABLE_TYPE"
      },
      "location-before-char-start": 0,
      "location-before-char-end": 0,
      "node-str": "java.util.SortedSet"
    },
    {
      "type": "delete-node",
      "node": {
        "label": "entry3",
        "type": "VariableRead"
      },
      "location-before-char-start": 7881,
      "location-before-char-end": 7886,
      "node-str": "entry3"
    },
    {
      "type": "delete-node",
      "node": {
        "label": "getValue",
        "type": "Invocation"
      },
      "location-before-char-start": 7869,
      "location-before-char-end": 7897,
      "node-str": "getValue"
    },
    {
      "type": "delete-node",
      "node": {
        "label": "actions",
        "type": "LocalVariable"
      },
      "location-before-char-start": 7849,
      "location-before-char-end": 7898,
      "node-str": "actions"
    },
    {
      "type": "delete-node",
      "node": {
        "label": "java.util.Iterator",
        "type": "VARIABLE_TYPE"
      },
      "location-before-char-start": 0,
      "location-before-char-end": 0,
      "node-str": "java.util.Iterator"
    },
    {
      "type": "delete-node",
      "node": {
        "label": "actions",
        "type": "VariableRead"
      },
      "location-before-char-start": 7926,
      "location-before-char-end": 7932,
      "node-str": "actions"
    },
    {
      "type": "delete-node",
      "node": {
        "label": "iterator",
        "type": "Invocation"
      },
      "location-before-char-start": 7926,
      "location-before-char-end": 7943,
      "node-str": "iterator"
    },
    {
      "type": "delete-node",
      "node": {
        "label": "iterator4",
        "type": "LocalVariable"
      },
      "location-before-char-start": 7905,
      "location-before-char-end": 7944,
      "node-str": "iterator4"
    },
    {
      "type": "delete-node",
      "node": {
        "label": "iterator4",
        "type": "VariableRead"
      },
      "location-before-char-start": 7964,
      "location-before-char-end": 7972,
      "node-str": "iterator4"
    },
    {
      "type": "delete-node",
      "node": {
        "label": "hasNext",
        "type": "Invocation"
      },
      "location-before-char-start": 7964,
      "location-before-char-end": 7982,
      "node-str": "hasNext"
    },
    {
      "type": "delete-node",
      "node": {
        "label": "org.eclipse.ui.internal.keybindings.Action",
        "type": "VARIABLE_TYPE"
      },
      "location-before-char-start": 0,
      "location-before-char-end": 0,
      "node-str": "org.eclipse.ui.internal.keybindings.Action"
    },
    {
      "type": "delete-node",
      "node": {
        "label": "iterator4",
        "type": "VariableRead"
      },
      "location-before-char-start": 8018,
      "location-before-char-end": 8026,
      "node-str": "iterator4"
    },
    {
      "type": "delete-node",
      "node": {
        "label": "next",
        "type": "Invocation"
      },
      "location-before-char-start": 8009,
      "location-before-char-end": 8033,
      "node-str": "next"
    },
    {
      "type": "delete-node",
      "node": {
        "label": "action",
        "type": "LocalVariable"
      },
      "location-before-char-start": 7993,
      "location-before-char-end": 8034,
      "node-str": "action"
    },
    {
      "type": "delete-node",
      "node": {
        "label": "while",
        "type": "While"
      },
      "location-before-char-start": 7957,
      "location-before-char-end": 8145,
      "node-str": "while"
    },
    {
      "type": "delete-node",
      "node": {
        "label": "while",
        "type": "While"
      },
      "location-before-char-start": 7704,
      "location-before-char-end": 8155,
      "node-str": "while"
    },
    {
      "type": "delete-node",
      "node": {
        "label": "while",
        "type": "While"
      },
      "location-before-char-start": 7454,
      "location-before-char-end": 8163,
      "node-str": "while"
    },
    {
      "type": "delete-node",
      "node": {
        "label": "while",
        "type": "While"
      },
      "location-before-char-start": 7060,
      "location-before-char-end": 8224,
      "node-str": "while"
    },
    {
      "type": "delete-node",
      "node": {
        "label": "toBindings",
        "type": "Method"
      },
      "location-before-char-start": 6917,
      "location-before-char-end": 8228,
      "node-str": "toBindings"
    },
    {
      "type": "delete-node",
      "node": {
        "label": "java.util.SortedMap",
        "type": "VARIABLE_TYPE"
      },
      "location-before-char-start": 0,
      "location-before-char-end": 0,
      "node-str": "java.util.SortedMap"
    },
    {
      "type": "delete-node",
      "node": {
        "label": "java.util.TreeMap()",
        "type": "ConstructorCall"
      },
      "location-before-char-start": 9431,
      "location-before-char-end": 9443,
      "node-str": "java.util.TreeMap()"
    },
    {
      "type": "delete-node",
      "node": {
        "label": "children",
        "type": "Field"
      },
      "location-before-char-start": 9410,
      "location-before-char-end": 9444,
      "node-str": "children"
    },
    {
      "type": "delete-node",
      "node": {
        "label": "java.util.SortedMap",
        "type": "VARIABLE_TYPE"
      },
      "location-before-char-start": 0,
      "location-before-char-end": 0,
      "node-str": "java.util.SortedMap"
    },
    {
      "type": "delete-node",
      "node": {
        "label": "java.util.TreeMap()",
        "type": "ConstructorCall"
      },
      "location-before-char-start": 9467,
      "location-before-char-end": 9479,
      "node-str": "java.util.TreeMap()"
    },
    {
      "type": "delete-node",
      "node": {
        "label": "states",
        "type": "Field"
      },
      "location-before-char-start": 9448,
      "location-before-char-end": 9480,
      "node-str": "states"
    },
    {
      "type": "delete-node",
      "node": {
        "label": "org.eclipse.ui.internal.keybindings.ActionMatch",
        "type": "VARIABLE_TYPE"
      },
      "location-before-char-start": 0,
      "location-before-char-end": 0,
      "node-str": "org.eclipse.ui.internal.keybindings.ActionMatch"
    },
    {
      "type": "delete-node",
      "node": {
        "label": "null",
        "type": "Literal"
      },
      "location-before-char-start": 9516,
      "location-before-char-end": 9519,
      "node-str": "null"
    },
    {
      "type": "delete-node",
      "node": {
        "label": "bestActionMatch",
        "type": "Field"
      },
      "location-before-char-start": 9486,
      "location-before-char-end": 9520,
      "node-str": "bestActionMatch"
    },
    {
      "type": "delete-node",
      "node": {
        "label": "org.eclipse.ui.internal.keybindings.ActionMatch",
        "type": "VARIABLE_TYPE"
      },
      "location-before-char-start": 0,
      "location-before-char-end": 0,
      "node-str": "org.eclipse.ui.internal.keybindings.ActionMatch"
    },
    {
      "type": "delete-node",
      "node": {
        "label": "null",
        "type": "Literal"
      },
      "location-before-char-start": 9558,
      "location-before-char-end": 9561,
      "node-str": "null"
    },
    {
      "type": "delete-node",
      "node": {
        "label": "bestChildActionMatch",
        "type": "Field"
      },
      "location-before-char-start": 9523,
      "location-before-char-end": 9562,
      "node-str": "bestChildActionMatch"
    }
  ],
  "before-file": {},
  "after-file": {},
  "mapping": {}
}