{
  "tool-info": {},
  "diff": [
    {
      "type": "insert-node",
      "node": {
        "label": "GlobalTxEntityMap",
        "type": "Class"
      },
      "location-after-char-start": 622,
      "location-after-char-end": 6264,
      "node-str": "GlobalTxEntityMap"
    },
    {
      "type": "insert-node",
      "node": {
        "label": "public",
        "type": "Modifier"
      },
      "location-after-char-start": 0,
      "location-after-char-end": 0,
      "node-str": "public"
    },
    {
      "type": "move-subtree",
      "node": {
        "label": "log",
        "type": "Field"
      },
      "location-before-char-start": 1383,
      "location-before-char-end": 1438,
      "location-after-char-start": 1156,
      "location-after-char-end": 1211,
      "node-str": "log"
    },
    {
      "type": "insert-node",
      "node": {
        "label": "entitySequenceListMap",
        "type": "Field"
      },
      "location-after-char-start": 1215,
      "location-after-char-end": 1309,
      "node-str": "entitySequenceListMap"
    },
    {
      "type": "insert-node",
      "node": {
        "label": "entitySetMap",
        "type": "Field"
      },
      "location-after-char-start": 1315,
      "location-after-char-end": 1404,
      "node-str": "entitySetMap"
    },
    {
      "type": "insert-node",
      "node": {
        "label": "associate",
        "type": "Method"
      },
      "location-after-char-start": 1410,
      "location-after-char-end": 2383,
      "node-str": "associate"
    },
    {
      "type": "insert-node",
      "node": {
        "label": "synchronizeEntities",
        "type": "Method"
      },
      "location-after-char-start": 2389,
      "location-after-char-end": 5574,
      "node-str": "synchronizeEntities"
    },
    {
      "type": "insert-node",
      "node": {
        "label": "GlobalTxEntityMapCleanup",
        "type": "Class"
      },
      "location-after-char-start": 5580,
      "location-after-char-end": 6262,
      "node-str": "GlobalTxEntityMapCleanup"
    },
    {
      "type": "insert-node",
      "node": {
        "label": "java.util.Map",
        "type": "VARIABLE_TYPE"
      },
      "location-after-char-start": 0,
      "location-after-char-end": 0,
      "node-str": "java.util.Map"
    },
    {
      "type": "insert-node",
      "node": {
        "label": "final",
        "type": "Modifier"
      },
      "location-after-char-start": 0,
      "location-after-char-end": 0,
      "node-str": "final"
    },
    {
      "type": "insert-node",
      "node": {
        "label": "java.util.HashMap()",
        "type": "ConstructorCall"
      },
      "location-after-char-start": 1296,
      "location-after-char-end": 1308,
      "node-str": "java.util.HashMap()"
    },
    {
      "type": "insert-node",
      "node": {
        "label": "java.util.Map",
        "type": "VARIABLE_TYPE"
      },
      "location-after-char-start": 0,
      "location-after-char-end": 0,
      "node-str": "java.util.Map"
    },
    {
      "type": "insert-node",
      "node": {
        "label": "final",
        "type": "Modifier"
      },
      "location-after-char-start": 0,
      "location-after-char-end": 0,
      "node-str": "final"
    },
    {
      "type": "insert-node",
      "node": {
        "label": "java.util.HashMap()",
        "type": "ConstructorCall"
      },
      "location-after-char-start": 1391,
      "location-after-char-end": 1403,
      "node-str": "java.util.HashMap()"
    },
    {
      "type": "insert-node",
      "node": {
        "label": "void",
        "type": "RETURN_TYPE"
      },
      "location-after-char-start": 0,
      "location-after-char-end": 0,
      "node-str": "void"
    },
    {
      "type": "insert-node",
      "node": {
        "label": "javax.transaction.RollbackException",
        "type": "THROWS"
      },
      "location-after-char-start": 0,
      "location-after-char-end": 0,
      "node-str": "javax.transaction.RollbackException"
    },
    {
      "type": "insert-node",
      "node": {
        "label": "javax.transaction.SystemException",
        "type": "THROWS"
      },
      "location-after-char-start": 0,
      "location-after-char-end": 0,
      "node-str": "javax.transaction.SystemException"
    },
    {
      "type": "insert-node",
      "node": {
        "label": "public",
        "type": "Modifier"
      },
      "location-after-char-start": 0,
      "location-after-char-end": 0,
      "node-str": "public"
    },
    {
      "type": "insert-node",
      "node": {
        "label": "synchronized",
        "type": "Modifier"
      },
      "location-after-char-start": 0,
      "location-after-char-end": 0,
      "node-str": "synchronized"
    },
    {
      "type": "insert-node",
      "node": {
        "label": "tx",
        "type": "Parameter"
      },
      "location-after-char-start": 1509,
      "location-after-char-end": 1522,
      "node-str": "tx"
    },
    {
      "type": "insert-node",
      "node": {
        "label": "entity",
        "type": "Parameter"
      },
      "location-after-char-start": 1534,
      "location-after-char-end": 1563,
      "node-str": "entity"
    },
    {
      "type": "insert-node",
      "node": {
        "label": "entitySequenceList",
        "type": "LocalVariable"
      },
      "location-after-char-start": 1625,
      "location-after-char-end": 1696,
      "node-str": "entitySequenceList"
    },
    {
      "type": "insert-node",
      "node": {
        "label": "entitySet",
        "type": "LocalVariable"
      },
      "location-after-char-start": 1771,
      "location-after-char-end": 1788,
      "node-str": "entitySet"
    },
    {
      "type": "insert-node",
      "node": {
        "label": "if",
        "type": "If"
      },
      "location-after-char-start": 1796,
      "location-after-char-end": 2177,
      "node-str": "if"
    },
    {
      "type": "move-subtree",
      "node": {
        "label": "if",
        "type": "If"
      },
      "location-before-char-start": 2373,
      "location-before-char-end": 2493,
      "location-after-char-start": 2258,
      "location-after-char-end": 2378,
      "node-str": "if"
    },
    {
      "type": "insert-node",
      "node": {
        "label": "void",
        "type": "RETURN_TYPE"
      },
      "location-after-char-start": 0,
      "location-after-char-end": 0,
      "node-str": "void"
    },
    {
      "type": "insert-node",
      "node": {
        "label": "public",
        "type": "Modifier"
      },
      "location-after-char-start": 0,
      "location-after-char-end": 0,
      "node-str": "public"
    },
    {
      "type": "insert-node",
      "node": {
        "label": "tx",
        "type": "Parameter"
      },
      "location-after-char-start": 2534,
      "location-after-char-end": 2547,
      "node-str": "tx"
    },
    {
      "type": "insert-node",
      "node": {
        "label": "entities",
        "type": "LocalVariable"
      },
      "location-after-char-start": 2742,
      "location-after-char-end": 2768,
      "node-str": "entities"
    },
    {
      "type": "insert-node",
      "node": {
        "label": "",
        "type": "Synchronized"
      },
      "location-after-char-start": 2776,
      "location-after-char-end": 2909,
      "node-str": ""
    },
    {
      "type": "move-subtree",
      "node": {
        "label": "oldCl",
        "type": "LocalVariable"
      },
      "location-before-char-start": 3109,
      "location-before-char-end": 3175,
      "location-after-char-start": 3057,
      "location-after-char-end": 3123,
      "node-str": "oldCl"
    },
    {
      "type": "insert-node",
      "node": {
        "label": "ctx",
        "type": "LocalVariable"
      },
      "location-after-char-start": 3131,
      "location-after-char-end": 3165,
      "node-str": "ctx"
    },
    {
      "type": "insert-node",
      "node": {
        "label": "",
        "type": "Try"
      },
      "location-after-char-start": 3173,
      "location-after-char-end": 5569,
      "node-str": ""
    },
    {
      "type": "insert-node",
      "node": {
        "label": "tx",
        "type": "Field"
      },
      "location-after-char-start": 5744,
      "location-after-char-end": 5766,
      "node-str": "tx"
    },
    {
      "type": "move-subtree",
      "node": {
        "label": "\u003cinit\u003e",
        "type": "Constructor"
      },
      "location-before-char-start": 5768,
      "location-before-char-end": 5939,
      "location-after-char-start": 5775,
      "location-after-char-end": 5860,
      "node-str": "\u003cinit\u003e"
    },
    {
      "type": "insert-node",
      "node": {
        "label": "beforeCompletion",
        "type": "Method"
      },
      "location-after-char-start": 5869,
      "location-after-char-end": 6177,
      "node-str": "beforeCompletion"
    },
    {
      "type": "insert-node",
      "node": {
        "label": "afterCompletion",
        "type": "Method"
      },
      "location-after-char-start": 6186,
      "location-after-char-end": 6257,
      "node-str": "afterCompletion"
    },
    {
      "type": "insert-node",
      "node": {
        "label": "javax.transaction.Transaction",
        "type": "VARIABLE_TYPE"
      },
      "location-after-char-start": 0,
      "location-after-char-end": 0,
      "node-str": "javax.transaction.Transaction"
    },
    {
      "type": "insert-node",
      "node": {
        "label": "org.jboss.ejb.EntityEnterpriseContext",
        "type": "VARIABLE_TYPE"
      },
      "location-after-char-start": 0,
      "location-after-char-end": 0,
      "node-str": "org.jboss.ejb.EntityEnterpriseContext"
    },
    {
      "type": "insert-node",
      "node": {
        "label": "java.util.ArrayList",
        "type": "VARIABLE_TYPE"
      },
      "location-after-char-start": 0,
      "location-after-char-end": 0,
      "node-str": "java.util.ArrayList"
    },
    {
      "type": "insert-node",
      "node": {
        "label": "get",
        "type": "Invocation"
      },
      "location-after-char-start": 1656,
      "location-after-char-end": 1695,
      "node-str": "get"
    },
    {
      "type": "insert-node",
      "node": {
        "label": "java.util.HashSet",
        "type": "VARIABLE_TYPE"
      },
      "location-after-char-start": 0,
      "location-after-char-end": 0,
      "node-str": "java.util.HashSet"
    },
    {
      "type": "insert-node",
      "node": {
        "label": "EQ",
        "type": "BinaryOperator"
      },
      "location-after-char-start": 1799,
      "location-after-char-end": 1824,
      "node-str": "EQ"
    },
    {
      "type": "insert-node",
      "node": {
        "label": "THEN",
        "type": "then"
      },
      "location-after-char-start": 1833,
      "location-after-char-end": 2098,
      "node-str": "THEN"
    },
    {
      "type": "insert-node",
      "node": {
        "label": "ELSE",
        "type": "else"
      },
      "location-after-char-start": 2117,
      "location-after-char-end": 2177,
      "node-str": "ELSE"
    },
    {
      "type": "insert-node",
      "node": {
        "label": "javax.transaction.Transaction",
        "type": "VARIABLE_TYPE"
      },
      "location-after-char-start": 0,
      "location-after-char-end": 0,
      "node-str": "javax.transaction.Transaction"
    },
    {
      "type": "insert-node",
      "node": {
        "label": "java.util.Collection",
        "type": "VARIABLE_TYPE"
      },
      "location-after-char-start": 0,
      "location-after-char-end": 0,
      "node-str": "java.util.Collection"
    },
    {
      "type": "insert-node",
      "node": {
        "label": "null",
        "type": "Literal"
      },
      "location-after-char-start": 2764,
      "location-after-char-end": 2767,
      "node-str": "null"
    },
    {
      "type": "insert-node",
      "node": {
        "label": "this",
        "type": "ThisAccess"
      },
      "location-after-char-start": 2789,
      "location-after-char-end": 2792,
      "node-str": "this"
    },
    {
      "type": "insert-node",
      "node": {
        "label": "\u003d",
        "type": "Assignment"
      },
      "location-after-char-start": 2812,
      "location-after-char-end": 2867,
      "node-str": "\u003d"
    },
    {
      "type": "insert-node",
      "node": {
        "label": "remove",
        "type": "Invocation"
      },
      "location-after-char-start": 2878,
      "location-after-char-end": 2901,
      "node-str": "remove"
    },
    {
      "type": "insert-node",
      "node": {
        "label": "org.jboss.ejb.EntityEnterpriseContext",
        "type": "VARIABLE_TYPE"
      },
      "location-after-char-start": 0,
      "location-after-char-end": 0,
      "node-str": "org.jboss.ejb.EntityEnterpriseContext"
    },
    {
      "type": "insert-node",
      "node": {
        "label": "null",
        "type": "Literal"
      },
      "location-after-char-start": 3161,
      "location-after-char-end": 3164,
      "node-str": "null"
    },
    {
      "type": "insert-node",
      "node": {
        "label": "",
        "type": "For"
      },
      "location-after-char-start": 3194,
      "location-after-char-end": 4373,
      "node-str": ""
    },
    {
      "type": "insert-node",
      "node": {
        "label": "",
        "type": "Catch"
      },
      "location-after-char-start": 4382,
      "location-after-char-end": 5477,
      "node-str": ""
    },
    {
      "type": "insert-node",
      "node": {
        "label": "setContextClassLoader",
        "type": "Invocation"
      },
      "location-after-char-start": 5510,
      "location-after-char-end": 5561,
      "node-str": "setContextClassLoader"
    },
    {
      "type": "insert-node",
      "node": {
        "label": "javax.transaction.Transaction",
        "type": "VARIABLE_TYPE"
      },
      "location-after-char-start": 0,
      "location-after-char-end": 0,
      "node-str": "javax.transaction.Transaction"
    },
    {
      "type": "insert-node",
      "node": {
        "label": "void",
        "type": "RETURN_TYPE"
      },
      "location-after-char-start": 0,
      "location-after-char-end": 0,
      "node-str": "void"
    },
    {
      "type": "insert-node",
      "node": {
        "label": "public",
        "type": "Modifier"
      },
      "location-after-char-start": 0,
      "location-after-char-end": 0,
      "node-str": "public"
    },
    {
      "type": "insert-node",
      "node": {
        "label": "if",
        "type": "If"
      },
      "location-after-char-start": 5917,
      "location-after-char-end": 6013,
      "node-str": "if"
    },
    {
      "type": "insert-node",
      "node": {
        "label": "synchronizeEntities",
        "type": "Invocation"
      },
      "location-after-char-start": 6146,
      "location-after-char-end": 6169,
      "node-str": "synchronizeEntities"
    },
    {
      "type": "insert-node",
      "node": {
        "label": "void",
        "type": "RETURN_TYPE"
      },
      "location-after-char-start": 0,
      "location-after-char-end": 0,
      "node-str": "void"
    },
    {
      "type": "insert-node",
      "node": {
        "label": "public",
        "type": "Modifier"
      },
      "location-after-char-start": 0,
      "location-after-char-end": 0,
      "node-str": "public"
    },
    {
      "type": "insert-node",
      "node": {
        "label": "status",
        "type": "Parameter"
      },
      "location-after-char-start": 6214,
      "location-after-char-end": 6223,
      "node-str": "status"
    },
    {
      "type": "insert-node",
      "node": {
        "label": "entitySequenceListMap",
        "type": "FieldRead"
      },
      "location-after-char-start": 1667,
      "location-after-char-end": 1687,
      "node-str": "entitySequenceListMap"
    },
    {
      "type": "insert-node",
      "node": {
        "label": "tx",
        "type": "VariableRead"
      },
      "location-after-char-start": 1693,
      "location-after-char-end": 1694,
      "node-str": "tx"
    },
    {
      "type": "insert-node",
      "node": {
        "label": "entitySequenceList",
        "type": "VariableRead"
      },
      "location-after-char-start": 1799,
      "location-after-char-end": 1816,
      "node-str": "entitySequenceList"
    },
    {
      "type": "insert-node",
      "node": {
        "label": "null",
        "type": "Literal"
      },
      "location-after-char-start": 1821,
      "location-after-char-end": 1824,
      "node-str": "null"
    },
    {
      "type": "insert-node",
      "node": {
        "label": "\u003d",
        "type": "Assignment"
      },
      "location-after-char-start": 1844,
      "location-after-char-end": 1880,
      "node-str": "\u003d"
    },
    {
      "type": "insert-node",
      "node": {
        "label": "\u003d",
        "type": "Assignment"
      },
      "location-after-char-start": 1891,
      "location-after-char-end": 1916,
      "node-str": "\u003d"
    },
    {
      "type": "insert-node",
      "node": {
        "label": "put",
        "type": "Invocation"
      },
      "location-after-char-start": 1928,
      "location-after-char-end": 1977,
      "node-str": "put"
    },
    {
      "type": "insert-node",
      "node": {
        "label": "put",
        "type": "Invocation"
      },
      "location-after-char-start": 1988,
      "location-after-char-end": 2019,
      "node-str": "put"
    },
    {
      "type": "insert-node",
      "node": {
        "label": "registerSynchronization",
        "type": "Invocation"
      },
      "location-after-char-start": 2030,
      "location-after-char-end": 2090,
      "node-str": "registerSynchronization"
    },
    {
      "type": "insert-node",
      "node": {
        "label": "\u003d",
        "type": "Assignment"
      },
      "location-after-char-start": 2128,
      "location-after-char-end": 2169,
      "node-str": "\u003d"
    },
    {
      "type": "insert-node",
      "node": {
        "label": "org.jboss.ejb.GlobalTxEntityMap",
        "type": "TypeAccess"
      },
      "location-after-char-start": 0,
      "location-after-char-end": 0,
      "node-str": "org.jboss.ejb.GlobalTxEntityMap"
    },
    {
      "type": "insert-node",
      "node": {
        "label": "entities",
        "type": "VariableWrite"
      },
      "location-after-char-start": 2812,
      "location-after-char-end": 2819,
      "node-str": "entities"
    },
    {
      "type": "insert-node",
      "node": {
        "label": "remove",
        "type": "Invocation"
      },
      "location-after-char-start": 2823,
      "location-after-char-end": 2866,
      "node-str": "remove"
    },
    {
      "type": "insert-node",
      "node": {
        "label": "entitySetMap",
        "type": "FieldRead"
      },
      "location-after-char-start": 2878,
      "location-after-char-end": 2889,
      "node-str": "entitySetMap"
    },
    {
      "type": "insert-node",
      "node": {
        "label": "tx",
        "type": "VariableRead"
      },
      "location-after-char-start": 2898,
      "location-after-char-end": 2899,
      "node-str": "tx"
    },
    {
      "type": "insert-node",
      "node": {
        "label": "iter",
        "type": "LocalVariable"
      },
      "location-after-char-start": 3198,
      "location-after-char-end": 3232,
      "node-str": "iter"
    },
    {
      "type": "insert-node",
      "node": {
        "label": "hasNext",
        "type": "Invocation"
      },
      "location-after-char-start": 3235,
      "location-after-char-end": 3248,
      "node-str": "hasNext"
    },
    {
      "type": "insert-node",
      "node": {
        "label": "if",
        "type": "If"
      },
      "location-after-char-start": 3396,
      "location-after-char-end": 3540,
      "node-str": "if"
    },
    {
      "type": "insert-node",
      "node": {
        "label": "\u003d",
        "type": "Assignment"
      },
      "location-after-char-start": 3621,
      "location-after-char-end": 3663,
      "node-str": "\u003d"
    },
    {
      "type": "insert-node",
      "node": {
        "label": "if",
        "type": "If"
      },
      "location-after-char-start": 3800,
      "location-after-char-end": 4362,
      "node-str": "if"
    },
    {
      "type": "insert-node",
      "node": {
        "label": "causeByException",
        "type": "CatchVariable"
      },
      "location-after-char-start": 4396,
      "location-after-char-end": 4421,
      "node-str": "causeByException"
    },
    {
      "type": "insert-node",
      "node": {
        "label": "",
        "type": "Try"
      },
      "location-after-char-start": 5000,
      "location-after-char-end": 5181,
      "node-str": ""
    },
    {
      "type": "insert-node",
      "node": {
        "label": "if",
        "type": "If"
      },
      "location-after-char-start": 5241,
      "location-after-char-end": 5356,
      "node-str": "if"
    },
    {
      "type": "insert-node",
      "node": {
        "label": "",
        "type": "Throw"
      },
      "location-after-char-start": 5367,
      "location-after-char-end": 5469,
      "node-str": ""
    },
    {
      "type": "insert-node",
      "node": {
        "label": "currentThread",
        "type": "Invocation"
      },
      "location-after-char-start": 5510,
      "location-after-char-end": 5531,
      "node-str": "currentThread"
    },
    {
      "type": "insert-node",
      "node": {
        "label": "oldCl",
        "type": "VariableRead"
      },
      "location-after-char-start": 5555,
      "location-after-char-end": 5559,
      "node-str": "oldCl"
    },
    {
      "type": "insert-node",
      "node": {
        "label": "isTraceEnabled",
        "type": "Invocation"
      },
      "location-after-char-start": 5920,
      "location-after-char-end": 5939,
      "node-str": "isTraceEnabled"
    },
    {
      "type": "insert-node",
      "node": {
        "label": "THEN",
        "type": "then"
      },
      "location-after-char-start": 5952,
      "location-after-char-end": 6013,
      "node-str": "THEN"
    },
    {
      "type": "insert-node",
      "node": {
        "label": "org.jboss.ejb.GlobalTxEntityMap$GlobalTxEntityMapCleanup",
        "type": "TypeAccess"
      },
      "location-after-char-start": 0,
      "location-after-char-end": 0,
      "node-str": "org.jboss.ejb.GlobalTxEntityMap$GlobalTxEntityMapCleanup"
    },
    {
      "type": "insert-node",
      "node": {
        "label": "tx",
        "type": "FieldRead"
      },
      "location-after-char-start": 6166,
      "location-after-char-end": 6167,
      "node-str": "tx"
    },
    {
      "type": "insert-node",
      "node": {
        "label": "int",
        "type": "VARIABLE_TYPE"
      },
      "location-after-char-start": 0,
      "location-after-char-end": 0,
      "node-str": "int"
    },
    {
      "type": "insert-node",
      "node": {
        "label": "org.jboss.ejb.GlobalTxEntityMap",
        "type": "TypeAccess"
      },
      "location-after-char-start": 0,
      "location-after-char-end": 0,
      "node-str": "org.jboss.ejb.GlobalTxEntityMap"
    },
    {
      "type": "insert-node",
      "node": {
        "label": "entitySequenceList",
        "type": "VariableWrite"
      },
      "location-after-char-start": 1844,
      "location-after-char-end": 1861,
      "node-str": "entitySequenceList"
    },
    {
      "type": "insert-node",
      "node": {
        "label": "java.util.ArrayList()",
        "type": "ConstructorCall"
      },
      "location-after-char-start": 1865,
      "location-after-char-end": 1879,
      "node-str": "java.util.ArrayList()"
    },
    {
      "type": "insert-node",
      "node": {
        "label": "entitySet",
        "type": "VariableWrite"
      },
      "location-after-char-start": 1891,
      "location-after-char-end": 1899,
      "node-str": "entitySet"
    },
    {
      "type": "insert-node",
      "node": {
        "label": "java.util.HashSet()",
        "type": "ConstructorCall"
      },
      "location-after-char-start": 1903,
      "location-after-char-end": 1915,
      "node-str": "java.util.HashSet()"
    },
    {
      "type": "insert-node",
      "node": {
        "label": "entitySequenceListMap",
        "type": "FieldRead"
      },
      "location-after-char-start": 1928,
      "location-after-char-end": 1948,
      "node-str": "entitySequenceListMap"
    },
    {
      "type": "insert-node",
      "node": {
        "label": "tx",
        "type": "VariableRead"
      },
      "location-after-char-start": 1954,
      "location-after-char-end": 1955,
      "node-str": "tx"
    },
    {
      "type": "insert-node",
      "node": {
        "label": "entitySequenceList",
        "type": "VariableRead"
      },
      "location-after-char-start": 1958,
      "location-after-char-end": 1975,
      "node-str": "entitySequenceList"
    },
    {
      "type": "insert-node",
      "node": {
        "label": "entitySetMap",
        "type": "FieldRead"
      },
      "location-after-char-start": 1988,
      "location-after-char-end": 1999,
      "node-str": "entitySetMap"
    },
    {
      "type": "insert-node",
      "node": {
        "label": "tx",
        "type": "VariableRead"
      },
      "location-after-char-start": 2005,
      "location-after-char-end": 2006,
      "node-str": "tx"
    },
    {
      "type": "insert-node",
      "node": {
        "label": "entitySet",
        "type": "VariableRead"
      },
      "location-after-char-start": 2009,
      "location-after-char-end": 2017,
      "node-str": "entitySet"
    },
    {
      "type": "insert-node",
      "node": {
        "label": "tx",
        "type": "VariableRead"
      },
      "location-after-char-start": 2030,
      "location-after-char-end": 2031,
      "node-str": "tx"
    },
    {
      "type": "insert-node",
      "node": {
        "label": "org.jboss.ejb.GlobalTxEntityMap$GlobalTxEntityMapCleanup(javax.transaction.Transaction)",
        "type": "ConstructorCall"
      },
      "location-after-char-start": 2057,
      "location-after-char-end": 2088,
      "node-str": "org.jboss.ejb.GlobalTxEntityMap$GlobalTxEntityMapCleanup(javax.transaction.Transaction)"
    },
    {
      "type": "insert-node",
      "node": {
        "label": "entitySet",
        "type": "VariableWrite"
      },
      "location-after-char-start": 2128,
      "location-after-char-end": 2136,
      "node-str": "entitySet"
    },
    {
      "type": "insert-node",
      "node": {
        "label": "get",
        "type": "Invocation"
      },
      "location-after-char-start": 2140,
      "location-after-char-end": 2168,
      "node-str": "get"
    },
    {
      "type": "insert-node",
      "node": {
        "label": "entitySequenceListMap",
        "type": "FieldRead"
      },
      "location-after-char-start": 2835,
      "location-after-char-end": 2855,
      "node-str": "entitySequenceListMap"
    },
    {
      "type": "insert-node",
      "node": {
        "label": "tx",
        "type": "VariableRead"
      },
      "location-after-char-start": 2864,
      "location-after-char-end": 2865,
      "node-str": "tx"
    },
    {
      "type": "insert-node",
      "node": {
        "label": "org.jboss.ejb.GlobalTxEntityMap",
        "type": "TypeAccess"
      },
      "location-after-char-start": 0,
      "location-after-char-end": 0,
      "node-str": "org.jboss.ejb.GlobalTxEntityMap"
    },
    {
      "type": "insert-node",
      "node": {
        "label": "java.util.Iterator",
        "type": "VARIABLE_TYPE"
      },
      "location-after-char-start": 0,
      "location-after-char-end": 0,
      "node-str": "java.util.Iterator"
    },
    {
      "type": "insert-node",
      "node": {
        "label": "iterator",
        "type": "Invocation"
      },
      "location-after-char-start": 3214,
      "location-after-char-end": 3232,
      "node-str": "iterator"
    },
    {
      "type": "insert-node",
      "node": {
        "label": "iter",
        "type": "VariableRead"
      },
      "location-after-char-start": 3235,
      "location-after-char-end": 3238,
      "node-str": "iter"
    },
    {
      "type": "insert-node",
      "node": {
        "label": "EQ",
        "type": "BinaryOperator"
      },
      "location-after-char-start": 3399,
      "location-after-char-end": 3445,
      "node-str": "EQ"
    },
    {
      "type": "insert-node",
      "node": {
        "label": "THEN",
        "type": "then"
      },
      "location-after-char-start": 3461,
      "location-after-char-end": 3540,
      "node-str": "THEN"
    },
    {
      "type": "insert-node",
      "node": {
        "label": "ctx",
        "type": "VariableWrite"
      },
      "location-after-char-start": 3621,
      "location-after-char-end": 3623,
      "node-str": "ctx"
    },
    {
      "type": "insert-node",
      "node": {
        "label": "next",
        "type": "Invocation"
      },
      "location-after-char-start": 3627,
      "location-after-char-end": 3662,
      "node-str": "next"
    },
    {
      "type": "insert-node",
      "node": {
        "label": "NE",
        "type": "BinaryOperator"
      },
      "location-after-char-start": 3803,
      "location-after-char-end": 3821,
      "node-str": "NE"
    },
    {
      "type": "insert-node",
      "node": {
        "label": "THEN",
        "type": "then"
      },
      "location-after-char-start": 3836,
      "location-after-char-end": 4362,
      "node-str": "THEN"
    },
    {
      "type": "insert-node",
      "node": {
        "label": "java.lang.Exception",
        "type": "VARIABLE_TYPE"
      },
      "location-after-char-start": 0,
      "location-after-char-end": 0,
      "node-str": "java.lang.Exception"
    },
    {
      "type": "insert-node",
      "node": {
        "label": "setRollbackOnly",
        "type": "Invocation"
      },
      "location-after-char-start": 5027,
      "location-after-char-end": 5047,
      "node-str": "setRollbackOnly"
    },
    {
      "type": "insert-node",
      "node": {
        "label": "",
        "type": "Catch"
      },
      "location-after-char-start": 5059,
      "location-after-char-end": 5181,
      "node-str": ""
    },
    {
      "type": "insert-node",
      "node": {
        "label": "INSTANCEOF",
        "type": "BinaryOperator"
      },
      "location-after-char-start": 5244,
      "location-after-char-end": 5283,
      "node-str": "INSTANCEOF"
    },
    {
      "type": "insert-node",
      "node": {
        "label": "THEN",
        "type": "then"
      },
      "location-after-char-start": 5295,
      "location-after-char-end": 5356,
      "node-str": "THEN"
    },
    {
      "type": "insert-node",
      "node": {
        "label": "java.lang.Object()",
        "type": "ConstructorCall"
      },
      "location-after-char-start": 5373,
      "location-after-char-end": 5468,
      "node-str": "java.lang.Object()"
    },
    {
      "type": "insert-node",
      "node": {
        "label": "java.lang.Thread",
        "type": "TypeAccess"
      },
      "location-after-char-start": 5510,
      "location-after-char-end": 5515,
      "node-str": "java.lang.Thread"
    },
    {
      "type": "insert-node",
      "node": {
        "label": "log",
        "type": "FieldRead"
      },
      "location-after-char-start": 5920,
      "location-after-char-end": 5922,
      "node-str": "log"
    },
    {
      "type": "insert-node",
      "node": {
        "label": "trace",
        "type": "Invocation"
      },
      "location-after-char-start": 5966,
      "location-after-char-end": 6002,
      "node-str": "trace"
    },
    {
      "type": "insert-node",
      "node": {
        "label": "org.jboss.ejb.GlobalTxEntityMap$GlobalTxEntityMapCleanup",
        "type": "TypeAccess"
      },
      "location-after-char-start": 0,
      "location-after-char-end": 0,
      "node-str": "org.jboss.ejb.GlobalTxEntityMap$GlobalTxEntityMapCleanup"
    },
    {
      "type": "insert-node",
      "node": {
        "label": "org.jboss.ejb.GlobalTxEntityMap",
        "type": "TypeAccess"
      },
      "location-after-char-start": 0,
      "location-after-char-end": 0,
      "node-str": "org.jboss.ejb.GlobalTxEntityMap"
    },
    {
      "type": "insert-node",
      "node": {
        "label": "org.jboss.ejb.GlobalTxEntityMap",
        "type": "TypeAccess"
      },
      "location-after-char-start": 0,
      "location-after-char-end": 0,
      "node-str": "org.jboss.ejb.GlobalTxEntityMap"
    },
    {
      "type": "insert-node",
      "node": {
        "label": "tx",
        "type": "VariableRead"
      },
      "location-after-char-start": 2086,
      "location-after-char-end": 2087,
      "node-str": "tx"
    },
    {
      "type": "insert-node",
      "node": {
        "label": "entitySetMap",
        "type": "FieldRead"
      },
      "location-after-char-start": 2149,
      "location-after-char-end": 2160,
      "node-str": "entitySetMap"
    },
    {
      "type": "insert-node",
      "node": {
        "label": "tx",
        "type": "VariableRead"
      },
      "location-after-char-start": 2166,
      "location-after-char-end": 2167,
      "node-str": "tx"
    },
    {
      "type": "insert-node",
      "node": {
        "label": "org.jboss.ejb.GlobalTxEntityMap",
        "type": "TypeAccess"
      },
      "location-after-char-start": 0,
      "location-after-char-end": 0,
      "node-str": "org.jboss.ejb.GlobalTxEntityMap"
    },
    {
      "type": "insert-node",
      "node": {
        "label": "entities",
        "type": "VariableRead"
      },
      "location-after-char-start": 3214,
      "location-after-char-end": 3221,
      "node-str": "entities"
    },
    {
      "type": "insert-node",
      "node": {
        "label": "getStatus",
        "type": "Invocation"
      },
      "location-after-char-start": 3399,
      "location-after-char-end": 3412,
      "node-str": "getStatus"
    },
    {
      "type": "insert-node",
      "node": {
        "label": "STATUS_MARKED_ROLLBACK",
        "type": "FieldRead"
      },
      "location-after-char-start": 3417,
      "location-after-char-end": 3445,
      "node-str": "STATUS_MARKED_ROLLBACK"
    },
    {
      "type": "insert-node",
      "node": {
        "label": "return",
        "type": "Return"
      },
      "location-after-char-start": 3520,
      "location-after-char-end": 3526,
      "node-str": "return"
    },
    {
      "type": "insert-node",
      "node": {
        "label": "iter",
        "type": "VariableRead"
      },
      "location-after-char-start": 3652,
      "location-after-char-end": 3655,
      "node-str": "iter"
    },
    {
      "type": "insert-node",
      "node": {
        "label": "getId",
        "type": "Invocation"
      },
      "location-after-char-start": 3803,
      "location-after-char-end": 3813,
      "node-str": "getId"
    },
    {
      "type": "insert-node",
      "node": {
        "label": "null",
        "type": "Literal"
      },
      "location-after-char-start": 3818,
      "location-after-char-end": 3821,
      "node-str": "null"
    },
    {
      "type": "insert-node",
      "node": {
        "label": "container",
        "type": "LocalVariable"
      },
      "location-after-char-start": 3853,
      "location-after-char-end": 3916,
      "node-str": "container"
    },
    {
      "type": "insert-node",
      "node": {
        "label": "setContextClassLoader",
        "type": "Invocation"
      },
      "location-after-char-start": 4013,
      "location-after-char-end": 4107,
      "node-str": "setContextClassLoader"
    },
    {
      "type": "insert-node",
      "node": {
        "label": "if",
        "type": "If"
      },
      "location-after-char-start": 4152,
      "location-after-char-end": 4281,
      "node-str": "if"
    },
    {
      "type": "insert-node",
      "node": {
        "label": "storeEntity",
        "type": "Invocation"
      },
      "location-after-char-start": 4298,
      "location-after-char-end": 4348,
      "node-str": "storeEntity"
    },
    {
      "type": "insert-node",
      "node": {
        "label": "tx",
        "type": "VariableRead"
      },
      "location-after-char-start": 5027,
      "location-after-char-end": 5028,
      "node-str": "tx"
    },
    {
      "type": "insert-node",
      "node": {
        "label": "e",
        "type": "CatchVariable"
      },
      "location-after-char-start": 5075,
      "location-after-char-end": 5085,
      "node-str": "e"
    },
    {
      "type": "insert-node",
      "node": {
        "label": "warn",
        "type": "Invocation"
      },
      "location-after-char-start": 5111,
      "location-after-char-end": 5170,
      "node-str": "warn"
    },
    {
      "type": "insert-node",
      "node": {
        "label": "causeByException",
        "type": "VariableRead"
      },
      "location-after-char-start": 5244,
      "location-after-char-end": 5259,
      "node-str": "causeByException"
    },
    {
      "type": "insert-node",
      "node": {
        "label": "javax.ejb.EJBException",
        "type": "TypeAccess"
      },
      "location-after-char-start": 5272,
      "location-after-char-end": 5283,
      "node-str": "javax.ejb.EJBException"
    },
    {
      "type": "insert-node",
      "node": {
        "label": "",
        "type": "Throw"
      },
      "location-after-char-start": 5309,
      "location-after-char-end": 5345,
      "node-str": ""
    },
    {
      "type": "insert-node",
      "node": {
        "label": "PLUS",
        "type": "BinaryOperator"
      },
      "location-after-char-start": 5390,
      "location-after-char-end": 5449,
      "node-str": "PLUS"
    },
    {
      "type": "insert-node",
      "node": {
        "label": "causeByException",
        "type": "VariableRead"
      },
      "location-after-char-start": 5452,
      "location-after-char-end": 5467,
      "node-str": "causeByException"
    },
    {
      "type": "insert-node",
      "node": {
        "label": "org.jboss.ejb.GlobalTxEntityMap",
        "type": "TypeAccess"
      },
      "location-after-char-start": 0,
      "location-after-char-end": 0,
      "node-str": "org.jboss.ejb.GlobalTxEntityMap"
    },
    {
      "type": "insert-node",
      "node": {
        "label": "log",
        "type": "FieldRead"
      },
      "location-after-char-start": 5966,
      "location-after-char-end": 5968,
      "node-str": "log"
    },
    {
      "type": "insert-node",
      "node": {
        "label": "\"beforeCompletion called\"",
        "type": "Literal"
      },
      "location-after-char-start": 5976,
      "location-after-char-end": 6000,
      "node-str": "\"beforeCompletion called\""
    },
    {
      "type": "insert-node",
      "node": {
        "label": "org.jboss.ejb.GlobalTxEntityMap",
        "type": "TypeAccess"
      },
      "location-after-char-start": 0,
      "location-after-char-end": 0,
      "node-str": "org.jboss.ejb.GlobalTxEntityMap"
    },
    {
      "type": "insert-node",
      "node": {
        "label": "tx",
        "type": "VariableRead"
      },
      "location-after-char-start": 3399,
      "location-after-char-end": 3400,
      "node-str": "tx"
    },
    {
      "type": "insert-node",
      "node": {
        "label": "javax.transaction.Status",
        "type": "TypeAccess"
      },
      "location-after-char-start": 0,
      "location-after-char-end": 0,
      "node-str": "javax.transaction.Status"
    },
    {
      "type": "insert-node",
      "node": {
        "label": "ctx",
        "type": "VariableRead"
      },
      "location-after-char-start": 3803,
      "location-after-char-end": 3805,
      "node-str": "ctx"
    },
    {
      "type": "insert-node",
      "node": {
        "label": "org.jboss.ejb.EntityContainer",
        "type": "VARIABLE_TYPE"
      },
      "location-after-char-start": 0,
      "location-after-char-end": 0,
      "node-str": "org.jboss.ejb.EntityContainer"
    },
    {
      "type": "insert-node",
      "node": {
        "label": "getContainer",
        "type": "Invocation"
      },
      "location-after-char-start": 3881,
      "location-after-char-end": 3915,
      "node-str": "getContainer"
    },
    {
      "type": "insert-node",
      "node": {
        "label": "currentThread",
        "type": "Invocation"
      },
      "location-after-char-start": 4013,
      "location-after-char-end": 4034,
      "node-str": "currentThread"
    },
    {
      "type": "insert-node",
      "node": {
        "label": "getClassLoader",
        "type": "Invocation"
      },
      "location-after-char-start": 4080,
      "location-after-char-end": 4105,
      "node-str": "getClassLoader"
    },
    {
      "type": "insert-node",
      "node": {
        "label": "isTraceEnabled",
        "type": "Invocation"
      },
      "location-after-char-start": 4155,
      "location-after-char-end": 4174,
      "node-str": "isTraceEnabled"
    },
    {
      "type": "insert-node",
      "node": {
        "label": "THEN",
        "type": "then"
      },
      "location-after-char-start": 4192,
      "location-after-char-end": 4281,
      "node-str": "THEN"
    },
    {
      "type": "insert-node",
      "node": {
        "label": "getPersistenceManager",
        "type": "Invocation"
      },
      "location-after-char-start": 4298,
      "location-after-char-end": 4330,
      "node-str": "getPersistenceManager"
    },
    {
      "type": "insert-node",
      "node": {
        "label": "ctx",
        "type": "VariableRead"
      },
      "location-after-char-start": 4344,
      "location-after-char-end": 4346,
      "node-str": "ctx"
    },
    {
      "type": "insert-node",
      "node": {
        "label": "java.lang.Exception",
        "type": "VARIABLE_TYPE"
      },
      "location-after-char-start": 0,
      "location-after-char-end": 0,
      "node-str": "java.lang.Exception"
    },
    {
      "type": "insert-node",
      "node": {
        "label": "log",
        "type": "FieldRead"
      },
      "location-after-char-start": 5111,
      "location-after-char-end": 5113,
      "node-str": "log"
    },
    {
      "type": "insert-node",
      "node": {
        "label": "PLUS",
        "type": "BinaryOperator"
      },
      "location-after-char-start": 5120,
      "location-after-char-end": 5165,
      "node-str": "PLUS"
    },
    {
      "type": "insert-node",
      "node": {
        "label": "e",
        "type": "VariableRead"
      },
      "location-after-char-start": 5168,
      "location-after-char-end": 5168,
      "node-str": "e"
    },
    {
      "type": "insert-node",
      "node": {
        "label": "causeByException",
        "type": "VariableRead"
      },
      "location-after-char-start": 5315,
      "location-after-char-end": 5344,
      "node-str": "causeByException"
    },
    {
      "type": "insert-node",
      "node": {
        "label": "\"Exception in store of entity:\"",
        "type": "Literal"
      },
      "location-after-char-start": 5390,
      "location-after-char-end": 5420,
      "node-str": "\"Exception in store of entity:\""
    },
    {
      "type": "insert-node",
      "node": {
        "label": "getId",
        "type": "Invocation"
      },
      "location-after-char-start": 5439,
      "location-after-char-end": 5449,
      "node-str": "getId"
    },
    {
      "type": "insert-node",
      "node": {
        "label": "org.jboss.ejb.GlobalTxEntityMap",
        "type": "TypeAccess"
      },
      "location-after-char-start": 0,
      "location-after-char-end": 0,
      "node-str": "org.jboss.ejb.GlobalTxEntityMap"
    },
    {
      "type": "insert-node",
      "node": {
        "label": "ctx",
        "type": "VariableRead"
      },
      "location-after-char-start": 3898,
      "location-after-char-end": 3900,
      "node-str": "ctx"
    },
    {
      "type": "insert-node",
      "node": {
        "label": "java.lang.Thread",
        "type": "TypeAccess"
      },
      "location-after-char-start": 4013,
      "location-after-char-end": 4018,
      "node-str": "java.lang.Thread"
    },
    {
      "type": "insert-node",
      "node": {
        "label": "container",
        "type": "VariableRead"
      },
      "location-after-char-start": 4080,
      "location-after-char-end": 4088,
      "node-str": "container"
    },
    {
      "type": "insert-node",
      "node": {
        "label": "log",
        "type": "FieldRead"
      },
      "location-after-char-start": 4155,
      "location-after-char-end": 4157,
      "node-str": "log"
    },
    {
      "type": "insert-node",
      "node": {
        "label": "trace",
        "type": "Invocation"
      },
      "location-after-char-start": 4212,
      "location-after-char-end": 4264,
      "node-str": "trace"
    },
    {
      "type": "insert-node",
      "node": {
        "label": "container",
        "type": "VariableRead"
      },
      "location-after-char-start": 4298,
      "location-after-char-end": 4306,
      "node-str": "container"
    },
    {
      "type": "insert-node",
      "node": {
        "label": "org.jboss.ejb.GlobalTxEntityMap",
        "type": "TypeAccess"
      },
      "location-after-char-start": 0,
      "location-after-char-end": 0,
      "node-str": "org.jboss.ejb.GlobalTxEntityMap"
    },
    {
      "type": "insert-node",
      "node": {
        "label": "\"Exception while trying to rollback tx: \"",
        "type": "Literal"
      },
      "location-after-char-start": 5120,
      "location-after-char-end": 5160,
      "node-str": "\"Exception while trying to rollback tx: \""
    },
    {
      "type": "insert-node",
      "node": {
        "label": "tx",
        "type": "VariableRead"
      },
      "location-after-char-start": 5164,
      "location-after-char-end": 5165,
      "node-str": "tx"
    },
    {
      "type": "insert-node",
      "node": {
        "label": "ctx",
        "type": "VariableRead"
      },
      "location-after-char-start": 5439,
      "location-after-char-end": 5441,
      "node-str": "ctx"
    },
    {
      "type": "insert-node",
      "node": {
        "label": "org.jboss.ejb.GlobalTxEntityMap",
        "type": "TypeAccess"
      },
      "location-after-char-start": 0,
      "location-after-char-end": 0,
      "node-str": "org.jboss.ejb.GlobalTxEntityMap"
    },
    {
      "type": "insert-node",
      "node": {
        "label": "log",
        "type": "FieldRead"
      },
      "location-after-char-start": 4212,
      "location-after-char-end": 4214,
      "node-str": "log"
    },
    {
      "type": "insert-node",
      "node": {
        "label": "PLUS",
        "type": "BinaryOperator"
      },
      "location-after-char-start": 4222,
      "location-after-char-end": 4262,
      "node-str": "PLUS"
    },
    {
      "type": "insert-node",
      "node": {
        "label": "org.jboss.ejb.GlobalTxEntityMap",
        "type": "TypeAccess"
      },
      "location-after-char-start": 0,
      "location-after-char-end": 0,
      "node-str": "org.jboss.ejb.GlobalTxEntityMap"
    },
    {
      "type": "insert-node",
      "node": {
        "label": "\"Synchronizing entity: id\u003d\"",
        "type": "Literal"
      },
      "location-after-char-start": 4222,
      "location-after-char-end": 4248,
      "node-str": "\"Synchronizing entity: id\u003d\""
    },
    {
      "type": "insert-node",
      "node": {
        "label": "getId",
        "type": "Invocation"
      },
      "location-after-char-start": 4252,
      "location-after-char-end": 4262,
      "node-str": "getId"
    },
    {
      "type": "insert-node",
      "node": {
        "label": "ctx",
        "type": "VariableRead"
      },
      "location-after-char-start": 4252,
      "location-after-char-end": 4254,
      "node-str": "ctx"
    },
    {
      "type": "delete-node",
      "node": {
        "label": "org.jboss.ejb.GlobalTxEntityMap",
        "type": "VARIABLE_TYPE"
      },
      "location-before-char-start": 0,
      "location-before-char-end": 0,
      "node-str": "org.jboss.ejb.GlobalTxEntityMap"
    },
    {
      "type": "delete-node",
      "node": {
        "label": "map",
        "type": "Parameter"
      },
      "location-before-char-start": 5800,
      "location-before-char-end": 5820,
      "node-str": "map"
    },
    {
      "type": "delete-node",
      "node": {
        "label": "org.jboss.ejb.GlobalTxEntityMap$GlobalTxEntityMapCleanup",
        "type": "TypeAccess"
      },
      "location-before-char-start": 0,
      "location-before-char-end": 0,
      "node-str": "org.jboss.ejb.GlobalTxEntityMap$GlobalTxEntityMapCleanup"
    },
    {
      "type": "delete-node",
      "node": {
        "label": "this",
        "type": "ThisAccess"
      },
      "location-before-char-start": 5894,
      "location-before-char-end": 5897,
      "node-str": "this"
    },
    {
      "type": "delete-node",
      "node": {
        "label": "map",
        "type": "FieldWrite"
      },
      "location-before-char-start": 5894,
      "location-before-char-end": 5901,
      "node-str": "map"
    },
    {
      "type": "delete-node",
      "node": {
        "label": "map",
        "type": "VariableRead"
      },
      "location-before-char-start": 5905,
      "location-before-char-end": 5907,
      "node-str": "map"
    },
    {
      "type": "delete-node",
      "node": {
        "label": "\u003d",
        "type": "Assignment"
      },
      "location-before-char-start": 5894,
      "location-before-char-end": 5908,
      "node-str": "\u003d"
    },
    {
      "type": "delete-node",
      "node": {
        "label": "public",
        "type": "Modifier"
      },
      "location-before-char-start": 0,
      "location-before-char-end": 0,
      "node-str": "public"
    },
    {
      "type": "delete-node",
      "node": {
        "label": "java.util.Map",
        "type": "VARIABLE_TYPE"
      },
      "location-before-char-start": 0,
      "location-before-char-end": 0,
      "node-str": "java.util.Map"
    },
    {
      "type": "delete-node",
      "node": {
        "label": "final",
        "type": "Modifier"
      },
      "location-before-char-start": 0,
      "location-before-char-end": 0,
      "node-str": "final"
    },
    {
      "type": "delete-node",
      "node": {
        "label": "protected",
        "type": "Modifier"
      },
      "location-before-char-start": 0,
      "location-before-char-end": 0,
      "node-str": "protected"
    },
    {
      "type": "delete-node",
      "node": {
        "label": "java.util.HashMap()",
        "type": "ConstructorCall"
      },
      "location-before-char-start": 1489,
      "location-before-char-end": 1501,
      "node-str": "java.util.HashMap()"
    },
    {
      "type": "delete-node",
      "node": {
        "label": "mEntitySequenceListMap",
        "type": "Field"
      },
      "location-before-char-start": 1444,
      "location-before-char-end": 1502,
      "node-str": "mEntitySequenceListMap"
    },
    {
      "type": "delete-node",
      "node": {
        "label": "java.util.Map",
        "type": "VARIABLE_TYPE"
      },
      "location-before-char-start": 0,
      "location-before-char-end": 0,
      "node-str": "java.util.Map"
    },
    {
      "type": "delete-node",
      "node": {
        "label": "final",
        "type": "Modifier"
      },
      "location-before-char-start": 0,
      "location-before-char-end": 0,
      "node-str": "final"
    },
    {
      "type": "delete-node",
      "node": {
        "label": "protected",
        "type": "Modifier"
      },
      "location-before-char-start": 0,
      "location-before-char-end": 0,
      "node-str": "protected"
    },
    {
      "type": "delete-node",
      "node": {
        "label": "java.util.HashMap()",
        "type": "ConstructorCall"
      },
      "location-before-char-start": 1579,
      "location-before-char-end": 1591,
      "node-str": "java.util.HashMap()"
    },
    {
      "type": "delete-node",
      "node": {
        "label": "mEntitySetMap",
        "type": "Field"
      },
      "location-before-char-start": 1543,
      "location-before-char-end": 1592,
      "node-str": "mEntitySetMap"
    },
    {
      "type": "delete-node",
      "node": {
        "label": "void",
        "type": "RETURN_TYPE"
      },
      "location-before-char-start": 0,
      "location-before-char-end": 0,
      "node-str": "void"
    },
    {
      "type": "delete-node",
      "node": {
        "label": "javax.transaction.RollbackException",
        "type": "THROWS"
      },
      "location-before-char-start": 0,
      "location-before-char-end": 0,
      "node-str": "javax.transaction.RollbackException"
    },
    {
      "type": "delete-node",
      "node": {
        "label": "javax.transaction.SystemException",
        "type": "THROWS"
      },
      "location-before-char-start": 0,
      "location-before-char-end": 0,
      "node-str": "javax.transaction.SystemException"
    },
    {
      "type": "delete-node",
      "node": {
        "label": "public",
        "type": "Modifier"
      },
      "location-before-char-start": 0,
      "location-before-char-end": 0,
      "node-str": "public"
    },
    {
      "type": "delete-node",
      "node": {
        "label": "synchronized",
        "type": "Modifier"
      },
      "location-before-char-start": 0,
      "location-before-char-end": 0,
      "node-str": "synchronized"
    },
    {
      "type": "delete-node",
      "node": {
        "label": "javax.transaction.Transaction",
        "type": "VARIABLE_TYPE"
      },
      "location-before-char-start": 0,
      "location-before-char-end": 0,
      "node-str": "javax.transaction.Transaction"
    },
    {
      "type": "delete-node",
      "node": {
        "label": "tx",
        "type": "Parameter"
      },
      "location-before-char-start": 1731,
      "location-before-char-end": 1744,
      "node-str": "tx"
    },
    {
      "type": "delete-node",
      "node": {
        "label": "org.jboss.ejb.EntityEnterpriseContext",
        "type": "VARIABLE_TYPE"
      },
      "location-before-char-start": 0,
      "location-before-char-end": 0,
      "node-str": "org.jboss.ejb.EntityEnterpriseContext"
    },
    {
      "type": "delete-node",
      "node": {
        "label": "entity",
        "type": "Parameter"
      },
      "location-before-char-start": 1785,
      "location-before-char-end": 1814,
      "node-str": "entity"
    },
    {
      "type": "delete-node",
      "node": {
        "label": "java.util.ArrayList",
        "type": "VARIABLE_TYPE"
      },
      "location-before-char-start": 0,
      "location-before-char-end": 0,
      "node-str": "java.util.ArrayList"
    },
    {
      "type": "delete-node",
      "node": {
        "label": "org.jboss.ejb.GlobalTxEntityMap",
        "type": "TypeAccess"
      },
      "location-before-char-start": 0,
      "location-before-char-end": 0,
      "node-str": "org.jboss.ejb.GlobalTxEntityMap"
    },
    {
      "type": "delete-node",
      "node": {
        "label": "mEntitySequenceListMap",
        "type": "FieldRead"
      },
      "location-before-char-start": 1918,
      "location-before-char-end": 1939,
      "node-str": "mEntitySequenceListMap"
    },
    {
      "type": "delete-node",
      "node": {
        "label": "tx",
        "type": "VariableRead"
      },
      "location-before-char-start": 1945,
      "location-before-char-end": 1946,
      "node-str": "tx"
    },
    {
      "type": "delete-node",
      "node": {
        "label": "get",
        "type": "Invocation"
      },
      "location-before-char-start": 1907,
      "location-before-char-end": 1947,
      "node-str": "get"
    },
    {
      "type": "delete-node",
      "node": {
        "label": "entitySequenceList",
        "type": "LocalVariable"
      },
      "location-before-char-start": 1876,
      "location-before-char-end": 1948,
      "node-str": "entitySequenceList"
    },
    {
      "type": "delete-node",
      "node": {
        "label": "java.util.HashSet",
        "type": "VARIABLE_TYPE"
      },
      "location-before-char-start": 0,
      "location-before-char-end": 0,
      "node-str": "java.util.HashSet"
    },
    {
      "type": "delete-node",
      "node": {
        "label": "entitySet",
        "type": "LocalVariable"
      },
      "location-before-char-start": 1956,
      "location-before-char-end": 1973,
      "node-str": "entitySet"
    },
    {
      "type": "delete-node",
      "node": {
        "label": "entitySequenceList",
        "type": "VariableRead"
      },
      "location-before-char-start": 1985,
      "location-before-char-end": 2002,
      "node-str": "entitySequenceList"
    },
    {
      "type": "delete-node",
      "node": {
        "label": "null",
        "type": "Literal"
      },
      "location-before-char-start": 2007,
      "location-before-char-end": 2010,
      "node-str": "null"
    },
    {
      "type": "delete-node",
      "node": {
        "label": "EQ",
        "type": "BinaryOperator"
      },
      "location-before-char-start": 1985,
      "location-before-char-end": 2010,
      "node-str": "EQ"
    },
    {
      "type": "delete-node",
      "node": {
        "label": "entitySequenceList",
        "type": "VariableWrite"
      },
      "location-before-char-start": 2030,
      "location-before-char-end": 2047,
      "node-str": "entitySequenceList"
    },
    {
      "type": "delete-node",
      "node": {
        "label": "java.util.ArrayList()",
        "type": "ConstructorCall"
      },
      "location-before-char-start": 2051,
      "location-before-char-end": 2065,
      "node-str": "java.util.ArrayList()"
    },
    {
      "type": "delete-node",
      "node": {
        "label": "\u003d",
        "type": "Assignment"
      },
      "location-before-char-start": 2030,
      "location-before-char-end": 2066,
      "node-str": "\u003d"
    },
    {
      "type": "delete-node",
      "node": {
        "label": "entitySet",
        "type": "VariableWrite"
      },
      "location-before-char-start": 2077,
      "location-before-char-end": 2085,
      "node-str": "entitySet"
    },
    {
      "type": "delete-node",
      "node": {
        "label": "java.util.HashSet()",
        "type": "ConstructorCall"
      },
      "location-before-char-start": 2089,
      "location-before-char-end": 2101,
      "node-str": "java.util.HashSet()"
    },
    {
      "type": "delete-node",
      "node": {
        "label": "\u003d",
        "type": "Assignment"
      },
      "location-before-char-start": 2077,
      "location-before-char-end": 2102,
      "node-str": "\u003d"
    },
    {
      "type": "delete-node",
      "node": {
        "label": "org.jboss.ejb.GlobalTxEntityMap",
        "type": "TypeAccess"
      },
      "location-before-char-start": 0,
      "location-before-char-end": 0,
      "node-str": "org.jboss.ejb.GlobalTxEntityMap"
    },
    {
      "type": "delete-node",
      "node": {
        "label": "mEntitySequenceListMap",
        "type": "FieldRead"
      },
      "location-before-char-start": 2123,
      "location-before-char-end": 2144,
      "node-str": "mEntitySequenceListMap"
    },
    {
      "type": "delete-node",
      "node": {
        "label": "tx",
        "type": "VariableRead"
      },
      "location-before-char-start": 2150,
      "location-before-char-end": 2151,
      "node-str": "tx"
    },
    {
      "type": "delete-node",
      "node": {
        "label": "entitySequenceList",
        "type": "VariableRead"
      },
      "location-before-char-start": 2154,
      "location-before-char-end": 2171,
      "node-str": "entitySequenceList"
    },
    {
      "type": "delete-node",
      "node": {
        "label": "put",
        "type": "Invocation"
      },
      "location-before-char-start": 2123,
      "location-before-char-end": 2173,
      "node-str": "put"
    },
    {
      "type": "delete-node",
      "node": {
        "label": "org.jboss.ejb.GlobalTxEntityMap",
        "type": "TypeAccess"
      },
      "location-before-char-start": 0,
      "location-before-char-end": 0,
      "node-str": "org.jboss.ejb.GlobalTxEntityMap"
    },
    {
      "type": "delete-node",
      "node": {
        "label": "mEntitySetMap",
        "type": "FieldRead"
      },
      "location-before-char-start": 2184,
      "location-before-char-end": 2196,
      "node-str": "mEntitySetMap"
    },
    {
      "type": "delete-node",
      "node": {
        "label": "tx",
        "type": "VariableRead"
      },
      "location-before-char-start": 2202,
      "location-before-char-end": 2203,
      "node-str": "tx"
    },
    {
      "type": "delete-node",
      "node": {
        "label": "entitySet",
        "type": "VariableRead"
      },
      "location-before-char-start": 2206,
      "location-before-char-end": 2214,
      "node-str": "entitySet"
    },
    {
      "type": "delete-node",
      "node": {
        "label": "put",
        "type": "Invocation"
      },
      "location-before-char-start": 2184,
      "location-before-char-end": 2216,
      "node-str": "put"
    },
    {
      "type": "delete-node",
      "node": {
        "label": "tx",
        "type": "VariableRead"
      },
      "location-before-char-start": 2227,
      "location-before-char-end": 2228,
      "node-str": "tx"
    },
    {
      "type": "delete-node",
      "node": {
        "label": "org.jboss.ejb.GlobalTxEntityMap",
        "type": "TypeAccess"
      },
      "location-before-char-start": 0,
      "location-before-char-end": 0,
      "node-str": "org.jboss.ejb.GlobalTxEntityMap"
    },
    {
      "type": "delete-node",
      "node": {
        "label": "this",
        "type": "ThisAccess"
      },
      "location-before-char-start": 2283,
      "location-before-char-end": 2286,
      "node-str": "this"
    },
    {
      "type": "delete-node",
      "node": {
        "label": "tx",
        "type": "VariableRead"
      },
      "location-before-char-start": 2289,
      "location-before-char-end": 2290,
      "node-str": "tx"
    },
    {
      "type": "delete-node",
      "node": {
        "label": "org.jboss.ejb.GlobalTxEntityMap$GlobalTxEntityMapCleanup(org.jboss.ejb.GlobalTxEntityMap,javax.transaction.Transaction)",
        "type": "ConstructorCall"
      },
      "location-before-char-start": 2254,
      "location-before-char-end": 2291,
      "node-str": "org.jboss.ejb.GlobalTxEntityMap$GlobalTxEntityMapCleanup(org.jboss.ejb.GlobalTxEntityMap,javax.transaction.Transaction)"
    },
    {
      "type": "delete-node",
      "node": {
        "label": "registerSynchronization",
        "type": "Invocation"
      },
      "location-before-char-start": 2227,
      "location-before-char-end": 2293,
      "node-str": "registerSynchronization"
    },
    {
      "type": "delete-node",
      "node": {
        "label": "THEN",
        "type": "then"
      },
      "location-before-char-start": 2019,
      "location-before-char-end": 2301,
      "node-str": "THEN"
    },
    {
      "type": "delete-node",
      "node": {
        "label": "entitySet",
        "type": "VariableWrite"
      },
      "location-before-char-start": 2323,
      "location-before-char-end": 2331,
      "node-str": "entitySet"
    },
    {
      "type": "delete-node",
      "node": {
        "label": "org.jboss.ejb.GlobalTxEntityMap",
        "type": "TypeAccess"
      },
      "location-before-char-start": 0,
      "location-before-char-end": 0,
      "node-str": "org.jboss.ejb.GlobalTxEntityMap"
    },
    {
      "type": "delete-node",
      "node": {
        "label": "mEntitySetMap",
        "type": "FieldRead"
      },
      "location-before-char-start": 2344,
      "location-before-char-end": 2356,
      "node-str": "mEntitySetMap"
    },
    {
      "type": "delete-node",
      "node": {
        "label": "tx",
        "type": "VariableRead"
      },
      "location-before-char-start": 2362,
      "location-before-char-end": 2363,
      "node-str": "tx"
    },
    {
      "type": "delete-node",
      "node": {
        "label": "get",
        "type": "Invocation"
      },
      "location-before-char-start": 2335,
      "location-before-char-end": 2364,
      "node-str": "get"
    },
    {
      "type": "delete-node",
      "node": {
        "label": "\u003d",
        "type": "Assignment"
      },
      "location-before-char-start": 2323,
      "location-before-char-end": 2365,
      "node-str": "\u003d"
    },
    {
      "type": "delete-node",
      "node": {
        "label": "ELSE",
        "type": "else"
      },
      "location-before-char-start": 2323,
      "location-before-char-end": 2365,
      "node-str": "ELSE"
    },
    {
      "type": "delete-node",
      "node": {
        "label": "if",
        "type": "If"
      },
      "location-before-char-start": 1981,
      "location-before-char-end": 2365,
      "node-str": "if"
    },
    {
      "type": "delete-node",
      "node": {
        "label": "associate",
        "type": "Method"
      },
      "location-before-char-start": 1642,
      "location-before-char-end": 2498,
      "node-str": "associate"
    },
    {
      "type": "delete-node",
      "node": {
        "label": "void",
        "type": "RETURN_TYPE"
      },
      "location-before-char-start": 0,
      "location-before-char-end": 0,
      "node-str": "void"
    },
    {
      "type": "delete-node",
      "node": {
        "label": "javax.transaction.TransactionRolledbackException",
        "type": "THROWS"
      },
      "location-before-char-start": 0,
      "location-before-char-end": 0,
      "node-str": "javax.transaction.TransactionRolledbackException"
    },
    {
      "type": "delete-node",
      "node": {
        "label": "public",
        "type": "Modifier"
      },
      "location-before-char-start": 0,
      "location-before-char-end": 0,
      "node-str": "public"
    },
    {
      "type": "delete-node",
      "node": {
        "label": "javax.transaction.Transaction",
        "type": "VARIABLE_TYPE"
      },
      "location-before-char-start": 0,
      "location-before-char-end": 0,
      "node-str": "javax.transaction.Transaction"
    },
    {
      "type": "delete-node",
      "node": {
        "label": "tx",
        "type": "Parameter"
      },
      "location-before-char-start": 2642,
      "location-before-char-end": 2655,
      "node-str": "tx"
    },
    {
      "type": "delete-node",
      "node": {
        "label": "java.util.Collection",
        "type": "VARIABLE_TYPE"
      },
      "location-before-char-start": 0,
      "location-before-char-end": 0,
      "node-str": "java.util.Collection"
    },
    {
      "type": "delete-node",
      "node": {
        "label": "null",
        "type": "Literal"
      },
      "location-before-char-start": 2736,
      "location-before-char-end": 2739,
      "node-str": "null"
    },
    {
      "type": "delete-node",
      "node": {
        "label": "entities",
        "type": "LocalVariable"
      },
      "location-before-char-start": 2714,
      "location-before-char-end": 2740,
      "node-str": "entities"
    },
    {
      "type": "delete-node",
      "node": {
        "label": "org.jboss.ejb.GlobalTxEntityMap",
        "type": "TypeAccess"
      },
      "location-before-char-start": 0,
      "location-before-char-end": 0,
      "node-str": "org.jboss.ejb.GlobalTxEntityMap"
    },
    {
      "type": "delete-node",
      "node": {
        "label": "this",
        "type": "ThisAccess"
      },
      "location-before-char-start": 2762,
      "location-before-char-end": 2765,
      "node-str": "this"
    },
    {
      "type": "delete-node",
      "node": {
        "label": "entities",
        "type": "VariableWrite"
      },
      "location-before-char-start": 2785,
      "location-before-char-end": 2792,
      "node-str": "entities"
    },
    {
      "type": "delete-node",
      "node": {
        "label": "org.jboss.ejb.GlobalTxEntityMap",
        "type": "TypeAccess"
      },
      "location-before-char-start": 0,
      "location-before-char-end": 0,
      "node-str": "org.jboss.ejb.GlobalTxEntityMap"
    },
    {
      "type": "delete-node",
      "node": {
        "label": "mEntitySequenceListMap",
        "type": "FieldRead"
      },
      "location-before-char-start": 2808,
      "location-before-char-end": 2829,
      "node-str": "mEntitySequenceListMap"
    },
    {
      "type": "delete-node",
      "node": {
        "label": "tx",
        "type": "VariableRead"
      },
      "location-before-char-start": 2838,
      "location-before-char-end": 2839,
      "node-str": "tx"
    },
    {
      "type": "delete-node",
      "node": {
        "label": "remove",
        "type": "Invocation"
      },
      "location-before-char-start": 2796,
      "location-before-char-end": 2840,
      "node-str": "remove"
    },
    {
      "type": "delete-node",
      "node": {
        "label": "\u003d",
        "type": "Assignment"
      },
      "location-before-char-start": 2785,
      "location-before-char-end": 2841,
      "node-str": "\u003d"
    },
    {
      "type": "delete-node",
      "node": {
        "label": "org.jboss.ejb.GlobalTxEntityMap",
        "type": "TypeAccess"
      },
      "location-before-char-start": 0,
      "location-before-char-end": 0,
      "node-str": "org.jboss.ejb.GlobalTxEntityMap"
    },
    {
      "type": "delete-node",
      "node": {
        "label": "mEntitySetMap",
        "type": "FieldRead"
      },
      "location-before-char-start": 2852,
      "location-before-char-end": 2864,
      "node-str": "mEntitySetMap"
    },
    {
      "type": "delete-node",
      "node": {
        "label": "tx",
        "type": "VariableRead"
      },
      "location-before-char-start": 2873,
      "location-before-char-end": 2874,
      "node-str": "tx"
    },
    {
      "type": "delete-node",
      "node": {
        "label": "remove",
        "type": "Invocation"
      },
      "location-before-char-start": 2852,
      "location-before-char-end": 2876,
      "node-str": "remove"
    },
    {
      "type": "delete-node",
      "node": {
        "label": "",
        "type": "Synchronized"
      },
      "location-before-char-start": 2748,
      "location-before-char-end": 2884,
      "node-str": ""
    },
    {
      "type": "delete-node",
      "node": {
        "label": "entities",
        "type": "VariableRead"
      },
      "location-before-char-start": 2896,
      "location-before-char-end": 2903,
      "node-str": "entities"
    },
    {
      "type": "delete-node",
      "node": {
        "label": "null",
        "type": "Literal"
      },
      "location-before-char-start": 2908,
      "location-before-char-end": 2911,
      "node-str": "null"
    },
    {
      "type": "delete-node",
      "node": {
        "label": "NE",
        "type": "BinaryOperator"
      },
      "location-before-char-start": 2896,
      "location-before-char-end": 2911,
      "node-str": "NE"
    },
    {
      "type": "delete-node",
      "node": {
        "label": "org.jboss.ejb.EntityEnterpriseContext",
        "type": "VARIABLE_TYPE"
      },
      "location-before-char-start": 0,
      "location-before-char-end": 0,
      "node-str": "org.jboss.ejb.EntityEnterpriseContext"
    },
    {
      "type": "delete-node",
      "node": {
        "label": "null",
        "type": "Literal"
      },
      "location-before-char-start": 3253,
      "location-before-char-end": 3256,
      "node-str": "null"
    },
    {
      "type": "delete-node",
      "node": {
        "label": "ctx",
        "type": "LocalVariable"
      },
      "location-before-char-start": 3223,
      "location-before-char-end": 3257,
      "node-str": "ctx"
    },
    {
      "type": "delete-node",
      "node": {
        "label": "java.util.Iterator",
        "type": "VARIABLE_TYPE"
      },
      "location-before-char-start": 0,
      "location-before-char-end": 0,
      "node-str": "java.util.Iterator"
    },
    {
      "type": "delete-node",
      "node": {
        "label": "entities",
        "type": "VariableRead"
      },
      "location-before-char-start": 3322,
      "location-before-char-end": 3329,
      "node-str": "entities"
    },
    {
      "type": "delete-node",
      "node": {
        "label": "iterator",
        "type": "Invocation"
      },
      "location-before-char-start": 3322,
      "location-before-char-end": 3340,
      "node-str": "iterator"
    },
    {
      "type": "delete-node",
      "node": {
        "label": "i",
        "type": "LocalVariable"
      },
      "location-before-char-start": 3309,
      "location-before-char-end": 3340,
      "node-str": "i"
    },
    {
      "type": "delete-node",
      "node": {
        "label": "i",
        "type": "VariableRead"
      },
      "location-before-char-start": 3343,
      "location-before-char-end": 3343,
      "node-str": "i"
    },
    {
      "type": "delete-node",
      "node": {
        "label": "hasNext",
        "type": "Invocation"
      },
      "location-before-char-start": 3343,
      "location-before-char-end": 3353,
      "node-str": "hasNext"
    },
    {
      "type": "delete-node",
      "node": {
        "label": "tx",
        "type": "VariableRead"
      },
      "location-before-char-start": 3745,
      "location-before-char-end": 3746,
      "node-str": "tx"
    },
    {
      "type": "delete-node",
      "node": {
        "label": "getStatus",
        "type": "Invocation"
      },
      "location-before-char-start": 3745,
      "location-before-char-end": 3758,
      "node-str": "getStatus"
    },
    {
      "type": "delete-node",
      "node": {
        "label": "javax.transaction.Status",
        "type": "TypeAccess"
      },
      "location-before-char-start": 0,
      "location-before-char-end": 0,
      "node-str": "javax.transaction.Status"
    },
    {
      "type": "delete-node",
      "node": {
        "label": "STATUS_MARKED_ROLLBACK",
        "type": "FieldRead"
      },
      "location-before-char-start": 3763,
      "location-before-char-end": 3791,
      "node-str": "STATUS_MARKED_ROLLBACK"
    },
    {
      "type": "delete-node",
      "node": {
        "label": "EQ",
        "type": "BinaryOperator"
      },
      "location-before-char-start": 3745,
      "location-before-char-end": 3791,
      "node-str": "EQ"
    },
    {
      "type": "delete-node",
      "node": {
        "label": "break",
        "type": "Break"
      },
      "location-before-char-start": 3848,
      "location-before-char-end": 3853,
      "node-str": "break"
    },
    {
      "type": "delete-node",
      "node": {
        "label": "THEN",
        "type": "then"
      },
      "location-before-char-start": 3819,
      "location-before-char-end": 3879,
      "node-str": "THEN"
    },
    {
      "type": "delete-node",
      "node": {
        "label": "if",
        "type": "If"
      },
      "location-before-char-start": 3741,
      "location-before-char-end": 3879,
      "node-str": "if"
    },
    {
      "type": "delete-node",
      "node": {
        "label": "ctx",
        "type": "VariableWrite"
      },
      "location-before-char-start": 4001,
      "location-before-char-end": 4003,
      "node-str": "ctx"
    },
    {
      "type": "delete-node",
      "node": {
        "label": "i",
        "type": "VariableRead"
      },
      "location-before-char-start": 4032,
      "location-before-char-end": 4032,
      "node-str": "i"
    },
    {
      "type": "delete-node",
      "node": {
        "label": "next",
        "type": "Invocation"
      },
      "location-before-char-start": 4007,
      "location-before-char-end": 4039,
      "node-str": "next"
    },
    {
      "type": "delete-node",
      "node": {
        "label": "\u003d",
        "type": "Assignment"
      },
      "location-before-char-start": 4001,
      "location-before-char-end": 4040,
      "node-str": "\u003d"
    },
    {
      "type": "delete-node",
      "node": {
        "label": "org.jboss.ejb.EntityContainer",
        "type": "VARIABLE_TYPE"
      },
      "location-before-char-start": 0,
      "location-before-char-end": 0,
      "node-str": "org.jboss.ejb.EntityContainer"
    },
    {
      "type": "delete-node",
      "node": {
        "label": "ctx",
        "type": "VariableRead"
      },
      "location-before-char-start": 4105,
      "location-before-char-end": 4107,
      "node-str": "ctx"
    },
    {
      "type": "delete-node",
      "node": {
        "label": "getContainer",
        "type": "Invocation"
      },
      "location-before-char-start": 4088,
      "location-before-char-end": 4122,
      "node-str": "getContainer"
    },
    {
      "type": "delete-node",
      "node": {
        "label": "container",
        "type": "LocalVariable"
      },
      "location-before-char-start": 4060,
      "location-before-char-end": 4123,
      "node-str": "container"
    },
    {
      "type": "delete-node",
      "node": {
        "label": "java.lang.Thread",
        "type": "TypeAccess"
      },
      "location-before-char-start": 4143,
      "location-before-char-end": 4148,
      "node-str": "java.lang.Thread"
    },
    {
      "type": "delete-node",
      "node": {
        "label": "currentThread",
        "type": "Invocation"
      },
      "location-before-char-start": 4143,
      "location-before-char-end": 4164,
      "node-str": "currentThread"
    },
    {
      "type": "delete-node",
      "node": {
        "label": "container",
        "type": "VariableRead"
      },
      "location-before-char-start": 4188,
      "location-before-char-end": 4196,
      "node-str": "container"
    },
    {
      "type": "delete-node",
      "node": {
        "label": "getClassLoader",
        "type": "Invocation"
      },
      "location-before-char-start": 4188,
      "location-before-char-end": 4213,
      "node-str": "getClassLoader"
    },
    {
      "type": "delete-node",
      "node": {
        "label": "setContextClassLoader",
        "type": "Invocation"
      },
      "location-before-char-start": 4143,
      "location-before-char-end": 4215,
      "node-str": "setContextClassLoader"
    },
    {
      "type": "delete-node",
      "node": {
        "label": "container",
        "type": "VariableRead"
      },
      "location-before-char-start": 4235,
      "location-before-char-end": 4243,
      "node-str": "container"
    },
    {
      "type": "delete-node",
      "node": {
        "label": "ctx",
        "type": "VariableRead"
      },
      "location-before-char-start": 4257,
      "location-before-char-end": 4259,
      "node-str": "ctx"
    },
    {
      "type": "delete-node",
      "node": {
        "label": "storeEntity",
        "type": "Invocation"
      },
      "location-before-char-start": 4235,
      "location-before-char-end": 4261,
      "node-str": "storeEntity"
    },
    {
      "type": "delete-node",
      "node": {
        "label": "",
        "type": "For"
      },
      "location-before-char-start": 3304,
      "location-before-char-end": 4278,
      "node-str": ""
    },
    {
      "type": "delete-node",
      "node": {
        "label": "java.lang.Exception",
        "type": "VARIABLE_TYPE"
      },
      "location-before-char-start": 0,
      "location-before-char-end": 0,
      "node-str": "java.lang.Exception"
    },
    {
      "type": "delete-node",
      "node": {
        "label": "e",
        "type": "CatchVariable"
      },
      "location-before-char-start": 4313,
      "location-before-char-end": 4323,
      "node-str": "e"
    },
    {
      "type": "delete-node",
      "node": {
        "label": "org.jboss.ejb.GlobalTxEntityMap",
        "type": "TypeAccess"
      },
      "location-before-char-start": 0,
      "location-before-char-end": 0,
      "node-str": "org.jboss.ejb.GlobalTxEntityMap"
    },
    {
      "type": "delete-node",
      "node": {
        "label": "log",
        "type": "FieldRead"
      },
      "location-before-char-start": 4700,
      "location-before-char-end": 4702,
      "node-str": "log"
    },
    {
      "type": "delete-node",
      "node": {
        "label": "\"Store failed on entity: \"",
        "type": "Literal"
      },
      "location-before-char-start": 4710,
      "location-before-char-end": 4735,
      "node-str": "\"Store failed on entity: \""
    },
    {
      "type": "delete-node",
      "node": {
        "label": "ctx",
        "type": "VariableRead"
      },
      "location-before-char-start": 4739,
      "location-before-char-end": 4741,
      "node-str": "ctx"
    },
    {
      "type": "delete-node",
      "node": {
        "label": "getId",
        "type": "Invocation"
      },
      "location-before-char-start": 4739,
      "location-before-char-end": 4749,
      "node-str": "getId"
    },
    {
      "type": "delete-node",
      "node": {
        "label": "PLUS",
        "type": "BinaryOperator"
      },
      "location-before-char-start": 4710,
      "location-before-char-end": 4749,
      "node-str": "PLUS"
    },
    {
      "type": "delete-node",
      "node": {
        "label": "e",
        "type": "VariableRead"
      },
      "location-before-char-start": 4752,
      "location-before-char-end": 4752,
      "node-str": "e"
    },
    {
      "type": "delete-node",
      "node": {
        "label": "error",
        "type": "Invocation"
      },
      "location-before-char-start": 4700,
      "location-before-char-end": 4754,
      "node-str": "error"
    },
    {
      "type": "delete-node",
      "node": {
        "label": "tx",
        "type": "VariableRead"
      },
      "location-before-char-start": 4810,
      "location-before-char-end": 4811,
      "node-str": "tx"
    },
    {
      "type": "delete-node",
      "node": {
        "label": "setRollbackOnly",
        "type": "Invocation"
      },
      "location-before-char-start": 4810,
      "location-before-char-end": 4830,
      "node-str": "setRollbackOnly"
    },
    {
      "type": "delete-node",
      "node": {
        "label": "javax.transaction.SystemException",
        "type": "VARIABLE_TYPE"
      },
      "location-before-char-start": 0,
      "location-before-char-end": 0,
      "node-str": "javax.transaction.SystemException"
    },
    {
      "type": "delete-node",
      "node": {
        "label": "se",
        "type": "CatchVariable"
      },
      "location-before-char-start": 4870,
      "location-before-char-end": 4887,
      "node-str": "se"
    },
    {
      "type": "delete-node",
      "node": {
        "label": "org.jboss.ejb.GlobalTxEntityMap",
        "type": "TypeAccess"
      },
      "location-before-char-start": 0,
      "location-before-char-end": 0,
      "node-str": "org.jboss.ejb.GlobalTxEntityMap"
    },
    {
      "type": "delete-node",
      "node": {
        "label": "log",
        "type": "FieldRead"
      },
      "location-before-char-start": 4925,
      "location-before-char-end": 4927,
      "node-str": "log"
    },
    {
      "type": "delete-node",
      "node": {
        "label": "\"SystemException while trying to rollback tx: \"",
        "type": "Literal"
      },
      "location-before-char-start": 4934,
      "location-before-char-end": 4980,
      "node-str": "\"SystemException while trying to rollback tx: \""
    },
    {
      "type": "delete-node",
      "node": {
        "label": "tx",
        "type": "VariableRead"
      },
      "location-before-char-start": 4984,
      "location-before-char-end": 4985,
      "node-str": "tx"
    },
    {
      "type": "delete-node",
      "node": {
        "label": "PLUS",
        "type": "BinaryOperator"
      },
      "location-before-char-start": 4934,
      "location-before-char-end": 4985,
      "node-str": "PLUS"
    },
    {
      "type": "delete-node",
      "node": {
        "label": "se",
        "type": "VariableRead"
      },
      "location-before-char-start": 4988,
      "location-before-char-end": 4989,
      "node-str": "se"
    },
    {
      "type": "delete-node",
      "node": {
        "label": "warn",
        "type": "Invocation"
      },
      "location-before-char-start": 4925,
      "location-before-char-end": 4991,
      "node-str": "warn"
    },
    {
      "type": "delete-node",
      "node": {
        "label": "",
        "type": "Catch"
      },
      "location-before-char-start": 4848,
      "location-before-char-end": 5008,
      "node-str": ""
    },
    {
      "type": "delete-node",
      "node": {
        "label": "java.lang.IllegalStateException",
        "type": "VARIABLE_TYPE"
      },
      "location-before-char-start": 0,
      "location-before-char-end": 0,
      "node-str": "java.lang.IllegalStateException"
    },
    {
      "type": "delete-node",
      "node": {
        "label": "ise",
        "type": "CatchVariable"
      },
      "location-before-char-start": 5032,
      "location-before-char-end": 5056,
      "node-str": "ise"
    },
    {
      "type": "delete-node",
      "node": {
        "label": "org.jboss.ejb.GlobalTxEntityMap",
        "type": "TypeAccess"
      },
      "location-before-char-start": 0,
      "location-before-char-end": 0,
      "node-str": "org.jboss.ejb.GlobalTxEntityMap"
    },
    {
      "type": "delete-node",
      "node": {
        "label": "log",
        "type": "FieldRead"
      },
      "location-before-char-start": 5094,
      "location-before-char-end": 5096,
      "node-str": "log"
    },
    {
      "type": "delete-node",
      "node": {
        "label": "\"IllegalStateException while trying to rollback tx: \"",
        "type": "Literal"
      },
      "location-before-char-start": 5103,
      "location-before-char-end": 5155,
      "node-str": "\"IllegalStateException while trying to rollback tx: \""
    },
    {
      "type": "delete-node",
      "node": {
        "label": "tx",
        "type": "VariableRead"
      },
      "location-before-char-start": 5159,
      "location-before-char-end": 5160,
      "node-str": "tx"
    },
    {
      "type": "delete-node",
      "node": {
        "label": "PLUS",
        "type": "BinaryOperator"
      },
      "location-before-char-start": 5103,
      "location-before-char-end": 5160,
      "node-str": "PLUS"
    },
    {
      "type": "delete-node",
      "node": {
        "label": "ise",
        "type": "VariableRead"
      },
      "location-before-char-start": 5163,
      "location-before-char-end": 5165,
      "node-str": "ise"
    },
    {
      "type": "delete-node",
      "node": {
        "label": "warn",
        "type": "Invocation"
      },
      "location-before-char-start": 5094,
      "location-before-char-end": 5167,
      "node-str": "warn"
    },
    {
      "type": "delete-node",
      "node": {
        "label": "",
        "type": "Catch"
      },
      "location-before-char-start": 5009,
      "location-before-char-end": 5184,
      "node-str": ""
    },
    {
      "type": "delete-node",
      "node": {
        "label": "\"Exception in store of entity :\"",
        "type": "Literal"
      },
      "location-before-char-start": 5342,
      "location-before-char-end": 5373,
      "node-str": "\"Exception in store of entity :\""
    },
    {
      "type": "delete-node",
      "node": {
        "label": "ctx",
        "type": "VariableRead"
      },
      "location-before-char-start": 5377,
      "location-before-char-end": 5382,
      "node-str": "ctx"
    },
    {
      "type": "delete-node",
      "node": {
        "label": "id",
        "type": "FieldRead"
      },
      "location-before-char-start": 5377,
      "location-before-char-end": 5382,
      "node-str": "id"
    },
    {
      "type": "delete-node",
      "node": {
        "label": "PLUS",
        "type": "BinaryOperator"
      },
      "location-before-char-start": 5342,
      "location-before-char-end": 5382,
      "node-str": "PLUS"
    },
    {
      "type": "delete-node",
      "node": {
        "label": "java.lang.Object()",
        "type": "ConstructorCall"
      },
      "location-before-char-start": 5307,
      "location-before-char-end": 5383,
      "node-str": "java.lang.Object()"
    },
    {
      "type": "delete-node",
      "node": {
        "label": "",
        "type": "Throw"
      },
      "location-before-char-start": 5301,
      "location-before-char-end": 5384,
      "node-str": ""
    },
    {
      "type": "delete-node",
      "node": {
        "label": "",
        "type": "Try"
      },
      "location-before-char-start": 4771,
      "location-before-char-end": 5401,
      "node-str": ""
    },
    {
      "type": "delete-node",
      "node": {
        "label": "",
        "type": "Catch"
      },
      "location-before-char-start": 4293,
      "location-before-char-end": 5415,
      "node-str": ""
    },
    {
      "type": "delete-node",
      "node": {
        "label": "",
        "type": "Try"
      },
      "location-before-char-start": 3271,
      "location-before-char-end": 5415,
      "node-str": ""
    },
    {
      "type": "delete-node",
      "node": {
        "label": "java.lang.Thread",
        "type": "TypeAccess"
      },
      "location-before-char-start": 5468,
      "location-before-char-end": 5473,
      "node-str": "java.lang.Thread"
    },
    {
      "type": "delete-node",
      "node": {
        "label": "currentThread",
        "type": "Invocation"
      },
      "location-before-char-start": 5468,
      "location-before-char-end": 5489,
      "node-str": "currentThread"
    },
    {
      "type": "delete-node",
      "node": {
        "label": "oldCl",
        "type": "VariableRead"
      },
      "location-before-char-start": 5513,
      "location-before-char-end": 5517,
      "node-str": "oldCl"
    },
    {
      "type": "delete-node",
      "node": {
        "label": "setContextClassLoader",
        "type": "Invocation"
      },
      "location-before-char-start": 5468,
      "location-before-char-end": 5519,
      "node-str": "setContextClassLoader"
    },
    {
      "type": "delete-node",
      "node": {
        "label": "",
        "type": "Try"
      },
      "location-before-char-start": 3196,
      "location-before-char-end": 5530,
      "node-str": ""
    },
    {
      "type": "delete-node",
      "node": {
        "label": "THEN",
        "type": "then"
      },
      "location-before-char-start": 2953,
      "location-before-char-end": 5538,
      "node-str": "THEN"
    },
    {
      "type": "delete-node",
      "node": {
        "label": "if",
        "type": "If"
      },
      "location-before-char-start": 2892,
      "location-before-char-end": 5538,
      "node-str": "if"
    },
    {
      "type": "delete-node",
      "node": {
        "label": "syncEntities",
        "type": "Method"
      },
      "location-before-char-start": 2504,
      "location-before-char-end": 5543,
      "node-str": "syncEntities"
    },
    {
      "type": "delete-node",
      "node": {
        "label": "org.jboss.ejb.GlobalTxEntityMap",
        "type": "VARIABLE_TYPE"
      },
      "location-before-char-start": 0,
      "location-before-char-end": 0,
      "node-str": "org.jboss.ejb.GlobalTxEntityMap"
    },
    {
      "type": "delete-node",
      "node": {
        "label": "map",
        "type": "Field"
      },
      "location-before-char-start": 5716,
      "location-before-char-end": 5737,
      "node-str": "map"
    },
    {
      "type": "delete-node",
      "node": {
        "label": "javax.transaction.Transaction",
        "type": "VARIABLE_TYPE"
      },
      "location-before-char-start": 0,
      "location-before-char-end": 0,
      "node-str": "javax.transaction.Transaction"
    },
    {
      "type": "delete-node",
      "node": {
        "label": "tx",
        "type": "Field"
      },
      "location-before-char-start": 5745,
      "location-before-char-end": 5759,
      "node-str": "tx"
    },
    {
      "type": "delete-node",
      "node": {
        "label": "void",
        "type": "RETURN_TYPE"
      },
      "location-before-char-start": 0,
      "location-before-char-end": 0,
      "node-str": "void"
    },
    {
      "type": "delete-node",
      "node": {
        "label": "public",
        "type": "Modifier"
      },
      "location-before-char-start": 0,
      "location-before-char-end": 0,
      "node-str": "public"
    },
    {
      "type": "delete-node",
      "node": {
        "label": "boolean",
        "type": "VARIABLE_TYPE"
      },
      "location-before-char-start": 0,
      "location-before-char-end": 0,
      "node-str": "boolean"
    },
    {
      "type": "delete-node",
      "node": {
        "label": "org.jboss.ejb.GlobalTxEntityMap",
        "type": "TypeAccess"
      },
      "location-before-char-start": 0,
      "location-before-char-end": 0,
      "node-str": "org.jboss.ejb.GlobalTxEntityMap"
    },
    {
      "type": "delete-node",
      "node": {
        "label": "log",
        "type": "FieldRead"
      },
      "location-before-char-start": 6106,
      "location-before-char-end": 6108,
      "node-str": "log"
    },
    {
      "type": "delete-node",
      "node": {
        "label": "isTraceEnabled",
        "type": "Invocation"
      },
      "location-before-char-start": 6106,
      "location-before-char-end": 6125,
      "node-str": "isTraceEnabled"
    },
    {
      "type": "delete-node",
      "node": {
        "label": "trace",
        "type": "LocalVariable"
      },
      "location-before-char-start": 6090,
      "location-before-char-end": 6126,
      "node-str": "trace"
    },
    {
      "type": "delete-node",
      "node": {
        "label": "trace",
        "type": "VariableRead"
      },
      "location-before-char-start": 6141,
      "location-before-char-end": 6145,
      "node-str": "trace"
    },
    {
      "type": "delete-node",
      "node": {
        "label": "org.jboss.ejb.GlobalTxEntityMap",
        "type": "TypeAccess"
      },
      "location-before-char-start": 0,
      "location-before-char-end": 0,
      "node-str": "org.jboss.ejb.GlobalTxEntityMap"
    },
    {
      "type": "delete-node",
      "node": {
        "label": "log",
        "type": "FieldRead"
      },
      "location-before-char-start": 6161,
      "location-before-char-end": 6163,
      "node-str": "log"
    },
    {
      "type": "delete-node",
      "node": {
        "label": "\"beforeCompletion called for tx \"",
        "type": "Literal"
      },
      "location-before-char-start": 6171,
      "location-before-char-end": 6203,
      "node-str": "\"beforeCompletion called for tx \""
    },
    {
      "type": "delete-node",
      "node": {
        "label": "org.jboss.ejb.GlobalTxEntityMap$GlobalTxEntityMapCleanup",
        "type": "TypeAccess"
      },
      "location-before-char-start": 0,
      "location-before-char-end": 0,
      "node-str": "org.jboss.ejb.GlobalTxEntityMap$GlobalTxEntityMapCleanup"
    },
    {
      "type": "delete-node",
      "node": {
        "label": "tx",
        "type": "FieldRead"
      },
      "location-before-char-start": 6207,
      "location-before-char-end": 6208,
      "node-str": "tx"
    },
    {
      "type": "delete-node",
      "node": {
        "label": "PLUS",
        "type": "BinaryOperator"
      },
      "location-before-char-start": 6171,
      "location-before-char-end": 6208,
      "node-str": "PLUS"
    },
    {
      "type": "delete-node",
      "node": {
        "label": "trace",
        "type": "Invocation"
      },
      "location-before-char-start": 6161,
      "location-before-char-end": 6210,
      "node-str": "trace"
    },
    {
      "type": "delete-node",
      "node": {
        "label": "THEN",
        "type": "then"
      },
      "location-before-char-start": 6161,
      "location-before-char-end": 6210,
      "node-str": "THEN"
    },
    {
      "type": "delete-node",
      "node": {
        "label": "if",
        "type": "If"
      },
      "location-before-char-start": 6137,
      "location-before-char-end": 6210,
      "node-str": "if"
    },
    {
      "type": "delete-node",
      "node": {
        "label": "org.jboss.ejb.GlobalTxEntityMap$GlobalTxEntityMapCleanup",
        "type": "TypeAccess"
      },
      "location-before-char-start": 0,
      "location-before-char-end": 0,
      "node-str": "org.jboss.ejb.GlobalTxEntityMap$GlobalTxEntityMapCleanup"
    },
    {
      "type": "delete-node",
      "node": {
        "label": "org.jboss.ejb.GlobalTxEntityMap$GlobalTxEntityMapCleanup",
        "type": "TypeAccess"
      },
      "location-before-char-start": 0,
      "location-before-char-end": 0,
      "node-str": "org.jboss.ejb.GlobalTxEntityMap$GlobalTxEntityMapCleanup"
    },
    {
      "type": "delete-node",
      "node": {
        "label": "tx",
        "type": "FieldRead"
      },
      "location-before-char-start": 6261,
      "location-before-char-end": 6262,
      "node-str": "tx"
    },
    {
      "type": "delete-node",
      "node": {
        "label": "syncEntities",
        "type": "Invocation"
      },
      "location-before-char-start": 6248,
      "location-before-char-end": 6264,
      "node-str": "syncEntities"
    },
    {
      "type": "delete-node",
      "node": {
        "label": "java.lang.Exception",
        "type": "VARIABLE_TYPE"
      },
      "location-before-char-start": 0,
      "location-before-char-end": 0,
      "node-str": "java.lang.Exception"
    },
    {
      "type": "delete-node",
      "node": {
        "label": "e",
        "type": "CatchVariable"
      },
      "location-before-char-start": 6293,
      "location-before-char-end": 6303,
      "node-str": "e"
    },
    {
      "type": "delete-node",
      "node": {
        "label": "",
        "type": "Catch"
      },
      "location-before-char-start": 6276,
      "location-before-char-end": 6388,
      "node-str": ""
    },
    {
      "type": "delete-node",
      "node": {
        "label": "",
        "type": "Try"
      },
      "location-before-char-start": 6221,
      "location-before-char-end": 6388,
      "node-str": ""
    },
    {
      "type": "delete-node",
      "node": {
        "label": "beforeCompletion",
        "type": "Method"
      },
      "location-before-char-start": 5948,
      "location-before-char-end": 6397,
      "node-str": "beforeCompletion"
    },
    {
      "type": "delete-node",
      "node": {
        "label": "void",
        "type": "RETURN_TYPE"
      },
      "location-before-char-start": 0,
      "location-before-char-end": 0,
      "node-str": "void"
    },
    {
      "type": "delete-node",
      "node": {
        "label": "public",
        "type": "Modifier"
      },
      "location-before-char-start": 0,
      "location-before-char-end": 0,
      "node-str": "public"
    },
    {
      "type": "delete-node",
      "node": {
        "label": "int",
        "type": "VARIABLE_TYPE"
      },
      "location-before-char-start": 0,
      "location-before-char-end": 0,
      "node-str": "int"
    },
    {
      "type": "delete-node",
      "node": {
        "label": "status",
        "type": "Parameter"
      },
      "location-before-char-start": 6436,
      "location-before-char-end": 6445,
      "node-str": "status"
    },
    {
      "type": "delete-node",
      "node": {
        "label": "afterCompletion",
        "type": "Method"
      },
      "location-before-char-start": 6408,
      "location-before-char-end": 6472,
      "node-str": "afterCompletion"
    },
    {
      "type": "delete-node",
      "node": {
        "label": "GlobalTxEntityMapCleanup",
        "type": "Class"
      },
      "location-before-char-start": 5552,
      "location-before-char-end": 6477,
      "node-str": "GlobalTxEntityMapCleanup"
    },
    {
      "type": "delete-node",
      "node": {
        "label": "GlobalTxEntityMap",
        "type": "Class"
      },
      "location-before-char-start": 591,
      "location-before-char-end": 6483,
      "node-str": "GlobalTxEntityMap"
    }
  ],
  "before-file": {},
  "after-file": {},
  "mapping": {}
}