{
  "tool-info": {},
  "diff": [
    {
      "type": "insert-node",
      "node": {
        "label": "public",
        "type": "Modifier"
      },
      "location-after-char-start": 0,
      "location-after-char-end": 0,
      "node-str": "public"
    },
    {
      "type": "insert-node",
      "node": {
        "label": "UNREFERENCED",
        "type": "Field"
      },
      "location-after-char-start": 2110,
      "location-after-char-end": 2152,
      "node-str": "UNREFERENCED"
    },
    {
      "type": "insert-node",
      "node": {
        "label": "CLEAN",
        "type": "Field"
      },
      "location-after-char-start": 2157,
      "location-after-char-end": 2192,
      "node-str": "CLEAN"
    },
    {
      "type": "insert-node",
      "node": {
        "label": "DIRTY",
        "type": "Field"
      },
      "location-after-char-start": 2197,
      "location-after-char-end": 2232,
      "node-str": "DIRTY"
    },
    {
      "type": "insert-node",
      "node": {
        "label": "CREATED",
        "type": "Field"
      },
      "location-after-char-start": 2237,
      "location-after-char-end": 2274,
      "node-str": "CREATED"
    },
    {
      "type": "insert-node",
      "node": {
        "label": "DELETED",
        "type": "Field"
      },
      "location-after-char-start": 2279,
      "location-after-char-end": 2316,
      "node-str": "DELETED"
    },
    {
      "type": "insert-node",
      "node": {
        "label": "DIRTY_RELATIONS",
        "type": "Field"
      },
      "location-after-char-start": 2321,
      "location-after-char-end": 2367,
      "node-str": "DIRTY_RELATIONS"
    },
    {
      "type": "insert-node",
      "node": {
        "label": "entity",
        "type": "Field"
      },
      "location-after-char-start": 2373,
      "location-after-char-end": 2405,
      "node-str": "entity"
    },
    {
      "type": "insert-node",
      "node": {
        "label": "tableName",
        "type": "Field"
      },
      "location-after-char-start": 2410,
      "location-after-char-end": 2434,
      "node-str": "tableName"
    },
    {
      "type": "insert-node",
      "node": {
        "label": "fieldsTotal",
        "type": "Field"
      },
      "location-after-char-start": 2439,
      "location-after-char-end": 2462,
      "node-str": "fieldsTotal"
    },
    {
      "type": "insert-node",
      "node": {
        "label": "relationsTotal",
        "type": "Field"
      },
      "location-after-char-start": 2467,
      "location-after-char-end": 2493,
      "node-str": "relationsTotal"
    },
    {
      "type": "insert-node",
      "node": {
        "label": "dataSource",
        "type": "Field"
      },
      "location-after-char-start": 2498,
      "location-after-char-end": 2527,
      "node-str": "dataSource"
    },
    {
      "type": "insert-node",
      "node": {
        "label": "schema",
        "type": "Field"
      },
      "location-after-char-start": 2532,
      "location-after-char-end": 2553,
      "node-str": "schema"
    },
    {
      "type": "insert-node",
      "node": {
        "label": "tableId",
        "type": "Field"
      },
      "location-after-char-start": 2558,
      "location-after-char-end": 2577,
      "node-str": "tableId"
    },
    {
      "type": "insert-node",
      "node": {
        "label": "dontFlushCreated",
        "type": "Field"
      },
      "location-after-char-start": 2582,
      "location-after-char-end": 2614,
      "node-str": "dontFlushCreated"
    },
    {
      "type": "insert-node",
      "node": {
        "label": "deleteSql",
        "type": "Field"
      },
      "location-after-char-start": 2620,
      "location-after-char-end": 2644,
      "node-str": "deleteSql"
    },
    {
      "type": "insert-node",
      "node": {
        "label": "updateSql",
        "type": "Field"
      },
      "location-after-char-start": 2649,
      "location-after-char-end": 2673,
      "node-str": "updateSql"
    },
    {
      "type": "insert-node",
      "node": {
        "label": "insertSql",
        "type": "Field"
      },
      "location-after-char-start": 2678,
      "location-after-char-end": 2702,
      "node-str": "insertSql"
    },
    {
      "type": "insert-node",
      "node": {
        "label": "selectSql",
        "type": "Field"
      },
      "location-after-char-start": 2707,
      "location-after-char-end": 2731,
      "node-str": "selectSql"
    },
    {
      "type": "insert-node",
      "node": {
        "label": "duplicatePkSql",
        "type": "Field"
      },
      "location-after-char-start": 2736,
      "location-after-char-end": 2765,
      "node-str": "duplicatePkSql"
    },
    {
      "type": "insert-node",
      "node": {
        "label": "insertStrategy",
        "type": "Field"
      },
      "location-after-char-start": 2771,
      "location-after-char-end": 2814,
      "node-str": "insertStrategy"
    },
    {
      "type": "insert-node",
      "node": {
        "label": "deleteStrategy",
        "type": "Field"
      },
      "location-after-char-start": 2819,
      "location-after-char-end": 2862,
      "node-str": "deleteStrategy"
    },
    {
      "type": "insert-node",
      "node": {
        "label": "updateStrategy",
        "type": "Field"
      },
      "location-after-char-start": 2867,
      "location-after-char-end": 2910,
      "node-str": "updateStrategy"
    },
    {
      "type": "insert-node",
      "node": {
        "label": "log",
        "type": "Field"
      },
      "location-after-char-start": 2916,
      "location-after-char-end": 2934,
      "node-str": "log"
    },
    {
      "type": "insert-node",
      "node": {
        "label": "cache",
        "type": "Field"
      },
      "location-after-char-start": 2940,
      "location-after-char-end": 2959,
      "node-str": "cache"
    },
    {
      "type": "insert-node",
      "node": {
        "label": "serviceController",
        "type": "Field"
      },
      "location-after-char-start": 2964,
      "location-after-char-end": 3012,
      "node-str": "serviceController"
    },
    {
      "type": "insert-node",
      "node": {
        "label": "cacheName",
        "type": "Field"
      },
      "location-after-char-start": 3017,
      "location-after-char-end": 3045,
      "node-str": "cacheName"
    },
    {
      "type": "insert-node",
      "node": {
        "label": "references",
        "type": "Field"
      },
      "location-after-char-start": 3051,
      "location-after-char-end": 3075,
      "node-str": "references"
    },
    {
      "type": "insert-node",
      "node": {
        "label": "referencedBy",
        "type": "Field"
      },
      "location-after-char-start": 3080,
      "location-after-char-end": 3106,
      "node-str": "referencedBy"
    },
    {
      "type": "insert-node",
      "node": {
        "label": "fkConstraints",
        "type": "Field"
      },
      "location-after-char-start": 3112,
      "location-after-char-end": 3156,
      "node-str": "fkConstraints"
    },
    {
      "type": "insert-node",
      "node": {
        "label": "cacheInvalidator",
        "type": "Field"
      },
      "location-after-char-start": 3162,
      "location-after-char-end": 3203,
      "node-str": "cacheInvalidator"
    },
    {
      "type": "insert-node",
      "node": {
        "label": "byte",
        "type": "VARIABLE_TYPE"
      },
      "location-after-char-start": 0,
      "location-after-char-end": 0,
      "node-str": "byte"
    },
    {
      "type": "insert-node",
      "node": {
        "label": "final",
        "type": "Modifier"
      },
      "location-after-char-start": 0,
      "location-after-char-end": 0,
      "node-str": "final"
    },
    {
      "type": "insert-node",
      "node": {
        "label": "static",
        "type": "Modifier"
      },
      "location-after-char-start": 0,
      "location-after-char-end": 0,
      "node-str": "static"
    },
    {
      "type": "insert-node",
      "node": {
        "label": "0",
        "type": "Literal"
      },
      "location-after-char-start": 2151,
      "location-after-char-end": 2151,
      "node-str": "0"
    },
    {
      "type": "insert-node",
      "node": {
        "label": "byte",
        "type": "VARIABLE_TYPE"
      },
      "location-after-char-start": 0,
      "location-after-char-end": 0,
      "node-str": "byte"
    },
    {
      "type": "insert-node",
      "node": {
        "label": "final",
        "type": "Modifier"
      },
      "location-after-char-start": 0,
      "location-after-char-end": 0,
      "node-str": "final"
    },
    {
      "type": "insert-node",
      "node": {
        "label": "static",
        "type": "Modifier"
      },
      "location-after-char-start": 0,
      "location-after-char-end": 0,
      "node-str": "static"
    },
    {
      "type": "insert-node",
      "node": {
        "label": "1",
        "type": "Literal"
      },
      "location-after-char-start": 2191,
      "location-after-char-end": 2191,
      "node-str": "1"
    },
    {
      "type": "insert-node",
      "node": {
        "label": "byte",
        "type": "VARIABLE_TYPE"
      },
      "location-after-char-start": 0,
      "location-after-char-end": 0,
      "node-str": "byte"
    },
    {
      "type": "insert-node",
      "node": {
        "label": "final",
        "type": "Modifier"
      },
      "location-after-char-start": 0,
      "location-after-char-end": 0,
      "node-str": "final"
    },
    {
      "type": "insert-node",
      "node": {
        "label": "static",
        "type": "Modifier"
      },
      "location-after-char-start": 0,
      "location-after-char-end": 0,
      "node-str": "static"
    },
    {
      "type": "insert-node",
      "node": {
        "label": "2",
        "type": "Literal"
      },
      "location-after-char-start": 2231,
      "location-after-char-end": 2231,
      "node-str": "2"
    },
    {
      "type": "insert-node",
      "node": {
        "label": "byte",
        "type": "VARIABLE_TYPE"
      },
      "location-after-char-start": 0,
      "location-after-char-end": 0,
      "node-str": "byte"
    },
    {
      "type": "insert-node",
      "node": {
        "label": "final",
        "type": "Modifier"
      },
      "location-after-char-start": 0,
      "location-after-char-end": 0,
      "node-str": "final"
    },
    {
      "type": "insert-node",
      "node": {
        "label": "static",
        "type": "Modifier"
      },
      "location-after-char-start": 0,
      "location-after-char-end": 0,
      "node-str": "static"
    },
    {
      "type": "insert-node",
      "node": {
        "label": "4",
        "type": "Literal"
      },
      "location-after-char-start": 2273,
      "location-after-char-end": 2273,
      "node-str": "4"
    },
    {
      "type": "insert-node",
      "node": {
        "label": "byte",
        "type": "VARIABLE_TYPE"
      },
      "location-after-char-start": 0,
      "location-after-char-end": 0,
      "node-str": "byte"
    },
    {
      "type": "insert-node",
      "node": {
        "label": "final",
        "type": "Modifier"
      },
      "location-after-char-start": 0,
      "location-after-char-end": 0,
      "node-str": "final"
    },
    {
      "type": "insert-node",
      "node": {
        "label": "static",
        "type": "Modifier"
      },
      "location-after-char-start": 0,
      "location-after-char-end": 0,
      "node-str": "static"
    },
    {
      "type": "insert-node",
      "node": {
        "label": "8",
        "type": "Literal"
      },
      "location-after-char-start": 2315,
      "location-after-char-end": 2315,
      "node-str": "8"
    },
    {
      "type": "insert-node",
      "node": {
        "label": "byte",
        "type": "VARIABLE_TYPE"
      },
      "location-after-char-start": 0,
      "location-after-char-end": 0,
      "node-str": "byte"
    },
    {
      "type": "insert-node",
      "node": {
        "label": "final",
        "type": "Modifier"
      },
      "location-after-char-start": 0,
      "location-after-char-end": 0,
      "node-str": "final"
    },
    {
      "type": "insert-node",
      "node": {
        "label": "static",
        "type": "Modifier"
      },
      "location-after-char-start": 0,
      "location-after-char-end": 0,
      "node-str": "static"
    },
    {
      "type": "insert-node",
      "node": {
        "label": "16",
        "type": "Literal"
      },
      "location-after-char-start": 2365,
      "location-after-char-end": 2366,
      "node-str": "16"
    },
    {
      "type": "insert-node",
      "node": {
        "label": "org.jboss.ejb.plugins.cmp.jdbc2.bridge.JDBCEntityBridge2",
        "type": "VARIABLE_TYPE"
      },
      "location-after-char-start": 0,
      "location-after-char-end": 0,
      "node-str": "org.jboss.ejb.plugins.cmp.jdbc2.bridge.JDBCEntityBridge2"
    },
    {
      "type": "insert-node",
      "node": {
        "label": "java.lang.String",
        "type": "VARIABLE_TYPE"
      },
      "location-after-char-start": 0,
      "location-after-char-end": 0,
      "node-str": "java.lang.String"
    },
    {
      "type": "insert-node",
      "node": {
        "label": "int",
        "type": "VARIABLE_TYPE"
      },
      "location-after-char-start": 0,
      "location-after-char-end": 0,
      "node-str": "int"
    },
    {
      "type": "insert-node",
      "node": {
        "label": "int",
        "type": "VARIABLE_TYPE"
      },
      "location-after-char-start": 0,
      "location-after-char-end": 0,
      "node-str": "int"
    },
    {
      "type": "insert-node",
      "node": {
        "label": "javax.sql.DataSource",
        "type": "VARIABLE_TYPE"
      },
      "location-after-char-start": 0,
      "location-after-char-end": 0,
      "node-str": "javax.sql.DataSource"
    },
    {
      "type": "insert-node",
      "node": {
        "label": "org.jboss.ejb.plugins.cmp.jdbc2.schema.Schema",
        "type": "VARIABLE_TYPE"
      },
      "location-after-char-start": 0,
      "location-after-char-end": 0,
      "node-str": "org.jboss.ejb.plugins.cmp.jdbc2.schema.Schema"
    },
    {
      "type": "insert-node",
      "node": {
        "label": "int",
        "type": "VARIABLE_TYPE"
      },
      "location-after-char-start": 0,
      "location-after-char-end": 0,
      "node-str": "int"
    },
    {
      "type": "insert-node",
      "node": {
        "label": "boolean",
        "type": "VARIABLE_TYPE"
      },
      "location-after-char-start": 0,
      "location-after-char-end": 0,
      "node-str": "boolean"
    },
    {
      "type": "insert-node",
      "node": {
        "label": "java.lang.String",
        "type": "VARIABLE_TYPE"
      },
      "location-after-char-start": 0,
      "location-after-char-end": 0,
      "node-str": "java.lang.String"
    },
    {
      "type": "insert-node",
      "node": {
        "label": "java.lang.String",
        "type": "VARIABLE_TYPE"
      },
      "location-after-char-start": 0,
      "location-after-char-end": 0,
      "node-str": "java.lang.String"
    },
    {
      "type": "insert-node",
      "node": {
        "label": "java.lang.String",
        "type": "VARIABLE_TYPE"
      },
      "location-after-char-start": 0,
      "location-after-char-end": 0,
      "node-str": "java.lang.String"
    },
    {
      "type": "insert-node",
      "node": {
        "label": "java.lang.String",
        "type": "VARIABLE_TYPE"
      },
      "location-after-char-start": 0,
      "location-after-char-end": 0,
      "node-str": "java.lang.String"
    },
    {
      "type": "insert-node",
      "node": {
        "label": "java.lang.String",
        "type": "VARIABLE_TYPE"
      },
      "location-after-char-start": 0,
      "location-after-char-end": 0,
      "node-str": "java.lang.String"
    },
    {
      "type": "insert-node",
      "node": {
        "label": "org.jboss.ejb.plugins.cmp.jdbc2.schema.EntityTable$CommitStrategy",
        "type": "VARIABLE_TYPE"
      },
      "location-after-char-start": 0,
      "location-after-char-end": 0,
      "node-str": "org.jboss.ejb.plugins.cmp.jdbc2.schema.EntityTable$CommitStrategy"
    },
    {
      "type": "insert-node",
      "node": {
        "label": "final",
        "type": "Modifier"
      },
      "location-after-char-start": 0,
      "location-after-char-end": 0,
      "node-str": "final"
    },
    {
      "type": "insert-node",
      "node": {
        "label": "org.jboss.ejb.plugins.cmp.jdbc2.schema.EntityTable$CommitStrategy",
        "type": "VARIABLE_TYPE"
      },
      "location-after-char-start": 0,
      "location-after-char-end": 0,
      "node-str": "org.jboss.ejb.plugins.cmp.jdbc2.schema.EntityTable$CommitStrategy"
    },
    {
      "type": "insert-node",
      "node": {
        "label": "final",
        "type": "Modifier"
      },
      "location-after-char-start": 0,
      "location-after-char-end": 0,
      "node-str": "final"
    },
    {
      "type": "insert-node",
      "node": {
        "label": "org.jboss.ejb.plugins.cmp.jdbc2.schema.EntityTable$CommitStrategy",
        "type": "VARIABLE_TYPE"
      },
      "location-after-char-start": 0,
      "location-after-char-end": 0,
      "node-str": "org.jboss.ejb.plugins.cmp.jdbc2.schema.EntityTable$CommitStrategy"
    },
    {
      "type": "insert-node",
      "node": {
        "label": "final",
        "type": "Modifier"
      },
      "location-after-char-start": 0,
      "location-after-char-end": 0,
      "node-str": "final"
    },
    {
      "type": "insert-node",
      "node": {
        "label": "org.jboss.logging.Logger",
        "type": "VARIABLE_TYPE"
      },
      "location-after-char-start": 0,
      "location-after-char-end": 0,
      "node-str": "org.jboss.logging.Logger"
    },
    {
      "type": "insert-node",
      "node": {
        "label": "org.jboss.ejb.plugins.cmp.jdbc2.schema.Cache",
        "type": "VARIABLE_TYPE"
      },
      "location-after-char-start": 0,
      "location-after-char-end": 0,
      "node-str": "org.jboss.ejb.plugins.cmp.jdbc2.schema.Cache"
    },
    {
      "type": "insert-node",
      "node": {
        "label": "org.jboss.system.ServiceControllerMBean",
        "type": "VARIABLE_TYPE"
      },
      "location-after-char-start": 0,
      "location-after-char-end": 0,
      "node-str": "org.jboss.system.ServiceControllerMBean"
    },
    {
      "type": "insert-node",
      "node": {
        "label": "javax.management.ObjectName",
        "type": "VARIABLE_TYPE"
      },
      "location-after-char-start": 0,
      "location-after-char-end": 0,
      "node-str": "javax.management.ObjectName"
    },
    {
      "type": "insert-node",
      "node": {
        "label": "int[]",
        "type": "VARIABLE_TYPE"
      },
      "location-after-char-start": 0,
      "location-after-char-end": 0,
      "node-str": "int[]"
    },
    {
      "type": "insert-node",
      "node": {
        "label": "int[]",
        "type": "VARIABLE_TYPE"
      },
      "location-after-char-start": 0,
      "location-after-char-end": 0,
      "node-str": "int[]"
    },
    {
      "type": "insert-node",
      "node": {
        "label": "org.jboss.ejb.plugins.cmp.jdbc2.schema.EntityTable$ForeignKeyConstraint[]",
        "type": "VARIABLE_TYPE"
      },
      "location-after-char-start": 0,
      "location-after-char-end": 0,
      "node-str": "org.jboss.ejb.plugins.cmp.jdbc2.schema.EntityTable$ForeignKeyConstraint[]"
    },
    {
      "type": "insert-node",
      "node": {
        "label": "org.jboss.ejb.plugins.cmp.jdbc2.schema.CacheInvalidator",
        "type": "VARIABLE_TYPE"
      },
      "location-after-char-start": 0,
      "location-after-char-end": 0,
      "node-str": "org.jboss.ejb.plugins.cmp.jdbc2.schema.CacheInvalidator"
    },
    {
      "type": "insert-node",
      "node": {
        "label": "public",
        "type": "Modifier"
      },
      "location-after-char-start": 0,
      "location-after-char-end": 0,
      "node-str": "public"
    },
    {
      "type": "insert-node",
      "node": {
        "label": "tx",
        "type": "Field"
      },
      "location-after-char-start": 22836,
      "location-after-char-end": 22864,
      "node-str": "tx"
    },
    {
      "type": "insert-node",
      "node": {
        "label": "rowByPk",
        "type": "Field"
      },
      "location-after-char-start": 22873,
      "location-after-char-end": 22908,
      "node-str": "rowByPk"
    },
    {
      "type": "insert-node",
      "node": {
        "label": "created",
        "type": "Field"
      },
      "location-after-char-start": 22916,
      "location-after-char-end": 22935,
      "node-str": "created"
    },
    {
      "type": "insert-node",
      "node": {
        "label": "deleted",
        "type": "Field"
      },
      "location-after-char-start": 22943,
      "location-after-char-end": 22962,
      "node-str": "deleted"
    },
    {
      "type": "insert-node",
      "node": {
        "label": "dirty",
        "type": "Field"
      },
      "location-after-char-start": 22970,
      "location-after-char-end": 22987,
      "node-str": "dirty"
    },
    {
      "type": "insert-node",
      "node": {
        "label": "dirtyRelations",
        "type": "Field"
      },
      "location-after-char-start": 22995,
      "location-after-char-end": 23021,
      "node-str": "dirtyRelations"
    },
    {
      "type": "insert-node",
      "node": {
        "label": "clean",
        "type": "Field"
      },
      "location-after-char-start": 23029,
      "location-after-char-end": 23046,
      "node-str": "clean"
    },
    {
      "type": "insert-node",
      "node": {
        "label": "cacheUpdates",
        "type": "Field"
      },
      "location-after-char-start": 23055,
      "location-after-char-end": 23079,
      "node-str": "cacheUpdates"
    },
    {
      "type": "insert-node",
      "node": {
        "label": "rowsWithNullFks",
        "type": "Field"
      },
      "location-after-char-start": 23088,
      "location-after-char-end": 23116,
      "node-str": "rowsWithNullFks"
    },
    {
      "type": "insert-node",
      "node": {
        "label": "inFlush",
        "type": "Field"
      },
      "location-after-char-start": 23125,
      "location-after-char-end": 23148,
      "node-str": "inFlush"
    },
    {
      "type": "insert-node",
      "node": {
        "label": "beforeCompletion",
        "type": "Method"
      },
      "location-after-char-start": 32054,
      "location-after-char-end": 32856,
      "node-str": "beforeCompletion"
    },
    {
      "type": "insert-node",
      "node": {
        "label": "rolledback",
        "type": "Method"
      },
      "location-after-char-start": 34284,
      "location-after-char-end": 35183,
      "node-str": "rolledback"
    },
    {
      "type": "insert-node",
      "node": {
        "label": "public",
        "type": "Modifier"
      },
      "location-after-char-start": 0,
      "location-after-char-end": 0,
      "node-str": "public"
    },
    {
      "type": "insert-node",
      "node": {
        "label": "view",
        "type": "Field"
      },
      "location-after-char-start": 37519,
      "location-after-char-end": 37548,
      "node-str": "view"
    },
    {
      "type": "insert-node",
      "node": {
        "label": "pk",
        "type": "Field"
      },
      "location-after-char-start": 37556,
      "location-after-char-end": 37573,
      "node-str": "pk"
    },
    {
      "type": "insert-node",
      "node": {
        "label": "fields",
        "type": "Field"
      },
      "location-after-char-start": 37581,
      "location-after-char-end": 37610,
      "node-str": "fields"
    },
    {
      "type": "insert-node",
      "node": {
        "label": "relations",
        "type": "Field"
      },
      "location-after-char-start": 37618,
      "location-after-char-end": 37650,
      "node-str": "relations"
    },
    {
      "type": "insert-node",
      "node": {
        "label": "state",
        "type": "Field"
      },
      "location-after-char-start": 37659,
      "location-after-char-end": 37677,
      "node-str": "state"
    },
    {
      "type": "insert-node",
      "node": {
        "label": "prev",
        "type": "Field"
      },
      "location-after-char-start": 37686,
      "location-after-char-end": 37702,
      "node-str": "prev"
    },
    {
      "type": "insert-node",
      "node": {
        "label": "next",
        "type": "Field"
      },
      "location-after-char-start": 37710,
      "location-after-char-end": 37726,
      "node-str": "next"
    },
    {
      "type": "insert-node",
      "node": {
        "label": "cacheUpdateScheduled",
        "type": "Field"
      },
      "location-after-char-start": 37735,
      "location-after-char-end": 37771,
      "node-str": "cacheUpdateScheduled"
    },
    {
      "type": "insert-node",
      "node": {
        "label": "nextCacheUpdate",
        "type": "Field"
      },
      "location-after-char-start": 37779,
      "location-after-char-end": 37806,
      "node-str": "nextCacheUpdate"
    },
    {
      "type": "insert-node",
      "node": {
        "label": "fkUpdates",
        "type": "Field"
      },
      "location-after-char-start": 37814,
      "location-after-char-end": 37896,
      "node-str": "fkUpdates"
    },
    {
      "type": "insert-node",
      "node": {
        "label": "isDirty",
        "type": "Method"
      },
      "location-after-char-start": 39315,
      "location-after-char-end": 39414,
      "node-str": "isDirty"
    },
    {
      "type": "insert-node",
      "node": {
        "label": "setDirtyRelations",
        "type": "Method"
      },
      "location-after-char-start": 39579,
      "location-after-char-end": 39717,
      "node-str": "setDirtyRelations"
    },
    {
      "type": "insert-node",
      "node": {
        "label": "javax.transaction.Transaction",
        "type": "VARIABLE_TYPE"
      },
      "location-after-char-start": 0,
      "location-after-char-end": 0,
      "node-str": "javax.transaction.Transaction"
    },
    {
      "type": "insert-node",
      "node": {
        "label": "final",
        "type": "Modifier"
      },
      "location-after-char-start": 0,
      "location-after-char-end": 0,
      "node-str": "final"
    },
    {
      "type": "insert-node",
      "node": {
        "label": "java.util.Map",
        "type": "VARIABLE_TYPE"
      },
      "location-after-char-start": 0,
      "location-after-char-end": 0,
      "node-str": "java.util.Map"
    },
    {
      "type": "insert-node",
      "node": {
        "label": "java.util.HashMap()",
        "type": "ConstructorCall"
      },
      "location-after-char-start": 22895,
      "location-after-char-end": 22907,
      "node-str": "java.util.HashMap()"
    },
    {
      "type": "insert-node",
      "node": {
        "label": "org.jboss.ejb.plugins.cmp.jdbc2.schema.EntityTable$Row",
        "type": "VARIABLE_TYPE"
      },
      "location-after-char-start": 0,
      "location-after-char-end": 0,
      "node-str": "org.jboss.ejb.plugins.cmp.jdbc2.schema.EntityTable$Row"
    },
    {
      "type": "insert-node",
      "node": {
        "label": "org.jboss.ejb.plugins.cmp.jdbc2.schema.EntityTable$Row",
        "type": "VARIABLE_TYPE"
      },
      "location-after-char-start": 0,
      "location-after-char-end": 0,
      "node-str": "org.jboss.ejb.plugins.cmp.jdbc2.schema.EntityTable$Row"
    },
    {
      "type": "insert-node",
      "node": {
        "label": "org.jboss.ejb.plugins.cmp.jdbc2.schema.EntityTable$Row",
        "type": "VARIABLE_TYPE"
      },
      "location-after-char-start": 0,
      "location-after-char-end": 0,
      "node-str": "org.jboss.ejb.plugins.cmp.jdbc2.schema.EntityTable$Row"
    },
    {
      "type": "insert-node",
      "node": {
        "label": "org.jboss.ejb.plugins.cmp.jdbc2.schema.EntityTable$Row",
        "type": "VARIABLE_TYPE"
      },
      "location-after-char-start": 0,
      "location-after-char-end": 0,
      "node-str": "org.jboss.ejb.plugins.cmp.jdbc2.schema.EntityTable$Row"
    },
    {
      "type": "insert-node",
      "node": {
        "label": "org.jboss.ejb.plugins.cmp.jdbc2.schema.EntityTable$Row",
        "type": "VARIABLE_TYPE"
      },
      "location-after-char-start": 0,
      "location-after-char-end": 0,
      "node-str": "org.jboss.ejb.plugins.cmp.jdbc2.schema.EntityTable$Row"
    },
    {
      "type": "insert-node",
      "node": {
        "label": "org.jboss.ejb.plugins.cmp.jdbc2.schema.EntityTable$Row",
        "type": "VARIABLE_TYPE"
      },
      "location-after-char-start": 0,
      "location-after-char-end": 0,
      "node-str": "org.jboss.ejb.plugins.cmp.jdbc2.schema.EntityTable$Row"
    },
    {
      "type": "insert-node",
      "node": {
        "label": "java.util.List",
        "type": "VARIABLE_TYPE"
      },
      "location-after-char-start": 0,
      "location-after-char-end": 0,
      "node-str": "java.util.List"
    },
    {
      "type": "insert-node",
      "node": {
        "label": "boolean",
        "type": "VARIABLE_TYPE"
      },
      "location-after-char-start": 0,
      "location-after-char-end": 0,
      "node-str": "boolean"
    },
    {
      "type": "insert-node",
      "node": {
        "label": "if",
        "type": "If"
      },
      "location-after-char-start": 31639,
      "location-after-char-end": 31831,
      "node-str": "if"
    },
    {
      "type": "insert-node",
      "node": {
        "label": "void",
        "type": "RETURN_TYPE"
      },
      "location-after-char-start": 0,
      "location-after-char-end": 0,
      "node-str": "void"
    },
    {
      "type": "insert-node",
      "node": {
        "label": "public",
        "type": "Modifier"
      },
      "location-after-char-start": 0,
      "location-after-char-end": 0,
      "node-str": "public"
    },
    {
      "type": "insert-node",
      "node": {
        "label": "void",
        "type": "RETURN_TYPE"
      },
      "location-after-char-start": 0,
      "location-after-char-end": 0,
      "node-str": "void"
    },
    {
      "type": "insert-node",
      "node": {
        "label": "public",
        "type": "Modifier"
      },
      "location-after-char-start": 0,
      "location-after-char-end": 0,
      "node-str": "public"
    },
    {
      "type": "insert-node",
      "node": {
        "label": "org.jboss.ejb.plugins.cmp.jdbc2.schema.EntityTable$View",
        "type": "VARIABLE_TYPE"
      },
      "location-after-char-start": 0,
      "location-after-char-end": 0,
      "node-str": "org.jboss.ejb.plugins.cmp.jdbc2.schema.EntityTable$View"
    },
    {
      "type": "insert-node",
      "node": {
        "label": "java.lang.Object",
        "type": "VARIABLE_TYPE"
      },
      "location-after-char-start": 0,
      "location-after-char-end": 0,
      "node-str": "java.lang.Object"
    },
    {
      "type": "insert-node",
      "node": {
        "label": "java.lang.Object[]",
        "type": "VARIABLE_TYPE"
      },
      "location-after-char-start": 0,
      "location-after-char-end": 0,
      "node-str": "java.lang.Object[]"
    },
    {
      "type": "insert-node",
      "node": {
        "label": "final",
        "type": "Modifier"
      },
      "location-after-char-start": 0,
      "location-after-char-end": 0,
      "node-str": "final"
    },
    {
      "type": "insert-node",
      "node": {
        "label": "java.lang.Object[]",
        "type": "VARIABLE_TYPE"
      },
      "location-after-char-start": 0,
      "location-after-char-end": 0,
      "node-str": "java.lang.Object[]"
    },
    {
      "type": "insert-node",
      "node": {
        "label": "final",
        "type": "Modifier"
      },
      "location-after-char-start": 0,
      "location-after-char-end": 0,
      "node-str": "final"
    },
    {
      "type": "insert-node",
      "node": {
        "label": "byte",
        "type": "VARIABLE_TYPE"
      },
      "location-after-char-start": 0,
      "location-after-char-end": 0,
      "node-str": "byte"
    },
    {
      "type": "insert-node",
      "node": {
        "label": "org.jboss.ejb.plugins.cmp.jdbc2.schema.EntityTable$Row",
        "type": "VARIABLE_TYPE"
      },
      "location-after-char-start": 0,
      "location-after-char-end": 0,
      "node-str": "org.jboss.ejb.plugins.cmp.jdbc2.schema.EntityTable$Row"
    },
    {
      "type": "insert-node",
      "node": {
        "label": "org.jboss.ejb.plugins.cmp.jdbc2.schema.EntityTable$Row",
        "type": "VARIABLE_TYPE"
      },
      "location-after-char-start": 0,
      "location-after-char-end": 0,
      "node-str": "org.jboss.ejb.plugins.cmp.jdbc2.schema.EntityTable$Row"
    },
    {
      "type": "insert-node",
      "node": {
        "label": "boolean",
        "type": "VARIABLE_TYPE"
      },
      "location-after-char-start": 0,
      "location-after-char-end": 0,
      "node-str": "boolean"
    },
    {
      "type": "insert-node",
      "node": {
        "label": "org.jboss.ejb.plugins.cmp.jdbc2.schema.EntityTable$Row",
        "type": "VARIABLE_TYPE"
      },
      "location-after-char-start": 0,
      "location-after-char-end": 0,
      "node-str": "org.jboss.ejb.plugins.cmp.jdbc2.schema.EntityTable$Row"
    },
    {
      "type": "insert-node",
      "node": {
        "label": "org.jboss.ejb.plugins.cmp.jdbc2.schema.EntityTable$ForeignKeyConstraint[]",
        "type": "VARIABLE_TYPE"
      },
      "location-after-char-start": 0,
      "location-after-char-end": 0,
      "node-str": "org.jboss.ejb.plugins.cmp.jdbc2.schema.EntityTable$ForeignKeyConstraint[]"
    },
    {
      "type": "insert-node",
      "node": {
        "label": "boolean",
        "type": "RETURN_TYPE"
      },
      "location-after-char-start": 0,
      "location-after-char-end": 0,
      "node-str": "boolean"
    },
    {
      "type": "insert-node",
      "node": {
        "label": "public",
        "type": "Modifier"
      },
      "location-after-char-start": 0,
      "location-after-char-end": 0,
      "node-str": "public"
    },
    {
      "type": "move-subtree",
      "node": {
        "label": "return",
        "type": "Return"
      },
      "location-before-char-start": 39068,
      "location-before-char-end": 39089,
      "location-after-char-start": 39357,
      "location-after-char-end": 39406,
      "node-str": "return"
    },
    {
      "type": "insert-node",
      "node": {
        "label": "void",
        "type": "RETURN_TYPE"
      },
      "location-after-char-start": 0,
      "location-after-char-end": 0,
      "node-str": "void"
    },
    {
      "type": "insert-node",
      "node": {
        "label": "public",
        "type": "Modifier"
      },
      "location-after-char-start": 0,
      "location-after-char-end": 0,
      "node-str": "public"
    },
    {
      "type": "insert-node",
      "node": {
        "label": "if",
        "type": "If"
      },
      "location-after-char-start": 39628,
      "location-after-char-end": 39709,
      "node-str": "if"
    },
    {
      "type": "insert-node",
      "node": {
        "label": "NE",
        "type": "BinaryOperator"
      },
      "location-after-char-start": 31642,
      "location-after-char-end": 31663,
      "node-str": "NE"
    },
    {
      "type": "insert-node",
      "node": {
        "label": "THEN",
        "type": "then"
      },
      "location-after-char-start": 31675,
      "location-after-char-end": 31831,
      "node-str": "THEN"
    },
    {
      "type": "insert-node",
      "node": {
        "label": "AND",
        "type": "BinaryOperator"
      },
      "location-after-char-start": 39364,
      "location-after-char-end": 39405,
      "node-str": "AND"
    },
    {
      "type": "insert-node",
      "node": {
        "label": "OR",
        "type": "BinaryOperator"
      },
      "location-after-char-start": 39466,
      "location-after-char-end": 39507,
      "node-str": "OR"
    },
    {
      "type": "insert-node",
      "node": {
        "label": "EQ",
        "type": "BinaryOperator"
      },
      "location-after-char-start": 39631,
      "location-after-char-end": 39644,
      "node-str": "EQ"
    },
    {
      "type": "insert-node",
      "node": {
        "label": "THEN",
        "type": "then"
      },
      "location-after-char-start": 39656,
      "location-after-char-end": 39709,
      "node-str": "THEN"
    },
    {
      "type": "insert-node",
      "node": {
        "label": "OR",
        "type": "BinaryOperator"
      },
      "location-after-char-start": 39767,
      "location-after-char-end": 39826,
      "node-str": "OR"
    },
    {
      "type": "insert-node",
      "node": {
        "label": "dirtyRelations",
        "type": "FieldRead"
      },
      "location-after-char-start": 31642,
      "location-after-char-end": 31655,
      "node-str": "dirtyRelations"
    },
    {
      "type": "insert-node",
      "node": {
        "label": "null",
        "type": "Literal"
      },
      "location-after-char-start": 31660,
      "location-after-char-end": 31663,
      "node-str": "null"
    },
    {
      "type": "insert-node",
      "node": {
        "label": "while",
        "type": "While"
      },
      "location-after-char-start": 31689,
      "location-after-char-end": 31820,
      "node-str": "while"
    },
    {
      "type": "move-subtree",
      "node": {
        "label": "NE",
        "type": "BinaryOperator"
      },
      "location-before-char-start": 39075,
      "location-before-char-end": 39088,
      "location-after-char-start": 39364,
      "location-after-char-end": 39377,
      "node-str": "NE"
    },
    {
      "type": "insert-node",
      "node": {
        "label": "NE",
        "type": "BinaryOperator"
      },
      "location-after-char-start": 39382,
      "location-after-char-end": 39405,
      "node-str": "NE"
    },
    {
      "type": "move-subtree",
      "node": {
        "label": "EQ",
        "type": "BinaryOperator"
      },
      "location-before-char-start": 39149,
      "location-before-char-end": 39162,
      "location-after-char-start": 39466,
      "location-after-char-end": 39479,
      "node-str": "EQ"
    },
    {
      "type": "insert-node",
      "node": {
        "label": "EQ",
        "type": "BinaryOperator"
      },
      "location-after-char-start": 39484,
      "location-after-char-end": 39507,
      "node-str": "EQ"
    },
    {
      "type": "insert-node",
      "node": {
        "label": "state",
        "type": "FieldRead"
      },
      "location-after-char-start": 39631,
      "location-after-char-end": 39635,
      "node-str": "state"
    },
    {
      "type": "insert-node",
      "node": {
        "label": "CLEAN",
        "type": "FieldRead"
      },
      "location-after-char-start": 39640,
      "location-after-char-end": 39644,
      "node-str": "CLEAN"
    },
    {
      "type": "insert-node",
      "node": {
        "label": "updateState",
        "type": "Invocation"
      },
      "location-after-char-start": 39670,
      "location-after-char-end": 39698,
      "node-str": "updateState"
    },
    {
      "type": "move-subtree",
      "node": {
        "label": "OR",
        "type": "BinaryOperator"
      },
      "location-before-char-start": 39275,
      "location-before-char-end": 39306,
      "location-after-char-start": 39767,
      "location-after-char-end": 39798,
      "node-str": "OR"
    },
    {
      "type": "insert-node",
      "node": {
        "label": "EQ",
        "type": "BinaryOperator"
      },
      "location-after-char-start": 39803,
      "location-after-char-end": 39826,
      "node-str": "EQ"
    },
    {
      "type": "insert-node",
      "node": {
        "label": "org.jboss.ejb.plugins.cmp.jdbc2.schema.EntityTable$View",
        "type": "TypeAccess"
      },
      "location-after-char-start": 0,
      "location-after-char-end": 0,
      "node-str": "org.jboss.ejb.plugins.cmp.jdbc2.schema.EntityTable$View"
    },
    {
      "type": "insert-node",
      "node": {
        "label": "NE",
        "type": "BinaryOperator"
      },
      "location-after-char-start": 31695,
      "location-after-char-end": 31716,
      "node-str": "NE"
    },
    {
      "type": "insert-node",
      "node": {
        "label": "row",
        "type": "LocalVariable"
      },
      "location-after-char-start": 31748,
      "location-after-char-end": 31772,
      "node-str": "row"
    },
    {
      "type": "insert-node",
      "node": {
        "label": "flushStatus",
        "type": "Invocation"
      },
      "location-after-char-start": 31789,
      "location-after-char-end": 31806,
      "node-str": "flushStatus"
    },
    {
      "type": "insert-node",
      "node": {
        "label": "state",
        "type": "FieldRead"
      },
      "location-after-char-start": 39382,
      "location-after-char-end": 39386,
      "node-str": "state"
    },
    {
      "type": "insert-node",
      "node": {
        "label": "DIRTY_RELATIONS",
        "type": "FieldRead"
      },
      "location-after-char-start": 39391,
      "location-after-char-end": 39405,
      "node-str": "DIRTY_RELATIONS"
    },
    {
      "type": "insert-node",
      "node": {
        "label": "state",
        "type": "FieldRead"
      },
      "location-after-char-start": 39484,
      "location-after-char-end": 39488,
      "node-str": "state"
    },
    {
      "type": "insert-node",
      "node": {
        "label": "DIRTY_RELATIONS",
        "type": "FieldRead"
      },
      "location-after-char-start": 39493,
      "location-after-char-end": 39507,
      "node-str": "DIRTY_RELATIONS"
    },
    {
      "type": "insert-node",
      "node": {
        "label": "org.jboss.ejb.plugins.cmp.jdbc2.schema.EntityTable$Row",
        "type": "TypeAccess"
      },
      "location-after-char-start": 0,
      "location-after-char-end": 0,
      "node-str": "org.jboss.ejb.plugins.cmp.jdbc2.schema.EntityTable$Row"
    },
    {
      "type": "insert-node",
      "node": {
        "label": "org.jboss.ejb.plugins.cmp.jdbc2.schema.EntityTable$Row",
        "type": "TypeAccess"
      },
      "location-after-char-start": 0,
      "location-after-char-end": 0,
      "node-str": "org.jboss.ejb.plugins.cmp.jdbc2.schema.EntityTable$Row"
    },
    {
      "type": "insert-node",
      "node": {
        "label": "DIRTY_RELATIONS",
        "type": "FieldRead"
      },
      "location-after-char-start": 39682,
      "location-after-char-end": 39696,
      "node-str": "DIRTY_RELATIONS"
    },
    {
      "type": "insert-node",
      "node": {
        "label": "state",
        "type": "FieldRead"
      },
      "location-after-char-start": 39803,
      "location-after-char-end": 39807,
      "node-str": "state"
    },
    {
      "type": "insert-node",
      "node": {
        "label": "DIRTY_RELATIONS",
        "type": "FieldRead"
      },
      "location-after-char-start": 39812,
      "location-after-char-end": 39826,
      "node-str": "DIRTY_RELATIONS"
    },
    {
      "type": "insert-node",
      "node": {
        "label": "ELSE",
        "type": "else"
      },
      "location-after-char-start": 40915,
      "location-after-char-end": 40996,
      "node-str": "ELSE"
    },
    {
      "type": "insert-node",
      "node": {
        "label": "dirtyRelations",
        "type": "FieldRead"
      },
      "location-after-char-start": 31695,
      "location-after-char-end": 31708,
      "node-str": "dirtyRelations"
    },
    {
      "type": "insert-node",
      "node": {
        "label": "null",
        "type": "Literal"
      },
      "location-after-char-start": 31713,
      "location-after-char-end": 31716,
      "node-str": "null"
    },
    {
      "type": "insert-node",
      "node": {
        "label": "org.jboss.ejb.plugins.cmp.jdbc2.schema.EntityTable$Row",
        "type": "VARIABLE_TYPE"
      },
      "location-after-char-start": 0,
      "location-after-char-end": 0,
      "node-str": "org.jboss.ejb.plugins.cmp.jdbc2.schema.EntityTable$Row"
    },
    {
      "type": "insert-node",
      "node": {
        "label": "dirtyRelations",
        "type": "FieldRead"
      },
      "location-after-char-start": 31758,
      "location-after-char-end": 31771,
      "node-str": "dirtyRelations"
    },
    {
      "type": "insert-node",
      "node": {
        "label": "row",
        "type": "VariableRead"
      },
      "location-after-char-start": 31789,
      "location-after-char-end": 31791,
      "node-str": "row"
    },
    {
      "type": "insert-node",
      "node": {
        "label": "org.jboss.ejb.plugins.cmp.jdbc2.schema.EntityTable$Row",
        "type": "TypeAccess"
      },
      "location-after-char-start": 0,
      "location-after-char-end": 0,
      "node-str": "org.jboss.ejb.plugins.cmp.jdbc2.schema.EntityTable$Row"
    },
    {
      "type": "insert-node",
      "node": {
        "label": "org.jboss.ejb.plugins.cmp.jdbc2.schema.EntityTable$Row",
        "type": "TypeAccess"
      },
      "location-after-char-start": 0,
      "location-after-char-end": 0,
      "node-str": "org.jboss.ejb.plugins.cmp.jdbc2.schema.EntityTable$Row"
    },
    {
      "type": "insert-node",
      "node": {
        "label": "org.jboss.ejb.plugins.cmp.jdbc2.schema.EntityTable$Row",
        "type": "TypeAccess"
      },
      "location-after-char-start": 0,
      "location-after-char-end": 0,
      "node-str": "org.jboss.ejb.plugins.cmp.jdbc2.schema.EntityTable$Row"
    },
    {
      "type": "insert-node",
      "node": {
        "label": "if",
        "type": "If"
      },
      "location-after-char-start": 40915,
      "location-after-char-end": 40996,
      "node-str": "if"
    },
    {
      "type": "insert-node",
      "node": {
        "label": "org.jboss.ejb.plugins.cmp.jdbc2.schema.EntityTable$View",
        "type": "TypeAccess"
      },
      "location-after-char-start": 0,
      "location-after-char-end": 0,
      "node-str": "org.jboss.ejb.plugins.cmp.jdbc2.schema.EntityTable$View"
    },
    {
      "type": "insert-node",
      "node": {
        "label": "org.jboss.ejb.plugins.cmp.jdbc2.schema.EntityTable$View",
        "type": "TypeAccess"
      },
      "location-after-char-start": 0,
      "location-after-char-end": 0,
      "node-str": "org.jboss.ejb.plugins.cmp.jdbc2.schema.EntityTable$View"
    },
    {
      "type": "insert-node",
      "node": {
        "label": "EQ",
        "type": "BinaryOperator"
      },
      "location-after-char-start": 40918,
      "location-after-char-end": 40941,
      "node-str": "EQ"
    },
    {
      "type": "insert-node",
      "node": {
        "label": "THEN",
        "type": "then"
      },
      "location-after-char-start": 40953,
      "location-after-char-end": 40996,
      "node-str": "THEN"
    },
    {
      "type": "insert-node",
      "node": {
        "label": "state",
        "type": "FieldRead"
      },
      "location-after-char-start": 40918,
      "location-after-char-end": 40922,
      "node-str": "state"
    },
    {
      "type": "insert-node",
      "node": {
        "label": "DIRTY_RELATIONS",
        "type": "FieldRead"
      },
      "location-after-char-start": 40927,
      "location-after-char-end": 40941,
      "node-str": "DIRTY_RELATIONS"
    },
    {
      "type": "insert-node",
      "node": {
        "label": "updateState",
        "type": "Invocation"
      },
      "location-after-char-start": 40967,
      "location-after-char-end": 40985,
      "node-str": "updateState"
    },
    {
      "type": "insert-node",
      "node": {
        "label": "org.jboss.ejb.plugins.cmp.jdbc2.schema.EntityTable$Row",
        "type": "TypeAccess"
      },
      "location-after-char-start": 0,
      "location-after-char-end": 0,
      "node-str": "org.jboss.ejb.plugins.cmp.jdbc2.schema.EntityTable$Row"
    },
    {
      "type": "insert-node",
      "node": {
        "label": "org.jboss.ejb.plugins.cmp.jdbc2.schema.EntityTable$Row",
        "type": "TypeAccess"
      },
      "location-after-char-start": 0,
      "location-after-char-end": 0,
      "node-str": "org.jboss.ejb.plugins.cmp.jdbc2.schema.EntityTable$Row"
    },
    {
      "type": "insert-node",
      "node": {
        "label": "CLEAN",
        "type": "FieldRead"
      },
      "location-after-char-start": 40979,
      "location-after-char-end": 40983,
      "node-str": "CLEAN"
    },
    {
      "type": "insert-node",
      "node": {
        "label": "ELSE",
        "type": "else"
      },
      "location-after-char-start": 42438,
      "location-after-char-end": 42806,
      "node-str": "ELSE"
    },
    {
      "type": "insert-node",
      "node": {
        "label": "ELSE",
        "type": "else"
      },
      "location-after-char-start": 43341,
      "location-after-char-end": 43461,
      "node-str": "ELSE"
    },
    {
      "type": "insert-node",
      "node": {
        "label": "if",
        "type": "If"
      },
      "location-after-char-start": 42438,
      "location-after-char-end": 42806,
      "node-str": "if"
    },
    {
      "type": "insert-node",
      "node": {
        "label": "if",
        "type": "If"
      },
      "location-after-char-start": 43341,
      "location-after-char-end": 43461,
      "node-str": "if"
    },
    {
      "type": "insert-node",
      "node": {
        "label": "EQ",
        "type": "BinaryOperator"
      },
      "location-after-char-start": 42441,
      "location-after-char-end": 42464,
      "node-str": "EQ"
    },
    {
      "type": "insert-node",
      "node": {
        "label": "THEN",
        "type": "then"
      },
      "location-after-char-start": 42476,
      "location-after-char-end": 42690,
      "node-str": "THEN"
    },
    {
      "type": "move-subtree",
      "node": {
        "label": "ELSE",
        "type": "else"
      },
      "location-before-char-start": 41830,
      "location-before-char-end": 41921,
      "location-after-char-start": 42715,
      "location-after-char-end": 42806,
      "node-str": "ELSE"
    },
    {
      "type": "insert-node",
      "node": {
        "label": "AND",
        "type": "BinaryOperator"
      },
      "location-after-char-start": 43344,
      "location-after-char-end": 43398,
      "node-str": "AND"
    },
    {
      "type": "insert-node",
      "node": {
        "label": "THEN",
        "type": "then"
      },
      "location-after-char-start": 43410,
      "location-after-char-end": 43461,
      "node-str": "THEN"
    },
    {
      "type": "insert-node",
      "node": {
        "label": "state",
        "type": "VariableRead"
      },
      "location-after-char-start": 42441,
      "location-after-char-end": 42445,
      "node-str": "state"
    },
    {
      "type": "insert-node",
      "node": {
        "label": "DIRTY_RELATIONS",
        "type": "FieldRead"
      },
      "location-after-char-start": 42450,
      "location-after-char-end": 42464,
      "node-str": "DIRTY_RELATIONS"
    },
    {
      "type": "insert-node",
      "node": {
        "label": "if",
        "type": "If"
      },
      "location-after-char-start": 42490,
      "location-after-char-end": 42639,
      "node-str": "if"
    },
    {
      "type": "insert-node",
      "node": {
        "label": "\u003d",
        "type": "Assignment"
      },
      "location-after-char-start": 42653,
      "location-after-char-end": 42679,
      "node-str": "\u003d"
    },
    {
      "type": "insert-node",
      "node": {
        "label": "EQ",
        "type": "BinaryOperator"
      },
      "location-after-char-start": 43344,
      "location-after-char-end": 43367,
      "node-str": "EQ"
    },
    {
      "type": "insert-node",
      "node": {
        "label": "EQ",
        "type": "BinaryOperator"
      },
      "location-after-char-start": 43372,
      "location-after-char-end": 43398,
      "node-str": "EQ"
    },
    {
      "type": "insert-node",
      "node": {
        "label": "\u003d",
        "type": "Assignment"
      },
      "location-after-char-start": 43424,
      "location-after-char-end": 43450,
      "node-str": "\u003d"
    },
    {
      "type": "insert-node",
      "node": {
        "label": "NE",
        "type": "BinaryOperator"
      },
      "location-after-char-start": 42493,
      "location-after-char-end": 42519,
      "node-str": "NE"
    },
    {
      "type": "insert-node",
      "node": {
        "label": "THEN",
        "type": "then"
      },
      "location-after-char-start": 42534,
      "location-after-char-end": 42639,
      "node-str": "THEN"
    },
    {
      "type": "insert-node",
      "node": {
        "label": "dirtyRelations",
        "type": "FieldWrite"
      },
      "location-after-char-start": 42653,
      "location-after-char-end": 42671,
      "node-str": "dirtyRelations"
    },
    {
      "type": "insert-node",
      "node": {
        "label": "this",
        "type": "ThisAccess"
      },
      "location-after-char-start": 42675,
      "location-after-char-end": 42678,
      "node-str": "this"
    },
    {
      "type": "insert-node",
      "node": {
        "label": "state",
        "type": "FieldRead"
      },
      "location-after-char-start": 43344,
      "location-after-char-end": 43348,
      "node-str": "state"
    },
    {
      "type": "insert-node",
      "node": {
        "label": "DIRTY_RELATIONS",
        "type": "FieldRead"
      },
      "location-after-char-start": 43353,
      "location-after-char-end": 43367,
      "node-str": "DIRTY_RELATIONS"
    },
    {
      "type": "insert-node",
      "node": {
        "label": "dirtyRelations",
        "type": "FieldRead"
      },
      "location-after-char-start": 43372,
      "location-after-char-end": 43390,
      "node-str": "dirtyRelations"
    },
    {
      "type": "insert-node",
      "node": {
        "label": "this",
        "type": "ThisAccess"
      },
      "location-after-char-start": 43395,
      "location-after-char-end": 43398,
      "node-str": "this"
    },
    {
      "type": "insert-node",
      "node": {
        "label": "dirtyRelations",
        "type": "FieldWrite"
      },
      "location-after-char-start": 43424,
      "location-after-char-end": 43442,
      "node-str": "dirtyRelations"
    },
    {
      "type": "insert-node",
      "node": {
        "label": "next",
        "type": "FieldRead"
      },
      "location-after-char-start": 43446,
      "location-after-char-end": 43449,
      "node-str": "next"
    },
    {
      "type": "insert-node",
      "node": {
        "label": "dirtyRelations",
        "type": "FieldRead"
      },
      "location-after-char-start": 42493,
      "location-after-char-end": 42511,
      "node-str": "dirtyRelations"
    },
    {
      "type": "insert-node",
      "node": {
        "label": "null",
        "type": "Literal"
      },
      "location-after-char-start": 42516,
      "location-after-char-end": 42519,
      "node-str": "null"
    },
    {
      "type": "insert-node",
      "node": {
        "label": "\u003d",
        "type": "Assignment"
      },
      "location-after-char-start": 42551,
      "location-after-char-end": 42577,
      "node-str": "\u003d"
    },
    {
      "type": "insert-node",
      "node": {
        "label": "\u003d",
        "type": "Assignment"
      },
      "location-after-char-start": 42594,
      "location-after-char-end": 42625,
      "node-str": "\u003d"
    },
    {
      "type": "insert-node",
      "node": {
        "label": "view",
        "type": "FieldRead"
      },
      "location-after-char-start": 42653,
      "location-after-char-end": 42656,
      "node-str": "view"
    },
    {
      "type": "insert-node",
      "node": {
        "label": "org.jboss.ejb.plugins.cmp.jdbc2.schema.EntityTable$Row",
        "type": "TypeAccess"
      },
      "location-after-char-start": 0,
      "location-after-char-end": 0,
      "node-str": "org.jboss.ejb.plugins.cmp.jdbc2.schema.EntityTable$Row"
    },
    {
      "type": "insert-node",
      "node": {
        "label": "org.jboss.ejb.plugins.cmp.jdbc2.schema.EntityTable$Row",
        "type": "TypeAccess"
      },
      "location-after-char-start": 0,
      "location-after-char-end": 0,
      "node-str": "org.jboss.ejb.plugins.cmp.jdbc2.schema.EntityTable$Row"
    },
    {
      "type": "insert-node",
      "node": {
        "label": "view",
        "type": "FieldRead"
      },
      "location-after-char-start": 43372,
      "location-after-char-end": 43375,
      "node-str": "view"
    },
    {
      "type": "insert-node",
      "node": {
        "label": "org.jboss.ejb.plugins.cmp.jdbc2.schema.EntityTable$Row",
        "type": "TypeAccess"
      },
      "location-after-char-start": 0,
      "location-after-char-end": 0,
      "node-str": "org.jboss.ejb.plugins.cmp.jdbc2.schema.EntityTable$Row"
    },
    {
      "type": "insert-node",
      "node": {
        "label": "view",
        "type": "FieldRead"
      },
      "location-after-char-start": 43424,
      "location-after-char-end": 43427,
      "node-str": "view"
    },
    {
      "type": "insert-node",
      "node": {
        "label": "org.jboss.ejb.plugins.cmp.jdbc2.schema.EntityTable$Row",
        "type": "TypeAccess"
      },
      "location-after-char-start": 0,
      "location-after-char-end": 0,
      "node-str": "org.jboss.ejb.plugins.cmp.jdbc2.schema.EntityTable$Row"
    },
    {
      "type": "insert-node",
      "node": {
        "label": "view",
        "type": "FieldRead"
      },
      "location-after-char-start": 42493,
      "location-after-char-end": 42496,
      "node-str": "view"
    },
    {
      "type": "insert-node",
      "node": {
        "label": "next",
        "type": "FieldWrite"
      },
      "location-after-char-start": 42551,
      "location-after-char-end": 42554,
      "node-str": "next"
    },
    {
      "type": "insert-node",
      "node": {
        "label": "dirtyRelations",
        "type": "FieldRead"
      },
      "location-after-char-start": 42558,
      "location-after-char-end": 42576,
      "node-str": "dirtyRelations"
    },
    {
      "type": "insert-node",
      "node": {
        "label": "prev",
        "type": "FieldWrite"
      },
      "location-after-char-start": 42594,
      "location-after-char-end": 42617,
      "node-str": "prev"
    },
    {
      "type": "insert-node",
      "node": {
        "label": "this",
        "type": "ThisAccess"
      },
      "location-after-char-start": 42621,
      "location-after-char-end": 42624,
      "node-str": "this"
    },
    {
      "type": "insert-node",
      "node": {
        "label": "org.jboss.ejb.plugins.cmp.jdbc2.schema.EntityTable$Row",
        "type": "TypeAccess"
      },
      "location-after-char-start": 0,
      "location-after-char-end": 0,
      "node-str": "org.jboss.ejb.plugins.cmp.jdbc2.schema.EntityTable$Row"
    },
    {
      "type": "insert-node",
      "node": {
        "label": "org.jboss.ejb.plugins.cmp.jdbc2.schema.EntityTable$Row",
        "type": "TypeAccess"
      },
      "location-after-char-start": 0,
      "location-after-char-end": 0,
      "node-str": "org.jboss.ejb.plugins.cmp.jdbc2.schema.EntityTable$Row"
    },
    {
      "type": "insert-node",
      "node": {
        "label": "org.jboss.ejb.plugins.cmp.jdbc2.schema.EntityTable$Row",
        "type": "TypeAccess"
      },
      "location-after-char-start": 0,
      "location-after-char-end": 0,
      "node-str": "org.jboss.ejb.plugins.cmp.jdbc2.schema.EntityTable$Row"
    },
    {
      "type": "insert-node",
      "node": {
        "label": "org.jboss.ejb.plugins.cmp.jdbc2.schema.EntityTable$Row",
        "type": "TypeAccess"
      },
      "location-after-char-start": 0,
      "location-after-char-end": 0,
      "node-str": "org.jboss.ejb.plugins.cmp.jdbc2.schema.EntityTable$Row"
    },
    {
      "type": "insert-node",
      "node": {
        "label": "org.jboss.ejb.plugins.cmp.jdbc2.schema.EntityTable$Row",
        "type": "TypeAccess"
      },
      "location-after-char-start": 0,
      "location-after-char-end": 0,
      "node-str": "org.jboss.ejb.plugins.cmp.jdbc2.schema.EntityTable$Row"
    },
    {
      "type": "insert-node",
      "node": {
        "label": "view",
        "type": "FieldRead"
      },
      "location-after-char-start": 42558,
      "location-after-char-end": 42561,
      "node-str": "view"
    },
    {
      "type": "insert-node",
      "node": {
        "label": "dirtyRelations",
        "type": "FieldRead"
      },
      "location-after-char-start": 42594,
      "location-after-char-end": 42612,
      "node-str": "dirtyRelations"
    },
    {
      "type": "insert-node",
      "node": {
        "label": "org.jboss.ejb.plugins.cmp.jdbc2.schema.EntityTable$Row",
        "type": "TypeAccess"
      },
      "location-after-char-start": 0,
      "location-after-char-end": 0,
      "node-str": "org.jboss.ejb.plugins.cmp.jdbc2.schema.EntityTable$Row"
    },
    {
      "type": "insert-node",
      "node": {
        "label": "org.jboss.ejb.plugins.cmp.jdbc2.schema.EntityTable$Row",
        "type": "TypeAccess"
      },
      "location-after-char-start": 0,
      "location-after-char-end": 0,
      "node-str": "org.jboss.ejb.plugins.cmp.jdbc2.schema.EntityTable$Row"
    },
    {
      "type": "insert-node",
      "node": {
        "label": "view",
        "type": "FieldRead"
      },
      "location-after-char-start": 42594,
      "location-after-char-end": 42597,
      "node-str": "view"
    },
    {
      "type": "insert-node",
      "node": {
        "label": "org.jboss.ejb.plugins.cmp.jdbc2.schema.EntityTable$Row",
        "type": "TypeAccess"
      },
      "location-after-char-start": 0,
      "location-after-char-end": 0,
      "node-str": "org.jboss.ejb.plugins.cmp.jdbc2.schema.EntityTable$Row"
    },
    {
      "type": "delete-node",
      "node": {
        "label": "public",
        "type": "Modifier"
      },
      "location-before-char-start": 0,
      "location-before-char-end": 0,
      "node-str": "public"
    },
    {
      "type": "delete-node",
      "node": {
        "label": "byte",
        "type": "VARIABLE_TYPE"
      },
      "location-before-char-start": 0,
      "location-before-char-end": 0,
      "node-str": "byte"
    },
    {
      "type": "delete-node",
      "node": {
        "label": "final",
        "type": "Modifier"
      },
      "location-before-char-start": 0,
      "location-before-char-end": 0,
      "node-str": "final"
    },
    {
      "type": "delete-node",
      "node": {
        "label": "static",
        "type": "Modifier"
      },
      "location-before-char-start": 0,
      "location-before-char-end": 0,
      "node-str": "static"
    },
    {
      "type": "delete-node",
      "node": {
        "label": "0",
        "type": "Literal"
      },
      "location-before-char-start": 2151,
      "location-before-char-end": 2151,
      "node-str": "0"
    },
    {
      "type": "delete-node",
      "node": {
        "label": "UNREFERENCED",
        "type": "Field"
      },
      "location-before-char-start": 2110,
      "location-before-char-end": 2152,
      "node-str": "UNREFERENCED"
    },
    {
      "type": "delete-node",
      "node": {
        "label": "byte",
        "type": "VARIABLE_TYPE"
      },
      "location-before-char-start": 0,
      "location-before-char-end": 0,
      "node-str": "byte"
    },
    {
      "type": "delete-node",
      "node": {
        "label": "final",
        "type": "Modifier"
      },
      "location-before-char-start": 0,
      "location-before-char-end": 0,
      "node-str": "final"
    },
    {
      "type": "delete-node",
      "node": {
        "label": "static",
        "type": "Modifier"
      },
      "location-before-char-start": 0,
      "location-before-char-end": 0,
      "node-str": "static"
    },
    {
      "type": "delete-node",
      "node": {
        "label": "1",
        "type": "Literal"
      },
      "location-before-char-start": 2191,
      "location-before-char-end": 2191,
      "node-str": "1"
    },
    {
      "type": "delete-node",
      "node": {
        "label": "CLEAN",
        "type": "Field"
      },
      "location-before-char-start": 2157,
      "location-before-char-end": 2192,
      "node-str": "CLEAN"
    },
    {
      "type": "delete-node",
      "node": {
        "label": "byte",
        "type": "VARIABLE_TYPE"
      },
      "location-before-char-start": 0,
      "location-before-char-end": 0,
      "node-str": "byte"
    },
    {
      "type": "delete-node",
      "node": {
        "label": "final",
        "type": "Modifier"
      },
      "location-before-char-start": 0,
      "location-before-char-end": 0,
      "node-str": "final"
    },
    {
      "type": "delete-node",
      "node": {
        "label": "static",
        "type": "Modifier"
      },
      "location-before-char-start": 0,
      "location-before-char-end": 0,
      "node-str": "static"
    },
    {
      "type": "delete-node",
      "node": {
        "label": "2",
        "type": "Literal"
      },
      "location-before-char-start": 2231,
      "location-before-char-end": 2231,
      "node-str": "2"
    },
    {
      "type": "delete-node",
      "node": {
        "label": "DIRTY",
        "type": "Field"
      },
      "location-before-char-start": 2197,
      "location-before-char-end": 2232,
      "node-str": "DIRTY"
    },
    {
      "type": "delete-node",
      "node": {
        "label": "byte",
        "type": "VARIABLE_TYPE"
      },
      "location-before-char-start": 0,
      "location-before-char-end": 0,
      "node-str": "byte"
    },
    {
      "type": "delete-node",
      "node": {
        "label": "final",
        "type": "Modifier"
      },
      "location-before-char-start": 0,
      "location-before-char-end": 0,
      "node-str": "final"
    },
    {
      "type": "delete-node",
      "node": {
        "label": "static",
        "type": "Modifier"
      },
      "location-before-char-start": 0,
      "location-before-char-end": 0,
      "node-str": "static"
    },
    {
      "type": "delete-node",
      "node": {
        "label": "4",
        "type": "Literal"
      },
      "location-before-char-start": 2273,
      "location-before-char-end": 2273,
      "node-str": "4"
    },
    {
      "type": "delete-node",
      "node": {
        "label": "CREATED",
        "type": "Field"
      },
      "location-before-char-start": 2237,
      "location-before-char-end": 2274,
      "node-str": "CREATED"
    },
    {
      "type": "delete-node",
      "node": {
        "label": "byte",
        "type": "VARIABLE_TYPE"
      },
      "location-before-char-start": 0,
      "location-before-char-end": 0,
      "node-str": "byte"
    },
    {
      "type": "delete-node",
      "node": {
        "label": "final",
        "type": "Modifier"
      },
      "location-before-char-start": 0,
      "location-before-char-end": 0,
      "node-str": "final"
    },
    {
      "type": "delete-node",
      "node": {
        "label": "static",
        "type": "Modifier"
      },
      "location-before-char-start": 0,
      "location-before-char-end": 0,
      "node-str": "static"
    },
    {
      "type": "delete-node",
      "node": {
        "label": "8",
        "type": "Literal"
      },
      "location-before-char-start": 2315,
      "location-before-char-end": 2315,
      "node-str": "8"
    },
    {
      "type": "delete-node",
      "node": {
        "label": "DELETED",
        "type": "Field"
      },
      "location-before-char-start": 2279,
      "location-before-char-end": 2316,
      "node-str": "DELETED"
    },
    {
      "type": "delete-node",
      "node": {
        "label": "org.jboss.ejb.plugins.cmp.jdbc2.bridge.JDBCEntityBridge2",
        "type": "VARIABLE_TYPE"
      },
      "location-before-char-start": 0,
      "location-before-char-end": 0,
      "node-str": "org.jboss.ejb.plugins.cmp.jdbc2.bridge.JDBCEntityBridge2"
    },
    {
      "type": "delete-node",
      "node": {
        "label": "entity",
        "type": "Field"
      },
      "location-before-char-start": 2322,
      "location-before-char-end": 2354,
      "node-str": "entity"
    },
    {
      "type": "delete-node",
      "node": {
        "label": "java.lang.String",
        "type": "VARIABLE_TYPE"
      },
      "location-before-char-start": 0,
      "location-before-char-end": 0,
      "node-str": "java.lang.String"
    },
    {
      "type": "delete-node",
      "node": {
        "label": "tableName",
        "type": "Field"
      },
      "location-before-char-start": 2359,
      "location-before-char-end": 2383,
      "node-str": "tableName"
    },
    {
      "type": "delete-node",
      "node": {
        "label": "int",
        "type": "VARIABLE_TYPE"
      },
      "location-before-char-start": 0,
      "location-before-char-end": 0,
      "node-str": "int"
    },
    {
      "type": "delete-node",
      "node": {
        "label": "fieldsTotal",
        "type": "Field"
      },
      "location-before-char-start": 2388,
      "location-before-char-end": 2411,
      "node-str": "fieldsTotal"
    },
    {
      "type": "delete-node",
      "node": {
        "label": "int",
        "type": "VARIABLE_TYPE"
      },
      "location-before-char-start": 0,
      "location-before-char-end": 0,
      "node-str": "int"
    },
    {
      "type": "delete-node",
      "node": {
        "label": "relationsTotal",
        "type": "Field"
      },
      "location-before-char-start": 2416,
      "location-before-char-end": 2442,
      "node-str": "relationsTotal"
    },
    {
      "type": "delete-node",
      "node": {
        "label": "javax.sql.DataSource",
        "type": "VARIABLE_TYPE"
      },
      "location-before-char-start": 0,
      "location-before-char-end": 0,
      "node-str": "javax.sql.DataSource"
    },
    {
      "type": "delete-node",
      "node": {
        "label": "dataSource",
        "type": "Field"
      },
      "location-before-char-start": 2447,
      "location-before-char-end": 2476,
      "node-str": "dataSource"
    },
    {
      "type": "delete-node",
      "node": {
        "label": "org.jboss.ejb.plugins.cmp.jdbc2.schema.Schema",
        "type": "VARIABLE_TYPE"
      },
      "location-before-char-start": 0,
      "location-before-char-end": 0,
      "node-str": "org.jboss.ejb.plugins.cmp.jdbc2.schema.Schema"
    },
    {
      "type": "delete-node",
      "node": {
        "label": "schema",
        "type": "Field"
      },
      "location-before-char-start": 2481,
      "location-before-char-end": 2502,
      "node-str": "schema"
    },
    {
      "type": "delete-node",
      "node": {
        "label": "int",
        "type": "VARIABLE_TYPE"
      },
      "location-before-char-start": 0,
      "location-before-char-end": 0,
      "node-str": "int"
    },
    {
      "type": "delete-node",
      "node": {
        "label": "tableId",
        "type": "Field"
      },
      "location-before-char-start": 2507,
      "location-before-char-end": 2526,
      "node-str": "tableId"
    },
    {
      "type": "delete-node",
      "node": {
        "label": "boolean",
        "type": "VARIABLE_TYPE"
      },
      "location-before-char-start": 0,
      "location-before-char-end": 0,
      "node-str": "boolean"
    },
    {
      "type": "delete-node",
      "node": {
        "label": "dontFlushCreated",
        "type": "Field"
      },
      "location-before-char-start": 2531,
      "location-before-char-end": 2563,
      "node-str": "dontFlushCreated"
    },
    {
      "type": "delete-node",
      "node": {
        "label": "java.lang.String",
        "type": "VARIABLE_TYPE"
      },
      "location-before-char-start": 0,
      "location-before-char-end": 0,
      "node-str": "java.lang.String"
    },
    {
      "type": "delete-node",
      "node": {
        "label": "deleteSql",
        "type": "Field"
      },
      "location-before-char-start": 2569,
      "location-before-char-end": 2593,
      "node-str": "deleteSql"
    },
    {
      "type": "delete-node",
      "node": {
        "label": "java.lang.String",
        "type": "VARIABLE_TYPE"
      },
      "location-before-char-start": 0,
      "location-before-char-end": 0,
      "node-str": "java.lang.String"
    },
    {
      "type": "delete-node",
      "node": {
        "label": "updateSql",
        "type": "Field"
      },
      "location-before-char-start": 2598,
      "location-before-char-end": 2622,
      "node-str": "updateSql"
    },
    {
      "type": "delete-node",
      "node": {
        "label": "java.lang.String",
        "type": "VARIABLE_TYPE"
      },
      "location-before-char-start": 0,
      "location-before-char-end": 0,
      "node-str": "java.lang.String"
    },
    {
      "type": "delete-node",
      "node": {
        "label": "insertSql",
        "type": "Field"
      },
      "location-before-char-start": 2627,
      "location-before-char-end": 2651,
      "node-str": "insertSql"
    },
    {
      "type": "delete-node",
      "node": {
        "label": "java.lang.String",
        "type": "VARIABLE_TYPE"
      },
      "location-before-char-start": 0,
      "location-before-char-end": 0,
      "node-str": "java.lang.String"
    },
    {
      "type": "delete-node",
      "node": {
        "label": "selectSql",
        "type": "Field"
      },
      "location-before-char-start": 2656,
      "location-before-char-end": 2680,
      "node-str": "selectSql"
    },
    {
      "type": "delete-node",
      "node": {
        "label": "java.lang.String",
        "type": "VARIABLE_TYPE"
      },
      "location-before-char-start": 0,
      "location-before-char-end": 0,
      "node-str": "java.lang.String"
    },
    {
      "type": "delete-node",
      "node": {
        "label": "duplicatePkSql",
        "type": "Field"
      },
      "location-before-char-start": 2685,
      "location-before-char-end": 2714,
      "node-str": "duplicatePkSql"
    },
    {
      "type": "delete-node",
      "node": {
        "label": "org.jboss.ejb.plugins.cmp.jdbc2.schema.EntityTable$CommitStrategy",
        "type": "VARIABLE_TYPE"
      },
      "location-before-char-start": 0,
      "location-before-char-end": 0,
      "node-str": "org.jboss.ejb.plugins.cmp.jdbc2.schema.EntityTable$CommitStrategy"
    },
    {
      "type": "delete-node",
      "node": {
        "label": "final",
        "type": "Modifier"
      },
      "location-before-char-start": 0,
      "location-before-char-end": 0,
      "node-str": "final"
    },
    {
      "type": "delete-node",
      "node": {
        "label": "insertStrategy",
        "type": "Field"
      },
      "location-before-char-start": 2720,
      "location-before-char-end": 2763,
      "node-str": "insertStrategy"
    },
    {
      "type": "delete-node",
      "node": {
        "label": "org.jboss.ejb.plugins.cmp.jdbc2.schema.EntityTable$CommitStrategy",
        "type": "VARIABLE_TYPE"
      },
      "location-before-char-start": 0,
      "location-before-char-end": 0,
      "node-str": "org.jboss.ejb.plugins.cmp.jdbc2.schema.EntityTable$CommitStrategy"
    },
    {
      "type": "delete-node",
      "node": {
        "label": "final",
        "type": "Modifier"
      },
      "location-before-char-start": 0,
      "location-before-char-end": 0,
      "node-str": "final"
    },
    {
      "type": "delete-node",
      "node": {
        "label": "deleteStrategy",
        "type": "Field"
      },
      "location-before-char-start": 2768,
      "location-before-char-end": 2811,
      "node-str": "deleteStrategy"
    },
    {
      "type": "delete-node",
      "node": {
        "label": "org.jboss.ejb.plugins.cmp.jdbc2.schema.EntityTable$CommitStrategy",
        "type": "VARIABLE_TYPE"
      },
      "location-before-char-start": 0,
      "location-before-char-end": 0,
      "node-str": "org.jboss.ejb.plugins.cmp.jdbc2.schema.EntityTable$CommitStrategy"
    },
    {
      "type": "delete-node",
      "node": {
        "label": "final",
        "type": "Modifier"
      },
      "location-before-char-start": 0,
      "location-before-char-end": 0,
      "node-str": "final"
    },
    {
      "type": "delete-node",
      "node": {
        "label": "updateStrategy",
        "type": "Field"
      },
      "location-before-char-start": 2816,
      "location-before-char-end": 2859,
      "node-str": "updateStrategy"
    },
    {
      "type": "delete-node",
      "node": {
        "label": "org.jboss.logging.Logger",
        "type": "VARIABLE_TYPE"
      },
      "location-before-char-start": 0,
      "location-before-char-end": 0,
      "node-str": "org.jboss.logging.Logger"
    },
    {
      "type": "delete-node",
      "node": {
        "label": "log",
        "type": "Field"
      },
      "location-before-char-start": 2865,
      "location-before-char-end": 2883,
      "node-str": "log"
    },
    {
      "type": "delete-node",
      "node": {
        "label": "org.jboss.ejb.plugins.cmp.jdbc2.schema.Cache",
        "type": "VARIABLE_TYPE"
      },
      "location-before-char-start": 0,
      "location-before-char-end": 0,
      "node-str": "org.jboss.ejb.plugins.cmp.jdbc2.schema.Cache"
    },
    {
      "type": "delete-node",
      "node": {
        "label": "cache",
        "type": "Field"
      },
      "location-before-char-start": 2889,
      "location-before-char-end": 2908,
      "node-str": "cache"
    },
    {
      "type": "delete-node",
      "node": {
        "label": "org.jboss.system.ServiceControllerMBean",
        "type": "VARIABLE_TYPE"
      },
      "location-before-char-start": 0,
      "location-before-char-end": 0,
      "node-str": "org.jboss.system.ServiceControllerMBean"
    },
    {
      "type": "delete-node",
      "node": {
        "label": "serviceController",
        "type": "Field"
      },
      "location-before-char-start": 2913,
      "location-before-char-end": 2961,
      "node-str": "serviceController"
    },
    {
      "type": "delete-node",
      "node": {
        "label": "javax.management.ObjectName",
        "type": "VARIABLE_TYPE"
      },
      "location-before-char-start": 0,
      "location-before-char-end": 0,
      "node-str": "javax.management.ObjectName"
    },
    {
      "type": "delete-node",
      "node": {
        "label": "cacheName",
        "type": "Field"
      },
      "location-before-char-start": 2966,
      "location-before-char-end": 2994,
      "node-str": "cacheName"
    },
    {
      "type": "delete-node",
      "node": {
        "label": "int[]",
        "type": "VARIABLE_TYPE"
      },
      "location-before-char-start": 0,
      "location-before-char-end": 0,
      "node-str": "int[]"
    },
    {
      "type": "delete-node",
      "node": {
        "label": "references",
        "type": "Field"
      },
      "location-before-char-start": 3000,
      "location-before-char-end": 3024,
      "node-str": "references"
    },
    {
      "type": "delete-node",
      "node": {
        "label": "int[]",
        "type": "VARIABLE_TYPE"
      },
      "location-before-char-start": 0,
      "location-before-char-end": 0,
      "node-str": "int[]"
    },
    {
      "type": "delete-node",
      "node": {
        "label": "referencedBy",
        "type": "Field"
      },
      "location-before-char-start": 3029,
      "location-before-char-end": 3055,
      "node-str": "referencedBy"
    },
    {
      "type": "delete-node",
      "node": {
        "label": "org.jboss.ejb.plugins.cmp.jdbc2.schema.EntityTable$ForeignKeyConstraint[]",
        "type": "VARIABLE_TYPE"
      },
      "location-before-char-start": 0,
      "location-before-char-end": 0,
      "node-str": "org.jboss.ejb.plugins.cmp.jdbc2.schema.EntityTable$ForeignKeyConstraint[]"
    },
    {
      "type": "delete-node",
      "node": {
        "label": "fkConstraints",
        "type": "Field"
      },
      "location-before-char-start": 3061,
      "location-before-char-end": 3105,
      "node-str": "fkConstraints"
    },
    {
      "type": "delete-node",
      "node": {
        "label": "org.jboss.ejb.plugins.cmp.jdbc2.schema.CacheInvalidator",
        "type": "VARIABLE_TYPE"
      },
      "location-before-char-start": 0,
      "location-before-char-end": 0,
      "node-str": "org.jboss.ejb.plugins.cmp.jdbc2.schema.CacheInvalidator"
    },
    {
      "type": "delete-node",
      "node": {
        "label": "cacheInvalidator",
        "type": "Field"
      },
      "location-before-char-start": 3111,
      "location-before-char-end": 3152,
      "node-str": "cacheInvalidator"
    },
    {
      "type": "delete-node",
      "node": {
        "label": "public",
        "type": "Modifier"
      },
      "location-before-char-start": 0,
      "location-before-char-end": 0,
      "node-str": "public"
    },
    {
      "type": "delete-node",
      "node": {
        "label": "javax.transaction.Transaction",
        "type": "VARIABLE_TYPE"
      },
      "location-before-char-start": 0,
      "location-before-char-end": 0,
      "node-str": "javax.transaction.Transaction"
    },
    {
      "type": "delete-node",
      "node": {
        "label": "final",
        "type": "Modifier"
      },
      "location-before-char-start": 0,
      "location-before-char-end": 0,
      "node-str": "final"
    },
    {
      "type": "delete-node",
      "node": {
        "label": "tx",
        "type": "Field"
      },
      "location-before-char-start": 22785,
      "location-before-char-end": 22813,
      "node-str": "tx"
    },
    {
      "type": "delete-node",
      "node": {
        "label": "java.util.Map",
        "type": "VARIABLE_TYPE"
      },
      "location-before-char-start": 0,
      "location-before-char-end": 0,
      "node-str": "java.util.Map"
    },
    {
      "type": "delete-node",
      "node": {
        "label": "java.util.HashMap()",
        "type": "ConstructorCall"
      },
      "location-before-char-start": 22844,
      "location-before-char-end": 22856,
      "node-str": "java.util.HashMap()"
    },
    {
      "type": "delete-node",
      "node": {
        "label": "rowByPk",
        "type": "Field"
      },
      "location-before-char-start": 22822,
      "location-before-char-end": 22857,
      "node-str": "rowByPk"
    },
    {
      "type": "delete-node",
      "node": {
        "label": "org.jboss.ejb.plugins.cmp.jdbc2.schema.EntityTable$Row",
        "type": "VARIABLE_TYPE"
      },
      "location-before-char-start": 0,
      "location-before-char-end": 0,
      "node-str": "org.jboss.ejb.plugins.cmp.jdbc2.schema.EntityTable$Row"
    },
    {
      "type": "delete-node",
      "node": {
        "label": "created",
        "type": "Field"
      },
      "location-before-char-start": 22865,
      "location-before-char-end": 22884,
      "node-str": "created"
    },
    {
      "type": "delete-node",
      "node": {
        "label": "org.jboss.ejb.plugins.cmp.jdbc2.schema.EntityTable$Row",
        "type": "VARIABLE_TYPE"
      },
      "location-before-char-start": 0,
      "location-before-char-end": 0,
      "node-str": "org.jboss.ejb.plugins.cmp.jdbc2.schema.EntityTable$Row"
    },
    {
      "type": "delete-node",
      "node": {
        "label": "deleted",
        "type": "Field"
      },
      "location-before-char-start": 22892,
      "location-before-char-end": 22911,
      "node-str": "deleted"
    },
    {
      "type": "delete-node",
      "node": {
        "label": "org.jboss.ejb.plugins.cmp.jdbc2.schema.EntityTable$Row",
        "type": "VARIABLE_TYPE"
      },
      "location-before-char-start": 0,
      "location-before-char-end": 0,
      "node-str": "org.jboss.ejb.plugins.cmp.jdbc2.schema.EntityTable$Row"
    },
    {
      "type": "delete-node",
      "node": {
        "label": "dirty",
        "type": "Field"
      },
      "location-before-char-start": 22919,
      "location-before-char-end": 22936,
      "node-str": "dirty"
    },
    {
      "type": "delete-node",
      "node": {
        "label": "org.jboss.ejb.plugins.cmp.jdbc2.schema.EntityTable$Row",
        "type": "VARIABLE_TYPE"
      },
      "location-before-char-start": 0,
      "location-before-char-end": 0,
      "node-str": "org.jboss.ejb.plugins.cmp.jdbc2.schema.EntityTable$Row"
    },
    {
      "type": "delete-node",
      "node": {
        "label": "clean",
        "type": "Field"
      },
      "location-before-char-start": 22944,
      "location-before-char-end": 22961,
      "node-str": "clean"
    },
    {
      "type": "delete-node",
      "node": {
        "label": "org.jboss.ejb.plugins.cmp.jdbc2.schema.EntityTable$Row",
        "type": "VARIABLE_TYPE"
      },
      "location-before-char-start": 0,
      "location-before-char-end": 0,
      "node-str": "org.jboss.ejb.plugins.cmp.jdbc2.schema.EntityTable$Row"
    },
    {
      "type": "delete-node",
      "node": {
        "label": "cacheUpdates",
        "type": "Field"
      },
      "location-before-char-start": 22970,
      "location-before-char-end": 22994,
      "node-str": "cacheUpdates"
    },
    {
      "type": "delete-node",
      "node": {
        "label": "java.util.List",
        "type": "VARIABLE_TYPE"
      },
      "location-before-char-start": 0,
      "location-before-char-end": 0,
      "node-str": "java.util.List"
    },
    {
      "type": "delete-node",
      "node": {
        "label": "rowsWithNullFks",
        "type": "Field"
      },
      "location-before-char-start": 23003,
      "location-before-char-end": 23031,
      "node-str": "rowsWithNullFks"
    },
    {
      "type": "delete-node",
      "node": {
        "label": "boolean",
        "type": "VARIABLE_TYPE"
      },
      "location-before-char-start": 0,
      "location-before-char-end": 0,
      "node-str": "boolean"
    },
    {
      "type": "delete-node",
      "node": {
        "label": "inFlush",
        "type": "Field"
      },
      "location-before-char-start": 23040,
      "location-before-char-end": 23063,
      "node-str": "inFlush"
    },
    {
      "type": "delete-node",
      "node": {
        "label": "void",
        "type": "RETURN_TYPE"
      },
      "location-before-char-start": 0,
      "location-before-char-end": 0,
      "node-str": "void"
    },
    {
      "type": "delete-node",
      "node": {
        "label": "public",
        "type": "Modifier"
      },
      "location-before-char-start": 0,
      "location-before-char-end": 0,
      "node-str": "public"
    },
    {
      "type": "delete-node",
      "node": {
        "label": "beforeCompletion",
        "type": "Method"
      },
      "location-before-char-start": 31765,
      "location-before-char-end": 32567,
      "node-str": "beforeCompletion"
    },
    {
      "type": "delete-node",
      "node": {
        "label": "void",
        "type": "RETURN_TYPE"
      },
      "location-before-char-start": 0,
      "location-before-char-end": 0,
      "node-str": "void"
    },
    {
      "type": "delete-node",
      "node": {
        "label": "public",
        "type": "Modifier"
      },
      "location-before-char-start": 0,
      "location-before-char-end": 0,
      "node-str": "public"
    },
    {
      "type": "delete-node",
      "node": {
        "label": "rolledback",
        "type": "Method"
      },
      "location-before-char-start": 33995,
      "location-before-char-end": 34894,
      "node-str": "rolledback"
    },
    {
      "type": "delete-node",
      "node": {
        "label": "public",
        "type": "Modifier"
      },
      "location-before-char-start": 0,
      "location-before-char-end": 0,
      "node-str": "public"
    },
    {
      "type": "delete-node",
      "node": {
        "label": "org.jboss.ejb.plugins.cmp.jdbc2.schema.EntityTable$View",
        "type": "VARIABLE_TYPE"
      },
      "location-before-char-start": 0,
      "location-before-char-end": 0,
      "node-str": "org.jboss.ejb.plugins.cmp.jdbc2.schema.EntityTable$View"
    },
    {
      "type": "delete-node",
      "node": {
        "label": "view",
        "type": "Field"
      },
      "location-before-char-start": 37230,
      "location-before-char-end": 37259,
      "node-str": "view"
    },
    {
      "type": "delete-node",
      "node": {
        "label": "java.lang.Object",
        "type": "VARIABLE_TYPE"
      },
      "location-before-char-start": 0,
      "location-before-char-end": 0,
      "node-str": "java.lang.Object"
    },
    {
      "type": "delete-node",
      "node": {
        "label": "pk",
        "type": "Field"
      },
      "location-before-char-start": 37267,
      "location-before-char-end": 37284,
      "node-str": "pk"
    },
    {
      "type": "delete-node",
      "node": {
        "label": "java.lang.Object[]",
        "type": "VARIABLE_TYPE"
      },
      "location-before-char-start": 0,
      "location-before-char-end": 0,
      "node-str": "java.lang.Object[]"
    },
    {
      "type": "delete-node",
      "node": {
        "label": "final",
        "type": "Modifier"
      },
      "location-before-char-start": 0,
      "location-before-char-end": 0,
      "node-str": "final"
    },
    {
      "type": "delete-node",
      "node": {
        "label": "fields",
        "type": "Field"
      },
      "location-before-char-start": 37292,
      "location-before-char-end": 37321,
      "node-str": "fields"
    },
    {
      "type": "delete-node",
      "node": {
        "label": "java.lang.Object[]",
        "type": "VARIABLE_TYPE"
      },
      "location-before-char-start": 0,
      "location-before-char-end": 0,
      "node-str": "java.lang.Object[]"
    },
    {
      "type": "delete-node",
      "node": {
        "label": "final",
        "type": "Modifier"
      },
      "location-before-char-start": 0,
      "location-before-char-end": 0,
      "node-str": "final"
    },
    {
      "type": "delete-node",
      "node": {
        "label": "relations",
        "type": "Field"
      },
      "location-before-char-start": 37329,
      "location-before-char-end": 37361,
      "node-str": "relations"
    },
    {
      "type": "delete-node",
      "node": {
        "label": "byte",
        "type": "VARIABLE_TYPE"
      },
      "location-before-char-start": 0,
      "location-before-char-end": 0,
      "node-str": "byte"
    },
    {
      "type": "delete-node",
      "node": {
        "label": "state",
        "type": "Field"
      },
      "location-before-char-start": 37370,
      "location-before-char-end": 37388,
      "node-str": "state"
    },
    {
      "type": "delete-node",
      "node": {
        "label": "org.jboss.ejb.plugins.cmp.jdbc2.schema.EntityTable$Row",
        "type": "VARIABLE_TYPE"
      },
      "location-before-char-start": 0,
      "location-before-char-end": 0,
      "node-str": "org.jboss.ejb.plugins.cmp.jdbc2.schema.EntityTable$Row"
    },
    {
      "type": "delete-node",
      "node": {
        "label": "prev",
        "type": "Field"
      },
      "location-before-char-start": 37397,
      "location-before-char-end": 37413,
      "node-str": "prev"
    },
    {
      "type": "delete-node",
      "node": {
        "label": "org.jboss.ejb.plugins.cmp.jdbc2.schema.EntityTable$Row",
        "type": "VARIABLE_TYPE"
      },
      "location-before-char-start": 0,
      "location-before-char-end": 0,
      "node-str": "org.jboss.ejb.plugins.cmp.jdbc2.schema.EntityTable$Row"
    },
    {
      "type": "delete-node",
      "node": {
        "label": "next",
        "type": "Field"
      },
      "location-before-char-start": 37421,
      "location-before-char-end": 37437,
      "node-str": "next"
    },
    {
      "type": "delete-node",
      "node": {
        "label": "boolean",
        "type": "VARIABLE_TYPE"
      },
      "location-before-char-start": 0,
      "location-before-char-end": 0,
      "node-str": "boolean"
    },
    {
      "type": "delete-node",
      "node": {
        "label": "cacheUpdateScheduled",
        "type": "Field"
      },
      "location-before-char-start": 37446,
      "location-before-char-end": 37482,
      "node-str": "cacheUpdateScheduled"
    },
    {
      "type": "delete-node",
      "node": {
        "label": "org.jboss.ejb.plugins.cmp.jdbc2.schema.EntityTable$Row",
        "type": "VARIABLE_TYPE"
      },
      "location-before-char-start": 0,
      "location-before-char-end": 0,
      "node-str": "org.jboss.ejb.plugins.cmp.jdbc2.schema.EntityTable$Row"
    },
    {
      "type": "delete-node",
      "node": {
        "label": "nextCacheUpdate",
        "type": "Field"
      },
      "location-before-char-start": 37490,
      "location-before-char-end": 37517,
      "node-str": "nextCacheUpdate"
    },
    {
      "type": "delete-node",
      "node": {
        "label": "org.jboss.ejb.plugins.cmp.jdbc2.schema.EntityTable$ForeignKeyConstraint[]",
        "type": "VARIABLE_TYPE"
      },
      "location-before-char-start": 0,
      "location-before-char-end": 0,
      "node-str": "org.jboss.ejb.plugins.cmp.jdbc2.schema.EntityTable$ForeignKeyConstraint[]"
    },
    {
      "type": "delete-node",
      "node": {
        "label": "fkUpdates",
        "type": "Field"
      },
      "location-before-char-start": 37525,
      "location-before-char-end": 37607,
      "node-str": "fkUpdates"
    },
    {
      "type": "delete-node",
      "node": {
        "label": "boolean",
        "type": "RETURN_TYPE"
      },
      "location-before-char-start": 0,
      "location-before-char-end": 0,
      "node-str": "boolean"
    },
    {
      "type": "delete-node",
      "node": {
        "label": "public",
        "type": "Modifier"
      },
      "location-before-char-start": 0,
      "location-before-char-end": 0,
      "node-str": "public"
    },
    {
      "type": "delete-node",
      "node": {
        "label": "isDirty",
        "type": "Method"
      },
      "location-before-char-start": 39026,
      "location-before-char-end": 39097,
      "node-str": "isDirty"
    }
  ],
  "before-file": {},
  "after-file": {},
  "mapping": {}
}