{
  "tool-info": {},
  "diff": [
    {
      "type": "insert-node",
      "node": {
        "label": "EditorSelectionDialog",
        "type": "Class"
      },
      "location-after-char-start": 1858,
      "location-after-char-end": 15449,
      "node-str": "EditorSelectionDialog"
    },
    {
      "type": "move-subtree",
      "node": {
        "label": "final",
        "type": "Modifier"
      },
      "location-before-char-start": 0,
      "location-before-char-end": 0,
      "location-after-char-start": 0,
      "location-after-char-end": 0,
      "node-str": "final"
    },
    {
      "type": "move-subtree",
      "node": {
        "label": "public",
        "type": "Modifier"
      },
      "location-before-char-start": 0,
      "location-before-char-end": 0,
      "location-after-char-start": 0,
      "location-after-char-end": 0,
      "node-str": "public"
    },
    {
      "type": "move-subtree",
      "node": {
        "label": "",
        "type": "TypeReference"
      },
      "location-before-char-start": 2043,
      "location-before-char-end": 2048,
      "location-after-char-start": 2043,
      "location-after-char-end": 2048,
      "node-str": ""
    },
    {
      "type": "move-subtree",
      "node": {
        "label": "selectedEditor",
        "type": "Field"
      },
      "location-before-char-start": 2053,
      "location-before-char-end": 2092,
      "location-after-char-start": 2053,
      "location-after-char-end": 2092,
      "node-str": "selectedEditor"
    },
    {
      "type": "move-subtree",
      "node": {
        "label": "externalButton",
        "type": "Field"
      },
      "location-before-char-start": 2096,
      "location-before-char-end": 2125,
      "location-after-char-start": 2096,
      "location-after-char-end": 2125,
      "node-str": "externalButton"
    },
    {
      "type": "move-subtree",
      "node": {
        "label": "editorTable",
        "type": "Field"
      },
      "location-before-char-start": 2129,
      "location-before-char-end": 2154,
      "location-after-char-start": 2129,
      "location-after-char-end": 2154,
      "node-str": "editorTable"
    },
    {
      "type": "move-subtree",
      "node": {
        "label": "browseExternalEditorsButton",
        "type": "Field"
      },
      "location-before-char-start": 2158,
      "location-before-char-end": 2200,
      "location-after-char-start": 2158,
      "location-after-char-end": 2200,
      "node-str": "browseExternalEditorsButton"
    },
    {
      "type": "move-subtree",
      "node": {
        "label": "internalButton",
        "type": "Field"
      },
      "location-before-char-start": 2204,
      "location-before-char-end": 2233,
      "location-after-char-start": 2204,
      "location-after-char-end": 2233,
      "node-str": "internalButton"
    },
    {
      "type": "move-subtree",
      "node": {
        "label": "okButton",
        "type": "Field"
      },
      "location-before-char-start": 2237,
      "location-before-char-end": 2260,
      "location-after-char-start": 2237,
      "location-after-char-end": 2260,
      "node-str": "okButton"
    },
    {
      "type": "move-subtree",
      "node": {
        "label": "STORE_ID_INTERNAL_EXTERNAL",
        "type": "Field"
      },
      "location-before-char-start": 2264,
      "location-before-char-end": 2371,
      "location-after-char-start": 2264,
      "location-after-char-end": 2371,
      "node-str": "STORE_ID_INTERNAL_EXTERNAL"
    },
    {
      "type": "move-subtree",
      "node": {
        "label": "message",
        "type": "Field"
      },
      "location-before-char-start": 2388,
      "location-before-char-end": 2461,
      "location-after-char-start": 2388,
      "location-after-char-end": 2461,
      "node-str": "message"
    },
    {
      "type": "move-subtree",
      "node": {
        "label": "externalEditors",
        "type": "Field"
      },
      "location-before-char-start": 2465,
      "location-before-char-end": 2544,
      "location-after-char-start": 2465,
      "location-after-char-end": 2544,
      "node-str": "externalEditors"
    },
    {
      "type": "move-subtree",
      "node": {
        "label": "internalEditors",
        "type": "Field"
      },
      "location-before-char-start": 2548,
      "location-before-char-end": 2591,
      "location-after-char-start": 2548,
      "location-after-char-end": 2591,
      "node-str": "internalEditors"
    },
    {
      "type": "move-subtree",
      "node": {
        "label": "externalEditorImages",
        "type": "Field"
      },
      "location-before-char-start": 2595,
      "location-before-char-end": 2631,
      "location-after-char-start": 2595,
      "location-after-char-end": 2631,
      "node-str": "externalEditorImages"
    },
    {
      "type": "move-subtree",
      "node": {
        "label": "internalEditorImages",
        "type": "Field"
      },
      "location-before-char-start": 2635,
      "location-before-char-end": 2671,
      "location-after-char-start": 2635,
      "location-after-char-end": 2671,
      "node-str": "internalEditorImages"
    },
    {
      "type": "move-subtree",
      "node": {
        "label": "editorsToFilter",
        "type": "Field"
      },
      "location-before-char-start": 2675,
      "location-before-char-end": 2718,
      "location-after-char-start": 2675,
      "location-after-char-end": 2718,
      "node-str": "editorsToFilter"
    },
    {
      "type": "move-subtree",
      "node": {
        "label": "listener",
        "type": "Field"
      },
      "location-before-char-start": 2722,
      "location-before-char-end": 2776,
      "location-after-char-start": 2722,
      "location-after-char-end": 2776,
      "node-str": "listener"
    },
    {
      "type": "move-subtree",
      "node": {
        "label": "Executable_Filters",
        "type": "Field"
      },
      "location-before-char-start": 2780,
      "location-before-char-end": 2828,
      "location-after-char-start": 2780,
      "location-after-char-end": 2828,
      "node-str": "Executable_Filters"
    },
    {
      "type": "move-subtree",
      "node": {
        "label": "TABLE_WIDTH",
        "type": "Field"
      },
      "location-before-char-start": 2832,
      "location-before-char-end": 2874,
      "location-after-char-start": 2832,
      "location-after-char-end": 2874,
      "node-str": "TABLE_WIDTH"
    },
    {
      "type": "move-subtree",
      "node": {
        "label": "",
        "type": "AnonymousExecutable"
      },
      "location-before-char-start": 2877,
      "location-before-char-end": 3095,
      "location-after-char-start": 2877,
      "location-after-char-end": 3095,
      "node-str": ""
    },
    {
      "type": "move-subtree",
      "node": {
        "label": "\u003cinit\u003e",
        "type": "Constructor"
      },
      "location-before-char-start": 3099,
      "location-before-char-end": 3280,
      "location-after-char-start": 3099,
      "location-after-char-end": 3280,
      "node-str": "\u003cinit\u003e"
    },
    {
      "type": "move-subtree",
      "node": {
        "label": "buttonPressed",
        "type": "Method"
      },
      "location-before-char-start": 3284,
      "location-before-char-end": 3500,
      "location-after-char-start": 3284,
      "location-after-char-end": 3500,
      "node-str": "buttonPressed"
    },
    {
      "type": "move-subtree",
      "node": {
        "label": "close",
        "type": "Method"
      },
      "location-before-char-start": 3504,
      "location-before-char-end": 3940,
      "location-after-char-start": 3504,
      "location-after-char-end": 3940,
      "node-str": "close"
    },
    {
      "type": "move-subtree",
      "node": {
        "label": "configureShell",
        "type": "Method"
      },
      "location-before-char-start": 3944,
      "location-before-char-end": 4247,
      "location-after-char-start": 3944,
      "location-after-char-end": 4247,
      "node-str": "configureShell"
    },
    {
      "type": "move-subtree",
      "node": {
        "label": "createDialogArea",
        "type": "Method"
      },
      "location-before-char-start": 4251,
      "location-before-char-end": 6901,
      "location-after-char-start": 4251,
      "location-after-char-end": 6901,
      "node-str": "createDialogArea"
    },
    {
      "type": "move-subtree",
      "node": {
        "label": "fillEditorTable",
        "type": "Method"
      },
      "location-before-char-start": 6905,
      "location-before-char-end": 7553,
      "location-after-char-start": 6905,
      "location-after-char-end": 7553,
      "node-str": "fillEditorTable"
    },
    {
      "type": "move-subtree",
      "node": {
        "label": "getDialogSettings",
        "type": "Method"
      },
      "location-before-char-start": 7557,
      "location-before-char-end": 7991,
      "location-after-char-start": 7557,
      "location-after-char-end": 7991,
      "node-str": "getDialogSettings"
    },
    {
      "type": "move-subtree",
      "node": {
        "label": "getExternalEditors",
        "type": "Method"
      },
      "location-before-char-start": 7995,
      "location-before-char-end": 8914,
      "location-after-char-start": 7995,
      "location-after-char-end": 8914,
      "node-str": "getExternalEditors"
    },
    {
      "type": "move-subtree",
      "node": {
        "label": "filterEditors",
        "type": "Method"
      },
      "location-before-char-start": 8918,
      "location-before-char-end": 9836,
      "location-after-char-start": 8918,
      "location-after-char-end": 9836,
      "node-str": "filterEditors"
    },
    {
      "type": "move-subtree",
      "node": {
        "label": "getImages",
        "type": "Method"
      },
      "location-before-char-start": 9840,
      "location-before-char-end": 10146,
      "location-after-char-start": 9840,
      "location-after-char-end": 10146,
      "node-str": "getImages"
    },
    {
      "type": "move-subtree",
      "node": {
        "label": "getInternalEditors",
        "type": "Method"
      },
      "location-before-char-start": 10150,
      "location-before-char-end": 10570,
      "location-after-char-start": 10150,
      "location-after-char-end": 10570,
      "node-str": "getInternalEditors"
    },
    {
      "type": "move-subtree",
      "node": {
        "label": "getSelectedEditor",
        "type": "Method"
      },
      "location-before-char-start": 10574,
      "location-before-char-end": 10734,
      "location-after-char-start": 10574,
      "location-after-char-end": 10734,
      "node-str": "getSelectedEditor"
    },
    {
      "type": "insert-node",
      "node": {
        "label": "promptForExternalEditor",
        "type": "Method"
      },
      "location-after-char-start": 10738,
      "location-after-char-end": 12215,
      "node-str": "promptForExternalEditor"
    },
    {
      "type": "move-subtree",
      "node": {
        "label": "handleDoubleClickEvent",
        "type": "Method"
      },
      "location-before-char-start": 12207,
      "location-before-char-end": 12345,
      "location-after-char-start": 12219,
      "location-after-char-end": 12357,
      "node-str": "handleDoubleClickEvent"
    },
    {
      "type": "move-subtree",
      "node": {
        "label": "restoreWidgetValues",
        "type": "Method"
      },
      "location-before-char-start": 12349,
      "location-before-char-end": 12739,
      "location-after-char-start": 12361,
      "location-after-char-end": 12751,
      "node-str": "restoreWidgetValues"
    },
    {
      "type": "move-subtree",
      "node": {
        "label": "saveWidgetValues",
        "type": "Method"
      },
      "location-before-char-start": 12743,
      "location-before-char-end": 13131,
      "location-after-char-start": 12755,
      "location-after-char-end": 13143,
      "node-str": "saveWidgetValues"
    },
    {
      "type": "move-subtree",
      "node": {
        "label": "setMessage",
        "type": "Method"
      },
      "location-before-char-start": 13135,
      "location-before-char-end": 13315,
      "location-after-char-start": 13147,
      "location-after-char-end": 13327,
      "node-str": "setMessage"
    },
    {
      "type": "move-subtree",
      "node": {
        "label": "setEditorsToFilter",
        "type": "Method"
      },
      "location-before-char-start": 13319,
      "location-before-char-end": 13537,
      "location-after-char-start": 13331,
      "location-after-char-end": 13549,
      "node-str": "setEditorsToFilter"
    },
    {
      "type": "move-subtree",
      "node": {
        "label": "updateEnableState",
        "type": "Method"
      },
      "location-before-char-start": 13541,
      "location-before-char-end": 13751,
      "location-after-char-start": 13553,
      "location-after-char-end": 13763,
      "node-str": "updateEnableState"
    },
    {
      "type": "move-subtree",
      "node": {
        "label": "createButtonsForButtonBar",
        "type": "Method"
      },
      "location-before-char-start": 13755,
      "location-before-char-end": 14110,
      "location-after-char-start": 13767,
      "location-after-char-end": 14122,
      "node-str": "createButtonsForButtonBar"
    },
    {
      "type": "move-subtree",
      "node": {
        "label": "updateOkButton",
        "type": "Method"
      },
      "location-before-char-start": 14114,
      "location-before-char-end": 14520,
      "location-after-char-start": 14126,
      "location-after-char-end": 14532,
      "node-str": "updateOkButton"
    },
    {
      "type": "move-subtree",
      "node": {
        "label": "DialogListener",
        "type": "Class"
      },
      "location-before-char-start": 14524,
      "location-before-char-end": 15286,
      "location-after-char-start": 14536,
      "location-after-char-end": 15298,
      "node-str": "DialogListener"
    },
    {
      "type": "move-subtree",
      "node": {
        "label": "isResizable",
        "type": "Method"
      },
      "location-before-char-start": 15291,
      "location-before-char-end": 15435,
      "location-after-char-start": 15303,
      "location-after-char-end": 15447,
      "node-str": "isResizable"
    },
    {
      "type": "move-subtree",
      "node": {
        "label": "void",
        "type": "RETURN_TYPE"
      },
      "location-before-char-start": 0,
      "location-before-char-end": 0,
      "location-after-char-start": 0,
      "location-after-char-end": 0,
      "node-str": "void"
    },
    {
      "type": "move-subtree",
      "node": {
        "label": "protected",
        "type": "Modifier"
      },
      "location-before-char-start": 0,
      "location-before-char-end": 0,
      "location-after-char-start": 0,
      "location-after-char-end": 0,
      "node-str": "protected"
    },
    {
      "type": "insert-node",
      "node": {
        "label": "dialog",
        "type": "LocalVariable"
      },
      "location-after-char-start": 10783,
      "location-after-char-end": 10875,
      "node-str": "dialog"
    },
    {
      "type": "move-subtree",
      "node": {
        "label": "setFilterExtensions",
        "type": "Invocation"
      },
      "location-before-char-start": 10867,
      "location-before-char-end": 10913,
      "location-after-char-start": 10879,
      "location-after-char-end": 10925,
      "node-str": "setFilterExtensions"
    },
    {
      "type": "move-subtree",
      "node": {
        "label": "result",
        "type": "LocalVariable"
      },
      "location-before-char-start": 10917,
      "location-before-char-end": 10946,
      "location-after-char-start": 10929,
      "location-after-char-end": 10958,
      "node-str": "result"
    },
    {
      "type": "move-subtree",
      "node": {
        "label": "if",
        "type": "If"
      },
      "location-before-char-start": 10950,
      "location-before-char-end": 12200,
      "location-after-char-start": 10962,
      "location-after-char-end": 12212,
      "node-str": "if"
    },
    {
      "type": "move-subtree",
      "node": {
        "label": "org.eclipse.swt.widgets.FileDialog",
        "type": "VARIABLE_TYPE"
      },
      "location-before-char-start": 0,
      "location-before-char-end": 0,
      "location-after-char-start": 0,
      "location-after-char-end": 0,
      "node-str": "org.eclipse.swt.widgets.FileDialog"
    },
    {
      "type": "insert-node",
      "node": {
        "label": "java.lang.Object()",
        "type": "ConstructorCall"
      },
      "location-after-char-start": 10803,
      "location-after-char-end": 10874,
      "node-str": "java.lang.Object()"
    },
    {
      "type": "move-subtree",
      "node": {
        "label": "getShell",
        "type": "Invocation"
      },
      "location-before-char-start": 10818,
      "location-before-char-end": 10827,
      "location-after-char-start": 10818,
      "location-after-char-end": 10827,
      "node-str": "getShell"
    },
    {
      "type": "insert-node",
      "node": {
        "label": "BITOR",
        "type": "BinaryOperator"
      },
      "location-after-char-start": 10830,
      "location-after-char-end": 10873,
      "node-str": "BITOR"
    },
    {
      "type": "move-subtree",
      "node": {
        "label": "BITOR",
        "type": "BinaryOperator"
      },
      "location-before-char-start": 10830,
      "location-before-char-end": 10861,
      "location-after-char-start": 10830,
      "location-after-char-end": 10861,
      "node-str": "BITOR"
    },
    {
      "type": "insert-node",
      "node": {
        "label": "SHEET",
        "type": "FieldRead"
      },
      "location-after-char-start": 10865,
      "location-after-char-end": 10873,
      "node-str": "SHEET"
    },
    {
      "type": "insert-node",
      "node": {
        "label": "org.eclipse.swt.SWT",
        "type": "TypeAccess"
      },
      "location-after-char-start": 0,
      "location-after-char-end": 0,
      "node-str": "org.eclipse.swt.SWT"
    },
    {
      "type": "delete-node",
      "node": {
        "label": "java.lang.Object()",
        "type": "ConstructorCall"
      },
      "location-before-char-start": 10803,
      "location-before-char-end": 10862,
      "node-str": "java.lang.Object()"
    },
    {
      "type": "delete-node",
      "node": {
        "label": "dialog",
        "type": "LocalVariable"
      },
      "location-before-char-start": 10783,
      "location-before-char-end": 10863,
      "node-str": "dialog"
    },
    {
      "type": "delete-node",
      "node": {
        "label": "promptForExternalEditor",
        "type": "Method"
      },
      "location-before-char-start": 10738,
      "location-before-char-end": 12203,
      "node-str": "promptForExternalEditor"
    },
    {
      "type": "delete-node",
      "node": {
        "label": "EditorSelectionDialog",
        "type": "Class"
      },
      "location-before-char-start": 1858,
      "location-before-char-end": 15437,
      "node-str": "EditorSelectionDialog"
    }
  ],
  "before-file": {},
  "after-file": {},
  "mapping": {}
}