{
  "tool-info": {},
  "diff": [
    {
      "type": "insert-node",
      "node": {
        "label": "getIssueType",
        "type": "Method"
      },
      "location-after-char-start": 12152,
      "location-after-char-end": 12848,
      "node-str": "getIssueType"
    },
    {
      "type": "insert-node",
      "node": {
        "label": "getAttribute",
        "type": "Method"
      },
      "location-after-char-start": 12868,
      "location-after-char-end": 13337,
      "node-str": "getAttribute"
    },
    {
      "type": "insert-node",
      "node": {
        "label": "doSelectattributeoption",
        "type": "Method"
      },
      "location-after-char-start": 13345,
      "location-after-char-end": 14843,
      "node-str": "doSelectattributeoption"
    },
    {
      "type": "insert-node",
      "node": {
        "label": "issueType",
        "type": "LocalVariable"
      },
      "location-after-char-start": 7452,
      "location-after-char-end": 7492,
      "node-str": "issueType"
    },
    {
      "type": "move-subtree",
      "node": {
        "label": "issueType",
        "type": "LocalVariable"
      },
      "location-before-char-start": 9009,
      "location-before-char-end": 9130,
      "location-after-char-start": 8226,
      "location-after-char-end": 8266,
      "node-str": "issueType"
    },
    {
      "type": "insert-node",
      "node": {
        "label": "org.tigris.scarab.om.IssueType",
        "type": "RETURN_TYPE"
      },
      "location-after-char-start": 0,
      "location-after-char-end": 0,
      "node-str": "org.tigris.scarab.om.IssueType"
    },
    {
      "type": "insert-node",
      "node": {
        "label": "java.lang.Exception",
        "type": "THROWS"
      },
      "location-after-char-start": 0,
      "location-after-char-end": 0,
      "node-str": "java.lang.Exception"
    },
    {
      "type": "insert-node",
      "node": {
        "label": "data",
        "type": "Parameter"
      },
      "location-after-char-start": 12184,
      "location-after-char-end": 12195,
      "node-str": "data"
    },
    {
      "type": "move-subtree",
      "node": {
        "label": "issueTypeId",
        "type": "LocalVariable"
      },
      "location-before-char-start": 7452,
      "location-before-char-end": 7518,
      "location-after-char-start": 12238,
      "location-after-char-end": 12304,
      "node-str": "issueTypeId"
    },
    {
      "type": "insert-node",
      "node": {
        "label": "issueType",
        "type": "LocalVariable"
      },
      "location-after-char-start": 12314,
      "location-after-char-end": 12340,
      "node-str": "issueType"
    },
    {
      "type": "move-subtree",
      "node": {
        "label": "if",
        "type": "If"
      },
      "location-before-char-start": 8817,
      "location-before-char-end": 8973,
      "location-after-char-start": 12350,
      "location-after-char-end": 12817,
      "node-str": "if"
    },
    {
      "type": "insert-node",
      "node": {
        "label": "return",
        "type": "Return"
      },
      "location-after-char-start": 12827,
      "location-after-char-end": 12843,
      "node-str": "return"
    },
    {
      "type": "insert-node",
      "node": {
        "label": "org.tigris.scarab.om.Attribute",
        "type": "RETURN_TYPE"
      },
      "location-after-char-start": 0,
      "location-after-char-end": 0,
      "node-str": "org.tigris.scarab.om.Attribute"
    },
    {
      "type": "insert-node",
      "node": {
        "label": "java.lang.Exception",
        "type": "THROWS"
      },
      "location-after-char-start": 0,
      "location-after-char-end": 0,
      "node-str": "java.lang.Exception"
    },
    {
      "type": "insert-node",
      "node": {
        "label": "data",
        "type": "Parameter"
      },
      "location-after-char-start": 12900,
      "location-after-char-end": 12911,
      "node-str": "data"
    },
    {
      "type": "insert-node",
      "node": {
        "label": "attribute",
        "type": "LocalVariable"
      },
      "location-after-char-start": 12954,
      "location-after-char-end": 12980,
      "node-str": "attribute"
    },
    {
      "type": "move-subtree",
      "node": {
        "label": "attributeId",
        "type": "LocalVariable"
      },
      "location-before-char-start": 26316,
      "location-before-char-end": 26382,
      "location-after-char-start": 12990,
      "location-after-char-end": 13056,
      "node-str": "attributeId"
    },
    {
      "type": "insert-node",
      "node": {
        "label": "if",
        "type": "If"
      },
      "location-after-char-start": 13066,
      "location-after-char-end": 13304,
      "node-str": "if"
    },
    {
      "type": "insert-node",
      "node": {
        "label": "return",
        "type": "Return"
      },
      "location-after-char-start": 13315,
      "location-after-char-end": 13331,
      "node-str": "return"
    },
    {
      "type": "insert-node",
      "node": {
        "label": "void",
        "type": "RETURN_TYPE"
      },
      "location-after-char-start": 0,
      "location-after-char-end": 0,
      "node-str": "void"
    },
    {
      "type": "insert-node",
      "node": {
        "label": "java.lang.Exception",
        "type": "THROWS"
      },
      "location-after-char-start": 0,
      "location-after-char-end": 0,
      "node-str": "java.lang.Exception"
    },
    {
      "type": "insert-node",
      "node": {
        "label": "public",
        "type": "Modifier"
      },
      "location-after-char-start": 0,
      "location-after-char-end": 0,
      "node-str": "public"
    },
    {
      "type": "insert-node",
      "node": {
        "label": "data",
        "type": "Parameter"
      },
      "location-after-char-start": 13441,
      "location-after-char-end": 13452,
      "node-str": "data"
    },
    {
      "type": "insert-node",
      "node": {
        "label": "context",
        "type": "Parameter"
      },
      "location-after-char-start": 13455,
      "location-after-char-end": 13477,
      "node-str": "context"
    },
    {
      "type": "insert-node",
      "node": {
        "label": "scarabR",
        "type": "LocalVariable"
      },
      "location-after-char-start": 13520,
      "location-after-char-end": 13577,
      "node-str": "scarabR"
    },
    {
      "type": "insert-node",
      "node": {
        "label": "optionId",
        "type": "LocalVariable"
      },
      "location-after-char-start": 13587,
      "location-after-char-end": 13647,
      "node-str": "optionId"
    },
    {
      "type": "insert-node",
      "node": {
        "label": "if",
        "type": "If"
      },
      "location-after-char-start": 13657,
      "location-after-char-end": 13810,
      "node-str": "if"
    },
    {
      "type": "insert-node",
      "node": {
        "label": "option",
        "type": "LocalVariable"
      },
      "location-after-char-start": 13821,
      "location-after-char-end": 13898,
      "node-str": "option"
    },
    {
      "type": "insert-node",
      "node": {
        "label": "issueType",
        "type": "LocalVariable"
      },
      "location-after-char-start": 13908,
      "location-after-char-end": 13948,
      "node-str": "issueType"
    },
    {
      "type": "insert-node",
      "node": {
        "label": "module",
        "type": "LocalVariable"
      },
      "location-after-char-start": 13958,
      "location-after-char-end": 14006,
      "node-str": "module"
    },
    {
      "type": "insert-node",
      "node": {
        "label": "rmo",
        "type": "LocalVariable"
      },
      "location-after-char-start": 14017,
      "location-after-char-end": 14056,
      "node-str": "rmo"
    },
    {
      "type": "insert-node",
      "node": {
        "label": "setModuleId",
        "type": "Invocation"
      },
      "location-after-char-start": 14066,
      "location-after-char-end": 14103,
      "node-str": "setModuleId"
    },
    {
      "type": "insert-node",
      "node": {
        "label": "setIssueTypeId",
        "type": "Invocation"
      },
      "location-after-char-start": 14113,
      "location-after-char-end": 14159,
      "node-str": "setIssueTypeId"
    },
    {
      "type": "insert-node",
      "node": {
        "label": "setOptionId",
        "type": "Invocation"
      },
      "location-after-char-start": 14169,
      "location-after-char-end": 14194,
      "node-str": "setOptionId"
    },
    {
      "type": "insert-node",
      "node": {
        "label": "setDisplayValue",
        "type": "Invocation"
      },
      "location-after-char-start": 14204,
      "location-after-char-end": 14241,
      "node-str": "setDisplayValue"
    },
    {
      "type": "insert-node",
      "node": {
        "label": "setOrder",
        "type": "Invocation"
      },
      "location-after-char-start": 14251,
      "location-after-char-end": 14392,
      "node-str": "setOrder"
    },
    {
      "type": "insert-node",
      "node": {
        "label": "save",
        "type": "Invocation"
      },
      "location-after-char-start": 14402,
      "location-after-char-end": 14412,
      "node-str": "save"
    },
    {
      "type": "insert-node",
      "node": {
        "label": "rmo2",
        "type": "LocalVariable"
      },
      "location-after-char-start": 14487,
      "location-after-char-end": 14518,
      "node-str": "rmo2"
    },
    {
      "type": "insert-node",
      "node": {
        "label": "setOptionId",
        "type": "Invocation"
      },
      "location-after-char-start": 14528,
      "location-after-char-end": 14554,
      "node-str": "setOptionId"
    },
    {
      "type": "insert-node",
      "node": {
        "label": "setModuleId",
        "type": "Invocation"
      },
      "location-after-char-start": 14564,
      "location-after-char-end": 14602,
      "node-str": "setModuleId"
    },
    {
      "type": "insert-node",
      "node": {
        "label": "setIssueTypeId",
        "type": "Invocation"
      },
      "location-after-char-start": 14612,
      "location-after-char-end": 14658,
      "node-str": "setIssueTypeId"
    },
    {
      "type": "insert-node",
      "node": {
        "label": "save",
        "type": "Invocation"
      },
      "location-after-char-start": 14668,
      "location-after-char-end": 14679,
      "node-str": "save"
    },
    {
      "type": "insert-node",
      "node": {
        "label": "nextTemplate",
        "type": "LocalVariable"
      },
      "location-after-char-start": 14690,
      "location-after-char-end": 14786,
      "node-str": "nextTemplate"
    },
    {
      "type": "insert-node",
      "node": {
        "label": "setTarget",
        "type": "Invocation"
      },
      "location-after-char-start": 14796,
      "location-after-char-end": 14825,
      "node-str": "setTarget"
    },
    {
      "type": "insert-node",
      "node": {
        "label": "issueType",
        "type": "LocalVariable"
      },
      "location-after-char-start": 24546,
      "location-after-char-end": 24586,
      "node-str": "issueType"
    },
    {
      "type": "insert-node",
      "node": {
        "label": "org.tigris.scarab.om.IssueType",
        "type": "VARIABLE_TYPE"
      },
      "location-after-char-start": 0,
      "location-after-char-end": 0,
      "node-str": "org.tigris.scarab.om.IssueType"
    },
    {
      "type": "insert-node",
      "node": {
        "label": "getIssueType",
        "type": "Invocation"
      },
      "location-after-char-start": 7474,
      "location-after-char-end": 7491,
      "node-str": "getIssueType"
    },
    {
      "type": "insert-node",
      "node": {
        "label": "getIssueTypeId",
        "type": "Invocation"
      },
      "location-after-char-start": 7911,
      "location-after-char-end": 7936,
      "node-str": "getIssueTypeId"
    },
    {
      "type": "update-node",
      "node": {
        "label": "retrieveByPK",
        "type": "Invocation"
      },
      "location-before-char-start": 9031,
      "location-before-char-end": 9129,
      "location-after-char-start": 8248,
      "location-after-char-end": 8265,
      "node-str": "getIssueType"
    },
    {
      "type": "insert-node",
      "node": {
        "label": "getIssueTypeId",
        "type": "Invocation"
      },
      "location-after-char-start": 8421,
      "location-after-char-end": 8446,
      "node-str": "getIssueTypeId"
    },
    {
      "type": "insert-node",
      "node": {
        "label": "org.apache.turbine.RunData",
        "type": "VARIABLE_TYPE"
      },
      "location-after-char-start": 0,
      "location-after-char-end": 0,
      "node-str": "org.apache.turbine.RunData"
    },
    {
      "type": "insert-node",
      "node": {
        "label": "org.tigris.scarab.om.IssueType",
        "type": "VARIABLE_TYPE"
      },
      "location-after-char-start": 0,
      "location-after-char-end": 0,
      "node-str": "org.tigris.scarab.om.IssueType"
    },
    {
      "type": "insert-node",
      "node": {
        "label": "null",
        "type": "Literal"
      },
      "location-after-char-start": 12336,
      "location-after-char-end": 12339,
      "node-str": "null"
    },
    {
      "type": "insert-node",
      "node": {
        "label": "ELSE",
        "type": "else"
      },
      "location-after-char-start": 12508,
      "location-after-char-end": 12817,
      "node-str": "ELSE"
    },
    {
      "type": "insert-node",
      "node": {
        "label": "issueType",
        "type": "VariableRead"
      },
      "location-after-char-start": 12834,
      "location-after-char-end": 12842,
      "node-str": "issueType"
    },
    {
      "type": "insert-node",
      "node": {
        "label": "org.apache.turbine.RunData",
        "type": "VARIABLE_TYPE"
      },
      "location-after-char-start": 0,
      "location-after-char-end": 0,
      "node-str": "org.apache.turbine.RunData"
    },
    {
      "type": "insert-node",
      "node": {
        "label": "org.tigris.scarab.om.Attribute",
        "type": "VARIABLE_TYPE"
      },
      "location-after-char-start": 0,
      "location-after-char-end": 0,
      "node-str": "org.tigris.scarab.om.Attribute"
    },
    {
      "type": "insert-node",
      "node": {
        "label": "null",
        "type": "Literal"
      },
      "location-after-char-start": 12976,
      "location-after-char-end": 12979,
      "node-str": "null"
    },
    {
      "type": "insert-node",
      "node": {
        "label": "OR",
        "type": "BinaryOperator"
      },
      "location-after-char-start": 13070,
      "location-after-char-end": 13117,
      "node-str": "OR"
    },
    {
      "type": "insert-node",
      "node": {
        "label": "THEN",
        "type": "then"
      },
      "location-after-char-start": 13128,
      "location-after-char-end": 13195,
      "node-str": "THEN"
    },
    {
      "type": "insert-node",
      "node": {
        "label": "ELSE",
        "type": "else"
      },
      "location-after-char-start": 13219,
      "location-after-char-end": 13304,
      "node-str": "ELSE"
    },
    {
      "type": "insert-node",
      "node": {
        "label": "attribute",
        "type": "VariableRead"
      },
      "location-after-char-start": 13322,
      "location-after-char-end": 13330,
      "node-str": "attribute"
    },
    {
      "type": "insert-node",
      "node": {
        "label": "org.apache.turbine.RunData",
        "type": "VARIABLE_TYPE"
      },
      "location-after-char-start": 0,
      "location-after-char-end": 0,
      "node-str": "org.apache.turbine.RunData"
    },
    {
      "type": "insert-node",
      "node": {
        "label": "org.apache.turbine.TemplateContext",
        "type": "VARIABLE_TYPE"
      },
      "location-after-char-start": 0,
      "location-after-char-end": 0,
      "node-str": "org.apache.turbine.TemplateContext"
    },
    {
      "type": "insert-node",
      "node": {
        "label": "org.tigris.scarab.tools.ScarabRequestTool",
        "type": "VARIABLE_TYPE"
      },
      "location-after-char-start": 0,
      "location-after-char-end": 0,
      "node-str": "org.tigris.scarab.tools.ScarabRequestTool"
    },
    {
      "type": "insert-node",
      "node": {
        "label": "getScarabRequestTool",
        "type": "Invocation"
      },
      "location-after-char-start": 13548,
      "location-after-char-end": 13576,
      "node-str": "getScarabRequestTool"
    },
    {
      "type": "insert-node",
      "node": {
        "label": "java.lang.String",
        "type": "VARIABLE_TYPE"
      },
      "location-after-char-start": 0,
      "location-after-char-end": 0,
      "node-str": "java.lang.String"
    },
    {
      "type": "insert-node",
      "node": {
        "label": "getString",
        "type": "Invocation"
      },
      "location-after-char-start": 13605,
      "location-after-char-end": 13646,
      "node-str": "getString"
    },
    {
      "type": "insert-node",
      "node": {
        "label": "OR",
        "type": "BinaryOperator"
      },
      "location-after-char-start": 13661,
      "location-after-char-end": 13702,
      "node-str": "OR"
    },
    {
      "type": "insert-node",
      "node": {
        "label": "THEN",
        "type": "then"
      },
      "location-after-char-start": 13713,
      "location-after-char-end": 13810,
      "node-str": "THEN"
    },
    {
      "type": "insert-node",
      "node": {
        "label": "org.tigris.scarab.om.AttributeOption",
        "type": "VARIABLE_TYPE"
      },
      "location-after-char-start": 0,
      "location-after-char-end": 0,
      "node-str": "org.tigris.scarab.om.AttributeOption"
    },
    {
      "type": "insert-node",
      "node": {
        "label": "getInstance",
        "type": "Invocation"
      },
      "location-after-char-start": 13846,
      "location-after-char-end": 13897,
      "node-str": "getInstance"
    },
    {
      "type": "insert-node",
      "node": {
        "label": "org.tigris.scarab.om.IssueType",
        "type": "VARIABLE_TYPE"
      },
      "location-after-char-start": 0,
      "location-after-char-end": 0,
      "node-str": "org.tigris.scarab.om.IssueType"
    },
    {
      "type": "insert-node",
      "node": {
        "label": "getIssueType",
        "type": "Invocation"
      },
      "location-after-char-start": 13930,
      "location-after-char-end": 13947,
      "node-str": "getIssueType"
    },
    {
      "type": "insert-node",
      "node": {
        "label": "org.tigris.scarab.services.module.ModuleEntity",
        "type": "VARIABLE_TYPE"
      },
      "location-after-char-start": 0,
      "location-after-char-end": 0,
      "node-str": "org.tigris.scarab.services.module.ModuleEntity"
    },
    {
      "type": "insert-node",
      "node": {
        "label": "getCurrentModule",
        "type": "Invocation"
      },
      "location-after-char-start": 13980,
      "location-after-char-end": 14005,
      "node-str": "getCurrentModule"
    },
    {
      "type": "insert-node",
      "node": {
        "label": "org.tigris.scarab.om.RModuleOption",
        "type": "VARIABLE_TYPE"
      },
      "location-after-char-start": 0,
      "location-after-char-end": 0,
      "node-str": "org.tigris.scarab.om.RModuleOption"
    },
    {
      "type": "insert-node",
      "node": {
        "label": "org.tigris.scarab.om.RModuleOption()",
        "type": "ConstructorCall"
      },
      "location-after-char-start": 14037,
      "location-after-char-end": 14055,
      "node-str": "org.tigris.scarab.om.RModuleOption()"
    },
    {
      "type": "insert-node",
      "node": {
        "label": "rmo",
        "type": "VariableRead"
      },
      "location-after-char-start": 14066,
      "location-after-char-end": 14068,
      "node-str": "rmo"
    },
    {
      "type": "insert-node",
      "node": {
        "label": "getModuleId",
        "type": "Invocation"
      },
      "location-after-char-start": 14082,
      "location-after-char-end": 14101,
      "node-str": "getModuleId"
    },
    {
      "type": "insert-node",
      "node": {
        "label": "rmo",
        "type": "VariableRead"
      },
      "location-after-char-start": 14113,
      "location-after-char-end": 14115,
      "node-str": "rmo"
    },
    {
      "type": "insert-node",
      "node": {
        "label": "getIssueTypeId",
        "type": "Invocation"
      },
      "location-after-char-start": 14132,
      "location-after-char-end": 14157,
      "node-str": "getIssueTypeId"
    },
    {
      "type": "insert-node",
      "node": {
        "label": "rmo",
        "type": "VariableRead"
      },
      "location-after-char-start": 14169,
      "location-after-char-end": 14171,
      "node-str": "rmo"
    },
    {
      "type": "insert-node",
      "node": {
        "label": "optionId",
        "type": "VariableRead"
      },
      "location-after-char-start": 14185,
      "location-after-char-end": 14192,
      "node-str": "optionId"
    },
    {
      "type": "insert-node",
      "node": {
        "label": "rmo",
        "type": "VariableRead"
      },
      "location-after-char-start": 14204,
      "location-after-char-end": 14206,
      "node-str": "rmo"
    },
    {
      "type": "insert-node",
      "node": {
        "label": "getName",
        "type": "Invocation"
      },
      "location-after-char-start": 14224,
      "location-after-char-end": 14239,
      "node-str": "getName"
    },
    {
      "type": "insert-node",
      "node": {
        "label": "rmo",
        "type": "VariableRead"
      },
      "location-after-char-start": 14251,
      "location-after-char-end": 14253,
      "node-str": "rmo"
    },
    {
      "type": "insert-node",
      "node": {
        "label": "PLUS",
        "type": "BinaryOperator"
      },
      "location-after-char-start": 14264,
      "location-after-char-end": 14390,
      "node-str": "PLUS"
    },
    {
      "type": "insert-node",
      "node": {
        "label": "rmo",
        "type": "VariableRead"
      },
      "location-after-char-start": 14402,
      "location-after-char-end": 14404,
      "node-str": "rmo"
    },
    {
      "type": "insert-node",
      "node": {
        "label": "org.tigris.scarab.om.RModuleOption",
        "type": "VARIABLE_TYPE"
      },
      "location-after-char-start": 0,
      "location-after-char-end": 0,
      "node-str": "org.tigris.scarab.om.RModuleOption"
    },
    {
      "type": "insert-node",
      "node": {
        "label": "copy",
        "type": "Invocation"
      },
      "location-after-char-start": 14508,
      "location-after-char-end": 14517,
      "node-str": "copy"
    },
    {
      "type": "insert-node",
      "node": {
        "label": "rmo2",
        "type": "VariableRead"
      },
      "location-after-char-start": 14528,
      "location-after-char-end": 14531,
      "node-str": "rmo2"
    },
    {
      "type": "insert-node",
      "node": {
        "label": "optionId",
        "type": "VariableRead"
      },
      "location-after-char-start": 14545,
      "location-after-char-end": 14552,
      "node-str": "optionId"
    },
    {
      "type": "insert-node",
      "node": {
        "label": "rmo2",
        "type": "VariableRead"
      },
      "location-after-char-start": 14564,
      "location-after-char-end": 14567,
      "node-str": "rmo2"
    },
    {
      "type": "insert-node",
      "node": {
        "label": "getModuleId",
        "type": "Invocation"
      },
      "location-after-char-start": 14581,
      "location-after-char-end": 14600,
      "node-str": "getModuleId"
    },
    {
      "type": "insert-node",
      "node": {
        "label": "rmo2",
        "type": "VariableRead"
      },
      "location-after-char-start": 14612,
      "location-after-char-end": 14615,
      "node-str": "rmo2"
    },
    {
      "type": "insert-node",
      "node": {
        "label": "getTemplateId",
        "type": "Invocation"
      },
      "location-after-char-start": 14632,
      "location-after-char-end": 14656,
      "node-str": "getTemplateId"
    },
    {
      "type": "insert-node",
      "node": {
        "label": "rmo2",
        "type": "VariableRead"
      },
      "location-after-char-start": 14668,
      "location-after-char-end": 14671,
      "node-str": "rmo2"
    },
    {
      "type": "insert-node",
      "node": {
        "label": "java.lang.String",
        "type": "VARIABLE_TYPE"
      },
      "location-after-char-start": 0,
      "location-after-char-end": 0,
      "node-str": "java.lang.String"
    },
    {
      "type": "insert-node",
      "node": {
        "label": "getString",
        "type": "Invocation"
      },
      "location-after-char-start": 14712,
      "location-after-char-end": 14785,
      "node-str": "getString"
    },
    {
      "type": "insert-node",
      "node": {
        "label": "org.tigris.scarab.actions.admin.ModifyModuleAttributes",
        "type": "TypeAccess"
      },
      "location-after-char-start": 0,
      "location-after-char-end": 0,
      "node-str": "org.tigris.scarab.actions.admin.ModifyModuleAttributes"
    },
    {
      "type": "insert-node",
      "node": {
        "label": "data",
        "type": "VariableRead"
      },
      "location-after-char-start": 14806,
      "location-after-char-end": 14809,
      "node-str": "data"
    },
    {
      "type": "insert-node",
      "node": {
        "label": "nextTemplate",
        "type": "VariableRead"
      },
      "location-after-char-start": 14812,
      "location-after-char-end": 14823,
      "node-str": "nextTemplate"
    },
    {
      "type": "insert-node",
      "node": {
        "label": "org.tigris.scarab.om.IssueType",
        "type": "VARIABLE_TYPE"
      },
      "location-after-char-start": 0,
      "location-after-char-end": 0,
      "node-str": "org.tigris.scarab.om.IssueType"
    },
    {
      "type": "insert-node",
      "node": {
        "label": "getIssueType",
        "type": "Invocation"
      },
      "location-after-char-start": 24568,
      "location-after-char-end": 24585,
      "node-str": "getIssueType"
    },
    {
      "type": "update-node",
      "node": {
        "label": "getInstance",
        "type": "Invocation"
      },
      "location-before-char-start": 26562,
      "location-before-char-end": 26641,
      "location-after-char-start": 27842,
      "location-after-char-end": 27859,
      "node-str": "getAttribute"
    },
    {
      "type": "move-subtree",
      "node": {
        "label": "isAllValid",
        "type": "Invocation"
      },
      "location-before-char-start": 26658,
      "location-before-char-end": 26676,
      "location-after-char-start": 27876,
      "location-after-char-end": 27894,
      "node-str": "isAllValid"
    },
    {
      "type": "update-node",
      "node": {
        "label": "retrieveByPK",
        "type": "Invocation"
      },
      "location-before-char-start": 27983,
      "location-before-char-end": 28077,
      "location-after-char-start": 29114,
      "location-after-char-end": 29131,
      "node-str": "getIssueType"
    },
    {
      "type": "insert-node",
      "node": {
        "label": "org.tigris.scarab.actions.admin.ModifyModuleAttributes",
        "type": "TypeAccess"
      },
      "location-after-char-start": 0,
      "location-after-char-end": 0,
      "node-str": "org.tigris.scarab.actions.admin.ModifyModuleAttributes"
    },
    {
      "type": "insert-node",
      "node": {
        "label": "data",
        "type": "VariableRead"
      },
      "location-after-char-start": 7487,
      "location-after-char-end": 7490,
      "node-str": "data"
    },
    {
      "type": "update-node",
      "node": {
        "label": "issueTypeId",
        "type": "VariableRead"
      },
      "location-before-char-start": 8441,
      "location-before-char-end": 8451,
      "location-after-char-start": 7911,
      "location-after-char-end": 7919,
      "node-str": "issueType"
    },
    {
      "type": "move-subtree",
      "node": {
        "label": "issueTypeId",
        "type": "VariableRead"
      },
      "location-before-char-start": 8441,
      "location-before-char-end": 8451,
      "location-after-char-start": 7911,
      "location-after-char-end": 7919,
      "node-str": "issueType"
    },
    {
      "type": "update-node",
      "node": {
        "label": "org.tigris.scarab.om.IssueTypePeer",
        "type": "TypeAccess"
      },
      "location-before-char-start": 9043,
      "location-before-char-end": 9055,
      "location-after-char-start": 0,
      "location-after-char-end": 0,
      "node-str": "org.tigris.scarab.actions.admin.ModifyModuleAttributes"
    },
    {
      "type": "update-node",
      "node": {
        "label": "issueTypeId",
        "type": "VariableRead"
      },
      "location-before-char-start": 9117,
      "location-before-char-end": 9127,
      "location-after-char-start": 8261,
      "location-after-char-end": 8264,
      "node-str": "data"
    },
    {
      "type": "move-subtree",
      "node": {
        "label": "issueTypeId",
        "type": "VariableRead"
      },
      "location-before-char-start": 9117,
      "location-before-char-end": 9127,
      "location-after-char-start": 8261,
      "location-after-char-end": 8264,
      "node-str": "data"
    },
    {
      "type": "update-node",
      "node": {
        "label": "issueTypeId",
        "type": "VariableRead"
      },
      "location-before-char-start": 9441,
      "location-before-char-end": 9451,
      "location-after-char-start": 8421,
      "location-after-char-end": 8429,
      "node-str": "issueType"
    },
    {
      "type": "move-subtree",
      "node": {
        "label": "issueTypeId",
        "type": "VariableRead"
      },
      "location-before-char-start": 9441,
      "location-before-char-end": 9451,
      "location-after-char-start": 8421,
      "location-after-char-end": 8429,
      "node-str": "issueType"
    },
    {
      "type": "update-node",
      "node": {
        "label": "getHighestSequence",
        "type": "Invocation"
      },
      "location-before-char-start": 11496,
      "location-before-char-end": 11531,
      "location-after-char-start": 10491,
      "location-after-char-end": 10524,
      "node-str": "getLastAttribute"
    },
    {
      "type": "move-subtree",
      "node": {
        "label": "",
        "type": "Try"
      },
      "location-before-char-start": 7734,
      "location-before-char-end": 8022,
      "location-after-char-start": 12522,
      "location-after-char-end": 12807,
      "node-str": ""
    },
    {
      "type": "insert-node",
      "node": {
        "label": "EQ",
        "type": "BinaryOperator"
      },
      "location-after-char-start": 13070,
      "location-after-char-end": 13088,
      "node-str": "EQ"
    },
    {
      "type": "insert-node",
      "node": {
        "label": "EQ",
        "type": "BinaryOperator"
      },
      "location-after-char-start": 13093,
      "location-after-char-end": 13117,
      "node-str": "EQ"
    },
    {
      "type": "insert-node",
      "node": {
        "label": "setMessage",
        "type": "Invocation"
      },
      "location-after-char-start": 13142,
      "location-after-char-end": 13185,
      "node-str": "setMessage"
    },
    {
      "type": "insert-node",
      "node": {
        "label": "\u003d",
        "type": "Assignment"
      },
      "location-after-char-start": 13233,
      "location-after-char-end": 13294,
      "node-str": "\u003d"
    },
    {
      "type": "insert-node",
      "node": {
        "label": "org.tigris.scarab.actions.admin.ModifyModuleAttributes",
        "type": "TypeAccess"
      },
      "location-after-char-start": 0,
      "location-after-char-end": 0,
      "node-str": "org.tigris.scarab.actions.admin.ModifyModuleAttributes"
    },
    {
      "type": "insert-node",
      "node": {
        "label": "context",
        "type": "VariableRead"
      },
      "location-after-char-start": 13569,
      "location-after-char-end": 13575,
      "node-str": "context"
    },
    {
      "type": "insert-node",
      "node": {
        "label": "getParameters",
        "type": "Invocation"
      },
      "location-after-char-start": 13605,
      "location-after-char-end": 13624,
      "node-str": "getParameters"
    },
    {
      "type": "insert-node",
      "node": {
        "label": "\"optionId\"",
        "type": "Literal"
      },
      "location-after-char-start": 13636,
      "location-after-char-end": 13645,
      "node-str": "\"optionId\""
    },
    {
      "type": "insert-node",
      "node": {
        "label": "EQ",
        "type": "BinaryOperator"
      },
      "location-after-char-start": 13661,
      "location-after-char-end": 13676,
      "node-str": "EQ"
    },
    {
      "type": "insert-node",
      "node": {
        "label": "EQ",
        "type": "BinaryOperator"
      },
      "location-after-char-start": 13681,
      "location-after-char-end": 13702,
      "node-str": "EQ"
    },
    {
      "type": "insert-node",
      "node": {
        "label": "setMessage",
        "type": "Invocation"
      },
      "location-after-char-start": 13727,
      "location-after-char-end": 13780,
      "node-str": "setMessage"
    },
    {
      "type": "insert-node",
      "node": {
        "label": "return",
        "type": "Return"
      },
      "location-after-char-start": 13794,
      "location-after-char-end": 13800,
      "node-str": "return"
    },
    {
      "type": "insert-node",
      "node": {
        "label": "org.tigris.scarab.om.AttributeOption",
        "type": "TypeAccess"
      },
      "location-after-char-start": 13846,
      "location-after-char-end": 13860,
      "node-str": "org.tigris.scarab.om.AttributeOption"
    },
    {
      "type": "insert-node",
      "node": {
        "label": "org.apache.torque.om.NumberKey(java.lang.String)",
        "type": "ConstructorCall"
      },
      "location-after-char-start": 13874,
      "location-after-char-end": 13896,
      "node-str": "org.apache.torque.om.NumberKey(java.lang.String)"
    },
    {
      "type": "insert-node",
      "node": {
        "label": "org.tigris.scarab.actions.admin.ModifyModuleAttributes",
        "type": "TypeAccess"
      },
      "location-after-char-start": 0,
      "location-after-char-end": 0,
      "node-str": "org.tigris.scarab.actions.admin.ModifyModuleAttributes"
    },
    {
      "type": "insert-node",
      "node": {
        "label": "data",
        "type": "VariableRead"
      },
      "location-after-char-start": 13943,
      "location-after-char-end": 13946,
      "node-str": "data"
    },
    {
      "type": "insert-node",
      "node": {
        "label": "scarabR",
        "type": "VariableRead"
      },
      "location-after-char-start": 13980,
      "location-after-char-end": 13986,
      "node-str": "scarabR"
    },
    {
      "type": "insert-node",
      "node": {
        "label": "module",
        "type": "VariableRead"
      },
      "location-after-char-start": 14082,
      "location-after-char-end": 14087,
      "node-str": "module"
    },
    {
      "type": "insert-node",
      "node": {
        "label": "issueType",
        "type": "VariableRead"
      },
      "location-after-char-start": 14132,
      "location-after-char-end": 14140,
      "node-str": "issueType"
    },
    {
      "type": "insert-node",
      "node": {
        "label": "option",
        "type": "VariableRead"
      },
      "location-after-char-start": 14224,
      "location-after-char-end": 14229,
      "node-str": "option"
    },
    {
      "type": "insert-node",
      "node": {
        "label": "getLastAttributeOption",
        "type": "Invocation"
      },
      "location-after-char-start": 14264,
      "location-after-char-end": 14386,
      "node-str": "getLastAttributeOption"
    },
    {
      "type": "insert-node",
      "node": {
        "label": "1",
        "type": "Literal"
      },
      "location-after-char-start": 14390,
      "location-after-char-end": 14390,
      "node-str": "1"
    },
    {
      "type": "insert-node",
      "node": {
        "label": "rmo",
        "type": "VariableRead"
      },
      "location-after-char-start": 14508,
      "location-after-char-end": 14510,
      "node-str": "rmo"
    },
    {
      "type": "insert-node",
      "node": {
        "label": "module",
        "type": "VariableRead"
      },
      "location-after-char-start": 14581,
      "location-after-char-end": 14586,
      "node-str": "module"
    },
    {
      "type": "insert-node",
      "node": {
        "label": "issueType",
        "type": "VariableRead"
      },
      "location-after-char-start": 14632,
      "location-after-char-end": 14640,
      "node-str": "issueType"
    },
    {
      "type": "insert-node",
      "node": {
        "label": "getParameters",
        "type": "Invocation"
      },
      "location-after-char-start": 14712,
      "location-after-char-end": 14731,
      "node-str": "getParameters"
    },
    {
      "type": "insert-node",
      "node": {
        "label": "ScarabConstants.NEXT_TEMPLATE",
        "type": "TypeAccess"
      },
      "location-after-char-start": 14756,
      "location-after-char-end": 14784,
      "node-str": "ScarabConstants.NEXT_TEMPLATE"
    },
    {
      "type": "insert-node",
      "node": {
        "label": "org.tigris.scarab.actions.admin.ModifyModuleAttributes",
        "type": "TypeAccess"
      },
      "location-after-char-start": 0,
      "location-after-char-end": 0,
      "node-str": "org.tigris.scarab.actions.admin.ModifyModuleAttributes"
    },
    {
      "type": "insert-node",
      "node": {
        "label": "data",
        "type": "VariableRead"
      },
      "location-after-char-start": 24581,
      "location-after-char-end": 24584,
      "node-str": "data"
    },
    {
      "type": "update-node",
      "node": {
        "label": "org.tigris.scarab.om.Attribute",
        "type": "TypeAccess"
      },
      "location-before-char-start": 26562,
      "location-before-char-end": 26570,
      "location-after-char-start": 0,
      "location-after-char-end": 0,
      "node-str": "org.tigris.scarab.actions.admin.ModifyModuleAttributes"
    },
    {
      "type": "update-node",
      "node": {
        "label": "attributeId",
        "type": "VariableRead"
      },
      "location-before-char-start": 26629,
      "location-before-char-end": 26639,
      "location-after-char-start": 27855,
      "location-after-char-end": 27858,
      "node-str": "data"
    },
    {
      "type": "move-subtree",
      "node": {
        "label": "attributeId",
        "type": "VariableRead"
      },
      "location-before-char-start": 26629,
      "location-before-char-end": 26639,
      "location-after-char-start": 27855,
      "location-after-char-end": 27858,
      "node-str": "data"
    },
    {
      "type": "update-node",
      "node": {
        "label": "org.tigris.scarab.om.IssueTypePeer",
        "type": "TypeAccess"
      },
      "location-before-char-start": 27995,
      "location-before-char-end": 28007,
      "location-after-char-start": 0,
      "location-after-char-end": 0,
      "node-str": "org.tigris.scarab.actions.admin.ModifyModuleAttributes"
    },
    {
      "type": "update-node",
      "node": {
        "label": "issueTypeId",
        "type": "VariableRead"
      },
      "location-before-char-start": 28065,
      "location-before-char-end": 28075,
      "location-after-char-start": 29127,
      "location-after-char-end": 29130,
      "node-str": "data"
    },
    {
      "type": "move-subtree",
      "node": {
        "label": "issueTypeId",
        "type": "VariableRead"
      },
      "location-before-char-start": 28065,
      "location-before-char-end": 28075,
      "location-after-char-start": 29127,
      "location-after-char-end": 29130,
      "node-str": "data"
    },
    {
      "type": "update-node",
      "node": {
        "label": "\"Please select an Artifact type.\"",
        "type": "Literal"
      },
      "location-before-char-start": 8909,
      "location-before-char-end": 8941,
      "location-after-char-start": 12442,
      "location-after-char-end": 12472,
      "node-str": "\"The artifact type is missing.\""
    },
    {
      "type": "insert-node",
      "node": {
        "label": "attributeId",
        "type": "VariableRead"
      },
      "location-after-char-start": 13070,
      "location-after-char-end": 13080,
      "node-str": "attributeId"
    },
    {
      "type": "insert-node",
      "node": {
        "label": "null",
        "type": "Literal"
      },
      "location-after-char-start": 13085,
      "location-after-char-end": 13088,
      "node-str": "null"
    },
    {
      "type": "insert-node",
      "node": {
        "label": "length",
        "type": "Invocation"
      },
      "location-after-char-start": 13093,
      "location-after-char-end": 13112,
      "node-str": "length"
    },
    {
      "type": "insert-node",
      "node": {
        "label": "0",
        "type": "Literal"
      },
      "location-after-char-start": 13117,
      "location-after-char-end": 13117,
      "node-str": "0"
    },
    {
      "type": "insert-node",
      "node": {
        "label": "data",
        "type": "VariableRead"
      },
      "location-after-char-start": 13142,
      "location-after-char-end": 13145,
      "node-str": "data"
    },
    {
      "type": "insert-node",
      "node": {
        "label": "\"Attribute id is missing.\"",
        "type": "Literal"
      },
      "location-after-char-start": 13158,
      "location-after-char-end": 13183,
      "node-str": "\"Attribute id is missing.\""
    },
    {
      "type": "insert-node",
      "node": {
        "label": "attribute",
        "type": "VariableWrite"
      },
      "location-after-char-start": 13233,
      "location-after-char-end": 13241,
      "node-str": "attribute"
    },
    {
      "type": "insert-node",
      "node": {
        "label": "getInstance",
        "type": "Invocation"
      },
      "location-after-char-start": 13245,
      "location-after-char-end": 13293,
      "node-str": "getInstance"
    },
    {
      "type": "insert-node",
      "node": {
        "label": "data",
        "type": "VariableRead"
      },
      "location-after-char-start": 13605,
      "location-after-char-end": 13608,
      "node-str": "data"
    },
    {
      "type": "insert-node",
      "node": {
        "label": "optionId",
        "type": "VariableRead"
      },
      "location-after-char-start": 13661,
      "location-after-char-end": 13668,
      "node-str": "optionId"
    },
    {
      "type": "insert-node",
      "node": {
        "label": "null",
        "type": "Literal"
      },
      "location-after-char-start": 13673,
      "location-after-char-end": 13676,
      "node-str": "null"
    },
    {
      "type": "insert-node",
      "node": {
        "label": "length",
        "type": "Invocation"
      },
      "location-after-char-start": 13681,
      "location-after-char-end": 13697,
      "node-str": "length"
    },
    {
      "type": "insert-node",
      "node": {
        "label": "0",
        "type": "Literal"
      },
      "location-after-char-start": 13702,
      "location-after-char-end": 13702,
      "node-str": "0"
    },
    {
      "type": "insert-node",
      "node": {
        "label": "data",
        "type": "VariableRead"
      },
      "location-after-char-start": 13727,
      "location-after-char-end": 13730,
      "node-str": "data"
    },
    {
      "type": "insert-node",
      "node": {
        "label": "\"Please select an attribute option.\"",
        "type": "Literal"
      },
      "location-after-char-start": 13743,
      "location-after-char-end": 13778,
      "node-str": "\"Please select an attribute option.\""
    },
    {
      "type": "insert-node",
      "node": {
        "label": "optionId",
        "type": "VariableRead"
      },
      "location-after-char-start": 13888,
      "location-after-char-end": 13895,
      "node-str": "optionId"
    },
    {
      "type": "insert-node",
      "node": {
        "label": "module",
        "type": "VariableRead"
      },
      "location-after-char-start": 14264,
      "location-after-char-end": 14269,
      "node-str": "module"
    },
    {
      "type": "insert-node",
      "node": {
        "label": "getAttribute",
        "type": "Invocation"
      },
      "location-after-char-start": 14294,
      "location-after-char-end": 14314,
      "node-str": "getAttribute"
    },
    {
      "type": "insert-node",
      "node": {
        "label": "issueType",
        "type": "VariableRead"
      },
      "location-after-char-start": 14377,
      "location-after-char-end": 14385,
      "node-str": "issueType"
    },
    {
      "type": "insert-node",
      "node": {
        "label": "data",
        "type": "VariableRead"
      },
      "location-after-char-start": 14712,
      "location-after-char-end": 14715,
      "node-str": "data"
    },
    {
      "type": "insert-node",
      "node": {
        "label": "attributeId",
        "type": "VariableRead"
      },
      "location-after-char-start": 13093,
      "location-after-char-end": 13103,
      "node-str": "attributeId"
    },
    {
      "type": "insert-node",
      "node": {
        "label": "org.tigris.scarab.om.Attribute",
        "type": "TypeAccess"
      },
      "location-after-char-start": 13245,
      "location-after-char-end": 13253,
      "node-str": "org.tigris.scarab.om.Attribute"
    },
    {
      "type": "insert-node",
      "node": {
        "label": "org.apache.torque.om.NumberKey(java.lang.String)",
        "type": "ConstructorCall"
      },
      "location-after-char-start": 13267,
      "location-after-char-end": 13292,
      "node-str": "org.apache.torque.om.NumberKey(java.lang.String)"
    },
    {
      "type": "insert-node",
      "node": {
        "label": "optionId",
        "type": "VariableRead"
      },
      "location-after-char-start": 13681,
      "location-after-char-end": 13688,
      "node-str": "optionId"
    },
    {
      "type": "insert-node",
      "node": {
        "label": "option",
        "type": "VariableRead"
      },
      "location-after-char-start": 14294,
      "location-after-char-end": 14299,
      "node-str": "option"
    },
    {
      "type": "insert-node",
      "node": {
        "label": "attributeId",
        "type": "VariableRead"
      },
      "location-after-char-start": 13281,
      "location-after-char-end": 13291,
      "node-str": "attributeId"
    },
    {
      "type": "delete-node",
      "node": {
        "label": "issueTypeId",
        "type": "VariableRead"
      },
      "location-before-char-start": 7532,
      "location-before-char-end": 7542,
      "node-str": "issueTypeId"
    },
    {
      "type": "delete-node",
      "node": {
        "label": "null",
        "type": "Literal"
      },
      "location-before-char-start": 7547,
      "location-before-char-end": 7550,
      "node-str": "null"
    },
    {
      "type": "delete-node",
      "node": {
        "label": "EQ",
        "type": "BinaryOperator"
      },
      "location-before-char-start": 7532,
      "location-before-char-end": 7550,
      "node-str": "EQ"
    },
    {
      "type": "delete-node",
      "node": {
        "label": "issueTypeId",
        "type": "VariableRead"
      },
      "location-before-char-start": 7555,
      "location-before-char-end": 7565,
      "node-str": "issueTypeId"
    },
    {
      "type": "delete-node",
      "node": {
        "label": "length",
        "type": "Invocation"
      },
      "location-before-char-start": 7555,
      "location-before-char-end": 7574,
      "node-str": "length"
    },
    {
      "type": "delete-node",
      "node": {
        "label": "0",
        "type": "Literal"
      },
      "location-before-char-start": 7579,
      "location-before-char-end": 7579,
      "node-str": "0"
    },
    {
      "type": "delete-node",
      "node": {
        "label": "EQ",
        "type": "BinaryOperator"
      },
      "location-before-char-start": 7555,
      "location-before-char-end": 7579,
      "node-str": "EQ"
    },
    {
      "type": "delete-node",
      "node": {
        "label": "OR",
        "type": "BinaryOperator"
      },
      "location-before-char-start": 7532,
      "location-before-char-end": 7579,
      "node-str": "OR"
    },
    {
      "type": "delete-node",
      "node": {
        "label": "data",
        "type": "VariableRead"
      },
      "location-before-char-start": 7604,
      "location-before-char-end": 7607,
      "node-str": "data"
    },
    {
      "type": "delete-node",
      "node": {
        "label": "\"The artifact type id was not set\"",
        "type": "Literal"
      },
      "location-before-char-start": 7620,
      "location-before-char-end": 7653,
      "node-str": "\"The artifact type id was not set\""
    },
    {
      "type": "delete-node",
      "node": {
        "label": "setMessage",
        "type": "Invocation"
      },
      "location-before-char-start": 7604,
      "location-before-char-end": 7655,
      "node-str": "setMessage"
    },
    {
      "type": "delete-node",
      "node": {
        "label": "ag",
        "type": "VariableRead"
      },
      "location-before-char-start": 7676,
      "location-before-char-end": 7677,
      "node-str": "ag"
    },
    {
      "type": "delete-node",
      "node": {
        "label": "return",
        "type": "Return"
      },
      "location-before-char-start": 7669,
      "location-before-char-end": 7678,
      "node-str": "return"
    },
    {
      "type": "delete-node",
      "node": {
        "label": "THEN",
        "type": "then"
      },
      "location-before-char-start": 7590,
      "location-before-char-end": 7688,
      "node-str": "THEN"
    },
    {
      "type": "delete-node",
      "node": {
        "label": "if",
        "type": "If"
      },
      "location-before-char-start": 7528,
      "location-before-char-end": 7688,
      "node-str": "if"
    },
    {
      "type": "delete-node",
      "node": {
        "label": "org.tigris.scarab.om.IssueType",
        "type": "VARIABLE_TYPE"
      },
      "location-before-char-start": 0,
      "location-before-char-end": 0,
      "node-str": "org.tigris.scarab.om.IssueType"
    },
    {
      "type": "delete-node",
      "node": {
        "label": "null",
        "type": "Literal"
      },
      "location-before-char-start": 7720,
      "location-before-char-end": 7723,
      "node-str": "null"
    },
    {
      "type": "delete-node",
      "node": {
        "label": "issueType",
        "type": "LocalVariable"
      },
      "location-before-char-start": 7698,
      "location-before-char-end": 7724,
      "node-str": "issueType"
    },
    {
      "type": "delete-node",
      "node": {
        "label": "org.apache.torque.om.NumberKey(java.lang.String)",
        "type": "ConstructorCall"
      },
      "location-before-char-start": 9103,
      "location-before-char-end": 9128,
      "node-str": "org.apache.torque.om.NumberKey(java.lang.String)"
    },
    {
      "type": "delete-node",
      "node": {
        "label": "java.lang.String",
        "type": "VARIABLE_TYPE"
      },
      "location-before-char-start": 0,
      "location-before-char-end": 0,
      "node-str": "java.lang.String"
    },
    {
      "type": "delete-node",
      "node": {
        "label": "data",
        "type": "VariableRead"
      },
      "location-before-char-start": 8762,
      "location-before-char-end": 8765,
      "node-str": "data"
    },
    {
      "type": "delete-node",
      "node": {
        "label": "getParameters",
        "type": "Invocation"
      },
      "location-before-char-start": 8762,
      "location-before-char-end": 8781,
      "node-str": "getParameters"
    },
    {
      "type": "delete-node",
      "node": {
        "label": "\"issueTypeId\"",
        "type": "Literal"
      },
      "location-before-char-start": 8793,
      "location-before-char-end": 8805,
      "node-str": "\"issueTypeId\""
    },
    {
      "type": "delete-node",
      "node": {
        "label": "getString",
        "type": "Invocation"
      },
      "location-before-char-start": 8762,
      "location-before-char-end": 8806,
      "node-str": "getString"
    },
    {
      "type": "delete-node",
      "node": {
        "label": "issueTypeId",
        "type": "LocalVariable"
      },
      "location-before-char-start": 8741,
      "location-before-char-end": 8807,
      "node-str": "issueTypeId"
    },
    {
      "type": "delete-node",
      "node": {
        "label": "java.lang.Exception",
        "type": "VARIABLE_TYPE"
      },
      "location-before-char-start": 0,
      "location-before-char-end": 0,
      "node-str": "java.lang.Exception"
    },
    {
      "type": "delete-node",
      "node": {
        "label": "e",
        "type": "CatchVariable"
      },
      "location-before-char-start": 9157,
      "location-before-char-end": 9167,
      "node-str": "e"
    },
    {
      "type": "delete-node",
      "node": {
        "label": "data",
        "type": "VariableRead"
      },
      "location-before-char-start": 9192,
      "location-before-char-end": 9195,
      "node-str": "data"
    },
    {
      "type": "delete-node",
      "node": {
        "label": "\"The artifact type id was invalid.\"",
        "type": "Literal"
      },
      "location-before-char-start": 9208,
      "location-before-char-end": 9242,
      "node-str": "\"The artifact type id was invalid.\""
    },
    {
      "type": "delete-node",
      "node": {
        "label": "setMessage",
        "type": "Invocation"
      },
      "location-before-char-start": 9192,
      "location-before-char-end": 9244,
      "node-str": "setMessage"
    },
    {
      "type": "delete-node",
      "node": {
        "label": "return",
        "type": "Return"
      },
      "location-before-char-start": 9258,
      "location-before-char-end": 9264,
      "node-str": "return"
    },
    {
      "type": "delete-node",
      "node": {
        "label": "",
        "type": "Catch"
      },
      "location-before-char-start": 9141,
      "location-before-char-end": 9286,
      "node-str": ""
    },
    {
      "type": "delete-node",
      "node": {
        "label": "",
        "type": "Try"
      },
      "location-before-char-start": 8983,
      "location-before-char-end": 9286,
      "node-str": ""
    },
    {
      "type": "delete-node",
      "node": {
        "label": "return",
        "type": "Return"
      },
      "location-before-char-start": 8957,
      "location-before-char-end": 8963,
      "node-str": "return"
    },
    {
      "type": "delete-node",
      "node": {
        "label": "ag",
        "type": "VariableRead"
      },
      "location-before-char-start": 7998,
      "location-before-char-end": 7999,
      "node-str": "ag"
    },
    {
      "type": "delete-node",
      "node": {
        "label": "return",
        "type": "Return"
      },
      "location-before-char-start": 7991,
      "location-before-char-end": 8000,
      "node-str": "return"
    },
    {
      "type": "delete-node",
      "node": {
        "label": "java.lang.String",
        "type": "VARIABLE_TYPE"
      },
      "location-before-char-start": 0,
      "location-before-char-end": 0,
      "node-str": "java.lang.String"
    },
    {
      "type": "delete-node",
      "node": {
        "label": "data",
        "type": "VariableRead"
      },
      "location-before-char-start": 22877,
      "location-before-char-end": 22880,
      "node-str": "data"
    },
    {
      "type": "delete-node",
      "node": {
        "label": "getParameters",
        "type": "Invocation"
      },
      "location-before-char-start": 22877,
      "location-before-char-end": 22896,
      "node-str": "getParameters"
    },
    {
      "type": "delete-node",
      "node": {
        "label": "\"issueTypeId\"",
        "type": "Literal"
      },
      "location-before-char-start": 22908,
      "location-before-char-end": 22920,
      "node-str": "\"issueTypeId\""
    },
    {
      "type": "delete-node",
      "node": {
        "label": "getString",
        "type": "Invocation"
      },
      "location-before-char-start": 22877,
      "location-before-char-end": 22921,
      "node-str": "getString"
    },
    {
      "type": "delete-node",
      "node": {
        "label": "issueTypeId",
        "type": "LocalVariable"
      },
      "location-before-char-start": 22856,
      "location-before-char-end": 22922,
      "node-str": "issueTypeId"
    },
    {
      "type": "delete-node",
      "node": {
        "label": "org.tigris.scarab.om.IssueType",
        "type": "VARIABLE_TYPE"
      },
      "location-before-char-start": 0,
      "location-before-char-end": 0,
      "node-str": "org.tigris.scarab.om.IssueType"
    },
    {
      "type": "delete-node",
      "node": {
        "label": "org.tigris.scarab.om.IssueTypePeer",
        "type": "TypeAccess"
      },
      "location-before-char-start": 22966,
      "location-before-char-end": 22978,
      "node-str": "org.tigris.scarab.om.IssueTypePeer"
    },
    {
      "type": "delete-node",
      "node": {
        "label": "issueTypeId",
        "type": "VariableRead"
      },
      "location-before-char-start": 23036,
      "location-before-char-end": 23046,
      "node-str": "issueTypeId"
    },
    {
      "type": "delete-node",
      "node": {
        "label": "org.apache.torque.om.NumberKey(java.lang.String)",
        "type": "ConstructorCall"
      },
      "location-before-char-start": 23022,
      "location-before-char-end": 23047,
      "node-str": "org.apache.torque.om.NumberKey(java.lang.String)"
    },
    {
      "type": "delete-node",
      "node": {
        "label": "retrieveByPK",
        "type": "Invocation"
      },
      "location-before-char-start": 22954,
      "location-before-char-end": 23048,
      "node-str": "retrieveByPK"
    },
    {
      "type": "delete-node",
      "node": {
        "label": "issueType",
        "type": "LocalVariable"
      },
      "location-before-char-start": 22932,
      "location-before-char-end": 23049,
      "node-str": "issueType"
    },
    {
      "type": "delete-node",
      "node": {
        "label": "boolean",
        "type": "VARIABLE_TYPE"
      },
      "location-before-char-start": 0,
      "location-before-char-end": 0,
      "node-str": "boolean"
    },
    {
      "type": "delete-node",
      "node": {
        "label": "true",
        "type": "Literal"
      },
      "location-before-char-start": 26302,
      "location-before-char-end": 26305,
      "node-str": "true"
    },
    {
      "type": "delete-node",
      "node": {
        "label": "isValid",
        "type": "LocalVariable"
      },
      "location-before-char-start": 26284,
      "location-before-char-end": 26306,
      "node-str": "isValid"
    },
    {
      "type": "delete-node",
      "node": {
        "label": "attributeId",
        "type": "VariableRead"
      },
      "location-before-char-start": 26396,
      "location-before-char-end": 26406,
      "node-str": "attributeId"
    },
    {
      "type": "delete-node",
      "node": {
        "label": "null",
        "type": "Literal"
      },
      "location-before-char-start": 26411,
      "location-before-char-end": 26414,
      "node-str": "null"
    },
    {
      "type": "delete-node",
      "node": {
        "label": "EQ",
        "type": "BinaryOperator"
      },
      "location-before-char-start": 26396,
      "location-before-char-end": 26414,
      "node-str": "EQ"
    },
    {
      "type": "delete-node",
      "node": {
        "label": "data",
        "type": "VariableRead"
      },
      "location-before-char-start": 26439,
      "location-before-char-end": 26442,
      "node-str": "data"
    },
    {
      "type": "delete-node",
      "node": {
        "label": "\"Attribute id is missing.\"",
        "type": "Literal"
      },
      "location-before-char-start": 26455,
      "location-before-char-end": 26480,
      "node-str": "\"Attribute id is missing.\""
    },
    {
      "type": "delete-node",
      "node": {
        "label": "setMessage",
        "type": "Invocation"
      },
      "location-before-char-start": 26439,
      "location-before-char-end": 26482,
      "node-str": "setMessage"
    },
    {
      "type": "delete-node",
      "node": {
        "label": "isValid",
        "type": "VariableWrite"
      },
      "location-before-char-start": 26496,
      "location-before-char-end": 26502,
      "node-str": "isValid"
    },
    {
      "type": "delete-node",
      "node": {
        "label": "false",
        "type": "Literal"
      },
      "location-before-char-start": 26506,
      "location-before-char-end": 26510,
      "node-str": "false"
    },
    {
      "type": "delete-node",
      "node": {
        "label": "\u003d",
        "type": "Assignment"
      },
      "location-before-char-start": 26496,
      "location-before-char-end": 26511,
      "node-str": "\u003d"
    },
    {
      "type": "delete-node",
      "node": {
        "label": "THEN",
        "type": "then"
      },
      "location-before-char-start": 26425,
      "location-before-char-end": 26521,
      "node-str": "THEN"
    },
    {
      "type": "delete-node",
      "node": {
        "label": "if",
        "type": "If"
      },
      "location-before-char-start": 26392,
      "location-before-char-end": 26521,
      "node-str": "if"
    },
    {
      "type": "delete-node",
      "node": {
        "label": "org.apache.torque.om.NumberKey(java.lang.String)",
        "type": "ConstructorCall"
      },
      "location-before-char-start": 26615,
      "location-before-char-end": 26640,
      "node-str": "org.apache.torque.om.NumberKey(java.lang.String)"
    },
    {
      "type": "delete-node",
      "node": {
        "label": "isValid",
        "type": "VariableRead"
      },
      "location-before-char-start": 26681,
      "location-before-char-end": 26687,
      "node-str": "isValid"
    },
    {
      "type": "delete-node",
      "node": {
        "label": "AND",
        "type": "BinaryOperator"
      },
      "location-before-char-start": 26658,
      "location-before-char-end": 26687,
      "node-str": "AND"
    },
    {
      "type": "delete-node",
      "node": {
        "label": "java.lang.String",
        "type": "VARIABLE_TYPE"
      },
      "location-before-char-start": 0,
      "location-before-char-end": 0,
      "node-str": "java.lang.String"
    },
    {
      "type": "delete-node",
      "node": {
        "label": "data",
        "type": "VariableRead"
      },
      "location-before-char-start": 27906,
      "location-before-char-end": 27909,
      "node-str": "data"
    },
    {
      "type": "delete-node",
      "node": {
        "label": "getParameters",
        "type": "Invocation"
      },
      "location-before-char-start": 27906,
      "location-before-char-end": 27925,
      "node-str": "getParameters"
    },
    {
      "type": "delete-node",
      "node": {
        "label": "\"issueTypeId\"",
        "type": "Literal"
      },
      "location-before-char-start": 27937,
      "location-before-char-end": 27949,
      "node-str": "\"issueTypeId\""
    },
    {
      "type": "delete-node",
      "node": {
        "label": "getString",
        "type": "Invocation"
      },
      "location-before-char-start": 27906,
      "location-before-char-end": 27950,
      "node-str": "getString"
    },
    {
      "type": "delete-node",
      "node": {
        "label": "issueTypeId",
        "type": "LocalVariable"
      },
      "location-before-char-start": 27885,
      "location-before-char-end": 27951,
      "node-str": "issueTypeId"
    },
    {
      "type": "delete-node",
      "node": {
        "label": "org.apache.torque.om.NumberKey(java.lang.String)",
        "type": "ConstructorCall"
      },
      "location-before-char-start": 28051,
      "location-before-char-end": 28076,
      "node-str": "org.apache.torque.om.NumberKey(java.lang.String)"
    }
  ],
  "before-file": {},
  "after-file": {},
  "mapping": {}
}