{
  "tool-info": {},
  "diff": [
    {
      "type": "insert-node",
      "node": {
        "label": "public",
        "type": "Modifier"
      },
      "location-after-char-start": 0,
      "location-after-char-end": 0,
      "node-str": "public"
    },
    {
      "type": "insert-node",
      "node": {
        "label": "",
        "type": "TypeReference"
      },
      "location-after-char-start": 2783,
      "location-after-char-end": 2789,
      "node-str": ""
    },
    {
      "type": "insert-node",
      "node": {
        "label": "folderLabel",
        "type": "Field"
      },
      "location-after-char-start": 2821,
      "location-after-char-end": 2847,
      "node-str": "folderLabel"
    },
    {
      "type": "insert-node",
      "node": {
        "label": "nameLabel",
        "type": "Field"
      },
      "location-after-char-start": 2853,
      "location-after-char-end": 2877,
      "node-str": "nameLabel"
    },
    {
      "type": "insert-node",
      "node": {
        "label": "folderTextField",
        "type": "Field"
      },
      "location-after-char-start": 2883,
      "location-after-char-end": 2917,
      "node-str": "folderTextField"
    },
    {
      "type": "insert-node",
      "node": {
        "label": "addButton",
        "type": "Field"
      },
      "location-after-char-start": 2923,
      "location-after-char-end": 2948,
      "node-str": "addButton"
    },
    {
      "type": "insert-node",
      "node": {
        "label": "selectButton",
        "type": "Field"
      },
      "location-after-char-start": 2954,
      "location-after-char-end": 2982,
      "node-str": "selectButton"
    },
    {
      "type": "insert-node",
      "node": {
        "label": "searchButton",
        "type": "Field"
      },
      "location-after-char-start": 2988,
      "location-after-char-end": 3016,
      "node-str": "searchButton"
    },
    {
      "type": "insert-node",
      "node": {
        "label": "includeSubfolderButton",
        "type": "Field"
      },
      "location-after-char-start": 3022,
      "location-after-char-end": 3062,
      "node-str": "includeSubfolderButton"
    },
    {
      "type": "insert-node",
      "node": {
        "label": "criteriaList",
        "type": "Field"
      },
      "location-after-char-start": 3068,
      "location-after-char-end": 3101,
      "node-str": "criteriaList"
    },
    {
      "type": "insert-node",
      "node": {
        "label": "destFolder",
        "type": "Field"
      },
      "location-after-char-start": 3107,
      "location-after-char-end": 3139,
      "node-str": "destFolder"
    },
    {
      "type": "insert-node",
      "node": {
        "label": "condList",
        "type": "Field"
      },
      "location-after-char-start": 3145,
      "location-after-char-end": 3171,
      "node-str": "condList"
    },
    {
      "type": "insert-node",
      "node": {
        "label": "frameController",
        "type": "Field"
      },
      "location-after-char-start": 3177,
      "location-after-char-end": 3214,
      "node-str": "frameController"
    },
    {
      "type": "insert-node",
      "node": {
        "label": "javax.swing.JDialog",
        "type": "SUPER_TYPE"
      },
      "location-after-char-start": 0,
      "location-after-char-end": 0,
      "node-str": "javax.swing.JDialog"
    },
    {
      "type": "insert-node",
      "node": {
        "label": "javax.swing.JLabel",
        "type": "VARIABLE_TYPE"
      },
      "location-after-char-start": 0,
      "location-after-char-end": 0,
      "node-str": "javax.swing.JLabel"
    },
    {
      "type": "insert-node",
      "node": {
        "label": "javax.swing.JLabel",
        "type": "VARIABLE_TYPE"
      },
      "location-after-char-start": 0,
      "location-after-char-end": 0,
      "node-str": "javax.swing.JLabel"
    },
    {
      "type": "insert-node",
      "node": {
        "label": "javax.swing.JTextField",
        "type": "VARIABLE_TYPE"
      },
      "location-after-char-start": 0,
      "location-after-char-end": 0,
      "node-str": "javax.swing.JTextField"
    },
    {
      "type": "insert-node",
      "node": {
        "label": "javax.swing.JButton",
        "type": "VARIABLE_TYPE"
      },
      "location-after-char-start": 0,
      "location-after-char-end": 0,
      "node-str": "javax.swing.JButton"
    },
    {
      "type": "insert-node",
      "node": {
        "label": "javax.swing.JButton",
        "type": "VARIABLE_TYPE"
      },
      "location-after-char-start": 0,
      "location-after-char-end": 0,
      "node-str": "javax.swing.JButton"
    },
    {
      "type": "insert-node",
      "node": {
        "label": "javax.swing.JButton",
        "type": "VARIABLE_TYPE"
      },
      "location-after-char-start": 0,
      "location-after-char-end": 0,
      "node-str": "javax.swing.JButton"
    },
    {
      "type": "insert-node",
      "node": {
        "label": "javax.swing.JCheckBox",
        "type": "VARIABLE_TYPE"
      },
      "location-after-char-start": 0,
      "location-after-char-end": 0,
      "node-str": "javax.swing.JCheckBox"
    },
    {
      "type": "insert-node",
      "node": {
        "label": "org.columba.mail.gui.config.filter.CriteriaList",
        "type": "VARIABLE_TYPE"
      },
      "location-after-char-start": 0,
      "location-after-char-end": 0,
      "node-str": "org.columba.mail.gui.config.filter.CriteriaList"
    },
    {
      "type": "insert-node",
      "node": {
        "label": "org.columba.mail.folder.virtual.VirtualFolder",
        "type": "VARIABLE_TYPE"
      },
      "location-after-char-start": 0,
      "location-after-char-end": 0,
      "node-str": "org.columba.mail.folder.virtual.VirtualFolder"
    },
    {
      "type": "insert-node",
      "node": {
        "label": "javax.swing.JComboBox",
        "type": "VARIABLE_TYPE"
      },
      "location-after-char-start": 0,
      "location-after-char-end": 0,
      "node-str": "javax.swing.JComboBox"
    },
    {
      "type": "insert-node",
      "node": {
        "label": "org.columba.core.gui.frame.FrameMediator",
        "type": "VARIABLE_TYPE"
      },
      "location-after-char-start": 0,
      "location-after-char-end": 0,
      "node-str": "org.columba.core.gui.frame.FrameMediator"
    },
    {
      "type": "insert-node",
      "node": {
        "label": "deactivate",
        "type": "Invocation"
      },
      "location-after-char-start": 12555,
      "location-after-char-end": 12596,
      "node-str": "deactivate"
    },
    {
      "type": "insert-node",
      "node": {
        "label": "destFolder",
        "type": "FieldRead"
      },
      "location-after-char-start": 12555,
      "location-after-char-end": 12582,
      "node-str": "destFolder"
    },
    {
      "type": "insert-node",
      "node": {
        "label": "org.columba.mail.gui.config.search.SearchFrame",
        "type": "TypeAccess"
      },
      "location-after-char-start": 0,
      "location-after-char-end": 0,
      "node-str": "org.columba.mail.gui.config.search.SearchFrame"
    },
    {
      "type": "delete-node",
      "node": {
        "label": "public",
        "type": "Modifier"
      },
      "location-before-char-start": 0,
      "location-before-char-end": 0,
      "node-str": "public"
    },
    {
      "type": "delete-node",
      "node": {
        "label": "javax.swing.JDialog",
        "type": "SUPER_TYPE"
      },
      "location-before-char-start": 0,
      "location-before-char-end": 0,
      "node-str": "javax.swing.JDialog"
    },
    {
      "type": "delete-node",
      "node": {
        "label": "",
        "type": "TypeReference"
      },
      "location-before-char-start": 2783,
      "location-before-char-end": 2789,
      "node-str": ""
    },
    {
      "type": "delete-node",
      "node": {
        "label": "javax.swing.JLabel",
        "type": "VARIABLE_TYPE"
      },
      "location-before-char-start": 0,
      "location-before-char-end": 0,
      "node-str": "javax.swing.JLabel"
    },
    {
      "type": "delete-node",
      "node": {
        "label": "folderLabel",
        "type": "Field"
      },
      "location-before-char-start": 2821,
      "location-before-char-end": 2847,
      "node-str": "folderLabel"
    },
    {
      "type": "delete-node",
      "node": {
        "label": "javax.swing.JLabel",
        "type": "VARIABLE_TYPE"
      },
      "location-before-char-start": 0,
      "location-before-char-end": 0,
      "node-str": "javax.swing.JLabel"
    },
    {
      "type": "delete-node",
      "node": {
        "label": "nameLabel",
        "type": "Field"
      },
      "location-before-char-start": 2853,
      "location-before-char-end": 2877,
      "node-str": "nameLabel"
    },
    {
      "type": "delete-node",
      "node": {
        "label": "javax.swing.JTextField",
        "type": "VARIABLE_TYPE"
      },
      "location-before-char-start": 0,
      "location-before-char-end": 0,
      "node-str": "javax.swing.JTextField"
    },
    {
      "type": "delete-node",
      "node": {
        "label": "folderTextField",
        "type": "Field"
      },
      "location-before-char-start": 2883,
      "location-before-char-end": 2917,
      "node-str": "folderTextField"
    },
    {
      "type": "delete-node",
      "node": {
        "label": "javax.swing.JButton",
        "type": "VARIABLE_TYPE"
      },
      "location-before-char-start": 0,
      "location-before-char-end": 0,
      "node-str": "javax.swing.JButton"
    },
    {
      "type": "delete-node",
      "node": {
        "label": "addButton",
        "type": "Field"
      },
      "location-before-char-start": 2923,
      "location-before-char-end": 2948,
      "node-str": "addButton"
    },
    {
      "type": "delete-node",
      "node": {
        "label": "javax.swing.JButton",
        "type": "VARIABLE_TYPE"
      },
      "location-before-char-start": 0,
      "location-before-char-end": 0,
      "node-str": "javax.swing.JButton"
    },
    {
      "type": "delete-node",
      "node": {
        "label": "selectButton",
        "type": "Field"
      },
      "location-before-char-start": 2954,
      "location-before-char-end": 2982,
      "node-str": "selectButton"
    },
    {
      "type": "delete-node",
      "node": {
        "label": "javax.swing.JButton",
        "type": "VARIABLE_TYPE"
      },
      "location-before-char-start": 0,
      "location-before-char-end": 0,
      "node-str": "javax.swing.JButton"
    },
    {
      "type": "delete-node",
      "node": {
        "label": "searchButton",
        "type": "Field"
      },
      "location-before-char-start": 2988,
      "location-before-char-end": 3016,
      "node-str": "searchButton"
    },
    {
      "type": "delete-node",
      "node": {
        "label": "javax.swing.JCheckBox",
        "type": "VARIABLE_TYPE"
      },
      "location-before-char-start": 0,
      "location-before-char-end": 0,
      "node-str": "javax.swing.JCheckBox"
    },
    {
      "type": "delete-node",
      "node": {
        "label": "includeSubfolderButton",
        "type": "Field"
      },
      "location-before-char-start": 3022,
      "location-before-char-end": 3062,
      "node-str": "includeSubfolderButton"
    },
    {
      "type": "delete-node",
      "node": {
        "label": "org.columba.mail.gui.config.filter.CriteriaList",
        "type": "VARIABLE_TYPE"
      },
      "location-before-char-start": 0,
      "location-before-char-end": 0,
      "node-str": "org.columba.mail.gui.config.filter.CriteriaList"
    },
    {
      "type": "delete-node",
      "node": {
        "label": "criteriaList",
        "type": "Field"
      },
      "location-before-char-start": 3068,
      "location-before-char-end": 3101,
      "node-str": "criteriaList"
    },
    {
      "type": "delete-node",
      "node": {
        "label": "org.columba.mail.folder.virtual.VirtualFolder",
        "type": "VARIABLE_TYPE"
      },
      "location-before-char-start": 0,
      "location-before-char-end": 0,
      "node-str": "org.columba.mail.folder.virtual.VirtualFolder"
    },
    {
      "type": "delete-node",
      "node": {
        "label": "destFolder",
        "type": "Field"
      },
      "location-before-char-start": 3107,
      "location-before-char-end": 3139,
      "node-str": "destFolder"
    },
    {
      "type": "delete-node",
      "node": {
        "label": "javax.swing.JComboBox",
        "type": "VARIABLE_TYPE"
      },
      "location-before-char-start": 0,
      "location-before-char-end": 0,
      "node-str": "javax.swing.JComboBox"
    },
    {
      "type": "delete-node",
      "node": {
        "label": "condList",
        "type": "Field"
      },
      "location-before-char-start": 3145,
      "location-before-char-end": 3171,
      "node-str": "condList"
    },
    {
      "type": "delete-node",
      "node": {
        "label": "org.columba.core.gui.frame.FrameMediator",
        "type": "VARIABLE_TYPE"
      },
      "location-before-char-start": 0,
      "location-before-char-end": 0,
      "node-str": "org.columba.core.gui.frame.FrameMediator"
    },
    {
      "type": "delete-node",
      "node": {
        "label": "frameController",
        "type": "Field"
      },
      "location-before-char-start": 3177,
      "location-before-char-end": 3214,
      "node-str": "frameController"
    }
  ],
  "before-file": {},
  "after-file": {},
  "mapping": {}
}