{
  "tool-info": {},
  "diff": [
    {
      "type": "insert-node",
      "node": {
        "label": "final",
        "type": "Modifier"
      },
      "location-after-char-start": 0,
      "location-after-char-end": 0,
      "node-str": "final"
    },
    {
      "type": "insert-node",
      "node": {
        "label": "public",
        "type": "Modifier"
      },
      "location-after-char-start": 0,
      "location-after-char-end": 0,
      "node-str": "public"
    },
    {
      "type": "insert-node",
      "node": {
        "label": "display",
        "type": "Field"
      },
      "location-after-char-start": 6013,
      "location-after-char-end": 6147,
      "node-str": "display"
    },
    {
      "type": "insert-node",
      "node": {
        "label": "windowManager",
        "type": "Field"
      },
      "location-after-char-start": 6154,
      "location-after-char-end": 6189,
      "node-str": "windowManager"
    },
    {
      "type": "insert-node",
      "node": {
        "label": "activatedWindow",
        "type": "Field"
      },
      "location-after-char-start": 6196,
      "location-after-char-end": 6235,
      "node-str": "activatedWindow"
    },
    {
      "type": "insert-node",
      "node": {
        "label": "editorHistory",
        "type": "Field"
      },
      "location-after-char-start": 6242,
      "location-after-char-end": 6277,
      "node-str": "editorHistory"
    },
    {
      "type": "insert-node",
      "node": {
        "label": "returnCode",
        "type": "Field"
      },
      "location-after-char-start": 6406,
      "location-after-char-end": 6521,
      "node-str": "returnCode"
    },
    {
      "type": "insert-node",
      "node": {
        "label": "advisor",
        "type": "Field"
      },
      "location-after-char-start": 6592,
      "location-after-char-end": 6769,
      "node-str": "advisor"
    },
    {
      "type": "insert-node",
      "node": {
        "label": "workbenchConfigurer",
        "type": "Field"
      },
      "location-after-char-start": 6776,
      "location-after-char-end": 6985,
      "node-str": "workbenchConfigurer"
    },
    {
      "type": "insert-node",
      "node": {
        "label": "extensionEventHandler",
        "type": "Field"
      },
      "location-after-char-start": 6992,
      "location-after-char-end": 7147,
      "node-str": "extensionEventHandler"
    },
    {
      "type": "insert-node",
      "node": {
        "label": "workbenchActivitySupport",
        "type": "Field"
      },
      "location-after-char-start": 72502,
      "location-after-char-end": 72559,
      "node-str": "workbenchActivitySupport"
    },
    {
      "type": "insert-node",
      "node": {
        "label": "workbenchCommandSupport",
        "type": "Field"
      },
      "location-after-char-start": 72566,
      "location-after-char-end": 72621,
      "node-str": "workbenchCommandSupport"
    },
    {
      "type": "insert-node",
      "node": {
        "label": "workbenchContextSupport",
        "type": "Field"
      },
      "location-after-char-start": 72628,
      "location-after-char-end": 72683,
      "node-str": "workbenchContextSupport"
    },
    {
      "type": "insert-node",
      "node": {
        "label": "activityHelper",
        "type": "Field"
      },
      "location-after-char-start": 75075,
      "location-after-char-end": 75123,
      "node-str": "activityHelper"
    },
    {
      "type": "insert-node",
      "node": {
        "label": "introDescriptor",
        "type": "Field"
      },
      "location-after-char-start": 76132,
      "location-after-char-end": 76294,
      "node-str": "introDescriptor"
    },
    {
      "type": "insert-node",
      "node": {
        "label": "org.eclipse.swt.widgets.Display",
        "type": "VARIABLE_TYPE"
      },
      "location-after-char-start": 0,
      "location-after-char-end": 0,
      "node-str": "org.eclipse.swt.widgets.Display"
    },
    {
      "type": "insert-node",
      "node": {
        "label": "org.eclipse.jface.window.WindowManager",
        "type": "VARIABLE_TYPE"
      },
      "location-after-char-start": 0,
      "location-after-char-end": 0,
      "node-str": "org.eclipse.jface.window.WindowManager"
    },
    {
      "type": "insert-node",
      "node": {
        "label": "org.eclipse.ui.internal.WorkbenchWindow",
        "type": "VARIABLE_TYPE"
      },
      "location-after-char-start": 0,
      "location-after-char-end": 0,
      "node-str": "org.eclipse.ui.internal.WorkbenchWindow"
    },
    {
      "type": "insert-node",
      "node": {
        "label": "org.eclipse.ui.internal.EditorHistory",
        "type": "VARIABLE_TYPE"
      },
      "location-after-char-start": 0,
      "location-after-char-end": 0,
      "node-str": "org.eclipse.ui.internal.EditorHistory"
    },
    {
      "type": "insert-node",
      "node": {
        "label": "int",
        "type": "VARIABLE_TYPE"
      },
      "location-after-char-start": 0,
      "location-after-char-end": 0,
      "node-str": "int"
    },
    {
      "type": "insert-node",
      "node": {
        "label": "org.eclipse.ui.application.WorkbenchAdvisor",
        "type": "VARIABLE_TYPE"
      },
      "location-after-char-start": 0,
      "location-after-char-end": 0,
      "node-str": "org.eclipse.ui.application.WorkbenchAdvisor"
    },
    {
      "type": "insert-node",
      "node": {
        "label": "org.eclipse.ui.internal.WorkbenchConfigurer",
        "type": "VARIABLE_TYPE"
      },
      "location-after-char-start": 0,
      "location-after-char-end": 0,
      "node-str": "org.eclipse.ui.internal.WorkbenchConfigurer"
    },
    {
      "type": "insert-node",
      "node": {
        "label": "org.eclipse.ui.internal.ExtensionEventHandler",
        "type": "VARIABLE_TYPE"
      },
      "location-after-char-start": 0,
      "location-after-char-end": 0,
      "node-str": "org.eclipse.ui.internal.ExtensionEventHandler"
    },
    {
      "type": "insert-node",
      "node": {
        "label": "org.eclipse.ui.internal.activities.ws.WorkbenchActivitySupport",
        "type": "VARIABLE_TYPE"
      },
      "location-after-char-start": 0,
      "location-after-char-end": 0,
      "node-str": "org.eclipse.ui.internal.activities.ws.WorkbenchActivitySupport"
    },
    {
      "type": "insert-node",
      "node": {
        "label": "org.eclipse.ui.internal.commands.ws.WorkbenchCommandSupport",
        "type": "VARIABLE_TYPE"
      },
      "location-after-char-start": 0,
      "location-after-char-end": 0,
      "node-str": "org.eclipse.ui.internal.commands.ws.WorkbenchCommandSupport"
    },
    {
      "type": "insert-node",
      "node": {
        "label": "org.eclipse.ui.internal.contexts.ws.WorkbenchContextSupport",
        "type": "VARIABLE_TYPE"
      },
      "location-after-char-start": 0,
      "location-after-char-end": 0,
      "node-str": "org.eclipse.ui.internal.contexts.ws.WorkbenchContextSupport"
    },
    {
      "type": "insert-node",
      "node": {
        "label": "org.eclipse.ui.internal.ActivityPersistanceHelper",
        "type": "VARIABLE_TYPE"
      },
      "location-after-char-start": 0,
      "location-after-char-end": 0,
      "node-str": "org.eclipse.ui.internal.ActivityPersistanceHelper"
    },
    {
      "type": "insert-node",
      "node": {
        "label": "org.eclipse.ui.internal.intro.IntroDescriptor",
        "type": "VARIABLE_TYPE"
      },
      "location-after-char-start": 0,
      "location-after-char-end": 0,
      "node-str": "org.eclipse.ui.internal.intro.IntroDescriptor"
    },
    {
      "type": "insert-node",
      "node": {
        "label": "null",
        "type": "Literal"
      },
      "location-after-char-start": 39582,
      "location-after-char-end": 39585,
      "node-str": "null"
    },
    {
      "type": "delete-node",
      "node": {
        "label": "final",
        "type": "Modifier"
      },
      "location-before-char-start": 0,
      "location-before-char-end": 0,
      "node-str": "final"
    },
    {
      "type": "delete-node",
      "node": {
        "label": "public",
        "type": "Modifier"
      },
      "location-before-char-start": 0,
      "location-before-char-end": 0,
      "node-str": "public"
    },
    {
      "type": "delete-node",
      "node": {
        "label": "org.eclipse.swt.widgets.Display",
        "type": "VARIABLE_TYPE"
      },
      "location-before-char-start": 0,
      "location-before-char-end": 0,
      "node-str": "org.eclipse.swt.widgets.Display"
    },
    {
      "type": "delete-node",
      "node": {
        "label": "display",
        "type": "Field"
      },
      "location-before-char-start": 6013,
      "location-before-char-end": 6147,
      "node-str": "display"
    },
    {
      "type": "delete-node",
      "node": {
        "label": "org.eclipse.jface.window.WindowManager",
        "type": "VARIABLE_TYPE"
      },
      "location-before-char-start": 0,
      "location-before-char-end": 0,
      "node-str": "org.eclipse.jface.window.WindowManager"
    },
    {
      "type": "delete-node",
      "node": {
        "label": "windowManager",
        "type": "Field"
      },
      "location-before-char-start": 6154,
      "location-before-char-end": 6189,
      "node-str": "windowManager"
    },
    {
      "type": "delete-node",
      "node": {
        "label": "org.eclipse.ui.internal.WorkbenchWindow",
        "type": "VARIABLE_TYPE"
      },
      "location-before-char-start": 0,
      "location-before-char-end": 0,
      "node-str": "org.eclipse.ui.internal.WorkbenchWindow"
    },
    {
      "type": "delete-node",
      "node": {
        "label": "activatedWindow",
        "type": "Field"
      },
      "location-before-char-start": 6196,
      "location-before-char-end": 6235,
      "node-str": "activatedWindow"
    },
    {
      "type": "delete-node",
      "node": {
        "label": "org.eclipse.ui.internal.EditorHistory",
        "type": "VARIABLE_TYPE"
      },
      "location-before-char-start": 0,
      "location-before-char-end": 0,
      "node-str": "org.eclipse.ui.internal.EditorHistory"
    },
    {
      "type": "delete-node",
      "node": {
        "label": "editorHistory",
        "type": "Field"
      },
      "location-before-char-start": 6242,
      "location-before-char-end": 6277,
      "node-str": "editorHistory"
    },
    {
      "type": "delete-node",
      "node": {
        "label": "int",
        "type": "VARIABLE_TYPE"
      },
      "location-before-char-start": 0,
      "location-before-char-end": 0,
      "node-str": "int"
    },
    {
      "type": "delete-node",
      "node": {
        "label": "returnCode",
        "type": "Field"
      },
      "location-before-char-start": 6406,
      "location-before-char-end": 6521,
      "node-str": "returnCode"
    },
    {
      "type": "delete-node",
      "node": {
        "label": "org.eclipse.ui.application.WorkbenchAdvisor",
        "type": "VARIABLE_TYPE"
      },
      "location-before-char-start": 0,
      "location-before-char-end": 0,
      "node-str": "org.eclipse.ui.application.WorkbenchAdvisor"
    },
    {
      "type": "delete-node",
      "node": {
        "label": "advisor",
        "type": "Field"
      },
      "location-before-char-start": 6592,
      "location-before-char-end": 6769,
      "node-str": "advisor"
    },
    {
      "type": "delete-node",
      "node": {
        "label": "org.eclipse.ui.internal.WorkbenchConfigurer",
        "type": "VARIABLE_TYPE"
      },
      "location-before-char-start": 0,
      "location-before-char-end": 0,
      "node-str": "org.eclipse.ui.internal.WorkbenchConfigurer"
    },
    {
      "type": "delete-node",
      "node": {
        "label": "workbenchConfigurer",
        "type": "Field"
      },
      "location-before-char-start": 6776,
      "location-before-char-end": 6985,
      "node-str": "workbenchConfigurer"
    },
    {
      "type": "delete-node",
      "node": {
        "label": "org.eclipse.ui.internal.ExtensionEventHandler",
        "type": "VARIABLE_TYPE"
      },
      "location-before-char-start": 0,
      "location-before-char-end": 0,
      "node-str": "org.eclipse.ui.internal.ExtensionEventHandler"
    },
    {
      "type": "delete-node",
      "node": {
        "label": "extensionEventHandler",
        "type": "Field"
      },
      "location-before-char-start": 6992,
      "location-before-char-end": 7147,
      "node-str": "extensionEventHandler"
    },
    {
      "type": "delete-node",
      "node": {
        "label": "newWindow",
        "type": "VariableRead"
      },
      "location-before-char-start": 39457,
      "location-before-char-end": 39465,
      "node-str": "newWindow"
    },
    {
      "type": "delete-node",
      "node": {
        "label": "getShell",
        "type": "Invocation"
      },
      "location-before-char-start": 39457,
      "location-before-char-end": 39476,
      "node-str": "getShell"
    },
    {
      "type": "delete-node",
      "node": {
        "label": "org.eclipse.ui.internal.activities.ws.WorkbenchActivitySupport",
        "type": "VARIABLE_TYPE"
      },
      "location-before-char-start": 0,
      "location-before-char-end": 0,
      "node-str": "org.eclipse.ui.internal.activities.ws.WorkbenchActivitySupport"
    },
    {
      "type": "delete-node",
      "node": {
        "label": "workbenchActivitySupport",
        "type": "Field"
      },
      "location-before-char-start": 72393,
      "location-before-char-end": 72450,
      "node-str": "workbenchActivitySupport"
    },
    {
      "type": "delete-node",
      "node": {
        "label": "org.eclipse.ui.internal.commands.ws.WorkbenchCommandSupport",
        "type": "VARIABLE_TYPE"
      },
      "location-before-char-start": 0,
      "location-before-char-end": 0,
      "node-str": "org.eclipse.ui.internal.commands.ws.WorkbenchCommandSupport"
    },
    {
      "type": "delete-node",
      "node": {
        "label": "workbenchCommandSupport",
        "type": "Field"
      },
      "location-before-char-start": 72457,
      "location-before-char-end": 72512,
      "node-str": "workbenchCommandSupport"
    },
    {
      "type": "delete-node",
      "node": {
        "label": "org.eclipse.ui.internal.contexts.ws.WorkbenchContextSupport",
        "type": "VARIABLE_TYPE"
      },
      "location-before-char-start": 0,
      "location-before-char-end": 0,
      "node-str": "org.eclipse.ui.internal.contexts.ws.WorkbenchContextSupport"
    },
    {
      "type": "delete-node",
      "node": {
        "label": "workbenchContextSupport",
        "type": "Field"
      },
      "location-before-char-start": 72519,
      "location-before-char-end": 72574,
      "node-str": "workbenchContextSupport"
    },
    {
      "type": "delete-node",
      "node": {
        "label": "org.eclipse.ui.internal.ActivityPersistanceHelper",
        "type": "VARIABLE_TYPE"
      },
      "location-before-char-start": 0,
      "location-before-char-end": 0,
      "node-str": "org.eclipse.ui.internal.ActivityPersistanceHelper"
    },
    {
      "type": "delete-node",
      "node": {
        "label": "activityHelper",
        "type": "Field"
      },
      "location-before-char-start": 74966,
      "location-before-char-end": 75014,
      "node-str": "activityHelper"
    },
    {
      "type": "delete-node",
      "node": {
        "label": "org.eclipse.ui.internal.intro.IntroDescriptor",
        "type": "VARIABLE_TYPE"
      },
      "location-before-char-start": 0,
      "location-before-char-end": 0,
      "node-str": "org.eclipse.ui.internal.intro.IntroDescriptor"
    },
    {
      "type": "delete-node",
      "node": {
        "label": "introDescriptor",
        "type": "Field"
      },
      "location-before-char-start": 76023,
      "location-before-char-end": 76185,
      "node-str": "introDescriptor"
    }
  ],
  "before-file": {},
  "after-file": {},
  "mapping": {}
}