{
  "tool-info": {},
  "diff": [
    {
      "type": "insert-node",
      "node": {
        "label": "public",
        "type": "Modifier"
      },
      "location-after-char-start": 0,
      "location-after-char-end": 0,
      "node-str": "public"
    },
    {
      "type": "insert-node",
      "node": {
        "label": "",
        "type": "TypeReference"
      },
      "location-after-char-start": 1804,
      "location-after-char-end": 1809,
      "node-str": ""
    },
    {
      "type": "insert-node",
      "node": {
        "label": "filter",
        "type": "Field"
      },
      "location-after-char-start": 1858,
      "location-after-char-end": 1879,
      "node-str": "filter"
    },
    {
      "type": "insert-node",
      "node": {
        "label": "list",
        "type": "Field"
      },
      "location-after-char-start": 1886,
      "location-after-char-end": 1903,
      "node-str": "list"
    },
    {
      "type": "insert-node",
      "node": {
        "label": "panel",
        "type": "Field"
      },
      "location-after-char-start": 1910,
      "location-after-char-end": 1930,
      "node-str": "panel"
    },
    {
      "type": "insert-node",
      "node": {
        "label": "mediator",
        "type": "Field"
      },
      "location-after-char-start": 2061,
      "location-after-char-end": 2093,
      "node-str": "mediator"
    },
    {
      "type": "insert-node",
      "node": {
        "label": "initComponents",
        "type": "Method"
      },
      "location-after-char-start": 2586,
      "location-after-char-end": 2622,
      "node-str": "initComponents"
    },
    {
      "type": "insert-node",
      "node": {
        "label": "javax.swing.JPanel",
        "type": "SUPER_TYPE"
      },
      "location-after-char-start": 0,
      "location-after-char-end": 0,
      "node-str": "javax.swing.JPanel"
    },
    {
      "type": "insert-node",
      "node": {
        "label": "org.columba.mail.filter.Filter",
        "type": "VARIABLE_TYPE"
      },
      "location-after-char-start": 0,
      "location-after-char-end": 0,
      "node-str": "org.columba.mail.filter.Filter"
    },
    {
      "type": "insert-node",
      "node": {
        "label": "java.util.List",
        "type": "VARIABLE_TYPE"
      },
      "location-after-char-start": 0,
      "location-after-char-end": 0,
      "node-str": "java.util.List"
    },
    {
      "type": "insert-node",
      "node": {
        "label": "javax.swing.JPanel",
        "type": "VARIABLE_TYPE"
      },
      "location-after-char-start": 0,
      "location-after-char-end": 0,
      "node-str": "javax.swing.JPanel"
    },
    {
      "type": "insert-node",
      "node": {
        "label": "org.columba.core.gui.frame.FrameMediator",
        "type": "VARIABLE_TYPE"
      },
      "location-after-char-start": 0,
      "location-after-char-end": 0,
      "node-str": "org.columba.core.gui.frame.FrameMediator"
    },
    {
      "type": "insert-node",
      "node": {
        "label": "protected",
        "type": "Modifier"
      },
      "location-after-char-start": 0,
      "location-after-char-end": 0,
      "node-str": "protected"
    },
    {
      "type": "insert-node",
      "node": {
        "label": "void",
        "type": "RETURN_TYPE"
      },
      "location-after-char-start": 0,
      "location-after-char-end": 0,
      "node-str": "void"
    },
    {
      "type": "insert-node",
      "node": {
        "label": "public",
        "type": "Modifier"
      },
      "location-after-char-start": 0,
      "location-after-char-end": 0,
      "node-str": "public"
    },
    {
      "type": "insert-node",
      "node": {
        "label": "void",
        "type": "RETURN_TYPE"
      },
      "location-after-char-start": 0,
      "location-after-char-end": 0,
      "node-str": "void"
    },
    {
      "type": "insert-node",
      "node": {
        "label": "public",
        "type": "Modifier"
      },
      "location-after-char-start": 0,
      "location-after-char-end": 0,
      "node-str": "public"
    },
    {
      "type": "insert-node",
      "node": {
        "label": "removeAll",
        "type": "Invocation"
      },
      "location-after-char-start": 4101,
      "location-after-char-end": 4118,
      "node-str": "removeAll"
    },
    {
      "type": "insert-node",
      "node": {
        "label": "clear",
        "type": "Invocation"
      },
      "location-after-char-start": 4129,
      "location-after-char-end": 4141,
      "node-str": "clear"
    },
    {
      "type": "insert-node",
      "node": {
        "label": "pluginHandler",
        "type": "LocalVariable"
      },
      "location-after-char-start": 4207,
      "location-after-char-end": 4253,
      "node-str": "pluginHandler"
    },
    {
      "type": "insert-node",
      "node": {
        "label": "validate",
        "type": "Invocation"
      },
      "location-after-char-start": 8312,
      "location-after-char-end": 8322,
      "node-str": "validate"
    },
    {
      "type": "insert-node",
      "node": {
        "label": "repaint",
        "type": "Invocation"
      },
      "location-after-char-start": 8333,
      "location-after-char-end": 8342,
      "node-str": "repaint"
    },
    {
      "type": "insert-node",
      "node": {
        "label": "java.awt.BorderLayout()",
        "type": "ConstructorCall"
      },
      "location-after-char-start": 2194,
      "location-after-char-end": 2211,
      "node-str": "java.awt.BorderLayout()"
    },
    {
      "type": "insert-node",
      "node": {
        "label": "panel",
        "type": "FieldRead"
      },
      "location-after-char-start": 4101,
      "location-after-char-end": 4105,
      "node-str": "panel"
    },
    {
      "type": "insert-node",
      "node": {
        "label": "list",
        "type": "FieldRead"
      },
      "location-after-char-start": 4129,
      "location-after-char-end": 4132,
      "node-str": "list"
    },
    {
      "type": "insert-node",
      "node": {
        "label": "org.columba.mail.plugin.FilterActionPluginHandler",
        "type": "VARIABLE_TYPE"
      },
      "location-after-char-start": 0,
      "location-after-char-end": 0,
      "node-str": "org.columba.mail.plugin.FilterActionPluginHandler"
    },
    {
      "type": "insert-node",
      "node": {
        "label": "null",
        "type": "Literal"
      },
      "location-after-char-start": 4249,
      "location-after-char-end": 4252,
      "node-str": "null"
    },
    {
      "type": "insert-node",
      "node": {
        "label": "org.columba.mail.gui.config.filter.ActionList",
        "type": "TypeAccess"
      },
      "location-after-char-start": 0,
      "location-after-char-end": 0,
      "node-str": "org.columba.mail.gui.config.filter.ActionList"
    },
    {
      "type": "insert-node",
      "node": {
        "label": "org.columba.mail.gui.config.filter.ActionList",
        "type": "TypeAccess"
      },
      "location-after-char-start": 0,
      "location-after-char-end": 0,
      "node-str": "org.columba.mail.gui.config.filter.ActionList"
    },
    {
      "type": "insert-node",
      "node": {
        "label": "org.columba.mail.gui.config.filter.ActionList",
        "type": "TypeAccess"
      },
      "location-after-char-start": 0,
      "location-after-char-end": 0,
      "node-str": "org.columba.mail.gui.config.filter.ActionList"
    },
    {
      "type": "insert-node",
      "node": {
        "label": "org.columba.mail.gui.config.filter.ActionList",
        "type": "TypeAccess"
      },
      "location-after-char-start": 0,
      "location-after-char-end": 0,
      "node-str": "org.columba.mail.gui.config.filter.ActionList"
    },
    {
      "type": "insert-node",
      "node": {
        "label": "if",
        "type": "If"
      },
      "location-after-char-start": 4517,
      "location-after-char-end": 4596,
      "node-str": "if"
    },
    {
      "type": "insert-node",
      "node": {
        "label": "break",
        "type": "Break"
      },
      "location-after-char-start": 3571,
      "location-after-char-end": 3576,
      "node-str": "break"
    },
    {
      "type": "insert-node",
      "node": {
        "label": "DEBUG",
        "type": "FieldRead"
      },
      "location-after-char-start": 4521,
      "location-after-char-end": 4539,
      "node-str": "DEBUG"
    },
    {
      "type": "insert-node",
      "node": {
        "label": "THEN",
        "type": "then"
      },
      "location-after-char-start": 4542,
      "location-after-char-end": 4596,
      "node-str": "THEN"
    },
    {
      "type": "insert-node",
      "node": {
        "label": "org.columba.core.main.MainInterface",
        "type": "TypeAccess"
      },
      "location-after-char-start": 0,
      "location-after-char-end": 0,
      "node-str": "org.columba.core.main.MainInterface"
    },
    {
      "type": "update-node",
      "node": {
        "label": "showDialog",
        "type": "Invocation"
      },
      "location-before-char-start": 4214,
      "location-before-char-end": 4230,
      "location-after-char-start": 4561,
      "location-after-char-end": 4581,
      "node-str": "printStackTrace"
    },
    {
      "type": "move-subtree",
      "node": {
        "label": "showDialog",
        "type": "Invocation"
      },
      "location-before-char-start": 4214,
      "location-before-char-end": 4230,
      "location-after-char-start": 4561,
      "location-after-char-end": 4581,
      "node-str": "printStackTrace"
    },
    {
      "type": "delete-node",
      "node": {
        "label": "public",
        "type": "Modifier"
      },
      "location-before-char-start": 0,
      "location-before-char-end": 0,
      "node-str": "public"
    },
    {
      "type": "delete-node",
      "node": {
        "label": "javax.swing.JPanel",
        "type": "SUPER_TYPE"
      },
      "location-before-char-start": 0,
      "location-before-char-end": 0,
      "node-str": "javax.swing.JPanel"
    },
    {
      "type": "delete-node",
      "node": {
        "label": "",
        "type": "TypeReference"
      },
      "location-before-char-start": 2038,
      "location-before-char-end": 2043,
      "node-str": ""
    },
    {
      "type": "delete-node",
      "node": {
        "label": "org.columba.mail.filter.Filter",
        "type": "VARIABLE_TYPE"
      },
      "location-before-char-start": 0,
      "location-before-char-end": 0,
      "node-str": "org.columba.mail.filter.Filter"
    },
    {
      "type": "delete-node",
      "node": {
        "label": "filter",
        "type": "Field"
      },
      "location-before-char-start": 2089,
      "location-before-char-end": 2110,
      "node-str": "filter"
    },
    {
      "type": "delete-node",
      "node": {
        "label": "java.util.List",
        "type": "VARIABLE_TYPE"
      },
      "location-before-char-start": 0,
      "location-before-char-end": 0,
      "node-str": "java.util.List"
    },
    {
      "type": "delete-node",
      "node": {
        "label": "list",
        "type": "Field"
      },
      "location-before-char-start": 2114,
      "location-before-char-end": 2131,
      "node-str": "list"
    },
    {
      "type": "delete-node",
      "node": {
        "label": "javax.swing.JPanel",
        "type": "VARIABLE_TYPE"
      },
      "location-before-char-start": 0,
      "location-before-char-end": 0,
      "node-str": "javax.swing.JPanel"
    },
    {
      "type": "delete-node",
      "node": {
        "label": "panel",
        "type": "Field"
      },
      "location-before-char-start": 2135,
      "location-before-char-end": 2155,
      "node-str": "panel"
    },
    {
      "type": "delete-node",
      "node": {
        "label": "org.columba.core.gui.frame.FrameMediator",
        "type": "VARIABLE_TYPE"
      },
      "location-before-char-start": 0,
      "location-before-char-end": 0,
      "node-str": "org.columba.core.gui.frame.FrameMediator"
    },
    {
      "type": "delete-node",
      "node": {
        "label": "protected",
        "type": "Modifier"
      },
      "location-before-char-start": 0,
      "location-before-char-end": 0,
      "node-str": "protected"
    },
    {
      "type": "delete-node",
      "node": {
        "label": "mediator",
        "type": "Field"
      },
      "location-before-char-start": 2277,
      "location-before-char-end": 2309,
      "node-str": "mediator"
    },
    {
      "type": "delete-node",
      "node": {
        "label": "org.columba.mail.gui.config.filter.ActionList",
        "type": "TypeAccess"
      },
      "location-before-char-start": 0,
      "location-before-char-end": 0,
      "node-str": "org.columba.mail.gui.config.filter.ActionList"
    },
    {
      "type": "delete-node",
      "node": {
        "label": "java.awt.BorderLayout()",
        "type": "ConstructorCall"
      },
      "location-before-char-start": 2580,
      "location-before-char-end": 2597,
      "node-str": "java.awt.BorderLayout()"
    },
    {
      "type": "delete-node",
      "node": {
        "label": "setLayout",
        "type": "Invocation"
      },
      "location-before-char-start": 2570,
      "location-before-char-end": 2599,
      "node-str": "setLayout"
    },
    {
      "type": "delete-node",
      "node": {
        "label": "void",
        "type": "RETURN_TYPE"
      },
      "location-before-char-start": 0,
      "location-before-char-end": 0,
      "node-str": "void"
    },
    {
      "type": "delete-node",
      "node": {
        "label": "public",
        "type": "Modifier"
      },
      "location-before-char-start": 0,
      "location-before-char-end": 0,
      "node-str": "public"
    },
    {
      "type": "delete-node",
      "node": {
        "label": "initComponents",
        "type": "Method"
      },
      "location-before-char-start": 2723,
      "location-before-char-end": 2756,
      "node-str": "initComponents"
    },
    {
      "type": "delete-node",
      "node": {
        "label": "void",
        "type": "RETURN_TYPE"
      },
      "location-before-char-start": 0,
      "location-before-char-end": 0,
      "node-str": "void"
    },
    {
      "type": "delete-node",
      "node": {
        "label": "public",
        "type": "Modifier"
      },
      "location-before-char-start": 0,
      "location-before-char-end": 0,
      "node-str": "public"
    },
    {
      "type": "delete-node",
      "node": {
        "label": "org.columba.mail.gui.config.filter.ActionList",
        "type": "TypeAccess"
      },
      "location-before-char-start": 0,
      "location-before-char-end": 0,
      "node-str": "org.columba.mail.gui.config.filter.ActionList"
    },
    {
      "type": "delete-node",
      "node": {
        "label": "panel",
        "type": "FieldRead"
      },
      "location-before-char-start": 3861,
      "location-before-char-end": 3865,
      "node-str": "panel"
    },
    {
      "type": "delete-node",
      "node": {
        "label": "removeAll",
        "type": "Invocation"
      },
      "location-before-char-start": 3861,
      "location-before-char-end": 3878,
      "node-str": "removeAll"
    },
    {
      "type": "delete-node",
      "node": {
        "label": "org.columba.mail.gui.config.filter.ActionList",
        "type": "TypeAccess"
      },
      "location-before-char-start": 0,
      "location-before-char-end": 0,
      "node-str": "org.columba.mail.gui.config.filter.ActionList"
    },
    {
      "type": "delete-node",
      "node": {
        "label": "list",
        "type": "FieldRead"
      },
      "location-before-char-start": 3883,
      "location-before-char-end": 3886,
      "node-str": "list"
    },
    {
      "type": "delete-node",
      "node": {
        "label": "clear",
        "type": "Invocation"
      },
      "location-before-char-start": 3883,
      "location-before-char-end": 3895,
      "node-str": "clear"
    },
    {
      "type": "delete-node",
      "node": {
        "label": "org.columba.mail.plugin.FilterActionPluginHandler",
        "type": "VARIABLE_TYPE"
      },
      "location-before-char-start": 0,
      "location-before-char-end": 0,
      "node-str": "org.columba.mail.plugin.FilterActionPluginHandler"
    },
    {
      "type": "delete-node",
      "node": {
        "label": "null",
        "type": "Literal"
      },
      "location-before-char-start": 3975,
      "location-before-char-end": 3978,
      "node-str": "null"
    },
    {
      "type": "delete-node",
      "node": {
        "label": "pluginHandler",
        "type": "LocalVariable"
      },
      "location-before-char-start": 3933,
      "location-before-char-end": 3979,
      "node-str": "pluginHandler"
    },
    {
      "type": "delete-node",
      "node": {
        "label": "d",
        "type": "VariableRead"
      },
      "location-before-char-start": 4214,
      "location-before-char-end": 4214,
      "node-str": "d"
    },
    {
      "type": "delete-node",
      "node": {
        "label": "org.columba.core.gui.util.NotifyDialog",
        "type": "VARIABLE_TYPE"
      },
      "location-before-char-start": 0,
      "location-before-char-end": 0,
      "node-str": "org.columba.core.gui.util.NotifyDialog"
    },
    {
      "type": "delete-node",
      "node": {
        "label": "org.columba.core.gui.util.NotifyDialog()",
        "type": "ConstructorCall"
      },
      "location-before-char-start": 4190,
      "location-before-char-end": 4207,
      "node-str": "org.columba.core.gui.util.NotifyDialog()"
    },
    {
      "type": "delete-node",
      "node": {
        "label": "d",
        "type": "LocalVariable"
      },
      "location-before-char-start": 4173,
      "location-before-char-end": 4208,
      "node-str": "d"
    },
    {
      "type": "delete-node",
      "node": {
        "label": "org.columba.mail.gui.config.filter.ActionList",
        "type": "TypeAccess"
      },
      "location-before-char-start": 0,
      "location-before-char-end": 0,
      "node-str": "org.columba.mail.gui.config.filter.ActionList"
    },
    {
      "type": "delete-node",
      "node": {
        "label": "validate",
        "type": "Invocation"
      },
      "location-before-char-start": 6896,
      "location-before-char-end": 6906,
      "node-str": "validate"
    },
    {
      "type": "delete-node",
      "node": {
        "label": "org.columba.mail.gui.config.filter.ActionList",
        "type": "TypeAccess"
      },
      "location-before-char-start": 0,
      "location-before-char-end": 0,
      "node-str": "org.columba.mail.gui.config.filter.ActionList"
    },
    {
      "type": "delete-node",
      "node": {
        "label": "repaint",
        "type": "Invocation"
      },
      "location-before-char-start": 6911,
      "location-before-char-end": 6920,
      "node-str": "repaint"
    }
  ],
  "before-file": {},
  "after-file": {},
  "mapping": {}
}