{
  "tool-info": {},
  "diff": [
    {
      "type": "move-subtree",
      "node": {
        "label": "",
        "type": "MethodDeclaration"
      },
      "location-before-char-start": 80110,
      "location-before-char-end": 82040,
      "location-after-char-start": 14934,
      "location-after-char-end": 15932,
      "node-str": ""
    },
    {
      "type": "move-subtree",
      "node": {
        "label": "public",
        "type": "Modifier"
      },
      "location-before-char-start": 80180,
      "location-before-char-end": 80186,
      "location-after-char-start": 14426,
      "location-after-char-end": 14432,
      "node-str": "public"
    },
    {
      "type": "insert-node",
      "node": {
        "label": "void",
        "type": "PrimitiveType"
      },
      "location-after-char-start": 14433,
      "location-after-char-end": 14437,
      "node-str": "void"
    },
    {
      "type": "update-node",
      "node": {
        "label": "addComment",
        "type": "SimpleName"
      },
      "location-before-char-start": 14269,
      "location-before-char-end": 14279,
      "location-after-char-start": 14438,
      "location-after-char-end": 14470,
      "node-str": "setInitialAttributeValuesComment"
    },
    {
      "type": "insert-node",
      "node": {
        "label": "",
        "type": "SingleVariableDeclaration"
      },
      "location-after-char-start": 14471,
      "location-after-char-end": 14494,
      "node-str": ""
    },
    {
      "type": "insert-node",
      "node": {
        "label": "",
        "type": "SingleVariableDeclaration"
      },
      "location-after-char-start": 14524,
      "location-after-char-end": 14545,
      "node-str": ""
    },
    {
      "type": "insert-node",
      "node": {
        "label": "",
        "type": "SingleVariableDeclaration"
      },
      "location-after-char-start": 14547,
      "location-after-char-end": 14562,
      "node-str": ""
    },
    {
      "type": "move-subtree",
      "node": {
        "label": "",
        "type": "SimpleType"
      },
      "location-before-char-start": 80220,
      "location-before-char-end": 80229,
      "location-after-char-start": 14579,
      "location-after-char-end": 14588,
      "node-str": ""
    },
    {
      "type": "insert-node",
      "node": {
        "label": "",
        "type": "Javadoc"
      },
      "location-after-char-start": 14934,
      "location-after-char-end": 14987,
      "node-str": ""
    },
    {
      "type": "move-subtree",
      "node": {
        "label": "public",
        "type": "Modifier"
      },
      "location-before-char-start": 14257,
      "location-before-char-end": 14263,
      "location-after-char-start": 14992,
      "location-after-char-end": 14998,
      "node-str": "public"
    },
    {
      "type": "move-subtree",
      "node": {
        "label": "void",
        "type": "PrimitiveType"
      },
      "location-before-char-start": 14264,
      "location-before-char-end": 14268,
      "location-after-char-start": 14999,
      "location-after-char-end": 15003,
      "node-str": "void"
    },
    {
      "type": "insert-node",
      "node": {
        "label": "addNote",
        "type": "SimpleName"
      },
      "location-after-char-start": 15004,
      "location-after-char-end": 15011,
      "node-str": "addNote"
    },
    {
      "type": "move-subtree",
      "node": {
        "label": "",
        "type": "SingleVariableDeclaration"
      },
      "location-before-char-start": 14280,
      "location-before-char-end": 14301,
      "location-after-char-start": 15012,
      "location-after-char-end": 15033,
      "node-str": ""
    },
    {
      "type": "move-subtree",
      "node": {
        "label": "",
        "type": "SingleVariableDeclaration"
      },
      "location-before-char-start": 14303,
      "location-before-char-end": 14318,
      "location-after-char-start": 15035,
      "location-after-char-end": 15050,
      "node-str": ""
    },
    {
      "type": "move-subtree",
      "node": {
        "label": "",
        "type": "SimpleType"
      },
      "location-before-char-start": 14335,
      "location-before-char-end": 14344,
      "location-after-char-start": 15067,
      "location-after-char-end": 15076,
      "node-str": ""
    },
    {
      "type": "insert-node",
      "node": {
        "label": "",
        "type": "SimpleType"
      },
      "location-after-char-start": 14471,
      "location-after-char-end": 14482,
      "node-str": ""
    },
    {
      "type": "insert-node",
      "node": {
        "label": "activitySet",
        "type": "SimpleName"
      },
      "location-after-char-start": 14483,
      "location-after-char-end": 14494,
      "node-str": "activitySet"
    },
    {
      "type": "insert-node",
      "node": {
        "label": "",
        "type": "SimpleType"
      },
      "location-after-char-start": 14524,
      "location-after-char-end": 14534,
      "node-str": ""
    },
    {
      "type": "insert-node",
      "node": {
        "label": "attachment",
        "type": "SimpleName"
      },
      "location-after-char-start": 14535,
      "location-after-char-end": 14545,
      "node-str": "attachment"
    },
    {
      "type": "insert-node",
      "node": {
        "label": "",
        "type": "SimpleType"
      },
      "location-after-char-start": 14547,
      "location-after-char-end": 14557,
      "node-str": ""
    },
    {
      "type": "insert-node",
      "node": {
        "label": "user",
        "type": "SimpleName"
      },
      "location-after-char-start": 14558,
      "location-after-char-end": 14562,
      "node-str": "user"
    },
    {
      "type": "insert-node",
      "node": {
        "label": "",
        "type": "ExpressionStatement"
      },
      "location-after-char-start": 14603,
      "location-after-char-end": 14629,
      "node-str": ""
    },
    {
      "type": "insert-node",
      "node": {
        "label": "",
        "type": "ExpressionStatement"
      },
      "location-after-char-start": 14856,
      "location-after-char-end": 14894,
      "node-str": ""
    },
    {
      "type": "insert-node",
      "node": {
        "label": "",
        "type": "ExpressionStatement"
      },
      "location-after-char-start": 14903,
      "location-after-char-end": 14922,
      "node-str": ""
    },
    {
      "type": "insert-node",
      "node": {
        "label": "",
        "type": "TagElement"
      },
      "location-after-char-start": 14945,
      "location-after-char-end": 14979,
      "node-str": ""
    },
    {
      "type": "move-subtree",
      "node": {
        "label": "",
        "type": "ExpressionStatement"
      },
      "location-before-char-start": 14359,
      "location-before-char-end": 14385,
      "location-after-char-start": 15091,
      "location-after-char-end": 15117,
      "node-str": ""
    },
    {
      "type": "insert-node",
      "node": {
        "label": "",
        "type": "ExpressionStatement"
      },
      "location-after-char-start": 15126,
      "location-after-char-end": 15171,
      "node-str": ""
    },
    {
      "type": "insert-node",
      "node": {
        "label": "",
        "type": "ExpressionStatement"
      },
      "location-after-char-start": 15180,
      "location-after-char-end": 15210,
      "node-str": ""
    },
    {
      "type": "insert-node",
      "node": {
        "label": "",
        "type": "ExpressionStatement"
      },
      "location-after-char-start": 15219,
      "location-after-char-end": 15261,
      "node-str": ""
    },
    {
      "type": "insert-node",
      "node": {
        "label": "",
        "type": "ExpressionStatement"
      },
      "location-after-char-start": 15270,
      "location-after-char-end": 15307,
      "node-str": ""
    },
    {
      "type": "insert-node",
      "node": {
        "label": "",
        "type": "ExpressionStatement"
      },
      "location-after-char-start": 15316,
      "location-after-char-end": 15334,
      "node-str": ""
    },
    {
      "type": "insert-node",
      "node": {
        "label": "",
        "type": "VariableDeclarationStatement"
      },
      "location-after-char-start": 15344,
      "location-after-char-end": 15476,
      "node-str": ""
    },
    {
      "type": "insert-node",
      "node": {
        "label": "",
        "type": "ExpressionStatement"
      },
      "location-after-char-start": 15485,
      "location-after-char-end": 15504,
      "node-str": ""
    },
    {
      "type": "insert-node",
      "node": {
        "label": "",
        "type": "VariableDeclarationStatement"
      },
      "location-after-char-start": 15552,
      "location-after-char-end": 15595,
      "node-str": ""
    },
    {
      "type": "insert-node",
      "node": {
        "label": "",
        "type": "VariableDeclarationStatement"
      },
      "location-after-char-start": 15604,
      "location-after-char-end": 15642,
      "node-str": ""
    },
    {
      "type": "insert-node",
      "node": {
        "label": "",
        "type": "IfStatement"
      },
      "location-after-char-start": 15651,
      "location-after-char-end": 15771,
      "node-str": ""
    },
    {
      "type": "move-subtree",
      "node": {
        "label": "",
        "type": "ExpressionStatement"
      },
      "location-before-char-start": 81886,
      "location-before-char-end": 81937,
      "location-after-char-start": 15805,
      "location-after-char-end": 15926,
      "node-str": ""
    },
    {
      "type": "insert-node",
      "node": {
        "label": "This method is used when AttributeValues are ",
        "type": "TextElement"
      },
      "location-after-char-start": 14215,
      "location-after-char-end": 14260,
      "node-str": "This method is used when AttributeValues are "
    },
    {
      "type": "insert-node",
      "node": {
        "label": "associated with an Issue and a \u0027reason for change\u0027",
        "type": "TextElement"
      },
      "location-after-char-start": 14268,
      "location-after-char-end": 14318,
      "node-str": "associated with an Issue and a \u0027reason for change\u0027"
    },
    {
      "type": "update-node",
      "node": {
        "label": "Adds a comment to this issue.",
        "type": "TextElement"
      },
      "location-before-char-start": 14215,
      "location-before-char-end": 14244,
      "location-after-char-start": 14326,
      "location-after-char-end": 14372,
      "node-str": "comment has been added. It should be used with"
    },
    {
      "type": "insert-node",
      "node": {
        "label": "Issue.setInitialAttributeValues()",
        "type": "TextElement"
      },
      "location-after-char-start": 14380,
      "location-after-char-end": 14413,
      "node-str": "Issue.setInitialAttributeValues()"
    },
    {
      "type": "insert-node",
      "node": {
        "label": "ActivitySet",
        "type": "SimpleName"
      },
      "location-after-char-start": 14471,
      "location-after-char-end": 14482,
      "node-str": "ActivitySet"
    },
    {
      "type": "insert-node",
      "node": {
        "label": "Attachment",
        "type": "SimpleName"
      },
      "location-after-char-start": 14524,
      "location-after-char-end": 14534,
      "node-str": "Attachment"
    },
    {
      "type": "insert-node",
      "node": {
        "label": "ScarabUser",
        "type": "SimpleName"
      },
      "location-after-char-start": 14547,
      "location-after-char-end": 14557,
      "node-str": "ScarabUser"
    },
    {
      "type": "insert-node",
      "node": {
        "label": "",
        "type": "MethodInvocation"
      },
      "location-after-char-start": 14603,
      "location-after-char-end": 14628,
      "node-str": ""
    },
    {
      "type": "insert-node",
      "node": {
        "label": "",
        "type": "MethodInvocation"
      },
      "location-after-char-start": 14856,
      "location-after-char-end": 14893,
      "node-str": ""
    },
    {
      "type": "insert-node",
      "node": {
        "label": "",
        "type": "MethodInvocation"
      },
      "location-after-char-start": 14903,
      "location-after-char-end": 14921,
      "node-str": ""
    },
    {
      "type": "insert-node",
      "node": {
        "label": "Used for adding a Note on Wizard2.",
        "type": "TextElement"
      },
      "location-after-char-start": 14945,
      "location-after-char-end": 14979,
      "node-str": "Used for adding a Note on Wizard2."
    },
    {
      "type": "insert-node",
      "node": {
        "label": "",
        "type": "MethodInvocation"
      },
      "location-after-char-start": 15126,
      "location-after-char-end": 15170,
      "node-str": ""
    },
    {
      "type": "insert-node",
      "node": {
        "label": "",
        "type": "MethodInvocation"
      },
      "location-after-char-start": 15180,
      "location-after-char-end": 15209,
      "node-str": ""
    },
    {
      "type": "insert-node",
      "node": {
        "label": "",
        "type": "MethodInvocation"
      },
      "location-after-char-start": 15219,
      "location-after-char-end": 15260,
      "node-str": ""
    },
    {
      "type": "insert-node",
      "node": {
        "label": "",
        "type": "MethodInvocation"
      },
      "location-after-char-start": 15270,
      "location-after-char-end": 15306,
      "node-str": ""
    },
    {
      "type": "insert-node",
      "node": {
        "label": "",
        "type": "MethodInvocation"
      },
      "location-after-char-start": 15316,
      "location-after-char-end": 15333,
      "node-str": ""
    },
    {
      "type": "insert-node",
      "node": {
        "label": "",
        "type": "SimpleType"
      },
      "location-after-char-start": 15344,
      "location-after-char-end": 15355,
      "node-str": ""
    },
    {
      "type": "insert-node",
      "node": {
        "label": "",
        "type": "VariableDeclarationFragment"
      },
      "location-after-char-start": 15356,
      "location-after-char-end": 15475,
      "node-str": ""
    },
    {
      "type": "insert-node",
      "node": {
        "label": "",
        "type": "MethodInvocation"
      },
      "location-after-char-start": 15485,
      "location-after-char-end": 15503,
      "node-str": ""
    },
    {
      "type": "insert-node",
      "node": {
        "label": "",
        "type": "SimpleType"
      },
      "location-after-char-start": 15552,
      "location-after-char-end": 15558,
      "node-str": ""
    },
    {
      "type": "insert-node",
      "node": {
        "label": "",
        "type": "VariableDeclarationFragment"
      },
      "location-after-char-start": 15559,
      "location-after-char-end": 15594,
      "node-str": ""
    },
    {
      "type": "insert-node",
      "node": {
        "label": "",
        "type": "SimpleType"
      },
      "location-after-char-start": 15604,
      "location-after-char-end": 15610,
      "node-str": ""
    },
    {
      "type": "insert-node",
      "node": {
        "label": "",
        "type": "VariableDeclarationFragment"
      },
      "location-after-char-start": 15611,
      "location-after-char-end": 15641,
      "node-str": ""
    },
    {
      "type": "insert-node",
      "node": {
        "label": "",
        "type": "InfixExpression"
      },
      "location-after-char-start": 15655,
      "location-after-char-end": 15695,
      "node-str": ""
    },
    {
      "type": "move-subtree",
      "node": {
        "label": "",
        "type": "Block"
      },
      "location-before-char-start": 81970,
      "location-before-char-end": 82012,
      "location-after-char-start": 15705,
      "location-after-char-end": 15771,
      "node-str": ""
    },
    {
      "type": "insert-node",
      "node": {
        "label": "",
        "type": "METHOD_INVOCATION_RECEIVER"
      },
      "location-after-char-start": 14603,
      "location-after-char-end": 14613,
      "node-str": ""
    },
    {
      "type": "insert-node",
      "node": {
        "label": "setIssue",
        "type": "SimpleName"
      },
      "location-after-char-start": 14614,
      "location-after-char-end": 14622,
      "node-str": "setIssue"
    },
    {
      "type": "insert-node",
      "node": {
        "label": "",
        "type": "METHOD_INVOCATION_ARGUMENTS"
      },
      "location-after-char-start": 14623,
      "location-after-char-end": 14627,
      "node-str": ""
    },
    {
      "type": "insert-node",
      "node": {
        "label": "",
        "type": "METHOD_INVOCATION_RECEIVER"
      },
      "location-after-char-start": 14856,
      "location-after-char-end": 14867,
      "node-str": ""
    },
    {
      "type": "insert-node",
      "node": {
        "label": "setAttachment",
        "type": "SimpleName"
      },
      "location-after-char-start": 14868,
      "location-after-char-end": 14881,
      "node-str": "setAttachment"
    },
    {
      "type": "insert-node",
      "node": {
        "label": "",
        "type": "METHOD_INVOCATION_ARGUMENTS"
      },
      "location-after-char-start": 14882,
      "location-after-char-end": 14892,
      "node-str": ""
    },
    {
      "type": "insert-node",
      "node": {
        "label": "",
        "type": "METHOD_INVOCATION_RECEIVER"
      },
      "location-after-char-start": 14903,
      "location-after-char-end": 14914,
      "node-str": ""
    },
    {
      "type": "insert-node",
      "node": {
        "label": "save",
        "type": "SimpleName"
      },
      "location-after-char-start": 14915,
      "location-after-char-end": 14919,
      "node-str": "save"
    },
    {
      "type": "insert-node",
      "node": {
        "label": "",
        "type": "METHOD_INVOCATION_RECEIVER"
      },
      "location-after-char-start": 15126,
      "location-after-char-end": 15136,
      "node-str": ""
    },
    {
      "type": "insert-node",
      "node": {
        "label": "setTypeId",
        "type": "SimpleName"
      },
      "location-after-char-start": 15137,
      "location-after-char-end": 15146,
      "node-str": "setTypeId"
    },
    {
      "type": "insert-node",
      "node": {
        "label": "",
        "type": "METHOD_INVOCATION_ARGUMENTS"
      },
      "location-after-char-start": 15147,
      "location-after-char-end": 15169,
      "node-str": ""
    },
    {
      "type": "insert-node",
      "node": {
        "label": "",
        "type": "METHOD_INVOCATION_RECEIVER"
      },
      "location-after-char-start": 15180,
      "location-after-char-end": 15190,
      "node-str": ""
    },
    {
      "type": "insert-node",
      "node": {
        "label": "setName",
        "type": "SimpleName"
      },
      "location-after-char-start": 15191,
      "location-after-char-end": 15198,
      "node-str": "setName"
    },
    {
      "type": "insert-node",
      "node": {
        "label": "",
        "type": "METHOD_INVOCATION_ARGUMENTS"
      },
      "location-after-char-start": 15199,
      "location-after-char-end": 15208,
      "node-str": ""
    },
    {
      "type": "insert-node",
      "node": {
        "label": "",
        "type": "METHOD_INVOCATION_RECEIVER"
      },
      "location-after-char-start": 15219,
      "location-after-char-end": 15229,
      "node-str": ""
    },
    {
      "type": "insert-node",
      "node": {
        "label": "setCreatedBy",
        "type": "SimpleName"
      },
      "location-after-char-start": 15230,
      "location-after-char-end": 15242,
      "node-str": "setCreatedBy"
    },
    {
      "type": "insert-node",
      "node": {
        "label": "",
        "type": "METHOD_INVOCATION_ARGUMENTS"
      },
      "location-after-char-start": 15243,
      "location-after-char-end": 15259,
      "node-str": ""
    },
    {
      "type": "insert-node",
      "node": {
        "label": "",
        "type": "METHOD_INVOCATION_RECEIVER"
      },
      "location-after-char-start": 15270,
      "location-after-char-end": 15280,
      "node-str": ""
    },
    {
      "type": "insert-node",
      "node": {
        "label": "setMimeType",
        "type": "SimpleName"
      },
      "location-after-char-start": 15281,
      "location-after-char-end": 15292,
      "node-str": "setMimeType"
    },
    {
      "type": "insert-node",
      "node": {
        "label": "",
        "type": "METHOD_INVOCATION_ARGUMENTS"
      },
      "location-after-char-start": 15293,
      "location-after-char-end": 15305,
      "node-str": ""
    },
    {
      "type": "insert-node",
      "node": {
        "label": "",
        "type": "METHOD_INVOCATION_RECEIVER"
      },
      "location-after-char-start": 15316,
      "location-after-char-end": 15326,
      "node-str": ""
    },
    {
      "type": "insert-node",
      "node": {
        "label": "save",
        "type": "SimpleName"
      },
      "location-after-char-start": 15327,
      "location-after-char-end": 15331,
      "node-str": "save"
    },
    {
      "type": "insert-node",
      "node": {
        "label": "ActivitySet",
        "type": "SimpleName"
      },
      "location-after-char-start": 15344,
      "location-after-char-end": 15355,
      "node-str": "ActivitySet"
    },
    {
      "type": "insert-node",
      "node": {
        "label": "activitySet",
        "type": "SimpleName"
      },
      "location-after-char-start": 15356,
      "location-after-char-end": 15367,
      "node-str": "activitySet"
    },
    {
      "type": "insert-node",
      "node": {
        "label": "",
        "type": "MethodInvocation"
      },
      "location-after-char-start": 15370,
      "location-after-char-end": 15475,
      "node-str": ""
    },
    {
      "type": "insert-node",
      "node": {
        "label": "",
        "type": "METHOD_INVOCATION_RECEIVER"
      },
      "location-after-char-start": 15485,
      "location-after-char-end": 15496,
      "node-str": ""
    },
    {
      "type": "insert-node",
      "node": {
        "label": "save",
        "type": "SimpleName"
      },
      "location-after-char-start": 15497,
      "location-after-char-end": 15501,
      "node-str": "save"
    },
    {
      "type": "insert-node",
      "node": {
        "label": "String",
        "type": "SimpleName"
      },
      "location-after-char-start": 15552,
      "location-after-char-end": 15558,
      "node-str": "String"
    },
    {
      "type": "insert-node",
      "node": {
        "label": "description",
        "type": "SimpleName"
      },
      "location-after-char-start": 15559,
      "location-after-char-end": 15570,
      "node-str": "description"
    },
    {
      "type": "insert-node",
      "node": {
        "label": "\"Added note to issue\"",
        "type": "StringLiteral"
      },
      "location-after-char-start": 15573,
      "location-after-char-end": 15594,
      "node-str": "\"Added note to issue\""
    },
    {
      "type": "insert-node",
      "node": {
        "label": "String",
        "type": "SimpleName"
      },
      "location-after-char-start": 15604,
      "location-after-char-end": 15610,
      "node-str": "String"
    },
    {
      "type": "insert-node",
      "node": {
        "label": "summary",
        "type": "SimpleName"
      },
      "location-after-char-start": 15611,
      "location-after-char-end": 15618,
      "node-str": "summary"
    },
    {
      "type": "insert-node",
      "node": {
        "label": "",
        "type": "MethodInvocation"
      },
      "location-after-char-start": 15621,
      "location-after-char-end": 15641,
      "node-str": ""
    },
    {
      "type": "move-subtree",
      "node": {
        "label": "",
        "type": "InfixExpression"
      },
      "location-before-char-start": 80381,
      "location-before-char-end": 80392,
      "location-after-char-start": 15655,
      "location-after-char-end": 15670,
      "node-str": ""
    },
    {
      "type": "insert-node",
      "node": {
        "label": "\u0026\u0026",
        "type": "INFIX_EXPRESSION_OPERATOR"
      },
      "location-after-char-start": 15671,
      "location-after-char-end": 15673,
      "node-str": "\u0026\u0026"
    },
    {
      "type": "insert-node",
      "node": {
        "label": "",
        "type": "InfixExpression"
      },
      "location-after-char-start": 15674,
      "location-after-char-end": 15695,
      "node-str": ""
    },
    {
      "type": "update-node",
      "node": {
        "label": "put",
        "type": "SimpleName"
      },
      "location-before-char-start": 81898,
      "location-before-char-end": 81901,
      "location-after-char-start": 15834,
      "location-after-char-end": 15852,
      "node-str": "createTextActivity"
    },
    {
      "type": "insert-node",
      "node": {
        "label": "attachment",
        "type": "SimpleName"
      },
      "location-after-char-start": 14603,
      "location-after-char-end": 14613,
      "node-str": "attachment"
    },
    {
      "type": "insert-node",
      "node": {
        "label": "",
        "type": "ThisExpression"
      },
      "location-after-char-start": 14623,
      "location-after-char-end": 14627,
      "node-str": ""
    },
    {
      "type": "insert-node",
      "node": {
        "label": "activitySet",
        "type": "SimpleName"
      },
      "location-after-char-start": 14856,
      "location-after-char-end": 14867,
      "node-str": "activitySet"
    },
    {
      "type": "insert-node",
      "node": {
        "label": "attachment",
        "type": "SimpleName"
      },
      "location-after-char-start": 14882,
      "location-after-char-end": 14892,
      "node-str": "attachment"
    },
    {
      "type": "insert-node",
      "node": {
        "label": "activitySet",
        "type": "SimpleName"
      },
      "location-after-char-start": 14903,
      "location-after-char-end": 14914,
      "node-str": "activitySet"
    },
    {
      "type": "insert-node",
      "node": {
        "label": "attachment",
        "type": "SimpleName"
      },
      "location-after-char-start": 15126,
      "location-after-char-end": 15136,
      "node-str": "attachment"
    },
    {
      "type": "insert-node",
      "node": {
        "label": "Attachment.COMMENT__PK",
        "type": "QualifiedName"
      },
      "location-after-char-start": 15147,
      "location-after-char-end": 15169,
      "node-str": "Attachment.COMMENT__PK"
    },
    {
      "type": "insert-node",
      "node": {
        "label": "attachment",
        "type": "SimpleName"
      },
      "location-after-char-start": 15180,
      "location-after-char-end": 15190,
      "node-str": "attachment"
    },
    {
      "type": "insert-node",
      "node": {
        "label": "\"comment\"",
        "type": "StringLiteral"
      },
      "location-after-char-start": 15199,
      "location-after-char-end": 15208,
      "node-str": "\"comment\""
    },
    {
      "type": "insert-node",
      "node": {
        "label": "attachment",
        "type": "SimpleName"
      },
      "location-after-char-start": 15219,
      "location-after-char-end": 15229,
      "node-str": "attachment"
    },
    {
      "type": "insert-node",
      "node": {
        "label": "",
        "type": "MethodInvocation"
      },
      "location-after-char-start": 15243,
      "location-after-char-end": 15259,
      "node-str": ""
    },
    {
      "type": "insert-node",
      "node": {
        "label": "attachment",
        "type": "SimpleName"
      },
      "location-after-char-start": 15270,
      "location-after-char-end": 15280,
      "node-str": "attachment"
    },
    {
      "type": "insert-node",
      "node": {
        "label": "\"text/plain\"",
        "type": "StringLiteral"
      },
      "location-after-char-start": 15293,
      "location-after-char-end": 15305,
      "node-str": "\"text/plain\""
    },
    {
      "type": "insert-node",
      "node": {
        "label": "attachment",
        "type": "SimpleName"
      },
      "location-after-char-start": 15316,
      "location-after-char-end": 15326,
      "node-str": "attachment"
    },
    {
      "type": "insert-node",
      "node": {
        "label": "getActivitySet",
        "type": "SimpleName"
      },
      "location-after-char-start": 15370,
      "location-after-char-end": 15384,
      "node-str": "getActivitySet"
    },
    {
      "type": "insert-node",
      "node": {
        "label": "",
        "type": "METHOD_INVOCATION_ARGUMENTS"
      },
      "location-after-char-start": 15385,
      "location-after-char-end": 15474,
      "node-str": ""
    },
    {
      "type": "insert-node",
      "node": {
        "label": "activitySet",
        "type": "SimpleName"
      },
      "location-after-char-start": 15485,
      "location-after-char-end": 15496,
      "node-str": "activitySet"
    },
    {
      "type": "insert-node",
      "node": {
        "label": "",
        "type": "METHOD_INVOCATION_RECEIVER"
      },
      "location-after-char-start": 15621,
      "location-after-char-end": 15631,
      "node-str": ""
    },
    {
      "type": "insert-node",
      "node": {
        "label": "getData",
        "type": "SimpleName"
      },
      "location-after-char-start": 15632,
      "location-after-char-end": 15639,
      "node-str": "getData"
    },
    {
      "type": "update-node",
      "node": {
        "label": "obj",
        "type": "SimpleName"
      },
      "location-before-char-start": 80381,
      "location-before-char-end": 80384,
      "location-after-char-start": 15655,
      "location-after-char-end": 15662,
      "node-str": "summary"
    },
    {
      "type": "update-node",
      "node": {
        "label": "\u003d\u003d",
        "type": "INFIX_EXPRESSION_OPERATOR"
      },
      "location-before-char-start": 80385,
      "location-before-char-end": 80387,
      "location-after-char-start": 15663,
      "location-after-char-end": 15665,
      "node-str": "!\u003d"
    },
    {
      "type": "insert-node",
      "node": {
        "label": "",
        "type": "MethodInvocation"
      },
      "location-after-char-start": 15674,
      "location-after-char-end": 15690,
      "node-str": ""
    },
    {
      "type": "insert-node",
      "node": {
        "label": "\u003e",
        "type": "INFIX_EXPRESSION_OPERATOR"
      },
      "location-after-char-start": 15691,
      "location-after-char-end": 15692,
      "node-str": "\u003e"
    },
    {
      "type": "insert-node",
      "node": {
        "label": "60",
        "type": "NumberLiteral"
      },
      "location-after-char-start": 15693,
      "location-after-char-end": 15695,
      "node-str": "60"
    },
    {
      "type": "update-node",
      "node": {
        "label": "ScarabCache",
        "type": "SimpleName"
      },
      "location-before-char-start": 81886,
      "location-before-char-end": 81897,
      "location-after-char-start": 15805,
      "location-after-char-end": 15820,
      "node-str": "ActivityManager"
    },
    {
      "type": "update-node",
      "node": {
        "label": "GET_ASSOCIATED_USERS",
        "type": "SimpleName"
      },
      "location-before-char-start": 81915,
      "location-before-char-end": 81935,
      "location-after-char-start": 15859,
      "location-after-char-end": 15870,
      "node-str": "activitySet"
    },
    {
      "type": "insert-node",
      "node": {
        "label": "description",
        "type": "SimpleName"
      },
      "location-after-char-start": 15904,
      "location-after-char-end": 15915,
      "node-str": "description"
    },
    {
      "type": "insert-node",
      "node": {
        "label": "summary",
        "type": "SimpleName"
      },
      "location-after-char-start": 15917,
      "location-after-char-end": 15924,
      "node-str": "summary"
    },
    {
      "type": "insert-node",
      "node": {
        "label": "",
        "type": "METHOD_INVOCATION_RECEIVER"
      },
      "location-after-char-start": 15243,
      "location-after-char-end": 15247,
      "node-str": ""
    },
    {
      "type": "insert-node",
      "node": {
        "label": "getUserId",
        "type": "SimpleName"
      },
      "location-after-char-start": 15248,
      "location-after-char-end": 15257,
      "node-str": "getUserId"
    },
    {
      "type": "insert-node",
      "node": {
        "label": "user",
        "type": "SimpleName"
      },
      "location-after-char-start": 15385,
      "location-after-char-end": 15389,
      "node-str": "user"
    },
    {
      "type": "insert-node",
      "node": {
        "label": "attachment",
        "type": "SimpleName"
      },
      "location-after-char-start": 15391,
      "location-after-char-end": 15401,
      "node-str": "attachment"
    },
    {
      "type": "insert-node",
      "node": {
        "label": "ActivitySetTypePeer.EDIT_ISSUE__PK",
        "type": "QualifiedName"
      },
      "location-after-char-start": 15440,
      "location-after-char-end": 15474,
      "node-str": "ActivitySetTypePeer.EDIT_ISSUE__PK"
    },
    {
      "type": "insert-node",
      "node": {
        "label": "attachment",
        "type": "SimpleName"
      },
      "location-after-char-start": 15621,
      "location-after-char-end": 15631,
      "node-str": "attachment"
    },
    {
      "type": "insert-node",
      "node": {
        "label": "",
        "type": "METHOD_INVOCATION_RECEIVER"
      },
      "location-after-char-start": 15674,
      "location-after-char-end": 15681,
      "node-str": ""
    },
    {
      "type": "insert-node",
      "node": {
        "label": "length",
        "type": "SimpleName"
      },
      "location-after-char-start": 15682,
      "location-after-char-end": 15688,
      "node-str": "length"
    },
    {
      "type": "update-node",
      "node": {
        "label": "users",
        "type": "SimpleName"
      },
      "location-before-char-start": 81984,
      "location-before-char-end": 81989,
      "location-after-char-start": 15719,
      "location-after-char-end": 15726,
      "node-str": "summary"
    },
    {
      "type": "insert-node",
      "node": {
        "label": "",
        "type": "InfixExpression"
      },
      "location-after-char-start": 15729,
      "location-after-char-end": 15760,
      "node-str": ""
    },
    {
      "type": "insert-node",
      "node": {
        "label": "user",
        "type": "SimpleName"
      },
      "location-after-char-start": 15243,
      "location-after-char-end": 15247,
      "node-str": "user"
    },
    {
      "type": "insert-node",
      "node": {
        "label": "summary",
        "type": "SimpleName"
      },
      "location-after-char-start": 15674,
      "location-after-char-end": 15681,
      "node-str": "summary"
    },
    {
      "type": "insert-node",
      "node": {
        "label": "",
        "type": "MethodInvocation"
      },
      "location-after-char-start": 15729,
      "location-after-char-end": 15752,
      "node-str": ""
    },
    {
      "type": "insert-node",
      "node": {
        "label": "+",
        "type": "INFIX_EXPRESSION_OPERATOR"
      },
      "location-after-char-start": 15753,
      "location-after-char-end": 15754,
      "node-str": "+"
    },
    {
      "type": "insert-node",
      "node": {
        "label": "\"...\"",
        "type": "StringLiteral"
      },
      "location-after-char-start": 15755,
      "location-after-char-end": 15760,
      "node-str": "\"...\""
    },
    {
      "type": "insert-node",
      "node": {
        "label": "",
        "type": "METHOD_INVOCATION_RECEIVER"
      },
      "location-after-char-start": 15729,
      "location-after-char-end": 15736,
      "node-str": ""
    },
    {
      "type": "update-node",
      "node": {
        "label": "obj",
        "type": "SimpleName"
      },
      "location-before-char-start": 81998,
      "location-before-char-end": 82001,
      "location-after-char-start": 15737,
      "location-after-char-end": 15746,
      "node-str": "substring"
    },
    {
      "type": "move-subtree",
      "node": {
        "label": "obj",
        "type": "SimpleName"
      },
      "location-before-char-start": 81998,
      "location-before-char-end": 82001,
      "location-after-char-start": 15737,
      "location-after-char-end": 15746,
      "node-str": "substring"
    },
    {
      "type": "insert-node",
      "node": {
        "label": "",
        "type": "METHOD_INVOCATION_ARGUMENTS"
      },
      "location-after-char-start": 15747,
      "location-after-char-end": 15751,
      "node-str": ""
    },
    {
      "type": "update-node",
      "node": {
        "label": "List",
        "type": "SimpleName"
      },
      "location-before-char-start": 81993,
      "location-before-char-end": 81997,
      "location-after-char-start": 15729,
      "location-after-char-end": 15736,
      "node-str": "summary"
    },
    {
      "type": "move-subtree",
      "node": {
        "label": "List",
        "type": "SimpleName"
      },
      "location-before-char-start": 81993,
      "location-before-char-end": 81997,
      "location-after-char-start": 15729,
      "location-after-char-end": 15736,
      "node-str": "summary"
    },
    {
      "type": "move-subtree",
      "node": {
        "label": "0",
        "type": "NumberLiteral"
      },
      "location-before-char-start": 80606,
      "location-before-char-end": 80607,
      "location-after-char-start": 15747,
      "location-after-char-end": 15748,
      "node-str": "0"
    },
    {
      "type": "insert-node",
      "node": {
        "label": "60",
        "type": "NumberLiteral"
      },
      "location-after-char-start": 15749,
      "location-after-char-end": 15751,
      "node-str": "60"
    },
    {
      "type": "delete-node",
      "node": {
        "label": "Returns users assigned to all user attributes.",
        "type": "TextElement"
      },
      "location-before-char-start": 80121,
      "location-before-char-end": 80167,
      "node-str": "Returns users assigned to all user attributes."
    },
    {
      "type": "delete-node",
      "node": {
        "label": "",
        "type": "TagElement"
      },
      "location-before-char-start": 80121,
      "location-before-char-end": 80167,
      "node-str": ""
    },
    {
      "type": "delete-node",
      "node": {
        "label": "",
        "type": "Javadoc"
      },
      "location-before-char-start": 80110,
      "location-before-char-end": 80175,
      "node-str": ""
    },
    {
      "type": "delete-node",
      "node": {
        "label": "List",
        "type": "SimpleName"
      },
      "location-before-char-start": 80187,
      "location-before-char-end": 80191,
      "node-str": "List"
    },
    {
      "type": "delete-node",
      "node": {
        "label": "",
        "type": "SimpleType"
      },
      "location-before-char-start": 80187,
      "location-before-char-end": 80191,
      "node-str": ""
    },
    {
      "type": "delete-node",
      "node": {
        "label": "getAssociatedUsers",
        "type": "SimpleName"
      },
      "location-before-char-start": 80192,
      "location-before-char-end": 80210,
      "node-str": "getAssociatedUsers"
    },
    {
      "type": "delete-node",
      "node": {
        "label": "",
        "type": "SimpleType"
      },
      "location-before-char-start": 81993,
      "location-before-char-end": 81997,
      "node-str": ""
    },
    {
      "type": "delete-node",
      "node": {
        "label": "",
        "type": "CastExpression"
      },
      "location-before-char-start": 81992,
      "location-before-char-end": 82001,
      "node-str": ""
    },
    {
      "type": "delete-node",
      "node": {
        "label": "users",
        "type": "SimpleName"
      },
      "location-before-char-start": 81902,
      "location-before-char-end": 81907,
      "node-str": "users"
    },
    {
      "type": "delete-node",
      "node": {
        "label": "List",
        "type": "SimpleName"
      },
      "location-before-char-start": 80244,
      "location-before-char-end": 80248,
      "node-str": "List"
    },
    {
      "type": "delete-node",
      "node": {
        "label": "",
        "type": "SimpleType"
      },
      "location-before-char-start": 80244,
      "location-before-char-end": 80248,
      "node-str": ""
    },
    {
      "type": "delete-node",
      "node": {
        "label": "users",
        "type": "SimpleName"
      },
      "location-before-char-start": 80249,
      "location-before-char-end": 80254,
      "node-str": "users"
    },
    {
      "type": "delete-node",
      "node": {
        "label": "",
        "type": "NullLiteral"
      },
      "location-before-char-start": 80257,
      "location-before-char-end": 80261,
      "node-str": ""
    },
    {
      "type": "delete-node",
      "node": {
        "label": "",
        "type": "VariableDeclarationFragment"
      },
      "location-before-char-start": 80249,
      "location-before-char-end": 80261,
      "node-str": ""
    },
    {
      "type": "delete-node",
      "node": {
        "label": "",
        "type": "VariableDeclarationStatement"
      },
      "location-before-char-start": 80244,
      "location-before-char-end": 80262,
      "node-str": ""
    },
    {
      "type": "delete-node",
      "node": {
        "label": "List",
        "type": "SimpleName"
      },
      "location-before-char-start": 80271,
      "location-before-char-end": 80275,
      "node-str": "List"
    },
    {
      "type": "delete-node",
      "node": {
        "label": "",
        "type": "SimpleType"
      },
      "location-before-char-start": 80271,
      "location-before-char-end": 80275,
      "node-str": ""
    },
    {
      "type": "delete-node",
      "node": {
        "label": "item",
        "type": "SimpleName"
      },
      "location-before-char-start": 80276,
      "location-before-char-end": 80280,
      "node-str": "item"
    },
    {
      "type": "delete-node",
      "node": {
        "label": "ArrayList",
        "type": "SimpleName"
      },
      "location-before-char-start": 80287,
      "location-before-char-end": 80296,
      "node-str": "ArrayList"
    },
    {
      "type": "delete-node",
      "node": {
        "label": "",
        "type": "SimpleType"
      },
      "location-before-char-start": 80287,
      "location-before-char-end": 80296,
      "node-str": ""
    },
    {
      "type": "delete-node",
      "node": {
        "label": "2",
        "type": "NumberLiteral"
      },
      "location-before-char-start": 80297,
      "location-before-char-end": 80298,
      "node-str": "2"
    },
    {
      "type": "delete-node",
      "node": {
        "label": "",
        "type": "ClassInstanceCreation"
      },
      "location-before-char-start": 80283,
      "location-before-char-end": 80299,
      "node-str": ""
    },
    {
      "type": "delete-node",
      "node": {
        "label": "",
        "type": "VariableDeclarationFragment"
      },
      "location-before-char-start": 80276,
      "location-before-char-end": 80299,
      "node-str": ""
    },
    {
      "type": "delete-node",
      "node": {
        "label": "",
        "type": "VariableDeclarationStatement"
      },
      "location-before-char-start": 80271,
      "location-before-char-end": 80300,
      "node-str": ""
    },
    {
      "type": "delete-node",
      "node": {
        "label": "Object",
        "type": "SimpleName"
      },
      "location-before-char-start": 80309,
      "location-before-char-end": 80315,
      "node-str": "Object"
    },
    {
      "type": "delete-node",
      "node": {
        "label": "",
        "type": "SimpleType"
      },
      "location-before-char-start": 80309,
      "location-before-char-end": 80315,
      "node-str": ""
    },
    {
      "type": "delete-node",
      "node": {
        "label": "obj",
        "type": "SimpleName"
      },
      "location-before-char-start": 80316,
      "location-before-char-end": 80319,
      "node-str": "obj"
    },
    {
      "type": "delete-node",
      "node": {
        "label": "ScarabCache",
        "type": "SimpleName"
      },
      "location-before-char-start": 80322,
      "location-before-char-end": 80333,
      "node-str": "ScarabCache"
    },
    {
      "type": "delete-node",
      "node": {
        "label": "",
        "type": "METHOD_INVOCATION_RECEIVER"
      },
      "location-before-char-start": 80322,
      "location-before-char-end": 80333,
      "node-str": ""
    },
    {
      "type": "delete-node",
      "node": {
        "label": "get",
        "type": "SimpleName"
      },
      "location-before-char-start": 80334,
      "location-before-char-end": 80337,
      "node-str": "get"
    },
    {
      "type": "delete-node",
      "node": {
        "label": "",
        "type": "ThisExpression"
      },
      "location-before-char-start": 80338,
      "location-before-char-end": 80342,
      "node-str": ""
    },
    {
      "type": "delete-node",
      "node": {
        "label": "GET_ASSOCIATED_USERS",
        "type": "SimpleName"
      },
      "location-before-char-start": 80344,
      "location-before-char-end": 80364,
      "node-str": "GET_ASSOCIATED_USERS"
    },
    {
      "type": "delete-node",
      "node": {
        "label": "",
        "type": "METHOD_INVOCATION_ARGUMENTS"
      },
      "location-before-char-start": 80338,
      "location-before-char-end": 80364,
      "node-str": ""
    },
    {
      "type": "delete-node",
      "node": {
        "label": "",
        "type": "MethodInvocation"
      },
      "location-before-char-start": 80322,
      "location-before-char-end": 80365,
      "node-str": ""
    },
    {
      "type": "delete-node",
      "node": {
        "label": "",
        "type": "VariableDeclarationFragment"
      },
      "location-before-char-start": 80316,
      "location-before-char-end": 80365,
      "node-str": ""
    },
    {
      "type": "delete-node",
      "node": {
        "label": "",
        "type": "VariableDeclarationStatement"
      },
      "location-before-char-start": 80309,
      "location-before-char-end": 80366,
      "node-str": ""
    },
    {
      "type": "delete-node",
      "node": {
        "label": "List",
        "type": "SimpleName"
      },
      "location-before-char-start": 80426,
      "location-before-char-end": 80430,
      "node-str": "List"
    },
    {
      "type": "delete-node",
      "node": {
        "label": "",
        "type": "SimpleType"
      },
      "location-before-char-start": 80426,
      "location-before-char-end": 80430,
      "node-str": ""
    },
    {
      "type": "delete-node",
      "node": {
        "label": "attributeList",
        "type": "SimpleName"
      },
      "location-before-char-start": 80431,
      "location-before-char-end": 80444,
      "node-str": "attributeList"
    },
    {
      "type": "delete-node",
      "node": {
        "label": "getModule",
        "type": "SimpleName"
      },
      "location-before-char-start": 80447,
      "location-before-char-end": 80456,
      "node-str": "getModule"
    },
    {
      "type": "delete-node",
      "node": {
        "label": "",
        "type": "MethodInvocation"
      },
      "location-before-char-start": 80447,
      "location-before-char-end": 80458,
      "node-str": ""
    },
    {
      "type": "delete-node",
      "node": {
        "label": "",
        "type": "METHOD_INVOCATION_RECEIVER"
      },
      "location-before-char-start": 80447,
      "location-before-char-end": 80458,
      "node-str": ""
    },
    {
      "type": "delete-node",
      "node": {
        "label": "getUserAttributes",
        "type": "SimpleName"
      },
      "location-before-char-start": 80476,
      "location-before-char-end": 80493,
      "node-str": "getUserAttributes"
    },
    {
      "type": "delete-node",
      "node": {
        "label": "getIssueType",
        "type": "SimpleName"
      },
      "location-before-char-start": 80494,
      "location-before-char-end": 80506,
      "node-str": "getIssueType"
    },
    {
      "type": "delete-node",
      "node": {
        "label": "",
        "type": "MethodInvocation"
      },
      "location-before-char-start": 80494,
      "location-before-char-end": 80508,
      "node-str": ""
    },
    {
      "type": "delete-node",
      "node": {
        "label": "true",
        "type": "BooleanLiteral"
      },
      "location-before-char-start": 80510,
      "location-before-char-end": 80514,
      "node-str": "true"
    },
    {
      "type": "delete-node",
      "node": {
        "label": "",
        "type": "METHOD_INVOCATION_ARGUMENTS"
      },
      "location-before-char-start": 80494,
      "location-before-char-end": 80514,
      "node-str": ""
    },
    {
      "type": "delete-node",
      "node": {
        "label": "",
        "type": "MethodInvocation"
      },
      "location-before-char-start": 80447,
      "location-before-char-end": 80515,
      "node-str": ""
    },
    {
      "type": "delete-node",
      "node": {
        "label": "",
        "type": "VariableDeclarationFragment"
      },
      "location-before-char-start": 80431,
      "location-before-char-end": 80515,
      "node-str": ""
    },
    {
      "type": "delete-node",
      "node": {
        "label": "",
        "type": "VariableDeclarationStatement"
      },
      "location-before-char-start": 80426,
      "location-before-char-end": 80516,
      "node-str": ""
    },
    {
      "type": "delete-node",
      "node": {
        "label": "List",
        "type": "SimpleName"
      },
      "location-before-char-start": 80529,
      "location-before-char-end": 80533,
      "node-str": "List"
    },
    {
      "type": "delete-node",
      "node": {
        "label": "",
        "type": "SimpleType"
      },
      "location-before-char-start": 80529,
      "location-before-char-end": 80533,
      "node-str": ""
    },
    {
      "type": "delete-node",
      "node": {
        "label": "attributeIdList",
        "type": "SimpleName"
      },
      "location-before-char-start": 80534,
      "location-before-char-end": 80549,
      "node-str": "attributeIdList"
    },
    {
      "type": "delete-node",
      "node": {
        "label": "ArrayList",
        "type": "SimpleName"
      },
      "location-before-char-start": 80556,
      "location-before-char-end": 80565,
      "node-str": "ArrayList"
    },
    {
      "type": "delete-node",
      "node": {
        "label": "",
        "type": "SimpleType"
      },
      "location-before-char-start": 80556,
      "location-before-char-end": 80565,
      "node-str": ""
    },
    {
      "type": "delete-node",
      "node": {
        "label": "",
        "type": "ClassInstanceCreation"
      },
      "location-before-char-start": 80552,
      "location-before-char-end": 80567,
      "node-str": ""
    },
    {
      "type": "delete-node",
      "node": {
        "label": "",
        "type": "VariableDeclarationFragment"
      },
      "location-before-char-start": 80534,
      "location-before-char-end": 80567,
      "node-str": ""
    },
    {
      "type": "delete-node",
      "node": {
        "label": "",
        "type": "VariableDeclarationStatement"
      },
      "location-before-char-start": 80529,
      "location-before-char-end": 80568,
      "node-str": ""
    },
    {
      "type": "delete-node",
      "node": {
        "label": "int",
        "type": "PrimitiveType"
      },
      "location-before-char-start": 80600,
      "location-before-char-end": 80603,
      "node-str": "int"
    },
    {
      "type": "delete-node",
      "node": {
        "label": "i",
        "type": "SimpleName"
      },
      "location-before-char-start": 80604,
      "location-before-char-end": 80605,
      "node-str": "i"
    },
    {
      "type": "delete-node",
      "node": {
        "label": "",
        "type": "VariableDeclarationFragment"
      },
      "location-before-char-start": 80604,
      "location-before-char-end": 80607,
      "node-str": ""
    },
    {
      "type": "delete-node",
      "node": {
        "label": "",
        "type": "VariableDeclarationExpression"
      },
      "location-before-char-start": 80600,
      "location-before-char-end": 80607,
      "node-str": ""
    },
    {
      "type": "delete-node",
      "node": {
        "label": "i",
        "type": "SimpleName"
      },
      "location-before-char-start": 80609,
      "location-before-char-end": 80610,
      "node-str": "i"
    },
    {
      "type": "delete-node",
      "node": {
        "label": "\u003c",
        "type": "INFIX_EXPRESSION_OPERATOR"
      },
      "location-before-char-start": 80610,
      "location-before-char-end": 80611,
      "node-str": "\u003c"
    },
    {
      "type": "delete-node",
      "node": {
        "label": "attributeList",
        "type": "SimpleName"
      },
      "location-before-char-start": 80611,
      "location-before-char-end": 80624,
      "node-str": "attributeList"
    },
    {
      "type": "delete-node",
      "node": {
        "label": "",
        "type": "METHOD_INVOCATION_RECEIVER"
      },
      "location-before-char-start": 80611,
      "location-before-char-end": 80624,
      "node-str": ""
    },
    {
      "type": "delete-node",
      "node": {
        "label": "size",
        "type": "SimpleName"
      },
      "location-before-char-start": 80625,
      "location-before-char-end": 80629,
      "node-str": "size"
    },
    {
      "type": "delete-node",
      "node": {
        "label": "",
        "type": "MethodInvocation"
      },
      "location-before-char-start": 80611,
      "location-before-char-end": 80631,
      "node-str": ""
    },
    {
      "type": "delete-node",
      "node": {
        "label": "",
        "type": "InfixExpression"
      },
      "location-before-char-start": 80609,
      "location-before-char-end": 80631,
      "node-str": ""
    },
    {
      "type": "delete-node",
      "node": {
        "label": "i",
        "type": "SimpleName"
      },
      "location-before-char-start": 80633,
      "location-before-char-end": 80634,
      "node-str": "i"
    },
    {
      "type": "delete-node",
      "node": {
        "label": "++",
        "type": "POSTFIX_EXPRESSION_OPERATOR"
      },
      "location-before-char-start": 80634,
      "location-before-char-end": 80636,
      "node-str": "++"
    },
    {
      "type": "delete-node",
      "node": {
        "label": "",
        "type": "PostfixExpression"
      },
      "location-before-char-start": 80633,
      "location-before-char-end": 80636,
      "node-str": ""
    },
    {
      "type": "delete-node",
      "node": {
        "label": "Attribute",
        "type": "SimpleName"
      },
      "location-before-char-start": 80670,
      "location-before-char-end": 80679,
      "node-str": "Attribute"
    },
    {
      "type": "delete-node",
      "node": {
        "label": "",
        "type": "SimpleType"
      },
      "location-before-char-start": 80670,
      "location-before-char-end": 80679,
      "node-str": ""
    },
    {
      "type": "delete-node",
      "node": {
        "label": "att",
        "type": "SimpleName"
      },
      "location-before-char-start": 80680,
      "location-before-char-end": 80683,
      "node-str": "att"
    },
    {
      "type": "delete-node",
      "node": {
        "label": "Attribute",
        "type": "SimpleName"
      },
      "location-before-char-start": 80687,
      "location-before-char-end": 80696,
      "node-str": "Attribute"
    },
    {
      "type": "delete-node",
      "node": {
        "label": "",
        "type": "SimpleType"
      },
      "location-before-char-start": 80687,
      "location-before-char-end": 80696,
      "node-str": ""
    },
    {
      "type": "delete-node",
      "node": {
        "label": "attributeList",
        "type": "SimpleName"
      },
      "location-before-char-start": 80698,
      "location-before-char-end": 80711,
      "node-str": "attributeList"
    },
    {
      "type": "delete-node",
      "node": {
        "label": "",
        "type": "METHOD_INVOCATION_RECEIVER"
      },
      "location-before-char-start": 80698,
      "location-before-char-end": 80711,
      "node-str": ""
    },
    {
      "type": "delete-node",
      "node": {
        "label": "get",
        "type": "SimpleName"
      },
      "location-before-char-start": 80712,
      "location-before-char-end": 80715,
      "node-str": "get"
    },
    {
      "type": "delete-node",
      "node": {
        "label": "i",
        "type": "SimpleName"
      },
      "location-before-char-start": 80716,
      "location-before-char-end": 80717,
      "node-str": "i"
    },
    {
      "type": "delete-node",
      "node": {
        "label": "",
        "type": "METHOD_INVOCATION_ARGUMENTS"
      },
      "location-before-char-start": 80716,
      "location-before-char-end": 80717,
      "node-str": ""
    },
    {
      "type": "delete-node",
      "node": {
        "label": "",
        "type": "MethodInvocation"
      },
      "location-before-char-start": 80698,
      "location-before-char-end": 80718,
      "node-str": ""
    },
    {
      "type": "delete-node",
      "node": {
        "label": "",
        "type": "CastExpression"
      },
      "location-before-char-start": 80686,
      "location-before-char-end": 80718,
      "node-str": ""
    },
    {
      "type": "delete-node",
      "node": {
        "label": "",
        "type": "VariableDeclarationFragment"
      },
      "location-before-char-start": 80680,
      "location-before-char-end": 80718,
      "node-str": ""
    },
    {
      "type": "delete-node",
      "node": {
        "label": "",
        "type": "VariableDeclarationStatement"
      },
      "location-before-char-start": 80670,
      "location-before-char-end": 80719,
      "node-str": ""
    },
    {
      "type": "delete-node",
      "node": {
        "label": "RModuleAttribute",
        "type": "SimpleName"
      },
      "location-before-char-start": 80736,
      "location-before-char-end": 80752,
      "node-str": "RModuleAttribute"
    },
    {
      "type": "delete-node",
      "node": {
        "label": "",
        "type": "SimpleType"
      },
      "location-before-char-start": 80736,
      "location-before-char-end": 80752,
      "node-str": ""
    },
    {
      "type": "delete-node",
      "node": {
        "label": "modAttr",
        "type": "SimpleName"
      },
      "location-before-char-start": 80753,
      "location-before-char-end": 80760,
      "node-str": "modAttr"
    },
    {
      "type": "delete-node",
      "node": {
        "label": "getModule",
        "type": "SimpleName"
      },
      "location-before-char-start": 80763,
      "location-before-char-end": 80772,
      "node-str": "getModule"
    },
    {
      "type": "delete-node",
      "node": {
        "label": "",
        "type": "MethodInvocation"
      },
      "location-before-char-start": 80763,
      "location-before-char-end": 80774,
      "node-str": ""
    },
    {
      "type": "delete-node",
      "node": {
        "label": "",
        "type": "METHOD_INVOCATION_RECEIVER"
      },
      "location-before-char-start": 80763,
      "location-before-char-end": 80774,
      "node-str": ""
    },
    {
      "type": "delete-node",
      "node": {
        "label": "getRModuleAttribute",
        "type": "SimpleName"
      },
      "location-before-char-start": 80796,
      "location-before-char-end": 80815,
      "node-str": "getRModuleAttribute"
    },
    {
      "type": "delete-node",
      "node": {
        "label": "att",
        "type": "SimpleName"
      },
      "location-before-char-start": 80816,
      "location-before-char-end": 80819,
      "node-str": "att"
    },
    {
      "type": "delete-node",
      "node": {
        "label": "getIssueType",
        "type": "SimpleName"
      },
      "location-before-char-start": 80821,
      "location-before-char-end": 80833,
      "node-str": "getIssueType"
    },
    {
      "type": "delete-node",
      "node": {
        "label": "",
        "type": "MethodInvocation"
      },
      "location-before-char-start": 80821,
      "location-before-char-end": 80835,
      "node-str": ""
    },
    {
      "type": "delete-node",
      "node": {
        "label": "",
        "type": "METHOD_INVOCATION_ARGUMENTS"
      },
      "location-before-char-start": 80816,
      "location-before-char-end": 80835,
      "node-str": ""
    },
    {
      "type": "delete-node",
      "node": {
        "label": "",
        "type": "MethodInvocation"
      },
      "location-before-char-start": 80763,
      "location-before-char-end": 80836,
      "node-str": ""
    },
    {
      "type": "delete-node",
      "node": {
        "label": "",
        "type": "VariableDeclarationFragment"
      },
      "location-before-char-start": 80753,
      "location-before-char-end": 80836,
      "node-str": ""
    },
    {
      "type": "delete-node",
      "node": {
        "label": "",
        "type": "VariableDeclarationStatement"
      },
      "location-before-char-start": 80736,
      "location-before-char-end": 80837,
      "node-str": ""
    },
    {
      "type": "delete-node",
      "node": {
        "label": "modAttr",
        "type": "SimpleName"
      },
      "location-before-char-start": 80858,
      "location-before-char-end": 80865,
      "node-str": "modAttr"
    },
    {
      "type": "delete-node",
      "node": {
        "label": "",
        "type": "METHOD_INVOCATION_RECEIVER"
      },
      "location-before-char-start": 80858,
      "location-before-char-end": 80865,
      "node-str": ""
    },
    {
      "type": "delete-node",
      "node": {
        "label": "getActive",
        "type": "SimpleName"
      },
      "location-before-char-start": 80866,
      "location-before-char-end": 80875,
      "node-str": "getActive"
    },
    {
      "type": "delete-node",
      "node": {
        "label": "",
        "type": "MethodInvocation"
      },
      "location-before-char-start": 80858,
      "location-before-char-end": 80877,
      "node-str": ""
    },
    {
      "type": "delete-node",
      "node": {
        "label": "attributeIdList",
        "type": "SimpleName"
      },
      "location-before-char-start": 80917,
      "location-before-char-end": 80932,
      "node-str": "attributeIdList"
    },
    {
      "type": "delete-node",
      "node": {
        "label": "",
        "type": "METHOD_INVOCATION_RECEIVER"
      },
      "location-before-char-start": 80917,
      "location-before-char-end": 80932,
      "node-str": ""
    },
    {
      "type": "delete-node",
      "node": {
        "label": "add",
        "type": "SimpleName"
      },
      "location-before-char-start": 80933,
      "location-before-char-end": 80936,
      "node-str": "add"
    },
    {
      "type": "delete-node",
      "node": {
        "label": "att",
        "type": "SimpleName"
      },
      "location-before-char-start": 80937,
      "location-before-char-end": 80940,
      "node-str": "att"
    },
    {
      "type": "delete-node",
      "node": {
        "label": "",
        "type": "METHOD_INVOCATION_RECEIVER"
      },
      "location-before-char-start": 80937,
      "location-before-char-end": 80940,
      "node-str": ""
    },
    {
      "type": "delete-node",
      "node": {
        "label": "getAttributeId",
        "type": "SimpleName"
      },
      "location-before-char-start": 80941,
      "location-before-char-end": 80955,
      "node-str": "getAttributeId"
    },
    {
      "type": "delete-node",
      "node": {
        "label": "",
        "type": "MethodInvocation"
      },
      "location-before-char-start": 80937,
      "location-before-char-end": 80957,
      "node-str": ""
    },
    {
      "type": "delete-node",
      "node": {
        "label": "",
        "type": "METHOD_INVOCATION_ARGUMENTS"
      },
      "location-before-char-start": 80937,
      "location-before-char-end": 80957,
      "node-str": ""
    },
    {
      "type": "delete-node",
      "node": {
        "label": "",
        "type": "MethodInvocation"
      },
      "location-before-char-start": 80917,
      "location-before-char-end": 80958,
      "node-str": ""
    },
    {
      "type": "delete-node",
      "node": {
        "label": "",
        "type": "ExpressionStatement"
      },
      "location-before-char-start": 80917,
      "location-before-char-end": 80959,
      "node-str": ""
    },
    {
      "type": "delete-node",
      "node": {
        "label": "",
        "type": "Block"
      },
      "location-before-char-start": 80895,
      "location-before-char-end": 80977,
      "node-str": ""
    },
    {
      "type": "delete-node",
      "node": {
        "label": "",
        "type": "IfStatement"
      },
      "location-before-char-start": 80854,
      "location-before-char-end": 80977,
      "node-str": ""
    },
    {
      "type": "delete-node",
      "node": {
        "label": "",
        "type": "Block"
      },
      "location-before-char-start": 80652,
      "location-before-char-end": 80991,
      "node-str": ""
    },
    {
      "type": "delete-node",
      "node": {
        "label": "",
        "type": "ForStatement"
      },
      "location-before-char-start": 80594,
      "location-before-char-end": 80991,
      "node-str": ""
    },
    {
      "type": "delete-node",
      "node": {
        "label": "!",
        "type": "PREFIX_EXPRESSION_OPERATOR"
      },
      "location-before-char-start": 81021,
      "location-before-char-end": 81022,
      "node-str": "!"
    },
    {
      "type": "delete-node",
      "node": {
        "label": "attributeIdList",
        "type": "SimpleName"
      },
      "location-before-char-start": 81022,
      "location-before-char-end": 81037,
      "node-str": "attributeIdList"
    },
    {
      "type": "delete-node",
      "node": {
        "label": "",
        "type": "METHOD_INVOCATION_RECEIVER"
      },
      "location-before-char-start": 81022,
      "location-before-char-end": 81037,
      "node-str": ""
    },
    {
      "type": "delete-node",
      "node": {
        "label": "isEmpty",
        "type": "SimpleName"
      },
      "location-before-char-start": 81038,
      "location-before-char-end": 81045,
      "node-str": "isEmpty"
    },
    {
      "type": "delete-node",
      "node": {
        "label": "",
        "type": "MethodInvocation"
      },
      "location-before-char-start": 81022,
      "location-before-char-end": 81047,
      "node-str": ""
    },
    {
      "type": "delete-node",
      "node": {
        "label": "",
        "type": "PrefixExpression"
      },
      "location-before-char-start": 81021,
      "location-before-char-end": 81047,
      "node-str": ""
    },
    {
      "type": "delete-node",
      "node": {
        "label": "users",
        "type": "SimpleName"
      },
      "location-before-char-start": 81079,
      "location-before-char-end": 81084,
      "node-str": "users"
    },
    {
      "type": "delete-node",
      "node": {
        "label": "\u003d",
        "type": "ASSIGNMENT_OPERATOR"
      },
      "location-before-char-start": 81085,
      "location-before-char-end": 81086,
      "node-str": "\u003d"
    },
    {
      "type": "delete-node",
      "node": {
        "label": "ArrayList",
        "type": "SimpleName"
      },
      "location-before-char-start": 81091,
      "location-before-char-end": 81100,
      "node-str": "ArrayList"
    },
    {
      "type": "delete-node",
      "node": {
        "label": "",
        "type": "SimpleType"
      },
      "location-before-char-start": 81091,
      "location-before-char-end": 81100,
      "node-str": ""
    },
    {
      "type": "delete-node",
      "node": {
        "label": "",
        "type": "ClassInstanceCreation"
      },
      "location-before-char-start": 81087,
      "location-before-char-end": 81102,
      "node-str": ""
    },
    {
      "type": "delete-node",
      "node": {
        "label": "",
        "type": "Assignment"
      },
      "location-before-char-start": 81079,
      "location-before-char-end": 81102,
      "node-str": ""
    },
    {
      "type": "delete-node",
      "node": {
        "label": "",
        "type": "ExpressionStatement"
      },
      "location-before-char-start": 81079,
      "location-before-char-end": 81103,
      "node-str": ""
    },
    {
      "type": "delete-node",
      "node": {
        "label": "Criteria",
        "type": "SimpleName"
      },
      "location-before-char-start": 81120,
      "location-before-char-end": 81128,
      "node-str": "Criteria"
    },
    {
      "type": "delete-node",
      "node": {
        "label": "",
        "type": "SimpleType"
      },
      "location-before-char-start": 81120,
      "location-before-char-end": 81128,
      "node-str": ""
    },
    {
      "type": "delete-node",
      "node": {
        "label": "crit",
        "type": "SimpleName"
      },
      "location-before-char-start": 81129,
      "location-before-char-end": 81133,
      "node-str": "crit"
    },
    {
      "type": "delete-node",
      "node": {
        "label": "Criteria",
        "type": "SimpleName"
      },
      "location-before-char-start": 81140,
      "location-before-char-end": 81148,
      "node-str": "Criteria"
    },
    {
      "type": "delete-node",
      "node": {
        "label": "",
        "type": "SimpleType"
      },
      "location-before-char-start": 81140,
      "location-before-char-end": 81148,
      "node-str": ""
    },
    {
      "type": "delete-node",
      "node": {
        "label": "",
        "type": "ClassInstanceCreation"
      },
      "location-before-char-start": 81136,
      "location-before-char-end": 81150,
      "node-str": ""
    },
    {
      "type": "delete-node",
      "node": {
        "label": "",
        "type": "METHOD_INVOCATION_RECEIVER"
      },
      "location-before-char-start": 81136,
      "location-before-char-end": 81150,
      "node-str": ""
    },
    {
      "type": "delete-node",
      "node": {
        "label": "addIn",
        "type": "SimpleName"
      },
      "location-before-char-start": 81172,
      "location-before-char-end": 81177,
      "node-str": "addIn"
    },
    {
      "type": "delete-node",
      "node": {
        "label": "AttributeValuePeer.ATTRIBUTE_ID",
        "type": "QualifiedName"
      },
      "location-before-char-start": 81178,
      "location-before-char-end": 81209,
      "node-str": "AttributeValuePeer.ATTRIBUTE_ID"
    },
    {
      "type": "delete-node",
      "node": {
        "label": "attributeIdList",
        "type": "SimpleName"
      },
      "location-before-char-start": 81211,
      "location-before-char-end": 81226,
      "node-str": "attributeIdList"
    },
    {
      "type": "delete-node",
      "node": {
        "label": "",
        "type": "METHOD_INVOCATION_ARGUMENTS"
      },
      "location-before-char-start": 81178,
      "location-before-char-end": 81226,
      "node-str": ""
    },
    {
      "type": "delete-node",
      "node": {
        "label": "",
        "type": "MethodInvocation"
      },
      "location-before-char-start": 81136,
      "location-before-char-end": 81227,
      "node-str": ""
    },
    {
      "type": "delete-node",
      "node": {
        "label": "",
        "type": "METHOD_INVOCATION_RECEIVER"
      },
      "location-before-char-start": 81136,
      "location-before-char-end": 81227,
      "node-str": ""
    },
    {
      "type": "delete-node",
      "node": {
        "label": "add",
        "type": "SimpleName"
      },
      "location-before-char-start": 81249,
      "location-before-char-end": 81252,
      "node-str": "add"
    },
    {
      "type": "delete-node",
      "node": {
        "label": "AttributeValuePeer.DELETED",
        "type": "QualifiedName"
      },
      "location-before-char-start": 81253,
      "location-before-char-end": 81279,
      "node-str": "AttributeValuePeer.DELETED"
    },
    {
      "type": "delete-node",
      "node": {
        "label": "false",
        "type": "BooleanLiteral"
      },
      "location-before-char-start": 81281,
      "location-before-char-end": 81286,
      "node-str": "false"
    },
    {
      "type": "delete-node",
      "node": {
        "label": "",
        "type": "METHOD_INVOCATION_ARGUMENTS"
      },
      "location-before-char-start": 81253,
      "location-before-char-end": 81286,
      "node-str": ""
    },
    {
      "type": "delete-node",
      "node": {
        "label": "",
        "type": "MethodInvocation"
      },
      "location-before-char-start": 81136,
      "location-before-char-end": 81287,
      "node-str": ""
    },
    {
      "type": "delete-node",
      "node": {
        "label": "",
        "type": "VariableDeclarationFragment"
      },
      "location-before-char-start": 81129,
      "location-before-char-end": 81287,
      "node-str": ""
    },
    {
      "type": "delete-node",
      "node": {
        "label": "",
        "type": "VariableDeclarationStatement"
      },
      "location-before-char-start": 81120,
      "location-before-char-end": 81288,
      "node-str": ""
    },
    {
      "type": "delete-node",
      "node": {
        "label": "crit",
        "type": "SimpleName"
      },
      "location-before-char-start": 81305,
      "location-before-char-end": 81309,
      "node-str": "crit"
    },
    {
      "type": "delete-node",
      "node": {
        "label": "",
        "type": "METHOD_INVOCATION_RECEIVER"
      },
      "location-before-char-start": 81305,
      "location-before-char-end": 81309,
      "node-str": ""
    },
    {
      "type": "delete-node",
      "node": {
        "label": "setDistinct",
        "type": "SimpleName"
      },
      "location-before-char-start": 81310,
      "location-before-char-end": 81321,
      "node-str": "setDistinct"
    },
    {
      "type": "delete-node",
      "node": {
        "label": "",
        "type": "MethodInvocation"
      },
      "location-before-char-start": 81305,
      "location-before-char-end": 81323,
      "node-str": ""
    },
    {
      "type": "delete-node",
      "node": {
        "label": "",
        "type": "ExpressionStatement"
      },
      "location-before-char-start": 81305,
      "location-before-char-end": 81324,
      "node-str": ""
    },
    {
      "type": "delete-node",
      "node": {
        "label": "List",
        "type": "SimpleName"
      },
      "location-before-char-start": 81358,
      "location-before-char-end": 81362,
      "node-str": "List"
    },
    {
      "type": "delete-node",
      "node": {
        "label": "",
        "type": "SimpleType"
      },
      "location-before-char-start": 81358,
      "location-before-char-end": 81362,
      "node-str": ""
    },
    {
      "type": "delete-node",
      "node": {
        "label": "attValues",
        "type": "SimpleName"
      },
      "location-before-char-start": 81363,
      "location-before-char-end": 81372,
      "node-str": "attValues"
    },
    {
      "type": "delete-node",
      "node": {
        "label": "getAttributeValues",
        "type": "SimpleName"
      },
      "location-before-char-start": 81375,
      "location-before-char-end": 81393,
      "node-str": "getAttributeValues"
    },
    {
      "type": "delete-node",
      "node": {
        "label": "crit",
        "type": "SimpleName"
      },
      "location-before-char-start": 81394,
      "location-before-char-end": 81398,
      "node-str": "crit"
    },
    {
      "type": "delete-node",
      "node": {
        "label": "",
        "type": "METHOD_INVOCATION_ARGUMENTS"
      },
      "location-before-char-start": 81394,
      "location-before-char-end": 81398,
      "node-str": ""
    },
    {
      "type": "delete-node",
      "node": {
        "label": "",
        "type": "MethodInvocation"
      },
      "location-before-char-start": 81375,
      "location-before-char-end": 81399,
      "node-str": ""
    },
    {
      "type": "delete-node",
      "node": {
        "label": "",
        "type": "VariableDeclarationFragment"
      },
      "location-before-char-start": 81363,
      "location-before-char-end": 81399,
      "node-str": ""
    },
    {
      "type": "delete-node",
      "node": {
        "label": "",
        "type": "VariableDeclarationStatement"
      },
      "location-before-char-start": 81358,
      "location-before-char-end": 81400,
      "node-str": ""
    },
    {
      "type": "delete-node",
      "node": {
        "label": "int",
        "type": "PrimitiveType"
      },
      "location-before-char-start": 81423,
      "location-before-char-end": 81426,
      "node-str": "int"
    },
    {
      "type": "delete-node",
      "node": {
        "label": "i",
        "type": "SimpleName"
      },
      "location-before-char-start": 81427,
      "location-before-char-end": 81428,
      "node-str": "i"
    },
    {
      "type": "delete-node",
      "node": {
        "label": "0",
        "type": "NumberLiteral"
      },
      "location-before-char-start": 81429,
      "location-before-char-end": 81430,
      "node-str": "0"
    },
    {
      "type": "delete-node",
      "node": {
        "label": "",
        "type": "VariableDeclarationFragment"
      },
      "location-before-char-start": 81427,
      "location-before-char-end": 81430,
      "node-str": ""
    },
    {
      "type": "delete-node",
      "node": {
        "label": "",
        "type": "VariableDeclarationExpression"
      },
      "location-before-char-start": 81423,
      "location-before-char-end": 81430,
      "node-str": ""
    },
    {
      "type": "delete-node",
      "node": {
        "label": "i",
        "type": "SimpleName"
      },
      "location-before-char-start": 81432,
      "location-before-char-end": 81433,
      "node-str": "i"
    },
    {
      "type": "delete-node",
      "node": {
        "label": "\u003c",
        "type": "INFIX_EXPRESSION_OPERATOR"
      },
      "location-before-char-start": 81433,
      "location-before-char-end": 81434,
      "node-str": "\u003c"
    },
    {
      "type": "delete-node",
      "node": {
        "label": "attValues",
        "type": "SimpleName"
      },
      "location-before-char-start": 81434,
      "location-before-char-end": 81443,
      "node-str": "attValues"
    },
    {
      "type": "delete-node",
      "node": {
        "label": "",
        "type": "METHOD_INVOCATION_RECEIVER"
      },
      "location-before-char-start": 81434,
      "location-before-char-end": 81443,
      "node-str": ""
    },
    {
      "type": "delete-node",
      "node": {
        "label": "size",
        "type": "SimpleName"
      },
      "location-before-char-start": 81444,
      "location-before-char-end": 81448,
      "node-str": "size"
    },
    {
      "type": "delete-node",
      "node": {
        "label": "",
        "type": "MethodInvocation"
      },
      "location-before-char-start": 81434,
      "location-before-char-end": 81450,
      "node-str": ""
    },
    {
      "type": "delete-node",
      "node": {
        "label": "",
        "type": "InfixExpression"
      },
      "location-before-char-start": 81432,
      "location-before-char-end": 81450,
      "node-str": ""
    },
    {
      "type": "delete-node",
      "node": {
        "label": "i",
        "type": "SimpleName"
      },
      "location-before-char-start": 81452,
      "location-before-char-end": 81453,
      "node-str": "i"
    },
    {
      "type": "delete-node",
      "node": {
        "label": "++",
        "type": "POSTFIX_EXPRESSION_OPERATOR"
      },
      "location-before-char-start": 81453,
      "location-before-char-end": 81455,
      "node-str": "++"
    },
    {
      "type": "delete-node",
      "node": {
        "label": "",
        "type": "PostfixExpression"
      },
      "location-before-char-start": 81452,
      "location-before-char-end": 81455,
      "node-str": ""
    },
    {
      "type": "delete-node",
      "node": {
        "label": "AttributeValue",
        "type": "SimpleName"
      },
      "location-before-char-start": 81497,
      "location-before-char-end": 81511,
      "node-str": "AttributeValue"
    },
    {
      "type": "delete-node",
      "node": {
        "label": "",
        "type": "SimpleType"
      },
      "location-before-char-start": 81497,
      "location-before-char-end": 81511,
      "node-str": ""
    },
    {
      "type": "delete-node",
      "node": {
        "label": "attVal",
        "type": "SimpleName"
      },
      "location-before-char-start": 81512,
      "location-before-char-end": 81518,
      "node-str": "attVal"
    },
    {
      "type": "delete-node",
      "node": {
        "label": "AttributeValue",
        "type": "SimpleName"
      },
      "location-before-char-start": 81522,
      "location-before-char-end": 81536,
      "node-str": "AttributeValue"
    },
    {
      "type": "delete-node",
      "node": {
        "label": "",
        "type": "SimpleType"
      },
      "location-before-char-start": 81522,
      "location-before-char-end": 81536,
      "node-str": ""
    },
    {
      "type": "delete-node",
      "node": {
        "label": "attValues",
        "type": "SimpleName"
      },
      "location-before-char-start": 81538,
      "location-before-char-end": 81547,
      "node-str": "attValues"
    },
    {
      "type": "delete-node",
      "node": {
        "label": "",
        "type": "METHOD_INVOCATION_RECEIVER"
      },
      "location-before-char-start": 81538,
      "location-before-char-end": 81547,
      "node-str": ""
    },
    {
      "type": "delete-node",
      "node": {
        "label": "get",
        "type": "SimpleName"
      },
      "location-before-char-start": 81548,
      "location-before-char-end": 81551,
      "node-str": "get"
    },
    {
      "type": "delete-node",
      "node": {
        "label": "i",
        "type": "SimpleName"
      },
      "location-before-char-start": 81552,
      "location-before-char-end": 81553,
      "node-str": "i"
    },
    {
      "type": "delete-node",
      "node": {
        "label": "",
        "type": "METHOD_INVOCATION_ARGUMENTS"
      },
      "location-before-char-start": 81552,
      "location-before-char-end": 81553,
      "node-str": ""
    },
    {
      "type": "delete-node",
      "node": {
        "label": "",
        "type": "MethodInvocation"
      },
      "location-before-char-start": 81538,
      "location-before-char-end": 81554,
      "node-str": ""
    },
    {
      "type": "delete-node",
      "node": {
        "label": "",
        "type": "CastExpression"
      },
      "location-before-char-start": 81521,
      "location-before-char-end": 81554,
      "node-str": ""
    },
    {
      "type": "delete-node",
      "node": {
        "label": "",
        "type": "VariableDeclarationFragment"
      },
      "location-before-char-start": 81512,
      "location-before-char-end": 81554,
      "node-str": ""
    },
    {
      "type": "delete-node",
      "node": {
        "label": "",
        "type": "VariableDeclarationStatement"
      },
      "location-before-char-start": 81497,
      "location-before-char-end": 81555,
      "node-str": ""
    },
    {
      "type": "delete-node",
      "node": {
        "label": "ScarabUser",
        "type": "SimpleName"
      },
      "location-before-char-start": 81576,
      "location-before-char-end": 81586,
      "node-str": "ScarabUser"
    },
    {
      "type": "delete-node",
      "node": {
        "label": "",
        "type": "SimpleType"
      },
      "location-before-char-start": 81576,
      "location-before-char-end": 81586,
      "node-str": ""
    },
    {
      "type": "delete-node",
      "node": {
        "label": "su",
        "type": "SimpleName"
      },
      "location-before-char-start": 81587,
      "location-before-char-end": 81589,
      "node-str": "su"
    },
    {
      "type": "delete-node",
      "node": {
        "label": "ScarabUserManager",
        "type": "SimpleName"
      },
      "location-before-char-start": 81592,
      "location-before-char-end": 81609,
      "node-str": "ScarabUserManager"
    },
    {
      "type": "delete-node",
      "node": {
        "label": "",
        "type": "METHOD_INVOCATION_RECEIVER"
      },
      "location-before-char-start": 81592,
      "location-before-char-end": 81609,
      "node-str": ""
    },
    {
      "type": "delete-node",
      "node": {
        "label": "getInstance",
        "type": "SimpleName"
      },
      "location-before-char-start": 81610,
      "location-before-char-end": 81621,
      "node-str": "getInstance"
    },
    {
      "type": "delete-node",
      "node": {
        "label": "attVal",
        "type": "SimpleName"
      },
      "location-before-char-start": 81622,
      "location-before-char-end": 81628,
      "node-str": "attVal"
    },
    {
      "type": "delete-node",
      "node": {
        "label": "",
        "type": "METHOD_INVOCATION_RECEIVER"
      },
      "location-before-char-start": 81622,
      "location-before-char-end": 81628,
      "node-str": ""
    },
    {
      "type": "delete-node",
      "node": {
        "label": "getUserId",
        "type": "SimpleName"
      },
      "location-before-char-start": 81629,
      "location-before-char-end": 81638,
      "node-str": "getUserId"
    },
    {
      "type": "delete-node",
      "node": {
        "label": "",
        "type": "MethodInvocation"
      },
      "location-before-char-start": 81622,
      "location-before-char-end": 81640,
      "node-str": ""
    },
    {
      "type": "delete-node",
      "node": {
        "label": "",
        "type": "METHOD_INVOCATION_ARGUMENTS"
      },
      "location-before-char-start": 81622,
      "location-before-char-end": 81640,
      "node-str": ""
    },
    {
      "type": "delete-node",
      "node": {
        "label": "",
        "type": "MethodInvocation"
      },
      "location-before-char-start": 81592,
      "location-before-char-end": 81641,
      "node-str": ""
    },
    {
      "type": "delete-node",
      "node": {
        "label": "",
        "type": "VariableDeclarationFragment"
      },
      "location-before-char-start": 81587,
      "location-before-char-end": 81641,
      "node-str": ""
    },
    {
      "type": "delete-node",
      "node": {
        "label": "",
        "type": "VariableDeclarationStatement"
      },
      "location-before-char-start": 81576,
      "location-before-char-end": 81642,
      "node-str": ""
    },
    {
      "type": "delete-node",
      "node": {
        "label": "Attribute",
        "type": "SimpleName"
      },
      "location-before-char-start": 81663,
      "location-before-char-end": 81672,
      "node-str": "Attribute"
    },
    {
      "type": "delete-node",
      "node": {
        "label": "",
        "type": "SimpleType"
      },
      "location-before-char-start": 81663,
      "location-before-char-end": 81672,
      "node-str": ""
    },
    {
      "type": "delete-node",
      "node": {
        "label": "attr",
        "type": "SimpleName"
      },
      "location-before-char-start": 81673,
      "location-before-char-end": 81677,
      "node-str": "attr"
    },
    {
      "type": "delete-node",
      "node": {
        "label": "AttributeManager",
        "type": "SimpleName"
      },
      "location-before-char-start": 81680,
      "location-before-char-end": 81696,
      "node-str": "AttributeManager"
    },
    {
      "type": "delete-node",
      "node": {
        "label": "",
        "type": "METHOD_INVOCATION_RECEIVER"
      },
      "location-before-char-start": 81680,
      "location-before-char-end": 81696,
      "node-str": ""
    },
    {
      "type": "delete-node",
      "node": {
        "label": "getInstance",
        "type": "SimpleName"
      },
      "location-before-char-start": 81697,
      "location-before-char-end": 81708,
      "node-str": "getInstance"
    },
    {
      "type": "delete-node",
      "node": {
        "label": "attVal",
        "type": "SimpleName"
      },
      "location-before-char-start": 81709,
      "location-before-char-end": 81715,
      "node-str": "attVal"
    },
    {
      "type": "delete-node",
      "node": {
        "label": "",
        "type": "METHOD_INVOCATION_RECEIVER"
      },
      "location-before-char-start": 81709,
      "location-before-char-end": 81715,
      "node-str": ""
    },
    {
      "type": "delete-node",
      "node": {
        "label": "getAttributeId",
        "type": "SimpleName"
      },
      "location-before-char-start": 81716,
      "location-before-char-end": 81730,
      "node-str": "getAttributeId"
    },
    {
      "type": "delete-node",
      "node": {
        "label": "",
        "type": "MethodInvocation"
      },
      "location-before-char-start": 81709,
      "location-before-char-end": 81732,
      "node-str": ""
    },
    {
      "type": "delete-node",
      "node": {
        "label": "",
        "type": "METHOD_INVOCATION_ARGUMENTS"
      },
      "location-before-char-start": 81709,
      "location-before-char-end": 81732,
      "node-str": ""
    },
    {
      "type": "delete-node",
      "node": {
        "label": "",
        "type": "MethodInvocation"
      },
      "location-before-char-start": 81680,
      "location-before-char-end": 81733,
      "node-str": ""
    },
    {
      "type": "delete-node",
      "node": {
        "label": "",
        "type": "VariableDeclarationFragment"
      },
      "location-before-char-start": 81673,
      "location-before-char-end": 81733,
      "node-str": ""
    },
    {
      "type": "delete-node",
      "node": {
        "label": "",
        "type": "VariableDeclarationStatement"
      },
      "location-before-char-start": 81663,
      "location-before-char-end": 81734,
      "node-str": ""
    },
    {
      "type": "delete-node",
      "node": {
        "label": "item",
        "type": "SimpleName"
      },
      "location-before-char-start": 81755,
      "location-before-char-end": 81759,
      "node-str": "item"
    },
    {
      "type": "delete-node",
      "node": {
        "label": "",
        "type": "METHOD_INVOCATION_RECEIVER"
      },
      "location-before-char-start": 81755,
      "location-before-char-end": 81759,
      "node-str": ""
    },
    {
      "type": "delete-node",
      "node": {
        "label": "add",
        "type": "SimpleName"
      },
      "location-before-char-start": 81760,
      "location-before-char-end": 81763,
      "node-str": "add"
    },
    {
      "type": "delete-node",
      "node": {
        "label": "attr",
        "type": "SimpleName"
      },
      "location-before-char-start": 81764,
      "location-before-char-end": 81768,
      "node-str": "attr"
    },
    {
      "type": "delete-node",
      "node": {
        "label": "",
        "type": "METHOD_INVOCATION_ARGUMENTS"
      },
      "location-before-char-start": 81764,
      "location-before-char-end": 81768,
      "node-str": ""
    },
    {
      "type": "delete-node",
      "node": {
        "label": "",
        "type": "MethodInvocation"
      },
      "location-before-char-start": 81755,
      "location-before-char-end": 81769,
      "node-str": ""
    },
    {
      "type": "delete-node",
      "node": {
        "label": "",
        "type": "ExpressionStatement"
      },
      "location-before-char-start": 81755,
      "location-before-char-end": 81770,
      "node-str": ""
    },
    {
      "type": "delete-node",
      "node": {
        "label": "item",
        "type": "SimpleName"
      },
      "location-before-char-start": 81791,
      "location-before-char-end": 81795,
      "node-str": "item"
    },
    {
      "type": "delete-node",
      "node": {
        "label": "",
        "type": "METHOD_INVOCATION_RECEIVER"
      },
      "location-before-char-start": 81791,
      "location-before-char-end": 81795,
      "node-str": ""
    },
    {
      "type": "delete-node",
      "node": {
        "label": "add",
        "type": "SimpleName"
      },
      "location-before-char-start": 81796,
      "location-before-char-end": 81799,
      "node-str": "add"
    },
    {
      "type": "delete-node",
      "node": {
        "label": "su",
        "type": "SimpleName"
      },
      "location-before-char-start": 81800,
      "location-before-char-end": 81802,
      "node-str": "su"
    },
    {
      "type": "delete-node",
      "node": {
        "label": "",
        "type": "METHOD_INVOCATION_ARGUMENTS"
      },
      "location-before-char-start": 81800,
      "location-before-char-end": 81802,
      "node-str": ""
    },
    {
      "type": "delete-node",
      "node": {
        "label": "",
        "type": "MethodInvocation"
      },
      "location-before-char-start": 81791,
      "location-before-char-end": 81803,
      "node-str": ""
    },
    {
      "type": "delete-node",
      "node": {
        "label": "",
        "type": "ExpressionStatement"
      },
      "location-before-char-start": 81791,
      "location-before-char-end": 81804,
      "node-str": ""
    },
    {
      "type": "delete-node",
      "node": {
        "label": "users",
        "type": "SimpleName"
      },
      "location-before-char-start": 81825,
      "location-before-char-end": 81830,
      "node-str": "users"
    },
    {
      "type": "delete-node",
      "node": {
        "label": "",
        "type": "METHOD_INVOCATION_RECEIVER"
      },
      "location-before-char-start": 81825,
      "location-before-char-end": 81830,
      "node-str": ""
    },
    {
      "type": "delete-node",
      "node": {
        "label": "add",
        "type": "SimpleName"
      },
      "location-before-char-start": 81831,
      "location-before-char-end": 81834,
      "node-str": "add"
    },
    {
      "type": "delete-node",
      "node": {
        "label": "item",
        "type": "SimpleName"
      },
      "location-before-char-start": 81835,
      "location-before-char-end": 81839,
      "node-str": "item"
    },
    {
      "type": "delete-node",
      "node": {
        "label": "",
        "type": "METHOD_INVOCATION_ARGUMENTS"
      },
      "location-before-char-start": 81835,
      "location-before-char-end": 81839,
      "node-str": ""
    },
    {
      "type": "delete-node",
      "node": {
        "label": "",
        "type": "MethodInvocation"
      },
      "location-before-char-start": 81825,
      "location-before-char-end": 81840,
      "node-str": ""
    },
    {
      "type": "delete-node",
      "node": {
        "label": "",
        "type": "ExpressionStatement"
      },
      "location-before-char-start": 81825,
      "location-before-char-end": 81841,
      "node-str": ""
    },
    {
      "type": "delete-node",
      "node": {
        "label": "",
        "type": "Block"
      },
      "location-before-char-start": 81475,
      "location-before-char-end": 81859,
      "node-str": ""
    },
    {
      "type": "delete-node",
      "node": {
        "label": "",
        "type": "ForStatement"
      },
      "location-before-char-start": 81417,
      "location-before-char-end": 81859,
      "node-str": ""
    },
    {
      "type": "delete-node",
      "node": {
        "label": "",
        "type": "Block"
      },
      "location-before-char-start": 81061,
      "location-before-char-end": 81873,
      "node-str": ""
    },
    {
      "type": "delete-node",
      "node": {
        "label": "",
        "type": "IfStatement"
      },
      "location-before-char-start": 81017,
      "location-before-char-end": 81873,
      "node-str": ""
    },
    {
      "type": "delete-node",
      "node": {
        "label": "",
        "type": "Block"
      },
      "location-before-char-start": 80404,
      "location-before-char-end": 81947,
      "node-str": ""
    },
    {
      "type": "delete-node",
      "node": {
        "label": "",
        "type": "IfStatement"
      },
      "location-before-char-start": 80376,
      "location-before-char-end": 82012,
      "node-str": ""
    },
    {
      "type": "delete-node",
      "node": {
        "label": "users",
        "type": "SimpleName"
      },
      "location-before-char-start": 82028,
      "location-before-char-end": 82033,
      "node-str": "users"
    },
    {
      "type": "delete-node",
      "node": {
        "label": "",
        "type": "ReturnStatement"
      },
      "location-before-char-start": 82021,
      "location-before-char-end": 82034,
      "node-str": ""
    }
  ],
  "before-file": {},
  "after-file": {},
  "mapping": {}
}