{
  "tool-info": {},
  "diff": [
    {
      "type": "insert-node",
      "node": {
        "label": "public",
        "type": "Modifier"
      },
      "location-after-char-start": 0,
      "location-after-char-end": 0,
      "node-str": "public"
    },
    {
      "type": "insert-node",
      "node": {
        "label": "view",
        "type": "Field"
      },
      "location-after-char-start": 626,
      "location-after-char-end": 642,
      "node-str": "view"
    },
    {
      "type": "insert-node",
      "node": {
        "label": "model",
        "type": "Field"
      },
      "location-after-char-start": 645,
      "location-after-char-end": 664,
      "node-str": "model"
    },
    {
      "type": "insert-node",
      "node": {
        "label": "composerInterface",
        "type": "Field"
      },
      "location-after-char-start": 667,
      "location-after-char-end": 702,
      "node-str": "composerInterface"
    },
    {
      "type": "insert-node",
      "node": {
        "label": "signMenuItem",
        "type": "Field"
      },
      "location-after-char-start": 706,
      "location-after-char-end": 736,
      "node-str": "signMenuItem"
    },
    {
      "type": "insert-node",
      "node": {
        "label": "encryptMenuItem",
        "type": "Field"
      },
      "location-after-char-start": 739,
      "location-after-char-end": 772,
      "node-str": "encryptMenuItem"
    },
    {
      "type": "insert-node",
      "node": {
        "label": "setSecurityMenuItems",
        "type": "Method"
      },
      "location-after-char-start": 1229,
      "location-after-char-end": 1734,
      "node-str": "setSecurityMenuItems"
    },
    {
      "type": "insert-node",
      "node": {
        "label": "itemStateChanged",
        "type": "Method"
      },
      "location-after-char-start": 1738,
      "location-after-char-end": 2244,
      "node-str": "itemStateChanged"
    },
    {
      "type": "insert-node",
      "node": {
        "label": "org.columba.mail.gui.composer.AccountView",
        "type": "VARIABLE_TYPE"
      },
      "location-after-char-start": 0,
      "location-after-char-end": 0,
      "node-str": "org.columba.mail.gui.composer.AccountView"
    },
    {
      "type": "insert-node",
      "node": {
        "label": "org.columba.mail.gui.composer.ComposerModel",
        "type": "VARIABLE_TYPE"
      },
      "location-after-char-start": 0,
      "location-after-char-end": 0,
      "node-str": "org.columba.mail.gui.composer.ComposerModel"
    },
    {
      "type": "insert-node",
      "node": {
        "label": "org.columba.mail.gui.composer.ComposerInterface",
        "type": "VARIABLE_TYPE"
      },
      "location-after-char-start": 0,
      "location-after-char-end": 0,
      "node-str": "org.columba.mail.gui.composer.ComposerInterface"
    },
    {
      "type": "insert-node",
      "node": {
        "label": "javax.swing.JCheckBoxMenuItem",
        "type": "VARIABLE_TYPE"
      },
      "location-after-char-start": 0,
      "location-after-char-end": 0,
      "node-str": "javax.swing.JCheckBoxMenuItem"
    },
    {
      "type": "insert-node",
      "node": {
        "label": "javax.swing.JCheckBoxMenuItem",
        "type": "VARIABLE_TYPE"
      },
      "location-after-char-start": 0,
      "location-after-char-end": 0,
      "node-str": "javax.swing.JCheckBoxMenuItem"
    },
    {
      "type": "insert-node",
      "node": {
        "label": "void",
        "type": "RETURN_TYPE"
      },
      "location-after-char-start": 0,
      "location-after-char-end": 0,
      "node-str": "void"
    },
    {
      "type": "insert-node",
      "node": {
        "label": "public",
        "type": "Modifier"
      },
      "location-after-char-start": 0,
      "location-after-char-end": 0,
      "node-str": "public"
    },
    {
      "type": "insert-node",
      "node": {
        "label": "signItem",
        "type": "Parameter"
      },
      "location-after-char-start": 1265,
      "location-after-char-end": 1290,
      "node-str": "signItem"
    },
    {
      "type": "insert-node",
      "node": {
        "label": "encryptItem",
        "type": "Parameter"
      },
      "location-after-char-start": 1295,
      "location-after-char-end": 1323,
      "node-str": "encryptItem"
    },
    {
      "type": "insert-node",
      "node": {
        "label": "\u003d",
        "type": "Assignment"
      },
      "location-after-char-start": 1330,
      "location-after-char-end": 1353,
      "node-str": "\u003d"
    },
    {
      "type": "insert-node",
      "node": {
        "label": "\u003d",
        "type": "Assignment"
      },
      "location-after-char-start": 1357,
      "location-after-char-end": 1386,
      "node-str": "\u003d"
    },
    {
      "type": "insert-node",
      "node": {
        "label": "item",
        "type": "LocalVariable"
      },
      "location-after-char-start": 1391,
      "location-after-char-end": 1446,
      "node-str": "item"
    },
    {
      "type": "insert-node",
      "node": {
        "label": "pgpItem",
        "type": "LocalVariable"
      },
      "location-after-char-start": 1451,
      "location-after-char-end": 1486,
      "node-str": "pgpItem"
    },
    {
      "type": "insert-node",
      "node": {
        "label": "if",
        "type": "If"
      },
      "location-after-char-start": 1490,
      "location-after-char-end": 1731,
      "node-str": "if"
    },
    {
      "type": "insert-node",
      "node": {
        "label": "void",
        "type": "RETURN_TYPE"
      },
      "location-after-char-start": 0,
      "location-after-char-end": 0,
      "node-str": "void"
    },
    {
      "type": "insert-node",
      "node": {
        "label": "public",
        "type": "Modifier"
      },
      "location-after-char-start": 0,
      "location-after-char-end": 0,
      "node-str": "public"
    },
    {
      "type": "insert-node",
      "node": {
        "label": "e",
        "type": "Parameter"
      },
      "location-after-char-start": 1767,
      "location-after-char-end": 1777,
      "node-str": "e"
    },
    {
      "type": "insert-node",
      "node": {
        "label": "if",
        "type": "If"
      },
      "location-after-char-start": 1784,
      "location-after-char-end": 2241,
      "node-str": "if"
    },
    {
      "type": "insert-node",
      "node": {
        "label": "javax.swing.JCheckBoxMenuItem",
        "type": "VARIABLE_TYPE"
      },
      "location-after-char-start": 0,
      "location-after-char-end": 0,
      "node-str": "javax.swing.JCheckBoxMenuItem"
    },
    {
      "type": "insert-node",
      "node": {
        "label": "javax.swing.JCheckBoxMenuItem",
        "type": "VARIABLE_TYPE"
      },
      "location-after-char-start": 0,
      "location-after-char-end": 0,
      "node-str": "javax.swing.JCheckBoxMenuItem"
    },
    {
      "type": "insert-node",
      "node": {
        "label": "signMenuItem",
        "type": "FieldWrite"
      },
      "location-after-char-start": 1330,
      "location-after-char-end": 1341,
      "node-str": "signMenuItem"
    },
    {
      "type": "insert-node",
      "node": {
        "label": "signItem",
        "type": "VariableRead"
      },
      "location-after-char-start": 1345,
      "location-after-char-end": 1352,
      "node-str": "signItem"
    },
    {
      "type": "insert-node",
      "node": {
        "label": "encryptMenuItem",
        "type": "FieldWrite"
      },
      "location-after-char-start": 1357,
      "location-after-char-end": 1371,
      "node-str": "encryptMenuItem"
    },
    {
      "type": "insert-node",
      "node": {
        "label": "encryptItem",
        "type": "VariableRead"
      },
      "location-after-char-start": 1375,
      "location-after-char-end": 1385,
      "node-str": "encryptItem"
    },
    {
      "type": "insert-node",
      "node": {
        "label": "org.columba.mail.config.AccountItem",
        "type": "VARIABLE_TYPE"
      },
      "location-after-char-start": 0,
      "location-after-char-end": 0,
      "node-str": "org.columba.mail.config.AccountItem"
    },
    {
      "type": "insert-node",
      "node": {
        "label": "getSelectedItem",
        "type": "Invocation"
      },
      "location-after-char-start": 1410,
      "location-after-char-end": 1445,
      "node-str": "getSelectedItem"
    },
    {
      "type": "insert-node",
      "node": {
        "label": "org.columba.mail.config.PGPItem",
        "type": "VARIABLE_TYPE"
      },
      "location-after-char-start": 0,
      "location-after-char-end": 0,
      "node-str": "org.columba.mail.config.PGPItem"
    },
    {
      "type": "insert-node",
      "node": {
        "label": "getPGPItem",
        "type": "Invocation"
      },
      "location-after-char-start": 1469,
      "location-after-char-end": 1485,
      "node-str": "getPGPItem"
    },
    {
      "type": "insert-node",
      "node": {
        "label": "getBoolean",
        "type": "Invocation"
      },
      "location-after-char-start": 1494,
      "location-after-char-end": 1522,
      "node-str": "getBoolean"
    },
    {
      "type": "insert-node",
      "node": {
        "label": "THEN",
        "type": "then"
      },
      "location-after-char-start": 1526,
      "location-after-char-end": 1731,
      "node-str": "THEN"
    },
    {
      "type": "insert-node",
      "node": {
        "label": "java.awt.event.ItemEvent",
        "type": "VARIABLE_TYPE"
      },
      "location-after-char-start": 0,
      "location-after-char-end": 0,
      "node-str": "java.awt.event.ItemEvent"
    },
    {
      "type": "insert-node",
      "node": {
        "label": "EQ",
        "type": "BinaryOperator"
      },
      "location-after-char-start": 1788,
      "location-after-char-end": 1827,
      "node-str": "EQ"
    },
    {
      "type": "insert-node",
      "node": {
        "label": "THEN",
        "type": "then"
      },
      "location-after-char-start": 1830,
      "location-after-char-end": 2241,
      "node-str": "THEN"
    },
    {
      "type": "insert-node",
      "node": {
        "label": "org.columba.mail.gui.composer.AccountController",
        "type": "TypeAccess"
      },
      "location-after-char-start": 0,
      "location-after-char-end": 0,
      "node-str": "org.columba.mail.gui.composer.AccountController"
    },
    {
      "type": "insert-node",
      "node": {
        "label": "org.columba.mail.gui.composer.AccountController",
        "type": "TypeAccess"
      },
      "location-after-char-start": 0,
      "location-after-char-end": 0,
      "node-str": "org.columba.mail.gui.composer.AccountController"
    },
    {
      "type": "insert-node",
      "node": {
        "label": "view",
        "type": "FieldRead"
      },
      "location-after-char-start": 1424,
      "location-after-char-end": 1427,
      "node-str": "view"
    },
    {
      "type": "insert-node",
      "node": {
        "label": "item",
        "type": "VariableRead"
      },
      "location-after-char-start": 1469,
      "location-after-char-end": 1472,
      "node-str": "item"
    },
    {
      "type": "insert-node",
      "node": {
        "label": "pgpItem",
        "type": "VariableRead"
      },
      "location-after-char-start": 1494,
      "location-after-char-end": 1500,
      "node-str": "pgpItem"
    },
    {
      "type": "insert-node",
      "node": {
        "label": "\"enabled\"",
        "type": "Literal"
      },
      "location-after-char-start": 1513,
      "location-after-char-end": 1521,
      "node-str": "\"enabled\""
    },
    {
      "type": "insert-node",
      "node": {
        "label": "setEnabled",
        "type": "Invocation"
      },
      "location-after-char-start": 1531,
      "location-after-char-end": 1560,
      "node-str": "setEnabled"
    },
    {
      "type": "insert-node",
      "node": {
        "label": "setEnabled",
        "type": "Invocation"
      },
      "location-after-char-start": 1565,
      "location-after-char-end": 1597,
      "node-str": "setEnabled"
    },
    {
      "type": "insert-node",
      "node": {
        "label": "setSignMessage",
        "type": "Invocation"
      },
      "location-after-char-start": 1606,
      "location-after-char-end": 1661,
      "node-str": "setSignMessage"
    },
    {
      "type": "insert-node",
      "node": {
        "label": "setEncryptMessage",
        "type": "Invocation"
      },
      "location-after-char-start": 1666,
      "location-after-char-end": 1727,
      "node-str": "setEncryptMessage"
    },
    {
      "type": "insert-node",
      "node": {
        "label": "getStateChange",
        "type": "Invocation"
      },
      "location-after-char-start": 1788,
      "location-after-char-end": 1805,
      "node-str": "getStateChange"
    },
    {
      "type": "insert-node",
      "node": {
        "label": "SELECTED",
        "type": "FieldRead"
      },
      "location-after-char-start": 1810,
      "location-after-char-end": 1827,
      "node-str": "SELECTED"
    },
    {
      "type": "insert-node",
      "node": {
        "label": "item",
        "type": "LocalVariable"
      },
      "location-after-char-start": 1835,
      "location-after-char-end": 1890,
      "node-str": "item"
    },
    {
      "type": "insert-node",
      "node": {
        "label": "set",
        "type": "Invocation"
      },
      "location-after-char-start": 1895,
      "location-after-char-end": 1940,
      "node-str": "set"
    },
    {
      "type": "insert-node",
      "node": {
        "label": "pgpItem",
        "type": "LocalVariable"
      },
      "location-after-char-start": 1946,
      "location-after-char-end": 1981,
      "node-str": "pgpItem"
    },
    {
      "type": "insert-node",
      "node": {
        "label": "setEnabled",
        "type": "Invocation"
      },
      "location-after-char-start": 1986,
      "location-after-char-end": 2040,
      "node-str": "setEnabled"
    },
    {
      "type": "insert-node",
      "node": {
        "label": "setSelected",
        "type": "Invocation"
      },
      "location-after-char-start": 2045,
      "location-after-char-end": 2104,
      "node-str": "setSelected"
    },
    {
      "type": "insert-node",
      "node": {
        "label": "setEnabled",
        "type": "Invocation"
      },
      "location-after-char-start": 2110,
      "location-after-char-end": 2167,
      "node-str": "setEnabled"
    },
    {
      "type": "insert-node",
      "node": {
        "label": "setSelected",
        "type": "Invocation"
      },
      "location-after-char-start": 2172,
      "location-after-char-end": 2237,
      "node-str": "setSelected"
    },
    {
      "type": "insert-node",
      "node": {
        "label": "org.columba.mail.gui.composer.AccountController",
        "type": "TypeAccess"
      },
      "location-after-char-start": 0,
      "location-after-char-end": 0,
      "node-str": "org.columba.mail.gui.composer.AccountController"
    },
    {
      "type": "insert-node",
      "node": {
        "label": "signMenuItem",
        "type": "FieldRead"
      },
      "location-after-char-start": 1531,
      "location-after-char-end": 1542,
      "node-str": "signMenuItem"
    },
    {
      "type": "insert-node",
      "node": {
        "label": "true",
        "type": "Literal"
      },
      "location-after-char-start": 1555,
      "location-after-char-end": 1558,
      "node-str": "true"
    },
    {
      "type": "insert-node",
      "node": {
        "label": "encryptMenuItem",
        "type": "FieldRead"
      },
      "location-after-char-start": 1565,
      "location-after-char-end": 1579,
      "node-str": "encryptMenuItem"
    },
    {
      "type": "insert-node",
      "node": {
        "label": "true",
        "type": "Literal"
      },
      "location-after-char-start": 1592,
      "location-after-char-end": 1595,
      "node-str": "true"
    },
    {
      "type": "insert-node",
      "node": {
        "label": "model",
        "type": "FieldRead"
      },
      "location-after-char-start": 1606,
      "location-after-char-end": 1610,
      "node-str": "model"
    },
    {
      "type": "insert-node",
      "node": {
        "label": "getBoolean",
        "type": "Invocation"
      },
      "location-after-char-start": 1627,
      "location-after-char-end": 1659,
      "node-str": "getBoolean"
    },
    {
      "type": "insert-node",
      "node": {
        "label": "model",
        "type": "FieldRead"
      },
      "location-after-char-start": 1666,
      "location-after-char-end": 1670,
      "node-str": "model"
    },
    {
      "type": "insert-node",
      "node": {
        "label": "getBoolean",
        "type": "Invocation"
      },
      "location-after-char-start": 1690,
      "location-after-char-end": 1725,
      "node-str": "getBoolean"
    },
    {
      "type": "insert-node",
      "node": {
        "label": "e",
        "type": "VariableRead"
      },
      "location-after-char-start": 1788,
      "location-after-char-end": 1788,
      "node-str": "e"
    },
    {
      "type": "insert-node",
      "node": {
        "label": "java.awt.event.ItemEvent",
        "type": "TypeAccess"
      },
      "location-after-char-start": 1810,
      "location-after-char-end": 1818,
      "node-str": "java.awt.event.ItemEvent"
    },
    {
      "type": "insert-node",
      "node": {
        "label": "org.columba.mail.config.AccountItem",
        "type": "VARIABLE_TYPE"
      },
      "location-after-char-start": 0,
      "location-after-char-end": 0,
      "node-str": "org.columba.mail.config.AccountItem"
    },
    {
      "type": "insert-node",
      "node": {
        "label": "getSelectedItem",
        "type": "Invocation"
      },
      "location-after-char-start": 1854,
      "location-after-char-end": 1889,
      "node-str": "getSelectedItem"
    },
    {
      "type": "insert-node",
      "node": {
        "label": "identityInfoPanel",
        "type": "FieldRead"
      },
      "location-after-char-start": 1895,
      "location-after-char-end": 1929,
      "node-str": "identityInfoPanel"
    },
    {
      "type": "insert-node",
      "node": {
        "label": "item",
        "type": "VariableRead"
      },
      "location-after-char-start": 1935,
      "location-after-char-end": 1938,
      "node-str": "item"
    },
    {
      "type": "insert-node",
      "node": {
        "label": "org.columba.mail.config.PGPItem",
        "type": "VARIABLE_TYPE"
      },
      "location-after-char-start": 0,
      "location-after-char-end": 0,
      "node-str": "org.columba.mail.config.PGPItem"
    },
    {
      "type": "insert-node",
      "node": {
        "label": "getPGPItem",
        "type": "Invocation"
      },
      "location-after-char-start": 1964,
      "location-after-char-end": 1980,
      "node-str": "getPGPItem"
    },
    {
      "type": "insert-node",
      "node": {
        "label": "signMenuItem",
        "type": "FieldRead"
      },
      "location-after-char-start": 1986,
      "location-after-char-end": 1997,
      "node-str": "signMenuItem"
    },
    {
      "type": "insert-node",
      "node": {
        "label": "getBoolean",
        "type": "Invocation"
      },
      "location-after-char-start": 2010,
      "location-after-char-end": 2038,
      "node-str": "getBoolean"
    },
    {
      "type": "insert-node",
      "node": {
        "label": "signMenuItem",
        "type": "FieldRead"
      },
      "location-after-char-start": 2045,
      "location-after-char-end": 2056,
      "node-str": "signMenuItem"
    },
    {
      "type": "insert-node",
      "node": {
        "label": "getBoolean",
        "type": "Invocation"
      },
      "location-after-char-start": 2070,
      "location-after-char-end": 2102,
      "node-str": "getBoolean"
    },
    {
      "type": "insert-node",
      "node": {
        "label": "encryptMenuItem",
        "type": "FieldRead"
      },
      "location-after-char-start": 2110,
      "location-after-char-end": 2124,
      "node-str": "encryptMenuItem"
    },
    {
      "type": "insert-node",
      "node": {
        "label": "getBoolean",
        "type": "Invocation"
      },
      "location-after-char-start": 2137,
      "location-after-char-end": 2165,
      "node-str": "getBoolean"
    },
    {
      "type": "insert-node",
      "node": {
        "label": "encryptMenuItem",
        "type": "FieldRead"
      },
      "location-after-char-start": 2172,
      "location-after-char-end": 2186,
      "node-str": "encryptMenuItem"
    },
    {
      "type": "insert-node",
      "node": {
        "label": "getBoolean",
        "type": "Invocation"
      },
      "location-after-char-start": 2200,
      "location-after-char-end": 2235,
      "node-str": "getBoolean"
    },
    {
      "type": "insert-node",
      "node": {
        "label": "org.columba.mail.gui.composer.AccountController",
        "type": "TypeAccess"
      },
      "location-after-char-start": 0,
      "location-after-char-end": 0,
      "node-str": "org.columba.mail.gui.composer.AccountController"
    },
    {
      "type": "insert-node",
      "node": {
        "label": "org.columba.mail.gui.composer.AccountController",
        "type": "TypeAccess"
      },
      "location-after-char-start": 0,
      "location-after-char-end": 0,
      "node-str": "org.columba.mail.gui.composer.AccountController"
    },
    {
      "type": "insert-node",
      "node": {
        "label": "org.columba.mail.gui.composer.AccountController",
        "type": "TypeAccess"
      },
      "location-after-char-start": 0,
      "location-after-char-end": 0,
      "node-str": "org.columba.mail.gui.composer.AccountController"
    },
    {
      "type": "insert-node",
      "node": {
        "label": "pgpItem",
        "type": "VariableRead"
      },
      "location-after-char-start": 1627,
      "location-after-char-end": 1633,
      "node-str": "pgpItem"
    },
    {
      "type": "insert-node",
      "node": {
        "label": "\"always_sign\"",
        "type": "Literal"
      },
      "location-after-char-start": 1646,
      "location-after-char-end": 1658,
      "node-str": "\"always_sign\""
    },
    {
      "type": "insert-node",
      "node": {
        "label": "org.columba.mail.gui.composer.AccountController",
        "type": "TypeAccess"
      },
      "location-after-char-start": 0,
      "location-after-char-end": 0,
      "node-str": "org.columba.mail.gui.composer.AccountController"
    },
    {
      "type": "insert-node",
      "node": {
        "label": "pgpItem",
        "type": "VariableRead"
      },
      "location-after-char-start": 1690,
      "location-after-char-end": 1696,
      "node-str": "pgpItem"
    },
    {
      "type": "insert-node",
      "node": {
        "label": "\"always_encrypt\"",
        "type": "Literal"
      },
      "location-after-char-start": 1709,
      "location-after-char-end": 1724,
      "node-str": "\"always_encrypt\""
    },
    {
      "type": "insert-node",
      "node": {
        "label": "view",
        "type": "FieldRead"
      },
      "location-after-char-start": 1868,
      "location-after-char-end": 1871,
      "node-str": "view"
    },
    {
      "type": "insert-node",
      "node": {
        "label": "composerInterface",
        "type": "FieldRead"
      },
      "location-after-char-start": 1895,
      "location-after-char-end": 1911,
      "node-str": "composerInterface"
    },
    {
      "type": "insert-node",
      "node": {
        "label": "item",
        "type": "VariableRead"
      },
      "location-after-char-start": 1964,
      "location-after-char-end": 1967,
      "node-str": "item"
    },
    {
      "type": "insert-node",
      "node": {
        "label": "org.columba.mail.gui.composer.AccountController",
        "type": "TypeAccess"
      },
      "location-after-char-start": 0,
      "location-after-char-end": 0,
      "node-str": "org.columba.mail.gui.composer.AccountController"
    },
    {
      "type": "insert-node",
      "node": {
        "label": "pgpItem",
        "type": "VariableRead"
      },
      "location-after-char-start": 2010,
      "location-after-char-end": 2016,
      "node-str": "pgpItem"
    },
    {
      "type": "insert-node",
      "node": {
        "label": "\"enabled\"",
        "type": "Literal"
      },
      "location-after-char-start": 2029,
      "location-after-char-end": 2037,
      "node-str": "\"enabled\""
    },
    {
      "type": "insert-node",
      "node": {
        "label": "org.columba.mail.gui.composer.AccountController",
        "type": "TypeAccess"
      },
      "location-after-char-start": 0,
      "location-after-char-end": 0,
      "node-str": "org.columba.mail.gui.composer.AccountController"
    },
    {
      "type": "insert-node",
      "node": {
        "label": "pgpItem",
        "type": "VariableRead"
      },
      "location-after-char-start": 2070,
      "location-after-char-end": 2076,
      "node-str": "pgpItem"
    },
    {
      "type": "insert-node",
      "node": {
        "label": "\"always_sign\"",
        "type": "Literal"
      },
      "location-after-char-start": 2089,
      "location-after-char-end": 2101,
      "node-str": "\"always_sign\""
    },
    {
      "type": "insert-node",
      "node": {
        "label": "org.columba.mail.gui.composer.AccountController",
        "type": "TypeAccess"
      },
      "location-after-char-start": 0,
      "location-after-char-end": 0,
      "node-str": "org.columba.mail.gui.composer.AccountController"
    },
    {
      "type": "insert-node",
      "node": {
        "label": "pgpItem",
        "type": "VariableRead"
      },
      "location-after-char-start": 2137,
      "location-after-char-end": 2143,
      "node-str": "pgpItem"
    },
    {
      "type": "insert-node",
      "node": {
        "label": "\"enabled\"",
        "type": "Literal"
      },
      "location-after-char-start": 2156,
      "location-after-char-end": 2164,
      "node-str": "\"enabled\""
    },
    {
      "type": "insert-node",
      "node": {
        "label": "org.columba.mail.gui.composer.AccountController",
        "type": "TypeAccess"
      },
      "location-after-char-start": 0,
      "location-after-char-end": 0,
      "node-str": "org.columba.mail.gui.composer.AccountController"
    },
    {
      "type": "insert-node",
      "node": {
        "label": "pgpItem",
        "type": "VariableRead"
      },
      "location-after-char-start": 2200,
      "location-after-char-end": 2206,
      "node-str": "pgpItem"
    },
    {
      "type": "insert-node",
      "node": {
        "label": "\"always_encrypt\"",
        "type": "Literal"
      },
      "location-after-char-start": 2219,
      "location-after-char-end": 2234,
      "node-str": "\"always_encrypt\""
    },
    {
      "type": "insert-node",
      "node": {
        "label": "org.columba.mail.gui.composer.AccountController",
        "type": "TypeAccess"
      },
      "location-after-char-start": 0,
      "location-after-char-end": 0,
      "node-str": "org.columba.mail.gui.composer.AccountController"
    },
    {
      "type": "insert-node",
      "node": {
        "label": "org.columba.mail.gui.composer.AccountController",
        "type": "TypeAccess"
      },
      "location-after-char-start": 0,
      "location-after-char-end": 0,
      "node-str": "org.columba.mail.gui.composer.AccountController"
    },
    {
      "type": "delete-node",
      "node": {
        "label": "public",
        "type": "Modifier"
      },
      "location-before-char-start": 0,
      "location-before-char-end": 0,
      "node-str": "public"
    },
    {
      "type": "delete-node",
      "node": {
        "label": "org.columba.mail.gui.composer.AccountView",
        "type": "VARIABLE_TYPE"
      },
      "location-before-char-start": 0,
      "location-before-char-end": 0,
      "node-str": "org.columba.mail.gui.composer.AccountView"
    },
    {
      "type": "delete-node",
      "node": {
        "label": "view",
        "type": "Field"
      },
      "location-before-char-start": 626,
      "location-before-char-end": 642,
      "node-str": "view"
    },
    {
      "type": "delete-node",
      "node": {
        "label": "org.columba.mail.gui.composer.ComposerModel",
        "type": "VARIABLE_TYPE"
      },
      "location-before-char-start": 0,
      "location-before-char-end": 0,
      "node-str": "org.columba.mail.gui.composer.ComposerModel"
    },
    {
      "type": "delete-node",
      "node": {
        "label": "model",
        "type": "Field"
      },
      "location-before-char-start": 645,
      "location-before-char-end": 664,
      "node-str": "model"
    },
    {
      "type": "delete-node",
      "node": {
        "label": "org.columba.mail.gui.composer.ComposerInterface",
        "type": "VARIABLE_TYPE"
      },
      "location-before-char-start": 0,
      "location-before-char-end": 0,
      "node-str": "org.columba.mail.gui.composer.ComposerInterface"
    },
    {
      "type": "delete-node",
      "node": {
        "label": "composerInterface",
        "type": "Field"
      },
      "location-before-char-start": 667,
      "location-before-char-end": 702,
      "node-str": "composerInterface"
    },
    {
      "type": "delete-node",
      "node": {
        "label": "javax.swing.JCheckBoxMenuItem",
        "type": "VARIABLE_TYPE"
      },
      "location-before-char-start": 0,
      "location-before-char-end": 0,
      "node-str": "javax.swing.JCheckBoxMenuItem"
    },
    {
      "type": "delete-node",
      "node": {
        "label": "signMenuItem",
        "type": "Field"
      },
      "location-before-char-start": 706,
      "location-before-char-end": 736,
      "node-str": "signMenuItem"
    },
    {
      "type": "delete-node",
      "node": {
        "label": "javax.swing.JCheckBoxMenuItem",
        "type": "VARIABLE_TYPE"
      },
      "location-before-char-start": 0,
      "location-before-char-end": 0,
      "node-str": "javax.swing.JCheckBoxMenuItem"
    },
    {
      "type": "delete-node",
      "node": {
        "label": "encryptMenuItem",
        "type": "Field"
      },
      "location-before-char-start": 739,
      "location-before-char-end": 772,
      "node-str": "encryptMenuItem"
    },
    {
      "type": "delete-node",
      "node": {
        "label": "void",
        "type": "RETURN_TYPE"
      },
      "location-before-char-start": 0,
      "location-before-char-end": 0,
      "node-str": "void"
    },
    {
      "type": "delete-node",
      "node": {
        "label": "public",
        "type": "Modifier"
      },
      "location-before-char-start": 0,
      "location-before-char-end": 0,
      "node-str": "public"
    },
    {
      "type": "delete-node",
      "node": {
        "label": "javax.swing.JCheckBoxMenuItem",
        "type": "VARIABLE_TYPE"
      },
      "location-before-char-start": 0,
      "location-before-char-end": 0,
      "node-str": "javax.swing.JCheckBoxMenuItem"
    },
    {
      "type": "delete-node",
      "node": {
        "label": "signItem",
        "type": "Parameter"
      },
      "location-before-char-start": 1265,
      "location-before-char-end": 1290,
      "node-str": "signItem"
    },
    {
      "type": "delete-node",
      "node": {
        "label": "javax.swing.JCheckBoxMenuItem",
        "type": "VARIABLE_TYPE"
      },
      "location-before-char-start": 0,
      "location-before-char-end": 0,
      "node-str": "javax.swing.JCheckBoxMenuItem"
    },
    {
      "type": "delete-node",
      "node": {
        "label": "encryptItem",
        "type": "Parameter"
      },
      "location-before-char-start": 1295,
      "location-before-char-end": 1323,
      "node-str": "encryptItem"
    },
    {
      "type": "delete-node",
      "node": {
        "label": "org.columba.mail.gui.composer.AccountController",
        "type": "TypeAccess"
      },
      "location-before-char-start": 0,
      "location-before-char-end": 0,
      "node-str": "org.columba.mail.gui.composer.AccountController"
    },
    {
      "type": "delete-node",
      "node": {
        "label": "signMenuItem",
        "type": "FieldWrite"
      },
      "location-before-char-start": 1330,
      "location-before-char-end": 1341,
      "node-str": "signMenuItem"
    },
    {
      "type": "delete-node",
      "node": {
        "label": "signItem",
        "type": "VariableRead"
      },
      "location-before-char-start": 1345,
      "location-before-char-end": 1352,
      "node-str": "signItem"
    },
    {
      "type": "delete-node",
      "node": {
        "label": "\u003d",
        "type": "Assignment"
      },
      "location-before-char-start": 1330,
      "location-before-char-end": 1353,
      "node-str": "\u003d"
    },
    {
      "type": "delete-node",
      "node": {
        "label": "org.columba.mail.gui.composer.AccountController",
        "type": "TypeAccess"
      },
      "location-before-char-start": 0,
      "location-before-char-end": 0,
      "node-str": "org.columba.mail.gui.composer.AccountController"
    },
    {
      "type": "delete-node",
      "node": {
        "label": "encryptMenuItem",
        "type": "FieldWrite"
      },
      "location-before-char-start": 1357,
      "location-before-char-end": 1371,
      "node-str": "encryptMenuItem"
    },
    {
      "type": "delete-node",
      "node": {
        "label": "encryptItem",
        "type": "VariableRead"
      },
      "location-before-char-start": 1375,
      "location-before-char-end": 1385,
      "node-str": "encryptItem"
    },
    {
      "type": "delete-node",
      "node": {
        "label": "\u003d",
        "type": "Assignment"
      },
      "location-before-char-start": 1357,
      "location-before-char-end": 1386,
      "node-str": "\u003d"
    },
    {
      "type": "delete-node",
      "node": {
        "label": "org.columba.mail.config.AccountItem",
        "type": "VARIABLE_TYPE"
      },
      "location-before-char-start": 0,
      "location-before-char-end": 0,
      "node-str": "org.columba.mail.config.AccountItem"
    },
    {
      "type": "delete-node",
      "node": {
        "label": "org.columba.mail.gui.composer.AccountController",
        "type": "TypeAccess"
      },
      "location-before-char-start": 0,
      "location-before-char-end": 0,
      "node-str": "org.columba.mail.gui.composer.AccountController"
    },
    {
      "type": "delete-node",
      "node": {
        "label": "view",
        "type": "FieldRead"
      },
      "location-before-char-start": 1424,
      "location-before-char-end": 1427,
      "node-str": "view"
    },
    {
      "type": "delete-node",
      "node": {
        "label": "getSelectedItem",
        "type": "Invocation"
      },
      "location-before-char-start": 1410,
      "location-before-char-end": 1445,
      "node-str": "getSelectedItem"
    },
    {
      "type": "delete-node",
      "node": {
        "label": "item",
        "type": "LocalVariable"
      },
      "location-before-char-start": 1391,
      "location-before-char-end": 1446,
      "node-str": "item"
    },
    {
      "type": "delete-node",
      "node": {
        "label": "org.columba.mail.config.PGPItem",
        "type": "VARIABLE_TYPE"
      },
      "location-before-char-start": 0,
      "location-before-char-end": 0,
      "node-str": "org.columba.mail.config.PGPItem"
    },
    {
      "type": "delete-node",
      "node": {
        "label": "item",
        "type": "VariableRead"
      },
      "location-before-char-start": 1469,
      "location-before-char-end": 1472,
      "node-str": "item"
    },
    {
      "type": "delete-node",
      "node": {
        "label": "getPGPItem",
        "type": "Invocation"
      },
      "location-before-char-start": 1469,
      "location-before-char-end": 1485,
      "node-str": "getPGPItem"
    },
    {
      "type": "delete-node",
      "node": {
        "label": "pgpItem",
        "type": "LocalVariable"
      },
      "location-before-char-start": 1451,
      "location-before-char-end": 1486,
      "node-str": "pgpItem"
    },
    {
      "type": "delete-node",
      "node": {
        "label": "pgpItem",
        "type": "VariableRead"
      },
      "location-before-char-start": 1494,
      "location-before-char-end": 1500,
      "node-str": "pgpItem"
    },
    {
      "type": "delete-node",
      "node": {
        "label": "getEnabled",
        "type": "Invocation"
      },
      "location-before-char-start": 1494,
      "location-before-char-end": 1513,
      "node-str": "getEnabled"
    },
    {
      "type": "delete-node",
      "node": {
        "label": "org.columba.mail.gui.composer.AccountController",
        "type": "TypeAccess"
      },
      "location-before-char-start": 0,
      "location-before-char-end": 0,
      "node-str": "org.columba.mail.gui.composer.AccountController"
    },
    {
      "type": "delete-node",
      "node": {
        "label": "signMenuItem",
        "type": "FieldRead"
      },
      "location-before-char-start": 1522,
      "location-before-char-end": 1533,
      "node-str": "signMenuItem"
    },
    {
      "type": "delete-node",
      "node": {
        "label": "true",
        "type": "Literal"
      },
      "location-before-char-start": 1546,
      "location-before-char-end": 1549,
      "node-str": "true"
    },
    {
      "type": "delete-node",
      "node": {
        "label": "setEnabled",
        "type": "Invocation"
      },
      "location-before-char-start": 1522,
      "location-before-char-end": 1551,
      "node-str": "setEnabled"
    },
    {
      "type": "delete-node",
      "node": {
        "label": "org.columba.mail.gui.composer.AccountController",
        "type": "TypeAccess"
      },
      "location-before-char-start": 0,
      "location-before-char-end": 0,
      "node-str": "org.columba.mail.gui.composer.AccountController"
    },
    {
      "type": "delete-node",
      "node": {
        "label": "encryptMenuItem",
        "type": "FieldRead"
      },
      "location-before-char-start": 1556,
      "location-before-char-end": 1570,
      "node-str": "encryptMenuItem"
    },
    {
      "type": "delete-node",
      "node": {
        "label": "true",
        "type": "Literal"
      },
      "location-before-char-start": 1583,
      "location-before-char-end": 1586,
      "node-str": "true"
    },
    {
      "type": "delete-node",
      "node": {
        "label": "setEnabled",
        "type": "Invocation"
      },
      "location-before-char-start": 1556,
      "location-before-char-end": 1588,
      "node-str": "setEnabled"
    },
    {
      "type": "delete-node",
      "node": {
        "label": "org.columba.mail.gui.composer.AccountController",
        "type": "TypeAccess"
      },
      "location-before-char-start": 0,
      "location-before-char-end": 0,
      "node-str": "org.columba.mail.gui.composer.AccountController"
    },
    {
      "type": "delete-node",
      "node": {
        "label": "model",
        "type": "FieldRead"
      },
      "location-before-char-start": 1597,
      "location-before-char-end": 1601,
      "node-str": "model"
    },
    {
      "type": "delete-node",
      "node": {
        "label": "pgpItem",
        "type": "VariableRead"
      },
      "location-before-char-start": 1618,
      "location-before-char-end": 1624,
      "node-str": "pgpItem"
    },
    {
      "type": "delete-node",
      "node": {
        "label": "getAlwaysSign",
        "type": "Invocation"
      },
      "location-before-char-start": 1618,
      "location-before-char-end": 1640,
      "node-str": "getAlwaysSign"
    },
    {
      "type": "delete-node",
      "node": {
        "label": "setSignMessage",
        "type": "Invocation"
      },
      "location-before-char-start": 1597,
      "location-before-char-end": 1642,
      "node-str": "setSignMessage"
    },
    {
      "type": "delete-node",
      "node": {
        "label": "org.columba.mail.gui.composer.AccountController",
        "type": "TypeAccess"
      },
      "location-before-char-start": 0,
      "location-before-char-end": 0,
      "node-str": "org.columba.mail.gui.composer.AccountController"
    },
    {
      "type": "delete-node",
      "node": {
        "label": "model",
        "type": "FieldRead"
      },
      "location-before-char-start": 1647,
      "location-before-char-end": 1651,
      "node-str": "model"
    },
    {
      "type": "delete-node",
      "node": {
        "label": "pgpItem",
        "type": "VariableRead"
      },
      "location-before-char-start": 1671,
      "location-before-char-end": 1677,
      "node-str": "pgpItem"
    },
    {
      "type": "delete-node",
      "node": {
        "label": "getAlwaysEncrypt",
        "type": "Invocation"
      },
      "location-before-char-start": 1671,
      "location-before-char-end": 1696,
      "node-str": "getAlwaysEncrypt"
    },
    {
      "type": "delete-node",
      "node": {
        "label": "setEncryptMessage",
        "type": "Invocation"
      },
      "location-before-char-start": 1647,
      "location-before-char-end": 1698,
      "node-str": "setEncryptMessage"
    },
    {
      "type": "delete-node",
      "node": {
        "label": "THEN",
        "type": "then"
      },
      "location-before-char-start": 1517,
      "location-before-char-end": 1702,
      "node-str": "THEN"
    },
    {
      "type": "delete-node",
      "node": {
        "label": "if",
        "type": "If"
      },
      "location-before-char-start": 1490,
      "location-before-char-end": 1702,
      "node-str": "if"
    },
    {
      "type": "delete-node",
      "node": {
        "label": "setSecurityMenuItems",
        "type": "Method"
      },
      "location-before-char-start": 1229,
      "location-before-char-end": 1705,
      "node-str": "setSecurityMenuItems"
    },
    {
      "type": "delete-node",
      "node": {
        "label": "void",
        "type": "RETURN_TYPE"
      },
      "location-before-char-start": 0,
      "location-before-char-end": 0,
      "node-str": "void"
    },
    {
      "type": "delete-node",
      "node": {
        "label": "public",
        "type": "Modifier"
      },
      "location-before-char-start": 0,
      "location-before-char-end": 0,
      "node-str": "public"
    },
    {
      "type": "delete-node",
      "node": {
        "label": "java.awt.event.ItemEvent",
        "type": "VARIABLE_TYPE"
      },
      "location-before-char-start": 0,
      "location-before-char-end": 0,
      "node-str": "java.awt.event.ItemEvent"
    },
    {
      "type": "delete-node",
      "node": {
        "label": "e",
        "type": "Parameter"
      },
      "location-before-char-start": 1738,
      "location-before-char-end": 1748,
      "node-str": "e"
    },
    {
      "type": "delete-node",
      "node": {
        "label": "e",
        "type": "VariableRead"
      },
      "location-before-char-start": 1759,
      "location-before-char-end": 1759,
      "node-str": "e"
    },
    {
      "type": "delete-node",
      "node": {
        "label": "getStateChange",
        "type": "Invocation"
      },
      "location-before-char-start": 1759,
      "location-before-char-end": 1776,
      "node-str": "getStateChange"
    },
    {
      "type": "delete-node",
      "node": {
        "label": "java.awt.event.ItemEvent",
        "type": "TypeAccess"
      },
      "location-before-char-start": 1781,
      "location-before-char-end": 1789,
      "node-str": "java.awt.event.ItemEvent"
    },
    {
      "type": "delete-node",
      "node": {
        "label": "SELECTED",
        "type": "FieldRead"
      },
      "location-before-char-start": 1781,
      "location-before-char-end": 1798,
      "node-str": "SELECTED"
    },
    {
      "type": "delete-node",
      "node": {
        "label": "EQ",
        "type": "BinaryOperator"
      },
      "location-before-char-start": 1759,
      "location-before-char-end": 1798,
      "node-str": "EQ"
    },
    {
      "type": "delete-node",
      "node": {
        "label": "org.columba.mail.config.AccountItem",
        "type": "VARIABLE_TYPE"
      },
      "location-before-char-start": 0,
      "location-before-char-end": 0,
      "node-str": "org.columba.mail.config.AccountItem"
    },
    {
      "type": "delete-node",
      "node": {
        "label": "org.columba.mail.gui.composer.AccountController",
        "type": "TypeAccess"
      },
      "location-before-char-start": 0,
      "location-before-char-end": 0,
      "node-str": "org.columba.mail.gui.composer.AccountController"
    },
    {
      "type": "delete-node",
      "node": {
        "label": "view",
        "type": "FieldRead"
      },
      "location-before-char-start": 1839,
      "location-before-char-end": 1842,
      "node-str": "view"
    },
    {
      "type": "delete-node",
      "node": {
        "label": "getSelectedItem",
        "type": "Invocation"
      },
      "location-before-char-start": 1825,
      "location-before-char-end": 1860,
      "node-str": "getSelectedItem"
    },
    {
      "type": "delete-node",
      "node": {
        "label": "item",
        "type": "LocalVariable"
      },
      "location-before-char-start": 1806,
      "location-before-char-end": 1861,
      "node-str": "item"
    },
    {
      "type": "delete-node",
      "node": {
        "label": "org.columba.mail.gui.composer.AccountController",
        "type": "TypeAccess"
      },
      "location-before-char-start": 0,
      "location-before-char-end": 0,
      "node-str": "org.columba.mail.gui.composer.AccountController"
    },
    {
      "type": "delete-node",
      "node": {
        "label": "composerInterface",
        "type": "FieldRead"
      },
      "location-before-char-start": 1866,
      "location-before-char-end": 1882,
      "node-str": "composerInterface"
    },
    {
      "type": "delete-node",
      "node": {
        "label": "identityInfoPanel",
        "type": "FieldRead"
      },
      "location-before-char-start": 1866,
      "location-before-char-end": 1900,
      "node-str": "identityInfoPanel"
    },
    {
      "type": "delete-node",
      "node": {
        "label": "item",
        "type": "VariableRead"
      },
      "location-before-char-start": 1906,
      "location-before-char-end": 1909,
      "node-str": "item"
    },
    {
      "type": "delete-node",
      "node": {
        "label": "set",
        "type": "Invocation"
      },
      "location-before-char-start": 1866,
      "location-before-char-end": 1911,
      "node-str": "set"
    },
    {
      "type": "delete-node",
      "node": {
        "label": "org.columba.mail.config.PGPItem",
        "type": "VARIABLE_TYPE"
      },
      "location-before-char-start": 0,
      "location-before-char-end": 0,
      "node-str": "org.columba.mail.config.PGPItem"
    },
    {
      "type": "delete-node",
      "node": {
        "label": "item",
        "type": "VariableRead"
      },
      "location-before-char-start": 1935,
      "location-before-char-end": 1938,
      "node-str": "item"
    },
    {
      "type": "delete-node",
      "node": {
        "label": "getPGPItem",
        "type": "Invocation"
      },
      "location-before-char-start": 1935,
      "location-before-char-end": 1951,
      "node-str": "getPGPItem"
    },
    {
      "type": "delete-node",
      "node": {
        "label": "pgpItem",
        "type": "LocalVariable"
      },
      "location-before-char-start": 1917,
      "location-before-char-end": 1952,
      "node-str": "pgpItem"
    },
    {
      "type": "delete-node",
      "node": {
        "label": "org.columba.mail.gui.composer.AccountController",
        "type": "TypeAccess"
      },
      "location-before-char-start": 0,
      "location-before-char-end": 0,
      "node-str": "org.columba.mail.gui.composer.AccountController"
    },
    {
      "type": "delete-node",
      "node": {
        "label": "signMenuItem",
        "type": "FieldRead"
      },
      "location-before-char-start": 1957,
      "location-before-char-end": 1968,
      "node-str": "signMenuItem"
    },
    {
      "type": "delete-node",
      "node": {
        "label": "pgpItem",
        "type": "VariableRead"
      },
      "location-before-char-start": 1981,
      "location-before-char-end": 1987,
      "node-str": "pgpItem"
    },
    {
      "type": "delete-node",
      "node": {
        "label": "getEnabled",
        "type": "Invocation"
      },
      "location-before-char-start": 1981,
      "location-before-char-end": 2000,
      "node-str": "getEnabled"
    },
    {
      "type": "delete-node",
      "node": {
        "label": "setEnabled",
        "type": "Invocation"
      },
      "location-before-char-start": 1957,
      "location-before-char-end": 2002,
      "node-str": "setEnabled"
    },
    {
      "type": "delete-node",
      "node": {
        "label": "org.columba.mail.gui.composer.AccountController",
        "type": "TypeAccess"
      },
      "location-before-char-start": 0,
      "location-before-char-end": 0,
      "node-str": "org.columba.mail.gui.composer.AccountController"
    },
    {
      "type": "delete-node",
      "node": {
        "label": "signMenuItem",
        "type": "FieldRead"
      },
      "location-before-char-start": 2007,
      "location-before-char-end": 2018,
      "node-str": "signMenuItem"
    },
    {
      "type": "delete-node",
      "node": {
        "label": "pgpItem",
        "type": "VariableRead"
      },
      "location-before-char-start": 2032,
      "location-before-char-end": 2038,
      "node-str": "pgpItem"
    },
    {
      "type": "delete-node",
      "node": {
        "label": "getAlwaysSign",
        "type": "Invocation"
      },
      "location-before-char-start": 2032,
      "location-before-char-end": 2054,
      "node-str": "getAlwaysSign"
    },
    {
      "type": "delete-node",
      "node": {
        "label": "setSelected",
        "type": "Invocation"
      },
      "location-before-char-start": 2007,
      "location-before-char-end": 2056,
      "node-str": "setSelected"
    },
    {
      "type": "delete-node",
      "node": {
        "label": "org.columba.mail.gui.composer.AccountController",
        "type": "TypeAccess"
      },
      "location-before-char-start": 0,
      "location-before-char-end": 0,
      "node-str": "org.columba.mail.gui.composer.AccountController"
    },
    {
      "type": "delete-node",
      "node": {
        "label": "encryptMenuItem",
        "type": "FieldRead"
      },
      "location-before-char-start": 2062,
      "location-before-char-end": 2076,
      "node-str": "encryptMenuItem"
    },
    {
      "type": "delete-node",
      "node": {
        "label": "pgpItem",
        "type": "VariableRead"
      },
      "location-before-char-start": 2089,
      "location-before-char-end": 2095,
      "node-str": "pgpItem"
    },
    {
      "type": "delete-node",
      "node": {
        "label": "getEnabled",
        "type": "Invocation"
      },
      "location-before-char-start": 2089,
      "location-before-char-end": 2108,
      "node-str": "getEnabled"
    },
    {
      "type": "delete-node",
      "node": {
        "label": "setEnabled",
        "type": "Invocation"
      },
      "location-before-char-start": 2062,
      "location-before-char-end": 2110,
      "node-str": "setEnabled"
    },
    {
      "type": "delete-node",
      "node": {
        "label": "org.columba.mail.gui.composer.AccountController",
        "type": "TypeAccess"
      },
      "location-before-char-start": 0,
      "location-before-char-end": 0,
      "node-str": "org.columba.mail.gui.composer.AccountController"
    },
    {
      "type": "delete-node",
      "node": {
        "label": "encryptMenuItem",
        "type": "FieldRead"
      },
      "location-before-char-start": 2115,
      "location-before-char-end": 2129,
      "node-str": "encryptMenuItem"
    },
    {
      "type": "delete-node",
      "node": {
        "label": "pgpItem",
        "type": "VariableRead"
      },
      "location-before-char-start": 2143,
      "location-before-char-end": 2149,
      "node-str": "pgpItem"
    },
    {
      "type": "delete-node",
      "node": {
        "label": "getAlwaysEncrypt",
        "type": "Invocation"
      },
      "location-before-char-start": 2143,
      "location-before-char-end": 2168,
      "node-str": "getAlwaysEncrypt"
    },
    {
      "type": "delete-node",
      "node": {
        "label": "setSelected",
        "type": "Invocation"
      },
      "location-before-char-start": 2115,
      "location-before-char-end": 2170,
      "node-str": "setSelected"
    },
    {
      "type": "delete-node",
      "node": {
        "label": "THEN",
        "type": "then"
      },
      "location-before-char-start": 1801,
      "location-before-char-end": 2174,
      "node-str": "THEN"
    },
    {
      "type": "delete-node",
      "node": {
        "label": "if",
        "type": "If"
      },
      "location-before-char-start": 1755,
      "location-before-char-end": 2174,
      "node-str": "if"
    },
    {
      "type": "delete-node",
      "node": {
        "label": "itemStateChanged",
        "type": "Method"
      },
      "location-before-char-start": 1709,
      "location-before-char-end": 2177,
      "node-str": "itemStateChanged"
    }
  ],
  "before-file": {},
  "after-file": {},
  "mapping": {}
}