{
  "tool-info": {},
  "diff": [
    {
      "type": "insert-node",
      "node": {
        "label": "initializeDecoratorDefinitions",
        "type": "Method"
      },
      "location-after-char-start": 3718,
      "location-after-char-end": 4896,
      "node-str": "initializeDecoratorDefinitions"
    },
    {
      "type": "insert-node",
      "node": {
        "label": "shutdown",
        "type": "Method"
      },
      "location-after-char-start": 22596,
      "location-after-char-end": 23217,
      "node-str": "shutdown"
    },
    {
      "type": "insert-node",
      "node": {
        "label": "getFullDecoratorDefinition",
        "type": "Method"
      },
      "location-after-char-start": 25846,
      "location-after-char-end": 26356,
      "node-str": "getFullDecoratorDefinition"
    },
    {
      "type": "insert-node",
      "node": {
        "label": "getLightweightManager",
        "type": "Method"
      },
      "location-after-char-start": 27391,
      "location-after-char-end": 27658,
      "node-str": "getLightweightManager"
    },
    {
      "type": "insert-node",
      "node": {
        "label": "getFullDefinitions",
        "type": "Method"
      },
      "location-after-char-start": 29896,
      "location-after-char-end": 30165,
      "node-str": "getFullDefinitions"
    },
    {
      "type": "insert-node",
      "node": {
        "label": "void",
        "type": "RETURN_TYPE"
      },
      "location-after-char-start": 0,
      "location-after-char-end": 0,
      "node-str": "void"
    },
    {
      "type": "move-subtree",
      "node": {
        "label": "reader",
        "type": "LocalVariable"
      },
      "location-before-char-start": 3655,
      "location-before-char-end": 3717,
      "location-after-char-start": 3819,
      "location-after-char-end": 3881,
      "node-str": "reader"
    },
    {
      "type": "move-subtree",
      "node": {
        "label": "values",
        "type": "LocalVariable"
      },
      "location-before-char-start": 3727,
      "location-before-char-end": 3816,
      "location-after-char-start": 3891,
      "location-after-char-end": 3980,
      "node-str": "values"
    },
    {
      "type": "move-subtree",
      "node": {
        "label": "full",
        "type": "LocalVariable"
      },
      "location-before-char-start": 3827,
      "location-before-char-end": 3859,
      "location-after-char-start": 3991,
      "location-after-char-end": 4023,
      "node-str": "full"
    },
    {
      "type": "move-subtree",
      "node": {
        "label": "lightweight",
        "type": "LocalVariable"
      },
      "location-before-char-start": 3869,
      "location-before-char-end": 3908,
      "location-after-char-start": 4033,
      "location-after-char-end": 4072,
      "node-str": "lightweight"
    },
    {
      "type": "move-subtree",
      "node": {
        "label": "allDefinitions",
        "type": "LocalVariable"
      },
      "location-before-char-start": 3918,
      "location-before-char-end": 3961,
      "location-after-char-start": 4082,
      "location-after-char-end": 4125,
      "node-str": "allDefinitions"
    },
    {
      "type": "move-subtree",
      "node": {
        "label": "while",
        "type": "While"
      },
      "location-before-char-start": 3971,
      "location-before-char-end": 4278,
      "location-after-char-start": 4135,
      "location-after-char-end": 4442,
      "node-str": "while"
    },
    {
      "type": "move-subtree",
      "node": {
        "label": "\u003d",
        "type": "Assignment"
      },
      "location-before-char-start": 4289,
      "location-before-char-end": 4347,
      "location-after-char-start": 4453,
      "location-after-char-end": 4511,
      "node-str": "\u003d"
    },
    {
      "type": "move-subtree",
      "node": {
        "label": "toArray",
        "type": "Invocation"
      },
      "location-before-char-start": 4357,
      "location-before-char-end": 4386,
      "location-after-char-start": 4521,
      "location-after-char-end": 4550,
      "node-str": "toArray"
    },
    {
      "type": "move-subtree",
      "node": {
        "label": "lightweightDefinitions",
        "type": "LocalVariable"
      },
      "location-before-char-start": 4397,
      "location-before-char-end": 4526,
      "location-after-char-start": 4561,
      "location-after-char-end": 4690,
      "node-str": "lightweightDefinitions"
    },
    {
      "type": "move-subtree",
      "node": {
        "label": "toArray",
        "type": "Invocation"
      },
      "location-before-char-start": 4536,
      "location-before-char-end": 4579,
      "location-after-char-start": 4700,
      "location-after-char-end": 4743,
      "node-str": "toArray"
    },
    {
      "type": "move-subtree",
      "node": {
        "label": "\u003d",
        "type": "Assignment"
      },
      "location-before-char-start": 4590,
      "location-before-char-end": 4683,
      "location-after-char-start": 4754,
      "location-after-char-end": 4847,
      "node-str": "\u003d"
    },
    {
      "type": "insert-node",
      "node": {
        "label": "applyDecoratorsPreference",
        "type": "Invocation"
      },
      "location-after-char-start": 4866,
      "location-after-char-end": 4893,
      "node-str": "applyDecoratorsPreference"
    },
    {
      "type": "insert-node",
      "node": {
        "label": "lightweightCheck",
        "type": "LocalVariable"
      },
      "location-after-char-start": 15655,
      "location-after-char-end": 15783,
      "node-str": "lightweightCheck"
    },
    {
      "type": "insert-node",
      "node": {
        "label": "full",
        "type": "LocalVariable"
      },
      "location-after-char-start": 16998,
      "location-after-char-end": 17051,
      "node-str": "full"
    },
    {
      "type": "insert-node",
      "node": {
        "label": "reset",
        "type": "Invocation"
      },
      "location-after-char-start": 17738,
      "location-after-char-end": 17769,
      "node-str": "reset"
    },
    {
      "type": "insert-node",
      "node": {
        "label": "lightweightDefinitions",
        "type": "LocalVariable"
      },
      "location-after-char-start": 18331,
      "location-after-char-end": 18446,
      "node-str": "lightweightDefinitions"
    },
    {
      "type": "insert-node",
      "node": {
        "label": "writeDecoratorsPreference",
        "type": "Invocation"
      },
      "location-after-char-start": 19904,
      "location-after-char-end": 19963,
      "node-str": "writeDecoratorsPreference"
    },
    {
      "type": "insert-node",
      "node": {
        "label": "writeDecoratorsPreference",
        "type": "Invocation"
      },
      "location-after-char-start": 19973,
      "location-after-char-end": 20069,
      "node-str": "writeDecoratorsPreference"
    },
    {
      "type": "insert-node",
      "node": {
        "label": "public",
        "type": "Modifier"
      },
      "location-after-char-start": 0,
      "location-after-char-end": 0,
      "node-str": "public"
    },
    {
      "type": "insert-node",
      "node": {
        "label": "full",
        "type": "LocalVariable"
      },
      "location-after-char-start": 21721,
      "location-after-char-end": 21774,
      "node-str": "full"
    },
    {
      "type": "insert-node",
      "node": {
        "label": "lightweightDefinitions",
        "type": "LocalVariable"
      },
      "location-after-char-start": 22087,
      "location-after-char-end": 22202,
      "node-str": "lightweightDefinitions"
    },
    {
      "type": "insert-node",
      "node": {
        "label": "void",
        "type": "RETURN_TYPE"
      },
      "location-after-char-start": 0,
      "location-after-char-end": 0,
      "node-str": "void"
    },
    {
      "type": "insert-node",
      "node": {
        "label": "public",
        "type": "Modifier"
      },
      "location-after-char-start": 0,
      "location-after-char-end": 0,
      "node-str": "public"
    },
    {
      "type": "insert-node",
      "node": {
        "label": "full",
        "type": "LocalVariable"
      },
      "location-after-char-start": 22875,
      "location-after-char-end": 22928,
      "node-str": "full"
    },
    {
      "type": "insert-node",
      "node": {
        "label": "",
        "type": "For"
      },
      "location-after-char-start": 22938,
      "location-after-char-end": 23066,
      "node-str": ""
    },
    {
      "type": "insert-node",
      "node": {
        "label": "if",
        "type": "If"
      },
      "location-after-char-start": 23076,
      "location-after-char-end": 23181,
      "node-str": "if"
    },
    {
      "type": "move-subtree",
      "node": {
        "label": "shutdown",
        "type": "Invocation"
      },
      "location-before-char-start": 23104,
      "location-before-char-end": 23124,
      "location-after-char-start": 23191,
      "location-after-char-end": 23211,
      "node-str": "shutdown"
    },
    {
      "type": "insert-node",
      "node": {
        "label": "org.eclipse.ui.internal.decorators.FullDecoratorDefinition",
        "type": "RETURN_TYPE"
      },
      "location-after-char-start": 0,
      "location-after-char-end": 0,
      "node-str": "org.eclipse.ui.internal.decorators.FullDecoratorDefinition"
    },
    {
      "type": "insert-node",
      "node": {
        "label": "decoratorId",
        "type": "Parameter"
      },
      "location-after-char-start": 26106,
      "location-after-char-end": 26123,
      "node-str": "decoratorId"
    },
    {
      "type": "insert-node",
      "node": {
        "label": "full",
        "type": "LocalVariable"
      },
      "location-after-char-start": 26133,
      "location-after-char-end": 26186,
      "node-str": "full"
    },
    {
      "type": "insert-node",
      "node": {
        "label": "",
        "type": "For"
      },
      "location-after-char-start": 26196,
      "location-after-char-end": 26329,
      "node-str": ""
    },
    {
      "type": "insert-node",
      "node": {
        "label": "return",
        "type": "Return"
      },
      "location-after-char-start": 26339,
      "location-after-char-end": 26350,
      "node-str": "return"
    },
    {
      "type": "insert-node",
      "node": {
        "label": "org.eclipse.ui.internal.decorators.LightweightDecoratorManager",
        "type": "RETURN_TYPE"
      },
      "location-after-char-start": 0,
      "location-after-char-end": 0,
      "node-str": "org.eclipse.ui.internal.decorators.LightweightDecoratorManager"
    },
    {
      "type": "insert-node",
      "node": {
        "label": "if",
        "type": "If"
      },
      "location-after-char-start": 27548,
      "location-after-char-end": 27617,
      "node-str": "if"
    },
    {
      "type": "move-subtree",
      "node": {
        "label": "return",
        "type": "Return"
      },
      "location-before-char-start": 27427,
      "location-before-char-end": 27452,
      "location-after-char-start": 27627,
      "location-after-char-end": 27652,
      "node-str": "return"
    },
    {
      "type": "insert-node",
      "node": {
        "label": "org.eclipse.ui.internal.decorators.FullDecoratorDefinition[]",
        "type": "RETURN_TYPE"
      },
      "location-after-char-start": 0,
      "location-after-char-end": 0,
      "node-str": "org.eclipse.ui.internal.decorators.FullDecoratorDefinition[]"
    },
    {
      "type": "insert-node",
      "node": {
        "label": "if",
        "type": "If"
      },
      "location-after-char-start": 30073,
      "location-after-char-end": 30136,
      "node-str": "if"
    },
    {
      "type": "insert-node",
      "node": {
        "label": "return",
        "type": "Return"
      },
      "location-after-char-start": 30140,
      "location-after-char-end": 30162,
      "node-str": "return"
    },
    {
      "type": "insert-node",
      "node": {
        "label": "org.eclipse.ui.internal.decorators.DecoratorManager",
        "type": "TypeAccess"
      },
      "location-after-char-start": 0,
      "location-after-char-end": 0,
      "node-str": "org.eclipse.ui.internal.decorators.DecoratorManager"
    },
    {
      "type": "insert-node",
      "node": {
        "label": "boolean",
        "type": "VARIABLE_TYPE"
      },
      "location-after-char-start": 0,
      "location-after-char-end": 0,
      "node-str": "boolean"
    },
    {
      "type": "insert-node",
      "node": {
        "label": "isLabelProperty",
        "type": "Invocation"
      },
      "location-after-char-start": 15682,
      "location-after-char-end": 15782,
      "node-str": "isLabelProperty"
    },
    {
      "type": "insert-node",
      "node": {
        "label": "org.eclipse.ui.internal.decorators.FullDecoratorDefinition[]",
        "type": "VARIABLE_TYPE"
      },
      "location-after-char-start": 0,
      "location-after-char-end": 0,
      "node-str": "org.eclipse.ui.internal.decorators.FullDecoratorDefinition[]"
    },
    {
      "type": "insert-node",
      "node": {
        "label": "getFullDefinitions",
        "type": "Invocation"
      },
      "location-after-char-start": 17031,
      "location-after-char-end": 17050,
      "node-str": "getFullDefinitions"
    },
    {
      "type": "insert-node",
      "node": {
        "label": "getLightweightManager",
        "type": "Invocation"
      },
      "location-after-char-start": 17738,
      "location-after-char-end": 17760,
      "node-str": "getLightweightManager"
    },
    {
      "type": "insert-node",
      "node": {
        "label": "org.eclipse.ui.internal.decorators.LightweightDecoratorDefinition[]",
        "type": "VARIABLE_TYPE"
      },
      "location-after-char-start": 0,
      "location-after-char-end": 0,
      "node-str": "org.eclipse.ui.internal.decorators.LightweightDecoratorDefinition[]"
    },
    {
      "type": "insert-node",
      "node": {
        "label": "getDefinitions",
        "type": "Invocation"
      },
      "location-after-char-start": 18389,
      "location-after-char-end": 18445,
      "node-str": "getDefinitions"
    },
    {
      "type": "insert-node",
      "node": {
        "label": "org.eclipse.ui.internal.decorators.DecoratorManager",
        "type": "TypeAccess"
      },
      "location-after-char-start": 0,
      "location-after-char-end": 0,
      "node-str": "org.eclipse.ui.internal.decorators.DecoratorManager"
    },
    {
      "type": "insert-node",
      "node": {
        "label": "enabledIds",
        "type": "VariableRead"
      },
      "location-after-char-start": 19930,
      "location-after-char-end": 19939,
      "node-str": "enabledIds"
    },
    {
      "type": "insert-node",
      "node": {
        "label": "getFullDefinitions",
        "type": "Invocation"
      },
      "location-after-char-start": 19942,
      "location-after-char-end": 19961,
      "node-str": "getFullDefinitions"
    },
    {
      "type": "insert-node",
      "node": {
        "label": "org.eclipse.ui.internal.decorators.DecoratorManager",
        "type": "TypeAccess"
      },
      "location-after-char-start": 0,
      "location-after-char-end": 0,
      "node-str": "org.eclipse.ui.internal.decorators.DecoratorManager"
    },
    {
      "type": "insert-node",
      "node": {
        "label": "enabledIds",
        "type": "VariableRead"
      },
      "location-after-char-start": 19999,
      "location-after-char-end": 20008,
      "node-str": "enabledIds"
    },
    {
      "type": "insert-node",
      "node": {
        "label": "getDefinitions",
        "type": "Invocation"
      },
      "location-after-char-start": 20011,
      "location-after-char-end": 20067,
      "node-str": "getDefinitions"
    },
    {
      "type": "insert-node",
      "node": {
        "label": "org.eclipse.ui.internal.decorators.FullDecoratorDefinition[]",
        "type": "VARIABLE_TYPE"
      },
      "location-after-char-start": 0,
      "location-after-char-end": 0,
      "node-str": "org.eclipse.ui.internal.decorators.FullDecoratorDefinition[]"
    },
    {
      "type": "insert-node",
      "node": {
        "label": "getFullDefinitions",
        "type": "Invocation"
      },
      "location-after-char-start": 21754,
      "location-after-char-end": 21773,
      "node-str": "getFullDefinitions"
    },
    {
      "type": "insert-node",
      "node": {
        "label": "id",
        "type": "LocalVariable"
      },
      "location-after-char-start": 21836,
      "location-after-char-end": 21863,
      "node-str": "id"
    },
    {
      "type": "insert-node",
      "node": {
        "label": "org.eclipse.ui.internal.decorators.LightweightDecoratorDefinition[]",
        "type": "VARIABLE_TYPE"
      },
      "location-after-char-start": 0,
      "location-after-char-end": 0,
      "node-str": "org.eclipse.ui.internal.decorators.LightweightDecoratorDefinition[]"
    },
    {
      "type": "insert-node",
      "node": {
        "label": "getDefinitions",
        "type": "Invocation"
      },
      "location-after-char-start": 22145,
      "location-after-char-end": 22201,
      "node-str": "getDefinitions"
    },
    {
      "type": "insert-node",
      "node": {
        "label": "org.eclipse.ui.internal.decorators.FullDecoratorDefinition[]",
        "type": "VARIABLE_TYPE"
      },
      "location-after-char-start": 0,
      "location-after-char-end": 0,
      "node-str": "org.eclipse.ui.internal.decorators.FullDecoratorDefinition[]"
    },
    {
      "type": "insert-node",
      "node": {
        "label": "getFullDefinitions",
        "type": "Invocation"
      },
      "location-after-char-start": 22908,
      "location-after-char-end": 22927,
      "node-str": "getFullDefinitions"
    },
    {
      "type": "move-subtree",
      "node": {
        "label": "i",
        "type": "LocalVariable"
      },
      "location-before-char-start": 22899,
      "location-before-char-end": 22907,
      "location-after-char-start": 22943,
      "location-after-char-end": 22951,
      "node-str": "i"
    },
    {
      "type": "insert-node",
      "node": {
        "label": "LT",
        "type": "BinaryOperator"
      },
      "location-after-char-start": 22954,
      "location-after-char-end": 22968,
      "node-str": "LT"
    },
    {
      "type": "insert-node",
      "node": {
        "label": "POSTINC",
        "type": "UnaryOperator"
      },
      "location-after-char-start": 22971,
      "location-after-char-end": 22973,
      "node-str": "POSTINC"
    },
    {
      "type": "insert-node",
      "node": {
        "label": "if",
        "type": "If"
      },
      "location-after-char-start": 22990,
      "location-after-char-end": 23056,
      "node-str": "if"
    },
    {
      "type": "insert-node",
      "node": {
        "label": "NE",
        "type": "BinaryOperator"
      },
      "location-after-char-start": 23079,
      "location-after-char-end": 23104,
      "node-str": "NE"
    },
    {
      "type": "insert-node",
      "node": {
        "label": "THEN",
        "type": "then"
      },
      "location-after-char-start": 23147,
      "location-after-char-end": 23181,
      "node-str": "THEN"
    },
    {
      "type": "insert-node",
      "node": {
        "label": "java.lang.String",
        "type": "VARIABLE_TYPE"
      },
      "location-after-char-start": 0,
      "location-after-char-end": 0,
      "node-str": "java.lang.String"
    },
    {
      "type": "insert-node",
      "node": {
        "label": "org.eclipse.ui.internal.decorators.FullDecoratorDefinition[]",
        "type": "VARIABLE_TYPE"
      },
      "location-after-char-start": 0,
      "location-after-char-end": 0,
      "node-str": "org.eclipse.ui.internal.decorators.FullDecoratorDefinition[]"
    },
    {
      "type": "insert-node",
      "node": {
        "label": "getFullDefinitions",
        "type": "Invocation"
      },
      "location-after-char-start": 26166,
      "location-after-char-end": 26185,
      "node-str": "getFullDefinitions"
    },
    {
      "type": "move-subtree",
      "node": {
        "label": "i",
        "type": "LocalVariable"
      },
      "location-before-char-start": 26044,
      "location-before-char-end": 26052,
      "location-after-char-start": 26201,
      "location-after-char-end": 26209,
      "node-str": "i"
    },
    {
      "type": "insert-node",
      "node": {
        "label": "LT",
        "type": "BinaryOperator"
      },
      "location-after-char-start": 26212,
      "location-after-char-end": 26226,
      "node-str": "LT"
    },
    {
      "type": "insert-node",
      "node": {
        "label": "POSTINC",
        "type": "UnaryOperator"
      },
      "location-after-char-start": 26229,
      "location-after-char-end": 26231,
      "node-str": "POSTINC"
    },
    {
      "type": "insert-node",
      "node": {
        "label": "if",
        "type": "If"
      },
      "location-after-char-start": 26248,
      "location-after-char-end": 26319,
      "node-str": "if"
    },
    {
      "type": "insert-node",
      "node": {
        "label": "null",
        "type": "Literal"
      },
      "location-after-char-start": 26346,
      "location-after-char-end": 26349,
      "node-str": "null"
    },
    {
      "type": "insert-node",
      "node": {
        "label": "EQ",
        "type": "BinaryOperator"
      },
      "location-after-char-start": 27551,
      "location-after-char-end": 27576,
      "node-str": "EQ"
    },
    {
      "type": "insert-node",
      "node": {
        "label": "THEN",
        "type": "then"
      },
      "location-after-char-start": 27585,
      "location-after-char-end": 27617,
      "node-str": "THEN"
    },
    {
      "type": "insert-node",
      "node": {
        "label": "EQ",
        "type": "BinaryOperator"
      },
      "location-after-char-start": 30076,
      "location-after-char-end": 30098,
      "node-str": "EQ"
    },
    {
      "type": "insert-node",
      "node": {
        "label": "THEN",
        "type": "then"
      },
      "location-after-char-start": 30104,
      "location-after-char-end": 30136,
      "node-str": "THEN"
    },
    {
      "type": "insert-node",
      "node": {
        "label": "fullDefinitions",
        "type": "FieldRead"
      },
      "location-after-char-start": 30147,
      "location-after-char-end": 30161,
      "node-str": "fullDefinitions"
    },
    {
      "type": "insert-node",
      "node": {
        "label": "org.eclipse.ui.internal.decorators.DecoratorManager",
        "type": "TypeAccess"
      },
      "location-after-char-start": 0,
      "location-after-char-end": 0,
      "node-str": "org.eclipse.ui.internal.decorators.DecoratorManager"
    },
    {
      "type": "insert-node",
      "node": {
        "label": "element",
        "type": "VariableRead"
      },
      "location-after-char-start": 15698,
      "location-after-char-end": 15704,
      "node-str": "element"
    },
    {
      "type": "insert-node",
      "node": {
        "label": "property",
        "type": "VariableRead"
      },
      "location-after-char-start": 15707,
      "location-after-char-end": 15714,
      "node-str": "property"
    },
    {
      "type": "insert-node",
      "node": {
        "label": "getDecoratorsFor",
        "type": "Invocation"
      },
      "location-after-char-start": 15733,
      "location-after-char-end": 15781,
      "node-str": "getDecoratorsFor"
    },
    {
      "type": "insert-node",
      "node": {
        "label": "org.eclipse.ui.internal.decorators.DecoratorManager",
        "type": "TypeAccess"
      },
      "location-after-char-start": 0,
      "location-after-char-end": 0,
      "node-str": "org.eclipse.ui.internal.decorators.DecoratorManager"
    },
    {
      "type": "insert-node",
      "node": {
        "label": "org.eclipse.ui.internal.decorators.DecoratorManager",
        "type": "TypeAccess"
      },
      "location-after-char-start": 0,
      "location-after-char-end": 0,
      "node-str": "org.eclipse.ui.internal.decorators.DecoratorManager"
    },
    {
      "type": "insert-node",
      "node": {
        "label": "getLightweightManager",
        "type": "Invocation"
      },
      "location-after-char-start": 18389,
      "location-after-char-end": 18411,
      "node-str": "getLightweightManager"
    },
    {
      "type": "insert-node",
      "node": {
        "label": "org.eclipse.ui.internal.decorators.DecoratorManager",
        "type": "TypeAccess"
      },
      "location-after-char-start": 0,
      "location-after-char-end": 0,
      "node-str": "org.eclipse.ui.internal.decorators.DecoratorManager"
    },
    {
      "type": "insert-node",
      "node": {
        "label": "getLightweightManager",
        "type": "Invocation"
      },
      "location-after-char-start": 20011,
      "location-after-char-end": 20033,
      "node-str": "getLightweightManager"
    },
    {
      "type": "insert-node",
      "node": {
        "label": "org.eclipse.ui.internal.decorators.DecoratorManager",
        "type": "TypeAccess"
      },
      "location-after-char-start": 0,
      "location-after-char-end": 0,
      "node-str": "org.eclipse.ui.internal.decorators.DecoratorManager"
    },
    {
      "type": "insert-node",
      "node": {
        "label": "java.lang.String",
        "type": "VARIABLE_TYPE"
      },
      "location-after-char-start": 0,
      "location-after-char-end": 0,
      "node-str": "java.lang.String"
    },
    {
      "type": "insert-node",
      "node": {
        "label": "getId",
        "type": "Invocation"
      },
      "location-after-char-start": 21848,
      "location-after-char-end": 21862,
      "node-str": "getId"
    },
    {
      "type": "insert-node",
      "node": {
        "label": "getLightweightManager",
        "type": "Invocation"
      },
      "location-after-char-start": 22145,
      "location-after-char-end": 22167,
      "node-str": "getLightweightManager"
    },
    {
      "type": "insert-node",
      "node": {
        "label": "org.eclipse.ui.internal.decorators.DecoratorManager",
        "type": "TypeAccess"
      },
      "location-after-char-start": 0,
      "location-after-char-end": 0,
      "node-str": "org.eclipse.ui.internal.decorators.DecoratorManager"
    },
    {
      "type": "insert-node",
      "node": {
        "label": "i",
        "type": "VariableRead"
      },
      "location-after-char-start": 22954,
      "location-after-char-end": 22954,
      "node-str": "i"
    },
    {
      "type": "insert-node",
      "node": {
        "label": "length",
        "type": "FieldRead"
      },
      "location-after-char-start": 22958,
      "location-after-char-end": 22968,
      "node-str": "length"
    },
    {
      "type": "insert-node",
      "node": {
        "label": "i",
        "type": "VariableWrite"
      },
      "location-after-char-start": 22971,
      "location-after-char-end": 22971,
      "node-str": "i"
    },
    {
      "type": "insert-node",
      "node": {
        "label": "isEnabled",
        "type": "Invocation"
      },
      "location-after-char-start": 22994,
      "location-after-char-end": 23012,
      "node-str": "isEnabled"
    },
    {
      "type": "insert-node",
      "node": {
        "label": "THEN",
        "type": "then"
      },
      "location-after-char-start": 23031,
      "location-after-char-end": 23056,
      "node-str": "THEN"
    },
    {
      "type": "insert-node",
      "node": {
        "label": "lightweightManager",
        "type": "FieldRead"
      },
      "location-after-char-start": 23079,
      "location-after-char-end": 23096,
      "node-str": "lightweightManager"
    },
    {
      "type": "insert-node",
      "node": {
        "label": "null",
        "type": "Literal"
      },
      "location-after-char-start": 23101,
      "location-after-char-end": 23104,
      "node-str": "null"
    },
    {
      "type": "insert-node",
      "node": {
        "label": "shutdown",
        "type": "Invocation"
      },
      "location-after-char-start": 23147,
      "location-after-char-end": 23181,
      "node-str": "shutdown"
    },
    {
      "type": "insert-node",
      "node": {
        "label": "getLightweightManager",
        "type": "Invocation"
      },
      "location-after-char-start": 25083,
      "location-after-char-end": 25105,
      "node-str": "getLightweightManager"
    },
    {
      "type": "insert-node",
      "node": {
        "label": "org.eclipse.ui.internal.decorators.DecoratorManager",
        "type": "TypeAccess"
      },
      "location-after-char-start": 0,
      "location-after-char-end": 0,
      "node-str": "org.eclipse.ui.internal.decorators.DecoratorManager"
    },
    {
      "type": "insert-node",
      "node": {
        "label": "i",
        "type": "VariableRead"
      },
      "location-after-char-start": 26212,
      "location-after-char-end": 26212,
      "node-str": "i"
    },
    {
      "type": "insert-node",
      "node": {
        "label": "length",
        "type": "FieldRead"
      },
      "location-after-char-start": 26216,
      "location-after-char-end": 26226,
      "node-str": "length"
    },
    {
      "type": "insert-node",
      "node": {
        "label": "i",
        "type": "VariableWrite"
      },
      "location-after-char-start": 26229,
      "location-after-char-end": 26229,
      "node-str": "i"
    },
    {
      "type": "insert-node",
      "node": {
        "label": "equals",
        "type": "Invocation"
      },
      "location-after-char-start": 26252,
      "location-after-char-end": 26286,
      "node-str": "equals"
    },
    {
      "type": "insert-node",
      "node": {
        "label": "THEN",
        "type": "then"
      },
      "location-after-char-start": 26305,
      "location-after-char-end": 26319,
      "node-str": "THEN"
    },
    {
      "type": "insert-node",
      "node": {
        "label": "lightweightManager",
        "type": "FieldRead"
      },
      "location-after-char-start": 27551,
      "location-after-char-end": 27568,
      "node-str": "lightweightManager"
    },
    {
      "type": "insert-node",
      "node": {
        "label": "null",
        "type": "Literal"
      },
      "location-after-char-start": 27573,
      "location-after-char-end": 27576,
      "node-str": "null"
    },
    {
      "type": "insert-node",
      "node": {
        "label": "initializeDecoratorDefinitions",
        "type": "Invocation"
      },
      "location-after-char-start": 27585,
      "location-after-char-end": 27617,
      "node-str": "initializeDecoratorDefinitions"
    },
    {
      "type": "insert-node",
      "node": {
        "label": "fullDefinitions",
        "type": "FieldRead"
      },
      "location-after-char-start": 30076,
      "location-after-char-end": 30090,
      "node-str": "fullDefinitions"
    },
    {
      "type": "insert-node",
      "node": {
        "label": "null",
        "type": "Literal"
      },
      "location-after-char-start": 30095,
      "location-after-char-end": 30098,
      "node-str": "null"
    },
    {
      "type": "insert-node",
      "node": {
        "label": "initializeDecoratorDefinitions",
        "type": "Invocation"
      },
      "location-after-char-start": 30104,
      "location-after-char-end": 30136,
      "node-str": "initializeDecoratorDefinitions"
    },
    {
      "type": "insert-node",
      "node": {
        "label": "org.eclipse.ui.internal.decorators.DecoratorManager",
        "type": "TypeAccess"
      },
      "location-after-char-start": 0,
      "location-after-char-end": 0,
      "node-str": "org.eclipse.ui.internal.decorators.DecoratorManager"
    },
    {
      "type": "insert-node",
      "node": {
        "label": "getLightweightManager",
        "type": "Invocation"
      },
      "location-after-char-start": 15733,
      "location-after-char-end": 15755,
      "node-str": "getLightweightManager"
    },
    {
      "type": "insert-node",
      "node": {
        "label": "element",
        "type": "VariableRead"
      },
      "location-after-char-start": 15774,
      "location-after-char-end": 15780,
      "node-str": "element"
    },
    {
      "type": "insert-node",
      "node": {
        "label": "full",
        "type": "VariableRead"
      },
      "location-after-char-start": 17081,
      "location-after-char-end": 17091,
      "node-str": "full"
    },
    {
      "type": "insert-node",
      "node": {
        "label": "org.eclipse.ui.internal.decorators.DecoratorManager",
        "type": "TypeAccess"
      },
      "location-after-char-start": 0,
      "location-after-char-end": 0,
      "node-str": "org.eclipse.ui.internal.decorators.DecoratorManager"
    },
    {
      "type": "insert-node",
      "node": {
        "label": "org.eclipse.ui.internal.decorators.DecoratorManager",
        "type": "TypeAccess"
      },
      "location-after-char-start": 0,
      "location-after-char-end": 0,
      "node-str": "org.eclipse.ui.internal.decorators.DecoratorManager"
    },
    {
      "type": "insert-node",
      "node": {
        "label": "full",
        "type": "VariableRead"
      },
      "location-after-char-start": 21804,
      "location-after-char-end": 21814,
      "node-str": "full"
    },
    {
      "type": "insert-node",
      "node": {
        "label": "",
        "type": "ArrayRead"
      },
      "location-after-char-start": 21848,
      "location-after-char-end": 21854,
      "node-str": ""
    },
    {
      "type": "insert-node",
      "node": {
        "label": "org.eclipse.ui.internal.decorators.DecoratorManager",
        "type": "TypeAccess"
      },
      "location-after-char-start": 0,
      "location-after-char-end": 0,
      "node-str": "org.eclipse.ui.internal.decorators.DecoratorManager"
    },
    {
      "type": "insert-node",
      "node": {
        "label": "full",
        "type": "VariableRead"
      },
      "location-after-char-start": 22958,
      "location-after-char-end": 22968,
      "node-str": "full"
    },
    {
      "type": "insert-node",
      "node": {
        "label": "",
        "type": "ArrayRead"
      },
      "location-after-char-start": 22994,
      "location-after-char-end": 23000,
      "node-str": ""
    },
    {
      "type": "insert-node",
      "node": {
        "label": "setEnabled",
        "type": "Invocation"
      },
      "location-after-char-start": 23031,
      "location-after-char-end": 23056,
      "node-str": "setEnabled"
    },
    {
      "type": "insert-node",
      "node": {
        "label": "org.eclipse.ui.internal.decorators.DecoratorManager",
        "type": "TypeAccess"
      },
      "location-after-char-start": 0,
      "location-after-char-end": 0,
      "node-str": "org.eclipse.ui.internal.decorators.DecoratorManager"
    },
    {
      "type": "insert-node",
      "node": {
        "label": "getLightweightManager",
        "type": "Invocation"
      },
      "location-after-char-start": 23147,
      "location-after-char-end": 23169,
      "node-str": "getLightweightManager"
    },
    {
      "type": "insert-node",
      "node": {
        "label": "org.eclipse.ui.internal.decorators.DecoratorManager",
        "type": "TypeAccess"
      },
      "location-after-char-start": 0,
      "location-after-char-end": 0,
      "node-str": "org.eclipse.ui.internal.decorators.DecoratorManager"
    },
    {
      "type": "insert-node",
      "node": {
        "label": "full",
        "type": "VariableRead"
      },
      "location-after-char-start": 26216,
      "location-after-char-end": 26226,
      "node-str": "full"
    },
    {
      "type": "insert-node",
      "node": {
        "label": "getId",
        "type": "Invocation"
      },
      "location-after-char-start": 26252,
      "location-after-char-end": 26266,
      "node-str": "getId"
    },
    {
      "type": "insert-node",
      "node": {
        "label": "decoratorId",
        "type": "VariableRead"
      },
      "location-after-char-start": 26275,
      "location-after-char-end": 26285,
      "node-str": "decoratorId"
    },
    {
      "type": "insert-node",
      "node": {
        "label": "return",
        "type": "Return"
      },
      "location-after-char-start": 26305,
      "location-after-char-end": 26319,
      "node-str": "return"
    },
    {
      "type": "insert-node",
      "node": {
        "label": "org.eclipse.ui.internal.decorators.DecoratorManager",
        "type": "TypeAccess"
      },
      "location-after-char-start": 0,
      "location-after-char-end": 0,
      "node-str": "org.eclipse.ui.internal.decorators.DecoratorManager"
    },
    {
      "type": "insert-node",
      "node": {
        "label": "org.eclipse.ui.internal.decorators.DecoratorManager",
        "type": "TypeAccess"
      },
      "location-after-char-start": 0,
      "location-after-char-end": 0,
      "node-str": "org.eclipse.ui.internal.decorators.DecoratorManager"
    },
    {
      "type": "insert-node",
      "node": {
        "label": "getFullDefinitions",
        "type": "Invocation"
      },
      "location-after-char-start": 29147,
      "location-after-char-end": 29166,
      "node-str": "getFullDefinitions"
    },
    {
      "type": "insert-node",
      "node": {
        "label": "org.eclipse.ui.internal.decorators.DecoratorManager",
        "type": "TypeAccess"
      },
      "location-after-char-start": 0,
      "location-after-char-end": 0,
      "node-str": "org.eclipse.ui.internal.decorators.DecoratorManager"
    },
    {
      "type": "insert-node",
      "node": {
        "label": "org.eclipse.ui.internal.decorators.DecoratorManager",
        "type": "TypeAccess"
      },
      "location-after-char-start": 0,
      "location-after-char-end": 0,
      "node-str": "org.eclipse.ui.internal.decorators.DecoratorManager"
    },
    {
      "type": "insert-node",
      "node": {
        "label": "org.eclipse.ui.internal.decorators.DecoratorManager",
        "type": "TypeAccess"
      },
      "location-after-char-start": 0,
      "location-after-char-end": 0,
      "node-str": "org.eclipse.ui.internal.decorators.DecoratorManager"
    },
    {
      "type": "insert-node",
      "node": {
        "label": "full",
        "type": "VariableRead"
      },
      "location-after-char-start": 17117,
      "location-after-char-end": 17120,
      "node-str": "full"
    },
    {
      "type": "insert-node",
      "node": {
        "label": "full",
        "type": "VariableRead"
      },
      "location-after-char-start": 21848,
      "location-after-char-end": 21851,
      "node-str": "full"
    },
    {
      "type": "insert-node",
      "node": {
        "label": "i",
        "type": "VariableRead"
      },
      "location-after-char-start": 21853,
      "location-after-char-end": 21853,
      "node-str": "i"
    },
    {
      "type": "insert-node",
      "node": {
        "label": "full",
        "type": "VariableRead"
      },
      "location-after-char-start": 22994,
      "location-after-char-end": 22997,
      "node-str": "full"
    },
    {
      "type": "insert-node",
      "node": {
        "label": "i",
        "type": "VariableRead"
      },
      "location-after-char-start": 22999,
      "location-after-char-end": 22999,
      "node-str": "i"
    },
    {
      "type": "insert-node",
      "node": {
        "label": "",
        "type": "ArrayRead"
      },
      "location-after-char-start": 23031,
      "location-after-char-end": 23037,
      "node-str": ""
    },
    {
      "type": "insert-node",
      "node": {
        "label": "false",
        "type": "Literal"
      },
      "location-after-char-start": 23050,
      "location-after-char-end": 23054,
      "node-str": "false"
    },
    {
      "type": "insert-node",
      "node": {
        "label": "org.eclipse.ui.internal.decorators.DecoratorManager",
        "type": "TypeAccess"
      },
      "location-after-char-start": 0,
      "location-after-char-end": 0,
      "node-str": "org.eclipse.ui.internal.decorators.DecoratorManager"
    },
    {
      "type": "insert-node",
      "node": {
        "label": "getLightweightManager",
        "type": "Invocation"
      },
      "location-after-char-start": 25746,
      "location-after-char-end": 25768,
      "node-str": "getLightweightManager"
    },
    {
      "type": "insert-node",
      "node": {
        "label": "",
        "type": "ArrayRead"
      },
      "location-after-char-start": 26252,
      "location-after-char-end": 26258,
      "node-str": ""
    },
    {
      "type": "insert-node",
      "node": {
        "label": "",
        "type": "ArrayRead"
      },
      "location-after-char-start": 26312,
      "location-after-char-end": 26318,
      "node-str": ""
    },
    {
      "type": "insert-node",
      "node": {
        "label": "org.eclipse.ui.internal.decorators.DecoratorManager",
        "type": "TypeAccess"
      },
      "location-after-char-start": 0,
      "location-after-char-end": 0,
      "node-str": "org.eclipse.ui.internal.decorators.DecoratorManager"
    },
    {
      "type": "insert-node",
      "node": {
        "label": "getFullDefinitions",
        "type": "Invocation"
      },
      "location-after-char-start": 5231,
      "location-after-char-end": 5250,
      "node-str": "getFullDefinitions"
    },
    {
      "type": "insert-node",
      "node": {
        "label": "full",
        "type": "VariableRead"
      },
      "location-after-char-start": 17165,
      "location-after-char-end": 17168,
      "node-str": "full"
    },
    {
      "type": "insert-node",
      "node": {
        "label": "full",
        "type": "VariableRead"
      },
      "location-after-char-start": 21919,
      "location-after-char-end": 21922,
      "node-str": "full"
    },
    {
      "type": "insert-node",
      "node": {
        "label": "full",
        "type": "VariableRead"
      },
      "location-after-char-start": 23031,
      "location-after-char-end": 23034,
      "node-str": "full"
    },
    {
      "type": "insert-node",
      "node": {
        "label": "i",
        "type": "VariableRead"
      },
      "location-after-char-start": 23036,
      "location-after-char-end": 23036,
      "node-str": "i"
    },
    {
      "type": "insert-node",
      "node": {
        "label": "org.eclipse.ui.internal.decorators.DecoratorManager",
        "type": "TypeAccess"
      },
      "location-after-char-start": 0,
      "location-after-char-end": 0,
      "node-str": "org.eclipse.ui.internal.decorators.DecoratorManager"
    },
    {
      "type": "insert-node",
      "node": {
        "label": "full",
        "type": "VariableRead"
      },
      "location-after-char-start": 26252,
      "location-after-char-end": 26255,
      "node-str": "full"
    },
    {
      "type": "insert-node",
      "node": {
        "label": "i",
        "type": "VariableRead"
      },
      "location-after-char-start": 26257,
      "location-after-char-end": 26257,
      "node-str": "i"
    },
    {
      "type": "insert-node",
      "node": {
        "label": "full",
        "type": "VariableRead"
      },
      "location-after-char-start": 26312,
      "location-after-char-end": 26315,
      "node-str": "full"
    },
    {
      "type": "insert-node",
      "node": {
        "label": "i",
        "type": "VariableRead"
      },
      "location-after-char-start": 26317,
      "location-after-char-end": 26317,
      "node-str": "i"
    },
    {
      "type": "insert-node",
      "node": {
        "label": "org.eclipse.ui.internal.decorators.DecoratorManager",
        "type": "TypeAccess"
      },
      "location-after-char-start": 0,
      "location-after-char-end": 0,
      "node-str": "org.eclipse.ui.internal.decorators.DecoratorManager"
    },
    {
      "type": "insert-node",
      "node": {
        "label": "full",
        "type": "VariableRead"
      },
      "location-after-char-start": 22027,
      "location-after-char-end": 22030,
      "node-str": "full"
    },
    {
      "type": "delete-node",
      "node": {
        "label": "org.eclipse.ui.internal.decorators.DecoratorManager",
        "type": "TypeAccess"
      },
      "location-before-char-start": 0,
      "location-before-char-end": 0,
      "node-str": "org.eclipse.ui.internal.decorators.DecoratorManager"
    },
    {
      "type": "delete-node",
      "node": {
        "label": "fullDefinitions",
        "type": "FieldRead"
      },
      "location-before-char-start": 5079,
      "location-before-char-end": 5093,
      "node-str": "fullDefinitions"
    },
    {
      "type": "delete-node",
      "node": {
        "label": "void",
        "type": "RETURN_TYPE"
      },
      "location-before-char-start": 0,
      "location-before-char-end": 0,
      "node-str": "void"
    },
    {
      "type": "delete-node",
      "node": {
        "label": "public",
        "type": "Modifier"
      },
      "location-before-char-start": 0,
      "location-before-char-end": 0,
      "node-str": "public"
    },
    {
      "type": "delete-node",
      "node": {
        "label": "org.eclipse.ui.internal.decorators.DecoratorManager",
        "type": "TypeAccess"
      },
      "location-before-char-start": 0,
      "location-before-char-end": 0,
      "node-str": "org.eclipse.ui.internal.decorators.DecoratorManager"
    },
    {
      "type": "delete-node",
      "node": {
        "label": "applyDecoratorsPreference",
        "type": "Invocation"
      },
      "location-before-char-start": 6792,
      "location-before-char-end": 6819,
      "node-str": "applyDecoratorsPreference"
    },
    {
      "type": "delete-node",
      "node": {
        "label": "restoreListeners",
        "type": "Method"
      },
      "location-before-char-start": 6586,
      "location-before-char-end": 6825,
      "node-str": "restoreListeners"
    },
    {
      "type": "delete-node",
      "node": {
        "label": "boolean",
        "type": "VARIABLE_TYPE"
      },
      "location-before-char-start": 0,
      "location-before-char-end": 0,
      "node-str": "boolean"
    },
    {
      "type": "delete-node",
      "node": {
        "label": "org.eclipse.ui.internal.decorators.DecoratorManager",
        "type": "TypeAccess"
      },
      "location-before-char-start": 0,
      "location-before-char-end": 0,
      "node-str": "org.eclipse.ui.internal.decorators.DecoratorManager"
    },
    {
      "type": "delete-node",
      "node": {
        "label": "element",
        "type": "VariableRead"
      },
      "location-before-char-start": 15786,
      "location-before-char-end": 15792,
      "node-str": "element"
    },
    {
      "type": "delete-node",
      "node": {
        "label": "property",
        "type": "VariableRead"
      },
      "location-before-char-start": 15795,
      "location-before-char-end": 15802,
      "node-str": "property"
    },
    {
      "type": "delete-node",
      "node": {
        "label": "org.eclipse.ui.internal.decorators.DecoratorManager",
        "type": "TypeAccess"
      },
      "location-before-char-start": 0,
      "location-before-char-end": 0,
      "node-str": "org.eclipse.ui.internal.decorators.DecoratorManager"
    },
    {
      "type": "delete-node",
      "node": {
        "label": "lightweightManager",
        "type": "FieldRead"
      },
      "location-before-char-start": 15821,
      "location-before-char-end": 15838,
      "node-str": "lightweightManager"
    },
    {
      "type": "delete-node",
      "node": {
        "label": "element",
        "type": "VariableRead"
      },
      "location-before-char-start": 15857,
      "location-before-char-end": 15863,
      "node-str": "element"
    },
    {
      "type": "delete-node",
      "node": {
        "label": "getDecoratorsFor",
        "type": "Invocation"
      },
      "location-before-char-start": 15821,
      "location-before-char-end": 15864,
      "node-str": "getDecoratorsFor"
    },
    {
      "type": "delete-node",
      "node": {
        "label": "isLabelProperty",
        "type": "Invocation"
      },
      "location-before-char-start": 15770,
      "location-before-char-end": 15865,
      "node-str": "isLabelProperty"
    },
    {
      "type": "delete-node",
      "node": {
        "label": "lightweightCheck",
        "type": "LocalVariable"
      },
      "location-before-char-start": 15743,
      "location-before-char-end": 15866,
      "node-str": "lightweightCheck"
    },
    {
      "type": "delete-node",
      "node": {
        "label": "org.eclipse.ui.internal.decorators.DecoratorManager",
        "type": "TypeAccess"
      },
      "location-before-char-start": 0,
      "location-before-char-end": 0,
      "node-str": "org.eclipse.ui.internal.decorators.DecoratorManager"
    },
    {
      "type": "delete-node",
      "node": {
        "label": "fullDefinitions",
        "type": "FieldRead"
      },
      "location-before-char-start": 17101,
      "location-before-char-end": 17115,
      "node-str": "fullDefinitions"
    },
    {
      "type": "delete-node",
      "node": {
        "label": "org.eclipse.ui.internal.decorators.DecoratorManager",
        "type": "TypeAccess"
      },
      "location-before-char-start": 0,
      "location-before-char-end": 0,
      "node-str": "org.eclipse.ui.internal.decorators.DecoratorManager"
    },
    {
      "type": "delete-node",
      "node": {
        "label": "fullDefinitions",
        "type": "FieldRead"
      },
      "location-before-char-start": 17148,
      "location-before-char-end": 17162,
      "node-str": "fullDefinitions"
    },
    {
      "type": "delete-node",
      "node": {
        "label": "org.eclipse.ui.internal.decorators.DecoratorManager",
        "type": "TypeAccess"
      },
      "location-before-char-start": 0,
      "location-before-char-end": 0,
      "node-str": "org.eclipse.ui.internal.decorators.DecoratorManager"
    },
    {
      "type": "delete-node",
      "node": {
        "label": "fullDefinitions",
        "type": "FieldRead"
      },
      "location-before-char-start": 17207,
      "location-before-char-end": 17221,
      "node-str": "fullDefinitions"
    },
    {
      "type": "delete-node",
      "node": {
        "label": "org.eclipse.ui.internal.decorators.DecoratorManager",
        "type": "TypeAccess"
      },
      "location-before-char-start": 0,
      "location-before-char-end": 0,
      "node-str": "org.eclipse.ui.internal.decorators.DecoratorManager"
    },
    {
      "type": "delete-node",
      "node": {
        "label": "lightweightManager",
        "type": "FieldRead"
      },
      "location-before-char-start": 17791,
      "location-before-char-end": 17808,
      "node-str": "lightweightManager"
    },
    {
      "type": "delete-node",
      "node": {
        "label": "reset",
        "type": "Invocation"
      },
      "location-before-char-start": 17791,
      "location-before-char-end": 17817,
      "node-str": "reset"
    },
    {
      "type": "delete-node",
      "node": {
        "label": "org.eclipse.ui.internal.decorators.LightweightDecoratorDefinition[]",
        "type": "VARIABLE_TYPE"
      },
      "location-before-char-start": 0,
      "location-before-char-end": 0,
      "node-str": "org.eclipse.ui.internal.decorators.LightweightDecoratorDefinition[]"
    },
    {
      "type": "delete-node",
      "node": {
        "label": "org.eclipse.ui.internal.decorators.DecoratorManager",
        "type": "TypeAccess"
      },
      "location-before-char-start": 0,
      "location-before-char-end": 0,
      "node-str": "org.eclipse.ui.internal.decorators.DecoratorManager"
    },
    {
      "type": "delete-node",
      "node": {
        "label": "lightweightManager",
        "type": "FieldRead"
      },
      "location-before-char-start": 18437,
      "location-before-char-end": 18454,
      "node-str": "lightweightManager"
    },
    {
      "type": "delete-node",
      "node": {
        "label": "getDefinitions",
        "type": "Invocation"
      },
      "location-before-char-start": 18437,
      "location-before-char-end": 18488,
      "node-str": "getDefinitions"
    },
    {
      "type": "delete-node",
      "node": {
        "label": "lightweightDefinitions",
        "type": "LocalVariable"
      },
      "location-before-char-start": 18379,
      "location-before-char-end": 18489,
      "node-str": "lightweightDefinitions"
    },
    {
      "type": "delete-node",
      "node": {
        "label": "org.eclipse.ui.internal.decorators.DecoratorManager",
        "type": "TypeAccess"
      },
      "location-before-char-start": 0,
      "location-before-char-end": 0,
      "node-str": "org.eclipse.ui.internal.decorators.DecoratorManager"
    },
    {
      "type": "delete-node",
      "node": {
        "label": "enabledIds",
        "type": "VariableRead"
      },
      "location-before-char-start": 19973,
      "location-before-char-end": 19982,
      "node-str": "enabledIds"
    },
    {
      "type": "delete-node",
      "node": {
        "label": "org.eclipse.ui.internal.decorators.DecoratorManager",
        "type": "TypeAccess"
      },
      "location-before-char-start": 0,
      "location-before-char-end": 0,
      "node-str": "org.eclipse.ui.internal.decorators.DecoratorManager"
    },
    {
      "type": "delete-node",
      "node": {
        "label": "fullDefinitions",
        "type": "FieldRead"
      },
      "location-before-char-start": 19985,
      "location-before-char-end": 19999,
      "node-str": "fullDefinitions"
    },
    {
      "type": "delete-node",
      "node": {
        "label": "writeDecoratorsPreference",
        "type": "Invocation"
      },
      "location-before-char-start": 19947,
      "location-before-char-end": 20001,
      "node-str": "writeDecoratorsPreference"
    },
    {
      "type": "delete-node",
      "node": {
        "label": "org.eclipse.ui.internal.decorators.DecoratorManager",
        "type": "TypeAccess"
      },
      "location-before-char-start": 0,
      "location-before-char-end": 0,
      "node-str": "org.eclipse.ui.internal.decorators.DecoratorManager"
    },
    {
      "type": "delete-node",
      "node": {
        "label": "enabledIds",
        "type": "VariableRead"
      },
      "location-before-char-start": 20037,
      "location-before-char-end": 20046,
      "node-str": "enabledIds"
    },
    {
      "type": "delete-node",
      "node": {
        "label": "org.eclipse.ui.internal.decorators.DecoratorManager",
        "type": "TypeAccess"
      },
      "location-before-char-start": 0,
      "location-before-char-end": 0,
      "node-str": "org.eclipse.ui.internal.decorators.DecoratorManager"
    },
    {
      "type": "delete-node",
      "node": {
        "label": "lightweightManager",
        "type": "FieldRead"
      },
      "location-before-char-start": 20049,
      "location-before-char-end": 20066,
      "node-str": "lightweightManager"
    },
    {
      "type": "delete-node",
      "node": {
        "label": "getDefinitions",
        "type": "Invocation"
      },
      "location-before-char-start": 20049,
      "location-before-char-end": 20100,
      "node-str": "getDefinitions"
    },
    {
      "type": "delete-node",
      "node": {
        "label": "writeDecoratorsPreference",
        "type": "Invocation"
      },
      "location-before-char-start": 20011,
      "location-before-char-end": 20102,
      "node-str": "writeDecoratorsPreference"
    },
    {
      "type": "delete-node",
      "node": {
        "label": "org.eclipse.ui.internal.decorators.DecoratorManager",
        "type": "TypeAccess"
      },
      "location-before-char-start": 0,
      "location-before-char-end": 0,
      "node-str": "org.eclipse.ui.internal.decorators.DecoratorManager"
    },
    {
      "type": "delete-node",
      "node": {
        "label": "fullDefinitions",
        "type": "FieldRead"
      },
      "location-before-char-start": 21775,
      "location-before-char-end": 21789,
      "node-str": "fullDefinitions"
    },
    {
      "type": "delete-node",
      "node": {
        "label": "java.lang.String",
        "type": "VARIABLE_TYPE"
      },
      "location-before-char-start": 0,
      "location-before-char-end": 0,
      "node-str": "java.lang.String"
    },
    {
      "type": "delete-node",
      "node": {
        "label": "org.eclipse.ui.internal.decorators.DecoratorManager",
        "type": "TypeAccess"
      },
      "location-before-char-start": 0,
      "location-before-char-end": 0,
      "node-str": "org.eclipse.ui.internal.decorators.DecoratorManager"
    },
    {
      "type": "delete-node",
      "node": {
        "label": "fullDefinitions",
        "type": "FieldRead"
      },
      "location-before-char-start": 21830,
      "location-before-char-end": 21844,
      "node-str": "fullDefinitions"
    },
    {
      "type": "delete-node",
      "node": {
        "label": "i",
        "type": "VariableRead"
      },
      "location-before-char-start": 21846,
      "location-before-char-end": 21846,
      "node-str": "i"
    },
    {
      "type": "delete-node",
      "node": {
        "label": "",
        "type": "ArrayRead"
      },
      "location-before-char-start": 21830,
      "location-before-char-end": 21847,
      "node-str": ""
    },
    {
      "type": "delete-node",
      "node": {
        "label": "getId",
        "type": "Invocation"
      },
      "location-before-char-start": 21830,
      "location-before-char-end": 21855,
      "node-str": "getId"
    },
    {
      "type": "delete-node",
      "node": {
        "label": "id",
        "type": "LocalVariable"
      },
      "location-before-char-start": 21818,
      "location-before-char-end": 21856,
      "node-str": "id"
    },
    {
      "type": "delete-node",
      "node": {
        "label": "org.eclipse.ui.internal.decorators.DecoratorManager",
        "type": "TypeAccess"
      },
      "location-before-char-start": 0,
      "location-before-char-end": 0,
      "node-str": "org.eclipse.ui.internal.decorators.DecoratorManager"
    },
    {
      "type": "delete-node",
      "node": {
        "label": "fullDefinitions",
        "type": "FieldRead"
      },
      "location-before-char-start": 21915,
      "location-before-char-end": 21929,
      "node-str": "fullDefinitions"
    },
    {
      "type": "delete-node",
      "node": {
        "label": "org.eclipse.ui.internal.decorators.DecoratorManager",
        "type": "TypeAccess"
      },
      "location-before-char-start": 0,
      "location-before-char-end": 0,
      "node-str": "org.eclipse.ui.internal.decorators.DecoratorManager"
    },
    {
      "type": "delete-node",
      "node": {
        "label": "fullDefinitions",
        "type": "FieldRead"
      },
      "location-before-char-start": 22037,
      "location-before-char-end": 22051,
      "node-str": "fullDefinitions"
    },
    {
      "type": "delete-node",
      "node": {
        "label": "org.eclipse.ui.internal.decorators.LightweightDecoratorDefinition[]",
        "type": "VARIABLE_TYPE"
      },
      "location-before-char-start": 0,
      "location-before-char-end": 0,
      "node-str": "org.eclipse.ui.internal.decorators.LightweightDecoratorDefinition[]"
    },
    {
      "type": "delete-node",
      "node": {
        "label": "org.eclipse.ui.internal.decorators.DecoratorManager",
        "type": "TypeAccess"
      },
      "location-before-char-start": 0,
      "location-before-char-end": 0,
      "node-str": "org.eclipse.ui.internal.decorators.DecoratorManager"
    },
    {
      "type": "delete-node",
      "node": {
        "label": "lightweightManager",
        "type": "FieldRead"
      },
      "location-before-char-start": 22166,
      "location-before-char-end": 22183,
      "node-str": "lightweightManager"
    },
    {
      "type": "delete-node",
      "node": {
        "label": "getDefinitions",
        "type": "Invocation"
      },
      "location-before-char-start": 22166,
      "location-before-char-end": 22217,
      "node-str": "getDefinitions"
    },
    {
      "type": "delete-node",
      "node": {
        "label": "lightweightDefinitions",
        "type": "LocalVariable"
      },
      "location-before-char-start": 22108,
      "location-before-char-end": 22218,
      "node-str": "lightweightDefinitions"
    },
    {
      "type": "delete-node",
      "node": {
        "label": "void",
        "type": "RETURN_TYPE"
      },
      "location-before-char-start": 0,
      "location-before-char-end": 0,
      "node-str": "void"
    },
    {
      "type": "delete-node",
      "node": {
        "label": "public",
        "type": "Modifier"
      },
      "location-before-char-start": 0,
      "location-before-char-end": 0,
      "node-str": "public"
    },
    {
      "type": "delete-node",
      "node": {
        "label": "i",
        "type": "VariableRead"
      },
      "location-before-char-start": 22910,
      "location-before-char-end": 22910,
      "node-str": "i"
    },
    {
      "type": "delete-node",
      "node": {
        "label": "org.eclipse.ui.internal.decorators.DecoratorManager",
        "type": "TypeAccess"
      },
      "location-before-char-start": 0,
      "location-before-char-end": 0,
      "node-str": "org.eclipse.ui.internal.decorators.DecoratorManager"
    },
    {
      "type": "delete-node",
      "node": {
        "label": "fullDefinitions",
        "type": "FieldRead"
      },
      "location-before-char-start": 22914,
      "location-before-char-end": 22928,
      "node-str": "fullDefinitions"
    },
    {
      "type": "delete-node",
      "node": {
        "label": "length",
        "type": "FieldRead"
      },
      "location-before-char-start": 22914,
      "location-before-char-end": 22935,
      "node-str": "length"
    },
    {
      "type": "delete-node",
      "node": {
        "label": "LT",
        "type": "BinaryOperator"
      },
      "location-before-char-start": 22910,
      "location-before-char-end": 22935,
      "node-str": "LT"
    },
    {
      "type": "delete-node",
      "node": {
        "label": "i",
        "type": "VariableWrite"
      },
      "location-before-char-start": 22938,
      "location-before-char-end": 22938,
      "node-str": "i"
    },
    {
      "type": "delete-node",
      "node": {
        "label": "POSTINC",
        "type": "UnaryOperator"
      },
      "location-before-char-start": 22938,
      "location-before-char-end": 22940,
      "node-str": "POSTINC"
    },
    {
      "type": "delete-node",
      "node": {
        "label": "org.eclipse.ui.internal.decorators.DecoratorManager",
        "type": "TypeAccess"
      },
      "location-before-char-start": 0,
      "location-before-char-end": 0,
      "node-str": "org.eclipse.ui.internal.decorators.DecoratorManager"
    },
    {
      "type": "delete-node",
      "node": {
        "label": "fullDefinitions",
        "type": "FieldRead"
      },
      "location-before-char-start": 22961,
      "location-before-char-end": 22975,
      "node-str": "fullDefinitions"
    },
    {
      "type": "delete-node",
      "node": {
        "label": "i",
        "type": "VariableRead"
      },
      "location-before-char-start": 22977,
      "location-before-char-end": 22977,
      "node-str": "i"
    },
    {
      "type": "delete-node",
      "node": {
        "label": "",
        "type": "ArrayRead"
      },
      "location-before-char-start": 22961,
      "location-before-char-end": 22978,
      "node-str": ""
    },
    {
      "type": "delete-node",
      "node": {
        "label": "isEnabled",
        "type": "Invocation"
      },
      "location-before-char-start": 22961,
      "location-before-char-end": 22990,
      "node-str": "isEnabled"
    },
    {
      "type": "delete-node",
      "node": {
        "label": "org.eclipse.ui.internal.decorators.DecoratorManager",
        "type": "TypeAccess"
      },
      "location-before-char-start": 0,
      "location-before-char-end": 0,
      "node-str": "org.eclipse.ui.internal.decorators.DecoratorManager"
    },
    {
      "type": "delete-node",
      "node": {
        "label": "fullDefinitions",
        "type": "FieldRead"
      },
      "location-before-char-start": 23009,
      "location-before-char-end": 23023,
      "node-str": "fullDefinitions"
    },
    {
      "type": "delete-node",
      "node": {
        "label": "i",
        "type": "VariableRead"
      },
      "location-before-char-start": 23025,
      "location-before-char-end": 23025,
      "node-str": "i"
    },
    {
      "type": "delete-node",
      "node": {
        "label": "",
        "type": "ArrayRead"
      },
      "location-before-char-start": 23009,
      "location-before-char-end": 23026,
      "node-str": ""
    },
    {
      "type": "delete-node",
      "node": {
        "label": "false",
        "type": "Literal"
      },
      "location-before-char-start": 23039,
      "location-before-char-end": 23043,
      "node-str": "false"
    },
    {
      "type": "delete-node",
      "node": {
        "label": "setEnabled",
        "type": "Invocation"
      },
      "location-before-char-start": 23009,
      "location-before-char-end": 23045,
      "node-str": "setEnabled"
    },
    {
      "type": "delete-node",
      "node": {
        "label": "THEN",
        "type": "then"
      },
      "location-before-char-start": 23009,
      "location-before-char-end": 23045,
      "node-str": "THEN"
    },
    {
      "type": "delete-node",
      "node": {
        "label": "if",
        "type": "If"
      },
      "location-before-char-start": 22957,
      "location-before-char-end": 23045,
      "node-str": "if"
    },
    {
      "type": "delete-node",
      "node": {
        "label": "",
        "type": "For"
      },
      "location-before-char-start": 22894,
      "location-before-char-end": 23055,
      "node-str": ""
    },
    {
      "type": "delete-node",
      "node": {
        "label": "org.eclipse.ui.internal.decorators.DecoratorManager",
        "type": "TypeAccess"
      },
      "location-before-char-start": 0,
      "location-before-char-end": 0,
      "node-str": "org.eclipse.ui.internal.decorators.DecoratorManager"
    },
    {
      "type": "delete-node",
      "node": {
        "label": "lightweightManager",
        "type": "FieldRead"
      },
      "location-before-char-start": 23065,
      "location-before-char-end": 23082,
      "node-str": "lightweightManager"
    },
    {
      "type": "delete-node",
      "node": {
        "label": "shutdown",
        "type": "Invocation"
      },
      "location-before-char-start": 23065,
      "location-before-char-end": 23094,
      "node-str": "shutdown"
    },
    {
      "type": "delete-node",
      "node": {
        "label": "shutdown",
        "type": "Method"
      },
      "location-before-char-start": 22612,
      "location-before-char-end": 23130,
      "node-str": "shutdown"
    },
    {
      "type": "delete-node",
      "node": {
        "label": "org.eclipse.ui.internal.decorators.DecoratorManager",
        "type": "TypeAccess"
      },
      "location-before-char-start": 0,
      "location-before-char-end": 0,
      "node-str": "org.eclipse.ui.internal.decorators.DecoratorManager"
    },
    {
      "type": "delete-node",
      "node": {
        "label": "lightweightManager",
        "type": "FieldRead"
      },
      "location-before-char-start": 24996,
      "location-before-char-end": 25013,
      "node-str": "lightweightManager"
    },
    {
      "type": "delete-node",
      "node": {
        "label": "org.eclipse.ui.internal.decorators.DecoratorManager",
        "type": "TypeAccess"
      },
      "location-before-char-start": 0,
      "location-before-char-end": 0,
      "node-str": "org.eclipse.ui.internal.decorators.DecoratorManager"
    },
    {
      "type": "delete-node",
      "node": {
        "label": "lightweightManager",
        "type": "FieldRead"
      },
      "location-before-char-start": 25654,
      "location-before-char-end": 25671,
      "node-str": "lightweightManager"
    },
    {
      "type": "delete-node",
      "node": {
        "label": "org.eclipse.ui.internal.decorators.FullDecoratorDefinition",
        "type": "RETURN_TYPE"
      },
      "location-before-char-start": 0,
      "location-before-char-end": 0,
      "node-str": "org.eclipse.ui.internal.decorators.FullDecoratorDefinition"
    },
    {
      "type": "delete-node",
      "node": {
        "label": "java.lang.String",
        "type": "VARIABLE_TYPE"
      },
      "location-before-char-start": 0,
      "location-before-char-end": 0,
      "node-str": "java.lang.String"
    },
    {
      "type": "delete-node",
      "node": {
        "label": "decoratorId",
        "type": "Parameter"
      },
      "location-before-char-start": 26009,
      "location-before-char-end": 26026,
      "node-str": "decoratorId"
    },
    {
      "type": "delete-node",
      "node": {
        "label": "i",
        "type": "VariableRead"
      },
      "location-before-char-start": 26055,
      "location-before-char-end": 26055,
      "node-str": "i"
    },
    {
      "type": "delete-node",
      "node": {
        "label": "org.eclipse.ui.internal.decorators.DecoratorManager",
        "type": "TypeAccess"
      },
      "location-before-char-start": 0,
      "location-before-char-end": 0,
      "node-str": "org.eclipse.ui.internal.decorators.DecoratorManager"
    },
    {
      "type": "delete-node",
      "node": {
        "label": "fullDefinitions",
        "type": "FieldRead"
      },
      "location-before-char-start": 26059,
      "location-before-char-end": 26073,
      "node-str": "fullDefinitions"
    },
    {
      "type": "delete-node",
      "node": {
        "label": "length",
        "type": "FieldRead"
      },
      "location-before-char-start": 26059,
      "location-before-char-end": 26080,
      "node-str": "length"
    },
    {
      "type": "delete-node",
      "node": {
        "label": "LT",
        "type": "BinaryOperator"
      },
      "location-before-char-start": 26055,
      "location-before-char-end": 26080,
      "node-str": "LT"
    },
    {
      "type": "delete-node",
      "node": {
        "label": "i",
        "type": "VariableWrite"
      },
      "location-before-char-start": 26083,
      "location-before-char-end": 26083,
      "node-str": "i"
    },
    {
      "type": "delete-node",
      "node": {
        "label": "POSTINC",
        "type": "UnaryOperator"
      },
      "location-before-char-start": 26083,
      "location-before-char-end": 26085,
      "node-str": "POSTINC"
    },
    {
      "type": "delete-node",
      "node": {
        "label": "org.eclipse.ui.internal.decorators.DecoratorManager",
        "type": "TypeAccess"
      },
      "location-before-char-start": 0,
      "location-before-char-end": 0,
      "node-str": "org.eclipse.ui.internal.decorators.DecoratorManager"
    },
    {
      "type": "delete-node",
      "node": {
        "label": "fullDefinitions",
        "type": "FieldRead"
      },
      "location-before-char-start": 26106,
      "location-before-char-end": 26120,
      "node-str": "fullDefinitions"
    },
    {
      "type": "delete-node",
      "node": {
        "label": "i",
        "type": "VariableRead"
      },
      "location-before-char-start": 26122,
      "location-before-char-end": 26122,
      "node-str": "i"
    },
    {
      "type": "delete-node",
      "node": {
        "label": "",
        "type": "ArrayRead"
      },
      "location-before-char-start": 26106,
      "location-before-char-end": 26123,
      "node-str": ""
    },
    {
      "type": "delete-node",
      "node": {
        "label": "getId",
        "type": "Invocation"
      },
      "location-before-char-start": 26106,
      "location-before-char-end": 26131,
      "node-str": "getId"
    },
    {
      "type": "delete-node",
      "node": {
        "label": "decoratorId",
        "type": "VariableRead"
      },
      "location-before-char-start": 26140,
      "location-before-char-end": 26150,
      "node-str": "decoratorId"
    },
    {
      "type": "delete-node",
      "node": {
        "label": "equals",
        "type": "Invocation"
      },
      "location-before-char-start": 26106,
      "location-before-char-end": 26151,
      "node-str": "equals"
    },
    {
      "type": "delete-node",
      "node": {
        "label": "org.eclipse.ui.internal.decorators.DecoratorManager",
        "type": "TypeAccess"
      },
      "location-before-char-start": 0,
      "location-before-char-end": 0,
      "node-str": "org.eclipse.ui.internal.decorators.DecoratorManager"
    },
    {
      "type": "delete-node",
      "node": {
        "label": "fullDefinitions",
        "type": "FieldRead"
      },
      "location-before-char-start": 26177,
      "location-before-char-end": 26191,
      "node-str": "fullDefinitions"
    },
    {
      "type": "delete-node",
      "node": {
        "label": "i",
        "type": "VariableRead"
      },
      "location-before-char-start": 26193,
      "location-before-char-end": 26193,
      "node-str": "i"
    },
    {
      "type": "delete-node",
      "node": {
        "label": "",
        "type": "ArrayRead"
      },
      "location-before-char-start": 26177,
      "location-before-char-end": 26194,
      "node-str": ""
    },
    {
      "type": "delete-node",
      "node": {
        "label": "return",
        "type": "Return"
      },
      "location-before-char-start": 26170,
      "location-before-char-end": 26195,
      "node-str": "return"
    },
    {
      "type": "delete-node",
      "node": {
        "label": "THEN",
        "type": "then"
      },
      "location-before-char-start": 26170,
      "location-before-char-end": 26195,
      "node-str": "THEN"
    },
    {
      "type": "delete-node",
      "node": {
        "label": "if",
        "type": "If"
      },
      "location-before-char-start": 26102,
      "location-before-char-end": 26195,
      "node-str": "if"
    },
    {
      "type": "delete-node",
      "node": {
        "label": "",
        "type": "For"
      },
      "location-before-char-start": 26039,
      "location-before-char-end": 26205,
      "node-str": ""
    },
    {
      "type": "delete-node",
      "node": {
        "label": "null",
        "type": "Literal"
      },
      "location-before-char-start": 26222,
      "location-before-char-end": 26225,
      "node-str": "null"
    },
    {
      "type": "delete-node",
      "node": {
        "label": "return",
        "type": "Return"
      },
      "location-before-char-start": 26215,
      "location-before-char-end": 26226,
      "node-str": "return"
    },
    {
      "type": "delete-node",
      "node": {
        "label": "getFullDecoratorDefinition",
        "type": "Method"
      },
      "location-before-char-start": 25749,
      "location-before-char-end": 26232,
      "node-str": "getFullDecoratorDefinition"
    },
    {
      "type": "delete-node",
      "node": {
        "label": "org.eclipse.ui.internal.decorators.LightweightDecoratorManager",
        "type": "RETURN_TYPE"
      },
      "location-before-char-start": 0,
      "location-before-char-end": 0,
      "node-str": "org.eclipse.ui.internal.decorators.LightweightDecoratorManager"
    },
    {
      "type": "delete-node",
      "node": {
        "label": "getLightweightManager",
        "type": "Method"
      },
      "location-before-char-start": 27267,
      "location-before-char-end": 27458,
      "node-str": "getLightweightManager"
    },
    {
      "type": "delete-node",
      "node": {
        "label": "org.eclipse.ui.internal.decorators.DecoratorManager",
        "type": "TypeAccess"
      },
      "location-before-char-start": 0,
      "location-before-char-end": 0,
      "node-str": "org.eclipse.ui.internal.decorators.DecoratorManager"
    },
    {
      "type": "delete-node",
      "node": {
        "label": "fullDefinitions",
        "type": "FieldRead"
      },
      "location-before-char-start": 28947,
      "location-before-char-end": 28961,
      "node-str": "fullDefinitions"
    }
  ],
  "before-file": {},
  "after-file": {},
  "mapping": {}
}