{
  "tool-info": {},
  "diff": [
    {
      "type": "update-node",
      "node": {
        "label": "f",
        "type": "Parameter"
      },
      "location-before-char-start": 10691,
      "location-before-char-end": 10695,
      "location-after-char-start": 11189,
      "location-after-char-end": 11200,
      "node-str": "encloser"
    },
    {
      "type": "insert-node",
      "node": {
        "label": "oldEncloser",
        "type": "LocalVariable"
      },
      "location-after-char-start": 11254,
      "location-after-char-end": 11281,
      "node-str": "oldEncloser"
    },
    {
      "type": "insert-node",
      "node": {
        "label": "if",
        "type": "If"
      },
      "location-after-char-start": 11291,
      "location-after-char-end": 12510,
      "node-str": "if"
    },
    {
      "type": "update-node",
      "node": {
        "label": "f",
        "type": "VariableRead"
      },
      "location-before-char-start": 10730,
      "location-before-char-end": 10730,
      "location-after-char-start": 11235,
      "location-after-char-end": 11242,
      "node-str": "encloser"
    },
    {
      "type": "insert-node",
      "node": {
        "label": "org.tigris.gef.presentation.Fig",
        "type": "VARIABLE_TYPE"
      },
      "location-after-char-start": 0,
      "location-after-char-end": 0,
      "node-str": "org.tigris.gef.presentation.Fig"
    },
    {
      "type": "insert-node",
      "node": {
        "label": "_encloser",
        "type": "FieldRead"
      },
      "location-after-char-start": 11272,
      "location-after-char-end": 11280,
      "node-str": "_encloser"
    },
    {
      "type": "insert-node",
      "node": {
        "label": "NE",
        "type": "BinaryOperator"
      },
      "location-after-char-start": 11295,
      "location-after-char-end": 11317,
      "node-str": "NE"
    },
    {
      "type": "insert-node",
      "node": {
        "label": "THEN",
        "type": "then"
      },
      "location-after-char-start": 11320,
      "location-after-char-end": 12510,
      "node-str": "THEN"
    },
    {
      "type": "update-node",
      "node": {
        "label": "f",
        "type": "VariableRead"
      },
      "location-before-char-start": 11598,
      "location-before-char-end": 11598,
      "location-after-char-start": 12532,
      "location-after-char-end": 12539,
      "node-str": "encloser"
    },
    {
      "type": "move-subtree",
      "node": {
        "label": "org.argouml.uml.diagram.ui.FigNodeModelElement",
        "type": "TypeAccess"
      },
      "location-before-char-start": 0,
      "location-before-char-end": 0,
      "location-after-char-start": 0,
      "location-after-char-end": 0,
      "node-str": "org.argouml.uml.diagram.ui.FigNodeModelElement"
    },
    {
      "type": "insert-node",
      "node": {
        "label": "encloser",
        "type": "VariableRead"
      },
      "location-after-char-start": 11295,
      "location-after-char-end": 11302,
      "node-str": "encloser"
    },
    {
      "type": "insert-node",
      "node": {
        "label": "oldEncloser",
        "type": "VariableRead"
      },
      "location-after-char-start": 11307,
      "location-after-char-end": 11317,
      "node-str": "oldEncloser"
    },
    {
      "type": "insert-node",
      "node": {
        "label": "owningModelelement",
        "type": "LocalVariable"
      },
      "location-after-char-start": 11334,
      "location-after-char-end": 11366,
      "node-str": "owningModelelement"
    },
    {
      "type": "insert-node",
      "node": {
        "label": "if",
        "type": "If"
      },
      "location-after-char-start": 11380,
      "location-after-char-end": 12134,
      "node-str": "if"
    },
    {
      "type": "insert-node",
      "node": {
        "label": "if",
        "type": "If"
      },
      "location-after-char-start": 12148,
      "location-after-char-end": 12500,
      "node-str": "if"
    },
    {
      "type": "move-subtree",
      "node": {
        "label": "java.lang.Object",
        "type": "VARIABLE_TYPE"
      },
      "location-before-char-start": 0,
      "location-before-char-end": 0,
      "location-after-char-start": 0,
      "location-after-char-end": 0,
      "node-str": "java.lang.Object"
    },
    {
      "type": "move-subtree",
      "node": {
        "label": "null",
        "type": "Literal"
      },
      "location-before-char-start": 11194,
      "location-before-char-end": 11197,
      "location-after-char-start": 11362,
      "location-after-char-end": 11365,
      "node-str": "null"
    },
    {
      "type": "move-subtree",
      "node": {
        "label": "EQ",
        "type": "BinaryOperator"
      },
      "location-before-char-start": 10875,
      "location-before-char-end": 10883,
      "location-after-char-start": 11384,
      "location-after-char-end": 11399,
      "node-str": "EQ"
    },
    {
      "type": "insert-node",
      "node": {
        "label": "THEN",
        "type": "then"
      },
      "location-after-char-start": 11402,
      "location-after-char-end": 11914,
      "node-str": "THEN"
    },
    {
      "type": "insert-node",
      "node": {
        "label": "ELSE",
        "type": "else"
      },
      "location-after-char-start": 11921,
      "location-after-char-end": 12134,
      "node-str": "ELSE"
    },
    {
      "type": "insert-node",
      "node": {
        "label": "AND",
        "type": "BinaryOperator"
      },
      "location-after-char-start": 12152,
      "location-after-char-end": 12287,
      "node-str": "AND"
    },
    {
      "type": "insert-node",
      "node": {
        "label": "THEN",
        "type": "then"
      },
      "location-after-char-start": 12290,
      "location-after-char-end": 12500,
      "node-str": "THEN"
    },
    {
      "type": "update-node",
      "node": {
        "label": "f",
        "type": "VariableRead"
      },
      "location-before-char-start": 10875,
      "location-before-char-end": 10875,
      "location-after-char-start": 11384,
      "location-after-char-end": 11391,
      "node-str": "encloser"
    },
    {
      "type": "insert-node",
      "node": {
        "label": "diagram",
        "type": "LocalVariable"
      },
      "location-after-char-start": 11473,
      "location-after-char-end": 11561,
      "node-str": "diagram"
    },
    {
      "type": "insert-node",
      "node": {
        "label": "if",
        "type": "If"
      },
      "location-after-char-start": 11579,
      "location-after-char-end": 11884,
      "node-str": "if"
    },
    {
      "type": "insert-node",
      "node": {
        "label": "if",
        "type": "If"
      },
      "location-after-char-start": 11974,
      "location-after-char-end": 12119,
      "node-str": "if"
    },
    {
      "type": "insert-node",
      "node": {
        "label": "AND",
        "type": "BinaryOperator"
      },
      "location-after-char-start": 12152,
      "location-after-char-end": 12199,
      "node-str": "AND"
    },
    {
      "type": "move-subtree",
      "node": {
        "label": "NOT",
        "type": "UnaryOperator"
      },
      "location-before-char-start": 10746,
      "location-before-char-end": 10783,
      "location-after-char-start": 12204,
      "location-after-char-end": 12287,
      "node-str": "NOT"
    },
    {
      "type": "insert-node",
      "node": {
        "label": "setModelElementContainer",
        "type": "Invocation"
      },
      "location-after-char-start": 12324,
      "location-after-char-end": 12392,
      "node-str": "setModelElementContainer"
    },
    {
      "type": "insert-node",
      "node": {
        "label": "org.argouml.ui.ArgoDiagram",
        "type": "VARIABLE_TYPE"
      },
      "location-after-char-start": 0,
      "location-after-char-end": 0,
      "node-str": "org.argouml.ui.ArgoDiagram"
    },
    {
      "type": "insert-node",
      "node": {
        "label": "getActiveDiagram",
        "type": "Invocation"
      },
      "location-after-char-start": 11495,
      "location-after-char-end": 11560,
      "node-str": "getActiveDiagram"
    },
    {
      "type": "insert-node",
      "node": {
        "label": "AND",
        "type": "BinaryOperator"
      },
      "location-after-char-start": 11583,
      "location-after-char-end": 11659,
      "node-str": "AND"
    },
    {
      "type": "insert-node",
      "node": {
        "label": "THEN",
        "type": "then"
      },
      "location-after-char-start": 11662,
      "location-after-char-end": 11759,
      "node-str": "THEN"
    },
    {
      "type": "insert-node",
      "node": {
        "label": "ELSE",
        "type": "else"
      },
      "location-after-char-start": 11766,
      "location-after-char-end": 11884,
      "node-str": "ELSE"
    },
    {
      "type": "insert-node",
      "node": {
        "label": "isABase",
        "type": "Invocation"
      },
      "location-after-char-start": 11978,
      "location-after-char-end": 12017,
      "node-str": "isABase"
    },
    {
      "type": "insert-node",
      "node": {
        "label": "THEN",
        "type": "then"
      },
      "location-after-char-start": 12020,
      "location-after-char-end": 12119,
      "node-str": "THEN"
    },
    {
      "type": "insert-node",
      "node": {
        "label": "NE",
        "type": "BinaryOperator"
      },
      "location-after-char-start": 12152,
      "location-after-char-end": 12177,
      "node-str": "NE"
    },
    {
      "type": "insert-node",
      "node": {
        "label": "NE",
        "type": "BinaryOperator"
      },
      "location-after-char-start": 12182,
      "location-after-char-end": 12199,
      "node-str": "NE"
    },
    {
      "type": "insert-node",
      "node": {
        "label": "isCyclicOwnership",
        "type": "Invocation"
      },
      "location-after-char-start": 12205,
      "location-after-char-end": 12287,
      "node-str": "isCyclicOwnership"
    },
    {
      "type": "insert-node",
      "node": {
        "label": "org.argouml.model.ModelFacade",
        "type": "TypeAccess"
      },
      "location-after-char-start": 12324,
      "location-after-char-end": 12334,
      "node-str": "org.argouml.model.ModelFacade"
    },
    {
      "type": "move-subtree",
      "node": {
        "label": "getOwner",
        "type": "Invocation"
      },
      "location-before-char-start": 10835,
      "location-before-char-end": 10860,
      "location-after-char-start": 12361,
      "location-after-char-end": 12370,
      "node-str": "getOwner"
    },
    {
      "type": "insert-node",
      "node": {
        "label": "owningModelelement",
        "type": "VariableRead"
      },
      "location-after-char-start": 12373,
      "location-after-char-end": 12390,
      "node-str": "owningModelelement"
    },
    {
      "type": "insert-node",
      "node": {
        "label": "getCurrentProject",
        "type": "Invocation"
      },
      "location-after-char-start": 11495,
      "location-after-char-end": 11541,
      "node-str": "getCurrentProject"
    },
    {
      "type": "insert-node",
      "node": {
        "label": "INSTANCEOF",
        "type": "BinaryOperator"
      },
      "location-after-char-start": 11583,
      "location-after-char-end": 11611,
      "node-str": "INSTANCEOF"
    },
    {
      "type": "insert-node",
      "node": {
        "label": "NE",
        "type": "BinaryOperator"
      },
      "location-after-char-start": 11616,
      "location-after-char-end": 11659,
      "node-str": "NE"
    },
    {
      "type": "insert-node",
      "node": {
        "label": "\u003d",
        "type": "Assignment"
      },
      "location-after-char-start": 11684,
      "location-after-char-end": 11741,
      "node-str": "\u003d"
    },
    {
      "type": "insert-node",
      "node": {
        "label": "\u003d",
        "type": "Assignment"
      },
      "location-after-char-start": 11788,
      "location-after-char-end": 11866,
      "node-str": "\u003d"
    },
    {
      "type": "insert-node",
      "node": {
        "label": "org.argouml.model.ModelFacade",
        "type": "TypeAccess"
      },
      "location-after-char-start": 11978,
      "location-after-char-end": 11988,
      "node-str": "org.argouml.model.ModelFacade"
    },
    {
      "type": "insert-node",
      "node": {
        "label": "getOwner",
        "type": "Invocation"
      },
      "location-after-char-start": 11998,
      "location-after-char-end": 12016,
      "node-str": "getOwner"
    },
    {
      "type": "insert-node",
      "node": {
        "label": "\u003d",
        "type": "Assignment"
      },
      "location-after-char-start": 12042,
      "location-after-char-end": 12082,
      "node-str": "\u003d"
    },
    {
      "type": "insert-node",
      "node": {
        "label": "owningModelelement",
        "type": "VariableRead"
      },
      "location-after-char-start": 12152,
      "location-after-char-end": 12169,
      "node-str": "owningModelelement"
    },
    {
      "type": "move-subtree",
      "node": {
        "label": "null",
        "type": "Literal"
      },
      "location-before-char-start": 11235,
      "location-before-char-end": 11238,
      "location-after-char-start": 12174,
      "location-after-char-end": 12177,
      "node-str": "null"
    },
    {
      "type": "insert-node",
      "node": {
        "label": "getOwner",
        "type": "Invocation"
      },
      "location-after-char-start": 12182,
      "location-after-char-end": 12191,
      "node-str": "getOwner"
    },
    {
      "type": "move-subtree",
      "node": {
        "label": "null",
        "type": "Literal"
      },
      "location-before-char-start": 10921,
      "location-before-char-end": 10924,
      "location-after-char-start": 12196,
      "location-after-char-end": 12199,
      "node-str": "null"
    },
    {
      "type": "insert-node",
      "node": {
        "label": "getHelper",
        "type": "Invocation"
      },
      "location-after-char-start": 12205,
      "location-after-char-end": 12237,
      "node-str": "getHelper"
    },
    {
      "type": "insert-node",
      "node": {
        "label": "owningModelelement",
        "type": "VariableRead"
      },
      "location-after-char-start": 12257,
      "location-after-char-end": 12274,
      "node-str": "owningModelelement"
    },
    {
      "type": "move-subtree",
      "node": {
        "label": "getOwner",
        "type": "Invocation"
      },
      "location-before-char-start": 10748,
      "location-before-char-end": 10757,
      "location-after-char-start": 12277,
      "location-after-char-end": 12286,
      "node-str": "getOwner"
    },
    {
      "type": "insert-node",
      "node": {
        "label": "getManager",
        "type": "Invocation"
      },
      "location-after-char-start": 11495,
      "location-after-char-end": 11521,
      "node-str": "getManager"
    },
    {
      "type": "insert-node",
      "node": {
        "label": "diagram",
        "type": "VariableRead"
      },
      "location-after-char-start": 11583,
      "location-after-char-end": 11589,
      "node-str": "diagram"
    },
    {
      "type": "insert-node",
      "node": {
        "label": "org.argouml.uml.diagram.ui.UMLDiagram",
        "type": "TypeAccess"
      },
      "location-after-char-start": 11602,
      "location-after-char-end": 11611,
      "node-str": "org.argouml.uml.diagram.ui.UMLDiagram"
    },
    {
      "type": "insert-node",
      "node": {
        "label": "getNamespace",
        "type": "Invocation"
      },
      "location-after-char-start": 11616,
      "location-after-char-end": 11651,
      "node-str": "getNamespace"
    },
    {
      "type": "insert-node",
      "node": {
        "label": "null",
        "type": "Literal"
      },
      "location-after-char-start": 11656,
      "location-after-char-end": 11659,
      "node-str": "null"
    },
    {
      "type": "insert-node",
      "node": {
        "label": "owningModelelement",
        "type": "VariableWrite"
      },
      "location-after-char-start": 11684,
      "location-after-char-end": 11701,
      "node-str": "owningModelelement"
    },
    {
      "type": "insert-node",
      "node": {
        "label": "getNamespace",
        "type": "Invocation"
      },
      "location-after-char-start": 11705,
      "location-after-char-end": 11740,
      "node-str": "getNamespace"
    },
    {
      "type": "insert-node",
      "node": {
        "label": "owningModelelement",
        "type": "VariableWrite"
      },
      "location-after-char-start": 11788,
      "location-after-char-end": 11805,
      "node-str": "owningModelelement"
    },
    {
      "type": "insert-node",
      "node": {
        "label": "getRoot",
        "type": "Invocation"
      },
      "location-after-char-start": 11809,
      "location-after-char-end": 11865,
      "node-str": "getRoot"
    },
    {
      "type": "insert-node",
      "node": {
        "label": "encloser",
        "type": "VariableRead"
      },
      "location-after-char-start": 11998,
      "location-after-char-end": 12005,
      "node-str": "encloser"
    },
    {
      "type": "insert-node",
      "node": {
        "label": "owningModelelement",
        "type": "VariableWrite"
      },
      "location-after-char-start": 12042,
      "location-after-char-end": 12059,
      "node-str": "owningModelelement"
    },
    {
      "type": "insert-node",
      "node": {
        "label": "getOwner",
        "type": "Invocation"
      },
      "location-after-char-start": 12063,
      "location-after-char-end": 12081,
      "node-str": "getOwner"
    },
    {
      "type": "insert-node",
      "node": {
        "label": "org.argouml.uml.diagram.ui.FigNodeModelElement",
        "type": "TypeAccess"
      },
      "location-after-char-start": 0,
      "location-after-char-end": 0,
      "node-str": "org.argouml.uml.diagram.ui.FigNodeModelElement"
    },
    {
      "type": "insert-node",
      "node": {
        "label": "org.argouml.model.uml.modelmanagement.ModelManagementHelper",
        "type": "TypeAccess"
      },
      "location-after-char-start": 12205,
      "location-after-char-end": 12225,
      "node-str": "org.argouml.model.uml.modelmanagement.ModelManagementHelper"
    },
    {
      "type": "insert-node",
      "node": {
        "label": "org.argouml.kernel.ProjectManager",
        "type": "TypeAccess"
      },
      "location-after-char-start": 11495,
      "location-after-char-end": 11508,
      "node-str": "org.argouml.kernel.ProjectManager"
    },
    {
      "type": "insert-node",
      "node": {
        "label": "diagram",
        "type": "VariableRead"
      },
      "location-after-char-start": 11616,
      "location-after-char-end": 11636,
      "node-str": "diagram"
    },
    {
      "type": "insert-node",
      "node": {
        "label": "diagram",
        "type": "VariableRead"
      },
      "location-after-char-start": 11705,
      "location-after-char-end": 11725,
      "node-str": "diagram"
    },
    {
      "type": "insert-node",
      "node": {
        "label": "getCurrentProject",
        "type": "Invocation"
      },
      "location-after-char-start": 11809,
      "location-after-char-end": 11855,
      "node-str": "getCurrentProject"
    },
    {
      "type": "insert-node",
      "node": {
        "label": "encloser",
        "type": "VariableRead"
      },
      "location-after-char-start": 12063,
      "location-after-char-end": 12070,
      "node-str": "encloser"
    },
    {
      "type": "insert-node",
      "node": {
        "label": "getManager",
        "type": "Invocation"
      },
      "location-after-char-start": 11809,
      "location-after-char-end": 11835,
      "node-str": "getManager"
    },
    {
      "type": "insert-node",
      "node": {
        "label": "org.argouml.kernel.ProjectManager",
        "type": "TypeAccess"
      },
      "location-after-char-start": 11809,
      "location-after-char-end": 11822,
      "node-str": "org.argouml.kernel.ProjectManager"
    },
    {
      "type": "delete-node",
      "node": {
        "label": "ru.novosoft.uml.foundation.core.MModelElement",
        "type": "TypeAccess"
      },
      "location-before-char-start": 10770,
      "location-before-char-end": 10782,
      "node-str": "ru.novosoft.uml.foundation.core.MModelElement"
    },
    {
      "type": "delete-node",
      "node": {
        "label": "INSTANCEOF",
        "type": "BinaryOperator"
      },
      "location-before-char-start": 10747,
      "location-before-char-end": 10783,
      "node-str": "INSTANCEOF"
    },
    {
      "type": "delete-node",
      "node": {
        "label": "return",
        "type": "Return"
      },
      "location-before-char-start": 10798,
      "location-before-char-end": 10804,
      "node-str": "return"
    },
    {
      "type": "delete-node",
      "node": {
        "label": "THEN",
        "type": "then"
      },
      "location-before-char-start": 10798,
      "location-before-char-end": 10804,
      "node-str": "THEN"
    },
    {
      "type": "delete-node",
      "node": {
        "label": "if",
        "type": "If"
      },
      "location-before-char-start": 10742,
      "location-before-char-end": 10804,
      "node-str": "if"
    },
    {
      "type": "delete-node",
      "node": {
        "label": "ru.novosoft.uml.foundation.core.MModelElement",
        "type": "VARIABLE_TYPE"
      },
      "location-before-char-start": 0,
      "location-before-char-end": 0,
      "node-str": "ru.novosoft.uml.foundation.core.MModelElement"
    },
    {
      "type": "delete-node",
      "node": {
        "label": "elem",
        "type": "LocalVariable"
      },
      "location-before-char-start": 10814,
      "location-before-char-end": 10861,
      "node-str": "elem"
    },
    {
      "type": "delete-node",
      "node": {
        "label": "getEnclosingFig",
        "type": "Invocation"
      },
      "location-before-char-start": 10900,
      "location-before-char-end": 10916,
      "node-str": "getEnclosingFig"
    },
    {
      "type": "delete-node",
      "node": {
        "label": "NE",
        "type": "BinaryOperator"
      },
      "location-before-char-start": 10900,
      "location-before-char-end": 10924,
      "node-str": "NE"
    },
    {
      "type": "delete-node",
      "node": {
        "label": "AND",
        "type": "BinaryOperator"
      },
      "location-before-char-start": 10875,
      "location-before-char-end": 10924,
      "node-str": "AND"
    },
    {
      "type": "delete-node",
      "node": {
        "label": "return",
        "type": "Return"
      },
      "location-before-char-start": 11159,
      "location-before-char-end": 11165,
      "node-str": "return"
    },
    {
      "type": "delete-node",
      "node": {
        "label": "THEN",
        "type": "then"
      },
      "location-before-char-start": 10927,
      "location-before-char-end": 11175,
      "node-str": "THEN"
    },
    {
      "type": "delete-node",
      "node": {
        "label": "if",
        "type": "If"
      },
      "location-before-char-start": 10871,
      "location-before-char-end": 11175,
      "node-str": "if"
    },
    {
      "type": "delete-node",
      "node": {
        "label": "f",
        "type": "VariableRead"
      },
      "location-before-char-start": 11189,
      "location-before-char-end": 11189,
      "node-str": "f"
    },
    {
      "type": "delete-node",
      "node": {
        "label": "EQ",
        "type": "BinaryOperator"
      },
      "location-before-char-start": 11189,
      "location-before-char-end": 11197,
      "node-str": "EQ"
    },
    {
      "type": "delete-node",
      "node": {
        "label": "org.argouml.uml.diagram.ui.FigNodeModelElement",
        "type": "TypeAccess"
      },
      "location-before-char-start": 0,
      "location-before-char-end": 0,
      "node-str": "org.argouml.uml.diagram.ui.FigNodeModelElement"
    },
    {
      "type": "delete-node",
      "node": {
        "label": "getEnclosingFig",
        "type": "Invocation"
      },
      "location-before-char-start": 11214,
      "location-before-char-end": 11230,
      "node-str": "getEnclosingFig"
    },
    {
      "type": "delete-node",
      "node": {
        "label": "EQ",
        "type": "BinaryOperator"
      },
      "location-before-char-start": 11214,
      "location-before-char-end": 11238,
      "node-str": "EQ"
    },
    {
      "type": "delete-node",
      "node": {
        "label": "AND",
        "type": "BinaryOperator"
      },
      "location-before-char-start": 11189,
      "location-before-char-end": 11238,
      "node-str": "AND"
    },
    {
      "type": "delete-node",
      "node": {
        "label": "return",
        "type": "Return"
      },
      "location-before-char-start": 11283,
      "location-before-char-end": 11289,
      "node-str": "return"
    },
    {
      "type": "delete-node",
      "node": {
        "label": "THEN",
        "type": "then"
      },
      "location-before-char-start": 11241,
      "location-before-char-end": 11299,
      "node-str": "THEN"
    },
    {
      "type": "delete-node",
      "node": {
        "label": "if",
        "type": "If"
      },
      "location-before-char-start": 11185,
      "location-before-char-end": 11299,
      "node-str": "if"
    },
    {
      "type": "delete-node",
      "node": {
        "label": "f",
        "type": "VariableRead"
      },
      "location-before-char-start": 11325,
      "location-before-char-end": 11325,
      "node-str": "f"
    },
    {
      "type": "delete-node",
      "node": {
        "label": "getOwner",
        "type": "Invocation"
      },
      "location-before-char-start": 11325,
      "location-before-char-end": 11336,
      "node-str": "getOwner"
    },
    {
      "type": "delete-node",
      "node": {
        "label": "fOwner",
        "type": "LocalVariable"
      },
      "location-before-char-start": 11309,
      "location-before-char-end": 11337,
      "node-str": "fOwner"
    },
    {
      "type": "delete-node",
      "node": {
        "label": "fOwner",
        "type": "VariableRead"
      },
      "location-before-char-start": 11351,
      "location-before-char-end": 11356,
      "node-str": "fOwner"
    },
    {
      "type": "delete-node",
      "node": {
        "label": "ru.novosoft.uml.foundation.core.MNamespace",
        "type": "TypeAccess"
      },
      "location-before-char-start": 11369,
      "location-before-char-end": 11378,
      "node-str": "ru.novosoft.uml.foundation.core.MNamespace"
    },
    {
      "type": "delete-node",
      "node": {
        "label": "INSTANCEOF",
        "type": "BinaryOperator"
      },
      "location-before-char-start": 11351,
      "location-before-char-end": 11378,
      "node-str": "INSTANCEOF"
    },
    {
      "type": "delete-node",
      "node": {
        "label": "org.argouml.model.uml.foundation.core.CoreHelper",
        "type": "TypeAccess"
      },
      "location-before-char-start": 11425,
      "location-before-char-end": 11434,
      "node-str": "org.argouml.model.uml.foundation.core.CoreHelper"
    },
    {
      "type": "delete-node",
      "node": {
        "label": "getHelper",
        "type": "Invocation"
      },
      "location-before-char-start": 11425,
      "location-before-char-end": 11446,
      "node-str": "getHelper"
    },
    {
      "type": "delete-node",
      "node": {
        "label": "elem",
        "type": "VariableRead"
      },
      "location-before-char-start": 11465,
      "location-before-char-end": 11468,
      "node-str": "elem"
    },
    {
      "type": "delete-node",
      "node": {
        "label": "fOwner",
        "type": "VariableRead"
      },
      "location-before-char-start": 11479,
      "location-before-char-end": 11497,
      "node-str": "fOwner"
    },
    {
      "type": "delete-node",
      "node": {
        "label": "isValidNamespace",
        "type": "Invocation"
      },
      "location-before-char-start": 11425,
      "location-before-char-end": 11498,
      "node-str": "isValidNamespace"
    },
    {
      "type": "delete-node",
      "node": {
        "label": "fOwner",
        "type": "VariableRead"
      },
      "location-before-char-start": 11503,
      "location-before-char-end": 11523,
      "node-str": "fOwner"
    },
    {
      "type": "delete-node",
      "node": {
        "label": "elem",
        "type": "VariableRead"
      },
      "location-before-char-start": 11541,
      "location-before-char-end": 11544,
      "node-str": "elem"
    },
    {
      "type": "delete-node",
      "node": {
        "label": "addOwnedElement",
        "type": "Invocation"
      },
      "location-before-char-start": 11503,
      "location-before-char-end": 11546,
      "node-str": "addOwnedElement"
    },
    {
      "type": "delete-node",
      "node": {
        "label": "THEN",
        "type": "then"
      },
      "location-before-char-start": 11503,
      "location-before-char-end": 11546,
      "node-str": "THEN"
    },
    {
      "type": "delete-node",
      "node": {
        "label": "if",
        "type": "If"
      },
      "location-before-char-start": 11421,
      "location-before-char-end": 11546,
      "node-str": "if"
    },
    {
      "type": "delete-node",
      "node": {
        "label": "return",
        "type": "Return"
      },
      "location-before-char-start": 11560,
      "location-before-char-end": 11566,
      "node-str": "return"
    },
    {
      "type": "delete-node",
      "node": {
        "label": "THEN",
        "type": "then"
      },
      "location-before-char-start": 11381,
      "location-before-char-end": 11576,
      "node-str": "THEN"
    },
    {
      "type": "delete-node",
      "node": {
        "label": "if",
        "type": "If"
      },
      "location-before-char-start": 11347,
      "location-before-char-end": 11576,
      "node-str": "if"
    }
  ],
  "before-file": {},
  "after-file": {},
  "mapping": {}
}