{
  "tool-info": {},
  "diff": [
    {
      "type": "insert-node",
      "node": {
        "label": "PropPanelAssociation",
        "type": "Class"
      },
      "location-after-char-start": 2220,
      "location-after-char-end": 8332,
      "node-str": "PropPanelAssociation"
    },
    {
      "type": "insert-node",
      "node": {
        "label": "public",
        "type": "Modifier"
      },
      "location-after-char-start": 0,
      "location-after-char-end": 0,
      "node-str": "public"
    },
    {
      "type": "insert-node",
      "node": {
        "label": "",
        "type": "TypeReference"
      },
      "location-after-char-start": 2262,
      "location-after-char-end": 2282,
      "node-str": ""
    },
    {
      "type": "insert-node",
      "node": {
        "label": "\u003cinit\u003e",
        "type": "Constructor"
      },
      "location-after-char-start": 2290,
      "location-after-char-end": 5954,
      "node-str": "\u003cinit\u003e"
    },
    {
      "type": "move-subtree",
      "node": {
        "label": "addAssociationEnd",
        "type": "Method"
      },
      "location-before-char-start": 5506,
      "location-before-char-end": 6050,
      "location-after-char-start": 5960,
      "location-after-char-end": 6504,
      "node-str": "addAssociationEnd"
    },
    {
      "type": "move-subtree",
      "node": {
        "label": "newAssociation",
        "type": "Method"
      },
      "location-before-char-start": 6057,
      "location-before-char-end": 6885,
      "location-after-char-start": 6511,
      "location-after-char-end": 7339,
      "node-str": "newAssociation"
    },
    {
      "type": "move-subtree",
      "node": {
        "label": "addGeneralization",
        "type": "Method"
      },
      "location-before-char-start": 6892,
      "location-before-char-end": 7667,
      "location-after-char-start": 7346,
      "location-after-char-end": 8121,
      "node-str": "addGeneralization"
    },
    {
      "type": "move-subtree",
      "node": {
        "label": "isAcceptibleBaseMetaClass",
        "type": "Method"
      },
      "location-before-char-start": 7674,
      "location-before-char-end": 7836,
      "location-after-char-start": 8128,
      "location-after-char-end": 8290,
      "node-str": "isAcceptibleBaseMetaClass"
    },
    {
      "type": "insert-node",
      "node": {
        "label": "PropPanelModelElement",
        "type": "SUPER_TYPE"
      },
      "location-after-char-start": 0,
      "location-after-char-end": 0,
      "node-str": "PropPanelModelElement"
    },
    {
      "type": "insert-node",
      "node": {
        "label": "public",
        "type": "Modifier"
      },
      "location-after-char-start": 0,
      "location-after-char-end": 0,
      "node-str": "public"
    },
    {
      "type": "insert-node",
      "node": {
        "label": "\u003cinit\u003e",
        "type": "Invocation"
      },
      "location-after-char-start": 2410,
      "location-after-char-end": 2449,
      "node-str": "\u003cinit\u003e"
    },
    {
      "type": "move-subtree",
      "node": {
        "label": "mclass",
        "type": "LocalVariable"
      },
      "location-before-char-start": 2417,
      "location-before-char-end": 2450,
      "location-after-char-start": 2456,
      "location-after-char-end": 2489,
      "node-str": "mclass"
    },
    {
      "type": "move-subtree",
      "node": {
        "label": "namesToWatch",
        "type": "LocalVariable"
      },
      "location-before-char-start": 2661,
      "location-before-char-end": 2740,
      "location-after-char-start": 2700,
      "location-after-char-end": 2779,
      "node-str": "namesToWatch"
    },
    {
      "type": "insert-node",
      "node": {
        "label": "setNameEventListening",
        "type": "Invocation"
      },
      "location-after-char-start": 2785,
      "location-after-char-end": 2820,
      "node-str": "setNameEventListening"
    },
    {
      "type": "insert-node",
      "node": {
        "label": "addCaption",
        "type": "Invocation"
      },
      "location-after-char-start": 2827,
      "location-after-char-end": 2883,
      "node-str": "addCaption"
    },
    {
      "type": "insert-node",
      "node": {
        "label": "addField",
        "type": "Invocation"
      },
      "location-after-char-start": 2889,
      "location-after-char-end": 2914,
      "node-str": "addField"
    },
    {
      "type": "insert-node",
      "node": {
        "label": "addCaption",
        "type": "Invocation"
      },
      "location-after-char-start": 2921,
      "location-after-char-end": 2983,
      "node-str": "addCaption"
    },
    {
      "type": "insert-node",
      "node": {
        "label": "addField",
        "type": "Invocation"
      },
      "location-after-char-start": 2989,
      "location-after-char-end": 3097,
      "node-str": "addField"
    },
    {
      "type": "insert-node",
      "node": {
        "label": "addCaption",
        "type": "Invocation"
      },
      "location-after-char-start": 3104,
      "location-after-char-end": 3165,
      "node-str": "addCaption"
    },
    {
      "type": "insert-node",
      "node": {
        "label": "addLinkField",
        "type": "Invocation"
      },
      "location-after-char-start": 3171,
      "location-after-char-end": 3206,
      "node-str": "addLinkField"
    },
    {
      "type": "insert-node",
      "node": {
        "label": "addCaption",
        "type": "Invocation"
      },
      "location-after-char-start": 3213,
      "location-after-char-end": 3274,
      "node-str": "addCaption"
    },
    {
      "type": "move-subtree",
      "node": {
        "label": "modifiersPanel",
        "type": "LocalVariable"
      },
      "location-before-char-start": 3082,
      "location-before-char-end": 3137,
      "location-after-char-start": 3281,
      "location-after-char-end": 3336,
      "node-str": "modifiersPanel"
    },
    {
      "type": "insert-node",
      "node": {
        "label": "add",
        "type": "Invocation"
      },
      "location-after-char-start": 3342,
      "location-after-char-end": 3513,
      "node-str": "add"
    },
    {
      "type": "insert-node",
      "node": {
        "label": "add",
        "type": "Invocation"
      },
      "location-after-char-start": 3519,
      "location-after-char-end": 3675,
      "node-str": "add"
    },
    {
      "type": "move-subtree",
      "node": {
        "label": "add",
        "type": "Invocation"
      },
      "location-before-char-start": 3426,
      "location-before-char-end": 3553,
      "location-after-char-start": 3681,
      "location-after-char-end": 3808,
      "node-str": "add"
    },
    {
      "type": "insert-node",
      "node": {
        "label": "addField",
        "type": "Invocation"
      },
      "location-after-char-start": 3814,
      "location-after-char-end": 3844,
      "node-str": "addField"
    },
    {
      "type": "insert-node",
      "node": {
        "label": "addCaption",
        "type": "Invocation"
      },
      "location-after-char-start": 3852,
      "location-after-char-end": 3923,
      "node-str": "addCaption"
    },
    {
      "type": "move-subtree",
      "node": {
        "label": "assocEndList",
        "type": "LocalVariable"
      },
      "location-before-char-start": 3643,
      "location-before-char-end": 3736,
      "location-after-char-start": 3929,
      "location-after-char-end": 4022,
      "node-str": "assocEndList"
    },
    {
      "type": "move-subtree",
      "node": {
        "label": "setBackground",
        "type": "Invocation"
      },
      "location-before-char-start": 3742,
      "location-before-char-end": 3785,
      "location-after-char-start": 4028,
      "location-after-char-end": 4071,
      "node-str": "setBackground"
    },
    {
      "type": "move-subtree",
      "node": {
        "label": "setForeground",
        "type": "Invocation"
      },
      "location-before-char-start": 3791,
      "location-before-char-end": 3829,
      "location-after-char-start": 4077,
      "location-after-char-end": 4115,
      "node-str": "setForeground"
    },
    {
      "type": "move-subtree",
      "node": {
        "label": "addField",
        "type": "Invocation"
      },
      "location-before-char-start": 3835,
      "location-before-char-end": 3883,
      "location-after-char-start": 4121,
      "location-after-char-end": 4169,
      "node-str": "addField"
    },
    {
      "type": "insert-node",
      "node": {
        "label": "addCaption",
        "type": "Invocation"
      },
      "location-after-char-start": 4176,
      "location-after-char-end": 4212,
      "node-str": "addCaption"
    },
    {
      "type": "move-subtree",
      "node": {
        "label": "extendsList",
        "type": "LocalVariable"
      },
      "location-before-char-start": 3932,
      "location-before-char-end": 4028,
      "location-after-char-start": 4218,
      "location-after-char-end": 4314,
      "node-str": "extendsList"
    },
    {
      "type": "move-subtree",
      "node": {
        "label": "extendsScroll",
        "type": "LocalVariable"
      },
      "location-before-char-start": 4034,
      "location-before-char-end": 4164,
      "location-after-char-start": 4320,
      "location-after-char-end": 4450,
      "node-str": "extendsScroll"
    },
    {
      "type": "insert-node",
      "node": {
        "label": "addLinkField",
        "type": "Invocation"
      },
      "location-after-char-start": 4456,
      "location-after-char-end": 4489,
      "node-str": "addLinkField"
    },
    {
      "type": "insert-node",
      "node": {
        "label": "addCaption",
        "type": "Invocation"
      },
      "location-after-char-start": 4496,
      "location-after-char-end": 4532,
      "node-str": "addCaption"
    },
    {
      "type": "move-subtree",
      "node": {
        "label": "derivedList",
        "type": "LocalVariable"
      },
      "location-before-char-start": 4252,
      "location-before-char-end": 4336,
      "location-after-char-start": 4538,
      "location-after-char-end": 4622,
      "node-str": "derivedList"
    },
    {
      "type": "move-subtree",
      "node": {
        "label": "setForeground",
        "type": "Invocation"
      },
      "location-before-char-start": 4342,
      "location-before-char-end": 4379,
      "location-after-char-start": 4628,
      "location-after-char-end": 4665,
      "node-str": "setForeground"
    },
    {
      "type": "insert-node",
      "node": {
        "label": "setVisibleRowCount",
        "type": "Invocation"
      },
      "location-after-char-start": 4671,
      "location-after-char-end": 4704,
      "node-str": "setVisibleRowCount"
    },
    {
      "type": "insert-node",
      "node": {
        "label": "setFont",
        "type": "Invocation"
      },
      "location-after-char-start": 4710,
      "location-after-char-end": 4740,
      "node-str": "setFont"
    },
    {
      "type": "move-subtree",
      "node": {
        "label": "derivedScroll",
        "type": "LocalVariable"
      },
      "location-before-char-start": 4460,
      "location-before-char-end": 4590,
      "location-after-char-start": 4746,
      "location-after-char-end": 4876,
      "node-str": "derivedScroll"
    },
    {
      "type": "insert-node",
      "node": {
        "label": "addField",
        "type": "Invocation"
      },
      "location-after-char-start": 4882,
      "location-after-char-end": 4911,
      "node-str": "addField"
    },
    {
      "type": "insert-node",
      "node": {
        "label": "java.lang.Object()",
        "type": "ConstructorCall"
      },
      "location-after-char-start": 4918,
      "location-after-char-end": 5033,
      "node-str": "java.lang.Object()"
    },
    {
      "type": "insert-node",
      "node": {
        "label": "java.lang.Object()",
        "type": "ConstructorCall"
      },
      "location-after-char-start": 5039,
      "location-after-char-end": 5178,
      "node-str": "java.lang.Object()"
    },
    {
      "type": "insert-node",
      "node": {
        "label": "java.lang.Object()",
        "type": "ConstructorCall"
      },
      "location-after-char-start": 5184,
      "location-after-char-end": 5335,
      "node-str": "java.lang.Object()"
    },
    {
      "type": "insert-node",
      "node": {
        "label": "java.lang.Object()",
        "type": "ConstructorCall"
      },
      "location-after-char-start": 5341,
      "location-after-char-end": 5466,
      "node-str": "java.lang.Object()"
    },
    {
      "type": "insert-node",
      "node": {
        "label": "\"Association\"",
        "type": "Literal"
      },
      "location-after-char-start": 2416,
      "location-after-char-end": 2428,
      "node-str": "\"Association\""
    },
    {
      "type": "insert-node",
      "node": {
        "label": "_associationIcon",
        "type": "FieldRead"
      },
      "location-after-char-start": 2430,
      "location-after-char-end": 2445,
      "node-str": "_associationIcon"
    },
    {
      "type": "insert-node",
      "node": {
        "label": "2",
        "type": "Literal"
      },
      "location-after-char-start": 2447,
      "location-after-char-end": 2447,
      "node-str": "2"
    },
    {
      "type": "insert-node",
      "node": {
        "label": "org.argouml.uml.ui.foundation.core.PropPanelAssociation",
        "type": "TypeAccess"
      },
      "location-after-char-start": 0,
      "location-after-char-end": 0,
      "node-str": "org.argouml.uml.ui.foundation.core.PropPanelAssociation"
    },
    {
      "type": "insert-node",
      "node": {
        "label": "namesToWatch",
        "type": "VariableRead"
      },
      "location-after-char-start": 2807,
      "location-after-char-end": 2818,
      "node-str": "namesToWatch"
    },
    {
      "type": "insert-node",
      "node": {
        "label": "org.argouml.uml.ui.foundation.core.PropPanelAssociation",
        "type": "TypeAccess"
      },
      "location-after-char-start": 0,
      "location-after-char-end": 0,
      "node-str": "org.argouml.uml.ui.foundation.core.PropPanelAssociation"
    },
    {
      "type": "insert-node",
      "node": {
        "label": "localize",
        "type": "Invocation"
      },
      "location-after-char-start": 2838,
      "location-after-char-end": 2875,
      "node-str": "localize"
    },
    {
      "type": "insert-node",
      "node": {
        "label": "1",
        "type": "Literal"
      },
      "location-after-char-start": 2877,
      "location-after-char-end": 2877,
      "node-str": "1"
    },
    {
      "type": "insert-node",
      "node": {
        "label": "0",
        "type": "Literal"
      },
      "location-after-char-start": 2879,
      "location-after-char-end": 2879,
      "node-str": "0"
    },
    {
      "type": "insert-node",
      "node": {
        "label": "0",
        "type": "Literal"
      },
      "location-after-char-start": 2881,
      "location-after-char-end": 2881,
      "node-str": "0"
    },
    {
      "type": "insert-node",
      "node": {
        "label": "org.argouml.uml.ui.foundation.core.PropPanelAssociation",
        "type": "TypeAccess"
      },
      "location-after-char-start": 0,
      "location-after-char-end": 0,
      "node-str": "org.argouml.uml.ui.foundation.core.PropPanelAssociation"
    },
    {
      "type": "insert-node",
      "node": {
        "label": "nameField",
        "type": "FieldRead"
      },
      "location-after-char-start": 2898,
      "location-after-char-end": 2906,
      "node-str": "nameField"
    },
    {
      "type": "insert-node",
      "node": {
        "label": "1",
        "type": "Literal"
      },
      "location-after-char-start": 2908,
      "location-after-char-end": 2908,
      "node-str": "1"
    },
    {
      "type": "insert-node",
      "node": {
        "label": "0",
        "type": "Literal"
      },
      "location-after-char-start": 2910,
      "location-after-char-end": 2910,
      "node-str": "0"
    },
    {
      "type": "insert-node",
      "node": {
        "label": "0",
        "type": "Literal"
      },
      "location-after-char-start": 2912,
      "location-after-char-end": 2912,
      "node-str": "0"
    },
    {
      "type": "insert-node",
      "node": {
        "label": "org.argouml.uml.ui.foundation.core.PropPanelAssociation",
        "type": "TypeAccess"
      },
      "location-after-char-start": 0,
      "location-after-char-end": 0,
      "node-str": "org.argouml.uml.ui.foundation.core.PropPanelAssociation"
    },
    {
      "type": "insert-node",
      "node": {
        "label": "localize",
        "type": "Invocation"
      },
      "location-after-char-start": 2932,
      "location-after-char-end": 2975,
      "node-str": "localize"
    },
    {
      "type": "insert-node",
      "node": {
        "label": "2",
        "type": "Literal"
      },
      "location-after-char-start": 2977,
      "location-after-char-end": 2977,
      "node-str": "2"
    },
    {
      "type": "insert-node",
      "node": {
        "label": "0",
        "type": "Literal"
      },
      "location-after-char-start": 2979,
      "location-after-char-end": 2979,
      "node-str": "0"
    },
    {
      "type": "insert-node",
      "node": {
        "label": "0",
        "type": "Literal"
      },
      "location-after-char-start": 2981,
      "location-after-char-end": 2981,
      "node-str": "0"
    },
    {
      "type": "insert-node",
      "node": {
        "label": "org.argouml.uml.ui.foundation.core.PropPanelAssociation",
        "type": "TypeAccess"
      },
      "location-after-char-start": 0,
      "location-after-char-end": 0,
      "node-str": "org.argouml.uml.ui.foundation.core.PropPanelAssociation"
    },
    {
      "type": "insert-node",
      "node": {
        "label": "java.lang.Object()",
        "type": "ConstructorCall"
      },
      "location-after-char-start": 2998,
      "location-after-char-end": 3089,
      "node-str": "java.lang.Object()"
    },
    {
      "type": "insert-node",
      "node": {
        "label": "2",
        "type": "Literal"
      },
      "location-after-char-start": 3091,
      "location-after-char-end": 3091,
      "node-str": "2"
    },
    {
      "type": "insert-node",
      "node": {
        "label": "0",
        "type": "Literal"
      },
      "location-after-char-start": 3093,
      "location-after-char-end": 3093,
      "node-str": "0"
    },
    {
      "type": "insert-node",
      "node": {
        "label": "0",
        "type": "Literal"
      },
      "location-after-char-start": 3095,
      "location-after-char-end": 3095,
      "node-str": "0"
    },
    {
      "type": "insert-node",
      "node": {
        "label": "org.argouml.uml.ui.foundation.core.PropPanelAssociation",
        "type": "TypeAccess"
      },
      "location-after-char-start": 0,
      "location-after-char-end": 0,
      "node-str": "org.argouml.uml.ui.foundation.core.PropPanelAssociation"
    },
    {
      "type": "insert-node",
      "node": {
        "label": "localize",
        "type": "Invocation"
      },
      "location-after-char-start": 3115,
      "location-after-char-end": 3157,
      "node-str": "localize"
    },
    {
      "type": "insert-node",
      "node": {
        "label": "3",
        "type": "Literal"
      },
      "location-after-char-start": 3159,
      "location-after-char-end": 3159,
      "node-str": "3"
    },
    {
      "type": "insert-node",
      "node": {
        "label": "0",
        "type": "Literal"
      },
      "location-after-char-start": 3161,
      "location-after-char-end": 3161,
      "node-str": "0"
    },
    {
      "type": "insert-node",
      "node": {
        "label": "0",
        "type": "Literal"
      },
      "location-after-char-start": 3163,
      "location-after-char-end": 3163,
      "node-str": "0"
    },
    {
      "type": "insert-node",
      "node": {
        "label": "org.argouml.uml.ui.foundation.core.PropPanelAssociation",
        "type": "TypeAccess"
      },
      "location-after-char-start": 0,
      "location-after-char-end": 0,
      "node-str": "org.argouml.uml.ui.foundation.core.PropPanelAssociation"
    },
    {
      "type": "insert-node",
      "node": {
        "label": "namespaceScroll",
        "type": "FieldRead"
      },
      "location-after-char-start": 3184,
      "location-after-char-end": 3198,
      "node-str": "namespaceScroll"
    },
    {
      "type": "insert-node",
      "node": {
        "label": "3",
        "type": "Literal"
      },
      "location-after-char-start": 3200,
      "location-after-char-end": 3200,
      "node-str": "3"
    },
    {
      "type": "insert-node",
      "node": {
        "label": "0",
        "type": "Literal"
      },
      "location-after-char-start": 3202,
      "location-after-char-end": 3202,
      "node-str": "0"
    },
    {
      "type": "insert-node",
      "node": {
        "label": "0",
        "type": "Literal"
      },
      "location-after-char-start": 3204,
      "location-after-char-end": 3204,
      "node-str": "0"
    },
    {
      "type": "insert-node",
      "node": {
        "label": "org.argouml.uml.ui.foundation.core.PropPanelAssociation",
        "type": "TypeAccess"
      },
      "location-after-char-start": 0,
      "location-after-char-end": 0,
      "node-str": "org.argouml.uml.ui.foundation.core.PropPanelAssociation"
    },
    {
      "type": "insert-node",
      "node": {
        "label": "localize",
        "type": "Invocation"
      },
      "location-after-char-start": 3224,
      "location-after-char-end": 3266,
      "node-str": "localize"
    },
    {
      "type": "insert-node",
      "node": {
        "label": "4",
        "type": "Literal"
      },
      "location-after-char-start": 3268,
      "location-after-char-end": 3268,
      "node-str": "4"
    },
    {
      "type": "insert-node",
      "node": {
        "label": "0",
        "type": "Literal"
      },
      "location-after-char-start": 3270,
      "location-after-char-end": 3270,
      "node-str": "0"
    },
    {
      "type": "insert-node",
      "node": {
        "label": "1",
        "type": "Literal"
      },
      "location-after-char-start": 3272,
      "location-after-char-end": 3272,
      "node-str": "1"
    },
    {
      "type": "insert-node",
      "node": {
        "label": "modifiersPanel",
        "type": "VariableRead"
      },
      "location-after-char-start": 3342,
      "location-after-char-end": 3355,
      "node-str": "modifiersPanel"
    },
    {
      "type": "insert-node",
      "node": {
        "label": "java.lang.Object()",
        "type": "ConstructorCall"
      },
      "location-after-char-start": 3361,
      "location-after-char-end": 3511,
      "node-str": "java.lang.Object()"
    },
    {
      "type": "insert-node",
      "node": {
        "label": "modifiersPanel",
        "type": "VariableRead"
      },
      "location-after-char-start": 3519,
      "location-after-char-end": 3532,
      "node-str": "modifiersPanel"
    },
    {
      "type": "insert-node",
      "node": {
        "label": "java.lang.Object()",
        "type": "ConstructorCall"
      },
      "location-after-char-start": 3538,
      "location-after-char-end": 3673,
      "node-str": "java.lang.Object()"
    },
    {
      "type": "insert-node",
      "node": {
        "label": "org.argouml.uml.ui.foundation.core.PropPanelAssociation",
        "type": "TypeAccess"
      },
      "location-after-char-start": 0,
      "location-after-char-end": 0,
      "node-str": "org.argouml.uml.ui.foundation.core.PropPanelAssociation"
    },
    {
      "type": "insert-node",
      "node": {
        "label": "modifiersPanel",
        "type": "VariableRead"
      },
      "location-after-char-start": 3823,
      "location-after-char-end": 3836,
      "node-str": "modifiersPanel"
    },
    {
      "type": "insert-node",
      "node": {
        "label": "4",
        "type": "Literal"
      },
      "location-after-char-start": 3838,
      "location-after-char-end": 3838,
      "node-str": "4"
    },
    {
      "type": "insert-node",
      "node": {
        "label": "0",
        "type": "Literal"
      },
      "location-after-char-start": 3840,
      "location-after-char-end": 3840,
      "node-str": "0"
    },
    {
      "type": "insert-node",
      "node": {
        "label": "0",
        "type": "Literal"
      },
      "location-after-char-start": 3842,
      "location-after-char-end": 3842,
      "node-str": "0"
    },
    {
      "type": "insert-node",
      "node": {
        "label": "org.argouml.uml.ui.foundation.core.PropPanelAssociation",
        "type": "TypeAccess"
      },
      "location-after-char-start": 0,
      "location-after-char-end": 0,
      "node-str": "org.argouml.uml.ui.foundation.core.PropPanelAssociation"
    },
    {
      "type": "insert-node",
      "node": {
        "label": "localize",
        "type": "Invocation"
      },
      "location-after-char-start": 3863,
      "location-after-char-end": 3912,
      "node-str": "localize"
    },
    {
      "type": "insert-node",
      "node": {
        "label": "0",
        "type": "Literal"
      },
      "location-after-char-start": 3914,
      "location-after-char-end": 3914,
      "node-str": "0"
    },
    {
      "type": "insert-node",
      "node": {
        "label": "1",
        "type": "Literal"
      },
      "location-after-char-start": 3916,
      "location-after-char-end": 3916,
      "node-str": "1"
    },
    {
      "type": "insert-node",
      "node": {
        "label": "0.25",
        "type": "Literal"
      },
      "location-after-char-start": 3918,
      "location-after-char-end": 3921,
      "node-str": "0.25"
    },
    {
      "type": "insert-node",
      "node": {
        "label": "org.argouml.uml.ui.foundation.core.PropPanelAssociation",
        "type": "TypeAccess"
      },
      "location-after-char-start": 0,
      "location-after-char-end": 0,
      "node-str": "org.argouml.uml.ui.foundation.core.PropPanelAssociation"
    },
    {
      "type": "insert-node",
      "node": {
        "label": "\"Generalizations:\"",
        "type": "Literal"
      },
      "location-after-char-start": 4187,
      "location-after-char-end": 4204,
      "node-str": "\"Generalizations:\""
    },
    {
      "type": "insert-node",
      "node": {
        "label": "1",
        "type": "Literal"
      },
      "location-after-char-start": 4206,
      "location-after-char-end": 4206,
      "node-str": "1"
    },
    {
      "type": "insert-node",
      "node": {
        "label": "1",
        "type": "Literal"
      },
      "location-after-char-start": 4208,
      "location-after-char-end": 4208,
      "node-str": "1"
    },
    {
      "type": "insert-node",
      "node": {
        "label": "0",
        "type": "Literal"
      },
      "location-after-char-start": 4210,
      "location-after-char-end": 4210,
      "node-str": "0"
    },
    {
      "type": "insert-node",
      "node": {
        "label": "org.argouml.uml.ui.foundation.core.PropPanelAssociation",
        "type": "TypeAccess"
      },
      "location-after-char-start": 0,
      "location-after-char-end": 0,
      "node-str": "org.argouml.uml.ui.foundation.core.PropPanelAssociation"
    },
    {
      "type": "insert-node",
      "node": {
        "label": "extendsScroll",
        "type": "VariableRead"
      },
      "location-after-char-start": 4469,
      "location-after-char-end": 4481,
      "node-str": "extendsScroll"
    },
    {
      "type": "insert-node",
      "node": {
        "label": "1",
        "type": "Literal"
      },
      "location-after-char-start": 4483,
      "location-after-char-end": 4483,
      "node-str": "1"
    },
    {
      "type": "insert-node",
      "node": {
        "label": "1",
        "type": "Literal"
      },
      "location-after-char-start": 4485,
      "location-after-char-end": 4485,
      "node-str": "1"
    },
    {
      "type": "insert-node",
      "node": {
        "label": "0",
        "type": "Literal"
      },
      "location-after-char-start": 4487,
      "location-after-char-end": 4487,
      "node-str": "0"
    },
    {
      "type": "insert-node",
      "node": {
        "label": "org.argouml.uml.ui.foundation.core.PropPanelAssociation",
        "type": "TypeAccess"
      },
      "location-after-char-start": 0,
      "location-after-char-end": 0,
      "node-str": "org.argouml.uml.ui.foundation.core.PropPanelAssociation"
    },
    {
      "type": "insert-node",
      "node": {
        "label": "\"Specializations:\"",
        "type": "Literal"
      },
      "location-after-char-start": 4507,
      "location-after-char-end": 4524,
      "node-str": "\"Specializations:\""
    },
    {
      "type": "insert-node",
      "node": {
        "label": "2",
        "type": "Literal"
      },
      "location-after-char-start": 4526,
      "location-after-char-end": 4526,
      "node-str": "2"
    },
    {
      "type": "insert-node",
      "node": {
        "label": "1",
        "type": "Literal"
      },
      "location-after-char-start": 4528,
      "location-after-char-end": 4528,
      "node-str": "1"
    },
    {
      "type": "insert-node",
      "node": {
        "label": "1",
        "type": "Literal"
      },
      "location-after-char-start": 4530,
      "location-after-char-end": 4530,
      "node-str": "1"
    },
    {
      "type": "insert-node",
      "node": {
        "label": "derivedList",
        "type": "VariableRead"
      },
      "location-after-char-start": 4671,
      "location-after-char-end": 4681,
      "node-str": "derivedList"
    },
    {
      "type": "insert-node",
      "node": {
        "label": "1",
        "type": "Literal"
      },
      "location-after-char-start": 4702,
      "location-after-char-end": 4702,
      "node-str": "1"
    },
    {
      "type": "insert-node",
      "node": {
        "label": "derivedList",
        "type": "VariableRead"
      },
      "location-after-char-start": 4710,
      "location-after-char-end": 4720,
      "node-str": "derivedList"
    },
    {
      "type": "insert-node",
      "node": {
        "label": "smallFont",
        "type": "FieldRead"
      },
      "location-after-char-start": 4730,
      "location-after-char-end": 4738,
      "node-str": "smallFont"
    },
    {
      "type": "insert-node",
      "node": {
        "label": "org.argouml.uml.ui.foundation.core.PropPanelAssociation",
        "type": "TypeAccess"
      },
      "location-after-char-start": 0,
      "location-after-char-end": 0,
      "node-str": "org.argouml.uml.ui.foundation.core.PropPanelAssociation"
    },
    {
      "type": "insert-node",
      "node": {
        "label": "derivedScroll",
        "type": "VariableRead"
      },
      "location-after-char-start": 4891,
      "location-after-char-end": 4903,
      "node-str": "derivedScroll"
    },
    {
      "type": "insert-node",
      "node": {
        "label": "2",
        "type": "Literal"
      },
      "location-after-char-start": 4905,
      "location-after-char-end": 4905,
      "node-str": "2"
    },
    {
      "type": "insert-node",
      "node": {
        "label": "1",
        "type": "Literal"
      },
      "location-after-char-start": 4907,
      "location-after-char-end": 4907,
      "node-str": "1"
    },
    {
      "type": "insert-node",
      "node": {
        "label": "0",
        "type": "Literal"
      },
      "location-after-char-start": 4909,
      "location-after-char-end": 4909,
      "node-str": "0"
    },
    {
      "type": "insert-node",
      "node": {
        "label": "this",
        "type": "ThisAccess"
      },
      "location-after-char-start": 4938,
      "location-after-char-end": 4941,
      "node-str": "this"
    },
    {
      "type": "insert-node",
      "node": {
        "label": "buttonPanel",
        "type": "FieldRead"
      },
      "location-after-char-start": 4943,
      "location-after-char-end": 4953,
      "node-str": "buttonPanel"
    },
    {
      "type": "insert-node",
      "node": {
        "label": "_navUpIcon",
        "type": "FieldRead"
      },
      "location-after-char-start": 4955,
      "location-after-char-end": 4964,
      "node-str": "_navUpIcon"
    },
    {
      "type": "insert-node",
      "node": {
        "label": "localize",
        "type": "Invocation"
      },
      "location-after-char-start": 4967,
      "location-after-char-end": 5006,
      "node-str": "localize"
    },
    {
      "type": "insert-node",
      "node": {
        "label": "\"navigateNamespace\"",
        "type": "Literal"
      },
      "location-after-char-start": 5008,
      "location-after-char-end": 5026,
      "node-str": "\"navigateNamespace\""
    },
    {
      "type": "insert-node",
      "node": {
        "label": "null",
        "type": "Literal"
      },
      "location-after-char-start": 5028,
      "location-after-char-end": 5031,
      "node-str": "null"
    },
    {
      "type": "insert-node",
      "node": {
        "label": "this",
        "type": "ThisAccess"
      },
      "location-after-char-start": 5059,
      "location-after-char-end": 5062,
      "node-str": "this"
    },
    {
      "type": "insert-node",
      "node": {
        "label": "buttonPanel",
        "type": "FieldRead"
      },
      "location-after-char-start": 5064,
      "location-after-char-end": 5074,
      "node-str": "buttonPanel"
    },
    {
      "type": "insert-node",
      "node": {
        "label": "_navBackIcon",
        "type": "FieldRead"
      },
      "location-after-char-start": 5076,
      "location-after-char-end": 5087,
      "node-str": "_navBackIcon"
    },
    {
      "type": "insert-node",
      "node": {
        "label": "localize",
        "type": "Invocation"
      },
      "location-after-char-start": 5090,
      "location-after-char-end": 5131,
      "node-str": "localize"
    },
    {
      "type": "insert-node",
      "node": {
        "label": "\"navigateBackAction\"",
        "type": "Literal"
      },
      "location-after-char-start": 5133,
      "location-after-char-end": 5152,
      "node-str": "\"navigateBackAction\""
    },
    {
      "type": "insert-node",
      "node": {
        "label": "\"isNavigateBackEnabled\"",
        "type": "Literal"
      },
      "location-after-char-start": 5154,
      "location-after-char-end": 5176,
      "node-str": "\"isNavigateBackEnabled\""
    },
    {
      "type": "insert-node",
      "node": {
        "label": "this",
        "type": "ThisAccess"
      },
      "location-after-char-start": 5204,
      "location-after-char-end": 5207,
      "node-str": "this"
    },
    {
      "type": "insert-node",
      "node": {
        "label": "buttonPanel",
        "type": "FieldRead"
      },
      "location-after-char-start": 5209,
      "location-after-char-end": 5219,
      "node-str": "buttonPanel"
    },
    {
      "type": "insert-node",
      "node": {
        "label": "_navForwardIcon",
        "type": "FieldRead"
      },
      "location-after-char-start": 5221,
      "location-after-char-end": 5235,
      "node-str": "_navForwardIcon"
    },
    {
      "type": "insert-node",
      "node": {
        "label": "localize",
        "type": "Invocation"
      },
      "location-after-char-start": 5238,
      "location-after-char-end": 5282,
      "node-str": "localize"
    },
    {
      "type": "insert-node",
      "node": {
        "label": "\"navigateForwardAction\"",
        "type": "Literal"
      },
      "location-after-char-start": 5284,
      "location-after-char-end": 5306,
      "node-str": "\"navigateForwardAction\""
    },
    {
      "type": "insert-node",
      "node": {
        "label": "\"isNavigateForwardEnabled\"",
        "type": "Literal"
      },
      "location-after-char-start": 5308,
      "location-after-char-end": 5333,
      "node-str": "\"isNavigateForwardEnabled\""
    },
    {
      "type": "insert-node",
      "node": {
        "label": "this",
        "type": "ThisAccess"
      },
      "location-after-char-start": 5361,
      "location-after-char-end": 5364,
      "node-str": "this"
    },
    {
      "type": "insert-node",
      "node": {
        "label": "buttonPanel",
        "type": "FieldRead"
      },
      "location-after-char-start": 5366,
      "location-after-char-end": 5376,
      "node-str": "buttonPanel"
    },
    {
      "type": "insert-node",
      "node": {
        "label": "_deleteIcon",
        "type": "FieldRead"
      },
      "location-after-char-start": 5378,
      "location-after-char-end": 5388,
      "node-str": "_deleteIcon"
    },
    {
      "type": "insert-node",
      "node": {
        "label": "localize",
        "type": "Invocation"
      },
      "location-after-char-start": 5391,
      "location-after-char-end": 5443,
      "node-str": "localize"
    },
    {
      "type": "insert-node",
      "node": {
        "label": "\"removeElement\"",
        "type": "Literal"
      },
      "location-after-char-start": 5445,
      "location-after-char-end": 5459,
      "node-str": "\"removeElement\""
    },
    {
      "type": "insert-node",
      "node": {
        "label": "null",
        "type": "Literal"
      },
      "location-after-char-start": 5461,
      "location-after-char-end": 5464,
      "node-str": "null"
    },
    {
      "type": "insert-node",
      "node": {
        "label": "Argo",
        "type": "TypeAccess"
      },
      "location-after-char-start": 2838,
      "location-after-char-end": 2841,
      "node-str": "Argo"
    },
    {
      "type": "insert-node",
      "node": {
        "label": "\"UMLMenu\"",
        "type": "Literal"
      },
      "location-after-char-start": 2852,
      "location-after-char-end": 2860,
      "node-str": "\"UMLMenu\""
    },
    {
      "type": "insert-node",
      "node": {
        "label": "\"label.name\"",
        "type": "Literal"
      },
      "location-after-char-start": 2863,
      "location-after-char-end": 2874,
      "node-str": "\"label.name\""
    },
    {
      "type": "insert-node",
      "node": {
        "label": "Argo",
        "type": "TypeAccess"
      },
      "location-after-char-start": 2932,
      "location-after-char-end": 2935,
      "node-str": "Argo"
    },
    {
      "type": "insert-node",
      "node": {
        "label": "\"UMLMenu\"",
        "type": "Literal"
      },
      "location-after-char-start": 2946,
      "location-after-char-end": 2954,
      "node-str": "\"UMLMenu\""
    },
    {
      "type": "insert-node",
      "node": {
        "label": "\"label.stereotype\"",
        "type": "Literal"
      },
      "location-after-char-start": 2957,
      "location-after-char-end": 2974,
      "node-str": "\"label.stereotype\""
    },
    {
      "type": "insert-node",
      "node": {
        "label": "this",
        "type": "ThisAccess"
      },
      "location-after-char-start": 3023,
      "location-after-char-end": 3026,
      "node-str": "this"
    },
    {
      "type": "insert-node",
      "node": {
        "label": "localize",
        "type": "Invocation"
      },
      "location-after-char-start": 3029,
      "location-after-char-end": 3074,
      "node-str": "localize"
    },
    {
      "type": "insert-node",
      "node": {
        "label": "stereotypeBox",
        "type": "FieldRead"
      },
      "location-after-char-start": 3076,
      "location-after-char-end": 3088,
      "node-str": "stereotypeBox"
    },
    {
      "type": "insert-node",
      "node": {
        "label": "Argo",
        "type": "TypeAccess"
      },
      "location-after-char-start": 3115,
      "location-after-char-end": 3118,
      "node-str": "Argo"
    },
    {
      "type": "insert-node",
      "node": {
        "label": "\"UMLMenu\"",
        "type": "Literal"
      },
      "location-after-char-start": 3129,
      "location-after-char-end": 3137,
      "node-str": "\"UMLMenu\""
    },
    {
      "type": "insert-node",
      "node": {
        "label": "\"label.namespace\"",
        "type": "Literal"
      },
      "location-after-char-start": 3140,
      "location-after-char-end": 3156,
      "node-str": "\"label.namespace\""
    },
    {
      "type": "insert-node",
      "node": {
        "label": "Argo",
        "type": "TypeAccess"
      },
      "location-after-char-start": 3224,
      "location-after-char-end": 3227,
      "node-str": "Argo"
    },
    {
      "type": "insert-node",
      "node": {
        "label": "\"UMLMenu\"",
        "type": "Literal"
      },
      "location-after-char-start": 3238,
      "location-after-char-end": 3246,
      "node-str": "\"UMLMenu\""
    },
    {
      "type": "insert-node",
      "node": {
        "label": "\"label.modifiers\"",
        "type": "Literal"
      },
      "location-after-char-start": 3249,
      "location-after-char-end": 3265,
      "node-str": "\"label.modifiers\""
    },
    {
      "type": "insert-node",
      "node": {
        "label": "localize",
        "type": "Invocation"
      },
      "location-after-char-start": 3377,
      "location-after-char-end": 3424,
      "node-str": "localize"
    },
    {
      "type": "insert-node",
      "node": {
        "label": "this",
        "type": "ThisAccess"
      },
      "location-after-char-start": 3426,
      "location-after-char-end": 3429,
      "node-str": "this"
    },
    {
      "type": "insert-node",
      "node": {
        "label": "UMLReflectionBooleanProperty(java.lang.String,java.lang.Class,java.lang.String,java.lang.String)",
        "type": "ConstructorCall"
      },
      "location-after-char-start": 3431,
      "location-after-char-end": 3510,
      "node-str": "UMLReflectionBooleanProperty(java.lang.String,java.lang.Class,java.lang.String,java.lang.String)"
    },
    {
      "type": "insert-node",
      "node": {
        "label": "localize",
        "type": "Invocation"
      },
      "location-after-char-start": 3554,
      "location-after-char-end": 3598,
      "node-str": "localize"
    },
    {
      "type": "insert-node",
      "node": {
        "label": "this",
        "type": "ThisAccess"
      },
      "location-after-char-start": 3600,
      "location-after-char-end": 3603,
      "node-str": "this"
    },
    {
      "type": "insert-node",
      "node": {
        "label": "UMLReflectionBooleanProperty(java.lang.String,java.lang.Class,java.lang.String,java.lang.String)",
        "type": "ConstructorCall"
      },
      "location-after-char-start": 3605,
      "location-after-char-end": 3672,
      "node-str": "UMLReflectionBooleanProperty(java.lang.String,java.lang.Class,java.lang.String,java.lang.String)"
    },
    {
      "type": "insert-node",
      "node": {
        "label": "Argo",
        "type": "TypeAccess"
      },
      "location-after-char-start": 3863,
      "location-after-char-end": 3866,
      "node-str": "Argo"
    },
    {
      "type": "insert-node",
      "node": {
        "label": "\"UMLMenu\"",
        "type": "Literal"
      },
      "location-after-char-start": 3877,
      "location-after-char-end": 3885,
      "node-str": "\"UMLMenu\""
    },
    {
      "type": "insert-node",
      "node": {
        "label": "\"label.association-ends\"",
        "type": "Literal"
      },
      "location-after-char-start": 3888,
      "location-after-char-end": 3911,
      "node-str": "\"label.association-ends\""
    },
    {
      "type": "insert-node",
      "node": {
        "label": "org.argouml.uml.ui.foundation.core.PropPanelAssociation",
        "type": "TypeAccess"
      },
      "location-after-char-start": 0,
      "location-after-char-end": 0,
      "node-str": "org.argouml.uml.ui.foundation.core.PropPanelAssociation"
    },
    {
      "type": "insert-node",
      "node": {
        "label": "Argo",
        "type": "TypeAccess"
      },
      "location-after-char-start": 4967,
      "location-after-char-end": 4970,
      "node-str": "Argo"
    },
    {
      "type": "insert-node",
      "node": {
        "label": "\"UMLMenu\"",
        "type": "Literal"
      },
      "location-after-char-start": 4981,
      "location-after-char-end": 4989,
      "node-str": "\"UMLMenu\""
    },
    {
      "type": "insert-node",
      "node": {
        "label": "\"button.go-up\"",
        "type": "Literal"
      },
      "location-after-char-start": 4992,
      "location-after-char-end": 5005,
      "node-str": "\"button.go-up\""
    },
    {
      "type": "insert-node",
      "node": {
        "label": "org.argouml.uml.ui.foundation.core.PropPanelAssociation",
        "type": "TypeAccess"
      },
      "location-after-char-start": 0,
      "location-after-char-end": 0,
      "node-str": "org.argouml.uml.ui.foundation.core.PropPanelAssociation"
    },
    {
      "type": "insert-node",
      "node": {
        "label": "Argo",
        "type": "TypeAccess"
      },
      "location-after-char-start": 5090,
      "location-after-char-end": 5093,
      "node-str": "Argo"
    },
    {
      "type": "insert-node",
      "node": {
        "label": "\"UMLMenu\"",
        "type": "Literal"
      },
      "location-after-char-start": 5104,
      "location-after-char-end": 5112,
      "node-str": "\"UMLMenu\""
    },
    {
      "type": "insert-node",
      "node": {
        "label": "\"button.go-back\"",
        "type": "Literal"
      },
      "location-after-char-start": 5115,
      "location-after-char-end": 5130,
      "node-str": "\"button.go-back\""
    },
    {
      "type": "insert-node",
      "node": {
        "label": "org.argouml.uml.ui.foundation.core.PropPanelAssociation",
        "type": "TypeAccess"
      },
      "location-after-char-start": 0,
      "location-after-char-end": 0,
      "node-str": "org.argouml.uml.ui.foundation.core.PropPanelAssociation"
    },
    {
      "type": "insert-node",
      "node": {
        "label": "Argo",
        "type": "TypeAccess"
      },
      "location-after-char-start": 5238,
      "location-after-char-end": 5241,
      "node-str": "Argo"
    },
    {
      "type": "insert-node",
      "node": {
        "label": "\"UMLMenu\"",
        "type": "Literal"
      },
      "location-after-char-start": 5252,
      "location-after-char-end": 5260,
      "node-str": "\"UMLMenu\""
    },
    {
      "type": "insert-node",
      "node": {
        "label": "\"button.go-forward\"",
        "type": "Literal"
      },
      "location-after-char-start": 5263,
      "location-after-char-end": 5281,
      "node-str": "\"button.go-forward\""
    },
    {
      "type": "insert-node",
      "node": {
        "label": "org.argouml.uml.ui.foundation.core.PropPanelAssociation",
        "type": "TypeAccess"
      },
      "location-after-char-start": 0,
      "location-after-char-end": 0,
      "node-str": "org.argouml.uml.ui.foundation.core.PropPanelAssociation"
    },
    {
      "type": "insert-node",
      "node": {
        "label": "Argo",
        "type": "TypeAccess"
      },
      "location-after-char-start": 5391,
      "location-after-char-end": 5394,
      "node-str": "Argo"
    },
    {
      "type": "insert-node",
      "node": {
        "label": "\"UMLMenu\"",
        "type": "Literal"
      },
      "location-after-char-start": 5405,
      "location-after-char-end": 5413,
      "node-str": "\"UMLMenu\""
    },
    {
      "type": "insert-node",
      "node": {
        "label": "\"button.delete-association\"",
        "type": "Literal"
      },
      "location-after-char-start": 5416,
      "location-after-char-end": 5442,
      "node-str": "\"button.delete-association\""
    },
    {
      "type": "insert-node",
      "node": {
        "label": "org.argouml.uml.ui.foundation.core.PropPanelAssociation",
        "type": "TypeAccess"
      },
      "location-after-char-start": 0,
      "location-after-char-end": 0,
      "node-str": "org.argouml.uml.ui.foundation.core.PropPanelAssociation"
    },
    {
      "type": "insert-node",
      "node": {
        "label": "Argo",
        "type": "TypeAccess"
      },
      "location-after-char-start": 3029,
      "location-after-char-end": 3032,
      "node-str": "Argo"
    },
    {
      "type": "insert-node",
      "node": {
        "label": "\"UMLMenu\"",
        "type": "Literal"
      },
      "location-after-char-start": 3043,
      "location-after-char-end": 3051,
      "node-str": "\"UMLMenu\""
    },
    {
      "type": "insert-node",
      "node": {
        "label": "\"tooltip.nav-stereo\"",
        "type": "Literal"
      },
      "location-after-char-start": 3054,
      "location-after-char-end": 3073,
      "node-str": "\"tooltip.nav-stereo\""
    },
    {
      "type": "insert-node",
      "node": {
        "label": "Argo",
        "type": "TypeAccess"
      },
      "location-after-char-start": 3377,
      "location-after-char-end": 3380,
      "node-str": "Argo"
    },
    {
      "type": "insert-node",
      "node": {
        "label": "\"UMLMenu\"",
        "type": "Literal"
      },
      "location-after-char-start": 3391,
      "location-after-char-end": 3399,
      "node-str": "\"UMLMenu\""
    },
    {
      "type": "insert-node",
      "node": {
        "label": "\"checkbox.abstract-uc\"",
        "type": "Literal"
      },
      "location-after-char-start": 3402,
      "location-after-char-end": 3423,
      "node-str": "\"checkbox.abstract-uc\""
    },
    {
      "type": "insert-node",
      "node": {
        "label": "org.argouml.uml.ui.foundation.core.PropPanelAssociation",
        "type": "TypeAccess"
      },
      "location-after-char-start": 0,
      "location-after-char-end": 0,
      "node-str": "org.argouml.uml.ui.foundation.core.PropPanelAssociation"
    },
    {
      "type": "insert-node",
      "node": {
        "label": "\"isAbstract\"",
        "type": "Literal"
      },
      "location-after-char-start": 3464,
      "location-after-char-end": 3475,
      "node-str": "\"isAbstract\""
    },
    {
      "type": "insert-node",
      "node": {
        "label": "mclass",
        "type": "VariableRead"
      },
      "location-after-char-start": 3477,
      "location-after-char-end": 3482,
      "node-str": "mclass"
    },
    {
      "type": "insert-node",
      "node": {
        "label": "\"isAbstract\"",
        "type": "Literal"
      },
      "location-after-char-start": 3484,
      "location-after-char-end": 3495,
      "node-str": "\"isAbstract\""
    },
    {
      "type": "insert-node",
      "node": {
        "label": "\"setAbstract\"",
        "type": "Literal"
      },
      "location-after-char-start": 3497,
      "location-after-char-end": 3509,
      "node-str": "\"setAbstract\""
    },
    {
      "type": "insert-node",
      "node": {
        "label": "Argo",
        "type": "TypeAccess"
      },
      "location-after-char-start": 3554,
      "location-after-char-end": 3557,
      "node-str": "Argo"
    },
    {
      "type": "insert-node",
      "node": {
        "label": "\"UMLMenu\"",
        "type": "Literal"
      },
      "location-after-char-start": 3568,
      "location-after-char-end": 3576,
      "node-str": "\"UMLMenu\""
    },
    {
      "type": "insert-node",
      "node": {
        "label": "\"checkbox.final-uc\"",
        "type": "Literal"
      },
      "location-after-char-start": 3579,
      "location-after-char-end": 3597,
      "node-str": "\"checkbox.final-uc\""
    },
    {
      "type": "insert-node",
      "node": {
        "label": "org.argouml.uml.ui.foundation.core.PropPanelAssociation",
        "type": "TypeAccess"
      },
      "location-after-char-start": 0,
      "location-after-char-end": 0,
      "node-str": "org.argouml.uml.ui.foundation.core.PropPanelAssociation"
    },
    {
      "type": "insert-node",
      "node": {
        "label": "\"isLeaf\"",
        "type": "Literal"
      },
      "location-after-char-start": 3638,
      "location-after-char-end": 3645,
      "node-str": "\"isLeaf\""
    },
    {
      "type": "insert-node",
      "node": {
        "label": "mclass",
        "type": "VariableRead"
      },
      "location-after-char-start": 3647,
      "location-after-char-end": 3652,
      "node-str": "mclass"
    },
    {
      "type": "insert-node",
      "node": {
        "label": "\"isLeaf\"",
        "type": "Literal"
      },
      "location-after-char-start": 3654,
      "location-after-char-end": 3661,
      "node-str": "\"isLeaf\""
    },
    {
      "type": "insert-node",
      "node": {
        "label": "\"setLeaf\"",
        "type": "Literal"
      },
      "location-after-char-start": 3663,
      "location-after-char-end": 3671,
      "node-str": "\"setLeaf\""
    },
    {
      "type": "delete-node",
      "node": {
        "label": "public",
        "type": "Modifier"
      },
      "location-before-char-start": 0,
      "location-before-char-end": 0,
      "node-str": "public"
    },
    {
      "type": "delete-node",
      "node": {
        "label": "PropPanelModelElement",
        "type": "SUPER_TYPE"
      },
      "location-before-char-start": 0,
      "location-before-char-end": 0,
      "node-str": "PropPanelModelElement"
    },
    {
      "type": "delete-node",
      "node": {
        "label": "",
        "type": "TypeReference"
      },
      "location-before-char-start": 2223,
      "location-before-char-end": 2243,
      "node-str": ""
    },
    {
      "type": "delete-node",
      "node": {
        "label": "public",
        "type": "Modifier"
      },
      "location-before-char-start": 0,
      "location-before-char-end": 0,
      "node-str": "public"
    },
    {
      "type": "delete-node",
      "node": {
        "label": "\"Association\"",
        "type": "Literal"
      },
      "location-before-char-start": 2377,
      "location-before-char-end": 2389,
      "node-str": "\"Association\""
    },
    {
      "type": "delete-node",
      "node": {
        "label": "_associationIcon",
        "type": "FieldRead"
      },
      "location-before-char-start": 2391,
      "location-before-char-end": 2406,
      "node-str": "_associationIcon"
    },
    {
      "type": "delete-node",
      "node": {
        "label": "2",
        "type": "Literal"
      },
      "location-before-char-start": 2408,
      "location-before-char-end": 2408,
      "node-str": "2"
    },
    {
      "type": "delete-node",
      "node": {
        "label": "\u003cinit\u003e",
        "type": "Invocation"
      },
      "location-before-char-start": 2371,
      "location-before-char-end": 2410,
      "node-str": "\u003cinit\u003e"
    },
    {
      "type": "delete-node",
      "node": {
        "label": "org.argouml.uml.ui.foundation.core.PropPanelAssociation",
        "type": "TypeAccess"
      },
      "location-before-char-start": 0,
      "location-before-char-end": 0,
      "node-str": "org.argouml.uml.ui.foundation.core.PropPanelAssociation"
    },
    {
      "type": "delete-node",
      "node": {
        "label": "namesToWatch",
        "type": "VariableRead"
      },
      "location-before-char-start": 2768,
      "location-before-char-end": 2779,
      "node-str": "namesToWatch"
    },
    {
      "type": "delete-node",
      "node": {
        "label": "setNameEventListening",
        "type": "Invocation"
      },
      "location-before-char-start": 2746,
      "location-before-char-end": 2781,
      "node-str": "setNameEventListening"
    },
    {
      "type": "delete-node",
      "node": {
        "label": "org.argouml.uml.ui.foundation.core.PropPanelAssociation",
        "type": "TypeAccess"
      },
      "location-before-char-start": 0,
      "location-before-char-end": 0,
      "node-str": "org.argouml.uml.ui.foundation.core.PropPanelAssociation"
    },
    {
      "type": "delete-node",
      "node": {
        "label": "\"Name:\"",
        "type": "Literal"
      },
      "location-before-char-start": 2799,
      "location-before-char-end": 2805,
      "node-str": "\"Name:\""
    },
    {
      "type": "delete-node",
      "node": {
        "label": "1",
        "type": "Literal"
      },
      "location-before-char-start": 2807,
      "location-before-char-end": 2807,
      "node-str": "1"
    },
    {
      "type": "delete-node",
      "node": {
        "label": "0",
        "type": "Literal"
      },
      "location-before-char-start": 2809,
      "location-before-char-end": 2809,
      "node-str": "0"
    },
    {
      "type": "delete-node",
      "node": {
        "label": "0",
        "type": "Literal"
      },
      "location-before-char-start": 2811,
      "location-before-char-end": 2811,
      "node-str": "0"
    },
    {
      "type": "delete-node",
      "node": {
        "label": "addCaption",
        "type": "Invocation"
      },
      "location-before-char-start": 2788,
      "location-before-char-end": 2813,
      "node-str": "addCaption"
    },
    {
      "type": "delete-node",
      "node": {
        "label": "org.argouml.uml.ui.foundation.core.PropPanelAssociation",
        "type": "TypeAccess"
      },
      "location-before-char-start": 0,
      "location-before-char-end": 0,
      "node-str": "org.argouml.uml.ui.foundation.core.PropPanelAssociation"
    },
    {
      "type": "delete-node",
      "node": {
        "label": "nameField",
        "type": "FieldRead"
      },
      "location-before-char-start": 2828,
      "location-before-char-end": 2836,
      "node-str": "nameField"
    },
    {
      "type": "delete-node",
      "node": {
        "label": "1",
        "type": "Literal"
      },
      "location-before-char-start": 2838,
      "location-before-char-end": 2838,
      "node-str": "1"
    },
    {
      "type": "delete-node",
      "node": {
        "label": "0",
        "type": "Literal"
      },
      "location-before-char-start": 2840,
      "location-before-char-end": 2840,
      "node-str": "0"
    },
    {
      "type": "delete-node",
      "node": {
        "label": "0",
        "type": "Literal"
      },
      "location-before-char-start": 2842,
      "location-before-char-end": 2842,
      "node-str": "0"
    },
    {
      "type": "delete-node",
      "node": {
        "label": "addField",
        "type": "Invocation"
      },
      "location-before-char-start": 2819,
      "location-before-char-end": 2844,
      "node-str": "addField"
    },
    {
      "type": "delete-node",
      "node": {
        "label": "org.argouml.uml.ui.foundation.core.PropPanelAssociation",
        "type": "TypeAccess"
      },
      "location-before-char-start": 0,
      "location-before-char-end": 0,
      "node-str": "org.argouml.uml.ui.foundation.core.PropPanelAssociation"
    },
    {
      "type": "delete-node",
      "node": {
        "label": "\"Stereotype:\"",
        "type": "Literal"
      },
      "location-before-char-start": 2862,
      "location-before-char-end": 2874,
      "node-str": "\"Stereotype:\""
    },
    {
      "type": "delete-node",
      "node": {
        "label": "2",
        "type": "Literal"
      },
      "location-before-char-start": 2876,
      "location-before-char-end": 2876,
      "node-str": "2"
    },
    {
      "type": "delete-node",
      "node": {
        "label": "0",
        "type": "Literal"
      },
      "location-before-char-start": 2878,
      "location-before-char-end": 2878,
      "node-str": "0"
    },
    {
      "type": "delete-node",
      "node": {
        "label": "0",
        "type": "Literal"
      },
      "location-before-char-start": 2880,
      "location-before-char-end": 2880,
      "node-str": "0"
    },
    {
      "type": "delete-node",
      "node": {
        "label": "addCaption",
        "type": "Invocation"
      },
      "location-before-char-start": 2851,
      "location-before-char-end": 2882,
      "node-str": "addCaption"
    },
    {
      "type": "delete-node",
      "node": {
        "label": "org.argouml.uml.ui.foundation.core.PropPanelAssociation",
        "type": "TypeAccess"
      },
      "location-before-char-start": 0,
      "location-before-char-end": 0,
      "node-str": "org.argouml.uml.ui.foundation.core.PropPanelAssociation"
    },
    {
      "type": "delete-node",
      "node": {
        "label": "org.argouml.uml.ui.foundation.core.PropPanelAssociation",
        "type": "TypeAccess"
      },
      "location-before-char-start": 0,
      "location-before-char-end": 0,
      "node-str": "org.argouml.uml.ui.foundation.core.PropPanelAssociation"
    },
    {
      "type": "delete-node",
      "node": {
        "label": "this",
        "type": "ThisAccess"
      },
      "location-before-char-start": 2922,
      "location-before-char-end": 2925,
      "node-str": "this"
    },
    {
      "type": "delete-node",
      "node": {
        "label": "\"NavStereo\"",
        "type": "Literal"
      },
      "location-before-char-start": 2927,
      "location-before-char-end": 2937,
      "node-str": "\"NavStereo\""
    },
    {
      "type": "delete-node",
      "node": {
        "label": "stereotypeBox",
        "type": "FieldRead"
      },
      "location-before-char-start": 2939,
      "location-before-char-end": 2951,
      "node-str": "stereotypeBox"
    },
    {
      "type": "delete-node",
      "node": {
        "label": "java.lang.Object()",
        "type": "ConstructorCall"
      },
      "location-before-char-start": 2897,
      "location-before-char-end": 2952,
      "node-str": "java.lang.Object()"
    },
    {
      "type": "delete-node",
      "node": {
        "label": "2",
        "type": "Literal"
      },
      "location-before-char-start": 2954,
      "location-before-char-end": 2954,
      "node-str": "2"
    },
    {
      "type": "delete-node",
      "node": {
        "label": "0",
        "type": "Literal"
      },
      "location-before-char-start": 2956,
      "location-before-char-end": 2956,
      "node-str": "0"
    },
    {
      "type": "delete-node",
      "node": {
        "label": "0",
        "type": "Literal"
      },
      "location-before-char-start": 2958,
      "location-before-char-end": 2958,
      "node-str": "0"
    },
    {
      "type": "delete-node",
      "node": {
        "label": "addField",
        "type": "Invocation"
      },
      "location-before-char-start": 2888,
      "location-before-char-end": 2960,
      "node-str": "addField"
    },
    {
      "type": "delete-node",
      "node": {
        "label": "org.argouml.uml.ui.foundation.core.PropPanelAssociation",
        "type": "TypeAccess"
      },
      "location-before-char-start": 0,
      "location-before-char-end": 0,
      "node-str": "org.argouml.uml.ui.foundation.core.PropPanelAssociation"
    },
    {
      "type": "delete-node",
      "node": {
        "label": "\"Namespace:\"",
        "type": "Literal"
      },
      "location-before-char-start": 2978,
      "location-before-char-end": 2989,
      "node-str": "\"Namespace:\""
    },
    {
      "type": "delete-node",
      "node": {
        "label": "3",
        "type": "Literal"
      },
      "location-before-char-start": 2991,
      "location-before-char-end": 2991,
      "node-str": "3"
    },
    {
      "type": "delete-node",
      "node": {
        "label": "0",
        "type": "Literal"
      },
      "location-before-char-start": 2993,
      "location-before-char-end": 2993,
      "node-str": "0"
    },
    {
      "type": "delete-node",
      "node": {
        "label": "0",
        "type": "Literal"
      },
      "location-before-char-start": 2995,
      "location-before-char-end": 2995,
      "node-str": "0"
    },
    {
      "type": "delete-node",
      "node": {
        "label": "addCaption",
        "type": "Invocation"
      },
      "location-before-char-start": 2967,
      "location-before-char-end": 2997,
      "node-str": "addCaption"
    },
    {
      "type": "delete-node",
      "node": {
        "label": "org.argouml.uml.ui.foundation.core.PropPanelAssociation",
        "type": "TypeAccess"
      },
      "location-before-char-start": 0,
      "location-before-char-end": 0,
      "node-str": "org.argouml.uml.ui.foundation.core.PropPanelAssociation"
    },
    {
      "type": "delete-node",
      "node": {
        "label": "namespaceScroll",
        "type": "FieldRead"
      },
      "location-before-char-start": 3016,
      "location-before-char-end": 3030,
      "node-str": "namespaceScroll"
    },
    {
      "type": "delete-node",
      "node": {
        "label": "3",
        "type": "Literal"
      },
      "location-before-char-start": 3032,
      "location-before-char-end": 3032,
      "node-str": "3"
    },
    {
      "type": "delete-node",
      "node": {
        "label": "0",
        "type": "Literal"
      },
      "location-before-char-start": 3034,
      "location-before-char-end": 3034,
      "node-str": "0"
    },
    {
      "type": "delete-node",
      "node": {
        "label": "0",
        "type": "Literal"
      },
      "location-before-char-start": 3036,
      "location-before-char-end": 3036,
      "node-str": "0"
    },
    {
      "type": "delete-node",
      "node": {
        "label": "addLinkField",
        "type": "Invocation"
      },
      "location-before-char-start": 3003,
      "location-before-char-end": 3038,
      "node-str": "addLinkField"
    },
    {
      "type": "delete-node",
      "node": {
        "label": "org.argouml.uml.ui.foundation.core.PropPanelAssociation",
        "type": "TypeAccess"
      },
      "location-before-char-start": 0,
      "location-before-char-end": 0,
      "node-str": "org.argouml.uml.ui.foundation.core.PropPanelAssociation"
    },
    {
      "type": "delete-node",
      "node": {
        "label": "\"Modifiers:\"",
        "type": "Literal"
      },
      "location-before-char-start": 3056,
      "location-before-char-end": 3067,
      "node-str": "\"Modifiers:\""
    },
    {
      "type": "delete-node",
      "node": {
        "label": "4",
        "type": "Literal"
      },
      "location-before-char-start": 3069,
      "location-before-char-end": 3069,
      "node-str": "4"
    },
    {
      "type": "delete-node",
      "node": {
        "label": "0",
        "type": "Literal"
      },
      "location-before-char-start": 3071,
      "location-before-char-end": 3071,
      "node-str": "0"
    },
    {
      "type": "delete-node",
      "node": {
        "label": "1",
        "type": "Literal"
      },
      "location-before-char-start": 3073,
      "location-before-char-end": 3073,
      "node-str": "1"
    },
    {
      "type": "delete-node",
      "node": {
        "label": "addCaption",
        "type": "Invocation"
      },
      "location-before-char-start": 3045,
      "location-before-char-end": 3075,
      "node-str": "addCaption"
    },
    {
      "type": "delete-node",
      "node": {
        "label": "modifiersPanel",
        "type": "VariableRead"
      },
      "location-before-char-start": 3143,
      "location-before-char-end": 3156,
      "node-str": "modifiersPanel"
    },
    {
      "type": "delete-node",
      "node": {
        "label": "org.argouml.uml.ui.foundation.core.PropPanelAssociation",
        "type": "TypeAccess"
      },
      "location-before-char-start": 0,
      "location-before-char-end": 0,
      "node-str": "org.argouml.uml.ui.foundation.core.PropPanelAssociation"
    },
    {
      "type": "delete-node",
      "node": {
        "label": "\"Abstract\"",
        "type": "Literal"
      },
      "location-before-char-start": 3187,
      "location-before-char-end": 3196,
      "node-str": "\"Abstract\""
    },
    {
      "type": "delete-node",
      "node": {
        "label": "localize",
        "type": "Invocation"
      },
      "location-before-char-start": 3178,
      "location-before-char-end": 3197,
      "node-str": "localize"
    },
    {
      "type": "delete-node",
      "node": {
        "label": "org.argouml.uml.ui.foundation.core.PropPanelAssociation",
        "type": "TypeAccess"
      },
      "location-before-char-start": 0,
      "location-before-char-end": 0,
      "node-str": "org.argouml.uml.ui.foundation.core.PropPanelAssociation"
    },
    {
      "type": "delete-node",
      "node": {
        "label": "this",
        "type": "ThisAccess"
      },
      "location-before-char-start": 3199,
      "location-before-char-end": 3202,
      "node-str": "this"
    },
    {
      "type": "delete-node",
      "node": {
        "label": "\"isAbstract\"",
        "type": "Literal"
      },
      "location-before-char-start": 3237,
      "location-before-char-end": 3248,
      "node-str": "\"isAbstract\""
    },
    {
      "type": "delete-node",
      "node": {
        "label": "mclass",
        "type": "VariableRead"
      },
      "location-before-char-start": 3250,
      "location-before-char-end": 3255,
      "node-str": "mclass"
    },
    {
      "type": "delete-node",
      "node": {
        "label": "\"isAbstract\"",
        "type": "Literal"
      },
      "location-before-char-start": 3257,
      "location-before-char-end": 3268,
      "node-str": "\"isAbstract\""
    },
    {
      "type": "delete-node",
      "node": {
        "label": "\"setAbstract\"",
        "type": "Literal"
      },
      "location-before-char-start": 3270,
      "location-before-char-end": 3282,
      "node-str": "\"setAbstract\""
    },
    {
      "type": "delete-node",
      "node": {
        "label": "UMLReflectionBooleanProperty(java.lang.String,java.lang.Class,java.lang.String,java.lang.String)",
        "type": "ConstructorCall"
      },
      "location-before-char-start": 3204,
      "location-before-char-end": 3283,
      "node-str": "UMLReflectionBooleanProperty(java.lang.String,java.lang.Class,java.lang.String,java.lang.String)"
    },
    {
      "type": "delete-node",
      "node": {
        "label": "java.lang.Object()",
        "type": "ConstructorCall"
      },
      "location-before-char-start": 3162,
      "location-before-char-end": 3284,
      "node-str": "java.lang.Object()"
    },
    {
      "type": "delete-node",
      "node": {
        "label": "add",
        "type": "Invocation"
      },
      "location-before-char-start": 3143,
      "location-before-char-end": 3286,
      "node-str": "add"
    },
    {
      "type": "delete-node",
      "node": {
        "label": "modifiersPanel",
        "type": "VariableRead"
      },
      "location-before-char-start": 3292,
      "location-before-char-end": 3305,
      "node-str": "modifiersPanel"
    },
    {
      "type": "delete-node",
      "node": {
        "label": "org.argouml.uml.ui.foundation.core.PropPanelAssociation",
        "type": "TypeAccess"
      },
      "location-before-char-start": 0,
      "location-before-char-end": 0,
      "node-str": "org.argouml.uml.ui.foundation.core.PropPanelAssociation"
    },
    {
      "type": "delete-node",
      "node": {
        "label": "\"Final\"",
        "type": "Literal"
      },
      "location-before-char-start": 3336,
      "location-before-char-end": 3342,
      "node-str": "\"Final\""
    },
    {
      "type": "delete-node",
      "node": {
        "label": "localize",
        "type": "Invocation"
      },
      "location-before-char-start": 3327,
      "location-before-char-end": 3343,
      "node-str": "localize"
    },
    {
      "type": "delete-node",
      "node": {
        "label": "org.argouml.uml.ui.foundation.core.PropPanelAssociation",
        "type": "TypeAccess"
      },
      "location-before-char-start": 0,
      "location-before-char-end": 0,
      "node-str": "org.argouml.uml.ui.foundation.core.PropPanelAssociation"
    },
    {
      "type": "delete-node",
      "node": {
        "label": "this",
        "type": "ThisAccess"
      },
      "location-before-char-start": 3345,
      "location-before-char-end": 3348,
      "node-str": "this"
    },
    {
      "type": "delete-node",
      "node": {
        "label": "\"isLeaf\"",
        "type": "Literal"
      },
      "location-before-char-start": 3383,
      "location-before-char-end": 3390,
      "node-str": "\"isLeaf\""
    },
    {
      "type": "delete-node",
      "node": {
        "label": "mclass",
        "type": "VariableRead"
      },
      "location-before-char-start": 3392,
      "location-before-char-end": 3397,
      "node-str": "mclass"
    },
    {
      "type": "delete-node",
      "node": {
        "label": "\"isLeaf\"",
        "type": "Literal"
      },
      "location-before-char-start": 3399,
      "location-before-char-end": 3406,
      "node-str": "\"isLeaf\""
    },
    {
      "type": "delete-node",
      "node": {
        "label": "\"setLeaf\"",
        "type": "Literal"
      },
      "location-before-char-start": 3408,
      "location-before-char-end": 3416,
      "node-str": "\"setLeaf\""
    },
    {
      "type": "delete-node",
      "node": {
        "label": "UMLReflectionBooleanProperty(java.lang.String,java.lang.Class,java.lang.String,java.lang.String)",
        "type": "ConstructorCall"
      },
      "location-before-char-start": 3350,
      "location-before-char-end": 3417,
      "node-str": "UMLReflectionBooleanProperty(java.lang.String,java.lang.Class,java.lang.String,java.lang.String)"
    },
    {
      "type": "delete-node",
      "node": {
        "label": "java.lang.Object()",
        "type": "ConstructorCall"
      },
      "location-before-char-start": 3311,
      "location-before-char-end": 3418,
      "node-str": "java.lang.Object()"
    },
    {
      "type": "delete-node",
      "node": {
        "label": "add",
        "type": "Invocation"
      },
      "location-before-char-start": 3292,
      "location-before-char-end": 3420,
      "node-str": "add"
    },
    {
      "type": "delete-node",
      "node": {
        "label": "org.argouml.uml.ui.foundation.core.PropPanelAssociation",
        "type": "TypeAccess"
      },
      "location-before-char-start": 0,
      "location-before-char-end": 0,
      "node-str": "org.argouml.uml.ui.foundation.core.PropPanelAssociation"
    },
    {
      "type": "delete-node",
      "node": {
        "label": "modifiersPanel",
        "type": "VariableRead"
      },
      "location-before-char-start": 3568,
      "location-before-char-end": 3581,
      "node-str": "modifiersPanel"
    },
    {
      "type": "delete-node",
      "node": {
        "label": "4",
        "type": "Literal"
      },
      "location-before-char-start": 3583,
      "location-before-char-end": 3583,
      "node-str": "4"
    },
    {
      "type": "delete-node",
      "node": {
        "label": "0",
        "type": "Literal"
      },
      "location-before-char-start": 3585,
      "location-before-char-end": 3585,
      "node-str": "0"
    },
    {
      "type": "delete-node",
      "node": {
        "label": "0",
        "type": "Literal"
      },
      "location-before-char-start": 3587,
      "location-before-char-end": 3587,
      "node-str": "0"
    },
    {
      "type": "delete-node",
      "node": {
        "label": "addField",
        "type": "Invocation"
      },
      "location-before-char-start": 3559,
      "location-before-char-end": 3589,
      "node-str": "addField"
    },
    {
      "type": "delete-node",
      "node": {
        "label": "org.argouml.uml.ui.foundation.core.PropPanelAssociation",
        "type": "TypeAccess"
      },
      "location-before-char-start": 0,
      "location-before-char-end": 0,
      "node-str": "org.argouml.uml.ui.foundation.core.PropPanelAssociation"
    },
    {
      "type": "delete-node",
      "node": {
        "label": "\"Association Ends:\"",
        "type": "Literal"
      },
      "location-before-char-start": 3608,
      "location-before-char-end": 3626,
      "node-str": "\"Association Ends:\""
    },
    {
      "type": "delete-node",
      "node": {
        "label": "0",
        "type": "Literal"
      },
      "location-before-char-start": 3628,
      "location-before-char-end": 3628,
      "node-str": "0"
    },
    {
      "type": "delete-node",
      "node": {
        "label": "1",
        "type": "Literal"
      },
      "location-before-char-start": 3630,
      "location-before-char-end": 3630,
      "node-str": "1"
    },
    {
      "type": "delete-node",
      "node": {
        "label": "0.25",
        "type": "Literal"
      },
      "location-before-char-start": 3632,
      "location-before-char-end": 3635,
      "node-str": "0.25"
    },
    {
      "type": "delete-node",
      "node": {
        "label": "addCaption",
        "type": "Invocation"
      },
      "location-before-char-start": 3597,
      "location-before-char-end": 3637,
      "node-str": "addCaption"
    },
    {
      "type": "delete-node",
      "node": {
        "label": "org.argouml.uml.ui.foundation.core.PropPanelAssociation",
        "type": "TypeAccess"
      },
      "location-before-char-start": 0,
      "location-before-char-end": 0,
      "node-str": "org.argouml.uml.ui.foundation.core.PropPanelAssociation"
    },
    {
      "type": "delete-node",
      "node": {
        "label": "\"Generalizations:\"",
        "type": "Literal"
      },
      "location-before-char-start": 3901,
      "location-before-char-end": 3918,
      "node-str": "\"Generalizations:\""
    },
    {
      "type": "delete-node",
      "node": {
        "label": "1",
        "type": "Literal"
      },
      "location-before-char-start": 3920,
      "location-before-char-end": 3920,
      "node-str": "1"
    },
    {
      "type": "delete-node",
      "node": {
        "label": "1",
        "type": "Literal"
      },
      "location-before-char-start": 3922,
      "location-before-char-end": 3922,
      "node-str": "1"
    },
    {
      "type": "delete-node",
      "node": {
        "label": "0",
        "type": "Literal"
      },
      "location-before-char-start": 3924,
      "location-before-char-end": 3924,
      "node-str": "0"
    },
    {
      "type": "delete-node",
      "node": {
        "label": "addCaption",
        "type": "Invocation"
      },
      "location-before-char-start": 3890,
      "location-before-char-end": 3926,
      "node-str": "addCaption"
    },
    {
      "type": "delete-node",
      "node": {
        "label": "org.argouml.uml.ui.foundation.core.PropPanelAssociation",
        "type": "TypeAccess"
      },
      "location-before-char-start": 0,
      "location-before-char-end": 0,
      "node-str": "org.argouml.uml.ui.foundation.core.PropPanelAssociation"
    },
    {
      "type": "delete-node",
      "node": {
        "label": "extendsScroll",
        "type": "VariableRead"
      },
      "location-before-char-start": 4183,
      "location-before-char-end": 4195,
      "node-str": "extendsScroll"
    },
    {
      "type": "delete-node",
      "node": {
        "label": "1",
        "type": "Literal"
      },
      "location-before-char-start": 4197,
      "location-before-char-end": 4197,
      "node-str": "1"
    },
    {
      "type": "delete-node",
      "node": {
        "label": "1",
        "type": "Literal"
      },
      "location-before-char-start": 4199,
      "location-before-char-end": 4199,
      "node-str": "1"
    },
    {
      "type": "delete-node",
      "node": {
        "label": "0",
        "type": "Literal"
      },
      "location-before-char-start": 4201,
      "location-before-char-end": 4201,
      "node-str": "0"
    },
    {
      "type": "delete-node",
      "node": {
        "label": "addLinkField",
        "type": "Invocation"
      },
      "location-before-char-start": 4170,
      "location-before-char-end": 4203,
      "node-str": "addLinkField"
    },
    {
      "type": "delete-node",
      "node": {
        "label": "org.argouml.uml.ui.foundation.core.PropPanelAssociation",
        "type": "TypeAccess"
      },
      "location-before-char-start": 0,
      "location-before-char-end": 0,
      "node-str": "org.argouml.uml.ui.foundation.core.PropPanelAssociation"
    },
    {
      "type": "delete-node",
      "node": {
        "label": "\"Specializations:\"",
        "type": "Literal"
      },
      "location-before-char-start": 4221,
      "location-before-char-end": 4238,
      "node-str": "\"Specializations:\""
    },
    {
      "type": "delete-node",
      "node": {
        "label": "2",
        "type": "Literal"
      },
      "location-before-char-start": 4240,
      "location-before-char-end": 4240,
      "node-str": "2"
    },
    {
      "type": "delete-node",
      "node": {
        "label": "1",
        "type": "Literal"
      },
      "location-before-char-start": 4242,
      "location-before-char-end": 4242,
      "node-str": "1"
    },
    {
      "type": "delete-node",
      "node": {
        "label": "1",
        "type": "Literal"
      },
      "location-before-char-start": 4244,
      "location-before-char-end": 4244,
      "node-str": "1"
    },
    {
      "type": "delete-node",
      "node": {
        "label": "addCaption",
        "type": "Invocation"
      },
      "location-before-char-start": 4210,
      "location-before-char-end": 4246,
      "node-str": "addCaption"
    },
    {
      "type": "delete-node",
      "node": {
        "label": "derivedList",
        "type": "VariableRead"
      },
      "location-before-char-start": 4385,
      "location-before-char-end": 4395,
      "node-str": "derivedList"
    },
    {
      "type": "delete-node",
      "node": {
        "label": "1",
        "type": "Literal"
      },
      "location-before-char-start": 4416,
      "location-before-char-end": 4416,
      "node-str": "1"
    },
    {
      "type": "delete-node",
      "node": {
        "label": "setVisibleRowCount",
        "type": "Invocation"
      },
      "location-before-char-start": 4385,
      "location-before-char-end": 4418,
      "node-str": "setVisibleRowCount"
    },
    {
      "type": "delete-node",
      "node": {
        "label": "derivedList",
        "type": "VariableRead"
      },
      "location-before-char-start": 4424,
      "location-before-char-end": 4434,
      "node-str": "derivedList"
    },
    {
      "type": "delete-node",
      "node": {
        "label": "smallFont",
        "type": "FieldRead"
      },
      "location-before-char-start": 4444,
      "location-before-char-end": 4452,
      "node-str": "smallFont"
    },
    {
      "type": "delete-node",
      "node": {
        "label": "setFont",
        "type": "Invocation"
      },
      "location-before-char-start": 4424,
      "location-before-char-end": 4454,
      "node-str": "setFont"
    },
    {
      "type": "delete-node",
      "node": {
        "label": "org.argouml.uml.ui.foundation.core.PropPanelAssociation",
        "type": "TypeAccess"
      },
      "location-before-char-start": 0,
      "location-before-char-end": 0,
      "node-str": "org.argouml.uml.ui.foundation.core.PropPanelAssociation"
    },
    {
      "type": "delete-node",
      "node": {
        "label": "derivedScroll",
        "type": "VariableRead"
      },
      "location-before-char-start": 4605,
      "location-before-char-end": 4617,
      "node-str": "derivedScroll"
    },
    {
      "type": "delete-node",
      "node": {
        "label": "2",
        "type": "Literal"
      },
      "location-before-char-start": 4619,
      "location-before-char-end": 4619,
      "node-str": "2"
    },
    {
      "type": "delete-node",
      "node": {
        "label": "1",
        "type": "Literal"
      },
      "location-before-char-start": 4621,
      "location-before-char-end": 4621,
      "node-str": "1"
    },
    {
      "type": "delete-node",
      "node": {
        "label": "0",
        "type": "Literal"
      },
      "location-before-char-start": 4623,
      "location-before-char-end": 4623,
      "node-str": "0"
    },
    {
      "type": "delete-node",
      "node": {
        "label": "addField",
        "type": "Invocation"
      },
      "location-before-char-start": 4596,
      "location-before-char-end": 4625,
      "node-str": "addField"
    },
    {
      "type": "delete-node",
      "node": {
        "label": "org.argouml.uml.ui.foundation.core.PropPanelAssociation",
        "type": "TypeAccess"
      },
      "location-before-char-start": 0,
      "location-before-char-end": 0,
      "node-str": "org.argouml.uml.ui.foundation.core.PropPanelAssociation"
    },
    {
      "type": "delete-node",
      "node": {
        "label": "this",
        "type": "ThisAccess"
      },
      "location-before-char-start": 4652,
      "location-before-char-end": 4655,
      "node-str": "this"
    },
    {
      "type": "delete-node",
      "node": {
        "label": "buttonPanel",
        "type": "FieldRead"
      },
      "location-before-char-start": 4657,
      "location-before-char-end": 4667,
      "node-str": "buttonPanel"
    },
    {
      "type": "delete-node",
      "node": {
        "label": "_navUpIcon",
        "type": "FieldRead"
      },
      "location-before-char-start": 4669,
      "location-before-char-end": 4678,
      "node-str": "_navUpIcon"
    },
    {
      "type": "delete-node",
      "node": {
        "label": "org.argouml.uml.ui.foundation.core.PropPanelAssociation",
        "type": "TypeAccess"
      },
      "location-before-char-start": 0,
      "location-before-char-end": 0,
      "node-str": "org.argouml.uml.ui.foundation.core.PropPanelAssociation"
    },
    {
      "type": "delete-node",
      "node": {
        "label": "\"Go up\"",
        "type": "Literal"
      },
      "location-before-char-start": 4689,
      "location-before-char-end": 4695,
      "node-str": "\"Go up\""
    },
    {
      "type": "delete-node",
      "node": {
        "label": "localize",
        "type": "Invocation"
      },
      "location-before-char-start": 4680,
      "location-before-char-end": 4696,
      "node-str": "localize"
    },
    {
      "type": "delete-node",
      "node": {
        "label": "\"navigateNamespace\"",
        "type": "Literal"
      },
      "location-before-char-start": 4698,
      "location-before-char-end": 4716,
      "node-str": "\"navigateNamespace\""
    },
    {
      "type": "delete-node",
      "node": {
        "label": "null",
        "type": "Literal"
      },
      "location-before-char-start": 4718,
      "location-before-char-end": 4721,
      "node-str": "null"
    },
    {
      "type": "delete-node",
      "node": {
        "label": "java.lang.Object()",
        "type": "ConstructorCall"
      },
      "location-before-char-start": 4632,
      "location-before-char-end": 4723,
      "node-str": "java.lang.Object()"
    },
    {
      "type": "delete-node",
      "node": {
        "label": "org.argouml.uml.ui.foundation.core.PropPanelAssociation",
        "type": "TypeAccess"
      },
      "location-before-char-start": 0,
      "location-before-char-end": 0,
      "node-str": "org.argouml.uml.ui.foundation.core.PropPanelAssociation"
    },
    {
      "type": "delete-node",
      "node": {
        "label": "this",
        "type": "ThisAccess"
      },
      "location-before-char-start": 4749,
      "location-before-char-end": 4752,
      "node-str": "this"
    },
    {
      "type": "delete-node",
      "node": {
        "label": "buttonPanel",
        "type": "FieldRead"
      },
      "location-before-char-start": 4754,
      "location-before-char-end": 4764,
      "node-str": "buttonPanel"
    },
    {
      "type": "delete-node",
      "node": {
        "label": "_navBackIcon",
        "type": "FieldRead"
      },
      "location-before-char-start": 4766,
      "location-before-char-end": 4777,
      "node-str": "_navBackIcon"
    },
    {
      "type": "delete-node",
      "node": {
        "label": "org.argouml.uml.ui.foundation.core.PropPanelAssociation",
        "type": "TypeAccess"
      },
      "location-before-char-start": 0,
      "location-before-char-end": 0,
      "node-str": "org.argouml.uml.ui.foundation.core.PropPanelAssociation"
    },
    {
      "type": "delete-node",
      "node": {
        "label": "\"Go back\"",
        "type": "Literal"
      },
      "location-before-char-start": 4788,
      "location-before-char-end": 4796,
      "node-str": "\"Go back\""
    },
    {
      "type": "delete-node",
      "node": {
        "label": "localize",
        "type": "Invocation"
      },
      "location-before-char-start": 4779,
      "location-before-char-end": 4797,
      "node-str": "localize"
    },
    {
      "type": "delete-node",
      "node": {
        "label": "\"navigateBackAction\"",
        "type": "Literal"
      },
      "location-before-char-start": 4799,
      "location-before-char-end": 4818,
      "node-str": "\"navigateBackAction\""
    },
    {
      "type": "delete-node",
      "node": {
        "label": "\"isNavigateBackEnabled\"",
        "type": "Literal"
      },
      "location-before-char-start": 4820,
      "location-before-char-end": 4842,
      "node-str": "\"isNavigateBackEnabled\""
    },
    {
      "type": "delete-node",
      "node": {
        "label": "java.lang.Object()",
        "type": "ConstructorCall"
      },
      "location-before-char-start": 4729,
      "location-before-char-end": 4844,
      "node-str": "java.lang.Object()"
    },
    {
      "type": "delete-node",
      "node": {
        "label": "org.argouml.uml.ui.foundation.core.PropPanelAssociation",
        "type": "TypeAccess"
      },
      "location-before-char-start": 0,
      "location-before-char-end": 0,
      "node-str": "org.argouml.uml.ui.foundation.core.PropPanelAssociation"
    },
    {
      "type": "delete-node",
      "node": {
        "label": "this",
        "type": "ThisAccess"
      },
      "location-before-char-start": 4870,
      "location-before-char-end": 4873,
      "node-str": "this"
    },
    {
      "type": "delete-node",
      "node": {
        "label": "buttonPanel",
        "type": "FieldRead"
      },
      "location-before-char-start": 4875,
      "location-before-char-end": 4885,
      "node-str": "buttonPanel"
    },
    {
      "type": "delete-node",
      "node": {
        "label": "_navForwardIcon",
        "type": "FieldRead"
      },
      "location-before-char-start": 4887,
      "location-before-char-end": 4901,
      "node-str": "_navForwardIcon"
    },
    {
      "type": "delete-node",
      "node": {
        "label": "org.argouml.uml.ui.foundation.core.PropPanelAssociation",
        "type": "TypeAccess"
      },
      "location-before-char-start": 0,
      "location-before-char-end": 0,
      "node-str": "org.argouml.uml.ui.foundation.core.PropPanelAssociation"
    },
    {
      "type": "delete-node",
      "node": {
        "label": "\"Go forward\"",
        "type": "Literal"
      },
      "location-before-char-start": 4912,
      "location-before-char-end": 4923,
      "node-str": "\"Go forward\""
    },
    {
      "type": "delete-node",
      "node": {
        "label": "localize",
        "type": "Invocation"
      },
      "location-before-char-start": 4903,
      "location-before-char-end": 4924,
      "node-str": "localize"
    },
    {
      "type": "delete-node",
      "node": {
        "label": "\"navigateForwardAction\"",
        "type": "Literal"
      },
      "location-before-char-start": 4926,
      "location-before-char-end": 4948,
      "node-str": "\"navigateForwardAction\""
    },
    {
      "type": "delete-node",
      "node": {
        "label": "\"isNavigateForwardEnabled\"",
        "type": "Literal"
      },
      "location-before-char-start": 4950,
      "location-before-char-end": 4975,
      "node-str": "\"isNavigateForwardEnabled\""
    },
    {
      "type": "delete-node",
      "node": {
        "label": "java.lang.Object()",
        "type": "ConstructorCall"
      },
      "location-before-char-start": 4850,
      "location-before-char-end": 4977,
      "node-str": "java.lang.Object()"
    },
    {
      "type": "delete-node",
      "node": {
        "label": "org.argouml.uml.ui.foundation.core.PropPanelAssociation",
        "type": "TypeAccess"
      },
      "location-before-char-start": 0,
      "location-before-char-end": 0,
      "node-str": "org.argouml.uml.ui.foundation.core.PropPanelAssociation"
    },
    {
      "type": "delete-node",
      "node": {
        "label": "this",
        "type": "ThisAccess"
      },
      "location-before-char-start": 5003,
      "location-before-char-end": 5006,
      "node-str": "this"
    },
    {
      "type": "delete-node",
      "node": {
        "label": "buttonPanel",
        "type": "FieldRead"
      },
      "location-before-char-start": 5008,
      "location-before-char-end": 5018,
      "node-str": "buttonPanel"
    },
    {
      "type": "delete-node",
      "node": {
        "label": "_deleteIcon",
        "type": "FieldRead"
      },
      "location-before-char-start": 5020,
      "location-before-char-end": 5030,
      "node-str": "_deleteIcon"
    },
    {
      "type": "delete-node",
      "node": {
        "label": "org.argouml.uml.ui.foundation.core.PropPanelAssociation",
        "type": "TypeAccess"
      },
      "location-before-char-start": 0,
      "location-before-char-end": 0,
      "node-str": "org.argouml.uml.ui.foundation.core.PropPanelAssociation"
    },
    {
      "type": "delete-node",
      "node": {
        "label": "\"Delete association\"",
        "type": "Literal"
      },
      "location-before-char-start": 5041,
      "location-before-char-end": 5060,
      "node-str": "\"Delete association\""
    },
    {
      "type": "delete-node",
      "node": {
        "label": "localize",
        "type": "Invocation"
      },
      "location-before-char-start": 5032,
      "location-before-char-end": 5061,
      "node-str": "localize"
    },
    {
      "type": "delete-node",
      "node": {
        "label": "\"removeElement\"",
        "type": "Literal"
      },
      "location-before-char-start": 5063,
      "location-before-char-end": 5077,
      "node-str": "\"removeElement\""
    },
    {
      "type": "delete-node",
      "node": {
        "label": "null",
        "type": "Literal"
      },
      "location-before-char-start": 5079,
      "location-before-char-end": 5082,
      "node-str": "null"
    },
    {
      "type": "delete-node",
      "node": {
        "label": "java.lang.Object()",
        "type": "ConstructorCall"
      },
      "location-before-char-start": 4983,
      "location-before-char-end": 5084,
      "node-str": "java.lang.Object()"
    },
    {
      "type": "delete-node",
      "node": {
        "label": "\u003cinit\u003e",
        "type": "Constructor"
      },
      "location-before-char-start": 2251,
      "location-before-char-end": 5500,
      "node-str": "\u003cinit\u003e"
    },
    {
      "type": "delete-node",
      "node": {
        "label": "PropPanelAssociation",
        "type": "Class"
      },
      "location-before-char-start": 2181,
      "location-before-char-end": 7878,
      "node-str": "PropPanelAssociation"
    }
  ],
  "before-file": {},
  "after-file": {},
  "mapping": {}
}