{
  "tool-info": {},
  "diff": [
    {
      "type": "insert-node",
      "node": {
        "label": "",
        "type": "PackageDeclaration"
      },
      "location-after-char-start": 733,
      "location-after-char-end": 777,
      "node-str": ""
    },
    {
      "type": "insert-node",
      "node": {
        "label": "",
        "type": "ImportDeclaration"
      },
      "location-after-char-start": 781,
      "location-after-char-end": 815,
      "node-str": ""
    },
    {
      "type": "insert-node",
      "node": {
        "label": "",
        "type": "ImportDeclaration"
      },
      "location-after-char-start": 817,
      "location-after-char-end": 854,
      "node-str": ""
    },
    {
      "type": "insert-node",
      "node": {
        "label": "",
        "type": "ImportDeclaration"
      },
      "location-after-char-start": 858,
      "location-after-char-end": 889,
      "node-str": ""
    },
    {
      "type": "insert-node",
      "node": {
        "label": "",
        "type": "ImportDeclaration"
      },
      "location-after-char-start": 891,
      "location-after-char-end": 918,
      "node-str": ""
    },
    {
      "type": "insert-node",
      "node": {
        "label": "",
        "type": "ImportDeclaration"
      },
      "location-after-char-start": 920,
      "location-after-char-end": 949,
      "node-str": ""
    },
    {
      "type": "insert-node",
      "node": {
        "label": "",
        "type": "ImportDeclaration"
      },
      "location-after-char-start": 951,
      "location-after-char-end": 978,
      "node-str": ""
    },
    {
      "type": "insert-node",
      "node": {
        "label": "",
        "type": "ImportDeclaration"
      },
      "location-after-char-start": 980,
      "location-after-char-end": 1012,
      "node-str": ""
    },
    {
      "type": "insert-node",
      "node": {
        "label": "",
        "type": "ImportDeclaration"
      },
      "location-after-char-start": 1016,
      "location-after-char-end": 1064,
      "node-str": ""
    },
    {
      "type": "insert-node",
      "node": {
        "label": "",
        "type": "ImportDeclaration"
      },
      "location-after-char-start": 1066,
      "location-after-char-end": 1118,
      "node-str": ""
    },
    {
      "type": "insert-node",
      "node": {
        "label": "",
        "type": "ImportDeclaration"
      },
      "location-after-char-start": 1120,
      "location-after-char-end": 1174,
      "node-str": ""
    },
    {
      "type": "insert-node",
      "node": {
        "label": "",
        "type": "ImportDeclaration"
      },
      "location-after-char-start": 1176,
      "location-after-char-end": 1224,
      "node-str": ""
    },
    {
      "type": "insert-node",
      "node": {
        "label": "",
        "type": "ImportDeclaration"
      },
      "location-after-char-start": 1226,
      "location-after-char-end": 1283,
      "node-str": ""
    },
    {
      "type": "insert-node",
      "node": {
        "label": "",
        "type": "ImportDeclaration"
      },
      "location-after-char-start": 1285,
      "location-after-char-end": 1328,
      "node-str": ""
    },
    {
      "type": "insert-node",
      "node": {
        "label": "",
        "type": "ImportDeclaration"
      },
      "location-after-char-start": 1330,
      "location-after-char-end": 1370,
      "node-str": ""
    },
    {
      "type": "insert-node",
      "node": {
        "label": "",
        "type": "ImportDeclaration"
      },
      "location-after-char-start": 1372,
      "location-after-char-end": 1417,
      "node-str": ""
    },
    {
      "type": "insert-node",
      "node": {
        "label": "",
        "type": "ImportDeclaration"
      },
      "location-after-char-start": 1419,
      "location-after-char-end": 1462,
      "node-str": ""
    },
    {
      "type": "insert-node",
      "node": {
        "label": "",
        "type": "ImportDeclaration"
      },
      "location-after-char-start": 1464,
      "location-after-char-end": 1521,
      "node-str": ""
    },
    {
      "type": "insert-node",
      "node": {
        "label": "",
        "type": "ImportDeclaration"
      },
      "location-after-char-start": 1523,
      "location-after-char-end": 1574,
      "node-str": ""
    },
    {
      "type": "insert-node",
      "node": {
        "label": "",
        "type": "ImportDeclaration"
      },
      "location-after-char-start": 1576,
      "location-after-char-end": 1619,
      "node-str": ""
    },
    {
      "type": "insert-node",
      "node": {
        "label": "",
        "type": "ImportDeclaration"
      },
      "location-after-char-start": 1621,
      "location-after-char-end": 1669,
      "node-str": ""
    },
    {
      "type": "insert-node",
      "node": {
        "label": "",
        "type": "ImportDeclaration"
      },
      "location-after-char-start": 1673,
      "location-after-char-end": 1726,
      "node-str": ""
    },
    {
      "type": "insert-node",
      "node": {
        "label": "",
        "type": "ImportDeclaration"
      },
      "location-after-char-start": 1728,
      "location-after-char-end": 1772,
      "node-str": ""
    },
    {
      "type": "insert-node",
      "node": {
        "label": "org.columba.mail.gui.config.account",
        "type": "QualifiedName"
      },
      "location-after-char-start": 741,
      "location-after-char-end": 776,
      "node-str": "org.columba.mail.gui.config.account"
    },
    {
      "type": "insert-node",
      "node": {
        "label": "java.awt.event.ActionEvent",
        "type": "QualifiedName"
      },
      "location-after-char-start": 788,
      "location-after-char-end": 814,
      "node-str": "java.awt.event.ActionEvent"
    },
    {
      "type": "insert-node",
      "node": {
        "label": "java.awt.event.ActionListener",
        "type": "QualifiedName"
      },
      "location-after-char-start": 824,
      "location-after-char-end": 853,
      "node-str": "java.awt.event.ActionListener"
    },
    {
      "type": "insert-node",
      "node": {
        "label": "javax.swing.ButtonGroup",
        "type": "QualifiedName"
      },
      "location-after-char-start": 865,
      "location-after-char-end": 888,
      "node-str": "javax.swing.ButtonGroup"
    },
    {
      "type": "insert-node",
      "node": {
        "label": "javax.swing.JButton",
        "type": "QualifiedName"
      },
      "location-after-char-start": 898,
      "location-after-char-end": 917,
      "node-str": "javax.swing.JButton"
    },
    {
      "type": "insert-node",
      "node": {
        "label": "javax.swing.JCheckBox",
        "type": "QualifiedName"
      },
      "location-after-char-start": 927,
      "location-after-char-end": 948,
      "node-str": "javax.swing.JCheckBox"
    },
    {
      "type": "insert-node",
      "node": {
        "label": "javax.swing.JDialog",
        "type": "QualifiedName"
      },
      "location-after-char-start": 958,
      "location-after-char-end": 977,
      "node-str": "javax.swing.JDialog"
    },
    {
      "type": "insert-node",
      "node": {
        "label": "javax.swing.JRadioButton",
        "type": "QualifiedName"
      },
      "location-after-char-start": 987,
      "location-after-char-end": 1011,
      "node-str": "javax.swing.JRadioButton"
    },
    {
      "type": "insert-node",
      "node": {
        "label": "org.columba.core.gui.frame.FrameMediator",
        "type": "QualifiedName"
      },
      "location-after-char-start": 1023,
      "location-after-char-end": 1063,
      "node-str": "org.columba.core.gui.frame.FrameMediator"
    },
    {
      "type": "insert-node",
      "node": {
        "label": "org.columba.core.gui.util.ButtonWithMnemonic",
        "type": "QualifiedName"
      },
      "location-after-char-start": 1073,
      "location-after-char-end": 1117,
      "node-str": "org.columba.core.gui.util.ButtonWithMnemonic"
    },
    {
      "type": "insert-node",
      "node": {
        "label": "org.columba.core.gui.util.CheckBoxWithMnemonic",
        "type": "QualifiedName"
      },
      "location-after-char-start": 1127,
      "location-after-char-end": 1173,
      "node-str": "org.columba.core.gui.util.CheckBoxWithMnemonic"
    },
    {
      "type": "insert-node",
      "node": {
        "label": "org.columba.core.gui.util.MultiLineLabel",
        "type": "QualifiedName"
      },
      "location-after-char-start": 1183,
      "location-after-char-end": 1223,
      "node-str": "org.columba.core.gui.util.MultiLineLabel"
    },
    {
      "type": "insert-node",
      "node": {
        "label": "org.columba.core.gui.util.RadioButtonWithMnemonic",
        "type": "QualifiedName"
      },
      "location-after-char-start": 1233,
      "location-after-char-end": 1282,
      "node-str": "org.columba.core.gui.util.RadioButtonWithMnemonic"
    },
    {
      "type": "insert-node",
      "node": {
        "label": "org.columba.mail.config.AccountItem",
        "type": "QualifiedName"
      },
      "location-after-char-start": 1292,
      "location-after-char-end": 1327,
      "node-str": "org.columba.mail.config.AccountItem"
    },
    {
      "type": "insert-node",
      "node": {
        "label": "org.columba.mail.config.SpamItem",
        "type": "QualifiedName"
      },
      "location-after-char-start": 1337,
      "location-after-char-end": 1369,
      "node-str": "org.columba.mail.config.SpamItem"
    },
    {
      "type": "insert-node",
      "node": {
        "label": "org.columba.mail.folder.MessageFolder",
        "type": "QualifiedName"
      },
      "location-after-char-start": 1379,
      "location-after-char-end": 1416,
      "node-str": "org.columba.mail.folder.MessageFolder"
    },
    {
      "type": "insert-node",
      "node": {
        "label": "org.columba.mail.gui.tree.TreeModel",
        "type": "QualifiedName"
      },
      "location-after-char-start": 1426,
      "location-after-char-end": 1461,
      "node-str": "org.columba.mail.gui.tree.TreeModel"
    },
    {
      "type": "insert-node",
      "node": {
        "label": "org.columba.mail.gui.tree.util.SelectFolderDialog",
        "type": "QualifiedName"
      },
      "location-after-char-start": 1471,
      "location-after-char-end": 1520,
      "node-str": "org.columba.mail.gui.tree.util.SelectFolderDialog"
    },
    {
      "type": "insert-node",
      "node": {
        "label": "org.columba.mail.gui.tree.util.TreeNodeList",
        "type": "QualifiedName"
      },
      "location-after-char-start": 1530,
      "location-after-char-end": 1573,
      "node-str": "org.columba.mail.gui.tree.util.TreeNodeList"
    },
    {
      "type": "insert-node",
      "node": {
        "label": "org.columba.mail.main.MailInterface",
        "type": "QualifiedName"
      },
      "location-after-char-start": 1583,
      "location-after-char-end": 1618,
      "node-str": "org.columba.mail.main.MailInterface"
    },
    {
      "type": "insert-node",
      "node": {
        "label": "org.columba.mail.util.MailResourceLoader",
        "type": "QualifiedName"
      },
      "location-after-char-start": 1628,
      "location-after-char-end": 1668,
      "node-str": "org.columba.mail.util.MailResourceLoader"
    },
    {
      "type": "insert-node",
      "node": {
        "label": "com.jgoodies.forms.builder.DefaultFormBuilder",
        "type": "QualifiedName"
      },
      "location-after-char-start": 1680,
      "location-after-char-end": 1725,
      "node-str": "com.jgoodies.forms.builder.DefaultFormBuilder"
    },
    {
      "type": "insert-node",
      "node": {
        "label": "com.jgoodies.forms.layout.FormLayout",
        "type": "QualifiedName"
      },
      "location-after-char-start": 1735,
      "location-after-char-end": 1771,
      "node-str": "com.jgoodies.forms.layout.FormLayout"
    },
    {
      "type": "insert-node",
      "node": {
        "label": "public",
        "type": "Modifier"
      },
      "location-after-char-start": 1837,
      "location-after-char-end": 1843,
      "node-str": "public"
    },
    {
      "type": "insert-node",
      "node": {
        "label": "class",
        "type": "TYPE_DECLARATION_KIND"
      },
      "location-after-char-start": 1844,
      "location-after-char-end": 1849,
      "node-str": "class"
    },
    {
      "type": "insert-node",
      "node": {
        "label": "SpamPanel",
        "type": "SimpleName"
      },
      "location-after-char-start": 1850,
      "location-after-char-end": 1859,
      "node-str": "SpamPanel"
    },
    {
      "type": "insert-node",
      "node": {
        "label": "",
        "type": "SimpleType"
      },
      "location-after-char-start": 1868,
      "location-after-char-end": 1880,
      "node-str": ""
    },
    {
      "type": "insert-node",
      "node": {
        "label": "",
        "type": "SimpleType"
      },
      "location-after-char-start": 1892,
      "location-after-char-end": 1906,
      "node-str": ""
    },
    {
      "type": "insert-node",
      "node": {
        "label": "DefaultPanel",
        "type": "SimpleName"
      },
      "location-after-char-start": 1868,
      "location-after-char-end": 1880,
      "node-str": "DefaultPanel"
    },
    {
      "type": "insert-node",
      "node": {
        "label": "ActionListener",
        "type": "SimpleName"
      },
      "location-after-char-start": 1892,
      "location-after-char-end": 1906,
      "node-str": "ActionListener"
    },
    {
      "type": "insert-node",
      "node": {
        "label": "public",
        "type": "Modifier"
      },
      "location-after-char-start": 7036,
      "location-after-char-end": 7042,
      "node-str": "public"
    },
    {
      "type": "insert-node",
      "node": {
        "label": "void",
        "type": "PrimitiveType"
      },
      "location-after-char-start": 7043,
      "location-after-char-end": 7047,
      "node-str": "void"
    },
    {
      "type": "insert-node",
      "node": {
        "label": "updateComponents",
        "type": "SimpleName"
      },
      "location-after-char-start": 7048,
      "location-after-char-end": 7064,
      "node-str": "updateComponents"
    },
    {
      "type": "insert-node",
      "node": {
        "label": "b",
        "type": "SimpleName"
      },
      "location-after-char-start": 7146,
      "location-after-char-end": 7147,
      "node-str": "b"
    },
    {
      "type": "insert-node",
      "node": {
        "label": "",
        "type": "VariableDeclarationStatement"
      },
      "location-after-char-start": 8929,
      "location-after-char-end": 9009,
      "node-str": ""
    },
    {
      "type": "insert-node",
      "node": {
        "label": "",
        "type": "IfStatement"
      },
      "location-after-char-start": 9037,
      "location-after-char-end": 9258,
      "node-str": ""
    },
    {
      "type": "insert-node",
      "node": {
        "label": "",
        "type": "ExpressionStatement"
      },
      "location-after-char-start": 9460,
      "location-after-char-end": 9525,
      "node-str": ""
    },
    {
      "type": "insert-node",
      "node": {
        "label": "",
        "type": "IfStatement"
      },
      "location-after-char-start": 9553,
      "location-after-char-end": 9774,
      "node-str": ""
    },
    {
      "type": "insert-node",
      "node": {
        "label": "",
        "type": "SimpleType"
      },
      "location-after-char-start": 8929,
      "location-after-char-end": 8942,
      "node-str": ""
    },
    {
      "type": "insert-node",
      "node": {
        "label": "",
        "type": "VariableDeclarationFragment"
      },
      "location-after-char-start": 8943,
      "location-after-char-end": 9008,
      "node-str": ""
    },
    {
      "type": "move-subtree",
      "node": {
        "label": "",
        "type": "InfixExpression"
      },
      "location-before-char-start": 9028,
      "location-before-char-end": 9042,
      "location-after-char-start": 9041,
      "location-after-char-end": 9055,
      "node-str": ""
    },
    {
      "type": "insert-node",
      "node": {
        "label": "",
        "type": "Block"
      },
      "location-after-char-start": 9057,
      "location-after-char-end": 9258,
      "node-str": ""
    },
    {
      "type": "insert-node",
      "node": {
        "label": "",
        "type": "Assignment"
      },
      "location-after-char-start": 9460,
      "location-after-char-end": 9524,
      "node-str": ""
    },
    {
      "type": "move-subtree",
      "node": {
        "label": "",
        "type": "InfixExpression"
      },
      "location-before-char-start": 9544,
      "location-before-char-end": 9558,
      "location-after-char-start": 9557,
      "location-after-char-end": 9571,
      "node-str": ""
    },
    {
      "type": "insert-node",
      "node": {
        "label": "",
        "type": "Block"
      },
      "location-after-char-start": 9573,
      "location-after-char-end": 9774,
      "node-str": ""
    },
    {
      "type": "insert-node",
      "node": {
        "label": "MessageFolder",
        "type": "SimpleName"
      },
      "location-after-char-start": 8929,
      "location-after-char-end": 8942,
      "node-str": "MessageFolder"
    },
    {
      "type": "insert-node",
      "node": {
        "label": "folder",
        "type": "SimpleName"
      },
      "location-after-char-start": 8943,
      "location-after-char-end": 8949,
      "node-str": "folder"
    },
    {
      "type": "insert-node",
      "node": {
        "label": "",
        "type": "CastExpression"
      },
      "location-after-char-start": 8952,
      "location-after-char-end": 9008,
      "node-str": ""
    },
    {
      "type": "insert-node",
      "node": {
        "label": "",
        "type": "ExpressionStatement"
      },
      "location-after-char-start": 9179,
      "location-after-char-end": 9243,
      "node-str": ""
    },
    {
      "type": "insert-node",
      "node": {
        "label": "folder",
        "type": "SimpleName"
      },
      "location-after-char-start": 9460,
      "location-after-char-end": 9466,
      "node-str": "folder"
    },
    {
      "type": "insert-node",
      "node": {
        "label": "\u003d",
        "type": "ASSIGNMENT_OPERATOR"
      },
      "location-after-char-start": 9467,
      "location-after-char-end": 9468,
      "node-str": "\u003d"
    },
    {
      "type": "insert-node",
      "node": {
        "label": "",
        "type": "CastExpression"
      },
      "location-after-char-start": 9469,
      "location-after-char-end": 9524,
      "node-str": ""
    },
    {
      "type": "insert-node",
      "node": {
        "label": "",
        "type": "ExpressionStatement"
      },
      "location-after-char-start": 9695,
      "location-after-char-end": 9759,
      "node-str": ""
    },
    {
      "type": "insert-node",
      "node": {
        "label": "",
        "type": "SimpleType"
      },
      "location-after-char-start": 8953,
      "location-after-char-end": 8966,
      "node-str": ""
    },
    {
      "type": "insert-node",
      "node": {
        "label": "",
        "type": "MethodInvocation"
      },
      "location-after-char-start": 8969,
      "location-after-char-end": 9008,
      "node-str": ""
    },
    {
      "type": "insert-node",
      "node": {
        "label": "",
        "type": "Assignment"
      },
      "location-after-char-start": 9179,
      "location-after-char-end": 9242,
      "node-str": ""
    },
    {
      "type": "insert-node",
      "node": {
        "label": "",
        "type": "SimpleType"
      },
      "location-after-char-start": 9470,
      "location-after-char-end": 9483,
      "node-str": ""
    },
    {
      "type": "insert-node",
      "node": {
        "label": "",
        "type": "MethodInvocation"
      },
      "location-after-char-start": 9485,
      "location-after-char-end": 9524,
      "node-str": ""
    },
    {
      "type": "insert-node",
      "node": {
        "label": "",
        "type": "Assignment"
      },
      "location-after-char-start": 9695,
      "location-after-char-end": 9758,
      "node-str": ""
    },
    {
      "type": "insert-node",
      "node": {
        "label": "",
        "type": "METHOD_INVOCATION_RECEIVER"
      },
      "location-after-char-start": 7376,
      "location-after-char-end": 7399,
      "node-str": ""
    },
    {
      "type": "insert-node",
      "node": {
        "label": "",
        "type": "METHOD_INVOCATION_RECEIVER"
      },
      "location-after-char-start": 7896,
      "location-after-char-end": 7919,
      "node-str": ""
    },
    {
      "type": "insert-node",
      "node": {
        "label": "MessageFolder",
        "type": "SimpleName"
      },
      "location-after-char-start": 8953,
      "location-after-char-end": 8966,
      "node-str": "MessageFolder"
    },
    {
      "type": "insert-node",
      "node": {
        "label": "",
        "type": "METHOD_INVOCATION_RECEIVER"
      },
      "location-after-char-start": 8969,
      "location-after-char-end": 8992,
      "node-str": ""
    },
    {
      "type": "insert-node",
      "node": {
        "label": "getFolder",
        "type": "SimpleName"
      },
      "location-after-char-start": 8993,
      "location-after-char-end": 9002,
      "node-str": "getFolder"
    },
    {
      "type": "insert-node",
      "node": {
        "label": "",
        "type": "METHOD_INVOCATION_ARGUMENTS"
      },
      "location-after-char-start": 9003,
      "location-after-char-end": 9007,
      "node-str": ""
    },
    {
      "type": "insert-node",
      "node": {
        "label": "folder",
        "type": "SimpleName"
      },
      "location-after-char-start": 9179,
      "location-after-char-end": 9185,
      "node-str": "folder"
    },
    {
      "type": "insert-node",
      "node": {
        "label": "\u003d",
        "type": "ASSIGNMENT_OPERATOR"
      },
      "location-after-char-start": 9186,
      "location-after-char-end": 9187,
      "node-str": "\u003d"
    },
    {
      "type": "insert-node",
      "node": {
        "label": "",
        "type": "CastExpression"
      },
      "location-after-char-start": 9188,
      "location-after-char-end": 9242,
      "node-str": ""
    },
    {
      "type": "insert-node",
      "node": {
        "label": "MessageFolder",
        "type": "SimpleName"
      },
      "location-after-char-start": 9470,
      "location-after-char-end": 9483,
      "node-str": "MessageFolder"
    },
    {
      "type": "insert-node",
      "node": {
        "label": "",
        "type": "METHOD_INVOCATION_RECEIVER"
      },
      "location-after-char-start": 9485,
      "location-after-char-end": 9508,
      "node-str": ""
    },
    {
      "type": "insert-node",
      "node": {
        "label": "getFolder",
        "type": "SimpleName"
      },
      "location-after-char-start": 9509,
      "location-after-char-end": 9518,
      "node-str": "getFolder"
    },
    {
      "type": "insert-node",
      "node": {
        "label": "",
        "type": "METHOD_INVOCATION_ARGUMENTS"
      },
      "location-after-char-start": 9519,
      "location-after-char-end": 9523,
      "node-str": ""
    },
    {
      "type": "insert-node",
      "node": {
        "label": "folder",
        "type": "SimpleName"
      },
      "location-after-char-start": 9695,
      "location-after-char-end": 9701,
      "node-str": "folder"
    },
    {
      "type": "insert-node",
      "node": {
        "label": "\u003d",
        "type": "ASSIGNMENT_OPERATOR"
      },
      "location-after-char-start": 9702,
      "location-after-char-end": 9703,
      "node-str": "\u003d"
    },
    {
      "type": "insert-node",
      "node": {
        "label": "",
        "type": "CastExpression"
      },
      "location-after-char-start": 9704,
      "location-after-char-end": 9758,
      "node-str": ""
    },
    {
      "type": "insert-node",
      "node": {
        "label": "",
        "type": "MethodInvocation"
      },
      "location-after-char-start": 7376,
      "location-after-char-end": 7399,
      "node-str": ""
    },
    {
      "type": "insert-node",
      "node": {
        "label": "",
        "type": "MethodInvocation"
      },
      "location-after-char-start": 7896,
      "location-after-char-end": 7919,
      "node-str": ""
    },
    {
      "type": "insert-node",
      "node": {
        "label": "",
        "type": "MethodInvocation"
      },
      "location-after-char-start": 8969,
      "location-after-char-end": 8992,
      "node-str": ""
    },
    {
      "type": "insert-node",
      "node": {
        "label": "list",
        "type": "SimpleName"
      },
      "location-after-char-start": 9003,
      "location-after-char-end": 9007,
      "node-str": "list"
    },
    {
      "type": "insert-node",
      "node": {
        "label": "",
        "type": "SimpleType"
      },
      "location-after-char-start": 9189,
      "location-after-char-end": 9202,
      "node-str": ""
    },
    {
      "type": "insert-node",
      "node": {
        "label": "",
        "type": "MethodInvocation"
      },
      "location-after-char-start": 9204,
      "location-after-char-end": 9242,
      "node-str": ""
    },
    {
      "type": "insert-node",
      "node": {
        "label": "",
        "type": "MethodInvocation"
      },
      "location-after-char-start": 9485,
      "location-after-char-end": 9508,
      "node-str": ""
    },
    {
      "type": "insert-node",
      "node": {
        "label": "list",
        "type": "SimpleName"
      },
      "location-after-char-start": 9519,
      "location-after-char-end": 9523,
      "node-str": "list"
    },
    {
      "type": "insert-node",
      "node": {
        "label": "",
        "type": "SimpleType"
      },
      "location-after-char-start": 9705,
      "location-after-char-end": 9718,
      "node-str": ""
    },
    {
      "type": "insert-node",
      "node": {
        "label": "",
        "type": "MethodInvocation"
      },
      "location-after-char-start": 9720,
      "location-after-char-end": 9758,
      "node-str": ""
    },
    {
      "type": "move-subtree",
      "node": {
        "label": "",
        "type": "METHOD_INVOCATION_RECEIVER"
      },
      "location-before-char-start": 7347,
      "location-before-char-end": 7370,
      "location-after-char-start": 7376,
      "location-after-char-end": 7385,
      "node-str": ""
    },
    {
      "type": "insert-node",
      "node": {
        "label": "getInstance",
        "type": "SimpleName"
      },
      "location-after-char-start": 7386,
      "location-after-char-end": 7397,
      "node-str": "getInstance"
    },
    {
      "type": "move-subtree",
      "node": {
        "label": "",
        "type": "METHOD_INVOCATION_RECEIVER"
      },
      "location-before-char-start": 7867,
      "location-before-char-end": 7890,
      "location-after-char-start": 7896,
      "location-after-char-end": 7905,
      "node-str": ""
    },
    {
      "type": "insert-node",
      "node": {
        "label": "getInstance",
        "type": "SimpleName"
      },
      "location-after-char-start": 7906,
      "location-after-char-end": 7917,
      "node-str": "getInstance"
    },
    {
      "type": "insert-node",
      "node": {
        "label": "",
        "type": "METHOD_INVOCATION_RECEIVER"
      },
      "location-after-char-start": 8969,
      "location-after-char-end": 8978,
      "node-str": ""
    },
    {
      "type": "insert-node",
      "node": {
        "label": "getInstance",
        "type": "SimpleName"
      },
      "location-after-char-start": 8979,
      "location-after-char-end": 8990,
      "node-str": "getInstance"
    },
    {
      "type": "insert-node",
      "node": {
        "label": "MessageFolder",
        "type": "SimpleName"
      },
      "location-after-char-start": 9189,
      "location-after-char-end": 9202,
      "node-str": "MessageFolder"
    },
    {
      "type": "insert-node",
      "node": {
        "label": "",
        "type": "METHOD_INVOCATION_RECEIVER"
      },
      "location-after-char-start": 9204,
      "location-after-char-end": 9227,
      "node-str": ""
    },
    {
      "type": "insert-node",
      "node": {
        "label": "getFolder",
        "type": "SimpleName"
      },
      "location-after-char-start": 9228,
      "location-after-char-end": 9237,
      "node-str": "getFolder"
    },
    {
      "type": "insert-node",
      "node": {
        "label": "",
        "type": "METHOD_INVOCATION_ARGUMENTS"
      },
      "location-after-char-start": 9238,
      "location-after-char-end": 9241,
      "node-str": ""
    },
    {
      "type": "insert-node",
      "node": {
        "label": "",
        "type": "METHOD_INVOCATION_RECEIVER"
      },
      "location-after-char-start": 9485,
      "location-after-char-end": 9494,
      "node-str": ""
    },
    {
      "type": "insert-node",
      "node": {
        "label": "getInstance",
        "type": "SimpleName"
      },
      "location-after-char-start": 9495,
      "location-after-char-end": 9506,
      "node-str": "getInstance"
    },
    {
      "type": "insert-node",
      "node": {
        "label": "MessageFolder",
        "type": "SimpleName"
      },
      "location-after-char-start": 9705,
      "location-after-char-end": 9718,
      "node-str": "MessageFolder"
    },
    {
      "type": "insert-node",
      "node": {
        "label": "",
        "type": "METHOD_INVOCATION_RECEIVER"
      },
      "location-after-char-start": 9720,
      "location-after-char-end": 9743,
      "node-str": ""
    },
    {
      "type": "insert-node",
      "node": {
        "label": "getFolder",
        "type": "SimpleName"
      },
      "location-after-char-start": 9744,
      "location-after-char-end": 9753,
      "node-str": "getFolder"
    },
    {
      "type": "insert-node",
      "node": {
        "label": "",
        "type": "METHOD_INVOCATION_ARGUMENTS"
      },
      "location-after-char-start": 9754,
      "location-after-char-end": 9757,
      "node-str": ""
    },
    {
      "type": "insert-node",
      "node": {
        "label": "TreeModel",
        "type": "SimpleName"
      },
      "location-after-char-start": 7376,
      "location-after-char-end": 7385,
      "node-str": "TreeModel"
    },
    {
      "type": "insert-node",
      "node": {
        "label": "TreeModel",
        "type": "SimpleName"
      },
      "location-after-char-start": 7896,
      "location-after-char-end": 7905,
      "node-str": "TreeModel"
    },
    {
      "type": "insert-node",
      "node": {
        "label": "TreeModel",
        "type": "SimpleName"
      },
      "location-after-char-start": 8969,
      "location-after-char-end": 8978,
      "node-str": "TreeModel"
    },
    {
      "type": "insert-node",
      "node": {
        "label": "",
        "type": "MethodInvocation"
      },
      "location-after-char-start": 9204,
      "location-after-char-end": 9227,
      "node-str": ""
    },
    {
      "type": "insert-node",
      "node": {
        "label": "101",
        "type": "NumberLiteral"
      },
      "location-after-char-start": 9238,
      "location-after-char-end": 9241,
      "node-str": "101"
    },
    {
      "type": "insert-node",
      "node": {
        "label": "TreeModel",
        "type": "SimpleName"
      },
      "location-after-char-start": 9485,
      "location-after-char-end": 9494,
      "node-str": "TreeModel"
    },
    {
      "type": "insert-node",
      "node": {
        "label": "",
        "type": "MethodInvocation"
      },
      "location-after-char-start": 9720,
      "location-after-char-end": 9743,
      "node-str": ""
    },
    {
      "type": "insert-node",
      "node": {
        "label": "101",
        "type": "NumberLiteral"
      },
      "location-after-char-start": 9754,
      "location-after-char-end": 9757,
      "node-str": "101"
    },
    {
      "type": "insert-node",
      "node": {
        "label": "",
        "type": "METHOD_INVOCATION_RECEIVER"
      },
      "location-after-char-start": 9204,
      "location-after-char-end": 9213,
      "node-str": ""
    },
    {
      "type": "insert-node",
      "node": {
        "label": "getInstance",
        "type": "SimpleName"
      },
      "location-after-char-start": 9214,
      "location-after-char-end": 9225,
      "node-str": "getInstance"
    },
    {
      "type": "insert-node",
      "node": {
        "label": "",
        "type": "METHOD_INVOCATION_RECEIVER"
      },
      "location-after-char-start": 9720,
      "location-after-char-end": 9729,
      "node-str": ""
    },
    {
      "type": "insert-node",
      "node": {
        "label": "getInstance",
        "type": "SimpleName"
      },
      "location-after-char-start": 9730,
      "location-after-char-end": 9741,
      "node-str": "getInstance"
    },
    {
      "type": "insert-node",
      "node": {
        "label": "TreeModel",
        "type": "SimpleName"
      },
      "location-after-char-start": 9204,
      "location-after-char-end": 9213,
      "node-str": "TreeModel"
    },
    {
      "type": "insert-node",
      "node": {
        "label": "TreeModel",
        "type": "SimpleName"
      },
      "location-after-char-start": 9720,
      "location-after-char-end": 9729,
      "node-str": "TreeModel"
    },
    {
      "type": "delete-node",
      "node": {
        "label": "org.columba.mail.gui.config.account",
        "type": "QualifiedName"
      },
      "location-before-char-start": 741,
      "location-before-char-end": 776,
      "node-str": "org.columba.mail.gui.config.account"
    },
    {
      "type": "delete-node",
      "node": {
        "label": "",
        "type": "PackageDeclaration"
      },
      "location-before-char-start": 733,
      "location-before-char-end": 777,
      "node-str": ""
    },
    {
      "type": "delete-node",
      "node": {
        "label": "java.awt.event.ActionEvent",
        "type": "QualifiedName"
      },
      "location-before-char-start": 788,
      "location-before-char-end": 814,
      "node-str": "java.awt.event.ActionEvent"
    },
    {
      "type": "delete-node",
      "node": {
        "label": "",
        "type": "ImportDeclaration"
      },
      "location-before-char-start": 781,
      "location-before-char-end": 815,
      "node-str": ""
    },
    {
      "type": "delete-node",
      "node": {
        "label": "java.awt.event.ActionListener",
        "type": "QualifiedName"
      },
      "location-before-char-start": 824,
      "location-before-char-end": 853,
      "node-str": "java.awt.event.ActionListener"
    },
    {
      "type": "delete-node",
      "node": {
        "label": "",
        "type": "ImportDeclaration"
      },
      "location-before-char-start": 817,
      "location-before-char-end": 854,
      "node-str": ""
    },
    {
      "type": "delete-node",
      "node": {
        "label": "javax.swing.ButtonGroup",
        "type": "QualifiedName"
      },
      "location-before-char-start": 865,
      "location-before-char-end": 888,
      "node-str": "javax.swing.ButtonGroup"
    },
    {
      "type": "delete-node",
      "node": {
        "label": "",
        "type": "ImportDeclaration"
      },
      "location-before-char-start": 858,
      "location-before-char-end": 889,
      "node-str": ""
    },
    {
      "type": "delete-node",
      "node": {
        "label": "javax.swing.JButton",
        "type": "QualifiedName"
      },
      "location-before-char-start": 898,
      "location-before-char-end": 917,
      "node-str": "javax.swing.JButton"
    },
    {
      "type": "delete-node",
      "node": {
        "label": "",
        "type": "ImportDeclaration"
      },
      "location-before-char-start": 891,
      "location-before-char-end": 918,
      "node-str": ""
    },
    {
      "type": "delete-node",
      "node": {
        "label": "javax.swing.JCheckBox",
        "type": "QualifiedName"
      },
      "location-before-char-start": 927,
      "location-before-char-end": 948,
      "node-str": "javax.swing.JCheckBox"
    },
    {
      "type": "delete-node",
      "node": {
        "label": "",
        "type": "ImportDeclaration"
      },
      "location-before-char-start": 920,
      "location-before-char-end": 949,
      "node-str": ""
    },
    {
      "type": "delete-node",
      "node": {
        "label": "javax.swing.JDialog",
        "type": "QualifiedName"
      },
      "location-before-char-start": 958,
      "location-before-char-end": 977,
      "node-str": "javax.swing.JDialog"
    },
    {
      "type": "delete-node",
      "node": {
        "label": "",
        "type": "ImportDeclaration"
      },
      "location-before-char-start": 951,
      "location-before-char-end": 978,
      "node-str": ""
    },
    {
      "type": "delete-node",
      "node": {
        "label": "javax.swing.JRadioButton",
        "type": "QualifiedName"
      },
      "location-before-char-start": 987,
      "location-before-char-end": 1011,
      "node-str": "javax.swing.JRadioButton"
    },
    {
      "type": "delete-node",
      "node": {
        "label": "",
        "type": "ImportDeclaration"
      },
      "location-before-char-start": 980,
      "location-before-char-end": 1012,
      "node-str": ""
    },
    {
      "type": "delete-node",
      "node": {
        "label": "org.columba.core.gui.frame.FrameMediator",
        "type": "QualifiedName"
      },
      "location-before-char-start": 1023,
      "location-before-char-end": 1063,
      "node-str": "org.columba.core.gui.frame.FrameMediator"
    },
    {
      "type": "delete-node",
      "node": {
        "label": "",
        "type": "ImportDeclaration"
      },
      "location-before-char-start": 1016,
      "location-before-char-end": 1064,
      "node-str": ""
    },
    {
      "type": "delete-node",
      "node": {
        "label": "org.columba.core.gui.util.ButtonWithMnemonic",
        "type": "QualifiedName"
      },
      "location-before-char-start": 1073,
      "location-before-char-end": 1117,
      "node-str": "org.columba.core.gui.util.ButtonWithMnemonic"
    },
    {
      "type": "delete-node",
      "node": {
        "label": "",
        "type": "ImportDeclaration"
      },
      "location-before-char-start": 1066,
      "location-before-char-end": 1118,
      "node-str": ""
    },
    {
      "type": "delete-node",
      "node": {
        "label": "org.columba.core.gui.util.CheckBoxWithMnemonic",
        "type": "QualifiedName"
      },
      "location-before-char-start": 1127,
      "location-before-char-end": 1173,
      "node-str": "org.columba.core.gui.util.CheckBoxWithMnemonic"
    },
    {
      "type": "delete-node",
      "node": {
        "label": "",
        "type": "ImportDeclaration"
      },
      "location-before-char-start": 1120,
      "location-before-char-end": 1174,
      "node-str": ""
    },
    {
      "type": "delete-node",
      "node": {
        "label": "org.columba.core.gui.util.MultiLineLabel",
        "type": "QualifiedName"
      },
      "location-before-char-start": 1183,
      "location-before-char-end": 1223,
      "node-str": "org.columba.core.gui.util.MultiLineLabel"
    },
    {
      "type": "delete-node",
      "node": {
        "label": "",
        "type": "ImportDeclaration"
      },
      "location-before-char-start": 1176,
      "location-before-char-end": 1224,
      "node-str": ""
    },
    {
      "type": "delete-node",
      "node": {
        "label": "org.columba.core.gui.util.RadioButtonWithMnemonic",
        "type": "QualifiedName"
      },
      "location-before-char-start": 1233,
      "location-before-char-end": 1282,
      "node-str": "org.columba.core.gui.util.RadioButtonWithMnemonic"
    },
    {
      "type": "delete-node",
      "node": {
        "label": "",
        "type": "ImportDeclaration"
      },
      "location-before-char-start": 1226,
      "location-before-char-end": 1283,
      "node-str": ""
    },
    {
      "type": "delete-node",
      "node": {
        "label": "org.columba.mail.config.AccountItem",
        "type": "QualifiedName"
      },
      "location-before-char-start": 1292,
      "location-before-char-end": 1327,
      "node-str": "org.columba.mail.config.AccountItem"
    },
    {
      "type": "delete-node",
      "node": {
        "label": "",
        "type": "ImportDeclaration"
      },
      "location-before-char-start": 1285,
      "location-before-char-end": 1328,
      "node-str": ""
    },
    {
      "type": "delete-node",
      "node": {
        "label": "org.columba.mail.config.SpamItem",
        "type": "QualifiedName"
      },
      "location-before-char-start": 1337,
      "location-before-char-end": 1369,
      "node-str": "org.columba.mail.config.SpamItem"
    },
    {
      "type": "delete-node",
      "node": {
        "label": "",
        "type": "ImportDeclaration"
      },
      "location-before-char-start": 1330,
      "location-before-char-end": 1370,
      "node-str": ""
    },
    {
      "type": "delete-node",
      "node": {
        "label": "org.columba.mail.folder.MessageFolder",
        "type": "QualifiedName"
      },
      "location-before-char-start": 1379,
      "location-before-char-end": 1416,
      "node-str": "org.columba.mail.folder.MessageFolder"
    },
    {
      "type": "delete-node",
      "node": {
        "label": "",
        "type": "ImportDeclaration"
      },
      "location-before-char-start": 1372,
      "location-before-char-end": 1417,
      "node-str": ""
    },
    {
      "type": "delete-node",
      "node": {
        "label": "org.columba.mail.gui.tree.util.SelectFolderDialog",
        "type": "QualifiedName"
      },
      "location-before-char-start": 1426,
      "location-before-char-end": 1475,
      "node-str": "org.columba.mail.gui.tree.util.SelectFolderDialog"
    },
    {
      "type": "delete-node",
      "node": {
        "label": "",
        "type": "ImportDeclaration"
      },
      "location-before-char-start": 1419,
      "location-before-char-end": 1476,
      "node-str": ""
    },
    {
      "type": "delete-node",
      "node": {
        "label": "org.columba.mail.gui.tree.util.TreeNodeList",
        "type": "QualifiedName"
      },
      "location-before-char-start": 1485,
      "location-before-char-end": 1528,
      "node-str": "org.columba.mail.gui.tree.util.TreeNodeList"
    },
    {
      "type": "delete-node",
      "node": {
        "label": "",
        "type": "ImportDeclaration"
      },
      "location-before-char-start": 1478,
      "location-before-char-end": 1529,
      "node-str": ""
    },
    {
      "type": "delete-node",
      "node": {
        "label": "org.columba.mail.main.MailInterface",
        "type": "QualifiedName"
      },
      "location-before-char-start": 1538,
      "location-before-char-end": 1573,
      "node-str": "org.columba.mail.main.MailInterface"
    },
    {
      "type": "delete-node",
      "node": {
        "label": "",
        "type": "ImportDeclaration"
      },
      "location-before-char-start": 1531,
      "location-before-char-end": 1574,
      "node-str": ""
    },
    {
      "type": "delete-node",
      "node": {
        "label": "org.columba.mail.util.MailResourceLoader",
        "type": "QualifiedName"
      },
      "location-before-char-start": 1583,
      "location-before-char-end": 1623,
      "node-str": "org.columba.mail.util.MailResourceLoader"
    },
    {
      "type": "delete-node",
      "node": {
        "label": "",
        "type": "ImportDeclaration"
      },
      "location-before-char-start": 1576,
      "location-before-char-end": 1624,
      "node-str": ""
    },
    {
      "type": "delete-node",
      "node": {
        "label": "com.jgoodies.forms.builder.DefaultFormBuilder",
        "type": "QualifiedName"
      },
      "location-before-char-start": 1635,
      "location-before-char-end": 1680,
      "node-str": "com.jgoodies.forms.builder.DefaultFormBuilder"
    },
    {
      "type": "delete-node",
      "node": {
        "label": "",
        "type": "ImportDeclaration"
      },
      "location-before-char-start": 1628,
      "location-before-char-end": 1681,
      "node-str": ""
    },
    {
      "type": "delete-node",
      "node": {
        "label": "com.jgoodies.forms.layout.FormLayout",
        "type": "QualifiedName"
      },
      "location-before-char-start": 1690,
      "location-before-char-end": 1726,
      "node-str": "com.jgoodies.forms.layout.FormLayout"
    },
    {
      "type": "delete-node",
      "node": {
        "label": "",
        "type": "ImportDeclaration"
      },
      "location-before-char-start": 1683,
      "location-before-char-end": 1727,
      "node-str": ""
    },
    {
      "type": "delete-node",
      "node": {
        "label": "public",
        "type": "Modifier"
      },
      "location-before-char-start": 1792,
      "location-before-char-end": 1798,
      "node-str": "public"
    },
    {
      "type": "delete-node",
      "node": {
        "label": "class",
        "type": "TYPE_DECLARATION_KIND"
      },
      "location-before-char-start": 1799,
      "location-before-char-end": 1804,
      "node-str": "class"
    },
    {
      "type": "delete-node",
      "node": {
        "label": "SpamPanel",
        "type": "SimpleName"
      },
      "location-before-char-start": 1805,
      "location-before-char-end": 1814,
      "node-str": "SpamPanel"
    },
    {
      "type": "delete-node",
      "node": {
        "label": "DefaultPanel",
        "type": "SimpleName"
      },
      "location-before-char-start": 1823,
      "location-before-char-end": 1835,
      "node-str": "DefaultPanel"
    },
    {
      "type": "delete-node",
      "node": {
        "label": "",
        "type": "SimpleType"
      },
      "location-before-char-start": 1823,
      "location-before-char-end": 1835,
      "node-str": ""
    },
    {
      "type": "delete-node",
      "node": {
        "label": "ActionListener",
        "type": "SimpleName"
      },
      "location-before-char-start": 1847,
      "location-before-char-end": 1861,
      "node-str": "ActionListener"
    },
    {
      "type": "delete-node",
      "node": {
        "label": "",
        "type": "SimpleType"
      },
      "location-before-char-start": 1847,
      "location-before-char-end": 1861,
      "node-str": ""
    },
    {
      "type": "delete-node",
      "node": {
        "label": "public",
        "type": "Modifier"
      },
      "location-before-char-start": 6991,
      "location-before-char-end": 6997,
      "node-str": "public"
    },
    {
      "type": "delete-node",
      "node": {
        "label": "void",
        "type": "PrimitiveType"
      },
      "location-before-char-start": 6998,
      "location-before-char-end": 7002,
      "node-str": "void"
    },
    {
      "type": "delete-node",
      "node": {
        "label": "updateComponents",
        "type": "SimpleName"
      },
      "location-before-char-start": 7003,
      "location-before-char-end": 7019,
      "node-str": "updateComponents"
    },
    {
      "type": "delete-node",
      "node": {
        "label": "b",
        "type": "SimpleName"
      },
      "location-before-char-start": 7101,
      "location-before-char-end": 7102,
      "node-str": "b"
    },
    {
      "type": "delete-node",
      "node": {
        "label": "MailInterface.treeModel",
        "type": "QualifiedName"
      },
      "location-before-char-start": 7347,
      "location-before-char-end": 7370,
      "node-str": "MailInterface.treeModel"
    },
    {
      "type": "delete-node",
      "node": {
        "label": "MailInterface.treeModel",
        "type": "QualifiedName"
      },
      "location-before-char-start": 7867,
      "location-before-char-end": 7890,
      "node-str": "MailInterface.treeModel"
    },
    {
      "type": "delete-node",
      "node": {
        "label": "MessageFolder",
        "type": "SimpleName"
      },
      "location-before-char-start": 8900,
      "location-before-char-end": 8913,
      "node-str": "MessageFolder"
    },
    {
      "type": "delete-node",
      "node": {
        "label": "",
        "type": "SimpleType"
      },
      "location-before-char-start": 8900,
      "location-before-char-end": 8913,
      "node-str": ""
    },
    {
      "type": "delete-node",
      "node": {
        "label": "folder",
        "type": "SimpleName"
      },
      "location-before-char-start": 8914,
      "location-before-char-end": 8920,
      "node-str": "folder"
    },
    {
      "type": "delete-node",
      "node": {
        "label": "MessageFolder",
        "type": "SimpleName"
      },
      "location-before-char-start": 8924,
      "location-before-char-end": 8937,
      "node-str": "MessageFolder"
    },
    {
      "type": "delete-node",
      "node": {
        "label": "",
        "type": "SimpleType"
      },
      "location-before-char-start": 8924,
      "location-before-char-end": 8937,
      "node-str": ""
    },
    {
      "type": "delete-node",
      "node": {
        "label": "MailInterface.treeModel",
        "type": "QualifiedName"
      },
      "location-before-char-start": 8956,
      "location-before-char-end": 8979,
      "node-str": "MailInterface.treeModel"
    },
    {
      "type": "delete-node",
      "node": {
        "label": "",
        "type": "METHOD_INVOCATION_RECEIVER"
      },
      "location-before-char-start": 8956,
      "location-before-char-end": 8979,
      "node-str": ""
    },
    {
      "type": "delete-node",
      "node": {
        "label": "getFolder",
        "type": "SimpleName"
      },
      "location-before-char-start": 8980,
      "location-before-char-end": 8989,
      "node-str": "getFolder"
    },
    {
      "type": "delete-node",
      "node": {
        "label": "list",
        "type": "SimpleName"
      },
      "location-before-char-start": 8990,
      "location-before-char-end": 8994,
      "node-str": "list"
    },
    {
      "type": "delete-node",
      "node": {
        "label": "",
        "type": "METHOD_INVOCATION_ARGUMENTS"
      },
      "location-before-char-start": 8990,
      "location-before-char-end": 8994,
      "node-str": ""
    },
    {
      "type": "delete-node",
      "node": {
        "label": "",
        "type": "MethodInvocation"
      },
      "location-before-char-start": 8956,
      "location-before-char-end": 8995,
      "node-str": ""
    },
    {
      "type": "delete-node",
      "node": {
        "label": "",
        "type": "CastExpression"
      },
      "location-before-char-start": 8923,
      "location-before-char-end": 8995,
      "node-str": ""
    },
    {
      "type": "delete-node",
      "node": {
        "label": "",
        "type": "VariableDeclarationFragment"
      },
      "location-before-char-start": 8914,
      "location-before-char-end": 8995,
      "node-str": ""
    },
    {
      "type": "delete-node",
      "node": {
        "label": "",
        "type": "VariableDeclarationStatement"
      },
      "location-before-char-start": 8900,
      "location-before-char-end": 8996,
      "node-str": ""
    },
    {
      "type": "delete-node",
      "node": {
        "label": "folder",
        "type": "SimpleName"
      },
      "location-before-char-start": 9166,
      "location-before-char-end": 9172,
      "node-str": "folder"
    },
    {
      "type": "delete-node",
      "node": {
        "label": "\u003d",
        "type": "ASSIGNMENT_OPERATOR"
      },
      "location-before-char-start": 9173,
      "location-before-char-end": 9174,
      "node-str": "\u003d"
    },
    {
      "type": "delete-node",
      "node": {
        "label": "MessageFolder",
        "type": "SimpleName"
      },
      "location-before-char-start": 9176,
      "location-before-char-end": 9189,
      "node-str": "MessageFolder"
    },
    {
      "type": "delete-node",
      "node": {
        "label": "",
        "type": "SimpleType"
      },
      "location-before-char-start": 9176,
      "location-before-char-end": 9189,
      "node-str": ""
    },
    {
      "type": "delete-node",
      "node": {
        "label": "MailInterface.treeModel",
        "type": "QualifiedName"
      },
      "location-before-char-start": 9191,
      "location-before-char-end": 9214,
      "node-str": "MailInterface.treeModel"
    },
    {
      "type": "delete-node",
      "node": {
        "label": "",
        "type": "METHOD_INVOCATION_RECEIVER"
      },
      "location-before-char-start": 9191,
      "location-before-char-end": 9214,
      "node-str": ""
    },
    {
      "type": "delete-node",
      "node": {
        "label": "getFolder",
        "type": "SimpleName"
      },
      "location-before-char-start": 9215,
      "location-before-char-end": 9224,
      "node-str": "getFolder"
    },
    {
      "type": "delete-node",
      "node": {
        "label": "101",
        "type": "NumberLiteral"
      },
      "location-before-char-start": 9225,
      "location-before-char-end": 9228,
      "node-str": "101"
    },
    {
      "type": "delete-node",
      "node": {
        "label": "",
        "type": "METHOD_INVOCATION_ARGUMENTS"
      },
      "location-before-char-start": 9225,
      "location-before-char-end": 9228,
      "node-str": ""
    },
    {
      "type": "delete-node",
      "node": {
        "label": "",
        "type": "MethodInvocation"
      },
      "location-before-char-start": 9191,
      "location-before-char-end": 9229,
      "node-str": ""
    },
    {
      "type": "delete-node",
      "node": {
        "label": "",
        "type": "CastExpression"
      },
      "location-before-char-start": 9175,
      "location-before-char-end": 9229,
      "node-str": ""
    },
    {
      "type": "delete-node",
      "node": {
        "label": "",
        "type": "Assignment"
      },
      "location-before-char-start": 9166,
      "location-before-char-end": 9229,
      "node-str": ""
    },
    {
      "type": "delete-node",
      "node": {
        "label": "",
        "type": "ExpressionStatement"
      },
      "location-before-char-start": 9166,
      "location-before-char-end": 9230,
      "node-str": ""
    },
    {
      "type": "delete-node",
      "node": {
        "label": "",
        "type": "Block"
      },
      "location-before-char-start": 9044,
      "location-before-char-end": 9245,
      "node-str": ""
    },
    {
      "type": "delete-node",
      "node": {
        "label": "",
        "type": "IfStatement"
      },
      "location-before-char-start": 9024,
      "location-before-char-end": 9245,
      "node-str": ""
    },
    {
      "type": "delete-node",
      "node": {
        "label": "folder",
        "type": "SimpleName"
      },
      "location-before-char-start": 9447,
      "location-before-char-end": 9453,
      "node-str": "folder"
    },
    {
      "type": "delete-node",
      "node": {
        "label": "\u003d",
        "type": "ASSIGNMENT_OPERATOR"
      },
      "location-before-char-start": 9454,
      "location-before-char-end": 9455,
      "node-str": "\u003d"
    },
    {
      "type": "delete-node",
      "node": {
        "label": "MessageFolder",
        "type": "SimpleName"
      },
      "location-before-char-start": 9457,
      "location-before-char-end": 9470,
      "node-str": "MessageFolder"
    },
    {
      "type": "delete-node",
      "node": {
        "label": "",
        "type": "SimpleType"
      },
      "location-before-char-start": 9457,
      "location-before-char-end": 9470,
      "node-str": ""
    },
    {
      "type": "delete-node",
      "node": {
        "label": "MailInterface.treeModel",
        "type": "QualifiedName"
      },
      "location-before-char-start": 9472,
      "location-before-char-end": 9495,
      "node-str": "MailInterface.treeModel"
    },
    {
      "type": "delete-node",
      "node": {
        "label": "",
        "type": "METHOD_INVOCATION_RECEIVER"
      },
      "location-before-char-start": 9472,
      "location-before-char-end": 9495,
      "node-str": ""
    },
    {
      "type": "delete-node",
      "node": {
        "label": "getFolder",
        "type": "SimpleName"
      },
      "location-before-char-start": 9496,
      "location-before-char-end": 9505,
      "node-str": "getFolder"
    },
    {
      "type": "delete-node",
      "node": {
        "label": "list",
        "type": "SimpleName"
      },
      "location-before-char-start": 9506,
      "location-before-char-end": 9510,
      "node-str": "list"
    },
    {
      "type": "delete-node",
      "node": {
        "label": "",
        "type": "METHOD_INVOCATION_ARGUMENTS"
      },
      "location-before-char-start": 9506,
      "location-before-char-end": 9510,
      "node-str": ""
    },
    {
      "type": "delete-node",
      "node": {
        "label": "",
        "type": "MethodInvocation"
      },
      "location-before-char-start": 9472,
      "location-before-char-end": 9511,
      "node-str": ""
    },
    {
      "type": "delete-node",
      "node": {
        "label": "",
        "type": "CastExpression"
      },
      "location-before-char-start": 9456,
      "location-before-char-end": 9511,
      "node-str": ""
    },
    {
      "type": "delete-node",
      "node": {
        "label": "",
        "type": "Assignment"
      },
      "location-before-char-start": 9447,
      "location-before-char-end": 9511,
      "node-str": ""
    },
    {
      "type": "delete-node",
      "node": {
        "label": "",
        "type": "ExpressionStatement"
      },
      "location-before-char-start": 9447,
      "location-before-char-end": 9512,
      "node-str": ""
    },
    {
      "type": "delete-node",
      "node": {
        "label": "folder",
        "type": "SimpleName"
      },
      "location-before-char-start": 9682,
      "location-before-char-end": 9688,
      "node-str": "folder"
    },
    {
      "type": "delete-node",
      "node": {
        "label": "\u003d",
        "type": "ASSIGNMENT_OPERATOR"
      },
      "location-before-char-start": 9689,
      "location-before-char-end": 9690,
      "node-str": "\u003d"
    },
    {
      "type": "delete-node",
      "node": {
        "label": "MessageFolder",
        "type": "SimpleName"
      },
      "location-before-char-start": 9692,
      "location-before-char-end": 9705,
      "node-str": "MessageFolder"
    },
    {
      "type": "delete-node",
      "node": {
        "label": "",
        "type": "SimpleType"
      },
      "location-before-char-start": 9692,
      "location-before-char-end": 9705,
      "node-str": ""
    },
    {
      "type": "delete-node",
      "node": {
        "label": "MailInterface.treeModel",
        "type": "QualifiedName"
      },
      "location-before-char-start": 9707,
      "location-before-char-end": 9730,
      "node-str": "MailInterface.treeModel"
    },
    {
      "type": "delete-node",
      "node": {
        "label": "",
        "type": "METHOD_INVOCATION_RECEIVER"
      },
      "location-before-char-start": 9707,
      "location-before-char-end": 9730,
      "node-str": ""
    },
    {
      "type": "delete-node",
      "node": {
        "label": "getFolder",
        "type": "SimpleName"
      },
      "location-before-char-start": 9731,
      "location-before-char-end": 9740,
      "node-str": "getFolder"
    },
    {
      "type": "delete-node",
      "node": {
        "label": "101",
        "type": "NumberLiteral"
      },
      "location-before-char-start": 9741,
      "location-before-char-end": 9744,
      "node-str": "101"
    },
    {
      "type": "delete-node",
      "node": {
        "label": "",
        "type": "METHOD_INVOCATION_ARGUMENTS"
      },
      "location-before-char-start": 9741,
      "location-before-char-end": 9744,
      "node-str": ""
    },
    {
      "type": "delete-node",
      "node": {
        "label": "",
        "type": "MethodInvocation"
      },
      "location-before-char-start": 9707,
      "location-before-char-end": 9745,
      "node-str": ""
    },
    {
      "type": "delete-node",
      "node": {
        "label": "",
        "type": "CastExpression"
      },
      "location-before-char-start": 9691,
      "location-before-char-end": 9745,
      "node-str": ""
    },
    {
      "type": "delete-node",
      "node": {
        "label": "",
        "type": "Assignment"
      },
      "location-before-char-start": 9682,
      "location-before-char-end": 9745,
      "node-str": ""
    },
    {
      "type": "delete-node",
      "node": {
        "label": "",
        "type": "ExpressionStatement"
      },
      "location-before-char-start": 9682,
      "location-before-char-end": 9746,
      "node-str": ""
    },
    {
      "type": "delete-node",
      "node": {
        "label": "",
        "type": "Block"
      },
      "location-before-char-start": 9560,
      "location-before-char-end": 9761,
      "node-str": ""
    },
    {
      "type": "delete-node",
      "node": {
        "label": "",
        "type": "IfStatement"
      },
      "location-before-char-start": 9540,
      "location-before-char-end": 9761,
      "node-str": ""
    }
  ],
  "before-file": {},
  "after-file": {},
  "mapping": {}
}