{
  "tool-info": {},
  "diff": [
    {
      "type": "insert-node",
      "node": {
        "label": "ParameterizedTestTest",
        "type": "Class"
      },
      "location-after-char-start": 263,
      "location-after-char-end": 1172,
      "node-str": "ParameterizedTestTest"
    },
    {
      "type": "move-subtree",
      "node": {
        "label": "public",
        "type": "Modifier"
      },
      "location-before-char-start": 0,
      "location-before-char-end": 0,
      "location-after-char-start": 0,
      "location-after-char-end": 0,
      "node-str": "public"
    },
    {
      "type": "insert-node",
      "node": {
        "label": "FibonacciTest",
        "type": "Class"
      },
      "location-after-char-start": 303,
      "location-after-char-end": 873,
      "node-str": "FibonacciTest"
    },
    {
      "type": "insert-node",
      "node": {
        "label": "count",
        "type": "Method"
      },
      "location-after-char-start": 877,
      "location-after-char-end": 1058,
      "node-str": "count"
    },
    {
      "type": "move-subtree",
      "node": {
        "label": "suite",
        "type": "Method"
      },
      "location-before-char-start": 954,
      "location-before-char-end": 1293,
      "location-after-char-start": 1063,
      "location-after-char-end": 1170,
      "node-str": "suite"
    },
    {
      "type": "move-subtree",
      "node": {
        "label": "public",
        "type": "Modifier"
      },
      "location-before-char-start": 0,
      "location-before-char-end": 0,
      "location-after-char-start": 0,
      "location-after-char-end": 0,
      "node-str": "public"
    },
    {
      "type": "move-subtree",
      "node": {
        "label": "static",
        "type": "Modifier"
      },
      "location-before-char-start": 0,
      "location-before-char-end": 0,
      "location-after-char-start": 0,
      "location-after-char-end": 0,
      "node-str": "static"
    },
    {
      "type": "insert-node",
      "node": {
        "label": "",
        "type": "Annotation"
      },
      "location-after-char-start": 303,
      "location-after-char-end": 331,
      "node-str": ""
    },
    {
      "type": "move-subtree",
      "node": {
        "label": "data",
        "type": "Method"
      },
      "location-before-char-start": 334,
      "location-before-char-end": 460,
      "location-after-char-start": 468,
      "location-after-char-end": 594,
      "node-str": "data"
    },
    {
      "type": "move-subtree",
      "node": {
        "label": "input",
        "type": "Field"
      },
      "location-before-char-start": 467,
      "location-before-char-end": 484,
      "location-after-char-start": 601,
      "location-after-char-end": 618,
      "node-str": "input"
    },
    {
      "type": "move-subtree",
      "node": {
        "label": "expected",
        "type": "Field"
      },
      "location-before-char-start": 489,
      "location-before-char-end": 509,
      "location-after-char-start": 623,
      "location-after-char-end": 643,
      "node-str": "expected"
    },
    {
      "type": "move-subtree",
      "node": {
        "label": "\u003cinit\u003e",
        "type": "Constructor"
      },
      "location-before-char-start": 516,
      "location-before-char-end": 616,
      "location-after-char-start": 650,
      "location-after-char-end": 750,
      "node-str": "\u003cinit\u003e"
    },
    {
      "type": "move-subtree",
      "node": {
        "label": "test",
        "type": "Method"
      },
      "location-before-char-start": 623,
      "location-before-char-end": 691,
      "location-after-char-start": 757,
      "location-after-char-end": 825,
      "node-str": "test"
    },
    {
      "type": "move-subtree",
      "node": {
        "label": "fib",
        "type": "Method"
      },
      "location-before-char-start": 696,
      "location-before-char-end": 741,
      "location-after-char-start": 830,
      "location-after-char-end": 870,
      "node-str": "fib"
    },
    {
      "type": "move-subtree",
      "node": {
        "label": "void",
        "type": "RETURN_TYPE"
      },
      "location-before-char-start": 0,
      "location-before-char-end": 0,
      "location-after-char-start": 0,
      "location-after-char-end": 0,
      "node-str": "void"
    },
    {
      "type": "move-subtree",
      "node": {
        "label": "public",
        "type": "Modifier"
      },
      "location-before-char-start": 0,
      "location-before-char-end": 0,
      "location-after-char-start": 0,
      "location-after-char-end": 0,
      "node-str": "public"
    },
    {
      "type": "move-subtree",
      "node": {
        "label": "",
        "type": "Annotation"
      },
      "location-before-char-start": 769,
      "location-before-char-end": 773,
      "location-after-char-start": 877,
      "location-after-char-end": 881,
      "node-str": ""
    },
    {
      "type": "move-subtree",
      "node": {
        "label": "runner",
        "type": "LocalVariable"
      },
      "location-before-char-start": 799,
      "location-before-char-end": 826,
      "location-after-char-start": 907,
      "location-after-char-end": 934,
      "node-str": "runner"
    },
    {
      "type": "move-subtree",
      "node": {
        "label": "run",
        "type": "Invocation"
      },
      "location-before-char-start": 830,
      "location-before-char-end": 861,
      "location-after-char-start": 938,
      "location-after-char-end": 969,
      "node-str": "run"
    },
    {
      "type": "move-subtree",
      "node": {
        "label": "assertEquals",
        "type": "Invocation"
      },
      "location-before-char-start": 865,
      "location-before-char-end": 902,
      "location-after-char-start": 973,
      "location-after-char-end": 1010,
      "node-str": "assertEquals"
    },
    {
      "type": "move-subtree",
      "node": {
        "label": "assertEquals",
        "type": "Invocation"
      },
      "location-before-char-start": 906,
      "location-before-char-end": 947,
      "location-after-char-start": 1014,
      "location-after-char-end": 1055,
      "node-str": "assertEquals"
    },
    {
      "type": "insert-node",
      "node": {
        "label": "class",
        "type": "FieldRead"
      },
      "location-after-char-start": 312,
      "location-after-char-end": 330,
      "node-str": "class"
    },
    {
      "type": "update-node",
      "node": {
        "label": "input2",
        "type": "Parameter"
      },
      "location-before-char-start": 712,
      "location-before-char-end": 721,
      "location-after-char-start": 846,
      "location-after-char-end": 850,
      "node-str": "x"
    },
    {
      "type": "insert-node",
      "node": {
        "label": "org.junit.runner.Parameterized",
        "type": "TypeAccess"
      },
      "location-after-char-start": 0,
      "location-after-char-end": 0,
      "node-str": "org.junit.runner.Parameterized"
    },
    {
      "type": "delete-node",
      "node": {
        "label": "FibonacciTest",
        "type": "Class"
      },
      "location-before-char-start": 263,
      "location-before-char-end": 744,
      "node-str": "FibonacciTest"
    },
    {
      "type": "delete-node",
      "node": {
        "label": "\"prototype\"",
        "type": "Literal"
      },
      "location-before-char-start": 756,
      "location-before-char-end": 766,
      "node-str": "\"prototype\""
    },
    {
      "type": "delete-node",
      "node": {
        "label": "",
        "type": "Annotation"
      },
      "location-before-char-start": 748,
      "location-before-char-end": 767,
      "node-str": ""
    },
    {
      "type": "delete-node",
      "node": {
        "label": "count",
        "type": "Method"
      },
      "location-before-char-start": 748,
      "location-before-char-end": 950,
      "node-str": "count"
    },
    {
      "type": "delete-node",
      "node": {
        "label": "ParameterizedTestTest",
        "type": "Class"
      },
      "location-before-char-start": 223,
      "location-before-char-end": 1295,
      "node-str": "ParameterizedTestTest"
    }
  ],
  "before-file": {},
  "after-file": {},
  "mapping": {}
}