{
  "tool-info": {},
  "diff": [
    {
      "type": "insert-node",
      "node": {
        "label": "",
        "type": "PackageDeclaration"
      },
      "location-after-char-start": 2730,
      "location-after-char-end": 2764,
      "node-str": ""
    },
    {
      "type": "insert-node",
      "node": {
        "label": "",
        "type": "ImportDeclaration"
      },
      "location-after-char-start": 2766,
      "location-after-char-end": 2798,
      "node-str": ""
    },
    {
      "type": "insert-node",
      "node": {
        "label": "",
        "type": "ImportDeclaration"
      },
      "location-after-char-start": 2799,
      "location-after-char-end": 2839,
      "node-str": ""
    },
    {
      "type": "insert-node",
      "node": {
        "label": "",
        "type": "ImportDeclaration"
      },
      "location-after-char-start": 2840,
      "location-after-char-end": 2872,
      "node-str": ""
    },
    {
      "type": "insert-node",
      "node": {
        "label": "",
        "type": "ImportDeclaration"
      },
      "location-after-char-start": 2873,
      "location-after-char-end": 2901,
      "node-str": ""
    },
    {
      "type": "insert-node",
      "node": {
        "label": "",
        "type": "ImportDeclaration"
      },
      "location-after-char-start": 2902,
      "location-after-char-end": 2921,
      "node-str": ""
    },
    {
      "type": "insert-node",
      "node": {
        "label": "org.apache.tomcat.request",
        "type": "QualifiedName"
      },
      "location-after-char-start": 2738,
      "location-after-char-end": 2763,
      "node-str": "org.apache.tomcat.request"
    },
    {
      "type": "insert-node",
      "node": {
        "label": "org.apache.tomcat.core",
        "type": "QualifiedName"
      },
      "location-after-char-start": 2773,
      "location-after-char-end": 2795,
      "node-str": "org.apache.tomcat.core"
    },
    {
      "type": "insert-node",
      "node": {
        "label": "org.apache.tomcat.core.Constants",
        "type": "QualifiedName"
      },
      "location-after-char-start": 2806,
      "location-after-char-end": 2838,
      "node-str": "org.apache.tomcat.core.Constants"
    },
    {
      "type": "insert-node",
      "node": {
        "label": "org.apache.tomcat.util",
        "type": "QualifiedName"
      },
      "location-after-char-start": 2847,
      "location-after-char-end": 2869,
      "node-str": "org.apache.tomcat.util"
    },
    {
      "type": "insert-node",
      "node": {
        "label": "javax.servlet.http",
        "type": "QualifiedName"
      },
      "location-after-char-start": 2880,
      "location-after-char-end": 2898,
      "node-str": "javax.servlet.http"
    },
    {
      "type": "insert-node",
      "node": {
        "label": "java.util",
        "type": "QualifiedName"
      },
      "location-after-char-start": 2909,
      "location-after-char-end": 2918,
      "node-str": "java.util"
    },
    {
      "type": "insert-node",
      "node": {
        "label": "",
        "type": "Javadoc"
      },
      "location-after-char-start": 2923,
      "location-after-char-end": 4030,
      "node-str": ""
    },
    {
      "type": "insert-node",
      "node": {
        "label": "public",
        "type": "Modifier"
      },
      "location-after-char-start": 4031,
      "location-after-char-end": 4037,
      "node-str": "public"
    },
    {
      "type": "insert-node",
      "node": {
        "label": "class",
        "type": "TYPE_DECLARATION_KIND"
      },
      "location-after-char-start": 4038,
      "location-after-char-end": 4043,
      "node-str": "class"
    },
    {
      "type": "insert-node",
      "node": {
        "label": "SimpleMapper1",
        "type": "SimpleName"
      },
      "location-after-char-start": 4044,
      "location-after-char-end": 4057,
      "node-str": "SimpleMapper1"
    },
    {
      "type": "insert-node",
      "node": {
        "label": "",
        "type": "SimpleType"
      },
      "location-after-char-start": 4067,
      "location-after-char-end": 4082,
      "node-str": ""
    },
    {
      "type": "insert-node",
      "node": {
        "label": "",
        "type": "FieldDeclaration"
      },
      "location-after-char-start": 4090,
      "location-after-char-end": 4108,
      "node-str": ""
    },
    {
      "type": "insert-node",
      "node": {
        "label": "",
        "type": "FieldDeclaration"
      },
      "location-after-char-start": 4114,
      "location-after-char-end": 4131,
      "node-str": ""
    },
    {
      "type": "insert-node",
      "node": {
        "label": "",
        "type": "FieldDeclaration"
      },
      "location-after-char-start": 4194,
      "location-after-char-end": 4214,
      "node-str": ""
    },
    {
      "type": "insert-node",
      "node": {
        "label": "",
        "type": "FieldDeclaration"
      },
      "location-after-char-start": 4285,
      "location-after-char-end": 4315,
      "node-str": ""
    },
    {
      "type": "insert-node",
      "node": {
        "label": "",
        "type": "MethodDeclaration"
      },
      "location-after-char-start": 10026,
      "location-after-char-end": 10597,
      "node-str": ""
    },
    {
      "type": "insert-node",
      "node": {
        "label": "",
        "type": "TagElement"
      },
      "location-after-char-start": 2931,
      "location-after-char-end": 4021,
      "node-str": ""
    },
    {
      "type": "insert-node",
      "node": {
        "label": "BaseInterceptor",
        "type": "SimpleName"
      },
      "location-after-char-start": 4067,
      "location-after-char-end": 4082,
      "node-str": "BaseInterceptor"
    },
    {
      "type": "insert-node",
      "node": {
        "label": "",
        "type": "SimpleType"
      },
      "location-after-char-start": 4090,
      "location-after-char-end": 4104,
      "node-str": ""
    },
    {
      "type": "insert-node",
      "node": {
        "label": "",
        "type": "VariableDeclarationFragment"
      },
      "location-after-char-start": 4105,
      "location-after-char-end": 4107,
      "node-str": ""
    },
    {
      "type": "insert-node",
      "node": {
        "label": "",
        "type": "SimpleType"
      },
      "location-after-char-start": 4114,
      "location-after-char-end": 4126,
      "node-str": ""
    },
    {
      "type": "insert-node",
      "node": {
        "label": "",
        "type": "VariableDeclarationFragment"
      },
      "location-after-char-start": 4127,
      "location-after-char-end": 4130,
      "node-str": ""
    },
    {
      "type": "insert-node",
      "node": {
        "label": "int",
        "type": "PrimitiveType"
      },
      "location-after-char-start": 4194,
      "location-after-char-end": 4197,
      "node-str": "int"
    },
    {
      "type": "insert-node",
      "node": {
        "label": "",
        "type": "VariableDeclarationFragment"
      },
      "location-after-char-start": 4198,
      "location-after-char-end": 4213,
      "node-str": ""
    },
    {
      "type": "insert-node",
      "node": {
        "label": "boolean",
        "type": "PrimitiveType"
      },
      "location-after-char-start": 4285,
      "location-after-char-end": 4292,
      "node-str": "boolean"
    },
    {
      "type": "insert-node",
      "node": {
        "label": "",
        "type": "VariableDeclarationFragment"
      },
      "location-after-char-start": 4293,
      "location-after-char-end": 4314,
      "node-str": ""
    },
    {
      "type": "insert-node",
      "node": {
        "label": "",
        "type": "Javadoc"
      },
      "location-after-char-start": 10026,
      "location-after-char-end": 10109,
      "node-str": ""
    },
    {
      "type": "insert-node",
      "node": {
        "label": "public",
        "type": "Modifier"
      },
      "location-after-char-start": 10114,
      "location-after-char-end": 10120,
      "node-str": "public"
    },
    {
      "type": "insert-node",
      "node": {
        "label": "int",
        "type": "PrimitiveType"
      },
      "location-after-char-start": 10121,
      "location-after-char-end": 10124,
      "node-str": "int"
    },
    {
      "type": "insert-node",
      "node": {
        "label": "requestMap",
        "type": "SimpleName"
      },
      "location-after-char-start": 10125,
      "location-after-char-end": 10135,
      "node-str": "requestMap"
    },
    {
      "type": "insert-node",
      "node": {
        "label": "",
        "type": "SingleVariableDeclaration"
      },
      "location-after-char-start": 10136,
      "location-after-char-end": 10147,
      "node-str": ""
    },
    {
      "type": "insert-node",
      "node": {
        "label": "",
        "type": "Block"
      },
      "location-after-char-start": 10149,
      "location-after-char-end": 10597,
      "node-str": ""
    },
    {
      "type": "insert-node",
      "node": {
        "label": "This class will set up the data structures used by a simple patern matching",
        "type": "TextElement"
      },
      "location-after-char-start": 2931,
      "location-after-char-end": 3006,
      "node-str": "This class will set up the data structures used by a simple patern matching"
    },
    {
      "type": "insert-node",
      "node": {
        "label": "alghoritm and use it to extract the path components from the request URI.",
        "type": "TextElement"
      },
      "location-after-char-start": 3011,
      "location-after-char-end": 3084,
      "node-str": "alghoritm and use it to extract the path components from the request URI."
    },
    {
      "type": "insert-node",
      "node": {
        "label": "The interceptor will be called in standalone case, for \"integrated\" mode",
        "type": "TextElement"
      },
      "location-after-char-start": 3092,
      "location-after-char-end": 3164,
      "node-str": "The interceptor will be called in standalone case, for \"integrated\" mode"
    },
    {
      "type": "insert-node",
      "node": {
        "label": "we should have all the data from the web server - that means the",
        "type": "TextElement"
      },
      "location-after-char-start": 3169,
      "location-after-char-end": 3233,
      "node-str": "we should have all the data from the web server - that means the"
    },
    {
      "type": "insert-node",
      "node": {
        "label": "performance of this code is not relevant for production mode if a web",
        "type": "TextElement"
      },
      "location-after-char-start": 3237,
      "location-after-char-end": 3306,
      "node-str": "performance of this code is not relevant for production mode if a web"
    },
    {
      "type": "insert-node",
      "node": {
        "label": "server is used.",
        "type": "TextElement"
      },
      "location-after-char-start": 3310,
      "location-after-char-end": 3325,
      "node-str": "server is used."
    },
    {
      "type": "insert-node",
      "node": {
        "label": "This particular implementation does the following:",
        "type": "TextElement"
      },
      "location-after-char-start": 3334,
      "location-after-char-end": 3384,
      "node-str": "This particular implementation does the following:"
    },
    {
      "type": "insert-node",
      "node": {
        "label": "- extract the information that is relevant to matching from the Request",
        "type": "TextElement"
      },
      "location-after-char-start": 3389,
      "location-after-char-end": 3460,
      "node-str": "- extract the information that is relevant to matching from the Request"
    },
    {
      "type": "insert-node",
      "node": {
        "label": "object. The current implementation deals with the Host header and the",
        "type": "TextElement"
      },
      "location-after-char-start": 3466,
      "location-after-char-end": 3535,
      "node-str": "object. The current implementation deals with the Host header and the"
    },
    {
      "type": "insert-node",
      "node": {
        "label": "request URI.",
        "type": "TextElement"
      },
      "location-after-char-start": 3541,
      "location-after-char-end": 3553,
      "node-str": "request URI."
    },
    {
      "type": "insert-node",
      "node": {
        "label": "- Use an external mapper to find the best match.",
        "type": "TextElement"
      },
      "location-after-char-start": 3558,
      "location-after-char-end": 3606,
      "node-str": "- Use an external mapper to find the best match."
    },
    {
      "type": "insert-node",
      "node": {
        "label": "- Adjust the request paths",
        "type": "TextElement"
      },
      "location-after-char-start": 3611,
      "location-after-char-end": 3637,
      "node-str": "- Adjust the request paths"
    },
    {
      "type": "insert-node",
      "node": {
        "label": "The execution time is proportional with the number of hosts, number of",
        "type": "TextElement"
      },
      "location-after-char-start": 3646,
      "location-after-char-end": 3716,
      "node-str": "The execution time is proportional with the number of hosts, number of"
    },
    {
      "type": "insert-node",
      "node": {
        "label": "context, number of mappings and with the length of the request.",
        "type": "TextElement"
      },
      "location-after-char-start": 3721,
      "location-after-char-end": 3784,
      "node-str": "context, number of mappings and with the length of the request."
    },
    {
      "type": "insert-node",
      "node": {
        "label": "Security mappings are more complex ( method, transport are also part of the",
        "type": "TextElement"
      },
      "location-after-char-start": 3792,
      "location-after-char-end": 3867,
      "node-str": "Security mappings are more complex ( method, transport are also part of the"
    },
    {
      "type": "insert-node",
      "node": {
        "label": "matching ). We can share the same mapping alghoritm or even the mapper -",
        "type": "TextElement"
      },
      "location-after-char-start": 3872,
      "location-after-char-end": 3944,
      "node-str": "matching ). We can share the same mapping alghoritm or even the mapper -"
    },
    {
      "type": "insert-node",
      "node": {
        "label": "but until security code will be stable it\u0027s better to keep it separated.",
        "type": "TextElement"
      },
      "location-after-char-start": 3949,
      "location-after-char-end": 4021,
      "node-str": "but until security code will be stable it\u0027s better to keep it separated."
    },
    {
      "type": "insert-node",
      "node": {
        "label": "ContextManager",
        "type": "SimpleName"
      },
      "location-after-char-start": 4090,
      "location-after-char-end": 4104,
      "node-str": "ContextManager"
    },
    {
      "type": "insert-node",
      "node": {
        "label": "cm",
        "type": "SimpleName"
      },
      "location-after-char-start": 4105,
      "location-after-char-end": 4107,
      "node-str": "cm"
    },
    {
      "type": "insert-node",
      "node": {
        "label": "PrefixMapper",
        "type": "SimpleName"
      },
      "location-after-char-start": 4114,
      "location-after-char-end": 4126,
      "node-str": "PrefixMapper"
    },
    {
      "type": "insert-node",
      "node": {
        "label": "map",
        "type": "SimpleName"
      },
      "location-after-char-start": 4127,
      "location-after-char-end": 4130,
      "node-str": "map"
    },
    {
      "type": "insert-node",
      "node": {
        "label": "ctExtMapNote",
        "type": "SimpleName"
      },
      "location-after-char-start": 4198,
      "location-after-char-end": 4210,
      "node-str": "ctExtMapNote"
    },
    {
      "type": "insert-node",
      "node": {
        "label": "",
        "type": "PrefixExpression"
      },
      "location-after-char-start": 4211,
      "location-after-char-end": 4213,
      "node-str": ""
    },
    {
      "type": "insert-node",
      "node": {
        "label": "mapCacheEnabled",
        "type": "SimpleName"
      },
      "location-after-char-start": 4293,
      "location-after-char-end": 4308,
      "node-str": "mapCacheEnabled"
    },
    {
      "type": "insert-node",
      "node": {
        "label": "false",
        "type": "BooleanLiteral"
      },
      "location-after-char-start": 4309,
      "location-after-char-end": 4314,
      "node-str": "false"
    },
    {
      "type": "insert-node",
      "node": {
        "label": "",
        "type": "ExpressionStatement"
      },
      "location-after-char-start": 5115,
      "location-after-char-end": 5123,
      "node-str": ""
    },
    {
      "type": "insert-node",
      "node": {
        "label": "",
        "type": "TagElement"
      },
      "location-after-char-start": 10030,
      "location-after-char-end": 10092,
      "node-str": ""
    },
    {
      "type": "insert-node",
      "node": {
        "label": "",
        "type": "SimpleType"
      },
      "location-after-char-start": 10136,
      "location-after-char-end": 10143,
      "node-str": ""
    },
    {
      "type": "insert-node",
      "node": {
        "label": "req",
        "type": "SimpleName"
      },
      "location-after-char-start": 10144,
      "location-after-char-end": 10147,
      "node-str": "req"
    },
    {
      "type": "insert-node",
      "node": {
        "label": "",
        "type": "ReturnStatement"
      },
      "location-after-char-start": 10581,
      "location-after-char-end": 10591,
      "node-str": ""
    },
    {
      "type": "insert-node",
      "node": {
        "label": "-",
        "type": "PREFIX_EXPRESSION_OPERATOR"
      },
      "location-after-char-start": 4211,
      "location-after-char-end": 4212,
      "node-str": "-"
    },
    {
      "type": "insert-node",
      "node": {
        "label": "1",
        "type": "NumberLiteral"
      },
      "location-after-char-start": 4212,
      "location-after-char-end": 4213,
      "node-str": "1"
    },
    {
      "type": "insert-node",
      "node": {
        "label": "",
        "type": "Assignment"
      },
      "location-after-char-start": 5115,
      "location-after-char-end": 5122,
      "node-str": ""
    },
    {
      "type": "insert-node",
      "node": {
        "label": "No need to do that - we finished everything in the first step.",
        "type": "TextElement"
      },
      "location-after-char-start": 10030,
      "location-after-char-end": 10092,
      "node-str": "No need to do that - we finished everything in the first step."
    },
    {
      "type": "insert-node",
      "node": {
        "label": "Request",
        "type": "SimpleName"
      },
      "location-after-char-start": 10136,
      "location-after-char-end": 10143,
      "node-str": "Request"
    },
    {
      "type": "insert-node",
      "node": {
        "label": "OK",
        "type": "SimpleName"
      },
      "location-after-char-start": 10588,
      "location-after-char-end": 10590,
      "node-str": "OK"
    },
    {
      "type": "update-node",
      "node": {
        "label": "for mapping extension, different from what is used in existing web servers.",
        "type": "TextElement"
      },
      "location-before-char-start": 10833,
      "location-before-char-end": 10908,
      "location-after-char-start": 10758,
      "location-after-char-end": 10824,
      "node-str": "for mapping extension, different from what is used in existing web"
    },
    {
      "type": "update-node",
      "node": {
        "label": "That makes this code very easy ( only need to deal with the last component",
        "type": "TextElement"
      },
      "location-before-char-start": 10917,
      "location-before-char-end": 10991,
      "location-after-char-start": 10832,
      "location-after-char-end": 10896,
      "node-str": "servers. That makes this code very easy ( only need to deal with"
    },
    {
      "type": "update-node",
      "node": {
        "label": "of the name ), but it\u0027s hard to integrate and you have no way to use pathInfo.",
        "type": "TextElement"
      },
      "location-before-char-start": 11000,
      "location-before-char-end": 11078,
      "location-after-char-start": 10904,
      "location-after-char-end": 10972,
      "node-str": "the last component of the name ), but it\u0027s hard to integrate and you"
    },
    {
      "type": "insert-node",
      "node": {
        "label": "have no way to use pathInfo.",
        "type": "TextElement"
      },
      "location-after-char-start": 10980,
      "location-after-char-end": 11008,
      "node-str": "have no way to use pathInfo."
    },
    {
      "type": "insert-node",
      "node": {
        "label": "",
        "type": "IfStatement"
      },
      "location-after-char-start": 12517,
      "location-after-char-end": 12581,
      "node-str": ""
    },
    {
      "type": "insert-node",
      "node": {
        "label": "",
        "type": "ExpressionStatement"
      },
      "location-after-char-start": 12718,
      "location-after-char-end": 12730,
      "node-str": ""
    },
    {
      "type": "insert-node",
      "node": {
        "label": "",
        "type": "IfStatement"
      },
      "location-after-char-start": 12870,
      "location-after-char-end": 12932,
      "node-str": ""
    },
    {
      "type": "insert-node",
      "node": {
        "label": "debug",
        "type": "SimpleName"
      },
      "location-after-char-start": 5115,
      "location-after-char-end": 5120,
      "node-str": "debug"
    },
    {
      "type": "insert-node",
      "node": {
        "label": "\u003d",
        "type": "ASSIGNMENT_OPERATOR"
      },
      "location-after-char-start": 5120,
      "location-after-char-end": 5121,
      "node-str": "\u003d"
    },
    {
      "type": "insert-node",
      "node": {
        "label": "0",
        "type": "NumberLiteral"
      },
      "location-after-char-start": 5121,
      "location-after-char-end": 5122,
      "node-str": "0"
    },
    {
      "type": "insert-node",
      "node": {
        "label": "",
        "type": "InfixExpression"
      },
      "location-after-char-start": 12521,
      "location-after-char-end": 12528,
      "node-str": ""
    },
    {
      "type": "insert-node",
      "node": {
        "label": "",
        "type": "ExpressionStatement"
      },
      "location-after-char-start": 12531,
      "location-after-char-end": 12581,
      "node-str": ""
    },
    {
      "type": "insert-node",
      "node": {
        "label": "",
        "type": "Assignment"
      },
      "location-after-char-start": 12718,
      "location-after-char-end": 12729,
      "node-str": ""
    },
    {
      "type": "insert-node",
      "node": {
        "label": "",
        "type": "InfixExpression"
      },
      "location-after-char-start": 12874,
      "location-after-char-end": 12881,
      "node-str": ""
    },
    {
      "type": "insert-node",
      "node": {
        "label": "",
        "type": "ExpressionStatement"
      },
      "location-after-char-start": 12884,
      "location-after-char-end": 12932,
      "node-str": ""
    },
    {
      "type": "insert-node",
      "node": {
        "label": "debug",
        "type": "SimpleName"
      },
      "location-after-char-start": 12521,
      "location-after-char-end": 12526,
      "node-str": "debug"
    },
    {
      "type": "insert-node",
      "node": {
        "label": "\u003e",
        "type": "INFIX_EXPRESSION_OPERATOR"
      },
      "location-after-char-start": 12526,
      "location-after-char-end": 12527,
      "node-str": "\u003e"
    },
    {
      "type": "insert-node",
      "node": {
        "label": "0",
        "type": "NumberLiteral"
      },
      "location-after-char-start": 12527,
      "location-after-char-end": 12528,
      "node-str": "0"
    },
    {
      "type": "insert-node",
      "node": {
        "label": "",
        "type": "MethodInvocation"
      },
      "location-after-char-start": 12531,
      "location-after-char-end": 12580,
      "node-str": ""
    },
    {
      "type": "move-subtree",
      "node": {
        "label": "pathI",
        "type": "SimpleName"
      },
      "location-before-char-start": 12702,
      "location-before-char-end": 12707,
      "location-after-char-start": 12718,
      "location-after-char-end": 12723,
      "node-str": "pathI"
    },
    {
      "type": "move-subtree",
      "node": {
        "label": "\u003d",
        "type": "ASSIGNMENT_OPERATOR"
      },
      "location-before-char-start": 12707,
      "location-before-char-end": 12708,
      "location-after-char-start": 12723,
      "location-after-char-end": 12724,
      "node-str": "\u003d"
    },
    {
      "type": "insert-node",
      "node": {
        "label": "",
        "type": "NullLiteral"
      },
      "location-after-char-start": 12725,
      "location-after-char-end": 12729,
      "node-str": ""
    },
    {
      "type": "update-node",
      "node": {
        "label": "path",
        "type": "SimpleName"
      },
      "location-before-char-start": 12709,
      "location-before-char-end": 12713,
      "location-after-char-start": 12874,
      "location-after-char-end": 12879,
      "node-str": "debug"
    },
    {
      "type": "move-subtree",
      "node": {
        "label": "path",
        "type": "SimpleName"
      },
      "location-before-char-start": 12709,
      "location-before-char-end": 12713,
      "location-after-char-start": 12874,
      "location-after-char-end": 12879,
      "node-str": "debug"
    },
    {
      "type": "insert-node",
      "node": {
        "label": "\u003e",
        "type": "INFIX_EXPRESSION_OPERATOR"
      },
      "location-after-char-start": 12879,
      "location-after-char-end": 12880,
      "node-str": "\u003e"
    },
    {
      "type": "insert-node",
      "node": {
        "label": "0",
        "type": "NumberLiteral"
      },
      "location-after-char-start": 12880,
      "location-after-char-end": 12881,
      "node-str": "0"
    },
    {
      "type": "insert-node",
      "node": {
        "label": "",
        "type": "MethodInvocation"
      },
      "location-after-char-start": 12884,
      "location-after-char-end": 12931,
      "node-str": ""
    },
    {
      "type": "insert-node",
      "node": {
        "label": "log",
        "type": "SimpleName"
      },
      "location-after-char-start": 12531,
      "location-after-char-end": 12534,
      "node-str": "log"
    },
    {
      "type": "insert-node",
      "node": {
        "label": "",
        "type": "METHOD_INVOCATION_ARGUMENTS"
      },
      "location-after-char-start": 12536,
      "location-after-char-end": 12578,
      "node-str": ""
    },
    {
      "type": "update-node",
      "node": {
        "label": "substring",
        "type": "SimpleName"
      },
      "location-before-char-start": 12714,
      "location-before-char-end": 12723,
      "location-after-char-start": 12884,
      "location-after-char-end": 12887,
      "node-str": "log"
    },
    {
      "type": "move-subtree",
      "node": {
        "label": "substring",
        "type": "SimpleName"
      },
      "location-before-char-start": 12714,
      "location-before-char-end": 12723,
      "location-after-char-start": 12884,
      "location-after-char-end": 12887,
      "node-str": "log"
    },
    {
      "type": "move-subtree",
      "node": {
        "label": "",
        "type": "METHOD_INVOCATION_ARGUMENTS"
      },
      "location-before-char-start": 12725,
      "location-before-char-end": 12748,
      "location-after-char-start": 12889,
      "location-after-char-end": 12929,
      "node-str": ""
    },
    {
      "type": "insert-node",
      "node": {
        "label": "",
        "type": "InfixExpression"
      },
      "location-after-char-start": 12536,
      "location-after-char-end": 12578,
      "node-str": ""
    },
    {
      "type": "insert-node",
      "node": {
        "label": "",
        "type": "InfixExpression"
      },
      "location-after-char-start": 12889,
      "location-after-char-end": 12929,
      "node-str": ""
    },
    {
      "type": "insert-node",
      "node": {
        "label": "\"Adjust for prefix map \"",
        "type": "StringLiteral"
      },
      "location-after-char-start": 12536,
      "location-after-char-end": 12560,
      "node-str": "\"Adjust for prefix map \""
    },
    {
      "type": "insert-node",
      "node": {
        "label": "+",
        "type": "INFIX_EXPRESSION_OPERATOR"
      },
      "location-after-char-start": 12561,
      "location-after-char-end": 12562,
      "node-str": "+"
    },
    {
      "type": "insert-node",
      "node": {
        "label": "s",
        "type": "SimpleName"
      },
      "location-after-char-start": 12563,
      "location-after-char-end": 12564,
      "node-str": "s"
    },
    {
      "type": "insert-node",
      "node": {
        "label": "\" \"",
        "type": "StringLiteral"
      },
      "location-after-char-start": 12567,
      "location-after-char-end": 12570,
      "node-str": "\" \""
    },
    {
      "type": "insert-node",
      "node": {
        "label": "pathI",
        "type": "SimpleName"
      },
      "location-after-char-start": 12573,
      "location-after-char-end": 12578,
      "node-str": "pathI"
    },
    {
      "type": "insert-node",
      "node": {
        "label": "\"Adjust for path map \"",
        "type": "StringLiteral"
      },
      "location-after-char-start": 12889,
      "location-after-char-end": 12911,
      "node-str": "\"Adjust for path map \""
    },
    {
      "type": "move-subtree",
      "node": {
        "label": "+",
        "type": "INFIX_EXPRESSION_OPERATOR"
      },
      "location-before-char-start": 12733,
      "location-before-char-end": 12734,
      "location-after-char-start": 12912,
      "location-after-char-end": 12913,
      "node-str": "+"
    },
    {
      "type": "update-node",
      "node": {
        "label": "sLen",
        "type": "SimpleName"
      },
      "location-before-char-start": 12735,
      "location-before-char-end": 12739,
      "location-after-char-start": 12914,
      "location-after-char-end": 12915,
      "node-str": "s"
    },
    {
      "type": "move-subtree",
      "node": {
        "label": "sLen",
        "type": "SimpleName"
      },
      "location-before-char-start": 12735,
      "location-before-char-end": 12739,
      "location-after-char-start": 12914,
      "location-after-char-end": 12915,
      "node-str": "s"
    },
    {
      "type": "insert-node",
      "node": {
        "label": "\" \"",
        "type": "StringLiteral"
      },
      "location-after-char-start": 12918,
      "location-after-char-end": 12921,
      "node-str": "\" \""
    },
    {
      "type": "update-node",
      "node": {
        "label": "pathLen",
        "type": "SimpleName"
      },
      "location-before-char-start": 12741,
      "location-before-char-end": 12748,
      "location-after-char-start": 12924,
      "location-after-char-end": 12929,
      "node-str": "pathI"
    },
    {
      "type": "move-subtree",
      "node": {
        "label": "pathLen",
        "type": "SimpleName"
      },
      "location-before-char-start": 12741,
      "location-before-char-end": 12748,
      "location-after-char-start": 12924,
      "location-after-char-end": 12929,
      "node-str": "pathI"
    },
    {
      "type": "delete-node",
      "node": {
        "label": "org.apache.tomcat.request",
        "type": "QualifiedName"
      },
      "location-before-char-start": 2738,
      "location-before-char-end": 2763,
      "node-str": "org.apache.tomcat.request"
    },
    {
      "type": "delete-node",
      "node": {
        "label": "",
        "type": "PackageDeclaration"
      },
      "location-before-char-start": 2730,
      "location-before-char-end": 2764,
      "node-str": ""
    },
    {
      "type": "delete-node",
      "node": {
        "label": "org.apache.tomcat.core",
        "type": "QualifiedName"
      },
      "location-before-char-start": 2773,
      "location-before-char-end": 2795,
      "node-str": "org.apache.tomcat.core"
    },
    {
      "type": "delete-node",
      "node": {
        "label": "",
        "type": "ImportDeclaration"
      },
      "location-before-char-start": 2766,
      "location-before-char-end": 2798,
      "node-str": ""
    },
    {
      "type": "delete-node",
      "node": {
        "label": "org.apache.tomcat.core.Constants",
        "type": "QualifiedName"
      },
      "location-before-char-start": 2806,
      "location-before-char-end": 2838,
      "node-str": "org.apache.tomcat.core.Constants"
    },
    {
      "type": "delete-node",
      "node": {
        "label": "",
        "type": "ImportDeclaration"
      },
      "location-before-char-start": 2799,
      "location-before-char-end": 2839,
      "node-str": ""
    },
    {
      "type": "delete-node",
      "node": {
        "label": "org.apache.tomcat.util",
        "type": "QualifiedName"
      },
      "location-before-char-start": 2847,
      "location-before-char-end": 2869,
      "node-str": "org.apache.tomcat.util"
    },
    {
      "type": "delete-node",
      "node": {
        "label": "",
        "type": "ImportDeclaration"
      },
      "location-before-char-start": 2840,
      "location-before-char-end": 2872,
      "node-str": ""
    },
    {
      "type": "delete-node",
      "node": {
        "label": "javax.servlet.http",
        "type": "QualifiedName"
      },
      "location-before-char-start": 2880,
      "location-before-char-end": 2898,
      "node-str": "javax.servlet.http"
    },
    {
      "type": "delete-node",
      "node": {
        "label": "",
        "type": "ImportDeclaration"
      },
      "location-before-char-start": 2873,
      "location-before-char-end": 2901,
      "node-str": ""
    },
    {
      "type": "delete-node",
      "node": {
        "label": "java.util",
        "type": "QualifiedName"
      },
      "location-before-char-start": 2909,
      "location-before-char-end": 2918,
      "node-str": "java.util"
    },
    {
      "type": "delete-node",
      "node": {
        "label": "",
        "type": "ImportDeclaration"
      },
      "location-before-char-start": 2902,
      "location-before-char-end": 2921,
      "node-str": ""
    },
    {
      "type": "delete-node",
      "node": {
        "label": "This class will set up the data structures used by a simple patern matching",
        "type": "TextElement"
      },
      "location-before-char-start": 2931,
      "location-before-char-end": 3006,
      "node-str": "This class will set up the data structures used by a simple patern matching"
    },
    {
      "type": "delete-node",
      "node": {
        "label": "alghoritm and use it to extract the path components from the request URI.",
        "type": "TextElement"
      },
      "location-before-char-start": 3011,
      "location-before-char-end": 3084,
      "node-str": "alghoritm and use it to extract the path components from the request URI."
    },
    {
      "type": "delete-node",
      "node": {
        "label": "The interceptor will be called in standalone case, for \"integrated\" mode",
        "type": "TextElement"
      },
      "location-before-char-start": 3092,
      "location-before-char-end": 3164,
      "node-str": "The interceptor will be called in standalone case, for \"integrated\" mode"
    },
    {
      "type": "delete-node",
      "node": {
        "label": "we should have all the data from the web server - that means the performance",
        "type": "TextElement"
      },
      "location-before-char-start": 3169,
      "location-before-char-end": 3245,
      "node-str": "we should have all the data from the web server - that means the performance"
    },
    {
      "type": "delete-node",
      "node": {
        "label": "of this code is not relevant for production mode if a web server is used.",
        "type": "TextElement"
      },
      "location-before-char-start": 3250,
      "location-before-char-end": 3323,
      "node-str": "of this code is not relevant for production mode if a web server is used."
    },
    {
      "type": "delete-node",
      "node": {
        "label": "This particular implementation does the following:",
        "type": "TextElement"
      },
      "location-before-char-start": 3332,
      "location-before-char-end": 3382,
      "node-str": "This particular implementation does the following:"
    },
    {
      "type": "delete-node",
      "node": {
        "label": "- extract the information that is relevant to matching from the Request object.",
        "type": "TextElement"
      },
      "location-before-char-start": 3387,
      "location-before-char-end": 3466,
      "node-str": "- extract the information that is relevant to matching from the Request object."
    },
    {
      "type": "delete-node",
      "node": {
        "label": "The current implementation deals with the Host header and the request URI.",
        "type": "TextElement"
      },
      "location-before-char-start": 3473,
      "location-before-char-end": 3547,
      "node-str": "The current implementation deals with the Host header and the request URI."
    },
    {
      "type": "delete-node",
      "node": {
        "label": "- Use an external mapper to find the best match.",
        "type": "TextElement"
      },
      "location-before-char-start": 3552,
      "location-before-char-end": 3600,
      "node-str": "- Use an external mapper to find the best match."
    },
    {
      "type": "delete-node",
      "node": {
        "label": "- Adjust the request paths",
        "type": "TextElement"
      },
      "location-before-char-start": 3605,
      "location-before-char-end": 3631,
      "node-str": "- Adjust the request paths"
    },
    {
      "type": "delete-node",
      "node": {
        "label": "The execution time is proportional with the number of hosts, number of context, number of",
        "type": "TextElement"
      },
      "location-before-char-start": 3640,
      "location-before-char-end": 3729,
      "node-str": "The execution time is proportional with the number of hosts, number of context, number of"
    },
    {
      "type": "delete-node",
      "node": {
        "label": "mappings and with the length of the request.",
        "type": "TextElement"
      },
      "location-before-char-start": 3734,
      "location-before-char-end": 3778,
      "node-str": "mappings and with the length of the request."
    },
    {
      "type": "delete-node",
      "node": {
        "label": "Security mappings are more complex ( method, transport are also part of the",
        "type": "TextElement"
      },
      "location-before-char-start": 3786,
      "location-before-char-end": 3861,
      "node-str": "Security mappings are more complex ( method, transport are also part of the"
    },
    {
      "type": "delete-node",
      "node": {
        "label": "matching ). We can share the same mapping alghoritm or even the mapper - but",
        "type": "TextElement"
      },
      "location-before-char-start": 3866,
      "location-before-char-end": 3942,
      "node-str": "matching ). We can share the same mapping alghoritm or even the mapper - but"
    },
    {
      "type": "delete-node",
      "node": {
        "label": "until security code will be stable it\u0027s better to keep it separated.",
        "type": "TextElement"
      },
      "location-before-char-start": 3947,
      "location-before-char-end": 4015,
      "node-str": "until security code will be stable it\u0027s better to keep it separated."
    },
    {
      "type": "delete-node",
      "node": {
        "label": "",
        "type": "TagElement"
      },
      "location-before-char-start": 2931,
      "location-before-char-end": 4015,
      "node-str": ""
    },
    {
      "type": "delete-node",
      "node": {
        "label": "",
        "type": "Javadoc"
      },
      "location-before-char-start": 2923,
      "location-before-char-end": 4024,
      "node-str": ""
    },
    {
      "type": "delete-node",
      "node": {
        "label": "public",
        "type": "Modifier"
      },
      "location-before-char-start": 4025,
      "location-before-char-end": 4031,
      "node-str": "public"
    },
    {
      "type": "delete-node",
      "node": {
        "label": "class",
        "type": "TYPE_DECLARATION_KIND"
      },
      "location-before-char-start": 4032,
      "location-before-char-end": 4037,
      "node-str": "class"
    },
    {
      "type": "delete-node",
      "node": {
        "label": "SimpleMapper1",
        "type": "SimpleName"
      },
      "location-before-char-start": 4038,
      "location-before-char-end": 4051,
      "node-str": "SimpleMapper1"
    },
    {
      "type": "delete-node",
      "node": {
        "label": "BaseInterceptor",
        "type": "SimpleName"
      },
      "location-before-char-start": 4061,
      "location-before-char-end": 4076,
      "node-str": "BaseInterceptor"
    },
    {
      "type": "delete-node",
      "node": {
        "label": "",
        "type": "SimpleType"
      },
      "location-before-char-start": 4061,
      "location-before-char-end": 4076,
      "node-str": ""
    },
    {
      "type": "delete-node",
      "node": {
        "label": "int",
        "type": "PrimitiveType"
      },
      "location-before-char-start": 4084,
      "location-before-char-end": 4087,
      "node-str": "int"
    },
    {
      "type": "delete-node",
      "node": {
        "label": "debug",
        "type": "SimpleName"
      },
      "location-before-char-start": 4088,
      "location-before-char-end": 4093,
      "node-str": "debug"
    },
    {
      "type": "delete-node",
      "node": {
        "label": "0",
        "type": "NumberLiteral"
      },
      "location-before-char-start": 4094,
      "location-before-char-end": 4095,
      "node-str": "0"
    },
    {
      "type": "delete-node",
      "node": {
        "label": "",
        "type": "VariableDeclarationFragment"
      },
      "location-before-char-start": 4088,
      "location-before-char-end": 4095,
      "node-str": ""
    },
    {
      "type": "delete-node",
      "node": {
        "label": "",
        "type": "FieldDeclaration"
      },
      "location-before-char-start": 4084,
      "location-before-char-end": 4096,
      "node-str": ""
    },
    {
      "type": "delete-node",
      "node": {
        "label": "ContextManager",
        "type": "SimpleName"
      },
      "location-before-char-start": 4101,
      "location-before-char-end": 4115,
      "node-str": "ContextManager"
    },
    {
      "type": "delete-node",
      "node": {
        "label": "",
        "type": "SimpleType"
      },
      "location-before-char-start": 4101,
      "location-before-char-end": 4115,
      "node-str": ""
    },
    {
      "type": "delete-node",
      "node": {
        "label": "cm",
        "type": "SimpleName"
      },
      "location-before-char-start": 4116,
      "location-before-char-end": 4118,
      "node-str": "cm"
    },
    {
      "type": "delete-node",
      "node": {
        "label": "",
        "type": "VariableDeclarationFragment"
      },
      "location-before-char-start": 4116,
      "location-before-char-end": 4118,
      "node-str": ""
    },
    {
      "type": "delete-node",
      "node": {
        "label": "",
        "type": "FieldDeclaration"
      },
      "location-before-char-start": 4101,
      "location-before-char-end": 4119,
      "node-str": ""
    },
    {
      "type": "delete-node",
      "node": {
        "label": "PrefixMapper",
        "type": "SimpleName"
      },
      "location-before-char-start": 4125,
      "location-before-char-end": 4137,
      "node-str": "PrefixMapper"
    },
    {
      "type": "delete-node",
      "node": {
        "label": "",
        "type": "SimpleType"
      },
      "location-before-char-start": 4125,
      "location-before-char-end": 4137,
      "node-str": ""
    },
    {
      "type": "delete-node",
      "node": {
        "label": "map",
        "type": "SimpleName"
      },
      "location-before-char-start": 4138,
      "location-before-char-end": 4141,
      "node-str": "map"
    },
    {
      "type": "delete-node",
      "node": {
        "label": "",
        "type": "VariableDeclarationFragment"
      },
      "location-before-char-start": 4138,
      "location-before-char-end": 4141,
      "node-str": ""
    },
    {
      "type": "delete-node",
      "node": {
        "label": "",
        "type": "FieldDeclaration"
      },
      "location-before-char-start": 4125,
      "location-before-char-end": 4142,
      "node-str": ""
    },
    {
      "type": "delete-node",
      "node": {
        "label": "int",
        "type": "PrimitiveType"
      },
      "location-before-char-start": 4205,
      "location-before-char-end": 4208,
      "node-str": "int"
    },
    {
      "type": "delete-node",
      "node": {
        "label": "ctExtMapNote",
        "type": "SimpleName"
      },
      "location-before-char-start": 4209,
      "location-before-char-end": 4221,
      "node-str": "ctExtMapNote"
    },
    {
      "type": "delete-node",
      "node": {
        "label": "-",
        "type": "PREFIX_EXPRESSION_OPERATOR"
      },
      "location-before-char-start": 4222,
      "location-before-char-end": 4223,
      "node-str": "-"
    },
    {
      "type": "delete-node",
      "node": {
        "label": "1",
        "type": "NumberLiteral"
      },
      "location-before-char-start": 4223,
      "location-before-char-end": 4224,
      "node-str": "1"
    },
    {
      "type": "delete-node",
      "node": {
        "label": "",
        "type": "PrefixExpression"
      },
      "location-before-char-start": 4222,
      "location-before-char-end": 4224,
      "node-str": ""
    },
    {
      "type": "delete-node",
      "node": {
        "label": "",
        "type": "VariableDeclarationFragment"
      },
      "location-before-char-start": 4209,
      "location-before-char-end": 4224,
      "node-str": ""
    },
    {
      "type": "delete-node",
      "node": {
        "label": "",
        "type": "FieldDeclaration"
      },
      "location-before-char-start": 4205,
      "location-before-char-end": 4225,
      "node-str": ""
    },
    {
      "type": "delete-node",
      "node": {
        "label": "boolean",
        "type": "PrimitiveType"
      },
      "location-before-char-start": 4296,
      "location-before-char-end": 4303,
      "node-str": "boolean"
    },
    {
      "type": "delete-node",
      "node": {
        "label": "mapCacheEnabled",
        "type": "SimpleName"
      },
      "location-before-char-start": 4304,
      "location-before-char-end": 4319,
      "node-str": "mapCacheEnabled"
    },
    {
      "type": "delete-node",
      "node": {
        "label": "false",
        "type": "BooleanLiteral"
      },
      "location-before-char-start": 4320,
      "location-before-char-end": 4325,
      "node-str": "false"
    },
    {
      "type": "delete-node",
      "node": {
        "label": "",
        "type": "VariableDeclarationFragment"
      },
      "location-before-char-start": 4304,
      "location-before-char-end": 4325,
      "node-str": ""
    },
    {
      "type": "delete-node",
      "node": {
        "label": "",
        "type": "FieldDeclaration"
      },
      "location-before-char-start": 4296,
      "location-before-char-end": 4326,
      "node-str": ""
    },
    {
      "type": "delete-node",
      "node": {
        "label": "public",
        "type": "Modifier"
      },
      "location-before-char-start": 4467,
      "location-before-char-end": 4473,
      "node-str": "public"
    },
    {
      "type": "delete-node",
      "node": {
        "label": "void",
        "type": "PrimitiveType"
      },
      "location-before-char-start": 4474,
      "location-before-char-end": 4478,
      "node-str": "void"
    },
    {
      "type": "delete-node",
      "node": {
        "label": "setDebug",
        "type": "SimpleName"
      },
      "location-before-char-start": 4479,
      "location-before-char-end": 4487,
      "node-str": "setDebug"
    },
    {
      "type": "delete-node",
      "node": {
        "label": "int",
        "type": "PrimitiveType"
      },
      "location-before-char-start": 4489,
      "location-before-char-end": 4492,
      "node-str": "int"
    },
    {
      "type": "delete-node",
      "node": {
        "label": "level",
        "type": "SimpleName"
      },
      "location-before-char-start": 4493,
      "location-before-char-end": 4498,
      "node-str": "level"
    },
    {
      "type": "delete-node",
      "node": {
        "label": "",
        "type": "SingleVariableDeclaration"
      },
      "location-before-char-start": 4489,
      "location-before-char-end": 4498,
      "node-str": ""
    },
    {
      "type": "delete-node",
      "node": {
        "label": "level",
        "type": "SimpleName"
      },
      "location-before-char-start": 4507,
      "location-before-char-end": 4512,
      "node-str": "level"
    },
    {
      "type": "delete-node",
      "node": {
        "label": "!\u003d",
        "type": "INFIX_EXPRESSION_OPERATOR"
      },
      "location-before-char-start": 4512,
      "location-before-char-end": 4514,
      "node-str": "!\u003d"
    },
    {
      "type": "delete-node",
      "node": {
        "label": "0",
        "type": "NumberLiteral"
      },
      "location-before-char-start": 4514,
      "location-before-char-end": 4515,
      "node-str": "0"
    },
    {
      "type": "delete-node",
      "node": {
        "label": "",
        "type": "InfixExpression"
      },
      "location-before-char-start": 4507,
      "location-before-char-end": 4515,
      "node-str": ""
    },
    {
      "type": "delete-node",
      "node": {
        "label": "log",
        "type": "SimpleName"
      },
      "location-before-char-start": 4517,
      "location-before-char-end": 4520,
      "node-str": "log"
    },
    {
      "type": "delete-node",
      "node": {
        "label": "\"SM: SimpleMapper - set debug \"",
        "type": "StringLiteral"
      },
      "location-before-char-start": 4521,
      "location-before-char-end": 4552,
      "node-str": "\"SM: SimpleMapper - set debug \""
    },
    {
      "type": "delete-node",
      "node": {
        "label": "+",
        "type": "INFIX_EXPRESSION_OPERATOR"
      },
      "location-before-char-start": 4553,
      "location-before-char-end": 4554,
      "node-str": "+"
    },
    {
      "type": "delete-node",
      "node": {
        "label": "level",
        "type": "SimpleName"
      },
      "location-before-char-start": 4555,
      "location-before-char-end": 4560,
      "node-str": "level"
    },
    {
      "type": "delete-node",
      "node": {
        "label": "",
        "type": "InfixExpression"
      },
      "location-before-char-start": 4521,
      "location-before-char-end": 4560,
      "node-str": ""
    },
    {
      "type": "delete-node",
      "node": {
        "label": "",
        "type": "METHOD_INVOCATION_ARGUMENTS"
      },
      "location-before-char-start": 4521,
      "location-before-char-end": 4560,
      "node-str": ""
    },
    {
      "type": "delete-node",
      "node": {
        "label": "",
        "type": "MethodInvocation"
      },
      "location-before-char-start": 4517,
      "location-before-char-end": 4561,
      "node-str": ""
    },
    {
      "type": "delete-node",
      "node": {
        "label": "",
        "type": "ExpressionStatement"
      },
      "location-before-char-start": 4517,
      "location-before-char-end": 4562,
      "node-str": ""
    },
    {
      "type": "delete-node",
      "node": {
        "label": "",
        "type": "IfStatement"
      },
      "location-before-char-start": 4504,
      "location-before-char-end": 4562,
      "node-str": ""
    },
    {
      "type": "delete-node",
      "node": {
        "label": "debug",
        "type": "SimpleName"
      },
      "location-before-char-start": 4564,
      "location-before-char-end": 4569,
      "node-str": "debug"
    },
    {
      "type": "delete-node",
      "node": {
        "label": "\u003d",
        "type": "ASSIGNMENT_OPERATOR"
      },
      "location-before-char-start": 4569,
      "location-before-char-end": 4570,
      "node-str": "\u003d"
    },
    {
      "type": "delete-node",
      "node": {
        "label": "level",
        "type": "SimpleName"
      },
      "location-before-char-start": 4570,
      "location-before-char-end": 4575,
      "node-str": "level"
    },
    {
      "type": "delete-node",
      "node": {
        "label": "",
        "type": "Assignment"
      },
      "location-before-char-start": 4564,
      "location-before-char-end": 4575,
      "node-str": ""
    },
    {
      "type": "delete-node",
      "node": {
        "label": "",
        "type": "ExpressionStatement"
      },
      "location-before-char-start": 4564,
      "location-before-char-end": 4576,
      "node-str": ""
    },
    {
      "type": "delete-node",
      "node": {
        "label": "",
        "type": "Block"
      },
      "location-before-char-start": 4501,
      "location-before-char-end": 4582,
      "node-str": ""
    },
    {
      "type": "delete-node",
      "node": {
        "label": "",
        "type": "MethodDeclaration"
      },
      "location-before-char-start": 4467,
      "location-before-char-end": 4582,
      "node-str": ""
    },
    {
      "type": "delete-node",
      "node": {
        "label": "No need to do that - we finished everything in the first step.",
        "type": "TextElement"
      },
      "location-before-char-start": 10105,
      "location-before-char-end": 10167,
      "node-str": "No need to do that - we finished everything in the first step."
    },
    {
      "type": "delete-node",
      "node": {
        "label": "",
        "type": "TagElement"
      },
      "location-before-char-start": 10105,
      "location-before-char-end": 10167,
      "node-str": ""
    },
    {
      "type": "delete-node",
      "node": {
        "label": "",
        "type": "Javadoc"
      },
      "location-before-char-start": 10101,
      "location-before-char-end": 10184,
      "node-str": ""
    },
    {
      "type": "delete-node",
      "node": {
        "label": "public",
        "type": "Modifier"
      },
      "location-before-char-start": 10189,
      "location-before-char-end": 10195,
      "node-str": "public"
    },
    {
      "type": "delete-node",
      "node": {
        "label": "int",
        "type": "PrimitiveType"
      },
      "location-before-char-start": 10196,
      "location-before-char-end": 10199,
      "node-str": "int"
    },
    {
      "type": "delete-node",
      "node": {
        "label": "requestMap",
        "type": "SimpleName"
      },
      "location-before-char-start": 10200,
      "location-before-char-end": 10210,
      "node-str": "requestMap"
    },
    {
      "type": "delete-node",
      "node": {
        "label": "Request",
        "type": "SimpleName"
      },
      "location-before-char-start": 10211,
      "location-before-char-end": 10218,
      "node-str": "Request"
    },
    {
      "type": "delete-node",
      "node": {
        "label": "",
        "type": "SimpleType"
      },
      "location-before-char-start": 10211,
      "location-before-char-end": 10218,
      "node-str": ""
    },
    {
      "type": "delete-node",
      "node": {
        "label": "req",
        "type": "SimpleName"
      },
      "location-before-char-start": 10219,
      "location-before-char-end": 10222,
      "node-str": "req"
    },
    {
      "type": "delete-node",
      "node": {
        "label": "",
        "type": "SingleVariableDeclaration"
      },
      "location-before-char-start": 10211,
      "location-before-char-end": 10222,
      "node-str": ""
    },
    {
      "type": "delete-node",
      "node": {
        "label": "OK",
        "type": "SimpleName"
      },
      "location-before-char-start": 10663,
      "location-before-char-end": 10665,
      "node-str": "OK"
    },
    {
      "type": "delete-node",
      "node": {
        "label": "",
        "type": "ReturnStatement"
      },
      "location-before-char-start": 10656,
      "location-before-char-end": 10666,
      "node-str": ""
    },
    {
      "type": "delete-node",
      "node": {
        "label": "",
        "type": "Block"
      },
      "location-before-char-start": 10224,
      "location-before-char-end": 10672,
      "node-str": ""
    },
    {
      "type": "delete-node",
      "node": {
        "label": "",
        "type": "MethodDeclaration"
      },
      "location-before-char-start": 10101,
      "location-before-char-end": 10672,
      "node-str": ""
    },
    {
      "type": "delete-node",
      "node": {
        "label": "ctxPLen",
        "type": "SimpleName"
      },
      "location-before-char-start": 12725,
      "location-before-char-end": 12732,
      "node-str": "ctxPLen"
    },
    {
      "type": "delete-node",
      "node": {
        "label": "",
        "type": "InfixExpression"
      },
      "location-before-char-start": 12725,
      "location-before-char-end": 12739,
      "node-str": ""
    },
    {
      "type": "delete-node",
      "node": {
        "label": "",
        "type": "METHOD_INVOCATION_RECEIVER"
      },
      "location-before-char-start": 12709,
      "location-before-char-end": 12713,
      "node-str": ""
    },
    {
      "type": "delete-node",
      "node": {
        "label": "",
        "type": "MethodInvocation"
      },
      "location-before-char-start": 12709,
      "location-before-char-end": 12749,
      "node-str": ""
    },
    {
      "type": "delete-node",
      "node": {
        "label": "",
        "type": "Assignment"
      },
      "location-before-char-start": 12702,
      "location-before-char-end": 12749,
      "node-str": ""
    },
    {
      "type": "delete-node",
      "node": {
        "label": "",
        "type": "ExpressionStatement"
      },
      "location-before-char-start": 12702,
      "location-before-char-end": 12750,
      "node-str": ""
    }
  ],
  "before-file": {},
  "after-file": {},
  "mapping": {}
}