{
  "tool-info": {},
  "diff": [
    {
      "type": "insert-node",
      "node": {
        "label": "isFocusTraversable",
        "type": "Method"
      },
      "location-after-char-start": 1984,
      "location-after-char-end": 2057,
      "node-str": "isFocusTraversable"
    },
    {
      "type": "update-node",
      "node": {
        "label": "javax.swing.JButton",
        "type": "SUPER_TYPE"
      },
      "location-before-char-start": 0,
      "location-before-char-end": 0,
      "location-after-char-start": 0,
      "location-after-char-end": 0,
      "node-str": "org.columba.core.gui.util.ToolbarButton"
    },
    {
      "type": "update-node",
      "node": {
        "label": "setFocusable",
        "type": "Invocation"
      },
      "location-before-char-start": 1939,
      "location-before-char-end": 1958,
      "location-after-char-start": 1934,
      "location-after-char-end": 1963,
      "node-str": "setRequestFocusEnabled"
    },
    {
      "type": "insert-node",
      "node": {
        "label": "boolean",
        "type": "RETURN_TYPE"
      },
      "location-after-char-start": 0,
      "location-after-char-end": 0,
      "node-str": "boolean"
    },
    {
      "type": "insert-node",
      "node": {
        "label": "public",
        "type": "Modifier"
      },
      "location-after-char-start": 0,
      "location-after-char-end": 0,
      "node-str": "public"
    },
    {
      "type": "insert-node",
      "node": {
        "label": "return",
        "type": "Return"
      },
      "location-after-char-start": 2024,
      "location-after-char-end": 2054,
      "node-str": "return"
    },
    {
      "type": "insert-node",
      "node": {
        "label": "isRequestFocusEnabled",
        "type": "Invocation"
      },
      "location-after-char-start": 2031,
      "location-after-char-end": 2053,
      "node-str": "isRequestFocusEnabled"
    },
    {
      "type": "insert-node",
      "node": {
        "label": "org.columba.core.gui.statusbar.ImageSequenceTimer",
        "type": "TypeAccess"
      },
      "location-after-char-start": 0,
      "location-after-char-end": 0,
      "node-str": "org.columba.core.gui.statusbar.ImageSequenceTimer"
    }
  ],
  "before-file": {},
  "after-file": {},
  "mapping": {}
}