{
  "tool-info": {},
  "diff": [
    {
      "type": "insert-node",
      "node": {
        "label": "public",
        "type": "Modifier"
      },
      "location-after-char-start": 0,
      "location-after-char-end": 0,
      "node-str": "public"
    },
    {
      "type": "insert-node",
      "node": {
        "label": "geom",
        "type": "Field"
      },
      "location-after-char-start": 1007,
      "location-after-char-end": 1120,
      "node-str": "geom"
    },
    {
      "type": "insert-node",
      "node": {
        "label": "setUp",
        "type": "Method"
      },
      "location-after-char-start": 1719,
      "location-after-char-end": 2067,
      "node-str": "setUp"
    },
    {
      "type": "insert-node",
      "node": {
        "label": "tearDown",
        "type": "Method"
      },
      "location-after-char-start": 2071,
      "location-after-char-end": 2416,
      "node-str": "tearDown"
    },
    {
      "type": "insert-node",
      "node": {
        "label": "org.jhotdraw.util.Geom",
        "type": "VARIABLE_TYPE"
      },
      "location-after-char-start": 0,
      "location-after-char-end": 0,
      "node-str": "org.jhotdraw.util.Geom"
    },
    {
      "type": "update-node",
      "node": {
        "label": "CH.ifa.draw.util.Geom",
        "type": "RETURN_TYPE"
      },
      "location-before-char-start": 0,
      "location-before-char-end": 0,
      "location-after-char-start": 0,
      "location-after-char-end": 0,
      "node-str": "org.jhotdraw.util.Geom"
    },
    {
      "type": "insert-node",
      "node": {
        "label": "void",
        "type": "RETURN_TYPE"
      },
      "location-after-char-start": 0,
      "location-after-char-end": 0,
      "node-str": "void"
    },
    {
      "type": "insert-node",
      "node": {
        "label": "java.lang.Exception",
        "type": "THROWS"
      },
      "location-after-char-start": 0,
      "location-after-char-end": 0,
      "node-str": "java.lang.Exception"
    },
    {
      "type": "insert-node",
      "node": {
        "label": "protected",
        "type": "Modifier"
      },
      "location-after-char-start": 0,
      "location-after-char-end": 0,
      "node-str": "protected"
    },
    {
      "type": "move-subtree",
      "node": {
        "label": "setUp",
        "type": "Invocation"
      },
      "location-before-char-start": 1995,
      "location-before-char-end": 2008,
      "location-after-char-start": 1981,
      "location-after-char-end": 1994,
      "node-str": "setUp"
    },
    {
      "type": "insert-node",
      "node": {
        "label": "\u003d",
        "type": "Assignment"
      },
      "location-after-char-start": 1998,
      "location-after-char-end": 2021,
      "node-str": "\u003d"
    },
    {
      "type": "insert-node",
      "node": {
        "label": "void",
        "type": "RETURN_TYPE"
      },
      "location-after-char-start": 0,
      "location-after-char-end": 0,
      "node-str": "void"
    },
    {
      "type": "insert-node",
      "node": {
        "label": "java.lang.Exception",
        "type": "THROWS"
      },
      "location-after-char-start": 0,
      "location-after-char-end": 0,
      "node-str": "java.lang.Exception"
    },
    {
      "type": "insert-node",
      "node": {
        "label": "protected",
        "type": "Modifier"
      },
      "location-after-char-start": 0,
      "location-after-char-end": 0,
      "node-str": "protected"
    },
    {
      "type": "insert-node",
      "node": {
        "label": "\u003d",
        "type": "Assignment"
      },
      "location-after-char-start": 2336,
      "location-after-char-end": 2347,
      "node-str": "\u003d"
    },
    {
      "type": "move-subtree",
      "node": {
        "label": "tearDown",
        "type": "Invocation"
      },
      "location-before-char-start": 2365,
      "location-before-char-end": 2381,
      "location-after-char-start": 2351,
      "location-after-char-end": 2367,
      "node-str": "tearDown"
    },
    {
      "type": "insert-node",
      "node": {
        "label": "geom",
        "type": "FieldWrite"
      },
      "location-after-char-start": 1998,
      "location-after-char-end": 2001,
      "node-str": "geom"
    },
    {
      "type": "insert-node",
      "node": {
        "label": "createInstance",
        "type": "Invocation"
      },
      "location-after-char-start": 2005,
      "location-after-char-end": 2020,
      "node-str": "createInstance"
    },
    {
      "type": "insert-node",
      "node": {
        "label": "geom",
        "type": "FieldWrite"
      },
      "location-after-char-start": 2336,
      "location-after-char-end": 2339,
      "node-str": "geom"
    },
    {
      "type": "insert-node",
      "node": {
        "label": "null",
        "type": "Literal"
      },
      "location-after-char-start": 2343,
      "location-after-char-end": 2346,
      "node-str": "null"
    },
    {
      "type": "insert-node",
      "node": {
        "label": "org.jhotdraw.test.util.GeomTest",
        "type": "TypeAccess"
      },
      "location-after-char-start": 0,
      "location-after-char-end": 0,
      "node-str": "org.jhotdraw.test.util.GeomTest"
    },
    {
      "type": "insert-node",
      "node": {
        "label": "org.jhotdraw.test.util.GeomTest",
        "type": "TypeAccess"
      },
      "location-after-char-start": 0,
      "location-after-char-end": 0,
      "node-str": "org.jhotdraw.test.util.GeomTest"
    },
    {
      "type": "insert-node",
      "node": {
        "label": "org.jhotdraw.test.util.GeomTest",
        "type": "TypeAccess"
      },
      "location-after-char-start": 0,
      "location-after-char-end": 0,
      "node-str": "org.jhotdraw.test.util.GeomTest"
    },
    {
      "type": "delete-node",
      "node": {
        "label": "public",
        "type": "Modifier"
      },
      "location-before-char-start": 0,
      "location-before-char-end": 0,
      "node-str": "public"
    },
    {
      "type": "delete-node",
      "node": {
        "label": "CH.ifa.draw.util.Geom",
        "type": "VARIABLE_TYPE"
      },
      "location-before-char-start": 0,
      "location-before-char-end": 0,
      "node-str": "CH.ifa.draw.util.Geom"
    },
    {
      "type": "delete-node",
      "node": {
        "label": "geom",
        "type": "Field"
      },
      "location-before-char-start": 1004,
      "location-before-char-end": 1117,
      "node-str": "geom"
    },
    {
      "type": "delete-node",
      "node": {
        "label": "void",
        "type": "RETURN_TYPE"
      },
      "location-before-char-start": 0,
      "location-before-char-end": 0,
      "node-str": "void"
    },
    {
      "type": "delete-node",
      "node": {
        "label": "java.lang.Exception",
        "type": "THROWS"
      },
      "location-before-char-start": 0,
      "location-before-char-end": 0,
      "node-str": "java.lang.Exception"
    },
    {
      "type": "delete-node",
      "node": {
        "label": "protected",
        "type": "Modifier"
      },
      "location-before-char-start": 0,
      "location-before-char-end": 0,
      "node-str": "protected"
    },
    {
      "type": "delete-node",
      "node": {
        "label": "CH.ifa.draw.test.util.GeomTest",
        "type": "TypeAccess"
      },
      "location-before-char-start": 0,
      "location-before-char-end": 0,
      "node-str": "CH.ifa.draw.test.util.GeomTest"
    },
    {
      "type": "delete-node",
      "node": {
        "label": "geom",
        "type": "FieldWrite"
      },
      "location-before-char-start": 2012,
      "location-before-char-end": 2015,
      "node-str": "geom"
    },
    {
      "type": "delete-node",
      "node": {
        "label": "CH.ifa.draw.test.util.GeomTest",
        "type": "TypeAccess"
      },
      "location-before-char-start": 0,
      "location-before-char-end": 0,
      "node-str": "CH.ifa.draw.test.util.GeomTest"
    },
    {
      "type": "delete-node",
      "node": {
        "label": "createInstance",
        "type": "Invocation"
      },
      "location-before-char-start": 2019,
      "location-before-char-end": 2034,
      "node-str": "createInstance"
    },
    {
      "type": "delete-node",
      "node": {
        "label": "\u003d",
        "type": "Assignment"
      },
      "location-before-char-start": 2012,
      "location-before-char-end": 2035,
      "node-str": "\u003d"
    },
    {
      "type": "delete-node",
      "node": {
        "label": "setUp",
        "type": "Method"
      },
      "location-before-char-start": 1733,
      "location-before-char-end": 2081,
      "node-str": "setUp"
    },
    {
      "type": "delete-node",
      "node": {
        "label": "void",
        "type": "RETURN_TYPE"
      },
      "location-before-char-start": 0,
      "location-before-char-end": 0,
      "node-str": "void"
    },
    {
      "type": "delete-node",
      "node": {
        "label": "java.lang.Exception",
        "type": "THROWS"
      },
      "location-before-char-start": 0,
      "location-before-char-end": 0,
      "node-str": "java.lang.Exception"
    },
    {
      "type": "delete-node",
      "node": {
        "label": "protected",
        "type": "Modifier"
      },
      "location-before-char-start": 0,
      "location-before-char-end": 0,
      "node-str": "protected"
    },
    {
      "type": "delete-node",
      "node": {
        "label": "CH.ifa.draw.test.util.GeomTest",
        "type": "TypeAccess"
      },
      "location-before-char-start": 0,
      "location-before-char-end": 0,
      "node-str": "CH.ifa.draw.test.util.GeomTest"
    },
    {
      "type": "delete-node",
      "node": {
        "label": "geom",
        "type": "FieldWrite"
      },
      "location-before-char-start": 2350,
      "location-before-char-end": 2353,
      "node-str": "geom"
    },
    {
      "type": "delete-node",
      "node": {
        "label": "null",
        "type": "Literal"
      },
      "location-before-char-start": 2357,
      "location-before-char-end": 2360,
      "node-str": "null"
    },
    {
      "type": "delete-node",
      "node": {
        "label": "\u003d",
        "type": "Assignment"
      },
      "location-before-char-start": 2350,
      "location-before-char-end": 2361,
      "node-str": "\u003d"
    },
    {
      "type": "delete-node",
      "node": {
        "label": "tearDown",
        "type": "Method"
      },
      "location-before-char-start": 2085,
      "location-before-char-end": 2430,
      "node-str": "tearDown"
    }
  ],
  "before-file": {},
  "after-file": {},
  "mapping": {}
}