{
  "tool-info": {},
  "diff": [
    {
      "type": "insert-node",
      "node": {
        "label": "public",
        "type": "Modifier"
      },
      "location-after-char-start": 0,
      "location-after-char-end": 0,
      "node-str": "public"
    },
    {
      "type": "insert-node",
      "node": {
        "label": "",
        "type": "TypeReference"
      },
      "location-after-char-start": 2965,
      "location-after-char-end": 3002,
      "node-str": ""
    },
    {
      "type": "insert-node",
      "node": {
        "label": "ASSIGNED_TO__PK",
        "type": "Field"
      },
      "location-after-char-start": 3010,
      "location-after-char-end": 3076,
      "node-str": "ASSIGNED_TO__PK"
    },
    {
      "type": "insert-node",
      "node": {
        "label": "STATUS__PK",
        "type": "Field"
      },
      "location-after-char-start": 3082,
      "location-after-char-end": 3143,
      "node-str": "STATUS__PK"
    },
    {
      "type": "insert-node",
      "node": {
        "label": "RESOLUTION__PK",
        "type": "Field"
      },
      "location-after-char-start": 3149,
      "location-after-char-end": 3214,
      "node-str": "RESOLUTION__PK"
    },
    {
      "type": "insert-node",
      "node": {
        "label": "TOTAL_VOTES__PK",
        "type": "Field"
      },
      "location-after-char-start": 3220,
      "location-after-char-end": 3287,
      "node-str": "TOTAL_VOTES__PK"
    },
    {
      "type": "insert-node",
      "node": {
        "label": "EMAIL_TO",
        "type": "Field"
      },
      "location-after-char-start": 3293,
      "location-after-char-end": 3335,
      "node-str": "EMAIL_TO"
    },
    {
      "type": "insert-node",
      "node": {
        "label": "CC_TO",
        "type": "Field"
      },
      "location-after-char-start": 3341,
      "location-after-char-end": 3380,
      "node-str": "CC_TO"
    },
    {
      "type": "insert-node",
      "node": {
        "label": "ATTRIBUTE_PEER",
        "type": "Field"
      },
      "location-after-char-start": 3387,
      "location-after-char-end": 3456,
      "node-str": "ATTRIBUTE_PEER"
    },
    {
      "type": "insert-node",
      "node": {
        "label": "GET_DATA_ATTRIBUTES",
        "type": "Field"
      },
      "location-after-char-start": 3462,
      "location-after-char-end": 3540,
      "node-str": "GET_DATA_ATTRIBUTES"
    },
    {
      "type": "insert-node",
      "node": {
        "label": "GET_USER_ATTRIBUTES",
        "type": "Field"
      },
      "location-after-char-start": 3546,
      "location-after-char-end": 3624,
      "node-str": "GET_USER_ATTRIBUTES"
    },
    {
      "type": "insert-node",
      "node": {
        "label": "getFilteredAttributes",
        "type": "Method"
      },
      "location-after-char-start": 6132,
      "location-after-char-end": 7912,
      "node-str": "getFilteredAttributes"
    },
    {
      "type": "insert-node",
      "node": {
        "label": "addWildcards",
        "type": "Method"
      },
      "location-after-char-start": 7919,
      "location-after-char-end": 8082,
      "node-str": "addWildcards"
    },
    {
      "type": "insert-node",
      "node": {
        "label": "org.tigris.scarab.om.BaseAttributePeer",
        "type": "SUPER_TYPE"
      },
      "location-after-char-start": 0,
      "location-after-char-end": 0,
      "node-str": "org.tigris.scarab.om.BaseAttributePeer"
    },
    {
      "type": "insert-node",
      "node": {
        "label": "org.apache.torque.om.NumberKey",
        "type": "VARIABLE_TYPE"
      },
      "location-after-char-start": 0,
      "location-after-char-end": 0,
      "node-str": "org.apache.torque.om.NumberKey"
    },
    {
      "type": "insert-node",
      "node": {
        "label": "final",
        "type": "Modifier"
      },
      "location-after-char-start": 0,
      "location-after-char-end": 0,
      "node-str": "final"
    },
    {
      "type": "insert-node",
      "node": {
        "label": "public",
        "type": "Modifier"
      },
      "location-after-char-start": 0,
      "location-after-char-end": 0,
      "node-str": "public"
    },
    {
      "type": "insert-node",
      "node": {
        "label": "static",
        "type": "Modifier"
      },
      "location-after-char-start": 0,
      "location-after-char-end": 0,
      "node-str": "static"
    },
    {
      "type": "insert-node",
      "node": {
        "label": "org.apache.torque.om.NumberKey(java.lang.String)",
        "type": "ConstructorCall"
      },
      "location-after-char-start": 3058,
      "location-after-char-end": 3075,
      "node-str": "org.apache.torque.om.NumberKey(java.lang.String)"
    },
    {
      "type": "insert-node",
      "node": {
        "label": "org.apache.torque.om.NumberKey",
        "type": "VARIABLE_TYPE"
      },
      "location-after-char-start": 0,
      "location-after-char-end": 0,
      "node-str": "org.apache.torque.om.NumberKey"
    },
    {
      "type": "insert-node",
      "node": {
        "label": "final",
        "type": "Modifier"
      },
      "location-after-char-start": 0,
      "location-after-char-end": 0,
      "node-str": "final"
    },
    {
      "type": "insert-node",
      "node": {
        "label": "public",
        "type": "Modifier"
      },
      "location-after-char-start": 0,
      "location-after-char-end": 0,
      "node-str": "public"
    },
    {
      "type": "insert-node",
      "node": {
        "label": "static",
        "type": "Modifier"
      },
      "location-after-char-start": 0,
      "location-after-char-end": 0,
      "node-str": "static"
    },
    {
      "type": "insert-node",
      "node": {
        "label": "org.apache.torque.om.NumberKey(java.lang.String)",
        "type": "ConstructorCall"
      },
      "location-after-char-start": 3125,
      "location-after-char-end": 3142,
      "node-str": "org.apache.torque.om.NumberKey(java.lang.String)"
    },
    {
      "type": "insert-node",
      "node": {
        "label": "org.apache.torque.om.NumberKey",
        "type": "VARIABLE_TYPE"
      },
      "location-after-char-start": 0,
      "location-after-char-end": 0,
      "node-str": "org.apache.torque.om.NumberKey"
    },
    {
      "type": "insert-node",
      "node": {
        "label": "final",
        "type": "Modifier"
      },
      "location-after-char-start": 0,
      "location-after-char-end": 0,
      "node-str": "final"
    },
    {
      "type": "insert-node",
      "node": {
        "label": "public",
        "type": "Modifier"
      },
      "location-after-char-start": 0,
      "location-after-char-end": 0,
      "node-str": "public"
    },
    {
      "type": "insert-node",
      "node": {
        "label": "static",
        "type": "Modifier"
      },
      "location-after-char-start": 0,
      "location-after-char-end": 0,
      "node-str": "static"
    },
    {
      "type": "insert-node",
      "node": {
        "label": "org.apache.torque.om.NumberKey(java.lang.String)",
        "type": "ConstructorCall"
      },
      "location-after-char-start": 3196,
      "location-after-char-end": 3213,
      "node-str": "org.apache.torque.om.NumberKey(java.lang.String)"
    },
    {
      "type": "insert-node",
      "node": {
        "label": "org.apache.torque.om.NumberKey",
        "type": "VARIABLE_TYPE"
      },
      "location-after-char-start": 0,
      "location-after-char-end": 0,
      "node-str": "org.apache.torque.om.NumberKey"
    },
    {
      "type": "insert-node",
      "node": {
        "label": "final",
        "type": "Modifier"
      },
      "location-after-char-start": 0,
      "location-after-char-end": 0,
      "node-str": "final"
    },
    {
      "type": "insert-node",
      "node": {
        "label": "public",
        "type": "Modifier"
      },
      "location-after-char-start": 0,
      "location-after-char-end": 0,
      "node-str": "public"
    },
    {
      "type": "insert-node",
      "node": {
        "label": "static",
        "type": "Modifier"
      },
      "location-after-char-start": 0,
      "location-after-char-end": 0,
      "node-str": "static"
    },
    {
      "type": "insert-node",
      "node": {
        "label": "org.apache.torque.om.NumberKey(java.lang.String)",
        "type": "ConstructorCall"
      },
      "location-after-char-start": 3268,
      "location-after-char-end": 3286,
      "node-str": "org.apache.torque.om.NumberKey(java.lang.String)"
    },
    {
      "type": "insert-node",
      "node": {
        "label": "java.lang.String",
        "type": "VARIABLE_TYPE"
      },
      "location-after-char-start": 0,
      "location-after-char-end": 0,
      "node-str": "java.lang.String"
    },
    {
      "type": "insert-node",
      "node": {
        "label": "final",
        "type": "Modifier"
      },
      "location-after-char-start": 0,
      "location-after-char-end": 0,
      "node-str": "final"
    },
    {
      "type": "insert-node",
      "node": {
        "label": "public",
        "type": "Modifier"
      },
      "location-after-char-start": 0,
      "location-after-char-end": 0,
      "node-str": "public"
    },
    {
      "type": "insert-node",
      "node": {
        "label": "static",
        "type": "Modifier"
      },
      "location-after-char-start": 0,
      "location-after-char-end": 0,
      "node-str": "static"
    },
    {
      "type": "insert-node",
      "node": {
        "label": "\"to\"",
        "type": "Literal"
      },
      "location-after-char-start": 3331,
      "location-after-char-end": 3334,
      "node-str": "\"to\""
    },
    {
      "type": "insert-node",
      "node": {
        "label": "java.lang.String",
        "type": "VARIABLE_TYPE"
      },
      "location-after-char-start": 0,
      "location-after-char-end": 0,
      "node-str": "java.lang.String"
    },
    {
      "type": "insert-node",
      "node": {
        "label": "final",
        "type": "Modifier"
      },
      "location-after-char-start": 0,
      "location-after-char-end": 0,
      "node-str": "final"
    },
    {
      "type": "insert-node",
      "node": {
        "label": "public",
        "type": "Modifier"
      },
      "location-after-char-start": 0,
      "location-after-char-end": 0,
      "node-str": "public"
    },
    {
      "type": "insert-node",
      "node": {
        "label": "static",
        "type": "Modifier"
      },
      "location-after-char-start": 0,
      "location-after-char-end": 0,
      "node-str": "static"
    },
    {
      "type": "insert-node",
      "node": {
        "label": "\"cc\"",
        "type": "Literal"
      },
      "location-after-char-start": 3376,
      "location-after-char-end": 3379,
      "node-str": "\"cc\""
    },
    {
      "type": "insert-node",
      "node": {
        "label": "java.lang.String",
        "type": "VARIABLE_TYPE"
      },
      "location-after-char-start": 0,
      "location-after-char-end": 0,
      "node-str": "java.lang.String"
    },
    {
      "type": "insert-node",
      "node": {
        "label": "final",
        "type": "Modifier"
      },
      "location-after-char-start": 0,
      "location-after-char-end": 0,
      "node-str": "final"
    },
    {
      "type": "insert-node",
      "node": {
        "label": "static",
        "type": "Modifier"
      },
      "location-after-char-start": 0,
      "location-after-char-end": 0,
      "node-str": "static"
    },
    {
      "type": "insert-node",
      "node": {
        "label": "\"AttributePeer\"",
        "type": "Literal"
      },
      "location-after-char-start": 3441,
      "location-after-char-end": 3455,
      "node-str": "\"AttributePeer\""
    },
    {
      "type": "insert-node",
      "node": {
        "label": "java.lang.String",
        "type": "VARIABLE_TYPE"
      },
      "location-after-char-start": 0,
      "location-after-char-end": 0,
      "node-str": "java.lang.String"
    },
    {
      "type": "insert-node",
      "node": {
        "label": "final",
        "type": "Modifier"
      },
      "location-after-char-start": 0,
      "location-after-char-end": 0,
      "node-str": "final"
    },
    {
      "type": "insert-node",
      "node": {
        "label": "static",
        "type": "Modifier"
      },
      "location-after-char-start": 0,
      "location-after-char-end": 0,
      "node-str": "static"
    },
    {
      "type": "insert-node",
      "node": {
        "label": "\"getDataAttributes\"",
        "type": "Literal"
      },
      "location-after-char-start": 3521,
      "location-after-char-end": 3539,
      "node-str": "\"getDataAttributes\""
    },
    {
      "type": "insert-node",
      "node": {
        "label": "java.lang.String",
        "type": "VARIABLE_TYPE"
      },
      "location-after-char-start": 0,
      "location-after-char-end": 0,
      "node-str": "java.lang.String"
    },
    {
      "type": "insert-node",
      "node": {
        "label": "final",
        "type": "Modifier"
      },
      "location-after-char-start": 0,
      "location-after-char-end": 0,
      "node-str": "final"
    },
    {
      "type": "insert-node",
      "node": {
        "label": "static",
        "type": "Modifier"
      },
      "location-after-char-start": 0,
      "location-after-char-end": 0,
      "node-str": "static"
    },
    {
      "type": "insert-node",
      "node": {
        "label": "\"getUserAttributes\"",
        "type": "Literal"
      },
      "location-after-char-start": 3605,
      "location-after-char-end": 3623,
      "node-str": "\"getUserAttributes\""
    },
    {
      "type": "insert-node",
      "node": {
        "label": "java.util.List",
        "type": "RETURN_TYPE"
      },
      "location-after-char-start": 0,
      "location-after-char-end": 0,
      "node-str": "java.util.List"
    },
    {
      "type": "insert-node",
      "node": {
        "label": "java.lang.Exception",
        "type": "THROWS"
      },
      "location-after-char-start": 0,
      "location-after-char-end": 0,
      "node-str": "java.lang.Exception"
    },
    {
      "type": "insert-node",
      "node": {
        "label": "public",
        "type": "Modifier"
      },
      "location-after-char-start": 0,
      "location-after-char-end": 0,
      "node-str": "public"
    },
    {
      "type": "insert-node",
      "node": {
        "label": "static",
        "type": "Modifier"
      },
      "location-after-char-start": 0,
      "location-after-char-end": 0,
      "node-str": "static"
    },
    {
      "type": "insert-node",
      "node": {
        "label": "name",
        "type": "Parameter"
      },
      "location-after-char-start": 6281,
      "location-after-char-end": 6291,
      "node-str": "name"
    },
    {
      "type": "insert-node",
      "node": {
        "label": "description",
        "type": "Parameter"
      },
      "location-after-char-start": 6294,
      "location-after-char-end": 6311,
      "node-str": "description"
    },
    {
      "type": "insert-node",
      "node": {
        "label": "searchField",
        "type": "Parameter"
      },
      "location-after-char-start": 6359,
      "location-after-char-end": 6376,
      "node-str": "searchField"
    },
    {
      "type": "insert-node",
      "node": {
        "label": "result",
        "type": "LocalVariable"
      },
      "location-after-char-start": 6418,
      "location-after-char-end": 6436,
      "node-str": "result"
    },
    {
      "type": "insert-node",
      "node": {
        "label": "allAttributes",
        "type": "LocalVariable"
      },
      "location-after-char-start": 6446,
      "location-after-char-end": 6482,
      "node-str": "allAttributes"
    },
    {
      "type": "insert-node",
      "node": {
        "label": "if",
        "type": "If"
      },
      "location-after-char-start": 6492,
      "location-after-char-end": 7883,
      "node-str": "if"
    },
    {
      "type": "insert-node",
      "node": {
        "label": "return",
        "type": "Return"
      },
      "location-after-char-start": 7893,
      "location-after-char-end": 7906,
      "node-str": "return"
    },
    {
      "type": "insert-node",
      "node": {
        "label": "java.lang.Object",
        "type": "RETURN_TYPE"
      },
      "location-after-char-start": 0,
      "location-after-char-end": 0,
      "node-str": "java.lang.Object"
    },
    {
      "type": "insert-node",
      "node": {
        "label": "static",
        "type": "Modifier"
      },
      "location-after-char-start": 0,
      "location-after-char-end": 0,
      "node-str": "static"
    },
    {
      "type": "insert-node",
      "node": {
        "label": "s",
        "type": "Parameter"
      },
      "location-after-char-start": 7954,
      "location-after-char-end": 7961,
      "node-str": "s"
    },
    {
      "type": "insert-node",
      "node": {
        "label": "return",
        "type": "Return"
      },
      "location-after-char-start": 7978,
      "location-after-char-end": 8075,
      "node-str": "return"
    },
    {
      "type": "insert-node",
      "node": {
        "label": "\"2\"",
        "type": "Literal"
      },
      "location-after-char-start": 3072,
      "location-after-char-end": 3074,
      "node-str": "\"2\""
    },
    {
      "type": "insert-node",
      "node": {
        "label": "\"3\"",
        "type": "Literal"
      },
      "location-after-char-start": 3139,
      "location-after-char-end": 3141,
      "node-str": "\"3\""
    },
    {
      "type": "insert-node",
      "node": {
        "label": "\"4\"",
        "type": "Literal"
      },
      "location-after-char-start": 3210,
      "location-after-char-end": 3212,
      "node-str": "\"4\""
    },
    {
      "type": "insert-node",
      "node": {
        "label": "\"13\"",
        "type": "Literal"
      },
      "location-after-char-start": 3282,
      "location-after-char-end": 3285,
      "node-str": "\"13\""
    },
    {
      "type": "insert-node",
      "node": {
        "label": "java.lang.String",
        "type": "VARIABLE_TYPE"
      },
      "location-after-char-start": 0,
      "location-after-char-end": 0,
      "node-str": "java.lang.String"
    },
    {
      "type": "insert-node",
      "node": {
        "label": "java.lang.String",
        "type": "VARIABLE_TYPE"
      },
      "location-after-char-start": 0,
      "location-after-char-end": 0,
      "node-str": "java.lang.String"
    },
    {
      "type": "insert-node",
      "node": {
        "label": "java.lang.String",
        "type": "VARIABLE_TYPE"
      },
      "location-after-char-start": 0,
      "location-after-char-end": 0,
      "node-str": "java.lang.String"
    },
    {
      "type": "insert-node",
      "node": {
        "label": "java.util.List",
        "type": "VARIABLE_TYPE"
      },
      "location-after-char-start": 0,
      "location-after-char-end": 0,
      "node-str": "java.util.List"
    },
    {
      "type": "insert-node",
      "node": {
        "label": "null",
        "type": "Literal"
      },
      "location-after-char-start": 6432,
      "location-after-char-end": 6435,
      "node-str": "null"
    },
    {
      "type": "insert-node",
      "node": {
        "label": "java.util.List",
        "type": "VARIABLE_TYPE"
      },
      "location-after-char-start": 0,
      "location-after-char-end": 0,
      "node-str": "java.util.List"
    },
    {
      "type": "insert-node",
      "node": {
        "label": "getAttributes",
        "type": "Invocation"
      },
      "location-after-char-start": 6467,
      "location-after-char-end": 6481,
      "node-str": "getAttributes"
    },
    {
      "type": "insert-node",
      "node": {
        "label": "OR",
        "type": "BinaryOperator"
      },
      "location-after-char-start": 6496,
      "location-after-char-end": 6545,
      "node-str": "OR"
    },
    {
      "type": "insert-node",
      "node": {
        "label": "THEN",
        "type": "then"
      },
      "location-after-char-start": 6557,
      "location-after-char-end": 6612,
      "node-str": "THEN"
    },
    {
      "type": "insert-node",
      "node": {
        "label": "ELSE",
        "type": "else"
      },
      "location-after-char-start": 6636,
      "location-after-char-end": 7883,
      "node-str": "ELSE"
    },
    {
      "type": "insert-node",
      "node": {
        "label": "result",
        "type": "VariableRead"
      },
      "location-after-char-start": 7900,
      "location-after-char-end": 7905,
      "node-str": "result"
    },
    {
      "type": "insert-node",
      "node": {
        "label": "java.lang.String",
        "type": "VARIABLE_TYPE"
      },
      "location-after-char-start": 0,
      "location-after-char-end": 0,
      "node-str": "java.lang.String"
    },
    {
      "type": "insert-node",
      "node": {
        "label": "toString",
        "type": "Invocation"
      },
      "location-after-char-start": 7985,
      "location-after-char-end": 8074,
      "node-str": "toString"
    },
    {
      "type": "insert-node",
      "node": {
        "label": "EQ",
        "type": "BinaryOperator"
      },
      "location-after-char-start": 6496,
      "location-after-char-end": 6516,
      "node-str": "EQ"
    },
    {
      "type": "insert-node",
      "node": {
        "label": "EQ",
        "type": "BinaryOperator"
      },
      "location-after-char-start": 6521,
      "location-after-char-end": 6545,
      "node-str": "EQ"
    },
    {
      "type": "insert-node",
      "node": {
        "label": "\u003d",
        "type": "Assignment"
      },
      "location-after-char-start": 6571,
      "location-after-char-end": 6602,
      "node-str": "\u003d"
    },
    {
      "type": "insert-node",
      "node": {
        "label": "attrIds",
        "type": "LocalVariable"
      },
      "location-after-char-start": 6650,
      "location-after-char-end": 6680,
      "node-str": "attrIds"
    },
    {
      "type": "insert-node",
      "node": {
        "label": "",
        "type": "For"
      },
      "location-after-char-start": 6694,
      "location-after-char-end": 6848,
      "node-str": ""
    },
    {
      "type": "insert-node",
      "node": {
        "label": "crit",
        "type": "LocalVariable"
      },
      "location-after-char-start": 6862,
      "location-after-char-end": 6892,
      "node-str": "crit"
    },
    {
      "type": "insert-node",
      "node": {
        "label": "addIn",
        "type": "Invocation"
      },
      "location-after-char-start": 6906,
      "location-after-char-end": 6953,
      "node-str": "addIn"
    },
    {
      "type": "insert-node",
      "node": {
        "label": "c",
        "type": "LocalVariable"
      },
      "location-after-char-start": 6967,
      "location-after-char-end": 6994,
      "node-str": "c"
    },
    {
      "type": "insert-node",
      "node": {
        "label": "c1",
        "type": "LocalVariable"
      },
      "location-after-char-start": 7008,
      "location-after-char-end": 7036,
      "node-str": "c1"
    },
    {
      "type": "insert-node",
      "node": {
        "label": "c2",
        "type": "LocalVariable"
      },
      "location-after-char-start": 7050,
      "location-after-char-end": 7078,
      "node-str": "c2"
    },
    {
      "type": "insert-node",
      "node": {
        "label": "if",
        "type": "If"
      },
      "location-after-char-start": 7105,
      "location-after-char-end": 7282,
      "node-str": "if"
    },
    {
      "type": "insert-node",
      "node": {
        "label": "if",
        "type": "If"
      },
      "location-after-char-start": 7296,
      "location-after-char-end": 7485,
      "node-str": "if"
    },
    {
      "type": "insert-node",
      "node": {
        "label": "if",
        "type": "If"
      },
      "location-after-char-start": 7499,
      "location-after-char-end": 7797,
      "node-str": "if"
    },
    {
      "type": "insert-node",
      "node": {
        "label": "and",
        "type": "Invocation"
      },
      "location-after-char-start": 7811,
      "location-after-char-end": 7822,
      "node-str": "and"
    },
    {
      "type": "insert-node",
      "node": {
        "label": "\u003d",
        "type": "Assignment"
      },
      "location-after-char-start": 7836,
      "location-after-char-end": 7873,
      "node-str": "\u003d"
    },
    {
      "type": "insert-node",
      "node": {
        "label": "append",
        "type": "Invocation"
      },
      "location-after-char-start": 7985,
      "location-after-char-end": 8063,
      "node-str": "append"
    },
    {
      "type": "insert-node",
      "node": {
        "label": "allAttributes",
        "type": "VariableRead"
      },
      "location-after-char-start": 6496,
      "location-after-char-end": 6508,
      "node-str": "allAttributes"
    },
    {
      "type": "insert-node",
      "node": {
        "label": "null",
        "type": "Literal"
      },
      "location-after-char-start": 6513,
      "location-after-char-end": 6516,
      "node-str": "null"
    },
    {
      "type": "insert-node",
      "node": {
        "label": "size",
        "type": "Invocation"
      },
      "location-after-char-start": 6521,
      "location-after-char-end": 6540,
      "node-str": "size"
    },
    {
      "type": "insert-node",
      "node": {
        "label": "0",
        "type": "Literal"
      },
      "location-after-char-start": 6545,
      "location-after-char-end": 6545,
      "node-str": "0"
    },
    {
      "type": "insert-node",
      "node": {
        "label": "result",
        "type": "VariableWrite"
      },
      "location-after-char-start": 6571,
      "location-after-char-end": 6576,
      "node-str": "result"
    },
    {
      "type": "insert-node",
      "node": {
        "label": "EMPTY_LIST",
        "type": "FieldRead"
      },
      "location-after-char-start": 6580,
      "location-after-char-end": 6601,
      "node-str": "EMPTY_LIST"
    },
    {
      "type": "insert-node",
      "node": {
        "label": "java.util.List",
        "type": "VARIABLE_TYPE"
      },
      "location-after-char-start": 0,
      "location-after-char-end": 0,
      "node-str": "java.util.List"
    },
    {
      "type": "insert-node",
      "node": {
        "label": "java.util.ArrayList()",
        "type": "ConstructorCall"
      },
      "location-after-char-start": 6665,
      "location-after-char-end": 6679,
      "node-str": "java.util.ArrayList()"
    },
    {
      "type": "insert-node",
      "node": {
        "label": "i",
        "type": "LocalVariable"
      },
      "location-after-char-start": 6699,
      "location-after-char-end": 6707,
      "node-str": "i"
    },
    {
      "type": "insert-node",
      "node": {
        "label": "LT",
        "type": "BinaryOperator"
      },
      "location-after-char-start": 6710,
      "location-after-char-end": 6733,
      "node-str": "LT"
    },
    {
      "type": "insert-node",
      "node": {
        "label": "POSTINC",
        "type": "UnaryOperator"
      },
      "location-after-char-start": 6736,
      "location-after-char-end": 6738,
      "node-str": "POSTINC"
    },
    {
      "type": "insert-node",
      "node": {
        "label": "add",
        "type": "Invocation"
      },
      "location-after-char-start": 6771,
      "location-after-char-end": 6834,
      "node-str": "add"
    },
    {
      "type": "insert-node",
      "node": {
        "label": "org.apache.torque.util.Criteria",
        "type": "VARIABLE_TYPE"
      },
      "location-after-char-start": 0,
      "location-after-char-end": 0,
      "node-str": "org.apache.torque.util.Criteria"
    },
    {
      "type": "insert-node",
      "node": {
        "label": "org.apache.torque.util.Criteria()",
        "type": "ConstructorCall"
      },
      "location-after-char-start": 6878,
      "location-after-char-end": 6891,
      "node-str": "org.apache.torque.util.Criteria()"
    },
    {
      "type": "insert-node",
      "node": {
        "label": "crit",
        "type": "VariableRead"
      },
      "location-after-char-start": 6906,
      "location-after-char-end": 6909,
      "node-str": "crit"
    },
    {
      "type": "insert-node",
      "node": {
        "label": "ATTRIBUTE_ID",
        "type": "FieldRead"
      },
      "location-after-char-start": 6917,
      "location-after-char-end": 6942,
      "node-str": "ATTRIBUTE_ID"
    },
    {
      "type": "insert-node",
      "node": {
        "label": "attrIds",
        "type": "VariableRead"
      },
      "location-after-char-start": 6945,
      "location-after-char-end": 6951,
      "node-str": "attrIds"
    },
    {
      "type": "insert-node",
      "node": {
        "label": "org.apache.torque.util.Criteria$Criterion",
        "type": "VARIABLE_TYPE"
      },
      "location-after-char-start": 0,
      "location-after-char-end": 0,
      "node-str": "org.apache.torque.util.Criteria$Criterion"
    },
    {
      "type": "insert-node",
      "node": {
        "label": "null",
        "type": "Literal"
      },
      "location-after-char-start": 6990,
      "location-after-char-end": 6993,
      "node-str": "null"
    },
    {
      "type": "insert-node",
      "node": {
        "label": "org.apache.torque.util.Criteria$Criterion",
        "type": "VARIABLE_TYPE"
      },
      "location-after-char-start": 0,
      "location-after-char-end": 0,
      "node-str": "org.apache.torque.util.Criteria$Criterion"
    },
    {
      "type": "insert-node",
      "node": {
        "label": "null",
        "type": "Literal"
      },
      "location-after-char-start": 7032,
      "location-after-char-end": 7035,
      "node-str": "null"
    },
    {
      "type": "insert-node",
      "node": {
        "label": "org.apache.torque.util.Criteria$Criterion",
        "type": "VARIABLE_TYPE"
      },
      "location-after-char-start": 0,
      "location-after-char-end": 0,
      "node-str": "org.apache.torque.util.Criteria$Criterion"
    },
    {
      "type": "insert-node",
      "node": {
        "label": "null",
        "type": "Literal"
      },
      "location-after-char-start": 7074,
      "location-after-char-end": 7077,
      "node-str": "null"
    },
    {
      "type": "insert-node",
      "node": {
        "label": "NE",
        "type": "BinaryOperator"
      },
      "location-after-char-start": 7109,
      "location-after-char-end": 7120,
      "node-str": "NE"
    },
    {
      "type": "insert-node",
      "node": {
        "label": "THEN",
        "type": "then"
      },
      "location-after-char-start": 7135,
      "location-after-char-end": 7282,
      "node-str": "THEN"
    },
    {
      "type": "insert-node",
      "node": {
        "label": "NE",
        "type": "BinaryOperator"
      },
      "location-after-char-start": 7300,
      "location-after-char-end": 7318,
      "node-str": "NE"
    },
    {
      "type": "insert-node",
      "node": {
        "label": "THEN",
        "type": "then"
      },
      "location-after-char-start": 7333,
      "location-after-char-end": 7485,
      "node-str": "THEN"
    },
    {
      "type": "insert-node",
      "node": {
        "label": "equals",
        "type": "Invocation"
      },
      "location-after-char-start": 7503,
      "location-after-char-end": 7528,
      "node-str": "equals"
    },
    {
      "type": "insert-node",
      "node": {
        "label": "THEN",
        "type": "then"
      },
      "location-after-char-start": 7543,
      "location-after-char-end": 7581,
      "node-str": "THEN"
    },
    {
      "type": "insert-node",
      "node": {
        "label": "ELSE",
        "type": "else"
      },
      "location-after-char-start": 7601,
      "location-after-char-end": 7797,
      "node-str": "ELSE"
    },
    {
      "type": "insert-node",
      "node": {
        "label": "crit",
        "type": "VariableRead"
      },
      "location-after-char-start": 7811,
      "location-after-char-end": 7814,
      "node-str": "crit"
    },
    {
      "type": "insert-node",
      "node": {
        "label": "c",
        "type": "VariableRead"
      },
      "location-after-char-start": 7820,
      "location-after-char-end": 7820,
      "node-str": "c"
    },
    {
      "type": "insert-node",
      "node": {
        "label": "result",
        "type": "VariableWrite"
      },
      "location-after-char-start": 7836,
      "location-after-char-end": 7841,
      "node-str": "result"
    },
    {
      "type": "insert-node",
      "node": {
        "label": "doSelect",
        "type": "Invocation"
      },
      "location-after-char-start": 7845,
      "location-after-char-end": 7872,
      "node-str": "doSelect"
    },
    {
      "type": "insert-node",
      "node": {
        "label": "append",
        "type": "Invocation"
      },
      "location-after-char-start": 7985,
      "location-after-char-end": 8051,
      "node-str": "append"
    },
    {
      "type": "insert-node",
      "node": {
        "label": "\u0027%\u0027",
        "type": "Literal"
      },
      "location-after-char-start": 8060,
      "location-after-char-end": 8062,
      "node-str": "\u0027%\u0027"
    },
    {
      "type": "insert-node",
      "node": {
        "label": "allAttributes",
        "type": "VariableRead"
      },
      "location-after-char-start": 6521,
      "location-after-char-end": 6533,
      "node-str": "allAttributes"
    },
    {
      "type": "insert-node",
      "node": {
        "label": "java.util.Collections",
        "type": "TypeAccess"
      },
      "location-after-char-start": 6580,
      "location-after-char-end": 6590,
      "node-str": "java.util.Collections"
    },
    {
      "type": "insert-node",
      "node": {
        "label": "int",
        "type": "VARIABLE_TYPE"
      },
      "location-after-char-start": 0,
      "location-after-char-end": 0,
      "node-str": "int"
    },
    {
      "type": "insert-node",
      "node": {
        "label": "0",
        "type": "Literal"
      },
      "location-after-char-start": 6707,
      "location-after-char-end": 6707,
      "node-str": "0"
    },
    {
      "type": "insert-node",
      "node": {
        "label": "i",
        "type": "VariableRead"
      },
      "location-after-char-start": 6710,
      "location-after-char-end": 6710,
      "node-str": "i"
    },
    {
      "type": "insert-node",
      "node": {
        "label": "size",
        "type": "Invocation"
      },
      "location-after-char-start": 6714,
      "location-after-char-end": 6733,
      "node-str": "size"
    },
    {
      "type": "insert-node",
      "node": {
        "label": "i",
        "type": "VariableWrite"
      },
      "location-after-char-start": 6736,
      "location-after-char-end": 6736,
      "node-str": "i"
    },
    {
      "type": "insert-node",
      "node": {
        "label": "attrIds",
        "type": "VariableRead"
      },
      "location-after-char-start": 6771,
      "location-after-char-end": 6777,
      "node-str": "attrIds"
    },
    {
      "type": "insert-node",
      "node": {
        "label": "getAttributeId",
        "type": "Invocation"
      },
      "location-after-char-start": 6783,
      "location-after-char-end": 6832,
      "node-str": "getAttributeId"
    },
    {
      "type": "insert-node",
      "node": {
        "label": "org.tigris.scarab.om.AttributePeer",
        "type": "TypeAccess"
      },
      "location-after-char-start": 6917,
      "location-after-char-end": 6942,
      "node-str": "org.tigris.scarab.om.AttributePeer"
    },
    {
      "type": "insert-node",
      "node": {
        "label": "name",
        "type": "VariableRead"
      },
      "location-after-char-start": 7109,
      "location-after-char-end": 7112,
      "node-str": "name"
    },
    {
      "type": "insert-node",
      "node": {
        "label": "null",
        "type": "Literal"
      },
      "location-after-char-start": 7117,
      "location-after-char-end": 7120,
      "node-str": "null"
    },
    {
      "type": "insert-node",
      "node": {
        "label": "\u003d",
        "type": "Assignment"
      },
      "location-after-char-start": 7153,
      "location-after-char-end": 7268,
      "node-str": "\u003d"
    },
    {
      "type": "insert-node",
      "node": {
        "label": "description",
        "type": "VariableRead"
      },
      "location-after-char-start": 7300,
      "location-after-char-end": 7310,
      "node-str": "description"
    },
    {
      "type": "insert-node",
      "node": {
        "label": "null",
        "type": "Literal"
      },
      "location-after-char-start": 7315,
      "location-after-char-end": 7318,
      "node-str": "null"
    },
    {
      "type": "insert-node",
      "node": {
        "label": "\u003d",
        "type": "Assignment"
      },
      "location-after-char-start": 7352,
      "location-after-char-end": 7471,
      "node-str": "\u003d"
    },
    {
      "type": "insert-node",
      "node": {
        "label": "searchField",
        "type": "VariableRead"
      },
      "location-after-char-start": 7503,
      "location-after-char-end": 7513,
      "node-str": "searchField"
    },
    {
      "type": "insert-node",
      "node": {
        "label": "\"Name\"",
        "type": "Literal"
      },
      "location-after-char-start": 7522,
      "location-after-char-end": 7527,
      "node-str": "\"Name\""
    },
    {
      "type": "insert-node",
      "node": {
        "label": "\u003d",
        "type": "Assignment"
      },
      "location-after-char-start": 7561,
      "location-after-char-end": 7567,
      "node-str": "\u003d"
    },
    {
      "type": "insert-node",
      "node": {
        "label": "if",
        "type": "If"
      },
      "location-after-char-start": 7601,
      "location-after-char-end": 7797,
      "node-str": "if"
    },
    {
      "type": "insert-node",
      "node": {
        "label": "org.tigris.scarab.om.AttributePeer",
        "type": "TypeAccess"
      },
      "location-after-char-start": 7845,
      "location-after-char-end": 7857,
      "node-str": "org.tigris.scarab.om.AttributePeer"
    },
    {
      "type": "insert-node",
      "node": {
        "label": "crit",
        "type": "VariableRead"
      },
      "location-after-char-start": 7868,
      "location-after-char-end": 7871,
      "node-str": "crit"
    },
    {
      "type": "insert-node",
      "node": {
        "label": "append",
        "type": "Invocation"
      },
      "location-after-char-start": 7985,
      "location-after-char-end": 8041,
      "node-str": "append"
    },
    {
      "type": "insert-node",
      "node": {
        "label": "s",
        "type": "VariableRead"
      },
      "location-after-char-start": 8050,
      "location-after-char-end": 8050,
      "node-str": "s"
    },
    {
      "type": "insert-node",
      "node": {
        "label": "allAttributes",
        "type": "VariableRead"
      },
      "location-after-char-start": 6714,
      "location-after-char-end": 6726,
      "node-str": "allAttributes"
    },
    {
      "type": "insert-node",
      "node": {
        "label": "get",
        "type": "Invocation"
      },
      "location-after-char-start": 6783,
      "location-after-char-end": 6815,
      "node-str": "get"
    },
    {
      "type": "insert-node",
      "node": {
        "label": "c1",
        "type": "VariableWrite"
      },
      "location-after-char-start": 7153,
      "location-after-char-end": 7154,
      "node-str": "c1"
    },
    {
      "type": "insert-node",
      "node": {
        "label": "getNewCriterion",
        "type": "Invocation"
      },
      "location-after-char-start": 7158,
      "location-after-char-end": 7267,
      "node-str": "getNewCriterion"
    },
    {
      "type": "insert-node",
      "node": {
        "label": "c2",
        "type": "VariableWrite"
      },
      "location-after-char-start": 7352,
      "location-after-char-end": 7353,
      "node-str": "c2"
    },
    {
      "type": "insert-node",
      "node": {
        "label": "getNewCriterion",
        "type": "Invocation"
      },
      "location-after-char-start": 7357,
      "location-after-char-end": 7470,
      "node-str": "getNewCriterion"
    },
    {
      "type": "insert-node",
      "node": {
        "label": "c",
        "type": "VariableWrite"
      },
      "location-after-char-start": 7561,
      "location-after-char-end": 7561,
      "node-str": "c"
    },
    {
      "type": "insert-node",
      "node": {
        "label": "c1",
        "type": "VariableRead"
      },
      "location-after-char-start": 7565,
      "location-after-char-end": 7566,
      "node-str": "c1"
    },
    {
      "type": "insert-node",
      "node": {
        "label": "equals",
        "type": "Invocation"
      },
      "location-after-char-start": 7605,
      "location-after-char-end": 7637,
      "node-str": "equals"
    },
    {
      "type": "insert-node",
      "node": {
        "label": "THEN",
        "type": "then"
      },
      "location-after-char-start": 7652,
      "location-after-char-end": 7690,
      "node-str": "THEN"
    },
    {
      "type": "insert-node",
      "node": {
        "label": "ELSE",
        "type": "else"
      },
      "location-after-char-start": 7709,
      "location-after-char-end": 7797,
      "node-str": "ELSE"
    },
    {
      "type": "insert-node",
      "node": {
        "label": "java.lang.StringBuffer(int)",
        "type": "ConstructorCall"
      },
      "location-after-char-start": 7985,
      "location-after-char-end": 8016,
      "node-str": "java.lang.StringBuffer(int)"
    },
    {
      "type": "insert-node",
      "node": {
        "label": "\u0027%\u0027",
        "type": "Literal"
      },
      "location-after-char-start": 8038,
      "location-after-char-end": 8040,
      "node-str": "\u0027%\u0027"
    },
    {
      "type": "insert-node",
      "node": {
        "label": "allAttributes",
        "type": "VariableRead"
      },
      "location-after-char-start": 6795,
      "location-after-char-end": 6807,
      "node-str": "allAttributes"
    },
    {
      "type": "insert-node",
      "node": {
        "label": "i",
        "type": "VariableRead"
      },
      "location-after-char-start": 6813,
      "location-after-char-end": 6813,
      "node-str": "i"
    },
    {
      "type": "insert-node",
      "node": {
        "label": "crit",
        "type": "VariableRead"
      },
      "location-after-char-start": 7158,
      "location-after-char-end": 7161,
      "node-str": "crit"
    },
    {
      "type": "insert-node",
      "node": {
        "label": "ATTRIBUTE_NAME",
        "type": "FieldRead"
      },
      "location-after-char-start": 7179,
      "location-after-char-end": 7206,
      "node-str": "ATTRIBUTE_NAME"
    },
    {
      "type": "insert-node",
      "node": {
        "label": "addWildcards",
        "type": "Invocation"
      },
      "location-after-char-start": 7234,
      "location-after-char-end": 7251,
      "node-str": "addWildcards"
    },
    {
      "type": "insert-node",
      "node": {
        "label": "Criteria.LIKE",
        "type": "TypeAccess"
      },
      "location-after-char-start": 7254,
      "location-after-char-end": 7266,
      "node-str": "Criteria.LIKE"
    },
    {
      "type": "insert-node",
      "node": {
        "label": "crit",
        "type": "VariableRead"
      },
      "location-after-char-start": 7357,
      "location-after-char-end": 7360,
      "node-str": "crit"
    },
    {
      "type": "insert-node",
      "node": {
        "label": "DESCRIPTION",
        "type": "FieldRead"
      },
      "location-after-char-start": 7378,
      "location-after-char-end": 7402,
      "node-str": "DESCRIPTION"
    },
    {
      "type": "insert-node",
      "node": {
        "label": "addWildcards",
        "type": "Invocation"
      },
      "location-after-char-start": 7430,
      "location-after-char-end": 7454,
      "node-str": "addWildcards"
    },
    {
      "type": "insert-node",
      "node": {
        "label": "Criteria.LIKE",
        "type": "TypeAccess"
      },
      "location-after-char-start": 7457,
      "location-after-char-end": 7469,
      "node-str": "Criteria.LIKE"
    },
    {
      "type": "insert-node",
      "node": {
        "label": "searchField",
        "type": "VariableRead"
      },
      "location-after-char-start": 7605,
      "location-after-char-end": 7615,
      "node-str": "searchField"
    },
    {
      "type": "insert-node",
      "node": {
        "label": "\"Description\"",
        "type": "Literal"
      },
      "location-after-char-start": 7624,
      "location-after-char-end": 7636,
      "node-str": "\"Description\""
    },
    {
      "type": "insert-node",
      "node": {
        "label": "\u003d",
        "type": "Assignment"
      },
      "location-after-char-start": 7670,
      "location-after-char-end": 7676,
      "node-str": "\u003d"
    },
    {
      "type": "insert-node",
      "node": {
        "label": "if",
        "type": "If"
      },
      "location-after-char-start": 7709,
      "location-after-char-end": 7797,
      "node-str": "if"
    },
    {
      "type": "insert-node",
      "node": {
        "label": "PLUS",
        "type": "BinaryOperator"
      },
      "location-after-char-start": 8002,
      "location-after-char-end": 8015,
      "node-str": "PLUS"
    },
    {
      "type": "insert-node",
      "node": {
        "label": "org.tigris.scarab.om.AttributePeer",
        "type": "TypeAccess"
      },
      "location-after-char-start": 7179,
      "location-after-char-end": 7206,
      "node-str": "org.tigris.scarab.om.AttributePeer"
    },
    {
      "type": "insert-node",
      "node": {
        "label": "name",
        "type": "VariableRead"
      },
      "location-after-char-start": 7247,
      "location-after-char-end": 7250,
      "node-str": "name"
    },
    {
      "type": "insert-node",
      "node": {
        "label": "org.tigris.scarab.om.AttributePeer",
        "type": "TypeAccess"
      },
      "location-after-char-start": 7378,
      "location-after-char-end": 7402,
      "node-str": "org.tigris.scarab.om.AttributePeer"
    },
    {
      "type": "insert-node",
      "node": {
        "label": "description",
        "type": "VariableRead"
      },
      "location-after-char-start": 7443,
      "location-after-char-end": 7453,
      "node-str": "description"
    },
    {
      "type": "insert-node",
      "node": {
        "label": "c",
        "type": "VariableWrite"
      },
      "location-after-char-start": 7670,
      "location-after-char-end": 7670,
      "node-str": "c"
    },
    {
      "type": "insert-node",
      "node": {
        "label": "c2",
        "type": "VariableRead"
      },
      "location-after-char-start": 7674,
      "location-after-char-end": 7675,
      "node-str": "c2"
    },
    {
      "type": "insert-node",
      "node": {
        "label": "equals",
        "type": "Invocation"
      },
      "location-after-char-start": 7713,
      "location-after-char-end": 7737,
      "node-str": "equals"
    },
    {
      "type": "insert-node",
      "node": {
        "label": "THEN",
        "type": "then"
      },
      "location-after-char-start": 7752,
      "location-after-char-end": 7797,
      "node-str": "THEN"
    },
    {
      "type": "insert-node",
      "node": {
        "label": "length",
        "type": "Invocation"
      },
      "location-after-char-start": 8002,
      "location-after-char-end": 8011,
      "node-str": "length"
    },
    {
      "type": "insert-node",
      "node": {
        "label": "2",
        "type": "Literal"
      },
      "location-after-char-start": 8015,
      "location-after-char-end": 8015,
      "node-str": "2"
    },
    {
      "type": "insert-node",
      "node": {
        "label": "searchField",
        "type": "VariableRead"
      },
      "location-after-char-start": 7713,
      "location-after-char-end": 7723,
      "node-str": "searchField"
    },
    {
      "type": "insert-node",
      "node": {
        "label": "\"Any\"",
        "type": "Literal"
      },
      "location-after-char-start": 7732,
      "location-after-char-end": 7736,
      "node-str": "\"Any\""
    },
    {
      "type": "insert-node",
      "node": {
        "label": "\u003d",
        "type": "Assignment"
      },
      "location-after-char-start": 7770,
      "location-after-char-end": 7783,
      "node-str": "\u003d"
    },
    {
      "type": "insert-node",
      "node": {
        "label": "s",
        "type": "VariableRead"
      },
      "location-after-char-start": 8002,
      "location-after-char-end": 8002,
      "node-str": "s"
    },
    {
      "type": "insert-node",
      "node": {
        "label": "c",
        "type": "VariableWrite"
      },
      "location-after-char-start": 7770,
      "location-after-char-end": 7770,
      "node-str": "c"
    },
    {
      "type": "insert-node",
      "node": {
        "label": "or",
        "type": "Invocation"
      },
      "location-after-char-start": 7774,
      "location-after-char-end": 7782,
      "node-str": "or"
    },
    {
      "type": "insert-node",
      "node": {
        "label": "c1",
        "type": "VariableRead"
      },
      "location-after-char-start": 7774,
      "location-after-char-end": 7775,
      "node-str": "c1"
    },
    {
      "type": "insert-node",
      "node": {
        "label": "c2",
        "type": "VariableRead"
      },
      "location-after-char-start": 7780,
      "location-after-char-end": 7781,
      "node-str": "c2"
    },
    {
      "type": "delete-node",
      "node": {
        "label": "public",
        "type": "Modifier"
      },
      "location-before-char-start": 0,
      "location-before-char-end": 0,
      "node-str": "public"
    },
    {
      "type": "delete-node",
      "node": {
        "label": "org.tigris.scarab.om.BaseAttributePeer",
        "type": "SUPER_TYPE"
      },
      "location-before-char-start": 0,
      "location-before-char-end": 0,
      "node-str": "org.tigris.scarab.om.BaseAttributePeer"
    },
    {
      "type": "delete-node",
      "node": {
        "label": "",
        "type": "TypeReference"
      },
      "location-before-char-start": 2965,
      "location-before-char-end": 3002,
      "node-str": ""
    },
    {
      "type": "delete-node",
      "node": {
        "label": "org.apache.torque.om.NumberKey",
        "type": "VARIABLE_TYPE"
      },
      "location-before-char-start": 0,
      "location-before-char-end": 0,
      "node-str": "org.apache.torque.om.NumberKey"
    },
    {
      "type": "delete-node",
      "node": {
        "label": "final",
        "type": "Modifier"
      },
      "location-before-char-start": 0,
      "location-before-char-end": 0,
      "node-str": "final"
    },
    {
      "type": "delete-node",
      "node": {
        "label": "public",
        "type": "Modifier"
      },
      "location-before-char-start": 0,
      "location-before-char-end": 0,
      "node-str": "public"
    },
    {
      "type": "delete-node",
      "node": {
        "label": "static",
        "type": "Modifier"
      },
      "location-before-char-start": 0,
      "location-before-char-end": 0,
      "node-str": "static"
    },
    {
      "type": "delete-node",
      "node": {
        "label": "\"2\"",
        "type": "Literal"
      },
      "location-before-char-start": 3072,
      "location-before-char-end": 3074,
      "node-str": "\"2\""
    },
    {
      "type": "delete-node",
      "node": {
        "label": "org.apache.torque.om.NumberKey(java.lang.String)",
        "type": "ConstructorCall"
      },
      "location-before-char-start": 3058,
      "location-before-char-end": 3075,
      "node-str": "org.apache.torque.om.NumberKey(java.lang.String)"
    },
    {
      "type": "delete-node",
      "node": {
        "label": "ASSIGNED_TO__PK",
        "type": "Field"
      },
      "location-before-char-start": 3010,
      "location-before-char-end": 3076,
      "node-str": "ASSIGNED_TO__PK"
    },
    {
      "type": "delete-node",
      "node": {
        "label": "org.apache.torque.om.NumberKey",
        "type": "VARIABLE_TYPE"
      },
      "location-before-char-start": 0,
      "location-before-char-end": 0,
      "node-str": "org.apache.torque.om.NumberKey"
    },
    {
      "type": "delete-node",
      "node": {
        "label": "final",
        "type": "Modifier"
      },
      "location-before-char-start": 0,
      "location-before-char-end": 0,
      "node-str": "final"
    },
    {
      "type": "delete-node",
      "node": {
        "label": "public",
        "type": "Modifier"
      },
      "location-before-char-start": 0,
      "location-before-char-end": 0,
      "node-str": "public"
    },
    {
      "type": "delete-node",
      "node": {
        "label": "static",
        "type": "Modifier"
      },
      "location-before-char-start": 0,
      "location-before-char-end": 0,
      "node-str": "static"
    },
    {
      "type": "delete-node",
      "node": {
        "label": "\"3\"",
        "type": "Literal"
      },
      "location-before-char-start": 3139,
      "location-before-char-end": 3141,
      "node-str": "\"3\""
    },
    {
      "type": "delete-node",
      "node": {
        "label": "org.apache.torque.om.NumberKey(java.lang.String)",
        "type": "ConstructorCall"
      },
      "location-before-char-start": 3125,
      "location-before-char-end": 3142,
      "node-str": "org.apache.torque.om.NumberKey(java.lang.String)"
    },
    {
      "type": "delete-node",
      "node": {
        "label": "STATUS__PK",
        "type": "Field"
      },
      "location-before-char-start": 3082,
      "location-before-char-end": 3143,
      "node-str": "STATUS__PK"
    },
    {
      "type": "delete-node",
      "node": {
        "label": "org.apache.torque.om.NumberKey",
        "type": "VARIABLE_TYPE"
      },
      "location-before-char-start": 0,
      "location-before-char-end": 0,
      "node-str": "org.apache.torque.om.NumberKey"
    },
    {
      "type": "delete-node",
      "node": {
        "label": "final",
        "type": "Modifier"
      },
      "location-before-char-start": 0,
      "location-before-char-end": 0,
      "node-str": "final"
    },
    {
      "type": "delete-node",
      "node": {
        "label": "public",
        "type": "Modifier"
      },
      "location-before-char-start": 0,
      "location-before-char-end": 0,
      "node-str": "public"
    },
    {
      "type": "delete-node",
      "node": {
        "label": "static",
        "type": "Modifier"
      },
      "location-before-char-start": 0,
      "location-before-char-end": 0,
      "node-str": "static"
    },
    {
      "type": "delete-node",
      "node": {
        "label": "\"4\"",
        "type": "Literal"
      },
      "location-before-char-start": 3210,
      "location-before-char-end": 3212,
      "node-str": "\"4\""
    },
    {
      "type": "delete-node",
      "node": {
        "label": "org.apache.torque.om.NumberKey(java.lang.String)",
        "type": "ConstructorCall"
      },
      "location-before-char-start": 3196,
      "location-before-char-end": 3213,
      "node-str": "org.apache.torque.om.NumberKey(java.lang.String)"
    },
    {
      "type": "delete-node",
      "node": {
        "label": "RESOLUTION__PK",
        "type": "Field"
      },
      "location-before-char-start": 3149,
      "location-before-char-end": 3214,
      "node-str": "RESOLUTION__PK"
    },
    {
      "type": "delete-node",
      "node": {
        "label": "org.apache.torque.om.NumberKey",
        "type": "VARIABLE_TYPE"
      },
      "location-before-char-start": 0,
      "location-before-char-end": 0,
      "node-str": "org.apache.torque.om.NumberKey"
    },
    {
      "type": "delete-node",
      "node": {
        "label": "final",
        "type": "Modifier"
      },
      "location-before-char-start": 0,
      "location-before-char-end": 0,
      "node-str": "final"
    },
    {
      "type": "delete-node",
      "node": {
        "label": "public",
        "type": "Modifier"
      },
      "location-before-char-start": 0,
      "location-before-char-end": 0,
      "node-str": "public"
    },
    {
      "type": "delete-node",
      "node": {
        "label": "static",
        "type": "Modifier"
      },
      "location-before-char-start": 0,
      "location-before-char-end": 0,
      "node-str": "static"
    },
    {
      "type": "delete-node",
      "node": {
        "label": "\"13\"",
        "type": "Literal"
      },
      "location-before-char-start": 3282,
      "location-before-char-end": 3285,
      "node-str": "\"13\""
    },
    {
      "type": "delete-node",
      "node": {
        "label": "org.apache.torque.om.NumberKey(java.lang.String)",
        "type": "ConstructorCall"
      },
      "location-before-char-start": 3268,
      "location-before-char-end": 3286,
      "node-str": "org.apache.torque.om.NumberKey(java.lang.String)"
    },
    {
      "type": "delete-node",
      "node": {
        "label": "TOTAL_VOTES__PK",
        "type": "Field"
      },
      "location-before-char-start": 3220,
      "location-before-char-end": 3287,
      "node-str": "TOTAL_VOTES__PK"
    },
    {
      "type": "delete-node",
      "node": {
        "label": "java.lang.String",
        "type": "VARIABLE_TYPE"
      },
      "location-before-char-start": 0,
      "location-before-char-end": 0,
      "node-str": "java.lang.String"
    },
    {
      "type": "delete-node",
      "node": {
        "label": "final",
        "type": "Modifier"
      },
      "location-before-char-start": 0,
      "location-before-char-end": 0,
      "node-str": "final"
    },
    {
      "type": "delete-node",
      "node": {
        "label": "public",
        "type": "Modifier"
      },
      "location-before-char-start": 0,
      "location-before-char-end": 0,
      "node-str": "public"
    },
    {
      "type": "delete-node",
      "node": {
        "label": "static",
        "type": "Modifier"
      },
      "location-before-char-start": 0,
      "location-before-char-end": 0,
      "node-str": "static"
    },
    {
      "type": "delete-node",
      "node": {
        "label": "\"to\"",
        "type": "Literal"
      },
      "location-before-char-start": 3331,
      "location-before-char-end": 3334,
      "node-str": "\"to\""
    },
    {
      "type": "delete-node",
      "node": {
        "label": "EMAIL_TO",
        "type": "Field"
      },
      "location-before-char-start": 3293,
      "location-before-char-end": 3335,
      "node-str": "EMAIL_TO"
    },
    {
      "type": "delete-node",
      "node": {
        "label": "java.lang.String",
        "type": "VARIABLE_TYPE"
      },
      "location-before-char-start": 0,
      "location-before-char-end": 0,
      "node-str": "java.lang.String"
    },
    {
      "type": "delete-node",
      "node": {
        "label": "final",
        "type": "Modifier"
      },
      "location-before-char-start": 0,
      "location-before-char-end": 0,
      "node-str": "final"
    },
    {
      "type": "delete-node",
      "node": {
        "label": "public",
        "type": "Modifier"
      },
      "location-before-char-start": 0,
      "location-before-char-end": 0,
      "node-str": "public"
    },
    {
      "type": "delete-node",
      "node": {
        "label": "static",
        "type": "Modifier"
      },
      "location-before-char-start": 0,
      "location-before-char-end": 0,
      "node-str": "static"
    },
    {
      "type": "delete-node",
      "node": {
        "label": "\"cc\"",
        "type": "Literal"
      },
      "location-before-char-start": 3376,
      "location-before-char-end": 3379,
      "node-str": "\"cc\""
    },
    {
      "type": "delete-node",
      "node": {
        "label": "CC_TO",
        "type": "Field"
      },
      "location-before-char-start": 3341,
      "location-before-char-end": 3380,
      "node-str": "CC_TO"
    },
    {
      "type": "delete-node",
      "node": {
        "label": "java.lang.String",
        "type": "VARIABLE_TYPE"
      },
      "location-before-char-start": 0,
      "location-before-char-end": 0,
      "node-str": "java.lang.String"
    },
    {
      "type": "delete-node",
      "node": {
        "label": "final",
        "type": "Modifier"
      },
      "location-before-char-start": 0,
      "location-before-char-end": 0,
      "node-str": "final"
    },
    {
      "type": "delete-node",
      "node": {
        "label": "static",
        "type": "Modifier"
      },
      "location-before-char-start": 0,
      "location-before-char-end": 0,
      "node-str": "static"
    },
    {
      "type": "delete-node",
      "node": {
        "label": "\"AttributePeer\"",
        "type": "Literal"
      },
      "location-before-char-start": 3441,
      "location-before-char-end": 3455,
      "node-str": "\"AttributePeer\""
    },
    {
      "type": "delete-node",
      "node": {
        "label": "ATTRIBUTE_PEER",
        "type": "Field"
      },
      "location-before-char-start": 3387,
      "location-before-char-end": 3456,
      "node-str": "ATTRIBUTE_PEER"
    },
    {
      "type": "delete-node",
      "node": {
        "label": "java.lang.String",
        "type": "VARIABLE_TYPE"
      },
      "location-before-char-start": 0,
      "location-before-char-end": 0,
      "node-str": "java.lang.String"
    },
    {
      "type": "delete-node",
      "node": {
        "label": "final",
        "type": "Modifier"
      },
      "location-before-char-start": 0,
      "location-before-char-end": 0,
      "node-str": "final"
    },
    {
      "type": "delete-node",
      "node": {
        "label": "static",
        "type": "Modifier"
      },
      "location-before-char-start": 0,
      "location-before-char-end": 0,
      "node-str": "static"
    },
    {
      "type": "delete-node",
      "node": {
        "label": "\"getDataAttributes\"",
        "type": "Literal"
      },
      "location-before-char-start": 3521,
      "location-before-char-end": 3539,
      "node-str": "\"getDataAttributes\""
    },
    {
      "type": "delete-node",
      "node": {
        "label": "GET_DATA_ATTRIBUTES",
        "type": "Field"
      },
      "location-before-char-start": 3462,
      "location-before-char-end": 3540,
      "node-str": "GET_DATA_ATTRIBUTES"
    },
    {
      "type": "delete-node",
      "node": {
        "label": "java.lang.String",
        "type": "VARIABLE_TYPE"
      },
      "location-before-char-start": 0,
      "location-before-char-end": 0,
      "node-str": "java.lang.String"
    },
    {
      "type": "delete-node",
      "node": {
        "label": "final",
        "type": "Modifier"
      },
      "location-before-char-start": 0,
      "location-before-char-end": 0,
      "node-str": "final"
    },
    {
      "type": "delete-node",
      "node": {
        "label": "static",
        "type": "Modifier"
      },
      "location-before-char-start": 0,
      "location-before-char-end": 0,
      "node-str": "static"
    },
    {
      "type": "delete-node",
      "node": {
        "label": "\"getUserAttributes\"",
        "type": "Literal"
      },
      "location-before-char-start": 3605,
      "location-before-char-end": 3623,
      "node-str": "\"getUserAttributes\""
    },
    {
      "type": "delete-node",
      "node": {
        "label": "GET_USER_ATTRIBUTES",
        "type": "Field"
      },
      "location-before-char-start": 3546,
      "location-before-char-end": 3624,
      "node-str": "GET_USER_ATTRIBUTES"
    }
  ],
  "before-file": {},
  "after-file": {},
  "mapping": {}
}