{
  "tool-info": {},
  "diff": [
    {
      "type": "insert-node",
      "node": {
        "label": "Approval",
        "type": "Class"
      },
      "location-after-char-start": 3927,
      "location-after-char-end": 12965,
      "node-str": "Approval"
    },
    {
      "type": "insert-node",
      "node": {
        "label": "public",
        "type": "Modifier"
      },
      "location-after-char-start": 0,
      "location-after-char-end": 0,
      "node-str": "public"
    },
    {
      "type": "insert-node",
      "node": {
        "label": "",
        "type": "TypeReference"
      },
      "location-after-char-start": 4112,
      "location-after-char-end": 4134,
      "node-str": ""
    },
    {
      "type": "insert-node",
      "node": {
        "label": "EMAIL_ERROR",
        "type": "Field"
      },
      "location-after-char-start": 4143,
      "location-after-char-end": 4349,
      "node-str": "EMAIL_ERROR"
    },
    {
      "type": "insert-node",
      "node": {
        "label": "REJECT",
        "type": "Field"
      },
      "location-after-char-start": 4356,
      "location-after-char-end": 4401,
      "node-str": "REJECT"
    },
    {
      "type": "insert-node",
      "node": {
        "label": "APPROVE",
        "type": "Field"
      },
      "location-after-char-start": 4407,
      "location-after-char-end": 4454,
      "node-str": "APPROVE"
    },
    {
      "type": "move-subtree",
      "node": {
        "label": "doSubmit",
        "type": "Method"
      },
      "location-before-char-start": 4314,
      "location-before-char-end": 9181,
      "location-after-char-start": 4465,
      "location-after-char-end": 9332,
      "node-str": "doSubmit"
    },
    {
      "type": "insert-node",
      "node": {
        "label": "doApproveroles",
        "type": "Method"
      },
      "location-after-char-start": 9339,
      "location-after-char-end": 12689,
      "node-str": "doApproveroles"
    },
    {
      "type": "insert-node",
      "node": {
        "label": "getSecurityAdminTool",
        "type": "Method"
      },
      "location-after-char-start": 12696,
      "location-after-char-end": 12963,
      "node-str": "getSecurityAdminTool"
    },
    {
      "type": "insert-node",
      "node": {
        "label": "org.tigris.scarab.actions.base.RequireLoginFirstAction",
        "type": "SUPER_TYPE"
      },
      "location-after-char-start": 0,
      "location-after-char-end": 0,
      "node-str": "org.tigris.scarab.actions.base.RequireLoginFirstAction"
    },
    {
      "type": "insert-node",
      "node": {
        "label": "java.lang.String",
        "type": "VARIABLE_TYPE"
      },
      "location-after-char-start": 0,
      "location-after-char-end": 0,
      "node-str": "java.lang.String"
    },
    {
      "type": "insert-node",
      "node": {
        "label": "final",
        "type": "Modifier"
      },
      "location-after-char-start": 0,
      "location-after-char-end": 0,
      "node-str": "final"
    },
    {
      "type": "insert-node",
      "node": {
        "label": "static",
        "type": "Modifier"
      },
      "location-after-char-start": 0,
      "location-after-char-end": 0,
      "node-str": "static"
    },
    {
      "type": "insert-node",
      "node": {
        "label": "PLUS",
        "type": "BinaryOperator"
      },
      "location-after-char-start": 4185,
      "location-after-char-end": 4348,
      "node-str": "PLUS"
    },
    {
      "type": "insert-node",
      "node": {
        "label": "java.lang.String",
        "type": "VARIABLE_TYPE"
      },
      "location-after-char-start": 0,
      "location-after-char-end": 0,
      "node-str": "java.lang.String"
    },
    {
      "type": "insert-node",
      "node": {
        "label": "final",
        "type": "Modifier"
      },
      "location-after-char-start": 0,
      "location-after-char-end": 0,
      "node-str": "final"
    },
    {
      "type": "insert-node",
      "node": {
        "label": "static",
        "type": "Modifier"
      },
      "location-after-char-start": 0,
      "location-after-char-end": 0,
      "node-str": "static"
    },
    {
      "type": "insert-node",
      "node": {
        "label": "\"reject\"",
        "type": "Literal"
      },
      "location-after-char-start": 4393,
      "location-after-char-end": 4400,
      "node-str": "\"reject\""
    },
    {
      "type": "insert-node",
      "node": {
        "label": "java.lang.String",
        "type": "VARIABLE_TYPE"
      },
      "location-after-char-start": 0,
      "location-after-char-end": 0,
      "node-str": "java.lang.String"
    },
    {
      "type": "insert-node",
      "node": {
        "label": "final",
        "type": "Modifier"
      },
      "location-after-char-start": 0,
      "location-after-char-end": 0,
      "node-str": "final"
    },
    {
      "type": "insert-node",
      "node": {
        "label": "static",
        "type": "Modifier"
      },
      "location-after-char-start": 0,
      "location-after-char-end": 0,
      "node-str": "static"
    },
    {
      "type": "insert-node",
      "node": {
        "label": "\"approve\"",
        "type": "Literal"
      },
      "location-after-char-start": 4445,
      "location-after-char-end": 4453,
      "node-str": "\"approve\""
    },
    {
      "type": "insert-node",
      "node": {
        "label": "void",
        "type": "RETURN_TYPE"
      },
      "location-after-char-start": 0,
      "location-after-char-end": 0,
      "node-str": "void"
    },
    {
      "type": "insert-node",
      "node": {
        "label": "java.lang.Exception",
        "type": "THROWS"
      },
      "location-after-char-start": 0,
      "location-after-char-end": 0,
      "node-str": "java.lang.Exception"
    },
    {
      "type": "insert-node",
      "node": {
        "label": "public",
        "type": "Modifier"
      },
      "location-after-char-start": 0,
      "location-after-char-end": 0,
      "node-str": "public"
    },
    {
      "type": "insert-node",
      "node": {
        "label": "data",
        "type": "Parameter"
      },
      "location-after-char-start": 9366,
      "location-after-char-end": 9377,
      "node-str": "data"
    },
    {
      "type": "insert-node",
      "node": {
        "label": "context",
        "type": "Parameter"
      },
      "location-after-char-start": 9380,
      "location-after-char-end": 9402,
      "node-str": "context"
    },
    {
      "type": "insert-node",
      "node": {
        "label": "template",
        "type": "LocalVariable"
      },
      "location-after-char-start": 9444,
      "location-after-char-end": 9492,
      "node-str": "template"
    },
    {
      "type": "insert-node",
      "node": {
        "label": "nextTemplate",
        "type": "LocalVariable"
      },
      "location-after-char-start": 9502,
      "location-after-char-end": 9555,
      "node-str": "nextTemplate"
    },
    {
      "type": "insert-node",
      "node": {
        "label": "scarabR",
        "type": "LocalVariable"
      },
      "location-after-char-start": 9565,
      "location-after-char-end": 9622,
      "node-str": "scarabR"
    },
    {
      "type": "insert-node",
      "node": {
        "label": "module",
        "type": "LocalVariable"
      },
      "location-after-char-start": 9632,
      "location-after-char-end": 9674,
      "node-str": "module"
    },
    {
      "type": "insert-node",
      "node": {
        "label": "if",
        "type": "If"
      },
      "location-after-char-start": 9684,
      "location-after-char-end": 12636,
      "node-str": "if"
    },
    {
      "type": "insert-node",
      "node": {
        "label": "setTarget",
        "type": "Invocation"
      },
      "location-after-char-start": 12654,
      "location-after-char-end": 12683,
      "node-str": "setTarget"
    },
    {
      "type": "insert-node",
      "node": {
        "label": "org.tigris.scarab.tools.SecurityAdminTool",
        "type": "RETURN_TYPE"
      },
      "location-after-char-start": 0,
      "location-after-char-end": 0,
      "node-str": "org.tigris.scarab.tools.SecurityAdminTool"
    },
    {
      "type": "insert-node",
      "node": {
        "label": "context",
        "type": "Parameter"
      },
      "location-after-char-start": 12831,
      "location-after-char-end": 12853,
      "node-str": "context"
    },
    {
      "type": "insert-node",
      "node": {
        "label": "return",
        "type": "Return"
      },
      "location-after-char-start": 12870,
      "location-after-char-end": 12957,
      "node-str": "return"
    },
    {
      "type": "insert-node",
      "node": {
        "label": "\"Your changes were saved, \"",
        "type": "Literal"
      },
      "location-after-char-start": 4185,
      "location-after-char-end": 4211,
      "node-str": "\"Your changes were saved, \""
    },
    {
      "type": "insert-node",
      "node": {
        "label": "PLUS",
        "type": "BinaryOperator"
      },
      "location-after-char-start": 4247,
      "location-after-char-end": 4348,
      "node-str": "PLUS"
    },
    {
      "type": "insert-node",
      "node": {
        "label": "org.apache.turbine.RunData",
        "type": "VARIABLE_TYPE"
      },
      "location-after-char-start": 0,
      "location-after-char-end": 0,
      "node-str": "org.apache.turbine.RunData"
    },
    {
      "type": "insert-node",
      "node": {
        "label": "org.apache.turbine.TemplateContext",
        "type": "VARIABLE_TYPE"
      },
      "location-after-char-start": 0,
      "location-after-char-end": 0,
      "node-str": "org.apache.turbine.TemplateContext"
    },
    {
      "type": "insert-node",
      "node": {
        "label": "java.lang.String",
        "type": "VARIABLE_TYPE"
      },
      "location-after-char-start": 0,
      "location-after-char-end": 0,
      "node-str": "java.lang.String"
    },
    {
      "type": "insert-node",
      "node": {
        "label": "getCurrentTemplate",
        "type": "Invocation"
      },
      "location-after-char-start": 9462,
      "location-after-char-end": 9491,
      "node-str": "getCurrentTemplate"
    },
    {
      "type": "insert-node",
      "node": {
        "label": "java.lang.String",
        "type": "VARIABLE_TYPE"
      },
      "location-after-char-start": 0,
      "location-after-char-end": 0,
      "node-str": "java.lang.String"
    },
    {
      "type": "insert-node",
      "node": {
        "label": "getNextTemplate",
        "type": "Invocation"
      },
      "location-after-char-start": 9524,
      "location-after-char-end": 9554,
      "node-str": "getNextTemplate"
    },
    {
      "type": "insert-node",
      "node": {
        "label": "org.tigris.scarab.tools.ScarabRequestTool",
        "type": "VARIABLE_TYPE"
      },
      "location-after-char-start": 0,
      "location-after-char-end": 0,
      "node-str": "org.tigris.scarab.tools.ScarabRequestTool"
    },
    {
      "type": "insert-node",
      "node": {
        "label": "getScarabRequestTool",
        "type": "Invocation"
      },
      "location-after-char-start": 9593,
      "location-after-char-end": 9621,
      "node-str": "getScarabRequestTool"
    },
    {
      "type": "insert-node",
      "node": {
        "label": "java.lang.Module",
        "type": "VARIABLE_TYPE"
      },
      "location-after-char-start": 0,
      "location-after-char-end": 0,
      "node-str": "java.lang.Module"
    },
    {
      "type": "insert-node",
      "node": {
        "label": "getCurrentModule",
        "type": "Invocation"
      },
      "location-after-char-start": 9648,
      "location-after-char-end": 9673,
      "node-str": "getCurrentModule"
    },
    {
      "type": "insert-node",
      "node": {
        "label": "hasPermission",
        "type": "Invocation"
      },
      "location-after-char-start": 9688,
      "location-after-char-end": 9786,
      "node-str": "hasPermission"
    },
    {
      "type": "insert-node",
      "node": {
        "label": "THEN",
        "type": "then"
      },
      "location-after-char-start": 9798,
      "location-after-char-end": 12636,
      "node-str": "THEN"
    },
    {
      "type": "insert-node",
      "node": {
        "label": "org.tigris.scarab.actions.admin.Approval",
        "type": "TypeAccess"
      },
      "location-after-char-start": 0,
      "location-after-char-end": 0,
      "node-str": "org.tigris.scarab.actions.admin.Approval"
    },
    {
      "type": "insert-node",
      "node": {
        "label": "data",
        "type": "VariableRead"
      },
      "location-after-char-start": 12664,
      "location-after-char-end": 12667,
      "node-str": "data"
    },
    {
      "type": "insert-node",
      "node": {
        "label": "nextTemplate",
        "type": "VariableRead"
      },
      "location-after-char-start": 12670,
      "location-after-char-end": 12681,
      "node-str": "nextTemplate"
    },
    {
      "type": "insert-node",
      "node": {
        "label": "org.apache.turbine.TemplateContext",
        "type": "VARIABLE_TYPE"
      },
      "location-after-char-start": 0,
      "location-after-char-end": 0,
      "node-str": "org.apache.turbine.TemplateContext"
    },
    {
      "type": "insert-node",
      "node": {
        "label": "get",
        "type": "Invocation"
      },
      "location-after-char-start": 12877,
      "location-after-char-end": 12956,
      "node-str": "get"
    },
    {
      "type": "insert-node",
      "node": {
        "label": "\"but could not send notification email due \"",
        "type": "Literal"
      },
      "location-after-char-start": 4247,
      "location-after-char-end": 4290,
      "node-str": "\"but could not send notification email due \""
    },
    {
      "type": "insert-node",
      "node": {
        "label": "\"to a sendmail error.\"",
        "type": "Literal"
      },
      "location-after-char-start": 4327,
      "location-after-char-end": 4348,
      "node-str": "\"to a sendmail error.\""
    },
    {
      "type": "insert-node",
      "node": {
        "label": "org.tigris.scarab.actions.admin.Approval",
        "type": "TypeAccess"
      },
      "location-after-char-start": 0,
      "location-after-char-end": 0,
      "node-str": "org.tigris.scarab.actions.admin.Approval"
    },
    {
      "type": "insert-node",
      "node": {
        "label": "data",
        "type": "VariableRead"
      },
      "location-after-char-start": 9481,
      "location-after-char-end": 9484,
      "node-str": "data"
    },
    {
      "type": "insert-node",
      "node": {
        "label": "null",
        "type": "Literal"
      },
      "location-after-char-start": 9487,
      "location-after-char-end": 9490,
      "node-str": "null"
    },
    {
      "type": "insert-node",
      "node": {
        "label": "org.tigris.scarab.actions.admin.Approval",
        "type": "TypeAccess"
      },
      "location-after-char-start": 0,
      "location-after-char-end": 0,
      "node-str": "org.tigris.scarab.actions.admin.Approval"
    },
    {
      "type": "insert-node",
      "node": {
        "label": "data",
        "type": "VariableRead"
      },
      "location-after-char-start": 9540,
      "location-after-char-end": 9543,
      "node-str": "data"
    },
    {
      "type": "insert-node",
      "node": {
        "label": "template",
        "type": "VariableRead"
      },
      "location-after-char-start": 9546,
      "location-after-char-end": 9553,
      "node-str": "template"
    },
    {
      "type": "insert-node",
      "node": {
        "label": "org.tigris.scarab.actions.admin.Approval",
        "type": "TypeAccess"
      },
      "location-after-char-start": 0,
      "location-after-char-end": 0,
      "node-str": "org.tigris.scarab.actions.admin.Approval"
    },
    {
      "type": "insert-node",
      "node": {
        "label": "context",
        "type": "VariableRead"
      },
      "location-after-char-start": 9614,
      "location-after-char-end": 9620,
      "node-str": "context"
    },
    {
      "type": "insert-node",
      "node": {
        "label": "scarabR",
        "type": "VariableRead"
      },
      "location-after-char-start": 9648,
      "location-after-char-end": 9654,
      "node-str": "scarabR"
    },
    {
      "type": "insert-node",
      "node": {
        "label": "getUser",
        "type": "Invocation"
      },
      "location-after-char-start": 9688,
      "location-after-char-end": 9715,
      "node-str": "getUser"
    },
    {
      "type": "insert-node",
      "node": {
        "label": "ScarabSecurity.USER__APPROVE_ROLES",
        "type": "TypeAccess"
      },
      "location-after-char-start": 9744,
      "location-after-char-end": 9777,
      "node-str": "ScarabSecurity.USER__APPROVE_ROLES"
    },
    {
      "type": "insert-node",
      "node": {
        "label": "module",
        "type": "VariableRead"
      },
      "location-after-char-start": 9780,
      "location-after-char-end": 9785,
      "node-str": "module"
    },
    {
      "type": "insert-node",
      "node": {
        "label": "scarabA",
        "type": "LocalVariable"
      },
      "location-after-char-start": 9812,
      "location-after-char-end": 9869,
      "node-str": "scarabA"
    },
    {
      "type": "insert-node",
      "node": {
        "label": "pendings",
        "type": "LocalVariable"
      },
      "location-after-char-start": 9883,
      "location-after-char-end": 9939,
      "node-str": "pendings"
    },
    {
      "type": "insert-node",
      "node": {
        "label": "i",
        "type": "LocalVariable"
      },
      "location-after-char-start": 9953,
      "location-after-char-end": 9985,
      "node-str": "i"
    },
    {
      "type": "insert-node",
      "node": {
        "label": "while",
        "type": "While"
      },
      "location-after-char-start": 9999,
      "location-after-char-end": 12553,
      "node-str": "while"
    },
    {
      "type": "insert-node",
      "node": {
        "label": "setConfirmMessage",
        "type": "Invocation"
      },
      "location-after-char-start": 12567,
      "location-after-char-end": 12626,
      "node-str": "setConfirmMessage"
    },
    {
      "type": "insert-node",
      "node": {
        "label": "context",
        "type": "VariableRead"
      },
      "location-after-char-start": 12896,
      "location-after-char-end": 12902,
      "node-str": "context"
    },
    {
      "type": "insert-node",
      "node": {
        "label": "ScarabConstants.SECURITY_ADMIN_TOOL",
        "type": "TypeAccess"
      },
      "location-after-char-start": 12921,
      "location-after-char-end": 12955,
      "node-str": "ScarabConstants.SECURITY_ADMIN_TOOL"
    },
    {
      "type": "insert-node",
      "node": {
        "label": "data",
        "type": "VariableRead"
      },
      "location-after-char-start": 9701,
      "location-after-char-end": 9704,
      "node-str": "data"
    },
    {
      "type": "insert-node",
      "node": {
        "label": "org.tigris.scarab.tools.SecurityAdminTool",
        "type": "VARIABLE_TYPE"
      },
      "location-after-char-start": 0,
      "location-after-char-end": 0,
      "node-str": "org.tigris.scarab.tools.SecurityAdminTool"
    },
    {
      "type": "insert-node",
      "node": {
        "label": "getSecurityAdminTool",
        "type": "Invocation"
      },
      "location-after-char-start": 9840,
      "location-after-char-end": 9868,
      "node-str": "getSecurityAdminTool"
    },
    {
      "type": "insert-node",
      "node": {
        "label": "java.util.List",
        "type": "VARIABLE_TYPE"
      },
      "location-after-char-start": 0,
      "location-after-char-end": 0,
      "node-str": "java.util.List"
    },
    {
      "type": "insert-node",
      "node": {
        "label": "getPendingGroupUserRoles",
        "type": "Invocation"
      },
      "location-after-char-start": 9899,
      "location-after-char-end": 9938,
      "node-str": "getPendingGroupUserRoles"
    },
    {
      "type": "insert-node",
      "node": {
        "label": "java.util.Iterator",
        "type": "VARIABLE_TYPE"
      },
      "location-after-char-start": 0,
      "location-after-char-end": 0,
      "node-str": "java.util.Iterator"
    },
    {
      "type": "insert-node",
      "node": {
        "label": "iterator",
        "type": "Invocation"
      },
      "location-after-char-start": 9966,
      "location-after-char-end": 9984,
      "node-str": "iterator"
    },
    {
      "type": "insert-node",
      "node": {
        "label": "hasNext",
        "type": "Invocation"
      },
      "location-after-char-start": 10006,
      "location-after-char-end": 10016,
      "node-str": "hasNext"
    },
    {
      "type": "insert-node",
      "node": {
        "label": "pending",
        "type": "LocalVariable"
      },
      "location-after-char-start": 10050,
      "location-after-char-end": 10111,
      "node-str": "pending"
    },
    {
      "type": "insert-node",
      "node": {
        "label": "user",
        "type": "LocalVariable"
      },
      "location-after-char-start": 10129,
      "location-after-char-end": 10218,
      "node-str": "user"
    },
    {
      "type": "insert-node",
      "node": {
        "label": "role",
        "type": "LocalVariable"
      },
      "location-after-char-start": 10236,
      "location-after-char-end": 10321,
      "node-str": "role"
    },
    {
      "type": "insert-node",
      "node": {
        "label": "if",
        "type": "If"
      },
      "location-after-char-start": 10339,
      "location-after-char-end": 12539,
      "node-str": "if"
    },
    {
      "type": "insert-node",
      "node": {
        "label": "scarabR",
        "type": "VariableRead"
      },
      "location-after-char-start": 12567,
      "location-after-char-end": 12573,
      "node-str": "scarabR"
    },
    {
      "type": "insert-node",
      "node": {
        "label": "\"All roles have been processed.\"",
        "type": "Literal"
      },
      "location-after-char-start": 12593,
      "location-after-char-end": 12624,
      "node-str": "\"All roles have been processed.\""
    },
    {
      "type": "insert-node",
      "node": {
        "label": "org.tigris.scarab.actions.admin.Approval",
        "type": "TypeAccess"
      },
      "location-after-char-start": 0,
      "location-after-char-end": 0,
      "node-str": "org.tigris.scarab.actions.admin.Approval"
    },
    {
      "type": "insert-node",
      "node": {
        "label": "context",
        "type": "VariableRead"
      },
      "location-after-char-start": 9861,
      "location-after-char-end": 9867,
      "node-str": "context"
    },
    {
      "type": "insert-node",
      "node": {
        "label": "scarabA",
        "type": "VariableRead"
      },
      "location-after-char-start": 9899,
      "location-after-char-end": 9905,
      "node-str": "scarabA"
    },
    {
      "type": "insert-node",
      "node": {
        "label": "module",
        "type": "VariableRead"
      },
      "location-after-char-start": 9932,
      "location-after-char-end": 9937,
      "node-str": "module"
    },
    {
      "type": "insert-node",
      "node": {
        "label": "pendings",
        "type": "VariableRead"
      },
      "location-after-char-start": 9966,
      "location-after-char-end": 9973,
      "node-str": "pendings"
    },
    {
      "type": "insert-node",
      "node": {
        "label": "i",
        "type": "VariableRead"
      },
      "location-after-char-start": 10006,
      "location-after-char-end": 10006,
      "node-str": "i"
    },
    {
      "type": "insert-node",
      "node": {
        "label": "org.tigris.scarab.om.PendingGroupUserRole",
        "type": "VARIABLE_TYPE"
      },
      "location-after-char-start": 0,
      "location-after-char-end": 0,
      "node-str": "org.tigris.scarab.om.PendingGroupUserRole"
    },
    {
      "type": "insert-node",
      "node": {
        "label": "next",
        "type": "Invocation"
      },
      "location-after-char-start": 10081,
      "location-after-char-end": 10110,
      "node-str": "next"
    },
    {
      "type": "insert-node",
      "node": {
        "label": "org.tigris.scarab.om.ScarabUser",
        "type": "VARIABLE_TYPE"
      },
      "location-after-char-start": 0,
      "location-after-char-end": 0,
      "node-str": "org.tigris.scarab.om.ScarabUser"
    },
    {
      "type": "insert-node",
      "node": {
        "label": "getInstance",
        "type": "Invocation"
      },
      "location-after-char-start": 10168,
      "location-after-char-end": 10217,
      "node-str": "getInstance"
    },
    {
      "type": "insert-node",
      "node": {
        "label": "java.lang.String",
        "type": "VARIABLE_TYPE"
      },
      "location-after-char-start": 0,
      "location-after-char-end": 0,
      "node-str": "java.lang.String"
    },
    {
      "type": "insert-node",
      "node": {
        "label": "getString",
        "type": "Invocation"
      },
      "location-after-char-start": 10250,
      "location-after-char-end": 10320,
      "node-str": "getString"
    },
    {
      "type": "insert-node",
      "node": {
        "label": "AND",
        "type": "BinaryOperator"
      },
      "location-after-char-start": 10343,
      "location-after-char-end": 10375,
      "node-str": "AND"
    },
    {
      "type": "insert-node",
      "node": {
        "label": "THEN",
        "type": "then"
      },
      "location-after-char-start": 10395,
      "location-after-char-end": 12539,
      "node-str": "THEN"
    },
    {
      "type": "insert-node",
      "node": {
        "label": "i",
        "type": "VariableRead"
      },
      "location-after-char-start": 10103,
      "location-after-char-end": 10103,
      "node-str": "i"
    },
    {
      "type": "insert-node",
      "node": {
        "label": "org.tigris.scarab.om.ScarabUserManager",
        "type": "TypeAccess"
      },
      "location-after-char-start": 10168,
      "location-after-char-end": 10184,
      "node-str": "org.tigris.scarab.om.ScarabUserManager"
    },
    {
      "type": "insert-node",
      "node": {
        "label": "getUserId",
        "type": "Invocation"
      },
      "location-after-char-start": 10198,
      "location-after-char-end": 10216,
      "node-str": "getUserId"
    },
    {
      "type": "insert-node",
      "node": {
        "label": "getParameters",
        "type": "Invocation"
      },
      "location-after-char-start": 10250,
      "location-after-char-end": 10269,
      "node-str": "getParameters"
    },
    {
      "type": "insert-node",
      "node": {
        "label": "getUserName",
        "type": "Invocation"
      },
      "location-after-char-start": 10302,
      "location-after-char-end": 10319,
      "node-str": "getUserName"
    },
    {
      "type": "insert-node",
      "node": {
        "label": "NE",
        "type": "BinaryOperator"
      },
      "location-after-char-start": 10343,
      "location-after-char-end": 10354,
      "node-str": "NE"
    },
    {
      "type": "insert-node",
      "node": {
        "label": "GT",
        "type": "BinaryOperator"
      },
      "location-after-char-start": 10359,
      "location-after-char-end": 10375,
      "node-str": "GT"
    },
    {
      "type": "insert-node",
      "node": {
        "label": "if",
        "type": "If"
      },
      "location-after-char-start": 10417,
      "location-after-char-end": 12521,
      "node-str": "if"
    },
    {
      "type": "insert-node",
      "node": {
        "label": "pending",
        "type": "VariableRead"
      },
      "location-after-char-start": 10198,
      "location-after-char-end": 10204,
      "node-str": "pending"
    },
    {
      "type": "insert-node",
      "node": {
        "label": "data",
        "type": "VariableRead"
      },
      "location-after-char-start": 10250,
      "location-after-char-end": 10253,
      "node-str": "data"
    },
    {
      "type": "insert-node",
      "node": {
        "label": "user",
        "type": "VariableRead"
      },
      "location-after-char-start": 10302,
      "location-after-char-end": 10305,
      "node-str": "user"
    },
    {
      "type": "insert-node",
      "node": {
        "label": "role",
        "type": "VariableRead"
      },
      "location-after-char-start": 10343,
      "location-after-char-end": 10346,
      "node-str": "role"
    },
    {
      "type": "insert-node",
      "node": {
        "label": "null",
        "type": "Literal"
      },
      "location-after-char-start": 10351,
      "location-after-char-end": 10354,
      "node-str": "null"
    },
    {
      "type": "insert-node",
      "node": {
        "label": "length",
        "type": "Invocation"
      },
      "location-after-char-start": 10359,
      "location-after-char-end": 10371,
      "node-str": "length"
    },
    {
      "type": "insert-node",
      "node": {
        "label": "0",
        "type": "Literal"
      },
      "location-after-char-start": 10375,
      "location-after-char-end": 10375,
      "node-str": "0"
    },
    {
      "type": "insert-node",
      "node": {
        "label": "AND",
        "type": "BinaryOperator"
      },
      "location-after-char-start": 10421,
      "location-after-char-end": 10510,
      "node-str": "AND"
    },
    {
      "type": "insert-node",
      "node": {
        "label": "THEN",
        "type": "then"
      },
      "location-after-char-start": 10534,
      "location-after-char-end": 12375,
      "node-str": "THEN"
    },
    {
      "type": "insert-node",
      "node": {
        "label": "ELSE",
        "type": "else"
      },
      "location-after-char-start": 12402,
      "location-after-char-end": 12521,
      "node-str": "ELSE"
    },
    {
      "type": "insert-node",
      "node": {
        "label": "role",
        "type": "VariableRead"
      },
      "location-after-char-start": 10359,
      "location-after-char-end": 10362,
      "node-str": "role"
    },
    {
      "type": "insert-node",
      "node": {
        "label": "NOT",
        "type": "UnaryOperator"
      },
      "location-after-char-start": 10421,
      "location-after-char-end": 10451,
      "node-str": "NOT"
    },
    {
      "type": "insert-node",
      "node": {
        "label": "NOT",
        "type": "UnaryOperator"
      },
      "location-after-char-start": 10481,
      "location-after-char-end": 10510,
      "node-str": "NOT"
    },
    {
      "type": "insert-node",
      "node": {
        "label": "",
        "type": "Try"
      },
      "location-after-char-start": 10560,
      "location-after-char-end": 12311,
      "node-str": ""
    },
    {
      "type": "insert-node",
      "node": {
        "label": "delete",
        "type": "Invocation"
      },
      "location-after-char-start": 12337,
      "location-after-char-end": 12353,
      "node-str": "delete"
    },
    {
      "type": "insert-node",
      "node": {
        "label": "if",
        "type": "If"
      },
      "location-after-char-start": 12402,
      "location-after-char-end": 12521,
      "node-str": "if"
    },
    {
      "type": "insert-node",
      "node": {
        "label": "equalsIgnoreCase",
        "type": "Invocation"
      },
      "location-after-char-start": 10422,
      "location-after-char-end": 10451,
      "node-str": "equalsIgnoreCase"
    },
    {
      "type": "insert-node",
      "node": {
        "label": "equalsIgnoreCase",
        "type": "Invocation"
      },
      "location-after-char-start": 10482,
      "location-after-char-end": 10510,
      "node-str": "equalsIgnoreCase"
    },
    {
      "type": "insert-node",
      "node": {
        "label": "grant",
        "type": "Invocation"
      },
      "location-after-char-start": 10618,
      "location-after-char-end": 10789,
      "node-str": "grant"
    },
    {
      "type": "insert-node",
      "node": {
        "label": "",
        "type": "Catch"
      },
      "location-after-char-start": 10816,
      "location-after-char-end": 12311,
      "node-str": ""
    },
    {
      "type": "insert-node",
      "node": {
        "label": "pending",
        "type": "VariableRead"
      },
      "location-after-char-start": 12337,
      "location-after-char-end": 12343,
      "node-str": "pending"
    },
    {
      "type": "insert-node",
      "node": {
        "label": "equalsIgnoreCase",
        "type": "Invocation"
      },
      "location-after-char-start": 12406,
      "location-after-char-end": 12434,
      "node-str": "equalsIgnoreCase"
    },
    {
      "type": "insert-node",
      "node": {
        "label": "THEN",
        "type": "then"
      },
      "location-after-char-start": 12457,
      "location-after-char-end": 12521,
      "node-str": "THEN"
    },
    {
      "type": "insert-node",
      "node": {
        "label": "role",
        "type": "VariableRead"
      },
      "location-after-char-start": 10422,
      "location-after-char-end": 10425,
      "node-str": "role"
    },
    {
      "type": "insert-node",
      "node": {
        "label": "\"defer\"",
        "type": "Literal"
      },
      "location-after-char-start": 10444,
      "location-after-char-end": 10450,
      "node-str": "\"defer\""
    },
    {
      "type": "insert-node",
      "node": {
        "label": "role",
        "type": "VariableRead"
      },
      "location-after-char-start": 10482,
      "location-after-char-end": 10485,
      "node-str": "role"
    },
    {
      "type": "insert-node",
      "node": {
        "label": "\"deny\"",
        "type": "Literal"
      },
      "location-after-char-start": 10504,
      "location-after-char-end": 10509,
      "node-str": "\"deny\""
    },
    {
      "type": "insert-node",
      "node": {
        "label": "org.apache.fulcrum.security.TurbineSecurity",
        "type": "TypeAccess"
      },
      "location-after-char-start": 10618,
      "location-after-char-end": 10632,
      "node-str": "org.apache.fulcrum.security.TurbineSecurity"
    },
    {
      "type": "insert-node",
      "node": {
        "label": "user",
        "type": "VariableRead"
      },
      "location-after-char-start": 10641,
      "location-after-char-end": 10644,
      "node-str": "user"
    },
    {
      "type": "insert-node",
      "node": {
        "label": "module",
        "type": "VariableRead"
      },
      "location-after-char-start": 10678,
      "location-after-char-end": 10725,
      "node-str": "module"
    },
    {
      "type": "insert-node",
      "node": {
        "label": "getRole",
        "type": "Invocation"
      },
      "location-after-char-start": 10758,
      "location-after-char-end": 10786,
      "node-str": "getRole"
    },
    {
      "type": "insert-node",
      "node": {
        "label": "e",
        "type": "CatchVariable"
      },
      "location-after-char-start": 10848,
      "location-after-char-end": 10869,
      "node-str": "e"
    },
    {
      "type": "insert-node",
      "node": {
        "label": "acl",
        "type": "LocalVariable"
      },
      "location-after-char-start": 11043,
      "location-after-char-end": 11128,
      "node-str": "acl"
    },
    {
      "type": "insert-node",
      "node": {
        "label": "if",
        "type": "If"
      },
      "location-after-char-start": 11158,
      "location-after-char-end": 12262,
      "node-str": "if"
    },
    {
      "type": "insert-node",
      "node": {
        "label": "role",
        "type": "VariableRead"
      },
      "location-after-char-start": 12406,
      "location-after-char-end": 12409,
      "node-str": "role"
    },
    {
      "type": "insert-node",
      "node": {
        "label": "\"deny\"",
        "type": "Literal"
      },
      "location-after-char-start": 12428,
      "location-after-char-end": 12433,
      "node-str": "\"deny\""
    },
    {
      "type": "insert-node",
      "node": {
        "label": "delete",
        "type": "Invocation"
      },
      "location-after-char-start": 12483,
      "location-after-char-end": 12499,
      "node-str": "delete"
    },
    {
      "type": "insert-node",
      "node": {
        "label": "org.apache.fulcrum.security.TurbineSecurity",
        "type": "TypeAccess"
      },
      "location-after-char-start": 10758,
      "location-after-char-end": 10772,
      "node-str": "org.apache.fulcrum.security.TurbineSecurity"
    },
    {
      "type": "insert-node",
      "node": {
        "label": "role",
        "type": "VariableRead"
      },
      "location-after-char-start": 10782,
      "location-after-char-end": 10785,
      "node-str": "role"
    },
    {
      "type": "insert-node",
      "node": {
        "label": "org.apache.fulcrum.security.util.DataBackendException",
        "type": "VARIABLE_TYPE"
      },
      "location-after-char-start": 0,
      "location-after-char-end": 0,
      "node-str": "org.apache.fulcrum.security.util.DataBackendException"
    },
    {
      "type": "insert-node",
      "node": {
        "label": "org.apache.fulcrum.security.util.AccessControlList",
        "type": "VARIABLE_TYPE"
      },
      "location-after-char-start": 0,
      "location-after-char-end": 0,
      "node-str": "org.apache.fulcrum.security.util.AccessControlList"
    },
    {
      "type": "insert-node",
      "node": {
        "label": "getACL",
        "type": "Invocation"
      },
      "location-after-char-start": 11100,
      "location-after-char-end": 11127,
      "node-str": "getACL"
    },
    {
      "type": "insert-node",
      "node": {
        "label": "hasRole",
        "type": "Invocation"
      },
      "location-after-char-start": 11162,
      "location-after-char-end": 11317,
      "node-str": "hasRole"
    },
    {
      "type": "insert-node",
      "node": {
        "label": "THEN",
        "type": "then"
      },
      "location-after-char-start": 11349,
      "location-after-char-end": 12127,
      "node-str": "THEN"
    },
    {
      "type": "insert-node",
      "node": {
        "label": "ELSE",
        "type": "else"
      },
      "location-after-char-start": 12191,
      "location-after-char-end": 12262,
      "node-str": "ELSE"
    },
    {
      "type": "insert-node",
      "node": {
        "label": "pending",
        "type": "VariableRead"
      },
      "location-after-char-start": 12483,
      "location-after-char-end": 12489,
      "node-str": "pending"
    },
    {
      "type": "insert-node",
      "node": {
        "label": "org.apache.fulcrum.security.TurbineSecurity",
        "type": "TypeAccess"
      },
      "location-after-char-start": 11100,
      "location-after-char-end": 11114,
      "node-str": "org.apache.fulcrum.security.TurbineSecurity"
    },
    {
      "type": "insert-node",
      "node": {
        "label": "user",
        "type": "VariableRead"
      },
      "location-after-char-start": 11123,
      "location-after-char-end": 11126,
      "node-str": "user"
    },
    {
      "type": "insert-node",
      "node": {
        "label": "acl",
        "type": "VariableRead"
      },
      "location-after-char-start": 11162,
      "location-after-char-end": 11164,
      "node-str": "acl"
    },
    {
      "type": "insert-node",
      "node": {
        "label": "getRole",
        "type": "Invocation"
      },
      "location-after-char-start": 11174,
      "location-after-char-end": 11202,
      "node-str": "getRole"
    },
    {
      "type": "insert-node",
      "node": {
        "label": "module",
        "type": "VariableRead"
      },
      "location-after-char-start": 11237,
      "location-after-char-end": 11284,
      "node-str": "module"
    },
    {
      "type": "insert-node",
      "node": {
        "label": "msg",
        "type": "LocalVariable"
      },
      "location-after-char-start": 11383,
      "location-after-char-end": 11601,
      "node-str": "msg"
    },
    {
      "type": "insert-node",
      "node": {
        "label": "info",
        "type": "LocalVariable"
      },
      "location-after-char-start": 11635,
      "location-after-char-end": 11673,
      "node-str": "info"
    },
    {
      "type": "insert-node",
      "node": {
        "label": "if",
        "type": "If"
      },
      "location-after-char-start": 11707,
      "location-after-char-end": 12002,
      "node-str": "if"
    },
    {
      "type": "insert-node",
      "node": {
        "label": "setInfoMessage",
        "type": "Invocation"
      },
      "location-after-char-start": 12069,
      "location-after-char-end": 12097,
      "node-str": "setInfoMessage"
    },
    {
      "type": "insert-node",
      "node": {
        "label": "",
        "type": "Throw"
      },
      "location-after-char-start": 12225,
      "location-after-char-end": 12232,
      "node-str": ""
    },
    {
      "type": "insert-node",
      "node": {
        "label": "org.apache.fulcrum.security.TurbineSecurity",
        "type": "TypeAccess"
      },
      "location-after-char-start": 11174,
      "location-after-char-end": 11188,
      "node-str": "org.apache.fulcrum.security.TurbineSecurity"
    },
    {
      "type": "insert-node",
      "node": {
        "label": "role",
        "type": "VariableRead"
      },
      "location-after-char-start": 11198,
      "location-after-char-end": 11201,
      "node-str": "role"
    },
    {
      "type": "insert-node",
      "node": {
        "label": "java.lang.String",
        "type": "VARIABLE_TYPE"
      },
      "location-after-char-start": 0,
      "location-after-char-end": 0,
      "node-str": "java.lang.String"
    },
    {
      "type": "insert-node",
      "node": {
        "label": "PLUS",
        "type": "BinaryOperator"
      },
      "location-after-char-start": 11396,
      "location-after-char-end": 11600,
      "node-str": "PLUS"
    },
    {
      "type": "insert-node",
      "node": {
        "label": "java.lang.String",
        "type": "VARIABLE_TYPE"
      },
      "location-after-char-start": 0,
      "location-after-char-end": 0,
      "node-str": "java.lang.String"
    },
    {
      "type": "insert-node",
      "node": {
        "label": "getInfoMessage",
        "type": "Invocation"
      },
      "location-after-char-start": 11649,
      "location-after-char-end": 11672,
      "node-str": "getInfoMessage"
    },
    {
      "type": "insert-node",
      "node": {
        "label": "EQ",
        "type": "BinaryOperator"
      },
      "location-after-char-start": 11711,
      "location-after-char-end": 11722,
      "node-str": "EQ"
    },
    {
      "type": "insert-node",
      "node": {
        "label": "THEN",
        "type": "then"
      },
      "location-after-char-start": 11758,
      "location-after-char-end": 11841,
      "node-str": "THEN"
    },
    {
      "type": "insert-node",
      "node": {
        "label": "ELSE",
        "type": "else"
      },
      "location-after-char-start": 11913,
      "location-after-char-end": 12002,
      "node-str": "ELSE"
    },
    {
      "type": "insert-node",
      "node": {
        "label": "scarabR",
        "type": "VariableRead"
      },
      "location-after-char-start": 12069,
      "location-after-char-end": 12075,
      "node-str": "scarabR"
    },
    {
      "type": "insert-node",
      "node": {
        "label": "info",
        "type": "VariableRead"
      },
      "location-after-char-start": 12092,
      "location-after-char-end": 12095,
      "node-str": "info"
    },
    {
      "type": "insert-node",
      "node": {
        "label": "e",
        "type": "VariableRead"
      },
      "location-after-char-start": 12231,
      "location-after-char-end": 12231,
      "node-str": "e"
    },
    {
      "type": "insert-node",
      "node": {
        "label": "PLUS",
        "type": "BinaryOperator"
      },
      "location-after-char-start": 11396,
      "location-after-char-end": 11558,
      "node-str": "PLUS"
    },
    {
      "type": "insert-node",
      "node": {
        "label": "\".\"",
        "type": "Literal"
      },
      "location-after-char-start": 11598,
      "location-after-char-end": 11600,
      "node-str": "\".\""
    },
    {
      "type": "insert-node",
      "node": {
        "label": "scarabR",
        "type": "VariableRead"
      },
      "location-after-char-start": 11649,
      "location-after-char-end": 11655,
      "node-str": "scarabR"
    },
    {
      "type": "insert-node",
      "node": {
        "label": "info",
        "type": "VariableRead"
      },
      "location-after-char-start": 11711,
      "location-after-char-end": 11714,
      "node-str": "info"
    },
    {
      "type": "insert-node",
      "node": {
        "label": "null",
        "type": "Literal"
      },
      "location-after-char-start": 11719,
      "location-after-char-end": 11722,
      "node-str": "null"
    },
    {
      "type": "insert-node",
      "node": {
        "label": "\u003d",
        "type": "Assignment"
      },
      "location-after-char-start": 11796,
      "location-after-char-end": 11806,
      "node-str": "\u003d"
    },
    {
      "type": "insert-node",
      "node": {
        "label": "",
        "type": "OperatorAssignment"
      },
      "location-after-char-start": 11951,
      "location-after-char-end": 11968,
      "node-str": ""
    },
    {
      "type": "insert-node",
      "node": {
        "label": "PLUS",
        "type": "BinaryOperator"
      },
      "location-after-char-start": 11396,
      "location-after-char-end": 11535,
      "node-str": "PLUS"
    },
    {
      "type": "insert-node",
      "node": {
        "label": "getRealName",
        "type": "Invocation"
      },
      "location-after-char-start": 11539,
      "location-after-char-end": 11558,
      "node-str": "getRealName"
    },
    {
      "type": "insert-node",
      "node": {
        "label": "info",
        "type": "VariableWrite"
      },
      "location-after-char-start": 11796,
      "location-after-char-end": 11799,
      "node-str": "info"
    },
    {
      "type": "insert-node",
      "node": {
        "label": "msg",
        "type": "VariableRead"
      },
      "location-after-char-start": 11803,
      "location-after-char-end": 11805,
      "node-str": "msg"
    },
    {
      "type": "insert-node",
      "node": {
        "label": "info",
        "type": "VariableWrite"
      },
      "location-after-char-start": 11951,
      "location-after-char-end": 11954,
      "node-str": "info"
    },
    {
      "type": "insert-node",
      "node": {
        "label": "PLUS",
        "type": "BinaryOperator"
      },
      "location-after-char-start": 11959,
      "location-after-char-end": 11967,
      "node-str": "PLUS"
    },
    {
      "type": "insert-node",
      "node": {
        "label": "PLUS",
        "type": "BinaryOperator"
      },
      "location-after-char-start": 11396,
      "location-after-char-end": 11519,
      "node-str": "PLUS"
    },
    {
      "type": "insert-node",
      "node": {
        "label": "\" in module \"",
        "type": "Literal"
      },
      "location-after-char-start": 11523,
      "location-after-char-end": 11535,
      "node-str": "\" in module \""
    },
    {
      "type": "insert-node",
      "node": {
        "label": "module",
        "type": "VariableRead"
      },
      "location-after-char-start": 11539,
      "location-after-char-end": 11544,
      "node-str": "module"
    },
    {
      "type": "insert-node",
      "node": {
        "label": "\" \"",
        "type": "Literal"
      },
      "location-after-char-start": 11959,
      "location-after-char-end": 11961,
      "node-str": "\" \""
    },
    {
      "type": "insert-node",
      "node": {
        "label": "msg",
        "type": "VariableRead"
      },
      "location-after-char-start": 11965,
      "location-after-char-end": 11967,
      "node-str": "msg"
    },
    {
      "type": "insert-node",
      "node": {
        "label": "PLUS",
        "type": "BinaryOperator"
      },
      "location-after-char-start": 11396,
      "location-after-char-end": 11475,
      "node-str": "PLUS"
    },
    {
      "type": "insert-node",
      "node": {
        "label": "user",
        "type": "VariableRead"
      },
      "location-after-char-start": 11516,
      "location-after-char-end": 11519,
      "node-str": "user"
    },
    {
      "type": "insert-node",
      "node": {
        "label": "role",
        "type": "VariableRead"
      },
      "location-after-char-start": 11396,
      "location-after-char-end": 11399,
      "node-str": "role"
    },
    {
      "type": "insert-node",
      "node": {
        "label": "\" was previously approved for user \"",
        "type": "Literal"
      },
      "location-after-char-start": 11440,
      "location-after-char-end": 11475,
      "node-str": "\" was previously approved for user \""
    },
    {
      "type": "delete-node",
      "node": {
        "label": "public",
        "type": "Modifier"
      },
      "location-before-char-start": 0,
      "location-before-char-end": 0,
      "node-str": "public"
    },
    {
      "type": "delete-node",
      "node": {
        "label": "org.tigris.scarab.actions.base.RequireLoginFirstAction",
        "type": "SUPER_TYPE"
      },
      "location-before-char-start": 0,
      "location-before-char-end": 0,
      "node-str": "org.tigris.scarab.actions.base.RequireLoginFirstAction"
    },
    {
      "type": "delete-node",
      "node": {
        "label": "",
        "type": "TypeReference"
      },
      "location-before-char-start": 3961,
      "location-before-char-end": 3983,
      "node-str": ""
    },
    {
      "type": "delete-node",
      "node": {
        "label": "java.lang.String",
        "type": "VARIABLE_TYPE"
      },
      "location-before-char-start": 0,
      "location-before-char-end": 0,
      "node-str": "java.lang.String"
    },
    {
      "type": "delete-node",
      "node": {
        "label": "final",
        "type": "Modifier"
      },
      "location-before-char-start": 0,
      "location-before-char-end": 0,
      "node-str": "final"
    },
    {
      "type": "delete-node",
      "node": {
        "label": "static",
        "type": "Modifier"
      },
      "location-before-char-start": 0,
      "location-before-char-end": 0,
      "node-str": "static"
    },
    {
      "type": "delete-node",
      "node": {
        "label": "\"Your changes were saved, \"",
        "type": "Literal"
      },
      "location-before-char-start": 4034,
      "location-before-char-end": 4060,
      "node-str": "\"Your changes were saved, \""
    },
    {
      "type": "delete-node",
      "node": {
        "label": "\"but could not send notification email due \"",
        "type": "Literal"
      },
      "location-before-char-start": 4096,
      "location-before-char-end": 4139,
      "node-str": "\"but could not send notification email due \""
    },
    {
      "type": "delete-node",
      "node": {
        "label": "\"to a sendmail error.\"",
        "type": "Literal"
      },
      "location-before-char-start": 4176,
      "location-before-char-end": 4197,
      "node-str": "\"to a sendmail error.\""
    },
    {
      "type": "delete-node",
      "node": {
        "label": "PLUS",
        "type": "BinaryOperator"
      },
      "location-before-char-start": 4096,
      "location-before-char-end": 4197,
      "node-str": "PLUS"
    },
    {
      "type": "delete-node",
      "node": {
        "label": "PLUS",
        "type": "BinaryOperator"
      },
      "location-before-char-start": 4034,
      "location-before-char-end": 4197,
      "node-str": "PLUS"
    },
    {
      "type": "delete-node",
      "node": {
        "label": "EMAIL_ERROR",
        "type": "Field"
      },
      "location-before-char-start": 3992,
      "location-before-char-end": 4198,
      "node-str": "EMAIL_ERROR"
    },
    {
      "type": "delete-node",
      "node": {
        "label": "java.lang.String",
        "type": "VARIABLE_TYPE"
      },
      "location-before-char-start": 0,
      "location-before-char-end": 0,
      "node-str": "java.lang.String"
    },
    {
      "type": "delete-node",
      "node": {
        "label": "final",
        "type": "Modifier"
      },
      "location-before-char-start": 0,
      "location-before-char-end": 0,
      "node-str": "final"
    },
    {
      "type": "delete-node",
      "node": {
        "label": "static",
        "type": "Modifier"
      },
      "location-before-char-start": 0,
      "location-before-char-end": 0,
      "node-str": "static"
    },
    {
      "type": "delete-node",
      "node": {
        "label": "\"reject\"",
        "type": "Literal"
      },
      "location-before-char-start": 4242,
      "location-before-char-end": 4249,
      "node-str": "\"reject\""
    },
    {
      "type": "delete-node",
      "node": {
        "label": "REJECT",
        "type": "Field"
      },
      "location-before-char-start": 4205,
      "location-before-char-end": 4250,
      "node-str": "REJECT"
    },
    {
      "type": "delete-node",
      "node": {
        "label": "java.lang.String",
        "type": "VARIABLE_TYPE"
      },
      "location-before-char-start": 0,
      "location-before-char-end": 0,
      "node-str": "java.lang.String"
    },
    {
      "type": "delete-node",
      "node": {
        "label": "final",
        "type": "Modifier"
      },
      "location-before-char-start": 0,
      "location-before-char-end": 0,
      "node-str": "final"
    },
    {
      "type": "delete-node",
      "node": {
        "label": "static",
        "type": "Modifier"
      },
      "location-before-char-start": 0,
      "location-before-char-end": 0,
      "node-str": "static"
    },
    {
      "type": "delete-node",
      "node": {
        "label": "\"approve\"",
        "type": "Literal"
      },
      "location-before-char-start": 4294,
      "location-before-char-end": 4302,
      "node-str": "\"approve\""
    },
    {
      "type": "delete-node",
      "node": {
        "label": "APPROVE",
        "type": "Field"
      },
      "location-before-char-start": 4256,
      "location-before-char-end": 4303,
      "node-str": "APPROVE"
    },
    {
      "type": "delete-node",
      "node": {
        "label": "void",
        "type": "RETURN_TYPE"
      },
      "location-before-char-start": 0,
      "location-before-char-end": 0,
      "node-str": "void"
    },
    {
      "type": "delete-node",
      "node": {
        "label": "java.lang.Exception",
        "type": "THROWS"
      },
      "location-before-char-start": 0,
      "location-before-char-end": 0,
      "node-str": "java.lang.Exception"
    },
    {
      "type": "delete-node",
      "node": {
        "label": "public",
        "type": "Modifier"
      },
      "location-before-char-start": 0,
      "location-before-char-end": 0,
      "node-str": "public"
    },
    {
      "type": "delete-node",
      "node": {
        "label": "org.apache.turbine.RunData",
        "type": "VARIABLE_TYPE"
      },
      "location-before-char-start": 0,
      "location-before-char-end": 0,
      "node-str": "org.apache.turbine.RunData"
    },
    {
      "type": "delete-node",
      "node": {
        "label": "data",
        "type": "Parameter"
      },
      "location-before-char-start": 9215,
      "location-before-char-end": 9226,
      "node-str": "data"
    },
    {
      "type": "delete-node",
      "node": {
        "label": "org.apache.turbine.TemplateContext",
        "type": "VARIABLE_TYPE"
      },
      "location-before-char-start": 0,
      "location-before-char-end": 0,
      "node-str": "org.apache.turbine.TemplateContext"
    },
    {
      "type": "delete-node",
      "node": {
        "label": "context",
        "type": "Parameter"
      },
      "location-before-char-start": 9229,
      "location-before-char-end": 9251,
      "node-str": "context"
    },
    {
      "type": "delete-node",
      "node": {
        "label": "java.lang.String",
        "type": "VARIABLE_TYPE"
      },
      "location-before-char-start": 0,
      "location-before-char-end": 0,
      "node-str": "java.lang.String"
    },
    {
      "type": "delete-node",
      "node": {
        "label": "org.tigris.scarab.actions.admin.Approval",
        "type": "TypeAccess"
      },
      "location-before-char-start": 0,
      "location-before-char-end": 0,
      "node-str": "org.tigris.scarab.actions.admin.Approval"
    },
    {
      "type": "delete-node",
      "node": {
        "label": "data",
        "type": "VariableRead"
      },
      "location-before-char-start": 9330,
      "location-before-char-end": 9333,
      "node-str": "data"
    },
    {
      "type": "delete-node",
      "node": {
        "label": "null",
        "type": "Literal"
      },
      "location-before-char-start": 9336,
      "location-before-char-end": 9339,
      "node-str": "null"
    },
    {
      "type": "delete-node",
      "node": {
        "label": "getCurrentTemplate",
        "type": "Invocation"
      },
      "location-before-char-start": 9311,
      "location-before-char-end": 9340,
      "node-str": "getCurrentTemplate"
    },
    {
      "type": "delete-node",
      "node": {
        "label": "template",
        "type": "LocalVariable"
      },
      "location-before-char-start": 9293,
      "location-before-char-end": 9341,
      "node-str": "template"
    },
    {
      "type": "delete-node",
      "node": {
        "label": "java.lang.String",
        "type": "VARIABLE_TYPE"
      },
      "location-before-char-start": 0,
      "location-before-char-end": 0,
      "node-str": "java.lang.String"
    },
    {
      "type": "delete-node",
      "node": {
        "label": "org.tigris.scarab.actions.admin.Approval",
        "type": "TypeAccess"
      },
      "location-before-char-start": 0,
      "location-before-char-end": 0,
      "node-str": "org.tigris.scarab.actions.admin.Approval"
    },
    {
      "type": "delete-node",
      "node": {
        "label": "data",
        "type": "VariableRead"
      },
      "location-before-char-start": 9389,
      "location-before-char-end": 9392,
      "node-str": "data"
    },
    {
      "type": "delete-node",
      "node": {
        "label": "template",
        "type": "VariableRead"
      },
      "location-before-char-start": 9395,
      "location-before-char-end": 9402,
      "node-str": "template"
    },
    {
      "type": "delete-node",
      "node": {
        "label": "getNextTemplate",
        "type": "Invocation"
      },
      "location-before-char-start": 9373,
      "location-before-char-end": 9403,
      "node-str": "getNextTemplate"
    },
    {
      "type": "delete-node",
      "node": {
        "label": "nextTemplate",
        "type": "LocalVariable"
      },
      "location-before-char-start": 9351,
      "location-before-char-end": 9404,
      "node-str": "nextTemplate"
    },
    {
      "type": "delete-node",
      "node": {
        "label": "org.tigris.scarab.tools.ScarabRequestTool",
        "type": "VARIABLE_TYPE"
      },
      "location-before-char-start": 0,
      "location-before-char-end": 0,
      "node-str": "org.tigris.scarab.tools.ScarabRequestTool"
    },
    {
      "type": "delete-node",
      "node": {
        "label": "org.tigris.scarab.actions.admin.Approval",
        "type": "TypeAccess"
      },
      "location-before-char-start": 0,
      "location-before-char-end": 0,
      "node-str": "org.tigris.scarab.actions.admin.Approval"
    },
    {
      "type": "delete-node",
      "node": {
        "label": "context",
        "type": "VariableRead"
      },
      "location-before-char-start": 9463,
      "location-before-char-end": 9469,
      "node-str": "context"
    },
    {
      "type": "delete-node",
      "node": {
        "label": "getScarabRequestTool",
        "type": "Invocation"
      },
      "location-before-char-start": 9442,
      "location-before-char-end": 9470,
      "node-str": "getScarabRequestTool"
    },
    {
      "type": "delete-node",
      "node": {
        "label": "scarabR",
        "type": "LocalVariable"
      },
      "location-before-char-start": 9414,
      "location-before-char-end": 9471,
      "node-str": "scarabR"
    },
    {
      "type": "delete-node",
      "node": {
        "label": "java.lang.Module",
        "type": "VARIABLE_TYPE"
      },
      "location-before-char-start": 0,
      "location-before-char-end": 0,
      "node-str": "java.lang.Module"
    },
    {
      "type": "delete-node",
      "node": {
        "label": "scarabR",
        "type": "VariableRead"
      },
      "location-before-char-start": 9497,
      "location-before-char-end": 9503,
      "node-str": "scarabR"
    },
    {
      "type": "delete-node",
      "node": {
        "label": "getCurrentModule",
        "type": "Invocation"
      },
      "location-before-char-start": 9497,
      "location-before-char-end": 9522,
      "node-str": "getCurrentModule"
    },
    {
      "type": "delete-node",
      "node": {
        "label": "module",
        "type": "LocalVariable"
      },
      "location-before-char-start": 9481,
      "location-before-char-end": 9523,
      "node-str": "module"
    },
    {
      "type": "delete-node",
      "node": {
        "label": "data",
        "type": "VariableRead"
      },
      "location-before-char-start": 9550,
      "location-before-char-end": 9553,
      "node-str": "data"
    },
    {
      "type": "delete-node",
      "node": {
        "label": "getUser",
        "type": "Invocation"
      },
      "location-before-char-start": 9537,
      "location-before-char-end": 9564,
      "node-str": "getUser"
    },
    {
      "type": "delete-node",
      "node": {
        "label": "ScarabSecurity.USER__APPROVE_ROLES",
        "type": "TypeAccess"
      },
      "location-before-char-start": 9593,
      "location-before-char-end": 9626,
      "node-str": "ScarabSecurity.USER__APPROVE_ROLES"
    },
    {
      "type": "delete-node",
      "node": {
        "label": "module",
        "type": "VariableRead"
      },
      "location-before-char-start": 9629,
      "location-before-char-end": 9634,
      "node-str": "module"
    },
    {
      "type": "delete-node",
      "node": {
        "label": "hasPermission",
        "type": "Invocation"
      },
      "location-before-char-start": 9537,
      "location-before-char-end": 9635,
      "node-str": "hasPermission"
    },
    {
      "type": "delete-node",
      "node": {
        "label": "org.tigris.scarab.tools.SecurityAdminTool",
        "type": "VARIABLE_TYPE"
      },
      "location-before-char-start": 0,
      "location-before-char-end": 0,
      "node-str": "org.tigris.scarab.tools.SecurityAdminTool"
    },
    {
      "type": "delete-node",
      "node": {
        "label": "org.tigris.scarab.actions.admin.Approval",
        "type": "TypeAccess"
      },
      "location-before-char-start": 0,
      "location-before-char-end": 0,
      "node-str": "org.tigris.scarab.actions.admin.Approval"
    },
    {
      "type": "delete-node",
      "node": {
        "label": "context",
        "type": "VariableRead"
      },
      "location-before-char-start": 9710,
      "location-before-char-end": 9716,
      "node-str": "context"
    },
    {
      "type": "delete-node",
      "node": {
        "label": "getSecurityAdminTool",
        "type": "Invocation"
      },
      "location-before-char-start": 9689,
      "location-before-char-end": 9717,
      "node-str": "getSecurityAdminTool"
    },
    {
      "type": "delete-node",
      "node": {
        "label": "scarabA",
        "type": "LocalVariable"
      },
      "location-before-char-start": 9661,
      "location-before-char-end": 9718,
      "node-str": "scarabA"
    },
    {
      "type": "delete-node",
      "node": {
        "label": "java.util.List",
        "type": "VARIABLE_TYPE"
      },
      "location-before-char-start": 0,
      "location-before-char-end": 0,
      "node-str": "java.util.List"
    },
    {
      "type": "delete-node",
      "node": {
        "label": "scarabA",
        "type": "VariableRead"
      },
      "location-before-char-start": 9748,
      "location-before-char-end": 9754,
      "node-str": "scarabA"
    },
    {
      "type": "delete-node",
      "node": {
        "label": "module",
        "type": "VariableRead"
      },
      "location-before-char-start": 9781,
      "location-before-char-end": 9786,
      "node-str": "module"
    },
    {
      "type": "delete-node",
      "node": {
        "label": "getPendingGroupUserRoles",
        "type": "Invocation"
      },
      "location-before-char-start": 9748,
      "location-before-char-end": 9787,
      "node-str": "getPendingGroupUserRoles"
    },
    {
      "type": "delete-node",
      "node": {
        "label": "pendings",
        "type": "LocalVariable"
      },
      "location-before-char-start": 9732,
      "location-before-char-end": 9788,
      "node-str": "pendings"
    },
    {
      "type": "delete-node",
      "node": {
        "label": "java.util.Iterator",
        "type": "VARIABLE_TYPE"
      },
      "location-before-char-start": 0,
      "location-before-char-end": 0,
      "node-str": "java.util.Iterator"
    },
    {
      "type": "delete-node",
      "node": {
        "label": "pendings",
        "type": "VariableRead"
      },
      "location-before-char-start": 9815,
      "location-before-char-end": 9822,
      "node-str": "pendings"
    },
    {
      "type": "delete-node",
      "node": {
        "label": "iterator",
        "type": "Invocation"
      },
      "location-before-char-start": 9815,
      "location-before-char-end": 9833,
      "node-str": "iterator"
    },
    {
      "type": "delete-node",
      "node": {
        "label": "i",
        "type": "LocalVariable"
      },
      "location-before-char-start": 9802,
      "location-before-char-end": 9834,
      "node-str": "i"
    },
    {
      "type": "delete-node",
      "node": {
        "label": "i",
        "type": "VariableRead"
      },
      "location-before-char-start": 9855,
      "location-before-char-end": 9855,
      "node-str": "i"
    },
    {
      "type": "delete-node",
      "node": {
        "label": "hasNext",
        "type": "Invocation"
      },
      "location-before-char-start": 9855,
      "location-before-char-end": 9865,
      "node-str": "hasNext"
    },
    {
      "type": "delete-node",
      "node": {
        "label": "org.tigris.scarab.om.PendingGroupUserRole",
        "type": "VARIABLE_TYPE"
      },
      "location-before-char-start": 0,
      "location-before-char-end": 0,
      "node-str": "org.tigris.scarab.om.PendingGroupUserRole"
    },
    {
      "type": "delete-node",
      "node": {
        "label": "i",
        "type": "VariableRead"
      },
      "location-before-char-start": 9952,
      "location-before-char-end": 9952,
      "node-str": "i"
    },
    {
      "type": "delete-node",
      "node": {
        "label": "next",
        "type": "Invocation"
      },
      "location-before-char-start": 9930,
      "location-before-char-end": 9959,
      "node-str": "next"
    },
    {
      "type": "delete-node",
      "node": {
        "label": "pending",
        "type": "LocalVariable"
      },
      "location-before-char-start": 9899,
      "location-before-char-end": 9960,
      "node-str": "pending"
    },
    {
      "type": "delete-node",
      "node": {
        "label": "org.tigris.scarab.om.ScarabUser",
        "type": "VARIABLE_TYPE"
      },
      "location-before-char-start": 0,
      "location-before-char-end": 0,
      "node-str": "org.tigris.scarab.om.ScarabUser"
    },
    {
      "type": "delete-node",
      "node": {
        "label": "org.tigris.scarab.om.ScarabUserManager",
        "type": "TypeAccess"
      },
      "location-before-char-start": 10017,
      "location-before-char-end": 10033,
      "node-str": "org.tigris.scarab.om.ScarabUserManager"
    },
    {
      "type": "delete-node",
      "node": {
        "label": "pending",
        "type": "VariableRead"
      },
      "location-before-char-start": 10047,
      "location-before-char-end": 10053,
      "node-str": "pending"
    },
    {
      "type": "delete-node",
      "node": {
        "label": "getUserId",
        "type": "Invocation"
      },
      "location-before-char-start": 10047,
      "location-before-char-end": 10065,
      "node-str": "getUserId"
    },
    {
      "type": "delete-node",
      "node": {
        "label": "getInstance",
        "type": "Invocation"
      },
      "location-before-char-start": 10017,
      "location-before-char-end": 10066,
      "node-str": "getInstance"
    },
    {
      "type": "delete-node",
      "node": {
        "label": "user",
        "type": "LocalVariable"
      },
      "location-before-char-start": 9978,
      "location-before-char-end": 10067,
      "node-str": "user"
    },
    {
      "type": "delete-node",
      "node": {
        "label": "java.lang.String",
        "type": "VARIABLE_TYPE"
      },
      "location-before-char-start": 0,
      "location-before-char-end": 0,
      "node-str": "java.lang.String"
    },
    {
      "type": "delete-node",
      "node": {
        "label": "data",
        "type": "VariableRead"
      },
      "location-before-char-start": 10099,
      "location-before-char-end": 10102,
      "node-str": "data"
    },
    {
      "type": "delete-node",
      "node": {
        "label": "getParameters",
        "type": "Invocation"
      },
      "location-before-char-start": 10099,
      "location-before-char-end": 10118,
      "node-str": "getParameters"
    },
    {
      "type": "delete-node",
      "node": {
        "label": "user",
        "type": "VariableRead"
      },
      "location-before-char-start": 10151,
      "location-before-char-end": 10154,
      "node-str": "user"
    },
    {
      "type": "delete-node",
      "node": {
        "label": "getUserName",
        "type": "Invocation"
      },
      "location-before-char-start": 10151,
      "location-before-char-end": 10168,
      "node-str": "getUserName"
    },
    {
      "type": "delete-node",
      "node": {
        "label": "getString",
        "type": "Invocation"
      },
      "location-before-char-start": 10099,
      "location-before-char-end": 10169,
      "node-str": "getString"
    },
    {
      "type": "delete-node",
      "node": {
        "label": "role",
        "type": "LocalVariable"
      },
      "location-before-char-start": 10085,
      "location-before-char-end": 10170,
      "node-str": "role"
    },
    {
      "type": "delete-node",
      "node": {
        "label": "role",
        "type": "VariableRead"
      },
      "location-before-char-start": 10192,
      "location-before-char-end": 10195,
      "node-str": "role"
    },
    {
      "type": "delete-node",
      "node": {
        "label": "null",
        "type": "Literal"
      },
      "location-before-char-start": 10200,
      "location-before-char-end": 10203,
      "node-str": "null"
    },
    {
      "type": "delete-node",
      "node": {
        "label": "NE",
        "type": "BinaryOperator"
      },
      "location-before-char-start": 10192,
      "location-before-char-end": 10203,
      "node-str": "NE"
    },
    {
      "type": "delete-node",
      "node": {
        "label": "role",
        "type": "VariableRead"
      },
      "location-before-char-start": 10208,
      "location-before-char-end": 10211,
      "node-str": "role"
    },
    {
      "type": "delete-node",
      "node": {
        "label": "length",
        "type": "Invocation"
      },
      "location-before-char-start": 10208,
      "location-before-char-end": 10220,
      "node-str": "length"
    },
    {
      "type": "delete-node",
      "node": {
        "label": "0",
        "type": "Literal"
      },
      "location-before-char-start": 10224,
      "location-before-char-end": 10224,
      "node-str": "0"
    },
    {
      "type": "delete-node",
      "node": {
        "label": "GT",
        "type": "BinaryOperator"
      },
      "location-before-char-start": 10208,
      "location-before-char-end": 10224,
      "node-str": "GT"
    },
    {
      "type": "delete-node",
      "node": {
        "label": "AND",
        "type": "BinaryOperator"
      },
      "location-before-char-start": 10192,
      "location-before-char-end": 10224,
      "node-str": "AND"
    },
    {
      "type": "delete-node",
      "node": {
        "label": "role",
        "type": "VariableRead"
      },
      "location-before-char-start": 10271,
      "location-before-char-end": 10274,
      "node-str": "role"
    },
    {
      "type": "delete-node",
      "node": {
        "label": "\"defer\"",
        "type": "Literal"
      },
      "location-before-char-start": 10293,
      "location-before-char-end": 10299,
      "node-str": "\"defer\""
    },
    {
      "type": "delete-node",
      "node": {
        "label": "equalsIgnoreCase",
        "type": "Invocation"
      },
      "location-before-char-start": 10271,
      "location-before-char-end": 10300,
      "node-str": "equalsIgnoreCase"
    },
    {
      "type": "delete-node",
      "node": {
        "label": "NOT",
        "type": "UnaryOperator"
      },
      "location-before-char-start": 10270,
      "location-before-char-end": 10300,
      "node-str": "NOT"
    },
    {
      "type": "delete-node",
      "node": {
        "label": "role",
        "type": "VariableRead"
      },
      "location-before-char-start": 10306,
      "location-before-char-end": 10309,
      "node-str": "role"
    },
    {
      "type": "delete-node",
      "node": {
        "label": "\"deny\"",
        "type": "Literal"
      },
      "location-before-char-start": 10328,
      "location-before-char-end": 10333,
      "node-str": "\"deny\""
    },
    {
      "type": "delete-node",
      "node": {
        "label": "equalsIgnoreCase",
        "type": "Invocation"
      },
      "location-before-char-start": 10306,
      "location-before-char-end": 10334,
      "node-str": "equalsIgnoreCase"
    },
    {
      "type": "delete-node",
      "node": {
        "label": "NOT",
        "type": "UnaryOperator"
      },
      "location-before-char-start": 10305,
      "location-before-char-end": 10334,
      "node-str": "NOT"
    },
    {
      "type": "delete-node",
      "node": {
        "label": "AND",
        "type": "BinaryOperator"
      },
      "location-before-char-start": 10270,
      "location-before-char-end": 10334,
      "node-str": "AND"
    },
    {
      "type": "delete-node",
      "node": {
        "label": "org.apache.fulcrum.security.TurbineSecurity",
        "type": "TypeAccess"
      },
      "location-before-char-start": 10384,
      "location-before-char-end": 10398,
      "node-str": "org.apache.fulcrum.security.TurbineSecurity"
    },
    {
      "type": "delete-node",
      "node": {
        "label": "user",
        "type": "VariableRead"
      },
      "location-before-char-start": 10407,
      "location-before-char-end": 10410,
      "node-str": "user"
    },
    {
      "type": "delete-node",
      "node": {
        "label": "module",
        "type": "VariableRead"
      },
      "location-before-char-start": 10442,
      "location-before-char-end": 10489,
      "node-str": "module"
    },
    {
      "type": "delete-node",
      "node": {
        "label": "org.apache.fulcrum.security.TurbineSecurity",
        "type": "TypeAccess"
      },
      "location-before-char-start": 10521,
      "location-before-char-end": 10535,
      "node-str": "org.apache.fulcrum.security.TurbineSecurity"
    },
    {
      "type": "delete-node",
      "node": {
        "label": "role",
        "type": "VariableRead"
      },
      "location-before-char-start": 10545,
      "location-before-char-end": 10548,
      "node-str": "role"
    },
    {
      "type": "delete-node",
      "node": {
        "label": "getRole",
        "type": "Invocation"
      },
      "location-before-char-start": 10521,
      "location-before-char-end": 10549,
      "node-str": "getRole"
    },
    {
      "type": "delete-node",
      "node": {
        "label": "grant",
        "type": "Invocation"
      },
      "location-before-char-start": 10384,
      "location-before-char-end": 10552,
      "node-str": "grant"
    },
    {
      "type": "delete-node",
      "node": {
        "label": "pending",
        "type": "VariableRead"
      },
      "location-before-char-start": 10578,
      "location-before-char-end": 10584,
      "node-str": "pending"
    },
    {
      "type": "delete-node",
      "node": {
        "label": "delete",
        "type": "Invocation"
      },
      "location-before-char-start": 10578,
      "location-before-char-end": 10594,
      "node-str": "delete"
    },
    {
      "type": "delete-node",
      "node": {
        "label": "THEN",
        "type": "then"
      },
      "location-before-char-start": 10358,
      "location-before-char-end": 10616,
      "node-str": "THEN"
    },
    {
      "type": "delete-node",
      "node": {
        "label": "role",
        "type": "VariableRead"
      },
      "location-before-char-start": 10647,
      "location-before-char-end": 10650,
      "node-str": "role"
    },
    {
      "type": "delete-node",
      "node": {
        "label": "\"deny\"",
        "type": "Literal"
      },
      "location-before-char-start": 10669,
      "location-before-char-end": 10674,
      "node-str": "\"deny\""
    },
    {
      "type": "delete-node",
      "node": {
        "label": "equalsIgnoreCase",
        "type": "Invocation"
      },
      "location-before-char-start": 10647,
      "location-before-char-end": 10675,
      "node-str": "equalsIgnoreCase"
    },
    {
      "type": "delete-node",
      "node": {
        "label": "pending",
        "type": "VariableRead"
      },
      "location-before-char-start": 10724,
      "location-before-char-end": 10730,
      "node-str": "pending"
    },
    {
      "type": "delete-node",
      "node": {
        "label": "delete",
        "type": "Invocation"
      },
      "location-before-char-start": 10724,
      "location-before-char-end": 10740,
      "node-str": "delete"
    },
    {
      "type": "delete-node",
      "node": {
        "label": "THEN",
        "type": "then"
      },
      "location-before-char-start": 10698,
      "location-before-char-end": 10762,
      "node-str": "THEN"
    },
    {
      "type": "delete-node",
      "node": {
        "label": "if",
        "type": "If"
      },
      "location-before-char-start": 10643,
      "location-before-char-end": 10762,
      "node-str": "if"
    },
    {
      "type": "delete-node",
      "node": {
        "label": "ELSE",
        "type": "else"
      },
      "location-before-char-start": 10643,
      "location-before-char-end": 10762,
      "node-str": "ELSE"
    },
    {
      "type": "delete-node",
      "node": {
        "label": "if",
        "type": "If"
      },
      "location-before-char-start": 10266,
      "location-before-char-end": 10762,
      "node-str": "if"
    },
    {
      "type": "delete-node",
      "node": {
        "label": "THEN",
        "type": "then"
      },
      "location-before-char-start": 10244,
      "location-before-char-end": 10780,
      "node-str": "THEN"
    },
    {
      "type": "delete-node",
      "node": {
        "label": "if",
        "type": "If"
      },
      "location-before-char-start": 10188,
      "location-before-char-end": 10780,
      "node-str": "if"
    },
    {
      "type": "delete-node",
      "node": {
        "label": "while",
        "type": "While"
      },
      "location-before-char-start": 9848,
      "location-before-char-end": 10794,
      "node-str": "while"
    },
    {
      "type": "delete-node",
      "node": {
        "label": "scarabR",
        "type": "VariableRead"
      },
      "location-before-char-start": 10808,
      "location-before-char-end": 10814,
      "node-str": "scarabR"
    },
    {
      "type": "delete-node",
      "node": {
        "label": "\"All roles have been processed.\"",
        "type": "Literal"
      },
      "location-before-char-start": 10834,
      "location-before-char-end": 10865,
      "node-str": "\"All roles have been processed.\""
    },
    {
      "type": "delete-node",
      "node": {
        "label": "setConfirmMessage",
        "type": "Invocation"
      },
      "location-before-char-start": 10808,
      "location-before-char-end": 10867,
      "node-str": "setConfirmMessage"
    },
    {
      "type": "delete-node",
      "node": {
        "label": "THEN",
        "type": "then"
      },
      "location-before-char-start": 9647,
      "location-before-char-end": 10877,
      "node-str": "THEN"
    },
    {
      "type": "delete-node",
      "node": {
        "label": "if",
        "type": "If"
      },
      "location-before-char-start": 9533,
      "location-before-char-end": 10877,
      "node-str": "if"
    },
    {
      "type": "delete-node",
      "node": {
        "label": "org.tigris.scarab.actions.admin.Approval",
        "type": "TypeAccess"
      },
      "location-before-char-start": 0,
      "location-before-char-end": 0,
      "node-str": "org.tigris.scarab.actions.admin.Approval"
    },
    {
      "type": "delete-node",
      "node": {
        "label": "data",
        "type": "VariableRead"
      },
      "location-before-char-start": 10905,
      "location-before-char-end": 10908,
      "node-str": "data"
    },
    {
      "type": "delete-node",
      "node": {
        "label": "nextTemplate",
        "type": "VariableRead"
      },
      "location-before-char-start": 10911,
      "location-before-char-end": 10922,
      "node-str": "nextTemplate"
    },
    {
      "type": "delete-node",
      "node": {
        "label": "setTarget",
        "type": "Invocation"
      },
      "location-before-char-start": 10895,
      "location-before-char-end": 10924,
      "node-str": "setTarget"
    },
    {
      "type": "delete-node",
      "node": {
        "label": "doApproveroles",
        "type": "Method"
      },
      "location-before-char-start": 9188,
      "location-before-char-end": 10930,
      "node-str": "doApproveroles"
    },
    {
      "type": "delete-node",
      "node": {
        "label": "org.tigris.scarab.tools.SecurityAdminTool",
        "type": "RETURN_TYPE"
      },
      "location-before-char-start": 0,
      "location-before-char-end": 0,
      "node-str": "org.tigris.scarab.tools.SecurityAdminTool"
    },
    {
      "type": "delete-node",
      "node": {
        "label": "org.apache.turbine.TemplateContext",
        "type": "VARIABLE_TYPE"
      },
      "location-before-char-start": 0,
      "location-before-char-end": 0,
      "node-str": "org.apache.turbine.TemplateContext"
    },
    {
      "type": "delete-node",
      "node": {
        "label": "context",
        "type": "Parameter"
      },
      "location-before-char-start": 11072,
      "location-before-char-end": 11094,
      "node-str": "context"
    },
    {
      "type": "delete-node",
      "node": {
        "label": "context",
        "type": "VariableRead"
      },
      "location-before-char-start": 11137,
      "location-before-char-end": 11143,
      "node-str": "context"
    },
    {
      "type": "delete-node",
      "node": {
        "label": "ScarabConstants.SECURITY_ADMIN_TOOL",
        "type": "TypeAccess"
      },
      "location-before-char-start": 11162,
      "location-before-char-end": 11196,
      "node-str": "ScarabConstants.SECURITY_ADMIN_TOOL"
    },
    {
      "type": "delete-node",
      "node": {
        "label": "get",
        "type": "Invocation"
      },
      "location-before-char-start": 11118,
      "location-before-char-end": 11197,
      "node-str": "get"
    },
    {
      "type": "delete-node",
      "node": {
        "label": "return",
        "type": "Return"
      },
      "location-before-char-start": 11111,
      "location-before-char-end": 11198,
      "node-str": "return"
    },
    {
      "type": "delete-node",
      "node": {
        "label": "getSecurityAdminTool",
        "type": "Method"
      },
      "location-before-char-start": 10937,
      "location-before-char-end": 11204,
      "node-str": "getSecurityAdminTool"
    },
    {
      "type": "delete-node",
      "node": {
        "label": "Approval",
        "type": "Class"
      },
      "location-before-char-start": 3776,
      "location-before-char-end": 11206,
      "node-str": "Approval"
    }
  ],
  "before-file": {},
  "after-file": {},
  "mapping": {}
}