{
  "tool-info": {},
  "diff": [
    {
      "type": "update-node",
      "node": {
        "label": "setTaskCount",
        "type": "Method"
      },
      "location-before-char-start": 5981,
      "location-before-char-end": 6466,
      "location-after-char-start": 5794,
      "location-after-char-end": 6131,
      "node-str": "updateTaskCount"
    },
    {
      "type": "update-node",
      "node": {
        "label": "displayWorker",
        "type": "Method"
      },
      "location-before-char-start": 8671,
      "location-before-char-end": 9261,
      "location-after-char-start": 7809,
      "location-after-char-end": 7932,
      "node-str": "workerAdded"
    },
    {
      "type": "update-node",
      "node": {
        "label": "workerListChanged",
        "type": "Method"
      },
      "location-before-char-start": 9268,
      "location-before-char-end": 10006,
      "location-after-char-start": 7945,
      "location-after-char-end": 8217,
      "node-str": "workerRemoved"
    },
    {
      "type": "update-node",
      "node": {
        "label": "cancelDisplayedWorker",
        "type": "Method"
      },
      "location-before-char-start": 13340,
      "location-before-char-end": 13416,
      "location-after-char-start": 11451,
      "location-after-char-end": 12019,
      "node-str": "setDisplayedWorker"
    },
    {
      "type": "insert-node",
      "node": {
        "label": "getDisplayedWorker",
        "type": "Method"
      },
      "location-after-char-start": 12028,
      "location-after-char-end": 12169,
      "node-str": "getDisplayedWorker"
    },
    {
      "type": "insert-node",
      "node": {
        "label": "getTaskManager",
        "type": "Method"
      },
      "location-after-char-start": 12377,
      "location-after-char-end": 12532,
      "node-str": "getTaskManager"
    },
    {
      "type": "update-node",
      "node": {
        "label": "org.columba.core.command.Worker",
        "type": "VARIABLE_TYPE"
      },
      "location-before-char-start": 0,
      "location-before-char-end": 0,
      "location-after-char-start": 0,
      "location-after-char-end": 0,
      "node-str": "org.columba.core.gui.statusbar.Worker"
    },
    {
      "type": "update-node",
      "node": {
        "label": "org.columba.core.command.TaskManager",
        "type": "VARIABLE_TYPE"
      },
      "location-before-char-start": 0,
      "location-before-char-end": 0,
      "location-after-char-start": 0,
      "location-after-char-end": 0,
      "node-str": "org.columba.core.gui.statusbar.TaskManager"
    },
    {
      "type": "update-node",
      "node": {
        "label": "addWorkerListChangeListener",
        "type": "Invocation"
      },
      "location-before-char-start": 2503,
      "location-before-char-end": 2539,
      "location-after-char-start": 2307,
      "location-after-char-end": 2338,
      "node-str": "addTaskManagerListener"
    },
    {
      "type": "update-node",
      "node": {
        "label": "protected",
        "type": "Modifier"
      },
      "location-before-char-start": 0,
      "location-before-char-end": 0,
      "location-after-char-start": 0,
      "location-after-char-end": 0,
      "node-str": "public"
    },
    {
      "type": "update-node",
      "node": {
        "label": "index",
        "type": "Parameter"
      },
      "location-before-char-start": 8700,
      "location-before-char-end": 8708,
      "location-after-char-start": 7833,
      "location-after-char-end": 7850,
      "node-str": "e"
    },
    {
      "type": "update-node",
      "node": {
        "label": "get",
        "type": "Invocation"
      },
      "location-before-char-start": 8858,
      "location-before-char-end": 8879,
      "location-after-char-start": 7864,
      "location-after-char-end": 7881,
      "node-str": "updateTaskCount"
    },
    {
      "type": "move-subtree",
      "node": {
        "label": "get",
        "type": "Invocation"
      },
      "location-before-char-start": 8858,
      "location-before-char-end": 8879,
      "location-after-char-start": 7864,
      "location-after-char-end": 7881,
      "node-str": "updateTaskCount"
    },
    {
      "type": "update-node",
      "node": {
        "label": "setText",
        "type": "Invocation"
      },
      "location-before-char-start": 8943,
      "location-before-char-end": 8970,
      "location-after-char-start": 7892,
      "location-after-char-end": 7925,
      "node-str": "setDisplayedWorker"
    },
    {
      "type": "move-subtree",
      "node": {
        "label": "setText",
        "type": "Invocation"
      },
      "location-before-char-start": 8943,
      "location-before-char-end": 8970,
      "location-after-char-start": 7892,
      "location-after-char-end": 7925,
      "node-str": "setDisplayedWorker"
    },
    {
      "type": "insert-node",
      "node": {
        "label": "updateTaskCount",
        "type": "Invocation"
      },
      "location-after-char-start": 8002,
      "location-after-char-end": 8019,
      "node-str": "updateTaskCount"
    },
    {
      "type": "update-node",
      "node": {
        "label": "public",
        "type": "Modifier"
      },
      "location-before-char-start": 0,
      "location-before-char-end": 0,
      "location-after-char-start": 0,
      "location-after-char-end": 0,
      "node-str": "protected"
    },
    {
      "type": "insert-node",
      "node": {
        "label": "w",
        "type": "Parameter"
      },
      "location-after-char-start": 11544,
      "location-after-char-end": 11551,
      "node-str": "w"
    },
    {
      "type": "insert-node",
      "node": {
        "label": "if",
        "type": "If"
      },
      "location-after-char-start": 11565,
      "location-after-char-end": 11674,
      "node-str": "if"
    },
    {
      "type": "insert-node",
      "node": {
        "label": "\u003d",
        "type": "Assignment"
      },
      "location-after-char-start": 11685,
      "location-after-char-end": 11704,
      "node-str": "\u003d"
    },
    {
      "type": "insert-node",
      "node": {
        "label": "if",
        "type": "If"
      },
      "location-after-char-start": 11725,
      "location-after-char-end": 12012,
      "node-str": "if"
    },
    {
      "type": "insert-node",
      "node": {
        "label": "org.columba.core.gui.statusbar.Worker",
        "type": "RETURN_TYPE"
      },
      "location-after-char-start": 0,
      "location-after-char-end": 0,
      "node-str": "org.columba.core.gui.statusbar.Worker"
    },
    {
      "type": "insert-node",
      "node": {
        "label": "public",
        "type": "Modifier"
      },
      "location-after-char-start": 0,
      "location-after-char-end": 0,
      "node-str": "public"
    },
    {
      "type": "insert-node",
      "node": {
        "label": "return",
        "type": "Return"
      },
      "location-after-char-start": 12140,
      "location-after-char-end": 12162,
      "node-str": "return"
    },
    {
      "type": "insert-node",
      "node": {
        "label": "org.columba.core.gui.statusbar.TaskManager",
        "type": "RETURN_TYPE"
      },
      "location-after-char-start": 0,
      "location-after-char-end": 0,
      "node-str": "org.columba.core.gui.statusbar.TaskManager"
    },
    {
      "type": "insert-node",
      "node": {
        "label": "public",
        "type": "Modifier"
      },
      "location-after-char-start": 0,
      "location-after-char-end": 0,
      "node-str": "public"
    },
    {
      "type": "insert-node",
      "node": {
        "label": "return",
        "type": "Return"
      },
      "location-after-char-start": 12507,
      "location-after-char-end": 12525,
      "node-str": "return"
    },
    {
      "type": "update-node",
      "node": {
        "label": "org.columba.core.command.TaskManager",
        "type": "VARIABLE_TYPE"
      },
      "location-before-char-start": 0,
      "location-before-char-end": 0,
      "location-after-char-start": 0,
      "location-after-char-end": 0,
      "node-str": "TaskManager"
    },
    {
      "type": "update-node",
      "node": {
        "label": "org.columba.core.gui.statusbar.ImageSequenceTimer()",
        "type": "ConstructorCall"
      },
      "location-before-char-start": 2571,
      "location-before-char-end": 2594,
      "location-after-char-start": 2372,
      "location-after-char-end": 2397,
      "node-str": "java.lang.Object()"
    },
    {
      "type": "update-node",
      "node": {
        "label": "taskButton",
        "type": "FieldRead"
      },
      "location-before-char-start": 4382,
      "location-before-char-end": 4391,
      "location-after-char-start": 4216,
      "location-after-char-end": 4228,
      "node-str": "leftMainPanel"
    },
    {
      "type": "insert-node",
      "node": {
        "label": "taskPanel",
        "type": "VariableRead"
      },
      "location-after-char-start": 4234,
      "location-after-char-end": 4242,
      "node-str": "taskPanel"
    },
    {
      "type": "update-node",
      "node": {
        "label": "CENTER",
        "type": "FieldRead"
      },
      "location-before-char-start": 4394,
      "location-before-char-end": 4412,
      "location-after-char-start": 4245,
      "location-after-char-end": 4261,
      "node-str": "WEST"
    },
    {
      "type": "move-subtree",
      "node": {
        "label": "invokeLater",
        "type": "Invocation"
      },
      "location-before-char-start": 6372,
      "location-before-char-end": 6403,
      "location-after-char-start": 6048,
      "location-after-char-end": 6079,
      "node-str": "invokeLater"
    },
    {
      "type": "move-subtree",
      "node": {
        "label": "invokeLater",
        "type": "Invocation"
      },
      "location-before-char-start": 6996,
      "location-before-char-end": 7027,
      "location-after-char-start": 6542,
      "location-after-char-end": 6573,
      "node-str": "invokeLater"
    },
    {
      "type": "move-subtree",
      "node": {
        "label": "invokeLater",
        "type": "Invocation"
      },
      "location-before-char-start": 7521,
      "location-before-char-end": 7552,
      "location-after-char-start": 6934,
      "location-after-char-end": 6965,
      "node-str": "invokeLater"
    },
    {
      "type": "move-subtree",
      "node": {
        "label": "invokeLater",
        "type": "Invocation"
      },
      "location-before-char-start": 8094,
      "location-before-char-end": 8125,
      "location-after-char-start": 7375,
      "location-after-char-end": 7406,
      "node-str": "invokeLater"
    },
    {
      "type": "move-subtree",
      "node": {
        "label": "invokeLater",
        "type": "Invocation"
      },
      "location-before-char-start": 8570,
      "location-before-char-end": 8601,
      "location-after-char-start": 7717,
      "location-after-char-end": 7748,
      "node-str": "invokeLater"
    },
    {
      "type": "update-node",
      "node": {
        "label": "int",
        "type": "VARIABLE_TYPE"
      },
      "location-before-char-start": 0,
      "location-before-char-end": 0,
      "location-after-char-start": 0,
      "location-after-char-end": 0,
      "node-str": "TaskManagerEvent"
    },
    {
      "type": "move-subtree",
      "node": {
        "label": "org.columba.core.gui.statusbar.StatusBar",
        "type": "TypeAccess"
      },
      "location-before-char-start": 0,
      "location-before-char-end": 0,
      "location-after-char-start": 0,
      "location-after-char-end": 0,
      "node-str": "org.columba.core.gui.statusbar.StatusBar"
    },
    {
      "type": "update-node",
      "node": {
        "label": "getDisplayText",
        "type": "Invocation"
      },
      "location-before-char-start": 8951,
      "location-before-char-end": 8968,
      "location-after-char-start": 7911,
      "location-after-char-end": 7923,
      "node-str": "getWorker"
    },
    {
      "type": "update-node",
      "node": {
        "label": "org.columba.core.gui.statusbar.event.WorkerListChangedEvent",
        "type": "VARIABLE_TYPE"
      },
      "location-before-char-start": 0,
      "location-before-char-end": 0,
      "location-after-char-start": 0,
      "location-after-char-end": 0,
      "node-str": "TaskManagerEvent"
    },
    {
      "type": "insert-node",
      "node": {
        "label": "org.columba.core.gui.statusbar.StatusBar",
        "type": "TypeAccess"
      },
      "location-after-char-start": 0,
      "location-after-char-end": 0,
      "node-str": "org.columba.core.gui.statusbar.StatusBar"
    },
    {
      "type": "insert-node",
      "node": {
        "label": "Worker",
        "type": "VARIABLE_TYPE"
      },
      "location-after-char-start": 0,
      "location-after-char-end": 0,
      "node-str": "Worker"
    },
    {
      "type": "insert-node",
      "node": {
        "label": "NE",
        "type": "BinaryOperator"
      },
      "location-after-char-start": 11569,
      "location-after-char-end": 11591,
      "node-str": "NE"
    },
    {
      "type": "insert-node",
      "node": {
        "label": "THEN",
        "type": "then"
      },
      "location-after-char-start": 11594,
      "location-after-char-end": 11674,
      "node-str": "THEN"
    },
    {
      "type": "insert-node",
      "node": {
        "label": "displayedWorker",
        "type": "FieldWrite"
      },
      "location-after-char-start": 11685,
      "location-after-char-end": 11699,
      "node-str": "displayedWorker"
    },
    {
      "type": "insert-node",
      "node": {
        "label": "w",
        "type": "VariableRead"
      },
      "location-after-char-start": 11703,
      "location-after-char-end": 11703,
      "node-str": "w"
    },
    {
      "type": "insert-node",
      "node": {
        "label": "EQ",
        "type": "BinaryOperator"
      },
      "location-after-char-start": 11729,
      "location-after-char-end": 11737,
      "node-str": "EQ"
    },
    {
      "type": "insert-node",
      "node": {
        "label": "THEN",
        "type": "then"
      },
      "location-after-char-start": 11740,
      "location-after-char-end": 11816,
      "node-str": "THEN"
    },
    {
      "type": "insert-node",
      "node": {
        "label": "ELSE",
        "type": "else"
      },
      "location-after-char-start": 11823,
      "location-after-char-end": 12012,
      "node-str": "ELSE"
    },
    {
      "type": "insert-node",
      "node": {
        "label": "displayedWorker",
        "type": "FieldRead"
      },
      "location-after-char-start": 12147,
      "location-after-char-end": 12161,
      "node-str": "displayedWorker"
    },
    {
      "type": "insert-node",
      "node": {
        "label": "taskManager",
        "type": "FieldRead"
      },
      "location-after-char-start": 12514,
      "location-after-char-end": 12524,
      "node-str": "taskManager"
    },
    {
      "type": "insert-node",
      "node": {
        "label": "tm",
        "type": "VariableRead"
      },
      "location-after-char-start": 2395,
      "location-after-char-end": 2396,
      "node-str": "tm"
    },
    {
      "type": "update-node",
      "node": {
        "label": "w",
        "type": "VariableRead"
      },
      "location-before-char-start": 8951,
      "location-before-char-end": 8951,
      "location-after-char-start": 7911,
      "location-after-char-end": 7911,
      "node-str": "e"
    },
    {
      "type": "update-node",
      "node": {
        "label": "getType",
        "type": "Invocation"
      },
      "location-before-char-start": 9338,
      "location-before-char-end": 9348,
      "location-after-char-start": 8034,
      "location-after-char-end": 8046,
      "node-str": "getWorker"
    },
    {
      "type": "update-node",
      "node": {
        "label": "SIZE_CHANGED",
        "type": "FieldRead"
      },
      "location-before-char-start": 9353,
      "location-before-char-end": 9387,
      "location-after-char-start": 8051,
      "location-after-char-end": 8065,
      "node-str": "displayedWorker"
    },
    {
      "type": "insert-node",
      "node": {
        "label": "workers",
        "type": "LocalVariable"
      },
      "location-after-char-start": 8083,
      "location-after-char-end": 8126,
      "node-str": "workers"
    },
    {
      "type": "insert-node",
      "node": {
        "label": "setDisplayedWorker",
        "type": "Invocation"
      },
      "location-after-char-start": 8141,
      "location-after-char-end": 8199,
      "node-str": "setDisplayedWorker"
    },
    {
      "type": "insert-node",
      "node": {
        "label": "displayedWorker",
        "type": "FieldRead"
      },
      "location-after-char-start": 11569,
      "location-after-char-end": 11583,
      "node-str": "displayedWorker"
    },
    {
      "type": "insert-node",
      "node": {
        "label": "null",
        "type": "Literal"
      },
      "location-after-char-start": 11588,
      "location-after-char-end": 11591,
      "node-str": "null"
    },
    {
      "type": "update-node",
      "node": {
        "label": "cancel",
        "type": "Invocation"
      },
      "location-before-char-start": 13386,
      "location-before-char-end": 13410,
      "location-after-char-start": 11609,
      "location-after-char-end": 11663,
      "node-str": "removeWorkerStatusChangeListener"
    },
    {
      "type": "move-subtree",
      "node": {
        "label": "cancel",
        "type": "Invocation"
      },
      "location-before-char-start": 13386,
      "location-before-char-end": 13410,
      "location-after-char-start": 11609,
      "location-after-char-end": 11663,
      "node-str": "removeWorkerStatusChangeListener"
    },
    {
      "type": "insert-node",
      "node": {
        "label": "org.columba.core.gui.statusbar.StatusBar",
        "type": "TypeAccess"
      },
      "location-after-char-start": 0,
      "location-after-char-end": 0,
      "node-str": "org.columba.core.gui.statusbar.StatusBar"
    },
    {
      "type": "insert-node",
      "node": {
        "label": "w",
        "type": "VariableRead"
      },
      "location-after-char-start": 11729,
      "location-after-char-end": 11729,
      "node-str": "w"
    },
    {
      "type": "insert-node",
      "node": {
        "label": "null",
        "type": "Literal"
      },
      "location-after-char-start": 11734,
      "location-after-char-end": 11737,
      "node-str": "null"
    },
    {
      "type": "insert-node",
      "node": {
        "label": "setText",
        "type": "Invocation"
      },
      "location-after-char-start": 11755,
      "location-after-char-end": 11766,
      "node-str": "setText"
    },
    {
      "type": "insert-node",
      "node": {
        "label": "setMaximumAndValue",
        "type": "Invocation"
      },
      "location-after-char-start": 11781,
      "location-after-char-end": 11805,
      "node-str": "setMaximumAndValue"
    },
    {
      "type": "insert-node",
      "node": {
        "label": "setText",
        "type": "Invocation"
      },
      "location-after-char-start": 11838,
      "location-after-char-end": 11865,
      "node-str": "setText"
    },
    {
      "type": "insert-node",
      "node": {
        "label": "setMaximumAndValue",
        "type": "Invocation"
      },
      "location-after-char-start": 11880,
      "location-after-char-end": 11949,
      "node-str": "setMaximumAndValue"
    },
    {
      "type": "insert-node",
      "node": {
        "label": "addWorkerStatusChangeListener",
        "type": "Invocation"
      },
      "location-after-char-start": 11964,
      "location-after-char-end": 12001,
      "node-str": "addWorkerStatusChangeListener"
    },
    {
      "type": "insert-node",
      "node": {
        "label": "org.columba.core.gui.statusbar.StatusBar",
        "type": "TypeAccess"
      },
      "location-after-char-start": 0,
      "location-after-char-end": 0,
      "node-str": "org.columba.core.gui.statusbar.StatusBar"
    },
    {
      "type": "insert-node",
      "node": {
        "label": "org.columba.core.gui.statusbar.StatusBar",
        "type": "TypeAccess"
      },
      "location-after-char-start": 0,
      "location-after-char-end": 0,
      "node-str": "org.columba.core.gui.statusbar.StatusBar"
    },
    {
      "type": "update-node",
      "node": {
        "label": "org.columba.core.gui.statusbar.event.WorkerListChangedEvent",
        "type": "TypeAccess"
      },
      "location-before-char-start": 0,
      "location-before-char-end": 0,
      "location-after-char-start": 0,
      "location-after-char-end": 0,
      "node-str": "org.columba.core.gui.statusbar.StatusBar"
    },
    {
      "type": "insert-node",
      "node": {
        "label": "Worker[]",
        "type": "VARIABLE_TYPE"
      },
      "location-after-char-start": 0,
      "location-after-char-end": 0,
      "node-str": "Worker[]"
    },
    {
      "type": "update-node",
      "node": {
        "label": "setTaskCount",
        "type": "Invocation"
      },
      "location-before-char-start": 9451,
      "location-before-char-end": 9479,
      "location-after-char-start": 8102,
      "location-after-char-end": 8125,
      "node-str": "getWorkers"
    },
    {
      "type": "move-subtree",
      "node": {
        "label": "setTaskCount",
        "type": "Invocation"
      },
      "location-before-char-start": 9451,
      "location-before-char-end": 9479,
      "location-after-char-start": 8102,
      "location-after-char-end": 8125,
      "node-str": "getWorkers"
    },
    {
      "type": "move-subtree",
      "node": {
        "label": "org.columba.core.gui.statusbar.StatusBar",
        "type": "TypeAccess"
      },
      "location-before-char-start": 0,
      "location-before-char-end": 0,
      "location-after-char-start": 0,
      "location-after-char-end": 0,
      "node-str": "org.columba.core.gui.statusbar.StatusBar"
    },
    {
      "type": "insert-node",
      "node": {
        "label": "",
        "type": "Conditional"
      },
      "location-after-char-start": 8160,
      "location-after-char-end": 8197,
      "node-str": ""
    },
    {
      "type": "insert-node",
      "node": {
        "label": "org.columba.core.gui.statusbar.StatusBar",
        "type": "TypeAccess"
      },
      "location-after-char-start": 0,
      "location-after-char-end": 0,
      "node-str": "org.columba.core.gui.statusbar.StatusBar"
    },
    {
      "type": "insert-node",
      "node": {
        "label": "this",
        "type": "ThisAccess"
      },
      "location-after-char-start": 11658,
      "location-after-char-end": 11661,
      "node-str": "this"
    },
    {
      "type": "insert-node",
      "node": {
        "label": "org.columba.core.gui.statusbar.StatusBar",
        "type": "TypeAccess"
      },
      "location-after-char-start": 0,
      "location-after-char-end": 0,
      "node-str": "org.columba.core.gui.statusbar.StatusBar"
    },
    {
      "type": "insert-node",
      "node": {
        "label": "\"\"",
        "type": "Literal"
      },
      "location-after-char-start": 11763,
      "location-after-char-end": 11764,
      "node-str": "\"\""
    },
    {
      "type": "insert-node",
      "node": {
        "label": "org.columba.core.gui.statusbar.StatusBar",
        "type": "TypeAccess"
      },
      "location-after-char-start": 0,
      "location-after-char-end": 0,
      "node-str": "org.columba.core.gui.statusbar.StatusBar"
    },
    {
      "type": "insert-node",
      "node": {
        "label": "0",
        "type": "Literal"
      },
      "location-after-char-start": 11800,
      "location-after-char-end": 11800,
      "node-str": "0"
    },
    {
      "type": "insert-node",
      "node": {
        "label": "0",
        "type": "Literal"
      },
      "location-after-char-start": 11803,
      "location-after-char-end": 11803,
      "node-str": "0"
    },
    {
      "type": "insert-node",
      "node": {
        "label": "org.columba.core.gui.statusbar.StatusBar",
        "type": "TypeAccess"
      },
      "location-after-char-start": 0,
      "location-after-char-end": 0,
      "node-str": "org.columba.core.gui.statusbar.StatusBar"
    },
    {
      "type": "insert-node",
      "node": {
        "label": "getDisplayText",
        "type": "Invocation"
      },
      "location-after-char-start": 11846,
      "location-after-char-end": 11863,
      "node-str": "getDisplayText"
    },
    {
      "type": "insert-node",
      "node": {
        "label": "org.columba.core.gui.statusbar.StatusBar",
        "type": "TypeAccess"
      },
      "location-after-char-start": 0,
      "location-after-char-end": 0,
      "node-str": "org.columba.core.gui.statusbar.StatusBar"
    },
    {
      "type": "insert-node",
      "node": {
        "label": "getProgressBarValue",
        "type": "Invocation"
      },
      "location-after-char-start": 11899,
      "location-after-char-end": 11921,
      "node-str": "getProgressBarValue"
    },
    {
      "type": "insert-node",
      "node": {
        "label": "getProgessBarMaximum",
        "type": "Invocation"
      },
      "location-after-char-start": 11924,
      "location-after-char-end": 11947,
      "node-str": "getProgessBarMaximum"
    },
    {
      "type": "insert-node",
      "node": {
        "label": "w",
        "type": "VariableRead"
      },
      "location-after-char-start": 11964,
      "location-after-char-end": 11964,
      "node-str": "w"
    },
    {
      "type": "insert-node",
      "node": {
        "label": "this",
        "type": "ThisAccess"
      },
      "location-after-char-start": 11996,
      "location-after-char-end": 11999,
      "node-str": "this"
    },
    {
      "type": "update-node",
      "node": {
        "label": "workerListSize",
        "type": "FieldRead"
      },
      "location-before-char-start": 9464,
      "location-before-char-end": 9477,
      "location-after-char-start": 8102,
      "location-after-char-end": 8112,
      "node-str": "taskManager"
    },
    {
      "type": "move-subtree",
      "node": {
        "label": "GT",
        "type": "BinaryOperator"
      },
      "location-before-char-start": 9736,
      "location-before-char-end": 9755,
      "location-after-char-start": 8160,
      "location-after-char-end": 8177,
      "node-str": "GT"
    },
    {
      "type": "insert-node",
      "node": {
        "label": "",
        "type": "ArrayRead"
      },
      "location-after-char-start": 8181,
      "location-after-char-end": 8190,
      "node-str": ""
    },
    {
      "type": "update-node",
      "node": {
        "label": "0",
        "type": "Literal"
      },
      "location-before-char-start": 9816,
      "location-before-char-end": 9816,
      "location-after-char-start": 8194,
      "location-after-char-end": 8197,
      "node-str": "null"
    },
    {
      "type": "move-subtree",
      "node": {
        "label": "0",
        "type": "Literal"
      },
      "location-before-char-start": 9816,
      "location-before-char-end": 9816,
      "location-after-char-start": 8194,
      "location-after-char-end": 8197,
      "node-str": "null"
    },
    {
      "type": "insert-node",
      "node": {
        "label": "org.columba.core.gui.statusbar.StatusBar",
        "type": "TypeAccess"
      },
      "location-after-char-start": 0,
      "location-after-char-end": 0,
      "node-str": "org.columba.core.gui.statusbar.StatusBar"
    },
    {
      "type": "insert-node",
      "node": {
        "label": "w",
        "type": "VariableRead"
      },
      "location-after-char-start": 11846,
      "location-after-char-end": 11846,
      "node-str": "w"
    },
    {
      "type": "insert-node",
      "node": {
        "label": "w",
        "type": "VariableRead"
      },
      "location-after-char-start": 11899,
      "location-after-char-end": 11899,
      "node-str": "w"
    },
    {
      "type": "insert-node",
      "node": {
        "label": "w",
        "type": "VariableRead"
      },
      "location-after-char-start": 11924,
      "location-after-char-end": 11924,
      "node-str": "w"
    },
    {
      "type": "insert-node",
      "node": {
        "label": "org.columba.core.gui.statusbar.StatusBar",
        "type": "TypeAccess"
      },
      "location-after-char-start": 0,
      "location-after-char-end": 0,
      "node-str": "org.columba.core.gui.statusbar.StatusBar"
    },
    {
      "type": "update-node",
      "node": {
        "label": "workerListSize",
        "type": "FieldRead"
      },
      "location-before-char-start": 9737,
      "location-before-char-end": 9750,
      "location-after-char-start": 8160,
      "location-after-char-end": 8173,
      "node-str": "length"
    },
    {
      "type": "update-node",
      "node": {
        "label": "e",
        "type": "VariableRead"
      },
      "location-before-char-start": 9761,
      "location-before-char-end": 9761,
      "location-after-char-start": 8181,
      "location-after-char-end": 8187,
      "node-str": "workers"
    },
    {
      "type": "move-subtree",
      "node": {
        "label": "e",
        "type": "VariableRead"
      },
      "location-before-char-start": 9761,
      "location-before-char-end": 9761,
      "location-after-char-start": 8181,
      "location-after-char-end": 8187,
      "node-str": "workers"
    },
    {
      "type": "move-subtree",
      "node": {
        "label": "0",
        "type": "Literal"
      },
      "location-before-char-start": 9780,
      "location-before-char-end": 9780,
      "location-after-char-start": 8189,
      "location-after-char-end": 8189,
      "node-str": "0"
    },
    {
      "type": "update-node",
      "node": {
        "label": "org.columba.core.gui.statusbar.TaskManagerDialog",
        "type": "TypeAccess"
      },
      "location-before-char-start": 12339,
      "location-before-char-end": 12355,
      "location-after-char-start": 10414,
      "location-after-char-end": 10430,
      "node-str": "TaskManagerDialog"
    },
    {
      "type": "insert-node",
      "node": {
        "label": "workers",
        "type": "VariableRead"
      },
      "location-after-char-start": 8160,
      "location-after-char-end": 8173,
      "node-str": "workers"
    },
    {
      "type": "delete-node",
      "node": {
        "label": "int",
        "type": "VARIABLE_TYPE"
      },
      "location-before-char-start": 0,
      "location-before-char-end": 0,
      "node-str": "int"
    },
    {
      "type": "delete-node",
      "node": {
        "label": "displayedWorkerIndex",
        "type": "Field"
      },
      "location-before-char-start": 2057,
      "location-before-char-end": 2089,
      "node-str": "displayedWorkerIndex"
    },
    {
      "type": "delete-node",
      "node": {
        "label": "int",
        "type": "VARIABLE_TYPE"
      },
      "location-before-char-start": 0,
      "location-before-char-end": 0,
      "node-str": "int"
    },
    {
      "type": "delete-node",
      "node": {
        "label": "workerListSize",
        "type": "Field"
      },
      "location-before-char-start": 2095,
      "location-before-char-end": 2121,
      "node-str": "workerListSize"
    },
    {
      "type": "delete-node",
      "node": {
        "label": "org.columba.core.gui.statusbar.StatusBar",
        "type": "TypeAccess"
      },
      "location-before-char-start": 0,
      "location-before-char-end": 0,
      "node-str": "org.columba.core.gui.statusbar.StatusBar"
    },
    {
      "type": "delete-node",
      "node": {
        "label": "displayedWorkerIndex",
        "type": "FieldWrite"
      },
      "location-before-char-start": 2671,
      "location-before-char-end": 2690,
      "node-str": "displayedWorkerIndex"
    },
    {
      "type": "delete-node",
      "node": {
        "label": "0",
        "type": "Literal"
      },
      "location-before-char-start": 2694,
      "location-before-char-end": 2694,
      "node-str": "0"
    },
    {
      "type": "delete-node",
      "node": {
        "label": "\u003d",
        "type": "Assignment"
      },
      "location-before-char-start": 2671,
      "location-before-char-end": 2695,
      "node-str": "\u003d"
    },
    {
      "type": "delete-node",
      "node": {
        "label": "org.columba.core.gui.statusbar.StatusBar",
        "type": "TypeAccess"
      },
      "location-before-char-start": 0,
      "location-before-char-end": 0,
      "node-str": "org.columba.core.gui.statusbar.StatusBar"
    },
    {
      "type": "delete-node",
      "node": {
        "label": "workerListSize",
        "type": "FieldWrite"
      },
      "location-before-char-start": 2705,
      "location-before-char-end": 2718,
      "node-str": "workerListSize"
    },
    {
      "type": "delete-node",
      "node": {
        "label": "0",
        "type": "Literal"
      },
      "location-before-char-start": 2722,
      "location-before-char-end": 2722,
      "node-str": "0"
    },
    {
      "type": "delete-node",
      "node": {
        "label": "\u003d",
        "type": "Assignment"
      },
      "location-before-char-start": 2705,
      "location-before-char-end": 2723,
      "node-str": "\u003d"
    },
    {
      "type": "delete-node",
      "node": {
        "label": "taskPanel",
        "type": "VariableRead"
      },
      "location-before-char-start": 4368,
      "location-before-char-end": 4376,
      "node-str": "taskPanel"
    },
    {
      "type": "delete-node",
      "node": {
        "label": "org.columba.core.gui.statusbar.StatusBar",
        "type": "TypeAccess"
      },
      "location-before-char-start": 0,
      "location-before-char-end": 0,
      "node-str": "org.columba.core.gui.statusbar.StatusBar"
    },
    {
      "type": "delete-node",
      "node": {
        "label": "initActions",
        "type": "Invocation"
      },
      "location-before-char-start": 5705,
      "location-before-char-end": 5718,
      "node-str": "initActions"
    },
    {
      "type": "delete-node",
      "node": {
        "label": "int",
        "type": "VARIABLE_TYPE"
      },
      "location-before-char-start": 0,
      "location-before-char-end": 0,
      "node-str": "int"
    },
    {
      "type": "delete-node",
      "node": {
        "label": "i",
        "type": "Parameter"
      },
      "location-before-char-start": 6009,
      "location-before-char-end": 6013,
      "node-str": "i"
    },
    {
      "type": "delete-node",
      "node": {
        "label": "int",
        "type": "VARIABLE_TYPE"
      },
      "location-before-char-start": 0,
      "location-before-char-end": 0,
      "node-str": "int"
    },
    {
      "type": "delete-node",
      "node": {
        "label": "final",
        "type": "Modifier"
      },
      "location-before-char-start": 0,
      "location-before-char-end": 0,
      "node-str": "final"
    },
    {
      "type": "delete-node",
      "node": {
        "label": "i",
        "type": "VariableRead"
      },
      "location-before-char-start": 6040,
      "location-before-char-end": 6040,
      "node-str": "i"
    },
    {
      "type": "delete-node",
      "node": {
        "label": "n",
        "type": "LocalVariable"
      },
      "location-before-char-start": 6026,
      "location-before-char-end": 6041,
      "node-str": "n"
    },
    {
      "type": "delete-node",
      "node": {
        "label": "javax.swing.SwingUtilities",
        "type": "TypeAccess"
      },
      "location-before-char-start": 6242,
      "location-before-char-end": 6255,
      "node-str": "javax.swing.SwingUtilities"
    },
    {
      "type": "delete-node",
      "node": {
        "label": "isEventDispatchThread",
        "type": "Invocation"
      },
      "location-before-char-start": 6242,
      "location-before-char-end": 6279,
      "node-str": "isEventDispatchThread"
    },
    {
      "type": "delete-node",
      "node": {
        "label": "NOT",
        "type": "UnaryOperator"
      },
      "location-before-char-start": 6241,
      "location-before-char-end": 6279,
      "node-str": "NOT"
    },
    {
      "type": "delete-node",
      "node": {
        "label": "javax.swing.SwingUtilities",
        "type": "TypeAccess"
      },
      "location-before-char-start": 6300,
      "location-before-char-end": 6313,
      "node-str": "javax.swing.SwingUtilities"
    },
    {
      "type": "delete-node",
      "node": {
        "label": "run",
        "type": "VariableRead"
      },
      "location-before-char-start": 6329,
      "location-before-char-end": 6331,
      "node-str": "run"
    },
    {
      "type": "delete-node",
      "node": {
        "label": "invokeAndWait",
        "type": "Invocation"
      },
      "location-before-char-start": 6300,
      "location-before-char-end": 6333,
      "node-str": "invokeAndWait"
    },
    {
      "type": "delete-node",
      "node": {
        "label": "THEN",
        "type": "then"
      },
      "location-before-char-start": 6282,
      "location-before-char-end": 6347,
      "node-str": "THEN"
    },
    {
      "type": "delete-node",
      "node": {
        "label": "ELSE",
        "type": "else"
      },
      "location-before-char-start": 6354,
      "location-before-char-end": 6417,
      "node-str": "ELSE"
    },
    {
      "type": "delete-node",
      "node": {
        "label": "if",
        "type": "If"
      },
      "location-before-char-start": 6237,
      "location-before-char-end": 6417,
      "node-str": "if"
    },
    {
      "type": "delete-node",
      "node": {
        "label": "javax.swing.SwingUtilities",
        "type": "TypeAccess"
      },
      "location-before-char-start": 6866,
      "location-before-char-end": 6879,
      "node-str": "javax.swing.SwingUtilities"
    },
    {
      "type": "delete-node",
      "node": {
        "label": "isEventDispatchThread",
        "type": "Invocation"
      },
      "location-before-char-start": 6866,
      "location-before-char-end": 6903,
      "node-str": "isEventDispatchThread"
    },
    {
      "type": "delete-node",
      "node": {
        "label": "NOT",
        "type": "UnaryOperator"
      },
      "location-before-char-start": 6865,
      "location-before-char-end": 6903,
      "node-str": "NOT"
    },
    {
      "type": "delete-node",
      "node": {
        "label": "javax.swing.SwingUtilities",
        "type": "TypeAccess"
      },
      "location-before-char-start": 6924,
      "location-before-char-end": 6937,
      "node-str": "javax.swing.SwingUtilities"
    },
    {
      "type": "delete-node",
      "node": {
        "label": "run",
        "type": "VariableRead"
      },
      "location-before-char-start": 6953,
      "location-before-char-end": 6955,
      "node-str": "run"
    },
    {
      "type": "delete-node",
      "node": {
        "label": "invokeAndWait",
        "type": "Invocation"
      },
      "location-before-char-start": 6924,
      "location-before-char-end": 6957,
      "node-str": "invokeAndWait"
    },
    {
      "type": "delete-node",
      "node": {
        "label": "THEN",
        "type": "then"
      },
      "location-before-char-start": 6906,
      "location-before-char-end": 6971,
      "node-str": "THEN"
    },
    {
      "type": "delete-node",
      "node": {
        "label": "ELSE",
        "type": "else"
      },
      "location-before-char-start": 6978,
      "location-before-char-end": 7041,
      "node-str": "ELSE"
    },
    {
      "type": "delete-node",
      "node": {
        "label": "if",
        "type": "If"
      },
      "location-before-char-start": 6861,
      "location-before-char-end": 7041,
      "node-str": "if"
    },
    {
      "type": "delete-node",
      "node": {
        "label": "javax.swing.SwingUtilities",
        "type": "TypeAccess"
      },
      "location-before-char-start": 7391,
      "location-before-char-end": 7404,
      "node-str": "javax.swing.SwingUtilities"
    },
    {
      "type": "delete-node",
      "node": {
        "label": "isEventDispatchThread",
        "type": "Invocation"
      },
      "location-before-char-start": 7391,
      "location-before-char-end": 7428,
      "node-str": "isEventDispatchThread"
    },
    {
      "type": "delete-node",
      "node": {
        "label": "NOT",
        "type": "UnaryOperator"
      },
      "location-before-char-start": 7390,
      "location-before-char-end": 7428,
      "node-str": "NOT"
    },
    {
      "type": "delete-node",
      "node": {
        "label": "javax.swing.SwingUtilities",
        "type": "TypeAccess"
      },
      "location-before-char-start": 7449,
      "location-before-char-end": 7462,
      "node-str": "javax.swing.SwingUtilities"
    },
    {
      "type": "delete-node",
      "node": {
        "label": "run",
        "type": "VariableRead"
      },
      "location-before-char-start": 7478,
      "location-before-char-end": 7480,
      "node-str": "run"
    },
    {
      "type": "delete-node",
      "node": {
        "label": "invokeAndWait",
        "type": "Invocation"
      },
      "location-before-char-start": 7449,
      "location-before-char-end": 7482,
      "node-str": "invokeAndWait"
    },
    {
      "type": "delete-node",
      "node": {
        "label": "THEN",
        "type": "then"
      },
      "location-before-char-start": 7431,
      "location-before-char-end": 7496,
      "node-str": "THEN"
    },
    {
      "type": "delete-node",
      "node": {
        "label": "ELSE",
        "type": "else"
      },
      "location-before-char-start": 7503,
      "location-before-char-end": 7566,
      "node-str": "ELSE"
    },
    {
      "type": "delete-node",
      "node": {
        "label": "if",
        "type": "If"
      },
      "location-before-char-start": 7386,
      "location-before-char-end": 7566,
      "node-str": "if"
    },
    {
      "type": "delete-node",
      "node": {
        "label": "javax.swing.SwingUtilities",
        "type": "TypeAccess"
      },
      "location-before-char-start": 7964,
      "location-before-char-end": 7977,
      "node-str": "javax.swing.SwingUtilities"
    },
    {
      "type": "delete-node",
      "node": {
        "label": "isEventDispatchThread",
        "type": "Invocation"
      },
      "location-before-char-start": 7964,
      "location-before-char-end": 8001,
      "node-str": "isEventDispatchThread"
    },
    {
      "type": "delete-node",
      "node": {
        "label": "NOT",
        "type": "UnaryOperator"
      },
      "location-before-char-start": 7963,
      "location-before-char-end": 8001,
      "node-str": "NOT"
    },
    {
      "type": "delete-node",
      "node": {
        "label": "javax.swing.SwingUtilities",
        "type": "TypeAccess"
      },
      "location-before-char-start": 8022,
      "location-before-char-end": 8035,
      "node-str": "javax.swing.SwingUtilities"
    },
    {
      "type": "delete-node",
      "node": {
        "label": "run",
        "type": "VariableRead"
      },
      "location-before-char-start": 8051,
      "location-before-char-end": 8053,
      "node-str": "run"
    },
    {
      "type": "delete-node",
      "node": {
        "label": "invokeAndWait",
        "type": "Invocation"
      },
      "location-before-char-start": 8022,
      "location-before-char-end": 8055,
      "node-str": "invokeAndWait"
    },
    {
      "type": "delete-node",
      "node": {
        "label": "THEN",
        "type": "then"
      },
      "location-before-char-start": 8004,
      "location-before-char-end": 8069,
      "node-str": "THEN"
    },
    {
      "type": "delete-node",
      "node": {
        "label": "ELSE",
        "type": "else"
      },
      "location-before-char-start": 8076,
      "location-before-char-end": 8139,
      "node-str": "ELSE"
    },
    {
      "type": "delete-node",
      "node": {
        "label": "if",
        "type": "If"
      },
      "location-before-char-start": 7959,
      "location-before-char-end": 8139,
      "node-str": "if"
    },
    {
      "type": "delete-node",
      "node": {
        "label": "javax.swing.SwingUtilities",
        "type": "TypeAccess"
      },
      "location-before-char-start": 8440,
      "location-before-char-end": 8453,
      "node-str": "javax.swing.SwingUtilities"
    },
    {
      "type": "delete-node",
      "node": {
        "label": "isEventDispatchThread",
        "type": "Invocation"
      },
      "location-before-char-start": 8440,
      "location-before-char-end": 8477,
      "node-str": "isEventDispatchThread"
    },
    {
      "type": "delete-node",
      "node": {
        "label": "NOT",
        "type": "UnaryOperator"
      },
      "location-before-char-start": 8439,
      "location-before-char-end": 8477,
      "node-str": "NOT"
    },
    {
      "type": "delete-node",
      "node": {
        "label": "javax.swing.SwingUtilities",
        "type": "TypeAccess"
      },
      "location-before-char-start": 8498,
      "location-before-char-end": 8511,
      "node-str": "javax.swing.SwingUtilities"
    },
    {
      "type": "delete-node",
      "node": {
        "label": "run",
        "type": "VariableRead"
      },
      "location-before-char-start": 8527,
      "location-before-char-end": 8529,
      "node-str": "run"
    },
    {
      "type": "delete-node",
      "node": {
        "label": "invokeAndWait",
        "type": "Invocation"
      },
      "location-before-char-start": 8498,
      "location-before-char-end": 8531,
      "node-str": "invokeAndWait"
    },
    {
      "type": "delete-node",
      "node": {
        "label": "THEN",
        "type": "then"
      },
      "location-before-char-start": 8480,
      "location-before-char-end": 8545,
      "node-str": "THEN"
    },
    {
      "type": "delete-node",
      "node": {
        "label": "ELSE",
        "type": "else"
      },
      "location-before-char-start": 8552,
      "location-before-char-end": 8615,
      "node-str": "ELSE"
    },
    {
      "type": "delete-node",
      "node": {
        "label": "if",
        "type": "If"
      },
      "location-before-char-start": 8435,
      "location-before-char-end": 8615,
      "node-str": "if"
    },
    {
      "type": "delete-node",
      "node": {
        "label": "taskManager",
        "type": "FieldRead"
      },
      "location-before-char-start": 8858,
      "location-before-char-end": 8868,
      "node-str": "taskManager"
    },
    {
      "type": "delete-node",
      "node": {
        "label": "index",
        "type": "VariableRead"
      },
      "location-before-char-start": 8874,
      "location-before-char-end": 8878,
      "node-str": "index"
    },
    {
      "type": "delete-node",
      "node": {
        "label": "org.columba.core.gui.statusbar.StatusBar",
        "type": "TypeAccess"
      },
      "location-before-char-start": 0,
      "location-before-char-end": 0,
      "node-str": "org.columba.core.gui.statusbar.StatusBar"
    },
    {
      "type": "delete-node",
      "node": {
        "label": "100",
        "type": "Literal"
      },
      "location-before-char-start": 8772,
      "location-before-char-end": 8774,
      "node-str": "100"
    },
    {
      "type": "delete-node",
      "node": {
        "label": "100",
        "type": "Literal"
      },
      "location-before-char-start": 8777,
      "location-before-char-end": 8779,
      "node-str": "100"
    },
    {
      "type": "delete-node",
      "node": {
        "label": "setMaximumAndValue",
        "type": "Invocation"
      },
      "location-before-char-start": 8753,
      "location-before-char-end": 8781,
      "node-str": "setMaximumAndValue"
    },
    {
      "type": "delete-node",
      "node": {
        "label": "org.columba.core.command.Worker",
        "type": "VARIABLE_TYPE"
      },
      "location-before-char-start": 0,
      "location-before-char-end": 0,
      "node-str": "org.columba.core.command.Worker"
    },
    {
      "type": "delete-node",
      "node": {
        "label": "w",
        "type": "LocalVariable"
      },
      "location-before-char-start": 8847,
      "location-before-char-end": 8880,
      "node-str": "w"
    },
    {
      "type": "delete-node",
      "node": {
        "label": "w",
        "type": "VariableRead"
      },
      "location-before-char-start": 8895,
      "location-before-char-end": 8895,
      "node-str": "w"
    },
    {
      "type": "delete-node",
      "node": {
        "label": "getDisplayText",
        "type": "Invocation"
      },
      "location-before-char-start": 8895,
      "location-before-char-end": 8912,
      "node-str": "getDisplayText"
    },
    {
      "type": "delete-node",
      "node": {
        "label": "length",
        "type": "Invocation"
      },
      "location-before-char-start": 8895,
      "location-before-char-end": 8921,
      "node-str": "length"
    },
    {
      "type": "delete-node",
      "node": {
        "label": "0",
        "type": "Literal"
      },
      "location-before-char-start": 8926,
      "location-before-char-end": 8926,
      "node-str": "0"
    },
    {
      "type": "delete-node",
      "node": {
        "label": "NE",
        "type": "BinaryOperator"
      },
      "location-before-char-start": 8895,
      "location-before-char-end": 8926,
      "node-str": "NE"
    },
    {
      "type": "delete-node",
      "node": {
        "label": "THEN",
        "type": "then"
      },
      "location-before-char-start": 8929,
      "location-before-char-end": 8980,
      "node-str": "THEN"
    },
    {
      "type": "delete-node",
      "node": {
        "label": "if",
        "type": "If"
      },
      "location-before-char-start": 8891,
      "location-before-char-end": 8980,
      "node-str": "if"
    },
    {
      "type": "delete-node",
      "node": {
        "label": "org.columba.core.gui.statusbar.StatusBar",
        "type": "TypeAccess"
      },
      "location-before-char-start": 0,
      "location-before-char-end": 0,
      "node-str": "org.columba.core.gui.statusbar.StatusBar"
    },
    {
      "type": "delete-node",
      "node": {
        "label": "w",
        "type": "VariableRead"
      },
      "location-before-char-start": 9010,
      "location-before-char-end": 9010,
      "node-str": "w"
    },
    {
      "type": "delete-node",
      "node": {
        "label": "getProgressBarValue",
        "type": "Invocation"
      },
      "location-before-char-start": 9010,
      "location-before-char-end": 9032,
      "node-str": "getProgressBarValue"
    },
    {
      "type": "delete-node",
      "node": {
        "label": "w",
        "type": "VariableRead"
      },
      "location-before-char-start": 9035,
      "location-before-char-end": 9035,
      "node-str": "w"
    },
    {
      "type": "delete-node",
      "node": {
        "label": "getProgessBarMaximum",
        "type": "Invocation"
      },
      "location-before-char-start": 9035,
      "location-before-char-end": 9058,
      "node-str": "getProgessBarMaximum"
    },
    {
      "type": "delete-node",
      "node": {
        "label": "setMaximumAndValue",
        "type": "Invocation"
      },
      "location-before-char-start": 8991,
      "location-before-char-end": 9060,
      "node-str": "setMaximumAndValue"
    },
    {
      "type": "delete-node",
      "node": {
        "label": "org.columba.core.gui.statusbar.StatusBar",
        "type": "TypeAccess"
      },
      "location-before-char-start": 0,
      "location-before-char-end": 0,
      "node-str": "org.columba.core.gui.statusbar.StatusBar"
    },
    {
      "type": "delete-node",
      "node": {
        "label": "displayedWorker",
        "type": "FieldRead"
      },
      "location-before-char-start": 9075,
      "location-before-char-end": 9089,
      "node-str": "displayedWorker"
    },
    {
      "type": "delete-node",
      "node": {
        "label": "null",
        "type": "Literal"
      },
      "location-before-char-start": 9094,
      "location-before-char-end": 9097,
      "node-str": "null"
    },
    {
      "type": "delete-node",
      "node": {
        "label": "NE",
        "type": "BinaryOperator"
      },
      "location-before-char-start": 9075,
      "location-before-char-end": 9097,
      "node-str": "NE"
    },
    {
      "type": "delete-node",
      "node": {
        "label": "org.columba.core.gui.statusbar.StatusBar",
        "type": "TypeAccess"
      },
      "location-before-char-start": 0,
      "location-before-char-end": 0,
      "node-str": "org.columba.core.gui.statusbar.StatusBar"
    },
    {
      "type": "delete-node",
      "node": {
        "label": "displayedWorker",
        "type": "FieldRead"
      },
      "location-before-char-start": 9114,
      "location-before-char-end": 9128,
      "node-str": "displayedWorker"
    },
    {
      "type": "delete-node",
      "node": {
        "label": "org.columba.core.gui.statusbar.StatusBar",
        "type": "TypeAccess"
      },
      "location-before-char-start": 0,
      "location-before-char-end": 0,
      "node-str": "org.columba.core.gui.statusbar.StatusBar"
    },
    {
      "type": "delete-node",
      "node": {
        "label": "this",
        "type": "ThisAccess"
      },
      "location-before-char-start": 9163,
      "location-before-char-end": 9166,
      "node-str": "this"
    },
    {
      "type": "delete-node",
      "node": {
        "label": "removeWorkerStatusChangeListener",
        "type": "Invocation"
      },
      "location-before-char-start": 9114,
      "location-before-char-end": 9168,
      "node-str": "removeWorkerStatusChangeListener"
    },
    {
      "type": "delete-node",
      "node": {
        "label": "THEN",
        "type": "then"
      },
      "location-before-char-start": 9100,
      "location-before-char-end": 9178,
      "node-str": "THEN"
    },
    {
      "type": "delete-node",
      "node": {
        "label": "if",
        "type": "If"
      },
      "location-before-char-start": 9071,
      "location-before-char-end": 9178,
      "node-str": "if"
    },
    {
      "type": "delete-node",
      "node": {
        "label": "w",
        "type": "VariableRead"
      },
      "location-before-char-start": 9189,
      "location-before-char-end": 9189,
      "node-str": "w"
    },
    {
      "type": "delete-node",
      "node": {
        "label": "org.columba.core.gui.statusbar.StatusBar",
        "type": "TypeAccess"
      },
      "location-before-char-start": 0,
      "location-before-char-end": 0,
      "node-str": "org.columba.core.gui.statusbar.StatusBar"
    },
    {
      "type": "delete-node",
      "node": {
        "label": "this",
        "type": "ThisAccess"
      },
      "location-before-char-start": 9221,
      "location-before-char-end": 9224,
      "node-str": "this"
    },
    {
      "type": "delete-node",
      "node": {
        "label": "addWorkerStatusChangeListener",
        "type": "Invocation"
      },
      "location-before-char-start": 9189,
      "location-before-char-end": 9226,
      "node-str": "addWorkerStatusChangeListener"
    },
    {
      "type": "delete-node",
      "node": {
        "label": "org.columba.core.gui.statusbar.StatusBar",
        "type": "TypeAccess"
      },
      "location-before-char-start": 0,
      "location-before-char-end": 0,
      "node-str": "org.columba.core.gui.statusbar.StatusBar"
    },
    {
      "type": "delete-node",
      "node": {
        "label": "displayedWorker",
        "type": "FieldWrite"
      },
      "location-before-char-start": 9236,
      "location-before-char-end": 9250,
      "node-str": "displayedWorker"
    },
    {
      "type": "delete-node",
      "node": {
        "label": "w",
        "type": "VariableRead"
      },
      "location-before-char-start": 9254,
      "location-before-char-end": 9254,
      "node-str": "w"
    },
    {
      "type": "delete-node",
      "node": {
        "label": "\u003d",
        "type": "Assignment"
      },
      "location-before-char-start": 9236,
      "location-before-char-end": 9255,
      "node-str": "\u003d"
    },
    {
      "type": "delete-node",
      "node": {
        "label": "org.columba.core.gui.statusbar.StatusBar",
        "type": "TypeAccess"
      },
      "location-before-char-start": 0,
      "location-before-char-end": 0,
      "node-str": "org.columba.core.gui.statusbar.StatusBar"
    },
    {
      "type": "delete-node",
      "node": {
        "label": "org.columba.core.gui.statusbar.StatusBar",
        "type": "TypeAccess"
      },
      "location-before-char-start": 0,
      "location-before-char-end": 0,
      "node-str": "org.columba.core.gui.statusbar.StatusBar"
    },
    {
      "type": "delete-node",
      "node": {
        "label": "org.columba.core.gui.statusbar.StatusBar",
        "type": "TypeAccess"
      },
      "location-before-char-start": 0,
      "location-before-char-end": 0,
      "node-str": "org.columba.core.gui.statusbar.StatusBar"
    },
    {
      "type": "delete-node",
      "node": {
        "label": "workerListSize",
        "type": "FieldWrite"
      },
      "location-before-char-start": 9404,
      "location-before-char-end": 9417,
      "node-str": "workerListSize"
    },
    {
      "type": "delete-node",
      "node": {
        "label": "e",
        "type": "VariableRead"
      },
      "location-before-char-start": 9421,
      "location-before-char-end": 9421,
      "node-str": "e"
    },
    {
      "type": "delete-node",
      "node": {
        "label": "getNewValue",
        "type": "Invocation"
      },
      "location-before-char-start": 9421,
      "location-before-char-end": 9435,
      "node-str": "getNewValue"
    },
    {
      "type": "delete-node",
      "node": {
        "label": "\u003d",
        "type": "Assignment"
      },
      "location-before-char-start": 9404,
      "location-before-char-end": 9436,
      "node-str": "\u003d"
    },
    {
      "type": "delete-node",
      "node": {
        "label": "displayedWorkerIndex",
        "type": "FieldRead"
      },
      "location-before-char-start": 9498,
      "location-before-char-end": 9517,
      "node-str": "displayedWorkerIndex"
    },
    {
      "type": "delete-node",
      "node": {
        "label": "org.columba.core.gui.statusbar.StatusBar",
        "type": "TypeAccess"
      },
      "location-before-char-start": 0,
      "location-before-char-end": 0,
      "node-str": "org.columba.core.gui.statusbar.StatusBar"
    },
    {
      "type": "delete-node",
      "node": {
        "label": "workerListSize",
        "type": "FieldRead"
      },
      "location-before-char-start": 9522,
      "location-before-char-end": 9535,
      "node-str": "workerListSize"
    },
    {
      "type": "delete-node",
      "node": {
        "label": "1",
        "type": "Literal"
      },
      "location-before-char-start": 9539,
      "location-before-char-end": 9539,
      "node-str": "1"
    },
    {
      "type": "delete-node",
      "node": {
        "label": "MINUS",
        "type": "BinaryOperator"
      },
      "location-before-char-start": 9521,
      "location-before-char-end": 9540,
      "node-str": "MINUS"
    },
    {
      "type": "delete-node",
      "node": {
        "label": "GT",
        "type": "BinaryOperator"
      },
      "location-before-char-start": 9498,
      "location-before-char-end": 9540,
      "node-str": "GT"
    },
    {
      "type": "delete-node",
      "node": {
        "label": "org.columba.core.gui.statusbar.StatusBar",
        "type": "TypeAccess"
      },
      "location-before-char-start": 0,
      "location-before-char-end": 0,
      "node-str": "org.columba.core.gui.statusbar.StatusBar"
    },
    {
      "type": "delete-node",
      "node": {
        "label": "displayedWorkerIndex",
        "type": "FieldWrite"
      },
      "location-before-char-start": 9561,
      "location-before-char-end": 9580,
      "node-str": "displayedWorkerIndex"
    },
    {
      "type": "delete-node",
      "node": {
        "label": "org.columba.core.gui.statusbar.StatusBar",
        "type": "TypeAccess"
      },
      "location-before-char-start": 0,
      "location-before-char-end": 0,
      "node-str": "org.columba.core.gui.statusbar.StatusBar"
    },
    {
      "type": "delete-node",
      "node": {
        "label": "workerListSize",
        "type": "FieldRead"
      },
      "location-before-char-start": 9584,
      "location-before-char-end": 9597,
      "node-str": "workerListSize"
    },
    {
      "type": "delete-node",
      "node": {
        "label": "1",
        "type": "Literal"
      },
      "location-before-char-start": 9601,
      "location-before-char-end": 9601,
      "node-str": "1"
    },
    {
      "type": "delete-node",
      "node": {
        "label": "MINUS",
        "type": "BinaryOperator"
      },
      "location-before-char-start": 9584,
      "location-before-char-end": 9601,
      "node-str": "MINUS"
    },
    {
      "type": "delete-node",
      "node": {
        "label": "\u003d",
        "type": "Assignment"
      },
      "location-before-char-start": 9561,
      "location-before-char-end": 9602,
      "node-str": "\u003d"
    },
    {
      "type": "delete-node",
      "node": {
        "label": "THEN",
        "type": "then"
      },
      "location-before-char-start": 9543,
      "location-before-char-end": 9616,
      "node-str": "THEN"
    },
    {
      "type": "delete-node",
      "node": {
        "label": "if",
        "type": "If"
      },
      "location-before-char-start": 9494,
      "location-before-char-end": 9616,
      "node-str": "if"
    },
    {
      "type": "delete-node",
      "node": {
        "label": "org.columba.core.gui.statusbar.StatusBar",
        "type": "TypeAccess"
      },
      "location-before-char-start": 0,
      "location-before-char-end": 0,
      "node-str": "org.columba.core.gui.statusbar.StatusBar"
    },
    {
      "type": "delete-node",
      "node": {
        "label": "displayedWorkerIndex",
        "type": "FieldRead"
      },
      "location-before-char-start": 9635,
      "location-before-char-end": 9654,
      "node-str": "displayedWorkerIndex"
    },
    {
      "type": "delete-node",
      "node": {
        "label": "0",
        "type": "Literal"
      },
      "location-before-char-start": 9658,
      "location-before-char-end": 9658,
      "node-str": "0"
    },
    {
      "type": "delete-node",
      "node": {
        "label": "LT",
        "type": "BinaryOperator"
      },
      "location-before-char-start": 9635,
      "location-before-char-end": 9658,
      "node-str": "LT"
    },
    {
      "type": "delete-node",
      "node": {
        "label": "org.columba.core.gui.statusbar.StatusBar",
        "type": "TypeAccess"
      },
      "location-before-char-start": 0,
      "location-before-char-end": 0,
      "node-str": "org.columba.core.gui.statusbar.StatusBar"
    },
    {
      "type": "delete-node",
      "node": {
        "label": "displayedWorkerIndex",
        "type": "FieldWrite"
      },
      "location-before-char-start": 9679,
      "location-before-char-end": 9698,
      "node-str": "displayedWorkerIndex"
    },
    {
      "type": "delete-node",
      "node": {
        "label": "0",
        "type": "Literal"
      },
      "location-before-char-start": 9702,
      "location-before-char-end": 9702,
      "node-str": "0"
    },
    {
      "type": "delete-node",
      "node": {
        "label": "\u003d",
        "type": "Assignment"
      },
      "location-before-char-start": 9679,
      "location-before-char-end": 9703,
      "node-str": "\u003d"
    },
    {
      "type": "delete-node",
      "node": {
        "label": "THEN",
        "type": "then"
      },
      "location-before-char-start": 9661,
      "location-before-char-end": 9717,
      "node-str": "THEN"
    },
    {
      "type": "delete-node",
      "node": {
        "label": "if",
        "type": "If"
      },
      "location-before-char-start": 9631,
      "location-before-char-end": 9717,
      "node-str": "if"
    },
    {
      "type": "delete-node",
      "node": {
        "label": "getOldValue",
        "type": "Invocation"
      },
      "location-before-char-start": 9761,
      "location-before-char-end": 9775,
      "node-str": "getOldValue"
    },
    {
      "type": "delete-node",
      "node": {
        "label": "EQ",
        "type": "BinaryOperator"
      },
      "location-before-char-start": 9760,
      "location-before-char-end": 9781,
      "node-str": "EQ"
    },
    {
      "type": "delete-node",
      "node": {
        "label": "AND",
        "type": "BinaryOperator"
      },
      "location-before-char-start": 9736,
      "location-before-char-end": 9781,
      "node-str": "AND"
    },
    {
      "type": "delete-node",
      "node": {
        "label": "org.columba.core.gui.statusbar.StatusBar",
        "type": "TypeAccess"
      },
      "location-before-char-start": 0,
      "location-before-char-end": 0,
      "node-str": "org.columba.core.gui.statusbar.StatusBar"
    },
    {
      "type": "delete-node",
      "node": {
        "label": "displayWorker",
        "type": "Invocation"
      },
      "location-before-char-start": 9802,
      "location-before-char-end": 9818,
      "node-str": "displayWorker"
    },
    {
      "type": "delete-node",
      "node": {
        "label": "THEN",
        "type": "then"
      },
      "location-before-char-start": 9784,
      "location-before-char-end": 9832,
      "node-str": "THEN"
    },
    {
      "type": "delete-node",
      "node": {
        "label": "if",
        "type": "If"
      },
      "location-before-char-start": 9732,
      "location-before-char-end": 9832,
      "node-str": "if"
    },
    {
      "type": "delete-node",
      "node": {
        "label": "break",
        "type": "Break"
      },
      "location-before-char-start": 10958,
      "location-before-char-end": 10963,
      "node-str": "break"
    },
    {
      "type": "delete-node",
      "node": {
        "label": "org.columba.core.gui.statusbar.event.WorkerStatusChangedEvent",
        "type": "TypeAccess"
      },
      "location-before-char-start": 0,
      "location-before-char-end": 0,
      "node-str": "org.columba.core.gui.statusbar.event.WorkerStatusChangedEvent"
    },
    {
      "type": "delete-node",
      "node": {
        "label": "FINISHED",
        "type": "FieldRead"
      },
      "location-before-char-start": 10979,
      "location-before-char-end": 11011,
      "node-str": "FINISHED"
    },
    {
      "type": "delete-node",
      "node": {
        "label": "org.columba.core.gui.statusbar.StatusBar",
        "type": "TypeAccess"
      },
      "location-before-char-start": 0,
      "location-before-char-end": 0,
      "node-str": "org.columba.core.gui.statusbar.StatusBar"
    },
    {
      "type": "delete-node",
      "node": {
        "label": "workerListSize",
        "type": "FieldRead"
      },
      "location-before-char-start": 11031,
      "location-before-char-end": 11044,
      "node-str": "workerListSize"
    },
    {
      "type": "delete-node",
      "node": {
        "label": "0",
        "type": "Literal"
      },
      "location-before-char-start": 11048,
      "location-before-char-end": 11048,
      "node-str": "0"
    },
    {
      "type": "delete-node",
      "node": {
        "label": "GT",
        "type": "BinaryOperator"
      },
      "location-before-char-start": 11031,
      "location-before-char-end": 11048,
      "node-str": "GT"
    },
    {
      "type": "delete-node",
      "node": {
        "label": "org.columba.core.gui.statusbar.StatusBar",
        "type": "TypeAccess"
      },
      "location-before-char-start": 0,
      "location-before-char-end": 0,
      "node-str": "org.columba.core.gui.statusbar.StatusBar"
    },
    {
      "type": "delete-node",
      "node": {
        "label": "0",
        "type": "Literal"
      },
      "location-before-char-start": 11083,
      "location-before-char-end": 11083,
      "node-str": "0"
    },
    {
      "type": "delete-node",
      "node": {
        "label": "displayWorker",
        "type": "Invocation"
      },
      "location-before-char-start": 11069,
      "location-before-char-end": 11085,
      "node-str": "displayWorker"
    },
    {
      "type": "delete-node",
      "node": {
        "label": "THEN",
        "type": "then"
      },
      "location-before-char-start": 11051,
      "location-before-char-end": 11099,
      "node-str": "THEN"
    },
    {
      "type": "delete-node",
      "node": {
        "label": "if",
        "type": "If"
      },
      "location-before-char-start": 11027,
      "location-before-char-end": 11099,
      "node-str": "if"
    },
    {
      "type": "delete-node",
      "node": {
        "label": "",
        "type": "Case"
      },
      "location-before-char-start": 10974,
      "location-before-char-end": 11099,
      "node-str": ""
    },
    {
      "type": "delete-node",
      "node": {
        "label": "void",
        "type": "RETURN_TYPE"
      },
      "location-before-char-start": 0,
      "location-before-char-end": 0,
      "node-str": "void"
    },
    {
      "type": "delete-node",
      "node": {
        "label": "protected",
        "type": "Modifier"
      },
      "location-before-char-start": 0,
      "location-before-char-end": 0,
      "node-str": "protected"
    },
    {
      "type": "delete-node",
      "node": {
        "label": "initActions",
        "type": "Method"
      },
      "location-before-char-start": 11648,
      "location-before-char-end": 11683,
      "node-str": "initActions"
    }
  ],
  "before-file": {},
  "after-file": {},
  "mapping": {}
}