{
  "tool-info": {},
  "diff": [
    {
      "type": "insert-node",
      "node": {
        "label": "r",
        "type": "Field"
      },
      "location-after-char-start": 1877,
      "location-after-char-end": 1912,
      "node-str": "r"
    },
    {
      "type": "insert-node",
      "node": {
        "label": "org.columba.mail.command.IFolderCommandReference",
        "type": "VARIABLE_TYPE"
      },
      "location-after-char-start": 0,
      "location-after-char-end": 0,
      "node-str": "org.columba.mail.command.IFolderCommandReference"
    },
    {
      "type": "move-subtree",
      "node": {
        "label": "protected",
        "type": "Modifier"
      },
      "location-before-char-start": 0,
      "location-before-char-end": 0,
      "location-after-char-start": 0,
      "location-after-char-end": 0,
      "node-str": "protected"
    },
    {
      "type": "update-node",
      "node": {
        "label": "org.columba.core.command.DefaultCommandReference",
        "type": "VARIABLE_TYPE"
      },
      "location-before-char-start": 0,
      "location-before-char-end": 0,
      "location-after-char-start": 0,
      "location-after-char-end": 0,
      "node-str": "org.columba.core.command.ICommandReference"
    },
    {
      "type": "delete-node",
      "node": {
        "label": "org.columba.mail.command.FolderCommandReference",
        "type": "VARIABLE_TYPE"
      },
      "location-before-char-start": 0,
      "location-before-char-end": 0,
      "node-str": "org.columba.mail.command.FolderCommandReference"
    },
    {
      "type": "delete-node",
      "node": {
        "label": "r",
        "type": "Field"
      },
      "location-before-char-start": 1826,
      "location-before-char-end": 1860,
      "node-str": "r"
    }
  ],
  "before-file": {},
  "after-file": {},
  "mapping": {}
}