{
  "tool-info": {},
  "diff": [
    {
      "type": "insert-node",
      "node": {
        "label": "",
        "type": "PackageDeclaration"
      },
      "location-after-char-start": 333,
      "location-after-char-end": 361,
      "node-str": ""
    },
    {
      "type": "insert-node",
      "node": {
        "label": "",
        "type": "ImportDeclaration"
      },
      "location-after-char-start": 363,
      "location-after-char-end": 399,
      "node-str": ""
    },
    {
      "type": "insert-node",
      "node": {
        "label": "",
        "type": "ImportDeclaration"
      },
      "location-after-char-start": 400,
      "location-after-char-end": 432,
      "node-str": ""
    },
    {
      "type": "insert-node",
      "node": {
        "label": "",
        "type": "ImportDeclaration"
      },
      "location-after-char-start": 433,
      "location-after-char-end": 477,
      "node-str": ""
    },
    {
      "type": "insert-node",
      "node": {
        "label": "",
        "type": "ImportDeclaration"
      },
      "location-after-char-start": 478,
      "location-after-char-end": 521,
      "node-str": ""
    },
    {
      "type": "insert-node",
      "node": {
        "label": "",
        "type": "ImportDeclaration"
      },
      "location-after-char-start": 522,
      "location-after-char-end": 543,
      "node-str": ""
    },
    {
      "type": "insert-node",
      "node": {
        "label": "",
        "type": "ImportDeclaration"
      },
      "location-after-char-start": 544,
      "location-after-char-end": 571,
      "node-str": ""
    },
    {
      "type": "insert-node",
      "node": {
        "label": "",
        "type": "ImportDeclaration"
      },
      "location-after-char-start": 572,
      "location-after-char-end": 596,
      "node-str": ""
    },
    {
      "type": "insert-node",
      "node": {
        "label": "",
        "type": "ImportDeclaration"
      },
      "location-after-char-start": 597,
      "location-after-char-end": 617,
      "node-str": ""
    },
    {
      "type": "insert-node",
      "node": {
        "label": "CH.ifa.draw.contrib",
        "type": "QualifiedName"
      },
      "location-after-char-start": 341,
      "location-after-char-end": 360,
      "node-str": "CH.ifa.draw.contrib"
    },
    {
      "type": "insert-node",
      "node": {
        "label": "CH.ifa.draw.util.CommandMenu",
        "type": "QualifiedName"
      },
      "location-after-char-start": 370,
      "location-after-char-end": 398,
      "node-str": "CH.ifa.draw.util.CommandMenu"
    },
    {
      "type": "insert-node",
      "node": {
        "label": "CH.ifa.draw.util.Command",
        "type": "QualifiedName"
      },
      "location-after-char-start": 407,
      "location-after-char-end": 431,
      "node-str": "CH.ifa.draw.util.Command"
    },
    {
      "type": "insert-node",
      "node": {
        "label": "CH.ifa.draw.standard.AbstractCommand",
        "type": "QualifiedName"
      },
      "location-after-char-start": 440,
      "location-after-char-end": 476,
      "node-str": "CH.ifa.draw.standard.AbstractCommand"
    },
    {
      "type": "insert-node",
      "node": {
        "label": "CH.ifa.draw.framework.DrawingEditor",
        "type": "QualifiedName"
      },
      "location-after-char-start": 485,
      "location-after-char-end": 520,
      "node-str": "CH.ifa.draw.framework.DrawingEditor"
    },
    {
      "type": "insert-node",
      "node": {
        "label": "javax.swing",
        "type": "QualifiedName"
      },
      "location-after-char-start": 529,
      "location-after-char-end": 540,
      "node-str": "javax.swing"
    },
    {
      "type": "insert-node",
      "node": {
        "label": "javax.swing.event",
        "type": "QualifiedName"
      },
      "location-after-char-start": 551,
      "location-after-char-end": 568,
      "node-str": "javax.swing.event"
    },
    {
      "type": "insert-node",
      "node": {
        "label": "java.awt.event",
        "type": "QualifiedName"
      },
      "location-after-char-start": 579,
      "location-after-char-end": 593,
      "node-str": "java.awt.event"
    },
    {
      "type": "insert-node",
      "node": {
        "label": "java.beans",
        "type": "QualifiedName"
      },
      "location-after-char-start": 604,
      "location-after-char-end": 614,
      "node-str": "java.beans"
    },
    {
      "type": "insert-node",
      "node": {
        "label": "public",
        "type": "Modifier"
      },
      "location-after-char-start": 839,
      "location-after-char-end": 845,
      "node-str": "public"
    },
    {
      "type": "insert-node",
      "node": {
        "label": "class",
        "type": "TYPE_DECLARATION_KIND"
      },
      "location-after-char-start": 846,
      "location-after-char-end": 851,
      "node-str": "class"
    },
    {
      "type": "insert-node",
      "node": {
        "label": "WindowMenu",
        "type": "SimpleName"
      },
      "location-after-char-start": 852,
      "location-after-char-end": 862,
      "node-str": "WindowMenu"
    },
    {
      "type": "insert-node",
      "node": {
        "label": "",
        "type": "SimpleType"
      },
      "location-after-char-start": 871,
      "location-after-char-end": 882,
      "node-str": ""
    },
    {
      "type": "insert-node",
      "node": {
        "label": "",
        "type": "FieldDeclaration"
      },
      "location-after-char-start": 919,
      "location-after-char-end": 950,
      "node-str": ""
    },
    {
      "type": "insert-node",
      "node": {
        "label": "",
        "type": "FieldDeclaration"
      },
      "location-after-char-start": 952,
      "location-after-char-end": 980,
      "node-str": ""
    },
    {
      "type": "insert-node",
      "node": {
        "label": "CommandMenu",
        "type": "SimpleName"
      },
      "location-after-char-start": 871,
      "location-after-char-end": 882,
      "node-str": "CommandMenu"
    },
    {
      "type": "insert-node",
      "node": {
        "label": "private",
        "type": "Modifier"
      },
      "location-after-char-start": 919,
      "location-after-char-end": 926,
      "node-str": "private"
    },
    {
      "type": "insert-node",
      "node": {
        "label": "",
        "type": "SimpleType"
      },
      "location-after-char-start": 927,
      "location-after-char-end": 934,
      "node-str": ""
    },
    {
      "type": "insert-node",
      "node": {
        "label": "",
        "type": "VariableDeclarationFragment"
      },
      "location-after-char-start": 935,
      "location-after-char-end": 949,
      "node-str": ""
    },
    {
      "type": "insert-node",
      "node": {
        "label": "private",
        "type": "Modifier"
      },
      "location-after-char-start": 952,
      "location-after-char-end": 959,
      "node-str": "private"
    },
    {
      "type": "insert-node",
      "node": {
        "label": "",
        "type": "SimpleType"
      },
      "location-after-char-start": 960,
      "location-after-char-end": 967,
      "node-str": ""
    },
    {
      "type": "insert-node",
      "node": {
        "label": "",
        "type": "VariableDeclarationFragment"
      },
      "location-after-char-start": 968,
      "location-after-char-end": 979,
      "node-str": ""
    },
    {
      "type": "insert-node",
      "node": {
        "label": "public",
        "type": "Modifier"
      },
      "location-after-char-start": 983,
      "location-after-char-end": 989,
      "node-str": "public"
    },
    {
      "type": "insert-node",
      "node": {
        "label": "WindowMenu",
        "type": "SimpleName"
      },
      "location-after-char-start": 990,
      "location-after-char-end": 1000,
      "node-str": "WindowMenu"
    },
    {
      "type": "insert-node",
      "node": {
        "label": "",
        "type": "SingleVariableDeclaration"
      },
      "location-after-char-start": 1041,
      "location-after-char-end": 1061,
      "node-str": ""
    },
    {
      "type": "insert-node",
      "node": {
        "label": "private",
        "type": "Modifier"
      },
      "location-after-char-start": 1948,
      "location-after-char-end": 1955,
      "node-str": "private"
    },
    {
      "type": "insert-node",
      "node": {
        "label": "void",
        "type": "PrimitiveType"
      },
      "location-after-char-start": 1956,
      "location-after-char-end": 1960,
      "node-str": "void"
    },
    {
      "type": "insert-node",
      "node": {
        "label": "buildChildMenus",
        "type": "SimpleName"
      },
      "location-after-char-start": 1961,
      "location-after-char-end": 1976,
      "node-str": "buildChildMenus"
    },
    {
      "type": "insert-node",
      "node": {
        "label": "Command",
        "type": "SimpleName"
      },
      "location-after-char-start": 927,
      "location-after-char-end": 934,
      "node-str": "Command"
    },
    {
      "type": "insert-node",
      "node": {
        "label": "cascadeCommand",
        "type": "SimpleName"
      },
      "location-after-char-start": 935,
      "location-after-char-end": 949,
      "node-str": "cascadeCommand"
    },
    {
      "type": "insert-node",
      "node": {
        "label": "Command",
        "type": "SimpleName"
      },
      "location-after-char-start": 960,
      "location-after-char-end": 967,
      "node-str": "Command"
    },
    {
      "type": "insert-node",
      "node": {
        "label": "tileCommand",
        "type": "SimpleName"
      },
      "location-after-char-start": 968,
      "location-after-char-end": 979,
      "node-str": "tileCommand"
    },
    {
      "type": "insert-node",
      "node": {
        "label": "",
        "type": "SimpleType"
      },
      "location-after-char-start": 1041,
      "location-after-char-end": 1054,
      "node-str": ""
    },
    {
      "type": "insert-node",
      "node": {
        "label": "editor",
        "type": "SimpleName"
      },
      "location-after-char-start": 1055,
      "location-after-char-end": 1061,
      "node-str": "editor"
    },
    {
      "type": "insert-node",
      "node": {
        "label": "",
        "type": "SuperConstructorInvocation"
      },
      "location-after-char-start": 1067,
      "location-after-char-end": 1082,
      "node-str": ""
    },
    {
      "type": "insert-node",
      "node": {
        "label": "",
        "type": "ExpressionStatement"
      },
      "location-after-char-start": 1109,
      "location-after-char-end": 1376,
      "node-str": ""
    },
    {
      "type": "insert-node",
      "node": {
        "label": "",
        "type": "ExpressionStatement"
      },
      "location-after-char-start": 1379,
      "location-after-char-end": 1637,
      "node-str": ""
    },
    {
      "type": "insert-node",
      "node": {
        "label": "",
        "type": "ExpressionStatement"
      },
      "location-after-char-start": 2057,
      "location-after-char-end": 2077,
      "node-str": ""
    },
    {
      "type": "insert-node",
      "node": {
        "label": "",
        "type": "ExpressionStatement"
      },
      "location-after-char-start": 2080,
      "location-after-char-end": 2097,
      "node-str": ""
    },
    {
      "type": "insert-node",
      "node": {
        "label": "DrawingEditor",
        "type": "SimpleName"
      },
      "location-after-char-start": 1041,
      "location-after-char-end": 1054,
      "node-str": "DrawingEditor"
    },
    {
      "type": "insert-node",
      "node": {
        "label": "newText",
        "type": "SimpleName"
      },
      "location-after-char-start": 1073,
      "location-after-char-end": 1080,
      "node-str": "newText"
    },
    {
      "type": "insert-node",
      "node": {
        "label": "",
        "type": "Assignment"
      },
      "location-after-char-start": 1109,
      "location-after-char-end": 1375,
      "node-str": ""
    },
    {
      "type": "insert-node",
      "node": {
        "label": "",
        "type": "Assignment"
      },
      "location-after-char-start": 1379,
      "location-after-char-end": 1636,
      "node-str": ""
    },
    {
      "type": "insert-node",
      "node": {
        "label": "",
        "type": "MethodInvocation"
      },
      "location-after-char-start": 2057,
      "location-after-char-end": 2076,
      "node-str": ""
    },
    {
      "type": "insert-node",
      "node": {
        "label": "",
        "type": "MethodInvocation"
      },
      "location-after-char-start": 2080,
      "location-after-char-end": 2096,
      "node-str": ""
    },
    {
      "type": "insert-node",
      "node": {
        "label": "",
        "type": "Block"
      },
      "location-after-char-start": 2122,
      "location-after-char-end": 2146,
      "node-str": ""
    },
    {
      "type": "insert-node",
      "node": {
        "label": "",
        "type": "VariableDeclarationExpression"
      },
      "location-after-char-start": 2236,
      "location-after-char-end": 2245,
      "node-str": ""
    },
    {
      "type": "insert-node",
      "node": {
        "label": "",
        "type": "PostfixExpression"
      },
      "location-after-char-start": 2265,
      "location-after-char-end": 2268,
      "node-str": ""
    },
    {
      "type": "insert-node",
      "node": {
        "label": "cascadeCommand",
        "type": "SimpleName"
      },
      "location-after-char-start": 1109,
      "location-after-char-end": 1123,
      "node-str": "cascadeCommand"
    },
    {
      "type": "insert-node",
      "node": {
        "label": "\u003d",
        "type": "ASSIGNMENT_OPERATOR"
      },
      "location-after-char-start": 1124,
      "location-after-char-end": 1125,
      "node-str": "\u003d"
    },
    {
      "type": "insert-node",
      "node": {
        "label": "",
        "type": "ClassInstanceCreation"
      },
      "location-after-char-start": 1126,
      "location-after-char-end": 1375,
      "node-str": ""
    },
    {
      "type": "insert-node",
      "node": {
        "label": "tileCommand",
        "type": "SimpleName"
      },
      "location-after-char-start": 1379,
      "location-after-char-end": 1390,
      "node-str": "tileCommand"
    },
    {
      "type": "insert-node",
      "node": {
        "label": "\u003d",
        "type": "ASSIGNMENT_OPERATOR"
      },
      "location-after-char-start": 1391,
      "location-after-char-end": 1392,
      "node-str": "\u003d"
    },
    {
      "type": "insert-node",
      "node": {
        "label": "",
        "type": "ClassInstanceCreation"
      },
      "location-after-char-start": 1393,
      "location-after-char-end": 1636,
      "node-str": ""
    },
    {
      "type": "insert-node",
      "node": {
        "label": "add",
        "type": "SimpleName"
      },
      "location-after-char-start": 2057,
      "location-after-char-end": 2060,
      "node-str": "add"
    },
    {
      "type": "insert-node",
      "node": {
        "label": "",
        "type": "METHOD_INVOCATION_ARGUMENTS"
      },
      "location-after-char-start": 2061,
      "location-after-char-end": 2075,
      "node-str": ""
    },
    {
      "type": "insert-node",
      "node": {
        "label": "add",
        "type": "SimpleName"
      },
      "location-after-char-start": 2080,
      "location-after-char-end": 2083,
      "node-str": "add"
    },
    {
      "type": "insert-node",
      "node": {
        "label": "",
        "type": "METHOD_INVOCATION_ARGUMENTS"
      },
      "location-after-char-start": 2084,
      "location-after-char-end": 2095,
      "node-str": ""
    },
    {
      "type": "move-subtree",
      "node": {
        "label": "",
        "type": "ExpressionStatement"
      },
      "location-before-char-start": 1978,
      "location-before-char-end": 1993,
      "location-after-char-start": 2127,
      "location-after-char-end": 2142,
      "node-str": ""
    },
    {
      "type": "insert-node",
      "node": {
        "label": "int",
        "type": "PrimitiveType"
      },
      "location-after-char-start": 2236,
      "location-after-char-end": 2239,
      "node-str": "int"
    },
    {
      "type": "insert-node",
      "node": {
        "label": "",
        "type": "VariableDeclarationFragment"
      },
      "location-after-char-start": 2240,
      "location-after-char-end": 2245,
      "node-str": ""
    },
    {
      "type": "insert-node",
      "node": {
        "label": "i",
        "type": "SimpleName"
      },
      "location-after-char-start": 2265,
      "location-after-char-end": 2266,
      "node-str": "i"
    },
    {
      "type": "insert-node",
      "node": {
        "label": "++",
        "type": "POSTFIX_EXPRESSION_OPERATOR"
      },
      "location-after-char-start": 2266,
      "location-after-char-end": 2268,
      "node-str": "++"
    },
    {
      "type": "insert-node",
      "node": {
        "label": "",
        "type": "SimpleType"
      },
      "location-after-char-start": 1130,
      "location-after-char-end": 1145,
      "node-str": ""
    },
    {
      "type": "insert-node",
      "node": {
        "label": "\"Cascade\"",
        "type": "StringLiteral"
      },
      "location-after-char-start": 1146,
      "location-after-char-end": 1155,
      "node-str": "\"Cascade\""
    },
    {
      "type": "insert-node",
      "node": {
        "label": "editor",
        "type": "SimpleName"
      },
      "location-after-char-start": 1157,
      "location-after-char-end": 1163,
      "node-str": "editor"
    },
    {
      "type": "insert-node",
      "node": {
        "label": "",
        "type": "AnonymousClassDeclaration"
      },
      "location-after-char-start": 1165,
      "location-after-char-end": 1375,
      "node-str": ""
    },
    {
      "type": "insert-node",
      "node": {
        "label": "",
        "type": "SimpleType"
      },
      "location-after-char-start": 1397,
      "location-after-char-end": 1412,
      "node-str": ""
    },
    {
      "type": "insert-node",
      "node": {
        "label": "\"Tile\"",
        "type": "StringLiteral"
      },
      "location-after-char-start": 1413,
      "location-after-char-end": 1419,
      "node-str": "\"Tile\""
    },
    {
      "type": "insert-node",
      "node": {
        "label": "editor",
        "type": "SimpleName"
      },
      "location-after-char-start": 1421,
      "location-after-char-end": 1427,
      "node-str": "editor"
    },
    {
      "type": "insert-node",
      "node": {
        "label": "",
        "type": "AnonymousClassDeclaration"
      },
      "location-after-char-start": 1429,
      "location-after-char-end": 1636,
      "node-str": ""
    },
    {
      "type": "insert-node",
      "node": {
        "label": "cascadeCommand",
        "type": "SimpleName"
      },
      "location-after-char-start": 2061,
      "location-after-char-end": 2075,
      "node-str": "cascadeCommand"
    },
    {
      "type": "insert-node",
      "node": {
        "label": "tileCommand",
        "type": "SimpleName"
      },
      "location-after-char-start": 2084,
      "location-after-char-end": 2095,
      "node-str": "tileCommand"
    },
    {
      "type": "insert-node",
      "node": {
        "label": "i",
        "type": "SimpleName"
      },
      "location-after-char-start": 2240,
      "location-after-char-end": 2241,
      "node-str": "i"
    },
    {
      "type": "insert-node",
      "node": {
        "label": "0",
        "type": "NumberLiteral"
      },
      "location-after-char-start": 2244,
      "location-after-char-end": 2245,
      "node-str": "0"
    },
    {
      "type": "insert-node",
      "node": {
        "label": "AbstractCommand",
        "type": "SimpleName"
      },
      "location-after-char-start": 1130,
      "location-after-char-end": 1145,
      "node-str": "AbstractCommand"
    },
    {
      "type": "move-subtree",
      "node": {
        "label": "",
        "type": "MethodDeclaration"
      },
      "location-before-char-start": 1052,
      "location-before-char-end": 1168,
      "location-after-char-start": 1170,
      "location-after-char-end": 1243,
      "node-str": ""
    },
    {
      "type": "insert-node",
      "node": {
        "label": "",
        "type": "MethodDeclaration"
      },
      "location-after-char-start": 1247,
      "location-after-char-end": 1371,
      "node-str": ""
    },
    {
      "type": "insert-node",
      "node": {
        "label": "AbstractCommand",
        "type": "SimpleName"
      },
      "location-after-char-start": 1397,
      "location-after-char-end": 1412,
      "node-str": "AbstractCommand"
    },
    {
      "type": "move-subtree",
      "node": {
        "label": "",
        "type": "MethodDeclaration"
      },
      "location-before-char-start": 1247,
      "location-before-char-end": 1360,
      "location-after-char-start": 1434,
      "location-after-char-end": 1504,
      "node-str": ""
    },
    {
      "type": "insert-node",
      "node": {
        "label": "",
        "type": "MethodDeclaration"
      },
      "location-after-char-start": 1508,
      "location-after-char-end": 1632,
      "node-str": ""
    },
    {
      "type": "update-node",
      "node": {
        "label": "ae",
        "type": "SimpleName"
      },
      "location-before-char-start": 1092,
      "location-before-char-end": 1094,
      "location-after-char-start": 1182,
      "location-after-char-end": 1189,
      "node-str": "execute"
    },
    {
      "type": "move-subtree",
      "node": {
        "label": "ae",
        "type": "SimpleName"
      },
      "location-before-char-start": 1092,
      "location-before-char-end": 1094,
      "location-after-char-start": 1182,
      "location-after-char-end": 1189,
      "node-str": "execute"
    },
    {
      "type": "insert-node",
      "node": {
        "label": "public",
        "type": "Modifier"
      },
      "location-after-char-start": 1247,
      "location-after-char-end": 1253,
      "node-str": "public"
    },
    {
      "type": "insert-node",
      "node": {
        "label": "boolean",
        "type": "PrimitiveType"
      },
      "location-after-char-start": 1254,
      "location-after-char-end": 1261,
      "node-str": "boolean"
    },
    {
      "type": "insert-node",
      "node": {
        "label": "isExecutable",
        "type": "SimpleName"
      },
      "location-after-char-start": 1262,
      "location-after-char-end": 1274,
      "node-str": "isExecutable"
    },
    {
      "type": "insert-node",
      "node": {
        "label": "",
        "type": "Block"
      },
      "location-after-char-start": 1277,
      "location-after-char-end": 1371,
      "node-str": ""
    },
    {
      "type": "update-node",
      "node": {
        "label": "ae",
        "type": "SimpleName"
      },
      "location-before-char-start": 1287,
      "location-before-char-end": 1289,
      "location-after-char-start": 1446,
      "location-after-char-end": 1453,
      "node-str": "execute"
    },
    {
      "type": "move-subtree",
      "node": {
        "label": "ae",
        "type": "SimpleName"
      },
      "location-before-char-start": 1287,
      "location-before-char-end": 1289,
      "location-after-char-start": 1446,
      "location-after-char-end": 1453,
      "node-str": "execute"
    },
    {
      "type": "insert-node",
      "node": {
        "label": "public",
        "type": "Modifier"
      },
      "location-after-char-start": 1508,
      "location-after-char-end": 1514,
      "node-str": "public"
    },
    {
      "type": "insert-node",
      "node": {
        "label": "boolean",
        "type": "PrimitiveType"
      },
      "location-after-char-start": 1515,
      "location-after-char-end": 1522,
      "node-str": "boolean"
    },
    {
      "type": "insert-node",
      "node": {
        "label": "isExecutable",
        "type": "SimpleName"
      },
      "location-after-char-start": 1523,
      "location-after-char-end": 1535,
      "node-str": "isExecutable"
    },
    {
      "type": "insert-node",
      "node": {
        "label": "",
        "type": "Block"
      },
      "location-after-char-start": 1538,
      "location-after-char-end": 1632,
      "node-str": ""
    },
    {
      "type": "insert-node",
      "node": {
        "label": "",
        "type": "ReturnStatement"
      },
      "location-after-char-start": 1283,
      "location-after-char-end": 1366,
      "node-str": ""
    },
    {
      "type": "insert-node",
      "node": {
        "label": "",
        "type": "ReturnStatement"
      },
      "location-after-char-start": 1544,
      "location-after-char-end": 1627,
      "node-str": ""
    },
    {
      "type": "insert-node",
      "node": {
        "label": "",
        "type": "InfixExpression"
      },
      "location-after-char-start": 1290,
      "location-after-char-end": 1365,
      "node-str": ""
    },
    {
      "type": "insert-node",
      "node": {
        "label": "",
        "type": "InfixExpression"
      },
      "location-after-char-start": 1551,
      "location-after-char-end": 1626,
      "node-str": ""
    },
    {
      "type": "insert-node",
      "node": {
        "label": "",
        "type": "SuperMethodInvocation"
      },
      "location-after-char-start": 1290,
      "location-after-char-end": 1310,
      "node-str": ""
    },
    {
      "type": "insert-node",
      "node": {
        "label": "\u0026\u0026",
        "type": "INFIX_EXPRESSION_OPERATOR"
      },
      "location-after-char-start": 1311,
      "location-after-char-end": 1313,
      "node-str": "\u0026\u0026"
    },
    {
      "type": "insert-node",
      "node": {
        "label": "",
        "type": "ParenthesizedExpression"
      },
      "location-after-char-start": 1314,
      "location-after-char-end": 1365,
      "node-str": ""
    },
    {
      "type": "insert-node",
      "node": {
        "label": "",
        "type": "SuperMethodInvocation"
      },
      "location-after-char-start": 1551,
      "location-after-char-end": 1571,
      "node-str": ""
    },
    {
      "type": "insert-node",
      "node": {
        "label": "\u0026\u0026",
        "type": "INFIX_EXPRESSION_OPERATOR"
      },
      "location-after-char-start": 1572,
      "location-after-char-end": 1574,
      "node-str": "\u0026\u0026"
    },
    {
      "type": "insert-node",
      "node": {
        "label": "",
        "type": "ParenthesizedExpression"
      },
      "location-after-char-start": 1575,
      "location-after-char-end": 1626,
      "node-str": ""
    },
    {
      "type": "insert-node",
      "node": {
        "label": "isExecutable",
        "type": "SimpleName"
      },
      "location-after-char-start": 1296,
      "location-after-char-end": 1308,
      "node-str": "isExecutable"
    },
    {
      "type": "insert-node",
      "node": {
        "label": "",
        "type": "InfixExpression"
      },
      "location-after-char-start": 1315,
      "location-after-char-end": 1364,
      "node-str": ""
    },
    {
      "type": "insert-node",
      "node": {
        "label": "isExecutable",
        "type": "SimpleName"
      },
      "location-after-char-start": 1557,
      "location-after-char-end": 1569,
      "node-str": "isExecutable"
    },
    {
      "type": "insert-node",
      "node": {
        "label": "",
        "type": "InfixExpression"
      },
      "location-after-char-start": 1576,
      "location-after-char-end": 1625,
      "node-str": ""
    },
    {
      "type": "insert-node",
      "node": {
        "label": "",
        "type": "FieldAccess"
      },
      "location-after-char-start": 1315,
      "location-after-char-end": 1360,
      "node-str": ""
    },
    {
      "type": "insert-node",
      "node": {
        "label": "\u003e",
        "type": "INFIX_EXPRESSION_OPERATOR"
      },
      "location-after-char-start": 1361,
      "location-after-char-end": 1362,
      "node-str": "\u003e"
    },
    {
      "type": "insert-node",
      "node": {
        "label": "0",
        "type": "NumberLiteral"
      },
      "location-after-char-start": 1363,
      "location-after-char-end": 1364,
      "node-str": "0"
    },
    {
      "type": "insert-node",
      "node": {
        "label": "",
        "type": "FieldAccess"
      },
      "location-after-char-start": 1576,
      "location-after-char-end": 1621,
      "node-str": ""
    },
    {
      "type": "insert-node",
      "node": {
        "label": "\u003e",
        "type": "INFIX_EXPRESSION_OPERATOR"
      },
      "location-after-char-start": 1622,
      "location-after-char-end": 1623,
      "node-str": "\u003e"
    },
    {
      "type": "insert-node",
      "node": {
        "label": "0",
        "type": "NumberLiteral"
      },
      "location-after-char-start": 1624,
      "location-after-char-end": 1625,
      "node-str": "0"
    },
    {
      "type": "insert-node",
      "node": {
        "label": "",
        "type": "MethodInvocation"
      },
      "location-after-char-start": 1315,
      "location-after-char-end": 1353,
      "node-str": ""
    },
    {
      "type": "insert-node",
      "node": {
        "label": "length",
        "type": "SimpleName"
      },
      "location-after-char-start": 1354,
      "location-after-char-end": 1360,
      "node-str": "length"
    },
    {
      "type": "insert-node",
      "node": {
        "label": "",
        "type": "MethodInvocation"
      },
      "location-after-char-start": 1576,
      "location-after-char-end": 1614,
      "node-str": ""
    },
    {
      "type": "insert-node",
      "node": {
        "label": "length",
        "type": "SimpleName"
      },
      "location-after-char-start": 1615,
      "location-after-char-end": 1621,
      "node-str": "length"
    },
    {
      "type": "insert-node",
      "node": {
        "label": "",
        "type": "METHOD_INVOCATION_RECEIVER"
      },
      "location-after-char-start": 1315,
      "location-after-char-end": 1338,
      "node-str": ""
    },
    {
      "type": "insert-node",
      "node": {
        "label": "getAllFrames",
        "type": "SimpleName"
      },
      "location-after-char-start": 1339,
      "location-after-char-end": 1351,
      "node-str": "getAllFrames"
    },
    {
      "type": "insert-node",
      "node": {
        "label": "",
        "type": "METHOD_INVOCATION_RECEIVER"
      },
      "location-after-char-start": 1576,
      "location-after-char-end": 1599,
      "node-str": ""
    },
    {
      "type": "insert-node",
      "node": {
        "label": "getAllFrames",
        "type": "SimpleName"
      },
      "location-after-char-start": 1600,
      "location-after-char-end": 1612,
      "node-str": "getAllFrames"
    },
    {
      "type": "insert-node",
      "node": {
        "label": "",
        "type": "FieldAccess"
      },
      "location-after-char-start": 1315,
      "location-after-char-end": 1338,
      "node-str": ""
    },
    {
      "type": "insert-node",
      "node": {
        "label": "",
        "type": "FieldAccess"
      },
      "location-after-char-start": 1576,
      "location-after-char-end": 1599,
      "node-str": ""
    },
    {
      "type": "insert-node",
      "node": {
        "label": "",
        "type": "ThisExpression"
      },
      "location-after-char-start": 1315,
      "location-after-char-end": 1330,
      "node-str": ""
    },
    {
      "type": "insert-node",
      "node": {
        "label": "desktop",
        "type": "SimpleName"
      },
      "location-after-char-start": 1331,
      "location-after-char-end": 1338,
      "node-str": "desktop"
    },
    {
      "type": "insert-node",
      "node": {
        "label": "",
        "type": "ThisExpression"
      },
      "location-after-char-start": 1576,
      "location-after-char-end": 1591,
      "node-str": ""
    },
    {
      "type": "insert-node",
      "node": {
        "label": "desktop",
        "type": "SimpleName"
      },
      "location-after-char-start": 1592,
      "location-after-char-end": 1599,
      "node-str": "desktop"
    },
    {
      "type": "insert-node",
      "node": {
        "label": "WindowMenu",
        "type": "SimpleName"
      },
      "location-after-char-start": 1315,
      "location-after-char-end": 1325,
      "node-str": "WindowMenu"
    },
    {
      "type": "insert-node",
      "node": {
        "label": "WindowMenu",
        "type": "SimpleName"
      },
      "location-after-char-start": 1576,
      "location-after-char-end": 1586,
      "node-str": "WindowMenu"
    },
    {
      "type": "delete-node",
      "node": {
        "label": "CH.ifa.draw.contrib",
        "type": "QualifiedName"
      },
      "location-before-char-start": 341,
      "location-before-char-end": 360,
      "node-str": "CH.ifa.draw.contrib"
    },
    {
      "type": "delete-node",
      "node": {
        "label": "",
        "type": "PackageDeclaration"
      },
      "location-before-char-start": 333,
      "location-before-char-end": 361,
      "node-str": ""
    },
    {
      "type": "delete-node",
      "node": {
        "label": "javax.swing",
        "type": "QualifiedName"
      },
      "location-before-char-start": 370,
      "location-before-char-end": 381,
      "node-str": "javax.swing"
    },
    {
      "type": "delete-node",
      "node": {
        "label": "",
        "type": "ImportDeclaration"
      },
      "location-before-char-start": 363,
      "location-before-char-end": 384,
      "node-str": ""
    },
    {
      "type": "delete-node",
      "node": {
        "label": "javax.swing.event",
        "type": "QualifiedName"
      },
      "location-before-char-start": 392,
      "location-before-char-end": 409,
      "node-str": "javax.swing.event"
    },
    {
      "type": "delete-node",
      "node": {
        "label": "",
        "type": "ImportDeclaration"
      },
      "location-before-char-start": 385,
      "location-before-char-end": 412,
      "node-str": ""
    },
    {
      "type": "delete-node",
      "node": {
        "label": "java.awt.event",
        "type": "QualifiedName"
      },
      "location-before-char-start": 420,
      "location-before-char-end": 434,
      "node-str": "java.awt.event"
    },
    {
      "type": "delete-node",
      "node": {
        "label": "",
        "type": "ImportDeclaration"
      },
      "location-before-char-start": 413,
      "location-before-char-end": 437,
      "node-str": ""
    },
    {
      "type": "delete-node",
      "node": {
        "label": "java.beans",
        "type": "QualifiedName"
      },
      "location-before-char-start": 445,
      "location-before-char-end": 455,
      "node-str": "java.beans"
    },
    {
      "type": "delete-node",
      "node": {
        "label": "",
        "type": "ImportDeclaration"
      },
      "location-before-char-start": 438,
      "location-before-char-end": 458,
      "node-str": ""
    },
    {
      "type": "delete-node",
      "node": {
        "label": "public",
        "type": "Modifier"
      },
      "location-before-char-start": 680,
      "location-before-char-end": 686,
      "node-str": "public"
    },
    {
      "type": "delete-node",
      "node": {
        "label": "class",
        "type": "TYPE_DECLARATION_KIND"
      },
      "location-before-char-start": 687,
      "location-before-char-end": 692,
      "node-str": "class"
    },
    {
      "type": "delete-node",
      "node": {
        "label": "WindowMenu",
        "type": "SimpleName"
      },
      "location-before-char-start": 693,
      "location-before-char-end": 703,
      "node-str": "WindowMenu"
    },
    {
      "type": "delete-node",
      "node": {
        "label": "JMenu",
        "type": "SimpleName"
      },
      "location-before-char-start": 712,
      "location-before-char-end": 717,
      "node-str": "JMenu"
    },
    {
      "type": "delete-node",
      "node": {
        "label": "",
        "type": "SimpleType"
      },
      "location-before-char-start": 712,
      "location-before-char-end": 717,
      "node-str": ""
    },
    {
      "type": "delete-node",
      "node": {
        "label": "private",
        "type": "Modifier"
      },
      "location-before-char-start": 760,
      "location-before-char-end": 767,
      "node-str": "private"
    },
    {
      "type": "delete-node",
      "node": {
        "label": "JMenuItem",
        "type": "SimpleName"
      },
      "location-before-char-start": 768,
      "location-before-char-end": 777,
      "node-str": "JMenuItem"
    },
    {
      "type": "delete-node",
      "node": {
        "label": "",
        "type": "SimpleType"
      },
      "location-before-char-start": 768,
      "location-before-char-end": 777,
      "node-str": ""
    },
    {
      "type": "delete-node",
      "node": {
        "label": "cascade",
        "type": "SimpleName"
      },
      "location-before-char-start": 778,
      "location-before-char-end": 785,
      "node-str": "cascade"
    },
    {
      "type": "delete-node",
      "node": {
        "label": "JMenuItem",
        "type": "SimpleName"
      },
      "location-before-char-start": 790,
      "location-before-char-end": 799,
      "node-str": "JMenuItem"
    },
    {
      "type": "delete-node",
      "node": {
        "label": "",
        "type": "SimpleType"
      },
      "location-before-char-start": 790,
      "location-before-char-end": 799,
      "node-str": ""
    },
    {
      "type": "delete-node",
      "node": {
        "label": "\"Cascade\"",
        "type": "StringLiteral"
      },
      "location-before-char-start": 800,
      "location-before-char-end": 809,
      "node-str": "\"Cascade\""
    },
    {
      "type": "delete-node",
      "node": {
        "label": "",
        "type": "ClassInstanceCreation"
      },
      "location-before-char-start": 786,
      "location-before-char-end": 810,
      "node-str": ""
    },
    {
      "type": "delete-node",
      "node": {
        "label": "",
        "type": "VariableDeclarationFragment"
      },
      "location-before-char-start": 778,
      "location-before-char-end": 810,
      "node-str": ""
    },
    {
      "type": "delete-node",
      "node": {
        "label": "",
        "type": "FieldDeclaration"
      },
      "location-before-char-start": 760,
      "location-before-char-end": 811,
      "node-str": ""
    },
    {
      "type": "delete-node",
      "node": {
        "label": "private",
        "type": "Modifier"
      },
      "location-before-char-start": 816,
      "location-before-char-end": 823,
      "node-str": "private"
    },
    {
      "type": "delete-node",
      "node": {
        "label": "JMenuItem",
        "type": "SimpleName"
      },
      "location-before-char-start": 824,
      "location-before-char-end": 833,
      "node-str": "JMenuItem"
    },
    {
      "type": "delete-node",
      "node": {
        "label": "",
        "type": "SimpleType"
      },
      "location-before-char-start": 824,
      "location-before-char-end": 833,
      "node-str": ""
    },
    {
      "type": "delete-node",
      "node": {
        "label": "tile",
        "type": "SimpleName"
      },
      "location-before-char-start": 834,
      "location-before-char-end": 838,
      "node-str": "tile"
    },
    {
      "type": "delete-node",
      "node": {
        "label": "JMenuItem",
        "type": "SimpleName"
      },
      "location-before-char-start": 843,
      "location-before-char-end": 852,
      "node-str": "JMenuItem"
    },
    {
      "type": "delete-node",
      "node": {
        "label": "",
        "type": "SimpleType"
      },
      "location-before-char-start": 843,
      "location-before-char-end": 852,
      "node-str": ""
    },
    {
      "type": "delete-node",
      "node": {
        "label": "\"Tile\"",
        "type": "StringLiteral"
      },
      "location-before-char-start": 853,
      "location-before-char-end": 859,
      "node-str": "\"Tile\""
    },
    {
      "type": "delete-node",
      "node": {
        "label": "",
        "type": "ClassInstanceCreation"
      },
      "location-before-char-start": 839,
      "location-before-char-end": 860,
      "node-str": ""
    },
    {
      "type": "delete-node",
      "node": {
        "label": "",
        "type": "VariableDeclarationFragment"
      },
      "location-before-char-start": 834,
      "location-before-char-end": 860,
      "node-str": ""
    },
    {
      "type": "delete-node",
      "node": {
        "label": "",
        "type": "FieldDeclaration"
      },
      "location-before-char-start": 816,
      "location-before-char-end": 861,
      "node-str": ""
    },
    {
      "type": "delete-node",
      "node": {
        "label": "public",
        "type": "Modifier"
      },
      "location-before-char-start": 867,
      "location-before-char-end": 873,
      "node-str": "public"
    },
    {
      "type": "delete-node",
      "node": {
        "label": "WindowMenu",
        "type": "SimpleName"
      },
      "location-before-char-start": 874,
      "location-before-char-end": 884,
      "node-str": "WindowMenu"
    },
    {
      "type": "delete-node",
      "node": {
        "label": "actionPerformed",
        "type": "SimpleName"
      },
      "location-before-char-start": 1064,
      "location-before-char-end": 1079,
      "node-str": "actionPerformed"
    },
    {
      "type": "delete-node",
      "node": {
        "label": "ActionEvent",
        "type": "SimpleName"
      },
      "location-before-char-start": 1080,
      "location-before-char-end": 1091,
      "node-str": "ActionEvent"
    },
    {
      "type": "delete-node",
      "node": {
        "label": "",
        "type": "SimpleType"
      },
      "location-before-char-start": 1080,
      "location-before-char-end": 1091,
      "node-str": ""
    },
    {
      "type": "delete-node",
      "node": {
        "label": "",
        "type": "SingleVariableDeclaration"
      },
      "location-before-char-start": 1080,
      "location-before-char-end": 1094,
      "node-str": ""
    },
    {
      "type": "delete-node",
      "node": {
        "label": "actionPerformed",
        "type": "SimpleName"
      },
      "location-before-char-start": 1259,
      "location-before-char-end": 1274,
      "node-str": "actionPerformed"
    },
    {
      "type": "delete-node",
      "node": {
        "label": "ActionEvent",
        "type": "SimpleName"
      },
      "location-before-char-start": 1275,
      "location-before-char-end": 1286,
      "node-str": "ActionEvent"
    },
    {
      "type": "delete-node",
      "node": {
        "label": "",
        "type": "SimpleType"
      },
      "location-before-char-start": 1275,
      "location-before-char-end": 1286,
      "node-str": ""
    },
    {
      "type": "delete-node",
      "node": {
        "label": "",
        "type": "SingleVariableDeclaration"
      },
      "location-before-char-start": 1275,
      "location-before-char-end": 1289,
      "node-str": ""
    },
    {
      "type": "delete-node",
      "node": {
        "label": "setText",
        "type": "SimpleName"
      },
      "location-before-char-start": 965,
      "location-before-char-end": 972,
      "node-str": "setText"
    },
    {
      "type": "delete-node",
      "node": {
        "label": "newText",
        "type": "SimpleName"
      },
      "location-before-char-start": 973,
      "location-before-char-end": 980,
      "node-str": "newText"
    },
    {
      "type": "delete-node",
      "node": {
        "label": "",
        "type": "METHOD_INVOCATION_ARGUMENTS"
      },
      "location-before-char-start": 973,
      "location-before-char-end": 980,
      "node-str": ""
    },
    {
      "type": "delete-node",
      "node": {
        "label": "",
        "type": "MethodInvocation"
      },
      "location-before-char-start": 965,
      "location-before-char-end": 981,
      "node-str": ""
    },
    {
      "type": "delete-node",
      "node": {
        "label": "",
        "type": "ExpressionStatement"
      },
      "location-before-char-start": 965,
      "location-before-char-end": 982,
      "node-str": ""
    },
    {
      "type": "delete-node",
      "node": {
        "label": "cascade",
        "type": "SimpleName"
      },
      "location-before-char-start": 991,
      "location-before-char-end": 998,
      "node-str": "cascade"
    },
    {
      "type": "delete-node",
      "node": {
        "label": "",
        "type": "METHOD_INVOCATION_RECEIVER"
      },
      "location-before-char-start": 991,
      "location-before-char-end": 998,
      "node-str": ""
    },
    {
      "type": "delete-node",
      "node": {
        "label": "addActionListener",
        "type": "SimpleName"
      },
      "location-before-char-start": 999,
      "location-before-char-end": 1016,
      "node-str": "addActionListener"
    },
    {
      "type": "delete-node",
      "node": {
        "label": "ActionListener",
        "type": "SimpleName"
      },
      "location-before-char-start": 1021,
      "location-before-char-end": 1035,
      "node-str": "ActionListener"
    },
    {
      "type": "delete-node",
      "node": {
        "label": "",
        "type": "SimpleType"
      },
      "location-before-char-start": 1021,
      "location-before-char-end": 1035,
      "node-str": ""
    },
    {
      "type": "delete-node",
      "node": {
        "label": "",
        "type": "AnonymousClassDeclaration"
      },
      "location-before-char-start": 1038,
      "location-before-char-end": 1178,
      "node-str": ""
    },
    {
      "type": "delete-node",
      "node": {
        "label": "",
        "type": "ClassInstanceCreation"
      },
      "location-before-char-start": 1017,
      "location-before-char-end": 1178,
      "node-str": ""
    },
    {
      "type": "delete-node",
      "node": {
        "label": "",
        "type": "METHOD_INVOCATION_ARGUMENTS"
      },
      "location-before-char-start": 1017,
      "location-before-char-end": 1178,
      "node-str": ""
    },
    {
      "type": "delete-node",
      "node": {
        "label": "",
        "type": "MethodInvocation"
      },
      "location-before-char-start": 991,
      "location-before-char-end": 1179,
      "node-str": ""
    },
    {
      "type": "delete-node",
      "node": {
        "label": "",
        "type": "ExpressionStatement"
      },
      "location-before-char-start": 991,
      "location-before-char-end": 1180,
      "node-str": ""
    },
    {
      "type": "delete-node",
      "node": {
        "label": "tile",
        "type": "SimpleName"
      },
      "location-before-char-start": 1189,
      "location-before-char-end": 1193,
      "node-str": "tile"
    },
    {
      "type": "delete-node",
      "node": {
        "label": "",
        "type": "METHOD_INVOCATION_RECEIVER"
      },
      "location-before-char-start": 1189,
      "location-before-char-end": 1193,
      "node-str": ""
    },
    {
      "type": "delete-node",
      "node": {
        "label": "addActionListener",
        "type": "SimpleName"
      },
      "location-before-char-start": 1194,
      "location-before-char-end": 1211,
      "node-str": "addActionListener"
    },
    {
      "type": "delete-node",
      "node": {
        "label": "ActionListener",
        "type": "SimpleName"
      },
      "location-before-char-start": 1216,
      "location-before-char-end": 1230,
      "node-str": "ActionListener"
    },
    {
      "type": "delete-node",
      "node": {
        "label": "",
        "type": "SimpleType"
      },
      "location-before-char-start": 1216,
      "location-before-char-end": 1230,
      "node-str": ""
    },
    {
      "type": "delete-node",
      "node": {
        "label": "",
        "type": "AnonymousClassDeclaration"
      },
      "location-before-char-start": 1233,
      "location-before-char-end": 1370,
      "node-str": ""
    },
    {
      "type": "delete-node",
      "node": {
        "label": "",
        "type": "ClassInstanceCreation"
      },
      "location-before-char-start": 1212,
      "location-before-char-end": 1370,
      "node-str": ""
    },
    {
      "type": "delete-node",
      "node": {
        "label": "",
        "type": "METHOD_INVOCATION_ARGUMENTS"
      },
      "location-before-char-start": 1212,
      "location-before-char-end": 1370,
      "node-str": ""
    },
    {
      "type": "delete-node",
      "node": {
        "label": "",
        "type": "MethodInvocation"
      },
      "location-before-char-start": 1189,
      "location-before-char-end": 1371,
      "node-str": ""
    },
    {
      "type": "delete-node",
      "node": {
        "label": "",
        "type": "ExpressionStatement"
      },
      "location-before-char-start": 1189,
      "location-before-char-end": 1372,
      "node-str": ""
    },
    {
      "type": "delete-node",
      "node": {
        "label": "private",
        "type": "Modifier"
      },
      "location-before-char-start": 1773,
      "location-before-char-end": 1780,
      "node-str": "private"
    },
    {
      "type": "delete-node",
      "node": {
        "label": "void",
        "type": "PrimitiveType"
      },
      "location-before-char-start": 1781,
      "location-before-char-end": 1785,
      "node-str": "void"
    },
    {
      "type": "delete-node",
      "node": {
        "label": "buildChildMenus",
        "type": "SimpleName"
      },
      "location-before-char-start": 1786,
      "location-before-char-end": 1801,
      "node-str": "buildChildMenus"
    },
    {
      "type": "delete-node",
      "node": {
        "label": "int",
        "type": "PrimitiveType"
      },
      "location-before-char-start": 1814,
      "location-before-char-end": 1817,
      "node-str": "int"
    },
    {
      "type": "delete-node",
      "node": {
        "label": "i",
        "type": "SimpleName"
      },
      "location-before-char-start": 1818,
      "location-before-char-end": 1819,
      "node-str": "i"
    },
    {
      "type": "delete-node",
      "node": {
        "label": "",
        "type": "VariableDeclarationFragment"
      },
      "location-before-char-start": 1818,
      "location-before-char-end": 1819,
      "node-str": ""
    },
    {
      "type": "delete-node",
      "node": {
        "label": "",
        "type": "VariableDeclarationStatement"
      },
      "location-before-char-start": 1814,
      "location-before-char-end": 1820,
      "node-str": ""
    },
    {
      "type": "delete-node",
      "node": {
        "label": "add",
        "type": "SimpleName"
      },
      "location-before-char-start": 1915,
      "location-before-char-end": 1918,
      "node-str": "add"
    },
    {
      "type": "delete-node",
      "node": {
        "label": "cascade",
        "type": "SimpleName"
      },
      "location-before-char-start": 1919,
      "location-before-char-end": 1926,
      "node-str": "cascade"
    },
    {
      "type": "delete-node",
      "node": {
        "label": "",
        "type": "METHOD_INVOCATION_ARGUMENTS"
      },
      "location-before-char-start": 1919,
      "location-before-char-end": 1926,
      "node-str": ""
    },
    {
      "type": "delete-node",
      "node": {
        "label": "",
        "type": "MethodInvocation"
      },
      "location-before-char-start": 1915,
      "location-before-char-end": 1927,
      "node-str": ""
    },
    {
      "type": "delete-node",
      "node": {
        "label": "",
        "type": "ExpressionStatement"
      },
      "location-before-char-start": 1915,
      "location-before-char-end": 1928,
      "node-str": ""
    },
    {
      "type": "delete-node",
      "node": {
        "label": "add",
        "type": "SimpleName"
      },
      "location-before-char-start": 1937,
      "location-before-char-end": 1940,
      "node-str": "add"
    },
    {
      "type": "delete-node",
      "node": {
        "label": "tile",
        "type": "SimpleName"
      },
      "location-before-char-start": 1941,
      "location-before-char-end": 1945,
      "node-str": "tile"
    },
    {
      "type": "delete-node",
      "node": {
        "label": "",
        "type": "METHOD_INVOCATION_ARGUMENTS"
      },
      "location-before-char-start": 1941,
      "location-before-char-end": 1945,
      "node-str": ""
    },
    {
      "type": "delete-node",
      "node": {
        "label": "",
        "type": "MethodInvocation"
      },
      "location-before-char-start": 1937,
      "location-before-char-end": 1946,
      "node-str": ""
    },
    {
      "type": "delete-node",
      "node": {
        "label": "",
        "type": "ExpressionStatement"
      },
      "location-before-char-start": 1937,
      "location-before-char-end": 1947,
      "node-str": ""
    },
    {
      "type": "delete-node",
      "node": {
        "label": "cascade",
        "type": "SimpleName"
      },
      "location-before-char-start": 2002,
      "location-before-char-end": 2009,
      "node-str": "cascade"
    },
    {
      "type": "delete-node",
      "node": {
        "label": "",
        "type": "METHOD_INVOCATION_RECEIVER"
      },
      "location-before-char-start": 2002,
      "location-before-char-end": 2009,
      "node-str": ""
    },
    {
      "type": "delete-node",
      "node": {
        "label": "setEnabled",
        "type": "SimpleName"
      },
      "location-before-char-start": 2010,
      "location-before-char-end": 2020,
      "node-str": "setEnabled"
    },
    {
      "type": "delete-node",
      "node": {
        "label": "array.length",
        "type": "QualifiedName"
      },
      "location-before-char-start": 2021,
      "location-before-char-end": 2033,
      "node-str": "array.length"
    },
    {
      "type": "delete-node",
      "node": {
        "label": "\u003e",
        "type": "INFIX_EXPRESSION_OPERATOR"
      },
      "location-before-char-start": 2034,
      "location-before-char-end": 2035,
      "node-str": "\u003e"
    },
    {
      "type": "delete-node",
      "node": {
        "label": "0",
        "type": "NumberLiteral"
      },
      "location-before-char-start": 2036,
      "location-before-char-end": 2037,
      "node-str": "0"
    },
    {
      "type": "delete-node",
      "node": {
        "label": "",
        "type": "InfixExpression"
      },
      "location-before-char-start": 2021,
      "location-before-char-end": 2037,
      "node-str": ""
    },
    {
      "type": "delete-node",
      "node": {
        "label": "",
        "type": "METHOD_INVOCATION_ARGUMENTS"
      },
      "location-before-char-start": 2021,
      "location-before-char-end": 2037,
      "node-str": ""
    },
    {
      "type": "delete-node",
      "node": {
        "label": "",
        "type": "MethodInvocation"
      },
      "location-before-char-start": 2002,
      "location-before-char-end": 2038,
      "node-str": ""
    },
    {
      "type": "delete-node",
      "node": {
        "label": "",
        "type": "ExpressionStatement"
      },
      "location-before-char-start": 2002,
      "location-before-char-end": 2039,
      "node-str": ""
    },
    {
      "type": "delete-node",
      "node": {
        "label": "tile",
        "type": "SimpleName"
      },
      "location-before-char-start": 2048,
      "location-before-char-end": 2052,
      "node-str": "tile"
    },
    {
      "type": "delete-node",
      "node": {
        "label": "",
        "type": "METHOD_INVOCATION_RECEIVER"
      },
      "location-before-char-start": 2048,
      "location-before-char-end": 2052,
      "node-str": ""
    },
    {
      "type": "delete-node",
      "node": {
        "label": "setEnabled",
        "type": "SimpleName"
      },
      "location-before-char-start": 2053,
      "location-before-char-end": 2063,
      "node-str": "setEnabled"
    },
    {
      "type": "delete-node",
      "node": {
        "label": "array.length",
        "type": "QualifiedName"
      },
      "location-before-char-start": 2064,
      "location-before-char-end": 2076,
      "node-str": "array.length"
    },
    {
      "type": "delete-node",
      "node": {
        "label": "\u003e",
        "type": "INFIX_EXPRESSION_OPERATOR"
      },
      "location-before-char-start": 2077,
      "location-before-char-end": 2078,
      "node-str": "\u003e"
    },
    {
      "type": "delete-node",
      "node": {
        "label": "0",
        "type": "NumberLiteral"
      },
      "location-before-char-start": 2079,
      "location-before-char-end": 2080,
      "node-str": "0"
    },
    {
      "type": "delete-node",
      "node": {
        "label": "",
        "type": "InfixExpression"
      },
      "location-before-char-start": 2064,
      "location-before-char-end": 2080,
      "node-str": ""
    },
    {
      "type": "delete-node",
      "node": {
        "label": "",
        "type": "METHOD_INVOCATION_ARGUMENTS"
      },
      "location-before-char-start": 2064,
      "location-before-char-end": 2080,
      "node-str": ""
    },
    {
      "type": "delete-node",
      "node": {
        "label": "",
        "type": "MethodInvocation"
      },
      "location-before-char-start": 2048,
      "location-before-char-end": 2081,
      "node-str": ""
    },
    {
      "type": "delete-node",
      "node": {
        "label": "",
        "type": "ExpressionStatement"
      },
      "location-before-char-start": 2048,
      "location-before-char-end": 2082,
      "node-str": ""
    },
    {
      "type": "delete-node",
      "node": {
        "label": "i",
        "type": "SimpleName"
      },
      "location-before-char-start": 2097,
      "location-before-char-end": 2098,
      "node-str": "i"
    },
    {
      "type": "delete-node",
      "node": {
        "label": "\u003d",
        "type": "ASSIGNMENT_OPERATOR"
      },
      "location-before-char-start": 2099,
      "location-before-char-end": 2100,
      "node-str": "\u003d"
    },
    {
      "type": "delete-node",
      "node": {
        "label": "0",
        "type": "NumberLiteral"
      },
      "location-before-char-start": 2101,
      "location-before-char-end": 2102,
      "node-str": "0"
    },
    {
      "type": "delete-node",
      "node": {
        "label": "",
        "type": "Assignment"
      },
      "location-before-char-start": 2097,
      "location-before-char-end": 2102,
      "node-str": ""
    },
    {
      "type": "delete-node",
      "node": {
        "label": "i",
        "type": "SimpleName"
      },
      "location-before-char-start": 2122,
      "location-before-char-end": 2123,
      "node-str": "i"
    },
    {
      "type": "delete-node",
      "node": {
        "label": "++",
        "type": "POSTFIX_EXPRESSION_OPERATOR"
      },
      "location-before-char-start": 2123,
      "location-before-char-end": 2125,
      "node-str": "++"
    },
    {
      "type": "delete-node",
      "node": {
        "label": "",
        "type": "PostfixExpression"
      },
      "location-before-char-start": 2122,
      "location-before-char-end": 2125,
      "node-str": ""
    }
  ],
  "before-file": {},
  "after-file": {},
  "mapping": {}
}