{
  "tool-info": {},
  "diff": [
    {
      "type": "insert-node",
      "node": {
        "label": "public",
        "type": "Modifier"
      },
      "location-after-char-start": 0,
      "location-after-char-end": 0,
      "node-str": "public"
    },
    {
      "type": "insert-node",
      "node": {
        "label": "void",
        "type": "RETURN_TYPE"
      },
      "location-after-char-start": 0,
      "location-after-char-end": 0,
      "node-str": "void"
    },
    {
      "type": "insert-node",
      "node": {
        "label": "javax.servlet.ServletException",
        "type": "THROWS"
      },
      "location-after-char-start": 0,
      "location-after-char-end": 0,
      "node-str": "javax.servlet.ServletException"
    },
    {
      "type": "insert-node",
      "node": {
        "label": "public",
        "type": "Modifier"
      },
      "location-after-char-start": 0,
      "location-after-char-end": 0,
      "node-str": "public"
    },
    {
      "type": "insert-node",
      "node": {
        "label": "static",
        "type": "Modifier"
      },
      "location-after-char-start": 0,
      "location-after-char-end": 0,
      "node-str": "static"
    },
    {
      "type": "insert-node",
      "node": {
        "label": "bean",
        "type": "Parameter"
      },
      "location-after-char-start": 14138,
      "location-after-char-end": 14148,
      "node-str": "bean"
    },
    {
      "type": "insert-node",
      "node": {
        "label": "prefix",
        "type": "Parameter"
      },
      "location-after-char-start": 14163,
      "location-after-char-end": 14175,
      "node-str": "prefix"
    },
    {
      "type": "insert-node",
      "node": {
        "label": "suffix",
        "type": "Parameter"
      },
      "location-after-char-start": 14190,
      "location-after-char-end": 14202,
      "node-str": "suffix"
    },
    {
      "type": "insert-node",
      "node": {
        "label": "request",
        "type": "Parameter"
      },
      "location-after-char-start": 14217,
      "location-after-char-end": 14242,
      "node-str": "request"
    },
    {
      "type": "insert-node",
      "node": {
        "label": "properties",
        "type": "LocalVariable"
      },
      "location-after-char-start": 14365,
      "location-after-char-end": 14399,
      "node-str": "properties"
    },
    {
      "type": "insert-node",
      "node": {
        "label": "names",
        "type": "LocalVariable"
      },
      "location-after-char-start": 14448,
      "location-after-char-end": 14472,
      "node-str": "names"
    },
    {
      "type": "insert-node",
      "node": {
        "label": "multipartParameters",
        "type": "LocalVariable"
      },
      "location-after-char-start": 14522,
      "location-after-char-end": 14552,
      "node-str": "multipartParameters"
    },
    {
      "type": "insert-node",
      "node": {
        "label": "contentType",
        "type": "LocalVariable"
      },
      "location-after-char-start": 14563,
      "location-after-char-end": 14608,
      "node-str": "contentType"
    },
    {
      "type": "insert-node",
      "node": {
        "label": "method",
        "type": "LocalVariable"
      },
      "location-after-char-start": 14618,
      "location-after-char-end": 14653,
      "node-str": "method"
    },
    {
      "type": "insert-node",
      "node": {
        "label": "isMultipart",
        "type": "LocalVariable"
      },
      "location-after-char-start": 14663,
      "location-after-char-end": 14690,
      "node-str": "isMultipart"
    },
    {
      "type": "insert-node",
      "node": {
        "label": "java.lang.Object",
        "type": "VARIABLE_TYPE"
      },
      "location-after-char-start": 0,
      "location-after-char-end": 0,
      "node-str": "java.lang.Object"
    },
    {
      "type": "insert-node",
      "node": {
        "label": "java.lang.String",
        "type": "VARIABLE_TYPE"
      },
      "location-after-char-start": 0,
      "location-after-char-end": 0,
      "node-str": "java.lang.String"
    },
    {
      "type": "insert-node",
      "node": {
        "label": "java.lang.String",
        "type": "VARIABLE_TYPE"
      },
      "location-after-char-start": 0,
      "location-after-char-end": 0,
      "node-str": "java.lang.String"
    },
    {
      "type": "insert-node",
      "node": {
        "label": "javax.servlet.http.HttpServletRequest",
        "type": "VARIABLE_TYPE"
      },
      "location-after-char-start": 0,
      "location-after-char-end": 0,
      "node-str": "javax.servlet.http.HttpServletRequest"
    },
    {
      "type": "insert-node",
      "node": {
        "label": "java.util.HashMap",
        "type": "VARIABLE_TYPE"
      },
      "location-after-char-start": 0,
      "location-after-char-end": 0,
      "node-str": "java.util.HashMap"
    },
    {
      "type": "insert-node",
      "node": {
        "label": "java.util.HashMap()",
        "type": "ConstructorCall"
      },
      "location-after-char-start": 14386,
      "location-after-char-end": 14398,
      "node-str": "java.util.HashMap()"
    },
    {
      "type": "insert-node",
      "node": {
        "label": "java.util.Enumeration",
        "type": "VARIABLE_TYPE"
      },
      "location-after-char-start": 0,
      "location-after-char-end": 0,
      "node-str": "java.util.Enumeration"
    },
    {
      "type": "insert-node",
      "node": {
        "label": "null",
        "type": "Literal"
      },
      "location-after-char-start": 14468,
      "location-after-char-end": 14471,
      "node-str": "null"
    },
    {
      "type": "insert-node",
      "node": {
        "label": "java.util.Map",
        "type": "VARIABLE_TYPE"
      },
      "location-after-char-start": 0,
      "location-after-char-end": 0,
      "node-str": "java.util.Map"
    },
    {
      "type": "insert-node",
      "node": {
        "label": "null",
        "type": "Literal"
      },
      "location-after-char-start": 14548,
      "location-after-char-end": 14551,
      "node-str": "null"
    },
    {
      "type": "insert-node",
      "node": {
        "label": "java.lang.String",
        "type": "VARIABLE_TYPE"
      },
      "location-after-char-start": 0,
      "location-after-char-end": 0,
      "node-str": "java.lang.String"
    },
    {
      "type": "insert-node",
      "node": {
        "label": "getContentType",
        "type": "Invocation"
      },
      "location-after-char-start": 14584,
      "location-after-char-end": 14607,
      "node-str": "getContentType"
    },
    {
      "type": "insert-node",
      "node": {
        "label": "java.lang.String",
        "type": "VARIABLE_TYPE"
      },
      "location-after-char-start": 0,
      "location-after-char-end": 0,
      "node-str": "java.lang.String"
    },
    {
      "type": "insert-node",
      "node": {
        "label": "getMethod",
        "type": "Invocation"
      },
      "location-after-char-start": 14634,
      "location-after-char-end": 14652,
      "node-str": "getMethod"
    },
    {
      "type": "insert-node",
      "node": {
        "label": "boolean",
        "type": "VARIABLE_TYPE"
      },
      "location-after-char-start": 0,
      "location-after-char-end": 0,
      "node-str": "boolean"
    },
    {
      "type": "insert-node",
      "node": {
        "label": "false",
        "type": "Literal"
      },
      "location-after-char-start": 14685,
      "location-after-char-end": 14689,
      "node-str": "false"
    },
    {
      "type": "insert-node",
      "node": {
        "label": "parameterValue",
        "type": "LocalVariable"
      },
      "location-after-char-start": 17742,
      "location-after-char-end": 17770,
      "node-str": "parameterValue"
    },
    {
      "type": "insert-node",
      "node": {
        "label": "if",
        "type": "If"
      },
      "location-after-char-start": 18111,
      "location-after-char-end": 18233,
      "node-str": "if"
    },
    {
      "type": "insert-node",
      "node": {
        "label": "request",
        "type": "VariableRead"
      },
      "location-after-char-start": 14584,
      "location-after-char-end": 14590,
      "node-str": "request"
    },
    {
      "type": "insert-node",
      "node": {
        "label": "request",
        "type": "VariableRead"
      },
      "location-after-char-start": 14634,
      "location-after-char-end": 14640,
      "node-str": "request"
    },
    {
      "type": "insert-node",
      "node": {
        "label": "java.lang.Object",
        "type": "VARIABLE_TYPE"
      },
      "location-after-char-start": 0,
      "location-after-char-end": 0,
      "node-str": "java.lang.Object"
    },
    {
      "type": "insert-node",
      "node": {
        "label": "null",
        "type": "Literal"
      },
      "location-after-char-start": 17766,
      "location-after-char-end": 17769,
      "node-str": "null"
    },
    {
      "type": "insert-node",
      "node": {
        "label": "NOT",
        "type": "UnaryOperator"
      },
      "location-after-char-start": 18115,
      "location-after-char-end": 18158,
      "node-str": "NOT"
    },
    {
      "type": "insert-node",
      "node": {
        "label": "THEN",
        "type": "then"
      },
      "location-after-char-start": 18161,
      "location-after-char-end": 18233,
      "node-str": "THEN"
    },
    {
      "type": "insert-node",
      "node": {
        "label": "\u003d",
        "type": "Assignment"
      },
      "location-after-char-start": 17819,
      "location-after-char-end": 17865,
      "node-str": "\u003d"
    },
    {
      "type": "insert-node",
      "node": {
        "label": "\u003d",
        "type": "Assignment"
      },
      "location-after-char-start": 17904,
      "location-after-char-end": 17953,
      "node-str": "\u003d"
    },
    {
      "type": "insert-node",
      "node": {
        "label": "startsWith",
        "type": "Invocation"
      },
      "location-after-char-start": 18116,
      "location-after-char-end": 18158,
      "node-str": "startsWith"
    },
    {
      "type": "insert-node",
      "node": {
        "label": "put",
        "type": "Invocation"
      },
      "location-after-char-start": 18179,
      "location-after-char-end": 18219,
      "node-str": "put"
    },
    {
      "type": "insert-node",
      "node": {
        "label": "parameterValue",
        "type": "VariableWrite"
      },
      "location-after-char-start": 17819,
      "location-after-char-end": 17832,
      "node-str": "parameterValue"
    },
    {
      "type": "move-subtree",
      "node": {
        "label": "get",
        "type": "Invocation"
      },
      "location-before-char-start": 17802,
      "location-before-char-end": 17830,
      "location-after-char-start": 17836,
      "location-after-char-end": 17864,
      "node-str": "get"
    },
    {
      "type": "insert-node",
      "node": {
        "label": "parameterValue",
        "type": "VariableWrite"
      },
      "location-after-char-start": 17904,
      "location-after-char-end": 17917,
      "node-str": "parameterValue"
    },
    {
      "type": "move-subtree",
      "node": {
        "label": "getParameterValues",
        "type": "Invocation"
      },
      "location-before-char-start": 17896,
      "location-before-char-end": 17927,
      "location-after-char-start": 17921,
      "location-after-char-end": 17952,
      "node-str": "getParameterValues"
    },
    {
      "type": "insert-node",
      "node": {
        "label": "stripped",
        "type": "VariableRead"
      },
      "location-after-char-start": 18117,
      "location-after-char-end": 18124,
      "node-str": "stripped"
    },
    {
      "type": "insert-node",
      "node": {
        "label": "\"org.apache.struts.\"",
        "type": "Literal"
      },
      "location-after-char-start": 18137,
      "location-after-char-end": 18156,
      "node-str": "\"org.apache.struts.\""
    },
    {
      "type": "insert-node",
      "node": {
        "label": "properties",
        "type": "VariableRead"
      },
      "location-after-char-start": 18179,
      "location-after-char-end": 18188,
      "node-str": "properties"
    },
    {
      "type": "insert-node",
      "node": {
        "label": "stripped",
        "type": "VariableRead"
      },
      "location-after-char-start": 18194,
      "location-after-char-end": 18201,
      "node-str": "stripped"
    },
    {
      "type": "insert-node",
      "node": {
        "label": "parameterValue",
        "type": "VariableRead"
      },
      "location-after-char-start": 18204,
      "location-after-char-end": 18217,
      "node-str": "parameterValue"
    },
    {
      "type": "delete-node",
      "node": {
        "label": "public",
        "type": "Modifier"
      },
      "location-before-char-start": 0,
      "location-before-char-end": 0,
      "node-str": "public"
    },
    {
      "type": "delete-node",
      "node": {
        "label": "void",
        "type": "RETURN_TYPE"
      },
      "location-before-char-start": 0,
      "location-before-char-end": 0,
      "node-str": "void"
    },
    {
      "type": "delete-node",
      "node": {
        "label": "javax.servlet.ServletException",
        "type": "THROWS"
      },
      "location-before-char-start": 0,
      "location-before-char-end": 0,
      "node-str": "javax.servlet.ServletException"
    },
    {
      "type": "delete-node",
      "node": {
        "label": "public",
        "type": "Modifier"
      },
      "location-before-char-start": 0,
      "location-before-char-end": 0,
      "node-str": "public"
    },
    {
      "type": "delete-node",
      "node": {
        "label": "static",
        "type": "Modifier"
      },
      "location-before-char-start": 0,
      "location-before-char-end": 0,
      "node-str": "static"
    },
    {
      "type": "delete-node",
      "node": {
        "label": "java.lang.Object",
        "type": "VARIABLE_TYPE"
      },
      "location-before-char-start": 0,
      "location-before-char-end": 0,
      "node-str": "java.lang.Object"
    },
    {
      "type": "delete-node",
      "node": {
        "label": "bean",
        "type": "Parameter"
      },
      "location-before-char-start": 14138,
      "location-before-char-end": 14148,
      "node-str": "bean"
    },
    {
      "type": "delete-node",
      "node": {
        "label": "java.lang.String",
        "type": "VARIABLE_TYPE"
      },
      "location-before-char-start": 0,
      "location-before-char-end": 0,
      "node-str": "java.lang.String"
    },
    {
      "type": "delete-node",
      "node": {
        "label": "prefix",
        "type": "Parameter"
      },
      "location-before-char-start": 14163,
      "location-before-char-end": 14175,
      "node-str": "prefix"
    },
    {
      "type": "delete-node",
      "node": {
        "label": "java.lang.String",
        "type": "VARIABLE_TYPE"
      },
      "location-before-char-start": 0,
      "location-before-char-end": 0,
      "node-str": "java.lang.String"
    },
    {
      "type": "delete-node",
      "node": {
        "label": "suffix",
        "type": "Parameter"
      },
      "location-before-char-start": 14190,
      "location-before-char-end": 14202,
      "node-str": "suffix"
    },
    {
      "type": "delete-node",
      "node": {
        "label": "javax.servlet.http.HttpServletRequest",
        "type": "VARIABLE_TYPE"
      },
      "location-before-char-start": 0,
      "location-before-char-end": 0,
      "node-str": "javax.servlet.http.HttpServletRequest"
    },
    {
      "type": "delete-node",
      "node": {
        "label": "request",
        "type": "Parameter"
      },
      "location-before-char-start": 14217,
      "location-before-char-end": 14242,
      "node-str": "request"
    },
    {
      "type": "delete-node",
      "node": {
        "label": "java.util.HashMap",
        "type": "VARIABLE_TYPE"
      },
      "location-before-char-start": 0,
      "location-before-char-end": 0,
      "node-str": "java.util.HashMap"
    },
    {
      "type": "delete-node",
      "node": {
        "label": "java.util.HashMap()",
        "type": "ConstructorCall"
      },
      "location-before-char-start": 14386,
      "location-before-char-end": 14398,
      "node-str": "java.util.HashMap()"
    },
    {
      "type": "delete-node",
      "node": {
        "label": "properties",
        "type": "LocalVariable"
      },
      "location-before-char-start": 14365,
      "location-before-char-end": 14399,
      "node-str": "properties"
    },
    {
      "type": "delete-node",
      "node": {
        "label": "java.util.Enumeration",
        "type": "VARIABLE_TYPE"
      },
      "location-before-char-start": 0,
      "location-before-char-end": 0,
      "node-str": "java.util.Enumeration"
    },
    {
      "type": "delete-node",
      "node": {
        "label": "null",
        "type": "Literal"
      },
      "location-before-char-start": 14468,
      "location-before-char-end": 14471,
      "node-str": "null"
    },
    {
      "type": "delete-node",
      "node": {
        "label": "names",
        "type": "LocalVariable"
      },
      "location-before-char-start": 14448,
      "location-before-char-end": 14472,
      "node-str": "names"
    },
    {
      "type": "delete-node",
      "node": {
        "label": "java.util.Map",
        "type": "VARIABLE_TYPE"
      },
      "location-before-char-start": 0,
      "location-before-char-end": 0,
      "node-str": "java.util.Map"
    },
    {
      "type": "delete-node",
      "node": {
        "label": "null",
        "type": "Literal"
      },
      "location-before-char-start": 14548,
      "location-before-char-end": 14551,
      "node-str": "null"
    },
    {
      "type": "delete-node",
      "node": {
        "label": "multipartParameters",
        "type": "LocalVariable"
      },
      "location-before-char-start": 14522,
      "location-before-char-end": 14552,
      "node-str": "multipartParameters"
    },
    {
      "type": "delete-node",
      "node": {
        "label": "java.lang.String",
        "type": "VARIABLE_TYPE"
      },
      "location-before-char-start": 0,
      "location-before-char-end": 0,
      "node-str": "java.lang.String"
    },
    {
      "type": "delete-node",
      "node": {
        "label": "request",
        "type": "VariableRead"
      },
      "location-before-char-start": 14584,
      "location-before-char-end": 14590,
      "node-str": "request"
    },
    {
      "type": "delete-node",
      "node": {
        "label": "getContentType",
        "type": "Invocation"
      },
      "location-before-char-start": 14584,
      "location-before-char-end": 14607,
      "node-str": "getContentType"
    },
    {
      "type": "delete-node",
      "node": {
        "label": "contentType",
        "type": "LocalVariable"
      },
      "location-before-char-start": 14563,
      "location-before-char-end": 14608,
      "node-str": "contentType"
    },
    {
      "type": "delete-node",
      "node": {
        "label": "java.lang.String",
        "type": "VARIABLE_TYPE"
      },
      "location-before-char-start": 0,
      "location-before-char-end": 0,
      "node-str": "java.lang.String"
    },
    {
      "type": "delete-node",
      "node": {
        "label": "request",
        "type": "VariableRead"
      },
      "location-before-char-start": 14634,
      "location-before-char-end": 14640,
      "node-str": "request"
    },
    {
      "type": "delete-node",
      "node": {
        "label": "getMethod",
        "type": "Invocation"
      },
      "location-before-char-start": 14634,
      "location-before-char-end": 14652,
      "node-str": "getMethod"
    },
    {
      "type": "delete-node",
      "node": {
        "label": "method",
        "type": "LocalVariable"
      },
      "location-before-char-start": 14618,
      "location-before-char-end": 14653,
      "node-str": "method"
    },
    {
      "type": "delete-node",
      "node": {
        "label": "boolean",
        "type": "VARIABLE_TYPE"
      },
      "location-before-char-start": 0,
      "location-before-char-end": 0,
      "node-str": "boolean"
    },
    {
      "type": "delete-node",
      "node": {
        "label": "false",
        "type": "Literal"
      },
      "location-before-char-start": 14685,
      "location-before-char-end": 14689,
      "node-str": "false"
    },
    {
      "type": "delete-node",
      "node": {
        "label": "isMultipart",
        "type": "LocalVariable"
      },
      "location-before-char-start": 14663,
      "location-before-char-end": 14690,
      "node-str": "isMultipart"
    },
    {
      "type": "delete-node",
      "node": {
        "label": "properties",
        "type": "VariableRead"
      },
      "location-before-char-start": 17777,
      "location-before-char-end": 17786,
      "node-str": "properties"
    },
    {
      "type": "delete-node",
      "node": {
        "label": "stripped",
        "type": "VariableRead"
      },
      "location-before-char-start": 17792,
      "location-before-char-end": 17799,
      "node-str": "stripped"
    },
    {
      "type": "delete-node",
      "node": {
        "label": "put",
        "type": "Invocation"
      },
      "location-before-char-start": 17777,
      "location-before-char-end": 17832,
      "node-str": "put"
    },
    {
      "type": "delete-node",
      "node": {
        "label": "properties",
        "type": "VariableRead"
      },
      "location-before-char-start": 17871,
      "location-before-char-end": 17880,
      "node-str": "properties"
    },
    {
      "type": "delete-node",
      "node": {
        "label": "stripped",
        "type": "VariableRead"
      },
      "location-before-char-start": 17886,
      "location-before-char-end": 17893,
      "node-str": "stripped"
    },
    {
      "type": "delete-node",
      "node": {
        "label": "put",
        "type": "Invocation"
      },
      "location-before-char-start": 17871,
      "location-before-char-end": 17929,
      "node-str": "put"
    }
  ],
  "before-file": {},
  "after-file": {},
  "mapping": {}
}