{
  "tool-info": {},
  "diff": [
    {
      "type": "insert-node",
      "node": {
        "label": "public",
        "type": "Modifier"
      },
      "location-after-char-start": 1407,
      "location-after-char-end": 1413,
      "node-str": "public"
    },
    {
      "type": "insert-node",
      "node": {
        "label": "class",
        "type": "TYPE_DECLARATION_KIND"
      },
      "location-after-char-start": 1414,
      "location-after-char-end": 1419,
      "node-str": "class"
    },
    {
      "type": "insert-node",
      "node": {
        "label": "JMSCacheInvalidationBridge",
        "type": "SimpleName"
      },
      "location-after-char-start": 1420,
      "location-after-char-end": 1446,
      "node-str": "JMSCacheInvalidationBridge"
    },
    {
      "type": "insert-node",
      "node": {
        "label": "",
        "type": "MethodDeclaration"
      },
      "location-after-char-start": 8342,
      "location-after-char-end": 8865,
      "node-str": ""
    },
    {
      "type": "insert-node",
      "node": {
        "label": "public",
        "type": "Modifier"
      },
      "location-after-char-start": 5188,
      "location-after-char-end": 5194,
      "node-str": "public"
    },
    {
      "type": "insert-node",
      "node": {
        "label": "void",
        "type": "PrimitiveType"
      },
      "location-after-char-start": 5195,
      "location-after-char-end": 5199,
      "node-str": "void"
    },
    {
      "type": "insert-node",
      "node": {
        "label": "onMessage",
        "type": "SimpleName"
      },
      "location-after-char-start": 5200,
      "location-after-char-end": 5209,
      "node-str": "onMessage"
    },
    {
      "type": "insert-node",
      "node": {
        "label": "public",
        "type": "Modifier"
      },
      "location-after-char-start": 8342,
      "location-after-char-end": 8348,
      "node-str": "public"
    },
    {
      "type": "insert-node",
      "node": {
        "label": "void",
        "type": "PrimitiveType"
      },
      "location-after-char-start": 8349,
      "location-after-char-end": 8353,
      "node-str": "void"
    },
    {
      "type": "insert-node",
      "node": {
        "label": "invalidateAll",
        "type": "SimpleName"
      },
      "location-after-char-start": 8354,
      "location-after-char-end": 8367,
      "node-str": "invalidateAll"
    },
    {
      "type": "insert-node",
      "node": {
        "label": "",
        "type": "SingleVariableDeclaration"
      },
      "location-after-char-start": 8368,
      "location-after-char-end": 8384,
      "node-str": ""
    },
    {
      "type": "insert-node",
      "node": {
        "label": "",
        "type": "SingleVariableDeclaration"
      },
      "location-after-char-start": 8386,
      "location-after-char-end": 8406,
      "node-str": ""
    },
    {
      "type": "insert-node",
      "node": {
        "label": "",
        "type": "Block"
      },
      "location-after-char-start": 8411,
      "location-after-char-end": 8865,
      "node-str": ""
    },
    {
      "type": "insert-node",
      "node": {
        "label": "",
        "type": "SimpleType"
      },
      "location-after-char-start": 8368,
      "location-after-char-end": 8374,
      "node-str": ""
    },
    {
      "type": "insert-node",
      "node": {
        "label": "groupName",
        "type": "SimpleName"
      },
      "location-after-char-start": 8375,
      "location-after-char-end": 8384,
      "node-str": "groupName"
    },
    {
      "type": "insert-node",
      "node": {
        "label": "boolean",
        "type": "PrimitiveType"
      },
      "location-after-char-start": 8386,
      "location-after-char-end": 8393,
      "node-str": "boolean"
    },
    {
      "type": "insert-node",
      "node": {
        "label": "asynchronous",
        "type": "SimpleName"
      },
      "location-after-char-start": 8394,
      "location-after-char-end": 8406,
      "node-str": "asynchronous"
    },
    {
      "type": "insert-node",
      "node": {
        "label": "",
        "type": "IfStatement"
      },
      "location-after-char-start": 8419,
      "location-after-char-end": 8860,
      "node-str": ""
    },
    {
      "type": "insert-node",
      "node": {
        "label": "String",
        "type": "SimpleName"
      },
      "location-after-char-start": 8368,
      "location-after-char-end": 8374,
      "node-str": "String"
    },
    {
      "type": "insert-node",
      "node": {
        "label": "",
        "type": "InfixExpression"
      },
      "location-after-char-start": 8424,
      "location-after-char-end": 8647,
      "node-str": ""
    },
    {
      "type": "insert-node",
      "node": {
        "label": "",
        "type": "Block"
      },
      "location-after-char-start": 8655,
      "location-after-char-end": 8860,
      "node-str": ""
    },
    {
      "type": "insert-node",
      "node": {
        "label": "",
        "type": "ParenthesizedExpression"
      },
      "location-after-char-start": 8424,
      "location-after-char-end": 8606,
      "node-str": ""
    },
    {
      "type": "insert-node",
      "node": {
        "label": "\u0026\u0026",
        "type": "INFIX_EXPRESSION_OPERATOR"
      },
      "location-after-char-start": 8619,
      "location-after-char-end": 8621,
      "node-str": "\u0026\u0026"
    },
    {
      "type": "insert-node",
      "node": {
        "label": "",
        "type": "FieldAccess"
      },
      "location-after-char-start": 8622,
      "location-after-char-end": 8647,
      "node-str": ""
    },
    {
      "type": "insert-node",
      "node": {
        "label": "",
        "type": "VariableDeclarationStatement"
      },
      "location-after-char-start": 8666,
      "location-after-char-end": 8806,
      "node-str": ""
    },
    {
      "type": "insert-node",
      "node": {
        "label": "",
        "type": "ExpressionStatement"
      },
      "location-after-char-start": 8816,
      "location-after-char-end": 8852,
      "node-str": ""
    },
    {
      "type": "insert-node",
      "node": {
        "label": "",
        "type": "InfixExpression"
      },
      "location-after-char-start": 8425,
      "location-after-char-end": 8605,
      "node-str": ""
    },
    {
      "type": "insert-node",
      "node": {
        "label": "",
        "type": "ThisExpression"
      },
      "location-after-char-start": 8622,
      "location-after-char-end": 8626,
      "node-str": ""
    },
    {
      "type": "insert-node",
      "node": {
        "label": "publishingAuthorized",
        "type": "SimpleName"
      },
      "location-after-char-start": 8627,
      "location-after-char-end": 8647,
      "node-str": "publishingAuthorized"
    },
    {
      "type": "insert-node",
      "node": {
        "label": "",
        "type": "SimpleType"
      },
      "location-after-char-start": 8666,
      "location-after-char-end": 8693,
      "node-str": ""
    },
    {
      "type": "insert-node",
      "node": {
        "label": "",
        "type": "VariableDeclarationFragment"
      },
      "location-after-char-start": 8694,
      "location-after-char-end": 8805,
      "node-str": ""
    },
    {
      "type": "insert-node",
      "node": {
        "label": "",
        "type": "MethodInvocation"
      },
      "location-after-char-start": 8816,
      "location-after-char-end": 8851,
      "node-str": ""
    },
    {
      "type": "insert-node",
      "node": {
        "label": "",
        "type": "InfixExpression"
      },
      "location-after-char-start": 8425,
      "location-after-char-end": 8506,
      "node-str": ""
    },
    {
      "type": "insert-node",
      "node": {
        "label": "||",
        "type": "INFIX_EXPRESSION_OPERATOR"
      },
      "location-after-char-start": 8507,
      "location-after-char-end": 8509,
      "node-str": "||"
    },
    {
      "type": "insert-node",
      "node": {
        "label": "",
        "type": "InfixExpression"
      },
      "location-after-char-start": 8522,
      "location-after-char-end": 8605,
      "node-str": ""
    },
    {
      "type": "insert-node",
      "node": {
        "label": "JMSCacheInvalidationMessage",
        "type": "SimpleName"
      },
      "location-after-char-start": 8666,
      "location-after-char-end": 8693,
      "node-str": "JMSCacheInvalidationMessage"
    },
    {
      "type": "insert-node",
      "node": {
        "label": "msg",
        "type": "SimpleName"
      },
      "location-after-char-start": 8694,
      "location-after-char-end": 8697,
      "node-str": "msg"
    },
    {
      "type": "insert-node",
      "node": {
        "label": "",
        "type": "ClassInstanceCreation"
      },
      "location-after-char-start": 8700,
      "location-after-char-end": 8805,
      "node-str": ""
    },
    {
      "type": "insert-node",
      "node": {
        "label": "",
        "type": "METHOD_INVOCATION_RECEIVER"
      },
      "location-after-char-start": 8816,
      "location-after-char-end": 8820,
      "node-str": ""
    },
    {
      "type": "insert-node",
      "node": {
        "label": "sendJMSInvalidationEvent",
        "type": "SimpleName"
      },
      "location-after-char-start": 8821,
      "location-after-char-end": 8845,
      "node-str": "sendJMSInvalidationEvent"
    },
    {
      "type": "insert-node",
      "node": {
        "label": "",
        "type": "METHOD_INVOCATION_ARGUMENTS"
      },
      "location-after-char-start": 8847,
      "location-after-char-end": 8850,
      "node-str": ""
    },
    {
      "type": "insert-node",
      "node": {
        "label": "",
        "type": "Block"
      },
      "location-after-char-start": 6055,
      "location-after-char-end": 6396,
      "node-str": ""
    },
    {
      "type": "insert-node",
      "node": {
        "label": "",
        "type": "FieldAccess"
      },
      "location-after-char-start": 8425,
      "location-after-char-end": 8445,
      "node-str": ""
    },
    {
      "type": "insert-node",
      "node": {
        "label": "\u003d\u003d",
        "type": "INFIX_EXPRESSION_OPERATOR"
      },
      "location-after-char-start": 8446,
      "location-after-char-end": 8448,
      "node-str": "\u003d\u003d"
    },
    {
      "type": "insert-node",
      "node": {
        "label": "JMSCacheInvalidationBridgeMBean.IN_OUT_BRIDGE_PROPAGATION",
        "type": "QualifiedName"
      },
      "location-after-char-start": 8449,
      "location-after-char-end": 8506,
      "node-str": "JMSCacheInvalidationBridgeMBean.IN_OUT_BRIDGE_PROPAGATION"
    },
    {
      "type": "insert-node",
      "node": {
        "label": "",
        "type": "FieldAccess"
      },
      "location-after-char-start": 8522,
      "location-after-char-end": 8542,
      "node-str": ""
    },
    {
      "type": "insert-node",
      "node": {
        "label": "\u003d\u003d",
        "type": "INFIX_EXPRESSION_OPERATOR"
      },
      "location-after-char-start": 8543,
      "location-after-char-end": 8545,
      "node-str": "\u003d\u003d"
    },
    {
      "type": "insert-node",
      "node": {
        "label": "JMSCacheInvalidationBridgeMBean.OUT_ONLY_BRIDGE_PROPAGATION",
        "type": "QualifiedName"
      },
      "location-after-char-start": 8546,
      "location-after-char-end": 8605,
      "node-str": "JMSCacheInvalidationBridgeMBean.OUT_ONLY_BRIDGE_PROPAGATION"
    },
    {
      "type": "insert-node",
      "node": {
        "label": "",
        "type": "SimpleType"
      },
      "location-after-char-start": 8704,
      "location-after-char-end": 8731,
      "node-str": ""
    },
    {
      "type": "insert-node",
      "node": {
        "label": "",
        "type": "FieldAccess"
      },
      "location-after-char-start": 8751,
      "location-after-char-end": 8765,
      "node-str": ""
    },
    {
      "type": "insert-node",
      "node": {
        "label": "groupName",
        "type": "SimpleName"
      },
      "location-after-char-start": 8785,
      "location-after-char-end": 8794,
      "node-str": "groupName"
    },
    {
      "type": "insert-node",
      "node": {
        "label": "",
        "type": "ThisExpression"
      },
      "location-after-char-start": 8816,
      "location-after-char-end": 8820,
      "node-str": ""
    },
    {
      "type": "insert-node",
      "node": {
        "label": "msg",
        "type": "SimpleName"
      },
      "location-after-char-start": 8847,
      "location-after-char-end": 8850,
      "node-str": "msg"
    },
    {
      "type": "insert-node",
      "node": {
        "label": "",
        "type": "IfStatement"
      },
      "location-after-char-start": 6072,
      "location-after-char-end": 6382,
      "node-str": ""
    },
    {
      "type": "insert-node",
      "node": {
        "label": "",
        "type": "ThisExpression"
      },
      "location-after-char-start": 8425,
      "location-after-char-end": 8429,
      "node-str": ""
    },
    {
      "type": "insert-node",
      "node": {
        "label": "propagationMode",
        "type": "SimpleName"
      },
      "location-after-char-start": 8430,
      "location-after-char-end": 8445,
      "node-str": "propagationMode"
    },
    {
      "type": "insert-node",
      "node": {
        "label": "",
        "type": "ThisExpression"
      },
      "location-after-char-start": 8522,
      "location-after-char-end": 8526,
      "node-str": ""
    },
    {
      "type": "insert-node",
      "node": {
        "label": "propagationMode",
        "type": "SimpleName"
      },
      "location-after-char-start": 8527,
      "location-after-char-end": 8542,
      "node-str": "propagationMode"
    },
    {
      "type": "insert-node",
      "node": {
        "label": "JMSCacheInvalidationMessage",
        "type": "SimpleName"
      },
      "location-after-char-start": 8704,
      "location-after-char-end": 8731,
      "node-str": "JMSCacheInvalidationMessage"
    },
    {
      "type": "insert-node",
      "node": {
        "label": "",
        "type": "ThisExpression"
      },
      "location-after-char-start": 8751,
      "location-after-char-end": 8755,
      "node-str": ""
    },
    {
      "type": "insert-node",
      "node": {
        "label": "serviceId",
        "type": "SimpleName"
      },
      "location-after-char-start": 8756,
      "location-after-char-end": 8765,
      "node-str": "serviceId"
    },
    {
      "type": "insert-node",
      "node": {
        "label": "",
        "type": "InfixExpression"
      },
      "location-after-char-start": 6075,
      "location-after-char-end": 6113,
      "node-str": ""
    },
    {
      "type": "insert-node",
      "node": {
        "label": "",
        "type": "Block"
      },
      "location-after-char-start": 6130,
      "location-after-char-end": 6238,
      "node-str": ""
    },
    {
      "type": "move-subtree",
      "node": {
        "label": "",
        "type": "Block"
      },
      "location-before-char-start": 6055,
      "location-before-char-end": 6162,
      "location-after-char-start": 6274,
      "location-after-char-end": 6382,
      "node-str": ""
    },
    {
      "type": "insert-node",
      "node": {
        "label": "content.invalidateAllGroupName",
        "type": "QualifiedName"
      },
      "location-after-char-start": 6075,
      "location-after-char-end": 6105,
      "node-str": "content.invalidateAllGroupName"
    },
    {
      "type": "insert-node",
      "node": {
        "label": "!\u003d",
        "type": "INFIX_EXPRESSION_OPERATOR"
      },
      "location-after-char-start": 6106,
      "location-after-char-end": 6108,
      "node-str": "!\u003d"
    },
    {
      "type": "insert-node",
      "node": {
        "label": "",
        "type": "NullLiteral"
      },
      "location-after-char-start": 6109,
      "location-after-char-end": 6113,
      "node-str": ""
    },
    {
      "type": "insert-node",
      "node": {
        "label": "",
        "type": "ExpressionStatement"
      },
      "location-after-char-start": 6150,
      "location-after-char-end": 6221,
      "node-str": ""
    },
    {
      "type": "insert-node",
      "node": {
        "label": "",
        "type": "MethodInvocation"
      },
      "location-after-char-start": 6150,
      "location-after-char-end": 6220,
      "node-str": ""
    },
    {
      "type": "insert-node",
      "node": {
        "label": "",
        "type": "METHOD_INVOCATION_RECEIVER"
      },
      "location-after-char-start": 6150,
      "location-after-char-end": 6174,
      "node-str": ""
    },
    {
      "type": "insert-node",
      "node": {
        "label": "invalidateAll",
        "type": "SimpleName"
      },
      "location-after-char-start": 6175,
      "location-after-char-end": 6188,
      "node-str": "invalidateAll"
    },
    {
      "type": "insert-node",
      "node": {
        "label": "",
        "type": "METHOD_INVOCATION_ARGUMENTS"
      },
      "location-after-char-start": 6189,
      "location-after-char-end": 6219,
      "node-str": ""
    },
    {
      "type": "insert-node",
      "node": {
        "label": "invalidationSubscription",
        "type": "SimpleName"
      },
      "location-after-char-start": 6150,
      "location-after-char-end": 6174,
      "node-str": "invalidationSubscription"
    },
    {
      "type": "insert-node",
      "node": {
        "label": "content.invalidateAllGroupName",
        "type": "QualifiedName"
      },
      "location-after-char-start": 6189,
      "location-after-char-end": 6219,
      "node-str": "content.invalidateAllGroupName"
    },
    {
      "type": "move-subtree",
      "node": {
        "label": "invalidationSubscription",
        "type": "SimpleName"
      },
      "location-before-char-start": 6077,
      "location-before-char-end": 6101,
      "location-after-char-start": 6294,
      "location-after-char-end": 6318,
      "node-str": "invalidationSubscription"
    },
    {
      "type": "delete-node",
      "node": {
        "label": "public",
        "type": "Modifier"
      },
      "location-before-char-start": 1407,
      "location-before-char-end": 1413,
      "node-str": "public"
    },
    {
      "type": "delete-node",
      "node": {
        "label": "class",
        "type": "TYPE_DECLARATION_KIND"
      },
      "location-before-char-start": 1414,
      "location-before-char-end": 1419,
      "node-str": "class"
    },
    {
      "type": "delete-node",
      "node": {
        "label": "JMSCacheInvalidationBridge",
        "type": "SimpleName"
      },
      "location-before-char-start": 1420,
      "location-before-char-end": 1446,
      "node-str": "JMSCacheInvalidationBridge"
    },
    {
      "type": "delete-node",
      "node": {
        "label": "public",
        "type": "Modifier"
      },
      "location-before-char-start": 5188,
      "location-before-char-end": 5194,
      "node-str": "public"
    },
    {
      "type": "delete-node",
      "node": {
        "label": "void",
        "type": "PrimitiveType"
      },
      "location-before-char-start": 5195,
      "location-before-char-end": 5199,
      "node-str": "void"
    },
    {
      "type": "delete-node",
      "node": {
        "label": "onMessage",
        "type": "SimpleName"
      },
      "location-before-char-start": 5200,
      "location-before-char-end": 5209,
      "node-str": "onMessage"
    },
    {
      "type": "delete-node",
      "node": {
        "label": "",
        "type": "ThisExpression"
      },
      "location-before-char-start": 6072,
      "location-before-char-end": 6076,
      "node-str": ""
    },
    {
      "type": "delete-node",
      "node": {
        "label": "",
        "type": "FieldAccess"
      },
      "location-before-char-start": 6072,
      "location-before-char-end": 6101,
      "node-str": ""
    }
  ],
  "before-file": {},
  "after-file": {},
  "mapping": {}
}