{
  "tool-info": {},
  "diff": [
    {
      "type": "insert-node",
      "node": {
        "label": "abstract",
        "type": "Modifier"
      },
      "location-after-char-start": 0,
      "location-after-char-end": 0,
      "node-str": "abstract"
    },
    {
      "type": "insert-node",
      "node": {
        "label": "public",
        "type": "Modifier"
      },
      "location-after-char-start": 0,
      "location-after-char-end": 0,
      "node-str": "public"
    },
    {
      "type": "insert-node",
      "node": {
        "label": "",
        "type": "TypeReference"
      },
      "location-after-char-start": 3692,
      "location-after-char-end": 3710,
      "node-str": ""
    },
    {
      "type": "insert-node",
      "node": {
        "label": "di",
        "type": "Field"
      },
      "location-after-char-start": 4934,
      "location-after-char-end": 5018,
      "node-str": "di"
    },
    {
      "type": "insert-node",
      "node": {
        "label": "jmxName",
        "type": "Field"
      },
      "location-after-char-start": 6406,
      "location-after-char-end": 6466,
      "node-str": "jmxName"
    },
    {
      "type": "insert-node",
      "node": {
        "label": "org.jboss.system.ServiceMBeanSupport",
        "type": "SUPER_TYPE"
      },
      "location-after-char-start": 0,
      "location-after-char-end": 0,
      "node-str": "org.jboss.system.ServiceMBeanSupport"
    },
    {
      "type": "insert-node",
      "node": {
        "label": "org.jboss.deployment.DeploymentInfo",
        "type": "VARIABLE_TYPE"
      },
      "location-after-char-start": 0,
      "location-after-char-end": 0,
      "node-str": "org.jboss.deployment.DeploymentInfo"
    },
    {
      "type": "insert-node",
      "node": {
        "label": "javax.management.ObjectName",
        "type": "VARIABLE_TYPE"
      },
      "location-after-char-start": 0,
      "location-after-char-end": 0,
      "node-str": "javax.management.ObjectName"
    },
    {
      "type": "insert-node",
      "node": {
        "label": "refresh",
        "type": "Invocation"
      },
      "location-after-char-start": 20972,
      "location-after-char-end": 21000,
      "node-str": "refresh"
    },
    {
      "type": "insert-node",
      "node": {
        "label": "getPolicy",
        "type": "Invocation"
      },
      "location-after-char-start": 20972,
      "location-after-char-end": 20989,
      "node-str": "getPolicy"
    },
    {
      "type": "insert-node",
      "node": {
        "label": "if",
        "type": "If"
      },
      "location-after-char-start": 27452,
      "location-after-char-end": 27583,
      "node-str": "if"
    },
    {
      "type": "insert-node",
      "node": {
        "label": "java.security.Policy",
        "type": "TypeAccess"
      },
      "location-after-char-start": 20972,
      "location-after-char-end": 20977,
      "node-str": "java.security.Policy"
    },
    {
      "type": "insert-node",
      "node": {
        "label": "EQ",
        "type": "BinaryOperator"
      },
      "location-after-char-start": 27456,
      "location-after-char-end": 27502,
      "node-str": "EQ"
    },
    {
      "type": "insert-node",
      "node": {
        "label": "THEN",
        "type": "then"
      },
      "location-after-char-start": 27514,
      "location-after-char-end": 27583,
      "node-str": "THEN"
    },
    {
      "type": "insert-node",
      "node": {
        "label": "getType",
        "type": "Invocation"
      },
      "location-after-char-start": 27456,
      "location-after-char-end": 27467,
      "node-str": "getType"
    },
    {
      "type": "insert-node",
      "node": {
        "label": "SERVICE_ENDPOINT",
        "type": "FieldRead"
      },
      "location-after-char-start": 27472,
      "location-after-char-end": 27502,
      "node-str": "SERVICE_ENDPOINT"
    },
    {
      "type": "insert-node",
      "node": {
        "label": "setMessage",
        "type": "Invocation"
      },
      "location-after-char-start": 27528,
      "location-after-char-end": 27572,
      "node-str": "setMessage"
    },
    {
      "type": "insert-node",
      "node": {
        "label": "mi",
        "type": "VariableRead"
      },
      "location-after-char-start": 27456,
      "location-after-char-end": 27457,
      "node-str": "mi"
    },
    {
      "type": "insert-node",
      "node": {
        "label": "org.jboss.invocation.InvocationType",
        "type": "TypeAccess"
      },
      "location-after-char-start": 0,
      "location-after-char-end": 0,
      "node-str": "org.jboss.invocation.InvocationType"
    },
    {
      "type": "insert-node",
      "node": {
        "label": "org.jboss.ejb.SOAPMsgPolicyContextHandler",
        "type": "TypeAccess"
      },
      "location-after-char-start": 27528,
      "location-after-char-end": 27554,
      "node-str": "org.jboss.ejb.SOAPMsgPolicyContextHandler"
    },
    {
      "type": "insert-node",
      "node": {
        "label": "null",
        "type": "Literal"
      },
      "location-after-char-start": 27567,
      "location-after-char-end": 27570,
      "node-str": "null"
    },
    {
      "type": "delete-node",
      "node": {
        "label": "abstract",
        "type": "Modifier"
      },
      "location-before-char-start": 0,
      "location-before-char-end": 0,
      "node-str": "abstract"
    },
    {
      "type": "delete-node",
      "node": {
        "label": "public",
        "type": "Modifier"
      },
      "location-before-char-start": 0,
      "location-before-char-end": 0,
      "node-str": "public"
    },
    {
      "type": "delete-node",
      "node": {
        "label": "org.jboss.system.ServiceMBeanSupport",
        "type": "SUPER_TYPE"
      },
      "location-before-char-start": 0,
      "location-before-char-end": 0,
      "node-str": "org.jboss.system.ServiceMBeanSupport"
    },
    {
      "type": "delete-node",
      "node": {
        "label": "",
        "type": "TypeReference"
      },
      "location-before-char-start": 3663,
      "location-before-char-end": 3681,
      "node-str": ""
    },
    {
      "type": "delete-node",
      "node": {
        "label": "org.jboss.deployment.DeploymentInfo",
        "type": "VARIABLE_TYPE"
      },
      "location-before-char-start": 0,
      "location-before-char-end": 0,
      "node-str": "org.jboss.deployment.DeploymentInfo"
    },
    {
      "type": "delete-node",
      "node": {
        "label": "di",
        "type": "Field"
      },
      "location-before-char-start": 4905,
      "location-before-char-end": 4989,
      "node-str": "di"
    },
    {
      "type": "delete-node",
      "node": {
        "label": "javax.management.ObjectName",
        "type": "VARIABLE_TYPE"
      },
      "location-before-char-start": 0,
      "location-before-char-end": 0,
      "node-str": "javax.management.ObjectName"
    },
    {
      "type": "delete-node",
      "node": {
        "label": "jmxName",
        "type": "Field"
      },
      "location-before-char-start": 6377,
      "location-before-char-end": 6437,
      "node-str": "jmxName"
    }
  ],
  "before-file": {},
  "after-file": {},
  "mapping": {}
}