{
  "tool-info": {},
  "diff": [
    {
      "type": "insert-node",
      "node": {
        "label": "JDBCPkSqlCreateCommand",
        "type": "Class"
      },
      "location-after-char-start": 576,
      "location-after-char-end": 3709,
      "node-str": "JDBCPkSqlCreateCommand"
    },
    {
      "type": "insert-node",
      "node": {
        "label": "public",
        "type": "Modifier"
      },
      "location-after-char-start": 0,
      "location-after-char-end": 0,
      "node-str": "public"
    },
    {
      "type": "insert-node",
      "node": {
        "label": "",
        "type": "TypeReference"
      },
      "location-after-char-start": 956,
      "location-after-char-end": 978,
      "node-str": ""
    },
    {
      "type": "insert-node",
      "node": {
        "label": "pkSql",
        "type": "Field"
      },
      "location-after-char-start": 986,
      "location-after-char-end": 1072,
      "node-str": "pkSql"
    },
    {
      "type": "insert-node",
      "node": {
        "label": "init",
        "type": "Method"
      },
      "location-after-char-start": 1078,
      "location-after-char-end": 1525,
      "node-str": "init"
    },
    {
      "type": "move-subtree",
      "node": {
        "label": "execute",
        "type": "Method"
      },
      "location-before-char-start": 3227,
      "location-before-char-end": 4353,
      "location-after-char-start": 1531,
      "location-after-char-end": 2608,
      "node-str": "execute"
    },
    {
      "type": "insert-node",
      "node": {
        "label": "fetchNextPrimaryKey",
        "type": "Method"
      },
      "location-after-char-start": 2614,
      "location-after-char-end": 3707,
      "node-str": "fetchNextPrimaryKey"
    },
    {
      "type": "insert-node",
      "node": {
        "label": "org.jboss.ejb.plugins.cmp.jdbc.JDBCCreateEntityCommand",
        "type": "SUPER_TYPE"
      },
      "location-after-char-start": 0,
      "location-after-char-end": 0,
      "node-str": "org.jboss.ejb.plugins.cmp.jdbc.JDBCCreateEntityCommand"
    },
    {
      "type": "insert-node",
      "node": {
        "label": "java.lang.String",
        "type": "VARIABLE_TYPE"
      },
      "location-after-char-start": 0,
      "location-after-char-end": 0,
      "node-str": "java.lang.String"
    },
    {
      "type": "insert-node",
      "node": {
        "label": "protected",
        "type": "Modifier"
      },
      "location-after-char-start": 0,
      "location-after-char-end": 0,
      "node-str": "protected"
    },
    {
      "type": "insert-node",
      "node": {
        "label": "void",
        "type": "RETURN_TYPE"
      },
      "location-after-char-start": 0,
      "location-after-char-end": 0,
      "node-str": "void"
    },
    {
      "type": "insert-node",
      "node": {
        "label": "org.jboss.deployment.DeploymentException",
        "type": "THROWS"
      },
      "location-after-char-start": 0,
      "location-after-char-end": 0,
      "node-str": "org.jboss.deployment.DeploymentException"
    },
    {
      "type": "insert-node",
      "node": {
        "label": "public",
        "type": "Modifier"
      },
      "location-after-char-start": 0,
      "location-after-char-end": 0,
      "node-str": "public"
    },
    {
      "type": "insert-node",
      "node": {
        "label": "manager",
        "type": "Parameter"
      },
      "location-after-char-start": 1159,
      "location-after-char-end": 1182,
      "node-str": "manager"
    },
    {
      "type": "insert-node",
      "node": {
        "label": "init",
        "type": "Invocation"
      },
      "location-after-char-start": 1229,
      "location-after-char-end": 1248,
      "node-str": "init"
    },
    {
      "type": "insert-node",
      "node": {
        "label": "if",
        "type": "If"
      },
      "location-after-char-start": 1256,
      "location-after-char-end": 1301,
      "node-str": "if"
    },
    {
      "type": "insert-node",
      "node": {
        "label": "\u003d",
        "type": "Assignment"
      },
      "location-after-char-start": 1310,
      "location-after-char-end": 1354,
      "node-str": "\u003d"
    },
    {
      "type": "move-subtree",
      "node": {
        "label": "if",
        "type": "If"
      },
      "location-before-char-start": 3049,
      "location-before-char-end": 3213,
      "location-after-char-start": 1362,
      "location-after-char-end": 1520,
      "node-str": "if"
    },
    {
      "type": "insert-node",
      "node": {
        "label": "java.lang.Object",
        "type": "RETURN_TYPE"
      },
      "location-after-char-start": 0,
      "location-after-char-end": 0,
      "node-str": "java.lang.Object"
    },
    {
      "type": "insert-node",
      "node": {
        "label": "javax.ejb.CreateException",
        "type": "THROWS"
      },
      "location-after-char-start": 0,
      "location-after-char-end": 0,
      "node-str": "javax.ejb.CreateException"
    },
    {
      "type": "insert-node",
      "node": {
        "label": "protected",
        "type": "Modifier"
      },
      "location-after-char-start": 0,
      "location-after-char-end": 0,
      "node-str": "protected"
    },
    {
      "type": "insert-node",
      "node": {
        "label": "pk",
        "type": "LocalVariable"
      },
      "location-after-char-start": 2691,
      "location-after-char-end": 2707,
      "node-str": "pk"
    },
    {
      "type": "insert-node",
      "node": {
        "label": "con",
        "type": "LocalVariable"
      },
      "location-after-char-start": 2715,
      "location-after-char-end": 2736,
      "node-str": "con"
    },
    {
      "type": "insert-node",
      "node": {
        "label": "ps",
        "type": "LocalVariable"
      },
      "location-after-char-start": 2744,
      "location-after-char-end": 2771,
      "node-str": "ps"
    },
    {
      "type": "insert-node",
      "node": {
        "label": "",
        "type": "Try"
      },
      "location-after-char-start": 2779,
      "location-after-char-end": 3684,
      "node-str": ""
    },
    {
      "type": "insert-node",
      "node": {
        "label": "return",
        "type": "Return"
      },
      "location-after-char-start": 3693,
      "location-after-char-end": 3702,
      "node-str": "return"
    },
    {
      "type": "insert-node",
      "node": {
        "label": "org.jboss.ejb.plugins.cmp.jdbc.JDBCStoreManager",
        "type": "VARIABLE_TYPE"
      },
      "location-after-char-start": 0,
      "location-after-char-end": 0,
      "node-str": "org.jboss.ejb.plugins.cmp.jdbc.JDBCStoreManager"
    },
    {
      "type": "insert-node",
      "node": {
        "label": "super",
        "type": "SuperAccess"
      },
      "location-after-char-start": 1229,
      "location-after-char-end": 1233,
      "node-str": "super"
    },
    {
      "type": "insert-node",
      "node": {
        "label": "manager",
        "type": "VariableRead"
      },
      "location-after-char-start": 1240,
      "location-after-char-end": 1246,
      "node-str": "manager"
    },
    {
      "type": "insert-node",
      "node": {
        "label": "NOT",
        "type": "UnaryOperator"
      },
      "location-after-char-start": 1260,
      "location-after-char-end": 1273,
      "node-str": "NOT"
    },
    {
      "type": "insert-node",
      "node": {
        "label": "THEN",
        "type": "then"
      },
      "location-after-char-start": 1276,
      "location-after-char-end": 1301,
      "node-str": "THEN"
    },
    {
      "type": "insert-node",
      "node": {
        "label": "pkSql",
        "type": "FieldWrite"
      },
      "location-after-char-start": 1310,
      "location-after-char-end": 1314,
      "node-str": "pkSql"
    },
    {
      "type": "insert-node",
      "node": {
        "label": "getAttribute",
        "type": "Invocation"
      },
      "location-after-char-start": 1318,
      "location-after-char-end": 1353,
      "node-str": "getAttribute"
    },
    {
      "type": "insert-node",
      "node": {
        "label": "java.lang.Object",
        "type": "VARIABLE_TYPE"
      },
      "location-after-char-start": 0,
      "location-after-char-end": 0,
      "node-str": "java.lang.Object"
    },
    {
      "type": "insert-node",
      "node": {
        "label": "null",
        "type": "Literal"
      },
      "location-after-char-start": 2703,
      "location-after-char-end": 2706,
      "node-str": "null"
    },
    {
      "type": "insert-node",
      "node": {
        "label": "java.sql.Connection",
        "type": "VARIABLE_TYPE"
      },
      "location-after-char-start": 0,
      "location-after-char-end": 0,
      "node-str": "java.sql.Connection"
    },
    {
      "type": "insert-node",
      "node": {
        "label": "null",
        "type": "Literal"
      },
      "location-after-char-start": 2732,
      "location-after-char-end": 2735,
      "node-str": "null"
    },
    {
      "type": "insert-node",
      "node": {
        "label": "java.sql.PreparedStatement",
        "type": "VARIABLE_TYPE"
      },
      "location-after-char-start": 0,
      "location-after-char-end": 0,
      "node-str": "java.sql.PreparedStatement"
    },
    {
      "type": "insert-node",
      "node": {
        "label": "null",
        "type": "Literal"
      },
      "location-after-char-start": 2767,
      "location-after-char-end": 2770,
      "node-str": "null"
    },
    {
      "type": "insert-node",
      "node": {
        "label": "dataSource",
        "type": "LocalVariable"
      },
      "location-after-char-start": 2825,
      "location-after-char-end": 2871,
      "node-str": "dataSource"
    },
    {
      "type": "insert-node",
      "node": {
        "label": "\u003d",
        "type": "Assignment"
      },
      "location-after-char-start": 2882,
      "location-after-char-end": 2914,
      "node-str": "\u003d"
    },
    {
      "type": "move-subtree",
      "node": {
        "label": "debug",
        "type": "Invocation"
      },
      "location-before-char-start": 4727,
      "location-before-char-end": 4763,
      "location-after-char-start": 2959,
      "location-after-char-end": 2995,
      "node-str": "debug"
    },
    {
      "type": "move-subtree",
      "node": {
        "label": "\u003d",
        "type": "Assignment"
      },
      "location-before-char-start": 4775,
      "location-before-char-end": 4809,
      "location-after-char-start": 3006,
      "location-after-char-end": 3040,
      "node-str": "\u003d"
    },
    {
      "type": "insert-node",
      "node": {
        "label": "rs",
        "type": "LocalVariable"
      },
      "location-after-char-start": 3082,
      "location-after-char-end": 3114,
      "node-str": "rs"
    },
    {
      "type": "move-subtree",
      "node": {
        "label": "if",
        "type": "If"
      },
      "location-before-char-start": 4907,
      "location-before-char-end": 5065,
      "location-after-char-start": 3125,
      "location-after-char-end": 3280,
      "node-str": "if"
    },
    {
      "type": "move-subtree",
      "node": {
        "label": "\u003d",
        "type": "Assignment"
      },
      "location-before-char-start": 5085,
      "location-before-char-end": 5107,
      "location-after-char-start": 3292,
      "location-after-char-end": 3314,
      "node-str": "\u003d"
    },
    {
      "type": "move-subtree",
      "node": {
        "label": "",
        "type": "Catch"
      },
      "location-before-char-start": 5117,
      "location-before-char-end": 5188,
      "location-after-char-start": 3323,
      "location-after-char-end": 3390,
      "node-str": ""
    },
    {
      "type": "insert-node",
      "node": {
        "label": "",
        "type": "Catch"
      },
      "location-after-char-start": 3391,
      "location-after-char-end": 3587,
      "node-str": ""
    },
    {
      "type": "insert-node",
      "node": {
        "label": "safeClose",
        "type": "Invocation"
      },
      "location-after-char-start": 3620,
      "location-after-char-end": 3642,
      "node-str": "safeClose"
    },
    {
      "type": "insert-node",
      "node": {
        "label": "safeClose",
        "type": "Invocation"
      },
      "location-after-char-start": 3653,
      "location-after-char-end": 3676,
      "node-str": "safeClose"
    },
    {
      "type": "insert-node",
      "node": {
        "label": "pk",
        "type": "VariableRead"
      },
      "location-after-char-start": 3700,
      "location-after-char-end": 3701,
      "node-str": "pk"
    },
    {
      "type": "insert-node",
      "node": {
        "label": "createAllowed",
        "type": "FieldRead"
      },
      "location-after-char-start": 1261,
      "location-after-char-end": 1273,
      "node-str": "createAllowed"
    },
    {
      "type": "insert-node",
      "node": {
        "label": "return",
        "type": "Return"
      },
      "location-after-char-start": 1287,
      "location-after-char-end": 1293,
      "node-str": "return"
    },
    {
      "type": "insert-node",
      "node": {
        "label": "org.jboss.ejb.plugins.cmp.jdbc.JDBCPkSqlCreateCommand",
        "type": "TypeAccess"
      },
      "location-after-char-start": 0,
      "location-after-char-end": 0,
      "node-str": "org.jboss.ejb.plugins.cmp.jdbc.JDBCPkSqlCreateCommand"
    },
    {
      "type": "insert-node",
      "node": {
        "label": "entityCommand",
        "type": "FieldRead"
      },
      "location-after-char-start": 1318,
      "location-after-char-end": 1330,
      "node-str": "entityCommand"
    },
    {
      "type": "insert-node",
      "node": {
        "label": "\"pk-sql\"",
        "type": "Literal"
      },
      "location-after-char-start": 1345,
      "location-after-char-end": 1352,
      "node-str": "\"pk-sql\""
    },
    {
      "type": "insert-node",
      "node": {
        "label": "javax.sql.DataSource",
        "type": "VARIABLE_TYPE"
      },
      "location-after-char-start": 0,
      "location-after-char-end": 0,
      "node-str": "javax.sql.DataSource"
    },
    {
      "type": "insert-node",
      "node": {
        "label": "getDataSource",
        "type": "Invocation"
      },
      "location-after-char-start": 2849,
      "location-after-char-end": 2870,
      "node-str": "getDataSource"
    },
    {
      "type": "insert-node",
      "node": {
        "label": "con",
        "type": "VariableWrite"
      },
      "location-after-char-start": 2882,
      "location-after-char-end": 2884,
      "node-str": "con"
    },
    {
      "type": "insert-node",
      "node": {
        "label": "getConnection",
        "type": "Invocation"
      },
      "location-after-char-start": 2888,
      "location-after-char-end": 2913,
      "node-str": "getConnection"
    },
    {
      "type": "insert-node",
      "node": {
        "label": "java.sql.ResultSet",
        "type": "VARIABLE_TYPE"
      },
      "location-after-char-start": 0,
      "location-after-char-end": 0,
      "node-str": "java.sql.ResultSet"
    },
    {
      "type": "insert-node",
      "node": {
        "label": "executeQuery",
        "type": "Invocation"
      },
      "location-after-char-start": 3097,
      "location-after-char-end": 3113,
      "node-str": "executeQuery"
    },
    {
      "type": "insert-node",
      "node": {
        "label": "e",
        "type": "CatchVariable"
      },
      "location-after-char-start": 3404,
      "location-after-char-end": 3415,
      "node-str": "e"
    },
    {
      "type": "insert-node",
      "node": {
        "label": "error",
        "type": "Invocation"
      },
      "location-after-char-start": 3436,
      "location-after-char-end": 3493,
      "node-str": "error"
    },
    {
      "type": "insert-node",
      "node": {
        "label": "",
        "type": "Throw"
      },
      "location-after-char-start": 3504,
      "location-after-char-end": 3579,
      "node-str": ""
    },
    {
      "type": "insert-node",
      "node": {
        "label": "org.jboss.ejb.plugins.cmp.jdbc.JDBCUtil",
        "type": "TypeAccess"
      },
      "location-after-char-start": 3620,
      "location-after-char-end": 3627,
      "node-str": "org.jboss.ejb.plugins.cmp.jdbc.JDBCUtil"
    },
    {
      "type": "insert-node",
      "node": {
        "label": "ps",
        "type": "VariableRead"
      },
      "location-after-char-start": 3639,
      "location-after-char-end": 3640,
      "node-str": "ps"
    },
    {
      "type": "insert-node",
      "node": {
        "label": "org.jboss.ejb.plugins.cmp.jdbc.JDBCUtil",
        "type": "TypeAccess"
      },
      "location-after-char-start": 3653,
      "location-after-char-end": 3660,
      "node-str": "org.jboss.ejb.plugins.cmp.jdbc.JDBCUtil"
    },
    {
      "type": "insert-node",
      "node": {
        "label": "con",
        "type": "VariableRead"
      },
      "location-after-char-start": 3672,
      "location-after-char-end": 3674,
      "node-str": "con"
    },
    {
      "type": "insert-node",
      "node": {
        "label": "entity",
        "type": "FieldRead"
      },
      "location-after-char-start": 2849,
      "location-after-char-end": 2854,
      "node-str": "entity"
    },
    {
      "type": "insert-node",
      "node": {
        "label": "dataSource",
        "type": "VariableRead"
      },
      "location-after-char-start": 2888,
      "location-after-char-end": 2897,
      "node-str": "dataSource"
    },
    {
      "type": "insert-node",
      "node": {
        "label": "ps",
        "type": "VariableRead"
      },
      "location-after-char-start": 3097,
      "location-after-char-end": 3098,
      "node-str": "ps"
    },
    {
      "type": "insert-node",
      "node": {
        "label": "java.lang.Exception",
        "type": "VARIABLE_TYPE"
      },
      "location-after-char-start": 0,
      "location-after-char-end": 0,
      "node-str": "java.lang.Exception"
    },
    {
      "type": "insert-node",
      "node": {
        "label": "log",
        "type": "FieldRead"
      },
      "location-after-char-start": 3436,
      "location-after-char-end": 3438,
      "node-str": "log"
    },
    {
      "type": "insert-node",
      "node": {
        "label": "\"Error fetching the next primary key value\"",
        "type": "Literal"
      },
      "location-after-char-start": 3446,
      "location-after-char-end": 3488,
      "node-str": "\"Error fetching the next primary key value\""
    },
    {
      "type": "insert-node",
      "node": {
        "label": "e",
        "type": "VariableRead"
      },
      "location-after-char-start": 3491,
      "location-after-char-end": 3491,
      "node-str": "e"
    },
    {
      "type": "insert-node",
      "node": {
        "label": "javax.ejb.CreateException(java.lang.String)",
        "type": "ConstructorCall"
      },
      "location-after-char-start": 3510,
      "location-after-char-end": 3578,
      "node-str": "javax.ejb.CreateException(java.lang.String)"
    },
    {
      "type": "insert-node",
      "node": {
        "label": "PLUS",
        "type": "BinaryOperator"
      },
      "location-after-char-start": 3530,
      "location-after-char-end": 3577,
      "node-str": "PLUS"
    },
    {
      "type": "insert-node",
      "node": {
        "label": "\"Error fetching the next primary key value:\"",
        "type": "Literal"
      },
      "location-after-char-start": 3530,
      "location-after-char-end": 3573,
      "node-str": "\"Error fetching the next primary key value:\""
    },
    {
      "type": "insert-node",
      "node": {
        "label": "e",
        "type": "VariableRead"
      },
      "location-after-char-start": 3577,
      "location-after-char-end": 3577,
      "node-str": "e"
    },
    {
      "type": "delete-node",
      "node": {
        "label": "public",
        "type": "Modifier"
      },
      "location-before-char-start": 0,
      "location-before-char-end": 0,
      "node-str": "public"
    },
    {
      "type": "delete-node",
      "node": {
        "label": "org.jboss.ejb.plugins.cmp.jdbc.JDBCCreateEntityCommand",
        "type": "SUPER_TYPE"
      },
      "location-before-char-start": 0,
      "location-before-char-end": 0,
      "node-str": "org.jboss.ejb.plugins.cmp.jdbc.JDBCCreateEntityCommand"
    },
    {
      "type": "delete-node",
      "node": {
        "label": "",
        "type": "TypeReference"
      },
      "location-before-char-start": 1383,
      "location-before-char-end": 1405,
      "node-str": ""
    },
    {
      "type": "delete-node",
      "node": {
        "label": "java.lang.String",
        "type": "VARIABLE_TYPE"
      },
      "location-before-char-start": 0,
      "location-before-char-end": 0,
      "node-str": "java.lang.String"
    },
    {
      "type": "delete-node",
      "node": {
        "label": "protected",
        "type": "Modifier"
      },
      "location-before-char-start": 0,
      "location-before-char-end": 0,
      "node-str": "protected"
    },
    {
      "type": "delete-node",
      "node": {
        "label": "pkSql",
        "type": "Field"
      },
      "location-before-char-start": 1416,
      "location-before-char-end": 1504,
      "node-str": "pkSql"
    },
    {
      "type": "delete-node",
      "node": {
        "label": "void",
        "type": "RETURN_TYPE"
      },
      "location-before-char-start": 0,
      "location-before-char-end": 0,
      "node-str": "void"
    },
    {
      "type": "delete-node",
      "node": {
        "label": "org.jboss.deployment.DeploymentException",
        "type": "THROWS"
      },
      "location-before-char-start": 0,
      "location-before-char-end": 0,
      "node-str": "org.jboss.deployment.DeploymentException"
    },
    {
      "type": "delete-node",
      "node": {
        "label": "public",
        "type": "Modifier"
      },
      "location-before-char-start": 0,
      "location-before-char-end": 0,
      "node-str": "public"
    },
    {
      "type": "delete-node",
      "node": {
        "label": "org.jboss.ejb.plugins.cmp.jdbc.JDBCStoreManager",
        "type": "VARIABLE_TYPE"
      },
      "location-before-char-start": 0,
      "location-before-char-end": 0,
      "node-str": "org.jboss.ejb.plugins.cmp.jdbc.JDBCStoreManager"
    },
    {
      "type": "delete-node",
      "node": {
        "label": "manager",
        "type": "Parameter"
      },
      "location-before-char-start": 1595,
      "location-before-char-end": 1618,
      "node-str": "manager"
    },
    {
      "type": "delete-node",
      "node": {
        "label": "org.jboss.ejb.plugins.cmp.jdbc.JDBCPkSqlCreateCommand",
        "type": "TypeAccess"
      },
      "location-before-char-start": 0,
      "location-before-char-end": 0,
      "node-str": "org.jboss.ejb.plugins.cmp.jdbc.JDBCPkSqlCreateCommand"
    },
    {
      "type": "delete-node",
      "node": {
        "label": "this",
        "type": "ThisAccess"
      },
      "location-before-char-start": 1668,
      "location-before-char-end": 1671,
      "node-str": "this"
    },
    {
      "type": "delete-node",
      "node": {
        "label": "manager",
        "type": "FieldWrite"
      },
      "location-before-char-start": 1668,
      "location-before-char-end": 1679,
      "node-str": "manager"
    },
    {
      "type": "delete-node",
      "node": {
        "label": "manager",
        "type": "VariableRead"
      },
      "location-before-char-start": 1683,
      "location-before-char-end": 1689,
      "node-str": "manager"
    },
    {
      "type": "delete-node",
      "node": {
        "label": "\u003d",
        "type": "Assignment"
      },
      "location-before-char-start": 1668,
      "location-before-char-end": 1690,
      "node-str": "\u003d"
    },
    {
      "type": "delete-node",
      "node": {
        "label": "entity",
        "type": "FieldWrite"
      },
      "location-before-char-start": 1699,
      "location-before-char-end": 1704,
      "node-str": "entity"
    },
    {
      "type": "delete-node",
      "node": {
        "label": "manager",
        "type": "VariableRead"
      },
      "location-before-char-start": 1708,
      "location-before-char-end": 1714,
      "node-str": "manager"
    },
    {
      "type": "delete-node",
      "node": {
        "label": "getEntityBridge",
        "type": "Invocation"
      },
      "location-before-char-start": 1708,
      "location-before-char-end": 1732,
      "node-str": "getEntityBridge"
    },
    {
      "type": "delete-node",
      "node": {
        "label": "\u003d",
        "type": "Assignment"
      },
      "location-before-char-start": 1699,
      "location-before-char-end": 1733,
      "node-str": "\u003d"
    },
    {
      "type": "delete-node",
      "node": {
        "label": "log",
        "type": "FieldWrite"
      },
      "location-before-char-start": 1769,
      "location-before-char-end": 1771,
      "node-str": "log"
    },
    {
      "type": "delete-node",
      "node": {
        "label": "org.jboss.logging.Logger",
        "type": "TypeAccess"
      },
      "location-before-char-start": 1775,
      "location-before-char-end": 1780,
      "node-str": "org.jboss.logging.Logger"
    },
    {
      "type": "delete-node",
      "node": {
        "label": "org.jboss.ejb.plugins.cmp.jdbc.JDBCPkSqlCreateCommand",
        "type": "TypeAccess"
      },
      "location-before-char-start": 0,
      "location-before-char-end": 0,
      "node-str": "org.jboss.ejb.plugins.cmp.jdbc.JDBCPkSqlCreateCommand"
    },
    {
      "type": "delete-node",
      "node": {
        "label": "this",
        "type": "ThisAccess"
      },
      "location-before-char-start": 1793,
      "location-before-char-end": 1796,
      "node-str": "this"
    },
    {
      "type": "delete-node",
      "node": {
        "label": "getClass",
        "type": "Invocation"
      },
      "location-before-char-start": 1793,
      "location-before-char-end": 1807,
      "node-str": "getClass"
    },
    {
      "type": "delete-node",
      "node": {
        "label": "getName",
        "type": "Invocation"
      },
      "location-before-char-start": 1793,
      "location-before-char-end": 1817,
      "node-str": "getName"
    },
    {
      "type": "delete-node",
      "node": {
        "label": "\".\"",
        "type": "Literal"
      },
      "location-before-char-start": 1838,
      "location-before-char-end": 1840,
      "node-str": "\".\""
    },
    {
      "type": "delete-node",
      "node": {
        "label": "PLUS",
        "type": "BinaryOperator"
      },
      "location-before-char-start": 1793,
      "location-before-char-end": 1840,
      "node-str": "PLUS"
    },
    {
      "type": "delete-node",
      "node": {
        "label": "manager",
        "type": "VariableRead"
      },
      "location-before-char-start": 1844,
      "location-before-char-end": 1850,
      "node-str": "manager"
    },
    {
      "type": "delete-node",
      "node": {
        "label": "getMetaData",
        "type": "Invocation"
      },
      "location-before-char-start": 1844,
      "location-before-char-end": 1864,
      "node-str": "getMetaData"
    },
    {
      "type": "delete-node",
      "node": {
        "label": "getName",
        "type": "Invocation"
      },
      "location-before-char-start": 1844,
      "location-before-char-end": 1874,
      "node-str": "getName"
    },
    {
      "type": "delete-node",
      "node": {
        "label": "PLUS",
        "type": "BinaryOperator"
      },
      "location-before-char-start": 1793,
      "location-before-char-end": 1874,
      "node-str": "PLUS"
    },
    {
      "type": "delete-node",
      "node": {
        "label": "getLogger",
        "type": "Invocation"
      },
      "location-before-char-start": 1775,
      "location-before-char-end": 1875,
      "node-str": "getLogger"
    },
    {
      "type": "delete-node",
      "node": {
        "label": "\u003d",
        "type": "Assignment"
      },
      "location-before-char-start": 1769,
      "location-before-char-end": 1876,
      "node-str": "\u003d"
    },
    {
      "type": "delete-node",
      "node": {
        "label": "createAllowed",
        "type": "FieldWrite"
      },
      "location-before-char-start": 1916,
      "location-before-char-end": 1928,
      "node-str": "createAllowed"
    },
    {
      "type": "delete-node",
      "node": {
        "label": "true",
        "type": "Literal"
      },
      "location-before-char-start": 1932,
      "location-before-char-end": 1935,
      "node-str": "true"
    },
    {
      "type": "delete-node",
      "node": {
        "label": "\u003d",
        "type": "Assignment"
      },
      "location-before-char-start": 1916,
      "location-before-char-end": 1936,
      "node-str": "\u003d"
    },
    {
      "type": "delete-node",
      "node": {
        "label": "java.util.List",
        "type": "VARIABLE_TYPE"
      },
      "location-before-char-start": 0,
      "location-before-char-end": 0,
      "node-str": "java.util.List"
    },
    {
      "type": "delete-node",
      "node": {
        "label": "entity",
        "type": "FieldRead"
      },
      "location-before-char-start": 1959,
      "location-before-char-end": 1964,
      "node-str": "entity"
    },
    {
      "type": "delete-node",
      "node": {
        "label": "getFields",
        "type": "Invocation"
      },
      "location-before-char-start": 1959,
      "location-before-char-end": 1976,
      "node-str": "getFields"
    },
    {
      "type": "delete-node",
      "node": {
        "label": "fields",
        "type": "LocalVariable"
      },
      "location-before-char-start": 1945,
      "location-before-char-end": 1977,
      "node-str": "fields"
    },
    {
      "type": "delete-node",
      "node": {
        "label": "java.util.Iterator",
        "type": "VARIABLE_TYPE"
      },
      "location-before-char-start": 0,
      "location-before-char-end": 0,
      "node-str": "java.util.Iterator"
    },
    {
      "type": "delete-node",
      "node": {
        "label": "fields",
        "type": "VariableRead"
      },
      "location-before-char-start": 2007,
      "location-before-char-end": 2012,
      "node-str": "fields"
    },
    {
      "type": "delete-node",
      "node": {
        "label": "iterator",
        "type": "Invocation"
      },
      "location-before-char-start": 2007,
      "location-before-char-end": 2023,
      "node-str": "iterator"
    },
    {
      "type": "delete-node",
      "node": {
        "label": "iter",
        "type": "LocalVariable"
      },
      "location-before-char-start": 1991,
      "location-before-char-end": 2023,
      "node-str": "iter"
    },
    {
      "type": "delete-node",
      "node": {
        "label": "iter",
        "type": "VariableRead"
      },
      "location-before-char-start": 2026,
      "location-before-char-end": 2029,
      "node-str": "iter"
    },
    {
      "type": "delete-node",
      "node": {
        "label": "hasNext",
        "type": "Invocation"
      },
      "location-before-char-start": 2026,
      "location-before-char-end": 2039,
      "node-str": "hasNext"
    },
    {
      "type": "delete-node",
      "node": {
        "label": "org.jboss.ejb.plugins.cmp.jdbc.bridge.JDBCFieldBridge",
        "type": "VARIABLE_TYPE"
      },
      "location-before-char-start": 0,
      "location-before-char-end": 0,
      "node-str": "org.jboss.ejb.plugins.cmp.jdbc.bridge.JDBCFieldBridge"
    },
    {
      "type": "delete-node",
      "node": {
        "label": "iter",
        "type": "VariableRead"
      },
      "location-before-char-start": 2104,
      "location-before-char-end": 2107,
      "node-str": "iter"
    },
    {
      "type": "delete-node",
      "node": {
        "label": "next",
        "type": "Invocation"
      },
      "location-before-char-start": 2087,
      "location-before-char-end": 2114,
      "node-str": "next"
    },
    {
      "type": "delete-node",
      "node": {
        "label": "field",
        "type": "LocalVariable"
      },
      "location-before-char-start": 2063,
      "location-before-char-end": 2115,
      "node-str": "field"
    },
    {
      "type": "delete-node",
      "node": {
        "label": "field",
        "type": "VariableRead"
      },
      "location-before-char-start": 2131,
      "location-before-char-end": 2135,
      "node-str": "field"
    },
    {
      "type": "delete-node",
      "node": {
        "label": "isPrimaryKeyMember",
        "type": "Invocation"
      },
      "location-before-char-start": 2131,
      "location-before-char-end": 2156,
      "node-str": "isPrimaryKeyMember"
    },
    {
      "type": "delete-node",
      "node": {
        "label": "field",
        "type": "VariableRead"
      },
      "location-before-char-start": 2161,
      "location-before-char-end": 2165,
      "node-str": "field"
    },
    {
      "type": "delete-node",
      "node": {
        "label": "isReadOnly",
        "type": "Invocation"
      },
      "location-before-char-start": 2161,
      "location-before-char-end": 2178,
      "node-str": "isReadOnly"
    },
    {
      "type": "delete-node",
      "node": {
        "label": "AND",
        "type": "BinaryOperator"
      },
      "location-before-char-start": 2131,
      "location-before-char-end": 2178,
      "node-str": "AND"
    },
    {
      "type": "delete-node",
      "node": {
        "label": "createAllowed",
        "type": "FieldWrite"
      },
      "location-before-char-start": 2207,
      "location-before-char-end": 2219,
      "node-str": "createAllowed"
    },
    {
      "type": "delete-node",
      "node": {
        "label": "false",
        "type": "Literal"
      },
      "location-before-char-start": 2223,
      "location-before-char-end": 2227,
      "node-str": "false"
    },
    {
      "type": "delete-node",
      "node": {
        "label": "\u003d",
        "type": "Assignment"
      },
      "location-before-char-start": 2207,
      "location-before-char-end": 2228,
      "node-str": "\u003d"
    },
    {
      "type": "delete-node",
      "node": {
        "label": "break",
        "type": "Break"
      },
      "location-before-char-start": 2243,
      "location-before-char-end": 2248,
      "node-str": "break"
    },
    {
      "type": "delete-node",
      "node": {
        "label": "THEN",
        "type": "then"
      },
      "location-before-char-start": 2192,
      "location-before-char-end": 2260,
      "node-str": "THEN"
    },
    {
      "type": "delete-node",
      "node": {
        "label": "if",
        "type": "If"
      },
      "location-before-char-start": 2127,
      "location-before-char-end": 2260,
      "node-str": "if"
    },
    {
      "type": "delete-node",
      "node": {
        "label": "",
        "type": "For"
      },
      "location-before-char-start": 1986,
      "location-before-char-end": 2269,
      "node-str": ""
    },
    {
      "type": "delete-node",
      "node": {
        "label": "createAllowed",
        "type": "FieldRead"
      },
      "location-before-char-start": 2290,
      "location-before-char-end": 2302,
      "node-str": "createAllowed"
    },
    {
      "type": "delete-node",
      "node": {
        "label": "insertFields",
        "type": "FieldWrite"
      },
      "location-before-char-start": 2325,
      "location-before-char-end": 2336,
      "node-str": "insertFields"
    },
    {
      "type": "delete-node",
      "node": {
        "label": "org.jboss.ejb.plugins.cmp.jdbc.JDBCPkSqlCreateCommand",
        "type": "TypeAccess"
      },
      "location-before-char-start": 0,
      "location-before-char-end": 0,
      "node-str": "org.jboss.ejb.plugins.cmp.jdbc.JDBCPkSqlCreateCommand"
    },
    {
      "type": "delete-node",
      "node": {
        "label": "getInsertFields",
        "type": "Invocation"
      },
      "location-before-char-start": 2340,
      "location-before-char-end": 2356,
      "node-str": "getInsertFields"
    },
    {
      "type": "delete-node",
      "node": {
        "label": "\u003d",
        "type": "Assignment"
      },
      "location-before-char-start": 2325,
      "location-before-char-end": 2357,
      "node-str": "\u003d"
    },
    {
      "type": "delete-node",
      "node": {
        "label": "entityExistsSQL",
        "type": "FieldWrite"
      },
      "location-before-char-start": 2369,
      "location-before-char-end": 2383,
      "node-str": "entityExistsSQL"
    },
    {
      "type": "delete-node",
      "node": {
        "label": "org.jboss.ejb.plugins.cmp.jdbc.JDBCPkSqlCreateCommand",
        "type": "TypeAccess"
      },
      "location-before-char-start": 0,
      "location-before-char-end": 0,
      "node-str": "org.jboss.ejb.plugins.cmp.jdbc.JDBCPkSqlCreateCommand"
    },
    {
      "type": "delete-node",
      "node": {
        "label": "createEntityExistsSQL",
        "type": "Invocation"
      },
      "location-before-char-start": 2387,
      "location-before-char-end": 2409,
      "node-str": "createEntityExistsSQL"
    },
    {
      "type": "delete-node",
      "node": {
        "label": "\u003d",
        "type": "Assignment"
      },
      "location-before-char-start": 2369,
      "location-before-char-end": 2410,
      "node-str": "\u003d"
    },
    {
      "type": "delete-node",
      "node": {
        "label": "insertEntitySQL",
        "type": "FieldWrite"
      },
      "location-before-char-start": 2422,
      "location-before-char-end": 2436,
      "node-str": "insertEntitySQL"
    },
    {
      "type": "delete-node",
      "node": {
        "label": "org.jboss.ejb.plugins.cmp.jdbc.JDBCPkSqlCreateCommand",
        "type": "TypeAccess"
      },
      "location-before-char-start": 0,
      "location-before-char-end": 0,
      "node-str": "org.jboss.ejb.plugins.cmp.jdbc.JDBCPkSqlCreateCommand"
    },
    {
      "type": "delete-node",
      "node": {
        "label": "createInsertEntitySQL",
        "type": "Invocation"
      },
      "location-before-char-start": 2440,
      "location-before-char-end": 2462,
      "node-str": "createInsertEntitySQL"
    },
    {
      "type": "delete-node",
      "node": {
        "label": "\u003d",
        "type": "Assignment"
      },
      "location-before-char-start": 2422,
      "location-before-char-end": 2463,
      "node-str": "\u003d"
    },
    {
      "type": "delete-node",
      "node": {
        "label": "log",
        "type": "FieldRead"
      },
      "location-before-char-start": 2475,
      "location-before-char-end": 2477,
      "node-str": "log"
    },
    {
      "type": "delete-node",
      "node": {
        "label": "\"Entity Exists SQL: \"",
        "type": "Literal"
      },
      "location-before-char-start": 2485,
      "location-before-char-end": 2505,
      "node-str": "\"Entity Exists SQL: \""
    },
    {
      "type": "delete-node",
      "node": {
        "label": "entityExistsSQL",
        "type": "FieldRead"
      },
      "location-before-char-start": 2509,
      "location-before-char-end": 2523,
      "node-str": "entityExistsSQL"
    },
    {
      "type": "delete-node",
      "node": {
        "label": "PLUS",
        "type": "BinaryOperator"
      },
      "location-before-char-start": 2485,
      "location-before-char-end": 2523,
      "node-str": "PLUS"
    },
    {
      "type": "delete-node",
      "node": {
        "label": "debug",
        "type": "Invocation"
      },
      "location-before-char-start": 2475,
      "location-before-char-end": 2525,
      "node-str": "debug"
    },
    {
      "type": "delete-node",
      "node": {
        "label": "log",
        "type": "FieldRead"
      },
      "location-before-char-start": 2537,
      "location-before-char-end": 2539,
      "node-str": "log"
    },
    {
      "type": "delete-node",
      "node": {
        "label": "\"Insert Entity SQL: \"",
        "type": "Literal"
      },
      "location-before-char-start": 2547,
      "location-before-char-end": 2567,
      "node-str": "\"Insert Entity SQL: \""
    },
    {
      "type": "delete-node",
      "node": {
        "label": "insertEntitySQL",
        "type": "FieldRead"
      },
      "location-before-char-start": 2571,
      "location-before-char-end": 2585,
      "node-str": "insertEntitySQL"
    },
    {
      "type": "delete-node",
      "node": {
        "label": "PLUS",
        "type": "BinaryOperator"
      },
      "location-before-char-start": 2547,
      "location-before-char-end": 2585,
      "node-str": "PLUS"
    },
    {
      "type": "delete-node",
      "node": {
        "label": "debug",
        "type": "Invocation"
      },
      "location-before-char-start": 2537,
      "location-before-char-end": 2587,
      "node-str": "debug"
    },
    {
      "type": "delete-node",
      "node": {
        "label": "THEN",
        "type": "then"
      },
      "location-before-char-start": 2313,
      "location-before-char-end": 2596,
      "node-str": "THEN"
    },
    {
      "type": "delete-node",
      "node": {
        "label": "log",
        "type": "FieldRead"
      },
      "location-before-char-start": 2629,
      "location-before-char-end": 2631,
      "node-str": "log"
    },
    {
      "type": "delete-node",
      "node": {
        "label": "\"Create will not be allowed.\"",
        "type": "Literal"
      },
      "location-before-char-start": 2639,
      "location-before-char-end": 2667,
      "node-str": "\"Create will not be allowed.\""
    },
    {
      "type": "delete-node",
      "node": {
        "label": "debug",
        "type": "Invocation"
      },
      "location-before-char-start": 2629,
      "location-before-char-end": 2669,
      "node-str": "debug"
    },
    {
      "type": "delete-node",
      "node": {
        "label": "ELSE",
        "type": "else"
      },
      "location-before-char-start": 2617,
      "location-before-char-end": 2678,
      "node-str": "ELSE"
    },
    {
      "type": "delete-node",
      "node": {
        "label": "if",
        "type": "If"
      },
      "location-before-char-start": 2286,
      "location-before-char-end": 2678,
      "node-str": "if"
    },
    {
      "type": "delete-node",
      "node": {
        "label": "org.jboss.ejb.plugins.cmp.jdbc.metadata.JDBCEntityCommandMetaData",
        "type": "VARIABLE_TYPE"
      },
      "location-before-char-start": 0,
      "location-before-char-end": 0,
      "node-str": "org.jboss.ejb.plugins.cmp.jdbc.metadata.JDBCEntityCommandMetaData"
    },
    {
      "type": "delete-node",
      "node": {
        "label": "manager",
        "type": "VariableRead"
      },
      "location-before-char-start": 2758,
      "location-before-char-end": 2764,
      "node-str": "manager"
    },
    {
      "type": "delete-node",
      "node": {
        "label": "getMetaData",
        "type": "Invocation"
      },
      "location-before-char-start": 2758,
      "location-before-char-end": 2789,
      "node-str": "getMetaData"
    },
    {
      "type": "delete-node",
      "node": {
        "label": "getEntityCommand",
        "type": "Invocation"
      },
      "location-before-char-start": 2758,
      "location-before-char-end": 2808,
      "node-str": "getEntityCommand"
    },
    {
      "type": "delete-node",
      "node": {
        "label": "entityCommand",
        "type": "LocalVariable"
      },
      "location-before-char-start": 2716,
      "location-before-char-end": 2809,
      "node-str": "entityCommand"
    },
    {
      "type": "delete-node",
      "node": {
        "label": "entityCommand",
        "type": "VariableRead"
      },
      "location-before-char-start": 2822,
      "location-before-char-end": 2834,
      "node-str": "entityCommand"
    },
    {
      "type": "delete-node",
      "node": {
        "label": "null",
        "type": "Literal"
      },
      "location-before-char-start": 2839,
      "location-before-char-end": 2842,
      "node-str": "null"
    },
    {
      "type": "delete-node",
      "node": {
        "label": "EQ",
        "type": "BinaryOperator"
      },
      "location-before-char-start": 2822,
      "location-before-char-end": 2842,
      "node-str": "EQ"
    },
    {
      "type": "delete-node",
      "node": {
        "label": "\"entity command isn\u0027t set for entity \"",
        "type": "Literal"
      },
      "location-before-char-start": 2909,
      "location-before-char-end": 2946,
      "node-str": "\"entity command isn\u0027t set for entity \""
    },
    {
      "type": "delete-node",
      "node": {
        "label": "entity",
        "type": "FieldRead"
      },
      "location-before-char-start": 2950,
      "location-before-char-end": 2955,
      "node-str": "entity"
    },
    {
      "type": "delete-node",
      "node": {
        "label": "getEntityName",
        "type": "Invocation"
      },
      "location-before-char-start": 2950,
      "location-before-char-end": 2971,
      "node-str": "getEntityName"
    },
    {
      "type": "delete-node",
      "node": {
        "label": "PLUS",
        "type": "BinaryOperator"
      },
      "location-before-char-start": 2909,
      "location-before-char-end": 2971,
      "node-str": "PLUS"
    },
    {
      "type": "delete-node",
      "node": {
        "label": "java.lang.Object()",
        "type": "ConstructorCall"
      },
      "location-before-char-start": 2871,
      "location-before-char-end": 2973,
      "node-str": "java.lang.Object()"
    },
    {
      "type": "delete-node",
      "node": {
        "label": "",
        "type": "Throw"
      },
      "location-before-char-start": 2865,
      "location-before-char-end": 2974,
      "node-str": ""
    },
    {
      "type": "delete-node",
      "node": {
        "label": "THEN",
        "type": "then"
      },
      "location-before-char-start": 2853,
      "location-before-char-end": 2983,
      "node-str": "THEN"
    },
    {
      "type": "delete-node",
      "node": {
        "label": "if",
        "type": "If"
      },
      "location-before-char-start": 2818,
      "location-before-char-end": 2983,
      "node-str": "if"
    },
    {
      "type": "delete-node",
      "node": {
        "label": "org.jboss.ejb.plugins.cmp.jdbc.JDBCPkSqlCreateCommand",
        "type": "TypeAccess"
      },
      "location-before-char-start": 0,
      "location-before-char-end": 0,
      "node-str": "org.jboss.ejb.plugins.cmp.jdbc.JDBCPkSqlCreateCommand"
    },
    {
      "type": "delete-node",
      "node": {
        "label": "pkSql",
        "type": "FieldWrite"
      },
      "location-before-char-start": 2994,
      "location-before-char-end": 2998,
      "node-str": "pkSql"
    },
    {
      "type": "delete-node",
      "node": {
        "label": "entityCommand",
        "type": "VariableRead"
      },
      "location-before-char-start": 3002,
      "location-before-char-end": 3014,
      "node-str": "entityCommand"
    },
    {
      "type": "delete-node",
      "node": {
        "label": "\"pk-sql\"",
        "type": "Literal"
      },
      "location-before-char-start": 3030,
      "location-before-char-end": 3037,
      "node-str": "\"pk-sql\""
    },
    {
      "type": "delete-node",
      "node": {
        "label": "getAttribute",
        "type": "Invocation"
      },
      "location-before-char-start": 3002,
      "location-before-char-end": 3039,
      "node-str": "getAttribute"
    },
    {
      "type": "delete-node",
      "node": {
        "label": "\u003d",
        "type": "Assignment"
      },
      "location-before-char-start": 2994,
      "location-before-char-end": 3040,
      "node-str": "\u003d"
    },
    {
      "type": "delete-node",
      "node": {
        "label": "init",
        "type": "Method"
      },
      "location-before-char-start": 1512,
      "location-before-char-end": 3219,
      "node-str": "init"
    },
    {
      "type": "delete-node",
      "node": {
        "label": "java.lang.Object",
        "type": "RETURN_TYPE"
      },
      "location-before-char-start": 0,
      "location-before-char-end": 0,
      "node-str": "java.lang.Object"
    },
    {
      "type": "delete-node",
      "node": {
        "label": "javax.ejb.CreateException",
        "type": "THROWS"
      },
      "location-before-char-start": 0,
      "location-before-char-end": 0,
      "node-str": "javax.ejb.CreateException"
    },
    {
      "type": "delete-node",
      "node": {
        "label": "protected",
        "type": "Modifier"
      },
      "location-before-char-start": 0,
      "location-before-char-end": 0,
      "node-str": "protected"
    },
    {
      "type": "delete-node",
      "node": {
        "label": "java.lang.Object",
        "type": "VARIABLE_TYPE"
      },
      "location-before-char-start": 0,
      "location-before-char-end": 0,
      "node-str": "java.lang.Object"
    },
    {
      "type": "delete-node",
      "node": {
        "label": "null",
        "type": "Literal"
      },
      "location-before-char-start": 4453,
      "location-before-char-end": 4456,
      "node-str": "null"
    },
    {
      "type": "delete-node",
      "node": {
        "label": "pk",
        "type": "LocalVariable"
      },
      "location-before-char-start": 4441,
      "location-before-char-end": 4457,
      "node-str": "pk"
    },
    {
      "type": "delete-node",
      "node": {
        "label": "java.sql.Connection",
        "type": "VARIABLE_TYPE"
      },
      "location-before-char-start": 0,
      "location-before-char-end": 0,
      "node-str": "java.sql.Connection"
    },
    {
      "type": "delete-node",
      "node": {
        "label": "null",
        "type": "Literal"
      },
      "location-before-char-start": 4483,
      "location-before-char-end": 4486,
      "node-str": "null"
    },
    {
      "type": "delete-node",
      "node": {
        "label": "con",
        "type": "LocalVariable"
      },
      "location-before-char-start": 4466,
      "location-before-char-end": 4487,
      "node-str": "con"
    },
    {
      "type": "delete-node",
      "node": {
        "label": "java.sql.PreparedStatement",
        "type": "VARIABLE_TYPE"
      },
      "location-before-char-start": 0,
      "location-before-char-end": 0,
      "node-str": "java.sql.PreparedStatement"
    },
    {
      "type": "delete-node",
      "node": {
        "label": "null",
        "type": "Literal"
      },
      "location-before-char-start": 4519,
      "location-before-char-end": 4522,
      "node-str": "null"
    },
    {
      "type": "delete-node",
      "node": {
        "label": "ps",
        "type": "LocalVariable"
      },
      "location-before-char-start": 4496,
      "location-before-char-end": 4523,
      "node-str": "ps"
    },
    {
      "type": "delete-node",
      "node": {
        "label": "javax.sql.DataSource",
        "type": "VARIABLE_TYPE"
      },
      "location-before-char-start": 0,
      "location-before-char-end": 0,
      "node-str": "javax.sql.DataSource"
    },
    {
      "type": "delete-node",
      "node": {
        "label": "entity",
        "type": "FieldRead"
      },
      "location-before-char-start": 4604,
      "location-before-char-end": 4609,
      "node-str": "entity"
    },
    {
      "type": "delete-node",
      "node": {
        "label": "getDataSource",
        "type": "Invocation"
      },
      "location-before-char-start": 4604,
      "location-before-char-end": 4625,
      "node-str": "getDataSource"
    },
    {
      "type": "delete-node",
      "node": {
        "label": "dataSource",
        "type": "LocalVariable"
      },
      "location-before-char-start": 4580,
      "location-before-char-end": 4626,
      "node-str": "dataSource"
    },
    {
      "type": "delete-node",
      "node": {
        "label": "con",
        "type": "VariableWrite"
      },
      "location-before-char-start": 4638,
      "location-before-char-end": 4640,
      "node-str": "con"
    },
    {
      "type": "delete-node",
      "node": {
        "label": "dataSource",
        "type": "VariableRead"
      },
      "location-before-char-start": 4644,
      "location-before-char-end": 4653,
      "node-str": "dataSource"
    },
    {
      "type": "delete-node",
      "node": {
        "label": "getConnection",
        "type": "Invocation"
      },
      "location-before-char-start": 4644,
      "location-before-char-end": 4669,
      "node-str": "getConnection"
    },
    {
      "type": "delete-node",
      "node": {
        "label": "\u003d",
        "type": "Assignment"
      },
      "location-before-char-start": 4638,
      "location-before-char-end": 4670,
      "node-str": "\u003d"
    },
    {
      "type": "delete-node",
      "node": {
        "label": "java.sql.ResultSet",
        "type": "VARIABLE_TYPE"
      },
      "location-before-char-start": 0,
      "location-before-char-end": 0,
      "node-str": "java.sql.ResultSet"
    },
    {
      "type": "delete-node",
      "node": {
        "label": "ps",
        "type": "VariableRead"
      },
      "location-before-char-start": 4878,
      "location-before-char-end": 4879,
      "node-str": "ps"
    },
    {
      "type": "delete-node",
      "node": {
        "label": "executeQuery",
        "type": "Invocation"
      },
      "location-before-char-start": 4878,
      "location-before-char-end": 4894,
      "node-str": "executeQuery"
    },
    {
      "type": "delete-node",
      "node": {
        "label": "rs",
        "type": "LocalVariable"
      },
      "location-before-char-start": 4863,
      "location-before-char-end": 4895,
      "node-str": "rs"
    },
    {
      "type": "delete-node",
      "node": {
        "label": "java.lang.Exception",
        "type": "VARIABLE_TYPE"
      },
      "location-before-char-start": 0,
      "location-before-char-end": 0,
      "node-str": "java.lang.Exception"
    },
    {
      "type": "delete-node",
      "node": {
        "label": "e",
        "type": "CatchVariable"
      },
      "location-before-char-start": 5203,
      "location-before-char-end": 5214,
      "node-str": "e"
    },
    {
      "type": "delete-node",
      "node": {
        "label": "log",
        "type": "FieldRead"
      },
      "location-before-char-start": 5237,
      "location-before-char-end": 5239,
      "node-str": "log"
    },
    {
      "type": "delete-node",
      "node": {
        "label": "\"Error fetching the next primary key value\"",
        "type": "Literal"
      },
      "location-before-char-start": 5247,
      "location-before-char-end": 5289,
      "node-str": "\"Error fetching the next primary key value\""
    },
    {
      "type": "delete-node",
      "node": {
        "label": "e",
        "type": "VariableRead"
      },
      "location-before-char-start": 5292,
      "location-before-char-end": 5292,
      "node-str": "e"
    },
    {
      "type": "delete-node",
      "node": {
        "label": "error",
        "type": "Invocation"
      },
      "location-before-char-start": 5237,
      "location-before-char-end": 5294,
      "node-str": "error"
    },
    {
      "type": "delete-node",
      "node": {
        "label": "\"Error checking if entity exists:\"",
        "type": "Literal"
      },
      "location-before-char-start": 5332,
      "location-before-char-end": 5365,
      "node-str": "\"Error checking if entity exists:\""
    },
    {
      "type": "delete-node",
      "node": {
        "label": "e",
        "type": "VariableRead"
      },
      "location-before-char-start": 5369,
      "location-before-char-end": 5369,
      "node-str": "e"
    },
    {
      "type": "delete-node",
      "node": {
        "label": "PLUS",
        "type": "BinaryOperator"
      },
      "location-before-char-start": 5332,
      "location-before-char-end": 5369,
      "node-str": "PLUS"
    },
    {
      "type": "delete-node",
      "node": {
        "label": "javax.ejb.CreateException(java.lang.String)",
        "type": "ConstructorCall"
      },
      "location-before-char-start": 5312,
      "location-before-char-end": 5370,
      "node-str": "javax.ejb.CreateException(java.lang.String)"
    },
    {
      "type": "delete-node",
      "node": {
        "label": "",
        "type": "Throw"
      },
      "location-before-char-start": 5306,
      "location-before-char-end": 5371,
      "node-str": ""
    },
    {
      "type": "delete-node",
      "node": {
        "label": "",
        "type": "Catch"
      },
      "location-before-char-start": 5189,
      "location-before-char-end": 5380,
      "node-str": ""
    },
    {
      "type": "delete-node",
      "node": {
        "label": "org.jboss.ejb.plugins.cmp.jdbc.JDBCUtil",
        "type": "TypeAccess"
      },
      "location-before-char-start": 5416,
      "location-before-char-end": 5423,
      "node-str": "org.jboss.ejb.plugins.cmp.jdbc.JDBCUtil"
    },
    {
      "type": "delete-node",
      "node": {
        "label": "ps",
        "type": "VariableRead"
      },
      "location-before-char-start": 5435,
      "location-before-char-end": 5436,
      "node-str": "ps"
    },
    {
      "type": "delete-node",
      "node": {
        "label": "safeClose",
        "type": "Invocation"
      },
      "location-before-char-start": 5416,
      "location-before-char-end": 5438,
      "node-str": "safeClose"
    },
    {
      "type": "delete-node",
      "node": {
        "label": "org.jboss.ejb.plugins.cmp.jdbc.JDBCUtil",
        "type": "TypeAccess"
      },
      "location-before-char-start": 5450,
      "location-before-char-end": 5457,
      "node-str": "org.jboss.ejb.plugins.cmp.jdbc.JDBCUtil"
    },
    {
      "type": "delete-node",
      "node": {
        "label": "con",
        "type": "VariableRead"
      },
      "location-before-char-start": 5469,
      "location-before-char-end": 5471,
      "node-str": "con"
    },
    {
      "type": "delete-node",
      "node": {
        "label": "safeClose",
        "type": "Invocation"
      },
      "location-before-char-start": 5450,
      "location-before-char-end": 5473,
      "node-str": "safeClose"
    },
    {
      "type": "delete-node",
      "node": {
        "label": "",
        "type": "Try"
      },
      "location-before-char-start": 4532,
      "location-before-char-end": 5482,
      "node-str": ""
    },
    {
      "type": "delete-node",
      "node": {
        "label": "pk",
        "type": "VariableRead"
      },
      "location-before-char-start": 5500,
      "location-before-char-end": 5501,
      "node-str": "pk"
    },
    {
      "type": "delete-node",
      "node": {
        "label": "return",
        "type": "Return"
      },
      "location-before-char-start": 5493,
      "location-before-char-end": 5502,
      "node-str": "return"
    },
    {
      "type": "delete-node",
      "node": {
        "label": "fetchNextPrimaryKey",
        "type": "Method"
      },
      "location-before-char-start": 4361,
      "location-before-char-end": 5508,
      "node-str": "fetchNextPrimaryKey"
    },
    {
      "type": "delete-node",
      "node": {
        "label": "JDBCPkSqlCreateCommand",
        "type": "Class"
      },
      "location-before-char-start": 992,
      "location-before-char-end": 5511,
      "node-str": "JDBCPkSqlCreateCommand"
    }
  ],
  "before-file": {},
  "after-file": {},
  "mapping": {}
}