{
  "tool-info": {},
  "diff": [
    {
      "type": "insert-node",
      "node": {
        "label": "",
        "type": "MethodDeclaration"
      },
      "location-after-char-start": 1409,
      "location-after-char-end": 1495,
      "node-str": ""
    },
    {
      "type": "insert-node",
      "node": {
        "label": "",
        "type": "MethodDeclaration"
      },
      "location-after-char-start": 2869,
      "location-after-char-end": 3194,
      "node-str": ""
    },
    {
      "type": "insert-node",
      "node": {
        "label": "",
        "type": "Javadoc"
      },
      "location-after-char-start": 1409,
      "location-after-char-end": 1444,
      "node-str": ""
    },
    {
      "type": "insert-node",
      "node": {
        "label": "public",
        "type": "Modifier"
      },
      "location-after-char-start": 1446,
      "location-after-char-end": 1452,
      "node-str": "public"
    },
    {
      "type": "insert-node",
      "node": {
        "label": "",
        "type": "SimpleType"
      },
      "location-after-char-start": 1453,
      "location-after-char-end": 1457,
      "node-str": ""
    },
    {
      "type": "insert-node",
      "node": {
        "label": "tool",
        "type": "SimpleName"
      },
      "location-after-char-start": 1458,
      "location-after-char-end": 1462,
      "node-str": "tool"
    },
    {
      "type": "insert-node",
      "node": {
        "label": "",
        "type": "Block"
      },
      "location-after-char-start": 1465,
      "location-after-char-end": 1495,
      "node-str": ""
    },
    {
      "type": "insert-node",
      "node": {
        "label": "",
        "type": "Javadoc"
      },
      "location-after-char-start": 2869,
      "location-after-char-end": 3102,
      "node-str": ""
    },
    {
      "type": "insert-node",
      "node": {
        "label": "public",
        "type": "Modifier"
      },
      "location-after-char-start": 3104,
      "location-after-char-end": 3110,
      "node-str": "public"
    },
    {
      "type": "insert-node",
      "node": {
        "label": "",
        "type": "SimpleType"
      },
      "location-after-char-start": 3111,
      "location-after-char-end": 3128,
      "node-str": ""
    },
    {
      "type": "insert-node",
      "node": {
        "label": "selection",
        "type": "SimpleName"
      },
      "location-after-char-start": 3129,
      "location-after-char-end": 3138,
      "node-str": "selection"
    },
    {
      "type": "insert-node",
      "node": {
        "label": "",
        "type": "Block"
      },
      "location-after-char-start": 3141,
      "location-after-char-end": 3194,
      "node-str": ""
    },
    {
      "type": "update-node",
      "node": {
        "label": "selectionElements",
        "type": "SimpleName"
      },
      "location-before-char-start": 3191,
      "location-before-char-end": 3208,
      "location-after-char-start": 3431,
      "location-after-char-end": 3448,
      "node-str": "selectionZOrdered"
    },
    {
      "type": "update-node",
      "node": {
        "label": " Wolfram Kaiser",
        "type": "TextElement"
      },
      "location-before-char-start": 828,
      "location-before-char-end": 843,
      "location-after-char-start": 828,
      "location-after-char-end": 871,
      "node-str": "  Wolfram Kaiser \u003cmrfloppy@sourceforge.net\u003e"
    },
    {
      "type": "insert-node",
      "node": {
        "label": "",
        "type": "TagElement"
      },
      "location-after-char-start": 1417,
      "location-after-char-end": 1439,
      "node-str": ""
    },
    {
      "type": "insert-node",
      "node": {
        "label": "Tool",
        "type": "SimpleName"
      },
      "location-after-char-start": 1453,
      "location-after-char-end": 1457,
      "node-str": "Tool"
    },
    {
      "type": "insert-node",
      "node": {
        "label": "",
        "type": "ReturnStatement"
      },
      "location-after-char-start": 1469,
      "location-after-char-end": 1492,
      "node-str": ""
    },
    {
      "type": "insert-node",
      "node": {
        "label": "",
        "type": "TagElement"
      },
      "location-after-char-start": 2877,
      "location-after-char-end": 3029,
      "node-str": ""
    },
    {
      "type": "insert-node",
      "node": {
        "label": "",
        "type": "TagElement"
      },
      "location-after-char-start": 3038,
      "location-after-char-end": 3097,
      "node-str": ""
    },
    {
      "type": "insert-node",
      "node": {
        "label": "FigureEnumeration",
        "type": "SimpleName"
      },
      "location-after-char-start": 3111,
      "location-after-char-end": 3128,
      "node-str": "FigureEnumeration"
    },
    {
      "type": "insert-node",
      "node": {
        "label": "",
        "type": "ReturnStatement"
      },
      "location-after-char-start": 3145,
      "location-after-char-end": 3191,
      "node-str": ""
    },
    {
      "type": "insert-node",
      "node": {
        "label": "",
        "type": "TagElement"
      },
      "location-after-char-start": 3256,
      "location-after-char-end": 3271,
      "node-str": ""
    },
    {
      "type": "insert-node",
      "node": {
        "label": "",
        "type": "TagElement"
      },
      "location-after-char-start": 3276,
      "location-after-char-end": 3399,
      "node-str": ""
    },
    {
      "type": "update-node",
      "node": {
        "label": "Vector",
        "type": "SimpleName"
      },
      "location-before-char-start": 8055,
      "location-before-char-end": 8061,
      "location-after-char-start": 8058,
      "location-after-char-end": 8075,
      "node-str": "FigureEnumeration"
    },
    {
      "type": "insert-node",
      "node": {
        "label": "Gets the current tool.",
        "type": "TextElement"
      },
      "location-after-char-start": 1417,
      "location-after-char-end": 1439,
      "node-str": "Gets the current tool."
    },
    {
      "type": "insert-node",
      "node": {
        "label": "",
        "type": "MethodInvocation"
      },
      "location-after-char-start": 1476,
      "location-after-char-end": 1491,
      "node-str": ""
    },
    {
      "type": "update-node",
      "node": {
        "label": "Adds a vector of figures to the drawing.",
        "type": "TextElement"
      },
      "location-before-char-start": 2101,
      "location-before-char-end": 2141,
      "location-after-char-start": 2074,
      "location-after-char-end": 2118,
      "node-str": "Adds a collection of figures to the drawing."
    },
    {
      "type": "update-node",
      "node": {
        "label": "Vector",
        "type": "SimpleName"
      },
      "location-before-char-start": 2167,
      "location-before-char-end": 2173,
      "location-after-char-start": 2144,
      "location-after-char-end": 2154,
      "node-str": "Collection"
    },
    {
      "type": "insert-node",
      "node": {
        "label": "Gets an enumeration over the currently selected figures.",
        "type": "TextElement"
      },
      "location-after-char-start": 2877,
      "location-after-char-end": 2933,
      "node-str": "Gets an enumeration over the currently selected figures."
    },
    {
      "type": "insert-node",
      "node": {
        "label": "The selection is a snapshot of the current selection",
        "type": "TextElement"
      },
      "location-after-char-start": 2938,
      "location-after-char-end": 2990,
      "node-str": "The selection is a snapshot of the current selection"
    },
    {
      "type": "insert-node",
      "node": {
        "label": "which does not get changed anymore",
        "type": "TextElement"
      },
      "location-after-char-start": 2995,
      "location-after-char-end": 3029,
      "node-str": "which does not get changed anymore"
    },
    {
      "type": "insert-node",
      "node": {
        "label": " an enumeration with the currently selected figures.",
        "type": "TextElement"
      },
      "location-after-char-start": 3045,
      "location-after-char-end": 3097,
      "node-str": " an enumeration with the currently selected figures."
    },
    {
      "type": "insert-node",
      "node": {
        "label": "",
        "type": "MethodInvocation"
      },
      "location-after-char-start": 3152,
      "location-after-char-end": 3190,
      "node-str": ""
    },
    {
      "type": "update-node",
      "node": {
        "label": "Gets an enumeration over the currently selected figures.",
        "type": "TextElement"
      },
      "location-before-char-start": 3103,
      "location-before-char-end": 3159,
      "location-after-char-start": 3205,
      "location-after-char-end": 3251,
      "node-str": "Gets the currently seleced figures in Z order."
    },
    {
      "type": "insert-node",
      "node": {
        "label": "",
        "type": "MemberRef"
      },
      "location-after-char-start": 3261,
      "location-after-char-end": 3271,
      "node-str": ""
    },
    {
      "type": "insert-node",
      "node": {
        "label": " a FigureEnumeration with the selected figures. This enumeration",
        "type": "TextElement"
      },
      "location-after-char-start": 3283,
      "location-after-char-end": 3347,
      "node-str": " a FigureEnumeration with the selected figures. This enumeration"
    },
    {
      "type": "insert-node",
      "node": {
        "label": "represents a snapshot of the current selection.",
        "type": "TextElement"
      },
      "location-after-char-start": 3352,
      "location-after-char-end": 3399,
      "node-str": "represents a snapshot of the current selection."
    },
    {
      "type": "update-node",
      "node": {
        "label": "Adds a vector of figures to the current selection.",
        "type": "TextElement"
      },
      "location-before-char-start": 3876,
      "location-before-char-end": 3926,
      "location-after-char-start": 3870,
      "location-after-char-end": 3924,
      "node-str": "Adds a Collection of figures to the current selection."
    },
    {
      "type": "update-node",
      "node": {
        "label": "Vector",
        "type": "SimpleName"
      },
      "location-before-char-start": 3963,
      "location-before-char-end": 3969,
      "location-after-char-start": 3961,
      "location-after-char-end": 3971,
      "node-str": "Collection"
    },
    {
      "type": "update-node",
      "node": {
        "label": "Returns the vector of connection figures",
        "type": "TextElement"
      },
      "location-before-char-start": 8001,
      "location-before-char-end": 8041,
      "location-after-char-start": 7995,
      "location-after-char-end": 8044,
      "node-str": "Returns a FigureEnumeration of connection figures"
    },
    {
      "type": "insert-node",
      "node": {
        "label": "",
        "type": "MethodInvocation"
      },
      "location-after-char-start": 8125,
      "location-after-char-end": 8163,
      "node-str": ""
    },
    {
      "type": "insert-node",
      "node": {
        "label": "",
        "type": "METHOD_INVOCATION_RECEIVER"
      },
      "location-after-char-start": 1476,
      "location-after-char-end": 1484,
      "node-str": ""
    },
    {
      "type": "insert-node",
      "node": {
        "label": "tool",
        "type": "SimpleName"
      },
      "location-after-char-start": 1485,
      "location-after-char-end": 1489,
      "node-str": "tool"
    },
    {
      "type": "insert-node",
      "node": {
        "label": "",
        "type": "METHOD_INVOCATION_RECEIVER"
      },
      "location-after-char-start": 3152,
      "location-after-char-end": 3168,
      "node-str": ""
    },
    {
      "type": "insert-node",
      "node": {
        "label": "getEmptyEnumeration",
        "type": "SimpleName"
      },
      "location-after-char-start": 3169,
      "location-after-char-end": 3188,
      "node-str": "getEmptyEnumeration"
    },
    {
      "type": "insert-node",
      "node": {
        "label": "selection",
        "type": "SimpleName"
      },
      "location-after-char-start": 3262,
      "location-after-char-end": 3271,
      "node-str": "selection"
    },
    {
      "type": "insert-node",
      "node": {
        "label": "",
        "type": "METHOD_INVOCATION_RECEIVER"
      },
      "location-after-char-start": 8125,
      "location-after-char-end": 8141,
      "node-str": ""
    },
    {
      "type": "insert-node",
      "node": {
        "label": "getEmptyEnumeration",
        "type": "SimpleName"
      },
      "location-after-char-start": 8142,
      "location-after-char-end": 8161,
      "node-str": "getEmptyEnumeration"
    },
    {
      "type": "insert-node",
      "node": {
        "label": "",
        "type": "MethodInvocation"
      },
      "location-after-char-start": 1476,
      "location-after-char-end": 1484,
      "node-str": ""
    },
    {
      "type": "insert-node",
      "node": {
        "label": "FigureEnumerator",
        "type": "SimpleName"
      },
      "location-after-char-start": 3152,
      "location-after-char-end": 3168,
      "node-str": "FigureEnumerator"
    },
    {
      "type": "update-node",
      "node": {
        "label": "selectionElements",
        "type": "SimpleName"
      },
      "location-before-char-start": 4780,
      "location-before-char-end": 4797,
      "location-after-char-start": 4782,
      "location-after-char-end": 4791,
      "node-str": "selection"
    },
    {
      "type": "insert-node",
      "node": {
        "label": "FigureEnumerator",
        "type": "SimpleName"
      },
      "location-after-char-start": 8125,
      "location-after-char-end": 8141,
      "node-str": "FigureEnumerator"
    },
    {
      "type": "insert-node",
      "node": {
        "label": "editor",
        "type": "SimpleName"
      },
      "location-after-char-start": 1476,
      "location-after-char-end": 1482,
      "node-str": "editor"
    },
    {
      "type": "delete-node",
      "node": {
        "label": "private",
        "type": "Modifier"
      },
      "location-before-char-start": 1054,
      "location-before-char-end": 1061,
      "node-str": "private"
    },
    {
      "type": "delete-node",
      "node": {
        "label": "Tool",
        "type": "SimpleName"
      },
      "location-before-char-start": 1062,
      "location-before-char-end": 1066,
      "node-str": "Tool"
    },
    {
      "type": "delete-node",
      "node": {
        "label": "",
        "type": "SimpleType"
      },
      "location-before-char-start": 1062,
      "location-before-char-end": 1066,
      "node-str": ""
    },
    {
      "type": "delete-node",
      "node": {
        "label": "myTool",
        "type": "SimpleName"
      },
      "location-before-char-start": 1067,
      "location-before-char-end": 1073,
      "node-str": "myTool"
    },
    {
      "type": "delete-node",
      "node": {
        "label": "",
        "type": "VariableDeclarationFragment"
      },
      "location-before-char-start": 1067,
      "location-before-char-end": 1073,
      "node-str": ""
    },
    {
      "type": "delete-node",
      "node": {
        "label": "",
        "type": "FieldDeclaration"
      },
      "location-before-char-start": 1054,
      "location-before-char-end": 1074,
      "node-str": ""
    },
    {
      "type": "delete-node",
      "node": {
        "label": "myTool",
        "type": "SimpleName"
      },
      "location-before-char-start": 1247,
      "location-before-char-end": 1253,
      "node-str": "myTool"
    },
    {
      "type": "delete-node",
      "node": {
        "label": "\u003d",
        "type": "ASSIGNMENT_OPERATOR"
      },
      "location-before-char-start": 1254,
      "location-before-char-end": 1255,
      "node-str": "\u003d"
    },
    {
      "type": "delete-node",
      "node": {
        "label": "SelectionTool",
        "type": "SimpleName"
      },
      "location-before-char-start": 1260,
      "location-before-char-end": 1273,
      "node-str": "SelectionTool"
    },
    {
      "type": "delete-node",
      "node": {
        "label": "",
        "type": "SimpleType"
      },
      "location-before-char-start": 1260,
      "location-before-char-end": 1273,
      "node-str": ""
    },
    {
      "type": "delete-node",
      "node": {
        "label": "editor",
        "type": "SimpleName"
      },
      "location-before-char-start": 1274,
      "location-before-char-end": 1280,
      "node-str": "editor"
    },
    {
      "type": "delete-node",
      "node": {
        "label": "",
        "type": "MethodInvocation"
      },
      "location-before-char-start": 1274,
      "location-before-char-end": 1282,
      "node-str": ""
    },
    {
      "type": "delete-node",
      "node": {
        "label": "",
        "type": "ClassInstanceCreation"
      },
      "location-before-char-start": 1256,
      "location-before-char-end": 1283,
      "node-str": ""
    },
    {
      "type": "delete-node",
      "node": {
        "label": "",
        "type": "Assignment"
      },
      "location-before-char-start": 1247,
      "location-before-char-end": 1283,
      "node-str": ""
    },
    {
      "type": "delete-node",
      "node": {
        "label": "",
        "type": "ExpressionStatement"
      },
      "location-before-char-start": 1247,
      "location-before-char-end": 1284,
      "node-str": ""
    },
    {
      "type": "delete-node",
      "node": {
        "label": "Gets the current tool.",
        "type": "TextElement"
      },
      "location-before-char-start": 1453,
      "location-before-char-end": 1475,
      "node-str": "Gets the current tool."
    },
    {
      "type": "delete-node",
      "node": {
        "label": "",
        "type": "TagElement"
      },
      "location-before-char-start": 1453,
      "location-before-char-end": 1475,
      "node-str": ""
    },
    {
      "type": "delete-node",
      "node": {
        "label": "",
        "type": "Javadoc"
      },
      "location-before-char-start": 1445,
      "location-before-char-end": 1480,
      "node-str": ""
    },
    {
      "type": "delete-node",
      "node": {
        "label": "public",
        "type": "Modifier"
      },
      "location-before-char-start": 1482,
      "location-before-char-end": 1488,
      "node-str": "public"
    },
    {
      "type": "delete-node",
      "node": {
        "label": "Tool",
        "type": "SimpleName"
      },
      "location-before-char-start": 1489,
      "location-before-char-end": 1493,
      "node-str": "Tool"
    },
    {
      "type": "delete-node",
      "node": {
        "label": "",
        "type": "SimpleType"
      },
      "location-before-char-start": 1489,
      "location-before-char-end": 1493,
      "node-str": ""
    },
    {
      "type": "delete-node",
      "node": {
        "label": "tool",
        "type": "SimpleName"
      },
      "location-before-char-start": 1494,
      "location-before-char-end": 1498,
      "node-str": "tool"
    },
    {
      "type": "delete-node",
      "node": {
        "label": "myTool",
        "type": "SimpleName"
      },
      "location-before-char-start": 1512,
      "location-before-char-end": 1518,
      "node-str": "myTool"
    },
    {
      "type": "delete-node",
      "node": {
        "label": "",
        "type": "ReturnStatement"
      },
      "location-before-char-start": 1505,
      "location-before-char-end": 1519,
      "node-str": ""
    },
    {
      "type": "delete-node",
      "node": {
        "label": "",
        "type": "Block"
      },
      "location-before-char-start": 1501,
      "location-before-char-end": 1522,
      "node-str": ""
    },
    {
      "type": "delete-node",
      "node": {
        "label": "",
        "type": "MethodDeclaration"
      },
      "location-before-char-start": 1445,
      "location-before-char-end": 1522,
      "node-str": ""
    },
    {
      "type": "delete-node",
      "node": {
        "label": "Gets the currently selected figures.",
        "type": "TextElement"
      },
      "location-before-char-start": 2896,
      "location-before-char-end": 2932,
      "node-str": "Gets the currently selected figures."
    },
    {
      "type": "delete-node",
      "node": {
        "label": "",
        "type": "TagElement"
      },
      "location-before-char-start": 2896,
      "location-before-char-end": 2932,
      "node-str": ""
    },
    {
      "type": "delete-node",
      "node": {
        "label": " a vector with the selected figures. The vector",
        "type": "TextElement"
      },
      "location-before-char-start": 2944,
      "location-before-char-end": 2991,
      "node-str": " a vector with the selected figures. The vector"
    },
    {
      "type": "delete-node",
      "node": {
        "label": "is a copy of the current selection.",
        "type": "TextElement"
      },
      "location-before-char-start": 2996,
      "location-before-char-end": 3031,
      "node-str": "is a copy of the current selection."
    },
    {
      "type": "delete-node",
      "node": {
        "label": "",
        "type": "TagElement"
      },
      "location-before-char-start": 2937,
      "location-before-char-end": 3031,
      "node-str": ""
    },
    {
      "type": "delete-node",
      "node": {
        "label": "",
        "type": "Javadoc"
      },
      "location-before-char-start": 2888,
      "location-before-char-end": 3036,
      "node-str": ""
    },
    {
      "type": "delete-node",
      "node": {
        "label": "public",
        "type": "Modifier"
      },
      "location-before-char-start": 3038,
      "location-before-char-end": 3044,
      "node-str": "public"
    },
    {
      "type": "delete-node",
      "node": {
        "label": "Vector",
        "type": "SimpleName"
      },
      "location-before-char-start": 3045,
      "location-before-char-end": 3051,
      "node-str": "Vector"
    },
    {
      "type": "delete-node",
      "node": {
        "label": "",
        "type": "SimpleType"
      },
      "location-before-char-start": 3045,
      "location-before-char-end": 3051,
      "node-str": ""
    },
    {
      "type": "delete-node",
      "node": {
        "label": "selection",
        "type": "SimpleName"
      },
      "location-before-char-start": 3052,
      "location-before-char-end": 3061,
      "node-str": "selection"
    },
    {
      "type": "delete-node",
      "node": {
        "label": "Vector",
        "type": "SimpleName"
      },
      "location-before-char-start": 3079,
      "location-before-char-end": 3085,
      "node-str": "Vector"
    },
    {
      "type": "delete-node",
      "node": {
        "label": "",
        "type": "SimpleType"
      },
      "location-before-char-start": 3079,
      "location-before-char-end": 3085,
      "node-str": ""
    },
    {
      "type": "delete-node",
      "node": {
        "label": "0",
        "type": "NumberLiteral"
      },
      "location-before-char-start": 3086,
      "location-before-char-end": 3087,
      "node-str": "0"
    },
    {
      "type": "delete-node",
      "node": {
        "label": "",
        "type": "ClassInstanceCreation"
      },
      "location-before-char-start": 3075,
      "location-before-char-end": 3088,
      "node-str": ""
    },
    {
      "type": "delete-node",
      "node": {
        "label": "",
        "type": "ReturnStatement"
      },
      "location-before-char-start": 3068,
      "location-before-char-end": 3089,
      "node-str": ""
    },
    {
      "type": "delete-node",
      "node": {
        "label": "",
        "type": "Block"
      },
      "location-before-char-start": 3064,
      "location-before-char-end": 3092,
      "node-str": ""
    },
    {
      "type": "delete-node",
      "node": {
        "label": "",
        "type": "MethodDeclaration"
      },
      "location-before-char-start": 2888,
      "location-before-char-end": 3092,
      "node-str": ""
    },
    {
      "type": "delete-node",
      "node": {
        "label": "Gets the currently seleced figures in Z order.",
        "type": "TextElement"
      },
      "location-before-char-start": 3275,
      "location-before-char-end": 3321,
      "node-str": "Gets the currently seleced figures in Z order."
    },
    {
      "type": "delete-node",
      "node": {
        "label": "",
        "type": "TagElement"
      },
      "location-before-char-start": 3275,
      "location-before-char-end": 3321,
      "node-str": ""
    },
    {
      "type": "delete-node",
      "node": {
        "label": "selection",
        "type": "SimpleName"
      },
      "location-before-char-start": 3332,
      "location-before-char-end": 3341,
      "node-str": "selection"
    },
    {
      "type": "delete-node",
      "node": {
        "label": "",
        "type": "MemberRef"
      },
      "location-before-char-start": 3331,
      "location-before-char-end": 3341,
      "node-str": ""
    },
    {
      "type": "delete-node",
      "node": {
        "label": "",
        "type": "TagElement"
      },
      "location-before-char-start": 3326,
      "location-before-char-end": 3341,
      "node-str": ""
    },
    {
      "type": "delete-node",
      "node": {
        "label": " a vector with the selected figures. The vector",
        "type": "TextElement"
      },
      "location-before-char-start": 3353,
      "location-before-char-end": 3400,
      "node-str": " a vector with the selected figures. The vector"
    },
    {
      "type": "delete-node",
      "node": {
        "label": "is a copy of the current selection.",
        "type": "TextElement"
      },
      "location-before-char-start": 3405,
      "location-before-char-end": 3440,
      "node-str": "is a copy of the current selection."
    },
    {
      "type": "delete-node",
      "node": {
        "label": "",
        "type": "TagElement"
      },
      "location-before-char-start": 3346,
      "location-before-char-end": 3440,
      "node-str": ""
    },
    {
      "type": "delete-node",
      "node": {
        "label": "",
        "type": "Javadoc"
      },
      "location-before-char-start": 3267,
      "location-before-char-end": 3445,
      "node-str": ""
    },
    {
      "type": "delete-node",
      "node": {
        "label": "public",
        "type": "Modifier"
      },
      "location-before-char-start": 3447,
      "location-before-char-end": 3453,
      "node-str": "public"
    },
    {
      "type": "delete-node",
      "node": {
        "label": "Vector",
        "type": "SimpleName"
      },
      "location-before-char-start": 3454,
      "location-before-char-end": 3460,
      "node-str": "Vector"
    },
    {
      "type": "delete-node",
      "node": {
        "label": "",
        "type": "SimpleType"
      },
      "location-before-char-start": 3454,
      "location-before-char-end": 3460,
      "node-str": ""
    },
    {
      "type": "delete-node",
      "node": {
        "label": "selectionZOrdered",
        "type": "SimpleName"
      },
      "location-before-char-start": 3461,
      "location-before-char-end": 3478,
      "node-str": "selectionZOrdered"
    },
    {
      "type": "delete-node",
      "node": {
        "label": "Vector",
        "type": "SimpleName"
      },
      "location-before-char-start": 3496,
      "location-before-char-end": 3502,
      "node-str": "Vector"
    },
    {
      "type": "delete-node",
      "node": {
        "label": "",
        "type": "SimpleType"
      },
      "location-before-char-start": 3496,
      "location-before-char-end": 3502,
      "node-str": ""
    },
    {
      "type": "delete-node",
      "node": {
        "label": "0",
        "type": "NumberLiteral"
      },
      "location-before-char-start": 3503,
      "location-before-char-end": 3504,
      "node-str": "0"
    },
    {
      "type": "delete-node",
      "node": {
        "label": "",
        "type": "ClassInstanceCreation"
      },
      "location-before-char-start": 3492,
      "location-before-char-end": 3505,
      "node-str": ""
    },
    {
      "type": "delete-node",
      "node": {
        "label": "",
        "type": "ReturnStatement"
      },
      "location-before-char-start": 3485,
      "location-before-char-end": 3506,
      "node-str": ""
    },
    {
      "type": "delete-node",
      "node": {
        "label": "",
        "type": "Block"
      },
      "location-before-char-start": 3481,
      "location-before-char-end": 3509,
      "node-str": ""
    },
    {
      "type": "delete-node",
      "node": {
        "label": "",
        "type": "MethodDeclaration"
      },
      "location-before-char-start": 3267,
      "location-before-char-end": 3509,
      "node-str": ""
    },
    {
      "type": "delete-node",
      "node": {
        "label": "Vector",
        "type": "SimpleName"
      },
      "location-before-char-start": 8115,
      "location-before-char-end": 8121,
      "node-str": "Vector"
    },
    {
      "type": "delete-node",
      "node": {
        "label": "",
        "type": "SimpleType"
      },
      "location-before-char-start": 8115,
      "location-before-char-end": 8121,
      "node-str": ""
    },
    {
      "type": "delete-node",
      "node": {
        "label": "0",
        "type": "NumberLiteral"
      },
      "location-before-char-start": 8122,
      "location-before-char-end": 8123,
      "node-str": "0"
    },
    {
      "type": "delete-node",
      "node": {
        "label": "",
        "type": "ClassInstanceCreation"
      },
      "location-before-char-start": 8111,
      "location-before-char-end": 8124,
      "node-str": ""
    }
  ],
  "before-file": {},
  "after-file": {},
  "mapping": {}
}