{
  "tool-info": {},
  "diff": [
    {
      "type": "insert-node",
      "node": {
        "label": "listeners",
        "type": "Field"
      },
      "location-after-char-start": 906,
      "location-after-char-end": 952,
      "node-str": "listeners"
    },
    {
      "type": "insert-node",
      "node": {
        "label": "propertyListenerProxy",
        "type": "Field"
      },
      "location-after-char-start": 987,
      "location-after-char-end": 1336,
      "node-str": "propertyListenerProxy"
    },
    {
      "type": "insert-node",
      "node": {
        "label": "addPropertyListener",
        "type": "Method"
      },
      "location-after-char-start": 1424,
      "location-after-char-end": 1642,
      "node-str": "addPropertyListener"
    },
    {
      "type": "insert-node",
      "node": {
        "label": "getViewReference",
        "type": "Method"
      },
      "location-after-char-start": 2105,
      "location-after-char-end": 2193,
      "node-str": "getViewReference"
    },
    {
      "type": "insert-node",
      "node": {
        "label": "removePropertyListener",
        "type": "Method"
      },
      "location-after-char-start": 2260,
      "location-after-char-end": 2512,
      "node-str": "removePropertyListener"
    },
    {
      "type": "insert-node",
      "node": {
        "label": "setBounds",
        "type": "Method"
      },
      "location-after-char-start": 2519,
      "location-after-char-end": 2597,
      "node-str": "setBounds"
    },
    {
      "type": "insert-node",
      "node": {
        "label": "setFocus",
        "type": "Method"
      },
      "location-after-char-start": 2604,
      "location-after-char-end": 2658,
      "node-str": "setFocus"
    },
    {
      "type": "insert-node",
      "node": {
        "label": "setVisible",
        "type": "Method"
      },
      "location-after-char-start": 2665,
      "location-after-char-end": 2749,
      "node-str": "setVisible"
    },
    {
      "type": "insert-node",
      "node": {
        "label": "java.util.List",
        "type": "VARIABLE_TYPE"
      },
      "location-after-char-start": 0,
      "location-after-char-end": 0,
      "node-str": "java.util.List"
    },
    {
      "type": "insert-node",
      "node": {
        "label": "final",
        "type": "Modifier"
      },
      "location-after-char-start": 0,
      "location-after-char-end": 0,
      "node-str": "final"
    },
    {
      "type": "insert-node",
      "node": {
        "label": "java.util.ArrayList()",
        "type": "ConstructorCall"
      },
      "location-after-char-start": 937,
      "location-after-char-end": 951,
      "node-str": "java.util.ArrayList()"
    },
    {
      "type": "insert-node",
      "node": {
        "label": "org.eclipse.ui.IPropertyListener",
        "type": "VARIABLE_TYPE"
      },
      "location-after-char-start": 0,
      "location-after-char-end": 0,
      "node-str": "org.eclipse.ui.IPropertyListener"
    },
    {
      "type": "insert-node",
      "node": {
        "label": "final",
        "type": "Modifier"
      },
      "location-after-char-start": 0,
      "location-after-char-end": 0,
      "node-str": "final"
    },
    {
      "type": "insert-node",
      "node": {
        "label": "org.eclipse.ui.IPropertyListener()",
        "type": "NewClass"
      },
      "location-after-char-start": 1043,
      "location-after-char-end": 1335,
      "node-str": "org.eclipse.ui.IPropertyListener()"
    },
    {
      "type": "move-subtree",
      "node": {
        "label": "void",
        "type": "RETURN_TYPE"
      },
      "location-before-char-start": 0,
      "location-before-char-end": 0,
      "location-after-char-start": 0,
      "location-after-char-end": 0,
      "node-str": "void"
    },
    {
      "type": "move-subtree",
      "node": {
        "label": "public",
        "type": "Modifier"
      },
      "location-before-char-start": 0,
      "location-before-char-end": 0,
      "location-after-char-start": 0,
      "location-after-char-end": 0,
      "node-str": "public"
    },
    {
      "type": "update-node",
      "node": {
        "label": "bounds",
        "type": "Parameter"
      },
      "location-before-char-start": 1311,
      "location-before-char-end": 1326,
      "location-after-char-start": 1456,
      "location-after-char-end": 1487,
      "node-str": "listener"
    },
    {
      "type": "move-subtree",
      "node": {
        "label": "bounds",
        "type": "Parameter"
      },
      "location-before-char-start": 1311,
      "location-before-char-end": 1326,
      "location-after-char-start": 1456,
      "location-after-char-end": 1487,
      "node-str": "listener"
    },
    {
      "type": "insert-node",
      "node": {
        "label": "if",
        "type": "If"
      },
      "location-after-char-start": 1500,
      "location-after-char-end": 1602,
      "node-str": "if"
    },
    {
      "type": "update-node",
      "node": {
        "label": "addPropertyListener",
        "type": "Invocation"
      },
      "location-before-char-start": 1879,
      "location-before-char-end": 1927,
      "location-after-char-start": 1613,
      "location-after-char-end": 1636,
      "node-str": "add"
    },
    {
      "type": "move-subtree",
      "node": {
        "label": "addPropertyListener",
        "type": "Invocation"
      },
      "location-before-char-start": 1879,
      "location-before-char-end": 1927,
      "location-after-char-start": 1613,
      "location-after-char-end": 1636,
      "node-str": "add"
    },
    {
      "type": "insert-node",
      "node": {
        "label": "org.eclipse.ui.IViewReference",
        "type": "RETURN_TYPE"
      },
      "location-after-char-start": 0,
      "location-after-char-end": 0,
      "node-str": "org.eclipse.ui.IViewReference"
    },
    {
      "type": "insert-node",
      "node": {
        "label": "return",
        "type": "Return"
      },
      "location-after-char-start": 2157,
      "location-after-char-end": 2187,
      "node-str": "return"
    },
    {
      "type": "insert-node",
      "node": {
        "label": "void",
        "type": "RETURN_TYPE"
      },
      "location-after-char-start": 0,
      "location-after-char-end": 0,
      "node-str": "void"
    },
    {
      "type": "insert-node",
      "node": {
        "label": "public",
        "type": "Modifier"
      },
      "location-after-char-start": 0,
      "location-after-char-end": 0,
      "node-str": "public"
    },
    {
      "type": "insert-node",
      "node": {
        "label": "listener",
        "type": "Parameter"
      },
      "location-after-char-start": 2295,
      "location-after-char-end": 2326,
      "node-str": "listener"
    },
    {
      "type": "insert-node",
      "node": {
        "label": "remove",
        "type": "Invocation"
      },
      "location-after-char-start": 2339,
      "location-after-char-end": 2365,
      "node-str": "remove"
    },
    {
      "type": "insert-node",
      "node": {
        "label": "if",
        "type": "If"
      },
      "location-after-char-start": 2376,
      "location-after-char-end": 2506,
      "node-str": "if"
    },
    {
      "type": "insert-node",
      "node": {
        "label": "void",
        "type": "RETURN_TYPE"
      },
      "location-after-char-start": 0,
      "location-after-char-end": 0,
      "node-str": "void"
    },
    {
      "type": "insert-node",
      "node": {
        "label": "public",
        "type": "Modifier"
      },
      "location-after-char-start": 0,
      "location-after-char-end": 0,
      "node-str": "public"
    },
    {
      "type": "insert-node",
      "node": {
        "label": "bounds",
        "type": "Parameter"
      },
      "location-after-char-start": 2541,
      "location-after-char-end": 2556,
      "node-str": "bounds"
    },
    {
      "type": "insert-node",
      "node": {
        "label": "setBounds",
        "type": "Invocation"
      },
      "location-after-char-start": 2569,
      "location-after-char-end": 2591,
      "node-str": "setBounds"
    },
    {
      "type": "insert-node",
      "node": {
        "label": "void",
        "type": "RETURN_TYPE"
      },
      "location-after-char-start": 0,
      "location-after-char-end": 0,
      "node-str": "void"
    },
    {
      "type": "insert-node",
      "node": {
        "label": "public",
        "type": "Modifier"
      },
      "location-after-char-start": 0,
      "location-after-char-end": 0,
      "node-str": "public"
    },
    {
      "type": "insert-node",
      "node": {
        "label": "setFocus",
        "type": "Invocation"
      },
      "location-after-char-start": 2637,
      "location-after-char-end": 2652,
      "node-str": "setFocus"
    },
    {
      "type": "insert-node",
      "node": {
        "label": "void",
        "type": "RETURN_TYPE"
      },
      "location-after-char-start": 0,
      "location-after-char-end": 0,
      "node-str": "void"
    },
    {
      "type": "insert-node",
      "node": {
        "label": "public",
        "type": "Modifier"
      },
      "location-after-char-start": 0,
      "location-after-char-end": 0,
      "node-str": "public"
    },
    {
      "type": "insert-node",
      "node": {
        "label": "isVisible",
        "type": "Parameter"
      },
      "location-after-char-start": 2688,
      "location-after-char-end": 2704,
      "node-str": "isVisible"
    },
    {
      "type": "insert-node",
      "node": {
        "label": "setVisible",
        "type": "Invocation"
      },
      "location-after-char-start": 2717,
      "location-after-char-end": 2743,
      "node-str": "setVisible"
    },
    {
      "type": "insert-node",
      "node": {
        "label": "1",
        "type": "Class"
      },
      "location-after-char-start": 1067,
      "location-after-char-end": 1335,
      "node-str": "1"
    },
    {
      "type": "update-node",
      "node": {
        "label": "org.eclipse.swt.graphics.Rectangle",
        "type": "VARIABLE_TYPE"
      },
      "location-before-char-start": 0,
      "location-before-char-end": 0,
      "location-after-char-start": 0,
      "location-after-char-end": 0,
      "node-str": "org.eclipse.ui.IPropertyListener"
    },
    {
      "type": "insert-node",
      "node": {
        "label": "final",
        "type": "Modifier"
      },
      "location-after-char-start": 0,
      "location-after-char-end": 0,
      "node-str": "final"
    },
    {
      "type": "update-node",
      "node": {
        "label": "setBounds",
        "type": "Invocation"
      },
      "location-before-char-start": 1333,
      "location-before-char-end": 1355,
      "location-after-char-start": 1504,
      "location-after-char-end": 1522,
      "node-str": "isEmpty"
    },
    {
      "type": "move-subtree",
      "node": {
        "label": "setBounds",
        "type": "Invocation"
      },
      "location-before-char-start": 1333,
      "location-before-char-end": 1355,
      "location-after-char-start": 1504,
      "location-after-char-end": 1522,
      "node-str": "isEmpty"
    },
    {
      "type": "insert-node",
      "node": {
        "label": "THEN",
        "type": "then"
      },
      "location-after-char-start": 1541,
      "location-after-char-end": 1602,
      "node-str": "THEN"
    },
    {
      "type": "insert-node",
      "node": {
        "label": "listeners",
        "type": "FieldRead"
      },
      "location-after-char-start": 1613,
      "location-after-char-end": 1621,
      "node-str": "listeners"
    },
    {
      "type": "insert-node",
      "node": {
        "label": "getViewReference",
        "type": "Invocation"
      },
      "location-after-char-start": 2164,
      "location-after-char-end": 2186,
      "node-str": "getViewReference"
    },
    {
      "type": "insert-node",
      "node": {
        "label": "org.eclipse.ui.IPropertyListener",
        "type": "VARIABLE_TYPE"
      },
      "location-after-char-start": 0,
      "location-after-char-end": 0,
      "node-str": "org.eclipse.ui.IPropertyListener"
    },
    {
      "type": "insert-node",
      "node": {
        "label": "final",
        "type": "Modifier"
      },
      "location-after-char-start": 0,
      "location-after-char-end": 0,
      "node-str": "final"
    },
    {
      "type": "insert-node",
      "node": {
        "label": "listeners",
        "type": "FieldRead"
      },
      "location-after-char-start": 2339,
      "location-after-char-end": 2347,
      "node-str": "listeners"
    },
    {
      "type": "insert-node",
      "node": {
        "label": "listener",
        "type": "VariableRead"
      },
      "location-after-char-start": 2356,
      "location-after-char-end": 2363,
      "node-str": "listener"
    },
    {
      "type": "insert-node",
      "node": {
        "label": "isEmpty",
        "type": "Invocation"
      },
      "location-after-char-start": 2380,
      "location-after-char-end": 2398,
      "node-str": "isEmpty"
    },
    {
      "type": "insert-node",
      "node": {
        "label": "THEN",
        "type": "then"
      },
      "location-after-char-start": 2417,
      "location-after-char-end": 2506,
      "node-str": "THEN"
    },
    {
      "type": "insert-node",
      "node": {
        "label": "org.eclipse.swt.graphics.Rectangle",
        "type": "VARIABLE_TYPE"
      },
      "location-after-char-start": 0,
      "location-after-char-end": 0,
      "node-str": "org.eclipse.swt.graphics.Rectangle"
    },
    {
      "type": "insert-node",
      "node": {
        "label": "pane",
        "type": "FieldRead"
      },
      "location-after-char-start": 2569,
      "location-after-char-end": 2572,
      "node-str": "pane"
    },
    {
      "type": "insert-node",
      "node": {
        "label": "bounds",
        "type": "VariableRead"
      },
      "location-after-char-start": 2584,
      "location-after-char-end": 2589,
      "node-str": "bounds"
    },
    {
      "type": "insert-node",
      "node": {
        "label": "pane",
        "type": "FieldRead"
      },
      "location-after-char-start": 2637,
      "location-after-char-end": 2640,
      "node-str": "pane"
    },
    {
      "type": "insert-node",
      "node": {
        "label": "boolean",
        "type": "VARIABLE_TYPE"
      },
      "location-after-char-start": 0,
      "location-after-char-end": 0,
      "node-str": "boolean"
    },
    {
      "type": "insert-node",
      "node": {
        "label": "pane",
        "type": "FieldRead"
      },
      "location-after-char-start": 2717,
      "location-after-char-end": 2720,
      "node-str": "pane"
    },
    {
      "type": "insert-node",
      "node": {
        "label": "isVisible",
        "type": "VariableRead"
      },
      "location-after-char-start": 2733,
      "location-after-char-end": 2741,
      "node-str": "isVisible"
    },
    {
      "type": "insert-node",
      "node": {
        "label": "",
        "type": "TypeReference"
      },
      "location-after-char-start": 0,
      "location-after-char-end": 0,
      "node-str": ""
    },
    {
      "type": "insert-node",
      "node": {
        "label": "propertyChanged",
        "type": "Method"
      },
      "location-after-char-start": 1078,
      "location-after-char-end": 1329,
      "node-str": "propertyChanged"
    },
    {
      "type": "update-node",
      "node": {
        "label": "pane",
        "type": "FieldRead"
      },
      "location-before-char-start": 1333,
      "location-before-char-end": 1336,
      "location-after-char-start": 1504,
      "location-after-char-end": 1512,
      "node-str": "listeners"
    },
    {
      "type": "insert-node",
      "node": {
        "label": "addPropertyListener",
        "type": "Invocation"
      },
      "location-after-char-start": 1541,
      "location-after-char-end": 1602,
      "node-str": "addPropertyListener"
    },
    {
      "type": "move-subtree",
      "node": {
        "label": "org.eclipse.ui.internal.PresentableViewPart",
        "type": "TypeAccess"
      },
      "location-before-char-start": 0,
      "location-before-char-end": 0,
      "location-after-char-start": 0,
      "location-after-char-end": 0,
      "node-str": "org.eclipse.ui.internal.PresentableViewPart"
    },
    {
      "type": "insert-node",
      "node": {
        "label": "pane",
        "type": "FieldRead"
      },
      "location-after-char-start": 2164,
      "location-after-char-end": 2167,
      "node-str": "pane"
    },
    {
      "type": "insert-node",
      "node": {
        "label": "org.eclipse.ui.internal.PresentableViewPart",
        "type": "TypeAccess"
      },
      "location-after-char-start": 0,
      "location-after-char-end": 0,
      "node-str": "org.eclipse.ui.internal.PresentableViewPart"
    },
    {
      "type": "insert-node",
      "node": {
        "label": "listeners",
        "type": "FieldRead"
      },
      "location-after-char-start": 2380,
      "location-after-char-end": 2388,
      "node-str": "listeners"
    },
    {
      "type": "insert-node",
      "node": {
        "label": "removePropertyListener",
        "type": "Invocation"
      },
      "location-after-char-start": 2417,
      "location-after-char-end": 2506,
      "node-str": "removePropertyListener"
    },
    {
      "type": "insert-node",
      "node": {
        "label": "org.eclipse.ui.internal.PresentableViewPart",
        "type": "TypeAccess"
      },
      "location-after-char-start": 0,
      "location-after-char-end": 0,
      "node-str": "org.eclipse.ui.internal.PresentableViewPart"
    },
    {
      "type": "insert-node",
      "node": {
        "label": "org.eclipse.ui.internal.PresentableViewPart",
        "type": "TypeAccess"
      },
      "location-after-char-start": 0,
      "location-after-char-end": 0,
      "node-str": "org.eclipse.ui.internal.PresentableViewPart"
    },
    {
      "type": "insert-node",
      "node": {
        "label": "org.eclipse.ui.internal.PresentableViewPart",
        "type": "TypeAccess"
      },
      "location-after-char-start": 0,
      "location-after-char-end": 0,
      "node-str": "org.eclipse.ui.internal.PresentableViewPart"
    },
    {
      "type": "insert-node",
      "node": {
        "label": "org.eclipse.ui.IPropertyListener",
        "type": "SUPER_TYPE"
      },
      "location-after-char-start": 0,
      "location-after-char-end": 0,
      "node-str": "org.eclipse.ui.IPropertyListener"
    },
    {
      "type": "insert-node",
      "node": {
        "label": "void",
        "type": "RETURN_TYPE"
      },
      "location-after-char-start": 0,
      "location-after-char-end": 0,
      "node-str": "void"
    },
    {
      "type": "insert-node",
      "node": {
        "label": "public",
        "type": "Modifier"
      },
      "location-after-char-start": 0,
      "location-after-char-end": 0,
      "node-str": "public"
    },
    {
      "type": "insert-node",
      "node": {
        "label": "source",
        "type": "Parameter"
      },
      "location-after-char-start": 1106,
      "location-after-char-end": 1118,
      "node-str": "source"
    },
    {
      "type": "insert-node",
      "node": {
        "label": "propId",
        "type": "Parameter"
      },
      "location-after-char-start": 1121,
      "location-after-char-end": 1130,
      "node-str": "propId"
    },
    {
      "type": "insert-node",
      "node": {
        "label": "",
        "type": "For"
      },
      "location-after-char-start": 1147,
      "location-after-char-end": 1319,
      "node-str": ""
    },
    {
      "type": "update-node",
      "node": {
        "label": "setVisible",
        "type": "Invocation"
      },
      "location-before-char-start": 1508,
      "location-before-char-end": 1534,
      "location-after-char-start": 1541,
      "location-after-char-end": 1558,
      "node-str": "getViewReference"
    },
    {
      "type": "move-subtree",
      "node": {
        "label": "setVisible",
        "type": "Invocation"
      },
      "location-before-char-start": 1508,
      "location-before-char-end": 1534,
      "location-after-char-start": 1541,
      "location-after-char-end": 1558,
      "node-str": "getViewReference"
    },
    {
      "type": "update-node",
      "node": {
        "label": "pane",
        "type": "FieldRead"
      },
      "location-before-char-start": 1659,
      "location-before-char-end": 1662,
      "location-after-char-start": 1580,
      "location-after-char-end": 1600,
      "node-str": "propertyListenerProxy"
    },
    {
      "type": "move-subtree",
      "node": {
        "label": "pane",
        "type": "FieldRead"
      },
      "location-before-char-start": 1659,
      "location-before-char-end": 1662,
      "location-after-char-start": 1580,
      "location-after-char-end": 1600,
      "node-str": "propertyListenerProxy"
    },
    {
      "type": "insert-node",
      "node": {
        "label": "org.eclipse.ui.internal.PresentableViewPart",
        "type": "TypeAccess"
      },
      "location-after-char-start": 0,
      "location-after-char-end": 0,
      "node-str": "org.eclipse.ui.internal.PresentableViewPart"
    },
    {
      "type": "insert-node",
      "node": {
        "label": "org.eclipse.ui.internal.PresentableViewPart",
        "type": "TypeAccess"
      },
      "location-after-char-start": 0,
      "location-after-char-end": 0,
      "node-str": "org.eclipse.ui.internal.PresentableViewPart"
    },
    {
      "type": "insert-node",
      "node": {
        "label": "getViewReference",
        "type": "Invocation"
      },
      "location-after-char-start": 2417,
      "location-after-char-end": 2434,
      "node-str": "getViewReference"
    },
    {
      "type": "insert-node",
      "node": {
        "label": "propertyListenerProxy",
        "type": "FieldRead"
      },
      "location-after-char-start": 2484,
      "location-after-char-end": 2504,
      "node-str": "propertyListenerProxy"
    },
    {
      "type": "insert-node",
      "node": {
        "label": "java.lang.Object",
        "type": "VARIABLE_TYPE"
      },
      "location-after-char-start": 0,
      "location-after-char-end": 0,
      "node-str": "java.lang.Object"
    },
    {
      "type": "insert-node",
      "node": {
        "label": "int",
        "type": "VARIABLE_TYPE"
      },
      "location-after-char-start": 0,
      "location-after-char-end": 0,
      "node-str": "int"
    },
    {
      "type": "insert-node",
      "node": {
        "label": "i",
        "type": "LocalVariable"
      },
      "location-after-char-start": 1152,
      "location-after-char-end": 1160,
      "node-str": "i"
    },
    {
      "type": "insert-node",
      "node": {
        "label": "LT",
        "type": "BinaryOperator"
      },
      "location-after-char-start": 1163,
      "location-after-char-end": 1182,
      "node-str": "LT"
    },
    {
      "type": "insert-node",
      "node": {
        "label": "POSTINC",
        "type": "UnaryOperator"
      },
      "location-after-char-start": 1185,
      "location-after-char-end": 1187,
      "node-str": "POSTINC"
    },
    {
      "type": "insert-node",
      "node": {
        "label": "propertyChanged",
        "type": "Invocation"
      },
      "location-after-char-start": 1206,
      "location-after-char-end": 1319,
      "node-str": "propertyChanged"
    },
    {
      "type": "move-subtree",
      "node": {
        "label": "org.eclipse.ui.internal.PresentableViewPart",
        "type": "TypeAccess"
      },
      "location-before-char-start": 0,
      "location-before-char-end": 0,
      "location-after-char-start": 0,
      "location-after-char-end": 0,
      "node-str": "org.eclipse.ui.internal.PresentableViewPart"
    },
    {
      "type": "insert-node",
      "node": {
        "label": "org.eclipse.ui.internal.PresentableViewPart",
        "type": "TypeAccess"
      },
      "location-after-char-start": 0,
      "location-after-char-end": 0,
      "node-str": "org.eclipse.ui.internal.PresentableViewPart"
    },
    {
      "type": "insert-node",
      "node": {
        "label": "org.eclipse.ui.internal.PresentableViewPart",
        "type": "TypeAccess"
      },
      "location-after-char-start": 0,
      "location-after-char-end": 0,
      "node-str": "org.eclipse.ui.internal.PresentableViewPart"
    },
    {
      "type": "insert-node",
      "node": {
        "label": "int",
        "type": "VARIABLE_TYPE"
      },
      "location-after-char-start": 0,
      "location-after-char-end": 0,
      "node-str": "int"
    },
    {
      "type": "insert-node",
      "node": {
        "label": "0",
        "type": "Literal"
      },
      "location-after-char-start": 1160,
      "location-after-char-end": 1160,
      "node-str": "0"
    },
    {
      "type": "insert-node",
      "node": {
        "label": "i",
        "type": "VariableRead"
      },
      "location-after-char-start": 1163,
      "location-after-char-end": 1163,
      "node-str": "i"
    },
    {
      "type": "insert-node",
      "node": {
        "label": "size",
        "type": "Invocation"
      },
      "location-after-char-start": 1167,
      "location-after-char-end": 1182,
      "node-str": "size"
    },
    {
      "type": "insert-node",
      "node": {
        "label": "i",
        "type": "VariableWrite"
      },
      "location-after-char-start": 1185,
      "location-after-char-end": 1185,
      "node-str": "i"
    },
    {
      "type": "insert-node",
      "node": {
        "label": "get",
        "type": "Invocation"
      },
      "location-after-char-start": 1206,
      "location-after-char-end": 1243,
      "node-str": "get"
    },
    {
      "type": "insert-node",
      "node": {
        "label": "this",
        "type": "ThisAccess"
      },
      "location-after-char-start": 1286,
      "location-after-char-end": 1309,
      "node-str": "this"
    },
    {
      "type": "insert-node",
      "node": {
        "label": "propId",
        "type": "VariableRead"
      },
      "location-after-char-start": 1312,
      "location-after-char-end": 1317,
      "node-str": "propId"
    },
    {
      "type": "insert-node",
      "node": {
        "label": "listeners",
        "type": "FieldRead"
      },
      "location-after-char-start": 1167,
      "location-after-char-end": 1175,
      "node-str": "listeners"
    },
    {
      "type": "insert-node",
      "node": {
        "label": "listeners",
        "type": "FieldRead"
      },
      "location-after-char-start": 1227,
      "location-after-char-end": 1235,
      "node-str": "listeners"
    },
    {
      "type": "insert-node",
      "node": {
        "label": "i",
        "type": "VariableRead"
      },
      "location-after-char-start": 1241,
      "location-after-char-end": 1241,
      "node-str": "i"
    },
    {
      "type": "insert-node",
      "node": {
        "label": "org.eclipse.ui.internal.PresentableViewPart",
        "type": "TypeAccess"
      },
      "location-after-char-start": 1286,
      "location-after-char-end": 1304,
      "node-str": "org.eclipse.ui.internal.PresentableViewPart"
    },
    {
      "type": "insert-node",
      "node": {
        "label": "org.eclipse.ui.internal.PresentableViewPart",
        "type": "TypeAccess"
      },
      "location-after-char-start": 0,
      "location-after-char-end": 0,
      "node-str": "org.eclipse.ui.internal.PresentableViewPart"
    },
    {
      "type": "insert-node",
      "node": {
        "label": "org.eclipse.ui.internal.PresentableViewPart",
        "type": "TypeAccess"
      },
      "location-after-char-start": 0,
      "location-after-char-end": 0,
      "node-str": "org.eclipse.ui.internal.PresentableViewPart"
    },
    {
      "type": "delete-node",
      "node": {
        "label": "bounds",
        "type": "VariableRead"
      },
      "location-before-char-start": 1348,
      "location-before-char-end": 1353,
      "node-str": "bounds"
    },
    {
      "type": "delete-node",
      "node": {
        "label": "pane",
        "type": "FieldRead"
      },
      "location-before-char-start": 1508,
      "location-before-char-end": 1511,
      "node-str": "pane"
    },
    {
      "type": "delete-node",
      "node": {
        "label": "isVisible",
        "type": "VariableRead"
      },
      "location-before-char-start": 1524,
      "location-before-char-end": 1532,
      "node-str": "isVisible"
    },
    {
      "type": "delete-node",
      "node": {
        "label": "getViewReference",
        "type": "Invocation"
      },
      "location-before-char-start": 1879,
      "location-before-char-end": 1896,
      "node-str": "getViewReference"
    },
    {
      "type": "delete-node",
      "node": {
        "label": "org.eclipse.ui.IViewReference",
        "type": "RETURN_TYPE"
      },
      "location-before-char-start": 0,
      "location-before-char-end": 0,
      "node-str": "org.eclipse.ui.IViewReference"
    },
    {
      "type": "delete-node",
      "node": {
        "label": "org.eclipse.ui.internal.PresentableViewPart",
        "type": "TypeAccess"
      },
      "location-before-char-start": 0,
      "location-before-char-end": 0,
      "node-str": "org.eclipse.ui.internal.PresentableViewPart"
    },
    {
      "type": "delete-node",
      "node": {
        "label": "pane",
        "type": "FieldRead"
      },
      "location-before-char-start": 1133,
      "location-before-char-end": 1136,
      "node-str": "pane"
    },
    {
      "type": "delete-node",
      "node": {
        "label": "getViewReference",
        "type": "Invocation"
      },
      "location-before-char-start": 1133,
      "location-before-char-end": 1155,
      "node-str": "getViewReference"
    },
    {
      "type": "delete-node",
      "node": {
        "label": "return",
        "type": "Return"
      },
      "location-before-char-start": 1126,
      "location-before-char-end": 1156,
      "node-str": "return"
    },
    {
      "type": "delete-node",
      "node": {
        "label": "getViewReference",
        "type": "Method"
      },
      "location-before-char-start": 970,
      "location-before-char-end": 1159,
      "node-str": "getViewReference"
    },
    {
      "type": "delete-node",
      "node": {
        "label": "setBounds",
        "type": "Method"
      },
      "location-before-char-start": 1164,
      "location-before-char-end": 1358,
      "node-str": "setBounds"
    },
    {
      "type": "delete-node",
      "node": {
        "label": "void",
        "type": "RETURN_TYPE"
      },
      "location-before-char-start": 0,
      "location-before-char-end": 0,
      "node-str": "void"
    },
    {
      "type": "delete-node",
      "node": {
        "label": "public",
        "type": "Modifier"
      },
      "location-before-char-start": 0,
      "location-before-char-end": 0,
      "node-str": "public"
    },
    {
      "type": "delete-node",
      "node": {
        "label": "boolean",
        "type": "VARIABLE_TYPE"
      },
      "location-before-char-start": 0,
      "location-before-char-end": 0,
      "node-str": "boolean"
    },
    {
      "type": "delete-node",
      "node": {
        "label": "isVisible",
        "type": "Parameter"
      },
      "location-before-char-start": 1485,
      "location-before-char-end": 1501,
      "node-str": "isVisible"
    },
    {
      "type": "delete-node",
      "node": {
        "label": "setVisible",
        "type": "Method"
      },
      "location-before-char-start": 1363,
      "location-before-char-end": 1537,
      "node-str": "setVisible"
    },
    {
      "type": "delete-node",
      "node": {
        "label": "void",
        "type": "RETURN_TYPE"
      },
      "location-before-char-start": 0,
      "location-before-char-end": 0,
      "node-str": "void"
    },
    {
      "type": "delete-node",
      "node": {
        "label": "public",
        "type": "Modifier"
      },
      "location-before-char-start": 0,
      "location-before-char-end": 0,
      "node-str": "public"
    },
    {
      "type": "delete-node",
      "node": {
        "label": "setFocus",
        "type": "Invocation"
      },
      "location-before-char-start": 1659,
      "location-before-char-end": 1674,
      "node-str": "setFocus"
    },
    {
      "type": "delete-node",
      "node": {
        "label": "setFocus",
        "type": "Method"
      },
      "location-before-char-start": 1542,
      "location-before-char-end": 1677,
      "node-str": "setFocus"
    },
    {
      "type": "delete-node",
      "node": {
        "label": "void",
        "type": "RETURN_TYPE"
      },
      "location-before-char-start": 0,
      "location-before-char-end": 0,
      "node-str": "void"
    },
    {
      "type": "delete-node",
      "node": {
        "label": "public",
        "type": "Modifier"
      },
      "location-before-char-start": 0,
      "location-before-char-end": 0,
      "node-str": "public"
    },
    {
      "type": "delete-node",
      "node": {
        "label": "org.eclipse.ui.IPropertyListener",
        "type": "VARIABLE_TYPE"
      },
      "location-before-char-start": 0,
      "location-before-char-end": 0,
      "node-str": "org.eclipse.ui.IPropertyListener"
    },
    {
      "type": "delete-node",
      "node": {
        "label": "listener",
        "type": "Parameter"
      },
      "location-before-char-start": 1847,
      "location-before-char-end": 1872,
      "node-str": "listener"
    },
    {
      "type": "delete-node",
      "node": {
        "label": "addPropertyListener",
        "type": "Method"
      },
      "location-before-char-start": 1682,
      "location-before-char-end": 1930,
      "node-str": "addPropertyListener"
    }
  ],
  "before-file": {},
  "after-file": {},
  "mapping": {}
}