{
  "tool-info": {},
  "diff": [
    {
      "type": "insert-node",
      "node": {
        "label": "public",
        "type": "Modifier"
      },
      "location-after-char-start": 0,
      "location-after-char-end": 0,
      "node-str": "public"
    },
    {
      "type": "insert-node",
      "node": {
        "label": "getOrderingName",
        "type": "Method"
      },
      "location-after-char-start": 14819,
      "location-after-char-end": 15156,
      "node-str": "getOrderingName"
    },
    {
      "type": "insert-node",
      "node": {
        "label": "java.lang.String",
        "type": "RETURN_TYPE"
      },
      "location-after-char-start": 0,
      "location-after-char-end": 0,
      "node-str": "java.lang.String"
    },
    {
      "type": "move-subtree",
      "node": {
        "label": "ok",
        "type": "Parameter"
      },
      "location-before-char-start": 14971,
      "location-before-char-end": 14986,
      "location-after-char-start": 14971,
      "location-after-char-end": 14986,
      "node-str": "ok"
    },
    {
      "type": "insert-node",
      "node": {
        "label": "if",
        "type": "If"
      },
      "location-after-char-start": 14992,
      "location-after-char-end": 15066,
      "node-str": "if"
    },
    {
      "type": "move-subtree",
      "node": {
        "label": "if",
        "type": "If"
      },
      "location-before-char-start": 15058,
      "location-before-char-end": 15105,
      "location-after-char-start": 15069,
      "location-after-char-end": 15116,
      "node-str": "if"
    },
    {
      "type": "move-subtree",
      "node": {
        "label": "return",
        "type": "Return"
      },
      "location-before-char-start": 15108,
      "location-before-char-end": 15139,
      "location-after-char-start": 15119,
      "location-after-char-end": 15150,
      "node-str": "return"
    },
    {
      "type": "insert-node",
      "node": {
        "label": "OR",
        "type": "BinaryOperator"
      },
      "location-after-char-start": 14996,
      "location-after-char-end": 15054,
      "node-str": "OR"
    },
    {
      "type": "move-subtree",
      "node": {
        "label": "THEN",
        "type": "then"
      },
      "location-before-char-start": 15046,
      "location-before-char-end": 15055,
      "location-after-char-start": 15057,
      "location-after-char-end": 15066,
      "node-str": "THEN"
    },
    {
      "type": "insert-node",
      "node": {
        "label": "OR",
        "type": "BinaryOperator"
      },
      "location-after-char-start": 14996,
      "location-after-char-end": 15029,
      "node-str": "OR"
    },
    {
      "type": "insert-node",
      "node": {
        "label": "equals",
        "type": "Invocation"
      },
      "location-after-char-start": 15034,
      "location-after-char-end": 15054,
      "node-str": "equals"
    },
    {
      "type": "move-subtree",
      "node": {
        "label": "EQ",
        "type": "BinaryOperator"
      },
      "location-before-char-start": 14996,
      "location-before-char-end": 15005,
      "location-after-char-start": 14996,
      "location-after-char-end": 15005,
      "node-str": "EQ"
    },
    {
      "type": "move-subtree",
      "node": {
        "label": "EQ",
        "type": "BinaryOperator"
      },
      "location-before-char-start": 15024,
      "location-before-char-end": 15043,
      "location-after-char-start": 15010,
      "location-after-char-end": 15029,
      "node-str": "EQ"
    },
    {
      "type": "insert-node",
      "node": {
        "label": "\"\"",
        "type": "Literal"
      },
      "location-after-char-start": 15034,
      "location-after-char-end": 15035,
      "node-str": "\"\""
    },
    {
      "type": "insert-node",
      "node": {
        "label": "getName",
        "type": "FieldRead"
      },
      "location-after-char-start": 15044,
      "location-after-char-end": 15053,
      "node-str": "getName"
    },
    {
      "type": "insert-node",
      "node": {
        "label": "ok",
        "type": "VariableRead"
      },
      "location-after-char-start": 15044,
      "location-after-char-end": 15053,
      "node-str": "ok"
    },
    {
      "type": "delete-node",
      "node": {
        "label": "public",
        "type": "Modifier"
      },
      "location-before-char-start": 0,
      "location-before-char-end": 0,
      "node-str": "public"
    },
    {
      "type": "delete-node",
      "node": {
        "label": "java.lang.String",
        "type": "RETURN_TYPE"
      },
      "location-before-char-start": 0,
      "location-before-char-end": 0,
      "node-str": "java.lang.String"
    },
    {
      "type": "delete-node",
      "node": {
        "label": "\"\"",
        "type": "Literal"
      },
      "location-before-char-start": 15015,
      "location-before-char-end": 15016,
      "node-str": "\"\""
    },
    {
      "type": "delete-node",
      "node": {
        "label": "return",
        "type": "Return"
      },
      "location-before-char-start": 15008,
      "location-before-char-end": 15017,
      "node-str": "return"
    },
    {
      "type": "delete-node",
      "node": {
        "label": "THEN",
        "type": "then"
      },
      "location-before-char-start": 15008,
      "location-before-char-end": 15017,
      "node-str": "THEN"
    },
    {
      "type": "delete-node",
      "node": {
        "label": "if",
        "type": "If"
      },
      "location-before-char-start": 14992,
      "location-before-char-end": 15017,
      "node-str": "if"
    },
    {
      "type": "delete-node",
      "node": {
        "label": "if",
        "type": "If"
      },
      "location-before-char-start": 15020,
      "location-before-char-end": 15055,
      "node-str": "if"
    },
    {
      "type": "delete-node",
      "node": {
        "label": "getOrderingName",
        "type": "Method"
      },
      "location-before-char-start": 14819,
      "location-before-char-end": 15145,
      "node-str": "getOrderingName"
    }
  ],
  "before-file": {},
  "after-file": {},
  "mapping": {}
}