{
  "tool-info": {},
  "diff": [
    {
      "type": "insert-node",
      "node": {
        "label": "FreshenUserValve",
        "type": "Class"
      },
      "location-after-char-start": 3284,
      "location-after-char-end": 11089,
      "node-str": "FreshenUserValve"
    },
    {
      "type": "insert-node",
      "node": {
        "label": "public",
        "type": "Modifier"
      },
      "location-after-char-start": 0,
      "location-after-char-end": 0,
      "node-str": "public"
    },
    {
      "type": "insert-node",
      "node": {
        "label": "",
        "type": "TypeReference"
      },
      "location-after-char-start": 3498,
      "location-after-char-end": 3510,
      "node-str": ""
    },
    {
      "type": "insert-node",
      "node": {
        "label": "xmitScreens",
        "type": "Field"
      },
      "location-after-char-start": 3518,
      "location-after-char-end": 3565,
      "node-str": "xmitScreens"
    },
    {
      "type": "move-subtree",
      "node": {
        "label": "\u003cinit\u003e",
        "type": "Constructor"
      },
      "location-before-char-start": 3572,
      "location-before-char-end": 4387,
      "location-after-char-start": 3572,
      "location-after-char-end": 4387,
      "node-str": "\u003cinit\u003e"
    },
    {
      "type": "move-subtree",
      "node": {
        "label": "invoke",
        "type": "Method"
      },
      "location-before-char-start": 4394,
      "location-before-char-end": 6654,
      "location-after-char-start": 4394,
      "location-after-char-end": 6654,
      "node-str": "invoke"
    },
    {
      "type": "move-subtree",
      "node": {
        "label": "setCurrentModule",
        "type": "Method"
      },
      "location-before-char-start": 6661,
      "location-before-char-end": 9054,
      "location-after-char-start": 6661,
      "location-after-char-end": 9054,
      "node-str": "setCurrentModule"
    },
    {
      "type": "insert-node",
      "node": {
        "label": "setCurrentIssueType",
        "type": "Method"
      },
      "location-after-char-start": 9061,
      "location-after-char-end": 11087,
      "node-str": "setCurrentIssueType"
    },
    {
      "type": "insert-node",
      "node": {
        "label": "org.apache.turbine.pipeline.AbstractValve",
        "type": "SUPER_TYPE"
      },
      "location-after-char-start": 0,
      "location-after-char-end": 0,
      "node-str": "org.apache.turbine.pipeline.AbstractValve"
    },
    {
      "type": "insert-node",
      "node": {
        "label": "java.util.Map",
        "type": "VARIABLE_TYPE"
      },
      "location-after-char-start": 0,
      "location-after-char-end": 0,
      "node-str": "java.util.Map"
    },
    {
      "type": "insert-node",
      "node": {
        "label": "final",
        "type": "Modifier"
      },
      "location-after-char-start": 0,
      "location-after-char-end": 0,
      "node-str": "final"
    },
    {
      "type": "insert-node",
      "node": {
        "label": "protected",
        "type": "Modifier"
      },
      "location-after-char-start": 0,
      "location-after-char-end": 0,
      "node-str": "protected"
    },
    {
      "type": "insert-node",
      "node": {
        "label": "java.util.HashMap()",
        "type": "ConstructorCall"
      },
      "location-after-char-start": 3552,
      "location-after-char-end": 3564,
      "node-str": "java.util.HashMap()"
    },
    {
      "type": "insert-node",
      "node": {
        "label": "void",
        "type": "RETURN_TYPE"
      },
      "location-after-char-start": 0,
      "location-after-char-end": 0,
      "node-str": "void"
    },
    {
      "type": "insert-node",
      "node": {
        "label": "org.apache.turbine.TurbineException",
        "type": "THROWS"
      },
      "location-after-char-start": 0,
      "location-after-char-end": 0,
      "node-str": "org.apache.turbine.TurbineException"
    },
    {
      "type": "insert-node",
      "node": {
        "label": "user",
        "type": "Parameter"
      },
      "location-after-char-start": 9284,
      "location-after-char-end": 9298,
      "node-str": "user"
    },
    {
      "type": "insert-node",
      "node": {
        "label": "data",
        "type": "Parameter"
      },
      "location-after-char-start": 9301,
      "location-after-char-end": 9312,
      "node-str": "data"
    },
    {
      "type": "insert-node",
      "node": {
        "label": "issueType",
        "type": "LocalVariable"
      },
      "location-after-char-start": 9361,
      "location-after-char-end": 9387,
      "node-str": "issueType"
    },
    {
      "type": "insert-node",
      "node": {
        "label": "parameters",
        "type": "LocalVariable"
      },
      "location-after-char-start": 9397,
      "location-after-char-end": 9446,
      "node-str": "parameters"
    },
    {
      "type": "insert-node",
      "node": {
        "label": "key",
        "type": "LocalVariable"
      },
      "location-after-char-start": 9456,
      "location-after-char-end": 9525,
      "node-str": "key"
    },
    {
      "type": "move-subtree",
      "node": {
        "label": "if",
        "type": "If"
      },
      "location-before-char-start": 9535,
      "location-before-char-end": 10447,
      "location-after-char-start": 9535,
      "location-after-char-end": 10447,
      "node-str": "if"
    },
    {
      "type": "insert-node",
      "node": {
        "label": "isActive",
        "type": "LocalVariable"
      },
      "location-after-char-start": 10458,
      "location-after-char-end": 10482,
      "node-str": "isActive"
    },
    {
      "type": "move-subtree",
      "node": {
        "label": "",
        "type": "Try"
      },
      "location-before-char-start": 10492,
      "location-before-char-end": 10841,
      "location-after-char-start": 10492,
      "location-after-char-end": 10841,
      "node-str": ""
    },
    {
      "type": "insert-node",
      "node": {
        "label": "if",
        "type": "If"
      },
      "location-after-char-start": 10860,
      "location-after-char-end": 11081,
      "node-str": "if"
    },
    {
      "type": "insert-node",
      "node": {
        "label": "org.tigris.scarab.om.ScarabUser",
        "type": "VARIABLE_TYPE"
      },
      "location-after-char-start": 0,
      "location-after-char-end": 0,
      "node-str": "org.tigris.scarab.om.ScarabUser"
    },
    {
      "type": "insert-node",
      "node": {
        "label": "org.apache.turbine.RunData",
        "type": "VARIABLE_TYPE"
      },
      "location-after-char-start": 0,
      "location-after-char-end": 0,
      "node-str": "org.apache.turbine.RunData"
    },
    {
      "type": "insert-node",
      "node": {
        "label": "org.tigris.scarab.om.IssueType",
        "type": "VARIABLE_TYPE"
      },
      "location-after-char-start": 0,
      "location-after-char-end": 0,
      "node-str": "org.tigris.scarab.om.IssueType"
    },
    {
      "type": "insert-node",
      "node": {
        "label": "null",
        "type": "Literal"
      },
      "location-after-char-start": 9383,
      "location-after-char-end": 9386,
      "node-str": "null"
    },
    {
      "type": "insert-node",
      "node": {
        "label": "org.apache.turbine.ParameterParser",
        "type": "VARIABLE_TYPE"
      },
      "location-after-char-start": 0,
      "location-after-char-end": 0,
      "node-str": "org.apache.turbine.ParameterParser"
    },
    {
      "type": "insert-node",
      "node": {
        "label": "getParameters",
        "type": "Invocation"
      },
      "location-after-char-start": 9426,
      "location-after-char-end": 9445,
      "node-str": "getParameters"
    },
    {
      "type": "insert-node",
      "node": {
        "label": "java.lang.String",
        "type": "VARIABLE_TYPE"
      },
      "location-after-char-start": 0,
      "location-after-char-end": 0,
      "node-str": "java.lang.String"
    },
    {
      "type": "insert-node",
      "node": {
        "label": "getString",
        "type": "Invocation"
      },
      "location-after-char-start": 9469,
      "location-after-char-end": 9524,
      "node-str": "getString"
    },
    {
      "type": "insert-node",
      "node": {
        "label": "boolean",
        "type": "VARIABLE_TYPE"
      },
      "location-after-char-start": 0,
      "location-after-char-end": 0,
      "node-str": "boolean"
    },
    {
      "type": "insert-node",
      "node": {
        "label": "false",
        "type": "Literal"
      },
      "location-after-char-start": 10477,
      "location-after-char-end": 10481,
      "node-str": "false"
    },
    {
      "type": "insert-node",
      "node": {
        "label": "isActive",
        "type": "VariableRead"
      },
      "location-after-char-start": 10864,
      "location-after-char-end": 10871,
      "node-str": "isActive"
    },
    {
      "type": "insert-node",
      "node": {
        "label": "THEN",
        "type": "then"
      },
      "location-after-char-start": 10882,
      "location-after-char-end": 10941,
      "node-str": "THEN"
    },
    {
      "type": "insert-node",
      "node": {
        "label": "ELSE",
        "type": "else"
      },
      "location-after-char-start": 10965,
      "location-after-char-end": 11081,
      "node-str": "ELSE"
    },
    {
      "type": "insert-node",
      "node": {
        "label": "data",
        "type": "VariableRead"
      },
      "location-after-char-start": 9426,
      "location-after-char-end": 9429,
      "node-str": "data"
    },
    {
      "type": "insert-node",
      "node": {
        "label": "parameters",
        "type": "VariableRead"
      },
      "location-after-char-start": 9469,
      "location-after-char-end": 9478,
      "node-str": "parameters"
    },
    {
      "type": "insert-node",
      "node": {
        "label": "ScarabConstants.CURRENT_ISSUE_TYPE",
        "type": "TypeAccess"
      },
      "location-after-char-start": 9490,
      "location-after-char-end": 9523,
      "node-str": "ScarabConstants.CURRENT_ISSUE_TYPE"
    },
    {
      "type": "insert-node",
      "node": {
        "label": "setCurrentIssueType",
        "type": "Invocation"
      },
      "location-after-char-start": 10896,
      "location-after-char-end": 10931,
      "node-str": "setCurrentIssueType"
    },
    {
      "type": "insert-node",
      "node": {
        "label": "setCurrentIssueType",
        "type": "Invocation"
      },
      "location-after-char-start": 10979,
      "location-after-char-end": 11009,
      "node-str": "setCurrentIssueType"
    },
    {
      "type": "insert-node",
      "node": {
        "label": "debug",
        "type": "Invocation"
      },
      "location-after-char-start": 11023,
      "location-after-char-end": 11071,
      "node-str": "debug"
    },
    {
      "type": "insert-node",
      "node": {
        "label": "user",
        "type": "VariableRead"
      },
      "location-after-char-start": 10896,
      "location-after-char-end": 10899,
      "node-str": "user"
    },
    {
      "type": "insert-node",
      "node": {
        "label": "issueType",
        "type": "VariableRead"
      },
      "location-after-char-start": 10921,
      "location-after-char-end": 10929,
      "node-str": "issueType"
    },
    {
      "type": "insert-node",
      "node": {
        "label": "user",
        "type": "VariableRead"
      },
      "location-after-char-start": 10979,
      "location-after-char-end": 10982,
      "node-str": "user"
    },
    {
      "type": "insert-node",
      "node": {
        "label": "null",
        "type": "Literal"
      },
      "location-after-char-start": 11004,
      "location-after-char-end": 11007,
      "node-str": "null"
    },
    {
      "type": "insert-node",
      "node": {
        "label": "get",
        "type": "Invocation"
      },
      "location-after-char-start": 11023,
      "location-after-char-end": 11031,
      "node-str": "get"
    },
    {
      "type": "insert-node",
      "node": {
        "label": "\"Set current IssueType to null\"",
        "type": "Literal"
      },
      "location-after-char-start": 11039,
      "location-after-char-end": 11069,
      "node-str": "\"Set current IssueType to null\""
    },
    {
      "type": "insert-node",
      "node": {
        "label": "org.tigris.scarab.util.Log",
        "type": "TypeAccess"
      },
      "location-after-char-start": 11023,
      "location-after-char-end": 11025,
      "node-str": "org.tigris.scarab.util.Log"
    },
    {
      "type": "delete-node",
      "node": {
        "label": "public",
        "type": "Modifier"
      },
      "location-before-char-start": 0,
      "location-before-char-end": 0,
      "node-str": "public"
    },
    {
      "type": "delete-node",
      "node": {
        "label": "org.apache.turbine.pipeline.AbstractValve",
        "type": "SUPER_TYPE"
      },
      "location-before-char-start": 0,
      "location-before-char-end": 0,
      "node-str": "org.apache.turbine.pipeline.AbstractValve"
    },
    {
      "type": "delete-node",
      "node": {
        "label": "",
        "type": "TypeReference"
      },
      "location-before-char-start": 3498,
      "location-before-char-end": 3510,
      "node-str": ""
    },
    {
      "type": "delete-node",
      "node": {
        "label": "java.util.Map",
        "type": "VARIABLE_TYPE"
      },
      "location-before-char-start": 0,
      "location-before-char-end": 0,
      "node-str": "java.util.Map"
    },
    {
      "type": "delete-node",
      "node": {
        "label": "final",
        "type": "Modifier"
      },
      "location-before-char-start": 0,
      "location-before-char-end": 0,
      "node-str": "final"
    },
    {
      "type": "delete-node",
      "node": {
        "label": "protected",
        "type": "Modifier"
      },
      "location-before-char-start": 0,
      "location-before-char-end": 0,
      "node-str": "protected"
    },
    {
      "type": "delete-node",
      "node": {
        "label": "java.util.HashMap()",
        "type": "ConstructorCall"
      },
      "location-before-char-start": 3552,
      "location-before-char-end": 3564,
      "node-str": "java.util.HashMap()"
    },
    {
      "type": "delete-node",
      "node": {
        "label": "xmitScreens",
        "type": "Field"
      },
      "location-before-char-start": 3518,
      "location-before-char-end": 3565,
      "node-str": "xmitScreens"
    },
    {
      "type": "delete-node",
      "node": {
        "label": "void",
        "type": "RETURN_TYPE"
      },
      "location-before-char-start": 0,
      "location-before-char-end": 0,
      "node-str": "void"
    },
    {
      "type": "delete-node",
      "node": {
        "label": "org.apache.turbine.TurbineException",
        "type": "THROWS"
      },
      "location-before-char-start": 0,
      "location-before-char-end": 0,
      "node-str": "org.apache.turbine.TurbineException"
    },
    {
      "type": "delete-node",
      "node": {
        "label": "org.tigris.scarab.om.ScarabUser",
        "type": "VARIABLE_TYPE"
      },
      "location-before-char-start": 0,
      "location-before-char-end": 0,
      "node-str": "org.tigris.scarab.om.ScarabUser"
    },
    {
      "type": "delete-node",
      "node": {
        "label": "user",
        "type": "Parameter"
      },
      "location-before-char-start": 9284,
      "location-before-char-end": 9298,
      "node-str": "user"
    },
    {
      "type": "delete-node",
      "node": {
        "label": "org.apache.turbine.RunData",
        "type": "VARIABLE_TYPE"
      },
      "location-before-char-start": 0,
      "location-before-char-end": 0,
      "node-str": "org.apache.turbine.RunData"
    },
    {
      "type": "delete-node",
      "node": {
        "label": "data",
        "type": "Parameter"
      },
      "location-before-char-start": 9301,
      "location-before-char-end": 9312,
      "node-str": "data"
    },
    {
      "type": "delete-node",
      "node": {
        "label": "org.tigris.scarab.om.IssueType",
        "type": "VARIABLE_TYPE"
      },
      "location-before-char-start": 0,
      "location-before-char-end": 0,
      "node-str": "org.tigris.scarab.om.IssueType"
    },
    {
      "type": "delete-node",
      "node": {
        "label": "null",
        "type": "Literal"
      },
      "location-before-char-start": 9383,
      "location-before-char-end": 9386,
      "node-str": "null"
    },
    {
      "type": "delete-node",
      "node": {
        "label": "issueType",
        "type": "LocalVariable"
      },
      "location-before-char-start": 9361,
      "location-before-char-end": 9387,
      "node-str": "issueType"
    },
    {
      "type": "delete-node",
      "node": {
        "label": "org.apache.turbine.ParameterParser",
        "type": "VARIABLE_TYPE"
      },
      "location-before-char-start": 0,
      "location-before-char-end": 0,
      "node-str": "org.apache.turbine.ParameterParser"
    },
    {
      "type": "delete-node",
      "node": {
        "label": "data",
        "type": "VariableRead"
      },
      "location-before-char-start": 9426,
      "location-before-char-end": 9429,
      "node-str": "data"
    },
    {
      "type": "delete-node",
      "node": {
        "label": "getParameters",
        "type": "Invocation"
      },
      "location-before-char-start": 9426,
      "location-before-char-end": 9445,
      "node-str": "getParameters"
    },
    {
      "type": "delete-node",
      "node": {
        "label": "parameters",
        "type": "LocalVariable"
      },
      "location-before-char-start": 9397,
      "location-before-char-end": 9446,
      "node-str": "parameters"
    },
    {
      "type": "delete-node",
      "node": {
        "label": "java.lang.String",
        "type": "VARIABLE_TYPE"
      },
      "location-before-char-start": 0,
      "location-before-char-end": 0,
      "node-str": "java.lang.String"
    },
    {
      "type": "delete-node",
      "node": {
        "label": "parameters",
        "type": "VariableRead"
      },
      "location-before-char-start": 9469,
      "location-before-char-end": 9478,
      "node-str": "parameters"
    },
    {
      "type": "delete-node",
      "node": {
        "label": "ScarabConstants.CURRENT_ISSUE_TYPE",
        "type": "TypeAccess"
      },
      "location-before-char-start": 9490,
      "location-before-char-end": 9523,
      "node-str": "ScarabConstants.CURRENT_ISSUE_TYPE"
    },
    {
      "type": "delete-node",
      "node": {
        "label": "getString",
        "type": "Invocation"
      },
      "location-before-char-start": 9469,
      "location-before-char-end": 9524,
      "node-str": "getString"
    },
    {
      "type": "delete-node",
      "node": {
        "label": "key",
        "type": "LocalVariable"
      },
      "location-before-char-start": 9456,
      "location-before-char-end": 9525,
      "node-str": "key"
    },
    {
      "type": "delete-node",
      "node": {
        "label": "boolean",
        "type": "VARIABLE_TYPE"
      },
      "location-before-char-start": 0,
      "location-before-char-end": 0,
      "node-str": "boolean"
    },
    {
      "type": "delete-node",
      "node": {
        "label": "false",
        "type": "Literal"
      },
      "location-before-char-start": 10477,
      "location-before-char-end": 10481,
      "node-str": "false"
    },
    {
      "type": "delete-node",
      "node": {
        "label": "isActive",
        "type": "LocalVariable"
      },
      "location-before-char-start": 10458,
      "location-before-char-end": 10482,
      "node-str": "isActive"
    },
    {
      "type": "delete-node",
      "node": {
        "label": "isActive",
        "type": "VariableRead"
      },
      "location-before-char-start": 10864,
      "location-before-char-end": 10871,
      "node-str": "isActive"
    },
    {
      "type": "delete-node",
      "node": {
        "label": "user",
        "type": "VariableRead"
      },
      "location-before-char-start": 10896,
      "location-before-char-end": 10899,
      "node-str": "user"
    },
    {
      "type": "delete-node",
      "node": {
        "label": "issueType",
        "type": "VariableRead"
      },
      "location-before-char-start": 10921,
      "location-before-char-end": 10929,
      "node-str": "issueType"
    },
    {
      "type": "delete-node",
      "node": {
        "label": "setCurrentIssueType",
        "type": "Invocation"
      },
      "location-before-char-start": 10896,
      "location-before-char-end": 10931,
      "node-str": "setCurrentIssueType"
    },
    {
      "type": "delete-node",
      "node": {
        "label": "THEN",
        "type": "then"
      },
      "location-before-char-start": 10882,
      "location-before-char-end": 10941,
      "node-str": "THEN"
    },
    {
      "type": "delete-node",
      "node": {
        "label": "org.tigris.scarab.util.Log",
        "type": "TypeAccess"
      },
      "location-before-char-start": 10979,
      "location-before-char-end": 10981,
      "node-str": "org.tigris.scarab.util.Log"
    },
    {
      "type": "delete-node",
      "node": {
        "label": "get",
        "type": "Invocation"
      },
      "location-before-char-start": 10979,
      "location-before-char-end": 10987,
      "node-str": "get"
    },
    {
      "type": "delete-node",
      "node": {
        "label": "\"Did not set current IssueType\"",
        "type": "Literal"
      },
      "location-before-char-start": 10995,
      "location-before-char-end": 11025,
      "node-str": "\"Did not set current IssueType\""
    },
    {
      "type": "delete-node",
      "node": {
        "label": "debug",
        "type": "Invocation"
      },
      "location-before-char-start": 10979,
      "location-before-char-end": 11027,
      "node-str": "debug"
    },
    {
      "type": "delete-node",
      "node": {
        "label": "ELSE",
        "type": "else"
      },
      "location-before-char-start": 10965,
      "location-before-char-end": 11037,
      "node-str": "ELSE"
    },
    {
      "type": "delete-node",
      "node": {
        "label": "if",
        "type": "If"
      },
      "location-before-char-start": 10860,
      "location-before-char-end": 11037,
      "node-str": "if"
    },
    {
      "type": "delete-node",
      "node": {
        "label": "setCurrentIssueType",
        "type": "Method"
      },
      "location-before-char-start": 9061,
      "location-before-char-end": 11043,
      "node-str": "setCurrentIssueType"
    },
    {
      "type": "delete-node",
      "node": {
        "label": "FreshenUserValve",
        "type": "Class"
      },
      "location-before-char-start": 3284,
      "location-before-char-end": 11045,
      "node-str": "FreshenUserValve"
    }
  ],
  "before-file": {},
  "after-file": {},
  "mapping": {}
}