{
  "tool-info": {},
  "diff": [
    {
      "type": "insert-node",
      "node": {
        "label": "ScarabUserImpl",
        "type": "Class"
      },
      "location-after-char-start": 3471,
      "location-after-char-end": 31606,
      "node-str": "ScarabUserImpl"
    },
    {
      "type": "move-subtree",
      "node": {
        "label": "public",
        "type": "Modifier"
      },
      "location-before-char-start": 0,
      "location-before-char-end": 0,
      "location-after-char-start": 0,
      "location-after-char-end": 0,
      "node-str": "public"
    },
    {
      "type": "move-subtree",
      "node": {
        "label": "",
        "type": "TypeReference"
      },
      "location-before-char-start": 3810,
      "location-before-char-end": 3827,
      "location-after-char-start": 3810,
      "location-after-char-end": 3827,
      "node-str": ""
    },
    {
      "type": "move-subtree",
      "node": {
        "label": "torqueLog",
        "type": "Field"
      },
      "location-before-char-start": 3862,
      "location-before-char-end": 3954,
      "location-after-char-start": 3862,
      "location-after-char-end": 3954,
      "node-str": "torqueLog"
    },
    {
      "type": "move-subtree",
      "node": {
        "label": "PASSWORD_EXPIRE",
        "type": "Field"
      },
      "location-before-char-start": 3961,
      "location-before-char-end": 4023,
      "location-after-char-start": 3961,
      "location-after-char-end": 4023,
      "node-str": "PASSWORD_EXPIRE"
    },
    {
      "type": "move-subtree",
      "node": {
        "label": "internalUser",
        "type": "Field"
      },
      "location-before-char-start": 4034,
      "location-before-char-end": 4073,
      "location-after-char-start": 4034,
      "location-after-char-end": 4073,
      "node-str": "internalUser"
    },
    {
      "type": "move-subtree",
      "node": {
        "label": "UNIQUE_ID_MAX_LEN",
        "type": "Field"
      },
      "location-before-char-start": 4084,
      "location-before-char-end": 4234,
      "location-after-char-start": 4084,
      "location-after-char-end": 4234,
      "node-str": "UNIQUE_ID_MAX_LEN"
    },
    {
      "type": "insert-node",
      "node": {
        "label": "\u003cinit\u003e",
        "type": "Constructor"
      },
      "location-after-char-start": 4241,
      "location-after-char-end": 6981,
      "node-str": "\u003cinit\u003e"
    },
    {
      "type": "insert-node",
      "node": {
        "label": "getPrivateUserId",
        "type": "Method"
      },
      "location-after-char-start": 6992,
      "location-after-char-end": 7264,
      "node-str": "getPrivateUserId"
    },
    {
      "type": "move-subtree",
      "node": {
        "label": "getPrivateEmail",
        "type": "Method"
      },
      "location-before-char-start": 7274,
      "location-before-char-end": 7344,
      "location-after-char-start": 7270,
      "location-after-char-end": 7340,
      "node-str": "getPrivateEmail"
    },
    {
      "type": "move-subtree",
      "node": {
        "label": "getPrivateFirstName",
        "type": "Method"
      },
      "location-before-char-start": 7350,
      "location-before-char-end": 7428,
      "location-after-char-start": 7346,
      "location-after-char-end": 7424,
      "node-str": "getPrivateFirstName"
    },
    {
      "type": "move-subtree",
      "node": {
        "label": "getPrivateLastName",
        "type": "Method"
      },
      "location-before-char-start": 7434,
      "location-before-char-end": 7510,
      "location-after-char-start": 7430,
      "location-after-char-end": 7506,
      "node-str": "getPrivateLastName"
    },
    {
      "type": "move-subtree",
      "node": {
        "label": "getName",
        "type": "Method"
      },
      "location-before-char-start": 7516,
      "location-before-char-end": 7589,
      "location-after-char-start": 7512,
      "location-after-char-end": 7585,
      "node-str": "getName"
    },
    {
      "type": "move-subtree",
      "node": {
        "label": "getPrivateRModuleUserAttributes",
        "type": "Method"
      },
      "location-before-char-start": 7595,
      "location-before-char-end": 7743,
      "location-after-char-start": 7591,
      "location-after-char-end": 7739,
      "node-str": "getPrivateRModuleUserAttributes"
    },
    {
      "type": "move-subtree",
      "node": {
        "label": "hasPrivatePermission",
        "type": "Method"
      },
      "location-before-char-start": 7749,
      "location-before-char-end": 7868,
      "location-after-char-start": 7745,
      "location-after-char-end": 7864,
      "node-str": "hasPrivatePermission"
    },
    {
      "type": "move-subtree",
      "node": {
        "label": "getPrivateModules",
        "type": "Method"
      },
      "location-before-char-start": 7874,
      "location-before-char-end": 8019,
      "location-after-char-start": 7870,
      "location-after-char-end": 8015,
      "node-str": "getPrivateModules"
    },
    {
      "type": "move-subtree",
      "node": {
        "label": "getPrivateModules",
        "type": "Method"
      },
      "location-before-char-start": 8025,
      "location-before-char-end": 8188,
      "location-after-char-start": 8021,
      "location-after-char-end": 8184,
      "node-str": "getPrivateModules"
    },
    {
      "type": "move-subtree",
      "node": {
        "label": "privateDeleteRModuleUserAttribute",
        "type": "Method"
      },
      "location-before-char-start": 8195,
      "location-before-char-end": 8331,
      "location-after-char-start": 8191,
      "location-after-char-end": 8327,
      "node-str": "privateDeleteRModuleUserAttribute"
    },
    {
      "type": "move-subtree",
      "node": {
        "label": "checkConfirmationCode",
        "type": "Method"
      },
      "location-before-char-start": 8338,
      "location-before-char-end": 10093,
      "location-after-char-start": 8334,
      "location-after-char-end": 10089,
      "node-str": "checkConfirmationCode"
    },
    {
      "type": "move-subtree",
      "node": {
        "label": "confirmUser",
        "type": "Method"
      },
      "location-before-char-start": 10100,
      "location-before-char-end": 10564,
      "location-after-char-start": 10096,
      "location-after-char-end": 10560,
      "node-str": "confirmUser"
    },
    {
      "type": "move-subtree",
      "node": {
        "label": "hasPermission",
        "type": "Method"
      },
      "location-before-char-start": 10571,
      "location-before-char-end": 13260,
      "location-after-char-start": 10567,
      "location-after-char-end": 13256,
      "node-str": "hasPermission"
    },
    {
      "type": "move-subtree",
      "node": {
        "label": "hasPermission",
        "type": "Method"
      },
      "location-before-char-start": 13271,
      "location-before-char-end": 13483,
      "location-after-char-start": 13267,
      "location-after-char-end": 13479,
      "node-str": "hasPermission"
    },
    {
      "type": "move-subtree",
      "node": {
        "label": "getModules",
        "type": "Method"
      },
      "location-before-char-start": 13498,
      "location-before-char-end": 13665,
      "location-after-char-start": 13494,
      "location-after-char-end": 13661,
      "node-str": "getModules"
    },
    {
      "type": "move-subtree",
      "node": {
        "label": "getModules",
        "type": "Method"
      },
      "location-before-char-start": 13672,
      "location-before-char-end": 13898,
      "location-after-char-start": 13668,
      "location-after-char-end": 13894,
      "node-str": "getModules"
    },
    {
      "type": "move-subtree",
      "node": {
        "label": "getModules",
        "type": "Method"
      },
      "location-before-char-start": 13906,
      "location-before-char-end": 14031,
      "location-after-char-start": 13902,
      "location-after-char-end": 14027,
      "node-str": "getModules"
    },
    {
      "type": "move-subtree",
      "node": {
        "label": "GET_MODULES",
        "type": "Field"
      },
      "location-before-char-start": 14038,
      "location-before-char-end": 14101,
      "location-after-char-start": 14034,
      "location-after-char-end": 14097,
      "node-str": "GET_MODULES"
    },
    {
      "type": "move-subtree",
      "node": {
        "label": "getModules",
        "type": "Method"
      },
      "location-before-char-start": 14108,
      "location-before-char-end": 14295,
      "location-after-char-start": 14104,
      "location-after-char-end": 14291,
      "node-str": "getModules"
    },
    {
      "type": "move-subtree",
      "node": {
        "label": "getCopyToModules",
        "type": "Method"
      },
      "location-before-char-start": 14306,
      "location-before-char-end": 14521,
      "location-after-char-start": 14302,
      "location-after-char-end": 14517,
      "node-str": "getCopyToModules"
    },
    {
      "type": "move-subtree",
      "node": {
        "label": "getMoveToModules",
        "type": "Method"
      },
      "location-before-char-start": 14528,
      "location-before-char-end": 14743,
      "location-after-char-start": 14524,
      "location-after-char-end": 14739,
      "node-str": "getMoveToModules"
    },
    {
      "type": "move-subtree",
      "node": {
        "label": "getModules",
        "type": "Method"
      },
      "location-before-char-start": 14757,
      "location-before-char-end": 17104,
      "location-after-char-start": 14753,
      "location-after-char-end": 17100,
      "node-str": "getModules"
    },
    {
      "type": "move-subtree",
      "node": {
        "label": "hasAnyRoleIn",
        "type": "Method"
      },
      "location-before-char-start": 17115,
      "location-before-char-end": 17320,
      "location-after-char-start": 17111,
      "location-after-char-end": 17316,
      "node-str": "hasAnyRoleIn"
    },
    {
      "type": "move-subtree",
      "node": {
        "label": "GET_ROLES",
        "type": "Field"
      },
      "location-before-char-start": 17331,
      "location-before-char-end": 17390,
      "location-after-char-start": 17327,
      "location-after-char-end": 17386,
      "node-str": "GET_ROLES"
    },
    {
      "type": "move-subtree",
      "node": {
        "label": "getRoles",
        "type": "Method"
      },
      "location-before-char-start": 17397,
      "location-before-char-end": 19362,
      "location-after-char-start": 17393,
      "location-after-char-end": 19358,
      "node-str": "getRoles"
    },
    {
      "type": "move-subtree",
      "node": {
        "label": "createNewUser",
        "type": "Method"
      },
      "location-before-char-start": 19373,
      "location-before-char-end": 19911,
      "location-after-char-start": 19369,
      "location-after-char-end": 19907,
      "node-str": "createNewUser"
    },
    {
      "type": "move-subtree",
      "node": {
        "label": "getEditableModules",
        "type": "Method"
      },
      "location-before-char-start": 19922,
      "location-before-char-end": 20113,
      "location-after-char-start": 19918,
      "location-after-char-end": 20109,
      "node-str": "getEditableModules"
    },
    {
      "type": "move-subtree",
      "node": {
        "label": "getEditableModules",
        "type": "Method"
      },
      "location-before-char-start": 20120,
      "location-before-char-end": 20360,
      "location-after-char-start": 20116,
      "location-after-char-end": 20356,
      "node-str": "getEditableModules"
    },
    {
      "type": "move-subtree",
      "node": {
        "label": "getRModuleUserAttributes",
        "type": "Method"
      },
      "location-before-char-start": 20371,
      "location-before-char-end": 20697,
      "location-after-char-start": 20367,
      "location-after-char-end": 20693,
      "node-str": "getRModuleUserAttributes"
    },
    {
      "type": "move-subtree",
      "node": {
        "label": "getRModuleUserAttribute",
        "type": "Method"
      },
      "location-before-char-start": 20713,
      "location-before-char-end": 21180,
      "location-after-char-start": 20709,
      "location-after-char-end": 21176,
      "node-str": "getRModuleUserAttribute"
    },
    {
      "type": "move-subtree",
      "node": {
        "label": "getReportingIssue",
        "type": "Method"
      },
      "location-before-char-start": 21196,
      "location-before-char-end": 21412,
      "location-after-char-start": 21192,
      "location-after-char-end": 21408,
      "node-str": "getReportingIssue"
    },
    {
      "type": "move-subtree",
      "node": {
        "label": "setReportingIssue",
        "type": "Method"
      },
      "location-before-char-start": 21423,
      "location-before-char-end": 21648,
      "location-after-char-start": 21419,
      "location-after-char-end": 21644,
      "node-str": "setReportingIssue"
    },
    {
      "type": "move-subtree",
      "node": {
        "label": "setReportingIssue",
        "type": "Method"
      },
      "location-before-char-start": 21659,
      "location-before-char-end": 21869,
      "location-after-char-start": 21655,
      "location-after-char-end": 21865,
      "node-str": "setReportingIssue"
    },
    {
      "type": "move-subtree",
      "node": {
        "label": "getCurrentReport",
        "type": "Method"
      },
      "location-before-char-start": 21880,
      "location-before-char-end": 22100,
      "location-after-char-start": 21876,
      "location-after-char-end": 22096,
      "node-str": "getCurrentReport"
    },
    {
      "type": "move-subtree",
      "node": {
        "label": "setCurrentReport",
        "type": "Method"
      },
      "location-before-char-start": 22111,
      "location-before-char-end": 22349,
      "location-after-char-start": 22107,
      "location-after-char-end": 22345,
      "node-str": "setCurrentReport"
    },
    {
      "type": "move-subtree",
      "node": {
        "label": "setCurrentReport",
        "type": "Method"
      },
      "location-before-char-start": 22360,
      "location-before-char-end": 22583,
      "location-after-char-start": 22356,
      "location-after-char-end": 22579,
      "node-str": "setCurrentReport"
    },
    {
      "type": "move-subtree",
      "node": {
        "label": "getDefaultQueryUser",
        "type": "Method"
      },
      "location-before-char-start": 22594,
      "location-before-char-end": 22892,
      "location-after-char-start": 22590,
      "location-after-char-end": 22888,
      "node-str": "getDefaultQueryUser"
    },
    {
      "type": "move-subtree",
      "node": {
        "label": "getDefaultQuery",
        "type": "Method"
      },
      "location-before-char-start": 22903,
      "location-before-char-end": 23136,
      "location-after-char-start": 22899,
      "location-after-char-end": 23132,
      "node-str": "getDefaultQuery"
    },
    {
      "type": "move-subtree",
      "node": {
        "label": "resetDefaultQuery",
        "type": "Method"
      },
      "location-before-char-start": 23147,
      "location-before-char-end": 23378,
      "location-after-char-start": 23143,
      "location-after-char-end": 23374,
      "node-str": "resetDefaultQuery"
    },
    {
      "type": "move-subtree",
      "node": {
        "label": "setPasswordExpire",
        "type": "Method"
      },
      "location-before-char-start": 23389,
      "location-before-char-end": 24109,
      "location-after-char-start": 23385,
      "location-after-char-end": 24105,
      "node-str": "setPasswordExpire"
    },
    {
      "type": "insert-node",
      "node": {
        "label": "setPasswordExpire",
        "type": "Method"
      },
      "location-after-char-start": 24116,
      "location-after-char-end": 25292,
      "node-str": "setPasswordExpire"
    },
    {
      "type": "insert-node",
      "node": {
        "label": "isPasswordExpired",
        "type": "Method"
      },
      "location-after-char-start": 25303,
      "location-after-char-end": 26012,
      "node-str": "isPasswordExpired"
    },
    {
      "type": "move-subtree",
      "node": {
        "label": "getEnterIssueRedirect",
        "type": "Method"
      },
      "location-before-char-start": 26027,
      "location-before-char-end": 26381,
      "location-after-char-start": 26019,
      "location-after-char-end": 26373,
      "node-str": "getEnterIssueRedirect"
    },
    {
      "type": "move-subtree",
      "node": {
        "label": "setEnterIssueRedirect",
        "type": "Method"
      },
      "location-before-char-start": 26393,
      "location-before-char-end": 26766,
      "location-after-char-start": 26385,
      "location-after-char-end": 26758,
      "node-str": "setEnterIssueRedirect"
    },
    {
      "type": "move-subtree",
      "node": {
        "label": "getHomePage",
        "type": "Method"
      },
      "location-before-char-start": 26789,
      "location-before-char-end": 26948,
      "location-after-char-start": 26781,
      "location-after-char-end": 26940,
      "node-str": "getHomePage"
    },
    {
      "type": "move-subtree",
      "node": {
        "label": "getHomePage",
        "type": "Method"
      },
      "location-before-char-start": 26959,
      "location-before-char-end": 27143,
      "location-after-char-start": 26951,
      "location-after-char-end": 27135,
      "node-str": "getHomePage"
    },
    {
      "type": "move-subtree",
      "node": {
        "label": "setHomePage",
        "type": "Method"
      },
      "location-before-char-start": 27150,
      "location-before-char-end": 27329,
      "location-after-char-start": 27142,
      "location-after-char-end": 27321,
      "node-str": "setHomePage"
    },
    {
      "type": "move-subtree",
      "node": {
        "label": "getMITLists",
        "type": "Method"
      },
      "location-before-char-start": 27337,
      "location-before-char-end": 27500,
      "location-after-char-start": 27329,
      "location-after-char-end": 27492,
      "node-str": "getMITLists"
    },
    {
      "type": "move-subtree",
      "node": {
        "label": "getSearchableRMITs",
        "type": "Method"
      },
      "location-before-char-start": 27509,
      "location-before-char-end": 27935,
      "location-after-char-start": 27501,
      "location-after-char-end": 27927,
      "node-str": "getSearchableRMITs"
    },
    {
      "type": "move-subtree",
      "node": {
        "label": "addRMITsToCurrentMITList",
        "type": "Method"
      },
      "location-before-char-start": 27942,
      "location-before-char-end": 28156,
      "location-after-char-start": 27934,
      "location-after-char-end": 28148,
      "node-str": "addRMITsToCurrentMITList"
    },
    {
      "type": "move-subtree",
      "node": {
        "label": "getCurrentMITList",
        "type": "Method"
      },
      "location-before-char-start": 28163,
      "location-before-char-end": 28316,
      "location-after-char-start": 28155,
      "location-after-char-end": 28308,
      "node-str": "getCurrentMITList"
    },
    {
      "type": "move-subtree",
      "node": {
        "label": "setCurrentMITList",
        "type": "Method"
      },
      "location-before-char-start": 28323,
      "location-before-char-end": 28489,
      "location-after-char-start": 28315,
      "location-after-char-end": 28481,
      "node-str": "setCurrentMITList"
    },
    {
      "type": "move-subtree",
      "node": {
        "label": "removeItemsFromCurrentMITList",
        "type": "Method"
      },
      "location-before-char-start": 28496,
      "location-before-char-end": 28698,
      "location-after-char-start": 28488,
      "location-after-char-end": 28690,
      "node-str": "removeItemsFromCurrentMITList"
    },
    {
      "type": "move-subtree",
      "node": {
        "label": "getMostRecentQuery",
        "type": "Method"
      },
      "location-before-char-start": 28706,
      "location-before-char-end": 28882,
      "location-after-char-start": 28698,
      "location-after-char-end": 28874,
      "node-str": "getMostRecentQuery"
    },
    {
      "type": "move-subtree",
      "node": {
        "label": "setMostRecentQuery",
        "type": "Method"
      },
      "location-before-char-start": 28889,
      "location-before-char-end": 29091,
      "location-after-char-start": 28881,
      "location-after-char-end": 29083,
      "node-str": "setMostRecentQuery"
    },
    {
      "type": "move-subtree",
      "node": {
        "label": "hasMostRecentQuery",
        "type": "Method"
      },
      "location-before-char-start": 29098,
      "location-before-char-end": 29275,
      "location-after-char-start": 29090,
      "location-after-char-end": 29267,
      "node-str": "hasMostRecentQuery"
    },
    {
      "type": "move-subtree",
      "node": {
        "label": "getAssociatedUsersMap",
        "type": "Method"
      },
      "location-before-char-start": 29282,
      "location-before-char-end": 29405,
      "location-after-char-start": 29274,
      "location-after-char-end": 29397,
      "node-str": "getAssociatedUsersMap"
    },
    {
      "type": "move-subtree",
      "node": {
        "label": "setAssociatedUsersMap",
        "type": "Method"
      },
      "location-before-char-start": 29412,
      "location-before-char-end": 29563,
      "location-after-char-start": 29404,
      "location-after-char-end": 29555,
      "node-str": "setAssociatedUsersMap"
    },
    {
      "type": "move-subtree",
      "node": {
        "label": "getSelectedUsersMap",
        "type": "Method"
      },
      "location-before-char-start": 29570,
      "location-before-char-end": 29689,
      "location-after-char-start": 29562,
      "location-after-char-end": 29681,
      "node-str": "getSelectedUsersMap"
    },
    {
      "type": "move-subtree",
      "node": {
        "label": "setSelectedUsersMap",
        "type": "Method"
      },
      "location-before-char-start": 29696,
      "location-before-char-end": 29839,
      "location-after-char-start": 29688,
      "location-after-char-end": 29831,
      "node-str": "setSelectedUsersMap"
    },
    {
      "type": "move-subtree",
      "node": {
        "label": "getThreadKey",
        "type": "Method"
      },
      "location-before-char-start": 29855,
      "location-before-char-end": 29992,
      "location-after-char-start": 29847,
      "location-after-char-end": 29984,
      "node-str": "getThreadKey"
    },
    {
      "type": "move-subtree",
      "node": {
        "label": "setThreadKey",
        "type": "Method"
      },
      "location-before-char-start": 29999,
      "location-before-char-end": 30150,
      "location-after-char-start": 29991,
      "location-after-char-end": 30142,
      "node-str": "setThreadKey"
    },
    {
      "type": "move-subtree",
      "node": {
        "label": "getCurrentModule",
        "type": "Method"
      },
      "location-before-char-start": 30158,
      "location-before-char-end": 30292,
      "location-after-char-start": 30150,
      "location-after-char-end": 30284,
      "node-str": "getCurrentModule"
    },
    {
      "type": "move-subtree",
      "node": {
        "label": "setCurrentModule",
        "type": "Method"
      },
      "location-before-char-start": 30303,
      "location-before-char-end": 30438,
      "location-after-char-start": 30295,
      "location-after-char-end": 30430,
      "node-str": "setCurrentModule"
    },
    {
      "type": "move-subtree",
      "node": {
        "label": "getCurrentIssueType",
        "type": "Method"
      },
      "location-before-char-start": 30450,
      "location-before-char-end": 30621,
      "location-after-char-start": 30442,
      "location-after-char-end": 30613,
      "node-str": "getCurrentIssueType"
    },
    {
      "type": "move-subtree",
      "node": {
        "label": "setCurrentIssueType",
        "type": "Method"
      },
      "location-before-char-start": 30632,
      "location-before-char-end": 30780,
      "location-after-char-start": 30624,
      "location-after-char-end": 30772,
      "node-str": "setCurrentIssueType"
    },
    {
      "type": "move-subtree",
      "node": {
        "label": "getCurrentRModuleIssueType",
        "type": "Method"
      },
      "location-before-char-start": 30795,
      "location-before-char-end": 31009,
      "location-after-char-start": 30787,
      "location-after-char-end": 31001,
      "node-str": "getCurrentRModuleIssueType"
    },
    {
      "type": "move-subtree",
      "node": {
        "label": "updateIssueListAttributes",
        "type": "Method"
      },
      "location-before-char-start": 31016,
      "location-before-char-end": 31258,
      "location-after-char-start": 31008,
      "location-after-char-end": 31250,
      "node-str": "updateIssueListAttributes"
    },
    {
      "type": "move-subtree",
      "node": {
        "label": "getRoleNames",
        "type": "Method"
      },
      "location-before-char-start": 31265,
      "location-before-char-end": 31359,
      "location-after-char-start": 31257,
      "location-after-char-end": 31351,
      "node-str": "getRoleNames"
    },
    {
      "type": "move-subtree",
      "node": {
        "label": "getStats",
        "type": "Method"
      },
      "location-before-char-start": 31366,
      "location-before-char-end": 31612,
      "location-after-char-start": 31358,
      "location-after-char-end": 31604,
      "node-str": "getStats"
    },
    {
      "type": "move-subtree",
      "node": {
        "label": "public",
        "type": "Modifier"
      },
      "location-before-char-start": 0,
      "location-before-char-end": 0,
      "location-after-char-start": 0,
      "location-after-char-end": 0,
      "node-str": "public"
    },
    {
      "type": "move-subtree",
      "node": {
        "label": "\u003cinit\u003e",
        "type": "Invocation"
      },
      "location-before-char-start": 4361,
      "location-before-char-end": 4368,
      "location-after-char-start": 4361,
      "location-after-char-end": 4368,
      "node-str": "\u003cinit\u003e"
    },
    {
      "type": "insert-node",
      "node": {
        "label": "\u003d",
        "type": "Assignment"
      },
      "location-after-char-start": 4883,
      "location-after-char-end": 6975,
      "node-str": "\u003d"
    },
    {
      "type": "insert-node",
      "node": {
        "label": "java.lang.Integer",
        "type": "RETURN_TYPE"
      },
      "location-after-char-start": 0,
      "location-after-char-end": 0,
      "node-str": "java.lang.Integer"
    },
    {
      "type": "move-subtree",
      "node": {
        "label": "return",
        "type": "Return"
      },
      "location-before-char-start": 7244,
      "location-before-char-end": 7262,
      "location-after-char-start": 7240,
      "location-after-char-end": 7258,
      "node-str": "return"
    },
    {
      "type": "move-subtree",
      "node": {
        "label": "void",
        "type": "RETURN_TYPE"
      },
      "location-before-char-start": 0,
      "location-before-char-end": 0,
      "location-after-char-start": 0,
      "location-after-char-end": 0,
      "node-str": "void"
    },
    {
      "type": "move-subtree",
      "node": {
        "label": "java.lang.Exception",
        "type": "THROWS"
      },
      "location-before-char-start": 0,
      "location-before-char-end": 0,
      "location-after-char-start": 0,
      "location-after-char-end": 0,
      "node-str": "java.lang.Exception"
    },
    {
      "type": "move-subtree",
      "node": {
        "label": "public",
        "type": "Modifier"
      },
      "location-before-char-start": 0,
      "location-before-char-end": 0,
      "location-after-char-start": 0,
      "location-after-char-end": 0,
      "node-str": "public"
    },
    {
      "type": "move-subtree",
      "node": {
        "label": "expire",
        "type": "Parameter"
      },
      "location-before-char-start": 24594,
      "location-before-char-end": 24608,
      "location-after-char-start": 24590,
      "location-after-char-end": 24604,
      "node-str": "expire"
    },
    {
      "type": "insert-node",
      "node": {
        "label": "userid",
        "type": "LocalVariable"
      },
      "location-after-char-start": 24646,
      "location-after-char-end": 24674,
      "node-str": "userid"
    },
    {
      "type": "move-subtree",
      "node": {
        "label": "if",
        "type": "If"
      },
      "location-before-char-start": 24690,
      "location-before-char-end": 24786,
      "location-after-char-start": 24684,
      "location-after-char-end": 24780,
      "node-str": "if"
    },
    {
      "type": "move-subtree",
      "node": {
        "label": "up",
        "type": "LocalVariable"
      },
      "location-before-char-start": 24796,
      "location-before-char-end": 24850,
      "location-after-char-start": 24790,
      "location-after-char-end": 24844,
      "node-str": "up"
    },
    {
      "type": "move-subtree",
      "node": {
        "label": "if",
        "type": "If"
      },
      "location-before-char-start": 24860,
      "location-before-char-end": 24975,
      "location-after-char-start": 24854,
      "location-after-char-end": 24969,
      "node-str": "if"
    },
    {
      "type": "move-subtree",
      "node": {
        "label": "if",
        "type": "If"
      },
      "location-before-char-start": 24985,
      "location-before-char-end": 25273,
      "location-after-char-start": 24979,
      "location-after-char-end": 25267,
      "node-str": "if"
    },
    {
      "type": "move-subtree",
      "node": {
        "label": "save",
        "type": "Invocation"
      },
      "location-before-char-start": 25283,
      "location-before-char-end": 25292,
      "location-after-char-start": 25277,
      "location-after-char-end": 25286,
      "node-str": "save"
    },
    {
      "type": "move-subtree",
      "node": {
        "label": "boolean",
        "type": "RETURN_TYPE"
      },
      "location-before-char-start": 0,
      "location-before-char-end": 0,
      "location-after-char-start": 0,
      "location-after-char-end": 0,
      "node-str": "boolean"
    },
    {
      "type": "move-subtree",
      "node": {
        "label": "java.lang.Exception",
        "type": "THROWS"
      },
      "location-before-char-start": 0,
      "location-before-char-end": 0,
      "location-after-char-start": 0,
      "location-after-char-end": 0,
      "node-str": "java.lang.Exception"
    },
    {
      "type": "move-subtree",
      "node": {
        "label": "public",
        "type": "Modifier"
      },
      "location-before-char-start": 0,
      "location-before-char-end": 0,
      "location-after-char-start": 0,
      "location-after-char-end": 0,
      "node-str": "public"
    },
    {
      "type": "insert-node",
      "node": {
        "label": "userid",
        "type": "LocalVariable"
      },
      "location-after-char-start": 25515,
      "location-after-char-end": 25543,
      "node-str": "userid"
    },
    {
      "type": "move-subtree",
      "node": {
        "label": "if",
        "type": "If"
      },
      "location-before-char-start": 25561,
      "location-before-char-end": 25658,
      "location-after-char-start": 25553,
      "location-after-char-end": 25650,
      "node-str": "if"
    },
    {
      "type": "move-subtree",
      "node": {
        "label": "crit",
        "type": "LocalVariable"
      },
      "location-before-char-start": 25668,
      "location-before-char-end": 25698,
      "location-after-char-start": 25660,
      "location-after-char-end": 25690,
      "node-str": "crit"
    },
    {
      "type": "move-subtree",
      "node": {
        "label": "add",
        "type": "Invocation"
      },
      "location-before-char-start": 25708,
      "location-before-char-end": 25752,
      "location-after-char-start": 25700,
      "location-after-char-end": 25744,
      "node-str": "add"
    },
    {
      "type": "move-subtree",
      "node": {
        "label": "cal",
        "type": "LocalVariable"
      },
      "location-before-char-start": 25762,
      "location-before-char-end": 25799,
      "location-after-char-start": 25754,
      "location-after-char-end": 25791,
      "node-str": "cal"
    },
    {
      "type": "move-subtree",
      "node": {
        "label": "add",
        "type": "Invocation"
      },
      "location-before-char-start": 25809,
      "location-before-char-end": 25907,
      "location-after-char-start": 25801,
      "location-after-char-end": 25899,
      "node-str": "add"
    },
    {
      "type": "move-subtree",
      "node": {
        "label": "result",
        "type": "LocalVariable"
      },
      "location-before-char-start": 25917,
      "location-before-char-end": 25964,
      "location-after-char-start": 25909,
      "location-after-char-end": 25956,
      "node-str": "result"
    },
    {
      "type": "move-subtree",
      "node": {
        "label": "return",
        "type": "Return"
      },
      "location-before-char-start": 25974,
      "location-before-char-end": 26014,
      "location-after-char-start": 25966,
      "location-after-char-end": 26006,
      "node-str": "return"
    },
    {
      "type": "move-subtree",
      "node": {
        "label": "internalUser",
        "type": "FieldWrite"
      },
      "location-before-char-start": 4883,
      "location-before-char-end": 4894,
      "location-after-char-start": 4883,
      "location-after-char-end": 4894,
      "node-str": "internalUser"
    },
    {
      "type": "insert-node",
      "node": {
        "label": "org.tigris.scarab.om.AbstractScarabUser()",
        "type": "NewClass"
      },
      "location-after-char-start": 4898,
      "location-after-char-end": 6974,
      "node-str": "org.tigris.scarab.om.AbstractScarabUser()"
    },
    {
      "type": "insert-node",
      "node": {
        "label": "java.lang.Integer",
        "type": "VARIABLE_TYPE"
      },
      "location-after-char-start": 0,
      "location-after-char-end": 0,
      "node-str": "java.lang.Integer"
    },
    {
      "type": "move-subtree",
      "node": {
        "label": "getUserId",
        "type": "Invocation"
      },
      "location-before-char-start": 24669,
      "location-before-char-end": 24679,
      "location-after-char-start": 24663,
      "location-after-char-end": 24673,
      "node-str": "getUserId"
    },
    {
      "type": "insert-node",
      "node": {
        "label": "java.lang.Integer",
        "type": "VARIABLE_TYPE"
      },
      "location-after-char-start": 0,
      "location-after-char-end": 0,
      "node-str": "java.lang.Integer"
    },
    {
      "type": "move-subtree",
      "node": {
        "label": "getUserId",
        "type": "Invocation"
      },
      "location-before-char-start": 25540,
      "location-before-char-end": 25550,
      "location-after-char-start": 25532,
      "location-after-char-end": 25542,
      "node-str": "getUserId"
    },
    {
      "type": "insert-node",
      "node": {
        "label": "1",
        "type": "Class"
      },
      "location-after-char-start": 4931,
      "location-after-char-end": 6974,
      "node-str": "1"
    },
    {
      "type": "move-subtree",
      "node": {
        "label": "",
        "type": "TypeReference"
      },
      "location-before-char-start": 0,
      "location-before-char-end": 0,
      "location-after-char-start": 0,
      "location-after-char-end": 0,
      "node-str": ""
    },
    {
      "type": "insert-node",
      "node": {
        "label": "getUserId",
        "type": "Method"
      },
      "location-after-char-start": 4945,
      "location-after-char-end": 5041,
      "node-str": "getUserId"
    },
    {
      "type": "move-subtree",
      "node": {
        "label": "getEmail",
        "type": "Method"
      },
      "location-before-char-start": 5070,
      "location-before-char-end": 5163,
      "location-after-char-start": 5068,
      "location-after-char-end": 5161,
      "node-str": "getEmail"
    },
    {
      "type": "move-subtree",
      "node": {
        "label": "getFirstName",
        "type": "Method"
      },
      "location-before-char-start": 5190,
      "location-before-char-end": 5291,
      "location-after-char-start": 5188,
      "location-after-char-end": 5289,
      "node-str": "getFirstName"
    },
    {
      "type": "move-subtree",
      "node": {
        "label": "getLastName",
        "type": "Method"
      },
      "location-before-char-start": 5318,
      "location-before-char-end": 5417,
      "location-after-char-start": 5316,
      "location-after-char-end": 5415,
      "node-str": "getLastName"
    },
    {
      "type": "move-subtree",
      "node": {
        "label": "getRModuleUserAttributes",
        "type": "Method"
      },
      "location-before-char-start": 5432,
      "location-before-char-end": 5614,
      "location-after-char-start": 5430,
      "location-after-char-end": 5612,
      "node-str": "getRModuleUserAttributes"
    },
    {
      "type": "move-subtree",
      "node": {
        "label": "hasPermission",
        "type": "Method"
      },
      "location-before-char-start": 5641,
      "location-before-char-end": 5783,
      "location-after-char-start": 5639,
      "location-after-char-end": 5781,
      "node-str": "hasPermission"
    },
    {
      "type": "move-subtree",
      "node": {
        "label": "getModules",
        "type": "Method"
      },
      "location-before-char-start": 5810,
      "location-before-char-end": 5937,
      "location-after-char-start": 5808,
      "location-after-char-end": 5935,
      "node-str": "getModules"
    },
    {
      "type": "move-subtree",
      "node": {
        "label": "getModules",
        "type": "Method"
      },
      "location-before-char-start": 5964,
      "location-before-char-end": 6501,
      "location-after-char-start": 5962,
      "location-after-char-end": 6499,
      "node-str": "getModules"
    },
    {
      "type": "move-subtree",
      "node": {
        "label": "getModules",
        "type": "Method"
      },
      "location-before-char-start": 6516,
      "location-before-char-end": 6745,
      "location-after-char-start": 6514,
      "location-after-char-end": 6743,
      "node-str": "getModules"
    },
    {
      "type": "move-subtree",
      "node": {
        "label": "deleteRModuleUserAttribute",
        "type": "Method"
      },
      "location-before-char-start": 6760,
      "location-before-char-end": 6962,
      "location-after-char-start": 6758,
      "location-after-char-end": 6960,
      "node-str": "deleteRModuleUserAttribute"
    },
    {
      "type": "insert-node",
      "node": {
        "label": "java.lang.Integer",
        "type": "RETURN_TYPE"
      },
      "location-after-char-start": 0,
      "location-after-char-end": 0,
      "node-str": "java.lang.Integer"
    },
    {
      "type": "move-subtree",
      "node": {
        "label": "public",
        "type": "Modifier"
      },
      "location-before-char-start": 0,
      "location-before-char-end": 0,
      "location-after-char-start": 0,
      "location-after-char-end": 0,
      "node-str": "public"
    },
    {
      "type": "move-subtree",
      "node": {
        "label": "return",
        "type": "Return"
      },
      "location-before-char-start": 5004,
      "location-before-char-end": 5029,
      "location-after-char-start": 5002,
      "location-after-char-end": 5027,
      "node-str": "return"
    },
    {
      "type": "delete-node",
      "node": {
        "label": "org.apache.torque.om.NumberKey",
        "type": "RETURN_TYPE"
      },
      "location-before-char-start": 0,
      "location-before-char-end": 0,
      "node-str": "org.apache.torque.om.NumberKey"
    },
    {
      "type": "delete-node",
      "node": {
        "label": "getUserId",
        "type": "Method"
      },
      "location-before-char-start": 4945,
      "location-before-char-end": 5043,
      "node-str": "getUserId"
    },
    {
      "type": "delete-node",
      "node": {
        "label": "1",
        "type": "Class"
      },
      "location-before-char-start": 4931,
      "location-before-char-end": 6976,
      "node-str": "1"
    },
    {
      "type": "delete-node",
      "node": {
        "label": "org.tigris.scarab.om.AbstractScarabUser()",
        "type": "NewClass"
      },
      "location-before-char-start": 4898,
      "location-before-char-end": 6976,
      "node-str": "org.tigris.scarab.om.AbstractScarabUser()"
    },
    {
      "type": "delete-node",
      "node": {
        "label": "\u003d",
        "type": "Assignment"
      },
      "location-before-char-start": 4883,
      "location-before-char-end": 6977,
      "node-str": "\u003d"
    },
    {
      "type": "delete-node",
      "node": {
        "label": "\u003cinit\u003e",
        "type": "Constructor"
      },
      "location-before-char-start": 4241,
      "location-before-char-end": 6983,
      "node-str": "\u003cinit\u003e"
    },
    {
      "type": "delete-node",
      "node": {
        "label": "org.apache.torque.om.NumberKey",
        "type": "RETURN_TYPE"
      },
      "location-before-char-start": 0,
      "location-before-char-end": 0,
      "node-str": "org.apache.torque.om.NumberKey"
    },
    {
      "type": "delete-node",
      "node": {
        "label": "getPrivateUserId",
        "type": "Method"
      },
      "location-before-char-start": 6994,
      "location-before-char-end": 7268,
      "node-str": "getPrivateUserId"
    },
    {
      "type": "delete-node",
      "node": {
        "label": "org.apache.torque.om.NumberKey",
        "type": "VARIABLE_TYPE"
      },
      "location-before-char-start": 0,
      "location-before-char-end": 0,
      "node-str": "org.apache.torque.om.NumberKey"
    },
    {
      "type": "delete-node",
      "node": {
        "label": "userid",
        "type": "LocalVariable"
      },
      "location-before-char-start": 24650,
      "location-before-char-end": 24680,
      "node-str": "userid"
    },
    {
      "type": "delete-node",
      "node": {
        "label": "setPasswordExpire",
        "type": "Method"
      },
      "location-before-char-start": 24120,
      "location-before-char-end": 25298,
      "node-str": "setPasswordExpire"
    },
    {
      "type": "delete-node",
      "node": {
        "label": "org.apache.torque.om.NumberKey",
        "type": "VARIABLE_TYPE"
      },
      "location-before-char-start": 0,
      "location-before-char-end": 0,
      "node-str": "org.apache.torque.om.NumberKey"
    },
    {
      "type": "delete-node",
      "node": {
        "label": "userid",
        "type": "LocalVariable"
      },
      "location-before-char-start": 25521,
      "location-before-char-end": 25551,
      "node-str": "userid"
    },
    {
      "type": "delete-node",
      "node": {
        "label": "isPasswordExpired",
        "type": "Method"
      },
      "location-before-char-start": 25309,
      "location-before-char-end": 26020,
      "node-str": "isPasswordExpired"
    },
    {
      "type": "delete-node",
      "node": {
        "label": "ScarabUserImpl",
        "type": "Class"
      },
      "location-before-char-start": 3471,
      "location-before-char-end": 31614,
      "node-str": "ScarabUserImpl"
    }
  ],
  "before-file": {},
  "after-file": {},
  "mapping": {}
}