{
  "tool-info": {},
  "diff": [
    {
      "type": "insert-node",
      "node": {
        "label": "ServerThread",
        "type": "Class"
      },
      "location-after-char-start": 833,
      "location-after-char-end": 9344,
      "node-str": "ServerThread"
    },
    {
      "type": "insert-node",
      "node": {
        "label": "public",
        "type": "Modifier"
      },
      "location-after-char-start": 0,
      "location-after-char-end": 0,
      "node-str": "public"
    },
    {
      "type": "move-subtree",
      "node": {
        "label": "",
        "type": "TypeReference"
      },
      "location-before-char-start": 1502,
      "location-before-char-end": 1507,
      "location-after-char-start": 1465,
      "location-after-char-end": 1470,
      "node-str": ""
    },
    {
      "type": "move-subtree",
      "node": {
        "label": "log",
        "type": "Field"
      },
      "location-before-char-start": 1514,
      "location-before-char-end": 1584,
      "location-after-char-start": 1477,
      "location-after-char-end": 1547,
      "node-str": "log"
    },
    {
      "type": "move-subtree",
      "node": {
        "label": "in",
        "type": "Field"
      },
      "location-before-char-start": 1590,
      "location-before-char-end": 1620,
      "location-after-char-start": 1553,
      "location-after-char-end": 1583,
      "node-str": "in"
    },
    {
      "type": "move-subtree",
      "node": {
        "label": "out",
        "type": "Field"
      },
      "location-before-char-start": 1625,
      "location-before-char-end": 1657,
      "location-after-char-start": 1588,
      "location-after-char-end": 1620,
      "node-str": "out"
    },
    {
      "type": "move-subtree",
      "node": {
        "label": "socket",
        "type": "Field"
      },
      "location-before-char-start": 1662,
      "location-before-char-end": 1685,
      "location-after-char-start": 1625,
      "location-after-char-end": 1648,
      "node-str": "socket"
    },
    {
      "type": "move-subtree",
      "node": {
        "label": "invoker",
        "type": "Field"
      },
      "location-before-char-start": 1690,
      "location-before-char-end": 1721,
      "location-after-char-start": 1653,
      "location-after-char-end": 1684,
      "node-str": "invoker"
    },
    {
      "type": "move-subtree",
      "node": {
        "label": "clientpool",
        "type": "Field"
      },
      "location-before-char-start": 1726,
      "location-before-char-end": 1754,
      "location-after-char-start": 1689,
      "location-after-char-end": 1717,
      "node-str": "clientpool"
    },
    {
      "type": "move-subtree",
      "node": {
        "label": "threadpool",
        "type": "Field"
      },
      "location-before-char-start": 1759,
      "location-before-char-end": 1790,
      "location-after-char-start": 1722,
      "location-after-char-end": 1753,
      "node-str": "threadpool"
    },
    {
      "type": "move-subtree",
      "node": {
        "label": "running",
        "type": "Field"
      },
      "location-before-char-start": 1795,
      "location-before-char-end": 1836,
      "location-after-char-start": 1758,
      "location-after-char-end": 1799,
      "node-str": "running"
    },
    {
      "type": "move-subtree",
      "node": {
        "label": "handlingResponse",
        "type": "Field"
      },
      "location-before-char-start": 1841,
      "location-before-char-end": 1891,
      "location-after-char-start": 1804,
      "location-after-char-end": 1854,
      "node-str": "handlingResponse"
    },
    {
      "type": "move-subtree",
      "node": {
        "label": "shutdown",
        "type": "Field"
      },
      "location-before-char-start": 1949,
      "location-before-char-end": 1992,
      "location-after-char-start": 1912,
      "location-after-char-end": 1955,
      "node-str": "shutdown"
    },
    {
      "type": "move-subtree",
      "node": {
        "label": "id",
        "type": "Field"
      },
      "location-before-char-start": 1997,
      "location-before-char-end": 2024,
      "location-after-char-start": 1960,
      "location-after-char-end": 1987,
      "node-str": "id"
    },
    {
      "type": "insert-node",
      "node": {
        "label": "nextID",
        "type": "Method"
      },
      "location-after-char-start": 1993,
      "location-after-char-end": 2088,
      "node-str": "nextID"
    },
    {
      "type": "insert-node",
      "node": {
        "label": "\u003cinit\u003e",
        "type": "Constructor"
      },
      "location-after-char-start": 2094,
      "location-after-char-end": 2498,
      "node-str": "\u003cinit\u003e"
    },
    {
      "type": "insert-node",
      "node": {
        "label": "shutdown",
        "type": "Method"
      },
      "location-after-char-start": 2504,
      "location-after-char-end": 3096,
      "node-str": "shutdown"
    },
    {
      "type": "insert-node",
      "node": {
        "label": "evict",
        "type": "Method"
      },
      "location-after-char-start": 3102,
      "location-after-char-end": 3768,
      "node-str": "evict"
    },
    {
      "type": "insert-node",
      "node": {
        "label": "wakeup",
        "type": "Method"
      },
      "location-after-char-start": 3775,
      "location-after-char-end": 4125,
      "node-str": "wakeup"
    },
    {
      "type": "move-subtree",
      "node": {
        "label": "run",
        "type": "Method"
      },
      "location-before-char-start": 3881,
      "location-before-char-end": 5444,
      "location-after-char-start": 4131,
      "location-after-char-end": 5694,
      "node-str": "run"
    },
    {
      "type": "move-subtree",
      "node": {
        "label": "acknowledge",
        "type": "Method"
      },
      "location-before-char-start": 5450,
      "location-before-char-end": 6260,
      "location-after-char-start": 5700,
      "location-after-char-end": 6510,
      "node-str": "acknowledge"
    },
    {
      "type": "move-subtree",
      "node": {
        "label": "processInvocation",
        "type": "Method"
      },
      "location-before-char-start": 6266,
      "location-before-char-end": 7359,
      "location-after-char-start": 6516,
      "location-after-char-end": 7467,
      "node-str": "processInvocation"
    },
    {
      "type": "insert-node",
      "node": {
        "label": "dorun",
        "type": "Method"
      },
      "location-after-char-start": 7473,
      "location-after-char-end": 9342,
      "node-str": "dorun"
    },
    {
      "type": "insert-node",
      "node": {
        "label": "int",
        "type": "RETURN_TYPE"
      },
      "location-after-char-start": 0,
      "location-after-char-end": 0,
      "node-str": "int"
    },
    {
      "type": "insert-node",
      "node": {
        "label": "public",
        "type": "Modifier"
      },
      "location-after-char-start": 0,
      "location-after-char-end": 0,
      "node-str": "public"
    },
    {
      "type": "insert-node",
      "node": {
        "label": "static",
        "type": "Modifier"
      },
      "location-after-char-start": 0,
      "location-after-char-end": 0,
      "node-str": "static"
    },
    {
      "type": "insert-node",
      "node": {
        "label": "synchronized",
        "type": "Modifier"
      },
      "location-after-char-start": 0,
      "location-after-char-end": 0,
      "node-str": "synchronized"
    },
    {
      "type": "insert-node",
      "node": {
        "label": "nextID",
        "type": "LocalVariable"
      },
      "location-after-char-start": 2044,
      "location-after-char-end": 2062,
      "node-str": "nextID"
    },
    {
      "type": "insert-node",
      "node": {
        "label": "return",
        "type": "Return"
      },
      "location-after-char-start": 2070,
      "location-after-char-end": 2083,
      "node-str": "return"
    },
    {
      "type": "insert-node",
      "node": {
        "label": "public",
        "type": "Modifier"
      },
      "location-after-char-start": 0,
      "location-after-char-end": 0,
      "node-str": "public"
    },
    {
      "type": "move-subtree",
      "node": {
        "label": "socket",
        "type": "Parameter"
      },
      "location-before-char-start": 2050,
      "location-before-char-end": 2062,
      "location-after-char-start": 2114,
      "location-after-char-end": 2126,
      "node-str": "socket"
    },
    {
      "type": "move-subtree",
      "node": {
        "label": "invoker",
        "type": "Parameter"
      },
      "location-before-char-start": 2065,
      "location-before-char-end": 2085,
      "location-after-char-start": 2129,
      "location-after-char-end": 2149,
      "node-str": "invoker"
    },
    {
      "type": "move-subtree",
      "node": {
        "label": "clientpool",
        "type": "Parameter"
      },
      "location-before-char-start": 2088,
      "location-before-char-end": 2105,
      "location-after-char-start": 2152,
      "location-after-char-end": 2169,
      "node-str": "clientpool"
    },
    {
      "type": "move-subtree",
      "node": {
        "label": "threadpool",
        "type": "Parameter"
      },
      "location-before-char-start": 2108,
      "location-before-char-end": 2128,
      "location-after-char-start": 2178,
      "location-after-char-end": 2198,
      "node-str": "threadpool"
    },
    {
      "type": "move-subtree",
      "node": {
        "label": "timeout",
        "type": "Parameter"
      },
      "location-before-char-start": 2131,
      "location-before-char-end": 2141,
      "location-after-char-start": 2201,
      "location-after-char-end": 2211,
      "node-str": "timeout"
    },
    {
      "type": "insert-node",
      "node": {
        "label": "\u003cinit\u003e",
        "type": "Invocation"
      },
      "location-after-char-start": 2242,
      "location-after-char-end": 2327,
      "node-str": "\u003cinit\u003e"
    },
    {
      "type": "move-subtree",
      "node": {
        "label": "\u003d",
        "type": "Assignment"
      },
      "location-before-char-start": 2216,
      "location-before-char-end": 2236,
      "location-after-char-start": 2335,
      "location-after-char-end": 2355,
      "node-str": "\u003d"
    },
    {
      "type": "move-subtree",
      "node": {
        "label": "\u003d",
        "type": "Assignment"
      },
      "location-before-char-start": 2244,
      "location-before-char-end": 2266,
      "location-after-char-start": 2363,
      "location-after-char-end": 2385,
      "node-str": "\u003d"
    },
    {
      "type": "move-subtree",
      "node": {
        "label": "\u003d",
        "type": "Assignment"
      },
      "location-before-char-start": 2274,
      "location-before-char-end": 2302,
      "location-after-char-start": 2393,
      "location-after-char-end": 2421,
      "node-str": "\u003d"
    },
    {
      "type": "move-subtree",
      "node": {
        "label": "\u003d",
        "type": "Assignment"
      },
      "location-before-char-start": 2310,
      "location-before-char-end": 2338,
      "location-after-char-start": 2429,
      "location-after-char-end": 2457,
      "node-str": "\u003d"
    },
    {
      "type": "move-subtree",
      "node": {
        "label": "setSoTimeout",
        "type": "Invocation"
      },
      "location-before-char-start": 2346,
      "location-before-char-end": 2374,
      "location-after-char-start": 2465,
      "location-after-char-end": 2493,
      "node-str": "setSoTimeout"
    },
    {
      "type": "insert-node",
      "node": {
        "label": "void",
        "type": "RETURN_TYPE"
      },
      "location-after-char-start": 0,
      "location-after-char-end": 0,
      "node-str": "void"
    },
    {
      "type": "insert-node",
      "node": {
        "label": "public",
        "type": "Modifier"
      },
      "location-after-char-start": 0,
      "location-after-char-end": 0,
      "node-str": "public"
    },
    {
      "type": "move-subtree",
      "node": {
        "label": "\u003d",
        "type": "Assignment"
      },
      "location-before-char-start": 2419,
      "location-before-char-end": 2434,
      "location-after-char-start": 2538,
      "location-after-char-end": 2553,
      "node-str": "\u003d"
    },
    {
      "type": "move-subtree",
      "node": {
        "label": "\u003d",
        "type": "Assignment"
      },
      "location-before-char-start": 2442,
      "location-before-char-end": 2457,
      "location-after-char-start": 2561,
      "location-after-char-end": 2576,
      "node-str": "\u003d"
    },
    {
      "type": "insert-node",
      "node": {
        "label": "if",
        "type": "If"
      },
      "location-after-char-start": 2901,
      "location-after-char-end": 3084,
      "node-str": "if"
    },
    {
      "type": "insert-node",
      "node": {
        "label": "void",
        "type": "RETURN_TYPE"
      },
      "location-after-char-start": 0,
      "location-after-char-end": 0,
      "node-str": "void"
    },
    {
      "type": "insert-node",
      "node": {
        "label": "public",
        "type": "Modifier"
      },
      "location-after-char-start": 0,
      "location-after-char-end": 0,
      "node-str": "public"
    },
    {
      "type": "move-subtree",
      "node": {
        "label": "\u003d",
        "type": "Assignment"
      },
      "location-before-char-start": 3012,
      "location-before-char-end": 3027,
      "location-after-char-start": 3133,
      "location-after-char-end": 3148,
      "node-str": "\u003d"
    },
    {
      "type": "insert-node",
      "node": {
        "label": "if",
        "type": "If"
      },
      "location-after-char-start": 3580,
      "location-after-char-end": 3763,
      "node-str": "if"
    },
    {
      "type": "insert-node",
      "node": {
        "label": "void",
        "type": "RETURN_TYPE"
      },
      "location-after-char-start": 0,
      "location-after-char-end": 0,
      "node-str": "void"
    },
    {
      "type": "insert-node",
      "node": {
        "label": "java.lang.Exception",
        "type": "THROWS"
      },
      "location-after-char-start": 0,
      "location-after-char-end": 0,
      "node-str": "java.lang.Exception"
    },
    {
      "type": "insert-node",
      "node": {
        "label": "public",
        "type": "Modifier"
      },
      "location-after-char-start": 0,
      "location-after-char-end": 0,
      "node-str": "public"
    },
    {
      "type": "insert-node",
      "node": {
        "label": "synchronized",
        "type": "Modifier"
      },
      "location-after-char-start": 0,
      "location-after-char-end": 0,
      "node-str": "synchronized"
    },
    {
      "type": "move-subtree",
      "node": {
        "label": "socket",
        "type": "Parameter"
      },
      "location-before-char-start": 3684,
      "location-before-char-end": 3696,
      "location-after-char-start": 3807,
      "location-after-char-end": 3819,
      "node-str": "socket"
    },
    {
      "type": "move-subtree",
      "node": {
        "label": "timeout",
        "type": "Parameter"
      },
      "location-before-char-start": 3699,
      "location-before-char-end": 3709,
      "location-after-char-start": 3822,
      "location-after-char-end": 3832,
      "node-str": "timeout"
    },
    {
      "type": "move-subtree",
      "node": {
        "label": "\u003d",
        "type": "Assignment"
      },
      "location-before-char-start": 3740,
      "location-before-char-end": 3760,
      "location-after-char-start": 3863,
      "location-after-char-end": 3883,
      "node-str": "\u003d"
    },
    {
      "type": "insert-node",
      "node": {
        "label": "name",
        "type": "LocalVariable"
      },
      "location-after-char-start": 3891,
      "location-after-char-end": 3983,
      "node-str": "name"
    },
    {
      "type": "insert-node",
      "node": {
        "label": "setName",
        "type": "Invocation"
      },
      "location-after-char-start": 3991,
      "location-after-char-end": 4010,
      "node-str": "setName"
    },
    {
      "type": "move-subtree",
      "node": {
        "label": "setSoTimeout",
        "type": "Invocation"
      },
      "location-before-char-start": 3768,
      "location-before-char-end": 3796,
      "location-after-char-start": 4018,
      "location-after-char-end": 4046,
      "node-str": "setSoTimeout"
    },
    {
      "type": "move-subtree",
      "node": {
        "label": "\u003d",
        "type": "Assignment"
      },
      "location-before-char-start": 3804,
      "location-before-char-end": 3818,
      "location-after-char-start": 4054,
      "location-after-char-end": 4068,
      "node-str": "\u003d"
    },
    {
      "type": "move-subtree",
      "node": {
        "label": "\u003d",
        "type": "Assignment"
      },
      "location-before-char-start": 3826,
      "location-before-char-end": 3849,
      "location-after-char-start": 4076,
      "location-after-char-end": 4099,
      "node-str": "\u003d"
    },
    {
      "type": "move-subtree",
      "node": {
        "label": "notify",
        "type": "Invocation"
      },
      "location-before-char-start": 3857,
      "location-before-char-end": 3870,
      "location-after-char-start": 4107,
      "location-after-char-end": 4120,
      "node-str": "notify"
    },
    {
      "type": "insert-node",
      "node": {
        "label": "void",
        "type": "RETURN_TYPE"
      },
      "location-after-char-start": 0,
      "location-after-char-end": 0,
      "node-str": "void"
    },
    {
      "type": "insert-node",
      "node": {
        "label": "protected",
        "type": "Modifier"
      },
      "location-after-char-start": 0,
      "location-after-char-end": 0,
      "node-str": "protected"
    },
    {
      "type": "move-subtree",
      "node": {
        "label": "debug",
        "type": "Invocation"
      },
      "location-before-char-start": 7462,
      "location-before-char-end": 7490,
      "location-after-char-start": 7570,
      "location-after-char-end": 7598,
      "node-str": "debug"
    },
    {
      "type": "move-subtree",
      "node": {
        "label": "\u003d",
        "type": "Assignment"
      },
      "location-before-char-start": 7498,
      "location-before-char-end": 7512,
      "location-after-char-start": 7606,
      "location-after-char-end": 7620,
      "node-str": "\u003d"
    },
    {
      "type": "move-subtree",
      "node": {
        "label": "\u003d",
        "type": "Assignment"
      },
      "location-before-char-start": 7520,
      "location-before-char-end": 7543,
      "location-after-char-start": 7628,
      "location-after-char-end": 7651,
      "node-str": "\u003d"
    },
    {
      "type": "insert-node",
      "node": {
        "label": "",
        "type": "Try"
      },
      "location-after-char-start": 7659,
      "location-after-char-end": 8065,
      "node-str": ""
    },
    {
      "type": "move-subtree",
      "node": {
        "label": "",
        "type": "Try"
      },
      "location-before-char-start": 7952,
      "location-before-char-end": 8069,
      "location-after-char-start": 8141,
      "location-after-char-end": 8258,
      "node-str": ""
    },
    {
      "type": "insert-node",
      "node": {
        "label": "while",
        "type": "While"
      },
      "location-after-char-start": 8288,
      "location-after-char-end": 8869,
      "node-str": "while"
    },
    {
      "type": "move-subtree",
      "node": {
        "label": "",
        "type": "Try"
      },
      "location-before-char-start": 8975,
      "location-before-char-end": 9112,
      "location-after-char-start": 9008,
      "location-after-char-end": 9145,
      "node-str": ""
    },
    {
      "type": "move-subtree",
      "node": {
        "label": "",
        "type": "Try"
      },
      "location-before-char-start": 9120,
      "location-before-char-end": 9248,
      "location-after-char-start": 9153,
      "location-after-char-end": 9281,
      "node-str": ""
    },
    {
      "type": "move-subtree",
      "node": {
        "label": "\u003d",
        "type": "Assignment"
      },
      "location-before-char-start": 9256,
      "location-before-char-end": 9269,
      "location-after-char-start": 9289,
      "location-after-char-end": 9302,
      "node-str": "\u003d"
    },
    {
      "type": "move-subtree",
      "node": {
        "label": "\u003d",
        "type": "Assignment"
      },
      "location-before-char-start": 9277,
      "location-before-char-end": 9286,
      "location-after-char-start": 9310,
      "location-after-char-end": 9319,
      "node-str": "\u003d"
    },
    {
      "type": "move-subtree",
      "node": {
        "label": "\u003d",
        "type": "Assignment"
      },
      "location-before-char-start": 9294,
      "location-before-char-end": 9304,
      "location-after-char-start": 9327,
      "location-after-char-end": 9337,
      "node-str": "\u003d"
    },
    {
      "type": "insert-node",
      "node": {
        "label": "int",
        "type": "VARIABLE_TYPE"
      },
      "location-after-char-start": 0,
      "location-after-char-end": 0,
      "node-str": "int"
    },
    {
      "type": "move-subtree",
      "node": {
        "label": "POSTINC",
        "type": "UnaryOperator"
      },
      "location-before-char-start": 2203,
      "location-before-char-end": 2206,
      "location-after-char-start": 2057,
      "location-after-char-end": 2061,
      "node-str": "POSTINC"
    },
    {
      "type": "insert-node",
      "node": {
        "label": "nextID",
        "type": "VariableRead"
      },
      "location-after-char-start": 2077,
      "location-after-char-end": 2082,
      "node-str": "nextID"
    },
    {
      "type": "insert-node",
      "node": {
        "label": "PLUS",
        "type": "BinaryOperator"
      },
      "location-after-char-start": 2248,
      "location-after-char-end": 2325,
      "node-str": "PLUS"
    },
    {
      "type": "move-subtree",
      "node": {
        "label": "NOT",
        "type": "UnaryOperator"
      },
      "location-before-char-start": 2786,
      "location-before-char-end": 2802,
      "location-after-char-start": 2905,
      "location-after-char-end": 2921,
      "node-str": "NOT"
    },
    {
      "type": "insert-node",
      "node": {
        "label": "THEN",
        "type": "then"
      },
      "location-after-char-start": 2930,
      "location-after-char-end": 3084,
      "node-str": "THEN"
    },
    {
      "type": "move-subtree",
      "node": {
        "label": "NOT",
        "type": "UnaryOperator"
      },
      "location-before-char-start": 3463,
      "location-before-char-end": 3479,
      "location-after-char-start": 3584,
      "location-after-char-end": 3600,
      "node-str": "NOT"
    },
    {
      "type": "insert-node",
      "node": {
        "label": "THEN",
        "type": "then"
      },
      "location-after-char-start": 3609,
      "location-after-char-end": 3763,
      "node-str": "THEN"
    },
    {
      "type": "insert-node",
      "node": {
        "label": "java.lang.String",
        "type": "VARIABLE_TYPE"
      },
      "location-after-char-start": 0,
      "location-after-char-end": 0,
      "node-str": "java.lang.String"
    },
    {
      "type": "insert-node",
      "node": {
        "label": "PLUS",
        "type": "BinaryOperator"
      },
      "location-after-char-start": 3905,
      "location-after-char-end": 3982,
      "node-str": "PLUS"
    },
    {
      "type": "insert-node",
      "node": {
        "label": "super",
        "type": "SuperAccess"
      },
      "location-after-char-start": 3991,
      "location-after-char-end": 3995,
      "node-str": "super"
    },
    {
      "type": "insert-node",
      "node": {
        "label": "name",
        "type": "VariableRead"
      },
      "location-after-char-start": 4005,
      "location-after-char-end": 4008,
      "node-str": "name"
    },
    {
      "type": "insert-node",
      "node": {
        "label": "bos",
        "type": "LocalVariable"
      },
      "location-after-char-start": 7680,
      "location-after-char-end": 7757,
      "node-str": "bos"
    },
    {
      "type": "insert-node",
      "node": {
        "label": "\u003d",
        "type": "Assignment"
      },
      "location-after-char-start": 7768,
      "location-after-char-end": 7810,
      "node-str": "\u003d"
    },
    {
      "type": "move-subtree",
      "node": {
        "label": "flush",
        "type": "Invocation"
      },
      "location-before-char-start": 7672,
      "location-before-char-end": 7683,
      "location-after-char-start": 7821,
      "location-after-char-end": 7832,
      "node-str": "flush"
    },
    {
      "type": "insert-node",
      "node": {
        "label": "bis",
        "type": "LocalVariable"
      },
      "location-after-char-start": 7843,
      "location-after-char-end": 7917,
      "node-str": "bis"
    },
    {
      "type": "insert-node",
      "node": {
        "label": "\u003d",
        "type": "Assignment"
      },
      "location-after-char-start": 7928,
      "location-after-char-end": 7968,
      "node-str": "\u003d"
    },
    {
      "type": "move-subtree",
      "node": {
        "label": "",
        "type": "Catch"
      },
      "location-before-char-start": 7788,
      "location-before-char-end": 7876,
      "location-after-char-start": 7977,
      "location-after-char-end": 8065,
      "node-str": ""
    },
    {
      "type": "move-subtree",
      "node": {
        "label": "running",
        "type": "FieldRead"
      },
      "location-before-char-start": 8162,
      "location-before-char-end": 8168,
      "location-after-char-start": 8295,
      "location-after-char-end": 8301,
      "node-str": "running"
    },
    {
      "type": "insert-node",
      "node": {
        "label": "",
        "type": "Try"
      },
      "location-after-char-start": 8321,
      "location-after-char-end": 8765,
      "node-str": ""
    },
    {
      "type": "move-subtree",
      "node": {
        "label": "interrupted",
        "type": "Invocation"
      },
      "location-before-char-start": 8752,
      "location-before-char-end": 8772,
      "location-after-char-start": 8841,
      "location-after-char-end": 8861,
      "node-str": "interrupted"
    },
    {
      "type": "insert-node",
      "node": {
        "label": "PLUS",
        "type": "BinaryOperator"
      },
      "location-after-char-start": 2248,
      "location-after-char-end": 2316,
      "node-str": "PLUS"
    },
    {
      "type": "insert-node",
      "node": {
        "label": "nextID",
        "type": "Invocation"
      },
      "location-after-char-start": 2318,
      "location-after-char-end": 2325,
      "node-str": "nextID"
    },
    {
      "type": "insert-node",
      "node": {
        "label": "",
        "type": "Try"
      },
      "location-after-char-start": 2941,
      "location-after-char-end": 3076,
      "node-str": ""
    },
    {
      "type": "insert-node",
      "node": {
        "label": "",
        "type": "Try"
      },
      "location-after-char-start": 3620,
      "location-after-char-end": 3755,
      "node-str": ""
    },
    {
      "type": "insert-node",
      "node": {
        "label": "PLUS",
        "type": "BinaryOperator"
      },
      "location-after-char-start": 3905,
      "location-after-char-end": 3973,
      "node-str": "PLUS"
    },
    {
      "type": "insert-node",
      "node": {
        "label": "nextID",
        "type": "Invocation"
      },
      "location-after-char-start": 3975,
      "location-after-char-end": 3982,
      "node-str": "nextID"
    },
    {
      "type": "insert-node",
      "node": {
        "label": "java.io.BufferedOutputStream",
        "type": "VARIABLE_TYPE"
      },
      "location-after-char-start": 0,
      "location-after-char-end": 0,
      "node-str": "java.io.BufferedOutputStream"
    },
    {
      "type": "move-subtree",
      "node": {
        "label": "java.io.BufferedOutputStream(java.io.OutputStream)",
        "type": "ConstructorCall"
      },
      "location-before-char-start": 7610,
      "location-before-char-end": 7659,
      "location-after-char-start": 7707,
      "location-after-char-end": 7756,
      "node-str": "java.io.BufferedOutputStream(java.io.OutputStream)"
    },
    {
      "type": "move-subtree",
      "node": {
        "label": "out",
        "type": "FieldWrite"
      },
      "location-before-char-start": 7572,
      "location-before-char-end": 7574,
      "location-after-char-start": 7768,
      "location-after-char-end": 7770,
      "node-str": "out"
    },
    {
      "type": "insert-node",
      "node": {
        "label": "org.jboss.invocation.pooled.interfaces.OptimizedObjectOutputStream(java.io.BufferedOutputStream)",
        "type": "ConstructorCall"
      },
      "location-after-char-start": 7774,
      "location-after-char-end": 7809,
      "node-str": "org.jboss.invocation.pooled.interfaces.OptimizedObjectOutputStream(java.io.BufferedOutputStream)"
    },
    {
      "type": "insert-node",
      "node": {
        "label": "java.io.BufferedInputStream",
        "type": "VARIABLE_TYPE"
      },
      "location-after-char-start": 0,
      "location-after-char-end": 0,
      "node-str": "java.io.BufferedInputStream"
    },
    {
      "type": "move-subtree",
      "node": {
        "label": "java.io.BufferedInputStream(java.io.InputStream)",
        "type": "ConstructorCall"
      },
      "location-before-char-start": 7730,
      "location-before-char-end": 7777,
      "location-after-char-start": 7869,
      "location-after-char-end": 7916,
      "node-str": "java.io.BufferedInputStream(java.io.InputStream)"
    },
    {
      "type": "move-subtree",
      "node": {
        "label": "in",
        "type": "FieldWrite"
      },
      "location-before-char-start": 7694,
      "location-before-char-end": 7695,
      "location-after-char-start": 7928,
      "location-after-char-end": 7929,
      "node-str": "in"
    },
    {
      "type": "insert-node",
      "node": {
        "label": "org.jboss.invocation.pooled.interfaces.OptimizedObjectInputStream(java.io.BufferedInputStream)",
        "type": "ConstructorCall"
      },
      "location-after-char-start": 7933,
      "location-after-char-end": 7967,
      "node-str": "org.jboss.invocation.pooled.interfaces.OptimizedObjectInputStream(java.io.BufferedInputStream)"
    },
    {
      "type": "move-subtree",
      "node": {
        "label": "acknowledge",
        "type": "Invocation"
      },
      "location-before-char-start": 8215,
      "location-before-char-end": 8228,
      "location-after-char-start": 8348,
      "location-after-char-end": 8361,
      "node-str": "acknowledge"
    },
    {
      "type": "move-subtree",
      "node": {
        "label": "processInvocation",
        "type": "Invocation"
      },
      "location-before-char-start": 8242,
      "location-before-char-end": 8261,
      "location-after-char-start": 8375,
      "location-after-char-end": 8394,
      "node-str": "processInvocation"
    },
    {
      "type": "insert-node",
      "node": {
        "label": "",
        "type": "Catch"
      },
      "location-after-char-start": 8406,
      "location-after-char-end": 8544,
      "node-str": ""
    },
    {
      "type": "insert-node",
      "node": {
        "label": "",
        "type": "Catch"
      },
      "location-after-char-start": 8545,
      "location-after-char-end": 8647,
      "node-str": ""
    },
    {
      "type": "insert-node",
      "node": {
        "label": "",
        "type": "Catch"
      },
      "location-after-char-start": 8648,
      "location-after-char-end": 8765,
      "node-str": ""
    },
    {
      "type": "insert-node",
      "node": {
        "label": "PLUS",
        "type": "BinaryOperator"
      },
      "location-after-char-start": 2248,
      "location-after-char-end": 2312,
      "node-str": "PLUS"
    },
    {
      "type": "insert-node",
      "node": {
        "label": "\"-\"",
        "type": "Literal"
      },
      "location-after-char-start": 2314,
      "location-after-char-end": 2316,
      "node-str": "\"-\""
    },
    {
      "type": "move-subtree",
      "node": {
        "label": "interrupt",
        "type": "Invocation"
      },
      "location-before-char-start": 2849,
      "location-before-char-end": 2865,
      "location-after-char-start": 2968,
      "location-after-char-end": 2984,
      "node-str": "interrupt"
    },
    {
      "type": "insert-node",
      "node": {
        "label": "interrupted",
        "type": "Invocation"
      },
      "location-after-char-start": 2998,
      "location-after-char-end": 3018,
      "node-str": "interrupted"
    },
    {
      "type": "move-subtree",
      "node": {
        "label": "",
        "type": "Catch"
      },
      "location-before-char-start": 2918,
      "location-before-char-end": 2955,
      "location-after-char-start": 3039,
      "location-after-char-end": 3076,
      "node-str": ""
    },
    {
      "type": "move-subtree",
      "node": {
        "label": "interrupt",
        "type": "Invocation"
      },
      "location-before-char-start": 3526,
      "location-before-char-end": 3542,
      "location-after-char-start": 3647,
      "location-after-char-end": 3663,
      "node-str": "interrupt"
    },
    {
      "type": "insert-node",
      "node": {
        "label": "interrupted",
        "type": "Invocation"
      },
      "location-after-char-start": 3677,
      "location-after-char-end": 3697,
      "node-str": "interrupted"
    },
    {
      "type": "move-subtree",
      "node": {
        "label": "",
        "type": "Catch"
      },
      "location-before-char-start": 3595,
      "location-before-char-end": 3632,
      "location-after-char-start": 3718,
      "location-after-char-end": 3755,
      "node-str": ""
    },
    {
      "type": "insert-node",
      "node": {
        "label": "PLUS",
        "type": "BinaryOperator"
      },
      "location-after-char-start": 3905,
      "location-after-char-end": 3969,
      "node-str": "PLUS"
    },
    {
      "type": "insert-node",
      "node": {
        "label": "\"-\"",
        "type": "Literal"
      },
      "location-after-char-start": 3971,
      "location-after-char-end": 3973,
      "node-str": "\"-\""
    },
    {
      "type": "insert-node",
      "node": {
        "label": "bos",
        "type": "VariableRead"
      },
      "location-after-char-start": 7806,
      "location-after-char-end": 7808,
      "node-str": "bos"
    },
    {
      "type": "insert-node",
      "node": {
        "label": "bis",
        "type": "VariableRead"
      },
      "location-after-char-start": 7964,
      "location-after-char-end": 7966,
      "node-str": "bis"
    },
    {
      "type": "insert-node",
      "node": {
        "label": "e",
        "type": "CatchVariable"
      },
      "location-after-char-start": 8423,
      "location-after-char-end": 8446,
      "node-str": "e"
    },
    {
      "type": "insert-node",
      "node": {
        "label": "debug",
        "type": "Invocation"
      },
      "location-after-char-start": 8472,
      "location-after-char-end": 8504,
      "node-str": "debug"
    },
    {
      "type": "move-subtree",
      "node": {
        "label": "\u003d",
        "type": "Assignment"
      },
      "location-before-char-start": 8438,
      "location-before-char-end": 8453,
      "location-after-char-start": 8518,
      "location-after-char-end": 8533,
      "node-str": "\u003d"
    },
    {
      "type": "insert-node",
      "node": {
        "label": "e",
        "type": "CatchVariable"
      },
      "location-after-char-start": 8562,
      "location-after-char-end": 8583,
      "node-str": "e"
    },
    {
      "type": "insert-node",
      "node": {
        "label": "debug",
        "type": "Invocation"
      },
      "location-after-char-start": 8609,
      "location-after-char-end": 8636,
      "node-str": "debug"
    },
    {
      "type": "move-subtree",
      "node": {
        "label": "ex",
        "type": "CatchVariable"
      },
      "location-before-char-start": 8585,
      "location-before-char-end": 8596,
      "location-after-char-start": 8665,
      "location-after-char-end": 8676,
      "node-str": "ex"
    },
    {
      "type": "insert-node",
      "node": {
        "label": "debug",
        "type": "Invocation"
      },
      "location-after-char-start": 8702,
      "location-after-char-end": 8725,
      "node-str": "debug"
    },
    {
      "type": "move-subtree",
      "node": {
        "label": "\u003d",
        "type": "Assignment"
      },
      "location-before-char-start": 8715,
      "location-before-char-end": 8730,
      "location-after-char-start": 8739,
      "location-after-char-end": 8754,
      "node-str": "\u003d"
    },
    {
      "type": "insert-node",
      "node": {
        "label": "\"PooledInvokerThread-\"",
        "type": "Literal"
      },
      "location-after-char-start": 2248,
      "location-after-char-end": 2269,
      "node-str": "\"PooledInvokerThread-\""
    },
    {
      "type": "insert-node",
      "node": {
        "label": "getHostAddress",
        "type": "Invocation"
      },
      "location-after-char-start": 2273,
      "location-after-char-end": 2312,
      "node-str": "getHostAddress"
    },
    {
      "type": "insert-node",
      "node": {
        "label": "java.lang.Thread",
        "type": "TypeAccess"
      },
      "location-after-char-start": 2998,
      "location-after-char-end": 3003,
      "node-str": "java.lang.Thread"
    },
    {
      "type": "insert-node",
      "node": {
        "label": "java.lang.Thread",
        "type": "TypeAccess"
      },
      "location-after-char-start": 3677,
      "location-after-char-end": 3682,
      "node-str": "java.lang.Thread"
    },
    {
      "type": "insert-node",
      "node": {
        "label": "\"PooledInvokerThread-\"",
        "type": "Literal"
      },
      "location-after-char-start": 3905,
      "location-after-char-end": 3926,
      "node-str": "\"PooledInvokerThread-\""
    },
    {
      "type": "insert-node",
      "node": {
        "label": "getHostAddress",
        "type": "Invocation"
      },
      "location-after-char-start": 3930,
      "location-after-char-end": 3969,
      "node-str": "getHostAddress"
    },
    {
      "type": "insert-node",
      "node": {
        "label": "java.io.InterruptedIOException",
        "type": "VARIABLE_TYPE"
      },
      "location-after-char-start": 0,
      "location-after-char-end": 0,
      "node-str": "java.io.InterruptedIOException"
    },
    {
      "type": "insert-node",
      "node": {
        "label": "log",
        "type": "FieldRead"
      },
      "location-after-char-start": 8472,
      "location-after-char-end": 8474,
      "node-str": "log"
    },
    {
      "type": "insert-node",
      "node": {
        "label": "\"socket timed out\"",
        "type": "Literal"
      },
      "location-after-char-start": 8482,
      "location-after-char-end": 8499,
      "node-str": "\"socket timed out\""
    },
    {
      "type": "insert-node",
      "node": {
        "label": "e",
        "type": "VariableRead"
      },
      "location-after-char-start": 8502,
      "location-after-char-end": 8502,
      "node-str": "e"
    },
    {
      "type": "insert-node",
      "node": {
        "label": "java.lang.InterruptedException",
        "type": "VARIABLE_TYPE"
      },
      "location-after-char-start": 0,
      "location-after-char-end": 0,
      "node-str": "java.lang.InterruptedException"
    },
    {
      "type": "insert-node",
      "node": {
        "label": "log",
        "type": "FieldRead"
      },
      "location-after-char-start": 8609,
      "location-after-char-end": 8611,
      "node-str": "log"
    },
    {
      "type": "insert-node",
      "node": {
        "label": "\"interrupted\"",
        "type": "Literal"
      },
      "location-after-char-start": 8619,
      "location-after-char-end": 8631,
      "node-str": "\"interrupted\""
    },
    {
      "type": "insert-node",
      "node": {
        "label": "e",
        "type": "VariableRead"
      },
      "location-after-char-start": 8634,
      "location-after-char-end": 8634,
      "node-str": "e"
    },
    {
      "type": "insert-node",
      "node": {
        "label": "log",
        "type": "FieldRead"
      },
      "location-after-char-start": 8702,
      "location-after-char-end": 8704,
      "node-str": "log"
    },
    {
      "type": "insert-node",
      "node": {
        "label": "\"failed\"",
        "type": "Literal"
      },
      "location-after-char-start": 8712,
      "location-after-char-end": 8719,
      "node-str": "\"failed\""
    },
    {
      "type": "insert-node",
      "node": {
        "label": "ex",
        "type": "VariableRead"
      },
      "location-after-char-start": 8722,
      "location-after-char-end": 8723,
      "node-str": "ex"
    },
    {
      "type": "insert-node",
      "node": {
        "label": "getInetAddress",
        "type": "Invocation"
      },
      "location-after-char-start": 2273,
      "location-after-char-end": 2295,
      "node-str": "getInetAddress"
    },
    {
      "type": "insert-node",
      "node": {
        "label": "getInetAddress",
        "type": "Invocation"
      },
      "location-after-char-start": 3930,
      "location-after-char-end": 3952,
      "node-str": "getInetAddress"
    },
    {
      "type": "insert-node",
      "node": {
        "label": "socket",
        "type": "VariableRead"
      },
      "location-after-char-start": 2273,
      "location-after-char-end": 2278,
      "node-str": "socket"
    },
    {
      "type": "insert-node",
      "node": {
        "label": "socket",
        "type": "VariableRead"
      },
      "location-after-char-start": 3930,
      "location-after-char-end": 3935,
      "node-str": "socket"
    },
    {
      "type": "delete-node",
      "node": {
        "label": "org.jboss.util.ProfilerPoint",
        "type": "TypeAccess"
      },
      "location-before-char-start": 6575,
      "location-before-char-end": 6587,
      "node-str": "org.jboss.util.ProfilerPoint"
    },
    {
      "type": "delete-node",
      "node": {
        "label": "start",
        "type": "Invocation"
      },
      "location-before-char-start": 6575,
      "location-before-char-end": 6596,
      "node-str": "start"
    },
    {
      "type": "delete-node",
      "node": {
        "label": "public",
        "type": "Modifier"
      },
      "location-before-char-start": 0,
      "location-before-char-end": 0,
      "node-str": "public"
    },
    {
      "type": "delete-node",
      "node": {
        "label": "public",
        "type": "Modifier"
      },
      "location-before-char-start": 0,
      "location-before-char-end": 0,
      "node-str": "public"
    },
    {
      "type": "delete-node",
      "node": {
        "label": "\"PooledInvokerThread-\"",
        "type": "Literal"
      },
      "location-before-char-start": 2178,
      "location-before-char-end": 2199,
      "node-str": "\"PooledInvokerThread-\""
    },
    {
      "type": "delete-node",
      "node": {
        "label": "PLUS",
        "type": "BinaryOperator"
      },
      "location-before-char-start": 2178,
      "location-before-char-end": 2206,
      "node-str": "PLUS"
    },
    {
      "type": "delete-node",
      "node": {
        "label": "\u003cinit\u003e",
        "type": "Invocation"
      },
      "location-before-char-start": 2172,
      "location-before-char-end": 2208,
      "node-str": "\u003cinit\u003e"
    },
    {
      "type": "delete-node",
      "node": {
        "label": "\u003cinit\u003e",
        "type": "Constructor"
      },
      "location-before-char-start": 2030,
      "location-before-char-end": 2379,
      "node-str": "\u003cinit\u003e"
    },
    {
      "type": "delete-node",
      "node": {
        "label": "void",
        "type": "RETURN_TYPE"
      },
      "location-before-char-start": 0,
      "location-before-char-end": 0,
      "node-str": "void"
    },
    {
      "type": "delete-node",
      "node": {
        "label": "public",
        "type": "Modifier"
      },
      "location-before-char-start": 0,
      "location-before-char-end": 0,
      "node-str": "public"
    },
    {
      "type": "delete-node",
      "node": {
        "label": "org.jboss.invocation.pooled.server.ServerThread",
        "type": "TypeAccess"
      },
      "location-before-char-start": 0,
      "location-before-char-end": 0,
      "node-str": "org.jboss.invocation.pooled.server.ServerThread"
    },
    {
      "type": "delete-node",
      "node": {
        "label": "this",
        "type": "ThisAccess"
      },
      "location-before-char-start": 2879,
      "location-before-char-end": 2882,
      "node-str": "this"
    },
    {
      "type": "delete-node",
      "node": {
        "label": "interrupted",
        "type": "Invocation"
      },
      "location-before-char-start": 2879,
      "location-before-char-end": 2897,
      "node-str": "interrupted"
    },
    {
      "type": "delete-node",
      "node": {
        "label": "",
        "type": "Try"
      },
      "location-before-char-start": 2822,
      "location-before-char-end": 2955,
      "node-str": ""
    },
    {
      "type": "delete-node",
      "node": {
        "label": "THEN",
        "type": "then"
      },
      "location-before-char-start": 2811,
      "location-before-char-end": 2963,
      "node-str": "THEN"
    },
    {
      "type": "delete-node",
      "node": {
        "label": "if",
        "type": "If"
      },
      "location-before-char-start": 2782,
      "location-before-char-end": 2963,
      "node-str": "if"
    },
    {
      "type": "delete-node",
      "node": {
        "label": "shutdown",
        "type": "Method"
      },
      "location-before-char-start": 2385,
      "location-before-char-end": 2975,
      "node-str": "shutdown"
    },
    {
      "type": "delete-node",
      "node": {
        "label": "void",
        "type": "RETURN_TYPE"
      },
      "location-before-char-start": 0,
      "location-before-char-end": 0,
      "node-str": "void"
    },
    {
      "type": "delete-node",
      "node": {
        "label": "public",
        "type": "Modifier"
      },
      "location-before-char-start": 0,
      "location-before-char-end": 0,
      "node-str": "public"
    },
    {
      "type": "delete-node",
      "node": {
        "label": "org.jboss.invocation.pooled.server.ServerThread",
        "type": "TypeAccess"
      },
      "location-before-char-start": 0,
      "location-before-char-end": 0,
      "node-str": "org.jboss.invocation.pooled.server.ServerThread"
    },
    {
      "type": "delete-node",
      "node": {
        "label": "this",
        "type": "ThisAccess"
      },
      "location-before-char-start": 3556,
      "location-before-char-end": 3559,
      "node-str": "this"
    },
    {
      "type": "delete-node",
      "node": {
        "label": "interrupted",
        "type": "Invocation"
      },
      "location-before-char-start": 3556,
      "location-before-char-end": 3574,
      "node-str": "interrupted"
    },
    {
      "type": "delete-node",
      "node": {
        "label": "",
        "type": "Try"
      },
      "location-before-char-start": 3499,
      "location-before-char-end": 3632,
      "node-str": ""
    },
    {
      "type": "delete-node",
      "node": {
        "label": "THEN",
        "type": "then"
      },
      "location-before-char-start": 3488,
      "location-before-char-end": 3640,
      "node-str": "THEN"
    },
    {
      "type": "delete-node",
      "node": {
        "label": "if",
        "type": "If"
      },
      "location-before-char-start": 3459,
      "location-before-char-end": 3640,
      "node-str": "if"
    },
    {
      "type": "delete-node",
      "node": {
        "label": "evict",
        "type": "Method"
      },
      "location-before-char-start": 2981,
      "location-before-char-end": 3645,
      "node-str": "evict"
    },
    {
      "type": "delete-node",
      "node": {
        "label": "void",
        "type": "RETURN_TYPE"
      },
      "location-before-char-start": 0,
      "location-before-char-end": 0,
      "node-str": "void"
    },
    {
      "type": "delete-node",
      "node": {
        "label": "java.lang.Exception",
        "type": "THROWS"
      },
      "location-before-char-start": 0,
      "location-before-char-end": 0,
      "node-str": "java.lang.Exception"
    },
    {
      "type": "delete-node",
      "node": {
        "label": "public",
        "type": "Modifier"
      },
      "location-before-char-start": 0,
      "location-before-char-end": 0,
      "node-str": "public"
    },
    {
      "type": "delete-node",
      "node": {
        "label": "synchronized",
        "type": "Modifier"
      },
      "location-before-char-start": 0,
      "location-before-char-end": 0,
      "node-str": "synchronized"
    },
    {
      "type": "delete-node",
      "node": {
        "label": "wakeup",
        "type": "Method"
      },
      "location-before-char-start": 3652,
      "location-before-char-end": 3875,
      "node-str": "wakeup"
    },
    {
      "type": "delete-node",
      "node": {
        "label": "void",
        "type": "RETURN_TYPE"
      },
      "location-before-char-start": 0,
      "location-before-char-end": 0,
      "node-str": "void"
    },
    {
      "type": "delete-node",
      "node": {
        "label": "protected",
        "type": "Modifier"
      },
      "location-before-char-start": 0,
      "location-before-char-end": 0,
      "node-str": "protected"
    },
    {
      "type": "delete-node",
      "node": {
        "label": "org.jboss.invocation.pooled.interfaces.OptimizedObjectOutputStream(java.io.BufferedOutputStream)",
        "type": "ConstructorCall"
      },
      "location-before-char-start": 7578,
      "location-before-char-end": 7660,
      "node-str": "org.jboss.invocation.pooled.interfaces.OptimizedObjectOutputStream(java.io.BufferedOutputStream)"
    },
    {
      "type": "delete-node",
      "node": {
        "label": "\u003d",
        "type": "Assignment"
      },
      "location-before-char-start": 7572,
      "location-before-char-end": 7661,
      "node-str": "\u003d"
    },
    {
      "type": "delete-node",
      "node": {
        "label": "org.jboss.invocation.pooled.interfaces.OptimizedObjectInputStream(java.io.BufferedInputStream)",
        "type": "ConstructorCall"
      },
      "location-before-char-start": 7699,
      "location-before-char-end": 7778,
      "node-str": "org.jboss.invocation.pooled.interfaces.OptimizedObjectInputStream(java.io.BufferedInputStream)"
    },
    {
      "type": "delete-node",
      "node": {
        "label": "\u003d",
        "type": "Assignment"
      },
      "location-before-char-start": 7694,
      "location-before-char-end": 7779,
      "node-str": "\u003d"
    },
    {
      "type": "delete-node",
      "node": {
        "label": "",
        "type": "Try"
      },
      "location-before-char-start": 7551,
      "location-before-char-end": 7876,
      "node-str": ""
    },
    {
      "type": "delete-node",
      "node": {
        "label": "java.io.InterruptedIOException",
        "type": "VARIABLE_TYPE"
      },
      "location-before-char-start": 0,
      "location-before-char-end": 0,
      "node-str": "java.io.InterruptedIOException"
    },
    {
      "type": "delete-node",
      "node": {
        "label": "iex",
        "type": "CatchVariable"
      },
      "location-before-char-start": 8290,
      "location-before-char-end": 8315,
      "node-str": "iex"
    },
    {
      "type": "delete-node",
      "node": {
        "label": "log",
        "type": "FieldRead"
      },
      "location-before-char-start": 8395,
      "location-before-char-end": 8397,
      "node-str": "log"
    },
    {
      "type": "delete-node",
      "node": {
        "label": "\"socket timed out\"",
        "type": "Literal"
      },
      "location-before-char-start": 8405,
      "location-before-char-end": 8422,
      "node-str": "\"socket timed out\""
    },
    {
      "type": "delete-node",
      "node": {
        "label": "debug",
        "type": "Invocation"
      },
      "location-before-char-start": 8395,
      "location-before-char-end": 8424,
      "node-str": "debug"
    },
    {
      "type": "delete-node",
      "node": {
        "label": "",
        "type": "Catch"
      },
      "location-before-char-start": 8273,
      "location-before-char-end": 8464,
      "node-str": ""
    },
    {
      "type": "delete-node",
      "node": {
        "label": "java.lang.InterruptedException",
        "type": "VARIABLE_TYPE"
      },
      "location-before-char-start": 0,
      "location-before-char-end": 0,
      "node-str": "java.lang.InterruptedException"
    },
    {
      "type": "delete-node",
      "node": {
        "label": "intr",
        "type": "CatchVariable"
      },
      "location-before-char-start": 8482,
      "location-before-char-end": 8506,
      "node-str": "intr"
    },
    {
      "type": "delete-node",
      "node": {
        "label": "log",
        "type": "FieldRead"
      },
      "location-before-char-start": 8532,
      "location-before-char-end": 8534,
      "node-str": "log"
    },
    {
      "type": "delete-node",
      "node": {
        "label": "\"interrupted\"",
        "type": "Literal"
      },
      "location-before-char-start": 8542,
      "location-before-char-end": 8554,
      "node-str": "\"interrupted\""
    },
    {
      "type": "delete-node",
      "node": {
        "label": "debug",
        "type": "Invocation"
      },
      "location-before-char-start": 8532,
      "location-before-char-end": 8556,
      "node-str": "debug"
    },
    {
      "type": "delete-node",
      "node": {
        "label": "",
        "type": "Catch"
      },
      "location-before-char-start": 8465,
      "location-before-char-end": 8567,
      "node-str": ""
    },
    {
      "type": "delete-node",
      "node": {
        "label": "",
        "type": "Catch"
      },
      "location-before-char-start": 8568,
      "location-before-char-end": 8741,
      "node-str": ""
    },
    {
      "type": "delete-node",
      "node": {
        "label": "",
        "type": "Try"
      },
      "location-before-char-start": 8188,
      "location-before-char-end": 8741,
      "node-str": ""
    },
    {
      "type": "delete-node",
      "node": {
        "label": "while",
        "type": "While"
      },
      "location-before-char-start": 8155,
      "location-before-char-end": 8836,
      "node-str": "while"
    },
    {
      "type": "delete-node",
      "node": {
        "label": "dorun",
        "type": "Method"
      },
      "location-before-char-start": 7365,
      "location-before-char-end": 9309,
      "node-str": "dorun"
    },
    {
      "type": "delete-node",
      "node": {
        "label": "ServerThread",
        "type": "Class"
      },
      "location-before-char-start": 870,
      "location-before-char-end": 9311,
      "node-str": "ServerThread"
    }
  ],
  "before-file": {},
  "after-file": {},
  "mapping": {}
}