{
  "tool-info": {},
  "diff": [
    {
      "type": "insert-node",
      "node": {
        "label": "public",
        "type": "Modifier"
      },
      "location-after-char-start": 0,
      "location-after-char-end": 0,
      "node-str": "public"
    },
    {
      "type": "insert-node",
      "node": {
        "label": "model",
        "type": "Field"
      },
      "location-after-char-start": 2440,
      "location-after-char-end": 2467,
      "node-str": "model"
    },
    {
      "type": "insert-node",
      "node": {
        "label": "accountUid",
        "type": "Field"
      },
      "location-after-char-start": 2471,
      "location-after-char-end": 2493,
      "node-str": "accountUid"
    },
    {
      "type": "insert-node",
      "node": {
        "label": "org.columba.mail.gui.composer.ComposerModel",
        "type": "VARIABLE_TYPE"
      },
      "location-after-char-start": 0,
      "location-after-char-end": 0,
      "node-str": "org.columba.mail.gui.composer.ComposerModel"
    },
    {
      "type": "insert-node",
      "node": {
        "label": "int",
        "type": "VARIABLE_TYPE"
      },
      "location-after-char-start": 0,
      "location-after-char-end": 0,
      "node-str": "int"
    },
    {
      "type": "insert-node",
      "node": {
        "label": "org.columba.ristretto.message.StreamableMimePart",
        "type": "RETURN_TYPE"
      },
      "location-after-char-start": 0,
      "location-after-char-end": 0,
      "node-str": "org.columba.ristretto.message.StreamableMimePart"
    },
    {
      "type": "insert-node",
      "node": {
        "label": "buf",
        "type": "LocalVariable"
      },
      "location-after-char-start": 8213,
      "location-after-char-end": 8250,
      "node-str": "buf"
    },
    {
      "type": "insert-node",
      "node": {
        "label": "lcase",
        "type": "LocalVariable"
      },
      "location-after-char-start": 8449,
      "location-after-char-end": 8482,
      "node-str": "lcase"
    },
    {
      "type": "insert-node",
      "node": {
        "label": "bodyStart",
        "type": "LocalVariable"
      },
      "location-after-char-start": 8952,
      "location-after-char-end": 8965,
      "node-str": "bodyStart"
    },
    {
      "type": "insert-node",
      "node": {
        "label": "identity",
        "type": "LocalVariable"
      },
      "location-after-char-start": 9682,
      "location-after-char-end": 9720,
      "node-str": "identity"
    },
    {
      "type": "insert-node",
      "node": {
        "label": "signatureFile",
        "type": "LocalVariable"
      },
      "location-after-char-start": 9724,
      "location-after-char-end": 9768,
      "node-str": "signatureFile"
    },
    {
      "type": "insert-node",
      "node": {
        "label": "\u003d",
        "type": "Assignment"
      },
      "location-after-char-start": 10143,
      "location-after-char-end": 10164,
      "node-str": "\u003d"
    },
    {
      "type": "insert-node",
      "node": {
        "label": "setBody",
        "type": "Invocation"
      },
      "location-after-char-start": 10736,
      "location-after-char-end": 10782,
      "node-str": "setBody"
    },
    {
      "type": "insert-node",
      "node": {
        "label": "return",
        "type": "Return"
      },
      "location-after-char-start": 10787,
      "location-after-char-end": 10802,
      "node-str": "return"
    },
    {
      "type": "insert-node",
      "node": {
        "label": "org.columba.ristretto.message.StreamableMimePart",
        "type": "RETURN_TYPE"
      },
      "location-after-char-start": 0,
      "location-after-char-end": 0,
      "node-str": "org.columba.ristretto.message.StreamableMimePart"
    },
    {
      "type": "insert-node",
      "node": {
        "label": "identity",
        "type": "LocalVariable"
      },
      "location-after-char-start": 11778,
      "location-after-char-end": 11816,
      "node-str": "identity"
    },
    {
      "type": "insert-node",
      "node": {
        "label": "signatureFile",
        "type": "LocalVariable"
      },
      "location-after-char-start": 11820,
      "location-after-char-end": 11864,
      "node-str": "signatureFile"
    },
    {
      "type": "insert-node",
      "node": {
        "label": "setBody",
        "type": "Invocation"
      },
      "location-after-char-start": 12604,
      "location-after-char-end": 12650,
      "node-str": "setBody"
    },
    {
      "type": "insert-node",
      "node": {
        "label": "return",
        "type": "Return"
      },
      "location-after-char-start": 12655,
      "location-after-char-end": 12670,
      "node-str": "return"
    },
    {
      "type": "insert-node",
      "node": {
        "label": "java.lang.StringBuffer",
        "type": "VARIABLE_TYPE"
      },
      "location-after-char-start": 0,
      "location-after-char-end": 0,
      "node-str": "java.lang.StringBuffer"
    },
    {
      "type": "insert-node",
      "node": {
        "label": "java.lang.StringBuffer()",
        "type": "ConstructorCall"
      },
      "location-after-char-start": 8232,
      "location-after-char-end": 8249,
      "node-str": "java.lang.StringBuffer()"
    },
    {
      "type": "insert-node",
      "node": {
        "label": "java.lang.String",
        "type": "VARIABLE_TYPE"
      },
      "location-after-char-start": 0,
      "location-after-char-end": 0,
      "node-str": "java.lang.String"
    },
    {
      "type": "insert-node",
      "node": {
        "label": "toLowerCase",
        "type": "Invocation"
      },
      "location-after-char-start": 8464,
      "location-after-char-end": 8481,
      "node-str": "toLowerCase"
    },
    {
      "type": "insert-node",
      "node": {
        "label": "int",
        "type": "VARIABLE_TYPE"
      },
      "location-after-char-start": 0,
      "location-after-char-end": 0,
      "node-str": "int"
    },
    {
      "type": "insert-node",
      "node": {
        "label": "org.columba.mail.config.Identity",
        "type": "VARIABLE_TYPE"
      },
      "location-after-char-start": 0,
      "location-after-char-end": 0,
      "node-str": "org.columba.mail.config.Identity"
    },
    {
      "type": "insert-node",
      "node": {
        "label": "getIdentity",
        "type": "Invocation"
      },
      "location-after-char-start": 9702,
      "location-after-char-end": 9719,
      "node-str": "getIdentity"
    },
    {
      "type": "insert-node",
      "node": {
        "label": "java.io.File",
        "type": "VARIABLE_TYPE"
      },
      "location-after-char-start": 0,
      "location-after-char-end": 0,
      "node-str": "java.io.File"
    },
    {
      "type": "insert-node",
      "node": {
        "label": "getSignature",
        "type": "Invocation"
      },
      "location-after-char-start": 9745,
      "location-after-char-end": 9767,
      "node-str": "getSignature"
    },
    {
      "type": "insert-node",
      "node": {
        "label": "body",
        "type": "VariableWrite"
      },
      "location-after-char-start": 10143,
      "location-after-char-end": 10146,
      "node-str": "body"
    },
    {
      "type": "insert-node",
      "node": {
        "label": "toString",
        "type": "Invocation"
      },
      "location-after-char-start": 10150,
      "location-after-char-end": 10163,
      "node-str": "toString"
    },
    {
      "type": "insert-node",
      "node": {
        "label": "bodyPart",
        "type": "VariableRead"
      },
      "location-after-char-start": 10736,
      "location-after-char-end": 10743,
      "node-str": "bodyPart"
    },
    {
      "type": "insert-node",
      "node": {
        "label": "org.columba.ristretto.io.CharSequenceSource(java.lang.String)",
        "type": "ConstructorCall"
      },
      "location-after-char-start": 10753,
      "location-after-char-end": 10780,
      "node-str": "org.columba.ristretto.io.CharSequenceSource(java.lang.String)"
    },
    {
      "type": "insert-node",
      "node": {
        "label": "bodyPart",
        "type": "VariableRead"
      },
      "location-after-char-start": 10794,
      "location-after-char-end": 10801,
      "node-str": "bodyPart"
    },
    {
      "type": "insert-node",
      "node": {
        "label": "org.columba.mail.config.Identity",
        "type": "VARIABLE_TYPE"
      },
      "location-after-char-start": 0,
      "location-after-char-end": 0,
      "node-str": "org.columba.mail.config.Identity"
    },
    {
      "type": "insert-node",
      "node": {
        "label": "getIdentity",
        "type": "Invocation"
      },
      "location-after-char-start": 11798,
      "location-after-char-end": 11815,
      "node-str": "getIdentity"
    },
    {
      "type": "insert-node",
      "node": {
        "label": "java.io.File",
        "type": "VARIABLE_TYPE"
      },
      "location-after-char-start": 0,
      "location-after-char-end": 0,
      "node-str": "java.io.File"
    },
    {
      "type": "insert-node",
      "node": {
        "label": "getSignature",
        "type": "Invocation"
      },
      "location-after-char-start": 11841,
      "location-after-char-end": 11863,
      "node-str": "getSignature"
    },
    {
      "type": "insert-node",
      "node": {
        "label": "bodyPart",
        "type": "VariableRead"
      },
      "location-after-char-start": 12604,
      "location-after-char-end": 12611,
      "node-str": "bodyPart"
    },
    {
      "type": "insert-node",
      "node": {
        "label": "org.columba.ristretto.io.CharSequenceSource(java.lang.String)",
        "type": "ConstructorCall"
      },
      "location-after-char-start": 12621,
      "location-after-char-end": 12648,
      "node-str": "org.columba.ristretto.io.CharSequenceSource(java.lang.String)"
    },
    {
      "type": "insert-node",
      "node": {
        "label": "bodyPart",
        "type": "VariableRead"
      },
      "location-after-char-start": 12662,
      "location-after-char-end": 12669,
      "node-str": "bodyPart"
    },
    {
      "type": "insert-node",
      "node": {
        "label": "body",
        "type": "VariableRead"
      },
      "location-after-char-start": 8464,
      "location-after-char-end": 8467,
      "node-str": "body"
    },
    {
      "type": "insert-node",
      "node": {
        "label": "item",
        "type": "VariableRead"
      },
      "location-after-char-start": 9702,
      "location-after-char-end": 9705,
      "node-str": "item"
    },
    {
      "type": "insert-node",
      "node": {
        "label": "identity",
        "type": "VariableRead"
      },
      "location-after-char-start": 9745,
      "location-after-char-end": 9752,
      "node-str": "identity"
    },
    {
      "type": "insert-node",
      "node": {
        "label": "buf",
        "type": "VariableRead"
      },
      "location-after-char-start": 10150,
      "location-after-char-end": 10152,
      "node-str": "buf"
    },
    {
      "type": "insert-node",
      "node": {
        "label": "body",
        "type": "VariableRead"
      },
      "location-after-char-start": 10776,
      "location-after-char-end": 10779,
      "node-str": "body"
    },
    {
      "type": "insert-node",
      "node": {
        "label": "item",
        "type": "VariableRead"
      },
      "location-after-char-start": 11798,
      "location-after-char-end": 11801,
      "node-str": "item"
    },
    {
      "type": "insert-node",
      "node": {
        "label": "identity",
        "type": "VariableRead"
      },
      "location-after-char-start": 11841,
      "location-after-char-end": 11848,
      "node-str": "identity"
    },
    {
      "type": "insert-node",
      "node": {
        "label": "body",
        "type": "VariableRead"
      },
      "location-after-char-start": 12644,
      "location-after-char-end": 12647,
      "node-str": "body"
    },
    {
      "type": "delete-node",
      "node": {
        "label": "public",
        "type": "Modifier"
      },
      "location-before-char-start": 0,
      "location-before-char-end": 0,
      "node-str": "public"
    },
    {
      "type": "delete-node",
      "node": {
        "label": "org.columba.mail.gui.composer.ComposerModel",
        "type": "VARIABLE_TYPE"
      },
      "location-before-char-start": 0,
      "location-before-char-end": 0,
      "node-str": "org.columba.mail.gui.composer.ComposerModel"
    },
    {
      "type": "delete-node",
      "node": {
        "label": "model",
        "type": "Field"
      },
      "location-before-char-start": 2440,
      "location-before-char-end": 2467,
      "node-str": "model"
    },
    {
      "type": "delete-node",
      "node": {
        "label": "int",
        "type": "VARIABLE_TYPE"
      },
      "location-before-char-start": 0,
      "location-before-char-end": 0,
      "node-str": "int"
    },
    {
      "type": "delete-node",
      "node": {
        "label": "accountUid",
        "type": "Field"
      },
      "location-before-char-start": 2471,
      "location-before-char-end": 2493,
      "node-str": "accountUid"
    },
    {
      "type": "delete-node",
      "node": {
        "label": "org.columba.ristretto.message.StreamableMimePart",
        "type": "RETURN_TYPE"
      },
      "location-before-char-start": 0,
      "location-before-char-end": 0,
      "node-str": "org.columba.ristretto.message.StreamableMimePart"
    },
    {
      "type": "delete-node",
      "node": {
        "label": "java.lang.StringBuffer",
        "type": "VARIABLE_TYPE"
      },
      "location-before-char-start": 0,
      "location-before-char-end": 0,
      "node-str": "java.lang.StringBuffer"
    },
    {
      "type": "delete-node",
      "node": {
        "label": "java.lang.StringBuffer()",
        "type": "ConstructorCall"
      },
      "location-before-char-start": 8232,
      "location-before-char-end": 8249,
      "node-str": "java.lang.StringBuffer()"
    },
    {
      "type": "delete-node",
      "node": {
        "label": "buf",
        "type": "LocalVariable"
      },
      "location-before-char-start": 8213,
      "location-before-char-end": 8250,
      "node-str": "buf"
    },
    {
      "type": "delete-node",
      "node": {
        "label": "java.lang.String",
        "type": "VARIABLE_TYPE"
      },
      "location-before-char-start": 0,
      "location-before-char-end": 0,
      "node-str": "java.lang.String"
    },
    {
      "type": "delete-node",
      "node": {
        "label": "body",
        "type": "VariableRead"
      },
      "location-before-char-start": 8464,
      "location-before-char-end": 8467,
      "node-str": "body"
    },
    {
      "type": "delete-node",
      "node": {
        "label": "toLowerCase",
        "type": "Invocation"
      },
      "location-before-char-start": 8464,
      "location-before-char-end": 8481,
      "node-str": "toLowerCase"
    },
    {
      "type": "delete-node",
      "node": {
        "label": "lcase",
        "type": "LocalVariable"
      },
      "location-before-char-start": 8449,
      "location-before-char-end": 8482,
      "node-str": "lcase"
    },
    {
      "type": "delete-node",
      "node": {
        "label": "int",
        "type": "VARIABLE_TYPE"
      },
      "location-before-char-start": 0,
      "location-before-char-end": 0,
      "node-str": "int"
    },
    {
      "type": "delete-node",
      "node": {
        "label": "bodyStart",
        "type": "LocalVariable"
      },
      "location-before-char-start": 8952,
      "location-before-char-end": 8965,
      "node-str": "bodyStart"
    },
    {
      "type": "delete-node",
      "node": {
        "label": "org.columba.mail.config.Identity",
        "type": "VARIABLE_TYPE"
      },
      "location-before-char-start": 0,
      "location-before-char-end": 0,
      "node-str": "org.columba.mail.config.Identity"
    },
    {
      "type": "delete-node",
      "node": {
        "label": "item",
        "type": "VariableRead"
      },
      "location-before-char-start": 9702,
      "location-before-char-end": 9705,
      "node-str": "item"
    },
    {
      "type": "delete-node",
      "node": {
        "label": "getIdentity",
        "type": "Invocation"
      },
      "location-before-char-start": 9702,
      "location-before-char-end": 9719,
      "node-str": "getIdentity"
    },
    {
      "type": "delete-node",
      "node": {
        "label": "identity",
        "type": "LocalVariable"
      },
      "location-before-char-start": 9682,
      "location-before-char-end": 9720,
      "node-str": "identity"
    },
    {
      "type": "delete-node",
      "node": {
        "label": "java.io.File",
        "type": "VARIABLE_TYPE"
      },
      "location-before-char-start": 0,
      "location-before-char-end": 0,
      "node-str": "java.io.File"
    },
    {
      "type": "delete-node",
      "node": {
        "label": "identity",
        "type": "VariableRead"
      },
      "location-before-char-start": 9745,
      "location-before-char-end": 9752,
      "node-str": "identity"
    },
    {
      "type": "delete-node",
      "node": {
        "label": "getSignature",
        "type": "Invocation"
      },
      "location-before-char-start": 9745,
      "location-before-char-end": 9767,
      "node-str": "getSignature"
    },
    {
      "type": "delete-node",
      "node": {
        "label": "signatureFile",
        "type": "LocalVariable"
      },
      "location-before-char-start": 9724,
      "location-before-char-end": 9768,
      "node-str": "signatureFile"
    },
    {
      "type": "delete-node",
      "node": {
        "label": "body",
        "type": "VariableWrite"
      },
      "location-before-char-start": 10143,
      "location-before-char-end": 10146,
      "node-str": "body"
    },
    {
      "type": "delete-node",
      "node": {
        "label": "buf",
        "type": "VariableRead"
      },
      "location-before-char-start": 10150,
      "location-before-char-end": 10152,
      "node-str": "buf"
    },
    {
      "type": "delete-node",
      "node": {
        "label": "toString",
        "type": "Invocation"
      },
      "location-before-char-start": 10150,
      "location-before-char-end": 10163,
      "node-str": "toString"
    },
    {
      "type": "delete-node",
      "node": {
        "label": "\u003d",
        "type": "Assignment"
      },
      "location-before-char-start": 10143,
      "location-before-char-end": 10164,
      "node-str": "\u003d"
    },
    {
      "type": "delete-node",
      "node": {
        "label": "bodyPart",
        "type": "VariableRead"
      },
      "location-before-char-start": 10736,
      "location-before-char-end": 10743,
      "node-str": "bodyPart"
    },
    {
      "type": "delete-node",
      "node": {
        "label": "body",
        "type": "VariableRead"
      },
      "location-before-char-start": 10778,
      "location-before-char-end": 10781,
      "node-str": "body"
    },
    {
      "type": "delete-node",
      "node": {
        "label": "org.columba.ristretto.io.CharSequenceSource(java.lang.String)",
        "type": "ConstructorCall"
      },
      "location-before-char-start": 10755,
      "location-before-char-end": 10782,
      "node-str": "org.columba.ristretto.io.CharSequenceSource(java.lang.String)"
    },
    {
      "type": "delete-node",
      "node": {
        "label": "setSource",
        "type": "Invocation"
      },
      "location-before-char-start": 10736,
      "location-before-char-end": 10784,
      "node-str": "setSource"
    },
    {
      "type": "delete-node",
      "node": {
        "label": "bodyPart",
        "type": "VariableRead"
      },
      "location-before-char-start": 10796,
      "location-before-char-end": 10803,
      "node-str": "bodyPart"
    },
    {
      "type": "delete-node",
      "node": {
        "label": "return",
        "type": "Return"
      },
      "location-before-char-start": 10789,
      "location-before-char-end": 10804,
      "node-str": "return"
    },
    {
      "type": "delete-node",
      "node": {
        "label": "org.columba.ristretto.message.StreamableMimePart",
        "type": "RETURN_TYPE"
      },
      "location-before-char-start": 0,
      "location-before-char-end": 0,
      "node-str": "org.columba.ristretto.message.StreamableMimePart"
    },
    {
      "type": "delete-node",
      "node": {
        "label": "org.columba.mail.config.Identity",
        "type": "VARIABLE_TYPE"
      },
      "location-before-char-start": 0,
      "location-before-char-end": 0,
      "node-str": "org.columba.mail.config.Identity"
    },
    {
      "type": "delete-node",
      "node": {
        "label": "item",
        "type": "VariableRead"
      },
      "location-before-char-start": 11800,
      "location-before-char-end": 11803,
      "node-str": "item"
    },
    {
      "type": "delete-node",
      "node": {
        "label": "getIdentity",
        "type": "Invocation"
      },
      "location-before-char-start": 11800,
      "location-before-char-end": 11817,
      "node-str": "getIdentity"
    },
    {
      "type": "delete-node",
      "node": {
        "label": "identity",
        "type": "LocalVariable"
      },
      "location-before-char-start": 11780,
      "location-before-char-end": 11818,
      "node-str": "identity"
    },
    {
      "type": "delete-node",
      "node": {
        "label": "java.io.File",
        "type": "VARIABLE_TYPE"
      },
      "location-before-char-start": 0,
      "location-before-char-end": 0,
      "node-str": "java.io.File"
    },
    {
      "type": "delete-node",
      "node": {
        "label": "identity",
        "type": "VariableRead"
      },
      "location-before-char-start": 11843,
      "location-before-char-end": 11850,
      "node-str": "identity"
    },
    {
      "type": "delete-node",
      "node": {
        "label": "getSignature",
        "type": "Invocation"
      },
      "location-before-char-start": 11843,
      "location-before-char-end": 11865,
      "node-str": "getSignature"
    },
    {
      "type": "delete-node",
      "node": {
        "label": "signatureFile",
        "type": "LocalVariable"
      },
      "location-before-char-start": 11822,
      "location-before-char-end": 11866,
      "node-str": "signatureFile"
    },
    {
      "type": "delete-node",
      "node": {
        "label": "bodyPart",
        "type": "VariableRead"
      },
      "location-before-char-start": 12606,
      "location-before-char-end": 12613,
      "node-str": "bodyPart"
    },
    {
      "type": "delete-node",
      "node": {
        "label": "body",
        "type": "VariableRead"
      },
      "location-before-char-start": 12648,
      "location-before-char-end": 12651,
      "node-str": "body"
    },
    {
      "type": "delete-node",
      "node": {
        "label": "org.columba.ristretto.io.CharSequenceSource(java.lang.String)",
        "type": "ConstructorCall"
      },
      "location-before-char-start": 12625,
      "location-before-char-end": 12652,
      "node-str": "org.columba.ristretto.io.CharSequenceSource(java.lang.String)"
    },
    {
      "type": "delete-node",
      "node": {
        "label": "setSource",
        "type": "Invocation"
      },
      "location-before-char-start": 12606,
      "location-before-char-end": 12654,
      "node-str": "setSource"
    },
    {
      "type": "delete-node",
      "node": {
        "label": "bodyPart",
        "type": "VariableRead"
      },
      "location-before-char-start": 12666,
      "location-before-char-end": 12673,
      "node-str": "bodyPart"
    },
    {
      "type": "delete-node",
      "node": {
        "label": "return",
        "type": "Return"
      },
      "location-before-char-start": 12659,
      "location-before-char-end": 12674,
      "node-str": "return"
    }
  ],
  "before-file": {},
  "after-file": {},
  "mapping": {}
}