{
  "tool-info": {},
  "diff": [
    {
      "type": "insert-node",
      "node": {
        "label": "",
        "type": "PackageDeclaration"
      },
      "location-after-char-start": 119,
      "location-after-char-end": 166,
      "node-str": ""
    },
    {
      "type": "insert-node",
      "node": {
        "label": "",
        "type": "ImportDeclaration"
      },
      "location-after-char-start": 168,
      "location-after-char-end": 205,
      "node-str": ""
    },
    {
      "type": "insert-node",
      "node": {
        "label": "",
        "type": "ImportDeclaration"
      },
      "location-after-char-start": 206,
      "location-after-char-end": 227,
      "node-str": ""
    },
    {
      "type": "insert-node",
      "node": {
        "label": "",
        "type": "ImportDeclaration"
      },
      "location-after-char-start": 228,
      "location-after-char-end": 253,
      "node-str": ""
    },
    {
      "type": "move-subtree",
      "node": {
        "label": "",
        "type": "MethodDeclaration"
      },
      "location-before-char-start": 2015,
      "location-before-char-end": 2111,
      "location-after-char-start": 2938,
      "location-after-char-end": 3398,
      "node-str": ""
    },
    {
      "type": "insert-node",
      "node": {
        "label": "org.jboss.ejb.plugins.cmp.jdbc2.schema",
        "type": "QualifiedName"
      },
      "location-after-char-start": 127,
      "location-after-char-end": 165,
      "node-str": "org.jboss.ejb.plugins.cmp.jdbc2.schema"
    },
    {
      "type": "insert-node",
      "node": {
        "label": "javax.transaction.Transaction",
        "type": "QualifiedName"
      },
      "location-after-char-start": 175,
      "location-after-char-end": 204,
      "node-str": "javax.transaction.Transaction"
    },
    {
      "type": "insert-node",
      "node": {
        "label": "java.util.Map",
        "type": "QualifiedName"
      },
      "location-after-char-start": 213,
      "location-after-char-end": 226,
      "node-str": "java.util.Map"
    },
    {
      "type": "insert-node",
      "node": {
        "label": "java.util.HashMap",
        "type": "QualifiedName"
      },
      "location-after-char-start": 235,
      "location-after-char-end": 252,
      "node-str": "java.util.HashMap"
    },
    {
      "type": "insert-node",
      "node": {
        "label": "",
        "type": "SimpleType"
      },
      "location-after-char-start": 468,
      "location-after-char-end": 473,
      "node-str": ""
    },
    {
      "type": "insert-node",
      "node": {
        "label": "",
        "type": "MethodDeclaration"
      },
      "location-after-char-start": 2658,
      "location-after-char-end": 2858,
      "node-str": ""
    },
    {
      "type": "insert-node",
      "node": {
        "label": "",
        "type": "MethodDeclaration"
      },
      "location-after-char-start": 3403,
      "location-after-char-end": 3840,
      "node-str": ""
    },
    {
      "type": "insert-node",
      "node": {
        "label": "Cache",
        "type": "SimpleName"
      },
      "location-after-char-start": 468,
      "location-after-char-end": 473,
      "node-str": "Cache"
    },
    {
      "type": "insert-node",
      "node": {
        "label": "",
        "type": "SingleVariableDeclaration"
      },
      "location-after-char-start": 1054,
      "location-after-char-end": 1068,
      "node-str": ""
    },
    {
      "type": "insert-node",
      "node": {
        "label": "",
        "type": "SingleVariableDeclaration"
      },
      "location-after-char-start": 2210,
      "location-after-char-end": 2224,
      "node-str": ""
    },
    {
      "type": "insert-node",
      "node": {
        "label": "",
        "type": "SimpleType"
      },
      "location-after-char-start": 2244,
      "location-after-char-end": 2253,
      "node-str": ""
    },
    {
      "type": "move-subtree",
      "node": {
        "label": "",
        "type": "Block"
      },
      "location-before-char-start": 1969,
      "location-before-char-end": 2005,
      "location-after-char-start": 2257,
      "location-after-char-end": 2653,
      "node-str": ""
    },
    {
      "type": "insert-node",
      "node": {
        "label": "public",
        "type": "Modifier"
      },
      "location-after-char-start": 2658,
      "location-after-char-end": 2664,
      "node-str": "public"
    },
    {
      "type": "insert-node",
      "node": {
        "label": "synchronized",
        "type": "Modifier"
      },
      "location-after-char-start": 2665,
      "location-after-char-end": 2677,
      "node-str": "synchronized"
    },
    {
      "type": "insert-node",
      "node": {
        "label": "boolean",
        "type": "PrimitiveType"
      },
      "location-after-char-start": 2678,
      "location-after-char-end": 2685,
      "node-str": "boolean"
    },
    {
      "type": "insert-node",
      "node": {
        "label": "contains",
        "type": "SimpleName"
      },
      "location-after-char-start": 2686,
      "location-after-char-end": 2694,
      "node-str": "contains"
    },
    {
      "type": "insert-node",
      "node": {
        "label": "",
        "type": "SingleVariableDeclaration"
      },
      "location-after-char-start": 2695,
      "location-after-char-end": 2709,
      "node-str": ""
    },
    {
      "type": "insert-node",
      "node": {
        "label": "",
        "type": "SingleVariableDeclaration"
      },
      "location-after-char-start": 2711,
      "location-after-char-end": 2720,
      "node-str": ""
    },
    {
      "type": "insert-node",
      "node": {
        "label": "",
        "type": "Block"
      },
      "location-after-char-start": 2725,
      "location-after-char-end": 2858,
      "node-str": ""
    },
    {
      "type": "update-node",
      "node": {
        "label": "boolean",
        "type": "PrimitiveType"
      },
      "location-before-char-start": 2035,
      "location-before-char-end": 2042,
      "location-after-char-start": 2958,
      "location-after-char-end": 2962,
      "node-str": "void"
    },
    {
      "type": "update-node",
      "node": {
        "label": "contains",
        "type": "SimpleName"
      },
      "location-before-char-start": 2043,
      "location-before-char-end": 2051,
      "location-after-char-start": 2963,
      "location-after-char-end": 2976,
      "node-str": "lockForUpdate"
    },
    {
      "type": "insert-node",
      "node": {
        "label": "",
        "type": "SingleVariableDeclaration"
      },
      "location-after-char-start": 2977,
      "location-after-char-end": 2991,
      "node-str": ""
    },
    {
      "type": "insert-node",
      "node": {
        "label": "",
        "type": "SimpleType"
      },
      "location-after-char-start": 3011,
      "location-after-char-end": 3020,
      "node-str": ""
    },
    {
      "type": "move-subtree",
      "node": {
        "label": "",
        "type": "Block"
      },
      "location-before-char-start": 1884,
      "location-before-char-end": 2010,
      "location-after-char-start": 3024,
      "location-after-char-end": 3398,
      "node-str": ""
    },
    {
      "type": "insert-node",
      "node": {
        "label": "public",
        "type": "Modifier"
      },
      "location-after-char-start": 3403,
      "location-after-char-end": 3409,
      "node-str": "public"
    },
    {
      "type": "insert-node",
      "node": {
        "label": "synchronized",
        "type": "Modifier"
      },
      "location-after-char-start": 3410,
      "location-after-char-end": 3422,
      "node-str": "synchronized"
    },
    {
      "type": "insert-node",
      "node": {
        "label": "void",
        "type": "PrimitiveType"
      },
      "location-after-char-start": 3423,
      "location-after-char-end": 3427,
      "node-str": "void"
    },
    {
      "type": "insert-node",
      "node": {
        "label": "releaseLock",
        "type": "SimpleName"
      },
      "location-after-char-start": 3428,
      "location-after-char-end": 3439,
      "node-str": "releaseLock"
    },
    {
      "type": "insert-node",
      "node": {
        "label": "",
        "type": "SingleVariableDeclaration"
      },
      "location-after-char-start": 3440,
      "location-after-char-end": 3454,
      "node-str": ""
    },
    {
      "type": "insert-node",
      "node": {
        "label": "",
        "type": "SingleVariableDeclaration"
      },
      "location-after-char-start": 3456,
      "location-after-char-end": 3465,
      "node-str": ""
    },
    {
      "type": "insert-node",
      "node": {
        "label": "",
        "type": "SimpleType"
      },
      "location-after-char-start": 3474,
      "location-after-char-end": 3483,
      "node-str": ""
    },
    {
      "type": "insert-node",
      "node": {
        "label": "",
        "type": "Block"
      },
      "location-after-char-start": 3487,
      "location-after-char-end": 3840,
      "node-str": ""
    },
    {
      "type": "insert-node",
      "node": {
        "label": "",
        "type": "FieldDeclaration"
      },
      "location-after-char-start": 5892,
      "location-after-char-end": 5918,
      "node-str": ""
    },
    {
      "type": "insert-node",
      "node": {
        "label": "",
        "type": "SimpleType"
      },
      "location-after-char-start": 1054,
      "location-after-char-end": 1065,
      "node-str": ""
    },
    {
      "type": "insert-node",
      "node": {
        "label": "tx",
        "type": "SimpleName"
      },
      "location-after-char-start": 1066,
      "location-after-char-end": 1068,
      "node-str": "tx"
    },
    {
      "type": "insert-node",
      "node": {
        "label": "",
        "type": "SimpleType"
      },
      "location-after-char-start": 2210,
      "location-after-char-end": 2221,
      "node-str": ""
    },
    {
      "type": "insert-node",
      "node": {
        "label": "tx",
        "type": "SimpleName"
      },
      "location-after-char-start": 2222,
      "location-after-char-end": 2224,
      "node-str": "tx"
    },
    {
      "type": "insert-node",
      "node": {
        "label": "Exception",
        "type": "SimpleName"
      },
      "location-after-char-start": 2244,
      "location-after-char-end": 2253,
      "node-str": "Exception"
    },
    {
      "type": "move-subtree",
      "node": {
        "label": "",
        "type": "VariableDeclarationStatement"
      },
      "location-before-char-start": 1892,
      "location-before-char-end": 1940,
      "location-after-char-start": 2265,
      "location-after-char-end": 2313,
      "node-str": ""
    },
    {
      "type": "insert-node",
      "node": {
        "label": "",
        "type": "IfStatement"
      },
      "location-after-char-start": 2320,
      "location-after-char-end": 2598,
      "node-str": ""
    },
    {
      "type": "move-subtree",
      "node": {
        "label": "",
        "type": "ExpressionStatement"
      },
      "location-before-char-start": 1793,
      "location-before-char-end": 1820,
      "location-after-char-start": 2630,
      "location-after-char-end": 2648,
      "node-str": ""
    },
    {
      "type": "insert-node",
      "node": {
        "label": "",
        "type": "SimpleType"
      },
      "location-after-char-start": 2695,
      "location-after-char-end": 2706,
      "node-str": ""
    },
    {
      "type": "insert-node",
      "node": {
        "label": "tx",
        "type": "SimpleName"
      },
      "location-after-char-start": 2707,
      "location-after-char-end": 2709,
      "node-str": "tx"
    },
    {
      "type": "insert-node",
      "node": {
        "label": "",
        "type": "SimpleType"
      },
      "location-after-char-start": 2711,
      "location-after-char-end": 2717,
      "node-str": ""
    },
    {
      "type": "insert-node",
      "node": {
        "label": "pk",
        "type": "SimpleName"
      },
      "location-after-char-start": 2718,
      "location-after-char-end": 2720,
      "node-str": "pk"
    },
    {
      "type": "insert-node",
      "node": {
        "label": "",
        "type": "VariableDeclarationStatement"
      },
      "location-after-char-start": 2733,
      "location-after-char-end": 2778,
      "node-str": ""
    },
    {
      "type": "insert-node",
      "node": {
        "label": "",
        "type": "ReturnStatement"
      },
      "location-after-char-start": 2785,
      "location-after-char-end": 2853,
      "node-str": ""
    },
    {
      "type": "insert-node",
      "node": {
        "label": "",
        "type": "SimpleType"
      },
      "location-after-char-start": 2977,
      "location-after-char-end": 2988,
      "node-str": ""
    },
    {
      "type": "insert-node",
      "node": {
        "label": "tx",
        "type": "SimpleName"
      },
      "location-after-char-start": 2989,
      "location-after-char-end": 2991,
      "node-str": "tx"
    },
    {
      "type": "insert-node",
      "node": {
        "label": "Exception",
        "type": "SimpleName"
      },
      "location-after-char-start": 3011,
      "location-after-char-end": 3020,
      "node-str": "Exception"
    },
    {
      "type": "insert-node",
      "node": {
        "label": "",
        "type": "VariableDeclarationStatement"
      },
      "location-after-char-start": 3032,
      "location-after-char-end": 3077,
      "node-str": ""
    },
    {
      "type": "insert-node",
      "node": {
        "label": "",
        "type": "SimpleType"
      },
      "location-after-char-start": 3440,
      "location-after-char-end": 3451,
      "node-str": ""
    },
    {
      "type": "insert-node",
      "node": {
        "label": "tx",
        "type": "SimpleName"
      },
      "location-after-char-start": 3452,
      "location-after-char-end": 3454,
      "node-str": "tx"
    },
    {
      "type": "insert-node",
      "node": {
        "label": "",
        "type": "SimpleType"
      },
      "location-after-char-start": 3456,
      "location-after-char-end": 3462,
      "node-str": ""
    },
    {
      "type": "insert-node",
      "node": {
        "label": "pk",
        "type": "SimpleName"
      },
      "location-after-char-start": 3463,
      "location-after-char-end": 3465,
      "node-str": "pk"
    },
    {
      "type": "insert-node",
      "node": {
        "label": "Exception",
        "type": "SimpleName"
      },
      "location-after-char-start": 3474,
      "location-after-char-end": 3483,
      "node-str": "Exception"
    },
    {
      "type": "insert-node",
      "node": {
        "label": "",
        "type": "VariableDeclarationStatement"
      },
      "location-after-char-start": 3495,
      "location-after-char-end": 3540,
      "node-str": ""
    },
    {
      "type": "insert-node",
      "node": {
        "label": "",
        "type": "IfStatement"
      },
      "location-after-char-start": 3547,
      "location-after-char-end": 3819,
      "node-str": ""
    },
    {
      "type": "insert-node",
      "node": {
        "label": "public",
        "type": "Modifier"
      },
      "location-after-char-start": 5892,
      "location-after-char-end": 5898,
      "node-str": "public"
    },
    {
      "type": "insert-node",
      "node": {
        "label": "",
        "type": "SimpleType"
      },
      "location-after-char-start": 5899,
      "location-after-char-end": 5910,
      "node-str": ""
    },
    {
      "type": "insert-node",
      "node": {
        "label": "",
        "type": "VariableDeclarationFragment"
      },
      "location-after-char-start": 5911,
      "location-after-char-end": 5917,
      "node-str": ""
    },
    {
      "type": "insert-node",
      "node": {
        "label": "",
        "type": "InfixExpression"
      },
      "location-after-char-start": 888,
      "location-after-char-end": 921,
      "node-str": ""
    },
    {
      "type": "insert-node",
      "node": {
        "label": "Transaction",
        "type": "SimpleName"
      },
      "location-after-char-start": 1054,
      "location-after-char-end": 1065,
      "node-str": "Transaction"
    },
    {
      "type": "insert-node",
      "node": {
        "label": "",
        "type": "IfStatement"
      },
      "location-after-char-start": 1630,
      "location-after-char-end": 1836,
      "node-str": ""
    },
    {
      "type": "insert-node",
      "node": {
        "label": "Transaction",
        "type": "SimpleName"
      },
      "location-after-char-start": 2210,
      "location-after-char-end": 2221,
      "node-str": "Transaction"
    },
    {
      "type": "insert-node",
      "node": {
        "label": "",
        "type": "InfixExpression"
      },
      "location-after-char-start": 2323,
      "location-after-char-end": 2360,
      "node-str": ""
    },
    {
      "type": "insert-node",
      "node": {
        "label": "",
        "type": "Block"
      },
      "location-after-char-start": 2368,
      "location-after-char-end": 2598,
      "node-str": ""
    },
    {
      "type": "insert-node",
      "node": {
        "label": "",
        "type": "Assignment"
      },
      "location-after-char-start": 2630,
      "location-after-char-end": 2647,
      "node-str": ""
    },
    {
      "type": "insert-node",
      "node": {
        "label": "Transaction",
        "type": "SimpleName"
      },
      "location-after-char-start": 2695,
      "location-after-char-end": 2706,
      "node-str": "Transaction"
    },
    {
      "type": "insert-node",
      "node": {
        "label": "Object",
        "type": "SimpleName"
      },
      "location-after-char-start": 2711,
      "location-after-char-end": 2717,
      "node-str": "Object"
    },
    {
      "type": "insert-node",
      "node": {
        "label": "",
        "type": "SimpleType"
      },
      "location-after-char-start": 2733,
      "location-after-char-end": 2742,
      "node-str": ""
    },
    {
      "type": "insert-node",
      "node": {
        "label": "",
        "type": "VariableDeclarationFragment"
      },
      "location-after-char-start": 2743,
      "location-after-char-end": 2777,
      "node-str": ""
    },
    {
      "type": "insert-node",
      "node": {
        "label": "",
        "type": "InfixExpression"
      },
      "location-after-char-start": 2792,
      "location-after-char-end": 2852,
      "node-str": ""
    },
    {
      "type": "insert-node",
      "node": {
        "label": "Transaction",
        "type": "SimpleName"
      },
      "location-after-char-start": 2977,
      "location-after-char-end": 2988,
      "node-str": "Transaction"
    },
    {
      "type": "insert-node",
      "node": {
        "label": "",
        "type": "SimpleType"
      },
      "location-after-char-start": 3032,
      "location-after-char-end": 3041,
      "node-str": ""
    },
    {
      "type": "insert-node",
      "node": {
        "label": "",
        "type": "VariableDeclarationFragment"
      },
      "location-after-char-start": 3042,
      "location-after-char-end": 3076,
      "node-str": ""
    },
    {
      "type": "insert-node",
      "node": {
        "label": "",
        "type": "Block"
      },
      "location-after-char-start": 3106,
      "location-after-char-end": 3377,
      "node-str": ""
    },
    {
      "type": "insert-node",
      "node": {
        "label": "Transaction",
        "type": "SimpleName"
      },
      "location-after-char-start": 3440,
      "location-after-char-end": 3451,
      "node-str": "Transaction"
    },
    {
      "type": "insert-node",
      "node": {
        "label": "Object",
        "type": "SimpleName"
      },
      "location-after-char-start": 3456,
      "location-after-char-end": 3462,
      "node-str": "Object"
    },
    {
      "type": "insert-node",
      "node": {
        "label": "",
        "type": "SimpleType"
      },
      "location-after-char-start": 3495,
      "location-after-char-end": 3504,
      "node-str": ""
    },
    {
      "type": "insert-node",
      "node": {
        "label": "",
        "type": "VariableDeclarationFragment"
      },
      "location-after-char-start": 3505,
      "location-after-char-end": 3539,
      "node-str": ""
    },
    {
      "type": "move-subtree",
      "node": {
        "label": "",
        "type": "InfixExpression"
      },
      "location-before-char-start": 833,
      "location-before-char-end": 844,
      "location-after-char-start": 3550,
      "location-after-char-end": 3561,
      "node-str": ""
    },
    {
      "type": "insert-node",
      "node": {
        "label": "",
        "type": "Block"
      },
      "location-after-char-start": 3569,
      "location-after-char-end": 3819,
      "node-str": ""
    },
    {
      "type": "insert-node",
      "node": {
        "label": "Transaction",
        "type": "SimpleName"
      },
      "location-after-char-start": 5899,
      "location-after-char-end": 5910,
      "node-str": "Transaction"
    },
    {
      "type": "insert-node",
      "node": {
        "label": "locker",
        "type": "SimpleName"
      },
      "location-after-char-start": 5911,
      "location-after-char-end": 5917,
      "node-str": "locker"
    },
    {
      "type": "insert-node",
      "node": {
        "label": "",
        "type": "InfixExpression"
      },
      "location-after-char-start": 888,
      "location-after-char-end": 899,
      "node-str": ""
    },
    {
      "type": "insert-node",
      "node": {
        "label": "\u0026\u0026",
        "type": "INFIX_EXPRESSION_OPERATOR"
      },
      "location-after-char-start": 900,
      "location-after-char-end": 902,
      "node-str": "\u0026\u0026"
    },
    {
      "type": "insert-node",
      "node": {
        "label": "",
        "type": "InfixExpression"
      },
      "location-after-char-start": 903,
      "location-after-char-end": 921,
      "node-str": ""
    },
    {
      "type": "insert-node",
      "node": {
        "label": "",
        "type": "InfixExpression"
      },
      "location-after-char-start": 1633,
      "location-after-char-end": 1676,
      "node-str": ""
    },
    {
      "type": "move-subtree",
      "node": {
        "label": "",
        "type": "Block"
      },
      "location-before-char-start": 1564,
      "location-before-char-end": 1667,
      "location-after-char-start": 1705,
      "location-after-char-end": 1836,
      "node-str": ""
    },
    {
      "type": "insert-node",
      "node": {
        "label": "",
        "type": "InfixExpression"
      },
      "location-after-char-start": 2323,
      "location-after-char-end": 2334,
      "node-str": ""
    },
    {
      "type": "insert-node",
      "node": {
        "label": "||",
        "type": "INFIX_EXPRESSION_OPERATOR"
      },
      "location-after-char-start": 2335,
      "location-after-char-end": 2337,
      "node-str": "||"
    },
    {
      "type": "insert-node",
      "node": {
        "label": "",
        "type": "PrefixExpression"
      },
      "location-after-char-start": 2338,
      "location-after-char-end": 2360,
      "node-str": ""
    },
    {
      "type": "move-subtree",
      "node": {
        "label": "",
        "type": "VariableDeclarationStatement"
      },
      "location-before-char-start": 1729,
      "location-before-char-end": 1753,
      "location-after-char-start": 2379,
      "location-after-char-end": 2555,
      "node-str": ""
    },
    {
      "type": "insert-node",
      "node": {
        "label": "",
        "type": "ThrowStatement"
      },
      "location-after-char-start": 2565,
      "location-after-char-end": 2590,
      "node-str": ""
    },
    {
      "type": "update-node",
      "node": {
        "label": "victim.pk",
        "type": "QualifiedName"
      },
      "location-before-char-start": 1809,
      "location-before-char-end": 1818,
      "location-after-char-start": 2630,
      "location-after-char-end": 2640,
      "node-str": "row.locker"
    },
    {
      "type": "move-subtree",
      "node": {
        "label": "victim.pk",
        "type": "QualifiedName"
      },
      "location-before-char-start": 1809,
      "location-before-char-end": 1818,
      "location-after-char-start": 2630,
      "location-after-char-end": 2640,
      "node-str": "row.locker"
    },
    {
      "type": "insert-node",
      "node": {
        "label": "\u003d",
        "type": "ASSIGNMENT_OPERATOR"
      },
      "location-after-char-start": 2641,
      "location-after-char-end": 2642,
      "node-str": "\u003d"
    },
    {
      "type": "insert-node",
      "node": {
        "label": "",
        "type": "NullLiteral"
      },
      "location-after-char-start": 2643,
      "location-after-char-end": 2647,
      "node-str": ""
    },
    {
      "type": "insert-node",
      "node": {
        "label": "CachedRow",
        "type": "SimpleName"
      },
      "location-after-char-start": 2733,
      "location-after-char-end": 2742,
      "node-str": "CachedRow"
    },
    {
      "type": "insert-node",
      "node": {
        "label": "row",
        "type": "SimpleName"
      },
      "location-after-char-start": 2743,
      "location-after-char-end": 2746,
      "node-str": "row"
    },
    {
      "type": "insert-node",
      "node": {
        "label": "",
        "type": "CastExpression"
      },
      "location-after-char-start": 2749,
      "location-after-char-end": 2777,
      "node-str": ""
    },
    {
      "type": "insert-node",
      "node": {
        "label": "",
        "type": "InfixExpression"
      },
      "location-after-char-start": 2792,
      "location-after-char-end": 2803,
      "node-str": ""
    },
    {
      "type": "insert-node",
      "node": {
        "label": "\u0026\u0026",
        "type": "INFIX_EXPRESSION_OPERATOR"
      },
      "location-after-char-start": 2804,
      "location-after-char-end": 2806,
      "node-str": "\u0026\u0026"
    },
    {
      "type": "insert-node",
      "node": {
        "label": "",
        "type": "ParenthesizedExpression"
      },
      "location-after-char-start": 2807,
      "location-after-char-end": 2852,
      "node-str": ""
    },
    {
      "type": "insert-node",
      "node": {
        "label": "CachedRow",
        "type": "SimpleName"
      },
      "location-after-char-start": 3032,
      "location-after-char-end": 3041,
      "node-str": "CachedRow"
    },
    {
      "type": "insert-node",
      "node": {
        "label": "row",
        "type": "SimpleName"
      },
      "location-after-char-start": 3042,
      "location-after-char-end": 3045,
      "node-str": "row"
    },
    {
      "type": "insert-node",
      "node": {
        "label": "",
        "type": "CastExpression"
      },
      "location-after-char-start": 3048,
      "location-after-char-end": 3076,
      "node-str": ""
    },
    {
      "type": "insert-node",
      "node": {
        "label": "",
        "type": "IfStatement"
      },
      "location-after-char-start": 3117,
      "location-after-char-end": 3343,
      "node-str": ""
    },
    {
      "type": "insert-node",
      "node": {
        "label": "",
        "type": "ExpressionStatement"
      },
      "location-after-char-start": 3353,
      "location-after-char-end": 3369,
      "node-str": ""
    },
    {
      "type": "insert-node",
      "node": {
        "label": "CachedRow",
        "type": "SimpleName"
      },
      "location-after-char-start": 3495,
      "location-after-char-end": 3504,
      "node-str": "CachedRow"
    },
    {
      "type": "insert-node",
      "node": {
        "label": "row",
        "type": "SimpleName"
      },
      "location-after-char-start": 3505,
      "location-after-char-end": 3508,
      "node-str": "row"
    },
    {
      "type": "insert-node",
      "node": {
        "label": "",
        "type": "CastExpression"
      },
      "location-after-char-start": 3511,
      "location-after-char-end": 3539,
      "node-str": ""
    },
    {
      "type": "insert-node",
      "node": {
        "label": "",
        "type": "IfStatement"
      },
      "location-after-char-start": 3580,
      "location-after-char-end": 3783,
      "node-str": ""
    },
    {
      "type": "insert-node",
      "node": {
        "label": "",
        "type": "ExpressionStatement"
      },
      "location-after-char-start": 3793,
      "location-after-char-end": 3811,
      "node-str": ""
    },
    {
      "type": "insert-node",
      "node": {
        "label": "row",
        "type": "SimpleName"
      },
      "location-after-char-start": 888,
      "location-after-char-end": 891,
      "node-str": "row"
    },
    {
      "type": "insert-node",
      "node": {
        "label": "!\u003d",
        "type": "INFIX_EXPRESSION_OPERATOR"
      },
      "location-after-char-start": 892,
      "location-after-char-end": 894,
      "node-str": "!\u003d"
    },
    {
      "type": "insert-node",
      "node": {
        "label": "",
        "type": "NullLiteral"
      },
      "location-after-char-start": 895,
      "location-after-char-end": 899,
      "node-str": ""
    },
    {
      "type": "insert-node",
      "node": {
        "label": "row.locker",
        "type": "QualifiedName"
      },
      "location-after-char-start": 903,
      "location-after-char-end": 913,
      "node-str": "row.locker"
    },
    {
      "type": "insert-node",
      "node": {
        "label": "\u003d\u003d",
        "type": "INFIX_EXPRESSION_OPERATOR"
      },
      "location-after-char-start": 914,
      "location-after-char-end": 916,
      "node-str": "\u003d\u003d"
    },
    {
      "type": "insert-node",
      "node": {
        "label": "",
        "type": "NullLiteral"
      },
      "location-after-char-start": 917,
      "location-after-char-end": 921,
      "node-str": ""
    },
    {
      "type": "insert-node",
      "node": {
        "label": "",
        "type": "InfixExpression"
      },
      "location-after-char-start": 1633,
      "location-after-char-end": 1651,
      "node-str": ""
    },
    {
      "type": "insert-node",
      "node": {
        "label": "||",
        "type": "INFIX_EXPRESSION_OPERATOR"
      },
      "location-after-char-start": 1652,
      "location-after-char-end": 1654,
      "node-str": "||"
    },
    {
      "type": "insert-node",
      "node": {
        "label": "",
        "type": "MethodInvocation"
      },
      "location-after-char-start": 1655,
      "location-after-char-end": 1676,
      "node-str": ""
    },
    {
      "type": "insert-node",
      "node": {
        "label": "",
        "type": "ExpressionStatement"
      },
      "location-after-char-start": 1810,
      "location-after-char-end": 1828,
      "node-str": ""
    },
    {
      "type": "insert-node",
      "node": {
        "label": "row",
        "type": "SimpleName"
      },
      "location-after-char-start": 2323,
      "location-after-char-end": 2326,
      "node-str": "row"
    },
    {
      "type": "update-node",
      "node": {
        "label": "\u003e",
        "type": "INFIX_EXPRESSION_OPERATOR"
      },
      "location-before-char-start": 1697,
      "location-before-char-end": 1698,
      "location-after-char-start": 2327,
      "location-after-char-end": 2329,
      "node-str": "\u003d\u003d"
    },
    {
      "type": "move-subtree",
      "node": {
        "label": "\u003e",
        "type": "INFIX_EXPRESSION_OPERATOR"
      },
      "location-before-char-start": 1697,
      "location-before-char-end": 1698,
      "location-after-char-start": 2327,
      "location-after-char-end": 2329,
      "node-str": "\u003d\u003d"
    },
    {
      "type": "insert-node",
      "node": {
        "label": "",
        "type": "NullLiteral"
      },
      "location-after-char-start": 2330,
      "location-after-char-end": 2334,
      "node-str": ""
    },
    {
      "type": "insert-node",
      "node": {
        "label": "!",
        "type": "PREFIX_EXPRESSION_OPERATOR"
      },
      "location-after-char-start": 2338,
      "location-after-char-end": 2339,
      "node-str": "!"
    },
    {
      "type": "insert-node",
      "node": {
        "label": "",
        "type": "MethodInvocation"
      },
      "location-after-char-start": 2339,
      "location-after-char-end": 2360,
      "node-str": ""
    },
    {
      "type": "insert-node",
      "node": {
        "label": "",
        "type": "ClassInstanceCreation"
      },
      "location-after-char-start": 2571,
      "location-after-char-end": 2589,
      "node-str": ""
    },
    {
      "type": "insert-node",
      "node": {
        "label": "",
        "type": "SimpleType"
      },
      "location-after-char-start": 2750,
      "location-after-char-end": 2759,
      "node-str": ""
    },
    {
      "type": "insert-node",
      "node": {
        "label": "",
        "type": "MethodInvocation"
      },
      "location-after-char-start": 2761,
      "location-after-char-end": 2777,
      "node-str": ""
    },
    {
      "type": "insert-node",
      "node": {
        "label": "row",
        "type": "SimpleName"
      },
      "location-after-char-start": 2792,
      "location-after-char-end": 2795,
      "node-str": "row"
    },
    {
      "type": "insert-node",
      "node": {
        "label": "!\u003d",
        "type": "INFIX_EXPRESSION_OPERATOR"
      },
      "location-after-char-start": 2796,
      "location-after-char-end": 2798,
      "node-str": "!\u003d"
    },
    {
      "type": "insert-node",
      "node": {
        "label": "",
        "type": "NullLiteral"
      },
      "location-after-char-start": 2799,
      "location-after-char-end": 2803,
      "node-str": ""
    },
    {
      "type": "insert-node",
      "node": {
        "label": "",
        "type": "InfixExpression"
      },
      "location-after-char-start": 2808,
      "location-after-char-end": 2851,
      "node-str": ""
    },
    {
      "type": "insert-node",
      "node": {
        "label": "",
        "type": "SimpleType"
      },
      "location-after-char-start": 3049,
      "location-after-char-end": 3058,
      "node-str": ""
    },
    {
      "type": "move-subtree",
      "node": {
        "label": "",
        "type": "MethodInvocation"
      },
      "location-before-char-start": 2081,
      "location-before-char-end": 2105,
      "location-after-char-start": 3060,
      "location-after-char-end": 3076,
      "node-str": ""
    },
    {
      "type": "insert-node",
      "node": {
        "label": "",
        "type": "InfixExpression"
      },
      "location-after-char-start": 3120,
      "location-after-char-end": 3164,
      "node-str": ""
    },
    {
      "type": "insert-node",
      "node": {
        "label": "",
        "type": "Block"
      },
      "location-after-char-start": 3175,
      "location-after-char-end": 3343,
      "node-str": ""
    },
    {
      "type": "insert-node",
      "node": {
        "label": "",
        "type": "Assignment"
      },
      "location-after-char-start": 3353,
      "location-after-char-end": 3368,
      "node-str": ""
    },
    {
      "type": "insert-node",
      "node": {
        "label": "",
        "type": "SimpleType"
      },
      "location-after-char-start": 3512,
      "location-after-char-end": 3521,
      "node-str": ""
    },
    {
      "type": "insert-node",
      "node": {
        "label": "",
        "type": "MethodInvocation"
      },
      "location-after-char-start": 3523,
      "location-after-char-end": 3539,
      "node-str": ""
    },
    {
      "type": "insert-node",
      "node": {
        "label": "",
        "type": "PrefixExpression"
      },
      "location-after-char-start": 3583,
      "location-after-char-end": 3605,
      "node-str": ""
    },
    {
      "type": "insert-node",
      "node": {
        "label": "",
        "type": "Block"
      },
      "location-after-char-start": 3616,
      "location-after-char-end": 3783,
      "node-str": ""
    },
    {
      "type": "insert-node",
      "node": {
        "label": "",
        "type": "Assignment"
      },
      "location-after-char-start": 3793,
      "location-after-char-end": 3810,
      "node-str": ""
    },
    {
      "type": "insert-node",
      "node": {
        "label": "row.locker",
        "type": "QualifiedName"
      },
      "location-after-char-start": 1633,
      "location-after-char-end": 1643,
      "node-str": "row.locker"
    },
    {
      "type": "insert-node",
      "node": {
        "label": "\u003d\u003d",
        "type": "INFIX_EXPRESSION_OPERATOR"
      },
      "location-after-char-start": 1644,
      "location-after-char-end": 1646,
      "node-str": "\u003d\u003d"
    },
    {
      "type": "insert-node",
      "node": {
        "label": "",
        "type": "NullLiteral"
      },
      "location-after-char-start": 1647,
      "location-after-char-end": 1651,
      "node-str": ""
    },
    {
      "type": "insert-node",
      "node": {
        "label": "",
        "type": "METHOD_INVOCATION_RECEIVER"
      },
      "location-after-char-start": 1655,
      "location-after-char-end": 1665,
      "node-str": ""
    },
    {
      "type": "insert-node",
      "node": {
        "label": "equals",
        "type": "SimpleName"
      },
      "location-after-char-start": 1666,
      "location-after-char-end": 1672,
      "node-str": "equals"
    },
    {
      "type": "insert-node",
      "node": {
        "label": "",
        "type": "METHOD_INVOCATION_ARGUMENTS"
      },
      "location-after-char-start": 1673,
      "location-after-char-end": 1675,
      "node-str": ""
    },
    {
      "type": "insert-node",
      "node": {
        "label": "",
        "type": "Assignment"
      },
      "location-after-char-start": 1810,
      "location-after-char-end": 1827,
      "node-str": ""
    },
    {
      "type": "insert-node",
      "node": {
        "label": "",
        "type": "METHOD_INVOCATION_RECEIVER"
      },
      "location-after-char-start": 2339,
      "location-after-char-end": 2341,
      "node-str": ""
    },
    {
      "type": "insert-node",
      "node": {
        "label": "equals",
        "type": "SimpleName"
      },
      "location-after-char-start": 2342,
      "location-after-char-end": 2348,
      "node-str": "equals"
    },
    {
      "type": "insert-node",
      "node": {
        "label": "",
        "type": "METHOD_INVOCATION_ARGUMENTS"
      },
      "location-after-char-start": 2349,
      "location-after-char-end": 2359,
      "node-str": ""
    },
    {
      "type": "update-node",
      "node": {
        "label": "CachedRow",
        "type": "SimpleName"
      },
      "location-before-char-start": 1729,
      "location-before-char-end": 1738,
      "location-after-char-start": 2379,
      "location-after-char-end": 2385,
      "node-str": "String"
    },
    {
      "type": "update-node",
      "node": {
        "label": "victim",
        "type": "SimpleName"
      },
      "location-before-char-start": 1739,
      "location-before-char-end": 1745,
      "location-after-char-start": 2386,
      "location-after-char-end": 2389,
      "node-str": "msg"
    },
    {
      "type": "insert-node",
      "node": {
        "label": "",
        "type": "InfixExpression"
      },
      "location-after-char-start": 2392,
      "location-after-char-end": 2554,
      "node-str": ""
    },
    {
      "type": "insert-node",
      "node": {
        "label": "",
        "type": "SimpleType"
      },
      "location-after-char-start": 2575,
      "location-after-char-end": 2584,
      "node-str": ""
    },
    {
      "type": "insert-node",
      "node": {
        "label": "msg",
        "type": "SimpleName"
      },
      "location-after-char-start": 2585,
      "location-after-char-end": 2588,
      "node-str": "msg"
    },
    {
      "type": "insert-node",
      "node": {
        "label": "CachedRow",
        "type": "SimpleName"
      },
      "location-after-char-start": 2750,
      "location-after-char-end": 2759,
      "node-str": "CachedRow"
    },
    {
      "type": "insert-node",
      "node": {
        "label": "",
        "type": "METHOD_INVOCATION_RECEIVER"
      },
      "location-after-char-start": 2761,
      "location-after-char-end": 2769,
      "node-str": ""
    },
    {
      "type": "insert-node",
      "node": {
        "label": "get",
        "type": "SimpleName"
      },
      "location-after-char-start": 2770,
      "location-after-char-end": 2773,
      "node-str": "get"
    },
    {
      "type": "insert-node",
      "node": {
        "label": "",
        "type": "METHOD_INVOCATION_ARGUMENTS"
      },
      "location-after-char-start": 2774,
      "location-after-char-end": 2776,
      "node-str": ""
    },
    {
      "type": "insert-node",
      "node": {
        "label": "",
        "type": "InfixExpression"
      },
      "location-after-char-start": 2808,
      "location-after-char-end": 2826,
      "node-str": ""
    },
    {
      "type": "insert-node",
      "node": {
        "label": "||",
        "type": "INFIX_EXPRESSION_OPERATOR"
      },
      "location-after-char-start": 2827,
      "location-after-char-end": 2829,
      "node-str": "||"
    },
    {
      "type": "insert-node",
      "node": {
        "label": "",
        "type": "MethodInvocation"
      },
      "location-after-char-start": 2830,
      "location-after-char-end": 2851,
      "node-str": ""
    },
    {
      "type": "insert-node",
      "node": {
        "label": "CachedRow",
        "type": "SimpleName"
      },
      "location-after-char-start": 3049,
      "location-after-char-end": 3058,
      "node-str": "CachedRow"
    },
    {
      "type": "update-node",
      "node": {
        "label": "containsKey",
        "type": "SimpleName"
      },
      "location-before-char-start": 2090,
      "location-before-char-end": 2101,
      "location-after-char-start": 3069,
      "location-after-char-end": 3072,
      "node-str": "get"
    },
    {
      "type": "insert-node",
      "node": {
        "label": "",
        "type": "InfixExpression"
      },
      "location-after-char-start": 3120,
      "location-after-char-end": 3138,
      "node-str": ""
    },
    {
      "type": "insert-node",
      "node": {
        "label": "\u0026\u0026",
        "type": "INFIX_EXPRESSION_OPERATOR"
      },
      "location-after-char-start": 3139,
      "location-after-char-end": 3141,
      "node-str": "\u0026\u0026"
    },
    {
      "type": "insert-node",
      "node": {
        "label": "",
        "type": "PrefixExpression"
      },
      "location-after-char-start": 3142,
      "location-after-char-end": 3164,
      "node-str": ""
    },
    {
      "type": "insert-node",
      "node": {
        "label": "",
        "type": "ThrowStatement"
      },
      "location-after-char-start": 3189,
      "location-after-char-end": 3332,
      "node-str": ""
    },
    {
      "type": "insert-node",
      "node": {
        "label": "row.locker",
        "type": "QualifiedName"
      },
      "location-after-char-start": 3353,
      "location-after-char-end": 3363,
      "node-str": "row.locker"
    },
    {
      "type": "insert-node",
      "node": {
        "label": "\u003d",
        "type": "ASSIGNMENT_OPERATOR"
      },
      "location-after-char-start": 3364,
      "location-after-char-end": 3365,
      "node-str": "\u003d"
    },
    {
      "type": "insert-node",
      "node": {
        "label": "tx",
        "type": "SimpleName"
      },
      "location-after-char-start": 3366,
      "location-after-char-end": 3368,
      "node-str": "tx"
    },
    {
      "type": "insert-node",
      "node": {
        "label": "CachedRow",
        "type": "SimpleName"
      },
      "location-after-char-start": 3512,
      "location-after-char-end": 3521,
      "node-str": "CachedRow"
    },
    {
      "type": "insert-node",
      "node": {
        "label": "",
        "type": "METHOD_INVOCATION_RECEIVER"
      },
      "location-after-char-start": 3523,
      "location-after-char-end": 3531,
      "node-str": ""
    },
    {
      "type": "insert-node",
      "node": {
        "label": "get",
        "type": "SimpleName"
      },
      "location-after-char-start": 3532,
      "location-after-char-end": 3535,
      "node-str": "get"
    },
    {
      "type": "insert-node",
      "node": {
        "label": "",
        "type": "METHOD_INVOCATION_ARGUMENTS"
      },
      "location-after-char-start": 3536,
      "location-after-char-end": 3538,
      "node-str": ""
    },
    {
      "type": "insert-node",
      "node": {
        "label": "!",
        "type": "PREFIX_EXPRESSION_OPERATOR"
      },
      "location-after-char-start": 3583,
      "location-after-char-end": 3584,
      "node-str": "!"
    },
    {
      "type": "insert-node",
      "node": {
        "label": "",
        "type": "MethodInvocation"
      },
      "location-after-char-start": 3584,
      "location-after-char-end": 3605,
      "node-str": ""
    },
    {
      "type": "insert-node",
      "node": {
        "label": "",
        "type": "ThrowStatement"
      },
      "location-after-char-start": 3630,
      "location-after-char-end": 3772,
      "node-str": ""
    },
    {
      "type": "insert-node",
      "node": {
        "label": "row.locker",
        "type": "QualifiedName"
      },
      "location-after-char-start": 3793,
      "location-after-char-end": 3803,
      "node-str": "row.locker"
    },
    {
      "type": "insert-node",
      "node": {
        "label": "\u003d",
        "type": "ASSIGNMENT_OPERATOR"
      },
      "location-after-char-start": 3804,
      "location-after-char-end": 3805,
      "node-str": "\u003d"
    },
    {
      "type": "insert-node",
      "node": {
        "label": "",
        "type": "NullLiteral"
      },
      "location-after-char-start": 3806,
      "location-after-char-end": 3810,
      "node-str": ""
    },
    {
      "type": "insert-node",
      "node": {
        "label": "row.locker",
        "type": "QualifiedName"
      },
      "location-after-char-start": 1655,
      "location-after-char-end": 1665,
      "node-str": "row.locker"
    },
    {
      "type": "insert-node",
      "node": {
        "label": "tx",
        "type": "SimpleName"
      },
      "location-after-char-start": 1673,
      "location-after-char-end": 1675,
      "node-str": "tx"
    },
    {
      "type": "insert-node",
      "node": {
        "label": "row.locker",
        "type": "QualifiedName"
      },
      "location-after-char-start": 1810,
      "location-after-char-end": 1820,
      "node-str": "row.locker"
    },
    {
      "type": "insert-node",
      "node": {
        "label": "\u003d",
        "type": "ASSIGNMENT_OPERATOR"
      },
      "location-after-char-start": 1821,
      "location-after-char-end": 1822,
      "node-str": "\u003d"
    },
    {
      "type": "insert-node",
      "node": {
        "label": "",
        "type": "NullLiteral"
      },
      "location-after-char-start": 1823,
      "location-after-char-end": 1827,
      "node-str": ""
    },
    {
      "type": "update-node",
      "node": {
        "label": "maxCapacity",
        "type": "SimpleName"
      },
      "location-before-char-start": 1699,
      "location-before-char-end": 1710,
      "location-after-char-start": 2339,
      "location-after-char-end": 2341,
      "node-str": "tx"
    },
    {
      "type": "move-subtree",
      "node": {
        "label": "maxCapacity",
        "type": "SimpleName"
      },
      "location-before-char-start": 1699,
      "location-before-char-end": 1710,
      "location-after-char-start": 2339,
      "location-after-char-end": 2341,
      "node-str": "tx"
    },
    {
      "type": "insert-node",
      "node": {
        "label": "row.locker",
        "type": "QualifiedName"
      },
      "location-after-char-start": 2349,
      "location-after-char-end": 2359,
      "node-str": "row.locker"
    },
    {
      "type": "insert-node",
      "node": {
        "label": "\"removal of \"",
        "type": "StringLiteral"
      },
      "location-after-char-start": 2392,
      "location-after-char-end": 2405,
      "node-str": "\"removal of \""
    },
    {
      "type": "insert-node",
      "node": {
        "label": "+",
        "type": "INFIX_EXPRESSION_OPERATOR"
      },
      "location-after-char-start": 2406,
      "location-after-char-end": 2407,
      "node-str": "+"
    },
    {
      "type": "insert-node",
      "node": {
        "label": "pk",
        "type": "SimpleName"
      },
      "location-after-char-start": 2408,
      "location-after-char-end": 2410,
      "node-str": "pk"
    },
    {
      "type": "insert-node",
      "node": {
        "label": "\" rejected for \"",
        "type": "StringLiteral"
      },
      "location-after-char-start": 2413,
      "location-after-char-end": 2429,
      "node-str": "\" rejected for \""
    },
    {
      "type": "update-node",
      "node": {
        "label": "tail",
        "type": "SimpleName"
      },
      "location-before-char-start": 1748,
      "location-before-char-end": 1752,
      "location-after-char-start": 2432,
      "location-after-char-end": 2434,
      "node-str": "tx"
    },
    {
      "type": "move-subtree",
      "node": {
        "label": "tail",
        "type": "SimpleName"
      },
      "location-before-char-start": 1748,
      "location-before-char-end": 1752,
      "location-after-char-start": 2432,
      "location-after-char-end": 2434,
      "node-str": "tx"
    },
    {
      "type": "insert-node",
      "node": {
        "label": "\": \"",
        "type": "StringLiteral"
      },
      "location-after-char-start": 2437,
      "location-after-char-end": 2441,
      "node-str": "\": \""
    },
    {
      "type": "insert-node",
      "node": {
        "label": "",
        "type": "ParenthesizedExpression"
      },
      "location-after-char-start": 2456,
      "location-after-char-end": 2554,
      "node-str": ""
    },
    {
      "type": "insert-node",
      "node": {
        "label": "Exception",
        "type": "SimpleName"
      },
      "location-after-char-start": 2575,
      "location-after-char-end": 2584,
      "node-str": "Exception"
    },
    {
      "type": "insert-node",
      "node": {
        "label": "rowsById",
        "type": "SimpleName"
      },
      "location-after-char-start": 2761,
      "location-after-char-end": 2769,
      "node-str": "rowsById"
    },
    {
      "type": "insert-node",
      "node": {
        "label": "pk",
        "type": "SimpleName"
      },
      "location-after-char-start": 2774,
      "location-after-char-end": 2776,
      "node-str": "pk"
    },
    {
      "type": "insert-node",
      "node": {
        "label": "row.locker",
        "type": "QualifiedName"
      },
      "location-after-char-start": 2808,
      "location-after-char-end": 2818,
      "node-str": "row.locker"
    },
    {
      "type": "insert-node",
      "node": {
        "label": "\u003d\u003d",
        "type": "INFIX_EXPRESSION_OPERATOR"
      },
      "location-after-char-start": 2819,
      "location-after-char-end": 2821,
      "node-str": "\u003d\u003d"
    },
    {
      "type": "insert-node",
      "node": {
        "label": "",
        "type": "NullLiteral"
      },
      "location-after-char-start": 2822,
      "location-after-char-end": 2826,
      "node-str": ""
    },
    {
      "type": "insert-node",
      "node": {
        "label": "",
        "type": "METHOD_INVOCATION_RECEIVER"
      },
      "location-after-char-start": 2830,
      "location-after-char-end": 2832,
      "node-str": ""
    },
    {
      "type": "insert-node",
      "node": {
        "label": "equals",
        "type": "SimpleName"
      },
      "location-after-char-start": 2833,
      "location-after-char-end": 2839,
      "node-str": "equals"
    },
    {
      "type": "insert-node",
      "node": {
        "label": "",
        "type": "METHOD_INVOCATION_ARGUMENTS"
      },
      "location-after-char-start": 2840,
      "location-after-char-end": 2850,
      "node-str": ""
    },
    {
      "type": "insert-node",
      "node": {
        "label": "row.locker",
        "type": "QualifiedName"
      },
      "location-after-char-start": 3120,
      "location-after-char-end": 3130,
      "node-str": "row.locker"
    },
    {
      "type": "insert-node",
      "node": {
        "label": "!\u003d",
        "type": "INFIX_EXPRESSION_OPERATOR"
      },
      "location-after-char-start": 3131,
      "location-after-char-end": 3133,
      "node-str": "!\u003d"
    },
    {
      "type": "insert-node",
      "node": {
        "label": "",
        "type": "NullLiteral"
      },
      "location-after-char-start": 3134,
      "location-after-char-end": 3138,
      "node-str": ""
    },
    {
      "type": "insert-node",
      "node": {
        "label": "!",
        "type": "PREFIX_EXPRESSION_OPERATOR"
      },
      "location-after-char-start": 3142,
      "location-after-char-end": 3143,
      "node-str": "!"
    },
    {
      "type": "insert-node",
      "node": {
        "label": "",
        "type": "MethodInvocation"
      },
      "location-after-char-start": 3143,
      "location-after-char-end": 3164,
      "node-str": ""
    },
    {
      "type": "insert-node",
      "node": {
        "label": "",
        "type": "ClassInstanceCreation"
      },
      "location-after-char-start": 3195,
      "location-after-char-end": 3331,
      "node-str": ""
    },
    {
      "type": "insert-node",
      "node": {
        "label": "rowsById",
        "type": "SimpleName"
      },
      "location-after-char-start": 3523,
      "location-after-char-end": 3531,
      "node-str": "rowsById"
    },
    {
      "type": "insert-node",
      "node": {
        "label": "pk",
        "type": "SimpleName"
      },
      "location-after-char-start": 3536,
      "location-after-char-end": 3538,
      "node-str": "pk"
    },
    {
      "type": "insert-node",
      "node": {
        "label": "",
        "type": "METHOD_INVOCATION_RECEIVER"
      },
      "location-after-char-start": 3584,
      "location-after-char-end": 3586,
      "node-str": ""
    },
    {
      "type": "insert-node",
      "node": {
        "label": "equals",
        "type": "SimpleName"
      },
      "location-after-char-start": 3587,
      "location-after-char-end": 3593,
      "node-str": "equals"
    },
    {
      "type": "insert-node",
      "node": {
        "label": "",
        "type": "METHOD_INVOCATION_ARGUMENTS"
      },
      "location-after-char-start": 3594,
      "location-after-char-end": 3604,
      "node-str": ""
    },
    {
      "type": "insert-node",
      "node": {
        "label": "",
        "type": "ClassInstanceCreation"
      },
      "location-after-char-start": 3636,
      "location-after-char-end": 3771,
      "node-str": ""
    },
    {
      "type": "insert-node",
      "node": {
        "label": "",
        "type": "ConditionalExpression"
      },
      "location-after-char-start": 2457,
      "location-after-char-end": 2553,
      "node-str": ""
    },
    {
      "type": "insert-node",
      "node": {
        "label": "tx",
        "type": "SimpleName"
      },
      "location-after-char-start": 2830,
      "location-after-char-end": 2832,
      "node-str": "tx"
    },
    {
      "type": "insert-node",
      "node": {
        "label": "row.locker",
        "type": "QualifiedName"
      },
      "location-after-char-start": 2840,
      "location-after-char-end": 2850,
      "node-str": "row.locker"
    },
    {
      "type": "insert-node",
      "node": {
        "label": "",
        "type": "METHOD_INVOCATION_RECEIVER"
      },
      "location-after-char-start": 3143,
      "location-after-char-end": 3145,
      "node-str": ""
    },
    {
      "type": "insert-node",
      "node": {
        "label": "equals",
        "type": "SimpleName"
      },
      "location-after-char-start": 3146,
      "location-after-char-end": 3152,
      "node-str": "equals"
    },
    {
      "type": "insert-node",
      "node": {
        "label": "",
        "type": "METHOD_INVOCATION_ARGUMENTS"
      },
      "location-after-char-start": 3153,
      "location-after-char-end": 3163,
      "node-str": ""
    },
    {
      "type": "insert-node",
      "node": {
        "label": "",
        "type": "SimpleType"
      },
      "location-after-char-start": 3199,
      "location-after-char-end": 3208,
      "node-str": ""
    },
    {
      "type": "insert-node",
      "node": {
        "label": "",
        "type": "InfixExpression"
      },
      "location-after-char-start": 3209,
      "location-after-char-end": 3330,
      "node-str": ""
    },
    {
      "type": "insert-node",
      "node": {
        "label": "tx",
        "type": "SimpleName"
      },
      "location-after-char-start": 3584,
      "location-after-char-end": 3586,
      "node-str": "tx"
    },
    {
      "type": "insert-node",
      "node": {
        "label": "row.locker",
        "type": "QualifiedName"
      },
      "location-after-char-start": 3594,
      "location-after-char-end": 3604,
      "node-str": "row.locker"
    },
    {
      "type": "insert-node",
      "node": {
        "label": "",
        "type": "SimpleType"
      },
      "location-after-char-start": 3640,
      "location-after-char-end": 3649,
      "node-str": ""
    },
    {
      "type": "insert-node",
      "node": {
        "label": "",
        "type": "InfixExpression"
      },
      "location-after-char-start": 3650,
      "location-after-char-end": 3770,
      "node-str": ""
    },
    {
      "type": "insert-node",
      "node": {
        "label": "",
        "type": "InfixExpression"
      },
      "location-after-char-start": 2457,
      "location-after-char-end": 2468,
      "node-str": ""
    },
    {
      "type": "insert-node",
      "node": {
        "label": "\"the entry could not be found\"",
        "type": "StringLiteral"
      },
      "location-after-char-start": 2471,
      "location-after-char-end": 2501,
      "node-str": "\"the entry could not be found\""
    },
    {
      "type": "insert-node",
      "node": {
        "label": "",
        "type": "InfixExpression"
      },
      "location-after-char-start": 2504,
      "location-after-char-end": 2553,
      "node-str": ""
    },
    {
      "type": "insert-node",
      "node": {
        "label": "tx",
        "type": "SimpleName"
      },
      "location-after-char-start": 3143,
      "location-after-char-end": 3145,
      "node-str": "tx"
    },
    {
      "type": "insert-node",
      "node": {
        "label": "row.locker",
        "type": "QualifiedName"
      },
      "location-after-char-start": 3153,
      "location-after-char-end": 3163,
      "node-str": "row.locker"
    },
    {
      "type": "insert-node",
      "node": {
        "label": "Exception",
        "type": "SimpleName"
      },
      "location-after-char-start": 3199,
      "location-after-char-end": 3208,
      "node-str": "Exception"
    },
    {
      "type": "insert-node",
      "node": {
        "label": "\"lock acquisition rejected for \"",
        "type": "StringLiteral"
      },
      "location-after-char-start": 3209,
      "location-after-char-end": 3241,
      "node-str": "\"lock acquisition rejected for \""
    },
    {
      "type": "insert-node",
      "node": {
        "label": "+",
        "type": "INFIX_EXPRESSION_OPERATOR"
      },
      "location-after-char-start": 3242,
      "location-after-char-end": 3243,
      "node-str": "+"
    },
    {
      "type": "insert-node",
      "node": {
        "label": "tx",
        "type": "SimpleName"
      },
      "location-after-char-start": 3244,
      "location-after-char-end": 3246,
      "node-str": "tx"
    },
    {
      "type": "insert-node",
      "node": {
        "label": "\", the entry is locked for update by \"",
        "type": "StringLiteral"
      },
      "location-after-char-start": 3264,
      "location-after-char-end": 3302,
      "node-str": "\", the entry is locked for update by \""
    },
    {
      "type": "insert-node",
      "node": {
        "label": "row.locker",
        "type": "QualifiedName"
      },
      "location-after-char-start": 3305,
      "location-after-char-end": 3315,
      "node-str": "row.locker"
    },
    {
      "type": "insert-node",
      "node": {
        "label": "\", id\u003d\"",
        "type": "StringLiteral"
      },
      "location-after-char-start": 3318,
      "location-after-char-end": 3325,
      "node-str": "\", id\u003d\""
    },
    {
      "type": "insert-node",
      "node": {
        "label": "pk",
        "type": "SimpleName"
      },
      "location-after-char-start": 3328,
      "location-after-char-end": 3330,
      "node-str": "pk"
    },
    {
      "type": "insert-node",
      "node": {
        "label": "Exception",
        "type": "SimpleName"
      },
      "location-after-char-start": 3640,
      "location-after-char-end": 3649,
      "node-str": "Exception"
    },
    {
      "type": "insert-node",
      "node": {
        "label": "\"rejected to release lock for \"",
        "type": "StringLiteral"
      },
      "location-after-char-start": 3650,
      "location-after-char-end": 3681,
      "node-str": "\"rejected to release lock for \""
    },
    {
      "type": "insert-node",
      "node": {
        "label": "+",
        "type": "INFIX_EXPRESSION_OPERATOR"
      },
      "location-after-char-start": 3682,
      "location-after-char-end": 3683,
      "node-str": "+"
    },
    {
      "type": "insert-node",
      "node": {
        "label": "tx",
        "type": "SimpleName"
      },
      "location-after-char-start": 3684,
      "location-after-char-end": 3686,
      "node-str": "tx"
    },
    {
      "type": "insert-node",
      "node": {
        "label": "\", the entry is locked for update by \"",
        "type": "StringLiteral"
      },
      "location-after-char-start": 3704,
      "location-after-char-end": 3742,
      "node-str": "\", the entry is locked for update by \""
    },
    {
      "type": "insert-node",
      "node": {
        "label": "row.locker",
        "type": "QualifiedName"
      },
      "location-after-char-start": 3745,
      "location-after-char-end": 3755,
      "node-str": "row.locker"
    },
    {
      "type": "insert-node",
      "node": {
        "label": "\", id\u003d\"",
        "type": "StringLiteral"
      },
      "location-after-char-start": 3758,
      "location-after-char-end": 3765,
      "node-str": "\", id\u003d\""
    },
    {
      "type": "insert-node",
      "node": {
        "label": "pk",
        "type": "SimpleName"
      },
      "location-after-char-start": 3768,
      "location-after-char-end": 3770,
      "node-str": "pk"
    },
    {
      "type": "insert-node",
      "node": {
        "label": "row",
        "type": "SimpleName"
      },
      "location-after-char-start": 2457,
      "location-after-char-end": 2460,
      "node-str": "row"
    },
    {
      "type": "insert-node",
      "node": {
        "label": "\u003d\u003d",
        "type": "INFIX_EXPRESSION_OPERATOR"
      },
      "location-after-char-start": 2461,
      "location-after-char-end": 2463,
      "node-str": "\u003d\u003d"
    },
    {
      "type": "insert-node",
      "node": {
        "label": "",
        "type": "NullLiteral"
      },
      "location-after-char-start": 2464,
      "location-after-char-end": 2468,
      "node-str": ""
    },
    {
      "type": "insert-node",
      "node": {
        "label": "\"the entry is locked for update by \"",
        "type": "StringLiteral"
      },
      "location-after-char-start": 2504,
      "location-after-char-end": 2540,
      "node-str": "\"the entry is locked for update by \""
    },
    {
      "type": "insert-node",
      "node": {
        "label": "+",
        "type": "INFIX_EXPRESSION_OPERATOR"
      },
      "location-after-char-start": 2541,
      "location-after-char-end": 2542,
      "node-str": "+"
    },
    {
      "type": "insert-node",
      "node": {
        "label": "row.locker",
        "type": "QualifiedName"
      },
      "location-after-char-start": 2543,
      "location-after-char-end": 2553,
      "node-str": "row.locker"
    },
    {
      "type": "delete-node",
      "node": {
        "label": "org.jboss.ejb.plugins.cmp.jdbc2.schema",
        "type": "QualifiedName"
      },
      "location-before-char-start": 127,
      "location-before-char-end": 165,
      "node-str": "org.jboss.ejb.plugins.cmp.jdbc2.schema"
    },
    {
      "type": "delete-node",
      "node": {
        "label": "",
        "type": "PackageDeclaration"
      },
      "location-before-char-start": 119,
      "location-before-char-end": 166,
      "node-str": ""
    },
    {
      "type": "delete-node",
      "node": {
        "label": "java.util.Map",
        "type": "QualifiedName"
      },
      "location-before-char-start": 175,
      "location-before-char-end": 188,
      "node-str": "java.util.Map"
    },
    {
      "type": "delete-node",
      "node": {
        "label": "",
        "type": "ImportDeclaration"
      },
      "location-before-char-start": 168,
      "location-before-char-end": 189,
      "node-str": ""
    },
    {
      "type": "delete-node",
      "node": {
        "label": "java.util.HashMap",
        "type": "QualifiedName"
      },
      "location-before-char-start": 197,
      "location-before-char-end": 214,
      "node-str": "java.util.HashMap"
    },
    {
      "type": "delete-node",
      "node": {
        "label": "",
        "type": "ImportDeclaration"
      },
      "location-before-char-start": 190,
      "location-before-char-end": 215,
      "node-str": ""
    },
    {
      "type": "delete-node",
      "node": {
        "label": "rowsById",
        "type": "SimpleName"
      },
      "location-before-char-start": 1681,
      "location-before-char-end": 1689,
      "node-str": "rowsById"
    },
    {
      "type": "delete-node",
      "node": {
        "label": "",
        "type": "METHOD_INVOCATION_RECEIVER"
      },
      "location-before-char-start": 1681,
      "location-before-char-end": 1689,
      "node-str": ""
    },
    {
      "type": "delete-node",
      "node": {
        "label": "size",
        "type": "SimpleName"
      },
      "location-before-char-start": 1690,
      "location-before-char-end": 1694,
      "node-str": "size"
    },
    {
      "type": "delete-node",
      "node": {
        "label": "",
        "type": "MethodInvocation"
      },
      "location-before-char-start": 1681,
      "location-before-char-end": 1696,
      "node-str": ""
    },
    {
      "type": "delete-node",
      "node": {
        "label": "",
        "type": "InfixExpression"
      },
      "location-before-char-start": 1681,
      "location-before-char-end": 1710,
      "node-str": ""
    },
    {
      "type": "delete-node",
      "node": {
        "label": "dereference",
        "type": "SimpleName"
      },
      "location-before-char-start": 1763,
      "location-before-char-end": 1774,
      "node-str": "dereference"
    },
    {
      "type": "delete-node",
      "node": {
        "label": "victim",
        "type": "SimpleName"
      },
      "location-before-char-start": 1775,
      "location-before-char-end": 1781,
      "node-str": "victim"
    },
    {
      "type": "delete-node",
      "node": {
        "label": "",
        "type": "METHOD_INVOCATION_ARGUMENTS"
      },
      "location-before-char-start": 1775,
      "location-before-char-end": 1781,
      "node-str": ""
    },
    {
      "type": "delete-node",
      "node": {
        "label": "",
        "type": "MethodInvocation"
      },
      "location-before-char-start": 1763,
      "location-before-char-end": 1782,
      "node-str": ""
    },
    {
      "type": "delete-node",
      "node": {
        "label": "",
        "type": "ExpressionStatement"
      },
      "location-before-char-start": 1763,
      "location-before-char-end": 1783,
      "node-str": ""
    },
    {
      "type": "delete-node",
      "node": {
        "label": "",
        "type": "Block"
      },
      "location-before-char-start": 1718,
      "location-before-char-end": 1828,
      "node-str": ""
    },
    {
      "type": "delete-node",
      "node": {
        "label": "",
        "type": "WhileStatement"
      },
      "location-before-char-start": 1675,
      "location-before-char-end": 1828,
      "node-str": ""
    },
    {
      "type": "delete-node",
      "node": {
        "label": "rowsById",
        "type": "SimpleName"
      },
      "location-before-char-start": 1793,
      "location-before-char-end": 1801,
      "node-str": "rowsById"
    },
    {
      "type": "delete-node",
      "node": {
        "label": "",
        "type": "METHOD_INVOCATION_RECEIVER"
      },
      "location-before-char-start": 1793,
      "location-before-char-end": 1801,
      "node-str": ""
    },
    {
      "type": "delete-node",
      "node": {
        "label": "remove",
        "type": "SimpleName"
      },
      "location-before-char-start": 1802,
      "location-before-char-end": 1808,
      "node-str": "remove"
    },
    {
      "type": "delete-node",
      "node": {
        "label": "",
        "type": "METHOD_INVOCATION_ARGUMENTS"
      },
      "location-before-char-start": 1809,
      "location-before-char-end": 1818,
      "node-str": ""
    },
    {
      "type": "delete-node",
      "node": {
        "label": "",
        "type": "MethodInvocation"
      },
      "location-before-char-start": 1793,
      "location-before-char-end": 1819,
      "node-str": ""
    },
    {
      "type": "delete-node",
      "node": {
        "label": "",
        "type": "ReturnStatement"
      },
      "location-before-char-start": 2074,
      "location-before-char-end": 2106,
      "node-str": ""
    },
    {
      "type": "delete-node",
      "node": {
        "label": "",
        "type": "Block"
      },
      "location-before-char-start": 2066,
      "location-before-char-end": 2111,
      "node-str": ""
    }
  ],
  "before-file": {},
  "after-file": {},
  "mapping": {}
}