{
  "tool-info": {},
  "diff": [
    {
      "type": "insert-node",
      "node": {
        "label": "createWorkingSetEditWizard",
        "type": "Method"
      },
      "location-after-char-start": 3097,
      "location-after-char-end": 4008,
      "node-str": "createWorkingSetEditWizard"
    },
    {
      "type": "insert-node",
      "node": {
        "label": "org.eclipse.ui.dialogs.IWorkingSetEditWizard",
        "type": "RETURN_TYPE"
      },
      "location-after-char-start": 0,
      "location-after-char-end": 0,
      "node-str": "org.eclipse.ui.dialogs.IWorkingSetEditWizard"
    },
    {
      "type": "insert-node",
      "node": {
        "label": "abstract",
        "type": "Modifier"
      },
      "location-after-char-start": 0,
      "location-after-char-end": 0,
      "node-str": "abstract"
    },
    {
      "type": "insert-node",
      "node": {
        "label": "public",
        "type": "Modifier"
      },
      "location-after-char-start": 0,
      "location-after-char-end": 0,
      "node-str": "public"
    },
    {
      "type": "insert-node",
      "node": {
        "label": "workingSet",
        "type": "Parameter"
      },
      "location-after-char-start": 3985,
      "location-after-char-end": 4006,
      "node-str": "workingSet"
    },
    {
      "type": "insert-node",
      "node": {
        "label": "org.eclipse.ui.IWorkingSet",
        "type": "VARIABLE_TYPE"
      },
      "location-after-char-start": 0,
      "location-after-char-end": 0,
      "node-str": "org.eclipse.ui.IWorkingSet"
    }
  ],
  "before-file": {},
  "after-file": {},
  "mapping": {}
}