{
  "tool-info": {},
  "diff": [
    {
      "type": "insert-node",
      "node": {
        "label": "public",
        "type": "Modifier"
      },
      "location-after-char-start": 3164,
      "location-after-char-end": 3170,
      "node-str": "public"
    },
    {
      "type": "insert-node",
      "node": {
        "label": "class",
        "type": "TYPE_DECLARATION_KIND"
      },
      "location-after-char-start": 3171,
      "location-after-char-end": 3176,
      "node-str": "class"
    },
    {
      "type": "insert-node",
      "node": {
        "label": "GlobalArtifactTypes",
        "type": "SimpleName"
      },
      "location-after-char-start": 3177,
      "location-after-char-end": 3196,
      "node-str": "GlobalArtifactTypes"
    },
    {
      "type": "insert-node",
      "node": {
        "label": "public",
        "type": "Modifier"
      },
      "location-after-char-start": 6151,
      "location-after-char-end": 6157,
      "node-str": "public"
    },
    {
      "type": "insert-node",
      "node": {
        "label": "void",
        "type": "PrimitiveType"
      },
      "location-after-char-start": 6158,
      "location-after-char-end": 6162,
      "node-str": "void"
    },
    {
      "type": "insert-node",
      "node": {
        "label": "doDelete",
        "type": "SimpleName"
      },
      "location-after-char-start": 6163,
      "location-after-char-end": 6171,
      "node-str": "doDelete"
    },
    {
      "type": "move-subtree",
      "node": {
        "label": "",
        "type": "Block"
      },
      "location-before-char-start": 6627,
      "location-before-char-end": 7485,
      "location-after-char-start": 6240,
      "location-after-char-end": 8288,
      "node-str": ""
    },
    {
      "type": "move-subtree",
      "node": {
        "label": "",
        "type": "VariableDeclarationStatement"
      },
      "location-before-char-start": 6250,
      "location-before-char-end": 6268,
      "location-after-char-start": 6250,
      "location-after-char-end": 6268,
      "node-str": ""
    },
    {
      "type": "move-subtree",
      "node": {
        "label": "",
        "type": "VariableDeclarationStatement"
      },
      "location-before-char-start": 6277,
      "location-before-char-end": 6294,
      "location-after-char-start": 6277,
      "location-after-char-end": 6294,
      "node-str": ""
    },
    {
      "type": "move-subtree",
      "node": {
        "label": "",
        "type": "VariableDeclarationStatement"
      },
      "location-before-char-start": 6303,
      "location-before-char-end": 6330,
      "location-after-char-start": 6303,
      "location-after-char-end": 6330,
      "node-str": ""
    },
    {
      "type": "move-subtree",
      "node": {
        "label": "",
        "type": "VariableDeclarationStatement"
      },
      "location-before-char-start": 6339,
      "location-before-char-end": 6363,
      "location-after-char-start": 6339,
      "location-after-char-end": 6363,
      "node-str": ""
    },
    {
      "type": "move-subtree",
      "node": {
        "label": "",
        "type": "VariableDeclarationStatement"
      },
      "location-before-char-start": 6372,
      "location-before-char-end": 6398,
      "location-after-char-start": 6372,
      "location-after-char-end": 6398,
      "node-str": ""
    },
    {
      "type": "insert-node",
      "node": {
        "label": "",
        "type": "VariableDeclarationStatement"
      },
      "location-after-char-start": 6407,
      "location-after-char-end": 6433,
      "node-str": ""
    },
    {
      "type": "move-subtree",
      "node": {
        "label": "",
        "type": "VariableDeclarationStatement"
      },
      "location-before-char-start": 6408,
      "location-before-char-end": 6455,
      "location-after-char-start": 6442,
      "location-after-char-end": 6489,
      "node-str": ""
    },
    {
      "type": "move-subtree",
      "node": {
        "label": "",
        "type": "VariableDeclarationStatement"
      },
      "location-before-char-start": 6464,
      "location-before-char-end": 6523,
      "location-after-char-start": 6498,
      "location-after-char-end": 6557,
      "node-str": ""
    },
    {
      "type": "move-subtree",
      "node": {
        "label": "",
        "type": "VariableDeclarationStatement"
      },
      "location-before-char-start": 6532,
      "location-before-char-end": 6575,
      "location-after-char-start": 6566,
      "location-after-char-end": 6609,
      "node-str": ""
    },
    {
      "type": "move-subtree",
      "node": {
        "label": "",
        "type": "ForStatement"
      },
      "location-before-char-start": 6584,
      "location-before-char-end": 7485,
      "location-after-char-start": 6618,
      "location-after-char-end": 7736,
      "node-str": ""
    },
    {
      "type": "move-subtree",
      "node": {
        "label": "",
        "type": "VariableDeclarationStatement"
      },
      "location-before-char-start": 7494,
      "location-before-char-end": 7552,
      "location-after-char-start": 7745,
      "location-after-char-end": 7803,
      "node-str": ""
    },
    {
      "type": "insert-node",
      "node": {
        "label": "",
        "type": "IfStatement"
      },
      "location-after-char-start": 7812,
      "location-after-char-end": 8282,
      "node-str": ""
    },
    {
      "type": "insert-node",
      "node": {
        "label": "boolean",
        "type": "PrimitiveType"
      },
      "location-after-char-start": 6407,
      "location-after-char-end": 6414,
      "node-str": "boolean"
    },
    {
      "type": "insert-node",
      "node": {
        "label": "",
        "type": "VariableDeclarationFragment"
      },
      "location-after-char-start": 6415,
      "location-after-char-end": 6432,
      "node-str": ""
    },
    {
      "type": "move-subtree",
      "node": {
        "label": "",
        "type": "Block"
      },
      "location-before-char-start": 6725,
      "location-before-char-end": 7475,
      "location-after-char-start": 6661,
      "location-after-char-end": 7736,
      "node-str": ""
    },
    {
      "type": "insert-node",
      "node": {
        "label": "immutable",
        "type": "SimpleName"
      },
      "location-after-char-start": 7816,
      "location-after-char-end": 7825,
      "node-str": "immutable"
    },
    {
      "type": "insert-node",
      "node": {
        "label": "",
        "type": "Block"
      },
      "location-after-char-start": 7835,
      "location-after-char-end": 7933,
      "node-str": ""
    },
    {
      "type": "move-subtree",
      "node": {
        "label": "",
        "type": "IfStatement"
      },
      "location-before-char-start": 7561,
      "location-before-char-end": 7896,
      "location-after-char-start": 7947,
      "location-after-char-end": 8282,
      "node-str": ""
    },
    {
      "type": "insert-node",
      "node": {
        "label": "immutable",
        "type": "SimpleName"
      },
      "location-after-char-start": 6415,
      "location-after-char-end": 6424,
      "node-str": "immutable"
    },
    {
      "type": "insert-node",
      "node": {
        "label": "false",
        "type": "BooleanLiteral"
      },
      "location-after-char-start": 6427,
      "location-after-char-end": 6432,
      "node-str": "false"
    },
    {
      "type": "move-subtree",
      "node": {
        "label": "",
        "type": "ExpressionStatement"
      },
      "location-before-char-start": 6642,
      "location-before-char-end": 6667,
      "location-after-char-start": 6676,
      "location-after-char-end": 6701,
      "node-str": ""
    },
    {
      "type": "insert-node",
      "node": {
        "label": "",
        "type": "ExpressionStatement"
      },
      "location-after-char-start": 7849,
      "location-after-char-end": 7923,
      "node-str": ""
    },
    {
      "type": "move-subtree",
      "node": {
        "label": "",
        "type": "MethodInvocation"
      },
      "location-before-char-start": 6685,
      "location-before-char-end": 6710,
      "location-after-char-start": 6719,
      "location-after-char-end": 6744,
      "node-str": ""
    },
    {
      "type": "insert-node",
      "node": {
        "label": "",
        "type": "MethodInvocation"
      },
      "location-after-char-start": 7849,
      "location-after-char-end": 7922,
      "node-str": ""
    },
    {
      "type": "move-subtree",
      "node": {
        "label": "",
        "type": "ExpressionStatement"
      },
      "location-before-char-start": 6743,
      "location-before-char-end": 6765,
      "location-after-char-start": 6777,
      "location-after-char-end": 6799,
      "node-str": ""
    },
    {
      "type": "move-subtree",
      "node": {
        "label": "",
        "type": "ExpressionStatement"
      },
      "location-before-char-start": 6782,
      "location-before-char-end": 6840,
      "location-after-char-start": 6816,
      "location-after-char-end": 6874,
      "node-str": ""
    },
    {
      "type": "insert-node",
      "node": {
        "label": "",
        "type": "METHOD_INVOCATION_RECEIVER"
      },
      "location-after-char-start": 7849,
      "location-after-char-end": 7856,
      "node-str": ""
    },
    {
      "type": "insert-node",
      "node": {
        "label": "setAlertMessage",
        "type": "SimpleName"
      },
      "location-after-char-start": 7857,
      "location-after-char-end": 7872,
      "node-str": "setAlertMessage"
    },
    {
      "type": "insert-node",
      "node": {
        "label": "",
        "type": "METHOD_INVOCATION_ARGUMENTS"
      },
      "location-after-char-start": 7873,
      "location-after-char-end": 7921,
      "node-str": ""
    },
    {
      "type": "move-subtree",
      "node": {
        "label": "",
        "type": "InfixExpression"
      },
      "location-before-char-start": 6861,
      "location-before-char-end": 6878,
      "location-after-char-start": 6895,
      "location-after-char-end": 6912,
      "node-str": ""
    },
    {
      "type": "insert-node",
      "node": {
        "label": "scarabR",
        "type": "SimpleName"
      },
      "location-after-char-start": 7849,
      "location-after-char-end": 7856,
      "node-str": "scarabR"
    },
    {
      "type": "insert-node",
      "node": {
        "label": "",
        "type": "MethodInvocation"
      },
      "location-after-char-start": 7873,
      "location-after-char-end": 7921,
      "node-str": ""
    },
    {
      "type": "insert-node",
      "node": {
        "label": "",
        "type": "IfStatement"
      },
      "location-after-char-start": 7089,
      "location-after-char-end": 7694,
      "node-str": ""
    },
    {
      "type": "insert-node",
      "node": {
        "label": "",
        "type": "METHOD_INVOCATION_RECEIVER"
      },
      "location-after-char-start": 7873,
      "location-after-char-end": 7877,
      "node-str": ""
    },
    {
      "type": "insert-node",
      "node": {
        "label": "get",
        "type": "SimpleName"
      },
      "location-after-char-start": 7878,
      "location-after-char-end": 7881,
      "node-str": "get"
    },
    {
      "type": "insert-node",
      "node": {
        "label": "",
        "type": "METHOD_INVOCATION_ARGUMENTS"
      },
      "location-after-char-start": 7882,
      "location-after-char-end": 7920,
      "node-str": ""
    },
    {
      "type": "insert-node",
      "node": {
        "label": "",
        "type": "MethodInvocation"
      },
      "location-after-char-start": 7093,
      "location-after-char-end": 7120,
      "node-str": ""
    },
    {
      "type": "insert-node",
      "node": {
        "label": "",
        "type": "Block"
      },
      "location-after-char-start": 7142,
      "location-after-char-end": 7289,
      "node-str": ""
    },
    {
      "type": "move-subtree",
      "node": {
        "label": "",
        "type": "IfStatement"
      },
      "location-before-char-start": 6681,
      "location-before-char-end": 7475,
      "location-after-char-start": 7315,
      "location-after-char-end": 7694,
      "node-str": ""
    },
    {
      "type": "insert-node",
      "node": {
        "label": "l10n",
        "type": "SimpleName"
      },
      "location-after-char-start": 7873,
      "location-after-char-end": 7877,
      "node-str": "l10n"
    },
    {
      "type": "insert-node",
      "node": {
        "label": "\"CannotDeleteSystemSpecifiedIssueType\"",
        "type": "StringLiteral"
      },
      "location-after-char-start": 7882,
      "location-after-char-end": 7920,
      "node-str": "\"CannotDeleteSystemSpecifiedIssueType\""
    },
    {
      "type": "insert-node",
      "node": {
        "label": "",
        "type": "METHOD_INVOCATION_RECEIVER"
      },
      "location-after-char-start": 7093,
      "location-after-char-end": 7102,
      "node-str": ""
    },
    {
      "type": "insert-node",
      "node": {
        "label": "isSystemDefined",
        "type": "SimpleName"
      },
      "location-after-char-start": 7103,
      "location-after-char-end": 7118,
      "node-str": "isSystemDefined"
    },
    {
      "type": "insert-node",
      "node": {
        "label": "",
        "type": "ExpressionStatement"
      },
      "location-after-char-start": 7168,
      "location-after-char-end": 7225,
      "node-str": ""
    },
    {
      "type": "insert-node",
      "node": {
        "label": "",
        "type": "ExpressionStatement"
      },
      "location-after-char-start": 7250,
      "location-after-char-end": 7267,
      "node-str": ""
    },
    {
      "type": "move-subtree",
      "node": {
        "label": "",
        "type": "MethodInvocation"
      },
      "location-before-char-start": 6922,
      "location-before-char-end": 6943,
      "location-after-char-start": 7319,
      "location-after-char-end": 7340,
      "node-str": ""
    },
    {
      "type": "insert-node",
      "node": {
        "label": "",
        "type": "Block"
      },
      "location-after-char-start": 7362,
      "location-after-char-end": 7491,
      "node-str": ""
    },
    {
      "type": "move-subtree",
      "node": {
        "label": "",
        "type": "Block"
      },
      "location-before-char-start": 7286,
      "location-before-char-end": 7443,
      "location-after-char-start": 7537,
      "location-after-char-end": 7694,
      "node-str": ""
    },
    {
      "type": "insert-node",
      "node": {
        "label": "issueType",
        "type": "SimpleName"
      },
      "location-after-char-start": 7093,
      "location-after-char-end": 7102,
      "node-str": "issueType"
    },
    {
      "type": "insert-node",
      "node": {
        "label": "",
        "type": "MethodInvocation"
      },
      "location-after-char-start": 7168,
      "location-after-char-end": 7224,
      "node-str": ""
    },
    {
      "type": "insert-node",
      "node": {
        "label": "",
        "type": "Assignment"
      },
      "location-after-char-start": 7250,
      "location-after-char-end": 7266,
      "node-str": ""
    },
    {
      "type": "move-subtree",
      "node": {
        "label": "",
        "type": "ExpressionStatement"
      },
      "location-before-char-start": 7136,
      "location-before-char-end": 7175,
      "location-after-char-start": 7388,
      "location-after-char-end": 7427,
      "node-str": ""
    },
    {
      "type": "move-subtree",
      "node": {
        "label": "",
        "type": "ExpressionStatement"
      },
      "location-before-char-start": 7200,
      "location-before-char-end": 7217,
      "location-after-char-start": 7452,
      "location-after-char-end": 7469,
      "node-str": ""
    },
    {
      "type": "insert-node",
      "node": {
        "label": "",
        "type": "METHOD_INVOCATION_RECEIVER"
      },
      "location-after-char-start": 7168,
      "location-after-char-end": 7173,
      "node-str": ""
    },
    {
      "type": "insert-node",
      "node": {
        "label": "setMessage",
        "type": "SimpleName"
      },
      "location-after-char-start": 7174,
      "location-after-char-end": 7184,
      "node-str": "setMessage"
    },
    {
      "type": "insert-node",
      "node": {
        "label": "",
        "type": "METHOD_INVOCATION_ARGUMENTS"
      },
      "location-after-char-start": 7185,
      "location-after-char-end": 7223,
      "node-str": ""
    },
    {
      "type": "insert-node",
      "node": {
        "label": "immutable",
        "type": "SimpleName"
      },
      "location-after-char-start": 7250,
      "location-after-char-end": 7259,
      "node-str": "immutable"
    },
    {
      "type": "insert-node",
      "node": {
        "label": "\u003d",
        "type": "ASSIGNMENT_OPERATOR"
      },
      "location-after-char-start": 7260,
      "location-after-char-end": 7261,
      "node-str": "\u003d"
    },
    {
      "type": "insert-node",
      "node": {
        "label": "true",
        "type": "BooleanLiteral"
      },
      "location-after-char-start": 7262,
      "location-after-char-end": 7266,
      "node-str": "true"
    },
    {
      "type": "insert-node",
      "node": {
        "label": "field",
        "type": "SimpleName"
      },
      "location-after-char-start": 7168,
      "location-after-char-end": 7173,
      "node-str": "field"
    },
    {
      "type": "insert-node",
      "node": {
        "label": "\"CannotDeleteSystemSpecifiedIssueType\"",
        "type": "StringLiteral"
      },
      "location-after-char-start": 7185,
      "location-after-char-end": 7223,
      "node-str": "\"CannotDeleteSystemSpecifiedIssueType\""
    },
    {
      "type": "delete-node",
      "node": {
        "label": "public",
        "type": "Modifier"
      },
      "location-before-char-start": 3164,
      "location-before-char-end": 3170,
      "node-str": "public"
    },
    {
      "type": "delete-node",
      "node": {
        "label": "class",
        "type": "TYPE_DECLARATION_KIND"
      },
      "location-before-char-start": 3171,
      "location-before-char-end": 3176,
      "node-str": "class"
    },
    {
      "type": "delete-node",
      "node": {
        "label": "GlobalArtifactTypes",
        "type": "SimpleName"
      },
      "location-before-char-start": 3177,
      "location-before-char-end": 3196,
      "node-str": "GlobalArtifactTypes"
    },
    {
      "type": "delete-node",
      "node": {
        "label": "public",
        "type": "Modifier"
      },
      "location-before-char-start": 6151,
      "location-before-char-end": 6157,
      "node-str": "public"
    },
    {
      "type": "delete-node",
      "node": {
        "label": "void",
        "type": "PrimitiveType"
      },
      "location-before-char-start": 6158,
      "location-before-char-end": 6162,
      "node-str": "void"
    },
    {
      "type": "delete-node",
      "node": {
        "label": "doDelete",
        "type": "SimpleName"
      },
      "location-before-char-start": 6163,
      "location-before-char-end": 6171,
      "node-str": "doDelete"
    },
    {
      "type": "delete-node",
      "node": {
        "label": "",
        "type": "Block"
      },
      "location-before-char-start": 6240,
      "location-before-char-end": 7902,
      "node-str": ""
    }
  ],
  "before-file": {},
  "after-file": {},
  "mapping": {}
}