{
  "tool-info": {},
  "diff": [
    {
      "type": "insert-node",
      "node": {
        "label": "DatabaseInitializer",
        "type": "Class"
      },
      "location-after-char-start": 2836,
      "location-after-char-end": 7281,
      "node-str": "DatabaseInitializer"
    },
    {
      "type": "insert-node",
      "node": {
        "label": "public",
        "type": "Modifier"
      },
      "location-after-char-start": 0,
      "location-after-char-end": 0,
      "node-str": "public"
    },
    {
      "type": "insert-node",
      "node": {
        "label": "",
        "type": "TypeReference"
      },
      "location-after-char-start": 2975,
      "location-after-char-end": 2985,
      "node-str": ""
    },
    {
      "type": "move-subtree",
      "node": {
        "label": "PRE_L10N",
        "type": "Field"
      },
      "location-before-char-start": 2993,
      "location-before-char-end": 3042,
      "location-after-char-start": 2993,
      "location-after-char-end": 3042,
      "node-str": "PRE_L10N"
    },
    {
      "type": "move-subtree",
      "node": {
        "label": "POST_L10N",
        "type": "Field"
      },
      "location-before-char-start": 3048,
      "location-before-char-end": 3099,
      "location-after-char-start": 3048,
      "location-after-char-end": 3099,
      "node-str": "POST_L10N"
    },
    {
      "type": "move-subtree",
      "node": {
        "label": "DB_L10N_STATE",
        "type": "Field"
      },
      "location-before-char-start": 3105,
      "location-before-char-end": 3164,
      "location-after-char-start": 3105,
      "location-after-char-end": 3164,
      "node-str": "DB_L10N_STATE"
    },
    {
      "type": "insert-node",
      "node": {
        "label": "defaultLocale",
        "type": "Field"
      },
      "location-after-char-start": 3171,
      "location-after-char-end": 3235,
      "node-str": "defaultLocale"
    },
    {
      "type": "insert-node",
      "node": {
        "label": "init",
        "type": "Method"
      },
      "location-after-char-start": 3242,
      "location-after-char-end": 4396,
      "node-str": "init"
    },
    {
      "type": "move-subtree",
      "node": {
        "label": "getInputData",
        "type": "Method"
      },
      "location-before-char-start": 4288,
      "location-before-char-end": 4818,
      "location-after-char-start": 4403,
      "location-after-char-end": 4933,
      "node-str": "getInputData"
    },
    {
      "type": "insert-node",
      "node": {
        "label": "initdb",
        "type": "Method"
      },
      "location-after-char-start": 4940,
      "location-after-char-end": 7279,
      "node-str": "initdb"
    },
    {
      "type": "insert-node",
      "node": {
        "label": "org.apache.fulcrum.BaseService",
        "type": "SUPER_TYPE"
      },
      "location-after-char-start": 0,
      "location-after-char-end": 0,
      "node-str": "org.apache.fulcrum.BaseService"
    },
    {
      "type": "insert-node",
      "node": {
        "label": "java.util.Locale",
        "type": "VARIABLE_TYPE"
      },
      "location-after-char-start": 0,
      "location-after-char-end": 0,
      "node-str": "java.util.Locale"
    },
    {
      "type": "insert-node",
      "node": {
        "label": "final",
        "type": "Modifier"
      },
      "location-after-char-start": 0,
      "location-after-char-end": 0,
      "node-str": "final"
    },
    {
      "type": "insert-node",
      "node": {
        "label": "static",
        "type": "Modifier"
      },
      "location-after-char-start": 0,
      "location-after-char-end": 0,
      "node-str": "static"
    },
    {
      "type": "insert-node",
      "node": {
        "label": "getDefault",
        "type": "Invocation"
      },
      "location-after-char-start": 3216,
      "location-after-char-end": 3234,
      "node-str": "getDefault"
    },
    {
      "type": "insert-node",
      "node": {
        "label": "void",
        "type": "RETURN_TYPE"
      },
      "location-after-char-start": 0,
      "location-after-char-end": 0,
      "node-str": "void"
    },
    {
      "type": "insert-node",
      "node": {
        "label": "org.apache.fulcrum.InitializationException",
        "type": "THROWS"
      },
      "location-after-char-start": 0,
      "location-after-char-end": 0,
      "node-str": "org.apache.fulcrum.InitializationException"
    },
    {
      "type": "insert-node",
      "node": {
        "label": "public",
        "type": "Modifier"
      },
      "location-after-char-start": 0,
      "location-after-char-end": 0,
      "node-str": "public"
    },
    {
      "type": "insert-node",
      "node": {
        "label": "",
        "type": "Try"
      },
      "location-after-char-start": 3383,
      "location-after-char-end": 4307,
      "node-str": ""
    },
    {
      "type": "insert-node",
      "node": {
        "label": "setInit",
        "type": "Invocation"
      },
      "location-after-char-start": 4377,
      "location-after-char-end": 4390,
      "node-str": "setInit"
    },
    {
      "type": "insert-node",
      "node": {
        "label": "void",
        "type": "RETURN_TYPE"
      },
      "location-after-char-start": 0,
      "location-after-char-end": 0,
      "node-str": "void"
    },
    {
      "type": "insert-node",
      "node": {
        "label": "java.lang.Exception",
        "type": "THROWS"
      },
      "location-after-char-start": 0,
      "location-after-char-end": 0,
      "node-str": "java.lang.Exception"
    },
    {
      "type": "move-subtree",
      "node": {
        "label": "methodNames",
        "type": "LocalVariable"
      },
      "location-before-char-start": 4886,
      "location-before-char-end": 4925,
      "location-after-char-start": 5001,
      "location-after-char-end": 5040,
      "node-str": "methodNames"
    },
    {
      "type": "move-subtree",
      "node": {
        "label": "stringSig",
        "type": "LocalVariable"
      },
      "location-before-char-start": 4943,
      "location-before-char-end": 4977,
      "location-after-char-start": 5058,
      "location-after-char-end": 5092,
      "node-str": "stringSig"
    },
    {
      "type": "move-subtree",
      "node": {
        "label": "critSig",
        "type": "LocalVariable"
      },
      "location-before-char-start": 4987,
      "location-before-char-end": 5021,
      "location-after-char-start": 5102,
      "location-after-char-end": 5136,
      "node-str": "critSig"
    },
    {
      "type": "insert-node",
      "node": {
        "label": "",
        "type": "For"
      },
      "location-after-char-start": 5147,
      "location-after-char-end": 7273,
      "node-str": ""
    },
    {
      "type": "insert-node",
      "node": {
        "label": "java.util.Locale",
        "type": "TypeAccess"
      },
      "location-after-char-start": 3216,
      "location-after-char-end": 3221,
      "node-str": "java.util.Locale"
    },
    {
      "type": "move-subtree",
      "node": {
        "label": "dbState",
        "type": "LocalVariable"
      },
      "location-before-char-start": 3338,
      "location-before-char-end": 3430,
      "location-after-char-start": 3409,
      "location-after-char-end": 3501,
      "node-str": "dbState"
    },
    {
      "type": "insert-node",
      "node": {
        "label": "if",
        "type": "If"
      },
      "location-after-char-start": 3515,
      "location-after-char-end": 4138,
      "node-str": "if"
    },
    {
      "type": "move-subtree",
      "node": {
        "label": "",
        "type": "Catch"
      },
      "location-before-char-start": 4034,
      "location-before-char-end": 4192,
      "location-after-char-start": 4149,
      "location-after-char-end": 4307,
      "node-str": ""
    },
    {
      "type": "insert-node",
      "node": {
        "label": "org.tigris.scarab.services.DatabaseInitializer",
        "type": "TypeAccess"
      },
      "location-after-char-start": 0,
      "location-after-char-end": 0,
      "node-str": "org.tigris.scarab.services.DatabaseInitializer"
    },
    {
      "type": "insert-node",
      "node": {
        "label": "true",
        "type": "Literal"
      },
      "location-after-char-start": 4385,
      "location-after-char-end": 4388,
      "node-str": "true"
    },
    {
      "type": "insert-node",
      "node": {
        "label": "m",
        "type": "LocalVariable"
      },
      "location-after-char-start": 5152,
      "location-after-char-end": 5158,
      "node-str": "m"
    },
    {
      "type": "move-subtree",
      "node": {
        "label": "LT",
        "type": "BinaryOperator"
      },
      "location-before-char-start": 5046,
      "location-before-char-end": 5065,
      "location-after-char-start": 5161,
      "location-after-char-end": 5180,
      "node-str": "LT"
    },
    {
      "type": "insert-node",
      "node": {
        "label": "POSTINC",
        "type": "UnaryOperator"
      },
      "location-after-char-start": 5183,
      "location-after-char-end": 5185,
      "node-str": "POSTINC"
    },
    {
      "type": "move-subtree",
      "node": {
        "label": "row",
        "type": "LocalVariable"
      },
      "location-before-char-start": 5096,
      "location-before-char-end": 5125,
      "location-after-char-start": 5211,
      "location-after-char-end": 5240,
      "node-str": "row"
    },
    {
      "type": "move-subtree",
      "node": {
        "label": "omClassName",
        "type": "LocalVariable"
      },
      "location-before-char-start": 5139,
      "location-before-char-end": 5192,
      "location-after-char-start": 5254,
      "location-after-char-end": 5307,
      "node-str": "omClassName"
    },
    {
      "type": "move-subtree",
      "node": {
        "label": "peerClass",
        "type": "LocalVariable"
      },
      "location-before-char-start": 5206,
      "location-before-char-end": 5259,
      "location-after-char-start": 5321,
      "location-after-char-end": 5374,
      "node-str": "peerClass"
    },
    {
      "type": "move-subtree",
      "node": {
        "label": "peerObject",
        "type": "LocalVariable"
      },
      "location-before-char-start": 5273,
      "location-before-char-end": 5316,
      "location-after-char-start": 5388,
      "location-after-char-end": 5431,
      "node-str": "peerObject"
    },
    {
      "type": "move-subtree",
      "node": {
        "label": "doSelect",
        "type": "LocalVariable"
      },
      "location-before-char-start": 5331,
      "location-before-char-end": 5389,
      "location-after-char-start": 5446,
      "location-after-char-end": 5504,
      "node-str": "doSelect"
    },
    {
      "type": "move-subtree",
      "node": {
        "label": "critArg",
        "type": "LocalVariable"
      },
      "location-before-char-start": 5403,
      "location-before-char-end": 5438,
      "location-after-char-start": 5518,
      "location-after-char-end": 5553,
      "node-str": "critArg"
    },
    {
      "type": "move-subtree",
      "node": {
        "label": "omlist",
        "type": "LocalVariable"
      },
      "location-before-char-start": 5452,
      "location-before-char-end": 5508,
      "location-after-char-start": 5567,
      "location-after-char-end": 5623,
      "node-str": "omlist"
    },
    {
      "type": "insert-node",
      "node": {
        "label": "if",
        "type": "If"
      },
      "location-after-char-start": 5637,
      "location-after-char-end": 7263,
      "node-str": "if"
    },
    {
      "type": "move-subtree",
      "node": {
        "label": "equals",
        "type": "Invocation"
      },
      "location-before-char-start": 3448,
      "location-before-char-end": 3482,
      "location-after-char-start": 3519,
      "location-after-char-end": 3553,
      "node-str": "equals"
    },
    {
      "type": "insert-node",
      "node": {
        "label": "THEN",
        "type": "then"
      },
      "location-after-char-start": 3569,
      "location-after-char-end": 4138,
      "node-str": "THEN"
    },
    {
      "type": "insert-node",
      "node": {
        "label": "int",
        "type": "VARIABLE_TYPE"
      },
      "location-after-char-start": 0,
      "location-after-char-end": 0,
      "node-str": "int"
    },
    {
      "type": "insert-node",
      "node": {
        "label": "0",
        "type": "Literal"
      },
      "location-after-char-start": 5158,
      "location-after-char-end": 5158,
      "node-str": "0"
    },
    {
      "type": "insert-node",
      "node": {
        "label": "m",
        "type": "VariableWrite"
      },
      "location-after-char-start": 5183,
      "location-after-char-end": 5183,
      "node-str": "m"
    },
    {
      "type": "insert-node",
      "node": {
        "label": "NOT",
        "type": "UnaryOperator"
      },
      "location-after-char-start": 5641,
      "location-after-char-end": 5657,
      "node-str": "NOT"
    },
    {
      "type": "insert-node",
      "node": {
        "label": "THEN",
        "type": "then"
      },
      "location-after-char-start": 5673,
      "location-after-char-end": 7263,
      "node-str": "THEN"
    },
    {
      "type": "move-subtree",
      "node": {
        "label": "start",
        "type": "LocalVariable"
      },
      "location-before-char-start": 3516,
      "location-before-char-end": 3555,
      "location-after-char-start": 3587,
      "location-after-char-end": 3626,
      "node-str": "start"
    },
    {
      "type": "insert-node",
      "node": {
        "label": "println",
        "type": "Invocation"
      },
      "location-after-char-start": 3644,
      "location-after-char-end": 3753,
      "node-str": "println"
    },
    {
      "type": "insert-node",
      "node": {
        "label": "setValue",
        "type": "Invocation"
      },
      "location-after-char-start": 3771,
      "location-after-char-end": 3798,
      "node-str": "setValue"
    },
    {
      "type": "insert-node",
      "node": {
        "label": "save",
        "type": "Invocation"
      },
      "location-after-char-start": 3816,
      "location-after-char-end": 3830,
      "node-str": "save"
    },
    {
      "type": "insert-node",
      "node": {
        "label": "initdb",
        "type": "Invocation"
      },
      "location-after-char-start": 3848,
      "location-after-char-end": 3856,
      "node-str": "initdb"
    },
    {
      "type": "insert-node",
      "node": {
        "label": "setValue",
        "type": "Invocation"
      },
      "location-after-char-start": 3920,
      "location-after-char-end": 3947,
      "node-str": "setValue"
    },
    {
      "type": "insert-node",
      "node": {
        "label": "save",
        "type": "Invocation"
      },
      "location-after-char-start": 3965,
      "location-after-char-end": 3979,
      "node-str": "save"
    },
    {
      "type": "move-subtree",
      "node": {
        "label": "println",
        "type": "Invocation"
      },
      "location-before-char-start": 3882,
      "location-before-char-end": 4009,
      "location-after-char-start": 3997,
      "location-after-char-end": 4124,
      "node-str": "println"
    },
    {
      "type": "insert-node",
      "node": {
        "label": "isEmpty",
        "type": "Invocation"
      },
      "location-after-char-start": 5642,
      "location-after-char-end": 5657,
      "node-str": "isEmpty"
    },
    {
      "type": "move-subtree",
      "node": {
        "label": "omClass",
        "type": "LocalVariable"
      },
      "location-before-char-start": 5576,
      "location-before-char-end": 5618,
      "location-after-char-start": 5691,
      "location-after-char-end": 5733,
      "node-str": "omClass"
    },
    {
      "type": "move-subtree",
      "node": {
        "label": "getters",
        "type": "LocalVariable"
      },
      "location-before-char-start": 5636,
      "location-before-char-end": 5681,
      "location-after-char-start": 5751,
      "location-after-char-end": 5796,
      "node-str": "getters"
    },
    {
      "type": "move-subtree",
      "node": {
        "label": "setters",
        "type": "LocalVariable"
      },
      "location-before-char-start": 5699,
      "location-before-char-end": 5744,
      "location-after-char-start": 5814,
      "location-after-char-end": 5859,
      "node-str": "setters"
    },
    {
      "type": "move-subtree",
      "node": {
        "label": "",
        "type": "For"
      },
      "location-before-char-start": 5762,
      "location-before-char-end": 5983,
      "location-after-char-start": 5877,
      "location-after-char-end": 6098,
      "node-str": ""
    },
    {
      "type": "move-subtree",
      "node": {
        "label": "save",
        "type": "LocalVariable"
      },
      "location-before-char-start": 6001,
      "location-before-char-end": 6046,
      "location-after-char-start": 6116,
      "location-after-char-end": 6161,
      "node-str": "save"
    },
    {
      "type": "move-subtree",
      "node": {
        "label": "i",
        "type": "LocalVariable"
      },
      "location-before-char-start": 6065,
      "location-before-char-end": 6095,
      "location-after-char-start": 6180,
      "location-after-char-end": 6210,
      "node-str": "i"
    },
    {
      "type": "insert-node",
      "node": {
        "label": "while",
        "type": "While"
      },
      "location-after-char-start": 6228,
      "location-after-char-end": 7248,
      "node-str": "while"
    },
    {
      "type": "insert-node",
      "node": {
        "label": "out",
        "type": "FieldRead"
      },
      "location-after-char-start": 3644,
      "location-after-char-end": 3653,
      "node-str": "out"
    },
    {
      "type": "insert-node",
      "node": {
        "label": "PLUS",
        "type": "BinaryOperator"
      },
      "location-after-char-start": 3663,
      "location-after-char-end": 3751,
      "node-str": "PLUS"
    },
    {
      "type": "insert-node",
      "node": {
        "label": "dbState",
        "type": "VariableRead"
      },
      "location-after-char-start": 3771,
      "location-after-char-end": 3777,
      "node-str": "dbState"
    },
    {
      "type": "insert-node",
      "node": {
        "label": "\"started\"",
        "type": "Literal"
      },
      "location-after-char-start": 3788,
      "location-after-char-end": 3796,
      "node-str": "\"started\""
    },
    {
      "type": "insert-node",
      "node": {
        "label": "dbState",
        "type": "VariableRead"
      },
      "location-after-char-start": 3816,
      "location-after-char-end": 3822,
      "node-str": "dbState"
    },
    {
      "type": "insert-node",
      "node": {
        "label": "org.tigris.scarab.services.DatabaseInitializer",
        "type": "TypeAccess"
      },
      "location-after-char-start": 0,
      "location-after-char-end": 0,
      "node-str": "org.tigris.scarab.services.DatabaseInitializer"
    },
    {
      "type": "insert-node",
      "node": {
        "label": "dbState",
        "type": "VariableRead"
      },
      "location-after-char-start": 3920,
      "location-after-char-end": 3926,
      "node-str": "dbState"
    },
    {
      "type": "insert-node",
      "node": {
        "label": "POST_L10N",
        "type": "FieldRead"
      },
      "location-after-char-start": 3937,
      "location-after-char-end": 3945,
      "node-str": "POST_L10N"
    },
    {
      "type": "insert-node",
      "node": {
        "label": "dbState",
        "type": "VariableRead"
      },
      "location-after-char-start": 3965,
      "location-after-char-end": 3971,
      "node-str": "dbState"
    },
    {
      "type": "insert-node",
      "node": {
        "label": "omlist",
        "type": "VariableRead"
      },
      "location-after-char-start": 5642,
      "location-after-char-end": 5647,
      "node-str": "omlist"
    },
    {
      "type": "insert-node",
      "node": {
        "label": "hasNext",
        "type": "Invocation"
      },
      "location-after-char-start": 6235,
      "location-after-char-end": 6245,
      "node-str": "hasNext"
    },
    {
      "type": "move-subtree",
      "node": {
        "label": "om",
        "type": "LocalVariable"
      },
      "location-before-char-start": 6172,
      "location-before-char-end": 6192,
      "location-after-char-start": 6287,
      "location-after-char-end": 6307,
      "node-str": "om"
    },
    {
      "type": "insert-node",
      "node": {
        "label": "",
        "type": "For"
      },
      "location-after-char-start": 6329,
      "location-after-char-end": 7187,
      "node-str": ""
    },
    {
      "type": "move-subtree",
      "node": {
        "label": "invoke",
        "type": "Invocation"
      },
      "location-before-char-start": 7100,
      "location-before-char-end": 7121,
      "location-after-char-start": 7209,
      "location-after-char-end": 7230,
      "node-str": "invoke"
    },
    {
      "type": "insert-node",
      "node": {
        "label": "java.lang.System",
        "type": "TypeAccess"
      },
      "location-after-char-start": 3644,
      "location-after-char-end": 3649,
      "node-str": "java.lang.System"
    },
    {
      "type": "insert-node",
      "node": {
        "label": "PLUS",
        "type": "BinaryOperator"
      },
      "location-after-char-start": 3663,
      "location-after-char-end": 3742,
      "node-str": "PLUS"
    },
    {
      "type": "insert-node",
      "node": {
        "label": "\"\u0027...\"",
        "type": "Literal"
      },
      "location-after-char-start": 3746,
      "location-after-char-end": 3751,
      "node-str": "\"\u0027...\""
    },
    {
      "type": "insert-node",
      "node": {
        "label": "i",
        "type": "VariableRead"
      },
      "location-after-char-start": 6235,
      "location-after-char-end": 6235,
      "node-str": "i"
    },
    {
      "type": "insert-node",
      "node": {
        "label": "n",
        "type": "LocalVariable"
      },
      "location-after-char-start": 6334,
      "location-after-char-end": 6340,
      "node-str": "n"
    },
    {
      "type": "move-subtree",
      "node": {
        "label": "LT",
        "type": "BinaryOperator"
      },
      "location-before-char-start": 6228,
      "location-before-char-end": 6243,
      "location-after-char-start": 6343,
      "location-after-char-end": 6358,
      "node-str": "LT"
    },
    {
      "type": "insert-node",
      "node": {
        "label": "POSTINC",
        "type": "UnaryOperator"
      },
      "location-after-char-start": 6361,
      "location-after-char-end": 6363,
      "node-str": "POSTINC"
    },
    {
      "type": "move-subtree",
      "node": {
        "label": "key",
        "type": "LocalVariable"
      },
      "location-before-char-start": 6298,
      "location-before-char-end": 6346,
      "location-after-char-start": 6413,
      "location-after-char-end": 6461,
      "node-str": "key"
    },
    {
      "type": "insert-node",
      "node": {
        "label": "value",
        "type": "LocalVariable"
      },
      "location-after-char-start": 6487,
      "location-after-char-end": 6506,
      "node-str": "value"
    },
    {
      "type": "insert-node",
      "node": {
        "label": "",
        "type": "Try"
      },
      "location-after-char-start": 6532,
      "location-after-char-end": 6943,
      "node-str": ""
    },
    {
      "type": "move-subtree",
      "node": {
        "label": "if",
        "type": "If"
      },
      "location-before-char-start": 6878,
      "location-before-char-end": 7056,
      "location-after-char-start": 6987,
      "location-after-char-end": 7165,
      "node-str": "if"
    },
    {
      "type": "insert-node",
      "node": {
        "label": "\"New scarab database; localizing strings for \u0027\"",
        "type": "Literal"
      },
      "location-after-char-start": 3663,
      "location-after-char-end": 3709,
      "node-str": "\"New scarab database; localizing strings for \u0027\""
    },
    {
      "type": "insert-node",
      "node": {
        "label": "getDisplayName",
        "type": "Invocation"
      },
      "location-after-char-start": 3713,
      "location-after-char-end": 3742,
      "node-str": "getDisplayName"
    },
    {
      "type": "insert-node",
      "node": {
        "label": "int",
        "type": "VARIABLE_TYPE"
      },
      "location-after-char-start": 0,
      "location-after-char-end": 0,
      "node-str": "int"
    },
    {
      "type": "insert-node",
      "node": {
        "label": "0",
        "type": "Literal"
      },
      "location-after-char-start": 6340,
      "location-after-char-end": 6340,
      "node-str": "0"
    },
    {
      "type": "insert-node",
      "node": {
        "label": "n",
        "type": "VariableWrite"
      },
      "location-after-char-start": 6361,
      "location-after-char-end": 6361,
      "node-str": "n"
    },
    {
      "type": "insert-node",
      "node": {
        "label": "java.lang.String",
        "type": "VARIABLE_TYPE"
      },
      "location-after-char-start": 0,
      "location-after-char-end": 0,
      "node-str": "java.lang.String"
    },
    {
      "type": "insert-node",
      "node": {
        "label": "null",
        "type": "Literal"
      },
      "location-after-char-start": 6502,
      "location-after-char-end": 6505,
      "node-str": "null"
    },
    {
      "type": "insert-node",
      "node": {
        "label": "\u003d",
        "type": "Assignment"
      },
      "location-after-char-start": 6591,
      "location-after-char-end": 6768,
      "node-str": "\u003d"
    },
    {
      "type": "insert-node",
      "node": {
        "label": "",
        "type": "Catch"
      },
      "location-after-char-start": 6795,
      "location-after-char-end": 6943,
      "node-str": ""
    },
    {
      "type": "insert-node",
      "node": {
        "label": "defaultLocale",
        "type": "FieldRead"
      },
      "location-after-char-start": 3713,
      "location-after-char-end": 3725,
      "node-str": "defaultLocale"
    },
    {
      "type": "insert-node",
      "node": {
        "label": "value",
        "type": "VariableWrite"
      },
      "location-after-char-start": 6591,
      "location-after-char-end": 6595,
      "node-str": "value"
    },
    {
      "type": "insert-node",
      "node": {
        "label": "getString",
        "type": "Invocation"
      },
      "location-after-char-start": 6599,
      "location-after-char-end": 6767,
      "node-str": "getString"
    },
    {
      "type": "insert-node",
      "node": {
        "label": "e",
        "type": "CatchVariable"
      },
      "location-after-char-start": 6827,
      "location-after-char-end": 6852,
      "node-str": "e"
    },
    {
      "type": "insert-node",
      "node": {
        "label": "org.apache.fulcrum.localization.Localization",
        "type": "TypeAccess"
      },
      "location-after-char-start": 6599,
      "location-after-char-end": 6610,
      "node-str": "org.apache.fulcrum.localization.Localization"
    },
    {
      "type": "insert-node",
      "node": {
        "label": "",
        "type": "ArrayRead"
      },
      "location-after-char-start": 6622,
      "location-after-char-end": 6627,
      "node-str": ""
    },
    {
      "type": "insert-node",
      "node": {
        "label": "defaultLocale",
        "type": "FieldRead"
      },
      "location-after-char-start": 6690,
      "location-after-char-end": 6702,
      "node-str": "defaultLocale"
    },
    {
      "type": "insert-node",
      "node": {
        "label": "key",
        "type": "VariableRead"
      },
      "location-after-char-start": 6764,
      "location-after-char-end": 6766,
      "node-str": "key"
    },
    {
      "type": "insert-node",
      "node": {
        "label": "java.util.MissingResourceException",
        "type": "VARIABLE_TYPE"
      },
      "location-after-char-start": 0,
      "location-after-char-end": 0,
      "node-str": "java.util.MissingResourceException"
    },
    {
      "type": "insert-node",
      "node": {
        "label": "row",
        "type": "VariableRead"
      },
      "location-after-char-start": 6622,
      "location-after-char-end": 6624,
      "node-str": "row"
    },
    {
      "type": "insert-node",
      "node": {
        "label": "0",
        "type": "Literal"
      },
      "location-after-char-start": 6626,
      "location-after-char-end": 6626,
      "node-str": "0"
    },
    {
      "type": "delete-node",
      "node": {
        "label": "public",
        "type": "Modifier"
      },
      "location-before-char-start": 0,
      "location-before-char-end": 0,
      "node-str": "public"
    },
    {
      "type": "delete-node",
      "node": {
        "label": "org.apache.fulcrum.BaseService",
        "type": "SUPER_TYPE"
      },
      "location-before-char-start": 0,
      "location-before-char-end": 0,
      "node-str": "org.apache.fulcrum.BaseService"
    },
    {
      "type": "delete-node",
      "node": {
        "label": "",
        "type": "TypeReference"
      },
      "location-before-char-start": 2975,
      "location-before-char-end": 2985,
      "node-str": ""
    },
    {
      "type": "delete-node",
      "node": {
        "label": "void",
        "type": "RETURN_TYPE"
      },
      "location-before-char-start": 0,
      "location-before-char-end": 0,
      "node-str": "void"
    },
    {
      "type": "delete-node",
      "node": {
        "label": "org.apache.fulcrum.InitializationException",
        "type": "THROWS"
      },
      "location-before-char-start": 0,
      "location-before-char-end": 0,
      "node-str": "org.apache.fulcrum.InitializationException"
    },
    {
      "type": "delete-node",
      "node": {
        "label": "public",
        "type": "Modifier"
      },
      "location-before-char-start": 0,
      "location-before-char-end": 0,
      "node-str": "public"
    },
    {
      "type": "delete-node",
      "node": {
        "label": "java.lang.System",
        "type": "TypeAccess"
      },
      "location-before-char-start": 3573,
      "location-before-char-end": 3578,
      "node-str": "java.lang.System"
    },
    {
      "type": "delete-node",
      "node": {
        "label": "out",
        "type": "FieldRead"
      },
      "location-before-char-start": 3573,
      "location-before-char-end": 3582,
      "node-str": "out"
    },
    {
      "type": "delete-node",
      "node": {
        "label": "\"New scarab database; localizing strings... \"",
        "type": "Literal"
      },
      "location-before-char-start": 3592,
      "location-before-char-end": 3636,
      "node-str": "\"New scarab database; localizing strings... \""
    },
    {
      "type": "delete-node",
      "node": {
        "label": "println",
        "type": "Invocation"
      },
      "location-before-char-start": 3573,
      "location-before-char-end": 3638,
      "node-str": "println"
    },
    {
      "type": "delete-node",
      "node": {
        "label": "dbState",
        "type": "VariableRead"
      },
      "location-before-char-start": 3656,
      "location-before-char-end": 3662,
      "node-str": "dbState"
    },
    {
      "type": "delete-node",
      "node": {
        "label": "\"started\"",
        "type": "Literal"
      },
      "location-before-char-start": 3673,
      "location-before-char-end": 3681,
      "node-str": "\"started\""
    },
    {
      "type": "delete-node",
      "node": {
        "label": "setValue",
        "type": "Invocation"
      },
      "location-before-char-start": 3656,
      "location-before-char-end": 3683,
      "node-str": "setValue"
    },
    {
      "type": "delete-node",
      "node": {
        "label": "dbState",
        "type": "VariableRead"
      },
      "location-before-char-start": 3701,
      "location-before-char-end": 3707,
      "node-str": "dbState"
    },
    {
      "type": "delete-node",
      "node": {
        "label": "save",
        "type": "Invocation"
      },
      "location-before-char-start": 3701,
      "location-before-char-end": 3715,
      "node-str": "save"
    },
    {
      "type": "delete-node",
      "node": {
        "label": "org.tigris.scarab.services.DatabaseInitializer",
        "type": "TypeAccess"
      },
      "location-before-char-start": 0,
      "location-before-char-end": 0,
      "node-str": "org.tigris.scarab.services.DatabaseInitializer"
    },
    {
      "type": "delete-node",
      "node": {
        "label": "initdb",
        "type": "Invocation"
      },
      "location-before-char-start": 3733,
      "location-before-char-end": 3741,
      "node-str": "initdb"
    },
    {
      "type": "delete-node",
      "node": {
        "label": "dbState",
        "type": "VariableRead"
      },
      "location-before-char-start": 3805,
      "location-before-char-end": 3811,
      "node-str": "dbState"
    },
    {
      "type": "delete-node",
      "node": {
        "label": "POST_L10N",
        "type": "FieldRead"
      },
      "location-before-char-start": 3822,
      "location-before-char-end": 3830,
      "node-str": "POST_L10N"
    },
    {
      "type": "delete-node",
      "node": {
        "label": "setValue",
        "type": "Invocation"
      },
      "location-before-char-start": 3805,
      "location-before-char-end": 3832,
      "node-str": "setValue"
    },
    {
      "type": "delete-node",
      "node": {
        "label": "dbState",
        "type": "VariableRead"
      },
      "location-before-char-start": 3850,
      "location-before-char-end": 3856,
      "node-str": "dbState"
    },
    {
      "type": "delete-node",
      "node": {
        "label": "save",
        "type": "Invocation"
      },
      "location-before-char-start": 3850,
      "location-before-char-end": 3864,
      "node-str": "save"
    },
    {
      "type": "delete-node",
      "node": {
        "label": "THEN",
        "type": "then"
      },
      "location-before-char-start": 3498,
      "location-before-char-end": 4023,
      "node-str": "THEN"
    },
    {
      "type": "delete-node",
      "node": {
        "label": "if",
        "type": "If"
      },
      "location-before-char-start": 3444,
      "location-before-char-end": 4023,
      "node-str": "if"
    },
    {
      "type": "delete-node",
      "node": {
        "label": "",
        "type": "Try"
      },
      "location-before-char-start": 3312,
      "location-before-char-end": 4192,
      "node-str": ""
    },
    {
      "type": "delete-node",
      "node": {
        "label": "org.tigris.scarab.services.DatabaseInitializer",
        "type": "TypeAccess"
      },
      "location-before-char-start": 0,
      "location-before-char-end": 0,
      "node-str": "org.tigris.scarab.services.DatabaseInitializer"
    },
    {
      "type": "delete-node",
      "node": {
        "label": "true",
        "type": "Literal"
      },
      "location-before-char-start": 4270,
      "location-before-char-end": 4273,
      "node-str": "true"
    },
    {
      "type": "delete-node",
      "node": {
        "label": "setInit",
        "type": "Invocation"
      },
      "location-before-char-start": 4262,
      "location-before-char-end": 4275,
      "node-str": "setInit"
    },
    {
      "type": "delete-node",
      "node": {
        "label": "init",
        "type": "Method"
      },
      "location-before-char-start": 3171,
      "location-before-char-end": 4281,
      "node-str": "init"
    },
    {
      "type": "delete-node",
      "node": {
        "label": "void",
        "type": "RETURN_TYPE"
      },
      "location-before-char-start": 0,
      "location-before-char-end": 0,
      "node-str": "void"
    },
    {
      "type": "delete-node",
      "node": {
        "label": "java.lang.Exception",
        "type": "THROWS"
      },
      "location-before-char-start": 0,
      "location-before-char-end": 0,
      "node-str": "java.lang.Exception"
    },
    {
      "type": "delete-node",
      "node": {
        "label": "int",
        "type": "VARIABLE_TYPE"
      },
      "location-before-char-start": 0,
      "location-before-char-end": 0,
      "node-str": "int"
    },
    {
      "type": "delete-node",
      "node": {
        "label": "0",
        "type": "Literal"
      },
      "location-before-char-start": 5043,
      "location-before-char-end": 5043,
      "node-str": "0"
    },
    {
      "type": "delete-node",
      "node": {
        "label": "m",
        "type": "LocalVariable"
      },
      "location-before-char-start": 5037,
      "location-before-char-end": 5043,
      "node-str": "m"
    },
    {
      "type": "delete-node",
      "node": {
        "label": "m",
        "type": "VariableWrite"
      },
      "location-before-char-start": 5068,
      "location-before-char-end": 5068,
      "node-str": "m"
    },
    {
      "type": "delete-node",
      "node": {
        "label": "POSTINC",
        "type": "UnaryOperator"
      },
      "location-before-char-start": 5068,
      "location-before-char-end": 5070,
      "node-str": "POSTINC"
    },
    {
      "type": "delete-node",
      "node": {
        "label": "omlist",
        "type": "VariableRead"
      },
      "location-before-char-start": 5527,
      "location-before-char-end": 5532,
      "node-str": "omlist"
    },
    {
      "type": "delete-node",
      "node": {
        "label": "isEmpty",
        "type": "Invocation"
      },
      "location-before-char-start": 5527,
      "location-before-char-end": 5542,
      "node-str": "isEmpty"
    },
    {
      "type": "delete-node",
      "node": {
        "label": "NOT",
        "type": "UnaryOperator"
      },
      "location-before-char-start": 5526,
      "location-before-char-end": 5542,
      "node-str": "NOT"
    },
    {
      "type": "delete-node",
      "node": {
        "label": "i",
        "type": "VariableRead"
      },
      "location-before-char-start": 6120,
      "location-before-char-end": 6120,
      "node-str": "i"
    },
    {
      "type": "delete-node",
      "node": {
        "label": "hasNext",
        "type": "Invocation"
      },
      "location-before-char-start": 6120,
      "location-before-char-end": 6130,
      "node-str": "hasNext"
    },
    {
      "type": "delete-node",
      "node": {
        "label": "int",
        "type": "VARIABLE_TYPE"
      },
      "location-before-char-start": 0,
      "location-before-char-end": 0,
      "node-str": "int"
    },
    {
      "type": "delete-node",
      "node": {
        "label": "0",
        "type": "Literal"
      },
      "location-before-char-start": 6225,
      "location-before-char-end": 6225,
      "node-str": "0"
    },
    {
      "type": "delete-node",
      "node": {
        "label": "n",
        "type": "LocalVariable"
      },
      "location-before-char-start": 6219,
      "location-before-char-end": 6225,
      "node-str": "n"
    },
    {
      "type": "delete-node",
      "node": {
        "label": "n",
        "type": "VariableWrite"
      },
      "location-before-char-start": 6246,
      "location-before-char-end": 6246,
      "node-str": "n"
    },
    {
      "type": "delete-node",
      "node": {
        "label": "POSTINC",
        "type": "UnaryOperator"
      },
      "location-before-char-start": 6246,
      "location-before-char-end": 6248,
      "node-str": "POSTINC"
    },
    {
      "type": "delete-node",
      "node": {
        "label": "java.lang.String",
        "type": "VARIABLE_TYPE"
      },
      "location-before-char-start": 0,
      "location-before-char-end": 0,
      "node-str": "java.lang.String"
    },
    {
      "type": "delete-node",
      "node": {
        "label": "null",
        "type": "Literal"
      },
      "location-before-char-start": 6387,
      "location-before-char-end": 6390,
      "node-str": "null"
    },
    {
      "type": "delete-node",
      "node": {
        "label": "value",
        "type": "LocalVariable"
      },
      "location-before-char-start": 6372,
      "location-before-char-end": 6391,
      "node-str": "value"
    },
    {
      "type": "delete-node",
      "node": {
        "label": "value",
        "type": "VariableWrite"
      },
      "location-before-char-start": 6476,
      "location-before-char-end": 6480,
      "node-str": "value"
    },
    {
      "type": "delete-node",
      "node": {
        "label": "org.apache.fulcrum.localization.Localization",
        "type": "TypeAccess"
      },
      "location-before-char-start": 6484,
      "location-before-char-end": 6495,
      "node-str": "org.apache.fulcrum.localization.Localization"
    },
    {
      "type": "delete-node",
      "node": {
        "label": "row",
        "type": "VariableRead"
      },
      "location-before-char-start": 6507,
      "location-before-char-end": 6509,
      "node-str": "row"
    },
    {
      "type": "delete-node",
      "node": {
        "label": "0",
        "type": "Literal"
      },
      "location-before-char-start": 6511,
      "location-before-char-end": 6511,
      "node-str": "0"
    },
    {
      "type": "delete-node",
      "node": {
        "label": "",
        "type": "ArrayRead"
      },
      "location-before-char-start": 6507,
      "location-before-char-end": 6512,
      "node-str": ""
    },
    {
      "type": "delete-node",
      "node": {
        "label": "java.util.Locale",
        "type": "TypeAccess"
      },
      "location-before-char-start": 6575,
      "location-before-char-end": 6580,
      "node-str": "java.util.Locale"
    },
    {
      "type": "delete-node",
      "node": {
        "label": "getDefault",
        "type": "Invocation"
      },
      "location-before-char-start": 6575,
      "location-before-char-end": 6593,
      "node-str": "getDefault"
    },
    {
      "type": "delete-node",
      "node": {
        "label": "key",
        "type": "VariableRead"
      },
      "location-before-char-start": 6655,
      "location-before-char-end": 6657,
      "node-str": "key"
    },
    {
      "type": "delete-node",
      "node": {
        "label": "getString",
        "type": "Invocation"
      },
      "location-before-char-start": 6484,
      "location-before-char-end": 6658,
      "node-str": "getString"
    },
    {
      "type": "delete-node",
      "node": {
        "label": "\u003d",
        "type": "Assignment"
      },
      "location-before-char-start": 6476,
      "location-before-char-end": 6659,
      "node-str": "\u003d"
    },
    {
      "type": "delete-node",
      "node": {
        "label": "java.util.MissingResourceException",
        "type": "VARIABLE_TYPE"
      },
      "location-before-char-start": 0,
      "location-before-char-end": 0,
      "node-str": "java.util.MissingResourceException"
    },
    {
      "type": "delete-node",
      "node": {
        "label": "e",
        "type": "CatchVariable"
      },
      "location-before-char-start": 6718,
      "location-before-char-end": 6743,
      "node-str": "e"
    },
    {
      "type": "delete-node",
      "node": {
        "label": "",
        "type": "Catch"
      },
      "location-before-char-start": 6686,
      "location-before-char-end": 6834,
      "node-str": ""
    },
    {
      "type": "delete-node",
      "node": {
        "label": "",
        "type": "Try"
      },
      "location-before-char-start": 6417,
      "location-before-char-end": 6834,
      "node-str": ""
    },
    {
      "type": "delete-node",
      "node": {
        "label": "",
        "type": "For"
      },
      "location-before-char-start": 6214,
      "location-before-char-end": 7078,
      "node-str": ""
    },
    {
      "type": "delete-node",
      "node": {
        "label": "while",
        "type": "While"
      },
      "location-before-char-start": 6113,
      "location-before-char-end": 7139,
      "node-str": "while"
    },
    {
      "type": "delete-node",
      "node": {
        "label": "THEN",
        "type": "then"
      },
      "location-before-char-start": 5558,
      "location-before-char-end": 7154,
      "node-str": "THEN"
    },
    {
      "type": "delete-node",
      "node": {
        "label": "if",
        "type": "If"
      },
      "location-before-char-start": 5522,
      "location-before-char-end": 7154,
      "node-str": "if"
    },
    {
      "type": "delete-node",
      "node": {
        "label": "",
        "type": "For"
      },
      "location-before-char-start": 5032,
      "location-before-char-end": 7164,
      "node-str": ""
    },
    {
      "type": "delete-node",
      "node": {
        "label": "initdb",
        "type": "Method"
      },
      "location-before-char-start": 4825,
      "location-before-char-end": 7170,
      "node-str": "initdb"
    },
    {
      "type": "delete-node",
      "node": {
        "label": "DatabaseInitializer",
        "type": "Class"
      },
      "location-before-char-start": 2836,
      "location-before-char-end": 7172,
      "node-str": "DatabaseInitializer"
    }
  ],
  "before-file": {},
  "after-file": {},
  "mapping": {}
}