{
  "tool-info": {},
  "diff": [
    {
      "type": "delete-node",
      "node": {
        "label": "public",
        "type": "Modifier"
      },
      "location-before-char-start": 0,
      "location-before-char-end": 0,
      "node-str": "public"
    },
    {
      "type": "delete-node",
      "node": {
        "label": "CH.ifa.draw.test.JHDTestCase",
        "type": "SUPER_TYPE"
      },
      "location-before-char-start": 0,
      "location-before-char-end": 0,
      "node-str": "CH.ifa.draw.test.JHDTestCase"
    },
    {
      "type": "delete-node",
      "node": {
        "label": "",
        "type": "TypeReference"
      },
      "location-before-char-start": 825,
      "location-before-char-end": 835,
      "node-str": ""
    },
    {
      "type": "delete-node",
      "node": {
        "label": "CH.ifa.draw.standard.LocatorHandle",
        "type": "VARIABLE_TYPE"
      },
      "location-before-char-start": 0,
      "location-before-char-end": 0,
      "node-str": "CH.ifa.draw.standard.LocatorHandle"
    },
    {
      "type": "delete-node",
      "node": {
        "label": "null",
        "type": "Literal"
      },
      "location-before-char-start": 1028,
      "location-before-char-end": 1031,
      "node-str": "null"
    },
    {
      "type": "delete-node",
      "node": {
        "label": "locatorhandle",
        "type": "Field"
      },
      "location-before-char-start": 879,
      "location-before-char-end": 1032,
      "node-str": "locatorhandle"
    },
    {
      "type": "delete-node",
      "node": {
        "label": "public",
        "type": "Modifier"
      },
      "location-before-char-start": 0,
      "location-before-char-end": 0,
      "node-str": "public"
    },
    {
      "type": "delete-node",
      "node": {
        "label": "java.lang.String",
        "type": "VARIABLE_TYPE"
      },
      "location-before-char-start": 0,
      "location-before-char-end": 0,
      "node-str": "java.lang.String"
    },
    {
      "type": "delete-node",
      "node": {
        "label": "name",
        "type": "Parameter"
      },
      "location-before-char-start": 1242,
      "location-before-char-end": 1252,
      "node-str": "name"
    },
    {
      "type": "delete-node",
      "node": {
        "label": "name",
        "type": "VariableRead"
      },
      "location-before-char-start": 1317,
      "location-before-char-end": 1320,
      "node-str": "name"
    },
    {
      "type": "delete-node",
      "node": {
        "label": "\u003cinit\u003e",
        "type": "Invocation"
      },
      "location-before-char-start": 1311,
      "location-before-char-end": 1322,
      "node-str": "\u003cinit\u003e"
    },
    {
      "type": "delete-node",
      "node": {
        "label": "\u003cinit\u003e",
        "type": "Constructor"
      },
      "location-before-char-start": 1036,
      "location-before-char-end": 1374,
      "node-str": "\u003cinit\u003e"
    },
    {
      "type": "delete-node",
      "node": {
        "label": "CH.ifa.draw.standard.LocatorHandle",
        "type": "RETURN_TYPE"
      },
      "location-before-char-start": 0,
      "location-before-char-end": 0,
      "node-str": "CH.ifa.draw.standard.LocatorHandle"
    },
    {
      "type": "delete-node",
      "node": {
        "label": "java.lang.Exception",
        "type": "THROWS"
      },
      "location-before-char-start": 0,
      "location-before-char-end": 0,
      "node-str": "java.lang.Exception"
    },
    {
      "type": "delete-node",
      "node": {
        "label": "public",
        "type": "Modifier"
      },
      "location-before-char-start": 0,
      "location-before-char-end": 0,
      "node-str": "public"
    },
    {
      "type": "delete-node",
      "node": {
        "label": "java.awt.Point()",
        "type": "ConstructorCall"
      },
      "location-before-char-start": 1656,
      "location-before-char-end": 1666,
      "node-str": "java.awt.Point()"
    },
    {
      "type": "delete-node",
      "node": {
        "label": "java.awt.Point()",
        "type": "ConstructorCall"
      },
      "location-before-char-start": 1669,
      "location-before-char-end": 1679,
      "node-str": "java.awt.Point()"
    },
    {
      "type": "delete-node",
      "node": {
        "label": "CH.ifa.draw.figures.RectangleFigure(java.awt.Point,java.awt.Point)",
        "type": "ConstructorCall"
      },
      "location-before-char-start": 1636,
      "location-before-char-end": 1680,
      "node-str": "CH.ifa.draw.figures.RectangleFigure(java.awt.Point,java.awt.Point)"
    },
    {
      "type": "delete-node",
      "node": {
        "label": "1.0",
        "type": "Literal"
      },
      "location-before-char-start": 1703,
      "location-before-char-end": 1705,
      "node-str": "1.0"
    },
    {
      "type": "delete-node",
      "node": {
        "label": "2.0",
        "type": "Literal"
      },
      "location-before-char-start": 1708,
      "location-before-char-end": 1710,
      "node-str": "2.0"
    },
    {
      "type": "delete-node",
      "node": {
        "label": "CH.ifa.draw.standard.RelativeLocator(double,double)",
        "type": "ConstructorCall"
      },
      "location-before-char-start": 1683,
      "location-before-char-end": 1711,
      "node-str": "CH.ifa.draw.standard.RelativeLocator(double,double)"
    },
    {
      "type": "delete-node",
      "node": {
        "label": "java.lang.Object()",
        "type": "ConstructorCall"
      },
      "location-before-char-start": 1597,
      "location-before-char-end": 1712,
      "node-str": "java.lang.Object()"
    },
    {
      "type": "delete-node",
      "node": {
        "label": "return",
        "type": "Return"
      },
      "location-before-char-start": 1590,
      "location-before-char-end": 1713,
      "node-str": "return"
    },
    {
      "type": "delete-node",
      "node": {
        "label": "createInstance",
        "type": "Method"
      },
      "location-before-char-start": 1381,
      "location-before-char-end": 1771,
      "node-str": "createInstance"
    },
    {
      "type": "delete-node",
      "node": {
        "label": "void",
        "type": "RETURN_TYPE"
      },
      "location-before-char-start": 0,
      "location-before-char-end": 0,
      "node-str": "void"
    },
    {
      "type": "delete-node",
      "node": {
        "label": "java.lang.Exception",
        "type": "THROWS"
      },
      "location-before-char-start": 0,
      "location-before-char-end": 0,
      "node-str": "java.lang.Exception"
    },
    {
      "type": "delete-node",
      "node": {
        "label": "protected",
        "type": "Modifier"
      },
      "location-before-char-start": 0,
      "location-before-char-end": 0,
      "node-str": "protected"
    },
    {
      "type": "delete-node",
      "node": {
        "label": "super",
        "type": "SuperAccess"
      },
      "location-before-char-start": 2045,
      "location-before-char-end": 2049,
      "node-str": "super"
    },
    {
      "type": "delete-node",
      "node": {
        "label": "setUp",
        "type": "Invocation"
      },
      "location-before-char-start": 2045,
      "location-before-char-end": 2058,
      "node-str": "setUp"
    },
    {
      "type": "delete-node",
      "node": {
        "label": "CH.ifa.draw.test.standard.LocatorHandleTest",
        "type": "TypeAccess"
      },
      "location-before-char-start": 0,
      "location-before-char-end": 0,
      "node-str": "CH.ifa.draw.test.standard.LocatorHandleTest"
    },
    {
      "type": "delete-node",
      "node": {
        "label": "locatorhandle",
        "type": "FieldWrite"
      },
      "location-before-char-start": 2064,
      "location-before-char-end": 2076,
      "node-str": "locatorhandle"
    },
    {
      "type": "delete-node",
      "node": {
        "label": "CH.ifa.draw.test.standard.LocatorHandleTest",
        "type": "TypeAccess"
      },
      "location-before-char-start": 0,
      "location-before-char-end": 0,
      "node-str": "CH.ifa.draw.test.standard.LocatorHandleTest"
    },
    {
      "type": "delete-node",
      "node": {
        "label": "createInstance",
        "type": "Invocation"
      },
      "location-before-char-start": 2080,
      "location-before-char-end": 2095,
      "node-str": "createInstance"
    },
    {
      "type": "delete-node",
      "node": {
        "label": "\u003d",
        "type": "Assignment"
      },
      "location-before-char-start": 2064,
      "location-before-char-end": 2096,
      "node-str": "\u003d"
    },
    {
      "type": "delete-node",
      "node": {
        "label": "setUp",
        "type": "Method"
      },
      "location-before-char-start": 1778,
      "location-before-char-end": 2145,
      "node-str": "setUp"
    },
    {
      "type": "delete-node",
      "node": {
        "label": "void",
        "type": "RETURN_TYPE"
      },
      "location-before-char-start": 0,
      "location-before-char-end": 0,
      "node-str": "void"
    },
    {
      "type": "delete-node",
      "node": {
        "label": "java.lang.Exception",
        "type": "THROWS"
      },
      "location-before-char-start": 0,
      "location-before-char-end": 0,
      "node-str": "java.lang.Exception"
    },
    {
      "type": "delete-node",
      "node": {
        "label": "protected",
        "type": "Modifier"
      },
      "location-before-char-start": 0,
      "location-before-char-end": 0,
      "node-str": "protected"
    },
    {
      "type": "delete-node",
      "node": {
        "label": "CH.ifa.draw.test.standard.LocatorHandleTest",
        "type": "TypeAccess"
      },
      "location-before-char-start": 0,
      "location-before-char-end": 0,
      "node-str": "CH.ifa.draw.test.standard.LocatorHandleTest"
    },
    {
      "type": "delete-node",
      "node": {
        "label": "locatorhandle",
        "type": "FieldWrite"
      },
      "location-before-char-start": 2422,
      "location-before-char-end": 2434,
      "node-str": "locatorhandle"
    },
    {
      "type": "delete-node",
      "node": {
        "label": "null",
        "type": "Literal"
      },
      "location-before-char-start": 2438,
      "location-before-char-end": 2441,
      "node-str": "null"
    },
    {
      "type": "delete-node",
      "node": {
        "label": "\u003d",
        "type": "Assignment"
      },
      "location-before-char-start": 2422,
      "location-before-char-end": 2442,
      "node-str": "\u003d"
    },
    {
      "type": "delete-node",
      "node": {
        "label": "super",
        "type": "SuperAccess"
      },
      "location-before-char-start": 2448,
      "location-before-char-end": 2452,
      "node-str": "super"
    },
    {
      "type": "delete-node",
      "node": {
        "label": "tearDown",
        "type": "Invocation"
      },
      "location-before-char-start": 2448,
      "location-before-char-end": 2464,
      "node-str": "tearDown"
    },
    {
      "type": "delete-node",
      "node": {
        "label": "tearDown",
        "type": "Method"
      },
      "location-before-char-start": 2152,
      "location-before-char-end": 2516,
      "node-str": "tearDown"
    },
    {
      "type": "delete-node",
      "node": {
        "label": "void",
        "type": "RETURN_TYPE"
      },
      "location-before-char-start": 0,
      "location-before-char-end": 0,
      "node-str": "void"
    },
    {
      "type": "delete-node",
      "node": {
        "label": "java.lang.Exception",
        "type": "THROWS"
      },
      "location-before-char-start": 0,
      "location-before-char-end": 0,
      "node-str": "java.lang.Exception"
    },
    {
      "type": "delete-node",
      "node": {
        "label": "public",
        "type": "Modifier"
      },
      "location-before-char-start": 0,
      "location-before-char-end": 0,
      "node-str": "public"
    },
    {
      "type": "delete-node",
      "node": {
        "label": "testGetLocator",
        "type": "Method"
      },
      "location-before-char-start": 2523,
      "location-before-char-end": 2873,
      "node-str": "testGetLocator"
    },
    {
      "type": "delete-node",
      "node": {
        "label": "void",
        "type": "RETURN_TYPE"
      },
      "location-before-char-start": 0,
      "location-before-char-end": 0,
      "node-str": "void"
    },
    {
      "type": "delete-node",
      "node": {
        "label": "java.lang.Exception",
        "type": "THROWS"
      },
      "location-before-char-start": 0,
      "location-before-char-end": 0,
      "node-str": "java.lang.Exception"
    },
    {
      "type": "delete-node",
      "node": {
        "label": "public",
        "type": "Modifier"
      },
      "location-before-char-start": 0,
      "location-before-char-end": 0,
      "node-str": "public"
    },
    {
      "type": "delete-node",
      "node": {
        "label": "testLocate",
        "type": "Method"
      },
      "location-before-char-start": 2880,
      "location-before-char-end": 3198,
      "node-str": "testLocate"
    },
    {
      "type": "delete-node",
      "node": {
        "label": "void",
        "type": "RETURN_TYPE"
      },
      "location-before-char-start": 0,
      "location-before-char-end": 0,
      "node-str": "void"
    },
    {
      "type": "delete-node",
      "node": {
        "label": "java.lang.Exception",
        "type": "THROWS"
      },
      "location-before-char-start": 0,
      "location-before-char-end": 0,
      "node-str": "java.lang.Exception"
    },
    {
      "type": "delete-node",
      "node": {
        "label": "public",
        "type": "Modifier"
      },
      "location-before-char-start": 0,
      "location-before-char-end": 0,
      "node-str": "public"
    },
    {
      "type": "delete-node",
      "node": {
        "label": "testVault",
        "type": "Method"
      },
      "location-before-char-start": 3211,
      "location-before-char-end": 3716,
      "node-str": "testVault"
    },
    {
      "type": "delete-node",
      "node": {
        "label": "void",
        "type": "RETURN_TYPE"
      },
      "location-before-char-start": 0,
      "location-before-char-end": 0,
      "node-str": "void"
    },
    {
      "type": "delete-node",
      "node": {
        "label": "public",
        "type": "Modifier"
      },
      "location-before-char-start": 0,
      "location-before-char-end": 0,
      "node-str": "public"
    },
    {
      "type": "delete-node",
      "node": {
        "label": "static",
        "type": "Modifier"
      },
      "location-before-char-start": 0,
      "location-before-char-end": 0,
      "node-str": "static"
    },
    {
      "type": "delete-node",
      "node": {
        "label": "java.lang.String[]",
        "type": "VARIABLE_TYPE"
      },
      "location-before-char-start": 0,
      "location-before-char-end": 0,
      "node-str": "java.lang.String[]"
    },
    {
      "type": "delete-node",
      "node": {
        "label": "args",
        "type": "Parameter"
      },
      "location-before-char-start": 3849,
      "location-before-char-end": 3861,
      "node-str": "args"
    },
    {
      "type": "delete-node",
      "node": {
        "label": "junit.textui.TestRunner",
        "type": "TypeAccess"
      },
      "location-before-char-start": 3916,
      "location-before-char-end": 3938,
      "node-str": "junit.textui.TestRunner"
    },
    {
      "type": "delete-node",
      "node": {
        "label": "CH.ifa.draw.test.standard.LocatorHandleTest",
        "type": "TypeAccess"
      },
      "location-before-char-start": 0,
      "location-before-char-end": 0,
      "node-str": "CH.ifa.draw.test.standard.LocatorHandleTest"
    },
    {
      "type": "delete-node",
      "node": {
        "label": "class",
        "type": "FieldRead"
      },
      "location-before-char-start": 3944,
      "location-before-char-end": 3966,
      "node-str": "class"
    },
    {
      "type": "delete-node",
      "node": {
        "label": "run",
        "type": "Invocation"
      },
      "location-before-char-start": 3916,
      "location-before-char-end": 3968,
      "node-str": "run"
    },
    {
      "type": "delete-node",
      "node": {
        "label": "main",
        "type": "Method"
      },
      "location-before-char-start": 3723,
      "location-before-char-end": 4016,
      "node-str": "main"
    },
    {
      "type": "delete-node",
      "node": {
        "label": "LocatorHandleTest",
        "type": "Class"
      },
      "location-before-char-start": 289,
      "location-before-char-end": 4018,
      "node-str": "LocatorHandleTest"
    }
  ],
  "before-file": {},
  "after-file": {},
  "mapping": {}
}