{
  "tool-info": {},
  "diff": [
    {
      "type": "insert-node",
      "node": {
        "label": "execute",
        "type": "Method"
      },
      "location-after-char-start": 2300,
      "location-after-char-end": 2534,
      "node-str": "execute"
    },
    {
      "type": "insert-node",
      "node": {
        "label": "createFieldMap",
        "type": "Method"
      },
      "location-after-char-start": 3095,
      "location-after-char-end": 4872,
      "node-str": "createFieldMap"
    },
    {
      "type": "move-subtree",
      "node": {
        "label": "java.lang.Object",
        "type": "RETURN_TYPE"
      },
      "location-before-char-start": 0,
      "location-before-char-end": 0,
      "location-after-char-start": 0,
      "location-after-char-end": 0,
      "node-str": "java.lang.Object"
    },
    {
      "type": "move-subtree",
      "node": {
        "label": "java.lang.Exception",
        "type": "THROWS"
      },
      "location-before-char-start": 0,
      "location-before-char-end": 0,
      "location-after-char-start": 0,
      "location-after-char-end": 0,
      "node-str": "java.lang.Exception"
    },
    {
      "type": "move-subtree",
      "node": {
        "label": "public",
        "type": "Modifier"
      },
      "location-before-char-start": 0,
      "location-before-char-end": 0,
      "location-after-char-start": 0,
      "location-after-char-end": 0,
      "node-str": "public"
    },
    {
      "type": "move-subtree",
      "node": {
        "label": "handler",
        "type": "LocalVariable"
      },
      "location-before-char-start": 2639,
      "location-before-char-end": 2809,
      "location-after-char-start": 2352,
      "location-after-char-end": 2459,
      "node-str": "handler"
    },
    {
      "type": "move-subtree",
      "node": {
        "label": "return",
        "type": "Return"
      },
      "location-before-char-start": 2818,
      "location-before-char-end": 2880,
      "location-after-char-start": 2467,
      "location-after-char-end": 2529,
      "node-str": "return"
    },
    {
      "type": "move-subtree",
      "node": {
        "label": "java.util.Map",
        "type": "RETURN_TYPE"
      },
      "location-before-char-start": 0,
      "location-before-char-end": 0,
      "location-after-char-start": 0,
      "location-after-char-end": 0,
      "node-str": "java.util.Map"
    },
    {
      "type": "move-subtree",
      "node": {
        "label": "org.jboss.deployment.DeploymentException",
        "type": "THROWS"
      },
      "location-before-char-start": 0,
      "location-before-char-end": 0,
      "location-after-char-start": 0,
      "location-after-char-end": 0,
      "node-str": "org.jboss.deployment.DeploymentException"
    },
    {
      "type": "move-subtree",
      "node": {
        "label": "abstractAccessors",
        "type": "LocalVariable"
      },
      "location-before-char-start": 3478,
      "location-before-char-end": 3524,
      "location-after-char-start": 3162,
      "location-after-char-end": 3208,
      "node-str": "abstractAccessors"
    },
    {
      "type": "move-subtree",
      "node": {
        "label": "fields",
        "type": "LocalVariable"
      },
      "location-before-char-start": 3533,
      "location-before-char-end": 3571,
      "location-after-char-start": 3217,
      "location-after-char-end": 3255,
      "node-str": "fields"
    },
    {
      "type": "move-subtree",
      "node": {
        "label": "map",
        "type": "LocalVariable"
      },
      "location-before-char-start": 3579,
      "location-before-char-end": 3619,
      "location-after-char-start": 3263,
      "location-after-char-end": 3303,
      "node-str": "map"
    },
    {
      "type": "insert-node",
      "node": {
        "label": "",
        "type": "For"
      },
      "location-after-char-start": 3311,
      "location-after-char-end": 4820,
      "node-str": ""
    },
    {
      "type": "move-subtree",
      "node": {
        "label": "return",
        "type": "Return"
      },
      "location-before-char-start": 5016,
      "location-before-char-end": 5055,
      "location-after-char-start": 4828,
      "location-after-char-end": 4867,
      "node-str": "return"
    },
    {
      "type": "update-node",
      "node": {
        "label": "java.lang.Object()",
        "type": "ConstructorCall"
      },
      "location-before-char-start": 1877,
      "location-before-char-end": 2006,
      "location-after-char-start": 1743,
      "location-after-char-end": 1809,
      "node-str": "org.jboss.ejb.plugins.cmp.bridge.EntityBridgeInvocationHandler(java.util.Map,java.util.Map,java.lang.Class)"
    },
    {
      "type": "update-node",
      "node": {
        "label": "java.lang.Object()",
        "type": "ConstructorCall"
      },
      "location-before-char-start": 2679,
      "location-before-char-end": 2808,
      "location-after-char-start": 2392,
      "location-after-char-end": 2458,
      "node-str": "org.jboss.ejb.plugins.cmp.bridge.EntityBridgeInvocationHandler(java.util.Map,java.util.Map,java.lang.Class)"
    },
    {
      "type": "move-subtree",
      "node": {
        "label": "i",
        "type": "LocalVariable"
      },
      "location-before-char-start": 3631,
      "location-before-char-end": 3639,
      "location-after-char-start": 3315,
      "location-after-char-end": 3323,
      "node-str": "i"
    },
    {
      "type": "move-subtree",
      "node": {
        "label": "LT",
        "type": "BinaryOperator"
      },
      "location-before-char-start": 3642,
      "location-before-char-end": 3658,
      "location-after-char-start": 3326,
      "location-after-char-end": 3342,
      "node-str": "LT"
    },
    {
      "type": "move-subtree",
      "node": {
        "label": "POSTINC",
        "type": "UnaryOperator"
      },
      "location-before-char-start": 3661,
      "location-before-char-end": 3663,
      "location-after-char-start": 3345,
      "location-after-char-end": 3347,
      "node-str": "POSTINC"
    },
    {
      "type": "move-subtree",
      "node": {
        "label": "field",
        "type": "LocalVariable"
      },
      "location-before-char-start": 3677,
      "location-before-char-end": 3723,
      "location-after-char-start": 3367,
      "location-after-char-end": 3414,
      "node-str": "field"
    },
    {
      "type": "move-subtree",
      "node": {
        "label": "fieldName",
        "type": "LocalVariable"
      },
      "location-before-char-start": 3761,
      "location-before-char-end": 3800,
      "location-after-char-start": 3452,
      "location-after-char-end": 3491,
      "node-str": "fieldName"
    },
    {
      "type": "move-subtree",
      "node": {
        "label": "fieldBaseName",
        "type": "LocalVariable"
      },
      "location-before-char-start": 3811,
      "location-before-char-end": 3913,
      "location-after-char-start": 3502,
      "location-after-char-end": 3604,
      "node-str": "fieldBaseName"
    },
    {
      "type": "move-subtree",
      "node": {
        "label": "getterName",
        "type": "LocalVariable"
      },
      "location-before-char-start": 3924,
      "location-before-char-end": 3965,
      "location-after-char-start": 3615,
      "location-after-char-end": 3656,
      "node-str": "getterName"
    },
    {
      "type": "move-subtree",
      "node": {
        "label": "setterName",
        "type": "LocalVariable"
      },
      "location-before-char-start": 3976,
      "location-before-char-end": 4017,
      "location-after-char-start": 3667,
      "location-after-char-end": 3708,
      "node-str": "setterName"
    },
    {
      "type": "move-subtree",
      "node": {
        "label": "getterMethod",
        "type": "LocalVariable"
      },
      "location-before-char-start": 4066,
      "location-before-char-end": 4129,
      "location-after-char-start": 3757,
      "location-after-char-end": 3821,
      "node-str": "getterMethod"
    },
    {
      "type": "move-subtree",
      "node": {
        "label": "setterMethod",
        "type": "LocalVariable"
      },
      "location-before-char-start": 4140,
      "location-before-char-end": 4203,
      "location-after-char-start": 3832,
      "location-after-char-end": 3896,
      "node-str": "setterMethod"
    },
    {
      "type": "insert-node",
      "node": {
        "label": "if",
        "type": "If"
      },
      "location-after-char-start": 3959,
      "location-after-char-end": 4812,
      "node-str": "if"
    },
    {
      "type": "move-subtree",
      "node": {
        "label": "AND",
        "type": "BinaryOperator"
      },
      "location-before-char-start": 4269,
      "location-before-char-end": 4312,
      "location-after-char-start": 3962,
      "location-after-char-end": 4005,
      "node-str": "AND"
    },
    {
      "type": "insert-node",
      "node": {
        "label": "THEN",
        "type": "then"
      },
      "location-after-char-start": 4017,
      "location-after-char-end": 4139,
      "node-str": "THEN"
    },
    {
      "type": "insert-node",
      "node": {
        "label": "ELSE",
        "type": "else"
      },
      "location-after-char-start": 4155,
      "location-after-char-end": 4812,
      "node-str": "ELSE"
    },
    {
      "type": "insert-node",
      "node": {
        "label": "getName",
        "type": "Invocation"
      },
      "location-after-char-start": 5175,
      "location-after-char-end": 5204,
      "node-str": "getName"
    },
    {
      "type": "insert-node",
      "node": {
        "label": "",
        "type": "Throw"
      },
      "location-after-char-start": 4031,
      "location-after-char-end": 4128,
      "node-str": ""
    },
    {
      "type": "insert-node",
      "node": {
        "label": "if",
        "type": "If"
      },
      "location-after-char-start": 4155,
      "location-after-char-end": 4812,
      "node-str": "if"
    },
    {
      "type": "move-subtree",
      "node": {
        "label": "getMethod",
        "type": "Invocation"
      },
      "location-before-char-start": 5353,
      "location-before-char-end": 5372,
      "location-after-char-start": 5175,
      "location-after-char-end": 5194,
      "node-str": "getMethod"
    },
    {
      "type": "insert-node",
      "node": {
        "label": "org.jboss.deployment.DeploymentException(java.lang.String)",
        "type": "ConstructorCall"
      },
      "location-after-char-start": 4037,
      "location-after-char-end": 4127,
      "node-str": "org.jboss.deployment.DeploymentException(java.lang.String)"
    },
    {
      "type": "move-subtree",
      "node": {
        "label": "AND",
        "type": "BinaryOperator"
      },
      "location-before-char-start": 4471,
      "location-before-char-end": 4514,
      "location-after-char-start": 4158,
      "location-after-char-end": 4201,
      "node-str": "AND"
    },
    {
      "type": "insert-node",
      "node": {
        "label": "THEN",
        "type": "then"
      },
      "location-after-char-start": 4213,
      "location-after-char-end": 4335,
      "node-str": "THEN"
    },
    {
      "type": "insert-node",
      "node": {
        "label": "ELSE",
        "type": "else"
      },
      "location-after-char-start": 4351,
      "location-after-char-end": 4812,
      "node-str": "ELSE"
    },
    {
      "type": "insert-node",
      "node": {
        "label": "PLUS",
        "type": "BinaryOperator"
      },
      "location-after-char-start": 4061,
      "location-after-char-end": 4126,
      "node-str": "PLUS"
    },
    {
      "type": "insert-node",
      "node": {
        "label": "",
        "type": "Throw"
      },
      "location-after-char-start": 4227,
      "location-after-char-end": 4324,
      "node-str": ""
    },
    {
      "type": "insert-node",
      "node": {
        "label": "if",
        "type": "If"
      },
      "location-after-char-start": 4351,
      "location-after-char-end": 4812,
      "node-str": "if"
    },
    {
      "type": "insert-node",
      "node": {
        "label": "\"Getter was found but no setter was found for field: \"",
        "type": "Literal"
      },
      "location-after-char-start": 4061,
      "location-after-char-end": 4114,
      "node-str": "\"Getter was found but no setter was found for field: \""
    },
    {
      "type": "move-subtree",
      "node": {
        "label": "fieldName",
        "type": "VariableRead"
      },
      "location-before-char-start": 4440,
      "location-before-char-end": 4448,
      "location-after-char-start": 4118,
      "location-after-char-end": 4126,
      "node-str": "fieldName"
    },
    {
      "type": "insert-node",
      "node": {
        "label": "org.jboss.deployment.DeploymentException(java.lang.String)",
        "type": "ConstructorCall"
      },
      "location-after-char-start": 4233,
      "location-after-char-end": 4323,
      "node-str": "org.jboss.deployment.DeploymentException(java.lang.String)"
    },
    {
      "type": "move-subtree",
      "node": {
        "label": "AND",
        "type": "BinaryOperator"
      },
      "location-before-char-start": 4673,
      "location-before-char-end": 4716,
      "location-after-char-start": 4354,
      "location-after-char-end": 4397,
      "node-str": "AND"
    },
    {
      "type": "insert-node",
      "node": {
        "label": "THEN",
        "type": "then"
      },
      "location-after-char-start": 4409,
      "location-after-char-end": 4812,
      "node-str": "THEN"
    },
    {
      "type": "insert-node",
      "node": {
        "label": "PLUS",
        "type": "BinaryOperator"
      },
      "location-after-char-start": 4257,
      "location-after-char-end": 4322,
      "node-str": "PLUS"
    },
    {
      "type": "insert-node",
      "node": {
        "label": "put",
        "type": "Invocation"
      },
      "location-after-char-start": 4450,
      "location-after-char-end": 4539,
      "node-str": "put"
    },
    {
      "type": "insert-node",
      "node": {
        "label": "put",
        "type": "Invocation"
      },
      "location-after-char-start": 4553,
      "location-after-char-end": 4642,
      "node-str": "put"
    },
    {
      "type": "move-subtree",
      "node": {
        "label": "remove",
        "type": "Invocation"
      },
      "location-before-char-start": 4903,
      "location-before-char-end": 4939,
      "location-after-char-start": 4715,
      "location-after-char-end": 4751,
      "node-str": "remove"
    },
    {
      "type": "move-subtree",
      "node": {
        "label": "remove",
        "type": "Invocation"
      },
      "location-before-char-start": 4953,
      "location-before-char-end": 4989,
      "location-after-char-start": 4765,
      "location-after-char-end": 4801,
      "node-str": "remove"
    },
    {
      "type": "insert-node",
      "node": {
        "label": "\"Setter was found but no getter was found for field: \"",
        "type": "Literal"
      },
      "location-after-char-start": 4257,
      "location-after-char-end": 4310,
      "node-str": "\"Setter was found but no getter was found for field: \""
    },
    {
      "type": "move-subtree",
      "node": {
        "label": "fieldName",
        "type": "VariableRead"
      },
      "location-before-char-start": 4642,
      "location-before-char-end": 4650,
      "location-after-char-start": 4314,
      "location-after-char-end": 4322,
      "node-str": "fieldName"
    },
    {
      "type": "move-subtree",
      "node": {
        "label": "map",
        "type": "VariableRead"
      },
      "location-before-char-start": 4760,
      "location-before-char-end": 4762,
      "location-after-char-start": 4450,
      "location-after-char-end": 4452,
      "node-str": "map"
    },
    {
      "type": "insert-node",
      "node": {
        "label": "getName",
        "type": "Invocation"
      },
      "location-after-char-start": 4458,
      "location-after-char-end": 4479,
      "node-str": "getName"
    },
    {
      "type": "insert-node",
      "node": {
        "label": "java.lang.Object()",
        "type": "ConstructorCall"
      },
      "location-after-char-start": 4482,
      "location-after-char-end": 4537,
      "node-str": "java.lang.Object()"
    },
    {
      "type": "move-subtree",
      "node": {
        "label": "map",
        "type": "VariableRead"
      },
      "location-before-char-start": 4802,
      "location-before-char-end": 4804,
      "location-after-char-start": 4553,
      "location-after-char-end": 4555,
      "node-str": "map"
    },
    {
      "type": "insert-node",
      "node": {
        "label": "getName",
        "type": "Invocation"
      },
      "location-after-char-start": 4561,
      "location-after-char-end": 4582,
      "node-str": "getName"
    },
    {
      "type": "insert-node",
      "node": {
        "label": "java.lang.Object()",
        "type": "ConstructorCall"
      },
      "location-after-char-start": 4585,
      "location-after-char-end": 4640,
      "node-str": "java.lang.Object()"
    },
    {
      "type": "move-subtree",
      "node": {
        "label": "getterMethod",
        "type": "VariableRead"
      },
      "location-before-char-start": 4768,
      "location-before-char-end": 4779,
      "location-after-char-start": 4458,
      "location-after-char-end": 4469,
      "node-str": "getterMethod"
    },
    {
      "type": "move-subtree",
      "node": {
        "label": "field",
        "type": "VariableRead"
      },
      "location-before-char-start": 4782,
      "location-before-char-end": 4786,
      "location-after-char-start": 4532,
      "location-after-char-end": 4536,
      "node-str": "field"
    },
    {
      "type": "move-subtree",
      "node": {
        "label": "setterMethod",
        "type": "VariableRead"
      },
      "location-before-char-start": 4810,
      "location-before-char-end": 4821,
      "location-after-char-start": 4561,
      "location-after-char-end": 4572,
      "node-str": "setterMethod"
    },
    {
      "type": "move-subtree",
      "node": {
        "label": "field",
        "type": "VariableRead"
      },
      "location-before-char-start": 4824,
      "location-before-char-end": 4828,
      "location-after-char-start": 4635,
      "location-after-char-end": 4639,
      "node-str": "field"
    },
    {
      "type": "delete-node",
      "node": {
        "label": "java.lang.ref.WeakReference",
        "type": "VARIABLE_TYPE"
      },
      "location-before-char-start": 0,
      "location-before-char-end": 0,
      "node-str": "java.lang.ref.WeakReference"
    },
    {
      "type": "delete-node",
      "node": {
        "label": "final",
        "type": "Modifier"
      },
      "location-before-char-start": 0,
      "location-before-char-end": 0,
      "node-str": "final"
    },
    {
      "type": "delete-node",
      "node": {
        "label": "container",
        "type": "Field"
      },
      "location-before-char-start": 1150,
      "location-before-char-end": 1187,
      "node-str": "container"
    },
    {
      "type": "delete-node",
      "node": {
        "label": "org.jboss.ejb.plugins.cmp.jdbc.JDBCCreateBeanClassInstanceCommand",
        "type": "TypeAccess"
      },
      "location-before-char-start": 0,
      "location-before-char-end": 0,
      "node-str": "org.jboss.ejb.plugins.cmp.jdbc.JDBCCreateBeanClassInstanceCommand"
    },
    {
      "type": "delete-node",
      "node": {
        "label": "container",
        "type": "FieldWrite"
      },
      "location-before-char-start": 1557,
      "location-before-char-end": 1565,
      "node-str": "container"
    },
    {
      "type": "delete-node",
      "node": {
        "label": "theContainer",
        "type": "VariableRead"
      },
      "location-before-char-start": 1587,
      "location-before-char-end": 1598,
      "node-str": "theContainer"
    },
    {
      "type": "delete-node",
      "node": {
        "label": "java.lang.ref.WeakReference(java.lang.Object)",
        "type": "ConstructorCall"
      },
      "location-before-char-start": 1569,
      "location-before-char-end": 1599,
      "node-str": "java.lang.ref.WeakReference(java.lang.Object)"
    },
    {
      "type": "delete-node",
      "node": {
        "label": "\u003d",
        "type": "Assignment"
      },
      "location-before-char-start": 1557,
      "location-before-char-end": 1600,
      "node-str": "\u003d"
    },
    {
      "type": "delete-node",
      "node": {
        "label": "theContainer",
        "type": "VariableRead"
      },
      "location-before-char-start": 1924,
      "location-before-char-end": 1935,
      "node-str": "theContainer"
    },
    {
      "type": "delete-node",
      "node": {
        "label": "theContainer",
        "type": "VariableRead"
      },
      "location-before-char-start": 2726,
      "location-before-char-end": 2737,
      "node-str": "theContainer"
    },
    {
      "type": "delete-node",
      "node": {
        "label": "org.jboss.ejb.EntityContainer",
        "type": "VARIABLE_TYPE"
      },
      "location-before-char-start": 0,
      "location-before-char-end": 0,
      "node-str": "org.jboss.ejb.EntityContainer"
    },
    {
      "type": "delete-node",
      "node": {
        "label": "org.jboss.ejb.plugins.cmp.jdbc.JDBCCreateBeanClassInstanceCommand",
        "type": "TypeAccess"
      },
      "location-before-char-start": 0,
      "location-before-char-end": 0,
      "node-str": "org.jboss.ejb.plugins.cmp.jdbc.JDBCCreateBeanClassInstanceCommand"
    },
    {
      "type": "delete-node",
      "node": {
        "label": "container",
        "type": "FieldRead"
      },
      "location-before-char-start": 2616,
      "location-before-char-end": 2624,
      "node-str": "container"
    },
    {
      "type": "delete-node",
      "node": {
        "label": "get",
        "type": "Invocation"
      },
      "location-before-char-start": 2598,
      "location-before-char-end": 2630,
      "node-str": "get"
    },
    {
      "type": "delete-node",
      "node": {
        "label": "theContainer",
        "type": "LocalVariable"
      },
      "location-before-char-start": 2567,
      "location-before-char-end": 2631,
      "node-str": "theContainer"
    },
    {
      "type": "delete-node",
      "node": {
        "label": "execute",
        "type": "Method"
      },
      "location-before-char-start": 2515,
      "location-before-char-end": 2885,
      "node-str": "execute"
    },
    {
      "type": "delete-node",
      "node": {
        "label": "\"Getter was found but, no setter \"",
        "type": "Literal"
      },
      "location-before-char-start": 4359,
      "location-before-char-end": 4392,
      "node-str": "\"Getter was found but, no setter \""
    },
    {
      "type": "delete-node",
      "node": {
        "label": "\"was found for field: \"",
        "type": "Literal"
      },
      "location-before-char-start": 4414,
      "location-before-char-end": 4436,
      "node-str": "\"was found for field: \""
    },
    {
      "type": "delete-node",
      "node": {
        "label": "PLUS",
        "type": "BinaryOperator"
      },
      "location-before-char-start": 4359,
      "location-before-char-end": 4436,
      "node-str": "PLUS"
    },
    {
      "type": "delete-node",
      "node": {
        "label": "PLUS",
        "type": "BinaryOperator"
      },
      "location-before-char-start": 4359,
      "location-before-char-end": 4448,
      "node-str": "PLUS"
    },
    {
      "type": "delete-node",
      "node": {
        "label": "org.jboss.deployment.DeploymentException(java.lang.String)",
        "type": "ConstructorCall"
      },
      "location-before-char-start": 4335,
      "location-before-char-end": 4449,
      "node-str": "org.jboss.deployment.DeploymentException(java.lang.String)"
    },
    {
      "type": "delete-node",
      "node": {
        "label": "",
        "type": "Throw"
      },
      "location-before-char-start": 4329,
      "location-before-char-end": 4450,
      "node-str": ""
    },
    {
      "type": "delete-node",
      "node": {
        "label": "THEN",
        "type": "then"
      },
      "location-before-char-start": 4315,
      "location-before-char-end": 4461,
      "node-str": "THEN"
    },
    {
      "type": "delete-node",
      "node": {
        "label": "\"Setter was found but, no getter \"",
        "type": "Literal"
      },
      "location-before-char-start": 4561,
      "location-before-char-end": 4594,
      "node-str": "\"Setter was found but, no getter \""
    },
    {
      "type": "delete-node",
      "node": {
        "label": "\"was found for field: \"",
        "type": "Literal"
      },
      "location-before-char-start": 4616,
      "location-before-char-end": 4638,
      "node-str": "\"was found for field: \""
    },
    {
      "type": "delete-node",
      "node": {
        "label": "PLUS",
        "type": "BinaryOperator"
      },
      "location-before-char-start": 4561,
      "location-before-char-end": 4638,
      "node-str": "PLUS"
    },
    {
      "type": "delete-node",
      "node": {
        "label": "PLUS",
        "type": "BinaryOperator"
      },
      "location-before-char-start": 4561,
      "location-before-char-end": 4650,
      "node-str": "PLUS"
    },
    {
      "type": "delete-node",
      "node": {
        "label": "org.jboss.deployment.DeploymentException(java.lang.String)",
        "type": "ConstructorCall"
      },
      "location-before-char-start": 4537,
      "location-before-char-end": 4651,
      "node-str": "org.jboss.deployment.DeploymentException(java.lang.String)"
    },
    {
      "type": "delete-node",
      "node": {
        "label": "",
        "type": "Throw"
      },
      "location-before-char-start": 4531,
      "location-before-char-end": 4652,
      "node-str": ""
    },
    {
      "type": "delete-node",
      "node": {
        "label": "THEN",
        "type": "then"
      },
      "location-before-char-start": 4517,
      "location-before-char-end": 4663,
      "node-str": "THEN"
    },
    {
      "type": "delete-node",
      "node": {
        "label": "put",
        "type": "Invocation"
      },
      "location-before-char-start": 4760,
      "location-before-char-end": 4788,
      "node-str": "put"
    },
    {
      "type": "delete-node",
      "node": {
        "label": "put",
        "type": "Invocation"
      },
      "location-before-char-start": 4802,
      "location-before-char-end": 4830,
      "node-str": "put"
    },
    {
      "type": "delete-node",
      "node": {
        "label": "THEN",
        "type": "then"
      },
      "location-before-char-start": 4719,
      "location-before-char-end": 5000,
      "node-str": "THEN"
    },
    {
      "type": "delete-node",
      "node": {
        "label": "if",
        "type": "If"
      },
      "location-before-char-start": 4670,
      "location-before-char-end": 5000,
      "node-str": "if"
    },
    {
      "type": "delete-node",
      "node": {
        "label": "ELSE",
        "type": "else"
      },
      "location-before-char-start": 4670,
      "location-before-char-end": 5000,
      "node-str": "ELSE"
    },
    {
      "type": "delete-node",
      "node": {
        "label": "if",
        "type": "If"
      },
      "location-before-char-start": 4468,
      "location-before-char-end": 5000,
      "node-str": "if"
    },
    {
      "type": "delete-node",
      "node": {
        "label": "ELSE",
        "type": "else"
      },
      "location-before-char-start": 4468,
      "location-before-char-end": 5000,
      "node-str": "ELSE"
    },
    {
      "type": "delete-node",
      "node": {
        "label": "if",
        "type": "If"
      },
      "location-before-char-start": 4266,
      "location-before-char-end": 5000,
      "node-str": "if"
    },
    {
      "type": "delete-node",
      "node": {
        "label": "",
        "type": "For"
      },
      "location-before-char-start": 3627,
      "location-before-char-end": 5008,
      "node-str": ""
    },
    {
      "type": "delete-node",
      "node": {
        "label": "createFieldMap",
        "type": "Method"
      },
      "location-before-char-start": 3413,
      "location-before-char-end": 5060,
      "node-str": "createFieldMap"
    }
  ],
  "before-file": {},
  "after-file": {},
  "mapping": {}
}