{
  "tool-info": {},
  "diff": [
    {
      "type": "insert-node",
      "node": {
        "label": "PerspectiveListenerList",
        "type": "Class"
      },
      "location-after-char-start": 1017,
      "location-after-char-end": 7674,
      "node-str": "PerspectiveListenerList"
    },
    {
      "type": "insert-node",
      "node": {
        "label": "public",
        "type": "Modifier"
      },
      "location-after-char-start": 0,
      "location-after-char-end": 0,
      "node-str": "public"
    },
    {
      "type": "move-subtree",
      "node": {
        "label": "listeners",
        "type": "Field"
      },
      "location-before-char-start": 1053,
      "location-before-char-end": 1104,
      "location-after-char-start": 1098,
      "location-after-char-end": 1149,
      "node-str": "listeners"
    },
    {
      "type": "move-subtree",
      "node": {
        "label": "\u003cinit\u003e",
        "type": "Constructor"
      },
      "location-before-char-start": 1111,
      "location-before-char-end": 1235,
      "location-after-char-start": 1156,
      "location-after-char-end": 1280,
      "node-str": "\u003cinit\u003e"
    },
    {
      "type": "move-subtree",
      "node": {
        "label": "addPerspectiveListener",
        "type": "Method"
      },
      "location-before-char-start": 1242,
      "location-before-char-end": 1413,
      "location-after-char-start": 1287,
      "location-after-char-end": 1458,
      "node-str": "addPerspectiveListener"
    },
    {
      "type": "insert-node",
      "node": {
        "label": "fireEvent",
        "type": "Method"
      },
      "location-after-char-start": 1465,
      "location-after-char-end": 2213,
      "node-str": "fireEvent"
    },
    {
      "type": "insert-node",
      "node": {
        "label": "firePerspectiveActivated",
        "type": "Method"
      },
      "location-after-char-start": 2220,
      "location-after-char-end": 2839,
      "node-str": "firePerspectiveActivated"
    },
    {
      "type": "insert-node",
      "node": {
        "label": "firePerspectiveDeactivated",
        "type": "Method"
      },
      "location-after-char-start": 2846,
      "location-after-char-end": 3604,
      "node-str": "firePerspectiveDeactivated"
    },
    {
      "type": "insert-node",
      "node": {
        "label": "firePerspectiveChanged",
        "type": "Method"
      },
      "location-after-char-start": 3611,
      "location-after-char-end": 4255,
      "node-str": "firePerspectiveChanged"
    },
    {
      "type": "insert-node",
      "node": {
        "label": "firePerspectiveChanged",
        "type": "Method"
      },
      "location-after-char-start": 4262,
      "location-after-char-end": 5155,
      "node-str": "firePerspectiveChanged"
    },
    {
      "type": "insert-node",
      "node": {
        "label": "firePerspectiveClosed",
        "type": "Method"
      },
      "location-after-char-start": 5162,
      "location-after-char-end": 5900,
      "node-str": "firePerspectiveClosed"
    },
    {
      "type": "insert-node",
      "node": {
        "label": "firePerspectiveOpened",
        "type": "Method"
      },
      "location-after-char-start": 5907,
      "location-after-char-end": 6645,
      "node-str": "firePerspectiveOpened"
    },
    {
      "type": "insert-node",
      "node": {
        "label": "firePerspectiveSavedAs",
        "type": "Method"
      },
      "location-after-char-start": 6656,
      "location-after-char-end": 7483,
      "node-str": "firePerspectiveSavedAs"
    },
    {
      "type": "move-subtree",
      "node": {
        "label": "removePerspectiveListener",
        "type": "Method"
      },
      "location-before-char-start": 6399,
      "location-before-char-end": 6581,
      "location-after-char-start": 7490,
      "location-after-char-end": 7672,
      "node-str": "removePerspectiveListener"
    },
    {
      "type": "insert-node",
      "node": {
        "label": "void",
        "type": "RETURN_TYPE"
      },
      "location-after-char-start": 0,
      "location-after-char-end": 0,
      "node-str": "void"
    },
    {
      "type": "insert-node",
      "node": {
        "label": "runnable",
        "type": "Parameter"
      },
      "location-after-char-start": 1696,
      "location-after-char-end": 1716,
      "node-str": "runnable"
    },
    {
      "type": "insert-node",
      "node": {
        "label": "listener",
        "type": "Parameter"
      },
      "location-after-char-start": 1719,
      "location-after-char-end": 1747,
      "node-str": "listener"
    },
    {
      "type": "insert-node",
      "node": {
        "label": "perspective",
        "type": "Parameter"
      },
      "location-after-char-start": 1750,
      "location-after-char-end": 1783,
      "node-str": "perspective"
    },
    {
      "type": "insert-node",
      "node": {
        "label": "description",
        "type": "Parameter"
      },
      "location-after-char-start": 1786,
      "location-after-char-end": 1803,
      "node-str": "description"
    },
    {
      "type": "insert-node",
      "node": {
        "label": "label",
        "type": "LocalVariable"
      },
      "location-after-char-start": 1813,
      "location-after-char-end": 1832,
      "node-str": "label"
    },
    {
      "type": "insert-node",
      "node": {
        "label": "if",
        "type": "If"
      },
      "location-after-char-start": 1854,
      "location-after-char-end": 2039,
      "node-str": "if"
    },
    {
      "type": "insert-node",
      "node": {
        "label": "run",
        "type": "Invocation"
      },
      "location-after-char-start": 2046,
      "location-after-char-end": 2068,
      "node-str": "run"
    },
    {
      "type": "insert-node",
      "node": {
        "label": "if",
        "type": "If"
      },
      "location-after-char-start": 2075,
      "location-after-char-end": 2210,
      "node-str": "if"
    },
    {
      "type": "insert-node",
      "node": {
        "label": "void",
        "type": "RETURN_TYPE"
      },
      "location-after-char-start": 0,
      "location-after-char-end": 0,
      "node-str": "void"
    },
    {
      "type": "insert-node",
      "node": {
        "label": "public",
        "type": "Modifier"
      },
      "location-after-char-start": 0,
      "location-after-char-end": 0,
      "node-str": "public"
    },
    {
      "type": "move-subtree",
      "node": {
        "label": "page",
        "type": "Parameter"
      },
      "location-before-char-start": 1541,
      "location-before-char-end": 1565,
      "location-after-char-start": 2341,
      "location-after-char-end": 2365,
      "node-str": "page"
    },
    {
      "type": "move-subtree",
      "node": {
        "label": "perspective",
        "type": "Parameter"
      },
      "location-before-char-start": 1580,
      "location-before-char-end": 1619,
      "location-after-char-start": 2380,
      "location-after-char-end": 2419,
      "node-str": "perspective"
    },
    {
      "type": "move-subtree",
      "node": {
        "label": "array",
        "type": "LocalVariable"
      },
      "location-before-char-start": 1632,
      "location-before-char-end": 1673,
      "location-after-char-start": 2432,
      "location-after-char-end": 2473,
      "node-str": "array"
    },
    {
      "type": "insert-node",
      "node": {
        "label": "",
        "type": "For"
      },
      "location-after-char-start": 2483,
      "location-after-char-end": 2833,
      "node-str": ""
    },
    {
      "type": "insert-node",
      "node": {
        "label": "void",
        "type": "RETURN_TYPE"
      },
      "location-after-char-start": 0,
      "location-after-char-end": 0,
      "node-str": "void"
    },
    {
      "type": "insert-node",
      "node": {
        "label": "public",
        "type": "Modifier"
      },
      "location-after-char-start": 0,
      "location-after-char-end": 0,
      "node-str": "public"
    },
    {
      "type": "move-subtree",
      "node": {
        "label": "page",
        "type": "Parameter"
      },
      "location-before-char-start": 2155,
      "location-before-char-end": 2179,
      "location-after-char-start": 2997,
      "location-after-char-end": 3021,
      "node-str": "page"
    },
    {
      "type": "move-subtree",
      "node": {
        "label": "perspective",
        "type": "Parameter"
      },
      "location-before-char-start": 2194,
      "location-before-char-end": 2233,
      "location-after-char-start": 3036,
      "location-after-char-end": 3075,
      "node-str": "perspective"
    },
    {
      "type": "move-subtree",
      "node": {
        "label": "array",
        "type": "LocalVariable"
      },
      "location-before-char-start": 2246,
      "location-before-char-end": 2287,
      "location-after-char-start": 3088,
      "location-after-char-end": 3129,
      "node-str": "array"
    },
    {
      "type": "insert-node",
      "node": {
        "label": "",
        "type": "For"
      },
      "location-after-char-start": 3139,
      "location-after-char-end": 3598,
      "node-str": ""
    },
    {
      "type": "insert-node",
      "node": {
        "label": "void",
        "type": "RETURN_TYPE"
      },
      "location-after-char-start": 0,
      "location-after-char-end": 0,
      "node-str": "void"
    },
    {
      "type": "insert-node",
      "node": {
        "label": "public",
        "type": "Modifier"
      },
      "location-after-char-start": 0,
      "location-after-char-end": 0,
      "node-str": "public"
    },
    {
      "type": "move-subtree",
      "node": {
        "label": "page",
        "type": "Parameter"
      },
      "location-before-char-start": 2841,
      "location-before-char-end": 2865,
      "location-after-char-start": 3728,
      "location-after-char-end": 3752,
      "node-str": "page"
    },
    {
      "type": "move-subtree",
      "node": {
        "label": "perspective",
        "type": "Parameter"
      },
      "location-before-char-start": 2880,
      "location-before-char-end": 2919,
      "location-after-char-start": 3767,
      "location-after-char-end": 3806,
      "node-str": "perspective"
    },
    {
      "type": "move-subtree",
      "node": {
        "label": "changeId",
        "type": "Parameter"
      },
      "location-before-char-start": 2922,
      "location-before-char-end": 2942,
      "location-after-char-start": 3809,
      "location-after-char-end": 3829,
      "node-str": "changeId"
    },
    {
      "type": "move-subtree",
      "node": {
        "label": "array",
        "type": "LocalVariable"
      },
      "location-before-char-start": 2955,
      "location-before-char-end": 2996,
      "location-after-char-start": 3842,
      "location-after-char-end": 3883,
      "node-str": "array"
    },
    {
      "type": "insert-node",
      "node": {
        "label": "",
        "type": "For"
      },
      "location-after-char-start": 3893,
      "location-after-char-end": 4249,
      "node-str": ""
    },
    {
      "type": "insert-node",
      "node": {
        "label": "void",
        "type": "RETURN_TYPE"
      },
      "location-after-char-start": 0,
      "location-after-char-end": 0,
      "node-str": "void"
    },
    {
      "type": "insert-node",
      "node": {
        "label": "public",
        "type": "Modifier"
      },
      "location-after-char-start": 0,
      "location-after-char-end": 0,
      "node-str": "public"
    },
    {
      "type": "move-subtree",
      "node": {
        "label": "page",
        "type": "Parameter"
      },
      "location-before-char-start": 3504,
      "location-before-char-end": 3528,
      "location-after-char-start": 4431,
      "location-after-char-end": 4455,
      "node-str": "page"
    },
    {
      "type": "move-subtree",
      "node": {
        "label": "perspective",
        "type": "Parameter"
      },
      "location-before-char-start": 3543,
      "location-before-char-end": 3582,
      "location-after-char-start": 4470,
      "location-after-char-end": 4509,
      "node-str": "perspective"
    },
    {
      "type": "move-subtree",
      "node": {
        "label": "partRef",
        "type": "Parameter"
      },
      "location-before-char-start": 3597,
      "location-before-char-end": 3633,
      "location-after-char-start": 4524,
      "location-after-char-end": 4560,
      "node-str": "partRef"
    },
    {
      "type": "move-subtree",
      "node": {
        "label": "changeId",
        "type": "Parameter"
      },
      "location-before-char-start": 3636,
      "location-before-char-end": 3656,
      "location-after-char-start": 4563,
      "location-after-char-end": 4583,
      "node-str": "changeId"
    },
    {
      "type": "move-subtree",
      "node": {
        "label": "array",
        "type": "LocalVariable"
      },
      "location-before-char-start": 3669,
      "location-before-char-end": 3710,
      "location-after-char-start": 4596,
      "location-after-char-end": 4637,
      "node-str": "array"
    },
    {
      "type": "insert-node",
      "node": {
        "label": "",
        "type": "For"
      },
      "location-after-char-start": 4647,
      "location-after-char-end": 5149,
      "node-str": ""
    },
    {
      "type": "insert-node",
      "node": {
        "label": "void",
        "type": "RETURN_TYPE"
      },
      "location-after-char-start": 0,
      "location-after-char-end": 0,
      "node-str": "void"
    },
    {
      "type": "insert-node",
      "node": {
        "label": "public",
        "type": "Modifier"
      },
      "location-after-char-start": 0,
      "location-after-char-end": 0,
      "node-str": "public"
    },
    {
      "type": "move-subtree",
      "node": {
        "label": "page",
        "type": "Parameter"
      },
      "location-before-char-start": 4335,
      "location-before-char-end": 4359,
      "location-after-char-start": 5303,
      "location-after-char-end": 5327,
      "node-str": "page"
    },
    {
      "type": "move-subtree",
      "node": {
        "label": "perspective",
        "type": "Parameter"
      },
      "location-before-char-start": 4374,
      "location-before-char-end": 4413,
      "location-after-char-start": 5342,
      "location-after-char-end": 5381,
      "node-str": "perspective"
    },
    {
      "type": "move-subtree",
      "node": {
        "label": "array",
        "type": "LocalVariable"
      },
      "location-before-char-start": 4426,
      "location-before-char-end": 4467,
      "location-after-char-start": 5394,
      "location-after-char-end": 5435,
      "node-str": "array"
    },
    {
      "type": "insert-node",
      "node": {
        "label": "",
        "type": "For"
      },
      "location-after-char-start": 5445,
      "location-after-char-end": 5894,
      "node-str": ""
    },
    {
      "type": "insert-node",
      "node": {
        "label": "void",
        "type": "RETURN_TYPE"
      },
      "location-after-char-start": 0,
      "location-after-char-end": 0,
      "node-str": "void"
    },
    {
      "type": "insert-node",
      "node": {
        "label": "public",
        "type": "Modifier"
      },
      "location-after-char-start": 0,
      "location-after-char-end": 0,
      "node-str": "public"
    },
    {
      "type": "move-subtree",
      "node": {
        "label": "page",
        "type": "Parameter"
      },
      "location-before-char-start": 5040,
      "location-before-char-end": 5064,
      "location-after-char-start": 6048,
      "location-after-char-end": 6072,
      "node-str": "page"
    },
    {
      "type": "move-subtree",
      "node": {
        "label": "perspective",
        "type": "Parameter"
      },
      "location-before-char-start": 5079,
      "location-before-char-end": 5118,
      "location-after-char-start": 6087,
      "location-after-char-end": 6126,
      "node-str": "perspective"
    },
    {
      "type": "move-subtree",
      "node": {
        "label": "array",
        "type": "LocalVariable"
      },
      "location-before-char-start": 5131,
      "location-before-char-end": 5172,
      "location-after-char-start": 6139,
      "location-after-char-end": 6180,
      "node-str": "array"
    },
    {
      "type": "insert-node",
      "node": {
        "label": "",
        "type": "For"
      },
      "location-after-char-start": 6190,
      "location-after-char-end": 6639,
      "node-str": ""
    },
    {
      "type": "insert-node",
      "node": {
        "label": "void",
        "type": "RETURN_TYPE"
      },
      "location-after-char-start": 0,
      "location-after-char-end": 0,
      "node-str": "void"
    },
    {
      "type": "insert-node",
      "node": {
        "label": "public",
        "type": "Modifier"
      },
      "location-after-char-start": 0,
      "location-after-char-end": 0,
      "node-str": "public"
    },
    {
      "type": "move-subtree",
      "node": {
        "label": "page",
        "type": "Parameter"
      },
      "location-before-char-start": 5755,
      "location-before-char-end": 5779,
      "location-after-char-start": 6803,
      "location-after-char-end": 6827,
      "node-str": "page"
    },
    {
      "type": "move-subtree",
      "node": {
        "label": "oldPerspective",
        "type": "Parameter"
      },
      "location-before-char-start": 5794,
      "location-before-char-end": 5836,
      "location-after-char-start": 6842,
      "location-after-char-end": 6884,
      "node-str": "oldPerspective"
    },
    {
      "type": "move-subtree",
      "node": {
        "label": "newPerspective",
        "type": "Parameter"
      },
      "location-before-char-start": 5851,
      "location-before-char-end": 5893,
      "location-after-char-start": 6899,
      "location-after-char-end": 6941,
      "node-str": "newPerspective"
    },
    {
      "type": "move-subtree",
      "node": {
        "label": "array",
        "type": "LocalVariable"
      },
      "location-before-char-start": 5906,
      "location-before-char-end": 5947,
      "location-after-char-start": 6954,
      "location-after-char-end": 6995,
      "node-str": "array"
    },
    {
      "type": "insert-node",
      "node": {
        "label": "",
        "type": "For"
      },
      "location-after-char-start": 7005,
      "location-after-char-end": 7477,
      "node-str": ""
    },
    {
      "type": "insert-node",
      "node": {
        "label": "org.eclipse.jface.util.SafeRunnable",
        "type": "VARIABLE_TYPE"
      },
      "location-after-char-start": 0,
      "location-after-char-end": 0,
      "node-str": "org.eclipse.jface.util.SafeRunnable"
    },
    {
      "type": "insert-node",
      "node": {
        "label": "org.eclipse.ui.IPerspectiveListener",
        "type": "VARIABLE_TYPE"
      },
      "location-after-char-start": 0,
      "location-after-char-end": 0,
      "node-str": "org.eclipse.ui.IPerspectiveListener"
    },
    {
      "type": "insert-node",
      "node": {
        "label": "org.eclipse.ui.IPerspectiveDescriptor",
        "type": "VARIABLE_TYPE"
      },
      "location-after-char-start": 0,
      "location-after-char-end": 0,
      "node-str": "org.eclipse.ui.IPerspectiveDescriptor"
    },
    {
      "type": "insert-node",
      "node": {
        "label": "java.lang.String",
        "type": "VARIABLE_TYPE"
      },
      "location-after-char-start": 0,
      "location-after-char-end": 0,
      "node-str": "java.lang.String"
    },
    {
      "type": "insert-node",
      "node": {
        "label": "java.lang.String",
        "type": "VARIABLE_TYPE"
      },
      "location-after-char-start": 0,
      "location-after-char-end": 0,
      "node-str": "java.lang.String"
    },
    {
      "type": "insert-node",
      "node": {
        "label": "null",
        "type": "Literal"
      },
      "location-after-char-start": 1828,
      "location-after-char-end": 1831,
      "node-str": "null"
    },
    {
      "type": "insert-node",
      "node": {
        "label": "isDebugging",
        "type": "Invocation"
      },
      "location-after-char-start": 1858,
      "location-after-char-end": 1914,
      "node-str": "isDebugging"
    },
    {
      "type": "insert-node",
      "node": {
        "label": "THEN",
        "type": "then"
      },
      "location-after-char-start": 1917,
      "location-after-char-end": 2039,
      "node-str": "THEN"
    },
    {
      "type": "insert-node",
      "node": {
        "label": "org.eclipse.core.runtime.Platform",
        "type": "TypeAccess"
      },
      "location-after-char-start": 2046,
      "location-after-char-end": 2053,
      "node-str": "org.eclipse.core.runtime.Platform"
    },
    {
      "type": "insert-node",
      "node": {
        "label": "runnable",
        "type": "VariableRead"
      },
      "location-after-char-start": 2059,
      "location-after-char-end": 2066,
      "node-str": "runnable"
    },
    {
      "type": "insert-node",
      "node": {
        "label": "isDebugging",
        "type": "Invocation"
      },
      "location-after-char-start": 2079,
      "location-after-char-end": 2135,
      "node-str": "isDebugging"
    },
    {
      "type": "insert-node",
      "node": {
        "label": "THEN",
        "type": "then"
      },
      "location-after-char-start": 2144,
      "location-after-char-end": 2210,
      "node-str": "THEN"
    },
    {
      "type": "move-subtree",
      "node": {
        "label": "nX",
        "type": "LocalVariable"
      },
      "location-before-char-start": 1688,
      "location-before-char-end": 1697,
      "location-after-char-start": 2488,
      "location-after-char-end": 2497,
      "node-str": "nX"
    },
    {
      "type": "move-subtree",
      "node": {
        "label": "LT",
        "type": "BinaryOperator"
      },
      "location-before-char-start": 1700,
      "location-before-char-end": 1716,
      "location-after-char-start": 2500,
      "location-after-char-end": 2516,
      "node-str": "LT"
    },
    {
      "type": "insert-node",
      "node": {
        "label": "POSTINC",
        "type": "UnaryOperator"
      },
      "location-after-char-start": 2519,
      "location-after-char-end": 2522,
      "node-str": "POSTINC"
    },
    {
      "type": "move-subtree",
      "node": {
        "label": "l",
        "type": "LocalVariable"
      },
      "location-before-char-start": 1739,
      "location-before-char-end": 1802,
      "location-after-char-start": 2539,
      "location-after-char-end": 2602,
      "node-str": "l"
    },
    {
      "type": "insert-node",
      "node": {
        "label": "fireEvent",
        "type": "Invocation"
      },
      "location-after-char-start": 2616,
      "location-after-char-end": 2809,
      "node-str": "fireEvent"
    },
    {
      "type": "move-subtree",
      "node": {
        "label": "nX",
        "type": "LocalVariable"
      },
      "location-before-char-start": 2302,
      "location-before-char-end": 2311,
      "location-after-char-start": 3144,
      "location-after-char-end": 3153,
      "node-str": "nX"
    },
    {
      "type": "move-subtree",
      "node": {
        "label": "LT",
        "type": "BinaryOperator"
      },
      "location-before-char-start": 2314,
      "location-before-char-end": 2330,
      "location-after-char-start": 3156,
      "location-after-char-end": 3172,
      "node-str": "LT"
    },
    {
      "type": "insert-node",
      "node": {
        "label": "POSTINC",
        "type": "UnaryOperator"
      },
      "location-after-char-start": 3175,
      "location-after-char-end": 3178,
      "node-str": "POSTINC"
    },
    {
      "type": "insert-node",
      "node": {
        "label": "if",
        "type": "If"
      },
      "location-after-char-start": 3195,
      "location-after-char-end": 3588,
      "node-str": "if"
    },
    {
      "type": "move-subtree",
      "node": {
        "label": "nX",
        "type": "LocalVariable"
      },
      "location-before-char-start": 3011,
      "location-before-char-end": 3020,
      "location-after-char-start": 3898,
      "location-after-char-end": 3907,
      "node-str": "nX"
    },
    {
      "type": "move-subtree",
      "node": {
        "label": "LT",
        "type": "BinaryOperator"
      },
      "location-before-char-start": 3023,
      "location-before-char-end": 3039,
      "location-after-char-start": 3910,
      "location-after-char-end": 3926,
      "node-str": "LT"
    },
    {
      "type": "insert-node",
      "node": {
        "label": "POSTINC",
        "type": "UnaryOperator"
      },
      "location-after-char-start": 3929,
      "location-after-char-end": 3932,
      "node-str": "POSTINC"
    },
    {
      "type": "move-subtree",
      "node": {
        "label": "l",
        "type": "LocalVariable"
      },
      "location-before-char-start": 3062,
      "location-before-char-end": 3125,
      "location-after-char-start": 3949,
      "location-after-char-end": 4012,
      "node-str": "l"
    },
    {
      "type": "insert-node",
      "node": {
        "label": "fireEvent",
        "type": "Invocation"
      },
      "location-after-char-start": 4026,
      "location-after-char-end": 4225,
      "node-str": "fireEvent"
    },
    {
      "type": "move-subtree",
      "node": {
        "label": "nX",
        "type": "LocalVariable"
      },
      "location-before-char-start": 3725,
      "location-before-char-end": 3734,
      "location-after-char-start": 4652,
      "location-after-char-end": 4661,
      "node-str": "nX"
    },
    {
      "type": "move-subtree",
      "node": {
        "label": "LT",
        "type": "BinaryOperator"
      },
      "location-before-char-start": 3737,
      "location-before-char-end": 3753,
      "location-after-char-start": 4664,
      "location-after-char-end": 4680,
      "node-str": "LT"
    },
    {
      "type": "insert-node",
      "node": {
        "label": "POSTINC",
        "type": "UnaryOperator"
      },
      "location-after-char-start": 4683,
      "location-after-char-end": 4686,
      "node-str": "POSTINC"
    },
    {
      "type": "insert-node",
      "node": {
        "label": "if",
        "type": "If"
      },
      "location-after-char-start": 4703,
      "location-after-char-end": 5139,
      "node-str": "if"
    },
    {
      "type": "move-subtree",
      "node": {
        "label": "nX",
        "type": "LocalVariable"
      },
      "location-before-char-start": 4482,
      "location-before-char-end": 4491,
      "location-after-char-start": 5450,
      "location-after-char-end": 5459,
      "node-str": "nX"
    },
    {
      "type": "move-subtree",
      "node": {
        "label": "LT",
        "type": "BinaryOperator"
      },
      "location-before-char-start": 4494,
      "location-before-char-end": 4510,
      "location-after-char-start": 5462,
      "location-after-char-end": 5478,
      "node-str": "LT"
    },
    {
      "type": "insert-node",
      "node": {
        "label": "POSTINC",
        "type": "UnaryOperator"
      },
      "location-after-char-start": 5481,
      "location-after-char-end": 5484,
      "node-str": "POSTINC"
    },
    {
      "type": "insert-node",
      "node": {
        "label": "if",
        "type": "If"
      },
      "location-after-char-start": 5501,
      "location-after-char-end": 5884,
      "node-str": "if"
    },
    {
      "type": "move-subtree",
      "node": {
        "label": "nX",
        "type": "LocalVariable"
      },
      "location-before-char-start": 5187,
      "location-before-char-end": 5196,
      "location-after-char-start": 6195,
      "location-after-char-end": 6204,
      "node-str": "nX"
    },
    {
      "type": "move-subtree",
      "node": {
        "label": "LT",
        "type": "BinaryOperator"
      },
      "location-before-char-start": 5199,
      "location-before-char-end": 5215,
      "location-after-char-start": 6207,
      "location-after-char-end": 6223,
      "node-str": "LT"
    },
    {
      "type": "insert-node",
      "node": {
        "label": "POSTINC",
        "type": "UnaryOperator"
      },
      "location-after-char-start": 6226,
      "location-after-char-end": 6229,
      "node-str": "POSTINC"
    },
    {
      "type": "insert-node",
      "node": {
        "label": "if",
        "type": "If"
      },
      "location-after-char-start": 6246,
      "location-after-char-end": 6629,
      "node-str": "if"
    },
    {
      "type": "move-subtree",
      "node": {
        "label": "nX",
        "type": "LocalVariable"
      },
      "location-before-char-start": 5962,
      "location-before-char-end": 5971,
      "location-after-char-start": 7010,
      "location-after-char-end": 7019,
      "node-str": "nX"
    },
    {
      "type": "move-subtree",
      "node": {
        "label": "LT",
        "type": "BinaryOperator"
      },
      "location-before-char-start": 5974,
      "location-before-char-end": 5990,
      "location-after-char-start": 7022,
      "location-after-char-end": 7038,
      "node-str": "LT"
    },
    {
      "type": "insert-node",
      "node": {
        "label": "POSTINC",
        "type": "UnaryOperator"
      },
      "location-after-char-start": 7041,
      "location-after-char-end": 7044,
      "node-str": "POSTINC"
    },
    {
      "type": "insert-node",
      "node": {
        "label": "if",
        "type": "If"
      },
      "location-after-char-start": 7061,
      "location-after-char-end": 7467,
      "node-str": "if"
    },
    {
      "type": "insert-node",
      "node": {
        "label": "org.eclipse.ui.internal.misc.UIStats",
        "type": "TypeAccess"
      },
      "location-after-char-start": 1858,
      "location-after-char-end": 1864,
      "node-str": "org.eclipse.ui.internal.misc.UIStats"
    },
    {
      "type": "insert-node",
      "node": {
        "label": "UIStats.NOTIFY_PERSPECTIVE_LISTENERS",
        "type": "TypeAccess"
      },
      "location-after-char-start": 1878,
      "location-after-char-end": 1913,
      "node-str": "UIStats.NOTIFY_PERSPECTIVE_LISTENERS"
    },
    {
      "type": "insert-node",
      "node": {
        "label": "\u003d",
        "type": "Assignment"
      },
      "location-after-char-start": 1925,
      "location-after-char-end": 1966,
      "node-str": "\u003d"
    },
    {
      "type": "insert-node",
      "node": {
        "label": "start",
        "type": "Invocation"
      },
      "location-after-char-start": 1974,
      "location-after-char-end": 2032,
      "node-str": "start"
    },
    {
      "type": "insert-node",
      "node": {
        "label": "org.eclipse.ui.internal.misc.UIStats",
        "type": "TypeAccess"
      },
      "location-after-char-start": 2079,
      "location-after-char-end": 2085,
      "node-str": "org.eclipse.ui.internal.misc.UIStats"
    },
    {
      "type": "insert-node",
      "node": {
        "label": "UIStats.NOTIFY_PERSPECTIVE_LISTENERS",
        "type": "TypeAccess"
      },
      "location-after-char-start": 2099,
      "location-after-char-end": 2134,
      "node-str": "UIStats.NOTIFY_PERSPECTIVE_LISTENERS"
    },
    {
      "type": "insert-node",
      "node": {
        "label": "end",
        "type": "Invocation"
      },
      "location-after-char-start": 2144,
      "location-after-char-end": 2210,
      "node-str": "end"
    },
    {
      "type": "insert-node",
      "node": {
        "label": "nX",
        "type": "VariableWrite"
      },
      "location-after-char-start": 2519,
      "location-after-char-end": 2520,
      "node-str": "nX"
    },
    {
      "type": "insert-node",
      "node": {
        "label": "org.eclipse.ui.internal.PerspectiveListenerList",
        "type": "TypeAccess"
      },
      "location-after-char-start": 0,
      "location-after-char-end": 0,
      "node-str": "org.eclipse.ui.internal.PerspectiveListenerList"
    },
    {
      "type": "move-subtree",
      "node": {
        "label": "org.eclipse.jface.util.SafeRunnable()",
        "type": "NewClass"
      },
      "location-before-char-start": 1829,
      "location-before-char-end": 1979,
      "location-after-char-start": 2626,
      "location-after-char-end": 2776,
      "node-str": "org.eclipse.jface.util.SafeRunnable()"
    },
    {
      "type": "insert-node",
      "node": {
        "label": "l",
        "type": "VariableRead"
      },
      "location-after-char-start": 2779,
      "location-after-char-end": 2779,
      "node-str": "l"
    },
    {
      "type": "insert-node",
      "node": {
        "label": "perspective",
        "type": "VariableRead"
      },
      "location-after-char-start": 2782,
      "location-after-char-end": 2792,
      "node-str": "perspective"
    },
    {
      "type": "insert-node",
      "node": {
        "label": "\"activated::\"",
        "type": "Literal"
      },
      "location-after-char-start": 2795,
      "location-after-char-end": 2807,
      "node-str": "\"activated::\""
    },
    {
      "type": "insert-node",
      "node": {
        "label": "nX",
        "type": "VariableWrite"
      },
      "location-after-char-start": 3175,
      "location-after-char-end": 3176,
      "node-str": "nX"
    },
    {
      "type": "move-subtree",
      "node": {
        "label": "INSTANCEOF",
        "type": "BinaryOperator"
      },
      "location-before-char-start": 2357,
      "location-before-char-end": 2398,
      "location-after-char-start": 3199,
      "location-after-char-end": 3240,
      "node-str": "INSTANCEOF"
    },
    {
      "type": "insert-node",
      "node": {
        "label": "THEN",
        "type": "then"
      },
      "location-after-char-start": 3243,
      "location-after-char-end": 3588,
      "node-str": "THEN"
    },
    {
      "type": "insert-node",
      "node": {
        "label": "nX",
        "type": "VariableWrite"
      },
      "location-after-char-start": 3929,
      "location-after-char-end": 3930,
      "node-str": "nX"
    },
    {
      "type": "insert-node",
      "node": {
        "label": "org.eclipse.ui.internal.PerspectiveListenerList",
        "type": "TypeAccess"
      },
      "location-after-char-start": 0,
      "location-after-char-end": 0,
      "node-str": "org.eclipse.ui.internal.PerspectiveListenerList"
    },
    {
      "type": "move-subtree",
      "node": {
        "label": "org.eclipse.jface.util.SafeRunnable()",
        "type": "NewClass"
      },
      "location-before-char-start": 3152,
      "location-before-char-end": 3310,
      "location-after-char-start": 4036,
      "location-after-char-end": 4194,
      "node-str": "org.eclipse.jface.util.SafeRunnable()"
    },
    {
      "type": "insert-node",
      "node": {
        "label": "l",
        "type": "VariableRead"
      },
      "location-after-char-start": 4197,
      "location-after-char-end": 4197,
      "node-str": "l"
    },
    {
      "type": "insert-node",
      "node": {
        "label": "perspective",
        "type": "VariableRead"
      },
      "location-after-char-start": 4200,
      "location-after-char-end": 4210,
      "node-str": "perspective"
    },
    {
      "type": "insert-node",
      "node": {
        "label": "\"changed::\"",
        "type": "Literal"
      },
      "location-after-char-start": 4213,
      "location-after-char-end": 4223,
      "node-str": "\"changed::\""
    },
    {
      "type": "insert-node",
      "node": {
        "label": "nX",
        "type": "VariableWrite"
      },
      "location-after-char-start": 4683,
      "location-after-char-end": 4684,
      "node-str": "nX"
    },
    {
      "type": "move-subtree",
      "node": {
        "label": "INSTANCEOF",
        "type": "BinaryOperator"
      },
      "location-before-char-start": 3780,
      "location-before-char-end": 3821,
      "location-after-char-start": 4707,
      "location-after-char-end": 4748,
      "node-str": "INSTANCEOF"
    },
    {
      "type": "insert-node",
      "node": {
        "label": "THEN",
        "type": "then"
      },
      "location-after-char-start": 4751,
      "location-after-char-end": 5139,
      "node-str": "THEN"
    },
    {
      "type": "insert-node",
      "node": {
        "label": "nX",
        "type": "VariableWrite"
      },
      "location-after-char-start": 5481,
      "location-after-char-end": 5482,
      "node-str": "nX"
    },
    {
      "type": "move-subtree",
      "node": {
        "label": "INSTANCEOF",
        "type": "BinaryOperator"
      },
      "location-before-char-start": 4537,
      "location-before-char-end": 4578,
      "location-after-char-start": 5505,
      "location-after-char-end": 5546,
      "node-str": "INSTANCEOF"
    },
    {
      "type": "insert-node",
      "node": {
        "label": "THEN",
        "type": "then"
      },
      "location-after-char-start": 5549,
      "location-after-char-end": 5884,
      "node-str": "THEN"
    },
    {
      "type": "insert-node",
      "node": {
        "label": "nX",
        "type": "VariableWrite"
      },
      "location-after-char-start": 6226,
      "location-after-char-end": 6227,
      "node-str": "nX"
    },
    {
      "type": "move-subtree",
      "node": {
        "label": "INSTANCEOF",
        "type": "BinaryOperator"
      },
      "location-before-char-start": 5242,
      "location-before-char-end": 5283,
      "location-after-char-start": 6250,
      "location-after-char-end": 6291,
      "node-str": "INSTANCEOF"
    },
    {
      "type": "insert-node",
      "node": {
        "label": "THEN",
        "type": "then"
      },
      "location-after-char-start": 6294,
      "location-after-char-end": 6629,
      "node-str": "THEN"
    },
    {
      "type": "insert-node",
      "node": {
        "label": "nX",
        "type": "VariableWrite"
      },
      "location-after-char-start": 7041,
      "location-after-char-end": 7042,
      "node-str": "nX"
    },
    {
      "type": "move-subtree",
      "node": {
        "label": "INSTANCEOF",
        "type": "BinaryOperator"
      },
      "location-before-char-start": 6017,
      "location-before-char-end": 6058,
      "location-after-char-start": 7065,
      "location-after-char-end": 7106,
      "node-str": "INSTANCEOF"
    },
    {
      "type": "insert-node",
      "node": {
        "label": "THEN",
        "type": "then"
      },
      "location-after-char-start": 7109,
      "location-after-char-end": 7467,
      "node-str": "THEN"
    },
    {
      "type": "insert-node",
      "node": {
        "label": "label",
        "type": "VariableWrite"
      },
      "location-after-char-start": 1925,
      "location-after-char-end": 1929,
      "node-str": "label"
    },
    {
      "type": "insert-node",
      "node": {
        "label": "PLUS",
        "type": "BinaryOperator"
      },
      "location-after-char-start": 1933,
      "location-after-char-end": 1965,
      "node-str": "PLUS"
    },
    {
      "type": "insert-node",
      "node": {
        "label": "org.eclipse.ui.internal.misc.UIStats",
        "type": "TypeAccess"
      },
      "location-after-char-start": 1974,
      "location-after-char-end": 1980,
      "node-str": "org.eclipse.ui.internal.misc.UIStats"
    },
    {
      "type": "insert-node",
      "node": {
        "label": "UIStats.NOTIFY_PERSPECTIVE_LISTENERS",
        "type": "TypeAccess"
      },
      "location-after-char-start": 1988,
      "location-after-char-end": 2023,
      "node-str": "UIStats.NOTIFY_PERSPECTIVE_LISTENERS"
    },
    {
      "type": "insert-node",
      "node": {
        "label": "label",
        "type": "VariableRead"
      },
      "location-after-char-start": 2026,
      "location-after-char-end": 2030,
      "node-str": "label"
    },
    {
      "type": "insert-node",
      "node": {
        "label": "org.eclipse.ui.internal.misc.UIStats",
        "type": "TypeAccess"
      },
      "location-after-char-start": 2144,
      "location-after-char-end": 2150,
      "node-str": "org.eclipse.ui.internal.misc.UIStats"
    },
    {
      "type": "insert-node",
      "node": {
        "label": "UIStats.NOTIFY_PERSPECTIVE_LISTENERS",
        "type": "TypeAccess"
      },
      "location-after-char-start": 2156,
      "location-after-char-end": 2191,
      "node-str": "UIStats.NOTIFY_PERSPECTIVE_LISTENERS"
    },
    {
      "type": "insert-node",
      "node": {
        "label": "listener",
        "type": "VariableRead"
      },
      "location-after-char-start": 2194,
      "location-after-char-end": 2201,
      "node-str": "listener"
    },
    {
      "type": "insert-node",
      "node": {
        "label": "label",
        "type": "VariableRead"
      },
      "location-after-char-start": 2204,
      "location-after-char-end": 2208,
      "node-str": "label"
    },
    {
      "type": "move-subtree",
      "node": {
        "label": "l3",
        "type": "LocalVariable"
      },
      "location-before-char-start": 2419,
      "location-before-char-end": 2485,
      "location-after-char-start": 3261,
      "location-after-char-end": 3327,
      "node-str": "l3"
    },
    {
      "type": "insert-node",
      "node": {
        "label": "fireEvent",
        "type": "Invocation"
      },
      "location-after-char-start": 3345,
      "location-after-char-end": 3560,
      "node-str": "fireEvent"
    },
    {
      "type": "move-subtree",
      "node": {
        "label": "l2",
        "type": "LocalVariable"
      },
      "location-before-char-start": 3842,
      "location-before-char-end": 3908,
      "location-after-char-start": 4769,
      "location-after-char-end": 4835,
      "node-str": "l2"
    },
    {
      "type": "insert-node",
      "node": {
        "label": "fireEvent",
        "type": "Invocation"
      },
      "location-after-char-start": 4853,
      "location-after-char-end": 5111,
      "node-str": "fireEvent"
    },
    {
      "type": "move-subtree",
      "node": {
        "label": "l3",
        "type": "LocalVariable"
      },
      "location-before-char-start": 4599,
      "location-before-char-end": 4665,
      "location-after-char-start": 5567,
      "location-after-char-end": 5633,
      "node-str": "l3"
    },
    {
      "type": "insert-node",
      "node": {
        "label": "fireEvent",
        "type": "Invocation"
      },
      "location-after-char-start": 5651,
      "location-after-char-end": 5856,
      "node-str": "fireEvent"
    },
    {
      "type": "move-subtree",
      "node": {
        "label": "l3",
        "type": "LocalVariable"
      },
      "location-before-char-start": 5304,
      "location-before-char-end": 5370,
      "location-after-char-start": 6312,
      "location-after-char-end": 6378,
      "node-str": "l3"
    },
    {
      "type": "insert-node",
      "node": {
        "label": "fireEvent",
        "type": "Invocation"
      },
      "location-after-char-start": 6396,
      "location-after-char-end": 6601,
      "node-str": "fireEvent"
    },
    {
      "type": "move-subtree",
      "node": {
        "label": "l3",
        "type": "LocalVariable"
      },
      "location-before-char-start": 6079,
      "location-before-char-end": 6145,
      "location-after-char-start": 7127,
      "location-after-char-end": 7193,
      "node-str": "l3"
    },
    {
      "type": "insert-node",
      "node": {
        "label": "fireEvent",
        "type": "Invocation"
      },
      "location-after-char-start": 7211,
      "location-after-char-end": 7439,
      "node-str": "fireEvent"
    },
    {
      "type": "insert-node",
      "node": {
        "label": "description",
        "type": "VariableRead"
      },
      "location-after-char-start": 1933,
      "location-after-char-end": 1943,
      "node-str": "description"
    },
    {
      "type": "insert-node",
      "node": {
        "label": "getId",
        "type": "Invocation"
      },
      "location-after-char-start": 1947,
      "location-after-char-end": 1965,
      "node-str": "getId"
    },
    {
      "type": "insert-node",
      "node": {
        "label": "org.eclipse.ui.internal.PerspectiveListenerList",
        "type": "TypeAccess"
      },
      "location-after-char-start": 0,
      "location-after-char-end": 0,
      "node-str": "org.eclipse.ui.internal.PerspectiveListenerList"
    },
    {
      "type": "move-subtree",
      "node": {
        "label": "org.eclipse.jface.util.SafeRunnable()",
        "type": "NewClass"
      },
      "location-before-char-start": 2516,
      "location-before-char-end": 2685,
      "location-after-char-start": 3355,
      "location-after-char-end": 3524,
      "node-str": "org.eclipse.jface.util.SafeRunnable()"
    },
    {
      "type": "insert-node",
      "node": {
        "label": "l3",
        "type": "VariableRead"
      },
      "location-after-char-start": 3527,
      "location-after-char-end": 3528,
      "node-str": "l3"
    },
    {
      "type": "insert-node",
      "node": {
        "label": "perspective",
        "type": "VariableRead"
      },
      "location-after-char-start": 3531,
      "location-after-char-end": 3541,
      "node-str": "perspective"
    },
    {
      "type": "insert-node",
      "node": {
        "label": "\"deactivated::\"",
        "type": "Literal"
      },
      "location-after-char-start": 3544,
      "location-after-char-end": 3558,
      "node-str": "\"deactivated::\""
    },
    {
      "type": "insert-node",
      "node": {
        "label": "org.eclipse.ui.internal.PerspectiveListenerList",
        "type": "TypeAccess"
      },
      "location-after-char-start": 0,
      "location-after-char-end": 0,
      "node-str": "org.eclipse.ui.internal.PerspectiveListenerList"
    },
    {
      "type": "move-subtree",
      "node": {
        "label": "org.eclipse.jface.util.SafeRunnable()",
        "type": "NewClass"
      },
      "location-before-char-start": 3939,
      "location-before-char-end": 4155,
      "location-after-char-start": 4863,
      "location-after-char-end": 5079,
      "node-str": "org.eclipse.jface.util.SafeRunnable()"
    },
    {
      "type": "insert-node",
      "node": {
        "label": "l2",
        "type": "VariableRead"
      },
      "location-after-char-start": 5082,
      "location-after-char-end": 5083,
      "node-str": "l2"
    },
    {
      "type": "insert-node",
      "node": {
        "label": "perspective",
        "type": "VariableRead"
      },
      "location-after-char-start": 5086,
      "location-after-char-end": 5096,
      "node-str": "perspective"
    },
    {
      "type": "insert-node",
      "node": {
        "label": "\"changed::\"",
        "type": "Literal"
      },
      "location-after-char-start": 5099,
      "location-after-char-end": 5109,
      "node-str": "\"changed::\""
    },
    {
      "type": "insert-node",
      "node": {
        "label": "org.eclipse.ui.internal.PerspectiveListenerList",
        "type": "TypeAccess"
      },
      "location-after-char-start": 0,
      "location-after-char-end": 0,
      "node-str": "org.eclipse.ui.internal.PerspectiveListenerList"
    },
    {
      "type": "move-subtree",
      "node": {
        "label": "org.eclipse.jface.util.SafeRunnable()",
        "type": "NewClass"
      },
      "location-before-char-start": 4696,
      "location-before-char-end": 4860,
      "location-after-char-start": 5661,
      "location-after-char-end": 5825,
      "node-str": "org.eclipse.jface.util.SafeRunnable()"
    },
    {
      "type": "insert-node",
      "node": {
        "label": "l3",
        "type": "VariableRead"
      },
      "location-after-char-start": 5828,
      "location-after-char-end": 5829,
      "node-str": "l3"
    },
    {
      "type": "insert-node",
      "node": {
        "label": "perspective",
        "type": "VariableRead"
      },
      "location-after-char-start": 5832,
      "location-after-char-end": 5842,
      "node-str": "perspective"
    },
    {
      "type": "insert-node",
      "node": {
        "label": "\"closed::\"",
        "type": "Literal"
      },
      "location-after-char-start": 5845,
      "location-after-char-end": 5854,
      "node-str": "\"closed::\""
    },
    {
      "type": "insert-node",
      "node": {
        "label": "org.eclipse.ui.internal.PerspectiveListenerList",
        "type": "TypeAccess"
      },
      "location-after-char-start": 0,
      "location-after-char-end": 0,
      "node-str": "org.eclipse.ui.internal.PerspectiveListenerList"
    },
    {
      "type": "move-subtree",
      "node": {
        "label": "org.eclipse.jface.util.SafeRunnable()",
        "type": "NewClass"
      },
      "location-before-char-start": 5401,
      "location-before-char-end": 5565,
      "location-after-char-start": 6406,
      "location-after-char-end": 6570,
      "node-str": "org.eclipse.jface.util.SafeRunnable()"
    },
    {
      "type": "insert-node",
      "node": {
        "label": "l3",
        "type": "VariableRead"
      },
      "location-after-char-start": 6573,
      "location-after-char-end": 6574,
      "node-str": "l3"
    },
    {
      "type": "insert-node",
      "node": {
        "label": "perspective",
        "type": "VariableRead"
      },
      "location-after-char-start": 6577,
      "location-after-char-end": 6587,
      "node-str": "perspective"
    },
    {
      "type": "insert-node",
      "node": {
        "label": "\"opened::\"",
        "type": "Literal"
      },
      "location-after-char-start": 6590,
      "location-after-char-end": 6599,
      "node-str": "\"opened::\""
    },
    {
      "type": "insert-node",
      "node": {
        "label": "org.eclipse.ui.internal.PerspectiveListenerList",
        "type": "TypeAccess"
      },
      "location-after-char-start": 0,
      "location-after-char-end": 0,
      "node-str": "org.eclipse.ui.internal.PerspectiveListenerList"
    },
    {
      "type": "move-subtree",
      "node": {
        "label": "org.eclipse.jface.util.SafeRunnable()",
        "type": "NewClass"
      },
      "location-before-char-start": 6176,
      "location-before-char-end": 6360,
      "location-after-char-start": 7221,
      "location-after-char-end": 7405,
      "node-str": "org.eclipse.jface.util.SafeRunnable()"
    },
    {
      "type": "insert-node",
      "node": {
        "label": "l3",
        "type": "VariableRead"
      },
      "location-after-char-start": 7408,
      "location-after-char-end": 7409,
      "node-str": "l3"
    },
    {
      "type": "insert-node",
      "node": {
        "label": "newPerspective",
        "type": "VariableRead"
      },
      "location-after-char-start": 7412,
      "location-after-char-end": 7425,
      "node-str": "newPerspective"
    },
    {
      "type": "insert-node",
      "node": {
        "label": "\"saveAs::\"",
        "type": "Literal"
      },
      "location-after-char-start": 7428,
      "location-after-char-end": 7437,
      "node-str": "\"saveAs::\""
    },
    {
      "type": "insert-node",
      "node": {
        "label": "perspective",
        "type": "VariableRead"
      },
      "location-after-char-start": 1947,
      "location-after-char-end": 1957,
      "node-str": "perspective"
    },
    {
      "type": "delete-node",
      "node": {
        "label": "public",
        "type": "Modifier"
      },
      "location-before-char-start": 0,
      "location-before-char-end": 0,
      "node-str": "public"
    },
    {
      "type": "delete-node",
      "node": {
        "label": "void",
        "type": "RETURN_TYPE"
      },
      "location-before-char-start": 0,
      "location-before-char-end": 0,
      "node-str": "void"
    },
    {
      "type": "delete-node",
      "node": {
        "label": "public",
        "type": "Modifier"
      },
      "location-before-char-start": 0,
      "location-before-char-end": 0,
      "node-str": "public"
    },
    {
      "type": "delete-node",
      "node": {
        "label": "nX",
        "type": "VariableWrite"
      },
      "location-before-char-start": 1719,
      "location-before-char-end": 1720,
      "node-str": "nX"
    },
    {
      "type": "delete-node",
      "node": {
        "label": "POSTINC",
        "type": "UnaryOperator"
      },
      "location-before-char-start": 1719,
      "location-before-char-end": 1722,
      "node-str": "POSTINC"
    },
    {
      "type": "delete-node",
      "node": {
        "label": "org.eclipse.core.runtime.Platform",
        "type": "TypeAccess"
      },
      "location-before-char-start": 1816,
      "location-before-char-end": 1823,
      "node-str": "org.eclipse.core.runtime.Platform"
    },
    {
      "type": "delete-node",
      "node": {
        "label": "run",
        "type": "Invocation"
      },
      "location-before-char-start": 1816,
      "location-before-char-end": 1981,
      "node-str": "run"
    },
    {
      "type": "delete-node",
      "node": {
        "label": "",
        "type": "For"
      },
      "location-before-char-start": 1683,
      "location-before-char-end": 1991,
      "node-str": ""
    },
    {
      "type": "delete-node",
      "node": {
        "label": "firePerspectiveActivated",
        "type": "Method"
      },
      "location-before-char-start": 1420,
      "location-before-char-end": 1997,
      "node-str": "firePerspectiveActivated"
    },
    {
      "type": "delete-node",
      "node": {
        "label": "void",
        "type": "RETURN_TYPE"
      },
      "location-before-char-start": 0,
      "location-before-char-end": 0,
      "node-str": "void"
    },
    {
      "type": "delete-node",
      "node": {
        "label": "public",
        "type": "Modifier"
      },
      "location-before-char-start": 0,
      "location-before-char-end": 0,
      "node-str": "public"
    },
    {
      "type": "delete-node",
      "node": {
        "label": "nX",
        "type": "VariableWrite"
      },
      "location-before-char-start": 2333,
      "location-before-char-end": 2334,
      "node-str": "nX"
    },
    {
      "type": "delete-node",
      "node": {
        "label": "POSTINC",
        "type": "UnaryOperator"
      },
      "location-before-char-start": 2333,
      "location-before-char-end": 2336,
      "node-str": "POSTINC"
    },
    {
      "type": "delete-node",
      "node": {
        "label": "org.eclipse.core.runtime.Platform",
        "type": "TypeAccess"
      },
      "location-before-char-start": 2503,
      "location-before-char-end": 2510,
      "node-str": "org.eclipse.core.runtime.Platform"
    },
    {
      "type": "delete-node",
      "node": {
        "label": "run",
        "type": "Invocation"
      },
      "location-before-char-start": 2503,
      "location-before-char-end": 2687,
      "node-str": "run"
    },
    {
      "type": "delete-node",
      "node": {
        "label": "THEN",
        "type": "then"
      },
      "location-before-char-start": 2401,
      "location-before-char-end": 2701,
      "node-str": "THEN"
    },
    {
      "type": "delete-node",
      "node": {
        "label": "if",
        "type": "If"
      },
      "location-before-char-start": 2353,
      "location-before-char-end": 2701,
      "node-str": "if"
    },
    {
      "type": "delete-node",
      "node": {
        "label": "",
        "type": "For"
      },
      "location-before-char-start": 2297,
      "location-before-char-end": 2711,
      "node-str": ""
    },
    {
      "type": "delete-node",
      "node": {
        "label": "firePerspectiveDeactivated",
        "type": "Method"
      },
      "location-before-char-start": 2004,
      "location-before-char-end": 2717,
      "node-str": "firePerspectiveDeactivated"
    },
    {
      "type": "delete-node",
      "node": {
        "label": "void",
        "type": "RETURN_TYPE"
      },
      "location-before-char-start": 0,
      "location-before-char-end": 0,
      "node-str": "void"
    },
    {
      "type": "delete-node",
      "node": {
        "label": "public",
        "type": "Modifier"
      },
      "location-before-char-start": 0,
      "location-before-char-end": 0,
      "node-str": "public"
    },
    {
      "type": "delete-node",
      "node": {
        "label": "nX",
        "type": "VariableWrite"
      },
      "location-before-char-start": 3042,
      "location-before-char-end": 3043,
      "node-str": "nX"
    },
    {
      "type": "delete-node",
      "node": {
        "label": "POSTINC",
        "type": "UnaryOperator"
      },
      "location-before-char-start": 3042,
      "location-before-char-end": 3045,
      "node-str": "POSTINC"
    },
    {
      "type": "delete-node",
      "node": {
        "label": "org.eclipse.core.runtime.Platform",
        "type": "TypeAccess"
      },
      "location-before-char-start": 3139,
      "location-before-char-end": 3146,
      "node-str": "org.eclipse.core.runtime.Platform"
    },
    {
      "type": "delete-node",
      "node": {
        "label": "run",
        "type": "Invocation"
      },
      "location-before-char-start": 3139,
      "location-before-char-end": 3312,
      "node-str": "run"
    },
    {
      "type": "delete-node",
      "node": {
        "label": "",
        "type": "For"
      },
      "location-before-char-start": 3006,
      "location-before-char-end": 3322,
      "node-str": ""
    },
    {
      "type": "delete-node",
      "node": {
        "label": "firePerspectiveChanged",
        "type": "Method"
      },
      "location-before-char-start": 2724,
      "location-before-char-end": 3328,
      "node-str": "firePerspectiveChanged"
    },
    {
      "type": "delete-node",
      "node": {
        "label": "void",
        "type": "RETURN_TYPE"
      },
      "location-before-char-start": 0,
      "location-before-char-end": 0,
      "node-str": "void"
    },
    {
      "type": "delete-node",
      "node": {
        "label": "public",
        "type": "Modifier"
      },
      "location-before-char-start": 0,
      "location-before-char-end": 0,
      "node-str": "public"
    },
    {
      "type": "delete-node",
      "node": {
        "label": "nX",
        "type": "VariableWrite"
      },
      "location-before-char-start": 3756,
      "location-before-char-end": 3757,
      "node-str": "nX"
    },
    {
      "type": "delete-node",
      "node": {
        "label": "POSTINC",
        "type": "UnaryOperator"
      },
      "location-before-char-start": 3756,
      "location-before-char-end": 3759,
      "node-str": "POSTINC"
    },
    {
      "type": "delete-node",
      "node": {
        "label": "org.eclipse.core.runtime.Platform",
        "type": "TypeAccess"
      },
      "location-before-char-start": 3926,
      "location-before-char-end": 3933,
      "node-str": "org.eclipse.core.runtime.Platform"
    },
    {
      "type": "delete-node",
      "node": {
        "label": "run",
        "type": "Invocation"
      },
      "location-before-char-start": 3926,
      "location-before-char-end": 4157,
      "node-str": "run"
    },
    {
      "type": "delete-node",
      "node": {
        "label": "THEN",
        "type": "then"
      },
      "location-before-char-start": 3824,
      "location-before-char-end": 4171,
      "node-str": "THEN"
    },
    {
      "type": "delete-node",
      "node": {
        "label": "if",
        "type": "If"
      },
      "location-before-char-start": 3776,
      "location-before-char-end": 4171,
      "node-str": "if"
    },
    {
      "type": "delete-node",
      "node": {
        "label": "",
        "type": "For"
      },
      "location-before-char-start": 3720,
      "location-before-char-end": 4181,
      "node-str": ""
    },
    {
      "type": "delete-node",
      "node": {
        "label": "firePerspectiveChanged",
        "type": "Method"
      },
      "location-before-char-start": 3335,
      "location-before-char-end": 4187,
      "node-str": "firePerspectiveChanged"
    },
    {
      "type": "delete-node",
      "node": {
        "label": "void",
        "type": "RETURN_TYPE"
      },
      "location-before-char-start": 0,
      "location-before-char-end": 0,
      "node-str": "void"
    },
    {
      "type": "delete-node",
      "node": {
        "label": "public",
        "type": "Modifier"
      },
      "location-before-char-start": 0,
      "location-before-char-end": 0,
      "node-str": "public"
    },
    {
      "type": "delete-node",
      "node": {
        "label": "nX",
        "type": "VariableWrite"
      },
      "location-before-char-start": 4513,
      "location-before-char-end": 4514,
      "node-str": "nX"
    },
    {
      "type": "delete-node",
      "node": {
        "label": "POSTINC",
        "type": "UnaryOperator"
      },
      "location-before-char-start": 4513,
      "location-before-char-end": 4516,
      "node-str": "POSTINC"
    },
    {
      "type": "delete-node",
      "node": {
        "label": "org.eclipse.core.runtime.Platform",
        "type": "TypeAccess"
      },
      "location-before-char-start": 4683,
      "location-before-char-end": 4690,
      "node-str": "org.eclipse.core.runtime.Platform"
    },
    {
      "type": "delete-node",
      "node": {
        "label": "run",
        "type": "Invocation"
      },
      "location-before-char-start": 4683,
      "location-before-char-end": 4862,
      "node-str": "run"
    },
    {
      "type": "delete-node",
      "node": {
        "label": "THEN",
        "type": "then"
      },
      "location-before-char-start": 4581,
      "location-before-char-end": 4876,
      "node-str": "THEN"
    },
    {
      "type": "delete-node",
      "node": {
        "label": "if",
        "type": "If"
      },
      "location-before-char-start": 4533,
      "location-before-char-end": 4876,
      "node-str": "if"
    },
    {
      "type": "delete-node",
      "node": {
        "label": "",
        "type": "For"
      },
      "location-before-char-start": 4477,
      "location-before-char-end": 4886,
      "node-str": ""
    },
    {
      "type": "delete-node",
      "node": {
        "label": "firePerspectiveClosed",
        "type": "Method"
      },
      "location-before-char-start": 4194,
      "location-before-char-end": 4892,
      "node-str": "firePerspectiveClosed"
    },
    {
      "type": "delete-node",
      "node": {
        "label": "void",
        "type": "RETURN_TYPE"
      },
      "location-before-char-start": 0,
      "location-before-char-end": 0,
      "node-str": "void"
    },
    {
      "type": "delete-node",
      "node": {
        "label": "public",
        "type": "Modifier"
      },
      "location-before-char-start": 0,
      "location-before-char-end": 0,
      "node-str": "public"
    },
    {
      "type": "delete-node",
      "node": {
        "label": "nX",
        "type": "VariableWrite"
      },
      "location-before-char-start": 5218,
      "location-before-char-end": 5219,
      "node-str": "nX"
    },
    {
      "type": "delete-node",
      "node": {
        "label": "POSTINC",
        "type": "UnaryOperator"
      },
      "location-before-char-start": 5218,
      "location-before-char-end": 5221,
      "node-str": "POSTINC"
    },
    {
      "type": "delete-node",
      "node": {
        "label": "org.eclipse.core.runtime.Platform",
        "type": "TypeAccess"
      },
      "location-before-char-start": 5388,
      "location-before-char-end": 5395,
      "node-str": "org.eclipse.core.runtime.Platform"
    },
    {
      "type": "delete-node",
      "node": {
        "label": "run",
        "type": "Invocation"
      },
      "location-before-char-start": 5388,
      "location-before-char-end": 5567,
      "node-str": "run"
    },
    {
      "type": "delete-node",
      "node": {
        "label": "THEN",
        "type": "then"
      },
      "location-before-char-start": 5286,
      "location-before-char-end": 5581,
      "node-str": "THEN"
    },
    {
      "type": "delete-node",
      "node": {
        "label": "if",
        "type": "If"
      },
      "location-before-char-start": 5238,
      "location-before-char-end": 5581,
      "node-str": "if"
    },
    {
      "type": "delete-node",
      "node": {
        "label": "",
        "type": "For"
      },
      "location-before-char-start": 5182,
      "location-before-char-end": 5591,
      "node-str": ""
    },
    {
      "type": "delete-node",
      "node": {
        "label": "firePerspectiveOpened",
        "type": "Method"
      },
      "location-before-char-start": 4899,
      "location-before-char-end": 5597,
      "node-str": "firePerspectiveOpened"
    },
    {
      "type": "delete-node",
      "node": {
        "label": "void",
        "type": "RETURN_TYPE"
      },
      "location-before-char-start": 0,
      "location-before-char-end": 0,
      "node-str": "void"
    },
    {
      "type": "delete-node",
      "node": {
        "label": "public",
        "type": "Modifier"
      },
      "location-before-char-start": 0,
      "location-before-char-end": 0,
      "node-str": "public"
    },
    {
      "type": "delete-node",
      "node": {
        "label": "nX",
        "type": "VariableWrite"
      },
      "location-before-char-start": 5993,
      "location-before-char-end": 5994,
      "node-str": "nX"
    },
    {
      "type": "delete-node",
      "node": {
        "label": "POSTINC",
        "type": "UnaryOperator"
      },
      "location-before-char-start": 5993,
      "location-before-char-end": 5996,
      "node-str": "POSTINC"
    },
    {
      "type": "delete-node",
      "node": {
        "label": "org.eclipse.core.runtime.Platform",
        "type": "TypeAccess"
      },
      "location-before-char-start": 6163,
      "location-before-char-end": 6170,
      "node-str": "org.eclipse.core.runtime.Platform"
    },
    {
      "type": "delete-node",
      "node": {
        "label": "run",
        "type": "Invocation"
      },
      "location-before-char-start": 6163,
      "location-before-char-end": 6362,
      "node-str": "run"
    },
    {
      "type": "delete-node",
      "node": {
        "label": "THEN",
        "type": "then"
      },
      "location-before-char-start": 6061,
      "location-before-char-end": 6376,
      "node-str": "THEN"
    },
    {
      "type": "delete-node",
      "node": {
        "label": "if",
        "type": "If"
      },
      "location-before-char-start": 6013,
      "location-before-char-end": 6376,
      "node-str": "if"
    },
    {
      "type": "delete-node",
      "node": {
        "label": "",
        "type": "For"
      },
      "location-before-char-start": 5957,
      "location-before-char-end": 6386,
      "node-str": ""
    },
    {
      "type": "delete-node",
      "node": {
        "label": "firePerspectiveSavedAs",
        "type": "Method"
      },
      "location-before-char-start": 5608,
      "location-before-char-end": 6392,
      "node-str": "firePerspectiveSavedAs"
    },
    {
      "type": "delete-node",
      "node": {
        "label": "PerspectiveListenerList",
        "type": "Class"
      },
      "location-before-char-start": 972,
      "location-before-char-end": 6583,
      "node-str": "PerspectiveListenerList"
    }
  ],
  "before-file": {},
  "after-file": {},
  "mapping": {}
}