{
  "tool-info": {},
  "diff": [
    {
      "type": "insert-node",
      "node": {
        "label": "JDBCInsertPKCreateCommand",
        "type": "Class"
      },
      "location-after-char-start": 877,
      "location-after-char-end": 3497,
      "node-str": "JDBCInsertPKCreateCommand"
    },
    {
      "type": "move-subtree",
      "node": {
        "label": "abstract",
        "type": "Modifier"
      },
      "location-before-char-start": 0,
      "location-before-char-end": 0,
      "location-after-char-start": 0,
      "location-after-char-end": 0,
      "node-str": "abstract"
    },
    {
      "type": "move-subtree",
      "node": {
        "label": "public",
        "type": "Modifier"
      },
      "location-before-char-start": 0,
      "location-before-char-end": 0,
      "location-after-char-start": 0,
      "location-after-char-end": 0,
      "node-str": "public"
    },
    {
      "type": "move-subtree",
      "node": {
        "label": "",
        "type": "TypeReference"
      },
      "location-before-char-start": 1239,
      "location-before-char-end": 1263,
      "location-after-char-start": 1239,
      "location-after-char-end": 1263,
      "node-str": ""
    },
    {
      "type": "move-subtree",
      "node": {
        "label": "existsSQL",
        "type": "Field"
      },
      "location-before-char-start": 1270,
      "location-before-char-end": 1296,
      "location-after-char-start": 1270,
      "location-after-char-end": 1296,
      "node-str": "existsSQL"
    },
    {
      "type": "insert-node",
      "node": {
        "label": "init",
        "type": "Method"
      },
      "location-after-char-start": 1302,
      "location-after-char-end": 1626,
      "node-str": "init"
    },
    {
      "type": "move-subtree",
      "node": {
        "label": "initExistsSQL",
        "type": "Method"
      },
      "location-before-char-start": 1672,
      "location-before-char-end": 2086,
      "location-after-char-start": 1632,
      "location-after-char-end": 2051,
      "node-str": "initExistsSQL"
    },
    {
      "type": "move-subtree",
      "node": {
        "label": "beforeInsert",
        "type": "Method"
      },
      "location-before-char-start": 2092,
      "location-before-char-end": 3459,
      "location-after-char-start": 2057,
      "location-after-char-end": 3495,
      "node-str": "beforeInsert"
    },
    {
      "type": "move-subtree",
      "node": {
        "label": "void",
        "type": "RETURN_TYPE"
      },
      "location-before-char-start": 0,
      "location-before-char-end": 0,
      "location-after-char-start": 0,
      "location-after-char-end": 0,
      "node-str": "void"
    },
    {
      "type": "move-subtree",
      "node": {
        "label": "org.jboss.deployment.DeploymentException",
        "type": "THROWS"
      },
      "location-before-char-start": 0,
      "location-before-char-end": 0,
      "location-after-char-start": 0,
      "location-after-char-end": 0,
      "node-str": "org.jboss.deployment.DeploymentException"
    },
    {
      "type": "move-subtree",
      "node": {
        "label": "public",
        "type": "Modifier"
      },
      "location-before-char-start": 0,
      "location-before-char-end": 0,
      "location-after-char-start": 0,
      "location-after-char-end": 0,
      "node-str": "public"
    },
    {
      "type": "move-subtree",
      "node": {
        "label": "manager",
        "type": "Parameter"
      },
      "location-before-char-start": 1319,
      "location-before-char-end": 1342,
      "location-after-char-start": 1319,
      "location-after-char-end": 1342,
      "node-str": "manager"
    },
    {
      "type": "move-subtree",
      "node": {
        "label": "init",
        "type": "Invocation"
      },
      "location-before-char-start": 1383,
      "location-before-char-end": 1402,
      "location-after-char-start": 1383,
      "location-after-char-end": 1402,
      "node-str": "init"
    },
    {
      "type": "insert-node",
      "node": {
        "label": "if",
        "type": "If"
      },
      "location-after-char-start": 1550,
      "location-after-char-end": 1621,
      "node-str": "if"
    },
    {
      "type": "move-subtree",
      "node": {
        "label": "EQ",
        "type": "BinaryOperator"
      },
      "location-before-char-start": 1554,
      "location-before-char-end": 1579,
      "location-after-char-start": 1553,
      "location-after-char-end": 1578,
      "node-str": "EQ"
    },
    {
      "type": "move-subtree",
      "node": {
        "label": "THEN",
        "type": "then"
      },
      "location-before-char-start": 1627,
      "location-before-char-end": 1661,
      "location-after-char-start": 1587,
      "location-after-char-end": 1621,
      "node-str": "THEN"
    },
    {
      "type": "delete-node",
      "node": {
        "label": "manager",
        "type": "VariableRead"
      },
      "location-before-char-start": 1584,
      "location-before-char-end": 1590,
      "node-str": "manager"
    },
    {
      "type": "delete-node",
      "node": {
        "label": "getMetaData",
        "type": "Invocation"
      },
      "location-before-char-start": 1584,
      "location-before-char-end": 1604,
      "node-str": "getMetaData"
    },
    {
      "type": "delete-node",
      "node": {
        "label": "hasExistsOnInsert",
        "type": "Invocation"
      },
      "location-before-char-start": 1584,
      "location-before-char-end": 1624,
      "node-str": "hasExistsOnInsert"
    },
    {
      "type": "delete-node",
      "node": {
        "label": "AND",
        "type": "BinaryOperator"
      },
      "location-before-char-start": 1554,
      "location-before-char-end": 1624,
      "node-str": "AND"
    },
    {
      "type": "delete-node",
      "node": {
        "label": "if",
        "type": "If"
      },
      "location-before-char-start": 1550,
      "location-before-char-end": 1661,
      "node-str": "if"
    },
    {
      "type": "delete-node",
      "node": {
        "label": "init",
        "type": "Method"
      },
      "location-before-char-start": 1302,
      "location-before-char-end": 1666,
      "node-str": "init"
    },
    {
      "type": "delete-node",
      "node": {
        "label": "JDBCInsertPKCreateCommand",
        "type": "Class"
      },
      "location-before-char-start": 877,
      "location-before-char-end": 3461,
      "node-str": "JDBCInsertPKCreateCommand"
    }
  ],
  "before-file": {},
  "after-file": {},
  "mapping": {}
}