{
  "tool-info": {},
  "diff": [
    {
      "type": "update-node",
      "node": {
        "label": "IWorkbenchRegistryConstants.ATT_RATIO",
        "type": "TypeAccess"
      },
      "location-before-char-start": 5863,
      "location-before-char-end": 5899,
      "location-after-char-start": 5863,
      "location-after-char-end": 5915,
      "node-str": "IWorkbenchRegistryConstants.ATT_FAST_VIEW_WIDTH_RATIO"
    },
    {
      "type": "update-node",
      "node": {
        "label": "IWorkbenchRegistryConstants.ATT_RATIO",
        "type": "TypeAccess"
      },
      "location-before-char-start": 7255,
      "location-before-char-end": 7291,
      "location-after-char-start": 7271,
      "location-after-char-end": 7323,
      "node-str": "IWorkbenchRegistryConstants.ATT_FAST_VIEW_WIDTH_RATIO"
    }
  ],
  "before-file": {},
  "after-file": {},
  "mapping": {}
}