{
  "tool-info": {},
  "diff": [
    {
      "type": "insert-node",
      "node": {
        "label": "",
        "type": "PackageDeclaration"
      },
      "location-after-char-start": 0,
      "location-after-char-end": 34,
      "node-str": ""
    },
    {
      "type": "insert-node",
      "node": {
        "label": "",
        "type": "ImportDeclaration"
      },
      "location-after-char-start": 36,
      "location-after-char-end": 79,
      "node-str": ""
    },
    {
      "type": "insert-node",
      "node": {
        "label": "",
        "type": "ImportDeclaration"
      },
      "location-after-char-start": 80,
      "location-after-char-end": 122,
      "node-str": ""
    },
    {
      "type": "insert-node",
      "node": {
        "label": "",
        "type": "ImportDeclaration"
      },
      "location-after-char-start": 123,
      "location-after-char-end": 165,
      "node-str": ""
    },
    {
      "type": "insert-node",
      "node": {
        "label": "",
        "type": "ImportDeclaration"
      },
      "location-after-char-start": 166,
      "location-after-char-end": 218,
      "node-str": ""
    },
    {
      "type": "insert-node",
      "node": {
        "label": "",
        "type": "ImportDeclaration"
      },
      "location-after-char-start": 219,
      "location-after-char-end": 281,
      "node-str": ""
    },
    {
      "type": "insert-node",
      "node": {
        "label": "",
        "type": "ImportDeclaration"
      },
      "location-after-char-start": 283,
      "location-after-char-end": 320,
      "node-str": ""
    },
    {
      "type": "insert-node",
      "node": {
        "label": "",
        "type": "ImportDeclaration"
      },
      "location-after-char-start": 321,
      "location-after-char-end": 349,
      "node-str": ""
    },
    {
      "type": "insert-node",
      "node": {
        "label": "",
        "type": "ImportDeclaration"
      },
      "location-after-char-start": 350,
      "location-after-char-end": 377,
      "node-str": ""
    },
    {
      "type": "insert-node",
      "node": {
        "label": "",
        "type": "ImportDeclaration"
      },
      "location-after-char-start": 379,
      "location-after-char-end": 411,
      "node-str": ""
    },
    {
      "type": "insert-node",
      "node": {
        "label": "",
        "type": "ImportDeclaration"
      },
      "location-after-char-start": 412,
      "location-after-char-end": 436,
      "node-str": ""
    },
    {
      "type": "insert-node",
      "node": {
        "label": "",
        "type": "ImportDeclaration"
      },
      "location-after-char-start": 437,
      "location-after-char-end": 459,
      "node-str": ""
    },
    {
      "type": "insert-node",
      "node": {
        "label": "",
        "type": "ImportDeclaration"
      },
      "location-after-char-start": 460,
      "location-after-char-end": 499,
      "node-str": ""
    },
    {
      "type": "insert-node",
      "node": {
        "label": "",
        "type": "ImportDeclaration"
      },
      "location-after-char-start": 500,
      "location-after-char-end": 534,
      "node-str": ""
    },
    {
      "type": "insert-node",
      "node": {
        "label": "",
        "type": "ImportDeclaration"
      },
      "location-after-char-start": 535,
      "location-after-char-end": 569,
      "node-str": ""
    },
    {
      "type": "insert-node",
      "node": {
        "label": "",
        "type": "TypeDeclaration"
      },
      "location-after-char-start": 571,
      "location-after-char-end": 2794,
      "node-str": ""
    },
    {
      "type": "insert-node",
      "node": {
        "label": "org.junit.tests.listening",
        "type": "QualifiedName"
      },
      "location-after-char-start": 8,
      "location-after-char-end": 33,
      "node-str": "org.junit.tests.listening"
    },
    {
      "type": "insert-node",
      "node": {
        "label": "org.hamcrest.CoreMatchers.is",
        "type": "QualifiedName"
      },
      "location-after-char-start": 50,
      "location-after-char-end": 78,
      "node-str": "org.hamcrest.CoreMatchers.is"
    },
    {
      "type": "insert-node",
      "node": {
        "label": "org.junit.Assert.assertThat",
        "type": "QualifiedName"
      },
      "location-after-char-start": 94,
      "location-after-char-end": 121,
      "node-str": "org.junit.Assert.assertThat"
    },
    {
      "type": "insert-node",
      "node": {
        "label": "org.junit.Assume.assumeThat",
        "type": "QualifiedName"
      },
      "location-after-char-start": 137,
      "location-after-char-end": 164,
      "node-str": "org.junit.Assume.assumeThat"
    },
    {
      "type": "insert-node",
      "node": {
        "label": "org.junit.matchers.JUnitMatchers.both",
        "type": "QualifiedName"
      },
      "location-after-char-start": 180,
      "location-after-char-end": 217,
      "node-str": "org.junit.matchers.JUnitMatchers.both"
    },
    {
      "type": "insert-node",
      "node": {
        "label": "org.junit.matchers.JUnitMatchers.containsString",
        "type": "QualifiedName"
      },
      "location-after-char-start": 233,
      "location-after-char-end": 280,
      "node-str": "org.junit.matchers.JUnitMatchers.containsString"
    },
    {
      "type": "insert-node",
      "node": {
        "label": "java.io.ByteArrayOutputStream",
        "type": "QualifiedName"
      },
      "location-after-char-start": 290,
      "location-after-char-end": 319,
      "node-str": "java.io.ByteArrayOutputStream"
    },
    {
      "type": "insert-node",
      "node": {
        "label": "java.io.OutputStream",
        "type": "QualifiedName"
      },
      "location-after-char-start": 328,
      "location-after-char-end": 348,
      "node-str": "java.io.OutputStream"
    },
    {
      "type": "insert-node",
      "node": {
        "label": "java.io.PrintStream",
        "type": "QualifiedName"
      },
      "location-after-char-start": 357,
      "location-after-char-end": 376,
      "node-str": "java.io.PrintStream"
    },
    {
      "type": "insert-node",
      "node": {
        "label": "junit.framework.TestCase",
        "type": "QualifiedName"
      },
      "location-after-char-start": 386,
      "location-after-char-end": 410,
      "node-str": "junit.framework.TestCase"
    },
    {
      "type": "insert-node",
      "node": {
        "label": "org.junit.Ignore",
        "type": "QualifiedName"
      },
      "location-after-char-start": 419,
      "location-after-char-end": 435,
      "node-str": "org.junit.Ignore"
    },
    {
      "type": "insert-node",
      "node": {
        "label": "org.junit.Test",
        "type": "QualifiedName"
      },
      "location-after-char-start": 444,
      "location-after-char-end": 458,
      "node-str": "org.junit.Test"
    },
    {
      "type": "insert-node",
      "node": {
        "label": "org.junit.internal.TextListener",
        "type": "QualifiedName"
      },
      "location-after-char-start": 467,
      "location-after-char-end": 498,
      "node-str": "org.junit.internal.TextListener"
    },
    {
      "type": "insert-node",
      "node": {
        "label": "org.junit.runner.JUnitCore",
        "type": "QualifiedName"
      },
      "location-after-char-start": 507,
      "location-after-char-end": 533,
      "node-str": "org.junit.runner.JUnitCore"
    },
    {
      "type": "insert-node",
      "node": {
        "label": "org.junit.tests.TestSystem",
        "type": "QualifiedName"
      },
      "location-after-char-start": 542,
      "location-after-char-end": 568,
      "node-str": "org.junit.tests.TestSystem"
    },
    {
      "type": "insert-node",
      "node": {
        "label": "public",
        "type": "Modifier"
      },
      "location-after-char-start": 571,
      "location-after-char-end": 577,
      "node-str": "public"
    },
    {
      "type": "insert-node",
      "node": {
        "label": "class",
        "type": "TYPE_DECLARATION_KIND"
      },
      "location-after-char-start": 578,
      "location-after-char-end": 583,
      "node-str": "class"
    },
    {
      "type": "insert-node",
      "node": {
        "label": "TextListenerTest",
        "type": "SimpleName"
      },
      "location-after-char-start": 584,
      "location-after-char-end": 600,
      "node-str": "TextListenerTest"
    },
    {
      "type": "insert-node",
      "node": {
        "label": "",
        "type": "SimpleType"
      },
      "location-after-char-start": 609,
      "location-after-char-end": 617,
      "node-str": ""
    },
    {
      "type": "move-subtree",
      "node": {
        "label": "",
        "type": "FieldDeclaration"
      },
      "location-before-char-start": 623,
      "location-before-char-end": 648,
      "location-after-char-start": 623,
      "location-after-char-end": 648,
      "node-str": ""
    },
    {
      "type": "move-subtree",
      "node": {
        "label": "",
        "type": "FieldDeclaration"
      },
      "location-before-char-start": 650,
      "location-before-char-end": 679,
      "location-after-char-start": 650,
      "location-after-char-end": 679,
      "node-str": ""
    },
    {
      "type": "move-subtree",
      "node": {
        "label": "",
        "type": "FieldDeclaration"
      },
      "location-before-char-start": 681,
      "location-before-char-end": 711,
      "location-after-char-start": 681,
      "location-after-char-end": 711,
      "node-str": ""
    },
    {
      "type": "move-subtree",
      "node": {
        "label": "",
        "type": "MethodDeclaration"
      },
      "location-before-char-start": 714,
      "location-before-char-end": 918,
      "location-after-char-start": 714,
      "location-after-char-end": 918,
      "node-str": ""
    },
    {
      "type": "move-subtree",
      "node": {
        "label": "",
        "type": "TypeDeclaration"
      },
      "location-before-char-start": 922,
      "location-before-char-end": 983,
      "location-after-char-start": 922,
      "location-after-char-end": 983,
      "node-str": ""
    },
    {
      "type": "move-subtree",
      "node": {
        "label": "",
        "type": "MethodDeclaration"
      },
      "location-before-char-start": 987,
      "location-before-char-end": 1205,
      "location-after-char-start": 987,
      "location-after-char-end": 1205,
      "node-str": ""
    },
    {
      "type": "move-subtree",
      "node": {
        "label": "",
        "type": "TypeDeclaration"
      },
      "location-before-char-start": 1209,
      "location-before-char-end": 1313,
      "location-after-char-start": 1209,
      "location-after-char-end": 1313,
      "node-str": ""
    },
    {
      "type": "move-subtree",
      "node": {
        "label": "",
        "type": "MethodDeclaration"
      },
      "location-before-char-start": 1317,
      "location-before-char-end": 1629,
      "location-after-char-start": 1317,
      "location-after-char-end": 1629,
      "node-str": ""
    },
    {
      "type": "move-subtree",
      "node": {
        "label": "",
        "type": "TypeDeclaration"
      },
      "location-before-char-start": 1633,
      "location-before-char-end": 1747,
      "location-after-char-start": 1633,
      "location-after-char-end": 1747,
      "node-str": ""
    },
    {
      "type": "move-subtree",
      "node": {
        "label": "",
        "type": "MethodDeclaration"
      },
      "location-before-char-start": 1751,
      "location-before-char-end": 1859,
      "location-after-char-start": 1751,
      "location-after-char-end": 1859,
      "node-str": ""
    },
    {
      "type": "move-subtree",
      "node": {
        "label": "",
        "type": "MethodDeclaration"
      },
      "location-before-char-start": 1863,
      "location-before-char-end": 2095,
      "location-after-char-start": 1863,
      "location-after-char-end": 2095,
      "node-str": ""
    },
    {
      "type": "move-subtree",
      "node": {
        "label": "",
        "type": "TypeDeclaration"
      },
      "location-before-char-start": 2099,
      "location-before-char-end": 2279,
      "location-after-char-start": 2099,
      "location-after-char-end": 2279,
      "node-str": ""
    },
    {
      "type": "move-subtree",
      "node": {
        "label": "",
        "type": "MethodDeclaration"
      },
      "location-before-char-start": 2283,
      "location-before-char-end": 2452,
      "location-after-char-start": 2283,
      "location-after-char-end": 2452,
      "node-str": ""
    },
    {
      "type": "move-subtree",
      "node": {
        "label": "",
        "type": "TypeDeclaration"
      },
      "location-before-char-start": 2456,
      "location-before-char-end": 2584,
      "location-after-char-start": 2456,
      "location-after-char-end": 2584,
      "node-str": ""
    },
    {
      "type": "insert-node",
      "node": {
        "label": "",
        "type": "MethodDeclaration"
      },
      "location-after-char-start": 2588,
      "location-after-char-end": 2792,
      "node-str": ""
    },
    {
      "type": "insert-node",
      "node": {
        "label": "TestCase",
        "type": "SimpleName"
      },
      "location-after-char-start": 609,
      "location-after-char-end": 617,
      "node-str": "TestCase"
    },
    {
      "type": "insert-node",
      "node": {
        "label": "public",
        "type": "Modifier"
      },
      "location-after-char-start": 2588,
      "location-after-char-end": 2594,
      "node-str": "public"
    },
    {
      "type": "insert-node",
      "node": {
        "label": "void",
        "type": "PrimitiveType"
      },
      "location-after-char-start": 2595,
      "location-after-char-end": 2599,
      "node-str": "void"
    },
    {
      "type": "insert-node",
      "node": {
        "label": "testAssumptionFailureIsReflected",
        "type": "SimpleName"
      },
      "location-after-char-start": 2600,
      "location-after-char-end": 2632,
      "node-str": "testAssumptionFailureIsReflected"
    },
    {
      "type": "insert-node",
      "node": {
        "label": "",
        "type": "Block"
      },
      "location-after-char-start": 2635,
      "location-after-char-end": 2792,
      "node-str": ""
    },
    {
      "type": "move-subtree",
      "node": {
        "label": "",
        "type": "ExpressionStatement"
      },
      "location-before-char-start": 2639,
      "location-before-char-end": 2679,
      "location-after-char-start": 2639,
      "location-after-char-end": 2679,
      "node-str": ""
    },
    {
      "type": "insert-node",
      "node": {
        "label": "",
        "type": "ExpressionStatement"
      },
      "location-after-char-start": 2682,
      "location-after-char-end": 2789,
      "node-str": ""
    },
    {
      "type": "insert-node",
      "node": {
        "label": "",
        "type": "MethodInvocation"
      },
      "location-after-char-start": 2682,
      "location-after-char-end": 2788,
      "node-str": ""
    },
    {
      "type": "insert-node",
      "node": {
        "label": "assertThat",
        "type": "SimpleName"
      },
      "location-after-char-start": 2682,
      "location-after-char-end": 2692,
      "node-str": "assertThat"
    },
    {
      "type": "insert-node",
      "node": {
        "label": "",
        "type": "METHOD_INVOCATION_ARGUMENTS"
      },
      "location-after-char-start": 2693,
      "location-after-char-end": 2787,
      "node-str": ""
    },
    {
      "type": "move-subtree",
      "node": {
        "label": "",
        "type": "MethodInvocation"
      },
      "location-before-char-start": 2693,
      "location-before-char-end": 2711,
      "location-after-char-start": 2693,
      "location-after-char-end": 2711,
      "node-str": ""
    },
    {
      "type": "insert-node",
      "node": {
        "label": "",
        "type": "MethodInvocation"
      },
      "location-after-char-start": 2713,
      "location-after-char-end": 2787,
      "node-str": ""
    },
    {
      "type": "insert-node",
      "node": {
        "label": "",
        "type": "METHOD_INVOCATION_RECEIVER"
      },
      "location-after-char-start": 2713,
      "location-after-char-end": 2742,
      "node-str": ""
    },
    {
      "type": "insert-node",
      "node": {
        "label": "and",
        "type": "SimpleName"
      },
      "location-after-char-start": 2743,
      "location-after-char-end": 2746,
      "node-str": "and"
    },
    {
      "type": "insert-node",
      "node": {
        "label": "",
        "type": "METHOD_INVOCATION_ARGUMENTS"
      },
      "location-after-char-start": 2747,
      "location-after-char-end": 2786,
      "node-str": ""
    },
    {
      "type": "insert-node",
      "node": {
        "label": "",
        "type": "MethodInvocation"
      },
      "location-after-char-start": 2713,
      "location-after-char-end": 2742,
      "node-str": ""
    },
    {
      "type": "insert-node",
      "node": {
        "label": "",
        "type": "MethodInvocation"
      },
      "location-after-char-start": 2747,
      "location-after-char-end": 2786,
      "node-str": ""
    },
    {
      "type": "insert-node",
      "node": {
        "label": "both",
        "type": "SimpleName"
      },
      "location-after-char-start": 2713,
      "location-after-char-end": 2717,
      "node-str": "both"
    },
    {
      "type": "insert-node",
      "node": {
        "label": "",
        "type": "METHOD_INVOCATION_ARGUMENTS"
      },
      "location-after-char-start": 2718,
      "location-after-char-end": 2741,
      "node-str": ""
    },
    {
      "type": "insert-node",
      "node": {
        "label": "containsString",
        "type": "SimpleName"
      },
      "location-after-char-start": 2747,
      "location-after-char-end": 2761,
      "node-str": "containsString"
    },
    {
      "type": "insert-node",
      "node": {
        "label": "",
        "type": "METHOD_INVOCATION_ARGUMENTS"
      },
      "location-after-char-start": 2762,
      "location-after-char-end": 2785,
      "node-str": ""
    },
    {
      "type": "move-subtree",
      "node": {
        "label": "",
        "type": "MethodInvocation"
      },
      "location-before-char-start": 2713,
      "location-before-char-end": 2736,
      "location-after-char-start": 2718,
      "location-after-char-end": 2741,
      "node-str": ""
    },
    {
      "type": "insert-node",
      "node": {
        "label": "\"INVALID ASSUMPTION 1)\"",
        "type": "StringLiteral"
      },
      "location-after-char-start": 2762,
      "location-after-char-end": 2785,
      "node-str": "\"INVALID ASSUMPTION 1)\""
    },
    {
      "type": "delete-node",
      "node": {
        "label": "org.junit.tests.listening",
        "type": "QualifiedName"
      },
      "location-before-char-start": 8,
      "location-before-char-end": 33,
      "node-str": "org.junit.tests.listening"
    },
    {
      "type": "delete-node",
      "node": {
        "label": "",
        "type": "PackageDeclaration"
      },
      "location-before-char-start": 0,
      "location-before-char-end": 34,
      "node-str": ""
    },
    {
      "type": "delete-node",
      "node": {
        "label": "org.hamcrest.CoreMatchers.is",
        "type": "QualifiedName"
      },
      "location-before-char-start": 50,
      "location-before-char-end": 78,
      "node-str": "org.hamcrest.CoreMatchers.is"
    },
    {
      "type": "delete-node",
      "node": {
        "label": "",
        "type": "ImportDeclaration"
      },
      "location-before-char-start": 36,
      "location-before-char-end": 79,
      "node-str": ""
    },
    {
      "type": "delete-node",
      "node": {
        "label": "org.junit.Assert.assertThat",
        "type": "QualifiedName"
      },
      "location-before-char-start": 94,
      "location-before-char-end": 121,
      "node-str": "org.junit.Assert.assertThat"
    },
    {
      "type": "delete-node",
      "node": {
        "label": "",
        "type": "ImportDeclaration"
      },
      "location-before-char-start": 80,
      "location-before-char-end": 122,
      "node-str": ""
    },
    {
      "type": "delete-node",
      "node": {
        "label": "org.junit.Assume.assumeThat",
        "type": "QualifiedName"
      },
      "location-before-char-start": 137,
      "location-before-char-end": 164,
      "node-str": "org.junit.Assume.assumeThat"
    },
    {
      "type": "delete-node",
      "node": {
        "label": "",
        "type": "ImportDeclaration"
      },
      "location-before-char-start": 123,
      "location-before-char-end": 165,
      "node-str": ""
    },
    {
      "type": "delete-node",
      "node": {
        "label": "org.junit.matchers.JUnitMatchers.both",
        "type": "QualifiedName"
      },
      "location-before-char-start": 180,
      "location-before-char-end": 217,
      "node-str": "org.junit.matchers.JUnitMatchers.both"
    },
    {
      "type": "delete-node",
      "node": {
        "label": "",
        "type": "ImportDeclaration"
      },
      "location-before-char-start": 166,
      "location-before-char-end": 218,
      "node-str": ""
    },
    {
      "type": "delete-node",
      "node": {
        "label": "org.junit.matchers.JUnitMatchers.containsString",
        "type": "QualifiedName"
      },
      "location-before-char-start": 233,
      "location-before-char-end": 280,
      "node-str": "org.junit.matchers.JUnitMatchers.containsString"
    },
    {
      "type": "delete-node",
      "node": {
        "label": "",
        "type": "ImportDeclaration"
      },
      "location-before-char-start": 219,
      "location-before-char-end": 281,
      "node-str": ""
    },
    {
      "type": "delete-node",
      "node": {
        "label": "java.io.ByteArrayOutputStream",
        "type": "QualifiedName"
      },
      "location-before-char-start": 290,
      "location-before-char-end": 319,
      "node-str": "java.io.ByteArrayOutputStream"
    },
    {
      "type": "delete-node",
      "node": {
        "label": "",
        "type": "ImportDeclaration"
      },
      "location-before-char-start": 283,
      "location-before-char-end": 320,
      "node-str": ""
    },
    {
      "type": "delete-node",
      "node": {
        "label": "java.io.OutputStream",
        "type": "QualifiedName"
      },
      "location-before-char-start": 328,
      "location-before-char-end": 348,
      "node-str": "java.io.OutputStream"
    },
    {
      "type": "delete-node",
      "node": {
        "label": "",
        "type": "ImportDeclaration"
      },
      "location-before-char-start": 321,
      "location-before-char-end": 349,
      "node-str": ""
    },
    {
      "type": "delete-node",
      "node": {
        "label": "java.io.PrintStream",
        "type": "QualifiedName"
      },
      "location-before-char-start": 357,
      "location-before-char-end": 376,
      "node-str": "java.io.PrintStream"
    },
    {
      "type": "delete-node",
      "node": {
        "label": "",
        "type": "ImportDeclaration"
      },
      "location-before-char-start": 350,
      "location-before-char-end": 377,
      "node-str": ""
    },
    {
      "type": "delete-node",
      "node": {
        "label": "junit.framework.TestCase",
        "type": "QualifiedName"
      },
      "location-before-char-start": 386,
      "location-before-char-end": 410,
      "node-str": "junit.framework.TestCase"
    },
    {
      "type": "delete-node",
      "node": {
        "label": "",
        "type": "ImportDeclaration"
      },
      "location-before-char-start": 379,
      "location-before-char-end": 411,
      "node-str": ""
    },
    {
      "type": "delete-node",
      "node": {
        "label": "org.junit.Ignore",
        "type": "QualifiedName"
      },
      "location-before-char-start": 419,
      "location-before-char-end": 435,
      "node-str": "org.junit.Ignore"
    },
    {
      "type": "delete-node",
      "node": {
        "label": "",
        "type": "ImportDeclaration"
      },
      "location-before-char-start": 412,
      "location-before-char-end": 436,
      "node-str": ""
    },
    {
      "type": "delete-node",
      "node": {
        "label": "org.junit.Test",
        "type": "QualifiedName"
      },
      "location-before-char-start": 444,
      "location-before-char-end": 458,
      "node-str": "org.junit.Test"
    },
    {
      "type": "delete-node",
      "node": {
        "label": "",
        "type": "ImportDeclaration"
      },
      "location-before-char-start": 437,
      "location-before-char-end": 459,
      "node-str": ""
    },
    {
      "type": "delete-node",
      "node": {
        "label": "org.junit.internal.TextListener",
        "type": "QualifiedName"
      },
      "location-before-char-start": 467,
      "location-before-char-end": 498,
      "node-str": "org.junit.internal.TextListener"
    },
    {
      "type": "delete-node",
      "node": {
        "label": "",
        "type": "ImportDeclaration"
      },
      "location-before-char-start": 460,
      "location-before-char-end": 499,
      "node-str": ""
    },
    {
      "type": "delete-node",
      "node": {
        "label": "org.junit.runner.JUnitCore",
        "type": "QualifiedName"
      },
      "location-before-char-start": 507,
      "location-before-char-end": 533,
      "node-str": "org.junit.runner.JUnitCore"
    },
    {
      "type": "delete-node",
      "node": {
        "label": "",
        "type": "ImportDeclaration"
      },
      "location-before-char-start": 500,
      "location-before-char-end": 534,
      "node-str": ""
    },
    {
      "type": "delete-node",
      "node": {
        "label": "org.junit.tests.TestSystem",
        "type": "QualifiedName"
      },
      "location-before-char-start": 542,
      "location-before-char-end": 568,
      "node-str": "org.junit.tests.TestSystem"
    },
    {
      "type": "delete-node",
      "node": {
        "label": "",
        "type": "ImportDeclaration"
      },
      "location-before-char-start": 535,
      "location-before-char-end": 569,
      "node-str": ""
    },
    {
      "type": "delete-node",
      "node": {
        "label": "public",
        "type": "Modifier"
      },
      "location-before-char-start": 571,
      "location-before-char-end": 577,
      "node-str": "public"
    },
    {
      "type": "delete-node",
      "node": {
        "label": "class",
        "type": "TYPE_DECLARATION_KIND"
      },
      "location-before-char-start": 578,
      "location-before-char-end": 583,
      "node-str": "class"
    },
    {
      "type": "delete-node",
      "node": {
        "label": "TextListenerTest",
        "type": "SimpleName"
      },
      "location-before-char-start": 584,
      "location-before-char-end": 600,
      "node-str": "TextListenerTest"
    },
    {
      "type": "delete-node",
      "node": {
        "label": "TestCase",
        "type": "SimpleName"
      },
      "location-before-char-start": 609,
      "location-before-char-end": 617,
      "node-str": "TestCase"
    },
    {
      "type": "delete-node",
      "node": {
        "label": "",
        "type": "SimpleType"
      },
      "location-before-char-start": 609,
      "location-before-char-end": 617,
      "node-str": ""
    },
    {
      "type": "delete-node",
      "node": {
        "label": "public",
        "type": "Modifier"
      },
      "location-before-char-start": 2588,
      "location-before-char-end": 2594,
      "node-str": "public"
    },
    {
      "type": "delete-node",
      "node": {
        "label": "void",
        "type": "PrimitiveType"
      },
      "location-before-char-start": 2595,
      "location-before-char-end": 2599,
      "node-str": "void"
    },
    {
      "type": "delete-node",
      "node": {
        "label": "testAssumptionFailureIsReflected",
        "type": "SimpleName"
      },
      "location-before-char-start": 2600,
      "location-before-char-end": 2632,
      "node-str": "testAssumptionFailureIsReflected"
    },
    {
      "type": "delete-node",
      "node": {
        "label": "assertThat",
        "type": "SimpleName"
      },
      "location-before-char-start": 2682,
      "location-before-char-end": 2692,
      "node-str": "assertThat"
    },
    {
      "type": "delete-node",
      "node": {
        "label": "",
        "type": "METHOD_INVOCATION_ARGUMENTS"
      },
      "location-before-char-start": 2693,
      "location-before-char-end": 2736,
      "node-str": ""
    },
    {
      "type": "delete-node",
      "node": {
        "label": "",
        "type": "MethodInvocation"
      },
      "location-before-char-start": 2682,
      "location-before-char-end": 2737,
      "node-str": ""
    },
    {
      "type": "delete-node",
      "node": {
        "label": "",
        "type": "ExpressionStatement"
      },
      "location-before-char-start": 2682,
      "location-before-char-end": 2738,
      "node-str": ""
    },
    {
      "type": "delete-node",
      "node": {
        "label": "",
        "type": "Block"
      },
      "location-before-char-start": 2635,
      "location-before-char-end": 2741,
      "node-str": ""
    },
    {
      "type": "delete-node",
      "node": {
        "label": "",
        "type": "MethodDeclaration"
      },
      "location-before-char-start": 2588,
      "location-before-char-end": 2741,
      "node-str": ""
    },
    {
      "type": "delete-node",
      "node": {
        "label": "",
        "type": "TypeDeclaration"
      },
      "location-before-char-start": 571,
      "location-before-char-end": 2743,
      "node-str": ""
    }
  ],
  "before-file": {},
  "after-file": {},
  "mapping": {}
}