{
  "tool-info": {},
  "diff": [
    {
      "type": "insert-node",
      "node": {
        "label": "trace",
        "type": "Field"
      },
      "location-after-char-start": 1570,
      "location-after-char-end": 1708,
      "node-str": "trace"
    },
    {
      "type": "insert-node",
      "node": {
        "label": "HEUR_NONE",
        "type": "Field"
      },
      "location-after-char-start": 1714,
      "location-after-char-end": 1847,
      "node-str": "HEUR_NONE"
    },
    {
      "type": "insert-node",
      "node": {
        "label": "xidConstructor",
        "type": "Field"
      },
      "location-after-char-start": 1853,
      "location-after-char-end": 2123,
      "node-str": "xidConstructor"
    },
    {
      "type": "insert-node",
      "node": {
        "label": "inactiveCapsules",
        "type": "Field"
      },
      "location-after-char-start": 2794,
      "location-after-char-end": 3085,
      "node-str": "inactiveCapsules"
    },
    {
      "type": "insert-node",
      "node": {
        "label": "getTransactionImpl",
        "type": "Method"
      },
      "location-after-char-start": 7573,
      "location-after-char-end": 7704,
      "node-str": "getTransactionImpl"
    },
    {
      "type": "insert-node",
      "node": {
        "label": "getStatus",
        "type": "Method"
      },
      "location-after-char-start": 21178,
      "location-after-char-end": 21329,
      "node-str": "getStatus"
    },
    {
      "type": "insert-node",
      "node": {
        "label": "transaction",
        "type": "Field"
      },
      "location-after-char-start": 23843,
      "location-after-char-end": 24111,
      "node-str": "transaction"
    },
    {
      "type": "insert-node",
      "node": {
        "label": "sync",
        "type": "Field"
      },
      "location-after-char-start": 24118,
      "location-after-char-end": 24229,
      "node-str": "sync"
    },
    {
      "type": "insert-node",
      "node": {
        "label": "syncAllocSize",
        "type": "Field"
      },
      "location-after-char-start": 24235,
      "location-after-char-end": 24326,
      "node-str": "syncAllocSize"
    },
    {
      "type": "insert-node",
      "node": {
        "label": "syncCount",
        "type": "Field"
      },
      "location-after-char-start": 24332,
      "location-after-char-end": 24426,
      "node-str": "syncCount"
    },
    {
      "type": "insert-node",
      "node": {
        "label": "resources",
        "type": "Field"
      },
      "location-after-char-start": 24433,
      "location-after-char-end": 24575,
      "node-str": "resources"
    },
    {
      "type": "insert-node",
      "node": {
        "label": "resourceState",
        "type": "Field"
      },
      "location-after-char-start": 24581,
      "location-after-char-end": 24670,
      "node-str": "resourceState"
    },
    {
      "type": "insert-node",
      "node": {
        "label": "RS_NEW",
        "type": "Field"
      },
      "location-after-char-start": 24676,
      "location-after-char-end": 24721,
      "node-str": "RS_NEW"
    },
    {
      "type": "insert-node",
      "node": {
        "label": "RS_ENLISTED",
        "type": "Field"
      },
      "location-after-char-start": 24746,
      "location-after-char-end": 24791,
      "node-str": "RS_ENLISTED"
    },
    {
      "type": "insert-node",
      "node": {
        "label": "RS_SUSPENDED",
        "type": "Field"
      },
      "location-after-char-start": 24808,
      "location-after-char-end": 24853,
      "node-str": "RS_SUSPENDED"
    },
    {
      "type": "insert-node",
      "node": {
        "label": "RS_ENDED",
        "type": "Field"
      },
      "location-after-char-start": 24871,
      "location-after-char-end": 24916,
      "node-str": "RS_ENDED"
    },
    {
      "type": "insert-node",
      "node": {
        "label": "RS_VOTE_READONLY",
        "type": "Field"
      },
      "location-after-char-start": 24939,
      "location-after-char-end": 24984,
      "node-str": "RS_VOTE_READONLY"
    },
    {
      "type": "insert-node",
      "node": {
        "label": "RS_VOTE_OK",
        "type": "Field"
      },
      "location-after-char-start": 25008,
      "location-after-char-end": 25053,
      "node-str": "RS_VOTE_OK"
    },
    {
      "type": "insert-node",
      "node": {
        "label": "resourceSameRM",
        "type": "Field"
      },
      "location-after-char-start": 25071,
      "location-after-char-end": 25337,
      "node-str": "resourceSameRM"
    },
    {
      "type": "insert-node",
      "node": {
        "label": "resourceXids",
        "type": "Field"
      },
      "location-after-char-start": 25343,
      "location-after-char-end": 25474,
      "node-str": "resourceXids"
    },
    {
      "type": "insert-node",
      "node": {
        "label": "resourceAllocSize",
        "type": "Field"
      },
      "location-after-char-start": 25480,
      "location-after-char-end": 25569,
      "node-str": "resourceAllocSize"
    },
    {
      "type": "insert-node",
      "node": {
        "label": "resourceCount",
        "type": "Field"
      },
      "location-after-char-start": 25575,
      "location-after-char-end": 25688,
      "node-str": "resourceCount"
    },
    {
      "type": "insert-node",
      "node": {
        "label": "resourcesEnded",
        "type": "Field"
      },
      "location-after-char-start": 25695,
      "location-after-char-end": 25805,
      "node-str": "resourcesEnded"
    },
    {
      "type": "insert-node",
      "node": {
        "label": "xid",
        "type": "Field"
      },
      "location-after-char-start": 25811,
      "location-after-char-end": 26007,
      "node-str": "xid"
    },
    {
      "type": "insert-node",
      "node": {
        "label": "xidConstructorArgs",
        "type": "Field"
      },
      "location-after-char-start": 26013,
      "location-after-char-end": 26178,
      "node-str": "xidConstructorArgs"
    },
    {
      "type": "insert-node",
      "node": {
        "label": "lastBranchId",
        "type": "Field"
      },
      "location-after-char-start": 26184,
      "location-after-char-end": 26254,
      "node-str": "lastBranchId"
    },
    {
      "type": "insert-node",
      "node": {
        "label": "status",
        "type": "Field"
      },
      "location-after-char-start": 26260,
      "location-after-char-end": 26327,
      "node-str": "status"
    },
    {
      "type": "insert-node",
      "node": {
        "label": "heuristicCode",
        "type": "Field"
      },
      "location-after-char-start": 26333,
      "location-after-char-end": 26434,
      "node-str": "heuristicCode"
    },
    {
      "type": "insert-node",
      "node": {
        "label": "start",
        "type": "Field"
      },
      "location-after-char-start": 26440,
      "location-after-char-end": 26523,
      "node-str": "start"
    },
    {
      "type": "insert-node",
      "node": {
        "label": "timeout",
        "type": "Field"
      },
      "location-after-char-start": 26529,
      "location-after-char-end": 26614,
      "node-str": "timeout"
    },
    {
      "type": "insert-node",
      "node": {
        "label": "incarnationCount",
        "type": "Field"
      },
      "location-after-char-start": 26620,
      "location-after-char-end": 26842,
      "node-str": "incarnationCount"
    },
    {
      "type": "insert-node",
      "node": {
        "label": "locked",
        "type": "Field"
      },
      "location-after-char-start": 26848,
      "location-after-char-end": 27147,
      "node-str": "locked"
    },
    {
      "type": "insert-node",
      "node": {
        "label": "done",
        "type": "Field"
      },
      "location-after-char-start": 27153,
      "location-after-char-end": 27274,
      "node-str": "done"
    },
    {
      "type": "insert-node",
      "node": {
        "label": "instanceDone",
        "type": "Method"
      },
      "location-after-char-start": 43597,
      "location-after-char-end": 44750,
      "node-str": "instanceDone"
    },
    {
      "type": "insert-node",
      "node": {
        "label": "boolean",
        "type": "VARIABLE_TYPE"
      },
      "location-after-char-start": 0,
      "location-after-char-end": 0,
      "node-str": "boolean"
    },
    {
      "type": "insert-node",
      "node": {
        "label": "final",
        "type": "Modifier"
      },
      "location-after-char-start": 0,
      "location-after-char-end": 0,
      "node-str": "final"
    },
    {
      "type": "insert-node",
      "node": {
        "label": "static",
        "type": "Modifier"
      },
      "location-after-char-start": 0,
      "location-after-char-end": 0,
      "node-str": "static"
    },
    {
      "type": "insert-node",
      "node": {
        "label": "false",
        "type": "Literal"
      },
      "location-after-char-start": 1703,
      "location-after-char-end": 1707,
      "node-str": "false"
    },
    {
      "type": "insert-node",
      "node": {
        "label": "int",
        "type": "VARIABLE_TYPE"
      },
      "location-after-char-start": 0,
      "location-after-char-end": 0,
      "node-str": "int"
    },
    {
      "type": "insert-node",
      "node": {
        "label": "final",
        "type": "Modifier"
      },
      "location-after-char-start": 0,
      "location-after-char-end": 0,
      "node-str": "final"
    },
    {
      "type": "insert-node",
      "node": {
        "label": "static",
        "type": "Modifier"
      },
      "location-after-char-start": 0,
      "location-after-char-end": 0,
      "node-str": "static"
    },
    {
      "type": "insert-node",
      "node": {
        "label": "XA_RETRY",
        "type": "FieldRead"
      },
      "location-after-char-start": 1827,
      "location-after-char-end": 1846,
      "node-str": "XA_RETRY"
    },
    {
      "type": "insert-node",
      "node": {
        "label": "java.lang.reflect.Constructor",
        "type": "VARIABLE_TYPE"
      },
      "location-after-char-start": 0,
      "location-after-char-end": 0,
      "node-str": "java.lang.reflect.Constructor"
    },
    {
      "type": "insert-node",
      "node": {
        "label": "static",
        "type": "Modifier"
      },
      "location-after-char-start": 0,
      "location-after-char-end": 0,
      "node-str": "static"
    },
    {
      "type": "insert-node",
      "node": {
        "label": "null",
        "type": "Literal"
      },
      "location-after-char-start": 2119,
      "location-after-char-end": 2122,
      "node-str": "null"
    },
    {
      "type": "insert-node",
      "node": {
        "label": "java.util.LinkedList",
        "type": "VARIABLE_TYPE"
      },
      "location-after-char-start": 0,
      "location-after-char-end": 0,
      "node-str": "java.util.LinkedList"
    },
    {
      "type": "insert-node",
      "node": {
        "label": "static",
        "type": "Modifier"
      },
      "location-after-char-start": 0,
      "location-after-char-end": 0,
      "node-str": "static"
    },
    {
      "type": "insert-node",
      "node": {
        "label": "java.util.LinkedList()",
        "type": "ConstructorCall"
      },
      "location-after-char-start": 3069,
      "location-after-char-end": 3084,
      "node-str": "java.util.LinkedList()"
    },
    {
      "type": "insert-node",
      "node": {
        "label": "org.jboss.tm.TransactionImpl",
        "type": "RETURN_TYPE"
      },
      "location-after-char-start": 0,
      "location-after-char-end": 0,
      "node-str": "org.jboss.tm.TransactionImpl"
    },
    {
      "type": "insert-node",
      "node": {
        "label": "return",
        "type": "Return"
      },
      "location-after-char-start": 7681,
      "location-after-char-end": 7699,
      "node-str": "return"
    },
    {
      "type": "insert-node",
      "node": {
        "label": "int",
        "type": "RETURN_TYPE"
      },
      "location-after-char-start": 0,
      "location-after-char-end": 0,
      "node-str": "int"
    },
    {
      "type": "insert-node",
      "node": {
        "label": "javax.transaction.SystemException",
        "type": "THROWS"
      },
      "location-after-char-start": 0,
      "location-after-char-end": 0,
      "node-str": "javax.transaction.SystemException"
    },
    {
      "type": "insert-node",
      "node": {
        "label": "return",
        "type": "Return"
      },
      "location-after-char-start": 21311,
      "location-after-char-end": 21324,
      "node-str": "return"
    },
    {
      "type": "insert-node",
      "node": {
        "label": "org.jboss.tm.TransactionImpl",
        "type": "VARIABLE_TYPE"
      },
      "location-after-char-start": 0,
      "location-after-char-end": 0,
      "node-str": "org.jboss.tm.TransactionImpl"
    },
    {
      "type": "insert-node",
      "node": {
        "label": "javax.transaction.Synchronization[]",
        "type": "VARIABLE_TYPE"
      },
      "location-after-char-start": 0,
      "location-after-char-end": 0,
      "node-str": "javax.transaction.Synchronization[]"
    },
    {
      "type": "insert-node",
      "node": {
        "label": "",
        "type": "NewArray"
      },
      "location-after-char-start": 24207,
      "location-after-char-end": 24228,
      "node-str": ""
    },
    {
      "type": "insert-node",
      "node": {
        "label": "int",
        "type": "VARIABLE_TYPE"
      },
      "location-after-char-start": 0,
      "location-after-char-end": 0,
      "node-str": "int"
    },
    {
      "type": "insert-node",
      "node": {
        "label": "1",
        "type": "Literal"
      },
      "location-after-char-start": 24325,
      "location-after-char-end": 24325,
      "node-str": "1"
    },
    {
      "type": "insert-node",
      "node": {
        "label": "int",
        "type": "VARIABLE_TYPE"
      },
      "location-after-char-start": 0,
      "location-after-char-end": 0,
      "node-str": "int"
    },
    {
      "type": "insert-node",
      "node": {
        "label": "0",
        "type": "Literal"
      },
      "location-after-char-start": 24425,
      "location-after-char-end": 24425,
      "node-str": "0"
    },
    {
      "type": "insert-node",
      "node": {
        "label": "javax.transaction.xa.XAResource[]",
        "type": "VARIABLE_TYPE"
      },
      "location-after-char-start": 0,
      "location-after-char-end": 0,
      "node-str": "javax.transaction.xa.XAResource[]"
    },
    {
      "type": "insert-node",
      "node": {
        "label": "",
        "type": "NewArray"
      },
      "location-after-char-start": 24558,
      "location-after-char-end": 24574,
      "node-str": ""
    },
    {
      "type": "insert-node",
      "node": {
        "label": "int[]",
        "type": "VARIABLE_TYPE"
      },
      "location-after-char-start": 0,
      "location-after-char-end": 0,
      "node-str": "int[]"
    },
    {
      "type": "insert-node",
      "node": {
        "label": "",
        "type": "NewArray"
      },
      "location-after-char-start": 24660,
      "location-after-char-end": 24669,
      "node-str": ""
    },
    {
      "type": "insert-node",
      "node": {
        "label": "int",
        "type": "VARIABLE_TYPE"
      },
      "location-after-char-start": 0,
      "location-after-char-end": 0,
      "node-str": "int"
    },
    {
      "type": "insert-node",
      "node": {
        "label": "final",
        "type": "Modifier"
      },
      "location-after-char-start": 0,
      "location-after-char-end": 0,
      "node-str": "final"
    },
    {
      "type": "insert-node",
      "node": {
        "label": "static",
        "type": "Modifier"
      },
      "location-after-char-start": 0,
      "location-after-char-end": 0,
      "node-str": "static"
    },
    {
      "type": "insert-node",
      "node": {
        "label": "0",
        "type": "Literal"
      },
      "location-after-char-start": 24720,
      "location-after-char-end": 24720,
      "node-str": "0"
    },
    {
      "type": "insert-node",
      "node": {
        "label": "int",
        "type": "VARIABLE_TYPE"
      },
      "location-after-char-start": 0,
      "location-after-char-end": 0,
      "node-str": "int"
    },
    {
      "type": "insert-node",
      "node": {
        "label": "final",
        "type": "Modifier"
      },
      "location-after-char-start": 0,
      "location-after-char-end": 0,
      "node-str": "final"
    },
    {
      "type": "insert-node",
      "node": {
        "label": "static",
        "type": "Modifier"
      },
      "location-after-char-start": 0,
      "location-after-char-end": 0,
      "node-str": "static"
    },
    {
      "type": "insert-node",
      "node": {
        "label": "1",
        "type": "Literal"
      },
      "location-after-char-start": 24790,
      "location-after-char-end": 24790,
      "node-str": "1"
    },
    {
      "type": "insert-node",
      "node": {
        "label": "int",
        "type": "VARIABLE_TYPE"
      },
      "location-after-char-start": 0,
      "location-after-char-end": 0,
      "node-str": "int"
    },
    {
      "type": "insert-node",
      "node": {
        "label": "final",
        "type": "Modifier"
      },
      "location-after-char-start": 0,
      "location-after-char-end": 0,
      "node-str": "final"
    },
    {
      "type": "insert-node",
      "node": {
        "label": "static",
        "type": "Modifier"
      },
      "location-after-char-start": 0,
      "location-after-char-end": 0,
      "node-str": "static"
    },
    {
      "type": "insert-node",
      "node": {
        "label": "2",
        "type": "Literal"
      },
      "location-after-char-start": 24852,
      "location-after-char-end": 24852,
      "node-str": "2"
    },
    {
      "type": "insert-node",
      "node": {
        "label": "int",
        "type": "VARIABLE_TYPE"
      },
      "location-after-char-start": 0,
      "location-after-char-end": 0,
      "node-str": "int"
    },
    {
      "type": "insert-node",
      "node": {
        "label": "final",
        "type": "Modifier"
      },
      "location-after-char-start": 0,
      "location-after-char-end": 0,
      "node-str": "final"
    },
    {
      "type": "insert-node",
      "node": {
        "label": "static",
        "type": "Modifier"
      },
      "location-after-char-start": 0,
      "location-after-char-end": 0,
      "node-str": "static"
    },
    {
      "type": "insert-node",
      "node": {
        "label": "3",
        "type": "Literal"
      },
      "location-after-char-start": 24915,
      "location-after-char-end": 24915,
      "node-str": "3"
    },
    {
      "type": "insert-node",
      "node": {
        "label": "int",
        "type": "VARIABLE_TYPE"
      },
      "location-after-char-start": 0,
      "location-after-char-end": 0,
      "node-str": "int"
    },
    {
      "type": "insert-node",
      "node": {
        "label": "final",
        "type": "Modifier"
      },
      "location-after-char-start": 0,
      "location-after-char-end": 0,
      "node-str": "final"
    },
    {
      "type": "insert-node",
      "node": {
        "label": "static",
        "type": "Modifier"
      },
      "location-after-char-start": 0,
      "location-after-char-end": 0,
      "node-str": "static"
    },
    {
      "type": "insert-node",
      "node": {
        "label": "4",
        "type": "Literal"
      },
      "location-after-char-start": 24983,
      "location-after-char-end": 24983,
      "node-str": "4"
    },
    {
      "type": "insert-node",
      "node": {
        "label": "int",
        "type": "VARIABLE_TYPE"
      },
      "location-after-char-start": 0,
      "location-after-char-end": 0,
      "node-str": "int"
    },
    {
      "type": "insert-node",
      "node": {
        "label": "final",
        "type": "Modifier"
      },
      "location-after-char-start": 0,
      "location-after-char-end": 0,
      "node-str": "final"
    },
    {
      "type": "insert-node",
      "node": {
        "label": "static",
        "type": "Modifier"
      },
      "location-after-char-start": 0,
      "location-after-char-end": 0,
      "node-str": "static"
    },
    {
      "type": "insert-node",
      "node": {
        "label": "5",
        "type": "Literal"
      },
      "location-after-char-start": 25052,
      "location-after-char-end": 25052,
      "node-str": "5"
    },
    {
      "type": "insert-node",
      "node": {
        "label": "int[]",
        "type": "VARIABLE_TYPE"
      },
      "location-after-char-start": 0,
      "location-after-char-end": 0,
      "node-str": "int[]"
    },
    {
      "type": "insert-node",
      "node": {
        "label": "",
        "type": "NewArray"
      },
      "location-after-char-start": 25327,
      "location-after-char-end": 25336,
      "node-str": ""
    },
    {
      "type": "insert-node",
      "node": {
        "label": "javax.transaction.xa.Xid[]",
        "type": "VARIABLE_TYPE"
      },
      "location-after-char-start": 0,
      "location-after-char-end": 0,
      "node-str": "javax.transaction.xa.Xid[]"
    },
    {
      "type": "insert-node",
      "node": {
        "label": "",
        "type": "NewArray"
      },
      "location-after-char-start": 25464,
      "location-after-char-end": 25473,
      "node-str": ""
    },
    {
      "type": "insert-node",
      "node": {
        "label": "int",
        "type": "VARIABLE_TYPE"
      },
      "location-after-char-start": 0,
      "location-after-char-end": 0,
      "node-str": "int"
    },
    {
      "type": "insert-node",
      "node": {
        "label": "1",
        "type": "Literal"
      },
      "location-after-char-start": 25568,
      "location-after-char-end": 25568,
      "node-str": "1"
    },
    {
      "type": "insert-node",
      "node": {
        "label": "int",
        "type": "VARIABLE_TYPE"
      },
      "location-after-char-start": 0,
      "location-after-char-end": 0,
      "node-str": "int"
    },
    {
      "type": "insert-node",
      "node": {
        "label": "0",
        "type": "Literal"
      },
      "location-after-char-start": 25687,
      "location-after-char-end": 25687,
      "node-str": "0"
    },
    {
      "type": "insert-node",
      "node": {
        "label": "boolean",
        "type": "VARIABLE_TYPE"
      },
      "location-after-char-start": 0,
      "location-after-char-end": 0,
      "node-str": "boolean"
    },
    {
      "type": "insert-node",
      "node": {
        "label": "false",
        "type": "Literal"
      },
      "location-after-char-start": 25800,
      "location-after-char-end": 25804,
      "node-str": "false"
    },
    {
      "type": "insert-node",
      "node": {
        "label": "org.jboss.tm.XidImpl",
        "type": "VARIABLE_TYPE"
      },
      "location-after-char-start": 0,
      "location-after-char-end": 0,
      "node-str": "org.jboss.tm.XidImpl"
    },
    {
      "type": "insert-node",
      "node": {
        "label": "java.lang.Object[]",
        "type": "VARIABLE_TYPE"
      },
      "location-after-char-start": 0,
      "location-after-char-end": 0,
      "node-str": "java.lang.Object[]"
    },
    {
      "type": "insert-node",
      "node": {
        "label": "null",
        "type": "Literal"
      },
      "location-after-char-start": 26174,
      "location-after-char-end": 26177,
      "node-str": "null"
    },
    {
      "type": "insert-node",
      "node": {
        "label": "int",
        "type": "VARIABLE_TYPE"
      },
      "location-after-char-start": 0,
      "location-after-char-end": 0,
      "node-str": "int"
    },
    {
      "type": "insert-node",
      "node": {
        "label": "0",
        "type": "Literal"
      },
      "location-after-char-start": 26253,
      "location-after-char-end": 26253,
      "node-str": "0"
    },
    {
      "type": "insert-node",
      "node": {
        "label": "int",
        "type": "VARIABLE_TYPE"
      },
      "location-after-char-start": 0,
      "location-after-char-end": 0,
      "node-str": "int"
    },
    {
      "type": "insert-node",
      "node": {
        "label": "int",
        "type": "VARIABLE_TYPE"
      },
      "location-after-char-start": 0,
      "location-after-char-end": 0,
      "node-str": "int"
    },
    {
      "type": "insert-node",
      "node": {
        "label": "HEUR_NONE",
        "type": "FieldRead"
      },
      "location-after-char-start": 26425,
      "location-after-char-end": 26433,
      "node-str": "HEUR_NONE"
    },
    {
      "type": "insert-node",
      "node": {
        "label": "long",
        "type": "VARIABLE_TYPE"
      },
      "location-after-char-start": 0,
      "location-after-char-end": 0,
      "node-str": "long"
    },
    {
      "type": "insert-node",
      "node": {
        "label": "org.jboss.util.timeout.Timeout",
        "type": "VARIABLE_TYPE"
      },
      "location-after-char-start": 0,
      "location-after-char-end": 0,
      "node-str": "org.jboss.util.timeout.Timeout"
    },
    {
      "type": "insert-node",
      "node": {
        "label": "long",
        "type": "VARIABLE_TYPE"
      },
      "location-after-char-start": 0,
      "location-after-char-end": 0,
      "node-str": "long"
    },
    {
      "type": "insert-node",
      "node": {
        "label": "1",
        "type": "Literal"
      },
      "location-after-char-start": 26841,
      "location-after-char-end": 26841,
      "node-str": "1"
    },
    {
      "type": "insert-node",
      "node": {
        "label": "boolean",
        "type": "VARIABLE_TYPE"
      },
      "location-after-char-start": 0,
      "location-after-char-end": 0,
      "node-str": "boolean"
    },
    {
      "type": "insert-node",
      "node": {
        "label": "false",
        "type": "Literal"
      },
      "location-after-char-start": 27142,
      "location-after-char-end": 27146,
      "node-str": "false"
    },
    {
      "type": "insert-node",
      "node": {
        "label": "boolean",
        "type": "VARIABLE_TYPE"
      },
      "location-after-char-start": 0,
      "location-after-char-end": 0,
      "node-str": "boolean"
    },
    {
      "type": "insert-node",
      "node": {
        "label": "false",
        "type": "Literal"
      },
      "location-after-char-start": 27269,
      "location-after-char-end": 27273,
      "node-str": "false"
    },
    {
      "type": "insert-node",
      "node": {
        "label": "void",
        "type": "RETURN_TYPE"
      },
      "location-after-char-start": 0,
      "location-after-char-end": 0,
      "node-str": "void"
    },
    {
      "type": "insert-node",
      "node": {
        "label": "setDone",
        "type": "Invocation"
      },
      "location-after-char-start": 43745,
      "location-after-char-end": 43766,
      "node-str": "setDone"
    },
    {
      "type": "insert-node",
      "node": {
        "label": "",
        "type": "Synchronized"
      },
      "location-after-char-start": 43775,
      "location-after-char-end": 44056,
      "node-str": ""
    },
    {
      "type": "move-subtree",
      "node": {
        "label": "",
        "type": "For"
      },
      "location-before-char-start": 43846,
      "location-before-char-end": 43905,
      "location-after-char-start": 44104,
      "location-after-char-end": 44163,
      "node-str": ""
    },
    {
      "type": "insert-node",
      "node": {
        "label": "\u003d",
        "type": "Assignment"
      },
      "location-after-char-start": 44189,
      "location-after-char-end": 44202,
      "node-str": "\u003d"
    },
    {
      "type": "insert-node",
      "node": {
        "label": "\u003d",
        "type": "Assignment"
      },
      "location-after-char-start": 44345,
      "location-after-char-end": 44363,
      "node-str": "\u003d"
    },
    {
      "type": "move-subtree",
      "node": {
        "label": "",
        "type": "For"
      },
      "location-before-char-start": 44132,
      "location-before-char-end": 44279,
      "location-after-char-start": 44390,
      "location-after-char-end": 44537,
      "node-str": ""
    },
    {
      "type": "insert-node",
      "node": {
        "label": "\u003d",
        "type": "Assignment"
      },
      "location-after-char-start": 44545,
      "location-after-char-end": 44562,
      "node-str": "\u003d"
    },
    {
      "type": "move-subtree",
      "node": {
        "label": "if",
        "type": "If"
      },
      "location-before-char-start": 44392,
      "location-before-char-end": 44456,
      "location-after-char-start": 44650,
      "location-after-char-end": 44714,
      "node-str": "if"
    },
    {
      "type": "insert-node",
      "node": {
        "label": "javax.transaction.xa.XAException",
        "type": "TypeAccess"
      },
      "location-after-char-start": 1827,
      "location-after-char-end": 1837,
      "node-str": "javax.transaction.xa.XAException"
    },
    {
      "type": "insert-node",
      "node": {
        "label": "transaction",
        "type": "FieldRead"
      },
      "location-after-char-start": 7688,
      "location-after-char-end": 7698,
      "node-str": "transaction"
    },
    {
      "type": "insert-node",
      "node": {
        "label": "if",
        "type": "If"
      },
      "location-after-char-start": 12103,
      "location-after-char-end": 12145,
      "node-str": "if"
    },
    {
      "type": "insert-node",
      "node": {
        "label": "if",
        "type": "If"
      },
      "location-after-char-start": 13743,
      "location-after-char-end": 13785,
      "node-str": "if"
    },
    {
      "type": "insert-node",
      "node": {
        "label": "status",
        "type": "FieldRead"
      },
      "location-after-char-start": 21318,
      "location-after-char-end": 21323,
      "node-str": "status"
    },
    {
      "type": "insert-node",
      "node": {
        "label": "1",
        "type": "Literal"
      },
      "location-after-char-start": 24227,
      "location-after-char-end": 24227,
      "node-str": "1"
    },
    {
      "type": "insert-node",
      "node": {
        "label": "1",
        "type": "Literal"
      },
      "location-after-char-start": 24573,
      "location-after-char-end": 24573,
      "node-str": "1"
    },
    {
      "type": "insert-node",
      "node": {
        "label": "1",
        "type": "Literal"
      },
      "location-after-char-start": 24668,
      "location-after-char-end": 24668,
      "node-str": "1"
    },
    {
      "type": "insert-node",
      "node": {
        "label": "1",
        "type": "Literal"
      },
      "location-after-char-start": 25335,
      "location-after-char-end": 25335,
      "node-str": "1"
    },
    {
      "type": "insert-node",
      "node": {
        "label": "1",
        "type": "Literal"
      },
      "location-after-char-start": 25472,
      "location-after-char-end": 25472,
      "node-str": "1"
    },
    {
      "type": "insert-node",
      "node": {
        "label": "transaction",
        "type": "FieldRead"
      },
      "location-after-char-start": 43745,
      "location-after-char-end": 43755,
      "node-str": "transaction"
    },
    {
      "type": "insert-node",
      "node": {
        "label": "this",
        "type": "ThisAccess"
      },
      "location-after-char-start": 43789,
      "location-after-char-end": 43792,
      "node-str": "this"
    },
    {
      "type": "insert-node",
      "node": {
        "label": "PREINC",
        "type": "UnaryOperator"
      },
      "location-after-char-start": 43846,
      "location-after-char-end": 43864,
      "node-str": "PREINC"
    },
    {
      "type": "insert-node",
      "node": {
        "label": "\u003d",
        "type": "Assignment"
      },
      "location-after-char-start": 43964,
      "location-after-char-end": 43975,
      "node-str": "\u003d"
    },
    {
      "type": "insert-node",
      "node": {
        "label": "notifyAll",
        "type": "Invocation"
      },
      "location-after-char-start": 44037,
      "location-after-char-end": 44048,
      "node-str": "notifyAll"
    },
    {
      "type": "insert-node",
      "node": {
        "label": "syncCount",
        "type": "FieldWrite"
      },
      "location-after-char-start": 44189,
      "location-after-char-end": 44197,
      "node-str": "syncCount"
    },
    {
      "type": "insert-node",
      "node": {
        "label": "0",
        "type": "Literal"
      },
      "location-after-char-start": 44201,
      "location-after-char-end": 44201,
      "node-str": "0"
    },
    {
      "type": "insert-node",
      "node": {
        "label": "transaction",
        "type": "FieldWrite"
      },
      "location-after-char-start": 44345,
      "location-after-char-end": 44355,
      "node-str": "transaction"
    },
    {
      "type": "insert-node",
      "node": {
        "label": "null",
        "type": "Literal"
      },
      "location-after-char-start": 44359,
      "location-after-char-end": 44362,
      "node-str": "null"
    },
    {
      "type": "insert-node",
      "node": {
        "label": "resourceCount",
        "type": "FieldWrite"
      },
      "location-after-char-start": 44545,
      "location-after-char-end": 44557,
      "node-str": "resourceCount"
    },
    {
      "type": "insert-node",
      "node": {
        "label": "0",
        "type": "Literal"
      },
      "location-after-char-start": 44561,
      "location-after-char-end": 44561,
      "node-str": "0"
    },
    {
      "type": "insert-node",
      "node": {
        "label": "org.jboss.tm.TxCapsule",
        "type": "TypeAccess"
      },
      "location-after-char-start": 0,
      "location-after-char-end": 0,
      "node-str": "org.jboss.tm.TxCapsule"
    },
    {
      "type": "insert-node",
      "node": {
        "label": "done",
        "type": "FieldRead"
      },
      "location-after-char-start": 12107,
      "location-after-char-end": 12110,
      "node-str": "done"
    },
    {
      "type": "insert-node",
      "node": {
        "label": "THEN",
        "type": "then"
      },
      "location-after-char-start": 12124,
      "location-after-char-end": 12145,
      "node-str": "THEN"
    },
    {
      "type": "insert-node",
      "node": {
        "label": "done",
        "type": "FieldRead"
      },
      "location-after-char-start": 13747,
      "location-after-char-end": 13750,
      "node-str": "done"
    },
    {
      "type": "insert-node",
      "node": {
        "label": "THEN",
        "type": "then"
      },
      "location-after-char-start": 13764,
      "location-after-char-end": 13785,
      "node-str": "THEN"
    },
    {
      "type": "insert-node",
      "node": {
        "label": "org.jboss.tm.TxCapsule",
        "type": "TypeAccess"
      },
      "location-after-char-start": 0,
      "location-after-char-end": 0,
      "node-str": "org.jboss.tm.TxCapsule"
    },
    {
      "type": "insert-node",
      "node": {
        "label": "org.jboss.tm.TxCapsule",
        "type": "TypeAccess"
      },
      "location-after-char-start": 0,
      "location-after-char-end": 0,
      "node-str": "org.jboss.tm.TxCapsule"
    },
    {
      "type": "insert-node",
      "node": {
        "label": "org.jboss.tm.TxCapsule",
        "type": "TypeAccess"
      },
      "location-after-char-start": 0,
      "location-after-char-end": 0,
      "node-str": "org.jboss.tm.TxCapsule"
    },
    {
      "type": "insert-node",
      "node": {
        "label": "incarnationCount",
        "type": "FieldWrite"
      },
      "location-after-char-start": 43848,
      "location-after-char-end": 43863,
      "node-str": "incarnationCount"
    },
    {
      "type": "insert-node",
      "node": {
        "label": "done",
        "type": "FieldWrite"
      },
      "location-after-char-start": 43964,
      "location-after-char-end": 43967,
      "node-str": "done"
    },
    {
      "type": "insert-node",
      "node": {
        "label": "true",
        "type": "Literal"
      },
      "location-after-char-start": 43971,
      "location-after-char-end": 43974,
      "node-str": "true"
    },
    {
      "type": "insert-node",
      "node": {
        "label": "org.jboss.tm.TxCapsule",
        "type": "TypeAccess"
      },
      "location-after-char-start": 0,
      "location-after-char-end": 0,
      "node-str": "org.jboss.tm.TxCapsule"
    },
    {
      "type": "insert-node",
      "node": {
        "label": "org.jboss.tm.TxCapsule",
        "type": "TypeAccess"
      },
      "location-after-char-start": 0,
      "location-after-char-end": 0,
      "node-str": "org.jboss.tm.TxCapsule"
    },
    {
      "type": "insert-node",
      "node": {
        "label": "org.jboss.tm.TxCapsule",
        "type": "TypeAccess"
      },
      "location-after-char-start": 0,
      "location-after-char-end": 0,
      "node-str": "org.jboss.tm.TxCapsule"
    },
    {
      "type": "insert-node",
      "node": {
        "label": "org.jboss.tm.TxCapsule",
        "type": "TypeAccess"
      },
      "location-after-char-start": 0,
      "location-after-char-end": 0,
      "node-str": "org.jboss.tm.TxCapsule"
    },
    {
      "type": "insert-node",
      "node": {
        "label": "org.jboss.tm.TxCapsule",
        "type": "TypeAccess"
      },
      "location-after-char-start": 0,
      "location-after-char-end": 0,
      "node-str": "org.jboss.tm.TxCapsule"
    },
    {
      "type": "insert-node",
      "node": {
        "label": "releaseInstance",
        "type": "Invocation"
      },
      "location-after-char-start": 12124,
      "location-after-char-end": 12145,
      "node-str": "releaseInstance"
    },
    {
      "type": "insert-node",
      "node": {
        "label": "org.jboss.tm.TxCapsule",
        "type": "TypeAccess"
      },
      "location-after-char-start": 0,
      "location-after-char-end": 0,
      "node-str": "org.jboss.tm.TxCapsule"
    },
    {
      "type": "insert-node",
      "node": {
        "label": "releaseInstance",
        "type": "Invocation"
      },
      "location-after-char-start": 13764,
      "location-after-char-end": 13785,
      "node-str": "releaseInstance"
    },
    {
      "type": "insert-node",
      "node": {
        "label": "org.jboss.tm.TxCapsule",
        "type": "TypeAccess"
      },
      "location-after-char-start": 0,
      "location-after-char-end": 0,
      "node-str": "org.jboss.tm.TxCapsule"
    },
    {
      "type": "insert-node",
      "node": {
        "label": "org.jboss.tm.TxCapsule",
        "type": "TypeAccess"
      },
      "location-after-char-start": 0,
      "location-after-char-end": 0,
      "node-str": "org.jboss.tm.TxCapsule"
    },
    {
      "type": "insert-node",
      "node": {
        "label": "this",
        "type": "ThisAccess"
      },
      "location-after-char-start": 12140,
      "location-after-char-end": 12143,
      "node-str": "this"
    },
    {
      "type": "insert-node",
      "node": {
        "label": "this",
        "type": "ThisAccess"
      },
      "location-after-char-start": 13780,
      "location-after-char-end": 13783,
      "node-str": "this"
    },
    {
      "type": "insert-node",
      "node": {
        "label": "org.jboss.tm.TxCapsule",
        "type": "TypeAccess"
      },
      "location-after-char-start": 0,
      "location-after-char-end": 0,
      "node-str": "org.jboss.tm.TxCapsule"
    },
    {
      "type": "insert-node",
      "node": {
        "label": "org.jboss.tm.TxCapsule",
        "type": "TypeAccess"
      },
      "location-after-char-start": 0,
      "location-after-char-end": 0,
      "node-str": "org.jboss.tm.TxCapsule"
    },
    {
      "type": "delete-node",
      "node": {
        "label": "boolean",
        "type": "VARIABLE_TYPE"
      },
      "location-before-char-start": 0,
      "location-before-char-end": 0,
      "node-str": "boolean"
    },
    {
      "type": "delete-node",
      "node": {
        "label": "final",
        "type": "Modifier"
      },
      "location-before-char-start": 0,
      "location-before-char-end": 0,
      "node-str": "final"
    },
    {
      "type": "delete-node",
      "node": {
        "label": "static",
        "type": "Modifier"
      },
      "location-before-char-start": 0,
      "location-before-char-end": 0,
      "node-str": "static"
    },
    {
      "type": "delete-node",
      "node": {
        "label": "false",
        "type": "Literal"
      },
      "location-before-char-start": 1703,
      "location-before-char-end": 1707,
      "node-str": "false"
    },
    {
      "type": "delete-node",
      "node": {
        "label": "trace",
        "type": "Field"
      },
      "location-before-char-start": 1570,
      "location-before-char-end": 1708,
      "node-str": "trace"
    },
    {
      "type": "delete-node",
      "node": {
        "label": "int",
        "type": "VARIABLE_TYPE"
      },
      "location-before-char-start": 0,
      "location-before-char-end": 0,
      "node-str": "int"
    },
    {
      "type": "delete-node",
      "node": {
        "label": "final",
        "type": "Modifier"
      },
      "location-before-char-start": 0,
      "location-before-char-end": 0,
      "node-str": "final"
    },
    {
      "type": "delete-node",
      "node": {
        "label": "static",
        "type": "Modifier"
      },
      "location-before-char-start": 0,
      "location-before-char-end": 0,
      "node-str": "static"
    },
    {
      "type": "delete-node",
      "node": {
        "label": "javax.transaction.xa.XAException",
        "type": "TypeAccess"
      },
      "location-before-char-start": 1827,
      "location-before-char-end": 1837,
      "node-str": "javax.transaction.xa.XAException"
    },
    {
      "type": "delete-node",
      "node": {
        "label": "XA_RETRY",
        "type": "FieldRead"
      },
      "location-before-char-start": 1827,
      "location-before-char-end": 1846,
      "node-str": "XA_RETRY"
    },
    {
      "type": "delete-node",
      "node": {
        "label": "HEUR_NONE",
        "type": "Field"
      },
      "location-before-char-start": 1714,
      "location-before-char-end": 1847,
      "node-str": "HEUR_NONE"
    },
    {
      "type": "delete-node",
      "node": {
        "label": "java.lang.reflect.Constructor",
        "type": "VARIABLE_TYPE"
      },
      "location-before-char-start": 0,
      "location-before-char-end": 0,
      "node-str": "java.lang.reflect.Constructor"
    },
    {
      "type": "delete-node",
      "node": {
        "label": "static",
        "type": "Modifier"
      },
      "location-before-char-start": 0,
      "location-before-char-end": 0,
      "node-str": "static"
    },
    {
      "type": "delete-node",
      "node": {
        "label": "null",
        "type": "Literal"
      },
      "location-before-char-start": 2119,
      "location-before-char-end": 2122,
      "node-str": "null"
    },
    {
      "type": "delete-node",
      "node": {
        "label": "xidConstructor",
        "type": "Field"
      },
      "location-before-char-start": 1853,
      "location-before-char-end": 2123,
      "node-str": "xidConstructor"
    },
    {
      "type": "delete-node",
      "node": {
        "label": "java.util.LinkedList",
        "type": "VARIABLE_TYPE"
      },
      "location-before-char-start": 0,
      "location-before-char-end": 0,
      "node-str": "java.util.LinkedList"
    },
    {
      "type": "delete-node",
      "node": {
        "label": "static",
        "type": "Modifier"
      },
      "location-before-char-start": 0,
      "location-before-char-end": 0,
      "node-str": "static"
    },
    {
      "type": "delete-node",
      "node": {
        "label": "java.util.LinkedList()",
        "type": "ConstructorCall"
      },
      "location-before-char-start": 3069,
      "location-before-char-end": 3084,
      "node-str": "java.util.LinkedList()"
    },
    {
      "type": "delete-node",
      "node": {
        "label": "inactiveCapsules",
        "type": "Field"
      },
      "location-before-char-start": 2794,
      "location-before-char-end": 3085,
      "node-str": "inactiveCapsules"
    },
    {
      "type": "delete-node",
      "node": {
        "label": "org.jboss.tm.TransactionImpl",
        "type": "RETURN_TYPE"
      },
      "location-before-char-start": 0,
      "location-before-char-end": 0,
      "node-str": "org.jboss.tm.TransactionImpl"
    },
    {
      "type": "delete-node",
      "node": {
        "label": "org.jboss.tm.TxCapsule",
        "type": "TypeAccess"
      },
      "location-before-char-start": 0,
      "location-before-char-end": 0,
      "node-str": "org.jboss.tm.TxCapsule"
    },
    {
      "type": "delete-node",
      "node": {
        "label": "transaction",
        "type": "FieldRead"
      },
      "location-before-char-start": 7688,
      "location-before-char-end": 7698,
      "node-str": "transaction"
    },
    {
      "type": "delete-node",
      "node": {
        "label": "return",
        "type": "Return"
      },
      "location-before-char-start": 7681,
      "location-before-char-end": 7699,
      "node-str": "return"
    },
    {
      "type": "delete-node",
      "node": {
        "label": "getTransactionImpl",
        "type": "Method"
      },
      "location-before-char-start": 7573,
      "location-before-char-end": 7704,
      "node-str": "getTransactionImpl"
    },
    {
      "type": "delete-node",
      "node": {
        "label": "int",
        "type": "RETURN_TYPE"
      },
      "location-before-char-start": 0,
      "location-before-char-end": 0,
      "node-str": "int"
    },
    {
      "type": "delete-node",
      "node": {
        "label": "javax.transaction.SystemException",
        "type": "THROWS"
      },
      "location-before-char-start": 0,
      "location-before-char-end": 0,
      "node-str": "javax.transaction.SystemException"
    },
    {
      "type": "delete-node",
      "node": {
        "label": "org.jboss.tm.TxCapsule",
        "type": "TypeAccess"
      },
      "location-before-char-start": 0,
      "location-before-char-end": 0,
      "node-str": "org.jboss.tm.TxCapsule"
    },
    {
      "type": "delete-node",
      "node": {
        "label": "status",
        "type": "FieldRead"
      },
      "location-before-char-start": 21060,
      "location-before-char-end": 21065,
      "node-str": "status"
    },
    {
      "type": "delete-node",
      "node": {
        "label": "return",
        "type": "Return"
      },
      "location-before-char-start": 21053,
      "location-before-char-end": 21066,
      "node-str": "return"
    },
    {
      "type": "delete-node",
      "node": {
        "label": "getStatus",
        "type": "Method"
      },
      "location-before-char-start": 20920,
      "location-before-char-end": 21071,
      "node-str": "getStatus"
    },
    {
      "type": "delete-node",
      "node": {
        "label": "org.jboss.tm.TransactionImpl",
        "type": "VARIABLE_TYPE"
      },
      "location-before-char-start": 0,
      "location-before-char-end": 0,
      "node-str": "org.jboss.tm.TransactionImpl"
    },
    {
      "type": "delete-node",
      "node": {
        "label": "transaction",
        "type": "Field"
      },
      "location-before-char-start": 23585,
      "location-before-char-end": 23853,
      "node-str": "transaction"
    },
    {
      "type": "delete-node",
      "node": {
        "label": "javax.transaction.Synchronization[]",
        "type": "VARIABLE_TYPE"
      },
      "location-before-char-start": 0,
      "location-before-char-end": 0,
      "node-str": "javax.transaction.Synchronization[]"
    },
    {
      "type": "delete-node",
      "node": {
        "label": "1",
        "type": "Literal"
      },
      "location-before-char-start": 23969,
      "location-before-char-end": 23969,
      "node-str": "1"
    },
    {
      "type": "delete-node",
      "node": {
        "label": "",
        "type": "NewArray"
      },
      "location-before-char-start": 23949,
      "location-before-char-end": 23970,
      "node-str": ""
    },
    {
      "type": "delete-node",
      "node": {
        "label": "sync",
        "type": "Field"
      },
      "location-before-char-start": 23860,
      "location-before-char-end": 23971,
      "node-str": "sync"
    },
    {
      "type": "delete-node",
      "node": {
        "label": "int",
        "type": "VARIABLE_TYPE"
      },
      "location-before-char-start": 0,
      "location-before-char-end": 0,
      "node-str": "int"
    },
    {
      "type": "delete-node",
      "node": {
        "label": "1",
        "type": "Literal"
      },
      "location-before-char-start": 24067,
      "location-before-char-end": 24067,
      "node-str": "1"
    },
    {
      "type": "delete-node",
      "node": {
        "label": "syncAllocSize",
        "type": "Field"
      },
      "location-before-char-start": 23977,
      "location-before-char-end": 24068,
      "node-str": "syncAllocSize"
    },
    {
      "type": "delete-node",
      "node": {
        "label": "int",
        "type": "VARIABLE_TYPE"
      },
      "location-before-char-start": 0,
      "location-before-char-end": 0,
      "node-str": "int"
    },
    {
      "type": "delete-node",
      "node": {
        "label": "0",
        "type": "Literal"
      },
      "location-before-char-start": 24167,
      "location-before-char-end": 24167,
      "node-str": "0"
    },
    {
      "type": "delete-node",
      "node": {
        "label": "syncCount",
        "type": "Field"
      },
      "location-before-char-start": 24074,
      "location-before-char-end": 24168,
      "node-str": "syncCount"
    },
    {
      "type": "delete-node",
      "node": {
        "label": "javax.transaction.xa.XAResource[]",
        "type": "VARIABLE_TYPE"
      },
      "location-before-char-start": 0,
      "location-before-char-end": 0,
      "node-str": "javax.transaction.xa.XAResource[]"
    },
    {
      "type": "delete-node",
      "node": {
        "label": "1",
        "type": "Literal"
      },
      "location-before-char-start": 24315,
      "location-before-char-end": 24315,
      "node-str": "1"
    },
    {
      "type": "delete-node",
      "node": {
        "label": "",
        "type": "NewArray"
      },
      "location-before-char-start": 24300,
      "location-before-char-end": 24316,
      "node-str": ""
    },
    {
      "type": "delete-node",
      "node": {
        "label": "resources",
        "type": "Field"
      },
      "location-before-char-start": 24175,
      "location-before-char-end": 24317,
      "node-str": "resources"
    },
    {
      "type": "delete-node",
      "node": {
        "label": "int[]",
        "type": "VARIABLE_TYPE"
      },
      "location-before-char-start": 0,
      "location-before-char-end": 0,
      "node-str": "int[]"
    },
    {
      "type": "delete-node",
      "node": {
        "label": "1",
        "type": "Literal"
      },
      "location-before-char-start": 24410,
      "location-before-char-end": 24410,
      "node-str": "1"
    },
    {
      "type": "delete-node",
      "node": {
        "label": "",
        "type": "NewArray"
      },
      "location-before-char-start": 24402,
      "location-before-char-end": 24411,
      "node-str": ""
    },
    {
      "type": "delete-node",
      "node": {
        "label": "resourceState",
        "type": "Field"
      },
      "location-before-char-start": 24323,
      "location-before-char-end": 24412,
      "node-str": "resourceState"
    },
    {
      "type": "delete-node",
      "node": {
        "label": "int",
        "type": "VARIABLE_TYPE"
      },
      "location-before-char-start": 0,
      "location-before-char-end": 0,
      "node-str": "int"
    },
    {
      "type": "delete-node",
      "node": {
        "label": "final",
        "type": "Modifier"
      },
      "location-before-char-start": 0,
      "location-before-char-end": 0,
      "node-str": "final"
    },
    {
      "type": "delete-node",
      "node": {
        "label": "static",
        "type": "Modifier"
      },
      "location-before-char-start": 0,
      "location-before-char-end": 0,
      "node-str": "static"
    },
    {
      "type": "delete-node",
      "node": {
        "label": "0",
        "type": "Literal"
      },
      "location-before-char-start": 24462,
      "location-before-char-end": 24462,
      "node-str": "0"
    },
    {
      "type": "delete-node",
      "node": {
        "label": "RS_NEW",
        "type": "Field"
      },
      "location-before-char-start": 24418,
      "location-before-char-end": 24463,
      "node-str": "RS_NEW"
    },
    {
      "type": "delete-node",
      "node": {
        "label": "int",
        "type": "VARIABLE_TYPE"
      },
      "location-before-char-start": 0,
      "location-before-char-end": 0,
      "node-str": "int"
    },
    {
      "type": "delete-node",
      "node": {
        "label": "final",
        "type": "Modifier"
      },
      "location-before-char-start": 0,
      "location-before-char-end": 0,
      "node-str": "final"
    },
    {
      "type": "delete-node",
      "node": {
        "label": "static",
        "type": "Modifier"
      },
      "location-before-char-start": 0,
      "location-before-char-end": 0,
      "node-str": "static"
    },
    {
      "type": "delete-node",
      "node": {
        "label": "1",
        "type": "Literal"
      },
      "location-before-char-start": 24532,
      "location-before-char-end": 24532,
      "node-str": "1"
    },
    {
      "type": "delete-node",
      "node": {
        "label": "RS_ENLISTED",
        "type": "Field"
      },
      "location-before-char-start": 24488,
      "location-before-char-end": 24533,
      "node-str": "RS_ENLISTED"
    },
    {
      "type": "delete-node",
      "node": {
        "label": "int",
        "type": "VARIABLE_TYPE"
      },
      "location-before-char-start": 0,
      "location-before-char-end": 0,
      "node-str": "int"
    },
    {
      "type": "delete-node",
      "node": {
        "label": "final",
        "type": "Modifier"
      },
      "location-before-char-start": 0,
      "location-before-char-end": 0,
      "node-str": "final"
    },
    {
      "type": "delete-node",
      "node": {
        "label": "static",
        "type": "Modifier"
      },
      "location-before-char-start": 0,
      "location-before-char-end": 0,
      "node-str": "static"
    },
    {
      "type": "delete-node",
      "node": {
        "label": "2",
        "type": "Literal"
      },
      "location-before-char-start": 24594,
      "location-before-char-end": 24594,
      "node-str": "2"
    },
    {
      "type": "delete-node",
      "node": {
        "label": "RS_SUSPENDED",
        "type": "Field"
      },
      "location-before-char-start": 24550,
      "location-before-char-end": 24595,
      "node-str": "RS_SUSPENDED"
    },
    {
      "type": "delete-node",
      "node": {
        "label": "int",
        "type": "VARIABLE_TYPE"
      },
      "location-before-char-start": 0,
      "location-before-char-end": 0,
      "node-str": "int"
    },
    {
      "type": "delete-node",
      "node": {
        "label": "final",
        "type": "Modifier"
      },
      "location-before-char-start": 0,
      "location-before-char-end": 0,
      "node-str": "final"
    },
    {
      "type": "delete-node",
      "node": {
        "label": "static",
        "type": "Modifier"
      },
      "location-before-char-start": 0,
      "location-before-char-end": 0,
      "node-str": "static"
    },
    {
      "type": "delete-node",
      "node": {
        "label": "3",
        "type": "Literal"
      },
      "location-before-char-start": 24657,
      "location-before-char-end": 24657,
      "node-str": "3"
    },
    {
      "type": "delete-node",
      "node": {
        "label": "RS_ENDED",
        "type": "Field"
      },
      "location-before-char-start": 24613,
      "location-before-char-end": 24658,
      "node-str": "RS_ENDED"
    },
    {
      "type": "delete-node",
      "node": {
        "label": "int",
        "type": "VARIABLE_TYPE"
      },
      "location-before-char-start": 0,
      "location-before-char-end": 0,
      "node-str": "int"
    },
    {
      "type": "delete-node",
      "node": {
        "label": "final",
        "type": "Modifier"
      },
      "location-before-char-start": 0,
      "location-before-char-end": 0,
      "node-str": "final"
    },
    {
      "type": "delete-node",
      "node": {
        "label": "static",
        "type": "Modifier"
      },
      "location-before-char-start": 0,
      "location-before-char-end": 0,
      "node-str": "static"
    },
    {
      "type": "delete-node",
      "node": {
        "label": "4",
        "type": "Literal"
      },
      "location-before-char-start": 24725,
      "location-before-char-end": 24725,
      "node-str": "4"
    },
    {
      "type": "delete-node",
      "node": {
        "label": "RS_VOTE_READONLY",
        "type": "Field"
      },
      "location-before-char-start": 24681,
      "location-before-char-end": 24726,
      "node-str": "RS_VOTE_READONLY"
    },
    {
      "type": "delete-node",
      "node": {
        "label": "int",
        "type": "VARIABLE_TYPE"
      },
      "location-before-char-start": 0,
      "location-before-char-end": 0,
      "node-str": "int"
    },
    {
      "type": "delete-node",
      "node": {
        "label": "final",
        "type": "Modifier"
      },
      "location-before-char-start": 0,
      "location-before-char-end": 0,
      "node-str": "final"
    },
    {
      "type": "delete-node",
      "node": {
        "label": "static",
        "type": "Modifier"
      },
      "location-before-char-start": 0,
      "location-before-char-end": 0,
      "node-str": "static"
    },
    {
      "type": "delete-node",
      "node": {
        "label": "5",
        "type": "Literal"
      },
      "location-before-char-start": 24794,
      "location-before-char-end": 24794,
      "node-str": "5"
    },
    {
      "type": "delete-node",
      "node": {
        "label": "RS_VOTE_OK",
        "type": "Field"
      },
      "location-before-char-start": 24750,
      "location-before-char-end": 24795,
      "node-str": "RS_VOTE_OK"
    },
    {
      "type": "delete-node",
      "node": {
        "label": "int[]",
        "type": "VARIABLE_TYPE"
      },
      "location-before-char-start": 0,
      "location-before-char-end": 0,
      "node-str": "int[]"
    },
    {
      "type": "delete-node",
      "node": {
        "label": "1",
        "type": "Literal"
      },
      "location-before-char-start": 25077,
      "location-before-char-end": 25077,
      "node-str": "1"
    },
    {
      "type": "delete-node",
      "node": {
        "label": "",
        "type": "NewArray"
      },
      "location-before-char-start": 25069,
      "location-before-char-end": 25078,
      "node-str": ""
    },
    {
      "type": "delete-node",
      "node": {
        "label": "resourceSameRM",
        "type": "Field"
      },
      "location-before-char-start": 24813,
      "location-before-char-end": 25079,
      "node-str": "resourceSameRM"
    },
    {
      "type": "delete-node",
      "node": {
        "label": "javax.transaction.xa.Xid[]",
        "type": "VARIABLE_TYPE"
      },
      "location-before-char-start": 0,
      "location-before-char-end": 0,
      "node-str": "javax.transaction.xa.Xid[]"
    },
    {
      "type": "delete-node",
      "node": {
        "label": "1",
        "type": "Literal"
      },
      "location-before-char-start": 25214,
      "location-before-char-end": 25214,
      "node-str": "1"
    },
    {
      "type": "delete-node",
      "node": {
        "label": "",
        "type": "NewArray"
      },
      "location-before-char-start": 25206,
      "location-before-char-end": 25215,
      "node-str": ""
    },
    {
      "type": "delete-node",
      "node": {
        "label": "resourceXids",
        "type": "Field"
      },
      "location-before-char-start": 25085,
      "location-before-char-end": 25216,
      "node-str": "resourceXids"
    },
    {
      "type": "delete-node",
      "node": {
        "label": "int",
        "type": "VARIABLE_TYPE"
      },
      "location-before-char-start": 0,
      "location-before-char-end": 0,
      "node-str": "int"
    },
    {
      "type": "delete-node",
      "node": {
        "label": "1",
        "type": "Literal"
      },
      "location-before-char-start": 25310,
      "location-before-char-end": 25310,
      "node-str": "1"
    },
    {
      "type": "delete-node",
      "node": {
        "label": "resourceAllocSize",
        "type": "Field"
      },
      "location-before-char-start": 25222,
      "location-before-char-end": 25311,
      "node-str": "resourceAllocSize"
    },
    {
      "type": "delete-node",
      "node": {
        "label": "int",
        "type": "VARIABLE_TYPE"
      },
      "location-before-char-start": 0,
      "location-before-char-end": 0,
      "node-str": "int"
    },
    {
      "type": "delete-node",
      "node": {
        "label": "0",
        "type": "Literal"
      },
      "location-before-char-start": 25429,
      "location-before-char-end": 25429,
      "node-str": "0"
    },
    {
      "type": "delete-node",
      "node": {
        "label": "resourceCount",
        "type": "Field"
      },
      "location-before-char-start": 25317,
      "location-before-char-end": 25430,
      "node-str": "resourceCount"
    },
    {
      "type": "delete-node",
      "node": {
        "label": "boolean",
        "type": "VARIABLE_TYPE"
      },
      "location-before-char-start": 0,
      "location-before-char-end": 0,
      "node-str": "boolean"
    },
    {
      "type": "delete-node",
      "node": {
        "label": "false",
        "type": "Literal"
      },
      "location-before-char-start": 25542,
      "location-before-char-end": 25546,
      "node-str": "false"
    },
    {
      "type": "delete-node",
      "node": {
        "label": "resourcesEnded",
        "type": "Field"
      },
      "location-before-char-start": 25437,
      "location-before-char-end": 25547,
      "node-str": "resourcesEnded"
    },
    {
      "type": "delete-node",
      "node": {
        "label": "org.jboss.tm.XidImpl",
        "type": "VARIABLE_TYPE"
      },
      "location-before-char-start": 0,
      "location-before-char-end": 0,
      "node-str": "org.jboss.tm.XidImpl"
    },
    {
      "type": "delete-node",
      "node": {
        "label": "xid",
        "type": "Field"
      },
      "location-before-char-start": 25553,
      "location-before-char-end": 25749,
      "node-str": "xid"
    },
    {
      "type": "delete-node",
      "node": {
        "label": "java.lang.Object[]",
        "type": "VARIABLE_TYPE"
      },
      "location-before-char-start": 0,
      "location-before-char-end": 0,
      "node-str": "java.lang.Object[]"
    },
    {
      "type": "delete-node",
      "node": {
        "label": "null",
        "type": "Literal"
      },
      "location-before-char-start": 25916,
      "location-before-char-end": 25919,
      "node-str": "null"
    },
    {
      "type": "delete-node",
      "node": {
        "label": "xidConstructorArgs",
        "type": "Field"
      },
      "location-before-char-start": 25755,
      "location-before-char-end": 25920,
      "node-str": "xidConstructorArgs"
    },
    {
      "type": "delete-node",
      "node": {
        "label": "int",
        "type": "VARIABLE_TYPE"
      },
      "location-before-char-start": 0,
      "location-before-char-end": 0,
      "node-str": "int"
    },
    {
      "type": "delete-node",
      "node": {
        "label": "0",
        "type": "Literal"
      },
      "location-before-char-start": 25995,
      "location-before-char-end": 25995,
      "node-str": "0"
    },
    {
      "type": "delete-node",
      "node": {
        "label": "lastBranchId",
        "type": "Field"
      },
      "location-before-char-start": 25926,
      "location-before-char-end": 25996,
      "node-str": "lastBranchId"
    },
    {
      "type": "delete-node",
      "node": {
        "label": "int",
        "type": "VARIABLE_TYPE"
      },
      "location-before-char-start": 0,
      "location-before-char-end": 0,
      "node-str": "int"
    },
    {
      "type": "delete-node",
      "node": {
        "label": "status",
        "type": "Field"
      },
      "location-before-char-start": 26002,
      "location-before-char-end": 26069,
      "node-str": "status"
    },
    {
      "type": "delete-node",
      "node": {
        "label": "int",
        "type": "VARIABLE_TYPE"
      },
      "location-before-char-start": 0,
      "location-before-char-end": 0,
      "node-str": "int"
    },
    {
      "type": "delete-node",
      "node": {
        "label": "HEUR_NONE",
        "type": "FieldRead"
      },
      "location-before-char-start": 26167,
      "location-before-char-end": 26175,
      "node-str": "HEUR_NONE"
    },
    {
      "type": "delete-node",
      "node": {
        "label": "heuristicCode",
        "type": "Field"
      },
      "location-before-char-start": 26075,
      "location-before-char-end": 26176,
      "node-str": "heuristicCode"
    },
    {
      "type": "delete-node",
      "node": {
        "label": "long",
        "type": "VARIABLE_TYPE"
      },
      "location-before-char-start": 0,
      "location-before-char-end": 0,
      "node-str": "long"
    },
    {
      "type": "delete-node",
      "node": {
        "label": "start",
        "type": "Field"
      },
      "location-before-char-start": 26182,
      "location-before-char-end": 26265,
      "node-str": "start"
    },
    {
      "type": "delete-node",
      "node": {
        "label": "org.jboss.util.timeout.Timeout",
        "type": "VARIABLE_TYPE"
      },
      "location-before-char-start": 0,
      "location-before-char-end": 0,
      "node-str": "org.jboss.util.timeout.Timeout"
    },
    {
      "type": "delete-node",
      "node": {
        "label": "timeout",
        "type": "Field"
      },
      "location-before-char-start": 26271,
      "location-before-char-end": 26356,
      "node-str": "timeout"
    },
    {
      "type": "delete-node",
      "node": {
        "label": "long",
        "type": "VARIABLE_TYPE"
      },
      "location-before-char-start": 0,
      "location-before-char-end": 0,
      "node-str": "long"
    },
    {
      "type": "delete-node",
      "node": {
        "label": "1",
        "type": "Literal"
      },
      "location-before-char-start": 26583,
      "location-before-char-end": 26583,
      "node-str": "1"
    },
    {
      "type": "delete-node",
      "node": {
        "label": "incarnationCount",
        "type": "Field"
      },
      "location-before-char-start": 26362,
      "location-before-char-end": 26584,
      "node-str": "incarnationCount"
    },
    {
      "type": "delete-node",
      "node": {
        "label": "boolean",
        "type": "VARIABLE_TYPE"
      },
      "location-before-char-start": 0,
      "location-before-char-end": 0,
      "node-str": "boolean"
    },
    {
      "type": "delete-node",
      "node": {
        "label": "false",
        "type": "Literal"
      },
      "location-before-char-start": 26884,
      "location-before-char-end": 26888,
      "node-str": "false"
    },
    {
      "type": "delete-node",
      "node": {
        "label": "locked",
        "type": "Field"
      },
      "location-before-char-start": 26590,
      "location-before-char-end": 26889,
      "node-str": "locked"
    },
    {
      "type": "delete-node",
      "node": {
        "label": "boolean",
        "type": "VARIABLE_TYPE"
      },
      "location-before-char-start": 0,
      "location-before-char-end": 0,
      "node-str": "boolean"
    },
    {
      "type": "delete-node",
      "node": {
        "label": "false",
        "type": "Literal"
      },
      "location-before-char-start": 27011,
      "location-before-char-end": 27015,
      "node-str": "false"
    },
    {
      "type": "delete-node",
      "node": {
        "label": "done",
        "type": "Field"
      },
      "location-before-char-start": 26895,
      "location-before-char-end": 27016,
      "node-str": "done"
    },
    {
      "type": "delete-node",
      "node": {
        "label": "void",
        "type": "RETURN_TYPE"
      },
      "location-before-char-start": 0,
      "location-before-char-end": 0,
      "node-str": "void"
    },
    {
      "type": "delete-node",
      "node": {
        "label": "org.jboss.tm.TxCapsule",
        "type": "TypeAccess"
      },
      "location-before-char-start": 0,
      "location-before-char-end": 0,
      "node-str": "org.jboss.tm.TxCapsule"
    },
    {
      "type": "delete-node",
      "node": {
        "label": "transaction",
        "type": "FieldRead"
      },
      "location-before-char-start": 43487,
      "location-before-char-end": 43497,
      "node-str": "transaction"
    },
    {
      "type": "delete-node",
      "node": {
        "label": "setDone",
        "type": "Invocation"
      },
      "location-before-char-start": 43487,
      "location-before-char-end": 43508,
      "node-str": "setDone"
    },
    {
      "type": "delete-node",
      "node": {
        "label": "org.jboss.tm.TxCapsule",
        "type": "TypeAccess"
      },
      "location-before-char-start": 0,
      "location-before-char-end": 0,
      "node-str": "org.jboss.tm.TxCapsule"
    },
    {
      "type": "delete-node",
      "node": {
        "label": "this",
        "type": "ThisAccess"
      },
      "location-before-char-start": 43531,
      "location-before-char-end": 43534,
      "node-str": "this"
    },
    {
      "type": "delete-node",
      "node": {
        "label": "org.jboss.tm.TxCapsule",
        "type": "TypeAccess"
      },
      "location-before-char-start": 0,
      "location-before-char-end": 0,
      "node-str": "org.jboss.tm.TxCapsule"
    },
    {
      "type": "delete-node",
      "node": {
        "label": "incarnationCount",
        "type": "FieldWrite"
      },
      "location-before-char-start": 43590,
      "location-before-char-end": 43605,
      "node-str": "incarnationCount"
    },
    {
      "type": "delete-node",
      "node": {
        "label": "PREINC",
        "type": "UnaryOperator"
      },
      "location-before-char-start": 43588,
      "location-before-char-end": 43606,
      "node-str": "PREINC"
    },
    {
      "type": "delete-node",
      "node": {
        "label": "org.jboss.tm.TxCapsule",
        "type": "TypeAccess"
      },
      "location-before-char-start": 0,
      "location-before-char-end": 0,
      "node-str": "org.jboss.tm.TxCapsule"
    },
    {
      "type": "delete-node",
      "node": {
        "label": "done",
        "type": "FieldWrite"
      },
      "location-before-char-start": 43706,
      "location-before-char-end": 43709,
      "node-str": "done"
    },
    {
      "type": "delete-node",
      "node": {
        "label": "true",
        "type": "Literal"
      },
      "location-before-char-start": 43713,
      "location-before-char-end": 43716,
      "node-str": "true"
    },
    {
      "type": "delete-node",
      "node": {
        "label": "\u003d",
        "type": "Assignment"
      },
      "location-before-char-start": 43706,
      "location-before-char-end": 43717,
      "node-str": "\u003d"
    },
    {
      "type": "delete-node",
      "node": {
        "label": "org.jboss.tm.TxCapsule",
        "type": "TypeAccess"
      },
      "location-before-char-start": 0,
      "location-before-char-end": 0,
      "node-str": "org.jboss.tm.TxCapsule"
    },
    {
      "type": "delete-node",
      "node": {
        "label": "notifyAll",
        "type": "Invocation"
      },
      "location-before-char-start": 43779,
      "location-before-char-end": 43790,
      "node-str": "notifyAll"
    },
    {
      "type": "delete-node",
      "node": {
        "label": "",
        "type": "Synchronized"
      },
      "location-before-char-start": 43517,
      "location-before-char-end": 43798,
      "node-str": ""
    },
    {
      "type": "delete-node",
      "node": {
        "label": "org.jboss.tm.TxCapsule",
        "type": "TypeAccess"
      },
      "location-before-char-start": 0,
      "location-before-char-end": 0,
      "node-str": "org.jboss.tm.TxCapsule"
    },
    {
      "type": "delete-node",
      "node": {
        "label": "syncCount",
        "type": "FieldWrite"
      },
      "location-before-char-start": 43931,
      "location-before-char-end": 43939,
      "node-str": "syncCount"
    },
    {
      "type": "delete-node",
      "node": {
        "label": "0",
        "type": "Literal"
      },
      "location-before-char-start": 43943,
      "location-before-char-end": 43943,
      "node-str": "0"
    },
    {
      "type": "delete-node",
      "node": {
        "label": "\u003d",
        "type": "Assignment"
      },
      "location-before-char-start": 43931,
      "location-before-char-end": 43944,
      "node-str": "\u003d"
    },
    {
      "type": "delete-node",
      "node": {
        "label": "org.jboss.tm.TxCapsule",
        "type": "TypeAccess"
      },
      "location-before-char-start": 0,
      "location-before-char-end": 0,
      "node-str": "org.jboss.tm.TxCapsule"
    },
    {
      "type": "delete-node",
      "node": {
        "label": "transaction",
        "type": "FieldWrite"
      },
      "location-before-char-start": 44087,
      "location-before-char-end": 44097,
      "node-str": "transaction"
    },
    {
      "type": "delete-node",
      "node": {
        "label": "null",
        "type": "Literal"
      },
      "location-before-char-start": 44101,
      "location-before-char-end": 44104,
      "node-str": "null"
    },
    {
      "type": "delete-node",
      "node": {
        "label": "\u003d",
        "type": "Assignment"
      },
      "location-before-char-start": 44087,
      "location-before-char-end": 44105,
      "node-str": "\u003d"
    },
    {
      "type": "delete-node",
      "node": {
        "label": "org.jboss.tm.TxCapsule",
        "type": "TypeAccess"
      },
      "location-before-char-start": 0,
      "location-before-char-end": 0,
      "node-str": "org.jboss.tm.TxCapsule"
    },
    {
      "type": "delete-node",
      "node": {
        "label": "resourceCount",
        "type": "FieldWrite"
      },
      "location-before-char-start": 44287,
      "location-before-char-end": 44299,
      "node-str": "resourceCount"
    },
    {
      "type": "delete-node",
      "node": {
        "label": "0",
        "type": "Literal"
      },
      "location-before-char-start": 44303,
      "location-before-char-end": 44303,
      "node-str": "0"
    },
    {
      "type": "delete-node",
      "node": {
        "label": "\u003d",
        "type": "Assignment"
      },
      "location-before-char-start": 44287,
      "location-before-char-end": 44304,
      "node-str": "\u003d"
    },
    {
      "type": "delete-node",
      "node": {
        "label": "org.jboss.tm.TxCapsule",
        "type": "TypeAccess"
      },
      "location-before-char-start": 0,
      "location-before-char-end": 0,
      "node-str": "org.jboss.tm.TxCapsule"
    },
    {
      "type": "delete-node",
      "node": {
        "label": "this",
        "type": "ThisAccess"
      },
      "location-before-char-start": 44586,
      "location-before-char-end": 44589,
      "node-str": "this"
    },
    {
      "type": "delete-node",
      "node": {
        "label": "releaseInstance",
        "type": "Invocation"
      },
      "location-before-char-start": 44570,
      "location-before-char-end": 44591,
      "node-str": "releaseInstance"
    },
    {
      "type": "delete-node",
      "node": {
        "label": "instanceDone",
        "type": "Method"
      },
      "location-before-char-start": 43339,
      "location-before-char-end": 44596,
      "node-str": "instanceDone"
    }
  ],
  "before-file": {},
  "after-file": {},
  "mapping": {}
}