{
  "tool-info": {},
  "diff": [
    {
      "type": "insert-node",
      "node": {
        "label": "public",
        "type": "Modifier"
      },
      "location-after-char-start": 0,
      "location-after-char-end": 0,
      "node-str": "public"
    },
    {
      "type": "insert-node",
      "node": {
        "label": "void",
        "type": "RETURN_TYPE"
      },
      "location-after-char-start": 0,
      "location-after-char-end": 0,
      "node-str": "void"
    },
    {
      "type": "insert-node",
      "node": {
        "label": "protected",
        "type": "Modifier"
      },
      "location-after-char-start": 0,
      "location-after-char-end": 0,
      "node-str": "protected"
    },
    {
      "type": "insert-node",
      "node": {
        "label": "if",
        "type": "If"
      },
      "location-after-char-start": 4244,
      "location-after-char-end": 4936,
      "node-str": "if"
    },
    {
      "type": "insert-node",
      "node": {
        "label": "INSTANCEOF",
        "type": "BinaryOperator"
      },
      "location-after-char-start": 4248,
      "location-after-char-end": 4280,
      "node-str": "INSTANCEOF"
    },
    {
      "type": "insert-node",
      "node": {
        "label": "THEN",
        "type": "then"
      },
      "location-after-char-start": 4283,
      "location-after-char-end": 4847,
      "node-str": "THEN"
    },
    {
      "type": "move-subtree",
      "node": {
        "label": "ELSE",
        "type": "else"
      },
      "location-before-char-start": 4669,
      "location-before-char-end": 4751,
      "location-after-char-start": 4854,
      "location-after-char-end": 4936,
      "node-str": "ELSE"
    },
    {
      "type": "insert-node",
      "node": {
        "label": "mediator",
        "type": "FieldRead"
      },
      "location-after-char-start": 4248,
      "location-after-char-end": 4255,
      "node-str": "mediator"
    },
    {
      "type": "insert-node",
      "node": {
        "label": "org.columba.mail.gui.frame.TreeViewOwner",
        "type": "TypeAccess"
      },
      "location-after-char-start": 4268,
      "location-after-char-end": 4280,
      "node-str": "org.columba.mail.gui.frame.TreeViewOwner"
    },
    {
      "type": "move-subtree",
      "node": {
        "label": "t",
        "type": "LocalVariable"
      },
      "location-before-char-start": 4168,
      "location-before-char-end": 4245,
      "location-after-char-start": 4289,
      "location-after-char-end": 4367,
      "node-str": "t"
    },
    {
      "type": "move-subtree",
      "node": {
        "label": "if",
        "type": "If"
      },
      "location-before-char-start": 4249,
      "location-before-char-end": 4751,
      "location-after-char-start": 4420,
      "location-after-char-end": 4843,
      "node-str": "if"
    },
    {
      "type": "insert-node",
      "node": {
        "label": "org.columba.mail.gui.tree.util.SelectFolderDialog",
        "type": "TypeAccess"
      },
      "location-after-char-start": 0,
      "location-after-char-end": 0,
      "node-str": "org.columba.mail.gui.tree.util.SelectFolderDialog"
    },
    {
      "type": "delete-node",
      "node": {
        "label": "public",
        "type": "Modifier"
      },
      "location-before-char-start": 0,
      "location-before-char-end": 0,
      "node-str": "public"
    },
    {
      "type": "delete-node",
      "node": {
        "label": "void",
        "type": "RETURN_TYPE"
      },
      "location-before-char-start": 0,
      "location-before-char-end": 0,
      "node-str": "void"
    },
    {
      "type": "delete-node",
      "node": {
        "label": "protected",
        "type": "Modifier"
      },
      "location-before-char-start": 0,
      "location-before-char-end": 0,
      "node-str": "protected"
    }
  ],
  "before-file": {},
  "after-file": {},
  "mapping": {}
}