{
  "tool-info": {},
  "diff": [
    {
      "type": "delete-node",
      "node": {
        "label": "public",
        "type": "Modifier"
      },
      "location-before-char-start": 0,
      "location-before-char-end": 0,
      "node-str": "public"
    },
    {
      "type": "delete-node",
      "node": {
        "label": "void",
        "type": "RETURN_TYPE"
      },
      "location-before-char-start": 0,
      "location-before-char-end": 0,
      "node-str": "void"
    },
    {
      "type": "delete-node",
      "node": {
        "label": "abstract",
        "type": "Modifier"
      },
      "location-before-char-start": 0,
      "location-before-char-end": 0,
      "node-str": "abstract"
    },
    {
      "type": "delete-node",
      "node": {
        "label": "public",
        "type": "Modifier"
      },
      "location-before-char-start": 0,
      "location-before-char-end": 0,
      "node-str": "public"
    },
    {
      "type": "delete-node",
      "node": {
        "label": "org.eclipse.ui.internal.activities.ActivityRegistryEvent",
        "type": "VARIABLE_TYPE"
      },
      "location-before-char-start": 0,
      "location-before-char-end": 0,
      "node-str": "org.eclipse.ui.internal.activities.ActivityRegistryEvent"
    },
    {
      "type": "delete-node",
      "node": {
        "label": "activityRegistryEvent",
        "type": "Parameter"
      },
      "location-before-char-start": 664,
      "location-before-char-end": 706,
      "node-str": "activityRegistryEvent"
    },
    {
      "type": "delete-node",
      "node": {
        "label": "activityRegistryChanged",
        "type": "Method"
      },
      "location-before-char-start": 635,
      "location-before-char-end": 708,
      "node-str": "activityRegistryChanged"
    },
    {
      "type": "delete-node",
      "node": {
        "label": "IActivityRegistryListener",
        "type": "Interface"
      },
      "location-before-char-start": 588,
      "location-before-char-end": 710,
      "node-str": "IActivityRegistryListener"
    }
  ],
  "before-file": {},
  "after-file": {},
  "mapping": {}
}