{
  "tool-info": {},
  "diff": [
    {
      "type": "insert-node",
      "node": {
        "label": "public",
        "type": "Modifier"
      },
      "location-after-char-start": 0,
      "location-after-char-end": 0,
      "node-str": "public"
    },
    {
      "type": "insert-node",
      "node": {
        "label": "window",
        "type": "Field"
      },
      "location-after-char-start": 1097,
      "location-after-char-end": 1127,
      "node-str": "window"
    },
    {
      "type": "insert-node",
      "node": {
        "label": "mapDescToRec",
        "type": "Field"
      },
      "location-after-char-start": 1134,
      "location-after-char-end": 1179,
      "node-str": "mapDescToRec"
    },
    {
      "type": "insert-node",
      "node": {
        "label": "invisibleBars",
        "type": "Field"
      },
      "location-after-char-start": 1186,
      "location-after-char-end": 1232,
      "node-str": "invisibleBars"
    },
    {
      "type": "insert-node",
      "node": {
        "label": "org.eclipse.ui.internal.WorkbenchWindow",
        "type": "VARIABLE_TYPE"
      },
      "location-after-char-start": 0,
      "location-after-char-end": 0,
      "node-str": "org.eclipse.ui.internal.WorkbenchWindow"
    },
    {
      "type": "insert-node",
      "node": {
        "label": "java.util.HashMap",
        "type": "VARIABLE_TYPE"
      },
      "location-after-char-start": 0,
      "location-after-char-end": 0,
      "node-str": "java.util.HashMap"
    },
    {
      "type": "insert-node",
      "node": {
        "label": "java.util.HashMap(int)",
        "type": "ConstructorCall"
      },
      "location-after-char-start": 1165,
      "location-after-char-end": 1178,
      "node-str": "java.util.HashMap(int)"
    },
    {
      "type": "insert-node",
      "node": {
        "label": "java.util.HashMap",
        "type": "VARIABLE_TYPE"
      },
      "location-after-char-start": 0,
      "location-after-char-end": 0,
      "node-str": "java.util.HashMap"
    },
    {
      "type": "insert-node",
      "node": {
        "label": "java.util.HashMap(int)",
        "type": "ConstructorCall"
      },
      "location-after-char-start": 1218,
      "location-after-char-end": 1231,
      "node-str": "java.util.HashMap(int)"
    },
    {
      "type": "insert-node",
      "node": {
        "label": "3",
        "type": "Literal"
      },
      "location-after-char-start": 1177,
      "location-after-char-end": 1177,
      "node-str": "3"
    },
    {
      "type": "insert-node",
      "node": {
        "label": "3",
        "type": "Literal"
      },
      "location-after-char-start": 1230,
      "location-after-char-end": 1230,
      "node-str": "3"
    },
    {
      "type": "insert-node",
      "node": {
        "label": "window",
        "type": "FieldRead"
      },
      "location-after-char-start": 4949,
      "location-after-char-end": 4954,
      "node-str": "window"
    },
    {
      "type": "insert-node",
      "node": {
        "label": "org.eclipse.ui.internal.ActionPresentation",
        "type": "TypeAccess"
      },
      "location-after-char-start": 0,
      "location-after-char-end": 0,
      "node-str": "org.eclipse.ui.internal.ActionPresentation"
    },
    {
      "type": "delete-node",
      "node": {
        "label": "public",
        "type": "Modifier"
      },
      "location-before-char-start": 0,
      "location-before-char-end": 0,
      "node-str": "public"
    },
    {
      "type": "delete-node",
      "node": {
        "label": "org.eclipse.ui.internal.WorkbenchWindow",
        "type": "VARIABLE_TYPE"
      },
      "location-before-char-start": 0,
      "location-before-char-end": 0,
      "node-str": "org.eclipse.ui.internal.WorkbenchWindow"
    },
    {
      "type": "delete-node",
      "node": {
        "label": "window",
        "type": "Field"
      },
      "location-before-char-start": 1097,
      "location-before-char-end": 1127,
      "node-str": "window"
    },
    {
      "type": "delete-node",
      "node": {
        "label": "java.util.HashMap",
        "type": "VARIABLE_TYPE"
      },
      "location-before-char-start": 0,
      "location-before-char-end": 0,
      "node-str": "java.util.HashMap"
    },
    {
      "type": "delete-node",
      "node": {
        "label": "3",
        "type": "Literal"
      },
      "location-before-char-start": 1177,
      "location-before-char-end": 1177,
      "node-str": "3"
    },
    {
      "type": "delete-node",
      "node": {
        "label": "java.util.HashMap(int)",
        "type": "ConstructorCall"
      },
      "location-before-char-start": 1165,
      "location-before-char-end": 1178,
      "node-str": "java.util.HashMap(int)"
    },
    {
      "type": "delete-node",
      "node": {
        "label": "mapDescToRec",
        "type": "Field"
      },
      "location-before-char-start": 1134,
      "location-before-char-end": 1179,
      "node-str": "mapDescToRec"
    },
    {
      "type": "delete-node",
      "node": {
        "label": "java.util.HashMap",
        "type": "VARIABLE_TYPE"
      },
      "location-before-char-start": 0,
      "location-before-char-end": 0,
      "node-str": "java.util.HashMap"
    },
    {
      "type": "delete-node",
      "node": {
        "label": "3",
        "type": "Literal"
      },
      "location-before-char-start": 1230,
      "location-before-char-end": 1230,
      "node-str": "3"
    },
    {
      "type": "delete-node",
      "node": {
        "label": "java.util.HashMap(int)",
        "type": "ConstructorCall"
      },
      "location-before-char-start": 1218,
      "location-before-char-end": 1231,
      "node-str": "java.util.HashMap(int)"
    },
    {
      "type": "delete-node",
      "node": {
        "label": "invisibleBars",
        "type": "Field"
      },
      "location-before-char-start": 1186,
      "location-before-char-end": 1232,
      "node-str": "invisibleBars"
    }
  ],
  "before-file": {},
  "after-file": {},
  "mapping": {}
}