{
  "tool-info": {},
  "diff": [
    {
      "type": "insert-node",
      "node": {
        "label": "public",
        "type": "Modifier"
      },
      "location-after-char-start": 0,
      "location-after-char-end": 0,
      "node-str": "public"
    },
    {
      "type": "insert-node",
      "node": {
        "label": "",
        "type": "TypeReference"
      },
      "location-after-char-start": 1737,
      "location-after-char-end": 1745,
      "node-str": ""
    },
    {
      "type": "insert-node",
      "node": {
        "label": "storeEntity",
        "type": "Method"
      },
      "location-after-char-start": 20511,
      "location-after-char-end": 20850,
      "node-str": "storeEntity"
    },
    {
      "type": "insert-node",
      "node": {
        "label": "invokeEjbStore",
        "type": "Method"
      },
      "location-after-char-start": 20856,
      "location-after-char-end": 21281,
      "node-str": "invokeEjbStore"
    },
    {
      "type": "insert-node",
      "node": {
        "label": "org.jboss.ejb.Container",
        "type": "SUPER_TYPE"
      },
      "location-after-char-start": 0,
      "location-after-char-end": 0,
      "node-str": "org.jboss.ejb.Container"
    },
    {
      "type": "insert-node",
      "node": {
        "label": "void",
        "type": "RETURN_TYPE"
      },
      "location-after-char-start": 0,
      "location-after-char-end": 0,
      "node-str": "void"
    },
    {
      "type": "insert-node",
      "node": {
        "label": "java.lang.Exception",
        "type": "THROWS"
      },
      "location-after-char-start": 0,
      "location-after-char-end": 0,
      "node-str": "java.lang.Exception"
    },
    {
      "type": "insert-node",
      "node": {
        "label": "public",
        "type": "Modifier"
      },
      "location-after-char-start": 0,
      "location-after-char-end": 0,
      "node-str": "public"
    },
    {
      "type": "insert-node",
      "node": {
        "label": "ctx",
        "type": "Parameter"
      },
      "location-after-char-start": 20592,
      "location-after-char-end": 20618,
      "node-str": "ctx"
    },
    {
      "type": "insert-node",
      "node": {
        "label": "if",
        "type": "If"
      },
      "location-after-char-start": 20649,
      "location-after-char-end": 20845,
      "node-str": "if"
    },
    {
      "type": "insert-node",
      "node": {
        "label": "void",
        "type": "RETURN_TYPE"
      },
      "location-after-char-start": 0,
      "location-after-char-end": 0,
      "node-str": "void"
    },
    {
      "type": "insert-node",
      "node": {
        "label": "java.lang.Exception",
        "type": "THROWS"
      },
      "location-after-char-start": 0,
      "location-after-char-end": 0,
      "node-str": "java.lang.Exception"
    },
    {
      "type": "insert-node",
      "node": {
        "label": "public",
        "type": "Modifier"
      },
      "location-after-char-start": 0,
      "location-after-char-end": 0,
      "node-str": "public"
    },
    {
      "type": "insert-node",
      "node": {
        "label": "ctx",
        "type": "Parameter"
      },
      "location-after-char-start": 21020,
      "location-after-char-end": 21046,
      "node-str": "ctx"
    },
    {
      "type": "insert-node",
      "node": {
        "label": "if",
        "type": "If"
      },
      "location-after-char-start": 21077,
      "location-after-char-end": 21276,
      "node-str": "if"
    },
    {
      "type": "insert-node",
      "node": {
        "label": "org.jboss.ejb.EntityEnterpriseContext",
        "type": "VARIABLE_TYPE"
      },
      "location-after-char-start": 0,
      "location-after-char-end": 0,
      "node-str": "org.jboss.ejb.EntityEnterpriseContext"
    },
    {
      "type": "move-subtree",
      "node": {
        "label": "NE",
        "type": "BinaryOperator"
      },
      "location-before-char-start": 20629,
      "location-before-char-end": 20647,
      "location-after-char-start": 20653,
      "location-after-char-end": 20671,
      "node-str": "NE"
    },
    {
      "type": "insert-node",
      "node": {
        "label": "THEN",
        "type": "then"
      },
      "location-after-char-start": 20680,
      "location-after-char-end": 20845,
      "node-str": "THEN"
    },
    {
      "type": "insert-node",
      "node": {
        "label": "org.jboss.ejb.EntityEnterpriseContext",
        "type": "VARIABLE_TYPE"
      },
      "location-after-char-start": 0,
      "location-after-char-end": 0,
      "node-str": "org.jboss.ejb.EntityEnterpriseContext"
    },
    {
      "type": "insert-node",
      "node": {
        "label": "NE",
        "type": "BinaryOperator"
      },
      "location-after-char-start": 21081,
      "location-after-char-end": 21099,
      "node-str": "NE"
    },
    {
      "type": "insert-node",
      "node": {
        "label": "THEN",
        "type": "then"
      },
      "location-after-char-start": 21108,
      "location-after-char-end": 21276,
      "node-str": "THEN"
    },
    {
      "type": "insert-node",
      "node": {
        "label": "pm",
        "type": "LocalVariable"
      },
      "location-after-char-start": 20691,
      "location-after-char-end": 20750,
      "node-str": "pm"
    },
    {
      "type": "insert-node",
      "node": {
        "label": "if",
        "type": "If"
      },
      "location-after-char-start": 20761,
      "location-after-char-end": 20837,
      "node-str": "if"
    },
    {
      "type": "insert-node",
      "node": {
        "label": "getId",
        "type": "Invocation"
      },
      "location-after-char-start": 21081,
      "location-after-char-end": 21091,
      "node-str": "getId"
    },
    {
      "type": "insert-node",
      "node": {
        "label": "null",
        "type": "Literal"
      },
      "location-after-char-start": 21096,
      "location-after-char-end": 21099,
      "node-str": "null"
    },
    {
      "type": "insert-node",
      "node": {
        "label": "pm",
        "type": "LocalVariable"
      },
      "location-after-char-start": 21119,
      "location-after-char-end": 21178,
      "node-str": "pm"
    },
    {
      "type": "insert-node",
      "node": {
        "label": "if",
        "type": "If"
      },
      "location-after-char-start": 21189,
      "location-after-char-end": 21268,
      "node-str": "if"
    },
    {
      "type": "insert-node",
      "node": {
        "label": "org.jboss.ejb.EntityPersistenceManager",
        "type": "VARIABLE_TYPE"
      },
      "location-after-char-start": 0,
      "location-after-char-end": 0,
      "node-str": "org.jboss.ejb.EntityPersistenceManager"
    },
    {
      "type": "insert-node",
      "node": {
        "label": "final",
        "type": "Modifier"
      },
      "location-after-char-start": 0,
      "location-after-char-end": 0,
      "node-str": "final"
    },
    {
      "type": "insert-node",
      "node": {
        "label": "getPersistenceManager",
        "type": "Invocation"
      },
      "location-after-char-start": 20727,
      "location-after-char-end": 20749,
      "node-str": "getPersistenceManager"
    },
    {
      "type": "insert-node",
      "node": {
        "label": "isModified",
        "type": "Invocation"
      },
      "location-after-char-start": 20764,
      "location-after-char-end": 20781,
      "node-str": "isModified"
    },
    {
      "type": "insert-node",
      "node": {
        "label": "THEN",
        "type": "then"
      },
      "location-after-char-start": 20793,
      "location-after-char-end": 20837,
      "node-str": "THEN"
    },
    {
      "type": "insert-node",
      "node": {
        "label": "ctx",
        "type": "VariableRead"
      },
      "location-after-char-start": 21081,
      "location-after-char-end": 21083,
      "node-str": "ctx"
    },
    {
      "type": "insert-node",
      "node": {
        "label": "org.jboss.ejb.EntityPersistenceManager",
        "type": "VARIABLE_TYPE"
      },
      "location-after-char-start": 0,
      "location-after-char-end": 0,
      "node-str": "org.jboss.ejb.EntityPersistenceManager"
    },
    {
      "type": "insert-node",
      "node": {
        "label": "final",
        "type": "Modifier"
      },
      "location-after-char-start": 0,
      "location-after-char-end": 0,
      "node-str": "final"
    },
    {
      "type": "insert-node",
      "node": {
        "label": "getPersistenceManager",
        "type": "Invocation"
      },
      "location-after-char-start": 21155,
      "location-after-char-end": 21177,
      "node-str": "getPersistenceManager"
    },
    {
      "type": "insert-node",
      "node": {
        "label": "isModified",
        "type": "Invocation"
      },
      "location-after-char-start": 21192,
      "location-after-char-end": 21209,
      "node-str": "isModified"
    },
    {
      "type": "insert-node",
      "node": {
        "label": "THEN",
        "type": "then"
      },
      "location-after-char-start": 21221,
      "location-after-char-end": 21268,
      "node-str": "THEN"
    },
    {
      "type": "insert-node",
      "node": {
        "label": "org.jboss.ejb.EntityContainer",
        "type": "TypeAccess"
      },
      "location-after-char-start": 0,
      "location-after-char-end": 0,
      "node-str": "org.jboss.ejb.EntityContainer"
    },
    {
      "type": "insert-node",
      "node": {
        "label": "pm",
        "type": "VariableRead"
      },
      "location-after-char-start": 20764,
      "location-after-char-end": 20765,
      "node-str": "pm"
    },
    {
      "type": "insert-node",
      "node": {
        "label": "ctx",
        "type": "VariableRead"
      },
      "location-after-char-start": 20778,
      "location-after-char-end": 20780,
      "node-str": "ctx"
    },
    {
      "type": "insert-node",
      "node": {
        "label": "storeEntity",
        "type": "Invocation"
      },
      "location-after-char-start": 20807,
      "location-after-char-end": 20826,
      "node-str": "storeEntity"
    },
    {
      "type": "insert-node",
      "node": {
        "label": "org.jboss.ejb.EntityContainer",
        "type": "TypeAccess"
      },
      "location-after-char-start": 0,
      "location-after-char-end": 0,
      "node-str": "org.jboss.ejb.EntityContainer"
    },
    {
      "type": "insert-node",
      "node": {
        "label": "pm",
        "type": "VariableRead"
      },
      "location-after-char-start": 21192,
      "location-after-char-end": 21193,
      "node-str": "pm"
    },
    {
      "type": "insert-node",
      "node": {
        "label": "ctx",
        "type": "VariableRead"
      },
      "location-after-char-start": 21206,
      "location-after-char-end": 21208,
      "node-str": "ctx"
    },
    {
      "type": "insert-node",
      "node": {
        "label": "invokeEjbStore",
        "type": "Invocation"
      },
      "location-after-char-start": 21235,
      "location-after-char-end": 21257,
      "node-str": "invokeEjbStore"
    },
    {
      "type": "insert-node",
      "node": {
        "label": "pm",
        "type": "VariableRead"
      },
      "location-after-char-start": 20807,
      "location-after-char-end": 20808,
      "node-str": "pm"
    },
    {
      "type": "insert-node",
      "node": {
        "label": "ctx",
        "type": "VariableRead"
      },
      "location-after-char-start": 20822,
      "location-after-char-end": 20824,
      "node-str": "ctx"
    },
    {
      "type": "insert-node",
      "node": {
        "label": "pm",
        "type": "VariableRead"
      },
      "location-after-char-start": 21235,
      "location-after-char-end": 21236,
      "node-str": "pm"
    },
    {
      "type": "insert-node",
      "node": {
        "label": "ctx",
        "type": "VariableRead"
      },
      "location-after-char-start": 21253,
      "location-after-char-end": 21255,
      "node-str": "ctx"
    },
    {
      "type": "delete-node",
      "node": {
        "label": "public",
        "type": "Modifier"
      },
      "location-before-char-start": 0,
      "location-before-char-end": 0,
      "node-str": "public"
    },
    {
      "type": "delete-node",
      "node": {
        "label": "org.jboss.ejb.Container",
        "type": "SUPER_TYPE"
      },
      "location-before-char-start": 0,
      "location-before-char-end": 0,
      "node-str": "org.jboss.ejb.Container"
    },
    {
      "type": "delete-node",
      "node": {
        "label": "",
        "type": "TypeReference"
      },
      "location-before-char-start": 1737,
      "location-before-char-end": 1745,
      "node-str": ""
    },
    {
      "type": "delete-node",
      "node": {
        "label": "void",
        "type": "RETURN_TYPE"
      },
      "location-before-char-start": 0,
      "location-before-char-end": 0,
      "node-str": "void"
    },
    {
      "type": "delete-node",
      "node": {
        "label": "java.lang.Exception",
        "type": "THROWS"
      },
      "location-before-char-start": 0,
      "location-before-char-end": 0,
      "node-str": "java.lang.Exception"
    },
    {
      "type": "delete-node",
      "node": {
        "label": "public",
        "type": "Modifier"
      },
      "location-before-char-start": 0,
      "location-before-char-end": 0,
      "node-str": "public"
    },
    {
      "type": "delete-node",
      "node": {
        "label": "org.jboss.ejb.EntityEnterpriseContext",
        "type": "VARIABLE_TYPE"
      },
      "location-before-char-start": 0,
      "location-before-char-end": 0,
      "node-str": "org.jboss.ejb.EntityEnterpriseContext"
    },
    {
      "type": "delete-node",
      "node": {
        "label": "ctx",
        "type": "Parameter"
      },
      "location-before-char-start": 20568,
      "location-before-char-end": 20594,
      "node-str": "ctx"
    },
    {
      "type": "delete-node",
      "node": {
        "label": "org.jboss.ejb.EntityContainer",
        "type": "TypeAccess"
      },
      "location-before-char-start": 0,
      "location-before-char-end": 0,
      "node-str": "org.jboss.ejb.EntityContainer"
    },
    {
      "type": "delete-node",
      "node": {
        "label": "getPersistenceManager",
        "type": "Invocation"
      },
      "location-before-char-start": 20670,
      "location-before-char-end": 20692,
      "node-str": "getPersistenceManager"
    },
    {
      "type": "delete-node",
      "node": {
        "label": "ctx",
        "type": "VariableRead"
      },
      "location-before-char-start": 20705,
      "location-before-char-end": 20707,
      "node-str": "ctx"
    },
    {
      "type": "delete-node",
      "node": {
        "label": "isModified",
        "type": "Invocation"
      },
      "location-before-char-start": 20670,
      "location-before-char-end": 20708,
      "node-str": "isModified"
    },
    {
      "type": "delete-node",
      "node": {
        "label": "org.jboss.ejb.EntityContainer",
        "type": "TypeAccess"
      },
      "location-before-char-start": 0,
      "location-before-char-end": 0,
      "node-str": "org.jboss.ejb.EntityContainer"
    },
    {
      "type": "delete-node",
      "node": {
        "label": "getPersistenceManager",
        "type": "Invocation"
      },
      "location-before-char-start": 20725,
      "location-before-char-end": 20747,
      "node-str": "getPersistenceManager"
    },
    {
      "type": "delete-node",
      "node": {
        "label": "ctx",
        "type": "VariableRead"
      },
      "location-before-char-start": 20761,
      "location-before-char-end": 20763,
      "node-str": "ctx"
    },
    {
      "type": "delete-node",
      "node": {
        "label": "storeEntity",
        "type": "Invocation"
      },
      "location-before-char-start": 20725,
      "location-before-char-end": 20765,
      "node-str": "storeEntity"
    },
    {
      "type": "delete-node",
      "node": {
        "label": "THEN",
        "type": "then"
      },
      "location-before-char-start": 20711,
      "location-before-char-end": 20776,
      "node-str": "THEN"
    },
    {
      "type": "delete-node",
      "node": {
        "label": "if",
        "type": "If"
      },
      "location-before-char-start": 20667,
      "location-before-char-end": 20776,
      "node-str": "if"
    },
    {
      "type": "delete-node",
      "node": {
        "label": "THEN",
        "type": "then"
      },
      "location-before-char-start": 20656,
      "location-before-char-end": 20784,
      "node-str": "THEN"
    },
    {
      "type": "delete-node",
      "node": {
        "label": "if",
        "type": "If"
      },
      "location-before-char-start": 20625,
      "location-before-char-end": 20784,
      "node-str": "if"
    },
    {
      "type": "delete-node",
      "node": {
        "label": "storeEntity",
        "type": "Method"
      },
      "location-before-char-start": 20511,
      "location-before-char-end": 20789,
      "node-str": "storeEntity"
    }
  ],
  "before-file": {},
  "after-file": {},
  "mapping": {}
}