{
  "tool-info": {},
  "diff": [
    {
      "type": "insert-node",
      "node": {
        "label": "RectangleFigure",
        "type": "Class"
      },
      "location-after-char-start": 550,
      "location-after-char-end": 2239,
      "node-str": "RectangleFigure"
    },
    {
      "type": "insert-node",
      "node": {
        "label": "public",
        "type": "Modifier"
      },
      "location-after-char-start": 0,
      "location-after-char-end": 0,
      "node-str": "public"
    },
    {
      "type": "move-subtree",
      "node": {
        "label": "",
        "type": "TypeReference"
      },
      "location-before-char-start": 649,
      "location-before-char-end": 663,
      "location-after-char-start": 653,
      "location-after-char-end": 667,
      "node-str": ""
    },
    {
      "type": "move-subtree",
      "node": {
        "label": "fDisplayBox",
        "type": "Field"
      },
      "location-before-char-start": 669,
      "location-before-char-end": 700,
      "location-after-char-start": 673,
      "location-after-char-end": 704,
      "node-str": "fDisplayBox"
    },
    {
      "type": "move-subtree",
      "node": {
        "label": "serialVersionUID",
        "type": "Field"
      },
      "location-before-char-start": 704,
      "location-before-char-end": 804,
      "location-after-char-start": 708,
      "location-after-char-end": 808,
      "node-str": "serialVersionUID"
    },
    {
      "type": "move-subtree",
      "node": {
        "label": "rectangleFigureSerializedDataVersion",
        "type": "Field"
      },
      "location-before-char-start": 807,
      "location-before-char-end": 859,
      "location-after-char-start": 811,
      "location-after-char-end": 863,
      "node-str": "rectangleFigureSerializedDataVersion"
    },
    {
      "type": "move-subtree",
      "node": {
        "label": "\u003cinit\u003e",
        "type": "Constructor"
      },
      "location-before-char-start": 863,
      "location-before-char-end": 931,
      "location-after-char-start": 867,
      "location-after-char-end": 935,
      "node-str": "\u003cinit\u003e"
    },
    {
      "type": "insert-node",
      "node": {
        "label": "\u003cinit\u003e",
        "type": "Constructor"
      },
      "location-after-char-start": 939,
      "location-after-char-end": 1027,
      "node-str": "\u003cinit\u003e"
    },
    {
      "type": "insert-node",
      "node": {
        "label": "basicDisplayBox",
        "type": "Method"
      },
      "location-after-char-start": 1031,
      "location-after-char-end": 1156,
      "node-str": "basicDisplayBox"
    },
    {
      "type": "insert-node",
      "node": {
        "label": "handles",
        "type": "Method"
      },
      "location-after-char-start": 1160,
      "location-after-char-end": 1340,
      "node-str": "handles"
    },
    {
      "type": "insert-node",
      "node": {
        "label": "displayBox",
        "type": "Method"
      },
      "location-after-char-start": 1344,
      "location-after-char-end": 1483,
      "node-str": "displayBox"
    },
    {
      "type": "insert-node",
      "node": {
        "label": "basicMoveBy",
        "type": "Method"
      },
      "location-after-char-start": 1487,
      "location-after-char-end": 1561,
      "node-str": "basicMoveBy"
    },
    {
      "type": "insert-node",
      "node": {
        "label": "drawBackground",
        "type": "Method"
      },
      "location-after-char-start": 1565,
      "location-after-char-end": 1680,
      "node-str": "drawBackground"
    },
    {
      "type": "insert-node",
      "node": {
        "label": "drawFrame",
        "type": "Method"
      },
      "location-after-char-start": 1684,
      "location-after-char-end": 1798,
      "node-str": "drawFrame"
    },
    {
      "type": "insert-node",
      "node": {
        "label": "write",
        "type": "Method"
      },
      "location-after-char-start": 1802,
      "location-after-char-end": 2057,
      "node-str": "write"
    },
    {
      "type": "move-subtree",
      "node": {
        "label": "read",
        "type": "Method"
      },
      "location-before-char-start": 2057,
      "location-before-char-end": 2232,
      "location-after-char-start": 2061,
      "location-after-char-end": 2236,
      "node-str": "read"
    },
    {
      "type": "insert-node",
      "node": {
        "label": "public",
        "type": "Modifier"
      },
      "location-after-char-start": 0,
      "location-after-char-end": 0,
      "node-str": "public"
    },
    {
      "type": "move-subtree",
      "node": {
        "label": "origin",
        "type": "Parameter"
      },
      "location-before-char-start": 958,
      "location-before-char-end": 969,
      "location-after-char-start": 962,
      "location-after-char-end": 973,
      "node-str": "origin"
    },
    {
      "type": "move-subtree",
      "node": {
        "label": "corner",
        "type": "Parameter"
      },
      "location-before-char-start": 972,
      "location-before-char-end": 983,
      "location-after-char-start": 976,
      "location-after-char-end": 987,
      "node-str": "corner"
    },
    {
      "type": "insert-node",
      "node": {
        "label": "basicDisplayBox",
        "type": "Invocation"
      },
      "location-after-char-start": 994,
      "location-after-char-end": 1024,
      "node-str": "basicDisplayBox"
    },
    {
      "type": "insert-node",
      "node": {
        "label": "void",
        "type": "RETURN_TYPE"
      },
      "location-after-char-start": 0,
      "location-after-char-end": 0,
      "node-str": "void"
    },
    {
      "type": "insert-node",
      "node": {
        "label": "public",
        "type": "Modifier"
      },
      "location-after-char-start": 0,
      "location-after-char-end": 0,
      "node-str": "public"
    },
    {
      "type": "move-subtree",
      "node": {
        "label": "origin",
        "type": "Parameter"
      },
      "location-before-char-start": 1055,
      "location-before-char-end": 1066,
      "location-after-char-start": 1059,
      "location-after-char-end": 1070,
      "node-str": "origin"
    },
    {
      "type": "move-subtree",
      "node": {
        "label": "corner",
        "type": "Parameter"
      },
      "location-before-char-start": 1069,
      "location-before-char-end": 1080,
      "location-after-char-start": 1073,
      "location-after-char-end": 1084,
      "node-str": "corner"
    },
    {
      "type": "insert-node",
      "node": {
        "label": "\u003d",
        "type": "Assignment"
      },
      "location-after-char-start": 1091,
      "location-after-char-end": 1126,
      "node-str": "\u003d"
    },
    {
      "type": "insert-node",
      "node": {
        "label": "add",
        "type": "Invocation"
      },
      "location-after-char-start": 1130,
      "location-after-char-end": 1153,
      "node-str": "add"
    },
    {
      "type": "insert-node",
      "node": {
        "label": "org.jhotdraw.framework.HandleEnumeration",
        "type": "RETURN_TYPE"
      },
      "location-after-char-start": 0,
      "location-after-char-end": 0,
      "node-str": "org.jhotdraw.framework.HandleEnumeration"
    },
    {
      "type": "insert-node",
      "node": {
        "label": "public",
        "type": "Modifier"
      },
      "location-after-char-start": 0,
      "location-after-char-end": 0,
      "node-str": "public"
    },
    {
      "type": "move-subtree",
      "node": {
        "label": "handles",
        "type": "LocalVariable"
      },
      "location-before-char-start": 1195,
      "location-before-char-end": 1251,
      "location-after-char-start": 1199,
      "location-after-char-end": 1255,
      "node-str": "handles"
    },
    {
      "type": "insert-node",
      "node": {
        "label": "addHandles",
        "type": "Invocation"
      },
      "location-after-char-start": 1259,
      "location-after-char-end": 1297,
      "node-str": "addHandles"
    },
    {
      "type": "move-subtree",
      "node": {
        "label": "return",
        "type": "Return"
      },
      "location-before-char-start": 1297,
      "location-before-char-end": 1333,
      "location-after-char-start": 1301,
      "location-after-char-end": 1337,
      "node-str": "return"
    },
    {
      "type": "insert-node",
      "node": {
        "label": "java.awt.Rectangle",
        "type": "RETURN_TYPE"
      },
      "location-after-char-start": 0,
      "location-after-char-end": 0,
      "node-str": "java.awt.Rectangle"
    },
    {
      "type": "insert-node",
      "node": {
        "label": "public",
        "type": "Modifier"
      },
      "location-after-char-start": 0,
      "location-after-char-end": 0,
      "node-str": "public"
    },
    {
      "type": "insert-node",
      "node": {
        "label": "return",
        "type": "Return"
      },
      "location-after-char-start": 1378,
      "location-after-char-end": 1480,
      "node-str": "return"
    },
    {
      "type": "insert-node",
      "node": {
        "label": "void",
        "type": "RETURN_TYPE"
      },
      "location-after-char-start": 0,
      "location-after-char-end": 0,
      "node-str": "void"
    },
    {
      "type": "insert-node",
      "node": {
        "label": "protected",
        "type": "Modifier"
      },
      "location-after-char-start": 0,
      "location-after-char-end": 0,
      "node-str": "protected"
    },
    {
      "type": "move-subtree",
      "node": {
        "label": "x",
        "type": "Parameter"
      },
      "location-before-char-start": 1510,
      "location-before-char-end": 1514,
      "location-after-char-start": 1514,
      "location-after-char-end": 1518,
      "node-str": "x"
    },
    {
      "type": "move-subtree",
      "node": {
        "label": "y",
        "type": "Parameter"
      },
      "location-before-char-start": 1517,
      "location-before-char-end": 1521,
      "location-after-char-start": 1521,
      "location-after-char-end": 1525,
      "node-str": "y"
    },
    {
      "type": "insert-node",
      "node": {
        "label": "translate",
        "type": "Invocation"
      },
      "location-after-char-start": 1532,
      "location-after-char-end": 1558,
      "node-str": "translate"
    },
    {
      "type": "insert-node",
      "node": {
        "label": "void",
        "type": "RETURN_TYPE"
      },
      "location-after-char-start": 0,
      "location-after-char-end": 0,
      "node-str": "void"
    },
    {
      "type": "insert-node",
      "node": {
        "label": "public",
        "type": "Modifier"
      },
      "location-after-char-start": 0,
      "location-after-char-end": 0,
      "node-str": "public"
    },
    {
      "type": "move-subtree",
      "node": {
        "label": "g",
        "type": "Parameter"
      },
      "location-before-char-start": 1588,
      "location-before-char-end": 1597,
      "location-after-char-start": 1592,
      "location-after-char-end": 1601,
      "node-str": "g"
    },
    {
      "type": "insert-node",
      "node": {
        "label": "r",
        "type": "LocalVariable"
      },
      "location-after-char-start": 1608,
      "location-after-char-end": 1634,
      "node-str": "r"
    },
    {
      "type": "move-subtree",
      "node": {
        "label": "fillRect",
        "type": "Invocation"
      },
      "location-before-char-start": 1634,
      "location-before-char-end": 1673,
      "location-after-char-start": 1638,
      "location-after-char-end": 1677,
      "node-str": "fillRect"
    },
    {
      "type": "insert-node",
      "node": {
        "label": "void",
        "type": "RETURN_TYPE"
      },
      "location-after-char-start": 0,
      "location-after-char-end": 0,
      "node-str": "void"
    },
    {
      "type": "insert-node",
      "node": {
        "label": "public",
        "type": "Modifier"
      },
      "location-after-char-start": 0,
      "location-after-char-end": 0,
      "node-str": "public"
    },
    {
      "type": "move-subtree",
      "node": {
        "label": "g",
        "type": "Parameter"
      },
      "location-before-char-start": 1702,
      "location-before-char-end": 1711,
      "location-after-char-start": 1706,
      "location-after-char-end": 1715,
      "node-str": "g"
    },
    {
      "type": "insert-node",
      "node": {
        "label": "r",
        "type": "LocalVariable"
      },
      "location-after-char-start": 1722,
      "location-after-char-end": 1748,
      "node-str": "r"
    },
    {
      "type": "move-subtree",
      "node": {
        "label": "drawRect",
        "type": "Invocation"
      },
      "location-before-char-start": 1748,
      "location-before-char-end": 1791,
      "location-after-char-start": 1752,
      "location-after-char-end": 1795,
      "node-str": "drawRect"
    },
    {
      "type": "insert-node",
      "node": {
        "label": "void",
        "type": "RETURN_TYPE"
      },
      "location-after-char-start": 0,
      "location-after-char-end": 0,
      "node-str": "void"
    },
    {
      "type": "insert-node",
      "node": {
        "label": "public",
        "type": "Modifier"
      },
      "location-after-char-start": 0,
      "location-after-char-end": 0,
      "node-str": "public"
    },
    {
      "type": "move-subtree",
      "node": {
        "label": "dw",
        "type": "Parameter"
      },
      "location-before-char-start": 1883,
      "location-before-char-end": 1899,
      "location-after-char-start": 1887,
      "location-after-char-end": 1903,
      "node-str": "dw"
    },
    {
      "type": "move-subtree",
      "node": {
        "label": "write",
        "type": "Invocation"
      },
      "location-before-char-start": 1906,
      "location-before-char-end": 1921,
      "location-after-char-start": 1910,
      "location-after-char-end": 1925,
      "node-str": "write"
    },
    {
      "type": "insert-node",
      "node": {
        "label": "writeInt",
        "type": "Invocation"
      },
      "location-after-char-start": 1929,
      "location-after-char-end": 1955,
      "node-str": "writeInt"
    },
    {
      "type": "insert-node",
      "node": {
        "label": "writeInt",
        "type": "Invocation"
      },
      "location-after-char-start": 1959,
      "location-after-char-end": 1985,
      "node-str": "writeInt"
    },
    {
      "type": "insert-node",
      "node": {
        "label": "writeInt",
        "type": "Invocation"
      },
      "location-after-char-start": 1989,
      "location-after-char-end": 2019,
      "node-str": "writeInt"
    },
    {
      "type": "insert-node",
      "node": {
        "label": "writeInt",
        "type": "Invocation"
      },
      "location-after-char-start": 2023,
      "location-after-char-end": 2054,
      "node-str": "writeInt"
    },
    {
      "type": "insert-node",
      "node": {
        "label": "org.jhotdraw.figures.RectangleFigure",
        "type": "TypeAccess"
      },
      "location-after-char-start": 0,
      "location-after-char-end": 0,
      "node-str": "org.jhotdraw.figures.RectangleFigure"
    },
    {
      "type": "insert-node",
      "node": {
        "label": "origin",
        "type": "VariableRead"
      },
      "location-after-char-start": 1010,
      "location-after-char-end": 1015,
      "node-str": "origin"
    },
    {
      "type": "insert-node",
      "node": {
        "label": "corner",
        "type": "VariableRead"
      },
      "location-after-char-start": 1017,
      "location-after-char-end": 1022,
      "node-str": "corner"
    },
    {
      "type": "insert-node",
      "node": {
        "label": "fDisplayBox",
        "type": "FieldWrite"
      },
      "location-after-char-start": 1091,
      "location-after-char-end": 1101,
      "node-str": "fDisplayBox"
    },
    {
      "type": "move-subtree",
      "node": {
        "label": "java.awt.Rectangle(java.awt.Point)",
        "type": "ConstructorCall"
      },
      "location-before-char-start": 1101,
      "location-before-char-end": 1121,
      "location-after-char-start": 1105,
      "location-after-char-end": 1125,
      "node-str": "java.awt.Rectangle(java.awt.Point)"
    },
    {
      "type": "insert-node",
      "node": {
        "label": "fDisplayBox",
        "type": "FieldRead"
      },
      "location-after-char-start": 1130,
      "location-after-char-end": 1140,
      "node-str": "fDisplayBox"
    },
    {
      "type": "insert-node",
      "node": {
        "label": "corner",
        "type": "VariableRead"
      },
      "location-after-char-start": 1146,
      "location-after-char-end": 1151,
      "node-str": "corner"
    },
    {
      "type": "insert-node",
      "node": {
        "label": "BoxHandleKit",
        "type": "TypeAccess"
      },
      "location-after-char-start": 1259,
      "location-after-char-end": 1270,
      "node-str": "BoxHandleKit"
    },
    {
      "type": "insert-node",
      "node": {
        "label": "this",
        "type": "ThisAccess"
      },
      "location-after-char-start": 1283,
      "location-after-char-end": 1286,
      "node-str": "this"
    },
    {
      "type": "insert-node",
      "node": {
        "label": "handles",
        "type": "VariableRead"
      },
      "location-after-char-start": 1289,
      "location-after-char-end": 1295,
      "node-str": "handles"
    },
    {
      "type": "insert-node",
      "node": {
        "label": "java.awt.Rectangle(int,int,int,int)",
        "type": "ConstructorCall"
      },
      "location-after-char-start": 1385,
      "location-after-char-end": 1479,
      "node-str": "java.awt.Rectangle(int,int,int,int)"
    },
    {
      "type": "insert-node",
      "node": {
        "label": "fDisplayBox",
        "type": "FieldRead"
      },
      "location-after-char-start": 1532,
      "location-after-char-end": 1542,
      "node-str": "fDisplayBox"
    },
    {
      "type": "insert-node",
      "node": {
        "label": "x",
        "type": "VariableRead"
      },
      "location-after-char-start": 1554,
      "location-after-char-end": 1554,
      "node-str": "x"
    },
    {
      "type": "insert-node",
      "node": {
        "label": "y",
        "type": "VariableRead"
      },
      "location-after-char-start": 1556,
      "location-after-char-end": 1556,
      "node-str": "y"
    },
    {
      "type": "insert-node",
      "node": {
        "label": "java.awt.Rectangle",
        "type": "VARIABLE_TYPE"
      },
      "location-after-char-start": 0,
      "location-after-char-end": 0,
      "node-str": "java.awt.Rectangle"
    },
    {
      "type": "insert-node",
      "node": {
        "label": "displayBox",
        "type": "Invocation"
      },
      "location-after-char-start": 1622,
      "location-after-char-end": 1633,
      "node-str": "displayBox"
    },
    {
      "type": "insert-node",
      "node": {
        "label": "java.awt.Rectangle",
        "type": "VARIABLE_TYPE"
      },
      "location-after-char-start": 0,
      "location-after-char-end": 0,
      "node-str": "java.awt.Rectangle"
    },
    {
      "type": "insert-node",
      "node": {
        "label": "displayBox",
        "type": "Invocation"
      },
      "location-after-char-start": 1736,
      "location-after-char-end": 1747,
      "node-str": "displayBox"
    },
    {
      "type": "insert-node",
      "node": {
        "label": "dw",
        "type": "VariableRead"
      },
      "location-after-char-start": 1929,
      "location-after-char-end": 1930,
      "node-str": "dw"
    },
    {
      "type": "insert-node",
      "node": {
        "label": "x",
        "type": "FieldRead"
      },
      "location-after-char-start": 1941,
      "location-after-char-end": 1953,
      "node-str": "x"
    },
    {
      "type": "insert-node",
      "node": {
        "label": "dw",
        "type": "VariableRead"
      },
      "location-after-char-start": 1959,
      "location-after-char-end": 1960,
      "node-str": "dw"
    },
    {
      "type": "insert-node",
      "node": {
        "label": "y",
        "type": "FieldRead"
      },
      "location-after-char-start": 1971,
      "location-after-char-end": 1983,
      "node-str": "y"
    },
    {
      "type": "insert-node",
      "node": {
        "label": "dw",
        "type": "VariableRead"
      },
      "location-after-char-start": 1989,
      "location-after-char-end": 1990,
      "node-str": "dw"
    },
    {
      "type": "insert-node",
      "node": {
        "label": "width",
        "type": "FieldRead"
      },
      "location-after-char-start": 2001,
      "location-after-char-end": 2017,
      "node-str": "width"
    },
    {
      "type": "insert-node",
      "node": {
        "label": "dw",
        "type": "VariableRead"
      },
      "location-after-char-start": 2023,
      "location-after-char-end": 2024,
      "node-str": "dw"
    },
    {
      "type": "insert-node",
      "node": {
        "label": "height",
        "type": "FieldRead"
      },
      "location-after-char-start": 2035,
      "location-after-char-end": 2052,
      "node-str": "height"
    },
    {
      "type": "insert-node",
      "node": {
        "label": "org.jhotdraw.figures.RectangleFigure",
        "type": "TypeAccess"
      },
      "location-after-char-start": 0,
      "location-after-char-end": 0,
      "node-str": "org.jhotdraw.figures.RectangleFigure"
    },
    {
      "type": "insert-node",
      "node": {
        "label": "org.jhotdraw.figures.RectangleFigure",
        "type": "TypeAccess"
      },
      "location-after-char-start": 0,
      "location-after-char-end": 0,
      "node-str": "org.jhotdraw.figures.RectangleFigure"
    },
    {
      "type": "insert-node",
      "node": {
        "label": "org.jhotdraw.figures.RectangleFigure",
        "type": "TypeAccess"
      },
      "location-after-char-start": 0,
      "location-after-char-end": 0,
      "node-str": "org.jhotdraw.figures.RectangleFigure"
    },
    {
      "type": "insert-node",
      "node": {
        "label": "x",
        "type": "FieldRead"
      },
      "location-after-char-start": 1403,
      "location-after-char-end": 1415,
      "node-str": "x"
    },
    {
      "type": "insert-node",
      "node": {
        "label": "y",
        "type": "FieldRead"
      },
      "location-after-char-start": 1421,
      "location-after-char-end": 1433,
      "node-str": "y"
    },
    {
      "type": "insert-node",
      "node": {
        "label": "width",
        "type": "FieldRead"
      },
      "location-after-char-start": 1439,
      "location-after-char-end": 1455,
      "node-str": "width"
    },
    {
      "type": "insert-node",
      "node": {
        "label": "height",
        "type": "FieldRead"
      },
      "location-after-char-start": 1461,
      "location-after-char-end": 1478,
      "node-str": "height"
    },
    {
      "type": "insert-node",
      "node": {
        "label": "org.jhotdraw.figures.RectangleFigure",
        "type": "TypeAccess"
      },
      "location-after-char-start": 0,
      "location-after-char-end": 0,
      "node-str": "org.jhotdraw.figures.RectangleFigure"
    },
    {
      "type": "insert-node",
      "node": {
        "label": "org.jhotdraw.figures.RectangleFigure",
        "type": "TypeAccess"
      },
      "location-after-char-start": 0,
      "location-after-char-end": 0,
      "node-str": "org.jhotdraw.figures.RectangleFigure"
    },
    {
      "type": "insert-node",
      "node": {
        "label": "org.jhotdraw.figures.RectangleFigure",
        "type": "TypeAccess"
      },
      "location-after-char-start": 0,
      "location-after-char-end": 0,
      "node-str": "org.jhotdraw.figures.RectangleFigure"
    },
    {
      "type": "insert-node",
      "node": {
        "label": "fDisplayBox",
        "type": "FieldRead"
      },
      "location-after-char-start": 1941,
      "location-after-char-end": 1951,
      "node-str": "fDisplayBox"
    },
    {
      "type": "insert-node",
      "node": {
        "label": "fDisplayBox",
        "type": "FieldRead"
      },
      "location-after-char-start": 1971,
      "location-after-char-end": 1981,
      "node-str": "fDisplayBox"
    },
    {
      "type": "insert-node",
      "node": {
        "label": "fDisplayBox",
        "type": "FieldRead"
      },
      "location-after-char-start": 2001,
      "location-after-char-end": 2011,
      "node-str": "fDisplayBox"
    },
    {
      "type": "insert-node",
      "node": {
        "label": "fDisplayBox",
        "type": "FieldRead"
      },
      "location-after-char-start": 2035,
      "location-after-char-end": 2045,
      "node-str": "fDisplayBox"
    },
    {
      "type": "update-node",
      "node": {
        "label": "CH.ifa.draw.figures.RectangleFigure",
        "type": "TypeAccess"
      },
      "location-before-char-start": 0,
      "location-before-char-end": 0,
      "location-after-char-start": 0,
      "location-after-char-end": 0,
      "node-str": "org.jhotdraw.figures.RectangleFigure"
    },
    {
      "type": "insert-node",
      "node": {
        "label": "fDisplayBox",
        "type": "FieldRead"
      },
      "location-after-char-start": 1403,
      "location-after-char-end": 1413,
      "node-str": "fDisplayBox"
    },
    {
      "type": "insert-node",
      "node": {
        "label": "fDisplayBox",
        "type": "FieldRead"
      },
      "location-after-char-start": 1421,
      "location-after-char-end": 1431,
      "node-str": "fDisplayBox"
    },
    {
      "type": "insert-node",
      "node": {
        "label": "fDisplayBox",
        "type": "FieldRead"
      },
      "location-after-char-start": 1439,
      "location-after-char-end": 1449,
      "node-str": "fDisplayBox"
    },
    {
      "type": "insert-node",
      "node": {
        "label": "fDisplayBox",
        "type": "FieldRead"
      },
      "location-after-char-start": 1461,
      "location-after-char-end": 1471,
      "node-str": "fDisplayBox"
    },
    {
      "type": "insert-node",
      "node": {
        "label": "org.jhotdraw.figures.RectangleFigure",
        "type": "TypeAccess"
      },
      "location-after-char-start": 0,
      "location-after-char-end": 0,
      "node-str": "org.jhotdraw.figures.RectangleFigure"
    },
    {
      "type": "insert-node",
      "node": {
        "label": "org.jhotdraw.figures.RectangleFigure",
        "type": "TypeAccess"
      },
      "location-after-char-start": 0,
      "location-after-char-end": 0,
      "node-str": "org.jhotdraw.figures.RectangleFigure"
    },
    {
      "type": "insert-node",
      "node": {
        "label": "org.jhotdraw.figures.RectangleFigure",
        "type": "TypeAccess"
      },
      "location-after-char-start": 0,
      "location-after-char-end": 0,
      "node-str": "org.jhotdraw.figures.RectangleFigure"
    },
    {
      "type": "insert-node",
      "node": {
        "label": "org.jhotdraw.figures.RectangleFigure",
        "type": "TypeAccess"
      },
      "location-after-char-start": 0,
      "location-after-char-end": 0,
      "node-str": "org.jhotdraw.figures.RectangleFigure"
    },
    {
      "type": "insert-node",
      "node": {
        "label": "org.jhotdraw.figures.RectangleFigure",
        "type": "TypeAccess"
      },
      "location-after-char-start": 0,
      "location-after-char-end": 0,
      "node-str": "org.jhotdraw.figures.RectangleFigure"
    },
    {
      "type": "insert-node",
      "node": {
        "label": "org.jhotdraw.figures.RectangleFigure",
        "type": "TypeAccess"
      },
      "location-after-char-start": 0,
      "location-after-char-end": 0,
      "node-str": "org.jhotdraw.figures.RectangleFigure"
    },
    {
      "type": "insert-node",
      "node": {
        "label": "org.jhotdraw.figures.RectangleFigure",
        "type": "TypeAccess"
      },
      "location-after-char-start": 0,
      "location-after-char-end": 0,
      "node-str": "org.jhotdraw.figures.RectangleFigure"
    },
    {
      "type": "insert-node",
      "node": {
        "label": "org.jhotdraw.figures.RectangleFigure",
        "type": "TypeAccess"
      },
      "location-after-char-start": 0,
      "location-after-char-end": 0,
      "node-str": "org.jhotdraw.figures.RectangleFigure"
    },
    {
      "type": "delete-node",
      "node": {
        "label": "public",
        "type": "Modifier"
      },
      "location-before-char-start": 0,
      "location-before-char-end": 0,
      "node-str": "public"
    },
    {
      "type": "delete-node",
      "node": {
        "label": "public",
        "type": "Modifier"
      },
      "location-before-char-start": 0,
      "location-before-char-end": 0,
      "node-str": "public"
    },
    {
      "type": "delete-node",
      "node": {
        "label": "CH.ifa.draw.figures.RectangleFigure",
        "type": "TypeAccess"
      },
      "location-before-char-start": 0,
      "location-before-char-end": 0,
      "node-str": "CH.ifa.draw.figures.RectangleFigure"
    },
    {
      "type": "delete-node",
      "node": {
        "label": "origin",
        "type": "VariableRead"
      },
      "location-before-char-start": 1006,
      "location-before-char-end": 1011,
      "node-str": "origin"
    },
    {
      "type": "delete-node",
      "node": {
        "label": "corner",
        "type": "VariableRead"
      },
      "location-before-char-start": 1013,
      "location-before-char-end": 1018,
      "node-str": "corner"
    },
    {
      "type": "delete-node",
      "node": {
        "label": "basicDisplayBox",
        "type": "Invocation"
      },
      "location-before-char-start": 990,
      "location-before-char-end": 1020,
      "node-str": "basicDisplayBox"
    },
    {
      "type": "delete-node",
      "node": {
        "label": "\u003cinit\u003e",
        "type": "Constructor"
      },
      "location-before-char-start": 935,
      "location-before-char-end": 1023,
      "node-str": "\u003cinit\u003e"
    },
    {
      "type": "delete-node",
      "node": {
        "label": "void",
        "type": "RETURN_TYPE"
      },
      "location-before-char-start": 0,
      "location-before-char-end": 0,
      "node-str": "void"
    },
    {
      "type": "delete-node",
      "node": {
        "label": "public",
        "type": "Modifier"
      },
      "location-before-char-start": 0,
      "location-before-char-end": 0,
      "node-str": "public"
    },
    {
      "type": "delete-node",
      "node": {
        "label": "CH.ifa.draw.figures.RectangleFigure",
        "type": "TypeAccess"
      },
      "location-before-char-start": 0,
      "location-before-char-end": 0,
      "node-str": "CH.ifa.draw.figures.RectangleFigure"
    },
    {
      "type": "delete-node",
      "node": {
        "label": "fDisplayBox",
        "type": "FieldWrite"
      },
      "location-before-char-start": 1087,
      "location-before-char-end": 1097,
      "node-str": "fDisplayBox"
    },
    {
      "type": "delete-node",
      "node": {
        "label": "\u003d",
        "type": "Assignment"
      },
      "location-before-char-start": 1087,
      "location-before-char-end": 1122,
      "node-str": "\u003d"
    },
    {
      "type": "delete-node",
      "node": {
        "label": "CH.ifa.draw.figures.RectangleFigure",
        "type": "TypeAccess"
      },
      "location-before-char-start": 0,
      "location-before-char-end": 0,
      "node-str": "CH.ifa.draw.figures.RectangleFigure"
    },
    {
      "type": "delete-node",
      "node": {
        "label": "fDisplayBox",
        "type": "FieldRead"
      },
      "location-before-char-start": 1126,
      "location-before-char-end": 1136,
      "node-str": "fDisplayBox"
    },
    {
      "type": "delete-node",
      "node": {
        "label": "corner",
        "type": "VariableRead"
      },
      "location-before-char-start": 1142,
      "location-before-char-end": 1147,
      "node-str": "corner"
    },
    {
      "type": "delete-node",
      "node": {
        "label": "add",
        "type": "Invocation"
      },
      "location-before-char-start": 1126,
      "location-before-char-end": 1149,
      "node-str": "add"
    },
    {
      "type": "delete-node",
      "node": {
        "label": "basicDisplayBox",
        "type": "Method"
      },
      "location-before-char-start": 1027,
      "location-before-char-end": 1152,
      "node-str": "basicDisplayBox"
    },
    {
      "type": "delete-node",
      "node": {
        "label": "CH.ifa.draw.framework.HandleEnumeration",
        "type": "RETURN_TYPE"
      },
      "location-before-char-start": 0,
      "location-before-char-end": 0,
      "node-str": "CH.ifa.draw.framework.HandleEnumeration"
    },
    {
      "type": "delete-node",
      "node": {
        "label": "public",
        "type": "Modifier"
      },
      "location-before-char-start": 0,
      "location-before-char-end": 0,
      "node-str": "public"
    },
    {
      "type": "delete-node",
      "node": {
        "label": "BoxHandleKit",
        "type": "TypeAccess"
      },
      "location-before-char-start": 1255,
      "location-before-char-end": 1266,
      "node-str": "BoxHandleKit"
    },
    {
      "type": "delete-node",
      "node": {
        "label": "CH.ifa.draw.figures.RectangleFigure",
        "type": "TypeAccess"
      },
      "location-before-char-start": 0,
      "location-before-char-end": 0,
      "node-str": "CH.ifa.draw.figures.RectangleFigure"
    },
    {
      "type": "delete-node",
      "node": {
        "label": "this",
        "type": "ThisAccess"
      },
      "location-before-char-start": 1279,
      "location-before-char-end": 1282,
      "node-str": "this"
    },
    {
      "type": "delete-node",
      "node": {
        "label": "handles",
        "type": "VariableRead"
      },
      "location-before-char-start": 1285,
      "location-before-char-end": 1291,
      "node-str": "handles"
    },
    {
      "type": "delete-node",
      "node": {
        "label": "addHandles",
        "type": "Invocation"
      },
      "location-before-char-start": 1255,
      "location-before-char-end": 1293,
      "node-str": "addHandles"
    },
    {
      "type": "delete-node",
      "node": {
        "label": "handles",
        "type": "Method"
      },
      "location-before-char-start": 1156,
      "location-before-char-end": 1336,
      "node-str": "handles"
    },
    {
      "type": "delete-node",
      "node": {
        "label": "java.awt.Rectangle",
        "type": "RETURN_TYPE"
      },
      "location-before-char-start": 0,
      "location-before-char-end": 0,
      "node-str": "java.awt.Rectangle"
    },
    {
      "type": "delete-node",
      "node": {
        "label": "public",
        "type": "Modifier"
      },
      "location-before-char-start": 0,
      "location-before-char-end": 0,
      "node-str": "public"
    },
    {
      "type": "delete-node",
      "node": {
        "label": "CH.ifa.draw.figures.RectangleFigure",
        "type": "TypeAccess"
      },
      "location-before-char-start": 0,
      "location-before-char-end": 0,
      "node-str": "CH.ifa.draw.figures.RectangleFigure"
    },
    {
      "type": "delete-node",
      "node": {
        "label": "fDisplayBox",
        "type": "FieldRead"
      },
      "location-before-char-start": 1399,
      "location-before-char-end": 1409,
      "node-str": "fDisplayBox"
    },
    {
      "type": "delete-node",
      "node": {
        "label": "x",
        "type": "FieldRead"
      },
      "location-before-char-start": 1399,
      "location-before-char-end": 1411,
      "node-str": "x"
    },
    {
      "type": "delete-node",
      "node": {
        "label": "CH.ifa.draw.figures.RectangleFigure",
        "type": "TypeAccess"
      },
      "location-before-char-start": 0,
      "location-before-char-end": 0,
      "node-str": "CH.ifa.draw.figures.RectangleFigure"
    },
    {
      "type": "delete-node",
      "node": {
        "label": "fDisplayBox",
        "type": "FieldRead"
      },
      "location-before-char-start": 1417,
      "location-before-char-end": 1427,
      "node-str": "fDisplayBox"
    },
    {
      "type": "delete-node",
      "node": {
        "label": "y",
        "type": "FieldRead"
      },
      "location-before-char-start": 1417,
      "location-before-char-end": 1429,
      "node-str": "y"
    },
    {
      "type": "delete-node",
      "node": {
        "label": "CH.ifa.draw.figures.RectangleFigure",
        "type": "TypeAccess"
      },
      "location-before-char-start": 0,
      "location-before-char-end": 0,
      "node-str": "CH.ifa.draw.figures.RectangleFigure"
    },
    {
      "type": "delete-node",
      "node": {
        "label": "fDisplayBox",
        "type": "FieldRead"
      },
      "location-before-char-start": 1435,
      "location-before-char-end": 1445,
      "node-str": "fDisplayBox"
    },
    {
      "type": "delete-node",
      "node": {
        "label": "width",
        "type": "FieldRead"
      },
      "location-before-char-start": 1435,
      "location-before-char-end": 1451,
      "node-str": "width"
    },
    {
      "type": "delete-node",
      "node": {
        "label": "CH.ifa.draw.figures.RectangleFigure",
        "type": "TypeAccess"
      },
      "location-before-char-start": 0,
      "location-before-char-end": 0,
      "node-str": "CH.ifa.draw.figures.RectangleFigure"
    },
    {
      "type": "delete-node",
      "node": {
        "label": "fDisplayBox",
        "type": "FieldRead"
      },
      "location-before-char-start": 1457,
      "location-before-char-end": 1467,
      "node-str": "fDisplayBox"
    },
    {
      "type": "delete-node",
      "node": {
        "label": "height",
        "type": "FieldRead"
      },
      "location-before-char-start": 1457,
      "location-before-char-end": 1474,
      "node-str": "height"
    },
    {
      "type": "delete-node",
      "node": {
        "label": "java.awt.Rectangle(int,int,int,int)",
        "type": "ConstructorCall"
      },
      "location-before-char-start": 1381,
      "location-before-char-end": 1475,
      "node-str": "java.awt.Rectangle(int,int,int,int)"
    },
    {
      "type": "delete-node",
      "node": {
        "label": "return",
        "type": "Return"
      },
      "location-before-char-start": 1374,
      "location-before-char-end": 1476,
      "node-str": "return"
    },
    {
      "type": "delete-node",
      "node": {
        "label": "displayBox",
        "type": "Method"
      },
      "location-before-char-start": 1340,
      "location-before-char-end": 1479,
      "node-str": "displayBox"
    },
    {
      "type": "delete-node",
      "node": {
        "label": "void",
        "type": "RETURN_TYPE"
      },
      "location-before-char-start": 0,
      "location-before-char-end": 0,
      "node-str": "void"
    },
    {
      "type": "delete-node",
      "node": {
        "label": "protected",
        "type": "Modifier"
      },
      "location-before-char-start": 0,
      "location-before-char-end": 0,
      "node-str": "protected"
    },
    {
      "type": "delete-node",
      "node": {
        "label": "CH.ifa.draw.figures.RectangleFigure",
        "type": "TypeAccess"
      },
      "location-before-char-start": 0,
      "location-before-char-end": 0,
      "node-str": "CH.ifa.draw.figures.RectangleFigure"
    },
    {
      "type": "delete-node",
      "node": {
        "label": "fDisplayBox",
        "type": "FieldRead"
      },
      "location-before-char-start": 1528,
      "location-before-char-end": 1538,
      "node-str": "fDisplayBox"
    },
    {
      "type": "delete-node",
      "node": {
        "label": "x",
        "type": "VariableRead"
      },
      "location-before-char-start": 1550,
      "location-before-char-end": 1550,
      "node-str": "x"
    },
    {
      "type": "delete-node",
      "node": {
        "label": "y",
        "type": "VariableRead"
      },
      "location-before-char-start": 1552,
      "location-before-char-end": 1552,
      "node-str": "y"
    },
    {
      "type": "delete-node",
      "node": {
        "label": "translate",
        "type": "Invocation"
      },
      "location-before-char-start": 1528,
      "location-before-char-end": 1554,
      "node-str": "translate"
    },
    {
      "type": "delete-node",
      "node": {
        "label": "basicMoveBy",
        "type": "Method"
      },
      "location-before-char-start": 1483,
      "location-before-char-end": 1557,
      "node-str": "basicMoveBy"
    },
    {
      "type": "delete-node",
      "node": {
        "label": "void",
        "type": "RETURN_TYPE"
      },
      "location-before-char-start": 0,
      "location-before-char-end": 0,
      "node-str": "void"
    },
    {
      "type": "delete-node",
      "node": {
        "label": "public",
        "type": "Modifier"
      },
      "location-before-char-start": 0,
      "location-before-char-end": 0,
      "node-str": "public"
    },
    {
      "type": "delete-node",
      "node": {
        "label": "java.awt.Rectangle",
        "type": "VARIABLE_TYPE"
      },
      "location-before-char-start": 0,
      "location-before-char-end": 0,
      "node-str": "java.awt.Rectangle"
    },
    {
      "type": "delete-node",
      "node": {
        "label": "CH.ifa.draw.figures.RectangleFigure",
        "type": "TypeAccess"
      },
      "location-before-char-start": 0,
      "location-before-char-end": 0,
      "node-str": "CH.ifa.draw.figures.RectangleFigure"
    },
    {
      "type": "delete-node",
      "node": {
        "label": "displayBox",
        "type": "Invocation"
      },
      "location-before-char-start": 1618,
      "location-before-char-end": 1629,
      "node-str": "displayBox"
    },
    {
      "type": "delete-node",
      "node": {
        "label": "r",
        "type": "LocalVariable"
      },
      "location-before-char-start": 1604,
      "location-before-char-end": 1630,
      "node-str": "r"
    },
    {
      "type": "delete-node",
      "node": {
        "label": "drawBackground",
        "type": "Method"
      },
      "location-before-char-start": 1561,
      "location-before-char-end": 1676,
      "node-str": "drawBackground"
    },
    {
      "type": "delete-node",
      "node": {
        "label": "void",
        "type": "RETURN_TYPE"
      },
      "location-before-char-start": 0,
      "location-before-char-end": 0,
      "node-str": "void"
    },
    {
      "type": "delete-node",
      "node": {
        "label": "public",
        "type": "Modifier"
      },
      "location-before-char-start": 0,
      "location-before-char-end": 0,
      "node-str": "public"
    },
    {
      "type": "delete-node",
      "node": {
        "label": "java.awt.Rectangle",
        "type": "VARIABLE_TYPE"
      },
      "location-before-char-start": 0,
      "location-before-char-end": 0,
      "node-str": "java.awt.Rectangle"
    },
    {
      "type": "delete-node",
      "node": {
        "label": "CH.ifa.draw.figures.RectangleFigure",
        "type": "TypeAccess"
      },
      "location-before-char-start": 0,
      "location-before-char-end": 0,
      "node-str": "CH.ifa.draw.figures.RectangleFigure"
    },
    {
      "type": "delete-node",
      "node": {
        "label": "displayBox",
        "type": "Invocation"
      },
      "location-before-char-start": 1732,
      "location-before-char-end": 1743,
      "node-str": "displayBox"
    },
    {
      "type": "delete-node",
      "node": {
        "label": "r",
        "type": "LocalVariable"
      },
      "location-before-char-start": 1718,
      "location-before-char-end": 1744,
      "node-str": "r"
    },
    {
      "type": "delete-node",
      "node": {
        "label": "drawFrame",
        "type": "Method"
      },
      "location-before-char-start": 1680,
      "location-before-char-end": 1794,
      "node-str": "drawFrame"
    },
    {
      "type": "delete-node",
      "node": {
        "label": "void",
        "type": "RETURN_TYPE"
      },
      "location-before-char-start": 0,
      "location-before-char-end": 0,
      "node-str": "void"
    },
    {
      "type": "delete-node",
      "node": {
        "label": "public",
        "type": "Modifier"
      },
      "location-before-char-start": 0,
      "location-before-char-end": 0,
      "node-str": "public"
    },
    {
      "type": "delete-node",
      "node": {
        "label": "dw",
        "type": "VariableRead"
      },
      "location-before-char-start": 1925,
      "location-before-char-end": 1926,
      "node-str": "dw"
    },
    {
      "type": "delete-node",
      "node": {
        "label": "CH.ifa.draw.figures.RectangleFigure",
        "type": "TypeAccess"
      },
      "location-before-char-start": 0,
      "location-before-char-end": 0,
      "node-str": "CH.ifa.draw.figures.RectangleFigure"
    },
    {
      "type": "delete-node",
      "node": {
        "label": "fDisplayBox",
        "type": "FieldRead"
      },
      "location-before-char-start": 1937,
      "location-before-char-end": 1947,
      "node-str": "fDisplayBox"
    },
    {
      "type": "delete-node",
      "node": {
        "label": "x",
        "type": "FieldRead"
      },
      "location-before-char-start": 1937,
      "location-before-char-end": 1949,
      "node-str": "x"
    },
    {
      "type": "delete-node",
      "node": {
        "label": "writeInt",
        "type": "Invocation"
      },
      "location-before-char-start": 1925,
      "location-before-char-end": 1951,
      "node-str": "writeInt"
    },
    {
      "type": "delete-node",
      "node": {
        "label": "dw",
        "type": "VariableRead"
      },
      "location-before-char-start": 1955,
      "location-before-char-end": 1956,
      "node-str": "dw"
    },
    {
      "type": "delete-node",
      "node": {
        "label": "CH.ifa.draw.figures.RectangleFigure",
        "type": "TypeAccess"
      },
      "location-before-char-start": 0,
      "location-before-char-end": 0,
      "node-str": "CH.ifa.draw.figures.RectangleFigure"
    },
    {
      "type": "delete-node",
      "node": {
        "label": "fDisplayBox",
        "type": "FieldRead"
      },
      "location-before-char-start": 1967,
      "location-before-char-end": 1977,
      "node-str": "fDisplayBox"
    },
    {
      "type": "delete-node",
      "node": {
        "label": "y",
        "type": "FieldRead"
      },
      "location-before-char-start": 1967,
      "location-before-char-end": 1979,
      "node-str": "y"
    },
    {
      "type": "delete-node",
      "node": {
        "label": "writeInt",
        "type": "Invocation"
      },
      "location-before-char-start": 1955,
      "location-before-char-end": 1981,
      "node-str": "writeInt"
    },
    {
      "type": "delete-node",
      "node": {
        "label": "dw",
        "type": "VariableRead"
      },
      "location-before-char-start": 1985,
      "location-before-char-end": 1986,
      "node-str": "dw"
    },
    {
      "type": "delete-node",
      "node": {
        "label": "CH.ifa.draw.figures.RectangleFigure",
        "type": "TypeAccess"
      },
      "location-before-char-start": 0,
      "location-before-char-end": 0,
      "node-str": "CH.ifa.draw.figures.RectangleFigure"
    },
    {
      "type": "delete-node",
      "node": {
        "label": "fDisplayBox",
        "type": "FieldRead"
      },
      "location-before-char-start": 1997,
      "location-before-char-end": 2007,
      "node-str": "fDisplayBox"
    },
    {
      "type": "delete-node",
      "node": {
        "label": "width",
        "type": "FieldRead"
      },
      "location-before-char-start": 1997,
      "location-before-char-end": 2013,
      "node-str": "width"
    },
    {
      "type": "delete-node",
      "node": {
        "label": "writeInt",
        "type": "Invocation"
      },
      "location-before-char-start": 1985,
      "location-before-char-end": 2015,
      "node-str": "writeInt"
    },
    {
      "type": "delete-node",
      "node": {
        "label": "dw",
        "type": "VariableRead"
      },
      "location-before-char-start": 2019,
      "location-before-char-end": 2020,
      "node-str": "dw"
    },
    {
      "type": "delete-node",
      "node": {
        "label": "CH.ifa.draw.figures.RectangleFigure",
        "type": "TypeAccess"
      },
      "location-before-char-start": 0,
      "location-before-char-end": 0,
      "node-str": "CH.ifa.draw.figures.RectangleFigure"
    },
    {
      "type": "delete-node",
      "node": {
        "label": "fDisplayBox",
        "type": "FieldRead"
      },
      "location-before-char-start": 2031,
      "location-before-char-end": 2041,
      "node-str": "fDisplayBox"
    },
    {
      "type": "delete-node",
      "node": {
        "label": "height",
        "type": "FieldRead"
      },
      "location-before-char-start": 2031,
      "location-before-char-end": 2048,
      "node-str": "height"
    },
    {
      "type": "delete-node",
      "node": {
        "label": "writeInt",
        "type": "Invocation"
      },
      "location-before-char-start": 2019,
      "location-before-char-end": 2050,
      "node-str": "writeInt"
    },
    {
      "type": "delete-node",
      "node": {
        "label": "write",
        "type": "Method"
      },
      "location-before-char-start": 1798,
      "location-before-char-end": 2053,
      "node-str": "write"
    },
    {
      "type": "delete-node",
      "node": {
        "label": "RectangleFigure",
        "type": "Class"
      },
      "location-before-char-start": 546,
      "location-before-char-end": 2235,
      "node-str": "RectangleFigure"
    }
  ],
  "before-file": {},
  "after-file": {},
  "mapping": {}
}