{
  "tool-info": {},
  "diff": [
    {
      "type": "insert-node",
      "node": {
        "label": "if",
        "type": "If"
      },
      "location-after-char-start": 2963,
      "location-after-char-end": 3557,
      "node-str": "if"
    },
    {
      "type": "insert-node",
      "node": {
        "label": "isAUseCase",
        "type": "Invocation"
      },
      "location-after-char-start": 2967,
      "location-after-char-end": 3001,
      "node-str": "isAUseCase"
    },
    {
      "type": "insert-node",
      "node": {
        "label": "THEN",
        "type": "then"
      },
      "location-after-char-start": 3004,
      "location-after-char-end": 3557,
      "node-str": "THEN"
    },
    {
      "type": "insert-node",
      "node": {
        "label": "org.argouml.model.ModelFacade",
        "type": "TypeAccess"
      },
      "location-after-char-start": 2967,
      "location-after-char-end": 2977,
      "node-str": "org.argouml.model.ModelFacade"
    },
    {
      "type": "insert-node",
      "node": {
        "label": "getTarget",
        "type": "Invocation"
      },
      "location-after-char-start": 2990,
      "location-after-char-end": 3000,
      "node-str": "getTarget"
    },
    {
      "type": "insert-node",
      "node": {
        "label": "specpath",
        "type": "LocalVariable"
      },
      "location-after-char-start": 3011,
      "location-after-char-end": 3108,
      "node-str": "specpath"
    },
    {
      "type": "move-subtree",
      "node": {
        "label": "if",
        "type": "If"
      },
      "location-before-char-start": 3023,
      "location-before-char-end": 3464,
      "location-after-char-start": 3115,
      "location-after-char-end": 3554,
      "node-str": "if"
    },
    {
      "type": "insert-node",
      "node": {
        "label": "org.argouml.uml.ui.behavior.use_cases.UMLUseCaseAssociationListModel",
        "type": "TypeAccess"
      },
      "location-after-char-start": 0,
      "location-after-char-end": 0,
      "node-str": "org.argouml.uml.ui.behavior.use_cases.UMLUseCaseAssociationListModel"
    },
    {
      "type": "insert-node",
      "node": {
        "label": "java.util.Collection",
        "type": "VARIABLE_TYPE"
      },
      "location-after-char-start": 0,
      "location-after-char-end": 0,
      "node-str": "java.util.Collection"
    },
    {
      "type": "insert-node",
      "node": {
        "label": "getSpecificationPath",
        "type": "Invocation"
      },
      "location-after-char-start": 3033,
      "location-after-char-end": 3107,
      "node-str": "getSpecificationPath"
    },
    {
      "type": "insert-node",
      "node": {
        "label": "getHelper",
        "type": "Invocation"
      },
      "location-after-char-start": 3033,
      "location-after-char-end": 3058,
      "node-str": "getHelper"
    },
    {
      "type": "insert-node",
      "node": {
        "label": "getTarget",
        "type": "Invocation"
      },
      "location-after-char-start": 3096,
      "location-after-char-end": 3106,
      "node-str": "getTarget"
    },
    {
      "type": "insert-node",
      "node": {
        "label": "org.argouml.model.uml.behavioralelements.usecases.UseCasesHelper",
        "type": "TypeAccess"
      },
      "location-after-char-start": 3033,
      "location-after-char-end": 3046,
      "node-str": "org.argouml.model.uml.behavioralelements.usecases.UseCasesHelper"
    },
    {
      "type": "insert-node",
      "node": {
        "label": "org.argouml.uml.ui.behavior.use_cases.UMLUseCaseAssociationListModel",
        "type": "TypeAccess"
      },
      "location-after-char-start": 0,
      "location-after-char-end": 0,
      "node-str": "org.argouml.uml.ui.behavior.use_cases.UMLUseCaseAssociationListModel"
    },
    {
      "type": "delete-node",
      "node": {
        "label": "java.util.Collection",
        "type": "VARIABLE_TYPE"
      },
      "location-before-char-start": 0,
      "location-before-char-end": 0,
      "node-str": "java.util.Collection"
    },
    {
      "type": "delete-node",
      "node": {
        "label": "org.argouml.model.uml.behavioralelements.usecases.UseCasesHelper",
        "type": "TypeAccess"
      },
      "location-before-char-start": 2945,
      "location-before-char-end": 2958,
      "node-str": "org.argouml.model.uml.behavioralelements.usecases.UseCasesHelper"
    },
    {
      "type": "delete-node",
      "node": {
        "label": "getHelper",
        "type": "Invocation"
      },
      "location-before-char-start": 2945,
      "location-before-char-end": 2970,
      "node-str": "getHelper"
    },
    {
      "type": "delete-node",
      "node": {
        "label": "org.argouml.uml.ui.behavior.use_cases.UMLUseCaseAssociationListModel",
        "type": "TypeAccess"
      },
      "location-before-char-start": 0,
      "location-before-char-end": 0,
      "node-str": "org.argouml.uml.ui.behavior.use_cases.UMLUseCaseAssociationListModel"
    },
    {
      "type": "delete-node",
      "node": {
        "label": "getTarget",
        "type": "Invocation"
      },
      "location-before-char-start": 3008,
      "location-before-char-end": 3018,
      "node-str": "getTarget"
    },
    {
      "type": "delete-node",
      "node": {
        "label": "getSpecificationPath",
        "type": "Invocation"
      },
      "location-before-char-start": 2945,
      "location-before-char-end": 3019,
      "node-str": "getSpecificationPath"
    },
    {
      "type": "delete-node",
      "node": {
        "label": "specpath",
        "type": "LocalVariable"
      },
      "location-before-char-start": 2923,
      "location-before-char-end": 3020,
      "node-str": "specpath"
    }
  ],
  "before-file": {},
  "after-file": {},
  "mapping": {}
}