{
  "tool-info": {},
  "diff": [
    {
      "type": "insert-node",
      "node": {
        "label": "fView",
        "type": "Field"
      },
      "location-after-char-start": 1205,
      "location-after-char-end": 1231,
      "node-str": "fView"
    },
    {
      "type": "insert-node",
      "node": {
        "label": "addMenuIfPossible",
        "type": "Method"
      },
      "location-after-char-start": 5065,
      "location-after-char-end": 5178,
      "node-str": "addMenuIfPossible"
    },
    {
      "type": "move-subtree",
      "node": {
        "label": "addSeparator",
        "type": "Invocation"
      },
      "location-before-char-start": 7496,
      "location-before-char-end": 7515,
      "location-after-char-start": 7591,
      "location-after-char-end": 7610,
      "node-str": "addSeparator"
    },
    {
      "type": "move-subtree",
      "node": {
        "label": "add",
        "type": "Invocation"
      },
      "location-before-char-start": 8040,
      "location-before-char-end": 8107,
      "location-after-char-start": 8139,
      "location-after-char-end": 8230,
      "node-str": "add"
    },
    {
      "type": "move-subtree",
      "node": {
        "label": "add",
        "type": "Invocation"
      },
      "location-before-char-start": 7973,
      "location-before-char-end": 8036,
      "location-after-char-start": 8234,
      "location-after-char-end": 8324,
      "node-str": "add"
    },
    {
      "type": "update-node",
      "node": {
        "label": "selectionChanged",
        "type": "Method"
      },
      "location-before-char-start": 18957,
      "location-before-char-end": 19414,
      "location-after-char-start": 18158,
      "location-after-char-end": 19030,
      "node-str": "figureSelectionChanged"
    },
    {
      "type": "insert-node",
      "node": {
        "label": "CH.ifa.draw.application.DrawingView",
        "type": "VARIABLE_TYPE"
      },
      "location-after-char-start": 0,
      "location-after-char-end": 0,
      "node-str": "CH.ifa.draw.application.DrawingView"
    },
    {
      "type": "update-node",
      "node": {
        "label": "add",
        "type": "Invocation"
      },
      "location-before-char-start": 5217,
      "location-before-char-end": 5241,
      "location-after-char-start": 4835,
      "location-after-char-end": 4874,
      "node-str": "addMenuIfPossible"
    },
    {
      "type": "update-node",
      "node": {
        "label": "add",
        "type": "Invocation"
      },
      "location-before-char-start": 5245,
      "location-before-char-end": 5269,
      "location-after-char-start": 4878,
      "location-after-char-end": 4917,
      "node-str": "addMenuIfPossible"
    },
    {
      "type": "update-node",
      "node": {
        "label": "add",
        "type": "Invocation"
      },
      "location-before-char-start": 5273,
      "location-before-char-end": 5302,
      "location-after-char-start": 4921,
      "location-after-char-end": 4965,
      "node-str": "addMenuIfPossible"
    },
    {
      "type": "update-node",
      "node": {
        "label": "add",
        "type": "Invocation"
      },
      "location-before-char-start": 5306,
      "location-before-char-end": 5336,
      "location-after-char-start": 4969,
      "location-after-char-end": 5014,
      "node-str": "addMenuIfPossible"
    },
    {
      "type": "update-node",
      "node": {
        "label": "add",
        "type": "Invocation"
      },
      "location-before-char-start": 5340,
      "location-before-char-end": 5365,
      "location-after-char-start": 5018,
      "location-after-char-end": 5058,
      "node-str": "addMenuIfPossible"
    },
    {
      "type": "insert-node",
      "node": {
        "label": "void",
        "type": "RETURN_TYPE"
      },
      "location-after-char-start": 0,
      "location-after-char-end": 0,
      "node-str": "void"
    },
    {
      "type": "insert-node",
      "node": {
        "label": "protected",
        "type": "Modifier"
      },
      "location-after-char-start": 0,
      "location-after-char-end": 0,
      "node-str": "protected"
    },
    {
      "type": "insert-node",
      "node": {
        "label": "mb",
        "type": "Parameter"
      },
      "location-after-char-start": 5098,
      "location-after-char-end": 5108,
      "node-str": "mb"
    },
    {
      "type": "insert-node",
      "node": {
        "label": "newMenu",
        "type": "Parameter"
      },
      "location-after-char-start": 5111,
      "location-after-char-end": 5123,
      "node-str": "newMenu"
    },
    {
      "type": "insert-node",
      "node": {
        "label": "if",
        "type": "If"
      },
      "location-after-char-start": 5130,
      "location-after-char-end": 5175,
      "node-str": "if"
    },
    {
      "type": "insert-node",
      "node": {
        "label": "add",
        "type": "Invocation"
      },
      "location-after-char-start": 6664,
      "location-after-char-end": 6764,
      "node-str": "add"
    },
    {
      "type": "insert-node",
      "node": {
        "label": "addSeparator",
        "type": "Invocation"
      },
      "location-after-char-start": 6768,
      "location-after-char-end": 6787,
      "node-str": "addSeparator"
    },
    {
      "type": "insert-node",
      "node": {
        "label": "addSeparator",
        "type": "Invocation"
      },
      "location-after-char-start": 7404,
      "location-after-char-end": 7423,
      "node-str": "addSeparator"
    },
    {
      "type": "insert-node",
      "node": {
        "label": "add",
        "type": "Invocation"
      },
      "location-after-char-start": 7614,
      "location-after-char-end": 7663,
      "node-str": "add"
    },
    {
      "type": "insert-node",
      "node": {
        "label": "add",
        "type": "Invocation"
      },
      "location-after-char-start": 7667,
      "location-after-char-end": 7716,
      "node-str": "add"
    },
    {
      "type": "update-node",
      "node": {
        "label": "add",
        "type": "Invocation"
      },
      "location-before-char-start": 7868,
      "location-before-char-end": 7946,
      "location-after-char-start": 7932,
      "location-after-char-end": 8019,
      "node-str": "addCheckItem"
    },
    {
      "type": "update-node",
      "node": {
        "label": "CH.ifa.draw.application.StandardDrawingView",
        "type": "RETURN_TYPE"
      },
      "location-before-char-start": 0,
      "location-before-char-end": 0,
      "location-after-char-start": 0,
      "location-after-char-end": 0,
      "node-str": "CH.ifa.draw.application.DrawingView"
    },
    {
      "type": "insert-node",
      "node": {
        "label": "if",
        "type": "If"
      },
      "location-after-char-start": 18473,
      "location-after-char-end": 18527,
      "node-str": "if"
    },
    {
      "type": "insert-node",
      "node": {
        "label": "if",
        "type": "If"
      },
      "location-after-char-start": 18631,
      "location-after-char-end": 18690,
      "node-str": "if"
    },
    {
      "type": "insert-node",
      "node": {
        "label": "attributeMenu",
        "type": "LocalVariable"
      },
      "location-after-char-start": 18695,
      "location-after-char-end": 18744,
      "node-str": "attributeMenu"
    },
    {
      "type": "insert-node",
      "node": {
        "label": "if",
        "type": "If"
      },
      "location-after-char-start": 18777,
      "location-after-char-end": 19027,
      "node-str": "if"
    },
    {
      "type": "insert-node",
      "node": {
        "label": "toolDone",
        "type": "Invocation"
      },
      "location-after-char-start": 20047,
      "location-after-char-end": 20057,
      "node-str": "toolDone"
    },
    {
      "type": "move-subtree",
      "node": {
        "label": "activePanel",
        "type": "VariableRead"
      },
      "location-before-char-start": 3980,
      "location-before-char-end": 3990,
      "location-after-char-start": 3868,
      "location-after-char-end": 3878,
      "node-str": "activePanel"
    },
    {
      "type": "insert-node",
      "node": {
        "label": "CH.ifa.draw.application.DrawApplication",
        "type": "TypeAccess"
      },
      "location-after-char-start": 0,
      "location-after-char-end": 0,
      "node-str": "CH.ifa.draw.application.DrawApplication"
    },
    {
      "type": "insert-node",
      "node": {
        "label": "CH.ifa.draw.application.DrawApplication",
        "type": "TypeAccess"
      },
      "location-after-char-start": 0,
      "location-after-char-end": 0,
      "node-str": "CH.ifa.draw.application.DrawApplication"
    },
    {
      "type": "insert-node",
      "node": {
        "label": "CH.ifa.draw.application.DrawApplication",
        "type": "TypeAccess"
      },
      "location-after-char-start": 0,
      "location-after-char-end": 0,
      "node-str": "CH.ifa.draw.application.DrawApplication"
    },
    {
      "type": "insert-node",
      "node": {
        "label": "CH.ifa.draw.application.DrawApplication",
        "type": "TypeAccess"
      },
      "location-after-char-start": 0,
      "location-after-char-end": 0,
      "node-str": "CH.ifa.draw.application.DrawApplication"
    },
    {
      "type": "insert-node",
      "node": {
        "label": "CH.ifa.draw.application.DrawApplication",
        "type": "TypeAccess"
      },
      "location-after-char-start": 0,
      "location-after-char-end": 0,
      "node-str": "CH.ifa.draw.application.DrawApplication"
    },
    {
      "type": "insert-node",
      "node": {
        "label": "javax.swing.JMenuBar",
        "type": "VARIABLE_TYPE"
      },
      "location-after-char-start": 0,
      "location-after-char-end": 0,
      "node-str": "javax.swing.JMenuBar"
    },
    {
      "type": "insert-node",
      "node": {
        "label": "javax.swing.JMenu",
        "type": "VARIABLE_TYPE"
      },
      "location-after-char-start": 0,
      "location-after-char-end": 0,
      "node-str": "javax.swing.JMenu"
    },
    {
      "type": "insert-node",
      "node": {
        "label": "NE",
        "type": "BinaryOperator"
      },
      "location-after-char-start": 5134,
      "location-after-char-end": 5148,
      "node-str": "NE"
    },
    {
      "type": "insert-node",
      "node": {
        "label": "THEN",
        "type": "then"
      },
      "location-after-char-start": 5151,
      "location-after-char-end": 5175,
      "node-str": "THEN"
    },
    {
      "type": "insert-node",
      "node": {
        "label": "menu",
        "type": "VariableRead"
      },
      "location-after-char-start": 6664,
      "location-after-char-end": 6667,
      "node-str": "menu"
    },
    {
      "type": "insert-node",
      "node": {
        "label": "UndoableCommand(CH.ifa.draw.application.SelectAllCommand)",
        "type": "ConstructorCall"
      },
      "location-after-char-start": 6673,
      "location-after-char-end": 6739,
      "node-str": "UndoableCommand(CH.ifa.draw.application.SelectAllCommand)"
    },
    {
      "type": "insert-node",
      "node": {
        "label": "java.awt.MenuShortcut(int)",
        "type": "ConstructorCall"
      },
      "location-after-char-start": 6742,
      "location-after-char-end": 6762,
      "node-str": "java.awt.MenuShortcut(int)"
    },
    {
      "type": "insert-node",
      "node": {
        "label": "menu",
        "type": "VariableRead"
      },
      "location-after-char-start": 6768,
      "location-after-char-end": 6771,
      "node-str": "menu"
    },
    {
      "type": "insert-node",
      "node": {
        "label": "UndoableCommand(CH.ifa.draw.application.CutCommand)",
        "type": "ConstructorCall"
      },
      "location-after-char-start": 6800,
      "location-after-char-end": 6853,
      "node-str": "UndoableCommand(CH.ifa.draw.application.CutCommand)"
    },
    {
      "type": "insert-node",
      "node": {
        "label": "UndoableCommand(CH.ifa.draw.application.PasteCommand)",
        "type": "ConstructorCall"
      },
      "location-after-char-start": 6959,
      "location-after-char-end": 7016,
      "node-str": "UndoableCommand(CH.ifa.draw.application.PasteCommand)"
    },
    {
      "type": "insert-node",
      "node": {
        "label": "UndoableCommand(CH.ifa.draw.application.DuplicateCommand)",
        "type": "ConstructorCall"
      },
      "location-after-char-start": 7077,
      "location-after-char-end": 7142,
      "node-str": "UndoableCommand(CH.ifa.draw.application.DuplicateCommand)"
    },
    {
      "type": "insert-node",
      "node": {
        "label": "UndoableCommand(CH.ifa.draw.application.DeleteCommand)",
        "type": "ConstructorCall"
      },
      "location-after-char-start": 7180,
      "location-after-char-end": 7235,
      "node-str": "UndoableCommand(CH.ifa.draw.application.DeleteCommand)"
    },
    {
      "type": "insert-node",
      "node": {
        "label": "UndoableCommand(CH.ifa.draw.application.GroupCommand)",
        "type": "ConstructorCall"
      },
      "location-after-char-start": 7273,
      "location-after-char-end": 7326,
      "node-str": "UndoableCommand(CH.ifa.draw.application.GroupCommand)"
    },
    {
      "type": "insert-node",
      "node": {
        "label": "UndoableCommand(CH.ifa.draw.application.UngroupCommand)",
        "type": "ConstructorCall"
      },
      "location-after-char-start": 7341,
      "location-after-char-end": 7398,
      "node-str": "UndoableCommand(CH.ifa.draw.application.UngroupCommand)"
    },
    {
      "type": "insert-node",
      "node": {
        "label": "menu",
        "type": "VariableRead"
      },
      "location-after-char-start": 7404,
      "location-after-char-end": 7407,
      "node-str": "menu"
    },
    {
      "type": "insert-node",
      "node": {
        "label": "UndoableCommand(CH.ifa.draw.application.SendToBackCommand)",
        "type": "ConstructorCall"
      },
      "location-after-char-start": 7436,
      "location-after-char-end": 7501,
      "node-str": "UndoableCommand(CH.ifa.draw.application.SendToBackCommand)"
    },
    {
      "type": "insert-node",
      "node": {
        "label": "UndoableCommand(CH.ifa.draw.application.BringToFrontCommand)",
        "type": "ConstructorCall"
      },
      "location-after-char-start": 7516,
      "location-after-char-end": 7585,
      "node-str": "UndoableCommand(CH.ifa.draw.application.BringToFrontCommand)"
    },
    {
      "type": "insert-node",
      "node": {
        "label": "menu",
        "type": "VariableRead"
      },
      "location-after-char-start": 7614,
      "location-after-char-end": 7617,
      "node-str": "menu"
    },
    {
      "type": "insert-node",
      "node": {
        "label": "java.lang.Object()",
        "type": "ConstructorCall"
      },
      "location-after-char-start": 7623,
      "location-after-char-end": 7661,
      "node-str": "java.lang.Object()"
    },
    {
      "type": "insert-node",
      "node": {
        "label": "menu",
        "type": "VariableRead"
      },
      "location-after-char-start": 7667,
      "location-after-char-end": 7670,
      "node-str": "menu"
    },
    {
      "type": "insert-node",
      "node": {
        "label": "java.lang.Object()",
        "type": "ConstructorCall"
      },
      "location-after-char-start": 7676,
      "location-after-char-end": 7714,
      "node-str": "java.lang.Object()"
    },
    {
      "type": "move-subtree",
      "node": {
        "label": "menu",
        "type": "VariableRead"
      },
      "location-before-char-start": 7973,
      "location-before-char-end": 7976,
      "location-after-char-start": 8046,
      "location-after-char-end": 8049,
      "node-str": "menu"
    },
    {
      "type": "insert-node",
      "node": {
        "label": "UndoableCommand(CH.ifa.draw.application.AlignCommand)",
        "type": "ConstructorCall"
      },
      "location-after-char-start": 8055,
      "location-after-char-end": 8133,
      "node-str": "UndoableCommand(CH.ifa.draw.application.AlignCommand)"
    },
    {
      "type": "insert-node",
      "node": {
        "label": "UndoableCommand(CH.ifa.draw.application.AlignCommand)",
        "type": "ConstructorCall"
      },
      "location-after-char-start": 8148,
      "location-after-char-end": 8228,
      "node-str": "UndoableCommand(CH.ifa.draw.application.AlignCommand)"
    },
    {
      "type": "move-subtree",
      "node": {
        "label": "menu",
        "type": "VariableRead"
      },
      "location-before-char-start": 8111,
      "location-before-char-end": 8114,
      "location-after-char-start": 8234,
      "location-after-char-end": 8237,
      "node-str": "menu"
    },
    {
      "type": "insert-node",
      "node": {
        "label": "UndoableCommand(CH.ifa.draw.application.AlignCommand)",
        "type": "ConstructorCall"
      },
      "location-after-char-start": 8243,
      "location-after-char-end": 8322,
      "node-str": "UndoableCommand(CH.ifa.draw.application.AlignCommand)"
    },
    {
      "type": "insert-node",
      "node": {
        "label": "UndoableCommand(CH.ifa.draw.application.AlignCommand)",
        "type": "ConstructorCall"
      },
      "location-after-char-start": 8360,
      "location-after-char-end": 8437,
      "node-str": "UndoableCommand(CH.ifa.draw.application.AlignCommand)"
    },
    {
      "type": "insert-node",
      "node": {
        "label": "UndoableCommand(CH.ifa.draw.application.AlignCommand)",
        "type": "ConstructorCall"
      },
      "location-after-char-start": 8452,
      "location-after-char-end": 8532,
      "node-str": "UndoableCommand(CH.ifa.draw.application.AlignCommand)"
    },
    {
      "type": "insert-node",
      "node": {
        "label": "UndoableCommand(CH.ifa.draw.application.AlignCommand)",
        "type": "ConstructorCall"
      },
      "location-after-char-start": 8547,
      "location-after-char-end": 8627,
      "node-str": "UndoableCommand(CH.ifa.draw.application.AlignCommand)"
    },
    {
      "type": "insert-node",
      "node": {
        "label": "UndoableCommand(CH.ifa.draw.application.ChangeAttributeCommand)",
        "type": "ConstructorCall"
      },
      "location-after-char-start": 10379,
      "location-after-char-end": 10503,
      "node-str": "UndoableCommand(CH.ifa.draw.application.ChangeAttributeCommand)"
    },
    {
      "type": "insert-node",
      "node": {
        "label": "UndoableCommand(CH.ifa.draw.application.ChangeAttributeCommand)",
        "type": "ConstructorCall"
      },
      "location-after-char-start": 10518,
      "location-after-char-end": 10646,
      "node-str": "UndoableCommand(CH.ifa.draw.application.ChangeAttributeCommand)"
    },
    {
      "type": "insert-node",
      "node": {
        "label": "UndoableCommand(CH.ifa.draw.application.ChangeAttributeCommand)",
        "type": "ConstructorCall"
      },
      "location-after-char-start": 10661,
      "location-after-char-end": 10787,
      "node-str": "UndoableCommand(CH.ifa.draw.application.ChangeAttributeCommand)"
    },
    {
      "type": "insert-node",
      "node": {
        "label": "UndoableCommand(CH.ifa.draw.application.ChangeAttributeCommand)",
        "type": "ConstructorCall"
      },
      "location-after-char-start": 10802,
      "location-after-char-end": 10929,
      "node-str": "UndoableCommand(CH.ifa.draw.application.ChangeAttributeCommand)"
    },
    {
      "type": "insert-node",
      "node": {
        "label": "UndoableCommand(CH.ifa.draw.application.ChangeAttributeCommand)",
        "type": "ConstructorCall"
      },
      "location-after-char-start": 11562,
      "location-after-char-end": 11667,
      "node-str": "UndoableCommand(CH.ifa.draw.application.ChangeAttributeCommand)"
    },
    {
      "type": "insert-node",
      "node": {
        "label": "UndoableCommand(CH.ifa.draw.application.ChangeAttributeCommand)",
        "type": "ConstructorCall"
      },
      "location-after-char-start": 11682,
      "location-after-char-end": 11787,
      "node-str": "UndoableCommand(CH.ifa.draw.application.ChangeAttributeCommand)"
    },
    {
      "type": "insert-node",
      "node": {
        "label": "UndoableCommand(CH.ifa.draw.application.ChangeAttributeCommand)",
        "type": "ConstructorCall"
      },
      "location-after-char-start": 11802,
      "location-after-char-end": 11907,
      "node-str": "UndoableCommand(CH.ifa.draw.application.ChangeAttributeCommand)"
    },
    {
      "type": "update-node",
      "node": {
        "label": "StandardDrawingView",
        "type": "VARIABLE_TYPE"
      },
      "location-before-char-start": 0,
      "location-before-char-end": 0,
      "location-after-char-start": 0,
      "location-after-char-end": 0,
      "node-str": "DrawingView"
    },
    {
      "type": "update-node",
      "node": {
        "label": "javax.swing.JScrollPane(java.awt.Component)",
        "type": "ConstructorCall"
      },
      "location-before-char-start": 15542,
      "location-before-char-end": 15562,
      "location-after-char-start": 15109,
      "location-after-char-end": 15150,
      "node-str": "javax.swing.JScrollPane()"
    },
    {
      "type": "insert-node",
      "node": {
        "label": "NE",
        "type": "BinaryOperator"
      },
      "location-after-char-start": 18477,
      "location-after-char-end": 18492,
      "node-str": "NE"
    },
    {
      "type": "insert-node",
      "node": {
        "label": "THEN",
        "type": "then"
      },
      "location-after-char-start": 18495,
      "location-after-char-end": 18527,
      "node-str": "THEN"
    },
    {
      "type": "insert-node",
      "node": {
        "label": "NE",
        "type": "BinaryOperator"
      },
      "location-after-char-start": 18635,
      "location-after-char-end": 18650,
      "node-str": "NE"
    },
    {
      "type": "insert-node",
      "node": {
        "label": "THEN",
        "type": "then"
      },
      "location-after-char-start": 18653,
      "location-after-char-end": 18690,
      "node-str": "THEN"
    },
    {
      "type": "insert-node",
      "node": {
        "label": "javax.swing.JMenu",
        "type": "VARIABLE_TYPE"
      },
      "location-after-char-start": 0,
      "location-after-char-end": 0,
      "node-str": "javax.swing.JMenu"
    },
    {
      "type": "insert-node",
      "node": {
        "label": "getMenu",
        "type": "Invocation"
      },
      "location-after-char-start": 18717,
      "location-after-char-end": 18743,
      "node-str": "getMenu"
    },
    {
      "type": "insert-node",
      "node": {
        "label": "NE",
        "type": "BinaryOperator"
      },
      "location-after-char-start": 18781,
      "location-after-char-end": 18801,
      "node-str": "NE"
    },
    {
      "type": "insert-node",
      "node": {
        "label": "THEN",
        "type": "then"
      },
      "location-after-char-start": 18804,
      "location-after-char-end": 19027,
      "node-str": "THEN"
    },
    {
      "type": "insert-node",
      "node": {
        "label": "CH.ifa.draw.application.DrawApplication",
        "type": "TypeAccess"
      },
      "location-after-char-start": 0,
      "location-after-char-end": 0,
      "node-str": "CH.ifa.draw.application.DrawApplication"
    },
    {
      "type": "insert-node",
      "node": {
        "label": "newMenu",
        "type": "VariableRead"
      },
      "location-after-char-start": 5134,
      "location-after-char-end": 5140,
      "node-str": "newMenu"
    },
    {
      "type": "insert-node",
      "node": {
        "label": "null",
        "type": "Literal"
      },
      "location-after-char-start": 5145,
      "location-after-char-end": 5148,
      "node-str": "null"
    },
    {
      "type": "insert-node",
      "node": {
        "label": "add",
        "type": "Invocation"
      },
      "location-after-char-start": 5156,
      "location-after-char-end": 5171,
      "node-str": "add"
    },
    {
      "type": "insert-node",
      "node": {
        "label": "java.lang.Object()",
        "type": "ConstructorCall"
      },
      "location-after-char-start": 6697,
      "location-after-char-end": 6738,
      "node-str": "java.lang.Object()"
    },
    {
      "type": "insert-node",
      "node": {
        "label": "\u0027a\u0027",
        "type": "Literal"
      },
      "location-after-char-start": 6759,
      "location-after-char-end": 6761,
      "node-str": "\u0027a\u0027"
    },
    {
      "type": "move-subtree",
      "node": {
        "label": "java.lang.Object()",
        "type": "ConstructorCall"
      },
      "location-before-char-start": 7030,
      "location-before-char-end": 7058,
      "location-after-char-start": 6824,
      "location-after-char-end": 6852,
      "node-str": "java.lang.Object()"
    },
    {
      "type": "move-subtree",
      "node": {
        "label": "java.lang.Object()",
        "type": "ConstructorCall"
      },
      "location-before-char-start": 7164,
      "location-before-char-end": 7196,
      "location-after-char-start": 6983,
      "location-after-char-end": 7015,
      "node-str": "java.lang.Object()"
    },
    {
      "type": "move-subtree",
      "node": {
        "label": "java.lang.Object()",
        "type": "ConstructorCall"
      },
      "location-before-char-start": 7257,
      "location-before-char-end": 7297,
      "location-after-char-start": 7101,
      "location-after-char-end": 7141,
      "node-str": "java.lang.Object()"
    },
    {
      "type": "move-subtree",
      "node": {
        "label": "java.lang.Object()",
        "type": "ConstructorCall"
      },
      "location-before-char-start": 7335,
      "location-before-char-end": 7369,
      "location-after-char-start": 7200,
      "location-after-char-end": 7234,
      "node-str": "java.lang.Object()"
    },
    {
      "type": "move-subtree",
      "node": {
        "label": "java.lang.Object()",
        "type": "ConstructorCall"
      },
      "location-before-char-start": 7407,
      "location-before-char-end": 7439,
      "location-after-char-start": 7293,
      "location-after-char-end": 7325,
      "node-str": "java.lang.Object()"
    },
    {
      "type": "move-subtree",
      "node": {
        "label": "java.lang.Object()",
        "type": "ConstructorCall"
      },
      "location-before-char-start": 7454,
      "location-before-char-end": 7490,
      "location-after-char-start": 7361,
      "location-after-char-end": 7397,
      "node-str": "java.lang.Object()"
    },
    {
      "type": "move-subtree",
      "node": {
        "label": "java.lang.Object()",
        "type": "ConstructorCall"
      },
      "location-before-char-start": 7528,
      "location-before-char-end": 7572,
      "location-after-char-start": 7456,
      "location-after-char-end": 7500,
      "node-str": "java.lang.Object()"
    },
    {
      "type": "move-subtree",
      "node": {
        "label": "java.lang.Object()",
        "type": "ConstructorCall"
      },
      "location-before-char-start": 7587,
      "location-before-char-end": 7635,
      "location-after-char-start": 7536,
      "location-after-char-end": 7584,
      "node-str": "java.lang.Object()"
    },
    {
      "type": "insert-node",
      "node": {
        "label": "\"Undo Command\"",
        "type": "Literal"
      },
      "location-after-char-start": 7639,
      "location-after-char-end": 7652,
      "node-str": "\"Undo Command\""
    },
    {
      "type": "insert-node",
      "node": {
        "label": "view",
        "type": "Invocation"
      },
      "location-after-char-start": 7655,
      "location-after-char-end": 7660,
      "node-str": "view"
    },
    {
      "type": "insert-node",
      "node": {
        "label": "\"Redo Command\"",
        "type": "Literal"
      },
      "location-after-char-start": 7692,
      "location-after-char-end": 7705,
      "node-str": "\"Redo Command\""
    },
    {
      "type": "insert-node",
      "node": {
        "label": "view",
        "type": "Invocation"
      },
      "location-after-char-start": 7708,
      "location-after-char-end": 7713,
      "node-str": "view"
    },
    {
      "type": "move-subtree",
      "node": {
        "label": "java.lang.Object()",
        "type": "ConstructorCall"
      },
      "location-before-char-start": 8120,
      "location-before-char-end": 8174,
      "location-after-char-start": 8079,
      "location-after-char-end": 8132,
      "node-str": "java.lang.Object()"
    },
    {
      "type": "move-subtree",
      "node": {
        "label": "java.lang.Object()",
        "type": "ConstructorCall"
      },
      "location-before-char-start": 8049,
      "location-before-char-end": 8105,
      "location-after-char-start": 8172,
      "location-after-char-end": 8227,
      "node-str": "java.lang.Object()"
    },
    {
      "type": "move-subtree",
      "node": {
        "label": "java.lang.Object()",
        "type": "ConstructorCall"
      },
      "location-before-char-start": 7982,
      "location-before-char-end": 8034,
      "location-after-char-start": 8267,
      "location-after-char-end": 8321,
      "node-str": "java.lang.Object()"
    },
    {
      "type": "move-subtree",
      "node": {
        "label": "java.lang.Object()",
        "type": "ConstructorCall"
      },
      "location-before-char-start": 8212,
      "location-before-char-end": 8262,
      "location-after-char-start": 8384,
      "location-after-char-end": 8436,
      "node-str": "java.lang.Object()"
    },
    {
      "type": "move-subtree",
      "node": {
        "label": "java.lang.Object()",
        "type": "ConstructorCall"
      },
      "location-before-char-start": 8277,
      "location-before-char-end": 8333,
      "location-after-char-start": 8476,
      "location-after-char-end": 8531,
      "node-str": "java.lang.Object()"
    },
    {
      "type": "move-subtree",
      "node": {
        "label": "java.lang.Object()",
        "type": "ConstructorCall"
      },
      "location-before-char-start": 8348,
      "location-before-char-end": 8404,
      "location-after-char-start": 8571,
      "location-after-char-end": 8626,
      "node-str": "java.lang.Object()"
    },
    {
      "type": "insert-node",
      "node": {
        "label": "UndoableCommand(CH.ifa.draw.application.ChangeAttributeCommand)",
        "type": "ConstructorCall"
      },
      "location-after-char-start": 10074,
      "location-after-char-end": 10218,
      "node-str": "UndoableCommand(CH.ifa.draw.application.ChangeAttributeCommand)"
    },
    {
      "type": "move-subtree",
      "node": {
        "label": "java.lang.Object()",
        "type": "ConstructorCall"
      },
      "location-before-char-start": 10419,
      "location-before-char-end": 10522,
      "location-after-char-start": 10403,
      "location-after-char-end": 10502,
      "node-str": "java.lang.Object()"
    },
    {
      "type": "move-subtree",
      "node": {
        "label": "java.lang.Object()",
        "type": "ConstructorCall"
      },
      "location-before-char-start": 10543,
      "location-before-char-end": 10646,
      "location-after-char-start": 10542,
      "location-after-char-end": 10645,
      "node-str": "java.lang.Object()"
    },
    {
      "type": "move-subtree",
      "node": {
        "label": "java.lang.Object()",
        "type": "ConstructorCall"
      },
      "location-before-char-start": 10667,
      "location-before-char-end": 10770,
      "location-after-char-start": 10685,
      "location-after-char-end": 10786,
      "node-str": "java.lang.Object()"
    },
    {
      "type": "move-subtree",
      "node": {
        "label": "java.lang.Object()",
        "type": "ConstructorCall"
      },
      "location-before-char-start": 10791,
      "location-before-char-end": 10894,
      "location-after-char-start": 10826,
      "location-after-char-end": 10928,
      "node-str": "java.lang.Object()"
    },
    {
      "type": "insert-node",
      "node": {
        "label": "UndoableCommand(CH.ifa.draw.application.ChangeAttributeCommand)",
        "type": "ConstructorCall"
      },
      "location-after-char-start": 11265,
      "location-after-char-end": 11357,
      "node-str": "UndoableCommand(CH.ifa.draw.application.ChangeAttributeCommand)"
    },
    {
      "type": "move-subtree",
      "node": {
        "label": "java.lang.Object()",
        "type": "ConstructorCall"
      },
      "location-before-char-start": 11585,
      "location-before-char-end": 11665,
      "location-after-char-start": 11586,
      "location-after-char-end": 11666,
      "node-str": "java.lang.Object()"
    },
    {
      "type": "move-subtree",
      "node": {
        "label": "java.lang.Object()",
        "type": "ConstructorCall"
      },
      "location-before-char-start": 11686,
      "location-before-char-end": 11766,
      "location-after-char-start": 11706,
      "location-after-char-end": 11786,
      "node-str": "java.lang.Object()"
    },
    {
      "type": "move-subtree",
      "node": {
        "label": "java.lang.Object()",
        "type": "ConstructorCall"
      },
      "location-before-char-start": 11787,
      "location-before-char-end": 11867,
      "location-after-char-start": 11826,
      "location-after-char-end": 11906,
      "node-str": "java.lang.Object()"
    },
    {
      "type": "insert-node",
      "node": {
        "label": "UndoableCommand(CH.ifa.draw.application.ChangeAttributeCommand)",
        "type": "ConstructorCall"
      },
      "location-after-char-start": 12180,
      "location-after-char-end": 12329,
      "node-str": "UndoableCommand(CH.ifa.draw.application.ChangeAttributeCommand)"
    },
    {
      "type": "insert-node",
      "node": {
        "label": "editMenu",
        "type": "VariableRead"
      },
      "location-after-char-start": 18477,
      "location-after-char-end": 18484,
      "node-str": "editMenu"
    },
    {
      "type": "insert-node",
      "node": {
        "label": "null",
        "type": "Literal"
      },
      "location-after-char-start": 18489,
      "location-after-char-end": 18492,
      "node-str": "null"
    },
    {
      "type": "move-subtree",
      "node": {
        "label": "checkEnabled",
        "type": "Invocation"
      },
      "location-before-char-start": 19270,
      "location-before-char-end": 19293,
      "location-after-char-start": 18500,
      "location-after-char-end": 18523,
      "node-str": "checkEnabled"
    },
    {
      "type": "insert-node",
      "node": {
        "label": "editMenu",
        "type": "VariableRead"
      },
      "location-after-char-start": 18635,
      "location-after-char-end": 18642,
      "node-str": "editMenu"
    },
    {
      "type": "insert-node",
      "node": {
        "label": "null",
        "type": "Literal"
      },
      "location-after-char-start": 18647,
      "location-after-char-end": 18650,
      "node-str": "null"
    },
    {
      "type": "move-subtree",
      "node": {
        "label": "checkEnabled",
        "type": "Invocation"
      },
      "location-before-char-start": 19380,
      "location-before-char-end": 19408,
      "location-after-char-start": 18658,
      "location-after-char-end": 18686,
      "node-str": "checkEnabled"
    },
    {
      "type": "insert-node",
      "node": {
        "label": "mb",
        "type": "VariableRead"
      },
      "location-after-char-start": 18717,
      "location-after-char-end": 18718,
      "node-str": "mb"
    },
    {
      "type": "insert-node",
      "node": {
        "label": "ATTRIBUTES_MENU",
        "type": "FieldRead"
      },
      "location-after-char-start": 18728,
      "location-after-char-end": 18742,
      "node-str": "ATTRIBUTES_MENU"
    },
    {
      "type": "insert-node",
      "node": {
        "label": "attributeMenu",
        "type": "VariableRead"
      },
      "location-after-char-start": 18781,
      "location-after-char-end": 18793,
      "node-str": "attributeMenu"
    },
    {
      "type": "insert-node",
      "node": {
        "label": "null",
        "type": "Literal"
      },
      "location-after-char-start": 18798,
      "location-after-char-end": 18801,
      "node-str": "null"
    },
    {
      "type": "insert-node",
      "node": {
        "label": "",
        "type": "For"
      },
      "location-after-char-start": 18809,
      "location-after-char-end": 19023,
      "node-str": ""
    },
    {
      "type": "update-node",
      "node": {
        "label": "setText",
        "type": "Invocation"
      },
      "location-before-char-start": 19748,
      "location-before-char-end": 19773,
      "location-after-char-start": 19301,
      "location-after-char-end": 19317,
      "node-str": "showStatus"
    },
    {
      "type": "insert-node",
      "node": {
        "label": "mb",
        "type": "VariableRead"
      },
      "location-after-char-start": 5156,
      "location-after-char-end": 5157,
      "node-str": "mb"
    },
    {
      "type": "insert-node",
      "node": {
        "label": "newMenu",
        "type": "VariableRead"
      },
      "location-after-char-start": 5163,
      "location-after-char-end": 5169,
      "node-str": "newMenu"
    },
    {
      "type": "insert-node",
      "node": {
        "label": "\"Select All\"",
        "type": "Literal"
      },
      "location-after-char-start": 6718,
      "location-after-char-end": 6729,
      "node-str": "\"Select All\""
    },
    {
      "type": "insert-node",
      "node": {
        "label": "view",
        "type": "Invocation"
      },
      "location-after-char-start": 6732,
      "location-after-char-end": 6737,
      "node-str": "view"
    },
    {
      "type": "insert-node",
      "node": {
        "label": "CH.ifa.draw.application.DrawApplication",
        "type": "TypeAccess"
      },
      "location-after-char-start": 0,
      "location-after-char-end": 0,
      "node-str": "CH.ifa.draw.application.DrawApplication"
    },
    {
      "type": "insert-node",
      "node": {
        "label": "CH.ifa.draw.application.DrawApplication",
        "type": "TypeAccess"
      },
      "location-after-char-start": 0,
      "location-after-char-end": 0,
      "node-str": "CH.ifa.draw.application.DrawApplication"
    },
    {
      "type": "insert-node",
      "node": {
        "label": "LEFTS",
        "type": "FieldRead"
      },
      "location-after-char-start": 8096,
      "location-after-char-end": 8123,
      "node-str": "LEFTS"
    },
    {
      "type": "insert-node",
      "node": {
        "label": "CENTERS",
        "type": "FieldRead"
      },
      "location-after-char-start": 8189,
      "location-after-char-end": 8218,
      "node-str": "CENTERS"
    },
    {
      "type": "insert-node",
      "node": {
        "label": "RIGHTS",
        "type": "FieldRead"
      },
      "location-after-char-start": 8284,
      "location-after-char-end": 8312,
      "node-str": "RIGHTS"
    },
    {
      "type": "insert-node",
      "node": {
        "label": "TOPS",
        "type": "FieldRead"
      },
      "location-after-char-start": 8401,
      "location-after-char-end": 8427,
      "node-str": "TOPS"
    },
    {
      "type": "insert-node",
      "node": {
        "label": "MIDDLES",
        "type": "FieldRead"
      },
      "location-after-char-start": 8493,
      "location-after-char-end": 8522,
      "node-str": "MIDDLES"
    },
    {
      "type": "insert-node",
      "node": {
        "label": "BOTTOMS",
        "type": "FieldRead"
      },
      "location-after-char-start": 8588,
      "location-after-char-end": 8617,
      "node-str": "BOTTOMS"
    },
    {
      "type": "move-subtree",
      "node": {
        "label": "java.lang.Object()",
        "type": "ConstructorCall"
      },
      "location-before-char-start": 10037,
      "location-before-char-end": 10216,
      "location-after-char-start": 10100,
      "location-after-char-end": 10212,
      "node-str": "java.lang.Object()"
    },
    {
      "type": "move-subtree",
      "node": {
        "label": "java.lang.Object()",
        "type": "ConstructorCall"
      },
      "location-before-char-start": 11281,
      "location-before-char-end": 11347,
      "location-after-char-start": 11290,
      "location-after-char-end": 11356,
      "node-str": "java.lang.Object()"
    },
    {
      "type": "move-subtree",
      "node": {
        "label": "java.lang.Object()",
        "type": "ConstructorCall"
      },
      "location-before-char-start": 12198,
      "location-before-char-end": 12356,
      "location-after-char-start": 12206,
      "location-after-char-end": 12322,
      "node-str": "java.lang.Object()"
    },
    {
      "type": "insert-node",
      "node": {
        "label": "i",
        "type": "LocalVariable"
      },
      "location-after-char-start": 18814,
      "location-after-char-end": 18822,
      "node-str": "i"
    },
    {
      "type": "insert-node",
      "node": {
        "label": "LT",
        "type": "BinaryOperator"
      },
      "location-after-char-start": 18825,
      "location-after-char-end": 18856,
      "node-str": "LT"
    },
    {
      "type": "insert-node",
      "node": {
        "label": "POSTINC",
        "type": "UnaryOperator"
      },
      "location-after-char-start": 18859,
      "location-after-char-end": 18861,
      "node-str": "POSTINC"
    },
    {
      "type": "insert-node",
      "node": {
        "label": "currentMenu",
        "type": "LocalVariable"
      },
      "location-after-char-start": 18870,
      "location-after-char-end": 18918,
      "node-str": "currentMenu"
    },
    {
      "type": "insert-node",
      "node": {
        "label": "if",
        "type": "If"
      },
      "location-after-char-start": 18924,
      "location-after-char-end": 19018,
      "node-str": "if"
    },
    {
      "type": "move-subtree",
      "node": {
        "label": "CH.ifa.draw.application.DrawApplication",
        "type": "TypeAccess"
      },
      "location-before-char-start": 0,
      "location-before-char-end": 0,
      "location-after-char-start": 0,
      "location-after-char-end": 0,
      "node-str": "CH.ifa.draw.application.DrawApplication"
    },
    {
      "type": "insert-node",
      "node": {
        "label": "CH.ifa.draw.application.DrawApplication",
        "type": "TypeAccess"
      },
      "location-after-char-start": 0,
      "location-after-char-end": 0,
      "node-str": "CH.ifa.draw.application.DrawApplication"
    },
    {
      "type": "insert-node",
      "node": {
        "label": "AlignCommand.Alignment",
        "type": "TypeAccess"
      },
      "location-after-char-start": 0,
      "location-after-char-end": 0,
      "node-str": "AlignCommand.Alignment"
    },
    {
      "type": "insert-node",
      "node": {
        "label": "AlignCommand.Alignment",
        "type": "TypeAccess"
      },
      "location-after-char-start": 0,
      "location-after-char-end": 0,
      "node-str": "AlignCommand.Alignment"
    },
    {
      "type": "insert-node",
      "node": {
        "label": "AlignCommand.Alignment",
        "type": "TypeAccess"
      },
      "location-after-char-start": 0,
      "location-after-char-end": 0,
      "node-str": "AlignCommand.Alignment"
    },
    {
      "type": "insert-node",
      "node": {
        "label": "AlignCommand.Alignment",
        "type": "TypeAccess"
      },
      "location-after-char-start": 0,
      "location-after-char-end": 0,
      "node-str": "AlignCommand.Alignment"
    },
    {
      "type": "insert-node",
      "node": {
        "label": "AlignCommand.Alignment",
        "type": "TypeAccess"
      },
      "location-after-char-start": 0,
      "location-after-char-end": 0,
      "node-str": "AlignCommand.Alignment"
    },
    {
      "type": "insert-node",
      "node": {
        "label": "AlignCommand.Alignment",
        "type": "TypeAccess"
      },
      "location-after-char-start": 0,
      "location-after-char-end": 0,
      "node-str": "AlignCommand.Alignment"
    },
    {
      "type": "insert-node",
      "node": {
        "label": "int",
        "type": "VARIABLE_TYPE"
      },
      "location-after-char-start": 0,
      "location-after-char-end": 0,
      "node-str": "int"
    },
    {
      "type": "insert-node",
      "node": {
        "label": "0",
        "type": "Literal"
      },
      "location-after-char-start": 18822,
      "location-after-char-end": 18822,
      "node-str": "0"
    },
    {
      "type": "insert-node",
      "node": {
        "label": "i",
        "type": "VariableRead"
      },
      "location-after-char-start": 18825,
      "location-after-char-end": 18825,
      "node-str": "i"
    },
    {
      "type": "insert-node",
      "node": {
        "label": "getItemCount",
        "type": "Invocation"
      },
      "location-after-char-start": 18829,
      "location-after-char-end": 18856,
      "node-str": "getItemCount"
    },
    {
      "type": "insert-node",
      "node": {
        "label": "i",
        "type": "VariableWrite"
      },
      "location-after-char-start": 18859,
      "location-after-char-end": 18859,
      "node-str": "i"
    },
    {
      "type": "insert-node",
      "node": {
        "label": "javax.swing.JMenuItem",
        "type": "VARIABLE_TYPE"
      },
      "location-after-char-start": 0,
      "location-after-char-end": 0,
      "node-str": "javax.swing.JMenuItem"
    },
    {
      "type": "insert-node",
      "node": {
        "label": "getItem",
        "type": "Invocation"
      },
      "location-after-char-start": 18894,
      "location-after-char-end": 18917,
      "node-str": "getItem"
    },
    {
      "type": "insert-node",
      "node": {
        "label": "INSTANCEOF",
        "type": "BinaryOperator"
      },
      "location-after-char-start": 18928,
      "location-after-char-end": 18961,
      "node-str": "INSTANCEOF"
    },
    {
      "type": "insert-node",
      "node": {
        "label": "THEN",
        "type": "then"
      },
      "location-after-char-start": 18964,
      "location-after-char-end": 19018,
      "node-str": "THEN"
    },
    {
      "type": "insert-node",
      "node": {
        "label": "attributeMenu",
        "type": "VariableRead"
      },
      "location-after-char-start": 18829,
      "location-after-char-end": 18841,
      "node-str": "attributeMenu"
    },
    {
      "type": "insert-node",
      "node": {
        "label": "attributeMenu",
        "type": "VariableRead"
      },
      "location-after-char-start": 18894,
      "location-after-char-end": 18906,
      "node-str": "attributeMenu"
    },
    {
      "type": "insert-node",
      "node": {
        "label": "i",
        "type": "VariableRead"
      },
      "location-after-char-start": 18916,
      "location-after-char-end": 18916,
      "node-str": "i"
    },
    {
      "type": "insert-node",
      "node": {
        "label": "currentMenu",
        "type": "VariableRead"
      },
      "location-after-char-start": 18928,
      "location-after-char-end": 18938,
      "node-str": "currentMenu"
    },
    {
      "type": "insert-node",
      "node": {
        "label": "CommandMenu",
        "type": "TypeAccess"
      },
      "location-after-char-start": 18951,
      "location-after-char-end": 18961,
      "node-str": "CommandMenu"
    },
    {
      "type": "insert-node",
      "node": {
        "label": "checkEnabled",
        "type": "Invocation"
      },
      "location-after-char-start": 18971,
      "location-after-char-end": 19012,
      "node-str": "checkEnabled"
    },
    {
      "type": "insert-node",
      "node": {
        "label": "currentMenu",
        "type": "VariableRead"
      },
      "location-after-char-start": 18971,
      "location-after-char-end": 18996,
      "node-str": "currentMenu"
    },
    {
      "type": "delete-node",
      "node": {
        "label": "CH.ifa.draw.application.StandardDrawingView",
        "type": "VARIABLE_TYPE"
      },
      "location-before-char-start": 0,
      "location-before-char-end": 0,
      "node-str": "CH.ifa.draw.application.StandardDrawingView"
    },
    {
      "type": "delete-node",
      "node": {
        "label": "fView",
        "type": "Field"
      },
      "location-before-char-start": 905,
      "location-before-char-end": 939,
      "node-str": "fView"
    },
    {
      "type": "delete-node",
      "node": {
        "label": "javax.swing.JPanel",
        "type": "VARIABLE_TYPE"
      },
      "location-before-char-start": 0,
      "location-before-char-end": 0,
      "node-str": "javax.swing.JPanel"
    },
    {
      "type": "delete-node",
      "node": {
        "label": "javax.swing.JPanel()",
        "type": "ConstructorCall"
      },
      "location-before-char-start": 3334,
      "location-before-char-end": 3345,
      "node-str": "javax.swing.JPanel()"
    },
    {
      "type": "delete-node",
      "node": {
        "label": "fullPanel",
        "type": "LocalVariable"
      },
      "location-before-char-start": 3315,
      "location-before-char-end": 3346,
      "node-str": "fullPanel"
    },
    {
      "type": "delete-node",
      "node": {
        "label": "fullPanel",
        "type": "VariableRead"
      },
      "location-before-char-start": 3356,
      "location-before-char-end": 3364,
      "node-str": "fullPanel"
    },
    {
      "type": "delete-node",
      "node": {
        "label": "fullPanel",
        "type": "VariableRead"
      },
      "location-before-char-start": 3390,
      "location-before-char-end": 3398,
      "node-str": "fullPanel"
    },
    {
      "type": "delete-node",
      "node": {
        "label": "javax.swing.BoxLayout",
        "type": "TypeAccess"
      },
      "location-before-char-start": 3401,
      "location-before-char-end": 3409,
      "node-str": "javax.swing.BoxLayout"
    },
    {
      "type": "delete-node",
      "node": {
        "label": "X_AXIS",
        "type": "FieldRead"
      },
      "location-before-char-start": 3401,
      "location-before-char-end": 3416,
      "node-str": "X_AXIS"
    },
    {
      "type": "delete-node",
      "node": {
        "label": "javax.swing.BoxLayout(java.awt.Container,int)",
        "type": "ConstructorCall"
      },
      "location-before-char-start": 3376,
      "location-before-char-end": 3417,
      "node-str": "javax.swing.BoxLayout(java.awt.Container,int)"
    },
    {
      "type": "delete-node",
      "node": {
        "label": "setLayout",
        "type": "Invocation"
      },
      "location-before-char-start": 3356,
      "location-before-char-end": 3419,
      "node-str": "setLayout"
    },
    {
      "type": "delete-node",
      "node": {
        "label": "fullPanel",
        "type": "VariableRead"
      },
      "location-before-char-start": 3966,
      "location-before-char-end": 3974,
      "node-str": "fullPanel"
    },
    {
      "type": "delete-node",
      "node": {
        "label": "add",
        "type": "Invocation"
      },
      "location-before-char-start": 3966,
      "location-before-char-end": 3992,
      "node-str": "add"
    },
    {
      "type": "delete-node",
      "node": {
        "label": "fullPanel",
        "type": "VariableRead"
      },
      "location-before-char-start": 4066,
      "location-before-char-end": 4074,
      "node-str": "fullPanel"
    },
    {
      "type": "delete-node",
      "node": {
        "label": "\"Rights\"",
        "type": "Literal"
      },
      "location-before-char-start": 8137,
      "location-before-char-end": 8144,
      "node-str": "\"Rights\""
    },
    {
      "type": "delete-node",
      "node": {
        "label": "AlignCommand",
        "type": "TypeAccess"
      },
      "location-before-char-start": 0,
      "location-before-char-end": 0,
      "node-str": "AlignCommand"
    },
    {
      "type": "delete-node",
      "node": {
        "label": "RIGHTS",
        "type": "FieldRead"
      },
      "location-before-char-start": 8155,
      "location-before-char-end": 8173,
      "node-str": "RIGHTS"
    },
    {
      "type": "delete-node",
      "node": {
        "label": "\"Centers\"",
        "type": "Literal"
      },
      "location-before-char-start": 8066,
      "location-before-char-end": 8074,
      "node-str": "\"Centers\""
    },
    {
      "type": "delete-node",
      "node": {
        "label": "AlignCommand",
        "type": "TypeAccess"
      },
      "location-before-char-start": 0,
      "location-before-char-end": 0,
      "node-str": "AlignCommand"
    },
    {
      "type": "delete-node",
      "node": {
        "label": "CENTERS",
        "type": "FieldRead"
      },
      "location-before-char-start": 8085,
      "location-before-char-end": 8104,
      "node-str": "CENTERS"
    },
    {
      "type": "delete-node",
      "node": {
        "label": "\"Lefts\"",
        "type": "Literal"
      },
      "location-before-char-start": 7999,
      "location-before-char-end": 8005,
      "node-str": "\"Lefts\""
    },
    {
      "type": "delete-node",
      "node": {
        "label": "AlignCommand",
        "type": "TypeAccess"
      },
      "location-before-char-start": 0,
      "location-before-char-end": 0,
      "node-str": "AlignCommand"
    },
    {
      "type": "delete-node",
      "node": {
        "label": "LEFTS",
        "type": "FieldRead"
      },
      "location-before-char-start": 8016,
      "location-before-char-end": 8033,
      "node-str": "LEFTS"
    },
    {
      "type": "delete-node",
      "node": {
        "label": "\"Tops\"",
        "type": "Literal"
      },
      "location-before-char-start": 8229,
      "location-before-char-end": 8234,
      "node-str": "\"Tops\""
    },
    {
      "type": "delete-node",
      "node": {
        "label": "AlignCommand",
        "type": "TypeAccess"
      },
      "location-before-char-start": 0,
      "location-before-char-end": 0,
      "node-str": "AlignCommand"
    },
    {
      "type": "delete-node",
      "node": {
        "label": "TOPS",
        "type": "FieldRead"
      },
      "location-before-char-start": 8245,
      "location-before-char-end": 8261,
      "node-str": "TOPS"
    },
    {
      "type": "delete-node",
      "node": {
        "label": "\"Middles\"",
        "type": "Literal"
      },
      "location-before-char-start": 8294,
      "location-before-char-end": 8302,
      "node-str": "\"Middles\""
    },
    {
      "type": "delete-node",
      "node": {
        "label": "AlignCommand",
        "type": "TypeAccess"
      },
      "location-before-char-start": 0,
      "location-before-char-end": 0,
      "node-str": "AlignCommand"
    },
    {
      "type": "delete-node",
      "node": {
        "label": "MIDDLES",
        "type": "FieldRead"
      },
      "location-before-char-start": 8313,
      "location-before-char-end": 8332,
      "node-str": "MIDDLES"
    },
    {
      "type": "delete-node",
      "node": {
        "label": "\"Bottoms\"",
        "type": "Literal"
      },
      "location-before-char-start": 8365,
      "location-before-char-end": 8373,
      "node-str": "\"Bottoms\""
    },
    {
      "type": "delete-node",
      "node": {
        "label": "AlignCommand",
        "type": "TypeAccess"
      },
      "location-before-char-start": 0,
      "location-before-char-end": 0,
      "node-str": "AlignCommand"
    },
    {
      "type": "delete-node",
      "node": {
        "label": "BOTTOMS",
        "type": "FieldRead"
      },
      "location-before-char-start": 8384,
      "location-before-char-end": 8403,
      "node-str": "BOTTOMS"
    },
    {
      "type": "delete-node",
      "node": {
        "label": "fStatusLine",
        "type": "FieldRead"
      },
      "location-before-char-start": 19748,
      "location-before-char-end": 19758,
      "node-str": "fStatusLine"
    }
  ],
  "before-file": {},
  "after-file": {},
  "mapping": {}
}