{
  "tool-info": {},
  "diff": [
    {
      "type": "insert-node",
      "node": {
        "label": "NothingApplet",
        "type": "Class"
      },
      "location-after-char-start": 560,
      "location-after-char-end": 1827,
      "node-str": "NothingApplet"
    },
    {
      "type": "insert-node",
      "node": {
        "label": "public",
        "type": "Modifier"
      },
      "location-after-char-start": 0,
      "location-after-char-end": 0,
      "node-str": "public"
    },
    {
      "type": "insert-node",
      "node": {
        "label": "",
        "type": "TypeReference"
      },
      "location-after-char-start": 635,
      "location-after-char-end": 644,
      "node-str": ""
    },
    {
      "type": "insert-node",
      "node": {
        "label": "createTools",
        "type": "Method"
      },
      "location-after-char-start": 650,
      "location-after-char-end": 1825,
      "node-str": "createTools"
    },
    {
      "type": "insert-node",
      "node": {
        "label": "DrawApplet",
        "type": "SUPER_TYPE"
      },
      "location-after-char-start": 0,
      "location-after-char-end": 0,
      "node-str": "DrawApplet"
    },
    {
      "type": "insert-node",
      "node": {
        "label": "void",
        "type": "RETURN_TYPE"
      },
      "location-after-char-start": 0,
      "location-after-char-end": 0,
      "node-str": "void"
    },
    {
      "type": "insert-node",
      "node": {
        "label": "protected",
        "type": "Modifier"
      },
      "location-after-char-start": 0,
      "location-after-char-end": 0,
      "node-str": "protected"
    },
    {
      "type": "insert-node",
      "node": {
        "label": "palette",
        "type": "Parameter"
      },
      "location-after-char-start": 747,
      "location-after-char-end": 760,
      "node-str": "palette"
    },
    {
      "type": "insert-node",
      "node": {
        "label": "createTools",
        "type": "Invocation"
      },
      "location-after-char-start": 767,
      "location-after-char-end": 793,
      "node-str": "createTools"
    },
    {
      "type": "insert-node",
      "node": {
        "label": "tool",
        "type": "LocalVariable"
      },
      "location-after-char-start": 798,
      "location-after-char-end": 846,
      "node-str": "tool"
    },
    {
      "type": "insert-node",
      "node": {
        "label": "add",
        "type": "Invocation"
      },
      "location-after-char-start": 850,
      "location-after-char-end": 915,
      "node-str": "add"
    },
    {
      "type": "insert-node",
      "node": {
        "label": "\u003d",
        "type": "Assignment"
      },
      "location-after-char-start": 920,
      "location-after-char-end": 972,
      "node-str": "\u003d"
    },
    {
      "type": "insert-node",
      "node": {
        "label": "add",
        "type": "Invocation"
      },
      "location-after-char-start": 976,
      "location-after-char-end": 1046,
      "node-str": "add"
    },
    {
      "type": "insert-node",
      "node": {
        "label": "\u003d",
        "type": "Assignment"
      },
      "location-after-char-start": 1051,
      "location-after-char-end": 1108,
      "node-str": "\u003d"
    },
    {
      "type": "insert-node",
      "node": {
        "label": "add",
        "type": "Invocation"
      },
      "location-after-char-start": 1112,
      "location-after-char-end": 1189,
      "node-str": "add"
    },
    {
      "type": "insert-node",
      "node": {
        "label": "\u003d",
        "type": "Assignment"
      },
      "location-after-char-start": 1194,
      "location-after-char-end": 1244,
      "node-str": "\u003d"
    },
    {
      "type": "insert-node",
      "node": {
        "label": "add",
        "type": "Invocation"
      },
      "location-after-char-start": 1248,
      "location-after-char-end": 1319,
      "node-str": "add"
    },
    {
      "type": "insert-node",
      "node": {
        "label": "\u003d",
        "type": "Assignment"
      },
      "location-after-char-start": 1324,
      "location-after-char-end": 1371,
      "node-str": "\u003d"
    },
    {
      "type": "insert-node",
      "node": {
        "label": "add",
        "type": "Invocation"
      },
      "location-after-char-start": 1375,
      "location-after-char-end": 1440,
      "node-str": "add"
    },
    {
      "type": "insert-node",
      "node": {
        "label": "\u003d",
        "type": "Assignment"
      },
      "location-after-char-start": 1445,
      "location-after-char-end": 1473,
      "node-str": "\u003d"
    },
    {
      "type": "insert-node",
      "node": {
        "label": "add",
        "type": "Invocation"
      },
      "location-after-char-start": 1477,
      "location-after-char-end": 1548,
      "node-str": "add"
    },
    {
      "type": "insert-node",
      "node": {
        "label": "\u003d",
        "type": "Assignment"
      },
      "location-after-char-start": 1553,
      "location-after-char-end": 1606,
      "node-str": "\u003d"
    },
    {
      "type": "insert-node",
      "node": {
        "label": "add",
        "type": "Invocation"
      },
      "location-after-char-start": 1610,
      "location-after-char-end": 1681,
      "node-str": "add"
    },
    {
      "type": "insert-node",
      "node": {
        "label": "\u003d",
        "type": "Assignment"
      },
      "location-after-char-start": 1686,
      "location-after-char-end": 1740,
      "node-str": "\u003d"
    },
    {
      "type": "insert-node",
      "node": {
        "label": "add",
        "type": "Invocation"
      },
      "location-after-char-start": 1744,
      "location-after-char-end": 1822,
      "node-str": "add"
    },
    {
      "type": "insert-node",
      "node": {
        "label": "javax.swing.JPanel",
        "type": "VARIABLE_TYPE"
      },
      "location-after-char-start": 0,
      "location-after-char-end": 0,
      "node-str": "javax.swing.JPanel"
    },
    {
      "type": "insert-node",
      "node": {
        "label": "super",
        "type": "SuperAccess"
      },
      "location-after-char-start": 767,
      "location-after-char-end": 771,
      "node-str": "super"
    },
    {
      "type": "insert-node",
      "node": {
        "label": "palette",
        "type": "VariableRead"
      },
      "location-after-char-start": 785,
      "location-after-char-end": 791,
      "node-str": "palette"
    },
    {
      "type": "insert-node",
      "node": {
        "label": "Tool",
        "type": "VARIABLE_TYPE"
      },
      "location-after-char-start": 0,
      "location-after-char-end": 0,
      "node-str": "Tool"
    },
    {
      "type": "insert-node",
      "node": {
        "label": "java.lang.Object()",
        "type": "ConstructorCall"
      },
      "location-after-char-start": 810,
      "location-after-char-end": 845,
      "node-str": "java.lang.Object()"
    },
    {
      "type": "insert-node",
      "node": {
        "label": "palette",
        "type": "VariableRead"
      },
      "location-after-char-start": 850,
      "location-after-char-end": 856,
      "node-str": "palette"
    },
    {
      "type": "insert-node",
      "node": {
        "label": "createToolButton",
        "type": "Invocation"
      },
      "location-after-char-start": 862,
      "location-after-char-end": 913,
      "node-str": "createToolButton"
    },
    {
      "type": "insert-node",
      "node": {
        "label": "tool",
        "type": "VariableWrite"
      },
      "location-after-char-start": 920,
      "location-after-char-end": 923,
      "node-str": "tool"
    },
    {
      "type": "insert-node",
      "node": {
        "label": "java.lang.Object()",
        "type": "ConstructorCall"
      },
      "location-after-char-start": 927,
      "location-after-char-end": 971,
      "node-str": "java.lang.Object()"
    },
    {
      "type": "insert-node",
      "node": {
        "label": "palette",
        "type": "VariableRead"
      },
      "location-after-char-start": 976,
      "location-after-char-end": 982,
      "node-str": "palette"
    },
    {
      "type": "insert-node",
      "node": {
        "label": "createToolButton",
        "type": "Invocation"
      },
      "location-after-char-start": 988,
      "location-after-char-end": 1044,
      "node-str": "createToolButton"
    },
    {
      "type": "insert-node",
      "node": {
        "label": "tool",
        "type": "VariableWrite"
      },
      "location-after-char-start": 1051,
      "location-after-char-end": 1054,
      "node-str": "tool"
    },
    {
      "type": "insert-node",
      "node": {
        "label": "java.lang.Object()",
        "type": "ConstructorCall"
      },
      "location-after-char-start": 1058,
      "location-after-char-end": 1107,
      "node-str": "java.lang.Object()"
    },
    {
      "type": "insert-node",
      "node": {
        "label": "palette",
        "type": "VariableRead"
      },
      "location-after-char-start": 1112,
      "location-after-char-end": 1118,
      "node-str": "palette"
    },
    {
      "type": "insert-node",
      "node": {
        "label": "createToolButton",
        "type": "Invocation"
      },
      "location-after-char-start": 1124,
      "location-after-char-end": 1187,
      "node-str": "createToolButton"
    },
    {
      "type": "insert-node",
      "node": {
        "label": "tool",
        "type": "VariableWrite"
      },
      "location-after-char-start": 1194,
      "location-after-char-end": 1197,
      "node-str": "tool"
    },
    {
      "type": "insert-node",
      "node": {
        "label": "java.lang.Object()",
        "type": "ConstructorCall"
      },
      "location-after-char-start": 1201,
      "location-after-char-end": 1243,
      "node-str": "java.lang.Object()"
    },
    {
      "type": "insert-node",
      "node": {
        "label": "palette",
        "type": "VariableRead"
      },
      "location-after-char-start": 1248,
      "location-after-char-end": 1254,
      "node-str": "palette"
    },
    {
      "type": "insert-node",
      "node": {
        "label": "createToolButton",
        "type": "Invocation"
      },
      "location-after-char-start": 1260,
      "location-after-char-end": 1317,
      "node-str": "createToolButton"
    },
    {
      "type": "insert-node",
      "node": {
        "label": "tool",
        "type": "VariableWrite"
      },
      "location-after-char-start": 1324,
      "location-after-char-end": 1327,
      "node-str": "tool"
    },
    {
      "type": "insert-node",
      "node": {
        "label": "java.lang.Object()",
        "type": "ConstructorCall"
      },
      "location-after-char-start": 1331,
      "location-after-char-end": 1370,
      "node-str": "java.lang.Object()"
    },
    {
      "type": "insert-node",
      "node": {
        "label": "palette",
        "type": "VariableRead"
      },
      "location-after-char-start": 1375,
      "location-after-char-end": 1381,
      "node-str": "palette"
    },
    {
      "type": "insert-node",
      "node": {
        "label": "createToolButton",
        "type": "Invocation"
      },
      "location-after-char-start": 1387,
      "location-after-char-end": 1438,
      "node-str": "createToolButton"
    },
    {
      "type": "insert-node",
      "node": {
        "label": "tool",
        "type": "VariableWrite"
      },
      "location-after-char-start": 1445,
      "location-after-char-end": 1448,
      "node-str": "tool"
    },
    {
      "type": "insert-node",
      "node": {
        "label": "PolygonTool(org.jhotdraw.samples.nothing.NothingApplet)",
        "type": "ConstructorCall"
      },
      "location-after-char-start": 1452,
      "location-after-char-end": 1472,
      "node-str": "PolygonTool(org.jhotdraw.samples.nothing.NothingApplet)"
    },
    {
      "type": "insert-node",
      "node": {
        "label": "palette",
        "type": "VariableRead"
      },
      "location-after-char-start": 1477,
      "location-after-char-end": 1483,
      "node-str": "palette"
    },
    {
      "type": "insert-node",
      "node": {
        "label": "createToolButton",
        "type": "Invocation"
      },
      "location-after-char-start": 1489,
      "location-after-char-end": 1546,
      "node-str": "createToolButton"
    },
    {
      "type": "insert-node",
      "node": {
        "label": "tool",
        "type": "VariableWrite"
      },
      "location-after-char-start": 1553,
      "location-after-char-end": 1556,
      "node-str": "tool"
    },
    {
      "type": "insert-node",
      "node": {
        "label": "java.lang.Object()",
        "type": "ConstructorCall"
      },
      "location-after-char-start": 1560,
      "location-after-char-end": 1605,
      "node-str": "java.lang.Object()"
    },
    {
      "type": "insert-node",
      "node": {
        "label": "palette",
        "type": "VariableRead"
      },
      "location-after-char-start": 1610,
      "location-after-char-end": 1616,
      "node-str": "palette"
    },
    {
      "type": "insert-node",
      "node": {
        "label": "createToolButton",
        "type": "Invocation"
      },
      "location-after-char-start": 1622,
      "location-after-char-end": 1679,
      "node-str": "createToolButton"
    },
    {
      "type": "insert-node",
      "node": {
        "label": "tool",
        "type": "VariableWrite"
      },
      "location-after-char-start": 1686,
      "location-after-char-end": 1689,
      "node-str": "tool"
    },
    {
      "type": "insert-node",
      "node": {
        "label": "java.lang.Object()",
        "type": "ConstructorCall"
      },
      "location-after-char-start": 1693,
      "location-after-char-end": 1739,
      "node-str": "java.lang.Object()"
    },
    {
      "type": "insert-node",
      "node": {
        "label": "palette",
        "type": "VariableRead"
      },
      "location-after-char-start": 1744,
      "location-after-char-end": 1750,
      "node-str": "palette"
    },
    {
      "type": "insert-node",
      "node": {
        "label": "createToolButton",
        "type": "Invocation"
      },
      "location-after-char-start": 1756,
      "location-after-char-end": 1820,
      "node-str": "createToolButton"
    },
    {
      "type": "insert-node",
      "node": {
        "label": "this",
        "type": "ThisAccess"
      },
      "location-after-char-start": 823,
      "location-after-char-end": 826,
      "node-str": "this"
    },
    {
      "type": "insert-node",
      "node": {
        "label": "TextFigure()",
        "type": "ConstructorCall"
      },
      "location-after-char-start": 829,
      "location-after-char-end": 844,
      "node-str": "TextFigure()"
    },
    {
      "type": "insert-node",
      "node": {
        "label": "org.jhotdraw.samples.nothing.NothingApplet",
        "type": "TypeAccess"
      },
      "location-after-char-start": 0,
      "location-after-char-end": 0,
      "node-str": "org.jhotdraw.samples.nothing.NothingApplet"
    },
    {
      "type": "insert-node",
      "node": {
        "label": "PLUS",
        "type": "BinaryOperator"
      },
      "location-after-char-start": 879,
      "location-after-char-end": 893,
      "node-str": "PLUS"
    },
    {
      "type": "insert-node",
      "node": {
        "label": "\"Text Tool\"",
        "type": "Literal"
      },
      "location-after-char-start": 896,
      "location-after-char-end": 906,
      "node-str": "\"Text Tool\""
    },
    {
      "type": "insert-node",
      "node": {
        "label": "tool",
        "type": "VariableRead"
      },
      "location-after-char-start": 909,
      "location-after-char-end": 912,
      "node-str": "tool"
    },
    {
      "type": "insert-node",
      "node": {
        "label": "this",
        "type": "ThisAccess"
      },
      "location-after-char-start": 944,
      "location-after-char-end": 947,
      "node-str": "this"
    },
    {
      "type": "insert-node",
      "node": {
        "label": "RectangleFigure()",
        "type": "ConstructorCall"
      },
      "location-after-char-start": 950,
      "location-after-char-end": 970,
      "node-str": "RectangleFigure()"
    },
    {
      "type": "insert-node",
      "node": {
        "label": "org.jhotdraw.samples.nothing.NothingApplet",
        "type": "TypeAccess"
      },
      "location-after-char-start": 0,
      "location-after-char-end": 0,
      "node-str": "org.jhotdraw.samples.nothing.NothingApplet"
    },
    {
      "type": "insert-node",
      "node": {
        "label": "PLUS",
        "type": "BinaryOperator"
      },
      "location-after-char-start": 1005,
      "location-after-char-end": 1019,
      "node-str": "PLUS"
    },
    {
      "type": "insert-node",
      "node": {
        "label": "\"Rectangle Tool\"",
        "type": "Literal"
      },
      "location-after-char-start": 1022,
      "location-after-char-end": 1037,
      "node-str": "\"Rectangle Tool\""
    },
    {
      "type": "insert-node",
      "node": {
        "label": "tool",
        "type": "VariableRead"
      },
      "location-after-char-start": 1040,
      "location-after-char-end": 1043,
      "node-str": "tool"
    },
    {
      "type": "insert-node",
      "node": {
        "label": "this",
        "type": "ThisAccess"
      },
      "location-after-char-start": 1075,
      "location-after-char-end": 1078,
      "node-str": "this"
    },
    {
      "type": "insert-node",
      "node": {
        "label": "RoundRectangleFigure()",
        "type": "ConstructorCall"
      },
      "location-after-char-start": 1081,
      "location-after-char-end": 1106,
      "node-str": "RoundRectangleFigure()"
    },
    {
      "type": "insert-node",
      "node": {
        "label": "org.jhotdraw.samples.nothing.NothingApplet",
        "type": "TypeAccess"
      },
      "location-after-char-start": 0,
      "location-after-char-end": 0,
      "node-str": "org.jhotdraw.samples.nothing.NothingApplet"
    },
    {
      "type": "insert-node",
      "node": {
        "label": "PLUS",
        "type": "BinaryOperator"
      },
      "location-after-char-start": 1141,
      "location-after-char-end": 1156,
      "node-str": "PLUS"
    },
    {
      "type": "insert-node",
      "node": {
        "label": "\"Round Rectangle Tool\"",
        "type": "Literal"
      },
      "location-after-char-start": 1159,
      "location-after-char-end": 1180,
      "node-str": "\"Round Rectangle Tool\""
    },
    {
      "type": "insert-node",
      "node": {
        "label": "tool",
        "type": "VariableRead"
      },
      "location-after-char-start": 1183,
      "location-after-char-end": 1186,
      "node-str": "tool"
    },
    {
      "type": "insert-node",
      "node": {
        "label": "this",
        "type": "ThisAccess"
      },
      "location-after-char-start": 1218,
      "location-after-char-end": 1221,
      "node-str": "this"
    },
    {
      "type": "insert-node",
      "node": {
        "label": "EllipseFigure()",
        "type": "ConstructorCall"
      },
      "location-after-char-start": 1224,
      "location-after-char-end": 1242,
      "node-str": "EllipseFigure()"
    },
    {
      "type": "insert-node",
      "node": {
        "label": "org.jhotdraw.samples.nothing.NothingApplet",
        "type": "TypeAccess"
      },
      "location-after-char-start": 0,
      "location-after-char-end": 0,
      "node-str": "org.jhotdraw.samples.nothing.NothingApplet"
    },
    {
      "type": "insert-node",
      "node": {
        "label": "PLUS",
        "type": "BinaryOperator"
      },
      "location-after-char-start": 1277,
      "location-after-char-end": 1294,
      "node-str": "PLUS"
    },
    {
      "type": "insert-node",
      "node": {
        "label": "\"Ellipse Tool\"",
        "type": "Literal"
      },
      "location-after-char-start": 1297,
      "location-after-char-end": 1310,
      "node-str": "\"Ellipse Tool\""
    },
    {
      "type": "insert-node",
      "node": {
        "label": "tool",
        "type": "VariableRead"
      },
      "location-after-char-start": 1313,
      "location-after-char-end": 1316,
      "node-str": "tool"
    },
    {
      "type": "insert-node",
      "node": {
        "label": "this",
        "type": "ThisAccess"
      },
      "location-after-char-start": 1348,
      "location-after-char-end": 1351,
      "node-str": "this"
    },
    {
      "type": "insert-node",
      "node": {
        "label": "LineFigure()",
        "type": "ConstructorCall"
      },
      "location-after-char-start": 1354,
      "location-after-char-end": 1369,
      "node-str": "LineFigure()"
    },
    {
      "type": "insert-node",
      "node": {
        "label": "org.jhotdraw.samples.nothing.NothingApplet",
        "type": "TypeAccess"
      },
      "location-after-char-start": 0,
      "location-after-char-end": 0,
      "node-str": "org.jhotdraw.samples.nothing.NothingApplet"
    },
    {
      "type": "insert-node",
      "node": {
        "label": "PLUS",
        "type": "BinaryOperator"
      },
      "location-after-char-start": 1404,
      "location-after-char-end": 1418,
      "node-str": "PLUS"
    },
    {
      "type": "insert-node",
      "node": {
        "label": "\"Line Tool\"",
        "type": "Literal"
      },
      "location-after-char-start": 1421,
      "location-after-char-end": 1431,
      "node-str": "\"Line Tool\""
    },
    {
      "type": "insert-node",
      "node": {
        "label": "tool",
        "type": "VariableRead"
      },
      "location-after-char-start": 1434,
      "location-after-char-end": 1437,
      "node-str": "tool"
    },
    {
      "type": "insert-node",
      "node": {
        "label": "this",
        "type": "ThisAccess"
      },
      "location-after-char-start": 1468,
      "location-after-char-end": 1471,
      "node-str": "this"
    },
    {
      "type": "insert-node",
      "node": {
        "label": "org.jhotdraw.samples.nothing.NothingApplet",
        "type": "TypeAccess"
      },
      "location-after-char-start": 0,
      "location-after-char-end": 0,
      "node-str": "org.jhotdraw.samples.nothing.NothingApplet"
    },
    {
      "type": "insert-node",
      "node": {
        "label": "PLUS",
        "type": "BinaryOperator"
      },
      "location-after-char-start": 1506,
      "location-after-char-end": 1523,
      "node-str": "PLUS"
    },
    {
      "type": "insert-node",
      "node": {
        "label": "\"Polygon Tool\"",
        "type": "Literal"
      },
      "location-after-char-start": 1526,
      "location-after-char-end": 1539,
      "node-str": "\"Polygon Tool\""
    },
    {
      "type": "insert-node",
      "node": {
        "label": "tool",
        "type": "VariableRead"
      },
      "location-after-char-start": 1542,
      "location-after-char-end": 1545,
      "node-str": "tool"
    },
    {
      "type": "insert-node",
      "node": {
        "label": "this",
        "type": "ThisAccess"
      },
      "location-after-char-start": 1579,
      "location-after-char-end": 1582,
      "node-str": "this"
    },
    {
      "type": "insert-node",
      "node": {
        "label": "LineConnection()",
        "type": "ConstructorCall"
      },
      "location-after-char-start": 1585,
      "location-after-char-end": 1604,
      "node-str": "LineConnection()"
    },
    {
      "type": "insert-node",
      "node": {
        "label": "org.jhotdraw.samples.nothing.NothingApplet",
        "type": "TypeAccess"
      },
      "location-after-char-start": 0,
      "location-after-char-end": 0,
      "node-str": "org.jhotdraw.samples.nothing.NothingApplet"
    },
    {
      "type": "insert-node",
      "node": {
        "label": "PLUS",
        "type": "BinaryOperator"
      },
      "location-after-char-start": 1639,
      "location-after-char-end": 1653,
      "node-str": "PLUS"
    },
    {
      "type": "insert-node",
      "node": {
        "label": "\"Connection Tool\"",
        "type": "Literal"
      },
      "location-after-char-start": 1656,
      "location-after-char-end": 1672,
      "node-str": "\"Connection Tool\""
    },
    {
      "type": "insert-node",
      "node": {
        "label": "tool",
        "type": "VariableRead"
      },
      "location-after-char-start": 1675,
      "location-after-char-end": 1678,
      "node-str": "tool"
    },
    {
      "type": "insert-node",
      "node": {
        "label": "this",
        "type": "ThisAccess"
      },
      "location-after-char-start": 1712,
      "location-after-char-end": 1715,
      "node-str": "this"
    },
    {
      "type": "insert-node",
      "node": {
        "label": "ElbowConnection()",
        "type": "ConstructorCall"
      },
      "location-after-char-start": 1718,
      "location-after-char-end": 1738,
      "node-str": "ElbowConnection()"
    },
    {
      "type": "insert-node",
      "node": {
        "label": "org.jhotdraw.samples.nothing.NothingApplet",
        "type": "TypeAccess"
      },
      "location-after-char-start": 0,
      "location-after-char-end": 0,
      "node-str": "org.jhotdraw.samples.nothing.NothingApplet"
    },
    {
      "type": "insert-node",
      "node": {
        "label": "PLUS",
        "type": "BinaryOperator"
      },
      "location-after-char-start": 1773,
      "location-after-char-end": 1788,
      "node-str": "PLUS"
    },
    {
      "type": "insert-node",
      "node": {
        "label": "\"Elbow Connection Tool\"",
        "type": "Literal"
      },
      "location-after-char-start": 1791,
      "location-after-char-end": 1813,
      "node-str": "\"Elbow Connection Tool\""
    },
    {
      "type": "insert-node",
      "node": {
        "label": "tool",
        "type": "VariableRead"
      },
      "location-after-char-start": 1816,
      "location-after-char-end": 1819,
      "node-str": "tool"
    },
    {
      "type": "insert-node",
      "node": {
        "label": "org.jhotdraw.samples.nothing.NothingApplet",
        "type": "TypeAccess"
      },
      "location-after-char-start": 0,
      "location-after-char-end": 0,
      "node-str": "org.jhotdraw.samples.nothing.NothingApplet"
    },
    {
      "type": "insert-node",
      "node": {
        "label": "IMAGES",
        "type": "FieldRead"
      },
      "location-after-char-start": 879,
      "location-after-char-end": 884,
      "node-str": "IMAGES"
    },
    {
      "type": "insert-node",
      "node": {
        "label": "\"TEXT\"",
        "type": "Literal"
      },
      "location-after-char-start": 888,
      "location-after-char-end": 893,
      "node-str": "\"TEXT\""
    },
    {
      "type": "insert-node",
      "node": {
        "label": "org.jhotdraw.samples.nothing.NothingApplet",
        "type": "TypeAccess"
      },
      "location-after-char-start": 0,
      "location-after-char-end": 0,
      "node-str": "org.jhotdraw.samples.nothing.NothingApplet"
    },
    {
      "type": "insert-node",
      "node": {
        "label": "IMAGES",
        "type": "FieldRead"
      },
      "location-after-char-start": 1005,
      "location-after-char-end": 1010,
      "node-str": "IMAGES"
    },
    {
      "type": "insert-node",
      "node": {
        "label": "\"RECT\"",
        "type": "Literal"
      },
      "location-after-char-start": 1014,
      "location-after-char-end": 1019,
      "node-str": "\"RECT\""
    },
    {
      "type": "insert-node",
      "node": {
        "label": "org.jhotdraw.samples.nothing.NothingApplet",
        "type": "TypeAccess"
      },
      "location-after-char-start": 0,
      "location-after-char-end": 0,
      "node-str": "org.jhotdraw.samples.nothing.NothingApplet"
    },
    {
      "type": "insert-node",
      "node": {
        "label": "IMAGES",
        "type": "FieldRead"
      },
      "location-after-char-start": 1141,
      "location-after-char-end": 1146,
      "node-str": "IMAGES"
    },
    {
      "type": "insert-node",
      "node": {
        "label": "\"RRECT\"",
        "type": "Literal"
      },
      "location-after-char-start": 1150,
      "location-after-char-end": 1156,
      "node-str": "\"RRECT\""
    },
    {
      "type": "insert-node",
      "node": {
        "label": "org.jhotdraw.samples.nothing.NothingApplet",
        "type": "TypeAccess"
      },
      "location-after-char-start": 0,
      "location-after-char-end": 0,
      "node-str": "org.jhotdraw.samples.nothing.NothingApplet"
    },
    {
      "type": "insert-node",
      "node": {
        "label": "IMAGES",
        "type": "FieldRead"
      },
      "location-after-char-start": 1277,
      "location-after-char-end": 1282,
      "node-str": "IMAGES"
    },
    {
      "type": "insert-node",
      "node": {
        "label": "\"ELLIPSE\"",
        "type": "Literal"
      },
      "location-after-char-start": 1286,
      "location-after-char-end": 1294,
      "node-str": "\"ELLIPSE\""
    },
    {
      "type": "insert-node",
      "node": {
        "label": "org.jhotdraw.samples.nothing.NothingApplet",
        "type": "TypeAccess"
      },
      "location-after-char-start": 0,
      "location-after-char-end": 0,
      "node-str": "org.jhotdraw.samples.nothing.NothingApplet"
    },
    {
      "type": "insert-node",
      "node": {
        "label": "IMAGES",
        "type": "FieldRead"
      },
      "location-after-char-start": 1404,
      "location-after-char-end": 1409,
      "node-str": "IMAGES"
    },
    {
      "type": "insert-node",
      "node": {
        "label": "\"LINE\"",
        "type": "Literal"
      },
      "location-after-char-start": 1413,
      "location-after-char-end": 1418,
      "node-str": "\"LINE\""
    },
    {
      "type": "insert-node",
      "node": {
        "label": "org.jhotdraw.samples.nothing.NothingApplet",
        "type": "TypeAccess"
      },
      "location-after-char-start": 0,
      "location-after-char-end": 0,
      "node-str": "org.jhotdraw.samples.nothing.NothingApplet"
    },
    {
      "type": "insert-node",
      "node": {
        "label": "IMAGES",
        "type": "FieldRead"
      },
      "location-after-char-start": 1506,
      "location-after-char-end": 1511,
      "node-str": "IMAGES"
    },
    {
      "type": "insert-node",
      "node": {
        "label": "\"POLYGON\"",
        "type": "Literal"
      },
      "location-after-char-start": 1515,
      "location-after-char-end": 1523,
      "node-str": "\"POLYGON\""
    },
    {
      "type": "insert-node",
      "node": {
        "label": "org.jhotdraw.samples.nothing.NothingApplet",
        "type": "TypeAccess"
      },
      "location-after-char-start": 0,
      "location-after-char-end": 0,
      "node-str": "org.jhotdraw.samples.nothing.NothingApplet"
    },
    {
      "type": "insert-node",
      "node": {
        "label": "IMAGES",
        "type": "FieldRead"
      },
      "location-after-char-start": 1639,
      "location-after-char-end": 1644,
      "node-str": "IMAGES"
    },
    {
      "type": "insert-node",
      "node": {
        "label": "\"CONN\"",
        "type": "Literal"
      },
      "location-after-char-start": 1648,
      "location-after-char-end": 1653,
      "node-str": "\"CONN\""
    },
    {
      "type": "insert-node",
      "node": {
        "label": "org.jhotdraw.samples.nothing.NothingApplet",
        "type": "TypeAccess"
      },
      "location-after-char-start": 0,
      "location-after-char-end": 0,
      "node-str": "org.jhotdraw.samples.nothing.NothingApplet"
    },
    {
      "type": "insert-node",
      "node": {
        "label": "IMAGES",
        "type": "FieldRead"
      },
      "location-after-char-start": 1773,
      "location-after-char-end": 1778,
      "node-str": "IMAGES"
    },
    {
      "type": "insert-node",
      "node": {
        "label": "\"OCONN\"",
        "type": "Literal"
      },
      "location-after-char-start": 1782,
      "location-after-char-end": 1788,
      "node-str": "\"OCONN\""
    },
    {
      "type": "delete-node",
      "node": {
        "label": "public",
        "type": "Modifier"
      },
      "location-before-char-start": 0,
      "location-before-char-end": 0,
      "node-str": "public"
    },
    {
      "type": "delete-node",
      "node": {
        "label": "DrawApplet",
        "type": "SUPER_TYPE"
      },
      "location-before-char-start": 0,
      "location-before-char-end": 0,
      "node-str": "DrawApplet"
    },
    {
      "type": "delete-node",
      "node": {
        "label": "",
        "type": "TypeReference"
      },
      "location-before-char-start": 629,
      "location-before-char-end": 638,
      "node-str": ""
    },
    {
      "type": "delete-node",
      "node": {
        "label": "void",
        "type": "RETURN_TYPE"
      },
      "location-before-char-start": 0,
      "location-before-char-end": 0,
      "node-str": "void"
    },
    {
      "type": "delete-node",
      "node": {
        "label": "protected",
        "type": "Modifier"
      },
      "location-before-char-start": 0,
      "location-before-char-end": 0,
      "node-str": "protected"
    },
    {
      "type": "delete-node",
      "node": {
        "label": "javax.swing.JPanel",
        "type": "VARIABLE_TYPE"
      },
      "location-before-char-start": 0,
      "location-before-char-end": 0,
      "node-str": "javax.swing.JPanel"
    },
    {
      "type": "delete-node",
      "node": {
        "label": "palette",
        "type": "Parameter"
      },
      "location-before-char-start": 741,
      "location-before-char-end": 754,
      "node-str": "palette"
    },
    {
      "type": "delete-node",
      "node": {
        "label": "super",
        "type": "SuperAccess"
      },
      "location-before-char-start": 761,
      "location-before-char-end": 765,
      "node-str": "super"
    },
    {
      "type": "delete-node",
      "node": {
        "label": "palette",
        "type": "VariableRead"
      },
      "location-before-char-start": 779,
      "location-before-char-end": 785,
      "node-str": "palette"
    },
    {
      "type": "delete-node",
      "node": {
        "label": "createTools",
        "type": "Invocation"
      },
      "location-before-char-start": 761,
      "location-before-char-end": 787,
      "node-str": "createTools"
    },
    {
      "type": "delete-node",
      "node": {
        "label": "Tool",
        "type": "VARIABLE_TYPE"
      },
      "location-before-char-start": 0,
      "location-before-char-end": 0,
      "node-str": "Tool"
    },
    {
      "type": "delete-node",
      "node": {
        "label": "CH.ifa.draw.samples.nothing.NothingApplet",
        "type": "TypeAccess"
      },
      "location-before-char-start": 0,
      "location-before-char-end": 0,
      "node-str": "CH.ifa.draw.samples.nothing.NothingApplet"
    },
    {
      "type": "delete-node",
      "node": {
        "label": "this",
        "type": "ThisAccess"
      },
      "location-before-char-start": 817,
      "location-before-char-end": 820,
      "node-str": "this"
    },
    {
      "type": "delete-node",
      "node": {
        "label": "TextFigure()",
        "type": "ConstructorCall"
      },
      "location-before-char-start": 823,
      "location-before-char-end": 838,
      "node-str": "TextFigure()"
    },
    {
      "type": "delete-node",
      "node": {
        "label": "java.lang.Object()",
        "type": "ConstructorCall"
      },
      "location-before-char-start": 804,
      "location-before-char-end": 839,
      "node-str": "java.lang.Object()"
    },
    {
      "type": "delete-node",
      "node": {
        "label": "tool",
        "type": "LocalVariable"
      },
      "location-before-char-start": 792,
      "location-before-char-end": 840,
      "node-str": "tool"
    },
    {
      "type": "delete-node",
      "node": {
        "label": "palette",
        "type": "VariableRead"
      },
      "location-before-char-start": 844,
      "location-before-char-end": 850,
      "node-str": "palette"
    },
    {
      "type": "delete-node",
      "node": {
        "label": "CH.ifa.draw.samples.nothing.NothingApplet",
        "type": "TypeAccess"
      },
      "location-before-char-start": 0,
      "location-before-char-end": 0,
      "node-str": "CH.ifa.draw.samples.nothing.NothingApplet"
    },
    {
      "type": "delete-node",
      "node": {
        "label": "IMAGES",
        "type": "FieldRead"
      },
      "location-before-char-start": 873,
      "location-before-char-end": 878,
      "node-str": "IMAGES"
    },
    {
      "type": "delete-node",
      "node": {
        "label": "\"TEXT\"",
        "type": "Literal"
      },
      "location-before-char-start": 882,
      "location-before-char-end": 887,
      "node-str": "\"TEXT\""
    },
    {
      "type": "delete-node",
      "node": {
        "label": "PLUS",
        "type": "BinaryOperator"
      },
      "location-before-char-start": 873,
      "location-before-char-end": 887,
      "node-str": "PLUS"
    },
    {
      "type": "delete-node",
      "node": {
        "label": "\"Text Tool\"",
        "type": "Literal"
      },
      "location-before-char-start": 890,
      "location-before-char-end": 900,
      "node-str": "\"Text Tool\""
    },
    {
      "type": "delete-node",
      "node": {
        "label": "tool",
        "type": "VariableRead"
      },
      "location-before-char-start": 903,
      "location-before-char-end": 906,
      "node-str": "tool"
    },
    {
      "type": "delete-node",
      "node": {
        "label": "createToolButton",
        "type": "Invocation"
      },
      "location-before-char-start": 856,
      "location-before-char-end": 907,
      "node-str": "createToolButton"
    },
    {
      "type": "delete-node",
      "node": {
        "label": "add",
        "type": "Invocation"
      },
      "location-before-char-start": 844,
      "location-before-char-end": 909,
      "node-str": "add"
    },
    {
      "type": "delete-node",
      "node": {
        "label": "tool",
        "type": "VariableWrite"
      },
      "location-before-char-start": 914,
      "location-before-char-end": 917,
      "node-str": "tool"
    },
    {
      "type": "delete-node",
      "node": {
        "label": "CH.ifa.draw.samples.nothing.NothingApplet",
        "type": "TypeAccess"
      },
      "location-before-char-start": 0,
      "location-before-char-end": 0,
      "node-str": "CH.ifa.draw.samples.nothing.NothingApplet"
    },
    {
      "type": "delete-node",
      "node": {
        "label": "this",
        "type": "ThisAccess"
      },
      "location-before-char-start": 938,
      "location-before-char-end": 941,
      "node-str": "this"
    },
    {
      "type": "delete-node",
      "node": {
        "label": "RectangleFigure()",
        "type": "ConstructorCall"
      },
      "location-before-char-start": 944,
      "location-before-char-end": 964,
      "node-str": "RectangleFigure()"
    },
    {
      "type": "delete-node",
      "node": {
        "label": "java.lang.Object()",
        "type": "ConstructorCall"
      },
      "location-before-char-start": 921,
      "location-before-char-end": 965,
      "node-str": "java.lang.Object()"
    },
    {
      "type": "delete-node",
      "node": {
        "label": "\u003d",
        "type": "Assignment"
      },
      "location-before-char-start": 914,
      "location-before-char-end": 966,
      "node-str": "\u003d"
    },
    {
      "type": "delete-node",
      "node": {
        "label": "palette",
        "type": "VariableRead"
      },
      "location-before-char-start": 970,
      "location-before-char-end": 976,
      "node-str": "palette"
    },
    {
      "type": "delete-node",
      "node": {
        "label": "CH.ifa.draw.samples.nothing.NothingApplet",
        "type": "TypeAccess"
      },
      "location-before-char-start": 0,
      "location-before-char-end": 0,
      "node-str": "CH.ifa.draw.samples.nothing.NothingApplet"
    },
    {
      "type": "delete-node",
      "node": {
        "label": "IMAGES",
        "type": "FieldRead"
      },
      "location-before-char-start": 999,
      "location-before-char-end": 1004,
      "node-str": "IMAGES"
    },
    {
      "type": "delete-node",
      "node": {
        "label": "\"RECT\"",
        "type": "Literal"
      },
      "location-before-char-start": 1008,
      "location-before-char-end": 1013,
      "node-str": "\"RECT\""
    },
    {
      "type": "delete-node",
      "node": {
        "label": "PLUS",
        "type": "BinaryOperator"
      },
      "location-before-char-start": 999,
      "location-before-char-end": 1013,
      "node-str": "PLUS"
    },
    {
      "type": "delete-node",
      "node": {
        "label": "\"Rectangle Tool\"",
        "type": "Literal"
      },
      "location-before-char-start": 1016,
      "location-before-char-end": 1031,
      "node-str": "\"Rectangle Tool\""
    },
    {
      "type": "delete-node",
      "node": {
        "label": "tool",
        "type": "VariableRead"
      },
      "location-before-char-start": 1034,
      "location-before-char-end": 1037,
      "node-str": "tool"
    },
    {
      "type": "delete-node",
      "node": {
        "label": "createToolButton",
        "type": "Invocation"
      },
      "location-before-char-start": 982,
      "location-before-char-end": 1038,
      "node-str": "createToolButton"
    },
    {
      "type": "delete-node",
      "node": {
        "label": "add",
        "type": "Invocation"
      },
      "location-before-char-start": 970,
      "location-before-char-end": 1040,
      "node-str": "add"
    },
    {
      "type": "delete-node",
      "node": {
        "label": "tool",
        "type": "VariableWrite"
      },
      "location-before-char-start": 1045,
      "location-before-char-end": 1048,
      "node-str": "tool"
    },
    {
      "type": "delete-node",
      "node": {
        "label": "CH.ifa.draw.samples.nothing.NothingApplet",
        "type": "TypeAccess"
      },
      "location-before-char-start": 0,
      "location-before-char-end": 0,
      "node-str": "CH.ifa.draw.samples.nothing.NothingApplet"
    },
    {
      "type": "delete-node",
      "node": {
        "label": "this",
        "type": "ThisAccess"
      },
      "location-before-char-start": 1069,
      "location-before-char-end": 1072,
      "node-str": "this"
    },
    {
      "type": "delete-node",
      "node": {
        "label": "RoundRectangleFigure()",
        "type": "ConstructorCall"
      },
      "location-before-char-start": 1075,
      "location-before-char-end": 1100,
      "node-str": "RoundRectangleFigure()"
    },
    {
      "type": "delete-node",
      "node": {
        "label": "java.lang.Object()",
        "type": "ConstructorCall"
      },
      "location-before-char-start": 1052,
      "location-before-char-end": 1101,
      "node-str": "java.lang.Object()"
    },
    {
      "type": "delete-node",
      "node": {
        "label": "\u003d",
        "type": "Assignment"
      },
      "location-before-char-start": 1045,
      "location-before-char-end": 1102,
      "node-str": "\u003d"
    },
    {
      "type": "delete-node",
      "node": {
        "label": "palette",
        "type": "VariableRead"
      },
      "location-before-char-start": 1106,
      "location-before-char-end": 1112,
      "node-str": "palette"
    },
    {
      "type": "delete-node",
      "node": {
        "label": "CH.ifa.draw.samples.nothing.NothingApplet",
        "type": "TypeAccess"
      },
      "location-before-char-start": 0,
      "location-before-char-end": 0,
      "node-str": "CH.ifa.draw.samples.nothing.NothingApplet"
    },
    {
      "type": "delete-node",
      "node": {
        "label": "IMAGES",
        "type": "FieldRead"
      },
      "location-before-char-start": 1135,
      "location-before-char-end": 1140,
      "node-str": "IMAGES"
    },
    {
      "type": "delete-node",
      "node": {
        "label": "\"RRECT\"",
        "type": "Literal"
      },
      "location-before-char-start": 1144,
      "location-before-char-end": 1150,
      "node-str": "\"RRECT\""
    },
    {
      "type": "delete-node",
      "node": {
        "label": "PLUS",
        "type": "BinaryOperator"
      },
      "location-before-char-start": 1135,
      "location-before-char-end": 1150,
      "node-str": "PLUS"
    },
    {
      "type": "delete-node",
      "node": {
        "label": "\"Round Rectangle Tool\"",
        "type": "Literal"
      },
      "location-before-char-start": 1153,
      "location-before-char-end": 1174,
      "node-str": "\"Round Rectangle Tool\""
    },
    {
      "type": "delete-node",
      "node": {
        "label": "tool",
        "type": "VariableRead"
      },
      "location-before-char-start": 1177,
      "location-before-char-end": 1180,
      "node-str": "tool"
    },
    {
      "type": "delete-node",
      "node": {
        "label": "createToolButton",
        "type": "Invocation"
      },
      "location-before-char-start": 1118,
      "location-before-char-end": 1181,
      "node-str": "createToolButton"
    },
    {
      "type": "delete-node",
      "node": {
        "label": "add",
        "type": "Invocation"
      },
      "location-before-char-start": 1106,
      "location-before-char-end": 1183,
      "node-str": "add"
    },
    {
      "type": "delete-node",
      "node": {
        "label": "tool",
        "type": "VariableWrite"
      },
      "location-before-char-start": 1188,
      "location-before-char-end": 1191,
      "node-str": "tool"
    },
    {
      "type": "delete-node",
      "node": {
        "label": "CH.ifa.draw.samples.nothing.NothingApplet",
        "type": "TypeAccess"
      },
      "location-before-char-start": 0,
      "location-before-char-end": 0,
      "node-str": "CH.ifa.draw.samples.nothing.NothingApplet"
    },
    {
      "type": "delete-node",
      "node": {
        "label": "this",
        "type": "ThisAccess"
      },
      "location-before-char-start": 1212,
      "location-before-char-end": 1215,
      "node-str": "this"
    },
    {
      "type": "delete-node",
      "node": {
        "label": "EllipseFigure()",
        "type": "ConstructorCall"
      },
      "location-before-char-start": 1218,
      "location-before-char-end": 1236,
      "node-str": "EllipseFigure()"
    },
    {
      "type": "delete-node",
      "node": {
        "label": "java.lang.Object()",
        "type": "ConstructorCall"
      },
      "location-before-char-start": 1195,
      "location-before-char-end": 1237,
      "node-str": "java.lang.Object()"
    },
    {
      "type": "delete-node",
      "node": {
        "label": "\u003d",
        "type": "Assignment"
      },
      "location-before-char-start": 1188,
      "location-before-char-end": 1238,
      "node-str": "\u003d"
    },
    {
      "type": "delete-node",
      "node": {
        "label": "palette",
        "type": "VariableRead"
      },
      "location-before-char-start": 1242,
      "location-before-char-end": 1248,
      "node-str": "palette"
    },
    {
      "type": "delete-node",
      "node": {
        "label": "CH.ifa.draw.samples.nothing.NothingApplet",
        "type": "TypeAccess"
      },
      "location-before-char-start": 0,
      "location-before-char-end": 0,
      "node-str": "CH.ifa.draw.samples.nothing.NothingApplet"
    },
    {
      "type": "delete-node",
      "node": {
        "label": "IMAGES",
        "type": "FieldRead"
      },
      "location-before-char-start": 1271,
      "location-before-char-end": 1276,
      "node-str": "IMAGES"
    },
    {
      "type": "delete-node",
      "node": {
        "label": "\"ELLIPSE\"",
        "type": "Literal"
      },
      "location-before-char-start": 1280,
      "location-before-char-end": 1288,
      "node-str": "\"ELLIPSE\""
    },
    {
      "type": "delete-node",
      "node": {
        "label": "PLUS",
        "type": "BinaryOperator"
      },
      "location-before-char-start": 1271,
      "location-before-char-end": 1288,
      "node-str": "PLUS"
    },
    {
      "type": "delete-node",
      "node": {
        "label": "\"Ellipse Tool\"",
        "type": "Literal"
      },
      "location-before-char-start": 1291,
      "location-before-char-end": 1304,
      "node-str": "\"Ellipse Tool\""
    },
    {
      "type": "delete-node",
      "node": {
        "label": "tool",
        "type": "VariableRead"
      },
      "location-before-char-start": 1307,
      "location-before-char-end": 1310,
      "node-str": "tool"
    },
    {
      "type": "delete-node",
      "node": {
        "label": "createToolButton",
        "type": "Invocation"
      },
      "location-before-char-start": 1254,
      "location-before-char-end": 1311,
      "node-str": "createToolButton"
    },
    {
      "type": "delete-node",
      "node": {
        "label": "add",
        "type": "Invocation"
      },
      "location-before-char-start": 1242,
      "location-before-char-end": 1313,
      "node-str": "add"
    },
    {
      "type": "delete-node",
      "node": {
        "label": "tool",
        "type": "VariableWrite"
      },
      "location-before-char-start": 1318,
      "location-before-char-end": 1321,
      "node-str": "tool"
    },
    {
      "type": "delete-node",
      "node": {
        "label": "CH.ifa.draw.samples.nothing.NothingApplet",
        "type": "TypeAccess"
      },
      "location-before-char-start": 0,
      "location-before-char-end": 0,
      "node-str": "CH.ifa.draw.samples.nothing.NothingApplet"
    },
    {
      "type": "delete-node",
      "node": {
        "label": "this",
        "type": "ThisAccess"
      },
      "location-before-char-start": 1342,
      "location-before-char-end": 1345,
      "node-str": "this"
    },
    {
      "type": "delete-node",
      "node": {
        "label": "LineFigure()",
        "type": "ConstructorCall"
      },
      "location-before-char-start": 1348,
      "location-before-char-end": 1363,
      "node-str": "LineFigure()"
    },
    {
      "type": "delete-node",
      "node": {
        "label": "java.lang.Object()",
        "type": "ConstructorCall"
      },
      "location-before-char-start": 1325,
      "location-before-char-end": 1364,
      "node-str": "java.lang.Object()"
    },
    {
      "type": "delete-node",
      "node": {
        "label": "\u003d",
        "type": "Assignment"
      },
      "location-before-char-start": 1318,
      "location-before-char-end": 1365,
      "node-str": "\u003d"
    },
    {
      "type": "delete-node",
      "node": {
        "label": "palette",
        "type": "VariableRead"
      },
      "location-before-char-start": 1369,
      "location-before-char-end": 1375,
      "node-str": "palette"
    },
    {
      "type": "delete-node",
      "node": {
        "label": "CH.ifa.draw.samples.nothing.NothingApplet",
        "type": "TypeAccess"
      },
      "location-before-char-start": 0,
      "location-before-char-end": 0,
      "node-str": "CH.ifa.draw.samples.nothing.NothingApplet"
    },
    {
      "type": "delete-node",
      "node": {
        "label": "IMAGES",
        "type": "FieldRead"
      },
      "location-before-char-start": 1398,
      "location-before-char-end": 1403,
      "node-str": "IMAGES"
    },
    {
      "type": "delete-node",
      "node": {
        "label": "\"LINE\"",
        "type": "Literal"
      },
      "location-before-char-start": 1407,
      "location-before-char-end": 1412,
      "node-str": "\"LINE\""
    },
    {
      "type": "delete-node",
      "node": {
        "label": "PLUS",
        "type": "BinaryOperator"
      },
      "location-before-char-start": 1398,
      "location-before-char-end": 1412,
      "node-str": "PLUS"
    },
    {
      "type": "delete-node",
      "node": {
        "label": "\"Line Tool\"",
        "type": "Literal"
      },
      "location-before-char-start": 1415,
      "location-before-char-end": 1425,
      "node-str": "\"Line Tool\""
    },
    {
      "type": "delete-node",
      "node": {
        "label": "tool",
        "type": "VariableRead"
      },
      "location-before-char-start": 1428,
      "location-before-char-end": 1431,
      "node-str": "tool"
    },
    {
      "type": "delete-node",
      "node": {
        "label": "createToolButton",
        "type": "Invocation"
      },
      "location-before-char-start": 1381,
      "location-before-char-end": 1432,
      "node-str": "createToolButton"
    },
    {
      "type": "delete-node",
      "node": {
        "label": "add",
        "type": "Invocation"
      },
      "location-before-char-start": 1369,
      "location-before-char-end": 1434,
      "node-str": "add"
    },
    {
      "type": "delete-node",
      "node": {
        "label": "tool",
        "type": "VariableWrite"
      },
      "location-before-char-start": 1439,
      "location-before-char-end": 1442,
      "node-str": "tool"
    },
    {
      "type": "delete-node",
      "node": {
        "label": "CH.ifa.draw.samples.nothing.NothingApplet",
        "type": "TypeAccess"
      },
      "location-before-char-start": 0,
      "location-before-char-end": 0,
      "node-str": "CH.ifa.draw.samples.nothing.NothingApplet"
    },
    {
      "type": "delete-node",
      "node": {
        "label": "this",
        "type": "ThisAccess"
      },
      "location-before-char-start": 1462,
      "location-before-char-end": 1465,
      "node-str": "this"
    },
    {
      "type": "delete-node",
      "node": {
        "label": "PolygonTool(CH.ifa.draw.samples.nothing.NothingApplet)",
        "type": "ConstructorCall"
      },
      "location-before-char-start": 1446,
      "location-before-char-end": 1466,
      "node-str": "PolygonTool(CH.ifa.draw.samples.nothing.NothingApplet)"
    },
    {
      "type": "delete-node",
      "node": {
        "label": "\u003d",
        "type": "Assignment"
      },
      "location-before-char-start": 1439,
      "location-before-char-end": 1467,
      "node-str": "\u003d"
    },
    {
      "type": "delete-node",
      "node": {
        "label": "palette",
        "type": "VariableRead"
      },
      "location-before-char-start": 1471,
      "location-before-char-end": 1477,
      "node-str": "palette"
    },
    {
      "type": "delete-node",
      "node": {
        "label": "CH.ifa.draw.samples.nothing.NothingApplet",
        "type": "TypeAccess"
      },
      "location-before-char-start": 0,
      "location-before-char-end": 0,
      "node-str": "CH.ifa.draw.samples.nothing.NothingApplet"
    },
    {
      "type": "delete-node",
      "node": {
        "label": "IMAGES",
        "type": "FieldRead"
      },
      "location-before-char-start": 1500,
      "location-before-char-end": 1505,
      "node-str": "IMAGES"
    },
    {
      "type": "delete-node",
      "node": {
        "label": "\"POLYGON\"",
        "type": "Literal"
      },
      "location-before-char-start": 1509,
      "location-before-char-end": 1517,
      "node-str": "\"POLYGON\""
    },
    {
      "type": "delete-node",
      "node": {
        "label": "PLUS",
        "type": "BinaryOperator"
      },
      "location-before-char-start": 1500,
      "location-before-char-end": 1517,
      "node-str": "PLUS"
    },
    {
      "type": "delete-node",
      "node": {
        "label": "\"Polygon Tool\"",
        "type": "Literal"
      },
      "location-before-char-start": 1520,
      "location-before-char-end": 1533,
      "node-str": "\"Polygon Tool\""
    },
    {
      "type": "delete-node",
      "node": {
        "label": "tool",
        "type": "VariableRead"
      },
      "location-before-char-start": 1536,
      "location-before-char-end": 1539,
      "node-str": "tool"
    },
    {
      "type": "delete-node",
      "node": {
        "label": "createToolButton",
        "type": "Invocation"
      },
      "location-before-char-start": 1483,
      "location-before-char-end": 1540,
      "node-str": "createToolButton"
    },
    {
      "type": "delete-node",
      "node": {
        "label": "add",
        "type": "Invocation"
      },
      "location-before-char-start": 1471,
      "location-before-char-end": 1542,
      "node-str": "add"
    },
    {
      "type": "delete-node",
      "node": {
        "label": "tool",
        "type": "VariableWrite"
      },
      "location-before-char-start": 1547,
      "location-before-char-end": 1550,
      "node-str": "tool"
    },
    {
      "type": "delete-node",
      "node": {
        "label": "CH.ifa.draw.samples.nothing.NothingApplet",
        "type": "TypeAccess"
      },
      "location-before-char-start": 0,
      "location-before-char-end": 0,
      "node-str": "CH.ifa.draw.samples.nothing.NothingApplet"
    },
    {
      "type": "delete-node",
      "node": {
        "label": "this",
        "type": "ThisAccess"
      },
      "location-before-char-start": 1573,
      "location-before-char-end": 1576,
      "node-str": "this"
    },
    {
      "type": "delete-node",
      "node": {
        "label": "LineConnection()",
        "type": "ConstructorCall"
      },
      "location-before-char-start": 1579,
      "location-before-char-end": 1598,
      "node-str": "LineConnection()"
    },
    {
      "type": "delete-node",
      "node": {
        "label": "java.lang.Object()",
        "type": "ConstructorCall"
      },
      "location-before-char-start": 1554,
      "location-before-char-end": 1599,
      "node-str": "java.lang.Object()"
    },
    {
      "type": "delete-node",
      "node": {
        "label": "\u003d",
        "type": "Assignment"
      },
      "location-before-char-start": 1547,
      "location-before-char-end": 1600,
      "node-str": "\u003d"
    },
    {
      "type": "delete-node",
      "node": {
        "label": "palette",
        "type": "VariableRead"
      },
      "location-before-char-start": 1604,
      "location-before-char-end": 1610,
      "node-str": "palette"
    },
    {
      "type": "delete-node",
      "node": {
        "label": "CH.ifa.draw.samples.nothing.NothingApplet",
        "type": "TypeAccess"
      },
      "location-before-char-start": 0,
      "location-before-char-end": 0,
      "node-str": "CH.ifa.draw.samples.nothing.NothingApplet"
    },
    {
      "type": "delete-node",
      "node": {
        "label": "IMAGES",
        "type": "FieldRead"
      },
      "location-before-char-start": 1633,
      "location-before-char-end": 1638,
      "node-str": "IMAGES"
    },
    {
      "type": "delete-node",
      "node": {
        "label": "\"CONN\"",
        "type": "Literal"
      },
      "location-before-char-start": 1642,
      "location-before-char-end": 1647,
      "node-str": "\"CONN\""
    },
    {
      "type": "delete-node",
      "node": {
        "label": "PLUS",
        "type": "BinaryOperator"
      },
      "location-before-char-start": 1633,
      "location-before-char-end": 1647,
      "node-str": "PLUS"
    },
    {
      "type": "delete-node",
      "node": {
        "label": "\"Connection Tool\"",
        "type": "Literal"
      },
      "location-before-char-start": 1650,
      "location-before-char-end": 1666,
      "node-str": "\"Connection Tool\""
    },
    {
      "type": "delete-node",
      "node": {
        "label": "tool",
        "type": "VariableRead"
      },
      "location-before-char-start": 1669,
      "location-before-char-end": 1672,
      "node-str": "tool"
    },
    {
      "type": "delete-node",
      "node": {
        "label": "createToolButton",
        "type": "Invocation"
      },
      "location-before-char-start": 1616,
      "location-before-char-end": 1673,
      "node-str": "createToolButton"
    },
    {
      "type": "delete-node",
      "node": {
        "label": "add",
        "type": "Invocation"
      },
      "location-before-char-start": 1604,
      "location-before-char-end": 1675,
      "node-str": "add"
    },
    {
      "type": "delete-node",
      "node": {
        "label": "tool",
        "type": "VariableWrite"
      },
      "location-before-char-start": 1680,
      "location-before-char-end": 1683,
      "node-str": "tool"
    },
    {
      "type": "delete-node",
      "node": {
        "label": "CH.ifa.draw.samples.nothing.NothingApplet",
        "type": "TypeAccess"
      },
      "location-before-char-start": 0,
      "location-before-char-end": 0,
      "node-str": "CH.ifa.draw.samples.nothing.NothingApplet"
    },
    {
      "type": "delete-node",
      "node": {
        "label": "this",
        "type": "ThisAccess"
      },
      "location-before-char-start": 1706,
      "location-before-char-end": 1709,
      "node-str": "this"
    },
    {
      "type": "delete-node",
      "node": {
        "label": "ElbowConnection()",
        "type": "ConstructorCall"
      },
      "location-before-char-start": 1712,
      "location-before-char-end": 1732,
      "node-str": "ElbowConnection()"
    },
    {
      "type": "delete-node",
      "node": {
        "label": "java.lang.Object()",
        "type": "ConstructorCall"
      },
      "location-before-char-start": 1687,
      "location-before-char-end": 1733,
      "node-str": "java.lang.Object()"
    },
    {
      "type": "delete-node",
      "node": {
        "label": "\u003d",
        "type": "Assignment"
      },
      "location-before-char-start": 1680,
      "location-before-char-end": 1734,
      "node-str": "\u003d"
    },
    {
      "type": "delete-node",
      "node": {
        "label": "palette",
        "type": "VariableRead"
      },
      "location-before-char-start": 1738,
      "location-before-char-end": 1744,
      "node-str": "palette"
    },
    {
      "type": "delete-node",
      "node": {
        "label": "CH.ifa.draw.samples.nothing.NothingApplet",
        "type": "TypeAccess"
      },
      "location-before-char-start": 0,
      "location-before-char-end": 0,
      "node-str": "CH.ifa.draw.samples.nothing.NothingApplet"
    },
    {
      "type": "delete-node",
      "node": {
        "label": "IMAGES",
        "type": "FieldRead"
      },
      "location-before-char-start": 1767,
      "location-before-char-end": 1772,
      "node-str": "IMAGES"
    },
    {
      "type": "delete-node",
      "node": {
        "label": "\"OCONN\"",
        "type": "Literal"
      },
      "location-before-char-start": 1776,
      "location-before-char-end": 1782,
      "node-str": "\"OCONN\""
    },
    {
      "type": "delete-node",
      "node": {
        "label": "PLUS",
        "type": "BinaryOperator"
      },
      "location-before-char-start": 1767,
      "location-before-char-end": 1782,
      "node-str": "PLUS"
    },
    {
      "type": "delete-node",
      "node": {
        "label": "\"Elbow Connection Tool\"",
        "type": "Literal"
      },
      "location-before-char-start": 1785,
      "location-before-char-end": 1807,
      "node-str": "\"Elbow Connection Tool\""
    },
    {
      "type": "delete-node",
      "node": {
        "label": "tool",
        "type": "VariableRead"
      },
      "location-before-char-start": 1810,
      "location-before-char-end": 1813,
      "node-str": "tool"
    },
    {
      "type": "delete-node",
      "node": {
        "label": "createToolButton",
        "type": "Invocation"
      },
      "location-before-char-start": 1750,
      "location-before-char-end": 1814,
      "node-str": "createToolButton"
    },
    {
      "type": "delete-node",
      "node": {
        "label": "add",
        "type": "Invocation"
      },
      "location-before-char-start": 1738,
      "location-before-char-end": 1816,
      "node-str": "add"
    },
    {
      "type": "delete-node",
      "node": {
        "label": "createTools",
        "type": "Method"
      },
      "location-before-char-start": 644,
      "location-before-char-end": 1819,
      "node-str": "createTools"
    },
    {
      "type": "delete-node",
      "node": {
        "label": "NothingApplet",
        "type": "Class"
      },
      "location-before-char-start": 554,
      "location-before-char-end": 1821,
      "node-str": "NothingApplet"
    }
  ],
  "before-file": {},
  "after-file": {},
  "mapping": {}
}