{
  "tool-info": {},
  "diff": [
    {
      "type": "insert-node",
      "node": {
        "label": "final",
        "type": "Modifier"
      },
      "location-after-char-start": 0,
      "location-after-char-end": 0,
      "node-str": "final"
    },
    {
      "type": "insert-node",
      "node": {
        "label": "public",
        "type": "Modifier"
      },
      "location-after-char-start": 0,
      "location-after-char-end": 0,
      "node-str": "public"
    },
    {
      "type": "insert-node",
      "node": {
        "label": "",
        "type": "TypeReference"
      },
      "location-after-char-start": 1065,
      "location-after-char-end": 1087,
      "node-str": ""
    },
    {
      "type": "insert-node",
      "node": {
        "label": "instance",
        "type": "Field"
      },
      "location-after-char-start": 1288,
      "location-after-char-end": 1324,
      "node-str": "instance"
    },
    {
      "type": "insert-node",
      "node": {
        "label": "org.eclipse.ui.internal.commands.AbstractMutableRegistry",
        "type": "SUPER_TYPE"
      },
      "location-after-char-start": 0,
      "location-after-char-end": 0,
      "node-str": "org.eclipse.ui.internal.commands.AbstractMutableRegistry"
    },
    {
      "type": "insert-node",
      "node": {
        "label": "org.eclipse.ui.internal.commands.LocalRegistry",
        "type": "VARIABLE_TYPE"
      },
      "location-after-char-start": 0,
      "location-after-char-end": 0,
      "node-str": "org.eclipse.ui.internal.commands.LocalRegistry"
    },
    {
      "type": "insert-node",
      "node": {
        "label": "public",
        "type": "Modifier"
      },
      "location-after-char-start": 0,
      "location-after-char-end": 0,
      "node-str": "public"
    },
    {
      "type": "insert-node",
      "node": {
        "label": "static",
        "type": "Modifier"
      },
      "location-after-char-start": 0,
      "location-after-char-end": 0,
      "node-str": "static"
    },
    {
      "type": "update-node",
      "node": {
        "label": "org.eclipse.ui.commands.internal.LocalRegistry",
        "type": "RETURN_TYPE"
      },
      "location-before-char-start": 0,
      "location-before-char-end": 0,
      "location-after-char-start": 0,
      "location-after-char-end": 0,
      "node-str": "org.eclipse.ui.internal.commands.LocalRegistry"
    },
    {
      "type": "update-node",
      "node": {
        "label": "org.eclipse.ui.commands.internal.Persistence",
        "type": "TypeAccess"
      },
      "location-before-char-start": 3362,
      "location-before-char-end": 3372,
      "location-after-char-start": 3362,
      "location-after-char-end": 3372,
      "node-str": "org.eclipse.ui.internal.commands.Persistence"
    },
    {
      "type": "update-node",
      "node": {
        "label": "org.eclipse.ui.commands.internal.Persistence",
        "type": "TypeAccess"
      },
      "location-before-char-start": 3492,
      "location-before-char-end": 3502,
      "location-after-char-start": 3492,
      "location-after-char-end": 3502,
      "node-str": "org.eclipse.ui.internal.commands.Persistence"
    },
    {
      "type": "update-node",
      "node": {
        "label": "org.eclipse.ui.commands.internal.Persistence",
        "type": "TypeAccess"
      },
      "location-before-char-start": 3614,
      "location-before-char-end": 3624,
      "location-after-char-start": 3614,
      "location-after-char-end": 3624,
      "node-str": "org.eclipse.ui.internal.commands.Persistence"
    },
    {
      "type": "update-node",
      "node": {
        "label": "org.eclipse.ui.commands.internal.Persistence",
        "type": "TypeAccess"
      },
      "location-before-char-start": 3697,
      "location-before-char-end": 3707,
      "location-after-char-start": 3697,
      "location-after-char-end": 3707,
      "node-str": "org.eclipse.ui.internal.commands.Persistence"
    },
    {
      "type": "update-node",
      "node": {
        "label": "org.eclipse.ui.commands.internal.Persistence",
        "type": "TypeAccess"
      },
      "location-before-char-start": 3773,
      "location-before-char-end": 3783,
      "location-after-char-start": 3773,
      "location-after-char-end": 3783,
      "node-str": "org.eclipse.ui.internal.commands.Persistence"
    },
    {
      "type": "update-node",
      "node": {
        "label": "org.eclipse.ui.commands.internal.Persistence",
        "type": "TypeAccess"
      },
      "location-before-char-start": 3871,
      "location-before-char-end": 3881,
      "location-after-char-start": 3871,
      "location-after-char-end": 3881,
      "node-str": "org.eclipse.ui.internal.commands.Persistence"
    },
    {
      "type": "update-node",
      "node": {
        "label": "org.eclipse.ui.commands.internal.Persistence",
        "type": "TypeAccess"
      },
      "location-before-char-start": 3947,
      "location-before-char-end": 3957,
      "location-after-char-start": 3947,
      "location-after-char-end": 3957,
      "node-str": "org.eclipse.ui.internal.commands.Persistence"
    },
    {
      "type": "update-node",
      "node": {
        "label": "org.eclipse.ui.commands.internal.Persistence",
        "type": "TypeAccess"
      },
      "location-before-char-start": 4046,
      "location-before-char-end": 4056,
      "location-after-char-start": 4046,
      "location-after-char-end": 4056,
      "node-str": "org.eclipse.ui.internal.commands.Persistence"
    },
    {
      "type": "update-node",
      "node": {
        "label": "org.eclipse.ui.commands.internal.Persistence",
        "type": "TypeAccess"
      },
      "location-before-char-start": 4155,
      "location-before-char-end": 4165,
      "location-after-char-start": 4155,
      "location-after-char-end": 4165,
      "node-str": "org.eclipse.ui.internal.commands.Persistence"
    },
    {
      "type": "update-node",
      "node": {
        "label": "org.eclipse.ui.commands.internal.Persistence",
        "type": "TypeAccess"
      },
      "location-before-char-start": 4246,
      "location-before-char-end": 4256,
      "location-after-char-start": 4246,
      "location-after-char-end": 4256,
      "node-str": "org.eclipse.ui.internal.commands.Persistence"
    },
    {
      "type": "update-node",
      "node": {
        "label": "org.eclipse.ui.commands.internal.LocalRegistry()",
        "type": "ConstructorCall"
      },
      "location-before-char-start": 1411,
      "location-before-char-end": 1429,
      "location-after-char-start": 1411,
      "location-after-char-end": 1429,
      "node-str": "org.eclipse.ui.internal.commands.LocalRegistry()"
    },
    {
      "type": "update-node",
      "node": {
        "label": "org.eclipse.ui.commands.internal.Persistence",
        "type": "TypeAccess"
      },
      "location-before-char-start": 1853,
      "location-before-char-end": 1863,
      "location-after-char-start": 1853,
      "location-after-char-end": 1863,
      "node-str": "org.eclipse.ui.internal.commands.Persistence"
    },
    {
      "type": "update-node",
      "node": {
        "label": "org.eclipse.ui.commands.internal.Persistence",
        "type": "TypeAccess"
      },
      "location-before-char-start": 2011,
      "location-before-char-end": 2021,
      "location-after-char-start": 2011,
      "location-after-char-end": 2021,
      "node-str": "org.eclipse.ui.internal.commands.Persistence"
    },
    {
      "type": "update-node",
      "node": {
        "label": "org.eclipse.ui.commands.internal.Persistence",
        "type": "TypeAccess"
      },
      "location-before-char-start": 2152,
      "location-before-char-end": 2162,
      "location-after-char-start": 2152,
      "location-after-char-end": 2162,
      "node-str": "org.eclipse.ui.internal.commands.Persistence"
    },
    {
      "type": "update-node",
      "node": {
        "label": "org.eclipse.ui.commands.internal.Persistence",
        "type": "TypeAccess"
      },
      "location-before-char-start": 2265,
      "location-before-char-end": 2275,
      "location-after-char-start": 2265,
      "location-after-char-end": 2275,
      "node-str": "org.eclipse.ui.internal.commands.Persistence"
    },
    {
      "type": "update-node",
      "node": {
        "label": "org.eclipse.ui.commands.internal.Persistence",
        "type": "TypeAccess"
      },
      "location-before-char-start": 2382,
      "location-before-char-end": 2392,
      "location-after-char-start": 2382,
      "location-after-char-end": 2392,
      "node-str": "org.eclipse.ui.internal.commands.Persistence"
    },
    {
      "type": "update-node",
      "node": {
        "label": "org.eclipse.ui.commands.internal.Persistence",
        "type": "TypeAccess"
      },
      "location-before-char-start": 2507,
      "location-before-char-end": 2517,
      "location-after-char-start": 2507,
      "location-after-char-end": 2517,
      "node-str": "org.eclipse.ui.internal.commands.Persistence"
    },
    {
      "type": "update-node",
      "node": {
        "label": "org.eclipse.ui.commands.internal.Persistence",
        "type": "TypeAccess"
      },
      "location-before-char-start": 2627,
      "location-before-char-end": 2637,
      "location-after-char-start": 2627,
      "location-after-char-end": 2637,
      "node-str": "org.eclipse.ui.internal.commands.Persistence"
    },
    {
      "type": "update-node",
      "node": {
        "label": "org.eclipse.ui.commands.internal.Persistence",
        "type": "TypeAccess"
      },
      "location-before-char-start": 2778,
      "location-before-char-end": 2788,
      "location-after-char-start": 2778,
      "location-after-char-end": 2788,
      "node-str": "org.eclipse.ui.internal.commands.Persistence"
    },
    {
      "type": "update-node",
      "node": {
        "label": "org.eclipse.ui.commands.internal.Persistence",
        "type": "TypeAccess"
      },
      "location-before-char-start": 2911,
      "location-before-char-end": 2921,
      "location-after-char-start": 2911,
      "location-after-char-end": 2921,
      "node-str": "org.eclipse.ui.internal.commands.Persistence"
    },
    {
      "type": "update-node",
      "node": {
        "label": "org.eclipse.ui.commands.internal.Persistence",
        "type": "TypeAccess"
      },
      "location-before-char-start": 3054,
      "location-before-char-end": 3064,
      "location-after-char-start": 3054,
      "location-after-char-end": 3064,
      "node-str": "org.eclipse.ui.internal.commands.Persistence"
    },
    {
      "type": "delete-node",
      "node": {
        "label": "final",
        "type": "Modifier"
      },
      "location-before-char-start": 0,
      "location-before-char-end": 0,
      "node-str": "final"
    },
    {
      "type": "delete-node",
      "node": {
        "label": "public",
        "type": "Modifier"
      },
      "location-before-char-start": 0,
      "location-before-char-end": 0,
      "node-str": "public"
    },
    {
      "type": "delete-node",
      "node": {
        "label": "org.eclipse.ui.commands.internal.AbstractMutableRegistry",
        "type": "SUPER_TYPE"
      },
      "location-before-char-start": 0,
      "location-before-char-end": 0,
      "node-str": "org.eclipse.ui.commands.internal.AbstractMutableRegistry"
    },
    {
      "type": "delete-node",
      "node": {
        "label": "",
        "type": "TypeReference"
      },
      "location-before-char-start": 1065,
      "location-before-char-end": 1087,
      "node-str": ""
    },
    {
      "type": "delete-node",
      "node": {
        "label": "org.eclipse.ui.commands.internal.LocalRegistry",
        "type": "VARIABLE_TYPE"
      },
      "location-before-char-start": 0,
      "location-before-char-end": 0,
      "node-str": "org.eclipse.ui.commands.internal.LocalRegistry"
    },
    {
      "type": "delete-node",
      "node": {
        "label": "public",
        "type": "Modifier"
      },
      "location-before-char-start": 0,
      "location-before-char-end": 0,
      "node-str": "public"
    },
    {
      "type": "delete-node",
      "node": {
        "label": "static",
        "type": "Modifier"
      },
      "location-before-char-start": 0,
      "location-before-char-end": 0,
      "node-str": "static"
    },
    {
      "type": "delete-node",
      "node": {
        "label": "instance",
        "type": "Field"
      },
      "location-before-char-start": 1288,
      "location-before-char-end": 1324,
      "node-str": "instance"
    }
  ],
  "before-file": {},
  "after-file": {},
  "mapping": {}
}