{
  "tool-info": {},
  "diff": [
    {
      "type": "insert-node",
      "node": {
        "label": "public",
        "type": "Modifier"
      },
      "location-after-char-start": 0,
      "location-after-char-end": 0,
      "node-str": "public"
    },
    {
      "type": "insert-node",
      "node": {
        "label": "HtmlComment",
        "type": "Class"
      },
      "location-after-char-start": 12522,
      "location-after-char-end": 13099,
      "node-str": "HtmlComment"
    },
    {
      "type": "insert-node",
      "node": {
        "label": "",
        "type": "AnonymousExecutable"
      },
      "location-after-char-start": 13110,
      "location-after-char-end": 13175,
      "node-str": ""
    },
    {
      "type": "insert-node",
      "node": {
        "label": "parse",
        "type": "Method"
      },
      "location-after-char-start": 30625,
      "location-after-char-end": 30714,
      "node-str": "parse"
    },
    {
      "type": "insert-node",
      "node": {
        "label": "parse",
        "type": "Method"
      },
      "location-after-char-start": 30725,
      "location-after-char-end": 31904,
      "node-str": "parse"
    },
    {
      "type": "insert-node",
      "node": {
        "label": "final",
        "type": "Modifier"
      },
      "location-after-char-start": 0,
      "location-after-char-end": 0,
      "node-str": "final"
    },
    {
      "type": "insert-node",
      "node": {
        "label": "static",
        "type": "Modifier"
      },
      "location-after-char-start": 0,
      "location-after-char-end": 0,
      "node-str": "static"
    },
    {
      "type": "insert-node",
      "node": {
        "label": "OPEN_COMMENT",
        "type": "Field"
      },
      "location-after-char-start": 12631,
      "location-after-char-end": 12680,
      "node-str": "OPEN_COMMENT"
    },
    {
      "type": "insert-node",
      "node": {
        "label": "CLOSE_COMMENT",
        "type": "Field"
      },
      "location-after-char-start": 12690,
      "location-after-char-end": 12739,
      "node-str": "CLOSE_COMMENT"
    },
    {
      "type": "insert-node",
      "node": {
        "label": "accept",
        "type": "Method"
      },
      "location-after-char-start": 12758,
      "location-after-char-end": 13093,
      "node-str": "accept"
    },
    {
      "type": "insert-node",
      "node": {
        "label": "static",
        "type": "Modifier"
      },
      "location-after-char-start": 0,
      "location-after-char-end": 0,
      "node-str": "static"
    },
    {
      "type": "insert-node",
      "node": {
        "label": "addElement",
        "type": "Invocation"
      },
      "location-after-char-start": 13127,
      "location-after-char-end": 13169,
      "node-str": "addElement"
    },
    {
      "type": "move-subtree",
      "node": {
        "label": "QUOTED_START_TAG",
        "type": "Field"
      },
      "location-before-char-start": 3485,
      "location-before-char-end": 3577,
      "location-after-char-start": 28823,
      "location-after-char-end": 28927,
      "node-str": "QUOTED_START_TAG"
    },
    {
      "type": "move-subtree",
      "node": {
        "label": "QUOTED_END_TAG",
        "type": "Field"
      },
      "location-before-char-start": 3583,
      "location-before-char-end": 3628,
      "location-after-char-start": 28937,
      "location-after-char-end": 28982,
      "node-str": "QUOTED_END_TAG"
    },
    {
      "type": "move-subtree",
      "node": {
        "label": "START_TAG",
        "type": "Field"
      },
      "location-before-char-start": 3634,
      "location-before-char-end": 3672,
      "location-after-char-start": 28992,
      "location-after-char-end": 29030,
      "node-str": "START_TAG"
    },
    {
      "type": "move-subtree",
      "node": {
        "label": "END_TAG",
        "type": "Field"
      },
      "location-before-char-start": 3678,
      "location-before-char-end": 3714,
      "location-after-char-start": 29040,
      "location-after-char-end": 29076,
      "node-str": "END_TAG"
    },
    {
      "type": "insert-node",
      "node": {
        "label": "void",
        "type": "RETURN_TYPE"
      },
      "location-after-char-start": 0,
      "location-after-char-end": 0,
      "node-str": "void"
    },
    {
      "type": "insert-node",
      "node": {
        "label": "org.apache.jasper.JasperException",
        "type": "THROWS"
      },
      "location-after-char-start": 0,
      "location-after-char-end": 0,
      "node-str": "org.apache.jasper.JasperException"
    },
    {
      "type": "insert-node",
      "node": {
        "label": "public",
        "type": "Modifier"
      },
      "location-after-char-start": 0,
      "location-after-char-end": 0,
      "node-str": "public"
    },
    {
      "type": "insert-node",
      "node": {
        "label": "until",
        "type": "Parameter"
      },
      "location-after-char-start": 30643,
      "location-after-char-end": 30654,
      "node-str": "until"
    },
    {
      "type": "insert-node",
      "node": {
        "label": "parse",
        "type": "Invocation"
      },
      "location-after-char-start": 30690,
      "location-after-char-end": 30708,
      "node-str": "parse"
    },
    {
      "type": "insert-node",
      "node": {
        "label": "void",
        "type": "RETURN_TYPE"
      },
      "location-after-char-start": 0,
      "location-after-char-end": 0,
      "node-str": "void"
    },
    {
      "type": "insert-node",
      "node": {
        "label": "org.apache.jasper.JasperException",
        "type": "THROWS"
      },
      "location-after-char-start": 0,
      "location-after-char-end": 0,
      "node-str": "org.apache.jasper.JasperException"
    },
    {
      "type": "insert-node",
      "node": {
        "label": "public",
        "type": "Modifier"
      },
      "location-after-char-start": 0,
      "location-after-char-end": 0,
      "node-str": "public"
    },
    {
      "type": "move-subtree",
      "node": {
        "label": "until",
        "type": "Parameter"
      },
      "location-before-char-start": 29626,
      "location-before-char-end": 29637,
      "location-after-char-start": 30743,
      "location-after-char-end": 30754,
      "node-str": "until"
    },
    {
      "type": "insert-node",
      "node": {
        "label": "accept",
        "type": "Parameter"
      },
      "location-after-char-start": 30757,
      "location-after-char-end": 30770,
      "node-str": "accept"
    },
    {
      "type": "insert-node",
      "node": {
        "label": "while",
        "type": "While"
      },
      "location-after-char-start": 30799,
      "location-after-char-end": 31880,
      "node-str": "while"
    },
    {
      "type": "move-subtree",
      "node": {
        "label": "flushCharData",
        "type": "Invocation"
      },
      "location-before-char-start": 30328,
      "location-before-char-end": 30343,
      "location-after-char-start": 31883,
      "location-after-char-end": 31898,
      "node-str": "flushCharData"
    },
    {
      "type": "insert-node",
      "node": {
        "label": "java.lang.String",
        "type": "VARIABLE_TYPE"
      },
      "location-after-char-start": 0,
      "location-after-char-end": 0,
      "node-str": "java.lang.String"
    },
    {
      "type": "insert-node",
      "node": {
        "label": "final",
        "type": "Modifier"
      },
      "location-after-char-start": 0,
      "location-after-char-end": 0,
      "node-str": "final"
    },
    {
      "type": "insert-node",
      "node": {
        "label": "static",
        "type": "Modifier"
      },
      "location-after-char-start": 0,
      "location-after-char-end": 0,
      "node-str": "static"
    },
    {
      "type": "insert-node",
      "node": {
        "label": "\"\u003c!--\"",
        "type": "Literal"
      },
      "location-after-char-start": 12674,
      "location-after-char-end": 12679,
      "node-str": "\"\u003c!--\""
    },
    {
      "type": "insert-node",
      "node": {
        "label": "java.lang.String",
        "type": "VARIABLE_TYPE"
      },
      "location-after-char-start": 0,
      "location-after-char-end": 0,
      "node-str": "java.lang.String"
    },
    {
      "type": "insert-node",
      "node": {
        "label": "final",
        "type": "Modifier"
      },
      "location-after-char-start": 0,
      "location-after-char-end": 0,
      "node-str": "final"
    },
    {
      "type": "insert-node",
      "node": {
        "label": "static",
        "type": "Modifier"
      },
      "location-after-char-start": 0,
      "location-after-char-end": 0,
      "node-str": "static"
    },
    {
      "type": "insert-node",
      "node": {
        "label": "\"--\u003e\"",
        "type": "Literal"
      },
      "location-after-char-start": 12734,
      "location-after-char-end": 12738,
      "node-str": "\"--\u003e\""
    },
    {
      "type": "insert-node",
      "node": {
        "label": "boolean",
        "type": "RETURN_TYPE"
      },
      "location-after-char-start": 0,
      "location-after-char-end": 0,
      "node-str": "boolean"
    },
    {
      "type": "insert-node",
      "node": {
        "label": "org.apache.jasper.JasperException",
        "type": "THROWS"
      },
      "location-after-char-start": 0,
      "location-after-char-end": 0,
      "node-str": "org.apache.jasper.JasperException"
    },
    {
      "type": "insert-node",
      "node": {
        "label": "public",
        "type": "Modifier"
      },
      "location-after-char-start": 0,
      "location-after-char-end": 0,
      "node-str": "public"
    },
    {
      "type": "insert-node",
      "node": {
        "label": "listener",
        "type": "Parameter"
      },
      "location-after-char-start": 12780,
      "location-after-char-end": 12806,
      "node-str": "listener"
    },
    {
      "type": "insert-node",
      "node": {
        "label": "reader",
        "type": "Parameter"
      },
      "location-after-char-start": 12809,
      "location-after-char-end": 12824,
      "node-str": "reader"
    },
    {
      "type": "insert-node",
      "node": {
        "label": "parser",
        "type": "Parameter"
      },
      "location-after-char-start": 12827,
      "location-after-char-end": 12839,
      "node-str": "parser"
    },
    {
      "type": "insert-node",
      "node": {
        "label": "if",
        "type": "If"
      },
      "location-after-char-start": 12900,
      "location-after-char-end": 13056,
      "node-str": "if"
    },
    {
      "type": "insert-node",
      "node": {
        "label": "return",
        "type": "Return"
      },
      "location-after-char-start": 13071,
      "location-after-char-end": 13083,
      "node-str": "return"
    },
    {
      "type": "insert-node",
      "node": {
        "label": "coreElements",
        "type": "FieldRead"
      },
      "location-after-char-start": 13127,
      "location-after-char-end": 13138,
      "node-str": "coreElements"
    },
    {
      "type": "insert-node",
      "node": {
        "label": "org.apache.jasper.compiler.Parser$HtmlComment()",
        "type": "ConstructorCall"
      },
      "location-after-char-start": 13151,
      "location-after-char-end": 13167,
      "node-str": "org.apache.jasper.compiler.Parser$HtmlComment()"
    },
    {
      "type": "insert-node",
      "node": {
        "label": "java.lang.String",
        "type": "VARIABLE_TYPE"
      },
      "location-after-char-start": 0,
      "location-after-char-end": 0,
      "node-str": "java.lang.String"
    },
    {
      "type": "insert-node",
      "node": {
        "label": "org.apache.jasper.compiler.Parser",
        "type": "TypeAccess"
      },
      "location-after-char-start": 0,
      "location-after-char-end": 0,
      "node-str": "org.apache.jasper.compiler.Parser"
    },
    {
      "type": "insert-node",
      "node": {
        "label": "until",
        "type": "VariableRead"
      },
      "location-after-char-start": 30696,
      "location-after-char-end": 30700,
      "node-str": "until"
    },
    {
      "type": "insert-node",
      "node": {
        "label": "null",
        "type": "Literal"
      },
      "location-after-char-start": 30703,
      "location-after-char-end": 30706,
      "node-str": "null"
    },
    {
      "type": "insert-node",
      "node": {
        "label": "java.lang.Class[]",
        "type": "VARIABLE_TYPE"
      },
      "location-after-char-start": 0,
      "location-after-char-end": 0,
      "node-str": "java.lang.Class[]"
    },
    {
      "type": "move-subtree",
      "node": {
        "label": "hasMoreInput",
        "type": "Invocation"
      },
      "location-before-char-start": 29673,
      "location-before-char-end": 29693,
      "location-after-char-start": 30806,
      "location-after-char-end": 30826,
      "node-str": "hasMoreInput"
    },
    {
      "type": "move-subtree",
      "node": {
        "label": "if",
        "type": "If"
      },
      "location-before-char-start": 29710,
      "location-before-char-end": 29777,
      "location-after-char-start": 30843,
      "location-after-char-end": 30910,
      "node-str": "if"
    },
    {
      "type": "move-subtree",
      "node": {
        "label": "e",
        "type": "LocalVariable"
      },
      "location-before-char-start": 29784,
      "location-before-char-end": 29823,
      "location-after-char-start": 30918,
      "location-after-char-end": 30957,
      "node-str": "e"
    },
    {
      "type": "insert-node",
      "node": {
        "label": "if",
        "type": "If"
      },
      "location-after-char-start": 30973,
      "location-after-char-end": 31377,
      "node-str": "if"
    },
    {
      "type": "move-subtree",
      "node": {
        "label": "accepted",
        "type": "LocalVariable"
      },
      "location-before-char-start": 29830,
      "location-before-char-end": 29854,
      "location-after-char-start": 31385,
      "location-after-char-end": 31409,
      "node-str": "accepted"
    },
    {
      "type": "move-subtree",
      "node": {
        "label": "while",
        "type": "While"
      },
      "location-before-char-start": 29861,
      "location-before-char-end": 30263,
      "location-after-char-start": 31416,
      "location-after-char-end": 31818,
      "node-str": "while"
    },
    {
      "type": "move-subtree",
      "node": {
        "label": "if",
        "type": "If"
      },
      "location-before-char-start": 30270,
      "location-before-char-end": 30322,
      "location-after-char-start": 31825,
      "location-after-char-end": 31877,
      "node-str": "if"
    },
    {
      "type": "insert-node",
      "node": {
        "label": "org.apache.jasper.compiler.ParseEventListener",
        "type": "VARIABLE_TYPE"
      },
      "location-after-char-start": 0,
      "location-after-char-end": 0,
      "node-str": "org.apache.jasper.compiler.ParseEventListener"
    },
    {
      "type": "insert-node",
      "node": {
        "label": "org.apache.jasper.compiler.JspReader",
        "type": "VARIABLE_TYPE"
      },
      "location-after-char-start": 0,
      "location-after-char-end": 0,
      "node-str": "org.apache.jasper.compiler.JspReader"
    },
    {
      "type": "insert-node",
      "node": {
        "label": "org.apache.jasper.compiler.Parser",
        "type": "VARIABLE_TYPE"
      },
      "location-after-char-start": 0,
      "location-after-char-end": 0,
      "node-str": "org.apache.jasper.compiler.Parser"
    },
    {
      "type": "insert-node",
      "node": {
        "label": "matches",
        "type": "Invocation"
      },
      "location-after-char-start": 12904,
      "location-after-char-end": 12931,
      "node-str": "matches"
    },
    {
      "type": "insert-node",
      "node": {
        "label": "THEN",
        "type": "then"
      },
      "location-after-char-start": 12934,
      "location-after-char-end": 13056,
      "node-str": "THEN"
    },
    {
      "type": "insert-node",
      "node": {
        "label": "false",
        "type": "Literal"
      },
      "location-after-char-start": 13078,
      "location-after-char-end": 13082,
      "node-str": "false"
    },
    {
      "type": "insert-node",
      "node": {
        "label": "NE",
        "type": "BinaryOperator"
      },
      "location-after-char-start": 30977,
      "location-after-char-end": 30990,
      "node-str": "NE"
    },
    {
      "type": "insert-node",
      "node": {
        "label": "THEN",
        "type": "then"
      },
      "location-after-char-start": 30993,
      "location-after-char-end": 31377,
      "node-str": "THEN"
    },
    {
      "type": "insert-node",
      "node": {
        "label": "reader",
        "type": "VariableRead"
      },
      "location-after-char-start": 12904,
      "location-after-char-end": 12909,
      "node-str": "reader"
    },
    {
      "type": "insert-node",
      "node": {
        "label": "OPEN_COMMENT",
        "type": "FieldRead"
      },
      "location-after-char-start": 12919,
      "location-after-char-end": 12930,
      "node-str": "OPEN_COMMENT"
    },
    {
      "type": "insert-node",
      "node": {
        "label": "parse",
        "type": "Invocation"
      },
      "location-after-char-start": 12952,
      "location-after-char-end": 13013,
      "node-str": "parse"
    },
    {
      "type": "insert-node",
      "node": {
        "label": "return",
        "type": "Return"
      },
      "location-after-char-start": 13031,
      "location-after-char-end": 13042,
      "node-str": "return"
    },
    {
      "type": "insert-node",
      "node": {
        "label": "accept",
        "type": "VariableRead"
      },
      "location-after-char-start": 30977,
      "location-after-char-end": 30982,
      "node-str": "accept"
    },
    {
      "type": "insert-node",
      "node": {
        "label": "null",
        "type": "Literal"
      },
      "location-after-char-start": 30987,
      "location-after-char-end": 30990,
      "node-str": "null"
    },
    {
      "type": "insert-node",
      "node": {
        "label": "v",
        "type": "LocalVariable"
      },
      "location-after-char-start": 31011,
      "location-after-char-end": 31034,
      "node-str": "v"
    },
    {
      "type": "insert-node",
      "node": {
        "label": "while",
        "type": "While"
      },
      "location-after-char-start": 31052,
      "location-after-char-end": 31329,
      "node-str": "while"
    },
    {
      "type": "insert-node",
      "node": {
        "label": "\u003d",
        "type": "Assignment"
      },
      "location-after-char-start": 31347,
      "location-after-char-end": 31363,
      "node-str": "\u003d"
    },
    {
      "type": "insert-node",
      "node": {
        "label": "parser",
        "type": "VariableRead"
      },
      "location-after-char-start": 12952,
      "location-after-char-end": 12957,
      "node-str": "parser"
    },
    {
      "type": "insert-node",
      "node": {
        "label": "CLOSE_COMMENT",
        "type": "FieldRead"
      },
      "location-after-char-start": 12965,
      "location-after-char-end": 12977,
      "node-str": "CLOSE_COMMENT"
    },
    {
      "type": "insert-node",
      "node": {
        "label": "",
        "type": "NewArray"
      },
      "location-after-char-start": 12980,
      "location-after-char-end": 13011,
      "node-str": ""
    },
    {
      "type": "insert-node",
      "node": {
        "label": "true",
        "type": "Literal"
      },
      "location-after-char-start": 13038,
      "location-after-char-end": 13041,
      "node-str": "true"
    },
    {
      "type": "insert-node",
      "node": {
        "label": "java.util.Vector",
        "type": "VARIABLE_TYPE"
      },
      "location-after-char-start": 0,
      "location-after-char-end": 0,
      "node-str": "java.util.Vector"
    },
    {
      "type": "insert-node",
      "node": {
        "label": "java.util.Vector()",
        "type": "ConstructorCall"
      },
      "location-after-char-start": 31022,
      "location-after-char-end": 31033,
      "node-str": "java.util.Vector()"
    },
    {
      "type": "insert-node",
      "node": {
        "label": "hasMoreElements",
        "type": "Invocation"
      },
      "location-after-char-start": 31059,
      "location-after-char-end": 31077,
      "node-str": "hasMoreElements"
    },
    {
      "type": "insert-node",
      "node": {
        "label": "c",
        "type": "LocalVariable"
      },
      "location-after-char-start": 31102,
      "location-after-char-end": 31147,
      "node-str": "c"
    },
    {
      "type": "insert-node",
      "node": {
        "label": "",
        "type": "For"
      },
      "location-after-char-start": 31169,
      "location-after-char-end": 31311,
      "node-str": ""
    },
    {
      "type": "insert-node",
      "node": {
        "label": "e",
        "type": "VariableWrite"
      },
      "location-after-char-start": 31347,
      "location-after-char-end": 31347,
      "node-str": "e"
    },
    {
      "type": "insert-node",
      "node": {
        "label": "elements",
        "type": "Invocation"
      },
      "location-after-char-start": 31351,
      "location-after-char-end": 31362,
      "node-str": "elements"
    },
    {
      "type": "insert-node",
      "node": {
        "label": "class",
        "type": "FieldRead"
      },
      "location-after-char-start": 12994,
      "location-after-char-end": 13009,
      "node-str": "class"
    },
    {
      "type": "insert-node",
      "node": {
        "label": "e",
        "type": "VariableRead"
      },
      "location-after-char-start": 31059,
      "location-after-char-end": 31059,
      "node-str": "e"
    },
    {
      "type": "insert-node",
      "node": {
        "label": "org.apache.jasper.compiler.CoreElement",
        "type": "VARIABLE_TYPE"
      },
      "location-after-char-start": 0,
      "location-after-char-end": 0,
      "node-str": "org.apache.jasper.compiler.CoreElement"
    },
    {
      "type": "insert-node",
      "node": {
        "label": "nextElement",
        "type": "Invocation"
      },
      "location-after-char-start": 31118,
      "location-after-char-end": 31146,
      "node-str": "nextElement"
    },
    {
      "type": "insert-node",
      "node": {
        "label": "i",
        "type": "LocalVariable"
      },
      "location-after-char-start": 31173,
      "location-after-char-end": 31181,
      "node-str": "i"
    },
    {
      "type": "insert-node",
      "node": {
        "label": "LT",
        "type": "BinaryOperator"
      },
      "location-after-char-start": 31184,
      "location-after-char-end": 31200,
      "node-str": "LT"
    },
    {
      "type": "insert-node",
      "node": {
        "label": "POSTINC",
        "type": "UnaryOperator"
      },
      "location-after-char-start": 31203,
      "location-after-char-end": 31205,
      "node-str": "POSTINC"
    },
    {
      "type": "insert-node",
      "node": {
        "label": "if",
        "type": "If"
      },
      "location-after-char-start": 31232,
      "location-after-char-end": 31311,
      "node-str": "if"
    },
    {
      "type": "insert-node",
      "node": {
        "label": "v",
        "type": "VariableRead"
      },
      "location-after-char-start": 31351,
      "location-after-char-end": 31351,
      "node-str": "v"
    },
    {
      "type": "insert-node",
      "node": {
        "label": "org.apache.jasper.compiler.Parser$Expression",
        "type": "TypeAccess"
      },
      "location-after-char-start": 0,
      "location-after-char-end": 0,
      "node-str": "org.apache.jasper.compiler.Parser$Expression"
    },
    {
      "type": "insert-node",
      "node": {
        "label": "e",
        "type": "VariableRead"
      },
      "location-after-char-start": 31132,
      "location-after-char-end": 31132,
      "node-str": "e"
    },
    {
      "type": "insert-node",
      "node": {
        "label": "int",
        "type": "VARIABLE_TYPE"
      },
      "location-after-char-start": 0,
      "location-after-char-end": 0,
      "node-str": "int"
    },
    {
      "type": "insert-node",
      "node": {
        "label": "0",
        "type": "Literal"
      },
      "location-after-char-start": 31181,
      "location-after-char-end": 31181,
      "node-str": "0"
    },
    {
      "type": "insert-node",
      "node": {
        "label": "i",
        "type": "VariableRead"
      },
      "location-after-char-start": 31184,
      "location-after-char-end": 31184,
      "node-str": "i"
    },
    {
      "type": "insert-node",
      "node": {
        "label": "length",
        "type": "FieldRead"
      },
      "location-after-char-start": 31188,
      "location-after-char-end": 31200,
      "node-str": "length"
    },
    {
      "type": "insert-node",
      "node": {
        "label": "i",
        "type": "VariableWrite"
      },
      "location-after-char-start": 31203,
      "location-after-char-end": 31203,
      "node-str": "i"
    },
    {
      "type": "insert-node",
      "node": {
        "label": "equals",
        "type": "Invocation"
      },
      "location-after-char-start": 31236,
      "location-after-char-end": 31265,
      "node-str": "equals"
    },
    {
      "type": "insert-node",
      "node": {
        "label": "THEN",
        "type": "then"
      },
      "location-after-char-start": 31296,
      "location-after-char-end": 31311,
      "node-str": "THEN"
    },
    {
      "type": "insert-node",
      "node": {
        "label": "accept",
        "type": "VariableRead"
      },
      "location-after-char-start": 31188,
      "location-after-char-end": 31193,
      "node-str": "accept"
    },
    {
      "type": "insert-node",
      "node": {
        "label": "getClass",
        "type": "Invocation"
      },
      "location-after-char-start": 31236,
      "location-after-char-end": 31247,
      "node-str": "getClass"
    },
    {
      "type": "insert-node",
      "node": {
        "label": "",
        "type": "ArrayRead"
      },
      "location-after-char-start": 31256,
      "location-after-char-end": 31264,
      "node-str": ""
    },
    {
      "type": "insert-node",
      "node": {
        "label": "addElement",
        "type": "Invocation"
      },
      "location-after-char-start": 31296,
      "location-after-char-end": 31311,
      "node-str": "addElement"
    },
    {
      "type": "insert-node",
      "node": {
        "label": "c",
        "type": "VariableRead"
      },
      "location-after-char-start": 31236,
      "location-after-char-end": 31236,
      "node-str": "c"
    },
    {
      "type": "insert-node",
      "node": {
        "label": "accept",
        "type": "VariableRead"
      },
      "location-after-char-start": 31256,
      "location-after-char-end": 31261,
      "node-str": "accept"
    },
    {
      "type": "insert-node",
      "node": {
        "label": "i",
        "type": "VariableRead"
      },
      "location-after-char-start": 31263,
      "location-after-char-end": 31263,
      "node-str": "i"
    },
    {
      "type": "insert-node",
      "node": {
        "label": "v",
        "type": "VariableRead"
      },
      "location-after-char-start": 31296,
      "location-after-char-end": 31296,
      "node-str": "v"
    },
    {
      "type": "insert-node",
      "node": {
        "label": "c",
        "type": "VariableRead"
      },
      "location-after-char-start": 31309,
      "location-after-char-end": 31309,
      "node-str": "c"
    },
    {
      "type": "delete-node",
      "node": {
        "label": "public",
        "type": "Modifier"
      },
      "location-before-char-start": 0,
      "location-before-char-end": 0,
      "node-str": "public"
    },
    {
      "type": "delete-node",
      "node": {
        "label": "parser",
        "type": "VariableRead"
      },
      "location-before-char-start": 28622,
      "location-before-char-end": 28627,
      "node-str": "parser"
    },
    {
      "type": "delete-node",
      "node": {
        "label": "parser",
        "type": "VariableRead"
      },
      "location-before-char-start": 28667,
      "location-before-char-end": 28672,
      "node-str": "parser"
    },
    {
      "type": "delete-node",
      "node": {
        "label": "parser",
        "type": "VariableRead"
      },
      "location-before-char-start": 28721,
      "location-before-char-end": 28726,
      "node-str": "parser"
    },
    {
      "type": "delete-node",
      "node": {
        "label": "void",
        "type": "RETURN_TYPE"
      },
      "location-before-char-start": 0,
      "location-before-char-end": 0,
      "node-str": "void"
    },
    {
      "type": "delete-node",
      "node": {
        "label": "org.apache.jasper.JasperException",
        "type": "THROWS"
      },
      "location-before-char-start": 0,
      "location-before-char-end": 0,
      "node-str": "org.apache.jasper.JasperException"
    },
    {
      "type": "delete-node",
      "node": {
        "label": "public",
        "type": "Modifier"
      },
      "location-before-char-start": 0,
      "location-before-char-end": 0,
      "node-str": "public"
    },
    {
      "type": "delete-node",
      "node": {
        "label": "while",
        "type": "While"
      },
      "location-before-char-start": 29666,
      "location-before-char-end": 30325,
      "node-str": "while"
    },
    {
      "type": "delete-node",
      "node": {
        "label": "parse",
        "type": "Method"
      },
      "location-before-char-start": 29608,
      "location-before-char-end": 30349,
      "node-str": "parse"
    }
  ],
  "before-file": {},
  "after-file": {},
  "mapping": {}
}