{
  "tool-info": {},
  "diff": [
    {
      "type": "insert-node",
      "node": {
        "label": "",
        "type": "PackageDeclaration"
      },
      "location-after-char-start": 338,
      "location-after-char-end": 370,
      "node-str": ""
    },
    {
      "type": "insert-node",
      "node": {
        "label": "",
        "type": "ImportDeclaration"
      },
      "location-after-char-start": 372,
      "location-after-char-end": 403,
      "node-str": ""
    },
    {
      "type": "insert-node",
      "node": {
        "label": "",
        "type": "ImportDeclaration"
      },
      "location-after-char-start": 404,
      "location-after-char-end": 434,
      "node-str": ""
    },
    {
      "type": "insert-node",
      "node": {
        "label": "",
        "type": "ImportDeclaration"
      },
      "location-after-char-start": 435,
      "location-after-char-end": 464,
      "node-str": ""
    },
    {
      "type": "insert-node",
      "node": {
        "label": "",
        "type": "ImportDeclaration"
      },
      "location-after-char-start": 465,
      "location-after-char-end": 491,
      "node-str": ""
    },
    {
      "type": "insert-node",
      "node": {
        "label": "",
        "type": "ImportDeclaration"
      },
      "location-after-char-start": 492,
      "location-after-char-end": 513,
      "node-str": ""
    },
    {
      "type": "insert-node",
      "node": {
        "label": "",
        "type": "ImportDeclaration"
      },
      "location-after-char-start": 514,
      "location-after-char-end": 557,
      "node-str": ""
    },
    {
      "type": "insert-node",
      "node": {
        "label": "",
        "type": "ImportDeclaration"
      },
      "location-after-char-start": 558,
      "location-after-char-end": 576,
      "node-str": ""
    },
    {
      "type": "insert-node",
      "node": {
        "label": "",
        "type": "ImportDeclaration"
      },
      "location-after-char-start": 577,
      "location-after-char-end": 601,
      "node-str": ""
    },
    {
      "type": "insert-node",
      "node": {
        "label": "",
        "type": "ImportDeclaration"
      },
      "location-after-char-start": 602,
      "location-after-char-end": 621,
      "node-str": ""
    },
    {
      "type": "insert-node",
      "node": {
        "label": "",
        "type": "ImportDeclaration"
      },
      "location-after-char-start": 622,
      "location-after-char-end": 639,
      "node-str": ""
    },
    {
      "type": "insert-node",
      "node": {
        "label": "",
        "type": "TypeDeclaration"
      },
      "location-after-char-start": 641,
      "location-after-char-end": 28303,
      "node-str": ""
    },
    {
      "type": "insert-node",
      "node": {
        "label": "CH.ifa.draw.application",
        "type": "QualifiedName"
      },
      "location-after-char-start": 346,
      "location-after-char-end": 369,
      "node-str": "CH.ifa.draw.application"
    },
    {
      "type": "insert-node",
      "node": {
        "label": "CH.ifa.draw.framework",
        "type": "QualifiedName"
      },
      "location-after-char-start": 379,
      "location-after-char-end": 400,
      "node-str": "CH.ifa.draw.framework"
    },
    {
      "type": "insert-node",
      "node": {
        "label": "CH.ifa.draw.standard",
        "type": "QualifiedName"
      },
      "location-after-char-start": 411,
      "location-after-char-end": 431,
      "node-str": "CH.ifa.draw.standard"
    },
    {
      "type": "insert-node",
      "node": {
        "label": "CH.ifa.draw.figures",
        "type": "QualifiedName"
      },
      "location-after-char-start": 442,
      "location-after-char-end": 461,
      "node-str": "CH.ifa.draw.figures"
    },
    {
      "type": "insert-node",
      "node": {
        "label": "CH.ifa.draw.util",
        "type": "QualifiedName"
      },
      "location-after-char-start": 472,
      "location-after-char-end": 488,
      "node-str": "CH.ifa.draw.util"
    },
    {
      "type": "insert-node",
      "node": {
        "label": "javax.swing",
        "type": "QualifiedName"
      },
      "location-after-char-start": 499,
      "location-after-char-end": 510,
      "node-str": "javax.swing"
    },
    {
      "type": "insert-node",
      "node": {
        "label": "javax.swing.event.EventListenerList",
        "type": "QualifiedName"
      },
      "location-after-char-start": 521,
      "location-after-char-end": 556,
      "node-str": "javax.swing.event.EventListenerList"
    },
    {
      "type": "insert-node",
      "node": {
        "label": "java.awt",
        "type": "QualifiedName"
      },
      "location-after-char-start": 565,
      "location-after-char-end": 573,
      "node-str": "java.awt"
    },
    {
      "type": "insert-node",
      "node": {
        "label": "java.awt.event",
        "type": "QualifiedName"
      },
      "location-after-char-start": 584,
      "location-after-char-end": 598,
      "node-str": "java.awt.event"
    },
    {
      "type": "insert-node",
      "node": {
        "label": "java.util",
        "type": "QualifiedName"
      },
      "location-after-char-start": 609,
      "location-after-char-end": 618,
      "node-str": "java.util"
    },
    {
      "type": "insert-node",
      "node": {
        "label": "java.io",
        "type": "QualifiedName"
      },
      "location-after-char-start": 629,
      "location-after-char-end": 636,
      "node-str": "java.io"
    },
    {
      "type": "move-subtree",
      "node": {
        "label": "",
        "type": "Javadoc"
      },
      "location-before-char-start": 641,
      "location-before-char-end": 994,
      "location-after-char-start": 641,
      "location-after-char-end": 994,
      "node-str": ""
    },
    {
      "type": "insert-node",
      "node": {
        "label": "public",
        "type": "Modifier"
      },
      "location-after-char-start": 995,
      "location-after-char-end": 1001,
      "node-str": "public"
    },
    {
      "type": "insert-node",
      "node": {
        "label": "class",
        "type": "TYPE_DECLARATION_KIND"
      },
      "location-after-char-start": 1002,
      "location-after-char-end": 1007,
      "node-str": "class"
    },
    {
      "type": "insert-node",
      "node": {
        "label": "DrawApplication",
        "type": "SimpleName"
      },
      "location-after-char-start": 1008,
      "location-after-char-end": 1023,
      "node-str": "DrawApplication"
    },
    {
      "type": "insert-node",
      "node": {
        "label": "",
        "type": "SimpleType"
      },
      "location-after-char-start": 1034,
      "location-after-char-end": 1040,
      "node-str": ""
    },
    {
      "type": "insert-node",
      "node": {
        "label": "",
        "type": "SimpleType"
      },
      "location-after-char-start": 1054,
      "location-after-char-end": 1067,
      "node-str": ""
    },
    {
      "type": "insert-node",
      "node": {
        "label": "",
        "type": "SimpleType"
      },
      "location-after-char-start": 1069,
      "location-after-char-end": 1084,
      "node-str": ""
    },
    {
      "type": "insert-node",
      "node": {
        "label": "",
        "type": "SimpleType"
      },
      "location-after-char-start": 1086,
      "location-after-char-end": 1102,
      "node-str": ""
    },
    {
      "type": "move-subtree",
      "node": {
        "label": "",
        "type": "FieldDeclaration"
      },
      "location-before-char-start": 1107,
      "location-before-char-end": 1130,
      "location-after-char-start": 1107,
      "location-after-char-end": 1130,
      "node-str": ""
    },
    {
      "type": "move-subtree",
      "node": {
        "label": "",
        "type": "FieldDeclaration"
      },
      "location-before-char-start": 1132,
      "location-before-char-end": 1161,
      "location-after-char-start": 1132,
      "location-after-char-end": 1161,
      "node-str": ""
    },
    {
      "type": "move-subtree",
      "node": {
        "label": "",
        "type": "FieldDeclaration"
      },
      "location-before-char-start": 1164,
      "location-before-char-end": 1198,
      "location-after-char-start": 1164,
      "location-after-char-end": 1198,
      "node-str": ""
    },
    {
      "type": "move-subtree",
      "node": {
        "label": "",
        "type": "FieldDeclaration"
      },
      "location-before-char-start": 1200,
      "location-before-char-end": 1229,
      "location-after-char-start": 1200,
      "location-after-char-end": 1229,
      "node-str": ""
    },
    {
      "type": "move-subtree",
      "node": {
        "label": "",
        "type": "FieldDeclaration"
      },
      "location-before-char-start": 1231,
      "location-before-char-end": 1272,
      "location-after-char-start": 1231,
      "location-after-char-end": 1272,
      "node-str": ""
    },
    {
      "type": "move-subtree",
      "node": {
        "label": "",
        "type": "FieldDeclaration"
      },
      "location-before-char-start": 1274,
      "location-before-char-end": 1316,
      "location-after-char-start": 1274,
      "location-after-char-end": 1316,
      "node-str": ""
    },
    {
      "type": "move-subtree",
      "node": {
        "label": "",
        "type": "FieldDeclaration"
      },
      "location-before-char-start": 1319,
      "location-before-char-end": 1355,
      "location-after-char-start": 1319,
      "location-after-char-end": 1355,
      "node-str": ""
    },
    {
      "type": "move-subtree",
      "node": {
        "label": "",
        "type": "FieldDeclaration"
      },
      "location-before-char-start": 1357,
      "location-before-char-end": 1408,
      "location-after-char-start": 1357,
      "location-after-char-end": 1408,
      "node-str": ""
    },
    {
      "type": "move-subtree",
      "node": {
        "label": "",
        "type": "FieldDeclaration"
      },
      "location-before-char-start": 1410,
      "location-before-char-end": 1447,
      "location-after-char-start": 1410,
      "location-after-char-end": 1447,
      "node-str": ""
    },
    {
      "type": "move-subtree",
      "node": {
        "label": "",
        "type": "FieldDeclaration"
      },
      "location-before-char-start": 1449,
      "location-before-char-end": 1499,
      "location-after-char-start": 1449,
      "location-after-char-end": 1499,
      "node-str": ""
    },
    {
      "type": "move-subtree",
      "node": {
        "label": "",
        "type": "FieldDeclaration"
      },
      "location-before-char-start": 1501,
      "location-before-char-end": 1572,
      "location-after-char-start": 1501,
      "location-after-char-end": 1572,
      "node-str": ""
    },
    {
      "type": "move-subtree",
      "node": {
        "label": "",
        "type": "FieldDeclaration"
      },
      "location-before-char-start": 1603,
      "location-before-char-end": 1661,
      "location-after-char-start": 1603,
      "location-after-char-end": 1661,
      "node-str": ""
    },
    {
      "type": "move-subtree",
      "node": {
        "label": "",
        "type": "FieldDeclaration"
      },
      "location-before-char-start": 1663,
      "location-before-char-end": 1723,
      "location-after-char-start": 1663,
      "location-after-char-end": 1723,
      "node-str": ""
    },
    {
      "type": "move-subtree",
      "node": {
        "label": "",
        "type": "FieldDeclaration"
      },
      "location-before-char-start": 1725,
      "location-before-char-end": 1762,
      "location-after-char-start": 1725,
      "location-after-char-end": 1762,
      "node-str": ""
    },
    {
      "type": "move-subtree",
      "node": {
        "label": "",
        "type": "FieldDeclaration"
      },
      "location-before-char-start": 1765,
      "location-before-char-end": 1863,
      "location-after-char-start": 1765,
      "location-after-char-end": 1863,
      "node-str": ""
    },
    {
      "type": "move-subtree",
      "node": {
        "label": "",
        "type": "FieldDeclaration"
      },
      "location-before-char-start": 1865,
      "location-before-char-end": 1963,
      "location-after-char-start": 1865,
      "location-after-char-end": 1963,
      "node-str": ""
    },
    {
      "type": "move-subtree",
      "node": {
        "label": "",
        "type": "FieldDeclaration"
      },
      "location-before-char-start": 1965,
      "location-before-char-end": 2073,
      "location-after-char-start": 1965,
      "location-after-char-end": 2073,
      "node-str": ""
    },
    {
      "type": "move-subtree",
      "node": {
        "label": "",
        "type": "FieldDeclaration"
      },
      "location-before-char-start": 2075,
      "location-before-char-end": 2185,
      "location-after-char-start": 2075,
      "location-after-char-end": 2185,
      "node-str": ""
    },
    {
      "type": "move-subtree",
      "node": {
        "label": "",
        "type": "MethodDeclaration"
      },
      "location-before-char-start": 2188,
      "location-before-char-end": 2301,
      "location-after-char-start": 2188,
      "location-after-char-end": 2301,
      "node-str": ""
    },
    {
      "type": "move-subtree",
      "node": {
        "label": "",
        "type": "MethodDeclaration"
      },
      "location-before-char-start": 2304,
      "location-before-char-end": 2468,
      "location-after-char-start": 2304,
      "location-after-char-end": 2468,
      "node-str": ""
    },
    {
      "type": "move-subtree",
      "node": {
        "label": "",
        "type": "MethodDeclaration"
      },
      "location-before-char-start": 2471,
      "location-before-char-end": 2702,
      "location-after-char-start": 2471,
      "location-after-char-end": 2702,
      "node-str": ""
    },
    {
      "type": "move-subtree",
      "node": {
        "label": "",
        "type": "MethodDeclaration"
      },
      "location-before-char-start": 2706,
      "location-before-char-end": 3161,
      "location-after-char-start": 2705,
      "location-after-char-end": 3160,
      "node-str": ""
    },
    {
      "type": "move-subtree",
      "node": {
        "label": "",
        "type": "MethodDeclaration"
      },
      "location-before-char-start": 3164,
      "location-before-char-end": 3522,
      "location-after-char-start": 3163,
      "location-after-char-end": 3521,
      "node-str": ""
    },
    {
      "type": "insert-node",
      "node": {
        "label": "",
        "type": "MethodDeclaration"
      },
      "location-after-char-start": 3524,
      "location-after-char-end": 3616,
      "node-str": ""
    },
    {
      "type": "insert-node",
      "node": {
        "label": "",
        "type": "MethodDeclaration"
      },
      "location-after-char-start": 3619,
      "location-after-char-end": 5027,
      "node-str": ""
    },
    {
      "type": "move-subtree",
      "node": {
        "label": "",
        "type": "MethodDeclaration"
      },
      "location-before-char-start": 4916,
      "location-before-char-end": 5130,
      "location-after-char-start": 5030,
      "location-after-char-end": 5244,
      "node-str": ""
    },
    {
      "type": "move-subtree",
      "node": {
        "label": "",
        "type": "MethodDeclaration"
      },
      "location-before-char-start": 5133,
      "location-before-char-end": 5504,
      "location-after-char-start": 5247,
      "location-after-char-end": 5618,
      "node-str": ""
    },
    {
      "type": "move-subtree",
      "node": {
        "label": "",
        "type": "MethodDeclaration"
      },
      "location-before-char-start": 5507,
      "location-before-char-end": 5621,
      "location-after-char-start": 5621,
      "location-after-char-end": 5735,
      "node-str": ""
    },
    {
      "type": "move-subtree",
      "node": {
        "label": "",
        "type": "MethodDeclaration"
      },
      "location-before-char-start": 5625,
      "location-before-char-end": 6587,
      "location-after-char-start": 5738,
      "location-after-char-end": 6700,
      "node-str": ""
    },
    {
      "type": "move-subtree",
      "node": {
        "label": "",
        "type": "MethodDeclaration"
      },
      "location-before-char-start": 6590,
      "location-before-char-end": 7820,
      "location-after-char-start": 6703,
      "location-after-char-end": 7933,
      "node-str": ""
    },
    {
      "type": "move-subtree",
      "node": {
        "label": "",
        "type": "MethodDeclaration"
      },
      "location-before-char-start": 7823,
      "location-before-char-end": 8719,
      "location-after-char-start": 7936,
      "location-after-char-end": 8832,
      "node-str": ""
    },
    {
      "type": "move-subtree",
      "node": {
        "label": "",
        "type": "MethodDeclaration"
      },
      "location-before-char-start": 8722,
      "location-before-char-end": 9281,
      "location-after-char-start": 8835,
      "location-after-char-end": 9394,
      "node-str": ""
    },
    {
      "type": "move-subtree",
      "node": {
        "label": "",
        "type": "MethodDeclaration"
      },
      "location-before-char-start": 9284,
      "location-before-char-end": 9826,
      "location-after-char-start": 9397,
      "location-after-char-end": 9939,
      "node-str": ""
    },
    {
      "type": "move-subtree",
      "node": {
        "label": "",
        "type": "MethodDeclaration"
      },
      "location-before-char-start": 9829,
      "location-before-char-end": 10202,
      "location-after-char-start": 9942,
      "location-after-char-end": 10315,
      "node-str": ""
    },
    {
      "type": "move-subtree",
      "node": {
        "label": "",
        "type": "MethodDeclaration"
      },
      "location-before-char-start": 10205,
      "location-before-char-end": 10897,
      "location-after-char-start": 10318,
      "location-after-char-end": 11010,
      "node-str": ""
    },
    {
      "type": "move-subtree",
      "node": {
        "label": "",
        "type": "MethodDeclaration"
      },
      "location-before-char-start": 10900,
      "location-before-char-end": 11329,
      "location-after-char-start": 11013,
      "location-after-char-end": 11442,
      "node-str": ""
    },
    {
      "type": "move-subtree",
      "node": {
        "label": "",
        "type": "MethodDeclaration"
      },
      "location-before-char-start": 11332,
      "location-before-char-end": 11873,
      "location-after-char-start": 11445,
      "location-after-char-end": 11986,
      "node-str": ""
    },
    {
      "type": "move-subtree",
      "node": {
        "label": "",
        "type": "MethodDeclaration"
      },
      "location-before-char-start": 11876,
      "location-before-char-end": 12311,
      "location-after-char-start": 11989,
      "location-after-char-end": 12424,
      "node-str": ""
    },
    {
      "type": "move-subtree",
      "node": {
        "label": "",
        "type": "MethodDeclaration"
      },
      "location-before-char-start": 12314,
      "location-before-char-end": 12857,
      "location-after-char-start": 12427,
      "location-after-char-end": 12969,
      "node-str": ""
    },
    {
      "type": "move-subtree",
      "node": {
        "label": "",
        "type": "MethodDeclaration"
      },
      "location-before-char-start": 12860,
      "location-before-char-end": 13143,
      "location-after-char-start": 12972,
      "location-after-char-end": 13255,
      "node-str": ""
    },
    {
      "type": "move-subtree",
      "node": {
        "label": "",
        "type": "MethodDeclaration"
      },
      "location-before-char-start": 13146,
      "location-before-char-end": 13593,
      "location-after-char-start": 13258,
      "location-after-char-end": 13705,
      "node-str": ""
    },
    {
      "type": "move-subtree",
      "node": {
        "label": "",
        "type": "MethodDeclaration"
      },
      "location-before-char-start": 13596,
      "location-before-char-end": 13778,
      "location-after-char-start": 13708,
      "location-after-char-end": 13890,
      "node-str": ""
    },
    {
      "type": "move-subtree",
      "node": {
        "label": "",
        "type": "MethodDeclaration"
      },
      "location-before-char-start": 13781,
      "location-before-char-end": 13998,
      "location-after-char-start": 13893,
      "location-after-char-end": 14110,
      "node-str": ""
    },
    {
      "type": "move-subtree",
      "node": {
        "label": "",
        "type": "MethodDeclaration"
      },
      "location-before-char-start": 14001,
      "location-before-char-end": 14422,
      "location-after-char-start": 14113,
      "location-after-char-end": 14534,
      "node-str": ""
    },
    {
      "type": "move-subtree",
      "node": {
        "label": "",
        "type": "MethodDeclaration"
      },
      "location-before-char-start": 14425,
      "location-before-char-end": 14714,
      "location-after-char-start": 14537,
      "location-after-char-end": 14826,
      "node-str": ""
    },
    {
      "type": "insert-node",
      "node": {
        "label": "",
        "type": "MethodDeclaration"
      },
      "location-after-char-start": 14829,
      "location-after-char-end": 15397,
      "node-str": ""
    },
    {
      "type": "move-subtree",
      "node": {
        "label": "",
        "type": "MethodDeclaration"
      },
      "location-before-char-start": 14717,
      "location-before-char-end": 14865,
      "location-after-char-start": 15400,
      "location-after-char-end": 15548,
      "node-str": ""
    },
    {
      "type": "move-subtree",
      "node": {
        "label": "",
        "type": "MethodDeclaration"
      },
      "location-before-char-start": 14868,
      "location-before-char-end": 15133,
      "location-after-char-start": 15551,
      "location-after-char-end": 15816,
      "node-str": ""
    },
    {
      "type": "move-subtree",
      "node": {
        "label": "",
        "type": "MethodDeclaration"
      },
      "location-before-char-start": 15136,
      "location-before-char-end": 15626,
      "location-after-char-start": 15819,
      "location-after-char-end": 16308,
      "node-str": ""
    },
    {
      "type": "move-subtree",
      "node": {
        "label": "",
        "type": "MethodDeclaration"
      },
      "location-before-char-start": 15629,
      "location-before-char-end": 16271,
      "location-after-char-start": 16311,
      "location-after-char-end": 16953,
      "node-str": ""
    },
    {
      "type": "move-subtree",
      "node": {
        "label": "",
        "type": "MethodDeclaration"
      },
      "location-before-char-start": 16274,
      "location-before-char-end": 16610,
      "location-after-char-start": 16956,
      "location-after-char-end": 17292,
      "node-str": ""
    },
    {
      "type": "move-subtree",
      "node": {
        "label": "",
        "type": "MethodDeclaration"
      },
      "location-before-char-start": 16613,
      "location-before-char-end": 16872,
      "location-after-char-start": 17295,
      "location-after-char-end": 17546,
      "node-str": ""
    },
    {
      "type": "move-subtree",
      "node": {
        "label": "",
        "type": "MethodDeclaration"
      },
      "location-before-char-start": 16876,
      "location-before-char-end": 16998,
      "location-after-char-start": 17549,
      "location-after-char-end": 17671,
      "node-str": ""
    },
    {
      "type": "move-subtree",
      "node": {
        "label": "",
        "type": "MethodDeclaration"
      },
      "location-before-char-start": 17001,
      "location-before-char-end": 17216,
      "location-after-char-start": 17674,
      "location-after-char-end": 17889,
      "node-str": ""
    },
    {
      "type": "move-subtree",
      "node": {
        "label": "",
        "type": "MethodDeclaration"
      },
      "location-before-char-start": 17219,
      "location-before-char-end": 17480,
      "location-after-char-start": 17892,
      "location-after-char-end": 18153,
      "node-str": ""
    },
    {
      "type": "move-subtree",
      "node": {
        "label": "",
        "type": "MethodDeclaration"
      },
      "location-before-char-start": 17483,
      "location-before-char-end": 17807,
      "location-after-char-start": 18156,
      "location-after-char-end": 18480,
      "node-str": ""
    },
    {
      "type": "move-subtree",
      "node": {
        "label": "",
        "type": "MethodDeclaration"
      },
      "location-before-char-start": 17810,
      "location-before-char-end": 17909,
      "location-after-char-start": 18483,
      "location-after-char-end": 18582,
      "node-str": ""
    },
    {
      "type": "move-subtree",
      "node": {
        "label": "",
        "type": "MethodDeclaration"
      },
      "location-before-char-start": 17912,
      "location-before-char-end": 18071,
      "location-after-char-start": 18585,
      "location-after-char-end": 18744,
      "node-str": ""
    },
    {
      "type": "move-subtree",
      "node": {
        "label": "",
        "type": "MethodDeclaration"
      },
      "location-before-char-start": 18074,
      "location-before-char-end": 18222,
      "location-after-char-start": 18747,
      "location-after-char-end": 18895,
      "node-str": ""
    },
    {
      "type": "move-subtree",
      "node": {
        "label": "",
        "type": "MethodDeclaration"
      },
      "location-before-char-start": 18226,
      "location-before-char-end": 18298,
      "location-after-char-start": 18898,
      "location-after-char-end": 18970,
      "node-str": ""
    },
    {
      "type": "move-subtree",
      "node": {
        "label": "",
        "type": "MethodDeclaration"
      },
      "location-before-char-start": 18301,
      "location-before-char-end": 18544,
      "location-after-char-start": 18973,
      "location-after-char-end": 19216,
      "node-str": ""
    },
    {
      "type": "insert-node",
      "node": {
        "label": "",
        "type": "MethodDeclaration"
      },
      "location-after-char-start": 19219,
      "location-after-char-end": 20237,
      "node-str": ""
    },
    {
      "type": "move-subtree",
      "node": {
        "label": "",
        "type": "MethodDeclaration"
      },
      "location-before-char-start": 19563,
      "location-before-char-end": 19824,
      "location-after-char-start": 20240,
      "location-after-char-end": 20501,
      "node-str": ""
    },
    {
      "type": "move-subtree",
      "node": {
        "label": "",
        "type": "MethodDeclaration"
      },
      "location-before-char-start": 19827,
      "location-before-char-end": 19976,
      "location-after-char-start": 20504,
      "location-after-char-end": 20653,
      "node-str": ""
    },
    {
      "type": "insert-node",
      "node": {
        "label": "",
        "type": "MethodDeclaration"
      },
      "location-after-char-start": 20656,
      "location-after-char-end": 21292,
      "node-str": ""
    },
    {
      "type": "move-subtree",
      "node": {
        "label": "",
        "type": "MethodDeclaration"
      },
      "location-before-char-start": 20465,
      "location-before-char-end": 20800,
      "location-after-char-start": 21295,
      "location-after-char-end": 21630,
      "node-str": ""
    },
    {
      "type": "move-subtree",
      "node": {
        "label": "",
        "type": "MethodDeclaration"
      },
      "location-before-char-start": 20803,
      "location-before-char-end": 21146,
      "location-after-char-start": 21633,
      "location-after-char-end": 21976,
      "node-str": ""
    },
    {
      "type": "move-subtree",
      "node": {
        "label": "",
        "type": "MethodDeclaration"
      },
      "location-before-char-start": 21149,
      "location-before-char-end": 21283,
      "location-after-char-start": 21979,
      "location-after-char-end": 22113,
      "node-str": ""
    },
    {
      "type": "insert-node",
      "node": {
        "label": "",
        "type": "MethodDeclaration"
      },
      "location-after-char-start": 22116,
      "location-after-char-end": 22420,
      "node-str": ""
    },
    {
      "type": "move-subtree",
      "node": {
        "label": "",
        "type": "MethodDeclaration"
      },
      "location-before-char-start": 21542,
      "location-before-char-end": 21769,
      "location-after-char-start": 22423,
      "location-after-char-end": 22650,
      "node-str": ""
    },
    {
      "type": "move-subtree",
      "node": {
        "label": "",
        "type": "MethodDeclaration"
      },
      "location-before-char-start": 21772,
      "location-before-char-end": 22046,
      "location-after-char-start": 22653,
      "location-after-char-end": 22927,
      "node-str": ""
    },
    {
      "type": "move-subtree",
      "node": {
        "label": "",
        "type": "MethodDeclaration"
      },
      "location-before-char-start": 22049,
      "location-before-char-end": 22193,
      "location-after-char-start": 22930,
      "location-after-char-end": 23074,
      "node-str": ""
    },
    {
      "type": "move-subtree",
      "node": {
        "label": "",
        "type": "MethodDeclaration"
      },
      "location-before-char-start": 22196,
      "location-before-char-end": 22388,
      "location-after-char-start": 23077,
      "location-after-char-end": 23269,
      "node-str": ""
    },
    {
      "type": "move-subtree",
      "node": {
        "label": "",
        "type": "MethodDeclaration"
      },
      "location-before-char-start": 22391,
      "location-before-char-end": 23002,
      "location-after-char-start": 23272,
      "location-after-char-end": 23883,
      "node-str": ""
    },
    {
      "type": "move-subtree",
      "node": {
        "label": "",
        "type": "MethodDeclaration"
      },
      "location-before-char-start": 23005,
      "location-before-char-end": 23617,
      "location-after-char-start": 23886,
      "location-after-char-end": 24498,
      "node-str": ""
    },
    {
      "type": "move-subtree",
      "node": {
        "label": "",
        "type": "MethodDeclaration"
      },
      "location-before-char-start": 23620,
      "location-before-char-end": 23931,
      "location-after-char-start": 24501,
      "location-after-char-end": 24812,
      "node-str": ""
    },
    {
      "type": "move-subtree",
      "node": {
        "label": "",
        "type": "MethodDeclaration"
      },
      "location-before-char-start": 23934,
      "location-before-char-end": 24246,
      "location-after-char-start": 24815,
      "location-after-char-end": 25126,
      "node-str": ""
    },
    {
      "type": "move-subtree",
      "node": {
        "label": "",
        "type": "MethodDeclaration"
      },
      "location-before-char-start": 24250,
      "location-before-char-end": 24627,
      "location-after-char-start": 25129,
      "location-after-char-end": 25506,
      "node-str": ""
    },
    {
      "type": "move-subtree",
      "node": {
        "label": "",
        "type": "MethodDeclaration"
      },
      "location-before-char-start": 24630,
      "location-before-char-end": 25007,
      "location-after-char-start": 25509,
      "location-after-char-end": 25886,
      "node-str": ""
    },
    {
      "type": "insert-node",
      "node": {
        "label": "",
        "type": "MethodDeclaration"
      },
      "location-after-char-start": 25889,
      "location-after-char-end": 26328,
      "node-str": ""
    },
    {
      "type": "move-subtree",
      "node": {
        "label": "",
        "type": "MethodDeclaration"
      },
      "location-before-char-start": 25453,
      "location-before-char-end": 25688,
      "location-after-char-start": 26331,
      "location-after-char-end": 26566,
      "node-str": ""
    },
    {
      "type": "move-subtree",
      "node": {
        "label": "",
        "type": "MethodDeclaration"
      },
      "location-before-char-start": 25691,
      "location-before-char-end": 25974,
      "location-after-char-start": 26569,
      "location-after-char-end": 26852,
      "node-str": ""
    },
    {
      "type": "move-subtree",
      "node": {
        "label": "",
        "type": "MethodDeclaration"
      },
      "location-before-char-start": 25977,
      "location-before-char-end": 26119,
      "location-after-char-start": 26855,
      "location-after-char-end": 26997,
      "node-str": ""
    },
    {
      "type": "move-subtree",
      "node": {
        "label": "",
        "type": "MethodDeclaration"
      },
      "location-before-char-start": 26122,
      "location-before-char-end": 26303,
      "location-after-char-start": 27000,
      "location-after-char-end": 27180,
      "node-str": ""
    },
    {
      "type": "move-subtree",
      "node": {
        "label": "",
        "type": "MethodDeclaration"
      },
      "location-before-char-start": 26306,
      "location-before-char-end": 26459,
      "location-after-char-start": 27183,
      "location-after-char-end": 27335,
      "node-str": ""
    },
    {
      "type": "move-subtree",
      "node": {
        "label": "",
        "type": "MethodDeclaration"
      },
      "location-before-char-start": 26462,
      "location-before-char-end": 26558,
      "location-after-char-start": 27338,
      "location-after-char-end": 27434,
      "node-str": ""
    },
    {
      "type": "move-subtree",
      "node": {
        "label": "",
        "type": "MethodDeclaration"
      },
      "location-before-char-start": 26562,
      "location-before-char-end": 26626,
      "location-after-char-start": 27437,
      "location-after-char-end": 27501,
      "node-str": ""
    },
    {
      "type": "move-subtree",
      "node": {
        "label": "",
        "type": "MethodDeclaration"
      },
      "location-before-char-start": 26630,
      "location-before-char-end": 26746,
      "location-after-char-start": 27504,
      "location-after-char-end": 27620,
      "node-str": ""
    },
    {
      "type": "move-subtree",
      "node": {
        "label": "",
        "type": "MethodDeclaration"
      },
      "location-before-char-start": 26749,
      "location-before-char-end": 27357,
      "location-after-char-start": 27623,
      "location-after-char-end": 28231,
      "node-str": ""
    },
    {
      "type": "move-subtree",
      "node": {
        "label": "",
        "type": "MethodDeclaration"
      },
      "location-before-char-start": 27360,
      "location-before-char-end": 27427,
      "location-after-char-start": 28234,
      "location-after-char-end": 28301,
      "node-str": ""
    },
    {
      "type": "insert-node",
      "node": {
        "label": "JFrame",
        "type": "SimpleName"
      },
      "location-after-char-start": 1034,
      "location-after-char-end": 1040,
      "node-str": "JFrame"
    },
    {
      "type": "insert-node",
      "node": {
        "label": "DrawingEditor",
        "type": "SimpleName"
      },
      "location-after-char-start": 1054,
      "location-after-char-end": 1067,
      "node-str": "DrawingEditor"
    },
    {
      "type": "insert-node",
      "node": {
        "label": "PaletteListener",
        "type": "SimpleName"
      },
      "location-after-char-start": 1069,
      "location-after-char-end": 1084,
      "node-str": "PaletteListener"
    },
    {
      "type": "insert-node",
      "node": {
        "label": "VersionRequester",
        "type": "SimpleName"
      },
      "location-after-char-start": 1086,
      "location-after-char-end": 1102,
      "node-str": "VersionRequester"
    },
    {
      "type": "insert-node",
      "node": {
        "label": "",
        "type": "Javadoc"
      },
      "location-after-char-start": 3524,
      "location-after-char-end": 3555,
      "node-str": ""
    },
    {
      "type": "insert-node",
      "node": {
        "label": "public",
        "type": "Modifier"
      },
      "location-after-char-start": 3557,
      "location-after-char-end": 3563,
      "node-str": "public"
    },
    {
      "type": "insert-node",
      "node": {
        "label": "void",
        "type": "PrimitiveType"
      },
      "location-after-char-start": 3564,
      "location-after-char-end": 3568,
      "node-str": "void"
    },
    {
      "type": "insert-node",
      "node": {
        "label": "open",
        "type": "SimpleName"
      },
      "location-after-char-start": 3569,
      "location-after-char-end": 3573,
      "node-str": "open"
    },
    {
      "type": "insert-node",
      "node": {
        "label": "",
        "type": "Block"
      },
      "location-after-char-start": 3576,
      "location-after-char-end": 3616,
      "node-str": ""
    },
    {
      "type": "insert-node",
      "node": {
        "label": "",
        "type": "Javadoc"
      },
      "location-after-char-start": 3619,
      "location-after-char-end": 3671,
      "node-str": ""
    },
    {
      "type": "insert-node",
      "node": {
        "label": "protected",
        "type": "Modifier"
      },
      "location-after-char-start": 3673,
      "location-after-char-end": 3682,
      "node-str": "protected"
    },
    {
      "type": "insert-node",
      "node": {
        "label": "void",
        "type": "PrimitiveType"
      },
      "location-after-char-start": 3683,
      "location-after-char-end": 3687,
      "node-str": "void"
    },
    {
      "type": "insert-node",
      "node": {
        "label": "open",
        "type": "SimpleName"
      },
      "location-after-char-start": 3688,
      "location-after-char-end": 3692,
      "node-str": "open"
    },
    {
      "type": "move-subtree",
      "node": {
        "label": "",
        "type": "SingleVariableDeclaration"
      },
      "location-before-char-start": 3744,
      "location-before-char-end": 3770,
      "location-after-char-start": 3693,
      "location-after-char-end": 3719,
      "node-str": ""
    },
    {
      "type": "insert-node",
      "node": {
        "label": "",
        "type": "Block"
      },
      "location-after-char-start": 3721,
      "location-after-char-end": 5027,
      "node-str": ""
    },
    {
      "type": "insert-node",
      "node": {
        "label": "",
        "type": "Javadoc"
      },
      "location-after-char-start": 14829,
      "location-after-char-end": 15312,
      "node-str": ""
    },
    {
      "type": "insert-node",
      "node": {
        "label": "protected",
        "type": "Modifier"
      },
      "location-after-char-start": 15314,
      "location-after-char-end": 15323,
      "node-str": "protected"
    },
    {
      "type": "insert-node",
      "node": {
        "label": "",
        "type": "SimpleType"
      },
      "location-after-char-start": 15324,
      "location-after-char-end": 15335,
      "node-str": ""
    },
    {
      "type": "insert-node",
      "node": {
        "label": "createInitialDrawingView",
        "type": "SimpleName"
      },
      "location-after-char-start": 15336,
      "location-after-char-end": 15360,
      "node-str": "createInitialDrawingView"
    },
    {
      "type": "insert-node",
      "node": {
        "label": "",
        "type": "Block"
      },
      "location-after-char-start": 15363,
      "location-after-char-end": 15397,
      "node-str": ""
    },
    {
      "type": "move-subtree",
      "node": {
        "label": "",
        "type": "Javadoc"
      },
      "location-before-char-start": 18547,
      "location-before-char-end": 18822,
      "location-after-char-start": 19219,
      "location-after-char-end": 19494,
      "node-str": ""
    },
    {
      "type": "insert-node",
      "node": {
        "label": "public",
        "type": "Modifier"
      },
      "location-after-char-start": 19496,
      "location-after-char-end": 19502,
      "node-str": "public"
    },
    {
      "type": "insert-node",
      "node": {
        "label": "void",
        "type": "PrimitiveType"
      },
      "location-after-char-start": 19503,
      "location-after-char-end": 19507,
      "node-str": "void"
    },
    {
      "type": "insert-node",
      "node": {
        "label": "figureSelectionChanged",
        "type": "SimpleName"
      },
      "location-after-char-start": 19508,
      "location-after-char-end": 19530,
      "node-str": "figureSelectionChanged"
    },
    {
      "type": "move-subtree",
      "node": {
        "label": "",
        "type": "SingleVariableDeclaration"
      },
      "location-before-char-start": 18859,
      "location-before-char-end": 18875,
      "location-after-char-start": 19531,
      "location-after-char-end": 19547,
      "node-str": ""
    },
    {
      "type": "insert-node",
      "node": {
        "label": "",
        "type": "Block"
      },
      "location-after-char-start": 19549,
      "location-after-char-end": 20237,
      "node-str": ""
    },
    {
      "type": "insert-node",
      "node": {
        "label": "",
        "type": "Javadoc"
      },
      "location-after-char-start": 20656,
      "location-after-char-end": 20901,
      "node-str": ""
    },
    {
      "type": "insert-node",
      "node": {
        "label": "protected",
        "type": "Modifier"
      },
      "location-after-char-start": 20903,
      "location-after-char-end": 20912,
      "node-str": "protected"
    },
    {
      "type": "insert-node",
      "node": {
        "label": "void",
        "type": "PrimitiveType"
      },
      "location-after-char-start": 20913,
      "location-after-char-end": 20917,
      "node-str": "void"
    },
    {
      "type": "insert-node",
      "node": {
        "label": "fireViewSelectionChangedEvent",
        "type": "SimpleName"
      },
      "location-after-char-start": 20918,
      "location-after-char-end": 20947,
      "node-str": "fireViewSelectionChangedEvent"
    },
    {
      "type": "move-subtree",
      "node": {
        "label": "",
        "type": "SingleVariableDeclaration"
      },
      "location-before-char-start": 20118,
      "location-before-char-end": 20137,
      "location-after-char-start": 20948,
      "location-after-char-end": 20967,
      "node-str": ""
    },
    {
      "type": "move-subtree",
      "node": {
        "label": "",
        "type": "SingleVariableDeclaration"
      },
      "location-before-char-start": 20139,
      "location-before-char-end": 20158,
      "location-after-char-start": 20969,
      "location-after-char-end": 20988,
      "node-str": ""
    },
    {
      "type": "move-subtree",
      "node": {
        "label": "",
        "type": "Block"
      },
      "location-before-char-start": 20160,
      "location-before-char-end": 20462,
      "location-after-char-start": 20990,
      "location-after-char-end": 21292,
      "node-str": ""
    },
    {
      "type": "insert-node",
      "node": {
        "label": "public",
        "type": "Modifier"
      },
      "location-after-char-start": 22116,
      "location-after-char-end": 22122,
      "node-str": "public"
    },
    {
      "type": "insert-node",
      "node": {
        "label": "void",
        "type": "PrimitiveType"
      },
      "location-after-char-start": 22123,
      "location-after-char-end": 22127,
      "node-str": "void"
    },
    {
      "type": "insert-node",
      "node": {
        "label": "setTool",
        "type": "SimpleName"
      },
      "location-after-char-start": 22128,
      "location-after-char-end": 22135,
      "node-str": "setTool"
    },
    {
      "type": "move-subtree",
      "node": {
        "label": "",
        "type": "SingleVariableDeclaration"
      },
      "location-before-char-start": 21307,
      "location-before-char-end": 21313,
      "location-after-char-start": 22136,
      "location-after-char-end": 22142,
      "node-str": ""
    },
    {
      "type": "move-subtree",
      "node": {
        "label": "",
        "type": "SingleVariableDeclaration"
      },
      "location-before-char-start": 21315,
      "location-before-char-end": 21326,
      "location-after-char-start": 22144,
      "location-after-char-end": 22155,
      "node-str": ""
    },
    {
      "type": "insert-node",
      "node": {
        "label": "",
        "type": "Block"
      },
      "location-after-char-start": 22157,
      "location-after-char-end": 22420,
      "node-str": ""
    },
    {
      "type": "insert-node",
      "node": {
        "label": "",
        "type": "Javadoc"
      },
      "location-after-char-start": 25889,
      "location-after-char-end": 25928,
      "node-str": ""
    },
    {
      "type": "insert-node",
      "node": {
        "label": "protected",
        "type": "Modifier"
      },
      "location-after-char-start": 25930,
      "location-after-char-end": 25939,
      "node-str": "protected"
    },
    {
      "type": "insert-node",
      "node": {
        "label": "void",
        "type": "PrimitiveType"
      },
      "location-after-char-start": 25940,
      "location-after-char-end": 25944,
      "node-str": "void"
    },
    {
      "type": "insert-node",
      "node": {
        "label": "loadDrawing",
        "type": "SimpleName"
      },
      "location-after-char-start": 25945,
      "location-after-char-end": 25956,
      "node-str": "loadDrawing"
    },
    {
      "type": "move-subtree",
      "node": {
        "label": "",
        "type": "SingleVariableDeclaration"
      },
      "location-before-char-start": 25079,
      "location-before-char-end": 25106,
      "location-after-char-start": 25957,
      "location-after-char-end": 25984,
      "node-str": ""
    },
    {
      "type": "move-subtree",
      "node": {
        "label": "",
        "type": "SingleVariableDeclaration"
      },
      "location-before-char-start": 25108,
      "location-before-char-end": 25119,
      "location-after-char-start": 25986,
      "location-after-char-end": 25997,
      "node-str": ""
    },
    {
      "type": "move-subtree",
      "node": {
        "label": "",
        "type": "Block"
      },
      "location-before-char-start": 25121,
      "location-before-char-end": 25450,
      "location-after-char-start": 25999,
      "location-after-char-end": 26328,
      "node-str": ""
    },
    {
      "type": "insert-node",
      "node": {
        "label": "",
        "type": "TagElement"
      },
      "location-after-char-start": 3532,
      "location-after-char-end": 3550,
      "node-str": ""
    },
    {
      "type": "insert-node",
      "node": {
        "label": "",
        "type": "ExpressionStatement"
      },
      "location-after-char-start": 3580,
      "location-after-char-end": 3613,
      "node-str": ""
    },
    {
      "type": "insert-node",
      "node": {
        "label": "",
        "type": "TagElement"
      },
      "location-after-char-start": 3627,
      "location-after-char-end": 3666,
      "node-str": ""
    },
    {
      "type": "move-subtree",
      "node": {
        "label": "",
        "type": "ExpressionStatement"
      },
      "location-before-char-start": 3776,
      "location-before-char-end": 3830,
      "location-after-char-start": 3725,
      "location-after-char-end": 3779,
      "node-str": ""
    },
    {
      "type": "move-subtree",
      "node": {
        "label": "",
        "type": "ExpressionStatement"
      },
      "location-before-char-start": 3833,
      "location-before-char-end": 3867,
      "location-after-char-start": 3782,
      "location-after-char-end": 3816,
      "node-str": ""
    },
    {
      "type": "move-subtree",
      "node": {
        "label": "",
        "type": "ExpressionStatement"
      },
      "location-before-char-start": 3870,
      "location-before-char-end": 3899,
      "location-after-char-start": 3819,
      "location-after-char-end": 3848,
      "node-str": ""
    },
    {
      "type": "move-subtree",
      "node": {
        "label": "",
        "type": "ExpressionStatement"
      },
      "location-before-char-start": 3902,
      "location-before-char-end": 3949,
      "location-after-char-start": 3851,
      "location-after-char-end": 3898,
      "node-str": ""
    },
    {
      "type": "move-subtree",
      "node": {
        "label": "",
        "type": "ExpressionStatement"
      },
      "location-before-char-start": 4402,
      "location-before-char-end": 4435,
      "location-after-char-start": 3956,
      "location-after-char-end": 3989,
      "node-str": ""
    },
    {
      "type": "move-subtree",
      "node": {
        "label": "",
        "type": "ExpressionStatement"
      },
      "location-before-char-start": 4496,
      "location-before-char-end": 4550,
      "location-after-char-start": 3992,
      "location-after-char-end": 4046,
      "node-str": ""
    },
    {
      "type": "insert-node",
      "node": {
        "label": "",
        "type": "ExpressionStatement"
      },
      "location-after-char-start": 4127,
      "location-after-char-end": 4159,
      "node-str": ""
    },
    {
      "type": "move-subtree",
      "node": {
        "label": "",
        "type": "ExpressionStatement"
      },
      "location-before-char-start": 3953,
      "location-before-char-end": 3977,
      "location-after-char-start": 4162,
      "location-after-char-end": 4186,
      "node-str": ""
    },
    {
      "type": "move-subtree",
      "node": {
        "label": "",
        "type": "VariableDeclarationStatement"
      },
      "location-before-char-start": 3980,
      "location-before-char-end": 4025,
      "location-after-char-start": 4189,
      "location-after-char-end": 4234,
      "node-str": ""
    },
    {
      "type": "move-subtree",
      "node": {
        "label": "",
        "type": "ExpressionStatement"
      },
      "location-before-char-start": 4028,
      "location-before-char-end": 4067,
      "location-after-char-start": 4237,
      "location-after-char-end": 4276,
      "node-str": ""
    },
    {
      "type": "move-subtree",
      "node": {
        "label": "",
        "type": "VariableDeclarationStatement"
      },
      "location-before-char-start": 4071,
      "location-before-char-end": 4108,
      "location-after-char-start": 4280,
      "location-after-char-end": 4317,
      "node-str": ""
    },
    {
      "type": "move-subtree",
      "node": {
        "label": "",
        "type": "ExpressionStatement"
      },
      "location-before-char-start": 4111,
      "location-before-char-end": 4130,
      "location-after-char-start": 4320,
      "location-after-char-end": 4339,
      "node-str": ""
    },
    {
      "type": "move-subtree",
      "node": {
        "label": "",
        "type": "VariableDeclarationStatement"
      },
      "location-before-char-start": 4134,
      "location-before-char-end": 4168,
      "location-after-char-start": 4343,
      "location-after-char-end": 4377,
      "node-str": ""
    },
    {
      "type": "move-subtree",
      "node": {
        "label": "",
        "type": "ExpressionStatement"
      },
      "location-before-char-start": 4171,
      "location-before-char-end": 4213,
      "location-after-char-start": 4380,
      "location-after-char-end": 4422,
      "node-str": ""
    },
    {
      "type": "move-subtree",
      "node": {
        "label": "",
        "type": "ExpressionStatement"
      },
      "location-before-char-start": 4216,
      "location-before-char-end": 4257,
      "location-after-char-start": 4425,
      "location-after-char-end": 4466,
      "node-str": ""
    },
    {
      "type": "move-subtree",
      "node": {
        "label": "",
        "type": "ExpressionStatement"
      },
      "location-before-char-start": 4260,
      "location-before-char-end": 4302,
      "location-after-char-start": 4469,
      "location-after-char-end": 4511,
      "node-str": ""
    },
    {
      "type": "move-subtree",
      "node": {
        "label": "",
        "type": "ExpressionStatement"
      },
      "location-before-char-start": 4305,
      "location-before-char-end": 4348,
      "location-after-char-start": 4514,
      "location-after-char-end": 4557,
      "node-str": ""
    },
    {
      "type": "move-subtree",
      "node": {
        "label": "",
        "type": "ExpressionStatement"
      },
      "location-before-char-start": 4351,
      "location-before-char-end": 4398,
      "location-after-char-start": 4560,
      "location-after-char-end": 4607,
      "node-str": ""
    },
    {
      "type": "move-subtree",
      "node": {
        "label": "",
        "type": "ExpressionStatement"
      },
      "location-before-char-start": 4438,
      "location-before-char-end": 4493,
      "location-after-char-start": 4611,
      "location-after-char-end": 4666,
      "node-str": ""
    },
    {
      "type": "move-subtree",
      "node": {
        "label": "",
        "type": "VariableDeclarationStatement"
      },
      "location-before-char-start": 4554,
      "location-before-char-end": 4583,
      "location-after-char-start": 4670,
      "location-after-char-end": 4699,
      "node-str": ""
    },
    {
      "type": "move-subtree",
      "node": {
        "label": "",
        "type": "ExpressionStatement"
      },
      "location-before-char-start": 4586,
      "location-before-char-end": 4602,
      "location-after-char-start": 4702,
      "location-after-char-end": 4718,
      "node-str": ""
    },
    {
      "type": "move-subtree",
      "node": {
        "label": "",
        "type": "ExpressionStatement"
      },
      "location-before-char-start": 4605,
      "location-before-char-end": 4621,
      "location-after-char-start": 4721,
      "location-after-char-end": 4737,
      "node-str": ""
    },
    {
      "type": "move-subtree",
      "node": {
        "label": "",
        "type": "VariableDeclarationStatement"
      },
      "location-before-char-start": 4627,
      "location-before-char-end": 4655,
      "location-after-char-start": 4741,
      "location-after-char-end": 4769,
      "node-str": ""
    },
    {
      "type": "move-subtree",
      "node": {
        "label": "",
        "type": "IfStatement"
      },
      "location-before-char-start": 4658,
      "location-before-char-end": 4801,
      "location-after-char-start": 4772,
      "location-after-char-end": 4915,
      "node-str": ""
    },
    {
      "type": "insert-node",
      "node": {
        "label": "",
        "type": "ExpressionStatement"
      },
      "location-after-char-start": 4918,
      "location-after-char-end": 4933,
      "node-str": ""
    },
    {
      "type": "move-subtree",
      "node": {
        "label": "",
        "type": "ExpressionStatement"
      },
      "location-before-char-start": 4822,
      "location-before-char-end": 4839,
      "location-after-char-start": 4936,
      "location-after-char-end": 4953,
      "node-str": ""
    },
    {
      "type": "move-subtree",
      "node": {
        "label": "",
        "type": "ExpressionStatement"
      },
      "location-before-char-start": 4842,
      "location-before-char-end": 4895,
      "location-after-char-start": 4956,
      "location-after-char-end": 5009,
      "node-str": ""
    },
    {
      "type": "insert-node",
      "node": {
        "label": "",
        "type": "ExpressionStatement"
      },
      "location-after-char-start": 5013,
      "location-after-char-end": 5024,
      "node-str": ""
    },
    {
      "type": "insert-node",
      "node": {
        "label": "",
        "type": "TagElement"
      },
      "location-after-char-start": 14837,
      "location-after-char-end": 15235,
      "node-str": ""
    },
    {
      "type": "insert-node",
      "node": {
        "label": "",
        "type": "TagElement"
      },
      "location-after-char-start": 15244,
      "location-after-char-end": 15307,
      "node-str": ""
    },
    {
      "type": "insert-node",
      "node": {
        "label": "DrawingView",
        "type": "SimpleName"
      },
      "location-after-char-start": 15324,
      "location-after-char-end": 15335,
      "node-str": "DrawingView"
    },
    {
      "type": "insert-node",
      "node": {
        "label": "",
        "type": "ReturnStatement"
      },
      "location-after-char-start": 15367,
      "location-after-char-end": 15394,
      "node-str": ""
    },
    {
      "type": "move-subtree",
      "node": {
        "label": "",
        "type": "VariableDeclarationStatement"
      },
      "location-before-char-start": 18881,
      "location-before-char-end": 18909,
      "location-after-char-start": 19553,
      "location-after-char-end": 19581,
      "node-str": ""
    },
    {
      "type": "move-subtree",
      "node": {
        "label": "",
        "type": "VariableDeclarationStatement"
      },
      "location-before-char-start": 18912,
      "location-before-char-end": 18970,
      "location-after-char-start": 19584,
      "location-after-char-end": 19642,
      "node-str": ""
    },
    {
      "type": "move-subtree",
      "node": {
        "label": "",
        "type": "IfStatement"
      },
      "location-before-char-start": 19002,
      "location-before-char-end": 19057,
      "location-after-char-start": 19674,
      "location-after-char-end": 19729,
      "node-str": ""
    },
    {
      "type": "move-subtree",
      "node": {
        "label": "",
        "type": "VariableDeclarationStatement"
      },
      "location-before-char-start": 19060,
      "location-before-char-end": 19128,
      "location-after-char-start": 19732,
      "location-after-char-end": 19800,
      "node-str": ""
    },
    {
      "type": "insert-node",
      "node": {
        "label": "",
        "type": "IfStatement"
      },
      "location-after-char-start": 19832,
      "location-after-char-end": 19897,
      "node-str": ""
    },
    {
      "type": "move-subtree",
      "node": {
        "label": "",
        "type": "VariableDeclarationStatement"
      },
      "location-before-char-start": 19224,
      "location-before-char-end": 19274,
      "location-after-char-start": 19901,
      "location-after-char-end": 19951,
      "node-str": ""
    },
    {
      "type": "move-subtree",
      "node": {
        "label": "",
        "type": "IfStatement"
      },
      "location-before-char-start": 19306,
      "location-before-char-end": 19557,
      "location-after-char-start": 19983,
      "location-after-char-end": 20234,
      "node-str": ""
    },
    {
      "type": "insert-node",
      "node": {
        "label": "",
        "type": "TagElement"
      },
      "location-after-char-start": 20664,
      "location-after-char-end": 20896,
      "node-str": ""
    },
    {
      "type": "insert-node",
      "node": {
        "label": "",
        "type": "IfStatement"
      },
      "location-after-char-start": 22259,
      "location-after-char-end": 22333,
      "node-str": ""
    },
    {
      "type": "move-subtree",
      "node": {
        "label": "",
        "type": "ExpressionStatement"
      },
      "location-before-char-start": 21455,
      "location-before-char-end": 21465,
      "location-after-char-start": 22336,
      "location-after-char-end": 22346,
      "node-str": ""
    },
    {
      "type": "move-subtree",
      "node": {
        "label": "",
        "type": "IfStatement"
      },
      "location-before-char-start": 21468,
      "location-before-char-end": 21536,
      "location-after-char-start": 22349,
      "location-after-char-end": 22417,
      "node-str": ""
    },
    {
      "type": "insert-node",
      "node": {
        "label": "",
        "type": "TagElement"
      },
      "location-after-char-start": 25897,
      "location-after-char-end": 25923,
      "node-str": ""
    },
    {
      "type": "insert-node",
      "node": {
        "label": "Opens a new window",
        "type": "TextElement"
      },
      "location-after-char-start": 3532,
      "location-after-char-end": 3550,
      "node-str": "Opens a new window"
    },
    {
      "type": "insert-node",
      "node": {
        "label": "",
        "type": "MethodInvocation"
      },
      "location-after-char-start": 3580,
      "location-after-char-end": 3612,
      "node-str": ""
    },
    {
      "type": "insert-node",
      "node": {
        "label": "Opens a new window with a drawing view.",
        "type": "TextElement"
      },
      "location-after-char-start": 3627,
      "location-after-char-end": 3666,
      "node-str": "Opens a new window with a drawing view."
    },
    {
      "type": "insert-node",
      "node": {
        "label": "",
        "type": "MethodInvocation"
      },
      "location-after-char-start": 4127,
      "location-after-char-end": 4158,
      "node-str": ""
    },
    {
      "type": "insert-node",
      "node": {
        "label": "",
        "type": "MethodInvocation"
      },
      "location-after-char-start": 4918,
      "location-after-char-end": 4932,
      "node-str": ""
    },
    {
      "type": "insert-node",
      "node": {
        "label": "",
        "type": "MethodInvocation"
      },
      "location-after-char-start": 5013,
      "location-after-char-end": 5023,
      "node-str": ""
    },
    {
      "type": "insert-node",
      "node": {
        "label": "Create the DrawingView that is active when the application is started.",
        "type": "TextElement"
      },
      "location-after-char-start": 14837,
      "location-after-char-end": 14907,
      "node-str": "Create the DrawingView that is active when the application is started."
    },
    {
      "type": "insert-node",
      "node": {
        "label": "This initial DrawingView might be different from DrawingView created",
        "type": "TextElement"
      },
      "location-after-char-start": 14912,
      "location-after-char-end": 14980,
      "node-str": "This initial DrawingView might be different from DrawingView created"
    },
    {
      "type": "insert-node",
      "node": {
        "label": "by the application, so subclasses can override this method to provide",
        "type": "TextElement"
      },
      "location-after-char-start": 14985,
      "location-after-char-end": 15054,
      "node-str": "by the application, so subclasses can override this method to provide"
    },
    {
      "type": "insert-node",
      "node": {
        "label": "a special drawing view for application startup time, e.g. a NullDrawingView",
        "type": "TextElement"
      },
      "location-after-char-start": 15059,
      "location-after-char-end": 15134,
      "node-str": "a special drawing view for application startup time, e.g. a NullDrawingView"
    },
    {
      "type": "insert-node",
      "node": {
        "label": "which does not display an internal frame in a multiple document interface",
        "type": "TextElement"
      },
      "location-after-char-start": 15139,
      "location-after-char-end": 15212,
      "node-str": "which does not display an internal frame in a multiple document interface"
    },
    {
      "type": "insert-node",
      "node": {
        "label": "(MDI) application.",
        "type": "TextElement"
      },
      "location-after-char-start": 15217,
      "location-after-char-end": 15235,
      "node-str": "(MDI) application."
    },
    {
      "type": "insert-node",
      "node": {
        "label": " drawing view that is active at application startup time",
        "type": "TextElement"
      },
      "location-after-char-start": 15251,
      "location-after-char-end": 15307,
      "node-str": " drawing view that is active at application startup time"
    },
    {
      "type": "insert-node",
      "node": {
        "label": "",
        "type": "MethodInvocation"
      },
      "location-after-char-start": 15374,
      "location-after-char-end": 15393,
      "node-str": ""
    },
    {
      "type": "insert-node",
      "node": {
        "label": "",
        "type": "InfixExpression"
      },
      "location-after-char-start": 19836,
      "location-after-char-end": 19857,
      "node-str": ""
    },
    {
      "type": "move-subtree",
      "node": {
        "label": "",
        "type": "Block"
      },
      "location-before-char-start": 19182,
      "location-before-char-end": 19220,
      "location-after-char-start": 19859,
      "location-after-char-end": 19897,
      "node-str": ""
    },
    {
      "type": "insert-node",
      "node": {
        "label": "An appropriate event is triggered and all registered observers",
        "type": "TextElement"
      },
      "location-after-char-start": 20664,
      "location-after-char-end": 20726,
      "node-str": "An appropriate event is triggered and all registered observers"
    },
    {
      "type": "insert-node",
      "node": {
        "label": "are notified if the drawing view has been changed, e.g. by",
        "type": "TextElement"
      },
      "location-after-char-start": 20731,
      "location-after-char-end": 20789,
      "node-str": "are notified if the drawing view has been changed, e.g. by"
    },
    {
      "type": "insert-node",
      "node": {
        "label": "switching between several internal frames.  This method is",
        "type": "TextElement"
      },
      "location-after-char-start": 20794,
      "location-after-char-end": 20852,
      "node-str": "switching between several internal frames.  This method is"
    },
    {
      "type": "insert-node",
      "node": {
        "label": "usually not needed in SDI environments.",
        "type": "TextElement"
      },
      "location-after-char-start": 20857,
      "location-after-char-end": 20896,
      "node-str": "usually not needed in SDI environments."
    },
    {
      "type": "insert-node",
      "node": {
        "label": "",
        "type": "InfixExpression"
      },
      "location-after-char-start": 22263,
      "location-after-char-end": 22302,
      "node-str": ""
    },
    {
      "type": "move-subtree",
      "node": {
        "label": "",
        "type": "Block"
      },
      "location-before-char-start": 21423,
      "location-before-char-end": 21452,
      "location-after-char-start": 22304,
      "location-after-char-end": 22333,
      "node-str": ""
    },
    {
      "type": "insert-node",
      "node": {
        "label": "Load a Drawing from a file",
        "type": "TextElement"
      },
      "location-after-char-start": 25897,
      "location-after-char-end": 25923,
      "node-str": "Load a Drawing from a file"
    },
    {
      "type": "insert-node",
      "node": {
        "label": "open",
        "type": "SimpleName"
      },
      "location-after-char-start": 3580,
      "location-after-char-end": 3584,
      "node-str": "open"
    },
    {
      "type": "insert-node",
      "node": {
        "label": "",
        "type": "METHOD_INVOCATION_ARGUMENTS"
      },
      "location-after-char-start": 3585,
      "location-after-char-end": 3611,
      "node-str": ""
    },
    {
      "type": "insert-node",
      "node": {
        "label": "setTool",
        "type": "SimpleName"
      },
      "location-after-char-start": 4127,
      "location-after-char-end": 4134,
      "node-str": "setTool"
    },
    {
      "type": "insert-node",
      "node": {
        "label": "",
        "type": "METHOD_INVOCATION_ARGUMENTS"
      },
      "location-after-char-start": 4135,
      "location-after-char-end": 4157,
      "node-str": ""
    },
    {
      "type": "insert-node",
      "node": {
        "label": "addListeners",
        "type": "SimpleName"
      },
      "location-after-char-start": 4918,
      "location-after-char-end": 4930,
      "node-str": "addListeners"
    },
    {
      "type": "insert-node",
      "node": {
        "label": "toolDone",
        "type": "SimpleName"
      },
      "location-after-char-start": 5013,
      "location-after-char-end": 5021,
      "node-str": "toolDone"
    },
    {
      "type": "insert-node",
      "node": {
        "label": "createDrawingView",
        "type": "SimpleName"
      },
      "location-after-char-start": 15374,
      "location-after-char-end": 15391,
      "node-str": "createDrawingView"
    },
    {
      "type": "insert-node",
      "node": {
        "label": "alignmentMenu",
        "type": "SimpleName"
      },
      "location-after-char-start": 19836,
      "location-after-char-end": 19849,
      "node-str": "alignmentMenu"
    },
    {
      "type": "insert-node",
      "node": {
        "label": "!\u003d",
        "type": "INFIX_EXPRESSION_OPERATOR"
      },
      "location-after-char-start": 19850,
      "location-after-char-end": 19852,
      "node-str": "!\u003d"
    },
    {
      "type": "insert-node",
      "node": {
        "label": "",
        "type": "NullLiteral"
      },
      "location-after-char-start": 19853,
      "location-after-char-end": 19857,
      "node-str": ""
    },
    {
      "type": "insert-node",
      "node": {
        "label": "",
        "type": "ParenthesizedExpression"
      },
      "location-after-char-start": 22263,
      "location-after-char-end": 22279,
      "node-str": ""
    },
    {
      "type": "insert-node",
      "node": {
        "label": "\u0026\u0026",
        "type": "INFIX_EXPRESSION_OPERATOR"
      },
      "location-after-char-start": 22280,
      "location-after-char-end": 22282,
      "node-str": "\u0026\u0026"
    },
    {
      "type": "insert-node",
      "node": {
        "label": "",
        "type": "ParenthesizedExpression"
      },
      "location-after-char-start": 22283,
      "location-after-char-end": 22302,
      "node-str": ""
    },
    {
      "type": "insert-node",
      "node": {
        "label": "",
        "type": "MethodInvocation"
      },
      "location-after-char-start": 3585,
      "location-after-char-end": 3611,
      "node-str": ""
    },
    {
      "type": "insert-node",
      "node": {
        "label": "",
        "type": "ClassInstanceCreation"
      },
      "location-after-char-start": 4135,
      "location-after-char-end": 4153,
      "node-str": ""
    },
    {
      "type": "insert-node",
      "node": {
        "label": "\"\"",
        "type": "StringLiteral"
      },
      "location-after-char-start": 4155,
      "location-after-char-end": 4157,
      "node-str": "\"\""
    },
    {
      "type": "move-subtree",
      "node": {
        "label": "",
        "type": "InfixExpression"
      },
      "location-before-char-start": 21407,
      "location-before-char-end": 21421,
      "location-after-char-start": 22264,
      "location-after-char-end": 22278,
      "node-str": ""
    },
    {
      "type": "insert-node",
      "node": {
        "label": "",
        "type": "MethodInvocation"
      },
      "location-after-char-start": 22284,
      "location-after-char-end": 22301,
      "node-str": ""
    },
    {
      "type": "insert-node",
      "node": {
        "label": "createInitialDrawingView",
        "type": "SimpleName"
      },
      "location-after-char-start": 3585,
      "location-after-char-end": 3609,
      "node-str": "createInitialDrawingView"
    },
    {
      "type": "insert-node",
      "node": {
        "label": "",
        "type": "SimpleType"
      },
      "location-after-char-start": 4139,
      "location-after-char-end": 4147,
      "node-str": ""
    },
    {
      "type": "insert-node",
      "node": {
        "label": "",
        "type": "ThisExpression"
      },
      "location-after-char-start": 4148,
      "location-after-char-end": 4152,
      "node-str": ""
    },
    {
      "type": "insert-node",
      "node": {
        "label": "",
        "type": "METHOD_INVOCATION_RECEIVER"
      },
      "location-after-char-start": 22284,
      "location-after-char-end": 22290,
      "node-str": ""
    },
    {
      "type": "insert-node",
      "node": {
        "label": "isActive",
        "type": "SimpleName"
      },
      "location-after-char-start": 22291,
      "location-after-char-end": 22299,
      "node-str": "isActive"
    },
    {
      "type": "insert-node",
      "node": {
        "label": "NullTool",
        "type": "SimpleName"
      },
      "location-after-char-start": 4139,
      "location-after-char-end": 4147,
      "node-str": "NullTool"
    },
    {
      "type": "insert-node",
      "node": {
        "label": "",
        "type": "MethodInvocation"
      },
      "location-after-char-start": 22284,
      "location-after-char-end": 22290,
      "node-str": ""
    },
    {
      "type": "insert-node",
      "node": {
        "label": "tool",
        "type": "SimpleName"
      },
      "location-after-char-start": 22284,
      "location-after-char-end": 22288,
      "node-str": "tool"
    },
    {
      "type": "delete-node",
      "node": {
        "label": "CH.ifa.draw.application",
        "type": "QualifiedName"
      },
      "location-before-char-start": 346,
      "location-before-char-end": 369,
      "node-str": "CH.ifa.draw.application"
    },
    {
      "type": "delete-node",
      "node": {
        "label": "",
        "type": "PackageDeclaration"
      },
      "location-before-char-start": 338,
      "location-before-char-end": 370,
      "node-str": ""
    },
    {
      "type": "delete-node",
      "node": {
        "label": "CH.ifa.draw.framework",
        "type": "QualifiedName"
      },
      "location-before-char-start": 379,
      "location-before-char-end": 400,
      "node-str": "CH.ifa.draw.framework"
    },
    {
      "type": "delete-node",
      "node": {
        "label": "",
        "type": "ImportDeclaration"
      },
      "location-before-char-start": 372,
      "location-before-char-end": 403,
      "node-str": ""
    },
    {
      "type": "delete-node",
      "node": {
        "label": "CH.ifa.draw.standard",
        "type": "QualifiedName"
      },
      "location-before-char-start": 411,
      "location-before-char-end": 431,
      "node-str": "CH.ifa.draw.standard"
    },
    {
      "type": "delete-node",
      "node": {
        "label": "",
        "type": "ImportDeclaration"
      },
      "location-before-char-start": 404,
      "location-before-char-end": 434,
      "node-str": ""
    },
    {
      "type": "delete-node",
      "node": {
        "label": "CH.ifa.draw.figures",
        "type": "QualifiedName"
      },
      "location-before-char-start": 442,
      "location-before-char-end": 461,
      "node-str": "CH.ifa.draw.figures"
    },
    {
      "type": "delete-node",
      "node": {
        "label": "",
        "type": "ImportDeclaration"
      },
      "location-before-char-start": 435,
      "location-before-char-end": 464,
      "node-str": ""
    },
    {
      "type": "delete-node",
      "node": {
        "label": "CH.ifa.draw.util",
        "type": "QualifiedName"
      },
      "location-before-char-start": 472,
      "location-before-char-end": 488,
      "node-str": "CH.ifa.draw.util"
    },
    {
      "type": "delete-node",
      "node": {
        "label": "",
        "type": "ImportDeclaration"
      },
      "location-before-char-start": 465,
      "location-before-char-end": 491,
      "node-str": ""
    },
    {
      "type": "delete-node",
      "node": {
        "label": "javax.swing",
        "type": "QualifiedName"
      },
      "location-before-char-start": 499,
      "location-before-char-end": 510,
      "node-str": "javax.swing"
    },
    {
      "type": "delete-node",
      "node": {
        "label": "",
        "type": "ImportDeclaration"
      },
      "location-before-char-start": 492,
      "location-before-char-end": 513,
      "node-str": ""
    },
    {
      "type": "delete-node",
      "node": {
        "label": "javax.swing.event.EventListenerList",
        "type": "QualifiedName"
      },
      "location-before-char-start": 521,
      "location-before-char-end": 556,
      "node-str": "javax.swing.event.EventListenerList"
    },
    {
      "type": "delete-node",
      "node": {
        "label": "",
        "type": "ImportDeclaration"
      },
      "location-before-char-start": 514,
      "location-before-char-end": 557,
      "node-str": ""
    },
    {
      "type": "delete-node",
      "node": {
        "label": "java.awt",
        "type": "QualifiedName"
      },
      "location-before-char-start": 565,
      "location-before-char-end": 573,
      "node-str": "java.awt"
    },
    {
      "type": "delete-node",
      "node": {
        "label": "",
        "type": "ImportDeclaration"
      },
      "location-before-char-start": 558,
      "location-before-char-end": 576,
      "node-str": ""
    },
    {
      "type": "delete-node",
      "node": {
        "label": "java.awt.event",
        "type": "QualifiedName"
      },
      "location-before-char-start": 584,
      "location-before-char-end": 598,
      "node-str": "java.awt.event"
    },
    {
      "type": "delete-node",
      "node": {
        "label": "",
        "type": "ImportDeclaration"
      },
      "location-before-char-start": 577,
      "location-before-char-end": 601,
      "node-str": ""
    },
    {
      "type": "delete-node",
      "node": {
        "label": "java.util",
        "type": "QualifiedName"
      },
      "location-before-char-start": 609,
      "location-before-char-end": 618,
      "node-str": "java.util"
    },
    {
      "type": "delete-node",
      "node": {
        "label": "",
        "type": "ImportDeclaration"
      },
      "location-before-char-start": 602,
      "location-before-char-end": 621,
      "node-str": ""
    },
    {
      "type": "delete-node",
      "node": {
        "label": "java.io",
        "type": "QualifiedName"
      },
      "location-before-char-start": 629,
      "location-before-char-end": 636,
      "node-str": "java.io"
    },
    {
      "type": "delete-node",
      "node": {
        "label": "",
        "type": "ImportDeclaration"
      },
      "location-before-char-start": 622,
      "location-before-char-end": 639,
      "node-str": ""
    },
    {
      "type": "delete-node",
      "node": {
        "label": "public",
        "type": "Modifier"
      },
      "location-before-char-start": 995,
      "location-before-char-end": 1001,
      "node-str": "public"
    },
    {
      "type": "delete-node",
      "node": {
        "label": "class",
        "type": "TYPE_DECLARATION_KIND"
      },
      "location-before-char-start": 1002,
      "location-before-char-end": 1007,
      "node-str": "class"
    },
    {
      "type": "delete-node",
      "node": {
        "label": "DrawApplication",
        "type": "SimpleName"
      },
      "location-before-char-start": 1008,
      "location-before-char-end": 1023,
      "node-str": "DrawApplication"
    },
    {
      "type": "delete-node",
      "node": {
        "label": "JFrame",
        "type": "SimpleName"
      },
      "location-before-char-start": 1034,
      "location-before-char-end": 1040,
      "node-str": "JFrame"
    },
    {
      "type": "delete-node",
      "node": {
        "label": "",
        "type": "SimpleType"
      },
      "location-before-char-start": 1034,
      "location-before-char-end": 1040,
      "node-str": ""
    },
    {
      "type": "delete-node",
      "node": {
        "label": "DrawingEditor",
        "type": "SimpleName"
      },
      "location-before-char-start": 1054,
      "location-before-char-end": 1067,
      "node-str": "DrawingEditor"
    },
    {
      "type": "delete-node",
      "node": {
        "label": "",
        "type": "SimpleType"
      },
      "location-before-char-start": 1054,
      "location-before-char-end": 1067,
      "node-str": ""
    },
    {
      "type": "delete-node",
      "node": {
        "label": "PaletteListener",
        "type": "SimpleName"
      },
      "location-before-char-start": 1069,
      "location-before-char-end": 1084,
      "node-str": "PaletteListener"
    },
    {
      "type": "delete-node",
      "node": {
        "label": "",
        "type": "SimpleType"
      },
      "location-before-char-start": 1069,
      "location-before-char-end": 1084,
      "node-str": ""
    },
    {
      "type": "delete-node",
      "node": {
        "label": "VersionRequester",
        "type": "SimpleName"
      },
      "location-before-char-start": 1086,
      "location-before-char-end": 1102,
      "node-str": "VersionRequester"
    },
    {
      "type": "delete-node",
      "node": {
        "label": "",
        "type": "SimpleType"
      },
      "location-before-char-start": 1086,
      "location-before-char-end": 1102,
      "node-str": ""
    },
    {
      "type": "delete-node",
      "node": {
        "label": "Opens a new window",
        "type": "TextElement"
      },
      "location-before-char-start": 3534,
      "location-before-char-end": 3552,
      "node-str": "Opens a new window"
    },
    {
      "type": "delete-node",
      "node": {
        "label": "",
        "type": "TagElement"
      },
      "location-before-char-start": 3534,
      "location-before-char-end": 3552,
      "node-str": ""
    },
    {
      "type": "delete-node",
      "node": {
        "label": "",
        "type": "Javadoc"
      },
      "location-before-char-start": 3526,
      "location-before-char-end": 3557,
      "node-str": ""
    },
    {
      "type": "delete-node",
      "node": {
        "label": "public",
        "type": "Modifier"
      },
      "location-before-char-start": 3559,
      "location-before-char-end": 3565,
      "node-str": "public"
    },
    {
      "type": "delete-node",
      "node": {
        "label": "void",
        "type": "PrimitiveType"
      },
      "location-before-char-start": 3566,
      "location-before-char-end": 3570,
      "node-str": "void"
    },
    {
      "type": "delete-node",
      "node": {
        "label": "open",
        "type": "SimpleName"
      },
      "location-before-char-start": 3571,
      "location-before-char-end": 3575,
      "node-str": "open"
    },
    {
      "type": "delete-node",
      "node": {
        "label": "open",
        "type": "SimpleName"
      },
      "location-before-char-start": 3582,
      "location-before-char-end": 3586,
      "node-str": "open"
    },
    {
      "type": "delete-node",
      "node": {
        "label": "NullDrawingView",
        "type": "SimpleName"
      },
      "location-before-char-start": 3587,
      "location-before-char-end": 3602,
      "node-str": "NullDrawingView"
    },
    {
      "type": "delete-node",
      "node": {
        "label": "",
        "type": "METHOD_INVOCATION_RECEIVER"
      },
      "location-before-char-start": 3587,
      "location-before-char-end": 3602,
      "node-str": ""
    },
    {
      "type": "delete-node",
      "node": {
        "label": "getManagedDrawingView",
        "type": "SimpleName"
      },
      "location-before-char-start": 3603,
      "location-before-char-end": 3624,
      "node-str": "getManagedDrawingView"
    },
    {
      "type": "delete-node",
      "node": {
        "label": "",
        "type": "ThisExpression"
      },
      "location-before-char-start": 3625,
      "location-before-char-end": 3629,
      "node-str": ""
    },
    {
      "type": "delete-node",
      "node": {
        "label": "",
        "type": "METHOD_INVOCATION_ARGUMENTS"
      },
      "location-before-char-start": 3625,
      "location-before-char-end": 3629,
      "node-str": ""
    },
    {
      "type": "delete-node",
      "node": {
        "label": "",
        "type": "MethodInvocation"
      },
      "location-before-char-start": 3587,
      "location-before-char-end": 3630,
      "node-str": ""
    },
    {
      "type": "delete-node",
      "node": {
        "label": "",
        "type": "METHOD_INVOCATION_ARGUMENTS"
      },
      "location-before-char-start": 3587,
      "location-before-char-end": 3630,
      "node-str": ""
    },
    {
      "type": "delete-node",
      "node": {
        "label": "",
        "type": "MethodInvocation"
      },
      "location-before-char-start": 3582,
      "location-before-char-end": 3631,
      "node-str": ""
    },
    {
      "type": "delete-node",
      "node": {
        "label": "",
        "type": "ExpressionStatement"
      },
      "location-before-char-start": 3582,
      "location-before-char-end": 3632,
      "node-str": ""
    },
    {
      "type": "delete-node",
      "node": {
        "label": "",
        "type": "Block"
      },
      "location-before-char-start": 3578,
      "location-before-char-end": 3666,
      "node-str": ""
    },
    {
      "type": "delete-node",
      "node": {
        "label": "",
        "type": "MethodDeclaration"
      },
      "location-before-char-start": 3526,
      "location-before-char-end": 3666,
      "node-str": ""
    },
    {
      "type": "delete-node",
      "node": {
        "label": "Opens a new window with a drawing view. ",
        "type": "TextElement"
      },
      "location-before-char-start": 3677,
      "location-before-char-end": 3717,
      "node-str": "Opens a new window with a drawing view. "
    },
    {
      "type": "delete-node",
      "node": {
        "label": "",
        "type": "TagElement"
      },
      "location-before-char-start": 3677,
      "location-before-char-end": 3717,
      "node-str": ""
    },
    {
      "type": "delete-node",
      "node": {
        "label": "",
        "type": "Javadoc"
      },
      "location-before-char-start": 3669,
      "location-before-char-end": 3722,
      "node-str": ""
    },
    {
      "type": "delete-node",
      "node": {
        "label": "protected",
        "type": "Modifier"
      },
      "location-before-char-start": 3724,
      "location-before-char-end": 3733,
      "node-str": "protected"
    },
    {
      "type": "delete-node",
      "node": {
        "label": "void",
        "type": "PrimitiveType"
      },
      "location-before-char-start": 3734,
      "location-before-char-end": 3738,
      "node-str": "void"
    },
    {
      "type": "delete-node",
      "node": {
        "label": "open",
        "type": "SimpleName"
      },
      "location-before-char-start": 3739,
      "location-before-char-end": 3743,
      "node-str": "open"
    },
    {
      "type": "delete-node",
      "node": {
        "label": "addListeners",
        "type": "SimpleName"
      },
      "location-before-char-start": 4804,
      "location-before-char-end": 4816,
      "node-str": "addListeners"
    },
    {
      "type": "delete-node",
      "node": {
        "label": "",
        "type": "MethodInvocation"
      },
      "location-before-char-start": 4804,
      "location-before-char-end": 4818,
      "node-str": ""
    },
    {
      "type": "delete-node",
      "node": {
        "label": "",
        "type": "ExpressionStatement"
      },
      "location-before-char-start": 4804,
      "location-before-char-end": 4819,
      "node-str": ""
    },
    {
      "type": "delete-node",
      "node": {
        "label": "toolDone",
        "type": "SimpleName"
      },
      "location-before-char-start": 4899,
      "location-before-char-end": 4907,
      "node-str": "toolDone"
    },
    {
      "type": "delete-node",
      "node": {
        "label": "",
        "type": "MethodInvocation"
      },
      "location-before-char-start": 4899,
      "location-before-char-end": 4909,
      "node-str": ""
    },
    {
      "type": "delete-node",
      "node": {
        "label": "",
        "type": "ExpressionStatement"
      },
      "location-before-char-start": 4899,
      "location-before-char-end": 4910,
      "node-str": ""
    },
    {
      "type": "delete-node",
      "node": {
        "label": "",
        "type": "Block"
      },
      "location-before-char-start": 3772,
      "location-before-char-end": 4913,
      "node-str": ""
    },
    {
      "type": "delete-node",
      "node": {
        "label": "",
        "type": "MethodDeclaration"
      },
      "location-before-char-start": 3669,
      "location-before-char-end": 4913,
      "node-str": ""
    },
    {
      "type": "delete-node",
      "node": {
        "label": "public",
        "type": "Modifier"
      },
      "location-before-char-start": 18824,
      "location-before-char-end": 18830,
      "node-str": "public"
    },
    {
      "type": "delete-node",
      "node": {
        "label": "void",
        "type": "PrimitiveType"
      },
      "location-before-char-start": 18831,
      "location-before-char-end": 18835,
      "node-str": "void"
    },
    {
      "type": "delete-node",
      "node": {
        "label": "figureSelectionChanged",
        "type": "SimpleName"
      },
      "location-before-char-start": 18836,
      "location-before-char-end": 18858,
      "node-str": "figureSelectionChanged"
    },
    {
      "type": "delete-node",
      "node": {
        "label": "editMenu",
        "type": "SimpleName"
      },
      "location-before-char-start": 19164,
      "location-before-char-end": 19172,
      "node-str": "editMenu"
    },
    {
      "type": "delete-node",
      "node": {
        "label": "!\u003d",
        "type": "INFIX_EXPRESSION_OPERATOR"
      },
      "location-before-char-start": 19173,
      "location-before-char-end": 19175,
      "node-str": "!\u003d"
    },
    {
      "type": "delete-node",
      "node": {
        "label": "",
        "type": "NullLiteral"
      },
      "location-before-char-start": 19176,
      "location-before-char-end": 19180,
      "node-str": ""
    },
    {
      "type": "delete-node",
      "node": {
        "label": "",
        "type": "InfixExpression"
      },
      "location-before-char-start": 19164,
      "location-before-char-end": 19180,
      "node-str": ""
    },
    {
      "type": "delete-node",
      "node": {
        "label": "",
        "type": "IfStatement"
      },
      "location-before-char-start": 19160,
      "location-before-char-end": 19220,
      "node-str": ""
    },
    {
      "type": "delete-node",
      "node": {
        "label": "",
        "type": "Block"
      },
      "location-before-char-start": 18877,
      "location-before-char-end": 19560,
      "node-str": ""
    },
    {
      "type": "delete-node",
      "node": {
        "label": "",
        "type": "MethodDeclaration"
      },
      "location-before-char-start": 18547,
      "location-before-char-end": 19560,
      "node-str": ""
    },
    {
      "type": "delete-node",
      "node": {
        "label": "Convience method for switching views.  This is uneeded in SDI",
        "type": "TextElement"
      },
      "location-before-char-start": 19987,
      "location-before-char-end": 20048,
      "node-str": "Convience method for switching views.  This is uneeded in SDI"
    },
    {
      "type": "delete-node",
      "node": {
        "label": "environments.",
        "type": "TextElement"
      },
      "location-before-char-start": 20053,
      "location-before-char-end": 20066,
      "node-str": "environments."
    },
    {
      "type": "delete-node",
      "node": {
        "label": "",
        "type": "TagElement"
      },
      "location-before-char-start": 19987,
      "location-before-char-end": 20066,
      "node-str": ""
    },
    {
      "type": "delete-node",
      "node": {
        "label": "",
        "type": "Javadoc"
      },
      "location-before-char-start": 19979,
      "location-before-char-end": 20071,
      "node-str": ""
    },
    {
      "type": "delete-node",
      "node": {
        "label": "protected",
        "type": "Modifier"
      },
      "location-before-char-start": 20073,
      "location-before-char-end": 20082,
      "node-str": "protected"
    },
    {
      "type": "delete-node",
      "node": {
        "label": "void",
        "type": "PrimitiveType"
      },
      "location-before-char-start": 20083,
      "location-before-char-end": 20087,
      "node-str": "void"
    },
    {
      "type": "delete-node",
      "node": {
        "label": "fireViewSelectionChangedEvent",
        "type": "SimpleName"
      },
      "location-before-char-start": 20088,
      "location-before-char-end": 20117,
      "node-str": "fireViewSelectionChangedEvent"
    },
    {
      "type": "delete-node",
      "node": {
        "label": "",
        "type": "MethodDeclaration"
      },
      "location-before-char-start": 19979,
      "location-before-char-end": 20462,
      "node-str": ""
    },
    {
      "type": "delete-node",
      "node": {
        "label": "private",
        "type": "Modifier"
      },
      "location-before-char-start": 21286,
      "location-before-char-end": 21293,
      "node-str": "private"
    },
    {
      "type": "delete-node",
      "node": {
        "label": "void",
        "type": "PrimitiveType"
      },
      "location-before-char-start": 21294,
      "location-before-char-end": 21298,
      "node-str": "void"
    },
    {
      "type": "delete-node",
      "node": {
        "label": "setTool",
        "type": "SimpleName"
      },
      "location-before-char-start": 21299,
      "location-before-char-end": 21306,
      "node-str": "setTool"
    },
    {
      "type": "delete-node",
      "node": {
        "label": "",
        "type": "IfStatement"
      },
      "location-before-char-start": 21403,
      "location-before-char-end": 21452,
      "node-str": ""
    },
    {
      "type": "delete-node",
      "node": {
        "label": "",
        "type": "Block"
      },
      "location-before-char-start": 21328,
      "location-before-char-end": 21539,
      "node-str": ""
    },
    {
      "type": "delete-node",
      "node": {
        "label": "",
        "type": "MethodDeclaration"
      },
      "location-before-char-start": 21286,
      "location-before-char-end": 21539,
      "node-str": ""
    },
    {
      "type": "delete-node",
      "node": {
        "label": "Load a Drawing from a file ",
        "type": "TextElement"
      },
      "location-before-char-start": 25018,
      "location-before-char-end": 25045,
      "node-str": "Load a Drawing from a file "
    },
    {
      "type": "delete-node",
      "node": {
        "label": "",
        "type": "TagElement"
      },
      "location-before-char-start": 25018,
      "location-before-char-end": 25045,
      "node-str": ""
    },
    {
      "type": "delete-node",
      "node": {
        "label": "",
        "type": "Javadoc"
      },
      "location-before-char-start": 25010,
      "location-before-char-end": 25050,
      "node-str": ""
    },
    {
      "type": "delete-node",
      "node": {
        "label": "protected",
        "type": "Modifier"
      },
      "location-before-char-start": 25052,
      "location-before-char-end": 25061,
      "node-str": "protected"
    },
    {
      "type": "delete-node",
      "node": {
        "label": "void",
        "type": "PrimitiveType"
      },
      "location-before-char-start": 25062,
      "location-before-char-end": 25066,
      "node-str": "void"
    },
    {
      "type": "delete-node",
      "node": {
        "label": "loadDrawing",
        "type": "SimpleName"
      },
      "location-before-char-start": 25067,
      "location-before-char-end": 25078,
      "node-str": "loadDrawing"
    },
    {
      "type": "delete-node",
      "node": {
        "label": "",
        "type": "MethodDeclaration"
      },
      "location-before-char-start": 25010,
      "location-before-char-end": 25450,
      "node-str": ""
    },
    {
      "type": "delete-node",
      "node": {
        "label": "",
        "type": "TypeDeclaration"
      },
      "location-before-char-start": 641,
      "location-before-char-end": 27429,
      "node-str": ""
    }
  ],
  "before-file": {},
  "after-file": {},
  "mapping": {}
}