{
  "tool-info": {},
  "diff": [
    {
      "type": "insert-node",
      "node": {
        "label": "StandardDrawing",
        "type": "Class"
      },
      "location-after-char-start": 191,
      "location-after-char-end": 5282,
      "node-str": "StandardDrawing"
    },
    {
      "type": "move-subtree",
      "node": {
        "label": "public",
        "type": "Modifier"
      },
      "location-before-char-start": 0,
      "location-before-char-end": 0,
      "location-after-char-start": 0,
      "location-after-char-end": 0,
      "node-str": "public"
    },
    {
      "type": "move-subtree",
      "node": {
        "label": "",
        "type": "TypeReference"
      },
      "location-before-char-start": 313,
      "location-before-char-end": 327,
      "location-after-char-start": 313,
      "location-after-char-end": 327,
      "node-str": ""
    },
    {
      "type": "move-subtree",
      "node": {
        "label": "fListeners",
        "type": "Field"
      },
      "location-before-char-start": 356,
      "location-before-char-end": 452,
      "location-after-char-start": 356,
      "location-after-char-end": 452,
      "node-str": "fListeners"
    },
    {
      "type": "move-subtree",
      "node": {
        "label": "fDrawingLockHolder",
        "type": "Field"
      },
      "location-before-char-start": 459,
      "location-before-char-end": 703,
      "location-after-char-start": 459,
      "location-after-char-end": 703,
      "node-str": "fDrawingLockHolder"
    },
    {
      "type": "move-subtree",
      "node": {
        "label": "serialVersionUID",
        "type": "Field"
      },
      "location-before-char-start": 710,
      "location-before-char-end": 820,
      "location-after-char-start": 710,
      "location-after-char-end": 820,
      "node-str": "serialVersionUID"
    },
    {
      "type": "move-subtree",
      "node": {
        "label": "drawingSerializedDataVersion",
        "type": "Field"
      },
      "location-before-char-start": 826,
      "location-before-char-end": 870,
      "location-after-char-start": 826,
      "location-after-char-end": 870,
      "node-str": "drawingSerializedDataVersion"
    },
    {
      "type": "move-subtree",
      "node": {
        "label": "\u003cinit\u003e",
        "type": "Constructor"
      },
      "location-before-char-start": 877,
      "location-before-char-end": 1061,
      "location-after-char-start": 877,
      "location-after-char-end": 1061,
      "node-str": "\u003cinit\u003e"
    },
    {
      "type": "insert-node",
      "node": {
        "label": "addDrawingChangeListener",
        "type": "Method"
      },
      "location-after-char-start": 1069,
      "location-after-char-end": 1314,
      "node-str": "addDrawingChangeListener"
    },
    {
      "type": "move-subtree",
      "node": {
        "label": "removeDrawingChangeListener",
        "type": "Method"
      },
      "location-before-char-start": 1249,
      "location-before-char-end": 1432,
      "location-after-char-start": 1321,
      "location-after-char-end": 1504,
      "node-str": "removeDrawingChangeListener"
    },
    {
      "type": "move-subtree",
      "node": {
        "label": "drawingChangeListeners",
        "type": "Method"
      },
      "location-before-char-start": 1439,
      "location-before-char-end": 1584,
      "location-after-char-start": 1511,
      "location-after-char-end": 1656,
      "node-str": "drawingChangeListeners"
    },
    {
      "type": "move-subtree",
      "node": {
        "label": "remove",
        "type": "Method"
      },
      "location-before-char-start": 1591,
      "location-before-char-end": 1977,
      "location-after-char-start": 1663,
      "location-after-char-end": 2049,
      "node-str": "remove"
    },
    {
      "type": "move-subtree",
      "node": {
        "label": "figureRequestRemove",
        "type": "Method"
      },
      "location-before-char-start": 1985,
      "location-before-char-end": 2509,
      "location-after-char-start": 2057,
      "location-after-char-end": 2581,
      "node-str": "figureRequestRemove"
    },
    {
      "type": "move-subtree",
      "node": {
        "label": "figureInvalidated",
        "type": "Method"
      },
      "location-before-char-start": 2516,
      "location-before-char-end": 3009,
      "location-after-char-start": 2588,
      "location-after-char-end": 3081,
      "node-str": "figureInvalidated"
    },
    {
      "type": "move-subtree",
      "node": {
        "label": "figureRequestUpdate",
        "type": "Method"
      },
      "location-before-char-start": 3016,
      "location-before-char-end": 3397,
      "location-after-char-start": 3088,
      "location-after-char-end": 3469,
      "node-str": "figureRequestUpdate"
    },
    {
      "type": "move-subtree",
      "node": {
        "label": "handles",
        "type": "Method"
      },
      "location-before-char-start": 3404,
      "location-before-char-end": 3941,
      "location-after-char-start": 3476,
      "location-after-char-end": 4013,
      "node-str": "handles"
    },
    {
      "type": "move-subtree",
      "node": {
        "label": "displayBox",
        "type": "Method"
      },
      "location-before-char-start": 3948,
      "location-before-char-end": 4366,
      "location-after-char-start": 4020,
      "location-after-char-end": 4438,
      "node-str": "displayBox"
    },
    {
      "type": "move-subtree",
      "node": {
        "label": "basicDisplayBox",
        "type": "Method"
      },
      "location-before-char-start": 4373,
      "location-before-char-end": 4427,
      "location-after-char-start": 4445,
      "location-after-char-end": 4499,
      "node-str": "basicDisplayBox"
    },
    {
      "type": "move-subtree",
      "node": {
        "label": "lock",
        "type": "Method"
      },
      "location-before-char-start": 4434,
      "location-before-char-end": 4817,
      "location-after-char-start": 4506,
      "location-after-char-end": 4889,
      "node-str": "lock"
    },
    {
      "type": "move-subtree",
      "node": {
        "label": "unlock",
        "type": "Method"
      },
      "location-before-char-start": 4824,
      "location-before-char-end": 5030,
      "location-after-char-start": 4896,
      "location-after-char-end": 5102,
      "node-str": "unlock"
    },
    {
      "type": "move-subtree",
      "node": {
        "label": "readObject",
        "type": "Method"
      },
      "location-before-char-start": 5037,
      "location-before-char-end": 5208,
      "location-after-char-start": 5109,
      "location-after-char-end": 5280,
      "node-str": "readObject"
    },
    {
      "type": "move-subtree",
      "node": {
        "label": "void",
        "type": "RETURN_TYPE"
      },
      "location-before-char-start": 0,
      "location-before-char-end": 0,
      "location-after-char-start": 0,
      "location-after-char-end": 0,
      "node-str": "void"
    },
    {
      "type": "move-subtree",
      "node": {
        "label": "public",
        "type": "Modifier"
      },
      "location-before-char-start": 0,
      "location-before-char-end": 0,
      "location-after-char-start": 0,
      "location-after-char-end": 0,
      "node-str": "public"
    },
    {
      "type": "move-subtree",
      "node": {
        "label": "listener",
        "type": "Parameter"
      },
      "location-before-char-start": 1163,
      "location-before-char-end": 1192,
      "location-after-char-start": 1163,
      "location-after-char-end": 1192,
      "node-str": "listener"
    },
    {
      "type": "insert-node",
      "node": {
        "label": "if",
        "type": "If"
      },
      "location-after-char-start": 1202,
      "location-after-char-end": 1267,
      "node-str": "if"
    },
    {
      "type": "move-subtree",
      "node": {
        "label": "addElement",
        "type": "Invocation"
      },
      "location-before-char-start": 1205,
      "location-before-char-end": 1236,
      "location-after-char-start": 1277,
      "location-after-char-end": 1308,
      "node-str": "addElement"
    },
    {
      "type": "insert-node",
      "node": {
        "label": "EQ",
        "type": "BinaryOperator"
      },
      "location-after-char-start": 1206,
      "location-after-char-end": 1223,
      "node-str": "EQ"
    },
    {
      "type": "insert-node",
      "node": {
        "label": "THEN",
        "type": "then"
      },
      "location-after-char-start": 1226,
      "location-after-char-end": 1267,
      "node-str": "THEN"
    },
    {
      "type": "insert-node",
      "node": {
        "label": "fListeners",
        "type": "FieldRead"
      },
      "location-after-char-start": 1206,
      "location-after-char-end": 1215,
      "node-str": "fListeners"
    },
    {
      "type": "insert-node",
      "node": {
        "label": "null",
        "type": "Literal"
      },
      "location-after-char-start": 1220,
      "location-after-char-end": 1223,
      "node-str": "null"
    },
    {
      "type": "insert-node",
      "node": {
        "label": "\u003d",
        "type": "Assignment"
      },
      "location-after-char-start": 1234,
      "location-after-char-end": 1260,
      "node-str": "\u003d"
    },
    {
      "type": "insert-node",
      "node": {
        "label": "CH.ifa.draw.standard.StandardDrawing",
        "type": "TypeAccess"
      },
      "location-after-char-start": 0,
      "location-after-char-end": 0,
      "node-str": "CH.ifa.draw.standard.StandardDrawing"
    },
    {
      "type": "insert-node",
      "node": {
        "label": "fListeners",
        "type": "FieldWrite"
      },
      "location-after-char-start": 1234,
      "location-after-char-end": 1243,
      "node-str": "fListeners"
    },
    {
      "type": "insert-node",
      "node": {
        "label": "java.util.Vector(int)",
        "type": "ConstructorCall"
      },
      "location-after-char-start": 1247,
      "location-after-char-end": 1259,
      "node-str": "java.util.Vector(int)"
    },
    {
      "type": "insert-node",
      "node": {
        "label": "CH.ifa.draw.standard.StandardDrawing",
        "type": "TypeAccess"
      },
      "location-after-char-start": 0,
      "location-after-char-end": 0,
      "node-str": "CH.ifa.draw.standard.StandardDrawing"
    },
    {
      "type": "insert-node",
      "node": {
        "label": "2",
        "type": "Literal"
      },
      "location-after-char-start": 1258,
      "location-after-char-end": 1258,
      "node-str": "2"
    },
    {
      "type": "delete-node",
      "node": {
        "label": "addDrawingChangeListener",
        "type": "Method"
      },
      "location-before-char-start": 1069,
      "location-before-char-end": 1242,
      "node-str": "addDrawingChangeListener"
    },
    {
      "type": "delete-node",
      "node": {
        "label": "StandardDrawing",
        "type": "Class"
      },
      "location-before-char-start": 191,
      "location-before-char-end": 5210,
      "node-str": "StandardDrawing"
    }
  ],
  "before-file": {},
  "after-file": {},
  "mapping": {}
}