{
  "tool-info": {},
  "diff": [
    {
      "type": "insert-node",
      "node": {
        "label": "Cache",
        "type": "Class"
      },
      "location-after-char-start": 129,
      "location-after-char-end": 20479,
      "node-str": "Cache"
    },
    {
      "type": "insert-node",
      "node": {
        "label": "public",
        "type": "Modifier"
      },
      "location-after-char-start": 0,
      "location-after-char-end": 0,
      "node-str": "public"
    },
    {
      "type": "move-subtree",
      "node": {
        "label": "Element",
        "type": "Interface"
      },
      "location-before-char-start": 600,
      "location-before-char-end": 720,
      "location-after-char-start": 600,
      "location-after-char-end": 720,
      "node-str": "Element"
    },
    {
      "type": "move-subtree",
      "node": {
        "label": "limitExpire",
        "type": "Method"
      },
      "location-before-char-start": 723,
      "location-before-char-end": 984,
      "location-after-char-start": 723,
      "location-after-char-end": 984,
      "node-str": "limitExpire"
    },
    {
      "type": "move-subtree",
      "node": {
        "label": "CacheRRset",
        "type": "Class"
      },
      "location-before-char-start": 987,
      "location-before-char-end": 1786,
      "location-after-char-start": 987,
      "location-after-char-end": 1786,
      "node-str": "CacheRRset"
    },
    {
      "type": "move-subtree",
      "node": {
        "label": "NegativeElement",
        "type": "Class"
      },
      "location-before-char-start": 1789,
      "location-before-char-end": 2712,
      "location-after-char-start": 1789,
      "location-after-char-end": 2712,
      "node-str": "NegativeElement"
    },
    {
      "type": "move-subtree",
      "node": {
        "label": "CacheMap",
        "type": "Class"
      },
      "location-before-char-start": 2715,
      "location-before-char-end": 3242,
      "location-after-char-start": 2715,
      "location-after-char-end": 3242,
      "node-str": "CacheMap"
    },
    {
      "type": "insert-node",
      "node": {
        "label": "data",
        "type": "Field"
      },
      "location-after-char-start": 3245,
      "location-after-char-end": 3266,
      "node-str": "data"
    },
    {
      "type": "insert-node",
      "node": {
        "label": "maxncache",
        "type": "Field"
      },
      "location-after-char-start": 3268,
      "location-after-char-end": 3294,
      "node-str": "maxncache"
    },
    {
      "type": "insert-node",
      "node": {
        "label": "maxcache",
        "type": "Field"
      },
      "location-after-char-start": 3296,
      "location-after-char-end": 3321,
      "node-str": "maxcache"
    },
    {
      "type": "insert-node",
      "node": {
        "label": "dclass",
        "type": "Field"
      },
      "location-after-char-start": 3323,
      "location-after-char-end": 3341,
      "node-str": "dclass"
    },
    {
      "type": "move-subtree",
      "node": {
        "label": "defaultMaxEntries",
        "type": "Field"
      },
      "location-before-char-start": 3344,
      "location-before-char-end": 3394,
      "location-after-char-start": 3344,
      "location-after-char-end": 3394,
      "node-str": "defaultMaxEntries"
    },
    {
      "type": "move-subtree",
      "node": {
        "label": "\u003cinit\u003e",
        "type": "Constructor"
      },
      "location-before-char-start": 3397,
      "location-before-char-end": 3585,
      "location-after-char-start": 3397,
      "location-after-char-end": 3585,
      "node-str": "\u003cinit\u003e"
    },
    {
      "type": "insert-node",
      "node": {
        "label": "\u003cinit\u003e",
        "type": "Constructor"
      },
      "location-after-char-start": 3588,
      "location-after-char-end": 3686,
      "node-str": "\u003cinit\u003e"
    },
    {
      "type": "move-subtree",
      "node": {
        "label": "\u003cinit\u003e",
        "type": "Constructor"
      },
      "location-before-char-start": 3905,
      "location-before-char-end": 4211,
      "location-after-char-start": 3689,
      "location-after-char-end": 3995,
      "node-str": "\u003cinit\u003e"
    },
    {
      "type": "move-subtree",
      "node": {
        "label": "exactName",
        "type": "Method"
      },
      "location-before-char-start": 4214,
      "location-before-char-end": 4289,
      "location-after-char-start": 3998,
      "location-after-char-end": 4073,
      "node-str": "exactName"
    },
    {
      "type": "move-subtree",
      "node": {
        "label": "removeName",
        "type": "Method"
      },
      "location-before-char-start": 4292,
      "location-before-char-end": 4362,
      "location-after-char-start": 4076,
      "location-after-char-end": 4146,
      "node-str": "removeName"
    },
    {
      "type": "move-subtree",
      "node": {
        "label": "allElements",
        "type": "Method"
      },
      "location-before-char-start": 4365,
      "location-before-char-end": 4652,
      "location-after-char-start": 4149,
      "location-after-char-end": 4436,
      "node-str": "allElements"
    },
    {
      "type": "move-subtree",
      "node": {
        "label": "oneElement",
        "type": "Method"
      },
      "location-before-char-start": 4655,
      "location-before-char-end": 5329,
      "location-after-char-start": 4439,
      "location-after-char-end": 5113,
      "node-str": "oneElement"
    },
    {
      "type": "move-subtree",
      "node": {
        "label": "findElement",
        "type": "Method"
      },
      "location-before-char-start": 5332,
      "location-before-char-end": 5525,
      "location-after-char-start": 5116,
      "location-after-char-end": 5309,
      "node-str": "findElement"
    },
    {
      "type": "move-subtree",
      "node": {
        "label": "addElement",
        "type": "Method"
      },
      "location-before-char-start": 5528,
      "location-before-char-end": 6180,
      "location-after-char-start": 5312,
      "location-after-char-end": 5964,
      "node-str": "addElement"
    },
    {
      "type": "move-subtree",
      "node": {
        "label": "removeElement",
        "type": "Method"
      },
      "location-before-char-start": 6183,
      "location-before-char-end": 6683,
      "location-after-char-start": 5967,
      "location-after-char-end": 6467,
      "node-str": "removeElement"
    },
    {
      "type": "move-subtree",
      "node": {
        "label": "clearCache",
        "type": "Method"
      },
      "location-before-char-start": 6686,
      "location-before-char-end": 6767,
      "location-after-char-start": 6470,
      "location-after-char-end": 6551,
      "node-str": "clearCache"
    },
    {
      "type": "move-subtree",
      "node": {
        "label": "addRecord",
        "type": "Method"
      },
      "location-before-char-start": 6770,
      "location-before-char-end": 7457,
      "location-after-char-start": 6554,
      "location-after-char-end": 7241,
      "node-str": "addRecord"
    },
    {
      "type": "move-subtree",
      "node": {
        "label": "addRRset",
        "type": "Method"
      },
      "location-before-char-start": 7460,
      "location-before-char-end": 8208,
      "location-after-char-start": 7244,
      "location-after-char-end": 7992,
      "node-str": "addRRset"
    },
    {
      "type": "move-subtree",
      "node": {
        "label": "addNegative",
        "type": "Method"
      },
      "location-before-char-start": 8211,
      "location-before-char-end": 9045,
      "location-after-char-start": 7995,
      "location-after-char-end": 8829,
      "node-str": "addNegative"
    },
    {
      "type": "move-subtree",
      "node": {
        "label": "lookup",
        "type": "Method"
      },
      "location-before-char-start": 9048,
      "location-before-char-end": 11655,
      "location-after-char-start": 8832,
      "location-after-char-end": 11439,
      "node-str": "lookup"
    },
    {
      "type": "move-subtree",
      "node": {
        "label": "lookupRecords",
        "type": "Method"
      },
      "location-before-char-start": 11658,
      "location-before-char-end": 12061,
      "location-after-char-start": 11442,
      "location-after-char-end": 11845,
      "node-str": "lookupRecords"
    },
    {
      "type": "move-subtree",
      "node": {
        "label": "findRecords",
        "type": "Method"
      },
      "location-before-char-start": 12064,
      "location-before-char-end": 12251,
      "location-after-char-start": 11848,
      "location-after-char-end": 12035,
      "node-str": "findRecords"
    },
    {
      "type": "move-subtree",
      "node": {
        "label": "findRecords",
        "type": "Method"
      },
      "location-before-char-start": 12254,
      "location-before-char-end": 12646,
      "location-after-char-start": 12038,
      "location-after-char-end": 12430,
      "node-str": "findRecords"
    },
    {
      "type": "move-subtree",
      "node": {
        "label": "findAnyRecords",
        "type": "Method"
      },
      "location-before-char-start": 12649,
      "location-before-char-end": 13034,
      "location-after-char-start": 12433,
      "location-after-char-end": 12818,
      "node-str": "findAnyRecords"
    },
    {
      "type": "move-subtree",
      "node": {
        "label": "getCred",
        "type": "Method"
      },
      "location-before-char-start": 13037,
      "location-before-char-end": 13518,
      "location-after-char-start": 12821,
      "location-after-char-end": 13302,
      "node-str": "getCred"
    },
    {
      "type": "move-subtree",
      "node": {
        "label": "markAdditional",
        "type": "Method"
      },
      "location-before-char-start": 13521,
      "location-before-char-end": 13829,
      "location-after-char-start": 13305,
      "location-after-char-end": 13613,
      "node-str": "markAdditional"
    },
    {
      "type": "move-subtree",
      "node": {
        "label": "addMessage",
        "type": "Method"
      },
      "location-before-char-start": 13832,
      "location-before-char-end": 18052,
      "location-after-char-start": 13616,
      "location-after-char-end": 17836,
      "node-str": "addMessage"
    },
    {
      "type": "move-subtree",
      "node": {
        "label": "flushSet",
        "type": "Method"
      },
      "location-before-char-start": 18055,
      "location-before-char-end": 18290,
      "location-after-char-start": 17839,
      "location-after-char-end": 18074,
      "node-str": "flushSet"
    },
    {
      "type": "move-subtree",
      "node": {
        "label": "flushName",
        "type": "Method"
      },
      "location-before-char-start": 18293,
      "location-before-char-end": 18477,
      "location-after-char-start": 18077,
      "location-after-char-end": 18261,
      "node-str": "flushName"
    },
    {
      "type": "move-subtree",
      "node": {
        "label": "setMaxNCache",
        "type": "Method"
      },
      "location-before-char-start": 18480,
      "location-before-char-end": 18712,
      "location-after-char-start": 18264,
      "location-after-char-end": 18496,
      "node-str": "setMaxNCache"
    },
    {
      "type": "move-subtree",
      "node": {
        "label": "getMaxNCache",
        "type": "Method"
      },
      "location-before-char-start": 18715,
      "location-before-char-end": 18901,
      "location-after-char-start": 18499,
      "location-after-char-end": 18685,
      "node-str": "getMaxNCache"
    },
    {
      "type": "move-subtree",
      "node": {
        "label": "setMaxCache",
        "type": "Method"
      },
      "location-before-char-start": 18904,
      "location-before-char-end": 19119,
      "location-after-char-start": 18688,
      "location-after-char-end": 18903,
      "node-str": "setMaxCache"
    },
    {
      "type": "move-subtree",
      "node": {
        "label": "getMaxCache",
        "type": "Method"
      },
      "location-before-char-start": 19122,
      "location-before-char-end": 19294,
      "location-after-char-start": 18906,
      "location-after-char-end": 19078,
      "node-str": "getMaxCache"
    },
    {
      "type": "move-subtree",
      "node": {
        "label": "getSize",
        "type": "Method"
      },
      "location-before-char-start": 19297,
      "location-before-char-end": 19465,
      "location-after-char-start": 19081,
      "location-after-char-end": 19249,
      "node-str": "getSize"
    },
    {
      "type": "move-subtree",
      "node": {
        "label": "getMaxEntries",
        "type": "Method"
      },
      "location-before-char-start": 19468,
      "location-before-char-end": 19702,
      "location-after-char-start": 19252,
      "location-after-char-end": 19486,
      "node-str": "getMaxEntries"
    },
    {
      "type": "move-subtree",
      "node": {
        "label": "setMaxEntries",
        "type": "Method"
      },
      "location-before-char-start": 19705,
      "location-before-char-end": 20202,
      "location-after-char-start": 19489,
      "location-after-char-end": 19986,
      "node-str": "setMaxEntries"
    },
    {
      "type": "move-subtree",
      "node": {
        "label": "getDClass",
        "type": "Method"
      },
      "location-before-char-start": 20205,
      "location-before-char-end": 20294,
      "location-after-char-start": 19989,
      "location-after-char-end": 20078,
      "node-str": "getDClass"
    },
    {
      "type": "move-subtree",
      "node": {
        "label": "toString",
        "type": "Method"
      },
      "location-before-char-start": 20416,
      "location-before-char-end": 20811,
      "location-after-char-start": 20081,
      "location-after-char-end": 20476,
      "node-str": "toString"
    },
    {
      "type": "insert-node",
      "node": {
        "label": "org.xbill.DNS.Cache$CacheMap",
        "type": "VARIABLE_TYPE"
      },
      "location-after-char-start": 0,
      "location-after-char-end": 0,
      "node-str": "org.xbill.DNS.Cache$CacheMap"
    },
    {
      "type": "insert-node",
      "node": {
        "label": "int",
        "type": "VARIABLE_TYPE"
      },
      "location-after-char-start": 0,
      "location-after-char-end": 0,
      "node-str": "int"
    },
    {
      "type": "insert-node",
      "node": {
        "label": "NEG",
        "type": "UnaryOperator"
      },
      "location-after-char-start": 3292,
      "location-after-char-end": 3293,
      "node-str": "NEG"
    },
    {
      "type": "insert-node",
      "node": {
        "label": "int",
        "type": "VARIABLE_TYPE"
      },
      "location-after-char-start": 0,
      "location-after-char-end": 0,
      "node-str": "int"
    },
    {
      "type": "insert-node",
      "node": {
        "label": "NEG",
        "type": "UnaryOperator"
      },
      "location-after-char-start": 3319,
      "location-after-char-end": 3320,
      "node-str": "NEG"
    },
    {
      "type": "insert-node",
      "node": {
        "label": "int",
        "type": "VARIABLE_TYPE"
      },
      "location-after-char-start": 0,
      "location-after-char-end": 0,
      "node-str": "int"
    },
    {
      "type": "insert-node",
      "node": {
        "label": "public",
        "type": "Modifier"
      },
      "location-after-char-start": 0,
      "location-after-char-end": 0,
      "node-str": "public"
    },
    {
      "type": "insert-node",
      "node": {
        "label": "\u003cinit\u003e",
        "type": "Invocation"
      },
      "location-after-char-start": 3669,
      "location-after-char-end": 3684,
      "node-str": "\u003cinit\u003e"
    },
    {
      "type": "insert-node",
      "node": {
        "label": "1",
        "type": "Literal"
      },
      "location-after-char-start": 3293,
      "location-after-char-end": 3293,
      "node-str": "1"
    },
    {
      "type": "insert-node",
      "node": {
        "label": "1",
        "type": "Literal"
      },
      "location-after-char-start": 3320,
      "location-after-char-end": 3320,
      "node-str": "1"
    },
    {
      "type": "insert-node",
      "node": {
        "label": "DClass.IN",
        "type": "TypeAccess"
      },
      "location-after-char-start": 3674,
      "location-after-char-end": 3682,
      "node-str": "DClass.IN"
    },
    {
      "type": "delete-node",
      "node": {
        "label": "public",
        "type": "Modifier"
      },
      "location-before-char-start": 0,
      "location-before-char-end": 0,
      "node-str": "public"
    },
    {
      "type": "delete-node",
      "node": {
        "label": "org.xbill.DNS.Cache$CacheMap",
        "type": "VARIABLE_TYPE"
      },
      "location-before-char-start": 0,
      "location-before-char-end": 0,
      "node-str": "org.xbill.DNS.Cache$CacheMap"
    },
    {
      "type": "delete-node",
      "node": {
        "label": "data",
        "type": "Field"
      },
      "location-before-char-start": 3245,
      "location-before-char-end": 3266,
      "node-str": "data"
    },
    {
      "type": "delete-node",
      "node": {
        "label": "int",
        "type": "VARIABLE_TYPE"
      },
      "location-before-char-start": 0,
      "location-before-char-end": 0,
      "node-str": "int"
    },
    {
      "type": "delete-node",
      "node": {
        "label": "1",
        "type": "Literal"
      },
      "location-before-char-start": 3293,
      "location-before-char-end": 3293,
      "node-str": "1"
    },
    {
      "type": "delete-node",
      "node": {
        "label": "NEG",
        "type": "UnaryOperator"
      },
      "location-before-char-start": 3292,
      "location-before-char-end": 3293,
      "node-str": "NEG"
    },
    {
      "type": "delete-node",
      "node": {
        "label": "maxncache",
        "type": "Field"
      },
      "location-before-char-start": 3268,
      "location-before-char-end": 3294,
      "node-str": "maxncache"
    },
    {
      "type": "delete-node",
      "node": {
        "label": "int",
        "type": "VARIABLE_TYPE"
      },
      "location-before-char-start": 0,
      "location-before-char-end": 0,
      "node-str": "int"
    },
    {
      "type": "delete-node",
      "node": {
        "label": "1",
        "type": "Literal"
      },
      "location-before-char-start": 3320,
      "location-before-char-end": 3320,
      "node-str": "1"
    },
    {
      "type": "delete-node",
      "node": {
        "label": "NEG",
        "type": "UnaryOperator"
      },
      "location-before-char-start": 3319,
      "location-before-char-end": 3320,
      "node-str": "NEG"
    },
    {
      "type": "delete-node",
      "node": {
        "label": "maxcache",
        "type": "Field"
      },
      "location-before-char-start": 3296,
      "location-before-char-end": 3321,
      "node-str": "maxcache"
    },
    {
      "type": "delete-node",
      "node": {
        "label": "int",
        "type": "VARIABLE_TYPE"
      },
      "location-before-char-start": 0,
      "location-before-char-end": 0,
      "node-str": "int"
    },
    {
      "type": "delete-node",
      "node": {
        "label": "dclass",
        "type": "Field"
      },
      "location-before-char-start": 3323,
      "location-before-char-end": 3341,
      "node-str": "dclass"
    },
    {
      "type": "delete-node",
      "node": {
        "label": "public",
        "type": "Modifier"
      },
      "location-before-char-start": 0,
      "location-before-char-end": 0,
      "node-str": "public"
    },
    {
      "type": "delete-node",
      "node": {
        "label": "int",
        "type": "VARIABLE_TYPE"
      },
      "location-before-char-start": 0,
      "location-before-char-end": 0,
      "node-str": "int"
    },
    {
      "type": "delete-node",
      "node": {
        "label": "dclass",
        "type": "Parameter"
      },
      "location-before-char-start": 3753,
      "location-before-char-end": 3762,
      "node-str": "dclass"
    },
    {
      "type": "delete-node",
      "node": {
        "label": "int",
        "type": "VARIABLE_TYPE"
      },
      "location-before-char-start": 0,
      "location-before-char-end": 0,
      "node-str": "int"
    },
    {
      "type": "delete-node",
      "node": {
        "label": "cleanInterval",
        "type": "Parameter"
      },
      "location-before-char-start": 3765,
      "location-before-char-end": 3781,
      "node-str": "cleanInterval"
    },
    {
      "type": "delete-node",
      "node": {
        "label": "dclass",
        "type": "VariableRead"
      },
      "location-before-char-start": 3792,
      "location-before-char-end": 3797,
      "node-str": "dclass"
    },
    {
      "type": "delete-node",
      "node": {
        "label": "\u003cinit\u003e",
        "type": "Invocation"
      },
      "location-before-char-start": 3787,
      "location-before-char-end": 3799,
      "node-str": "\u003cinit\u003e"
    },
    {
      "type": "delete-node",
      "node": {
        "label": "\u003cinit\u003e",
        "type": "Constructor"
      },
      "location-before-char-start": 3588,
      "location-before-char-end": 3801,
      "node-str": "\u003cinit\u003e"
    },
    {
      "type": "delete-node",
      "node": {
        "label": "public",
        "type": "Modifier"
      },
      "location-before-char-start": 0,
      "location-before-char-end": 0,
      "node-str": "public"
    },
    {
      "type": "delete-node",
      "node": {
        "label": "DClass.IN",
        "type": "TypeAccess"
      },
      "location-before-char-start": 3890,
      "location-before-char-end": 3898,
      "node-str": "DClass.IN"
    },
    {
      "type": "delete-node",
      "node": {
        "label": "\u003cinit\u003e",
        "type": "Invocation"
      },
      "location-before-char-start": 3885,
      "location-before-char-end": 3900,
      "node-str": "\u003cinit\u003e"
    },
    {
      "type": "delete-node",
      "node": {
        "label": "\u003cinit\u003e",
        "type": "Constructor"
      },
      "location-before-char-start": 3804,
      "location-before-char-end": 3902,
      "node-str": "\u003cinit\u003e"
    },
    {
      "type": "delete-node",
      "node": {
        "label": "void",
        "type": "RETURN_TYPE"
      },
      "location-before-char-start": 0,
      "location-before-char-end": 0,
      "node-str": "void"
    },
    {
      "type": "delete-node",
      "node": {
        "label": "public",
        "type": "Modifier"
      },
      "location-before-char-start": 0,
      "location-before-char-end": 0,
      "node-str": "public"
    },
    {
      "type": "delete-node",
      "node": {
        "label": "int",
        "type": "VARIABLE_TYPE"
      },
      "location-before-char-start": 0,
      "location-before-char-end": 0,
      "node-str": "int"
    },
    {
      "type": "delete-node",
      "node": {
        "label": "cleanInterval",
        "type": "Parameter"
      },
      "location-before-char-start": 20392,
      "location-before-char-end": 20408,
      "node-str": "cleanInterval"
    },
    {
      "type": "delete-node",
      "node": {
        "label": "setCleanInterval",
        "type": "Method"
      },
      "location-before-char-start": 20297,
      "location-before-char-end": 20413,
      "node-str": "setCleanInterval"
    },
    {
      "type": "delete-node",
      "node": {
        "label": "Cache",
        "type": "Class"
      },
      "location-before-char-start": 129,
      "location-before-char-end": 20814,
      "node-str": "Cache"
    }
  ],
  "before-file": {},
  "after-file": {},
  "mapping": {}
}