{
  "tool-info": {},
  "diff": [
    {
      "type": "insert-node",
      "node": {
        "label": "public",
        "type": "Modifier"
      },
      "location-after-char-start": 0,
      "location-after-char-end": 0,
      "node-str": "public"
    },
    {
      "type": "insert-node",
      "node": {
        "label": "windowManager",
        "type": "Field"
      },
      "location-after-char-start": 5023,
      "location-after-char-end": 5058,
      "node-str": "windowManager"
    },
    {
      "type": "insert-node",
      "node": {
        "label": "editorHistory",
        "type": "Field"
      },
      "location-after-char-start": 5061,
      "location-after-char-end": 5096,
      "node-str": "editorHistory"
    },
    {
      "type": "insert-node",
      "node": {
        "label": "perspHistory",
        "type": "Field"
      },
      "location-after-char-start": 5099,
      "location-after-char-end": 5138,
      "node-str": "perspHistory"
    },
    {
      "type": "insert-node",
      "node": {
        "label": "runEventLoop",
        "type": "Field"
      },
      "location-after-char-start": 5141,
      "location-after-char-end": 5169,
      "node-str": "runEventLoop"
    },
    {
      "type": "insert-node",
      "node": {
        "label": "isStarting",
        "type": "Field"
      },
      "location-after-char-start": 5172,
      "location-after-char-end": 5205,
      "node-str": "isStarting"
    },
    {
      "type": "insert-node",
      "node": {
        "label": "isClosing",
        "type": "Field"
      },
      "location-after-char-start": 5208,
      "location-after-char-end": 5241,
      "node-str": "isClosing"
    },
    {
      "type": "insert-node",
      "node": {
        "label": "returnCode",
        "type": "Field"
      },
      "location-after-char-start": 5244,
      "location-after-char-end": 5269,
      "node-str": "returnCode"
    },
    {
      "type": "insert-node",
      "node": {
        "label": "configurationInfo",
        "type": "Field"
      },
      "location-after-char-start": 5272,
      "location-after-char-end": 5324,
      "node-str": "configurationInfo"
    },
    {
      "type": "insert-node",
      "node": {
        "label": "windowListeners",
        "type": "Field"
      },
      "location-after-char-start": 5327,
      "location-after-char-end": 5384,
      "node-str": "windowListeners"
    },
    {
      "type": "insert-node",
      "node": {
        "label": "commandLineArgs",
        "type": "Field"
      },
      "location-after-char-start": 5387,
      "location-after-char-end": 5419,
      "node-str": "commandLineArgs"
    },
    {
      "type": "insert-node",
      "node": {
        "label": "propertyChangeListener",
        "type": "Field"
      },
      "location-after-char-start": 5422,
      "location-after-char-end": 5618,
      "node-str": "propertyChangeListener"
    },
    {
      "type": "insert-node",
      "node": {
        "label": "DEFAULT_WORKBENCH_STATE_FILENAME",
        "type": "Field"
      },
      "location-after-char-start": 5718,
      "location-after-char-end": 5796,
      "node-str": "DEFAULT_WORKBENCH_STATE_FILENAME"
    },
    {
      "type": "insert-node",
      "node": {
        "label": "RESTORE_CODE_OK",
        "type": "Field"
      },
      "location-after-char-start": 5813,
      "location-after-char-end": 5857,
      "node-str": "RESTORE_CODE_OK"
    },
    {
      "type": "insert-node",
      "node": {
        "label": "RESTORE_CODE_RESET",
        "type": "Field"
      },
      "location-after-char-start": 5860,
      "location-after-char-end": 5907,
      "node-str": "RESTORE_CODE_RESET"
    },
    {
      "type": "insert-node",
      "node": {
        "label": "RESTORE_CODE_EXIT",
        "type": "Field"
      },
      "location-after-char-start": 5910,
      "location-after-char-end": 5956,
      "node-str": "RESTORE_CODE_EXIT"
    },
    {
      "type": "insert-node",
      "node": {
        "label": "WELCOME_EDITOR_ID",
        "type": "Field"
      },
      "location-after-char-start": 5959,
      "location-after-char-end": 6056,
      "node-str": "WELCOME_EDITOR_ID"
    },
    {
      "type": "insert-node",
      "node": {
        "label": "close",
        "type": "Method"
      },
      "location-after-char-start": 14744,
      "location-after-char-end": 15100,
      "node-str": "close"
    },
    {
      "type": "insert-node",
      "node": {
        "label": "connectToWorkspace",
        "type": "Method"
      },
      "location-after-char-start": 15366,
      "location-after-char-end": 15478,
      "node-str": "connectToWorkspace"
    },
    {
      "type": "insert-node",
      "node": {
        "label": "handlePropertyChange",
        "type": "Method"
      },
      "location-after-char-start": 22634,
      "location-after-char-end": 24248,
      "node-str": "handlePropertyChange"
    },
    {
      "type": "insert-node",
      "node": {
        "label": "openWorkbenchWindow",
        "type": "Method"
      },
      "location-after-char-start": 36223,
      "location-after-char-end": 36997,
      "node-str": "openWorkbenchWindow"
    },
    {
      "type": "insert-node",
      "node": {
        "label": "org.eclipse.jface.window.WindowManager",
        "type": "VARIABLE_TYPE"
      },
      "location-after-char-start": 0,
      "location-after-char-end": 0,
      "node-str": "org.eclipse.jface.window.WindowManager"
    },
    {
      "type": "insert-node",
      "node": {
        "label": "org.eclipse.ui.internal.EditorHistory",
        "type": "VARIABLE_TYPE"
      },
      "location-after-char-start": 0,
      "location-after-char-end": 0,
      "node-str": "org.eclipse.ui.internal.EditorHistory"
    },
    {
      "type": "insert-node",
      "node": {
        "label": "org.eclipse.ui.internal.PerspectiveHistory",
        "type": "VARIABLE_TYPE"
      },
      "location-after-char-start": 0,
      "location-after-char-end": 0,
      "node-str": "org.eclipse.ui.internal.PerspectiveHistory"
    },
    {
      "type": "insert-node",
      "node": {
        "label": "boolean",
        "type": "VARIABLE_TYPE"
      },
      "location-after-char-start": 0,
      "location-after-char-end": 0,
      "node-str": "boolean"
    },
    {
      "type": "insert-node",
      "node": {
        "label": "boolean",
        "type": "VARIABLE_TYPE"
      },
      "location-after-char-start": 0,
      "location-after-char-end": 0,
      "node-str": "boolean"
    },
    {
      "type": "insert-node",
      "node": {
        "label": "true",
        "type": "Literal"
      },
      "location-after-char-start": 5201,
      "location-after-char-end": 5204,
      "node-str": "true"
    },
    {
      "type": "insert-node",
      "node": {
        "label": "boolean",
        "type": "VARIABLE_TYPE"
      },
      "location-after-char-start": 0,
      "location-after-char-end": 0,
      "node-str": "boolean"
    },
    {
      "type": "insert-node",
      "node": {
        "label": "false",
        "type": "Literal"
      },
      "location-after-char-start": 5236,
      "location-after-char-end": 5240,
      "node-str": "false"
    },
    {
      "type": "insert-node",
      "node": {
        "label": "java.lang.Object",
        "type": "VARIABLE_TYPE"
      },
      "location-after-char-start": 0,
      "location-after-char-end": 0,
      "node-str": "java.lang.Object"
    },
    {
      "type": "insert-node",
      "node": {
        "label": "org.eclipse.ui.internal.WorkbenchConfigurationInfo",
        "type": "VARIABLE_TYPE"
      },
      "location-after-char-start": 0,
      "location-after-char-end": 0,
      "node-str": "org.eclipse.ui.internal.WorkbenchConfigurationInfo"
    },
    {
      "type": "insert-node",
      "node": {
        "label": "org.eclipse.jface.util.ListenerList",
        "type": "VARIABLE_TYPE"
      },
      "location-after-char-start": 0,
      "location-after-char-end": 0,
      "node-str": "org.eclipse.jface.util.ListenerList"
    },
    {
      "type": "insert-node",
      "node": {
        "label": "org.eclipse.jface.util.ListenerList()",
        "type": "ConstructorCall"
      },
      "location-after-char-start": 5366,
      "location-after-char-end": 5383,
      "node-str": "org.eclipse.jface.util.ListenerList()"
    },
    {
      "type": "insert-node",
      "node": {
        "label": "java.lang.String[]",
        "type": "VARIABLE_TYPE"
      },
      "location-after-char-start": 0,
      "location-after-char-end": 0,
      "node-str": "java.lang.String[]"
    },
    {
      "type": "insert-node",
      "node": {
        "label": "org.eclipse.jface.util.IPropertyChangeListener",
        "type": "VARIABLE_TYPE"
      },
      "location-after-char-start": 0,
      "location-after-char-end": 0,
      "node-str": "org.eclipse.jface.util.IPropertyChangeListener"
    },
    {
      "type": "insert-node",
      "node": {
        "label": "final",
        "type": "Modifier"
      },
      "location-after-char-start": 0,
      "location-after-char-end": 0,
      "node-str": "final"
    },
    {
      "type": "insert-node",
      "node": {
        "label": "org.eclipse.jface.util.IPropertyChangeListener()",
        "type": "NewClass"
      },
      "location-after-char-start": 5487,
      "location-after-char-end": 5617,
      "node-str": "org.eclipse.jface.util.IPropertyChangeListener()"
    },
    {
      "type": "insert-node",
      "node": {
        "label": "java.lang.String",
        "type": "VARIABLE_TYPE"
      },
      "location-after-char-start": 0,
      "location-after-char-end": 0,
      "node-str": "java.lang.String"
    },
    {
      "type": "insert-node",
      "node": {
        "label": "final",
        "type": "Modifier"
      },
      "location-after-char-start": 0,
      "location-after-char-end": 0,
      "node-str": "final"
    },
    {
      "type": "insert-node",
      "node": {
        "label": "static",
        "type": "Modifier"
      },
      "location-after-char-start": 0,
      "location-after-char-end": 0,
      "node-str": "static"
    },
    {
      "type": "insert-node",
      "node": {
        "label": "\"workbench.xml\"",
        "type": "Literal"
      },
      "location-after-char-start": 5781,
      "location-after-char-end": 5795,
      "node-str": "\"workbench.xml\""
    },
    {
      "type": "insert-node",
      "node": {
        "label": "int",
        "type": "VARIABLE_TYPE"
      },
      "location-after-char-start": 0,
      "location-after-char-end": 0,
      "node-str": "int"
    },
    {
      "type": "insert-node",
      "node": {
        "label": "final",
        "type": "Modifier"
      },
      "location-after-char-start": 0,
      "location-after-char-end": 0,
      "node-str": "final"
    },
    {
      "type": "insert-node",
      "node": {
        "label": "static",
        "type": "Modifier"
      },
      "location-after-char-start": 0,
      "location-after-char-end": 0,
      "node-str": "static"
    },
    {
      "type": "insert-node",
      "node": {
        "label": "0",
        "type": "Literal"
      },
      "location-after-char-start": 5856,
      "location-after-char-end": 5856,
      "node-str": "0"
    },
    {
      "type": "insert-node",
      "node": {
        "label": "int",
        "type": "VARIABLE_TYPE"
      },
      "location-after-char-start": 0,
      "location-after-char-end": 0,
      "node-str": "int"
    },
    {
      "type": "insert-node",
      "node": {
        "label": "final",
        "type": "Modifier"
      },
      "location-after-char-start": 0,
      "location-after-char-end": 0,
      "node-str": "final"
    },
    {
      "type": "insert-node",
      "node": {
        "label": "static",
        "type": "Modifier"
      },
      "location-after-char-start": 0,
      "location-after-char-end": 0,
      "node-str": "static"
    },
    {
      "type": "insert-node",
      "node": {
        "label": "1",
        "type": "Literal"
      },
      "location-after-char-start": 5906,
      "location-after-char-end": 5906,
      "node-str": "1"
    },
    {
      "type": "insert-node",
      "node": {
        "label": "int",
        "type": "VARIABLE_TYPE"
      },
      "location-after-char-start": 0,
      "location-after-char-end": 0,
      "node-str": "int"
    },
    {
      "type": "insert-node",
      "node": {
        "label": "final",
        "type": "Modifier"
      },
      "location-after-char-start": 0,
      "location-after-char-end": 0,
      "node-str": "final"
    },
    {
      "type": "insert-node",
      "node": {
        "label": "static",
        "type": "Modifier"
      },
      "location-after-char-start": 0,
      "location-after-char-end": 0,
      "node-str": "static"
    },
    {
      "type": "insert-node",
      "node": {
        "label": "2",
        "type": "Literal"
      },
      "location-after-char-start": 5955,
      "location-after-char-end": 5955,
      "node-str": "2"
    },
    {
      "type": "insert-node",
      "node": {
        "label": "java.lang.String",
        "type": "VARIABLE_TYPE"
      },
      "location-after-char-start": 0,
      "location-after-char-end": 0,
      "node-str": "java.lang.String"
    },
    {
      "type": "insert-node",
      "node": {
        "label": "final",
        "type": "Modifier"
      },
      "location-after-char-start": 0,
      "location-after-char-end": 0,
      "node-str": "final"
    },
    {
      "type": "insert-node",
      "node": {
        "label": "protected",
        "type": "Modifier"
      },
      "location-after-char-start": 0,
      "location-after-char-end": 0,
      "node-str": "protected"
    },
    {
      "type": "insert-node",
      "node": {
        "label": "static",
        "type": "Modifier"
      },
      "location-after-char-start": 0,
      "location-after-char-end": 0,
      "node-str": "static"
    },
    {
      "type": "insert-node",
      "node": {
        "label": "\"org.eclipse.ui.internal.dialogs.WelcomeEditor\"",
        "type": "Literal"
      },
      "location-after-char-start": 6009,
      "location-after-char-end": 6055,
      "node-str": "\"org.eclipse.ui.internal.dialogs.WelcomeEditor\""
    },
    {
      "type": "insert-node",
      "node": {
        "label": "boolean",
        "type": "RETURN_TYPE"
      },
      "location-after-char-start": 0,
      "location-after-char-end": 0,
      "node-str": "boolean"
    },
    {
      "type": "insert-node",
      "node": {
        "label": "force",
        "type": "Parameter"
      },
      "location-after-char-start": 10239,
      "location-after-char-end": 10257,
      "node-str": "force"
    },
    {
      "type": "insert-node",
      "node": {
        "label": "return",
        "type": "Return"
      },
      "location-after-char-start": 11962,
      "location-after-char-end": 11973,
      "node-str": "return"
    },
    {
      "type": "insert-node",
      "node": {
        "label": "boolean",
        "type": "RETURN_TYPE"
      },
      "location-after-char-start": 0,
      "location-after-char-end": 0,
      "node-str": "boolean"
    },
    {
      "type": "insert-node",
      "node": {
        "label": "public",
        "type": "Modifier"
      },
      "location-after-char-start": 0,
      "location-after-char-end": 0,
      "node-str": "public"
    },
    {
      "type": "insert-node",
      "node": {
        "label": "returnCode",
        "type": "Parameter"
      },
      "location-after-char-start": 14854,
      "location-after-char-end": 14870,
      "node-str": "returnCode"
    },
    {
      "type": "insert-node",
      "node": {
        "label": "force",
        "type": "Parameter"
      },
      "location-after-char-start": 14873,
      "location-after-char-end": 14891,
      "node-str": "force"
    },
    {
      "type": "move-subtree",
      "node": {
        "label": "\u003d",
        "type": "Assignment"
      },
      "location-before-char-start": 14426,
      "location-before-char-end": 14454,
      "location-after-char-start": 14898,
      "location-after-char-end": 14926,
      "node-str": "\u003d"
    },
    {
      "type": "move-subtree",
      "node": {
        "label": "ret",
        "type": "LocalVariable"
      },
      "location-before-char-start": 14458,
      "location-before-char-end": 14494,
      "location-after-char-start": 14930,
      "location-after-char-end": 14966,
      "node-str": "ret"
    },
    {
      "type": "insert-node",
      "node": {
        "label": "showWhile",
        "type": "Invocation"
      },
      "location-after-char-start": 14970,
      "location-after-char-end": 15080,
      "node-str": "showWhile"
    },
    {
      "type": "move-subtree",
      "node": {
        "label": "return",
        "type": "Return"
      },
      "location-before-char-start": 14612,
      "location-before-char-end": 14625,
      "location-after-char-start": 15084,
      "location-after-char-end": 15097,
      "node-str": "return"
    },
    {
      "type": "insert-node",
      "node": {
        "label": "void",
        "type": "RETURN_TYPE"
      },
      "location-after-char-start": 0,
      "location-after-char-end": 0,
      "node-str": "void"
    },
    {
      "type": "insert-node",
      "node": {
        "label": "void",
        "type": "RETURN_TYPE"
      },
      "location-after-char-start": 0,
      "location-after-char-end": 0,
      "node-str": "void"
    },
    {
      "type": "insert-node",
      "node": {
        "label": "event",
        "type": "Parameter"
      },
      "location-after-char-start": 22715,
      "location-after-char-end": 22739,
      "node-str": "event"
    },
    {
      "type": "insert-node",
      "node": {
        "label": "if",
        "type": "If"
      },
      "location-after-char-start": 22746,
      "location-after-char-end": 24245,
      "node-str": "if"
    },
    {
      "type": "insert-node",
      "node": {
        "label": "addPropertyChangeListener",
        "type": "Invocation"
      },
      "location-after-char-start": 25905,
      "location-after-char-end": 25975,
      "node-str": "addPropertyChangeListener"
    },
    {
      "type": "insert-node",
      "node": {
        "label": "int",
        "type": "RETURN_TYPE"
      },
      "location-after-char-start": 0,
      "location-after-char-end": 0,
      "node-str": "int"
    },
    {
      "type": "insert-node",
      "node": {
        "label": "org.eclipse.ui.IWorkbenchWindow",
        "type": "RETURN_TYPE"
      },
      "location-after-char-start": 0,
      "location-after-char-end": 0,
      "node-str": "org.eclipse.ui.IWorkbenchWindow"
    },
    {
      "type": "insert-node",
      "node": {
        "label": "org.eclipse.ui.WorkbenchException",
        "type": "THROWS"
      },
      "location-after-char-start": 0,
      "location-after-char-end": 0,
      "node-str": "org.eclipse.ui.WorkbenchException"
    },
    {
      "type": "insert-node",
      "node": {
        "label": "public",
        "type": "Modifier"
      },
      "location-after-char-start": 0,
      "location-after-char-end": 0,
      "node-str": "public"
    },
    {
      "type": "insert-node",
      "node": {
        "label": "perspID",
        "type": "Parameter"
      },
      "location-after-char-start": 36348,
      "location-after-char-end": 36367,
      "node-str": "perspID"
    },
    {
      "type": "insert-node",
      "node": {
        "label": "input",
        "type": "Parameter"
      },
      "location-after-char-start": 36370,
      "location-after-char-end": 36391,
      "node-str": "input"
    },
    {
      "type": "move-subtree",
      "node": {
        "label": "result",
        "type": "LocalVariable"
      },
      "location-before-char-start": 34234,
      "location-before-char-end": 34271,
      "location-after-char-start": 36452,
      "location-after-char-end": 36489,
      "node-str": "result"
    },
    {
      "type": "insert-node",
      "node": {
        "label": "showWhile",
        "type": "Invocation"
      },
      "location-after-char-start": 36493,
      "location-after-char-end": 36703,
      "node-str": "showWhile"
    },
    {
      "type": "move-subtree",
      "node": {
        "label": "if",
        "type": "If"
      },
      "location-before-char-start": 34489,
      "location-before-char-end": 34762,
      "location-after-char-start": 36707,
      "location-after-char-end": 36980,
      "node-str": "if"
    },
    {
      "type": "insert-node",
      "node": {
        "label": "1",
        "type": "Class"
      },
      "location-after-char-start": 5517,
      "location-after-char-end": 5617,
      "node-str": "1"
    },
    {
      "type": "update-node",
      "node": {
        "label": "org.eclipse.ui.internal.Workbench$1()",
        "type": "NewClass"
      },
      "location-before-char-start": 6369,
      "location-before-char-end": 7566,
      "location-after-char-start": 6841,
      "location-after-char-end": 8038,
      "node-str": "org.eclipse.ui.internal.Workbench$2()"
    },
    {
      "type": "insert-node",
      "node": {
        "label": "boolean",
        "type": "VARIABLE_TYPE"
      },
      "location-after-char-start": 0,
      "location-after-char-end": 0,
      "node-str": "boolean"
    },
    {
      "type": "insert-node",
      "node": {
        "label": "final",
        "type": "Modifier"
      },
      "location-after-char-start": 0,
      "location-after-char-end": 0,
      "node-str": "final"
    },
    {
      "type": "insert-node",
      "node": {
        "label": "true",
        "type": "Literal"
      },
      "location-after-char-start": 11969,
      "location-after-char-end": 11972,
      "node-str": "true"
    },
    {
      "type": "insert-node",
      "node": {
        "label": "java.lang.Object",
        "type": "VARIABLE_TYPE"
      },
      "location-after-char-start": 0,
      "location-after-char-end": 0,
      "node-str": "java.lang.Object"
    },
    {
      "type": "insert-node",
      "node": {
        "label": "boolean",
        "type": "VARIABLE_TYPE"
      },
      "location-after-char-start": 0,
      "location-after-char-end": 0,
      "node-str": "boolean"
    },
    {
      "type": "insert-node",
      "node": {
        "label": "final",
        "type": "Modifier"
      },
      "location-after-char-start": 0,
      "location-after-char-end": 0,
      "node-str": "final"
    },
    {
      "type": "insert-node",
      "node": {
        "label": "org.eclipse.swt.custom.BusyIndicator",
        "type": "TypeAccess"
      },
      "location-after-char-start": 14970,
      "location-after-char-end": 14982,
      "node-str": "org.eclipse.swt.custom.BusyIndicator"
    },
    {
      "type": "insert-node",
      "node": {
        "label": "null",
        "type": "Literal"
      },
      "location-after-char-start": 14994,
      "location-after-char-end": 14997,
      "node-str": "null"
    },
    {
      "type": "insert-node",
      "node": {
        "label": "org.eclipse.ui.internal.Workbench$7()",
        "type": "NewClass"
      },
      "location-after-char-start": 15000,
      "location-after-char-end": 15078,
      "node-str": "org.eclipse.ui.internal.Workbench$7()"
    },
    {
      "type": "insert-node",
      "node": {
        "label": "org.eclipse.jface.util.PropertyChangeEvent",
        "type": "VARIABLE_TYPE"
      },
      "location-after-char-start": 0,
      "location-after-char-end": 0,
      "node-str": "org.eclipse.jface.util.PropertyChangeEvent"
    },
    {
      "type": "insert-node",
      "node": {
        "label": "equals",
        "type": "Invocation"
      },
      "location-after-char-start": 22750,
      "location-after-char-end": 22808,
      "node-str": "equals"
    },
    {
      "type": "insert-node",
      "node": {
        "label": "THEN",
        "type": "then"
      },
      "location-after-char-start": 22811,
      "location-after-char-end": 24245,
      "node-str": "THEN"
    },
    {
      "type": "insert-node",
      "node": {
        "label": "getPreferenceStore",
        "type": "Invocation"
      },
      "location-after-char-start": 25905,
      "location-after-char-end": 25924,
      "node-str": "getPreferenceStore"
    },
    {
      "type": "insert-node",
      "node": {
        "label": "propertyChangeListener",
        "type": "FieldRead"
      },
      "location-after-char-start": 25952,
      "location-after-char-end": 25973,
      "node-str": "propertyChangeListener"
    },
    {
      "type": "insert-node",
      "node": {
        "label": "java.lang.String",
        "type": "VARIABLE_TYPE"
      },
      "location-after-char-start": 0,
      "location-after-char-end": 0,
      "node-str": "java.lang.String"
    },
    {
      "type": "insert-node",
      "node": {
        "label": "final",
        "type": "Modifier"
      },
      "location-after-char-start": 0,
      "location-after-char-end": 0,
      "node-str": "final"
    },
    {
      "type": "insert-node",
      "node": {
        "label": "org.eclipse.core.runtime.IAdaptable",
        "type": "VARIABLE_TYPE"
      },
      "location-after-char-start": 0,
      "location-after-char-end": 0,
      "node-str": "org.eclipse.core.runtime.IAdaptable"
    },
    {
      "type": "insert-node",
      "node": {
        "label": "final",
        "type": "Modifier"
      },
      "location-after-char-start": 0,
      "location-after-char-end": 0,
      "node-str": "final"
    },
    {
      "type": "insert-node",
      "node": {
        "label": "org.eclipse.swt.custom.BusyIndicator",
        "type": "TypeAccess"
      },
      "location-after-char-start": 36493,
      "location-after-char-end": 36505,
      "node-str": "org.eclipse.swt.custom.BusyIndicator"
    },
    {
      "type": "insert-node",
      "node": {
        "label": "null",
        "type": "Literal"
      },
      "location-after-char-start": 36517,
      "location-after-char-end": 36520,
      "node-str": "null"
    },
    {
      "type": "insert-node",
      "node": {
        "label": "org.eclipse.ui.internal.Workbench$11()",
        "type": "NewClass"
      },
      "location-after-char-start": 36523,
      "location-after-char-end": 36701,
      "node-str": "org.eclipse.ui.internal.Workbench$11()"
    },
    {
      "type": "update-node",
      "node": {
        "label": "org.eclipse.ui.internal.Workbench$11()",
        "type": "NewClass"
      },
      "location-before-char-start": 39142,
      "location-before-char-end": 40159,
      "location-after-char-start": 41360,
      "location-after-char-end": 42377,
      "node-str": "org.eclipse.ui.internal.Workbench$12()"
    },
    {
      "type": "insert-node",
      "node": {
        "label": "",
        "type": "TypeReference"
      },
      "location-after-char-start": 0,
      "location-after-char-end": 0,
      "node-str": ""
    },
    {
      "type": "insert-node",
      "node": {
        "label": "propertyChange",
        "type": "Method"
      },
      "location-after-char-start": 5522,
      "location-after-char-end": 5614,
      "node-str": "propertyChange"
    },
    {
      "type": "update-node",
      "node": {
        "label": "1",
        "type": "Class"
      },
      "location-before-char-start": 6399,
      "location-before-char-end": 7566,
      "location-after-char-start": 6871,
      "location-after-char-end": 8038,
      "node-str": "2"
    },
    {
      "type": "update-node",
      "node": {
        "label": "3",
        "type": "Class"
      },
      "location-before-char-start": 10507,
      "location-before-char-end": 11089,
      "location-after-char-start": 10979,
      "location-after-char-end": 11561,
      "node-str": "4"
    },
    {
      "type": "update-node",
      "node": {
        "label": "4",
        "type": "Class"
      },
      "location-before-char-start": 11216,
      "location-before-char-end": 11330,
      "location-after-char-start": 11688,
      "location-after-char-end": 11802,
      "node-str": "5"
    },
    {
      "type": "update-node",
      "node": {
        "label": "5",
        "type": "Class"
      },
      "location-before-char-start": 11791,
      "location-before-char-end": 12798,
      "location-after-char-start": 12263,
      "location-after-char-end": 13270,
      "node-str": "6"
    },
    {
      "type": "insert-node",
      "node": {
        "label": "7",
        "type": "Class"
      },
      "location-after-char-start": 15015,
      "location-after-char-end": 15078,
      "node-str": "7"
    },
    {
      "type": "update-node",
      "node": {
        "label": "7",
        "type": "Class"
      },
      "location-before-char-start": 15341,
      "location-before-char-end": 15550,
      "location-after-char-start": 15813,
      "location-after-char-end": 16022,
      "node-str": "8"
    },
    {
      "type": "insert-node",
      "node": {
        "label": "getProperty",
        "type": "Invocation"
      },
      "location-after-char-start": 22750,
      "location-after-char-end": 22768,
      "node-str": "getProperty"
    },
    {
      "type": "insert-node",
      "node": {
        "label": "IPreferenceConstants.AUTO_BUILD",
        "type": "TypeAccess"
      },
      "location-after-char-start": 22777,
      "location-after-char-end": 22807,
      "node-str": "IPreferenceConstants.AUTO_BUILD"
    },
    {
      "type": "insert-node",
      "node": {
        "label": "description",
        "type": "LocalVariable"
      },
      "location-after-char-start": 22920,
      "location-after-char-end": 23003,
      "node-str": "description"
    },
    {
      "type": "insert-node",
      "node": {
        "label": "autoBuildSetting",
        "type": "LocalVariable"
      },
      "location-after-char-start": 23008,
      "location-after-char-end": 23063,
      "node-str": "autoBuildSetting"
    },
    {
      "type": "insert-node",
      "node": {
        "label": "newAutoBuildSetting",
        "type": "LocalVariable"
      },
      "location-after-char-start": 23068,
      "location-after-char-end": 23162,
      "node-str": "newAutoBuildSetting"
    },
    {
      "type": "insert-node",
      "node": {
        "label": "if",
        "type": "If"
      },
      "location-after-char-start": 23168,
      "location-after-char-end": 24241,
      "node-str": "if"
    },
    {
      "type": "insert-node",
      "node": {
        "label": "org.eclipse.ui.internal.Workbench",
        "type": "TypeAccess"
      },
      "location-after-char-start": 0,
      "location-after-char-end": 0,
      "node-str": "org.eclipse.ui.internal.Workbench"
    },
    {
      "type": "insert-node",
      "node": {
        "label": "org.eclipse.ui.internal.Workbench",
        "type": "TypeAccess"
      },
      "location-after-char-start": 0,
      "location-after-char-end": 0,
      "node-str": "org.eclipse.ui.internal.Workbench"
    },
    {
      "type": "update-node",
      "node": {
        "label": "9",
        "type": "Class"
      },
      "location-before-char-start": 31421,
      "location-before-char-end": 33568,
      "location-after-char-start": 33639,
      "location-after-char-end": 35786,
      "node-str": "10"
    },
    {
      "type": "insert-node",
      "node": {
        "label": "11",
        "type": "Class"
      },
      "location-after-char-start": 36538,
      "location-after-char-end": 36701,
      "node-str": "11"
    },
    {
      "type": "update-node",
      "node": {
        "label": "11",
        "type": "Class"
      },
      "location-before-char-start": 39157,
      "location-before-char-end": 40159,
      "location-after-char-start": 41375,
      "location-after-char-end": 42377,
      "node-str": "12"
    },
    {
      "type": "update-node",
      "node": {
        "label": "12",
        "type": "Class"
      },
      "location-before-char-start": 40983,
      "location-before-char-end": 41060,
      "location-after-char-start": 43201,
      "location-after-char-end": 43278,
      "node-str": "13"
    },
    {
      "type": "insert-node",
      "node": {
        "label": "org.eclipse.jface.util.IPropertyChangeListener",
        "type": "SUPER_TYPE"
      },
      "location-after-char-start": 0,
      "location-after-char-end": 0,
      "node-str": "org.eclipse.jface.util.IPropertyChangeListener"
    },
    {
      "type": "insert-node",
      "node": {
        "label": "void",
        "type": "RETURN_TYPE"
      },
      "location-after-char-start": 0,
      "location-after-char-end": 0,
      "node-str": "void"
    },
    {
      "type": "insert-node",
      "node": {
        "label": "public",
        "type": "Modifier"
      },
      "location-after-char-start": 0,
      "location-after-char-end": 0,
      "node-str": "public"
    },
    {
      "type": "insert-node",
      "node": {
        "label": "event",
        "type": "Parameter"
      },
      "location-after-char-start": 5549,
      "location-after-char-end": 5573,
      "node-str": "event"
    },
    {
      "type": "insert-node",
      "node": {
        "label": "handlePropertyChange",
        "type": "Invocation"
      },
      "location-after-char-start": 5582,
      "location-after-char-end": 5609,
      "node-str": "handlePropertyChange"
    },
    {
      "type": "insert-node",
      "node": {
        "label": "run",
        "type": "Method"
      },
      "location-after-char-start": 15020,
      "location-after-char-end": 15074,
      "node-str": "run"
    },
    {
      "type": "insert-node",
      "node": {
        "label": "event",
        "type": "VariableRead"
      },
      "location-after-char-start": 22750,
      "location-after-char-end": 22754,
      "node-str": "event"
    },
    {
      "type": "insert-node",
      "node": {
        "label": "org.eclipse.core.resources.IWorkspaceDescription",
        "type": "VARIABLE_TYPE"
      },
      "location-after-char-start": 0,
      "location-after-char-end": 0,
      "node-str": "org.eclipse.core.resources.IWorkspaceDescription"
    },
    {
      "type": "insert-node",
      "node": {
        "label": "getDescription",
        "type": "Invocation"
      },
      "location-after-char-start": 22956,
      "location-after-char-end": 23002,
      "node-str": "getDescription"
    },
    {
      "type": "insert-node",
      "node": {
        "label": "boolean",
        "type": "VARIABLE_TYPE"
      },
      "location-after-char-start": 0,
      "location-after-char-end": 0,
      "node-str": "boolean"
    },
    {
      "type": "insert-node",
      "node": {
        "label": "isAutoBuilding",
        "type": "Invocation"
      },
      "location-after-char-start": 23035,
      "location-after-char-end": 23062,
      "node-str": "isAutoBuilding"
    },
    {
      "type": "insert-node",
      "node": {
        "label": "boolean",
        "type": "VARIABLE_TYPE"
      },
      "location-after-char-start": 0,
      "location-after-char-end": 0,
      "node-str": "boolean"
    },
    {
      "type": "insert-node",
      "node": {
        "label": "getBoolean",
        "type": "Invocation"
      },
      "location-after-char-start": 23098,
      "location-after-char-end": 23161,
      "node-str": "getBoolean"
    },
    {
      "type": "insert-node",
      "node": {
        "label": "NE",
        "type": "BinaryOperator"
      },
      "location-after-char-start": 23172,
      "location-after-char-end": 23210,
      "node-str": "NE"
    },
    {
      "type": "insert-node",
      "node": {
        "label": "THEN",
        "type": "then"
      },
      "location-after-char-start": 23213,
      "location-after-char-end": 24241,
      "node-str": "THEN"
    },
    {
      "type": "update-node",
      "node": {
        "label": "8",
        "type": "Class"
      },
      "location-before-char-start": 24683,
      "location-before-char-end": 24991,
      "location-after-char-start": 26901,
      "location-after-char-end": 27209,
      "node-str": "9"
    },
    {
      "type": "insert-node",
      "node": {
        "label": "run",
        "type": "Method"
      },
      "location-after-char-start": 36543,
      "location-after-char-end": 36697,
      "node-str": "run"
    },
    {
      "type": "insert-node",
      "node": {
        "label": "org.eclipse.jface.util.PropertyChangeEvent",
        "type": "VARIABLE_TYPE"
      },
      "location-after-char-start": 0,
      "location-after-char-end": 0,
      "node-str": "org.eclipse.jface.util.PropertyChangeEvent"
    },
    {
      "type": "insert-node",
      "node": {
        "label": "org.eclipse.ui.internal.Workbench$1",
        "type": "TypeAccess"
      },
      "location-after-char-start": 0,
      "location-after-char-end": 0,
      "node-str": "org.eclipse.ui.internal.Workbench$1"
    },
    {
      "type": "insert-node",
      "node": {
        "label": "event",
        "type": "VariableRead"
      },
      "location-after-char-start": 5603,
      "location-after-char-end": 5607,
      "node-str": "event"
    },
    {
      "type": "update-node",
      "node": {
        "label": "2",
        "type": "Class"
      },
      "location-before-char-start": 10096,
      "location-before-char-end": 10417,
      "location-after-char-start": 10568,
      "location-after-char-end": 10889,
      "node-str": "3"
    },
    {
      "type": "insert-node",
      "node": {
        "label": "void",
        "type": "RETURN_TYPE"
      },
      "location-after-char-start": 0,
      "location-after-char-end": 0,
      "node-str": "void"
    },
    {
      "type": "insert-node",
      "node": {
        "label": "public",
        "type": "Modifier"
      },
      "location-after-char-start": 0,
      "location-after-char-end": 0,
      "node-str": "public"
    },
    {
      "type": "insert-node",
      "node": {
        "label": "\u003d",
        "type": "Assignment"
      },
      "location-after-char-start": 15044,
      "location-after-char-end": 15069,
      "node-str": "\u003d"
    },
    {
      "type": "insert-node",
      "node": {
        "label": "getWorkspace",
        "type": "Invocation"
      },
      "location-after-char-start": 22956,
      "location-after-char-end": 22985,
      "node-str": "getWorkspace"
    },
    {
      "type": "insert-node",
      "node": {
        "label": "description",
        "type": "VariableRead"
      },
      "location-after-char-start": 23035,
      "location-after-char-end": 23045,
      "node-str": "description"
    },
    {
      "type": "insert-node",
      "node": {
        "label": "getPreferenceStore",
        "type": "Invocation"
      },
      "location-after-char-start": 23098,
      "location-after-char-end": 23117,
      "node-str": "getPreferenceStore"
    },
    {
      "type": "insert-node",
      "node": {
        "label": "IPreferenceConstants.AUTO_BUILD",
        "type": "TypeAccess"
      },
      "location-after-char-start": 23130,
      "location-after-char-end": 23160,
      "node-str": "IPreferenceConstants.AUTO_BUILD"
    },
    {
      "type": "insert-node",
      "node": {
        "label": "autoBuildSetting",
        "type": "VariableRead"
      },
      "location-after-char-start": 23172,
      "location-after-char-end": 23187,
      "node-str": "autoBuildSetting"
    },
    {
      "type": "insert-node",
      "node": {
        "label": "newAutoBuildSetting",
        "type": "VariableRead"
      },
      "location-after-char-start": 23192,
      "location-after-char-end": 23210,
      "node-str": "newAutoBuildSetting"
    },
    {
      "type": "insert-node",
      "node": {
        "label": "setAutoBuilding",
        "type": "Invocation"
      },
      "location-after-char-start": 23251,
      "location-after-char-end": 23299,
      "node-str": "setAutoBuilding"
    },
    {
      "type": "insert-node",
      "node": {
        "label": "\u003d",
        "type": "Assignment"
      },
      "location-after-char-start": 23305,
      "location-after-char-end": 23343,
      "node-str": "\u003d"
    },
    {
      "type": "insert-node",
      "node": {
        "label": "",
        "type": "Try"
      },
      "location-after-char-start": 23349,
      "location-after-char-end": 23560,
      "node-str": ""
    },
    {
      "type": "insert-node",
      "node": {
        "label": "if",
        "type": "If"
      },
      "location-after-char-start": 23665,
      "location-after-char-end": 23860,
      "node-str": "if"
    },
    {
      "type": "insert-node",
      "node": {
        "label": "wins",
        "type": "LocalVariable"
      },
      "location-after-char-start": 23917,
      "location-after-char-end": 23959,
      "node-str": "wins"
    },
    {
      "type": "insert-node",
      "node": {
        "label": "",
        "type": "For"
      },
      "location-after-char-start": 23965,
      "location-after-char-end": 24236,
      "node-str": ""
    },
    {
      "type": "insert-node",
      "node": {
        "label": "void",
        "type": "RETURN_TYPE"
      },
      "location-after-char-start": 0,
      "location-after-char-end": 0,
      "node-str": "void"
    },
    {
      "type": "insert-node",
      "node": {
        "label": "public",
        "type": "Modifier"
      },
      "location-after-char-start": 0,
      "location-after-char-end": 0,
      "node-str": "public"
    },
    {
      "type": "insert-node",
      "node": {
        "label": "",
        "type": "Try"
      },
      "location-after-char-start": 36567,
      "location-after-char-end": 36692,
      "node-str": ""
    },
    {
      "type": "update-node",
      "node": {
        "label": "org.eclipse.ui.internal.Workbench$13()",
        "type": "NewClass"
      },
      "location-before-char-start": 41426,
      "location-before-char-end": 41549,
      "location-after-char-start": 43644,
      "location-after-char-end": 43767,
      "node-str": "org.eclipse.ui.internal.Workbench$14()"
    },
    {
      "type": "update-node",
      "node": {
        "label": "org.eclipse.ui.internal.Workbench$3",
        "type": "TypeAccess"
      },
      "location-before-char-start": 0,
      "location-before-char-end": 0,
      "location-after-char-start": 0,
      "location-after-char-end": 0,
      "node-str": "org.eclipse.ui.internal.Workbench$4"
    },
    {
      "type": "insert-node",
      "node": {
        "label": "",
        "type": "ArrayWrite"
      },
      "location-after-char-start": 15044,
      "location-after-char-end": 15049,
      "node-str": ""
    },
    {
      "type": "insert-node",
      "node": {
        "label": "busyClose",
        "type": "Invocation"
      },
      "location-after-char-start": 15053,
      "location-after-char-end": 15068,
      "node-str": "busyClose"
    },
    {
      "type": "insert-node",
      "node": {
        "label": "org.eclipse.core.resources.ResourcesPlugin",
        "type": "TypeAccess"
      },
      "location-after-char-start": 22956,
      "location-after-char-end": 22970,
      "node-str": "org.eclipse.core.resources.ResourcesPlugin"
    },
    {
      "type": "insert-node",
      "node": {
        "label": "org.eclipse.ui.internal.Workbench",
        "type": "TypeAccess"
      },
      "location-after-char-start": 0,
      "location-after-char-end": 0,
      "node-str": "org.eclipse.ui.internal.Workbench"
    },
    {
      "type": "insert-node",
      "node": {
        "label": "description",
        "type": "VariableRead"
      },
      "location-after-char-start": 23251,
      "location-after-char-end": 23261,
      "node-str": "description"
    },
    {
      "type": "insert-node",
      "node": {
        "label": "newAutoBuildSetting",
        "type": "VariableRead"
      },
      "location-after-char-start": 23279,
      "location-after-char-end": 23297,
      "node-str": "newAutoBuildSetting"
    },
    {
      "type": "insert-node",
      "node": {
        "label": "autoBuildSetting",
        "type": "VariableWrite"
      },
      "location-after-char-start": 23305,
      "location-after-char-end": 23320,
      "node-str": "autoBuildSetting"
    },
    {
      "type": "insert-node",
      "node": {
        "label": "newAutoBuildSetting",
        "type": "VariableRead"
      },
      "location-after-char-start": 23324,
      "location-after-char-end": 23342,
      "node-str": "newAutoBuildSetting"
    },
    {
      "type": "insert-node",
      "node": {
        "label": "setDescription",
        "type": "Invocation"
      },
      "location-after-char-start": 23360,
      "location-after-char-end": 23418,
      "node-str": "setDescription"
    },
    {
      "type": "insert-node",
      "node": {
        "label": "",
        "type": "Catch"
      },
      "location-after-char-start": 23425,
      "location-after-char-end": 23560,
      "node-str": ""
    },
    {
      "type": "insert-node",
      "node": {
        "label": "newAutoBuildSetting",
        "type": "VariableRead"
      },
      "location-after-char-start": 23669,
      "location-after-char-end": 23687,
      "node-str": "newAutoBuildSetting"
    },
    {
      "type": "insert-node",
      "node": {
        "label": "THEN",
        "type": "then"
      },
      "location-after-char-start": 23690,
      "location-after-char-end": 23860,
      "node-str": "THEN"
    },
    {
      "type": "insert-node",
      "node": {
        "label": "org.eclipse.jface.window.Window[]",
        "type": "VARIABLE_TYPE"
      },
      "location-after-char-start": 0,
      "location-after-char-end": 0,
      "node-str": "org.eclipse.jface.window.Window[]"
    },
    {
      "type": "insert-node",
      "node": {
        "label": "getWindows",
        "type": "Invocation"
      },
      "location-after-char-start": 23933,
      "location-after-char-end": 23958,
      "node-str": "getWindows"
    },
    {
      "type": "insert-node",
      "node": {
        "label": "i",
        "type": "LocalVariable"
      },
      "location-after-char-start": 23970,
      "location-after-char-end": 23978,
      "node-str": "i"
    },
    {
      "type": "insert-node",
      "node": {
        "label": "LT",
        "type": "BinaryOperator"
      },
      "location-after-char-start": 23981,
      "location-after-char-end": 23995,
      "node-str": "LT"
    },
    {
      "type": "insert-node",
      "node": {
        "label": "POSTINC",
        "type": "UnaryOperator"
      },
      "location-after-char-start": 23998,
      "location-after-char-end": 24000,
      "node-str": "POSTINC"
    },
    {
      "type": "insert-node",
      "node": {
        "label": "if",
        "type": "If"
      },
      "location-after-char-start": 24010,
      "location-after-char-end": 24230,
      "node-str": "if"
    },
    {
      "type": "insert-node",
      "node": {
        "label": "\u003d",
        "type": "Assignment"
      },
      "location-after-char-start": 36578,
      "location-after-char-end": 36629,
      "node-str": "\u003d"
    },
    {
      "type": "move-subtree",
      "node": {
        "label": "",
        "type": "Catch"
      },
      "location-before-char-start": 34418,
      "location-before-char-end": 34474,
      "location-after-char-start": 36636,
      "location-after-char-end": 36692,
      "node-str": ""
    },
    {
      "type": "update-node",
      "node": {
        "label": "org.eclipse.ui.internal.Workbench$11",
        "type": "TypeAccess"
      },
      "location-before-char-start": 0,
      "location-before-char-end": 0,
      "location-after-char-start": 0,
      "location-after-char-end": 0,
      "node-str": "org.eclipse.ui.internal.Workbench$12"
    },
    {
      "type": "update-node",
      "node": {
        "label": "13",
        "type": "Class"
      },
      "location-before-char-start": 41441,
      "location-before-char-end": 41549,
      "location-after-char-start": 43659,
      "location-after-char-end": 43767,
      "node-str": "14"
    },
    {
      "type": "update-node",
      "node": {
        "label": "org.eclipse.ui.internal.Workbench$1",
        "type": "TypeAccess"
      },
      "location-before-char-start": 0,
      "location-before-char-end": 0,
      "location-after-char-start": 0,
      "location-after-char-end": 0,
      "node-str": "org.eclipse.ui.internal.Workbench$2"
    },
    {
      "type": "update-node",
      "node": {
        "label": "org.eclipse.ui.internal.Workbench$3",
        "type": "TypeAccess"
      },
      "location-before-char-start": 0,
      "location-before-char-end": 0,
      "location-after-char-start": 0,
      "location-after-char-end": 0,
      "node-str": "org.eclipse.ui.internal.Workbench$4"
    },
    {
      "type": "update-node",
      "node": {
        "label": "org.eclipse.ui.internal.Workbench$5",
        "type": "TypeAccess"
      },
      "location-before-char-start": 0,
      "location-before-char-end": 0,
      "location-after-char-start": 0,
      "location-after-char-end": 0,
      "node-str": "org.eclipse.ui.internal.Workbench$6"
    },
    {
      "type": "insert-node",
      "node": {
        "label": "ret",
        "type": "VariableRead"
      },
      "location-after-char-start": 15044,
      "location-after-char-end": 15046,
      "node-str": "ret"
    },
    {
      "type": "insert-node",
      "node": {
        "label": "0",
        "type": "Literal"
      },
      "location-after-char-start": 15048,
      "location-after-char-end": 15048,
      "node-str": "0"
    },
    {
      "type": "insert-node",
      "node": {
        "label": "org.eclipse.ui.internal.Workbench$7",
        "type": "TypeAccess"
      },
      "location-after-char-start": 0,
      "location-after-char-end": 0,
      "node-str": "org.eclipse.ui.internal.Workbench$7"
    },
    {
      "type": "insert-node",
      "node": {
        "label": "force",
        "type": "VariableRead"
      },
      "location-after-char-start": 15063,
      "location-after-char-end": 15067,
      "node-str": "force"
    },
    {
      "type": "insert-node",
      "node": {
        "label": "getWorkspace",
        "type": "Invocation"
      },
      "location-after-char-start": 23360,
      "location-after-char-end": 23389,
      "node-str": "getWorkspace"
    },
    {
      "type": "insert-node",
      "node": {
        "label": "description",
        "type": "VariableRead"
      },
      "location-after-char-start": 23406,
      "location-after-char-end": 23416,
      "node-str": "description"
    },
    {
      "type": "insert-node",
      "node": {
        "label": "e",
        "type": "CatchVariable"
      },
      "location-after-char-start": 23433,
      "location-after-char-end": 23447,
      "node-str": "e"
    },
    {
      "type": "insert-node",
      "node": {
        "label": "log",
        "type": "Invocation"
      },
      "location-after-char-start": 23457,
      "location-after-char-end": 23540,
      "node-str": "log"
    },
    {
      "type": "insert-node",
      "node": {
        "label": "action",
        "type": "LocalVariable"
      },
      "location-after-char-start": 23697,
      "location-after-char-end": 23831,
      "node-str": "action"
    },
    {
      "type": "insert-node",
      "node": {
        "label": "doBuild",
        "type": "Invocation"
      },
      "location-after-char-start": 23838,
      "location-after-char-end": 23854,
      "node-str": "doBuild"
    },
    {
      "type": "insert-node",
      "node": {
        "label": "windowManager",
        "type": "FieldRead"
      },
      "location-after-char-start": 23933,
      "location-after-char-end": 23945,
      "node-str": "windowManager"
    },
    {
      "type": "insert-node",
      "node": {
        "label": "int",
        "type": "VARIABLE_TYPE"
      },
      "location-after-char-start": 0,
      "location-after-char-end": 0,
      "node-str": "int"
    },
    {
      "type": "insert-node",
      "node": {
        "label": "0",
        "type": "Literal"
      },
      "location-after-char-start": 23978,
      "location-after-char-end": 23978,
      "node-str": "0"
    },
    {
      "type": "insert-node",
      "node": {
        "label": "i",
        "type": "VariableRead"
      },
      "location-after-char-start": 23981,
      "location-after-char-end": 23981,
      "node-str": "i"
    },
    {
      "type": "insert-node",
      "node": {
        "label": "length",
        "type": "FieldRead"
      },
      "location-after-char-start": 23985,
      "location-after-char-end": 23995,
      "node-str": "length"
    },
    {
      "type": "insert-node",
      "node": {
        "label": "i",
        "type": "VariableWrite"
      },
      "location-after-char-start": 23998,
      "location-after-char-end": 23998,
      "node-str": "i"
    },
    {
      "type": "insert-node",
      "node": {
        "label": "autoBuildSetting",
        "type": "VariableRead"
      },
      "location-after-char-start": 24014,
      "location-after-char-end": 24029,
      "node-str": "autoBuildSetting"
    },
    {
      "type": "insert-node",
      "node": {
        "label": "THEN",
        "type": "then"
      },
      "location-after-char-start": 24032,
      "location-after-char-end": 24129,
      "node-str": "THEN"
    },
    {
      "type": "insert-node",
      "node": {
        "label": "ELSE",
        "type": "else"
      },
      "location-after-char-start": 24136,
      "location-after-char-end": 24230,
      "node-str": "ELSE"
    },
    {
      "type": "update-node",
      "node": {
        "label": "org.eclipse.ui.internal.Workbench$9",
        "type": "TypeAccess"
      },
      "location-before-char-start": 0,
      "location-before-char-end": 0,
      "location-after-char-start": 0,
      "location-after-char-end": 0,
      "node-str": "org.eclipse.ui.internal.Workbench$10"
    },
    {
      "type": "insert-node",
      "node": {
        "label": "",
        "type": "ArrayWrite"
      },
      "location-after-char-start": 36578,
      "location-after-char-end": 36586,
      "node-str": ""
    },
    {
      "type": "insert-node",
      "node": {
        "label": "busyOpenWorkbenchWindow",
        "type": "Invocation"
      },
      "location-after-char-start": 36590,
      "location-after-char-end": 36628,
      "node-str": "busyOpenWorkbenchWindow"
    },
    {
      "type": "update-node",
      "node": {
        "label": "org.eclipse.ui.internal.Workbench$11",
        "type": "TypeAccess"
      },
      "location-before-char-start": 0,
      "location-before-char-end": 0,
      "location-after-char-start": 0,
      "location-after-char-end": 0,
      "node-str": "org.eclipse.ui.internal.Workbench$12"
    },
    {
      "type": "update-node",
      "node": {
        "label": "org.eclipse.ui.internal.Workbench$11",
        "type": "TypeAccess"
      },
      "location-before-char-start": 0,
      "location-before-char-end": 0,
      "location-after-char-start": 0,
      "location-after-char-end": 0,
      "node-str": "org.eclipse.ui.internal.Workbench$12"
    },
    {
      "type": "update-node",
      "node": {
        "label": "org.eclipse.ui.internal.Workbench$12",
        "type": "TypeAccess"
      },
      "location-before-char-start": 0,
      "location-before-char-end": 0,
      "location-after-char-start": 0,
      "location-after-char-end": 0,
      "node-str": "org.eclipse.ui.internal.Workbench$13"
    },
    {
      "type": "insert-node",
      "node": {
        "label": "org.eclipse.core.resources.ResourcesPlugin",
        "type": "TypeAccess"
      },
      "location-after-char-start": 23360,
      "location-after-char-end": 23374,
      "node-str": "org.eclipse.core.resources.ResourcesPlugin"
    },
    {
      "type": "insert-node",
      "node": {
        "label": "org.eclipse.core.runtime.CoreException",
        "type": "VARIABLE_TYPE"
      },
      "location-after-char-start": 0,
      "location-after-char-end": 0,
      "node-str": "org.eclipse.core.runtime.CoreException"
    },
    {
      "type": "insert-node",
      "node": {
        "label": "org.eclipse.ui.internal.WorkbenchPlugin",
        "type": "TypeAccess"
      },
      "location-after-char-start": 23457,
      "location-after-char-end": 23471,
      "node-str": "org.eclipse.ui.internal.WorkbenchPlugin"
    },
    {
      "type": "insert-node",
      "node": {
        "label": "\"Error changing auto build preference setting.\"",
        "type": "Literal"
      },
      "location-after-char-start": 23477,
      "location-after-char-end": 23523,
      "node-str": "\"Error changing auto build preference setting.\""
    },
    {
      "type": "insert-node",
      "node": {
        "label": "getStatus",
        "type": "Invocation"
      },
      "location-after-char-start": 23526,
      "location-after-char-end": 23538,
      "node-str": "getStatus"
    },
    {
      "type": "insert-node",
      "node": {
        "label": "org.eclipse.ui.actions.GlobalBuildAction",
        "type": "VARIABLE_TYPE"
      },
      "location-after-char-start": 0,
      "location-after-char-end": 0,
      "node-str": "org.eclipse.ui.actions.GlobalBuildAction"
    },
    {
      "type": "insert-node",
      "node": {
        "label": "java.lang.Object()",
        "type": "ConstructorCall"
      },
      "location-after-char-start": 23724,
      "location-after-char-end": 23830,
      "node-str": "java.lang.Object()"
    },
    {
      "type": "insert-node",
      "node": {
        "label": "action",
        "type": "VariableRead"
      },
      "location-after-char-start": 23838,
      "location-after-char-end": 23843,
      "node-str": "action"
    },
    {
      "type": "insert-node",
      "node": {
        "label": "org.eclipse.ui.internal.Workbench",
        "type": "TypeAccess"
      },
      "location-after-char-start": 0,
      "location-after-char-end": 0,
      "node-str": "org.eclipse.ui.internal.Workbench"
    },
    {
      "type": "insert-node",
      "node": {
        "label": "wins",
        "type": "VariableRead"
      },
      "location-after-char-start": 23985,
      "location-after-char-end": 23995,
      "node-str": "wins"
    },
    {
      "type": "insert-node",
      "node": {
        "label": "removeManualIncrementalBuildAction",
        "type": "Invocation"
      },
      "location-after-char-start": 24040,
      "location-after-char-end": 24122,
      "node-str": "removeManualIncrementalBuildAction"
    },
    {
      "type": "insert-node",
      "node": {
        "label": "addManualIncrementalBuildAction",
        "type": "Invocation"
      },
      "location-after-char-start": 24144,
      "location-after-char-end": 24223,
      "node-str": "addManualIncrementalBuildAction"
    },
    {
      "type": "insert-node",
      "node": {
        "label": "result",
        "type": "VariableRead"
      },
      "location-after-char-start": 36578,
      "location-after-char-end": 36583,
      "node-str": "result"
    },
    {
      "type": "insert-node",
      "node": {
        "label": "0",
        "type": "Literal"
      },
      "location-after-char-start": 36585,
      "location-after-char-end": 36585,
      "node-str": "0"
    },
    {
      "type": "insert-node",
      "node": {
        "label": "org.eclipse.ui.internal.Workbench$11",
        "type": "TypeAccess"
      },
      "location-after-char-start": 0,
      "location-after-char-end": 0,
      "node-str": "org.eclipse.ui.internal.Workbench$11"
    },
    {
      "type": "insert-node",
      "node": {
        "label": "perspID",
        "type": "VariableRead"
      },
      "location-after-char-start": 36614,
      "location-after-char-end": 36620,
      "node-str": "perspID"
    },
    {
      "type": "insert-node",
      "node": {
        "label": "input",
        "type": "VariableRead"
      },
      "location-after-char-start": 36623,
      "location-after-char-end": 36627,
      "node-str": "input"
    },
    {
      "type": "update-node",
      "node": {
        "label": "org.eclipse.ui.internal.Workbench$1",
        "type": "TypeAccess"
      },
      "location-before-char-start": 0,
      "location-before-char-end": 0,
      "location-after-char-start": 0,
      "location-after-char-end": 0,
      "node-str": "org.eclipse.ui.internal.Workbench$2"
    },
    {
      "type": "update-node",
      "node": {
        "label": "org.eclipse.ui.internal.Workbench$2",
        "type": "TypeAccess"
      },
      "location-before-char-start": 0,
      "location-before-char-end": 0,
      "location-after-char-start": 0,
      "location-after-char-end": 0,
      "node-str": "org.eclipse.ui.internal.Workbench$3"
    },
    {
      "type": "update-node",
      "node": {
        "label": "org.eclipse.ui.internal.Workbench$5",
        "type": "TypeAccess"
      },
      "location-before-char-start": 0,
      "location-before-char-end": 0,
      "location-after-char-start": 0,
      "location-after-char-end": 0,
      "node-str": "org.eclipse.ui.internal.Workbench$6"
    },
    {
      "type": "insert-node",
      "node": {
        "label": "e",
        "type": "VariableRead"
      },
      "location-after-char-start": 23526,
      "location-after-char-end": 23526,
      "node-str": "e"
    },
    {
      "type": "insert-node",
      "node": {
        "label": "getActiveWorkbenchWindow",
        "type": "Invocation"
      },
      "location-after-char-start": 23753,
      "location-after-char-end": 23778,
      "node-str": "getActiveWorkbenchWindow"
    },
    {
      "type": "insert-node",
      "node": {
        "label": "INCREMENTAL_BUILD",
        "type": "FieldRead"
      },
      "location-after-char-start": 23787,
      "location-after-char-end": 23829,
      "node-str": "INCREMENTAL_BUILD"
    },
    {
      "type": "insert-node",
      "node": {
        "label": "getActionBuilder",
        "type": "Invocation"
      },
      "location-after-char-start": 24040,
      "location-after-char-end": 24084,
      "node-str": "getActionBuilder"
    },
    {
      "type": "insert-node",
      "node": {
        "label": "getActionBuilder",
        "type": "Invocation"
      },
      "location-after-char-start": 24144,
      "location-after-char-end": 24188,
      "node-str": "getActionBuilder"
    },
    {
      "type": "update-node",
      "node": {
        "label": "org.eclipse.ui.internal.Workbench$1$1()",
        "type": "NewClass"
      },
      "location-before-char-start": 6700,
      "location-before-char-end": 7542,
      "location-after-char-start": 7172,
      "location-after-char-end": 8014,
      "node-str": "org.eclipse.ui.internal.Workbench$2$1()"
    },
    {
      "type": "insert-node",
      "node": {
        "label": "org.eclipse.ui.internal.Workbench",
        "type": "TypeAccess"
      },
      "location-after-char-start": 0,
      "location-after-char-end": 0,
      "node-str": "org.eclipse.ui.internal.Workbench"
    },
    {
      "type": "insert-node",
      "node": {
        "label": "org.eclipse.core.resources.IncrementalProjectBuilder",
        "type": "TypeAccess"
      },
      "location-after-char-start": 23787,
      "location-after-char-end": 23811,
      "node-str": "org.eclipse.core.resources.IncrementalProjectBuilder"
    },
    {
      "type": "insert-node",
      "node": {
        "label": "",
        "type": "ArrayRead"
      },
      "location-after-char-start": 24040,
      "location-after-char-end": 24065,
      "node-str": ""
    },
    {
      "type": "insert-node",
      "node": {
        "label": "",
        "type": "ArrayRead"
      },
      "location-after-char-start": 24144,
      "location-after-char-end": 24169,
      "node-str": ""
    },
    {
      "type": "insert-node",
      "node": {
        "label": "wins",
        "type": "VariableRead"
      },
      "location-after-char-start": 24058,
      "location-after-char-end": 24061,
      "node-str": "wins"
    },
    {
      "type": "insert-node",
      "node": {
        "label": "i",
        "type": "VariableRead"
      },
      "location-after-char-start": 24063,
      "location-after-char-end": 24063,
      "node-str": "i"
    },
    {
      "type": "insert-node",
      "node": {
        "label": "wins",
        "type": "VariableRead"
      },
      "location-after-char-start": 24162,
      "location-after-char-end": 24165,
      "node-str": "wins"
    },
    {
      "type": "insert-node",
      "node": {
        "label": "i",
        "type": "VariableRead"
      },
      "location-after-char-start": 24167,
      "location-after-char-end": 24167,
      "node-str": "i"
    },
    {
      "type": "update-node",
      "node": {
        "label": "org.eclipse.ui.internal.Workbench$11",
        "type": "TypeAccess"
      },
      "location-before-char-start": 0,
      "location-before-char-end": 0,
      "location-after-char-start": 0,
      "location-after-char-end": 0,
      "node-str": "org.eclipse.ui.internal.Workbench$12"
    },
    {
      "type": "update-node",
      "node": {
        "label": "org.eclipse.ui.internal.Workbench$1$1",
        "type": "TypeAccess"
      },
      "location-before-char-start": 0,
      "location-before-char-end": 0,
      "location-after-char-start": 0,
      "location-after-char-end": 0,
      "node-str": "org.eclipse.ui.internal.Workbench$2$1"
    },
    {
      "type": "delete-node",
      "node": {
        "label": "public",
        "type": "Modifier"
      },
      "location-before-char-start": 0,
      "location-before-char-end": 0,
      "node-str": "public"
    },
    {
      "type": "delete-node",
      "node": {
        "label": "org.eclipse.jface.window.WindowManager",
        "type": "VARIABLE_TYPE"
      },
      "location-before-char-start": 0,
      "location-before-char-end": 0,
      "node-str": "org.eclipse.jface.window.WindowManager"
    },
    {
      "type": "delete-node",
      "node": {
        "label": "windowManager",
        "type": "Field"
      },
      "location-before-char-start": 4750,
      "location-before-char-end": 4785,
      "node-str": "windowManager"
    },
    {
      "type": "delete-node",
      "node": {
        "label": "org.eclipse.ui.internal.EditorHistory",
        "type": "VARIABLE_TYPE"
      },
      "location-before-char-start": 0,
      "location-before-char-end": 0,
      "node-str": "org.eclipse.ui.internal.EditorHistory"
    },
    {
      "type": "delete-node",
      "node": {
        "label": "editorHistory",
        "type": "Field"
      },
      "location-before-char-start": 4788,
      "location-before-char-end": 4823,
      "node-str": "editorHistory"
    },
    {
      "type": "delete-node",
      "node": {
        "label": "org.eclipse.ui.internal.PerspectiveHistory",
        "type": "VARIABLE_TYPE"
      },
      "location-before-char-start": 0,
      "location-before-char-end": 0,
      "node-str": "org.eclipse.ui.internal.PerspectiveHistory"
    },
    {
      "type": "delete-node",
      "node": {
        "label": "perspHistory",
        "type": "Field"
      },
      "location-before-char-start": 4826,
      "location-before-char-end": 4865,
      "node-str": "perspHistory"
    },
    {
      "type": "delete-node",
      "node": {
        "label": "boolean",
        "type": "VARIABLE_TYPE"
      },
      "location-before-char-start": 0,
      "location-before-char-end": 0,
      "node-str": "boolean"
    },
    {
      "type": "delete-node",
      "node": {
        "label": "runEventLoop",
        "type": "Field"
      },
      "location-before-char-start": 4868,
      "location-before-char-end": 4896,
      "node-str": "runEventLoop"
    },
    {
      "type": "delete-node",
      "node": {
        "label": "boolean",
        "type": "VARIABLE_TYPE"
      },
      "location-before-char-start": 0,
      "location-before-char-end": 0,
      "node-str": "boolean"
    },
    {
      "type": "delete-node",
      "node": {
        "label": "true",
        "type": "Literal"
      },
      "location-before-char-start": 4928,
      "location-before-char-end": 4931,
      "node-str": "true"
    },
    {
      "type": "delete-node",
      "node": {
        "label": "isStarting",
        "type": "Field"
      },
      "location-before-char-start": 4899,
      "location-before-char-end": 4932,
      "node-str": "isStarting"
    },
    {
      "type": "delete-node",
      "node": {
        "label": "boolean",
        "type": "VARIABLE_TYPE"
      },
      "location-before-char-start": 0,
      "location-before-char-end": 0,
      "node-str": "boolean"
    },
    {
      "type": "delete-node",
      "node": {
        "label": "false",
        "type": "Literal"
      },
      "location-before-char-start": 4963,
      "location-before-char-end": 4967,
      "node-str": "false"
    },
    {
      "type": "delete-node",
      "node": {
        "label": "isClosing",
        "type": "Field"
      },
      "location-before-char-start": 4935,
      "location-before-char-end": 4968,
      "node-str": "isClosing"
    },
    {
      "type": "delete-node",
      "node": {
        "label": "java.lang.Object",
        "type": "VARIABLE_TYPE"
      },
      "location-before-char-start": 0,
      "location-before-char-end": 0,
      "node-str": "java.lang.Object"
    },
    {
      "type": "delete-node",
      "node": {
        "label": "returnCode",
        "type": "Field"
      },
      "location-before-char-start": 4971,
      "location-before-char-end": 4996,
      "node-str": "returnCode"
    },
    {
      "type": "delete-node",
      "node": {
        "label": "org.eclipse.ui.internal.WorkbenchConfigurationInfo",
        "type": "VARIABLE_TYPE"
      },
      "location-before-char-start": 0,
      "location-before-char-end": 0,
      "node-str": "org.eclipse.ui.internal.WorkbenchConfigurationInfo"
    },
    {
      "type": "delete-node",
      "node": {
        "label": "configurationInfo",
        "type": "Field"
      },
      "location-before-char-start": 4999,
      "location-before-char-end": 5051,
      "node-str": "configurationInfo"
    },
    {
      "type": "delete-node",
      "node": {
        "label": "org.eclipse.jface.util.ListenerList",
        "type": "VARIABLE_TYPE"
      },
      "location-before-char-start": 0,
      "location-before-char-end": 0,
      "node-str": "org.eclipse.jface.util.ListenerList"
    },
    {
      "type": "delete-node",
      "node": {
        "label": "org.eclipse.jface.util.ListenerList()",
        "type": "ConstructorCall"
      },
      "location-before-char-start": 5093,
      "location-before-char-end": 5110,
      "node-str": "org.eclipse.jface.util.ListenerList()"
    },
    {
      "type": "delete-node",
      "node": {
        "label": "windowListeners",
        "type": "Field"
      },
      "location-before-char-start": 5054,
      "location-before-char-end": 5111,
      "node-str": "windowListeners"
    },
    {
      "type": "delete-node",
      "node": {
        "label": "java.lang.String[]",
        "type": "VARIABLE_TYPE"
      },
      "location-before-char-start": 0,
      "location-before-char-end": 0,
      "node-str": "java.lang.String[]"
    },
    {
      "type": "delete-node",
      "node": {
        "label": "commandLineArgs",
        "type": "Field"
      },
      "location-before-char-start": 5114,
      "location-before-char-end": 5146,
      "node-str": "commandLineArgs"
    },
    {
      "type": "delete-node",
      "node": {
        "label": "java.lang.String",
        "type": "VARIABLE_TYPE"
      },
      "location-before-char-start": 0,
      "location-before-char-end": 0,
      "node-str": "java.lang.String"
    },
    {
      "type": "delete-node",
      "node": {
        "label": "final",
        "type": "Modifier"
      },
      "location-before-char-start": 0,
      "location-before-char-end": 0,
      "node-str": "final"
    },
    {
      "type": "delete-node",
      "node": {
        "label": "static",
        "type": "Modifier"
      },
      "location-before-char-start": 0,
      "location-before-char-end": 0,
      "node-str": "static"
    },
    {
      "type": "delete-node",
      "node": {
        "label": "\"workbench.xml\"",
        "type": "Literal"
      },
      "location-before-char-start": 5309,
      "location-before-char-end": 5323,
      "node-str": "\"workbench.xml\""
    },
    {
      "type": "delete-node",
      "node": {
        "label": "DEFAULT_WORKBENCH_STATE_FILENAME",
        "type": "Field"
      },
      "location-before-char-start": 5246,
      "location-before-char-end": 5324,
      "node-str": "DEFAULT_WORKBENCH_STATE_FILENAME"
    },
    {
      "type": "delete-node",
      "node": {
        "label": "int",
        "type": "VARIABLE_TYPE"
      },
      "location-before-char-start": 0,
      "location-before-char-end": 0,
      "node-str": "int"
    },
    {
      "type": "delete-node",
      "node": {
        "label": "final",
        "type": "Modifier"
      },
      "location-before-char-start": 0,
      "location-before-char-end": 0,
      "node-str": "final"
    },
    {
      "type": "delete-node",
      "node": {
        "label": "static",
        "type": "Modifier"
      },
      "location-before-char-start": 0,
      "location-before-char-end": 0,
      "node-str": "static"
    },
    {
      "type": "delete-node",
      "node": {
        "label": "0",
        "type": "Literal"
      },
      "location-before-char-start": 5384,
      "location-before-char-end": 5384,
      "node-str": "0"
    },
    {
      "type": "delete-node",
      "node": {
        "label": "RESTORE_CODE_OK",
        "type": "Field"
      },
      "location-before-char-start": 5341,
      "location-before-char-end": 5385,
      "node-str": "RESTORE_CODE_OK"
    },
    {
      "type": "delete-node",
      "node": {
        "label": "int",
        "type": "VARIABLE_TYPE"
      },
      "location-before-char-start": 0,
      "location-before-char-end": 0,
      "node-str": "int"
    },
    {
      "type": "delete-node",
      "node": {
        "label": "final",
        "type": "Modifier"
      },
      "location-before-char-start": 0,
      "location-before-char-end": 0,
      "node-str": "final"
    },
    {
      "type": "delete-node",
      "node": {
        "label": "static",
        "type": "Modifier"
      },
      "location-before-char-start": 0,
      "location-before-char-end": 0,
      "node-str": "static"
    },
    {
      "type": "delete-node",
      "node": {
        "label": "1",
        "type": "Literal"
      },
      "location-before-char-start": 5434,
      "location-before-char-end": 5434,
      "node-str": "1"
    },
    {
      "type": "delete-node",
      "node": {
        "label": "RESTORE_CODE_RESET",
        "type": "Field"
      },
      "location-before-char-start": 5388,
      "location-before-char-end": 5435,
      "node-str": "RESTORE_CODE_RESET"
    },
    {
      "type": "delete-node",
      "node": {
        "label": "int",
        "type": "VARIABLE_TYPE"
      },
      "location-before-char-start": 0,
      "location-before-char-end": 0,
      "node-str": "int"
    },
    {
      "type": "delete-node",
      "node": {
        "label": "final",
        "type": "Modifier"
      },
      "location-before-char-start": 0,
      "location-before-char-end": 0,
      "node-str": "final"
    },
    {
      "type": "delete-node",
      "node": {
        "label": "static",
        "type": "Modifier"
      },
      "location-before-char-start": 0,
      "location-before-char-end": 0,
      "node-str": "static"
    },
    {
      "type": "delete-node",
      "node": {
        "label": "2",
        "type": "Literal"
      },
      "location-before-char-start": 5483,
      "location-before-char-end": 5483,
      "node-str": "2"
    },
    {
      "type": "delete-node",
      "node": {
        "label": "RESTORE_CODE_EXIT",
        "type": "Field"
      },
      "location-before-char-start": 5438,
      "location-before-char-end": 5484,
      "node-str": "RESTORE_CODE_EXIT"
    },
    {
      "type": "delete-node",
      "node": {
        "label": "java.lang.String",
        "type": "VARIABLE_TYPE"
      },
      "location-before-char-start": 0,
      "location-before-char-end": 0,
      "node-str": "java.lang.String"
    },
    {
      "type": "delete-node",
      "node": {
        "label": "final",
        "type": "Modifier"
      },
      "location-before-char-start": 0,
      "location-before-char-end": 0,
      "node-str": "final"
    },
    {
      "type": "delete-node",
      "node": {
        "label": "protected",
        "type": "Modifier"
      },
      "location-before-char-start": 0,
      "location-before-char-end": 0,
      "node-str": "protected"
    },
    {
      "type": "delete-node",
      "node": {
        "label": "static",
        "type": "Modifier"
      },
      "location-before-char-start": 0,
      "location-before-char-end": 0,
      "node-str": "static"
    },
    {
      "type": "delete-node",
      "node": {
        "label": "\"org.eclipse.ui.internal.dialogs.WelcomeEditor\"",
        "type": "Literal"
      },
      "location-before-char-start": 5537,
      "location-before-char-end": 5583,
      "node-str": "\"org.eclipse.ui.internal.dialogs.WelcomeEditor\""
    },
    {
      "type": "delete-node",
      "node": {
        "label": "WELCOME_EDITOR_ID",
        "type": "Field"
      },
      "location-before-char-start": 5487,
      "location-before-char-end": 5584,
      "node-str": "WELCOME_EDITOR_ID"
    },
    {
      "type": "delete-node",
      "node": {
        "label": "boolean",
        "type": "RETURN_TYPE"
      },
      "location-before-char-start": 0,
      "location-before-char-end": 0,
      "node-str": "boolean"
    },
    {
      "type": "delete-node",
      "node": {
        "label": "boolean",
        "type": "VARIABLE_TYPE"
      },
      "location-before-char-start": 0,
      "location-before-char-end": 0,
      "node-str": "boolean"
    },
    {
      "type": "delete-node",
      "node": {
        "label": "final",
        "type": "Modifier"
      },
      "location-before-char-start": 0,
      "location-before-char-end": 0,
      "node-str": "final"
    },
    {
      "type": "delete-node",
      "node": {
        "label": "force",
        "type": "Parameter"
      },
      "location-before-char-start": 9767,
      "location-before-char-end": 9785,
      "node-str": "force"
    },
    {
      "type": "delete-node",
      "node": {
        "label": "true",
        "type": "Literal"
      },
      "location-before-char-start": 11497,
      "location-before-char-end": 11500,
      "node-str": "true"
    },
    {
      "type": "delete-node",
      "node": {
        "label": "return",
        "type": "Return"
      },
      "location-before-char-start": 11490,
      "location-before-char-end": 11501,
      "node-str": "return"
    },
    {
      "type": "delete-node",
      "node": {
        "label": "boolean",
        "type": "RETURN_TYPE"
      },
      "location-before-char-start": 0,
      "location-before-char-end": 0,
      "node-str": "boolean"
    },
    {
      "type": "delete-node",
      "node": {
        "label": "public",
        "type": "Modifier"
      },
      "location-before-char-start": 0,
      "location-before-char-end": 0,
      "node-str": "public"
    },
    {
      "type": "delete-node",
      "node": {
        "label": "java.lang.Object",
        "type": "VARIABLE_TYPE"
      },
      "location-before-char-start": 0,
      "location-before-char-end": 0,
      "node-str": "java.lang.Object"
    },
    {
      "type": "delete-node",
      "node": {
        "label": "returnCode",
        "type": "Parameter"
      },
      "location-before-char-start": 14382,
      "location-before-char-end": 14398,
      "node-str": "returnCode"
    },
    {
      "type": "delete-node",
      "node": {
        "label": "boolean",
        "type": "VARIABLE_TYPE"
      },
      "location-before-char-start": 0,
      "location-before-char-end": 0,
      "node-str": "boolean"
    },
    {
      "type": "delete-node",
      "node": {
        "label": "final",
        "type": "Modifier"
      },
      "location-before-char-start": 0,
      "location-before-char-end": 0,
      "node-str": "final"
    },
    {
      "type": "delete-node",
      "node": {
        "label": "force",
        "type": "Parameter"
      },
      "location-before-char-start": 14401,
      "location-before-char-end": 14419,
      "node-str": "force"
    },
    {
      "type": "delete-node",
      "node": {
        "label": "org.eclipse.swt.custom.BusyIndicator",
        "type": "TypeAccess"
      },
      "location-before-char-start": 14498,
      "location-before-char-end": 14510,
      "node-str": "org.eclipse.swt.custom.BusyIndicator"
    },
    {
      "type": "delete-node",
      "node": {
        "label": "null",
        "type": "Literal"
      },
      "location-before-char-start": 14522,
      "location-before-char-end": 14525,
      "node-str": "null"
    },
    {
      "type": "delete-node",
      "node": {
        "label": "void",
        "type": "RETURN_TYPE"
      },
      "location-before-char-start": 0,
      "location-before-char-end": 0,
      "node-str": "void"
    },
    {
      "type": "delete-node",
      "node": {
        "label": "public",
        "type": "Modifier"
      },
      "location-before-char-start": 0,
      "location-before-char-end": 0,
      "node-str": "public"
    },
    {
      "type": "delete-node",
      "node": {
        "label": "ret",
        "type": "VariableRead"
      },
      "location-before-char-start": 14572,
      "location-before-char-end": 14574,
      "node-str": "ret"
    },
    {
      "type": "delete-node",
      "node": {
        "label": "0",
        "type": "Literal"
      },
      "location-before-char-start": 14576,
      "location-before-char-end": 14576,
      "node-str": "0"
    },
    {
      "type": "delete-node",
      "node": {
        "label": "",
        "type": "ArrayWrite"
      },
      "location-before-char-start": 14572,
      "location-before-char-end": 14577,
      "node-str": ""
    },
    {
      "type": "delete-node",
      "node": {
        "label": "org.eclipse.ui.internal.Workbench$6",
        "type": "TypeAccess"
      },
      "location-before-char-start": 0,
      "location-before-char-end": 0,
      "node-str": "org.eclipse.ui.internal.Workbench$6"
    },
    {
      "type": "delete-node",
      "node": {
        "label": "force",
        "type": "VariableRead"
      },
      "location-before-char-start": 14591,
      "location-before-char-end": 14595,
      "node-str": "force"
    },
    {
      "type": "delete-node",
      "node": {
        "label": "busyClose",
        "type": "Invocation"
      },
      "location-before-char-start": 14581,
      "location-before-char-end": 14596,
      "node-str": "busyClose"
    },
    {
      "type": "delete-node",
      "node": {
        "label": "\u003d",
        "type": "Assignment"
      },
      "location-before-char-start": 14572,
      "location-before-char-end": 14597,
      "node-str": "\u003d"
    },
    {
      "type": "delete-node",
      "node": {
        "label": "run",
        "type": "Method"
      },
      "location-before-char-start": 14548,
      "location-before-char-end": 14602,
      "node-str": "run"
    },
    {
      "type": "delete-node",
      "node": {
        "label": "6",
        "type": "Class"
      },
      "location-before-char-start": 14543,
      "location-before-char-end": 14606,
      "node-str": "6"
    },
    {
      "type": "delete-node",
      "node": {
        "label": "org.eclipse.ui.internal.Workbench$6()",
        "type": "NewClass"
      },
      "location-before-char-start": 14528,
      "location-before-char-end": 14606,
      "node-str": "org.eclipse.ui.internal.Workbench$6()"
    },
    {
      "type": "delete-node",
      "node": {
        "label": "showWhile",
        "type": "Invocation"
      },
      "location-before-char-start": 14498,
      "location-before-char-end": 14608,
      "node-str": "showWhile"
    },
    {
      "type": "delete-node",
      "node": {
        "label": "close",
        "type": "Method"
      },
      "location-before-char-start": 14272,
      "location-before-char-end": 14628,
      "node-str": "close"
    },
    {
      "type": "delete-node",
      "node": {
        "label": "void",
        "type": "RETURN_TYPE"
      },
      "location-before-char-start": 0,
      "location-before-char-end": 0,
      "node-str": "void"
    },
    {
      "type": "delete-node",
      "node": {
        "label": "connectToWorkspace",
        "type": "Method"
      },
      "location-before-char-start": 14894,
      "location-before-char-end": 15006,
      "node-str": "connectToWorkspace"
    },
    {
      "type": "delete-node",
      "node": {
        "label": "int",
        "type": "RETURN_TYPE"
      },
      "location-before-char-start": 0,
      "location-before-char-end": 0,
      "node-str": "int"
    },
    {
      "type": "delete-node",
      "node": {
        "label": "org.eclipse.ui.IWorkbenchWindow",
        "type": "RETURN_TYPE"
      },
      "location-before-char-start": 0,
      "location-before-char-end": 0,
      "node-str": "org.eclipse.ui.IWorkbenchWindow"
    },
    {
      "type": "delete-node",
      "node": {
        "label": "org.eclipse.ui.WorkbenchException",
        "type": "THROWS"
      },
      "location-before-char-start": 0,
      "location-before-char-end": 0,
      "node-str": "org.eclipse.ui.WorkbenchException"
    },
    {
      "type": "delete-node",
      "node": {
        "label": "public",
        "type": "Modifier"
      },
      "location-before-char-start": 0,
      "location-before-char-end": 0,
      "node-str": "public"
    },
    {
      "type": "delete-node",
      "node": {
        "label": "java.lang.String",
        "type": "VARIABLE_TYPE"
      },
      "location-before-char-start": 0,
      "location-before-char-end": 0,
      "node-str": "java.lang.String"
    },
    {
      "type": "delete-node",
      "node": {
        "label": "final",
        "type": "Modifier"
      },
      "location-before-char-start": 0,
      "location-before-char-end": 0,
      "node-str": "final"
    },
    {
      "type": "delete-node",
      "node": {
        "label": "perspID",
        "type": "Parameter"
      },
      "location-before-char-start": 34130,
      "location-before-char-end": 34149,
      "node-str": "perspID"
    },
    {
      "type": "delete-node",
      "node": {
        "label": "org.eclipse.core.runtime.IAdaptable",
        "type": "VARIABLE_TYPE"
      },
      "location-before-char-start": 0,
      "location-before-char-end": 0,
      "node-str": "org.eclipse.core.runtime.IAdaptable"
    },
    {
      "type": "delete-node",
      "node": {
        "label": "final",
        "type": "Modifier"
      },
      "location-before-char-start": 0,
      "location-before-char-end": 0,
      "node-str": "final"
    },
    {
      "type": "delete-node",
      "node": {
        "label": "input",
        "type": "Parameter"
      },
      "location-before-char-start": 34152,
      "location-before-char-end": 34173,
      "node-str": "input"
    },
    {
      "type": "delete-node",
      "node": {
        "label": "org.eclipse.swt.custom.BusyIndicator",
        "type": "TypeAccess"
      },
      "location-before-char-start": 34275,
      "location-before-char-end": 34287,
      "node-str": "org.eclipse.swt.custom.BusyIndicator"
    },
    {
      "type": "delete-node",
      "node": {
        "label": "null",
        "type": "Literal"
      },
      "location-before-char-start": 34299,
      "location-before-char-end": 34302,
      "node-str": "null"
    },
    {
      "type": "delete-node",
      "node": {
        "label": "void",
        "type": "RETURN_TYPE"
      },
      "location-before-char-start": 0,
      "location-before-char-end": 0,
      "node-str": "void"
    },
    {
      "type": "delete-node",
      "node": {
        "label": "public",
        "type": "Modifier"
      },
      "location-before-char-start": 0,
      "location-before-char-end": 0,
      "node-str": "public"
    },
    {
      "type": "delete-node",
      "node": {
        "label": "result",
        "type": "VariableRead"
      },
      "location-before-char-start": 34360,
      "location-before-char-end": 34365,
      "node-str": "result"
    },
    {
      "type": "delete-node",
      "node": {
        "label": "0",
        "type": "Literal"
      },
      "location-before-char-start": 34367,
      "location-before-char-end": 34367,
      "node-str": "0"
    },
    {
      "type": "delete-node",
      "node": {
        "label": "",
        "type": "ArrayWrite"
      },
      "location-before-char-start": 34360,
      "location-before-char-end": 34368,
      "node-str": ""
    },
    {
      "type": "delete-node",
      "node": {
        "label": "org.eclipse.ui.internal.Workbench$10",
        "type": "TypeAccess"
      },
      "location-before-char-start": 0,
      "location-before-char-end": 0,
      "node-str": "org.eclipse.ui.internal.Workbench$10"
    },
    {
      "type": "delete-node",
      "node": {
        "label": "perspID",
        "type": "VariableRead"
      },
      "location-before-char-start": 34396,
      "location-before-char-end": 34402,
      "node-str": "perspID"
    },
    {
      "type": "delete-node",
      "node": {
        "label": "input",
        "type": "VariableRead"
      },
      "location-before-char-start": 34405,
      "location-before-char-end": 34409,
      "node-str": "input"
    },
    {
      "type": "delete-node",
      "node": {
        "label": "busyOpenWorkbenchWindow",
        "type": "Invocation"
      },
      "location-before-char-start": 34372,
      "location-before-char-end": 34410,
      "node-str": "busyOpenWorkbenchWindow"
    },
    {
      "type": "delete-node",
      "node": {
        "label": "\u003d",
        "type": "Assignment"
      },
      "location-before-char-start": 34360,
      "location-before-char-end": 34411,
      "node-str": "\u003d"
    },
    {
      "type": "delete-node",
      "node": {
        "label": "",
        "type": "Try"
      },
      "location-before-char-start": 34349,
      "location-before-char-end": 34474,
      "node-str": ""
    },
    {
      "type": "delete-node",
      "node": {
        "label": "run",
        "type": "Method"
      },
      "location-before-char-start": 34325,
      "location-before-char-end": 34479,
      "node-str": "run"
    },
    {
      "type": "delete-node",
      "node": {
        "label": "10",
        "type": "Class"
      },
      "location-before-char-start": 34320,
      "location-before-char-end": 34483,
      "node-str": "10"
    },
    {
      "type": "delete-node",
      "node": {
        "label": "org.eclipse.ui.internal.Workbench$10()",
        "type": "NewClass"
      },
      "location-before-char-start": 34305,
      "location-before-char-end": 34483,
      "node-str": "org.eclipse.ui.internal.Workbench$10()"
    },
    {
      "type": "delete-node",
      "node": {
        "label": "showWhile",
        "type": "Invocation"
      },
      "location-before-char-start": 34275,
      "location-before-char-end": 34485,
      "node-str": "showWhile"
    },
    {
      "type": "delete-node",
      "node": {
        "label": "openWorkbenchWindow",
        "type": "Method"
      },
      "location-before-char-start": 34005,
      "location-before-char-end": 34779,
      "node-str": "openWorkbenchWindow"
    }
  ],
  "before-file": {},
  "after-file": {},
  "mapping": {}
}