{
  "tool-info": {},
  "diff": [
    {
      "type": "insert-node",
      "node": {
        "label": "",
        "type": "ImportDeclaration"
      },
      "location-after-char-start": 26,
      "location-after-char-end": 54,
      "node-str": ""
    },
    {
      "type": "insert-node",
      "node": {
        "label": "java.util.Collection",
        "type": "QualifiedName"
      },
      "location-after-char-start": 33,
      "location-after-char-end": 53,
      "node-str": "java.util.Collection"
    },
    {
      "type": "insert-node",
      "node": {
        "label": "",
        "type": "TypeDeclaration"
      },
      "location-after-char-start": 9506,
      "location-after-char-end": 9767,
      "node-str": ""
    },
    {
      "type": "insert-node",
      "node": {
        "label": "",
        "type": "MethodDeclaration"
      },
      "location-after-char-start": 9771,
      "location-after-char-end": 9952,
      "node-str": ""
    },
    {
      "type": "insert-node",
      "node": {
        "label": "",
        "type": "TypeDeclaration"
      },
      "location-after-char-start": 9956,
      "location-after-char-end": 10180,
      "node-str": ""
    },
    {
      "type": "insert-node",
      "node": {
        "label": "",
        "type": "MethodDeclaration"
      },
      "location-after-char-start": 10184,
      "location-after-char-end": 10430,
      "node-str": ""
    },
    {
      "type": "insert-node",
      "node": {
        "label": "",
        "type": "TypeDeclaration"
      },
      "location-after-char-start": 10434,
      "location-after-char-end": 10737,
      "node-str": ""
    },
    {
      "type": "insert-node",
      "node": {
        "label": "",
        "type": "MethodDeclaration"
      },
      "location-after-char-start": 10741,
      "location-after-char-end": 10934,
      "node-str": ""
    },
    {
      "type": "insert-node",
      "node": {
        "label": "",
        "type": "TypeDeclaration"
      },
      "location-after-char-start": 10938,
      "location-after-char-end": 11192,
      "node-str": ""
    },
    {
      "type": "insert-node",
      "node": {
        "label": "",
        "type": "MethodDeclaration"
      },
      "location-after-char-start": 11196,
      "location-after-char-end": 11454,
      "node-str": ""
    },
    {
      "type": "insert-node",
      "node": {
        "label": "static",
        "type": "Modifier"
      },
      "location-after-char-start": 9506,
      "location-after-char-end": 9512,
      "node-str": "static"
    },
    {
      "type": "insert-node",
      "node": {
        "label": "public",
        "type": "Modifier"
      },
      "location-after-char-start": 9513,
      "location-after-char-end": 9519,
      "node-str": "public"
    },
    {
      "type": "insert-node",
      "node": {
        "label": "class",
        "type": "TYPE_DECLARATION_KIND"
      },
      "location-after-char-start": 9520,
      "location-after-char-end": 9525,
      "node-str": "class"
    },
    {
      "type": "insert-node",
      "node": {
        "label": "RunAllAfters",
        "type": "SimpleName"
      },
      "location-after-char-start": 9526,
      "location-after-char-end": 9538,
      "node-str": "RunAllAfters"
    },
    {
      "type": "insert-node",
      "node": {
        "label": "",
        "type": "MethodDeclaration"
      },
      "location-after-char-start": 9543,
      "location-after-char-end": 9575,
      "node-str": ""
    },
    {
      "type": "insert-node",
      "node": {
        "label": "",
        "type": "MethodDeclaration"
      },
      "location-after-char-start": 9578,
      "location-after-char-end": 9631,
      "node-str": ""
    },
    {
      "type": "insert-node",
      "node": {
        "label": "",
        "type": "MethodDeclaration"
      },
      "location-after-char-start": 9634,
      "location-after-char-end": 9665,
      "node-str": ""
    },
    {
      "type": "insert-node",
      "node": {
        "label": "",
        "type": "MethodDeclaration"
      },
      "location-after-char-start": 9668,
      "location-after-char-end": 9714,
      "node-str": ""
    },
    {
      "type": "insert-node",
      "node": {
        "label": "",
        "type": "MethodDeclaration"
      },
      "location-after-char-start": 9717,
      "location-after-char-end": 9764,
      "node-str": ""
    },
    {
      "type": "insert-node",
      "node": {
        "label": "public",
        "type": "Modifier"
      },
      "location-after-char-start": 9771,
      "location-after-char-end": 9777,
      "node-str": "public"
    },
    {
      "type": "insert-node",
      "node": {
        "label": "void",
        "type": "PrimitiveType"
      },
      "location-after-char-start": 9778,
      "location-after-char-end": 9782,
      "node-str": "void"
    },
    {
      "type": "insert-node",
      "node": {
        "label": "testRunAllAfters",
        "type": "SimpleName"
      },
      "location-after-char-start": 9783,
      "location-after-char-end": 9799,
      "node-str": "testRunAllAfters"
    },
    {
      "type": "insert-node",
      "node": {
        "label": "",
        "type": "Block"
      },
      "location-after-char-start": 9802,
      "location-after-char-end": 9952,
      "node-str": ""
    },
    {
      "type": "insert-node",
      "node": {
        "label": "static",
        "type": "Modifier"
      },
      "location-after-char-start": 9956,
      "location-after-char-end": 9962,
      "node-str": "static"
    },
    {
      "type": "insert-node",
      "node": {
        "label": "public",
        "type": "Modifier"
      },
      "location-after-char-start": 9963,
      "location-after-char-end": 9969,
      "node-str": "public"
    },
    {
      "type": "insert-node",
      "node": {
        "label": "class",
        "type": "TYPE_DECLARATION_KIND"
      },
      "location-after-char-start": 9970,
      "location-after-char-end": 9975,
      "node-str": "class"
    },
    {
      "type": "insert-node",
      "node": {
        "label": "RunAllAftersRegardless",
        "type": "SimpleName"
      },
      "location-after-char-start": 9976,
      "location-after-char-end": 9998,
      "node-str": "RunAllAftersRegardless"
    },
    {
      "type": "insert-node",
      "node": {
        "label": "",
        "type": "MethodDeclaration"
      },
      "location-after-char-start": 10003,
      "location-after-char-end": 10034,
      "node-str": ""
    },
    {
      "type": "insert-node",
      "node": {
        "label": "",
        "type": "MethodDeclaration"
      },
      "location-after-char-start": 10037,
      "location-after-char-end": 10105,
      "node-str": ""
    },
    {
      "type": "insert-node",
      "node": {
        "label": "",
        "type": "MethodDeclaration"
      },
      "location-after-char-start": 10108,
      "location-after-char-end": 10177,
      "node-str": ""
    },
    {
      "type": "insert-node",
      "node": {
        "label": "public",
        "type": "Modifier"
      },
      "location-after-char-start": 10184,
      "location-after-char-end": 10190,
      "node-str": "public"
    },
    {
      "type": "insert-node",
      "node": {
        "label": "void",
        "type": "PrimitiveType"
      },
      "location-after-char-start": 10191,
      "location-after-char-end": 10195,
      "node-str": "void"
    },
    {
      "type": "insert-node",
      "node": {
        "label": "testRunAllAftersRegardless",
        "type": "SimpleName"
      },
      "location-after-char-start": 10196,
      "location-after-char-end": 10222,
      "node-str": "testRunAllAftersRegardless"
    },
    {
      "type": "insert-node",
      "node": {
        "label": "",
        "type": "Block"
      },
      "location-after-char-start": 10225,
      "location-after-char-end": 10430,
      "node-str": ""
    },
    {
      "type": "insert-node",
      "node": {
        "label": "static",
        "type": "Modifier"
      },
      "location-after-char-start": 10434,
      "location-after-char-end": 10440,
      "node-str": "static"
    },
    {
      "type": "insert-node",
      "node": {
        "label": "public",
        "type": "Modifier"
      },
      "location-after-char-start": 10441,
      "location-after-char-end": 10447,
      "node-str": "public"
    },
    {
      "type": "insert-node",
      "node": {
        "label": "class",
        "type": "TYPE_DECLARATION_KIND"
      },
      "location-after-char-start": 10448,
      "location-after-char-end": 10453,
      "node-str": "class"
    },
    {
      "type": "insert-node",
      "node": {
        "label": "RunAllAfterClasses",
        "type": "SimpleName"
      },
      "location-after-char-start": 10454,
      "location-after-char-end": 10472,
      "node-str": "RunAllAfterClasses"
    },
    {
      "type": "insert-node",
      "node": {
        "label": "",
        "type": "MethodDeclaration"
      },
      "location-after-char-start": 10477,
      "location-after-char-end": 10509,
      "node-str": ""
    },
    {
      "type": "insert-node",
      "node": {
        "label": "",
        "type": "MethodDeclaration"
      },
      "location-after-char-start": 10512,
      "location-after-char-end": 10577,
      "node-str": ""
    },
    {
      "type": "insert-node",
      "node": {
        "label": "",
        "type": "MethodDeclaration"
      },
      "location-after-char-start": 10580,
      "location-after-char-end": 10611,
      "node-str": ""
    },
    {
      "type": "insert-node",
      "node": {
        "label": "",
        "type": "MethodDeclaration"
      },
      "location-after-char-start": 10614,
      "location-after-char-end": 10672,
      "node-str": ""
    },
    {
      "type": "move-subtree",
      "node": {
        "label": "",
        "type": "MethodDeclaration"
      },
      "location-before-char-start": 6713,
      "location-before-char-end": 6771,
      "location-after-char-start": 10675,
      "location-after-char-end": 10734,
      "node-str": ""
    },
    {
      "type": "insert-node",
      "node": {
        "label": "public",
        "type": "Modifier"
      },
      "location-after-char-start": 10741,
      "location-after-char-end": 10747,
      "node-str": "public"
    },
    {
      "type": "insert-node",
      "node": {
        "label": "void",
        "type": "PrimitiveType"
      },
      "location-after-char-start": 10748,
      "location-after-char-end": 10752,
      "node-str": "void"
    },
    {
      "type": "insert-node",
      "node": {
        "label": "testRunAllAfterClasses",
        "type": "SimpleName"
      },
      "location-after-char-start": 10753,
      "location-after-char-end": 10775,
      "node-str": "testRunAllAfterClasses"
    },
    {
      "type": "insert-node",
      "node": {
        "label": "",
        "type": "Block"
      },
      "location-after-char-start": 10778,
      "location-after-char-end": 10934,
      "node-str": ""
    },
    {
      "type": "insert-node",
      "node": {
        "label": "static",
        "type": "Modifier"
      },
      "location-after-char-start": 10938,
      "location-after-char-end": 10944,
      "node-str": "static"
    },
    {
      "type": "insert-node",
      "node": {
        "label": "public",
        "type": "Modifier"
      },
      "location-after-char-start": 10945,
      "location-after-char-end": 10951,
      "node-str": "public"
    },
    {
      "type": "insert-node",
      "node": {
        "label": "class",
        "type": "TYPE_DECLARATION_KIND"
      },
      "location-after-char-start": 10952,
      "location-after-char-end": 10957,
      "node-str": "class"
    },
    {
      "type": "insert-node",
      "node": {
        "label": "RunAllAfterClassesRegardless",
        "type": "SimpleName"
      },
      "location-after-char-start": 10958,
      "location-after-char-end": 10986,
      "node-str": "RunAllAfterClassesRegardless"
    },
    {
      "type": "insert-node",
      "node": {
        "label": "",
        "type": "MethodDeclaration"
      },
      "location-after-char-start": 10991,
      "location-after-char-end": 11022,
      "node-str": ""
    },
    {
      "type": "insert-node",
      "node": {
        "label": "",
        "type": "MethodDeclaration"
      },
      "location-after-char-start": 11025,
      "location-after-char-end": 11105,
      "node-str": ""
    },
    {
      "type": "insert-node",
      "node": {
        "label": "",
        "type": "MethodDeclaration"
      },
      "location-after-char-start": 11108,
      "location-after-char-end": 11189,
      "node-str": ""
    },
    {
      "type": "insert-node",
      "node": {
        "label": "public",
        "type": "Modifier"
      },
      "location-after-char-start": 11196,
      "location-after-char-end": 11202,
      "node-str": "public"
    },
    {
      "type": "insert-node",
      "node": {
        "label": "void",
        "type": "PrimitiveType"
      },
      "location-after-char-start": 11203,
      "location-after-char-end": 11207,
      "node-str": "void"
    },
    {
      "type": "insert-node",
      "node": {
        "label": "testRunAllAfterClassesRegardless",
        "type": "SimpleName"
      },
      "location-after-char-start": 11208,
      "location-after-char-end": 11240,
      "node-str": "testRunAllAfterClassesRegardless"
    },
    {
      "type": "insert-node",
      "node": {
        "label": "",
        "type": "Block"
      },
      "location-after-char-start": 11243,
      "location-after-char-end": 11454,
      "node-str": ""
    },
    {
      "type": "insert-node",
      "node": {
        "label": "",
        "type": "MarkerAnnotation"
      },
      "location-after-char-start": 9543,
      "location-after-char-end": 9550,
      "node-str": ""
    },
    {
      "type": "insert-node",
      "node": {
        "label": "public",
        "type": "Modifier"
      },
      "location-after-char-start": 9551,
      "location-after-char-end": 9557,
      "node-str": "public"
    },
    {
      "type": "insert-node",
      "node": {
        "label": "void",
        "type": "PrimitiveType"
      },
      "location-after-char-start": 9558,
      "location-after-char-end": 9562,
      "node-str": "void"
    },
    {
      "type": "insert-node",
      "node": {
        "label": "good",
        "type": "SimpleName"
      },
      "location-after-char-start": 9563,
      "location-after-char-end": 9567,
      "node-str": "good"
    },
    {
      "type": "insert-node",
      "node": {
        "label": "",
        "type": "Block"
      },
      "location-after-char-start": 9570,
      "location-after-char-end": 9575,
      "node-str": ""
    },
    {
      "type": "insert-node",
      "node": {
        "label": "",
        "type": "MarkerAnnotation"
      },
      "location-after-char-start": 9578,
      "location-after-char-end": 9585,
      "node-str": ""
    },
    {
      "type": "insert-node",
      "node": {
        "label": "public",
        "type": "Modifier"
      },
      "location-after-char-start": 9586,
      "location-after-char-end": 9592,
      "node-str": "public"
    },
    {
      "type": "insert-node",
      "node": {
        "label": "void",
        "type": "PrimitiveType"
      },
      "location-after-char-start": 9593,
      "location-after-char-end": 9597,
      "node-str": "void"
    },
    {
      "type": "insert-node",
      "node": {
        "label": "bad",
        "type": "SimpleName"
      },
      "location-after-char-start": 9598,
      "location-after-char-end": 9601,
      "node-str": "bad"
    },
    {
      "type": "insert-node",
      "node": {
        "label": "",
        "type": "Block"
      },
      "location-after-char-start": 9604,
      "location-after-char-end": 9631,
      "node-str": ""
    },
    {
      "type": "insert-node",
      "node": {
        "label": "",
        "type": "MarkerAnnotation"
      },
      "location-after-char-start": 9634,
      "location-after-char-end": 9639,
      "node-str": ""
    },
    {
      "type": "insert-node",
      "node": {
        "label": "public",
        "type": "Modifier"
      },
      "location-after-char-start": 9640,
      "location-after-char-end": 9646,
      "node-str": "public"
    },
    {
      "type": "insert-node",
      "node": {
        "label": "void",
        "type": "PrimitiveType"
      },
      "location-after-char-start": 9647,
      "location-after-char-end": 9651,
      "node-str": "void"
    },
    {
      "type": "insert-node",
      "node": {
        "label": "empty",
        "type": "SimpleName"
      },
      "location-after-char-start": 9652,
      "location-after-char-end": 9657,
      "node-str": "empty"
    },
    {
      "type": "insert-node",
      "node": {
        "label": "",
        "type": "Block"
      },
      "location-after-char-start": 9660,
      "location-after-char-end": 9665,
      "node-str": ""
    },
    {
      "type": "insert-node",
      "node": {
        "label": "",
        "type": "MarkerAnnotation"
      },
      "location-after-char-start": 9668,
      "location-after-char-end": 9674,
      "node-str": ""
    },
    {
      "type": "move-subtree",
      "node": {
        "label": "public",
        "type": "Modifier"
      },
      "location-before-char-start": 1747,
      "location-before-char-end": 1753,
      "location-after-char-start": 9675,
      "location-after-char-end": 9681,
      "node-str": "public"
    },
    {
      "type": "move-subtree",
      "node": {
        "label": "void",
        "type": "PrimitiveType"
      },
      "location-before-char-start": 1754,
      "location-before-char-end": 1758,
      "location-after-char-start": 9682,
      "location-after-char-end": 9686,
      "node-str": "void"
    },
    {
      "type": "insert-node",
      "node": {
        "label": "one",
        "type": "SimpleName"
      },
      "location-after-char-start": 9687,
      "location-after-char-end": 9690,
      "node-str": "one"
    },
    {
      "type": "insert-node",
      "node": {
        "label": "",
        "type": "Block"
      },
      "location-after-char-start": 9693,
      "location-after-char-end": 9714,
      "node-str": ""
    },
    {
      "type": "move-subtree",
      "node": {
        "label": "",
        "type": "MarkerAnnotation"
      },
      "location-before-char-start": 1740,
      "location-before-char-end": 1746,
      "location-after-char-start": 9717,
      "location-after-char-end": 9723,
      "node-str": ""
    },
    {
      "type": "move-subtree",
      "node": {
        "label": "public",
        "type": "Modifier"
      },
      "location-before-char-start": 6725,
      "location-before-char-end": 6731,
      "location-after-char-start": 9724,
      "location-after-char-end": 9730,
      "node-str": "public"
    },
    {
      "type": "move-subtree",
      "node": {
        "label": "void",
        "type": "PrimitiveType"
      },
      "location-before-char-start": 6739,
      "location-before-char-end": 6743,
      "location-after-char-start": 9731,
      "location-after-char-end": 9735,
      "node-str": "void"
    },
    {
      "type": "insert-node",
      "node": {
        "label": "two",
        "type": "SimpleName"
      },
      "location-after-char-start": 9737,
      "location-after-char-end": 9740,
      "node-str": "two"
    },
    {
      "type": "insert-node",
      "node": {
        "label": "",
        "type": "Block"
      },
      "location-after-char-start": 9743,
      "location-after-char-end": 9764,
      "node-str": ""
    },
    {
      "type": "insert-node",
      "node": {
        "label": "",
        "type": "ExpressionStatement"
      },
      "location-after-char-start": 9806,
      "location-after-char-end": 9814,
      "node-str": ""
    },
    {
      "type": "insert-node",
      "node": {
        "label": "",
        "type": "VariableDeclarationStatement"
      },
      "location-after-char-start": 9817,
      "location-after-char-end": 9845,
      "node-str": ""
    },
    {
      "type": "insert-node",
      "node": {
        "label": "",
        "type": "ExpressionStatement"
      },
      "location-after-char-start": 9848,
      "location-after-char-end": 9879,
      "node-str": ""
    },
    {
      "type": "insert-node",
      "node": {
        "label": "",
        "type": "ExpressionStatement"
      },
      "location-after-char-start": 9882,
      "location-after-char-end": 9914,
      "node-str": ""
    },
    {
      "type": "insert-node",
      "node": {
        "label": "",
        "type": "ExpressionStatement"
      },
      "location-after-char-start": 9917,
      "location-after-char-end": 9949,
      "node-str": ""
    },
    {
      "type": "insert-node",
      "node": {
        "label": "",
        "type": "MarkerAnnotation"
      },
      "location-after-char-start": 10003,
      "location-after-char-end": 10008,
      "node-str": ""
    },
    {
      "type": "insert-node",
      "node": {
        "label": "public",
        "type": "Modifier"
      },
      "location-after-char-start": 10009,
      "location-after-char-end": 10015,
      "node-str": "public"
    },
    {
      "type": "insert-node",
      "node": {
        "label": "void",
        "type": "PrimitiveType"
      },
      "location-after-char-start": 10016,
      "location-after-char-end": 10020,
      "node-str": "void"
    },
    {
      "type": "insert-node",
      "node": {
        "label": "empty",
        "type": "SimpleName"
      },
      "location-after-char-start": 10021,
      "location-after-char-end": 10026,
      "node-str": "empty"
    },
    {
      "type": "insert-node",
      "node": {
        "label": "",
        "type": "Block"
      },
      "location-after-char-start": 10029,
      "location-after-char-end": 10034,
      "node-str": ""
    },
    {
      "type": "insert-node",
      "node": {
        "label": "",
        "type": "MarkerAnnotation"
      },
      "location-after-char-start": 10037,
      "location-after-char-end": 10043,
      "node-str": ""
    },
    {
      "type": "insert-node",
      "node": {
        "label": "public",
        "type": "Modifier"
      },
      "location-after-char-start": 10044,
      "location-after-char-end": 10050,
      "node-str": "public"
    },
    {
      "type": "insert-node",
      "node": {
        "label": "void",
        "type": "PrimitiveType"
      },
      "location-after-char-start": 10051,
      "location-after-char-end": 10055,
      "node-str": "void"
    },
    {
      "type": "insert-node",
      "node": {
        "label": "one",
        "type": "SimpleName"
      },
      "location-after-char-start": 10056,
      "location-after-char-end": 10059,
      "node-str": "one"
    },
    {
      "type": "insert-node",
      "node": {
        "label": "",
        "type": "Block"
      },
      "location-after-char-start": 10062,
      "location-after-char-end": 10105,
      "node-str": ""
    },
    {
      "type": "insert-node",
      "node": {
        "label": "",
        "type": "MarkerAnnotation"
      },
      "location-after-char-start": 10108,
      "location-after-char-end": 10114,
      "node-str": ""
    },
    {
      "type": "insert-node",
      "node": {
        "label": "public",
        "type": "Modifier"
      },
      "location-after-char-start": 10115,
      "location-after-char-end": 10121,
      "node-str": "public"
    },
    {
      "type": "insert-node",
      "node": {
        "label": "void",
        "type": "PrimitiveType"
      },
      "location-after-char-start": 10122,
      "location-after-char-end": 10126,
      "node-str": "void"
    },
    {
      "type": "insert-node",
      "node": {
        "label": "two",
        "type": "SimpleName"
      },
      "location-after-char-start": 10128,
      "location-after-char-end": 10131,
      "node-str": "two"
    },
    {
      "type": "insert-node",
      "node": {
        "label": "",
        "type": "Block"
      },
      "location-after-char-start": 10134,
      "location-after-char-end": 10177,
      "node-str": ""
    },
    {
      "type": "insert-node",
      "node": {
        "label": "",
        "type": "ExpressionStatement"
      },
      "location-after-char-start": 10229,
      "location-after-char-end": 10237,
      "node-str": ""
    },
    {
      "type": "insert-node",
      "node": {
        "label": "",
        "type": "VariableDeclarationStatement"
      },
      "location-after-char-start": 10240,
      "location-after-char-end": 10268,
      "node-str": ""
    },
    {
      "type": "insert-node",
      "node": {
        "label": "",
        "type": "ExpressionStatement"
      },
      "location-after-char-start": 10271,
      "location-after-char-end": 10312,
      "node-str": ""
    },
    {
      "type": "insert-node",
      "node": {
        "label": "",
        "type": "ExpressionStatement"
      },
      "location-after-char-start": 10315,
      "location-after-char-end": 10347,
      "node-str": ""
    },
    {
      "type": "insert-node",
      "node": {
        "label": "",
        "type": "ExpressionStatement"
      },
      "location-after-char-start": 10350,
      "location-after-char-end": 10382,
      "node-str": ""
    },
    {
      "type": "insert-node",
      "node": {
        "label": "",
        "type": "ExpressionStatement"
      },
      "location-after-char-start": 10385,
      "location-after-char-end": 10427,
      "node-str": ""
    },
    {
      "type": "insert-node",
      "node": {
        "label": "",
        "type": "MarkerAnnotation"
      },
      "location-after-char-start": 10477,
      "location-after-char-end": 10484,
      "node-str": ""
    },
    {
      "type": "insert-node",
      "node": {
        "label": "public",
        "type": "Modifier"
      },
      "location-after-char-start": 10485,
      "location-after-char-end": 10491,
      "node-str": "public"
    },
    {
      "type": "insert-node",
      "node": {
        "label": "void",
        "type": "PrimitiveType"
      },
      "location-after-char-start": 10492,
      "location-after-char-end": 10496,
      "node-str": "void"
    },
    {
      "type": "insert-node",
      "node": {
        "label": "good",
        "type": "SimpleName"
      },
      "location-after-char-start": 10497,
      "location-after-char-end": 10501,
      "node-str": "good"
    },
    {
      "type": "insert-node",
      "node": {
        "label": "",
        "type": "Block"
      },
      "location-after-char-start": 10504,
      "location-after-char-end": 10509,
      "node-str": ""
    },
    {
      "type": "insert-node",
      "node": {
        "label": "",
        "type": "MarkerAnnotation"
      },
      "location-after-char-start": 10512,
      "location-after-char-end": 10524,
      "node-str": ""
    },
    {
      "type": "insert-node",
      "node": {
        "label": "public",
        "type": "Modifier"
      },
      "location-after-char-start": 10525,
      "location-after-char-end": 10531,
      "node-str": "public"
    },
    {
      "type": "insert-node",
      "node": {
        "label": "static",
        "type": "Modifier"
      },
      "location-after-char-start": 10532,
      "location-after-char-end": 10538,
      "node-str": "static"
    },
    {
      "type": "insert-node",
      "node": {
        "label": "void",
        "type": "PrimitiveType"
      },
      "location-after-char-start": 10539,
      "location-after-char-end": 10543,
      "node-str": "void"
    },
    {
      "type": "insert-node",
      "node": {
        "label": "bad",
        "type": "SimpleName"
      },
      "location-after-char-start": 10544,
      "location-after-char-end": 10547,
      "node-str": "bad"
    },
    {
      "type": "insert-node",
      "node": {
        "label": "",
        "type": "Block"
      },
      "location-after-char-start": 10550,
      "location-after-char-end": 10577,
      "node-str": ""
    },
    {
      "type": "insert-node",
      "node": {
        "label": "",
        "type": "MarkerAnnotation"
      },
      "location-after-char-start": 10580,
      "location-after-char-end": 10585,
      "node-str": ""
    },
    {
      "type": "insert-node",
      "node": {
        "label": "public",
        "type": "Modifier"
      },
      "location-after-char-start": 10586,
      "location-after-char-end": 10592,
      "node-str": "public"
    },
    {
      "type": "insert-node",
      "node": {
        "label": "void",
        "type": "PrimitiveType"
      },
      "location-after-char-start": 10593,
      "location-after-char-end": 10597,
      "node-str": "void"
    },
    {
      "type": "insert-node",
      "node": {
        "label": "empty",
        "type": "SimpleName"
      },
      "location-after-char-start": 10598,
      "location-after-char-end": 10603,
      "node-str": "empty"
    },
    {
      "type": "insert-node",
      "node": {
        "label": "",
        "type": "Block"
      },
      "location-after-char-start": 10606,
      "location-after-char-end": 10611,
      "node-str": ""
    },
    {
      "type": "insert-node",
      "node": {
        "label": "",
        "type": "MarkerAnnotation"
      },
      "location-after-char-start": 10614,
      "location-after-char-end": 10625,
      "node-str": ""
    },
    {
      "type": "insert-node",
      "node": {
        "label": "public",
        "type": "Modifier"
      },
      "location-after-char-start": 10626,
      "location-after-char-end": 10632,
      "node-str": "public"
    },
    {
      "type": "insert-node",
      "node": {
        "label": "static",
        "type": "Modifier"
      },
      "location-after-char-start": 10633,
      "location-after-char-end": 10639,
      "node-str": "static"
    },
    {
      "type": "insert-node",
      "node": {
        "label": "void",
        "type": "PrimitiveType"
      },
      "location-after-char-start": 10640,
      "location-after-char-end": 10644,
      "node-str": "void"
    },
    {
      "type": "insert-node",
      "node": {
        "label": "one",
        "type": "SimpleName"
      },
      "location-after-char-start": 10645,
      "location-after-char-end": 10648,
      "node-str": "one"
    },
    {
      "type": "insert-node",
      "node": {
        "label": "",
        "type": "Block"
      },
      "location-after-char-start": 10651,
      "location-after-char-end": 10672,
      "node-str": ""
    },
    {
      "type": "insert-node",
      "node": {
        "label": "public",
        "type": "Modifier"
      },
      "location-after-char-start": 10687,
      "location-after-char-end": 10693,
      "node-str": "public"
    },
    {
      "type": "insert-node",
      "node": {
        "label": "void",
        "type": "PrimitiveType"
      },
      "location-after-char-start": 10701,
      "location-after-char-end": 10705,
      "node-str": "void"
    },
    {
      "type": "update-node",
      "node": {
        "label": "after",
        "type": "SimpleName"
      },
      "location-before-char-start": 6744,
      "location-before-char-end": 6749,
      "location-after-char-start": 10707,
      "location-after-char-end": 10710,
      "node-str": "two"
    },
    {
      "type": "insert-node",
      "node": {
        "label": "",
        "type": "ExpressionStatement"
      },
      "location-after-char-start": 10782,
      "location-after-char-end": 10790,
      "node-str": ""
    },
    {
      "type": "insert-node",
      "node": {
        "label": "",
        "type": "VariableDeclarationStatement"
      },
      "location-after-char-start": 10793,
      "location-after-char-end": 10821,
      "node-str": ""
    },
    {
      "type": "insert-node",
      "node": {
        "label": "",
        "type": "ExpressionStatement"
      },
      "location-after-char-start": 10824,
      "location-after-char-end": 10861,
      "node-str": ""
    },
    {
      "type": "insert-node",
      "node": {
        "label": "",
        "type": "ExpressionStatement"
      },
      "location-after-char-start": 10864,
      "location-after-char-end": 10896,
      "node-str": ""
    },
    {
      "type": "insert-node",
      "node": {
        "label": "",
        "type": "ExpressionStatement"
      },
      "location-after-char-start": 10899,
      "location-after-char-end": 10931,
      "node-str": ""
    },
    {
      "type": "insert-node",
      "node": {
        "label": "",
        "type": "MarkerAnnotation"
      },
      "location-after-char-start": 10991,
      "location-after-char-end": 10996,
      "node-str": ""
    },
    {
      "type": "insert-node",
      "node": {
        "label": "public",
        "type": "Modifier"
      },
      "location-after-char-start": 10997,
      "location-after-char-end": 11003,
      "node-str": "public"
    },
    {
      "type": "insert-node",
      "node": {
        "label": "void",
        "type": "PrimitiveType"
      },
      "location-after-char-start": 11004,
      "location-after-char-end": 11008,
      "node-str": "void"
    },
    {
      "type": "insert-node",
      "node": {
        "label": "empty",
        "type": "SimpleName"
      },
      "location-after-char-start": 11009,
      "location-after-char-end": 11014,
      "node-str": "empty"
    },
    {
      "type": "insert-node",
      "node": {
        "label": "",
        "type": "Block"
      },
      "location-after-char-start": 11017,
      "location-after-char-end": 11022,
      "node-str": ""
    },
    {
      "type": "insert-node",
      "node": {
        "label": "",
        "type": "MarkerAnnotation"
      },
      "location-after-char-start": 11025,
      "location-after-char-end": 11036,
      "node-str": ""
    },
    {
      "type": "insert-node",
      "node": {
        "label": "static",
        "type": "Modifier"
      },
      "location-after-char-start": 11037,
      "location-after-char-end": 11043,
      "node-str": "static"
    },
    {
      "type": "insert-node",
      "node": {
        "label": "public",
        "type": "Modifier"
      },
      "location-after-char-start": 11044,
      "location-after-char-end": 11050,
      "node-str": "public"
    },
    {
      "type": "insert-node",
      "node": {
        "label": "void",
        "type": "PrimitiveType"
      },
      "location-after-char-start": 11051,
      "location-after-char-end": 11055,
      "node-str": "void"
    },
    {
      "type": "insert-node",
      "node": {
        "label": "one",
        "type": "SimpleName"
      },
      "location-after-char-start": 11056,
      "location-after-char-end": 11059,
      "node-str": "one"
    },
    {
      "type": "insert-node",
      "node": {
        "label": "",
        "type": "Block"
      },
      "location-after-char-start": 11062,
      "location-after-char-end": 11105,
      "node-str": ""
    },
    {
      "type": "insert-node",
      "node": {
        "label": "",
        "type": "MarkerAnnotation"
      },
      "location-after-char-start": 11108,
      "location-after-char-end": 11119,
      "node-str": ""
    },
    {
      "type": "insert-node",
      "node": {
        "label": "static",
        "type": "Modifier"
      },
      "location-after-char-start": 11120,
      "location-after-char-end": 11126,
      "node-str": "static"
    },
    {
      "type": "insert-node",
      "node": {
        "label": "public",
        "type": "Modifier"
      },
      "location-after-char-start": 11127,
      "location-after-char-end": 11133,
      "node-str": "public"
    },
    {
      "type": "insert-node",
      "node": {
        "label": "void",
        "type": "PrimitiveType"
      },
      "location-after-char-start": 11134,
      "location-after-char-end": 11138,
      "node-str": "void"
    },
    {
      "type": "insert-node",
      "node": {
        "label": "two",
        "type": "SimpleName"
      },
      "location-after-char-start": 11140,
      "location-after-char-end": 11143,
      "node-str": "two"
    },
    {
      "type": "insert-node",
      "node": {
        "label": "",
        "type": "Block"
      },
      "location-after-char-start": 11146,
      "location-after-char-end": 11189,
      "node-str": ""
    },
    {
      "type": "insert-node",
      "node": {
        "label": "",
        "type": "ExpressionStatement"
      },
      "location-after-char-start": 11247,
      "location-after-char-end": 11255,
      "node-str": ""
    },
    {
      "type": "insert-node",
      "node": {
        "label": "",
        "type": "VariableDeclarationStatement"
      },
      "location-after-char-start": 11258,
      "location-after-char-end": 11286,
      "node-str": ""
    },
    {
      "type": "insert-node",
      "node": {
        "label": "",
        "type": "ExpressionStatement"
      },
      "location-after-char-start": 11289,
      "location-after-char-end": 11336,
      "node-str": ""
    },
    {
      "type": "insert-node",
      "node": {
        "label": "",
        "type": "ExpressionStatement"
      },
      "location-after-char-start": 11339,
      "location-after-char-end": 11371,
      "node-str": ""
    },
    {
      "type": "insert-node",
      "node": {
        "label": "",
        "type": "ExpressionStatement"
      },
      "location-after-char-start": 11374,
      "location-after-char-end": 11406,
      "node-str": ""
    },
    {
      "type": "insert-node",
      "node": {
        "label": "",
        "type": "ExpressionStatement"
      },
      "location-after-char-start": 11409,
      "location-after-char-end": 11451,
      "node-str": ""
    },
    {
      "type": "update-node",
      "node": {
        "label": "Set",
        "type": "SimpleName"
      },
      "location-before-char-start": 3504,
      "location-before-char-end": 3507,
      "location-after-char-start": 3461,
      "location-after-char-end": 3471,
      "node-str": "Collection"
    },
    {
      "type": "insert-node",
      "node": {
        "label": "Before",
        "type": "SimpleName"
      },
      "location-after-char-start": 9544,
      "location-after-char-end": 9550,
      "node-str": "Before"
    },
    {
      "type": "insert-node",
      "node": {
        "label": "Before",
        "type": "SimpleName"
      },
      "location-after-char-start": 9579,
      "location-after-char-end": 9585,
      "node-str": "Before"
    },
    {
      "type": "insert-node",
      "node": {
        "label": "",
        "type": "ThrowStatement"
      },
      "location-after-char-start": 9609,
      "location-after-char-end": 9627,
      "node-str": ""
    },
    {
      "type": "insert-node",
      "node": {
        "label": "Test",
        "type": "SimpleName"
      },
      "location-after-char-start": 9635,
      "location-after-char-end": 9639,
      "node-str": "Test"
    },
    {
      "type": "insert-node",
      "node": {
        "label": "After",
        "type": "SimpleName"
      },
      "location-after-char-start": 9669,
      "location-after-char-end": 9674,
      "node-str": "After"
    },
    {
      "type": "insert-node",
      "node": {
        "label": "",
        "type": "ExpressionStatement"
      },
      "location-after-char-start": 9698,
      "location-after-char-end": 9710,
      "node-str": ""
    },
    {
      "type": "insert-node",
      "node": {
        "label": "",
        "type": "ExpressionStatement"
      },
      "location-after-char-start": 9748,
      "location-after-char-end": 9760,
      "node-str": ""
    },
    {
      "type": "insert-node",
      "node": {
        "label": "",
        "type": "Assignment"
      },
      "location-after-char-start": 9806,
      "location-after-char-end": 9813,
      "node-str": ""
    },
    {
      "type": "insert-node",
      "node": {
        "label": "",
        "type": "SimpleType"
      },
      "location-after-char-start": 9817,
      "location-after-char-end": 9823,
      "node-str": ""
    },
    {
      "type": "insert-node",
      "node": {
        "label": "",
        "type": "VariableDeclarationFragment"
      },
      "location-after-char-start": 9824,
      "location-after-char-end": 9844,
      "node-str": ""
    },
    {
      "type": "insert-node",
      "node": {
        "label": "",
        "type": "MethodInvocation"
      },
      "location-after-char-start": 9848,
      "location-after-char-end": 9878,
      "node-str": ""
    },
    {
      "type": "insert-node",
      "node": {
        "label": "",
        "type": "MethodInvocation"
      },
      "location-after-char-start": 9882,
      "location-after-char-end": 9913,
      "node-str": ""
    },
    {
      "type": "insert-node",
      "node": {
        "label": "",
        "type": "MethodInvocation"
      },
      "location-after-char-start": 9917,
      "location-after-char-end": 9948,
      "node-str": ""
    },
    {
      "type": "insert-node",
      "node": {
        "label": "Test",
        "type": "SimpleName"
      },
      "location-after-char-start": 10004,
      "location-after-char-end": 10008,
      "node-str": "Test"
    },
    {
      "type": "insert-node",
      "node": {
        "label": "After",
        "type": "SimpleName"
      },
      "location-after-char-start": 10038,
      "location-after-char-end": 10043,
      "node-str": "After"
    },
    {
      "type": "insert-node",
      "node": {
        "label": "",
        "type": "ExpressionStatement"
      },
      "location-after-char-start": 10067,
      "location-after-char-end": 10079,
      "node-str": ""
    },
    {
      "type": "insert-node",
      "node": {
        "label": "",
        "type": "ThrowStatement"
      },
      "location-after-char-start": 10083,
      "location-after-char-end": 10101,
      "node-str": ""
    },
    {
      "type": "insert-node",
      "node": {
        "label": "After",
        "type": "SimpleName"
      },
      "location-after-char-start": 10109,
      "location-after-char-end": 10114,
      "node-str": "After"
    },
    {
      "type": "insert-node",
      "node": {
        "label": "",
        "type": "ExpressionStatement"
      },
      "location-after-char-start": 10139,
      "location-after-char-end": 10151,
      "node-str": ""
    },
    {
      "type": "insert-node",
      "node": {
        "label": "",
        "type": "ThrowStatement"
      },
      "location-after-char-start": 10155,
      "location-after-char-end": 10173,
      "node-str": ""
    },
    {
      "type": "insert-node",
      "node": {
        "label": "",
        "type": "Assignment"
      },
      "location-after-char-start": 10229,
      "location-after-char-end": 10236,
      "node-str": ""
    },
    {
      "type": "insert-node",
      "node": {
        "label": "",
        "type": "SimpleType"
      },
      "location-after-char-start": 10240,
      "location-after-char-end": 10246,
      "node-str": ""
    },
    {
      "type": "insert-node",
      "node": {
        "label": "",
        "type": "VariableDeclarationFragment"
      },
      "location-after-char-start": 10247,
      "location-after-char-end": 10267,
      "node-str": ""
    },
    {
      "type": "insert-node",
      "node": {
        "label": "",
        "type": "MethodInvocation"
      },
      "location-after-char-start": 10271,
      "location-after-char-end": 10311,
      "node-str": ""
    },
    {
      "type": "insert-node",
      "node": {
        "label": "",
        "type": "MethodInvocation"
      },
      "location-after-char-start": 10315,
      "location-after-char-end": 10346,
      "node-str": ""
    },
    {
      "type": "insert-node",
      "node": {
        "label": "",
        "type": "MethodInvocation"
      },
      "location-after-char-start": 10350,
      "location-after-char-end": 10381,
      "node-str": ""
    },
    {
      "type": "insert-node",
      "node": {
        "label": "",
        "type": "MethodInvocation"
      },
      "location-after-char-start": 10385,
      "location-after-char-end": 10426,
      "node-str": ""
    },
    {
      "type": "insert-node",
      "node": {
        "label": "Before",
        "type": "SimpleName"
      },
      "location-after-char-start": 10478,
      "location-after-char-end": 10484,
      "node-str": "Before"
    },
    {
      "type": "insert-node",
      "node": {
        "label": "BeforeClass",
        "type": "SimpleName"
      },
      "location-after-char-start": 10513,
      "location-after-char-end": 10524,
      "node-str": "BeforeClass"
    },
    {
      "type": "insert-node",
      "node": {
        "label": "",
        "type": "ThrowStatement"
      },
      "location-after-char-start": 10555,
      "location-after-char-end": 10573,
      "node-str": ""
    },
    {
      "type": "insert-node",
      "node": {
        "label": "Test",
        "type": "SimpleName"
      },
      "location-after-char-start": 10581,
      "location-after-char-end": 10585,
      "node-str": "Test"
    },
    {
      "type": "insert-node",
      "node": {
        "label": "AfterClass",
        "type": "SimpleName"
      },
      "location-after-char-start": 10615,
      "location-after-char-end": 10625,
      "node-str": "AfterClass"
    },
    {
      "type": "insert-node",
      "node": {
        "label": "",
        "type": "ExpressionStatement"
      },
      "location-after-char-start": 10656,
      "location-after-char-end": 10668,
      "node-str": ""
    },
    {
      "type": "insert-node",
      "node": {
        "label": "",
        "type": "Assignment"
      },
      "location-after-char-start": 10782,
      "location-after-char-end": 10789,
      "node-str": ""
    },
    {
      "type": "insert-node",
      "node": {
        "label": "",
        "type": "SimpleType"
      },
      "location-after-char-start": 10793,
      "location-after-char-end": 10799,
      "node-str": ""
    },
    {
      "type": "insert-node",
      "node": {
        "label": "",
        "type": "VariableDeclarationFragment"
      },
      "location-after-char-start": 10800,
      "location-after-char-end": 10820,
      "node-str": ""
    },
    {
      "type": "insert-node",
      "node": {
        "label": "",
        "type": "MethodInvocation"
      },
      "location-after-char-start": 10824,
      "location-after-char-end": 10860,
      "node-str": ""
    },
    {
      "type": "insert-node",
      "node": {
        "label": "",
        "type": "MethodInvocation"
      },
      "location-after-char-start": 10864,
      "location-after-char-end": 10895,
      "node-str": ""
    },
    {
      "type": "insert-node",
      "node": {
        "label": "",
        "type": "MethodInvocation"
      },
      "location-after-char-start": 10899,
      "location-after-char-end": 10930,
      "node-str": ""
    },
    {
      "type": "insert-node",
      "node": {
        "label": "Test",
        "type": "SimpleName"
      },
      "location-after-char-start": 10992,
      "location-after-char-end": 10996,
      "node-str": "Test"
    },
    {
      "type": "insert-node",
      "node": {
        "label": "AfterClass",
        "type": "SimpleName"
      },
      "location-after-char-start": 11026,
      "location-after-char-end": 11036,
      "node-str": "AfterClass"
    },
    {
      "type": "insert-node",
      "node": {
        "label": "",
        "type": "ExpressionStatement"
      },
      "location-after-char-start": 11067,
      "location-after-char-end": 11079,
      "node-str": ""
    },
    {
      "type": "insert-node",
      "node": {
        "label": "",
        "type": "ThrowStatement"
      },
      "location-after-char-start": 11083,
      "location-after-char-end": 11101,
      "node-str": ""
    },
    {
      "type": "insert-node",
      "node": {
        "label": "AfterClass",
        "type": "SimpleName"
      },
      "location-after-char-start": 11109,
      "location-after-char-end": 11119,
      "node-str": "AfterClass"
    },
    {
      "type": "insert-node",
      "node": {
        "label": "",
        "type": "ExpressionStatement"
      },
      "location-after-char-start": 11151,
      "location-after-char-end": 11163,
      "node-str": ""
    },
    {
      "type": "insert-node",
      "node": {
        "label": "",
        "type": "ThrowStatement"
      },
      "location-after-char-start": 11167,
      "location-after-char-end": 11185,
      "node-str": ""
    },
    {
      "type": "insert-node",
      "node": {
        "label": "",
        "type": "Assignment"
      },
      "location-after-char-start": 11247,
      "location-after-char-end": 11254,
      "node-str": ""
    },
    {
      "type": "insert-node",
      "node": {
        "label": "",
        "type": "SimpleType"
      },
      "location-after-char-start": 11258,
      "location-after-char-end": 11264,
      "node-str": ""
    },
    {
      "type": "insert-node",
      "node": {
        "label": "",
        "type": "VariableDeclarationFragment"
      },
      "location-after-char-start": 11265,
      "location-after-char-end": 11285,
      "node-str": ""
    },
    {
      "type": "insert-node",
      "node": {
        "label": "",
        "type": "MethodInvocation"
      },
      "location-after-char-start": 11289,
      "location-after-char-end": 11335,
      "node-str": ""
    },
    {
      "type": "insert-node",
      "node": {
        "label": "",
        "type": "MethodInvocation"
      },
      "location-after-char-start": 11339,
      "location-after-char-end": 11370,
      "node-str": ""
    },
    {
      "type": "insert-node",
      "node": {
        "label": "",
        "type": "MethodInvocation"
      },
      "location-after-char-start": 11374,
      "location-after-char-end": 11405,
      "node-str": ""
    },
    {
      "type": "insert-node",
      "node": {
        "label": "",
        "type": "MethodInvocation"
      },
      "location-after-char-start": 11409,
      "location-after-char-end": 11450,
      "node-str": ""
    },
    {
      "type": "insert-node",
      "node": {
        "label": "",
        "type": "ClassInstanceCreation"
      },
      "location-after-char-start": 9615,
      "location-after-char-end": 9626,
      "node-str": ""
    },
    {
      "type": "insert-node",
      "node": {
        "label": "",
        "type": "Assignment"
      },
      "location-after-char-start": 9698,
      "location-after-char-end": 9709,
      "node-str": ""
    },
    {
      "type": "insert-node",
      "node": {
        "label": "",
        "type": "Assignment"
      },
      "location-after-char-start": 9748,
      "location-after-char-end": 9759,
      "node-str": ""
    },
    {
      "type": "insert-node",
      "node": {
        "label": "log",
        "type": "SimpleName"
      },
      "location-after-char-start": 9806,
      "location-after-char-end": 9809,
      "node-str": "log"
    },
    {
      "type": "move-subtree",
      "node": {
        "label": "\u003d",
        "type": "ASSIGNMENT_OPERATOR"
      },
      "location-before-char-start": 6760,
      "location-before-char-end": 6761,
      "location-after-char-start": 9809,
      "location-after-char-end": 9810,
      "node-str": "\u003d"
    },
    {
      "type": "insert-node",
      "node": {
        "label": "\"\"",
        "type": "StringLiteral"
      },
      "location-after-char-start": 9811,
      "location-after-char-end": 9813,
      "node-str": "\"\""
    },
    {
      "type": "insert-node",
      "node": {
        "label": "Runner",
        "type": "SimpleName"
      },
      "location-after-char-start": 9817,
      "location-after-char-end": 9823,
      "node-str": "Runner"
    },
    {
      "type": "insert-node",
      "node": {
        "label": "runner",
        "type": "SimpleName"
      },
      "location-after-char-start": 9824,
      "location-after-char-end": 9830,
      "node-str": "runner"
    },
    {
      "type": "insert-node",
      "node": {
        "label": "",
        "type": "ClassInstanceCreation"
      },
      "location-after-char-start": 9832,
      "location-after-char-end": 9844,
      "node-str": ""
    },
    {
      "type": "insert-node",
      "node": {
        "label": "",
        "type": "METHOD_INVOCATION_RECEIVER"
      },
      "location-after-char-start": 9848,
      "location-after-char-end": 9854,
      "node-str": ""
    },
    {
      "type": "insert-node",
      "node": {
        "label": "run",
        "type": "SimpleName"
      },
      "location-after-char-start": 9855,
      "location-after-char-end": 9858,
      "node-str": "run"
    },
    {
      "type": "insert-node",
      "node": {
        "label": "",
        "type": "METHOD_INVOCATION_ARGUMENTS"
      },
      "location-after-char-start": 9859,
      "location-after-char-end": 9877,
      "node-str": ""
    },
    {
      "type": "insert-node",
      "node": {
        "label": "assertTrue",
        "type": "SimpleName"
      },
      "location-after-char-start": 9882,
      "location-after-char-end": 9892,
      "node-str": "assertTrue"
    },
    {
      "type": "insert-node",
      "node": {
        "label": "",
        "type": "METHOD_INVOCATION_ARGUMENTS"
      },
      "location-after-char-start": 9893,
      "location-after-char-end": 9912,
      "node-str": ""
    },
    {
      "type": "insert-node",
      "node": {
        "label": "assertTrue",
        "type": "SimpleName"
      },
      "location-after-char-start": 9917,
      "location-after-char-end": 9927,
      "node-str": "assertTrue"
    },
    {
      "type": "insert-node",
      "node": {
        "label": "",
        "type": "METHOD_INVOCATION_ARGUMENTS"
      },
      "location-after-char-start": 9928,
      "location-after-char-end": 9947,
      "node-str": ""
    },
    {
      "type": "insert-node",
      "node": {
        "label": "",
        "type": "Assignment"
      },
      "location-after-char-start": 10067,
      "location-after-char-end": 10078,
      "node-str": ""
    },
    {
      "type": "insert-node",
      "node": {
        "label": "",
        "type": "ClassInstanceCreation"
      },
      "location-after-char-start": 10089,
      "location-after-char-end": 10100,
      "node-str": ""
    },
    {
      "type": "insert-node",
      "node": {
        "label": "",
        "type": "Assignment"
      },
      "location-after-char-start": 10139,
      "location-after-char-end": 10150,
      "node-str": ""
    },
    {
      "type": "insert-node",
      "node": {
        "label": "",
        "type": "ClassInstanceCreation"
      },
      "location-after-char-start": 10161,
      "location-after-char-end": 10172,
      "node-str": ""
    },
    {
      "type": "insert-node",
      "node": {
        "label": "log",
        "type": "SimpleName"
      },
      "location-after-char-start": 10229,
      "location-after-char-end": 10232,
      "node-str": "log"
    },
    {
      "type": "move-subtree",
      "node": {
        "label": "\u003d",
        "type": "ASSIGNMENT_OPERATOR"
      },
      "location-before-char-start": 1775,
      "location-before-char-end": 1776,
      "location-after-char-start": 10232,
      "location-after-char-end": 10233,
      "node-str": "\u003d"
    },
    {
      "type": "insert-node",
      "node": {
        "label": "\"\"",
        "type": "StringLiteral"
      },
      "location-after-char-start": 10234,
      "location-after-char-end": 10236,
      "node-str": "\"\""
    },
    {
      "type": "insert-node",
      "node": {
        "label": "Runner",
        "type": "SimpleName"
      },
      "location-after-char-start": 10240,
      "location-after-char-end": 10246,
      "node-str": "Runner"
    },
    {
      "type": "insert-node",
      "node": {
        "label": "runner",
        "type": "SimpleName"
      },
      "location-after-char-start": 10247,
      "location-after-char-end": 10253,
      "node-str": "runner"
    },
    {
      "type": "insert-node",
      "node": {
        "label": "",
        "type": "ClassInstanceCreation"
      },
      "location-after-char-start": 10255,
      "location-after-char-end": 10267,
      "node-str": ""
    },
    {
      "type": "insert-node",
      "node": {
        "label": "",
        "type": "METHOD_INVOCATION_RECEIVER"
      },
      "location-after-char-start": 10271,
      "location-after-char-end": 10277,
      "node-str": ""
    },
    {
      "type": "move-subtree",
      "node": {
        "label": "run",
        "type": "SimpleName"
      },
      "location-before-char-start": 6757,
      "location-before-char-end": 6760,
      "location-after-char-start": 10278,
      "location-after-char-end": 10281,
      "node-str": "run"
    },
    {
      "type": "insert-node",
      "node": {
        "label": "",
        "type": "METHOD_INVOCATION_ARGUMENTS"
      },
      "location-after-char-start": 10282,
      "location-after-char-end": 10310,
      "node-str": ""
    },
    {
      "type": "insert-node",
      "node": {
        "label": "assertTrue",
        "type": "SimpleName"
      },
      "location-after-char-start": 10315,
      "location-after-char-end": 10325,
      "node-str": "assertTrue"
    },
    {
      "type": "insert-node",
      "node": {
        "label": "",
        "type": "METHOD_INVOCATION_ARGUMENTS"
      },
      "location-after-char-start": 10326,
      "location-after-char-end": 10345,
      "node-str": ""
    },
    {
      "type": "insert-node",
      "node": {
        "label": "assertTrue",
        "type": "SimpleName"
      },
      "location-after-char-start": 10350,
      "location-after-char-end": 10360,
      "node-str": "assertTrue"
    },
    {
      "type": "insert-node",
      "node": {
        "label": "",
        "type": "METHOD_INVOCATION_ARGUMENTS"
      },
      "location-after-char-start": 10361,
      "location-after-char-end": 10380,
      "node-str": ""
    },
    {
      "type": "insert-node",
      "node": {
        "label": "assertEquals",
        "type": "SimpleName"
      },
      "location-after-char-start": 10385,
      "location-after-char-end": 10397,
      "node-str": "assertEquals"
    },
    {
      "type": "insert-node",
      "node": {
        "label": "",
        "type": "METHOD_INVOCATION_ARGUMENTS"
      },
      "location-after-char-start": 10398,
      "location-after-char-end": 10425,
      "node-str": ""
    },
    {
      "type": "insert-node",
      "node": {
        "label": "",
        "type": "ClassInstanceCreation"
      },
      "location-after-char-start": 10561,
      "location-after-char-end": 10572,
      "node-str": ""
    },
    {
      "type": "insert-node",
      "node": {
        "label": "",
        "type": "Assignment"
      },
      "location-after-char-start": 10656,
      "location-after-char-end": 10667,
      "node-str": ""
    },
    {
      "type": "insert-node",
      "node": {
        "label": "log",
        "type": "SimpleName"
      },
      "location-after-char-start": 10782,
      "location-after-char-end": 10785,
      "node-str": "log"
    },
    {
      "type": "insert-node",
      "node": {
        "label": "\u003d",
        "type": "ASSIGNMENT_OPERATOR"
      },
      "location-after-char-start": 10785,
      "location-after-char-end": 10786,
      "node-str": "\u003d"
    },
    {
      "type": "insert-node",
      "node": {
        "label": "\"\"",
        "type": "StringLiteral"
      },
      "location-after-char-start": 10787,
      "location-after-char-end": 10789,
      "node-str": "\"\""
    },
    {
      "type": "insert-node",
      "node": {
        "label": "Runner",
        "type": "SimpleName"
      },
      "location-after-char-start": 10793,
      "location-after-char-end": 10799,
      "node-str": "Runner"
    },
    {
      "type": "insert-node",
      "node": {
        "label": "runner",
        "type": "SimpleName"
      },
      "location-after-char-start": 10800,
      "location-after-char-end": 10806,
      "node-str": "runner"
    },
    {
      "type": "insert-node",
      "node": {
        "label": "",
        "type": "ClassInstanceCreation"
      },
      "location-after-char-start": 10808,
      "location-after-char-end": 10820,
      "node-str": ""
    },
    {
      "type": "insert-node",
      "node": {
        "label": "",
        "type": "METHOD_INVOCATION_RECEIVER"
      },
      "location-after-char-start": 10824,
      "location-after-char-end": 10830,
      "node-str": ""
    },
    {
      "type": "insert-node",
      "node": {
        "label": "run",
        "type": "SimpleName"
      },
      "location-after-char-start": 10831,
      "location-after-char-end": 10834,
      "node-str": "run"
    },
    {
      "type": "insert-node",
      "node": {
        "label": "",
        "type": "METHOD_INVOCATION_ARGUMENTS"
      },
      "location-after-char-start": 10835,
      "location-after-char-end": 10859,
      "node-str": ""
    },
    {
      "type": "insert-node",
      "node": {
        "label": "assertTrue",
        "type": "SimpleName"
      },
      "location-after-char-start": 10864,
      "location-after-char-end": 10874,
      "node-str": "assertTrue"
    },
    {
      "type": "insert-node",
      "node": {
        "label": "",
        "type": "METHOD_INVOCATION_ARGUMENTS"
      },
      "location-after-char-start": 10875,
      "location-after-char-end": 10894,
      "node-str": ""
    },
    {
      "type": "insert-node",
      "node": {
        "label": "assertTrue",
        "type": "SimpleName"
      },
      "location-after-char-start": 10899,
      "location-after-char-end": 10909,
      "node-str": "assertTrue"
    },
    {
      "type": "insert-node",
      "node": {
        "label": "",
        "type": "METHOD_INVOCATION_ARGUMENTS"
      },
      "location-after-char-start": 10910,
      "location-after-char-end": 10929,
      "node-str": ""
    },
    {
      "type": "insert-node",
      "node": {
        "label": "",
        "type": "Assignment"
      },
      "location-after-char-start": 11067,
      "location-after-char-end": 11078,
      "node-str": ""
    },
    {
      "type": "insert-node",
      "node": {
        "label": "",
        "type": "ClassInstanceCreation"
      },
      "location-after-char-start": 11089,
      "location-after-char-end": 11100,
      "node-str": ""
    },
    {
      "type": "insert-node",
      "node": {
        "label": "",
        "type": "Assignment"
      },
      "location-after-char-start": 11151,
      "location-after-char-end": 11162,
      "node-str": ""
    },
    {
      "type": "insert-node",
      "node": {
        "label": "",
        "type": "ClassInstanceCreation"
      },
      "location-after-char-start": 11173,
      "location-after-char-end": 11184,
      "node-str": ""
    },
    {
      "type": "insert-node",
      "node": {
        "label": "log",
        "type": "SimpleName"
      },
      "location-after-char-start": 11247,
      "location-after-char-end": 11250,
      "node-str": "log"
    },
    {
      "type": "insert-node",
      "node": {
        "label": "\u003d",
        "type": "ASSIGNMENT_OPERATOR"
      },
      "location-after-char-start": 11250,
      "location-after-char-end": 11251,
      "node-str": "\u003d"
    },
    {
      "type": "insert-node",
      "node": {
        "label": "\"\"",
        "type": "StringLiteral"
      },
      "location-after-char-start": 11252,
      "location-after-char-end": 11254,
      "node-str": "\"\""
    },
    {
      "type": "insert-node",
      "node": {
        "label": "Runner",
        "type": "SimpleName"
      },
      "location-after-char-start": 11258,
      "location-after-char-end": 11264,
      "node-str": "Runner"
    },
    {
      "type": "insert-node",
      "node": {
        "label": "runner",
        "type": "SimpleName"
      },
      "location-after-char-start": 11265,
      "location-after-char-end": 11271,
      "node-str": "runner"
    },
    {
      "type": "insert-node",
      "node": {
        "label": "",
        "type": "ClassInstanceCreation"
      },
      "location-after-char-start": 11273,
      "location-after-char-end": 11285,
      "node-str": ""
    },
    {
      "type": "insert-node",
      "node": {
        "label": "",
        "type": "METHOD_INVOCATION_RECEIVER"
      },
      "location-after-char-start": 11289,
      "location-after-char-end": 11295,
      "node-str": ""
    },
    {
      "type": "move-subtree",
      "node": {
        "label": "run",
        "type": "SimpleName"
      },
      "location-before-char-start": 1772,
      "location-before-char-end": 1775,
      "location-after-char-start": 11296,
      "location-after-char-end": 11299,
      "node-str": "run"
    },
    {
      "type": "insert-node",
      "node": {
        "label": "",
        "type": "METHOD_INVOCATION_ARGUMENTS"
      },
      "location-after-char-start": 11300,
      "location-after-char-end": 11334,
      "node-str": ""
    },
    {
      "type": "insert-node",
      "node": {
        "label": "assertTrue",
        "type": "SimpleName"
      },
      "location-after-char-start": 11339,
      "location-after-char-end": 11349,
      "node-str": "assertTrue"
    },
    {
      "type": "insert-node",
      "node": {
        "label": "",
        "type": "METHOD_INVOCATION_ARGUMENTS"
      },
      "location-after-char-start": 11350,
      "location-after-char-end": 11369,
      "node-str": ""
    },
    {
      "type": "insert-node",
      "node": {
        "label": "assertTrue",
        "type": "SimpleName"
      },
      "location-after-char-start": 11374,
      "location-after-char-end": 11384,
      "node-str": "assertTrue"
    },
    {
      "type": "insert-node",
      "node": {
        "label": "",
        "type": "METHOD_INVOCATION_ARGUMENTS"
      },
      "location-after-char-start": 11385,
      "location-after-char-end": 11404,
      "node-str": ""
    },
    {
      "type": "insert-node",
      "node": {
        "label": "assertEquals",
        "type": "SimpleName"
      },
      "location-after-char-start": 11409,
      "location-after-char-end": 11421,
      "node-str": "assertEquals"
    },
    {
      "type": "insert-node",
      "node": {
        "label": "",
        "type": "METHOD_INVOCATION_ARGUMENTS"
      },
      "location-after-char-start": 11422,
      "location-after-char-end": 11449,
      "node-str": ""
    },
    {
      "type": "insert-node",
      "node": {
        "label": "",
        "type": "SimpleType"
      },
      "location-after-char-start": 9619,
      "location-after-char-end": 9624,
      "node-str": ""
    },
    {
      "type": "insert-node",
      "node": {
        "label": "log",
        "type": "SimpleName"
      },
      "location-after-char-start": 9698,
      "location-after-char-end": 9701,
      "node-str": "log"
    },
    {
      "type": "insert-node",
      "node": {
        "label": "+\u003d",
        "type": "ASSIGNMENT_OPERATOR"
      },
      "location-after-char-start": 9701,
      "location-after-char-end": 9703,
      "node-str": "+\u003d"
    },
    {
      "type": "insert-node",
      "node": {
        "label": "\"one\"",
        "type": "StringLiteral"
      },
      "location-after-char-start": 9704,
      "location-after-char-end": 9709,
      "node-str": "\"one\""
    },
    {
      "type": "insert-node",
      "node": {
        "label": "log",
        "type": "SimpleName"
      },
      "location-after-char-start": 9748,
      "location-after-char-end": 9751,
      "node-str": "log"
    },
    {
      "type": "insert-node",
      "node": {
        "label": "+\u003d",
        "type": "ASSIGNMENT_OPERATOR"
      },
      "location-after-char-start": 9751,
      "location-after-char-end": 9753,
      "node-str": "+\u003d"
    },
    {
      "type": "insert-node",
      "node": {
        "label": "\"two\"",
        "type": "StringLiteral"
      },
      "location-after-char-start": 9754,
      "location-after-char-end": 9759,
      "node-str": "\"two\""
    },
    {
      "type": "insert-node",
      "node": {
        "label": "",
        "type": "SimpleType"
      },
      "location-after-char-start": 9836,
      "location-after-char-end": 9842,
      "node-str": ""
    },
    {
      "type": "insert-node",
      "node": {
        "label": "runner",
        "type": "SimpleName"
      },
      "location-after-char-start": 9848,
      "location-after-char-end": 9854,
      "node-str": "runner"
    },
    {
      "type": "insert-node",
      "node": {
        "label": "",
        "type": "TypeLiteral"
      },
      "location-after-char-start": 9859,
      "location-after-char-end": 9877,
      "node-str": ""
    },
    {
      "type": "insert-node",
      "node": {
        "label": "",
        "type": "MethodInvocation"
      },
      "location-after-char-start": 9893,
      "location-after-char-end": 9912,
      "node-str": ""
    },
    {
      "type": "insert-node",
      "node": {
        "label": "",
        "type": "MethodInvocation"
      },
      "location-after-char-start": 9928,
      "location-after-char-end": 9947,
      "node-str": ""
    },
    {
      "type": "insert-node",
      "node": {
        "label": "log",
        "type": "SimpleName"
      },
      "location-after-char-start": 10067,
      "location-after-char-end": 10070,
      "node-str": "log"
    },
    {
      "type": "insert-node",
      "node": {
        "label": "+\u003d",
        "type": "ASSIGNMENT_OPERATOR"
      },
      "location-after-char-start": 10070,
      "location-after-char-end": 10072,
      "node-str": "+\u003d"
    },
    {
      "type": "insert-node",
      "node": {
        "label": "\"one\"",
        "type": "StringLiteral"
      },
      "location-after-char-start": 10073,
      "location-after-char-end": 10078,
      "node-str": "\"one\""
    },
    {
      "type": "insert-node",
      "node": {
        "label": "",
        "type": "SimpleType"
      },
      "location-after-char-start": 10093,
      "location-after-char-end": 10098,
      "node-str": ""
    },
    {
      "type": "insert-node",
      "node": {
        "label": "log",
        "type": "SimpleName"
      },
      "location-after-char-start": 10139,
      "location-after-char-end": 10142,
      "node-str": "log"
    },
    {
      "type": "insert-node",
      "node": {
        "label": "+\u003d",
        "type": "ASSIGNMENT_OPERATOR"
      },
      "location-after-char-start": 10142,
      "location-after-char-end": 10144,
      "node-str": "+\u003d"
    },
    {
      "type": "insert-node",
      "node": {
        "label": "\"two\"",
        "type": "StringLiteral"
      },
      "location-after-char-start": 10145,
      "location-after-char-end": 10150,
      "node-str": "\"two\""
    },
    {
      "type": "insert-node",
      "node": {
        "label": "",
        "type": "SimpleType"
      },
      "location-after-char-start": 10165,
      "location-after-char-end": 10170,
      "node-str": ""
    },
    {
      "type": "insert-node",
      "node": {
        "label": "",
        "type": "SimpleType"
      },
      "location-after-char-start": 10259,
      "location-after-char-end": 10265,
      "node-str": ""
    },
    {
      "type": "insert-node",
      "node": {
        "label": "runner",
        "type": "SimpleName"
      },
      "location-after-char-start": 10271,
      "location-after-char-end": 10277,
      "node-str": "runner"
    },
    {
      "type": "insert-node",
      "node": {
        "label": "",
        "type": "TypeLiteral"
      },
      "location-after-char-start": 10282,
      "location-after-char-end": 10310,
      "node-str": ""
    },
    {
      "type": "insert-node",
      "node": {
        "label": "",
        "type": "MethodInvocation"
      },
      "location-after-char-start": 10326,
      "location-after-char-end": 10345,
      "node-str": ""
    },
    {
      "type": "insert-node",
      "node": {
        "label": "",
        "type": "MethodInvocation"
      },
      "location-after-char-start": 10361,
      "location-after-char-end": 10380,
      "node-str": ""
    },
    {
      "type": "insert-node",
      "node": {
        "label": "2",
        "type": "NumberLiteral"
      },
      "location-after-char-start": 10398,
      "location-after-char-end": 10399,
      "node-str": "2"
    },
    {
      "type": "insert-node",
      "node": {
        "label": "",
        "type": "MethodInvocation"
      },
      "location-after-char-start": 10401,
      "location-after-char-end": 10425,
      "node-str": ""
    },
    {
      "type": "insert-node",
      "node": {
        "label": "",
        "type": "SimpleType"
      },
      "location-after-char-start": 10565,
      "location-after-char-end": 10570,
      "node-str": ""
    },
    {
      "type": "insert-node",
      "node": {
        "label": "log",
        "type": "SimpleName"
      },
      "location-after-char-start": 10656,
      "location-after-char-end": 10659,
      "node-str": "log"
    },
    {
      "type": "insert-node",
      "node": {
        "label": "+\u003d",
        "type": "ASSIGNMENT_OPERATOR"
      },
      "location-after-char-start": 10659,
      "location-after-char-end": 10661,
      "node-str": "+\u003d"
    },
    {
      "type": "insert-node",
      "node": {
        "label": "\"one\"",
        "type": "StringLiteral"
      },
      "location-after-char-start": 10662,
      "location-after-char-end": 10667,
      "node-str": "\"one\""
    },
    {
      "type": "insert-node",
      "node": {
        "label": "log",
        "type": "SimpleName"
      },
      "location-after-char-start": 10718,
      "location-after-char-end": 10721,
      "node-str": "log"
    },
    {
      "type": "insert-node",
      "node": {
        "label": "+\u003d",
        "type": "ASSIGNMENT_OPERATOR"
      },
      "location-after-char-start": 10721,
      "location-after-char-end": 10723,
      "node-str": "+\u003d"
    },
    {
      "type": "insert-node",
      "node": {
        "label": "\"two\"",
        "type": "StringLiteral"
      },
      "location-after-char-start": 10724,
      "location-after-char-end": 10729,
      "node-str": "\"two\""
    },
    {
      "type": "insert-node",
      "node": {
        "label": "",
        "type": "SimpleType"
      },
      "location-after-char-start": 10812,
      "location-after-char-end": 10818,
      "node-str": ""
    },
    {
      "type": "insert-node",
      "node": {
        "label": "runner",
        "type": "SimpleName"
      },
      "location-after-char-start": 10824,
      "location-after-char-end": 10830,
      "node-str": "runner"
    },
    {
      "type": "insert-node",
      "node": {
        "label": "",
        "type": "TypeLiteral"
      },
      "location-after-char-start": 10835,
      "location-after-char-end": 10859,
      "node-str": ""
    },
    {
      "type": "insert-node",
      "node": {
        "label": "",
        "type": "MethodInvocation"
      },
      "location-after-char-start": 10875,
      "location-after-char-end": 10894,
      "node-str": ""
    },
    {
      "type": "insert-node",
      "node": {
        "label": "",
        "type": "MethodInvocation"
      },
      "location-after-char-start": 10910,
      "location-after-char-end": 10929,
      "node-str": ""
    },
    {
      "type": "insert-node",
      "node": {
        "label": "log",
        "type": "SimpleName"
      },
      "location-after-char-start": 11067,
      "location-after-char-end": 11070,
      "node-str": "log"
    },
    {
      "type": "insert-node",
      "node": {
        "label": "+\u003d",
        "type": "ASSIGNMENT_OPERATOR"
      },
      "location-after-char-start": 11070,
      "location-after-char-end": 11072,
      "node-str": "+\u003d"
    },
    {
      "type": "insert-node",
      "node": {
        "label": "\"one\"",
        "type": "StringLiteral"
      },
      "location-after-char-start": 11073,
      "location-after-char-end": 11078,
      "node-str": "\"one\""
    },
    {
      "type": "insert-node",
      "node": {
        "label": "",
        "type": "SimpleType"
      },
      "location-after-char-start": 11093,
      "location-after-char-end": 11098,
      "node-str": ""
    },
    {
      "type": "insert-node",
      "node": {
        "label": "log",
        "type": "SimpleName"
      },
      "location-after-char-start": 11151,
      "location-after-char-end": 11154,
      "node-str": "log"
    },
    {
      "type": "insert-node",
      "node": {
        "label": "+\u003d",
        "type": "ASSIGNMENT_OPERATOR"
      },
      "location-after-char-start": 11154,
      "location-after-char-end": 11156,
      "node-str": "+\u003d"
    },
    {
      "type": "insert-node",
      "node": {
        "label": "\"two\"",
        "type": "StringLiteral"
      },
      "location-after-char-start": 11157,
      "location-after-char-end": 11162,
      "node-str": "\"two\""
    },
    {
      "type": "insert-node",
      "node": {
        "label": "",
        "type": "SimpleType"
      },
      "location-after-char-start": 11177,
      "location-after-char-end": 11182,
      "node-str": ""
    },
    {
      "type": "insert-node",
      "node": {
        "label": "",
        "type": "SimpleType"
      },
      "location-after-char-start": 11277,
      "location-after-char-end": 11283,
      "node-str": ""
    },
    {
      "type": "insert-node",
      "node": {
        "label": "runner",
        "type": "SimpleName"
      },
      "location-after-char-start": 11289,
      "location-after-char-end": 11295,
      "node-str": "runner"
    },
    {
      "type": "insert-node",
      "node": {
        "label": "",
        "type": "TypeLiteral"
      },
      "location-after-char-start": 11300,
      "location-after-char-end": 11334,
      "node-str": ""
    },
    {
      "type": "insert-node",
      "node": {
        "label": "",
        "type": "MethodInvocation"
      },
      "location-after-char-start": 11350,
      "location-after-char-end": 11369,
      "node-str": ""
    },
    {
      "type": "insert-node",
      "node": {
        "label": "",
        "type": "MethodInvocation"
      },
      "location-after-char-start": 11385,
      "location-after-char-end": 11404,
      "node-str": ""
    },
    {
      "type": "insert-node",
      "node": {
        "label": "2",
        "type": "NumberLiteral"
      },
      "location-after-char-start": 11422,
      "location-after-char-end": 11423,
      "node-str": "2"
    },
    {
      "type": "insert-node",
      "node": {
        "label": "",
        "type": "MethodInvocation"
      },
      "location-after-char-start": 11425,
      "location-after-char-end": 11449,
      "node-str": ""
    },
    {
      "type": "insert-node",
      "node": {
        "label": "Error",
        "type": "SimpleName"
      },
      "location-after-char-start": 9619,
      "location-after-char-end": 9624,
      "node-str": "Error"
    },
    {
      "type": "insert-node",
      "node": {
        "label": "Runner",
        "type": "SimpleName"
      },
      "location-after-char-start": 9836,
      "location-after-char-end": 9842,
      "node-str": "Runner"
    },
    {
      "type": "insert-node",
      "node": {
        "label": "",
        "type": "SimpleType"
      },
      "location-after-char-start": 9859,
      "location-after-char-end": 9871,
      "node-str": ""
    },
    {
      "type": "insert-node",
      "node": {
        "label": "",
        "type": "METHOD_INVOCATION_RECEIVER"
      },
      "location-after-char-start": 9893,
      "location-after-char-end": 9896,
      "node-str": ""
    },
    {
      "type": "insert-node",
      "node": {
        "label": "contains",
        "type": "SimpleName"
      },
      "location-after-char-start": 9897,
      "location-after-char-end": 9905,
      "node-str": "contains"
    },
    {
      "type": "insert-node",
      "node": {
        "label": "",
        "type": "METHOD_INVOCATION_ARGUMENTS"
      },
      "location-after-char-start": 9906,
      "location-after-char-end": 9911,
      "node-str": ""
    },
    {
      "type": "insert-node",
      "node": {
        "label": "",
        "type": "METHOD_INVOCATION_RECEIVER"
      },
      "location-after-char-start": 9928,
      "location-after-char-end": 9931,
      "node-str": ""
    },
    {
      "type": "insert-node",
      "node": {
        "label": "contains",
        "type": "SimpleName"
      },
      "location-after-char-start": 9932,
      "location-after-char-end": 9940,
      "node-str": "contains"
    },
    {
      "type": "insert-node",
      "node": {
        "label": "",
        "type": "METHOD_INVOCATION_ARGUMENTS"
      },
      "location-after-char-start": 9941,
      "location-after-char-end": 9946,
      "node-str": ""
    },
    {
      "type": "insert-node",
      "node": {
        "label": "Error",
        "type": "SimpleName"
      },
      "location-after-char-start": 10093,
      "location-after-char-end": 10098,
      "node-str": "Error"
    },
    {
      "type": "insert-node",
      "node": {
        "label": "Error",
        "type": "SimpleName"
      },
      "location-after-char-start": 10165,
      "location-after-char-end": 10170,
      "node-str": "Error"
    },
    {
      "type": "insert-node",
      "node": {
        "label": "Runner",
        "type": "SimpleName"
      },
      "location-after-char-start": 10259,
      "location-after-char-end": 10265,
      "node-str": "Runner"
    },
    {
      "type": "insert-node",
      "node": {
        "label": "",
        "type": "SimpleType"
      },
      "location-after-char-start": 10282,
      "location-after-char-end": 10304,
      "node-str": ""
    },
    {
      "type": "insert-node",
      "node": {
        "label": "",
        "type": "METHOD_INVOCATION_RECEIVER"
      },
      "location-after-char-start": 10326,
      "location-after-char-end": 10329,
      "node-str": ""
    },
    {
      "type": "insert-node",
      "node": {
        "label": "contains",
        "type": "SimpleName"
      },
      "location-after-char-start": 10330,
      "location-after-char-end": 10338,
      "node-str": "contains"
    },
    {
      "type": "insert-node",
      "node": {
        "label": "",
        "type": "METHOD_INVOCATION_ARGUMENTS"
      },
      "location-after-char-start": 10339,
      "location-after-char-end": 10344,
      "node-str": ""
    },
    {
      "type": "insert-node",
      "node": {
        "label": "",
        "type": "METHOD_INVOCATION_RECEIVER"
      },
      "location-after-char-start": 10361,
      "location-after-char-end": 10364,
      "node-str": ""
    },
    {
      "type": "insert-node",
      "node": {
        "label": "contains",
        "type": "SimpleName"
      },
      "location-after-char-start": 10365,
      "location-after-char-end": 10373,
      "node-str": "contains"
    },
    {
      "type": "insert-node",
      "node": {
        "label": "",
        "type": "METHOD_INVOCATION_ARGUMENTS"
      },
      "location-after-char-start": 10374,
      "location-after-char-end": 10379,
      "node-str": ""
    },
    {
      "type": "insert-node",
      "node": {
        "label": "",
        "type": "METHOD_INVOCATION_RECEIVER"
      },
      "location-after-char-start": 10401,
      "location-after-char-end": 10407,
      "node-str": ""
    },
    {
      "type": "insert-node",
      "node": {
        "label": "getFailureCount",
        "type": "SimpleName"
      },
      "location-after-char-start": 10408,
      "location-after-char-end": 10423,
      "node-str": "getFailureCount"
    },
    {
      "type": "insert-node",
      "node": {
        "label": "Error",
        "type": "SimpleName"
      },
      "location-after-char-start": 10565,
      "location-after-char-end": 10570,
      "node-str": "Error"
    },
    {
      "type": "insert-node",
      "node": {
        "label": "Runner",
        "type": "SimpleName"
      },
      "location-after-char-start": 10812,
      "location-after-char-end": 10818,
      "node-str": "Runner"
    },
    {
      "type": "insert-node",
      "node": {
        "label": "",
        "type": "SimpleType"
      },
      "location-after-char-start": 10835,
      "location-after-char-end": 10853,
      "node-str": ""
    },
    {
      "type": "insert-node",
      "node": {
        "label": "",
        "type": "METHOD_INVOCATION_RECEIVER"
      },
      "location-after-char-start": 10875,
      "location-after-char-end": 10878,
      "node-str": ""
    },
    {
      "type": "insert-node",
      "node": {
        "label": "contains",
        "type": "SimpleName"
      },
      "location-after-char-start": 10879,
      "location-after-char-end": 10887,
      "node-str": "contains"
    },
    {
      "type": "insert-node",
      "node": {
        "label": "",
        "type": "METHOD_INVOCATION_ARGUMENTS"
      },
      "location-after-char-start": 10888,
      "location-after-char-end": 10893,
      "node-str": ""
    },
    {
      "type": "insert-node",
      "node": {
        "label": "",
        "type": "METHOD_INVOCATION_RECEIVER"
      },
      "location-after-char-start": 10910,
      "location-after-char-end": 10913,
      "node-str": ""
    },
    {
      "type": "insert-node",
      "node": {
        "label": "contains",
        "type": "SimpleName"
      },
      "location-after-char-start": 10914,
      "location-after-char-end": 10922,
      "node-str": "contains"
    },
    {
      "type": "insert-node",
      "node": {
        "label": "",
        "type": "METHOD_INVOCATION_ARGUMENTS"
      },
      "location-after-char-start": 10923,
      "location-after-char-end": 10928,
      "node-str": ""
    },
    {
      "type": "insert-node",
      "node": {
        "label": "Error",
        "type": "SimpleName"
      },
      "location-after-char-start": 11093,
      "location-after-char-end": 11098,
      "node-str": "Error"
    },
    {
      "type": "insert-node",
      "node": {
        "label": "Error",
        "type": "SimpleName"
      },
      "location-after-char-start": 11177,
      "location-after-char-end": 11182,
      "node-str": "Error"
    },
    {
      "type": "insert-node",
      "node": {
        "label": "Runner",
        "type": "SimpleName"
      },
      "location-after-char-start": 11277,
      "location-after-char-end": 11283,
      "node-str": "Runner"
    },
    {
      "type": "insert-node",
      "node": {
        "label": "",
        "type": "SimpleType"
      },
      "location-after-char-start": 11300,
      "location-after-char-end": 11328,
      "node-str": ""
    },
    {
      "type": "insert-node",
      "node": {
        "label": "",
        "type": "METHOD_INVOCATION_RECEIVER"
      },
      "location-after-char-start": 11350,
      "location-after-char-end": 11353,
      "node-str": ""
    },
    {
      "type": "insert-node",
      "node": {
        "label": "contains",
        "type": "SimpleName"
      },
      "location-after-char-start": 11354,
      "location-after-char-end": 11362,
      "node-str": "contains"
    },
    {
      "type": "insert-node",
      "node": {
        "label": "",
        "type": "METHOD_INVOCATION_ARGUMENTS"
      },
      "location-after-char-start": 11363,
      "location-after-char-end": 11368,
      "node-str": ""
    },
    {
      "type": "insert-node",
      "node": {
        "label": "",
        "type": "METHOD_INVOCATION_RECEIVER"
      },
      "location-after-char-start": 11385,
      "location-after-char-end": 11388,
      "node-str": ""
    },
    {
      "type": "insert-node",
      "node": {
        "label": "contains",
        "type": "SimpleName"
      },
      "location-after-char-start": 11389,
      "location-after-char-end": 11397,
      "node-str": "contains"
    },
    {
      "type": "insert-node",
      "node": {
        "label": "",
        "type": "METHOD_INVOCATION_ARGUMENTS"
      },
      "location-after-char-start": 11398,
      "location-after-char-end": 11403,
      "node-str": ""
    },
    {
      "type": "insert-node",
      "node": {
        "label": "",
        "type": "METHOD_INVOCATION_RECEIVER"
      },
      "location-after-char-start": 11425,
      "location-after-char-end": 11431,
      "node-str": ""
    },
    {
      "type": "insert-node",
      "node": {
        "label": "getFailureCount",
        "type": "SimpleName"
      },
      "location-after-char-start": 11432,
      "location-after-char-end": 11447,
      "node-str": "getFailureCount"
    },
    {
      "type": "insert-node",
      "node": {
        "label": "RunAllAfters",
        "type": "SimpleName"
      },
      "location-after-char-start": 9859,
      "location-after-char-end": 9871,
      "node-str": "RunAllAfters"
    },
    {
      "type": "insert-node",
      "node": {
        "label": "log",
        "type": "SimpleName"
      },
      "location-after-char-start": 9893,
      "location-after-char-end": 9896,
      "node-str": "log"
    },
    {
      "type": "insert-node",
      "node": {
        "label": "\"one\"",
        "type": "StringLiteral"
      },
      "location-after-char-start": 9906,
      "location-after-char-end": 9911,
      "node-str": "\"one\""
    },
    {
      "type": "insert-node",
      "node": {
        "label": "log",
        "type": "SimpleName"
      },
      "location-after-char-start": 9928,
      "location-after-char-end": 9931,
      "node-str": "log"
    },
    {
      "type": "insert-node",
      "node": {
        "label": "\"two\"",
        "type": "StringLiteral"
      },
      "location-after-char-start": 9941,
      "location-after-char-end": 9946,
      "node-str": "\"two\""
    },
    {
      "type": "insert-node",
      "node": {
        "label": "RunAllAftersRegardless",
        "type": "SimpleName"
      },
      "location-after-char-start": 10282,
      "location-after-char-end": 10304,
      "node-str": "RunAllAftersRegardless"
    },
    {
      "type": "insert-node",
      "node": {
        "label": "log",
        "type": "SimpleName"
      },
      "location-after-char-start": 10326,
      "location-after-char-end": 10329,
      "node-str": "log"
    },
    {
      "type": "insert-node",
      "node": {
        "label": "\"one\"",
        "type": "StringLiteral"
      },
      "location-after-char-start": 10339,
      "location-after-char-end": 10344,
      "node-str": "\"one\""
    },
    {
      "type": "insert-node",
      "node": {
        "label": "log",
        "type": "SimpleName"
      },
      "location-after-char-start": 10361,
      "location-after-char-end": 10364,
      "node-str": "log"
    },
    {
      "type": "insert-node",
      "node": {
        "label": "\"two\"",
        "type": "StringLiteral"
      },
      "location-after-char-start": 10374,
      "location-after-char-end": 10379,
      "node-str": "\"two\""
    },
    {
      "type": "insert-node",
      "node": {
        "label": "runner",
        "type": "SimpleName"
      },
      "location-after-char-start": 10401,
      "location-after-char-end": 10407,
      "node-str": "runner"
    },
    {
      "type": "insert-node",
      "node": {
        "label": "RunAllAfterClasses",
        "type": "SimpleName"
      },
      "location-after-char-start": 10835,
      "location-after-char-end": 10853,
      "node-str": "RunAllAfterClasses"
    },
    {
      "type": "insert-node",
      "node": {
        "label": "log",
        "type": "SimpleName"
      },
      "location-after-char-start": 10875,
      "location-after-char-end": 10878,
      "node-str": "log"
    },
    {
      "type": "insert-node",
      "node": {
        "label": "\"one\"",
        "type": "StringLiteral"
      },
      "location-after-char-start": 10888,
      "location-after-char-end": 10893,
      "node-str": "\"one\""
    },
    {
      "type": "insert-node",
      "node": {
        "label": "log",
        "type": "SimpleName"
      },
      "location-after-char-start": 10910,
      "location-after-char-end": 10913,
      "node-str": "log"
    },
    {
      "type": "insert-node",
      "node": {
        "label": "\"two\"",
        "type": "StringLiteral"
      },
      "location-after-char-start": 10923,
      "location-after-char-end": 10928,
      "node-str": "\"two\""
    },
    {
      "type": "insert-node",
      "node": {
        "label": "RunAllAfterClassesRegardless",
        "type": "SimpleName"
      },
      "location-after-char-start": 11300,
      "location-after-char-end": 11328,
      "node-str": "RunAllAfterClassesRegardless"
    },
    {
      "type": "insert-node",
      "node": {
        "label": "log",
        "type": "SimpleName"
      },
      "location-after-char-start": 11350,
      "location-after-char-end": 11353,
      "node-str": "log"
    },
    {
      "type": "insert-node",
      "node": {
        "label": "\"one\"",
        "type": "StringLiteral"
      },
      "location-after-char-start": 11363,
      "location-after-char-end": 11368,
      "node-str": "\"one\""
    },
    {
      "type": "insert-node",
      "node": {
        "label": "log",
        "type": "SimpleName"
      },
      "location-after-char-start": 11385,
      "location-after-char-end": 11388,
      "node-str": "log"
    },
    {
      "type": "insert-node",
      "node": {
        "label": "\"two\"",
        "type": "StringLiteral"
      },
      "location-after-char-start": 11398,
      "location-after-char-end": 11403,
      "node-str": "\"two\""
    },
    {
      "type": "insert-node",
      "node": {
        "label": "runner",
        "type": "SimpleName"
      },
      "location-after-char-start": 11425,
      "location-after-char-end": 11431,
      "node-str": "runner"
    },
    {
      "type": "delete-node",
      "node": {
        "label": "java.util.Set",
        "type": "QualifiedName"
      },
      "location-before-char-start": 59,
      "location-before-char-end": 72,
      "node-str": "java.util.Set"
    },
    {
      "type": "delete-node",
      "node": {
        "label": "",
        "type": "ImportDeclaration"
      },
      "location-before-char-start": 52,
      "location-before-char-end": 73,
      "node-str": ""
    },
    {
      "type": "delete-node",
      "node": {
        "label": "after",
        "type": "SimpleName"
      },
      "location-before-char-start": 1759,
      "location-before-char-end": 1764,
      "node-str": "after"
    },
    {
      "type": "delete-node",
      "node": {
        "label": "true",
        "type": "BooleanLiteral"
      },
      "location-before-char-start": 1777,
      "location-before-char-end": 1781,
      "node-str": "true"
    },
    {
      "type": "delete-node",
      "node": {
        "label": "",
        "type": "Assignment"
      },
      "location-before-char-start": 1772,
      "location-before-char-end": 1781,
      "node-str": ""
    },
    {
      "type": "delete-node",
      "node": {
        "label": "",
        "type": "ExpressionStatement"
      },
      "location-before-char-start": 1772,
      "location-before-char-end": 1782,
      "node-str": ""
    },
    {
      "type": "delete-node",
      "node": {
        "label": "",
        "type": "Block"
      },
      "location-before-char-start": 1767,
      "location-before-char-end": 1786,
      "node-str": ""
    },
    {
      "type": "delete-node",
      "node": {
        "label": "",
        "type": "MethodDeclaration"
      },
      "location-before-char-start": 1740,
      "location-before-char-end": 1786,
      "node-str": ""
    },
    {
      "type": "delete-node",
      "node": {
        "label": "true",
        "type": "BooleanLiteral"
      },
      "location-before-char-start": 6762,
      "location-before-char-end": 6766,
      "node-str": "true"
    }
  ],
  "before-file": {},
  "after-file": {},
  "mapping": {}
}