{
  "tool-info": {},
  "diff": [
    {
      "type": "insert-node",
      "node": {
        "label": "init",
        "type": "Method"
      },
      "location-after-char-start": 8055,
      "location-after-char-end": 12440,
      "node-str": "init"
    },
    {
      "type": "move-subtree",
      "node": {
        "label": "void",
        "type": "RETURN_TYPE"
      },
      "location-before-char-start": 0,
      "location-before-char-end": 0,
      "location-after-char-start": 0,
      "location-after-char-end": 0,
      "node-str": "void"
    },
    {
      "type": "move-subtree",
      "node": {
        "label": "org.objectweb.carol.util.configuration.ConfigurationException",
        "type": "THROWS"
      },
      "location-before-char-start": 0,
      "location-before-char-end": 0,
      "location-after-char-start": 0,
      "location-after-char-end": 0,
      "node-str": "org.objectweb.carol.util.configuration.ConfigurationException"
    },
    {
      "type": "move-subtree",
      "node": {
        "label": "public",
        "type": "Modifier"
      },
      "location-before-char-start": 0,
      "location-before-char-end": 0,
      "location-after-char-start": 0,
      "location-after-char-end": 0,
      "node-str": "public"
    },
    {
      "type": "move-subtree",
      "node": {
        "label": "static",
        "type": "Modifier"
      },
      "location-before-char-start": 0,
      "location-before-char-end": 0,
      "location-after-char-start": 0,
      "location-after-char-end": 0,
      "node-str": "static"
    },
    {
      "type": "move-subtree",
      "node": {
        "label": "carolPropertiesFileURL",
        "type": "Parameter"
      },
      "location-before-char-start": 8464,
      "location-before-char-end": 8489,
      "location-after-char-start": 8431,
      "location-after-char-end": 8456,
      "node-str": "carolPropertiesFileURL"
    },
    {
      "type": "move-subtree",
      "node": {
        "label": "domainName",
        "type": "Parameter"
      },
      "location-before-char-start": 8492,
      "location-before-char-end": 8508,
      "location-after-char-start": 8459,
      "location-after-char-end": 8475,
      "node-str": "domainName"
    },
    {
      "type": "move-subtree",
      "node": {
        "label": "serverName",
        "type": "Parameter"
      },
      "location-before-char-start": 8511,
      "location-before-char-end": 8527,
      "location-after-char-start": 8478,
      "location-after-char-end": 8494,
      "node-str": "serverName"
    },
    {
      "type": "move-subtree",
      "node": {
        "label": "if",
        "type": "If"
      },
      "location-before-char-start": 8582,
      "location-before-char-end": 8626,
      "location-after-char-start": 8549,
      "location-after-char-end": 8593,
      "node-str": "if"
    },
    {
      "type": "move-subtree",
      "node": {
        "label": "configure",
        "type": "Invocation"
      },
      "location-before-char-start": 8665,
      "location-before-char-end": 8687,
      "location-after-char-start": 8632,
      "location-after-char-end": 8654,
      "node-str": "configure"
    },
    {
      "type": "move-subtree",
      "node": {
        "label": "carolDefaultProperties",
        "type": "LocalVariable"
      },
      "location-before-char-start": 8698,
      "location-before-char-end": 8756,
      "location-after-char-start": 8665,
      "location-after-char-end": 8723,
      "node-str": "carolDefaultProperties"
    },
    {
      "type": "move-subtree",
      "node": {
        "label": "carolProperties",
        "type": "LocalVariable"
      },
      "location-before-char-start": 8766,
      "location-before-char-end": 8839,
      "location-after-char-start": 8733,
      "location-after-char-end": 8806,
      "node-str": "carolProperties"
    },
    {
      "type": "move-subtree",
      "node": {
        "label": "\u003d",
        "type": "Assignment"
      },
      "location-before-char-start": 8984,
      "location-before-char-end": 9053,
      "location-after-char-start": 8951,
      "location-after-char-end": 9020,
      "node-str": "\u003d"
    },
    {
      "type": "move-subtree",
      "node": {
        "label": "\u003d",
        "type": "Assignment"
      },
      "location-before-char-start": 9105,
      "location-before-char-end": 9162,
      "location-after-char-start": 9072,
      "location-after-char-end": 9129,
      "node-str": "\u003d"
    },
    {
      "type": "move-subtree",
      "node": {
        "label": "\u003d",
        "type": "Assignment"
      },
      "location-before-char-start": 9201,
      "location-before-char-end": 9233,
      "location-after-char-start": 9168,
      "location-after-char-end": 9200,
      "node-str": "\u003d"
    },
    {
      "type": "move-subtree",
      "node": {
        "label": "\u003d",
        "type": "Assignment"
      },
      "location-before-char-start": 9243,
      "location-before-char-end": 9280,
      "location-after-char-start": 9210,
      "location-after-char-end": 9247,
      "node-str": "\u003d"
    },
    {
      "type": "move-subtree",
      "node": {
        "label": "\u003d",
        "type": "Assignment"
      },
      "location-before-char-start": 9321,
      "location-before-char-end": 9363,
      "location-after-char-start": 9288,
      "location-after-char-end": 9330,
      "node-str": "\u003d"
    },
    {
      "type": "move-subtree",
      "node": {
        "label": "propertyBeginLength",
        "type": "LocalVariable"
      },
      "location-before-char-start": 9432,
      "location-before-char-end": 9498,
      "location-after-char-start": 9399,
      "location-after-char-end": 9465,
      "node-str": "propertyBeginLength"
    },
    {
      "type": "move-subtree",
      "node": {
        "label": "propertyEndLength",
        "type": "LocalVariable"
      },
      "location-before-char-start": 9508,
      "location-before-char-end": 9574,
      "location-after-char-start": 9475,
      "location-after-char-end": 9541,
      "node-str": "propertyEndLength"
    },
    {
      "type": "insert-node",
      "node": {
        "label": "",
        "type": "For"
      },
      "location-after-char-start": 9551,
      "location-after-char-end": 10430,
      "node-str": ""
    },
    {
      "type": "move-subtree",
      "node": {
        "label": "protocols",
        "type": "LocalVariable"
      },
      "location-before-char-start": 11671,
      "location-before-char-end": 11746,
      "location-after-char-start": 10629,
      "location-after-char-end": 10704,
      "node-str": "protocols"
    },
    {
      "type": "move-subtree",
      "node": {
        "label": "defaultProtocol",
        "type": "LocalVariable"
      },
      "location-before-char-start": 11756,
      "location-before-char-end": 11845,
      "location-after-char-start": 10714,
      "location-after-char-end": 10803,
      "node-str": "defaultProtocol"
    },
    {
      "type": "move-subtree",
      "node": {
        "label": "if",
        "type": "If"
      },
      "location-before-char-start": 11855,
      "location-before-char-end": 12089,
      "location-after-char-start": 10813,
      "location-after-char-end": 11047,
      "node-str": "if"
    },
    {
      "type": "move-subtree",
      "node": {
        "label": "if",
        "type": "If"
      },
      "location-before-char-start": 12099,
      "location-before-char-end": 12362,
      "location-after-char-start": 11057,
      "location-after-char-end": 11320,
      "node-str": "if"
    },
    {
      "type": "move-subtree",
      "node": {
        "label": "protocolsArray",
        "type": "LocalVariable"
      },
      "location-before-char-start": 12432,
      "location-before-char-end": 12478,
      "location-after-char-start": 11390,
      "location-after-char-end": 11436,
      "node-str": "protocolsArray"
    },
    {
      "type": "move-subtree",
      "node": {
        "label": "",
        "type": "For"
      },
      "location-before-char-start": 12489,
      "location-before-char-end": 13105,
      "location-after-char-start": 11447,
      "location-after-char-end": 12063,
      "node-str": ""
    },
    {
      "type": "move-subtree",
      "node": {
        "label": "if",
        "type": "If"
      },
      "location-before-char-start": 13189,
      "location-before-char-end": 13335,
      "location-after-char-start": 12147,
      "location-after-char-end": 12293,
      "node-str": "if"
    },
    {
      "type": "move-subtree",
      "node": {
        "label": "if",
        "type": "If"
      },
      "location-before-char-start": 13346,
      "location-before-char-end": 13450,
      "location-after-char-start": 12304,
      "location-after-char-end": 12408,
      "node-str": "if"
    },
    {
      "type": "move-subtree",
      "node": {
        "label": "\u003d",
        "type": "Assignment"
      },
      "location-before-char-start": 13461,
      "location-before-char-end": 13476,
      "location-after-char-start": 12419,
      "location-after-char-end": 12434,
      "node-str": "\u003d"
    },
    {
      "type": "move-subtree",
      "node": {
        "label": "e",
        "type": "LocalVariable"
      },
      "location-before-char-start": 9589,
      "location-before-char-end": 9630,
      "location-after-char-start": 9556,
      "location-after-char-end": 9597,
      "node-str": "e"
    },
    {
      "type": "move-subtree",
      "node": {
        "label": "hasMoreElements",
        "type": "Invocation"
      },
      "location-before-char-start": 9633,
      "location-before-char-end": 9651,
      "location-after-char-start": 9600,
      "location-after-char-end": 9618,
      "node-str": "hasMoreElements"
    },
    {
      "type": "move-subtree",
      "node": {
        "label": "key",
        "type": "LocalVariable"
      },
      "location-before-char-start": 9669,
      "location-before-char-end": 9706,
      "location-after-char-start": 9636,
      "location-after-char-end": 9673,
      "node-str": "key"
    },
    {
      "type": "insert-node",
      "node": {
        "label": "if",
        "type": "If"
      },
      "location-after-char-start": 9792,
      "location-after-char-end": 10420,
      "node-str": "if"
    },
    {
      "type": "move-subtree",
      "node": {
        "label": "AND",
        "type": "BinaryOperator"
      },
      "location-before-char-start": 9829,
      "location-before-char-end": 9926,
      "location-after-char-start": 9796,
      "location-after-char-end": 9893,
      "node-str": "AND"
    },
    {
      "type": "insert-node",
      "node": {
        "label": "THEN",
        "type": "then"
      },
      "location-after-char-start": 9896,
      "location-after-char-end": 10420,
      "node-str": "THEN"
    },
    {
      "type": "move-subtree",
      "node": {
        "label": "protocolName",
        "type": "LocalVariable"
      },
      "location-before-char-start": 9988,
      "location-before-char-end": 10086,
      "location-after-char-start": 9955,
      "location-after-char-end": 10053,
      "node-str": "protocolName"
    },
    {
      "type": "move-subtree",
      "node": {
        "label": "if",
        "type": "If"
      },
      "location-before-char-start": 10138,
      "location-before-char-end": 10292,
      "location-after-char-start": 10105,
      "location-after-char-end": 10259,
      "node-str": "if"
    },
    {
      "type": "insert-node",
      "node": {
        "label": "protocol",
        "type": "LocalVariable"
      },
      "location-after-char-start": 10277,
      "location-after-char-end": 10343,
      "node-str": "protocol"
    },
    {
      "type": "move-subtree",
      "node": {
        "label": "put",
        "type": "Invocation"
      },
      "location-before-char-start": 10386,
      "location-before-char-end": 10430,
      "location-after-char-start": 10361,
      "location-after-char-end": 10405,
      "node-str": "put"
    },
    {
      "type": "move-subtree",
      "node": {
        "label": "org.objectweb.carol.util.configuration.Protocol",
        "type": "VARIABLE_TYPE"
      },
      "location-before-char-start": 0,
      "location-before-char-end": 0,
      "location-after-char-start": 0,
      "location-after-char-end": 0,
      "node-str": "org.objectweb.carol.util.configuration.Protocol"
    },
    {
      "type": "insert-node",
      "node": {
        "label": "org.objectweb.carol.util.configuration.Protocol(java.lang.String,java.util.Properties,org.apache.commons.logging.Log)",
        "type": "ConstructorCall"
      },
      "location-after-char-start": 10297,
      "location-after-char-end": 10342,
      "node-str": "org.objectweb.carol.util.configuration.Protocol(java.lang.String,java.util.Properties,org.apache.commons.logging.Log)"
    },
    {
      "type": "move-subtree",
      "node": {
        "label": "protocolName",
        "type": "VariableRead"
      },
      "location-before-char-start": 10343,
      "location-before-char-end": 10354,
      "location-after-char-start": 10310,
      "location-after-char-end": 10321,
      "node-str": "protocolName"
    },
    {
      "type": "move-subtree",
      "node": {
        "label": "properties",
        "type": "FieldRead"
      },
      "location-before-char-start": 10357,
      "location-before-char-end": 10366,
      "location-after-char-start": 10324,
      "location-after-char-end": 10333,
      "node-str": "properties"
    },
    {
      "type": "move-subtree",
      "node": {
        "label": "logger",
        "type": "FieldRead"
      },
      "location-before-char-start": 11043,
      "location-before-char-end": 11048,
      "location-after-char-start": 10336,
      "location-after-char-end": 10341,
      "node-str": "logger"
    },
    {
      "type": "delete-node",
      "node": {
        "label": "org.objectweb.carol.util.configuration.Protocol(java.lang.String,java.util.Properties)",
        "type": "ConstructorCall"
      },
      "location-before-char-start": 10330,
      "location-before-char-end": 10367,
      "node-str": "org.objectweb.carol.util.configuration.Protocol(java.lang.String,java.util.Properties)"
    },
    {
      "type": "delete-node",
      "node": {
        "label": "protocol",
        "type": "LocalVariable"
      },
      "location-before-char-start": 10310,
      "location-before-char-end": 10368,
      "node-str": "protocol"
    },
    {
      "type": "delete-node",
      "node": {
        "label": "protocolName",
        "type": "VariableRead"
      },
      "location-before-char-start": 10505,
      "location-before-char-end": 10516,
      "node-str": "protocolName"
    },
    {
      "type": "delete-node",
      "node": {
        "label": "\"cmi\"",
        "type": "Literal"
      },
      "location-before-char-start": 10525,
      "location-before-char-end": 10529,
      "node-str": "\"cmi\""
    },
    {
      "type": "delete-node",
      "node": {
        "label": "equals",
        "type": "Invocation"
      },
      "location-before-char-start": 10505,
      "location-before-char-end": 10530,
      "node-str": "equals"
    },
    {
      "type": "delete-node",
      "node": {
        "label": "java.lang.Class",
        "type": "VARIABLE_TYPE"
      },
      "location-before-char-start": 0,
      "location-before-char-end": 0,
      "node-str": "java.lang.Class"
    },
    {
      "type": "delete-node",
      "node": {
        "label": "java.lang.Thread",
        "type": "TypeAccess"
      },
      "location-before-char-start": 10689,
      "location-before-char-end": 10694,
      "node-str": "java.lang.Thread"
    },
    {
      "type": "delete-node",
      "node": {
        "label": "currentThread",
        "type": "Invocation"
      },
      "location-before-char-start": 10689,
      "location-before-char-end": 10710,
      "node-str": "currentThread"
    },
    {
      "type": "delete-node",
      "node": {
        "label": "getContextClassLoader",
        "type": "Invocation"
      },
      "location-before-char-start": 10689,
      "location-before-char-end": 10734,
      "node-str": "getContextClassLoader"
    },
    {
      "type": "delete-node",
      "node": {
        "label": "\"org.objectweb.carol.cmi.ServerConfig\"",
        "type": "Literal"
      },
      "location-before-char-start": 10746,
      "location-before-char-end": 10783,
      "node-str": "\"org.objectweb.carol.cmi.ServerConfig\""
    },
    {
      "type": "delete-node",
      "node": {
        "label": "loadClass",
        "type": "Invocation"
      },
      "location-before-char-start": 10689,
      "location-before-char-end": 10784,
      "node-str": "loadClass"
    },
    {
      "type": "delete-node",
      "node": {
        "label": "clazz",
        "type": "LocalVariable"
      },
      "location-before-char-start": 10675,
      "location-before-char-end": 10785,
      "node-str": "clazz"
    },
    {
      "type": "delete-node",
      "node": {
        "label": "java.lang.reflect.Method",
        "type": "VARIABLE_TYPE"
      },
      "location-before-char-start": 0,
      "location-before-char-end": 0,
      "node-str": "java.lang.reflect.Method"
    },
    {
      "type": "delete-node",
      "node": {
        "label": "clazz",
        "type": "VariableRead"
      },
      "location-before-char-start": 10822,
      "location-before-char-end": 10826,
      "node-str": "clazz"
    },
    {
      "type": "delete-node",
      "node": {
        "label": "\"setProperties\"",
        "type": "Literal"
      },
      "location-before-char-start": 10838,
      "location-before-char-end": 10852,
      "node-str": "\"setProperties\""
    },
    {
      "type": "delete-node",
      "node": {
        "label": "java.util.Properties",
        "type": "TypeAccess"
      },
      "location-before-char-start": 0,
      "location-before-char-end": 0,
      "node-str": "java.util.Properties"
    },
    {
      "type": "delete-node",
      "node": {
        "label": "class",
        "type": "FieldRead"
      },
      "location-before-char-start": 10868,
      "location-before-char-end": 10883,
      "node-str": "class"
    },
    {
      "type": "delete-node",
      "node": {
        "label": "",
        "type": "NewArray"
      },
      "location-before-char-start": 10855,
      "location-before-char-end": 10884,
      "node-str": ""
    },
    {
      "type": "delete-node",
      "node": {
        "label": "getMethod",
        "type": "Invocation"
      },
      "location-before-char-start": 10822,
      "location-before-char-end": 10885,
      "node-str": "getMethod"
    },
    {
      "type": "delete-node",
      "node": {
        "label": "m",
        "type": "LocalVariable"
      },
      "location-before-char-start": 10811,
      "location-before-char-end": 10886,
      "node-str": "m"
    },
    {
      "type": "delete-node",
      "node": {
        "label": "m",
        "type": "VariableRead"
      },
      "location-before-char-start": 10912,
      "location-before-char-end": 10912,
      "node-str": "m"
    },
    {
      "type": "delete-node",
      "node": {
        "label": "null",
        "type": "Literal"
      },
      "location-before-char-start": 10921,
      "location-before-char-end": 10924,
      "node-str": "null"
    },
    {
      "type": "delete-node",
      "node": {
        "label": "properties",
        "type": "FieldRead"
      },
      "location-before-char-start": 10941,
      "location-before-char-end": 10950,
      "node-str": "properties"
    },
    {
      "type": "delete-node",
      "node": {
        "label": "",
        "type": "NewArray"
      },
      "location-before-char-start": 10927,
      "location-before-char-end": 10951,
      "node-str": ""
    },
    {
      "type": "delete-node",
      "node": {
        "label": "invoke",
        "type": "Invocation"
      },
      "location-before-char-start": 10912,
      "location-before-char-end": 10953,
      "node-str": "invoke"
    },
    {
      "type": "delete-node",
      "node": {
        "label": "java.lang.NoClassDefFoundError",
        "type": "VARIABLE_TYPE"
      },
      "location-before-char-start": 0,
      "location-before-char-end": 0,
      "node-str": "java.lang.NoClassDefFoundError"
    },
    {
      "type": "delete-node",
      "node": {
        "label": "ncdfe",
        "type": "CatchVariable"
      },
      "location-before-char-start": 10985,
      "location-before-char-end": 11010,
      "node-str": "ncdfe"
    },
    {
      "type": "delete-node",
      "node": {
        "label": "isDebugEnabled",
        "type": "Invocation"
      },
      "location-before-char-start": 11043,
      "location-before-char-end": 11065,
      "node-str": "isDebugEnabled"
    },
    {
      "type": "delete-node",
      "node": {
        "label": "logger",
        "type": "FieldRead"
      },
      "location-before-char-start": 11098,
      "location-before-char-end": 11103,
      "node-str": "logger"
    },
    {
      "type": "delete-node",
      "node": {
        "label": "\"Cmi is not available, don\u0027t configure it.\"",
        "type": "Literal"
      },
      "location-before-char-start": 11111,
      "location-before-char-end": 11153,
      "node-str": "\"Cmi is not available, don\u0027t configure it.\""
    },
    {
      "type": "delete-node",
      "node": {
        "label": "debug",
        "type": "Invocation"
      },
      "location-before-char-start": 11098,
      "location-before-char-end": 11155,
      "node-str": "debug"
    },
    {
      "type": "delete-node",
      "node": {
        "label": "THEN",
        "type": "then"
      },
      "location-before-char-start": 11068,
      "location-before-char-end": 11181,
      "node-str": "THEN"
    },
    {
      "type": "delete-node",
      "node": {
        "label": "if",
        "type": "If"
      },
      "location-before-char-start": 11039,
      "location-before-char-end": 11181,
      "node-str": "if"
    },
    {
      "type": "delete-node",
      "node": {
        "label": "",
        "type": "Catch"
      },
      "location-before-char-start": 10977,
      "location-before-char-end": 11203,
      "node-str": ""
    },
    {
      "type": "delete-node",
      "node": {
        "label": "java.lang.Exception",
        "type": "VARIABLE_TYPE"
      },
      "location-before-char-start": 0,
      "location-before-char-end": 0,
      "node-str": "java.lang.Exception"
    },
    {
      "type": "delete-node",
      "node": {
        "label": "ex",
        "type": "CatchVariable"
      },
      "location-before-char-start": 11212,
      "location-before-char-end": 11223,
      "node-str": "ex"
    },
    {
      "type": "delete-node",
      "node": {
        "label": "org.objectweb.carol.util.configuration.TraceCarol",
        "type": "TypeAccess"
      },
      "location-before-char-start": 11252,
      "location-before-char-end": 11261,
      "node-str": "org.objectweb.carol.util.configuration.TraceCarol"
    },
    {
      "type": "delete-node",
      "node": {
        "label": "\"Cannot set the cmi configuration.\"",
        "type": "Literal"
      },
      "location-before-char-start": 11269,
      "location-before-char-end": 11303,
      "node-str": "\"Cannot set the cmi configuration.\""
    },
    {
      "type": "delete-node",
      "node": {
        "label": "ex",
        "type": "VariableRead"
      },
      "location-before-char-start": 11306,
      "location-before-char-end": 11307,
      "node-str": "ex"
    },
    {
      "type": "delete-node",
      "node": {
        "label": "error",
        "type": "Invocation"
      },
      "location-before-char-start": 11252,
      "location-before-char-end": 11309,
      "node-str": "error"
    },
    {
      "type": "delete-node",
      "node": {
        "label": "\"Cannot set the cmi configuration.\"",
        "type": "Literal"
      },
      "location-before-char-start": 11368,
      "location-before-char-end": 11402,
      "node-str": "\"Cannot set the cmi configuration.\""
    },
    {
      "type": "delete-node",
      "node": {
        "label": "ex",
        "type": "VariableRead"
      },
      "location-before-char-start": 11405,
      "location-before-char-end": 11406,
      "node-str": "ex"
    },
    {
      "type": "delete-node",
      "node": {
        "label": "org.objectweb.carol.util.configuration.ConfigurationException(java.lang.String,java.lang.Exception)",
        "type": "ConstructorCall"
      },
      "location-before-char-start": 11341,
      "location-before-char-end": 11407,
      "node-str": "org.objectweb.carol.util.configuration.ConfigurationException(java.lang.String,java.lang.Exception)"
    },
    {
      "type": "delete-node",
      "node": {
        "label": "",
        "type": "Throw"
      },
      "location-before-char-start": 11335,
      "location-before-char-end": 11408,
      "node-str": ""
    },
    {
      "type": "delete-node",
      "node": {
        "label": "",
        "type": "Catch"
      },
      "location-before-char-start": 11204,
      "location-before-char-end": 11430,
      "node-str": ""
    },
    {
      "type": "delete-node",
      "node": {
        "label": "",
        "type": "Try"
      },
      "location-before-char-start": 10555,
      "location-before-char-end": 11430,
      "node-str": ""
    },
    {
      "type": "delete-node",
      "node": {
        "label": "THEN",
        "type": "then"
      },
      "location-before-char-start": 10533,
      "location-before-char-end": 11448,
      "node-str": "THEN"
    },
    {
      "type": "delete-node",
      "node": {
        "label": "if",
        "type": "If"
      },
      "location-before-char-start": 10501,
      "location-before-char-end": 11448,
      "node-str": "if"
    },
    {
      "type": "delete-node",
      "node": {
        "label": "THEN",
        "type": "then"
      },
      "location-before-char-start": 9929,
      "location-before-char-end": 11462,
      "node-str": "THEN"
    },
    {
      "type": "delete-node",
      "node": {
        "label": "if",
        "type": "If"
      },
      "location-before-char-start": 9825,
      "location-before-char-end": 11462,
      "node-str": "if"
    },
    {
      "type": "delete-node",
      "node": {
        "label": "",
        "type": "For"
      },
      "location-before-char-start": 9584,
      "location-before-char-end": 11472,
      "node-str": ""
    },
    {
      "type": "delete-node",
      "node": {
        "label": "init",
        "type": "Method"
      },
      "location-before-char-start": 8088,
      "location-before-char-end": 13482,
      "node-str": "init"
    }
  ],
  "before-file": {},
  "after-file": {},
  "mapping": {}
}