{
  "tool-info": {},
  "diff": [
    {
      "type": "insert-node",
      "node": {
        "label": "workbench",
        "type": "Field"
      },
      "location-after-char-start": 1250,
      "location-after-char-end": 1278,
      "node-str": "workbench"
    },
    {
      "type": "insert-node",
      "node": {
        "label": "org.eclipse.ui.wizards.datatransfer.IWorkbench",
        "type": "VARIABLE_TYPE"
      },
      "location-after-char-start": 0,
      "location-after-char-end": 0,
      "node-str": "org.eclipse.ui.wizards.datatransfer.IWorkbench"
    },
    {
      "type": "update-node",
      "node": {
        "label": "org.eclipse.ui.IWorkbench",
        "type": "VARIABLE_TYPE"
      },
      "location-before-char-start": 0,
      "location-before-char-end": 0,
      "location-after-char-start": 0,
      "location-after-char-end": 0,
      "node-str": "IWorkbench"
    },
    {
      "type": "update-node",
      "node": {
        "label": "org.eclipse.ui.wizards.datatransfer.DataTransferMessages",
        "type": "TypeAccess"
      },
      "location-before-char-start": 2923,
      "location-before-char-end": 2942,
      "location-after-char-start": 2804,
      "location-after-char-end": 2823,
      "node-str": "DataTransferMessages"
    },
    {
      "type": "delete-node",
      "node": {
        "label": "org.eclipse.ui.IWorkbench",
        "type": "VARIABLE_TYPE"
      },
      "location-before-char-start": 0,
      "location-before-char-end": 0,
      "node-str": "org.eclipse.ui.IWorkbench"
    },
    {
      "type": "delete-node",
      "node": {
        "label": "workbench",
        "type": "Field"
      },
      "location-before-char-start": 1369,
      "location-before-char-end": 1397,
      "node-str": "workbench"
    }
  ],
  "before-file": {},
  "after-file": {},
  "mapping": {}
}