{
  "tool-info": {},
  "diff": [
    {
      "type": "insert-node",
      "node": {
        "label": "",
        "type": "PackageDeclaration"
      },
      "location-after-char-start": 338,
      "location-after-char-end": 366,
      "node-str": ""
    },
    {
      "type": "insert-node",
      "node": {
        "label": "",
        "type": "ImportDeclaration"
      },
      "location-after-char-start": 368,
      "location-after-char-end": 394,
      "node-str": ""
    },
    {
      "type": "insert-node",
      "node": {
        "label": "",
        "type": "ImportDeclaration"
      },
      "location-after-char-start": 395,
      "location-after-char-end": 426,
      "node-str": ""
    },
    {
      "type": "insert-node",
      "node": {
        "label": "",
        "type": "ImportDeclaration"
      },
      "location-after-char-start": 427,
      "location-after-char-end": 457,
      "node-str": ""
    },
    {
      "type": "insert-node",
      "node": {
        "label": "",
        "type": "ImportDeclaration"
      },
      "location-after-char-start": 459,
      "location-after-char-end": 477,
      "node-str": ""
    },
    {
      "type": "insert-node",
      "node": {
        "label": "",
        "type": "ImportDeclaration"
      },
      "location-after-char-start": 478,
      "location-after-char-end": 495,
      "node-str": ""
    },
    {
      "type": "insert-node",
      "node": {
        "label": "",
        "type": "TypeDeclaration"
      },
      "location-after-char-start": 497,
      "location-after-char-end": 6802,
      "node-str": ""
    },
    {
      "type": "insert-node",
      "node": {
        "label": "CH.ifa.draw.figures",
        "type": "QualifiedName"
      },
      "location-after-char-start": 346,
      "location-after-char-end": 365,
      "node-str": "CH.ifa.draw.figures"
    },
    {
      "type": "insert-node",
      "node": {
        "label": "CH.ifa.draw.util",
        "type": "QualifiedName"
      },
      "location-after-char-start": 375,
      "location-after-char-end": 391,
      "node-str": "CH.ifa.draw.util"
    },
    {
      "type": "insert-node",
      "node": {
        "label": "CH.ifa.draw.framework",
        "type": "QualifiedName"
      },
      "location-after-char-start": 402,
      "location-after-char-end": 423,
      "node-str": "CH.ifa.draw.framework"
    },
    {
      "type": "insert-node",
      "node": {
        "label": "CH.ifa.draw.standard",
        "type": "QualifiedName"
      },
      "location-after-char-start": 434,
      "location-after-char-end": 454,
      "node-str": "CH.ifa.draw.standard"
    },
    {
      "type": "insert-node",
      "node": {
        "label": "java.awt",
        "type": "QualifiedName"
      },
      "location-after-char-start": 466,
      "location-after-char-end": 474,
      "node-str": "java.awt"
    },
    {
      "type": "insert-node",
      "node": {
        "label": "java.io",
        "type": "QualifiedName"
      },
      "location-after-char-start": 485,
      "location-after-char-end": 492,
      "node-str": "java.io"
    },
    {
      "type": "insert-node",
      "node": {
        "label": "",
        "type": "Javadoc"
      },
      "location-after-char-start": 497,
      "location-after-char-end": 746,
      "node-str": ""
    },
    {
      "type": "insert-node",
      "node": {
        "label": "public",
        "type": "Modifier"
      },
      "location-after-char-start": 747,
      "location-after-char-end": 753,
      "node-str": "public"
    },
    {
      "type": "insert-node",
      "node": {
        "label": "abstract",
        "type": "Modifier"
      },
      "location-after-char-start": 754,
      "location-after-char-end": 762,
      "node-str": "abstract"
    },
    {
      "type": "insert-node",
      "node": {
        "label": "class",
        "type": "TYPE_DECLARATION_KIND"
      },
      "location-after-char-start": 763,
      "location-after-char-end": 768,
      "node-str": "class"
    },
    {
      "type": "insert-node",
      "node": {
        "label": "AttributeFigure",
        "type": "SimpleName"
      },
      "location-after-char-start": 769,
      "location-after-char-end": 784,
      "node-str": "AttributeFigure"
    },
    {
      "type": "insert-node",
      "node": {
        "label": "",
        "type": "SimpleType"
      },
      "location-after-char-start": 793,
      "location-after-char-end": 807,
      "node-str": ""
    },
    {
      "type": "move-subtree",
      "node": {
        "label": "",
        "type": "FieldDeclaration"
      },
      "location-before-char-start": 832,
      "location-before-char-end": 1061,
      "location-after-char-start": 812,
      "location-after-char-end": 1041,
      "node-str": ""
    },
    {
      "type": "move-subtree",
      "node": {
        "label": "",
        "type": "FieldDeclaration"
      },
      "location-before-char-start": 1064,
      "location-before-char-end": 1343,
      "location-after-char-start": 1044,
      "location-after-char-end": 1323,
      "node-str": ""
    },
    {
      "type": "move-subtree",
      "node": {
        "label": "",
        "type": "FieldDeclaration"
      },
      "location-before-char-start": 1382,
      "location-before-char-end": 1447,
      "location-after-char-start": 1362,
      "location-after-char-end": 1427,
      "node-str": ""
    },
    {
      "type": "insert-node",
      "node": {
        "label": "",
        "type": "FieldDeclaration"
      },
      "location-after-char-start": 1429,
      "location-after-char-end": 1482,
      "node-str": ""
    },
    {
      "type": "insert-node",
      "node": {
        "label": "",
        "type": "MethodDeclaration"
      },
      "location-after-char-start": 1485,
      "location-after-char-end": 1516,
      "node-str": ""
    },
    {
      "type": "move-subtree",
      "node": {
        "label": "",
        "type": "MethodDeclaration"
      },
      "location-before-char-start": 1539,
      "location-before-char-end": 1935,
      "location-after-char-start": 1519,
      "location-after-char-end": 1915,
      "node-str": ""
    },
    {
      "type": "move-subtree",
      "node": {
        "label": "",
        "type": "MethodDeclaration"
      },
      "location-before-char-start": 1938,
      "location-before-char-end": 2049,
      "location-after-char-start": 1918,
      "location-after-char-end": 2029,
      "node-str": ""
    },
    {
      "type": "move-subtree",
      "node": {
        "label": "",
        "type": "MethodDeclaration"
      },
      "location-before-char-start": 2052,
      "location-before-char-end": 2153,
      "location-after-char-start": 2032,
      "location-after-char-end": 2133,
      "node-str": ""
    },
    {
      "type": "move-subtree",
      "node": {
        "label": "",
        "type": "MethodDeclaration"
      },
      "location-before-char-start": 2156,
      "location-before-char-end": 2359,
      "location-after-char-start": 2136,
      "location-after-char-end": 2339,
      "node-str": ""
    },
    {
      "type": "move-subtree",
      "node": {
        "label": "",
        "type": "MethodDeclaration"
      },
      "location-before-char-start": 2362,
      "location-before-char-end": 2568,
      "location-after-char-start": 2342,
      "location-after-char-end": 2548,
      "node-str": ""
    },
    {
      "type": "move-subtree",
      "node": {
        "label": "",
        "type": "MethodDeclaration"
      },
      "location-before-char-start": 2633,
      "location-before-char-end": 3293,
      "location-after-char-start": 2613,
      "location-after-char-end": 3273,
      "node-str": ""
    },
    {
      "type": "move-subtree",
      "node": {
        "label": "",
        "type": "MethodDeclaration"
      },
      "location-before-char-start": 3296,
      "location-before-char-end": 3645,
      "location-after-char-start": 3276,
      "location-after-char-end": 3625,
      "node-str": ""
    },
    {
      "type": "insert-node",
      "node": {
        "label": "",
        "type": "MethodDeclaration"
      },
      "location-after-char-start": 3628,
      "location-after-char-end": 4376,
      "node-str": ""
    },
    {
      "type": "move-subtree",
      "node": {
        "label": "",
        "type": "MethodDeclaration"
      },
      "location-before-char-start": 4399,
      "location-before-char-end": 4686,
      "location-after-char-start": 4379,
      "location-after-char-end": 4666,
      "node-str": ""
    },
    {
      "type": "move-subtree",
      "node": {
        "label": "",
        "type": "MethodDeclaration"
      },
      "location-before-char-start": 4689,
      "location-before-char-end": 4898,
      "location-after-char-start": 4669,
      "location-after-char-end": 4878,
      "node-str": ""
    },
    {
      "type": "move-subtree",
      "node": {
        "label": "",
        "type": "MethodDeclaration"
      },
      "location-before-char-start": 4900,
      "location-before-char-end": 5178,
      "location-after-char-start": 4880,
      "location-after-char-end": 5158,
      "node-str": ""
    },
    {
      "type": "move-subtree",
      "node": {
        "label": "",
        "type": "MethodDeclaration"
      },
      "location-before-char-start": 5181,
      "location-before-char-end": 5441,
      "location-after-char-start": 5161,
      "location-after-char-end": 5421,
      "node-str": ""
    },
    {
      "type": "move-subtree",
      "node": {
        "label": "",
        "type": "MethodDeclaration"
      },
      "location-before-char-start": 5444,
      "location-before-char-end": 5622,
      "location-after-char-start": 5424,
      "location-after-char-end": 5602,
      "node-str": ""
    },
    {
      "type": "move-subtree",
      "node": {
        "label": "",
        "type": "MethodDeclaration"
      },
      "location-before-char-start": 5625,
      "location-before-char-end": 5843,
      "location-after-char-start": 5605,
      "location-after-char-end": 5823,
      "node-str": ""
    },
    {
      "type": "move-subtree",
      "node": {
        "label": "",
        "type": "MethodDeclaration"
      },
      "location-before-char-start": 5846,
      "location-before-char-end": 6100,
      "location-after-char-start": 5826,
      "location-after-char-end": 6080,
      "node-str": ""
    },
    {
      "type": "move-subtree",
      "node": {
        "label": "",
        "type": "MethodDeclaration"
      },
      "location-before-char-start": 6103,
      "location-before-char-end": 6378,
      "location-after-char-start": 6083,
      "location-after-char-end": 6358,
      "node-str": ""
    },
    {
      "type": "move-subtree",
      "node": {
        "label": "",
        "type": "MethodDeclaration"
      },
      "location-before-char-start": 6381,
      "location-before-char-end": 6820,
      "location-after-char-start": 6361,
      "location-after-char-end": 6800,
      "node-str": ""
    },
    {
      "type": "insert-node",
      "node": {
        "label": "",
        "type": "TagElement"
      },
      "location-after-char-start": 504,
      "location-after-char-end": 649,
      "node-str": ""
    },
    {
      "type": "insert-node",
      "node": {
        "label": "",
        "type": "TagElement"
      },
      "location-after-char-start": 656,
      "location-after-char-end": 667,
      "node-str": ""
    },
    {
      "type": "insert-node",
      "node": {
        "label": "",
        "type": "TagElement"
      },
      "location-after-char-start": 671,
      "location-after-char-end": 682,
      "node-str": ""
    },
    {
      "type": "insert-node",
      "node": {
        "label": "",
        "type": "TagElement"
      },
      "location-after-char-start": 686,
      "location-after-char-end": 707,
      "node-str": ""
    },
    {
      "type": "insert-node",
      "node": {
        "label": "",
        "type": "TagElement"
      },
      "location-after-char-start": 714,
      "location-after-char-end": 742,
      "node-str": ""
    },
    {
      "type": "insert-node",
      "node": {
        "label": "AbstractFigure",
        "type": "SimpleName"
      },
      "location-after-char-start": 793,
      "location-after-char-end": 807,
      "node-str": "AbstractFigure"
    },
    {
      "type": "insert-node",
      "node": {
        "label": "private",
        "type": "Modifier"
      },
      "location-after-char-start": 1429,
      "location-after-char-end": 1436,
      "node-str": "private"
    },
    {
      "type": "insert-node",
      "node": {
        "label": "int",
        "type": "PrimitiveType"
      },
      "location-after-char-start": 1437,
      "location-after-char-end": 1440,
      "node-str": "int"
    },
    {
      "type": "insert-node",
      "node": {
        "label": "",
        "type": "VariableDeclarationFragment"
      },
      "location-after-char-start": 1441,
      "location-after-char-end": 1481,
      "node-str": ""
    },
    {
      "type": "insert-node",
      "node": {
        "label": "protected",
        "type": "Modifier"
      },
      "location-after-char-start": 1485,
      "location-after-char-end": 1494,
      "node-str": "protected"
    },
    {
      "type": "insert-node",
      "node": {
        "label": "AttributeFigure",
        "type": "SimpleName"
      },
      "location-after-char-start": 1495,
      "location-after-char-end": 1510,
      "node-str": "AttributeFigure"
    },
    {
      "type": "insert-node",
      "node": {
        "label": "",
        "type": "Block"
      },
      "location-after-char-start": 1513,
      "location-after-char-end": 1516,
      "node-str": ""
    },
    {
      "type": "insert-node",
      "node": {
        "label": "",
        "type": "Javadoc"
      },
      "location-after-char-start": 3628,
      "location-after-char-end": 4031,
      "node-str": ""
    },
    {
      "type": "insert-node",
      "node": {
        "label": "public",
        "type": "Modifier"
      },
      "location-after-char-start": 4033,
      "location-after-char-end": 4039,
      "node-str": "public"
    },
    {
      "type": "insert-node",
      "node": {
        "label": "static",
        "type": "Modifier"
      },
      "location-after-char-start": 4040,
      "location-after-char-end": 4046,
      "node-str": "static"
    },
    {
      "type": "insert-node",
      "node": {
        "label": "",
        "type": "SimpleType"
      },
      "location-after-char-start": 4047,
      "location-after-char-end": 4053,
      "node-str": ""
    },
    {
      "type": "insert-node",
      "node": {
        "label": "initDefaultAttribute",
        "type": "SimpleName"
      },
      "location-after-char-start": 4054,
      "location-after-char-end": 4074,
      "node-str": "initDefaultAttribute"
    },
    {
      "type": "insert-node",
      "node": {
        "label": "",
        "type": "SingleVariableDeclaration"
      },
      "location-after-char-start": 4075,
      "location-after-char-end": 4086,
      "node-str": ""
    },
    {
      "type": "insert-node",
      "node": {
        "label": "",
        "type": "SingleVariableDeclaration"
      },
      "location-after-char-start": 4088,
      "location-after-char-end": 4100,
      "node-str": ""
    },
    {
      "type": "move-subtree",
      "node": {
        "label": "",
        "type": "Block"
      },
      "location-before-char-start": 4122,
      "location-before-char-end": 4396,
      "location-after-char-start": 4102,
      "location-after-char-end": 4376,
      "node-str": ""
    },
    {
      "type": "insert-node",
      "node": {
        "label": "A figure that can keep track of an open ended set of attributes.",
        "type": "TextElement"
      },
      "location-after-char-start": 504,
      "location-after-char-end": 568,
      "node-str": "A figure that can keep track of an open ended set of attributes."
    },
    {
      "type": "insert-node",
      "node": {
        "label": "The attributes are stored in a dictionary implemented by",
        "type": "TextElement"
      },
      "location-after-char-start": 572,
      "location-after-char-end": 628,
      "node-str": "The attributes are stored in a dictionary implemented by"
    },
    {
      "type": "insert-node",
      "node": {
        "label": "FigureAttributes.",
        "type": "TextElement"
      },
      "location-after-char-start": 632,
      "location-after-char-end": 649,
      "node-str": "FigureAttributes."
    },
    {
      "type": "insert-node",
      "node": {
        "label": "Figure",
        "type": "SimpleName"
      },
      "location-after-char-start": 661,
      "location-after-char-end": 667,
      "node-str": "Figure"
    },
    {
      "type": "insert-node",
      "node": {
        "label": "Handle",
        "type": "SimpleName"
      },
      "location-after-char-start": 676,
      "location-after-char-end": 682,
      "node-str": "Handle"
    },
    {
      "type": "insert-node",
      "node": {
        "label": "FigureAttributes",
        "type": "SimpleName"
      },
      "location-after-char-start": 691,
      "location-after-char-end": 707,
      "node-str": "FigureAttributes"
    },
    {
      "type": "insert-node",
      "node": {
        "label": " \u003c$CURRENT_VERSION$\u003e",
        "type": "TextElement"
      },
      "location-after-char-start": 722,
      "location-after-char-end": 742,
      "node-str": " \u003c$CURRENT_VERSION$\u003e"
    },
    {
      "type": "insert-node",
      "node": {
        "label": "attributeFigureSerializedDataVersion",
        "type": "SimpleName"
      },
      "location-after-char-start": 1441,
      "location-after-char-end": 1477,
      "node-str": "attributeFigureSerializedDataVersion"
    },
    {
      "type": "insert-node",
      "node": {
        "label": "1",
        "type": "NumberLiteral"
      },
      "location-after-char-start": 1480,
      "location-after-char-end": 1481,
      "node-str": "1"
    },
    {
      "type": "insert-node",
      "node": {
        "label": "",
        "type": "TagElement"
      },
      "location-after-char-start": 3636,
      "location-after-char-end": 3969,
      "node-str": ""
    },
    {
      "type": "insert-node",
      "node": {
        "label": "",
        "type": "TagElement"
      },
      "location-after-char-start": 3978,
      "location-after-char-end": 3996,
      "node-str": ""
    },
    {
      "type": "insert-node",
      "node": {
        "label": "",
        "type": "TagElement"
      },
      "location-after-char-start": 4001,
      "location-after-char-end": 4026,
      "node-str": ""
    },
    {
      "type": "insert-node",
      "node": {
        "label": "Object",
        "type": "SimpleName"
      },
      "location-after-char-start": 4047,
      "location-after-char-end": 4053,
      "node-str": "Object"
    },
    {
      "type": "insert-node",
      "node": {
        "label": "",
        "type": "SimpleType"
      },
      "location-after-char-start": 4075,
      "location-after-char-end": 4081,
      "node-str": ""
    },
    {
      "type": "insert-node",
      "node": {
        "label": "name",
        "type": "SimpleName"
      },
      "location-after-char-start": 4082,
      "location-after-char-end": 4086,
      "node-str": "name"
    },
    {
      "type": "insert-node",
      "node": {
        "label": "",
        "type": "SimpleType"
      },
      "location-after-char-start": 4088,
      "location-after-char-end": 4094,
      "node-str": ""
    },
    {
      "type": "insert-node",
      "node": {
        "label": "value",
        "type": "SimpleName"
      },
      "location-after-char-start": 4095,
      "location-after-char-end": 4100,
      "node-str": "value"
    },
    {
      "type": "insert-node",
      "node": {
        "label": "Initializes a  default value for a named attribute",
        "type": "TextElement"
      },
      "location-after-char-start": 3636,
      "location-after-char-end": 3686,
      "node-str": "Initializes a  default value for a named attribute"
    },
    {
      "type": "insert-node",
      "node": {
        "label": "The difference between this method and setDefaultAttribute is that",
        "type": "TextElement"
      },
      "location-after-char-start": 3691,
      "location-after-char-end": 3757,
      "node-str": "The difference between this method and setDefaultAttribute is that"
    },
    {
      "type": "insert-node",
      "node": {
        "label": "if the attribute is already set then it will not be changed.\u003cBR\u003e",
        "type": "TextElement"
      },
      "location-after-char-start": 3762,
      "location-after-char-end": 3826,
      "node-str": "if the attribute is already set then it will not be changed.\u003cBR\u003e"
    },
    {
      "type": "insert-node",
      "node": {
        "label": "The purpose is to allow more than one source requiring the attribute",
        "type": "TextElement"
      },
      "location-after-char-start": 3831,
      "location-after-char-end": 3899,
      "node-str": "The purpose is to allow more than one source requiring the attribute"
    },
    {
      "type": "insert-node",
      "node": {
        "label": "to initialize it, but only the first initialization will be used.",
        "type": "TextElement"
      },
      "location-after-char-start": 3904,
      "location-after-char-end": 3969,
      "node-str": "to initialize it, but only the first initialization will be used."
    },
    {
      "type": "insert-node",
      "node": {
        "label": "",
        "type": "MemberRef"
      },
      "location-after-char-start": 3983,
      "location-after-char-end": 3996,
      "node-str": ""
    },
    {
      "type": "insert-node",
      "node": {
        "label": "",
        "type": "MemberRef"
      },
      "location-after-char-start": 4006,
      "location-after-char-end": 4026,
      "node-str": ""
    },
    {
      "type": "insert-node",
      "node": {
        "label": "String",
        "type": "SimpleName"
      },
      "location-after-char-start": 4075,
      "location-after-char-end": 4081,
      "node-str": "String"
    },
    {
      "type": "insert-node",
      "node": {
        "label": "Object",
        "type": "SimpleName"
      },
      "location-after-char-start": 4088,
      "location-after-char-end": 4094,
      "node-str": "Object"
    },
    {
      "type": "insert-node",
      "node": {
        "label": "getAttribute",
        "type": "SimpleName"
      },
      "location-after-char-start": 3984,
      "location-after-char-end": 3996,
      "node-str": "getAttribute"
    },
    {
      "type": "insert-node",
      "node": {
        "label": "setDefaultAttribute",
        "type": "SimpleName"
      },
      "location-after-char-start": 4007,
      "location-after-char-end": 4026,
      "node-str": "setDefaultAttribute"
    },
    {
      "type": "delete-node",
      "node": {
        "label": "CH.ifa.draw.figures",
        "type": "QualifiedName"
      },
      "location-before-char-start": 346,
      "location-before-char-end": 365,
      "node-str": "CH.ifa.draw.figures"
    },
    {
      "type": "delete-node",
      "node": {
        "label": "",
        "type": "PackageDeclaration"
      },
      "location-before-char-start": 338,
      "location-before-char-end": 366,
      "node-str": ""
    },
    {
      "type": "delete-node",
      "node": {
        "label": "CH.ifa.draw.util",
        "type": "QualifiedName"
      },
      "location-before-char-start": 375,
      "location-before-char-end": 391,
      "node-str": "CH.ifa.draw.util"
    },
    {
      "type": "delete-node",
      "node": {
        "label": "",
        "type": "ImportDeclaration"
      },
      "location-before-char-start": 368,
      "location-before-char-end": 394,
      "node-str": ""
    },
    {
      "type": "delete-node",
      "node": {
        "label": "CH.ifa.draw.framework",
        "type": "QualifiedName"
      },
      "location-before-char-start": 402,
      "location-before-char-end": 423,
      "node-str": "CH.ifa.draw.framework"
    },
    {
      "type": "delete-node",
      "node": {
        "label": "",
        "type": "ImportDeclaration"
      },
      "location-before-char-start": 395,
      "location-before-char-end": 426,
      "node-str": ""
    },
    {
      "type": "delete-node",
      "node": {
        "label": "CH.ifa.draw.standard",
        "type": "QualifiedName"
      },
      "location-before-char-start": 434,
      "location-before-char-end": 454,
      "node-str": "CH.ifa.draw.standard"
    },
    {
      "type": "delete-node",
      "node": {
        "label": "",
        "type": "ImportDeclaration"
      },
      "location-before-char-start": 427,
      "location-before-char-end": 457,
      "node-str": ""
    },
    {
      "type": "delete-node",
      "node": {
        "label": "java.awt",
        "type": "QualifiedName"
      },
      "location-before-char-start": 466,
      "location-before-char-end": 474,
      "node-str": "java.awt"
    },
    {
      "type": "delete-node",
      "node": {
        "label": "",
        "type": "ImportDeclaration"
      },
      "location-before-char-start": 459,
      "location-before-char-end": 477,
      "node-str": ""
    },
    {
      "type": "delete-node",
      "node": {
        "label": "java.util",
        "type": "QualifiedName"
      },
      "location-before-char-start": 485,
      "location-before-char-end": 494,
      "node-str": "java.util"
    },
    {
      "type": "delete-node",
      "node": {
        "label": "",
        "type": "ImportDeclaration"
      },
      "location-before-char-start": 478,
      "location-before-char-end": 497,
      "node-str": ""
    },
    {
      "type": "delete-node",
      "node": {
        "label": "java.io",
        "type": "QualifiedName"
      },
      "location-before-char-start": 505,
      "location-before-char-end": 512,
      "node-str": "java.io"
    },
    {
      "type": "delete-node",
      "node": {
        "label": "",
        "type": "ImportDeclaration"
      },
      "location-before-char-start": 498,
      "location-before-char-end": 515,
      "node-str": ""
    },
    {
      "type": "delete-node",
      "node": {
        "label": "A figure that can keep track of an open ended set of attributes.",
        "type": "TextElement"
      },
      "location-before-char-start": 524,
      "location-before-char-end": 588,
      "node-str": "A figure that can keep track of an open ended set of attributes."
    },
    {
      "type": "delete-node",
      "node": {
        "label": "The attributes are stored in a dictionary implemented by",
        "type": "TextElement"
      },
      "location-before-char-start": 592,
      "location-before-char-end": 648,
      "node-str": "The attributes are stored in a dictionary implemented by"
    },
    {
      "type": "delete-node",
      "node": {
        "label": "FigureAttributes.",
        "type": "TextElement"
      },
      "location-before-char-start": 652,
      "location-before-char-end": 669,
      "node-str": "FigureAttributes."
    },
    {
      "type": "delete-node",
      "node": {
        "label": "",
        "type": "TagElement"
      },
      "location-before-char-start": 524,
      "location-before-char-end": 669,
      "node-str": ""
    },
    {
      "type": "delete-node",
      "node": {
        "label": "Figure",
        "type": "SimpleName"
      },
      "location-before-char-start": 681,
      "location-before-char-end": 687,
      "node-str": "Figure"
    },
    {
      "type": "delete-node",
      "node": {
        "label": "",
        "type": "TagElement"
      },
      "location-before-char-start": 676,
      "location-before-char-end": 687,
      "node-str": ""
    },
    {
      "type": "delete-node",
      "node": {
        "label": "Handle",
        "type": "SimpleName"
      },
      "location-before-char-start": 696,
      "location-before-char-end": 702,
      "node-str": "Handle"
    },
    {
      "type": "delete-node",
      "node": {
        "label": "",
        "type": "TagElement"
      },
      "location-before-char-start": 691,
      "location-before-char-end": 702,
      "node-str": ""
    },
    {
      "type": "delete-node",
      "node": {
        "label": "FigureAttributes",
        "type": "SimpleName"
      },
      "location-before-char-start": 711,
      "location-before-char-end": 727,
      "node-str": "FigureAttributes"
    },
    {
      "type": "delete-node",
      "node": {
        "label": "",
        "type": "TagElement"
      },
      "location-before-char-start": 706,
      "location-before-char-end": 727,
      "node-str": ""
    },
    {
      "type": "delete-node",
      "node": {
        "label": " \u003c$CURRENT_VERSION$\u003e",
        "type": "TextElement"
      },
      "location-before-char-start": 742,
      "location-before-char-end": 762,
      "node-str": " \u003c$CURRENT_VERSION$\u003e"
    },
    {
      "type": "delete-node",
      "node": {
        "label": "",
        "type": "TagElement"
      },
      "location-before-char-start": 734,
      "location-before-char-end": 762,
      "node-str": ""
    },
    {
      "type": "delete-node",
      "node": {
        "label": "",
        "type": "Javadoc"
      },
      "location-before-char-start": 517,
      "location-before-char-end": 766,
      "node-str": ""
    },
    {
      "type": "delete-node",
      "node": {
        "label": "public",
        "type": "Modifier"
      },
      "location-before-char-start": 767,
      "location-before-char-end": 773,
      "node-str": "public"
    },
    {
      "type": "delete-node",
      "node": {
        "label": "abstract",
        "type": "Modifier"
      },
      "location-before-char-start": 774,
      "location-before-char-end": 782,
      "node-str": "abstract"
    },
    {
      "type": "delete-node",
      "node": {
        "label": "class",
        "type": "TYPE_DECLARATION_KIND"
      },
      "location-before-char-start": 783,
      "location-before-char-end": 788,
      "node-str": "class"
    },
    {
      "type": "delete-node",
      "node": {
        "label": "AttributeFigure",
        "type": "SimpleName"
      },
      "location-before-char-start": 789,
      "location-before-char-end": 804,
      "node-str": "AttributeFigure"
    },
    {
      "type": "delete-node",
      "node": {
        "label": "AbstractFigure",
        "type": "SimpleName"
      },
      "location-before-char-start": 813,
      "location-before-char-end": 827,
      "node-str": "AbstractFigure"
    },
    {
      "type": "delete-node",
      "node": {
        "label": "",
        "type": "SimpleType"
      },
      "location-before-char-start": 813,
      "location-before-char-end": 827,
      "node-str": ""
    },
    {
      "type": "delete-node",
      "node": {
        "label": "private",
        "type": "Modifier"
      },
      "location-before-char-start": 1449,
      "location-before-char-end": 1456,
      "node-str": "private"
    },
    {
      "type": "delete-node",
      "node": {
        "label": "int",
        "type": "PrimitiveType"
      },
      "location-before-char-start": 1457,
      "location-before-char-end": 1460,
      "node-str": "int"
    },
    {
      "type": "delete-node",
      "node": {
        "label": "attributeFigureSerializedDataVersion",
        "type": "SimpleName"
      },
      "location-before-char-start": 1461,
      "location-before-char-end": 1497,
      "node-str": "attributeFigureSerializedDataVersion"
    },
    {
      "type": "delete-node",
      "node": {
        "label": "1",
        "type": "NumberLiteral"
      },
      "location-before-char-start": 1500,
      "location-before-char-end": 1501,
      "node-str": "1"
    },
    {
      "type": "delete-node",
      "node": {
        "label": "",
        "type": "VariableDeclarationFragment"
      },
      "location-before-char-start": 1461,
      "location-before-char-end": 1501,
      "node-str": ""
    },
    {
      "type": "delete-node",
      "node": {
        "label": "",
        "type": "FieldDeclaration"
      },
      "location-before-char-start": 1449,
      "location-before-char-end": 1502,
      "node-str": ""
    },
    {
      "type": "delete-node",
      "node": {
        "label": "protected",
        "type": "Modifier"
      },
      "location-before-char-start": 1505,
      "location-before-char-end": 1514,
      "node-str": "protected"
    },
    {
      "type": "delete-node",
      "node": {
        "label": "AttributeFigure",
        "type": "SimpleName"
      },
      "location-before-char-start": 1515,
      "location-before-char-end": 1530,
      "node-str": "AttributeFigure"
    },
    {
      "type": "delete-node",
      "node": {
        "label": "",
        "type": "Block"
      },
      "location-before-char-start": 1533,
      "location-before-char-end": 1536,
      "node-str": ""
    },
    {
      "type": "delete-node",
      "node": {
        "label": "",
        "type": "MethodDeclaration"
      },
      "location-before-char-start": 1505,
      "location-before-char-end": 1536,
      "node-str": ""
    },
    {
      "type": "delete-node",
      "node": {
        "label": "Initializes a  default value for a named attribute",
        "type": "TextElement"
      },
      "location-before-char-start": 3656,
      "location-before-char-end": 3706,
      "node-str": "Initializes a  default value for a named attribute"
    },
    {
      "type": "delete-node",
      "node": {
        "label": "The difference between this method and setDefaultAttribute is that",
        "type": "TextElement"
      },
      "location-before-char-start": 3711,
      "location-before-char-end": 3777,
      "node-str": "The difference between this method and setDefaultAttribute is that"
    },
    {
      "type": "delete-node",
      "node": {
        "label": "if the attribute is already set then it will not be changed.\u003cBR\u003e",
        "type": "TextElement"
      },
      "location-before-char-start": 3782,
      "location-before-char-end": 3846,
      "node-str": "if the attribute is already set then it will not be changed.\u003cBR\u003e"
    },
    {
      "type": "delete-node",
      "node": {
        "label": "The purpose is to allow more than one source requiring the attribute",
        "type": "TextElement"
      },
      "location-before-char-start": 3851,
      "location-before-char-end": 3919,
      "node-str": "The purpose is to allow more than one source requiring the attribute"
    },
    {
      "type": "delete-node",
      "node": {
        "label": "to initialize it, but only the first initialization will be used.",
        "type": "TextElement"
      },
      "location-before-char-start": 3924,
      "location-before-char-end": 3989,
      "node-str": "to initialize it, but only the first initialization will be used."
    },
    {
      "type": "delete-node",
      "node": {
        "label": "",
        "type": "TagElement"
      },
      "location-before-char-start": 3656,
      "location-before-char-end": 3989,
      "node-str": ""
    },
    {
      "type": "delete-node",
      "node": {
        "label": "getAttribute",
        "type": "SimpleName"
      },
      "location-before-char-start": 4004,
      "location-before-char-end": 4016,
      "node-str": "getAttribute"
    },
    {
      "type": "delete-node",
      "node": {
        "label": "",
        "type": "MemberRef"
      },
      "location-before-char-start": 4003,
      "location-before-char-end": 4016,
      "node-str": ""
    },
    {
      "type": "delete-node",
      "node": {
        "label": "",
        "type": "TagElement"
      },
      "location-before-char-start": 3998,
      "location-before-char-end": 4016,
      "node-str": ""
    },
    {
      "type": "delete-node",
      "node": {
        "label": " @setDefaultAttribute",
        "type": "TextElement"
      },
      "location-before-char-start": 4025,
      "location-before-char-end": 4046,
      "node-str": " @setDefaultAttribute"
    },
    {
      "type": "delete-node",
      "node": {
        "label": "",
        "type": "TagElement"
      },
      "location-before-char-start": 4021,
      "location-before-char-end": 4046,
      "node-str": ""
    },
    {
      "type": "delete-node",
      "node": {
        "label": "",
        "type": "Javadoc"
      },
      "location-before-char-start": 3648,
      "location-before-char-end": 4051,
      "node-str": ""
    },
    {
      "type": "delete-node",
      "node": {
        "label": "public",
        "type": "Modifier"
      },
      "location-before-char-start": 4053,
      "location-before-char-end": 4059,
      "node-str": "public"
    },
    {
      "type": "delete-node",
      "node": {
        "label": "static",
        "type": "Modifier"
      },
      "location-before-char-start": 4060,
      "location-before-char-end": 4066,
      "node-str": "static"
    },
    {
      "type": "delete-node",
      "node": {
        "label": "Object",
        "type": "SimpleName"
      },
      "location-before-char-start": 4067,
      "location-before-char-end": 4073,
      "node-str": "Object"
    },
    {
      "type": "delete-node",
      "node": {
        "label": "",
        "type": "SimpleType"
      },
      "location-before-char-start": 4067,
      "location-before-char-end": 4073,
      "node-str": ""
    },
    {
      "type": "delete-node",
      "node": {
        "label": "initDefaultAttribute",
        "type": "SimpleName"
      },
      "location-before-char-start": 4074,
      "location-before-char-end": 4094,
      "node-str": "initDefaultAttribute"
    },
    {
      "type": "delete-node",
      "node": {
        "label": "String",
        "type": "SimpleName"
      },
      "location-before-char-start": 4095,
      "location-before-char-end": 4101,
      "node-str": "String"
    },
    {
      "type": "delete-node",
      "node": {
        "label": "",
        "type": "SimpleType"
      },
      "location-before-char-start": 4095,
      "location-before-char-end": 4101,
      "node-str": ""
    },
    {
      "type": "delete-node",
      "node": {
        "label": "name",
        "type": "SimpleName"
      },
      "location-before-char-start": 4102,
      "location-before-char-end": 4106,
      "node-str": "name"
    },
    {
      "type": "delete-node",
      "node": {
        "label": "",
        "type": "SingleVariableDeclaration"
      },
      "location-before-char-start": 4095,
      "location-before-char-end": 4106,
      "node-str": ""
    },
    {
      "type": "delete-node",
      "node": {
        "label": "Object",
        "type": "SimpleName"
      },
      "location-before-char-start": 4108,
      "location-before-char-end": 4114,
      "node-str": "Object"
    },
    {
      "type": "delete-node",
      "node": {
        "label": "",
        "type": "SimpleType"
      },
      "location-before-char-start": 4108,
      "location-before-char-end": 4114,
      "node-str": ""
    },
    {
      "type": "delete-node",
      "node": {
        "label": "value",
        "type": "SimpleName"
      },
      "location-before-char-start": 4115,
      "location-before-char-end": 4120,
      "node-str": "value"
    },
    {
      "type": "delete-node",
      "node": {
        "label": "",
        "type": "SingleVariableDeclaration"
      },
      "location-before-char-start": 4108,
      "location-before-char-end": 4120,
      "node-str": ""
    },
    {
      "type": "delete-node",
      "node": {
        "label": "",
        "type": "MethodDeclaration"
      },
      "location-before-char-start": 3648,
      "location-before-char-end": 4396,
      "node-str": ""
    },
    {
      "type": "delete-node",
      "node": {
        "label": "",
        "type": "TypeDeclaration"
      },
      "location-before-char-start": 517,
      "location-before-char-end": 6822,
      "node-str": ""
    }
  ],
  "before-file": {},
  "after-file": {},
  "mapping": {}
}