{
  "tool-info": {},
  "diff": [
    {
      "type": "insert-node",
      "node": {
        "label": "",
        "type": "TypeReference"
      },
      "location-after-char-start": 9675,
      "location-after-char-end": 9688,
      "node-str": ""
    },
    {
      "type": "insert-node",
      "node": {
        "label": "realFileNote",
        "type": "Field"
      },
      "location-after-char-start": 9772,
      "location-after-char-end": 9788,
      "node-str": "realFileNote"
    },
    {
      "type": "insert-node",
      "node": {
        "label": "ServletWrapper",
        "type": "SUPER_TYPE"
      },
      "location-after-char-start": 0,
      "location-after-char-end": 0,
      "node-str": "ServletWrapper"
    },
    {
      "type": "insert-node",
      "node": {
        "label": "int",
        "type": "VARIABLE_TYPE"
      },
      "location-after-char-start": 0,
      "location-after-char-end": 0,
      "node-str": "int"
    },
    {
      "type": "insert-node",
      "node": {
        "label": "void",
        "type": "RETURN_TYPE"
      },
      "location-after-char-start": 0,
      "location-after-char-end": 0,
      "node-str": "void"
    },
    {
      "type": "insert-node",
      "node": {
        "label": "java.lang.Exception",
        "type": "THROWS"
      },
      "location-after-char-start": 0,
      "location-after-char-end": 0,
      "node-str": "java.lang.Exception"
    },
    {
      "type": "insert-node",
      "node": {
        "label": "public",
        "type": "Modifier"
      },
      "location-after-char-start": 0,
      "location-after-char-end": 0,
      "node-str": "public"
    },
    {
      "type": "insert-node",
      "node": {
        "label": "req",
        "type": "Parameter"
      },
      "location-after-char-start": 9970,
      "location-after-char-end": 9980,
      "node-str": "req"
    },
    {
      "type": "insert-node",
      "node": {
        "label": "res",
        "type": "Parameter"
      },
      "location-after-char-start": 9983,
      "location-after-char-end": 9994,
      "node-str": "res"
    },
    {
      "type": "insert-node",
      "node": {
        "label": "base",
        "type": "LocalVariable"
      },
      "location-after-char-start": 10657,
      "location-after-char-end": 10692,
      "node-str": "base"
    },
    {
      "type": "insert-node",
      "node": {
        "label": "if",
        "type": "If"
      },
      "location-after-char-start": 10695,
      "location-after-char-end": 10990,
      "node-str": "if"
    },
    {
      "type": "insert-node",
      "node": {
        "label": "Request",
        "type": "VARIABLE_TYPE"
      },
      "location-after-char-start": 0,
      "location-after-char-end": 0,
      "node-str": "Request"
    },
    {
      "type": "insert-node",
      "node": {
        "label": "Response",
        "type": "VARIABLE_TYPE"
      },
      "location-after-char-start": 0,
      "location-after-char-end": 0,
      "node-str": "Response"
    },
    {
      "type": "insert-node",
      "node": {
        "label": "java.lang.String",
        "type": "VARIABLE_TYPE"
      },
      "location-after-char-start": 0,
      "location-after-char-end": 0,
      "node-str": "java.lang.String"
    },
    {
      "type": "insert-node",
      "node": {
        "label": "getAbsolutePath",
        "type": "Invocation"
      },
      "location-after-char-start": 10671,
      "location-after-char-end": 10691,
      "node-str": "getAbsolutePath"
    },
    {
      "type": "insert-node",
      "node": {
        "label": "GT",
        "type": "BinaryOperator"
      },
      "location-after-char-start": 10699,
      "location-after-char-end": 10730,
      "node-str": "GT"
    },
    {
      "type": "insert-node",
      "node": {
        "label": "THEN",
        "type": "then"
      },
      "location-after-char-start": 10734,
      "location-after-char-end": 10990,
      "node-str": "THEN"
    },
    {
      "type": "insert-node",
      "node": {
        "label": "POSTINC",
        "type": "UnaryOperator"
      },
      "location-after-char-start": 12566,
      "location-after-char-end": 12568,
      "node-str": "POSTINC"
    },
    {
      "type": "insert-node",
      "node": {
        "label": "ctx",
        "type": "VariableRead"
      },
      "location-after-char-start": 10671,
      "location-after-char-end": 10673,
      "node-str": "ctx"
    },
    {
      "type": "insert-node",
      "node": {
        "label": "length",
        "type": "Invocation"
      },
      "location-after-char-start": 10699,
      "location-after-char-end": 10714,
      "node-str": "length"
    },
    {
      "type": "insert-node",
      "node": {
        "label": "length",
        "type": "Invocation"
      },
      "location-after-char-start": 10718,
      "location-after-char-end": 10730,
      "node-str": "length"
    },
    {
      "type": "insert-node",
      "node": {
        "label": "relPath",
        "type": "LocalVariable"
      },
      "location-after-char-start": 10738,
      "location-after-char-end": 10790,
      "node-str": "relPath"
    },
    {
      "type": "insert-node",
      "node": {
        "label": "relPathU",
        "type": "LocalVariable"
      },
      "location-after-char-start": 10794,
      "location-after-char-end": 10831,
      "node-str": "relPathU"
    },
    {
      "type": "insert-node",
      "node": {
        "label": "if",
        "type": "If"
      },
      "location-after-char-start": 10835,
      "location-after-char-end": 10987,
      "node-str": "if"
    },
    {
      "type": "insert-node",
      "node": {
        "label": "i",
        "type": "VariableWrite"
      },
      "location-after-char-start": 12566,
      "location-after-char-end": 12566,
      "node-str": "i"
    },
    {
      "type": "insert-node",
      "node": {
        "label": "absPath",
        "type": "VariableRead"
      },
      "location-after-char-start": 10699,
      "location-after-char-end": 10705,
      "node-str": "absPath"
    },
    {
      "type": "insert-node",
      "node": {
        "label": "base",
        "type": "VariableRead"
      },
      "location-after-char-start": 10718,
      "location-after-char-end": 10721,
      "node-str": "base"
    },
    {
      "type": "insert-node",
      "node": {
        "label": "java.lang.String",
        "type": "VARIABLE_TYPE"
      },
      "location-after-char-start": 0,
      "location-after-char-end": 0,
      "node-str": "java.lang.String"
    },
    {
      "type": "insert-node",
      "node": {
        "label": "substring",
        "type": "Invocation"
      },
      "location-after-char-start": 10753,
      "location-after-char-end": 10789,
      "node-str": "substring"
    },
    {
      "type": "insert-node",
      "node": {
        "label": "java.lang.String",
        "type": "VARIABLE_TYPE"
      },
      "location-after-char-start": 0,
      "location-after-char-end": 0,
      "node-str": "java.lang.String"
    },
    {
      "type": "insert-node",
      "node": {
        "label": "toUpperCase",
        "type": "Invocation"
      },
      "location-after-char-start": 10810,
      "location-after-char-end": 10830,
      "node-str": "toUpperCase"
    },
    {
      "type": "insert-node",
      "node": {
        "label": "OR",
        "type": "BinaryOperator"
      },
      "location-after-char-start": 10840,
      "location-after-char-end": 10908,
      "node-str": "OR"
    },
    {
      "type": "insert-node",
      "node": {
        "label": "THEN",
        "type": "then"
      },
      "location-after-char-start": 10911,
      "location-after-char-end": 10987,
      "node-str": "THEN"
    },
    {
      "type": "insert-node",
      "node": {
        "label": "absPath",
        "type": "VariableRead"
      },
      "location-after-char-start": 10753,
      "location-after-char-end": 10759,
      "node-str": "absPath"
    },
    {
      "type": "insert-node",
      "node": {
        "label": "PLUS",
        "type": "BinaryOperator"
      },
      "location-after-char-start": 10772,
      "location-after-char-end": 10788,
      "node-str": "PLUS"
    },
    {
      "type": "insert-node",
      "node": {
        "label": "relPath",
        "type": "VariableRead"
      },
      "location-after-char-start": 10810,
      "location-after-char-end": 10816,
      "node-str": "relPath"
    },
    {
      "type": "insert-node",
      "node": {
        "label": "startsWith",
        "type": "Invocation"
      },
      "location-after-char-start": 10840,
      "location-after-char-end": 10869,
      "node-str": "startsWith"
    },
    {
      "type": "insert-node",
      "node": {
        "label": "startsWith",
        "type": "Invocation"
      },
      "location-after-char-start": 10878,
      "location-after-char-end": 10908,
      "node-str": "startsWith"
    },
    {
      "type": "insert-node",
      "node": {
        "label": "handleStatus",
        "type": "Invocation"
      },
      "location-after-char-start": 10916,
      "location-after-char-end": 10972,
      "node-str": "handleStatus"
    },
    {
      "type": "insert-node",
      "node": {
        "label": "return",
        "type": "Return"
      },
      "location-after-char-start": 10977,
      "location-after-char-end": 10983,
      "node-str": "return"
    },
    {
      "type": "insert-node",
      "node": {
        "label": "OR",
        "type": "BinaryOperator"
      },
      "location-after-char-start": 12675,
      "location-after-char-end": 12722,
      "node-str": "OR"
    },
    {
      "type": "insert-node",
      "node": {
        "label": "length",
        "type": "Invocation"
      },
      "location-after-char-start": 10772,
      "location-after-char-end": 10784,
      "node-str": "length"
    },
    {
      "type": "insert-node",
      "node": {
        "label": "1",
        "type": "Literal"
      },
      "location-after-char-start": 10788,
      "location-after-char-end": 10788,
      "node-str": "1"
    },
    {
      "type": "insert-node",
      "node": {
        "label": "relPathU",
        "type": "VariableRead"
      },
      "location-after-char-start": 10840,
      "location-after-char-end": 10847,
      "node-str": "relPathU"
    },
    {
      "type": "insert-node",
      "node": {
        "label": "\"WEB-INF\"",
        "type": "Literal"
      },
      "location-after-char-start": 10860,
      "location-after-char-end": 10868,
      "node-str": "\"WEB-INF\""
    },
    {
      "type": "insert-node",
      "node": {
        "label": "relPathU",
        "type": "VariableRead"
      },
      "location-after-char-start": 10878,
      "location-after-char-end": 10885,
      "node-str": "relPathU"
    },
    {
      "type": "insert-node",
      "node": {
        "label": "\"META-INF\"",
        "type": "Literal"
      },
      "location-after-char-start": 10898,
      "location-after-char-end": 10907,
      "node-str": "\"META-INF\""
    },
    {
      "type": "insert-node",
      "node": {
        "label": "getContextManager",
        "type": "Invocation"
      },
      "location-after-char-start": 10916,
      "location-after-char-end": 10942,
      "node-str": "getContextManager"
    },
    {
      "type": "insert-node",
      "node": {
        "label": "req",
        "type": "VariableRead"
      },
      "location-after-char-start": 10958,
      "location-after-char-end": 10960,
      "node-str": "req"
    },
    {
      "type": "insert-node",
      "node": {
        "label": "res",
        "type": "VariableRead"
      },
      "location-after-char-start": 10963,
      "location-after-char-end": 10965,
      "node-str": "res"
    },
    {
      "type": "insert-node",
      "node": {
        "label": "404",
        "type": "Literal"
      },
      "location-after-char-start": 10968,
      "location-after-char-end": 10970,
      "node-str": "404"
    },
    {
      "type": "insert-node",
      "node": {
        "label": "EQ",
        "type": "BinaryOperator"
      },
      "location-after-char-start": 12676,
      "location-after-char-end": 12697,
      "node-str": "EQ"
    },
    {
      "type": "move-subtree",
      "node": {
        "label": "equals",
        "type": "Invocation"
      },
      "location-before-char-start": 12303,
      "location-before-char-end": 12322,
      "location-after-char-start": 12702,
      "location-after-char-end": 12721,
      "node-str": "equals"
    },
    {
      "type": "insert-node",
      "node": {
        "label": "base",
        "type": "VariableRead"
      },
      "location-after-char-start": 10772,
      "location-after-char-end": 10775,
      "node-str": "base"
    },
    {
      "type": "insert-node",
      "node": {
        "label": "context",
        "type": "FieldRead"
      },
      "location-after-char-start": 10916,
      "location-after-char-end": 10922,
      "node-str": "context"
    },
    {
      "type": "insert-node",
      "node": {
        "label": "length",
        "type": "Invocation"
      },
      "location-after-char-start": 12676,
      "location-after-char-end": 12692,
      "node-str": "length"
    },
    {
      "type": "insert-node",
      "node": {
        "label": "0",
        "type": "Literal"
      },
      "location-after-char-start": 12697,
      "location-after-char-end": 12697,
      "node-str": "0"
    },
    {
      "type": "insert-node",
      "node": {
        "label": "pathInfo",
        "type": "VariableRead"
      },
      "location-after-char-start": 12676,
      "location-after-char-end": 12683,
      "node-str": "pathInfo"
    },
    {
      "type": "delete-node",
      "node": {
        "label": "ServletWrapper",
        "type": "SUPER_TYPE"
      },
      "location-before-char-start": 0,
      "location-before-char-end": 0,
      "node-str": "ServletWrapper"
    },
    {
      "type": "delete-node",
      "node": {
        "label": "",
        "type": "TypeReference"
      },
      "location-before-char-start": 9638,
      "location-before-char-end": 9651,
      "node-str": ""
    },
    {
      "type": "delete-node",
      "node": {
        "label": "int",
        "type": "VARIABLE_TYPE"
      },
      "location-before-char-start": 0,
      "location-before-char-end": 0,
      "node-str": "int"
    },
    {
      "type": "delete-node",
      "node": {
        "label": "realFileNote",
        "type": "Field"
      },
      "location-before-char-start": 9735,
      "location-before-char-end": 9751,
      "node-str": "realFileNote"
    },
    {
      "type": "delete-node",
      "node": {
        "label": "void",
        "type": "RETURN_TYPE"
      },
      "location-before-char-start": 0,
      "location-before-char-end": 0,
      "node-str": "void"
    },
    {
      "type": "delete-node",
      "node": {
        "label": "java.lang.Exception",
        "type": "THROWS"
      },
      "location-before-char-start": 0,
      "location-before-char-end": 0,
      "node-str": "java.lang.Exception"
    },
    {
      "type": "delete-node",
      "node": {
        "label": "public",
        "type": "Modifier"
      },
      "location-before-char-start": 0,
      "location-before-char-end": 0,
      "node-str": "public"
    },
    {
      "type": "delete-node",
      "node": {
        "label": "Request",
        "type": "VARIABLE_TYPE"
      },
      "location-before-char-start": 0,
      "location-before-char-end": 0,
      "node-str": "Request"
    },
    {
      "type": "delete-node",
      "node": {
        "label": "req",
        "type": "Parameter"
      },
      "location-before-char-start": 9933,
      "location-before-char-end": 9943,
      "node-str": "req"
    },
    {
      "type": "delete-node",
      "node": {
        "label": "Response",
        "type": "VARIABLE_TYPE"
      },
      "location-before-char-start": 0,
      "location-before-char-end": 0,
      "node-str": "Response"
    },
    {
      "type": "delete-node",
      "node": {
        "label": "res",
        "type": "Parameter"
      },
      "location-before-char-start": 9946,
      "location-before-char-end": 9957,
      "node-str": "res"
    },
    {
      "type": "delete-node",
      "node": {
        "label": "i",
        "type": "VariableWrite"
      },
      "location-before-char-start": 12194,
      "location-before-char-end": 12194,
      "node-str": "i"
    },
    {
      "type": "delete-node",
      "node": {
        "label": "POSTINC",
        "type": "UnaryOperator"
      },
      "location-before-char-start": 12194,
      "location-before-char-end": 12196,
      "node-str": "POSTINC"
    }
  ],
  "before-file": {},
  "after-file": {},
  "mapping": {}
}