{
  "tool-info": {},
  "diff": [
    {
      "type": "insert-node",
      "node": {
        "label": "",
        "type": "TypeReference"
      },
      "location-after-char-start": 1451,
      "location-after-char-end": 1466,
      "node-str": ""
    },
    {
      "type": "insert-node",
      "node": {
        "label": "viewer",
        "type": "Field"
      },
      "location-after-char-start": 1471,
      "location-after-char-end": 1489,
      "node-str": "viewer"
    },
    {
      "type": "insert-node",
      "node": {
        "label": "window",
        "type": "Field"
      },
      "location-after-char-start": 1492,
      "location-after-char-end": 1514,
      "node-str": "window"
    },
    {
      "type": "insert-node",
      "node": {
        "label": "maxSize",
        "type": "Field"
      },
      "location-after-char-start": 1517,
      "location-after-char-end": 1542,
      "node-str": "maxSize"
    },
    {
      "type": "insert-node",
      "node": {
        "label": "\u003cinit\u003e",
        "type": "Constructor"
      },
      "location-after-char-start": 1545,
      "location-after-char-end": 1782,
      "node-str": "\u003cinit\u003e"
    },
    {
      "type": "insert-node",
      "node": {
        "label": "createContents",
        "type": "Method"
      },
      "location-after-char-start": 2015,
      "location-after-char-end": 4515,
      "node-str": "createContents"
    },
    {
      "type": "insert-node",
      "node": {
        "label": "adjustSize",
        "type": "Method"
      },
      "location-after-char-start": 4518,
      "location-after-char-end": 4875,
      "node-str": "adjustSize"
    },
    {
      "type": "update-node",
      "node": {
        "label": "adjustSize",
        "type": "Method"
      },
      "location-before-char-start": 3147,
      "location-before-char-end": 4841,
      "location-after-char-start": 4878,
      "location-after-char-end": 6367,
      "node-str": "setRegion"
    },
    {
      "type": "insert-node",
      "node": {
        "label": "getTransparencyValue",
        "type": "Method"
      },
      "location-after-char-start": 6609,
      "location-after-char-end": 6767,
      "node-str": "getTransparencyValue"
    },
    {
      "type": "insert-node",
      "node": {
        "label": "getMaximumSize",
        "type": "Method"
      },
      "location-after-char-start": 7407,
      "location-after-char-end": 7605,
      "node-str": "getMaximumSize"
    },
    {
      "type": "insert-node",
      "node": {
        "label": "org.eclipse.ui.internal.AssociatedWindow",
        "type": "SUPER_TYPE"
      },
      "location-after-char-start": 0,
      "location-after-char-end": 0,
      "node-str": "org.eclipse.ui.internal.AssociatedWindow"
    },
    {
      "type": "insert-node",
      "node": {
        "label": "org.eclipse.jface.viewers.TableViewer",
        "type": "VARIABLE_TYPE"
      },
      "location-after-char-start": 0,
      "location-after-char-end": 0,
      "node-str": "org.eclipse.jface.viewers.TableViewer"
    },
    {
      "type": "insert-node",
      "node": {
        "label": "org.eclipse.ui.internal.WorkbenchWindow",
        "type": "VARIABLE_TYPE"
      },
      "location-after-char-start": 0,
      "location-after-char-end": 0,
      "node-str": "org.eclipse.ui.internal.WorkbenchWindow"
    },
    {
      "type": "insert-node",
      "node": {
        "label": "int",
        "type": "VARIABLE_TYPE"
      },
      "location-after-char-start": 0,
      "location-after-char-end": 0,
      "node-str": "int"
    },
    {
      "type": "insert-node",
      "node": {
        "label": "500",
        "type": "Literal"
      },
      "location-after-char-start": 1539,
      "location-after-char-end": 1541,
      "node-str": "500"
    },
    {
      "type": "insert-node",
      "node": {
        "label": "parent",
        "type": "Parameter"
      },
      "location-after-char-start": 1673,
      "location-after-char-end": 1684,
      "node-str": "parent"
    },
    {
      "type": "insert-node",
      "node": {
        "label": "associatedControl",
        "type": "Parameter"
      },
      "location-after-char-start": 1687,
      "location-after-char-end": 1711,
      "node-str": "associatedControl"
    },
    {
      "type": "insert-node",
      "node": {
        "label": "\u003cinit\u003e",
        "type": "Invocation"
      },
      "location-after-char-start": 1718,
      "location-after-char-end": 1750,
      "node-str": "\u003cinit\u003e"
    },
    {
      "type": "insert-node",
      "node": {
        "label": "setShellStyle",
        "type": "Invocation"
      },
      "location-after-char-start": 1754,
      "location-after-char-end": 1779,
      "node-str": "setShellStyle"
    },
    {
      "type": "insert-node",
      "node": {
        "label": "org.eclipse.swt.widgets.Control",
        "type": "RETURN_TYPE"
      },
      "location-after-char-start": 0,
      "location-after-char-end": 0,
      "node-str": "org.eclipse.swt.widgets.Control"
    },
    {
      "type": "insert-node",
      "node": {
        "label": "protected",
        "type": "Modifier"
      },
      "location-after-char-start": 0,
      "location-after-char-end": 0,
      "node-str": "protected"
    },
    {
      "type": "insert-node",
      "node": {
        "label": "root",
        "type": "Parameter"
      },
      "location-after-char-start": 2171,
      "location-after-char-end": 2184,
      "node-str": "root"
    },
    {
      "type": "move-subtree",
      "node": {
        "label": "\u003d",
        "type": "Assignment"
      },
      "location-before-char-start": 2096,
      "location-before-char-end": 2470,
      "location-after-char-start": 2191,
      "location-after-char-end": 2569,
      "node-str": "\u003d"
    },
    {
      "type": "insert-node",
      "node": {
        "label": "setUseHashlookup",
        "type": "Invocation"
      },
      "location-after-char-start": 2573,
      "location-after-char-end": 2602,
      "node-str": "setUseHashlookup"
    },
    {
      "type": "insert-node",
      "node": {
        "label": "setSorter",
        "type": "Invocation"
      },
      "location-after-char-start": 2606,
      "location-after-char-end": 2669,
      "node-str": "setSorter"
    },
    {
      "type": "move-subtree",
      "node": {
        "label": "setBackground",
        "type": "Invocation"
      },
      "location-before-char-start": 2574,
      "location-before-char-end": 2687,
      "location-after-char-start": 2673,
      "location-after-char-end": 2794,
      "node-str": "setBackground"
    },
    {
      "type": "move-subtree",
      "node": {
        "label": "setLayoutData",
        "type": "Invocation"
      },
      "location-before-char-start": 2692,
      "location-before-char-end": 2757,
      "location-after-char-start": 2798,
      "location-after-char-end": 2863,
      "node-str": "setLayoutData"
    },
    {
      "type": "insert-node",
      "node": {
        "label": "initContentProvider",
        "type": "Invocation"
      },
      "location-after-char-start": 2867,
      "location-after-char-end": 2888,
      "node-str": "initContentProvider"
    },
    {
      "type": "insert-node",
      "node": {
        "label": "setLabelProvider",
        "type": "Invocation"
      },
      "location-after-char-start": 2892,
      "location-after-char-end": 4482,
      "node-str": "setLabelProvider"
    },
    {
      "type": "move-subtree",
      "node": {
        "label": "return",
        "type": "Return"
      },
      "location-before-char-start": 3114,
      "location-before-char-end": 3140,
      "location-after-char-start": 4486,
      "location-after-char-end": 4512,
      "node-str": "return"
    },
    {
      "type": "insert-node",
      "node": {
        "label": "void",
        "type": "RETURN_TYPE"
      },
      "location-after-char-start": 0,
      "location-after-char-end": 0,
      "node-str": "void"
    },
    {
      "type": "move-subtree",
      "node": {
        "label": "size",
        "type": "LocalVariable"
      },
      "location-before-char-start": 3223,
      "location-before-char-end": 3291,
      "location-after-char-start": 4593,
      "location-after-char-end": 4661,
      "node-str": "size"
    },
    {
      "type": "insert-node",
      "node": {
        "label": "",
        "type": "OperatorAssignment"
      },
      "location-after-char-start": 4665,
      "location-after-char-end": 4676,
      "node-str": ""
    },
    {
      "type": "insert-node",
      "node": {
        "label": "",
        "type": "OperatorAssignment"
      },
      "location-after-char-start": 4680,
      "location-after-char-end": 4691,
      "node-str": ""
    },
    {
      "type": "insert-node",
      "node": {
        "label": "maxSize",
        "type": "LocalVariable"
      },
      "location-after-char-start": 4695,
      "location-after-char-end": 4755,
      "node-str": "maxSize"
    },
    {
      "type": "insert-node",
      "node": {
        "label": "if",
        "type": "If"
      },
      "location-after-char-start": 4759,
      "location-after-char-end": 4784,
      "node-str": "if"
    },
    {
      "type": "insert-node",
      "node": {
        "label": "\u003d",
        "type": "Assignment"
      },
      "location-after-char-start": 4788,
      "location-after-char-end": 4804,
      "node-str": "\u003d"
    },
    {
      "type": "insert-node",
      "node": {
        "label": "setSize",
        "type": "Invocation"
      },
      "location-after-char-start": 4808,
      "location-after-char-end": 4832,
      "node-str": "setSize"
    },
    {
      "type": "insert-node",
      "node": {
        "label": "moveShell",
        "type": "Invocation"
      },
      "location-after-char-start": 4836,
      "location-after-char-end": 4857,
      "node-str": "moveShell"
    },
    {
      "type": "insert-node",
      "node": {
        "label": "setRegion",
        "type": "Invocation"
      },
      "location-after-char-start": 4861,
      "location-after-char-end": 4872,
      "node-str": "setRegion"
    },
    {
      "type": "insert-node",
      "node": {
        "label": "int",
        "type": "RETURN_TYPE"
      },
      "location-after-char-start": 0,
      "location-after-char-end": 0,
      "node-str": "int"
    },
    {
      "type": "insert-node",
      "node": {
        "label": "protected",
        "type": "Modifier"
      },
      "location-after-char-start": 0,
      "location-after-char-end": 0,
      "node-str": "protected"
    },
    {
      "type": "insert-node",
      "node": {
        "label": "return",
        "type": "Return"
      },
      "location-after-char-start": 6755,
      "location-after-char-end": 6764,
      "node-str": "return"
    },
    {
      "type": "insert-node",
      "node": {
        "label": "int",
        "type": "RETURN_TYPE"
      },
      "location-after-char-start": 0,
      "location-after-char-end": 0,
      "node-str": "int"
    },
    {
      "type": "insert-node",
      "node": {
        "label": "display",
        "type": "Parameter"
      },
      "location-after-char-start": 7545,
      "location-after-char-end": 7559,
      "node-str": "display"
    },
    {
      "type": "insert-node",
      "node": {
        "label": "return",
        "type": "Return"
      },
      "location-after-char-start": 7566,
      "location-after-char-end": 7602,
      "node-str": "return"
    },
    {
      "type": "insert-node",
      "node": {
        "label": "org.eclipse.swt.widgets.Shell",
        "type": "VARIABLE_TYPE"
      },
      "location-after-char-start": 0,
      "location-after-char-end": 0,
      "node-str": "org.eclipse.swt.widgets.Shell"
    },
    {
      "type": "insert-node",
      "node": {
        "label": "org.eclipse.swt.widgets.Control",
        "type": "VARIABLE_TYPE"
      },
      "location-after-char-start": 0,
      "location-after-char-end": 0,
      "node-str": "org.eclipse.swt.widgets.Control"
    },
    {
      "type": "insert-node",
      "node": {
        "label": "parent",
        "type": "VariableRead"
      },
      "location-after-char-start": 1724,
      "location-after-char-end": 1729,
      "node-str": "parent"
    },
    {
      "type": "insert-node",
      "node": {
        "label": "associatedControl",
        "type": "VariableRead"
      },
      "location-after-char-start": 1732,
      "location-after-char-end": 1748,
      "node-str": "associatedControl"
    },
    {
      "type": "insert-node",
      "node": {
        "label": "org.eclipse.ui.internal.progress.ProgressFloatingWindow",
        "type": "TypeAccess"
      },
      "location-after-char-start": 0,
      "location-after-char-end": 0,
      "node-str": "org.eclipse.ui.internal.progress.ProgressFloatingWindow"
    },
    {
      "type": "insert-node",
      "node": {
        "label": "SWT.RESIZE",
        "type": "TypeAccess"
      },
      "location-after-char-start": 1768,
      "location-after-char-end": 1777,
      "node-str": "SWT.RESIZE"
    },
    {
      "type": "insert-node",
      "node": {
        "label": "org.eclipse.swt.widgets.Composite",
        "type": "VARIABLE_TYPE"
      },
      "location-after-char-start": 0,
      "location-after-char-end": 0,
      "node-str": "org.eclipse.swt.widgets.Composite"
    },
    {
      "type": "insert-node",
      "node": {
        "label": "viewer",
        "type": "FieldRead"
      },
      "location-after-char-start": 2573,
      "location-after-char-end": 2578,
      "node-str": "viewer"
    },
    {
      "type": "insert-node",
      "node": {
        "label": "true",
        "type": "Literal"
      },
      "location-after-char-start": 2597,
      "location-after-char-end": 2600,
      "node-str": "true"
    },
    {
      "type": "insert-node",
      "node": {
        "label": "viewer",
        "type": "FieldRead"
      },
      "location-after-char-start": 2606,
      "location-after-char-end": 2611,
      "node-str": "viewer"
    },
    {
      "type": "insert-node",
      "node": {
        "label": "getProgressViewerSorter",
        "type": "Invocation"
      },
      "location-after-char-start": 2623,
      "location-after-char-end": 2667,
      "node-str": "getProgressViewerSorter"
    },
    {
      "type": "insert-node",
      "node": {
        "label": "org.eclipse.ui.internal.progress.ProgressFloatingWindow",
        "type": "TypeAccess"
      },
      "location-after-char-start": 0,
      "location-after-char-end": 0,
      "node-str": "org.eclipse.ui.internal.progress.ProgressFloatingWindow"
    },
    {
      "type": "insert-node",
      "node": {
        "label": "viewer",
        "type": "FieldRead"
      },
      "location-after-char-start": 2892,
      "location-after-char-end": 2897,
      "node-str": "viewer"
    },
    {
      "type": "insert-node",
      "node": {
        "label": "org.eclipse.jface.viewers.LabelProvider()",
        "type": "NewClass"
      },
      "location-after-char-start": 2916,
      "location-after-char-end": 4480,
      "node-str": "org.eclipse.jface.viewers.LabelProvider()"
    },
    {
      "type": "insert-node",
      "node": {
        "label": "x",
        "type": "FieldWrite"
      },
      "location-after-char-start": 4665,
      "location-after-char-end": 4670,
      "node-str": "x"
    },
    {
      "type": "insert-node",
      "node": {
        "label": "5",
        "type": "Literal"
      },
      "location-after-char-start": 4675,
      "location-after-char-end": 4675,
      "node-str": "5"
    },
    {
      "type": "insert-node",
      "node": {
        "label": "y",
        "type": "FieldWrite"
      },
      "location-after-char-start": 4680,
      "location-after-char-end": 4685,
      "node-str": "y"
    },
    {
      "type": "insert-node",
      "node": {
        "label": "5",
        "type": "Literal"
      },
      "location-after-char-start": 4690,
      "location-after-char-end": 4690,
      "node-str": "5"
    },
    {
      "type": "insert-node",
      "node": {
        "label": "int",
        "type": "VARIABLE_TYPE"
      },
      "location-after-char-start": 0,
      "location-after-char-end": 0,
      "node-str": "int"
    },
    {
      "type": "insert-node",
      "node": {
        "label": "getMaximumSize",
        "type": "Invocation"
      },
      "location-after-char-start": 4709,
      "location-after-char-end": 4754,
      "node-str": "getMaximumSize"
    },
    {
      "type": "insert-node",
      "node": {
        "label": "GT",
        "type": "BinaryOperator"
      },
      "location-after-char-start": 4763,
      "location-after-char-end": 4778,
      "node-str": "GT"
    },
    {
      "type": "insert-node",
      "node": {
        "label": "x",
        "type": "FieldWrite"
      },
      "location-after-char-start": 4788,
      "location-after-char-end": 4793,
      "node-str": "x"
    },
    {
      "type": "insert-node",
      "node": {
        "label": "maxSize",
        "type": "VariableRead"
      },
      "location-after-char-start": 4797,
      "location-after-char-end": 4803,
      "node-str": "maxSize"
    },
    {
      "type": "insert-node",
      "node": {
        "label": "getShell",
        "type": "Invocation"
      },
      "location-after-char-start": 4808,
      "location-after-char-end": 4817,
      "node-str": "getShell"
    },
    {
      "type": "insert-node",
      "node": {
        "label": "size",
        "type": "VariableRead"
      },
      "location-after-char-start": 4827,
      "location-after-char-end": 4830,
      "node-str": "size"
    },
    {
      "type": "insert-node",
      "node": {
        "label": "org.eclipse.ui.internal.progress.ProgressFloatingWindow",
        "type": "TypeAccess"
      },
      "location-after-char-start": 0,
      "location-after-char-end": 0,
      "node-str": "org.eclipse.ui.internal.progress.ProgressFloatingWindow"
    },
    {
      "type": "insert-node",
      "node": {
        "label": "getShell",
        "type": "Invocation"
      },
      "location-after-char-start": 4846,
      "location-after-char-end": 4855,
      "node-str": "getShell"
    },
    {
      "type": "insert-node",
      "node": {
        "label": "org.eclipse.ui.internal.progress.ProgressFloatingWindow",
        "type": "TypeAccess"
      },
      "location-after-char-start": 0,
      "location-after-char-end": 0,
      "node-str": "org.eclipse.ui.internal.progress.ProgressFloatingWindow"
    },
    {
      "type": "insert-node",
      "node": {
        "label": "50",
        "type": "Literal"
      },
      "location-after-char-start": 6762,
      "location-after-char-end": 6763,
      "node-str": "50"
    },
    {
      "type": "insert-node",
      "node": {
        "label": "org.eclipse.swt.widgets.Display",
        "type": "VARIABLE_TYPE"
      },
      "location-after-char-start": 0,
      "location-after-char-end": 0,
      "node-str": "org.eclipse.swt.widgets.Display"
    },
    {
      "type": "insert-node",
      "node": {
        "label": "DIV",
        "type": "BinaryOperator"
      },
      "location-after-char-start": 7573,
      "location-after-char-end": 7601,
      "node-str": "DIV"
    },
    {
      "type": "insert-node",
      "node": {
        "label": "org.eclipse.ui.internal.progress.ProgressFloatingWindow",
        "type": "TypeAccess"
      },
      "location-after-char-start": 0,
      "location-after-char-end": 0,
      "node-str": "org.eclipse.ui.internal.progress.ProgressFloatingWindow"
    },
    {
      "type": "insert-node",
      "node": {
        "label": "org.eclipse.ui.internal.progress.ProgressFloatingWindow",
        "type": "TypeAccess"
      },
      "location-after-char-start": 0,
      "location-after-char-end": 0,
      "node-str": "org.eclipse.ui.internal.progress.ProgressFloatingWindow"
    },
    {
      "type": "insert-node",
      "node": {
        "label": "org.eclipse.ui.internal.progress.ProgressManagerUtil",
        "type": "TypeAccess"
      },
      "location-after-char-start": 2623,
      "location-after-char-end": 2641,
      "node-str": "org.eclipse.ui.internal.progress.ProgressManagerUtil"
    },
    {
      "type": "insert-node",
      "node": {
        "label": "org.eclipse.ui.internal.progress.ProgressFloatingWindow",
        "type": "TypeAccess"
      },
      "location-after-char-start": 0,
      "location-after-char-end": 0,
      "node-str": "org.eclipse.ui.internal.progress.ProgressFloatingWindow"
    },
    {
      "type": "insert-node",
      "node": {
        "label": "2",
        "type": "Class"
      },
      "location-after-char-start": 2936,
      "location-after-char-end": 4480,
      "node-str": "2"
    },
    {
      "type": "insert-node",
      "node": {
        "label": "size",
        "type": "VariableWrite"
      },
      "location-after-char-start": 4665,
      "location-after-char-end": 4670,
      "node-str": "size"
    },
    {
      "type": "insert-node",
      "node": {
        "label": "size",
        "type": "VariableWrite"
      },
      "location-after-char-start": 4680,
      "location-after-char-end": 4685,
      "node-str": "size"
    },
    {
      "type": "insert-node",
      "node": {
        "label": "org.eclipse.ui.internal.progress.ProgressFloatingWindow",
        "type": "TypeAccess"
      },
      "location-after-char-start": 0,
      "location-after-char-end": 0,
      "node-str": "org.eclipse.ui.internal.progress.ProgressFloatingWindow"
    },
    {
      "type": "insert-node",
      "node": {
        "label": "getDisplay",
        "type": "Invocation"
      },
      "location-after-char-start": 4724,
      "location-after-char-end": 4753,
      "node-str": "getDisplay"
    },
    {
      "type": "insert-node",
      "node": {
        "label": "x",
        "type": "FieldRead"
      },
      "location-after-char-start": 4763,
      "location-after-char-end": 4768,
      "node-str": "x"
    },
    {
      "type": "insert-node",
      "node": {
        "label": "maxSize",
        "type": "VariableRead"
      },
      "location-after-char-start": 4772,
      "location-after-char-end": 4778,
      "node-str": "maxSize"
    },
    {
      "type": "insert-node",
      "node": {
        "label": "size",
        "type": "VariableWrite"
      },
      "location-after-char-start": 4788,
      "location-after-char-end": 4793,
      "node-str": "size"
    },
    {
      "type": "insert-node",
      "node": {
        "label": "org.eclipse.ui.internal.progress.ProgressFloatingWindow",
        "type": "TypeAccess"
      },
      "location-after-char-start": 0,
      "location-after-char-end": 0,
      "node-str": "org.eclipse.ui.internal.progress.ProgressFloatingWindow"
    },
    {
      "type": "insert-node",
      "node": {
        "label": "org.eclipse.ui.internal.progress.ProgressFloatingWindow",
        "type": "TypeAccess"
      },
      "location-after-char-start": 0,
      "location-after-char-end": 0,
      "node-str": "org.eclipse.ui.internal.progress.ProgressFloatingWindow"
    },
    {
      "type": "insert-node",
      "node": {
        "label": "width",
        "type": "FieldRead"
      },
      "location-after-char-start": 7573,
      "location-after-char-end": 7597,
      "node-str": "width"
    },
    {
      "type": "insert-node",
      "node": {
        "label": "5",
        "type": "Literal"
      },
      "location-after-char-start": 7601,
      "location-after-char-end": 7601,
      "node-str": "5"
    },
    {
      "type": "insert-node",
      "node": {
        "label": "",
        "type": "TypeReference"
      },
      "location-after-char-start": 0,
      "location-after-char-end": 0,
      "node-str": ""
    },
    {
      "type": "insert-node",
      "node": {
        "label": "ellipsis",
        "type": "Field"
      },
      "location-after-char-start": 2941,
      "location-after-char-end": 2972,
      "node-str": "ellipsis"
    },
    {
      "type": "insert-node",
      "node": {
        "label": "getText",
        "type": "Method"
      },
      "location-after-char-start": 2977,
      "location-after-char-end": 3288,
      "node-str": "getText"
    },
    {
      "type": "insert-node",
      "node": {
        "label": "shortenText",
        "type": "Method"
      },
      "location-after-char-start": 3293,
      "location-after-char-end": 4476,
      "node-str": "shortenText"
    },
    {
      "type": "insert-node",
      "node": {
        "label": "getTable",
        "type": "Invocation"
      },
      "location-after-char-start": 4724,
      "location-after-char-end": 4740,
      "node-str": "getTable"
    },
    {
      "type": "insert-node",
      "node": {
        "label": "size",
        "type": "VariableRead"
      },
      "location-after-char-start": 4763,
      "location-after-char-end": 4768,
      "node-str": "size"
    },
    {
      "type": "insert-node",
      "node": {
        "label": "getBounds",
        "type": "Invocation"
      },
      "location-after-char-start": 7573,
      "location-after-char-end": 7591,
      "node-str": "getBounds"
    },
    {
      "type": "insert-node",
      "node": {
        "label": "org.eclipse.jface.viewers.LabelProvider",
        "type": "SUPER_TYPE"
      },
      "location-after-char-start": 0,
      "location-after-char-end": 0,
      "node-str": "org.eclipse.jface.viewers.LabelProvider"
    },
    {
      "type": "insert-node",
      "node": {
        "label": "java.lang.String",
        "type": "VARIABLE_TYPE"
      },
      "location-after-char-start": 0,
      "location-after-char-end": 0,
      "node-str": "java.lang.String"
    },
    {
      "type": "insert-node",
      "node": {
        "label": "\"...\"",
        "type": "Literal"
      },
      "location-after-char-start": 2967,
      "location-after-char-end": 2971,
      "node-str": "\"...\""
    },
    {
      "type": "insert-node",
      "node": {
        "label": "java.lang.String",
        "type": "RETURN_TYPE"
      },
      "location-after-char-start": 0,
      "location-after-char-end": 0,
      "node-str": "java.lang.String"
    },
    {
      "type": "insert-node",
      "node": {
        "label": "public",
        "type": "Modifier"
      },
      "location-after-char-start": 0,
      "location-after-char-end": 0,
      "node-str": "public"
    },
    {
      "type": "insert-node",
      "node": {
        "label": "element",
        "type": "Parameter"
      },
      "location-after-char-start": 3116,
      "location-after-char-end": 3129,
      "node-str": "element"
    },
    {
      "type": "insert-node",
      "node": {
        "label": "info",
        "type": "LocalVariable"
      },
      "location-after-char-start": 3138,
      "location-after-char-end": 3184,
      "node-str": "info"
    },
    {
      "type": "insert-node",
      "node": {
        "label": "return",
        "type": "Return"
      },
      "location-after-char-start": 3190,
      "location-after-char-end": 3283,
      "node-str": "return"
    },
    {
      "type": "insert-node",
      "node": {
        "label": "java.lang.String",
        "type": "RETURN_TYPE"
      },
      "location-after-char-start": 0,
      "location-after-char-end": 0,
      "node-str": "java.lang.String"
    },
    {
      "type": "insert-node",
      "node": {
        "label": "protected",
        "type": "Modifier"
      },
      "location-after-char-start": 0,
      "location-after-char-end": 0,
      "node-str": "protected"
    },
    {
      "type": "insert-node",
      "node": {
        "label": "textValue",
        "type": "Parameter"
      },
      "location-after-char-start": 3602,
      "location-after-char-end": 3617,
      "node-str": "textValue"
    },
    {
      "type": "insert-node",
      "node": {
        "label": "display",
        "type": "Parameter"
      },
      "location-after-char-start": 3620,
      "location-after-char-end": 3634,
      "node-str": "display"
    },
    {
      "type": "insert-node",
      "node": {
        "label": "if",
        "type": "If"
      },
      "location-after-char-start": 3643,
      "location-after-char-end": 3682,
      "node-str": "if"
    },
    {
      "type": "insert-node",
      "node": {
        "label": "gc",
        "type": "LocalVariable"
      },
      "location-after-char-start": 3688,
      "location-after-char-end": 3711,
      "node-str": "gc"
    },
    {
      "type": "insert-node",
      "node": {
        "label": "maxWidth",
        "type": "LocalVariable"
      },
      "location-after-char-start": 3717,
      "location-after-char-end": 3774,
      "node-str": "maxWidth"
    },
    {
      "type": "insert-node",
      "node": {
        "label": "if",
        "type": "If"
      },
      "location-after-char-start": 3780,
      "location-after-char-end": 3871,
      "node-str": "if"
    },
    {
      "type": "insert-node",
      "node": {
        "label": "length",
        "type": "LocalVariable"
      },
      "location-after-char-start": 3877,
      "location-after-char-end": 3908,
      "node-str": "length"
    },
    {
      "type": "insert-node",
      "node": {
        "label": "ellipsisWidth",
        "type": "LocalVariable"
      },
      "location-after-char-start": 3914,
      "location-after-char-end": 3959,
      "node-str": "ellipsisWidth"
    },
    {
      "type": "insert-node",
      "node": {
        "label": "pivot",
        "type": "LocalVariable"
      },
      "location-after-char-start": 3965,
      "location-after-char-end": 3987,
      "node-str": "pivot"
    },
    {
      "type": "insert-node",
      "node": {
        "label": "start",
        "type": "LocalVariable"
      },
      "location-after-char-start": 3993,
      "location-after-char-end": 4010,
      "node-str": "start"
    },
    {
      "type": "insert-node",
      "node": {
        "label": "end",
        "type": "LocalVariable"
      },
      "location-after-char-start": 4016,
      "location-after-char-end": 4035,
      "node-str": "end"
    },
    {
      "type": "insert-node",
      "node": {
        "label": "while",
        "type": "While"
      },
      "location-after-char-start": 4041,
      "location-after-char-end": 4384,
      "node-str": "while"
    },
    {
      "type": "insert-node",
      "node": {
        "label": "dispose",
        "type": "Invocation"
      },
      "location-after-char-start": 4437,
      "location-after-char-end": 4449,
      "node-str": "dispose"
    },
    {
      "type": "insert-node",
      "node": {
        "label": "return",
        "type": "Return"
      },
      "location-after-char-start": 4455,
      "location-after-char-end": 4471,
      "node-str": "return"
    },
    {
      "type": "insert-node",
      "node": {
        "label": "viewer",
        "type": "FieldRead"
      },
      "location-after-char-start": 4724,
      "location-after-char-end": 4729,
      "node-str": "viewer"
    },
    {
      "type": "insert-node",
      "node": {
        "label": "display",
        "type": "VariableRead"
      },
      "location-after-char-start": 7573,
      "location-after-char-end": 7579,
      "node-str": "display"
    },
    {
      "type": "insert-node",
      "node": {
        "label": "java.lang.Object",
        "type": "VARIABLE_TYPE"
      },
      "location-after-char-start": 0,
      "location-after-char-end": 0,
      "node-str": "java.lang.Object"
    },
    {
      "type": "insert-node",
      "node": {
        "label": "org.eclipse.ui.internal.progress.JobTreeElement",
        "type": "VARIABLE_TYPE"
      },
      "location-after-char-start": 0,
      "location-after-char-end": 0,
      "node-str": "org.eclipse.ui.internal.progress.JobTreeElement"
    },
    {
      "type": "insert-node",
      "node": {
        "label": "element",
        "type": "VariableRead"
      },
      "location-after-char-start": 3160,
      "location-after-char-end": 3183,
      "node-str": "element"
    },
    {
      "type": "insert-node",
      "node": {
        "label": "shortenText",
        "type": "Invocation"
      },
      "location-after-char-start": 3197,
      "location-after-char-end": 3282,
      "node-str": "shortenText"
    },
    {
      "type": "insert-node",
      "node": {
        "label": "java.lang.String",
        "type": "VARIABLE_TYPE"
      },
      "location-after-char-start": 0,
      "location-after-char-end": 0,
      "node-str": "java.lang.String"
    },
    {
      "type": "insert-node",
      "node": {
        "label": "org.eclipse.swt.widgets.Display",
        "type": "VARIABLE_TYPE"
      },
      "location-after-char-start": 0,
      "location-after-char-end": 0,
      "node-str": "org.eclipse.swt.widgets.Display"
    },
    {
      "type": "insert-node",
      "node": {
        "label": "EQ",
        "type": "BinaryOperator"
      },
      "location-after-char-start": 3647,
      "location-after-char-end": 3663,
      "node-str": "EQ"
    },
    {
      "type": "insert-node",
      "node": {
        "label": "THEN",
        "type": "then"
      },
      "location-after-char-start": 3671,
      "location-after-char-end": 3682,
      "node-str": "THEN"
    },
    {
      "type": "insert-node",
      "node": {
        "label": "org.eclipse.swt.graphics.GC",
        "type": "VARIABLE_TYPE"
      },
      "location-after-char-start": 0,
      "location-after-char-end": 0,
      "node-str": "org.eclipse.swt.graphics.GC"
    },
    {
      "type": "insert-node",
      "node": {
        "label": "java.lang.Object()",
        "type": "ConstructorCall"
      },
      "location-after-char-start": 3696,
      "location-after-char-end": 3710,
      "node-str": "java.lang.Object()"
    },
    {
      "type": "insert-node",
      "node": {
        "label": "int",
        "type": "VARIABLE_TYPE"
      },
      "location-after-char-start": 0,
      "location-after-char-end": 0,
      "node-str": "int"
    },
    {
      "type": "insert-node",
      "node": {
        "label": "MINUS",
        "type": "BinaryOperator"
      },
      "location-after-char-start": 3732,
      "location-after-char-end": 3773,
      "node-str": "MINUS"
    },
    {
      "type": "insert-node",
      "node": {
        "label": "LT",
        "type": "BinaryOperator"
      },
      "location-after-char-start": 3784,
      "location-after-char-end": 3820,
      "node-str": "LT"
    },
    {
      "type": "insert-node",
      "node": {
        "label": "THEN",
        "type": "then"
      },
      "location-after-char-start": 3823,
      "location-after-char-end": 3871,
      "node-str": "THEN"
    },
    {
      "type": "insert-node",
      "node": {
        "label": "int",
        "type": "VARIABLE_TYPE"
      },
      "location-after-char-start": 0,
      "location-after-char-end": 0,
      "node-str": "int"
    },
    {
      "type": "insert-node",
      "node": {
        "label": "length",
        "type": "Invocation"
      },
      "location-after-char-start": 3890,
      "location-after-char-end": 3907,
      "node-str": "length"
    },
    {
      "type": "insert-node",
      "node": {
        "label": "int",
        "type": "VARIABLE_TYPE"
      },
      "location-after-char-start": 0,
      "location-after-char-end": 0,
      "node-str": "int"
    },
    {
      "type": "insert-node",
      "node": {
        "label": "x",
        "type": "FieldRead"
      },
      "location-after-char-start": 3934,
      "location-after-char-end": 3958,
      "node-str": "x"
    },
    {
      "type": "insert-node",
      "node": {
        "label": "int",
        "type": "VARIABLE_TYPE"
      },
      "location-after-char-start": 0,
      "location-after-char-end": 0,
      "node-str": "int"
    },
    {
      "type": "insert-node",
      "node": {
        "label": "DIV",
        "type": "BinaryOperator"
      },
      "location-after-char-start": 3977,
      "location-after-char-end": 3986,
      "node-str": "DIV"
    },
    {
      "type": "insert-node",
      "node": {
        "label": "int",
        "type": "VARIABLE_TYPE"
      },
      "location-after-char-start": 0,
      "location-after-char-end": 0,
      "node-str": "int"
    },
    {
      "type": "insert-node",
      "node": {
        "label": "pivot",
        "type": "VariableRead"
      },
      "location-after-char-start": 4005,
      "location-after-char-end": 4009,
      "node-str": "pivot"
    },
    {
      "type": "insert-node",
      "node": {
        "label": "int",
        "type": "VARIABLE_TYPE"
      },
      "location-after-char-start": 0,
      "location-after-char-end": 0,
      "node-str": "int"
    },
    {
      "type": "insert-node",
      "node": {
        "label": "PLUS",
        "type": "BinaryOperator"
      },
      "location-after-char-start": 4026,
      "location-after-char-end": 4034,
      "node-str": "PLUS"
    },
    {
      "type": "insert-node",
      "node": {
        "label": "AND",
        "type": "BinaryOperator"
      },
      "location-after-char-start": 4048,
      "location-after-char-end": 4073,
      "node-str": "AND"
    },
    {
      "type": "insert-node",
      "node": {
        "label": "s1",
        "type": "LocalVariable"
      },
      "location-after-char-start": 4083,
      "location-after-char-end": 4124,
      "node-str": "s1"
    },
    {
      "type": "insert-node",
      "node": {
        "label": "s2",
        "type": "LocalVariable"
      },
      "location-after-char-start": 4131,
      "location-after-char-end": 4175,
      "node-str": "s2"
    },
    {
      "type": "insert-node",
      "node": {
        "label": "l1",
        "type": "LocalVariable"
      },
      "location-after-char-start": 4182,
      "location-after-char-end": 4210,
      "node-str": "l1"
    },
    {
      "type": "insert-node",
      "node": {
        "label": "l2",
        "type": "LocalVariable"
      },
      "location-after-char-start": 4217,
      "location-after-char-end": 4245,
      "node-str": "l2"
    },
    {
      "type": "insert-node",
      "node": {
        "label": "if",
        "type": "If"
      },
      "location-after-char-start": 4252,
      "location-after-char-end": 4352,
      "node-str": "if"
    },
    {
      "type": "insert-node",
      "node": {
        "label": "POSTDEC",
        "type": "UnaryOperator"
      },
      "location-after-char-start": 4359,
      "location-after-char-end": 4366,
      "node-str": "POSTDEC"
    },
    {
      "type": "insert-node",
      "node": {
        "label": "POSTINC",
        "type": "UnaryOperator"
      },
      "location-after-char-start": 4373,
      "location-after-char-end": 4378,
      "node-str": "POSTINC"
    },
    {
      "type": "insert-node",
      "node": {
        "label": "gc",
        "type": "VariableRead"
      },
      "location-after-char-start": 4437,
      "location-after-char-end": 4438,
      "node-str": "gc"
    },
    {
      "type": "insert-node",
      "node": {
        "label": "textValue",
        "type": "VariableRead"
      },
      "location-after-char-start": 4462,
      "location-after-char-end": 4470,
      "node-str": "textValue"
    },
    {
      "type": "insert-node",
      "node": {
        "label": "org.eclipse.ui.internal.progress.ProgressFloatingWindow",
        "type": "TypeAccess"
      },
      "location-after-char-start": 0,
      "location-after-char-end": 0,
      "node-str": "org.eclipse.ui.internal.progress.ProgressFloatingWindow"
    },
    {
      "type": "insert-node",
      "node": {
        "label": "org.eclipse.ui.internal.progress.ProgressFloatingWindow$2",
        "type": "TypeAccess"
      },
      "location-after-char-start": 0,
      "location-after-char-end": 0,
      "node-str": "org.eclipse.ui.internal.progress.ProgressFloatingWindow$2"
    },
    {
      "type": "insert-node",
      "node": {
        "label": "getCondensedDisplayString",
        "type": "Invocation"
      },
      "location-after-char-start": 3209,
      "location-after-char-end": 3240,
      "node-str": "getCondensedDisplayString"
    },
    {
      "type": "insert-node",
      "node": {
        "label": "getDisplay",
        "type": "Invocation"
      },
      "location-after-char-start": 3243,
      "location-after-char-end": 3281,
      "node-str": "getDisplay"
    },
    {
      "type": "insert-node",
      "node": {
        "label": "textValue",
        "type": "VariableRead"
      },
      "location-after-char-start": 3647,
      "location-after-char-end": 3655,
      "node-str": "textValue"
    },
    {
      "type": "insert-node",
      "node": {
        "label": "null",
        "type": "Literal"
      },
      "location-after-char-start": 3660,
      "location-after-char-end": 3663,
      "node-str": "null"
    },
    {
      "type": "insert-node",
      "node": {
        "label": "return",
        "type": "Return"
      },
      "location-after-char-start": 3671,
      "location-after-char-end": 3682,
      "node-str": "return"
    },
    {
      "type": "insert-node",
      "node": {
        "label": "display",
        "type": "VariableRead"
      },
      "location-after-char-start": 3703,
      "location-after-char-end": 3709,
      "node-str": "display"
    },
    {
      "type": "insert-node",
      "node": {
        "label": "width",
        "type": "FieldRead"
      },
      "location-after-char-start": 3732,
      "location-after-char-end": 3768,
      "node-str": "width"
    },
    {
      "type": "insert-node",
      "node": {
        "label": "25",
        "type": "Literal"
      },
      "location-after-char-start": 3772,
      "location-after-char-end": 3773,
      "node-str": "25"
    },
    {
      "type": "insert-node",
      "node": {
        "label": "x",
        "type": "FieldRead"
      },
      "location-after-char-start": 3784,
      "location-after-char-end": 3809,
      "node-str": "x"
    },
    {
      "type": "insert-node",
      "node": {
        "label": "maxWidth",
        "type": "VariableRead"
      },
      "location-after-char-start": 3813,
      "location-after-char-end": 3820,
      "node-str": "maxWidth"
    },
    {
      "type": "insert-node",
      "node": {
        "label": "dispose",
        "type": "Invocation"
      },
      "location-after-char-start": 3830,
      "location-after-char-end": 3842,
      "node-str": "dispose"
    },
    {
      "type": "insert-node",
      "node": {
        "label": "return",
        "type": "Return"
      },
      "location-after-char-start": 3849,
      "location-after-char-end": 3865,
      "node-str": "return"
    },
    {
      "type": "insert-node",
      "node": {
        "label": "textValue",
        "type": "VariableRead"
      },
      "location-after-char-start": 3890,
      "location-after-char-end": 3898,
      "node-str": "textValue"
    },
    {
      "type": "insert-node",
      "node": {
        "label": "textExtent",
        "type": "Invocation"
      },
      "location-after-char-start": 3934,
      "location-after-char-end": 3956,
      "node-str": "textExtent"
    },
    {
      "type": "insert-node",
      "node": {
        "label": "length",
        "type": "VariableRead"
      },
      "location-after-char-start": 3977,
      "location-after-char-end": 3982,
      "node-str": "length"
    },
    {
      "type": "insert-node",
      "node": {
        "label": "2",
        "type": "Literal"
      },
      "location-after-char-start": 3986,
      "location-after-char-end": 3986,
      "node-str": "2"
    },
    {
      "type": "insert-node",
      "node": {
        "label": "pivot",
        "type": "VariableRead"
      },
      "location-after-char-start": 4026,
      "location-after-char-end": 4030,
      "node-str": "pivot"
    },
    {
      "type": "insert-node",
      "node": {
        "label": "1",
        "type": "Literal"
      },
      "location-after-char-start": 4034,
      "location-after-char-end": 4034,
      "node-str": "1"
    },
    {
      "type": "insert-node",
      "node": {
        "label": "GE",
        "type": "BinaryOperator"
      },
      "location-after-char-start": 4048,
      "location-after-char-end": 4057,
      "node-str": "GE"
    },
    {
      "type": "insert-node",
      "node": {
        "label": "LT",
        "type": "BinaryOperator"
      },
      "location-after-char-start": 4062,
      "location-after-char-end": 4073,
      "node-str": "LT"
    },
    {
      "type": "insert-node",
      "node": {
        "label": "java.lang.String",
        "type": "VARIABLE_TYPE"
      },
      "location-after-char-start": 0,
      "location-after-char-end": 0,
      "node-str": "java.lang.String"
    },
    {
      "type": "insert-node",
      "node": {
        "label": "substring",
        "type": "Invocation"
      },
      "location-after-char-start": 4095,
      "location-after-char-end": 4123,
      "node-str": "substring"
    },
    {
      "type": "insert-node",
      "node": {
        "label": "java.lang.String",
        "type": "VARIABLE_TYPE"
      },
      "location-after-char-start": 0,
      "location-after-char-end": 0,
      "node-str": "java.lang.String"
    },
    {
      "type": "insert-node",
      "node": {
        "label": "substring",
        "type": "Invocation"
      },
      "location-after-char-start": 4143,
      "location-after-char-end": 4174,
      "node-str": "substring"
    },
    {
      "type": "insert-node",
      "node": {
        "label": "int",
        "type": "VARIABLE_TYPE"
      },
      "location-after-char-start": 0,
      "location-after-char-end": 0,
      "node-str": "int"
    },
    {
      "type": "insert-node",
      "node": {
        "label": "x",
        "type": "FieldRead"
      },
      "location-after-char-start": 4191,
      "location-after-char-end": 4209,
      "node-str": "x"
    },
    {
      "type": "insert-node",
      "node": {
        "label": "int",
        "type": "VARIABLE_TYPE"
      },
      "location-after-char-start": 0,
      "location-after-char-end": 0,
      "node-str": "int"
    },
    {
      "type": "insert-node",
      "node": {
        "label": "x",
        "type": "FieldRead"
      },
      "location-after-char-start": 4226,
      "location-after-char-end": 4244,
      "node-str": "x"
    },
    {
      "type": "insert-node",
      "node": {
        "label": "LT",
        "type": "BinaryOperator"
      },
      "location-after-char-start": 4256,
      "location-after-char-end": 4289,
      "node-str": "LT"
    },
    {
      "type": "insert-node",
      "node": {
        "label": "THEN",
        "type": "then"
      },
      "location-after-char-start": 4292,
      "location-after-char-end": 4352,
      "node-str": "THEN"
    },
    {
      "type": "insert-node",
      "node": {
        "label": "start",
        "type": "VariableWrite"
      },
      "location-after-char-start": 4359,
      "location-after-char-end": 4363,
      "node-str": "start"
    },
    {
      "type": "insert-node",
      "node": {
        "label": "end",
        "type": "VariableWrite"
      },
      "location-after-char-start": 4373,
      "location-after-char-end": 4375,
      "node-str": "end"
    },
    {
      "type": "insert-node",
      "node": {
        "label": "info",
        "type": "VariableRead"
      },
      "location-after-char-start": 3209,
      "location-after-char-end": 3212,
      "node-str": "info"
    },
    {
      "type": "insert-node",
      "node": {
        "label": "getControl",
        "type": "Invocation"
      },
      "location-after-char-start": 3243,
      "location-after-char-end": 3268,
      "node-str": "getControl"
    },
    {
      "type": "insert-node",
      "node": {
        "label": "null",
        "type": "Literal"
      },
      "location-after-char-start": 3678,
      "location-after-char-end": 3681,
      "node-str": "null"
    },
    {
      "type": "insert-node",
      "node": {
        "label": "getBounds",
        "type": "Invocation"
      },
      "location-after-char-start": 3732,
      "location-after-char-end": 3762,
      "node-str": "getBounds"
    },
    {
      "type": "insert-node",
      "node": {
        "label": "textExtent",
        "type": "Invocation"
      },
      "location-after-char-start": 3784,
      "location-after-char-end": 3807,
      "node-str": "textExtent"
    },
    {
      "type": "insert-node",
      "node": {
        "label": "gc",
        "type": "VariableRead"
      },
      "location-after-char-start": 3830,
      "location-after-char-end": 3831,
      "node-str": "gc"
    },
    {
      "type": "insert-node",
      "node": {
        "label": "textValue",
        "type": "VariableRead"
      },
      "location-after-char-start": 3856,
      "location-after-char-end": 3864,
      "node-str": "textValue"
    },
    {
      "type": "insert-node",
      "node": {
        "label": "gc",
        "type": "VariableRead"
      },
      "location-after-char-start": 3934,
      "location-after-char-end": 3935,
      "node-str": "gc"
    },
    {
      "type": "insert-node",
      "node": {
        "label": "ellipsis",
        "type": "FieldRead"
      },
      "location-after-char-start": 3948,
      "location-after-char-end": 3955,
      "node-str": "ellipsis"
    },
    {
      "type": "insert-node",
      "node": {
        "label": "start",
        "type": "VariableRead"
      },
      "location-after-char-start": 4048,
      "location-after-char-end": 4052,
      "node-str": "start"
    },
    {
      "type": "insert-node",
      "node": {
        "label": "0",
        "type": "Literal"
      },
      "location-after-char-start": 4057,
      "location-after-char-end": 4057,
      "node-str": "0"
    },
    {
      "type": "insert-node",
      "node": {
        "label": "end",
        "type": "VariableRead"
      },
      "location-after-char-start": 4062,
      "location-after-char-end": 4064,
      "node-str": "end"
    },
    {
      "type": "insert-node",
      "node": {
        "label": "length",
        "type": "VariableRead"
      },
      "location-after-char-start": 4068,
      "location-after-char-end": 4073,
      "node-str": "length"
    },
    {
      "type": "insert-node",
      "node": {
        "label": "textValue",
        "type": "VariableRead"
      },
      "location-after-char-start": 4095,
      "location-after-char-end": 4103,
      "node-str": "textValue"
    },
    {
      "type": "insert-node",
      "node": {
        "label": "0",
        "type": "Literal"
      },
      "location-after-char-start": 4115,
      "location-after-char-end": 4115,
      "node-str": "0"
    },
    {
      "type": "insert-node",
      "node": {
        "label": "start",
        "type": "VariableRead"
      },
      "location-after-char-start": 4118,
      "location-after-char-end": 4122,
      "node-str": "start"
    },
    {
      "type": "insert-node",
      "node": {
        "label": "textValue",
        "type": "VariableRead"
      },
      "location-after-char-start": 4143,
      "location-after-char-end": 4151,
      "node-str": "textValue"
    },
    {
      "type": "insert-node",
      "node": {
        "label": "end",
        "type": "VariableRead"
      },
      "location-after-char-start": 4163,
      "location-after-char-end": 4165,
      "node-str": "end"
    },
    {
      "type": "insert-node",
      "node": {
        "label": "length",
        "type": "VariableRead"
      },
      "location-after-char-start": 4168,
      "location-after-char-end": 4173,
      "node-str": "length"
    },
    {
      "type": "insert-node",
      "node": {
        "label": "textExtent",
        "type": "Invocation"
      },
      "location-after-char-start": 4191,
      "location-after-char-end": 4207,
      "node-str": "textExtent"
    },
    {
      "type": "insert-node",
      "node": {
        "label": "textExtent",
        "type": "Invocation"
      },
      "location-after-char-start": 4226,
      "location-after-char-end": 4242,
      "node-str": "textExtent"
    },
    {
      "type": "insert-node",
      "node": {
        "label": "PLUS",
        "type": "BinaryOperator"
      },
      "location-after-char-start": 4256,
      "location-after-char-end": 4278,
      "node-str": "PLUS"
    },
    {
      "type": "insert-node",
      "node": {
        "label": "maxWidth",
        "type": "VariableRead"
      },
      "location-after-char-start": 4282,
      "location-after-char-end": 4289,
      "node-str": "maxWidth"
    },
    {
      "type": "insert-node",
      "node": {
        "label": "dispose",
        "type": "Invocation"
      },
      "location-after-char-start": 4300,
      "location-after-char-end": 4312,
      "node-str": "dispose"
    },
    {
      "type": "insert-node",
      "node": {
        "label": "return",
        "type": "Return"
      },
      "location-after-char-start": 4320,
      "location-after-char-end": 4345,
      "node-str": "return"
    },
    {
      "type": "insert-node",
      "node": {
        "label": "viewer",
        "type": "FieldRead"
      },
      "location-after-char-start": 3243,
      "location-after-char-end": 3248,
      "node-str": "viewer"
    },
    {
      "type": "insert-node",
      "node": {
        "label": "getControl",
        "type": "Invocation"
      },
      "location-after-char-start": 3732,
      "location-after-char-end": 3750,
      "node-str": "getControl"
    },
    {
      "type": "insert-node",
      "node": {
        "label": "gc",
        "type": "VariableRead"
      },
      "location-after-char-start": 3784,
      "location-after-char-end": 3785,
      "node-str": "gc"
    },
    {
      "type": "insert-node",
      "node": {
        "label": "textValue",
        "type": "VariableRead"
      },
      "location-after-char-start": 3798,
      "location-after-char-end": 3806,
      "node-str": "textValue"
    },
    {
      "type": "insert-node",
      "node": {
        "label": "org.eclipse.ui.internal.progress.ProgressFloatingWindow$2",
        "type": "TypeAccess"
      },
      "location-after-char-start": 0,
      "location-after-char-end": 0,
      "node-str": "org.eclipse.ui.internal.progress.ProgressFloatingWindow$2"
    },
    {
      "type": "insert-node",
      "node": {
        "label": "gc",
        "type": "VariableRead"
      },
      "location-after-char-start": 4191,
      "location-after-char-end": 4192,
      "node-str": "gc"
    },
    {
      "type": "insert-node",
      "node": {
        "label": "s1",
        "type": "VariableRead"
      },
      "location-after-char-start": 4205,
      "location-after-char-end": 4206,
      "node-str": "s1"
    },
    {
      "type": "insert-node",
      "node": {
        "label": "gc",
        "type": "VariableRead"
      },
      "location-after-char-start": 4226,
      "location-after-char-end": 4227,
      "node-str": "gc"
    },
    {
      "type": "insert-node",
      "node": {
        "label": "s2",
        "type": "VariableRead"
      },
      "location-after-char-start": 4240,
      "location-after-char-end": 4241,
      "node-str": "s2"
    },
    {
      "type": "insert-node",
      "node": {
        "label": "PLUS",
        "type": "BinaryOperator"
      },
      "location-after-char-start": 4256,
      "location-after-char-end": 4273,
      "node-str": "PLUS"
    },
    {
      "type": "insert-node",
      "node": {
        "label": "l2",
        "type": "VariableRead"
      },
      "location-after-char-start": 4277,
      "location-after-char-end": 4278,
      "node-str": "l2"
    },
    {
      "type": "insert-node",
      "node": {
        "label": "gc",
        "type": "VariableRead"
      },
      "location-after-char-start": 4300,
      "location-after-char-end": 4301,
      "node-str": "gc"
    },
    {
      "type": "insert-node",
      "node": {
        "label": "PLUS",
        "type": "BinaryOperator"
      },
      "location-after-char-start": 4327,
      "location-after-char-end": 4344,
      "node-str": "PLUS"
    },
    {
      "type": "insert-node",
      "node": {
        "label": "org.eclipse.ui.internal.progress.ProgressFloatingWindow",
        "type": "TypeAccess"
      },
      "location-after-char-start": 0,
      "location-after-char-end": 0,
      "node-str": "org.eclipse.ui.internal.progress.ProgressFloatingWindow"
    },
    {
      "type": "insert-node",
      "node": {
        "label": "viewer",
        "type": "FieldRead"
      },
      "location-after-char-start": 3732,
      "location-after-char-end": 3737,
      "node-str": "viewer"
    },
    {
      "type": "insert-node",
      "node": {
        "label": "l1",
        "type": "VariableRead"
      },
      "location-after-char-start": 4256,
      "location-after-char-end": 4257,
      "node-str": "l1"
    },
    {
      "type": "insert-node",
      "node": {
        "label": "ellipsisWidth",
        "type": "VariableRead"
      },
      "location-after-char-start": 4261,
      "location-after-char-end": 4273,
      "node-str": "ellipsisWidth"
    },
    {
      "type": "insert-node",
      "node": {
        "label": "PLUS",
        "type": "BinaryOperator"
      },
      "location-after-char-start": 4327,
      "location-after-char-end": 4339,
      "node-str": "PLUS"
    },
    {
      "type": "insert-node",
      "node": {
        "label": "s2",
        "type": "VariableRead"
      },
      "location-after-char-start": 4343,
      "location-after-char-end": 4344,
      "node-str": "s2"
    },
    {
      "type": "insert-node",
      "node": {
        "label": "org.eclipse.ui.internal.progress.ProgressFloatingWindow",
        "type": "TypeAccess"
      },
      "location-after-char-start": 0,
      "location-after-char-end": 0,
      "node-str": "org.eclipse.ui.internal.progress.ProgressFloatingWindow"
    },
    {
      "type": "insert-node",
      "node": {
        "label": "s1",
        "type": "VariableRead"
      },
      "location-after-char-start": 4327,
      "location-after-char-end": 4328,
      "node-str": "s1"
    },
    {
      "type": "insert-node",
      "node": {
        "label": "ellipsis",
        "type": "FieldRead"
      },
      "location-after-char-start": 4332,
      "location-after-char-end": 4339,
      "node-str": "ellipsis"
    },
    {
      "type": "insert-node",
      "node": {
        "label": "org.eclipse.ui.internal.progress.ProgressFloatingWindow$2",
        "type": "TypeAccess"
      },
      "location-after-char-start": 0,
      "location-after-char-end": 0,
      "node-str": "org.eclipse.ui.internal.progress.ProgressFloatingWindow$2"
    },
    {
      "type": "delete-node",
      "node": {
        "label": "org.eclipse.ui.internal.AssociatedWindow",
        "type": "SUPER_TYPE"
      },
      "location-before-char-start": 0,
      "location-before-char-end": 0,
      "node-str": "org.eclipse.ui.internal.AssociatedWindow"
    },
    {
      "type": "delete-node",
      "node": {
        "label": "",
        "type": "TypeReference"
      },
      "location-before-char-start": 1379,
      "location-before-char-end": 1394,
      "node-str": ""
    },
    {
      "type": "delete-node",
      "node": {
        "label": "org.eclipse.jface.viewers.TableViewer",
        "type": "VARIABLE_TYPE"
      },
      "location-before-char-start": 0,
      "location-before-char-end": 0,
      "node-str": "org.eclipse.jface.viewers.TableViewer"
    },
    {
      "type": "delete-node",
      "node": {
        "label": "viewer",
        "type": "Field"
      },
      "location-before-char-start": 1400,
      "location-before-char-end": 1418,
      "node-str": "viewer"
    },
    {
      "type": "delete-node",
      "node": {
        "label": "org.eclipse.ui.internal.WorkbenchWindow",
        "type": "VARIABLE_TYPE"
      },
      "location-before-char-start": 0,
      "location-before-char-end": 0,
      "node-str": "org.eclipse.ui.internal.WorkbenchWindow"
    },
    {
      "type": "delete-node",
      "node": {
        "label": "window",
        "type": "Field"
      },
      "location-before-char-start": 1421,
      "location-before-char-end": 1443,
      "node-str": "window"
    },
    {
      "type": "delete-node",
      "node": {
        "label": "org.eclipse.swt.widgets.Shell",
        "type": "VARIABLE_TYPE"
      },
      "location-before-char-start": 0,
      "location-before-char-end": 0,
      "node-str": "org.eclipse.swt.widgets.Shell"
    },
    {
      "type": "delete-node",
      "node": {
        "label": "parent",
        "type": "Parameter"
      },
      "location-before-char-start": 1575,
      "location-before-char-end": 1586,
      "node-str": "parent"
    },
    {
      "type": "delete-node",
      "node": {
        "label": "org.eclipse.swt.widgets.Control",
        "type": "VARIABLE_TYPE"
      },
      "location-before-char-start": 0,
      "location-before-char-end": 0,
      "node-str": "org.eclipse.swt.widgets.Control"
    },
    {
      "type": "delete-node",
      "node": {
        "label": "associatedControl",
        "type": "Parameter"
      },
      "location-before-char-start": 1589,
      "location-before-char-end": 1613,
      "node-str": "associatedControl"
    },
    {
      "type": "delete-node",
      "node": {
        "label": "parent",
        "type": "VariableRead"
      },
      "location-before-char-start": 1626,
      "location-before-char-end": 1631,
      "node-str": "parent"
    },
    {
      "type": "delete-node",
      "node": {
        "label": "associatedControl",
        "type": "VariableRead"
      },
      "location-before-char-start": 1634,
      "location-before-char-end": 1650,
      "node-str": "associatedControl"
    },
    {
      "type": "delete-node",
      "node": {
        "label": "\u003cinit\u003e",
        "type": "Invocation"
      },
      "location-before-char-start": 1620,
      "location-before-char-end": 1652,
      "node-str": "\u003cinit\u003e"
    },
    {
      "type": "delete-node",
      "node": {
        "label": "org.eclipse.ui.internal.progress.ProgressFloatingWindow",
        "type": "TypeAccess"
      },
      "location-before-char-start": 0,
      "location-before-char-end": 0,
      "node-str": "org.eclipse.ui.internal.progress.ProgressFloatingWindow"
    },
    {
      "type": "delete-node",
      "node": {
        "label": "SWT.RESIZE",
        "type": "TypeAccess"
      },
      "location-before-char-start": 1670,
      "location-before-char-end": 1679,
      "node-str": "SWT.RESIZE"
    },
    {
      "type": "delete-node",
      "node": {
        "label": "setShellStyle",
        "type": "Invocation"
      },
      "location-before-char-start": 1656,
      "location-before-char-end": 1681,
      "node-str": "setShellStyle"
    },
    {
      "type": "delete-node",
      "node": {
        "label": "\u003cinit\u003e",
        "type": "Constructor"
      },
      "location-before-char-start": 1447,
      "location-before-char-end": 1684,
      "node-str": "\u003cinit\u003e"
    },
    {
      "type": "delete-node",
      "node": {
        "label": "org.eclipse.swt.widgets.Control",
        "type": "RETURN_TYPE"
      },
      "location-before-char-start": 0,
      "location-before-char-end": 0,
      "node-str": "org.eclipse.swt.widgets.Control"
    },
    {
      "type": "delete-node",
      "node": {
        "label": "protected",
        "type": "Modifier"
      },
      "location-before-char-start": 0,
      "location-before-char-end": 0,
      "node-str": "protected"
    },
    {
      "type": "delete-node",
      "node": {
        "label": "org.eclipse.swt.widgets.Composite",
        "type": "VARIABLE_TYPE"
      },
      "location-before-char-start": 0,
      "location-before-char-end": 0,
      "node-str": "org.eclipse.swt.widgets.Composite"
    },
    {
      "type": "delete-node",
      "node": {
        "label": "root",
        "type": "Parameter"
      },
      "location-before-char-start": 2075,
      "location-before-char-end": 2088,
      "node-str": "root"
    },
    {
      "type": "delete-node",
      "node": {
        "label": "org.eclipse.ui.internal.progress.ProgressFloatingWindow",
        "type": "TypeAccess"
      },
      "location-before-char-start": 0,
      "location-before-char-end": 0,
      "node-str": "org.eclipse.ui.internal.progress.ProgressFloatingWindow"
    },
    {
      "type": "delete-node",
      "node": {
        "label": "viewer",
        "type": "FieldRead"
      },
      "location-before-char-start": 2474,
      "location-before-char-end": 2479,
      "node-str": "viewer"
    },
    {
      "type": "delete-node",
      "node": {
        "label": "true",
        "type": "Literal"
      },
      "location-before-char-start": 2498,
      "location-before-char-end": 2501,
      "node-str": "true"
    },
    {
      "type": "delete-node",
      "node": {
        "label": "setUseHashlookup",
        "type": "Invocation"
      },
      "location-before-char-start": 2474,
      "location-before-char-end": 2503,
      "node-str": "setUseHashlookup"
    },
    {
      "type": "delete-node",
      "node": {
        "label": "org.eclipse.ui.internal.progress.ProgressFloatingWindow",
        "type": "TypeAccess"
      },
      "location-before-char-start": 0,
      "location-before-char-end": 0,
      "node-str": "org.eclipse.ui.internal.progress.ProgressFloatingWindow"
    },
    {
      "type": "delete-node",
      "node": {
        "label": "viewer",
        "type": "FieldRead"
      },
      "location-before-char-start": 2507,
      "location-before-char-end": 2512,
      "node-str": "viewer"
    },
    {
      "type": "delete-node",
      "node": {
        "label": "org.eclipse.ui.internal.progress.ProgressManagerUtil",
        "type": "TypeAccess"
      },
      "location-before-char-start": 2524,
      "location-before-char-end": 2542,
      "node-str": "org.eclipse.ui.internal.progress.ProgressManagerUtil"
    },
    {
      "type": "delete-node",
      "node": {
        "label": "getProgressViewerSorter",
        "type": "Invocation"
      },
      "location-before-char-start": 2524,
      "location-before-char-end": 2568,
      "node-str": "getProgressViewerSorter"
    },
    {
      "type": "delete-node",
      "node": {
        "label": "setSorter",
        "type": "Invocation"
      },
      "location-before-char-start": 2507,
      "location-before-char-end": 2570,
      "node-str": "setSorter"
    },
    {
      "type": "delete-node",
      "node": {
        "label": "org.eclipse.ui.internal.progress.ProgressFloatingWindow",
        "type": "TypeAccess"
      },
      "location-before-char-start": 0,
      "location-before-char-end": 0,
      "node-str": "org.eclipse.ui.internal.progress.ProgressFloatingWindow"
    },
    {
      "type": "delete-node",
      "node": {
        "label": "initContentProvider",
        "type": "Invocation"
      },
      "location-before-char-start": 2761,
      "location-before-char-end": 2782,
      "node-str": "initContentProvider"
    },
    {
      "type": "delete-node",
      "node": {
        "label": "org.eclipse.ui.internal.progress.ProgressFloatingWindow",
        "type": "TypeAccess"
      },
      "location-before-char-start": 0,
      "location-before-char-end": 0,
      "node-str": "org.eclipse.ui.internal.progress.ProgressFloatingWindow"
    },
    {
      "type": "delete-node",
      "node": {
        "label": "viewer",
        "type": "FieldRead"
      },
      "location-before-char-start": 2786,
      "location-before-char-end": 2791,
      "node-str": "viewer"
    },
    {
      "type": "delete-node",
      "node": {
        "label": "org.eclipse.jface.viewers.LabelProvider",
        "type": "SUPER_TYPE"
      },
      "location-before-char-start": 0,
      "location-before-char-end": 0,
      "node-str": "org.eclipse.jface.viewers.LabelProvider"
    },
    {
      "type": "delete-node",
      "node": {
        "label": "",
        "type": "TypeReference"
      },
      "location-before-char-start": 0,
      "location-before-char-end": 0,
      "node-str": ""
    },
    {
      "type": "delete-node",
      "node": {
        "label": "java.lang.String",
        "type": "RETURN_TYPE"
      },
      "location-before-char-start": 0,
      "location-before-char-end": 0,
      "node-str": "java.lang.String"
    },
    {
      "type": "delete-node",
      "node": {
        "label": "public",
        "type": "Modifier"
      },
      "location-before-char-start": 0,
      "location-before-char-end": 0,
      "node-str": "public"
    },
    {
      "type": "delete-node",
      "node": {
        "label": "java.lang.Object",
        "type": "VARIABLE_TYPE"
      },
      "location-before-char-start": 0,
      "location-before-char-end": 0,
      "node-str": "java.lang.Object"
    },
    {
      "type": "delete-node",
      "node": {
        "label": "element",
        "type": "Parameter"
      },
      "location-before-char-start": 2974,
      "location-before-char-end": 2987,
      "node-str": "element"
    },
    {
      "type": "delete-node",
      "node": {
        "label": "org.eclipse.ui.internal.progress.JobTreeElement",
        "type": "VARIABLE_TYPE"
      },
      "location-before-char-start": 0,
      "location-before-char-end": 0,
      "node-str": "org.eclipse.ui.internal.progress.JobTreeElement"
    },
    {
      "type": "delete-node",
      "node": {
        "label": "element",
        "type": "VariableRead"
      },
      "location-before-char-start": 3018,
      "location-before-char-end": 3041,
      "node-str": "element"
    },
    {
      "type": "delete-node",
      "node": {
        "label": "info",
        "type": "LocalVariable"
      },
      "location-before-char-start": 2996,
      "location-before-char-end": 3042,
      "node-str": "info"
    },
    {
      "type": "delete-node",
      "node": {
        "label": "info",
        "type": "VariableRead"
      },
      "location-before-char-start": 3063,
      "location-before-char-end": 3066,
      "node-str": "info"
    },
    {
      "type": "delete-node",
      "node": {
        "label": "getCondensedDisplayString",
        "type": "Invocation"
      },
      "location-before-char-start": 3063,
      "location-before-char-end": 3094,
      "node-str": "getCondensedDisplayString"
    },
    {
      "type": "delete-node",
      "node": {
        "label": "return",
        "type": "Return"
      },
      "location-before-char-start": 3056,
      "location-before-char-end": 3095,
      "node-str": "return"
    },
    {
      "type": "delete-node",
      "node": {
        "label": "getText",
        "type": "Method"
      },
      "location-before-char-start": 2835,
      "location-before-char-end": 3100,
      "node-str": "getText"
    },
    {
      "type": "delete-node",
      "node": {
        "label": "2",
        "type": "Class"
      },
      "location-before-char-start": 2830,
      "location-before-char-end": 3104,
      "node-str": "2"
    },
    {
      "type": "delete-node",
      "node": {
        "label": "org.eclipse.jface.viewers.LabelProvider()",
        "type": "NewClass"
      },
      "location-before-char-start": 2810,
      "location-before-char-end": 3104,
      "node-str": "org.eclipse.jface.viewers.LabelProvider()"
    },
    {
      "type": "delete-node",
      "node": {
        "label": "setLabelProvider",
        "type": "Invocation"
      },
      "location-before-char-start": 2786,
      "location-before-char-end": 3106,
      "node-str": "setLabelProvider"
    },
    {
      "type": "delete-node",
      "node": {
        "label": "createContents",
        "type": "Method"
      },
      "location-before-char-start": 1919,
      "location-before-char-end": 3143,
      "node-str": "createContents"
    },
    {
      "type": "delete-node",
      "node": {
        "label": "size",
        "type": "VariableWrite"
      },
      "location-before-char-start": 3296,
      "location-before-char-end": 3301,
      "node-str": "size"
    },
    {
      "type": "delete-node",
      "node": {
        "label": "x",
        "type": "FieldWrite"
      },
      "location-before-char-start": 3296,
      "location-before-char-end": 3301,
      "node-str": "x"
    },
    {
      "type": "delete-node",
      "node": {
        "label": "5",
        "type": "Literal"
      },
      "location-before-char-start": 3306,
      "location-before-char-end": 3306,
      "node-str": "5"
    },
    {
      "type": "delete-node",
      "node": {
        "label": "",
        "type": "OperatorAssignment"
      },
      "location-before-char-start": 3296,
      "location-before-char-end": 3307,
      "node-str": ""
    },
    {
      "type": "delete-node",
      "node": {
        "label": "size",
        "type": "VariableWrite"
      },
      "location-before-char-start": 3311,
      "location-before-char-end": 3316,
      "node-str": "size"
    },
    {
      "type": "delete-node",
      "node": {
        "label": "y",
        "type": "FieldWrite"
      },
      "location-before-char-start": 3311,
      "location-before-char-end": 3316,
      "node-str": "y"
    },
    {
      "type": "delete-node",
      "node": {
        "label": "5",
        "type": "Literal"
      },
      "location-before-char-start": 3321,
      "location-before-char-end": 3321,
      "node-str": "5"
    },
    {
      "type": "delete-node",
      "node": {
        "label": "",
        "type": "OperatorAssignment"
      },
      "location-before-char-start": 3311,
      "location-before-char-end": 3322,
      "node-str": ""
    },
    {
      "type": "delete-node",
      "node": {
        "label": "size",
        "type": "VariableRead"
      },
      "location-before-char-start": 3330,
      "location-before-char-end": 3335,
      "node-str": "size"
    },
    {
      "type": "delete-node",
      "node": {
        "label": "x",
        "type": "FieldRead"
      },
      "location-before-char-start": 3330,
      "location-before-char-end": 3335,
      "node-str": "x"
    },
    {
      "type": "delete-node",
      "node": {
        "label": "500",
        "type": "Literal"
      },
      "location-before-char-start": 3339,
      "location-before-char-end": 3341,
      "node-str": "500"
    },
    {
      "type": "delete-node",
      "node": {
        "label": "GT",
        "type": "BinaryOperator"
      },
      "location-before-char-start": 3330,
      "location-before-char-end": 3341,
      "node-str": "GT"
    },
    {
      "type": "delete-node",
      "node": {
        "label": "size",
        "type": "VariableWrite"
      },
      "location-before-char-start": 3347,
      "location-before-char-end": 3352,
      "node-str": "size"
    },
    {
      "type": "delete-node",
      "node": {
        "label": "x",
        "type": "FieldWrite"
      },
      "location-before-char-start": 3347,
      "location-before-char-end": 3352,
      "node-str": "x"
    },
    {
      "type": "delete-node",
      "node": {
        "label": "500",
        "type": "Literal"
      },
      "location-before-char-start": 3356,
      "location-before-char-end": 3358,
      "node-str": "500"
    },
    {
      "type": "delete-node",
      "node": {
        "label": "\u003d",
        "type": "Assignment"
      },
      "location-before-char-start": 3347,
      "location-before-char-end": 3359,
      "node-str": "\u003d"
    },
    {
      "type": "delete-node",
      "node": {
        "label": "THEN",
        "type": "then"
      },
      "location-before-char-start": 3347,
      "location-before-char-end": 3359,
      "node-str": "THEN"
    },
    {
      "type": "delete-node",
      "node": {
        "label": "if",
        "type": "If"
      },
      "location-before-char-start": 3326,
      "location-before-char-end": 3359,
      "node-str": "if"
    },
    {
      "type": "delete-node",
      "node": {
        "label": "org.eclipse.ui.internal.progress.ProgressFloatingWindow",
        "type": "TypeAccess"
      },
      "location-before-char-start": 0,
      "location-before-char-end": 0,
      "node-str": "org.eclipse.ui.internal.progress.ProgressFloatingWindow"
    },
    {
      "type": "delete-node",
      "node": {
        "label": "getShell",
        "type": "Invocation"
      },
      "location-before-char-start": 3363,
      "location-before-char-end": 3372,
      "node-str": "getShell"
    },
    {
      "type": "delete-node",
      "node": {
        "label": "size",
        "type": "VariableRead"
      },
      "location-before-char-start": 3382,
      "location-before-char-end": 3385,
      "node-str": "size"
    },
    {
      "type": "delete-node",
      "node": {
        "label": "setSize",
        "type": "Invocation"
      },
      "location-before-char-start": 3363,
      "location-before-char-end": 3387,
      "node-str": "setSize"
    },
    {
      "type": "delete-node",
      "node": {
        "label": "org.eclipse.ui.internal.progress.ProgressFloatingWindow",
        "type": "TypeAccess"
      },
      "location-before-char-start": 0,
      "location-before-char-end": 0,
      "node-str": "org.eclipse.ui.internal.progress.ProgressFloatingWindow"
    },
    {
      "type": "delete-node",
      "node": {
        "label": "org.eclipse.ui.internal.progress.ProgressFloatingWindow",
        "type": "TypeAccess"
      },
      "location-before-char-start": 0,
      "location-before-char-end": 0,
      "node-str": "org.eclipse.ui.internal.progress.ProgressFloatingWindow"
    },
    {
      "type": "delete-node",
      "node": {
        "label": "getShell",
        "type": "Invocation"
      },
      "location-before-char-start": 3401,
      "location-before-char-end": 3410,
      "node-str": "getShell"
    },
    {
      "type": "delete-node",
      "node": {
        "label": "moveShell",
        "type": "Invocation"
      },
      "location-before-char-start": 3391,
      "location-before-char-end": 3412,
      "node-str": "moveShell"
    },
    {
      "type": "delete-node",
      "node": {
        "label": "int",
        "type": "RETURN_TYPE"
      },
      "location-before-char-start": 0,
      "location-before-char-end": 0,
      "node-str": "int"
    },
    {
      "type": "delete-node",
      "node": {
        "label": "protected",
        "type": "Modifier"
      },
      "location-before-char-start": 0,
      "location-before-char-end": 0,
      "node-str": "protected"
    },
    {
      "type": "delete-node",
      "node": {
        "label": "50",
        "type": "Literal"
      },
      "location-before-char-start": 5239,
      "location-before-char-end": 5240,
      "node-str": "50"
    },
    {
      "type": "delete-node",
      "node": {
        "label": "return",
        "type": "Return"
      },
      "location-before-char-start": 5232,
      "location-before-char-end": 5241,
      "node-str": "return"
    },
    {
      "type": "delete-node",
      "node": {
        "label": "getTransparencyValue",
        "type": "Method"
      },
      "location-before-char-start": 5086,
      "location-before-char-end": 5244,
      "node-str": "getTransparencyValue"
    }
  ],
  "before-file": {},
  "after-file": {},
  "mapping": {}
}