{
  "tool-info": {},
  "diff": [
    {
      "type": "insert-node",
      "node": {
        "label": "public",
        "type": "Modifier"
      },
      "location-after-char-start": 0,
      "location-after-char-end": 0,
      "node-str": "public"
    },
    {
      "type": "insert-node",
      "node": {
        "label": "",
        "type": "TypeReference"
      },
      "location-after-char-start": 1569,
      "location-after-char-end": 1590,
      "node-str": ""
    },
    {
      "type": "insert-node",
      "node": {
        "label": "theme",
        "type": "Field"
      },
      "location-after-char-start": 1692,
      "location-after-char-end": 1712,
      "node-str": "theme"
    },
    {
      "type": "insert-node",
      "node": {
        "label": "propertyChangeListener",
        "type": "Field"
      },
      "location-after-char-start": 1718,
      "location-after-char-end": 2392,
      "node-str": "propertyChangeListener"
    },
    {
      "type": "insert-node",
      "node": {
        "label": "\u003cinit\u003e",
        "type": "Constructor"
      },
      "location-after-char-start": 2397,
      "location-after-char-end": 3356,
      "node-str": "\u003cinit\u003e"
    },
    {
      "type": "insert-node",
      "node": {
        "label": "setTabStyle",
        "type": "Method"
      },
      "location-after-char-start": 3361,
      "location-after-char-end": 3692,
      "node-str": "setTabStyle"
    },
    {
      "type": "insert-node",
      "node": {
        "label": "getTheme",
        "type": "Method"
      },
      "location-after-char-start": 5670,
      "location-after-char-end": 5715,
      "node-str": "getTheme"
    },
    {
      "type": "insert-node",
      "node": {
        "label": "setActive",
        "type": "Method"
      },
      "location-after-char-start": 6975,
      "location-after-char-end": 7164,
      "node-str": "setActive"
    },
    {
      "type": "insert-node",
      "node": {
        "label": "BasicStackPresentation",
        "type": "SUPER_TYPE"
      },
      "location-after-char-start": 0,
      "location-after-char-end": 0,
      "node-str": "BasicStackPresentation"
    },
    {
      "type": "insert-node",
      "node": {
        "label": "org.eclipse.ui.themes.ITheme",
        "type": "VARIABLE_TYPE"
      },
      "location-after-char-start": 0,
      "location-after-char-end": 0,
      "node-str": "org.eclipse.ui.themes.ITheme"
    },
    {
      "type": "insert-node",
      "node": {
        "label": "org.eclipse.jface.util.IPropertyChangeListener",
        "type": "VARIABLE_TYPE"
      },
      "location-after-char-start": 0,
      "location-after-char-end": 0,
      "node-str": "org.eclipse.jface.util.IPropertyChangeListener"
    },
    {
      "type": "insert-node",
      "node": {
        "label": "final",
        "type": "Modifier"
      },
      "location-after-char-start": 0,
      "location-after-char-end": 0,
      "node-str": "final"
    },
    {
      "type": "insert-node",
      "node": {
        "label": "org.eclipse.jface.util.IPropertyChangeListener()",
        "type": "NewClass"
      },
      "location-after-char-start": 1781,
      "location-after-char-end": 2391,
      "node-str": "org.eclipse.jface.util.IPropertyChangeListener()"
    },
    {
      "type": "insert-node",
      "node": {
        "label": "public",
        "type": "Modifier"
      },
      "location-after-char-start": 0,
      "location-after-char-end": 0,
      "node-str": "public"
    },
    {
      "type": "insert-node",
      "node": {
        "label": "parent",
        "type": "Parameter"
      },
      "location-after-char-start": 2430,
      "location-after-char-end": 2445,
      "node-str": "parent"
    },
    {
      "type": "insert-node",
      "node": {
        "label": "newSite",
        "type": "Parameter"
      },
      "location-after-char-start": 2448,
      "location-after-char-end": 2477,
      "node-str": "newSite"
    },
    {
      "type": "insert-node",
      "node": {
        "label": "flags",
        "type": "Parameter"
      },
      "location-after-char-start": 2484,
      "location-after-char-end": 2492,
      "node-str": "flags"
    },
    {
      "type": "insert-node",
      "node": {
        "label": "theme",
        "type": "Parameter"
      },
      "location-after-char-start": 2495,
      "location-after-char-end": 2506,
      "node-str": "theme"
    },
    {
      "type": "move-subtree",
      "node": {
        "label": "\u003cinit\u003e",
        "type": "Invocation"
      },
      "location-before-char-start": 2538,
      "location-before-char-end": 2588,
      "location-after-char-start": 2516,
      "location-after-char-end": 2566,
      "node-str": "\u003cinit\u003e"
    },
    {
      "type": "insert-node",
      "node": {
        "label": "\u003d",
        "type": "Assignment"
      },
      "location-after-char-start": 2570,
      "location-after-char-end": 2588,
      "node-str": "\u003d"
    },
    {
      "type": "insert-node",
      "node": {
        "label": "tabFolder",
        "type": "LocalVariable"
      },
      "location-after-char-start": 2592,
      "location-after-char-end": 2629,
      "node-str": "tabFolder"
    },
    {
      "type": "insert-node",
      "node": {
        "label": "addPropertyChangeListener",
        "type": "Invocation"
      },
      "location-after-char-start": 2636,
      "location-after-char-end": 2701,
      "node-str": "addPropertyChangeListener"
    },
    {
      "type": "insert-node",
      "node": {
        "label": "tabLocation",
        "type": "LocalVariable"
      },
      "location-after-char-start": 2705,
      "location-after-char-end": 2785,
      "node-str": "tabLocation"
    },
    {
      "type": "insert-node",
      "node": {
        "label": "setTabPosition",
        "type": "Invocation"
      },
      "location-after-char-start": 2793,
      "location-after-char-end": 2820,
      "node-str": "setTabPosition"
    },
    {
      "type": "insert-node",
      "node": {
        "label": "setTabStyle",
        "type": "Invocation"
      },
      "location-after-char-start": 2824,
      "location-after-char-end": 2913,
      "node-str": "setTabStyle"
    },
    {
      "type": "move-subtree",
      "node": {
        "label": "setUnselectedCloseVisible",
        "type": "Invocation"
      },
      "location-before-char-start": 2992,
      "location-before-char-end": 3034,
      "location-after-char-start": 2970,
      "location-after-char-end": 3012,
      "node-str": "setUnselectedCloseVisible"
    },
    {
      "type": "move-subtree",
      "node": {
        "label": "setUnselectedImageVisible",
        "type": "Invocation"
      },
      "location-before-char-start": 3087,
      "location-before-char-end": 3129,
      "location-after-char-start": 3065,
      "location-after-char-end": 3107,
      "node-str": "setUnselectedImageVisible"
    },
    {
      "type": "move-subtree",
      "node": {
        "label": "setTabColors",
        "type": "Invocation"
      },
      "location-before-char-start": 3196,
      "location-before-char-end": 3238,
      "location-after-char-start": 3174,
      "location-after-char-end": 3216,
      "node-str": "setTabColors"
    },
    {
      "type": "insert-node",
      "node": {
        "label": "applyTheme",
        "type": "Invocation"
      },
      "location-after-char-start": 3221,
      "location-after-char-end": 3238,
      "node-str": "applyTheme"
    },
    {
      "type": "move-subtree",
      "node": {
        "label": "setMinimizeVisible",
        "type": "Invocation"
      },
      "location-before-char-start": 3267,
      "location-before-char-end": 3319,
      "location-after-char-start": 3245,
      "location-after-char-end": 3297,
      "node-str": "setMinimizeVisible"
    },
    {
      "type": "move-subtree",
      "node": {
        "label": "setMaximizeVisible",
        "type": "Invocation"
      },
      "location-before-char-start": 3323,
      "location-before-char-end": 3375,
      "location-after-char-start": 3301,
      "location-after-char-end": 3353,
      "node-str": "setMaximizeVisible"
    },
    {
      "type": "insert-node",
      "node": {
        "label": "void",
        "type": "RETURN_TYPE"
      },
      "location-after-char-start": 0,
      "location-after-char-end": 0,
      "node-str": "void"
    },
    {
      "type": "insert-node",
      "node": {
        "label": "protected",
        "type": "Modifier"
      },
      "location-after-char-start": 0,
      "location-after-char-end": 0,
      "node-str": "protected"
    },
    {
      "type": "insert-node",
      "node": {
        "label": "traditionalTab",
        "type": "Parameter"
      },
      "location-after-char-start": 3581,
      "location-after-char-end": 3602,
      "node-str": "traditionalTab"
    },
    {
      "type": "insert-node",
      "node": {
        "label": "setSimpleTab",
        "type": "Invocation"
      },
      "location-after-char-start": 3646,
      "location-after-char-end": 3689,
      "node-str": "setSimpleTab"
    },
    {
      "type": "insert-node",
      "node": {
        "label": "org.eclipse.ui.themes.ITheme",
        "type": "RETURN_TYPE"
      },
      "location-after-char-start": 0,
      "location-after-char-end": 0,
      "node-str": "org.eclipse.ui.themes.ITheme"
    },
    {
      "type": "insert-node",
      "node": {
        "label": "return",
        "type": "Return"
      },
      "location-after-char-start": 5700,
      "location-after-char-end": 5712,
      "node-str": "return"
    },
    {
      "type": "insert-node",
      "node": {
        "label": "void",
        "type": "RETURN_TYPE"
      },
      "location-after-char-start": 0,
      "location-after-char-end": 0,
      "node-str": "void"
    },
    {
      "type": "insert-node",
      "node": {
        "label": "public",
        "type": "Modifier"
      },
      "location-after-char-start": 0,
      "location-after-char-end": 0,
      "node-str": "public"
    },
    {
      "type": "insert-node",
      "node": {
        "label": "isActive",
        "type": "Parameter"
      },
      "location-after-char-start": 7091,
      "location-after-char-end": 7106,
      "node-str": "isActive"
    },
    {
      "type": "move-subtree",
      "node": {
        "label": "setActive",
        "type": "Invocation"
      },
      "location-before-char-start": 7135,
      "location-before-char-end": 7160,
      "location-after-char-start": 7113,
      "location-after-char-end": 7138,
      "node-str": "setActive"
    },
    {
      "type": "insert-node",
      "node": {
        "label": "updateGradient",
        "type": "Invocation"
      },
      "location-after-char-start": 7145,
      "location-after-char-end": 7161,
      "node-str": "updateGradient"
    },
    {
      "type": "insert-node",
      "node": {
        "label": "1",
        "type": "Class"
      },
      "location-after-char-start": 1811,
      "location-after-char-end": 2391,
      "node-str": "1"
    },
    {
      "type": "insert-node",
      "node": {
        "label": "org.eclipse.swt.widgets.Composite",
        "type": "VARIABLE_TYPE"
      },
      "location-after-char-start": 0,
      "location-after-char-end": 0,
      "node-str": "org.eclipse.swt.widgets.Composite"
    },
    {
      "type": "insert-node",
      "node": {
        "label": "IStackPresentationSite",
        "type": "VARIABLE_TYPE"
      },
      "location-after-char-start": 0,
      "location-after-char-end": 0,
      "node-str": "IStackPresentationSite"
    },
    {
      "type": "insert-node",
      "node": {
        "label": "int",
        "type": "VARIABLE_TYPE"
      },
      "location-after-char-start": 0,
      "location-after-char-end": 0,
      "node-str": "int"
    },
    {
      "type": "insert-node",
      "node": {
        "label": "org.eclipse.ui.themes.ITheme",
        "type": "VARIABLE_TYPE"
      },
      "location-after-char-start": 0,
      "location-after-char-end": 0,
      "node-str": "org.eclipse.ui.themes.ITheme"
    },
    {
      "type": "insert-node",
      "node": {
        "label": "theme",
        "type": "FieldWrite"
      },
      "location-after-char-start": 2570,
      "location-after-char-end": 2579,
      "node-str": "theme"
    },
    {
      "type": "insert-node",
      "node": {
        "label": "theme",
        "type": "VariableRead"
      },
      "location-after-char-start": 2583,
      "location-after-char-end": 2587,
      "node-str": "theme"
    },
    {
      "type": "insert-node",
      "node": {
        "label": "org.eclipse.swt.custom.CTabFolder",
        "type": "VARIABLE_TYPE"
      },
      "location-after-char-start": 0,
      "location-after-char-end": 0,
      "node-str": "org.eclipse.swt.custom.CTabFolder"
    },
    {
      "type": "insert-node",
      "node": {
        "label": "getTabFolder",
        "type": "Invocation"
      },
      "location-after-char-start": 2615,
      "location-after-char-end": 2628,
      "node-str": "getTabFolder"
    },
    {
      "type": "insert-node",
      "node": {
        "label": "preferenceStore",
        "type": "FieldRead"
      },
      "location-after-char-start": 2636,
      "location-after-char-end": 2650,
      "node-str": "preferenceStore"
    },
    {
      "type": "insert-node",
      "node": {
        "label": "propertyChangeListener",
        "type": "FieldRead"
      },
      "location-after-char-start": 2678,
      "location-after-char-end": 2699,
      "node-str": "propertyChangeListener"
    },
    {
      "type": "insert-node",
      "node": {
        "label": "int",
        "type": "VARIABLE_TYPE"
      },
      "location-after-char-start": 0,
      "location-after-char-end": 0,
      "node-str": "int"
    },
    {
      "type": "insert-node",
      "node": {
        "label": "getInt",
        "type": "Invocation"
      },
      "location-after-char-start": 2723,
      "location-after-char-end": 2784,
      "node-str": "getInt"
    },
    {
      "type": "insert-node",
      "node": {
        "label": "org.eclipse.ui.internal.presentations.PartTabFolderPresentation",
        "type": "TypeAccess"
      },
      "location-after-char-start": 0,
      "location-after-char-end": 0,
      "node-str": "org.eclipse.ui.internal.presentations.PartTabFolderPresentation"
    },
    {
      "type": "insert-node",
      "node": {
        "label": "tabLocation",
        "type": "VariableRead"
      },
      "location-after-char-start": 2808,
      "location-after-char-end": 2818,
      "node-str": "tabLocation"
    },
    {
      "type": "insert-node",
      "node": {
        "label": "org.eclipse.ui.internal.presentations.PartTabFolderPresentation",
        "type": "TypeAccess"
      },
      "location-after-char-start": 0,
      "location-after-char-end": 0,
      "node-str": "org.eclipse.ui.internal.presentations.PartTabFolderPresentation"
    },
    {
      "type": "insert-node",
      "node": {
        "label": "getBoolean",
        "type": "Invocation"
      },
      "location-after-char-start": 2836,
      "location-after-char-end": 2911,
      "node-str": "getBoolean"
    },
    {
      "type": "insert-node",
      "node": {
        "label": "org.eclipse.ui.internal.presentations.PartTabFolderPresentation",
        "type": "TypeAccess"
      },
      "location-after-char-start": 0,
      "location-after-char-end": 0,
      "node-str": "org.eclipse.ui.internal.presentations.PartTabFolderPresentation"
    },
    {
      "type": "insert-node",
      "node": {
        "label": "theme",
        "type": "VariableRead"
      },
      "location-after-char-start": 3232,
      "location-after-char-end": 3236,
      "node-str": "theme"
    },
    {
      "type": "insert-node",
      "node": {
        "label": "boolean",
        "type": "VARIABLE_TYPE"
      },
      "location-after-char-start": 0,
      "location-after-char-end": 0,
      "node-str": "boolean"
    },
    {
      "type": "insert-node",
      "node": {
        "label": "getTabFolder",
        "type": "Invocation"
      },
      "location-after-char-start": 3646,
      "location-after-char-end": 3659,
      "node-str": "getTabFolder"
    },
    {
      "type": "insert-node",
      "node": {
        "label": "traditionalTab",
        "type": "VariableRead"
      },
      "location-after-char-start": 3674,
      "location-after-char-end": 3687,
      "node-str": "traditionalTab"
    },
    {
      "type": "update-node",
      "node": {
        "label": "org.eclipse.ui.internal.skins.newlook.PartTabFolderPresentation",
        "type": "TypeAccess"
      },
      "location-before-char-start": 0,
      "location-before-char-end": 0,
      "location-after-char-start": 0,
      "location-after-char-end": 0,
      "node-str": "org.eclipse.ui.internal.presentations.PartTabFolderPresentation"
    },
    {
      "type": "insert-node",
      "node": {
        "label": "theme",
        "type": "FieldRead"
      },
      "location-after-char-start": 5707,
      "location-after-char-end": 5711,
      "node-str": "theme"
    },
    {
      "type": "update-node",
      "node": {
        "label": "org.eclipse.ui.internal.skins.newlook.PartTabFolderPresentation",
        "type": "TypeAccess"
      },
      "location-before-char-start": 0,
      "location-before-char-end": 0,
      "location-after-char-start": 0,
      "location-after-char-end": 0,
      "node-str": "org.eclipse.ui.internal.presentations.PartTabFolderPresentation"
    },
    {
      "type": "insert-node",
      "node": {
        "label": "boolean",
        "type": "VARIABLE_TYPE"
      },
      "location-after-char-start": 0,
      "location-after-char-end": 0,
      "node-str": "boolean"
    },
    {
      "type": "insert-node",
      "node": {
        "label": "org.eclipse.ui.internal.presentations.PartTabFolderPresentation",
        "type": "TypeAccess"
      },
      "location-after-char-start": 0,
      "location-after-char-end": 0,
      "node-str": "org.eclipse.ui.internal.presentations.PartTabFolderPresentation"
    },
    {
      "type": "insert-node",
      "node": {
        "label": "",
        "type": "TypeReference"
      },
      "location-after-char-start": 0,
      "location-after-char-end": 0,
      "node-str": ""
    },
    {
      "type": "insert-node",
      "node": {
        "label": "propertyChange",
        "type": "Method"
      },
      "location-after-char-start": 1815,
      "location-after-char-end": 2388,
      "node-str": "propertyChange"
    },
    {
      "type": "insert-node",
      "node": {
        "label": "this",
        "type": "ThisAccess"
      },
      "location-after-char-start": 2570,
      "location-after-char-end": 2573,
      "node-str": "this"
    },
    {
      "type": "insert-node",
      "node": {
        "label": "org.eclipse.ui.internal.presentations.PartTabFolderPresentation",
        "type": "TypeAccess"
      },
      "location-after-char-start": 0,
      "location-after-char-end": 0,
      "node-str": "org.eclipse.ui.internal.presentations.PartTabFolderPresentation"
    },
    {
      "type": "insert-node",
      "node": {
        "label": "org.eclipse.ui.internal.presentations.PartTabFolderPresentation",
        "type": "TypeAccess"
      },
      "location-after-char-start": 0,
      "location-after-char-end": 0,
      "node-str": "org.eclipse.ui.internal.presentations.PartTabFolderPresentation"
    },
    {
      "type": "insert-node",
      "node": {
        "label": "org.eclipse.ui.internal.presentations.PartTabFolderPresentation",
        "type": "TypeAccess"
      },
      "location-after-char-start": 0,
      "location-after-char-end": 0,
      "node-str": "org.eclipse.ui.internal.presentations.PartTabFolderPresentation"
    },
    {
      "type": "insert-node",
      "node": {
        "label": "preferenceStore",
        "type": "FieldRead"
      },
      "location-after-char-start": 2723,
      "location-after-char-end": 2737,
      "node-str": "preferenceStore"
    },
    {
      "type": "insert-node",
      "node": {
        "label": "IPreferenceConstants.VIEW_TAB_POSITION",
        "type": "TypeAccess"
      },
      "location-after-char-start": 2746,
      "location-after-char-end": 2783,
      "node-str": "IPreferenceConstants.VIEW_TAB_POSITION"
    },
    {
      "type": "insert-node",
      "node": {
        "label": "preferenceStore",
        "type": "FieldRead"
      },
      "location-after-char-start": 2836,
      "location-after-char-end": 2850,
      "node-str": "preferenceStore"
    },
    {
      "type": "insert-node",
      "node": {
        "label": "IPreferenceConstants.SHOW_TRADITIONAL_STYLE_TABS",
        "type": "TypeAccess"
      },
      "location-after-char-start": 2863,
      "location-after-char-end": 2910,
      "node-str": "IPreferenceConstants.SHOW_TRADITIONAL_STYLE_TABS"
    },
    {
      "type": "insert-node",
      "node": {
        "label": "org.eclipse.ui.internal.presentations.PartTabFolderPresentation",
        "type": "TypeAccess"
      },
      "location-after-char-start": 0,
      "location-after-char-end": 0,
      "node-str": "org.eclipse.ui.internal.presentations.PartTabFolderPresentation"
    },
    {
      "type": "update-node",
      "node": {
        "label": "org.eclipse.ui.internal.skins.newlook.PartTabFolderPresentation",
        "type": "TypeAccess"
      },
      "location-before-char-start": 0,
      "location-before-char-end": 0,
      "location-after-char-start": 0,
      "location-after-char-end": 0,
      "node-str": "org.eclipse.ui.internal.presentations.PartTabFolderPresentation"
    },
    {
      "type": "insert-node",
      "node": {
        "label": "org.eclipse.ui.internal.presentations.PartTabFolderPresentation",
        "type": "TypeAccess"
      },
      "location-after-char-start": 0,
      "location-after-char-end": 0,
      "node-str": "org.eclipse.ui.internal.presentations.PartTabFolderPresentation"
    },
    {
      "type": "update-node",
      "node": {
        "label": "org.eclipse.ui.internal.skins.newlook.PartTabFolderPresentation",
        "type": "TypeAccess"
      },
      "location-before-char-start": 0,
      "location-before-char-end": 0,
      "location-after-char-start": 0,
      "location-after-char-end": 0,
      "node-str": "org.eclipse.ui.internal.presentations.PartTabFolderPresentation"
    },
    {
      "type": "insert-node",
      "node": {
        "label": "org.eclipse.jface.util.IPropertyChangeListener",
        "type": "SUPER_TYPE"
      },
      "location-after-char-start": 0,
      "location-after-char-end": 0,
      "node-str": "org.eclipse.jface.util.IPropertyChangeListener"
    },
    {
      "type": "insert-node",
      "node": {
        "label": "void",
        "type": "RETURN_TYPE"
      },
      "location-after-char-start": 0,
      "location-after-char-end": 0,
      "node-str": "void"
    },
    {
      "type": "insert-node",
      "node": {
        "label": "public",
        "type": "Modifier"
      },
      "location-after-char-start": 0,
      "location-after-char-end": 0,
      "node-str": "public"
    },
    {
      "type": "insert-node",
      "node": {
        "label": "propertyChangeEvent",
        "type": "Parameter"
      },
      "location-after-char-start": 1842,
      "location-after-char-end": 1880,
      "node-str": "propertyChangeEvent"
    },
    {
      "type": "insert-node",
      "node": {
        "label": "if",
        "type": "If"
      },
      "location-after-char-start": 1888,
      "location-after-char-end": 2382,
      "node-str": "if"
    },
    {
      "type": "insert-node",
      "node": {
        "label": "org.eclipse.ui.internal.presentations.PartTabFolderPresentation",
        "type": "TypeAccess"
      },
      "location-after-char-start": 0,
      "location-after-char-end": 0,
      "node-str": "org.eclipse.ui.internal.presentations.PartTabFolderPresentation"
    },
    {
      "type": "insert-node",
      "node": {
        "label": "org.eclipse.ui.internal.presentations.PartTabFolderPresentation",
        "type": "TypeAccess"
      },
      "location-after-char-start": 0,
      "location-after-char-end": 0,
      "node-str": "org.eclipse.ui.internal.presentations.PartTabFolderPresentation"
    },
    {
      "type": "insert-node",
      "node": {
        "label": "org.eclipse.ui.internal.presentations.PartTabFolderPresentation",
        "type": "TypeAccess"
      },
      "location-after-char-start": 0,
      "location-after-char-end": 0,
      "node-str": "org.eclipse.ui.internal.presentations.PartTabFolderPresentation"
    },
    {
      "type": "update-node",
      "node": {
        "label": "org.eclipse.ui.internal.skins.newlook.PartTabFolderPresentation",
        "type": "TypeAccess"
      },
      "location-before-char-start": 0,
      "location-before-char-end": 0,
      "location-after-char-start": 0,
      "location-after-char-end": 0,
      "node-str": "org.eclipse.ui.internal.presentations.PartTabFolderPresentation"
    },
    {
      "type": "update-node",
      "node": {
        "label": "org.eclipse.ui.internal.skins.newlook.PartTabFolderPresentation",
        "type": "TypeAccess"
      },
      "location-before-char-start": 0,
      "location-before-char-end": 0,
      "location-after-char-start": 0,
      "location-after-char-end": 0,
      "node-str": "org.eclipse.ui.internal.presentations.PartTabFolderPresentation"
    },
    {
      "type": "update-node",
      "node": {
        "label": "org.eclipse.ui.internal.skins.newlook.PartTabFolderPresentation",
        "type": "TypeAccess"
      },
      "location-before-char-start": 0,
      "location-before-char-end": 0,
      "location-after-char-start": 0,
      "location-after-char-end": 0,
      "node-str": "org.eclipse.ui.internal.presentations.PartTabFolderPresentation"
    },
    {
      "type": "insert-node",
      "node": {
        "label": "org.eclipse.jface.util.PropertyChangeEvent",
        "type": "VARIABLE_TYPE"
      },
      "location-after-char-start": 0,
      "location-after-char-end": 0,
      "node-str": "org.eclipse.jface.util.PropertyChangeEvent"
    },
    {
      "type": "move-subtree",
      "node": {
        "label": "AND",
        "type": "BinaryOperator"
      },
      "location-before-char-start": 1914,
      "location-before-char-end": 2010,
      "location-after-char-start": 1892,
      "location-after-char-end": 1988,
      "node-str": "AND"
    },
    {
      "type": "insert-node",
      "node": {
        "label": "THEN",
        "type": "then"
      },
      "location-after-char-start": 1991,
      "location-after-char-end": 2116,
      "node-str": "THEN"
    },
    {
      "type": "insert-node",
      "node": {
        "label": "ELSE",
        "type": "else"
      },
      "location-after-char-start": 2123,
      "location-after-char-end": 2382,
      "node-str": "ELSE"
    },
    {
      "type": "insert-node",
      "node": {
        "label": "tabLocation",
        "type": "LocalVariable"
      },
      "location-after-char-start": 1997,
      "location-after-char-end": 2077,
      "node-str": "tabLocation"
    },
    {
      "type": "insert-node",
      "node": {
        "label": "setTabPosition",
        "type": "Invocation"
      },
      "location-after-char-start": 2084,
      "location-after-char-end": 2111,
      "node-str": "setTabPosition"
    },
    {
      "type": "insert-node",
      "node": {
        "label": "if",
        "type": "If"
      },
      "location-after-char-start": 2123,
      "location-after-char-end": 2382,
      "node-str": "if"
    },
    {
      "type": "insert-node",
      "node": {
        "label": "int",
        "type": "VARIABLE_TYPE"
      },
      "location-after-char-start": 0,
      "location-after-char-end": 0,
      "node-str": "int"
    },
    {
      "type": "insert-node",
      "node": {
        "label": "getInt",
        "type": "Invocation"
      },
      "location-after-char-start": 2015,
      "location-after-char-end": 2076,
      "node-str": "getInt"
    },
    {
      "type": "insert-node",
      "node": {
        "label": "org.eclipse.ui.internal.presentations.PartTabFolderPresentation$1",
        "type": "TypeAccess"
      },
      "location-after-char-start": 0,
      "location-after-char-end": 0,
      "node-str": "org.eclipse.ui.internal.presentations.PartTabFolderPresentation$1"
    },
    {
      "type": "insert-node",
      "node": {
        "label": "tabLocation",
        "type": "VariableRead"
      },
      "location-after-char-start": 2099,
      "location-after-char-end": 2109,
      "node-str": "tabLocation"
    },
    {
      "type": "move-subtree",
      "node": {
        "label": "AND",
        "type": "BinaryOperator"
      },
      "location-before-char-start": 2149,
      "location-before-char-end": 2255,
      "location-after-char-start": 2127,
      "location-after-char-end": 2233,
      "node-str": "AND"
    },
    {
      "type": "insert-node",
      "node": {
        "label": "THEN",
        "type": "then"
      },
      "location-after-char-start": 2236,
      "location-after-char-end": 2382,
      "node-str": "THEN"
    },
    {
      "type": "update-node",
      "node": {
        "label": "org.eclipse.ui.internal.skins.newlook.PartTabFolderPresentation",
        "type": "TypeAccess"
      },
      "location-before-char-start": 0,
      "location-before-char-end": 0,
      "location-after-char-start": 0,
      "location-after-char-end": 0,
      "node-str": "org.eclipse.ui.internal.presentations.PartTabFolderPresentation"
    },
    {
      "type": "update-node",
      "node": {
        "label": "org.eclipse.ui.internal.skins.newlook.PartTabFolderPresentation$1",
        "type": "TypeAccess"
      },
      "location-before-char-start": 0,
      "location-before-char-end": 0,
      "location-after-char-start": 0,
      "location-after-char-end": 0,
      "node-str": "org.eclipse.ui.internal.presentations.PartTabFolderPresentation$1"
    },
    {
      "type": "insert-node",
      "node": {
        "label": "preferenceStore",
        "type": "FieldRead"
      },
      "location-after-char-start": 2015,
      "location-after-char-end": 2029,
      "node-str": "preferenceStore"
    },
    {
      "type": "insert-node",
      "node": {
        "label": "IPreferenceConstants.VIEW_TAB_POSITION",
        "type": "TypeAccess"
      },
      "location-after-char-start": 2038,
      "location-after-char-end": 2075,
      "node-str": "IPreferenceConstants.VIEW_TAB_POSITION"
    },
    {
      "type": "insert-node",
      "node": {
        "label": "traditionalTab",
        "type": "LocalVariable"
      },
      "location-after-char-start": 2242,
      "location-after-char-end": 2343,
      "node-str": "traditionalTab"
    },
    {
      "type": "insert-node",
      "node": {
        "label": "setTabStyle",
        "type": "Invocation"
      },
      "location-after-char-start": 2350,
      "location-after-char-end": 2377,
      "node-str": "setTabStyle"
    },
    {
      "type": "insert-node",
      "node": {
        "label": "org.eclipse.ui.internal.presentations.PartTabFolderPresentation",
        "type": "TypeAccess"
      },
      "location-after-char-start": 0,
      "location-after-char-end": 0,
      "node-str": "org.eclipse.ui.internal.presentations.PartTabFolderPresentation"
    },
    {
      "type": "insert-node",
      "node": {
        "label": "boolean",
        "type": "VARIABLE_TYPE"
      },
      "location-after-char-start": 0,
      "location-after-char-end": 0,
      "node-str": "boolean"
    },
    {
      "type": "insert-node",
      "node": {
        "label": "getBoolean",
        "type": "Invocation"
      },
      "location-after-char-start": 2267,
      "location-after-char-end": 2342,
      "node-str": "getBoolean"
    },
    {
      "type": "insert-node",
      "node": {
        "label": "org.eclipse.ui.internal.presentations.PartTabFolderPresentation$1",
        "type": "TypeAccess"
      },
      "location-after-char-start": 0,
      "location-after-char-end": 0,
      "node-str": "org.eclipse.ui.internal.presentations.PartTabFolderPresentation$1"
    },
    {
      "type": "insert-node",
      "node": {
        "label": "traditionalTab",
        "type": "VariableRead"
      },
      "location-after-char-start": 2362,
      "location-after-char-end": 2375,
      "node-str": "traditionalTab"
    },
    {
      "type": "update-node",
      "node": {
        "label": "org.eclipse.ui.internal.skins.newlook.PartTabFolderPresentation$1",
        "type": "TypeAccess"
      },
      "location-before-char-start": 0,
      "location-before-char-end": 0,
      "location-after-char-start": 0,
      "location-after-char-end": 0,
      "node-str": "org.eclipse.ui.internal.presentations.PartTabFolderPresentation$1"
    },
    {
      "type": "insert-node",
      "node": {
        "label": "preferenceStore",
        "type": "FieldRead"
      },
      "location-after-char-start": 2267,
      "location-after-char-end": 2281,
      "node-str": "preferenceStore"
    },
    {
      "type": "insert-node",
      "node": {
        "label": "IPreferenceConstants.SHOW_TRADITIONAL_STYLE_TABS",
        "type": "TypeAccess"
      },
      "location-after-char-start": 2294,
      "location-after-char-end": 2341,
      "node-str": "IPreferenceConstants.SHOW_TRADITIONAL_STYLE_TABS"
    },
    {
      "type": "insert-node",
      "node": {
        "label": "org.eclipse.ui.internal.presentations.PartTabFolderPresentation",
        "type": "TypeAccess"
      },
      "location-after-char-start": 0,
      "location-after-char-end": 0,
      "node-str": "org.eclipse.ui.internal.presentations.PartTabFolderPresentation"
    },
    {
      "type": "delete-node",
      "node": {
        "label": "public",
        "type": "Modifier"
      },
      "location-before-char-start": 0,
      "location-before-char-end": 0,
      "node-str": "public"
    },
    {
      "type": "delete-node",
      "node": {
        "label": "org.eclipse.ui.internal.skins.newlook.BasicStackPresentation",
        "type": "SUPER_TYPE"
      },
      "location-before-char-start": 0,
      "location-before-char-end": 0,
      "node-str": "org.eclipse.ui.internal.skins.newlook.BasicStackPresentation"
    },
    {
      "type": "delete-node",
      "node": {
        "label": "",
        "type": "TypeReference"
      },
      "location-before-char-start": 1591,
      "location-before-char-end": 1612,
      "node-str": ""
    },
    {
      "type": "delete-node",
      "node": {
        "label": "org.eclipse.ui.themes.ITheme",
        "type": "VARIABLE_TYPE"
      },
      "location-before-char-start": 0,
      "location-before-char-end": 0,
      "node-str": "org.eclipse.ui.themes.ITheme"
    },
    {
      "type": "delete-node",
      "node": {
        "label": "theme",
        "type": "Field"
      },
      "location-before-char-start": 1714,
      "location-before-char-end": 1734,
      "node-str": "theme"
    },
    {
      "type": "delete-node",
      "node": {
        "label": "org.eclipse.jface.util.IPropertyChangeListener",
        "type": "VARIABLE_TYPE"
      },
      "location-before-char-start": 0,
      "location-before-char-end": 0,
      "node-str": "org.eclipse.jface.util.IPropertyChangeListener"
    },
    {
      "type": "delete-node",
      "node": {
        "label": "final",
        "type": "Modifier"
      },
      "location-before-char-start": 0,
      "location-before-char-end": 0,
      "node-str": "final"
    },
    {
      "type": "delete-node",
      "node": {
        "label": "org.eclipse.jface.util.IPropertyChangeListener",
        "type": "SUPER_TYPE"
      },
      "location-before-char-start": 0,
      "location-before-char-end": 0,
      "node-str": "org.eclipse.jface.util.IPropertyChangeListener"
    },
    {
      "type": "delete-node",
      "node": {
        "label": "",
        "type": "TypeReference"
      },
      "location-before-char-start": 0,
      "location-before-char-end": 0,
      "node-str": ""
    },
    {
      "type": "delete-node",
      "node": {
        "label": "void",
        "type": "RETURN_TYPE"
      },
      "location-before-char-start": 0,
      "location-before-char-end": 0,
      "node-str": "void"
    },
    {
      "type": "delete-node",
      "node": {
        "label": "public",
        "type": "Modifier"
      },
      "location-before-char-start": 0,
      "location-before-char-end": 0,
      "node-str": "public"
    },
    {
      "type": "delete-node",
      "node": {
        "label": "org.eclipse.jface.util.PropertyChangeEvent",
        "type": "VARIABLE_TYPE"
      },
      "location-before-char-start": 0,
      "location-before-char-end": 0,
      "node-str": "org.eclipse.jface.util.PropertyChangeEvent"
    },
    {
      "type": "delete-node",
      "node": {
        "label": "propertyChangeEvent",
        "type": "Parameter"
      },
      "location-before-char-start": 1864,
      "location-before-char-end": 1902,
      "node-str": "propertyChangeEvent"
    },
    {
      "type": "delete-node",
      "node": {
        "label": "int",
        "type": "VARIABLE_TYPE"
      },
      "location-before-char-start": 0,
      "location-before-char-end": 0,
      "node-str": "int"
    },
    {
      "type": "delete-node",
      "node": {
        "label": "org.eclipse.ui.internal.skins.newlook.PartTabFolderPresentation",
        "type": "TypeAccess"
      },
      "location-before-char-start": 0,
      "location-before-char-end": 0,
      "node-str": "org.eclipse.ui.internal.skins.newlook.PartTabFolderPresentation"
    },
    {
      "type": "delete-node",
      "node": {
        "label": "preferenceStore",
        "type": "FieldRead"
      },
      "location-before-char-start": 2037,
      "location-before-char-end": 2051,
      "node-str": "preferenceStore"
    },
    {
      "type": "delete-node",
      "node": {
        "label": "IPreferenceConstants.VIEW_TAB_POSITION",
        "type": "TypeAccess"
      },
      "location-before-char-start": 2060,
      "location-before-char-end": 2097,
      "node-str": "IPreferenceConstants.VIEW_TAB_POSITION"
    },
    {
      "type": "delete-node",
      "node": {
        "label": "getInt",
        "type": "Invocation"
      },
      "location-before-char-start": 2037,
      "location-before-char-end": 2098,
      "node-str": "getInt"
    },
    {
      "type": "delete-node",
      "node": {
        "label": "tabLocation",
        "type": "LocalVariable"
      },
      "location-before-char-start": 2019,
      "location-before-char-end": 2099,
      "node-str": "tabLocation"
    },
    {
      "type": "delete-node",
      "node": {
        "label": "org.eclipse.ui.internal.skins.newlook.PartTabFolderPresentation$1",
        "type": "TypeAccess"
      },
      "location-before-char-start": 0,
      "location-before-char-end": 0,
      "node-str": "org.eclipse.ui.internal.skins.newlook.PartTabFolderPresentation$1"
    },
    {
      "type": "delete-node",
      "node": {
        "label": "tabLocation",
        "type": "VariableRead"
      },
      "location-before-char-start": 2121,
      "location-before-char-end": 2131,
      "node-str": "tabLocation"
    },
    {
      "type": "delete-node",
      "node": {
        "label": "setTabPosition",
        "type": "Invocation"
      },
      "location-before-char-start": 2106,
      "location-before-char-end": 2133,
      "node-str": "setTabPosition"
    },
    {
      "type": "delete-node",
      "node": {
        "label": "THEN",
        "type": "then"
      },
      "location-before-char-start": 2013,
      "location-before-char-end": 2138,
      "node-str": "THEN"
    },
    {
      "type": "delete-node",
      "node": {
        "label": "boolean",
        "type": "VARIABLE_TYPE"
      },
      "location-before-char-start": 0,
      "location-before-char-end": 0,
      "node-str": "boolean"
    },
    {
      "type": "delete-node",
      "node": {
        "label": "org.eclipse.ui.internal.skins.newlook.PartTabFolderPresentation",
        "type": "TypeAccess"
      },
      "location-before-char-start": 0,
      "location-before-char-end": 0,
      "node-str": "org.eclipse.ui.internal.skins.newlook.PartTabFolderPresentation"
    },
    {
      "type": "delete-node",
      "node": {
        "label": "preferenceStore",
        "type": "FieldRead"
      },
      "location-before-char-start": 2289,
      "location-before-char-end": 2303,
      "node-str": "preferenceStore"
    },
    {
      "type": "delete-node",
      "node": {
        "label": "IPreferenceConstants.SHOW_TRADITIONAL_STYLE_TABS",
        "type": "TypeAccess"
      },
      "location-before-char-start": 2316,
      "location-before-char-end": 2363,
      "node-str": "IPreferenceConstants.SHOW_TRADITIONAL_STYLE_TABS"
    },
    {
      "type": "delete-node",
      "node": {
        "label": "getBoolean",
        "type": "Invocation"
      },
      "location-before-char-start": 2289,
      "location-before-char-end": 2364,
      "node-str": "getBoolean"
    },
    {
      "type": "delete-node",
      "node": {
        "label": "traditionalTab",
        "type": "LocalVariable"
      },
      "location-before-char-start": 2264,
      "location-before-char-end": 2365,
      "node-str": "traditionalTab"
    },
    {
      "type": "delete-node",
      "node": {
        "label": "org.eclipse.ui.internal.skins.newlook.PartTabFolderPresentation$1",
        "type": "TypeAccess"
      },
      "location-before-char-start": 0,
      "location-before-char-end": 0,
      "node-str": "org.eclipse.ui.internal.skins.newlook.PartTabFolderPresentation$1"
    },
    {
      "type": "delete-node",
      "node": {
        "label": "traditionalTab",
        "type": "VariableRead"
      },
      "location-before-char-start": 2384,
      "location-before-char-end": 2397,
      "node-str": "traditionalTab"
    },
    {
      "type": "delete-node",
      "node": {
        "label": "setTabStyle",
        "type": "Invocation"
      },
      "location-before-char-start": 2372,
      "location-before-char-end": 2399,
      "node-str": "setTabStyle"
    },
    {
      "type": "delete-node",
      "node": {
        "label": "THEN",
        "type": "then"
      },
      "location-before-char-start": 2258,
      "location-before-char-end": 2404,
      "node-str": "THEN"
    },
    {
      "type": "delete-node",
      "node": {
        "label": "if",
        "type": "If"
      },
      "location-before-char-start": 2145,
      "location-before-char-end": 2404,
      "node-str": "if"
    },
    {
      "type": "delete-node",
      "node": {
        "label": "ELSE",
        "type": "else"
      },
      "location-before-char-start": 2145,
      "location-before-char-end": 2404,
      "node-str": "ELSE"
    },
    {
      "type": "delete-node",
      "node": {
        "label": "if",
        "type": "If"
      },
      "location-before-char-start": 1910,
      "location-before-char-end": 2404,
      "node-str": "if"
    },
    {
      "type": "delete-node",
      "node": {
        "label": "propertyChange",
        "type": "Method"
      },
      "location-before-char-start": 1837,
      "location-before-char-end": 2410,
      "node-str": "propertyChange"
    },
    {
      "type": "delete-node",
      "node": {
        "label": "1",
        "type": "Class"
      },
      "location-before-char-start": 1833,
      "location-before-char-end": 2413,
      "node-str": "1"
    },
    {
      "type": "delete-node",
      "node": {
        "label": "org.eclipse.jface.util.IPropertyChangeListener()",
        "type": "NewClass"
      },
      "location-before-char-start": 1803,
      "location-before-char-end": 2413,
      "node-str": "org.eclipse.jface.util.IPropertyChangeListener()"
    },
    {
      "type": "delete-node",
      "node": {
        "label": "propertyChangeListener",
        "type": "Field"
      },
      "location-before-char-start": 1740,
      "location-before-char-end": 2414,
      "node-str": "propertyChangeListener"
    },
    {
      "type": "delete-node",
      "node": {
        "label": "public",
        "type": "Modifier"
      },
      "location-before-char-start": 0,
      "location-before-char-end": 0,
      "node-str": "public"
    },
    {
      "type": "delete-node",
      "node": {
        "label": "org.eclipse.swt.widgets.Composite",
        "type": "VARIABLE_TYPE"
      },
      "location-before-char-start": 0,
      "location-before-char-end": 0,
      "node-str": "org.eclipse.swt.widgets.Composite"
    },
    {
      "type": "delete-node",
      "node": {
        "label": "parent",
        "type": "Parameter"
      },
      "location-before-char-start": 2452,
      "location-before-char-end": 2467,
      "node-str": "parent"
    },
    {
      "type": "delete-node",
      "node": {
        "label": "org.eclipse.ui.internal.skins.IStackPresentationSite",
        "type": "VARIABLE_TYPE"
      },
      "location-before-char-start": 0,
      "location-before-char-end": 0,
      "node-str": "org.eclipse.ui.internal.skins.IStackPresentationSite"
    },
    {
      "type": "delete-node",
      "node": {
        "label": "newSite",
        "type": "Parameter"
      },
      "location-before-char-start": 2470,
      "location-before-char-end": 2499,
      "node-str": "newSite"
    },
    {
      "type": "delete-node",
      "node": {
        "label": "int",
        "type": "VARIABLE_TYPE"
      },
      "location-before-char-start": 0,
      "location-before-char-end": 0,
      "node-str": "int"
    },
    {
      "type": "delete-node",
      "node": {
        "label": "flags",
        "type": "Parameter"
      },
      "location-before-char-start": 2506,
      "location-before-char-end": 2514,
      "node-str": "flags"
    },
    {
      "type": "delete-node",
      "node": {
        "label": "org.eclipse.ui.themes.ITheme",
        "type": "VARIABLE_TYPE"
      },
      "location-before-char-start": 0,
      "location-before-char-end": 0,
      "node-str": "org.eclipse.ui.themes.ITheme"
    },
    {
      "type": "delete-node",
      "node": {
        "label": "theme",
        "type": "Parameter"
      },
      "location-before-char-start": 2517,
      "location-before-char-end": 2528,
      "node-str": "theme"
    },
    {
      "type": "delete-node",
      "node": {
        "label": "org.eclipse.ui.internal.skins.newlook.PartTabFolderPresentation",
        "type": "TypeAccess"
      },
      "location-before-char-start": 0,
      "location-before-char-end": 0,
      "node-str": "org.eclipse.ui.internal.skins.newlook.PartTabFolderPresentation"
    },
    {
      "type": "delete-node",
      "node": {
        "label": "this",
        "type": "ThisAccess"
      },
      "location-before-char-start": 2592,
      "location-before-char-end": 2595,
      "node-str": "this"
    },
    {
      "type": "delete-node",
      "node": {
        "label": "theme",
        "type": "FieldWrite"
      },
      "location-before-char-start": 2592,
      "location-before-char-end": 2601,
      "node-str": "theme"
    },
    {
      "type": "delete-node",
      "node": {
        "label": "theme",
        "type": "VariableRead"
      },
      "location-before-char-start": 2605,
      "location-before-char-end": 2609,
      "node-str": "theme"
    },
    {
      "type": "delete-node",
      "node": {
        "label": "\u003d",
        "type": "Assignment"
      },
      "location-before-char-start": 2592,
      "location-before-char-end": 2610,
      "node-str": "\u003d"
    },
    {
      "type": "delete-node",
      "node": {
        "label": "org.eclipse.swt.custom.CTabFolder",
        "type": "VARIABLE_TYPE"
      },
      "location-before-char-start": 0,
      "location-before-char-end": 0,
      "node-str": "org.eclipse.swt.custom.CTabFolder"
    },
    {
      "type": "delete-node",
      "node": {
        "label": "org.eclipse.ui.internal.skins.newlook.PartTabFolderPresentation",
        "type": "TypeAccess"
      },
      "location-before-char-start": 0,
      "location-before-char-end": 0,
      "node-str": "org.eclipse.ui.internal.skins.newlook.PartTabFolderPresentation"
    },
    {
      "type": "delete-node",
      "node": {
        "label": "getTabFolder",
        "type": "Invocation"
      },
      "location-before-char-start": 2637,
      "location-before-char-end": 2650,
      "node-str": "getTabFolder"
    },
    {
      "type": "delete-node",
      "node": {
        "label": "tabFolder",
        "type": "LocalVariable"
      },
      "location-before-char-start": 2614,
      "location-before-char-end": 2651,
      "node-str": "tabFolder"
    },
    {
      "type": "delete-node",
      "node": {
        "label": "org.eclipse.ui.internal.skins.newlook.PartTabFolderPresentation",
        "type": "TypeAccess"
      },
      "location-before-char-start": 0,
      "location-before-char-end": 0,
      "node-str": "org.eclipse.ui.internal.skins.newlook.PartTabFolderPresentation"
    },
    {
      "type": "delete-node",
      "node": {
        "label": "preferenceStore",
        "type": "FieldRead"
      },
      "location-before-char-start": 2658,
      "location-before-char-end": 2672,
      "node-str": "preferenceStore"
    },
    {
      "type": "delete-node",
      "node": {
        "label": "org.eclipse.ui.internal.skins.newlook.PartTabFolderPresentation",
        "type": "TypeAccess"
      },
      "location-before-char-start": 0,
      "location-before-char-end": 0,
      "node-str": "org.eclipse.ui.internal.skins.newlook.PartTabFolderPresentation"
    },
    {
      "type": "delete-node",
      "node": {
        "label": "propertyChangeListener",
        "type": "FieldRead"
      },
      "location-before-char-start": 2700,
      "location-before-char-end": 2721,
      "node-str": "propertyChangeListener"
    },
    {
      "type": "delete-node",
      "node": {
        "label": "addPropertyChangeListener",
        "type": "Invocation"
      },
      "location-before-char-start": 2658,
      "location-before-char-end": 2723,
      "node-str": "addPropertyChangeListener"
    },
    {
      "type": "delete-node",
      "node": {
        "label": "int",
        "type": "VARIABLE_TYPE"
      },
      "location-before-char-start": 0,
      "location-before-char-end": 0,
      "node-str": "int"
    },
    {
      "type": "delete-node",
      "node": {
        "label": "org.eclipse.ui.internal.skins.newlook.PartTabFolderPresentation",
        "type": "TypeAccess"
      },
      "location-before-char-start": 0,
      "location-before-char-end": 0,
      "node-str": "org.eclipse.ui.internal.skins.newlook.PartTabFolderPresentation"
    },
    {
      "type": "delete-node",
      "node": {
        "label": "preferenceStore",
        "type": "FieldRead"
      },
      "location-before-char-start": 2745,
      "location-before-char-end": 2759,
      "node-str": "preferenceStore"
    },
    {
      "type": "delete-node",
      "node": {
        "label": "IPreferenceConstants.VIEW_TAB_POSITION",
        "type": "TypeAccess"
      },
      "location-before-char-start": 2768,
      "location-before-char-end": 2805,
      "node-str": "IPreferenceConstants.VIEW_TAB_POSITION"
    },
    {
      "type": "delete-node",
      "node": {
        "label": "getInt",
        "type": "Invocation"
      },
      "location-before-char-start": 2745,
      "location-before-char-end": 2806,
      "node-str": "getInt"
    },
    {
      "type": "delete-node",
      "node": {
        "label": "tabLocation",
        "type": "LocalVariable"
      },
      "location-before-char-start": 2727,
      "location-before-char-end": 2807,
      "node-str": "tabLocation"
    },
    {
      "type": "delete-node",
      "node": {
        "label": "org.eclipse.ui.internal.skins.newlook.PartTabFolderPresentation",
        "type": "TypeAccess"
      },
      "location-before-char-start": 0,
      "location-before-char-end": 0,
      "node-str": "org.eclipse.ui.internal.skins.newlook.PartTabFolderPresentation"
    },
    {
      "type": "delete-node",
      "node": {
        "label": "tabLocation",
        "type": "VariableRead"
      },
      "location-before-char-start": 2830,
      "location-before-char-end": 2840,
      "node-str": "tabLocation"
    },
    {
      "type": "delete-node",
      "node": {
        "label": "setTabPosition",
        "type": "Invocation"
      },
      "location-before-char-start": 2815,
      "location-before-char-end": 2842,
      "node-str": "setTabPosition"
    },
    {
      "type": "delete-node",
      "node": {
        "label": "org.eclipse.ui.internal.skins.newlook.PartTabFolderPresentation",
        "type": "TypeAccess"
      },
      "location-before-char-start": 0,
      "location-before-char-end": 0,
      "node-str": "org.eclipse.ui.internal.skins.newlook.PartTabFolderPresentation"
    },
    {
      "type": "delete-node",
      "node": {
        "label": "org.eclipse.ui.internal.skins.newlook.PartTabFolderPresentation",
        "type": "TypeAccess"
      },
      "location-before-char-start": 0,
      "location-before-char-end": 0,
      "node-str": "org.eclipse.ui.internal.skins.newlook.PartTabFolderPresentation"
    },
    {
      "type": "delete-node",
      "node": {
        "label": "preferenceStore",
        "type": "FieldRead"
      },
      "location-before-char-start": 2858,
      "location-before-char-end": 2872,
      "node-str": "preferenceStore"
    },
    {
      "type": "delete-node",
      "node": {
        "label": "IPreferenceConstants.SHOW_TRADITIONAL_STYLE_TABS",
        "type": "TypeAccess"
      },
      "location-before-char-start": 2885,
      "location-before-char-end": 2932,
      "node-str": "IPreferenceConstants.SHOW_TRADITIONAL_STYLE_TABS"
    },
    {
      "type": "delete-node",
      "node": {
        "label": "getBoolean",
        "type": "Invocation"
      },
      "location-before-char-start": 2858,
      "location-before-char-end": 2933,
      "node-str": "getBoolean"
    },
    {
      "type": "delete-node",
      "node": {
        "label": "setTabStyle",
        "type": "Invocation"
      },
      "location-before-char-start": 2846,
      "location-before-char-end": 2935,
      "node-str": "setTabStyle"
    },
    {
      "type": "delete-node",
      "node": {
        "label": "org.eclipse.ui.internal.skins.newlook.PartTabFolderPresentation",
        "type": "TypeAccess"
      },
      "location-before-char-start": 0,
      "location-before-char-end": 0,
      "node-str": "org.eclipse.ui.internal.skins.newlook.PartTabFolderPresentation"
    },
    {
      "type": "delete-node",
      "node": {
        "label": "theme",
        "type": "VariableRead"
      },
      "location-before-char-start": 3254,
      "location-before-char-end": 3258,
      "node-str": "theme"
    },
    {
      "type": "delete-node",
      "node": {
        "label": "applyTheme",
        "type": "Invocation"
      },
      "location-before-char-start": 3243,
      "location-before-char-end": 3260,
      "node-str": "applyTheme"
    },
    {
      "type": "delete-node",
      "node": {
        "label": "\u003cinit\u003e",
        "type": "Constructor"
      },
      "location-before-char-start": 2419,
      "location-before-char-end": 3378,
      "node-str": "\u003cinit\u003e"
    },
    {
      "type": "delete-node",
      "node": {
        "label": "void",
        "type": "RETURN_TYPE"
      },
      "location-before-char-start": 0,
      "location-before-char-end": 0,
      "node-str": "void"
    },
    {
      "type": "delete-node",
      "node": {
        "label": "protected",
        "type": "Modifier"
      },
      "location-before-char-start": 0,
      "location-before-char-end": 0,
      "node-str": "protected"
    },
    {
      "type": "delete-node",
      "node": {
        "label": "boolean",
        "type": "VARIABLE_TYPE"
      },
      "location-before-char-start": 0,
      "location-before-char-end": 0,
      "node-str": "boolean"
    },
    {
      "type": "delete-node",
      "node": {
        "label": "traditionalTab",
        "type": "Parameter"
      },
      "location-before-char-start": 3603,
      "location-before-char-end": 3624,
      "node-str": "traditionalTab"
    },
    {
      "type": "delete-node",
      "node": {
        "label": "org.eclipse.ui.internal.skins.newlook.PartTabFolderPresentation",
        "type": "TypeAccess"
      },
      "location-before-char-start": 0,
      "location-before-char-end": 0,
      "node-str": "org.eclipse.ui.internal.skins.newlook.PartTabFolderPresentation"
    },
    {
      "type": "delete-node",
      "node": {
        "label": "getTabFolder",
        "type": "Invocation"
      },
      "location-before-char-start": 3668,
      "location-before-char-end": 3681,
      "node-str": "getTabFolder"
    },
    {
      "type": "delete-node",
      "node": {
        "label": "traditionalTab",
        "type": "VariableRead"
      },
      "location-before-char-start": 3696,
      "location-before-char-end": 3709,
      "node-str": "traditionalTab"
    },
    {
      "type": "delete-node",
      "node": {
        "label": "setSimpleTab",
        "type": "Invocation"
      },
      "location-before-char-start": 3668,
      "location-before-char-end": 3711,
      "node-str": "setSimpleTab"
    },
    {
      "type": "delete-node",
      "node": {
        "label": "setTabStyle",
        "type": "Method"
      },
      "location-before-char-start": 3383,
      "location-before-char-end": 3714,
      "node-str": "setTabStyle"
    },
    {
      "type": "delete-node",
      "node": {
        "label": "org.eclipse.ui.themes.ITheme",
        "type": "RETURN_TYPE"
      },
      "location-before-char-start": 0,
      "location-before-char-end": 0,
      "node-str": "org.eclipse.ui.themes.ITheme"
    },
    {
      "type": "delete-node",
      "node": {
        "label": "org.eclipse.ui.internal.skins.newlook.PartTabFolderPresentation",
        "type": "TypeAccess"
      },
      "location-before-char-start": 0,
      "location-before-char-end": 0,
      "node-str": "org.eclipse.ui.internal.skins.newlook.PartTabFolderPresentation"
    },
    {
      "type": "delete-node",
      "node": {
        "label": "theme",
        "type": "FieldRead"
      },
      "location-before-char-start": 5729,
      "location-before-char-end": 5733,
      "node-str": "theme"
    },
    {
      "type": "delete-node",
      "node": {
        "label": "return",
        "type": "Return"
      },
      "location-before-char-start": 5722,
      "location-before-char-end": 5734,
      "node-str": "return"
    },
    {
      "type": "delete-node",
      "node": {
        "label": "getTheme",
        "type": "Method"
      },
      "location-before-char-start": 5692,
      "location-before-char-end": 5737,
      "node-str": "getTheme"
    },
    {
      "type": "delete-node",
      "node": {
        "label": "void",
        "type": "RETURN_TYPE"
      },
      "location-before-char-start": 0,
      "location-before-char-end": 0,
      "node-str": "void"
    },
    {
      "type": "delete-node",
      "node": {
        "label": "public",
        "type": "Modifier"
      },
      "location-before-char-start": 0,
      "location-before-char-end": 0,
      "node-str": "public"
    },
    {
      "type": "delete-node",
      "node": {
        "label": "boolean",
        "type": "VARIABLE_TYPE"
      },
      "location-before-char-start": 0,
      "location-before-char-end": 0,
      "node-str": "boolean"
    },
    {
      "type": "delete-node",
      "node": {
        "label": "isActive",
        "type": "Parameter"
      },
      "location-before-char-start": 7113,
      "location-before-char-end": 7128,
      "node-str": "isActive"
    },
    {
      "type": "delete-node",
      "node": {
        "label": "org.eclipse.ui.internal.skins.newlook.PartTabFolderPresentation",
        "type": "TypeAccess"
      },
      "location-before-char-start": 0,
      "location-before-char-end": 0,
      "node-str": "org.eclipse.ui.internal.skins.newlook.PartTabFolderPresentation"
    },
    {
      "type": "delete-node",
      "node": {
        "label": "updateGradient",
        "type": "Invocation"
      },
      "location-before-char-start": 7167,
      "location-before-char-end": 7183,
      "node-str": "updateGradient"
    },
    {
      "type": "delete-node",
      "node": {
        "label": "setActive",
        "type": "Method"
      },
      "location-before-char-start": 6997,
      "location-before-char-end": 7186,
      "node-str": "setActive"
    }
  ],
  "before-file": {},
  "after-file": {},
  "mapping": {}
}