{
  "tool-info": {},
  "diff": [
    {
      "type": "insert-node",
      "node": {
        "label": "public",
        "type": "Modifier"
      },
      "location-after-char-start": 0,
      "location-after-char-end": 0,
      "node-str": "public"
    },
    {
      "type": "insert-node",
      "node": {
        "label": "fTestClass",
        "type": "Field"
      },
      "location-after-char-start": 517,
      "location-after-char-end": 560,
      "node-str": "fTestClass"
    },
    {
      "type": "insert-node",
      "node": {
        "label": "fNotifier",
        "type": "Field"
      },
      "location-after-char-start": 563,
      "location-after-char-end": 593,
      "node-str": "fNotifier"
    },
    {
      "type": "insert-node",
      "node": {
        "label": "initialize",
        "type": "Method"
      },
      "location-after-char-start": 597,
      "location-after-char-end": 740,
      "node-str": "initialize"
    },
    {
      "type": "insert-node",
      "node": {
        "label": "getParametersList",
        "type": "Method"
      },
      "location-after-char-start": 1991,
      "location-after-char-end": 2106,
      "node-str": "getParametersList"
    },
    {
      "type": "insert-node",
      "node": {
        "label": "java.lang.Class",
        "type": "VARIABLE_TYPE"
      },
      "location-after-char-start": 0,
      "location-after-char-end": 0,
      "node-str": "java.lang.Class"
    },
    {
      "type": "insert-node",
      "node": {
        "label": "org.junit.runner.internal.TestNotifier",
        "type": "VARIABLE_TYPE"
      },
      "location-after-char-start": 0,
      "location-after-char-end": 0,
      "node-str": "org.junit.runner.internal.TestNotifier"
    },
    {
      "type": "insert-node",
      "node": {
        "label": "void",
        "type": "RETURN_TYPE"
      },
      "location-after-char-start": 0,
      "location-after-char-end": 0,
      "node-str": "void"
    },
    {
      "type": "insert-node",
      "node": {
        "label": "public",
        "type": "Modifier"
      },
      "location-after-char-start": 0,
      "location-after-char-end": 0,
      "node-str": "public"
    },
    {
      "type": "insert-node",
      "node": {
        "label": "notifier",
        "type": "Parameter"
      },
      "location-after-char-start": 620,
      "location-after-char-end": 640,
      "node-str": "notifier"
    },
    {
      "type": "insert-node",
      "node": {
        "label": "testClass",
        "type": "Parameter"
      },
      "location-after-char-start": 643,
      "location-after-char-end": 676,
      "node-str": "testClass"
    },
    {
      "type": "insert-node",
      "node": {
        "label": "\u003d",
        "type": "Assignment"
      },
      "location-after-char-start": 683,
      "location-after-char-end": 707,
      "node-str": "\u003d"
    },
    {
      "type": "insert-node",
      "node": {
        "label": "\u003d",
        "type": "Assignment"
      },
      "location-after-char-start": 711,
      "location-after-char-end": 737,
      "node-str": "\u003d"
    },
    {
      "type": "insert-node",
      "node": {
        "label": "java.lang.Object",
        "type": "RETURN_TYPE"
      },
      "location-after-char-start": 0,
      "location-after-char-end": 0,
      "node-str": "java.lang.Object"
    },
    {
      "type": "insert-node",
      "node": {
        "label": "java.lang.Exception",
        "type": "THROWS"
      },
      "location-after-char-start": 0,
      "location-after-char-end": 0,
      "node-str": "java.lang.Exception"
    },
    {
      "type": "insert-node",
      "node": {
        "label": "return",
        "type": "Return"
      },
      "location-after-char-start": 2047,
      "location-after-char-end": 2103,
      "node-str": "return"
    },
    {
      "type": "insert-node",
      "node": {
        "label": "org.junit.runner.internal.TestNotifier",
        "type": "VARIABLE_TYPE"
      },
      "location-after-char-start": 0,
      "location-after-char-end": 0,
      "node-str": "org.junit.runner.internal.TestNotifier"
    },
    {
      "type": "insert-node",
      "node": {
        "label": "java.lang.Class",
        "type": "VARIABLE_TYPE"
      },
      "location-after-char-start": 0,
      "location-after-char-end": 0,
      "node-str": "java.lang.Class"
    },
    {
      "type": "insert-node",
      "node": {
        "label": "fNotifier",
        "type": "FieldWrite"
      },
      "location-after-char-start": 683,
      "location-after-char-end": 696,
      "node-str": "fNotifier"
    },
    {
      "type": "insert-node",
      "node": {
        "label": "notifier",
        "type": "VariableRead"
      },
      "location-after-char-start": 699,
      "location-after-char-end": 706,
      "node-str": "notifier"
    },
    {
      "type": "insert-node",
      "node": {
        "label": "fTestClass",
        "type": "FieldWrite"
      },
      "location-after-char-start": 711,
      "location-after-char-end": 725,
      "node-str": "fTestClass"
    },
    {
      "type": "insert-node",
      "node": {
        "label": "testClass",
        "type": "VariableRead"
      },
      "location-after-char-start": 728,
      "location-after-char-end": 736,
      "node-str": "testClass"
    },
    {
      "type": "update-node",
      "node": {
        "label": "org.junit.internal.runner.TestIntrospector",
        "type": "VARIABLE_TYPE"
      },
      "location-before-char-start": 0,
      "location-before-char-end": 0,
      "location-after-char-start": 0,
      "location-after-char-end": 0,
      "node-str": "org.junit.runner.internal.TestIntrospector"
    },
    {
      "type": "update-node",
      "node": {
        "label": "org.junit.internal.runner.TestIntrospector(java.lang.Class)",
        "type": "ConstructorCall"
      },
      "location-before-char-start": 1358,
      "location-before-char-end": 1389,
      "location-after-char-start": 1364,
      "location-after-char-end": 1395,
      "node-str": "org.junit.runner.internal.TestIntrospector(java.lang.Class)"
    },
    {
      "type": "insert-node",
      "node": {
        "label": "invoke",
        "type": "Invocation"
      },
      "location-after-char-start": 2054,
      "location-after-char-end": 2102,
      "node-str": "invoke"
    },
    {
      "type": "insert-node",
      "node": {
        "label": "this",
        "type": "ThisAccess"
      },
      "location-after-char-start": 683,
      "location-after-char-end": 686,
      "node-str": "this"
    },
    {
      "type": "insert-node",
      "node": {
        "label": "this",
        "type": "ThisAccess"
      },
      "location-after-char-start": 711,
      "location-after-char-end": 714,
      "node-str": "this"
    },
    {
      "type": "insert-node",
      "node": {
        "label": "getParametersMethod",
        "type": "Invocation"
      },
      "location-after-char-start": 2054,
      "location-after-char-end": 2074,
      "node-str": "getParametersMethod"
    },
    {
      "type": "insert-node",
      "node": {
        "label": "null",
        "type": "Literal"
      },
      "location-after-char-start": 2083,
      "location-after-char-end": 2086,
      "node-str": "null"
    },
    {
      "type": "insert-node",
      "node": {
        "label": "",
        "type": "NewArray"
      },
      "location-after-char-start": 2089,
      "location-after-char-end": 2101,
      "node-str": ""
    },
    {
      "type": "insert-node",
      "node": {
        "label": "org.junit.runner.extensions.Parameterized",
        "type": "TypeAccess"
      },
      "location-after-char-start": 0,
      "location-after-char-end": 0,
      "node-str": "org.junit.runner.extensions.Parameterized"
    },
    {
      "type": "insert-node",
      "node": {
        "label": "org.junit.runner.extensions.Parameterized",
        "type": "TypeAccess"
      },
      "location-after-char-start": 0,
      "location-after-char-end": 0,
      "node-str": "org.junit.runner.extensions.Parameterized"
    },
    {
      "type": "update-node",
      "node": {
        "label": "org.junit.runner.Parameterized",
        "type": "TypeAccess"
      },
      "location-before-char-start": 0,
      "location-before-char-end": 0,
      "location-after-char-start": 0,
      "location-after-char-end": 0,
      "node-str": "org.junit.runner.extensions.Parameterized"
    },
    {
      "type": "update-node",
      "node": {
        "label": "org.junit.runner.Parameterized",
        "type": "TypeAccess"
      },
      "location-before-char-start": 0,
      "location-before-char-end": 0,
      "location-after-char-start": 0,
      "location-after-char-end": 0,
      "node-str": "org.junit.runner.extensions.Parameterized"
    },
    {
      "type": "update-node",
      "node": {
        "label": "org.junit.runner.Parameterized",
        "type": "TypeAccess"
      },
      "location-before-char-start": 0,
      "location-before-char-end": 0,
      "location-after-char-start": 0,
      "location-after-char-end": 0,
      "node-str": "org.junit.runner.extensions.Parameterized"
    },
    {
      "type": "update-node",
      "node": {
        "label": "org.junit.runner.Parameterized",
        "type": "TypeAccess"
      },
      "location-before-char-start": 0,
      "location-before-char-end": 0,
      "location-after-char-start": 0,
      "location-after-char-end": 0,
      "node-str": "org.junit.runner.extensions.Parameterized"
    },
    {
      "type": "update-node",
      "node": {
        "label": "org.junit.runner.Parameterized",
        "type": "TypeAccess"
      },
      "location-before-char-start": 0,
      "location-before-char-end": 0,
      "location-after-char-start": 0,
      "location-after-char-end": 0,
      "node-str": "org.junit.runner.extensions.Parameterized"
    },
    {
      "type": "update-node",
      "node": {
        "label": "org.junit.runner.Parameterized",
        "type": "TypeAccess"
      },
      "location-before-char-start": 0,
      "location-before-char-end": 0,
      "location-after-char-start": 0,
      "location-after-char-end": 0,
      "node-str": "org.junit.runner.extensions.Parameterized"
    },
    {
      "type": "insert-node",
      "node": {
        "label": "org.junit.runner.extensions.Parameterized",
        "type": "TypeAccess"
      },
      "location-after-char-start": 0,
      "location-after-char-end": 0,
      "node-str": "org.junit.runner.extensions.Parameterized"
    },
    {
      "type": "insert-node",
      "node": {
        "label": "0",
        "type": "Literal"
      },
      "location-after-char-start": 2100,
      "location-after-char-end": 2100,
      "node-str": "0"
    },
    {
      "type": "update-node",
      "node": {
        "label": "org.junit.runner.Parameterized",
        "type": "TypeAccess"
      },
      "location-before-char-start": 0,
      "location-before-char-end": 0,
      "location-after-char-start": 0,
      "location-after-char-end": 0,
      "node-str": "org.junit.runner.extensions.Parameterized"
    },
    {
      "type": "update-node",
      "node": {
        "label": "org.junit.runner.Parameterized",
        "type": "TypeAccess"
      },
      "location-before-char-start": 0,
      "location-before-char-end": 0,
      "location-after-char-start": 0,
      "location-after-char-end": 0,
      "node-str": "org.junit.runner.extensions.Parameterized"
    },
    {
      "type": "update-node",
      "node": {
        "label": "org.junit.Parameters",
        "type": "TypeAccess"
      },
      "location-before-char-start": 0,
      "location-before-char-end": 0,
      "location-after-char-start": 0,
      "location-after-char-end": 0,
      "node-str": "org.junit.runner.extensions.Parameters"
    },
    {
      "type": "delete-node",
      "node": {
        "label": "public",
        "type": "Modifier"
      },
      "location-before-char-start": 0,
      "location-before-char-end": 0,
      "node-str": "public"
    },
    {
      "type": "delete-node",
      "node": {
        "label": "java.lang.Class",
        "type": "VARIABLE_TYPE"
      },
      "location-before-char-start": 0,
      "location-before-char-end": 0,
      "node-str": "java.lang.Class"
    },
    {
      "type": "delete-node",
      "node": {
        "label": "fTestClass",
        "type": "Field"
      },
      "location-before-char-start": 511,
      "location-before-char-end": 554,
      "node-str": "fTestClass"
    },
    {
      "type": "delete-node",
      "node": {
        "label": "org.junit.internal.runner.TestNotifier",
        "type": "VARIABLE_TYPE"
      },
      "location-before-char-start": 0,
      "location-before-char-end": 0,
      "node-str": "org.junit.internal.runner.TestNotifier"
    },
    {
      "type": "delete-node",
      "node": {
        "label": "fNotifier",
        "type": "Field"
      },
      "location-before-char-start": 557,
      "location-before-char-end": 587,
      "node-str": "fNotifier"
    },
    {
      "type": "delete-node",
      "node": {
        "label": "void",
        "type": "RETURN_TYPE"
      },
      "location-before-char-start": 0,
      "location-before-char-end": 0,
      "node-str": "void"
    },
    {
      "type": "delete-node",
      "node": {
        "label": "public",
        "type": "Modifier"
      },
      "location-before-char-start": 0,
      "location-before-char-end": 0,
      "node-str": "public"
    },
    {
      "type": "delete-node",
      "node": {
        "label": "org.junit.internal.runner.TestNotifier",
        "type": "VARIABLE_TYPE"
      },
      "location-before-char-start": 0,
      "location-before-char-end": 0,
      "node-str": "org.junit.internal.runner.TestNotifier"
    },
    {
      "type": "delete-node",
      "node": {
        "label": "notifier",
        "type": "Parameter"
      },
      "location-before-char-start": 614,
      "location-before-char-end": 634,
      "node-str": "notifier"
    },
    {
      "type": "delete-node",
      "node": {
        "label": "java.lang.Class",
        "type": "VARIABLE_TYPE"
      },
      "location-before-char-start": 0,
      "location-before-char-end": 0,
      "node-str": "java.lang.Class"
    },
    {
      "type": "delete-node",
      "node": {
        "label": "testClass",
        "type": "Parameter"
      },
      "location-before-char-start": 637,
      "location-before-char-end": 670,
      "node-str": "testClass"
    },
    {
      "type": "delete-node",
      "node": {
        "label": "org.junit.runner.Parameterized",
        "type": "TypeAccess"
      },
      "location-before-char-start": 0,
      "location-before-char-end": 0,
      "node-str": "org.junit.runner.Parameterized"
    },
    {
      "type": "delete-node",
      "node": {
        "label": "this",
        "type": "ThisAccess"
      },
      "location-before-char-start": 677,
      "location-before-char-end": 680,
      "node-str": "this"
    },
    {
      "type": "delete-node",
      "node": {
        "label": "fNotifier",
        "type": "FieldWrite"
      },
      "location-before-char-start": 677,
      "location-before-char-end": 690,
      "node-str": "fNotifier"
    },
    {
      "type": "delete-node",
      "node": {
        "label": "notifier",
        "type": "VariableRead"
      },
      "location-before-char-start": 693,
      "location-before-char-end": 700,
      "node-str": "notifier"
    },
    {
      "type": "delete-node",
      "node": {
        "label": "\u003d",
        "type": "Assignment"
      },
      "location-before-char-start": 677,
      "location-before-char-end": 701,
      "node-str": "\u003d"
    },
    {
      "type": "delete-node",
      "node": {
        "label": "org.junit.runner.Parameterized",
        "type": "TypeAccess"
      },
      "location-before-char-start": 0,
      "location-before-char-end": 0,
      "node-str": "org.junit.runner.Parameterized"
    },
    {
      "type": "delete-node",
      "node": {
        "label": "this",
        "type": "ThisAccess"
      },
      "location-before-char-start": 705,
      "location-before-char-end": 708,
      "node-str": "this"
    },
    {
      "type": "delete-node",
      "node": {
        "label": "fTestClass",
        "type": "FieldWrite"
      },
      "location-before-char-start": 705,
      "location-before-char-end": 719,
      "node-str": "fTestClass"
    },
    {
      "type": "delete-node",
      "node": {
        "label": "testClass",
        "type": "VariableRead"
      },
      "location-before-char-start": 722,
      "location-before-char-end": 730,
      "node-str": "testClass"
    },
    {
      "type": "delete-node",
      "node": {
        "label": "\u003d",
        "type": "Assignment"
      },
      "location-before-char-start": 705,
      "location-before-char-end": 731,
      "node-str": "\u003d"
    },
    {
      "type": "delete-node",
      "node": {
        "label": "initialize",
        "type": "Method"
      },
      "location-before-char-start": 591,
      "location-before-char-end": 734,
      "node-str": "initialize"
    },
    {
      "type": "delete-node",
      "node": {
        "label": "java.lang.Object",
        "type": "RETURN_TYPE"
      },
      "location-before-char-start": 0,
      "location-before-char-end": 0,
      "node-str": "java.lang.Object"
    },
    {
      "type": "delete-node",
      "node": {
        "label": "java.lang.Exception",
        "type": "THROWS"
      },
      "location-before-char-start": 0,
      "location-before-char-end": 0,
      "node-str": "java.lang.Exception"
    },
    {
      "type": "delete-node",
      "node": {
        "label": "org.junit.runner.Parameterized",
        "type": "TypeAccess"
      },
      "location-before-char-start": 0,
      "location-before-char-end": 0,
      "node-str": "org.junit.runner.Parameterized"
    },
    {
      "type": "delete-node",
      "node": {
        "label": "getParametersMethod",
        "type": "Invocation"
      },
      "location-before-char-start": 2285,
      "location-before-char-end": 2305,
      "node-str": "getParametersMethod"
    },
    {
      "type": "delete-node",
      "node": {
        "label": "null",
        "type": "Literal"
      },
      "location-before-char-start": 2314,
      "location-before-char-end": 2317,
      "node-str": "null"
    },
    {
      "type": "delete-node",
      "node": {
        "label": "0",
        "type": "Literal"
      },
      "location-before-char-start": 2331,
      "location-before-char-end": 2331,
      "node-str": "0"
    },
    {
      "type": "delete-node",
      "node": {
        "label": "",
        "type": "NewArray"
      },
      "location-before-char-start": 2320,
      "location-before-char-end": 2332,
      "node-str": ""
    },
    {
      "type": "delete-node",
      "node": {
        "label": "invoke",
        "type": "Invocation"
      },
      "location-before-char-start": 2285,
      "location-before-char-end": 2333,
      "node-str": "invoke"
    },
    {
      "type": "delete-node",
      "node": {
        "label": "return",
        "type": "Return"
      },
      "location-before-char-start": 2278,
      "location-before-char-end": 2334,
      "node-str": "return"
    },
    {
      "type": "delete-node",
      "node": {
        "label": "getParametersList",
        "type": "Method"
      },
      "location-before-char-start": 2222,
      "location-before-char-end": 2337,
      "node-str": "getParametersList"
    }
  ],
  "before-file": {},
  "after-file": {},
  "mapping": {}
}