{
  "tool-info": {},
  "diff": [
    {
      "type": "insert-node",
      "node": {
        "label": "CommandLegacyActionWrapper",
        "type": "Class"
      },
      "location-after-char-start": 1963,
      "location-after-char-end": 16385,
      "node-str": "CommandLegacyActionWrapper"
    },
    {
      "type": "insert-node",
      "node": {
        "label": "final",
        "type": "Modifier"
      },
      "location-after-char-start": 0,
      "location-after-char-end": 0,
      "node-str": "final"
    },
    {
      "type": "insert-node",
      "node": {
        "label": "public",
        "type": "Modifier"
      },
      "location-after-char-start": 0,
      "location-after-char-end": 0,
      "node-str": "public"
    },
    {
      "type": "insert-node",
      "node": {
        "label": "",
        "type": "TypeReference"
      },
      "location-after-char-start": 2529,
      "location-after-char-end": 2542,
      "node-str": ""
    },
    {
      "type": "move-subtree",
      "node": {
        "label": "CommandListener",
        "type": "Class"
      },
      "location-before-char-start": 2549,
      "location-before-char-end": 3981,
      "location-after-char-start": 2548,
      "location-after-char-end": 3980,
      "node-str": "CommandListener"
    },
    {
      "type": "insert-node",
      "node": {
        "label": "command",
        "type": "Field"
      },
      "location-after-char-start": 3984,
      "location-after-char-end": 4109,
      "node-str": "command"
    },
    {
      "type": "move-subtree",
      "node": {
        "label": "commandListener",
        "type": "Field"
      },
      "location-before-char-start": 4114,
      "location-before-char-end": 4302,
      "location-after-char-start": 4113,
      "location-after-char-end": 4301,
      "node-str": "commandListener"
    },
    {
      "type": "move-subtree",
      "node": {
        "label": "enabled",
        "type": "Field"
      },
      "location-before-char-start": 4306,
      "location-before-char-end": 4398,
      "location-after-char-start": 4305,
      "location-after-char-end": 4397,
      "node-str": "enabled"
    },
    {
      "type": "insert-node",
      "node": {
        "label": "id",
        "type": "Field"
      },
      "location-after-char-start": 4401,
      "location-after-char-end": 4494,
      "node-str": "id"
    },
    {
      "type": "move-subtree",
      "node": {
        "label": "serviceLocator",
        "type": "Field"
      },
      "location-before-char-start": 4499,
      "location-before-char-end": 4674,
      "location-after-char-start": 4498,
      "location-after-char-end": 4673,
      "node-str": "serviceLocator"
    },
    {
      "type": "move-subtree",
      "node": {
        "label": "style",
        "type": "Field"
      },
      "location-before-char-start": 4678,
      "location-before-char-end": 4799,
      "location-after-char-start": 4677,
      "location-after-char-end": 4798,
      "node-str": "style"
    },
    {
      "type": "move-subtree",
      "node": {
        "label": "\u003cinit\u003e",
        "type": "Constructor"
      },
      "location-before-char-start": 4803,
      "location-before-char-end": 6052,
      "location-after-char-start": 4802,
      "location-after-char-end": 6051,
      "node-str": "\u003cinit\u003e"
    },
    {
      "type": "move-subtree",
      "node": {
        "label": "getAccelerator",
        "type": "Method"
      },
      "location-before-char-start": 6056,
      "location-before-char-end": 6704,
      "location-after-char-start": 6055,
      "location-after-char-end": 6703,
      "node-str": "getAccelerator"
    },
    {
      "type": "move-subtree",
      "node": {
        "label": "getActionDefinitionId",
        "type": "Method"
      },
      "location-before-char-start": 6708,
      "location-before-char-end": 6781,
      "location-after-char-start": 6707,
      "location-after-char-end": 6780,
      "node-str": "getActionDefinitionId"
    },
    {
      "type": "move-subtree",
      "node": {
        "label": "getDescription",
        "type": "Method"
      },
      "location-before-char-start": 6785,
      "location-before-char-end": 6944,
      "location-after-char-start": 6784,
      "location-after-char-end": 6943,
      "node-str": "getDescription"
    },
    {
      "type": "move-subtree",
      "node": {
        "label": "getDisabledImageDescriptor",
        "type": "Method"
      },
      "location-before-char-start": 6948,
      "location-before-char-end": 7301,
      "location-after-char-start": 6947,
      "location-after-char-end": 7300,
      "node-str": "getDisabledImageDescriptor"
    },
    {
      "type": "move-subtree",
      "node": {
        "label": "getHelpListener",
        "type": "Method"
      },
      "location-before-char-start": 7305,
      "location-before-char-end": 7412,
      "location-after-char-start": 7304,
      "location-after-char-end": 7411,
      "node-str": "getHelpListener"
    },
    {
      "type": "move-subtree",
      "node": {
        "label": "getHoverImageDescriptor",
        "type": "Method"
      },
      "location-before-char-start": 7416,
      "location-before-char-end": 7763,
      "location-after-char-start": 7415,
      "location-after-char-end": 7762,
      "node-str": "getHoverImageDescriptor"
    },
    {
      "type": "move-subtree",
      "node": {
        "label": "getId",
        "type": "Method"
      },
      "location-before-char-start": 7767,
      "location-before-char-end": 7811,
      "location-after-char-start": 7766,
      "location-after-char-end": 7810,
      "node-str": "getId"
    },
    {
      "type": "move-subtree",
      "node": {
        "label": "getImageDescriptor",
        "type": "Method"
      },
      "location-before-char-start": 7815,
      "location-before-char-end": 8121,
      "location-after-char-start": 7814,
      "location-after-char-end": 8120,
      "node-str": "getImageDescriptor"
    },
    {
      "type": "move-subtree",
      "node": {
        "label": "getMenuCreator",
        "type": "Method"
      },
      "location-before-char-start": 8125,
      "location-before-char-end": 8244,
      "location-after-char-start": 8124,
      "location-after-char-end": 8243,
      "node-str": "getMenuCreator"
    },
    {
      "type": "insert-node",
      "node": {
        "label": "getStyle",
        "type": "Method"
      },
      "location-after-char-start": 8247,
      "location-after-char-end": 8611,
      "node-str": "getStyle"
    },
    {
      "type": "move-subtree",
      "node": {
        "label": "getText",
        "type": "Method"
      },
      "location-before-char-start": 8617,
      "location-before-char-end": 8749,
      "location-after-char-start": 8615,
      "location-after-char-end": 8747,
      "node-str": "getText"
    },
    {
      "type": "move-subtree",
      "node": {
        "label": "getToolTipText",
        "type": "Method"
      },
      "location-before-char-start": 8753,
      "location-before-char-end": 8820,
      "location-after-char-start": 8751,
      "location-after-char-end": 8818,
      "node-str": "getToolTipText"
    },
    {
      "type": "insert-node",
      "node": {
        "label": "isChecked",
        "type": "Method"
      },
      "location-after-char-start": 8822,
      "location-after-char-end": 9090,
      "node-str": "isChecked"
    },
    {
      "type": "move-subtree",
      "node": {
        "label": "isEnabled",
        "type": "Method"
      },
      "location-before-char-start": 9097,
      "location-before-char-end": 9230,
      "location-after-char-start": 9094,
      "location-after-char-end": 9227,
      "node-str": "isEnabled"
    },
    {
      "type": "move-subtree",
      "node": {
        "label": "isEnabledDisregardingCommand",
        "type": "Method"
      },
      "location-before-char-start": 9234,
      "location-before-char-end": 9832,
      "location-after-char-start": 9231,
      "location-after-char-end": 9829,
      "node-str": "isEnabledDisregardingCommand"
    },
    {
      "type": "move-subtree",
      "node": {
        "label": "isHandled",
        "type": "Method"
      },
      "location-before-char-start": 9836,
      "location-before-char-end": 9958,
      "location-after-char-start": 9833,
      "location-after-char-end": 9955,
      "node-str": "isHandled"
    },
    {
      "type": "move-subtree",
      "node": {
        "label": "run",
        "type": "Method"
      },
      "location-before-char-start": 9962,
      "location-before-char-end": 10011,
      "location-after-char-start": 9959,
      "location-after-char-end": 10008,
      "node-str": "run"
    },
    {
      "type": "move-subtree",
      "node": {
        "label": "runWithEvent",
        "type": "Method"
      },
      "location-before-char-start": 10015,
      "location-before-char-end": 10598,
      "location-after-char-start": 10012,
      "location-after-char-end": 10595,
      "node-str": "runWithEvent"
    },
    {
      "type": "move-subtree",
      "node": {
        "label": "setAccelerator",
        "type": "Method"
      },
      "location-before-char-start": 10602,
      "location-before-char-end": 10709,
      "location-after-char-start": 10599,
      "location-after-char-end": 10706,
      "node-str": "setAccelerator"
    },
    {
      "type": "move-subtree",
      "node": {
        "label": "setActionDefinitionId",
        "type": "Method"
      },
      "location-before-char-start": 10713,
      "location-before-char-end": 13508,
      "location-after-char-start": 10710,
      "location-after-char-end": 13505,
      "node-str": "setActionDefinitionId"
    },
    {
      "type": "insert-node",
      "node": {
        "label": "setChecked",
        "type": "Method"
      },
      "location-after-char-start": 13509,
      "location-after-char-end": 13903,
      "node-str": "setChecked"
    },
    {
      "type": "insert-node",
      "node": {
        "label": "setDescription",
        "type": "Method"
      },
      "location-after-char-start": 13907,
      "location-after-char-end": 14226,
      "node-str": "setDescription"
    },
    {
      "type": "move-subtree",
      "node": {
        "label": "setDisabledImageDescriptor",
        "type": "Method"
      },
      "location-before-char-start": 14235,
      "location-before-char-end": 14617,
      "location-after-char-start": 14230,
      "location-after-char-end": 14612,
      "node-str": "setDisabledImageDescriptor"
    },
    {
      "type": "move-subtree",
      "node": {
        "label": "setEnabled",
        "type": "Method"
      },
      "location-before-char-start": 14621,
      "location-before-char-end": 14938,
      "location-after-char-start": 14616,
      "location-after-char-end": 14933,
      "node-str": "setEnabled"
    },
    {
      "type": "move-subtree",
      "node": {
        "label": "setHelpListener",
        "type": "Method"
      },
      "location-before-char-start": 14942,
      "location-before-char-end": 15066,
      "location-after-char-start": 14937,
      "location-after-char-end": 15061,
      "node-str": "setHelpListener"
    },
    {
      "type": "move-subtree",
      "node": {
        "label": "setHoverImageDescriptor",
        "type": "Method"
      },
      "location-before-char-start": 15070,
      "location-before-char-end": 15446,
      "location-after-char-start": 15065,
      "location-after-char-end": 15441,
      "node-str": "setHoverImageDescriptor"
    },
    {
      "type": "move-subtree",
      "node": {
        "label": "setId",
        "type": "Method"
      },
      "location-before-char-start": 15450,
      "location-before-char-end": 15510,
      "location-after-char-start": 15445,
      "location-after-char-end": 15505,
      "node-str": "setId"
    },
    {
      "type": "move-subtree",
      "node": {
        "label": "setImageDescriptor",
        "type": "Method"
      },
      "location-before-char-start": 15514,
      "location-before-char-end": 15887,
      "location-after-char-start": 15509,
      "location-after-char-end": 15882,
      "node-str": "setImageDescriptor"
    },
    {
      "type": "move-subtree",
      "node": {
        "label": "setMenuCreator",
        "type": "Method"
      },
      "location-before-char-start": 15891,
      "location-before-char-end": 15995,
      "location-after-char-start": 15886,
      "location-after-char-end": 15990,
      "node-str": "setMenuCreator"
    },
    {
      "type": "insert-node",
      "node": {
        "label": "setText",
        "type": "Method"
      },
      "location-after-char-start": 15994,
      "location-after-char-end": 16299,
      "node-str": "setText"
    },
    {
      "type": "move-subtree",
      "node": {
        "label": "setToolTipText",
        "type": "Method"
      },
      "location-before-char-start": 16309,
      "location-before-char-end": 16388,
      "location-after-char-start": 16303,
      "location-after-char-end": 16382,
      "node-str": "setToolTipText"
    },
    {
      "type": "insert-node",
      "node": {
        "label": "org.eclipse.jface.action.AbstractAction",
        "type": "SUPER_TYPE"
      },
      "location-after-char-start": 0,
      "location-after-char-end": 0,
      "node-str": "org.eclipse.jface.action.AbstractAction"
    },
    {
      "type": "insert-node",
      "node": {
        "label": "org.eclipse.core.commands.ParameterizedCommand",
        "type": "VARIABLE_TYPE"
      },
      "location-after-char-start": 0,
      "location-after-char-end": 0,
      "node-str": "org.eclipse.core.commands.ParameterizedCommand"
    },
    {
      "type": "insert-node",
      "node": {
        "label": "java.lang.String",
        "type": "VARIABLE_TYPE"
      },
      "location-after-char-start": 0,
      "location-after-char-end": 0,
      "node-str": "java.lang.String"
    },
    {
      "type": "insert-node",
      "node": {
        "label": "int",
        "type": "RETURN_TYPE"
      },
      "location-after-char-start": 0,
      "location-after-char-end": 0,
      "node-str": "int"
    },
    {
      "type": "insert-node",
      "node": {
        "label": "final",
        "type": "Modifier"
      },
      "location-after-char-start": 0,
      "location-after-char-end": 0,
      "node-str": "final"
    },
    {
      "type": "insert-node",
      "node": {
        "label": "public",
        "type": "Modifier"
      },
      "location-after-char-start": 0,
      "location-after-char-end": 0,
      "node-str": "public"
    },
    {
      "type": "insert-node",
      "node": {
        "label": "state",
        "type": "LocalVariable"
      },
      "location-after-char-start": 8279,
      "location-after-char-end": 8421,
      "node-str": "state"
    },
    {
      "type": "move-subtree",
      "node": {
        "label": "if",
        "type": "If"
      },
      "location-before-char-start": 8427,
      "location-before-char-end": 8576,
      "location-after-char-start": 8425,
      "location-after-char-end": 8574,
      "node-str": "if"
    },
    {
      "type": "move-subtree",
      "node": {
        "label": "return",
        "type": "Return"
      },
      "location-before-char-start": 8581,
      "location-before-char-end": 8610,
      "location-after-char-start": 8579,
      "location-after-char-end": 8608,
      "node-str": "return"
    },
    {
      "type": "insert-node",
      "node": {
        "label": "boolean",
        "type": "RETURN_TYPE"
      },
      "location-after-char-start": 0,
      "location-after-char-end": 0,
      "node-str": "boolean"
    },
    {
      "type": "insert-node",
      "node": {
        "label": "final",
        "type": "Modifier"
      },
      "location-after-char-start": 0,
      "location-after-char-end": 0,
      "node-str": "final"
    },
    {
      "type": "insert-node",
      "node": {
        "label": "public",
        "type": "Modifier"
      },
      "location-after-char-start": 0,
      "location-after-char-end": 0,
      "node-str": "public"
    },
    {
      "type": "insert-node",
      "node": {
        "label": "state",
        "type": "LocalVariable"
      },
      "location-after-char-start": 8859,
      "location-after-char-end": 8929,
      "node-str": "state"
    },
    {
      "type": "move-subtree",
      "node": {
        "label": "if",
        "type": "If"
      },
      "location-before-char-start": 8936,
      "location-before-char-end": 9073,
      "location-after-char-start": 8933,
      "location-after-char-end": 9070,
      "node-str": "if"
    },
    {
      "type": "insert-node",
      "node": {
        "label": "return",
        "type": "Return"
      },
      "location-after-char-start": 9075,
      "location-after-char-end": 9087,
      "node-str": "return"
    },
    {
      "type": "insert-node",
      "node": {
        "label": "void",
        "type": "RETURN_TYPE"
      },
      "location-after-char-start": 0,
      "location-after-char-end": 0,
      "node-str": "void"
    },
    {
      "type": "insert-node",
      "node": {
        "label": "final",
        "type": "Modifier"
      },
      "location-after-char-start": 0,
      "location-after-char-end": 0,
      "node-str": "final"
    },
    {
      "type": "insert-node",
      "node": {
        "label": "public",
        "type": "Modifier"
      },
      "location-after-char-start": 0,
      "location-after-char-end": 0,
      "node-str": "public"
    },
    {
      "type": "move-subtree",
      "node": {
        "label": "checked",
        "type": "Parameter"
      },
      "location-before-char-start": 13541,
      "location-before-char-end": 13561,
      "location-after-char-start": 13538,
      "location-after-char-end": 13558,
      "node-str": "checked"
    },
    {
      "type": "insert-node",
      "node": {
        "label": "state",
        "type": "LocalVariable"
      },
      "location-after-char-start": 13565,
      "location-after-char-end": 13635,
      "node-str": "state"
    },
    {
      "type": "move-subtree",
      "node": {
        "label": "if",
        "type": "If"
      },
      "location-before-char-start": 13643,
      "location-before-char-end": 13904,
      "location-after-char-start": 13639,
      "location-after-char-end": 13900,
      "node-str": "if"
    },
    {
      "type": "insert-node",
      "node": {
        "label": "void",
        "type": "RETURN_TYPE"
      },
      "location-after-char-start": 0,
      "location-after-char-end": 0,
      "node-str": "void"
    },
    {
      "type": "insert-node",
      "node": {
        "label": "final",
        "type": "Modifier"
      },
      "location-after-char-start": 0,
      "location-after-char-end": 0,
      "node-str": "final"
    },
    {
      "type": "insert-node",
      "node": {
        "label": "public",
        "type": "Modifier"
      },
      "location-after-char-start": 0,
      "location-after-char-end": 0,
      "node-str": "public"
    },
    {
      "type": "move-subtree",
      "node": {
        "label": "text",
        "type": "Parameter"
      },
      "location-before-char-start": 13944,
      "location-before-char-end": 13960,
      "location-after-char-start": 13940,
      "location-after-char-end": 13956,
      "node-str": "text"
    },
    {
      "type": "insert-node",
      "node": {
        "label": "state",
        "type": "LocalVariable"
      },
      "location-after-char-start": 13963,
      "location-after-char-end": 14051,
      "node-str": "state"
    },
    {
      "type": "move-subtree",
      "node": {
        "label": "if",
        "type": "If"
      },
      "location-before-char-start": 14060,
      "location-before-char-end": 14228,
      "location-after-char-start": 14055,
      "location-after-char-end": 14223,
      "node-str": "if"
    },
    {
      "type": "insert-node",
      "node": {
        "label": "void",
        "type": "RETURN_TYPE"
      },
      "location-after-char-start": 0,
      "location-after-char-end": 0,
      "node-str": "void"
    },
    {
      "type": "insert-node",
      "node": {
        "label": "final",
        "type": "Modifier"
      },
      "location-after-char-start": 0,
      "location-after-char-end": 0,
      "node-str": "final"
    },
    {
      "type": "insert-node",
      "node": {
        "label": "public",
        "type": "Modifier"
      },
      "location-after-char-start": 0,
      "location-after-char-end": 0,
      "node-str": "public"
    },
    {
      "type": "move-subtree",
      "node": {
        "label": "text",
        "type": "Parameter"
      },
      "location-before-char-start": 16025,
      "location-before-char-end": 16041,
      "location-after-char-start": 16020,
      "location-after-char-end": 16036,
      "node-str": "text"
    },
    {
      "type": "insert-node",
      "node": {
        "label": "state",
        "type": "LocalVariable"
      },
      "location-after-char-start": 16043,
      "location-after-char-end": 16124,
      "node-str": "state"
    },
    {
      "type": "move-subtree",
      "node": {
        "label": "if",
        "type": "If"
      },
      "location-before-char-start": 16134,
      "location-before-char-end": 16302,
      "location-after-char-start": 16128,
      "location-after-char-end": 16296,
      "node-str": "if"
    },
    {
      "type": "insert-node",
      "node": {
        "label": "org.eclipse.core.commands.State",
        "type": "VARIABLE_TYPE"
      },
      "location-after-char-start": 0,
      "location-after-char-end": 0,
      "node-str": "org.eclipse.core.commands.State"
    },
    {
      "type": "insert-node",
      "node": {
        "label": "final",
        "type": "Modifier"
      },
      "location-after-char-start": 0,
      "location-after-char-end": 0,
      "node-str": "final"
    },
    {
      "type": "move-subtree",
      "node": {
        "label": "getState",
        "type": "Invocation"
      },
      "location-before-char-start": 8373,
      "location-before-char-end": 8422,
      "location-after-char-start": 8371,
      "location-after-char-end": 8420,
      "node-str": "getState"
    },
    {
      "type": "insert-node",
      "node": {
        "label": "org.eclipse.core.commands.State",
        "type": "VARIABLE_TYPE"
      },
      "location-after-char-start": 0,
      "location-after-char-end": 0,
      "node-str": "org.eclipse.core.commands.State"
    },
    {
      "type": "insert-node",
      "node": {
        "label": "final",
        "type": "Modifier"
      },
      "location-after-char-start": 0,
      "location-after-char-end": 0,
      "node-str": "final"
    },
    {
      "type": "move-subtree",
      "node": {
        "label": "getState",
        "type": "Invocation"
      },
      "location-before-char-start": 8882,
      "location-before-char-end": 8931,
      "location-after-char-start": 8879,
      "location-after-char-end": 8928,
      "node-str": "getState"
    },
    {
      "type": "insert-node",
      "node": {
        "label": "false",
        "type": "Literal"
      },
      "location-after-char-start": 9082,
      "location-after-char-end": 9086,
      "node-str": "false"
    },
    {
      "type": "insert-node",
      "node": {
        "label": "org.eclipse.core.commands.State",
        "type": "VARIABLE_TYPE"
      },
      "location-after-char-start": 0,
      "location-after-char-end": 0,
      "node-str": "org.eclipse.core.commands.State"
    },
    {
      "type": "insert-node",
      "node": {
        "label": "final",
        "type": "Modifier"
      },
      "location-after-char-start": 0,
      "location-after-char-end": 0,
      "node-str": "final"
    },
    {
      "type": "move-subtree",
      "node": {
        "label": "getState",
        "type": "Invocation"
      },
      "location-before-char-start": 13589,
      "location-before-char-end": 13638,
      "location-after-char-start": 13585,
      "location-after-char-end": 13634,
      "node-str": "getState"
    },
    {
      "type": "insert-node",
      "node": {
        "label": "org.eclipse.core.commands.State",
        "type": "VARIABLE_TYPE"
      },
      "location-after-char-start": 0,
      "location-after-char-end": 0,
      "node-str": "org.eclipse.core.commands.State"
    },
    {
      "type": "insert-node",
      "node": {
        "label": "final",
        "type": "Modifier"
      },
      "location-after-char-start": 0,
      "location-after-char-end": 0,
      "node-str": "final"
    },
    {
      "type": "move-subtree",
      "node": {
        "label": "getState",
        "type": "Invocation"
      },
      "location-before-char-start": 13988,
      "location-before-char-end": 14055,
      "location-after-char-start": 13983,
      "location-after-char-end": 14050,
      "node-str": "getState"
    },
    {
      "type": "insert-node",
      "node": {
        "label": "org.eclipse.core.commands.State",
        "type": "VARIABLE_TYPE"
      },
      "location-after-char-start": 0,
      "location-after-char-end": 0,
      "node-str": "org.eclipse.core.commands.State"
    },
    {
      "type": "insert-node",
      "node": {
        "label": "final",
        "type": "Modifier"
      },
      "location-after-char-start": 0,
      "location-after-char-end": 0,
      "node-str": "final"
    },
    {
      "type": "move-subtree",
      "node": {
        "label": "getState",
        "type": "Invocation"
      },
      "location-before-char-start": 16069,
      "location-before-char-end": 16129,
      "location-after-char-start": 16063,
      "location-after-char-end": 16123,
      "node-str": "getState"
    },
    {
      "type": "delete-node",
      "node": {
        "label": "final",
        "type": "Modifier"
      },
      "location-before-char-start": 0,
      "location-before-char-end": 0,
      "node-str": "final"
    },
    {
      "type": "delete-node",
      "node": {
        "label": "public",
        "type": "Modifier"
      },
      "location-before-char-start": 0,
      "location-before-char-end": 0,
      "node-str": "public"
    },
    {
      "type": "delete-node",
      "node": {
        "label": "org.eclipse.jface.action.AbstractAction",
        "type": "SUPER_TYPE"
      },
      "location-before-char-start": 0,
      "location-before-char-end": 0,
      "node-str": "org.eclipse.jface.action.AbstractAction"
    },
    {
      "type": "delete-node",
      "node": {
        "label": "",
        "type": "TypeReference"
      },
      "location-before-char-start": 2530,
      "location-before-char-end": 2543,
      "node-str": ""
    },
    {
      "type": "delete-node",
      "node": {
        "label": "org.eclipse.core.commands.ParameterizedCommand",
        "type": "VARIABLE_TYPE"
      },
      "location-before-char-start": 0,
      "location-before-char-end": 0,
      "node-str": "org.eclipse.core.commands.ParameterizedCommand"
    },
    {
      "type": "delete-node",
      "node": {
        "label": "command",
        "type": "Field"
      },
      "location-before-char-start": 3985,
      "location-before-char-end": 4110,
      "node-str": "command"
    },
    {
      "type": "delete-node",
      "node": {
        "label": "java.lang.String",
        "type": "VARIABLE_TYPE"
      },
      "location-before-char-start": 0,
      "location-before-char-end": 0,
      "node-str": "java.lang.String"
    },
    {
      "type": "delete-node",
      "node": {
        "label": "id",
        "type": "Field"
      },
      "location-before-char-start": 4402,
      "location-before-char-end": 4495,
      "node-str": "id"
    },
    {
      "type": "delete-node",
      "node": {
        "label": "int",
        "type": "RETURN_TYPE"
      },
      "location-before-char-start": 0,
      "location-before-char-end": 0,
      "node-str": "int"
    },
    {
      "type": "delete-node",
      "node": {
        "label": "final",
        "type": "Modifier"
      },
      "location-before-char-start": 0,
      "location-before-char-end": 0,
      "node-str": "final"
    },
    {
      "type": "delete-node",
      "node": {
        "label": "public",
        "type": "Modifier"
      },
      "location-before-char-start": 0,
      "location-before-char-end": 0,
      "node-str": "public"
    },
    {
      "type": "delete-node",
      "node": {
        "label": "org.eclipse.core.commands.IState",
        "type": "VARIABLE_TYPE"
      },
      "location-before-char-start": 0,
      "location-before-char-end": 0,
      "node-str": "org.eclipse.core.commands.IState"
    },
    {
      "type": "delete-node",
      "node": {
        "label": "final",
        "type": "Modifier"
      },
      "location-before-char-start": 0,
      "location-before-char-end": 0,
      "node-str": "final"
    },
    {
      "type": "delete-node",
      "node": {
        "label": "state",
        "type": "LocalVariable"
      },
      "location-before-char-start": 8280,
      "location-before-char-end": 8423,
      "node-str": "state"
    },
    {
      "type": "delete-node",
      "node": {
        "label": "getStyle",
        "type": "Method"
      },
      "location-before-char-start": 8248,
      "location-before-char-end": 8613,
      "node-str": "getStyle"
    },
    {
      "type": "delete-node",
      "node": {
        "label": "boolean",
        "type": "RETURN_TYPE"
      },
      "location-before-char-start": 0,
      "location-before-char-end": 0,
      "node-str": "boolean"
    },
    {
      "type": "delete-node",
      "node": {
        "label": "final",
        "type": "Modifier"
      },
      "location-before-char-start": 0,
      "location-before-char-end": 0,
      "node-str": "final"
    },
    {
      "type": "delete-node",
      "node": {
        "label": "public",
        "type": "Modifier"
      },
      "location-before-char-start": 0,
      "location-before-char-end": 0,
      "node-str": "public"
    },
    {
      "type": "delete-node",
      "node": {
        "label": "org.eclipse.core.commands.IState",
        "type": "VARIABLE_TYPE"
      },
      "location-before-char-start": 0,
      "location-before-char-end": 0,
      "node-str": "org.eclipse.core.commands.IState"
    },
    {
      "type": "delete-node",
      "node": {
        "label": "final",
        "type": "Modifier"
      },
      "location-before-char-start": 0,
      "location-before-char-end": 0,
      "node-str": "final"
    },
    {
      "type": "delete-node",
      "node": {
        "label": "state",
        "type": "LocalVariable"
      },
      "location-before-char-start": 8861,
      "location-before-char-end": 8932,
      "node-str": "state"
    },
    {
      "type": "delete-node",
      "node": {
        "label": "false",
        "type": "Literal"
      },
      "location-before-char-start": 9085,
      "location-before-char-end": 9089,
      "node-str": "false"
    },
    {
      "type": "delete-node",
      "node": {
        "label": "return",
        "type": "Return"
      },
      "location-before-char-start": 9078,
      "location-before-char-end": 9090,
      "node-str": "return"
    },
    {
      "type": "delete-node",
      "node": {
        "label": "isChecked",
        "type": "Method"
      },
      "location-before-char-start": 8824,
      "location-before-char-end": 9093,
      "node-str": "isChecked"
    },
    {
      "type": "delete-node",
      "node": {
        "label": "void",
        "type": "RETURN_TYPE"
      },
      "location-before-char-start": 0,
      "location-before-char-end": 0,
      "node-str": "void"
    },
    {
      "type": "delete-node",
      "node": {
        "label": "final",
        "type": "Modifier"
      },
      "location-before-char-start": 0,
      "location-before-char-end": 0,
      "node-str": "final"
    },
    {
      "type": "delete-node",
      "node": {
        "label": "public",
        "type": "Modifier"
      },
      "location-before-char-start": 0,
      "location-before-char-end": 0,
      "node-str": "public"
    },
    {
      "type": "delete-node",
      "node": {
        "label": "org.eclipse.core.commands.IState",
        "type": "VARIABLE_TYPE"
      },
      "location-before-char-start": 0,
      "location-before-char-end": 0,
      "node-str": "org.eclipse.core.commands.IState"
    },
    {
      "type": "delete-node",
      "node": {
        "label": "final",
        "type": "Modifier"
      },
      "location-before-char-start": 0,
      "location-before-char-end": 0,
      "node-str": "final"
    },
    {
      "type": "delete-node",
      "node": {
        "label": "state",
        "type": "LocalVariable"
      },
      "location-before-char-start": 13568,
      "location-before-char-end": 13639,
      "node-str": "state"
    },
    {
      "type": "delete-node",
      "node": {
        "label": "setChecked",
        "type": "Method"
      },
      "location-before-char-start": 13512,
      "location-before-char-end": 13907,
      "node-str": "setChecked"
    },
    {
      "type": "delete-node",
      "node": {
        "label": "void",
        "type": "RETURN_TYPE"
      },
      "location-before-char-start": 0,
      "location-before-char-end": 0,
      "node-str": "void"
    },
    {
      "type": "delete-node",
      "node": {
        "label": "final",
        "type": "Modifier"
      },
      "location-before-char-start": 0,
      "location-before-char-end": 0,
      "node-str": "final"
    },
    {
      "type": "delete-node",
      "node": {
        "label": "public",
        "type": "Modifier"
      },
      "location-before-char-start": 0,
      "location-before-char-end": 0,
      "node-str": "public"
    },
    {
      "type": "delete-node",
      "node": {
        "label": "org.eclipse.core.commands.IState",
        "type": "VARIABLE_TYPE"
      },
      "location-before-char-start": 0,
      "location-before-char-end": 0,
      "node-str": "org.eclipse.core.commands.IState"
    },
    {
      "type": "delete-node",
      "node": {
        "label": "final",
        "type": "Modifier"
      },
      "location-before-char-start": 0,
      "location-before-char-end": 0,
      "node-str": "final"
    },
    {
      "type": "delete-node",
      "node": {
        "label": "state",
        "type": "LocalVariable"
      },
      "location-before-char-start": 13967,
      "location-before-char-end": 14056,
      "node-str": "state"
    },
    {
      "type": "delete-node",
      "node": {
        "label": "setDescription",
        "type": "Method"
      },
      "location-before-char-start": 13911,
      "location-before-char-end": 14231,
      "node-str": "setDescription"
    },
    {
      "type": "delete-node",
      "node": {
        "label": "void",
        "type": "RETURN_TYPE"
      },
      "location-before-char-start": 0,
      "location-before-char-end": 0,
      "node-str": "void"
    },
    {
      "type": "delete-node",
      "node": {
        "label": "final",
        "type": "Modifier"
      },
      "location-before-char-start": 0,
      "location-before-char-end": 0,
      "node-str": "final"
    },
    {
      "type": "delete-node",
      "node": {
        "label": "public",
        "type": "Modifier"
      },
      "location-before-char-start": 0,
      "location-before-char-end": 0,
      "node-str": "public"
    },
    {
      "type": "delete-node",
      "node": {
        "label": "org.eclipse.core.commands.IState",
        "type": "VARIABLE_TYPE"
      },
      "location-before-char-start": 0,
      "location-before-char-end": 0,
      "node-str": "org.eclipse.core.commands.IState"
    },
    {
      "type": "delete-node",
      "node": {
        "label": "final",
        "type": "Modifier"
      },
      "location-before-char-start": 0,
      "location-before-char-end": 0,
      "node-str": "final"
    },
    {
      "type": "delete-node",
      "node": {
        "label": "state",
        "type": "LocalVariable"
      },
      "location-before-char-start": 16048,
      "location-before-char-end": 16130,
      "node-str": "state"
    },
    {
      "type": "delete-node",
      "node": {
        "label": "setText",
        "type": "Method"
      },
      "location-before-char-start": 15999,
      "location-before-char-end": 16305,
      "node-str": "setText"
    },
    {
      "type": "delete-node",
      "node": {
        "label": "CommandLegacyActionWrapper",
        "type": "Class"
      },
      "location-before-char-start": 1964,
      "location-before-char-end": 16391,
      "node-str": "CommandLegacyActionWrapper"
    }
  ],
  "before-file": {},
  "after-file": {},
  "mapping": {}
}