{
  "tool-info": {},
  "diff": [
    {
      "type": "insert-node",
      "node": {
        "label": "FolderInfoPanel",
        "type": "Class"
      },
      "location-after-char-start": 1698,
      "location-after-char-end": 6961,
      "node-str": "FolderInfoPanel"
    },
    {
      "type": "insert-node",
      "node": {
        "label": "public",
        "type": "Modifier"
      },
      "location-after-char-start": 0,
      "location-after-char-end": 0,
      "node-str": "public"
    },
    {
      "type": "insert-node",
      "node": {
        "label": "",
        "type": "TypeReference"
      },
      "location-after-char-start": 1832,
      "location-after-char-end": 1849,
      "node-str": ""
    },
    {
      "type": "insert-node",
      "node": {
        "label": "leftLabel",
        "type": "Field"
      },
      "location-after-char-start": 1903,
      "location-after-char-end": 1927,
      "node-str": "leftLabel"
    },
    {
      "type": "insert-node",
      "node": {
        "label": "readLabel",
        "type": "Field"
      },
      "location-after-char-start": 1931,
      "location-after-char-end": 1955,
      "node-str": "readLabel"
    },
    {
      "type": "insert-node",
      "node": {
        "label": "unreadLabel",
        "type": "Field"
      },
      "location-after-char-start": 1959,
      "location-after-char-end": 1985,
      "node-str": "unreadLabel"
    },
    {
      "type": "insert-node",
      "node": {
        "label": "recentLabel",
        "type": "Field"
      },
      "location-after-char-start": 1989,
      "location-after-char-end": 2015,
      "node-str": "recentLabel"
    },
    {
      "type": "insert-node",
      "node": {
        "label": "rightPanel",
        "type": "Field"
      },
      "location-after-char-start": 2019,
      "location-after-char-end": 2044,
      "node-str": "rightPanel"
    },
    {
      "type": "insert-node",
      "node": {
        "label": "info",
        "type": "Field"
      },
      "location-after-char-start": 2048,
      "location-after-char-end": 2072,
      "node-str": "info"
    },
    {
      "type": "insert-node",
      "node": {
        "label": "folder",
        "type": "Field"
      },
      "location-after-char-start": 2076,
      "location-after-char-end": 2102,
      "node-str": "folder"
    },
    {
      "type": "move-subtree",
      "node": {
        "label": "\u003cinit\u003e",
        "type": "Constructor"
      },
      "location-before-char-start": 2065,
      "location-before-char-end": 2222,
      "location-after-char-start": 2106,
      "location-after-char-end": 2263,
      "node-str": "\u003cinit\u003e"
    },
    {
      "type": "move-subtree",
      "node": {
        "label": "initComponents",
        "type": "Method"
      },
      "location-before-char-start": 2226,
      "location-before-char-end": 4951,
      "location-after-char-start": 2267,
      "location-after-char-end": 4992,
      "node-str": "initComponents"
    },
    {
      "type": "move-subtree",
      "node": {
        "label": "resetRenderer",
        "type": "Method"
      },
      "location-before-char-start": 4955,
      "location-before-char-end": 5066,
      "location-after-char-start": 4996,
      "location-after-char-end": 5107,
      "node-str": "resetRenderer"
    },
    {
      "type": "insert-node",
      "node": {
        "label": "setFolder",
        "type": "Method"
      },
      "location-after-char-start": 5111,
      "location-after-char-end": 5543,
      "node-str": "setFolder"
    },
    {
      "type": "move-subtree",
      "node": {
        "label": "update",
        "type": "Method"
      },
      "location-before-char-start": 5516,
      "location-before-char-end": 5988,
      "location-after-char-start": 5547,
      "location-after-char-end": 6019,
      "node-str": "update"
    },
    {
      "type": "insert-node",
      "node": {
        "label": "selectionChanged",
        "type": "Method"
      },
      "location-after-char-start": 6023,
      "location-after-char-end": 6515,
      "node-str": "selectionChanged"
    },
    {
      "type": "move-subtree",
      "node": {
        "label": "messageAdded",
        "type": "Method"
      },
      "location-before-char-start": 6514,
      "location-before-char-end": 6558,
      "location-after-char-start": 6519,
      "location-after-char-end": 6563,
      "node-str": "messageAdded"
    },
    {
      "type": "move-subtree",
      "node": {
        "label": "messageRemoved",
        "type": "Method"
      },
      "location-before-char-start": 6562,
      "location-before-char-end": 6608,
      "location-after-char-start": 6567,
      "location-after-char-end": 6613,
      "node-str": "messageRemoved"
    },
    {
      "type": "move-subtree",
      "node": {
        "label": "messageFlagChanged",
        "type": "Method"
      },
      "location-before-char-start": 6612,
      "location-before-char-end": 6662,
      "location-after-char-start": 6617,
      "location-after-char-end": 6667,
      "node-str": "messageFlagChanged"
    },
    {
      "type": "move-subtree",
      "node": {
        "label": "folderPropertyChanged",
        "type": "Method"
      },
      "location-before-char-start": 6666,
      "location-before-char-end": 6858,
      "location-after-char-start": 6671,
      "location-after-char-end": 6863,
      "node-str": "folderPropertyChanged"
    },
    {
      "type": "move-subtree",
      "node": {
        "label": "folderAdded",
        "type": "Method"
      },
      "location-before-char-start": 6862,
      "location-before-char-end": 6905,
      "location-after-char-start": 6867,
      "location-after-char-end": 6910,
      "node-str": "folderAdded"
    },
    {
      "type": "move-subtree",
      "node": {
        "label": "folderRemoved",
        "type": "Method"
      },
      "location-before-char-start": 6909,
      "location-before-char-end": 6954,
      "location-after-char-start": 6914,
      "location-after-char-end": 6959,
      "node-str": "folderRemoved"
    },
    {
      "type": "insert-node",
      "node": {
        "label": "org.columba.core.gui.frame.ContainerInfoPanel",
        "type": "SUPER_TYPE"
      },
      "location-after-char-start": 0,
      "location-after-char-end": 0,
      "node-str": "org.columba.core.gui.frame.ContainerInfoPanel"
    },
    {
      "type": "insert-node",
      "node": {
        "label": "javax.swing.JLabel",
        "type": "VARIABLE_TYPE"
      },
      "location-after-char-start": 0,
      "location-after-char-end": 0,
      "node-str": "javax.swing.JLabel"
    },
    {
      "type": "insert-node",
      "node": {
        "label": "javax.swing.JLabel",
        "type": "VARIABLE_TYPE"
      },
      "location-after-char-start": 0,
      "location-after-char-end": 0,
      "node-str": "javax.swing.JLabel"
    },
    {
      "type": "insert-node",
      "node": {
        "label": "javax.swing.JLabel",
        "type": "VARIABLE_TYPE"
      },
      "location-after-char-start": 0,
      "location-after-char-end": 0,
      "node-str": "javax.swing.JLabel"
    },
    {
      "type": "insert-node",
      "node": {
        "label": "javax.swing.JLabel",
        "type": "VARIABLE_TYPE"
      },
      "location-after-char-start": 0,
      "location-after-char-end": 0,
      "node-str": "javax.swing.JLabel"
    },
    {
      "type": "insert-node",
      "node": {
        "label": "javax.swing.JPanel",
        "type": "VARIABLE_TYPE"
      },
      "location-after-char-start": 0,
      "location-after-char-end": 0,
      "node-str": "javax.swing.JPanel"
    },
    {
      "type": "insert-node",
      "node": {
        "label": "org.columba.ristretto.message.MailboxInfo",
        "type": "VARIABLE_TYPE"
      },
      "location-after-char-start": 0,
      "location-after-char-end": 0,
      "node-str": "org.columba.ristretto.message.MailboxInfo"
    },
    {
      "type": "insert-node",
      "node": {
        "label": "org.columba.mail.folder.IMailFolder",
        "type": "VARIABLE_TYPE"
      },
      "location-after-char-start": 0,
      "location-after-char-end": 0,
      "node-str": "org.columba.mail.folder.IMailFolder"
    },
    {
      "type": "insert-node",
      "node": {
        "label": "void",
        "type": "RETURN_TYPE"
      },
      "location-after-char-start": 0,
      "location-after-char-end": 0,
      "node-str": "void"
    },
    {
      "type": "insert-node",
      "node": {
        "label": "public",
        "type": "Modifier"
      },
      "location-after-char-start": 0,
      "location-after-char-end": 0,
      "node-str": "public"
    },
    {
      "type": "insert-node",
      "node": {
        "label": "newFolder",
        "type": "Parameter"
      },
      "location-after-char-start": 5133,
      "location-after-char-end": 5153,
      "node-str": "newFolder"
    },
    {
      "type": "insert-node",
      "node": {
        "label": "if",
        "type": "If"
      },
      "location-after-char-start": 5160,
      "location-after-char-end": 5210,
      "node-str": "if"
    },
    {
      "type": "move-subtree",
      "node": {
        "label": "if",
        "type": "If"
      },
      "location-before-char-start": 5184,
      "location-before-char-end": 5240,
      "location-after-char-start": 5215,
      "location-after-char-end": 5271,
      "node-str": "if"
    },
    {
      "type": "move-subtree",
      "node": {
        "label": "\u003d",
        "type": "Assignment"
      },
      "location-before-char-start": 5245,
      "location-before-char-end": 5310,
      "location-after-char-start": 5276,
      "location-after-char-end": 5341,
      "node-str": "\u003d"
    },
    {
      "type": "move-subtree",
      "node": {
        "label": "if",
        "type": "If"
      },
      "location-before-char-start": 5315,
      "location-before-char-end": 5348,
      "location-after-char-start": 5346,
      "location-after-char-end": 5379,
      "node-str": "if"
    },
    {
      "type": "move-subtree",
      "node": {
        "label": "\u003d",
        "type": "Assignment"
      },
      "location-before-char-start": 5352,
      "location-before-char-end": 5375,
      "location-after-char-start": 5383,
      "location-after-char-end": 5406,
      "node-str": "\u003d"
    },
    {
      "type": "move-subtree",
      "node": {
        "label": "setIcon",
        "type": "Invocation"
      },
      "location-before-char-start": 5380,
      "location-before-char-end": 5458,
      "location-after-char-start": 5411,
      "location-after-char-end": 5489,
      "node-str": "setIcon"
    },
    {
      "type": "insert-node",
      "node": {
        "label": "update",
        "type": "Invocation"
      },
      "location-after-char-start": 5494,
      "location-after-char-end": 5502,
      "node-str": "update"
    },
    {
      "type": "insert-node",
      "node": {
        "label": "addFolderListener",
        "type": "Invocation"
      },
      "location-after-char-start": 5507,
      "location-after-char-end": 5540,
      "node-str": "addFolderListener"
    },
    {
      "type": "insert-node",
      "node": {
        "label": "void",
        "type": "RETURN_TYPE"
      },
      "location-after-char-start": 0,
      "location-after-char-end": 0,
      "node-str": "void"
    },
    {
      "type": "insert-node",
      "node": {
        "label": "public",
        "type": "Modifier"
      },
      "location-after-char-start": 0,
      "location-after-char-end": 0,
      "node-str": "public"
    },
    {
      "type": "insert-node",
      "node": {
        "label": "e",
        "type": "Parameter"
      },
      "location-after-char-start": 6052,
      "location-after-char-end": 6074,
      "node-str": "e"
    },
    {
      "type": "insert-node",
      "node": {
        "label": "treeEvent",
        "type": "LocalVariable"
      },
      "location-after-char-start": 6081,
      "location-after-char-end": 6148,
      "node-str": "treeEvent"
    },
    {
      "type": "insert-node",
      "node": {
        "label": "if",
        "type": "If"
      },
      "location-after-char-start": 6330,
      "location-after-char-end": 6512,
      "node-str": "if"
    },
    {
      "type": "insert-node",
      "node": {
        "label": "org.columba.mail.folder.IMailFolder",
        "type": "VARIABLE_TYPE"
      },
      "location-after-char-start": 0,
      "location-after-char-end": 0,
      "node-str": "org.columba.mail.folder.IMailFolder"
    },
    {
      "type": "insert-node",
      "node": {
        "label": "NOT",
        "type": "UnaryOperator"
      },
      "location-after-char-start": 5164,
      "location-after-char-end": 5198,
      "node-str": "NOT"
    },
    {
      "type": "insert-node",
      "node": {
        "label": "THEN",
        "type": "then"
      },
      "location-after-char-start": 5204,
      "location-after-char-end": 5210,
      "node-str": "THEN"
    },
    {
      "type": "insert-node",
      "node": {
        "label": "org.columba.mail.gui.infopanel.FolderInfoPanel",
        "type": "TypeAccess"
      },
      "location-after-char-start": 0,
      "location-after-char-end": 0,
      "node-str": "org.columba.mail.gui.infopanel.FolderInfoPanel"
    },
    {
      "type": "insert-node",
      "node": {
        "label": "newFolder",
        "type": "VariableRead"
      },
      "location-after-char-start": 5507,
      "location-after-char-end": 5515,
      "node-str": "newFolder"
    },
    {
      "type": "insert-node",
      "node": {
        "label": "this",
        "type": "ThisAccess"
      },
      "location-after-char-start": 5535,
      "location-after-char-end": 5538,
      "node-str": "this"
    },
    {
      "type": "insert-node",
      "node": {
        "label": "org.columba.core.gui.selection.SelectionChangedEvent",
        "type": "VARIABLE_TYPE"
      },
      "location-after-char-start": 0,
      "location-after-char-end": 0,
      "node-str": "org.columba.core.gui.selection.SelectionChangedEvent"
    },
    {
      "type": "insert-node",
      "node": {
        "label": "org.columba.mail.gui.tree.selection.TreeSelectionChangedEvent",
        "type": "VARIABLE_TYPE"
      },
      "location-after-char-start": 0,
      "location-after-char-end": 0,
      "node-str": "org.columba.mail.gui.tree.selection.TreeSelectionChangedEvent"
    },
    {
      "type": "insert-node",
      "node": {
        "label": "e",
        "type": "VariableRead"
      },
      "location-after-char-start": 6119,
      "location-after-char-end": 6147,
      "node-str": "e"
    },
    {
      "type": "insert-node",
      "node": {
        "label": "AND",
        "type": "BinaryOperator"
      },
      "location-after-char-start": 6334,
      "location-after-char-end": 6421,
      "node-str": "AND"
    },
    {
      "type": "move-subtree",
      "node": {
        "label": "THEN",
        "type": "then"
      },
      "location-before-char-start": 6406,
      "location-before-char-end": 6476,
      "location-after-char-start": 6424,
      "location-after-char-end": 6481,
      "node-str": "THEN"
    },
    {
      "type": "insert-node",
      "node": {
        "label": "ELSE",
        "type": "else"
      },
      "location-after-char-start": 6488,
      "location-after-char-end": 6512,
      "node-str": "ELSE"
    },
    {
      "type": "insert-node",
      "node": {
        "label": "INSTANCEOF",
        "type": "BinaryOperator"
      },
      "location-after-char-start": 5165,
      "location-after-char-end": 5198,
      "node-str": "INSTANCEOF"
    },
    {
      "type": "insert-node",
      "node": {
        "label": "return",
        "type": "Return"
      },
      "location-after-char-start": 5204,
      "location-after-char-end": 5210,
      "node-str": "return"
    },
    {
      "type": "insert-node",
      "node": {
        "label": "org.columba.mail.gui.infopanel.FolderInfoPanel",
        "type": "TypeAccess"
      },
      "location-after-char-start": 0,
      "location-after-char-end": 0,
      "node-str": "org.columba.mail.gui.infopanel.FolderInfoPanel"
    },
    {
      "type": "move-subtree",
      "node": {
        "label": "NE",
        "type": "BinaryOperator"
      },
      "location-before-char-start": 6303,
      "location-before-char-end": 6336,
      "location-after-char-start": 6334,
      "location-after-char-end": 6367,
      "node-str": "NE"
    },
    {
      "type": "insert-node",
      "node": {
        "label": "INSTANCEOF",
        "type": "BinaryOperator"
      },
      "location-after-char-start": 6376,
      "location-after-char-end": 6421,
      "node-str": "INSTANCEOF"
    },
    {
      "type": "insert-node",
      "node": {
        "label": "resetRenderer",
        "type": "Invocation"
      },
      "location-after-char-start": 6493,
      "location-after-char-end": 6508,
      "node-str": "resetRenderer"
    },
    {
      "type": "insert-node",
      "node": {
        "label": "newFolder",
        "type": "VariableRead"
      },
      "location-after-char-start": 5166,
      "location-after-char-end": 5174,
      "node-str": "newFolder"
    },
    {
      "type": "insert-node",
      "node": {
        "label": "org.columba.mail.folder.IMailFolder",
        "type": "TypeAccess"
      },
      "location-after-char-start": 5187,
      "location-after-char-end": 5197,
      "node-str": "org.columba.mail.folder.IMailFolder"
    },
    {
      "type": "insert-node",
      "node": {
        "label": "",
        "type": "ArrayRead"
      },
      "location-after-char-start": 6376,
      "location-after-char-end": 6401,
      "node-str": ""
    },
    {
      "type": "insert-node",
      "node": {
        "label": "org.columba.mail.folder.IMailbox",
        "type": "TypeAccess"
      },
      "location-after-char-start": 6414,
      "location-after-char-end": 6421,
      "node-str": "org.columba.mail.folder.IMailbox"
    },
    {
      "type": "insert-node",
      "node": {
        "label": "org.columba.mail.gui.infopanel.FolderInfoPanel",
        "type": "TypeAccess"
      },
      "location-after-char-start": 0,
      "location-after-char-end": 0,
      "node-str": "org.columba.mail.gui.infopanel.FolderInfoPanel"
    },
    {
      "type": "insert-node",
      "node": {
        "label": "getSelected",
        "type": "Invocation"
      },
      "location-after-char-start": 6376,
      "location-after-char-end": 6398,
      "node-str": "getSelected"
    },
    {
      "type": "insert-node",
      "node": {
        "label": "0",
        "type": "Literal"
      },
      "location-after-char-start": 6400,
      "location-after-char-end": 6400,
      "node-str": "0"
    },
    {
      "type": "insert-node",
      "node": {
        "label": "treeEvent",
        "type": "VariableRead"
      },
      "location-after-char-start": 6376,
      "location-after-char-end": 6384,
      "node-str": "treeEvent"
    },
    {
      "type": "delete-node",
      "node": {
        "label": "public",
        "type": "Modifier"
      },
      "location-before-char-start": 0,
      "location-before-char-end": 0,
      "node-str": "public"
    },
    {
      "type": "delete-node",
      "node": {
        "label": "org.columba.core.gui.frame.ContainerInfoPanel",
        "type": "SUPER_TYPE"
      },
      "location-before-char-start": 0,
      "location-before-char-end": 0,
      "node-str": "org.columba.core.gui.frame.ContainerInfoPanel"
    },
    {
      "type": "delete-node",
      "node": {
        "label": "",
        "type": "TypeReference"
      },
      "location-before-char-start": 1791,
      "location-before-char-end": 1808,
      "node-str": ""
    },
    {
      "type": "delete-node",
      "node": {
        "label": "javax.swing.JLabel",
        "type": "VARIABLE_TYPE"
      },
      "location-before-char-start": 0,
      "location-before-char-end": 0,
      "node-str": "javax.swing.JLabel"
    },
    {
      "type": "delete-node",
      "node": {
        "label": "leftLabel",
        "type": "Field"
      },
      "location-before-char-start": 1862,
      "location-before-char-end": 1886,
      "node-str": "leftLabel"
    },
    {
      "type": "delete-node",
      "node": {
        "label": "javax.swing.JLabel",
        "type": "VARIABLE_TYPE"
      },
      "location-before-char-start": 0,
      "location-before-char-end": 0,
      "node-str": "javax.swing.JLabel"
    },
    {
      "type": "delete-node",
      "node": {
        "label": "readLabel",
        "type": "Field"
      },
      "location-before-char-start": 1890,
      "location-before-char-end": 1914,
      "node-str": "readLabel"
    },
    {
      "type": "delete-node",
      "node": {
        "label": "javax.swing.JLabel",
        "type": "VARIABLE_TYPE"
      },
      "location-before-char-start": 0,
      "location-before-char-end": 0,
      "node-str": "javax.swing.JLabel"
    },
    {
      "type": "delete-node",
      "node": {
        "label": "unreadLabel",
        "type": "Field"
      },
      "location-before-char-start": 1918,
      "location-before-char-end": 1944,
      "node-str": "unreadLabel"
    },
    {
      "type": "delete-node",
      "node": {
        "label": "javax.swing.JLabel",
        "type": "VARIABLE_TYPE"
      },
      "location-before-char-start": 0,
      "location-before-char-end": 0,
      "node-str": "javax.swing.JLabel"
    },
    {
      "type": "delete-node",
      "node": {
        "label": "recentLabel",
        "type": "Field"
      },
      "location-before-char-start": 1948,
      "location-before-char-end": 1974,
      "node-str": "recentLabel"
    },
    {
      "type": "delete-node",
      "node": {
        "label": "javax.swing.JPanel",
        "type": "VARIABLE_TYPE"
      },
      "location-before-char-start": 0,
      "location-before-char-end": 0,
      "node-str": "javax.swing.JPanel"
    },
    {
      "type": "delete-node",
      "node": {
        "label": "rightPanel",
        "type": "Field"
      },
      "location-before-char-start": 1978,
      "location-before-char-end": 2003,
      "node-str": "rightPanel"
    },
    {
      "type": "delete-node",
      "node": {
        "label": "org.columba.ristretto.message.MailboxInfo",
        "type": "VARIABLE_TYPE"
      },
      "location-before-char-start": 0,
      "location-before-char-end": 0,
      "node-str": "org.columba.ristretto.message.MailboxInfo"
    },
    {
      "type": "delete-node",
      "node": {
        "label": "info",
        "type": "Field"
      },
      "location-before-char-start": 2007,
      "location-before-char-end": 2031,
      "node-str": "info"
    },
    {
      "type": "delete-node",
      "node": {
        "label": "org.columba.mail.folder.IMailFolder",
        "type": "VARIABLE_TYPE"
      },
      "location-before-char-start": 0,
      "location-before-char-end": 0,
      "node-str": "org.columba.mail.folder.IMailFolder"
    },
    {
      "type": "delete-node",
      "node": {
        "label": "folder",
        "type": "Field"
      },
      "location-before-char-start": 2035,
      "location-before-char-end": 2061,
      "node-str": "folder"
    },
    {
      "type": "delete-node",
      "node": {
        "label": "void",
        "type": "RETURN_TYPE"
      },
      "location-before-char-start": 0,
      "location-before-char-end": 0,
      "node-str": "void"
    },
    {
      "type": "delete-node",
      "node": {
        "label": "public",
        "type": "Modifier"
      },
      "location-before-char-start": 0,
      "location-before-char-end": 0,
      "node-str": "public"
    },
    {
      "type": "delete-node",
      "node": {
        "label": "org.columba.mail.folder.IMailFolder",
        "type": "VARIABLE_TYPE"
      },
      "location-before-char-start": 0,
      "location-before-char-end": 0,
      "node-str": "org.columba.mail.folder.IMailFolder"
    },
    {
      "type": "delete-node",
      "node": {
        "label": "newFolder",
        "type": "Parameter"
      },
      "location-before-char-start": 5092,
      "location-before-char-end": 5112,
      "node-str": "newFolder"
    },
    {
      "type": "delete-node",
      "node": {
        "label": "newFolder",
        "type": "VariableRead"
      },
      "location-before-char-start": 5125,
      "location-before-char-end": 5133,
      "node-str": "newFolder"
    },
    {
      "type": "delete-node",
      "node": {
        "label": "org.columba.mail.folder.AbstractMessageFolder",
        "type": "TypeAccess"
      },
      "location-before-char-start": 5146,
      "location-before-char-end": 5166,
      "node-str": "org.columba.mail.folder.AbstractMessageFolder"
    },
    {
      "type": "delete-node",
      "node": {
        "label": "INSTANCEOF",
        "type": "BinaryOperator"
      },
      "location-before-char-start": 5124,
      "location-before-char-end": 5167,
      "node-str": "INSTANCEOF"
    },
    {
      "type": "delete-node",
      "node": {
        "label": "NOT",
        "type": "UnaryOperator"
      },
      "location-before-char-start": 5123,
      "location-before-char-end": 5167,
      "node-str": "NOT"
    },
    {
      "type": "delete-node",
      "node": {
        "label": "return",
        "type": "Return"
      },
      "location-before-char-start": 5173,
      "location-before-char-end": 5179,
      "node-str": "return"
    },
    {
      "type": "delete-node",
      "node": {
        "label": "THEN",
        "type": "then"
      },
      "location-before-char-start": 5173,
      "location-before-char-end": 5179,
      "node-str": "THEN"
    },
    {
      "type": "delete-node",
      "node": {
        "label": "if",
        "type": "If"
      },
      "location-before-char-start": 5119,
      "location-before-char-end": 5179,
      "node-str": "if"
    },
    {
      "type": "delete-node",
      "node": {
        "label": "org.columba.mail.gui.infopanel.FolderInfoPanel",
        "type": "TypeAccess"
      },
      "location-before-char-start": 0,
      "location-before-char-end": 0,
      "node-str": "org.columba.mail.gui.infopanel.FolderInfoPanel"
    },
    {
      "type": "delete-node",
      "node": {
        "label": "update",
        "type": "Invocation"
      },
      "location-before-char-start": 5463,
      "location-before-char-end": 5471,
      "node-str": "update"
    },
    {
      "type": "delete-node",
      "node": {
        "label": "newFolder",
        "type": "VariableRead"
      },
      "location-before-char-start": 5476,
      "location-before-char-end": 5484,
      "node-str": "newFolder"
    },
    {
      "type": "delete-node",
      "node": {
        "label": "org.columba.mail.gui.infopanel.FolderInfoPanel",
        "type": "TypeAccess"
      },
      "location-before-char-start": 0,
      "location-before-char-end": 0,
      "node-str": "org.columba.mail.gui.infopanel.FolderInfoPanel"
    },
    {
      "type": "delete-node",
      "node": {
        "label": "this",
        "type": "ThisAccess"
      },
      "location-before-char-start": 5504,
      "location-before-char-end": 5507,
      "node-str": "this"
    },
    {
      "type": "delete-node",
      "node": {
        "label": "addFolderListener",
        "type": "Invocation"
      },
      "location-before-char-start": 5476,
      "location-before-char-end": 5509,
      "node-str": "addFolderListener"
    },
    {
      "type": "delete-node",
      "node": {
        "label": "setFolder",
        "type": "Method"
      },
      "location-before-char-start": 5070,
      "location-before-char-end": 5512,
      "node-str": "setFolder"
    },
    {
      "type": "delete-node",
      "node": {
        "label": "void",
        "type": "RETURN_TYPE"
      },
      "location-before-char-start": 0,
      "location-before-char-end": 0,
      "node-str": "void"
    },
    {
      "type": "delete-node",
      "node": {
        "label": "public",
        "type": "Modifier"
      },
      "location-before-char-start": 0,
      "location-before-char-end": 0,
      "node-str": "public"
    },
    {
      "type": "delete-node",
      "node": {
        "label": "org.columba.core.gui.selection.SelectionChangedEvent",
        "type": "VARIABLE_TYPE"
      },
      "location-before-char-start": 0,
      "location-before-char-end": 0,
      "node-str": "org.columba.core.gui.selection.SelectionChangedEvent"
    },
    {
      "type": "delete-node",
      "node": {
        "label": "e",
        "type": "Parameter"
      },
      "location-before-char-start": 6021,
      "location-before-char-end": 6043,
      "node-str": "e"
    },
    {
      "type": "delete-node",
      "node": {
        "label": "org.columba.mail.gui.tree.selection.TreeSelectionChangedEvent",
        "type": "VARIABLE_TYPE"
      },
      "location-before-char-start": 0,
      "location-before-char-end": 0,
      "node-str": "org.columba.mail.gui.tree.selection.TreeSelectionChangedEvent"
    },
    {
      "type": "delete-node",
      "node": {
        "label": "e",
        "type": "VariableRead"
      },
      "location-before-char-start": 6088,
      "location-before-char-end": 6116,
      "node-str": "e"
    },
    {
      "type": "delete-node",
      "node": {
        "label": "treeEvent",
        "type": "LocalVariable"
      },
      "location-before-char-start": 6050,
      "location-before-char-end": 6117,
      "node-str": "treeEvent"
    },
    {
      "type": "delete-node",
      "node": {
        "label": "treeEvent",
        "type": "VariableRead"
      },
      "location-before-char-start": 6345,
      "location-before-char-end": 6353,
      "node-str": "treeEvent"
    },
    {
      "type": "delete-node",
      "node": {
        "label": "getSelected",
        "type": "Invocation"
      },
      "location-before-char-start": 6345,
      "location-before-char-end": 6367,
      "node-str": "getSelected"
    },
    {
      "type": "delete-node",
      "node": {
        "label": "0",
        "type": "Literal"
      },
      "location-before-char-start": 6369,
      "location-before-char-end": 6369,
      "node-str": "0"
    },
    {
      "type": "delete-node",
      "node": {
        "label": "",
        "type": "ArrayRead"
      },
      "location-before-char-start": 6345,
      "location-before-char-end": 6370,
      "node-str": ""
    },
    {
      "type": "delete-node",
      "node": {
        "label": "org.columba.mail.folder.AbstractMessageFolder",
        "type": "TypeAccess"
      },
      "location-before-char-start": 6383,
      "location-before-char-end": 6403,
      "node-str": "org.columba.mail.folder.AbstractMessageFolder"
    },
    {
      "type": "delete-node",
      "node": {
        "label": "INSTANCEOF",
        "type": "BinaryOperator"
      },
      "location-before-char-start": 6345,
      "location-before-char-end": 6403,
      "node-str": "INSTANCEOF"
    },
    {
      "type": "delete-node",
      "node": {
        "label": "AND",
        "type": "BinaryOperator"
      },
      "location-before-char-start": 6303,
      "location-before-char-end": 6403,
      "node-str": "AND"
    },
    {
      "type": "delete-node",
      "node": {
        "label": "org.columba.mail.gui.infopanel.FolderInfoPanel",
        "type": "TypeAccess"
      },
      "location-before-char-start": 0,
      "location-before-char-end": 0,
      "node-str": "org.columba.mail.gui.infopanel.FolderInfoPanel"
    },
    {
      "type": "delete-node",
      "node": {
        "label": "resetRenderer",
        "type": "Invocation"
      },
      "location-before-char-start": 6488,
      "location-before-char-end": 6503,
      "node-str": "resetRenderer"
    },
    {
      "type": "delete-node",
      "node": {
        "label": "ELSE",
        "type": "else"
      },
      "location-before-char-start": 6483,
      "location-before-char-end": 6507,
      "node-str": "ELSE"
    },
    {
      "type": "delete-node",
      "node": {
        "label": "if",
        "type": "If"
      },
      "location-before-char-start": 6299,
      "location-before-char-end": 6507,
      "node-str": "if"
    },
    {
      "type": "delete-node",
      "node": {
        "label": "selectionChanged",
        "type": "Method"
      },
      "location-before-char-start": 5992,
      "location-before-char-end": 6510,
      "node-str": "selectionChanged"
    },
    {
      "type": "delete-node",
      "node": {
        "label": "FolderInfoPanel",
        "type": "Class"
      },
      "location-before-char-start": 1657,
      "location-before-char-end": 6956,
      "node-str": "FolderInfoPanel"
    }
  ],
  "before-file": {},
  "after-file": {},
  "mapping": {}
}