{
  "tool-info": {},
  "diff": [
    {
      "type": "insert-node",
      "node": {
        "label": "",
        "type": "PackageDeclaration"
      },
      "location-after-char-start": 119,
      "location-after-char-end": 149,
      "node-str": ""
    },
    {
      "type": "insert-node",
      "node": {
        "label": "",
        "type": "ImportDeclaration"
      },
      "location-after-char-start": 151,
      "location-after-char-end": 199,
      "node-str": ""
    },
    {
      "type": "insert-node",
      "node": {
        "label": "",
        "type": "ImportDeclaration"
      },
      "location-after-char-start": 200,
      "location-after-char-end": 239,
      "node-str": ""
    },
    {
      "type": "insert-node",
      "node": {
        "label": "",
        "type": "ImportDeclaration"
      },
      "location-after-char-start": 240,
      "location-after-char-end": 272,
      "node-str": ""
    },
    {
      "type": "insert-node",
      "node": {
        "label": "",
        "type": "ImportDeclaration"
      },
      "location-after-char-start": 273,
      "location-after-char-end": 308,
      "node-str": ""
    },
    {
      "type": "insert-node",
      "node": {
        "label": "",
        "type": "ImportDeclaration"
      },
      "location-after-char-start": 309,
      "location-after-char-end": 347,
      "node-str": ""
    },
    {
      "type": "insert-node",
      "node": {
        "label": "",
        "type": "ImportDeclaration"
      },
      "location-after-char-start": 348,
      "location-after-char-end": 385,
      "node-str": ""
    },
    {
      "type": "insert-node",
      "node": {
        "label": "",
        "type": "ImportDeclaration"
      },
      "location-after-char-start": 386,
      "location-after-char-end": 436,
      "node-str": ""
    },
    {
      "type": "insert-node",
      "node": {
        "label": "",
        "type": "ImportDeclaration"
      },
      "location-after-char-start": 437,
      "location-after-char-end": 474,
      "node-str": ""
    },
    {
      "type": "insert-node",
      "node": {
        "label": "",
        "type": "ImportDeclaration"
      },
      "location-after-char-start": 475,
      "location-after-char-end": 502,
      "node-str": ""
    },
    {
      "type": "insert-node",
      "node": {
        "label": "",
        "type": "ImportDeclaration"
      },
      "location-after-char-start": 504,
      "location-after-char-end": 527,
      "node-str": ""
    },
    {
      "type": "insert-node",
      "node": {
        "label": "",
        "type": "ImportDeclaration"
      },
      "location-after-char-start": 528,
      "location-after-char-end": 555,
      "node-str": ""
    },
    {
      "type": "insert-node",
      "node": {
        "label": "",
        "type": "ImportDeclaration"
      },
      "location-after-char-start": 556,
      "location-after-char-end": 583,
      "node-str": ""
    },
    {
      "type": "insert-node",
      "node": {
        "label": "org.jboss.ejb.plugins",
        "type": "QualifiedName"
      },
      "location-after-char-start": 127,
      "location-after-char-end": 148,
      "node-str": "org.jboss.ejb.plugins"
    },
    {
      "type": "insert-node",
      "node": {
        "label": "org.jboss.deployment.DeploymentException",
        "type": "QualifiedName"
      },
      "location-after-char-start": 158,
      "location-after-char-end": 198,
      "node-str": "org.jboss.deployment.DeploymentException"
    },
    {
      "type": "insert-node",
      "node": {
        "label": "org.jboss.ejb.EnterpriseContext",
        "type": "QualifiedName"
      },
      "location-after-char-start": 207,
      "location-after-char-end": 238,
      "node-str": "org.jboss.ejb.EnterpriseContext"
    },
    {
      "type": "insert-node",
      "node": {
        "label": "org.jboss.logging.Logger",
        "type": "QualifiedName"
      },
      "location-after-char-start": 247,
      "location-after-char-end": 271,
      "node-str": "org.jboss.logging.Logger"
    },
    {
      "type": "insert-node",
      "node": {
        "label": "org.jboss.metadata.MetaData",
        "type": "QualifiedName"
      },
      "location-after-char-start": 280,
      "location-after-char-end": 307,
      "node-str": "org.jboss.metadata.MetaData"
    },
    {
      "type": "insert-node",
      "node": {
        "label": "org.jboss.metadata.XmlLoadable",
        "type": "QualifiedName"
      },
      "location-after-char-start": 316,
      "location-after-char-end": 346,
      "node-str": "org.jboss.metadata.XmlLoadable"
    },
    {
      "type": "insert-node",
      "node": {
        "label": "org.jboss.monitor.Monitorable",
        "type": "QualifiedName"
      },
      "location-after-char-start": 355,
      "location-after-char-end": 384,
      "node-str": "org.jboss.monitor.Monitorable"
    },
    {
      "type": "insert-node",
      "node": {
        "label": "org.jboss.monitor.client.BeanCacheSnapshot",
        "type": "QualifiedName"
      },
      "location-after-char-start": 393,
      "location-after-char-end": 435,
      "node-str": "org.jboss.monitor.client.BeanCacheSnapshot"
    },
    {
      "type": "insert-node",
      "node": {
        "label": "org.jboss.util.LRUCachePolicy",
        "type": "QualifiedName"
      },
      "location-after-char-start": 444,
      "location-after-char-end": 473,
      "node-str": "org.jboss.util.LRUCachePolicy"
    },
    {
      "type": "insert-node",
      "node": {
        "label": "org.w3c.dom.Element",
        "type": "QualifiedName"
      },
      "location-after-char-start": 482,
      "location-after-char-end": 501,
      "node-str": "org.w3c.dom.Element"
    },
    {
      "type": "insert-node",
      "node": {
        "label": "java.util.Timer",
        "type": "QualifiedName"
      },
      "location-after-char-start": 511,
      "location-after-char-end": 526,
      "node-str": "java.util.Timer"
    },
    {
      "type": "insert-node",
      "node": {
        "label": "java.util.TimerTask",
        "type": "QualifiedName"
      },
      "location-after-char-start": 535,
      "location-after-char-end": 554,
      "node-str": "java.util.TimerTask"
    },
    {
      "type": "insert-node",
      "node": {
        "label": "java.util.ArrayList",
        "type": "QualifiedName"
      },
      "location-after-char-start": 563,
      "location-after-char-end": 582,
      "node-str": "java.util.ArrayList"
    },
    {
      "type": "insert-node",
      "node": {
        "label": "",
        "type": "Javadoc"
      },
      "location-after-char-start": 585,
      "location-after-char-end": 837,
      "node-str": ""
    },
    {
      "type": "insert-node",
      "node": {
        "label": "public",
        "type": "Modifier"
      },
      "location-after-char-start": 838,
      "location-after-char-end": 844,
      "node-str": "public"
    },
    {
      "type": "insert-node",
      "node": {
        "label": "class",
        "type": "TYPE_DECLARATION_KIND"
      },
      "location-after-char-start": 845,
      "location-after-char-end": 850,
      "node-str": "class"
    },
    {
      "type": "insert-node",
      "node": {
        "label": "LRUEnterpriseContextCachePolicy",
        "type": "SimpleName"
      },
      "location-after-char-start": 851,
      "location-after-char-end": 882,
      "node-str": "LRUEnterpriseContextCachePolicy"
    },
    {
      "type": "insert-node",
      "node": {
        "label": "",
        "type": "SimpleType"
      },
      "location-after-char-start": 899,
      "location-after-char-end": 913,
      "node-str": ""
    },
    {
      "type": "insert-node",
      "node": {
        "label": "",
        "type": "SimpleType"
      },
      "location-after-char-start": 933,
      "location-after-char-end": 944,
      "node-str": ""
    },
    {
      "type": "insert-node",
      "node": {
        "label": "",
        "type": "SimpleType"
      },
      "location-after-char-start": 946,
      "location-after-char-end": 957,
      "node-str": ""
    },
    {
      "type": "insert-node",
      "node": {
        "label": "",
        "type": "TagElement"
      },
      "location-after-char-start": 592,
      "location-after-char-end": 648,
      "node-str": ""
    },
    {
      "type": "insert-node",
      "node": {
        "label": "",
        "type": "TagElement"
      },
      "location-after-char-start": 655,
      "location-after-char-end": 681,
      "node-str": ""
    },
    {
      "type": "insert-node",
      "node": {
        "label": "",
        "type": "TagElement"
      },
      "location-after-char-start": 685,
      "location-after-char-end": 752,
      "node-str": ""
    },
    {
      "type": "insert-node",
      "node": {
        "label": "",
        "type": "TagElement"
      },
      "location-after-char-start": 756,
      "location-after-char-end": 810,
      "node-str": ""
    },
    {
      "type": "insert-node",
      "node": {
        "label": "",
        "type": "TagElement"
      },
      "location-after-char-start": 814,
      "location-after-char-end": 833,
      "node-str": ""
    },
    {
      "type": "insert-node",
      "node": {
        "label": "LRUCachePolicy",
        "type": "SimpleName"
      },
      "location-after-char-start": 899,
      "location-after-char-end": 913,
      "node-str": "LRUCachePolicy"
    },
    {
      "type": "insert-node",
      "node": {
        "label": "XmlLoadable",
        "type": "SimpleName"
      },
      "location-after-char-start": 933,
      "location-after-char-end": 944,
      "node-str": "XmlLoadable"
    },
    {
      "type": "insert-node",
      "node": {
        "label": "Monitorable",
        "type": "SimpleName"
      },
      "location-after-char-start": 946,
      "location-after-char-end": 957,
      "node-str": "Monitorable"
    },
    {
      "type": "insert-node",
      "node": {
        "label": "",
        "type": "Javadoc"
      },
      "location-after-char-start": 12234,
      "location-after-char-end": 12328,
      "node-str": ""
    },
    {
      "type": "insert-node",
      "node": {
        "label": "protected",
        "type": "Modifier"
      },
      "location-after-char-start": 12332,
      "location-after-char-end": 12341,
      "node-str": "protected"
    },
    {
      "type": "insert-node",
      "node": {
        "label": "class",
        "type": "TYPE_DECLARATION_KIND"
      },
      "location-after-char-start": 12342,
      "location-after-char-end": 12347,
      "node-str": "class"
    },
    {
      "type": "insert-node",
      "node": {
        "label": "OveragerTask",
        "type": "SimpleName"
      },
      "location-after-char-start": 12348,
      "location-after-char-end": 12360,
      "node-str": "OveragerTask"
    },
    {
      "type": "insert-node",
      "node": {
        "label": "",
        "type": "SimpleType"
      },
      "location-after-char-start": 12369,
      "location-after-char-end": 12378,
      "node-str": ""
    },
    {
      "type": "insert-node",
      "node": {
        "label": "",
        "type": "FieldDeclaration"
      },
      "location-after-char-start": 12390,
      "location-after-char-end": 12415,
      "node-str": ""
    },
    {
      "type": "insert-node",
      "node": {
        "label": "",
        "type": "FieldDeclaration"
      },
      "location-after-char-start": 12422,
      "location-after-char-end": 12452,
      "node-str": ""
    },
    {
      "type": "insert-node",
      "node": {
        "label": "Least Recently Used cache policy for EnterpriseContexts.",
        "type": "TextElement"
      },
      "location-after-char-start": 592,
      "location-after-char-end": 648,
      "node-str": "Least Recently Used cache policy for EnterpriseContexts."
    },
    {
      "type": "insert-node",
      "node": {
        "label": "AbstractInstanceCache",
        "type": "SimpleName"
      },
      "location-after-char-start": 660,
      "location-after-char-end": 681,
      "node-str": "AbstractInstanceCache"
    },
    {
      "type": "insert-node",
      "node": {
        "label": " \u003ca href\u003d\"mailto:simone.bordet@compaq.com\"\u003eSimone Bordet\u003c/a\u003e",
        "type": "TextElement"
      },
      "location-after-char-start": 692,
      "location-after-char-end": 752,
      "node-str": " \u003ca href\u003d\"mailto:simone.bordet@compaq.com\"\u003eSimone Bordet\u003c/a\u003e"
    },
    {
      "type": "insert-node",
      "node": {
        "label": " \u003ca href\u003d\"mailto:bill@jboss.org\"\u003eBill Burke\u003c/a\u003e",
        "type": "TextElement"
      },
      "location-after-char-start": 763,
      "location-after-char-end": 810,
      "node-str": " \u003ca href\u003d\"mailto:bill@jboss.org\"\u003eBill Burke\u003c/a\u003e"
    },
    {
      "type": "insert-node",
      "node": {
        "label": " $Revision$",
        "type": "TextElement"
      },
      "location-after-char-start": 822,
      "location-after-char-end": 833,
      "node-str": " $Revision$"
    },
    {
      "type": "insert-node",
      "node": {
        "label": "",
        "type": "TagElement"
      },
      "location-after-char-start": 12244,
      "location-after-char-end": 12321,
      "node-str": ""
    },
    {
      "type": "insert-node",
      "node": {
        "label": "TimerTask",
        "type": "SimpleName"
      },
      "location-after-char-start": 12369,
      "location-after-char-end": 12378,
      "node-str": "TimerTask"
    },
    {
      "type": "insert-node",
      "node": {
        "label": "private",
        "type": "Modifier"
      },
      "location-after-char-start": 12390,
      "location-after-char-end": 12397,
      "node-str": "private"
    },
    {
      "type": "insert-node",
      "node": {
        "label": "",
        "type": "SimpleType"
      },
      "location-after-char-start": 12398,
      "location-after-char-end": 12404,
      "node-str": ""
    },
    {
      "type": "insert-node",
      "node": {
        "label": "",
        "type": "VariableDeclarationFragment"
      },
      "location-after-char-start": 12405,
      "location-after-char-end": 12414,
      "node-str": ""
    },
    {
      "type": "insert-node",
      "node": {
        "label": "private",
        "type": "Modifier"
      },
      "location-after-char-start": 12422,
      "location-after-char-end": 12429,
      "node-str": "private"
    },
    {
      "type": "insert-node",
      "node": {
        "label": "",
        "type": "SimpleType"
      },
      "location-after-char-start": 12430,
      "location-after-char-end": 12442,
      "node-str": ""
    },
    {
      "type": "insert-node",
      "node": {
        "label": "",
        "type": "VariableDeclarationFragment"
      },
      "location-after-char-start": 12443,
      "location-after-char-end": 12451,
      "node-str": ""
    },
    {
      "type": "insert-node",
      "node": {
        "label": "This TimerTask passivates cached beans that have not been called for a while.",
        "type": "TextElement"
      },
      "location-after-char-start": 12244,
      "location-after-char-end": 12321,
      "node-str": "This TimerTask passivates cached beans that have not been called for a while."
    },
    {
      "type": "insert-node",
      "node": {
        "label": "String",
        "type": "SimpleName"
      },
      "location-after-char-start": 12398,
      "location-after-char-end": 12404,
      "node-str": "String"
    },
    {
      "type": "insert-node",
      "node": {
        "label": "m_message",
        "type": "SimpleName"
      },
      "location-after-char-start": 12405,
      "location-after-char-end": 12414,
      "node-str": "m_message"
    },
    {
      "type": "insert-node",
      "node": {
        "label": "StringBuffer",
        "type": "SimpleName"
      },
      "location-after-char-start": 12430,
      "location-after-char-end": 12442,
      "node-str": "StringBuffer"
    },
    {
      "type": "insert-node",
      "node": {
        "label": "m_buffer",
        "type": "SimpleName"
      },
      "location-after-char-start": 12443,
      "location-after-char-end": 12451,
      "node-str": "m_buffer"
    },
    {
      "type": "insert-node",
      "node": {
        "label": "",
        "type": "ExpressionStatement"
      },
      "location-after-char-start": 13844,
      "location-after-char-end": 14012,
      "node-str": ""
    },
    {
      "type": "insert-node",
      "node": {
        "label": "",
        "type": "BreakStatement"
      },
      "location-after-char-start": 14037,
      "location-after-char-end": 14043,
      "node-str": ""
    },
    {
      "type": "update-node",
      "node": {
        "label": "entry.m_object",
        "type": "QualifiedName"
      },
      "location-before-char-start": 13637,
      "location-before-char-end": 13651,
      "location-after-char-start": 13637,
      "location-after-char-end": 13648,
      "node-str": "entry.m_key"
    },
    {
      "type": "insert-node",
      "node": {
        "label": "",
        "type": "MethodInvocation"
      },
      "location-after-char-start": 13844,
      "location-after-char-end": 14011,
      "node-str": ""
    },
    {
      "type": "insert-node",
      "node": {
        "label": "",
        "type": "METHOD_INVOCATION_RECEIVER"
      },
      "location-after-char-start": 13844,
      "location-after-char-end": 13847,
      "node-str": ""
    },
    {
      "type": "insert-node",
      "node": {
        "label": "error",
        "type": "SimpleName"
      },
      "location-after-char-start": 13848,
      "location-after-char-end": 13853,
      "node-str": "error"
    },
    {
      "type": "insert-node",
      "node": {
        "label": "",
        "type": "METHOD_INVOCATION_ARGUMENTS"
      },
      "location-after-char-start": 13854,
      "location-after-char-end": 14010,
      "node-str": ""
    },
    {
      "type": "update-node",
      "node": {
        "label": "IllegalStateException",
        "type": "SimpleName"
      },
      "location-before-char-start": 13857,
      "location-before-char-end": 13878,
      "location-after-char-start": 13844,
      "location-after-char-end": 13847,
      "node-str": "log"
    },
    {
      "type": "move-subtree",
      "node": {
        "label": "IllegalStateException",
        "type": "SimpleName"
      },
      "location-before-char-start": 13857,
      "location-before-char-end": 13878,
      "location-after-char-start": 13844,
      "location-after-char-end": 13847,
      "node-str": "log"
    },
    {
      "type": "insert-node",
      "node": {
        "label": "",
        "type": "InfixExpression"
      },
      "location-after-char-start": 13854,
      "location-after-char-end": 14010,
      "node-str": ""
    },
    {
      "type": "update-node",
      "node": {
        "label": "\"Cache synchronization bug\"",
        "type": "StringLiteral"
      },
      "location-before-char-start": 13912,
      "location-before-char-end": 13939,
      "location-after-char-start": 13854,
      "location-after-char-end": 13895,
      "node-str": "\"Cache synchronization bug, initialSize\u003d\""
    },
    {
      "type": "move-subtree",
      "node": {
        "label": "\"Cache synchronization bug\"",
        "type": "StringLiteral"
      },
      "location-before-char-start": 13912,
      "location-before-char-end": 13939,
      "location-after-char-start": 13854,
      "location-after-char-end": 13895,
      "node-str": "\"Cache synchronization bug, initialSize\u003d\""
    },
    {
      "type": "insert-node",
      "node": {
        "label": "+",
        "type": "INFIX_EXPRESSION_OPERATOR"
      },
      "location-after-char-start": 13923,
      "location-after-char-end": 13924,
      "node-str": "+"
    },
    {
      "type": "insert-node",
      "node": {
        "label": "initialSize",
        "type": "SimpleName"
      },
      "location-after-char-start": 13925,
      "location-after-char-end": 13936,
      "node-str": "initialSize"
    },
    {
      "type": "insert-node",
      "node": {
        "label": "\", finalSize\u003d\"",
        "type": "StringLiteral"
      },
      "location-after-char-start": 13938,
      "location-after-char-end": 13952,
      "node-str": "\", finalSize\u003d\""
    },
    {
      "type": "insert-node",
      "node": {
        "label": "finalSize",
        "type": "SimpleName"
      },
      "location-after-char-start": 13955,
      "location-after-char-end": 13964,
      "node-str": "finalSize"
    },
    {
      "type": "insert-node",
      "node": {
        "label": "\", entry\u003d\"",
        "type": "StringLiteral"
      },
      "location-after-char-start": 13994,
      "location-after-char-end": 14004,
      "node-str": "\", entry\u003d\""
    },
    {
      "type": "insert-node",
      "node": {
        "label": "entry",
        "type": "SimpleName"
      },
      "location-after-char-start": 14005,
      "location-after-char-end": 14010,
      "node-str": "entry"
    },
    {
      "type": "delete-node",
      "node": {
        "label": "org.jboss.ejb.plugins",
        "type": "QualifiedName"
      },
      "location-before-char-start": 127,
      "location-before-char-end": 148,
      "node-str": "org.jboss.ejb.plugins"
    },
    {
      "type": "delete-node",
      "node": {
        "label": "",
        "type": "PackageDeclaration"
      },
      "location-before-char-start": 119,
      "location-before-char-end": 149,
      "node-str": ""
    },
    {
      "type": "delete-node",
      "node": {
        "label": "org.jboss.deployment.DeploymentException",
        "type": "QualifiedName"
      },
      "location-before-char-start": 158,
      "location-before-char-end": 198,
      "node-str": "org.jboss.deployment.DeploymentException"
    },
    {
      "type": "delete-node",
      "node": {
        "label": "",
        "type": "ImportDeclaration"
      },
      "location-before-char-start": 151,
      "location-before-char-end": 199,
      "node-str": ""
    },
    {
      "type": "delete-node",
      "node": {
        "label": "org.jboss.ejb.EnterpriseContext",
        "type": "QualifiedName"
      },
      "location-before-char-start": 207,
      "location-before-char-end": 238,
      "node-str": "org.jboss.ejb.EnterpriseContext"
    },
    {
      "type": "delete-node",
      "node": {
        "label": "",
        "type": "ImportDeclaration"
      },
      "location-before-char-start": 200,
      "location-before-char-end": 239,
      "node-str": ""
    },
    {
      "type": "delete-node",
      "node": {
        "label": "org.jboss.logging.Logger",
        "type": "QualifiedName"
      },
      "location-before-char-start": 247,
      "location-before-char-end": 271,
      "node-str": "org.jboss.logging.Logger"
    },
    {
      "type": "delete-node",
      "node": {
        "label": "",
        "type": "ImportDeclaration"
      },
      "location-before-char-start": 240,
      "location-before-char-end": 272,
      "node-str": ""
    },
    {
      "type": "delete-node",
      "node": {
        "label": "org.jboss.metadata.MetaData",
        "type": "QualifiedName"
      },
      "location-before-char-start": 280,
      "location-before-char-end": 307,
      "node-str": "org.jboss.metadata.MetaData"
    },
    {
      "type": "delete-node",
      "node": {
        "label": "",
        "type": "ImportDeclaration"
      },
      "location-before-char-start": 273,
      "location-before-char-end": 308,
      "node-str": ""
    },
    {
      "type": "delete-node",
      "node": {
        "label": "org.jboss.metadata.XmlLoadable",
        "type": "QualifiedName"
      },
      "location-before-char-start": 316,
      "location-before-char-end": 346,
      "node-str": "org.jboss.metadata.XmlLoadable"
    },
    {
      "type": "delete-node",
      "node": {
        "label": "",
        "type": "ImportDeclaration"
      },
      "location-before-char-start": 309,
      "location-before-char-end": 347,
      "node-str": ""
    },
    {
      "type": "delete-node",
      "node": {
        "label": "org.jboss.monitor.Monitorable",
        "type": "QualifiedName"
      },
      "location-before-char-start": 355,
      "location-before-char-end": 384,
      "node-str": "org.jboss.monitor.Monitorable"
    },
    {
      "type": "delete-node",
      "node": {
        "label": "",
        "type": "ImportDeclaration"
      },
      "location-before-char-start": 348,
      "location-before-char-end": 385,
      "node-str": ""
    },
    {
      "type": "delete-node",
      "node": {
        "label": "org.jboss.monitor.client.BeanCacheSnapshot",
        "type": "QualifiedName"
      },
      "location-before-char-start": 393,
      "location-before-char-end": 435,
      "node-str": "org.jboss.monitor.client.BeanCacheSnapshot"
    },
    {
      "type": "delete-node",
      "node": {
        "label": "",
        "type": "ImportDeclaration"
      },
      "location-before-char-start": 386,
      "location-before-char-end": 436,
      "node-str": ""
    },
    {
      "type": "delete-node",
      "node": {
        "label": "org.jboss.util.LRUCachePolicy",
        "type": "QualifiedName"
      },
      "location-before-char-start": 444,
      "location-before-char-end": 473,
      "node-str": "org.jboss.util.LRUCachePolicy"
    },
    {
      "type": "delete-node",
      "node": {
        "label": "",
        "type": "ImportDeclaration"
      },
      "location-before-char-start": 437,
      "location-before-char-end": 474,
      "node-str": ""
    },
    {
      "type": "delete-node",
      "node": {
        "label": "org.w3c.dom.Element",
        "type": "QualifiedName"
      },
      "location-before-char-start": 482,
      "location-before-char-end": 501,
      "node-str": "org.w3c.dom.Element"
    },
    {
      "type": "delete-node",
      "node": {
        "label": "",
        "type": "ImportDeclaration"
      },
      "location-before-char-start": 475,
      "location-before-char-end": 502,
      "node-str": ""
    },
    {
      "type": "delete-node",
      "node": {
        "label": "java.util.Timer",
        "type": "QualifiedName"
      },
      "location-before-char-start": 511,
      "location-before-char-end": 526,
      "node-str": "java.util.Timer"
    },
    {
      "type": "delete-node",
      "node": {
        "label": "",
        "type": "ImportDeclaration"
      },
      "location-before-char-start": 504,
      "location-before-char-end": 527,
      "node-str": ""
    },
    {
      "type": "delete-node",
      "node": {
        "label": "java.util.TimerTask",
        "type": "QualifiedName"
      },
      "location-before-char-start": 535,
      "location-before-char-end": 554,
      "node-str": "java.util.TimerTask"
    },
    {
      "type": "delete-node",
      "node": {
        "label": "",
        "type": "ImportDeclaration"
      },
      "location-before-char-start": 528,
      "location-before-char-end": 555,
      "node-str": ""
    },
    {
      "type": "delete-node",
      "node": {
        "label": "java.util.ArrayList",
        "type": "QualifiedName"
      },
      "location-before-char-start": 563,
      "location-before-char-end": 582,
      "node-str": "java.util.ArrayList"
    },
    {
      "type": "delete-node",
      "node": {
        "label": "",
        "type": "ImportDeclaration"
      },
      "location-before-char-start": 556,
      "location-before-char-end": 583,
      "node-str": ""
    },
    {
      "type": "delete-node",
      "node": {
        "label": "Least Recently Used cache policy for EnterpriseContexts.",
        "type": "TextElement"
      },
      "location-before-char-start": 592,
      "location-before-char-end": 648,
      "node-str": "Least Recently Used cache policy for EnterpriseContexts."
    },
    {
      "type": "delete-node",
      "node": {
        "label": "",
        "type": "TagElement"
      },
      "location-before-char-start": 592,
      "location-before-char-end": 648,
      "node-str": ""
    },
    {
      "type": "delete-node",
      "node": {
        "label": "AbstractInstanceCache",
        "type": "SimpleName"
      },
      "location-before-char-start": 660,
      "location-before-char-end": 681,
      "node-str": "AbstractInstanceCache"
    },
    {
      "type": "delete-node",
      "node": {
        "label": "",
        "type": "TagElement"
      },
      "location-before-char-start": 655,
      "location-before-char-end": 681,
      "node-str": ""
    },
    {
      "type": "delete-node",
      "node": {
        "label": " \u003ca href\u003d\"mailto:simone.bordet@compaq.com\"\u003eSimone Bordet\u003c/a\u003e",
        "type": "TextElement"
      },
      "location-before-char-start": 692,
      "location-before-char-end": 752,
      "node-str": " \u003ca href\u003d\"mailto:simone.bordet@compaq.com\"\u003eSimone Bordet\u003c/a\u003e"
    },
    {
      "type": "delete-node",
      "node": {
        "label": "",
        "type": "TagElement"
      },
      "location-before-char-start": 685,
      "location-before-char-end": 752,
      "node-str": ""
    },
    {
      "type": "delete-node",
      "node": {
        "label": " \u003ca href\u003d\"mailto:bill@jboss.org\"\u003eBill Burke\u003c/a\u003e",
        "type": "TextElement"
      },
      "location-before-char-start": 763,
      "location-before-char-end": 810,
      "node-str": " \u003ca href\u003d\"mailto:bill@jboss.org\"\u003eBill Burke\u003c/a\u003e"
    },
    {
      "type": "delete-node",
      "node": {
        "label": "",
        "type": "TagElement"
      },
      "location-before-char-start": 756,
      "location-before-char-end": 810,
      "node-str": ""
    },
    {
      "type": "delete-node",
      "node": {
        "label": " $Revision$",
        "type": "TextElement"
      },
      "location-before-char-start": 822,
      "location-before-char-end": 833,
      "node-str": " $Revision$"
    },
    {
      "type": "delete-node",
      "node": {
        "label": "",
        "type": "TagElement"
      },
      "location-before-char-start": 814,
      "location-before-char-end": 833,
      "node-str": ""
    },
    {
      "type": "delete-node",
      "node": {
        "label": "",
        "type": "Javadoc"
      },
      "location-before-char-start": 585,
      "location-before-char-end": 837,
      "node-str": ""
    },
    {
      "type": "delete-node",
      "node": {
        "label": "public",
        "type": "Modifier"
      },
      "location-before-char-start": 838,
      "location-before-char-end": 844,
      "node-str": "public"
    },
    {
      "type": "delete-node",
      "node": {
        "label": "class",
        "type": "TYPE_DECLARATION_KIND"
      },
      "location-before-char-start": 845,
      "location-before-char-end": 850,
      "node-str": "class"
    },
    {
      "type": "delete-node",
      "node": {
        "label": "LRUEnterpriseContextCachePolicy",
        "type": "SimpleName"
      },
      "location-before-char-start": 851,
      "location-before-char-end": 882,
      "node-str": "LRUEnterpriseContextCachePolicy"
    },
    {
      "type": "delete-node",
      "node": {
        "label": "LRUCachePolicy",
        "type": "SimpleName"
      },
      "location-before-char-start": 899,
      "location-before-char-end": 913,
      "node-str": "LRUCachePolicy"
    },
    {
      "type": "delete-node",
      "node": {
        "label": "",
        "type": "SimpleType"
      },
      "location-before-char-start": 899,
      "location-before-char-end": 913,
      "node-str": ""
    },
    {
      "type": "delete-node",
      "node": {
        "label": "XmlLoadable",
        "type": "SimpleName"
      },
      "location-before-char-start": 933,
      "location-before-char-end": 944,
      "node-str": "XmlLoadable"
    },
    {
      "type": "delete-node",
      "node": {
        "label": "",
        "type": "SimpleType"
      },
      "location-before-char-start": 933,
      "location-before-char-end": 944,
      "node-str": ""
    },
    {
      "type": "delete-node",
      "node": {
        "label": "Monitorable",
        "type": "SimpleName"
      },
      "location-before-char-start": 946,
      "location-before-char-end": 957,
      "node-str": "Monitorable"
    },
    {
      "type": "delete-node",
      "node": {
        "label": "",
        "type": "SimpleType"
      },
      "location-before-char-start": 946,
      "location-before-char-end": 957,
      "node-str": ""
    },
    {
      "type": "delete-node",
      "node": {
        "label": "This TimerTask passivates cached beans that have not been called for a while.",
        "type": "TextElement"
      },
      "location-before-char-start": 12244,
      "location-before-char-end": 12321,
      "node-str": "This TimerTask passivates cached beans that have not been called for a while."
    },
    {
      "type": "delete-node",
      "node": {
        "label": "",
        "type": "TagElement"
      },
      "location-before-char-start": 12244,
      "location-before-char-end": 12321,
      "node-str": ""
    },
    {
      "type": "delete-node",
      "node": {
        "label": "",
        "type": "Javadoc"
      },
      "location-before-char-start": 12234,
      "location-before-char-end": 12328,
      "node-str": ""
    },
    {
      "type": "delete-node",
      "node": {
        "label": "protected",
        "type": "Modifier"
      },
      "location-before-char-start": 12332,
      "location-before-char-end": 12341,
      "node-str": "protected"
    },
    {
      "type": "delete-node",
      "node": {
        "label": "class",
        "type": "TYPE_DECLARATION_KIND"
      },
      "location-before-char-start": 12342,
      "location-before-char-end": 12347,
      "node-str": "class"
    },
    {
      "type": "delete-node",
      "node": {
        "label": "OveragerTask",
        "type": "SimpleName"
      },
      "location-before-char-start": 12348,
      "location-before-char-end": 12360,
      "node-str": "OveragerTask"
    },
    {
      "type": "delete-node",
      "node": {
        "label": "TimerTask",
        "type": "SimpleName"
      },
      "location-before-char-start": 12369,
      "location-before-char-end": 12378,
      "node-str": "TimerTask"
    },
    {
      "type": "delete-node",
      "node": {
        "label": "",
        "type": "SimpleType"
      },
      "location-before-char-start": 12369,
      "location-before-char-end": 12378,
      "node-str": ""
    },
    {
      "type": "delete-node",
      "node": {
        "label": "private",
        "type": "Modifier"
      },
      "location-before-char-start": 12390,
      "location-before-char-end": 12397,
      "node-str": "private"
    },
    {
      "type": "delete-node",
      "node": {
        "label": "String",
        "type": "SimpleName"
      },
      "location-before-char-start": 12398,
      "location-before-char-end": 12404,
      "node-str": "String"
    },
    {
      "type": "delete-node",
      "node": {
        "label": "",
        "type": "SimpleType"
      },
      "location-before-char-start": 12398,
      "location-before-char-end": 12404,
      "node-str": ""
    },
    {
      "type": "delete-node",
      "node": {
        "label": "m_message",
        "type": "SimpleName"
      },
      "location-before-char-start": 12405,
      "location-before-char-end": 12414,
      "node-str": "m_message"
    },
    {
      "type": "delete-node",
      "node": {
        "label": "",
        "type": "VariableDeclarationFragment"
      },
      "location-before-char-start": 12405,
      "location-before-char-end": 12414,
      "node-str": ""
    },
    {
      "type": "delete-node",
      "node": {
        "label": "",
        "type": "FieldDeclaration"
      },
      "location-before-char-start": 12390,
      "location-before-char-end": 12415,
      "node-str": ""
    },
    {
      "type": "delete-node",
      "node": {
        "label": "private",
        "type": "Modifier"
      },
      "location-before-char-start": 12422,
      "location-before-char-end": 12429,
      "node-str": "private"
    },
    {
      "type": "delete-node",
      "node": {
        "label": "StringBuffer",
        "type": "SimpleName"
      },
      "location-before-char-start": 12430,
      "location-before-char-end": 12442,
      "node-str": "StringBuffer"
    },
    {
      "type": "delete-node",
      "node": {
        "label": "",
        "type": "SimpleType"
      },
      "location-before-char-start": 12430,
      "location-before-char-end": 12442,
      "node-str": ""
    },
    {
      "type": "delete-node",
      "node": {
        "label": "m_buffer",
        "type": "SimpleName"
      },
      "location-before-char-start": 12443,
      "location-before-char-end": 12451,
      "node-str": "m_buffer"
    },
    {
      "type": "delete-node",
      "node": {
        "label": "",
        "type": "VariableDeclarationFragment"
      },
      "location-before-char-start": 12443,
      "location-before-char-end": 12451,
      "node-str": ""
    },
    {
      "type": "delete-node",
      "node": {
        "label": "",
        "type": "FieldDeclaration"
      },
      "location-before-char-start": 12422,
      "location-before-char-end": 12452,
      "node-str": ""
    },
    {
      "type": "delete-node",
      "node": {
        "label": "",
        "type": "SimpleType"
      },
      "location-before-char-start": 13857,
      "location-before-char-end": 13878,
      "node-str": ""
    },
    {
      "type": "delete-node",
      "node": {
        "label": "",
        "type": "ClassInstanceCreation"
      },
      "location-before-char-start": 13853,
      "location-before-char-end": 13940,
      "node-str": ""
    },
    {
      "type": "delete-node",
      "node": {
        "label": "",
        "type": "ThrowStatement"
      },
      "location-before-char-start": 13847,
      "location-before-char-end": 13941,
      "node-str": ""
    }
  ],
  "before-file": {},
  "after-file": {},
  "mapping": {}
}