{
  "tool-info": {},
  "diff": [
    {
      "type": "insert-node",
      "node": {
        "label": "",
        "type": "PackageDeclaration"
      },
      "location-after-char-start": 723,
      "location-after-char-end": 748,
      "node-str": ""
    },
    {
      "type": "insert-node",
      "node": {
        "label": "",
        "type": "ImportDeclaration"
      },
      "location-after-char-start": 750,
      "location-after-char-end": 772,
      "node-str": ""
    },
    {
      "type": "insert-node",
      "node": {
        "label": "",
        "type": "ImportDeclaration"
      },
      "location-after-char-start": 773,
      "location-after-char-end": 807,
      "node-str": ""
    },
    {
      "type": "insert-node",
      "node": {
        "label": "",
        "type": "ImportDeclaration"
      },
      "location-after-char-start": 808,
      "location-after-char-end": 839,
      "node-str": ""
    },
    {
      "type": "insert-node",
      "node": {
        "label": "",
        "type": "ImportDeclaration"
      },
      "location-after-char-start": 840,
      "location-after-char-end": 867,
      "node-str": ""
    },
    {
      "type": "insert-node",
      "node": {
        "label": "",
        "type": "ImportDeclaration"
      },
      "location-after-char-start": 868,
      "location-after-char-end": 891,
      "node-str": ""
    },
    {
      "type": "insert-node",
      "node": {
        "label": "",
        "type": "ImportDeclaration"
      },
      "location-after-char-start": 893,
      "location-after-char-end": 927,
      "node-str": ""
    },
    {
      "type": "insert-node",
      "node": {
        "label": "",
        "type": "ImportDeclaration"
      },
      "location-after-char-start": 928,
      "location-after-char-end": 954,
      "node-str": ""
    },
    {
      "type": "insert-node",
      "node": {
        "label": "",
        "type": "ImportDeclaration"
      },
      "location-after-char-start": 955,
      "location-after-char-end": 981,
      "node-str": ""
    },
    {
      "type": "insert-node",
      "node": {
        "label": "",
        "type": "ImportDeclaration"
      },
      "location-after-char-start": 982,
      "location-after-char-end": 1011,
      "node-str": ""
    },
    {
      "type": "insert-node",
      "node": {
        "label": "",
        "type": "ImportDeclaration"
      },
      "location-after-char-start": 1012,
      "location-after-char-end": 1051,
      "node-str": ""
    },
    {
      "type": "insert-node",
      "node": {
        "label": "",
        "type": "ImportDeclaration"
      },
      "location-after-char-start": 1052,
      "location-after-char-end": 1083,
      "node-str": ""
    },
    {
      "type": "insert-node",
      "node": {
        "label": "",
        "type": "ImportDeclaration"
      },
      "location-after-char-start": 1085,
      "location-after-char-end": 1134,
      "node-str": ""
    },
    {
      "type": "insert-node",
      "node": {
        "label": "",
        "type": "ImportDeclaration"
      },
      "location-after-char-start": 1135,
      "location-after-char-end": 1173,
      "node-str": ""
    },
    {
      "type": "insert-node",
      "node": {
        "label": "",
        "type": "ImportDeclaration"
      },
      "location-after-char-start": 1174,
      "location-after-char-end": 1216,
      "node-str": ""
    },
    {
      "type": "insert-node",
      "node": {
        "label": "",
        "type": "ImportDeclaration"
      },
      "location-after-char-start": 1217,
      "location-after-char-end": 1262,
      "node-str": ""
    },
    {
      "type": "insert-node",
      "node": {
        "label": "",
        "type": "ImportDeclaration"
      },
      "location-after-char-start": 1263,
      "location-after-char-end": 1309,
      "node-str": ""
    },
    {
      "type": "insert-node",
      "node": {
        "label": "",
        "type": "ImportDeclaration"
      },
      "location-after-char-start": 1310,
      "location-after-char-end": 1357,
      "node-str": ""
    },
    {
      "type": "insert-node",
      "node": {
        "label": "",
        "type": "ImportDeclaration"
      },
      "location-after-char-start": 1358,
      "location-after-char-end": 1404,
      "node-str": ""
    },
    {
      "type": "insert-node",
      "node": {
        "label": "",
        "type": "ImportDeclaration"
      },
      "location-after-char-start": 1405,
      "location-after-char-end": 1450,
      "node-str": ""
    },
    {
      "type": "insert-node",
      "node": {
        "label": "",
        "type": "ImportDeclaration"
      },
      "location-after-char-start": 1451,
      "location-after-char-end": 1495,
      "node-str": ""
    },
    {
      "type": "insert-node",
      "node": {
        "label": "",
        "type": "ImportDeclaration"
      },
      "location-after-char-start": 1496,
      "location-after-char-end": 1547,
      "node-str": ""
    },
    {
      "type": "insert-node",
      "node": {
        "label": "",
        "type": "ImportDeclaration"
      },
      "location-after-char-start": 1548,
      "location-after-char-end": 1591,
      "node-str": ""
    },
    {
      "type": "insert-node",
      "node": {
        "label": "",
        "type": "ImportDeclaration"
      },
      "location-after-char-start": 1592,
      "location-after-char-end": 1636,
      "node-str": ""
    },
    {
      "type": "insert-node",
      "node": {
        "label": "",
        "type": "ImportDeclaration"
      },
      "location-after-char-start": 1637,
      "location-after-char-end": 1681,
      "node-str": ""
    },
    {
      "type": "insert-node",
      "node": {
        "label": "",
        "type": "ImportDeclaration"
      },
      "location-after-char-start": 1682,
      "location-after-char-end": 1724,
      "node-str": ""
    },
    {
      "type": "insert-node",
      "node": {
        "label": "",
        "type": "ImportDeclaration"
      },
      "location-after-char-start": 1725,
      "location-after-char-end": 1778,
      "node-str": ""
    },
    {
      "type": "insert-node",
      "node": {
        "label": "",
        "type": "ImportDeclaration"
      },
      "location-after-char-start": 1779,
      "location-after-char-end": 1832,
      "node-str": ""
    },
    {
      "type": "insert-node",
      "node": {
        "label": "",
        "type": "ImportDeclaration"
      },
      "location-after-char-start": 1833,
      "location-after-char-end": 1881,
      "node-str": ""
    },
    {
      "type": "insert-node",
      "node": {
        "label": "",
        "type": "ImportDeclaration"
      },
      "location-after-char-start": 1882,
      "location-after-char-end": 1924,
      "node-str": ""
    },
    {
      "type": "insert-node",
      "node": {
        "label": "",
        "type": "ImportDeclaration"
      },
      "location-after-char-start": 1925,
      "location-after-char-end": 1988,
      "node-str": ""
    },
    {
      "type": "insert-node",
      "node": {
        "label": "",
        "type": "ImportDeclaration"
      },
      "location-after-char-start": 1989,
      "location-after-char-end": 2043,
      "node-str": ""
    },
    {
      "type": "insert-node",
      "node": {
        "label": "",
        "type": "ImportDeclaration"
      },
      "location-after-char-start": 2044,
      "location-after-char-end": 2087,
      "node-str": ""
    },
    {
      "type": "insert-node",
      "node": {
        "label": "",
        "type": "ImportDeclaration"
      },
      "location-after-char-start": 2088,
      "location-after-char-end": 2145,
      "node-str": ""
    },
    {
      "type": "insert-node",
      "node": {
        "label": "",
        "type": "ImportDeclaration"
      },
      "location-after-char-start": 2146,
      "location-after-char-end": 2202,
      "node-str": ""
    },
    {
      "type": "insert-node",
      "node": {
        "label": "",
        "type": "ImportDeclaration"
      },
      "location-after-char-start": 2203,
      "location-after-char-end": 2260,
      "node-str": ""
    },
    {
      "type": "insert-node",
      "node": {
        "label": "",
        "type": "ImportDeclaration"
      },
      "location-after-char-start": 2261,
      "location-after-char-end": 2311,
      "node-str": ""
    },
    {
      "type": "insert-node",
      "node": {
        "label": "",
        "type": "ImportDeclaration"
      },
      "location-after-char-start": 2312,
      "location-after-char-end": 2360,
      "node-str": ""
    },
    {
      "type": "insert-node",
      "node": {
        "label": "org.columba.main",
        "type": "QualifiedName"
      },
      "location-after-char-start": 731,
      "location-after-char-end": 747,
      "node-str": "org.columba.main"
    },
    {
      "type": "insert-node",
      "node": {
        "label": "java.awt.Event",
        "type": "QualifiedName"
      },
      "location-after-char-start": 757,
      "location-after-char-end": 771,
      "node-str": "java.awt.Event"
    },
    {
      "type": "insert-node",
      "node": {
        "label": "java.awt.event.ActionEvent",
        "type": "QualifiedName"
      },
      "location-after-char-start": 780,
      "location-after-char-end": 806,
      "node-str": "java.awt.event.ActionEvent"
    },
    {
      "type": "insert-node",
      "node": {
        "label": "java.awt.event.KeyEvent",
        "type": "QualifiedName"
      },
      "location-after-char-start": 815,
      "location-after-char-end": 838,
      "node-str": "java.awt.event.KeyEvent"
    },
    {
      "type": "insert-node",
      "node": {
        "label": "java.io.PrintWriter",
        "type": "QualifiedName"
      },
      "location-after-char-start": 847,
      "location-after-char-end": 866,
      "node-str": "java.io.PrintWriter"
    },
    {
      "type": "insert-node",
      "node": {
        "label": "java.net.Socket",
        "type": "QualifiedName"
      },
      "location-after-char-start": 875,
      "location-after-char-end": 890,
      "node-str": "java.net.Socket"
    },
    {
      "type": "insert-node",
      "node": {
        "label": "javax.swing.AbstractAction",
        "type": "QualifiedName"
      },
      "location-after-char-start": 900,
      "location-after-char-end": 926,
      "node-str": "javax.swing.AbstractAction"
    },
    {
      "type": "insert-node",
      "node": {
        "label": "javax.swing.Action",
        "type": "QualifiedName"
      },
      "location-after-char-start": 935,
      "location-after-char-end": 953,
      "node-str": "javax.swing.Action"
    },
    {
      "type": "insert-node",
      "node": {
        "label": "javax.swing.JFrame",
        "type": "QualifiedName"
      },
      "location-after-char-start": 962,
      "location-after-char-end": 980,
      "node-str": "javax.swing.JFrame"
    },
    {
      "type": "insert-node",
      "node": {
        "label": "javax.swing.KeyStroke",
        "type": "QualifiedName"
      },
      "location-after-char-start": 989,
      "location-after-char-end": 1010,
      "node-str": "javax.swing.KeyStroke"
    },
    {
      "type": "insert-node",
      "node": {
        "label": "javax.swing.text.JTextComponent",
        "type": "QualifiedName"
      },
      "location-after-char-start": 1019,
      "location-after-char-end": 1050,
      "node-str": "javax.swing.text.JTextComponent"
    },
    {
      "type": "insert-node",
      "node": {
        "label": "javax.swing.text.Keymap",
        "type": "QualifiedName"
      },
      "location-after-char-start": 1059,
      "location-after-char-end": 1082,
      "node-str": "javax.swing.text.Keymap"
    },
    {
      "type": "insert-node",
      "node": {
        "label": "org.columba.core.command.DefaultProcessor",
        "type": "QualifiedName"
      },
      "location-after-char-start": 1092,
      "location-after-char-end": 1133,
      "node-str": "org.columba.core.command.DefaultProcessor"
    },
    {
      "type": "insert-node",
      "node": {
        "label": "org.columba.core.config.Config",
        "type": "QualifiedName"
      },
      "location-after-char-start": 1142,
      "location-after-char-end": 1172,
      "node-str": "org.columba.core.config.Config"
    },
    {
      "type": "insert-node",
      "node": {
        "label": "org.columba.core.config.ConfigPath",
        "type": "QualifiedName"
      },
      "location-after-char-start": 1181,
      "location-after-char-end": 1215,
      "node-str": "org.columba.core.config.ConfigPath"
    },
    {
      "type": "insert-node",
      "node": {
        "label": "org.columba.core.gui.util.ImageLoader",
        "type": "QualifiedName"
      },
      "location-after-char-start": 1224,
      "location-after-char-end": 1261,
      "node-str": "org.columba.core.gui.util.ImageLoader"
    },
    {
      "type": "insert-node",
      "node": {
        "label": "org.columba.core.gui.util.StartUpFrame",
        "type": "QualifiedName"
      },
      "location-after-char-start": 1270,
      "location-after-char-end": 1308,
      "node-str": "org.columba.core.gui.util.StartUpFrame"
    },
    {
      "type": "insert-node",
      "node": {
        "label": "org.columba.core.gui.util.ThemeSwitcher",
        "type": "QualifiedName"
      },
      "location-after-char-start": 1317,
      "location-after-char-end": 1356,
      "node-str": "org.columba.core.gui.util.ThemeSwitcher"
    },
    {
      "type": "insert-node",
      "node": {
        "label": "org.columba.core.logging.ColumbaLogger",
        "type": "QualifiedName"
      },
      "location-after-char-start": 1365,
      "location-after-char-end": 1403,
      "node-str": "org.columba.core.logging.ColumbaLogger"
    },
    {
      "type": "insert-node",
      "node": {
        "label": "org.columba.core.plugin.PluginManager",
        "type": "QualifiedName"
      },
      "location-after-char-start": 1412,
      "location-after-char-end": 1449,
      "node-str": "org.columba.core.plugin.PluginManager"
    },
    {
      "type": "insert-node",
      "node": {
        "label": "org.columba.core.util.CharsetManager",
        "type": "QualifiedName"
      },
      "location-after-char-start": 1458,
      "location-after-char-end": 1494,
      "node-str": "org.columba.core.util.CharsetManager"
    },
    {
      "type": "insert-node",
      "node": {
        "label": "org.columba.core.util.CmdLineArgumentParser",
        "type": "QualifiedName"
      },
      "location-after-char-start": 1503,
      "location-after-char-end": 1546,
      "node-str": "org.columba.core.util.CmdLineArgumentParser"
    },
    {
      "type": "insert-node",
      "node": {
        "label": "org.columba.core.util.TempFileStore",
        "type": "QualifiedName"
      },
      "location-after-char-start": 1555,
      "location-after-char-end": 1590,
      "node-str": "org.columba.core.util.TempFileStore"
    },
    {
      "type": "insert-node",
      "node": {
        "label": "org.columba.mail.coder.Base64Decoder",
        "type": "QualifiedName"
      },
      "location-after-char-start": 1599,
      "location-after-char-end": 1635,
      "node-str": "org.columba.mail.coder.Base64Decoder"
    },
    {
      "type": "insert-node",
      "node": {
        "label": "org.columba.mail.coder.Base64Encoder",
        "type": "QualifiedName"
      },
      "location-after-char-start": 1644,
      "location-after-char-end": 1680,
      "node-str": "org.columba.mail.coder.Base64Encoder"
    },
    {
      "type": "insert-node",
      "node": {
        "label": "org.columba.mail.coder.CoderRouter",
        "type": "QualifiedName"
      },
      "location-after-char-start": 1689,
      "location-after-char-end": 1723,
      "node-str": "org.columba.mail.coder.CoderRouter"
    },
    {
      "type": "insert-node",
      "node": {
        "label": "org.columba.mail.coder.QuotedPrintableDecoder",
        "type": "QualifiedName"
      },
      "location-after-char-start": 1732,
      "location-after-char-end": 1777,
      "node-str": "org.columba.mail.coder.QuotedPrintableDecoder"
    },
    {
      "type": "insert-node",
      "node": {
        "label": "org.columba.mail.coder.QuotedPrintableEncoder",
        "type": "QualifiedName"
      },
      "location-after-char-start": 1786,
      "location-after-char-end": 1831,
      "node-str": "org.columba.mail.coder.QuotedPrintableEncoder"
    },
    {
      "type": "insert-node",
      "node": {
        "label": "org.columba.mail.composer.MimeTypeLookup",
        "type": "QualifiedName"
      },
      "location-after-char-start": 1840,
      "location-after-char-end": 1880,
      "node-str": "org.columba.mail.composer.MimeTypeLookup"
    },
    {
      "type": "insert-node",
      "node": {
        "label": "org.columba.mail.config.MailConfig",
        "type": "QualifiedName"
      },
      "location-after-char-start": 1889,
      "location-after-char-end": 1923,
      "node-str": "org.columba.mail.config.MailConfig"
    },
    {
      "type": "insert-node",
      "node": {
        "label": "org.columba.mail.gui.config.accountwizard.AccountWizard",
        "type": "QualifiedName"
      },
      "location-after-char-start": 1932,
      "location-after-char-end": 1987,
      "node-str": "org.columba.mail.gui.config.accountwizard.AccountWizard"
    },
    {
      "type": "insert-node",
      "node": {
        "label": "org.columba.mail.gui.frame.MailFrameController",
        "type": "QualifiedName"
      },
      "location-after-char-start": 1996,
      "location-after-char-end": 2042,
      "node-str": "org.columba.mail.gui.frame.MailFrameController"
    },
    {
      "type": "insert-node",
      "node": {
        "label": "org.columba.mail.gui.tree.TreeModel",
        "type": "QualifiedName"
      },
      "location-after-char-start": 2051,
      "location-after-char-end": 2086,
      "node-str": "org.columba.mail.gui.tree.TreeModel"
    },
    {
      "type": "insert-node",
      "node": {
        "label": "org.columba.mail.plugin.FilterActionPluginHandler",
        "type": "QualifiedName"
      },
      "location-after-char-start": 2095,
      "location-after-char-end": 2144,
      "node-str": "org.columba.mail.plugin.FilterActionPluginHandler"
    },
    {
      "type": "insert-node",
      "node": {
        "label": "org.columba.mail.plugin.LocalFilterPluginHandler",
        "type": "QualifiedName"
      },
      "location-after-char-start": 2153,
      "location-after-char-end": 2201,
      "node-str": "org.columba.mail.plugin.LocalFilterPluginHandler"
    },
    {
      "type": "insert-node",
      "node": {
        "label": "org.columba.mail.plugin.RemoteFilterPluginHandler",
        "type": "QualifiedName"
      },
      "location-after-char-start": 2210,
      "location-after-char-end": 2259,
      "node-str": "org.columba.mail.plugin.RemoteFilterPluginHandler"
    },
    {
      "type": "insert-node",
      "node": {
        "label": "org.columba.mail.pop3.POP3ServerCollection",
        "type": "QualifiedName"
      },
      "location-after-char-start": 2268,
      "location-after-char-end": 2310,
      "node-str": "org.columba.mail.pop3.POP3ServerCollection"
    },
    {
      "type": "insert-node",
      "node": {
        "label": "org.columba.mail.util.MailResourceLoader",
        "type": "QualifiedName"
      },
      "location-after-char-start": 2319,
      "location-after-char-end": 2359,
      "node-str": "org.columba.mail.util.MailResourceLoader"
    },
    {
      "type": "insert-node",
      "node": {
        "label": "public",
        "type": "Modifier"
      },
      "location-after-char-start": 2362,
      "location-after-char-end": 2368,
      "node-str": "public"
    },
    {
      "type": "insert-node",
      "node": {
        "label": "class",
        "type": "TYPE_DECLARATION_KIND"
      },
      "location-after-char-start": 2369,
      "location-after-char-end": 2374,
      "node-str": "class"
    },
    {
      "type": "insert-node",
      "node": {
        "label": "Main",
        "type": "SimpleName"
      },
      "location-after-char-start": 2375,
      "location-after-char-end": 2379,
      "node-str": "Main"
    },
    {
      "type": "insert-node",
      "node": {
        "label": "public",
        "type": "Modifier"
      },
      "location-after-char-start": 3159,
      "location-after-char-end": 3165,
      "node-str": "public"
    },
    {
      "type": "insert-node",
      "node": {
        "label": "static",
        "type": "Modifier"
      },
      "location-after-char-start": 3166,
      "location-after-char-end": 3172,
      "node-str": "static"
    },
    {
      "type": "insert-node",
      "node": {
        "label": "void",
        "type": "PrimitiveType"
      },
      "location-after-char-start": 3173,
      "location-after-char-end": 3177,
      "node-str": "void"
    },
    {
      "type": "insert-node",
      "node": {
        "label": "main",
        "type": "SimpleName"
      },
      "location-after-char-start": 3178,
      "location-after-char-end": 3182,
      "node-str": "main"
    },
    {
      "type": "insert-node",
      "node": {
        "label": "",
        "type": "VariableDeclarationStatement"
      },
      "location-after-char-start": 4414,
      "location-after-char-end": 6108,
      "node-str": ""
    },
    {
      "type": "insert-node",
      "node": {
        "label": "final",
        "type": "Modifier"
      },
      "location-after-char-start": 4414,
      "location-after-char-end": 4419,
      "node-str": "final"
    },
    {
      "type": "insert-node",
      "node": {
        "label": "",
        "type": "SimpleType"
      },
      "location-after-char-start": 4420,
      "location-after-char-end": 4433,
      "node-str": ""
    },
    {
      "type": "insert-node",
      "node": {
        "label": "",
        "type": "VariableDeclarationFragment"
      },
      "location-after-char-start": 4434,
      "location-after-char-end": 6107,
      "node-str": ""
    },
    {
      "type": "insert-node",
      "node": {
        "label": "StartUpWorker",
        "type": "SimpleName"
      },
      "location-after-char-start": 4420,
      "location-after-char-end": 4433,
      "node-str": "StartUpWorker"
    },
    {
      "type": "insert-node",
      "node": {
        "label": "worker",
        "type": "SimpleName"
      },
      "location-after-char-start": 4434,
      "location-after-char-end": 4440,
      "node-str": "worker"
    },
    {
      "type": "insert-node",
      "node": {
        "label": "",
        "type": "ClassInstanceCreation"
      },
      "location-after-char-start": 4443,
      "location-after-char-end": 6107,
      "node-str": ""
    },
    {
      "type": "insert-node",
      "node": {
        "label": "",
        "type": "SimpleType"
      },
      "location-after-char-start": 4447,
      "location-after-char-end": 4460,
      "node-str": ""
    },
    {
      "type": "insert-node",
      "node": {
        "label": "",
        "type": "AnonymousClassDeclaration"
      },
      "location-after-char-start": 4463,
      "location-after-char-end": 6107,
      "node-str": ""
    },
    {
      "type": "insert-node",
      "node": {
        "label": "StartUpWorker",
        "type": "SimpleName"
      },
      "location-after-char-start": 4447,
      "location-after-char-end": 4460,
      "node-str": "StartUpWorker"
    },
    {
      "type": "move-subtree",
      "node": {
        "label": "",
        "type": "FieldDeclaration"
      },
      "location-before-char-start": 4417,
      "location-before-char-end": 4434,
      "location-after-char-start": 4468,
      "location-after-char-end": 4485,
      "node-str": ""
    },
    {
      "type": "insert-node",
      "node": {
        "label": "",
        "type": "MethodDeclaration"
      },
      "location-after-char-start": 4490,
      "location-after-char-end": 5916,
      "node-str": ""
    },
    {
      "type": "move-subtree",
      "node": {
        "label": "",
        "type": "MethodDeclaration"
      },
      "location-before-char-start": 5517,
      "location-before-char-end": 5698,
      "location-after-char-start": 5921,
      "location-after-char-end": 6102,
      "node-str": ""
    },
    {
      "type": "insert-node",
      "node": {
        "label": "public",
        "type": "Modifier"
      },
      "location-after-char-start": 4490,
      "location-after-char-end": 4496,
      "node-str": "public"
    },
    {
      "type": "insert-node",
      "node": {
        "label": "",
        "type": "SimpleType"
      },
      "location-after-char-start": 4497,
      "location-after-char-end": 4503,
      "node-str": ""
    },
    {
      "type": "insert-node",
      "node": {
        "label": "construct",
        "type": "SimpleName"
      },
      "location-after-char-start": 4504,
      "location-after-char-end": 4513,
      "node-str": "construct"
    },
    {
      "type": "insert-node",
      "node": {
        "label": "",
        "type": "Block"
      },
      "location-after-char-start": 4516,
      "location-after-char-end": 5916,
      "node-str": ""
    },
    {
      "type": "insert-node",
      "node": {
        "label": "Object",
        "type": "SimpleName"
      },
      "location-after-char-start": 4497,
      "location-after-char-end": 4503,
      "node-str": "Object"
    },
    {
      "type": "insert-node",
      "node": {
        "label": "",
        "type": "ExpressionStatement"
      },
      "location-after-char-start": 4618,
      "location-after-char-end": 4638,
      "node-str": ""
    },
    {
      "type": "insert-node",
      "node": {
        "label": "",
        "type": "ExpressionStatement"
      },
      "location-after-char-start": 4644,
      "location-after-char-end": 4657,
      "node-str": ""
    },
    {
      "type": "insert-node",
      "node": {
        "label": "",
        "type": "ExpressionStatement"
      },
      "location-after-char-start": 4663,
      "location-after-char-end": 4680,
      "node-str": ""
    },
    {
      "type": "move-subtree",
      "node": {
        "label": "",
        "type": "ExpressionStatement"
      },
      "location-before-char-start": 4667,
      "location-before-char-end": 4681,
      "location-after-char-start": 4718,
      "location-after-char-end": 4732,
      "node-str": ""
    },
    {
      "type": "insert-node",
      "node": {
        "label": "",
        "type": "ExpressionStatement"
      },
      "location-after-char-start": 4738,
      "location-after-char-end": 4758,
      "node-str": ""
    },
    {
      "type": "move-subtree",
      "node": {
        "label": "",
        "type": "ExpressionStatement"
      },
      "location-before-char-start": 4713,
      "location-before-char-end": 4738,
      "location-after-char-start": 4764,
      "location-after-char-end": 4789,
      "node-str": ""
    },
    {
      "type": "move-subtree",
      "node": {
        "label": "",
        "type": "ExpressionStatement"
      },
      "location-before-char-start": 4744,
      "location-before-char-end": 4760,
      "location-after-char-start": 4795,
      "location-after-char-end": 4811,
      "node-str": ""
    },
    {
      "type": "insert-node",
      "node": {
        "label": "",
        "type": "ExpressionStatement"
      },
      "location-after-char-start": 4817,
      "location-after-char-end": 4835,
      "node-str": ""
    },
    {
      "type": "insert-node",
      "node": {
        "label": "",
        "type": "ExpressionStatement"
      },
      "location-after-char-start": 4841,
      "location-after-char-end": 4866,
      "node-str": ""
    },
    {
      "type": "move-subtree",
      "node": {
        "label": "",
        "type": "ExpressionStatement"
      },
      "location-before-char-start": 4821,
      "location-before-char-end": 4884,
      "location-after-char-start": 4872,
      "location-after-char-end": 4935,
      "node-str": ""
    },
    {
      "type": "move-subtree",
      "node": {
        "label": "",
        "type": "ExpressionStatement"
      },
      "location-before-char-start": 4890,
      "location-before-char-end": 4936,
      "location-after-char-start": 4941,
      "location-after-char-end": 4987,
      "node-str": ""
    },
    {
      "type": "insert-node",
      "node": {
        "label": "",
        "type": "ExpressionStatement"
      },
      "location-after-char-start": 4993,
      "location-after-char-end": 5011,
      "node-str": ""
    },
    {
      "type": "insert-node",
      "node": {
        "label": "",
        "type": "ExpressionStatement"
      },
      "location-after-char-start": 5016,
      "location-after-char-end": 5045,
      "node-str": ""
    },
    {
      "type": "insert-node",
      "node": {
        "label": "",
        "type": "ExpressionStatement"
      },
      "location-after-char-start": 5050,
      "location-after-char-end": 5079,
      "node-str": ""
    },
    {
      "type": "insert-node",
      "node": {
        "label": "",
        "type": "ExpressionStatement"
      },
      "location-after-char-start": 5084,
      "location-after-char-end": 5104,
      "node-str": ""
    },
    {
      "type": "insert-node",
      "node": {
        "label": "",
        "type": "ExpressionStatement"
      },
      "location-after-char-start": 5109,
      "location-after-char-end": 5129,
      "node-str": ""
    },
    {
      "type": "move-subtree",
      "node": {
        "label": "",
        "type": "ExpressionStatement"
      },
      "location-before-char-start": 5084,
      "location-before-char-end": 5136,
      "location-after-char-start": 5135,
      "location-after-char-end": 5187,
      "node-str": ""
    },
    {
      "type": "move-subtree",
      "node": {
        "label": "",
        "type": "ExpressionStatement"
      },
      "location-before-char-start": 5151,
      "location-before-char-end": 5200,
      "location-after-char-start": 5193,
      "location-after-char-end": 5242,
      "node-str": ""
    },
    {
      "type": "move-subtree",
      "node": {
        "label": "",
        "type": "ExpressionStatement"
      },
      "location-before-char-start": 5205,
      "location-before-char-end": 5237,
      "location-after-char-start": 5247,
      "location-after-char-end": 5279,
      "node-str": ""
    },
    {
      "type": "insert-node",
      "node": {
        "label": "",
        "type": "ExpressionStatement"
      },
      "location-after-char-start": 5285,
      "location-after-char-end": 5335,
      "node-str": ""
    },
    {
      "type": "insert-node",
      "node": {
        "label": "",
        "type": "ExpressionStatement"
      },
      "location-after-char-start": 5340,
      "location-after-char-end": 5423,
      "node-str": ""
    },
    {
      "type": "insert-node",
      "node": {
        "label": "",
        "type": "ExpressionStatement"
      },
      "location-after-char-start": 5428,
      "location-after-char-end": 5510,
      "node-str": ""
    },
    {
      "type": "insert-node",
      "node": {
        "label": "",
        "type": "ExpressionStatement"
      },
      "location-after-char-start": 5515,
      "location-after-char-end": 5598,
      "node-str": ""
    },
    {
      "type": "insert-node",
      "node": {
        "label": "",
        "type": "ExpressionStatement"
      },
      "location-after-char-start": 5604,
      "location-after-char-end": 5646,
      "node-str": ""
    },
    {
      "type": "move-subtree",
      "node": {
        "label": "",
        "type": "ExpressionStatement"
      },
      "location-before-char-start": 5243,
      "location-before-char-end": 5259,
      "location-after-char-start": 5656,
      "location-after-char-end": 5672,
      "node-str": ""
    },
    {
      "type": "insert-node",
      "node": {
        "label": "",
        "type": "ExpressionStatement"
      },
      "location-after-char-start": 5713,
      "location-after-char-end": 5726,
      "node-str": ""
    },
    {
      "type": "move-subtree",
      "node": {
        "label": "",
        "type": "ExpressionStatement"
      },
      "location-before-char-start": 5325,
      "location-before-char-end": 5395,
      "location-after-char-start": 5732,
      "location-after-char-end": 5807,
      "node-str": ""
    },
    {
      "type": "move-subtree",
      "node": {
        "label": "",
        "type": "ExpressionStatement"
      },
      "location-before-char-start": 5405,
      "location-before-char-end": 5421,
      "location-after-char-start": 5813,
      "location-after-char-end": 5829,
      "node-str": ""
    },
    {
      "type": "move-subtree",
      "node": {
        "label": "",
        "type": "ExpressionStatement"
      },
      "location-before-char-start": 5431,
      "location-before-char-end": 5489,
      "location-after-char-start": 5835,
      "location-after-char-end": 5893,
      "node-str": ""
    },
    {
      "type": "insert-node",
      "node": {
        "label": "",
        "type": "ReturnStatement"
      },
      "location-after-char-start": 5899,
      "location-after-char-end": 5911,
      "node-str": ""
    },
    {
      "type": "insert-node",
      "node": {
        "label": "",
        "type": "ClassInstanceCreation"
      },
      "location-after-char-start": 4618,
      "location-after-char-end": 4637,
      "node-str": ""
    },
    {
      "type": "insert-node",
      "node": {
        "label": "",
        "type": "ClassInstanceCreation"
      },
      "location-after-char-start": 4644,
      "location-after-char-end": 4656,
      "node-str": ""
    },
    {
      "type": "insert-node",
      "node": {
        "label": "",
        "type": "ClassInstanceCreation"
      },
      "location-after-char-start": 4663,
      "location-after-char-end": 4679,
      "node-str": ""
    },
    {
      "type": "insert-node",
      "node": {
        "label": "",
        "type": "ClassInstanceCreation"
      },
      "location-after-char-start": 4738,
      "location-after-char-end": 4757,
      "node-str": ""
    },
    {
      "type": "insert-node",
      "node": {
        "label": "",
        "type": "ClassInstanceCreation"
      },
      "location-after-char-start": 4817,
      "location-after-char-end": 4834,
      "node-str": ""
    },
    {
      "type": "insert-node",
      "node": {
        "label": "",
        "type": "ClassInstanceCreation"
      },
      "location-after-char-start": 4841,
      "location-after-char-end": 4865,
      "node-str": ""
    },
    {
      "type": "insert-node",
      "node": {
        "label": "",
        "type": "ClassInstanceCreation"
      },
      "location-after-char-start": 4993,
      "location-after-char-end": 5010,
      "node-str": ""
    },
    {
      "type": "insert-node",
      "node": {
        "label": "",
        "type": "ClassInstanceCreation"
      },
      "location-after-char-start": 5016,
      "location-after-char-end": 5044,
      "node-str": ""
    },
    {
      "type": "insert-node",
      "node": {
        "label": "",
        "type": "ClassInstanceCreation"
      },
      "location-after-char-start": 5050,
      "location-after-char-end": 5078,
      "node-str": ""
    },
    {
      "type": "insert-node",
      "node": {
        "label": "",
        "type": "ClassInstanceCreation"
      },
      "location-after-char-start": 5084,
      "location-after-char-end": 5103,
      "node-str": ""
    },
    {
      "type": "insert-node",
      "node": {
        "label": "",
        "type": "ClassInstanceCreation"
      },
      "location-after-char-start": 5109,
      "location-after-char-end": 5128,
      "node-str": ""
    },
    {
      "type": "insert-node",
      "node": {
        "label": "",
        "type": "Assignment"
      },
      "location-after-char-start": 5285,
      "location-after-char-end": 5334,
      "node-str": ""
    },
    {
      "type": "insert-node",
      "node": {
        "label": "",
        "type": "MethodInvocation"
      },
      "location-after-char-start": 5340,
      "location-after-char-end": 5422,
      "node-str": ""
    },
    {
      "type": "insert-node",
      "node": {
        "label": "",
        "type": "MethodInvocation"
      },
      "location-after-char-start": 5428,
      "location-after-char-end": 5509,
      "node-str": ""
    },
    {
      "type": "insert-node",
      "node": {
        "label": "",
        "type": "MethodInvocation"
      },
      "location-after-char-start": 5515,
      "location-after-char-end": 5597,
      "node-str": ""
    },
    {
      "type": "insert-node",
      "node": {
        "label": "",
        "type": "MethodInvocation"
      },
      "location-after-char-start": 5604,
      "location-after-char-end": 5645,
      "node-str": ""
    },
    {
      "type": "insert-node",
      "node": {
        "label": "",
        "type": "MethodInvocation"
      },
      "location-after-char-start": 5713,
      "location-after-char-end": 5725,
      "node-str": ""
    },
    {
      "type": "insert-node",
      "node": {
        "label": "",
        "type": "NullLiteral"
      },
      "location-after-char-start": 5906,
      "location-after-char-end": 5910,
      "node-str": ""
    },
    {
      "type": "insert-node",
      "node": {
        "label": "",
        "type": "SimpleType"
      },
      "location-after-char-start": 4622,
      "location-after-char-end": 4635,
      "node-str": ""
    },
    {
      "type": "insert-node",
      "node": {
        "label": "",
        "type": "SimpleType"
      },
      "location-after-char-start": 4648,
      "location-after-char-end": 4654,
      "node-str": ""
    },
    {
      "type": "insert-node",
      "node": {
        "label": "",
        "type": "SimpleType"
      },
      "location-after-char-start": 4667,
      "location-after-char-end": 4677,
      "node-str": ""
    },
    {
      "type": "insert-node",
      "node": {
        "label": "",
        "type": "SimpleType"
      },
      "location-after-char-start": 4742,
      "location-after-char-end": 4755,
      "node-str": ""
    },
    {
      "type": "insert-node",
      "node": {
        "label": "",
        "type": "SimpleType"
      },
      "location-after-char-start": 4821,
      "location-after-char-end": 4832,
      "node-str": ""
    },
    {
      "type": "insert-node",
      "node": {
        "label": "",
        "type": "SimpleType"
      },
      "location-after-char-start": 4845,
      "location-after-char-end": 4863,
      "node-str": ""
    },
    {
      "type": "insert-node",
      "node": {
        "label": "",
        "type": "SimpleType"
      },
      "location-after-char-start": 4997,
      "location-after-char-end": 5008,
      "node-str": ""
    },
    {
      "type": "insert-node",
      "node": {
        "label": "",
        "type": "SimpleType"
      },
      "location-after-char-start": 5020,
      "location-after-char-end": 5042,
      "node-str": ""
    },
    {
      "type": "insert-node",
      "node": {
        "label": "",
        "type": "SimpleType"
      },
      "location-after-char-start": 5054,
      "location-after-char-end": 5076,
      "node-str": ""
    },
    {
      "type": "insert-node",
      "node": {
        "label": "",
        "type": "SimpleType"
      },
      "location-after-char-start": 5088,
      "location-after-char-end": 5101,
      "node-str": ""
    },
    {
      "type": "insert-node",
      "node": {
        "label": "",
        "type": "SimpleType"
      },
      "location-after-char-start": 5113,
      "location-after-char-end": 5126,
      "node-str": ""
    },
    {
      "type": "insert-node",
      "node": {
        "label": "MainInterface.pluginManager",
        "type": "QualifiedName"
      },
      "location-after-char-start": 5285,
      "location-after-char-end": 5312,
      "node-str": "MainInterface.pluginManager"
    },
    {
      "type": "insert-node",
      "node": {
        "label": "\u003d",
        "type": "ASSIGNMENT_OPERATOR"
      },
      "location-after-char-start": 5313,
      "location-after-char-end": 5314,
      "node-str": "\u003d"
    },
    {
      "type": "insert-node",
      "node": {
        "label": "",
        "type": "ClassInstanceCreation"
      },
      "location-after-char-start": 5315,
      "location-after-char-end": 5334,
      "node-str": ""
    },
    {
      "type": "insert-node",
      "node": {
        "label": "",
        "type": "METHOD_INVOCATION_RECEIVER"
      },
      "location-after-char-start": 5340,
      "location-after-char-end": 5367,
      "node-str": ""
    },
    {
      "type": "insert-node",
      "node": {
        "label": "registerHandler",
        "type": "SimpleName"
      },
      "location-after-char-start": 5368,
      "location-after-char-end": 5383,
      "node-str": "registerHandler"
    },
    {
      "type": "insert-node",
      "node": {
        "label": "",
        "type": "METHOD_INVOCATION_ARGUMENTS"
      },
      "location-after-char-start": 5390,
      "location-after-char-end": 5421,
      "node-str": ""
    },
    {
      "type": "insert-node",
      "node": {
        "label": "",
        "type": "METHOD_INVOCATION_RECEIVER"
      },
      "location-after-char-start": 5428,
      "location-after-char-end": 5455,
      "node-str": ""
    },
    {
      "type": "insert-node",
      "node": {
        "label": "registerHandler",
        "type": "SimpleName"
      },
      "location-after-char-start": 5456,
      "location-after-char-end": 5471,
      "node-str": "registerHandler"
    },
    {
      "type": "insert-node",
      "node": {
        "label": "",
        "type": "METHOD_INVOCATION_ARGUMENTS"
      },
      "location-after-char-start": 5478,
      "location-after-char-end": 5508,
      "node-str": ""
    },
    {
      "type": "insert-node",
      "node": {
        "label": "",
        "type": "METHOD_INVOCATION_RECEIVER"
      },
      "location-after-char-start": 5515,
      "location-after-char-end": 5542,
      "node-str": ""
    },
    {
      "type": "insert-node",
      "node": {
        "label": "registerHandler",
        "type": "SimpleName"
      },
      "location-after-char-start": 5543,
      "location-after-char-end": 5558,
      "node-str": "registerHandler"
    },
    {
      "type": "insert-node",
      "node": {
        "label": "",
        "type": "METHOD_INVOCATION_ARGUMENTS"
      },
      "location-after-char-start": 5565,
      "location-after-char-end": 5596,
      "node-str": ""
    },
    {
      "type": "insert-node",
      "node": {
        "label": "",
        "type": "METHOD_INVOCATION_RECEIVER"
      },
      "location-after-char-start": 5604,
      "location-after-char-end": 5631,
      "node-str": ""
    },
    {
      "type": "insert-node",
      "node": {
        "label": "initPlugins",
        "type": "SimpleName"
      },
      "location-after-char-start": 5632,
      "location-after-char-end": 5643,
      "node-str": "initPlugins"
    },
    {
      "type": "insert-node",
      "node": {
        "label": "doGuiInits",
        "type": "SimpleName"
      },
      "location-after-char-start": 5713,
      "location-after-char-end": 5723,
      "node-str": "doGuiInits"
    },
    {
      "type": "insert-node",
      "node": {
        "label": "ColumbaLogger",
        "type": "SimpleName"
      },
      "location-after-char-start": 4622,
      "location-after-char-end": 4635,
      "node-str": "ColumbaLogger"
    },
    {
      "type": "insert-node",
      "node": {
        "label": "Config",
        "type": "SimpleName"
      },
      "location-after-char-start": 4648,
      "location-after-char-end": 4654,
      "node-str": "Config"
    },
    {
      "type": "insert-node",
      "node": {
        "label": "MailConfig",
        "type": "SimpleName"
      },
      "location-after-char-start": 4667,
      "location-after-char-end": 4677,
      "node-str": "MailConfig"
    },
    {
      "type": "insert-node",
      "node": {
        "label": "TempFileStore",
        "type": "SimpleName"
      },
      "location-after-char-start": 4742,
      "location-after-char-end": 4755,
      "node-str": "TempFileStore"
    },
    {
      "type": "insert-node",
      "node": {
        "label": "ImageLoader",
        "type": "SimpleName"
      },
      "location-after-char-start": 4821,
      "location-after-char-end": 4832,
      "node-str": "ImageLoader"
    },
    {
      "type": "insert-node",
      "node": {
        "label": "MailResourceLoader",
        "type": "SimpleName"
      },
      "location-after-char-start": 4845,
      "location-after-char-end": 4863,
      "node-str": "MailResourceLoader"
    },
    {
      "type": "insert-node",
      "node": {
        "label": "CoderRouter",
        "type": "SimpleName"
      },
      "location-after-char-start": 4997,
      "location-after-char-end": 5008,
      "node-str": "CoderRouter"
    },
    {
      "type": "insert-node",
      "node": {
        "label": "QuotedPrintableDecoder",
        "type": "SimpleName"
      },
      "location-after-char-start": 5020,
      "location-after-char-end": 5042,
      "node-str": "QuotedPrintableDecoder"
    },
    {
      "type": "insert-node",
      "node": {
        "label": "QuotedPrintableEncoder",
        "type": "SimpleName"
      },
      "location-after-char-start": 5054,
      "location-after-char-end": 5076,
      "node-str": "QuotedPrintableEncoder"
    },
    {
      "type": "insert-node",
      "node": {
        "label": "Base64Decoder",
        "type": "SimpleName"
      },
      "location-after-char-start": 5088,
      "location-after-char-end": 5101,
      "node-str": "Base64Decoder"
    },
    {
      "type": "insert-node",
      "node": {
        "label": "Base64Encoder",
        "type": "SimpleName"
      },
      "location-after-char-start": 5113,
      "location-after-char-end": 5126,
      "node-str": "Base64Encoder"
    },
    {
      "type": "insert-node",
      "node": {
        "label": "",
        "type": "SimpleType"
      },
      "location-after-char-start": 5319,
      "location-after-char-end": 5332,
      "node-str": ""
    },
    {
      "type": "insert-node",
      "node": {
        "label": "MainInterface.pluginManager",
        "type": "QualifiedName"
      },
      "location-after-char-start": 5340,
      "location-after-char-end": 5367,
      "node-str": "MainInterface.pluginManager"
    },
    {
      "type": "insert-node",
      "node": {
        "label": "",
        "type": "ClassInstanceCreation"
      },
      "location-after-char-start": 5390,
      "location-after-char-end": 5421,
      "node-str": ""
    },
    {
      "type": "insert-node",
      "node": {
        "label": "MainInterface.pluginManager",
        "type": "QualifiedName"
      },
      "location-after-char-start": 5428,
      "location-after-char-end": 5455,
      "node-str": "MainInterface.pluginManager"
    },
    {
      "type": "insert-node",
      "node": {
        "label": "",
        "type": "ClassInstanceCreation"
      },
      "location-after-char-start": 5478,
      "location-after-char-end": 5508,
      "node-str": ""
    },
    {
      "type": "insert-node",
      "node": {
        "label": "MainInterface.pluginManager",
        "type": "QualifiedName"
      },
      "location-after-char-start": 5515,
      "location-after-char-end": 5542,
      "node-str": "MainInterface.pluginManager"
    },
    {
      "type": "insert-node",
      "node": {
        "label": "",
        "type": "ClassInstanceCreation"
      },
      "location-after-char-start": 5565,
      "location-after-char-end": 5596,
      "node-str": ""
    },
    {
      "type": "insert-node",
      "node": {
        "label": "MainInterface.pluginManager",
        "type": "QualifiedName"
      },
      "location-after-char-start": 5604,
      "location-after-char-end": 5631,
      "node-str": "MainInterface.pluginManager"
    },
    {
      "type": "insert-node",
      "node": {
        "label": "PluginManager",
        "type": "SimpleName"
      },
      "location-after-char-start": 5319,
      "location-after-char-end": 5332,
      "node-str": "PluginManager"
    },
    {
      "type": "insert-node",
      "node": {
        "label": "",
        "type": "SimpleType"
      },
      "location-after-char-start": 5394,
      "location-after-char-end": 5419,
      "node-str": ""
    },
    {
      "type": "insert-node",
      "node": {
        "label": "",
        "type": "SimpleType"
      },
      "location-after-char-start": 5482,
      "location-after-char-end": 5506,
      "node-str": ""
    },
    {
      "type": "insert-node",
      "node": {
        "label": "",
        "type": "SimpleType"
      },
      "location-after-char-start": 5569,
      "location-after-char-end": 5594,
      "node-str": ""
    },
    {
      "type": "insert-node",
      "node": {
        "label": "FilterActionPluginHandler",
        "type": "SimpleName"
      },
      "location-after-char-start": 5394,
      "location-after-char-end": 5419,
      "node-str": "FilterActionPluginHandler"
    },
    {
      "type": "insert-node",
      "node": {
        "label": "LocalFilterPluginHandler",
        "type": "SimpleName"
      },
      "location-after-char-start": 5482,
      "location-after-char-end": 5506,
      "node-str": "LocalFilterPluginHandler"
    },
    {
      "type": "insert-node",
      "node": {
        "label": "RemoteFilterPluginHandler",
        "type": "SimpleName"
      },
      "location-after-char-start": 5569,
      "location-after-char-end": 5594,
      "node-str": "RemoteFilterPluginHandler"
    },
    {
      "type": "delete-node",
      "node": {
        "label": "org.columba.main",
        "type": "QualifiedName"
      },
      "location-before-char-start": 731,
      "location-before-char-end": 747,
      "node-str": "org.columba.main"
    },
    {
      "type": "delete-node",
      "node": {
        "label": "",
        "type": "PackageDeclaration"
      },
      "location-before-char-start": 723,
      "location-before-char-end": 748,
      "node-str": ""
    },
    {
      "type": "delete-node",
      "node": {
        "label": "java.awt.Event",
        "type": "QualifiedName"
      },
      "location-before-char-start": 757,
      "location-before-char-end": 771,
      "node-str": "java.awt.Event"
    },
    {
      "type": "delete-node",
      "node": {
        "label": "",
        "type": "ImportDeclaration"
      },
      "location-before-char-start": 750,
      "location-before-char-end": 772,
      "node-str": ""
    },
    {
      "type": "delete-node",
      "node": {
        "label": "java.awt.event.ActionEvent",
        "type": "QualifiedName"
      },
      "location-before-char-start": 780,
      "location-before-char-end": 806,
      "node-str": "java.awt.event.ActionEvent"
    },
    {
      "type": "delete-node",
      "node": {
        "label": "",
        "type": "ImportDeclaration"
      },
      "location-before-char-start": 773,
      "location-before-char-end": 807,
      "node-str": ""
    },
    {
      "type": "delete-node",
      "node": {
        "label": "java.awt.event.KeyEvent",
        "type": "QualifiedName"
      },
      "location-before-char-start": 815,
      "location-before-char-end": 838,
      "node-str": "java.awt.event.KeyEvent"
    },
    {
      "type": "delete-node",
      "node": {
        "label": "",
        "type": "ImportDeclaration"
      },
      "location-before-char-start": 808,
      "location-before-char-end": 839,
      "node-str": ""
    },
    {
      "type": "delete-node",
      "node": {
        "label": "java.io.PrintWriter",
        "type": "QualifiedName"
      },
      "location-before-char-start": 847,
      "location-before-char-end": 866,
      "node-str": "java.io.PrintWriter"
    },
    {
      "type": "delete-node",
      "node": {
        "label": "",
        "type": "ImportDeclaration"
      },
      "location-before-char-start": 840,
      "location-before-char-end": 867,
      "node-str": ""
    },
    {
      "type": "delete-node",
      "node": {
        "label": "java.net.Socket",
        "type": "QualifiedName"
      },
      "location-before-char-start": 875,
      "location-before-char-end": 890,
      "node-str": "java.net.Socket"
    },
    {
      "type": "delete-node",
      "node": {
        "label": "",
        "type": "ImportDeclaration"
      },
      "location-before-char-start": 868,
      "location-before-char-end": 891,
      "node-str": ""
    },
    {
      "type": "delete-node",
      "node": {
        "label": "javax.swing.AbstractAction",
        "type": "QualifiedName"
      },
      "location-before-char-start": 900,
      "location-before-char-end": 926,
      "node-str": "javax.swing.AbstractAction"
    },
    {
      "type": "delete-node",
      "node": {
        "label": "",
        "type": "ImportDeclaration"
      },
      "location-before-char-start": 893,
      "location-before-char-end": 927,
      "node-str": ""
    },
    {
      "type": "delete-node",
      "node": {
        "label": "javax.swing.Action",
        "type": "QualifiedName"
      },
      "location-before-char-start": 935,
      "location-before-char-end": 953,
      "node-str": "javax.swing.Action"
    },
    {
      "type": "delete-node",
      "node": {
        "label": "",
        "type": "ImportDeclaration"
      },
      "location-before-char-start": 928,
      "location-before-char-end": 954,
      "node-str": ""
    },
    {
      "type": "delete-node",
      "node": {
        "label": "javax.swing.JFrame",
        "type": "QualifiedName"
      },
      "location-before-char-start": 962,
      "location-before-char-end": 980,
      "node-str": "javax.swing.JFrame"
    },
    {
      "type": "delete-node",
      "node": {
        "label": "",
        "type": "ImportDeclaration"
      },
      "location-before-char-start": 955,
      "location-before-char-end": 981,
      "node-str": ""
    },
    {
      "type": "delete-node",
      "node": {
        "label": "javax.swing.KeyStroke",
        "type": "QualifiedName"
      },
      "location-before-char-start": 989,
      "location-before-char-end": 1010,
      "node-str": "javax.swing.KeyStroke"
    },
    {
      "type": "delete-node",
      "node": {
        "label": "",
        "type": "ImportDeclaration"
      },
      "location-before-char-start": 982,
      "location-before-char-end": 1011,
      "node-str": ""
    },
    {
      "type": "delete-node",
      "node": {
        "label": "javax.swing.text.JTextComponent",
        "type": "QualifiedName"
      },
      "location-before-char-start": 1019,
      "location-before-char-end": 1050,
      "node-str": "javax.swing.text.JTextComponent"
    },
    {
      "type": "delete-node",
      "node": {
        "label": "",
        "type": "ImportDeclaration"
      },
      "location-before-char-start": 1012,
      "location-before-char-end": 1051,
      "node-str": ""
    },
    {
      "type": "delete-node",
      "node": {
        "label": "javax.swing.text.Keymap",
        "type": "QualifiedName"
      },
      "location-before-char-start": 1059,
      "location-before-char-end": 1082,
      "node-str": "javax.swing.text.Keymap"
    },
    {
      "type": "delete-node",
      "node": {
        "label": "",
        "type": "ImportDeclaration"
      },
      "location-before-char-start": 1052,
      "location-before-char-end": 1083,
      "node-str": ""
    },
    {
      "type": "delete-node",
      "node": {
        "label": "org.columba.addressbook.config.AddressbookConfig",
        "type": "QualifiedName"
      },
      "location-before-char-start": 1092,
      "location-before-char-end": 1140,
      "node-str": "org.columba.addressbook.config.AddressbookConfig"
    },
    {
      "type": "delete-node",
      "node": {
        "label": "",
        "type": "ImportDeclaration"
      },
      "location-before-char-start": 1085,
      "location-before-char-end": 1141,
      "node-str": ""
    },
    {
      "type": "delete-node",
      "node": {
        "label": "org.columba.addressbook.main.AddressbookInterface",
        "type": "QualifiedName"
      },
      "location-before-char-start": 1149,
      "location-before-char-end": 1198,
      "node-str": "org.columba.addressbook.main.AddressbookInterface"
    },
    {
      "type": "delete-node",
      "node": {
        "label": "",
        "type": "ImportDeclaration"
      },
      "location-before-char-start": 1142,
      "location-before-char-end": 1199,
      "node-str": ""
    },
    {
      "type": "delete-node",
      "node": {
        "label": "org.columba.addressbook.main.AddressbookMain",
        "type": "QualifiedName"
      },
      "location-before-char-start": 1207,
      "location-before-char-end": 1251,
      "node-str": "org.columba.addressbook.main.AddressbookMain"
    },
    {
      "type": "delete-node",
      "node": {
        "label": "",
        "type": "ImportDeclaration"
      },
      "location-before-char-start": 1200,
      "location-before-char-end": 1252,
      "node-str": ""
    },
    {
      "type": "delete-node",
      "node": {
        "label": "org.columba.core.command.DefaultProcessor",
        "type": "QualifiedName"
      },
      "location-before-char-start": 1260,
      "location-before-char-end": 1301,
      "node-str": "org.columba.core.command.DefaultProcessor"
    },
    {
      "type": "delete-node",
      "node": {
        "label": "",
        "type": "ImportDeclaration"
      },
      "location-before-char-start": 1253,
      "location-before-char-end": 1302,
      "node-str": ""
    },
    {
      "type": "delete-node",
      "node": {
        "label": "org.columba.core.config.Config",
        "type": "QualifiedName"
      },
      "location-before-char-start": 1310,
      "location-before-char-end": 1340,
      "node-str": "org.columba.core.config.Config"
    },
    {
      "type": "delete-node",
      "node": {
        "label": "",
        "type": "ImportDeclaration"
      },
      "location-before-char-start": 1303,
      "location-before-char-end": 1341,
      "node-str": ""
    },
    {
      "type": "delete-node",
      "node": {
        "label": "org.columba.core.config.ConfigPath",
        "type": "QualifiedName"
      },
      "location-before-char-start": 1349,
      "location-before-char-end": 1383,
      "node-str": "org.columba.core.config.ConfigPath"
    },
    {
      "type": "delete-node",
      "node": {
        "label": "",
        "type": "ImportDeclaration"
      },
      "location-before-char-start": 1342,
      "location-before-char-end": 1384,
      "node-str": ""
    },
    {
      "type": "delete-node",
      "node": {
        "label": "org.columba.core.gui.util.ImageLoader",
        "type": "QualifiedName"
      },
      "location-before-char-start": 1392,
      "location-before-char-end": 1429,
      "node-str": "org.columba.core.gui.util.ImageLoader"
    },
    {
      "type": "delete-node",
      "node": {
        "label": "",
        "type": "ImportDeclaration"
      },
      "location-before-char-start": 1385,
      "location-before-char-end": 1430,
      "node-str": ""
    },
    {
      "type": "delete-node",
      "node": {
        "label": "org.columba.core.gui.util.StartUpFrame",
        "type": "QualifiedName"
      },
      "location-before-char-start": 1438,
      "location-before-char-end": 1476,
      "node-str": "org.columba.core.gui.util.StartUpFrame"
    },
    {
      "type": "delete-node",
      "node": {
        "label": "",
        "type": "ImportDeclaration"
      },
      "location-before-char-start": 1431,
      "location-before-char-end": 1477,
      "node-str": ""
    },
    {
      "type": "delete-node",
      "node": {
        "label": "org.columba.core.gui.util.ThemeSwitcher",
        "type": "QualifiedName"
      },
      "location-before-char-start": 1485,
      "location-before-char-end": 1524,
      "node-str": "org.columba.core.gui.util.ThemeSwitcher"
    },
    {
      "type": "delete-node",
      "node": {
        "label": "",
        "type": "ImportDeclaration"
      },
      "location-before-char-start": 1478,
      "location-before-char-end": 1525,
      "node-str": ""
    },
    {
      "type": "delete-node",
      "node": {
        "label": "org.columba.core.logging.ColumbaLogger",
        "type": "QualifiedName"
      },
      "location-before-char-start": 1533,
      "location-before-char-end": 1571,
      "node-str": "org.columba.core.logging.ColumbaLogger"
    },
    {
      "type": "delete-node",
      "node": {
        "label": "",
        "type": "ImportDeclaration"
      },
      "location-before-char-start": 1526,
      "location-before-char-end": 1572,
      "node-str": ""
    },
    {
      "type": "delete-node",
      "node": {
        "label": "org.columba.core.util.CharsetManager",
        "type": "QualifiedName"
      },
      "location-before-char-start": 1580,
      "location-before-char-end": 1616,
      "node-str": "org.columba.core.util.CharsetManager"
    },
    {
      "type": "delete-node",
      "node": {
        "label": "",
        "type": "ImportDeclaration"
      },
      "location-before-char-start": 1573,
      "location-before-char-end": 1617,
      "node-str": ""
    },
    {
      "type": "delete-node",
      "node": {
        "label": "org.columba.core.util.CmdLineArgumentParser",
        "type": "QualifiedName"
      },
      "location-before-char-start": 1625,
      "location-before-char-end": 1668,
      "node-str": "org.columba.core.util.CmdLineArgumentParser"
    },
    {
      "type": "delete-node",
      "node": {
        "label": "",
        "type": "ImportDeclaration"
      },
      "location-before-char-start": 1618,
      "location-before-char-end": 1669,
      "node-str": ""
    },
    {
      "type": "delete-node",
      "node": {
        "label": "org.columba.core.util.TempFileStore",
        "type": "QualifiedName"
      },
      "location-before-char-start": 1677,
      "location-before-char-end": 1712,
      "node-str": "org.columba.core.util.TempFileStore"
    },
    {
      "type": "delete-node",
      "node": {
        "label": "",
        "type": "ImportDeclaration"
      },
      "location-before-char-start": 1670,
      "location-before-char-end": 1713,
      "node-str": ""
    },
    {
      "type": "delete-node",
      "node": {
        "label": "org.columba.mail.coder.Base64Decoder",
        "type": "QualifiedName"
      },
      "location-before-char-start": 1721,
      "location-before-char-end": 1757,
      "node-str": "org.columba.mail.coder.Base64Decoder"
    },
    {
      "type": "delete-node",
      "node": {
        "label": "",
        "type": "ImportDeclaration"
      },
      "location-before-char-start": 1714,
      "location-before-char-end": 1758,
      "node-str": ""
    },
    {
      "type": "delete-node",
      "node": {
        "label": "org.columba.mail.coder.Base64Encoder",
        "type": "QualifiedName"
      },
      "location-before-char-start": 1766,
      "location-before-char-end": 1802,
      "node-str": "org.columba.mail.coder.Base64Encoder"
    },
    {
      "type": "delete-node",
      "node": {
        "label": "",
        "type": "ImportDeclaration"
      },
      "location-before-char-start": 1759,
      "location-before-char-end": 1803,
      "node-str": ""
    },
    {
      "type": "delete-node",
      "node": {
        "label": "org.columba.mail.coder.CoderRouter",
        "type": "QualifiedName"
      },
      "location-before-char-start": 1811,
      "location-before-char-end": 1845,
      "node-str": "org.columba.mail.coder.CoderRouter"
    },
    {
      "type": "delete-node",
      "node": {
        "label": "",
        "type": "ImportDeclaration"
      },
      "location-before-char-start": 1804,
      "location-before-char-end": 1846,
      "node-str": ""
    },
    {
      "type": "delete-node",
      "node": {
        "label": "org.columba.mail.coder.QuotedPrintableDecoder",
        "type": "QualifiedName"
      },
      "location-before-char-start": 1854,
      "location-before-char-end": 1899,
      "node-str": "org.columba.mail.coder.QuotedPrintableDecoder"
    },
    {
      "type": "delete-node",
      "node": {
        "label": "",
        "type": "ImportDeclaration"
      },
      "location-before-char-start": 1847,
      "location-before-char-end": 1900,
      "node-str": ""
    },
    {
      "type": "delete-node",
      "node": {
        "label": "org.columba.mail.coder.QuotedPrintableEncoder",
        "type": "QualifiedName"
      },
      "location-before-char-start": 1908,
      "location-before-char-end": 1953,
      "node-str": "org.columba.mail.coder.QuotedPrintableEncoder"
    },
    {
      "type": "delete-node",
      "node": {
        "label": "",
        "type": "ImportDeclaration"
      },
      "location-before-char-start": 1901,
      "location-before-char-end": 1954,
      "node-str": ""
    },
    {
      "type": "delete-node",
      "node": {
        "label": "org.columba.mail.composer.MimeTypeLookup",
        "type": "QualifiedName"
      },
      "location-before-char-start": 1962,
      "location-before-char-end": 2002,
      "node-str": "org.columba.mail.composer.MimeTypeLookup"
    },
    {
      "type": "delete-node",
      "node": {
        "label": "",
        "type": "ImportDeclaration"
      },
      "location-before-char-start": 1955,
      "location-before-char-end": 2003,
      "node-str": ""
    },
    {
      "type": "delete-node",
      "node": {
        "label": "org.columba.mail.config.MailConfig",
        "type": "QualifiedName"
      },
      "location-before-char-start": 2011,
      "location-before-char-end": 2045,
      "node-str": "org.columba.mail.config.MailConfig"
    },
    {
      "type": "delete-node",
      "node": {
        "label": "",
        "type": "ImportDeclaration"
      },
      "location-before-char-start": 2004,
      "location-before-char-end": 2046,
      "node-str": ""
    },
    {
      "type": "delete-node",
      "node": {
        "label": "org.columba.mail.gui.config.accountwizard.AccountWizard",
        "type": "QualifiedName"
      },
      "location-before-char-start": 2054,
      "location-before-char-end": 2109,
      "node-str": "org.columba.mail.gui.config.accountwizard.AccountWizard"
    },
    {
      "type": "delete-node",
      "node": {
        "label": "",
        "type": "ImportDeclaration"
      },
      "location-before-char-start": 2047,
      "location-before-char-end": 2110,
      "node-str": ""
    },
    {
      "type": "delete-node",
      "node": {
        "label": "org.columba.mail.gui.frame.MailFrameController",
        "type": "QualifiedName"
      },
      "location-before-char-start": 2118,
      "location-before-char-end": 2164,
      "node-str": "org.columba.mail.gui.frame.MailFrameController"
    },
    {
      "type": "delete-node",
      "node": {
        "label": "",
        "type": "ImportDeclaration"
      },
      "location-before-char-start": 2111,
      "location-before-char-end": 2165,
      "node-str": ""
    },
    {
      "type": "delete-node",
      "node": {
        "label": "org.columba.mail.gui.tree.TreeModel",
        "type": "QualifiedName"
      },
      "location-before-char-start": 2173,
      "location-before-char-end": 2208,
      "node-str": "org.columba.mail.gui.tree.TreeModel"
    },
    {
      "type": "delete-node",
      "node": {
        "label": "",
        "type": "ImportDeclaration"
      },
      "location-before-char-start": 2166,
      "location-before-char-end": 2209,
      "node-str": ""
    },
    {
      "type": "delete-node",
      "node": {
        "label": "org.columba.mail.pop3.POP3ServerCollection",
        "type": "QualifiedName"
      },
      "location-before-char-start": 2217,
      "location-before-char-end": 2259,
      "node-str": "org.columba.mail.pop3.POP3ServerCollection"
    },
    {
      "type": "delete-node",
      "node": {
        "label": "",
        "type": "ImportDeclaration"
      },
      "location-before-char-start": 2210,
      "location-before-char-end": 2260,
      "node-str": ""
    },
    {
      "type": "delete-node",
      "node": {
        "label": "org.columba.mail.util.MailResourceLoader",
        "type": "QualifiedName"
      },
      "location-before-char-start": 2268,
      "location-before-char-end": 2308,
      "node-str": "org.columba.mail.util.MailResourceLoader"
    },
    {
      "type": "delete-node",
      "node": {
        "label": "",
        "type": "ImportDeclaration"
      },
      "location-before-char-start": 2261,
      "location-before-char-end": 2309,
      "node-str": ""
    },
    {
      "type": "delete-node",
      "node": {
        "label": "public",
        "type": "Modifier"
      },
      "location-before-char-start": 2311,
      "location-before-char-end": 2317,
      "node-str": "public"
    },
    {
      "type": "delete-node",
      "node": {
        "label": "class",
        "type": "TYPE_DECLARATION_KIND"
      },
      "location-before-char-start": 2318,
      "location-before-char-end": 2323,
      "node-str": "class"
    },
    {
      "type": "delete-node",
      "node": {
        "label": "Main",
        "type": "SimpleName"
      },
      "location-before-char-start": 2324,
      "location-before-char-end": 2328,
      "node-str": "Main"
    },
    {
      "type": "delete-node",
      "node": {
        "label": "public",
        "type": "Modifier"
      },
      "location-before-char-start": 3108,
      "location-before-char-end": 3114,
      "node-str": "public"
    },
    {
      "type": "delete-node",
      "node": {
        "label": "static",
        "type": "Modifier"
      },
      "location-before-char-start": 3115,
      "location-before-char-end": 3121,
      "node-str": "static"
    },
    {
      "type": "delete-node",
      "node": {
        "label": "void",
        "type": "PrimitiveType"
      },
      "location-before-char-start": 3122,
      "location-before-char-end": 3126,
      "node-str": "void"
    },
    {
      "type": "delete-node",
      "node": {
        "label": "main",
        "type": "SimpleName"
      },
      "location-before-char-start": 3127,
      "location-before-char-end": 3131,
      "node-str": "main"
    },
    {
      "type": "delete-node",
      "node": {
        "label": "final",
        "type": "Modifier"
      },
      "location-before-char-start": 4363,
      "location-before-char-end": 4368,
      "node-str": "final"
    },
    {
      "type": "delete-node",
      "node": {
        "label": "StartUpWorker",
        "type": "SimpleName"
      },
      "location-before-char-start": 4369,
      "location-before-char-end": 4382,
      "node-str": "StartUpWorker"
    },
    {
      "type": "delete-node",
      "node": {
        "label": "",
        "type": "SimpleType"
      },
      "location-before-char-start": 4369,
      "location-before-char-end": 4382,
      "node-str": ""
    },
    {
      "type": "delete-node",
      "node": {
        "label": "worker",
        "type": "SimpleName"
      },
      "location-before-char-start": 4383,
      "location-before-char-end": 4389,
      "node-str": "worker"
    },
    {
      "type": "delete-node",
      "node": {
        "label": "StartUpWorker",
        "type": "SimpleName"
      },
      "location-before-char-start": 4396,
      "location-before-char-end": 4409,
      "node-str": "StartUpWorker"
    },
    {
      "type": "delete-node",
      "node": {
        "label": "",
        "type": "SimpleType"
      },
      "location-before-char-start": 4396,
      "location-before-char-end": 4409,
      "node-str": ""
    },
    {
      "type": "delete-node",
      "node": {
        "label": "public",
        "type": "Modifier"
      },
      "location-before-char-start": 4439,
      "location-before-char-end": 4445,
      "node-str": "public"
    },
    {
      "type": "delete-node",
      "node": {
        "label": "Object",
        "type": "SimpleName"
      },
      "location-before-char-start": 4446,
      "location-before-char-end": 4452,
      "node-str": "Object"
    },
    {
      "type": "delete-node",
      "node": {
        "label": "",
        "type": "SimpleType"
      },
      "location-before-char-start": 4446,
      "location-before-char-end": 4452,
      "node-str": ""
    },
    {
      "type": "delete-node",
      "node": {
        "label": "construct",
        "type": "SimpleName"
      },
      "location-before-char-start": 4453,
      "location-before-char-end": 4462,
      "node-str": "construct"
    },
    {
      "type": "delete-node",
      "node": {
        "label": "ColumbaLogger",
        "type": "SimpleName"
      },
      "location-before-char-start": 4571,
      "location-before-char-end": 4584,
      "node-str": "ColumbaLogger"
    },
    {
      "type": "delete-node",
      "node": {
        "label": "",
        "type": "SimpleType"
      },
      "location-before-char-start": 4571,
      "location-before-char-end": 4584,
      "node-str": ""
    },
    {
      "type": "delete-node",
      "node": {
        "label": "",
        "type": "ClassInstanceCreation"
      },
      "location-before-char-start": 4567,
      "location-before-char-end": 4586,
      "node-str": ""
    },
    {
      "type": "delete-node",
      "node": {
        "label": "",
        "type": "ExpressionStatement"
      },
      "location-before-char-start": 4567,
      "location-before-char-end": 4587,
      "node-str": ""
    },
    {
      "type": "delete-node",
      "node": {
        "label": "Config",
        "type": "SimpleName"
      },
      "location-before-char-start": 4597,
      "location-before-char-end": 4603,
      "node-str": "Config"
    },
    {
      "type": "delete-node",
      "node": {
        "label": "",
        "type": "SimpleType"
      },
      "location-before-char-start": 4597,
      "location-before-char-end": 4603,
      "node-str": ""
    },
    {
      "type": "delete-node",
      "node": {
        "label": "",
        "type": "ClassInstanceCreation"
      },
      "location-before-char-start": 4593,
      "location-before-char-end": 4605,
      "node-str": ""
    },
    {
      "type": "delete-node",
      "node": {
        "label": "",
        "type": "ExpressionStatement"
      },
      "location-before-char-start": 4593,
      "location-before-char-end": 4606,
      "node-str": ""
    },
    {
      "type": "delete-node",
      "node": {
        "label": "MailConfig",
        "type": "SimpleName"
      },
      "location-before-char-start": 4616,
      "location-before-char-end": 4626,
      "node-str": "MailConfig"
    },
    {
      "type": "delete-node",
      "node": {
        "label": "",
        "type": "SimpleType"
      },
      "location-before-char-start": 4616,
      "location-before-char-end": 4626,
      "node-str": ""
    },
    {
      "type": "delete-node",
      "node": {
        "label": "",
        "type": "ClassInstanceCreation"
      },
      "location-before-char-start": 4612,
      "location-before-char-end": 4628,
      "node-str": ""
    },
    {
      "type": "delete-node",
      "node": {
        "label": "",
        "type": "ExpressionStatement"
      },
      "location-before-char-start": 4612,
      "location-before-char-end": 4629,
      "node-str": ""
    },
    {
      "type": "delete-node",
      "node": {
        "label": "TempFileStore",
        "type": "SimpleName"
      },
      "location-before-char-start": 4691,
      "location-before-char-end": 4704,
      "node-str": "TempFileStore"
    },
    {
      "type": "delete-node",
      "node": {
        "label": "",
        "type": "SimpleType"
      },
      "location-before-char-start": 4691,
      "location-before-char-end": 4704,
      "node-str": ""
    },
    {
      "type": "delete-node",
      "node": {
        "label": "",
        "type": "ClassInstanceCreation"
      },
      "location-before-char-start": 4687,
      "location-before-char-end": 4706,
      "node-str": ""
    },
    {
      "type": "delete-node",
      "node": {
        "label": "",
        "type": "ExpressionStatement"
      },
      "location-before-char-start": 4687,
      "location-before-char-end": 4707,
      "node-str": ""
    },
    {
      "type": "delete-node",
      "node": {
        "label": "ImageLoader",
        "type": "SimpleName"
      },
      "location-before-char-start": 4770,
      "location-before-char-end": 4781,
      "node-str": "ImageLoader"
    },
    {
      "type": "delete-node",
      "node": {
        "label": "",
        "type": "SimpleType"
      },
      "location-before-char-start": 4770,
      "location-before-char-end": 4781,
      "node-str": ""
    },
    {
      "type": "delete-node",
      "node": {
        "label": "",
        "type": "ClassInstanceCreation"
      },
      "location-before-char-start": 4766,
      "location-before-char-end": 4783,
      "node-str": ""
    },
    {
      "type": "delete-node",
      "node": {
        "label": "",
        "type": "ExpressionStatement"
      },
      "location-before-char-start": 4766,
      "location-before-char-end": 4784,
      "node-str": ""
    },
    {
      "type": "delete-node",
      "node": {
        "label": "MailResourceLoader",
        "type": "SimpleName"
      },
      "location-before-char-start": 4794,
      "location-before-char-end": 4812,
      "node-str": "MailResourceLoader"
    },
    {
      "type": "delete-node",
      "node": {
        "label": "",
        "type": "SimpleType"
      },
      "location-before-char-start": 4794,
      "location-before-char-end": 4812,
      "node-str": ""
    },
    {
      "type": "delete-node",
      "node": {
        "label": "",
        "type": "ClassInstanceCreation"
      },
      "location-before-char-start": 4790,
      "location-before-char-end": 4814,
      "node-str": ""
    },
    {
      "type": "delete-node",
      "node": {
        "label": "",
        "type": "ExpressionStatement"
      },
      "location-before-char-start": 4790,
      "location-before-char-end": 4815,
      "node-str": ""
    },
    {
      "type": "delete-node",
      "node": {
        "label": "CoderRouter",
        "type": "SimpleName"
      },
      "location-before-char-start": 4946,
      "location-before-char-end": 4957,
      "node-str": "CoderRouter"
    },
    {
      "type": "delete-node",
      "node": {
        "label": "",
        "type": "SimpleType"
      },
      "location-before-char-start": 4946,
      "location-before-char-end": 4957,
      "node-str": ""
    },
    {
      "type": "delete-node",
      "node": {
        "label": "",
        "type": "ClassInstanceCreation"
      },
      "location-before-char-start": 4942,
      "location-before-char-end": 4959,
      "node-str": ""
    },
    {
      "type": "delete-node",
      "node": {
        "label": "",
        "type": "ExpressionStatement"
      },
      "location-before-char-start": 4942,
      "location-before-char-end": 4960,
      "node-str": ""
    },
    {
      "type": "delete-node",
      "node": {
        "label": "QuotedPrintableDecoder",
        "type": "SimpleName"
      },
      "location-before-char-start": 4969,
      "location-before-char-end": 4991,
      "node-str": "QuotedPrintableDecoder"
    },
    {
      "type": "delete-node",
      "node": {
        "label": "",
        "type": "SimpleType"
      },
      "location-before-char-start": 4969,
      "location-before-char-end": 4991,
      "node-str": ""
    },
    {
      "type": "delete-node",
      "node": {
        "label": "",
        "type": "ClassInstanceCreation"
      },
      "location-before-char-start": 4965,
      "location-before-char-end": 4993,
      "node-str": ""
    },
    {
      "type": "delete-node",
      "node": {
        "label": "",
        "type": "ExpressionStatement"
      },
      "location-before-char-start": 4965,
      "location-before-char-end": 4994,
      "node-str": ""
    },
    {
      "type": "delete-node",
      "node": {
        "label": "QuotedPrintableEncoder",
        "type": "SimpleName"
      },
      "location-before-char-start": 5003,
      "location-before-char-end": 5025,
      "node-str": "QuotedPrintableEncoder"
    },
    {
      "type": "delete-node",
      "node": {
        "label": "",
        "type": "SimpleType"
      },
      "location-before-char-start": 5003,
      "location-before-char-end": 5025,
      "node-str": ""
    },
    {
      "type": "delete-node",
      "node": {
        "label": "",
        "type": "ClassInstanceCreation"
      },
      "location-before-char-start": 4999,
      "location-before-char-end": 5027,
      "node-str": ""
    },
    {
      "type": "delete-node",
      "node": {
        "label": "",
        "type": "ExpressionStatement"
      },
      "location-before-char-start": 4999,
      "location-before-char-end": 5028,
      "node-str": ""
    },
    {
      "type": "delete-node",
      "node": {
        "label": "Base64Decoder",
        "type": "SimpleName"
      },
      "location-before-char-start": 5037,
      "location-before-char-end": 5050,
      "node-str": "Base64Decoder"
    },
    {
      "type": "delete-node",
      "node": {
        "label": "",
        "type": "SimpleType"
      },
      "location-before-char-start": 5037,
      "location-before-char-end": 5050,
      "node-str": ""
    },
    {
      "type": "delete-node",
      "node": {
        "label": "",
        "type": "ClassInstanceCreation"
      },
      "location-before-char-start": 5033,
      "location-before-char-end": 5052,
      "node-str": ""
    },
    {
      "type": "delete-node",
      "node": {
        "label": "",
        "type": "ExpressionStatement"
      },
      "location-before-char-start": 5033,
      "location-before-char-end": 5053,
      "node-str": ""
    },
    {
      "type": "delete-node",
      "node": {
        "label": "Base64Encoder",
        "type": "SimpleName"
      },
      "location-before-char-start": 5062,
      "location-before-char-end": 5075,
      "node-str": "Base64Encoder"
    },
    {
      "type": "delete-node",
      "node": {
        "label": "",
        "type": "SimpleType"
      },
      "location-before-char-start": 5062,
      "location-before-char-end": 5075,
      "node-str": ""
    },
    {
      "type": "delete-node",
      "node": {
        "label": "",
        "type": "ClassInstanceCreation"
      },
      "location-before-char-start": 5058,
      "location-before-char-end": 5077,
      "node-str": ""
    },
    {
      "type": "delete-node",
      "node": {
        "label": "",
        "type": "ExpressionStatement"
      },
      "location-before-char-start": 5058,
      "location-before-char-end": 5078,
      "node-str": ""
    },
    {
      "type": "delete-node",
      "node": {
        "label": "doGuiInits",
        "type": "SimpleName"
      },
      "location-before-char-start": 5306,
      "location-before-char-end": 5316,
      "node-str": "doGuiInits"
    },
    {
      "type": "delete-node",
      "node": {
        "label": "",
        "type": "MethodInvocation"
      },
      "location-before-char-start": 5306,
      "location-before-char-end": 5318,
      "node-str": ""
    },
    {
      "type": "delete-node",
      "node": {
        "label": "",
        "type": "ExpressionStatement"
      },
      "location-before-char-start": 5306,
      "location-before-char-end": 5319,
      "node-str": ""
    },
    {
      "type": "delete-node",
      "node": {
        "label": "",
        "type": "NullLiteral"
      },
      "location-before-char-start": 5502,
      "location-before-char-end": 5506,
      "node-str": ""
    },
    {
      "type": "delete-node",
      "node": {
        "label": "",
        "type": "ReturnStatement"
      },
      "location-before-char-start": 5495,
      "location-before-char-end": 5507,
      "node-str": ""
    },
    {
      "type": "delete-node",
      "node": {
        "label": "",
        "type": "Block"
      },
      "location-before-char-start": 4465,
      "location-before-char-end": 5512,
      "node-str": ""
    },
    {
      "type": "delete-node",
      "node": {
        "label": "",
        "type": "MethodDeclaration"
      },
      "location-before-char-start": 4439,
      "location-before-char-end": 5512,
      "node-str": ""
    },
    {
      "type": "delete-node",
      "node": {
        "label": "",
        "type": "AnonymousClassDeclaration"
      },
      "location-before-char-start": 4412,
      "location-before-char-end": 5703,
      "node-str": ""
    },
    {
      "type": "delete-node",
      "node": {
        "label": "",
        "type": "ClassInstanceCreation"
      },
      "location-before-char-start": 4392,
      "location-before-char-end": 5703,
      "node-str": ""
    },
    {
      "type": "delete-node",
      "node": {
        "label": "",
        "type": "VariableDeclarationFragment"
      },
      "location-before-char-start": 4383,
      "location-before-char-end": 5703,
      "node-str": ""
    },
    {
      "type": "delete-node",
      "node": {
        "label": "",
        "type": "VariableDeclarationStatement"
      },
      "location-before-char-start": 4363,
      "location-before-char-end": 5704,
      "node-str": ""
    }
  ],
  "before-file": {},
  "after-file": {},
  "mapping": {}
}