{
  "tool-info": {},
  "diff": [
    {
      "type": "insert-node",
      "node": {
        "label": "PerspectiveDescriptor",
        "type": "Class"
      },
      "location-after-char-start": 1167,
      "location-after-char-end": 7319,
      "node-str": "PerspectiveDescriptor"
    },
    {
      "type": "insert-node",
      "node": {
        "label": "public",
        "type": "Modifier"
      },
      "location-after-char-start": 0,
      "location-after-char-end": 0,
      "node-str": "public"
    },
    {
      "type": "insert-node",
      "node": {
        "label": "id",
        "type": "Field"
      },
      "location-after-char-start": 1685,
      "location-after-char-end": 1702,
      "node-str": "id"
    },
    {
      "type": "insert-node",
      "node": {
        "label": "originalId",
        "type": "Field"
      },
      "location-after-char-start": 1705,
      "location-after-char-end": 1730,
      "node-str": "originalId"
    },
    {
      "type": "insert-node",
      "node": {
        "label": "label",
        "type": "Field"
      },
      "location-after-char-start": 1733,
      "location-after-char-end": 1753,
      "node-str": "label"
    },
    {
      "type": "insert-node",
      "node": {
        "label": "className",
        "type": "Field"
      },
      "location-after-char-start": 1756,
      "location-after-char-end": 1780,
      "node-str": "className"
    },
    {
      "type": "insert-node",
      "node": {
        "label": "description",
        "type": "Field"
      },
      "location-after-char-start": 1783,
      "location-after-char-end": 1809,
      "node-str": "description"
    },
    {
      "type": "insert-node",
      "node": {
        "label": "singleton",
        "type": "Field"
      },
      "location-after-char-start": 1812,
      "location-after-char-end": 1837,
      "node-str": "singleton"
    },
    {
      "type": "insert-node",
      "node": {
        "label": "image",
        "type": "Field"
      },
      "location-after-char-start": 1840,
      "location-after-char-end": 1869,
      "node-str": "image"
    },
    {
      "type": "insert-node",
      "node": {
        "label": "configElement",
        "type": "Field"
      },
      "location-after-char-start": 1872,
      "location-after-char-end": 1915,
      "node-str": "configElement"
    },
    {
      "type": "move-subtree",
      "node": {
        "label": "ATT_ID",
        "type": "Field"
      },
      "location-before-char-start": 1485,
      "location-before-char-end": 1524,
      "location-after-char-start": 1920,
      "location-after-char-end": 1959,
      "node-str": "ATT_ID"
    },
    {
      "type": "move-subtree",
      "node": {
        "label": "ATT_DEFAULT",
        "type": "Field"
      },
      "location-before-char-start": 1540,
      "location-before-char-end": 1591,
      "location-after-char-start": 1975,
      "location-after-char-end": 2026,
      "node-str": "ATT_DEFAULT"
    },
    {
      "type": "move-subtree",
      "node": {
        "label": "ATT_NAME",
        "type": "Field"
      },
      "location-before-char-start": 1607,
      "location-before-char-end": 1650,
      "location-after-char-start": 2042,
      "location-after-char-end": 2085,
      "node-str": "ATT_NAME"
    },
    {
      "type": "move-subtree",
      "node": {
        "label": "ATT_ICON",
        "type": "Field"
      },
      "location-before-char-start": 1666,
      "location-before-char-end": 1709,
      "location-after-char-start": 2101,
      "location-after-char-end": 2144,
      "node-str": "ATT_ICON"
    },
    {
      "type": "move-subtree",
      "node": {
        "label": "ATT_CLASS",
        "type": "Field"
      },
      "location-before-char-start": 1725,
      "location-before-char-end": 1770,
      "location-after-char-start": 2160,
      "location-after-char-end": 2205,
      "node-str": "ATT_CLASS"
    },
    {
      "type": "move-subtree",
      "node": {
        "label": "ATT_SINGLETON",
        "type": "Field"
      },
      "location-before-char-start": 1786,
      "location-before-char-end": 1839,
      "location-after-char-start": 2221,
      "location-after-char-end": 2274,
      "node-str": "ATT_SINGLETON"
    },
    {
      "type": "move-subtree",
      "node": {
        "label": "\u003cinit\u003e",
        "type": "Constructor"
      },
      "location-before-char-start": 1856,
      "location-before-char-end": 2175,
      "location-after-char-start": 2291,
      "location-after-char-end": 2610,
      "node-str": "\u003cinit\u003e"
    },
    {
      "type": "insert-node",
      "node": {
        "label": "\u003cinit\u003e",
        "type": "Constructor"
      },
      "location-after-char-start": 2612,
      "location-after-char-end": 3626,
      "node-str": "\u003cinit\u003e"
    },
    {
      "type": "insert-node",
      "node": {
        "label": "createFactory",
        "type": "Method"
      },
      "location-after-char-start": 3628,
      "location-after-char-end": 4050,
      "node-str": "createFactory"
    },
    {
      "type": "insert-node",
      "node": {
        "label": "deleteCustomDefinition",
        "type": "Method"
      },
      "location-after-char-start": 4052,
      "location-after-char-end": 4263,
      "node-str": "deleteCustomDefinition"
    },
    {
      "type": "move-subtree",
      "node": {
        "label": "getDescription",
        "type": "Method"
      },
      "location-before-char-start": 3695,
      "location-before-char-end": 3897,
      "location-after-char-start": 4265,
      "location-after-char-end": 4467,
      "node-str": "getDescription"
    },
    {
      "type": "move-subtree",
      "node": {
        "label": "getId",
        "type": "Method"
      },
      "location-before-char-start": 3899,
      "location-before-char-end": 3962,
      "location-after-char-start": 4469,
      "location-after-char-end": 4532,
      "node-str": "getId"
    },
    {
      "type": "move-subtree",
      "node": {
        "label": "getImageDescriptor",
        "type": "Method"
      },
      "location-before-char-start": 3964,
      "location-before-char-end": 4172,
      "location-after-char-start": 4534,
      "location-after-char-end": 4742,
      "node-str": "getImageDescriptor"
    },
    {
      "type": "move-subtree",
      "node": {
        "label": "getLabel",
        "type": "Method"
      },
      "location-before-char-start": 4174,
      "location-before-char-end": 4246,
      "location-after-char-start": 4744,
      "location-after-char-end": 4816,
      "node-str": "getLabel"
    },
    {
      "type": "move-subtree",
      "node": {
        "label": "getOriginalId",
        "type": "Method"
      },
      "location-before-char-start": 4248,
      "location-before-char-end": 4337,
      "location-after-char-start": 4818,
      "location-after-char-end": 4907,
      "node-str": "getOriginalId"
    },
    {
      "type": "insert-node",
      "node": {
        "label": "hasCustomDefinition",
        "type": "Method"
      },
      "location-after-char-start": 4909,
      "location-after-char-end": 5126,
      "node-str": "hasCustomDefinition"
    },
    {
      "type": "move-subtree",
      "node": {
        "label": "hasDefaultFlag",
        "type": "Method"
      },
      "location-before-char-start": 4558,
      "location-before-char-end": 4831,
      "location-after-char-start": 5128,
      "location-after-char-end": 5401,
      "node-str": "hasDefaultFlag"
    },
    {
      "type": "move-subtree",
      "node": {
        "label": "isPredefined",
        "type": "Method"
      },
      "location-before-char-start": 4833,
      "location-before-char-end": 4969,
      "location-after-char-start": 5403,
      "location-after-char-end": 5539,
      "node-str": "isPredefined"
    },
    {
      "type": "move-subtree",
      "node": {
        "label": "isSingleton",
        "type": "Method"
      },
      "location-before-char-start": 4971,
      "location-before-char-end": 5081,
      "location-after-char-start": 5541,
      "location-after-char-end": 5651,
      "node-str": "isSingleton"
    },
    {
      "type": "insert-node",
      "node": {
        "label": "restoreState",
        "type": "Method"
      },
      "location-after-char-start": 5653,
      "location-after-char-end": 6550,
      "node-str": "restoreState"
    },
    {
      "type": "move-subtree",
      "node": {
        "label": "revertToPredefined",
        "type": "Method"
      },
      "location-before-char-start": 5982,
      "location-before-char-end": 6174,
      "location-after-char-start": 6552,
      "location-after-char-end": 6744,
      "node-str": "revertToPredefined"
    },
    {
      "type": "insert-node",
      "node": {
        "label": "saveState",
        "type": "Method"
      },
      "location-after-char-start": 6746,
      "location-after-char-end": 7317,
      "node-str": "saveState"
    },
    {
      "type": "insert-node",
      "node": {
        "label": "java.lang.String",
        "type": "VARIABLE_TYPE"
      },
      "location-after-char-start": 0,
      "location-after-char-end": 0,
      "node-str": "java.lang.String"
    },
    {
      "type": "insert-node",
      "node": {
        "label": "java.lang.String",
        "type": "VARIABLE_TYPE"
      },
      "location-after-char-start": 0,
      "location-after-char-end": 0,
      "node-str": "java.lang.String"
    },
    {
      "type": "insert-node",
      "node": {
        "label": "java.lang.String",
        "type": "VARIABLE_TYPE"
      },
      "location-after-char-start": 0,
      "location-after-char-end": 0,
      "node-str": "java.lang.String"
    },
    {
      "type": "insert-node",
      "node": {
        "label": "java.lang.String",
        "type": "VARIABLE_TYPE"
      },
      "location-after-char-start": 0,
      "location-after-char-end": 0,
      "node-str": "java.lang.String"
    },
    {
      "type": "insert-node",
      "node": {
        "label": "java.lang.String",
        "type": "VARIABLE_TYPE"
      },
      "location-after-char-start": 0,
      "location-after-char-end": 0,
      "node-str": "java.lang.String"
    },
    {
      "type": "insert-node",
      "node": {
        "label": "boolean",
        "type": "VARIABLE_TYPE"
      },
      "location-after-char-start": 0,
      "location-after-char-end": 0,
      "node-str": "boolean"
    },
    {
      "type": "insert-node",
      "node": {
        "label": "org.eclipse.jface.resource.ImageDescriptor",
        "type": "VARIABLE_TYPE"
      },
      "location-after-char-start": 0,
      "location-after-char-end": 0,
      "node-str": "org.eclipse.jface.resource.ImageDescriptor"
    },
    {
      "type": "insert-node",
      "node": {
        "label": "org.eclipse.core.runtime.IConfigurationElement",
        "type": "VARIABLE_TYPE"
      },
      "location-after-char-start": 0,
      "location-after-char-end": 0,
      "node-str": "org.eclipse.core.runtime.IConfigurationElement"
    },
    {
      "type": "insert-node",
      "node": {
        "label": "public",
        "type": "Modifier"
      },
      "location-after-char-start": 0,
      "location-after-char-end": 0,
      "node-str": "public"
    },
    {
      "type": "insert-node",
      "node": {
        "label": "configElement",
        "type": "Parameter"
      },
      "location-after-char-start": 2695,
      "location-after-char-end": 2729,
      "node-str": "configElement"
    },
    {
      "type": "insert-node",
      "node": {
        "label": "desc",
        "type": "Parameter"
      },
      "location-after-char-start": 2732,
      "location-after-char-end": 2742,
      "node-str": "desc"
    },
    {
      "type": "insert-node",
      "node": {
        "label": "\u003cinit\u003e",
        "type": "Invocation"
      },
      "location-after-char-start": 2770,
      "location-after-char-end": 2777,
      "node-str": "\u003cinit\u003e"
    },
    {
      "type": "move-subtree",
      "node": {
        "label": "\u003d",
        "type": "Assignment"
      },
      "location-before-char-start": 2345,
      "location-before-char-end": 2379,
      "location-after-char-start": 2780,
      "location-after-char-end": 2814,
      "node-str": "\u003d"
    },
    {
      "type": "move-subtree",
      "node": {
        "label": "\u003d",
        "type": "Assignment"
      },
      "location-before-char-start": 2382,
      "location-before-char-end": 2421,
      "location-after-char-start": 2817,
      "location-after-char-end": 2856,
      "node-str": "\u003d"
    },
    {
      "type": "move-subtree",
      "node": {
        "label": "\u003d",
        "type": "Assignment"
      },
      "location-before-char-start": 2424,
      "location-before-char-end": 2468,
      "location-after-char-start": 2859,
      "location-after-char-end": 2903,
      "node-str": "\u003d"
    },
    {
      "type": "move-subtree",
      "node": {
        "label": "\u003d",
        "type": "Assignment"
      },
      "location-before-char-start": 2471,
      "location-before-char-end": 2520,
      "location-after-char-start": 2906,
      "location-after-char-end": 2955,
      "node-str": "\u003d"
    },
    {
      "type": "move-subtree",
      "node": {
        "label": "\u003d",
        "type": "Assignment"
      },
      "location-before-char-start": 2523,
      "location-before-char-end": 2590,
      "location-after-char-start": 2958,
      "location-after-char-end": 3025,
      "node-str": "\u003d"
    },
    {
      "type": "insert-node",
      "node": {
        "label": "\u003d",
        "type": "Assignment"
      },
      "location-after-char-start": 3028,
      "location-after-char-end": 3046,
      "node-str": "\u003d"
    },
    {
      "type": "insert-node",
      "node": {
        "label": "if",
        "type": "If"
      },
      "location-after-char-start": 3068,
      "location-after-char-end": 3288,
      "node-str": "if"
    },
    {
      "type": "move-subtree",
      "node": {
        "label": "icon",
        "type": "LocalVariable"
      },
      "location-before-char-start": 2872,
      "location-before-char-end": 2922,
      "location-after-char-start": 3307,
      "location-after-char-end": 3357,
      "node-str": "icon"
    },
    {
      "type": "insert-node",
      "node": {
        "label": "if",
        "type": "If"
      },
      "location-after-char-start": 3360,
      "location-after-char-end": 3624,
      "node-str": "if"
    },
    {
      "type": "insert-node",
      "node": {
        "label": "org.eclipse.ui.IPerspectiveFactory",
        "type": "RETURN_TYPE"
      },
      "location-after-char-start": 0,
      "location-after-char-end": 0,
      "node-str": "org.eclipse.ui.IPerspectiveFactory"
    },
    {
      "type": "insert-node",
      "node": {
        "label": "org.eclipse.core.runtime.CoreException",
        "type": "THROWS"
      },
      "location-after-char-start": 0,
      "location-after-char-end": 0,
      "node-str": "org.eclipse.core.runtime.CoreException"
    },
    {
      "type": "insert-node",
      "node": {
        "label": "public",
        "type": "Modifier"
      },
      "location-after-char-start": 0,
      "location-after-char-end": 0,
      "node-str": "public"
    },
    {
      "type": "move-subtree",
      "node": {
        "label": "if",
        "type": "If"
      },
      "location-before-char-start": 3309,
      "location-before-char-end": 3370,
      "location-after-char-start": 3879,
      "location-after-char-end": 3940,
      "node-str": "if"
    },
    {
      "type": "insert-node",
      "node": {
        "label": "obj",
        "type": "LocalVariable"
      },
      "location-after-char-start": 3943,
      "location-after-char-end": 4013,
      "node-str": "obj"
    },
    {
      "type": "insert-node",
      "node": {
        "label": "return",
        "type": "Return"
      },
      "location-after-char-start": 4016,
      "location-after-char-end": 4048,
      "node-str": "return"
    },
    {
      "type": "insert-node",
      "node": {
        "label": "void",
        "type": "RETURN_TYPE"
      },
      "location-after-char-start": 0,
      "location-after-char-end": 0,
      "node-str": "void"
    },
    {
      "type": "insert-node",
      "node": {
        "label": "public",
        "type": "Modifier"
      },
      "location-after-char-start": 0,
      "location-after-char-end": 0,
      "node-str": "public"
    },
    {
      "type": "insert-node",
      "node": {
        "label": "deleteCustomDefinition",
        "type": "Invocation"
      },
      "location-after-char-start": 4153,
      "location-after-char-end": 4261,
      "node-str": "deleteCustomDefinition"
    },
    {
      "type": "insert-node",
      "node": {
        "label": "boolean",
        "type": "RETURN_TYPE"
      },
      "location-after-char-start": 0,
      "location-after-char-end": 0,
      "node-str": "boolean"
    },
    {
      "type": "insert-node",
      "node": {
        "label": "public",
        "type": "Modifier"
      },
      "location-after-char-start": 0,
      "location-after-char-end": 0,
      "node-str": "public"
    },
    {
      "type": "insert-node",
      "node": {
        "label": "return",
        "type": "Return"
      },
      "location-after-char-start": 5012,
      "location-after-char-end": 5124,
      "node-str": "return"
    },
    {
      "type": "insert-node",
      "node": {
        "label": "org.eclipse.core.runtime.IStatus",
        "type": "RETURN_TYPE"
      },
      "location-after-char-start": 0,
      "location-after-char-end": 0,
      "node-str": "org.eclipse.core.runtime.IStatus"
    },
    {
      "type": "insert-node",
      "node": {
        "label": "public",
        "type": "Modifier"
      },
      "location-after-char-start": 0,
      "location-after-char-end": 0,
      "node-str": "public"
    },
    {
      "type": "insert-node",
      "node": {
        "label": "memento",
        "type": "Parameter"
      },
      "location-after-char-start": 5710,
      "location-after-char-end": 5725,
      "node-str": "memento"
    },
    {
      "type": "insert-node",
      "node": {
        "label": "childMem",
        "type": "LocalVariable"
      },
      "location-after-char-start": 5731,
      "location-after-char-end": 5803,
      "node-str": "childMem"
    },
    {
      "type": "insert-node",
      "node": {
        "label": "if",
        "type": "If"
      },
      "location-after-char-start": 5806,
      "location-after-char-end": 6469,
      "node-str": "if"
    },
    {
      "type": "insert-node",
      "node": {
        "label": "return",
        "type": "Return"
      },
      "location-after-char-start": 6472,
      "location-after-char-end": 6532,
      "node-str": "return"
    },
    {
      "type": "insert-node",
      "node": {
        "label": "org.eclipse.core.runtime.IStatus",
        "type": "RETURN_TYPE"
      },
      "location-after-char-start": 0,
      "location-after-char-end": 0,
      "node-str": "org.eclipse.core.runtime.IStatus"
    },
    {
      "type": "insert-node",
      "node": {
        "label": "public",
        "type": "Modifier"
      },
      "location-after-char-start": 0,
      "location-after-char-end": 0,
      "node-str": "public"
    },
    {
      "type": "insert-node",
      "node": {
        "label": "memento",
        "type": "Parameter"
      },
      "location-after-char-start": 6800,
      "location-after-char-end": 6815,
      "node-str": "memento"
    },
    {
      "type": "insert-node",
      "node": {
        "label": "childMem",
        "type": "LocalVariable"
      },
      "location-after-char-start": 6821,
      "location-after-char-end": 6896,
      "node-str": "childMem"
    },
    {
      "type": "move-subtree",
      "node": {
        "label": "putString",
        "type": "Invocation"
      },
      "location-before-char-start": 6329,
      "location-before-char-end": 6378,
      "location-after-char-start": 6899,
      "location-after-char-end": 6948,
      "node-str": "putString"
    },
    {
      "type": "move-subtree",
      "node": {
        "label": "if",
        "type": "If"
      },
      "location-before-char-start": 6381,
      "location-before-char-end": 6471,
      "location-after-char-start": 6951,
      "location-after-char-end": 7041,
      "node-str": "if"
    },
    {
      "type": "move-subtree",
      "node": {
        "label": "putString",
        "type": "Invocation"
      },
      "location-before-char-start": 6474,
      "location-before-char-end": 6529,
      "location-after-char-start": 7044,
      "location-after-char-end": 7099,
      "node-str": "putString"
    },
    {
      "type": "move-subtree",
      "node": {
        "label": "putString",
        "type": "Invocation"
      },
      "location-before-char-start": 6532,
      "location-before-char-end": 6591,
      "location-after-char-start": 7102,
      "location-after-char-end": 7161,
      "node-str": "putString"
    },
    {
      "type": "move-subtree",
      "node": {
        "label": "if",
        "type": "If"
      },
      "location-before-char-start": 6594,
      "location-before-char-end": 6668,
      "location-after-char-start": 7164,
      "location-after-char-end": 7238,
      "node-str": "if"
    },
    {
      "type": "insert-node",
      "node": {
        "label": "return",
        "type": "Return"
      },
      "location-after-char-start": 7241,
      "location-after-char-end": 7301,
      "node-str": "return"
    },
    {
      "type": "insert-node",
      "node": {
        "label": "org.eclipse.core.runtime.IConfigurationElement",
        "type": "VARIABLE_TYPE"
      },
      "location-after-char-start": 0,
      "location-after-char-end": 0,
      "node-str": "org.eclipse.core.runtime.IConfigurationElement"
    },
    {
      "type": "insert-node",
      "node": {
        "label": "java.lang.String",
        "type": "VARIABLE_TYPE"
      },
      "location-after-char-start": 0,
      "location-after-char-end": 0,
      "node-str": "java.lang.String"
    },
    {
      "type": "insert-node",
      "node": {
        "label": "description",
        "type": "FieldWrite"
      },
      "location-after-char-start": 3028,
      "location-after-char-end": 3038,
      "node-str": "description"
    },
    {
      "type": "insert-node",
      "node": {
        "label": "desc",
        "type": "VariableRead"
      },
      "location-after-char-start": 3042,
      "location-after-char-end": 3045,
      "node-str": "desc"
    },
    {
      "type": "move-subtree",
      "node": {
        "label": "OR",
        "type": "BinaryOperator"
      },
      "location-before-char-start": 2637,
      "location-before-char-end": 2674,
      "location-after-char-start": 3072,
      "location-after-char-end": 3109,
      "node-str": "OR"
    },
    {
      "type": "insert-node",
      "node": {
        "label": "THEN",
        "type": "then"
      },
      "location-after-char-start": 3112,
      "location-after-char-end": 3288,
      "node-str": "THEN"
    },
    {
      "type": "insert-node",
      "node": {
        "label": "NE",
        "type": "BinaryOperator"
      },
      "location-after-char-start": 3364,
      "location-after-char-end": 3375,
      "node-str": "NE"
    },
    {
      "type": "insert-node",
      "node": {
        "label": "THEN",
        "type": "then"
      },
      "location-after-char-start": 3378,
      "location-after-char-end": 3624,
      "node-str": "THEN"
    },
    {
      "type": "insert-node",
      "node": {
        "label": "java.lang.Object",
        "type": "VARIABLE_TYPE"
      },
      "location-after-char-start": 0,
      "location-after-char-end": 0,
      "node-str": "java.lang.Object"
    },
    {
      "type": "insert-node",
      "node": {
        "label": "createExtension",
        "type": "Invocation"
      },
      "location-after-char-start": 3956,
      "location-after-char-end": 4012,
      "node-str": "createExtension"
    },
    {
      "type": "insert-node",
      "node": {
        "label": "obj",
        "type": "VariableRead"
      },
      "location-after-char-start": 4023,
      "location-after-char-end": 4047,
      "node-str": "obj"
    },
    {
      "type": "insert-node",
      "node": {
        "label": "getPerspectiveRegistry",
        "type": "Invocation"
      },
      "location-after-char-start": 4153,
      "location-after-char-end": 4231,
      "node-str": "getPerspectiveRegistry"
    },
    {
      "type": "insert-node",
      "node": {
        "label": "this",
        "type": "ThisAccess"
      },
      "location-after-char-start": 4256,
      "location-after-char-end": 4259,
      "node-str": "this"
    },
    {
      "type": "insert-node",
      "node": {
        "label": "hasCustomDefinition",
        "type": "Invocation"
      },
      "location-after-char-start": 5019,
      "location-after-char-end": 5123,
      "node-str": "hasCustomDefinition"
    },
    {
      "type": "insert-node",
      "node": {
        "label": "org.eclipse.ui.IMemento",
        "type": "VARIABLE_TYPE"
      },
      "location-after-char-start": 0,
      "location-after-char-end": 0,
      "node-str": "org.eclipse.ui.IMemento"
    },
    {
      "type": "insert-node",
      "node": {
        "label": "org.eclipse.ui.IMemento",
        "type": "VARIABLE_TYPE"
      },
      "location-after-char-start": 0,
      "location-after-char-end": 0,
      "node-str": "org.eclipse.ui.IMemento"
    },
    {
      "type": "insert-node",
      "node": {
        "label": "getChild",
        "type": "Invocation"
      },
      "location-after-char-start": 5751,
      "location-after-char-end": 5802,
      "node-str": "getChild"
    },
    {
      "type": "insert-node",
      "node": {
        "label": "NE",
        "type": "BinaryOperator"
      },
      "location-after-char-start": 5809,
      "location-after-char-end": 5824,
      "node-str": "NE"
    },
    {
      "type": "insert-node",
      "node": {
        "label": "THEN",
        "type": "then"
      },
      "location-after-char-start": 5827,
      "location-after-char-end": 6469,
      "node-str": "THEN"
    },
    {
      "type": "insert-node",
      "node": {
        "label": "org.eclipse.core.runtime.Status(int,java.lang.Class,int,java.lang.String,java.lang.Throwable)",
        "type": "ConstructorCall"
      },
      "location-after-char-start": 6479,
      "location-after-char-end": 6531,
      "node-str": "org.eclipse.core.runtime.Status(int,java.lang.Class,int,java.lang.String,java.lang.Throwable)"
    },
    {
      "type": "insert-node",
      "node": {
        "label": "org.eclipse.ui.IMemento",
        "type": "VARIABLE_TYPE"
      },
      "location-after-char-start": 0,
      "location-after-char-end": 0,
      "node-str": "org.eclipse.ui.IMemento"
    },
    {
      "type": "insert-node",
      "node": {
        "label": "org.eclipse.ui.IMemento",
        "type": "VARIABLE_TYPE"
      },
      "location-after-char-start": 0,
      "location-after-char-end": 0,
      "node-str": "org.eclipse.ui.IMemento"
    },
    {
      "type": "insert-node",
      "node": {
        "label": "createChild",
        "type": "Invocation"
      },
      "location-after-char-start": 6841,
      "location-after-char-end": 6895,
      "node-str": "createChild"
    },
    {
      "type": "insert-node",
      "node": {
        "label": "org.eclipse.core.runtime.Status(int,java.lang.Class,int,java.lang.String,java.lang.Throwable)",
        "type": "ConstructorCall"
      },
      "location-after-char-start": 7248,
      "location-after-char-end": 7300,
      "node-str": "org.eclipse.core.runtime.Status(int,java.lang.Class,int,java.lang.String,java.lang.Throwable)"
    },
    {
      "type": "insert-node",
      "node": {
        "label": "org.eclipse.ui.internal.registry.PerspectiveDescriptor",
        "type": "TypeAccess"
      },
      "location-after-char-start": 0,
      "location-after-char-end": 0,
      "node-str": "org.eclipse.ui.internal.registry.PerspectiveDescriptor"
    },
    {
      "type": "insert-node",
      "node": {
        "label": "",
        "type": "Throw"
      },
      "location-after-char-start": 3116,
      "location-after-char-end": 3285,
      "node-str": ""
    },
    {
      "type": "insert-node",
      "node": {
        "label": "icon",
        "type": "VariableRead"
      },
      "location-after-char-start": 3364,
      "location-after-char-end": 3367,
      "node-str": "icon"
    },
    {
      "type": "insert-node",
      "node": {
        "label": "null",
        "type": "Literal"
      },
      "location-after-char-start": 3372,
      "location-after-char-end": 3375,
      "node-str": "null"
    },
    {
      "type": "insert-node",
      "node": {
        "label": "extension",
        "type": "LocalVariable"
      },
      "location-after-char-start": 3382,
      "location-after-char-end": 3442,
      "node-str": "extension"
    },
    {
      "type": "insert-node",
      "node": {
        "label": "extendingPluginId",
        "type": "LocalVariable"
      },
      "location-after-char-start": 3446,
      "location-after-char-end": 3538,
      "node-str": "extendingPluginId"
    },
    {
      "type": "insert-node",
      "node": {
        "label": "\u003d",
        "type": "Assignment"
      },
      "location-after-char-start": 3542,
      "location-after-char-end": 3621,
      "node-str": "\u003d"
    },
    {
      "type": "insert-node",
      "node": {
        "label": "org.eclipse.ui.internal.WorkbenchPlugin",
        "type": "TypeAccess"
      },
      "location-after-char-start": 3956,
      "location-after-char-end": 3970,
      "node-str": "org.eclipse.ui.internal.WorkbenchPlugin"
    },
    {
      "type": "insert-node",
      "node": {
        "label": "configElement",
        "type": "FieldRead"
      },
      "location-after-char-start": 3988,
      "location-after-char-end": 4000,
      "node-str": "configElement"
    },
    {
      "type": "insert-node",
      "node": {
        "label": "ATT_CLASS",
        "type": "FieldRead"
      },
      "location-after-char-start": 4003,
      "location-after-char-end": 4011,
      "node-str": "ATT_CLASS"
    },
    {
      "type": "insert-node",
      "node": {
        "label": "getDefault",
        "type": "Invocation"
      },
      "location-after-char-start": 4175,
      "location-after-char-end": 4202,
      "node-str": "getDefault"
    },
    {
      "type": "insert-node",
      "node": {
        "label": "org.eclipse.ui.internal.registry.PerspectiveDescriptor",
        "type": "TypeAccess"
      },
      "location-after-char-start": 0,
      "location-after-char-end": 0,
      "node-str": "org.eclipse.ui.internal.registry.PerspectiveDescriptor"
    },
    {
      "type": "insert-node",
      "node": {
        "label": "getPerspectiveRegistry",
        "type": "Invocation"
      },
      "location-after-char-start": 5019,
      "location-after-char-end": 5097,
      "node-str": "getPerspectiveRegistry"
    },
    {
      "type": "insert-node",
      "node": {
        "label": "this",
        "type": "ThisAccess"
      },
      "location-after-char-start": 5119,
      "location-after-char-end": 5122,
      "node-str": "this"
    },
    {
      "type": "insert-node",
      "node": {
        "label": "memento",
        "type": "VariableRead"
      },
      "location-after-char-start": 5751,
      "location-after-char-end": 5757,
      "node-str": "memento"
    },
    {
      "type": "insert-node",
      "node": {
        "label": "IWorkbenchConstants.TAG_DESCRIPTOR",
        "type": "TypeAccess"
      },
      "location-after-char-start": 5768,
      "location-after-char-end": 5801,
      "node-str": "IWorkbenchConstants.TAG_DESCRIPTOR"
    },
    {
      "type": "insert-node",
      "node": {
        "label": "childMem",
        "type": "VariableRead"
      },
      "location-after-char-start": 5809,
      "location-after-char-end": 5816,
      "node-str": "childMem"
    },
    {
      "type": "insert-node",
      "node": {
        "label": "null",
        "type": "Literal"
      },
      "location-after-char-start": 5821,
      "location-after-char-end": 5824,
      "node-str": "null"
    },
    {
      "type": "move-subtree",
      "node": {
        "label": "\u003d",
        "type": "Assignment"
      },
      "location-before-char-start": 5261,
      "location-before-char-end": 5312,
      "location-after-char-start": 5831,
      "location-after-char-end": 5882,
      "node-str": "\u003d"
    },
    {
      "type": "move-subtree",
      "node": {
        "label": "\u003d",
        "type": "Assignment"
      },
      "location-before-char-start": 5316,
      "location-before-char-end": 5383,
      "location-after-char-start": 5886,
      "location-after-char-end": 5953,
      "node-str": "\u003d"
    },
    {
      "type": "move-subtree",
      "node": {
        "label": "\u003d",
        "type": "Assignment"
      },
      "location-before-char-start": 5387,
      "location-before-char-end": 5444,
      "location-after-char-start": 5957,
      "location-after-char-end": 6014,
      "node-str": "\u003d"
    },
    {
      "type": "move-subtree",
      "node": {
        "label": "\u003d",
        "type": "Assignment"
      },
      "location-before-char-start": 5448,
      "location-before-char-end": 5509,
      "location-after-char-start": 6018,
      "location-after-char-end": 6079,
      "node-str": "\u003d"
    },
    {
      "type": "move-subtree",
      "node": {
        "label": "\u003d",
        "type": "Assignment"
      },
      "location-before-char-start": 5513,
      "location-before-char-end": 5589,
      "location-after-char-start": 6083,
      "location-after-char-end": 6159,
      "node-str": "\u003d"
    },
    {
      "type": "insert-node",
      "node": {
        "label": "descriptor",
        "type": "LocalVariable"
      },
      "location-after-char-start": 6204,
      "location-after-char-end": 6358,
      "node-str": "descriptor"
    },
    {
      "type": "move-subtree",
      "node": {
        "label": "if",
        "type": "If"
      },
      "location-before-char-start": 5794,
      "location-before-char-end": 5896,
      "location-after-char-start": 6364,
      "location-after-char-end": 6466,
      "node-str": "if"
    },
    {
      "type": "insert-node",
      "node": {
        "label": "OK",
        "type": "FieldRead"
      },
      "location-after-char-start": 6490,
      "location-after-char-end": 6499,
      "node-str": "OK"
    },
    {
      "type": "insert-node",
      "node": {
        "label": "PLUGIN_ID",
        "type": "FieldRead"
      },
      "location-after-char-start": 6501,
      "location-after-char-end": 6520,
      "node-str": "PLUGIN_ID"
    },
    {
      "type": "insert-node",
      "node": {
        "label": "0",
        "type": "Literal"
      },
      "location-after-char-start": 6522,
      "location-after-char-end": 6522,
      "node-str": "0"
    },
    {
      "type": "insert-node",
      "node": {
        "label": "\"\"",
        "type": "Literal"
      },
      "location-after-char-start": 6524,
      "location-after-char-end": 6525,
      "node-str": "\"\""
    },
    {
      "type": "insert-node",
      "node": {
        "label": "null",
        "type": "Literal"
      },
      "location-after-char-start": 6527,
      "location-after-char-end": 6530,
      "node-str": "null"
    },
    {
      "type": "insert-node",
      "node": {
        "label": "memento",
        "type": "VariableRead"
      },
      "location-after-char-start": 6841,
      "location-after-char-end": 6847,
      "node-str": "memento"
    },
    {
      "type": "insert-node",
      "node": {
        "label": "IWorkbenchConstants.TAG_DESCRIPTOR",
        "type": "TypeAccess"
      },
      "location-after-char-start": 6861,
      "location-after-char-end": 6894,
      "node-str": "IWorkbenchConstants.TAG_DESCRIPTOR"
    },
    {
      "type": "insert-node",
      "node": {
        "label": "OK",
        "type": "FieldRead"
      },
      "location-after-char-start": 7259,
      "location-after-char-end": 7268,
      "node-str": "OK"
    },
    {
      "type": "insert-node",
      "node": {
        "label": "PLUGIN_ID",
        "type": "FieldRead"
      },
      "location-after-char-start": 7270,
      "location-after-char-end": 7289,
      "node-str": "PLUGIN_ID"
    },
    {
      "type": "insert-node",
      "node": {
        "label": "0",
        "type": "Literal"
      },
      "location-after-char-start": 7291,
      "location-after-char-end": 7291,
      "node-str": "0"
    },
    {
      "type": "insert-node",
      "node": {
        "label": "\"\"",
        "type": "Literal"
      },
      "location-after-char-start": 7293,
      "location-after-char-end": 7294,
      "node-str": "\"\""
    },
    {
      "type": "insert-node",
      "node": {
        "label": "null",
        "type": "Literal"
      },
      "location-after-char-start": 7296,
      "location-after-char-end": 7299,
      "node-str": "null"
    },
    {
      "type": "insert-node",
      "node": {
        "label": "org.eclipse.core.runtime.CoreException(org.eclipse.core.runtime.IStatus)",
        "type": "ConstructorCall"
      },
      "location-after-char-start": 3122,
      "location-after-char-end": 3284,
      "node-str": "org.eclipse.core.runtime.CoreException(org.eclipse.core.runtime.IStatus)"
    },
    {
      "type": "insert-node",
      "node": {
        "label": "org.eclipse.core.runtime.IExtension",
        "type": "VARIABLE_TYPE"
      },
      "location-after-char-start": 0,
      "location-after-char-end": 0,
      "node-str": "org.eclipse.core.runtime.IExtension"
    },
    {
      "type": "insert-node",
      "node": {
        "label": "getDeclaringExtension",
        "type": "Invocation"
      },
      "location-after-char-start": 3405,
      "location-after-char-end": 3441,
      "node-str": "getDeclaringExtension"
    },
    {
      "type": "insert-node",
      "node": {
        "label": "java.lang.String",
        "type": "VARIABLE_TYPE"
      },
      "location-after-char-start": 0,
      "location-after-char-end": 0,
      "node-str": "java.lang.String"
    },
    {
      "type": "insert-node",
      "node": {
        "label": "getUniqueIdentifier",
        "type": "Invocation"
      },
      "location-after-char-start": 3476,
      "location-after-char-end": 3537,
      "node-str": "getUniqueIdentifier"
    },
    {
      "type": "insert-node",
      "node": {
        "label": "image",
        "type": "FieldWrite"
      },
      "location-after-char-start": 3542,
      "location-after-char-end": 3546,
      "node-str": "image"
    },
    {
      "type": "insert-node",
      "node": {
        "label": "imageDescriptorFromPlugin",
        "type": "Invocation"
      },
      "location-after-char-start": 3550,
      "location-after-char-end": 3620,
      "node-str": "imageDescriptorFromPlugin"
    },
    {
      "type": "insert-node",
      "node": {
        "label": "org.eclipse.ui.internal.registry.PerspectiveDescriptor",
        "type": "TypeAccess"
      },
      "location-after-char-start": 0,
      "location-after-char-end": 0,
      "node-str": "org.eclipse.ui.internal.registry.PerspectiveDescriptor"
    },
    {
      "type": "insert-node",
      "node": {
        "label": "org.eclipse.ui.internal.WorkbenchPlugin",
        "type": "TypeAccess"
      },
      "location-after-char-start": 4175,
      "location-after-char-end": 4189,
      "node-str": "org.eclipse.ui.internal.WorkbenchPlugin"
    },
    {
      "type": "insert-node",
      "node": {
        "label": "getDefault",
        "type": "Invocation"
      },
      "location-after-char-start": 5041,
      "location-after-char-end": 5068,
      "node-str": "getDefault"
    },
    {
      "type": "insert-node",
      "node": {
        "label": "org.eclipse.ui.internal.registry.PerspectiveDescriptor",
        "type": "TypeAccess"
      },
      "location-after-char-start": 0,
      "location-after-char-end": 0,
      "node-str": "org.eclipse.ui.internal.registry.PerspectiveDescriptor"
    },
    {
      "type": "insert-node",
      "node": {
        "label": "org.eclipse.ui.internal.registry.PerspectiveDescriptor",
        "type": "VARIABLE_TYPE"
      },
      "location-after-char-start": 0,
      "location-after-char-end": 0,
      "node-str": "org.eclipse.ui.internal.registry.PerspectiveDescriptor"
    },
    {
      "type": "insert-node",
      "node": {
        "label": "findPerspectiveWithId",
        "type": "Invocation"
      },
      "location-after-char-start": 6239,
      "location-after-char-end": 6357,
      "node-str": "findPerspectiveWithId"
    },
    {
      "type": "insert-node",
      "node": {
        "label": "org.eclipse.core.runtime.IStatus",
        "type": "TypeAccess"
      },
      "location-after-char-start": 6490,
      "location-after-char-end": 6496,
      "node-str": "org.eclipse.core.runtime.IStatus"
    },
    {
      "type": "insert-node",
      "node": {
        "label": "org.eclipse.ui.PlatformUI",
        "type": "TypeAccess"
      },
      "location-after-char-start": 0,
      "location-after-char-end": 0,
      "node-str": "org.eclipse.ui.PlatformUI"
    },
    {
      "type": "insert-node",
      "node": {
        "label": "org.eclipse.core.runtime.IStatus",
        "type": "TypeAccess"
      },
      "location-after-char-start": 7259,
      "location-after-char-end": 7265,
      "node-str": "org.eclipse.core.runtime.IStatus"
    },
    {
      "type": "insert-node",
      "node": {
        "label": "org.eclipse.ui.PlatformUI",
        "type": "TypeAccess"
      },
      "location-after-char-start": 0,
      "location-after-char-end": 0,
      "node-str": "org.eclipse.ui.PlatformUI"
    },
    {
      "type": "insert-node",
      "node": {
        "label": "org.eclipse.core.runtime.Status(int,java.lang.Class,int,java.lang.String,java.lang.Throwable)",
        "type": "ConstructorCall"
      },
      "location-after-char-start": 3140,
      "location-after-char-end": 3283,
      "node-str": "org.eclipse.core.runtime.Status(int,java.lang.Class,int,java.lang.String,java.lang.Throwable)"
    },
    {
      "type": "insert-node",
      "node": {
        "label": "configElement",
        "type": "VariableRead"
      },
      "location-after-char-start": 3405,
      "location-after-char-end": 3417,
      "node-str": "configElement"
    },
    {
      "type": "insert-node",
      "node": {
        "label": "getDeclaringPluginDescriptor",
        "type": "Invocation"
      },
      "location-after-char-start": 3476,
      "location-after-char-end": 3515,
      "node-str": "getDeclaringPluginDescriptor"
    },
    {
      "type": "insert-node",
      "node": {
        "label": "org.eclipse.ui.internal.registry.PerspectiveDescriptor",
        "type": "TypeAccess"
      },
      "location-after-char-start": 0,
      "location-after-char-end": 0,
      "node-str": "org.eclipse.ui.internal.registry.PerspectiveDescriptor"
    },
    {
      "type": "insert-node",
      "node": {
        "label": "org.eclipse.ui.plugin.AbstractUIPlugin",
        "type": "TypeAccess"
      },
      "location-after-char-start": 3550,
      "location-after-char-end": 3565,
      "node-str": "org.eclipse.ui.plugin.AbstractUIPlugin"
    },
    {
      "type": "insert-node",
      "node": {
        "label": "extendingPluginId",
        "type": "VariableRead"
      },
      "location-after-char-start": 3597,
      "location-after-char-end": 3613,
      "node-str": "extendingPluginId"
    },
    {
      "type": "insert-node",
      "node": {
        "label": "icon",
        "type": "VariableRead"
      },
      "location-after-char-start": 3616,
      "location-after-char-end": 3619,
      "node-str": "icon"
    },
    {
      "type": "insert-node",
      "node": {
        "label": "org.eclipse.ui.internal.WorkbenchPlugin",
        "type": "TypeAccess"
      },
      "location-after-char-start": 5041,
      "location-after-char-end": 5055,
      "node-str": "org.eclipse.ui.internal.WorkbenchPlugin"
    },
    {
      "type": "insert-node",
      "node": {
        "label": "getPerspectiveRegistry",
        "type": "Invocation"
      },
      "location-after-char-start": 6262,
      "location-after-char-end": 6318,
      "node-str": "getPerspectiveRegistry"
    },
    {
      "type": "insert-node",
      "node": {
        "label": "getOriginalId",
        "type": "Invocation"
      },
      "location-after-char-start": 6342,
      "location-after-char-end": 6356,
      "node-str": "getOriginalId"
    },
    {
      "type": "insert-node",
      "node": {
        "label": "ERROR",
        "type": "FieldRead"
      },
      "location-after-char-start": 3151,
      "location-after-char-end": 3163,
      "node-str": "ERROR"
    },
    {
      "type": "insert-node",
      "node": {
        "label": "PI_WORKBENCH",
        "type": "FieldRead"
      },
      "location-after-char-start": 3169,
      "location-after-char-end": 3196,
      "node-str": "PI_WORKBENCH"
    },
    {
      "type": "insert-node",
      "node": {
        "label": "0",
        "type": "Literal"
      },
      "location-after-char-start": 3199,
      "location-after-char-end": 3199,
      "node-str": "0"
    },
    {
      "type": "insert-node",
      "node": {
        "label": "PLUS",
        "type": "BinaryOperator"
      },
      "location-after-char-start": 3205,
      "location-after-char-end": 3260,
      "node-str": "PLUS"
    },
    {
      "type": "insert-node",
      "node": {
        "label": "null",
        "type": "Literal"
      },
      "location-after-char-start": 3279,
      "location-after-char-end": 3282,
      "node-str": "null"
    },
    {
      "type": "insert-node",
      "node": {
        "label": "extension",
        "type": "VariableRead"
      },
      "location-after-char-start": 3476,
      "location-after-char-end": 3484,
      "node-str": "extension"
    },
    {
      "type": "insert-node",
      "node": {
        "label": "getDefault",
        "type": "Invocation"
      },
      "location-after-char-start": 6262,
      "location-after-char-end": 6289,
      "node-str": "getDefault"
    },
    {
      "type": "insert-node",
      "node": {
        "label": "org.eclipse.ui.internal.registry.PerspectiveDescriptor",
        "type": "TypeAccess"
      },
      "location-after-char-start": 0,
      "location-after-char-end": 0,
      "node-str": "org.eclipse.ui.internal.registry.PerspectiveDescriptor"
    },
    {
      "type": "insert-node",
      "node": {
        "label": "org.eclipse.core.runtime.IStatus",
        "type": "TypeAccess"
      },
      "location-after-char-start": 3151,
      "location-after-char-end": 3157,
      "node-str": "org.eclipse.core.runtime.IStatus"
    },
    {
      "type": "insert-node",
      "node": {
        "label": "org.eclipse.ui.internal.WorkbenchPlugin",
        "type": "TypeAccess"
      },
      "location-after-char-start": 0,
      "location-after-char-end": 0,
      "node-str": "org.eclipse.ui.internal.WorkbenchPlugin"
    },
    {
      "type": "insert-node",
      "node": {
        "label": "\"Invalid extension (missing label or class name): \"",
        "type": "Literal"
      },
      "location-after-char-start": 3205,
      "location-after-char-end": 3255,
      "node-str": "\"Invalid extension (missing label or class name): \""
    },
    {
      "type": "insert-node",
      "node": {
        "label": "id",
        "type": "FieldRead"
      },
      "location-after-char-start": 3259,
      "location-after-char-end": 3260,
      "node-str": "id"
    },
    {
      "type": "insert-node",
      "node": {
        "label": "org.eclipse.ui.internal.WorkbenchPlugin",
        "type": "TypeAccess"
      },
      "location-after-char-start": 6262,
      "location-after-char-end": 6276,
      "node-str": "org.eclipse.ui.internal.WorkbenchPlugin"
    },
    {
      "type": "insert-node",
      "node": {
        "label": "org.eclipse.ui.internal.registry.PerspectiveDescriptor",
        "type": "TypeAccess"
      },
      "location-after-char-start": 0,
      "location-after-char-end": 0,
      "node-str": "org.eclipse.ui.internal.registry.PerspectiveDescriptor"
    },
    {
      "type": "delete-node",
      "node": {
        "label": "public",
        "type": "Modifier"
      },
      "location-before-char-start": 0,
      "location-before-char-end": 0,
      "node-str": "public"
    },
    {
      "type": "delete-node",
      "node": {
        "label": "java.lang.String",
        "type": "VARIABLE_TYPE"
      },
      "location-before-char-start": 0,
      "location-before-char-end": 0,
      "node-str": "java.lang.String"
    },
    {
      "type": "delete-node",
      "node": {
        "label": "id",
        "type": "Field"
      },
      "location-before-char-start": 1250,
      "location-before-char-end": 1267,
      "node-str": "id"
    },
    {
      "type": "delete-node",
      "node": {
        "label": "java.lang.String",
        "type": "VARIABLE_TYPE"
      },
      "location-before-char-start": 0,
      "location-before-char-end": 0,
      "node-str": "java.lang.String"
    },
    {
      "type": "delete-node",
      "node": {
        "label": "originalId",
        "type": "Field"
      },
      "location-before-char-start": 1270,
      "location-before-char-end": 1295,
      "node-str": "originalId"
    },
    {
      "type": "delete-node",
      "node": {
        "label": "java.lang.String",
        "type": "VARIABLE_TYPE"
      },
      "location-before-char-start": 0,
      "location-before-char-end": 0,
      "node-str": "java.lang.String"
    },
    {
      "type": "delete-node",
      "node": {
        "label": "label",
        "type": "Field"
      },
      "location-before-char-start": 1298,
      "location-before-char-end": 1318,
      "node-str": "label"
    },
    {
      "type": "delete-node",
      "node": {
        "label": "java.lang.String",
        "type": "VARIABLE_TYPE"
      },
      "location-before-char-start": 0,
      "location-before-char-end": 0,
      "node-str": "java.lang.String"
    },
    {
      "type": "delete-node",
      "node": {
        "label": "className",
        "type": "Field"
      },
      "location-before-char-start": 1321,
      "location-before-char-end": 1345,
      "node-str": "className"
    },
    {
      "type": "delete-node",
      "node": {
        "label": "java.lang.String",
        "type": "VARIABLE_TYPE"
      },
      "location-before-char-start": 0,
      "location-before-char-end": 0,
      "node-str": "java.lang.String"
    },
    {
      "type": "delete-node",
      "node": {
        "label": "description",
        "type": "Field"
      },
      "location-before-char-start": 1348,
      "location-before-char-end": 1374,
      "node-str": "description"
    },
    {
      "type": "delete-node",
      "node": {
        "label": "boolean",
        "type": "VARIABLE_TYPE"
      },
      "location-before-char-start": 0,
      "location-before-char-end": 0,
      "node-str": "boolean"
    },
    {
      "type": "delete-node",
      "node": {
        "label": "singleton",
        "type": "Field"
      },
      "location-before-char-start": 1377,
      "location-before-char-end": 1402,
      "node-str": "singleton"
    },
    {
      "type": "delete-node",
      "node": {
        "label": "org.eclipse.jface.resource.ImageDescriptor",
        "type": "VARIABLE_TYPE"
      },
      "location-before-char-start": 0,
      "location-before-char-end": 0,
      "node-str": "org.eclipse.jface.resource.ImageDescriptor"
    },
    {
      "type": "delete-node",
      "node": {
        "label": "image",
        "type": "Field"
      },
      "location-before-char-start": 1405,
      "location-before-char-end": 1434,
      "node-str": "image"
    },
    {
      "type": "delete-node",
      "node": {
        "label": "org.eclipse.core.runtime.IConfigurationElement",
        "type": "VARIABLE_TYPE"
      },
      "location-before-char-start": 0,
      "location-before-char-end": 0,
      "node-str": "org.eclipse.core.runtime.IConfigurationElement"
    },
    {
      "type": "delete-node",
      "node": {
        "label": "configElement",
        "type": "Field"
      },
      "location-before-char-start": 1437,
      "location-before-char-end": 1480,
      "node-str": "configElement"
    },
    {
      "type": "delete-node",
      "node": {
        "label": "public",
        "type": "Modifier"
      },
      "location-before-char-start": 0,
      "location-before-char-end": 0,
      "node-str": "public"
    },
    {
      "type": "delete-node",
      "node": {
        "label": "org.eclipse.core.runtime.IConfigurationElement",
        "type": "VARIABLE_TYPE"
      },
      "location-before-char-start": 0,
      "location-before-char-end": 0,
      "node-str": "org.eclipse.core.runtime.IConfigurationElement"
    },
    {
      "type": "delete-node",
      "node": {
        "label": "configElement",
        "type": "Parameter"
      },
      "location-before-char-start": 2260,
      "location-before-char-end": 2294,
      "node-str": "configElement"
    },
    {
      "type": "delete-node",
      "node": {
        "label": "java.lang.String",
        "type": "VARIABLE_TYPE"
      },
      "location-before-char-start": 0,
      "location-before-char-end": 0,
      "node-str": "java.lang.String"
    },
    {
      "type": "delete-node",
      "node": {
        "label": "desc",
        "type": "Parameter"
      },
      "location-before-char-start": 2297,
      "location-before-char-end": 2307,
      "node-str": "desc"
    },
    {
      "type": "delete-node",
      "node": {
        "label": "\u003cinit\u003e",
        "type": "Invocation"
      },
      "location-before-char-start": 2335,
      "location-before-char-end": 2342,
      "node-str": "\u003cinit\u003e"
    },
    {
      "type": "delete-node",
      "node": {
        "label": "org.eclipse.ui.internal.registry.PerspectiveDescriptor",
        "type": "TypeAccess"
      },
      "location-before-char-start": 0,
      "location-before-char-end": 0,
      "node-str": "org.eclipse.ui.internal.registry.PerspectiveDescriptor"
    },
    {
      "type": "delete-node",
      "node": {
        "label": "description",
        "type": "FieldWrite"
      },
      "location-before-char-start": 2593,
      "location-before-char-end": 2603,
      "node-str": "description"
    },
    {
      "type": "delete-node",
      "node": {
        "label": "desc",
        "type": "VariableRead"
      },
      "location-before-char-start": 2607,
      "location-before-char-end": 2610,
      "node-str": "desc"
    },
    {
      "type": "delete-node",
      "node": {
        "label": "\u003d",
        "type": "Assignment"
      },
      "location-before-char-start": 2593,
      "location-before-char-end": 2611,
      "node-str": "\u003d"
    },
    {
      "type": "delete-node",
      "node": {
        "label": "org.eclipse.core.runtime.IStatus",
        "type": "TypeAccess"
      },
      "location-before-char-start": 2716,
      "location-before-char-end": 2722,
      "node-str": "org.eclipse.core.runtime.IStatus"
    },
    {
      "type": "delete-node",
      "node": {
        "label": "ERROR",
        "type": "FieldRead"
      },
      "location-before-char-start": 2716,
      "location-before-char-end": 2728,
      "node-str": "ERROR"
    },
    {
      "type": "delete-node",
      "node": {
        "label": "WorkbenchPlugin",
        "type": "TypeAccess"
      },
      "location-before-char-start": 0,
      "location-before-char-end": 0,
      "node-str": "WorkbenchPlugin"
    },
    {
      "type": "delete-node",
      "node": {
        "label": "PI_WORKBENCH",
        "type": "FieldRead"
      },
      "location-before-char-start": 2734,
      "location-before-char-end": 2761,
      "node-str": "PI_WORKBENCH"
    },
    {
      "type": "delete-node",
      "node": {
        "label": "0",
        "type": "Literal"
      },
      "location-before-char-start": 2764,
      "location-before-char-end": 2764,
      "node-str": "0"
    },
    {
      "type": "delete-node",
      "node": {
        "label": "\"Invalid extension (missing label or class name): \"",
        "type": "Literal"
      },
      "location-before-char-start": 2770,
      "location-before-char-end": 2820,
      "node-str": "\"Invalid extension (missing label or class name): \""
    },
    {
      "type": "delete-node",
      "node": {
        "label": "org.eclipse.ui.internal.registry.PerspectiveDescriptor",
        "type": "TypeAccess"
      },
      "location-before-char-start": 0,
      "location-before-char-end": 0,
      "node-str": "org.eclipse.ui.internal.registry.PerspectiveDescriptor"
    },
    {
      "type": "delete-node",
      "node": {
        "label": "id",
        "type": "FieldRead"
      },
      "location-before-char-start": 2824,
      "location-before-char-end": 2825,
      "node-str": "id"
    },
    {
      "type": "delete-node",
      "node": {
        "label": "PLUS",
        "type": "BinaryOperator"
      },
      "location-before-char-start": 2770,
      "location-before-char-end": 2825,
      "node-str": "PLUS"
    },
    {
      "type": "delete-node",
      "node": {
        "label": "null",
        "type": "Literal"
      },
      "location-before-char-start": 2844,
      "location-before-char-end": 2847,
      "node-str": "null"
    },
    {
      "type": "delete-node",
      "node": {
        "label": "org.eclipse.core.runtime.Status(int,java.lang.Class,int,java.lang.String,java.lang.Throwable)",
        "type": "ConstructorCall"
      },
      "location-before-char-start": 2705,
      "location-before-char-end": 2848,
      "node-str": "org.eclipse.core.runtime.Status(int,java.lang.Class,int,java.lang.String,java.lang.Throwable)"
    },
    {
      "type": "delete-node",
      "node": {
        "label": "org.eclipse.core.runtime.CoreException(org.eclipse.core.runtime.IStatus)",
        "type": "ConstructorCall"
      },
      "location-before-char-start": 2687,
      "location-before-char-end": 2849,
      "node-str": "org.eclipse.core.runtime.CoreException(org.eclipse.core.runtime.IStatus)"
    },
    {
      "type": "delete-node",
      "node": {
        "label": "",
        "type": "Throw"
      },
      "location-before-char-start": 2681,
      "location-before-char-end": 2850,
      "node-str": ""
    },
    {
      "type": "delete-node",
      "node": {
        "label": "THEN",
        "type": "then"
      },
      "location-before-char-start": 2677,
      "location-before-char-end": 2853,
      "node-str": "THEN"
    },
    {
      "type": "delete-node",
      "node": {
        "label": "if",
        "type": "If"
      },
      "location-before-char-start": 2633,
      "location-before-char-end": 2853,
      "node-str": "if"
    },
    {
      "type": "delete-node",
      "node": {
        "label": "icon",
        "type": "VariableRead"
      },
      "location-before-char-start": 2929,
      "location-before-char-end": 2932,
      "node-str": "icon"
    },
    {
      "type": "delete-node",
      "node": {
        "label": "null",
        "type": "Literal"
      },
      "location-before-char-start": 2937,
      "location-before-char-end": 2940,
      "node-str": "null"
    },
    {
      "type": "delete-node",
      "node": {
        "label": "NE",
        "type": "BinaryOperator"
      },
      "location-before-char-start": 2929,
      "location-before-char-end": 2940,
      "node-str": "NE"
    },
    {
      "type": "delete-node",
      "node": {
        "label": "org.eclipse.ui.internal.registry.PerspectiveDescriptor",
        "type": "TypeAccess"
      },
      "location-before-char-start": 0,
      "location-before-char-end": 0,
      "node-str": "org.eclipse.ui.internal.registry.PerspectiveDescriptor"
    },
    {
      "type": "delete-node",
      "node": {
        "label": "image",
        "type": "FieldWrite"
      },
      "location-before-char-start": 2947,
      "location-before-char-end": 2951,
      "node-str": "image"
    },
    {
      "type": "delete-node",
      "node": {
        "label": "WorkbenchImages",
        "type": "TypeAccess"
      },
      "location-before-char-start": 2955,
      "location-before-char-end": 2969,
      "node-str": "WorkbenchImages"
    },
    {
      "type": "delete-node",
      "node": {
        "label": "configElement",
        "type": "VariableRead"
      },
      "location-before-char-start": 3007,
      "location-before-char-end": 3019,
      "node-str": "configElement"
    },
    {
      "type": "delete-node",
      "node": {
        "label": "getDeclaringExtension",
        "type": "Invocation"
      },
      "location-before-char-start": 3007,
      "location-before-char-end": 3043,
      "node-str": "getDeclaringExtension"
    },
    {
      "type": "delete-node",
      "node": {
        "label": "icon",
        "type": "VariableRead"
      },
      "location-before-char-start": 3046,
      "location-before-char-end": 3049,
      "node-str": "icon"
    },
    {
      "type": "delete-node",
      "node": {
        "label": "getImageDescriptorFromExtension",
        "type": "Invocation"
      },
      "location-before-char-start": 2955,
      "location-before-char-end": 3050,
      "node-str": "getImageDescriptorFromExtension"
    },
    {
      "type": "delete-node",
      "node": {
        "label": "\u003d",
        "type": "Assignment"
      },
      "location-before-char-start": 2947,
      "location-before-char-end": 3051,
      "node-str": "\u003d"
    },
    {
      "type": "delete-node",
      "node": {
        "label": "THEN",
        "type": "then"
      },
      "location-before-char-start": 2943,
      "location-before-char-end": 3054,
      "node-str": "THEN"
    },
    {
      "type": "delete-node",
      "node": {
        "label": "if",
        "type": "If"
      },
      "location-before-char-start": 2925,
      "location-before-char-end": 3054,
      "node-str": "if"
    },
    {
      "type": "delete-node",
      "node": {
        "label": "\u003cinit\u003e",
        "type": "Constructor"
      },
      "location-before-char-start": 2177,
      "location-before-char-end": 3056,
      "node-str": "\u003cinit\u003e"
    },
    {
      "type": "delete-node",
      "node": {
        "label": "org.eclipse.ui.internal.registry.IPerspectiveFactory",
        "type": "RETURN_TYPE"
      },
      "location-before-char-start": 0,
      "location-before-char-end": 0,
      "node-str": "org.eclipse.ui.internal.registry.IPerspectiveFactory"
    },
    {
      "type": "delete-node",
      "node": {
        "label": "org.eclipse.core.runtime.CoreException",
        "type": "THROWS"
      },
      "location-before-char-start": 0,
      "location-before-char-end": 0,
      "node-str": "org.eclipse.core.runtime.CoreException"
    },
    {
      "type": "delete-node",
      "node": {
        "label": "public",
        "type": "Modifier"
      },
      "location-before-char-start": 0,
      "location-before-char-end": 0,
      "node-str": "public"
    },
    {
      "type": "delete-node",
      "node": {
        "label": "java.lang.Object",
        "type": "VARIABLE_TYPE"
      },
      "location-before-char-start": 0,
      "location-before-char-end": 0,
      "node-str": "java.lang.Object"
    },
    {
      "type": "delete-node",
      "node": {
        "label": "WorkbenchPlugin",
        "type": "TypeAccess"
      },
      "location-before-char-start": 3386,
      "location-before-char-end": 3400,
      "node-str": "WorkbenchPlugin"
    },
    {
      "type": "delete-node",
      "node": {
        "label": "org.eclipse.ui.internal.registry.PerspectiveDescriptor",
        "type": "TypeAccess"
      },
      "location-before-char-start": 0,
      "location-before-char-end": 0,
      "node-str": "org.eclipse.ui.internal.registry.PerspectiveDescriptor"
    },
    {
      "type": "delete-node",
      "node": {
        "label": "configElement",
        "type": "FieldRead"
      },
      "location-before-char-start": 3418,
      "location-before-char-end": 3430,
      "node-str": "configElement"
    },
    {
      "type": "delete-node",
      "node": {
        "label": "ATT_CLASS",
        "type": "FieldRead"
      },
      "location-before-char-start": 3433,
      "location-before-char-end": 3441,
      "node-str": "ATT_CLASS"
    },
    {
      "type": "delete-node",
      "node": {
        "label": "createExtension",
        "type": "Invocation"
      },
      "location-before-char-start": 3386,
      "location-before-char-end": 3442,
      "node-str": "createExtension"
    },
    {
      "type": "delete-node",
      "node": {
        "label": "obj",
        "type": "LocalVariable"
      },
      "location-before-char-start": 3373,
      "location-before-char-end": 3443,
      "node-str": "obj"
    },
    {
      "type": "delete-node",
      "node": {
        "label": "obj",
        "type": "VariableRead"
      },
      "location-before-char-start": 3453,
      "location-before-char-end": 3477,
      "node-str": "obj"
    },
    {
      "type": "delete-node",
      "node": {
        "label": "return",
        "type": "Return"
      },
      "location-before-char-start": 3446,
      "location-before-char-end": 3478,
      "node-str": "return"
    },
    {
      "type": "delete-node",
      "node": {
        "label": "createFactory",
        "type": "Method"
      },
      "location-before-char-start": 3058,
      "location-before-char-end": 3480,
      "node-str": "createFactory"
    },
    {
      "type": "delete-node",
      "node": {
        "label": "void",
        "type": "RETURN_TYPE"
      },
      "location-before-char-start": 0,
      "location-before-char-end": 0,
      "node-str": "void"
    },
    {
      "type": "delete-node",
      "node": {
        "label": "public",
        "type": "Modifier"
      },
      "location-before-char-start": 0,
      "location-before-char-end": 0,
      "node-str": "public"
    },
    {
      "type": "delete-node",
      "node": {
        "label": "WorkbenchPlugin",
        "type": "TypeAccess"
      },
      "location-before-char-start": 3605,
      "location-before-char-end": 3619,
      "node-str": "WorkbenchPlugin"
    },
    {
      "type": "delete-node",
      "node": {
        "label": "getDefault",
        "type": "Invocation"
      },
      "location-before-char-start": 3605,
      "location-before-char-end": 3632,
      "node-str": "getDefault"
    },
    {
      "type": "delete-node",
      "node": {
        "label": "getPerspectiveRegistry",
        "type": "Invocation"
      },
      "location-before-char-start": 3583,
      "location-before-char-end": 3661,
      "node-str": "getPerspectiveRegistry"
    },
    {
      "type": "delete-node",
      "node": {
        "label": "org.eclipse.ui.internal.registry.PerspectiveDescriptor",
        "type": "TypeAccess"
      },
      "location-before-char-start": 0,
      "location-before-char-end": 0,
      "node-str": "org.eclipse.ui.internal.registry.PerspectiveDescriptor"
    },
    {
      "type": "delete-node",
      "node": {
        "label": "this",
        "type": "ThisAccess"
      },
      "location-before-char-start": 3686,
      "location-before-char-end": 3689,
      "node-str": "this"
    },
    {
      "type": "delete-node",
      "node": {
        "label": "deleteCustomDefinition",
        "type": "Invocation"
      },
      "location-before-char-start": 3583,
      "location-before-char-end": 3691,
      "node-str": "deleteCustomDefinition"
    },
    {
      "type": "delete-node",
      "node": {
        "label": "deleteCustomDefinition",
        "type": "Method"
      },
      "location-before-char-start": 3482,
      "location-before-char-end": 3693,
      "node-str": "deleteCustomDefinition"
    },
    {
      "type": "delete-node",
      "node": {
        "label": "boolean",
        "type": "RETURN_TYPE"
      },
      "location-before-char-start": 0,
      "location-before-char-end": 0,
      "node-str": "boolean"
    },
    {
      "type": "delete-node",
      "node": {
        "label": "public",
        "type": "Modifier"
      },
      "location-before-char-start": 0,
      "location-before-char-end": 0,
      "node-str": "public"
    },
    {
      "type": "delete-node",
      "node": {
        "label": "WorkbenchPlugin",
        "type": "TypeAccess"
      },
      "location-before-char-start": 4471,
      "location-before-char-end": 4485,
      "node-str": "WorkbenchPlugin"
    },
    {
      "type": "delete-node",
      "node": {
        "label": "getDefault",
        "type": "Invocation"
      },
      "location-before-char-start": 4471,
      "location-before-char-end": 4498,
      "node-str": "getDefault"
    },
    {
      "type": "delete-node",
      "node": {
        "label": "getPerspectiveRegistry",
        "type": "Invocation"
      },
      "location-before-char-start": 4449,
      "location-before-char-end": 4527,
      "node-str": "getPerspectiveRegistry"
    },
    {
      "type": "delete-node",
      "node": {
        "label": "org.eclipse.ui.internal.registry.PerspectiveDescriptor",
        "type": "TypeAccess"
      },
      "location-before-char-start": 0,
      "location-before-char-end": 0,
      "node-str": "org.eclipse.ui.internal.registry.PerspectiveDescriptor"
    },
    {
      "type": "delete-node",
      "node": {
        "label": "this",
        "type": "ThisAccess"
      },
      "location-before-char-start": 4549,
      "location-before-char-end": 4552,
      "node-str": "this"
    },
    {
      "type": "delete-node",
      "node": {
        "label": "hasCustomDefinition",
        "type": "Invocation"
      },
      "location-before-char-start": 4449,
      "location-before-char-end": 4553,
      "node-str": "hasCustomDefinition"
    },
    {
      "type": "delete-node",
      "node": {
        "label": "return",
        "type": "Return"
      },
      "location-before-char-start": 4442,
      "location-before-char-end": 4554,
      "node-str": "return"
    },
    {
      "type": "delete-node",
      "node": {
        "label": "hasCustomDefinition",
        "type": "Method"
      },
      "location-before-char-start": 4339,
      "location-before-char-end": 4556,
      "node-str": "hasCustomDefinition"
    },
    {
      "type": "delete-node",
      "node": {
        "label": "org.eclipse.core.runtime.IStatus",
        "type": "RETURN_TYPE"
      },
      "location-before-char-start": 0,
      "location-before-char-end": 0,
      "node-str": "org.eclipse.core.runtime.IStatus"
    },
    {
      "type": "delete-node",
      "node": {
        "label": "public",
        "type": "Modifier"
      },
      "location-before-char-start": 0,
      "location-before-char-end": 0,
      "node-str": "public"
    },
    {
      "type": "delete-node",
      "node": {
        "label": "IMemento",
        "type": "VARIABLE_TYPE"
      },
      "location-before-char-start": 0,
      "location-before-char-end": 0,
      "node-str": "IMemento"
    },
    {
      "type": "delete-node",
      "node": {
        "label": "memento",
        "type": "Parameter"
      },
      "location-before-char-start": 5140,
      "location-before-char-end": 5155,
      "node-str": "memento"
    },
    {
      "type": "delete-node",
      "node": {
        "label": "IMemento",
        "type": "VARIABLE_TYPE"
      },
      "location-before-char-start": 0,
      "location-before-char-end": 0,
      "node-str": "IMemento"
    },
    {
      "type": "delete-node",
      "node": {
        "label": "memento",
        "type": "VariableRead"
      },
      "location-before-char-start": 5181,
      "location-before-char-end": 5187,
      "node-str": "memento"
    },
    {
      "type": "delete-node",
      "node": {
        "label": "IWorkbenchConstants.TAG_DESCRIPTOR",
        "type": "TypeAccess"
      },
      "location-before-char-start": 5198,
      "location-before-char-end": 5231,
      "node-str": "IWorkbenchConstants.TAG_DESCRIPTOR"
    },
    {
      "type": "delete-node",
      "node": {
        "label": "getChild",
        "type": "Invocation"
      },
      "location-before-char-start": 5181,
      "location-before-char-end": 5232,
      "node-str": "getChild"
    },
    {
      "type": "delete-node",
      "node": {
        "label": "childMem",
        "type": "LocalVariable"
      },
      "location-before-char-start": 5161,
      "location-before-char-end": 5233,
      "node-str": "childMem"
    },
    {
      "type": "delete-node",
      "node": {
        "label": "childMem",
        "type": "VariableRead"
      },
      "location-before-char-start": 5239,
      "location-before-char-end": 5246,
      "node-str": "childMem"
    },
    {
      "type": "delete-node",
      "node": {
        "label": "null",
        "type": "Literal"
      },
      "location-before-char-start": 5251,
      "location-before-char-end": 5254,
      "node-str": "null"
    },
    {
      "type": "delete-node",
      "node": {
        "label": "NE",
        "type": "BinaryOperator"
      },
      "location-before-char-start": 5239,
      "location-before-char-end": 5254,
      "node-str": "NE"
    },
    {
      "type": "delete-node",
      "node": {
        "label": "org.eclipse.ui.internal.registry.PerspectiveDescriptor",
        "type": "VARIABLE_TYPE"
      },
      "location-before-char-start": 0,
      "location-before-char-end": 0,
      "node-str": "org.eclipse.ui.internal.registry.PerspectiveDescriptor"
    },
    {
      "type": "delete-node",
      "node": {
        "label": "WorkbenchPlugin",
        "type": "TypeAccess"
      },
      "location-before-char-start": 5692,
      "location-before-char-end": 5706,
      "node-str": "WorkbenchPlugin"
    },
    {
      "type": "delete-node",
      "node": {
        "label": "getDefault",
        "type": "Invocation"
      },
      "location-before-char-start": 5692,
      "location-before-char-end": 5719,
      "node-str": "getDefault"
    },
    {
      "type": "delete-node",
      "node": {
        "label": "getPerspectiveRegistry",
        "type": "Invocation"
      },
      "location-before-char-start": 5692,
      "location-before-char-end": 5748,
      "node-str": "getPerspectiveRegistry"
    },
    {
      "type": "delete-node",
      "node": {
        "label": "org.eclipse.ui.internal.registry.PerspectiveDescriptor",
        "type": "TypeAccess"
      },
      "location-before-char-start": 0,
      "location-before-char-end": 0,
      "node-str": "org.eclipse.ui.internal.registry.PerspectiveDescriptor"
    },
    {
      "type": "delete-node",
      "node": {
        "label": "getOriginalId",
        "type": "Invocation"
      },
      "location-before-char-start": 5772,
      "location-before-char-end": 5786,
      "node-str": "getOriginalId"
    },
    {
      "type": "delete-node",
      "node": {
        "label": "findPerspectiveWithId",
        "type": "Invocation"
      },
      "location-before-char-start": 5669,
      "location-before-char-end": 5787,
      "node-str": "findPerspectiveWithId"
    },
    {
      "type": "delete-node",
      "node": {
        "label": "descriptor",
        "type": "LocalVariable"
      },
      "location-before-char-start": 5634,
      "location-before-char-end": 5788,
      "node-str": "descriptor"
    },
    {
      "type": "delete-node",
      "node": {
        "label": "THEN",
        "type": "then"
      },
      "location-before-char-start": 5257,
      "location-before-char-end": 5899,
      "node-str": "THEN"
    },
    {
      "type": "delete-node",
      "node": {
        "label": "if",
        "type": "If"
      },
      "location-before-char-start": 5236,
      "location-before-char-end": 5899,
      "node-str": "if"
    },
    {
      "type": "delete-node",
      "node": {
        "label": "org.eclipse.core.runtime.IStatus",
        "type": "TypeAccess"
      },
      "location-before-char-start": 5920,
      "location-before-char-end": 5926,
      "node-str": "org.eclipse.core.runtime.IStatus"
    },
    {
      "type": "delete-node",
      "node": {
        "label": "OK",
        "type": "FieldRead"
      },
      "location-before-char-start": 5920,
      "location-before-char-end": 5929,
      "node-str": "OK"
    },
    {
      "type": "delete-node",
      "node": {
        "label": "PlatformUI",
        "type": "TypeAccess"
      },
      "location-before-char-start": 0,
      "location-before-char-end": 0,
      "node-str": "PlatformUI"
    },
    {
      "type": "delete-node",
      "node": {
        "label": "PLUGIN_ID",
        "type": "FieldRead"
      },
      "location-before-char-start": 5931,
      "location-before-char-end": 5950,
      "node-str": "PLUGIN_ID"
    },
    {
      "type": "delete-node",
      "node": {
        "label": "0",
        "type": "Literal"
      },
      "location-before-char-start": 5952,
      "location-before-char-end": 5952,
      "node-str": "0"
    },
    {
      "type": "delete-node",
      "node": {
        "label": "\"\"",
        "type": "Literal"
      },
      "location-before-char-start": 5954,
      "location-before-char-end": 5955,
      "node-str": "\"\""
    },
    {
      "type": "delete-node",
      "node": {
        "label": "null",
        "type": "Literal"
      },
      "location-before-char-start": 5957,
      "location-before-char-end": 5960,
      "node-str": "null"
    },
    {
      "type": "delete-node",
      "node": {
        "label": "org.eclipse.core.runtime.Status(int,java.lang.Class,int,java.lang.String,java.lang.Throwable)",
        "type": "ConstructorCall"
      },
      "location-before-char-start": 5909,
      "location-before-char-end": 5961,
      "node-str": "org.eclipse.core.runtime.Status(int,java.lang.Class,int,java.lang.String,java.lang.Throwable)"
    },
    {
      "type": "delete-node",
      "node": {
        "label": "return",
        "type": "Return"
      },
      "location-before-char-start": 5902,
      "location-before-char-end": 5962,
      "node-str": "return"
    },
    {
      "type": "delete-node",
      "node": {
        "label": "restoreState",
        "type": "Method"
      },
      "location-before-char-start": 5083,
      "location-before-char-end": 5980,
      "node-str": "restoreState"
    },
    {
      "type": "delete-node",
      "node": {
        "label": "org.eclipse.core.runtime.IStatus",
        "type": "RETURN_TYPE"
      },
      "location-before-char-start": 0,
      "location-before-char-end": 0,
      "node-str": "org.eclipse.core.runtime.IStatus"
    },
    {
      "type": "delete-node",
      "node": {
        "label": "public",
        "type": "Modifier"
      },
      "location-before-char-start": 0,
      "location-before-char-end": 0,
      "node-str": "public"
    },
    {
      "type": "delete-node",
      "node": {
        "label": "IMemento",
        "type": "VARIABLE_TYPE"
      },
      "location-before-char-start": 0,
      "location-before-char-end": 0,
      "node-str": "IMemento"
    },
    {
      "type": "delete-node",
      "node": {
        "label": "memento",
        "type": "Parameter"
      },
      "location-before-char-start": 6230,
      "location-before-char-end": 6245,
      "node-str": "memento"
    },
    {
      "type": "delete-node",
      "node": {
        "label": "IMemento",
        "type": "VARIABLE_TYPE"
      },
      "location-before-char-start": 0,
      "location-before-char-end": 0,
      "node-str": "IMemento"
    },
    {
      "type": "delete-node",
      "node": {
        "label": "memento",
        "type": "VariableRead"
      },
      "location-before-char-start": 6271,
      "location-before-char-end": 6277,
      "node-str": "memento"
    },
    {
      "type": "delete-node",
      "node": {
        "label": "IWorkbenchConstants.TAG_DESCRIPTOR",
        "type": "TypeAccess"
      },
      "location-before-char-start": 6291,
      "location-before-char-end": 6324,
      "node-str": "IWorkbenchConstants.TAG_DESCRIPTOR"
    },
    {
      "type": "delete-node",
      "node": {
        "label": "createChild",
        "type": "Invocation"
      },
      "location-before-char-start": 6271,
      "location-before-char-end": 6325,
      "node-str": "createChild"
    },
    {
      "type": "delete-node",
      "node": {
        "label": "childMem",
        "type": "LocalVariable"
      },
      "location-before-char-start": 6251,
      "location-before-char-end": 6326,
      "node-str": "childMem"
    },
    {
      "type": "delete-node",
      "node": {
        "label": "org.eclipse.core.runtime.IStatus",
        "type": "TypeAccess"
      },
      "location-before-char-start": 6689,
      "location-before-char-end": 6695,
      "node-str": "org.eclipse.core.runtime.IStatus"
    },
    {
      "type": "delete-node",
      "node": {
        "label": "OK",
        "type": "FieldRead"
      },
      "location-before-char-start": 6689,
      "location-before-char-end": 6698,
      "node-str": "OK"
    },
    {
      "type": "delete-node",
      "node": {
        "label": "PlatformUI",
        "type": "TypeAccess"
      },
      "location-before-char-start": 0,
      "location-before-char-end": 0,
      "node-str": "PlatformUI"
    },
    {
      "type": "delete-node",
      "node": {
        "label": "PLUGIN_ID",
        "type": "FieldRead"
      },
      "location-before-char-start": 6700,
      "location-before-char-end": 6719,
      "node-str": "PLUGIN_ID"
    },
    {
      "type": "delete-node",
      "node": {
        "label": "0",
        "type": "Literal"
      },
      "location-before-char-start": 6721,
      "location-before-char-end": 6721,
      "node-str": "0"
    },
    {
      "type": "delete-node",
      "node": {
        "label": "\"\"",
        "type": "Literal"
      },
      "location-before-char-start": 6723,
      "location-before-char-end": 6724,
      "node-str": "\"\""
    },
    {
      "type": "delete-node",
      "node": {
        "label": "null",
        "type": "Literal"
      },
      "location-before-char-start": 6726,
      "location-before-char-end": 6729,
      "node-str": "null"
    },
    {
      "type": "delete-node",
      "node": {
        "label": "org.eclipse.core.runtime.Status(int,java.lang.Class,int,java.lang.String,java.lang.Throwable)",
        "type": "ConstructorCall"
      },
      "location-before-char-start": 6678,
      "location-before-char-end": 6730,
      "node-str": "org.eclipse.core.runtime.Status(int,java.lang.Class,int,java.lang.String,java.lang.Throwable)"
    },
    {
      "type": "delete-node",
      "node": {
        "label": "return",
        "type": "Return"
      },
      "location-before-char-start": 6671,
      "location-before-char-end": 6731,
      "node-str": "return"
    },
    {
      "type": "delete-node",
      "node": {
        "label": "saveState",
        "type": "Method"
      },
      "location-before-char-start": 6176,
      "location-before-char-end": 6747,
      "node-str": "saveState"
    },
    {
      "type": "delete-node",
      "node": {
        "label": "PerspectiveDescriptor",
        "type": "Class"
      },
      "location-before-char-start": 732,
      "location-before-char-end": 6749,
      "node-str": "PerspectiveDescriptor"
    }
  ],
  "before-file": {},
  "after-file": {},
  "mapping": {}
}