{
  "tool-info": {},
  "diff": [
    {
      "type": "insert-node",
      "node": {
        "label": "public",
        "type": "Modifier"
      },
      "location-after-char-start": 0,
      "location-after-char-end": 0,
      "node-str": "public"
    },
    {
      "type": "insert-node",
      "node": {
        "label": "defIdToAction",
        "type": "Field"
      },
      "location-after-char-start": 631,
      "location-after-char-end": 720,
      "node-str": "defIdToAction"
    },
    {
      "type": "insert-node",
      "node": {
        "label": "parent",
        "type": "Field"
      },
      "location-after-char-start": 886,
      "location-after-char-end": 1031,
      "node-str": "parent"
    },
    {
      "type": "insert-node",
      "node": {
        "label": "registerAction",
        "type": "Method"
      },
      "location-after-char-start": 2357,
      "location-after-char-end": 2649,
      "node-str": "registerAction"
    },
    {
      "type": "insert-node",
      "node": {
        "label": "unregisterAction",
        "type": "Method"
      },
      "location-after-char-start": 2660,
      "location-after-char-end": 2957,
      "node-str": "unregisterAction"
    },
    {
      "type": "insert-node",
      "node": {
        "label": "getAction",
        "type": "Method"
      },
      "location-after-char-start": 2966,
      "location-after-char-end": 3304,
      "node-str": "getAction"
    },
    {
      "type": "insert-node",
      "node": {
        "label": "java.util.HashMap",
        "type": "VARIABLE_TYPE"
      },
      "location-after-char-start": 0,
      "location-after-char-end": 0,
      "node-str": "java.util.HashMap"
    },
    {
      "type": "insert-node",
      "node": {
        "label": "java.util.HashMap()",
        "type": "ConstructorCall"
      },
      "location-after-char-start": 707,
      "location-after-char-end": 719,
      "node-str": "java.util.HashMap()"
    },
    {
      "type": "insert-node",
      "node": {
        "label": "org.eclipse.ui.internal.WWinKeyBindingService",
        "type": "VARIABLE_TYPE"
      },
      "location-after-char-start": 0,
      "location-after-char-end": 0,
      "node-str": "org.eclipse.ui.internal.WWinKeyBindingService"
    },
    {
      "type": "insert-node",
      "node": {
        "label": "void",
        "type": "RETURN_TYPE"
      },
      "location-after-char-start": 0,
      "location-after-char-end": 0,
      "node-str": "void"
    },
    {
      "type": "insert-node",
      "node": {
        "label": "public",
        "type": "Modifier"
      },
      "location-after-char-start": 0,
      "location-after-char-end": 0,
      "node-str": "public"
    },
    {
      "type": "insert-node",
      "node": {
        "label": "action",
        "type": "Parameter"
      },
      "location-after-char-start": 2445,
      "location-after-char-end": 2458,
      "node-str": "action"
    },
    {
      "type": "move-subtree",
      "node": {
        "label": "defId",
        "type": "LocalVariable"
      },
      "location-before-char-start": 2993,
      "location-before-char-end": 3038,
      "location-after-char-start": 2468,
      "location-after-char-end": 2513,
      "node-str": "defId"
    },
    {
      "type": "insert-node",
      "node": {
        "label": "isNotNull",
        "type": "Invocation"
      },
      "location-after-char-start": 2520,
      "location-after-char-end": 2594,
      "node-str": "isNotNull"
    },
    {
      "type": "move-subtree",
      "node": {
        "label": "put",
        "type": "Invocation"
      },
      "location-before-char-start": 3136,
      "location-before-char-end": 3167,
      "location-after-char-start": 2612,
      "location-after-char-end": 2643,
      "node-str": "put"
    },
    {
      "type": "insert-node",
      "node": {
        "label": "void",
        "type": "RETURN_TYPE"
      },
      "location-after-char-start": 0,
      "location-after-char-end": 0,
      "node-str": "void"
    },
    {
      "type": "insert-node",
      "node": {
        "label": "public",
        "type": "Modifier"
      },
      "location-after-char-start": 0,
      "location-after-char-end": 0,
      "node-str": "public"
    },
    {
      "type": "insert-node",
      "node": {
        "label": "action",
        "type": "Parameter"
      },
      "location-after-char-start": 2752,
      "location-after-char-end": 2765,
      "node-str": "action"
    },
    {
      "type": "move-subtree",
      "node": {
        "label": "defId",
        "type": "LocalVariable"
      },
      "location-before-char-start": 3342,
      "location-before-char-end": 3387,
      "location-after-char-start": 2780,
      "location-after-char-end": 2825,
      "node-str": "defId"
    },
    {
      "type": "insert-node",
      "node": {
        "label": "isNotNull",
        "type": "Invocation"
      },
      "location-after-char-start": 2832,
      "location-after-char-end": 2906,
      "node-str": "isNotNull"
    },
    {
      "type": "move-subtree",
      "node": {
        "label": "remove",
        "type": "Invocation"
      },
      "location-before-char-start": 3485,
      "location-before-char-end": 3512,
      "location-after-char-start": 2924,
      "location-after-char-end": 2951,
      "node-str": "remove"
    },
    {
      "type": "insert-node",
      "node": {
        "label": "org.eclipse.jface.action.IAction",
        "type": "RETURN_TYPE"
      },
      "location-after-char-start": 0,
      "location-after-char-end": 0,
      "node-str": "org.eclipse.jface.action.IAction"
    },
    {
      "type": "insert-node",
      "node": {
        "label": "public",
        "type": "Modifier"
      },
      "location-after-char-start": 0,
      "location-after-char-end": 0,
      "node-str": "public"
    },
    {
      "type": "insert-node",
      "node": {
        "label": "definitionId",
        "type": "Parameter"
      },
      "location-after-char-start": 3085,
      "location-after-char-end": 3103,
      "node-str": "definitionId"
    },
    {
      "type": "insert-node",
      "node": {
        "label": "action",
        "type": "LocalVariable"
      },
      "location-after-char-start": 3113,
      "location-after-char-end": 3171,
      "node-str": "action"
    },
    {
      "type": "insert-node",
      "node": {
        "label": "if",
        "type": "If"
      },
      "location-after-char-start": 3184,
      "location-after-char-end": 3266,
      "node-str": "if"
    },
    {
      "type": "insert-node",
      "node": {
        "label": "return",
        "type": "Return"
      },
      "location-after-char-start": 3285,
      "location-after-char-end": 3298,
      "node-str": "return"
    },
    {
      "type": "insert-node",
      "node": {
        "label": "org.eclipse.jface.action.IAction",
        "type": "VARIABLE_TYPE"
      },
      "location-after-char-start": 0,
      "location-after-char-end": 0,
      "node-str": "org.eclipse.jface.action.IAction"
    },
    {
      "type": "insert-node",
      "node": {
        "label": "org.eclipse.ui.internal.misc.Assert",
        "type": "TypeAccess"
      },
      "location-after-char-start": 2520,
      "location-after-char-end": 2525,
      "node-str": "org.eclipse.ui.internal.misc.Assert"
    },
    {
      "type": "insert-node",
      "node": {
        "label": "defId",
        "type": "VariableRead"
      },
      "location-after-char-start": 2537,
      "location-after-char-end": 2541,
      "node-str": "defId"
    },
    {
      "type": "insert-node",
      "node": {
        "label": "\"All registered action must have a definition id\"",
        "type": "Literal"
      },
      "location-after-char-start": 2544,
      "location-after-char-end": 2592,
      "node-str": "\"All registered action must have a definition id\""
    },
    {
      "type": "insert-node",
      "node": {
        "label": "org.eclipse.jface.action.IAction",
        "type": "VARIABLE_TYPE"
      },
      "location-after-char-start": 0,
      "location-after-char-end": 0,
      "node-str": "org.eclipse.jface.action.IAction"
    },
    {
      "type": "insert-node",
      "node": {
        "label": "org.eclipse.ui.internal.misc.Assert",
        "type": "TypeAccess"
      },
      "location-after-char-start": 2832,
      "location-after-char-end": 2837,
      "node-str": "org.eclipse.ui.internal.misc.Assert"
    },
    {
      "type": "insert-node",
      "node": {
        "label": "defId",
        "type": "VariableRead"
      },
      "location-after-char-start": 2849,
      "location-after-char-end": 2853,
      "node-str": "defId"
    },
    {
      "type": "insert-node",
      "node": {
        "label": "\"All registered action must have a definition id\"",
        "type": "Literal"
      },
      "location-after-char-start": 2856,
      "location-after-char-end": 2904,
      "node-str": "\"All registered action must have a definition id\""
    },
    {
      "type": "insert-node",
      "node": {
        "label": "java.lang.String",
        "type": "VARIABLE_TYPE"
      },
      "location-after-char-start": 0,
      "location-after-char-end": 0,
      "node-str": "java.lang.String"
    },
    {
      "type": "insert-node",
      "node": {
        "label": "org.eclipse.jface.action.IAction",
        "type": "VARIABLE_TYPE"
      },
      "location-after-char-start": 0,
      "location-after-char-end": 0,
      "node-str": "org.eclipse.jface.action.IAction"
    },
    {
      "type": "insert-node",
      "node": {
        "label": "get",
        "type": "Invocation"
      },
      "location-after-char-start": 3130,
      "location-after-char-end": 3170,
      "node-str": "get"
    },
    {
      "type": "insert-node",
      "node": {
        "label": "EQ",
        "type": "BinaryOperator"
      },
      "location-after-char-start": 3188,
      "location-after-char-end": 3201,
      "node-str": "EQ"
    },
    {
      "type": "insert-node",
      "node": {
        "label": "THEN",
        "type": "then"
      },
      "location-after-char-start": 3210,
      "location-after-char-end": 3266,
      "node-str": "THEN"
    },
    {
      "type": "insert-node",
      "node": {
        "label": "action",
        "type": "VariableRead"
      },
      "location-after-char-start": 3292,
      "location-after-char-end": 3297,
      "node-str": "action"
    },
    {
      "type": "insert-node",
      "node": {
        "label": "defIdToAction",
        "type": "FieldRead"
      },
      "location-after-char-start": 3140,
      "location-after-char-end": 3152,
      "node-str": "defIdToAction"
    },
    {
      "type": "insert-node",
      "node": {
        "label": "definitionId",
        "type": "VariableRead"
      },
      "location-after-char-start": 3158,
      "location-after-char-end": 3169,
      "node-str": "definitionId"
    },
    {
      "type": "insert-node",
      "node": {
        "label": "action",
        "type": "VariableRead"
      },
      "location-after-char-start": 3188,
      "location-after-char-end": 3193,
      "node-str": "action"
    },
    {
      "type": "insert-node",
      "node": {
        "label": "null",
        "type": "Literal"
      },
      "location-after-char-start": 3198,
      "location-after-char-end": 3201,
      "node-str": "null"
    },
    {
      "type": "insert-node",
      "node": {
        "label": "\u003d",
        "type": "Assignment"
      },
      "location-after-char-start": 3210,
      "location-after-char-end": 3266,
      "node-str": "\u003d"
    },
    {
      "type": "insert-node",
      "node": {
        "label": "org.eclipse.ui.internal.KeyBindingService",
        "type": "TypeAccess"
      },
      "location-after-char-start": 0,
      "location-after-char-end": 0,
      "node-str": "org.eclipse.ui.internal.KeyBindingService"
    },
    {
      "type": "insert-node",
      "node": {
        "label": "action",
        "type": "VariableWrite"
      },
      "location-after-char-start": 3210,
      "location-after-char-end": 3215,
      "node-str": "action"
    },
    {
      "type": "insert-node",
      "node": {
        "label": "get",
        "type": "Invocation"
      },
      "location-after-char-start": 3219,
      "location-after-char-end": 3265,
      "node-str": "get"
    },
    {
      "type": "move-subtree",
      "node": {
        "label": "getMapping",
        "type": "Invocation"
      },
      "location-before-char-start": 3757,
      "location-before-char-end": 3775,
      "location-after-char-start": 3229,
      "location-after-char-end": 3247,
      "node-str": "getMapping"
    },
    {
      "type": "insert-node",
      "node": {
        "label": "definitionId",
        "type": "VariableRead"
      },
      "location-after-char-start": 3253,
      "location-after-char-end": 3264,
      "node-str": "definitionId"
    },
    {
      "type": "delete-node",
      "node": {
        "label": "public",
        "type": "Modifier"
      },
      "location-before-char-start": 0,
      "location-before-char-end": 0,
      "node-str": "public"
    },
    {
      "type": "delete-node",
      "node": {
        "label": "java.util.HashMap",
        "type": "VARIABLE_TYPE"
      },
      "location-before-char-start": 0,
      "location-before-char-end": 0,
      "node-str": "java.util.HashMap"
    },
    {
      "type": "delete-node",
      "node": {
        "label": "java.util.HashMap()",
        "type": "ConstructorCall"
      },
      "location-before-char-start": 707,
      "location-before-char-end": 719,
      "node-str": "java.util.HashMap()"
    },
    {
      "type": "delete-node",
      "node": {
        "label": "defIdToAction",
        "type": "Field"
      },
      "location-before-char-start": 631,
      "location-before-char-end": 720,
      "node-str": "defIdToAction"
    },
    {
      "type": "delete-node",
      "node": {
        "label": "java.util.HashMap",
        "type": "VARIABLE_TYPE"
      },
      "location-before-char-start": 0,
      "location-before-char-end": 0,
      "node-str": "java.util.HashMap"
    },
    {
      "type": "delete-node",
      "node": {
        "label": "java.util.HashMap()",
        "type": "ConstructorCall"
      },
      "location-before-char-start": 914,
      "location-before-char-end": 926,
      "node-str": "java.util.HashMap()"
    },
    {
      "type": "delete-node",
      "node": {
        "label": "allDefIdToAction",
        "type": "Field"
      },
      "location-before-char-start": 725,
      "location-before-char-end": 927,
      "node-str": "allDefIdToAction"
    },
    {
      "type": "delete-node",
      "node": {
        "label": "org.eclipse.ui.internal.WWinKeyBindingService",
        "type": "VARIABLE_TYPE"
      },
      "location-before-char-start": 0,
      "location-before-char-end": 0,
      "node-str": "org.eclipse.ui.internal.WWinKeyBindingService"
    },
    {
      "type": "delete-node",
      "node": {
        "label": "parent",
        "type": "Field"
      },
      "location-before-char-start": 1092,
      "location-before-char-end": 1237,
      "node-str": "parent"
    },
    {
      "type": "delete-node",
      "node": {
        "label": "long",
        "type": "VARIABLE_TYPE"
      },
      "location-before-char-start": 0,
      "location-before-char-end": 0,
      "node-str": "long"
    },
    {
      "type": "delete-node",
      "node": {
        "label": "parentUpdateNumber",
        "type": "Field"
      },
      "location-before-char-start": 1242,
      "location-before-char-end": 1429,
      "node-str": "parentUpdateNumber"
    },
    {
      "type": "delete-node",
      "node": {
        "label": "org.eclipse.ui.internal.KeyBindingService",
        "type": "TypeAccess"
      },
      "location-before-char-start": 0,
      "location-before-char-end": 0,
      "node-str": "org.eclipse.ui.internal.KeyBindingService"
    },
    {
      "type": "delete-node",
      "node": {
        "label": "parentUpdateNumber",
        "type": "FieldWrite"
      },
      "location-before-char-start": 1625,
      "location-before-char-end": 1642,
      "node-str": "parentUpdateNumber"
    },
    {
      "type": "delete-node",
      "node": {
        "label": "org.eclipse.ui.internal.KeyBindingService",
        "type": "TypeAccess"
      },
      "location-before-char-start": 0,
      "location-before-char-end": 0,
      "node-str": "org.eclipse.ui.internal.KeyBindingService"
    },
    {
      "type": "delete-node",
      "node": {
        "label": "parent",
        "type": "FieldRead"
      },
      "location-before-char-start": 1646,
      "location-before-char-end": 1651,
      "node-str": "parent"
    },
    {
      "type": "delete-node",
      "node": {
        "label": "getUpdateNumber",
        "type": "Invocation"
      },
      "location-before-char-start": 1646,
      "location-before-char-end": 1669,
      "node-str": "getUpdateNumber"
    },
    {
      "type": "delete-node",
      "node": {
        "label": "1",
        "type": "Literal"
      },
      "location-before-char-start": 1673,
      "location-before-char-end": 1673,
      "node-str": "1"
    },
    {
      "type": "delete-node",
      "node": {
        "label": "MINUS",
        "type": "BinaryOperator"
      },
      "location-before-char-start": 1646,
      "location-before-char-end": 1673,
      "node-str": "MINUS"
    },
    {
      "type": "delete-node",
      "node": {
        "label": "\u003d",
        "type": "Assignment"
      },
      "location-before-char-start": 1625,
      "location-before-char-end": 1674,
      "node-str": "\u003d"
    },
    {
      "type": "delete-node",
      "node": {
        "label": "void",
        "type": "RETURN_TYPE"
      },
      "location-before-char-start": 0,
      "location-before-char-end": 0,
      "node-str": "void"
    },
    {
      "type": "delete-node",
      "node": {
        "label": "public",
        "type": "Modifier"
      },
      "location-before-char-start": 0,
      "location-before-char-end": 0,
      "node-str": "public"
    },
    {
      "type": "delete-node",
      "node": {
        "label": "org.eclipse.jface.action.IAction",
        "type": "VARIABLE_TYPE"
      },
      "location-before-char-start": 0,
      "location-before-char-end": 0,
      "node-str": "org.eclipse.jface.action.IAction"
    },
    {
      "type": "delete-node",
      "node": {
        "label": "action",
        "type": "Parameter"
      },
      "location-before-char-start": 2887,
      "location-before-char-end": 2900,
      "node-str": "action"
    },
    {
      "type": "delete-node",
      "node": {
        "label": "org.eclipse.ui.internal.KeyBindingService",
        "type": "TypeAccess"
      },
      "location-before-char-start": 0,
      "location-before-char-end": 0,
      "node-str": "org.eclipse.ui.internal.KeyBindingService"
    },
    {
      "type": "delete-node",
      "node": {
        "label": "parentUpdateNumber",
        "type": "FieldRead"
      },
      "location-before-char-start": 2913,
      "location-before-char-end": 2930,
      "node-str": "parentUpdateNumber"
    },
    {
      "type": "delete-node",
      "node": {
        "label": "org.eclipse.ui.internal.KeyBindingService",
        "type": "TypeAccess"
      },
      "location-before-char-start": 0,
      "location-before-char-end": 0,
      "node-str": "org.eclipse.ui.internal.KeyBindingService"
    },
    {
      "type": "delete-node",
      "node": {
        "label": "parent",
        "type": "FieldRead"
      },
      "location-before-char-start": 2935,
      "location-before-char-end": 2940,
      "node-str": "parent"
    },
    {
      "type": "delete-node",
      "node": {
        "label": "getUpdateNumber",
        "type": "Invocation"
      },
      "location-before-char-start": 2935,
      "location-before-char-end": 2958,
      "node-str": "getUpdateNumber"
    },
    {
      "type": "delete-node",
      "node": {
        "label": "NE",
        "type": "BinaryOperator"
      },
      "location-before-char-start": 2913,
      "location-before-char-end": 2958,
      "node-str": "NE"
    },
    {
      "type": "delete-node",
      "node": {
        "label": "org.eclipse.ui.internal.KeyBindingService",
        "type": "TypeAccess"
      },
      "location-before-char-start": 0,
      "location-before-char-end": 0,
      "node-str": "org.eclipse.ui.internal.KeyBindingService"
    },
    {
      "type": "delete-node",
      "node": {
        "label": "initializeMapping",
        "type": "Invocation"
      },
      "location-before-char-start": 2967,
      "location-before-char-end": 2986,
      "node-str": "initializeMapping"
    },
    {
      "type": "delete-node",
      "node": {
        "label": "THEN",
        "type": "then"
      },
      "location-before-char-start": 2967,
      "location-before-char-end": 2986,
      "node-str": "THEN"
    },
    {
      "type": "delete-node",
      "node": {
        "label": "if",
        "type": "If"
      },
      "location-before-char-start": 2910,
      "location-before-char-end": 2986,
      "node-str": "if"
    },
    {
      "type": "delete-node",
      "node": {
        "label": "org.eclipse.ui.internal.misc.Assert",
        "type": "TypeAccess"
      },
      "location-before-char-start": 3045,
      "location-before-char-end": 3050,
      "node-str": "org.eclipse.ui.internal.misc.Assert"
    },
    {
      "type": "delete-node",
      "node": {
        "label": "defId",
        "type": "VariableRead"
      },
      "location-before-char-start": 3062,
      "location-before-char-end": 3066,
      "node-str": "defId"
    },
    {
      "type": "delete-node",
      "node": {
        "label": "\"All registered action must have a definition id\"",
        "type": "Literal"
      },
      "location-before-char-start": 3068,
      "location-before-char-end": 3116,
      "node-str": "\"All registered action must have a definition id\""
    },
    {
      "type": "delete-node",
      "node": {
        "label": "isNotNull",
        "type": "Invocation"
      },
      "location-before-char-start": 3045,
      "location-before-char-end": 3118,
      "node-str": "isNotNull"
    },
    {
      "type": "delete-node",
      "node": {
        "label": "org.eclipse.ui.internal.KeyBindingService",
        "type": "TypeAccess"
      },
      "location-before-char-start": 0,
      "location-before-char-end": 0,
      "node-str": "org.eclipse.ui.internal.KeyBindingService"
    },
    {
      "type": "delete-node",
      "node": {
        "label": "allDefIdToAction",
        "type": "FieldRead"
      },
      "location-before-char-start": 3171,
      "location-before-char-end": 3186,
      "node-str": "allDefIdToAction"
    },
    {
      "type": "delete-node",
      "node": {
        "label": "defId",
        "type": "VariableRead"
      },
      "location-before-char-start": 3192,
      "location-before-char-end": 3196,
      "node-str": "defId"
    },
    {
      "type": "delete-node",
      "node": {
        "label": "action",
        "type": "VariableRead"
      },
      "location-before-char-start": 3198,
      "location-before-char-end": 3203,
      "node-str": "action"
    },
    {
      "type": "delete-node",
      "node": {
        "label": "put",
        "type": "Invocation"
      },
      "location-before-char-start": 3171,
      "location-before-char-end": 3205,
      "node-str": "put"
    },
    {
      "type": "delete-node",
      "node": {
        "label": "registerAction",
        "type": "Method"
      },
      "location-before-char-start": 2799,
      "location-before-char-end": 3211,
      "node-str": "registerAction"
    },
    {
      "type": "delete-node",
      "node": {
        "label": "void",
        "type": "RETURN_TYPE"
      },
      "location-before-char-start": 0,
      "location-before-char-end": 0,
      "node-str": "void"
    },
    {
      "type": "delete-node",
      "node": {
        "label": "public",
        "type": "Modifier"
      },
      "location-before-char-start": 0,
      "location-before-char-end": 0,
      "node-str": "public"
    },
    {
      "type": "delete-node",
      "node": {
        "label": "org.eclipse.jface.action.IAction",
        "type": "VARIABLE_TYPE"
      },
      "location-before-char-start": 0,
      "location-before-char-end": 0,
      "node-str": "org.eclipse.jface.action.IAction"
    },
    {
      "type": "delete-node",
      "node": {
        "label": "action",
        "type": "Parameter"
      },
      "location-before-char-start": 3314,
      "location-before-char-end": 3327,
      "node-str": "action"
    },
    {
      "type": "delete-node",
      "node": {
        "label": "org.eclipse.ui.internal.misc.Assert",
        "type": "TypeAccess"
      },
      "location-before-char-start": 3394,
      "location-before-char-end": 3399,
      "node-str": "org.eclipse.ui.internal.misc.Assert"
    },
    {
      "type": "delete-node",
      "node": {
        "label": "defId",
        "type": "VariableRead"
      },
      "location-before-char-start": 3411,
      "location-before-char-end": 3415,
      "node-str": "defId"
    },
    {
      "type": "delete-node",
      "node": {
        "label": "\"All registered action must have a definition id\"",
        "type": "Literal"
      },
      "location-before-char-start": 3417,
      "location-before-char-end": 3465,
      "node-str": "\"All registered action must have a definition id\""
    },
    {
      "type": "delete-node",
      "node": {
        "label": "isNotNull",
        "type": "Invocation"
      },
      "location-before-char-start": 3394,
      "location-before-char-end": 3467,
      "node-str": "isNotNull"
    },
    {
      "type": "delete-node",
      "node": {
        "label": "org.eclipse.ui.internal.KeyBindingService",
        "type": "TypeAccess"
      },
      "location-before-char-start": 0,
      "location-before-char-end": 0,
      "node-str": "org.eclipse.ui.internal.KeyBindingService"
    },
    {
      "type": "delete-node",
      "node": {
        "label": "allDefIdToAction",
        "type": "FieldRead"
      },
      "location-before-char-start": 3516,
      "location-before-char-end": 3531,
      "node-str": "allDefIdToAction"
    },
    {
      "type": "delete-node",
      "node": {
        "label": "defId",
        "type": "VariableRead"
      },
      "location-before-char-start": 3540,
      "location-before-char-end": 3544,
      "node-str": "defId"
    },
    {
      "type": "delete-node",
      "node": {
        "label": "remove",
        "type": "Invocation"
      },
      "location-before-char-start": 3516,
      "location-before-char-end": 3546,
      "node-str": "remove"
    },
    {
      "type": "delete-node",
      "node": {
        "label": "unregisterAction",
        "type": "Method"
      },
      "location-before-char-start": 3222,
      "location-before-char-end": 3552,
      "node-str": "unregisterAction"
    },
    {
      "type": "delete-node",
      "node": {
        "label": "void",
        "type": "RETURN_TYPE"
      },
      "location-before-char-start": 0,
      "location-before-char-end": 0,
      "node-str": "void"
    },
    {
      "type": "delete-node",
      "node": {
        "label": "org.eclipse.ui.internal.KeyBindingService",
        "type": "TypeAccess"
      },
      "location-before-char-start": 0,
      "location-before-char-end": 0,
      "node-str": "org.eclipse.ui.internal.KeyBindingService"
    },
    {
      "type": "delete-node",
      "node": {
        "label": "parentUpdateNumber",
        "type": "FieldWrite"
      },
      "location-before-char-start": 3689,
      "location-before-char-end": 3706,
      "node-str": "parentUpdateNumber"
    },
    {
      "type": "delete-node",
      "node": {
        "label": "org.eclipse.ui.internal.KeyBindingService",
        "type": "TypeAccess"
      },
      "location-before-char-start": 0,
      "location-before-char-end": 0,
      "node-str": "org.eclipse.ui.internal.KeyBindingService"
    },
    {
      "type": "delete-node",
      "node": {
        "label": "parent",
        "type": "FieldRead"
      },
      "location-before-char-start": 3710,
      "location-before-char-end": 3715,
      "node-str": "parent"
    },
    {
      "type": "delete-node",
      "node": {
        "label": "getUpdateNumber",
        "type": "Invocation"
      },
      "location-before-char-start": 3710,
      "location-before-char-end": 3733,
      "node-str": "getUpdateNumber"
    },
    {
      "type": "delete-node",
      "node": {
        "label": "\u003d",
        "type": "Assignment"
      },
      "location-before-char-start": 3689,
      "location-before-char-end": 3734,
      "node-str": "\u003d"
    },
    {
      "type": "delete-node",
      "node": {
        "label": "org.eclipse.ui.internal.KeyBindingService",
        "type": "TypeAccess"
      },
      "location-before-char-start": 0,
      "location-before-char-end": 0,
      "node-str": "org.eclipse.ui.internal.KeyBindingService"
    },
    {
      "type": "delete-node",
      "node": {
        "label": "allDefIdToAction",
        "type": "FieldWrite"
      },
      "location-before-char-start": 3738,
      "location-before-char-end": 3753,
      "node-str": "allDefIdToAction"
    },
    {
      "type": "delete-node",
      "node": {
        "label": "\u003d",
        "type": "Assignment"
      },
      "location-before-char-start": 3738,
      "location-before-char-end": 3776,
      "node-str": "\u003d"
    },
    {
      "type": "delete-node",
      "node": {
        "label": "org.eclipse.ui.internal.KeyBindingService",
        "type": "TypeAccess"
      },
      "location-before-char-start": 0,
      "location-before-char-end": 0,
      "node-str": "org.eclipse.ui.internal.KeyBindingService"
    },
    {
      "type": "delete-node",
      "node": {
        "label": "allDefIdToAction",
        "type": "FieldRead"
      },
      "location-before-char-start": 3780,
      "location-before-char-end": 3795,
      "node-str": "allDefIdToAction"
    },
    {
      "type": "delete-node",
      "node": {
        "label": "org.eclipse.ui.internal.KeyBindingService",
        "type": "TypeAccess"
      },
      "location-before-char-start": 0,
      "location-before-char-end": 0,
      "node-str": "org.eclipse.ui.internal.KeyBindingService"
    },
    {
      "type": "delete-node",
      "node": {
        "label": "defIdToAction",
        "type": "FieldRead"
      },
      "location-before-char-start": 3804,
      "location-before-char-end": 3816,
      "node-str": "defIdToAction"
    },
    {
      "type": "delete-node",
      "node": {
        "label": "putAll",
        "type": "Invocation"
      },
      "location-before-char-start": 3780,
      "location-before-char-end": 3818,
      "node-str": "putAll"
    },
    {
      "type": "delete-node",
      "node": {
        "label": "initializeMapping",
        "type": "Method"
      },
      "location-before-char-start": 3557,
      "location-before-char-end": 3821,
      "node-str": "initializeMapping"
    },
    {
      "type": "delete-node",
      "node": {
        "label": "org.eclipse.jface.action.IAction",
        "type": "RETURN_TYPE"
      },
      "location-before-char-start": 0,
      "location-before-char-end": 0,
      "node-str": "org.eclipse.jface.action.IAction"
    },
    {
      "type": "delete-node",
      "node": {
        "label": "public",
        "type": "Modifier"
      },
      "location-before-char-start": 0,
      "location-before-char-end": 0,
      "node-str": "public"
    },
    {
      "type": "delete-node",
      "node": {
        "label": "java.lang.String",
        "type": "VARIABLE_TYPE"
      },
      "location-before-char-start": 0,
      "location-before-char-end": 0,
      "node-str": "java.lang.String"
    },
    {
      "type": "delete-node",
      "node": {
        "label": "definitionId",
        "type": "Parameter"
      },
      "location-before-char-start": 3948,
      "location-before-char-end": 3966,
      "node-str": "definitionId"
    },
    {
      "type": "delete-node",
      "node": {
        "label": "org.eclipse.ui.internal.KeyBindingService",
        "type": "TypeAccess"
      },
      "location-before-char-start": 0,
      "location-before-char-end": 0,
      "node-str": "org.eclipse.ui.internal.KeyBindingService"
    },
    {
      "type": "delete-node",
      "node": {
        "label": "parentUpdateNumber",
        "type": "FieldRead"
      },
      "location-before-char-start": 4040,
      "location-before-char-end": 4057,
      "node-str": "parentUpdateNumber"
    },
    {
      "type": "delete-node",
      "node": {
        "label": "org.eclipse.ui.internal.KeyBindingService",
        "type": "TypeAccess"
      },
      "location-before-char-start": 0,
      "location-before-char-end": 0,
      "node-str": "org.eclipse.ui.internal.KeyBindingService"
    },
    {
      "type": "delete-node",
      "node": {
        "label": "parent",
        "type": "FieldRead"
      },
      "location-before-char-start": 4062,
      "location-before-char-end": 4067,
      "node-str": "parent"
    },
    {
      "type": "delete-node",
      "node": {
        "label": "getUpdateNumber",
        "type": "Invocation"
      },
      "location-before-char-start": 4062,
      "location-before-char-end": 4085,
      "node-str": "getUpdateNumber"
    },
    {
      "type": "delete-node",
      "node": {
        "label": "NE",
        "type": "BinaryOperator"
      },
      "location-before-char-start": 4040,
      "location-before-char-end": 4085,
      "node-str": "NE"
    },
    {
      "type": "delete-node",
      "node": {
        "label": "org.eclipse.ui.internal.KeyBindingService",
        "type": "TypeAccess"
      },
      "location-before-char-start": 0,
      "location-before-char-end": 0,
      "node-str": "org.eclipse.ui.internal.KeyBindingService"
    },
    {
      "type": "delete-node",
      "node": {
        "label": "initializeMapping",
        "type": "Invocation"
      },
      "location-before-char-start": 4094,
      "location-before-char-end": 4113,
      "node-str": "initializeMapping"
    },
    {
      "type": "delete-node",
      "node": {
        "label": "THEN",
        "type": "then"
      },
      "location-before-char-start": 4094,
      "location-before-char-end": 4113,
      "node-str": "THEN"
    },
    {
      "type": "delete-node",
      "node": {
        "label": "if",
        "type": "If"
      },
      "location-before-char-start": 4036,
      "location-before-char-end": 4113,
      "node-str": "if"
    },
    {
      "type": "delete-node",
      "node": {
        "label": "org.eclipse.ui.internal.KeyBindingService",
        "type": "TypeAccess"
      },
      "location-before-char-start": 0,
      "location-before-char-end": 0,
      "node-str": "org.eclipse.ui.internal.KeyBindingService"
    },
    {
      "type": "delete-node",
      "node": {
        "label": "allDefIdToAction",
        "type": "FieldRead"
      },
      "location-before-char-start": 4144,
      "location-before-char-end": 4159,
      "node-str": "allDefIdToAction"
    },
    {
      "type": "delete-node",
      "node": {
        "label": "definitionId",
        "type": "VariableRead"
      },
      "location-before-char-start": 4165,
      "location-before-char-end": 4176,
      "node-str": "definitionId"
    },
    {
      "type": "delete-node",
      "node": {
        "label": "get",
        "type": "Invocation"
      },
      "location-before-char-start": 4134,
      "location-before-char-end": 4177,
      "node-str": "get"
    },
    {
      "type": "delete-node",
      "node": {
        "label": "return",
        "type": "Return"
      },
      "location-before-char-start": 4127,
      "location-before-char-end": 4178,
      "node-str": "return"
    },
    {
      "type": "delete-node",
      "node": {
        "label": "getAction",
        "type": "Method"
      },
      "location-before-char-start": 3829,
      "location-before-char-end": 4184,
      "node-str": "getAction"
    }
  ],
  "before-file": {},
  "after-file": {},
  "mapping": {}
}