{
  "tool-info": {},
  "diff": [
    {
      "type": "insert-node",
      "node": {
        "label": "getModules",
        "type": "Method"
      },
      "location-after-char-start": 5399,
      "location-after-char-end": 6314,
      "node-str": "getModules"
    },
    {
      "type": "insert-node",
      "node": {
        "label": "java.util.List",
        "type": "RETURN_TYPE"
      },
      "location-after-char-start": 0,
      "location-after-char-end": 0,
      "node-str": "java.util.List"
    },
    {
      "type": "insert-node",
      "node": {
        "label": "java.lang.Exception",
        "type": "THROWS"
      },
      "location-after-char-start": 0,
      "location-after-char-end": 0,
      "node-str": "java.lang.Exception"
    },
    {
      "type": "insert-node",
      "node": {
        "label": "public",
        "type": "Modifier"
      },
      "location-after-char-start": 0,
      "location-after-char-end": 0,
      "node-str": "public"
    },
    {
      "type": "insert-node",
      "node": {
        "label": "crit",
        "type": "LocalVariable"
      },
      "location-after-char-start": 5500,
      "location-after-char-end": 5530,
      "node-str": "crit"
    },
    {
      "type": "insert-node",
      "node": {
        "label": "addJoin",
        "type": "Invocation"
      },
      "location-after-char-start": 5552,
      "location-after-char-end": 5660,
      "node-str": "addJoin"
    },
    {
      "type": "insert-node",
      "node": {
        "label": "addJoin",
        "type": "Invocation"
      },
      "location-after-char-start": 5682,
      "location-after-char-end": 5791,
      "node-str": "addJoin"
    },
    {
      "type": "insert-node",
      "node": {
        "label": "add",
        "type": "Invocation"
      },
      "location-after-char-start": 5813,
      "location-after-char-end": 5868,
      "node-str": "add"
    },
    {
      "type": "insert-node",
      "node": {
        "label": "groups",
        "type": "LocalVariable"
      },
      "location-after-char-start": 5890,
      "location-after-char-end": 5939,
      "node-str": "groups"
    },
    {
      "type": "insert-node",
      "node": {
        "label": "itr",
        "type": "LocalVariable"
      },
      "location-after-char-start": 5961,
      "location-after-char-end": 5993,
      "node-str": "itr"
    },
    {
      "type": "insert-node",
      "node": {
        "label": "modules",
        "type": "LocalVariable"
      },
      "location-after-char-start": 6015,
      "location-after-char-end": 6058,
      "node-str": "modules"
    },
    {
      "type": "insert-node",
      "node": {
        "label": "while",
        "type": "While"
      },
      "location-after-char-start": 6080,
      "location-after-char-end": 6260,
      "node-str": "while"
    },
    {
      "type": "insert-node",
      "node": {
        "label": "return",
        "type": "Return"
      },
      "location-after-char-start": 6282,
      "location-after-char-end": 6296,
      "node-str": "return"
    },
    {
      "type": "insert-node",
      "node": {
        "label": "org.apache.torque.util.Criteria",
        "type": "VARIABLE_TYPE"
      },
      "location-after-char-start": 0,
      "location-after-char-end": 0,
      "node-str": "org.apache.torque.util.Criteria"
    },
    {
      "type": "insert-node",
      "node": {
        "label": "org.apache.torque.util.Criteria()",
        "type": "ConstructorCall"
      },
      "location-after-char-start": 5516,
      "location-after-char-end": 5529,
      "node-str": "org.apache.torque.util.Criteria()"
    },
    {
      "type": "insert-node",
      "node": {
        "label": "crit",
        "type": "VariableRead"
      },
      "location-after-char-start": 5552,
      "location-after-char-end": 5555,
      "node-str": "crit"
    },
    {
      "type": "insert-node",
      "node": {
        "label": "TurbineUserGroupRolePeer.USER_ID",
        "type": "TypeAccess"
      },
      "location-after-char-start": 5565,
      "location-after-char-end": 5596,
      "node-str": "TurbineUserGroupRolePeer.USER_ID"
    },
    {
      "type": "insert-node",
      "node": {
        "label": "ScarabUserImplPeer.USER_ID",
        "type": "TypeAccess"
      },
      "location-after-char-start": 5633,
      "location-after-char-end": 5658,
      "node-str": "ScarabUserImplPeer.USER_ID"
    },
    {
      "type": "insert-node",
      "node": {
        "label": "crit",
        "type": "VariableRead"
      },
      "location-after-char-start": 5682,
      "location-after-char-end": 5685,
      "node-str": "crit"
    },
    {
      "type": "insert-node",
      "node": {
        "label": "TurbineUserGroupRolePeer.GROUP_ID",
        "type": "TypeAccess"
      },
      "location-after-char-start": 5695,
      "location-after-char-end": 5727,
      "node-str": "TurbineUserGroupRolePeer.GROUP_ID"
    },
    {
      "type": "insert-node",
      "node": {
        "label": "ScarabModulePeer.MODULE_ID",
        "type": "TypeAccess"
      },
      "location-after-char-start": 5764,
      "location-after-char-end": 5789,
      "node-str": "ScarabModulePeer.MODULE_ID"
    },
    {
      "type": "insert-node",
      "node": {
        "label": "crit",
        "type": "VariableRead"
      },
      "location-after-char-start": 5813,
      "location-after-char-end": 5816,
      "node-str": "crit"
    },
    {
      "type": "insert-node",
      "node": {
        "label": "TurbineUserGroupRolePeer.USER_ID",
        "type": "TypeAccess"
      },
      "location-after-char-start": 5822,
      "location-after-char-end": 5853,
      "node-str": "TurbineUserGroupRolePeer.USER_ID"
    },
    {
      "type": "insert-node",
      "node": {
        "label": "getUserId",
        "type": "Invocation"
      },
      "location-after-char-start": 5856,
      "location-after-char-end": 5866,
      "node-str": "getUserId"
    },
    {
      "type": "insert-node",
      "node": {
        "label": "org.apache.fulcrum.security.util.GroupSet",
        "type": "VARIABLE_TYPE"
      },
      "location-after-char-start": 0,
      "location-after-char-end": 0,
      "node-str": "org.apache.fulcrum.security.util.GroupSet"
    },
    {
      "type": "insert-node",
      "node": {
        "label": "getGroups",
        "type": "Invocation"
      },
      "location-after-char-start": 5908,
      "location-after-char-end": 5938,
      "node-str": "getGroups"
    },
    {
      "type": "insert-node",
      "node": {
        "label": "java.util.Iterator",
        "type": "VARIABLE_TYPE"
      },
      "location-after-char-start": 0,
      "location-after-char-end": 0,
      "node-str": "java.util.Iterator"
    },
    {
      "type": "insert-node",
      "node": {
        "label": "elements",
        "type": "Invocation"
      },
      "location-after-char-start": 5976,
      "location-after-char-end": 5992,
      "node-str": "elements"
    },
    {
      "type": "insert-node",
      "node": {
        "label": "java.util.List",
        "type": "VARIABLE_TYPE"
      },
      "location-after-char-start": 0,
      "location-after-char-end": 0,
      "node-str": "java.util.List"
    },
    {
      "type": "insert-node",
      "node": {
        "label": "java.util.ArrayList(java.util.Collection)",
        "type": "ConstructorCall"
      },
      "location-after-char-start": 6030,
      "location-after-char-end": 6057,
      "node-str": "java.util.ArrayList(java.util.Collection)"
    },
    {
      "type": "insert-node",
      "node": {
        "label": "hasNext",
        "type": "Invocation"
      },
      "location-after-char-start": 6087,
      "location-after-char-end": 6099,
      "node-str": "hasNext"
    },
    {
      "type": "insert-node",
      "node": {
        "label": "group",
        "type": "LocalVariable"
      },
      "location-after-char-start": 6148,
      "location-after-char-end": 6180,
      "node-str": "group"
    },
    {
      "type": "insert-node",
      "node": {
        "label": "add",
        "type": "Invocation"
      },
      "location-after-char-start": 6206,
      "location-after-char-end": 6238,
      "node-str": "add"
    },
    {
      "type": "insert-node",
      "node": {
        "label": "modules",
        "type": "VariableRead"
      },
      "location-after-char-start": 6289,
      "location-after-char-end": 6295,
      "node-str": "modules"
    },
    {
      "type": "insert-node",
      "node": {
        "label": "org.tigris.scarab.om.ScarabUserImpl$1",
        "type": "TypeAccess"
      },
      "location-after-char-start": 0,
      "location-after-char-end": 0,
      "node-str": "org.tigris.scarab.om.ScarabUserImpl$1"
    },
    {
      "type": "insert-node",
      "node": {
        "label": "org.apache.fulcrum.security.TurbineSecurity",
        "type": "TypeAccess"
      },
      "location-after-char-start": 5908,
      "location-after-char-end": 5922,
      "node-str": "org.apache.fulcrum.security.TurbineSecurity"
    },
    {
      "type": "insert-node",
      "node": {
        "label": "crit",
        "type": "VariableRead"
      },
      "location-after-char-start": 5934,
      "location-after-char-end": 5937,
      "node-str": "crit"
    },
    {
      "type": "insert-node",
      "node": {
        "label": "groups",
        "type": "VariableRead"
      },
      "location-after-char-start": 5976,
      "location-after-char-end": 5981,
      "node-str": "groups"
    },
    {
      "type": "insert-node",
      "node": {
        "label": "size",
        "type": "Invocation"
      },
      "location-after-char-start": 6044,
      "location-after-char-end": 6056,
      "node-str": "size"
    },
    {
      "type": "insert-node",
      "node": {
        "label": "itr",
        "type": "VariableRead"
      },
      "location-after-char-start": 6087,
      "location-after-char-end": 6089,
      "node-str": "itr"
    },
    {
      "type": "insert-node",
      "node": {
        "label": "org.apache.fulcrum.security.entity.Group",
        "type": "VARIABLE_TYPE"
      },
      "location-after-char-start": 0,
      "location-after-char-end": 0,
      "node-str": "org.apache.fulcrum.security.entity.Group"
    },
    {
      "type": "insert-node",
      "node": {
        "label": "next",
        "type": "Invocation"
      },
      "location-after-char-start": 6162,
      "location-after-char-end": 6179,
      "node-str": "next"
    },
    {
      "type": "insert-node",
      "node": {
        "label": "modules",
        "type": "VariableRead"
      },
      "location-after-char-start": 6206,
      "location-after-char-end": 6212,
      "node-str": "modules"
    },
    {
      "type": "insert-node",
      "node": {
        "label": "group",
        "type": "VariableRead"
      },
      "location-after-char-start": 6218,
      "location-after-char-end": 6236,
      "node-str": "group"
    },
    {
      "type": "insert-node",
      "node": {
        "label": "groups",
        "type": "VariableRead"
      },
      "location-after-char-start": 6044,
      "location-after-char-end": 6049,
      "node-str": "groups"
    },
    {
      "type": "insert-node",
      "node": {
        "label": "itr",
        "type": "VariableRead"
      },
      "location-after-char-start": 6170,
      "location-after-char-end": 6172,
      "node-str": "itr"
    }
  ],
  "before-file": {},
  "after-file": {},
  "mapping": {}
}