{
  "tool-info": {},
  "diff": [
    {
      "type": "insert-node",
      "node": {
        "label": "ManageUser",
        "type": "Class"
      },
      "location-after-char-start": 3269,
      "location-after-char-end": 15775,
      "node-str": "ManageUser"
    },
    {
      "type": "insert-node",
      "node": {
        "label": "public",
        "type": "Modifier"
      },
      "location-after-char-start": 0,
      "location-after-char-end": 0,
      "node-str": "public"
    },
    {
      "type": "insert-node",
      "node": {
        "label": "",
        "type": "TypeReference"
      },
      "location-after-char-start": 3544,
      "location-after-char-end": 3566,
      "node-str": ""
    },
    {
      "type": "insert-node",
      "node": {
        "label": "doAdduser",
        "type": "Method"
      },
      "location-after-char-start": 3574,
      "location-after-char-end": 6723,
      "node-str": "doAdduser"
    },
    {
      "type": "insert-node",
      "node": {
        "label": "doEdituser",
        "type": "Method"
      },
      "location-after-char-start": 6734,
      "location-after-char-end": 10730,
      "node-str": "doEdituser"
    },
    {
      "type": "move-subtree",
      "node": {
        "label": "doDeleteuser",
        "type": "Method"
      },
      "location-before-char-start": 10607,
      "location-before-char-end": 11147,
      "location-after-char-start": 10741,
      "location-after-char-end": 11281,
      "node-str": "doDeleteuser"
    },
    {
      "type": "move-subtree",
      "node": {
        "label": "doRoles",
        "type": "Method"
      },
      "location-before-char-start": 11163,
      "location-before-char-end": 12593,
      "location-after-char-start": 11297,
      "location-after-char-end": 12727,
      "node-str": "doRoles"
    },
    {
      "type": "move-subtree",
      "node": {
        "label": "doGotoedituser",
        "type": "Method"
      },
      "location-before-char-start": 12604,
      "location-before-char-end": 13174,
      "location-after-char-start": 12738,
      "location-after-char-end": 13308,
      "node-str": "doGotoedituser"
    },
    {
      "type": "move-subtree",
      "node": {
        "label": "doGotoeditroles",
        "type": "Method"
      },
      "location-before-char-start": 13185,
      "location-before-char-end": 13638,
      "location-after-char-start": 13319,
      "location-after-char-end": 13772,
      "node-str": "doGotoeditroles"
    },
    {
      "type": "move-subtree",
      "node": {
        "label": "doGotodeleteuser",
        "type": "Method"
      },
      "location-before-char-start": 13649,
      "location-before-char-end": 13824,
      "location-after-char-start": 13783,
      "location-after-char-end": 13958,
      "node-str": "doGotodeleteuser"
    },
    {
      "type": "move-subtree",
      "node": {
        "label": "doGotoadduser",
        "type": "Method"
      },
      "location-before-char-start": 13835,
      "location-before-char-end": 14004,
      "location-after-char-start": 13969,
      "location-after-char-end": 14138,
      "node-str": "doGotoadduser"
    },
    {
      "type": "move-subtree",
      "node": {
        "label": "doSearch",
        "type": "Method"
      },
      "location-before-char-start": 14011,
      "location-before-char-end": 15459,
      "location-after-char-start": 14145,
      "location-after-char-end": 15593,
      "node-str": "doSearch"
    },
    {
      "type": "move-subtree",
      "node": {
        "label": "doPerform",
        "type": "Method"
      },
      "location-before-char-start": 15470,
      "location-before-char-end": 15639,
      "location-after-char-start": 15604,
      "location-after-char-end": 15773,
      "node-str": "doPerform"
    },
    {
      "type": "insert-node",
      "node": {
        "label": "org.tigris.scarab.actions.base.RequireLoginFirstAction",
        "type": "SUPER_TYPE"
      },
      "location-after-char-start": 0,
      "location-after-char-end": 0,
      "node-str": "org.tigris.scarab.actions.base.RequireLoginFirstAction"
    },
    {
      "type": "insert-node",
      "node": {
        "label": "void",
        "type": "RETURN_TYPE"
      },
      "location-after-char-start": 0,
      "location-after-char-end": 0,
      "node-str": "void"
    },
    {
      "type": "insert-node",
      "node": {
        "label": "java.lang.Exception",
        "type": "THROWS"
      },
      "location-after-char-start": 0,
      "location-after-char-end": 0,
      "node-str": "java.lang.Exception"
    },
    {
      "type": "insert-node",
      "node": {
        "label": "public",
        "type": "Modifier"
      },
      "location-after-char-start": 0,
      "location-after-char-end": 0,
      "node-str": "public"
    },
    {
      "type": "insert-node",
      "node": {
        "label": "data",
        "type": "Parameter"
      },
      "location-after-char-start": 3661,
      "location-after-char-end": 3672,
      "node-str": "data"
    },
    {
      "type": "insert-node",
      "node": {
        "label": "context",
        "type": "Parameter"
      },
      "location-after-char-start": 3675,
      "location-after-char-end": 3697,
      "node-str": "context"
    },
    {
      "type": "move-subtree",
      "node": {
        "label": "scarabR",
        "type": "LocalVariable"
      },
      "location-before-char-start": 3617,
      "location-before-char-end": 3674,
      "location-after-char-start": 3739,
      "location-after-char-end": 3796,
      "node-str": "scarabR"
    },
    {
      "type": "insert-node",
      "node": {
        "label": "l10n",
        "type": "LocalVariable"
      },
      "location-after-char-start": 3806,
      "location-after-char-end": 3864,
      "node-str": "l10n"
    },
    {
      "type": "move-subtree",
      "node": {
        "label": "template",
        "type": "LocalVariable"
      },
      "location-before-char-start": 3684,
      "location-before-char-end": 3732,
      "location-after-char-start": 3874,
      "location-after-char-end": 3922,
      "node-str": "template"
    },
    {
      "type": "move-subtree",
      "node": {
        "label": "nextTemplate",
        "type": "LocalVariable"
      },
      "location-before-char-start": 3742,
      "location-before-char-end": 3795,
      "location-after-char-start": 3932,
      "location-after-char-end": 3985,
      "node-str": "nextTemplate"
    },
    {
      "type": "insert-node",
      "node": {
        "label": "su",
        "type": "LocalVariable"
      },
      "location-after-char-start": 3995,
      "location-after-char-end": 4015,
      "node-str": "su"
    },
    {
      "type": "move-subtree",
      "node": {
        "label": "intake",
        "type": "LocalVariable"
      },
      "location-before-char-start": 3844,
      "location-before-char-end": 3886,
      "location-after-char-start": 4034,
      "location-after-char-end": 4076,
      "node-str": "intake"
    },
    {
      "type": "insert-node",
      "node": {
        "label": "if",
        "type": "If"
      },
      "location-after-char-start": 4086,
      "location-after-char-end": 6717,
      "node-str": "if"
    },
    {
      "type": "insert-node",
      "node": {
        "label": "void",
        "type": "RETURN_TYPE"
      },
      "location-after-char-start": 0,
      "location-after-char-end": 0,
      "node-str": "void"
    },
    {
      "type": "insert-node",
      "node": {
        "label": "java.lang.Exception",
        "type": "THROWS"
      },
      "location-after-char-start": 0,
      "location-after-char-end": 0,
      "node-str": "java.lang.Exception"
    },
    {
      "type": "insert-node",
      "node": {
        "label": "public",
        "type": "Modifier"
      },
      "location-after-char-start": 0,
      "location-after-char-end": 0,
      "node-str": "public"
    },
    {
      "type": "insert-node",
      "node": {
        "label": "data",
        "type": "Parameter"
      },
      "location-after-char-start": 6757,
      "location-after-char-end": 6768,
      "node-str": "data"
    },
    {
      "type": "insert-node",
      "node": {
        "label": "context",
        "type": "Parameter"
      },
      "location-after-char-start": 6771,
      "location-after-char-end": 6793,
      "node-str": "context"
    },
    {
      "type": "move-subtree",
      "node": {
        "label": "scarabR",
        "type": "LocalVariable"
      },
      "location-before-char-start": 6699,
      "location-before-char-end": 6756,
      "location-after-char-start": 6827,
      "location-after-char-end": 6884,
      "node-str": "scarabR"
    },
    {
      "type": "move-subtree",
      "node": {
        "label": "template",
        "type": "LocalVariable"
      },
      "location-before-char-start": 6766,
      "location-before-char-end": 6814,
      "location-after-char-start": 6894,
      "location-after-char-end": 6942,
      "node-str": "template"
    },
    {
      "type": "move-subtree",
      "node": {
        "label": "nextTemplate",
        "type": "LocalVariable"
      },
      "location-before-char-start": 6824,
      "location-before-char-end": 6877,
      "location-after-char-start": 6952,
      "location-after-char-end": 7005,
      "node-str": "nextTemplate"
    },
    {
      "type": "insert-node",
      "node": {
        "label": "su",
        "type": "LocalVariable"
      },
      "location-after-char-start": 7015,
      "location-after-char-end": 7035,
      "node-str": "su"
    },
    {
      "type": "move-subtree",
      "node": {
        "label": "intake",
        "type": "LocalVariable"
      },
      "location-before-char-start": 6926,
      "location-before-char-end": 6968,
      "location-after-char-start": 7054,
      "location-after-char-end": 7096,
      "node-str": "intake"
    },
    {
      "type": "insert-node",
      "node": {
        "label": "if",
        "type": "If"
      },
      "location-after-char-start": 7106,
      "location-after-char-end": 10724,
      "node-str": "if"
    },
    {
      "type": "insert-node",
      "node": {
        "label": "org.apache.turbine.RunData",
        "type": "VARIABLE_TYPE"
      },
      "location-after-char-start": 0,
      "location-after-char-end": 0,
      "node-str": "org.apache.turbine.RunData"
    },
    {
      "type": "insert-node",
      "node": {
        "label": "org.apache.turbine.TemplateContext",
        "type": "VARIABLE_TYPE"
      },
      "location-after-char-start": 0,
      "location-after-char-end": 0,
      "node-str": "org.apache.turbine.TemplateContext"
    },
    {
      "type": "insert-node",
      "node": {
        "label": "org.tigris.scarab.tools.ScarabLocalizationTool",
        "type": "VARIABLE_TYPE"
      },
      "location-after-char-start": 0,
      "location-after-char-end": 0,
      "node-str": "org.tigris.scarab.tools.ScarabLocalizationTool"
    },
    {
      "type": "insert-node",
      "node": {
        "label": "getLocalizationTool",
        "type": "Invocation"
      },
      "location-after-char-start": 3836,
      "location-after-char-end": 3863,
      "node-str": "getLocalizationTool"
    },
    {
      "type": "insert-node",
      "node": {
        "label": "org.tigris.scarab.om.ScarabUser",
        "type": "VARIABLE_TYPE"
      },
      "location-after-char-start": 0,
      "location-after-char-end": 0,
      "node-str": "org.tigris.scarab.om.ScarabUser"
    },
    {
      "type": "insert-node",
      "node": {
        "label": "null",
        "type": "Literal"
      },
      "location-after-char-start": 4011,
      "location-after-char-end": 4014,
      "node-str": "null"
    },
    {
      "type": "insert-node",
      "node": {
        "label": "isAllValid",
        "type": "Invocation"
      },
      "location-after-char-start": 4090,
      "location-after-char-end": 4108,
      "node-str": "isAllValid"
    },
    {
      "type": "insert-node",
      "node": {
        "label": "THEN",
        "type": "then"
      },
      "location-after-char-start": 4119,
      "location-after-char-end": 6556,
      "node-str": "THEN"
    },
    {
      "type": "move-subtree",
      "node": {
        "label": "ELSE",
        "type": "else"
      },
      "location-before-char-start": 6451,
      "location-before-char-end": 6589,
      "location-after-char-start": 6579,
      "location-after-char-end": 6717,
      "node-str": "ELSE"
    },
    {
      "type": "insert-node",
      "node": {
        "label": "org.apache.turbine.RunData",
        "type": "VARIABLE_TYPE"
      },
      "location-after-char-start": 0,
      "location-after-char-end": 0,
      "node-str": "org.apache.turbine.RunData"
    },
    {
      "type": "insert-node",
      "node": {
        "label": "org.apache.turbine.TemplateContext",
        "type": "VARIABLE_TYPE"
      },
      "location-after-char-start": 0,
      "location-after-char-end": 0,
      "node-str": "org.apache.turbine.TemplateContext"
    },
    {
      "type": "insert-node",
      "node": {
        "label": "org.tigris.scarab.om.ScarabUser",
        "type": "VARIABLE_TYPE"
      },
      "location-after-char-start": 0,
      "location-after-char-end": 0,
      "node-str": "org.tigris.scarab.om.ScarabUser"
    },
    {
      "type": "insert-node",
      "node": {
        "label": "null",
        "type": "Literal"
      },
      "location-after-char-start": 7031,
      "location-after-char-end": 7034,
      "node-str": "null"
    },
    {
      "type": "insert-node",
      "node": {
        "label": "isAllValid",
        "type": "Invocation"
      },
      "location-after-char-start": 7110,
      "location-after-char-end": 7128,
      "node-str": "isAllValid"
    },
    {
      "type": "insert-node",
      "node": {
        "label": "THEN",
        "type": "then"
      },
      "location-after-char-start": 7139,
      "location-after-char-end": 10562,
      "node-str": "THEN"
    },
    {
      "type": "move-subtree",
      "node": {
        "label": "ELSE",
        "type": "else"
      },
      "location-before-char-start": 10451,
      "location-before-char-end": 10590,
      "location-after-char-start": 10585,
      "location-after-char-end": 10724,
      "node-str": "ELSE"
    },
    {
      "type": "insert-node",
      "node": {
        "label": "org.tigris.scarab.actions.admin.ManageUser",
        "type": "TypeAccess"
      },
      "location-after-char-start": 0,
      "location-after-char-end": 0,
      "node-str": "org.tigris.scarab.actions.admin.ManageUser"
    },
    {
      "type": "insert-node",
      "node": {
        "label": "context",
        "type": "VariableRead"
      },
      "location-after-char-start": 3856,
      "location-after-char-end": 3862,
      "node-str": "context"
    },
    {
      "type": "insert-node",
      "node": {
        "label": "intake",
        "type": "VariableRead"
      },
      "location-after-char-start": 4090,
      "location-after-char-end": 4095,
      "node-str": "intake"
    },
    {
      "type": "move-subtree",
      "node": {
        "label": "user",
        "type": "LocalVariable"
      },
      "location-before-char-start": 3943,
      "location-before-char-end": 4030,
      "location-after-char-start": 4133,
      "location-after-char-end": 4220,
      "node-str": "user"
    },
    {
      "type": "insert-node",
      "node": {
        "label": "register",
        "type": "LocalVariable"
      },
      "location-after-char-start": 4234,
      "location-after-char-end": 4255,
      "node-str": "register"
    },
    {
      "type": "move-subtree",
      "node": {
        "label": "if",
        "type": "If"
      },
      "location-before-char-start": 4079,
      "location-before-char-end": 4448,
      "location-after-char-start": 4269,
      "location-after-char-end": 4638,
      "node-str": "if"
    },
    {
      "type": "move-subtree",
      "node": {
        "label": "\u003d",
        "type": "Assignment"
      },
      "location-before-char-start": 4475,
      "location-before-char-end": 4528,
      "location-after-char-start": 4665,
      "location-after-char-end": 4718,
      "node-str": "\u003d"
    },
    {
      "type": "insert-node",
      "node": {
        "label": "setUserName",
        "type": "Invocation"
      },
      "location-after-char-start": 4732,
      "location-after-char-end": 4783,
      "node-str": "setUserName"
    },
    {
      "type": "move-subtree",
      "node": {
        "label": "setFirstName",
        "type": "Invocation"
      },
      "location-before-char-start": 4678,
      "location-before-char-end": 4731,
      "location-after-char-start": 4797,
      "location-after-char-end": 4850,
      "node-str": "setFirstName"
    },
    {
      "type": "move-subtree",
      "node": {
        "label": "setLastName",
        "type": "Invocation"
      },
      "location-before-char-start": 4745,
      "location-before-char-end": 4796,
      "location-after-char-start": 4864,
      "location-after-char-end": 4915,
      "node-str": "setLastName"
    },
    {
      "type": "move-subtree",
      "node": {
        "label": "setEmail",
        "type": "Invocation"
      },
      "location-before-char-start": 4810,
      "location-before-char-end": 4855,
      "location-after-char-start": 4929,
      "location-after-char-end": 4974,
      "node-str": "setEmail"
    },
    {
      "type": "move-subtree",
      "node": {
        "label": "setPassword",
        "type": "Invocation"
      },
      "location-before-char-start": 4869,
      "location-before-char-end": 4927,
      "location-after-char-start": 4988,
      "location-after-char-end": 5046,
      "node-str": "setPassword"
    },
    {
      "type": "insert-node",
      "node": {
        "label": "if",
        "type": "If"
      },
      "location-after-char-start": 5073,
      "location-after-char-end": 5421,
      "node-str": "if"
    },
    {
      "type": "insert-node",
      "node": {
        "label": "",
        "type": "Try"
      },
      "location-after-char-start": 5504,
      "location-after-char-end": 6546,
      "node-str": ""
    },
    {
      "type": "insert-node",
      "node": {
        "label": "intake",
        "type": "VariableRead"
      },
      "location-after-char-start": 7110,
      "location-after-char-end": 7115,
      "node-str": "intake"
    },
    {
      "type": "move-subtree",
      "node": {
        "label": "user",
        "type": "LocalVariable"
      },
      "location-before-char-start": 7025,
      "location-before-char-end": 7112,
      "location-after-char-start": 7153,
      "location-after-char-end": 7240,
      "node-str": "user"
    },
    {
      "type": "insert-node",
      "node": {
        "label": "register",
        "type": "LocalVariable"
      },
      "location-after-char-start": 7254,
      "location-after-char-end": 7275,
      "node-str": "register"
    },
    {
      "type": "move-subtree",
      "node": {
        "label": "if",
        "type": "If"
      },
      "location-before-char-start": 7161,
      "location-before-char-end": 7534,
      "location-after-char-start": 7289,
      "location-after-char-end": 7662,
      "node-str": "if"
    },
    {
      "type": "insert-node",
      "node": {
        "label": "",
        "type": "Try"
      },
      "location-after-char-start": 7758,
      "location-after-char-end": 10552,
      "node-str": ""
    },
    {
      "type": "insert-node",
      "node": {
        "label": "org.apache.fulcrum.intake.model.Group",
        "type": "VARIABLE_TYPE"
      },
      "location-after-char-start": 0,
      "location-after-char-end": 0,
      "node-str": "org.apache.fulcrum.intake.model.Group"
    },
    {
      "type": "insert-node",
      "node": {
        "label": "null",
        "type": "Literal"
      },
      "location-after-char-start": 4251,
      "location-after-char-end": 4254,
      "node-str": "null"
    },
    {
      "type": "insert-node",
      "node": {
        "label": "su",
        "type": "VariableRead"
      },
      "location-after-char-start": 4732,
      "location-after-char-end": 4733,
      "node-str": "su"
    },
    {
      "type": "insert-node",
      "node": {
        "label": "toString",
        "type": "Invocation"
      },
      "location-after-char-start": 4747,
      "location-after-char-end": 4781,
      "node-str": "toString"
    },
    {
      "type": "insert-node",
      "node": {
        "label": "checkExists",
        "type": "Invocation"
      },
      "location-after-char-start": 5077,
      "location-after-char-end": 5110,
      "node-str": "checkExists"
    },
    {
      "type": "insert-node",
      "node": {
        "label": "THEN",
        "type": "then"
      },
      "location-after-char-start": 5125,
      "location-after-char-end": 5421,
      "node-str": "THEN"
    },
    {
      "type": "insert-node",
      "node": {
        "label": "createNewUser",
        "type": "Invocation"
      },
      "location-after-char-start": 5538,
      "location-after-char-end": 5556,
      "node-str": "createNewUser"
    },
    {
      "type": "insert-node",
      "node": {
        "label": "confirmUser",
        "type": "Invocation"
      },
      "location-after-char-start": 5574,
      "location-after-char-end": 5637,
      "node-str": "confirmUser"
    },
    {
      "type": "move-subtree",
      "node": {
        "label": "setPasswordExpire",
        "type": "Invocation"
      },
      "location-before-char-start": 5640,
      "location-before-char-end": 5684,
      "location-after-char-start": 5740,
      "location-after-char-end": 5784,
      "node-str": "setPasswordExpire"
    },
    {
      "type": "insert-node",
      "node": {
        "label": "setConfirmMessage",
        "type": "Invocation"
      },
      "location-after-char-start": 5802,
      "location-after-char-end": 5942,
      "node-str": "setConfirmMessage"
    },
    {
      "type": "move-subtree",
      "node": {
        "label": "setString",
        "type": "Invocation"
      },
      "location-before-char-start": 5832,
      "location-before-char-end": 5885,
      "location-after-char-start": 5960,
      "location-after-char-end": 6013,
      "node-str": "setString"
    },
    {
      "type": "move-subtree",
      "node": {
        "label": "setString",
        "type": "Invocation"
      },
      "location-before-char-start": 5903,
      "location-before-char-end": 5959,
      "location-after-char-start": 6031,
      "location-after-char-end": 6087,
      "node-str": "setString"
    },
    {
      "type": "insert-node",
      "node": {
        "label": "setTarget",
        "type": "Invocation"
      },
      "location-after-char-start": 6122,
      "location-after-char-end": 6151,
      "node-str": "setTarget"
    },
    {
      "type": "insert-node",
      "node": {
        "label": "return",
        "type": "Return"
      },
      "location-after-char-start": 6169,
      "location-after-char-end": 6175,
      "node-str": "return"
    },
    {
      "type": "move-subtree",
      "node": {
        "label": "",
        "type": "Catch"
      },
      "location-before-char-start": 6062,
      "location-before-char-end": 6418,
      "location-after-char-start": 6190,
      "location-after-char-end": 6546,
      "node-str": ""
    },
    {
      "type": "insert-node",
      "node": {
        "label": "org.apache.fulcrum.intake.model.Group",
        "type": "VARIABLE_TYPE"
      },
      "location-after-char-start": 0,
      "location-after-char-end": 0,
      "node-str": "org.apache.fulcrum.intake.model.Group"
    },
    {
      "type": "insert-node",
      "node": {
        "label": "null",
        "type": "Literal"
      },
      "location-after-char-start": 7271,
      "location-after-char-end": 7274,
      "node-str": "null"
    },
    {
      "type": "move-subtree",
      "node": {
        "label": "username",
        "type": "LocalVariable"
      },
      "location-before-char-start": 7664,
      "location-before-char-end": 7724,
      "location-after-char-start": 7792,
      "location-after-char-end": 7852,
      "node-str": "username"
    },
    {
      "type": "move-subtree",
      "node": {
        "label": "\u003d",
        "type": "Assignment"
      },
      "location-before-char-start": 7742,
      "location-before-char-end": 7793,
      "location-after-char-start": 7870,
      "location-after-char-end": 7921,
      "node-str": "\u003d"
    },
    {
      "type": "insert-node",
      "node": {
        "label": "if",
        "type": "If"
      },
      "location-after-char-start": 7939,
      "location-after-char-end": 10180,
      "node-str": "if"
    },
    {
      "type": "move-subtree",
      "node": {
        "label": "",
        "type": "Catch"
      },
      "location-before-char-start": 10061,
      "location-before-char-end": 10418,
      "location-after-char-start": 10195,
      "location-after-char-end": 10552,
      "node-str": ""
    },
    {
      "type": "insert-node",
      "node": {
        "label": "get",
        "type": "Invocation"
      },
      "location-after-char-start": 4747,
      "location-after-char-end": 4770,
      "node-str": "get"
    },
    {
      "type": "insert-node",
      "node": {
        "label": "org.tigris.scarab.om.ScarabUserImplPeer",
        "type": "TypeAccess"
      },
      "location-after-char-start": 5077,
      "location-after-char-end": 5094,
      "node-str": "org.tigris.scarab.om.ScarabUserImplPeer"
    },
    {
      "type": "insert-node",
      "node": {
        "label": "su",
        "type": "VariableRead"
      },
      "location-after-char-start": 5108,
      "location-after-char-end": 5109,
      "node-str": "su"
    },
    {
      "type": "insert-node",
      "node": {
        "label": "setTarget",
        "type": "Invocation"
      },
      "location-after-char-start": 5143,
      "location-after-char-end": 5168,
      "node-str": "setTarget"
    },
    {
      "type": "insert-node",
      "node": {
        "label": "setAlertMessage",
        "type": "Invocation"
      },
      "location-after-char-start": 5186,
      "location-after-char-end": 5244,
      "node-str": "setAlertMessage"
    },
    {
      "type": "move-subtree",
      "node": {
        "label": "setString",
        "type": "Invocation"
      },
      "location-before-char-start": 5165,
      "location-before-char-end": 5215,
      "location-after-char-start": 5262,
      "location-after-char-end": 5312,
      "node-str": "setString"
    },
    {
      "type": "move-subtree",
      "node": {
        "label": "setString",
        "type": "Invocation"
      },
      "location-before-char-start": 5233,
      "location-before-char-end": 5286,
      "location-after-char-start": 5330,
      "location-after-char-end": 5383,
      "node-str": "setString"
    },
    {
      "type": "insert-node",
      "node": {
        "label": "return",
        "type": "Return"
      },
      "location-after-char-start": 5401,
      "location-after-char-end": 5407,
      "node-str": "return"
    },
    {
      "type": "insert-node",
      "node": {
        "label": "su",
        "type": "VariableRead"
      },
      "location-after-char-start": 5538,
      "location-after-char-end": 5539,
      "node-str": "su"
    },
    {
      "type": "insert-node",
      "node": {
        "label": "org.tigris.scarab.om.ScarabUserImpl",
        "type": "TypeAccess"
      },
      "location-after-char-start": 5574,
      "location-after-char-end": 5587,
      "node-str": "org.tigris.scarab.om.ScarabUserImpl"
    },
    {
      "type": "insert-node",
      "node": {
        "label": "toString",
        "type": "Invocation"
      },
      "location-after-char-start": 5601,
      "location-after-char-end": 5635,
      "node-str": "toString"
    },
    {
      "type": "insert-node",
      "node": {
        "label": "scarabR",
        "type": "VariableRead"
      },
      "location-after-char-start": 5802,
      "location-after-char-end": 5808,
      "node-str": "scarabR"
    },
    {
      "type": "insert-node",
      "node": {
        "label": "PLUS",
        "type": "BinaryOperator"
      },
      "location-after-char-start": 5828,
      "location-after-char-end": 5940,
      "node-str": "PLUS"
    },
    {
      "type": "insert-node",
      "node": {
        "label": "org.tigris.scarab.actions.admin.ManageUser",
        "type": "TypeAccess"
      },
      "location-after-char-start": 0,
      "location-after-char-end": 0,
      "node-str": "org.tigris.scarab.actions.admin.ManageUser"
    },
    {
      "type": "insert-node",
      "node": {
        "label": "data",
        "type": "VariableRead"
      },
      "location-after-char-start": 6132,
      "location-after-char-end": 6135,
      "node-str": "data"
    },
    {
      "type": "insert-node",
      "node": {
        "label": "nextTemplate",
        "type": "VariableRead"
      },
      "location-after-char-start": 6138,
      "location-after-char-end": 6149,
      "node-str": "nextTemplate"
    },
    {
      "type": "move-subtree",
      "node": {
        "label": "AND",
        "type": "BinaryOperator"
      },
      "location-before-char-start": 7815,
      "location-before-char-end": 7848,
      "location-after-char-start": 7943,
      "location-after-char-end": 7976,
      "node-str": "AND"
    },
    {
      "type": "insert-node",
      "node": {
        "label": "THEN",
        "type": "then"
      },
      "location-after-char-start": 7995,
      "location-after-char-end": 9790,
      "node-str": "THEN"
    },
    {
      "type": "insert-node",
      "node": {
        "label": "ELSE",
        "type": "else"
      },
      "location-after-char-start": 9829,
      "location-after-char-end": 10180,
      "node-str": "ELSE"
    },
    {
      "type": "insert-node",
      "node": {
        "label": "register",
        "type": "VariableRead"
      },
      "location-after-char-start": 4747,
      "location-after-char-end": 4754,
      "node-str": "register"
    },
    {
      "type": "insert-node",
      "node": {
        "label": "\"UserName\"",
        "type": "Literal"
      },
      "location-after-char-start": 4760,
      "location-after-char-end": 4769,
      "node-str": "\"UserName\""
    },
    {
      "type": "insert-node",
      "node": {
        "label": "org.tigris.scarab.actions.admin.ManageUser",
        "type": "TypeAccess"
      },
      "location-after-char-start": 0,
      "location-after-char-end": 0,
      "node-str": "org.tigris.scarab.actions.admin.ManageUser"
    },
    {
      "type": "insert-node",
      "node": {
        "label": "data",
        "type": "VariableRead"
      },
      "location-after-char-start": 5153,
      "location-after-char-end": 5156,
      "node-str": "data"
    },
    {
      "type": "insert-node",
      "node": {
        "label": "template",
        "type": "VariableRead"
      },
      "location-after-char-start": 5159,
      "location-after-char-end": 5166,
      "node-str": "template"
    },
    {
      "type": "insert-node",
      "node": {
        "label": "scarabR",
        "type": "VariableRead"
      },
      "location-after-char-start": 5186,
      "location-after-char-end": 5192,
      "node-str": "scarabR"
    },
    {
      "type": "insert-node",
      "node": {
        "label": "get",
        "type": "Invocation"
      },
      "location-after-char-start": 5210,
      "location-after-char-end": 5242,
      "node-str": "get"
    },
    {
      "type": "insert-node",
      "node": {
        "label": "get",
        "type": "Invocation"
      },
      "location-after-char-start": 5601,
      "location-after-char-end": 5624,
      "node-str": "get"
    },
    {
      "type": "insert-node",
      "node": {
        "label": "PLUS",
        "type": "BinaryOperator"
      },
      "location-after-char-start": 5828,
      "location-after-char-end": 5935,
      "node-str": "PLUS"
    },
    {
      "type": "insert-node",
      "node": {
        "label": "\"]\"",
        "type": "Literal"
      },
      "location-after-char-start": 5938,
      "location-after-char-end": 5940,
      "node-str": "\"]\""
    },
    {
      "type": "move-subtree",
      "node": {
        "label": "setFirstName",
        "type": "Invocation"
      },
      "location-before-char-start": 8226,
      "location-before-char-end": 8279,
      "location-after-char-start": 8354,
      "location-after-char-end": 8407,
      "node-str": "setFirstName"
    },
    {
      "type": "move-subtree",
      "node": {
        "label": "setLastName",
        "type": "Invocation"
      },
      "location-before-char-start": 8301,
      "location-before-char-end": 8352,
      "location-after-char-start": 8429,
      "location-after-char-end": 8480,
      "node-str": "setLastName"
    },
    {
      "type": "move-subtree",
      "node": {
        "label": "setEmail",
        "type": "Invocation"
      },
      "location-before-char-start": 8374,
      "location-before-char-end": 8419,
      "location-after-char-start": 8502,
      "location-after-char-end": 8547,
      "node-str": "setEmail"
    },
    {
      "type": "insert-node",
      "node": {
        "label": "saveUser",
        "type": "Invocation"
      },
      "location-after-char-start": 8569,
      "location-after-char-end": 8597,
      "node-str": "saveUser"
    },
    {
      "type": "move-subtree",
      "node": {
        "label": "password",
        "type": "LocalVariable"
      },
      "location-before-char-start": 8671,
      "location-before-char-end": 8760,
      "location-after-char-start": 8799,
      "location-after-char-end": 8888,
      "node-str": "password"
    },
    {
      "type": "move-subtree",
      "node": {
        "label": "if",
        "type": "If"
      },
      "location-before-char-start": 8782,
      "location-before-char-end": 9130,
      "location-after-char-start": 8910,
      "location-after-char-end": 9258,
      "node-str": "if"
    },
    {
      "type": "insert-node",
      "node": {
        "label": "setConfirmMessage",
        "type": "Invocation"
      },
      "location-after-char-start": 9301,
      "location-after-char-end": 9517,
      "node-str": "setConfirmMessage"
    },
    {
      "type": "move-subtree",
      "node": {
        "label": "setString",
        "type": "Invocation"
      },
      "location-before-char-start": 9408,
      "location-before-char-end": 9462,
      "location-after-char-start": 9539,
      "location-after-char-end": 9593,
      "node-str": "setString"
    },
    {
      "type": "move-subtree",
      "node": {
        "label": "setString",
        "type": "Invocation"
      },
      "location-before-char-start": 9484,
      "location-before-char-end": 9541,
      "location-after-char-start": 9615,
      "location-after-char-end": 9672,
      "node-str": "setString"
    },
    {
      "type": "insert-node",
      "node": {
        "label": "setTarget",
        "type": "Invocation"
      },
      "location-after-char-start": 9715,
      "location-after-char-end": 9744,
      "node-str": "setTarget"
    },
    {
      "type": "insert-node",
      "node": {
        "label": "return",
        "type": "Return"
      },
      "location-after-char-start": 9766,
      "location-after-char-end": 9772,
      "node-str": "return"
    },
    {
      "type": "insert-node",
      "node": {
        "label": "setAlertMessage",
        "type": "Invocation"
      },
      "location-after-char-start": 9851,
      "location-after-char-end": 10066,
      "node-str": "setAlertMessage"
    },
    {
      "type": "move-subtree",
      "node": {
        "label": "setString",
        "type": "Invocation"
      },
      "location-before-char-start": 9954,
      "location-before-char-end": 10008,
      "location-after-char-start": 10088,
      "location-after-char-end": 10142,
      "node-str": "setString"
    },
    {
      "type": "insert-node",
      "node": {
        "label": "l10n",
        "type": "VariableRead"
      },
      "location-after-char-start": 5210,
      "location-after-char-end": 5213,
      "node-str": "l10n"
    },
    {
      "type": "insert-node",
      "node": {
        "label": "\"UsernameExistsAlready\"",
        "type": "Literal"
      },
      "location-after-char-start": 5219,
      "location-after-char-end": 5241,
      "node-str": "\"UsernameExistsAlready\""
    },
    {
      "type": "insert-node",
      "node": {
        "label": "register",
        "type": "VariableRead"
      },
      "location-after-char-start": 5601,
      "location-after-char-end": 5608,
      "node-str": "register"
    },
    {
      "type": "insert-node",
      "node": {
        "label": "\"UserName\"",
        "type": "Literal"
      },
      "location-after-char-start": 5614,
      "location-after-char-end": 5623,
      "node-str": "\"UserName\""
    },
    {
      "type": "insert-node",
      "node": {
        "label": "\"SUCCESS: a new user was created [username: \"",
        "type": "Literal"
      },
      "location-after-char-start": 5828,
      "location-after-char-end": 5872,
      "node-str": "\"SUCCESS: a new user was created [username: \""
    },
    {
      "type": "insert-node",
      "node": {
        "label": "toString",
        "type": "Invocation"
      },
      "location-after-char-start": 5901,
      "location-after-char-end": 5935,
      "node-str": "toString"
    },
    {
      "type": "insert-node",
      "node": {
        "label": "org.apache.fulcrum.security.TurbineSecurity",
        "type": "TypeAccess"
      },
      "location-after-char-start": 8569,
      "location-after-char-end": 8583,
      "node-str": "org.apache.fulcrum.security.TurbineSecurity"
    },
    {
      "type": "insert-node",
      "node": {
        "label": "su",
        "type": "VariableRead"
      },
      "location-after-char-start": 8594,
      "location-after-char-end": 8595,
      "node-str": "su"
    },
    {
      "type": "insert-node",
      "node": {
        "label": "scarabR",
        "type": "VariableRead"
      },
      "location-after-char-start": 9301,
      "location-after-char-end": 9307,
      "node-str": "scarabR"
    },
    {
      "type": "insert-node",
      "node": {
        "label": "PLUS",
        "type": "BinaryOperator"
      },
      "location-after-char-start": 9327,
      "location-after-char-end": 9515,
      "node-str": "PLUS"
    },
    {
      "type": "insert-node",
      "node": {
        "label": "org.tigris.scarab.actions.admin.ManageUser",
        "type": "TypeAccess"
      },
      "location-after-char-start": 0,
      "location-after-char-end": 0,
      "node-str": "org.tigris.scarab.actions.admin.ManageUser"
    },
    {
      "type": "insert-node",
      "node": {
        "label": "data",
        "type": "VariableRead"
      },
      "location-after-char-start": 9725,
      "location-after-char-end": 9728,
      "node-str": "data"
    },
    {
      "type": "insert-node",
      "node": {
        "label": "nextTemplate",
        "type": "VariableRead"
      },
      "location-after-char-start": 9731,
      "location-after-char-end": 9742,
      "node-str": "nextTemplate"
    },
    {
      "type": "insert-node",
      "node": {
        "label": "scarabR",
        "type": "VariableRead"
      },
      "location-after-char-start": 9851,
      "location-after-char-end": 9857,
      "node-str": "scarabR"
    },
    {
      "type": "insert-node",
      "node": {
        "label": "PLUS",
        "type": "BinaryOperator"
      },
      "location-after-char-start": 9875,
      "location-after-char-end": 10064,
      "node-str": "PLUS"
    },
    {
      "type": "insert-node",
      "node": {
        "label": "get",
        "type": "Invocation"
      },
      "location-after-char-start": 5901,
      "location-after-char-end": 5924,
      "node-str": "get"
    },
    {
      "type": "insert-node",
      "node": {
        "label": "PLUS",
        "type": "BinaryOperator"
      },
      "location-after-char-start": 9327,
      "location-after-char-end": 9510,
      "node-str": "PLUS"
    },
    {
      "type": "insert-node",
      "node": {
        "label": "\"]\"",
        "type": "Literal"
      },
      "location-after-char-start": 9513,
      "location-after-char-end": 9515,
      "node-str": "\"]\""
    },
    {
      "type": "insert-node",
      "node": {
        "label": "PLUS",
        "type": "BinaryOperator"
      },
      "location-after-char-start": 9875,
      "location-after-char-end": 10059,
      "node-str": "PLUS"
    },
    {
      "type": "insert-node",
      "node": {
        "label": "\"]\"",
        "type": "Literal"
      },
      "location-after-char-start": 10062,
      "location-after-char-end": 10064,
      "node-str": "\"]\""
    },
    {
      "type": "insert-node",
      "node": {
        "label": "register",
        "type": "VariableRead"
      },
      "location-after-char-start": 5901,
      "location-after-char-end": 5908,
      "node-str": "register"
    },
    {
      "type": "insert-node",
      "node": {
        "label": "\"UserName\"",
        "type": "Literal"
      },
      "location-after-char-start": 5914,
      "location-after-char-end": 5923,
      "node-str": "\"UserName\""
    },
    {
      "type": "insert-node",
      "node": {
        "label": "PLUS",
        "type": "BinaryOperator"
      },
      "location-after-char-start": 9327,
      "location-after-char-end": 9431,
      "node-str": "PLUS"
    },
    {
      "type": "insert-node",
      "node": {
        "label": "toString",
        "type": "Invocation"
      },
      "location-after-char-start": 9476,
      "location-after-char-end": 9510,
      "node-str": "toString"
    },
    {
      "type": "insert-node",
      "node": {
        "label": "PLUS",
        "type": "BinaryOperator"
      },
      "location-after-char-start": 9875,
      "location-after-char-end": 9980,
      "node-str": "PLUS"
    },
    {
      "type": "insert-node",
      "node": {
        "label": "toString",
        "type": "Invocation"
      },
      "location-after-char-start": 10025,
      "location-after-char-end": 10059,
      "node-str": "toString"
    },
    {
      "type": "insert-node",
      "node": {
        "label": "\"SUCCESS: changes to the user have \"",
        "type": "Literal"
      },
      "location-after-char-start": 9327,
      "location-after-char-end": 9362,
      "node-str": "\"SUCCESS: changes to the user have \""
    },
    {
      "type": "insert-node",
      "node": {
        "label": "\" been saved [username: \"",
        "type": "Literal"
      },
      "location-after-char-start": 9407,
      "location-after-char-end": 9431,
      "node-str": "\" been saved [username: \""
    },
    {
      "type": "insert-node",
      "node": {
        "label": "get",
        "type": "Invocation"
      },
      "location-after-char-start": 9476,
      "location-after-char-end": 9499,
      "node-str": "get"
    },
    {
      "type": "insert-node",
      "node": {
        "label": "\"ERROR: couldn\u0027t retrieve the user \"",
        "type": "Literal"
      },
      "location-after-char-start": 9875,
      "location-after-char-end": 9910,
      "node-str": "\"ERROR: couldn\u0027t retrieve the user \""
    },
    {
      "type": "insert-node",
      "node": {
        "label": "\" from the DB [username: \"",
        "type": "Literal"
      },
      "location-after-char-start": 9955,
      "location-after-char-end": 9980,
      "node-str": "\" from the DB [username: \""
    },
    {
      "type": "insert-node",
      "node": {
        "label": "get",
        "type": "Invocation"
      },
      "location-after-char-start": 10025,
      "location-after-char-end": 10048,
      "node-str": "get"
    },
    {
      "type": "insert-node",
      "node": {
        "label": "register",
        "type": "VariableRead"
      },
      "location-after-char-start": 9476,
      "location-after-char-end": 9483,
      "node-str": "register"
    },
    {
      "type": "insert-node",
      "node": {
        "label": "\"UserName\"",
        "type": "Literal"
      },
      "location-after-char-start": 9489,
      "location-after-char-end": 9498,
      "node-str": "\"UserName\""
    },
    {
      "type": "insert-node",
      "node": {
        "label": "register",
        "type": "VariableRead"
      },
      "location-after-char-start": 10025,
      "location-after-char-end": 10032,
      "node-str": "register"
    },
    {
      "type": "insert-node",
      "node": {
        "label": "\"UserName\"",
        "type": "Literal"
      },
      "location-after-char-start": 10038,
      "location-after-char-end": 10047,
      "node-str": "\"UserName\""
    },
    {
      "type": "delete-node",
      "node": {
        "label": "public",
        "type": "Modifier"
      },
      "location-before-char-start": 0,
      "location-before-char-end": 0,
      "node-str": "public"
    },
    {
      "type": "delete-node",
      "node": {
        "label": "org.tigris.scarab.actions.base.RequireLoginFirstAction",
        "type": "SUPER_TYPE"
      },
      "location-before-char-start": 0,
      "location-before-char-end": 0,
      "node-str": "org.tigris.scarab.actions.base.RequireLoginFirstAction"
    },
    {
      "type": "delete-node",
      "node": {
        "label": "",
        "type": "TypeReference"
      },
      "location-before-char-start": 3422,
      "location-before-char-end": 3444,
      "node-str": ""
    },
    {
      "type": "delete-node",
      "node": {
        "label": "void",
        "type": "RETURN_TYPE"
      },
      "location-before-char-start": 0,
      "location-before-char-end": 0,
      "node-str": "void"
    },
    {
      "type": "delete-node",
      "node": {
        "label": "java.lang.Exception",
        "type": "THROWS"
      },
      "location-before-char-start": 0,
      "location-before-char-end": 0,
      "node-str": "java.lang.Exception"
    },
    {
      "type": "delete-node",
      "node": {
        "label": "public",
        "type": "Modifier"
      },
      "location-before-char-start": 0,
      "location-before-char-end": 0,
      "node-str": "public"
    },
    {
      "type": "delete-node",
      "node": {
        "label": "org.apache.turbine.RunData",
        "type": "VARIABLE_TYPE"
      },
      "location-before-char-start": 0,
      "location-before-char-end": 0,
      "node-str": "org.apache.turbine.RunData"
    },
    {
      "type": "delete-node",
      "node": {
        "label": "data",
        "type": "Parameter"
      },
      "location-before-char-start": 3539,
      "location-before-char-end": 3550,
      "node-str": "data"
    },
    {
      "type": "delete-node",
      "node": {
        "label": "org.apache.turbine.TemplateContext",
        "type": "VARIABLE_TYPE"
      },
      "location-before-char-start": 0,
      "location-before-char-end": 0,
      "node-str": "org.apache.turbine.TemplateContext"
    },
    {
      "type": "delete-node",
      "node": {
        "label": "context",
        "type": "Parameter"
      },
      "location-before-char-start": 3553,
      "location-before-char-end": 3575,
      "node-str": "context"
    },
    {
      "type": "delete-node",
      "node": {
        "label": "org.tigris.scarab.om.ScarabUser",
        "type": "VARIABLE_TYPE"
      },
      "location-before-char-start": 0,
      "location-before-char-end": 0,
      "node-str": "org.tigris.scarab.om.ScarabUser"
    },
    {
      "type": "delete-node",
      "node": {
        "label": "null",
        "type": "Literal"
      },
      "location-before-char-start": 3821,
      "location-before-char-end": 3824,
      "node-str": "null"
    },
    {
      "type": "delete-node",
      "node": {
        "label": "su",
        "type": "LocalVariable"
      },
      "location-before-char-start": 3805,
      "location-before-char-end": 3825,
      "node-str": "su"
    },
    {
      "type": "delete-node",
      "node": {
        "label": "intake",
        "type": "VariableRead"
      },
      "location-before-char-start": 3900,
      "location-before-char-end": 3905,
      "node-str": "intake"
    },
    {
      "type": "delete-node",
      "node": {
        "label": "isAllValid",
        "type": "Invocation"
      },
      "location-before-char-start": 3900,
      "location-before-char-end": 3918,
      "node-str": "isAllValid"
    },
    {
      "type": "delete-node",
      "node": {
        "label": "org.apache.fulcrum.intake.model.Group",
        "type": "VARIABLE_TYPE"
      },
      "location-before-char-start": 0,
      "location-before-char-end": 0,
      "node-str": "org.apache.fulcrum.intake.model.Group"
    },
    {
      "type": "delete-node",
      "node": {
        "label": "null",
        "type": "Literal"
      },
      "location-before-char-start": 4061,
      "location-before-char-end": 4064,
      "node-str": "null"
    },
    {
      "type": "delete-node",
      "node": {
        "label": "register",
        "type": "LocalVariable"
      },
      "location-before-char-start": 4044,
      "location-before-char-end": 4065,
      "node-str": "register"
    },
    {
      "type": "delete-node",
      "node": {
        "label": "su",
        "type": "VariableRead"
      },
      "location-before-char-start": 4616,
      "location-before-char-end": 4617,
      "node-str": "su"
    },
    {
      "type": "delete-node",
      "node": {
        "label": "register",
        "type": "VariableRead"
      },
      "location-before-char-start": 4631,
      "location-before-char-end": 4638,
      "node-str": "register"
    },
    {
      "type": "delete-node",
      "node": {
        "label": "\"Email\"",
        "type": "Literal"
      },
      "location-before-char-start": 4644,
      "location-before-char-end": 4650,
      "node-str": "\"Email\""
    },
    {
      "type": "delete-node",
      "node": {
        "label": "get",
        "type": "Invocation"
      },
      "location-before-char-start": 4631,
      "location-before-char-end": 4651,
      "node-str": "get"
    },
    {
      "type": "delete-node",
      "node": {
        "label": "toString",
        "type": "Invocation"
      },
      "location-before-char-start": 4631,
      "location-before-char-end": 4662,
      "node-str": "toString"
    },
    {
      "type": "delete-node",
      "node": {
        "label": "setUserName",
        "type": "Invocation"
      },
      "location-before-char-start": 4616,
      "location-before-char-end": 4664,
      "node-str": "setUserName"
    },
    {
      "type": "delete-node",
      "node": {
        "label": "org.tigris.scarab.om.ScarabUserImplPeer",
        "type": "TypeAccess"
      },
      "location-before-char-start": 4958,
      "location-before-char-end": 4975,
      "node-str": "org.tigris.scarab.om.ScarabUserImplPeer"
    },
    {
      "type": "delete-node",
      "node": {
        "label": "su",
        "type": "VariableRead"
      },
      "location-before-char-start": 4989,
      "location-before-char-end": 4990,
      "node-str": "su"
    },
    {
      "type": "delete-node",
      "node": {
        "label": "checkExists",
        "type": "Invocation"
      },
      "location-before-char-start": 4958,
      "location-before-char-end": 4991,
      "node-str": "checkExists"
    },
    {
      "type": "delete-node",
      "node": {
        "label": "org.tigris.scarab.actions.admin.ManageUser",
        "type": "TypeAccess"
      },
      "location-before-char-start": 0,
      "location-before-char-end": 0,
      "node-str": "org.tigris.scarab.actions.admin.ManageUser"
    },
    {
      "type": "delete-node",
      "node": {
        "label": "data",
        "type": "VariableRead"
      },
      "location-before-char-start": 5034,
      "location-before-char-end": 5037,
      "node-str": "data"
    },
    {
      "type": "delete-node",
      "node": {
        "label": "template",
        "type": "VariableRead"
      },
      "location-before-char-start": 5040,
      "location-before-char-end": 5047,
      "node-str": "template"
    },
    {
      "type": "delete-node",
      "node": {
        "label": "setTarget",
        "type": "Invocation"
      },
      "location-before-char-start": 5024,
      "location-before-char-end": 5049,
      "node-str": "setTarget"
    },
    {
      "type": "delete-node",
      "node": {
        "label": "scarabR",
        "type": "VariableRead"
      },
      "location-before-char-start": 5067,
      "location-before-char-end": 5073,
      "node-str": "scarabR"
    },
    {
      "type": "delete-node",
      "node": {
        "label": "\"Sorry, a user with that email address already exists!\"",
        "type": "Literal"
      },
      "location-before-char-start": 5091,
      "location-before-char-end": 5145,
      "node-str": "\"Sorry, a user with that email address already exists!\""
    },
    {
      "type": "delete-node",
      "node": {
        "label": "setAlertMessage",
        "type": "Invocation"
      },
      "location-before-char-start": 5067,
      "location-before-char-end": 5147,
      "node-str": "setAlertMessage"
    },
    {
      "type": "delete-node",
      "node": {
        "label": "return",
        "type": "Return"
      },
      "location-before-char-start": 5304,
      "location-before-char-end": 5310,
      "node-str": "return"
    },
    {
      "type": "delete-node",
      "node": {
        "label": "THEN",
        "type": "then"
      },
      "location-before-char-start": 5006,
      "location-before-char-end": 5324,
      "node-str": "THEN"
    },
    {
      "type": "delete-node",
      "node": {
        "label": "if",
        "type": "If"
      },
      "location-before-char-start": 4954,
      "location-before-char-end": 5324,
      "node-str": "if"
    },
    {
      "type": "delete-node",
      "node": {
        "label": "su",
        "type": "VariableRead"
      },
      "location-before-char-start": 5441,
      "location-before-char-end": 5442,
      "node-str": "su"
    },
    {
      "type": "delete-node",
      "node": {
        "label": "createNewUser",
        "type": "Invocation"
      },
      "location-before-char-start": 5441,
      "location-before-char-end": 5459,
      "node-str": "createNewUser"
    },
    {
      "type": "delete-node",
      "node": {
        "label": "org.tigris.scarab.om.ScarabUserImpl",
        "type": "TypeAccess"
      },
      "location-before-char-start": 5477,
      "location-before-char-end": 5490,
      "node-str": "org.tigris.scarab.om.ScarabUserImpl"
    },
    {
      "type": "delete-node",
      "node": {
        "label": "register",
        "type": "VariableRead"
      },
      "location-before-char-start": 5504,
      "location-before-char-end": 5511,
      "node-str": "register"
    },
    {
      "type": "delete-node",
      "node": {
        "label": "\"Email\"",
        "type": "Literal"
      },
      "location-before-char-start": 5517,
      "location-before-char-end": 5523,
      "node-str": "\"Email\""
    },
    {
      "type": "delete-node",
      "node": {
        "label": "get",
        "type": "Invocation"
      },
      "location-before-char-start": 5504,
      "location-before-char-end": 5524,
      "node-str": "get"
    },
    {
      "type": "delete-node",
      "node": {
        "label": "toString",
        "type": "Invocation"
      },
      "location-before-char-start": 5504,
      "location-before-char-end": 5535,
      "node-str": "toString"
    },
    {
      "type": "delete-node",
      "node": {
        "label": "confirmUser",
        "type": "Invocation"
      },
      "location-before-char-start": 5477,
      "location-before-char-end": 5537,
      "node-str": "confirmUser"
    },
    {
      "type": "delete-node",
      "node": {
        "label": "scarabR",
        "type": "VariableRead"
      },
      "location-before-char-start": 5702,
      "location-before-char-end": 5708,
      "node-str": "scarabR"
    },
    {
      "type": "delete-node",
      "node": {
        "label": "\"SUCCESS: a new user was created [username: \"",
        "type": "Literal"
      },
      "location-before-char-start": 5728,
      "location-before-char-end": 5772,
      "node-str": "\"SUCCESS: a new user was created [username: \""
    },
    {
      "type": "delete-node",
      "node": {
        "label": "register",
        "type": "VariableRead"
      },
      "location-before-char-start": 5776,
      "location-before-char-end": 5783,
      "node-str": "register"
    },
    {
      "type": "delete-node",
      "node": {
        "label": "\"Email\"",
        "type": "Literal"
      },
      "location-before-char-start": 5789,
      "location-before-char-end": 5795,
      "node-str": "\"Email\""
    },
    {
      "type": "delete-node",
      "node": {
        "label": "get",
        "type": "Invocation"
      },
      "location-before-char-start": 5776,
      "location-before-char-end": 5796,
      "node-str": "get"
    },
    {
      "type": "delete-node",
      "node": {
        "label": "toString",
        "type": "Invocation"
      },
      "location-before-char-start": 5776,
      "location-before-char-end": 5807,
      "node-str": "toString"
    },
    {
      "type": "delete-node",
      "node": {
        "label": "PLUS",
        "type": "BinaryOperator"
      },
      "location-before-char-start": 5728,
      "location-before-char-end": 5807,
      "node-str": "PLUS"
    },
    {
      "type": "delete-node",
      "node": {
        "label": "\"]\"",
        "type": "Literal"
      },
      "location-before-char-start": 5810,
      "location-before-char-end": 5812,
      "node-str": "\"]\""
    },
    {
      "type": "delete-node",
      "node": {
        "label": "PLUS",
        "type": "BinaryOperator"
      },
      "location-before-char-start": 5728,
      "location-before-char-end": 5812,
      "node-str": "PLUS"
    },
    {
      "type": "delete-node",
      "node": {
        "label": "setConfirmMessage",
        "type": "Invocation"
      },
      "location-before-char-start": 5702,
      "location-before-char-end": 5814,
      "node-str": "setConfirmMessage"
    },
    {
      "type": "delete-node",
      "node": {
        "label": "org.tigris.scarab.actions.admin.ManageUser",
        "type": "TypeAccess"
      },
      "location-before-char-start": 0,
      "location-before-char-end": 0,
      "node-str": "org.tigris.scarab.actions.admin.ManageUser"
    },
    {
      "type": "delete-node",
      "node": {
        "label": "data",
        "type": "VariableRead"
      },
      "location-before-char-start": 6004,
      "location-before-char-end": 6007,
      "node-str": "data"
    },
    {
      "type": "delete-node",
      "node": {
        "label": "nextTemplate",
        "type": "VariableRead"
      },
      "location-before-char-start": 6010,
      "location-before-char-end": 6021,
      "node-str": "nextTemplate"
    },
    {
      "type": "delete-node",
      "node": {
        "label": "setTarget",
        "type": "Invocation"
      },
      "location-before-char-start": 5994,
      "location-before-char-end": 6023,
      "node-str": "setTarget"
    },
    {
      "type": "delete-node",
      "node": {
        "label": "return",
        "type": "Return"
      },
      "location-before-char-start": 6041,
      "location-before-char-end": 6047,
      "node-str": "return"
    },
    {
      "type": "delete-node",
      "node": {
        "label": "",
        "type": "Try"
      },
      "location-before-char-start": 5407,
      "location-before-char-end": 6418,
      "node-str": ""
    },
    {
      "type": "delete-node",
      "node": {
        "label": "THEN",
        "type": "then"
      },
      "location-before-char-start": 3929,
      "location-before-char-end": 6428,
      "node-str": "THEN"
    },
    {
      "type": "delete-node",
      "node": {
        "label": "if",
        "type": "If"
      },
      "location-before-char-start": 3896,
      "location-before-char-end": 6589,
      "node-str": "if"
    },
    {
      "type": "delete-node",
      "node": {
        "label": "doAdduser",
        "type": "Method"
      },
      "location-before-char-start": 3452,
      "location-before-char-end": 6595,
      "node-str": "doAdduser"
    },
    {
      "type": "delete-node",
      "node": {
        "label": "void",
        "type": "RETURN_TYPE"
      },
      "location-before-char-start": 0,
      "location-before-char-end": 0,
      "node-str": "void"
    },
    {
      "type": "delete-node",
      "node": {
        "label": "java.lang.Exception",
        "type": "THROWS"
      },
      "location-before-char-start": 0,
      "location-before-char-end": 0,
      "node-str": "java.lang.Exception"
    },
    {
      "type": "delete-node",
      "node": {
        "label": "public",
        "type": "Modifier"
      },
      "location-before-char-start": 0,
      "location-before-char-end": 0,
      "node-str": "public"
    },
    {
      "type": "delete-node",
      "node": {
        "label": "org.apache.turbine.RunData",
        "type": "VARIABLE_TYPE"
      },
      "location-before-char-start": 0,
      "location-before-char-end": 0,
      "node-str": "org.apache.turbine.RunData"
    },
    {
      "type": "delete-node",
      "node": {
        "label": "data",
        "type": "Parameter"
      },
      "location-before-char-start": 6629,
      "location-before-char-end": 6640,
      "node-str": "data"
    },
    {
      "type": "delete-node",
      "node": {
        "label": "org.apache.turbine.TemplateContext",
        "type": "VARIABLE_TYPE"
      },
      "location-before-char-start": 0,
      "location-before-char-end": 0,
      "node-str": "org.apache.turbine.TemplateContext"
    },
    {
      "type": "delete-node",
      "node": {
        "label": "context",
        "type": "Parameter"
      },
      "location-before-char-start": 6643,
      "location-before-char-end": 6665,
      "node-str": "context"
    },
    {
      "type": "delete-node",
      "node": {
        "label": "org.tigris.scarab.om.ScarabUser",
        "type": "VARIABLE_TYPE"
      },
      "location-before-char-start": 0,
      "location-before-char-end": 0,
      "node-str": "org.tigris.scarab.om.ScarabUser"
    },
    {
      "type": "delete-node",
      "node": {
        "label": "null",
        "type": "Literal"
      },
      "location-before-char-start": 6903,
      "location-before-char-end": 6906,
      "node-str": "null"
    },
    {
      "type": "delete-node",
      "node": {
        "label": "su",
        "type": "LocalVariable"
      },
      "location-before-char-start": 6887,
      "location-before-char-end": 6907,
      "node-str": "su"
    },
    {
      "type": "delete-node",
      "node": {
        "label": "intake",
        "type": "VariableRead"
      },
      "location-before-char-start": 6982,
      "location-before-char-end": 6987,
      "node-str": "intake"
    },
    {
      "type": "delete-node",
      "node": {
        "label": "isAllValid",
        "type": "Invocation"
      },
      "location-before-char-start": 6982,
      "location-before-char-end": 7000,
      "node-str": "isAllValid"
    },
    {
      "type": "delete-node",
      "node": {
        "label": "org.apache.fulcrum.intake.model.Group",
        "type": "VARIABLE_TYPE"
      },
      "location-before-char-start": 0,
      "location-before-char-end": 0,
      "node-str": "org.apache.fulcrum.intake.model.Group"
    },
    {
      "type": "delete-node",
      "node": {
        "label": "null",
        "type": "Literal"
      },
      "location-before-char-start": 7143,
      "location-before-char-end": 7146,
      "node-str": "null"
    },
    {
      "type": "delete-node",
      "node": {
        "label": "register",
        "type": "LocalVariable"
      },
      "location-before-char-start": 7126,
      "location-before-char-end": 7147,
      "node-str": "register"
    },
    {
      "type": "delete-node",
      "node": {
        "label": "org.apache.fulcrum.security.TurbineSecurity",
        "type": "TypeAccess"
      },
      "location-before-char-start": 8441,
      "location-before-char-end": 8455,
      "node-str": "org.apache.fulcrum.security.TurbineSecurity"
    },
    {
      "type": "delete-node",
      "node": {
        "label": "su",
        "type": "VariableRead"
      },
      "location-before-char-start": 8466,
      "location-before-char-end": 8467,
      "node-str": "su"
    },
    {
      "type": "delete-node",
      "node": {
        "label": "saveUser",
        "type": "Invocation"
      },
      "location-before-char-start": 8441,
      "location-before-char-end": 8469,
      "node-str": "saveUser"
    },
    {
      "type": "delete-node",
      "node": {
        "label": "scarabR",
        "type": "VariableRead"
      },
      "location-before-char-start": 9173,
      "location-before-char-end": 9179,
      "node-str": "scarabR"
    },
    {
      "type": "delete-node",
      "node": {
        "label": "\"SUCCESS: changes to the user have \"",
        "type": "Literal"
      },
      "location-before-char-start": 9199,
      "location-before-char-end": 9234,
      "node-str": "\"SUCCESS: changes to the user have \""
    },
    {
      "type": "delete-node",
      "node": {
        "label": "\" been saved [username: \"",
        "type": "Literal"
      },
      "location-before-char-start": 9279,
      "location-before-char-end": 9303,
      "node-str": "\" been saved [username: \""
    },
    {
      "type": "delete-node",
      "node": {
        "label": "PLUS",
        "type": "BinaryOperator"
      },
      "location-before-char-start": 9199,
      "location-before-char-end": 9303,
      "node-str": "PLUS"
    },
    {
      "type": "delete-node",
      "node": {
        "label": "register",
        "type": "VariableRead"
      },
      "location-before-char-start": 9348,
      "location-before-char-end": 9355,
      "node-str": "register"
    },
    {
      "type": "delete-node",
      "node": {
        "label": "\"Email\"",
        "type": "Literal"
      },
      "location-before-char-start": 9361,
      "location-before-char-end": 9367,
      "node-str": "\"Email\""
    },
    {
      "type": "delete-node",
      "node": {
        "label": "get",
        "type": "Invocation"
      },
      "location-before-char-start": 9348,
      "location-before-char-end": 9368,
      "node-str": "get"
    },
    {
      "type": "delete-node",
      "node": {
        "label": "toString",
        "type": "Invocation"
      },
      "location-before-char-start": 9348,
      "location-before-char-end": 9379,
      "node-str": "toString"
    },
    {
      "type": "delete-node",
      "node": {
        "label": "PLUS",
        "type": "BinaryOperator"
      },
      "location-before-char-start": 9199,
      "location-before-char-end": 9379,
      "node-str": "PLUS"
    },
    {
      "type": "delete-node",
      "node": {
        "label": "\"]\"",
        "type": "Literal"
      },
      "location-before-char-start": 9382,
      "location-before-char-end": 9384,
      "node-str": "\"]\""
    },
    {
      "type": "delete-node",
      "node": {
        "label": "PLUS",
        "type": "BinaryOperator"
      },
      "location-before-char-start": 9199,
      "location-before-char-end": 9384,
      "node-str": "PLUS"
    },
    {
      "type": "delete-node",
      "node": {
        "label": "setConfirmMessage",
        "type": "Invocation"
      },
      "location-before-char-start": 9173,
      "location-before-char-end": 9386,
      "node-str": "setConfirmMessage"
    },
    {
      "type": "delete-node",
      "node": {
        "label": "org.tigris.scarab.actions.admin.ManageUser",
        "type": "TypeAccess"
      },
      "location-before-char-start": 0,
      "location-before-char-end": 0,
      "node-str": "org.tigris.scarab.actions.admin.ManageUser"
    },
    {
      "type": "delete-node",
      "node": {
        "label": "data",
        "type": "VariableRead"
      },
      "location-before-char-start": 9594,
      "location-before-char-end": 9597,
      "node-str": "data"
    },
    {
      "type": "delete-node",
      "node": {
        "label": "nextTemplate",
        "type": "VariableRead"
      },
      "location-before-char-start": 9600,
      "location-before-char-end": 9611,
      "node-str": "nextTemplate"
    },
    {
      "type": "delete-node",
      "node": {
        "label": "setTarget",
        "type": "Invocation"
      },
      "location-before-char-start": 9584,
      "location-before-char-end": 9613,
      "node-str": "setTarget"
    },
    {
      "type": "delete-node",
      "node": {
        "label": "return",
        "type": "Return"
      },
      "location-before-char-start": 9635,
      "location-before-char-end": 9641,
      "node-str": "return"
    },
    {
      "type": "delete-node",
      "node": {
        "label": "THEN",
        "type": "then"
      },
      "location-before-char-start": 7867,
      "location-before-char-end": 9659,
      "node-str": "THEN"
    },
    {
      "type": "delete-node",
      "node": {
        "label": "scarabR",
        "type": "VariableRead"
      },
      "location-before-char-start": 9720,
      "location-before-char-end": 9726,
      "node-str": "scarabR"
    },
    {
      "type": "delete-node",
      "node": {
        "label": "\"ERROR: couldn\u0027t retrieve the user \"",
        "type": "Literal"
      },
      "location-before-char-start": 9744,
      "location-before-char-end": 9779,
      "node-str": "\"ERROR: couldn\u0027t retrieve the user \""
    },
    {
      "type": "delete-node",
      "node": {
        "label": "\" from the DB [username: \"",
        "type": "Literal"
      },
      "location-before-char-start": 9824,
      "location-before-char-end": 9849,
      "node-str": "\" from the DB [username: \""
    },
    {
      "type": "delete-node",
      "node": {
        "label": "PLUS",
        "type": "BinaryOperator"
      },
      "location-before-char-start": 9744,
      "location-before-char-end": 9849,
      "node-str": "PLUS"
    },
    {
      "type": "delete-node",
      "node": {
        "label": "register",
        "type": "VariableRead"
      },
      "location-before-char-start": 9894,
      "location-before-char-end": 9901,
      "node-str": "register"
    },
    {
      "type": "delete-node",
      "node": {
        "label": "\"Email\"",
        "type": "Literal"
      },
      "location-before-char-start": 9907,
      "location-before-char-end": 9913,
      "node-str": "\"Email\""
    },
    {
      "type": "delete-node",
      "node": {
        "label": "get",
        "type": "Invocation"
      },
      "location-before-char-start": 9894,
      "location-before-char-end": 9914,
      "node-str": "get"
    },
    {
      "type": "delete-node",
      "node": {
        "label": "toString",
        "type": "Invocation"
      },
      "location-before-char-start": 9894,
      "location-before-char-end": 9925,
      "node-str": "toString"
    },
    {
      "type": "delete-node",
      "node": {
        "label": "PLUS",
        "type": "BinaryOperator"
      },
      "location-before-char-start": 9744,
      "location-before-char-end": 9925,
      "node-str": "PLUS"
    },
    {
      "type": "delete-node",
      "node": {
        "label": "\"]\"",
        "type": "Literal"
      },
      "location-before-char-start": 9928,
      "location-before-char-end": 9930,
      "node-str": "\"]\""
    },
    {
      "type": "delete-node",
      "node": {
        "label": "PLUS",
        "type": "BinaryOperator"
      },
      "location-before-char-start": 9744,
      "location-before-char-end": 9930,
      "node-str": "PLUS"
    },
    {
      "type": "delete-node",
      "node": {
        "label": "setAlertMessage",
        "type": "Invocation"
      },
      "location-before-char-start": 9720,
      "location-before-char-end": 9932,
      "node-str": "setAlertMessage"
    },
    {
      "type": "delete-node",
      "node": {
        "label": "ELSE",
        "type": "else"
      },
      "location-before-char-start": 9698,
      "location-before-char-end": 10046,
      "node-str": "ELSE"
    },
    {
      "type": "delete-node",
      "node": {
        "label": "if",
        "type": "If"
      },
      "location-before-char-start": 7811,
      "location-before-char-end": 10046,
      "node-str": "if"
    },
    {
      "type": "delete-node",
      "node": {
        "label": "",
        "type": "Try"
      },
      "location-before-char-start": 7630,
      "location-before-char-end": 10418,
      "node-str": ""
    },
    {
      "type": "delete-node",
      "node": {
        "label": "THEN",
        "type": "then"
      },
      "location-before-char-start": 7011,
      "location-before-char-end": 10428,
      "node-str": "THEN"
    },
    {
      "type": "delete-node",
      "node": {
        "label": "if",
        "type": "If"
      },
      "location-before-char-start": 6978,
      "location-before-char-end": 10590,
      "node-str": "if"
    },
    {
      "type": "delete-node",
      "node": {
        "label": "doEdituser",
        "type": "Method"
      },
      "location-before-char-start": 6606,
      "location-before-char-end": 10596,
      "node-str": "doEdituser"
    },
    {
      "type": "delete-node",
      "node": {
        "label": "ManageUser",
        "type": "Class"
      },
      "location-before-char-start": 3214,
      "location-before-char-end": 15647,
      "node-str": "ManageUser"
    }
  ],
  "before-file": {},
  "after-file": {},
  "mapping": {}
}