{
  "tool-info": {},
  "diff": [
    {
      "type": "insert-node",
      "node": {
        "label": "WorkbenchIntroManager",
        "type": "Class"
      },
      "location-after-char-start": 1323,
      "location-after-char-end": 9239,
      "node-str": "WorkbenchIntroManager"
    },
    {
      "type": "insert-node",
      "node": {
        "label": "public",
        "type": "Modifier"
      },
      "location-after-char-start": 0,
      "location-after-char-end": 0,
      "node-str": "public"
    },
    {
      "type": "insert-node",
      "node": {
        "label": "workbench",
        "type": "Field"
      },
      "location-after-char-start": 1478,
      "location-after-char-end": 1511,
      "node-str": "workbench"
    },
    {
      "type": "move-subtree",
      "node": {
        "label": "\u003cinit\u003e",
        "type": "Constructor"
      },
      "location-before-char-start": 1518,
      "location-before-char-end": 2007,
      "location-after-char-start": 1518,
      "location-after-char-end": 2007,
      "node-str": "\u003cinit\u003e"
    },
    {
      "type": "insert-node",
      "node": {
        "label": "introPart",
        "type": "Field"
      },
      "location-after-char-start": 2014,
      "location-after-char-end": 2142,
      "node-str": "introPart"
    },
    {
      "type": "move-subtree",
      "node": {
        "label": "closeIntro",
        "type": "Method"
      },
      "location-before-char-start": 2149,
      "location-before-char-end": 3080,
      "location-after-char-start": 2149,
      "location-after-char-end": 3080,
      "node-str": "closeIntro"
    },
    {
      "type": "insert-node",
      "node": {
        "label": "showIntro",
        "type": "Method"
      },
      "location-after-char-start": 3087,
      "location-after-char-end": 4353,
      "node-str": "showIntro"
    },
    {
      "type": "insert-node",
      "node": {
        "label": "isIntroInWindow",
        "type": "Method"
      },
      "location-after-char-start": 4360,
      "location-after-char-end": 4849,
      "node-str": "isIntroInWindow"
    },
    {
      "type": "insert-node",
      "node": {
        "label": "createIntro",
        "type": "Method"
      },
      "location-after-char-start": 4856,
      "location-after-char-end": 5836,
      "node-str": "createIntro"
    },
    {
      "type": "move-subtree",
      "node": {
        "label": "setIntroStandby",
        "type": "Method"
      },
      "location-before-char-start": 6049,
      "location-before-char-end": 6872,
      "location-after-char-start": 5843,
      "location-after-char-end": 6666,
      "node-str": "setIntroStandby"
    },
    {
      "type": "move-subtree",
      "node": {
        "label": "isIntroStandby",
        "type": "Method"
      },
      "location-before-char-start": 6879,
      "location-before-char-end": 7379,
      "location-after-char-start": 6673,
      "location-after-char-end": 7173,
      "node-str": "isIntroStandby"
    },
    {
      "type": "insert-node",
      "node": {
        "label": "getIntro",
        "type": "Method"
      },
      "location-after-char-start": 7180,
      "location-after-char-end": 7320,
      "node-str": "getIntro"
    },
    {
      "type": "insert-node",
      "node": {
        "label": "getViewIntroAdapterPart",
        "type": "Method"
      },
      "location-after-char-start": 7327,
      "location-after-char-end": 8501,
      "node-str": "getViewIntroAdapterPart"
    },
    {
      "type": "move-subtree",
      "node": {
        "label": "createNewIntroPart",
        "type": "Method"
      },
      "location-before-char-start": 8716,
      "location-before-char-end": 9273,
      "location-after-char-start": 8508,
      "location-after-char-end": 9065,
      "node-str": "createNewIntroPart"
    },
    {
      "type": "move-subtree",
      "node": {
        "label": "hasIntro",
        "type": "Method"
      },
      "location-before-char-start": 9280,
      "location-before-char-end": 9445,
      "location-after-char-start": 9072,
      "location-after-char-end": 9237,
      "node-str": "hasIntro"
    },
    {
      "type": "insert-node",
      "node": {
        "label": "org.eclipse.ui.internal.Workbench",
        "type": "VARIABLE_TYPE"
      },
      "location-after-char-start": 0,
      "location-after-char-end": 0,
      "node-str": "org.eclipse.ui.internal.Workbench"
    },
    {
      "type": "insert-node",
      "node": {
        "label": "final",
        "type": "Modifier"
      },
      "location-after-char-start": 0,
      "location-after-char-end": 0,
      "node-str": "final"
    },
    {
      "type": "insert-node",
      "node": {
        "label": "org.eclipse.ui.intro.IIntroPart",
        "type": "VARIABLE_TYPE"
      },
      "location-after-char-start": 0,
      "location-after-char-end": 0,
      "node-str": "org.eclipse.ui.intro.IIntroPart"
    },
    {
      "type": "insert-node",
      "node": {
        "label": "org.eclipse.ui.intro.IIntroPart",
        "type": "RETURN_TYPE"
      },
      "location-after-char-start": 0,
      "location-after-char-end": 0,
      "node-str": "org.eclipse.ui.intro.IIntroPart"
    },
    {
      "type": "insert-node",
      "node": {
        "label": "public",
        "type": "Modifier"
      },
      "location-after-char-start": 0,
      "location-after-char-end": 0,
      "node-str": "public"
    },
    {
      "type": "insert-node",
      "node": {
        "label": "preferredWindow",
        "type": "Parameter"
      },
      "location-after-char-start": 3225,
      "location-after-char-end": 3256,
      "node-str": "preferredWindow"
    },
    {
      "type": "insert-node",
      "node": {
        "label": "standby",
        "type": "Parameter"
      },
      "location-after-char-start": 3271,
      "location-after-char-end": 3285,
      "node-str": "standby"
    },
    {
      "type": "move-subtree",
      "node": {
        "label": "if",
        "type": "If"
      },
      "location-before-char-start": 3298,
      "location-before-char-end": 3398,
      "location-after-char-start": 3298,
      "location-after-char-end": 3398,
      "node-str": "if"
    },
    {
      "type": "insert-node",
      "node": {
        "label": "if",
        "type": "If"
      },
      "location-after-char-start": 3409,
      "location-after-char-end": 3461,
      "node-str": "if"
    },
    {
      "type": "insert-node",
      "node": {
        "label": "viewPart",
        "type": "LocalVariable"
      },
      "location-after-char-start": 3472,
      "location-after-char-end": 3529,
      "node-str": "viewPart"
    },
    {
      "type": "insert-node",
      "node": {
        "label": "if",
        "type": "If"
      },
      "location-after-char-start": 3539,
      "location-after-char-end": 4276,
      "node-str": "if"
    },
    {
      "type": "insert-node",
      "node": {
        "label": "setIntroStandby",
        "type": "Invocation"
      },
      "location-after-char-start": 4286,
      "location-after-char-end": 4321,
      "node-str": "setIntroStandby"
    },
    {
      "type": "insert-node",
      "node": {
        "label": "return",
        "type": "Return"
      },
      "location-after-char-start": 4331,
      "location-after-char-end": 4347,
      "node-str": "return"
    },
    {
      "type": "insert-node",
      "node": {
        "label": "boolean",
        "type": "RETURN_TYPE"
      },
      "location-after-char-start": 0,
      "location-after-char-end": 0,
      "node-str": "boolean"
    },
    {
      "type": "insert-node",
      "node": {
        "label": "testWindow",
        "type": "Parameter"
      },
      "location-after-char-start": 4517,
      "location-after-char-end": 4543,
      "node-str": "testWindow"
    },
    {
      "type": "insert-node",
      "node": {
        "label": "viewPart",
        "type": "LocalVariable"
      },
      "location-after-char-start": 4556,
      "location-after-char-end": 4613,
      "node-str": "viewPart"
    },
    {
      "type": "insert-node",
      "node": {
        "label": "if",
        "type": "If"
      },
      "location-after-char-start": 4623,
      "location-after-char-end": 4669,
      "node-str": "if"
    },
    {
      "type": "insert-node",
      "node": {
        "label": "window",
        "type": "LocalVariable"
      },
      "location-after-char-start": 4680,
      "location-after-char-end": 4745,
      "node-str": "window"
    },
    {
      "type": "insert-node",
      "node": {
        "label": "if",
        "type": "If"
      },
      "location-after-char-start": 4755,
      "location-after-char-end": 4821,
      "node-str": "if"
    },
    {
      "type": "insert-node",
      "node": {
        "label": "return",
        "type": "Return"
      },
      "location-after-char-start": 4831,
      "location-after-char-end": 4843,
      "node-str": "return"
    },
    {
      "type": "insert-node",
      "node": {
        "label": "void",
        "type": "RETURN_TYPE"
      },
      "location-after-char-start": 0,
      "location-after-char-end": 0,
      "node-str": "void"
    },
    {
      "type": "insert-node",
      "node": {
        "label": "preferredWindow",
        "type": "Parameter"
      },
      "location-after-char-start": 5125,
      "location-after-char-end": 5156,
      "node-str": "preferredWindow"
    },
    {
      "type": "move-subtree",
      "node": {
        "label": "if",
        "type": "If"
      },
      "location-before-char-start": 5367,
      "location-before-char-end": 5434,
      "location-after-char-start": 5169,
      "location-after-char-end": 5236,
      "node-str": "if"
    },
    {
      "type": "insert-node",
      "node": {
        "label": "workbenchPage",
        "type": "LocalVariable"
      },
      "location-after-char-start": 5247,
      "location-after-char-end": 5309,
      "node-str": "workbenchPage"
    },
    {
      "type": "insert-node",
      "node": {
        "label": "if",
        "type": "If"
      },
      "location-after-char-start": 5319,
      "location-after-char-end": 5364,
      "node-str": "if"
    },
    {
      "type": "move-subtree",
      "node": {
        "label": "",
        "type": "Try"
      },
      "location-before-char-start": 5580,
      "location-before-char-end": 6036,
      "location-after-char-start": 5374,
      "location-after-char-end": 5830,
      "node-str": ""
    },
    {
      "type": "insert-node",
      "node": {
        "label": "org.eclipse.ui.intro.IIntroPart",
        "type": "RETURN_TYPE"
      },
      "location-after-char-start": 0,
      "location-after-char-end": 0,
      "node-str": "org.eclipse.ui.intro.IIntroPart"
    },
    {
      "type": "insert-node",
      "node": {
        "label": "public",
        "type": "Modifier"
      },
      "location-after-char-start": 0,
      "location-after-char-end": 0,
      "node-str": "public"
    },
    {
      "type": "insert-node",
      "node": {
        "label": "return",
        "type": "Return"
      },
      "location-after-char-start": 7298,
      "location-after-char-end": 7314,
      "node-str": "return"
    },
    {
      "type": "insert-node",
      "node": {
        "label": "org.eclipse.ui.internal.ViewIntroAdapterPart",
        "type": "RETURN_TYPE"
      },
      "location-after-char-start": 0,
      "location-after-char-end": 0,
      "node-str": "org.eclipse.ui.internal.ViewIntroAdapterPart"
    },
    {
      "type": "insert-node",
      "node": {
        "label": "windows",
        "type": "LocalVariable"
      },
      "location-after-char-start": 7534,
      "location-after-char-end": 7599,
      "node-str": "windows"
    },
    {
      "type": "insert-node",
      "node": {
        "label": "",
        "type": "For"
      },
      "location-after-char-start": 7609,
      "location-after-char-end": 8474,
      "node-str": ""
    },
    {
      "type": "insert-node",
      "node": {
        "label": "return",
        "type": "Return"
      },
      "location-after-char-start": 8484,
      "location-after-char-end": 8495,
      "node-str": "return"
    },
    {
      "type": "insert-node",
      "node": {
        "label": "org.eclipse.ui.IWorkbenchWindow",
        "type": "VARIABLE_TYPE"
      },
      "location-after-char-start": 0,
      "location-after-char-end": 0,
      "node-str": "org.eclipse.ui.IWorkbenchWindow"
    },
    {
      "type": "insert-node",
      "node": {
        "label": "boolean",
        "type": "VARIABLE_TYPE"
      },
      "location-after-char-start": 0,
      "location-after-char-end": 0,
      "node-str": "boolean"
    },
    {
      "type": "insert-node",
      "node": {
        "label": "EQ",
        "type": "BinaryOperator"
      },
      "location-after-char-start": 3413,
      "location-after-char-end": 3435,
      "node-str": "EQ"
    },
    {
      "type": "insert-node",
      "node": {
        "label": "THEN",
        "type": "then"
      },
      "location-after-char-start": 3450,
      "location-after-char-end": 3461,
      "node-str": "THEN"
    },
    {
      "type": "insert-node",
      "node": {
        "label": "org.eclipse.ui.internal.ViewIntroAdapterPart",
        "type": "VARIABLE_TYPE"
      },
      "location-after-char-start": 0,
      "location-after-char-end": 0,
      "node-str": "org.eclipse.ui.internal.ViewIntroAdapterPart"
    },
    {
      "type": "insert-node",
      "node": {
        "label": "getViewIntroAdapterPart",
        "type": "Invocation"
      },
      "location-after-char-start": 3504,
      "location-after-char-end": 3528,
      "node-str": "getViewIntroAdapterPart"
    },
    {
      "type": "insert-node",
      "node": {
        "label": "EQ",
        "type": "BinaryOperator"
      },
      "location-after-char-start": 3543,
      "location-after-char-end": 3558,
      "node-str": "EQ"
    },
    {
      "type": "insert-node",
      "node": {
        "label": "THEN",
        "type": "then"
      },
      "location-after-char-start": 3561,
      "location-after-char-end": 3613,
      "node-str": "THEN"
    },
    {
      "type": "insert-node",
      "node": {
        "label": "ELSE",
        "type": "else"
      },
      "location-after-char-start": 3620,
      "location-after-char-end": 4276,
      "node-str": "ELSE"
    },
    {
      "type": "insert-node",
      "node": {
        "label": "org.eclipse.ui.internal.WorkbenchIntroManager",
        "type": "TypeAccess"
      },
      "location-after-char-start": 0,
      "location-after-char-end": 0,
      "node-str": "org.eclipse.ui.internal.WorkbenchIntroManager"
    },
    {
      "type": "insert-node",
      "node": {
        "label": "introPart",
        "type": "FieldRead"
      },
      "location-after-char-start": 4302,
      "location-after-char-end": 4310,
      "node-str": "introPart"
    },
    {
      "type": "insert-node",
      "node": {
        "label": "standby",
        "type": "VariableRead"
      },
      "location-after-char-start": 4313,
      "location-after-char-end": 4319,
      "node-str": "standby"
    },
    {
      "type": "insert-node",
      "node": {
        "label": "introPart",
        "type": "FieldRead"
      },
      "location-after-char-start": 4338,
      "location-after-char-end": 4346,
      "node-str": "introPart"
    },
    {
      "type": "insert-node",
      "node": {
        "label": "org.eclipse.ui.IWorkbenchWindow",
        "type": "VARIABLE_TYPE"
      },
      "location-after-char-start": 0,
      "location-after-char-end": 0,
      "node-str": "org.eclipse.ui.IWorkbenchWindow"
    },
    {
      "type": "insert-node",
      "node": {
        "label": "org.eclipse.ui.internal.ViewIntroAdapterPart",
        "type": "VARIABLE_TYPE"
      },
      "location-after-char-start": 0,
      "location-after-char-end": 0,
      "node-str": "org.eclipse.ui.internal.ViewIntroAdapterPart"
    },
    {
      "type": "insert-node",
      "node": {
        "label": "getViewIntroAdapterPart",
        "type": "Invocation"
      },
      "location-after-char-start": 4588,
      "location-after-char-end": 4612,
      "node-str": "getViewIntroAdapterPart"
    },
    {
      "type": "insert-node",
      "node": {
        "label": "EQ",
        "type": "BinaryOperator"
      },
      "location-after-char-start": 4627,
      "location-after-char-end": 4642,
      "node-str": "EQ"
    },
    {
      "type": "insert-node",
      "node": {
        "label": "THEN",
        "type": "then"
      },
      "location-after-char-start": 4657,
      "location-after-char-end": 4669,
      "node-str": "THEN"
    },
    {
      "type": "insert-node",
      "node": {
        "label": "org.eclipse.ui.IWorkbenchWindow",
        "type": "VARIABLE_TYPE"
      },
      "location-after-char-start": 0,
      "location-after-char-end": 0,
      "node-str": "org.eclipse.ui.IWorkbenchWindow"
    },
    {
      "type": "insert-node",
      "node": {
        "label": "getWorkbenchWindow",
        "type": "Invocation"
      },
      "location-after-char-start": 4706,
      "location-after-char-end": 4744,
      "node-str": "getWorkbenchWindow"
    },
    {
      "type": "insert-node",
      "node": {
        "label": "equals",
        "type": "Invocation"
      },
      "location-after-char-start": 4759,
      "location-after-char-end": 4783,
      "node-str": "equals"
    },
    {
      "type": "insert-node",
      "node": {
        "label": "THEN",
        "type": "then"
      },
      "location-after-char-start": 4786,
      "location-after-char-end": 4821,
      "node-str": "THEN"
    },
    {
      "type": "insert-node",
      "node": {
        "label": "false",
        "type": "Literal"
      },
      "location-after-char-start": 4838,
      "location-after-char-end": 4842,
      "node-str": "false"
    },
    {
      "type": "insert-node",
      "node": {
        "label": "org.eclipse.ui.IWorkbenchWindow",
        "type": "VARIABLE_TYPE"
      },
      "location-after-char-start": 0,
      "location-after-char-end": 0,
      "node-str": "org.eclipse.ui.IWorkbenchWindow"
    },
    {
      "type": "insert-node",
      "node": {
        "label": "org.eclipse.ui.IWorkbenchPage",
        "type": "VARIABLE_TYPE"
      },
      "location-after-char-start": 0,
      "location-after-char-end": 0,
      "node-str": "org.eclipse.ui.IWorkbenchPage"
    },
    {
      "type": "insert-node",
      "node": {
        "label": "getActivePage",
        "type": "Invocation"
      },
      "location-after-char-start": 5278,
      "location-after-char-end": 5308,
      "node-str": "getActivePage"
    },
    {
      "type": "insert-node",
      "node": {
        "label": "EQ",
        "type": "BinaryOperator"
      },
      "location-after-char-start": 5323,
      "location-after-char-end": 5343,
      "node-str": "EQ"
    },
    {
      "type": "insert-node",
      "node": {
        "label": "THEN",
        "type": "then"
      },
      "location-after-char-start": 5358,
      "location-after-char-end": 5364,
      "node-str": "THEN"
    },
    {
      "type": "insert-node",
      "node": {
        "label": "introPart",
        "type": "FieldRead"
      },
      "location-after-char-start": 7305,
      "location-after-char-end": 7313,
      "node-str": "introPart"
    },
    {
      "type": "insert-node",
      "node": {
        "label": "org.eclipse.ui.IWorkbenchWindow[]",
        "type": "VARIABLE_TYPE"
      },
      "location-after-char-start": 0,
      "location-after-char-end": 0,
      "node-str": "org.eclipse.ui.IWorkbenchWindow[]"
    },
    {
      "type": "insert-node",
      "node": {
        "label": "getWorkbenchWindows",
        "type": "Invocation"
      },
      "location-after-char-start": 7563,
      "location-after-char-end": 7598,
      "node-str": "getWorkbenchWindows"
    },
    {
      "type": "insert-node",
      "node": {
        "label": "i",
        "type": "LocalVariable"
      },
      "location-after-char-start": 7614,
      "location-after-char-end": 7622,
      "node-str": "i"
    },
    {
      "type": "insert-node",
      "node": {
        "label": "LT",
        "type": "BinaryOperator"
      },
      "location-after-char-start": 7625,
      "location-after-char-end": 7642,
      "node-str": "LT"
    },
    {
      "type": "insert-node",
      "node": {
        "label": "POSTINC",
        "type": "UnaryOperator"
      },
      "location-after-char-start": 7645,
      "location-after-char-end": 7647,
      "node-str": "POSTINC"
    },
    {
      "type": "insert-node",
      "node": {
        "label": "window",
        "type": "LocalVariable"
      },
      "location-after-char-start": 7664,
      "location-after-char-end": 7700,
      "node-str": "window"
    },
    {
      "type": "insert-node",
      "node": {
        "label": "page",
        "type": "LocalVariable"
      },
      "location-after-char-start": 7714,
      "location-after-char-end": 7773,
      "node-str": "page"
    },
    {
      "type": "insert-node",
      "node": {
        "label": "if",
        "type": "If"
      },
      "location-after-char-start": 7787,
      "location-after-char-end": 7845,
      "node-str": "if"
    },
    {
      "type": "insert-node",
      "node": {
        "label": "perspDescs",
        "type": "LocalVariable"
      },
      "location-after-char-start": 7859,
      "location-after-char-end": 7923,
      "node-str": "perspDescs"
    },
    {
      "type": "move-subtree",
      "node": {
        "label": "",
        "type": "For"
      },
      "location-before-char-start": 8145,
      "location-before-char-end": 8672,
      "location-after-char-start": 7937,
      "location-after-char-end": 8464,
      "node-str": ""
    },
    {
      "type": "insert-node",
      "node": {
        "label": "null",
        "type": "Literal"
      },
      "location-after-char-start": 8491,
      "location-after-char-end": 8494,
      "node-str": "null"
    },
    {
      "type": "insert-node",
      "node": {
        "label": "preferredWindow",
        "type": "VariableRead"
      },
      "location-after-char-start": 3413,
      "location-after-char-end": 3427,
      "node-str": "preferredWindow"
    },
    {
      "type": "insert-node",
      "node": {
        "label": "null",
        "type": "Literal"
      },
      "location-after-char-start": 3432,
      "location-after-char-end": 3435,
      "node-str": "null"
    },
    {
      "type": "insert-node",
      "node": {
        "label": "return",
        "type": "Return"
      },
      "location-after-char-start": 3450,
      "location-after-char-end": 3461,
      "node-str": "return"
    },
    {
      "type": "insert-node",
      "node": {
        "label": "org.eclipse.ui.internal.WorkbenchIntroManager",
        "type": "TypeAccess"
      },
      "location-after-char-start": 0,
      "location-after-char-end": 0,
      "node-str": "org.eclipse.ui.internal.WorkbenchIntroManager"
    },
    {
      "type": "insert-node",
      "node": {
        "label": "viewPart",
        "type": "VariableRead"
      },
      "location-after-char-start": 3543,
      "location-after-char-end": 3550,
      "node-str": "viewPart"
    },
    {
      "type": "insert-node",
      "node": {
        "label": "null",
        "type": "Literal"
      },
      "location-after-char-start": 3555,
      "location-after-char-end": 3558,
      "node-str": "null"
    },
    {
      "type": "insert-node",
      "node": {
        "label": "createIntro",
        "type": "Invocation"
      },
      "location-after-char-start": 3575,
      "location-after-char-end": 3603,
      "node-str": "createIntro"
    },
    {
      "type": "insert-node",
      "node": {
        "label": "",
        "type": "Try"
      },
      "location-after-char-start": 3634,
      "location-after-char-end": 4266,
      "node-str": ""
    },
    {
      "type": "insert-node",
      "node": {
        "label": "org.eclipse.ui.internal.WorkbenchIntroManager",
        "type": "TypeAccess"
      },
      "location-after-char-start": 0,
      "location-after-char-end": 0,
      "node-str": "org.eclipse.ui.internal.WorkbenchIntroManager"
    },
    {
      "type": "insert-node",
      "node": {
        "label": "org.eclipse.ui.internal.WorkbenchIntroManager",
        "type": "TypeAccess"
      },
      "location-after-char-start": 0,
      "location-after-char-end": 0,
      "node-str": "org.eclipse.ui.internal.WorkbenchIntroManager"
    },
    {
      "type": "insert-node",
      "node": {
        "label": "org.eclipse.ui.internal.WorkbenchIntroManager",
        "type": "TypeAccess"
      },
      "location-after-char-start": 0,
      "location-after-char-end": 0,
      "node-str": "org.eclipse.ui.internal.WorkbenchIntroManager"
    },
    {
      "type": "insert-node",
      "node": {
        "label": "viewPart",
        "type": "VariableRead"
      },
      "location-after-char-start": 4627,
      "location-after-char-end": 4634,
      "node-str": "viewPart"
    },
    {
      "type": "insert-node",
      "node": {
        "label": "null",
        "type": "Literal"
      },
      "location-after-char-start": 4639,
      "location-after-char-end": 4642,
      "node-str": "null"
    },
    {
      "type": "insert-node",
      "node": {
        "label": "return",
        "type": "Return"
      },
      "location-after-char-start": 4657,
      "location-after-char-end": 4669,
      "node-str": "return"
    },
    {
      "type": "insert-node",
      "node": {
        "label": "getSite",
        "type": "Invocation"
      },
      "location-after-char-start": 4706,
      "location-after-char-end": 4723,
      "node-str": "getSite"
    },
    {
      "type": "insert-node",
      "node": {
        "label": "window",
        "type": "VariableRead"
      },
      "location-after-char-start": 4759,
      "location-after-char-end": 4764,
      "node-str": "window"
    },
    {
      "type": "insert-node",
      "node": {
        "label": "testWindow",
        "type": "VariableRead"
      },
      "location-after-char-start": 4773,
      "location-after-char-end": 4782,
      "node-str": "testWindow"
    },
    {
      "type": "insert-node",
      "node": {
        "label": "return",
        "type": "Return"
      },
      "location-after-char-start": 4800,
      "location-after-char-end": 4811,
      "node-str": "return"
    },
    {
      "type": "insert-node",
      "node": {
        "label": "preferredWindow",
        "type": "VariableRead"
      },
      "location-after-char-start": 5278,
      "location-after-char-end": 5292,
      "node-str": "preferredWindow"
    },
    {
      "type": "insert-node",
      "node": {
        "label": "workbenchPage",
        "type": "VariableRead"
      },
      "location-after-char-start": 5323,
      "location-after-char-end": 5335,
      "node-str": "workbenchPage"
    },
    {
      "type": "insert-node",
      "node": {
        "label": "null",
        "type": "Literal"
      },
      "location-after-char-start": 5340,
      "location-after-char-end": 5343,
      "node-str": "null"
    },
    {
      "type": "insert-node",
      "node": {
        "label": "return",
        "type": "Return"
      },
      "location-after-char-start": 5358,
      "location-after-char-end": 5364,
      "node-str": "return"
    },
    {
      "type": "insert-node",
      "node": {
        "label": "org.eclipse.ui.internal.WorkbenchIntroManager",
        "type": "TypeAccess"
      },
      "location-after-char-start": 0,
      "location-after-char-end": 0,
      "node-str": "org.eclipse.ui.internal.WorkbenchIntroManager"
    },
    {
      "type": "insert-node",
      "node": {
        "label": "workbench",
        "type": "FieldRead"
      },
      "location-after-char-start": 7563,
      "location-after-char-end": 7576,
      "node-str": "workbench"
    },
    {
      "type": "insert-node",
      "node": {
        "label": "int",
        "type": "VARIABLE_TYPE"
      },
      "location-after-char-start": 0,
      "location-after-char-end": 0,
      "node-str": "int"
    },
    {
      "type": "insert-node",
      "node": {
        "label": "0",
        "type": "Literal"
      },
      "location-after-char-start": 7622,
      "location-after-char-end": 7622,
      "node-str": "0"
    },
    {
      "type": "insert-node",
      "node": {
        "label": "i",
        "type": "VariableRead"
      },
      "location-after-char-start": 7625,
      "location-after-char-end": 7625,
      "node-str": "i"
    },
    {
      "type": "insert-node",
      "node": {
        "label": "length",
        "type": "FieldRead"
      },
      "location-after-char-start": 7629,
      "location-after-char-end": 7642,
      "node-str": "length"
    },
    {
      "type": "insert-node",
      "node": {
        "label": "i",
        "type": "VariableWrite"
      },
      "location-after-char-start": 7645,
      "location-after-char-end": 7645,
      "node-str": "i"
    },
    {
      "type": "insert-node",
      "node": {
        "label": "org.eclipse.ui.IWorkbenchWindow",
        "type": "VARIABLE_TYPE"
      },
      "location-after-char-start": 0,
      "location-after-char-end": 0,
      "node-str": "org.eclipse.ui.IWorkbenchWindow"
    },
    {
      "type": "insert-node",
      "node": {
        "label": "",
        "type": "ArrayRead"
      },
      "location-after-char-start": 7690,
      "location-after-char-end": 7699,
      "node-str": ""
    },
    {
      "type": "insert-node",
      "node": {
        "label": "org.eclipse.ui.internal.WorkbenchPage",
        "type": "VARIABLE_TYPE"
      },
      "location-after-char-start": 0,
      "location-after-char-end": 0,
      "node-str": "org.eclipse.ui.internal.WorkbenchPage"
    },
    {
      "type": "insert-node",
      "node": {
        "label": "getActivePage",
        "type": "Invocation"
      },
      "location-after-char-start": 7735,
      "location-after-char-end": 7772,
      "node-str": "getActivePage"
    },
    {
      "type": "insert-node",
      "node": {
        "label": "EQ",
        "type": "BinaryOperator"
      },
      "location-after-char-start": 7791,
      "location-after-char-end": 7802,
      "node-str": "EQ"
    },
    {
      "type": "insert-node",
      "node": {
        "label": "THEN",
        "type": "then"
      },
      "location-after-char-start": 7805,
      "location-after-char-end": 7845,
      "node-str": "THEN"
    },
    {
      "type": "insert-node",
      "node": {
        "label": "org.eclipse.ui.IPerspectiveDescriptor[]",
        "type": "VARIABLE_TYPE"
      },
      "location-after-char-start": 0,
      "location-after-char-end": 0,
      "node-str": "org.eclipse.ui.IPerspectiveDescriptor[]"
    },
    {
      "type": "insert-node",
      "node": {
        "label": "getOpenPerspectives",
        "type": "Invocation"
      },
      "location-after-char-start": 7897,
      "location-after-char-end": 7922,
      "node-str": "getOpenPerspectives"
    },
    {
      "type": "insert-node",
      "node": {
        "label": "null",
        "type": "Literal"
      },
      "location-after-char-start": 3457,
      "location-after-char-end": 3460,
      "node-str": "null"
    },
    {
      "type": "insert-node",
      "node": {
        "label": "org.eclipse.ui.internal.WorkbenchIntroManager",
        "type": "TypeAccess"
      },
      "location-after-char-start": 0,
      "location-after-char-end": 0,
      "node-str": "org.eclipse.ui.internal.WorkbenchIntroManager"
    },
    {
      "type": "insert-node",
      "node": {
        "label": "preferredWindow",
        "type": "VariableRead"
      },
      "location-after-char-start": 3587,
      "location-after-char-end": 3601,
      "node-str": "preferredWindow"
    },
    {
      "type": "insert-node",
      "node": {
        "label": "page",
        "type": "LocalVariable"
      },
      "location-after-char-start": 3656,
      "location-after-char-end": 3706,
      "node-str": "page"
    },
    {
      "type": "insert-node",
      "node": {
        "label": "window",
        "type": "LocalVariable"
      },
      "location-after-char-start": 3724,
      "location-after-char-end": 3775,
      "node-str": "window"
    },
    {
      "type": "insert-node",
      "node": {
        "label": "if",
        "type": "If"
      },
      "location-after-char-start": 3793,
      "location-after-char-end": 3899,
      "node-str": "if"
    },
    {
      "type": "insert-node",
      "node": {
        "label": "showView",
        "type": "Invocation"
      },
      "location-after-char-start": 3918,
      "location-after-char-end": 3962,
      "node-str": "showView"
    },
    {
      "type": "insert-node",
      "node": {
        "label": "",
        "type": "Catch"
      },
      "location-after-char-start": 3977,
      "location-after-char-end": 4266,
      "node-str": ""
    },
    {
      "type": "insert-node",
      "node": {
        "label": "false",
        "type": "Literal"
      },
      "location-after-char-start": 4664,
      "location-after-char-end": 4668,
      "node-str": "false"
    },
    {
      "type": "insert-node",
      "node": {
        "label": "viewPart",
        "type": "VariableRead"
      },
      "location-after-char-start": 4706,
      "location-after-char-end": 4713,
      "node-str": "viewPart"
    },
    {
      "type": "insert-node",
      "node": {
        "label": "true",
        "type": "Literal"
      },
      "location-after-char-start": 4807,
      "location-after-char-end": 4810,
      "node-str": "true"
    },
    {
      "type": "insert-node",
      "node": {
        "label": "this",
        "type": "ThisAccess"
      },
      "location-after-char-start": 7563,
      "location-after-char-end": 7566,
      "node-str": "this"
    },
    {
      "type": "insert-node",
      "node": {
        "label": "windows",
        "type": "VariableRead"
      },
      "location-after-char-start": 7629,
      "location-after-char-end": 7642,
      "node-str": "windows"
    },
    {
      "type": "insert-node",
      "node": {
        "label": "windows",
        "type": "VariableRead"
      },
      "location-after-char-start": 7690,
      "location-after-char-end": 7696,
      "node-str": "windows"
    },
    {
      "type": "insert-node",
      "node": {
        "label": "i",
        "type": "VariableRead"
      },
      "location-after-char-start": 7698,
      "location-after-char-end": 7698,
      "node-str": "i"
    },
    {
      "type": "insert-node",
      "node": {
        "label": "window",
        "type": "VariableRead"
      },
      "location-after-char-start": 7751,
      "location-after-char-end": 7756,
      "node-str": "window"
    },
    {
      "type": "insert-node",
      "node": {
        "label": "page",
        "type": "VariableRead"
      },
      "location-after-char-start": 7791,
      "location-after-char-end": 7794,
      "node-str": "page"
    },
    {
      "type": "insert-node",
      "node": {
        "label": "null",
        "type": "Literal"
      },
      "location-after-char-start": 7799,
      "location-after-char-end": 7802,
      "node-str": "null"
    },
    {
      "type": "insert-node",
      "node": {
        "label": "continue",
        "type": "Continue"
      },
      "location-after-char-start": 7823,
      "location-after-char-end": 7831,
      "node-str": "continue"
    },
    {
      "type": "insert-node",
      "node": {
        "label": "page",
        "type": "VariableRead"
      },
      "location-after-char-start": 7897,
      "location-after-char-end": 7900,
      "node-str": "page"
    },
    {
      "type": "insert-node",
      "node": {
        "label": "org.eclipse.ui.IWorkbenchPage",
        "type": "VARIABLE_TYPE"
      },
      "location-after-char-start": 0,
      "location-after-char-end": 0,
      "node-str": "org.eclipse.ui.IWorkbenchPage"
    },
    {
      "type": "insert-node",
      "node": {
        "label": "getPage",
        "type": "Invocation"
      },
      "location-after-char-start": 3678,
      "location-after-char-end": 3705,
      "node-str": "getPage"
    },
    {
      "type": "insert-node",
      "node": {
        "label": "org.eclipse.ui.IWorkbenchWindow",
        "type": "VARIABLE_TYPE"
      },
      "location-after-char-start": 0,
      "location-after-char-end": 0,
      "node-str": "org.eclipse.ui.IWorkbenchWindow"
    },
    {
      "type": "insert-node",
      "node": {
        "label": "getWorkbenchWindow",
        "type": "Invocation"
      },
      "location-after-char-start": 3750,
      "location-after-char-end": 3774,
      "node-str": "getWorkbenchWindow"
    },
    {
      "type": "insert-node",
      "node": {
        "label": "NOT",
        "type": "UnaryOperator"
      },
      "location-after-char-start": 3797,
      "location-after-char-end": 3827,
      "node-str": "NOT"
    },
    {
      "type": "insert-node",
      "node": {
        "label": "THEN",
        "type": "then"
      },
      "location-after-char-start": 3830,
      "location-after-char-end": 3899,
      "node-str": "THEN"
    },
    {
      "type": "insert-node",
      "node": {
        "label": "page",
        "type": "VariableRead"
      },
      "location-after-char-start": 3918,
      "location-after-char-end": 3921,
      "node-str": "page"
    },
    {
      "type": "insert-node",
      "node": {
        "label": "IIntroConstants.INTRO_VIEW_ID",
        "type": "TypeAccess"
      },
      "location-after-char-start": 3932,
      "location-after-char-end": 3960,
      "node-str": "IIntroConstants.INTRO_VIEW_ID"
    },
    {
      "type": "insert-node",
      "node": {
        "label": "e",
        "type": "CatchVariable"
      },
      "location-after-char-start": 3985,
      "location-after-char-end": 4003,
      "node-str": "e"
    },
    {
      "type": "insert-node",
      "node": {
        "label": "log",
        "type": "Invocation"
      },
      "location-after-char-start": 4024,
      "location-after-char-end": 4224,
      "node-str": "log"
    },
    {
      "type": "insert-node",
      "node": {
        "label": "org.eclipse.ui.internal.WorkbenchIntroManager",
        "type": "TypeAccess"
      },
      "location-after-char-start": 0,
      "location-after-char-end": 0,
      "node-str": "org.eclipse.ui.internal.WorkbenchIntroManager"
    },
    {
      "type": "insert-node",
      "node": {
        "label": "getSite",
        "type": "Invocation"
      },
      "location-after-char-start": 3678,
      "location-after-char-end": 3695,
      "node-str": "getSite"
    },
    {
      "type": "insert-node",
      "node": {
        "label": "page",
        "type": "VariableRead"
      },
      "location-after-char-start": 3750,
      "location-after-char-end": 3753,
      "node-str": "page"
    },
    {
      "type": "insert-node",
      "node": {
        "label": "equals",
        "type": "Invocation"
      },
      "location-after-char-start": 3798,
      "location-after-char-end": 3827,
      "node-str": "equals"
    },
    {
      "type": "insert-node",
      "node": {
        "label": "setActive",
        "type": "Invocation"
      },
      "location-after-char-start": 3852,
      "location-after-char-end": 3881,
      "node-str": "setActive"
    },
    {
      "type": "insert-node",
      "node": {
        "label": "org.eclipse.ui.PartInitException",
        "type": "VARIABLE_TYPE"
      },
      "location-after-char-start": 0,
      "location-after-char-end": 0,
      "node-str": "org.eclipse.ui.PartInitException"
    },
    {
      "type": "insert-node",
      "node": {
        "label": "org.eclipse.ui.internal.WorkbenchPlugin",
        "type": "TypeAccess"
      },
      "location-after-char-start": 4024,
      "location-after-char-end": 4038,
      "node-str": "org.eclipse.ui.internal.WorkbenchPlugin"
    },
    {
      "type": "insert-node",
      "node": {
        "label": "\"Could not open intro\"",
        "type": "Literal"
      },
      "location-after-char-start": 4102,
      "location-after-char-end": 4123,
      "node-str": "\"Could not open intro\""
    },
    {
      "type": "insert-node",
      "node": {
        "label": "org.eclipse.core.runtime.Status(int,java.lang.Class,int,java.lang.String,java.lang.Throwable)",
        "type": "ConstructorCall"
      },
      "location-after-char-start": 4126,
      "location-after-char-end": 4222,
      "node-str": "org.eclipse.core.runtime.Status(int,java.lang.Class,int,java.lang.String,java.lang.Throwable)"
    },
    {
      "type": "insert-node",
      "node": {
        "label": "viewPart",
        "type": "VariableRead"
      },
      "location-after-char-start": 3678,
      "location-after-char-end": 3685,
      "node-str": "viewPart"
    },
    {
      "type": "insert-node",
      "node": {
        "label": "window",
        "type": "VariableRead"
      },
      "location-after-char-start": 3798,
      "location-after-char-end": 3803,
      "node-str": "window"
    },
    {
      "type": "insert-node",
      "node": {
        "label": "preferredWindow",
        "type": "VariableRead"
      },
      "location-after-char-start": 3812,
      "location-after-char-end": 3826,
      "node-str": "preferredWindow"
    },
    {
      "type": "insert-node",
      "node": {
        "label": "getShell",
        "type": "Invocation"
      },
      "location-after-char-start": 3852,
      "location-after-char-end": 3868,
      "node-str": "getShell"
    },
    {
      "type": "insert-node",
      "node": {
        "label": "ERROR",
        "type": "FieldRead"
      },
      "location-after-char-start": 4137,
      "location-after-char-end": 4149,
      "node-str": "ERROR"
    },
    {
      "type": "insert-node",
      "node": {
        "label": "PI_WORKBENCH",
        "type": "FieldRead"
      },
      "location-after-char-start": 4152,
      "location-after-char-end": 4179,
      "node-str": "PI_WORKBENCH"
    },
    {
      "type": "insert-node",
      "node": {
        "label": "ERROR",
        "type": "FieldRead"
      },
      "location-after-char-start": 4182,
      "location-after-char-end": 4194,
      "node-str": "ERROR"
    },
    {
      "type": "insert-node",
      "node": {
        "label": "\"Could not open intro\"",
        "type": "Literal"
      },
      "location-after-char-start": 4197,
      "location-after-char-end": 4218,
      "node-str": "\"Could not open intro\""
    },
    {
      "type": "insert-node",
      "node": {
        "label": "e",
        "type": "VariableRead"
      },
      "location-after-char-start": 4221,
      "location-after-char-end": 4221,
      "node-str": "e"
    },
    {
      "type": "insert-node",
      "node": {
        "label": "window",
        "type": "VariableRead"
      },
      "location-after-char-start": 3852,
      "location-after-char-end": 3857,
      "node-str": "window"
    },
    {
      "type": "insert-node",
      "node": {
        "label": "org.eclipse.core.runtime.IStatus",
        "type": "TypeAccess"
      },
      "location-after-char-start": 4137,
      "location-after-char-end": 4143,
      "node-str": "org.eclipse.core.runtime.IStatus"
    },
    {
      "type": "insert-node",
      "node": {
        "label": "WorkbenchPlugin",
        "type": "TypeAccess"
      },
      "location-after-char-start": 0,
      "location-after-char-end": 0,
      "node-str": "WorkbenchPlugin"
    },
    {
      "type": "insert-node",
      "node": {
        "label": "org.eclipse.core.runtime.IStatus",
        "type": "TypeAccess"
      },
      "location-after-char-start": 4182,
      "location-after-char-end": 4188,
      "node-str": "org.eclipse.core.runtime.IStatus"
    },
    {
      "type": "delete-node",
      "node": {
        "label": "public",
        "type": "Modifier"
      },
      "location-before-char-start": 0,
      "location-before-char-end": 0,
      "node-str": "public"
    },
    {
      "type": "delete-node",
      "node": {
        "label": "org.eclipse.ui.internal.Workbench",
        "type": "VARIABLE_TYPE"
      },
      "location-before-char-start": 0,
      "location-before-char-end": 0,
      "node-str": "org.eclipse.ui.internal.Workbench"
    },
    {
      "type": "delete-node",
      "node": {
        "label": "final",
        "type": "Modifier"
      },
      "location-before-char-start": 0,
      "location-before-char-end": 0,
      "node-str": "final"
    },
    {
      "type": "delete-node",
      "node": {
        "label": "workbench",
        "type": "Field"
      },
      "location-before-char-start": 1478,
      "location-before-char-end": 1511,
      "node-str": "workbench"
    },
    {
      "type": "delete-node",
      "node": {
        "label": "org.eclipse.ui.intro.IIntroPart",
        "type": "VARIABLE_TYPE"
      },
      "location-before-char-start": 0,
      "location-before-char-end": 0,
      "node-str": "org.eclipse.ui.intro.IIntroPart"
    },
    {
      "type": "delete-node",
      "node": {
        "label": "introPart",
        "type": "Field"
      },
      "location-before-char-start": 2014,
      "location-before-char-end": 2142,
      "node-str": "introPart"
    },
    {
      "type": "delete-node",
      "node": {
        "label": "org.eclipse.ui.intro.IIntroPart",
        "type": "RETURN_TYPE"
      },
      "location-before-char-start": 0,
      "location-before-char-end": 0,
      "node-str": "org.eclipse.ui.intro.IIntroPart"
    },
    {
      "type": "delete-node",
      "node": {
        "label": "public",
        "type": "Modifier"
      },
      "location-before-char-start": 0,
      "location-before-char-end": 0,
      "node-str": "public"
    },
    {
      "type": "delete-node",
      "node": {
        "label": "org.eclipse.ui.IWorkbenchWindow",
        "type": "VARIABLE_TYPE"
      },
      "location-before-char-start": 0,
      "location-before-char-end": 0,
      "node-str": "org.eclipse.ui.IWorkbenchWindow"
    },
    {
      "type": "delete-node",
      "node": {
        "label": "preferredWindow",
        "type": "Parameter"
      },
      "location-before-char-start": 3225,
      "location-before-char-end": 3256,
      "node-str": "preferredWindow"
    },
    {
      "type": "delete-node",
      "node": {
        "label": "boolean",
        "type": "VARIABLE_TYPE"
      },
      "location-before-char-start": 0,
      "location-before-char-end": 0,
      "node-str": "boolean"
    },
    {
      "type": "delete-node",
      "node": {
        "label": "standby",
        "type": "Parameter"
      },
      "location-before-char-start": 3271,
      "location-before-char-end": 3285,
      "node-str": "standby"
    },
    {
      "type": "delete-node",
      "node": {
        "label": "preferredWindow",
        "type": "VariableRead"
      },
      "location-before-char-start": 3413,
      "location-before-char-end": 3427,
      "node-str": "preferredWindow"
    },
    {
      "type": "delete-node",
      "node": {
        "label": "null",
        "type": "Literal"
      },
      "location-before-char-start": 3432,
      "location-before-char-end": 3435,
      "node-str": "null"
    },
    {
      "type": "delete-node",
      "node": {
        "label": "EQ",
        "type": "BinaryOperator"
      },
      "location-before-char-start": 3413,
      "location-before-char-end": 3435,
      "node-str": "EQ"
    },
    {
      "type": "delete-node",
      "node": {
        "label": "null",
        "type": "Literal"
      },
      "location-before-char-start": 3457,
      "location-before-char-end": 3460,
      "node-str": "null"
    },
    {
      "type": "delete-node",
      "node": {
        "label": "return",
        "type": "Return"
      },
      "location-before-char-start": 3450,
      "location-before-char-end": 3461,
      "node-str": "return"
    },
    {
      "type": "delete-node",
      "node": {
        "label": "THEN",
        "type": "then"
      },
      "location-before-char-start": 3450,
      "location-before-char-end": 3461,
      "node-str": "THEN"
    },
    {
      "type": "delete-node",
      "node": {
        "label": "if",
        "type": "If"
      },
      "location-before-char-start": 3409,
      "location-before-char-end": 3461,
      "node-str": "if"
    },
    {
      "type": "delete-node",
      "node": {
        "label": "org.eclipse.ui.internal.WorkbenchIntroManager",
        "type": "TypeAccess"
      },
      "location-before-char-start": 0,
      "location-before-char-end": 0,
      "node-str": "org.eclipse.ui.internal.WorkbenchIntroManager"
    },
    {
      "type": "delete-node",
      "node": {
        "label": "getViewIntroAdapterPart",
        "type": "Invocation"
      },
      "location-before-char-start": 3476,
      "location-before-char-end": 3500,
      "node-str": "getViewIntroAdapterPart"
    },
    {
      "type": "delete-node",
      "node": {
        "label": "null",
        "type": "Literal"
      },
      "location-before-char-start": 3505,
      "location-before-char-end": 3508,
      "node-str": "null"
    },
    {
      "type": "delete-node",
      "node": {
        "label": "EQ",
        "type": "BinaryOperator"
      },
      "location-before-char-start": 3476,
      "location-before-char-end": 3508,
      "node-str": "EQ"
    },
    {
      "type": "delete-node",
      "node": {
        "label": "org.eclipse.ui.internal.WorkbenchIntroManager",
        "type": "TypeAccess"
      },
      "location-before-char-start": 0,
      "location-before-char-end": 0,
      "node-str": "org.eclipse.ui.internal.WorkbenchIntroManager"
    },
    {
      "type": "delete-node",
      "node": {
        "label": "preferredWindow",
        "type": "VariableRead"
      },
      "location-before-char-start": 3537,
      "location-before-char-end": 3569,
      "node-str": "preferredWindow"
    },
    {
      "type": "delete-node",
      "node": {
        "label": "createIntro",
        "type": "Invocation"
      },
      "location-before-char-start": 3525,
      "location-before-char-end": 3571,
      "node-str": "createIntro"
    },
    {
      "type": "delete-node",
      "node": {
        "label": "THEN",
        "type": "then"
      },
      "location-before-char-start": 3511,
      "location-before-char-end": 3581,
      "node-str": "THEN"
    },
    {
      "type": "delete-node",
      "node": {
        "label": "org.eclipse.ui.internal.ViewIntroAdapterPart",
        "type": "VARIABLE_TYPE"
      },
      "location-before-char-start": 0,
      "location-before-char-end": 0,
      "node-str": "org.eclipse.ui.internal.ViewIntroAdapterPart"
    },
    {
      "type": "delete-node",
      "node": {
        "label": "org.eclipse.ui.internal.WorkbenchIntroManager",
        "type": "TypeAccess"
      },
      "location-before-char-start": 0,
      "location-before-char-end": 0,
      "node-str": "org.eclipse.ui.internal.WorkbenchIntroManager"
    },
    {
      "type": "delete-node",
      "node": {
        "label": "getViewIntroAdapterPart",
        "type": "Invocation"
      },
      "location-before-char-start": 3656,
      "location-before-char-end": 3680,
      "node-str": "getViewIntroAdapterPart"
    },
    {
      "type": "delete-node",
      "node": {
        "label": "viewPart",
        "type": "LocalVariable"
      },
      "location-before-char-start": 3624,
      "location-before-char-end": 3681,
      "node-str": "viewPart"
    },
    {
      "type": "delete-node",
      "node": {
        "label": "org.eclipse.ui.internal.WorkbenchPage",
        "type": "VARIABLE_TYPE"
      },
      "location-before-char-start": 0,
      "location-before-char-end": 0,
      "node-str": "org.eclipse.ui.internal.WorkbenchPage"
    },
    {
      "type": "delete-node",
      "node": {
        "label": "viewPart",
        "type": "VariableRead"
      },
      "location-before-char-start": 3736,
      "location-before-char-end": 3743,
      "node-str": "viewPart"
    },
    {
      "type": "delete-node",
      "node": {
        "label": "getSite",
        "type": "Invocation"
      },
      "location-before-char-start": 3736,
      "location-before-char-end": 3753,
      "node-str": "getSite"
    },
    {
      "type": "delete-node",
      "node": {
        "label": "getPage",
        "type": "Invocation"
      },
      "location-before-char-start": 3720,
      "location-before-char-end": 3788,
      "node-str": "getPage"
    },
    {
      "type": "delete-node",
      "node": {
        "label": "page",
        "type": "LocalVariable"
      },
      "location-before-char-start": 3699,
      "location-before-char-end": 3789,
      "node-str": "page"
    },
    {
      "type": "delete-node",
      "node": {
        "label": "org.eclipse.ui.internal.WorkbenchWindow",
        "type": "VARIABLE_TYPE"
      },
      "location-before-char-start": 0,
      "location-before-char-end": 0,
      "node-str": "org.eclipse.ui.internal.WorkbenchWindow"
    },
    {
      "type": "delete-node",
      "node": {
        "label": "page",
        "type": "VariableRead"
      },
      "location-before-char-start": 3850,
      "location-before-char-end": 3853,
      "node-str": "page"
    },
    {
      "type": "delete-node",
      "node": {
        "label": "getWorkbenchWindow",
        "type": "Invocation"
      },
      "location-before-char-start": 3832,
      "location-before-char-end": 3899,
      "node-str": "getWorkbenchWindow"
    },
    {
      "type": "delete-node",
      "node": {
        "label": "window",
        "type": "LocalVariable"
      },
      "location-before-char-start": 3807,
      "location-before-char-end": 3900,
      "node-str": "window"
    },
    {
      "type": "delete-node",
      "node": {
        "label": "window",
        "type": "VariableRead"
      },
      "location-before-char-start": 3923,
      "location-before-char-end": 3928,
      "node-str": "window"
    },
    {
      "type": "delete-node",
      "node": {
        "label": "preferredWindow",
        "type": "VariableRead"
      },
      "location-before-char-start": 3937,
      "location-before-char-end": 3951,
      "node-str": "preferredWindow"
    },
    {
      "type": "delete-node",
      "node": {
        "label": "equals",
        "type": "Invocation"
      },
      "location-before-char-start": 3923,
      "location-before-char-end": 3952,
      "node-str": "equals"
    },
    {
      "type": "delete-node",
      "node": {
        "label": "NOT",
        "type": "UnaryOperator"
      },
      "location-before-char-start": 3922,
      "location-before-char-end": 3952,
      "node-str": "NOT"
    },
    {
      "type": "delete-node",
      "node": {
        "label": "window",
        "type": "VariableRead"
      },
      "location-before-char-start": 3977,
      "location-before-char-end": 3982,
      "node-str": "window"
    },
    {
      "type": "delete-node",
      "node": {
        "label": "getShell",
        "type": "Invocation"
      },
      "location-before-char-start": 3977,
      "location-before-char-end": 3993,
      "node-str": "getShell"
    },
    {
      "type": "delete-node",
      "node": {
        "label": "setActive",
        "type": "Invocation"
      },
      "location-before-char-start": 3977,
      "location-before-char-end": 4006,
      "node-str": "setActive"
    },
    {
      "type": "delete-node",
      "node": {
        "label": "THEN",
        "type": "then"
      },
      "location-before-char-start": 3955,
      "location-before-char-end": 4024,
      "node-str": "THEN"
    },
    {
      "type": "delete-node",
      "node": {
        "label": "if",
        "type": "If"
      },
      "location-before-char-start": 3918,
      "location-before-char-end": 4024,
      "node-str": "if"
    },
    {
      "type": "delete-node",
      "node": {
        "label": "page",
        "type": "VariableRead"
      },
      "location-before-char-start": 4043,
      "location-before-char-end": 4046,
      "node-str": "page"
    },
    {
      "type": "delete-node",
      "node": {
        "label": "IIntroConstants.INTRO_VIEW_ID",
        "type": "TypeAccess"
      },
      "location-before-char-start": 4057,
      "location-before-char-end": 4085,
      "node-str": "IIntroConstants.INTRO_VIEW_ID"
    },
    {
      "type": "delete-node",
      "node": {
        "label": "showView",
        "type": "Invocation"
      },
      "location-before-char-start": 4043,
      "location-before-char-end": 4087,
      "node-str": "showView"
    },
    {
      "type": "delete-node",
      "node": {
        "label": "org.eclipse.ui.PartInitException",
        "type": "VARIABLE_TYPE"
      },
      "location-before-char-start": 0,
      "location-before-char-end": 0,
      "node-str": "org.eclipse.ui.PartInitException"
    },
    {
      "type": "delete-node",
      "node": {
        "label": "e",
        "type": "CatchVariable"
      },
      "location-before-char-start": 4110,
      "location-before-char-end": 4128,
      "node-str": "e"
    },
    {
      "type": "delete-node",
      "node": {
        "label": "org.eclipse.ui.internal.WorkbenchPlugin",
        "type": "TypeAccess"
      },
      "location-before-char-start": 4149,
      "location-before-char-end": 4163,
      "node-str": "org.eclipse.ui.internal.WorkbenchPlugin"
    },
    {
      "type": "delete-node",
      "node": {
        "label": "\"Could not open intro\"",
        "type": "Literal"
      },
      "location-before-char-start": 4227,
      "location-before-char-end": 4248,
      "node-str": "\"Could not open intro\""
    },
    {
      "type": "delete-node",
      "node": {
        "label": "org.eclipse.core.runtime.IStatus",
        "type": "TypeAccess"
      },
      "location-before-char-start": 4262,
      "location-before-char-end": 4268,
      "node-str": "org.eclipse.core.runtime.IStatus"
    },
    {
      "type": "delete-node",
      "node": {
        "label": "ERROR",
        "type": "FieldRead"
      },
      "location-before-char-start": 4262,
      "location-before-char-end": 4274,
      "node-str": "ERROR"
    },
    {
      "type": "delete-node",
      "node": {
        "label": "WorkbenchPlugin",
        "type": "TypeAccess"
      },
      "location-before-char-start": 0,
      "location-before-char-end": 0,
      "node-str": "WorkbenchPlugin"
    },
    {
      "type": "delete-node",
      "node": {
        "label": "PI_WORKBENCH",
        "type": "FieldRead"
      },
      "location-before-char-start": 4277,
      "location-before-char-end": 4304,
      "node-str": "PI_WORKBENCH"
    },
    {
      "type": "delete-node",
      "node": {
        "label": "org.eclipse.core.runtime.IStatus",
        "type": "TypeAccess"
      },
      "location-before-char-start": 4307,
      "location-before-char-end": 4313,
      "node-str": "org.eclipse.core.runtime.IStatus"
    },
    {
      "type": "delete-node",
      "node": {
        "label": "ERROR",
        "type": "FieldRead"
      },
      "location-before-char-start": 4307,
      "location-before-char-end": 4319,
      "node-str": "ERROR"
    },
    {
      "type": "delete-node",
      "node": {
        "label": "\"Could not open intro\"",
        "type": "Literal"
      },
      "location-before-char-start": 4322,
      "location-before-char-end": 4343,
      "node-str": "\"Could not open intro\""
    },
    {
      "type": "delete-node",
      "node": {
        "label": "e",
        "type": "VariableRead"
      },
      "location-before-char-start": 4346,
      "location-before-char-end": 4346,
      "node-str": "e"
    },
    {
      "type": "delete-node",
      "node": {
        "label": "org.eclipse.core.runtime.Status(int,java.lang.Class,int,java.lang.String,java.lang.Throwable)",
        "type": "ConstructorCall"
      },
      "location-before-char-start": 4251,
      "location-before-char-end": 4347,
      "node-str": "org.eclipse.core.runtime.Status(int,java.lang.Class,int,java.lang.String,java.lang.Throwable)"
    },
    {
      "type": "delete-node",
      "node": {
        "label": "log",
        "type": "Invocation"
      },
      "location-before-char-start": 4149,
      "location-before-char-end": 4349,
      "node-str": "log"
    },
    {
      "type": "delete-node",
      "node": {
        "label": "",
        "type": "Catch"
      },
      "location-before-char-start": 4102,
      "location-before-char-end": 4391,
      "node-str": ""
    },
    {
      "type": "delete-node",
      "node": {
        "label": "",
        "type": "Try"
      },
      "location-before-char-start": 3602,
      "location-before-char-end": 4391,
      "node-str": ""
    },
    {
      "type": "delete-node",
      "node": {
        "label": "ELSE",
        "type": "else"
      },
      "location-before-char-start": 3588,
      "location-before-char-end": 4401,
      "node-str": "ELSE"
    },
    {
      "type": "delete-node",
      "node": {
        "label": "if",
        "type": "If"
      },
      "location-before-char-start": 3472,
      "location-before-char-end": 4401,
      "node-str": "if"
    },
    {
      "type": "delete-node",
      "node": {
        "label": "org.eclipse.ui.internal.WorkbenchIntroManager",
        "type": "TypeAccess"
      },
      "location-before-char-start": 0,
      "location-before-char-end": 0,
      "node-str": "org.eclipse.ui.internal.WorkbenchIntroManager"
    },
    {
      "type": "delete-node",
      "node": {
        "label": "org.eclipse.ui.internal.WorkbenchIntroManager",
        "type": "TypeAccess"
      },
      "location-before-char-start": 0,
      "location-before-char-end": 0,
      "node-str": "org.eclipse.ui.internal.WorkbenchIntroManager"
    },
    {
      "type": "delete-node",
      "node": {
        "label": "introPart",
        "type": "FieldRead"
      },
      "location-before-char-start": 4427,
      "location-before-char-end": 4435,
      "node-str": "introPart"
    },
    {
      "type": "delete-node",
      "node": {
        "label": "standby",
        "type": "VariableRead"
      },
      "location-before-char-start": 4438,
      "location-before-char-end": 4444,
      "node-str": "standby"
    },
    {
      "type": "delete-node",
      "node": {
        "label": "setIntroStandby",
        "type": "Invocation"
      },
      "location-before-char-start": 4411,
      "location-before-char-end": 4446,
      "node-str": "setIntroStandby"
    },
    {
      "type": "delete-node",
      "node": {
        "label": "org.eclipse.ui.internal.WorkbenchIntroManager",
        "type": "TypeAccess"
      },
      "location-before-char-start": 0,
      "location-before-char-end": 0,
      "node-str": "org.eclipse.ui.internal.WorkbenchIntroManager"
    },
    {
      "type": "delete-node",
      "node": {
        "label": "introPart",
        "type": "FieldRead"
      },
      "location-before-char-start": 4463,
      "location-before-char-end": 4471,
      "node-str": "introPart"
    },
    {
      "type": "delete-node",
      "node": {
        "label": "return",
        "type": "Return"
      },
      "location-before-char-start": 4456,
      "location-before-char-end": 4472,
      "node-str": "return"
    },
    {
      "type": "delete-node",
      "node": {
        "label": "showIntro",
        "type": "Method"
      },
      "location-before-char-start": 3087,
      "location-before-char-end": 4478,
      "node-str": "showIntro"
    },
    {
      "type": "delete-node",
      "node": {
        "label": "boolean",
        "type": "RETURN_TYPE"
      },
      "location-before-char-start": 0,
      "location-before-char-end": 0,
      "node-str": "boolean"
    },
    {
      "type": "delete-node",
      "node": {
        "label": "org.eclipse.ui.IWorkbenchWindow",
        "type": "VARIABLE_TYPE"
      },
      "location-before-char-start": 0,
      "location-before-char-end": 0,
      "node-str": "org.eclipse.ui.IWorkbenchWindow"
    },
    {
      "type": "delete-node",
      "node": {
        "label": "testWindow",
        "type": "Parameter"
      },
      "location-before-char-start": 4638,
      "location-before-char-end": 4664,
      "node-str": "testWindow"
    },
    {
      "type": "delete-node",
      "node": {
        "label": "org.eclipse.ui.internal.ViewIntroAdapterPart",
        "type": "VARIABLE_TYPE"
      },
      "location-before-char-start": 0,
      "location-before-char-end": 0,
      "node-str": "org.eclipse.ui.internal.ViewIntroAdapterPart"
    },
    {
      "type": "delete-node",
      "node": {
        "label": "org.eclipse.ui.internal.WorkbenchIntroManager",
        "type": "TypeAccess"
      },
      "location-before-char-start": 0,
      "location-before-char-end": 0,
      "node-str": "org.eclipse.ui.internal.WorkbenchIntroManager"
    },
    {
      "type": "delete-node",
      "node": {
        "label": "getViewIntroAdapterPart",
        "type": "Invocation"
      },
      "location-before-char-start": 4709,
      "location-before-char-end": 4733,
      "node-str": "getViewIntroAdapterPart"
    },
    {
      "type": "delete-node",
      "node": {
        "label": "viewPart",
        "type": "LocalVariable"
      },
      "location-before-char-start": 4677,
      "location-before-char-end": 4734,
      "node-str": "viewPart"
    },
    {
      "type": "delete-node",
      "node": {
        "label": "viewPart",
        "type": "VariableRead"
      },
      "location-before-char-start": 4748,
      "location-before-char-end": 4755,
      "node-str": "viewPart"
    },
    {
      "type": "delete-node",
      "node": {
        "label": "null",
        "type": "Literal"
      },
      "location-before-char-start": 4760,
      "location-before-char-end": 4763,
      "node-str": "null"
    },
    {
      "type": "delete-node",
      "node": {
        "label": "EQ",
        "type": "BinaryOperator"
      },
      "location-before-char-start": 4748,
      "location-before-char-end": 4763,
      "node-str": "EQ"
    },
    {
      "type": "delete-node",
      "node": {
        "label": "false",
        "type": "Literal"
      },
      "location-before-char-start": 4785,
      "location-before-char-end": 4789,
      "node-str": "false"
    },
    {
      "type": "delete-node",
      "node": {
        "label": "return",
        "type": "Return"
      },
      "location-before-char-start": 4778,
      "location-before-char-end": 4790,
      "node-str": "return"
    },
    {
      "type": "delete-node",
      "node": {
        "label": "THEN",
        "type": "then"
      },
      "location-before-char-start": 4778,
      "location-before-char-end": 4790,
      "node-str": "THEN"
    },
    {
      "type": "delete-node",
      "node": {
        "label": "if",
        "type": "If"
      },
      "location-before-char-start": 4744,
      "location-before-char-end": 4790,
      "node-str": "if"
    },
    {
      "type": "delete-node",
      "node": {
        "label": "org.eclipse.ui.internal.WorkbenchPage",
        "type": "VARIABLE_TYPE"
      },
      "location-before-char-start": 0,
      "location-before-char-end": 0,
      "node-str": "org.eclipse.ui.internal.WorkbenchPage"
    },
    {
      "type": "delete-node",
      "node": {
        "label": "viewPart",
        "type": "VariableRead"
      },
      "location-before-char-start": 4838,
      "location-before-char-end": 4845,
      "node-str": "viewPart"
    },
    {
      "type": "delete-node",
      "node": {
        "label": "getSite",
        "type": "Invocation"
      },
      "location-before-char-start": 4838,
      "location-before-char-end": 4855,
      "node-str": "getSite"
    },
    {
      "type": "delete-node",
      "node": {
        "label": "getPage",
        "type": "Invocation"
      },
      "location-before-char-start": 4822,
      "location-before-char-end": 4865,
      "node-str": "getPage"
    },
    {
      "type": "delete-node",
      "node": {
        "label": "page",
        "type": "LocalVariable"
      },
      "location-before-char-start": 4801,
      "location-before-char-end": 4866,
      "node-str": "page"
    },
    {
      "type": "delete-node",
      "node": {
        "label": "org.eclipse.ui.internal.WorkbenchWindow",
        "type": "VARIABLE_TYPE"
      },
      "location-before-char-start": 0,
      "location-before-char-end": 0,
      "node-str": "org.eclipse.ui.internal.WorkbenchWindow"
    },
    {
      "type": "delete-node",
      "node": {
        "label": "page",
        "type": "VariableRead"
      },
      "location-before-char-start": 4919,
      "location-before-char-end": 4922,
      "node-str": "page"
    },
    {
      "type": "delete-node",
      "node": {
        "label": "getWorkbenchWindow",
        "type": "Invocation"
      },
      "location-before-char-start": 4901,
      "location-before-char-end": 4943,
      "node-str": "getWorkbenchWindow"
    },
    {
      "type": "delete-node",
      "node": {
        "label": "window",
        "type": "LocalVariable"
      },
      "location-before-char-start": 4876,
      "location-before-char-end": 4944,
      "node-str": "window"
    },
    {
      "type": "delete-node",
      "node": {
        "label": "window",
        "type": "VariableRead"
      },
      "location-before-char-start": 4958,
      "location-before-char-end": 4963,
      "node-str": "window"
    },
    {
      "type": "delete-node",
      "node": {
        "label": "testWindow",
        "type": "VariableRead"
      },
      "location-before-char-start": 4972,
      "location-before-char-end": 4981,
      "node-str": "testWindow"
    },
    {
      "type": "delete-node",
      "node": {
        "label": "equals",
        "type": "Invocation"
      },
      "location-before-char-start": 4958,
      "location-before-char-end": 4982,
      "node-str": "equals"
    },
    {
      "type": "delete-node",
      "node": {
        "label": "true",
        "type": "Literal"
      },
      "location-before-char-start": 5006,
      "location-before-char-end": 5009,
      "node-str": "true"
    },
    {
      "type": "delete-node",
      "node": {
        "label": "return",
        "type": "Return"
      },
      "location-before-char-start": 4999,
      "location-before-char-end": 5010,
      "node-str": "return"
    },
    {
      "type": "delete-node",
      "node": {
        "label": "THEN",
        "type": "then"
      },
      "location-before-char-start": 4985,
      "location-before-char-end": 5020,
      "node-str": "THEN"
    },
    {
      "type": "delete-node",
      "node": {
        "label": "if",
        "type": "If"
      },
      "location-before-char-start": 4954,
      "location-before-char-end": 5020,
      "node-str": "if"
    },
    {
      "type": "delete-node",
      "node": {
        "label": "false",
        "type": "Literal"
      },
      "location-before-char-start": 5037,
      "location-before-char-end": 5041,
      "node-str": "false"
    },
    {
      "type": "delete-node",
      "node": {
        "label": "return",
        "type": "Return"
      },
      "location-before-char-start": 5030,
      "location-before-char-end": 5042,
      "node-str": "return"
    },
    {
      "type": "delete-node",
      "node": {
        "label": "isIntroInWindow",
        "type": "Method"
      },
      "location-before-char-start": 4485,
      "location-before-char-end": 5048,
      "node-str": "isIntroInWindow"
    },
    {
      "type": "delete-node",
      "node": {
        "label": "void",
        "type": "RETURN_TYPE"
      },
      "location-before-char-start": 0,
      "location-before-char-end": 0,
      "node-str": "void"
    },
    {
      "type": "delete-node",
      "node": {
        "label": "org.eclipse.ui.internal.WorkbenchWindow",
        "type": "VARIABLE_TYPE"
      },
      "location-before-char-start": 0,
      "location-before-char-end": 0,
      "node-str": "org.eclipse.ui.internal.WorkbenchWindow"
    },
    {
      "type": "delete-node",
      "node": {
        "label": "preferredWindow",
        "type": "Parameter"
      },
      "location-before-char-start": 5324,
      "location-before-char-end": 5354,
      "node-str": "preferredWindow"
    },
    {
      "type": "delete-node",
      "node": {
        "label": "org.eclipse.ui.internal.WorkbenchPage",
        "type": "VARIABLE_TYPE"
      },
      "location-before-char-start": 0,
      "location-before-char-end": 0,
      "node-str": "org.eclipse.ui.internal.WorkbenchPage"
    },
    {
      "type": "delete-node",
      "node": {
        "label": "preferredWindow",
        "type": "VariableRead"
      },
      "location-before-char-start": 5475,
      "location-before-char-end": 5489,
      "node-str": "preferredWindow"
    },
    {
      "type": "delete-node",
      "node": {
        "label": "getActiveWorkbenchPage",
        "type": "Invocation"
      },
      "location-before-char-start": 5475,
      "location-before-char-end": 5514,
      "node-str": "getActiveWorkbenchPage"
    },
    {
      "type": "delete-node",
      "node": {
        "label": "workbenchPage",
        "type": "LocalVariable"
      },
      "location-before-char-start": 5445,
      "location-before-char-end": 5515,
      "node-str": "workbenchPage"
    },
    {
      "type": "delete-node",
      "node": {
        "label": "workbenchPage",
        "type": "VariableRead"
      },
      "location-before-char-start": 5529,
      "location-before-char-end": 5541,
      "node-str": "workbenchPage"
    },
    {
      "type": "delete-node",
      "node": {
        "label": "null",
        "type": "Literal"
      },
      "location-before-char-start": 5546,
      "location-before-char-end": 5549,
      "node-str": "null"
    },
    {
      "type": "delete-node",
      "node": {
        "label": "EQ",
        "type": "BinaryOperator"
      },
      "location-before-char-start": 5529,
      "location-before-char-end": 5549,
      "node-str": "EQ"
    },
    {
      "type": "delete-node",
      "node": {
        "label": "return",
        "type": "Return"
      },
      "location-before-char-start": 5564,
      "location-before-char-end": 5570,
      "node-str": "return"
    },
    {
      "type": "delete-node",
      "node": {
        "label": "THEN",
        "type": "then"
      },
      "location-before-char-start": 5564,
      "location-before-char-end": 5570,
      "node-str": "THEN"
    },
    {
      "type": "delete-node",
      "node": {
        "label": "if",
        "type": "If"
      },
      "location-before-char-start": 5525,
      "location-before-char-end": 5570,
      "node-str": "if"
    },
    {
      "type": "delete-node",
      "node": {
        "label": "createIntro",
        "type": "Method"
      },
      "location-before-char-start": 5055,
      "location-before-char-end": 6042,
      "node-str": "createIntro"
    },
    {
      "type": "delete-node",
      "node": {
        "label": "org.eclipse.ui.intro.IIntroPart",
        "type": "RETURN_TYPE"
      },
      "location-before-char-start": 0,
      "location-before-char-end": 0,
      "node-str": "org.eclipse.ui.intro.IIntroPart"
    },
    {
      "type": "delete-node",
      "node": {
        "label": "public",
        "type": "Modifier"
      },
      "location-before-char-start": 0,
      "location-before-char-end": 0,
      "node-str": "public"
    },
    {
      "type": "delete-node",
      "node": {
        "label": "org.eclipse.ui.internal.WorkbenchIntroManager",
        "type": "TypeAccess"
      },
      "location-before-char-start": 0,
      "location-before-char-end": 0,
      "node-str": "org.eclipse.ui.internal.WorkbenchIntroManager"
    },
    {
      "type": "delete-node",
      "node": {
        "label": "introPart",
        "type": "FieldRead"
      },
      "location-before-char-start": 7511,
      "location-before-char-end": 7519,
      "node-str": "introPart"
    },
    {
      "type": "delete-node",
      "node": {
        "label": "return",
        "type": "Return"
      },
      "location-before-char-start": 7504,
      "location-before-char-end": 7520,
      "node-str": "return"
    },
    {
      "type": "delete-node",
      "node": {
        "label": "getIntro",
        "type": "Method"
      },
      "location-before-char-start": 7386,
      "location-before-char-end": 7526,
      "node-str": "getIntro"
    },
    {
      "type": "delete-node",
      "node": {
        "label": "org.eclipse.ui.internal.ViewIntroAdapterPart",
        "type": "RETURN_TYPE"
      },
      "location-before-char-start": 0,
      "location-before-char-end": 0,
      "node-str": "org.eclipse.ui.internal.ViewIntroAdapterPart"
    },
    {
      "type": "delete-node",
      "node": {
        "label": "org.eclipse.ui.IWorkbenchWindow[]",
        "type": "VARIABLE_TYPE"
      },
      "location-before-char-start": 0,
      "location-before-char-end": 0,
      "node-str": "org.eclipse.ui.IWorkbenchWindow[]"
    },
    {
      "type": "delete-node",
      "node": {
        "label": "org.eclipse.ui.internal.WorkbenchIntroManager",
        "type": "TypeAccess"
      },
      "location-before-char-start": 0,
      "location-before-char-end": 0,
      "node-str": "org.eclipse.ui.internal.WorkbenchIntroManager"
    },
    {
      "type": "delete-node",
      "node": {
        "label": "this",
        "type": "ThisAccess"
      },
      "location-before-char-start": 7769,
      "location-before-char-end": 7772,
      "node-str": "this"
    },
    {
      "type": "delete-node",
      "node": {
        "label": "workbench",
        "type": "FieldRead"
      },
      "location-before-char-start": 7769,
      "location-before-char-end": 7782,
      "node-str": "workbench"
    },
    {
      "type": "delete-node",
      "node": {
        "label": "getWorkbenchWindows",
        "type": "Invocation"
      },
      "location-before-char-start": 7769,
      "location-before-char-end": 7804,
      "node-str": "getWorkbenchWindows"
    },
    {
      "type": "delete-node",
      "node": {
        "label": "windows",
        "type": "LocalVariable"
      },
      "location-before-char-start": 7740,
      "location-before-char-end": 7805,
      "node-str": "windows"
    },
    {
      "type": "delete-node",
      "node": {
        "label": "int",
        "type": "VARIABLE_TYPE"
      },
      "location-before-char-start": 0,
      "location-before-char-end": 0,
      "node-str": "int"
    },
    {
      "type": "delete-node",
      "node": {
        "label": "0",
        "type": "Literal"
      },
      "location-before-char-start": 7828,
      "location-before-char-end": 7828,
      "node-str": "0"
    },
    {
      "type": "delete-node",
      "node": {
        "label": "i",
        "type": "LocalVariable"
      },
      "location-before-char-start": 7820,
      "location-before-char-end": 7828,
      "node-str": "i"
    },
    {
      "type": "delete-node",
      "node": {
        "label": "i",
        "type": "VariableRead"
      },
      "location-before-char-start": 7831,
      "location-before-char-end": 7831,
      "node-str": "i"
    },
    {
      "type": "delete-node",
      "node": {
        "label": "windows",
        "type": "VariableRead"
      },
      "location-before-char-start": 7835,
      "location-before-char-end": 7848,
      "node-str": "windows"
    },
    {
      "type": "delete-node",
      "node": {
        "label": "length",
        "type": "FieldRead"
      },
      "location-before-char-start": 7835,
      "location-before-char-end": 7848,
      "node-str": "length"
    },
    {
      "type": "delete-node",
      "node": {
        "label": "LT",
        "type": "BinaryOperator"
      },
      "location-before-char-start": 7831,
      "location-before-char-end": 7848,
      "node-str": "LT"
    },
    {
      "type": "delete-node",
      "node": {
        "label": "i",
        "type": "VariableWrite"
      },
      "location-before-char-start": 7851,
      "location-before-char-end": 7851,
      "node-str": "i"
    },
    {
      "type": "delete-node",
      "node": {
        "label": "POSTINC",
        "type": "UnaryOperator"
      },
      "location-before-char-start": 7851,
      "location-before-char-end": 7853,
      "node-str": "POSTINC"
    },
    {
      "type": "delete-node",
      "node": {
        "label": "org.eclipse.ui.IWorkbenchWindow",
        "type": "VARIABLE_TYPE"
      },
      "location-before-char-start": 0,
      "location-before-char-end": 0,
      "node-str": "org.eclipse.ui.IWorkbenchWindow"
    },
    {
      "type": "delete-node",
      "node": {
        "label": "windows",
        "type": "VariableRead"
      },
      "location-before-char-start": 7896,
      "location-before-char-end": 7902,
      "node-str": "windows"
    },
    {
      "type": "delete-node",
      "node": {
        "label": "i",
        "type": "VariableRead"
      },
      "location-before-char-start": 7904,
      "location-before-char-end": 7904,
      "node-str": "i"
    },
    {
      "type": "delete-node",
      "node": {
        "label": "",
        "type": "ArrayRead"
      },
      "location-before-char-start": 7896,
      "location-before-char-end": 7905,
      "node-str": ""
    },
    {
      "type": "delete-node",
      "node": {
        "label": "window",
        "type": "LocalVariable"
      },
      "location-before-char-start": 7870,
      "location-before-char-end": 7906,
      "node-str": "window"
    },
    {
      "type": "delete-node",
      "node": {
        "label": "org.eclipse.ui.internal.WorkbenchPage",
        "type": "VARIABLE_TYPE"
      },
      "location-before-char-start": 0,
      "location-before-char-end": 0,
      "node-str": "org.eclipse.ui.internal.WorkbenchPage"
    },
    {
      "type": "delete-node",
      "node": {
        "label": "window",
        "type": "VariableRead"
      },
      "location-before-char-start": 7957,
      "location-before-char-end": 7962,
      "node-str": "window"
    },
    {
      "type": "delete-node",
      "node": {
        "label": "getActivePage",
        "type": "Invocation"
      },
      "location-before-char-start": 7941,
      "location-before-char-end": 7978,
      "node-str": "getActivePage"
    },
    {
      "type": "delete-node",
      "node": {
        "label": "page",
        "type": "LocalVariable"
      },
      "location-before-char-start": 7920,
      "location-before-char-end": 7979,
      "node-str": "page"
    },
    {
      "type": "delete-node",
      "node": {
        "label": "page",
        "type": "VariableRead"
      },
      "location-before-char-start": 7997,
      "location-before-char-end": 8000,
      "node-str": "page"
    },
    {
      "type": "delete-node",
      "node": {
        "label": "null",
        "type": "Literal"
      },
      "location-before-char-start": 8005,
      "location-before-char-end": 8008,
      "node-str": "null"
    },
    {
      "type": "delete-node",
      "node": {
        "label": "EQ",
        "type": "BinaryOperator"
      },
      "location-before-char-start": 7997,
      "location-before-char-end": 8008,
      "node-str": "EQ"
    },
    {
      "type": "delete-node",
      "node": {
        "label": "continue",
        "type": "Continue"
      },
      "location-before-char-start": 8029,
      "location-before-char-end": 8037,
      "node-str": "continue"
    },
    {
      "type": "delete-node",
      "node": {
        "label": "THEN",
        "type": "then"
      },
      "location-before-char-start": 8011,
      "location-before-char-end": 8051,
      "node-str": "THEN"
    },
    {
      "type": "delete-node",
      "node": {
        "label": "if",
        "type": "If"
      },
      "location-before-char-start": 7993,
      "location-before-char-end": 8051,
      "node-str": "if"
    },
    {
      "type": "delete-node",
      "node": {
        "label": "org.eclipse.ui.IPerspectiveDescriptor[]",
        "type": "VARIABLE_TYPE"
      },
      "location-before-char-start": 0,
      "location-before-char-end": 0,
      "node-str": "org.eclipse.ui.IPerspectiveDescriptor[]"
    },
    {
      "type": "delete-node",
      "node": {
        "label": "page",
        "type": "VariableRead"
      },
      "location-before-char-start": 8103,
      "location-before-char-end": 8106,
      "node-str": "page"
    },
    {
      "type": "delete-node",
      "node": {
        "label": "getOpenedPerspectives",
        "type": "Invocation"
      },
      "location-before-char-start": 8103,
      "location-before-char-end": 8130,
      "node-str": "getOpenedPerspectives"
    },
    {
      "type": "delete-node",
      "node": {
        "label": "perspDescs",
        "type": "LocalVariable"
      },
      "location-before-char-start": 8065,
      "location-before-char-end": 8131,
      "node-str": "perspDescs"
    },
    {
      "type": "delete-node",
      "node": {
        "label": "",
        "type": "For"
      },
      "location-before-char-start": 7815,
      "location-before-char-end": 8682,
      "node-str": ""
    },
    {
      "type": "delete-node",
      "node": {
        "label": "null",
        "type": "Literal"
      },
      "location-before-char-start": 8699,
      "location-before-char-end": 8702,
      "node-str": "null"
    },
    {
      "type": "delete-node",
      "node": {
        "label": "return",
        "type": "Return"
      },
      "location-before-char-start": 8692,
      "location-before-char-end": 8703,
      "node-str": "return"
    },
    {
      "type": "delete-node",
      "node": {
        "label": "getViewIntroAdapterPart",
        "type": "Method"
      },
      "location-before-char-start": 7533,
      "location-before-char-end": 8709,
      "node-str": "getViewIntroAdapterPart"
    },
    {
      "type": "delete-node",
      "node": {
        "label": "WorkbenchIntroManager",
        "type": "Class"
      },
      "location-before-char-start": 1323,
      "location-before-char-end": 9447,
      "node-str": "WorkbenchIntroManager"
    }
  ],
  "before-file": {},
  "after-file": {},
  "mapping": {}
}