{
  "tool-info": {},
  "diff": [
    {
      "type": "insert-node",
      "node": {
        "label": "public",
        "type": "Modifier"
      },
      "location-after-char-start": 0,
      "location-after-char-end": 0,
      "node-str": "public"
    },
    {
      "type": "insert-node",
      "node": {
        "label": "service",
        "type": "Method"
      },
      "location-after-char-start": 5638,
      "location-after-char-end": 6728,
      "node-str": "service"
    },
    {
      "type": "insert-node",
      "node": {
        "label": "void",
        "type": "RETURN_TYPE"
      },
      "location-after-char-start": 0,
      "location-after-char-end": 0,
      "node-str": "void"
    },
    {
      "type": "insert-node",
      "node": {
        "label": "javax.servlet.ServletException",
        "type": "THROWS"
      },
      "location-after-char-start": 0,
      "location-after-char-end": 0,
      "node-str": "javax.servlet.ServletException"
    },
    {
      "type": "insert-node",
      "node": {
        "label": "java.io.IOException",
        "type": "THROWS"
      },
      "location-after-char-start": 0,
      "location-after-char-end": 0,
      "node-str": "java.io.IOException"
    },
    {
      "type": "insert-node",
      "node": {
        "label": "java.io.FileNotFoundException",
        "type": "THROWS"
      },
      "location-after-char-start": 0,
      "location-after-char-end": 0,
      "node-str": "java.io.FileNotFoundException"
    },
    {
      "type": "insert-node",
      "node": {
        "label": "public",
        "type": "Modifier"
      },
      "location-after-char-start": 0,
      "location-after-char-end": 0,
      "node-str": "public"
    },
    {
      "type": "move-subtree",
      "node": {
        "label": "request",
        "type": "Parameter"
      },
      "location-before-char-start": 5658,
      "location-before-char-end": 5683,
      "location-after-char-start": 5658,
      "location-after-char-end": 5683,
      "node-str": "request"
    },
    {
      "type": "move-subtree",
      "node": {
        "label": "response",
        "type": "Parameter"
      },
      "location-before-char-start": 5694,
      "location-before-char-end": 5721,
      "location-after-char-start": 5694,
      "location-after-char-end": 5721,
      "node-str": "response"
    },
    {
      "type": "move-subtree",
      "node": {
        "label": "precompile",
        "type": "Parameter"
      },
      "location-before-char-start": 5731,
      "location-before-char-end": 5748,
      "location-after-char-start": 5731,
      "location-after-char-end": 5748,
      "node-str": "precompile"
    },
    {
      "type": "insert-node",
      "node": {
        "label": "",
        "type": "Try"
      },
      "location-after-char-start": 5832,
      "location-after-char-end": 6725,
      "node-str": ""
    },
    {
      "type": "move-subtree",
      "node": {
        "label": "loadIfNecessary",
        "type": "Invocation"
      },
      "location-before-char-start": 5854,
      "location-before-char-end": 5888,
      "location-after-char-start": 5854,
      "location-after-char-end": 5888,
      "node-str": "loadIfNecessary"
    },
    {
      "type": "move-subtree",
      "node": {
        "label": "if",
        "type": "If"
      },
      "location-before-char-start": 5945,
      "location-before-char-end": 5973,
      "location-after-char-start": 5945,
      "location-after-char-end": 5973,
      "node-str": "if"
    },
    {
      "type": "move-subtree",
      "node": {
        "label": "if",
        "type": "If"
      },
      "location-before-char-start": 5978,
      "location-before-char-end": 6270,
      "location-after-char-start": 5978,
      "location-after-char-end": 6270,
      "node-str": "if"
    },
    {
      "type": "insert-node",
      "node": {
        "label": "",
        "type": "Catch"
      },
      "location-after-char-start": 6286,
      "location-after-char-end": 6725,
      "node-str": ""
    },
    {
      "type": "move-subtree",
      "node": {
        "label": "ex",
        "type": "CatchVariable"
      },
      "location-before-char-start": 6294,
      "location-before-char-end": 6317,
      "location-after-char-start": 6294,
      "location-after-char-end": 6317,
      "node-str": "ex"
    },
    {
      "type": "insert-node",
      "node": {
        "label": "sendError",
        "type": "Invocation"
      },
      "location-after-char-start": 6338,
      "location-after-char-end": 6670,
      "node-str": "sendError"
    },
    {
      "type": "insert-node",
      "node": {
        "label": "return",
        "type": "Return"
      },
      "location-after-char-start": 6705,
      "location-after-char-end": 6711,
      "node-str": "return"
    },
    {
      "type": "insert-node",
      "node": {
        "label": "response",
        "type": "VariableRead"
      },
      "location-after-char-start": 6338,
      "location-after-char-end": 6345,
      "node-str": "response"
    },
    {
      "type": "move-subtree",
      "node": {
        "label": "SC_NOT_FOUND",
        "type": "FieldRead"
      },
      "location-before-char-start": 6357,
      "location-before-char-end": 6388,
      "location-after-char-start": 6357,
      "location-after-char-end": 6388,
      "node-str": "SC_NOT_FOUND"
    },
    {
      "type": "insert-node",
      "node": {
        "label": "getString",
        "type": "Invocation"
      },
      "location-after-char-start": 6427,
      "location-after-char-end": 6668,
      "node-str": "getString"
    },
    {
      "type": "insert-node",
      "node": {
        "label": "org.apache.jasper.Constants",
        "type": "TypeAccess"
      },
      "location-after-char-start": 6427,
      "location-after-char-end": 6435,
      "node-str": "org.apache.jasper.Constants"
    },
    {
      "type": "insert-node",
      "node": {
        "label": "\"jsp.error.file.not.found\"",
        "type": "Literal"
      },
      "location-after-char-start": 6447,
      "location-after-char-end": 6472,
      "node-str": "\"jsp.error.file.not.found\""
    },
    {
      "type": "insert-node",
      "node": {
        "label": "",
        "type": "NewArray"
      },
      "location-after-char-start": 6531,
      "location-after-char-end": 6667,
      "node-str": ""
    },
    {
      "type": "insert-node",
      "node": {
        "label": "jspUri",
        "type": "FieldRead"
      },
      "location-after-char-start": 6605,
      "location-after-char-end": 6610,
      "node-str": "jspUri"
    },
    {
      "type": "insert-node",
      "node": {
        "label": "org.apache.jasper.runtime.JspServlet$JspServletWrapper",
        "type": "TypeAccess"
      },
      "location-after-char-start": 0,
      "location-after-char-end": 0,
      "node-str": "org.apache.jasper.runtime.JspServlet$JspServletWrapper"
    },
    {
      "type": "delete-node",
      "node": {
        "label": "public",
        "type": "Modifier"
      },
      "location-before-char-start": 0,
      "location-before-char-end": 0,
      "node-str": "public"
    },
    {
      "type": "delete-node",
      "node": {
        "label": "void",
        "type": "RETURN_TYPE"
      },
      "location-before-char-start": 0,
      "location-before-char-end": 0,
      "node-str": "void"
    },
    {
      "type": "delete-node",
      "node": {
        "label": "javax.servlet.ServletException",
        "type": "THROWS"
      },
      "location-before-char-start": 0,
      "location-before-char-end": 0,
      "node-str": "javax.servlet.ServletException"
    },
    {
      "type": "delete-node",
      "node": {
        "label": "java.io.IOException",
        "type": "THROWS"
      },
      "location-before-char-start": 0,
      "location-before-char-end": 0,
      "node-str": "java.io.IOException"
    },
    {
      "type": "delete-node",
      "node": {
        "label": "java.io.FileNotFoundException",
        "type": "THROWS"
      },
      "location-before-char-start": 0,
      "location-before-char-end": 0,
      "node-str": "java.io.FileNotFoundException"
    },
    {
      "type": "delete-node",
      "node": {
        "label": "public",
        "type": "Modifier"
      },
      "location-before-char-start": 0,
      "location-before-char-end": 0,
      "node-str": "public"
    },
    {
      "type": "delete-node",
      "node": {
        "label": "response",
        "type": "VariableRead"
      },
      "location-before-char-start": 6338,
      "location-before-char-end": 6345,
      "node-str": "response"
    },
    {
      "type": "delete-node",
      "node": {
        "label": "org.apache.jasper.Constants",
        "type": "TypeAccess"
      },
      "location-before-char-start": 6427,
      "location-before-char-end": 6435,
      "node-str": "org.apache.jasper.Constants"
    },
    {
      "type": "delete-node",
      "node": {
        "label": "\"jsp.error.file.not.found\"",
        "type": "Literal"
      },
      "location-before-char-start": 6447,
      "location-before-char-end": 6472,
      "node-str": "\"jsp.error.file.not.found\""
    },
    {
      "type": "delete-node",
      "node": {
        "label": "ex",
        "type": "VariableRead"
      },
      "location-before-char-start": 6605,
      "location-before-char-end": 6606,
      "node-str": "ex"
    },
    {
      "type": "delete-node",
      "node": {
        "label": "getMessage",
        "type": "Invocation"
      },
      "location-before-char-start": 6605,
      "location-before-char-end": 6619,
      "node-str": "getMessage"
    },
    {
      "type": "delete-node",
      "node": {
        "label": "",
        "type": "NewArray"
      },
      "location-before-char-start": 6531,
      "location-before-char-end": 6676,
      "node-str": ""
    },
    {
      "type": "delete-node",
      "node": {
        "label": "getString",
        "type": "Invocation"
      },
      "location-before-char-start": 6427,
      "location-before-char-end": 6677,
      "node-str": "getString"
    },
    {
      "type": "delete-node",
      "node": {
        "label": "sendError",
        "type": "Invocation"
      },
      "location-before-char-start": 6338,
      "location-before-char-end": 6679,
      "node-str": "sendError"
    },
    {
      "type": "delete-node",
      "node": {
        "label": "return",
        "type": "Return"
      },
      "location-before-char-start": 6714,
      "location-before-char-end": 6720,
      "node-str": "return"
    },
    {
      "type": "delete-node",
      "node": {
        "label": "",
        "type": "Catch"
      },
      "location-before-char-start": 6286,
      "location-before-char-end": 6734,
      "node-str": ""
    },
    {
      "type": "delete-node",
      "node": {
        "label": "",
        "type": "Try"
      },
      "location-before-char-start": 5832,
      "location-before-char-end": 6734,
      "node-str": ""
    },
    {
      "type": "delete-node",
      "node": {
        "label": "service",
        "type": "Method"
      },
      "location-before-char-start": 5638,
      "location-before-char-end": 6737,
      "node-str": "service"
    }
  ],
  "before-file": {},
  "after-file": {},
  "mapping": {}
}