{
  "tool-info": {},
  "diff": [
    {
      "type": "insert-node",
      "node": {
        "label": "",
        "type": "PackageDeclaration"
      },
      "location-after-char-start": 711,
      "location-after-char-end": 749,
      "node-str": ""
    },
    {
      "type": "insert-node",
      "node": {
        "label": "",
        "type": "ImportDeclaration"
      },
      "location-after-char-start": 751,
      "location-after-char-end": 778,
      "node-str": ""
    },
    {
      "type": "insert-node",
      "node": {
        "label": "",
        "type": "ImportDeclaration"
      },
      "location-after-char-start": 779,
      "location-after-char-end": 810,
      "node-str": ""
    },
    {
      "type": "insert-node",
      "node": {
        "label": "",
        "type": "ImportDeclaration"
      },
      "location-after-char-start": 811,
      "location-after-char-end": 833,
      "node-str": ""
    },
    {
      "type": "insert-node",
      "node": {
        "label": "",
        "type": "ImportDeclaration"
      },
      "location-after-char-start": 835,
      "location-after-char-end": 866,
      "node-str": ""
    },
    {
      "type": "insert-node",
      "node": {
        "label": "",
        "type": "ImportDeclaration"
      },
      "location-after-char-start": 868,
      "location-after-char-end": 908,
      "node-str": ""
    },
    {
      "type": "insert-node",
      "node": {
        "label": "",
        "type": "ImportDeclaration"
      },
      "location-after-char-start": 909,
      "location-after-char-end": 967,
      "node-str": ""
    },
    {
      "type": "insert-node",
      "node": {
        "label": "",
        "type": "ImportDeclaration"
      },
      "location-after-char-start": 968,
      "location-after-char-end": 1024,
      "node-str": ""
    },
    {
      "type": "insert-node",
      "node": {
        "label": "",
        "type": "ImportDeclaration"
      },
      "location-after-char-start": 1025,
      "location-after-char-end": 1078,
      "node-str": ""
    },
    {
      "type": "insert-node",
      "node": {
        "label": "",
        "type": "ImportDeclaration"
      },
      "location-after-char-start": 1079,
      "location-after-char-end": 1118,
      "node-str": ""
    },
    {
      "type": "insert-node",
      "node": {
        "label": "",
        "type": "ImportDeclaration"
      },
      "location-after-char-start": 1119,
      "location-after-char-end": 1165,
      "node-str": ""
    },
    {
      "type": "insert-node",
      "node": {
        "label": "",
        "type": "ImportDeclaration"
      },
      "location-after-char-start": 1166,
      "location-after-char-end": 1209,
      "node-str": ""
    },
    {
      "type": "insert-node",
      "node": {
        "label": "",
        "type": "ImportDeclaration"
      },
      "location-after-char-start": 1210,
      "location-after-char-end": 1265,
      "node-str": ""
    },
    {
      "type": "insert-node",
      "node": {
        "label": "",
        "type": "ImportDeclaration"
      },
      "location-after-char-start": 1266,
      "location-after-char-end": 1319,
      "node-str": ""
    },
    {
      "type": "insert-node",
      "node": {
        "label": "",
        "type": "ImportDeclaration"
      },
      "location-after-char-start": 1320,
      "location-after-char-end": 1358,
      "node-str": ""
    },
    {
      "type": "insert-node",
      "node": {
        "label": "",
        "type": "ImportDeclaration"
      },
      "location-after-char-start": 1359,
      "location-after-char-end": 1406,
      "node-str": ""
    },
    {
      "type": "insert-node",
      "node": {
        "label": "",
        "type": "ImportDeclaration"
      },
      "location-after-char-start": 1407,
      "location-after-char-end": 1447,
      "node-str": ""
    },
    {
      "type": "insert-node",
      "node": {
        "label": "",
        "type": "ImportDeclaration"
      },
      "location-after-char-start": 1448,
      "location-after-char-end": 1496,
      "node-str": ""
    },
    {
      "type": "insert-node",
      "node": {
        "label": "org.columba.mail.pop3.command",
        "type": "QualifiedName"
      },
      "location-after-char-start": 719,
      "location-after-char-end": 748,
      "node-str": "org.columba.mail.pop3.command"
    },
    {
      "type": "insert-node",
      "node": {
        "label": "java.io.IOException",
        "type": "QualifiedName"
      },
      "location-after-char-start": 758,
      "location-after-char-end": 777,
      "node-str": "java.io.IOException"
    },
    {
      "type": "insert-node",
      "node": {
        "label": "java.text.MessageFormat",
        "type": "QualifiedName"
      },
      "location-after-char-start": 786,
      "location-after-char-end": 809,
      "node-str": "java.text.MessageFormat"
    },
    {
      "type": "insert-node",
      "node": {
        "label": "java.util.List",
        "type": "QualifiedName"
      },
      "location-after-char-start": 818,
      "location-after-char-end": 832,
      "node-str": "java.util.List"
    },
    {
      "type": "insert-node",
      "node": {
        "label": "javax.swing.JOptionPane",
        "type": "QualifiedName"
      },
      "location-after-char-start": 842,
      "location-after-char-end": 865,
      "node-str": "javax.swing.JOptionPane"
    },
    {
      "type": "insert-node",
      "node": {
        "label": "org.columba.core.command.Command",
        "type": "QualifiedName"
      },
      "location-after-char-start": 875,
      "location-after-char-end": 907,
      "node-str": "org.columba.core.command.Command"
    },
    {
      "type": "insert-node",
      "node": {
        "label": "org.columba.core.command.CommandCancelledException",
        "type": "QualifiedName"
      },
      "location-after-char-start": 916,
      "location-after-char-end": 966,
      "node-str": "org.columba.core.command.CommandCancelledException"
    },
    {
      "type": "insert-node",
      "node": {
        "label": "org.columba.core.command.DefaultCommandReference",
        "type": "QualifiedName"
      },
      "location-after-char-start": 975,
      "location-after-char-end": 1023,
      "node-str": "org.columba.core.command.DefaultCommandReference"
    },
    {
      "type": "insert-node",
      "node": {
        "label": "org.columba.core.command.StatusObservableImpl",
        "type": "QualifiedName"
      },
      "location-after-char-start": 1032,
      "location-after-char-end": 1077,
      "node-str": "org.columba.core.command.StatusObservableImpl"
    },
    {
      "type": "insert-node",
      "node": {
        "label": "org.columba.core.command.Worker",
        "type": "QualifiedName"
      },
      "location-after-char-start": 1086,
      "location-after-char-end": 1117,
      "node-str": "org.columba.core.command.Worker"
    },
    {
      "type": "insert-node",
      "node": {
        "label": "org.columba.core.logging.ColumbaLogger",
        "type": "QualifiedName"
      },
      "location-after-char-start": 1126,
      "location-after-char-end": 1164,
      "node-str": "org.columba.core.logging.ColumbaLogger"
    },
    {
      "type": "insert-node",
      "node": {
        "label": "org.columba.core.main.MainInterface",
        "type": "QualifiedName"
      },
      "location-after-char-start": 1173,
      "location-after-char-end": 1208,
      "node-str": "org.columba.core.main.MainInterface"
    },
    {
      "type": "insert-node",
      "node": {
        "label": "org.columba.mail.command.FolderCommandReference",
        "type": "QualifiedName"
      },
      "location-after-char-start": 1217,
      "location-after-char-end": 1264,
      "node-str": "org.columba.mail.command.FolderCommandReference"
    },
    {
      "type": "insert-node",
      "node": {
        "label": "org.columba.mail.command.POP3CommandReference",
        "type": "QualifiedName"
      },
      "location-after-char-start": 1273,
      "location-after-char-end": 1318,
      "node-str": "org.columba.mail.command.POP3CommandReference"
    },
    {
      "type": "insert-node",
      "node": {
        "label": "org.columba.mail.folder.Folder",
        "type": "QualifiedName"
      },
      "location-after-char-start": 1327,
      "location-after-char-end": 1357,
      "node-str": "org.columba.mail.folder.Folder"
    },
    {
      "type": "insert-node",
      "node": {
        "label": "org.columba.mail.message.ColumbaMessage",
        "type": "QualifiedName"
      },
      "location-after-char-start": 1366,
      "location-after-char-end": 1405,
      "node-str": "org.columba.mail.message.ColumbaMessage"
    },
    {
      "type": "insert-node",
      "node": {
        "label": "org.columba.mail.pop3.POP3Server",
        "type": "QualifiedName"
      },
      "location-after-char-start": 1414,
      "location-after-char-end": 1446,
      "node-str": "org.columba.mail.pop3.POP3Server"
    },
    {
      "type": "insert-node",
      "node": {
        "label": "org.columba.mail.util.MailResourceLoader",
        "type": "QualifiedName"
      },
      "location-after-char-start": 1455,
      "location-after-char-end": 1495,
      "node-str": "org.columba.mail.util.MailResourceLoader"
    },
    {
      "type": "insert-node",
      "node": {
        "label": "",
        "type": "Javadoc"
      },
      "location-after-char-start": 1498,
      "location-after-char-end": 1747,
      "node-str": ""
    },
    {
      "type": "insert-node",
      "node": {
        "label": "public",
        "type": "Modifier"
      },
      "location-after-char-start": 1748,
      "location-after-char-end": 1754,
      "node-str": "public"
    },
    {
      "type": "insert-node",
      "node": {
        "label": "class",
        "type": "TYPE_DECLARATION_KIND"
      },
      "location-after-char-start": 1755,
      "location-after-char-end": 1760,
      "node-str": "class"
    },
    {
      "type": "insert-node",
      "node": {
        "label": "FetchNewMessagesCommand",
        "type": "SimpleName"
      },
      "location-after-char-start": 1761,
      "location-after-char-end": 1784,
      "node-str": "FetchNewMessagesCommand"
    },
    {
      "type": "insert-node",
      "node": {
        "label": "",
        "type": "SimpleType"
      },
      "location-after-char-start": 1793,
      "location-after-char-end": 1800,
      "node-str": ""
    },
    {
      "type": "insert-node",
      "node": {
        "label": "",
        "type": "FieldDeclaration"
      },
      "location-after-char-start": 1805,
      "location-after-char-end": 1823,
      "node-str": ""
    },
    {
      "type": "insert-node",
      "node": {
        "label": "",
        "type": "FieldDeclaration"
      },
      "location-after-char-start": 1825,
      "location-after-char-end": 1847,
      "node-str": ""
    },
    {
      "type": "insert-node",
      "node": {
        "label": "",
        "type": "FieldDeclaration"
      },
      "location-after-char-start": 1849,
      "location-after-char-end": 1869,
      "node-str": ""
    },
    {
      "type": "insert-node",
      "node": {
        "label": "",
        "type": "TagElement"
      },
      "location-after-char-start": 1505,
      "location-after-char-end": 1743,
      "node-str": ""
    },
    {
      "type": "insert-node",
      "node": {
        "label": "Command",
        "type": "SimpleName"
      },
      "location-after-char-start": 1793,
      "location-after-char-end": 1800,
      "node-str": "Command"
    },
    {
      "type": "insert-node",
      "node": {
        "label": "",
        "type": "SimpleType"
      },
      "location-after-char-start": 1805,
      "location-after-char-end": 1815,
      "node-str": ""
    },
    {
      "type": "insert-node",
      "node": {
        "label": "",
        "type": "VariableDeclarationFragment"
      },
      "location-after-char-start": 1816,
      "location-after-char-end": 1822,
      "node-str": ""
    },
    {
      "type": "insert-node",
      "node": {
        "label": "int",
        "type": "PrimitiveType"
      },
      "location-after-char-start": 1825,
      "location-after-char-end": 1828,
      "node-str": "int"
    },
    {
      "type": "insert-node",
      "node": {
        "label": "",
        "type": "VariableDeclarationFragment"
      },
      "location-after-char-start": 1829,
      "location-after-char-end": 1846,
      "node-str": ""
    },
    {
      "type": "insert-node",
      "node": {
        "label": "int",
        "type": "PrimitiveType"
      },
      "location-after-char-start": 1849,
      "location-after-char-end": 1852,
      "node-str": "int"
    },
    {
      "type": "insert-node",
      "node": {
        "label": "",
        "type": "VariableDeclarationFragment"
      },
      "location-after-char-start": 1853,
      "location-after-char-end": 1868,
      "node-str": ""
    },
    {
      "type": "insert-node",
      "node": {
        "label": "public",
        "type": "Modifier"
      },
      "location-after-char-start": 2254,
      "location-after-char-end": 2260,
      "node-str": "public"
    },
    {
      "type": "insert-node",
      "node": {
        "label": "void",
        "type": "PrimitiveType"
      },
      "location-after-char-start": 2261,
      "location-after-char-end": 2265,
      "node-str": "void"
    },
    {
      "type": "insert-node",
      "node": {
        "label": "execute",
        "type": "SimpleName"
      },
      "location-after-char-start": 2266,
      "location-after-char-end": 2273,
      "node-str": "execute"
    },
    {
      "type": "insert-node",
      "node": {
        "label": "",
        "type": "SingleVariableDeclaration"
      },
      "location-after-char-start": 2274,
      "location-after-char-end": 2287,
      "node-str": ""
    },
    {
      "type": "insert-node",
      "node": {
        "label": "",
        "type": "SimpleType"
      },
      "location-after-char-start": 2296,
      "location-after-char-end": 2305,
      "node-str": ""
    },
    {
      "type": "insert-node",
      "node": {
        "label": " freddy",
        "type": "TextElement"
      },
      "location-after-char-start": 1512,
      "location-after-char-end": 1519,
      "node-str": " freddy"
    },
    {
      "type": "insert-node",
      "node": {
        "label": "To change this generated comment edit the template variable \"typecomment\":",
        "type": "TextElement"
      },
      "location-after-char-start": 1526,
      "location-after-char-end": 1600,
      "node-str": "To change this generated comment edit the template variable \"typecomment\":"
    },
    {
      "type": "insert-node",
      "node": {
        "label": "Window\u003ePreferences\u003eJava\u003eTemplates.",
        "type": "TextElement"
      },
      "location-after-char-start": 1604,
      "location-after-char-end": 1638,
      "node-str": "Window\u003ePreferences\u003eJava\u003eTemplates."
    },
    {
      "type": "insert-node",
      "node": {
        "label": "To enable and disable the creation of type comments go to",
        "type": "TextElement"
      },
      "location-after-char-start": 1642,
      "location-after-char-end": 1699,
      "node-str": "To enable and disable the creation of type comments go to"
    },
    {
      "type": "insert-node",
      "node": {
        "label": "Window\u003ePreferences\u003eJava\u003eCode Generation.",
        "type": "TextElement"
      },
      "location-after-char-start": 1703,
      "location-after-char-end": 1743,
      "node-str": "Window\u003ePreferences\u003eJava\u003eCode Generation."
    },
    {
      "type": "insert-node",
      "node": {
        "label": "POP3Server",
        "type": "SimpleName"
      },
      "location-after-char-start": 1805,
      "location-after-char-end": 1815,
      "node-str": "POP3Server"
    },
    {
      "type": "insert-node",
      "node": {
        "label": "server",
        "type": "SimpleName"
      },
      "location-after-char-start": 1816,
      "location-after-char-end": 1822,
      "node-str": "server"
    },
    {
      "type": "insert-node",
      "node": {
        "label": "totalMessageCount",
        "type": "SimpleName"
      },
      "location-after-char-start": 1829,
      "location-after-char-end": 1846,
      "node-str": "totalMessageCount"
    },
    {
      "type": "insert-node",
      "node": {
        "label": "newMessageCount",
        "type": "SimpleName"
      },
      "location-after-char-start": 1853,
      "location-after-char-end": 1868,
      "node-str": "newMessageCount"
    },
    {
      "type": "insert-node",
      "node": {
        "label": "",
        "type": "SimpleType"
      },
      "location-after-char-start": 2274,
      "location-after-char-end": 2280,
      "node-str": ""
    },
    {
      "type": "insert-node",
      "node": {
        "label": "worker",
        "type": "SimpleName"
      },
      "location-after-char-start": 2281,
      "location-after-char-end": 2287,
      "node-str": "worker"
    },
    {
      "type": "insert-node",
      "node": {
        "label": "Exception",
        "type": "SimpleName"
      },
      "location-after-char-start": 2296,
      "location-after-char-end": 2305,
      "node-str": "Exception"
    },
    {
      "type": "insert-node",
      "node": {
        "label": "Worker",
        "type": "SimpleName"
      },
      "location-after-char-start": 2274,
      "location-after-char-end": 2280,
      "node-str": "Worker"
    },
    {
      "type": "insert-node",
      "node": {
        "label": "",
        "type": "CatchClause"
      },
      "location-after-char-start": 3591,
      "location-after-char-end": 3730,
      "node-str": ""
    },
    {
      "type": "insert-node",
      "node": {
        "label": "",
        "type": "IfStatement"
      },
      "location-after-char-start": 3256,
      "location-after-char-end": 3585,
      "node-str": ""
    },
    {
      "type": "insert-node",
      "node": {
        "label": "",
        "type": "SingleVariableDeclaration"
      },
      "location-after-char-start": 3598,
      "location-after-char-end": 3625,
      "node-str": ""
    },
    {
      "type": "insert-node",
      "node": {
        "label": "",
        "type": "Block"
      },
      "location-after-char-start": 3627,
      "location-after-char-end": 3730,
      "node-str": ""
    },
    {
      "type": "insert-node",
      "node": {
        "label": "",
        "type": "InfixExpression"
      },
      "location-after-char-start": 3260,
      "location-after-char-end": 3280,
      "node-str": ""
    },
    {
      "type": "insert-node",
      "node": {
        "label": "",
        "type": "ExpressionStatement"
      },
      "location-after-char-start": 3286,
      "location-after-char-end": 3388,
      "node-str": ""
    },
    {
      "type": "insert-node",
      "node": {
        "label": "",
        "type": "ExpressionStatement"
      },
      "location-after-char-start": 3401,
      "location-after-char-end": 3585,
      "node-str": ""
    },
    {
      "type": "insert-node",
      "node": {
        "label": "",
        "type": "SimpleType"
      },
      "location-after-char-start": 3598,
      "location-after-char-end": 3623,
      "node-str": ""
    },
    {
      "type": "insert-node",
      "node": {
        "label": "e",
        "type": "SimpleName"
      },
      "location-after-char-start": 3624,
      "location-after-char-end": 3625,
      "node-str": "e"
    },
    {
      "type": "insert-node",
      "node": {
        "label": "",
        "type": "ExpressionStatement"
      },
      "location-after-char-start": 3632,
      "location-after-char-end": 3653,
      "node-str": ""
    },
    {
      "type": "insert-node",
      "node": {
        "label": "",
        "type": "ExpressionStatement"
      },
      "location-after-char-start": 3688,
      "location-after-char-end": 3726,
      "node-str": ""
    },
    {
      "type": "insert-node",
      "node": {
        "label": "",
        "type": "ExpressionStatement"
      },
      "location-after-char-start": 3978,
      "location-after-char-end": 4016,
      "node-str": ""
    },
    {
      "type": "insert-node",
      "node": {
        "label": "newMessageCount",
        "type": "SimpleName"
      },
      "location-after-char-start": 3260,
      "location-after-char-end": 3275,
      "node-str": "newMessageCount"
    },
    {
      "type": "insert-node",
      "node": {
        "label": "\u003d\u003d",
        "type": "INFIX_EXPRESSION_OPERATOR"
      },
      "location-after-char-start": 3276,
      "location-after-char-end": 3278,
      "node-str": "\u003d\u003d"
    },
    {
      "type": "insert-node",
      "node": {
        "label": "0",
        "type": "NumberLiteral"
      },
      "location-after-char-start": 3279,
      "location-after-char-end": 3280,
      "node-str": "0"
    },
    {
      "type": "insert-node",
      "node": {
        "label": "",
        "type": "MethodInvocation"
      },
      "location-after-char-start": 3286,
      "location-after-char-end": 3387,
      "node-str": ""
    },
    {
      "type": "insert-node",
      "node": {
        "label": "",
        "type": "MethodInvocation"
      },
      "location-after-char-start": 3401,
      "location-after-char-end": 3584,
      "node-str": ""
    },
    {
      "type": "insert-node",
      "node": {
        "label": "CommandCancelledException",
        "type": "SimpleName"
      },
      "location-after-char-start": 3598,
      "location-after-char-end": 3623,
      "node-str": "CommandCancelledException"
    },
    {
      "type": "insert-node",
      "node": {
        "label": "",
        "type": "MethodInvocation"
      },
      "location-after-char-start": 3632,
      "location-after-char-end": 3652,
      "node-str": ""
    },
    {
      "type": "insert-node",
      "node": {
        "label": "",
        "type": "MethodInvocation"
      },
      "location-after-char-start": 3688,
      "location-after-char-end": 3725,
      "node-str": ""
    },
    {
      "type": "insert-node",
      "node": {
        "label": "",
        "type": "MethodInvocation"
      },
      "location-after-char-start": 3978,
      "location-after-char-end": 4015,
      "node-str": ""
    },
    {
      "type": "insert-node",
      "node": {
        "label": "log",
        "type": "SimpleName"
      },
      "location-after-char-start": 3286,
      "location-after-char-end": 3289,
      "node-str": "log"
    },
    {
      "type": "insert-node",
      "node": {
        "label": "",
        "type": "METHOD_INVOCATION_ARGUMENTS"
      },
      "location-after-char-start": 3296,
      "location-after-char-end": 3386,
      "node-str": ""
    },
    {
      "type": "insert-node",
      "node": {
        "label": "log",
        "type": "SimpleName"
      },
      "location-after-char-start": 3401,
      "location-after-char-end": 3404,
      "node-str": "log"
    },
    {
      "type": "insert-node",
      "node": {
        "label": "",
        "type": "METHOD_INVOCATION_ARGUMENTS"
      },
      "location-after-char-start": 3411,
      "location-after-char-end": 3583,
      "node-str": ""
    },
    {
      "type": "insert-node",
      "node": {
        "label": "",
        "type": "METHOD_INVOCATION_RECEIVER"
      },
      "location-after-char-start": 3632,
      "location-after-char-end": 3638,
      "node-str": ""
    },
    {
      "type": "insert-node",
      "node": {
        "label": "forceLogout",
        "type": "SimpleName"
      },
      "location-after-char-start": 3639,
      "location-after-char-end": 3650,
      "node-str": "forceLogout"
    },
    {
      "type": "insert-node",
      "node": {
        "label": "",
        "type": "METHOD_INVOCATION_RECEIVER"
      },
      "location-after-char-start": 3688,
      "location-after-char-end": 3710,
      "node-str": ""
    },
    {
      "type": "insert-node",
      "node": {
        "label": "clearMessage",
        "type": "SimpleName"
      },
      "location-after-char-start": 3711,
      "location-after-char-end": 3723,
      "node-str": "clearMessage"
    },
    {
      "type": "insert-node",
      "node": {
        "label": "",
        "type": "METHOD_INVOCATION_RECEIVER"
      },
      "location-after-char-start": 3978,
      "location-after-char-end": 4000,
      "node-str": ""
    },
    {
      "type": "insert-node",
      "node": {
        "label": "clearMessage",
        "type": "SimpleName"
      },
      "location-after-char-start": 4001,
      "location-after-char-end": 4013,
      "node-str": "clearMessage"
    },
    {
      "type": "insert-node",
      "node": {
        "label": "",
        "type": "MethodInvocation"
      },
      "location-after-char-start": 3296,
      "location-after-char-end": 3386,
      "node-str": ""
    },
    {
      "type": "insert-node",
      "node": {
        "label": "",
        "type": "MethodInvocation"
      },
      "location-after-char-start": 3411,
      "location-after-char-end": 3583,
      "node-str": ""
    },
    {
      "type": "insert-node",
      "node": {
        "label": "server",
        "type": "SimpleName"
      },
      "location-after-char-start": 3632,
      "location-after-char-end": 3638,
      "node-str": "server"
    },
    {
      "type": "insert-node",
      "node": {
        "label": "",
        "type": "MethodInvocation"
      },
      "location-after-char-start": 3688,
      "location-after-char-end": 3710,
      "node-str": ""
    },
    {
      "type": "insert-node",
      "node": {
        "label": "",
        "type": "MethodInvocation"
      },
      "location-after-char-start": 3978,
      "location-after-char-end": 4000,
      "node-str": ""
    },
    {
      "type": "insert-node",
      "node": {
        "label": "",
        "type": "METHOD_INVOCATION_RECEIVER"
      },
      "location-after-char-start": 3296,
      "location-after-char-end": 3314,
      "node-str": ""
    },
    {
      "type": "insert-node",
      "node": {
        "label": "getString",
        "type": "SimpleName"
      },
      "location-after-char-start": 3315,
      "location-after-char-end": 3324,
      "node-str": "getString"
    },
    {
      "type": "insert-node",
      "node": {
        "label": "",
        "type": "METHOD_INVOCATION_ARGUMENTS"
      },
      "location-after-char-start": 3332,
      "location-after-char-end": 3385,
      "node-str": ""
    },
    {
      "type": "insert-node",
      "node": {
        "label": "",
        "type": "METHOD_INVOCATION_RECEIVER"
      },
      "location-after-char-start": 3411,
      "location-after-char-end": 3424,
      "node-str": ""
    },
    {
      "type": "insert-node",
      "node": {
        "label": "format",
        "type": "SimpleName"
      },
      "location-after-char-start": 3425,
      "location-after-char-end": 3431,
      "node-str": "format"
    },
    {
      "type": "insert-node",
      "node": {
        "label": "",
        "type": "METHOD_INVOCATION_ARGUMENTS"
      },
      "location-after-char-start": 3439,
      "location-after-char-end": 3582,
      "node-str": ""
    },
    {
      "type": "insert-node",
      "node": {
        "label": "",
        "type": "METHOD_INVOCATION_RECEIVER"
      },
      "location-after-char-start": 3688,
      "location-after-char-end": 3694,
      "node-str": ""
    },
    {
      "type": "insert-node",
      "node": {
        "label": "getObservable",
        "type": "SimpleName"
      },
      "location-after-char-start": 3695,
      "location-after-char-end": 3708,
      "node-str": "getObservable"
    },
    {
      "type": "insert-node",
      "node": {
        "label": "",
        "type": "METHOD_INVOCATION_RECEIVER"
      },
      "location-after-char-start": 3978,
      "location-after-char-end": 3984,
      "node-str": ""
    },
    {
      "type": "insert-node",
      "node": {
        "label": "getObservable",
        "type": "SimpleName"
      },
      "location-after-char-start": 3985,
      "location-after-char-end": 3998,
      "node-str": "getObservable"
    },
    {
      "type": "insert-node",
      "node": {
        "label": "MailResourceLoader",
        "type": "SimpleName"
      },
      "location-after-char-start": 3296,
      "location-after-char-end": 3314,
      "node-str": "MailResourceLoader"
    },
    {
      "type": "insert-node",
      "node": {
        "label": "\"statusbar\"",
        "type": "StringLiteral"
      },
      "location-after-char-start": 3332,
      "location-after-char-end": 3343,
      "node-str": "\"statusbar\""
    },
    {
      "type": "insert-node",
      "node": {
        "label": "\"message\"",
        "type": "StringLiteral"
      },
      "location-after-char-start": 3351,
      "location-after-char-end": 3360,
      "node-str": "\"message\""
    },
    {
      "type": "insert-node",
      "node": {
        "label": "\"no_new_messages\"",
        "type": "StringLiteral"
      },
      "location-after-char-start": 3368,
      "location-after-char-end": 3385,
      "node-str": "\"no_new_messages\""
    },
    {
      "type": "insert-node",
      "node": {
        "label": "MessageFormat",
        "type": "SimpleName"
      },
      "location-after-char-start": 3411,
      "location-after-char-end": 3424,
      "node-str": "MessageFormat"
    },
    {
      "type": "insert-node",
      "node": {
        "label": "",
        "type": "MethodInvocation"
      },
      "location-after-char-start": 3439,
      "location-after-char-end": 3530,
      "node-str": ""
    },
    {
      "type": "insert-node",
      "node": {
        "label": "",
        "type": "ArrayCreation"
      },
      "location-after-char-start": 3538,
      "location-after-char-end": 3582,
      "node-str": ""
    },
    {
      "type": "insert-node",
      "node": {
        "label": "server",
        "type": "SimpleName"
      },
      "location-after-char-start": 3688,
      "location-after-char-end": 3694,
      "node-str": "server"
    },
    {
      "type": "insert-node",
      "node": {
        "label": "server",
        "type": "SimpleName"
      },
      "location-after-char-start": 3978,
      "location-after-char-end": 3984,
      "node-str": "server"
    },
    {
      "type": "insert-node",
      "node": {
        "label": "",
        "type": "METHOD_INVOCATION_RECEIVER"
      },
      "location-after-char-start": 3439,
      "location-after-char-end": 3457,
      "node-str": ""
    },
    {
      "type": "insert-node",
      "node": {
        "label": "getString",
        "type": "SimpleName"
      },
      "location-after-char-start": 3458,
      "location-after-char-end": 3467,
      "node-str": "getString"
    },
    {
      "type": "insert-node",
      "node": {
        "label": "",
        "type": "METHOD_INVOCATION_ARGUMENTS"
      },
      "location-after-char-start": 3476,
      "location-after-char-end": 3529,
      "node-str": ""
    },
    {
      "type": "insert-node",
      "node": {
        "label": "",
        "type": "ArrayType"
      },
      "location-after-char-start": 3542,
      "location-after-char-end": 3550,
      "node-str": ""
    },
    {
      "type": "insert-node",
      "node": {
        "label": "",
        "type": "ArrayInitializer"
      },
      "location-after-char-start": 3551,
      "location-after-char-end": 3582,
      "node-str": ""
    },
    {
      "type": "insert-node",
      "node": {
        "label": "MailResourceLoader",
        "type": "SimpleName"
      },
      "location-after-char-start": 3439,
      "location-after-char-end": 3457,
      "node-str": "MailResourceLoader"
    },
    {
      "type": "insert-node",
      "node": {
        "label": "\"statusbar\"",
        "type": "StringLiteral"
      },
      "location-after-char-start": 3476,
      "location-after-char-end": 3487,
      "node-str": "\"statusbar\""
    },
    {
      "type": "insert-node",
      "node": {
        "label": "\"message\"",
        "type": "StringLiteral"
      },
      "location-after-char-start": 3496,
      "location-after-char-end": 3505,
      "node-str": "\"message\""
    },
    {
      "type": "insert-node",
      "node": {
        "label": "\"fetched_count\"",
        "type": "StringLiteral"
      },
      "location-after-char-start": 3514,
      "location-after-char-end": 3529,
      "node-str": "\"fetched_count\""
    },
    {
      "type": "insert-node",
      "node": {
        "label": "",
        "type": "SimpleType"
      },
      "location-after-char-start": 3542,
      "location-after-char-end": 3548,
      "node-str": ""
    },
    {
      "type": "insert-node",
      "node": {
        "label": "",
        "type": "Dimension"
      },
      "location-after-char-start": 3548,
      "location-after-char-end": 3550,
      "node-str": ""
    },
    {
      "type": "insert-node",
      "node": {
        "label": "",
        "type": "ClassInstanceCreation"
      },
      "location-after-char-start": 3553,
      "location-after-char-end": 3581,
      "node-str": ""
    },
    {
      "type": "insert-node",
      "node": {
        "label": "Object",
        "type": "SimpleName"
      },
      "location-after-char-start": 3542,
      "location-after-char-end": 3548,
      "node-str": "Object"
    },
    {
      "type": "insert-node",
      "node": {
        "label": "",
        "type": "SimpleType"
      },
      "location-after-char-start": 3557,
      "location-after-char-end": 3564,
      "node-str": ""
    },
    {
      "type": "insert-node",
      "node": {
        "label": "newMessageCount",
        "type": "SimpleName"
      },
      "location-after-char-start": 3565,
      "location-after-char-end": 3580,
      "node-str": "newMessageCount"
    },
    {
      "type": "insert-node",
      "node": {
        "label": "Integer",
        "type": "SimpleName"
      },
      "location-after-char-start": 3557,
      "location-after-char-end": 3564,
      "node-str": "Integer"
    },
    {
      "type": "delete-node",
      "node": {
        "label": "org.columba.mail.pop3.command",
        "type": "QualifiedName"
      },
      "location-before-char-start": 719,
      "location-before-char-end": 748,
      "node-str": "org.columba.mail.pop3.command"
    },
    {
      "type": "delete-node",
      "node": {
        "label": "",
        "type": "PackageDeclaration"
      },
      "location-before-char-start": 711,
      "location-before-char-end": 749,
      "node-str": ""
    },
    {
      "type": "delete-node",
      "node": {
        "label": "java.io.IOException",
        "type": "QualifiedName"
      },
      "location-before-char-start": 758,
      "location-before-char-end": 777,
      "node-str": "java.io.IOException"
    },
    {
      "type": "delete-node",
      "node": {
        "label": "",
        "type": "ImportDeclaration"
      },
      "location-before-char-start": 751,
      "location-before-char-end": 778,
      "node-str": ""
    },
    {
      "type": "delete-node",
      "node": {
        "label": "java.text.MessageFormat",
        "type": "QualifiedName"
      },
      "location-before-char-start": 786,
      "location-before-char-end": 809,
      "node-str": "java.text.MessageFormat"
    },
    {
      "type": "delete-node",
      "node": {
        "label": "",
        "type": "ImportDeclaration"
      },
      "location-before-char-start": 779,
      "location-before-char-end": 810,
      "node-str": ""
    },
    {
      "type": "delete-node",
      "node": {
        "label": "java.util.List",
        "type": "QualifiedName"
      },
      "location-before-char-start": 818,
      "location-before-char-end": 832,
      "node-str": "java.util.List"
    },
    {
      "type": "delete-node",
      "node": {
        "label": "",
        "type": "ImportDeclaration"
      },
      "location-before-char-start": 811,
      "location-before-char-end": 833,
      "node-str": ""
    },
    {
      "type": "delete-node",
      "node": {
        "label": "javax.swing.JOptionPane",
        "type": "QualifiedName"
      },
      "location-before-char-start": 842,
      "location-before-char-end": 865,
      "node-str": "javax.swing.JOptionPane"
    },
    {
      "type": "delete-node",
      "node": {
        "label": "",
        "type": "ImportDeclaration"
      },
      "location-before-char-start": 835,
      "location-before-char-end": 866,
      "node-str": ""
    },
    {
      "type": "delete-node",
      "node": {
        "label": "org.columba.core.command.Command",
        "type": "QualifiedName"
      },
      "location-before-char-start": 875,
      "location-before-char-end": 907,
      "node-str": "org.columba.core.command.Command"
    },
    {
      "type": "delete-node",
      "node": {
        "label": "",
        "type": "ImportDeclaration"
      },
      "location-before-char-start": 868,
      "location-before-char-end": 908,
      "node-str": ""
    },
    {
      "type": "delete-node",
      "node": {
        "label": "org.columba.core.command.CommandCancelledException",
        "type": "QualifiedName"
      },
      "location-before-char-start": 916,
      "location-before-char-end": 966,
      "node-str": "org.columba.core.command.CommandCancelledException"
    },
    {
      "type": "delete-node",
      "node": {
        "label": "",
        "type": "ImportDeclaration"
      },
      "location-before-char-start": 909,
      "location-before-char-end": 967,
      "node-str": ""
    },
    {
      "type": "delete-node",
      "node": {
        "label": "org.columba.core.command.DefaultCommandReference",
        "type": "QualifiedName"
      },
      "location-before-char-start": 975,
      "location-before-char-end": 1023,
      "node-str": "org.columba.core.command.DefaultCommandReference"
    },
    {
      "type": "delete-node",
      "node": {
        "label": "",
        "type": "ImportDeclaration"
      },
      "location-before-char-start": 968,
      "location-before-char-end": 1024,
      "node-str": ""
    },
    {
      "type": "delete-node",
      "node": {
        "label": "org.columba.core.command.StatusObservableImpl",
        "type": "QualifiedName"
      },
      "location-before-char-start": 1032,
      "location-before-char-end": 1077,
      "node-str": "org.columba.core.command.StatusObservableImpl"
    },
    {
      "type": "delete-node",
      "node": {
        "label": "",
        "type": "ImportDeclaration"
      },
      "location-before-char-start": 1025,
      "location-before-char-end": 1078,
      "node-str": ""
    },
    {
      "type": "delete-node",
      "node": {
        "label": "org.columba.core.command.Worker",
        "type": "QualifiedName"
      },
      "location-before-char-start": 1086,
      "location-before-char-end": 1117,
      "node-str": "org.columba.core.command.Worker"
    },
    {
      "type": "delete-node",
      "node": {
        "label": "",
        "type": "ImportDeclaration"
      },
      "location-before-char-start": 1079,
      "location-before-char-end": 1118,
      "node-str": ""
    },
    {
      "type": "delete-node",
      "node": {
        "label": "org.columba.core.logging.ColumbaLogger",
        "type": "QualifiedName"
      },
      "location-before-char-start": 1126,
      "location-before-char-end": 1164,
      "node-str": "org.columba.core.logging.ColumbaLogger"
    },
    {
      "type": "delete-node",
      "node": {
        "label": "",
        "type": "ImportDeclaration"
      },
      "location-before-char-start": 1119,
      "location-before-char-end": 1165,
      "node-str": ""
    },
    {
      "type": "delete-node",
      "node": {
        "label": "org.columba.core.main.MainInterface",
        "type": "QualifiedName"
      },
      "location-before-char-start": 1173,
      "location-before-char-end": 1208,
      "node-str": "org.columba.core.main.MainInterface"
    },
    {
      "type": "delete-node",
      "node": {
        "label": "",
        "type": "ImportDeclaration"
      },
      "location-before-char-start": 1166,
      "location-before-char-end": 1209,
      "node-str": ""
    },
    {
      "type": "delete-node",
      "node": {
        "label": "org.columba.mail.command.FolderCommandReference",
        "type": "QualifiedName"
      },
      "location-before-char-start": 1217,
      "location-before-char-end": 1264,
      "node-str": "org.columba.mail.command.FolderCommandReference"
    },
    {
      "type": "delete-node",
      "node": {
        "label": "",
        "type": "ImportDeclaration"
      },
      "location-before-char-start": 1210,
      "location-before-char-end": 1265,
      "node-str": ""
    },
    {
      "type": "delete-node",
      "node": {
        "label": "org.columba.mail.command.POP3CommandReference",
        "type": "QualifiedName"
      },
      "location-before-char-start": 1273,
      "location-before-char-end": 1318,
      "node-str": "org.columba.mail.command.POP3CommandReference"
    },
    {
      "type": "delete-node",
      "node": {
        "label": "",
        "type": "ImportDeclaration"
      },
      "location-before-char-start": 1266,
      "location-before-char-end": 1319,
      "node-str": ""
    },
    {
      "type": "delete-node",
      "node": {
        "label": "org.columba.mail.folder.Folder",
        "type": "QualifiedName"
      },
      "location-before-char-start": 1327,
      "location-before-char-end": 1357,
      "node-str": "org.columba.mail.folder.Folder"
    },
    {
      "type": "delete-node",
      "node": {
        "label": "",
        "type": "ImportDeclaration"
      },
      "location-before-char-start": 1320,
      "location-before-char-end": 1358,
      "node-str": ""
    },
    {
      "type": "delete-node",
      "node": {
        "label": "org.columba.mail.message.ColumbaMessage",
        "type": "QualifiedName"
      },
      "location-before-char-start": 1366,
      "location-before-char-end": 1405,
      "node-str": "org.columba.mail.message.ColumbaMessage"
    },
    {
      "type": "delete-node",
      "node": {
        "label": "",
        "type": "ImportDeclaration"
      },
      "location-before-char-start": 1359,
      "location-before-char-end": 1406,
      "node-str": ""
    },
    {
      "type": "delete-node",
      "node": {
        "label": "org.columba.mail.pop3.POP3Server",
        "type": "QualifiedName"
      },
      "location-before-char-start": 1414,
      "location-before-char-end": 1446,
      "node-str": "org.columba.mail.pop3.POP3Server"
    },
    {
      "type": "delete-node",
      "node": {
        "label": "",
        "type": "ImportDeclaration"
      },
      "location-before-char-start": 1407,
      "location-before-char-end": 1447,
      "node-str": ""
    },
    {
      "type": "delete-node",
      "node": {
        "label": "org.columba.mail.util.MailResourceLoader",
        "type": "QualifiedName"
      },
      "location-before-char-start": 1455,
      "location-before-char-end": 1495,
      "node-str": "org.columba.mail.util.MailResourceLoader"
    },
    {
      "type": "delete-node",
      "node": {
        "label": "",
        "type": "ImportDeclaration"
      },
      "location-before-char-start": 1448,
      "location-before-char-end": 1496,
      "node-str": ""
    },
    {
      "type": "delete-node",
      "node": {
        "label": " freddy",
        "type": "TextElement"
      },
      "location-before-char-start": 1512,
      "location-before-char-end": 1519,
      "node-str": " freddy"
    },
    {
      "type": "delete-node",
      "node": {
        "label": "To change this generated comment edit the template variable \"typecomment\":",
        "type": "TextElement"
      },
      "location-before-char-start": 1526,
      "location-before-char-end": 1600,
      "node-str": "To change this generated comment edit the template variable \"typecomment\":"
    },
    {
      "type": "delete-node",
      "node": {
        "label": "Window\u003ePreferences\u003eJava\u003eTemplates.",
        "type": "TextElement"
      },
      "location-before-char-start": 1604,
      "location-before-char-end": 1638,
      "node-str": "Window\u003ePreferences\u003eJava\u003eTemplates."
    },
    {
      "type": "delete-node",
      "node": {
        "label": "To enable and disable the creation of type comments go to",
        "type": "TextElement"
      },
      "location-before-char-start": 1642,
      "location-before-char-end": 1699,
      "node-str": "To enable and disable the creation of type comments go to"
    },
    {
      "type": "delete-node",
      "node": {
        "label": "Window\u003ePreferences\u003eJava\u003eCode Generation.",
        "type": "TextElement"
      },
      "location-before-char-start": 1703,
      "location-before-char-end": 1743,
      "node-str": "Window\u003ePreferences\u003eJava\u003eCode Generation."
    },
    {
      "type": "delete-node",
      "node": {
        "label": "",
        "type": "TagElement"
      },
      "location-before-char-start": 1505,
      "location-before-char-end": 1743,
      "node-str": ""
    },
    {
      "type": "delete-node",
      "node": {
        "label": "",
        "type": "Javadoc"
      },
      "location-before-char-start": 1498,
      "location-before-char-end": 1747,
      "node-str": ""
    },
    {
      "type": "delete-node",
      "node": {
        "label": "public",
        "type": "Modifier"
      },
      "location-before-char-start": 1748,
      "location-before-char-end": 1754,
      "node-str": "public"
    },
    {
      "type": "delete-node",
      "node": {
        "label": "class",
        "type": "TYPE_DECLARATION_KIND"
      },
      "location-before-char-start": 1755,
      "location-before-char-end": 1760,
      "node-str": "class"
    },
    {
      "type": "delete-node",
      "node": {
        "label": "FetchNewMessagesCommand",
        "type": "SimpleName"
      },
      "location-before-char-start": 1761,
      "location-before-char-end": 1784,
      "node-str": "FetchNewMessagesCommand"
    },
    {
      "type": "delete-node",
      "node": {
        "label": "Command",
        "type": "SimpleName"
      },
      "location-before-char-start": 1793,
      "location-before-char-end": 1800,
      "node-str": "Command"
    },
    {
      "type": "delete-node",
      "node": {
        "label": "",
        "type": "SimpleType"
      },
      "location-before-char-start": 1793,
      "location-before-char-end": 1800,
      "node-str": ""
    },
    {
      "type": "delete-node",
      "node": {
        "label": "POP3Server",
        "type": "SimpleName"
      },
      "location-before-char-start": 1805,
      "location-before-char-end": 1815,
      "node-str": "POP3Server"
    },
    {
      "type": "delete-node",
      "node": {
        "label": "",
        "type": "SimpleType"
      },
      "location-before-char-start": 1805,
      "location-before-char-end": 1815,
      "node-str": ""
    },
    {
      "type": "delete-node",
      "node": {
        "label": "server",
        "type": "SimpleName"
      },
      "location-before-char-start": 1816,
      "location-before-char-end": 1822,
      "node-str": "server"
    },
    {
      "type": "delete-node",
      "node": {
        "label": "",
        "type": "VariableDeclarationFragment"
      },
      "location-before-char-start": 1816,
      "location-before-char-end": 1822,
      "node-str": ""
    },
    {
      "type": "delete-node",
      "node": {
        "label": "",
        "type": "FieldDeclaration"
      },
      "location-before-char-start": 1805,
      "location-before-char-end": 1823,
      "node-str": ""
    },
    {
      "type": "delete-node",
      "node": {
        "label": "int",
        "type": "PrimitiveType"
      },
      "location-before-char-start": 1825,
      "location-before-char-end": 1828,
      "node-str": "int"
    },
    {
      "type": "delete-node",
      "node": {
        "label": "totalMessageCount",
        "type": "SimpleName"
      },
      "location-before-char-start": 1829,
      "location-before-char-end": 1846,
      "node-str": "totalMessageCount"
    },
    {
      "type": "delete-node",
      "node": {
        "label": "",
        "type": "VariableDeclarationFragment"
      },
      "location-before-char-start": 1829,
      "location-before-char-end": 1846,
      "node-str": ""
    },
    {
      "type": "delete-node",
      "node": {
        "label": "",
        "type": "FieldDeclaration"
      },
      "location-before-char-start": 1825,
      "location-before-char-end": 1847,
      "node-str": ""
    },
    {
      "type": "delete-node",
      "node": {
        "label": "int",
        "type": "PrimitiveType"
      },
      "location-before-char-start": 1849,
      "location-before-char-end": 1852,
      "node-str": "int"
    },
    {
      "type": "delete-node",
      "node": {
        "label": "newMessageCount",
        "type": "SimpleName"
      },
      "location-before-char-start": 1853,
      "location-before-char-end": 1868,
      "node-str": "newMessageCount"
    },
    {
      "type": "delete-node",
      "node": {
        "label": "",
        "type": "VariableDeclarationFragment"
      },
      "location-before-char-start": 1853,
      "location-before-char-end": 1868,
      "node-str": ""
    },
    {
      "type": "delete-node",
      "node": {
        "label": "",
        "type": "FieldDeclaration"
      },
      "location-before-char-start": 1849,
      "location-before-char-end": 1869,
      "node-str": ""
    },
    {
      "type": "delete-node",
      "node": {
        "label": "public",
        "type": "Modifier"
      },
      "location-before-char-start": 2254,
      "location-before-char-end": 2260,
      "node-str": "public"
    },
    {
      "type": "delete-node",
      "node": {
        "label": "void",
        "type": "PrimitiveType"
      },
      "location-before-char-start": 2261,
      "location-before-char-end": 2265,
      "node-str": "void"
    },
    {
      "type": "delete-node",
      "node": {
        "label": "execute",
        "type": "SimpleName"
      },
      "location-before-char-start": 2266,
      "location-before-char-end": 2273,
      "node-str": "execute"
    },
    {
      "type": "delete-node",
      "node": {
        "label": "Worker",
        "type": "SimpleName"
      },
      "location-before-char-start": 2274,
      "location-before-char-end": 2280,
      "node-str": "Worker"
    },
    {
      "type": "delete-node",
      "node": {
        "label": "",
        "type": "SimpleType"
      },
      "location-before-char-start": 2274,
      "location-before-char-end": 2280,
      "node-str": ""
    },
    {
      "type": "delete-node",
      "node": {
        "label": "worker",
        "type": "SimpleName"
      },
      "location-before-char-start": 2281,
      "location-before-char-end": 2287,
      "node-str": "worker"
    },
    {
      "type": "delete-node",
      "node": {
        "label": "",
        "type": "SingleVariableDeclaration"
      },
      "location-before-char-start": 2274,
      "location-before-char-end": 2287,
      "node-str": ""
    },
    {
      "type": "delete-node",
      "node": {
        "label": "Exception",
        "type": "SimpleName"
      },
      "location-before-char-start": 2296,
      "location-before-char-end": 2305,
      "node-str": "Exception"
    },
    {
      "type": "delete-node",
      "node": {
        "label": "",
        "type": "SimpleType"
      },
      "location-before-char-start": 2296,
      "location-before-char-end": 2305,
      "node-str": ""
    },
    {
      "type": "delete-node",
      "node": {
        "label": "CommandCancelledException",
        "type": "SimpleName"
      },
      "location-before-char-start": 3191,
      "location-before-char-end": 3216,
      "node-str": "CommandCancelledException"
    },
    {
      "type": "delete-node",
      "node": {
        "label": "",
        "type": "SimpleType"
      },
      "location-before-char-start": 3191,
      "location-before-char-end": 3216,
      "node-str": ""
    },
    {
      "type": "delete-node",
      "node": {
        "label": "e",
        "type": "SimpleName"
      },
      "location-before-char-start": 3217,
      "location-before-char-end": 3218,
      "node-str": "e"
    },
    {
      "type": "delete-node",
      "node": {
        "label": "",
        "type": "SingleVariableDeclaration"
      },
      "location-before-char-start": 3191,
      "location-before-char-end": 3218,
      "node-str": ""
    },
    {
      "type": "delete-node",
      "node": {
        "label": "server",
        "type": "SimpleName"
      },
      "location-before-char-start": 3225,
      "location-before-char-end": 3231,
      "node-str": "server"
    },
    {
      "type": "delete-node",
      "node": {
        "label": "",
        "type": "METHOD_INVOCATION_RECEIVER"
      },
      "location-before-char-start": 3225,
      "location-before-char-end": 3231,
      "node-str": ""
    },
    {
      "type": "delete-node",
      "node": {
        "label": "forceLogout",
        "type": "SimpleName"
      },
      "location-before-char-start": 3232,
      "location-before-char-end": 3243,
      "node-str": "forceLogout"
    },
    {
      "type": "delete-node",
      "node": {
        "label": "",
        "type": "MethodInvocation"
      },
      "location-before-char-start": 3225,
      "location-before-char-end": 3245,
      "node-str": ""
    },
    {
      "type": "delete-node",
      "node": {
        "label": "",
        "type": "ExpressionStatement"
      },
      "location-before-char-start": 3225,
      "location-before-char-end": 3246,
      "node-str": ""
    },
    {
      "type": "delete-node",
      "node": {
        "label": "",
        "type": "Block"
      },
      "location-before-char-start": 3220,
      "location-before-char-end": 3250,
      "node-str": ""
    },
    {
      "type": "delete-node",
      "node": {
        "label": "",
        "type": "CatchClause"
      },
      "location-before-char-start": 3184,
      "location-before-char-end": 3250,
      "node-str": ""
    }
  ],
  "before-file": {},
  "after-file": {},
  "mapping": {}
}