{
  "tool-info": {},
  "diff": [
    {
      "type": "insert-node",
      "node": {
        "label": "public",
        "type": "Modifier"
      },
      "location-after-char-start": 0,
      "location-after-char-end": 0,
      "node-str": "public"
    },
    {
      "type": "insert-node",
      "node": {
        "label": "stop",
        "type": "Method"
      },
      "location-after-char-start": 36513,
      "location-after-char-end": 36937,
      "node-str": "stop"
    },
    {
      "type": "insert-node",
      "node": {
        "label": "void",
        "type": "RETURN_TYPE"
      },
      "location-after-char-start": 0,
      "location-after-char-end": 0,
      "node-str": "void"
    },
    {
      "type": "insert-node",
      "node": {
        "label": "java.lang.Exception",
        "type": "THROWS"
      },
      "location-after-char-start": 0,
      "location-after-char-end": 0,
      "node-str": "java.lang.Exception"
    },
    {
      "type": "insert-node",
      "node": {
        "label": "public",
        "type": "Modifier"
      },
      "location-after-char-start": 0,
      "location-after-char-end": 0,
      "node-str": "public"
    },
    {
      "type": "move-subtree",
      "node": {
        "label": "context",
        "type": "Parameter"
      },
      "location-before-char-start": 36702,
      "location-before-char-end": 36722,
      "location-after-char-start": 36649,
      "location-after-char-end": 36669,
      "node-str": "context"
    },
    {
      "type": "move-subtree",
      "node": {
        "label": "if",
        "type": "If"
      },
      "location-before-char-start": 36749,
      "location-before-char-end": 36863,
      "location-after-char-start": 36696,
      "location-after-char-end": 36810,
      "node-str": "if"
    },
    {
      "type": "move-subtree",
      "node": {
        "label": "stop",
        "type": "Invocation"
      },
      "location-before-char-start": 36960,
      "location-before-char-end": 36979,
      "location-after-char-start": 36907,
      "location-after-char-end": 36926,
      "node-str": "stop"
    },
    {
      "type": "delete-node",
      "node": {
        "label": "public",
        "type": "Modifier"
      },
      "location-before-char-start": 0,
      "location-before-char-end": 0,
      "node-str": "public"
    },
    {
      "type": "delete-node",
      "node": {
        "label": "void",
        "type": "RETURN_TYPE"
      },
      "location-before-char-start": 0,
      "location-before-char-end": 0,
      "node-str": "void"
    },
    {
      "type": "delete-node",
      "node": {
        "label": "java.lang.Exception",
        "type": "THROWS"
      },
      "location-before-char-start": 0,
      "location-before-char-end": 0,
      "node-str": "java.lang.Exception"
    },
    {
      "type": "delete-node",
      "node": {
        "label": "public",
        "type": "Modifier"
      },
      "location-before-char-start": 0,
      "location-before-char-end": 0,
      "node-str": "public"
    },
    {
      "type": "delete-node",
      "node": {
        "label": "org.eclipse.ui.internal.util.SWTResourceUtil",
        "type": "TypeAccess"
      },
      "location-before-char-start": 36994,
      "location-before-char-end": 37008,
      "node-str": "org.eclipse.ui.internal.util.SWTResourceUtil"
    },
    {
      "type": "delete-node",
      "node": {
        "label": "shutdown",
        "type": "Invocation"
      },
      "location-before-char-start": 36994,
      "location-before-char-end": 37020,
      "node-str": "shutdown"
    },
    {
      "type": "delete-node",
      "node": {
        "label": "stop",
        "type": "Method"
      },
      "location-before-char-start": 36566,
      "location-before-char-end": 37026,
      "node-str": "stop"
    }
  ],
  "before-file": {},
  "after-file": {},
  "mapping": {}
}