{
  "tool-info": {},
  "diff": [
    {
      "type": "insert-node",
      "node": {
        "label": "CommandManager",
        "type": "Class"
      },
      "location-after-char-start": 2404,
      "location-after-char-end": 32113,
      "node-str": "CommandManager"
    },
    {
      "type": "insert-node",
      "node": {
        "label": "final",
        "type": "Modifier"
      },
      "location-after-char-start": 0,
      "location-after-char-end": 0,
      "node-str": "final"
    },
    {
      "type": "insert-node",
      "node": {
        "label": "public",
        "type": "Modifier"
      },
      "location-after-char-start": 0,
      "location-after-char-end": 0,
      "node-str": "public"
    },
    {
      "type": "move-subtree",
      "node": {
        "label": "SEPARATOR",
        "type": "Field"
      },
      "location-before-char-start": 2469,
      "location-before-char-end": 2522,
      "location-after-char-start": 2469,
      "location-after-char-end": 2522,
      "node-str": "SEPARATOR"
    },
    {
      "type": "move-subtree",
      "node": {
        "label": "instance",
        "type": "Field"
      },
      "location-before-char-start": 2540,
      "location-before-char-end": 2578,
      "location-after-char-start": 2540,
      "location-after-char-end": 2578,
      "node-str": "instance"
    },
    {
      "type": "move-subtree",
      "node": {
        "label": "getInstance",
        "type": "Method"
      },
      "location-before-char-start": 2582,
      "location-before-char-end": 2711,
      "location-after-char-start": 2582,
      "location-after-char-end": 2711,
      "node-str": "getInstance"
    },
    {
      "type": "move-subtree",
      "node": {
        "label": "isKeyConfigurationDefinitionChildOf",
        "type": "Method"
      },
      "location-before-char-start": 2715,
      "location-before-char-end": 3230,
      "location-after-char-start": 2715,
      "location-after-char-end": 3230,
      "node-str": "isKeyConfigurationDefinitionChildOf"
    },
    {
      "type": "move-subtree",
      "node": {
        "label": "validateContextBindingDefinitions",
        "type": "Method"
      },
      "location-before-char-start": 3235,
      "location-before-char-end": 3606,
      "location-after-char-start": 3235,
      "location-after-char-end": 3606,
      "node-str": "validateContextBindingDefinitions"
    },
    {
      "type": "move-subtree",
      "node": {
        "label": "validateImageBindingDefinitions",
        "type": "Method"
      },
      "location-before-char-start": 3613,
      "location-before-char-end": 3900,
      "location-after-char-start": 3613,
      "location-after-char-end": 3900,
      "node-str": "validateImageBindingDefinitions"
    },
    {
      "type": "move-subtree",
      "node": {
        "label": "validateKeyBindingDefinitions",
        "type": "Method"
      },
      "location-before-char-start": 3907,
      "location-before-char-end": 4329,
      "location-after-char-start": 3907,
      "location-after-char-end": 4329,
      "node-str": "validateKeyBindingDefinitions"
    },
    {
      "type": "move-subtree",
      "node": {
        "label": "validateKeySequence",
        "type": "Method"
      },
      "location-before-char-start": 4334,
      "location-before-char-end": 4714,
      "location-after-char-start": 4334,
      "location-after-char-end": 4714,
      "node-str": "validateKeySequence"
    },
    {
      "type": "move-subtree",
      "node": {
        "label": "validateKeyStroke",
        "type": "Method"
      },
      "location-before-char-start": 4718,
      "location-before-char-end": 4851,
      "location-after-char-start": 4718,
      "location-after-char-end": 4851,
      "node-str": "validateKeyStroke"
    },
    {
      "type": "move-subtree",
      "node": {
        "label": "actionsById",
        "type": "Field"
      },
      "location-before-char-start": 4855,
      "location-before-char-end": 4894,
      "location-after-char-start": 4855,
      "location-after-char-end": 4894,
      "node-str": "actionsById"
    },
    {
      "type": "move-subtree",
      "node": {
        "label": "activeContextIds",
        "type": "Field"
      },
      "location-before-char-start": 4898,
      "location-before-char-end": 4952,
      "location-after-char-start": 4898,
      "location-after-char-end": 4952,
      "node-str": "activeContextIds"
    },
    {
      "type": "move-subtree",
      "node": {
        "label": "activeContextIdsAsSet",
        "type": "Field"
      },
      "location-before-char-start": 4955,
      "location-before-char-end": 5004,
      "location-after-char-start": 4955,
      "location-after-char-end": 5004,
      "node-str": "activeContextIdsAsSet"
    },
    {
      "type": "move-subtree",
      "node": {
        "label": "activeKeyConfigurationId",
        "type": "Field"
      },
      "location-before-char-start": 5007,
      "location-before-char-end": 5053,
      "location-after-char-start": 5007,
      "location-after-char-end": 5053,
      "node-str": "activeKeyConfigurationId"
    },
    {
      "type": "move-subtree",
      "node": {
        "label": "activeLocale",
        "type": "Field"
      },
      "location-before-char-start": 5056,
      "location-before-char-end": 5090,
      "location-after-char-start": 5056,
      "location-after-char-end": 5090,
      "node-str": "activeLocale"
    },
    {
      "type": "move-subtree",
      "node": {
        "label": "activePlatform",
        "type": "Field"
      },
      "location-before-char-start": 5093,
      "location-before-char-end": 5129,
      "location-after-char-start": 5093,
      "location-after-char-end": 5129,
      "node-str": "activePlatform"
    },
    {
      "type": "move-subtree",
      "node": {
        "label": "categoriesById",
        "type": "Field"
      },
      "location-before-char-start": 5133,
      "location-before-char-end": 5181,
      "location-after-char-start": 5133,
      "location-after-char-end": 5181,
      "node-str": "categoriesById"
    },
    {
      "type": "move-subtree",
      "node": {
        "label": "categoryDefinitionsById",
        "type": "Field"
      },
      "location-before-char-start": 5185,
      "location-before-char-end": 5242,
      "location-after-char-start": 5185,
      "location-after-char-end": 5242,
      "node-str": "categoryDefinitionsById"
    },
    {
      "type": "move-subtree",
      "node": {
        "label": "commandDefinitionsById",
        "type": "Field"
      },
      "location-before-char-start": 5245,
      "location-before-char-end": 5301,
      "location-after-char-start": 5245,
      "location-after-char-end": 5301,
      "node-str": "commandDefinitionsById"
    },
    {
      "type": "move-subtree",
      "node": {
        "label": "commandManagerEvent",
        "type": "Field"
      },
      "location-before-char-start": 5304,
      "location-before-char-end": 5352,
      "location-after-char-start": 5304,
      "location-after-char-end": 5352,
      "node-str": "commandManagerEvent"
    },
    {
      "type": "move-subtree",
      "node": {
        "label": "commandManagerListeners",
        "type": "Field"
      },
      "location-before-char-start": 5355,
      "location-before-char-end": 5391,
      "location-after-char-start": 5355,
      "location-after-char-end": 5391,
      "node-str": "commandManagerListeners"
    },
    {
      "type": "move-subtree",
      "node": {
        "label": "commandsById",
        "type": "Field"
      },
      "location-before-char-start": 5394,
      "location-before-char-end": 5440,
      "location-after-char-start": 5394,
      "location-after-char-end": 5440,
      "node-str": "commandsById"
    },
    {
      "type": "move-subtree",
      "node": {
        "label": "contextBindingsByCommandId",
        "type": "Field"
      },
      "location-before-char-start": 5444,
      "location-before-char-end": 5504,
      "location-after-char-start": 5444,
      "location-after-char-end": 5504,
      "node-str": "contextBindingsByCommandId"
    },
    {
      "type": "move-subtree",
      "node": {
        "label": "definedCategoryIds",
        "type": "Field"
      },
      "location-before-char-start": 5508,
      "location-before-char-end": 5560,
      "location-after-char-start": 5508,
      "location-after-char-end": 5560,
      "node-str": "definedCategoryIds"
    },
    {
      "type": "move-subtree",
      "node": {
        "label": "definedCommandIds",
        "type": "Field"
      },
      "location-before-char-start": 5563,
      "location-before-char-end": 5614,
      "location-after-char-start": 5563,
      "location-after-char-end": 5614,
      "node-str": "definedCommandIds"
    },
    {
      "type": "move-subtree",
      "node": {
        "label": "definedKeyConfigurationIds",
        "type": "Field"
      },
      "location-before-char-start": 5617,
      "location-before-char-end": 5677,
      "location-after-char-start": 5617,
      "location-after-char-end": 5677,
      "node-str": "definedKeyConfigurationIds"
    },
    {
      "type": "move-subtree",
      "node": {
        "label": "imageBindingsByCommandId",
        "type": "Field"
      },
      "location-before-char-start": 5681,
      "location-before-char-end": 5733,
      "location-after-char-start": 5681,
      "location-after-char-end": 5733,
      "node-str": "imageBindingsByCommandId"
    },
    {
      "type": "move-subtree",
      "node": {
        "label": "keyBindingsByCommandId",
        "type": "Field"
      },
      "location-before-char-start": 5736,
      "location-before-char-end": 5786,
      "location-after-char-start": 5736,
      "location-after-char-end": 5786,
      "node-str": "keyBindingsByCommandId"
    },
    {
      "type": "move-subtree",
      "node": {
        "label": "keyBindingMachine",
        "type": "Field"
      },
      "location-before-char-start": 5789,
      "location-before-char-end": 5858,
      "location-after-char-start": 5789,
      "location-after-char-end": 5858,
      "node-str": "keyBindingMachine"
    },
    {
      "type": "move-subtree",
      "node": {
        "label": "keyConfigurationDefinitionsById",
        "type": "Field"
      },
      "location-before-char-start": 5861,
      "location-before-char-end": 5926,
      "location-after-char-start": 5861,
      "location-after-char-end": 5926,
      "node-str": "keyConfigurationDefinitionsById"
    },
    {
      "type": "move-subtree",
      "node": {
        "label": "keyConfigurationsById",
        "type": "Field"
      },
      "location-before-char-start": 5929,
      "location-before-char-end": 5984,
      "location-after-char-start": 5929,
      "location-after-char-end": 5984,
      "node-str": "keyConfigurationsById"
    },
    {
      "type": "move-subtree",
      "node": {
        "label": "pluginCommandRegistry",
        "type": "Field"
      },
      "location-before-char-start": 5988,
      "location-before-char-end": 6039,
      "location-after-char-start": 5988,
      "location-after-char-end": 6039,
      "node-str": "pluginCommandRegistry"
    },
    {
      "type": "move-subtree",
      "node": {
        "label": "pluginContextBindingDefinitions",
        "type": "Field"
      },
      "location-before-char-start": 6042,
      "location-before-char-end": 6115,
      "location-after-char-start": 6042,
      "location-after-char-end": 6115,
      "node-str": "pluginContextBindingDefinitions"
    },
    {
      "type": "move-subtree",
      "node": {
        "label": "pluginImageBindingDefinitions",
        "type": "Field"
      },
      "location-before-char-start": 6118,
      "location-before-char-end": 6189,
      "location-after-char-start": 6118,
      "location-after-char-end": 6189,
      "node-str": "pluginImageBindingDefinitions"
    },
    {
      "type": "move-subtree",
      "node": {
        "label": "pluginKeyBindingDefinitions",
        "type": "Field"
      },
      "location-before-char-start": 6192,
      "location-before-char-end": 6261,
      "location-after-char-start": 6192,
      "location-after-char-end": 6261,
      "node-str": "pluginKeyBindingDefinitions"
    },
    {
      "type": "move-subtree",
      "node": {
        "label": "preferenceCommandRegistry",
        "type": "Field"
      },
      "location-before-char-start": 6264,
      "location-before-char-end": 6323,
      "location-after-char-start": 6264,
      "location-after-char-end": 6323,
      "node-str": "preferenceCommandRegistry"
    },
    {
      "type": "move-subtree",
      "node": {
        "label": "preferenceContextBindingDefinitions",
        "type": "Field"
      },
      "location-before-char-start": 6326,
      "location-before-char-end": 6403,
      "location-after-char-start": 6326,
      "location-after-char-end": 6403,
      "node-str": "preferenceContextBindingDefinitions"
    },
    {
      "type": "move-subtree",
      "node": {
        "label": "preferenceImageBindingDefinitions",
        "type": "Field"
      },
      "location-before-char-start": 6406,
      "location-before-char-end": 6481,
      "location-after-char-start": 6406,
      "location-after-char-end": 6481,
      "node-str": "preferenceImageBindingDefinitions"
    },
    {
      "type": "move-subtree",
      "node": {
        "label": "preferenceKeyBindingDefinitions",
        "type": "Field"
      },
      "location-before-char-start": 6484,
      "location-before-char-end": 6557,
      "location-after-char-start": 6484,
      "location-after-char-end": 6557,
      "node-str": "preferenceKeyBindingDefinitions"
    },
    {
      "type": "move-subtree",
      "node": {
        "label": "\u003cinit\u003e",
        "type": "Constructor"
      },
      "location-before-char-start": 6562,
      "location-before-char-end": 7637,
      "location-after-char-start": 6562,
      "location-after-char-end": 7637,
      "node-str": "\u003cinit\u003e"
    },
    {
      "type": "move-subtree",
      "node": {
        "label": "addCommandManagerListener",
        "type": "Method"
      },
      "location-before-char-start": 7641,
      "location-before-char-end": 8018,
      "location-after-char-start": 7641,
      "location-after-char-end": 8018,
      "node-str": "addCommandManagerListener"
    },
    {
      "type": "move-subtree",
      "node": {
        "label": "getActionsById",
        "type": "Method"
      },
      "location-before-char-start": 8022,
      "location-before-char-end": 8104,
      "location-after-char-start": 8022,
      "location-after-char-end": 8104,
      "node-str": "getActionsById"
    },
    {
      "type": "move-subtree",
      "node": {
        "label": "getActiveContextIds",
        "type": "Method"
      },
      "location-before-char-start": 8108,
      "location-before-char-end": 8202,
      "location-after-char-start": 8108,
      "location-after-char-end": 8202,
      "node-str": "getActiveContextIds"
    },
    {
      "type": "move-subtree",
      "node": {
        "label": "getActiveKeyConfigurationId",
        "type": "Method"
      },
      "location-before-char-start": 8206,
      "location-before-char-end": 8290,
      "location-after-char-start": 8206,
      "location-after-char-end": 8290,
      "node-str": "getActiveKeyConfigurationId"
    },
    {
      "type": "move-subtree",
      "node": {
        "label": "getActiveLocale",
        "type": "Method"
      },
      "location-before-char-start": 8295,
      "location-before-char-end": 8353,
      "location-after-char-start": 8295,
      "location-after-char-end": 8353,
      "node-str": "getActiveLocale"
    },
    {
      "type": "move-subtree",
      "node": {
        "label": "getActivePlatform",
        "type": "Method"
      },
      "location-before-char-start": 8358,
      "location-before-char-end": 8420,
      "location-after-char-start": 8358,
      "location-after-char-end": 8420,
      "node-str": "getActivePlatform"
    },
    {
      "type": "move-subtree",
      "node": {
        "label": "getCategory",
        "type": "Method"
      },
      "location-before-char-start": 8424,
      "location-before-char-end": 8776,
      "location-after-char-start": 8424,
      "location-after-char-end": 8776,
      "node-str": "getCategory"
    },
    {
      "type": "move-subtree",
      "node": {
        "label": "getCommand",
        "type": "Method"
      },
      "location-before-char-start": 8780,
      "location-before-char-end": 9111,
      "location-after-char-start": 8780,
      "location-after-char-end": 9111,
      "node-str": "getCommand"
    },
    {
      "type": "move-subtree",
      "node": {
        "label": "getDefinedCategoryIds",
        "type": "Method"
      },
      "location-before-char-start": 9115,
      "location-before-char-end": 9223,
      "location-after-char-start": 9115,
      "location-after-char-end": 9223,
      "node-str": "getDefinedCategoryIds"
    },
    {
      "type": "move-subtree",
      "node": {
        "label": "getDefinedCommandIds",
        "type": "Method"
      },
      "location-before-char-start": 9228,
      "location-before-char-end": 9334,
      "location-after-char-start": 9228,
      "location-after-char-end": 9334,
      "node-str": "getDefinedCommandIds"
    },
    {
      "type": "move-subtree",
      "node": {
        "label": "getDefinedKeyConfigurationIds",
        "type": "Method"
      },
      "location-before-char-start": 9339,
      "location-before-char-end": 9463,
      "location-after-char-start": 9339,
      "location-after-char-end": 9463,
      "node-str": "getDefinedKeyConfigurationIds"
    },
    {
      "type": "move-subtree",
      "node": {
        "label": "getKeyConfiguration",
        "type": "Method"
      },
      "location-before-char-start": 9467,
      "location-before-char-end": 9969,
      "location-after-char-start": 9467,
      "location-after-char-end": 9969,
      "node-str": "getKeyConfiguration"
    },
    {
      "type": "move-subtree",
      "node": {
        "label": "getKeyBindingsByCommandId",
        "type": "Method"
      },
      "location-before-char-start": 9973,
      "location-before-char-end": 10094,
      "location-after-char-start": 9973,
      "location-after-char-end": 10094,
      "node-str": "getKeyBindingsByCommandId"
    },
    {
      "type": "move-subtree",
      "node": {
        "label": "getKeyBindingsByCommandIdForMode",
        "type": "Method"
      },
      "location-before-char-start": 10099,
      "location-before-char-end": 10211,
      "location-after-char-start": 10099,
      "location-after-char-end": 10211,
      "node-str": "getKeyBindingsByCommandIdForMode"
    },
    {
      "type": "move-subtree",
      "node": {
        "label": "getMatchesByKeySequence",
        "type": "Method"
      },
      "location-before-char-start": 10215,
      "location-before-char-end": 10309,
      "location-after-char-start": 10215,
      "location-after-char-end": 10309,
      "node-str": "getMatchesByKeySequence"
    },
    {
      "type": "move-subtree",
      "node": {
        "label": "getMatchesByKeySequenceForMode",
        "type": "Method"
      },
      "location-before-char-start": 10313,
      "location-before-char-end": 10421,
      "location-after-char-start": 10313,
      "location-after-char-end": 10421,
      "node-str": "getMatchesByKeySequenceForMode"
    },
    {
      "type": "move-subtree",
      "node": {
        "label": "getMode",
        "type": "Method"
      },
      "location-before-char-start": 10425,
      "location-before-char-end": 10496,
      "location-after-char-start": 10425,
      "location-after-char-end": 10496,
      "node-str": "getMode"
    },
    {
      "type": "move-subtree",
      "node": {
        "label": "setMode",
        "type": "Method"
      },
      "location-before-char-start": 10501,
      "location-before-char-end": 10587,
      "location-after-char-start": 10501,
      "location-after-char-end": 10587,
      "node-str": "setMode"
    },
    {
      "type": "insert-node",
      "node": {
        "label": "guessCommandIdFromActionId",
        "type": "Method"
      },
      "location-after-char-start": 10591,
      "location-after-char-end": 10682,
      "node-str": "guessCommandIdFromActionId"
    },
    {
      "type": "move-subtree",
      "node": {
        "label": "getAccelerator",
        "type": "Method"
      },
      "location-before-char-start": 10591,
      "location-before-char-end": 11434,
      "location-after-char-start": 10686,
      "location-after-char-end": 11529,
      "node-str": "getAccelerator"
    },
    {
      "type": "move-subtree",
      "node": {
        "label": "getAcceleratorText",
        "type": "Method"
      },
      "location-before-char-start": 11440,
      "location-before-char-end": 12046,
      "location-after-char-start": 11535,
      "location-after-char-end": 12141,
      "node-str": "getAcceleratorText"
    },
    {
      "type": "move-subtree",
      "node": {
        "label": "reset",
        "type": "Method"
      },
      "location-before-char-start": 12051,
      "location-before-char-end": 12140,
      "location-after-char-start": 12146,
      "location-after-char-end": 12235,
      "node-str": "reset"
    },
    {
      "type": "move-subtree",
      "node": {
        "label": "removeCommandManagerListener",
        "type": "Method"
      },
      "location-before-char-start": 12144,
      "location-before-char-end": 12434,
      "location-after-char-start": 12239,
      "location-after-char-end": 12529,
      "node-str": "removeCommandManagerListener"
    },
    {
      "type": "move-subtree",
      "node": {
        "label": "setActionsById",
        "type": "Method"
      },
      "location-before-char-start": 12438,
      "location-before-char-end": 12687,
      "location-after-char-start": 12533,
      "location-after-char-end": 12782,
      "node-str": "setActionsById"
    },
    {
      "type": "move-subtree",
      "node": {
        "label": "setActiveContextIds",
        "type": "Method"
      },
      "location-before-char-start": 12691,
      "location-before-char-end": 13334,
      "location-after-char-start": 12786,
      "location-after-char-end": 13429,
      "node-str": "setActiveContextIds"
    },
    {
      "type": "move-subtree",
      "node": {
        "label": "setActiveLocale",
        "type": "Method"
      },
      "location-before-char-start": 13338,
      "location-before-char-end": 13860,
      "location-after-char-start": 13433,
      "location-after-char-end": 13955,
      "node-str": "setActiveLocale"
    },
    {
      "type": "move-subtree",
      "node": {
        "label": "setActivePlatform",
        "type": "Method"
      },
      "location-before-char-start": 13865,
      "location-before-char-end": 14402,
      "location-after-char-start": 13960,
      "location-after-char-end": 14497,
      "node-str": "setActivePlatform"
    },
    {
      "type": "move-subtree",
      "node": {
        "label": "calculateContextBindings",
        "type": "Method"
      },
      "location-before-char-start": 14406,
      "location-before-char-end": 15286,
      "location-after-char-start": 14501,
      "location-after-char-end": 15381,
      "node-str": "calculateContextBindings"
    },
    {
      "type": "move-subtree",
      "node": {
        "label": "calculateImageBindings",
        "type": "Method"
      },
      "location-before-char-start": 15290,
      "location-before-char-end": 15484,
      "location-after-char-start": 15385,
      "location-after-char-end": 15579,
      "node-str": "calculateImageBindings"
    },
    {
      "type": "move-subtree",
      "node": {
        "label": "calculateKeyBindings",
        "type": "Method"
      },
      "location-before-char-start": 15489,
      "location-before-char-end": 17300,
      "location-after-char-start": 15584,
      "location-after-char-end": 17395,
      "node-str": "calculateKeyBindings"
    },
    {
      "type": "move-subtree",
      "node": {
        "label": "extend",
        "type": "Method"
      },
      "location-before-char-start": 17304,
      "location-before-char-end": 17502,
      "location-after-char-start": 17399,
      "location-after-char-end": 17597,
      "node-str": "extend"
    },
    {
      "type": "move-subtree",
      "node": {
        "label": "fireCommandManagerChanged",
        "type": "Method"
      },
      "location-before-char-start": 17507,
      "location-before-char-end": 17879,
      "location-after-char-start": 17602,
      "location-after-char-end": 17974,
      "node-str": "fireCommandManagerChanged"
    },
    {
      "type": "move-subtree",
      "node": {
        "label": "getKeyConfigurationIds",
        "type": "Method"
      },
      "location-before-char-start": 17884,
      "location-before-char-end": 18619,
      "location-after-char-start": 17979,
      "location-after-char-end": 18714,
      "node-str": "getKeyConfigurationIds"
    },
    {
      "type": "move-subtree",
      "node": {
        "label": "getPath",
        "type": "Method"
      },
      "location-before-char-start": 18623,
      "location-before-char-end": 19391,
      "location-after-char-start": 18718,
      "location-after-char-end": 19486,
      "node-str": "getPath"
    },
    {
      "type": "move-subtree",
      "node": {
        "label": "getPluginCommandRegistry",
        "type": "Method"
      },
      "location-before-char-start": 19395,
      "location-before-char-end": 19498,
      "location-after-char-start": 19490,
      "location-after-char-end": 19593,
      "node-str": "getPluginCommandRegistry"
    },
    {
      "type": "move-subtree",
      "node": {
        "label": "getPreferenceCommandRegistry",
        "type": "Method"
      },
      "location-before-char-start": 19502,
      "location-before-char-end": 19613,
      "location-after-char-start": 19597,
      "location-after-char-end": 19708,
      "node-str": "getPreferenceCommandRegistry"
    },
    {
      "type": "move-subtree",
      "node": {
        "label": "inContext",
        "type": "Method"
      },
      "location-before-char-start": 19617,
      "location-before-char-end": 19983,
      "location-after-char-start": 19712,
      "location-after-char-end": 20078,
      "node-str": "inContext"
    },
    {
      "type": "move-subtree",
      "node": {
        "label": "loadPluginCommandRegistry",
        "type": "Method"
      },
      "location-before-char-start": 19987,
      "location-before-char-end": 20132,
      "location-after-char-start": 20082,
      "location-after-char-end": 20227,
      "node-str": "loadPluginCommandRegistry"
    },
    {
      "type": "move-subtree",
      "node": {
        "label": "loadPreferenceCommandRegistry",
        "type": "Method"
      },
      "location-before-char-start": 20136,
      "location-before-char-end": 20291,
      "location-after-char-start": 20231,
      "location-after-char-end": 20386,
      "node-str": "loadPreferenceCommandRegistry"
    },
    {
      "type": "move-subtree",
      "node": {
        "label": "notifyCategories",
        "type": "Method"
      },
      "location-before-char-start": 20295,
      "location-before-char-end": 20622,
      "location-after-char-start": 20390,
      "location-after-char-end": 20717,
      "node-str": "notifyCategories"
    },
    {
      "type": "move-subtree",
      "node": {
        "label": "notifyCommands",
        "type": "Method"
      },
      "location-before-char-start": 20626,
      "location-before-char-end": 20939,
      "location-after-char-start": 20721,
      "location-after-char-end": 21034,
      "node-str": "notifyCommands"
    },
    {
      "type": "move-subtree",
      "node": {
        "label": "notifyKeyConfigurations",
        "type": "Method"
      },
      "location-before-char-start": 20943,
      "location-before-char-end": 21364,
      "location-after-char-start": 21038,
      "location-after-char-end": 21459,
      "node-str": "notifyKeyConfigurations"
    },
    {
      "type": "move-subtree",
      "node": {
        "label": "readRegistry",
        "type": "Method"
      },
      "location-before-char-start": 21368,
      "location-before-char-end": 27980,
      "location-after-char-start": 21463,
      "location-after-char-end": 28075,
      "node-str": "readRegistry"
    },
    {
      "type": "move-subtree",
      "node": {
        "label": "updateCategories",
        "type": "Method"
      },
      "location-before-char-start": 27984,
      "location-before-char-end": 28406,
      "location-after-char-start": 28079,
      "location-after-char-end": 28501,
      "node-str": "updateCategories"
    },
    {
      "type": "move-subtree",
      "node": {
        "label": "updateCategory",
        "type": "Method"
      },
      "location-before-char-start": 28410,
      "location-before-char-end": 28892,
      "location-after-char-start": 28505,
      "location-after-char-end": 28987,
      "node-str": "updateCategory"
    },
    {
      "type": "move-subtree",
      "node": {
        "label": "updateCommand",
        "type": "Method"
      },
      "location-before-char-start": 28896,
      "location-before-char-end": 30224,
      "location-after-char-start": 28991,
      "location-after-char-end": 30319,
      "node-str": "updateCommand"
    },
    {
      "type": "move-subtree",
      "node": {
        "label": "updateCommands",
        "type": "Method"
      },
      "location-before-char-start": 30228,
      "location-before-char-end": 30635,
      "location-after-char-start": 30323,
      "location-after-char-end": 30730,
      "node-str": "updateCommands"
    },
    {
      "type": "move-subtree",
      "node": {
        "label": "updateKeyConfiguration",
        "type": "Method"
      },
      "location-before-char-start": 30640,
      "location-before-char-end": 31483,
      "location-after-char-start": 30735,
      "location-after-char-end": 31578,
      "node-str": "updateKeyConfiguration"
    },
    {
      "type": "move-subtree",
      "node": {
        "label": "updateKeyConfigurations",
        "type": "Method"
      },
      "location-before-char-start": 31487,
      "location-before-char-end": 32016,
      "location-after-char-start": 31582,
      "location-after-char-end": 32111,
      "node-str": "updateKeyConfigurations"
    },
    {
      "type": "insert-node",
      "node": {
        "label": "java.lang.String",
        "type": "RETURN_TYPE"
      },
      "location-after-char-start": 0,
      "location-after-char-end": 0,
      "node-str": "java.lang.String"
    },
    {
      "type": "insert-node",
      "node": {
        "label": "public",
        "type": "Modifier"
      },
      "location-after-char-start": 0,
      "location-after-char-end": 0,
      "node-str": "public"
    },
    {
      "type": "insert-node",
      "node": {
        "label": "actionId",
        "type": "Parameter"
      },
      "location-after-char-start": 10632,
      "location-after-char-end": 10646,
      "node-str": "actionId"
    },
    {
      "type": "insert-node",
      "node": {
        "label": "return",
        "type": "Return"
      },
      "location-after-char-start": 10663,
      "location-after-char-end": 10678,
      "node-str": "return"
    },
    {
      "type": "insert-node",
      "node": {
        "label": "java.lang.String",
        "type": "VARIABLE_TYPE"
      },
      "location-after-char-start": 0,
      "location-after-char-end": 0,
      "node-str": "java.lang.String"
    },
    {
      "type": "insert-node",
      "node": {
        "label": "actionId",
        "type": "VariableRead"
      },
      "location-after-char-start": 10670,
      "location-after-char-end": 10677,
      "node-str": "actionId"
    },
    {
      "type": "delete-node",
      "node": {
        "label": "final",
        "type": "Modifier"
      },
      "location-before-char-start": 0,
      "location-before-char-end": 0,
      "node-str": "final"
    },
    {
      "type": "delete-node",
      "node": {
        "label": "public",
        "type": "Modifier"
      },
      "location-before-char-start": 0,
      "location-before-char-end": 0,
      "node-str": "public"
    },
    {
      "type": "delete-node",
      "node": {
        "label": "CommandManager",
        "type": "Class"
      },
      "location-before-char-start": 2404,
      "location-before-char-end": 32018,
      "node-str": "CommandManager"
    }
  ],
  "before-file": {},
  "after-file": {},
  "mapping": {}
}