{
  "tool-info": {},
  "diff": [
    {
      "type": "insert-node",
      "node": {
        "label": "public",
        "type": "Modifier"
      },
      "location-after-char-start": 0,
      "location-after-char-end": 0,
      "node-str": "public"
    },
    {
      "type": "insert-node",
      "node": {
        "label": "",
        "type": "TypeReference"
      },
      "location-after-char-start": 4901,
      "location-after-char-end": 4909,
      "node-str": ""
    },
    {
      "type": "insert-node",
      "node": {
        "label": "LINE_SEPARATOR",
        "type": "Field"
      },
      "location-after-char-start": 5422,
      "location-after-char-end": 5503,
      "node-str": "LINE_SEPARATOR"
    },
    {
      "type": "insert-node",
      "node": {
        "label": "org.argouml.uml.generator.Generator",
        "type": "SUPER_TYPE"
      },
      "location-after-char-start": 0,
      "location-after-char-end": 0,
      "node-str": "org.argouml.uml.generator.Generator"
    },
    {
      "type": "insert-node",
      "node": {
        "label": "java.lang.String",
        "type": "VARIABLE_TYPE"
      },
      "location-after-char-start": 0,
      "location-after-char-end": 0,
      "node-str": "java.lang.String"
    },
    {
      "type": "insert-node",
      "node": {
        "label": "final",
        "type": "Modifier"
      },
      "location-after-char-start": 0,
      "location-after-char-end": 0,
      "node-str": "final"
    },
    {
      "type": "insert-node",
      "node": {
        "label": "static",
        "type": "Modifier"
      },
      "location-after-char-start": 0,
      "location-after-char-end": 0,
      "node-str": "static"
    },
    {
      "type": "insert-node",
      "node": {
        "label": "getProperty",
        "type": "Invocation"
      },
      "location-after-char-start": 5467,
      "location-after-char-end": 5502,
      "node-str": "getProperty"
    },
    {
      "type": "insert-node",
      "node": {
        "label": "append",
        "type": "Invocation"
      },
      "location-after-char-start": 16532,
      "location-after-char-end": 16569,
      "node-str": "append"
    },
    {
      "type": "insert-node",
      "node": {
        "label": "append",
        "type": "Invocation"
      },
      "location-after-char-start": 18941,
      "location-after-char-end": 19015,
      "node-str": "append"
    },
    {
      "type": "insert-node",
      "node": {
        "label": "append",
        "type": "Invocation"
      },
      "location-after-char-start": 19476,
      "location-after-char-end": 19537,
      "node-str": "append"
    },
    {
      "type": "insert-node",
      "node": {
        "label": "append",
        "type": "Invocation"
      },
      "location-after-char-start": 47709,
      "location-after-char-end": 47755,
      "node-str": "append"
    },
    {
      "type": "insert-node",
      "node": {
        "label": "java.lang.System",
        "type": "TypeAccess"
      },
      "location-after-char-start": 5467,
      "location-after-char-end": 5472,
      "node-str": "java.lang.System"
    },
    {
      "type": "insert-node",
      "node": {
        "label": "\"line.separator\"",
        "type": "Literal"
      },
      "location-after-char-start": 5486,
      "location-after-char-end": 5501,
      "node-str": "\"line.separator\""
    },
    {
      "type": "insert-node",
      "node": {
        "label": "append",
        "type": "Invocation"
      },
      "location-after-char-start": 12699,
      "location-after-char-end": 12768,
      "node-str": "append"
    },
    {
      "type": "insert-node",
      "node": {
        "label": "LINE_SEPARATOR",
        "type": "FieldRead"
      },
      "location-after-char-start": 14373,
      "location-after-char-end": 14386,
      "node-str": "LINE_SEPARATOR"
    },
    {
      "type": "insert-node",
      "node": {
        "label": "LINE_SEPARATOR",
        "type": "FieldRead"
      },
      "location-after-char-start": 16146,
      "location-after-char-end": 16159,
      "node-str": "LINE_SEPARATOR"
    },
    {
      "type": "move-subtree",
      "node": {
        "label": "append",
        "type": "Invocation"
      },
      "location-before-char-start": 14693,
      "location-before-char-end": 14709,
      "location-after-char-start": 16532,
      "location-after-char-end": 16545,
      "node-str": "append"
    },
    {
      "type": "insert-node",
      "node": {
        "label": "LINE_SEPARATOR",
        "type": "FieldRead"
      },
      "location-after-char-start": 16554,
      "location-after-char-end": 16567,
      "node-str": "LINE_SEPARATOR"
    },
    {
      "type": "move-subtree",
      "node": {
        "label": "append",
        "type": "Invocation"
      },
      "location-before-char-start": 16835,
      "location-before-char-end": 16888,
      "location-after-char-start": 18941,
      "location-after-char-end": 18991,
      "node-str": "append"
    },
    {
      "type": "insert-node",
      "node": {
        "label": "LINE_SEPARATOR",
        "type": "FieldRead"
      },
      "location-after-char-start": 19000,
      "location-after-char-end": 19013,
      "node-str": "LINE_SEPARATOR"
    },
    {
      "type": "move-subtree",
      "node": {
        "label": "append",
        "type": "Invocation"
      },
      "location-before-char-start": 17234,
      "location-before-char-end": 17252,
      "location-after-char-start": 19476,
      "location-after-char-end": 19513,
      "node-str": "append"
    },
    {
      "type": "insert-node",
      "node": {
        "label": "LINE_SEPARATOR",
        "type": "FieldRead"
      },
      "location-after-char-start": 19522,
      "location-after-char-end": 19535,
      "node-str": "LINE_SEPARATOR"
    },
    {
      "type": "insert-node",
      "node": {
        "label": "PLUS",
        "type": "BinaryOperator"
      },
      "location-after-char-start": 37434,
      "location-after-char-end": 37473,
      "node-str": "PLUS"
    },
    {
      "type": "move-subtree",
      "node": {
        "label": "append",
        "type": "Invocation"
      },
      "location-before-char-start": 42346,
      "location-before-char-end": 42371,
      "location-after-char-start": 47709,
      "location-after-char-end": 47731,
      "node-str": "append"
    },
    {
      "type": "insert-node",
      "node": {
        "label": "LINE_SEPARATOR",
        "type": "FieldRead"
      },
      "location-after-char-start": 47740,
      "location-after-char-end": 47753,
      "node-str": "LINE_SEPARATOR"
    },
    {
      "type": "insert-node",
      "node": {
        "label": "LINE_SEPARATOR",
        "type": "FieldRead"
      },
      "location-after-char-start": 48931,
      "location-after-char-end": 48944,
      "node-str": "LINE_SEPARATOR"
    },
    {
      "type": "insert-node",
      "node": {
        "label": "append",
        "type": "Invocation"
      },
      "location-after-char-start": 8840,
      "location-after-char-end": 8944,
      "node-str": "append"
    },
    {
      "type": "insert-node",
      "node": {
        "label": "append",
        "type": "Invocation"
      },
      "location-after-char-start": 8996,
      "location-after-char-end": 9095,
      "node-str": "append"
    },
    {
      "type": "move-subtree",
      "node": {
        "label": "append",
        "type": "Invocation"
      },
      "location-before-char-start": 11315,
      "location-before-char-end": 11363,
      "location-after-char-start": 12699,
      "location-after-char-end": 12744,
      "node-str": "append"
    },
    {
      "type": "insert-node",
      "node": {
        "label": "LINE_SEPARATOR",
        "type": "FieldRead"
      },
      "location-after-char-start": 12753,
      "location-after-char-end": 12766,
      "node-str": "LINE_SEPARATOR"
    },
    {
      "type": "update-node",
      "node": {
        "label": "\";\\n\"",
        "type": "Literal"
      },
      "location-before-char-start": 14703,
      "location-before-char-end": 14707,
      "location-after-char-start": 16542,
      "location-after-char-end": 16544,
      "node-str": "\";\""
    },
    {
      "type": "update-node",
      "node": {
        "label": "\" {\\n\"",
        "type": "Literal"
      },
      "location-before-char-start": 16881,
      "location-before-char-end": 16886,
      "location-after-char-start": 18987,
      "location-after-char-end": 18990,
      "node-str": "\" {\""
    },
    {
      "type": "insert-node",
      "node": {
        "label": "append",
        "type": "Invocation"
      },
      "location-after-char-start": 19476,
      "location-after-char-end": 19500,
      "node-str": "append"
    },
    {
      "type": "update-node",
      "node": {
        "label": "\"\\n}\\n\"",
        "type": "Literal"
      },
      "location-before-char-start": 17244,
      "location-before-char-end": 17250,
      "location-after-char-start": 19509,
      "location-after-char-end": 19512,
      "node-str": "\"})\""
    },
    {
      "type": "insert-node",
      "node": {
        "label": "PLUS",
        "type": "BinaryOperator"
      },
      "location-after-char-start": 21683,
      "location-after-char-end": 21704,
      "node-str": "PLUS"
    },
    {
      "type": "move-subtree",
      "node": {
        "label": "PLUS",
        "type": "BinaryOperator"
      },
      "location-before-char-start": 33731,
      "location-before-char-end": 33755,
      "location-after-char-start": 37434,
      "location-after-char-end": 37456,
      "node-str": "PLUS"
    },
    {
      "type": "insert-node",
      "node": {
        "label": "LINE_SEPARATOR",
        "type": "FieldRead"
      },
      "location-after-char-start": 37460,
      "location-after-char-end": 37473,
      "node-str": "LINE_SEPARATOR"
    },
    {
      "type": "insert-node",
      "node": {
        "label": "append",
        "type": "Invocation"
      },
      "location-after-char-start": 39413,
      "location-after-char-end": 39453,
      "node-str": "append"
    },
    {
      "type": "insert-node",
      "node": {
        "label": "append",
        "type": "Invocation"
      },
      "location-after-char-start": 42414,
      "location-after-char-end": 42500,
      "node-str": "append"
    },
    {
      "type": "update-node",
      "node": {
        "label": "\"/\\n\"",
        "type": "Literal"
      },
      "location-before-char-start": 42365,
      "location-before-char-end": 42369,
      "location-after-char-start": 47728,
      "location-after-char-end": 47730,
      "node-str": "\"/\""
    },
    {
      "type": "insert-node",
      "node": {
        "label": "append",
        "type": "Invocation"
      },
      "location-after-char-start": 48186,
      "location-after-char-end": 48251,
      "node-str": "append"
    },
    {
      "type": "insert-node",
      "node": {
        "label": "append",
        "type": "Invocation"
      },
      "location-after-char-start": 51335,
      "location-after-char-end": 51373,
      "node-str": "append"
    },
    {
      "type": "move-subtree",
      "node": {
        "label": "append",
        "type": "Invocation"
      },
      "location-before-char-start": 8317,
      "location-before-char-end": 8389,
      "location-after-char-start": 8840,
      "location-after-char-end": 8920,
      "node-str": "append"
    },
    {
      "type": "insert-node",
      "node": {
        "label": "LINE_SEPARATOR",
        "type": "FieldRead"
      },
      "location-after-char-start": 8929,
      "location-after-char-end": 8942,
      "node-str": "LINE_SEPARATOR"
    },
    {
      "type": "insert-node",
      "node": {
        "label": "append",
        "type": "Invocation"
      },
      "location-after-char-start": 8996,
      "location-after-char-end": 9071,
      "node-str": "append"
    },
    {
      "type": "insert-node",
      "node": {
        "label": "LINE_SEPARATOR",
        "type": "FieldRead"
      },
      "location-after-char-start": 9080,
      "location-after-char-end": 9093,
      "node-str": "LINE_SEPARATOR"
    },
    {
      "type": "update-node",
      "node": {
        "label": "\";\\n\"",
        "type": "Literal"
      },
      "location-before-char-start": 11357,
      "location-before-char-end": 11361,
      "location-after-char-start": 12741,
      "location-after-char-end": 12743,
      "node-str": "\";\""
    },
    {
      "type": "insert-node",
      "node": {
        "label": "LINE_SEPARATOR",
        "type": "FieldRead"
      },
      "location-after-char-start": 12838,
      "location-after-char-end": 12851,
      "node-str": "LINE_SEPARATOR"
    },
    {
      "type": "insert-node",
      "node": {
        "label": "append",
        "type": "Invocation"
      },
      "location-after-char-start": 19337,
      "location-after-char-end": 19385,
      "node-str": "append"
    },
    {
      "type": "move-subtree",
      "node": {
        "label": "sb",
        "type": "VariableRead"
      },
      "location-before-char-start": 17234,
      "location-before-char-end": 17235,
      "location-after-char-start": 19476,
      "location-after-char-end": 19477,
      "node-str": "sb"
    },
    {
      "type": "insert-node",
      "node": {
        "label": "LINE_SEPARATOR",
        "type": "FieldRead"
      },
      "location-after-char-start": 19486,
      "location-after-char-end": 19499,
      "node-str": "LINE_SEPARATOR"
    },
    {
      "type": "insert-node",
      "node": {
        "label": "LINE_SEPARATOR",
        "type": "FieldRead"
      },
      "location-after-char-start": 20470,
      "location-after-char-end": 20483,
      "node-str": "LINE_SEPARATOR"
    },
    {
      "type": "insert-node",
      "node": {
        "label": "LINE_SEPARATOR",
        "type": "FieldRead"
      },
      "location-after-char-start": 21684,
      "location-after-char-end": 21697,
      "node-str": "LINE_SEPARATOR"
    },
    {
      "type": "update-node",
      "node": {
        "label": "\"\\n{\"",
        "type": "Literal"
      },
      "location-before-char-start": 19234,
      "location-before-char-end": 19238,
      "location-after-char-start": 21701,
      "location-after-char-end": 21703,
      "node-str": "\"{\""
    },
    {
      "type": "move-subtree",
      "node": {
        "label": "\"\\n{\"",
        "type": "Literal"
      },
      "location-before-char-start": 19234,
      "location-before-char-end": 19238,
      "location-after-char-start": 21701,
      "location-after-char-end": 21703,
      "node-str": "\"{\""
    },
    {
      "type": "insert-node",
      "node": {
        "label": "PLUS",
        "type": "BinaryOperator"
      },
      "location-after-char-start": 36801,
      "location-after-char-end": 36839,
      "node-str": "PLUS"
    },
    {
      "type": "insert-node",
      "node": {
        "label": "PLUS",
        "type": "BinaryOperator"
      },
      "location-after-char-start": 36896,
      "location-after-char-end": 36932,
      "node-str": "PLUS"
    },
    {
      "type": "insert-node",
      "node": {
        "label": "PLUS",
        "type": "BinaryOperator"
      },
      "location-after-char-start": 36993,
      "location-after-char-end": 37033,
      "node-str": "PLUS"
    },
    {
      "type": "insert-node",
      "node": {
        "label": "PLUS",
        "type": "BinaryOperator"
      },
      "location-after-char-start": 37091,
      "location-after-char-end": 37127,
      "node-str": "PLUS"
    },
    {
      "type": "insert-node",
      "node": {
        "label": "PLUS",
        "type": "BinaryOperator"
      },
      "location-after-char-start": 37185,
      "location-after-char-end": 37221,
      "node-str": "PLUS"
    },
    {
      "type": "insert-node",
      "node": {
        "label": "PLUS",
        "type": "BinaryOperator"
      },
      "location-after-char-start": 37280,
      "location-after-char-end": 37318,
      "node-str": "PLUS"
    },
    {
      "type": "insert-node",
      "node": {
        "label": "PLUS",
        "type": "BinaryOperator"
      },
      "location-after-char-start": 37378,
      "location-after-char-end": 37416,
      "node-str": "PLUS"
    },
    {
      "type": "update-node",
      "node": {
        "label": "\"return null;\\n\"",
        "type": "Literal"
      },
      "location-before-char-start": 33740,
      "location-before-char-end": 33755,
      "location-after-char-start": 37443,
      "location-after-char-end": 37456,
      "node-str": "\"return null;\""
    },
    {
      "type": "move-subtree",
      "node": {
        "label": "append",
        "type": "Invocation"
      },
      "location-before-char-start": 35294,
      "location-before-char-end": 35314,
      "location-after-char-start": 39413,
      "location-after-char-end": 39429,
      "node-str": "append"
    },
    {
      "type": "insert-node",
      "node": {
        "label": "LINE_SEPARATOR",
        "type": "FieldRead"
      },
      "location-after-char-start": 39438,
      "location-after-char-end": 39451,
      "node-str": "LINE_SEPARATOR"
    },
    {
      "type": "move-subtree",
      "node": {
        "label": "append",
        "type": "Invocation"
      },
      "location-before-char-start": 37940,
      "location-before-char-end": 37995,
      "location-after-char-start": 42414,
      "location-after-char-end": 42476,
      "node-str": "append"
    },
    {
      "type": "insert-node",
      "node": {
        "label": "LINE_SEPARATOR",
        "type": "FieldRead"
      },
      "location-after-char-start": 42485,
      "location-after-char-end": 42498,
      "node-str": "LINE_SEPARATOR"
    },
    {
      "type": "insert-node",
      "node": {
        "label": "LINE_SEPARATOR",
        "type": "FieldRead"
      },
      "location-after-char-start": 44067,
      "location-after-char-end": 44080,
      "node-str": "LINE_SEPARATOR"
    },
    {
      "type": "move-subtree",
      "node": {
        "label": "append",
        "type": "Invocation"
      },
      "location-before-char-start": 42750,
      "location-before-char-end": 42794,
      "location-after-char-start": 48186,
      "location-after-char-end": 48227,
      "node-str": "append"
    },
    {
      "type": "insert-node",
      "node": {
        "label": "LINE_SEPARATOR",
        "type": "FieldRead"
      },
      "location-after-char-start": 48236,
      "location-after-char-end": 48249,
      "node-str": "LINE_SEPARATOR"
    },
    {
      "type": "insert-node",
      "node": {
        "label": "PLUS",
        "type": "BinaryOperator"
      },
      "location-after-char-start": 48679,
      "location-after-char-end": 48699,
      "node-str": "PLUS"
    },
    {
      "type": "insert-node",
      "node": {
        "label": "LINE_SEPARATOR",
        "type": "FieldRead"
      },
      "location-after-char-start": 48872,
      "location-after-char-end": 48885,
      "node-str": "LINE_SEPARATOR"
    },
    {
      "type": "move-subtree",
      "node": {
        "label": "append",
        "type": "Invocation"
      },
      "location-before-char-start": 45397,
      "location-before-char-end": 45414,
      "location-after-char-start": 51336,
      "location-after-char-end": 51349,
      "node-str": "append"
    },
    {
      "type": "insert-node",
      "node": {
        "label": "LINE_SEPARATOR",
        "type": "FieldRead"
      },
      "location-after-char-start": 51358,
      "location-after-char-end": 51371,
      "node-str": "LINE_SEPARATOR"
    },
    {
      "type": "insert-node",
      "node": {
        "label": "LINE_SEPARATOR",
        "type": "FieldRead"
      },
      "location-after-char-start": 8906,
      "location-after-char-end": 8919,
      "node-str": "LINE_SEPARATOR"
    },
    {
      "type": "move-subtree",
      "node": {
        "label": "append",
        "type": "Invocation"
      },
      "location-before-char-start": 8425,
      "location-before-char-end": 8482,
      "location-after-char-start": 8996,
      "location-after-char-end": 9048,
      "node-str": "append"
    },
    {
      "type": "insert-node",
      "node": {
        "label": "LINE_SEPARATOR",
        "type": "FieldRead"
      },
      "location-after-char-start": 9057,
      "location-after-char-end": 9070,
      "node-str": "LINE_SEPARATOR"
    },
    {
      "type": "move-subtree",
      "node": {
        "label": "append",
        "type": "Invocation"
      },
      "location-before-char-start": 17146,
      "location-before-char-end": 17163,
      "location-after-char-start": 19337,
      "location-after-char-end": 19361,
      "node-str": "append"
    },
    {
      "type": "insert-node",
      "node": {
        "label": "LINE_SEPARATOR",
        "type": "FieldRead"
      },
      "location-after-char-start": 19370,
      "location-after-char-end": 19383,
      "node-str": "LINE_SEPARATOR"
    },
    {
      "type": "insert-node",
      "node": {
        "label": "append",
        "type": "Invocation"
      },
      "location-after-char-start": 22425,
      "location-after-char-end": 22583,
      "node-str": "append"
    },
    {
      "type": "move-subtree",
      "node": {
        "label": "PLUS",
        "type": "BinaryOperator"
      },
      "location-before-char-start": 33303,
      "location-before-char-end": 33326,
      "location-after-char-start": 36801,
      "location-after-char-end": 36822,
      "node-str": "PLUS"
    },
    {
      "type": "insert-node",
      "node": {
        "label": "LINE_SEPARATOR",
        "type": "FieldRead"
      },
      "location-after-char-start": 36826,
      "location-after-char-end": 36839,
      "node-str": "LINE_SEPARATOR"
    },
    {
      "type": "move-subtree",
      "node": {
        "label": "PLUS",
        "type": "BinaryOperator"
      },
      "location-before-char-start": 33367,
      "location-before-char-end": 33388,
      "location-after-char-start": 36896,
      "location-after-char-end": 36915,
      "node-str": "PLUS"
    },
    {
      "type": "insert-node",
      "node": {
        "label": "LINE_SEPARATOR",
        "type": "FieldRead"
      },
      "location-after-char-start": 36919,
      "location-after-char-end": 36932,
      "node-str": "LINE_SEPARATOR"
    },
    {
      "type": "move-subtree",
      "node": {
        "label": "PLUS",
        "type": "BinaryOperator"
      },
      "location-before-char-start": 33433,
      "location-before-char-end": 33458,
      "location-after-char-start": 36993,
      "location-after-char-end": 37016,
      "node-str": "PLUS"
    },
    {
      "type": "insert-node",
      "node": {
        "label": "LINE_SEPARATOR",
        "type": "FieldRead"
      },
      "location-after-char-start": 37020,
      "location-after-char-end": 37033,
      "node-str": "LINE_SEPARATOR"
    },
    {
      "type": "move-subtree",
      "node": {
        "label": "PLUS",
        "type": "BinaryOperator"
      },
      "location-before-char-start": 33500,
      "location-before-char-end": 33521,
      "location-after-char-start": 37091,
      "location-after-char-end": 37110,
      "node-str": "PLUS"
    },
    {
      "type": "insert-node",
      "node": {
        "label": "LINE_SEPARATOR",
        "type": "FieldRead"
      },
      "location-after-char-start": 37114,
      "location-after-char-end": 37127,
      "node-str": "LINE_SEPARATOR"
    },
    {
      "type": "move-subtree",
      "node": {
        "label": "PLUS",
        "type": "BinaryOperator"
      },
      "location-before-char-start": 33563,
      "location-before-char-end": 33584,
      "location-after-char-start": 37185,
      "location-after-char-end": 37204,
      "node-str": "PLUS"
    },
    {
      "type": "insert-node",
      "node": {
        "label": "LINE_SEPARATOR",
        "type": "FieldRead"
      },
      "location-after-char-start": 37208,
      "location-after-char-end": 37221,
      "node-str": "LINE_SEPARATOR"
    },
    {
      "type": "move-subtree",
      "node": {
        "label": "PLUS",
        "type": "BinaryOperator"
      },
      "location-before-char-start": 33627,
      "location-before-char-end": 33650,
      "location-after-char-start": 37280,
      "location-after-char-end": 37301,
      "node-str": "PLUS"
    },
    {
      "type": "insert-node",
      "node": {
        "label": "LINE_SEPARATOR",
        "type": "FieldRead"
      },
      "location-after-char-start": 37305,
      "location-after-char-end": 37318,
      "node-str": "LINE_SEPARATOR"
    },
    {
      "type": "move-subtree",
      "node": {
        "label": "PLUS",
        "type": "BinaryOperator"
      },
      "location-before-char-start": 33694,
      "location-before-char-end": 33717,
      "location-after-char-start": 37378,
      "location-after-char-end": 37399,
      "node-str": "PLUS"
    },
    {
      "type": "insert-node",
      "node": {
        "label": "LINE_SEPARATOR",
        "type": "FieldRead"
      },
      "location-after-char-start": 37403,
      "location-after-char-end": 37416,
      "node-str": "LINE_SEPARATOR"
    },
    {
      "type": "update-node",
      "node": {
        "label": "\"}*/\\n\"",
        "type": "Literal"
      },
      "location-before-char-start": 35306,
      "location-before-char-end": 35312,
      "location-after-char-start": 39424,
      "location-after-char-end": 39428,
      "node-str": "\"}*/\""
    },
    {
      "type": "update-node",
      "node": {
        "label": "\" */\\n\"",
        "type": "Literal"
      },
      "location-before-char-start": 37987,
      "location-before-char-end": 37993,
      "location-after-char-start": 42471,
      "location-after-char-end": 42475,
      "node-str": "\" */\""
    },
    {
      "type": "insert-node",
      "node": {
        "label": "append",
        "type": "Invocation"
      },
      "location-after-char-start": 44587,
      "location-after-char-end": 44769,
      "node-str": "append"
    },
    {
      "type": "update-node",
      "node": {
        "label": "\"// constraints\\n\"",
        "type": "Literal"
      },
      "location-before-char-start": 42775,
      "location-before-char-end": 42792,
      "location-after-char-start": 48211,
      "location-after-char-end": 48226,
      "node-str": "\"// constraints\""
    },
    {
      "type": "insert-node",
      "node": {
        "label": "LINE_SEPARATOR",
        "type": "FieldRead"
      },
      "location-after-char-start": 48679,
      "location-after-char-end": 48692,
      "node-str": "LINE_SEPARATOR"
    },
    {
      "type": "update-node",
      "node": {
        "label": "\"\\n\\r\"",
        "type": "Literal"
      },
      "location-before-char-start": 43173,
      "location-before-char-end": 43178,
      "location-after-char-start": 48696,
      "location-after-char-end": 48699,
      "node-str": "\"\\r\""
    },
    {
      "type": "move-subtree",
      "node": {
        "label": "\"\\n\\r\"",
        "type": "Literal"
      },
      "location-before-char-start": 43173,
      "location-before-char-end": 43178,
      "location-after-char-start": 48696,
      "location-after-char-end": 48699,
      "node-str": "\"\\r\""
    },
    {
      "type": "update-node",
      "node": {
        "label": "\";\\n\"",
        "type": "Literal"
      },
      "location-before-char-start": 45408,
      "location-before-char-end": 45412,
      "location-after-char-start": 51346,
      "location-after-char-end": 51348,
      "node-str": "\";\""
    },
    {
      "type": "update-node",
      "node": {
        "label": "\";\\n\\n\"",
        "type": "Literal"
      },
      "location-before-char-start": 8474,
      "location-before-char-end": 8480,
      "location-after-char-start": 9045,
      "location-after-char-end": 9047,
      "node-str": "\";\""
    },
    {
      "type": "insert-node",
      "node": {
        "label": "LINE_SEPARATOR",
        "type": "FieldRead"
      },
      "location-after-char-start": 14647,
      "location-after-char-end": 14660,
      "node-str": "LINE_SEPARATOR"
    },
    {
      "type": "insert-node",
      "node": {
        "label": "LINE_SEPARATOR",
        "type": "FieldRead"
      },
      "location-after-char-start": 16422,
      "location-after-char-end": 16435,
      "node-str": "LINE_SEPARATOR"
    },
    {
      "type": "insert-node",
      "node": {
        "label": "LINE_SEPARATOR",
        "type": "FieldRead"
      },
      "location-after-char-start": 19347,
      "location-after-char-end": 19360,
      "node-str": "LINE_SEPARATOR"
    },
    {
      "type": "insert-node",
      "node": {
        "label": "LINE_SEPARATOR",
        "type": "FieldRead"
      },
      "location-after-char-start": 21878,
      "location-after-char-end": 21891,
      "node-str": "LINE_SEPARATOR"
    },
    {
      "type": "move-subtree",
      "node": {
        "label": "append",
        "type": "Invocation"
      },
      "location-before-char-start": 20015,
      "location-before-char-end": 20205,
      "location-after-char-start": 22425,
      "location-after-char-end": 22559,
      "node-str": "append"
    },
    {
      "type": "insert-node",
      "node": {
        "label": "LINE_SEPARATOR",
        "type": "FieldRead"
      },
      "location-after-char-start": 22568,
      "location-after-char-end": 22581,
      "node-str": "LINE_SEPARATOR"
    },
    {
      "type": "insert-node",
      "node": {
        "label": "LINE_SEPARATOR",
        "type": "FieldRead"
      },
      "location-after-char-start": 29628,
      "location-after-char-end": 29641,
      "node-str": "LINE_SEPARATOR"
    },
    {
      "type": "insert-node",
      "node": {
        "label": "LINE_SEPARATOR",
        "type": "FieldRead"
      },
      "location-after-char-start": 30701,
      "location-after-char-end": 30714,
      "node-str": "LINE_SEPARATOR"
    },
    {
      "type": "insert-node",
      "node": {
        "label": "LINE_SEPARATOR",
        "type": "FieldRead"
      },
      "location-after-char-start": 31715,
      "location-after-char-end": 31728,
      "node-str": "LINE_SEPARATOR"
    },
    {
      "type": "insert-node",
      "node": {
        "label": "LINE_SEPARATOR",
        "type": "FieldRead"
      },
      "location-after-char-start": 32845,
      "location-after-char-end": 32858,
      "node-str": "LINE_SEPARATOR"
    },
    {
      "type": "update-node",
      "node": {
        "label": "\"return \\\u0027x\\\u0027;\\n\"",
        "type": "Literal"
      },
      "location-before-char-start": 33312,
      "location-before-char-end": 33326,
      "location-after-char-start": 36810,
      "location-after-char-end": 36822,
      "node-str": "\"return \u0027x\u0027;\""
    },
    {
      "type": "update-node",
      "node": {
        "label": "\"return 0;\\n\"",
        "type": "Literal"
      },
      "location-before-char-start": 33376,
      "location-before-char-end": 33388,
      "location-after-char-start": 36905,
      "location-after-char-end": 36915,
      "node-str": "\"return 0;\""
    },
    {
      "type": "update-node",
      "node": {
        "label": "\"return false;\\n\"",
        "type": "Literal"
      },
      "location-before-char-start": 33442,
      "location-before-char-end": 33458,
      "location-after-char-start": 37002,
      "location-after-char-end": 37016,
      "node-str": "\"return false;\""
    },
    {
      "type": "update-node",
      "node": {
        "label": "\"return 0;\\n\"",
        "type": "Literal"
      },
      "location-before-char-start": 33509,
      "location-before-char-end": 33521,
      "location-after-char-start": 37100,
      "location-after-char-end": 37110,
      "node-str": "\"return 0;\""
    },
    {
      "type": "update-node",
      "node": {
        "label": "\"return 0;\\n\"",
        "type": "Literal"
      },
      "location-before-char-start": 33572,
      "location-before-char-end": 33584,
      "location-after-char-start": 37194,
      "location-after-char-end": 37204,
      "node-str": "\"return 0;\""
    },
    {
      "type": "update-node",
      "node": {
        "label": "\"return 0.0;\\n\"",
        "type": "Literal"
      },
      "location-before-char-start": 33636,
      "location-before-char-end": 33650,
      "location-after-char-start": 37289,
      "location-after-char-end": 37301,
      "node-str": "\"return 0.0;\""
    },
    {
      "type": "update-node",
      "node": {
        "label": "\"return 0.0;\\n\"",
        "type": "Literal"
      },
      "location-before-char-start": 33703,
      "location-before-char-end": 33717,
      "location-after-char-start": 37387,
      "location-after-char-end": 37399,
      "node-str": "\"return 0.0;\""
    },
    {
      "type": "move-subtree",
      "node": {
        "label": "append",
        "type": "Invocation"
      },
      "location-before-char-start": 39852,
      "location-before-char-end": 39942,
      "location-after-char-start": 44587,
      "location-after-char-end": 44746,
      "node-str": "append"
    },
    {
      "type": "insert-node",
      "node": {
        "label": "LINE_SEPARATOR",
        "type": "FieldRead"
      },
      "location-after-char-start": 44755,
      "location-after-char-end": 44768,
      "node-str": "LINE_SEPARATOR"
    },
    {
      "type": "insert-node",
      "node": {
        "label": "LINE_SEPARATOR",
        "type": "FieldRead"
      },
      "location-after-char-start": 59182,
      "location-after-char-end": 59195,
      "node-str": "LINE_SEPARATOR"
    },
    {
      "type": "insert-node",
      "node": {
        "label": "append",
        "type": "Invocation"
      },
      "location-after-char-start": 22425,
      "location-after-char-end": 22449,
      "node-str": "append"
    },
    {
      "type": "move-subtree",
      "node": {
        "label": "PLUS",
        "type": "BinaryOperator"
      },
      "location-before-char-start": 20046,
      "location-before-char-end": 20172,
      "location-after-char-start": 22458,
      "location-after-char-end": 22558,
      "node-str": "PLUS"
    },
    {
      "type": "insert-node",
      "node": {
        "label": "append",
        "type": "Invocation"
      },
      "location-after-char-start": 30799,
      "location-after-char-end": 30863,
      "node-str": "append"
    },
    {
      "type": "insert-node",
      "node": {
        "label": "append",
        "type": "Invocation"
      },
      "location-after-char-start": 31813,
      "location-after-char-end": 31879,
      "node-str": "append"
    },
    {
      "type": "insert-node",
      "node": {
        "label": "append",
        "type": "Invocation"
      },
      "location-after-char-start": 32918,
      "location-after-char-end": 32982,
      "node-str": "append"
    },
    {
      "type": "insert-node",
      "node": {
        "label": "append",
        "type": "Invocation"
      },
      "location-after-char-start": 41716,
      "location-after-char-end": 41914,
      "node-str": "append"
    },
    {
      "type": "insert-node",
      "node": {
        "label": "LINE_SEPARATOR",
        "type": "FieldRead"
      },
      "location-after-char-start": 42433,
      "location-after-char-end": 42446,
      "node-str": "LINE_SEPARATOR"
    },
    {
      "type": "update-node",
      "node": {
        "label": "\" * \\n\"",
        "type": "Literal"
      },
      "location-before-char-start": 39935,
      "location-before-char-end": 39941,
      "location-after-char-start": 44741,
      "location-after-char-end": 44745,
      "node-str": "\" * \""
    },
    {
      "type": "insert-node",
      "node": {
        "label": "LINE_SEPARATOR",
        "type": "FieldRead"
      },
      "location-after-char-start": 47447,
      "location-after-char-end": 47460,
      "node-str": "LINE_SEPARATOR"
    },
    {
      "type": "insert-node",
      "node": {
        "label": "LINE_SEPARATOR",
        "type": "FieldRead"
      },
      "location-after-char-start": 59535,
      "location-after-char-end": 59548,
      "node-str": "LINE_SEPARATOR"
    },
    {
      "type": "move-subtree",
      "node": {
        "label": "sb",
        "type": "VariableRead"
      },
      "location-before-char-start": 20015,
      "location-before-char-end": 20016,
      "location-after-char-start": 22425,
      "location-after-char-end": 22426,
      "node-str": "sb"
    },
    {
      "type": "insert-node",
      "node": {
        "label": "LINE_SEPARATOR",
        "type": "FieldRead"
      },
      "location-after-char-start": 22435,
      "location-after-char-end": 22448,
      "node-str": "LINE_SEPARATOR"
    },
    {
      "type": "insert-node",
      "node": {
        "label": "LINE_SEPARATOR",
        "type": "FieldRead"
      },
      "location-after-char-start": 29764,
      "location-after-char-end": 29777,
      "node-str": "LINE_SEPARATOR"
    },
    {
      "type": "move-subtree",
      "node": {
        "label": "append",
        "type": "Invocation"
      },
      "location-before-char-start": 28265,
      "location-before-char-end": 28308,
      "location-after-char-start": 30799,
      "location-after-char-end": 30839,
      "node-str": "append"
    },
    {
      "type": "insert-node",
      "node": {
        "label": "LINE_SEPARATOR",
        "type": "FieldRead"
      },
      "location-after-char-start": 30848,
      "location-after-char-end": 30861,
      "node-str": "LINE_SEPARATOR"
    },
    {
      "type": "move-subtree",
      "node": {
        "label": "append",
        "type": "Invocation"
      },
      "location-before-char-start": 29313,
      "location-before-char-end": 29358,
      "location-after-char-start": 31813,
      "location-after-char-end": 31855,
      "node-str": "append"
    },
    {
      "type": "insert-node",
      "node": {
        "label": "LINE_SEPARATOR",
        "type": "FieldRead"
      },
      "location-after-char-start": 31864,
      "location-after-char-end": 31877,
      "node-str": "LINE_SEPARATOR"
    },
    {
      "type": "move-subtree",
      "node": {
        "label": "append",
        "type": "Invocation"
      },
      "location-before-char-start": 30451,
      "location-before-char-end": 30494,
      "location-after-char-start": 32918,
      "location-after-char-end": 32958,
      "node-str": "append"
    },
    {
      "type": "insert-node",
      "node": {
        "label": "LINE_SEPARATOR",
        "type": "FieldRead"
      },
      "location-after-char-start": 32967,
      "location-after-char-end": 32980,
      "node-str": "LINE_SEPARATOR"
    },
    {
      "type": "insert-node",
      "node": {
        "label": "append",
        "type": "Invocation"
      },
      "location-after-char-start": 33945,
      "location-after-char-end": 34179,
      "node-str": "append"
    },
    {
      "type": "insert-node",
      "node": {
        "label": "append",
        "type": "Invocation"
      },
      "location-after-char-start": 34234,
      "location-after-char-end": 34271,
      "node-str": "append"
    },
    {
      "type": "insert-node",
      "node": {
        "label": "body",
        "type": "LocalVariable"
      },
      "location-after-char-start": 35215,
      "location-after-char-end": 35250,
      "node-str": "body"
    },
    {
      "type": "insert-node",
      "node": {
        "label": "if",
        "type": "If"
      },
      "location-after-char-start": 35276,
      "location-after-char-end": 35376,
      "node-str": "if"
    },
    {
      "type": "insert-node",
      "node": {
        "label": "tokenizer",
        "type": "LocalVariable"
      },
      "location-after-char-start": 35402,
      "location-after-char-end": 35461,
      "node-str": "tokenizer"
    },
    {
      "type": "insert-node",
      "node": {
        "label": "bsb",
        "type": "LocalVariable"
      },
      "location-after-char-start": 35487,
      "location-after-char-end": 35524,
      "node-str": "bsb"
    },
    {
      "type": "insert-node",
      "node": {
        "label": "while",
        "type": "While"
      },
      "location-after-char-start": 35550,
      "location-after-char-end": 35874,
      "node-str": "while"
    },
    {
      "type": "insert-node",
      "node": {
        "label": "if",
        "type": "If"
      },
      "location-after-char-start": 35900,
      "location-after-char-end": 36023,
      "node-str": "if"
    },
    {
      "type": "insert-node",
      "node": {
        "label": "return",
        "type": "Return"
      },
      "location-after-char-start": 36049,
      "location-after-char-end": 36060,
      "node-str": "return"
    },
    {
      "type": "move-subtree",
      "node": {
        "label": "append",
        "type": "Invocation"
      },
      "location-before-char-start": 37430,
      "location-before-char-end": 37522,
      "location-after-char-start": 41716,
      "location-after-char-end": 41891,
      "node-str": "append"
    },
    {
      "type": "insert-node",
      "node": {
        "label": "LINE_SEPARATOR",
        "type": "FieldRead"
      },
      "location-after-char-start": 41900,
      "location-after-char-end": 41913,
      "node-str": "LINE_SEPARATOR"
    },
    {
      "type": "insert-node",
      "node": {
        "label": "append",
        "type": "Invocation"
      },
      "location-after-char-start": 44587,
      "location-after-char-end": 44683,
      "node-str": "append"
    },
    {
      "type": "insert-node",
      "node": {
        "label": "LINE_SEPARATOR",
        "type": "FieldRead"
      },
      "location-after-char-start": 58947,
      "location-after-char-end": 58960,
      "node-str": "LINE_SEPARATOR"
    },
    {
      "type": "update-node",
      "node": {
        "label": "\"// Attributes\\n\"",
        "type": "Literal"
      },
      "location-before-char-start": 28290,
      "location-before-char-end": 28306,
      "location-after-char-start": 30824,
      "location-after-char-end": 30838,
      "node-str": "\"// Attributes\""
    },
    {
      "type": "update-node",
      "node": {
        "label": "\"// Associations\\n\"",
        "type": "Literal"
      },
      "location-before-char-start": 29338,
      "location-before-char-end": 29356,
      "location-after-char-start": 31838,
      "location-after-char-end": 31854,
      "node-str": "\"// Associations\""
    },
    {
      "type": "update-node",
      "node": {
        "label": "\"// Operations\\n\"",
        "type": "Literal"
      },
      "location-before-char-start": 30476,
      "location-before-char-end": 30492,
      "location-after-char-start": 32943,
      "location-after-char-end": 32957,
      "node-str": "\"// Operations\""
    },
    {
      "type": "move-subtree",
      "node": {
        "label": "append",
        "type": "Invocation"
      },
      "location-before-char-start": 31500,
      "location-before-char-end": 31704,
      "location-after-char-start": 33945,
      "location-after-char-end": 34155,
      "node-str": "append"
    },
    {
      "type": "insert-node",
      "node": {
        "label": "LINE_SEPARATOR",
        "type": "FieldRead"
      },
      "location-after-char-start": 34164,
      "location-after-char-end": 34177,
      "node-str": "LINE_SEPARATOR"
    },
    {
      "type": "move-subtree",
      "node": {
        "label": "append",
        "type": "Invocation"
      },
      "location-before-char-start": 31799,
      "location-before-char-end": 31815,
      "location-after-char-start": 34234,
      "location-after-char-end": 34247,
      "node-str": "append"
    },
    {
      "type": "insert-node",
      "node": {
        "label": "LINE_SEPARATOR",
        "type": "FieldRead"
      },
      "location-after-char-start": 34256,
      "location-after-char-end": 34269,
      "node-str": "LINE_SEPARATOR"
    },
    {
      "type": "insert-node",
      "node": {
        "label": "java.lang.String",
        "type": "VARIABLE_TYPE"
      },
      "location-after-char-start": 0,
      "location-after-char-end": 0,
      "node-str": "java.lang.String"
    },
    {
      "type": "move-subtree",
      "node": {
        "label": "getBody",
        "type": "Invocation"
      },
      "location-before-char-start": 32697,
      "location-before-char-end": 32717,
      "location-after-char-start": 35229,
      "location-after-char-end": 35249,
      "node-str": "getBody"
    },
    {
      "type": "insert-node",
      "node": {
        "label": "equals",
        "type": "Invocation"
      },
      "location-after-char-start": 35280,
      "location-after-char-end": 35296,
      "node-str": "equals"
    },
    {
      "type": "insert-node",
      "node": {
        "label": "THEN",
        "type": "then"
      },
      "location-after-char-start": 35299,
      "location-after-char-end": 35376,
      "node-str": "THEN"
    },
    {
      "type": "insert-node",
      "node": {
        "label": "java.util.StringTokenizer",
        "type": "VARIABLE_TYPE"
      },
      "location-after-char-start": 0,
      "location-after-char-end": 0,
      "node-str": "java.util.StringTokenizer"
    },
    {
      "type": "insert-node",
      "node": {
        "label": "java.util.StringTokenizer(java.lang.String,java.lang.String)",
        "type": "ConstructorCall"
      },
      "location-after-char-start": 35430,
      "location-after-char-end": 35460,
      "node-str": "java.util.StringTokenizer(java.lang.String,java.lang.String)"
    },
    {
      "type": "insert-node",
      "node": {
        "label": "java.lang.StringBuffer",
        "type": "VARIABLE_TYPE"
      },
      "location-after-char-start": 0,
      "location-after-char-end": 0,
      "node-str": "java.lang.StringBuffer"
    },
    {
      "type": "insert-node",
      "node": {
        "label": "java.lang.StringBuffer()",
        "type": "ConstructorCall"
      },
      "location-after-char-start": 35506,
      "location-after-char-end": 35523,
      "node-str": "java.lang.StringBuffer()"
    },
    {
      "type": "insert-node",
      "node": {
        "label": "hasMoreTokens",
        "type": "Invocation"
      },
      "location-after-char-start": 35557,
      "location-after-char-end": 35581,
      "node-str": "hasMoreTokens"
    },
    {
      "type": "insert-node",
      "node": {
        "label": "token",
        "type": "LocalVariable"
      },
      "location-after-char-start": 35614,
      "location-after-char-end": 35650,
      "node-str": "token"
    },
    {
      "type": "insert-node",
      "node": {
        "label": "append",
        "type": "Invocation"
      },
      "location-after-char-start": 35680,
      "location-after-char-end": 35697,
      "node-str": "append"
    },
    {
      "type": "insert-node",
      "node": {
        "label": "if",
        "type": "If"
      },
      "location-after-char-start": 35727,
      "location-after-char-end": 35848,
      "node-str": "if"
    },
    {
      "type": "insert-node",
      "node": {
        "label": "GT",
        "type": "BinaryOperator"
      },
      "location-after-char-start": 35904,
      "location-after-char-end": 35919,
      "node-str": "GT"
    },
    {
      "type": "insert-node",
      "node": {
        "label": "THEN",
        "type": "then"
      },
      "location-after-char-start": 35922,
      "location-after-char-end": 36023,
      "node-str": "THEN"
    },
    {
      "type": "insert-node",
      "node": {
        "label": "body",
        "type": "VariableRead"
      },
      "location-after-char-start": 36056,
      "location-after-char-end": 36059,
      "node-str": "body"
    },
    {
      "type": "update-node",
      "node": {
        "label": "\" * \\n\"",
        "type": "Literal"
      },
      "location-before-char-start": 37515,
      "location-before-char-end": 37521,
      "location-after-char-start": 41886,
      "location-after-char-end": 41890,
      "node-str": "\" * \""
    },
    {
      "type": "move-subtree",
      "node": {
        "label": "append",
        "type": "Invocation"
      },
      "location-before-char-start": 39852,
      "location-before-char-end": 39893,
      "location-after-char-start": 44587,
      "location-after-char-end": 44660,
      "node-str": "append"
    },
    {
      "type": "insert-node",
      "node": {
        "label": "LINE_SEPARATOR",
        "type": "FieldRead"
      },
      "location-after-char-start": 44669,
      "location-after-char-end": 44682,
      "node-str": "LINE_SEPARATOR"
    },
    {
      "type": "update-node",
      "node": {
        "label": "\"\\n//end of \"",
        "type": "Literal"
      },
      "location-before-char-start": 20046,
      "location-before-char-end": 20058,
      "location-after-char-start": 22458,
      "location-after-char-end": 22468,
      "node-str": "\"//end of \""
    },
    {
      "type": "update-node",
      "node": {
        "label": "\"}\\n\"",
        "type": "Literal"
      },
      "location-before-char-start": 31698,
      "location-before-char-end": 31702,
      "location-after-char-start": 34152,
      "location-after-char-end": 34154,
      "node-str": "\"}\""
    },
    {
      "type": "update-node",
      "node": {
        "label": "\";\\n\"",
        "type": "Literal"
      },
      "location-before-char-start": 31809,
      "location-before-char-end": 31813,
      "location-after-char-start": 34244,
      "location-after-char-end": 34246,
      "node-str": "\";\""
    },
    {
      "type": "insert-node",
      "node": {
        "label": "body",
        "type": "VariableRead"
      },
      "location-after-char-start": 35280,
      "location-after-char-end": 35283,
      "node-str": "body"
    },
    {
      "type": "insert-node",
      "node": {
        "label": "\"\\n\"",
        "type": "Literal"
      },
      "location-after-char-start": 35292,
      "location-after-char-end": 35295,
      "node-str": "\"\\n\""
    },
    {
      "type": "insert-node",
      "node": {
        "label": "return",
        "type": "Return"
      },
      "location-after-char-start": 35329,
      "location-after-char-end": 35350,
      "node-str": "return"
    },
    {
      "type": "insert-node",
      "node": {
        "label": "body",
        "type": "VariableRead"
      },
      "location-after-char-start": 35450,
      "location-after-char-end": 35453,
      "node-str": "body"
    },
    {
      "type": "insert-node",
      "node": {
        "label": "\"\\n\"",
        "type": "Literal"
      },
      "location-after-char-start": 35456,
      "location-after-char-end": 35459,
      "node-str": "\"\\n\""
    },
    {
      "type": "insert-node",
      "node": {
        "label": "tokenizer",
        "type": "VariableRead"
      },
      "location-after-char-start": 35557,
      "location-after-char-end": 35565,
      "node-str": "tokenizer"
    },
    {
      "type": "insert-node",
      "node": {
        "label": "java.lang.String",
        "type": "VARIABLE_TYPE"
      },
      "location-after-char-start": 0,
      "location-after-char-end": 0,
      "node-str": "java.lang.String"
    },
    {
      "type": "insert-node",
      "node": {
        "label": "nextToken",
        "type": "Invocation"
      },
      "location-after-char-start": 35629,
      "location-after-char-end": 35649,
      "node-str": "nextToken"
    },
    {
      "type": "insert-node",
      "node": {
        "label": "bsb",
        "type": "VariableRead"
      },
      "location-after-char-start": 35680,
      "location-after-char-end": 35682,
      "node-str": "bsb"
    },
    {
      "type": "insert-node",
      "node": {
        "label": "token",
        "type": "VariableRead"
      },
      "location-after-char-start": 35691,
      "location-after-char-end": 35695,
      "node-str": "token"
    },
    {
      "type": "insert-node",
      "node": {
        "label": "hasMoreTokens",
        "type": "Invocation"
      },
      "location-after-char-start": 35731,
      "location-after-char-end": 35755,
      "node-str": "hasMoreTokens"
    },
    {
      "type": "insert-node",
      "node": {
        "label": "THEN",
        "type": "then"
      },
      "location-after-char-start": 35758,
      "location-after-char-end": 35848,
      "node-str": "THEN"
    },
    {
      "type": "insert-node",
      "node": {
        "label": "length",
        "type": "Invocation"
      },
      "location-after-char-start": 35904,
      "location-after-char-end": 35915,
      "node-str": "length"
    },
    {
      "type": "insert-node",
      "node": {
        "label": "0",
        "type": "Literal"
      },
      "location-after-char-start": 35919,
      "location-after-char-end": 35919,
      "node-str": "0"
    },
    {
      "type": "insert-node",
      "node": {
        "label": "\u003d",
        "type": "Assignment"
      },
      "location-after-char-start": 35952,
      "location-after-char-end": 35973,
      "node-str": "\u003d"
    },
    {
      "type": "insert-node",
      "node": {
        "label": "append",
        "type": "Invocation"
      },
      "location-after-char-start": 41716,
      "location-after-char-end": 41820,
      "node-str": "append"
    },
    {
      "type": "update-node",
      "node": {
        "label": "\"/**\\n\"",
        "type": "Literal"
      },
      "location-before-char-start": 39886,
      "location-before-char-end": 39892,
      "location-after-char-start": 44655,
      "location-after-char-end": 44659,
      "node-str": "\"/**\""
    },
    {
      "type": "insert-node",
      "node": {
        "label": "LINE_SEPARATOR",
        "type": "FieldRead"
      },
      "location-after-char-start": 34384,
      "location-after-char-end": 34397,
      "node-str": "LINE_SEPARATOR"
    },
    {
      "type": "insert-node",
      "node": {
        "label": "LINE_SEPARATOR",
        "type": "FieldRead"
      },
      "location-after-char-start": 35336,
      "location-after-char-end": 35349,
      "node-str": "LINE_SEPARATOR"
    },
    {
      "type": "insert-node",
      "node": {
        "label": "tokenizer",
        "type": "VariableRead"
      },
      "location-after-char-start": 35629,
      "location-after-char-end": 35637,
      "node-str": "tokenizer"
    },
    {
      "type": "insert-node",
      "node": {
        "label": "tokenizer",
        "type": "VariableRead"
      },
      "location-after-char-start": 35731,
      "location-after-char-end": 35739,
      "node-str": "tokenizer"
    },
    {
      "type": "insert-node",
      "node": {
        "label": "append",
        "type": "Invocation"
      },
      "location-after-char-start": 35792,
      "location-after-char-end": 35818,
      "node-str": "append"
    },
    {
      "type": "insert-node",
      "node": {
        "label": "bsb",
        "type": "VariableRead"
      },
      "location-after-char-start": 35904,
      "location-after-char-end": 35906,
      "node-str": "bsb"
    },
    {
      "type": "insert-node",
      "node": {
        "label": "body",
        "type": "VariableWrite"
      },
      "location-after-char-start": 35952,
      "location-after-char-end": 35955,
      "node-str": "body"
    },
    {
      "type": "insert-node",
      "node": {
        "label": "toString",
        "type": "Invocation"
      },
      "location-after-char-start": 35959,
      "location-after-char-end": 35972,
      "node-str": "toString"
    },
    {
      "type": "move-subtree",
      "node": {
        "label": "append",
        "type": "Invocation"
      },
      "location-before-char-start": 37430,
      "location-before-char-end": 37471,
      "location-after-char-start": 41716,
      "location-after-char-end": 41797,
      "node-str": "append"
    },
    {
      "type": "insert-node",
      "node": {
        "label": "LINE_SEPARATOR",
        "type": "FieldRead"
      },
      "location-after-char-start": 41806,
      "location-after-char-end": 41819,
      "node-str": "LINE_SEPARATOR"
    },
    {
      "type": "insert-node",
      "node": {
        "label": "LINE_SEPARATOR",
        "type": "FieldRead"
      },
      "location-after-char-start": 33540,
      "location-after-char-end": 33553,
      "node-str": "LINE_SEPARATOR"
    },
    {
      "type": "insert-node",
      "node": {
        "label": "bsb",
        "type": "VariableRead"
      },
      "location-after-char-start": 35792,
      "location-after-char-end": 35794,
      "node-str": "bsb"
    },
    {
      "type": "insert-node",
      "node": {
        "label": "LINE_SEPARATOR",
        "type": "FieldRead"
      },
      "location-after-char-start": 35803,
      "location-after-char-end": 35816,
      "node-str": "LINE_SEPARATOR"
    },
    {
      "type": "insert-node",
      "node": {
        "label": "bsb",
        "type": "VariableRead"
      },
      "location-after-char-start": 35959,
      "location-after-char-end": 35961,
      "node-str": "bsb"
    },
    {
      "type": "update-node",
      "node": {
        "label": "\"/**\\n\"",
        "type": "Literal"
      },
      "location-before-char-start": 37464,
      "location-before-char-end": 37470,
      "location-after-char-start": 41792,
      "location-after-char-end": 41796,
      "node-str": "\"/**\""
    },
    {
      "type": "insert-node",
      "node": {
        "label": "LINE_SEPARATOR",
        "type": "FieldRead"
      },
      "location-after-char-start": 33771,
      "location-after-char-end": 33784,
      "node-str": "LINE_SEPARATOR"
    },
    {
      "type": "insert-node",
      "node": {
        "label": "LINE_SEPARATOR",
        "type": "FieldRead"
      },
      "location-after-char-start": 33984,
      "location-after-char-end": 33997,
      "node-str": "LINE_SEPARATOR"
    },
    {
      "type": "delete-node",
      "node": {
        "label": "public",
        "type": "Modifier"
      },
      "location-before-char-start": 0,
      "location-before-char-end": 0,
      "node-str": "public"
    },
    {
      "type": "delete-node",
      "node": {
        "label": "org.argouml.uml.generator.Generator",
        "type": "SUPER_TYPE"
      },
      "location-before-char-start": 0,
      "location-before-char-end": 0,
      "node-str": "org.argouml.uml.generator.Generator"
    },
    {
      "type": "delete-node",
      "node": {
        "label": "",
        "type": "TypeReference"
      },
      "location-before-char-start": 4866,
      "location-before-char-end": 4874,
      "node-str": ""
    },
    {
      "type": "delete-node",
      "node": {
        "label": "\"\\n\\n\"",
        "type": "Literal"
      },
      "location-before-char-start": 8382,
      "location-before-char-end": 8387,
      "node-str": "\"\\n\\n\""
    },
    {
      "type": "delete-node",
      "node": {
        "label": "\u0027\\n\u0027",
        "type": "Literal"
      },
      "location-before-char-start": 11421,
      "location-before-char-end": 11424,
      "node-str": "\u0027\\n\u0027"
    },
    {
      "type": "delete-node",
      "node": {
        "label": "\u0027\\n\u0027",
        "type": "Literal"
      },
      "location-before-char-start": 12863,
      "location-before-char-end": 12866,
      "node-str": "\u0027\\n\u0027"
    },
    {
      "type": "delete-node",
      "node": {
        "label": "\u0027\\n\u0027",
        "type": "Literal"
      },
      "location-before-char-start": 13083,
      "location-before-char-end": 13086,
      "node-str": "\u0027\\n\u0027"
    },
    {
      "type": "delete-node",
      "node": {
        "label": "\u0027\\n\u0027",
        "type": "Literal"
      },
      "location-before-char-start": 14365,
      "location-before-char-end": 14368,
      "node-str": "\u0027\\n\u0027"
    },
    {
      "type": "delete-node",
      "node": {
        "label": "\u0027\\n\u0027",
        "type": "Literal"
      },
      "location-before-char-start": 14609,
      "location-before-char-end": 14612,
      "node-str": "\u0027\\n\u0027"
    },
    {
      "type": "delete-node",
      "node": {
        "label": "\"\\n\\n\"",
        "type": "Literal"
      },
      "location-before-char-start": 17156,
      "location-before-char-end": 17161,
      "node-str": "\"\\n\\n\""
    },
    {
      "type": "delete-node",
      "node": {
        "label": "\u0027\\n\u0027",
        "type": "Literal"
      },
      "location-before-char-start": 18094,
      "location-before-char-end": 18097,
      "node-str": "\u0027\\n\u0027"
    },
    {
      "type": "delete-node",
      "node": {
        "label": "\"\\n\"",
        "type": "Literal"
      },
      "location-before-char-start": 19396,
      "location-before-char-end": 19399,
      "node-str": "\"\\n\""
    },
    {
      "type": "delete-node",
      "node": {
        "label": "\"\\n\"",
        "type": "Literal"
      },
      "location-before-char-start": 20200,
      "location-before-char-end": 20203,
      "node-str": "\"\\n\""
    },
    {
      "type": "delete-node",
      "node": {
        "label": "PLUS",
        "type": "BinaryOperator"
      },
      "location-before-char-start": 20046,
      "location-before-char-end": 20203,
      "node-str": "PLUS"
    },
    {
      "type": "delete-node",
      "node": {
        "label": "\"\\n\"",
        "type": "Literal"
      },
      "location-before-char-start": 27075,
      "location-before-char-end": 27078,
      "node-str": "\"\\n\""
    },
    {
      "type": "delete-node",
      "node": {
        "label": "\"\\n\"",
        "type": "Literal"
      },
      "location-before-char-start": 27217,
      "location-before-char-end": 27220,
      "node-str": "\"\\n\""
    },
    {
      "type": "delete-node",
      "node": {
        "label": "\u0027\\n\u0027",
        "type": "Literal"
      },
      "location-before-char-start": 28161,
      "location-before-char-end": 28164,
      "node-str": "\u0027\\n\u0027"
    },
    {
      "type": "delete-node",
      "node": {
        "label": "\u0027\\n\u0027",
        "type": "Literal"
      },
      "location-before-char-start": 29209,
      "location-before-char-end": 29212,
      "node-str": "\u0027\\n\u0027"
    },
    {
      "type": "delete-node",
      "node": {
        "label": "\u0027\\n\u0027",
        "type": "Literal"
      },
      "location-before-char-start": 30372,
      "location-before-char-end": 30375,
      "node-str": "\u0027\\n\u0027"
    },
    {
      "type": "delete-node",
      "node": {
        "label": "\u0027\\n\u0027",
        "type": "Literal"
      },
      "location-before-char-start": 31091,
      "location-before-char-end": 31094,
      "node-str": "\u0027\\n\u0027"
    },
    {
      "type": "delete-node",
      "node": {
        "label": "\u0027\\n\u0027",
        "type": "Literal"
      },
      "location-before-char-start": 31336,
      "location-before-char-end": 31339,
      "node-str": "\u0027\\n\u0027"
    },
    {
      "type": "delete-node",
      "node": {
        "label": "\u0027\\n\u0027",
        "type": "Literal"
      },
      "location-before-char-start": 31539,
      "location-before-char-end": 31542,
      "node-str": "\u0027\\n\u0027"
    },
    {
      "type": "delete-node",
      "node": {
        "label": "\u0027\\n\u0027",
        "type": "Literal"
      },
      "location-before-char-start": 31952,
      "location-before-char-end": 31955,
      "node-str": "\u0027\\n\u0027"
    },
    {
      "type": "delete-node",
      "node": {
        "label": "return",
        "type": "Return"
      },
      "location-before-char-start": 32690,
      "location-before-char-end": 32718,
      "node-str": "return"
    },
    {
      "type": "delete-node",
      "node": {
        "label": "\u0027\\n\u0027",
        "type": "Literal"
      },
      "location-before-char-start": 37959,
      "location-before-char-end": 37962,
      "node-str": "\u0027\\n\u0027"
    },
    {
      "type": "delete-node",
      "node": {
        "label": "\u0027\\n\u0027",
        "type": "Literal"
      },
      "location-before-char-start": 39413,
      "location-before-char-end": 39416,
      "node-str": "\u0027\\n\u0027"
    },
    {
      "type": "delete-node",
      "node": {
        "label": "\u0027\\n\u0027",
        "type": "Literal"
      },
      "location-before-char-start": 42174,
      "location-before-char-end": 42177,
      "node-str": "\u0027\\n\u0027"
    },
    {
      "type": "delete-node",
      "node": {
        "label": "\u0027\\n\u0027",
        "type": "Literal"
      },
      "location-before-char-start": 43315,
      "location-before-char-end": 43318,
      "node-str": "\u0027\\n\u0027"
    },
    {
      "type": "delete-node",
      "node": {
        "label": "\u0027\\n\u0027",
        "type": "Literal"
      },
      "location-before-char-start": 43350,
      "location-before-char-end": 43353,
      "node-str": "\u0027\\n\u0027"
    },
    {
      "type": "delete-node",
      "node": {
        "label": "\u0027\\n\u0027",
        "type": "Literal"
      },
      "location-before-char-start": 51989,
      "location-before-char-end": 51992,
      "node-str": "\u0027\\n\u0027"
    },
    {
      "type": "delete-node",
      "node": {
        "label": "\u0027\\n\u0027",
        "type": "Literal"
      },
      "location-before-char-start": 52156,
      "location-before-char-end": 52159,
      "node-str": "\u0027\\n\u0027"
    },
    {
      "type": "delete-node",
      "node": {
        "label": "\u0027\\n\u0027",
        "type": "Literal"
      },
      "location-before-char-start": 52421,
      "location-before-char-end": 52424,
      "node-str": "\u0027\\n\u0027"
    }
  ],
  "before-file": {},
  "after-file": {},
  "mapping": {}
}