{
  "tool-info": {},
  "diff": [
    {
      "type": "insert-node",
      "node": {
        "label": "final",
        "type": "Modifier"
      },
      "location-after-char-start": 0,
      "location-after-char-end": 0,
      "node-str": "final"
    },
    {
      "type": "insert-node",
      "node": {
        "label": "",
        "type": "TypeReference"
      },
      "location-after-char-start": 1704,
      "location-after-char-end": 1722,
      "node-str": ""
    },
    {
      "type": "insert-node",
      "node": {
        "label": "DEBUG",
        "type": "Field"
      },
      "location-after-char-start": 1728,
      "location-after-char-end": 1956,
      "node-str": "DEBUG"
    },
    {
      "type": "insert-node",
      "node": {
        "label": "DEBUG_VERBOSE_COMMAND_ID",
        "type": "Field"
      },
      "location-after-char-start": 2242,
      "location-after-char-end": 2424,
      "node-str": "DEBUG_VERBOSE_COMMAND_ID"
    },
    {
      "type": "insert-node",
      "node": {
        "label": "activationsBySourcePriority",
        "type": "Field"
      },
      "location-after-char-start": 2428,
      "location-after-char-end": 2791,
      "node-str": "activationsBySourcePriority"
    },
    {
      "type": "insert-node",
      "node": {
        "label": "commandManager",
        "type": "Field"
      },
      "location-after-char-start": 2795,
      "location-after-char-end": 2931,
      "node-str": "commandManager"
    },
    {
      "type": "insert-node",
      "node": {
        "label": "handlerActivationsByCommandId",
        "type": "Field"
      },
      "location-after-char-start": 2935,
      "location-after-char-end": 3385,
      "node-str": "handlerActivationsByCommandId"
    },
    {
      "type": "insert-node",
      "node": {
        "label": "activateHandler",
        "type": "Method"
      },
      "location-after-char-start": 3882,
      "location-after-char-end": 5763,
      "node-str": "activateHandler"
    },
    {
      "type": "insert-node",
      "node": {
        "label": "updateShellKludge",
        "type": "Method"
      },
      "location-after-char-start": 14800,
      "location-after-char-end": 15186,
      "node-str": "updateShellKludge"
    },
    {
      "type": "insert-node",
      "node": {
        "label": "org.eclipse.ui.internal.services.ExpressionAuthority",
        "type": "SUPER_TYPE"
      },
      "location-after-char-start": 0,
      "location-after-char-end": 0,
      "node-str": "org.eclipse.ui.internal.services.ExpressionAuthority"
    },
    {
      "type": "insert-node",
      "node": {
        "label": "boolean",
        "type": "VARIABLE_TYPE"
      },
      "location-after-char-start": 0,
      "location-after-char-end": 0,
      "node-str": "boolean"
    },
    {
      "type": "insert-node",
      "node": {
        "label": "final",
        "type": "Modifier"
      },
      "location-after-char-start": 0,
      "location-after-char-end": 0,
      "node-str": "final"
    },
    {
      "type": "insert-node",
      "node": {
        "label": "static",
        "type": "Modifier"
      },
      "location-after-char-start": 0,
      "location-after-char-end": 0,
      "node-str": "static"
    },
    {
      "type": "insert-node",
      "node": {
        "label": "DEBUG_HANDLERS",
        "type": "FieldRead"
      },
      "location-after-char-start": 1935,
      "location-after-char-end": 1955,
      "node-str": "DEBUG_HANDLERS"
    },
    {
      "type": "insert-node",
      "node": {
        "label": "java.lang.String",
        "type": "VARIABLE_TYPE"
      },
      "location-after-char-start": 0,
      "location-after-char-end": 0,
      "node-str": "java.lang.String"
    },
    {
      "type": "insert-node",
      "node": {
        "label": "final",
        "type": "Modifier"
      },
      "location-after-char-start": 0,
      "location-after-char-end": 0,
      "node-str": "final"
    },
    {
      "type": "insert-node",
      "node": {
        "label": "static",
        "type": "Modifier"
      },
      "location-after-char-start": 0,
      "location-after-char-end": 0,
      "node-str": "static"
    },
    {
      "type": "insert-node",
      "node": {
        "label": "DEBUG_HANDLERS_VERBOSE_COMMAND_ID",
        "type": "FieldRead"
      },
      "location-after-char-start": 2384,
      "location-after-char-end": 2423,
      "node-str": "DEBUG_HANDLERS_VERBOSE_COMMAND_ID"
    },
    {
      "type": "insert-node",
      "node": {
        "label": "java.util.Set[]",
        "type": "VARIABLE_TYPE"
      },
      "location-after-char-start": 0,
      "location-after-char-end": 0,
      "node-str": "java.util.Set[]"
    },
    {
      "type": "insert-node",
      "node": {
        "label": "final",
        "type": "Modifier"
      },
      "location-after-char-start": 0,
      "location-after-char-end": 0,
      "node-str": "final"
    },
    {
      "type": "insert-node",
      "node": {
        "label": "",
        "type": "NewArray"
      },
      "location-after-char-start": 2780,
      "location-after-char-end": 2790,
      "node-str": ""
    },
    {
      "type": "insert-node",
      "node": {
        "label": "org.eclipse.core.commands.CommandManager",
        "type": "VARIABLE_TYPE"
      },
      "location-after-char-start": 0,
      "location-after-char-end": 0,
      "node-str": "org.eclipse.core.commands.CommandManager"
    },
    {
      "type": "insert-node",
      "node": {
        "label": "final",
        "type": "Modifier"
      },
      "location-after-char-start": 0,
      "location-after-char-end": 0,
      "node-str": "final"
    },
    {
      "type": "insert-node",
      "node": {
        "label": "java.util.Map",
        "type": "VARIABLE_TYPE"
      },
      "location-after-char-start": 0,
      "location-after-char-end": 0,
      "node-str": "java.util.Map"
    },
    {
      "type": "insert-node",
      "node": {
        "label": "final",
        "type": "Modifier"
      },
      "location-after-char-start": 0,
      "location-after-char-end": 0,
      "node-str": "final"
    },
    {
      "type": "insert-node",
      "node": {
        "label": "java.util.HashMap()",
        "type": "ConstructorCall"
      },
      "location-after-char-start": 3372,
      "location-after-char-end": 3384,
      "node-str": "java.util.HashMap()"
    },
    {
      "type": "insert-node",
      "node": {
        "label": "void",
        "type": "RETURN_TYPE"
      },
      "location-after-char-start": 0,
      "location-after-char-end": 0,
      "node-str": "void"
    },
    {
      "type": "insert-node",
      "node": {
        "label": "final",
        "type": "Modifier"
      },
      "location-after-char-start": 0,
      "location-after-char-end": 0,
      "node-str": "final"
    },
    {
      "type": "insert-node",
      "node": {
        "label": "activation",
        "type": "Parameter"
      },
      "location-after-char-start": 4223,
      "location-after-char-end": 4257,
      "node-str": "activation"
    },
    {
      "type": "insert-node",
      "node": {
        "label": "commandId",
        "type": "LocalVariable"
      },
      "location-after-char-start": 4264,
      "location-after-char-end": 4374,
      "node-str": "commandId"
    },
    {
      "type": "move-subtree",
      "node": {
        "label": "value",
        "type": "LocalVariable"
      },
      "location-before-char-start": 4547,
      "location-before-char-end": 4612,
      "location-after-char-start": 4380,
      "location-after-char-end": 4445,
      "node-str": "value"
    },
    {
      "type": "move-subtree",
      "node": {
        "label": "if",
        "type": "If"
      },
      "location-before-char-start": 4616,
      "location-before-char-end": 5501,
      "location-after-char-start": 4449,
      "location-after-char-end": 5334,
      "node-str": "if"
    },
    {
      "type": "insert-node",
      "node": {
        "label": "sourcePriority",
        "type": "LocalVariable"
      },
      "location-after-char-start": 5339,
      "location-after-char-end": 5464,
      "node-str": "sourcePriority"
    },
    {
      "type": "move-subtree",
      "node": {
        "label": "",
        "type": "For"
      },
      "location-before-char-start": 5635,
      "location-before-char-end": 5927,
      "location-after-char-start": 5468,
      "location-after-char-end": 5760,
      "node-str": ""
    },
    {
      "type": "insert-node",
      "node": {
        "label": "void",
        "type": "RETURN_TYPE"
      },
      "location-after-char-start": 0,
      "location-after-char-end": 0,
      "node-str": "void"
    },
    {
      "type": "insert-node",
      "node": {
        "label": "final",
        "type": "Modifier"
      },
      "location-after-char-start": 0,
      "location-after-char-end": 0,
      "node-str": "final"
    },
    {
      "type": "insert-node",
      "node": {
        "label": "updateCurrentState",
        "type": "Invocation"
      },
      "location-after-char-start": 15123,
      "location-after-char-end": 15143,
      "node-str": "updateCurrentState"
    },
    {
      "type": "insert-node",
      "node": {
        "label": "sourceChanged",
        "type": "Invocation"
      },
      "location-after-char-start": 15147,
      "location-after-char-end": 15183,
      "node-str": "sourceChanged"
    },
    {
      "type": "insert-node",
      "node": {
        "label": "org.eclipse.ui.internal.misc.Policy",
        "type": "TypeAccess"
      },
      "location-after-char-start": 0,
      "location-after-char-end": 0,
      "node-str": "org.eclipse.ui.internal.misc.Policy"
    },
    {
      "type": "insert-node",
      "node": {
        "label": "org.eclipse.ui.internal.misc.Policy",
        "type": "TypeAccess"
      },
      "location-after-char-start": 0,
      "location-after-char-end": 0,
      "node-str": "org.eclipse.ui.internal.misc.Policy"
    },
    {
      "type": "insert-node",
      "node": {
        "label": "33",
        "type": "Literal"
      },
      "location-after-char-start": 2788,
      "location-after-char-end": 2789,
      "node-str": "33"
    },
    {
      "type": "insert-node",
      "node": {
        "label": "org.eclipse.ui.handlers.IHandlerActivation",
        "type": "VARIABLE_TYPE"
      },
      "location-after-char-start": 0,
      "location-after-char-end": 0,
      "node-str": "org.eclipse.ui.handlers.IHandlerActivation"
    },
    {
      "type": "insert-node",
      "node": {
        "label": "final",
        "type": "Modifier"
      },
      "location-after-char-start": 0,
      "location-after-char-end": 0,
      "node-str": "final"
    },
    {
      "type": "insert-node",
      "node": {
        "label": "java.lang.String",
        "type": "VARIABLE_TYPE"
      },
      "location-after-char-start": 0,
      "location-after-char-end": 0,
      "node-str": "java.lang.String"
    },
    {
      "type": "insert-node",
      "node": {
        "label": "final",
        "type": "Modifier"
      },
      "location-after-char-start": 0,
      "location-after-char-end": 0,
      "node-str": "final"
    },
    {
      "type": "insert-node",
      "node": {
        "label": "getCommandId",
        "type": "Invocation"
      },
      "location-after-char-start": 4349,
      "location-after-char-end": 4373,
      "node-str": "getCommandId"
    },
    {
      "type": "insert-node",
      "node": {
        "label": "int",
        "type": "VARIABLE_TYPE"
      },
      "location-after-char-start": 0,
      "location-after-char-end": 0,
      "node-str": "int"
    },
    {
      "type": "insert-node",
      "node": {
        "label": "final",
        "type": "Modifier"
      },
      "location-after-char-start": 0,
      "location-after-char-end": 0,
      "node-str": "final"
    },
    {
      "type": "insert-node",
      "node": {
        "label": "getSourcePriority",
        "type": "Invocation"
      },
      "location-after-char-start": 5434,
      "location-after-char-end": 5463,
      "node-str": "getSourcePriority"
    },
    {
      "type": "insert-node",
      "node": {
        "label": "org.eclipse.ui.internal.handlers.HandlerAuthority",
        "type": "TypeAccess"
      },
      "location-after-char-start": 0,
      "location-after-char-end": 0,
      "node-str": "org.eclipse.ui.internal.handlers.HandlerAuthority"
    },
    {
      "type": "insert-node",
      "node": {
        "label": "org.eclipse.ui.internal.handlers.HandlerAuthority",
        "type": "TypeAccess"
      },
      "location-after-char-start": 0,
      "location-after-char-end": 0,
      "node-str": "org.eclipse.ui.internal.handlers.HandlerAuthority"
    },
    {
      "type": "insert-node",
      "node": {
        "label": "ISources.ACTIVE_SHELL",
        "type": "TypeAccess"
      },
      "location-after-char-start": 15161,
      "location-after-char-end": 15181,
      "node-str": "ISources.ACTIVE_SHELL"
    },
    {
      "type": "insert-node",
      "node": {
        "label": "activation",
        "type": "VariableRead"
      },
      "location-after-char-start": 4349,
      "location-after-char-end": 4358,
      "node-str": "activation"
    },
    {
      "type": "insert-node",
      "node": {
        "label": "activation",
        "type": "VariableRead"
      },
      "location-after-char-start": 5434,
      "location-after-char-end": 5443,
      "node-str": "activation"
    },
    {
      "type": "delete-node",
      "node": {
        "label": "final",
        "type": "Modifier"
      },
      "location-before-char-start": 0,
      "location-before-char-end": 0,
      "node-str": "final"
    },
    {
      "type": "delete-node",
      "node": {
        "label": "org.eclipse.ui.internal.services.ExpressionAuthority",
        "type": "SUPER_TYPE"
      },
      "location-before-char-start": 0,
      "location-before-char-end": 0,
      "node-str": "org.eclipse.ui.internal.services.ExpressionAuthority"
    },
    {
      "type": "delete-node",
      "node": {
        "label": "",
        "type": "TypeReference"
      },
      "location-before-char-start": 1704,
      "location-before-char-end": 1722,
      "node-str": ""
    },
    {
      "type": "delete-node",
      "node": {
        "label": "boolean",
        "type": "VARIABLE_TYPE"
      },
      "location-before-char-start": 0,
      "location-before-char-end": 0,
      "node-str": "boolean"
    },
    {
      "type": "delete-node",
      "node": {
        "label": "final",
        "type": "Modifier"
      },
      "location-before-char-start": 0,
      "location-before-char-end": 0,
      "node-str": "final"
    },
    {
      "type": "delete-node",
      "node": {
        "label": "static",
        "type": "Modifier"
      },
      "location-before-char-start": 0,
      "location-before-char-end": 0,
      "node-str": "static"
    },
    {
      "type": "delete-node",
      "node": {
        "label": "org.eclipse.ui.internal.misc.Policy",
        "type": "TypeAccess"
      },
      "location-before-char-start": 0,
      "location-before-char-end": 0,
      "node-str": "org.eclipse.ui.internal.misc.Policy"
    },
    {
      "type": "delete-node",
      "node": {
        "label": "DEBUG_HANDLERS",
        "type": "FieldRead"
      },
      "location-before-char-start": 1935,
      "location-before-char-end": 1955,
      "node-str": "DEBUG_HANDLERS"
    },
    {
      "type": "delete-node",
      "node": {
        "label": "DEBUG",
        "type": "Field"
      },
      "location-before-char-start": 1728,
      "location-before-char-end": 1956,
      "node-str": "DEBUG"
    },
    {
      "type": "delete-node",
      "node": {
        "label": "java.lang.String",
        "type": "VARIABLE_TYPE"
      },
      "location-before-char-start": 0,
      "location-before-char-end": 0,
      "node-str": "java.lang.String"
    },
    {
      "type": "delete-node",
      "node": {
        "label": "final",
        "type": "Modifier"
      },
      "location-before-char-start": 0,
      "location-before-char-end": 0,
      "node-str": "final"
    },
    {
      "type": "delete-node",
      "node": {
        "label": "static",
        "type": "Modifier"
      },
      "location-before-char-start": 0,
      "location-before-char-end": 0,
      "node-str": "static"
    },
    {
      "type": "delete-node",
      "node": {
        "label": "org.eclipse.ui.internal.misc.Policy",
        "type": "TypeAccess"
      },
      "location-before-char-start": 0,
      "location-before-char-end": 0,
      "node-str": "org.eclipse.ui.internal.misc.Policy"
    },
    {
      "type": "delete-node",
      "node": {
        "label": "DEBUG_HANDLERS_VERBOSE_COMMAND_ID",
        "type": "FieldRead"
      },
      "location-before-char-start": 2384,
      "location-before-char-end": 2423,
      "node-str": "DEBUG_HANDLERS_VERBOSE_COMMAND_ID"
    },
    {
      "type": "delete-node",
      "node": {
        "label": "DEBUG_VERBOSE_COMMAND_ID",
        "type": "Field"
      },
      "location-before-char-start": 2242,
      "location-before-char-end": 2424,
      "node-str": "DEBUG_VERBOSE_COMMAND_ID"
    },
    {
      "type": "delete-node",
      "node": {
        "label": "java.util.Set[]",
        "type": "VARIABLE_TYPE"
      },
      "location-before-char-start": 0,
      "location-before-char-end": 0,
      "node-str": "java.util.Set[]"
    },
    {
      "type": "delete-node",
      "node": {
        "label": "final",
        "type": "Modifier"
      },
      "location-before-char-start": 0,
      "location-before-char-end": 0,
      "node-str": "final"
    },
    {
      "type": "delete-node",
      "node": {
        "label": "33",
        "type": "Literal"
      },
      "location-before-char-start": 2788,
      "location-before-char-end": 2789,
      "node-str": "33"
    },
    {
      "type": "delete-node",
      "node": {
        "label": "",
        "type": "NewArray"
      },
      "location-before-char-start": 2780,
      "location-before-char-end": 2790,
      "node-str": ""
    },
    {
      "type": "delete-node",
      "node": {
        "label": "activationsBySourcePriority",
        "type": "Field"
      },
      "location-before-char-start": 2428,
      "location-before-char-end": 2791,
      "node-str": "activationsBySourcePriority"
    },
    {
      "type": "delete-node",
      "node": {
        "label": "org.eclipse.core.commands.CommandManager",
        "type": "VARIABLE_TYPE"
      },
      "location-before-char-start": 0,
      "location-before-char-end": 0,
      "node-str": "org.eclipse.core.commands.CommandManager"
    },
    {
      "type": "delete-node",
      "node": {
        "label": "final",
        "type": "Modifier"
      },
      "location-before-char-start": 0,
      "location-before-char-end": 0,
      "node-str": "final"
    },
    {
      "type": "delete-node",
      "node": {
        "label": "commandManager",
        "type": "Field"
      },
      "location-before-char-start": 2795,
      "location-before-char-end": 2931,
      "node-str": "commandManager"
    },
    {
      "type": "delete-node",
      "node": {
        "label": "java.util.Map",
        "type": "VARIABLE_TYPE"
      },
      "location-before-char-start": 0,
      "location-before-char-end": 0,
      "node-str": "java.util.Map"
    },
    {
      "type": "delete-node",
      "node": {
        "label": "final",
        "type": "Modifier"
      },
      "location-before-char-start": 0,
      "location-before-char-end": 0,
      "node-str": "final"
    },
    {
      "type": "delete-node",
      "node": {
        "label": "java.util.HashMap()",
        "type": "ConstructorCall"
      },
      "location-before-char-start": 3372,
      "location-before-char-end": 3384,
      "node-str": "java.util.HashMap()"
    },
    {
      "type": "delete-node",
      "node": {
        "label": "handlerActivationsByCommandId",
        "type": "Field"
      },
      "location-before-char-start": 2935,
      "location-before-char-end": 3385,
      "node-str": "handlerActivationsByCommandId"
    },
    {
      "type": "delete-node",
      "node": {
        "label": "void",
        "type": "RETURN_TYPE"
      },
      "location-before-char-start": 0,
      "location-before-char-end": 0,
      "node-str": "void"
    },
    {
      "type": "delete-node",
      "node": {
        "label": "final",
        "type": "Modifier"
      },
      "location-before-char-start": 0,
      "location-before-char-end": 0,
      "node-str": "final"
    },
    {
      "type": "delete-node",
      "node": {
        "label": "org.eclipse.ui.handlers.IHandlerActivation",
        "type": "VARIABLE_TYPE"
      },
      "location-before-char-start": 0,
      "location-before-char-end": 0,
      "node-str": "org.eclipse.ui.handlers.IHandlerActivation"
    },
    {
      "type": "delete-node",
      "node": {
        "label": "final",
        "type": "Modifier"
      },
      "location-before-char-start": 0,
      "location-before-char-end": 0,
      "node-str": "final"
    },
    {
      "type": "delete-node",
      "node": {
        "label": "activation",
        "type": "Parameter"
      },
      "location-before-char-start": 4223,
      "location-before-char-end": 4257,
      "node-str": "activation"
    },
    {
      "type": "delete-node",
      "node": {
        "label": "java.lang.String",
        "type": "VARIABLE_TYPE"
      },
      "location-before-char-start": 0,
      "location-before-char-end": 0,
      "node-str": "java.lang.String"
    },
    {
      "type": "delete-node",
      "node": {
        "label": "final",
        "type": "Modifier"
      },
      "location-before-char-start": 0,
      "location-before-char-end": 0,
      "node-str": "final"
    },
    {
      "type": "delete-node",
      "node": {
        "label": "activation",
        "type": "VariableRead"
      },
      "location-before-char-start": 4349,
      "location-before-char-end": 4358,
      "node-str": "activation"
    },
    {
      "type": "delete-node",
      "node": {
        "label": "getCommandId",
        "type": "Invocation"
      },
      "location-before-char-start": 4349,
      "location-before-char-end": 4373,
      "node-str": "getCommandId"
    },
    {
      "type": "delete-node",
      "node": {
        "label": "commandId",
        "type": "LocalVariable"
      },
      "location-before-char-start": 4264,
      "location-before-char-end": 4374,
      "node-str": "commandId"
    },
    {
      "type": "delete-node",
      "node": {
        "label": "\"org.eclipse.jdt.ui.edit.text.java.rename.element\"",
        "type": "Literal"
      },
      "location-before-char-start": 4427,
      "location-before-char-end": 4476,
      "node-str": "\"org.eclipse.jdt.ui.edit.text.java.rename.element\""
    },
    {
      "type": "delete-node",
      "node": {
        "label": "commandId",
        "type": "VariableRead"
      },
      "location-before-char-start": 4485,
      "location-before-char-end": 4493,
      "node-str": "commandId"
    },
    {
      "type": "delete-node",
      "node": {
        "label": "equals",
        "type": "Invocation"
      },
      "location-before-char-start": 4427,
      "location-before-char-end": 4494,
      "node-str": "equals"
    },
    {
      "type": "delete-node",
      "node": {
        "label": "java.lang.System",
        "type": "TypeAccess"
      },
      "location-before-char-start": 4516,
      "location-before-char-end": 4521,
      "node-str": "java.lang.System"
    },
    {
      "type": "delete-node",
      "node": {
        "label": "out",
        "type": "FieldRead"
      },
      "location-before-char-start": 4516,
      "location-before-char-end": 4525,
      "node-str": "out"
    },
    {
      "type": "delete-node",
      "node": {
        "label": "println",
        "type": "Invocation"
      },
      "location-before-char-start": 4516,
      "location-before-char-end": 4536,
      "node-str": "println"
    },
    {
      "type": "delete-node",
      "node": {
        "label": "THEN",
        "type": "then"
      },
      "location-before-char-start": 4497,
      "location-before-char-end": 4540,
      "node-str": "THEN"
    },
    {
      "type": "delete-node",
      "node": {
        "label": "if",
        "type": "If"
      },
      "location-before-char-start": 4423,
      "location-before-char-end": 4540,
      "node-str": "if"
    },
    {
      "type": "delete-node",
      "node": {
        "label": "int",
        "type": "VARIABLE_TYPE"
      },
      "location-before-char-start": 0,
      "location-before-char-end": 0,
      "node-str": "int"
    },
    {
      "type": "delete-node",
      "node": {
        "label": "final",
        "type": "Modifier"
      },
      "location-before-char-start": 0,
      "location-before-char-end": 0,
      "node-str": "final"
    },
    {
      "type": "delete-node",
      "node": {
        "label": "activation",
        "type": "VariableRead"
      },
      "location-before-char-start": 5601,
      "location-before-char-end": 5610,
      "node-str": "activation"
    },
    {
      "type": "delete-node",
      "node": {
        "label": "getSourcePriority",
        "type": "Invocation"
      },
      "location-before-char-start": 5601,
      "location-before-char-end": 5630,
      "node-str": "getSourcePriority"
    },
    {
      "type": "delete-node",
      "node": {
        "label": "sourcePriority",
        "type": "LocalVariable"
      },
      "location-before-char-start": 5506,
      "location-before-char-end": 5631,
      "node-str": "sourcePriority"
    },
    {
      "type": "delete-node",
      "node": {
        "label": "activateHandler",
        "type": "Method"
      },
      "location-before-char-start": 3882,
      "location-before-char-end": 5930,
      "node-str": "activateHandler"
    },
    {
      "type": "delete-node",
      "node": {
        "label": "void",
        "type": "RETURN_TYPE"
      },
      "location-before-char-start": 0,
      "location-before-char-end": 0,
      "node-str": "void"
    },
    {
      "type": "delete-node",
      "node": {
        "label": "final",
        "type": "Modifier"
      },
      "location-before-char-start": 0,
      "location-before-char-end": 0,
      "node-str": "final"
    },
    {
      "type": "delete-node",
      "node": {
        "label": "org.eclipse.ui.internal.handlers.HandlerAuthority",
        "type": "TypeAccess"
      },
      "location-before-char-start": 0,
      "location-before-char-end": 0,
      "node-str": "org.eclipse.ui.internal.handlers.HandlerAuthority"
    },
    {
      "type": "delete-node",
      "node": {
        "label": "updateCurrentState",
        "type": "Invocation"
      },
      "location-before-char-start": 15290,
      "location-before-char-end": 15310,
      "node-str": "updateCurrentState"
    },
    {
      "type": "delete-node",
      "node": {
        "label": "org.eclipse.ui.internal.handlers.HandlerAuthority",
        "type": "TypeAccess"
      },
      "location-before-char-start": 0,
      "location-before-char-end": 0,
      "node-str": "org.eclipse.ui.internal.handlers.HandlerAuthority"
    },
    {
      "type": "delete-node",
      "node": {
        "label": "ISources.ACTIVE_SHELL",
        "type": "TypeAccess"
      },
      "location-before-char-start": 15328,
      "location-before-char-end": 15348,
      "node-str": "ISources.ACTIVE_SHELL"
    },
    {
      "type": "delete-node",
      "node": {
        "label": "sourceChanged",
        "type": "Invocation"
      },
      "location-before-char-start": 15314,
      "location-before-char-end": 15350,
      "node-str": "sourceChanged"
    },
    {
      "type": "delete-node",
      "node": {
        "label": "updateShellKludge",
        "type": "Method"
      },
      "location-before-char-start": 14967,
      "location-before-char-end": 15353,
      "node-str": "updateShellKludge"
    }
  ],
  "before-file": {},
  "after-file": {},
  "mapping": {}
}