{
  "tool-info": {},
  "diff": [
    {
      "type": "update-node",
      "node": {
        "label": "DrawingView",
        "type": "VARIABLE_TYPE"
      },
      "location-before-char-start": 0,
      "location-before-char-end": 0,
      "location-after-char-start": 0,
      "location-after-char-end": 0,
      "node-str": "StandardDrawingView"
    },
    {
      "type": "update-node",
      "node": {
        "label": "DrawingView",
        "type": "VARIABLE_TYPE"
      },
      "location-before-char-start": 0,
      "location-before-char-end": 0,
      "location-after-char-start": 0,
      "location-after-char-end": 0,
      "node-str": "StandardDrawingView"
    },
    {
      "type": "update-node",
      "node": {
        "label": "javax.swing.JSplitPane",
        "type": "TypeAccess"
      },
      "location-before-char-start": 2083,
      "location-before-char-end": 2092,
      "location-after-char-start": 2009,
      "location-after-char-end": 2022,
      "node-str": "LEFT_ALIGNMENT"
    },
    {
      "type": "move-subtree",
      "node": {
        "label": "javax.swing.JSplitPane",
        "type": "TypeAccess"
      },
      "location-before-char-start": 2083,
      "location-before-char-end": 2092,
      "location-after-char-start": 2009,
      "location-after-char-end": 2022,
      "node-str": "LEFT_ALIGNMENT"
    },
    {
      "type": "update-node",
      "node": {
        "label": "DrawingView",
        "type": "VARIABLE_TYPE"
      },
      "location-before-char-start": 0,
      "location-before-char-end": 0,
      "location-after-char-start": 0,
      "location-after-char-end": 0,
      "node-str": "StandardDrawingView"
    },
    {
      "type": "update-node",
      "node": {
        "label": "DrawingView",
        "type": "VARIABLE_TYPE"
      },
      "location-before-char-start": 0,
      "location-before-char-end": 0,
      "location-after-char-start": 0,
      "location-after-char-end": 0,
      "node-str": "StandardDrawingView"
    },
    {
      "type": "delete-node",
      "node": {
        "label": "LEFT_ALIGNMENT",
        "type": "FieldRead"
      },
      "location-before-char-start": 2083,
      "location-before-char-end": 2107,
      "node-str": "LEFT_ALIGNMENT"
    }
  ],
  "before-file": {},
  "after-file": {},
  "mapping": {}
}