{
  "tool-info": {},
  "diff": [
    {
      "type": "update-node",
      "node": {
        "label": "SearchComboContributionItem",
        "type": "Class"
      },
      "location-before-char-start": 298,
      "location-before-char-end": 2653,
      "location-after-char-start": 298,
      "location-after-char-end": 2644,
      "node-str": "HelpSearchComboContributionItem"
    },
    {
      "type": "insert-node",
      "node": {
        "label": "public",
        "type": "Modifier"
      },
      "location-after-char-start": 0,
      "location-after-char-end": 0,
      "node-str": "public"
    },
    {
      "type": "insert-node",
      "node": {
        "label": "",
        "type": "TypeReference"
      },
      "location-after-char-start": 474,
      "location-after-char-end": 492,
      "node-str": ""
    },
    {
      "type": "insert-node",
      "node": {
        "label": "ID",
        "type": "Field"
      },
      "location-after-char-start": 497,
      "location-after-char-end": 558,
      "node-str": "ID"
    },
    {
      "type": "insert-node",
      "node": {
        "label": "window",
        "type": "Field"
      },
      "location-after-char-start": 577,
      "location-after-char-end": 608,
      "node-str": "window"
    },
    {
      "type": "insert-node",
      "node": {
        "label": "combo",
        "type": "Field"
      },
      "location-after-char-start": 612,
      "location-after-char-end": 631,
      "node-str": "combo"
    },
    {
      "type": "insert-node",
      "node": {
        "label": "MAX_ITEM_COUNT",
        "type": "Field"
      },
      "location-after-char-start": 635,
      "location-after-char-end": 666,
      "node-str": "MAX_ITEM_COUNT"
    },
    {
      "type": "insert-node",
      "node": {
        "label": "\u003cinit\u003e",
        "type": "Constructor"
      },
      "location-after-char-start": 830,
      "location-after-char-end": 1027,
      "node-str": "\u003cinit\u003e"
    },
    {
      "type": "insert-node",
      "node": {
        "label": "doSearch",
        "type": "Method"
      },
      "location-after-char-start": 1987,
      "location-after-char-end": 2642,
      "node-str": "doSearch"
    },
    {
      "type": "insert-node",
      "node": {
        "label": "org.eclipse.jface.action.ControlContribution",
        "type": "SUPER_TYPE"
      },
      "location-after-char-start": 0,
      "location-after-char-end": 0,
      "node-str": "org.eclipse.jface.action.ControlContribution"
    },
    {
      "type": "insert-node",
      "node": {
        "label": "java.lang.String",
        "type": "VARIABLE_TYPE"
      },
      "location-after-char-start": 0,
      "location-after-char-end": 0,
      "node-str": "java.lang.String"
    },
    {
      "type": "insert-node",
      "node": {
        "label": "final",
        "type": "Modifier"
      },
      "location-after-char-start": 0,
      "location-after-char-end": 0,
      "node-str": "final"
    },
    {
      "type": "insert-node",
      "node": {
        "label": "static",
        "type": "Modifier"
      },
      "location-after-char-start": 0,
      "location-after-char-end": 0,
      "node-str": "static"
    },
    {
      "type": "insert-node",
      "node": {
        "label": "\"org.eclipse.ui.searchCombo\"",
        "type": "Literal"
      },
      "location-after-char-start": 530,
      "location-after-char-end": 557,
      "node-str": "\"org.eclipse.ui.searchCombo\""
    },
    {
      "type": "insert-node",
      "node": {
        "label": "org.eclipse.ui.internal.actions.IWorkbenchWindow",
        "type": "VARIABLE_TYPE"
      },
      "location-after-char-start": 0,
      "location-after-char-end": 0,
      "node-str": "org.eclipse.ui.internal.actions.IWorkbenchWindow"
    },
    {
      "type": "insert-node",
      "node": {
        "label": "org.eclipse.ui.internal.actions.Combo",
        "type": "VARIABLE_TYPE"
      },
      "location-after-char-start": 0,
      "location-after-char-end": 0,
      "node-str": "org.eclipse.ui.internal.actions.Combo"
    },
    {
      "type": "insert-node",
      "node": {
        "label": "int",
        "type": "VARIABLE_TYPE"
      },
      "location-after-char-start": 0,
      "location-after-char-end": 0,
      "node-str": "int"
    },
    {
      "type": "insert-node",
      "node": {
        "label": "10",
        "type": "Literal"
      },
      "location-after-char-start": 664,
      "location-after-char-end": 665,
      "node-str": "10"
    },
    {
      "type": "insert-node",
      "node": {
        "label": "public",
        "type": "Modifier"
      },
      "location-after-char-start": 0,
      "location-after-char-end": 0,
      "node-str": "public"
    },
    {
      "type": "insert-node",
      "node": {
        "label": "window",
        "type": "Parameter"
      },
      "location-after-char-start": 951,
      "location-after-char-end": 973,
      "node-str": "window"
    },
    {
      "type": "insert-node",
      "node": {
        "label": "id",
        "type": "Parameter"
      },
      "location-after-char-start": 976,
      "location-after-char-end": 984,
      "node-str": "id"
    },
    {
      "type": "insert-node",
      "node": {
        "label": "\u003cinit\u003e",
        "type": "Invocation"
      },
      "location-after-char-start": 991,
      "location-after-char-end": 1000,
      "node-str": "\u003cinit\u003e"
    },
    {
      "type": "insert-node",
      "node": {
        "label": "\u003d",
        "type": "Assignment"
      },
      "location-after-char-start": 1004,
      "location-after-char-end": 1024,
      "node-str": "\u003d"
    },
    {
      "type": "insert-node",
      "node": {
        "label": "void",
        "type": "RETURN_TYPE"
      },
      "location-after-char-start": 0,
      "location-after-char-end": 0,
      "node-str": "void"
    },
    {
      "type": "insert-node",
      "node": {
        "label": "phrase",
        "type": "Parameter"
      },
      "location-after-char-start": 2009,
      "location-after-char-end": 2021,
      "node-str": "phrase"
    },
    {
      "type": "insert-node",
      "node": {
        "label": "updateList",
        "type": "Parameter"
      },
      "location-after-char-start": 2024,
      "location-after-char-end": 2041,
      "node-str": "updateList"
    },
    {
      "type": "insert-node",
      "node": {
        "label": "if",
        "type": "If"
      },
      "location-after-char-start": 2048,
      "location-after-char-end": 2129,
      "node-str": "if"
    },
    {
      "type": "insert-node",
      "node": {
        "label": "if",
        "type": "If"
      },
      "location-after-char-start": 2133,
      "location-after-char-end": 2579,
      "node-str": "if"
    },
    {
      "type": "move-subtree",
      "node": {
        "label": "search",
        "type": "Invocation"
      },
      "location-before-char-start": 2592,
      "location-before-char-end": 2648,
      "location-after-char-start": 2583,
      "location-after-char-end": 2639,
      "node-str": "search"
    },
    {
      "type": "insert-node",
      "node": {
        "label": "IWorkbenchWindow",
        "type": "VARIABLE_TYPE"
      },
      "location-after-char-start": 0,
      "location-after-char-end": 0,
      "node-str": "IWorkbenchWindow"
    },
    {
      "type": "insert-node",
      "node": {
        "label": "java.lang.String",
        "type": "VARIABLE_TYPE"
      },
      "location-after-char-start": 0,
      "location-after-char-end": 0,
      "node-str": "java.lang.String"
    },
    {
      "type": "insert-node",
      "node": {
        "label": "id",
        "type": "VariableRead"
      },
      "location-after-char-start": 997,
      "location-after-char-end": 998,
      "node-str": "id"
    },
    {
      "type": "insert-node",
      "node": {
        "label": "window",
        "type": "FieldWrite"
      },
      "location-after-char-start": 1004,
      "location-after-char-end": 1014,
      "node-str": "window"
    },
    {
      "type": "insert-node",
      "node": {
        "label": "window",
        "type": "VariableRead"
      },
      "location-after-char-start": 1018,
      "location-after-char-end": 1023,
      "node-str": "window"
    },
    {
      "type": "update-node",
      "node": {
        "label": "KeyListener()",
        "type": "NewClass"
      },
      "location-before-char-start": 1469,
      "location-before-char-end": 1660,
      "location-after-char-start": 1481,
      "location-after-char-end": 1625,
      "node-str": "KeyAdapter()"
    },
    {
      "type": "insert-node",
      "node": {
        "label": "java.lang.String",
        "type": "VARIABLE_TYPE"
      },
      "location-after-char-start": 0,
      "location-after-char-end": 0,
      "node-str": "java.lang.String"
    },
    {
      "type": "insert-node",
      "node": {
        "label": "boolean",
        "type": "VARIABLE_TYPE"
      },
      "location-after-char-start": 0,
      "location-after-char-end": 0,
      "node-str": "boolean"
    },
    {
      "type": "move-subtree",
      "node": {
        "label": "EQ",
        "type": "BinaryOperator"
      },
      "location-before-char-start": 2087,
      "location-before-char-end": 2104,
      "location-after-char-start": 2052,
      "location-after-char-end": 2069,
      "node-str": "EQ"
    },
    {
      "type": "insert-node",
      "node": {
        "label": "THEN",
        "type": "then"
      },
      "location-after-char-start": 2072,
      "location-after-char-end": 2129,
      "node-str": "THEN"
    },
    {
      "type": "insert-node",
      "node": {
        "label": "updateList",
        "type": "VariableRead"
      },
      "location-after-char-start": 2137,
      "location-after-char-end": 2146,
      "node-str": "updateList"
    },
    {
      "type": "insert-node",
      "node": {
        "label": "THEN",
        "type": "then"
      },
      "location-after-char-start": 2149,
      "location-after-char-end": 2579,
      "node-str": "THEN"
    },
    {
      "type": "insert-node",
      "node": {
        "label": "this",
        "type": "ThisAccess"
      },
      "location-after-char-start": 1004,
      "location-after-char-end": 1007,
      "node-str": "this"
    },
    {
      "type": "update-node",
      "node": {
        "label": "org.eclipse.ui.internal.actions.SearchComboContributionItem",
        "type": "TypeAccess"
      },
      "location-before-char-start": 0,
      "location-before-char-end": 0,
      "location-after-char-start": 0,
      "location-after-char-end": 0,
      "node-str": "org.eclipse.ui.internal.actions.HelpSearchComboContributionItem"
    },
    {
      "type": "update-node",
      "node": {
        "label": "org.eclipse.ui.internal.actions.SearchComboContributionItem",
        "type": "TypeAccess"
      },
      "location-before-char-start": 0,
      "location-before-char-end": 0,
      "location-after-char-start": 0,
      "location-after-char-end": 0,
      "node-str": "org.eclipse.ui.internal.actions.HelpSearchComboContributionItem"
    },
    {
      "type": "update-node",
      "node": {
        "label": "org.eclipse.ui.internal.actions.SearchComboContributionItem",
        "type": "TypeAccess"
      },
      "location-before-char-start": 0,
      "location-before-char-end": 0,
      "location-after-char-start": 0,
      "location-after-char-end": 0,
      "node-str": "org.eclipse.ui.internal.actions.HelpSearchComboContributionItem"
    },
    {
      "type": "update-node",
      "node": {
        "label": "org.eclipse.ui.internal.actions.SearchComboContributionItem",
        "type": "TypeAccess"
      },
      "location-before-char-start": 0,
      "location-before-char-end": 0,
      "location-after-char-start": 0,
      "location-after-char-end": 0,
      "node-str": "org.eclipse.ui.internal.actions.HelpSearchComboContributionItem"
    },
    {
      "type": "update-node",
      "node": {
        "label": "org.eclipse.ui.internal.actions.SearchComboContributionItem",
        "type": "TypeAccess"
      },
      "location-before-char-start": 0,
      "location-before-char-end": 0,
      "location-after-char-start": 0,
      "location-after-char-end": 0,
      "node-str": "org.eclipse.ui.internal.actions.HelpSearchComboContributionItem"
    },
    {
      "type": "update-node",
      "node": {
        "label": "org.eclipse.ui.internal.actions.SearchComboContributionItem",
        "type": "TypeAccess"
      },
      "location-before-char-start": 0,
      "location-before-char-end": 0,
      "location-after-char-start": 0,
      "location-after-char-end": 0,
      "node-str": "org.eclipse.ui.internal.actions.HelpSearchComboContributionItem"
    },
    {
      "type": "insert-node",
      "node": {
        "label": "beep",
        "type": "Invocation"
      },
      "location-after-char-start": 2077,
      "location-after-char-end": 2114,
      "node-str": "beep"
    },
    {
      "type": "insert-node",
      "node": {
        "label": "return",
        "type": "Return"
      },
      "location-after-char-start": 2119,
      "location-after-char-end": 2125,
      "node-str": "return"
    },
    {
      "type": "insert-node",
      "node": {
        "label": "exists",
        "type": "LocalVariable"
      },
      "location-after-char-start": 2154,
      "location-after-char-end": 2176,
      "node-str": "exists"
    },
    {
      "type": "insert-node",
      "node": {
        "label": "",
        "type": "For"
      },
      "location-after-char-start": 2181,
      "location-after-char-end": 2348,
      "node-str": ""
    },
    {
      "type": "insert-node",
      "node": {
        "label": "if",
        "type": "If"
      },
      "location-after-char-start": 2353,
      "location-after-char-end": 2575,
      "node-str": "if"
    },
    {
      "type": "insert-node",
      "node": {
        "label": "org.eclipse.ui.internal.actions.HelpSearchComboContributionItem",
        "type": "TypeAccess"
      },
      "location-after-char-start": 0,
      "location-after-char-end": 0,
      "node-str": "org.eclipse.ui.internal.actions.HelpSearchComboContributionItem"
    },
    {
      "type": "insert-node",
      "node": {
        "label": "getDisplay",
        "type": "Invocation"
      },
      "location-after-char-start": 2077,
      "location-after-char-end": 2106,
      "node-str": "getDisplay"
    },
    {
      "type": "insert-node",
      "node": {
        "label": "boolean",
        "type": "VARIABLE_TYPE"
      },
      "location-after-char-start": 0,
      "location-after-char-end": 0,
      "node-str": "boolean"
    },
    {
      "type": "insert-node",
      "node": {
        "label": "false",
        "type": "Literal"
      },
      "location-after-char-start": 2171,
      "location-after-char-end": 2175,
      "node-str": "false"
    },
    {
      "type": "insert-node",
      "node": {
        "label": "i",
        "type": "LocalVariable"
      },
      "location-after-char-start": 2186,
      "location-after-char-end": 2194,
      "node-str": "i"
    },
    {
      "type": "insert-node",
      "node": {
        "label": "LT",
        "type": "BinaryOperator"
      },
      "location-after-char-start": 2197,
      "location-after-char-end": 2220,
      "node-str": "LT"
    },
    {
      "type": "insert-node",
      "node": {
        "label": "POSTINC",
        "type": "UnaryOperator"
      },
      "location-after-char-start": 2223,
      "location-after-char-end": 2225,
      "node-str": "POSTINC"
    },
    {
      "type": "insert-node",
      "node": {
        "label": "item",
        "type": "LocalVariable"
      },
      "location-after-char-start": 2234,
      "location-after-char-end": 2264,
      "node-str": "item"
    },
    {
      "type": "move-subtree",
      "node": {
        "label": "if",
        "type": "If"
      },
      "location-before-char-start": 2305,
      "location-before-char-end": 2378,
      "location-after-char-start": 2270,
      "location-after-char-end": 2343,
      "node-str": "if"
    },
    {
      "type": "insert-node",
      "node": {
        "label": "NOT",
        "type": "UnaryOperator"
      },
      "location-after-char-start": 2357,
      "location-after-char-end": 2363,
      "node-str": "NOT"
    },
    {
      "type": "insert-node",
      "node": {
        "label": "THEN",
        "type": "then"
      },
      "location-after-char-start": 2366,
      "location-after-char-end": 2575,
      "node-str": "THEN"
    },
    {
      "type": "update-node",
      "node": {
        "label": "org.eclipse.ui.internal.actions.SearchComboContributionItem",
        "type": "TypeAccess"
      },
      "location-before-char-start": 0,
      "location-before-char-end": 0,
      "location-after-char-start": 0,
      "location-after-char-end": 0,
      "node-str": "org.eclipse.ui.internal.actions.HelpSearchComboContributionItem"
    },
    {
      "type": "update-node",
      "node": {
        "label": "KeyListener",
        "type": "SUPER_TYPE"
      },
      "location-before-char-start": 0,
      "location-before-char-end": 0,
      "location-after-char-start": 0,
      "location-after-char-end": 0,
      "node-str": "KeyAdapter"
    },
    {
      "type": "insert-node",
      "node": {
        "label": "getShell",
        "type": "Invocation"
      },
      "location-after-char-start": 2077,
      "location-after-char-end": 2093,
      "node-str": "getShell"
    },
    {
      "type": "insert-node",
      "node": {
        "label": "int",
        "type": "VARIABLE_TYPE"
      },
      "location-after-char-start": 0,
      "location-after-char-end": 0,
      "node-str": "int"
    },
    {
      "type": "insert-node",
      "node": {
        "label": "0",
        "type": "Literal"
      },
      "location-after-char-start": 2194,
      "location-after-char-end": 2194,
      "node-str": "0"
    },
    {
      "type": "insert-node",
      "node": {
        "label": "i",
        "type": "VariableRead"
      },
      "location-after-char-start": 2197,
      "location-after-char-end": 2197,
      "node-str": "i"
    },
    {
      "type": "insert-node",
      "node": {
        "label": "getItemCount",
        "type": "Invocation"
      },
      "location-after-char-start": 2201,
      "location-after-char-end": 2220,
      "node-str": "getItemCount"
    },
    {
      "type": "insert-node",
      "node": {
        "label": "i",
        "type": "VariableWrite"
      },
      "location-after-char-start": 2223,
      "location-after-char-end": 2223,
      "node-str": "i"
    },
    {
      "type": "insert-node",
      "node": {
        "label": "java.lang.String",
        "type": "VARIABLE_TYPE"
      },
      "location-after-char-start": 0,
      "location-after-char-end": 0,
      "node-str": "java.lang.String"
    },
    {
      "type": "insert-node",
      "node": {
        "label": "getItem",
        "type": "Invocation"
      },
      "location-after-char-start": 2248,
      "location-after-char-end": 2263,
      "node-str": "getItem"
    },
    {
      "type": "insert-node",
      "node": {
        "label": "exists",
        "type": "VariableRead"
      },
      "location-after-char-start": 2358,
      "location-after-char-end": 2363,
      "node-str": "exists"
    },
    {
      "type": "insert-node",
      "node": {
        "label": "add",
        "type": "Invocation"
      },
      "location-after-char-start": 2372,
      "location-after-char-end": 2392,
      "node-str": "add"
    },
    {
      "type": "insert-node",
      "node": {
        "label": "if",
        "type": "If"
      },
      "location-after-char-start": 2398,
      "location-after-char-end": 2484,
      "node-str": "if"
    },
    {
      "type": "move-subtree",
      "node": {
        "label": "put",
        "type": "Invocation"
      },
      "location-before-char-start": 2499,
      "location-before-char-end": 2579,
      "location-after-char-start": 2490,
      "location-after-char-end": 2570,
      "node-str": "put"
    },
    {
      "type": "insert-node",
      "node": {
        "label": "window",
        "type": "FieldRead"
      },
      "location-after-char-start": 2077,
      "location-after-char-end": 2082,
      "node-str": "window"
    },
    {
      "type": "insert-node",
      "node": {
        "label": "combo",
        "type": "FieldRead"
      },
      "location-after-char-start": 2201,
      "location-after-char-end": 2205,
      "node-str": "combo"
    },
    {
      "type": "insert-node",
      "node": {
        "label": "combo",
        "type": "FieldRead"
      },
      "location-after-char-start": 2248,
      "location-after-char-end": 2252,
      "node-str": "combo"
    },
    {
      "type": "insert-node",
      "node": {
        "label": "i",
        "type": "VariableRead"
      },
      "location-after-char-start": 2262,
      "location-after-char-end": 2262,
      "node-str": "i"
    },
    {
      "type": "insert-node",
      "node": {
        "label": "combo",
        "type": "FieldRead"
      },
      "location-after-char-start": 2372,
      "location-after-char-end": 2376,
      "node-str": "combo"
    },
    {
      "type": "insert-node",
      "node": {
        "label": "phrase",
        "type": "VariableRead"
      },
      "location-after-char-start": 2382,
      "location-after-char-end": 2387,
      "node-str": "phrase"
    },
    {
      "type": "insert-node",
      "node": {
        "label": "0",
        "type": "Literal"
      },
      "location-after-char-start": 2390,
      "location-after-char-end": 2390,
      "node-str": "0"
    },
    {
      "type": "insert-node",
      "node": {
        "label": "GT",
        "type": "BinaryOperator"
      },
      "location-after-char-start": 2402,
      "location-after-char-end": 2438,
      "node-str": "GT"
    },
    {
      "type": "insert-node",
      "node": {
        "label": "THEN",
        "type": "then"
      },
      "location-after-char-start": 2446,
      "location-after-char-end": 2484,
      "node-str": "THEN"
    },
    {
      "type": "insert-node",
      "node": {
        "label": "org.eclipse.ui.internal.actions.HelpSearchComboContributionItem",
        "type": "TypeAccess"
      },
      "location-after-char-start": 0,
      "location-after-char-end": 0,
      "node-str": "org.eclipse.ui.internal.actions.HelpSearchComboContributionItem"
    },
    {
      "type": "insert-node",
      "node": {
        "label": "org.eclipse.ui.internal.actions.HelpSearchComboContributionItem",
        "type": "TypeAccess"
      },
      "location-after-char-start": 0,
      "location-after-char-end": 0,
      "node-str": "org.eclipse.ui.internal.actions.HelpSearchComboContributionItem"
    },
    {
      "type": "insert-node",
      "node": {
        "label": "org.eclipse.ui.internal.actions.HelpSearchComboContributionItem",
        "type": "TypeAccess"
      },
      "location-after-char-start": 0,
      "location-after-char-end": 0,
      "node-str": "org.eclipse.ui.internal.actions.HelpSearchComboContributionItem"
    },
    {
      "type": "insert-node",
      "node": {
        "label": "org.eclipse.ui.internal.actions.HelpSearchComboContributionItem",
        "type": "TypeAccess"
      },
      "location-after-char-start": 0,
      "location-after-char-end": 0,
      "node-str": "org.eclipse.ui.internal.actions.HelpSearchComboContributionItem"
    },
    {
      "type": "insert-node",
      "node": {
        "label": "getItemCount",
        "type": "Invocation"
      },
      "location-after-char-start": 2402,
      "location-after-char-end": 2421,
      "node-str": "getItemCount"
    },
    {
      "type": "insert-node",
      "node": {
        "label": "MAX_ITEM_COUNT",
        "type": "FieldRead"
      },
      "location-after-char-start": 2425,
      "location-after-char-end": 2438,
      "node-str": "MAX_ITEM_COUNT"
    },
    {
      "type": "insert-node",
      "node": {
        "label": "remove",
        "type": "Invocation"
      },
      "location-after-char-start": 2446,
      "location-after-char-end": 2484,
      "node-str": "remove"
    },
    {
      "type": "update-node",
      "node": {
        "label": "org.eclipse.ui.internal.actions.SearchComboContributionItem$1",
        "type": "TypeAccess"
      },
      "location-before-char-start": 0,
      "location-before-char-end": 0,
      "location-after-char-start": 0,
      "location-after-char-end": 0,
      "node-str": "org.eclipse.ui.internal.actions.HelpSearchComboContributionItem$1"
    },
    {
      "type": "update-node",
      "node": {
        "label": "org.eclipse.ui.internal.actions.SearchComboContributionItem",
        "type": "TypeAccess"
      },
      "location-before-char-start": 0,
      "location-before-char-end": 0,
      "location-after-char-start": 0,
      "location-after-char-end": 0,
      "node-str": "org.eclipse.ui.internal.actions.HelpSearchComboContributionItem"
    },
    {
      "type": "update-node",
      "node": {
        "label": "org.eclipse.ui.internal.actions.SearchComboContributionItem$2",
        "type": "TypeAccess"
      },
      "location-before-char-start": 0,
      "location-before-char-end": 0,
      "location-after-char-start": 0,
      "location-after-char-end": 0,
      "node-str": "org.eclipse.ui.internal.actions.HelpSearchComboContributionItem$2"
    },
    {
      "type": "insert-node",
      "node": {
        "label": "combo",
        "type": "FieldRead"
      },
      "location-after-char-start": 2402,
      "location-after-char-end": 2406,
      "node-str": "combo"
    },
    {
      "type": "insert-node",
      "node": {
        "label": "org.eclipse.ui.internal.actions.HelpSearchComboContributionItem",
        "type": "TypeAccess"
      },
      "location-after-char-start": 0,
      "location-after-char-end": 0,
      "node-str": "org.eclipse.ui.internal.actions.HelpSearchComboContributionItem"
    },
    {
      "type": "insert-node",
      "node": {
        "label": "combo",
        "type": "FieldRead"
      },
      "location-after-char-start": 2446,
      "location-after-char-end": 2450,
      "node-str": "combo"
    },
    {
      "type": "insert-node",
      "node": {
        "label": "MINUS",
        "type": "BinaryOperator"
      },
      "location-after-char-start": 2459,
      "location-after-char-end": 2482,
      "node-str": "MINUS"
    },
    {
      "type": "update-node",
      "node": {
        "label": "org.eclipse.ui.internal.actions.SearchComboContributionItem",
        "type": "TypeAccess"
      },
      "location-before-char-start": 0,
      "location-before-char-end": 0,
      "location-after-char-start": 0,
      "location-after-char-end": 0,
      "node-str": "org.eclipse.ui.internal.actions.HelpSearchComboContributionItem"
    },
    {
      "type": "insert-node",
      "node": {
        "label": "org.eclipse.ui.internal.actions.HelpSearchComboContributionItem",
        "type": "TypeAccess"
      },
      "location-after-char-start": 0,
      "location-after-char-end": 0,
      "node-str": "org.eclipse.ui.internal.actions.HelpSearchComboContributionItem"
    },
    {
      "type": "insert-node",
      "node": {
        "label": "org.eclipse.ui.internal.actions.HelpSearchComboContributionItem",
        "type": "TypeAccess"
      },
      "location-after-char-start": 0,
      "location-after-char-end": 0,
      "node-str": "org.eclipse.ui.internal.actions.HelpSearchComboContributionItem"
    },
    {
      "type": "insert-node",
      "node": {
        "label": "getItemCount",
        "type": "Invocation"
      },
      "location-after-char-start": 2459,
      "location-after-char-end": 2478,
      "node-str": "getItemCount"
    },
    {
      "type": "insert-node",
      "node": {
        "label": "1",
        "type": "Literal"
      },
      "location-after-char-start": 2482,
      "location-after-char-end": 2482,
      "node-str": "1"
    },
    {
      "type": "update-node",
      "node": {
        "label": "org.eclipse.ui.internal.actions.SearchComboContributionItem",
        "type": "TypeAccess"
      },
      "location-before-char-start": 0,
      "location-before-char-end": 0,
      "location-after-char-start": 0,
      "location-after-char-end": 0,
      "node-str": "org.eclipse.ui.internal.actions.HelpSearchComboContributionItem"
    },
    {
      "type": "update-node",
      "node": {
        "label": "org.eclipse.ui.internal.actions.SearchComboContributionItem",
        "type": "TypeAccess"
      },
      "location-before-char-start": 0,
      "location-before-char-end": 0,
      "location-after-char-start": 0,
      "location-after-char-end": 0,
      "node-str": "org.eclipse.ui.internal.actions.HelpSearchComboContributionItem"
    },
    {
      "type": "insert-node",
      "node": {
        "label": "combo",
        "type": "FieldRead"
      },
      "location-after-char-start": 2459,
      "location-after-char-end": 2463,
      "node-str": "combo"
    },
    {
      "type": "insert-node",
      "node": {
        "label": "org.eclipse.ui.internal.actions.HelpSearchComboContributionItem",
        "type": "TypeAccess"
      },
      "location-after-char-start": 0,
      "location-after-char-end": 0,
      "node-str": "org.eclipse.ui.internal.actions.HelpSearchComboContributionItem"
    },
    {
      "type": "delete-node",
      "node": {
        "label": "public",
        "type": "Modifier"
      },
      "location-before-char-start": 0,
      "location-before-char-end": 0,
      "node-str": "public"
    },
    {
      "type": "delete-node",
      "node": {
        "label": "org.eclipse.jface.action.ControlContribution",
        "type": "SUPER_TYPE"
      },
      "location-before-char-start": 0,
      "location-before-char-end": 0,
      "node-str": "org.eclipse.jface.action.ControlContribution"
    },
    {
      "type": "delete-node",
      "node": {
        "label": "",
        "type": "TypeReference"
      },
      "location-before-char-start": 470,
      "location-before-char-end": 488,
      "node-str": ""
    },
    {
      "type": "delete-node",
      "node": {
        "label": "java.lang.String",
        "type": "VARIABLE_TYPE"
      },
      "location-before-char-start": 0,
      "location-before-char-end": 0,
      "node-str": "java.lang.String"
    },
    {
      "type": "delete-node",
      "node": {
        "label": "final",
        "type": "Modifier"
      },
      "location-before-char-start": 0,
      "location-before-char-end": 0,
      "node-str": "final"
    },
    {
      "type": "delete-node",
      "node": {
        "label": "static",
        "type": "Modifier"
      },
      "location-before-char-start": 0,
      "location-before-char-end": 0,
      "node-str": "static"
    },
    {
      "type": "delete-node",
      "node": {
        "label": "\"org.eclipse.ui.searchCombo\"",
        "type": "Literal"
      },
      "location-before-char-start": 526,
      "location-before-char-end": 553,
      "node-str": "\"org.eclipse.ui.searchCombo\""
    },
    {
      "type": "delete-node",
      "node": {
        "label": "ID",
        "type": "Field"
      },
      "location-before-char-start": 493,
      "location-before-char-end": 554,
      "node-str": "ID"
    },
    {
      "type": "delete-node",
      "node": {
        "label": "org.eclipse.ui.internal.actions.IWorkbenchWindow",
        "type": "VARIABLE_TYPE"
      },
      "location-before-char-start": 0,
      "location-before-char-end": 0,
      "node-str": "org.eclipse.ui.internal.actions.IWorkbenchWindow"
    },
    {
      "type": "delete-node",
      "node": {
        "label": "window",
        "type": "Field"
      },
      "location-before-char-start": 573,
      "location-before-char-end": 604,
      "node-str": "window"
    },
    {
      "type": "delete-node",
      "node": {
        "label": "org.eclipse.ui.internal.actions.Combo",
        "type": "VARIABLE_TYPE"
      },
      "location-before-char-start": 0,
      "location-before-char-end": 0,
      "node-str": "org.eclipse.ui.internal.actions.Combo"
    },
    {
      "type": "delete-node",
      "node": {
        "label": "combo",
        "type": "Field"
      },
      "location-before-char-start": 608,
      "location-before-char-end": 627,
      "node-str": "combo"
    },
    {
      "type": "delete-node",
      "node": {
        "label": "int",
        "type": "VARIABLE_TYPE"
      },
      "location-before-char-start": 0,
      "location-before-char-end": 0,
      "node-str": "int"
    },
    {
      "type": "delete-node",
      "node": {
        "label": "10",
        "type": "Literal"
      },
      "location-before-char-start": 660,
      "location-before-char-end": 661,
      "node-str": "10"
    },
    {
      "type": "delete-node",
      "node": {
        "label": "MAX_ITEM_COUNT",
        "type": "Field"
      },
      "location-before-char-start": 631,
      "location-before-char-end": 662,
      "node-str": "MAX_ITEM_COUNT"
    },
    {
      "type": "delete-node",
      "node": {
        "label": "public",
        "type": "Modifier"
      },
      "location-before-char-start": 0,
      "location-before-char-end": 0,
      "node-str": "public"
    },
    {
      "type": "delete-node",
      "node": {
        "label": "IWorkbenchWindow",
        "type": "VARIABLE_TYPE"
      },
      "location-before-char-start": 0,
      "location-before-char-end": 0,
      "node-str": "IWorkbenchWindow"
    },
    {
      "type": "delete-node",
      "node": {
        "label": "window",
        "type": "Parameter"
      },
      "location-before-char-start": 939,
      "location-before-char-end": 961,
      "node-str": "window"
    },
    {
      "type": "delete-node",
      "node": {
        "label": "java.lang.String",
        "type": "VARIABLE_TYPE"
      },
      "location-before-char-start": 0,
      "location-before-char-end": 0,
      "node-str": "java.lang.String"
    },
    {
      "type": "delete-node",
      "node": {
        "label": "id",
        "type": "Parameter"
      },
      "location-before-char-start": 964,
      "location-before-char-end": 972,
      "node-str": "id"
    },
    {
      "type": "delete-node",
      "node": {
        "label": "id",
        "type": "VariableRead"
      },
      "location-before-char-start": 985,
      "location-before-char-end": 986,
      "node-str": "id"
    },
    {
      "type": "delete-node",
      "node": {
        "label": "\u003cinit\u003e",
        "type": "Invocation"
      },
      "location-before-char-start": 979,
      "location-before-char-end": 988,
      "node-str": "\u003cinit\u003e"
    },
    {
      "type": "delete-node",
      "node": {
        "label": "org.eclipse.ui.internal.actions.SearchComboContributionItem",
        "type": "TypeAccess"
      },
      "location-before-char-start": 0,
      "location-before-char-end": 0,
      "node-str": "org.eclipse.ui.internal.actions.SearchComboContributionItem"
    },
    {
      "type": "delete-node",
      "node": {
        "label": "this",
        "type": "ThisAccess"
      },
      "location-before-char-start": 992,
      "location-before-char-end": 995,
      "node-str": "this"
    },
    {
      "type": "delete-node",
      "node": {
        "label": "window",
        "type": "FieldWrite"
      },
      "location-before-char-start": 992,
      "location-before-char-end": 1002,
      "node-str": "window"
    },
    {
      "type": "delete-node",
      "node": {
        "label": "window",
        "type": "VariableRead"
      },
      "location-before-char-start": 1006,
      "location-before-char-end": 1011,
      "node-str": "window"
    },
    {
      "type": "delete-node",
      "node": {
        "label": "\u003d",
        "type": "Assignment"
      },
      "location-before-char-start": 992,
      "location-before-char-end": 1012,
      "node-str": "\u003d"
    },
    {
      "type": "delete-node",
      "node": {
        "label": "\u003cinit\u003e",
        "type": "Constructor"
      },
      "location-before-char-start": 822,
      "location-before-char-end": 1015,
      "node-str": "\u003cinit\u003e"
    },
    {
      "type": "delete-node",
      "node": {
        "label": "void",
        "type": "RETURN_TYPE"
      },
      "location-before-char-start": 0,
      "location-before-char-end": 0,
      "node-str": "void"
    },
    {
      "type": "delete-node",
      "node": {
        "label": "public",
        "type": "Modifier"
      },
      "location-before-char-start": 0,
      "location-before-char-end": 0,
      "node-str": "public"
    },
    {
      "type": "delete-node",
      "node": {
        "label": "KeyEvent",
        "type": "VARIABLE_TYPE"
      },
      "location-before-char-start": 0,
      "location-before-char-end": 0,
      "node-str": "KeyEvent"
    },
    {
      "type": "delete-node",
      "node": {
        "label": "e",
        "type": "Parameter"
      },
      "location-before-char-start": 1639,
      "location-before-char-end": 1648,
      "node-str": "e"
    },
    {
      "type": "delete-node",
      "node": {
        "label": "keyPressed",
        "type": "Method"
      },
      "location-before-char-start": 1616,
      "location-before-char-end": 1656,
      "node-str": "keyPressed"
    },
    {
      "type": "delete-node",
      "node": {
        "label": "void",
        "type": "RETURN_TYPE"
      },
      "location-before-char-start": 0,
      "location-before-char-end": 0,
      "node-str": "void"
    },
    {
      "type": "delete-node",
      "node": {
        "label": "java.lang.String",
        "type": "VARIABLE_TYPE"
      },
      "location-before-char-start": 0,
      "location-before-char-end": 0,
      "node-str": "java.lang.String"
    },
    {
      "type": "delete-node",
      "node": {
        "label": "phrase",
        "type": "Parameter"
      },
      "location-before-char-start": 2044,
      "location-before-char-end": 2056,
      "node-str": "phrase"
    },
    {
      "type": "delete-node",
      "node": {
        "label": "boolean",
        "type": "VARIABLE_TYPE"
      },
      "location-before-char-start": 0,
      "location-before-char-end": 0,
      "node-str": "boolean"
    },
    {
      "type": "delete-node",
      "node": {
        "label": "updateList",
        "type": "Parameter"
      },
      "location-before-char-start": 2059,
      "location-before-char-end": 2076,
      "node-str": "updateList"
    },
    {
      "type": "delete-node",
      "node": {
        "label": "org.eclipse.ui.internal.actions.SearchComboContributionItem",
        "type": "TypeAccess"
      },
      "location-before-char-start": 0,
      "location-before-char-end": 0,
      "node-str": "org.eclipse.ui.internal.actions.SearchComboContributionItem"
    },
    {
      "type": "delete-node",
      "node": {
        "label": "window",
        "type": "FieldRead"
      },
      "location-before-char-start": 2112,
      "location-before-char-end": 2117,
      "node-str": "window"
    },
    {
      "type": "delete-node",
      "node": {
        "label": "getShell",
        "type": "Invocation"
      },
      "location-before-char-start": 2112,
      "location-before-char-end": 2128,
      "node-str": "getShell"
    },
    {
      "type": "delete-node",
      "node": {
        "label": "getDisplay",
        "type": "Invocation"
      },
      "location-before-char-start": 2112,
      "location-before-char-end": 2141,
      "node-str": "getDisplay"
    },
    {
      "type": "delete-node",
      "node": {
        "label": "beep",
        "type": "Invocation"
      },
      "location-before-char-start": 2112,
      "location-before-char-end": 2149,
      "node-str": "beep"
    },
    {
      "type": "delete-node",
      "node": {
        "label": "return",
        "type": "Return"
      },
      "location-before-char-start": 2154,
      "location-before-char-end": 2160,
      "node-str": "return"
    },
    {
      "type": "delete-node",
      "node": {
        "label": "THEN",
        "type": "then"
      },
      "location-before-char-start": 2107,
      "location-before-char-end": 2164,
      "node-str": "THEN"
    },
    {
      "type": "delete-node",
      "node": {
        "label": "if",
        "type": "If"
      },
      "location-before-char-start": 2083,
      "location-before-char-end": 2164,
      "node-str": "if"
    },
    {
      "type": "delete-node",
      "node": {
        "label": "updateList",
        "type": "VariableRead"
      },
      "location-before-char-start": 2172,
      "location-before-char-end": 2181,
      "node-str": "updateList"
    },
    {
      "type": "delete-node",
      "node": {
        "label": "boolean",
        "type": "VARIABLE_TYPE"
      },
      "location-before-char-start": 0,
      "location-before-char-end": 0,
      "node-str": "boolean"
    },
    {
      "type": "delete-node",
      "node": {
        "label": "false",
        "type": "Literal"
      },
      "location-before-char-start": 2206,
      "location-before-char-end": 2210,
      "node-str": "false"
    },
    {
      "type": "delete-node",
      "node": {
        "label": "exists",
        "type": "LocalVariable"
      },
      "location-before-char-start": 2189,
      "location-before-char-end": 2211,
      "node-str": "exists"
    },
    {
      "type": "delete-node",
      "node": {
        "label": "int",
        "type": "VARIABLE_TYPE"
      },
      "location-before-char-start": 0,
      "location-before-char-end": 0,
      "node-str": "int"
    },
    {
      "type": "delete-node",
      "node": {
        "label": "0",
        "type": "Literal"
      },
      "location-before-char-start": 2229,
      "location-before-char-end": 2229,
      "node-str": "0"
    },
    {
      "type": "delete-node",
      "node": {
        "label": "i",
        "type": "LocalVariable"
      },
      "location-before-char-start": 2221,
      "location-before-char-end": 2229,
      "node-str": "i"
    },
    {
      "type": "delete-node",
      "node": {
        "label": "i",
        "type": "VariableRead"
      },
      "location-before-char-start": 2232,
      "location-before-char-end": 2232,
      "node-str": "i"
    },
    {
      "type": "delete-node",
      "node": {
        "label": "org.eclipse.ui.internal.actions.SearchComboContributionItem",
        "type": "TypeAccess"
      },
      "location-before-char-start": 0,
      "location-before-char-end": 0,
      "node-str": "org.eclipse.ui.internal.actions.SearchComboContributionItem"
    },
    {
      "type": "delete-node",
      "node": {
        "label": "combo",
        "type": "FieldRead"
      },
      "location-before-char-start": 2236,
      "location-before-char-end": 2240,
      "node-str": "combo"
    },
    {
      "type": "delete-node",
      "node": {
        "label": "getItemCount",
        "type": "Invocation"
      },
      "location-before-char-start": 2236,
      "location-before-char-end": 2255,
      "node-str": "getItemCount"
    },
    {
      "type": "delete-node",
      "node": {
        "label": "LT",
        "type": "BinaryOperator"
      },
      "location-before-char-start": 2232,
      "location-before-char-end": 2255,
      "node-str": "LT"
    },
    {
      "type": "delete-node",
      "node": {
        "label": "i",
        "type": "VariableWrite"
      },
      "location-before-char-start": 2258,
      "location-before-char-end": 2258,
      "node-str": "i"
    },
    {
      "type": "delete-node",
      "node": {
        "label": "POSTINC",
        "type": "UnaryOperator"
      },
      "location-before-char-start": 2258,
      "location-before-char-end": 2260,
      "node-str": "POSTINC"
    },
    {
      "type": "delete-node",
      "node": {
        "label": "java.lang.String",
        "type": "VARIABLE_TYPE"
      },
      "location-before-char-start": 0,
      "location-before-char-end": 0,
      "node-str": "java.lang.String"
    },
    {
      "type": "delete-node",
      "node": {
        "label": "org.eclipse.ui.internal.actions.SearchComboContributionItem",
        "type": "TypeAccess"
      },
      "location-before-char-start": 0,
      "location-before-char-end": 0,
      "node-str": "org.eclipse.ui.internal.actions.SearchComboContributionItem"
    },
    {
      "type": "delete-node",
      "node": {
        "label": "combo",
        "type": "FieldRead"
      },
      "location-before-char-start": 2283,
      "location-before-char-end": 2287,
      "node-str": "combo"
    },
    {
      "type": "delete-node",
      "node": {
        "label": "i",
        "type": "VariableRead"
      },
      "location-before-char-start": 2297,
      "location-before-char-end": 2297,
      "node-str": "i"
    },
    {
      "type": "delete-node",
      "node": {
        "label": "getItem",
        "type": "Invocation"
      },
      "location-before-char-start": 2283,
      "location-before-char-end": 2298,
      "node-str": "getItem"
    },
    {
      "type": "delete-node",
      "node": {
        "label": "item",
        "type": "LocalVariable"
      },
      "location-before-char-start": 2269,
      "location-before-char-end": 2299,
      "node-str": "item"
    },
    {
      "type": "delete-node",
      "node": {
        "label": "",
        "type": "For"
      },
      "location-before-char-start": 2216,
      "location-before-char-end": 2383,
      "node-str": ""
    },
    {
      "type": "delete-node",
      "node": {
        "label": "exists",
        "type": "VariableRead"
      },
      "location-before-char-start": 2393,
      "location-before-char-end": 2398,
      "node-str": "exists"
    },
    {
      "type": "delete-node",
      "node": {
        "label": "NOT",
        "type": "UnaryOperator"
      },
      "location-before-char-start": 2392,
      "location-before-char-end": 2398,
      "node-str": "NOT"
    },
    {
      "type": "delete-node",
      "node": {
        "label": "org.eclipse.ui.internal.actions.SearchComboContributionItem",
        "type": "TypeAccess"
      },
      "location-before-char-start": 0,
      "location-before-char-end": 0,
      "node-str": "org.eclipse.ui.internal.actions.SearchComboContributionItem"
    },
    {
      "type": "delete-node",
      "node": {
        "label": "combo",
        "type": "FieldRead"
      },
      "location-before-char-start": 2407,
      "location-before-char-end": 2411,
      "node-str": "combo"
    },
    {
      "type": "delete-node",
      "node": {
        "label": "phrase",
        "type": "VariableRead"
      },
      "location-before-char-start": 2417,
      "location-before-char-end": 2422,
      "node-str": "phrase"
    },
    {
      "type": "delete-node",
      "node": {
        "label": "add",
        "type": "Invocation"
      },
      "location-before-char-start": 2407,
      "location-before-char-end": 2424,
      "node-str": "add"
    },
    {
      "type": "delete-node",
      "node": {
        "label": "org.eclipse.ui.internal.actions.SearchComboContributionItem",
        "type": "TypeAccess"
      },
      "location-before-char-start": 0,
      "location-before-char-end": 0,
      "node-str": "org.eclipse.ui.internal.actions.SearchComboContributionItem"
    },
    {
      "type": "delete-node",
      "node": {
        "label": "combo",
        "type": "FieldRead"
      },
      "location-before-char-start": 2434,
      "location-before-char-end": 2438,
      "node-str": "combo"
    },
    {
      "type": "delete-node",
      "node": {
        "label": "getItemCount",
        "type": "Invocation"
      },
      "location-before-char-start": 2434,
      "location-before-char-end": 2453,
      "node-str": "getItemCount"
    },
    {
      "type": "delete-node",
      "node": {
        "label": "org.eclipse.ui.internal.actions.SearchComboContributionItem",
        "type": "TypeAccess"
      },
      "location-before-char-start": 0,
      "location-before-char-end": 0,
      "node-str": "org.eclipse.ui.internal.actions.SearchComboContributionItem"
    },
    {
      "type": "delete-node",
      "node": {
        "label": "MAX_ITEM_COUNT",
        "type": "FieldRead"
      },
      "location-before-char-start": 2457,
      "location-before-char-end": 2470,
      "node-str": "MAX_ITEM_COUNT"
    },
    {
      "type": "delete-node",
      "node": {
        "label": "GT",
        "type": "BinaryOperator"
      },
      "location-before-char-start": 2434,
      "location-before-char-end": 2470,
      "node-str": "GT"
    },
    {
      "type": "delete-node",
      "node": {
        "label": "org.eclipse.ui.internal.actions.SearchComboContributionItem",
        "type": "TypeAccess"
      },
      "location-before-char-start": 0,
      "location-before-char-end": 0,
      "node-str": "org.eclipse.ui.internal.actions.SearchComboContributionItem"
    },
    {
      "type": "delete-node",
      "node": {
        "label": "combo",
        "type": "FieldRead"
      },
      "location-before-char-start": 2478,
      "location-before-char-end": 2482,
      "node-str": "combo"
    },
    {
      "type": "delete-node",
      "node": {
        "label": "0",
        "type": "Literal"
      },
      "location-before-char-start": 2491,
      "location-before-char-end": 2491,
      "node-str": "0"
    },
    {
      "type": "delete-node",
      "node": {
        "label": "remove",
        "type": "Invocation"
      },
      "location-before-char-start": 2478,
      "location-before-char-end": 2493,
      "node-str": "remove"
    },
    {
      "type": "delete-node",
      "node": {
        "label": "THEN",
        "type": "then"
      },
      "location-before-char-start": 2478,
      "location-before-char-end": 2493,
      "node-str": "THEN"
    },
    {
      "type": "delete-node",
      "node": {
        "label": "if",
        "type": "If"
      },
      "location-before-char-start": 2430,
      "location-before-char-end": 2493,
      "node-str": "if"
    },
    {
      "type": "delete-node",
      "node": {
        "label": "THEN",
        "type": "then"
      },
      "location-before-char-start": 2401,
      "location-before-char-end": 2584,
      "node-str": "THEN"
    },
    {
      "type": "delete-node",
      "node": {
        "label": "if",
        "type": "If"
      },
      "location-before-char-start": 2388,
      "location-before-char-end": 2584,
      "node-str": "if"
    },
    {
      "type": "delete-node",
      "node": {
        "label": "THEN",
        "type": "then"
      },
      "location-before-char-start": 2184,
      "location-before-char-end": 2588,
      "node-str": "THEN"
    },
    {
      "type": "delete-node",
      "node": {
        "label": "if",
        "type": "If"
      },
      "location-before-char-start": 2168,
      "location-before-char-end": 2588,
      "node-str": "if"
    },
    {
      "type": "delete-node",
      "node": {
        "label": "doSearch",
        "type": "Method"
      },
      "location-before-char-start": 2022,
      "location-before-char-end": 2651,
      "node-str": "doSearch"
    }
  ],
  "before-file": {},
  "after-file": {},
  "mapping": {}
}