{
  "tool-info": {},
  "diff": [
    {
      "type": "insert-node",
      "node": {
        "label": "ReportIssue",
        "type": "Class"
      },
      "location-after-char-start": 3753,
      "location-after-char-end": 31471,
      "node-str": "ReportIssue"
    },
    {
      "type": "insert-node",
      "node": {
        "label": "public",
        "type": "Modifier"
      },
      "location-after-char-start": 0,
      "location-after-char-end": 0,
      "node-str": "public"
    },
    {
      "type": "insert-node",
      "node": {
        "label": "",
        "type": "TypeReference"
      },
      "location-after-char-start": 3935,
      "location-after-char-end": 3957,
      "node-str": ""
    },
    {
      "type": "move-subtree",
      "node": {
        "label": "MAX_RESULTS",
        "type": "Field"
      },
      "location-before-char-start": 3965,
      "location-before-char-end": 4006,
      "location-after-char-start": 3965,
      "location-after-char-end": 4006,
      "node-str": "MAX_RESULTS"
    },
    {
      "type": "move-subtree",
      "node": {
        "label": "doPerform",
        "type": "Method"
      },
      "location-before-char-start": 4017,
      "location-before-char-end": 4223,
      "location-after-char-start": 4017,
      "location-after-char-end": 4223,
      "node-str": "doPerform"
    },
    {
      "type": "move-subtree",
      "node": {
        "label": "doCheckforduplicates",
        "type": "Method"
      },
      "location-before-char-start": 4234,
      "location-before-char-end": 5550,
      "location-after-char-start": 4234,
      "location-after-char-end": 5550,
      "node-str": "doCheckforduplicates"
    },
    {
      "type": "move-subtree",
      "node": {
        "label": "searchAndSetTemplate",
        "type": "Method"
      },
      "location-before-char-start": 5557,
      "location-before-char-end": 9377,
      "location-after-char-start": 5557,
      "location-after-char-end": 9377,
      "node-str": "searchAndSetTemplate"
    },
    {
      "type": "move-subtree",
      "node": {
        "label": "setRequiredFlags",
        "type": "Method"
      },
      "location-before-char-start": 9388,
      "location-before-char-end": 11466,
      "location-after-char-start": 9388,
      "location-after-char-end": 11466,
      "node-str": "setRequiredFlags"
    },
    {
      "type": "move-subtree",
      "node": {
        "label": "setAttributeValues",
        "type": "Method"
      },
      "location-before-char-start": 11477,
      "location-before-char-end": 13121,
      "location-after-char-start": 11477,
      "location-after-char-end": 13121,
      "node-str": "setAttributeValues"
    },
    {
      "type": "move-subtree",
      "node": {
        "label": "doEnterissue",
        "type": "Method"
      },
      "location-before-char-start": 13128,
      "location-before-char-end": 19139,
      "location-after-char-start": 13128,
      "location-after-char-end": 19139,
      "node-str": "doEnterissue"
    },
    {
      "type": "move-subtree",
      "node": {
        "label": "doAddfile",
        "type": "Method"
      },
      "location-before-char-start": 19150,
      "location-before-char-end": 20185,
      "location-after-char-start": 19150,
      "location-after-char-end": 20185,
      "node-str": "doAddfile"
    },
    {
      "type": "move-subtree",
      "node": {
        "label": "doRemovefile",
        "type": "Method"
      },
      "location-before-char-start": 20196,
      "location-before-char-end": 21504,
      "location-after-char-start": 20196,
      "location-after-char-end": 21504,
      "node-str": "doRemovefile"
    },
    {
      "type": "insert-node",
      "node": {
        "label": "doAddcomment",
        "type": "Method"
      },
      "location-after-char-start": 21515,
      "location-after-char-end": 24904,
      "node-str": "doAddcomment"
    },
    {
      "type": "move-subtree",
      "node": {
        "label": "doGotowizard3",
        "type": "Method"
      },
      "location-before-char-start": 24734,
      "location-before-char-end": 26837,
      "location-after-char-start": 24915,
      "location-after-char-end": 27018,
      "node-str": "doGotowizard3"
    },
    {
      "type": "move-subtree",
      "node": {
        "label": "doUsetemplates",
        "type": "Method"
      },
      "location-before-char-start": 26848,
      "location-before-char-end": 27218,
      "location-after-char-start": 27029,
      "location-after-char-end": 27399,
      "node-str": "doUsetemplates"
    },
    {
      "type": "move-subtree",
      "node": {
        "label": "cleanup",
        "type": "Method"
      },
      "location-before-char-start": 27229,
      "location-before-char-end": 27757,
      "location-after-char-start": 27410,
      "location-after-char-end": 27938,
      "node-str": "cleanup"
    },
    {
      "type": "move-subtree",
      "node": {
        "label": "doRedirect",
        "type": "Method"
      },
      "location-before-char-start": 27768,
      "location-before-char-end": 31288,
      "location-after-char-start": 27949,
      "location-after-char-end": 31469,
      "node-str": "doRedirect"
    },
    {
      "type": "insert-node",
      "node": {
        "label": "org.tigris.scarab.actions.base.RequireLoginFirstAction",
        "type": "SUPER_TYPE"
      },
      "location-after-char-start": 0,
      "location-after-char-end": 0,
      "node-str": "org.tigris.scarab.actions.base.RequireLoginFirstAction"
    },
    {
      "type": "insert-node",
      "node": {
        "label": "void",
        "type": "RETURN_TYPE"
      },
      "location-after-char-start": 0,
      "location-after-char-end": 0,
      "node-str": "void"
    },
    {
      "type": "insert-node",
      "node": {
        "label": "java.lang.Exception",
        "type": "THROWS"
      },
      "location-after-char-start": 0,
      "location-after-char-end": 0,
      "node-str": "java.lang.Exception"
    },
    {
      "type": "insert-node",
      "node": {
        "label": "public",
        "type": "Modifier"
      },
      "location-after-char-start": 0,
      "location-after-char-end": 0,
      "node-str": "public"
    },
    {
      "type": "insert-node",
      "node": {
        "label": "data",
        "type": "Parameter"
      },
      "location-after-char-start": 21693,
      "location-after-char-end": 21704,
      "node-str": "data"
    },
    {
      "type": "insert-node",
      "node": {
        "label": "context",
        "type": "Parameter"
      },
      "location-after-char-start": 21707,
      "location-after-char-end": 21729,
      "node-str": "context"
    },
    {
      "type": "move-subtree",
      "node": {
        "label": "l10n",
        "type": "LocalVariable"
      },
      "location-before-char-start": 21772,
      "location-before-char-end": 21830,
      "location-after-char-start": 21772,
      "location-after-char-end": 21830,
      "node-str": "l10n"
    },
    {
      "type": "move-subtree",
      "node": {
        "label": "intake",
        "type": "LocalVariable"
      },
      "location-before-char-start": 21840,
      "location-before-char-end": 21882,
      "location-after-char-start": 21840,
      "location-after-char-end": 21882,
      "node-str": "intake"
    },
    {
      "type": "move-subtree",
      "node": {
        "label": "scarabR",
        "type": "LocalVariable"
      },
      "location-before-char-start": 21900,
      "location-before-char-end": 21957,
      "location-after-char-start": 21900,
      "location-after-char-end": 21957,
      "node-str": "scarabR"
    },
    {
      "type": "insert-node",
      "node": {
        "label": "issue",
        "type": "LocalVariable"
      },
      "location-after-char-start": 21967,
      "location-after-char-end": 22008,
      "node-str": "issue"
    },
    {
      "type": "insert-node",
      "node": {
        "label": "if",
        "type": "If"
      },
      "location-after-char-start": 22018,
      "location-after-char-end": 24898,
      "node-str": "if"
    },
    {
      "type": "insert-node",
      "node": {
        "label": "org.apache.turbine.RunData",
        "type": "VARIABLE_TYPE"
      },
      "location-after-char-start": 0,
      "location-after-char-end": 0,
      "node-str": "org.apache.turbine.RunData"
    },
    {
      "type": "insert-node",
      "node": {
        "label": "org.apache.turbine.TemplateContext",
        "type": "VARIABLE_TYPE"
      },
      "location-after-char-start": 0,
      "location-after-char-end": 0,
      "node-str": "org.apache.turbine.TemplateContext"
    },
    {
      "type": "insert-node",
      "node": {
        "label": "org.tigris.scarab.om.Issue",
        "type": "VARIABLE_TYPE"
      },
      "location-after-char-start": 0,
      "location-after-char-end": 0,
      "node-str": "org.tigris.scarab.om.Issue"
    },
    {
      "type": "insert-node",
      "node": {
        "label": "getReportingIssue",
        "type": "Invocation"
      },
      "location-after-char-start": 21981,
      "location-after-char-end": 22007,
      "node-str": "getReportingIssue"
    },
    {
      "type": "insert-node",
      "node": {
        "label": "isAllValid",
        "type": "Invocation"
      },
      "location-after-char-start": 22022,
      "location-after-char-end": 22040,
      "node-str": "isAllValid"
    },
    {
      "type": "insert-node",
      "node": {
        "label": "THEN",
        "type": "then"
      },
      "location-after-char-start": 22051,
      "location-after-char-end": 24617,
      "node-str": "THEN"
    },
    {
      "type": "move-subtree",
      "node": {
        "label": "ELSE",
        "type": "else"
      },
      "location-before-char-start": 24460,
      "location-before-char-end": 24717,
      "location-after-char-start": 24641,
      "location-after-char-end": 24898,
      "node-str": "ELSE"
    },
    {
      "type": "insert-node",
      "node": {
        "label": "scarabR",
        "type": "VariableRead"
      },
      "location-after-char-start": 21981,
      "location-after-char-end": 21987,
      "node-str": "scarabR"
    },
    {
      "type": "insert-node",
      "node": {
        "label": "intake",
        "type": "VariableRead"
      },
      "location-after-char-start": 22022,
      "location-after-char-end": 22027,
      "node-str": "intake"
    },
    {
      "type": "insert-node",
      "node": {
        "label": "attachment",
        "type": "LocalVariable"
      },
      "location-after-char-start": 22065,
      "location-after-char-end": 22105,
      "node-str": "attachment"
    },
    {
      "type": "move-subtree",
      "node": {
        "label": "group",
        "type": "LocalVariable"
      },
      "location-before-char-start": 22119,
      "location-before-char-end": 22217,
      "location-after-char-start": 22119,
      "location-after-char-end": 22217,
      "node-str": "group"
    },
    {
      "type": "insert-node",
      "node": {
        "label": "if",
        "type": "If"
      },
      "location-after-char-start": 22231,
      "location-after-char-end": 24124,
      "node-str": "if"
    },
    {
      "type": "move-subtree",
      "node": {
        "label": "nextTemplate",
        "type": "LocalVariable"
      },
      "location-before-char-start": 24081,
      "location-before-char-end": 24163,
      "location-after-char-start": 24262,
      "location-after-char-end": 24344,
      "node-str": "nextTemplate"
    },
    {
      "type": "move-subtree",
      "node": {
        "label": "if",
        "type": "If"
      },
      "location-before-char-start": 24177,
      "location-before-char-end": 24406,
      "location-after-char-start": 24358,
      "location-after-char-end": 24587,
      "node-str": "if"
    },
    {
      "type": "insert-node",
      "node": {
        "label": "return",
        "type": "Return"
      },
      "location-after-char-start": 24601,
      "location-after-char-end": 24607,
      "node-str": "return"
    },
    {
      "type": "insert-node",
      "node": {
        "label": "org.tigris.scarab.om.Attachment",
        "type": "VARIABLE_TYPE"
      },
      "location-after-char-start": 0,
      "location-after-char-end": 0,
      "node-str": "org.tigris.scarab.om.Attachment"
    },
    {
      "type": "insert-node",
      "node": {
        "label": "org.tigris.scarab.om.Attachment()",
        "type": "ConstructorCall"
      },
      "location-after-char-start": 22089,
      "location-after-char-end": 22104,
      "node-str": "org.tigris.scarab.om.Attachment()"
    },
    {
      "type": "insert-node",
      "node": {
        "label": "NE",
        "type": "BinaryOperator"
      },
      "location-after-char-start": 22235,
      "location-after-char-end": 22247,
      "node-str": "NE"
    },
    {
      "type": "insert-node",
      "node": {
        "label": "THEN",
        "type": "then"
      },
      "location-after-char-start": 22262,
      "location-after-char-end": 24124,
      "node-str": "THEN"
    },
    {
      "type": "insert-node",
      "node": {
        "label": "group",
        "type": "VariableRead"
      },
      "location-after-char-start": 22235,
      "location-after-char-end": 22239,
      "node-str": "group"
    },
    {
      "type": "insert-node",
      "node": {
        "label": "null",
        "type": "Literal"
      },
      "location-after-char-start": 22244,
      "location-after-char-end": 22247,
      "node-str": "null"
    },
    {
      "type": "insert-node",
      "node": {
        "label": "issues",
        "type": "LocalVariable"
      },
      "location-after-char-start": 22281,
      "location-after-char-end": 22314,
      "node-str": "issues"
    },
    {
      "type": "move-subtree",
      "node": {
        "label": "if",
        "type": "If"
      },
      "location-before-char-start": 22333,
      "location-before-char-end": 22617,
      "location-after-char-start": 22333,
      "location-after-char-end": 22617,
      "node-str": "if"
    },
    {
      "type": "insert-node",
      "node": {
        "label": "activitySet",
        "type": "LocalVariable"
      },
      "location-after-char-start": 22636,
      "location-after-char-end": 22666,
      "node-str": "activitySet"
    },
    {
      "type": "insert-node",
      "node": {
        "label": "",
        "type": "For"
      },
      "location-after-char-start": 22685,
      "location-after-char-end": 24110,
      "node-str": ""
    },
    {
      "type": "insert-node",
      "node": {
        "label": "java.util.List",
        "type": "VARIABLE_TYPE"
      },
      "location-after-char-start": 0,
      "location-after-char-end": 0,
      "node-str": "java.util.List"
    },
    {
      "type": "insert-node",
      "node": {
        "label": "getIssues",
        "type": "Invocation"
      },
      "location-after-char-start": 22295,
      "location-after-char-end": 22313,
      "node-str": "getIssues"
    },
    {
      "type": "insert-node",
      "node": {
        "label": "org.tigris.scarab.om.ActivitySet",
        "type": "VARIABLE_TYPE"
      },
      "location-after-char-start": 0,
      "location-after-char-end": 0,
      "node-str": "org.tigris.scarab.om.ActivitySet"
    },
    {
      "type": "insert-node",
      "node": {
        "label": "null",
        "type": "Literal"
      },
      "location-after-char-start": 22662,
      "location-after-char-end": 22665,
      "node-str": "null"
    },
    {
      "type": "insert-node",
      "node": {
        "label": "itr",
        "type": "LocalVariable"
      },
      "location-after-char-start": 22690,
      "location-after-char-end": 22721,
      "node-str": "itr"
    },
    {
      "type": "insert-node",
      "node": {
        "label": "hasNext",
        "type": "Invocation"
      },
      "location-after-char-start": 22724,
      "location-after-char-end": 22736,
      "node-str": "hasNext"
    },
    {
      "type": "insert-node",
      "node": {
        "label": "prevIssue",
        "type": "LocalVariable"
      },
      "location-after-char-start": 22780,
      "location-after-char-end": 22815,
      "node-str": "prevIssue"
    },
    {
      "type": "insert-node",
      "node": {
        "label": "\u003d",
        "type": "Assignment"
      },
      "location-after-char-start": 22882,
      "location-after-char-end": 22911,
      "node-str": "\u003d"
    },
    {
      "type": "insert-node",
      "node": {
        "label": "setProperties",
        "type": "Invocation"
      },
      "location-after-char-start": 22934,
      "location-after-char-end": 22965,
      "node-str": "setProperties"
    },
    {
      "type": "insert-node",
      "node": {
        "label": "if",
        "type": "If"
      },
      "location-after-char-start": 22988,
      "location-after-char-end": 24092,
      "node-str": "if"
    },
    {
      "type": "insert-node",
      "node": {
        "label": "scarabR",
        "type": "VariableRead"
      },
      "location-after-char-start": 22295,
      "location-after-char-end": 22301,
      "node-str": "scarabR"
    },
    {
      "type": "insert-node",
      "node": {
        "label": "java.util.Iterator",
        "type": "VARIABLE_TYPE"
      },
      "location-after-char-start": 0,
      "location-after-char-end": 0,
      "node-str": "java.util.Iterator"
    },
    {
      "type": "insert-node",
      "node": {
        "label": "iterator",
        "type": "Invocation"
      },
      "location-after-char-start": 22705,
      "location-after-char-end": 22721,
      "node-str": "iterator"
    },
    {
      "type": "insert-node",
      "node": {
        "label": "itr",
        "type": "VariableRead"
      },
      "location-after-char-start": 22724,
      "location-after-char-end": 22726,
      "node-str": "itr"
    },
    {
      "type": "insert-node",
      "node": {
        "label": "org.tigris.scarab.om.Issue",
        "type": "VARIABLE_TYPE"
      },
      "location-after-char-start": 0,
      "location-after-char-end": 0,
      "node-str": "org.tigris.scarab.om.Issue"
    },
    {
      "type": "insert-node",
      "node": {
        "label": "next",
        "type": "Invocation"
      },
      "location-after-char-start": 22798,
      "location-after-char-end": 22814,
      "node-str": "next"
    },
    {
      "type": "insert-node",
      "node": {
        "label": "attachment",
        "type": "VariableWrite"
      },
      "location-after-char-start": 22882,
      "location-after-char-end": 22891,
      "node-str": "attachment"
    },
    {
      "type": "insert-node",
      "node": {
        "label": "org.tigris.scarab.om.Attachment()",
        "type": "ConstructorCall"
      },
      "location-after-char-start": 22895,
      "location-after-char-end": 22910,
      "node-str": "org.tigris.scarab.om.Attachment()"
    },
    {
      "type": "insert-node",
      "node": {
        "label": "group",
        "type": "VariableRead"
      },
      "location-after-char-start": 22934,
      "location-after-char-end": 22938,
      "node-str": "group"
    },
    {
      "type": "insert-node",
      "node": {
        "label": "attachment",
        "type": "VariableRead"
      },
      "location-after-char-start": 22954,
      "location-after-char-end": 22963,
      "node-str": "attachment"
    },
    {
      "type": "move-subtree",
      "node": {
        "label": "AND",
        "type": "BinaryOperator"
      },
      "location-before-char-start": 22992,
      "location-before-char-end": 23089,
      "location-after-char-start": 22992,
      "location-after-char-end": 23089,
      "node-str": "AND"
    },
    {
      "type": "move-subtree",
      "node": {
        "label": "THEN",
        "type": "then"
      },
      "location-before-char-start": 23113,
      "location-before-char-end": 23728,
      "location-after-char-start": 23113,
      "location-after-char-end": 23728,
      "node-str": "THEN"
    },
    {
      "type": "insert-node",
      "node": {
        "label": "ELSE",
        "type": "else"
      },
      "location-after-char-start": 23775,
      "location-after-char-end": 24092,
      "node-str": "ELSE"
    },
    {
      "type": "insert-node",
      "node": {
        "label": "issues",
        "type": "VariableRead"
      },
      "location-after-char-start": 22705,
      "location-after-char-end": 22710,
      "node-str": "issues"
    },
    {
      "type": "insert-node",
      "node": {
        "label": "itr",
        "type": "VariableRead"
      },
      "location-after-char-start": 22805,
      "location-after-char-end": 22807,
      "node-str": "itr"
    },
    {
      "type": "move-subtree",
      "node": {
        "label": "setAlertMessage",
        "type": "Invocation"
      },
      "location-before-char-start": 23801,
      "location-before-char-end": 23889,
      "location-after-char-start": 23801,
      "location-after-char-end": 23889,
      "node-str": "setAlertMessage"
    },
    {
      "type": "insert-node",
      "node": {
        "label": "searchAndSetTemplate",
        "type": "Invocation"
      },
      "location-after-char-start": 23915,
      "location-after-char-end": 24038,
      "node-str": "searchAndSetTemplate"
    },
    {
      "type": "insert-node",
      "node": {
        "label": "return",
        "type": "Return"
      },
      "location-after-char-start": 24064,
      "location-after-char-end": 24070,
      "node-str": "return"
    },
    {
      "type": "insert-node",
      "node": {
        "label": "org.tigris.scarab.actions.ReportIssue",
        "type": "TypeAccess"
      },
      "location-after-char-start": 0,
      "location-after-char-end": 0,
      "node-str": "org.tigris.scarab.actions.ReportIssue"
    },
    {
      "type": "insert-node",
      "node": {
        "label": "data",
        "type": "VariableRead"
      },
      "location-after-char-start": 23936,
      "location-after-char-end": 23939,
      "node-str": "data"
    },
    {
      "type": "insert-node",
      "node": {
        "label": "context",
        "type": "VariableRead"
      },
      "location-after-char-start": 23942,
      "location-after-char-end": 23948,
      "node-str": "context"
    },
    {
      "type": "insert-node",
      "node": {
        "label": "0",
        "type": "Literal"
      },
      "location-after-char-start": 23951,
      "location-after-char-end": 23951,
      "node-str": "0"
    },
    {
      "type": "insert-node",
      "node": {
        "label": "MAX_RESULTS",
        "type": "FieldRead"
      },
      "location-after-char-start": 23954,
      "location-after-char-end": 23964,
      "node-str": "MAX_RESULTS"
    },
    {
      "type": "insert-node",
      "node": {
        "label": "issue",
        "type": "VariableRead"
      },
      "location-after-char-start": 24012,
      "location-after-char-end": 24016,
      "node-str": "issue"
    },
    {
      "type": "insert-node",
      "node": {
        "label": "\"entry,Wizard2.vm\"",
        "type": "Literal"
      },
      "location-after-char-start": 24019,
      "location-after-char-end": 24036,
      "node-str": "\"entry,Wizard2.vm\""
    },
    {
      "type": "delete-node",
      "node": {
        "label": "public",
        "type": "Modifier"
      },
      "location-before-char-start": 0,
      "location-before-char-end": 0,
      "node-str": "public"
    },
    {
      "type": "delete-node",
      "node": {
        "label": "org.tigris.scarab.actions.base.RequireLoginFirstAction",
        "type": "SUPER_TYPE"
      },
      "location-before-char-start": 0,
      "location-before-char-end": 0,
      "node-str": "org.tigris.scarab.actions.base.RequireLoginFirstAction"
    },
    {
      "type": "delete-node",
      "node": {
        "label": "",
        "type": "TypeReference"
      },
      "location-before-char-start": 3935,
      "location-before-char-end": 3957,
      "node-str": ""
    },
    {
      "type": "delete-node",
      "node": {
        "label": "void",
        "type": "RETURN_TYPE"
      },
      "location-before-char-start": 0,
      "location-before-char-end": 0,
      "node-str": "void"
    },
    {
      "type": "delete-node",
      "node": {
        "label": "java.lang.Exception",
        "type": "THROWS"
      },
      "location-before-char-start": 0,
      "location-before-char-end": 0,
      "node-str": "java.lang.Exception"
    },
    {
      "type": "delete-node",
      "node": {
        "label": "public",
        "type": "Modifier"
      },
      "location-before-char-start": 0,
      "location-before-char-end": 0,
      "node-str": "public"
    },
    {
      "type": "delete-node",
      "node": {
        "label": "org.apache.turbine.RunData",
        "type": "VARIABLE_TYPE"
      },
      "location-before-char-start": 0,
      "location-before-char-end": 0,
      "node-str": "org.apache.turbine.RunData"
    },
    {
      "type": "delete-node",
      "node": {
        "label": "data",
        "type": "Parameter"
      },
      "location-before-char-start": 21693,
      "location-before-char-end": 21704,
      "node-str": "data"
    },
    {
      "type": "delete-node",
      "node": {
        "label": "org.apache.turbine.TemplateContext",
        "type": "VARIABLE_TYPE"
      },
      "location-before-char-start": 0,
      "location-before-char-end": 0,
      "node-str": "org.apache.turbine.TemplateContext"
    },
    {
      "type": "delete-node",
      "node": {
        "label": "context",
        "type": "Parameter"
      },
      "location-before-char-start": 21707,
      "location-before-char-end": 21729,
      "node-str": "context"
    },
    {
      "type": "delete-node",
      "node": {
        "label": "org.tigris.scarab.om.Issue",
        "type": "VARIABLE_TYPE"
      },
      "location-before-char-start": 0,
      "location-before-char-end": 0,
      "node-str": "org.tigris.scarab.om.Issue"
    },
    {
      "type": "delete-node",
      "node": {
        "label": "scarabR",
        "type": "VariableRead"
      },
      "location-before-char-start": 21981,
      "location-before-char-end": 21987,
      "node-str": "scarabR"
    },
    {
      "type": "delete-node",
      "node": {
        "label": "getReportingIssue",
        "type": "Invocation"
      },
      "location-before-char-start": 21981,
      "location-before-char-end": 22007,
      "node-str": "getReportingIssue"
    },
    {
      "type": "delete-node",
      "node": {
        "label": "issue",
        "type": "LocalVariable"
      },
      "location-before-char-start": 21967,
      "location-before-char-end": 22008,
      "node-str": "issue"
    },
    {
      "type": "delete-node",
      "node": {
        "label": "intake",
        "type": "VariableRead"
      },
      "location-before-char-start": 22022,
      "location-before-char-end": 22027,
      "node-str": "intake"
    },
    {
      "type": "delete-node",
      "node": {
        "label": "isAllValid",
        "type": "Invocation"
      },
      "location-before-char-start": 22022,
      "location-before-char-end": 22040,
      "node-str": "isAllValid"
    },
    {
      "type": "delete-node",
      "node": {
        "label": "org.tigris.scarab.om.Attachment",
        "type": "VARIABLE_TYPE"
      },
      "location-before-char-start": 0,
      "location-before-char-end": 0,
      "node-str": "org.tigris.scarab.om.Attachment"
    },
    {
      "type": "delete-node",
      "node": {
        "label": "org.tigris.scarab.om.Attachment()",
        "type": "ConstructorCall"
      },
      "location-before-char-start": 22089,
      "location-before-char-end": 22104,
      "node-str": "org.tigris.scarab.om.Attachment()"
    },
    {
      "type": "delete-node",
      "node": {
        "label": "attachment",
        "type": "LocalVariable"
      },
      "location-before-char-start": 22065,
      "location-before-char-end": 22105,
      "node-str": "attachment"
    },
    {
      "type": "delete-node",
      "node": {
        "label": "group",
        "type": "VariableRead"
      },
      "location-before-char-start": 22235,
      "location-before-char-end": 22239,
      "node-str": "group"
    },
    {
      "type": "delete-node",
      "node": {
        "label": "null",
        "type": "Literal"
      },
      "location-before-char-start": 22244,
      "location-before-char-end": 22247,
      "node-str": "null"
    },
    {
      "type": "delete-node",
      "node": {
        "label": "NE",
        "type": "BinaryOperator"
      },
      "location-before-char-start": 22235,
      "location-before-char-end": 22247,
      "node-str": "NE"
    },
    {
      "type": "delete-node",
      "node": {
        "label": "java.util.List",
        "type": "VARIABLE_TYPE"
      },
      "location-before-char-start": 0,
      "location-before-char-end": 0,
      "node-str": "java.util.List"
    },
    {
      "type": "delete-node",
      "node": {
        "label": "scarabR",
        "type": "VariableRead"
      },
      "location-before-char-start": 22295,
      "location-before-char-end": 22301,
      "node-str": "scarabR"
    },
    {
      "type": "delete-node",
      "node": {
        "label": "getIssues",
        "type": "Invocation"
      },
      "location-before-char-start": 22295,
      "location-before-char-end": 22313,
      "node-str": "getIssues"
    },
    {
      "type": "delete-node",
      "node": {
        "label": "issues",
        "type": "LocalVariable"
      },
      "location-before-char-start": 22281,
      "location-before-char-end": 22314,
      "node-str": "issues"
    },
    {
      "type": "delete-node",
      "node": {
        "label": "org.tigris.scarab.om.ActivitySet",
        "type": "VARIABLE_TYPE"
      },
      "location-before-char-start": 0,
      "location-before-char-end": 0,
      "node-str": "org.tigris.scarab.om.ActivitySet"
    },
    {
      "type": "delete-node",
      "node": {
        "label": "null",
        "type": "Literal"
      },
      "location-before-char-start": 22662,
      "location-before-char-end": 22665,
      "node-str": "null"
    },
    {
      "type": "delete-node",
      "node": {
        "label": "activitySet",
        "type": "LocalVariable"
      },
      "location-before-char-start": 22636,
      "location-before-char-end": 22666,
      "node-str": "activitySet"
    },
    {
      "type": "delete-node",
      "node": {
        "label": "java.util.Iterator",
        "type": "VARIABLE_TYPE"
      },
      "location-before-char-start": 0,
      "location-before-char-end": 0,
      "node-str": "java.util.Iterator"
    },
    {
      "type": "delete-node",
      "node": {
        "label": "issues",
        "type": "VariableRead"
      },
      "location-before-char-start": 22705,
      "location-before-char-end": 22710,
      "node-str": "issues"
    },
    {
      "type": "delete-node",
      "node": {
        "label": "iterator",
        "type": "Invocation"
      },
      "location-before-char-start": 22705,
      "location-before-char-end": 22721,
      "node-str": "iterator"
    },
    {
      "type": "delete-node",
      "node": {
        "label": "itr",
        "type": "LocalVariable"
      },
      "location-before-char-start": 22690,
      "location-before-char-end": 22721,
      "node-str": "itr"
    },
    {
      "type": "delete-node",
      "node": {
        "label": "itr",
        "type": "VariableRead"
      },
      "location-before-char-start": 22724,
      "location-before-char-end": 22726,
      "node-str": "itr"
    },
    {
      "type": "delete-node",
      "node": {
        "label": "hasNext",
        "type": "Invocation"
      },
      "location-before-char-start": 22724,
      "location-before-char-end": 22736,
      "node-str": "hasNext"
    },
    {
      "type": "delete-node",
      "node": {
        "label": "org.tigris.scarab.om.Issue",
        "type": "VARIABLE_TYPE"
      },
      "location-before-char-start": 0,
      "location-before-char-end": 0,
      "node-str": "org.tigris.scarab.om.Issue"
    },
    {
      "type": "delete-node",
      "node": {
        "label": "itr",
        "type": "VariableRead"
      },
      "location-before-char-start": 22805,
      "location-before-char-end": 22807,
      "node-str": "itr"
    },
    {
      "type": "delete-node",
      "node": {
        "label": "next",
        "type": "Invocation"
      },
      "location-before-char-start": 22798,
      "location-before-char-end": 22814,
      "node-str": "next"
    },
    {
      "type": "delete-node",
      "node": {
        "label": "prevIssue",
        "type": "LocalVariable"
      },
      "location-before-char-start": 22780,
      "location-before-char-end": 22815,
      "node-str": "prevIssue"
    },
    {
      "type": "delete-node",
      "node": {
        "label": "attachment",
        "type": "VariableWrite"
      },
      "location-before-char-start": 22882,
      "location-before-char-end": 22891,
      "node-str": "attachment"
    },
    {
      "type": "delete-node",
      "node": {
        "label": "org.tigris.scarab.om.Attachment()",
        "type": "ConstructorCall"
      },
      "location-before-char-start": 22895,
      "location-before-char-end": 22910,
      "node-str": "org.tigris.scarab.om.Attachment()"
    },
    {
      "type": "delete-node",
      "node": {
        "label": "\u003d",
        "type": "Assignment"
      },
      "location-before-char-start": 22882,
      "location-before-char-end": 22911,
      "node-str": "\u003d"
    },
    {
      "type": "delete-node",
      "node": {
        "label": "group",
        "type": "VariableRead"
      },
      "location-before-char-start": 22934,
      "location-before-char-end": 22938,
      "node-str": "group"
    },
    {
      "type": "delete-node",
      "node": {
        "label": "attachment",
        "type": "VariableRead"
      },
      "location-before-char-start": 22954,
      "location-before-char-end": 22963,
      "node-str": "attachment"
    },
    {
      "type": "delete-node",
      "node": {
        "label": "setProperties",
        "type": "Invocation"
      },
      "location-before-char-start": 22934,
      "location-before-char-end": 22965,
      "node-str": "setProperties"
    },
    {
      "type": "delete-node",
      "node": {
        "label": "ELSE",
        "type": "else"
      },
      "location-before-char-start": 23775,
      "location-before-char-end": 23911,
      "node-str": "ELSE"
    },
    {
      "type": "delete-node",
      "node": {
        "label": "if",
        "type": "If"
      },
      "location-before-char-start": 22988,
      "location-before-char-end": 23911,
      "node-str": "if"
    },
    {
      "type": "delete-node",
      "node": {
        "label": "",
        "type": "For"
      },
      "location-before-char-start": 22685,
      "location-before-char-end": 23929,
      "node-str": ""
    },
    {
      "type": "delete-node",
      "node": {
        "label": "THEN",
        "type": "then"
      },
      "location-before-char-start": 22262,
      "location-before-char-end": 23943,
      "node-str": "THEN"
    },
    {
      "type": "delete-node",
      "node": {
        "label": "if",
        "type": "If"
      },
      "location-before-char-start": 22231,
      "location-before-char-end": 23943,
      "node-str": "if"
    },
    {
      "type": "delete-node",
      "node": {
        "label": "return",
        "type": "Return"
      },
      "location-before-char-start": 24420,
      "location-before-char-end": 24426,
      "node-str": "return"
    },
    {
      "type": "delete-node",
      "node": {
        "label": "THEN",
        "type": "then"
      },
      "location-before-char-start": 22051,
      "location-before-char-end": 24436,
      "node-str": "THEN"
    },
    {
      "type": "delete-node",
      "node": {
        "label": "if",
        "type": "If"
      },
      "location-before-char-start": 22018,
      "location-before-char-end": 24717,
      "node-str": "if"
    },
    {
      "type": "delete-node",
      "node": {
        "label": "doAddcomment",
        "type": "Method"
      },
      "location-before-char-start": 21515,
      "location-before-char-end": 24723,
      "node-str": "doAddcomment"
    },
    {
      "type": "delete-node",
      "node": {
        "label": "ReportIssue",
        "type": "Class"
      },
      "location-before-char-start": 3753,
      "location-before-char-end": 31290,
      "node-str": "ReportIssue"
    }
  ],
  "before-file": {},
  "after-file": {},
  "mapping": {}
}