{
  "tool-info": {},
  "diff": [
    {
      "type": "update-node",
      "node": {
        "label": "getPart",
        "type": "Invocation"
      },
      "location-before-char-start": 6162,
      "location-before-char-end": 6188,
      "location-after-char-start": 6101,
      "location-after-char-end": 6131,
      "node-str": "toggleZoom"
    },
    {
      "type": "move-subtree",
      "node": {
        "label": "getPart",
        "type": "Invocation"
      },
      "location-before-char-start": 6162,
      "location-before-char-end": 6188,
      "location-after-char-start": 6101,
      "location-after-char-end": 6131,
      "node-str": "toggleZoom"
    },
    {
      "type": "move-subtree",
      "node": {
        "label": "partReference",
        "type": "FieldRead"
      },
      "location-before-char-start": 11025,
      "location-before-char-end": 11037,
      "location-after-char-start": 1684,
      "location-after-char-end": 1696,
      "node-str": "partReference"
    },
    {
      "type": "move-subtree",
      "node": {
        "label": "page",
        "type": "FieldRead"
      },
      "location-before-char-start": 6146,
      "location-before-char-end": 6149,
      "location-after-char-start": 6101,
      "location-after-char-end": 6104,
      "node-str": "page"
    },
    {
      "type": "move-subtree",
      "node": {
        "label": "part",
        "type": "LocalVariable"
      },
      "location-before-char-start": 1628,
      "location-before-char-end": 1677,
      "location-after-char-start": 10966,
      "location-after-char-end": 11015,
      "node-str": "part"
    },
    {
      "type": "insert-node",
      "node": {
        "label": "if",
        "type": "If"
      },
      "location-after-char-start": 11021,
      "location-after-char-end": 11058,
      "node-str": "if"
    },
    {
      "type": "insert-node",
      "node": {
        "label": "NE",
        "type": "BinaryOperator"
      },
      "location-after-char-start": 11024,
      "location-after-char-end": 11035,
      "node-str": "NE"
    },
    {
      "type": "insert-node",
      "node": {
        "label": "THEN",
        "type": "then"
      },
      "location-after-char-start": 11043,
      "location-after-char-end": 11058,
      "node-str": "THEN"
    },
    {
      "type": "insert-node",
      "node": {
        "label": "part",
        "type": "VariableRead"
      },
      "location-after-char-start": 11024,
      "location-after-char-end": 11027,
      "node-str": "part"
    },
    {
      "type": "insert-node",
      "node": {
        "label": "null",
        "type": "Literal"
      },
      "location-after-char-start": 11032,
      "location-after-char-end": 11035,
      "node-str": "null"
    },
    {
      "type": "insert-node",
      "node": {
        "label": "setFocus",
        "type": "Invocation"
      },
      "location-after-char-start": 11043,
      "location-after-char-end": 11058,
      "node-str": "setFocus"
    },
    {
      "type": "insert-node",
      "node": {
        "label": "part",
        "type": "VariableRead"
      },
      "location-after-char-start": 11043,
      "location-after-char-end": 11046,
      "node-str": "part"
    },
    {
      "type": "delete-node",
      "node": {
        "label": "part",
        "type": "VariableRead"
      },
      "location-before-char-start": 1738,
      "location-before-char-end": 1741,
      "node-str": "part"
    },
    {
      "type": "delete-node",
      "node": {
        "label": "true",
        "type": "Literal"
      },
      "location-before-char-start": 6184,
      "location-before-char-end": 6187,
      "node-str": "true"
    },
    {
      "type": "delete-node",
      "node": {
        "label": "toggleZoom",
        "type": "Invocation"
      },
      "location-before-char-start": 6146,
      "location-before-char-end": 6190,
      "node-str": "toggleZoom"
    },
    {
      "type": "delete-node",
      "node": {
        "label": "true",
        "type": "Literal"
      },
      "location-before-char-start": 11047,
      "location-before-char-end": 11050,
      "node-str": "true"
    },
    {
      "type": "delete-node",
      "node": {
        "label": "getPart",
        "type": "Invocation"
      },
      "location-before-char-start": 11025,
      "location-before-char-end": 11051,
      "node-str": "getPart"
    },
    {
      "type": "delete-node",
      "node": {
        "label": "setFocus",
        "type": "Invocation"
      },
      "location-before-char-start": 11025,
      "location-before-char-end": 11063,
      "node-str": "setFocus"
    }
  ],
  "before-file": {},
  "after-file": {},
  "mapping": {}
}