{
  "tool-info": {},
  "diff": [
    {
      "type": "insert-node",
      "node": {
        "label": "GlobalTxEntityMap",
        "type": "Class"
      },
      "location-after-char-start": 497,
      "location-after-char-end": 10314,
      "node-str": "GlobalTxEntityMap"
    },
    {
      "type": "insert-node",
      "node": {
        "label": "public",
        "type": "Modifier"
      },
      "location-after-char-start": 0,
      "location-after-char-end": 0,
      "node-str": "public"
    },
    {
      "type": "move-subtree",
      "node": {
        "label": "log",
        "type": "Field"
      },
      "location-before-char-start": 1166,
      "location-before-char-end": 1241,
      "location-after-char-start": 1088,
      "location-after-char-end": 1163,
      "node-str": "log"
    },
    {
      "type": "insert-node",
      "node": {
        "label": "txSynch",
        "type": "Field"
      },
      "location-after-char-start": 1169,
      "location-after-char-end": 1232,
      "node-str": "txSynch"
    },
    {
      "type": "move-subtree",
      "node": {
        "label": "TxAssociation",
        "type": "Interface"
      },
      "location-before-char-start": 1316,
      "location-before-char-end": 2958,
      "location-after-char-start": 1238,
      "location-after-char-end": 2880,
      "node-str": "TxAssociation"
    },
    {
      "type": "move-subtree",
      "node": {
        "label": "NONE",
        "type": "Field"
      },
      "location-before-char-start": 2964,
      "location-before-char-end": 3622,
      "location-after-char-start": 2886,
      "location-after-char-end": 3544,
      "node-str": "NONE"
    },
    {
      "type": "insert-node",
      "node": {
        "label": "SYNC_SCHEDULED",
        "type": "Field"
      },
      "location-after-char-start": 3550,
      "location-after-char-end": 4906,
      "node-str": "SYNC_SCHEDULED"
    },
    {
      "type": "move-subtree",
      "node": {
        "label": "SYNCHRONIZED",
        "type": "Field"
      },
      "location-before-char-start": 4984,
      "location-before-char-end": 5422,
      "location-after-char-start": 4912,
      "location-after-char-end": 5350,
      "node-str": "SYNCHRONIZED"
    },
    {
      "type": "move-subtree",
      "node": {
        "label": "synchronizeEntities",
        "type": "Method"
      },
      "location-before-char-start": 5428,
      "location-before-char-end": 5763,
      "location-after-char-start": 5356,
      "location-after-char-end": 5691,
      "node-str": "synchronizeEntities"
    },
    {
      "type": "move-subtree",
      "node": {
        "label": "associate",
        "type": "Method"
      },
      "location-before-char-start": 5769,
      "location-before-char-end": 6511,
      "location-after-char-start": 5697,
      "location-after-char-end": 6439,
      "node-str": "associate"
    },
    {
      "type": "move-subtree",
      "node": {
        "label": "GlobalTxSynchronization",
        "type": "Class"
      },
      "location-before-char-start": 6517,
      "location-before-char-end": 10378,
      "location-after-char-start": 6445,
      "location-after-char-end": 10312,
      "node-str": "GlobalTxSynchronization"
    },
    {
      "type": "insert-node",
      "node": {
        "label": "org.jboss.tm.TransactionLocal",
        "type": "VARIABLE_TYPE"
      },
      "location-after-char-start": 0,
      "location-after-char-end": 0,
      "node-str": "org.jboss.tm.TransactionLocal"
    },
    {
      "type": "insert-node",
      "node": {
        "label": "final",
        "type": "Modifier"
      },
      "location-after-char-start": 0,
      "location-after-char-end": 0,
      "node-str": "final"
    },
    {
      "type": "insert-node",
      "node": {
        "label": "org.jboss.tm.TransactionLocal()",
        "type": "ConstructorCall"
      },
      "location-after-char-start": 1210,
      "location-after-char-end": 1231,
      "node-str": "org.jboss.tm.TransactionLocal()"
    },
    {
      "type": "insert-node",
      "node": {
        "label": "org.jboss.ejb.GlobalTxEntityMap$TxAssociation",
        "type": "VARIABLE_TYPE"
      },
      "location-after-char-start": 0,
      "location-after-char-end": 0,
      "node-str": "org.jboss.ejb.GlobalTxEntityMap$TxAssociation"
    },
    {
      "type": "insert-node",
      "node": {
        "label": "final",
        "type": "Modifier"
      },
      "location-after-char-start": 0,
      "location-after-char-end": 0,
      "node-str": "final"
    },
    {
      "type": "insert-node",
      "node": {
        "label": "public",
        "type": "Modifier"
      },
      "location-after-char-start": 0,
      "location-after-char-end": 0,
      "node-str": "public"
    },
    {
      "type": "insert-node",
      "node": {
        "label": "static",
        "type": "Modifier"
      },
      "location-after-char-start": 0,
      "location-after-char-end": 0,
      "node-str": "static"
    },
    {
      "type": "insert-node",
      "node": {
        "label": "org.jboss.ejb.GlobalTxEntityMap$2()",
        "type": "NewClass"
      },
      "location-after-char-start": 3601,
      "location-after-char-end": 4905,
      "node-str": "org.jboss.ejb.GlobalTxEntityMap$2()"
    },
    {
      "type": "insert-node",
      "node": {
        "label": "2",
        "type": "Class"
      },
      "location-after-char-start": 3624,
      "location-after-char-end": 4905,
      "node-str": "2"
    },
    {
      "type": "move-subtree",
      "node": {
        "label": "scheduleSync",
        "type": "Method"
      },
      "location-before-char-start": 3710,
      "location-before-char-end": 3799,
      "location-after-char-start": 3632,
      "location-after-char-end": 3721,
      "node-str": "scheduleSync"
    },
    {
      "type": "insert-node",
      "node": {
        "label": "invokeEjbStore",
        "type": "Method"
      },
      "location-after-char-start": 3730,
      "location-after-char-end": 4216,
      "node-str": "invokeEjbStore"
    },
    {
      "type": "insert-node",
      "node": {
        "label": "synchronize",
        "type": "Method"
      },
      "location-after-char-start": 4225,
      "location-after-char-end": 4900,
      "node-str": "synchronize"
    },
    {
      "type": "insert-node",
      "node": {
        "label": "void",
        "type": "RETURN_TYPE"
      },
      "location-after-char-start": 0,
      "location-after-char-end": 0,
      "node-str": "void"
    },
    {
      "type": "insert-node",
      "node": {
        "label": "java.lang.Exception",
        "type": "THROWS"
      },
      "location-after-char-start": 0,
      "location-after-char-end": 0,
      "node-str": "java.lang.Exception"
    },
    {
      "type": "insert-node",
      "node": {
        "label": "public",
        "type": "Modifier"
      },
      "location-after-char-start": 0,
      "location-after-char-end": 0,
      "node-str": "public"
    },
    {
      "type": "insert-node",
      "node": {
        "label": "thread",
        "type": "Parameter"
      },
      "location-after-char-start": 3757,
      "location-after-char-end": 3769,
      "node-str": "thread"
    },
    {
      "type": "insert-node",
      "node": {
        "label": "instance",
        "type": "Parameter"
      },
      "location-after-char-start": 3772,
      "location-after-char-end": 3803,
      "node-str": "instance"
    },
    {
      "type": "insert-node",
      "node": {
        "label": "if",
        "type": "If"
      },
      "location-after-char-start": 3840,
      "location-after-char-end": 4208,
      "node-str": "if"
    },
    {
      "type": "insert-node",
      "node": {
        "label": "void",
        "type": "RETURN_TYPE"
      },
      "location-after-char-start": 0,
      "location-after-char-end": 0,
      "node-str": "void"
    },
    {
      "type": "insert-node",
      "node": {
        "label": "java.lang.Exception",
        "type": "THROWS"
      },
      "location-after-char-start": 0,
      "location-after-char-end": 0,
      "node-str": "java.lang.Exception"
    },
    {
      "type": "insert-node",
      "node": {
        "label": "public",
        "type": "Modifier"
      },
      "location-after-char-start": 0,
      "location-after-char-end": 0,
      "node-str": "public"
    },
    {
      "type": "insert-node",
      "node": {
        "label": "thread",
        "type": "Parameter"
      },
      "location-after-char-start": 4249,
      "location-after-char-end": 4261,
      "node-str": "thread"
    },
    {
      "type": "insert-node",
      "node": {
        "label": "tx",
        "type": "Parameter"
      },
      "location-after-char-start": 4264,
      "location-after-char-end": 4277,
      "node-str": "tx"
    },
    {
      "type": "insert-node",
      "node": {
        "label": "instance",
        "type": "Parameter"
      },
      "location-after-char-start": 4280,
      "location-after-char-end": 4311,
      "node-str": "instance"
    },
    {
      "type": "insert-node",
      "node": {
        "label": "if",
        "type": "If"
      },
      "location-after-char-start": 4472,
      "location-after-char-end": 4892,
      "node-str": "if"
    },
    {
      "type": "update-node",
      "node": {
        "label": "org.jboss.ejb.GlobalTxEntityMap$GetTCLAction",
        "type": "TypeAccess"
      },
      "location-before-char-start": 7380,
      "location-before-char-end": 7391,
      "location-after-char-start": 7308,
      "location-after-char-end": 7322,
      "node-str": "org.jboss.ejb.SecurityActions"
    },
    {
      "type": "update-node",
      "node": {
        "label": "org.jboss.ejb.GlobalTxEntityMap$SetTCLAction",
        "type": "TypeAccess"
      },
      "location-before-char-start": 9808,
      "location-before-char-end": 9819,
      "location-after-char-start": 9739,
      "location-after-char-end": 9753,
      "node-str": "org.jboss.ejb.SecurityActions"
    },
    {
      "type": "insert-node",
      "node": {
        "label": "java.lang.Thread",
        "type": "VARIABLE_TYPE"
      },
      "location-after-char-start": 0,
      "location-after-char-end": 0,
      "node-str": "java.lang.Thread"
    },
    {
      "type": "insert-node",
      "node": {
        "label": "org.jboss.ejb.EntityEnterpriseContext",
        "type": "VARIABLE_TYPE"
      },
      "location-after-char-start": 0,
      "location-after-char-end": 0,
      "node-str": "org.jboss.ejb.EntityEnterpriseContext"
    },
    {
      "type": "insert-node",
      "node": {
        "label": "NE",
        "type": "BinaryOperator"
      },
      "location-after-char-start": 3843,
      "location-after-char-end": 3866,
      "node-str": "NE"
    },
    {
      "type": "insert-node",
      "node": {
        "label": "THEN",
        "type": "then"
      },
      "location-after-char-start": 3878,
      "location-after-char-end": 4208,
      "node-str": "THEN"
    },
    {
      "type": "insert-node",
      "node": {
        "label": "java.lang.Thread",
        "type": "VARIABLE_TYPE"
      },
      "location-after-char-start": 0,
      "location-after-char-end": 0,
      "node-str": "java.lang.Thread"
    },
    {
      "type": "insert-node",
      "node": {
        "label": "javax.transaction.Transaction",
        "type": "VARIABLE_TYPE"
      },
      "location-after-char-start": 0,
      "location-after-char-end": 0,
      "node-str": "javax.transaction.Transaction"
    },
    {
      "type": "insert-node",
      "node": {
        "label": "org.jboss.ejb.EntityEnterpriseContext",
        "type": "VARIABLE_TYPE"
      },
      "location-after-char-start": 0,
      "location-after-char-end": 0,
      "node-str": "org.jboss.ejb.EntityEnterpriseContext"
    },
    {
      "type": "insert-node",
      "node": {
        "label": "NE",
        "type": "BinaryOperator"
      },
      "location-after-char-start": 4475,
      "location-after-char-end": 4498,
      "node-str": "NE"
    },
    {
      "type": "insert-node",
      "node": {
        "label": "THEN",
        "type": "then"
      },
      "location-after-char-start": 4510,
      "location-after-char-end": 4892,
      "node-str": "THEN"
    },
    {
      "type": "insert-node",
      "node": {
        "label": "getId",
        "type": "Invocation"
      },
      "location-after-char-start": 3843,
      "location-after-char-end": 3858,
      "node-str": "getId"
    },
    {
      "type": "insert-node",
      "node": {
        "label": "null",
        "type": "Literal"
      },
      "location-after-char-start": 3863,
      "location-after-char-end": 3866,
      "node-str": "null"
    },
    {
      "type": "insert-node",
      "node": {
        "label": "container",
        "type": "LocalVariable"
      },
      "location-after-char-start": 3892,
      "location-after-char-end": 3961,
      "node-str": "container"
    },
    {
      "type": "insert-node",
      "node": {
        "label": "setContextClassLoader",
        "type": "Invocation"
      },
      "location-after-char-start": 4051,
      "location-after-char-end": 4124,
      "node-str": "setContextClassLoader"
    },
    {
      "type": "insert-node",
      "node": {
        "label": "invokeEjbStore",
        "type": "Invocation"
      },
      "location-after-char-start": 4163,
      "location-after-char-end": 4197,
      "node-str": "invokeEjbStore"
    },
    {
      "type": "insert-node",
      "node": {
        "label": "getId",
        "type": "Invocation"
      },
      "location-after-char-start": 4475,
      "location-after-char-end": 4490,
      "node-str": "getId"
    },
    {
      "type": "insert-node",
      "node": {
        "label": "null",
        "type": "Literal"
      },
      "location-after-char-start": 4495,
      "location-after-char-end": 4498,
      "node-str": "null"
    },
    {
      "type": "insert-node",
      "node": {
        "label": "container",
        "type": "LocalVariable"
      },
      "location-after-char-start": 4524,
      "location-after-char-end": 4593,
      "node-str": "container"
    },
    {
      "type": "insert-node",
      "node": {
        "label": "setContextClassLoader",
        "type": "Invocation"
      },
      "location-after-char-start": 4684,
      "location-after-char-end": 4757,
      "node-str": "setContextClassLoader"
    },
    {
      "type": "insert-node",
      "node": {
        "label": "storeEntity",
        "type": "Invocation"
      },
      "location-after-char-start": 4796,
      "location-after-char-end": 4827,
      "node-str": "storeEntity"
    },
    {
      "type": "insert-node",
      "node": {
        "label": "setTxAssociation",
        "type": "Invocation"
      },
      "location-after-char-start": 4842,
      "location-after-char-end": 4881,
      "node-str": "setTxAssociation"
    },
    {
      "type": "insert-node",
      "node": {
        "label": "instance",
        "type": "VariableRead"
      },
      "location-after-char-start": 3843,
      "location-after-char-end": 3850,
      "node-str": "instance"
    },
    {
      "type": "insert-node",
      "node": {
        "label": "org.jboss.ejb.EntityContainer",
        "type": "VARIABLE_TYPE"
      },
      "location-after-char-start": 0,
      "location-after-char-end": 0,
      "node-str": "org.jboss.ejb.EntityContainer"
    },
    {
      "type": "insert-node",
      "node": {
        "label": "getContainer",
        "type": "Invocation"
      },
      "location-after-char-start": 3920,
      "location-after-char-end": 3960,
      "node-str": "getContainer"
    },
    {
      "type": "insert-node",
      "node": {
        "label": "org.jboss.ejb.SecurityActions",
        "type": "TypeAccess"
      },
      "location-after-char-start": 4051,
      "location-after-char-end": 4065,
      "node-str": "org.jboss.ejb.SecurityActions"
    },
    {
      "type": "insert-node",
      "node": {
        "label": "thread",
        "type": "VariableRead"
      },
      "location-after-char-start": 4089,
      "location-after-char-end": 4094,
      "node-str": "thread"
    },
    {
      "type": "insert-node",
      "node": {
        "label": "getClassLoader",
        "type": "Invocation"
      },
      "location-after-char-start": 4097,
      "location-after-char-end": 4122,
      "node-str": "getClassLoader"
    },
    {
      "type": "insert-node",
      "node": {
        "label": "container",
        "type": "VariableRead"
      },
      "location-after-char-start": 4163,
      "location-after-char-end": 4171,
      "node-str": "container"
    },
    {
      "type": "insert-node",
      "node": {
        "label": "instance",
        "type": "VariableRead"
      },
      "location-after-char-start": 4188,
      "location-after-char-end": 4195,
      "node-str": "instance"
    },
    {
      "type": "insert-node",
      "node": {
        "label": "instance",
        "type": "VariableRead"
      },
      "location-after-char-start": 4475,
      "location-after-char-end": 4482,
      "node-str": "instance"
    },
    {
      "type": "insert-node",
      "node": {
        "label": "org.jboss.ejb.EntityContainer",
        "type": "VARIABLE_TYPE"
      },
      "location-after-char-start": 0,
      "location-after-char-end": 0,
      "node-str": "org.jboss.ejb.EntityContainer"
    },
    {
      "type": "insert-node",
      "node": {
        "label": "getContainer",
        "type": "Invocation"
      },
      "location-after-char-start": 4552,
      "location-after-char-end": 4592,
      "node-str": "getContainer"
    },
    {
      "type": "insert-node",
      "node": {
        "label": "org.jboss.ejb.SecurityActions",
        "type": "TypeAccess"
      },
      "location-after-char-start": 4684,
      "location-after-char-end": 4698,
      "node-str": "org.jboss.ejb.SecurityActions"
    },
    {
      "type": "insert-node",
      "node": {
        "label": "thread",
        "type": "VariableRead"
      },
      "location-after-char-start": 4722,
      "location-after-char-end": 4727,
      "node-str": "thread"
    },
    {
      "type": "insert-node",
      "node": {
        "label": "getClassLoader",
        "type": "Invocation"
      },
      "location-after-char-start": 4730,
      "location-after-char-end": 4755,
      "node-str": "getClassLoader"
    },
    {
      "type": "insert-node",
      "node": {
        "label": "container",
        "type": "VariableRead"
      },
      "location-after-char-start": 4796,
      "location-after-char-end": 4804,
      "node-str": "container"
    },
    {
      "type": "insert-node",
      "node": {
        "label": "instance",
        "type": "VariableRead"
      },
      "location-after-char-start": 4818,
      "location-after-char-end": 4825,
      "node-str": "instance"
    },
    {
      "type": "insert-node",
      "node": {
        "label": "instance",
        "type": "VariableRead"
      },
      "location-after-char-start": 4842,
      "location-after-char-end": 4849,
      "node-str": "instance"
    },
    {
      "type": "insert-node",
      "node": {
        "label": "SYNCHRONIZED",
        "type": "FieldRead"
      },
      "location-after-char-start": 4868,
      "location-after-char-end": 4879,
      "node-str": "SYNCHRONIZED"
    },
    {
      "type": "insert-node",
      "node": {
        "label": "instance",
        "type": "VariableRead"
      },
      "location-after-char-start": 3938,
      "location-after-char-end": 3945,
      "node-str": "instance"
    },
    {
      "type": "insert-node",
      "node": {
        "label": "container",
        "type": "VariableRead"
      },
      "location-after-char-start": 4097,
      "location-after-char-end": 4105,
      "node-str": "container"
    },
    {
      "type": "insert-node",
      "node": {
        "label": "instance",
        "type": "VariableRead"
      },
      "location-after-char-start": 4570,
      "location-after-char-end": 4577,
      "node-str": "instance"
    },
    {
      "type": "insert-node",
      "node": {
        "label": "container",
        "type": "VariableRead"
      },
      "location-after-char-start": 4730,
      "location-after-char-end": 4738,
      "node-str": "container"
    },
    {
      "type": "delete-node",
      "node": {
        "label": "public",
        "type": "Modifier"
      },
      "location-before-char-start": 0,
      "location-before-char-end": 0,
      "node-str": "public"
    },
    {
      "type": "delete-node",
      "node": {
        "label": "org.jboss.tm.TransactionLocal",
        "type": "VARIABLE_TYPE"
      },
      "location-before-char-start": 0,
      "location-before-char-end": 0,
      "node-str": "org.jboss.tm.TransactionLocal"
    },
    {
      "type": "delete-node",
      "node": {
        "label": "final",
        "type": "Modifier"
      },
      "location-before-char-start": 0,
      "location-before-char-end": 0,
      "node-str": "final"
    },
    {
      "type": "delete-node",
      "node": {
        "label": "org.jboss.tm.TransactionLocal()",
        "type": "ConstructorCall"
      },
      "location-before-char-start": 1288,
      "location-before-char-end": 1309,
      "node-str": "org.jboss.tm.TransactionLocal()"
    },
    {
      "type": "delete-node",
      "node": {
        "label": "txSynch",
        "type": "Field"
      },
      "location-before-char-start": 1247,
      "location-before-char-end": 1310,
      "node-str": "txSynch"
    },
    {
      "type": "delete-node",
      "node": {
        "label": "org.jboss.ejb.GlobalTxEntityMap$TxAssociation",
        "type": "VARIABLE_TYPE"
      },
      "location-before-char-start": 0,
      "location-before-char-end": 0,
      "node-str": "org.jboss.ejb.GlobalTxEntityMap$TxAssociation"
    },
    {
      "type": "delete-node",
      "node": {
        "label": "final",
        "type": "Modifier"
      },
      "location-before-char-start": 0,
      "location-before-char-end": 0,
      "node-str": "final"
    },
    {
      "type": "delete-node",
      "node": {
        "label": "public",
        "type": "Modifier"
      },
      "location-before-char-start": 0,
      "location-before-char-end": 0,
      "node-str": "public"
    },
    {
      "type": "delete-node",
      "node": {
        "label": "static",
        "type": "Modifier"
      },
      "location-before-char-start": 0,
      "location-before-char-end": 0,
      "node-str": "static"
    },
    {
      "type": "delete-node",
      "node": {
        "label": "void",
        "type": "RETURN_TYPE"
      },
      "location-before-char-start": 0,
      "location-before-char-end": 0,
      "node-str": "void"
    },
    {
      "type": "delete-node",
      "node": {
        "label": "java.lang.Exception",
        "type": "THROWS"
      },
      "location-before-char-start": 0,
      "location-before-char-end": 0,
      "node-str": "java.lang.Exception"
    },
    {
      "type": "delete-node",
      "node": {
        "label": "public",
        "type": "Modifier"
      },
      "location-before-char-start": 0,
      "location-before-char-end": 0,
      "node-str": "public"
    },
    {
      "type": "delete-node",
      "node": {
        "label": "java.lang.Thread",
        "type": "VARIABLE_TYPE"
      },
      "location-before-char-start": 0,
      "location-before-char-end": 0,
      "node-str": "java.lang.Thread"
    },
    {
      "type": "delete-node",
      "node": {
        "label": "thread",
        "type": "Parameter"
      },
      "location-before-char-start": 3835,
      "location-before-char-end": 3847,
      "node-str": "thread"
    },
    {
      "type": "delete-node",
      "node": {
        "label": "org.jboss.ejb.EntityEnterpriseContext",
        "type": "VARIABLE_TYPE"
      },
      "location-before-char-start": 0,
      "location-before-char-end": 0,
      "node-str": "org.jboss.ejb.EntityEnterpriseContext"
    },
    {
      "type": "delete-node",
      "node": {
        "label": "instance",
        "type": "Parameter"
      },
      "location-before-char-start": 3850,
      "location-before-char-end": 3881,
      "node-str": "instance"
    },
    {
      "type": "delete-node",
      "node": {
        "label": "instance",
        "type": "VariableRead"
      },
      "location-before-char-start": 3921,
      "location-before-char-end": 3928,
      "node-str": "instance"
    },
    {
      "type": "delete-node",
      "node": {
        "label": "getId",
        "type": "Invocation"
      },
      "location-before-char-start": 3921,
      "location-before-char-end": 3936,
      "node-str": "getId"
    },
    {
      "type": "delete-node",
      "node": {
        "label": "null",
        "type": "Literal"
      },
      "location-before-char-start": 3941,
      "location-before-char-end": 3944,
      "node-str": "null"
    },
    {
      "type": "delete-node",
      "node": {
        "label": "NE",
        "type": "BinaryOperator"
      },
      "location-before-char-start": 3921,
      "location-before-char-end": 3944,
      "node-str": "NE"
    },
    {
      "type": "delete-node",
      "node": {
        "label": "org.jboss.ejb.EntityContainer",
        "type": "VARIABLE_TYPE"
      },
      "location-before-char-start": 0,
      "location-before-char-end": 0,
      "node-str": "org.jboss.ejb.EntityContainer"
    },
    {
      "type": "delete-node",
      "node": {
        "label": "instance",
        "type": "VariableRead"
      },
      "location-before-char-start": 4016,
      "location-before-char-end": 4023,
      "node-str": "instance"
    },
    {
      "type": "delete-node",
      "node": {
        "label": "getContainer",
        "type": "Invocation"
      },
      "location-before-char-start": 3998,
      "location-before-char-end": 4038,
      "node-str": "getContainer"
    },
    {
      "type": "delete-node",
      "node": {
        "label": "container",
        "type": "LocalVariable"
      },
      "location-before-char-start": 3970,
      "location-before-char-end": 4039,
      "node-str": "container"
    },
    {
      "type": "delete-node",
      "node": {
        "label": "org.jboss.ejb.GlobalTxEntityMap$SetTCLAction",
        "type": "TypeAccess"
      },
      "location-before-char-start": 4129,
      "location-before-char-end": 4140,
      "node-str": "org.jboss.ejb.GlobalTxEntityMap$SetTCLAction"
    },
    {
      "type": "delete-node",
      "node": {
        "label": "container",
        "type": "VariableRead"
      },
      "location-before-char-start": 4164,
      "location-before-char-end": 4172,
      "node-str": "container"
    },
    {
      "type": "delete-node",
      "node": {
        "label": "getClassLoader",
        "type": "Invocation"
      },
      "location-before-char-start": 4164,
      "location-before-char-end": 4189,
      "node-str": "getClassLoader"
    },
    {
      "type": "delete-node",
      "node": {
        "label": "thread",
        "type": "VariableRead"
      },
      "location-before-char-start": 4192,
      "location-before-char-end": 4197,
      "node-str": "thread"
    },
    {
      "type": "delete-node",
      "node": {
        "label": "setContextClassLoader",
        "type": "Invocation"
      },
      "location-before-char-start": 4129,
      "location-before-char-end": 4199,
      "node-str": "setContextClassLoader"
    },
    {
      "type": "delete-node",
      "node": {
        "label": "container",
        "type": "VariableRead"
      },
      "location-before-char-start": 4238,
      "location-before-char-end": 4246,
      "node-str": "container"
    },
    {
      "type": "delete-node",
      "node": {
        "label": "instance",
        "type": "VariableRead"
      },
      "location-before-char-start": 4263,
      "location-before-char-end": 4270,
      "node-str": "instance"
    },
    {
      "type": "delete-node",
      "node": {
        "label": "invokeEjbStore",
        "type": "Invocation"
      },
      "location-before-char-start": 4238,
      "location-before-char-end": 4272,
      "node-str": "invokeEjbStore"
    },
    {
      "type": "delete-node",
      "node": {
        "label": "THEN",
        "type": "then"
      },
      "location-before-char-start": 3956,
      "location-before-char-end": 4283,
      "node-str": "THEN"
    },
    {
      "type": "delete-node",
      "node": {
        "label": "if",
        "type": "If"
      },
      "location-before-char-start": 3918,
      "location-before-char-end": 4283,
      "node-str": "if"
    },
    {
      "type": "delete-node",
      "node": {
        "label": "invokeEjbStore",
        "type": "Method"
      },
      "location-before-char-start": 3808,
      "location-before-char-end": 4291,
      "node-str": "invokeEjbStore"
    },
    {
      "type": "delete-node",
      "node": {
        "label": "void",
        "type": "RETURN_TYPE"
      },
      "location-before-char-start": 0,
      "location-before-char-end": 0,
      "node-str": "void"
    },
    {
      "type": "delete-node",
      "node": {
        "label": "java.lang.Exception",
        "type": "THROWS"
      },
      "location-before-char-start": 0,
      "location-before-char-end": 0,
      "node-str": "java.lang.Exception"
    },
    {
      "type": "delete-node",
      "node": {
        "label": "public",
        "type": "Modifier"
      },
      "location-before-char-start": 0,
      "location-before-char-end": 0,
      "node-str": "public"
    },
    {
      "type": "delete-node",
      "node": {
        "label": "java.lang.Thread",
        "type": "VARIABLE_TYPE"
      },
      "location-before-char-start": 0,
      "location-before-char-end": 0,
      "node-str": "java.lang.Thread"
    },
    {
      "type": "delete-node",
      "node": {
        "label": "thread",
        "type": "Parameter"
      },
      "location-before-char-start": 4324,
      "location-before-char-end": 4336,
      "node-str": "thread"
    },
    {
      "type": "delete-node",
      "node": {
        "label": "javax.transaction.Transaction",
        "type": "VARIABLE_TYPE"
      },
      "location-before-char-start": 0,
      "location-before-char-end": 0,
      "node-str": "javax.transaction.Transaction"
    },
    {
      "type": "delete-node",
      "node": {
        "label": "tx",
        "type": "Parameter"
      },
      "location-before-char-start": 4339,
      "location-before-char-end": 4352,
      "node-str": "tx"
    },
    {
      "type": "delete-node",
      "node": {
        "label": "org.jboss.ejb.EntityEnterpriseContext",
        "type": "VARIABLE_TYPE"
      },
      "location-before-char-start": 0,
      "location-before-char-end": 0,
      "node-str": "org.jboss.ejb.EntityEnterpriseContext"
    },
    {
      "type": "delete-node",
      "node": {
        "label": "instance",
        "type": "Parameter"
      },
      "location-before-char-start": 4355,
      "location-before-char-end": 4386,
      "node-str": "instance"
    },
    {
      "type": "delete-node",
      "node": {
        "label": "instance",
        "type": "VariableRead"
      },
      "location-before-char-start": 4550,
      "location-before-char-end": 4557,
      "node-str": "instance"
    },
    {
      "type": "delete-node",
      "node": {
        "label": "getId",
        "type": "Invocation"
      },
      "location-before-char-start": 4550,
      "location-before-char-end": 4565,
      "node-str": "getId"
    },
    {
      "type": "delete-node",
      "node": {
        "label": "null",
        "type": "Literal"
      },
      "location-before-char-start": 4570,
      "location-before-char-end": 4573,
      "node-str": "null"
    },
    {
      "type": "delete-node",
      "node": {
        "label": "NE",
        "type": "BinaryOperator"
      },
      "location-before-char-start": 4550,
      "location-before-char-end": 4573,
      "node-str": "NE"
    },
    {
      "type": "delete-node",
      "node": {
        "label": "org.jboss.ejb.EntityContainer",
        "type": "VARIABLE_TYPE"
      },
      "location-before-char-start": 0,
      "location-before-char-end": 0,
      "node-str": "org.jboss.ejb.EntityContainer"
    },
    {
      "type": "delete-node",
      "node": {
        "label": "instance",
        "type": "VariableRead"
      },
      "location-before-char-start": 4645,
      "location-before-char-end": 4652,
      "node-str": "instance"
    },
    {
      "type": "delete-node",
      "node": {
        "label": "getContainer",
        "type": "Invocation"
      },
      "location-before-char-start": 4627,
      "location-before-char-end": 4667,
      "node-str": "getContainer"
    },
    {
      "type": "delete-node",
      "node": {
        "label": "container",
        "type": "LocalVariable"
      },
      "location-before-char-start": 4599,
      "location-before-char-end": 4668,
      "node-str": "container"
    },
    {
      "type": "delete-node",
      "node": {
        "label": "org.jboss.ejb.GlobalTxEntityMap$SetTCLAction",
        "type": "TypeAccess"
      },
      "location-before-char-start": 4759,
      "location-before-char-end": 4770,
      "node-str": "org.jboss.ejb.GlobalTxEntityMap$SetTCLAction"
    },
    {
      "type": "delete-node",
      "node": {
        "label": "container",
        "type": "VariableRead"
      },
      "location-before-char-start": 4794,
      "location-before-char-end": 4802,
      "node-str": "container"
    },
    {
      "type": "delete-node",
      "node": {
        "label": "getClassLoader",
        "type": "Invocation"
      },
      "location-before-char-start": 4794,
      "location-before-char-end": 4819,
      "node-str": "getClassLoader"
    },
    {
      "type": "delete-node",
      "node": {
        "label": "thread",
        "type": "VariableRead"
      },
      "location-before-char-start": 4822,
      "location-before-char-end": 4827,
      "node-str": "thread"
    },
    {
      "type": "delete-node",
      "node": {
        "label": "setContextClassLoader",
        "type": "Invocation"
      },
      "location-before-char-start": 4759,
      "location-before-char-end": 4829,
      "node-str": "setContextClassLoader"
    },
    {
      "type": "delete-node",
      "node": {
        "label": "container",
        "type": "VariableRead"
      },
      "location-before-char-start": 4868,
      "location-before-char-end": 4876,
      "node-str": "container"
    },
    {
      "type": "delete-node",
      "node": {
        "label": "instance",
        "type": "VariableRead"
      },
      "location-before-char-start": 4890,
      "location-before-char-end": 4897,
      "node-str": "instance"
    },
    {
      "type": "delete-node",
      "node": {
        "label": "storeEntity",
        "type": "Invocation"
      },
      "location-before-char-start": 4868,
      "location-before-char-end": 4899,
      "node-str": "storeEntity"
    },
    {
      "type": "delete-node",
      "node": {
        "label": "instance",
        "type": "VariableRead"
      },
      "location-before-char-start": 4914,
      "location-before-char-end": 4921,
      "node-str": "instance"
    },
    {
      "type": "delete-node",
      "node": {
        "label": "SYNCHRONIZED",
        "type": "FieldRead"
      },
      "location-before-char-start": 4940,
      "location-before-char-end": 4951,
      "node-str": "SYNCHRONIZED"
    },
    {
      "type": "delete-node",
      "node": {
        "label": "setTxAssociation",
        "type": "Invocation"
      },
      "location-before-char-start": 4914,
      "location-before-char-end": 4953,
      "node-str": "setTxAssociation"
    },
    {
      "type": "delete-node",
      "node": {
        "label": "THEN",
        "type": "then"
      },
      "location-before-char-start": 4585,
      "location-before-char-end": 4964,
      "node-str": "THEN"
    },
    {
      "type": "delete-node",
      "node": {
        "label": "if",
        "type": "If"
      },
      "location-before-char-start": 4547,
      "location-before-char-end": 4964,
      "node-str": "if"
    },
    {
      "type": "delete-node",
      "node": {
        "label": "synchronize",
        "type": "Method"
      },
      "location-before-char-start": 4300,
      "location-before-char-end": 4972,
      "node-str": "synchronize"
    },
    {
      "type": "delete-node",
      "node": {
        "label": "2",
        "type": "Class"
      },
      "location-before-char-start": 3702,
      "location-before-char-end": 4977,
      "node-str": "2"
    },
    {
      "type": "delete-node",
      "node": {
        "label": "org.jboss.ejb.GlobalTxEntityMap$2()",
        "type": "NewClass"
      },
      "location-before-char-start": 3679,
      "location-before-char-end": 4977,
      "node-str": "org.jboss.ejb.GlobalTxEntityMap$2()"
    },
    {
      "type": "delete-node",
      "node": {
        "label": "SYNC_SCHEDULED",
        "type": "Field"
      },
      "location-before-char-start": 3628,
      "location-before-char-end": 4978,
      "node-str": "SYNC_SCHEDULED"
    },
    {
      "type": "delete-node",
      "node": {
        "label": "static",
        "type": "Modifier"
      },
      "location-before-char-start": 0,
      "location-before-char-end": 0,
      "node-str": "static"
    },
    {
      "type": "delete-node",
      "node": {
        "label": "java.security.PrivilegedAction",
        "type": "VARIABLE_TYPE"
      },
      "location-before-char-start": 0,
      "location-before-char-end": 0,
      "node-str": "java.security.PrivilegedAction"
    },
    {
      "type": "delete-node",
      "node": {
        "label": "static",
        "type": "Modifier"
      },
      "location-before-char-start": 0,
      "location-before-char-end": 0,
      "node-str": "static"
    },
    {
      "type": "delete-node",
      "node": {
        "label": "org.jboss.ejb.GlobalTxEntityMap$GetTCLAction()",
        "type": "ConstructorCall"
      },
      "location-before-char-start": 10490,
      "location-before-char-end": 10507,
      "node-str": "org.jboss.ejb.GlobalTxEntityMap$GetTCLAction()"
    },
    {
      "type": "delete-node",
      "node": {
        "label": "ACTION",
        "type": "Field"
      },
      "location-before-char-start": 10457,
      "location-before-char-end": 10508,
      "node-str": "ACTION"
    },
    {
      "type": "delete-node",
      "node": {
        "label": "java.lang.Object",
        "type": "RETURN_TYPE"
      },
      "location-before-char-start": 0,
      "location-before-char-end": 0,
      "node-str": "java.lang.Object"
    },
    {
      "type": "delete-node",
      "node": {
        "label": "public",
        "type": "Modifier"
      },
      "location-before-char-start": 0,
      "location-before-char-end": 0,
      "node-str": "public"
    },
    {
      "type": "delete-node",
      "node": {
        "label": "java.lang.ClassLoader",
        "type": "VARIABLE_TYPE"
      },
      "location-before-char-start": 0,
      "location-before-char-end": 0,
      "node-str": "java.lang.ClassLoader"
    },
    {
      "type": "delete-node",
      "node": {
        "label": "java.lang.Thread",
        "type": "TypeAccess"
      },
      "location-before-char-start": 10574,
      "location-before-char-end": 10579,
      "node-str": "java.lang.Thread"
    },
    {
      "type": "delete-node",
      "node": {
        "label": "currentThread",
        "type": "Invocation"
      },
      "location-before-char-start": 10574,
      "location-before-char-end": 10595,
      "node-str": "currentThread"
    },
    {
      "type": "delete-node",
      "node": {
        "label": "getContextClassLoader",
        "type": "Invocation"
      },
      "location-before-char-start": 10574,
      "location-before-char-end": 10619,
      "node-str": "getContextClassLoader"
    },
    {
      "type": "delete-node",
      "node": {
        "label": "loader",
        "type": "LocalVariable"
      },
      "location-before-char-start": 10553,
      "location-before-char-end": 10620,
      "node-str": "loader"
    },
    {
      "type": "delete-node",
      "node": {
        "label": "loader",
        "type": "VariableRead"
      },
      "location-before-char-start": 10638,
      "location-before-char-end": 10643,
      "node-str": "loader"
    },
    {
      "type": "delete-node",
      "node": {
        "label": "return",
        "type": "Return"
      },
      "location-before-char-start": 10631,
      "location-before-char-end": 10644,
      "node-str": "return"
    },
    {
      "type": "delete-node",
      "node": {
        "label": "run",
        "type": "Method"
      },
      "location-before-char-start": 10516,
      "location-before-char-end": 10652,
      "node-str": "run"
    },
    {
      "type": "delete-node",
      "node": {
        "label": "java.lang.ClassLoader",
        "type": "RETURN_TYPE"
      },
      "location-before-char-start": 0,
      "location-before-char-end": 0,
      "node-str": "java.lang.ClassLoader"
    },
    {
      "type": "delete-node",
      "node": {
        "label": "static",
        "type": "Modifier"
      },
      "location-before-char-start": 0,
      "location-before-char-end": 0,
      "node-str": "static"
    },
    {
      "type": "delete-node",
      "node": {
        "label": "java.lang.ClassLoader",
        "type": "VARIABLE_TYPE"
      },
      "location-before-char-start": 0,
      "location-before-char-end": 0,
      "node-str": "java.lang.ClassLoader"
    },
    {
      "type": "delete-node",
      "node": {
        "label": "java.security.AccessController",
        "type": "TypeAccess"
      },
      "location-before-char-start": 10755,
      "location-before-char-end": 10770,
      "node-str": "java.security.AccessController"
    },
    {
      "type": "delete-node",
      "node": {
        "label": "ACTION",
        "type": "FieldRead"
      },
      "location-before-char-start": 10785,
      "location-before-char-end": 10790,
      "node-str": "ACTION"
    },
    {
      "type": "delete-node",
      "node": {
        "label": "doPrivileged",
        "type": "Invocation"
      },
      "location-before-char-start": 10741,
      "location-before-char-end": 10791,
      "node-str": "doPrivileged"
    },
    {
      "type": "delete-node",
      "node": {
        "label": "loader",
        "type": "LocalVariable"
      },
      "location-before-char-start": 10720,
      "location-before-char-end": 10792,
      "node-str": "loader"
    },
    {
      "type": "delete-node",
      "node": {
        "label": "loader",
        "type": "VariableRead"
      },
      "location-before-char-start": 10810,
      "location-before-char-end": 10815,
      "node-str": "loader"
    },
    {
      "type": "delete-node",
      "node": {
        "label": "return",
        "type": "Return"
      },
      "location-before-char-start": 10803,
      "location-before-char-end": 10816,
      "node-str": "return"
    },
    {
      "type": "delete-node",
      "node": {
        "label": "getContextClassLoader",
        "type": "Method"
      },
      "location-before-char-start": 10660,
      "location-before-char-end": 10824,
      "node-str": "getContextClassLoader"
    },
    {
      "type": "delete-node",
      "node": {
        "label": "GetTCLAction",
        "type": "Class"
      },
      "location-before-char-start": 10384,
      "location-before-char-end": 10829,
      "node-str": "GetTCLAction"
    },
    {
      "type": "delete-node",
      "node": {
        "label": "static",
        "type": "Modifier"
      },
      "location-before-char-start": 0,
      "location-before-char-end": 0,
      "node-str": "static"
    },
    {
      "type": "delete-node",
      "node": {
        "label": "java.lang.ClassLoader",
        "type": "VARIABLE_TYPE"
      },
      "location-before-char-start": 0,
      "location-before-char-end": 0,
      "node-str": "java.lang.ClassLoader"
    },
    {
      "type": "delete-node",
      "node": {
        "label": "loader",
        "type": "Field"
      },
      "location-before-char-start": 10907,
      "location-before-char-end": 10925,
      "node-str": "loader"
    },
    {
      "type": "delete-node",
      "node": {
        "label": "java.lang.Thread",
        "type": "VARIABLE_TYPE"
      },
      "location-before-char-start": 0,
      "location-before-char-end": 0,
      "node-str": "java.lang.Thread"
    },
    {
      "type": "delete-node",
      "node": {
        "label": "t",
        "type": "Field"
      },
      "location-before-char-start": 10933,
      "location-before-char-end": 10941,
      "node-str": "t"
    },
    {
      "type": "delete-node",
      "node": {
        "label": "java.lang.ClassLoader",
        "type": "VARIABLE_TYPE"
      },
      "location-before-char-start": 0,
      "location-before-char-end": 0,
      "node-str": "java.lang.ClassLoader"
    },
    {
      "type": "delete-node",
      "node": {
        "label": "loader",
        "type": "Parameter"
      },
      "location-before-char-start": 10962,
      "location-before-char-end": 10979,
      "node-str": "loader"
    },
    {
      "type": "delete-node",
      "node": {
        "label": "java.lang.Thread",
        "type": "VARIABLE_TYPE"
      },
      "location-before-char-start": 0,
      "location-before-char-end": 0,
      "node-str": "java.lang.Thread"
    },
    {
      "type": "delete-node",
      "node": {
        "label": "t",
        "type": "Parameter"
      },
      "location-before-char-start": 10982,
      "location-before-char-end": 10989,
      "node-str": "t"
    },
    {
      "type": "delete-node",
      "node": {
        "label": "org.jboss.ejb.GlobalTxEntityMap$SetTCLAction",
        "type": "TypeAccess"
      },
      "location-before-char-start": 0,
      "location-before-char-end": 0,
      "node-str": "org.jboss.ejb.GlobalTxEntityMap$SetTCLAction"
    },
    {
      "type": "delete-node",
      "node": {
        "label": "this",
        "type": "ThisAccess"
      },
      "location-before-char-start": 11009,
      "location-before-char-end": 11012,
      "node-str": "this"
    },
    {
      "type": "delete-node",
      "node": {
        "label": "loader",
        "type": "FieldWrite"
      },
      "location-before-char-start": 11009,
      "location-before-char-end": 11019,
      "node-str": "loader"
    },
    {
      "type": "delete-node",
      "node": {
        "label": "loader",
        "type": "VariableRead"
      },
      "location-before-char-start": 11023,
      "location-before-char-end": 11028,
      "node-str": "loader"
    },
    {
      "type": "delete-node",
      "node": {
        "label": "\u003d",
        "type": "Assignment"
      },
      "location-before-char-start": 11009,
      "location-before-char-end": 11029,
      "node-str": "\u003d"
    },
    {
      "type": "delete-node",
      "node": {
        "label": "org.jboss.ejb.GlobalTxEntityMap$SetTCLAction",
        "type": "TypeAccess"
      },
      "location-before-char-start": 0,
      "location-before-char-end": 0,
      "node-str": "org.jboss.ejb.GlobalTxEntityMap$SetTCLAction"
    },
    {
      "type": "delete-node",
      "node": {
        "label": "this",
        "type": "ThisAccess"
      },
      "location-before-char-start": 11040,
      "location-before-char-end": 11043,
      "node-str": "this"
    },
    {
      "type": "delete-node",
      "node": {
        "label": "t",
        "type": "FieldWrite"
      },
      "location-before-char-start": 11040,
      "location-before-char-end": 11045,
      "node-str": "t"
    },
    {
      "type": "delete-node",
      "node": {
        "label": "t",
        "type": "VariableRead"
      },
      "location-before-char-start": 11049,
      "location-before-char-end": 11049,
      "node-str": "t"
    },
    {
      "type": "delete-node",
      "node": {
        "label": "\u003d",
        "type": "Assignment"
      },
      "location-before-char-start": 11040,
      "location-before-char-end": 11050,
      "node-str": "\u003d"
    },
    {
      "type": "delete-node",
      "node": {
        "label": "\u003cinit\u003e",
        "type": "Constructor"
      },
      "location-before-char-start": 10949,
      "location-before-char-end": 11058,
      "node-str": "\u003cinit\u003e"
    },
    {
      "type": "delete-node",
      "node": {
        "label": "java.lang.Object",
        "type": "RETURN_TYPE"
      },
      "location-before-char-start": 0,
      "location-before-char-end": 0,
      "node-str": "java.lang.Object"
    },
    {
      "type": "delete-node",
      "node": {
        "label": "public",
        "type": "Modifier"
      },
      "location-before-char-start": 0,
      "location-before-char-end": 0,
      "node-str": "public"
    },
    {
      "type": "delete-node",
      "node": {
        "label": "org.jboss.ejb.GlobalTxEntityMap$SetTCLAction",
        "type": "TypeAccess"
      },
      "location-before-char-start": 0,
      "location-before-char-end": 0,
      "node-str": "org.jboss.ejb.GlobalTxEntityMap$SetTCLAction"
    },
    {
      "type": "delete-node",
      "node": {
        "label": "t",
        "type": "FieldRead"
      },
      "location-before-char-start": 11103,
      "location-before-char-end": 11103,
      "node-str": "t"
    },
    {
      "type": "delete-node",
      "node": {
        "label": "org.jboss.ejb.GlobalTxEntityMap$SetTCLAction",
        "type": "TypeAccess"
      },
      "location-before-char-start": 0,
      "location-before-char-end": 0,
      "node-str": "org.jboss.ejb.GlobalTxEntityMap$SetTCLAction"
    },
    {
      "type": "delete-node",
      "node": {
        "label": "loader",
        "type": "FieldRead"
      },
      "location-before-char-start": 11127,
      "location-before-char-end": 11132,
      "node-str": "loader"
    },
    {
      "type": "delete-node",
      "node": {
        "label": "setContextClassLoader",
        "type": "Invocation"
      },
      "location-before-char-start": 11103,
      "location-before-char-end": 11134,
      "node-str": "setContextClassLoader"
    },
    {
      "type": "delete-node",
      "node": {
        "label": "org.jboss.ejb.GlobalTxEntityMap$SetTCLAction",
        "type": "TypeAccess"
      },
      "location-before-char-start": 0,
      "location-before-char-end": 0,
      "node-str": "org.jboss.ejb.GlobalTxEntityMap$SetTCLAction"
    },
    {
      "type": "delete-node",
      "node": {
        "label": "t",
        "type": "FieldWrite"
      },
      "location-before-char-start": 11145,
      "location-before-char-end": 11145,
      "node-str": "t"
    },
    {
      "type": "delete-node",
      "node": {
        "label": "null",
        "type": "Literal"
      },
      "location-before-char-start": 11149,
      "location-before-char-end": 11152,
      "node-str": "null"
    },
    {
      "type": "delete-node",
      "node": {
        "label": "\u003d",
        "type": "Assignment"
      },
      "location-before-char-start": 11145,
      "location-before-char-end": 11153,
      "node-str": "\u003d"
    },
    {
      "type": "delete-node",
      "node": {
        "label": "org.jboss.ejb.GlobalTxEntityMap$SetTCLAction",
        "type": "TypeAccess"
      },
      "location-before-char-start": 0,
      "location-before-char-end": 0,
      "node-str": "org.jboss.ejb.GlobalTxEntityMap$SetTCLAction"
    },
    {
      "type": "delete-node",
      "node": {
        "label": "loader",
        "type": "FieldWrite"
      },
      "location-before-char-start": 11164,
      "location-before-char-end": 11169,
      "node-str": "loader"
    },
    {
      "type": "delete-node",
      "node": {
        "label": "null",
        "type": "Literal"
      },
      "location-before-char-start": 11173,
      "location-before-char-end": 11176,
      "node-str": "null"
    },
    {
      "type": "delete-node",
      "node": {
        "label": "\u003d",
        "type": "Assignment"
      },
      "location-before-char-start": 11164,
      "location-before-char-end": 11177,
      "node-str": "\u003d"
    },
    {
      "type": "delete-node",
      "node": {
        "label": "null",
        "type": "Literal"
      },
      "location-before-char-start": 11195,
      "location-before-char-end": 11198,
      "node-str": "null"
    },
    {
      "type": "delete-node",
      "node": {
        "label": "return",
        "type": "Return"
      },
      "location-before-char-start": 11188,
      "location-before-char-end": 11199,
      "node-str": "return"
    },
    {
      "type": "delete-node",
      "node": {
        "label": "run",
        "type": "Method"
      },
      "location-before-char-start": 11066,
      "location-before-char-end": 11207,
      "node-str": "run"
    },
    {
      "type": "delete-node",
      "node": {
        "label": "void",
        "type": "RETURN_TYPE"
      },
      "location-before-char-start": 0,
      "location-before-char-end": 0,
      "node-str": "void"
    },
    {
      "type": "delete-node",
      "node": {
        "label": "static",
        "type": "Modifier"
      },
      "location-before-char-start": 0,
      "location-before-char-end": 0,
      "node-str": "static"
    },
    {
      "type": "delete-node",
      "node": {
        "label": "java.lang.ClassLoader",
        "type": "VARIABLE_TYPE"
      },
      "location-before-char-start": 0,
      "location-before-char-end": 0,
      "node-str": "java.lang.ClassLoader"
    },
    {
      "type": "delete-node",
      "node": {
        "label": "loader",
        "type": "Parameter"
      },
      "location-before-char-start": 11249,
      "location-before-char-end": 11266,
      "node-str": "loader"
    },
    {
      "type": "delete-node",
      "node": {
        "label": "loader",
        "type": "VariableRead"
      },
      "location-before-char-start": 11308,
      "location-before-char-end": 11313,
      "node-str": "loader"
    },
    {
      "type": "delete-node",
      "node": {
        "label": "java.lang.Thread",
        "type": "TypeAccess"
      },
      "location-before-char-start": 11316,
      "location-before-char-end": 11321,
      "node-str": "java.lang.Thread"
    },
    {
      "type": "delete-node",
      "node": {
        "label": "currentThread",
        "type": "Invocation"
      },
      "location-before-char-start": 11316,
      "location-before-char-end": 11337,
      "node-str": "currentThread"
    },
    {
      "type": "delete-node",
      "node": {
        "label": "setContextClassLoader",
        "type": "Invocation"
      },
      "location-before-char-start": 11286,
      "location-before-char-end": 11339,
      "node-str": "setContextClassLoader"
    },
    {
      "type": "delete-node",
      "node": {
        "label": "setContextClassLoader",
        "type": "Method"
      },
      "location-before-char-start": 11215,
      "location-before-char-end": 11347,
      "node-str": "setContextClassLoader"
    },
    {
      "type": "delete-node",
      "node": {
        "label": "void",
        "type": "RETURN_TYPE"
      },
      "location-before-char-start": 0,
      "location-before-char-end": 0,
      "node-str": "void"
    },
    {
      "type": "delete-node",
      "node": {
        "label": "static",
        "type": "Modifier"
      },
      "location-before-char-start": 0,
      "location-before-char-end": 0,
      "node-str": "static"
    },
    {
      "type": "delete-node",
      "node": {
        "label": "java.lang.ClassLoader",
        "type": "VARIABLE_TYPE"
      },
      "location-before-char-start": 0,
      "location-before-char-end": 0,
      "node-str": "java.lang.ClassLoader"
    },
    {
      "type": "delete-node",
      "node": {
        "label": "loader",
        "type": "Parameter"
      },
      "location-before-char-start": 11389,
      "location-before-char-end": 11406,
      "node-str": "loader"
    },
    {
      "type": "delete-node",
      "node": {
        "label": "java.lang.Thread",
        "type": "VARIABLE_TYPE"
      },
      "location-before-char-start": 0,
      "location-before-char-end": 0,
      "node-str": "java.lang.Thread"
    },
    {
      "type": "delete-node",
      "node": {
        "label": "t",
        "type": "Parameter"
      },
      "location-before-char-start": 11409,
      "location-before-char-end": 11416,
      "node-str": "t"
    },
    {
      "type": "delete-node",
      "node": {
        "label": "java.security.PrivilegedAction",
        "type": "VARIABLE_TYPE"
      },
      "location-before-char-start": 0,
      "location-before-char-end": 0,
      "node-str": "java.security.PrivilegedAction"
    },
    {
      "type": "delete-node",
      "node": {
        "label": "loader",
        "type": "VariableRead"
      },
      "location-before-char-start": 11479,
      "location-before-char-end": 11484,
      "node-str": "loader"
    },
    {
      "type": "delete-node",
      "node": {
        "label": "t",
        "type": "VariableRead"
      },
      "location-before-char-start": 11487,
      "location-before-char-end": 11487,
      "node-str": "t"
    },
    {
      "type": "delete-node",
      "node": {
        "label": "org.jboss.ejb.GlobalTxEntityMap$SetTCLAction(java.lang.ClassLoader,java.lang.Thread)",
        "type": "ConstructorCall"
      },
      "location-before-char-start": 11462,
      "location-before-char-end": 11488,
      "node-str": "org.jboss.ejb.GlobalTxEntityMap$SetTCLAction(java.lang.ClassLoader,java.lang.Thread)"
    },
    {
      "type": "delete-node",
      "node": {
        "label": "action",
        "type": "LocalVariable"
      },
      "location-before-char-start": 11436,
      "location-before-char-end": 11489,
      "node-str": "action"
    },
    {
      "type": "delete-node",
      "node": {
        "label": "java.security.AccessController",
        "type": "TypeAccess"
      },
      "location-before-char-start": 11500,
      "location-before-char-end": 11515,
      "node-str": "java.security.AccessController"
    },
    {
      "type": "delete-node",
      "node": {
        "label": "action",
        "type": "VariableRead"
      },
      "location-before-char-start": 11530,
      "location-before-char-end": 11535,
      "node-str": "action"
    },
    {
      "type": "delete-node",
      "node": {
        "label": "doPrivileged",
        "type": "Invocation"
      },
      "location-before-char-start": 11500,
      "location-before-char-end": 11537,
      "node-str": "doPrivileged"
    },
    {
      "type": "delete-node",
      "node": {
        "label": "setContextClassLoader",
        "type": "Method"
      },
      "location-before-char-start": 11355,
      "location-before-char-end": 11545,
      "node-str": "setContextClassLoader"
    },
    {
      "type": "delete-node",
      "node": {
        "label": "SetTCLAction",
        "type": "Class"
      },
      "location-before-char-start": 10834,
      "location-before-char-end": 11550,
      "node-str": "SetTCLAction"
    },
    {
      "type": "delete-node",
      "node": {
        "label": "GlobalTxEntityMap",
        "type": "Class"
      },
      "location-before-char-start": 575,
      "location-before-char-end": 11552,
      "node-str": "GlobalTxEntityMap"
    }
  ],
  "before-file": {},
  "after-file": {},
  "mapping": {}
}