{
  "tool-info": {},
  "diff": [
    {
      "type": "insert-node",
      "node": {
        "label": "",
        "type": "ImportDeclaration"
      },
      "location-after-char-start": 528,
      "location-after-char-end": 571,
      "node-str": ""
    },
    {
      "type": "update-node",
      "node": {
        "label": "java.io.IOException",
        "type": "QualifiedName"
      },
      "location-before-char-start": 418,
      "location-before-char-end": 437,
      "location-after-char-start": 418,
      "location-after-char-end": 432,
      "node-str": "java.util.List"
    },
    {
      "type": "insert-node",
      "node": {
        "label": "CH.ifa.draw.util.CollectionsFactory",
        "type": "QualifiedName"
      },
      "location-after-char-start": 535,
      "location-after-char-end": 570,
      "node-str": "CH.ifa.draw.util.CollectionsFactory"
    },
    {
      "type": "insert-node",
      "node": {
        "label": "",
        "type": "MethodDeclaration"
      },
      "location-after-char-start": 1704,
      "location-after-char-end": 1943,
      "node-str": ""
    },
    {
      "type": "insert-node",
      "node": {
        "label": "public",
        "type": "Modifier"
      },
      "location-after-char-start": 1704,
      "location-after-char-end": 1710,
      "node-str": "public"
    },
    {
      "type": "insert-node",
      "node": {
        "label": "",
        "type": "SimpleType"
      },
      "location-after-char-start": 1711,
      "location-after-char-end": 1728,
      "node-str": ""
    },
    {
      "type": "insert-node",
      "node": {
        "label": "handles",
        "type": "SimpleName"
      },
      "location-after-char-start": 1729,
      "location-after-char-end": 1736,
      "node-str": "handles"
    },
    {
      "type": "insert-node",
      "node": {
        "label": "",
        "type": "Block"
      },
      "location-after-char-start": 1739,
      "location-after-char-end": 1943,
      "node-str": ""
    },
    {
      "type": "insert-node",
      "node": {
        "label": "HandleEnumeration",
        "type": "SimpleName"
      },
      "location-after-char-start": 1711,
      "location-after-char-end": 1728,
      "node-str": "HandleEnumeration"
    },
    {
      "type": "insert-node",
      "node": {
        "label": "",
        "type": "VariableDeclarationStatement"
      },
      "location-after-char-start": 1743,
      "location-after-char-end": 1783,
      "node-str": ""
    },
    {
      "type": "insert-node",
      "node": {
        "label": "",
        "type": "ExpressionStatement"
      },
      "location-after-char-start": 1836,
      "location-after-char-end": 1900,
      "node-str": ""
    },
    {
      "type": "insert-node",
      "node": {
        "label": "",
        "type": "ReturnStatement"
      },
      "location-after-char-start": 1903,
      "location-after-char-end": 1940,
      "node-str": ""
    },
    {
      "type": "insert-node",
      "node": {
        "label": "",
        "type": "SimpleType"
      },
      "location-after-char-start": 1743,
      "location-after-char-end": 1747,
      "node-str": ""
    },
    {
      "type": "insert-node",
      "node": {
        "label": "",
        "type": "VariableDeclarationFragment"
      },
      "location-after-char-start": 1748,
      "location-after-char-end": 1782,
      "node-str": ""
    },
    {
      "type": "insert-node",
      "node": {
        "label": "",
        "type": "MethodInvocation"
      },
      "location-after-char-start": 1836,
      "location-after-char-end": 1899,
      "node-str": ""
    },
    {
      "type": "insert-node",
      "node": {
        "label": "",
        "type": "ClassInstanceCreation"
      },
      "location-after-char-start": 1910,
      "location-after-char-end": 1939,
      "node-str": ""
    },
    {
      "type": "insert-node",
      "node": {
        "label": "List",
        "type": "SimpleName"
      },
      "location-after-char-start": 1743,
      "location-after-char-end": 1747,
      "node-str": "List"
    },
    {
      "type": "insert-node",
      "node": {
        "label": "handles",
        "type": "SimpleName"
      },
      "location-after-char-start": 1748,
      "location-after-char-end": 1755,
      "node-str": "handles"
    },
    {
      "type": "insert-node",
      "node": {
        "label": "",
        "type": "MethodInvocation"
      },
      "location-after-char-start": 1758,
      "location-after-char-end": 1782,
      "node-str": ""
    },
    {
      "type": "insert-node",
      "node": {
        "label": "",
        "type": "METHOD_INVOCATION_RECEIVER"
      },
      "location-after-char-start": 1836,
      "location-after-char-end": 1843,
      "node-str": ""
    },
    {
      "type": "insert-node",
      "node": {
        "label": "set",
        "type": "SimpleName"
      },
      "location-after-char-start": 1844,
      "location-after-char-end": 1847,
      "node-str": "set"
    },
    {
      "type": "insert-node",
      "node": {
        "label": "",
        "type": "METHOD_INVOCATION_ARGUMENTS"
      },
      "location-after-char-start": 1848,
      "location-after-char-end": 1898,
      "node-str": ""
    },
    {
      "type": "insert-node",
      "node": {
        "label": "",
        "type": "SimpleType"
      },
      "location-after-char-start": 1914,
      "location-after-char-end": 1930,
      "node-str": ""
    },
    {
      "type": "insert-node",
      "node": {
        "label": "handles",
        "type": "SimpleName"
      },
      "location-after-char-start": 1931,
      "location-after-char-end": 1938,
      "node-str": "handles"
    },
    {
      "type": "insert-node",
      "node": {
        "label": "",
        "type": "METHOD_INVOCATION_RECEIVER"
      },
      "location-after-char-start": 1758,
      "location-after-char-end": 1773,
      "node-str": ""
    },
    {
      "type": "insert-node",
      "node": {
        "label": "toList",
        "type": "SimpleName"
      },
      "location-after-char-start": 1774,
      "location-after-char-end": 1780,
      "node-str": "toList"
    },
    {
      "type": "insert-node",
      "node": {
        "label": "handles",
        "type": "SimpleName"
      },
      "location-after-char-start": 1836,
      "location-after-char-end": 1843,
      "node-str": "handles"
    },
    {
      "type": "insert-node",
      "node": {
        "label": "0",
        "type": "NumberLiteral"
      },
      "location-after-char-start": 1848,
      "location-after-char-end": 1849,
      "node-str": "0"
    },
    {
      "type": "insert-node",
      "node": {
        "label": "",
        "type": "ClassInstanceCreation"
      },
      "location-after-char-start": 1851,
      "location-after-char-end": 1898,
      "node-str": ""
    },
    {
      "type": "insert-node",
      "node": {
        "label": "HandleEnumerator",
        "type": "SimpleName"
      },
      "location-after-char-start": 1914,
      "location-after-char-end": 1930,
      "node-str": "HandleEnumerator"
    },
    {
      "type": "insert-node",
      "node": {
        "label": "",
        "type": "SuperMethodInvocation"
      },
      "location-after-char-start": 1758,
      "location-after-char-end": 1773,
      "node-str": ""
    },
    {
      "type": "insert-node",
      "node": {
        "label": "",
        "type": "SimpleType"
      },
      "location-after-char-start": 1855,
      "location-after-char-end": 1865,
      "node-str": ""
    },
    {
      "type": "insert-node",
      "node": {
        "label": "",
        "type": "ThisExpression"
      },
      "location-after-char-start": 1866,
      "location-after-char-end": 1870,
      "node-str": ""
    },
    {
      "type": "insert-node",
      "node": {
        "label": "",
        "type": "MethodInvocation"
      },
      "location-after-char-start": 1872,
      "location-after-char-end": 1897,
      "node-str": ""
    },
    {
      "type": "insert-node",
      "node": {
        "label": "handles",
        "type": "SimpleName"
      },
      "location-after-char-start": 1764,
      "location-after-char-end": 1771,
      "node-str": "handles"
    },
    {
      "type": "insert-node",
      "node": {
        "label": "NullHandle",
        "type": "SimpleName"
      },
      "location-after-char-start": 1855,
      "location-after-char-end": 1865,
      "node-str": "NullHandle"
    },
    {
      "type": "insert-node",
      "node": {
        "label": "",
        "type": "METHOD_INVOCATION_RECEIVER"
      },
      "location-after-char-start": 1872,
      "location-after-char-end": 1886,
      "node-str": ""
    },
    {
      "type": "insert-node",
      "node": {
        "label": "locator",
        "type": "SimpleName"
      },
      "location-after-char-start": 1887,
      "location-after-char-end": 1894,
      "node-str": "locator"
    },
    {
      "type": "insert-node",
      "node": {
        "label": "",
        "type": "METHOD_INVOCATION_ARGUMENTS"
      },
      "location-after-char-start": 1895,
      "location-after-char-end": 1896,
      "node-str": ""
    },
    {
      "type": "insert-node",
      "node": {
        "label": "PolyLineFigure",
        "type": "SimpleName"
      },
      "location-after-char-start": 1872,
      "location-after-char-end": 1886,
      "node-str": "PolyLineFigure"
    },
    {
      "type": "insert-node",
      "node": {
        "label": "0",
        "type": "NumberLiteral"
      },
      "location-after-char-start": 1895,
      "location-after-char-end": 1896,
      "node-str": "0"
    },
    {
      "type": "delete-node",
      "node": {
        "label": "public",
        "type": "Modifier"
      },
      "location-before-char-start": 1664,
      "location-before-char-end": 1670,
      "node-str": "public"
    },
    {
      "type": "delete-node",
      "node": {
        "label": "Vector",
        "type": "SimpleName"
      },
      "location-before-char-start": 1671,
      "location-before-char-end": 1677,
      "node-str": "Vector"
    },
    {
      "type": "delete-node",
      "node": {
        "label": "",
        "type": "SimpleType"
      },
      "location-before-char-start": 1671,
      "location-before-char-end": 1677,
      "node-str": ""
    },
    {
      "type": "delete-node",
      "node": {
        "label": "handles",
        "type": "SimpleName"
      },
      "location-before-char-start": 1678,
      "location-before-char-end": 1685,
      "node-str": "handles"
    },
    {
      "type": "delete-node",
      "node": {
        "label": "Vector",
        "type": "SimpleName"
      },
      "location-before-char-start": 1692,
      "location-before-char-end": 1698,
      "node-str": "Vector"
    },
    {
      "type": "delete-node",
      "node": {
        "label": "",
        "type": "SimpleType"
      },
      "location-before-char-start": 1692,
      "location-before-char-end": 1698,
      "node-str": ""
    },
    {
      "type": "delete-node",
      "node": {
        "label": "handles",
        "type": "SimpleName"
      },
      "location-before-char-start": 1699,
      "location-before-char-end": 1706,
      "node-str": "handles"
    },
    {
      "type": "delete-node",
      "node": {
        "label": "handles",
        "type": "SimpleName"
      },
      "location-before-char-start": 1715,
      "location-before-char-end": 1722,
      "node-str": "handles"
    },
    {
      "type": "delete-node",
      "node": {
        "label": "",
        "type": "SuperMethodInvocation"
      },
      "location-before-char-start": 1709,
      "location-before-char-end": 1724,
      "node-str": ""
    },
    {
      "type": "delete-node",
      "node": {
        "label": "",
        "type": "VariableDeclarationFragment"
      },
      "location-before-char-start": 1699,
      "location-before-char-end": 1724,
      "node-str": ""
    },
    {
      "type": "delete-node",
      "node": {
        "label": "",
        "type": "VariableDeclarationStatement"
      },
      "location-before-char-start": 1692,
      "location-before-char-end": 1725,
      "node-str": ""
    },
    {
      "type": "delete-node",
      "node": {
        "label": "handles",
        "type": "SimpleName"
      },
      "location-before-char-start": 1778,
      "location-before-char-end": 1785,
      "node-str": "handles"
    },
    {
      "type": "delete-node",
      "node": {
        "label": "",
        "type": "METHOD_INVOCATION_RECEIVER"
      },
      "location-before-char-start": 1778,
      "location-before-char-end": 1785,
      "node-str": ""
    },
    {
      "type": "delete-node",
      "node": {
        "label": "setElementAt",
        "type": "SimpleName"
      },
      "location-before-char-start": 1786,
      "location-before-char-end": 1798,
      "node-str": "setElementAt"
    },
    {
      "type": "delete-node",
      "node": {
        "label": "NullHandle",
        "type": "SimpleName"
      },
      "location-before-char-start": 1803,
      "location-before-char-end": 1813,
      "node-str": "NullHandle"
    },
    {
      "type": "delete-node",
      "node": {
        "label": "",
        "type": "SimpleType"
      },
      "location-before-char-start": 1803,
      "location-before-char-end": 1813,
      "node-str": ""
    },
    {
      "type": "delete-node",
      "node": {
        "label": "",
        "type": "ThisExpression"
      },
      "location-before-char-start": 1814,
      "location-before-char-end": 1818,
      "node-str": ""
    },
    {
      "type": "delete-node",
      "node": {
        "label": "PolyLineFigure",
        "type": "SimpleName"
      },
      "location-before-char-start": 1820,
      "location-before-char-end": 1834,
      "node-str": "PolyLineFigure"
    },
    {
      "type": "delete-node",
      "node": {
        "label": "",
        "type": "METHOD_INVOCATION_RECEIVER"
      },
      "location-before-char-start": 1820,
      "location-before-char-end": 1834,
      "node-str": ""
    },
    {
      "type": "delete-node",
      "node": {
        "label": "locator",
        "type": "SimpleName"
      },
      "location-before-char-start": 1835,
      "location-before-char-end": 1842,
      "node-str": "locator"
    },
    {
      "type": "delete-node",
      "node": {
        "label": "0",
        "type": "NumberLiteral"
      },
      "location-before-char-start": 1843,
      "location-before-char-end": 1844,
      "node-str": "0"
    },
    {
      "type": "delete-node",
      "node": {
        "label": "",
        "type": "METHOD_INVOCATION_ARGUMENTS"
      },
      "location-before-char-start": 1843,
      "location-before-char-end": 1844,
      "node-str": ""
    },
    {
      "type": "delete-node",
      "node": {
        "label": "",
        "type": "MethodInvocation"
      },
      "location-before-char-start": 1820,
      "location-before-char-end": 1845,
      "node-str": ""
    },
    {
      "type": "delete-node",
      "node": {
        "label": "",
        "type": "ClassInstanceCreation"
      },
      "location-before-char-start": 1799,
      "location-before-char-end": 1846,
      "node-str": ""
    },
    {
      "type": "delete-node",
      "node": {
        "label": "0",
        "type": "NumberLiteral"
      },
      "location-before-char-start": 1848,
      "location-before-char-end": 1849,
      "node-str": "0"
    },
    {
      "type": "delete-node",
      "node": {
        "label": "",
        "type": "METHOD_INVOCATION_ARGUMENTS"
      },
      "location-before-char-start": 1799,
      "location-before-char-end": 1849,
      "node-str": ""
    },
    {
      "type": "delete-node",
      "node": {
        "label": "",
        "type": "MethodInvocation"
      },
      "location-before-char-start": 1778,
      "location-before-char-end": 1850,
      "node-str": ""
    },
    {
      "type": "delete-node",
      "node": {
        "label": "",
        "type": "ExpressionStatement"
      },
      "location-before-char-start": 1778,
      "location-before-char-end": 1851,
      "node-str": ""
    },
    {
      "type": "delete-node",
      "node": {
        "label": "handles",
        "type": "SimpleName"
      },
      "location-before-char-start": 1861,
      "location-before-char-end": 1868,
      "node-str": "handles"
    },
    {
      "type": "delete-node",
      "node": {
        "label": "",
        "type": "ReturnStatement"
      },
      "location-before-char-start": 1854,
      "location-before-char-end": 1869,
      "node-str": ""
    },
    {
      "type": "delete-node",
      "node": {
        "label": "",
        "type": "Block"
      },
      "location-before-char-start": 1688,
      "location-before-char-end": 1872,
      "node-str": ""
    },
    {
      "type": "delete-node",
      "node": {
        "label": "",
        "type": "MethodDeclaration"
      },
      "location-before-char-start": 1664,
      "location-before-char-end": 1872,
      "node-str": ""
    }
  ],
  "before-file": {},
  "after-file": {},
  "mapping": {}
}