{
  "tool-info": {},
  "diff": [
    {
      "type": "delete-node",
      "node": {
        "label": "public",
        "type": "Modifier"
      },
      "location-before-char-start": 0,
      "location-before-char-end": 0,
      "node-str": "public"
    },
    {
      "type": "delete-node",
      "node": {
        "label": "void",
        "type": "RETURN_TYPE"
      },
      "location-before-char-start": 0,
      "location-before-char-end": 0,
      "node-str": "void"
    },
    {
      "type": "delete-node",
      "node": {
        "label": "abstract",
        "type": "Modifier"
      },
      "location-before-char-start": 0,
      "location-before-char-end": 0,
      "node-str": "abstract"
    },
    {
      "type": "delete-node",
      "node": {
        "label": "public",
        "type": "Modifier"
      },
      "location-before-char-start": 0,
      "location-before-char-end": 0,
      "node-str": "public"
    },
    {
      "type": "delete-node",
      "node": {
        "label": "org.eclipse.ui.commands.KeyConfigurationEvent",
        "type": "VARIABLE_TYPE"
      },
      "location-before-char-start": 0,
      "location-before-char-end": 0,
      "node-str": "org.eclipse.ui.commands.KeyConfigurationEvent"
    },
    {
      "type": "delete-node",
      "node": {
        "label": "keyConfigurationEvent",
        "type": "Parameter"
      },
      "location-before-char-start": 1432,
      "location-before-char-end": 1474,
      "node-str": "keyConfigurationEvent"
    },
    {
      "type": "delete-node",
      "node": {
        "label": "keyConfigurationChanged",
        "type": "Method"
      },
      "location-before-char-start": 1090,
      "location-before-char-end": 1476,
      "node-str": "keyConfigurationChanged"
    },
    {
      "type": "delete-node",
      "node": {
        "label": "IKeyConfigurationListener",
        "type": "Interface"
      },
      "location-before-char-start": 576,
      "location-before-char-end": 1478,
      "node-str": "IKeyConfigurationListener"
    }
  ],
  "before-file": {},
  "after-file": {},
  "mapping": {}
}