{
  "tool-info": {},
  "diff": [
    {
      "type": "insert-node",
      "node": {
        "label": "public",
        "type": "Modifier"
      },
      "location-after-char-start": 0,
      "location-after-char-end": 0,
      "node-str": "public"
    },
    {
      "type": "insert-node",
      "node": {
        "label": "",
        "type": "TypeReference"
      },
      "location-after-char-start": 909,
      "location-after-char-end": 919,
      "node-str": ""
    },
    {
      "type": "insert-node",
      "node": {
        "label": "actionNode",
        "type": "Field"
      },
      "location-after-char-start": 924,
      "location-after-char-end": 1036,
      "node-str": "actionNode"
    },
    {
      "type": "insert-node",
      "node": {
        "label": "uidNode",
        "type": "Field"
      },
      "location-after-char-start": 1039,
      "location-after-char-end": 1066,
      "node-str": "uidNode"
    },
    {
      "type": "insert-node",
      "node": {
        "label": "node",
        "type": "Field"
      },
      "location-after-char-start": 1070,
      "location-after-char-end": 1094,
      "node-str": "node"
    },
    {
      "type": "insert-node",
      "node": {
        "label": "treeNode",
        "type": "Field"
      },
      "location-after-char-start": 1097,
      "location-after-char-end": 1125,
      "node-str": "treeNode"
    },
    {
      "type": "insert-node",
      "node": {
        "label": "\u003cinit\u003e",
        "type": "Constructor"
      },
      "location-after-char-start": 1128,
      "location-after-char-end": 1307,
      "node-str": "\u003cinit\u003e"
    },
    {
      "type": "insert-node",
      "node": {
        "label": "getRootNode",
        "type": "Method"
      },
      "location-after-char-start": 1311,
      "location-after-char-end": 1362,
      "node-str": "getRootNode"
    },
    {
      "type": "insert-node",
      "node": {
        "label": "removeUidNode",
        "type": "Method"
      },
      "location-after-char-start": 1916,
      "location-after-char-end": 2056,
      "node-str": "removeUidNode"
    },
    {
      "type": "insert-node",
      "node": {
        "label": "addUidNode",
        "type": "Method"
      },
      "location-after-char-start": 2060,
      "location-after-char-end": 2272,
      "node-str": "addUidNode"
    },
    {
      "type": "insert-node",
      "node": {
        "label": "org.columba.core.config.DefaultItem",
        "type": "SUPER_TYPE"
      },
      "location-after-char-start": 0,
      "location-after-char-end": 0,
      "node-str": "org.columba.core.config.DefaultItem"
    },
    {
      "type": "insert-node",
      "node": {
        "label": "org.columba.core.config.AdapterNode",
        "type": "VARIABLE_TYPE"
      },
      "location-after-char-start": 0,
      "location-after-char-end": 0,
      "node-str": "org.columba.core.config.AdapterNode"
    },
    {
      "type": "insert-node",
      "node": {
        "label": "org.columba.core.config.AdapterNode",
        "type": "VARIABLE_TYPE"
      },
      "location-after-char-start": 0,
      "location-after-char-end": 0,
      "node-str": "org.columba.core.config.AdapterNode"
    },
    {
      "type": "insert-node",
      "node": {
        "label": "org.columba.core.config.AdapterNode",
        "type": "VARIABLE_TYPE"
      },
      "location-after-char-start": 0,
      "location-after-char-end": 0,
      "node-str": "org.columba.core.config.AdapterNode"
    },
    {
      "type": "insert-node",
      "node": {
        "label": "org.columba.core.config.AdapterNode",
        "type": "VARIABLE_TYPE"
      },
      "location-after-char-start": 0,
      "location-after-char-end": 0,
      "node-str": "org.columba.core.config.AdapterNode"
    },
    {
      "type": "insert-node",
      "node": {
        "label": "public",
        "type": "Modifier"
      },
      "location-after-char-start": 0,
      "location-after-char-end": 0,
      "node-str": "public"
    },
    {
      "type": "insert-node",
      "node": {
        "label": "node",
        "type": "Parameter"
      },
      "location-after-char-start": 1169,
      "location-after-char-end": 1184,
      "node-str": "node"
    },
    {
      "type": "insert-node",
      "node": {
        "label": "doc",
        "type": "Parameter"
      },
      "location-after-char-start": 1187,
      "location-after-char-end": 1198,
      "node-str": "doc"
    },
    {
      "type": "insert-node",
      "node": {
        "label": "\u003cinit\u003e",
        "type": "Invocation"
      },
      "location-after-char-start": 1205,
      "location-after-char-end": 1215,
      "node-str": "\u003cinit\u003e"
    },
    {
      "type": "move-subtree",
      "node": {
        "label": "\u003d",
        "type": "Assignment"
      },
      "location-before-char-start": 1337,
      "location-before-char-end": 1353,
      "location-after-char-start": 1220,
      "location-after-char-end": 1236,
      "node-str": "\u003d"
    },
    {
      "type": "move-subtree",
      "node": {
        "label": "if",
        "type": "If"
      },
      "location-before-char-start": 1388,
      "location-before-char-end": 1420,
      "location-after-char-start": 1271,
      "location-after-char-end": 1303,
      "node-str": "if"
    },
    {
      "type": "insert-node",
      "node": {
        "label": "org.columba.core.config.AdapterNode",
        "type": "RETURN_TYPE"
      },
      "location-after-char-start": 0,
      "location-after-char-end": 0,
      "node-str": "org.columba.core.config.AdapterNode"
    },
    {
      "type": "insert-node",
      "node": {
        "label": "public",
        "type": "Modifier"
      },
      "location-after-char-start": 0,
      "location-after-char-end": 0,
      "node-str": "public"
    },
    {
      "type": "move-subtree",
      "node": {
        "label": "return",
        "type": "Return"
      },
      "location-before-char-start": 1465,
      "location-before-char-end": 1476,
      "location-after-char-start": 1348,
      "location-after-char-end": 1359,
      "node-str": "return"
    },
    {
      "type": "insert-node",
      "node": {
        "label": "void",
        "type": "RETURN_TYPE"
      },
      "location-after-char-start": 0,
      "location-after-char-end": 0,
      "node-str": "void"
    },
    {
      "type": "insert-node",
      "node": {
        "label": "public",
        "type": "Modifier"
      },
      "location-after-char-start": 0,
      "location-after-char-end": 0,
      "node-str": "public"
    },
    {
      "type": "insert-node",
      "node": {
        "label": "parent",
        "type": "LocalVariable"
      },
      "location-after-char-start": 1948,
      "location-after-char-end": 1973,
      "node-str": "parent"
    },
    {
      "type": "insert-node",
      "node": {
        "label": "treePathNode",
        "type": "LocalVariable"
      },
      "location-after-char-start": 1978,
      "location-after-char-end": 2027,
      "node-str": "treePathNode"
    },
    {
      "type": "insert-node",
      "node": {
        "label": "remove",
        "type": "Invocation"
      },
      "location-after-char-start": 2032,
      "location-after-char-end": 2053,
      "node-str": "remove"
    },
    {
      "type": "insert-node",
      "node": {
        "label": "void",
        "type": "RETURN_TYPE"
      },
      "location-after-char-start": 0,
      "location-after-char-end": 0,
      "node-str": "void"
    },
    {
      "type": "insert-node",
      "node": {
        "label": "public",
        "type": "Modifier"
      },
      "location-after-char-start": 0,
      "location-after-char-end": 0,
      "node-str": "public"
    },
    {
      "type": "insert-node",
      "node": {
        "label": "parent",
        "type": "LocalVariable"
      },
      "location-after-char-start": 2089,
      "location-after-char-end": 2114,
      "node-str": "parent"
    },
    {
      "type": "move-subtree",
      "node": {
        "label": "treePathNode",
        "type": "LocalVariable"
      },
      "location-before-char-start": 2236,
      "location-before-char-end": 2306,
      "location-after-char-start": 2119,
      "location-after-char-end": 2189,
      "node-str": "treePathNode"
    },
    {
      "type": "move-subtree",
      "node": {
        "label": "appendChild",
        "type": "Invocation"
      },
      "location-before-char-start": 2311,
      "location-before-char-end": 2351,
      "location-after-char-start": 2194,
      "location-after-char-end": 2234,
      "node-str": "appendChild"
    },
    {
      "type": "move-subtree",
      "node": {
        "label": "\u003d",
        "type": "Assignment"
      },
      "location-before-char-start": 2356,
      "location-before-char-end": 2386,
      "location-after-char-start": 2239,
      "location-after-char-end": 2269,
      "node-str": "\u003d"
    },
    {
      "type": "insert-node",
      "node": {
        "label": "org.columba.core.config.AdapterNode",
        "type": "VARIABLE_TYPE"
      },
      "location-after-char-start": 0,
      "location-after-char-end": 0,
      "node-str": "org.columba.core.config.AdapterNode"
    },
    {
      "type": "insert-node",
      "node": {
        "label": "org.w3c.dom.Document",
        "type": "VARIABLE_TYPE"
      },
      "location-after-char-start": 0,
      "location-after-char-end": 0,
      "node-str": "org.w3c.dom.Document"
    },
    {
      "type": "insert-node",
      "node": {
        "label": "doc",
        "type": "VariableRead"
      },
      "location-after-char-start": 1211,
      "location-after-char-end": 1213,
      "node-str": "doc"
    },
    {
      "type": "update-node",
      "node": {
        "label": "AdapterNode",
        "type": "VARIABLE_TYPE"
      },
      "location-before-char-start": 0,
      "location-before-char-end": 0,
      "location-after-char-start": 0,
      "location-after-char-end": 0,
      "node-str": "org.columba.core.config.AdapterNode"
    },
    {
      "type": "insert-node",
      "node": {
        "label": "org.columba.core.config.AdapterNode",
        "type": "VARIABLE_TYPE"
      },
      "location-after-char-start": 0,
      "location-after-char-end": 0,
      "node-str": "org.columba.core.config.AdapterNode"
    },
    {
      "type": "insert-node",
      "node": {
        "label": "node",
        "type": "FieldRead"
      },
      "location-after-char-start": 1969,
      "location-after-char-end": 1972,
      "node-str": "node"
    },
    {
      "type": "insert-node",
      "node": {
        "label": "org.columba.core.config.AdapterNode",
        "type": "VARIABLE_TYPE"
      },
      "location-after-char-start": 0,
      "location-after-char-end": 0,
      "node-str": "org.columba.core.config.AdapterNode"
    },
    {
      "type": "move-subtree",
      "node": {
        "label": "getChild",
        "type": "Invocation"
      },
      "location-before-char-start": 2122,
      "location-before-char-end": 2143,
      "location-after-char-start": 2005,
      "location-after-char-end": 2026,
      "node-str": "getChild"
    },
    {
      "type": "insert-node",
      "node": {
        "label": "treePathNode",
        "type": "VariableRead"
      },
      "location-after-char-start": 2032,
      "location-after-char-end": 2043,
      "node-str": "treePathNode"
    },
    {
      "type": "insert-node",
      "node": {
        "label": "org.columba.core.config.AdapterNode",
        "type": "VARIABLE_TYPE"
      },
      "location-after-char-start": 0,
      "location-after-char-end": 0,
      "node-str": "org.columba.core.config.AdapterNode"
    },
    {
      "type": "insert-node",
      "node": {
        "label": "node",
        "type": "FieldRead"
      },
      "location-after-char-start": 2110,
      "location-after-char-end": 2113,
      "node-str": "node"
    },
    {
      "type": "insert-node",
      "node": {
        "label": "org.columba.mail.filter.FilterAction",
        "type": "TypeAccess"
      },
      "location-after-char-start": 0,
      "location-after-char-end": 0,
      "node-str": "org.columba.mail.filter.FilterAction"
    },
    {
      "type": "insert-node",
      "node": {
        "label": "org.columba.mail.filter.FilterAction",
        "type": "TypeAccess"
      },
      "location-after-char-start": 0,
      "location-after-char-end": 0,
      "node-str": "org.columba.mail.filter.FilterAction"
    },
    {
      "type": "update-node",
      "node": {
        "label": "AdapterNode",
        "type": "VARIABLE_TYPE"
      },
      "location-before-char-start": 0,
      "location-before-char-end": 0,
      "location-after-char-start": 0,
      "location-after-char-end": 0,
      "node-str": "org.columba.core.config.AdapterNode"
    },
    {
      "type": "delete-node",
      "node": {
        "label": "public",
        "type": "Modifier"
      },
      "location-before-char-start": 0,
      "location-before-char-end": 0,
      "node-str": "public"
    },
    {
      "type": "delete-node",
      "node": {
        "label": "DefaultItem",
        "type": "SUPER_TYPE"
      },
      "location-before-char-start": 0,
      "location-before-char-end": 0,
      "node-str": "DefaultItem"
    },
    {
      "type": "delete-node",
      "node": {
        "label": "",
        "type": "TypeReference"
      },
      "location-before-char-start": 1026,
      "location-before-char-end": 1036,
      "node-str": ""
    },
    {
      "type": "delete-node",
      "node": {
        "label": "org.columba.mail.filter.AdapterNode",
        "type": "VARIABLE_TYPE"
      },
      "location-before-char-start": 0,
      "location-before-char-end": 0,
      "node-str": "org.columba.mail.filter.AdapterNode"
    },
    {
      "type": "delete-node",
      "node": {
        "label": "actionNode",
        "type": "Field"
      },
      "location-before-char-start": 1041,
      "location-before-char-end": 1153,
      "node-str": "actionNode"
    },
    {
      "type": "delete-node",
      "node": {
        "label": "org.columba.mail.filter.AdapterNode",
        "type": "VARIABLE_TYPE"
      },
      "location-before-char-start": 0,
      "location-before-char-end": 0,
      "node-str": "org.columba.mail.filter.AdapterNode"
    },
    {
      "type": "delete-node",
      "node": {
        "label": "uidNode",
        "type": "Field"
      },
      "location-before-char-start": 1156,
      "location-before-char-end": 1183,
      "node-str": "uidNode"
    },
    {
      "type": "delete-node",
      "node": {
        "label": "org.columba.mail.filter.AdapterNode",
        "type": "VARIABLE_TYPE"
      },
      "location-before-char-start": 0,
      "location-before-char-end": 0,
      "node-str": "org.columba.mail.filter.AdapterNode"
    },
    {
      "type": "delete-node",
      "node": {
        "label": "node",
        "type": "Field"
      },
      "location-before-char-start": 1187,
      "location-before-char-end": 1211,
      "node-str": "node"
    },
    {
      "type": "delete-node",
      "node": {
        "label": "org.columba.mail.filter.AdapterNode",
        "type": "VARIABLE_TYPE"
      },
      "location-before-char-start": 0,
      "location-before-char-end": 0,
      "node-str": "org.columba.mail.filter.AdapterNode"
    },
    {
      "type": "delete-node",
      "node": {
        "label": "treeNode",
        "type": "Field"
      },
      "location-before-char-start": 1214,
      "location-before-char-end": 1242,
      "node-str": "treeNode"
    },
    {
      "type": "delete-node",
      "node": {
        "label": "public",
        "type": "Modifier"
      },
      "location-before-char-start": 0,
      "location-before-char-end": 0,
      "node-str": "public"
    },
    {
      "type": "delete-node",
      "node": {
        "label": "AdapterNode",
        "type": "VARIABLE_TYPE"
      },
      "location-before-char-start": 0,
      "location-before-char-end": 0,
      "node-str": "AdapterNode"
    },
    {
      "type": "delete-node",
      "node": {
        "label": "node",
        "type": "Parameter"
      },
      "location-before-char-start": 1286,
      "location-before-char-end": 1301,
      "node-str": "node"
    },
    {
      "type": "delete-node",
      "node": {
        "label": "org.w3c.dom.Document",
        "type": "VARIABLE_TYPE"
      },
      "location-before-char-start": 0,
      "location-before-char-end": 0,
      "node-str": "org.w3c.dom.Document"
    },
    {
      "type": "delete-node",
      "node": {
        "label": "doc",
        "type": "Parameter"
      },
      "location-before-char-start": 1304,
      "location-before-char-end": 1315,
      "node-str": "doc"
    },
    {
      "type": "delete-node",
      "node": {
        "label": "doc",
        "type": "VariableRead"
      },
      "location-before-char-start": 1328,
      "location-before-char-end": 1330,
      "node-str": "doc"
    },
    {
      "type": "delete-node",
      "node": {
        "label": "\u003cinit\u003e",
        "type": "Invocation"
      },
      "location-before-char-start": 1322,
      "location-before-char-end": 1332,
      "node-str": "\u003cinit\u003e"
    },
    {
      "type": "delete-node",
      "node": {
        "label": "\u003cinit\u003e",
        "type": "Constructor"
      },
      "location-before-char-start": 1245,
      "location-before-char-end": 1424,
      "node-str": "\u003cinit\u003e"
    },
    {
      "type": "delete-node",
      "node": {
        "label": "org.columba.mail.filter.AdapterNode",
        "type": "RETURN_TYPE"
      },
      "location-before-char-start": 0,
      "location-before-char-end": 0,
      "node-str": "org.columba.mail.filter.AdapterNode"
    },
    {
      "type": "delete-node",
      "node": {
        "label": "public",
        "type": "Modifier"
      },
      "location-before-char-start": 0,
      "location-before-char-end": 0,
      "node-str": "public"
    },
    {
      "type": "delete-node",
      "node": {
        "label": "getRootNode",
        "type": "Method"
      },
      "location-before-char-start": 1428,
      "location-before-char-end": 1479,
      "node-str": "getRootNode"
    },
    {
      "type": "delete-node",
      "node": {
        "label": "void",
        "type": "RETURN_TYPE"
      },
      "location-before-char-start": 0,
      "location-before-char-end": 0,
      "node-str": "void"
    },
    {
      "type": "delete-node",
      "node": {
        "label": "public",
        "type": "Modifier"
      },
      "location-before-char-start": 0,
      "location-before-char-end": 0,
      "node-str": "public"
    },
    {
      "type": "delete-node",
      "node": {
        "label": "AdapterNode",
        "type": "VARIABLE_TYPE"
      },
      "location-before-char-start": 0,
      "location-before-char-end": 0,
      "node-str": "AdapterNode"
    },
    {
      "type": "delete-node",
      "node": {
        "label": "org.columba.mail.filter.FilterAction",
        "type": "TypeAccess"
      },
      "location-before-char-start": 0,
      "location-before-char-end": 0,
      "node-str": "org.columba.mail.filter.FilterAction"
    },
    {
      "type": "delete-node",
      "node": {
        "label": "node",
        "type": "FieldRead"
      },
      "location-before-char-start": 2086,
      "location-before-char-end": 2089,
      "node-str": "node"
    },
    {
      "type": "delete-node",
      "node": {
        "label": "parent",
        "type": "LocalVariable"
      },
      "location-before-char-start": 2065,
      "location-before-char-end": 2090,
      "node-str": "parent"
    },
    {
      "type": "delete-node",
      "node": {
        "label": "AdapterNode",
        "type": "VARIABLE_TYPE"
      },
      "location-before-char-start": 0,
      "location-before-char-end": 0,
      "node-str": "AdapterNode"
    },
    {
      "type": "delete-node",
      "node": {
        "label": "treePathNode",
        "type": "LocalVariable"
      },
      "location-before-char-start": 2095,
      "location-before-char-end": 2144,
      "node-str": "treePathNode"
    },
    {
      "type": "delete-node",
      "node": {
        "label": "treePathNode",
        "type": "VariableRead"
      },
      "location-before-char-start": 2149,
      "location-before-char-end": 2160,
      "node-str": "treePathNode"
    },
    {
      "type": "delete-node",
      "node": {
        "label": "remove",
        "type": "Invocation"
      },
      "location-before-char-start": 2149,
      "location-before-char-end": 2170,
      "node-str": "remove"
    },
    {
      "type": "delete-node",
      "node": {
        "label": "removeUidNode",
        "type": "Method"
      },
      "location-before-char-start": 2033,
      "location-before-char-end": 2173,
      "node-str": "removeUidNode"
    },
    {
      "type": "delete-node",
      "node": {
        "label": "void",
        "type": "RETURN_TYPE"
      },
      "location-before-char-start": 0,
      "location-before-char-end": 0,
      "node-str": "void"
    },
    {
      "type": "delete-node",
      "node": {
        "label": "public",
        "type": "Modifier"
      },
      "location-before-char-start": 0,
      "location-before-char-end": 0,
      "node-str": "public"
    },
    {
      "type": "delete-node",
      "node": {
        "label": "AdapterNode",
        "type": "VARIABLE_TYPE"
      },
      "location-before-char-start": 0,
      "location-before-char-end": 0,
      "node-str": "AdapterNode"
    },
    {
      "type": "delete-node",
      "node": {
        "label": "org.columba.mail.filter.FilterAction",
        "type": "TypeAccess"
      },
      "location-before-char-start": 0,
      "location-before-char-end": 0,
      "node-str": "org.columba.mail.filter.FilterAction"
    },
    {
      "type": "delete-node",
      "node": {
        "label": "node",
        "type": "FieldRead"
      },
      "location-before-char-start": 2227,
      "location-before-char-end": 2230,
      "node-str": "node"
    },
    {
      "type": "delete-node",
      "node": {
        "label": "parent",
        "type": "LocalVariable"
      },
      "location-before-char-start": 2206,
      "location-before-char-end": 2231,
      "node-str": "parent"
    },
    {
      "type": "delete-node",
      "node": {
        "label": "addUidNode",
        "type": "Method"
      },
      "location-before-char-start": 2177,
      "location-before-char-end": 2389,
      "node-str": "addUidNode"
    }
  ],
  "before-file": {},
  "after-file": {},
  "mapping": {}
}