{
  "tool-info": {},
  "diff": [
    {
      "type": "insert-node",
      "node": {
        "label": "",
        "type": "PackageDeclaration"
      },
      "location-after-char-start": 715,
      "location-after-char-end": 752,
      "node-str": ""
    },
    {
      "type": "insert-node",
      "node": {
        "label": "",
        "type": "ImportDeclaration"
      },
      "location-after-char-start": 754,
      "location-after-char-end": 781,
      "node-str": ""
    },
    {
      "type": "insert-node",
      "node": {
        "label": "",
        "type": "ImportDeclaration"
      },
      "location-after-char-start": 782,
      "location-after-char-end": 809,
      "node-str": ""
    },
    {
      "type": "insert-node",
      "node": {
        "label": "",
        "type": "ImportDeclaration"
      },
      "location-after-char-start": 810,
      "location-after-char-end": 837,
      "node-str": ""
    },
    {
      "type": "insert-node",
      "node": {
        "label": "",
        "type": "ImportDeclaration"
      },
      "location-after-char-start": 838,
      "location-after-char-end": 862,
      "node-str": ""
    },
    {
      "type": "insert-node",
      "node": {
        "label": "",
        "type": "ImportDeclaration"
      },
      "location-after-char-start": 863,
      "location-after-char-end": 892,
      "node-str": ""
    },
    {
      "type": "insert-node",
      "node": {
        "label": "",
        "type": "ImportDeclaration"
      },
      "location-after-char-start": 893,
      "location-after-char-end": 922,
      "node-str": ""
    },
    {
      "type": "insert-node",
      "node": {
        "label": "",
        "type": "ImportDeclaration"
      },
      "location-after-char-start": 923,
      "location-after-char-end": 949,
      "node-str": ""
    },
    {
      "type": "insert-node",
      "node": {
        "label": "",
        "type": "ImportDeclaration"
      },
      "location-after-char-start": 950,
      "location-after-char-end": 978,
      "node-str": ""
    },
    {
      "type": "insert-node",
      "node": {
        "label": "",
        "type": "ImportDeclaration"
      },
      "location-after-char-start": 979,
      "location-after-char-end": 1001,
      "node-str": ""
    },
    {
      "type": "insert-node",
      "node": {
        "label": "",
        "type": "ImportDeclaration"
      },
      "location-after-char-start": 1002,
      "location-after-char-end": 1034,
      "node-str": ""
    },
    {
      "type": "insert-node",
      "node": {
        "label": "",
        "type": "ImportDeclaration"
      },
      "location-after-char-start": 1036,
      "location-after-char-end": 1094,
      "node-str": ""
    },
    {
      "type": "insert-node",
      "node": {
        "label": "",
        "type": "ImportDeclaration"
      },
      "location-after-char-start": 1095,
      "location-after-char-end": 1144,
      "node-str": ""
    },
    {
      "type": "insert-node",
      "node": {
        "label": "",
        "type": "ImportDeclaration"
      },
      "location-after-char-start": 1145,
      "location-after-char-end": 1194,
      "node-str": ""
    },
    {
      "type": "insert-node",
      "node": {
        "label": "",
        "type": "ImportDeclaration"
      },
      "location-after-char-start": 1195,
      "location-after-char-end": 1233,
      "node-str": ""
    },
    {
      "type": "insert-node",
      "node": {
        "label": "",
        "type": "ImportDeclaration"
      },
      "location-after-char-start": 1234,
      "location-after-char-end": 1273,
      "node-str": ""
    },
    {
      "type": "insert-node",
      "node": {
        "label": "",
        "type": "ImportDeclaration"
      },
      "location-after-char-start": 1274,
      "location-after-char-end": 1333,
      "node-str": ""
    },
    {
      "type": "insert-node",
      "node": {
        "label": "",
        "type": "ImportDeclaration"
      },
      "location-after-char-start": 1334,
      "location-after-char-end": 1377,
      "node-str": ""
    },
    {
      "type": "insert-node",
      "node": {
        "label": "",
        "type": "ImportDeclaration"
      },
      "location-after-char-start": 1378,
      "location-after-char-end": 1420,
      "node-str": ""
    },
    {
      "type": "insert-node",
      "node": {
        "label": "",
        "type": "ImportDeclaration"
      },
      "location-after-char-start": 1421,
      "location-after-char-end": 1464,
      "node-str": ""
    },
    {
      "type": "insert-node",
      "node": {
        "label": "",
        "type": "ImportDeclaration"
      },
      "location-after-char-start": 1465,
      "location-after-char-end": 1505,
      "node-str": ""
    },
    {
      "type": "insert-node",
      "node": {
        "label": "",
        "type": "ImportDeclaration"
      },
      "location-after-char-start": 1506,
      "location-after-char-end": 1552,
      "node-str": ""
    },
    {
      "type": "insert-node",
      "node": {
        "label": "",
        "type": "ImportDeclaration"
      },
      "location-after-char-start": 1553,
      "location-after-char-end": 1610,
      "node-str": ""
    },
    {
      "type": "insert-node",
      "node": {
        "label": "",
        "type": "ImportDeclaration"
      },
      "location-after-char-start": 1611,
      "location-after-char-end": 1661,
      "node-str": ""
    },
    {
      "type": "insert-node",
      "node": {
        "label": "",
        "type": "ImportDeclaration"
      },
      "location-after-char-start": 1662,
      "location-after-char-end": 1705,
      "node-str": ""
    },
    {
      "type": "insert-node",
      "node": {
        "label": "",
        "type": "ImportDeclaration"
      },
      "location-after-char-start": 1706,
      "location-after-char-end": 1746,
      "node-str": ""
    },
    {
      "type": "insert-node",
      "node": {
        "label": "",
        "type": "ImportDeclaration"
      },
      "location-after-char-start": 1747,
      "location-after-char-end": 1799,
      "node-str": ""
    },
    {
      "type": "insert-node",
      "node": {
        "label": "",
        "type": "ImportDeclaration"
      },
      "location-after-char-start": 1800,
      "location-after-char-end": 1842,
      "node-str": ""
    },
    {
      "type": "insert-node",
      "node": {
        "label": "",
        "type": "ImportDeclaration"
      },
      "location-after-char-start": 1843,
      "location-after-char-end": 1901,
      "node-str": ""
    },
    {
      "type": "insert-node",
      "node": {
        "label": "",
        "type": "ImportDeclaration"
      },
      "location-after-char-start": 1902,
      "location-after-char-end": 1965,
      "node-str": ""
    },
    {
      "type": "insert-node",
      "node": {
        "label": "",
        "type": "ImportDeclaration"
      },
      "location-after-char-start": 1966,
      "location-after-char-end": 2028,
      "node-str": ""
    },
    {
      "type": "insert-node",
      "node": {
        "label": "",
        "type": "ImportDeclaration"
      },
      "location-after-char-start": 2029,
      "location-after-char-end": 2090,
      "node-str": ""
    },
    {
      "type": "insert-node",
      "node": {
        "label": "",
        "type": "ImportDeclaration"
      },
      "location-after-char-start": 2091,
      "location-after-char-end": 2149,
      "node-str": ""
    },
    {
      "type": "insert-node",
      "node": {
        "label": "",
        "type": "ImportDeclaration"
      },
      "location-after-char-start": 2150,
      "location-after-char-end": 2204,
      "node-str": ""
    },
    {
      "type": "insert-node",
      "node": {
        "label": "",
        "type": "ImportDeclaration"
      },
      "location-after-char-start": 2205,
      "location-after-char-end": 2245,
      "node-str": ""
    },
    {
      "type": "insert-node",
      "node": {
        "label": "",
        "type": "ImportDeclaration"
      },
      "location-after-char-start": 2246,
      "location-after-char-end": 2292,
      "node-str": ""
    },
    {
      "type": "insert-node",
      "node": {
        "label": "",
        "type": "ImportDeclaration"
      },
      "location-after-char-start": 2293,
      "location-after-char-end": 2340,
      "node-str": ""
    },
    {
      "type": "insert-node",
      "node": {
        "label": "",
        "type": "ImportDeclaration"
      },
      "location-after-char-start": 2341,
      "location-after-char-end": 2384,
      "node-str": ""
    },
    {
      "type": "insert-node",
      "node": {
        "label": "",
        "type": "ImportDeclaration"
      },
      "location-after-char-start": 2385,
      "location-after-char-end": 2432,
      "node-str": ""
    },
    {
      "type": "insert-node",
      "node": {
        "label": "",
        "type": "ImportDeclaration"
      },
      "location-after-char-start": 2433,
      "location-after-char-end": 2481,
      "node-str": ""
    },
    {
      "type": "insert-node",
      "node": {
        "label": "",
        "type": "ImportDeclaration"
      },
      "location-after-char-start": 2482,
      "location-after-char-end": 2526,
      "node-str": ""
    },
    {
      "type": "insert-node",
      "node": {
        "label": "",
        "type": "ImportDeclaration"
      },
      "location-after-char-start": 2527,
      "location-after-char-end": 2589,
      "node-str": ""
    },
    {
      "type": "insert-node",
      "node": {
        "label": "",
        "type": "ImportDeclaration"
      },
      "location-after-char-start": 2590,
      "location-after-char-end": 2638,
      "node-str": ""
    },
    {
      "type": "insert-node",
      "node": {
        "label": "",
        "type": "ImportDeclaration"
      },
      "location-after-char-start": 2639,
      "location-after-char-end": 2687,
      "node-str": ""
    },
    {
      "type": "insert-node",
      "node": {
        "label": "",
        "type": "ImportDeclaration"
      },
      "location-after-char-start": 2688,
      "location-after-char-end": 2732,
      "node-str": ""
    },
    {
      "type": "insert-node",
      "node": {
        "label": "",
        "type": "ImportDeclaration"
      },
      "location-after-char-start": 2733,
      "location-after-char-end": 2781,
      "node-str": ""
    },
    {
      "type": "insert-node",
      "node": {
        "label": "",
        "type": "ImportDeclaration"
      },
      "location-after-char-start": 2782,
      "location-after-char-end": 2826,
      "node-str": ""
    },
    {
      "type": "insert-node",
      "node": {
        "label": "",
        "type": "ImportDeclaration"
      },
      "location-after-char-start": 2827,
      "location-after-char-end": 2873,
      "node-str": ""
    },
    {
      "type": "insert-node",
      "node": {
        "label": "",
        "type": "ImportDeclaration"
      },
      "location-after-char-start": 2874,
      "location-after-char-end": 2922,
      "node-str": ""
    },
    {
      "type": "insert-node",
      "node": {
        "label": "",
        "type": "ImportDeclaration"
      },
      "location-after-char-start": 2923,
      "location-after-char-end": 2966,
      "node-str": ""
    },
    {
      "type": "insert-node",
      "node": {
        "label": "",
        "type": "ImportDeclaration"
      },
      "location-after-char-start": 2967,
      "location-after-char-end": 3011,
      "node-str": ""
    },
    {
      "type": "insert-node",
      "node": {
        "label": "",
        "type": "ImportDeclaration"
      },
      "location-after-char-start": 3012,
      "location-after-char-end": 3061,
      "node-str": ""
    },
    {
      "type": "insert-node",
      "node": {
        "label": "",
        "type": "ImportDeclaration"
      },
      "location-after-char-start": 3062,
      "location-after-char-end": 3108,
      "node-str": ""
    },
    {
      "type": "insert-node",
      "node": {
        "label": "",
        "type": "ImportDeclaration"
      },
      "location-after-char-start": 3109,
      "location-after-char-end": 3155,
      "node-str": ""
    },
    {
      "type": "insert-node",
      "node": {
        "label": "org.columba.mail.folder.imap",
        "type": "QualifiedName"
      },
      "location-after-char-start": 723,
      "location-after-char-end": 751,
      "node-str": "org.columba.mail.folder.imap"
    },
    {
      "type": "insert-node",
      "node": {
        "label": "java.io.IOException",
        "type": "QualifiedName"
      },
      "location-after-char-start": 761,
      "location-after-char-end": 780,
      "node-str": "java.io.IOException"
    },
    {
      "type": "insert-node",
      "node": {
        "label": "java.io.InputStream",
        "type": "QualifiedName"
      },
      "location-after-char-start": 789,
      "location-after-char-end": 808,
      "node-str": "java.io.InputStream"
    },
    {
      "type": "insert-node",
      "node": {
        "label": "java.util.ArrayList",
        "type": "QualifiedName"
      },
      "location-after-char-start": 817,
      "location-after-char-end": 836,
      "node-str": "java.util.ArrayList"
    },
    {
      "type": "insert-node",
      "node": {
        "label": "java.util.Arrays",
        "type": "QualifiedName"
      },
      "location-after-char-start": 845,
      "location-after-char-end": 861,
      "node-str": "java.util.Arrays"
    },
    {
      "type": "insert-node",
      "node": {
        "label": "java.util.Collections",
        "type": "QualifiedName"
      },
      "location-after-char-start": 870,
      "location-after-char-end": 891,
      "node-str": "java.util.Collections"
    },
    {
      "type": "insert-node",
      "node": {
        "label": "java.util.Enumeration",
        "type": "QualifiedName"
      },
      "location-after-char-start": 900,
      "location-after-char-end": 921,
      "node-str": "java.util.Enumeration"
    },
    {
      "type": "insert-node",
      "node": {
        "label": "java.util.Iterator",
        "type": "QualifiedName"
      },
      "location-after-char-start": 930,
      "location-after-char-end": 948,
      "node-str": "java.util.Iterator"
    },
    {
      "type": "insert-node",
      "node": {
        "label": "java.util.LinkedList",
        "type": "QualifiedName"
      },
      "location-after-char-start": 957,
      "location-after-char-end": 977,
      "node-str": "java.util.LinkedList"
    },
    {
      "type": "insert-node",
      "node": {
        "label": "java.util.List",
        "type": "QualifiedName"
      },
      "location-after-char-start": 986,
      "location-after-char-end": 1000,
      "node-str": "java.util.List"
    },
    {
      "type": "insert-node",
      "node": {
        "label": "java.util.logging.Logger",
        "type": "QualifiedName"
      },
      "location-after-char-start": 1009,
      "location-after-char-end": 1033,
      "node-str": "java.util.logging.Logger"
    },
    {
      "type": "insert-node",
      "node": {
        "label": "org.columba.core.command.CommandCancelledException",
        "type": "QualifiedName"
      },
      "location-after-char-start": 1043,
      "location-after-char-end": 1093,
      "node-str": "org.columba.core.command.CommandCancelledException"
    },
    {
      "type": "insert-node",
      "node": {
        "label": "org.columba.core.command.CommandProcessor",
        "type": "QualifiedName"
      },
      "location-after-char-start": 1102,
      "location-after-char-end": 1143,
      "node-str": "org.columba.core.command.CommandProcessor"
    },
    {
      "type": "insert-node",
      "node": {
        "label": "org.columba.core.command.StatusObservable",
        "type": "QualifiedName"
      },
      "location-after-char-start": 1152,
      "location-after-char-end": 1193,
      "node-str": "org.columba.core.command.StatusObservable"
    },
    {
      "type": "insert-node",
      "node": {
        "label": "org.columba.core.filter.Filter",
        "type": "QualifiedName"
      },
      "location-after-char-start": 1202,
      "location-after-char-end": 1232,
      "node-str": "org.columba.core.filter.Filter"
    },
    {
      "type": "insert-node",
      "node": {
        "label": "org.columba.core.xml.XmlElement",
        "type": "QualifiedName"
      },
      "location-after-char-start": 1241,
      "location-after-char-end": 1272,
      "node-str": "org.columba.core.xml.XmlElement"
    },
    {
      "type": "insert-node",
      "node": {
        "label": "org.columba.mail.command.MailFolderCommandReference",
        "type": "QualifiedName"
      },
      "location-after-char-start": 1281,
      "location-after-char-end": 1332,
      "node-str": "org.columba.mail.command.MailFolderCommandReference"
    },
    {
      "type": "insert-node",
      "node": {
        "label": "org.columba.mail.config.AccountItem",
        "type": "QualifiedName"
      },
      "location-after-char-start": 1341,
      "location-after-char-end": 1376,
      "node-str": "org.columba.mail.config.AccountItem"
    },
    {
      "type": "insert-node",
      "node": {
        "label": "org.columba.mail.config.FolderItem",
        "type": "QualifiedName"
      },
      "location-after-char-start": 1385,
      "location-after-char-end": 1419,
      "node-str": "org.columba.mail.config.FolderItem"
    },
    {
      "type": "insert-node",
      "node": {
        "label": "org.columba.mail.config.IFolderItem",
        "type": "QualifiedName"
      },
      "location-after-char-start": 1428,
      "location-after-char-end": 1463,
      "node-str": "org.columba.mail.config.IFolderItem"
    },
    {
      "type": "insert-node",
      "node": {
        "label": "org.columba.mail.config.ImapItem",
        "type": "QualifiedName"
      },
      "location-after-char-start": 1472,
      "location-after-char-end": 1504,
      "node-str": "org.columba.mail.config.ImapItem"
    },
    {
      "type": "insert-node",
      "node": {
        "label": "org.columba.mail.folder.AbstractFolder",
        "type": "QualifiedName"
      },
      "location-after-char-start": 1513,
      "location-after-char-end": 1551,
      "node-str": "org.columba.mail.folder.AbstractFolder"
    },
    {
      "type": "insert-node",
      "node": {
        "label": "org.columba.mail.folder.AbstractHeaderListStorage",
        "type": "QualifiedName"
      },
      "location-after-char-start": 1560,
      "location-after-char-end": 1609,
      "node-str": "org.columba.mail.folder.AbstractHeaderListStorage"
    },
    {
      "type": "insert-node",
      "node": {
        "label": "org.columba.mail.folder.IHeaderListStorage",
        "type": "QualifiedName"
      },
      "location-after-char-start": 1618,
      "location-after-char-end": 1660,
      "node-str": "org.columba.mail.folder.IHeaderListStorage"
    },
    {
      "type": "insert-node",
      "node": {
        "label": "org.columba.mail.folder.IMailFolder",
        "type": "QualifiedName"
      },
      "location-after-char-start": 1669,
      "location-after-char-end": 1704,
      "node-str": "org.columba.mail.folder.IMailFolder"
    },
    {
      "type": "insert-node",
      "node": {
        "label": "org.columba.mail.folder.IMailbox",
        "type": "QualifiedName"
      },
      "location-after-char-start": 1713,
      "location-after-char-end": 1745,
      "node-str": "org.columba.mail.folder.IMailbox"
    },
    {
      "type": "insert-node",
      "node": {
        "label": "org.columba.mail.folder.AbstractRemoteFolder",
        "type": "QualifiedName"
      },
      "location-after-char-start": 1754,
      "location-after-char-end": 1798,
      "node-str": "org.columba.mail.folder.AbstractRemoteFolder"
    },
    {
      "type": "insert-node",
      "node": {
        "label": "org.columba.mail.folder.RootFolder",
        "type": "QualifiedName"
      },
      "location-after-char-start": 1807,
      "location-after-char-end": 1841,
      "node-str": "org.columba.mail.folder.RootFolder"
    },
    {
      "type": "insert-node",
      "node": {
        "label": "org.columba.mail.folder.command.ApplyFilterCommand",
        "type": "QualifiedName"
      },
      "location-after-char-start": 1850,
      "location-after-char-end": 1900,
      "node-str": "org.columba.mail.folder.command.ApplyFilterCommand"
    },
    {
      "type": "insert-node",
      "node": {
        "label": "org.columba.mail.folder.headercache.AbstractHeaderCache",
        "type": "QualifiedName"
      },
      "location-after-char-start": 1909,
      "location-after-char-end": 1964,
      "node-str": "org.columba.mail.folder.headercache.AbstractHeaderCache"
    },
    {
      "type": "insert-node",
      "node": {
        "label": "org.columba.mail.folder.headercache.CachedHeaderfields",
        "type": "QualifiedName"
      },
      "location-after-char-start": 1973,
      "location-after-char-end": 2027,
      "node-str": "org.columba.mail.folder.headercache.CachedHeaderfields"
    },
    {
      "type": "insert-node",
      "node": {
        "label": "org.columba.mail.folder.headercache.RemoteHeaderCache",
        "type": "QualifiedName"
      },
      "location-after-char-start": 2036,
      "location-after-char-end": 2089,
      "node-str": "org.columba.mail.folder.headercache.RemoteHeaderCache"
    },
    {
      "type": "insert-node",
      "node": {
        "label": "org.columba.mail.folder.search.DefaultSearchEngine",
        "type": "QualifiedName"
      },
      "location-after-char-start": 2098,
      "location-after-char-end": 2148,
      "node-str": "org.columba.mail.folder.search.DefaultSearchEngine"
    },
    {
      "type": "insert-node",
      "node": {
        "label": "org.columba.mail.folder.search.IMAPQueryEngine",
        "type": "QualifiedName"
      },
      "location-after-char-start": 2157,
      "location-after-char-end": 2203,
      "node-str": "org.columba.mail.folder.search.IMAPQueryEngine"
    },
    {
      "type": "insert-node",
      "node": {
        "label": "org.columba.mail.imap.IMAPServer",
        "type": "QualifiedName"
      },
      "location-after-char-start": 2212,
      "location-after-char-end": 2244,
      "node-str": "org.columba.mail.imap.IMAPServer"
    },
    {
      "type": "insert-node",
      "node": {
        "label": "org.columba.mail.message.ColumbaHeader",
        "type": "QualifiedName"
      },
      "location-after-char-start": 2253,
      "location-after-char-end": 2291,
      "node-str": "org.columba.mail.message.ColumbaHeader"
    },
    {
      "type": "insert-node",
      "node": {
        "label": "org.columba.mail.message.ColumbaMessage",
        "type": "QualifiedName"
      },
      "location-after-char-start": 2300,
      "location-after-char-end": 2339,
      "node-str": "org.columba.mail.message.ColumbaMessage"
    },
    {
      "type": "insert-node",
      "node": {
        "label": "org.columba.mail.message.HeaderList",
        "type": "QualifiedName"
      },
      "location-after-char-start": 2348,
      "location-after-char-end": 2383,
      "node-str": "org.columba.mail.message.HeaderList"
    },
    {
      "type": "insert-node",
      "node": {
        "label": "org.columba.mail.message.IColumbaHeader",
        "type": "QualifiedName"
      },
      "location-after-char-start": 2392,
      "location-after-char-end": 2431,
      "node-str": "org.columba.mail.message.IColumbaHeader"
    },
    {
      "type": "insert-node",
      "node": {
        "label": "org.columba.mail.message.IColumbaMessage",
        "type": "QualifiedName"
      },
      "location-after-char-start": 2440,
      "location-after-char-end": 2480,
      "node-str": "org.columba.mail.message.IColumbaMessage"
    },
    {
      "type": "insert-node",
      "node": {
        "label": "org.columba.mail.message.IHeaderList",
        "type": "QualifiedName"
      },
      "location-after-char-start": 2489,
      "location-after-char-end": 2525,
      "node-str": "org.columba.mail.message.IHeaderList"
    },
    {
      "type": "insert-node",
      "node": {
        "label": "org.columba.mail.parser.PassiveHeaderParserInputStream",
        "type": "QualifiedName"
      },
      "location-after-char-start": 2534,
      "location-after-char-end": 2588,
      "node-str": "org.columba.mail.parser.PassiveHeaderParserInputStream"
    },
    {
      "type": "insert-node",
      "node": {
        "label": "org.columba.mail.util.MailResourceLoader",
        "type": "QualifiedName"
      },
      "location-after-char-start": 2597,
      "location-after-char-end": 2637,
      "node-str": "org.columba.mail.util.MailResourceLoader"
    },
    {
      "type": "insert-node",
      "node": {
        "label": "org.columba.ristretto.imap.IMAPException",
        "type": "QualifiedName"
      },
      "location-after-char-start": 2646,
      "location-after-char-end": 2686,
      "node-str": "org.columba.ristretto.imap.IMAPException"
    },
    {
      "type": "insert-node",
      "node": {
        "label": "org.columba.ristretto.imap.IMAPFlags",
        "type": "QualifiedName"
      },
      "location-after-char-start": 2695,
      "location-after-char-end": 2731,
      "node-str": "org.columba.ristretto.imap.IMAPFlags"
    },
    {
      "type": "insert-node",
      "node": {
        "label": "org.columba.ristretto.imap.MailboxStatus",
        "type": "QualifiedName"
      },
      "location-after-char-start": 2740,
      "location-after-char-end": 2780,
      "node-str": "org.columba.ristretto.imap.MailboxStatus"
    },
    {
      "type": "insert-node",
      "node": {
        "label": "org.columba.ristretto.imap.SearchKey",
        "type": "QualifiedName"
      },
      "location-after-char-start": 2789,
      "location-after-char-end": 2825,
      "node-str": "org.columba.ristretto.imap.SearchKey"
    },
    {
      "type": "insert-node",
      "node": {
        "label": "org.columba.ristretto.imap.SequenceSet",
        "type": "QualifiedName"
      },
      "location-after-char-start": 2834,
      "location-after-char-end": 2872,
      "node-str": "org.columba.ristretto.imap.SequenceSet"
    },
    {
      "type": "insert-node",
      "node": {
        "label": "org.columba.ristretto.message.Attributes",
        "type": "QualifiedName"
      },
      "location-after-char-start": 2881,
      "location-after-char-end": 2921,
      "node-str": "org.columba.ristretto.message.Attributes"
    },
    {
      "type": "insert-node",
      "node": {
        "label": "org.columba.ristretto.message.Flags",
        "type": "QualifiedName"
      },
      "location-after-char-start": 2930,
      "location-after-char-end": 2965,
      "node-str": "org.columba.ristretto.message.Flags"
    },
    {
      "type": "insert-node",
      "node": {
        "label": "org.columba.ristretto.message.Header",
        "type": "QualifiedName"
      },
      "location-after-char-start": 2974,
      "location-after-char-end": 3010,
      "node-str": "org.columba.ristretto.message.Header"
    },
    {
      "type": "insert-node",
      "node": {
        "label": "org.columba.ristretto.message.MailboxInfo",
        "type": "QualifiedName"
      },
      "location-after-char-start": 3019,
      "location-after-char-end": 3060,
      "node-str": "org.columba.ristretto.message.MailboxInfo"
    },
    {
      "type": "insert-node",
      "node": {
        "label": "org.columba.ristretto.message.MimePart",
        "type": "QualifiedName"
      },
      "location-after-char-start": 3069,
      "location-after-char-end": 3107,
      "node-str": "org.columba.ristretto.message.MimePart"
    },
    {
      "type": "insert-node",
      "node": {
        "label": "org.columba.ristretto.message.MimeTree",
        "type": "QualifiedName"
      },
      "location-after-char-start": 3116,
      "location-after-char-end": 3154,
      "node-str": "org.columba.ristretto.message.MimeTree"
    },
    {
      "type": "insert-node",
      "node": {
        "label": "public",
        "type": "Modifier"
      },
      "location-after-char-start": 3157,
      "location-after-char-end": 3163,
      "node-str": "public"
    },
    {
      "type": "insert-node",
      "node": {
        "label": "class",
        "type": "TYPE_DECLARATION_KIND"
      },
      "location-after-char-start": 3164,
      "location-after-char-end": 3169,
      "node-str": "class"
    },
    {
      "type": "insert-node",
      "node": {
        "label": "IMAPFolder",
        "type": "SimpleName"
      },
      "location-after-char-start": 3170,
      "location-after-char-end": 3180,
      "node-str": "IMAPFolder"
    },
    {
      "type": "insert-node",
      "node": {
        "label": "",
        "type": "SimpleType"
      },
      "location-after-char-start": 3189,
      "location-after-char-end": 3209,
      "node-str": ""
    },
    {
      "type": "insert-node",
      "node": {
        "label": "AbstractRemoteFolder",
        "type": "SimpleName"
      },
      "location-after-char-start": 3189,
      "location-after-char-end": 3209,
      "node-str": "AbstractRemoteFolder"
    },
    {
      "type": "insert-node",
      "node": {
        "label": "",
        "type": "IfStatement"
      },
      "location-after-char-start": 22124,
      "location-after-char-end": 22198,
      "node-str": ""
    },
    {
      "type": "move-subtree",
      "node": {
        "label": "",
        "type": "ReturnStatement"
      },
      "location-before-char-start": 22148,
      "location-before-char-end": 22181,
      "location-after-char-start": 22204,
      "location-after-char-end": 22237,
      "node-str": ""
    },
    {
      "type": "insert-node",
      "node": {
        "label": "",
        "type": "IfStatement"
      },
      "location-after-char-start": 22396,
      "location-after-char-end": 22470,
      "node-str": ""
    },
    {
      "type": "move-subtree",
      "node": {
        "label": "",
        "type": "ExpressionStatement"
      },
      "location-before-char-start": 22396,
      "location-before-char-end": 22421,
      "location-after-char-start": 22474,
      "location-after-char-end": 22499,
      "node-str": ""
    },
    {
      "type": "move-subtree",
      "node": {
        "label": "",
        "type": "InfixExpression"
      },
      "location-before-char-start": 22129,
      "location-before-char-end": 22141,
      "location-after-char-start": 22128,
      "location-after-char-end": 22140,
      "node-str": ""
    },
    {
      "type": "insert-node",
      "node": {
        "label": "",
        "type": "ThrowStatement"
      },
      "location-after-char-start": 22143,
      "location-after-char-end": 22198,
      "node-str": ""
    },
    {
      "type": "move-subtree",
      "node": {
        "label": "",
        "type": "InfixExpression"
      },
      "location-before-char-start": 22377,
      "location-before-char-end": 22389,
      "location-after-char-start": 22400,
      "location-after-char-end": 22412,
      "node-str": ""
    },
    {
      "type": "insert-node",
      "node": {
        "label": "",
        "type": "ThrowStatement"
      },
      "location-after-char-start": 22415,
      "location-after-char-end": 22470,
      "node-str": ""
    },
    {
      "type": "update-node",
      "node": {
        "label": "!\u003d",
        "type": "INFIX_EXPRESSION_OPERATOR"
      },
      "location-before-char-start": 22134,
      "location-before-char-end": 22136,
      "location-after-char-start": 22133,
      "location-after-char-end": 22135,
      "node-str": "\u003d\u003d"
    },
    {
      "type": "insert-node",
      "node": {
        "label": "",
        "type": "ClassInstanceCreation"
      },
      "location-after-char-start": 22149,
      "location-after-char-end": 22197,
      "node-str": ""
    },
    {
      "type": "update-node",
      "node": {
        "label": "!\u003d",
        "type": "INFIX_EXPRESSION_OPERATOR"
      },
      "location-before-char-start": 22382,
      "location-before-char-end": 22384,
      "location-after-char-start": 22405,
      "location-after-char-end": 22407,
      "node-str": "\u003d\u003d"
    },
    {
      "type": "insert-node",
      "node": {
        "label": "",
        "type": "ClassInstanceCreation"
      },
      "location-after-char-start": 22421,
      "location-after-char-end": 22469,
      "node-str": ""
    },
    {
      "type": "insert-node",
      "node": {
        "label": "",
        "type": "SimpleType"
      },
      "location-after-char-start": 22153,
      "location-after-char-end": 22177,
      "node-str": ""
    },
    {
      "type": "insert-node",
      "node": {
        "label": "\"IMAPRoot is null\"",
        "type": "StringLiteral"
      },
      "location-after-char-start": 22178,
      "location-after-char-end": 22196,
      "node-str": "\"IMAPRoot is null\""
    },
    {
      "type": "insert-node",
      "node": {
        "label": "",
        "type": "SimpleType"
      },
      "location-after-char-start": 22425,
      "location-after-char-end": 22449,
      "node-str": ""
    },
    {
      "type": "insert-node",
      "node": {
        "label": "\"IMAPRoot is null\"",
        "type": "StringLiteral"
      },
      "location-after-char-start": 22450,
      "location-after-char-end": 22468,
      "node-str": "\"IMAPRoot is null\""
    },
    {
      "type": "insert-node",
      "node": {
        "label": "IllegalArgumentException",
        "type": "SimpleName"
      },
      "location-after-char-start": 22153,
      "location-after-char-end": 22177,
      "node-str": "IllegalArgumentException"
    },
    {
      "type": "insert-node",
      "node": {
        "label": "IllegalArgumentException",
        "type": "SimpleName"
      },
      "location-after-char-start": 22425,
      "location-after-char-end": 22449,
      "node-str": "IllegalArgumentException"
    },
    {
      "type": "delete-node",
      "node": {
        "label": "org.columba.mail.folder.imap",
        "type": "QualifiedName"
      },
      "location-before-char-start": 723,
      "location-before-char-end": 751,
      "node-str": "org.columba.mail.folder.imap"
    },
    {
      "type": "delete-node",
      "node": {
        "label": "",
        "type": "PackageDeclaration"
      },
      "location-before-char-start": 715,
      "location-before-char-end": 752,
      "node-str": ""
    },
    {
      "type": "delete-node",
      "node": {
        "label": "java.io.IOException",
        "type": "QualifiedName"
      },
      "location-before-char-start": 761,
      "location-before-char-end": 780,
      "node-str": "java.io.IOException"
    },
    {
      "type": "delete-node",
      "node": {
        "label": "",
        "type": "ImportDeclaration"
      },
      "location-before-char-start": 754,
      "location-before-char-end": 781,
      "node-str": ""
    },
    {
      "type": "delete-node",
      "node": {
        "label": "java.io.InputStream",
        "type": "QualifiedName"
      },
      "location-before-char-start": 789,
      "location-before-char-end": 808,
      "node-str": "java.io.InputStream"
    },
    {
      "type": "delete-node",
      "node": {
        "label": "",
        "type": "ImportDeclaration"
      },
      "location-before-char-start": 782,
      "location-before-char-end": 809,
      "node-str": ""
    },
    {
      "type": "delete-node",
      "node": {
        "label": "java.util.ArrayList",
        "type": "QualifiedName"
      },
      "location-before-char-start": 817,
      "location-before-char-end": 836,
      "node-str": "java.util.ArrayList"
    },
    {
      "type": "delete-node",
      "node": {
        "label": "",
        "type": "ImportDeclaration"
      },
      "location-before-char-start": 810,
      "location-before-char-end": 837,
      "node-str": ""
    },
    {
      "type": "delete-node",
      "node": {
        "label": "java.util.Arrays",
        "type": "QualifiedName"
      },
      "location-before-char-start": 845,
      "location-before-char-end": 861,
      "node-str": "java.util.Arrays"
    },
    {
      "type": "delete-node",
      "node": {
        "label": "",
        "type": "ImportDeclaration"
      },
      "location-before-char-start": 838,
      "location-before-char-end": 862,
      "node-str": ""
    },
    {
      "type": "delete-node",
      "node": {
        "label": "java.util.Collections",
        "type": "QualifiedName"
      },
      "location-before-char-start": 870,
      "location-before-char-end": 891,
      "node-str": "java.util.Collections"
    },
    {
      "type": "delete-node",
      "node": {
        "label": "",
        "type": "ImportDeclaration"
      },
      "location-before-char-start": 863,
      "location-before-char-end": 892,
      "node-str": ""
    },
    {
      "type": "delete-node",
      "node": {
        "label": "java.util.Enumeration",
        "type": "QualifiedName"
      },
      "location-before-char-start": 900,
      "location-before-char-end": 921,
      "node-str": "java.util.Enumeration"
    },
    {
      "type": "delete-node",
      "node": {
        "label": "",
        "type": "ImportDeclaration"
      },
      "location-before-char-start": 893,
      "location-before-char-end": 922,
      "node-str": ""
    },
    {
      "type": "delete-node",
      "node": {
        "label": "java.util.Iterator",
        "type": "QualifiedName"
      },
      "location-before-char-start": 930,
      "location-before-char-end": 948,
      "node-str": "java.util.Iterator"
    },
    {
      "type": "delete-node",
      "node": {
        "label": "",
        "type": "ImportDeclaration"
      },
      "location-before-char-start": 923,
      "location-before-char-end": 949,
      "node-str": ""
    },
    {
      "type": "delete-node",
      "node": {
        "label": "java.util.LinkedList",
        "type": "QualifiedName"
      },
      "location-before-char-start": 957,
      "location-before-char-end": 977,
      "node-str": "java.util.LinkedList"
    },
    {
      "type": "delete-node",
      "node": {
        "label": "",
        "type": "ImportDeclaration"
      },
      "location-before-char-start": 950,
      "location-before-char-end": 978,
      "node-str": ""
    },
    {
      "type": "delete-node",
      "node": {
        "label": "java.util.List",
        "type": "QualifiedName"
      },
      "location-before-char-start": 986,
      "location-before-char-end": 1000,
      "node-str": "java.util.List"
    },
    {
      "type": "delete-node",
      "node": {
        "label": "",
        "type": "ImportDeclaration"
      },
      "location-before-char-start": 979,
      "location-before-char-end": 1001,
      "node-str": ""
    },
    {
      "type": "delete-node",
      "node": {
        "label": "java.util.logging.Logger",
        "type": "QualifiedName"
      },
      "location-before-char-start": 1009,
      "location-before-char-end": 1033,
      "node-str": "java.util.logging.Logger"
    },
    {
      "type": "delete-node",
      "node": {
        "label": "",
        "type": "ImportDeclaration"
      },
      "location-before-char-start": 1002,
      "location-before-char-end": 1034,
      "node-str": ""
    },
    {
      "type": "delete-node",
      "node": {
        "label": "org.columba.core.command.CommandCancelledException",
        "type": "QualifiedName"
      },
      "location-before-char-start": 1043,
      "location-before-char-end": 1093,
      "node-str": "org.columba.core.command.CommandCancelledException"
    },
    {
      "type": "delete-node",
      "node": {
        "label": "",
        "type": "ImportDeclaration"
      },
      "location-before-char-start": 1036,
      "location-before-char-end": 1094,
      "node-str": ""
    },
    {
      "type": "delete-node",
      "node": {
        "label": "org.columba.core.command.CommandProcessor",
        "type": "QualifiedName"
      },
      "location-before-char-start": 1102,
      "location-before-char-end": 1143,
      "node-str": "org.columba.core.command.CommandProcessor"
    },
    {
      "type": "delete-node",
      "node": {
        "label": "",
        "type": "ImportDeclaration"
      },
      "location-before-char-start": 1095,
      "location-before-char-end": 1144,
      "node-str": ""
    },
    {
      "type": "delete-node",
      "node": {
        "label": "org.columba.core.command.StatusObservable",
        "type": "QualifiedName"
      },
      "location-before-char-start": 1152,
      "location-before-char-end": 1193,
      "node-str": "org.columba.core.command.StatusObservable"
    },
    {
      "type": "delete-node",
      "node": {
        "label": "",
        "type": "ImportDeclaration"
      },
      "location-before-char-start": 1145,
      "location-before-char-end": 1194,
      "node-str": ""
    },
    {
      "type": "delete-node",
      "node": {
        "label": "org.columba.core.filter.Filter",
        "type": "QualifiedName"
      },
      "location-before-char-start": 1202,
      "location-before-char-end": 1232,
      "node-str": "org.columba.core.filter.Filter"
    },
    {
      "type": "delete-node",
      "node": {
        "label": "",
        "type": "ImportDeclaration"
      },
      "location-before-char-start": 1195,
      "location-before-char-end": 1233,
      "node-str": ""
    },
    {
      "type": "delete-node",
      "node": {
        "label": "org.columba.core.xml.XmlElement",
        "type": "QualifiedName"
      },
      "location-before-char-start": 1241,
      "location-before-char-end": 1272,
      "node-str": "org.columba.core.xml.XmlElement"
    },
    {
      "type": "delete-node",
      "node": {
        "label": "",
        "type": "ImportDeclaration"
      },
      "location-before-char-start": 1234,
      "location-before-char-end": 1273,
      "node-str": ""
    },
    {
      "type": "delete-node",
      "node": {
        "label": "org.columba.mail.command.MailFolderCommandReference",
        "type": "QualifiedName"
      },
      "location-before-char-start": 1281,
      "location-before-char-end": 1332,
      "node-str": "org.columba.mail.command.MailFolderCommandReference"
    },
    {
      "type": "delete-node",
      "node": {
        "label": "",
        "type": "ImportDeclaration"
      },
      "location-before-char-start": 1274,
      "location-before-char-end": 1333,
      "node-str": ""
    },
    {
      "type": "delete-node",
      "node": {
        "label": "org.columba.mail.config.AccountItem",
        "type": "QualifiedName"
      },
      "location-before-char-start": 1341,
      "location-before-char-end": 1376,
      "node-str": "org.columba.mail.config.AccountItem"
    },
    {
      "type": "delete-node",
      "node": {
        "label": "",
        "type": "ImportDeclaration"
      },
      "location-before-char-start": 1334,
      "location-before-char-end": 1377,
      "node-str": ""
    },
    {
      "type": "delete-node",
      "node": {
        "label": "org.columba.mail.config.FolderItem",
        "type": "QualifiedName"
      },
      "location-before-char-start": 1385,
      "location-before-char-end": 1419,
      "node-str": "org.columba.mail.config.FolderItem"
    },
    {
      "type": "delete-node",
      "node": {
        "label": "",
        "type": "ImportDeclaration"
      },
      "location-before-char-start": 1378,
      "location-before-char-end": 1420,
      "node-str": ""
    },
    {
      "type": "delete-node",
      "node": {
        "label": "org.columba.mail.config.IFolderItem",
        "type": "QualifiedName"
      },
      "location-before-char-start": 1428,
      "location-before-char-end": 1463,
      "node-str": "org.columba.mail.config.IFolderItem"
    },
    {
      "type": "delete-node",
      "node": {
        "label": "",
        "type": "ImportDeclaration"
      },
      "location-before-char-start": 1421,
      "location-before-char-end": 1464,
      "node-str": ""
    },
    {
      "type": "delete-node",
      "node": {
        "label": "org.columba.mail.config.ImapItem",
        "type": "QualifiedName"
      },
      "location-before-char-start": 1472,
      "location-before-char-end": 1504,
      "node-str": "org.columba.mail.config.ImapItem"
    },
    {
      "type": "delete-node",
      "node": {
        "label": "",
        "type": "ImportDeclaration"
      },
      "location-before-char-start": 1465,
      "location-before-char-end": 1505,
      "node-str": ""
    },
    {
      "type": "delete-node",
      "node": {
        "label": "org.columba.mail.folder.AbstractFolder",
        "type": "QualifiedName"
      },
      "location-before-char-start": 1513,
      "location-before-char-end": 1551,
      "node-str": "org.columba.mail.folder.AbstractFolder"
    },
    {
      "type": "delete-node",
      "node": {
        "label": "",
        "type": "ImportDeclaration"
      },
      "location-before-char-start": 1506,
      "location-before-char-end": 1552,
      "node-str": ""
    },
    {
      "type": "delete-node",
      "node": {
        "label": "org.columba.mail.folder.AbstractHeaderListStorage",
        "type": "QualifiedName"
      },
      "location-before-char-start": 1560,
      "location-before-char-end": 1609,
      "node-str": "org.columba.mail.folder.AbstractHeaderListStorage"
    },
    {
      "type": "delete-node",
      "node": {
        "label": "",
        "type": "ImportDeclaration"
      },
      "location-before-char-start": 1553,
      "location-before-char-end": 1610,
      "node-str": ""
    },
    {
      "type": "delete-node",
      "node": {
        "label": "org.columba.mail.folder.IHeaderListStorage",
        "type": "QualifiedName"
      },
      "location-before-char-start": 1618,
      "location-before-char-end": 1660,
      "node-str": "org.columba.mail.folder.IHeaderListStorage"
    },
    {
      "type": "delete-node",
      "node": {
        "label": "",
        "type": "ImportDeclaration"
      },
      "location-before-char-start": 1611,
      "location-before-char-end": 1661,
      "node-str": ""
    },
    {
      "type": "delete-node",
      "node": {
        "label": "org.columba.mail.folder.IMailFolder",
        "type": "QualifiedName"
      },
      "location-before-char-start": 1669,
      "location-before-char-end": 1704,
      "node-str": "org.columba.mail.folder.IMailFolder"
    },
    {
      "type": "delete-node",
      "node": {
        "label": "",
        "type": "ImportDeclaration"
      },
      "location-before-char-start": 1662,
      "location-before-char-end": 1705,
      "node-str": ""
    },
    {
      "type": "delete-node",
      "node": {
        "label": "org.columba.mail.folder.IMailbox",
        "type": "QualifiedName"
      },
      "location-before-char-start": 1713,
      "location-before-char-end": 1745,
      "node-str": "org.columba.mail.folder.IMailbox"
    },
    {
      "type": "delete-node",
      "node": {
        "label": "",
        "type": "ImportDeclaration"
      },
      "location-before-char-start": 1706,
      "location-before-char-end": 1746,
      "node-str": ""
    },
    {
      "type": "delete-node",
      "node": {
        "label": "org.columba.mail.folder.AbstractRemoteFolder",
        "type": "QualifiedName"
      },
      "location-before-char-start": 1754,
      "location-before-char-end": 1798,
      "node-str": "org.columba.mail.folder.AbstractRemoteFolder"
    },
    {
      "type": "delete-node",
      "node": {
        "label": "",
        "type": "ImportDeclaration"
      },
      "location-before-char-start": 1747,
      "location-before-char-end": 1799,
      "node-str": ""
    },
    {
      "type": "delete-node",
      "node": {
        "label": "org.columba.mail.folder.RootFolder",
        "type": "QualifiedName"
      },
      "location-before-char-start": 1807,
      "location-before-char-end": 1841,
      "node-str": "org.columba.mail.folder.RootFolder"
    },
    {
      "type": "delete-node",
      "node": {
        "label": "",
        "type": "ImportDeclaration"
      },
      "location-before-char-start": 1800,
      "location-before-char-end": 1842,
      "node-str": ""
    },
    {
      "type": "delete-node",
      "node": {
        "label": "org.columba.mail.folder.command.ApplyFilterCommand",
        "type": "QualifiedName"
      },
      "location-before-char-start": 1850,
      "location-before-char-end": 1900,
      "node-str": "org.columba.mail.folder.command.ApplyFilterCommand"
    },
    {
      "type": "delete-node",
      "node": {
        "label": "",
        "type": "ImportDeclaration"
      },
      "location-before-char-start": 1843,
      "location-before-char-end": 1901,
      "node-str": ""
    },
    {
      "type": "delete-node",
      "node": {
        "label": "org.columba.mail.folder.headercache.AbstractHeaderCache",
        "type": "QualifiedName"
      },
      "location-before-char-start": 1909,
      "location-before-char-end": 1964,
      "node-str": "org.columba.mail.folder.headercache.AbstractHeaderCache"
    },
    {
      "type": "delete-node",
      "node": {
        "label": "",
        "type": "ImportDeclaration"
      },
      "location-before-char-start": 1902,
      "location-before-char-end": 1965,
      "node-str": ""
    },
    {
      "type": "delete-node",
      "node": {
        "label": "org.columba.mail.folder.headercache.CachedHeaderfields",
        "type": "QualifiedName"
      },
      "location-before-char-start": 1973,
      "location-before-char-end": 2027,
      "node-str": "org.columba.mail.folder.headercache.CachedHeaderfields"
    },
    {
      "type": "delete-node",
      "node": {
        "label": "",
        "type": "ImportDeclaration"
      },
      "location-before-char-start": 1966,
      "location-before-char-end": 2028,
      "node-str": ""
    },
    {
      "type": "delete-node",
      "node": {
        "label": "org.columba.mail.folder.headercache.RemoteHeaderCache",
        "type": "QualifiedName"
      },
      "location-before-char-start": 2036,
      "location-before-char-end": 2089,
      "node-str": "org.columba.mail.folder.headercache.RemoteHeaderCache"
    },
    {
      "type": "delete-node",
      "node": {
        "label": "",
        "type": "ImportDeclaration"
      },
      "location-before-char-start": 2029,
      "location-before-char-end": 2090,
      "node-str": ""
    },
    {
      "type": "delete-node",
      "node": {
        "label": "org.columba.mail.folder.search.DefaultSearchEngine",
        "type": "QualifiedName"
      },
      "location-before-char-start": 2098,
      "location-before-char-end": 2148,
      "node-str": "org.columba.mail.folder.search.DefaultSearchEngine"
    },
    {
      "type": "delete-node",
      "node": {
        "label": "",
        "type": "ImportDeclaration"
      },
      "location-before-char-start": 2091,
      "location-before-char-end": 2149,
      "node-str": ""
    },
    {
      "type": "delete-node",
      "node": {
        "label": "org.columba.mail.folder.search.IMAPQueryEngine",
        "type": "QualifiedName"
      },
      "location-before-char-start": 2157,
      "location-before-char-end": 2203,
      "node-str": "org.columba.mail.folder.search.IMAPQueryEngine"
    },
    {
      "type": "delete-node",
      "node": {
        "label": "",
        "type": "ImportDeclaration"
      },
      "location-before-char-start": 2150,
      "location-before-char-end": 2204,
      "node-str": ""
    },
    {
      "type": "delete-node",
      "node": {
        "label": "org.columba.mail.imap.IMAPServer",
        "type": "QualifiedName"
      },
      "location-before-char-start": 2212,
      "location-before-char-end": 2244,
      "node-str": "org.columba.mail.imap.IMAPServer"
    },
    {
      "type": "delete-node",
      "node": {
        "label": "",
        "type": "ImportDeclaration"
      },
      "location-before-char-start": 2205,
      "location-before-char-end": 2245,
      "node-str": ""
    },
    {
      "type": "delete-node",
      "node": {
        "label": "org.columba.mail.message.ColumbaHeader",
        "type": "QualifiedName"
      },
      "location-before-char-start": 2253,
      "location-before-char-end": 2291,
      "node-str": "org.columba.mail.message.ColumbaHeader"
    },
    {
      "type": "delete-node",
      "node": {
        "label": "",
        "type": "ImportDeclaration"
      },
      "location-before-char-start": 2246,
      "location-before-char-end": 2292,
      "node-str": ""
    },
    {
      "type": "delete-node",
      "node": {
        "label": "org.columba.mail.message.ColumbaMessage",
        "type": "QualifiedName"
      },
      "location-before-char-start": 2300,
      "location-before-char-end": 2339,
      "node-str": "org.columba.mail.message.ColumbaMessage"
    },
    {
      "type": "delete-node",
      "node": {
        "label": "",
        "type": "ImportDeclaration"
      },
      "location-before-char-start": 2293,
      "location-before-char-end": 2340,
      "node-str": ""
    },
    {
      "type": "delete-node",
      "node": {
        "label": "org.columba.mail.message.HeaderList",
        "type": "QualifiedName"
      },
      "location-before-char-start": 2348,
      "location-before-char-end": 2383,
      "node-str": "org.columba.mail.message.HeaderList"
    },
    {
      "type": "delete-node",
      "node": {
        "label": "",
        "type": "ImportDeclaration"
      },
      "location-before-char-start": 2341,
      "location-before-char-end": 2384,
      "node-str": ""
    },
    {
      "type": "delete-node",
      "node": {
        "label": "org.columba.mail.message.IColumbaHeader",
        "type": "QualifiedName"
      },
      "location-before-char-start": 2392,
      "location-before-char-end": 2431,
      "node-str": "org.columba.mail.message.IColumbaHeader"
    },
    {
      "type": "delete-node",
      "node": {
        "label": "",
        "type": "ImportDeclaration"
      },
      "location-before-char-start": 2385,
      "location-before-char-end": 2432,
      "node-str": ""
    },
    {
      "type": "delete-node",
      "node": {
        "label": "org.columba.mail.message.IColumbaMessage",
        "type": "QualifiedName"
      },
      "location-before-char-start": 2440,
      "location-before-char-end": 2480,
      "node-str": "org.columba.mail.message.IColumbaMessage"
    },
    {
      "type": "delete-node",
      "node": {
        "label": "",
        "type": "ImportDeclaration"
      },
      "location-before-char-start": 2433,
      "location-before-char-end": 2481,
      "node-str": ""
    },
    {
      "type": "delete-node",
      "node": {
        "label": "org.columba.mail.message.IHeaderList",
        "type": "QualifiedName"
      },
      "location-before-char-start": 2489,
      "location-before-char-end": 2525,
      "node-str": "org.columba.mail.message.IHeaderList"
    },
    {
      "type": "delete-node",
      "node": {
        "label": "",
        "type": "ImportDeclaration"
      },
      "location-before-char-start": 2482,
      "location-before-char-end": 2526,
      "node-str": ""
    },
    {
      "type": "delete-node",
      "node": {
        "label": "org.columba.mail.parser.PassiveHeaderParserInputStream",
        "type": "QualifiedName"
      },
      "location-before-char-start": 2534,
      "location-before-char-end": 2588,
      "node-str": "org.columba.mail.parser.PassiveHeaderParserInputStream"
    },
    {
      "type": "delete-node",
      "node": {
        "label": "",
        "type": "ImportDeclaration"
      },
      "location-before-char-start": 2527,
      "location-before-char-end": 2589,
      "node-str": ""
    },
    {
      "type": "delete-node",
      "node": {
        "label": "org.columba.mail.util.MailResourceLoader",
        "type": "QualifiedName"
      },
      "location-before-char-start": 2597,
      "location-before-char-end": 2637,
      "node-str": "org.columba.mail.util.MailResourceLoader"
    },
    {
      "type": "delete-node",
      "node": {
        "label": "",
        "type": "ImportDeclaration"
      },
      "location-before-char-start": 2590,
      "location-before-char-end": 2638,
      "node-str": ""
    },
    {
      "type": "delete-node",
      "node": {
        "label": "org.columba.ristretto.imap.IMAPException",
        "type": "QualifiedName"
      },
      "location-before-char-start": 2646,
      "location-before-char-end": 2686,
      "node-str": "org.columba.ristretto.imap.IMAPException"
    },
    {
      "type": "delete-node",
      "node": {
        "label": "",
        "type": "ImportDeclaration"
      },
      "location-before-char-start": 2639,
      "location-before-char-end": 2687,
      "node-str": ""
    },
    {
      "type": "delete-node",
      "node": {
        "label": "org.columba.ristretto.imap.IMAPFlags",
        "type": "QualifiedName"
      },
      "location-before-char-start": 2695,
      "location-before-char-end": 2731,
      "node-str": "org.columba.ristretto.imap.IMAPFlags"
    },
    {
      "type": "delete-node",
      "node": {
        "label": "",
        "type": "ImportDeclaration"
      },
      "location-before-char-start": 2688,
      "location-before-char-end": 2732,
      "node-str": ""
    },
    {
      "type": "delete-node",
      "node": {
        "label": "org.columba.ristretto.imap.MailboxStatus",
        "type": "QualifiedName"
      },
      "location-before-char-start": 2740,
      "location-before-char-end": 2780,
      "node-str": "org.columba.ristretto.imap.MailboxStatus"
    },
    {
      "type": "delete-node",
      "node": {
        "label": "",
        "type": "ImportDeclaration"
      },
      "location-before-char-start": 2733,
      "location-before-char-end": 2781,
      "node-str": ""
    },
    {
      "type": "delete-node",
      "node": {
        "label": "org.columba.ristretto.imap.SearchKey",
        "type": "QualifiedName"
      },
      "location-before-char-start": 2789,
      "location-before-char-end": 2825,
      "node-str": "org.columba.ristretto.imap.SearchKey"
    },
    {
      "type": "delete-node",
      "node": {
        "label": "",
        "type": "ImportDeclaration"
      },
      "location-before-char-start": 2782,
      "location-before-char-end": 2826,
      "node-str": ""
    },
    {
      "type": "delete-node",
      "node": {
        "label": "org.columba.ristretto.imap.SequenceSet",
        "type": "QualifiedName"
      },
      "location-before-char-start": 2834,
      "location-before-char-end": 2872,
      "node-str": "org.columba.ristretto.imap.SequenceSet"
    },
    {
      "type": "delete-node",
      "node": {
        "label": "",
        "type": "ImportDeclaration"
      },
      "location-before-char-start": 2827,
      "location-before-char-end": 2873,
      "node-str": ""
    },
    {
      "type": "delete-node",
      "node": {
        "label": "org.columba.ristretto.message.Attributes",
        "type": "QualifiedName"
      },
      "location-before-char-start": 2881,
      "location-before-char-end": 2921,
      "node-str": "org.columba.ristretto.message.Attributes"
    },
    {
      "type": "delete-node",
      "node": {
        "label": "",
        "type": "ImportDeclaration"
      },
      "location-before-char-start": 2874,
      "location-before-char-end": 2922,
      "node-str": ""
    },
    {
      "type": "delete-node",
      "node": {
        "label": "org.columba.ristretto.message.Flags",
        "type": "QualifiedName"
      },
      "location-before-char-start": 2930,
      "location-before-char-end": 2965,
      "node-str": "org.columba.ristretto.message.Flags"
    },
    {
      "type": "delete-node",
      "node": {
        "label": "",
        "type": "ImportDeclaration"
      },
      "location-before-char-start": 2923,
      "location-before-char-end": 2966,
      "node-str": ""
    },
    {
      "type": "delete-node",
      "node": {
        "label": "org.columba.ristretto.message.Header",
        "type": "QualifiedName"
      },
      "location-before-char-start": 2974,
      "location-before-char-end": 3010,
      "node-str": "org.columba.ristretto.message.Header"
    },
    {
      "type": "delete-node",
      "node": {
        "label": "",
        "type": "ImportDeclaration"
      },
      "location-before-char-start": 2967,
      "location-before-char-end": 3011,
      "node-str": ""
    },
    {
      "type": "delete-node",
      "node": {
        "label": "org.columba.ristretto.message.MailboxInfo",
        "type": "QualifiedName"
      },
      "location-before-char-start": 3019,
      "location-before-char-end": 3060,
      "node-str": "org.columba.ristretto.message.MailboxInfo"
    },
    {
      "type": "delete-node",
      "node": {
        "label": "",
        "type": "ImportDeclaration"
      },
      "location-before-char-start": 3012,
      "location-before-char-end": 3061,
      "node-str": ""
    },
    {
      "type": "delete-node",
      "node": {
        "label": "org.columba.ristretto.message.MimePart",
        "type": "QualifiedName"
      },
      "location-before-char-start": 3069,
      "location-before-char-end": 3107,
      "node-str": "org.columba.ristretto.message.MimePart"
    },
    {
      "type": "delete-node",
      "node": {
        "label": "",
        "type": "ImportDeclaration"
      },
      "location-before-char-start": 3062,
      "location-before-char-end": 3108,
      "node-str": ""
    },
    {
      "type": "delete-node",
      "node": {
        "label": "org.columba.ristretto.message.MimeTree",
        "type": "QualifiedName"
      },
      "location-before-char-start": 3116,
      "location-before-char-end": 3154,
      "node-str": "org.columba.ristretto.message.MimeTree"
    },
    {
      "type": "delete-node",
      "node": {
        "label": "",
        "type": "ImportDeclaration"
      },
      "location-before-char-start": 3109,
      "location-before-char-end": 3155,
      "node-str": ""
    },
    {
      "type": "delete-node",
      "node": {
        "label": "public",
        "type": "Modifier"
      },
      "location-before-char-start": 3157,
      "location-before-char-end": 3163,
      "node-str": "public"
    },
    {
      "type": "delete-node",
      "node": {
        "label": "class",
        "type": "TYPE_DECLARATION_KIND"
      },
      "location-before-char-start": 3164,
      "location-before-char-end": 3169,
      "node-str": "class"
    },
    {
      "type": "delete-node",
      "node": {
        "label": "IMAPFolder",
        "type": "SimpleName"
      },
      "location-before-char-start": 3170,
      "location-before-char-end": 3180,
      "node-str": "IMAPFolder"
    },
    {
      "type": "delete-node",
      "node": {
        "label": "AbstractRemoteFolder",
        "type": "SimpleName"
      },
      "location-before-char-start": 3189,
      "location-before-char-end": 3209,
      "node-str": "AbstractRemoteFolder"
    },
    {
      "type": "delete-node",
      "node": {
        "label": "",
        "type": "SimpleType"
      },
      "location-before-char-start": 3189,
      "location-before-char-end": 3209,
      "node-str": ""
    },
    {
      "type": "delete-node",
      "node": {
        "label": "",
        "type": "Block"
      },
      "location-before-char-start": 22143,
      "location-before-char-end": 22185,
      "node-str": ""
    },
    {
      "type": "delete-node",
      "node": {
        "label": "false",
        "type": "BooleanLiteral"
      },
      "location-before-char-start": 22203,
      "location-before-char-end": 22208,
      "node-str": "false"
    },
    {
      "type": "delete-node",
      "node": {
        "label": "",
        "type": "ReturnStatement"
      },
      "location-before-char-start": 22196,
      "location-before-char-end": 22209,
      "node-str": ""
    },
    {
      "type": "delete-node",
      "node": {
        "label": "",
        "type": "Block"
      },
      "location-before-char-start": 22191,
      "location-before-char-end": 22213,
      "node-str": ""
    },
    {
      "type": "delete-node",
      "node": {
        "label": "",
        "type": "IfStatement"
      },
      "location-before-char-start": 22125,
      "location-before-char-end": 22213,
      "node-str": ""
    },
    {
      "type": "delete-node",
      "node": {
        "label": "",
        "type": "Block"
      },
      "location-before-char-start": 22391,
      "location-before-char-end": 22425,
      "node-str": ""
    },
    {
      "type": "delete-node",
      "node": {
        "label": "",
        "type": "IfStatement"
      },
      "location-before-char-start": 22373,
      "location-before-char-end": 22425,
      "node-str": ""
    }
  ],
  "before-file": {},
  "after-file": {},
  "mapping": {}
}