{
  "tool-info": {},
  "diff": [
    {
      "type": "insert-node",
      "node": {
        "label": "abstract",
        "type": "Modifier"
      },
      "location-after-char-start": 0,
      "location-after-char-end": 0,
      "node-str": "abstract"
    },
    {
      "type": "insert-node",
      "node": {
        "label": "public",
        "type": "Modifier"
      },
      "location-after-char-start": 0,
      "location-after-char-end": 0,
      "node-str": "public"
    },
    {
      "type": "insert-node",
      "node": {
        "label": "",
        "type": "TypeReference"
      },
      "location-after-char-start": 783,
      "location-after-char-end": 790,
      "node-str": ""
    },
    {
      "type": "insert-node",
      "node": {
        "label": "SESSION_TYPE",
        "type": "Field"
      },
      "location-after-char-start": 798,
      "location-after-char-end": 909,
      "node-str": "SESSION_TYPE"
    },
    {
      "type": "insert-node",
      "node": {
        "label": "ENTITY_TYPE",
        "type": "Field"
      },
      "location-after-char-start": 912,
      "location-after-char-end": 954,
      "node-str": "ENTITY_TYPE"
    },
    {
      "type": "insert-node",
      "node": {
        "label": "MDB_TYPE",
        "type": "Field"
      },
      "location-after-char-start": 957,
      "location-after-char-end": 996,
      "node-str": "MDB_TYPE"
    },
    {
      "type": "insert-node",
      "node": {
        "label": "application",
        "type": "Field"
      },
      "location-after-char-start": 1000,
      "location-after-char-end": 1107,
      "node-str": "application"
    },
    {
      "type": "insert-node",
      "node": {
        "label": "ejbName",
        "type": "Field"
      },
      "location-after-char-start": 1115,
      "location-after-char-end": 1457,
      "node-str": "ejbName"
    },
    {
      "type": "insert-node",
      "node": {
        "label": "homeClass",
        "type": "Field"
      },
      "location-after-char-start": 1463,
      "location-after-char-end": 1591,
      "node-str": "homeClass"
    },
    {
      "type": "insert-node",
      "node": {
        "label": "remoteClass",
        "type": "Field"
      },
      "location-after-char-start": 1597,
      "location-after-char-end": 1734,
      "node-str": "remoteClass"
    },
    {
      "type": "insert-node",
      "node": {
        "label": "localHomeClass",
        "type": "Field"
      },
      "location-after-char-start": 1740,
      "location-after-char-end": 1888,
      "node-str": "localHomeClass"
    },
    {
      "type": "insert-node",
      "node": {
        "label": "localClass",
        "type": "Field"
      },
      "location-after-char-start": 1894,
      "location-after-char-end": 2027,
      "node-str": "localClass"
    },
    {
      "type": "insert-node",
      "node": {
        "label": "ejbClass",
        "type": "Field"
      },
      "location-after-char-start": 2033,
      "location-after-char-end": 2160,
      "node-str": "ejbClass"
    },
    {
      "type": "insert-node",
      "node": {
        "label": "beanType",
        "type": "Field"
      },
      "location-after-char-start": 2166,
      "location-after-char-end": 2254,
      "node-str": "beanType"
    },
    {
      "type": "insert-node",
      "node": {
        "label": "environmentEntries",
        "type": "Field"
      },
      "location-after-char-start": 2261,
      "location-after-char-end": 2423,
      "node-str": "environmentEntries"
    },
    {
      "type": "insert-node",
      "node": {
        "label": "ejbReferences",
        "type": "Field"
      },
      "location-after-char-start": 2429,
      "location-after-char-end": 2577,
      "node-str": "ejbReferences"
    },
    {
      "type": "insert-node",
      "node": {
        "label": "ejbLocalReferences",
        "type": "Field"
      },
      "location-after-char-start": 2583,
      "location-after-char-end": 2678,
      "node-str": "ejbLocalReferences"
    },
    {
      "type": "insert-node",
      "node": {
        "label": "securityRoleReferences",
        "type": "Field"
      },
      "location-after-char-start": 2684,
      "location-after-char-end": 2791,
      "node-str": "securityRoleReferences"
    },
    {
      "type": "insert-node",
      "node": {
        "label": "securityIdentity",
        "type": "Field"
      },
      "location-after-char-start": 2797,
      "location-after-char-end": 2899,
      "node-str": "securityIdentity"
    },
    {
      "type": "insert-node",
      "node": {
        "label": "resourceReferences",
        "type": "Field"
      },
      "location-after-char-start": 2905,
      "location-after-char-end": 2996,
      "node-str": "resourceReferences"
    },
    {
      "type": "insert-node",
      "node": {
        "label": "resourceEnvReferences",
        "type": "Field"
      },
      "location-after-char-start": 3002,
      "location-after-char-end": 3100,
      "node-str": "resourceEnvReferences"
    },
    {
      "type": "insert-node",
      "node": {
        "label": "permissionMethods",
        "type": "Field"
      },
      "location-after-char-start": 3106,
      "location-after-char-end": 3225,
      "node-str": "permissionMethods"
    },
    {
      "type": "insert-node",
      "node": {
        "label": "transactionMethods",
        "type": "Field"
      },
      "location-after-char-start": 3231,
      "location-after-char-end": 3355,
      "node-str": "transactionMethods"
    },
    {
      "type": "insert-node",
      "node": {
        "label": "excludedMethods",
        "type": "Field"
      },
      "location-after-char-start": 3361,
      "location-after-char-end": 3467,
      "node-str": "excludedMethods"
    },
    {
      "type": "insert-node",
      "node": {
        "label": "jndiName",
        "type": "Field"
      },
      "location-after-char-start": 3471,
      "location-after-char-end": 3584,
      "node-str": "jndiName"
    },
    {
      "type": "insert-node",
      "node": {
        "label": "configurationName",
        "type": "Field"
      },
      "location-after-char-start": 3587,
      "location-after-char-end": 3621,
      "node-str": "configurationName"
    },
    {
      "type": "insert-node",
      "node": {
        "label": "configuration",
        "type": "Field"
      },
      "location-after-char-start": 3624,
      "location-after-char-end": 3667,
      "node-str": "configuration"
    },
    {
      "type": "insert-node",
      "node": {
        "label": "securityProxy",
        "type": "Field"
      },
      "location-after-char-start": 3673,
      "location-after-char-end": 3701,
      "node-str": "securityProxy"
    },
    {
      "type": "insert-node",
      "node": {
        "label": "\u003cinit\u003e",
        "type": "Constructor"
      },
      "location-after-char-start": 3706,
      "location-after-char-end": 3975,
      "node-str": "\u003cinit\u003e"
    },
    {
      "type": "insert-node",
      "node": {
        "label": "isSession",
        "type": "Method"
      },
      "location-after-char-start": 3982,
      "location-after-char-end": 4115,
      "node-str": "isSession"
    },
    {
      "type": "insert-node",
      "node": {
        "label": "isMessageDriven",
        "type": "Method"
      },
      "location-after-char-start": 4122,
      "location-after-char-end": 4186,
      "node-str": "isMessageDriven"
    },
    {
      "type": "insert-node",
      "node": {
        "label": "isEntity",
        "type": "Method"
      },
      "location-after-char-start": 4190,
      "location-after-char-end": 4250,
      "node-str": "isEntity"
    },
    {
      "type": "insert-node",
      "node": {
        "label": "getSecurityIdentityMetaData",
        "type": "Method"
      },
      "location-after-char-start": 5927,
      "location-after-char-end": 6033,
      "node-str": "getSecurityIdentityMetaData"
    },
    {
      "type": "insert-node",
      "node": {
        "label": "getDefaultConfigurationName",
        "type": "Method"
      },
      "location-after-char-start": 6116,
      "location-after-char-end": 6168,
      "node-str": "getDefaultConfigurationName"
    },
    {
      "type": "insert-node",
      "node": {
        "label": "getExcludedMethods",
        "type": "Method"
      },
      "location-after-char-start": 6339,
      "location-after-char-end": 6413,
      "node-str": "getExcludedMethods"
    },
    {
      "type": "insert-node",
      "node": {
        "label": "addExcludedMethod",
        "type": "Method"
      },
      "location-after-char-start": 6613,
      "location-after-char-end": 6701,
      "node-str": "addExcludedMethod"
    },
    {
      "type": "insert-node",
      "node": {
        "label": "org.jboss.metadata.MetaData",
        "type": "SUPER_TYPE"
      },
      "location-after-char-start": 0,
      "location-after-char-end": 0,
      "node-str": "org.jboss.metadata.MetaData"
    },
    {
      "type": "insert-node",
      "node": {
        "label": "char",
        "type": "VARIABLE_TYPE"
      },
      "location-after-char-start": 0,
      "location-after-char-end": 0,
      "node-str": "char"
    },
    {
      "type": "insert-node",
      "node": {
        "label": "final",
        "type": "Modifier"
      },
      "location-after-char-start": 0,
      "location-after-char-end": 0,
      "node-str": "final"
    },
    {
      "type": "insert-node",
      "node": {
        "label": "public",
        "type": "Modifier"
      },
      "location-after-char-start": 0,
      "location-after-char-end": 0,
      "node-str": "public"
    },
    {
      "type": "insert-node",
      "node": {
        "label": "static",
        "type": "Modifier"
      },
      "location-after-char-start": 0,
      "location-after-char-end": 0,
      "node-str": "static"
    },
    {
      "type": "insert-node",
      "node": {
        "label": "\u0027S\u0027",
        "type": "Literal"
      },
      "location-after-char-start": 906,
      "location-after-char-end": 908,
      "node-str": "\u0027S\u0027"
    },
    {
      "type": "insert-node",
      "node": {
        "label": "char",
        "type": "VARIABLE_TYPE"
      },
      "location-after-char-start": 0,
      "location-after-char-end": 0,
      "node-str": "char"
    },
    {
      "type": "insert-node",
      "node": {
        "label": "final",
        "type": "Modifier"
      },
      "location-after-char-start": 0,
      "location-after-char-end": 0,
      "node-str": "final"
    },
    {
      "type": "insert-node",
      "node": {
        "label": "public",
        "type": "Modifier"
      },
      "location-after-char-start": 0,
      "location-after-char-end": 0,
      "node-str": "public"
    },
    {
      "type": "insert-node",
      "node": {
        "label": "static",
        "type": "Modifier"
      },
      "location-after-char-start": 0,
      "location-after-char-end": 0,
      "node-str": "static"
    },
    {
      "type": "insert-node",
      "node": {
        "label": "\u0027E\u0027",
        "type": "Literal"
      },
      "location-after-char-start": 951,
      "location-after-char-end": 953,
      "node-str": "\u0027E\u0027"
    },
    {
      "type": "insert-node",
      "node": {
        "label": "char",
        "type": "VARIABLE_TYPE"
      },
      "location-after-char-start": 0,
      "location-after-char-end": 0,
      "node-str": "char"
    },
    {
      "type": "insert-node",
      "node": {
        "label": "final",
        "type": "Modifier"
      },
      "location-after-char-start": 0,
      "location-after-char-end": 0,
      "node-str": "final"
    },
    {
      "type": "insert-node",
      "node": {
        "label": "public",
        "type": "Modifier"
      },
      "location-after-char-start": 0,
      "location-after-char-end": 0,
      "node-str": "public"
    },
    {
      "type": "insert-node",
      "node": {
        "label": "static",
        "type": "Modifier"
      },
      "location-after-char-start": 0,
      "location-after-char-end": 0,
      "node-str": "static"
    },
    {
      "type": "insert-node",
      "node": {
        "label": "\u0027M\u0027",
        "type": "Literal"
      },
      "location-after-char-start": 993,
      "location-after-char-end": 995,
      "node-str": "\u0027M\u0027"
    },
    {
      "type": "insert-node",
      "node": {
        "label": "org.jboss.metadata.ApplicationMetaData",
        "type": "VARIABLE_TYPE"
      },
      "location-after-char-start": 0,
      "location-after-char-end": 0,
      "node-str": "org.jboss.metadata.ApplicationMetaData"
    },
    {
      "type": "insert-node",
      "node": {
        "label": "java.lang.String",
        "type": "VARIABLE_TYPE"
      },
      "location-after-char-start": 0,
      "location-after-char-end": 0,
      "node-str": "java.lang.String"
    },
    {
      "type": "insert-node",
      "node": {
        "label": "java.lang.String",
        "type": "VARIABLE_TYPE"
      },
      "location-after-char-start": 0,
      "location-after-char-end": 0,
      "node-str": "java.lang.String"
    },
    {
      "type": "insert-node",
      "node": {
        "label": "java.lang.String",
        "type": "VARIABLE_TYPE"
      },
      "location-after-char-start": 0,
      "location-after-char-end": 0,
      "node-str": "java.lang.String"
    },
    {
      "type": "insert-node",
      "node": {
        "label": "java.lang.String",
        "type": "VARIABLE_TYPE"
      },
      "location-after-char-start": 0,
      "location-after-char-end": 0,
      "node-str": "java.lang.String"
    },
    {
      "type": "insert-node",
      "node": {
        "label": "java.lang.String",
        "type": "VARIABLE_TYPE"
      },
      "location-after-char-start": 0,
      "location-after-char-end": 0,
      "node-str": "java.lang.String"
    },
    {
      "type": "insert-node",
      "node": {
        "label": "java.lang.String",
        "type": "VARIABLE_TYPE"
      },
      "location-after-char-start": 0,
      "location-after-char-end": 0,
      "node-str": "java.lang.String"
    },
    {
      "type": "insert-node",
      "node": {
        "label": "char",
        "type": "VARIABLE_TYPE"
      },
      "location-after-char-start": 0,
      "location-after-char-end": 0,
      "node-str": "char"
    },
    {
      "type": "insert-node",
      "node": {
        "label": "protected",
        "type": "Modifier"
      },
      "location-after-char-start": 0,
      "location-after-char-end": 0,
      "node-str": "protected"
    },
    {
      "type": "insert-node",
      "node": {
        "label": "java.util.ArrayList",
        "type": "VARIABLE_TYPE"
      },
      "location-after-char-start": 0,
      "location-after-char-end": 0,
      "node-str": "java.util.ArrayList"
    },
    {
      "type": "insert-node",
      "node": {
        "label": "java.util.ArrayList()",
        "type": "ConstructorCall"
      },
      "location-after-char-start": 2408,
      "location-after-char-end": 2422,
      "node-str": "java.util.ArrayList()"
    },
    {
      "type": "insert-node",
      "node": {
        "label": "java.util.HashMap",
        "type": "VARIABLE_TYPE"
      },
      "location-after-char-start": 0,
      "location-after-char-end": 0,
      "node-str": "java.util.HashMap"
    },
    {
      "type": "insert-node",
      "node": {
        "label": "java.util.HashMap()",
        "type": "ConstructorCall"
      },
      "location-after-char-start": 2564,
      "location-after-char-end": 2576,
      "node-str": "java.util.HashMap()"
    },
    {
      "type": "insert-node",
      "node": {
        "label": "java.util.HashMap",
        "type": "VARIABLE_TYPE"
      },
      "location-after-char-start": 0,
      "location-after-char-end": 0,
      "node-str": "java.util.HashMap"
    },
    {
      "type": "insert-node",
      "node": {
        "label": "java.util.HashMap()",
        "type": "ConstructorCall"
      },
      "location-after-char-start": 2665,
      "location-after-char-end": 2677,
      "node-str": "java.util.HashMap()"
    },
    {
      "type": "insert-node",
      "node": {
        "label": "java.util.ArrayList",
        "type": "VARIABLE_TYPE"
      },
      "location-after-char-start": 0,
      "location-after-char-end": 0,
      "node-str": "java.util.ArrayList"
    },
    {
      "type": "insert-node",
      "node": {
        "label": "java.util.ArrayList()",
        "type": "ConstructorCall"
      },
      "location-after-char-start": 2776,
      "location-after-char-end": 2790,
      "node-str": "java.util.ArrayList()"
    },
    {
      "type": "insert-node",
      "node": {
        "label": "org.jboss.metadata.SecurityIdentityMetaData",
        "type": "VARIABLE_TYPE"
      },
      "location-after-char-start": 0,
      "location-after-char-end": 0,
      "node-str": "org.jboss.metadata.SecurityIdentityMetaData"
    },
    {
      "type": "insert-node",
      "node": {
        "label": "null",
        "type": "Literal"
      },
      "location-after-char-start": 2895,
      "location-after-char-end": 2898,
      "node-str": "null"
    },
    {
      "type": "insert-node",
      "node": {
        "label": "java.util.HashMap",
        "type": "VARIABLE_TYPE"
      },
      "location-after-char-start": 0,
      "location-after-char-end": 0,
      "node-str": "java.util.HashMap"
    },
    {
      "type": "insert-node",
      "node": {
        "label": "java.util.HashMap()",
        "type": "ConstructorCall"
      },
      "location-after-char-start": 2983,
      "location-after-char-end": 2995,
      "node-str": "java.util.HashMap()"
    },
    {
      "type": "insert-node",
      "node": {
        "label": "java.util.HashMap",
        "type": "VARIABLE_TYPE"
      },
      "location-after-char-start": 0,
      "location-after-char-end": 0,
      "node-str": "java.util.HashMap"
    },
    {
      "type": "insert-node",
      "node": {
        "label": "java.util.HashMap()",
        "type": "ConstructorCall"
      },
      "location-after-char-start": 3087,
      "location-after-char-end": 3099,
      "node-str": "java.util.HashMap()"
    },
    {
      "type": "insert-node",
      "node": {
        "label": "java.util.ArrayList",
        "type": "VARIABLE_TYPE"
      },
      "location-after-char-start": 0,
      "location-after-char-end": 0,
      "node-str": "java.util.ArrayList"
    },
    {
      "type": "insert-node",
      "node": {
        "label": "java.util.ArrayList()",
        "type": "ConstructorCall"
      },
      "location-after-char-start": 3210,
      "location-after-char-end": 3224,
      "node-str": "java.util.ArrayList()"
    },
    {
      "type": "insert-node",
      "node": {
        "label": "java.util.ArrayList",
        "type": "VARIABLE_TYPE"
      },
      "location-after-char-start": 0,
      "location-after-char-end": 0,
      "node-str": "java.util.ArrayList"
    },
    {
      "type": "insert-node",
      "node": {
        "label": "java.util.ArrayList()",
        "type": "ConstructorCall"
      },
      "location-after-char-start": 3340,
      "location-after-char-end": 3354,
      "node-str": "java.util.ArrayList()"
    },
    {
      "type": "insert-node",
      "node": {
        "label": "java.util.ArrayList",
        "type": "VARIABLE_TYPE"
      },
      "location-after-char-start": 0,
      "location-after-char-end": 0,
      "node-str": "java.util.ArrayList"
    },
    {
      "type": "insert-node",
      "node": {
        "label": "java.util.ArrayList()",
        "type": "ConstructorCall"
      },
      "location-after-char-start": 3452,
      "location-after-char-end": 3466,
      "node-str": "java.util.ArrayList()"
    },
    {
      "type": "insert-node",
      "node": {
        "label": "java.lang.String",
        "type": "VARIABLE_TYPE"
      },
      "location-after-char-start": 0,
      "location-after-char-end": 0,
      "node-str": "java.lang.String"
    },
    {
      "type": "insert-node",
      "node": {
        "label": "java.lang.String",
        "type": "VARIABLE_TYPE"
      },
      "location-after-char-start": 0,
      "location-after-char-end": 0,
      "node-str": "java.lang.String"
    },
    {
      "type": "insert-node",
      "node": {
        "label": "protected",
        "type": "Modifier"
      },
      "location-after-char-start": 0,
      "location-after-char-end": 0,
      "node-str": "protected"
    },
    {
      "type": "insert-node",
      "node": {
        "label": "org.jboss.metadata.ConfigurationMetaData",
        "type": "VARIABLE_TYPE"
      },
      "location-after-char-start": 0,
      "location-after-char-end": 0,
      "node-str": "org.jboss.metadata.ConfigurationMetaData"
    },
    {
      "type": "insert-node",
      "node": {
        "label": "java.lang.String",
        "type": "VARIABLE_TYPE"
      },
      "location-after-char-start": 0,
      "location-after-char-end": 0,
      "node-str": "java.lang.String"
    },
    {
      "type": "insert-node",
      "node": {
        "label": "public",
        "type": "Modifier"
      },
      "location-after-char-start": 0,
      "location-after-char-end": 0,
      "node-str": "public"
    },
    {
      "type": "insert-node",
      "node": {
        "label": "app",
        "type": "Parameter"
      },
      "location-after-char-start": 3873,
      "location-after-char-end": 3895,
      "node-str": "app"
    },
    {
      "type": "insert-node",
      "node": {
        "label": "beanType",
        "type": "Parameter"
      },
      "location-after-char-start": 3898,
      "location-after-char-end": 3910,
      "node-str": "beanType"
    },
    {
      "type": "insert-node",
      "node": {
        "label": "\u003d",
        "type": "Assignment"
      },
      "location-after-char-start": 3921,
      "location-after-char-end": 3938,
      "node-str": "\u003d"
    },
    {
      "type": "insert-node",
      "node": {
        "label": "\u003d",
        "type": "Assignment"
      },
      "location-after-char-start": 3948,
      "location-after-char-end": 3972,
      "node-str": "\u003d"
    },
    {
      "type": "insert-node",
      "node": {
        "label": "boolean",
        "type": "RETURN_TYPE"
      },
      "location-after-char-start": 0,
      "location-after-char-end": 0,
      "node-str": "boolean"
    },
    {
      "type": "insert-node",
      "node": {
        "label": "public",
        "type": "Modifier"
      },
      "location-after-char-start": 0,
      "location-after-char-end": 0,
      "node-str": "public"
    },
    {
      "type": "insert-node",
      "node": {
        "label": "return",
        "type": "Return"
      },
      "location-after-char-start": 4082,
      "location-after-char-end": 4113,
      "node-str": "return"
    },
    {
      "type": "insert-node",
      "node": {
        "label": "boolean",
        "type": "RETURN_TYPE"
      },
      "location-after-char-start": 0,
      "location-after-char-end": 0,
      "node-str": "boolean"
    },
    {
      "type": "insert-node",
      "node": {
        "label": "public",
        "type": "Modifier"
      },
      "location-after-char-start": 0,
      "location-after-char-end": 0,
      "node-str": "public"
    },
    {
      "type": "insert-node",
      "node": {
        "label": "return",
        "type": "Return"
      },
      "location-after-char-start": 4157,
      "location-after-char-end": 4184,
      "node-str": "return"
    },
    {
      "type": "insert-node",
      "node": {
        "label": "boolean",
        "type": "RETURN_TYPE"
      },
      "location-after-char-start": 0,
      "location-after-char-end": 0,
      "node-str": "boolean"
    },
    {
      "type": "insert-node",
      "node": {
        "label": "public",
        "type": "Modifier"
      },
      "location-after-char-start": 0,
      "location-after-char-end": 0,
      "node-str": "public"
    },
    {
      "type": "insert-node",
      "node": {
        "label": "return",
        "type": "Return"
      },
      "location-after-char-start": 4218,
      "location-after-char-end": 4248,
      "node-str": "return"
    },
    {
      "type": "insert-node",
      "node": {
        "label": "org.jboss.metadata.SecurityIdentityMetaData",
        "type": "RETURN_TYPE"
      },
      "location-after-char-start": 0,
      "location-after-char-end": 0,
      "node-str": "org.jboss.metadata.SecurityIdentityMetaData"
    },
    {
      "type": "insert-node",
      "node": {
        "label": "return",
        "type": "Return"
      },
      "location-after-char-start": 6004,
      "location-after-char-end": 6027,
      "node-str": "return"
    },
    {
      "type": "insert-node",
      "node": {
        "label": "java.lang.String",
        "type": "RETURN_TYPE"
      },
      "location-after-char-start": 0,
      "location-after-char-end": 0,
      "node-str": "java.lang.String"
    },
    {
      "type": "insert-node",
      "node": {
        "label": "abstract",
        "type": "Modifier"
      },
      "location-after-char-start": 0,
      "location-after-char-end": 0,
      "node-str": "abstract"
    },
    {
      "type": "insert-node",
      "node": {
        "label": "public",
        "type": "Modifier"
      },
      "location-after-char-start": 0,
      "location-after-char-end": 0,
      "node-str": "public"
    },
    {
      "type": "insert-node",
      "node": {
        "label": "java.util.Iterator",
        "type": "RETURN_TYPE"
      },
      "location-after-char-start": 0,
      "location-after-char-end": 0,
      "node-str": "java.util.Iterator"
    },
    {
      "type": "insert-node",
      "node": {
        "label": "public",
        "type": "Modifier"
      },
      "location-after-char-start": 0,
      "location-after-char-end": 0,
      "node-str": "public"
    },
    {
      "type": "insert-node",
      "node": {
        "label": "return",
        "type": "Return"
      },
      "location-after-char-start": 6378,
      "location-after-char-end": 6411,
      "node-str": "return"
    },
    {
      "type": "insert-node",
      "node": {
        "label": "void",
        "type": "RETURN_TYPE"
      },
      "location-after-char-start": 0,
      "location-after-char-end": 0,
      "node-str": "void"
    },
    {
      "type": "insert-node",
      "node": {
        "label": "public",
        "type": "Modifier"
      },
      "location-after-char-start": 0,
      "location-after-char-end": 0,
      "node-str": "public"
    },
    {
      "type": "insert-node",
      "node": {
        "label": "method",
        "type": "Parameter"
      },
      "location-after-char-start": 6643,
      "location-after-char-end": 6663,
      "node-str": "method"
    },
    {
      "type": "insert-node",
      "node": {
        "label": "add",
        "type": "Invocation"
      },
      "location-after-char-start": 6671,
      "location-after-char-end": 6698,
      "node-str": "add"
    },
    {
      "type": "insert-node",
      "node": {
        "label": "securityIdentityElement",
        "type": "LocalVariable"
      },
      "location-after-char-start": 10115,
      "location-after-char-end": 10195,
      "node-str": "securityIdentityElement"
    },
    {
      "type": "insert-node",
      "node": {
        "label": "if",
        "type": "If"
      },
      "location-after-char-start": 10205,
      "location-after-char-end": 10395,
      "node-str": "if"
    },
    {
      "type": "insert-node",
      "node": {
        "label": "\u003d",
        "type": "Assignment"
      },
      "location-after-char-start": 10858,
      "location-after-char-end": 10918,
      "node-str": "\u003d"
    },
    {
      "type": "insert-node",
      "node": {
        "label": "while",
        "type": "While"
      },
      "location-after-char-start": 10928,
      "location-after-char-end": 11211,
      "node-str": "while"
    },
    {
      "type": "insert-node",
      "node": {
        "label": "\u003d",
        "type": "Assignment"
      },
      "location-after-char-start": 12699,
      "location-after-char-end": 12759,
      "node-str": "\u003d"
    },
    {
      "type": "insert-node",
      "node": {
        "label": "while",
        "type": "While"
      },
      "location-after-char-start": 12769,
      "location-after-char-end": 13305,
      "node-str": "while"
    },
    {
      "type": "insert-node",
      "node": {
        "label": "org.jboss.metadata.ApplicationMetaData",
        "type": "VARIABLE_TYPE"
      },
      "location-after-char-start": 0,
      "location-after-char-end": 0,
      "node-str": "org.jboss.metadata.ApplicationMetaData"
    },
    {
      "type": "insert-node",
      "node": {
        "label": "char",
        "type": "VARIABLE_TYPE"
      },
      "location-after-char-start": 0,
      "location-after-char-end": 0,
      "node-str": "char"
    },
    {
      "type": "insert-node",
      "node": {
        "label": "application",
        "type": "FieldWrite"
      },
      "location-after-char-start": 3921,
      "location-after-char-end": 3931,
      "node-str": "application"
    },
    {
      "type": "insert-node",
      "node": {
        "label": "app",
        "type": "VariableRead"
      },
      "location-after-char-start": 3935,
      "location-after-char-end": 3937,
      "node-str": "app"
    },
    {
      "type": "insert-node",
      "node": {
        "label": "beanType",
        "type": "FieldWrite"
      },
      "location-after-char-start": 3948,
      "location-after-char-end": 3960,
      "node-str": "beanType"
    },
    {
      "type": "insert-node",
      "node": {
        "label": "beanType",
        "type": "VariableRead"
      },
      "location-after-char-start": 3964,
      "location-after-char-end": 3971,
      "node-str": "beanType"
    },
    {
      "type": "insert-node",
      "node": {
        "label": "EQ",
        "type": "BinaryOperator"
      },
      "location-after-char-start": 4089,
      "location-after-char-end": 4112,
      "node-str": "EQ"
    },
    {
      "type": "insert-node",
      "node": {
        "label": "EQ",
        "type": "BinaryOperator"
      },
      "location-after-char-start": 4164,
      "location-after-char-end": 4183,
      "node-str": "EQ"
    },
    {
      "type": "insert-node",
      "node": {
        "label": "EQ",
        "type": "BinaryOperator"
      },
      "location-after-char-start": 4225,
      "location-after-char-end": 4247,
      "node-str": "EQ"
    },
    {
      "type": "insert-node",
      "node": {
        "label": "securityIdentity",
        "type": "FieldRead"
      },
      "location-after-char-start": 6011,
      "location-after-char-end": 6026,
      "node-str": "securityIdentity"
    },
    {
      "type": "insert-node",
      "node": {
        "label": "iterator",
        "type": "Invocation"
      },
      "location-after-char-start": 6385,
      "location-after-char-end": 6410,
      "node-str": "iterator"
    },
    {
      "type": "insert-node",
      "node": {
        "label": "org.jboss.metadata.MethodMetaData",
        "type": "VARIABLE_TYPE"
      },
      "location-after-char-start": 0,
      "location-after-char-end": 0,
      "node-str": "org.jboss.metadata.MethodMetaData"
    },
    {
      "type": "insert-node",
      "node": {
        "label": "excludedMethods",
        "type": "FieldRead"
      },
      "location-after-char-start": 6671,
      "location-after-char-end": 6685,
      "node-str": "excludedMethods"
    },
    {
      "type": "insert-node",
      "node": {
        "label": "method",
        "type": "VariableRead"
      },
      "location-after-char-start": 6691,
      "location-after-char-end": 6696,
      "node-str": "method"
    },
    {
      "type": "insert-node",
      "node": {
        "label": "EQ",
        "type": "BinaryOperator"
      },
      "location-after-char-start": 8082,
      "location-after-char-end": 8107,
      "node-str": "EQ"
    },
    {
      "type": "insert-node",
      "node": {
        "label": "org.w3c.dom.Element",
        "type": "VARIABLE_TYPE"
      },
      "location-after-char-start": 0,
      "location-after-char-end": 0,
      "node-str": "org.w3c.dom.Element"
    },
    {
      "type": "insert-node",
      "node": {
        "label": "getOptionalChild",
        "type": "Invocation"
      },
      "location-after-char-start": 10149,
      "location-after-char-end": 10194,
      "node-str": "getOptionalChild"
    },
    {
      "type": "insert-node",
      "node": {
        "label": "NE",
        "type": "BinaryOperator"
      },
      "location-after-char-start": 10209,
      "location-after-char-end": 10239,
      "node-str": "NE"
    },
    {
      "type": "insert-node",
      "node": {
        "label": "THEN",
        "type": "then"
      },
      "location-after-char-start": 10251,
      "location-after-char-end": 10395,
      "node-str": "THEN"
    },
    {
      "type": "insert-node",
      "node": {
        "label": "iterator",
        "type": "VariableWrite"
      },
      "location-after-char-start": 10858,
      "location-after-char-end": 10865,
      "node-str": "iterator"
    },
    {
      "type": "insert-node",
      "node": {
        "label": "getChildrenByTagName",
        "type": "Invocation"
      },
      "location-after-char-start": 10869,
      "location-after-char-end": 10917,
      "node-str": "getChildrenByTagName"
    },
    {
      "type": "insert-node",
      "node": {
        "label": "hasNext",
        "type": "Invocation"
      },
      "location-after-char-start": 10935,
      "location-after-char-end": 10952,
      "node-str": "hasNext"
    },
    {
      "type": "insert-node",
      "node": {
        "label": "resourceRef",
        "type": "LocalVariable"
      },
      "location-after-char-start": 10969,
      "location-after-char-end": 11016,
      "node-str": "resourceRef"
    },
    {
      "type": "insert-node",
      "node": {
        "label": "refMetaData",
        "type": "LocalVariable"
      },
      "location-after-char-start": 11022,
      "location-after-char-end": 11087,
      "node-str": "refMetaData"
    },
    {
      "type": "insert-node",
      "node": {
        "label": "importEjbJarXml",
        "type": "Invocation"
      },
      "location-after-char-start": 11092,
      "location-after-char-end": 11132,
      "node-str": "importEjbJarXml"
    },
    {
      "type": "insert-node",
      "node": {
        "label": "put",
        "type": "Invocation"
      },
      "location-after-char-start": 11137,
      "location-after-char-end": 11201,
      "node-str": "put"
    },
    {
      "type": "insert-node",
      "node": {
        "label": "iterator",
        "type": "VariableWrite"
      },
      "location-after-char-start": 12699,
      "location-after-char-end": 12706,
      "node-str": "iterator"
    },
    {
      "type": "insert-node",
      "node": {
        "label": "getChildrenByTagName",
        "type": "Invocation"
      },
      "location-after-char-start": 12710,
      "location-after-char-end": 12758,
      "node-str": "getChildrenByTagName"
    },
    {
      "type": "insert-node",
      "node": {
        "label": "hasNext",
        "type": "Invocation"
      },
      "location-after-char-start": 12776,
      "location-after-char-end": 12793,
      "node-str": "hasNext"
    },
    {
      "type": "insert-node",
      "node": {
        "label": "resourceRef",
        "type": "LocalVariable"
      },
      "location-after-char-start": 12810,
      "location-after-char-end": 12857,
      "node-str": "resourceRef"
    },
    {
      "type": "insert-node",
      "node": {
        "label": "resRefName",
        "type": "LocalVariable"
      },
      "location-after-char-start": 12863,
      "location-after-char-end": 12945,
      "node-str": "resRefName"
    },
    {
      "type": "insert-node",
      "node": {
        "label": "refMetaData",
        "type": "LocalVariable"
      },
      "location-after-char-start": 12950,
      "location-after-char-end": 13049,
      "node-str": "refMetaData"
    },
    {
      "type": "insert-node",
      "node": {
        "label": "if",
        "type": "If"
      },
      "location-after-char-start": 13063,
      "location-after-char-end": 13242,
      "node-str": "if"
    },
    {
      "type": "insert-node",
      "node": {
        "label": "importJbossXml",
        "type": "Invocation"
      },
      "location-after-char-start": 13256,
      "location-after-char-end": 13295,
      "node-str": "importJbossXml"
    },
    {
      "type": "insert-node",
      "node": {
        "label": "org.jboss.metadata.BeanMetaData",
        "type": "TypeAccess"
      },
      "location-after-char-start": 0,
      "location-after-char-end": 0,
      "node-str": "org.jboss.metadata.BeanMetaData"
    },
    {
      "type": "insert-node",
      "node": {
        "label": "this",
        "type": "ThisAccess"
      },
      "location-after-char-start": 3948,
      "location-after-char-end": 3951,
      "node-str": "this"
    },
    {
      "type": "insert-node",
      "node": {
        "label": "beanType",
        "type": "FieldRead"
      },
      "location-after-char-start": 4089,
      "location-after-char-end": 4096,
      "node-str": "beanType"
    },
    {
      "type": "insert-node",
      "node": {
        "label": "SESSION_TYPE",
        "type": "FieldRead"
      },
      "location-after-char-start": 4101,
      "location-after-char-end": 4112,
      "node-str": "SESSION_TYPE"
    },
    {
      "type": "insert-node",
      "node": {
        "label": "beanType",
        "type": "FieldRead"
      },
      "location-after-char-start": 4164,
      "location-after-char-end": 4171,
      "node-str": "beanType"
    },
    {
      "type": "insert-node",
      "node": {
        "label": "MDB_TYPE",
        "type": "FieldRead"
      },
      "location-after-char-start": 4176,
      "location-after-char-end": 4183,
      "node-str": "MDB_TYPE"
    },
    {
      "type": "insert-node",
      "node": {
        "label": "beanType",
        "type": "FieldRead"
      },
      "location-after-char-start": 4225,
      "location-after-char-end": 4232,
      "node-str": "beanType"
    },
    {
      "type": "insert-node",
      "node": {
        "label": "ENTITY_TYPE",
        "type": "FieldRead"
      },
      "location-after-char-start": 4237,
      "location-after-char-end": 4247,
      "node-str": "ENTITY_TYPE"
    },
    {
      "type": "insert-node",
      "node": {
        "label": "org.jboss.metadata.BeanMetaData",
        "type": "TypeAccess"
      },
      "location-after-char-start": 0,
      "location-after-char-end": 0,
      "node-str": "org.jboss.metadata.BeanMetaData"
    },
    {
      "type": "insert-node",
      "node": {
        "label": "excludedMethods",
        "type": "FieldRead"
      },
      "location-after-char-start": 6385,
      "location-after-char-end": 6399,
      "node-str": "excludedMethods"
    },
    {
      "type": "insert-node",
      "node": {
        "label": "org.jboss.metadata.BeanMetaData",
        "type": "TypeAccess"
      },
      "location-after-char-start": 0,
      "location-after-char-end": 0,
      "node-str": "org.jboss.metadata.BeanMetaData"
    },
    {
      "type": "insert-node",
      "node": {
        "label": "isMessageDriven",
        "type": "Invocation"
      },
      "location-after-char-start": 8082,
      "location-after-char-end": 8098,
      "node-str": "isMessageDriven"
    },
    {
      "type": "insert-node",
      "node": {
        "label": "false",
        "type": "Literal"
      },
      "location-after-char-start": 8103,
      "location-after-char-end": 8107,
      "node-str": "false"
    },
    {
      "type": "insert-node",
      "node": {
        "label": "org.jboss.metadata.BeanMetaData",
        "type": "TypeAccess"
      },
      "location-after-char-start": 0,
      "location-after-char-end": 0,
      "node-str": "org.jboss.metadata.BeanMetaData"
    },
    {
      "type": "insert-node",
      "node": {
        "label": "element",
        "type": "VariableRead"
      },
      "location-after-char-start": 10166,
      "location-after-char-end": 10172,
      "node-str": "element"
    },
    {
      "type": "insert-node",
      "node": {
        "label": "\"security-identity\"",
        "type": "Literal"
      },
      "location-after-char-start": 10175,
      "location-after-char-end": 10193,
      "node-str": "\"security-identity\""
    },
    {
      "type": "insert-node",
      "node": {
        "label": "securityIdentityElement",
        "type": "VariableRead"
      },
      "location-after-char-start": 10209,
      "location-after-char-end": 10231,
      "node-str": "securityIdentityElement"
    },
    {
      "type": "insert-node",
      "node": {
        "label": "null",
        "type": "Literal"
      },
      "location-after-char-start": 10236,
      "location-after-char-end": 10239,
      "node-str": "null"
    },
    {
      "type": "insert-node",
      "node": {
        "label": "\u003d",
        "type": "Assignment"
      },
      "location-after-char-start": 10265,
      "location-after-char-end": 10314,
      "node-str": "\u003d"
    },
    {
      "type": "insert-node",
      "node": {
        "label": "importEjbJarXml",
        "type": "Invocation"
      },
      "location-after-char-start": 10328,
      "location-after-char-end": 10385,
      "node-str": "importEjbJarXml"
    },
    {
      "type": "insert-node",
      "node": {
        "label": "org.jboss.metadata.BeanMetaData",
        "type": "TypeAccess"
      },
      "location-after-char-start": 0,
      "location-after-char-end": 0,
      "node-str": "org.jboss.metadata.BeanMetaData"
    },
    {
      "type": "insert-node",
      "node": {
        "label": "element",
        "type": "VariableRead"
      },
      "location-after-char-start": 10890,
      "location-after-char-end": 10896,
      "node-str": "element"
    },
    {
      "type": "insert-node",
      "node": {
        "label": "\"resource-env-ref\"",
        "type": "Literal"
      },
      "location-after-char-start": 10899,
      "location-after-char-end": 10916,
      "node-str": "\"resource-env-ref\""
    },
    {
      "type": "insert-node",
      "node": {
        "label": "iterator",
        "type": "VariableRead"
      },
      "location-after-char-start": 10935,
      "location-after-char-end": 10942,
      "node-str": "iterator"
    },
    {
      "type": "insert-node",
      "node": {
        "label": "org.w3c.dom.Element",
        "type": "VARIABLE_TYPE"
      },
      "location-after-char-start": 0,
      "location-after-char-end": 0,
      "node-str": "org.w3c.dom.Element"
    },
    {
      "type": "insert-node",
      "node": {
        "label": "next",
        "type": "Invocation"
      },
      "location-after-char-start": 10991,
      "location-after-char-end": 11015,
      "node-str": "next"
    },
    {
      "type": "insert-node",
      "node": {
        "label": "org.jboss.metadata.ResourceEnvRefMetaData",
        "type": "VARIABLE_TYPE"
      },
      "location-after-char-start": 0,
      "location-after-char-end": 0,
      "node-str": "org.jboss.metadata.ResourceEnvRefMetaData"
    },
    {
      "type": "insert-node",
      "node": {
        "label": "org.jboss.metadata.ResourceEnvRefMetaData()",
        "type": "ConstructorCall"
      },
      "location-after-char-start": 11059,
      "location-after-char-end": 11086,
      "node-str": "org.jboss.metadata.ResourceEnvRefMetaData()"
    },
    {
      "type": "insert-node",
      "node": {
        "label": "refMetaData",
        "type": "VariableRead"
      },
      "location-after-char-start": 11092,
      "location-after-char-end": 11102,
      "node-str": "refMetaData"
    },
    {
      "type": "insert-node",
      "node": {
        "label": "resourceRef",
        "type": "VariableRead"
      },
      "location-after-char-start": 11120,
      "location-after-char-end": 11130,
      "node-str": "resourceRef"
    },
    {
      "type": "insert-node",
      "node": {
        "label": "resourceEnvReferences",
        "type": "FieldRead"
      },
      "location-after-char-start": 11137,
      "location-after-char-end": 11157,
      "node-str": "resourceEnvReferences"
    },
    {
      "type": "insert-node",
      "node": {
        "label": "getRefName",
        "type": "Invocation"
      },
      "location-after-char-start": 11163,
      "location-after-char-end": 11186,
      "node-str": "getRefName"
    },
    {
      "type": "insert-node",
      "node": {
        "label": "refMetaData",
        "type": "VariableRead"
      },
      "location-after-char-start": 11189,
      "location-after-char-end": 11199,
      "node-str": "refMetaData"
    },
    {
      "type": "insert-node",
      "node": {
        "label": "org.jboss.metadata.BeanMetaData",
        "type": "TypeAccess"
      },
      "location-after-char-start": 0,
      "location-after-char-end": 0,
      "node-str": "org.jboss.metadata.BeanMetaData"
    },
    {
      "type": "insert-node",
      "node": {
        "label": "element",
        "type": "VariableRead"
      },
      "location-after-char-start": 12731,
      "location-after-char-end": 12737,
      "node-str": "element"
    },
    {
      "type": "insert-node",
      "node": {
        "label": "\"resource-env-ref\"",
        "type": "Literal"
      },
      "location-after-char-start": 12740,
      "location-after-char-end": 12757,
      "node-str": "\"resource-env-ref\""
    },
    {
      "type": "insert-node",
      "node": {
        "label": "iterator",
        "type": "VariableRead"
      },
      "location-after-char-start": 12776,
      "location-after-char-end": 12783,
      "node-str": "iterator"
    },
    {
      "type": "insert-node",
      "node": {
        "label": "org.w3c.dom.Element",
        "type": "VARIABLE_TYPE"
      },
      "location-after-char-start": 0,
      "location-after-char-end": 0,
      "node-str": "org.w3c.dom.Element"
    },
    {
      "type": "insert-node",
      "node": {
        "label": "next",
        "type": "Invocation"
      },
      "location-after-char-start": 12832,
      "location-after-char-end": 12856,
      "node-str": "next"
    },
    {
      "type": "insert-node",
      "node": {
        "label": "java.lang.String",
        "type": "VARIABLE_TYPE"
      },
      "location-after-char-start": 0,
      "location-after-char-end": 0,
      "node-str": "java.lang.String"
    },
    {
      "type": "insert-node",
      "node": {
        "label": "getElementContent",
        "type": "Invocation"
      },
      "location-after-char-start": 12883,
      "location-after-char-end": 12944,
      "node-str": "getElementContent"
    },
    {
      "type": "insert-node",
      "node": {
        "label": "org.jboss.metadata.ResourceEnvRefMetaData",
        "type": "VARIABLE_TYPE"
      },
      "location-after-char-start": 0,
      "location-after-char-end": 0,
      "node-str": "org.jboss.metadata.ResourceEnvRefMetaData"
    },
    {
      "type": "insert-node",
      "node": {
        "label": "get",
        "type": "Invocation"
      },
      "location-after-char-start": 12987,
      "location-after-char-end": 13048,
      "node-str": "get"
    },
    {
      "type": "insert-node",
      "node": {
        "label": "EQ",
        "type": "BinaryOperator"
      },
      "location-after-char-start": 13067,
      "location-after-char-end": 13085,
      "node-str": "EQ"
    },
    {
      "type": "insert-node",
      "node": {
        "label": "THEN",
        "type": "then"
      },
      "location-after-char-start": 13100,
      "location-after-char-end": 13242,
      "node-str": "THEN"
    },
    {
      "type": "insert-node",
      "node": {
        "label": "refMetaData",
        "type": "VariableRead"
      },
      "location-after-char-start": 13256,
      "location-after-char-end": 13266,
      "node-str": "refMetaData"
    },
    {
      "type": "insert-node",
      "node": {
        "label": "resourceRef",
        "type": "VariableRead"
      },
      "location-after-char-start": 13283,
      "location-after-char-end": 13293,
      "node-str": "resourceRef"
    },
    {
      "type": "insert-node",
      "node": {
        "label": "org.jboss.metadata.BeanMetaData",
        "type": "TypeAccess"
      },
      "location-after-char-start": 0,
      "location-after-char-end": 0,
      "node-str": "org.jboss.metadata.BeanMetaData"
    },
    {
      "type": "insert-node",
      "node": {
        "label": "org.jboss.metadata.BeanMetaData",
        "type": "TypeAccess"
      },
      "location-after-char-start": 0,
      "location-after-char-end": 0,
      "node-str": "org.jboss.metadata.BeanMetaData"
    },
    {
      "type": "insert-node",
      "node": {
        "label": "org.jboss.metadata.BeanMetaData",
        "type": "TypeAccess"
      },
      "location-after-char-start": 0,
      "location-after-char-end": 0,
      "node-str": "org.jboss.metadata.BeanMetaData"
    },
    {
      "type": "insert-node",
      "node": {
        "label": "org.jboss.metadata.BeanMetaData",
        "type": "TypeAccess"
      },
      "location-after-char-start": 0,
      "location-after-char-end": 0,
      "node-str": "org.jboss.metadata.BeanMetaData"
    },
    {
      "type": "insert-node",
      "node": {
        "label": "org.jboss.metadata.BeanMetaData",
        "type": "TypeAccess"
      },
      "location-after-char-start": 0,
      "location-after-char-end": 0,
      "node-str": "org.jboss.metadata.BeanMetaData"
    },
    {
      "type": "move-subtree",
      "node": {
        "label": "org.jboss.metadata.BeanMetaData",
        "type": "TypeAccess"
      },
      "location-before-char-start": 0,
      "location-before-char-end": 0,
      "location-after-char-start": 0,
      "location-after-char-end": 0,
      "node-str": "org.jboss.metadata.BeanMetaData"
    },
    {
      "type": "insert-node",
      "node": {
        "label": "securityIdentity",
        "type": "FieldWrite"
      },
      "location-after-char-start": 10265,
      "location-after-char-end": 10280,
      "node-str": "securityIdentity"
    },
    {
      "type": "insert-node",
      "node": {
        "label": "org.jboss.metadata.SecurityIdentityMetaData()",
        "type": "ConstructorCall"
      },
      "location-after-char-start": 10284,
      "location-after-char-end": 10313,
      "node-str": "org.jboss.metadata.SecurityIdentityMetaData()"
    },
    {
      "type": "insert-node",
      "node": {
        "label": "securityIdentity",
        "type": "FieldRead"
      },
      "location-after-char-start": 10328,
      "location-after-char-end": 10343,
      "node-str": "securityIdentity"
    },
    {
      "type": "insert-node",
      "node": {
        "label": "securityIdentityElement",
        "type": "VariableRead"
      },
      "location-after-char-start": 10361,
      "location-after-char-end": 10383,
      "node-str": "securityIdentityElement"
    },
    {
      "type": "insert-node",
      "node": {
        "label": "iterator",
        "type": "VariableRead"
      },
      "location-after-char-start": 11001,
      "location-after-char-end": 11008,
      "node-str": "iterator"
    },
    {
      "type": "insert-node",
      "node": {
        "label": "org.jboss.metadata.BeanMetaData",
        "type": "TypeAccess"
      },
      "location-after-char-start": 0,
      "location-after-char-end": 0,
      "node-str": "org.jboss.metadata.BeanMetaData"
    },
    {
      "type": "insert-node",
      "node": {
        "label": "refMetaData",
        "type": "VariableRead"
      },
      "location-after-char-start": 11163,
      "location-after-char-end": 11173,
      "node-str": "refMetaData"
    },
    {
      "type": "insert-node",
      "node": {
        "label": "iterator",
        "type": "VariableRead"
      },
      "location-after-char-start": 12842,
      "location-after-char-end": 12849,
      "node-str": "iterator"
    },
    {
      "type": "insert-node",
      "node": {
        "label": "org.jboss.metadata.BeanMetaData",
        "type": "TypeAccess"
      },
      "location-after-char-start": 0,
      "location-after-char-end": 0,
      "node-str": "org.jboss.metadata.BeanMetaData"
    },
    {
      "type": "insert-node",
      "node": {
        "label": "getUniqueChild",
        "type": "Invocation"
      },
      "location-after-char-start": 12901,
      "location-after-char-end": 12943,
      "node-str": "getUniqueChild"
    },
    {
      "type": "insert-node",
      "node": {
        "label": "resourceEnvReferences",
        "type": "FieldRead"
      },
      "location-after-char-start": 13012,
      "location-after-char-end": 13032,
      "node-str": "resourceEnvReferences"
    },
    {
      "type": "insert-node",
      "node": {
        "label": "resRefName",
        "type": "VariableRead"
      },
      "location-after-char-start": 13038,
      "location-after-char-end": 13047,
      "node-str": "resRefName"
    },
    {
      "type": "insert-node",
      "node": {
        "label": "refMetaData",
        "type": "VariableRead"
      },
      "location-after-char-start": 13067,
      "location-after-char-end": 13077,
      "node-str": "refMetaData"
    },
    {
      "type": "insert-node",
      "node": {
        "label": "null",
        "type": "Literal"
      },
      "location-after-char-start": 13082,
      "location-after-char-end": 13085,
      "node-str": "null"
    },
    {
      "type": "insert-node",
      "node": {
        "label": "",
        "type": "Throw"
      },
      "location-after-char-start": 13118,
      "location-after-char-end": 13228,
      "node-str": ""
    },
    {
      "type": "insert-node",
      "node": {
        "label": "org.jboss.metadata.BeanMetaData",
        "type": "TypeAccess"
      },
      "location-after-char-start": 0,
      "location-after-char-end": 0,
      "node-str": "org.jboss.metadata.BeanMetaData"
    },
    {
      "type": "insert-node",
      "node": {
        "label": "org.jboss.metadata.BeanMetaData",
        "type": "TypeAccess"
      },
      "location-after-char-start": 0,
      "location-after-char-end": 0,
      "node-str": "org.jboss.metadata.BeanMetaData"
    },
    {
      "type": "insert-node",
      "node": {
        "label": "org.jboss.metadata.BeanMetaData",
        "type": "TypeAccess"
      },
      "location-after-char-start": 0,
      "location-after-char-end": 0,
      "node-str": "org.jboss.metadata.BeanMetaData"
    },
    {
      "type": "insert-node",
      "node": {
        "label": "resourceRef",
        "type": "VariableRead"
      },
      "location-after-char-start": 12916,
      "location-after-char-end": 12926,
      "node-str": "resourceRef"
    },
    {
      "type": "insert-node",
      "node": {
        "label": "\"res-ref-name\"",
        "type": "Literal"
      },
      "location-after-char-start": 12929,
      "location-after-char-end": 12942,
      "node-str": "\"res-ref-name\""
    },
    {
      "type": "insert-node",
      "node": {
        "label": "org.jboss.metadata.BeanMetaData",
        "type": "TypeAccess"
      },
      "location-after-char-start": 0,
      "location-after-char-end": 0,
      "node-str": "org.jboss.metadata.BeanMetaData"
    },
    {
      "type": "insert-node",
      "node": {
        "label": "org.jboss.ejb.DeploymentException(java.lang.String)",
        "type": "ConstructorCall"
      },
      "location-after-char-start": 13124,
      "location-after-char-end": 13227,
      "node-str": "org.jboss.ejb.DeploymentException(java.lang.String)"
    },
    {
      "type": "insert-node",
      "node": {
        "label": "PLUS",
        "type": "BinaryOperator"
      },
      "location-after-char-start": 13148,
      "location-after-char-end": 13226,
      "node-str": "PLUS"
    },
    {
      "type": "insert-node",
      "node": {
        "label": "PLUS",
        "type": "BinaryOperator"
      },
      "location-after-char-start": 13148,
      "location-after-char-end": 13179,
      "node-str": "PLUS"
    },
    {
      "type": "insert-node",
      "node": {
        "label": "\" found in jboss.xml but not in ejb-jar.xml\"",
        "type": "Literal"
      },
      "location-after-char-start": 13183,
      "location-after-char-end": 13226,
      "node-str": "\" found in jboss.xml but not in ejb-jar.xml\""
    },
    {
      "type": "insert-node",
      "node": {
        "label": "\"resource-env-ref \"",
        "type": "Literal"
      },
      "location-after-char-start": 13148,
      "location-after-char-end": 13166,
      "node-str": "\"resource-env-ref \""
    },
    {
      "type": "insert-node",
      "node": {
        "label": "resRefName",
        "type": "VariableRead"
      },
      "location-after-char-start": 13170,
      "location-after-char-end": 13179,
      "node-str": "resRefName"
    },
    {
      "type": "delete-node",
      "node": {
        "label": "abstract",
        "type": "Modifier"
      },
      "location-before-char-start": 0,
      "location-before-char-end": 0,
      "node-str": "abstract"
    },
    {
      "type": "delete-node",
      "node": {
        "label": "public",
        "type": "Modifier"
      },
      "location-before-char-start": 0,
      "location-before-char-end": 0,
      "node-str": "public"
    },
    {
      "type": "delete-node",
      "node": {
        "label": "org.jboss.metadata.MetaData",
        "type": "SUPER_TYPE"
      },
      "location-before-char-start": 0,
      "location-before-char-end": 0,
      "node-str": "org.jboss.metadata.MetaData"
    },
    {
      "type": "delete-node",
      "node": {
        "label": "",
        "type": "TypeReference"
      },
      "location-before-char-start": 712,
      "location-before-char-end": 719,
      "node-str": ""
    },
    {
      "type": "delete-node",
      "node": {
        "label": "org.jboss.metadata.ApplicationMetaData",
        "type": "VARIABLE_TYPE"
      },
      "location-before-char-start": 0,
      "location-before-char-end": 0,
      "node-str": "org.jboss.metadata.ApplicationMetaData"
    },
    {
      "type": "delete-node",
      "node": {
        "label": "application",
        "type": "Field"
      },
      "location-before-char-start": 727,
      "location-before-char-end": 904,
      "node-str": "application"
    },
    {
      "type": "delete-node",
      "node": {
        "label": "java.lang.String",
        "type": "VARIABLE_TYPE"
      },
      "location-before-char-start": 0,
      "location-before-char-end": 0,
      "node-str": "java.lang.String"
    },
    {
      "type": "delete-node",
      "node": {
        "label": "ejbName",
        "type": "Field"
      },
      "location-before-char-start": 912,
      "location-before-char-end": 955,
      "node-str": "ejbName"
    },
    {
      "type": "delete-node",
      "node": {
        "label": "java.lang.String",
        "type": "VARIABLE_TYPE"
      },
      "location-before-char-start": 0,
      "location-before-char-end": 0,
      "node-str": "java.lang.String"
    },
    {
      "type": "delete-node",
      "node": {
        "label": "homeClass",
        "type": "Field"
      },
      "location-before-char-start": 958,
      "location-before-char-end": 982,
      "node-str": "homeClass"
    },
    {
      "type": "delete-node",
      "node": {
        "label": "java.lang.String",
        "type": "VARIABLE_TYPE"
      },
      "location-before-char-start": 0,
      "location-before-char-end": 0,
      "node-str": "java.lang.String"
    },
    {
      "type": "delete-node",
      "node": {
        "label": "remoteClass",
        "type": "Field"
      },
      "location-before-char-start": 988,
      "location-before-char-end": 1014,
      "node-str": "remoteClass"
    },
    {
      "type": "delete-node",
      "node": {
        "label": "java.lang.String",
        "type": "VARIABLE_TYPE"
      },
      "location-before-char-start": 0,
      "location-before-char-end": 0,
      "node-str": "java.lang.String"
    },
    {
      "type": "delete-node",
      "node": {
        "label": "localHomeClass",
        "type": "Field"
      },
      "location-before-char-start": 1020,
      "location-before-char-end": 1049,
      "node-str": "localHomeClass"
    },
    {
      "type": "delete-node",
      "node": {
        "label": "java.lang.String",
        "type": "VARIABLE_TYPE"
      },
      "location-before-char-start": 0,
      "location-before-char-end": 0,
      "node-str": "java.lang.String"
    },
    {
      "type": "delete-node",
      "node": {
        "label": "localClass",
        "type": "Field"
      },
      "location-before-char-start": 1055,
      "location-before-char-end": 1080,
      "node-str": "localClass"
    },
    {
      "type": "delete-node",
      "node": {
        "label": "java.lang.String",
        "type": "VARIABLE_TYPE"
      },
      "location-before-char-start": 0,
      "location-before-char-end": 0,
      "node-str": "java.lang.String"
    },
    {
      "type": "delete-node",
      "node": {
        "label": "ejbClass",
        "type": "Field"
      },
      "location-before-char-start": 1086,
      "location-before-char-end": 1109,
      "node-str": "ejbClass"
    },
    {
      "type": "delete-node",
      "node": {
        "label": "boolean",
        "type": "VARIABLE_TYPE"
      },
      "location-before-char-start": 0,
      "location-before-char-end": 0,
      "node-str": "boolean"
    },
    {
      "type": "delete-node",
      "node": {
        "label": "protected",
        "type": "Modifier"
      },
      "location-before-char-start": 0,
      "location-before-char-end": 0,
      "node-str": "protected"
    },
    {
      "type": "delete-node",
      "node": {
        "label": "session",
        "type": "Field"
      },
      "location-before-char-start": 1115,
      "location-before-char-end": 1140,
      "node-str": "session"
    },
    {
      "type": "delete-node",
      "node": {
        "label": "boolean",
        "type": "VARIABLE_TYPE"
      },
      "location-before-char-start": 0,
      "location-before-char-end": 0,
      "node-str": "boolean"
    },
    {
      "type": "delete-node",
      "node": {
        "label": "protected",
        "type": "Modifier"
      },
      "location-before-char-start": 0,
      "location-before-char-end": 0,
      "node-str": "protected"
    },
    {
      "type": "delete-node",
      "node": {
        "label": "false",
        "type": "Literal"
      },
      "location-before-char-start": 1180,
      "location-before-char-end": 1184,
      "node-str": "false"
    },
    {
      "type": "delete-node",
      "node": {
        "label": "messageDriven",
        "type": "Field"
      },
      "location-before-char-start": 1146,
      "location-before-char-end": 1185,
      "node-str": "messageDriven"
    },
    {
      "type": "delete-node",
      "node": {
        "label": "java.util.HashMap",
        "type": "VARIABLE_TYPE"
      },
      "location-before-char-start": 0,
      "location-before-char-end": 0,
      "node-str": "java.util.HashMap"
    },
    {
      "type": "delete-node",
      "node": {
        "label": "java.util.HashMap()",
        "type": "ConstructorCall"
      },
      "location-before-char-start": 1222,
      "location-before-char-end": 1234,
      "node-str": "java.util.HashMap()"
    },
    {
      "type": "delete-node",
      "node": {
        "label": "ejbReferences",
        "type": "Field"
      },
      "location-before-char-start": 1190,
      "location-before-char-end": 1235,
      "node-str": "ejbReferences"
    },
    {
      "type": "delete-node",
      "node": {
        "label": "java.util.HashMap",
        "type": "VARIABLE_TYPE"
      },
      "location-before-char-start": 0,
      "location-before-char-end": 0,
      "node-str": "java.util.HashMap"
    },
    {
      "type": "delete-node",
      "node": {
        "label": "java.util.HashMap()",
        "type": "ConstructorCall"
      },
      "location-before-char-start": 1282,
      "location-before-char-end": 1294,
      "node-str": "java.util.HashMap()"
    },
    {
      "type": "delete-node",
      "node": {
        "label": "ejbLocalReferences",
        "type": "Field"
      },
      "location-before-char-start": 1245,
      "location-before-char-end": 1295,
      "node-str": "ejbLocalReferences"
    },
    {
      "type": "delete-node",
      "node": {
        "label": "java.util.ArrayList",
        "type": "VARIABLE_TYPE"
      },
      "location-before-char-start": 0,
      "location-before-char-end": 0,
      "node-str": "java.util.ArrayList"
    },
    {
      "type": "delete-node",
      "node": {
        "label": "java.util.ArrayList()",
        "type": "ConstructorCall"
      },
      "location-before-char-start": 1337,
      "location-before-char-end": 1351,
      "node-str": "java.util.ArrayList()"
    },
    {
      "type": "delete-node",
      "node": {
        "label": "environmentEntries",
        "type": "Field"
      },
      "location-before-char-start": 1298,
      "location-before-char-end": 1352,
      "node-str": "environmentEntries"
    },
    {
      "type": "delete-node",
      "node": {
        "label": "java.util.ArrayList",
        "type": "VARIABLE_TYPE"
      },
      "location-before-char-start": 0,
      "location-before-char-end": 0,
      "node-str": "java.util.ArrayList"
    },
    {
      "type": "delete-node",
      "node": {
        "label": "java.util.ArrayList()",
        "type": "ConstructorCall"
      },
      "location-before-char-start": 1401,
      "location-before-char-end": 1415,
      "node-str": "java.util.ArrayList()"
    },
    {
      "type": "delete-node",
      "node": {
        "label": "securityRoleReferences",
        "type": "Field"
      },
      "location-before-char-start": 1358,
      "location-before-char-end": 1416,
      "node-str": "securityRoleReferences"
    },
    {
      "type": "delete-node",
      "node": {
        "label": "java.util.HashMap",
        "type": "VARIABLE_TYPE"
      },
      "location-before-char-start": 0,
      "location-before-char-end": 0,
      "node-str": "java.util.HashMap"
    },
    {
      "type": "delete-node",
      "node": {
        "label": "java.util.HashMap()",
        "type": "ConstructorCall"
      },
      "location-before-char-start": 1456,
      "location-before-char-end": 1468,
      "node-str": "java.util.HashMap()"
    },
    {
      "type": "delete-node",
      "node": {
        "label": "resourceReferences",
        "type": "Field"
      },
      "location-before-char-start": 1419,
      "location-before-char-end": 1469,
      "node-str": "resourceReferences"
    },
    {
      "type": "delete-node",
      "node": {
        "label": "java.util.ArrayList",
        "type": "VARIABLE_TYPE"
      },
      "location-before-char-start": 0,
      "location-before-char-end": 0,
      "node-str": "java.util.ArrayList"
    },
    {
      "type": "delete-node",
      "node": {
        "label": "java.util.ArrayList()",
        "type": "ConstructorCall"
      },
      "location-before-char-start": 1512,
      "location-before-char-end": 1526,
      "node-str": "java.util.ArrayList()"
    },
    {
      "type": "delete-node",
      "node": {
        "label": "permissionMethods",
        "type": "Field"
      },
      "location-before-char-start": 1474,
      "location-before-char-end": 1527,
      "node-str": "permissionMethods"
    },
    {
      "type": "delete-node",
      "node": {
        "label": "java.util.ArrayList",
        "type": "VARIABLE_TYPE"
      },
      "location-before-char-start": 0,
      "location-before-char-end": 0,
      "node-str": "java.util.ArrayList"
    },
    {
      "type": "delete-node",
      "node": {
        "label": "java.util.ArrayList()",
        "type": "ConstructorCall"
      },
      "location-before-char-start": 1569,
      "location-before-char-end": 1583,
      "node-str": "java.util.ArrayList()"
    },
    {
      "type": "delete-node",
      "node": {
        "label": "transactionMethods",
        "type": "Field"
      },
      "location-before-char-start": 1530,
      "location-before-char-end": 1584,
      "node-str": "transactionMethods"
    },
    {
      "type": "delete-node",
      "node": {
        "label": "java.lang.String",
        "type": "VARIABLE_TYPE"
      },
      "location-before-char-start": 0,
      "location-before-char-end": 0,
      "node-str": "java.lang.String"
    },
    {
      "type": "delete-node",
      "node": {
        "label": "jndiName",
        "type": "Field"
      },
      "location-before-char-start": 1589,
      "location-before-char-end": 1631,
      "node-str": "jndiName"
    },
    {
      "type": "delete-node",
      "node": {
        "label": "java.lang.String",
        "type": "VARIABLE_TYPE"
      },
      "location-before-char-start": 0,
      "location-before-char-end": 0,
      "node-str": "java.lang.String"
    },
    {
      "type": "delete-node",
      "node": {
        "label": "protected",
        "type": "Modifier"
      },
      "location-before-char-start": 0,
      "location-before-char-end": 0,
      "node-str": "protected"
    },
    {
      "type": "delete-node",
      "node": {
        "label": "configurationName",
        "type": "Field"
      },
      "location-before-char-start": 1634,
      "location-before-char-end": 1668,
      "node-str": "configurationName"
    },
    {
      "type": "delete-node",
      "node": {
        "label": "org.jboss.metadata.ConfigurationMetaData",
        "type": "VARIABLE_TYPE"
      },
      "location-before-char-start": 0,
      "location-before-char-end": 0,
      "node-str": "org.jboss.metadata.ConfigurationMetaData"
    },
    {
      "type": "delete-node",
      "node": {
        "label": "configuration",
        "type": "Field"
      },
      "location-before-char-start": 1671,
      "location-before-char-end": 1714,
      "node-str": "configuration"
    },
    {
      "type": "delete-node",
      "node": {
        "label": "java.lang.String",
        "type": "VARIABLE_TYPE"
      },
      "location-before-char-start": 0,
      "location-before-char-end": 0,
      "node-str": "java.lang.String"
    },
    {
      "type": "delete-node",
      "node": {
        "label": "securityProxy",
        "type": "Field"
      },
      "location-before-char-start": 1720,
      "location-before-char-end": 1748,
      "node-str": "securityProxy"
    },
    {
      "type": "delete-node",
      "node": {
        "label": "public",
        "type": "Modifier"
      },
      "location-before-char-start": 0,
      "location-before-char-end": 0,
      "node-str": "public"
    },
    {
      "type": "delete-node",
      "node": {
        "label": "org.jboss.metadata.ApplicationMetaData",
        "type": "VARIABLE_TYPE"
      },
      "location-before-char-start": 0,
      "location-before-char-end": 0,
      "node-str": "org.jboss.metadata.ApplicationMetaData"
    },
    {
      "type": "delete-node",
      "node": {
        "label": "app",
        "type": "Parameter"
      },
      "location-before-char-start": 1920,
      "location-before-char-end": 1942,
      "node-str": "app"
    },
    {
      "type": "delete-node",
      "node": {
        "label": "org.jboss.metadata.BeanMetaData",
        "type": "TypeAccess"
      },
      "location-before-char-start": 0,
      "location-before-char-end": 0,
      "node-str": "org.jboss.metadata.BeanMetaData"
    },
    {
      "type": "delete-node",
      "node": {
        "label": "application",
        "type": "FieldWrite"
      },
      "location-before-char-start": 1949,
      "location-before-char-end": 1959,
      "node-str": "application"
    },
    {
      "type": "delete-node",
      "node": {
        "label": "app",
        "type": "VariableRead"
      },
      "location-before-char-start": 1963,
      "location-before-char-end": 1965,
      "node-str": "app"
    },
    {
      "type": "delete-node",
      "node": {
        "label": "\u003d",
        "type": "Assignment"
      },
      "location-before-char-start": 1949,
      "location-before-char-end": 1966,
      "node-str": "\u003d"
    },
    {
      "type": "delete-node",
      "node": {
        "label": "\u003cinit\u003e",
        "type": "Constructor"
      },
      "location-before-char-start": 1753,
      "location-before-char-end": 1969,
      "node-str": "\u003cinit\u003e"
    },
    {
      "type": "delete-node",
      "node": {
        "label": "boolean",
        "type": "RETURN_TYPE"
      },
      "location-before-char-start": 0,
      "location-before-char-end": 0,
      "node-str": "boolean"
    },
    {
      "type": "delete-node",
      "node": {
        "label": "public",
        "type": "Modifier"
      },
      "location-before-char-start": 0,
      "location-before-char-end": 0,
      "node-str": "public"
    },
    {
      "type": "delete-node",
      "node": {
        "label": "org.jboss.metadata.BeanMetaData",
        "type": "TypeAccess"
      },
      "location-before-char-start": 0,
      "location-before-char-end": 0,
      "node-str": "org.jboss.metadata.BeanMetaData"
    },
    {
      "type": "delete-node",
      "node": {
        "label": "session",
        "type": "FieldRead"
      },
      "location-before-char-start": 2084,
      "location-before-char-end": 2090,
      "node-str": "session"
    },
    {
      "type": "delete-node",
      "node": {
        "label": "return",
        "type": "Return"
      },
      "location-before-char-start": 2077,
      "location-before-char-end": 2091,
      "node-str": "return"
    },
    {
      "type": "delete-node",
      "node": {
        "label": "isSession",
        "type": "Method"
      },
      "location-before-char-start": 1977,
      "location-before-char-end": 2093,
      "node-str": "isSession"
    },
    {
      "type": "delete-node",
      "node": {
        "label": "boolean",
        "type": "RETURN_TYPE"
      },
      "location-before-char-start": 0,
      "location-before-char-end": 0,
      "node-str": "boolean"
    },
    {
      "type": "delete-node",
      "node": {
        "label": "public",
        "type": "Modifier"
      },
      "location-before-char-start": 0,
      "location-before-char-end": 0,
      "node-str": "public"
    },
    {
      "type": "delete-node",
      "node": {
        "label": "org.jboss.metadata.BeanMetaData",
        "type": "TypeAccess"
      },
      "location-before-char-start": 0,
      "location-before-char-end": 0,
      "node-str": "org.jboss.metadata.BeanMetaData"
    },
    {
      "type": "delete-node",
      "node": {
        "label": "messageDriven",
        "type": "FieldRead"
      },
      "location-before-char-start": 2142,
      "location-before-char-end": 2154,
      "node-str": "messageDriven"
    },
    {
      "type": "delete-node",
      "node": {
        "label": "return",
        "type": "Return"
      },
      "location-before-char-start": 2135,
      "location-before-char-end": 2155,
      "node-str": "return"
    },
    {
      "type": "delete-node",
      "node": {
        "label": "isMessageDriven",
        "type": "Method"
      },
      "location-before-char-start": 2100,
      "location-before-char-end": 2157,
      "node-str": "isMessageDriven"
    },
    {
      "type": "delete-node",
      "node": {
        "label": "boolean",
        "type": "RETURN_TYPE"
      },
      "location-before-char-start": 0,
      "location-before-char-end": 0,
      "node-str": "boolean"
    },
    {
      "type": "delete-node",
      "node": {
        "label": "public",
        "type": "Modifier"
      },
      "location-before-char-start": 0,
      "location-before-char-end": 0,
      "node-str": "public"
    },
    {
      "type": "delete-node",
      "node": {
        "label": "org.jboss.metadata.BeanMetaData",
        "type": "TypeAccess"
      },
      "location-before-char-start": 0,
      "location-before-char-end": 0,
      "node-str": "org.jboss.metadata.BeanMetaData"
    },
    {
      "type": "delete-node",
      "node": {
        "label": "session",
        "type": "FieldRead"
      },
      "location-before-char-start": 2197,
      "location-before-char-end": 2203,
      "node-str": "session"
    },
    {
      "type": "delete-node",
      "node": {
        "label": "NOT",
        "type": "UnaryOperator"
      },
      "location-before-char-start": 2196,
      "location-before-char-end": 2203,
      "node-str": "NOT"
    },
    {
      "type": "delete-node",
      "node": {
        "label": "org.jboss.metadata.BeanMetaData",
        "type": "TypeAccess"
      },
      "location-before-char-start": 0,
      "location-before-char-end": 0,
      "node-str": "org.jboss.metadata.BeanMetaData"
    },
    {
      "type": "delete-node",
      "node": {
        "label": "messageDriven",
        "type": "FieldRead"
      },
      "location-before-char-start": 2209,
      "location-before-char-end": 2221,
      "node-str": "messageDriven"
    },
    {
      "type": "delete-node",
      "node": {
        "label": "NOT",
        "type": "UnaryOperator"
      },
      "location-before-char-start": 2208,
      "location-before-char-end": 2221,
      "node-str": "NOT"
    },
    {
      "type": "delete-node",
      "node": {
        "label": "AND",
        "type": "BinaryOperator"
      },
      "location-before-char-start": 2196,
      "location-before-char-end": 2221,
      "node-str": "AND"
    },
    {
      "type": "delete-node",
      "node": {
        "label": "return",
        "type": "Return"
      },
      "location-before-char-start": 2189,
      "location-before-char-end": 2222,
      "node-str": "return"
    },
    {
      "type": "delete-node",
      "node": {
        "label": "isEntity",
        "type": "Method"
      },
      "location-before-char-start": 2161,
      "location-before-char-end": 2224,
      "node-str": "isEntity"
    },
    {
      "type": "delete-node",
      "node": {
        "label": "java.lang.String",
        "type": "RETURN_TYPE"
      },
      "location-before-char-start": 0,
      "location-before-char-end": 0,
      "node-str": "java.lang.String"
    },
    {
      "type": "delete-node",
      "node": {
        "label": "abstract",
        "type": "Modifier"
      },
      "location-before-char-start": 0,
      "location-before-char-end": 0,
      "node-str": "abstract"
    },
    {
      "type": "delete-node",
      "node": {
        "label": "public",
        "type": "Modifier"
      },
      "location-before-char-start": 0,
      "location-before-char-end": 0,
      "node-str": "public"
    },
    {
      "type": "delete-node",
      "node": {
        "label": "getDefaultConfigurationName",
        "type": "Method"
      },
      "location-before-char-start": 3982,
      "location-before-char-end": 4034,
      "node-str": "getDefaultConfigurationName"
    },
    {
      "type": "delete-node",
      "node": {
        "label": "messageDriven",
        "type": "FieldRead"
      },
      "location-before-char-start": 5783,
      "location-before-char-end": 5795,
      "node-str": "messageDriven"
    },
    {
      "type": "delete-node",
      "node": {
        "label": "NOT",
        "type": "UnaryOperator"
      },
      "location-before-char-start": 5782,
      "location-before-char-end": 5795,
      "node-str": "NOT"
    }
  ],
  "before-file": {},
  "after-file": {},
  "mapping": {}
}