{
  "tool-info": {},
  "diff": [
    {
      "type": "insert-node",
      "node": {
        "label": "public",
        "type": "Modifier"
      },
      "location-after-char-start": 0,
      "location-after-char-end": 0,
      "node-str": "public"
    },
    {
      "type": "insert-node",
      "node": {
        "label": "",
        "type": "TypeReference"
      },
      "location-after-char-start": 5187,
      "location-after-char-end": 5209,
      "node-str": ""
    },
    {
      "type": "insert-node",
      "node": {
        "label": "window",
        "type": "Field"
      },
      "location-after-char-start": 5354,
      "location-after-char-end": 5386,
      "node-str": "window"
    },
    {
      "type": "insert-node",
      "node": {
        "label": "input",
        "type": "Field"
      },
      "location-after-char-start": 5393,
      "location-after-char-end": 5417,
      "node-str": "input"
    },
    {
      "type": "insert-node",
      "node": {
        "label": "workingSet",
        "type": "Field"
      },
      "location-after-char-start": 5424,
      "location-after-char-end": 5454,
      "node-str": "workingSet"
    },
    {
      "type": "insert-node",
      "node": {
        "label": "aggregateWorkingSet",
        "type": "Field"
      },
      "location-after-char-start": 5465,
      "location-after-char-end": 5512,
      "node-str": "aggregateWorkingSet"
    },
    {
      "type": "insert-node",
      "node": {
        "label": "composite",
        "type": "Field"
      },
      "location-after-char-start": 5519,
      "location-after-char-end": 5546,
      "node-str": "composite"
    },
    {
      "type": "insert-node",
      "node": {
        "label": "activationList",
        "type": "Field"
      },
      "location-after-char-start": 5557,
      "location-after-char-end": 5685,
      "node-str": "activationList"
    },
    {
      "type": "insert-node",
      "node": {
        "label": "editorMgr",
        "type": "Field"
      },
      "location-after-char-start": 5692,
      "location-after-char-end": 5723,
      "node-str": "editorMgr"
    },
    {
      "type": "insert-node",
      "node": {
        "label": "editorPresentation",
        "type": "Field"
      },
      "location-after-char-start": 5730,
      "location-after-char-end": 5773,
      "node-str": "editorPresentation"
    },
    {
      "type": "insert-node",
      "node": {
        "label": "removedEditors",
        "type": "Field"
      },
      "location-after-char-start": 5784,
      "location-after-char-end": 5834,
      "node-str": "removedEditors"
    },
    {
      "type": "insert-node",
      "node": {
        "label": "propertyChangeListeners",
        "type": "Field"
      },
      "location-after-char-start": 5841,
      "location-after-char-end": 5906,
      "node-str": "propertyChangeListeners"
    },
    {
      "type": "insert-node",
      "node": {
        "label": "actionBars",
        "type": "Field"
      },
      "location-after-char-start": 6102,
      "location-after-char-end": 6132,
      "node-str": "actionBars"
    },
    {
      "type": "insert-node",
      "node": {
        "label": "actionSets",
        "type": "Field"
      },
      "location-after-char-start": 6143,
      "location-after-char-end": 6178,
      "node-str": "actionSets"
    },
    {
      "type": "insert-node",
      "node": {
        "label": "viewFactory",
        "type": "Field"
      },
      "location-after-char-start": 6189,
      "location-after-char-end": 6220,
      "node-str": "viewFactory"
    },
    {
      "type": "insert-node",
      "node": {
        "label": "perspList",
        "type": "Field"
      },
      "location-after-char-start": 6227,
      "location-after-char-end": 6284,
      "node-str": "perspList"
    },
    {
      "type": "insert-node",
      "node": {
        "label": "deferredActivePersp",
        "type": "Field"
      },
      "location-after-char-start": 6291,
      "location-after-char-end": 6340,
      "node-str": "deferredActivePersp"
    },
    {
      "type": "insert-node",
      "node": {
        "label": "partBeingActivated",
        "type": "Field"
      },
      "location-after-char-start": 6516,
      "location-after-char-end": 6703,
      "node-str": "partBeingActivated"
    },
    {
      "type": "insert-node",
      "node": {
        "label": "partBeingOpened",
        "type": "Field"
      },
      "location-after-char-start": 6714,
      "location-after-char-end": 6890,
      "node-str": "partBeingOpened"
    },
    {
      "type": "insert-node",
      "node": {
        "label": "dirtyPerspectives",
        "type": "Field"
      },
      "location-after-char-start": 6901,
      "location-after-char-end": 7068,
      "node-str": "dirtyPerspectives"
    },
    {
      "type": "insert-node",
      "node": {
        "label": "actionSwitcher",
        "type": "Field"
      },
      "location-after-char-start": 7899,
      "location-after-char-end": 7959,
      "node-str": "actionSwitcher"
    },
    {
      "type": "insert-node",
      "node": {
        "label": "tracker",
        "type": "Field"
      },
      "location-after-char-start": 7963,
      "location-after-char-end": 7996,
      "node-str": "tracker"
    },
    {
      "type": "insert-node",
      "node": {
        "label": "deferCount",
        "type": "Field"
      },
      "location-after-char-start": 8007,
      "location-after-char-end": 8119,
      "node-str": "deferCount"
    },
    {
      "type": "insert-node",
      "node": {
        "label": "pendingDisposals",
        "type": "Field"
      },
      "location-after-char-start": 8125,
      "location-after-char-end": 8208,
      "node-str": "pendingDisposals"
    },
    {
      "type": "insert-node",
      "node": {
        "label": "aggregateWorkingSetId",
        "type": "Field"
      },
      "location-after-char-start": 11016,
      "location-after-char-end": 11052,
      "node-str": "aggregateWorkingSetId"
    },
    {
      "type": "insert-node",
      "node": {
        "label": "org.eclipse.ui.internal.CompatibleWorkbenchPage",
        "type": "SUPER_TYPE"
      },
      "location-after-char-start": 0,
      "location-after-char-end": 0,
      "node-str": "org.eclipse.ui.internal.CompatibleWorkbenchPage"
    },
    {
      "type": "insert-node",
      "node": {
        "label": "org.eclipse.ui.internal.WorkbenchWindow",
        "type": "VARIABLE_TYPE"
      },
      "location-after-char-start": 0,
      "location-after-char-end": 0,
      "node-str": "org.eclipse.ui.internal.WorkbenchWindow"
    },
    {
      "type": "insert-node",
      "node": {
        "label": "protected",
        "type": "Modifier"
      },
      "location-after-char-start": 0,
      "location-after-char-end": 0,
      "node-str": "protected"
    },
    {
      "type": "insert-node",
      "node": {
        "label": "org.eclipse.core.runtime.IAdaptable",
        "type": "VARIABLE_TYPE"
      },
      "location-after-char-start": 0,
      "location-after-char-end": 0,
      "node-str": "org.eclipse.core.runtime.IAdaptable"
    },
    {
      "type": "insert-node",
      "node": {
        "label": "org.eclipse.ui.IWorkingSet",
        "type": "VARIABLE_TYPE"
      },
      "location-after-char-start": 0,
      "location-after-char-end": 0,
      "node-str": "org.eclipse.ui.IWorkingSet"
    },
    {
      "type": "insert-node",
      "node": {
        "label": "org.eclipse.ui.internal.AggregateWorkingSet",
        "type": "VARIABLE_TYPE"
      },
      "location-after-char-start": 0,
      "location-after-char-end": 0,
      "node-str": "org.eclipse.ui.internal.AggregateWorkingSet"
    },
    {
      "type": "insert-node",
      "node": {
        "label": "org.eclipse.swt.widgets.Composite",
        "type": "VARIABLE_TYPE"
      },
      "location-after-char-start": 0,
      "location-after-char-end": 0,
      "node-str": "org.eclipse.swt.widgets.Composite"
    },
    {
      "type": "insert-node",
      "node": {
        "label": "org.eclipse.ui.internal.WorkbenchPage$ActivationList",
        "type": "VARIABLE_TYPE"
      },
      "location-after-char-start": 0,
      "location-after-char-end": 0,
      "node-str": "org.eclipse.ui.internal.WorkbenchPage$ActivationList"
    },
    {
      "type": "insert-node",
      "node": {
        "label": "org.eclipse.ui.internal.WorkbenchPage$ActivationList()",
        "type": "ConstructorCall"
      },
      "location-after-char-start": 5665,
      "location-after-char-end": 5684,
      "node-str": "org.eclipse.ui.internal.WorkbenchPage$ActivationList()"
    },
    {
      "type": "insert-node",
      "node": {
        "label": "org.eclipse.ui.internal.EditorManager",
        "type": "VARIABLE_TYPE"
      },
      "location-after-char-start": 0,
      "location-after-char-end": 0,
      "node-str": "org.eclipse.ui.internal.EditorManager"
    },
    {
      "type": "insert-node",
      "node": {
        "label": "org.eclipse.ui.internal.EditorAreaHelper",
        "type": "VARIABLE_TYPE"
      },
      "location-after-char-start": 0,
      "location-after-char-end": 0,
      "node-str": "org.eclipse.ui.internal.EditorAreaHelper"
    },
    {
      "type": "insert-node",
      "node": {
        "label": "java.util.ArrayList",
        "type": "VARIABLE_TYPE"
      },
      "location-after-char-start": 0,
      "location-after-char-end": 0,
      "node-str": "java.util.ArrayList"
    },
    {
      "type": "insert-node",
      "node": {
        "label": "java.util.ArrayList()",
        "type": "ConstructorCall"
      },
      "location-after-char-start": 5819,
      "location-after-char-end": 5833,
      "node-str": "java.util.ArrayList()"
    },
    {
      "type": "insert-node",
      "node": {
        "label": "org.eclipse.core.runtime.ListenerList",
        "type": "VARIABLE_TYPE"
      },
      "location-after-char-start": 0,
      "location-after-char-end": 0,
      "node-str": "org.eclipse.core.runtime.ListenerList"
    },
    {
      "type": "insert-node",
      "node": {
        "label": "org.eclipse.core.runtime.ListenerList()",
        "type": "ConstructorCall"
      },
      "location-after-char-start": 5888,
      "location-after-char-end": 5905,
      "node-str": "org.eclipse.core.runtime.ListenerList()"
    },
    {
      "type": "insert-node",
      "node": {
        "label": "org.eclipse.ui.IActionBars",
        "type": "VARIABLE_TYPE"
      },
      "location-after-char-start": 0,
      "location-after-char-end": 0,
      "node-str": "org.eclipse.ui.IActionBars"
    },
    {
      "type": "insert-node",
      "node": {
        "label": "org.eclipse.ui.internal.ActionSetManager",
        "type": "VARIABLE_TYPE"
      },
      "location-after-char-start": 0,
      "location-after-char-end": 0,
      "node-str": "org.eclipse.ui.internal.ActionSetManager"
    },
    {
      "type": "insert-node",
      "node": {
        "label": "org.eclipse.ui.internal.ViewFactory",
        "type": "VARIABLE_TYPE"
      },
      "location-after-char-start": 0,
      "location-after-char-end": 0,
      "node-str": "org.eclipse.ui.internal.ViewFactory"
    },
    {
      "type": "insert-node",
      "node": {
        "label": "org.eclipse.ui.internal.WorkbenchPage$PerspectiveList",
        "type": "VARIABLE_TYPE"
      },
      "location-after-char-start": 0,
      "location-after-char-end": 0,
      "node-str": "org.eclipse.ui.internal.WorkbenchPage$PerspectiveList"
    },
    {
      "type": "insert-node",
      "node": {
        "label": "org.eclipse.ui.internal.WorkbenchPage$PerspectiveList()",
        "type": "ConstructorCall"
      },
      "location-after-char-start": 6263,
      "location-after-char-end": 6283,
      "node-str": "org.eclipse.ui.internal.WorkbenchPage$PerspectiveList()"
    },
    {
      "type": "insert-node",
      "node": {
        "label": "org.eclipse.ui.internal.registry.PerspectiveDescriptor",
        "type": "VARIABLE_TYPE"
      },
      "location-after-char-start": 0,
      "location-after-char-end": 0,
      "node-str": "org.eclipse.ui.internal.registry.PerspectiveDescriptor"
    },
    {
      "type": "insert-node",
      "node": {
        "label": "org.eclipse.ui.IWorkbenchPartReference",
        "type": "VARIABLE_TYPE"
      },
      "location-after-char-start": 0,
      "location-after-char-end": 0,
      "node-str": "org.eclipse.ui.IWorkbenchPartReference"
    },
    {
      "type": "insert-node",
      "node": {
        "label": "null",
        "type": "Literal"
      },
      "location-after-char-start": 6699,
      "location-after-char-end": 6702,
      "node-str": "null"
    },
    {
      "type": "insert-node",
      "node": {
        "label": "boolean",
        "type": "VARIABLE_TYPE"
      },
      "location-after-char-start": 0,
      "location-after-char-end": 0,
      "node-str": "boolean"
    },
    {
      "type": "insert-node",
      "node": {
        "label": "false",
        "type": "Literal"
      },
      "location-after-char-start": 6885,
      "location-after-char-end": 6889,
      "node-str": "false"
    },
    {
      "type": "insert-node",
      "node": {
        "label": "java.util.Set",
        "type": "VARIABLE_TYPE"
      },
      "location-after-char-start": 0,
      "location-after-char-end": 0,
      "node-str": "java.util.Set"
    },
    {
      "type": "insert-node",
      "node": {
        "label": "java.util.HashSet()",
        "type": "ConstructorCall"
      },
      "location-after-char-start": 7055,
      "location-after-char-end": 7067,
      "node-str": "java.util.HashSet()"
    },
    {
      "type": "insert-node",
      "node": {
        "label": "org.eclipse.ui.internal.WorkbenchPage$ActionSwitcher",
        "type": "VARIABLE_TYPE"
      },
      "location-after-char-start": 0,
      "location-after-char-end": 0,
      "node-str": "org.eclipse.ui.internal.WorkbenchPage$ActionSwitcher"
    },
    {
      "type": "insert-node",
      "node": {
        "label": "org.eclipse.ui.internal.WorkbenchPage$ActionSwitcher()",
        "type": "ConstructorCall"
      },
      "location-after-char-start": 7939,
      "location-after-char-end": 7958,
      "node-str": "org.eclipse.ui.internal.WorkbenchPage$ActionSwitcher()"
    },
    {
      "type": "insert-node",
      "node": {
        "label": "org.eclipse.core.runtime.dynamichelpers.IExtensionTracker",
        "type": "VARIABLE_TYPE"
      },
      "location-after-char-start": 0,
      "location-after-char-end": 0,
      "node-str": "org.eclipse.core.runtime.dynamichelpers.IExtensionTracker"
    },
    {
      "type": "insert-node",
      "node": {
        "label": "int",
        "type": "VARIABLE_TYPE"
      },
      "location-after-char-start": 0,
      "location-after-char-end": 0,
      "node-str": "int"
    },
    {
      "type": "insert-node",
      "node": {
        "label": "0",
        "type": "Literal"
      },
      "location-after-char-start": 8118,
      "location-after-char-end": 8118,
      "node-str": "0"
    },
    {
      "type": "insert-node",
      "node": {
        "label": "java.util.List",
        "type": "VARIABLE_TYPE"
      },
      "location-after-char-start": 0,
      "location-after-char-end": 0,
      "node-str": "java.util.List"
    },
    {
      "type": "insert-node",
      "node": {
        "label": "java.util.ArrayList()",
        "type": "ConstructorCall"
      },
      "location-after-char-start": 8193,
      "location-after-char-end": 8207,
      "node-str": "java.util.ArrayList()"
    },
    {
      "type": "insert-node",
      "node": {
        "label": "java.lang.String",
        "type": "VARIABLE_TYPE"
      },
      "location-after-char-start": 0,
      "location-after-char-end": 0,
      "node-str": "java.lang.String"
    },
    {
      "type": "update-node",
      "node": {
        "label": "org.eclipse.ui.internal.WorkbenchPage$19()",
        "type": "NewClass"
      },
      "location-before-char-start": 128285,
      "location-before-char-end": 128552,
      "location-after-char-start": 128362,
      "location-after-char-end": 128629,
      "node-str": "org.eclipse.ui.internal.WorkbenchPage$20()"
    },
    {
      "type": "update-node",
      "node": {
        "label": "org.eclipse.ui.internal.WorkbenchPage$21()",
        "type": "NewClass"
      },
      "location-before-char-start": 164100,
      "location-before-char-end": 165036,
      "location-after-char-start": 164177,
      "location-after-char-end": 165113,
      "node-str": "org.eclipse.ui.internal.WorkbenchPage$22()"
    },
    {
      "type": "update-node",
      "node": {
        "label": "org.eclipse.ui.internal.WorkbenchPage$22()",
        "type": "NewClass"
      },
      "location-before-char-start": 168919,
      "location-before-char-end": 169823,
      "location-after-char-start": 168996,
      "location-after-char-end": 169900,
      "node-str": "org.eclipse.ui.internal.WorkbenchPage$23()"
    },
    {
      "type": "update-node",
      "node": {
        "label": "org.eclipse.ui.internal.WorkbenchPage$13()",
        "type": "NewClass"
      },
      "location-before-char-start": 102492,
      "location-before-char-end": 102619,
      "location-after-char-start": 102569,
      "location-after-char-end": 102696,
      "node-str": "org.eclipse.ui.internal.WorkbenchPage$14()"
    },
    {
      "type": "update-node",
      "node": {
        "label": "14",
        "type": "Class"
      },
      "location-before-char-start": 103148,
      "location-before-char-end": 103232,
      "location-after-char-start": 103225,
      "location-after-char-end": 103309,
      "node-str": "15"
    },
    {
      "type": "update-node",
      "node": {
        "label": "org.eclipse.ui.internal.WorkbenchPage$18()",
        "type": "NewClass"
      },
      "location-before-char-start": 124735,
      "location-before-char-end": 124864,
      "location-after-char-start": 124812,
      "location-after-char-end": 124941,
      "node-str": "org.eclipse.ui.internal.WorkbenchPage$19()"
    },
    {
      "type": "update-node",
      "node": {
        "label": "19",
        "type": "Class"
      },
      "location-before-char-start": 128300,
      "location-before-char-end": 128552,
      "location-after-char-start": 128377,
      "location-after-char-end": 128629,
      "node-str": "20"
    },
    {
      "type": "update-node",
      "node": {
        "label": "21",
        "type": "Class"
      },
      "location-before-char-start": 164115,
      "location-before-char-end": 165036,
      "location-after-char-start": 164192,
      "location-after-char-end": 165113,
      "node-str": "22"
    },
    {
      "type": "update-node",
      "node": {
        "label": "22",
        "type": "Class"
      },
      "location-before-char-start": 168934,
      "location-before-char-end": 169823,
      "location-after-char-start": 169011,
      "location-after-char-end": 169900,
      "node-str": "23"
    },
    {
      "type": "update-node",
      "node": {
        "label": "13",
        "type": "Class"
      },
      "location-before-char-start": 102507,
      "location-before-char-end": 102619,
      "location-after-char-start": 102584,
      "location-after-char-end": 102696,
      "node-str": "14"
    },
    {
      "type": "update-node",
      "node": {
        "label": "17",
        "type": "Class"
      },
      "location-before-char-start": 111635,
      "location-before-char-end": 111727,
      "location-after-char-start": 111712,
      "location-after-char-end": 111804,
      "node-str": "18"
    },
    {
      "type": "update-node",
      "node": {
        "label": "18",
        "type": "Class"
      },
      "location-before-char-start": 124750,
      "location-before-char-end": 124864,
      "location-after-char-start": 124827,
      "location-after-char-end": 124941,
      "node-str": "19"
    },
    {
      "type": "update-node",
      "node": {
        "label": "org.eclipse.ui.internal.WorkbenchPage$20()",
        "type": "NewClass"
      },
      "location-before-char-start": 154814,
      "location-before-char-end": 155276,
      "location-after-char-start": 154891,
      "location-after-char-end": 155353,
      "node-str": "org.eclipse.ui.internal.WorkbenchPage$21()"
    },
    {
      "type": "update-node",
      "node": {
        "label": "20",
        "type": "Class"
      },
      "location-before-char-start": 154831,
      "location-before-char-end": 155276,
      "location-after-char-start": 154908,
      "location-after-char-end": 155353,
      "node-str": "21"
    },
    {
      "type": "update-node",
      "node": {
        "label": "org.eclipse.ui.internal.WorkbenchPage$14",
        "type": "TypeAccess"
      },
      "location-before-char-start": 0,
      "location-before-char-end": 0,
      "location-after-char-start": 0,
      "location-after-char-end": 0,
      "node-str": "org.eclipse.ui.internal.WorkbenchPage$15"
    },
    {
      "type": "update-node",
      "node": {
        "label": "15",
        "type": "Class"
      },
      "location-before-char-start": 107435,
      "location-before-char-end": 108204,
      "location-after-char-start": 107512,
      "location-after-char-end": 108281,
      "node-str": "16"
    },
    {
      "type": "update-node",
      "node": {
        "label": "org.eclipse.ui.internal.WorkbenchPage$13",
        "type": "TypeAccess"
      },
      "location-before-char-start": 0,
      "location-before-char-end": 0,
      "location-after-char-start": 0,
      "location-after-char-end": 0,
      "node-str": "org.eclipse.ui.internal.WorkbenchPage$14"
    },
    {
      "type": "update-node",
      "node": {
        "label": "16",
        "type": "Class"
      },
      "location-before-char-start": 110196,
      "location-before-char-end": 110799,
      "location-after-char-start": 110273,
      "location-after-char-end": 110876,
      "node-str": "17"
    },
    {
      "type": "update-node",
      "node": {
        "label": "org.eclipse.ui.internal.WorkbenchPage$17",
        "type": "TypeAccess"
      },
      "location-before-char-start": 0,
      "location-before-char-end": 0,
      "location-after-char-start": 0,
      "location-after-char-end": 0,
      "node-str": "org.eclipse.ui.internal.WorkbenchPage$18"
    },
    {
      "type": "update-node",
      "node": {
        "label": "org.eclipse.ui.internal.WorkbenchPage$18",
        "type": "TypeAccess"
      },
      "location-before-char-start": 0,
      "location-before-char-end": 0,
      "location-after-char-start": 0,
      "location-after-char-end": 0,
      "node-str": "org.eclipse.ui.internal.WorkbenchPage$19"
    },
    {
      "type": "insert-node",
      "node": {
        "label": "org.eclipse.jface.dialogs.MessageDialog(\u003cunknown\u003e,java.lang.String[],int)",
        "type": "NewClass"
      },
      "location-after-char-start": 92494,
      "location-after-char-end": 93149,
      "node-str": "org.eclipse.jface.dialogs.MessageDialog(\u003cunknown\u003e,java.lang.String[],int)"
    },
    {
      "type": "update-node",
      "node": {
        "label": "org.eclipse.ui.internal.WorkbenchPage$19",
        "type": "TypeAccess"
      },
      "location-before-char-start": 0,
      "location-before-char-end": 0,
      "location-after-char-start": 0,
      "location-after-char-end": 0,
      "node-str": "org.eclipse.ui.internal.WorkbenchPage$20"
    },
    {
      "type": "update-node",
      "node": {
        "label": "org.eclipse.ui.internal.WorkbenchPage$22",
        "type": "TypeAccess"
      },
      "location-before-char-start": 0,
      "location-before-char-end": 0,
      "location-after-char-start": 0,
      "location-after-char-end": 0,
      "node-str": "org.eclipse.ui.internal.WorkbenchPage$23"
    },
    {
      "type": "move-subtree",
      "node": {
        "label": "getShell",
        "type": "Invocation"
      },
      "location-before-char-start": 92541,
      "location-before-char-end": 92571,
      "location-after-char-start": 92541,
      "location-after-char-end": 92571,
      "node-str": "getShell"
    },
    {
      "type": "move-subtree",
      "node": {
        "label": "Save",
        "type": "FieldRead"
      },
      "location-before-char-start": 92602,
      "location-before-char-end": 92623,
      "location-after-char-start": 92602,
      "location-after-char-end": 92623,
      "node-str": "Save"
    },
    {
      "type": "move-subtree",
      "node": {
        "label": "null",
        "type": "Literal"
      },
      "location-before-char-start": 92655,
      "location-before-char-end": 92658,
      "location-after-char-start": 92655,
      "location-after-char-end": 92658,
      "node-str": "null"
    },
    {
      "type": "move-subtree",
      "node": {
        "label": "bind",
        "type": "Invocation"
      },
      "location-before-char-start": 92723,
      "location-before-char-end": 92804,
      "location-after-char-start": 92723,
      "location-after-char-end": 92804,
      "node-str": "bind"
    },
    {
      "type": "move-subtree",
      "node": {
        "label": "QUESTION",
        "type": "FieldRead"
      },
      "location-before-char-start": 92836,
      "location-before-char-end": 92857,
      "location-after-char-start": 92836,
      "location-after-char-end": 92857,
      "node-str": "QUESTION"
    },
    {
      "type": "move-subtree",
      "node": {
        "label": "",
        "type": "NewArray"
      },
      "location-before-char-start": 92860,
      "location-before-char-end": 93068,
      "location-after-char-start": 92860,
      "location-after-char-end": 93041,
      "node-str": ""
    },
    {
      "type": "move-subtree",
      "node": {
        "label": "0",
        "type": "Literal"
      },
      "location-before-char-start": 93071,
      "location-before-char-end": 93071,
      "location-after-char-start": 93044,
      "location-after-char-end": 93044,
      "node-str": "0"
    },
    {
      "type": "insert-node",
      "node": {
        "label": "12",
        "type": "Class"
      },
      "location-after-char-start": 93047,
      "location-after-char-end": 93149,
      "node-str": "12"
    },
    {
      "type": "insert-node",
      "node": {
        "label": "",
        "type": "TypeReference"
      },
      "location-after-char-start": 0,
      "location-after-char-end": 0,
      "node-str": ""
    },
    {
      "type": "insert-node",
      "node": {
        "label": "getShellStyle",
        "type": "Method"
      },
      "location-after-char-start": 93055,
      "location-after-char-end": 93142,
      "node-str": "getShellStyle"
    },
    {
      "type": "update-node",
      "node": {
        "label": "org.eclipse.ui.internal.WorkbenchPage$22",
        "type": "TypeAccess"
      },
      "location-before-char-start": 0,
      "location-before-char-end": 0,
      "location-after-char-start": 0,
      "location-after-char-end": 0,
      "node-str": "org.eclipse.ui.internal.WorkbenchPage$23"
    },
    {
      "type": "insert-node",
      "node": {
        "label": "org.eclipse.jface.dialogs.MessageDialog",
        "type": "SUPER_TYPE"
      },
      "location-after-char-start": 0,
      "location-after-char-end": 0,
      "node-str": "org.eclipse.jface.dialogs.MessageDialog"
    },
    {
      "type": "insert-node",
      "node": {
        "label": "int",
        "type": "RETURN_TYPE"
      },
      "location-after-char-start": 0,
      "location-after-char-end": 0,
      "node-str": "int"
    },
    {
      "type": "insert-node",
      "node": {
        "label": "protected",
        "type": "Modifier"
      },
      "location-after-char-start": 0,
      "location-after-char-end": 0,
      "node-str": "protected"
    },
    {
      "type": "insert-node",
      "node": {
        "label": "return",
        "type": "Return"
      },
      "location-after-char-start": 93094,
      "location-after-char-end": 93134,
      "node-str": "return"
    },
    {
      "type": "insert-node",
      "node": {
        "label": "BITOR",
        "type": "BinaryOperator"
      },
      "location-after-char-start": 93101,
      "location-after-char-end": 93133,
      "node-str": "BITOR"
    },
    {
      "type": "update-node",
      "node": {
        "label": "12",
        "type": "Class"
      },
      "location-before-char-start": 93396,
      "location-before-char-end": 93785,
      "location-after-char-start": 93473,
      "location-after-char-end": 93862,
      "node-str": "13"
    },
    {
      "type": "update-node",
      "node": {
        "label": "org.eclipse.ui.internal.WorkbenchPage$22",
        "type": "TypeAccess"
      },
      "location-before-char-start": 0,
      "location-before-char-end": 0,
      "location-after-char-start": 0,
      "location-after-char-end": 0,
      "node-str": "org.eclipse.ui.internal.WorkbenchPage$23"
    },
    {
      "type": "insert-node",
      "node": {
        "label": "getShellStyle",
        "type": "Invocation"
      },
      "location-after-char-start": 93101,
      "location-after-char-end": 93121,
      "node-str": "getShellStyle"
    },
    {
      "type": "insert-node",
      "node": {
        "label": "SHEET",
        "type": "FieldRead"
      },
      "location-after-char-start": 93125,
      "location-after-char-end": 93133,
      "node-str": "SHEET"
    },
    {
      "type": "insert-node",
      "node": {
        "label": "super",
        "type": "SuperAccess"
      },
      "location-after-char-start": 93101,
      "location-after-char-end": 93105,
      "node-str": "super"
    },
    {
      "type": "insert-node",
      "node": {
        "label": "org.eclipse.swt.SWT",
        "type": "TypeAccess"
      },
      "location-after-char-start": 0,
      "location-after-char-end": 0,
      "node-str": "org.eclipse.swt.SWT"
    },
    {
      "type": "delete-node",
      "node": {
        "label": "public",
        "type": "Modifier"
      },
      "location-before-char-start": 0,
      "location-before-char-end": 0,
      "node-str": "public"
    },
    {
      "type": "delete-node",
      "node": {
        "label": "org.eclipse.ui.internal.CompatibleWorkbenchPage",
        "type": "SUPER_TYPE"
      },
      "location-before-char-start": 0,
      "location-before-char-end": 0,
      "node-str": "org.eclipse.ui.internal.CompatibleWorkbenchPage"
    },
    {
      "type": "delete-node",
      "node": {
        "label": "",
        "type": "TypeReference"
      },
      "location-before-char-start": 5187,
      "location-before-char-end": 5209,
      "node-str": ""
    },
    {
      "type": "delete-node",
      "node": {
        "label": "org.eclipse.ui.internal.WorkbenchWindow",
        "type": "VARIABLE_TYPE"
      },
      "location-before-char-start": 0,
      "location-before-char-end": 0,
      "node-str": "org.eclipse.ui.internal.WorkbenchWindow"
    },
    {
      "type": "delete-node",
      "node": {
        "label": "protected",
        "type": "Modifier"
      },
      "location-before-char-start": 0,
      "location-before-char-end": 0,
      "node-str": "protected"
    },
    {
      "type": "delete-node",
      "node": {
        "label": "window",
        "type": "Field"
      },
      "location-before-char-start": 5354,
      "location-before-char-end": 5386,
      "node-str": "window"
    },
    {
      "type": "delete-node",
      "node": {
        "label": "org.eclipse.core.runtime.IAdaptable",
        "type": "VARIABLE_TYPE"
      },
      "location-before-char-start": 0,
      "location-before-char-end": 0,
      "node-str": "org.eclipse.core.runtime.IAdaptable"
    },
    {
      "type": "delete-node",
      "node": {
        "label": "input",
        "type": "Field"
      },
      "location-before-char-start": 5393,
      "location-before-char-end": 5417,
      "node-str": "input"
    },
    {
      "type": "delete-node",
      "node": {
        "label": "org.eclipse.ui.IWorkingSet",
        "type": "VARIABLE_TYPE"
      },
      "location-before-char-start": 0,
      "location-before-char-end": 0,
      "node-str": "org.eclipse.ui.IWorkingSet"
    },
    {
      "type": "delete-node",
      "node": {
        "label": "workingSet",
        "type": "Field"
      },
      "location-before-char-start": 5424,
      "location-before-char-end": 5454,
      "node-str": "workingSet"
    },
    {
      "type": "delete-node",
      "node": {
        "label": "org.eclipse.ui.internal.AggregateWorkingSet",
        "type": "VARIABLE_TYPE"
      },
      "location-before-char-start": 0,
      "location-before-char-end": 0,
      "node-str": "org.eclipse.ui.internal.AggregateWorkingSet"
    },
    {
      "type": "delete-node",
      "node": {
        "label": "aggregateWorkingSet",
        "type": "Field"
      },
      "location-before-char-start": 5465,
      "location-before-char-end": 5512,
      "node-str": "aggregateWorkingSet"
    },
    {
      "type": "delete-node",
      "node": {
        "label": "org.eclipse.swt.widgets.Composite",
        "type": "VARIABLE_TYPE"
      },
      "location-before-char-start": 0,
      "location-before-char-end": 0,
      "node-str": "org.eclipse.swt.widgets.Composite"
    },
    {
      "type": "delete-node",
      "node": {
        "label": "composite",
        "type": "Field"
      },
      "location-before-char-start": 5519,
      "location-before-char-end": 5546,
      "node-str": "composite"
    },
    {
      "type": "delete-node",
      "node": {
        "label": "org.eclipse.ui.internal.WorkbenchPage$ActivationList",
        "type": "VARIABLE_TYPE"
      },
      "location-before-char-start": 0,
      "location-before-char-end": 0,
      "node-str": "org.eclipse.ui.internal.WorkbenchPage$ActivationList"
    },
    {
      "type": "delete-node",
      "node": {
        "label": "org.eclipse.ui.internal.WorkbenchPage$ActivationList()",
        "type": "ConstructorCall"
      },
      "location-before-char-start": 5665,
      "location-before-char-end": 5684,
      "node-str": "org.eclipse.ui.internal.WorkbenchPage$ActivationList()"
    },
    {
      "type": "delete-node",
      "node": {
        "label": "activationList",
        "type": "Field"
      },
      "location-before-char-start": 5557,
      "location-before-char-end": 5685,
      "node-str": "activationList"
    },
    {
      "type": "delete-node",
      "node": {
        "label": "org.eclipse.ui.internal.EditorManager",
        "type": "VARIABLE_TYPE"
      },
      "location-before-char-start": 0,
      "location-before-char-end": 0,
      "node-str": "org.eclipse.ui.internal.EditorManager"
    },
    {
      "type": "delete-node",
      "node": {
        "label": "editorMgr",
        "type": "Field"
      },
      "location-before-char-start": 5692,
      "location-before-char-end": 5723,
      "node-str": "editorMgr"
    },
    {
      "type": "delete-node",
      "node": {
        "label": "org.eclipse.ui.internal.EditorAreaHelper",
        "type": "VARIABLE_TYPE"
      },
      "location-before-char-start": 0,
      "location-before-char-end": 0,
      "node-str": "org.eclipse.ui.internal.EditorAreaHelper"
    },
    {
      "type": "delete-node",
      "node": {
        "label": "editorPresentation",
        "type": "Field"
      },
      "location-before-char-start": 5730,
      "location-before-char-end": 5773,
      "node-str": "editorPresentation"
    },
    {
      "type": "delete-node",
      "node": {
        "label": "java.util.ArrayList",
        "type": "VARIABLE_TYPE"
      },
      "location-before-char-start": 0,
      "location-before-char-end": 0,
      "node-str": "java.util.ArrayList"
    },
    {
      "type": "delete-node",
      "node": {
        "label": "java.util.ArrayList()",
        "type": "ConstructorCall"
      },
      "location-before-char-start": 5819,
      "location-before-char-end": 5833,
      "node-str": "java.util.ArrayList()"
    },
    {
      "type": "delete-node",
      "node": {
        "label": "removedEditors",
        "type": "Field"
      },
      "location-before-char-start": 5784,
      "location-before-char-end": 5834,
      "node-str": "removedEditors"
    },
    {
      "type": "delete-node",
      "node": {
        "label": "org.eclipse.core.runtime.ListenerList",
        "type": "VARIABLE_TYPE"
      },
      "location-before-char-start": 0,
      "location-before-char-end": 0,
      "node-str": "org.eclipse.core.runtime.ListenerList"
    },
    {
      "type": "delete-node",
      "node": {
        "label": "org.eclipse.core.runtime.ListenerList()",
        "type": "ConstructorCall"
      },
      "location-before-char-start": 5888,
      "location-before-char-end": 5905,
      "node-str": "org.eclipse.core.runtime.ListenerList()"
    },
    {
      "type": "delete-node",
      "node": {
        "label": "propertyChangeListeners",
        "type": "Field"
      },
      "location-before-char-start": 5841,
      "location-before-char-end": 5906,
      "node-str": "propertyChangeListeners"
    },
    {
      "type": "delete-node",
      "node": {
        "label": "org.eclipse.ui.IActionBars",
        "type": "VARIABLE_TYPE"
      },
      "location-before-char-start": 0,
      "location-before-char-end": 0,
      "node-str": "org.eclipse.ui.IActionBars"
    },
    {
      "type": "delete-node",
      "node": {
        "label": "actionBars",
        "type": "Field"
      },
      "location-before-char-start": 6102,
      "location-before-char-end": 6132,
      "node-str": "actionBars"
    },
    {
      "type": "delete-node",
      "node": {
        "label": "org.eclipse.ui.internal.ActionSetManager",
        "type": "VARIABLE_TYPE"
      },
      "location-before-char-start": 0,
      "location-before-char-end": 0,
      "node-str": "org.eclipse.ui.internal.ActionSetManager"
    },
    {
      "type": "delete-node",
      "node": {
        "label": "actionSets",
        "type": "Field"
      },
      "location-before-char-start": 6143,
      "location-before-char-end": 6178,
      "node-str": "actionSets"
    },
    {
      "type": "delete-node",
      "node": {
        "label": "org.eclipse.ui.internal.ViewFactory",
        "type": "VARIABLE_TYPE"
      },
      "location-before-char-start": 0,
      "location-before-char-end": 0,
      "node-str": "org.eclipse.ui.internal.ViewFactory"
    },
    {
      "type": "delete-node",
      "node": {
        "label": "viewFactory",
        "type": "Field"
      },
      "location-before-char-start": 6189,
      "location-before-char-end": 6220,
      "node-str": "viewFactory"
    },
    {
      "type": "delete-node",
      "node": {
        "label": "org.eclipse.ui.internal.WorkbenchPage$PerspectiveList",
        "type": "VARIABLE_TYPE"
      },
      "location-before-char-start": 0,
      "location-before-char-end": 0,
      "node-str": "org.eclipse.ui.internal.WorkbenchPage$PerspectiveList"
    },
    {
      "type": "delete-node",
      "node": {
        "label": "org.eclipse.ui.internal.WorkbenchPage$PerspectiveList()",
        "type": "ConstructorCall"
      },
      "location-before-char-start": 6263,
      "location-before-char-end": 6283,
      "node-str": "org.eclipse.ui.internal.WorkbenchPage$PerspectiveList()"
    },
    {
      "type": "delete-node",
      "node": {
        "label": "perspList",
        "type": "Field"
      },
      "location-before-char-start": 6227,
      "location-before-char-end": 6284,
      "node-str": "perspList"
    },
    {
      "type": "delete-node",
      "node": {
        "label": "org.eclipse.ui.internal.registry.PerspectiveDescriptor",
        "type": "VARIABLE_TYPE"
      },
      "location-before-char-start": 0,
      "location-before-char-end": 0,
      "node-str": "org.eclipse.ui.internal.registry.PerspectiveDescriptor"
    },
    {
      "type": "delete-node",
      "node": {
        "label": "deferredActivePersp",
        "type": "Field"
      },
      "location-before-char-start": 6291,
      "location-before-char-end": 6340,
      "node-str": "deferredActivePersp"
    },
    {
      "type": "delete-node",
      "node": {
        "label": "org.eclipse.ui.IWorkbenchPartReference",
        "type": "VARIABLE_TYPE"
      },
      "location-before-char-start": 0,
      "location-before-char-end": 0,
      "node-str": "org.eclipse.ui.IWorkbenchPartReference"
    },
    {
      "type": "delete-node",
      "node": {
        "label": "null",
        "type": "Literal"
      },
      "location-before-char-start": 6699,
      "location-before-char-end": 6702,
      "node-str": "null"
    },
    {
      "type": "delete-node",
      "node": {
        "label": "partBeingActivated",
        "type": "Field"
      },
      "location-before-char-start": 6516,
      "location-before-char-end": 6703,
      "node-str": "partBeingActivated"
    },
    {
      "type": "delete-node",
      "node": {
        "label": "boolean",
        "type": "VARIABLE_TYPE"
      },
      "location-before-char-start": 0,
      "location-before-char-end": 0,
      "node-str": "boolean"
    },
    {
      "type": "delete-node",
      "node": {
        "label": "false",
        "type": "Literal"
      },
      "location-before-char-start": 6885,
      "location-before-char-end": 6889,
      "node-str": "false"
    },
    {
      "type": "delete-node",
      "node": {
        "label": "partBeingOpened",
        "type": "Field"
      },
      "location-before-char-start": 6714,
      "location-before-char-end": 6890,
      "node-str": "partBeingOpened"
    },
    {
      "type": "delete-node",
      "node": {
        "label": "java.util.Set",
        "type": "VARIABLE_TYPE"
      },
      "location-before-char-start": 0,
      "location-before-char-end": 0,
      "node-str": "java.util.Set"
    },
    {
      "type": "delete-node",
      "node": {
        "label": "java.util.HashSet()",
        "type": "ConstructorCall"
      },
      "location-before-char-start": 7055,
      "location-before-char-end": 7067,
      "node-str": "java.util.HashSet()"
    },
    {
      "type": "delete-node",
      "node": {
        "label": "dirtyPerspectives",
        "type": "Field"
      },
      "location-before-char-start": 6901,
      "location-before-char-end": 7068,
      "node-str": "dirtyPerspectives"
    },
    {
      "type": "delete-node",
      "node": {
        "label": "org.eclipse.ui.internal.WorkbenchPage$ActionSwitcher",
        "type": "VARIABLE_TYPE"
      },
      "location-before-char-start": 0,
      "location-before-char-end": 0,
      "node-str": "org.eclipse.ui.internal.WorkbenchPage$ActionSwitcher"
    },
    {
      "type": "delete-node",
      "node": {
        "label": "org.eclipse.ui.internal.WorkbenchPage$ActionSwitcher()",
        "type": "ConstructorCall"
      },
      "location-before-char-start": 7939,
      "location-before-char-end": 7958,
      "node-str": "org.eclipse.ui.internal.WorkbenchPage$ActionSwitcher()"
    },
    {
      "type": "delete-node",
      "node": {
        "label": "actionSwitcher",
        "type": "Field"
      },
      "location-before-char-start": 7899,
      "location-before-char-end": 7959,
      "node-str": "actionSwitcher"
    },
    {
      "type": "delete-node",
      "node": {
        "label": "org.eclipse.core.runtime.dynamichelpers.IExtensionTracker",
        "type": "VARIABLE_TYPE"
      },
      "location-before-char-start": 0,
      "location-before-char-end": 0,
      "node-str": "org.eclipse.core.runtime.dynamichelpers.IExtensionTracker"
    },
    {
      "type": "delete-node",
      "node": {
        "label": "tracker",
        "type": "Field"
      },
      "location-before-char-start": 7963,
      "location-before-char-end": 7996,
      "node-str": "tracker"
    },
    {
      "type": "delete-node",
      "node": {
        "label": "int",
        "type": "VARIABLE_TYPE"
      },
      "location-before-char-start": 0,
      "location-before-char-end": 0,
      "node-str": "int"
    },
    {
      "type": "delete-node",
      "node": {
        "label": "0",
        "type": "Literal"
      },
      "location-before-char-start": 8118,
      "location-before-char-end": 8118,
      "node-str": "0"
    },
    {
      "type": "delete-node",
      "node": {
        "label": "deferCount",
        "type": "Field"
      },
      "location-before-char-start": 8007,
      "location-before-char-end": 8119,
      "node-str": "deferCount"
    },
    {
      "type": "delete-node",
      "node": {
        "label": "java.util.List",
        "type": "VARIABLE_TYPE"
      },
      "location-before-char-start": 0,
      "location-before-char-end": 0,
      "node-str": "java.util.List"
    },
    {
      "type": "delete-node",
      "node": {
        "label": "java.util.ArrayList()",
        "type": "ConstructorCall"
      },
      "location-before-char-start": 8193,
      "location-before-char-end": 8207,
      "node-str": "java.util.ArrayList()"
    },
    {
      "type": "delete-node",
      "node": {
        "label": "pendingDisposals",
        "type": "Field"
      },
      "location-before-char-start": 8125,
      "location-before-char-end": 8208,
      "node-str": "pendingDisposals"
    },
    {
      "type": "delete-node",
      "node": {
        "label": "java.lang.String",
        "type": "VARIABLE_TYPE"
      },
      "location-before-char-start": 0,
      "location-before-char-end": 0,
      "node-str": "java.lang.String"
    },
    {
      "type": "delete-node",
      "node": {
        "label": "aggregateWorkingSetId",
        "type": "Field"
      },
      "location-before-char-start": 11016,
      "location-before-char-end": 11052,
      "node-str": "aggregateWorkingSetId"
    },
    {
      "type": "delete-node",
      "node": {
        "label": "java.lang.Object()",
        "type": "ConstructorCall"
      },
      "location-before-char-start": 92494,
      "location-before-char-end": 93072,
      "node-str": "java.lang.Object()"
    }
  ],
  "before-file": {},
  "after-file": {},
  "mapping": {}
}