{
  "tool-info": {},
  "diff": [
    {
      "type": "insert-node",
      "node": {
        "label": "public",
        "type": "Modifier"
      },
      "location-after-char-start": 0,
      "location-after-char-end": 0,
      "node-str": "public"
    },
    {
      "type": "insert-node",
      "node": {
        "label": "",
        "type": "TypeReference"
      },
      "location-after-char-start": 4074,
      "location-after-char-end": 4082,
      "node-str": ""
    },
    {
      "type": "insert-node",
      "node": {
        "label": "unSavedAttachments",
        "type": "Field"
      },
      "location-after-char-start": 6794,
      "location-after-char-end": 6901,
      "node-str": "unSavedAttachments"
    },
    {
      "type": "insert-node",
      "node": {
        "label": "\u003cinit\u003e",
        "type": "Constructor"
      },
      "location-after-char-start": 6912,
      "location-after-char-end": 7077,
      "node-str": "\u003cinit\u003e"
    },
    {
      "type": "insert-node",
      "node": {
        "label": "move",
        "type": "Method"
      },
      "location-after-char-start": 66158,
      "location-after-char-end": 74286,
      "node-str": "move"
    },
    {
      "type": "insert-node",
      "node": {
        "label": "org.tigris.scarab.om.BaseIssue",
        "type": "SUPER_TYPE"
      },
      "location-after-char-start": 0,
      "location-after-char-end": 0,
      "node-str": "org.tigris.scarab.om.BaseIssue"
    },
    {
      "type": "insert-node",
      "node": {
        "label": "java.util.List",
        "type": "VARIABLE_TYPE"
      },
      "location-after-char-start": 0,
      "location-after-char-end": 0,
      "node-str": "java.util.List"
    },
    {
      "type": "insert-node",
      "node": {
        "label": "null",
        "type": "Literal"
      },
      "location-after-char-start": 6897,
      "location-after-char-end": 6900,
      "node-str": "null"
    },
    {
      "type": "insert-node",
      "node": {
        "label": "protected",
        "type": "Modifier"
      },
      "location-after-char-start": 0,
      "location-after-char-end": 0,
      "node-str": "protected"
    },
    {
      "type": "insert-node",
      "node": {
        "label": "org.tigris.scarab.om.Issue",
        "type": "RETURN_TYPE"
      },
      "location-after-char-start": 0,
      "location-after-char-end": 0,
      "node-str": "org.tigris.scarab.om.Issue"
    },
    {
      "type": "insert-node",
      "node": {
        "label": "java.lang.Exception",
        "type": "THROWS"
      },
      "location-after-char-start": 0,
      "location-after-char-end": 0,
      "node-str": "java.lang.Exception"
    },
    {
      "type": "insert-node",
      "node": {
        "label": "public",
        "type": "Modifier"
      },
      "location-after-char-start": 0,
      "location-after-char-end": 0,
      "node-str": "public"
    },
    {
      "type": "insert-node",
      "node": {
        "label": "newModule",
        "type": "Parameter"
      },
      "location-after-char-start": 66242,
      "location-after-char-end": 66257,
      "node-str": "newModule"
    },
    {
      "type": "insert-node",
      "node": {
        "label": "newIssueType",
        "type": "Parameter"
      },
      "location-after-char-start": 66260,
      "location-after-char-end": 66281,
      "node-str": "newIssueType"
    },
    {
      "type": "insert-node",
      "node": {
        "label": "action",
        "type": "Parameter"
      },
      "location-after-char-start": 66306,
      "location-after-char-end": 66318,
      "node-str": "action"
    },
    {
      "type": "insert-node",
      "node": {
        "label": "user",
        "type": "Parameter"
      },
      "location-after-char-start": 66321,
      "location-after-char-end": 66335,
      "node-str": "user"
    },
    {
      "type": "insert-node",
      "node": {
        "label": "reason",
        "type": "Parameter"
      },
      "location-after-char-start": 66338,
      "location-after-char-end": 66350,
      "node-str": "reason"
    },
    {
      "type": "insert-node",
      "node": {
        "label": "commentAttrs",
        "type": "Parameter"
      },
      "location-after-char-start": 66375,
      "location-after-char-end": 66391,
      "node-str": "commentAttrs"
    },
    {
      "type": "insert-node",
      "node": {
        "label": "newIssue",
        "type": "LocalVariable"
      },
      "location-after-char-start": 66435,
      "location-after-char-end": 66449,
      "node-str": "newIssue"
    },
    {
      "type": "insert-node",
      "node": {
        "label": "descBuf",
        "type": "LocalVariable"
      },
      "location-after-char-start": 66459,
      "location-after-char-end": 66486,
      "node-str": "descBuf"
    },
    {
      "type": "insert-node",
      "node": {
        "label": "descBuf2",
        "type": "LocalVariable"
      },
      "location-after-char-start": 66496,
      "location-after-char-end": 66524,
      "node-str": "descBuf2"
    },
    {
      "type": "insert-node",
      "node": {
        "label": "attachment",
        "type": "LocalVariable"
      },
      "location-after-char-start": 66534,
      "location-after-char-end": 66574,
      "node-str": "attachment"
    },
    {
      "type": "insert-node",
      "node": {
        "label": "oldModule",
        "type": "LocalVariable"
      },
      "location-after-char-start": 66585,
      "location-after-char-end": 66615,
      "node-str": "oldModule"
    },
    {
      "type": "insert-node",
      "node": {
        "label": "if",
        "type": "If"
      },
      "location-after-char-start": 66744,
      "location-after-char-end": 67120,
      "node-str": "if"
    },
    {
      "type": "insert-node",
      "node": {
        "label": "save",
        "type": "Invocation"
      },
      "location-after-char-start": 67130,
      "location-after-char-end": 67145,
      "node-str": "save"
    },
    {
      "type": "move-subtree",
      "node": {
        "label": "zeroAttribute",
        "type": "LocalVariable"
      },
      "location-before-char-start": 66706,
      "location-before-char-end": 66793,
      "location-after-char-start": 67155,
      "location-after-char-end": 67242,
      "node-str": "zeroAttribute"
    },
    {
      "type": "move-subtree",
      "node": {
        "label": "activitySet",
        "type": "LocalVariable"
      },
      "location-before-char-start": 66839,
      "location-before-char-end": 66962,
      "location-after-char-start": 67288,
      "location-after-char-end": 67411,
      "node-str": "activitySet"
    },
    {
      "type": "insert-node",
      "node": {
        "label": "save",
        "type": "Invocation"
      },
      "location-after-char-start": 67421,
      "location-after-char-end": 67439,
      "node-str": "save"
    },
    {
      "type": "move-subtree",
      "node": {
        "label": "matchingAttributes",
        "type": "LocalVariable"
      },
      "location-before-char-start": 67041,
      "location-before-char-end": 67188,
      "location-after-char-start": 67490,
      "location-after-char-end": 67637,
      "node-str": "matchingAttributes"
    },
    {
      "type": "move-subtree",
      "node": {
        "label": "",
        "type": "For"
      },
      "location-before-char-start": 67199,
      "location-before-char-end": 67585,
      "location-after-char-start": 67648,
      "location-after-char-end": 68034,
      "node-str": ""
    },
    {
      "type": "insert-node",
      "node": {
        "label": "attachmentBuf",
        "type": "LocalVariable"
      },
      "location-after-char-start": 68181,
      "location-after-char-end": 68228,
      "node-str": "attachmentBuf"
    },
    {
      "type": "insert-node",
      "node": {
        "label": "delAttrsBuf",
        "type": "LocalVariable"
      },
      "location-after-char-start": 68238,
      "location-after-char-end": 68283,
      "node-str": "delAttrsBuf"
    },
    {
      "type": "move-subtree",
      "node": {
        "label": "if",
        "type": "If"
      },
      "location-before-char-start": 67844,
      "location-before-char-end": 67960,
      "location-after-char-start": 68293,
      "location-after-char-end": 68409,
      "node-str": "if"
    },
    {
      "type": "move-subtree",
      "node": {
        "label": "if",
        "type": "If"
      },
      "location-before-char-start": 67970,
      "location-before-char-end": 69848,
      "location-after-char-start": 68419,
      "location-after-char-end": 70297,
      "node-str": "if"
    },
    {
      "type": "insert-node",
      "node": {
        "label": "setData",
        "type": "Invocation"
      },
      "location-after-char-start": 70307,
      "location-after-char-end": 70351,
      "node-str": "setData"
    },
    {
      "type": "move-subtree",
      "node": {
        "label": "if",
        "type": "If"
      },
      "location-before-char-start": 69926,
      "location-before-char-end": 70361,
      "location-after-char-start": 70375,
      "location-after-char-end": 70810,
      "node-str": "if"
    },
    {
      "type": "move-subtree",
      "node": {
        "label": "setTextFields",
        "type": "Invocation"
      },
      "location-before-char-start": 70371,
      "location-before-char-end": 70440,
      "location-after-char-start": 70820,
      "location-after-char-end": 70889,
      "node-str": "setTextFields"
    },
    {
      "type": "insert-node",
      "node": {
        "label": "save",
        "type": "Invocation"
      },
      "location-after-char-start": 70899,
      "location-after-char-end": 70916,
      "node-str": "save"
    },
    {
      "type": "move-subtree",
      "node": {
        "label": "attachments",
        "type": "LocalVariable"
      },
      "location-before-char-start": 70527,
      "location-before-char-end": 70577,
      "location-after-char-start": 70976,
      "location-after-char-end": 71026,
      "node-str": "attachments"
    },
    {
      "type": "move-subtree",
      "node": {
        "label": "while",
        "type": "While"
      },
      "location-before-char-start": 70587,
      "location-before-char-end": 70962,
      "location-after-char-start": 71036,
      "location-after-char-end": 71411,
      "node-str": "while"
    },
    {
      "type": "move-subtree",
      "node": {
        "label": "activitySet2",
        "type": "LocalVariable"
      },
      "location-before-char-start": 71030,
      "location-before-char-end": 71154,
      "location-after-char-start": 71479,
      "location-after-char-end": 71603,
      "node-str": "activitySet2"
    },
    {
      "type": "insert-node",
      "node": {
        "label": "save",
        "type": "Invocation"
      },
      "location-after-char-start": 71613,
      "location-after-char-end": 71632,
      "node-str": "save"
    },
    {
      "type": "insert-node",
      "node": {
        "label": "comment",
        "type": "LocalVariable"
      },
      "location-after-char-start": 71729,
      "location-after-char-end": 71750,
      "node-str": "comment"
    },
    {
      "type": "insert-node",
      "node": {
        "label": "comment2",
        "type": "LocalVariable"
      },
      "location-after-char-start": 71760,
      "location-after-char-end": 71782,
      "node-str": "comment2"
    },
    {
      "type": "insert-node",
      "node": {
        "label": "if",
        "type": "If"
      },
      "location-after-char-start": 71792,
      "location-after-char-end": 72970,
      "node-str": "if"
    },
    {
      "type": "move-subtree",
      "node": {
        "label": "args",
        "type": "LocalVariable"
      },
      "location-before-char-start": 72390,
      "location-before-char-end": 72535,
      "location-after-char-start": 73013,
      "location-after-char-end": 73158,
      "node-str": "args"
    },
    {
      "type": "move-subtree",
      "node": {
        "label": "desc",
        "type": "LocalVariable"
      },
      "location-before-char-start": 72545,
      "location-before-char-end": 72704,
      "location-after-char-start": 73168,
      "location-after-char-end": 73327,
      "node-str": "desc"
    },
    {
      "type": "move-subtree",
      "node": {
        "label": "createTextActivity",
        "type": "Invocation"
      },
      "location-before-char-start": 72715,
      "location-before-char-end": 72916,
      "location-after-char-start": 73338,
      "location-after-char-end": 73539,
      "node-str": "createTextActivity"
    },
    {
      "type": "insert-node",
      "node": {
        "label": "if",
        "type": "If"
      },
      "location-after-char-start": 73596,
      "location-after-char-end": 74254,
      "node-str": "if"
    },
    {
      "type": "insert-node",
      "node": {
        "label": "return",
        "type": "Return"
      },
      "location-after-char-start": 74265,
      "location-after-char-end": 74280,
      "node-str": "return"
    },
    {
      "type": "insert-node",
      "node": {
        "label": "java.lang.Module",
        "type": "VARIABLE_TYPE"
      },
      "location-after-char-start": 0,
      "location-after-char-end": 0,
      "node-str": "java.lang.Module"
    },
    {
      "type": "insert-node",
      "node": {
        "label": "org.tigris.scarab.om.IssueType",
        "type": "VARIABLE_TYPE"
      },
      "location-after-char-start": 0,
      "location-after-char-end": 0,
      "node-str": "org.tigris.scarab.om.IssueType"
    },
    {
      "type": "insert-node",
      "node": {
        "label": "java.lang.String",
        "type": "VARIABLE_TYPE"
      },
      "location-after-char-start": 0,
      "location-after-char-end": 0,
      "node-str": "java.lang.String"
    },
    {
      "type": "insert-node",
      "node": {
        "label": "org.tigris.scarab.om.ScarabUser",
        "type": "VARIABLE_TYPE"
      },
      "location-after-char-start": 0,
      "location-after-char-end": 0,
      "node-str": "org.tigris.scarab.om.ScarabUser"
    },
    {
      "type": "insert-node",
      "node": {
        "label": "java.lang.String",
        "type": "VARIABLE_TYPE"
      },
      "location-after-char-start": 0,
      "location-after-char-end": 0,
      "node-str": "java.lang.String"
    },
    {
      "type": "insert-node",
      "node": {
        "label": "java.util.List",
        "type": "VARIABLE_TYPE"
      },
      "location-after-char-start": 0,
      "location-after-char-end": 0,
      "node-str": "java.util.List"
    },
    {
      "type": "insert-node",
      "node": {
        "label": "org.tigris.scarab.om.Issue",
        "type": "VARIABLE_TYPE"
      },
      "location-after-char-start": 0,
      "location-after-char-end": 0,
      "node-str": "org.tigris.scarab.om.Issue"
    },
    {
      "type": "insert-node",
      "node": {
        "label": "java.lang.StringBuffer",
        "type": "VARIABLE_TYPE"
      },
      "location-after-char-start": 0,
      "location-after-char-end": 0,
      "node-str": "java.lang.StringBuffer"
    },
    {
      "type": "insert-node",
      "node": {
        "label": "null",
        "type": "Literal"
      },
      "location-after-char-start": 66482,
      "location-after-char-end": 66485,
      "node-str": "null"
    },
    {
      "type": "insert-node",
      "node": {
        "label": "java.lang.StringBuffer",
        "type": "VARIABLE_TYPE"
      },
      "location-after-char-start": 0,
      "location-after-char-end": 0,
      "node-str": "java.lang.StringBuffer"
    },
    {
      "type": "insert-node",
      "node": {
        "label": "null",
        "type": "Literal"
      },
      "location-after-char-start": 66520,
      "location-after-char-end": 66523,
      "node-str": "null"
    },
    {
      "type": "insert-node",
      "node": {
        "label": "org.tigris.scarab.om.Attachment",
        "type": "VARIABLE_TYPE"
      },
      "location-after-char-start": 0,
      "location-after-char-end": 0,
      "node-str": "org.tigris.scarab.om.Attachment"
    },
    {
      "type": "insert-node",
      "node": {
        "label": "org.tigris.scarab.om.Attachment()",
        "type": "ConstructorCall"
      },
      "location-after-char-start": 66558,
      "location-after-char-end": 66573,
      "node-str": "org.tigris.scarab.om.Attachment()"
    },
    {
      "type": "insert-node",
      "node": {
        "label": "java.lang.Module",
        "type": "VARIABLE_TYPE"
      },
      "location-after-char-start": 0,
      "location-after-char-end": 0,
      "node-str": "java.lang.Module"
    },
    {
      "type": "insert-node",
      "node": {
        "label": "getModule",
        "type": "Invocation"
      },
      "location-after-char-start": 66604,
      "location-after-char-end": 66614,
      "node-str": "getModule"
    },
    {
      "type": "insert-node",
      "node": {
        "label": "AND",
        "type": "BinaryOperator"
      },
      "location-after-char-start": 66748,
      "location-after-char-end": 66928,
      "node-str": "AND"
    },
    {
      "type": "insert-node",
      "node": {
        "label": "THEN",
        "type": "then"
      },
      "location-after-char-start": 66939,
      "location-after-char-end": 67027,
      "node-str": "THEN"
    },
    {
      "type": "insert-node",
      "node": {
        "label": "ELSE",
        "type": "else"
      },
      "location-after-char-start": 67050,
      "location-after-char-end": 67120,
      "node-str": "ELSE"
    },
    {
      "type": "insert-node",
      "node": {
        "label": "newIssue",
        "type": "VariableRead"
      },
      "location-after-char-start": 67130,
      "location-after-char-end": 67137,
      "node-str": "newIssue"
    },
    {
      "type": "insert-node",
      "node": {
        "label": "activitySet",
        "type": "VariableRead"
      },
      "location-after-char-start": 67421,
      "location-after-char-end": 67431,
      "node-str": "activitySet"
    },
    {
      "type": "insert-node",
      "node": {
        "label": "java.lang.StringBuffer",
        "type": "VARIABLE_TYPE"
      },
      "location-after-char-start": 0,
      "location-after-char-end": 0,
      "node-str": "java.lang.StringBuffer"
    },
    {
      "type": "insert-node",
      "node": {
        "label": "java.lang.StringBuffer()",
        "type": "ConstructorCall"
      },
      "location-after-char-start": 68210,
      "location-after-char-end": 68227,
      "node-str": "java.lang.StringBuffer()"
    },
    {
      "type": "insert-node",
      "node": {
        "label": "java.lang.StringBuffer",
        "type": "VARIABLE_TYPE"
      },
      "location-after-char-start": 0,
      "location-after-char-end": 0,
      "node-str": "java.lang.StringBuffer"
    },
    {
      "type": "insert-node",
      "node": {
        "label": "java.lang.StringBuffer()",
        "type": "ConstructorCall"
      },
      "location-after-char-start": 68265,
      "location-after-char-end": 68282,
      "node-str": "java.lang.StringBuffer()"
    },
    {
      "type": "insert-node",
      "node": {
        "label": "attachment",
        "type": "VariableRead"
      },
      "location-after-char-start": 70307,
      "location-after-char-end": 70316,
      "node-str": "attachment"
    },
    {
      "type": "insert-node",
      "node": {
        "label": "toString",
        "type": "Invocation"
      },
      "location-after-char-start": 70326,
      "location-after-char-end": 70349,
      "node-str": "toString"
    },
    {
      "type": "insert-node",
      "node": {
        "label": "attachment",
        "type": "VariableRead"
      },
      "location-after-char-start": 70899,
      "location-after-char-end": 70908,
      "node-str": "attachment"
    },
    {
      "type": "insert-node",
      "node": {
        "label": "activitySet2",
        "type": "VariableRead"
      },
      "location-after-char-start": 71613,
      "location-after-char-end": 71624,
      "node-str": "activitySet2"
    },
    {
      "type": "insert-node",
      "node": {
        "label": "java.lang.String",
        "type": "VARIABLE_TYPE"
      },
      "location-after-char-start": 0,
      "location-after-char-end": 0,
      "node-str": "java.lang.String"
    },
    {
      "type": "insert-node",
      "node": {
        "label": "null",
        "type": "Literal"
      },
      "location-after-char-start": 71746,
      "location-after-char-end": 71749,
      "node-str": "null"
    },
    {
      "type": "insert-node",
      "node": {
        "label": "java.lang.String",
        "type": "VARIABLE_TYPE"
      },
      "location-after-char-start": 0,
      "location-after-char-end": 0,
      "node-str": "java.lang.String"
    },
    {
      "type": "insert-node",
      "node": {
        "label": "null",
        "type": "Literal"
      },
      "location-after-char-start": 71778,
      "location-after-char-end": 71781,
      "node-str": "null"
    },
    {
      "type": "insert-node",
      "node": {
        "label": "equals",
        "type": "Invocation"
      },
      "location-after-char-start": 71796,
      "location-after-char-end": 71816,
      "node-str": "equals"
    },
    {
      "type": "move-subtree",
      "node": {
        "label": "THEN",
        "type": "then"
      },
      "location-before-char-start": 71364,
      "location-before-char-end": 71813,
      "location-after-char-start": 71827,
      "location-after-char-end": 72276,
      "node-str": "THEN"
    },
    {
      "type": "insert-node",
      "node": {
        "label": "ELSE",
        "type": "else"
      },
      "location-after-char-start": 72299,
      "location-after-char-end": 72970,
      "node-str": "ELSE"
    },
    {
      "type": "insert-node",
      "node": {
        "label": "NOT",
        "type": "UnaryOperator"
      },
      "location-after-char-start": 73600,
      "location-after-char-end": 73642,
      "node-str": "NOT"
    },
    {
      "type": "insert-node",
      "node": {
        "label": "THEN",
        "type": "then"
      },
      "location-after-char-start": 73653,
      "location-after-char-end": 74254,
      "node-str": "THEN"
    },
    {
      "type": "insert-node",
      "node": {
        "label": "newIssue",
        "type": "VariableRead"
      },
      "location-after-char-start": 74272,
      "location-after-char-end": 74279,
      "node-str": "newIssue"
    },
    {
      "type": "insert-node",
      "node": {
        "label": "org.tigris.scarab.om.Issue",
        "type": "TypeAccess"
      },
      "location-after-char-start": 0,
      "location-after-char-end": 0,
      "node-str": "org.tigris.scarab.om.Issue"
    },
    {
      "type": "insert-node",
      "node": {
        "label": "AND",
        "type": "BinaryOperator"
      },
      "location-after-char-start": 66748,
      "location-after-char-end": 66891,
      "node-str": "AND"
    },
    {
      "type": "insert-node",
      "node": {
        "label": "equals",
        "type": "Invocation"
      },
      "location-after-char-start": 66908,
      "location-after-char-end": 66928,
      "node-str": "equals"
    },
    {
      "type": "insert-node",
      "node": {
        "label": "\u003d",
        "type": "Assignment"
      },
      "location-after-char-start": 66953,
      "location-after-char-end": 66968,
      "node-str": "\u003d"
    },
    {
      "type": "insert-node",
      "node": {
        "label": "setIssueType",
        "type": "Invocation"
      },
      "location-after-char-start": 66982,
      "location-after-char-end": 67017,
      "node-str": "setIssueType"
    },
    {
      "type": "move-subtree",
      "node": {
        "label": "\u003d",
        "type": "Assignment"
      },
      "location-before-char-start": 66625,
      "location-before-char-end": 66671,
      "location-after-char-start": 67064,
      "location-after-char-end": 67110,
      "node-str": "\u003d"
    },
    {
      "type": "insert-node",
      "node": {
        "label": "attachmentBuf",
        "type": "VariableRead"
      },
      "location-after-char-start": 70326,
      "location-after-char-end": 70338,
      "node-str": "attachmentBuf"
    },
    {
      "type": "insert-node",
      "node": {
        "label": "action",
        "type": "VariableRead"
      },
      "location-after-char-start": 71796,
      "location-after-char-end": 71801,
      "node-str": "action"
    },
    {
      "type": "insert-node",
      "node": {
        "label": "\"copy\"",
        "type": "Literal"
      },
      "location-after-char-start": 71810,
      "location-after-char-end": 71815,
      "node-str": "\"copy\""
    },
    {
      "type": "move-subtree",
      "node": {
        "label": "args5",
        "type": "LocalVariable"
      },
      "location-before-char-start": 71850,
      "location-before-char-end": 71883,
      "location-after-char-start": 72313,
      "location-after-char-end": 72346,
      "node-str": "args5"
    },
    {
      "type": "move-subtree",
      "node": {
        "label": "\u003d",
        "type": "Assignment"
      },
      "location-before-char-start": 71897,
      "location-before-char-end": 72055,
      "location-after-char-start": 72360,
      "location-after-char-end": 72518,
      "node-str": "\u003d"
    },
    {
      "type": "move-subtree",
      "node": {
        "label": "args6",
        "type": "LocalVariable"
      },
      "location-before-char-start": 72069,
      "location-before-char-end": 72101,
      "location-after-char-start": 72532,
      "location-after-char-end": 72564,
      "node-str": "args6"
    },
    {
      "type": "move-subtree",
      "node": {
        "label": "\u003d",
        "type": "Assignment"
      },
      "location-before-char-start": 72115,
      "location-before-char-end": 72274,
      "location-after-char-start": 72578,
      "location-after-char-end": 72737,
      "node-str": "\u003d"
    },
    {
      "type": "insert-node",
      "node": {
        "label": "if",
        "type": "If"
      },
      "location-after-char-start": 72812,
      "location-after-char-end": 72960,
      "node-str": "if"
    },
    {
      "type": "insert-node",
      "node": {
        "label": "equals",
        "type": "Invocation"
      },
      "location-after-char-start": 73601,
      "location-after-char-end": 73642,
      "node-str": "equals"
    },
    {
      "type": "move-subtree",
      "node": {
        "label": "args2",
        "type": "LocalVariable"
      },
      "location-before-char-start": 72973,
      "location-before-char-end": 73127,
      "location-after-char-start": 73667,
      "location-after-char-end": 73841,
      "node-str": "args2"
    },
    {
      "type": "move-subtree",
      "node": {
        "label": "\u003d",
        "type": "Assignment"
      },
      "location-before-char-start": 73137,
      "location-before-char-end": 73290,
      "location-after-char-start": 73855,
      "location-after-char-end": 74020,
      "node-str": "\u003d"
    },
    {
      "type": "move-subtree",
      "node": {
        "label": "createTextActivity",
        "type": "Invocation"
      },
      "location-before-char-start": 73301,
      "location-before-char-end": 73498,
      "location-after-char-start": 74035,
      "location-after-char-end": 74244,
      "node-str": "createTextActivity"
    },
    {
      "type": "insert-node",
      "node": {
        "label": "equals",
        "type": "Invocation"
      },
      "location-after-char-start": 66748,
      "location-after-char-end": 66804,
      "node-str": "equals"
    },
    {
      "type": "insert-node",
      "node": {
        "label": "NOT",
        "type": "UnaryOperator"
      },
      "location-after-char-start": 66822,
      "location-after-char-end": 66891,
      "node-str": "NOT"
    },
    {
      "type": "insert-node",
      "node": {
        "label": "action",
        "type": "VariableRead"
      },
      "location-after-char-start": 66908,
      "location-after-char-end": 66913,
      "node-str": "action"
    },
    {
      "type": "insert-node",
      "node": {
        "label": "\"move\"",
        "type": "Literal"
      },
      "location-after-char-start": 66922,
      "location-after-char-end": 66927,
      "node-str": "\"move\""
    },
    {
      "type": "insert-node",
      "node": {
        "label": "newIssue",
        "type": "VariableWrite"
      },
      "location-after-char-start": 66953,
      "location-after-char-end": 66960,
      "node-str": "newIssue"
    },
    {
      "type": "insert-node",
      "node": {
        "label": "this",
        "type": "ThisAccess"
      },
      "location-after-char-start": 66964,
      "location-after-char-end": 66967,
      "node-str": "this"
    },
    {
      "type": "insert-node",
      "node": {
        "label": "newIssue",
        "type": "VariableRead"
      },
      "location-after-char-start": 66982,
      "location-after-char-end": 66989,
      "node-str": "newIssue"
    },
    {
      "type": "insert-node",
      "node": {
        "label": "newIssueType",
        "type": "VariableRead"
      },
      "location-after-char-start": 67004,
      "location-after-char-end": 67015,
      "node-str": "newIssueType"
    },
    {
      "type": "insert-node",
      "node": {
        "label": "NOT",
        "type": "UnaryOperator"
      },
      "location-after-char-start": 72816,
      "location-after-char-end": 72873,
      "node-str": "NOT"
    },
    {
      "type": "insert-node",
      "node": {
        "label": "THEN",
        "type": "then"
      },
      "location-after-char-start": 72888,
      "location-after-char-end": 72960,
      "node-str": "THEN"
    },
    {
      "type": "insert-node",
      "node": {
        "label": "getIssueId",
        "type": "Invocation"
      },
      "location-after-char-start": 73601,
      "location-after-char-end": 73612,
      "node-str": "getIssueId"
    },
    {
      "type": "insert-node",
      "node": {
        "label": "getIssueId",
        "type": "Invocation"
      },
      "location-after-char-start": 73621,
      "location-after-char-end": 73641,
      "node-str": "getIssueId"
    },
    {
      "type": "insert-node",
      "node": {
        "label": "getModuleId",
        "type": "Invocation"
      },
      "location-after-char-start": 66748,
      "location-after-char-end": 66772,
      "node-str": "getModuleId"
    },
    {
      "type": "insert-node",
      "node": {
        "label": "getModuleId",
        "type": "Invocation"
      },
      "location-after-char-start": 66781,
      "location-after-char-end": 66803,
      "node-str": "getModuleId"
    },
    {
      "type": "insert-node",
      "node": {
        "label": "equals",
        "type": "Invocation"
      },
      "location-after-char-start": 66823,
      "location-after-char-end": 66891,
      "node-str": "equals"
    },
    {
      "type": "insert-node",
      "node": {
        "label": "org.tigris.scarab.om.Issue",
        "type": "TypeAccess"
      },
      "location-after-char-start": 0,
      "location-after-char-end": 0,
      "node-str": "org.tigris.scarab.om.Issue"
    },
    {
      "type": "insert-node",
      "node": {
        "label": "equals",
        "type": "Invocation"
      },
      "location-after-char-start": 72817,
      "location-after-char-end": 72873,
      "node-str": "equals"
    },
    {
      "type": "insert-node",
      "node": {
        "label": "setDeleted",
        "type": "Invocation"
      },
      "location-after-char-start": 72906,
      "location-after-char-end": 72922,
      "node-str": "setDeleted"
    },
    {
      "type": "insert-node",
      "node": {
        "label": "save",
        "type": "Invocation"
      },
      "location-after-char-start": 72940,
      "location-after-char-end": 72946,
      "node-str": "save"
    },
    {
      "type": "insert-node",
      "node": {
        "label": "org.tigris.scarab.om.Issue",
        "type": "TypeAccess"
      },
      "location-after-char-start": 0,
      "location-after-char-end": 0,
      "node-str": "org.tigris.scarab.om.Issue"
    },
    {
      "type": "insert-node",
      "node": {
        "label": "newIssue",
        "type": "VariableRead"
      },
      "location-after-char-start": 73621,
      "location-after-char-end": 73628,
      "node-str": "newIssue"
    },
    {
      "type": "insert-node",
      "node": {
        "label": "getModule",
        "type": "Invocation"
      },
      "location-after-char-start": 66748,
      "location-after-char-end": 66758,
      "node-str": "getModule"
    },
    {
      "type": "insert-node",
      "node": {
        "label": "newModule",
        "type": "VariableRead"
      },
      "location-after-char-start": 66781,
      "location-after-char-end": 66789,
      "node-str": "newModule"
    },
    {
      "type": "insert-node",
      "node": {
        "label": "getIssueTypeId",
        "type": "Invocation"
      },
      "location-after-char-start": 66823,
      "location-after-char-end": 66853,
      "node-str": "getIssueTypeId"
    },
    {
      "type": "insert-node",
      "node": {
        "label": "getIssueTypeId",
        "type": "Invocation"
      },
      "location-after-char-start": 66862,
      "location-after-char-end": 66890,
      "node-str": "getIssueTypeId"
    },
    {
      "type": "insert-node",
      "node": {
        "label": "getModuleId",
        "type": "Invocation"
      },
      "location-after-char-start": 72817,
      "location-after-char-end": 72839,
      "node-str": "getModuleId"
    },
    {
      "type": "insert-node",
      "node": {
        "label": "getModuleId",
        "type": "Invocation"
      },
      "location-after-char-start": 72848,
      "location-after-char-end": 72872,
      "node-str": "getModuleId"
    },
    {
      "type": "insert-node",
      "node": {
        "label": "org.tigris.scarab.om.Issue",
        "type": "TypeAccess"
      },
      "location-after-char-start": 0,
      "location-after-char-end": 0,
      "node-str": "org.tigris.scarab.om.Issue"
    },
    {
      "type": "insert-node",
      "node": {
        "label": "true",
        "type": "Literal"
      },
      "location-after-char-start": 72917,
      "location-after-char-end": 72920,
      "node-str": "true"
    },
    {
      "type": "insert-node",
      "node": {
        "label": "org.tigris.scarab.om.Issue",
        "type": "TypeAccess"
      },
      "location-after-char-start": 0,
      "location-after-char-end": 0,
      "node-str": "org.tigris.scarab.om.Issue"
    },
    {
      "type": "insert-node",
      "node": {
        "label": "org.tigris.scarab.om.Issue",
        "type": "TypeAccess"
      },
      "location-after-char-start": 0,
      "location-after-char-end": 0,
      "node-str": "org.tigris.scarab.om.Issue"
    },
    {
      "type": "insert-node",
      "node": {
        "label": "getIssueType",
        "type": "Invocation"
      },
      "location-after-char-start": 66823,
      "location-after-char-end": 66836,
      "node-str": "getIssueType"
    },
    {
      "type": "insert-node",
      "node": {
        "label": "newIssueType",
        "type": "VariableRead"
      },
      "location-after-char-start": 66862,
      "location-after-char-end": 66873,
      "node-str": "newIssueType"
    },
    {
      "type": "insert-node",
      "node": {
        "label": "newModule",
        "type": "VariableRead"
      },
      "location-after-char-start": 72817,
      "location-after-char-end": 72825,
      "node-str": "newModule"
    },
    {
      "type": "insert-node",
      "node": {
        "label": "getModule",
        "type": "Invocation"
      },
      "location-after-char-start": 72848,
      "location-after-char-end": 72858,
      "node-str": "getModule"
    },
    {
      "type": "insert-node",
      "node": {
        "label": "org.tigris.scarab.om.Issue",
        "type": "TypeAccess"
      },
      "location-after-char-start": 0,
      "location-after-char-end": 0,
      "node-str": "org.tigris.scarab.om.Issue"
    },
    {
      "type": "insert-node",
      "node": {
        "label": "org.tigris.scarab.om.Issue",
        "type": "TypeAccess"
      },
      "location-after-char-start": 0,
      "location-after-char-end": 0,
      "node-str": "org.tigris.scarab.om.Issue"
    },
    {
      "type": "delete-node",
      "node": {
        "label": "public",
        "type": "Modifier"
      },
      "location-before-char-start": 0,
      "location-before-char-end": 0,
      "node-str": "public"
    },
    {
      "type": "delete-node",
      "node": {
        "label": "org.tigris.scarab.om.BaseIssue",
        "type": "SUPER_TYPE"
      },
      "location-before-char-start": 0,
      "location-before-char-end": 0,
      "node-str": "org.tigris.scarab.om.BaseIssue"
    },
    {
      "type": "delete-node",
      "node": {
        "label": "",
        "type": "TypeReference"
      },
      "location-before-char-start": 4074,
      "location-before-char-end": 4082,
      "node-str": ""
    },
    {
      "type": "delete-node",
      "node": {
        "label": "java.util.List",
        "type": "VARIABLE_TYPE"
      },
      "location-before-char-start": 0,
      "location-before-char-end": 0,
      "node-str": "java.util.List"
    },
    {
      "type": "delete-node",
      "node": {
        "label": "null",
        "type": "Literal"
      },
      "location-before-char-start": 6897,
      "location-before-char-end": 6900,
      "node-str": "null"
    },
    {
      "type": "delete-node",
      "node": {
        "label": "unSavedAttachments",
        "type": "Field"
      },
      "location-before-char-start": 6794,
      "location-before-char-end": 6901,
      "node-str": "unSavedAttachments"
    },
    {
      "type": "delete-node",
      "node": {
        "label": "protected",
        "type": "Modifier"
      },
      "location-before-char-start": 0,
      "location-before-char-end": 0,
      "node-str": "protected"
    },
    {
      "type": "delete-node",
      "node": {
        "label": "\u003cinit\u003e",
        "type": "Constructor"
      },
      "location-before-char-start": 6912,
      "location-before-char-end": 7077,
      "node-str": "\u003cinit\u003e"
    },
    {
      "type": "delete-node",
      "node": {
        "label": "org.tigris.scarab.om.Issue",
        "type": "RETURN_TYPE"
      },
      "location-before-char-start": 0,
      "location-before-char-end": 0,
      "node-str": "org.tigris.scarab.om.Issue"
    },
    {
      "type": "delete-node",
      "node": {
        "label": "java.lang.Exception",
        "type": "THROWS"
      },
      "location-before-char-start": 0,
      "location-before-char-end": 0,
      "node-str": "java.lang.Exception"
    },
    {
      "type": "delete-node",
      "node": {
        "label": "public",
        "type": "Modifier"
      },
      "location-before-char-start": 0,
      "location-before-char-end": 0,
      "node-str": "public"
    },
    {
      "type": "delete-node",
      "node": {
        "label": "java.lang.Module",
        "type": "VARIABLE_TYPE"
      },
      "location-before-char-start": 0,
      "location-before-char-end": 0,
      "node-str": "java.lang.Module"
    },
    {
      "type": "delete-node",
      "node": {
        "label": "newModule",
        "type": "Parameter"
      },
      "location-before-char-start": 66242,
      "location-before-char-end": 66257,
      "node-str": "newModule"
    },
    {
      "type": "delete-node",
      "node": {
        "label": "org.tigris.scarab.om.IssueType",
        "type": "VARIABLE_TYPE"
      },
      "location-before-char-start": 0,
      "location-before-char-end": 0,
      "node-str": "org.tigris.scarab.om.IssueType"
    },
    {
      "type": "delete-node",
      "node": {
        "label": "newIssueType",
        "type": "Parameter"
      },
      "location-before-char-start": 66260,
      "location-before-char-end": 66281,
      "node-str": "newIssueType"
    },
    {
      "type": "delete-node",
      "node": {
        "label": "java.lang.String",
        "type": "VARIABLE_TYPE"
      },
      "location-before-char-start": 0,
      "location-before-char-end": 0,
      "node-str": "java.lang.String"
    },
    {
      "type": "delete-node",
      "node": {
        "label": "action",
        "type": "Parameter"
      },
      "location-before-char-start": 66306,
      "location-before-char-end": 66318,
      "node-str": "action"
    },
    {
      "type": "delete-node",
      "node": {
        "label": "org.tigris.scarab.om.ScarabUser",
        "type": "VARIABLE_TYPE"
      },
      "location-before-char-start": 0,
      "location-before-char-end": 0,
      "node-str": "org.tigris.scarab.om.ScarabUser"
    },
    {
      "type": "delete-node",
      "node": {
        "label": "user",
        "type": "Parameter"
      },
      "location-before-char-start": 66321,
      "location-before-char-end": 66335,
      "node-str": "user"
    },
    {
      "type": "delete-node",
      "node": {
        "label": "java.lang.String",
        "type": "VARIABLE_TYPE"
      },
      "location-before-char-start": 0,
      "location-before-char-end": 0,
      "node-str": "java.lang.String"
    },
    {
      "type": "delete-node",
      "node": {
        "label": "reason",
        "type": "Parameter"
      },
      "location-before-char-start": 66338,
      "location-before-char-end": 66350,
      "node-str": "reason"
    },
    {
      "type": "delete-node",
      "node": {
        "label": "java.util.List",
        "type": "VARIABLE_TYPE"
      },
      "location-before-char-start": 0,
      "location-before-char-end": 0,
      "node-str": "java.util.List"
    },
    {
      "type": "delete-node",
      "node": {
        "label": "commentAttrs",
        "type": "Parameter"
      },
      "location-before-char-start": 66375,
      "location-before-char-end": 66391,
      "node-str": "commentAttrs"
    },
    {
      "type": "delete-node",
      "node": {
        "label": "org.tigris.scarab.om.Issue",
        "type": "VARIABLE_TYPE"
      },
      "location-before-char-start": 0,
      "location-before-char-end": 0,
      "node-str": "org.tigris.scarab.om.Issue"
    },
    {
      "type": "delete-node",
      "node": {
        "label": "newIssue",
        "type": "LocalVariable"
      },
      "location-before-char-start": 66435,
      "location-before-char-end": 66449,
      "node-str": "newIssue"
    },
    {
      "type": "delete-node",
      "node": {
        "label": "java.lang.StringBuffer",
        "type": "VARIABLE_TYPE"
      },
      "location-before-char-start": 0,
      "location-before-char-end": 0,
      "node-str": "java.lang.StringBuffer"
    },
    {
      "type": "delete-node",
      "node": {
        "label": "null",
        "type": "Literal"
      },
      "location-before-char-start": 66482,
      "location-before-char-end": 66485,
      "node-str": "null"
    },
    {
      "type": "delete-node",
      "node": {
        "label": "descBuf",
        "type": "LocalVariable"
      },
      "location-before-char-start": 66459,
      "location-before-char-end": 66486,
      "node-str": "descBuf"
    },
    {
      "type": "delete-node",
      "node": {
        "label": "java.lang.StringBuffer",
        "type": "VARIABLE_TYPE"
      },
      "location-before-char-start": 0,
      "location-before-char-end": 0,
      "node-str": "java.lang.StringBuffer"
    },
    {
      "type": "delete-node",
      "node": {
        "label": "null",
        "type": "Literal"
      },
      "location-before-char-start": 66520,
      "location-before-char-end": 66523,
      "node-str": "null"
    },
    {
      "type": "delete-node",
      "node": {
        "label": "descBuf2",
        "type": "LocalVariable"
      },
      "location-before-char-start": 66496,
      "location-before-char-end": 66524,
      "node-str": "descBuf2"
    },
    {
      "type": "delete-node",
      "node": {
        "label": "org.tigris.scarab.om.Attachment",
        "type": "VARIABLE_TYPE"
      },
      "location-before-char-start": 0,
      "location-before-char-end": 0,
      "node-str": "org.tigris.scarab.om.Attachment"
    },
    {
      "type": "delete-node",
      "node": {
        "label": "org.tigris.scarab.om.Attachment()",
        "type": "ConstructorCall"
      },
      "location-before-char-start": 66558,
      "location-before-char-end": 66573,
      "node-str": "org.tigris.scarab.om.Attachment()"
    },
    {
      "type": "delete-node",
      "node": {
        "label": "attachment",
        "type": "LocalVariable"
      },
      "location-before-char-start": 66534,
      "location-before-char-end": 66574,
      "node-str": "attachment"
    },
    {
      "type": "delete-node",
      "node": {
        "label": "java.lang.Module",
        "type": "VARIABLE_TYPE"
      },
      "location-before-char-start": 0,
      "location-before-char-end": 0,
      "node-str": "java.lang.Module"
    },
    {
      "type": "delete-node",
      "node": {
        "label": "org.tigris.scarab.om.Issue",
        "type": "TypeAccess"
      },
      "location-before-char-start": 0,
      "location-before-char-end": 0,
      "node-str": "org.tigris.scarab.om.Issue"
    },
    {
      "type": "delete-node",
      "node": {
        "label": "getModule",
        "type": "Invocation"
      },
      "location-before-char-start": 66604,
      "location-before-char-end": 66614,
      "node-str": "getModule"
    },
    {
      "type": "delete-node",
      "node": {
        "label": "oldModule",
        "type": "LocalVariable"
      },
      "location-before-char-start": 66585,
      "location-before-char-end": 66615,
      "node-str": "oldModule"
    },
    {
      "type": "delete-node",
      "node": {
        "label": "newIssue",
        "type": "VariableRead"
      },
      "location-before-char-start": 66681,
      "location-before-char-end": 66688,
      "node-str": "newIssue"
    },
    {
      "type": "delete-node",
      "node": {
        "label": "save",
        "type": "Invocation"
      },
      "location-before-char-start": 66681,
      "location-before-char-end": 66696,
      "node-str": "save"
    },
    {
      "type": "delete-node",
      "node": {
        "label": "activitySet",
        "type": "VariableRead"
      },
      "location-before-char-start": 66972,
      "location-before-char-end": 66982,
      "node-str": "activitySet"
    },
    {
      "type": "delete-node",
      "node": {
        "label": "save",
        "type": "Invocation"
      },
      "location-before-char-start": 66972,
      "location-before-char-end": 66990,
      "node-str": "save"
    },
    {
      "type": "delete-node",
      "node": {
        "label": "java.lang.StringBuffer",
        "type": "VARIABLE_TYPE"
      },
      "location-before-char-start": 0,
      "location-before-char-end": 0,
      "node-str": "java.lang.StringBuffer"
    },
    {
      "type": "delete-node",
      "node": {
        "label": "java.lang.StringBuffer()",
        "type": "ConstructorCall"
      },
      "location-before-char-start": 67761,
      "location-before-char-end": 67778,
      "node-str": "java.lang.StringBuffer()"
    },
    {
      "type": "delete-node",
      "node": {
        "label": "attachmentBuf",
        "type": "LocalVariable"
      },
      "location-before-char-start": 67732,
      "location-before-char-end": 67779,
      "node-str": "attachmentBuf"
    },
    {
      "type": "delete-node",
      "node": {
        "label": "java.lang.StringBuffer",
        "type": "VARIABLE_TYPE"
      },
      "location-before-char-start": 0,
      "location-before-char-end": 0,
      "node-str": "java.lang.StringBuffer"
    },
    {
      "type": "delete-node",
      "node": {
        "label": "java.lang.StringBuffer()",
        "type": "ConstructorCall"
      },
      "location-before-char-start": 67816,
      "location-before-char-end": 67833,
      "node-str": "java.lang.StringBuffer()"
    },
    {
      "type": "delete-node",
      "node": {
        "label": "delAttrsBuf",
        "type": "LocalVariable"
      },
      "location-before-char-start": 67789,
      "location-before-char-end": 67834,
      "node-str": "delAttrsBuf"
    },
    {
      "type": "delete-node",
      "node": {
        "label": "attachment",
        "type": "VariableRead"
      },
      "location-before-char-start": 69858,
      "location-before-char-end": 69867,
      "node-str": "attachment"
    },
    {
      "type": "delete-node",
      "node": {
        "label": "attachmentBuf",
        "type": "VariableRead"
      },
      "location-before-char-start": 69877,
      "location-before-char-end": 69889,
      "node-str": "attachmentBuf"
    },
    {
      "type": "delete-node",
      "node": {
        "label": "toString",
        "type": "Invocation"
      },
      "location-before-char-start": 69877,
      "location-before-char-end": 69900,
      "node-str": "toString"
    },
    {
      "type": "delete-node",
      "node": {
        "label": "setData",
        "type": "Invocation"
      },
      "location-before-char-start": 69858,
      "location-before-char-end": 69902,
      "node-str": "setData"
    },
    {
      "type": "delete-node",
      "node": {
        "label": "attachment",
        "type": "VariableRead"
      },
      "location-before-char-start": 70450,
      "location-before-char-end": 70459,
      "node-str": "attachment"
    },
    {
      "type": "delete-node",
      "node": {
        "label": "save",
        "type": "Invocation"
      },
      "location-before-char-start": 70450,
      "location-before-char-end": 70467,
      "node-str": "save"
    },
    {
      "type": "delete-node",
      "node": {
        "label": "activitySet2",
        "type": "VariableRead"
      },
      "location-before-char-start": 71164,
      "location-before-char-end": 71175,
      "node-str": "activitySet2"
    },
    {
      "type": "delete-node",
      "node": {
        "label": "save",
        "type": "Invocation"
      },
      "location-before-char-start": 71164,
      "location-before-char-end": 71183,
      "node-str": "save"
    },
    {
      "type": "delete-node",
      "node": {
        "label": "java.lang.String",
        "type": "VARIABLE_TYPE"
      },
      "location-before-char-start": 0,
      "location-before-char-end": 0,
      "node-str": "java.lang.String"
    },
    {
      "type": "delete-node",
      "node": {
        "label": "null",
        "type": "Literal"
      },
      "location-before-char-start": 71283,
      "location-before-char-end": 71286,
      "node-str": "null"
    },
    {
      "type": "delete-node",
      "node": {
        "label": "comment",
        "type": "LocalVariable"
      },
      "location-before-char-start": 71266,
      "location-before-char-end": 71287,
      "node-str": "comment"
    },
    {
      "type": "delete-node",
      "node": {
        "label": "java.lang.String",
        "type": "VARIABLE_TYPE"
      },
      "location-before-char-start": 0,
      "location-before-char-end": 0,
      "node-str": "java.lang.String"
    },
    {
      "type": "delete-node",
      "node": {
        "label": "null",
        "type": "Literal"
      },
      "location-before-char-start": 71315,
      "location-before-char-end": 71318,
      "node-str": "null"
    },
    {
      "type": "delete-node",
      "node": {
        "label": "comment2",
        "type": "LocalVariable"
      },
      "location-before-char-start": 71297,
      "location-before-char-end": 71319,
      "node-str": "comment2"
    },
    {
      "type": "delete-node",
      "node": {
        "label": "action",
        "type": "VariableRead"
      },
      "location-before-char-start": 71333,
      "location-before-char-end": 71338,
      "node-str": "action"
    },
    {
      "type": "delete-node",
      "node": {
        "label": "\"copy\"",
        "type": "Literal"
      },
      "location-before-char-start": 71347,
      "location-before-char-end": 71352,
      "node-str": "\"copy\""
    },
    {
      "type": "delete-node",
      "node": {
        "label": "equals",
        "type": "Invocation"
      },
      "location-before-char-start": 71333,
      "location-before-char-end": 71353,
      "node-str": "equals"
    },
    {
      "type": "delete-node",
      "node": {
        "label": "org.tigris.scarab.om.Issue",
        "type": "TypeAccess"
      },
      "location-before-char-start": 0,
      "location-before-char-end": 0,
      "node-str": "org.tigris.scarab.om.Issue"
    },
    {
      "type": "delete-node",
      "node": {
        "label": "user",
        "type": "VariableRead"
      },
      "location-before-char-start": 72332,
      "location-before-char-end": 72335,
      "node-str": "user"
    },
    {
      "type": "delete-node",
      "node": {
        "label": "delete",
        "type": "Invocation"
      },
      "location-before-char-start": 72325,
      "location-before-char-end": 72337,
      "node-str": "delete"
    },
    {
      "type": "delete-node",
      "node": {
        "label": "ELSE",
        "type": "else"
      },
      "location-before-char-start": 71836,
      "location-before-char-end": 72347,
      "node-str": "ELSE"
    },
    {
      "type": "delete-node",
      "node": {
        "label": "if",
        "type": "If"
      },
      "location-before-char-start": 71329,
      "location-before-char-end": 72347,
      "node-str": "if"
    },
    {
      "type": "delete-node",
      "node": {
        "label": "newIssue",
        "type": "VariableRead"
      },
      "location-before-char-start": 73516,
      "location-before-char-end": 73523,
      "node-str": "newIssue"
    },
    {
      "type": "delete-node",
      "node": {
        "label": "return",
        "type": "Return"
      },
      "location-before-char-start": 73509,
      "location-before-char-end": 73524,
      "node-str": "return"
    },
    {
      "type": "delete-node",
      "node": {
        "label": "move",
        "type": "Method"
      },
      "location-before-char-start": 66158,
      "location-before-char-end": 73530,
      "node-str": "move"
    }
  ],
  "before-file": {},
  "after-file": {},
  "mapping": {}
}