{
  "tool-info": {},
  "diff": [
    {
      "type": "insert-node",
      "node": {
        "label": "TableModelFilteredView",
        "type": "Class"
      },
      "location-after-char-start": 1028,
      "location-after-char-end": 7151,
      "node-str": "TableModelFilteredView"
    },
    {
      "type": "insert-node",
      "node": {
        "label": "public",
        "type": "Modifier"
      },
      "location-after-char-start": 0,
      "location-after-char-end": 0,
      "node-str": "public"
    },
    {
      "type": "insert-node",
      "node": {
        "label": "",
        "type": "TypeReference"
      },
      "location-after-char-start": 1072,
      "location-after-char-end": 1087,
      "node-str": ""
    },
    {
      "type": "insert-node",
      "node": {
        "label": "newFlag",
        "type": "Field"
      },
      "location-after-char-start": 1093,
      "location-after-char-end": 1124,
      "node-str": "newFlag"
    },
    {
      "type": "insert-node",
      "node": {
        "label": "answeredFlag",
        "type": "Field"
      },
      "location-after-char-start": 1127,
      "location-after-char-end": 1198,
      "node-str": "answeredFlag"
    },
    {
      "type": "insert-node",
      "node": {
        "label": "flaggedFlag",
        "type": "Field"
      },
      "location-after-char-start": 1201,
      "location-after-char-end": 1236,
      "node-str": "flaggedFlag"
    },
    {
      "type": "insert-node",
      "node": {
        "label": "expungedFlag",
        "type": "Field"
      },
      "location-after-char-start": 1239,
      "location-after-char-end": 1275,
      "node-str": "expungedFlag"
    },
    {
      "type": "insert-node",
      "node": {
        "label": "attachmentFlag",
        "type": "Field"
      },
      "location-after-char-start": 1278,
      "location-after-char-end": 1316,
      "node-str": "attachmentFlag"
    },
    {
      "type": "insert-node",
      "node": {
        "label": "patternString",
        "type": "Field"
      },
      "location-after-char-start": 1319,
      "location-after-char-end": 1417,
      "node-str": "patternString"
    },
    {
      "type": "insert-node",
      "node": {
        "label": "dataFiltering",
        "type": "Field"
      },
      "location-after-char-start": 1421,
      "location-after-char-end": 1458,
      "node-str": "dataFiltering"
    },
    {
      "type": "insert-node",
      "node": {
        "label": "\u003cinit\u003e",
        "type": "Constructor"
      },
      "location-after-char-start": 1462,
      "location-after-char-end": 1545,
      "node-str": "\u003cinit\u003e"
    },
    {
      "type": "move-subtree",
      "node": {
        "label": "setDataFiltering",
        "type": "Method"
      },
      "location-before-char-start": 1586,
      "location-before-char-end": 1896,
      "location-after-char-start": 1549,
      "location-after-char-end": 1859,
      "node-str": "setDataFiltering"
    },
    {
      "type": "move-subtree",
      "node": {
        "label": "getDataFiltering",
        "type": "Method"
      },
      "location-before-char-start": 1900,
      "location-before-char-end": 1961,
      "location-after-char-start": 1863,
      "location-after-char-end": 1924,
      "node-str": "getDataFiltering"
    },
    {
      "type": "move-subtree",
      "node": {
        "label": "setNewFlag",
        "type": "Method"
      },
      "location-before-char-start": 1965,
      "location-before-char-end": 2089,
      "location-after-char-start": 1928,
      "location-after-char-end": 2052,
      "node-str": "setNewFlag"
    },
    {
      "type": "move-subtree",
      "node": {
        "label": "getNewFlag",
        "type": "Method"
      },
      "location-before-char-start": 2093,
      "location-before-char-end": 2142,
      "location-after-char-start": 2056,
      "location-after-char-end": 2105,
      "node-str": "getNewFlag"
    },
    {
      "type": "move-subtree",
      "node": {
        "label": "setAnsweredFlag",
        "type": "Method"
      },
      "location-before-char-start": 2146,
      "location-before-char-end": 2469,
      "location-after-char-start": 2109,
      "location-after-char-end": 2432,
      "node-str": "setAnsweredFlag"
    },
    {
      "type": "move-subtree",
      "node": {
        "label": "getAnsweredFlag",
        "type": "Method"
      },
      "location-before-char-start": 2473,
      "location-before-char-end": 2532,
      "location-after-char-start": 2436,
      "location-after-char-end": 2495,
      "node-str": "getAnsweredFlag"
    },
    {
      "type": "move-subtree",
      "node": {
        "label": "setFlaggedFlag",
        "type": "Method"
      },
      "location-before-char-start": 2536,
      "location-before-char-end": 2668,
      "location-after-char-start": 2499,
      "location-after-char-end": 2631,
      "node-str": "setFlaggedFlag"
    },
    {
      "type": "move-subtree",
      "node": {
        "label": "getFlaggedFlag",
        "type": "Method"
      },
      "location-before-char-start": 2672,
      "location-before-char-end": 2729,
      "location-after-char-start": 2635,
      "location-after-char-end": 2692,
      "node-str": "getFlaggedFlag"
    },
    {
      "type": "move-subtree",
      "node": {
        "label": "setExpungedFlag",
        "type": "Method"
      },
      "location-before-char-start": 2732,
      "location-before-char-end": 2866,
      "location-after-char-start": 2695,
      "location-after-char-end": 2829,
      "node-str": "setExpungedFlag"
    },
    {
      "type": "move-subtree",
      "node": {
        "label": "getExpungedFlag",
        "type": "Method"
      },
      "location-before-char-start": 2870,
      "location-before-char-end": 2929,
      "location-after-char-start": 2833,
      "location-after-char-end": 2892,
      "node-str": "getExpungedFlag"
    },
    {
      "type": "move-subtree",
      "node": {
        "label": "setAttachmentFlag",
        "type": "Method"
      },
      "location-before-char-start": 2932,
      "location-before-char-end": 3071,
      "location-after-char-start": 2895,
      "location-after-char-end": 3034,
      "node-str": "setAttachmentFlag"
    },
    {
      "type": "move-subtree",
      "node": {
        "label": "getAttachmentFlag",
        "type": "Method"
      },
      "location-before-char-start": 3075,
      "location-before-char-end": 3138,
      "location-after-char-start": 3038,
      "location-after-char-end": 3101,
      "node-str": "getAttachmentFlag"
    },
    {
      "type": "move-subtree",
      "node": {
        "label": "setPatternString",
        "type": "Method"
      },
      "location-before-char-start": 3142,
      "location-before-char-end": 3349,
      "location-after-char-start": 3105,
      "location-after-char-end": 3312,
      "node-str": "setPatternString"
    },
    {
      "type": "move-subtree",
      "node": {
        "label": "getPatternString",
        "type": "Method"
      },
      "location-before-char-start": 3353,
      "location-before-char-end": 3481,
      "location-after-char-start": 3316,
      "location-after-char-end": 3444,
      "node-str": "getPatternString"
    },
    {
      "type": "move-subtree",
      "node": {
        "label": "testString",
        "type": "Method"
      },
      "location-before-char-start": 3485,
      "location-before-char-end": 4083,
      "location-after-char-start": 3448,
      "location-after-char-end": 4046,
      "node-str": "testString"
    },
    {
      "type": "move-subtree",
      "node": {
        "label": "addItem",
        "type": "Method"
      },
      "location-before-char-start": 4087,
      "location-before-char-end": 5188,
      "location-after-char-start": 4050,
      "location-after-char-end": 5151,
      "node-str": "addItem"
    },
    {
      "type": "insert-node",
      "node": {
        "label": "manipulateModel",
        "type": "Method"
      },
      "location-after-char-start": 5155,
      "location-after-char-end": 7148,
      "node-str": "manipulateModel"
    },
    {
      "type": "insert-node",
      "node": {
        "label": "org.columba.mail.gui.table.util.TableModelPlugin",
        "type": "SUPER_TYPE"
      },
      "location-after-char-start": 0,
      "location-after-char-end": 0,
      "node-str": "org.columba.mail.gui.table.util.TableModelPlugin"
    },
    {
      "type": "insert-node",
      "node": {
        "label": "boolean",
        "type": "VARIABLE_TYPE"
      },
      "location-after-char-start": 0,
      "location-after-char-end": 0,
      "node-str": "boolean"
    },
    {
      "type": "insert-node",
      "node": {
        "label": "false",
        "type": "Literal"
      },
      "location-after-char-start": 1119,
      "location-after-char-end": 1123,
      "node-str": "false"
    },
    {
      "type": "insert-node",
      "node": {
        "label": "boolean",
        "type": "VARIABLE_TYPE"
      },
      "location-after-char-start": 0,
      "location-after-char-end": 0,
      "node-str": "boolean"
    },
    {
      "type": "insert-node",
      "node": {
        "label": "false",
        "type": "Literal"
      },
      "location-after-char-start": 1193,
      "location-after-char-end": 1197,
      "node-str": "false"
    },
    {
      "type": "insert-node",
      "node": {
        "label": "boolean",
        "type": "VARIABLE_TYPE"
      },
      "location-after-char-start": 0,
      "location-after-char-end": 0,
      "node-str": "boolean"
    },
    {
      "type": "insert-node",
      "node": {
        "label": "false",
        "type": "Literal"
      },
      "location-after-char-start": 1231,
      "location-after-char-end": 1235,
      "node-str": "false"
    },
    {
      "type": "insert-node",
      "node": {
        "label": "boolean",
        "type": "VARIABLE_TYPE"
      },
      "location-after-char-start": 0,
      "location-after-char-end": 0,
      "node-str": "boolean"
    },
    {
      "type": "insert-node",
      "node": {
        "label": "false",
        "type": "Literal"
      },
      "location-after-char-start": 1270,
      "location-after-char-end": 1274,
      "node-str": "false"
    },
    {
      "type": "insert-node",
      "node": {
        "label": "boolean",
        "type": "VARIABLE_TYPE"
      },
      "location-after-char-start": 0,
      "location-after-char-end": 0,
      "node-str": "boolean"
    },
    {
      "type": "insert-node",
      "node": {
        "label": "false",
        "type": "Literal"
      },
      "location-after-char-start": 1311,
      "location-after-char-end": 1315,
      "node-str": "false"
    },
    {
      "type": "insert-node",
      "node": {
        "label": "java.lang.String",
        "type": "VARIABLE_TYPE"
      },
      "location-after-char-start": 0,
      "location-after-char-end": 0,
      "node-str": "java.lang.String"
    },
    {
      "type": "insert-node",
      "node": {
        "label": "java.lang.String()",
        "type": "ConstructorCall"
      },
      "location-after-char-start": 1405,
      "location-after-char-end": 1416,
      "node-str": "java.lang.String()"
    },
    {
      "type": "insert-node",
      "node": {
        "label": "boolean",
        "type": "VARIABLE_TYPE"
      },
      "location-after-char-start": 0,
      "location-after-char-end": 0,
      "node-str": "boolean"
    },
    {
      "type": "insert-node",
      "node": {
        "label": "false",
        "type": "Literal"
      },
      "location-after-char-start": 1453,
      "location-after-char-end": 1457,
      "node-str": "false"
    },
    {
      "type": "insert-node",
      "node": {
        "label": "public",
        "type": "Modifier"
      },
      "location-after-char-start": 0,
      "location-after-char-end": 0,
      "node-str": "public"
    },
    {
      "type": "insert-node",
      "node": {
        "label": "tableModel",
        "type": "Parameter"
      },
      "location-after-char-start": 1492,
      "location-after-char-end": 1518,
      "node-str": "tableModel"
    },
    {
      "type": "insert-node",
      "node": {
        "label": "\u003cinit\u003e",
        "type": "Invocation"
      },
      "location-after-char-start": 1525,
      "location-after-char-end": 1542,
      "node-str": "\u003cinit\u003e"
    },
    {
      "type": "insert-node",
      "node": {
        "label": "boolean",
        "type": "RETURN_TYPE"
      },
      "location-after-char-start": 0,
      "location-after-char-end": 0,
      "node-str": "boolean"
    },
    {
      "type": "insert-node",
      "node": {
        "label": "java.lang.Exception",
        "type": "THROWS"
      },
      "location-after-char-start": 0,
      "location-after-char-end": 0,
      "node-str": "java.lang.Exception"
    },
    {
      "type": "insert-node",
      "node": {
        "label": "public",
        "type": "Modifier"
      },
      "location-after-char-start": 0,
      "location-after-char-end": 0,
      "node-str": "public"
    },
    {
      "type": "insert-node",
      "node": {
        "label": "mode",
        "type": "Parameter"
      },
      "location-after-char-start": 5186,
      "location-after-char-end": 5193,
      "node-str": "mode"
    },
    {
      "type": "insert-node",
      "node": {
        "label": "",
        "type": "Switch"
      },
      "location-after-char-start": 5217,
      "location-after-char-end": 7128,
      "node-str": ""
    },
    {
      "type": "insert-node",
      "node": {
        "label": "return",
        "type": "Return"
      },
      "location-after-char-start": 7133,
      "location-after-char-end": 7145,
      "node-str": "return"
    },
    {
      "type": "insert-node",
      "node": {
        "label": "org.columba.mail.gui.table.HeaderTableModel",
        "type": "VARIABLE_TYPE"
      },
      "location-after-char-start": 0,
      "location-after-char-end": 0,
      "node-str": "org.columba.mail.gui.table.HeaderTableModel"
    },
    {
      "type": "insert-node",
      "node": {
        "label": "tableModel",
        "type": "VariableRead"
      },
      "location-after-char-start": 1531,
      "location-after-char-end": 1540,
      "node-str": "tableModel"
    },
    {
      "type": "update-node",
      "node": {
        "label": "HeaderInterface",
        "type": "VARIABLE_TYPE"
      },
      "location-before-char-start": 0,
      "location-before-char-end": 0,
      "location-after-char-start": 0,
      "location-after-char-end": 0,
      "node-str": "org.columba.mail.message.HeaderInterface"
    },
    {
      "type": "update-node",
      "node": {
        "label": "HeaderInterface",
        "type": "VARIABLE_TYPE"
      },
      "location-before-char-start": 0,
      "location-before-char-end": 0,
      "location-after-char-start": 0,
      "location-after-char-end": 0,
      "node-str": "org.columba.mail.message.HeaderInterface"
    },
    {
      "type": "update-node",
      "node": {
        "label": "Flags",
        "type": "VARIABLE_TYPE"
      },
      "location-before-char-start": 0,
      "location-before-char-end": 0,
      "location-after-char-start": 0,
      "location-after-char-end": 0,
      "node-str": "org.columba.mail.message.Flags"
    },
    {
      "type": "insert-node",
      "node": {
        "label": "int",
        "type": "VARIABLE_TYPE"
      },
      "location-after-char-start": 0,
      "location-after-char-end": 0,
      "node-str": "int"
    },
    {
      "type": "insert-node",
      "node": {
        "label": "mode",
        "type": "VariableRead"
      },
      "location-after-char-start": 5225,
      "location-after-char-end": 5228,
      "node-str": "mode"
    },
    {
      "type": "insert-node",
      "node": {
        "label": "",
        "type": "Case"
      },
      "location-after-char-start": 5236,
      "location-after-char-end": 6752,
      "node-str": ""
    },
    {
      "type": "insert-node",
      "node": {
        "label": "",
        "type": "Case"
      },
      "location-after-char-start": 6758,
      "location-after-char-end": 7124,
      "node-str": ""
    },
    {
      "type": "insert-node",
      "node": {
        "label": "false",
        "type": "Literal"
      },
      "location-after-char-start": 7140,
      "location-after-char-end": 7144,
      "node-str": "false"
    },
    {
      "type": "insert-node",
      "node": {
        "label": "STRUCTURE_CHANGE",
        "type": "FieldRead"
      },
      "location-after-char-start": 5241,
      "location-after-char-end": 5273,
      "node-str": "STRUCTURE_CHANGE"
    },
    {
      "type": "insert-node",
      "node": {
        "label": "rootNode",
        "type": "LocalVariable"
      },
      "location-after-char-start": 5288,
      "location-after-char-end": 5346,
      "node-str": "rootNode"
    },
    {
      "type": "insert-node",
      "node": {
        "label": "headerList",
        "type": "LocalVariable"
      },
      "location-after-char-start": 5353,
      "location-after-char-end": 5420,
      "node-str": "headerList"
    },
    {
      "type": "move-subtree",
      "node": {
        "label": "if",
        "type": "If"
      },
      "location-before-char-start": 5465,
      "location-before-char-end": 5507,
      "location-after-char-start": 5428,
      "location-after-char-end": 5470,
      "node-str": "if"
    },
    {
      "type": "move-subtree",
      "node": {
        "label": "if",
        "type": "If"
      },
      "location-before-char-start": 5514,
      "location-before-char-end": 5561,
      "location-after-char-start": 5477,
      "location-after-char-end": 5524,
      "node-str": "if"
    },
    {
      "type": "insert-node",
      "node": {
        "label": "if",
        "type": "If"
      },
      "location-after-char-start": 5532,
      "location-after-char-end": 6745,
      "node-str": "if"
    },
    {
      "type": "insert-node",
      "node": {
        "label": "NODES_INSERTED",
        "type": "FieldRead"
      },
      "location-after-char-start": 6763,
      "location-after-char-end": 6793,
      "node-str": "NODES_INSERTED"
    },
    {
      "type": "insert-node",
      "node": {
        "label": "node",
        "type": "LocalVariable"
      },
      "location-after-char-start": 6808,
      "location-after-char-end": 6879,
      "node-str": "node"
    },
    {
      "type": "insert-node",
      "node": {
        "label": "header",
        "type": "LocalVariable"
      },
      "location-after-char-start": 6886,
      "location-after-char-end": 6927,
      "node-str": "header"
    },
    {
      "type": "move-subtree",
      "node": {
        "label": "if",
        "type": "If"
      },
      "location-before-char-start": 6972,
      "location-before-char-end": 7135,
      "location-after-char-start": 6935,
      "location-after-char-end": 7098,
      "node-str": "if"
    },
    {
      "type": "insert-node",
      "node": {
        "label": "return",
        "type": "Return"
      },
      "location-after-char-start": 7106,
      "location-after-char-end": 7117,
      "node-str": "return"
    },
    {
      "type": "insert-node",
      "node": {
        "label": "TableModelPlugin",
        "type": "TypeAccess"
      },
      "location-after-char-start": 0,
      "location-after-char-end": 0,
      "node-str": "TableModelPlugin"
    },
    {
      "type": "insert-node",
      "node": {
        "label": "org.columba.mail.gui.table.util.MessageNode",
        "type": "VARIABLE_TYPE"
      },
      "location-after-char-start": 0,
      "location-after-char-end": 0,
      "node-str": "org.columba.mail.gui.table.util.MessageNode"
    },
    {
      "type": "insert-node",
      "node": {
        "label": "getRootNode",
        "type": "Invocation"
      },
      "location-after-char-start": 5311,
      "location-after-char-end": 5345,
      "node-str": "getRootNode"
    },
    {
      "type": "insert-node",
      "node": {
        "label": "org.columba.mail.message.HeaderList",
        "type": "VARIABLE_TYPE"
      },
      "location-after-char-start": 0,
      "location-after-char-end": 0,
      "node-str": "org.columba.mail.message.HeaderList"
    },
    {
      "type": "insert-node",
      "node": {
        "label": "getHeaderList",
        "type": "Invocation"
      },
      "location-after-char-start": 5383,
      "location-after-char-end": 5419,
      "node-str": "getHeaderList"
    },
    {
      "type": "insert-node",
      "node": {
        "label": "EQ",
        "type": "BinaryOperator"
      },
      "location-after-char-start": 5536,
      "location-after-char-end": 5561,
      "node-str": "EQ"
    },
    {
      "type": "insert-node",
      "node": {
        "label": "THEN",
        "type": "then"
      },
      "location-after-char-start": 5564,
      "location-after-char-end": 6621,
      "node-str": "THEN"
    },
    {
      "type": "insert-node",
      "node": {
        "label": "ELSE",
        "type": "else"
      },
      "location-after-char-start": 6628,
      "location-after-char-end": 6745,
      "node-str": "ELSE"
    },
    {
      "type": "insert-node",
      "node": {
        "label": "TableModelPlugin",
        "type": "TypeAccess"
      },
      "location-after-char-start": 0,
      "location-after-char-end": 0,
      "node-str": "TableModelPlugin"
    },
    {
      "type": "insert-node",
      "node": {
        "label": "org.columba.mail.gui.table.util.MessageNode",
        "type": "VARIABLE_TYPE"
      },
      "location-after-char-start": 0,
      "location-after-char-end": 0,
      "node-str": "org.columba.mail.gui.table.util.MessageNode"
    },
    {
      "type": "insert-node",
      "node": {
        "label": "getSelectedMessageNode",
        "type": "Invocation"
      },
      "location-after-char-start": 6833,
      "location-after-char-end": 6878,
      "node-str": "getSelectedMessageNode"
    },
    {
      "type": "insert-node",
      "node": {
        "label": "org.columba.mail.message.HeaderInterface",
        "type": "VARIABLE_TYPE"
      },
      "location-after-char-start": 0,
      "location-after-char-end": 0,
      "node-str": "org.columba.mail.message.HeaderInterface"
    },
    {
      "type": "insert-node",
      "node": {
        "label": "getHeader",
        "type": "Invocation"
      },
      "location-after-char-start": 6911,
      "location-after-char-end": 6926,
      "node-str": "getHeader"
    },
    {
      "type": "insert-node",
      "node": {
        "label": "true",
        "type": "Literal"
      },
      "location-after-char-start": 7113,
      "location-after-char-end": 7116,
      "node-str": "true"
    },
    {
      "type": "insert-node",
      "node": {
        "label": "getHeaderTableModel",
        "type": "Invocation"
      },
      "location-after-char-start": 5311,
      "location-after-char-end": 5331,
      "node-str": "getHeaderTableModel"
    },
    {
      "type": "insert-node",
      "node": {
        "label": "getHeaderTableModel",
        "type": "Invocation"
      },
      "location-after-char-start": 5383,
      "location-after-char-end": 5403,
      "node-str": "getHeaderTableModel"
    },
    {
      "type": "insert-node",
      "node": {
        "label": "getDataFiltering",
        "type": "Invocation"
      },
      "location-after-char-start": 5536,
      "location-after-char-end": 5553,
      "node-str": "getDataFiltering"
    },
    {
      "type": "insert-node",
      "node": {
        "label": "true",
        "type": "Literal"
      },
      "location-after-char-start": 5558,
      "location-after-char-end": 5561,
      "node-str": "true"
    },
    {
      "type": "insert-node",
      "node": {
        "label": "header",
        "type": "LocalVariable"
      },
      "location-after-char-start": 5623,
      "location-after-char-end": 5643,
      "node-str": "header"
    },
    {
      "type": "insert-node",
      "node": {
        "label": "",
        "type": "For"
      },
      "location-after-char-start": 5652,
      "location-after-char-end": 6101,
      "node-str": ""
    },
    {
      "type": "insert-node",
      "node": {
        "label": "return",
        "type": "Return"
      },
      "location-after-char-start": 6602,
      "location-after-char-end": 6613,
      "node-str": "return"
    },
    {
      "type": "insert-node",
      "node": {
        "label": "return",
        "type": "Return"
      },
      "location-after-char-start": 6725,
      "location-after-char-end": 6737,
      "node-str": "return"
    },
    {
      "type": "insert-node",
      "node": {
        "label": "getHeaderTableModel",
        "type": "Invocation"
      },
      "location-after-char-start": 6833,
      "location-after-char-end": 6853,
      "node-str": "getHeaderTableModel"
    },
    {
      "type": "insert-node",
      "node": {
        "label": "node",
        "type": "VariableRead"
      },
      "location-after-char-start": 6911,
      "location-after-char-end": 6914,
      "node-str": "node"
    },
    {
      "type": "insert-node",
      "node": {
        "label": "org.columba.mail.gui.table.util.TableModelFilteredView",
        "type": "TypeAccess"
      },
      "location-after-char-start": 0,
      "location-after-char-end": 0,
      "node-str": "org.columba.mail.gui.table.util.TableModelFilteredView"
    },
    {
      "type": "insert-node",
      "node": {
        "label": "org.columba.mail.gui.table.util.TableModelFilteredView",
        "type": "TypeAccess"
      },
      "location-after-char-start": 0,
      "location-after-char-end": 0,
      "node-str": "org.columba.mail.gui.table.util.TableModelFilteredView"
    },
    {
      "type": "insert-node",
      "node": {
        "label": "org.columba.mail.gui.table.util.TableModelFilteredView",
        "type": "TypeAccess"
      },
      "location-after-char-start": 0,
      "location-after-char-end": 0,
      "node-str": "org.columba.mail.gui.table.util.TableModelFilteredView"
    },
    {
      "type": "insert-node",
      "node": {
        "label": "org.columba.mail.message.ColumbaHeader",
        "type": "VARIABLE_TYPE"
      },
      "location-after-char-start": 0,
      "location-after-char-end": 0,
      "node-str": "org.columba.mail.message.ColumbaHeader"
    },
    {
      "type": "insert-node",
      "node": {
        "label": "e",
        "type": "LocalVariable"
      },
      "location-after-char-start": 5657,
      "location-after-char-end": 5689,
      "node-str": "e"
    },
    {
      "type": "insert-node",
      "node": {
        "label": "hasMoreElements",
        "type": "Invocation"
      },
      "location-after-char-start": 5699,
      "location-after-char-end": 5717,
      "node-str": "hasMoreElements"
    },
    {
      "type": "insert-node",
      "node": {
        "label": "uid",
        "type": "LocalVariable"
      },
      "location-after-char-start": 5738,
      "location-after-char-end": 5766,
      "node-str": "uid"
    },
    {
      "type": "move-subtree",
      "node": {
        "label": "\u003d",
        "type": "Assignment"
      },
      "location-before-char-start": 5812,
      "location-before-char-end": 5856,
      "location-after-char-start": 5775,
      "location-after-char-end": 5819,
      "node-str": "\u003d"
    },
    {
      "type": "move-subtree",
      "node": {
        "label": "result",
        "type": "LocalVariable"
      },
      "location-before-char-start": 5873,
      "location-before-char-end": 5905,
      "location-after-char-start": 5836,
      "location-after-char-end": 5868,
      "node-str": "result"
    },
    {
      "type": "insert-node",
      "node": {
        "label": "if",
        "type": "If"
      },
      "location-after-char-start": 5952,
      "location-after-char-end": 6093,
      "node-str": "if"
    },
    {
      "type": "insert-node",
      "node": {
        "label": "true",
        "type": "Literal"
      },
      "location-after-char-start": 6609,
      "location-after-char-end": 6612,
      "node-str": "true"
    },
    {
      "type": "insert-node",
      "node": {
        "label": "false",
        "type": "Literal"
      },
      "location-after-char-start": 6732,
      "location-after-char-end": 6736,
      "node-str": "false"
    },
    {
      "type": "insert-node",
      "node": {
        "label": "org.columba.mail.gui.table.util.TableModelFilteredView",
        "type": "TypeAccess"
      },
      "location-after-char-start": 0,
      "location-after-char-end": 0,
      "node-str": "org.columba.mail.gui.table.util.TableModelFilteredView"
    },
    {
      "type": "insert-node",
      "node": {
        "label": "java.util.Enumeration",
        "type": "VARIABLE_TYPE"
      },
      "location-after-char-start": 0,
      "location-after-char-end": 0,
      "node-str": "java.util.Enumeration"
    },
    {
      "type": "insert-node",
      "node": {
        "label": "keys",
        "type": "Invocation"
      },
      "location-after-char-start": 5673,
      "location-after-char-end": 5689,
      "node-str": "keys"
    },
    {
      "type": "insert-node",
      "node": {
        "label": "e",
        "type": "VariableRead"
      },
      "location-after-char-start": 5699,
      "location-after-char-end": 5699,
      "node-str": "e"
    },
    {
      "type": "insert-node",
      "node": {
        "label": "java.lang.Object",
        "type": "VARIABLE_TYPE"
      },
      "location-after-char-start": 0,
      "location-after-char-end": 0,
      "node-str": "java.lang.Object"
    },
    {
      "type": "insert-node",
      "node": {
        "label": "nextElement",
        "type": "Invocation"
      },
      "location-after-char-start": 5751,
      "location-after-char-end": 5765,
      "node-str": "nextElement"
    },
    {
      "type": "insert-node",
      "node": {
        "label": "result",
        "type": "VariableRead"
      },
      "location-after-char-start": 5956,
      "location-after-char-end": 5961,
      "node-str": "result"
    },
    {
      "type": "insert-node",
      "node": {
        "label": "THEN",
        "type": "then"
      },
      "location-after-char-start": 5964,
      "location-after-char-end": 6093,
      "node-str": "THEN"
    },
    {
      "type": "insert-node",
      "node": {
        "label": "headerList",
        "type": "VariableRead"
      },
      "location-after-char-start": 5673,
      "location-after-char-end": 5682,
      "node-str": "headerList"
    },
    {
      "type": "insert-node",
      "node": {
        "label": "e",
        "type": "VariableRead"
      },
      "location-after-char-start": 5751,
      "location-after-char-end": 5751,
      "node-str": "e"
    },
    {
      "type": "insert-node",
      "node": {
        "label": "childNode",
        "type": "LocalVariable"
      },
      "location-after-char-start": 5990,
      "location-after-char-end": 6051,
      "node-str": "childNode"
    },
    {
      "type": "insert-node",
      "node": {
        "label": "add",
        "type": "Invocation"
      },
      "location-after-char-start": 6061,
      "location-after-char-end": 6084,
      "node-str": "add"
    },
    {
      "type": "insert-node",
      "node": {
        "label": "org.columba.mail.gui.table.util.MessageNode",
        "type": "VARIABLE_TYPE"
      },
      "location-after-char-start": 0,
      "location-after-char-end": 0,
      "node-str": "org.columba.mail.gui.table.util.MessageNode"
    },
    {
      "type": "insert-node",
      "node": {
        "label": "java.lang.Object()",
        "type": "ConstructorCall"
      },
      "location-after-char-start": 6023,
      "location-after-char-end": 6050,
      "node-str": "java.lang.Object()"
    },
    {
      "type": "insert-node",
      "node": {
        "label": "rootNode",
        "type": "VariableRead"
      },
      "location-after-char-start": 6061,
      "location-after-char-end": 6068,
      "node-str": "rootNode"
    },
    {
      "type": "insert-node",
      "node": {
        "label": "childNode",
        "type": "VariableRead"
      },
      "location-after-char-start": 6074,
      "location-after-char-end": 6082,
      "node-str": "childNode"
    },
    {
      "type": "insert-node",
      "node": {
        "label": "header",
        "type": "VariableRead"
      },
      "location-after-char-start": 6039,
      "location-after-char-end": 6044,
      "node-str": "header"
    },
    {
      "type": "insert-node",
      "node": {
        "label": "uid",
        "type": "VariableRead"
      },
      "location-after-char-start": 6047,
      "location-after-char-end": 6049,
      "node-str": "uid"
    },
    {
      "type": "delete-node",
      "node": {
        "label": "public",
        "type": "Modifier"
      },
      "location-before-char-start": 0,
      "location-before-char-end": 0,
      "node-str": "public"
    },
    {
      "type": "delete-node",
      "node": {
        "label": "TableModelPlugin",
        "type": "SUPER_TYPE"
      },
      "location-before-char-start": 0,
      "location-before-char-end": 0,
      "node-str": "TableModelPlugin"
    },
    {
      "type": "delete-node",
      "node": {
        "label": "",
        "type": "TypeReference"
      },
      "location-before-char-start": 1109,
      "location-before-char-end": 1124,
      "node-str": ""
    },
    {
      "type": "delete-node",
      "node": {
        "label": "boolean",
        "type": "VARIABLE_TYPE"
      },
      "location-before-char-start": 0,
      "location-before-char-end": 0,
      "node-str": "boolean"
    },
    {
      "type": "delete-node",
      "node": {
        "label": "false",
        "type": "Literal"
      },
      "location-before-char-start": 1156,
      "location-before-char-end": 1160,
      "node-str": "false"
    },
    {
      "type": "delete-node",
      "node": {
        "label": "newFlag",
        "type": "Field"
      },
      "location-before-char-start": 1130,
      "location-before-char-end": 1161,
      "node-str": "newFlag"
    },
    {
      "type": "delete-node",
      "node": {
        "label": "boolean",
        "type": "VARIABLE_TYPE"
      },
      "location-before-char-start": 0,
      "location-before-char-end": 0,
      "node-str": "boolean"
    },
    {
      "type": "delete-node",
      "node": {
        "label": "false",
        "type": "Literal"
      },
      "location-before-char-start": 1230,
      "location-before-char-end": 1234,
      "node-str": "false"
    },
    {
      "type": "delete-node",
      "node": {
        "label": "answeredFlag",
        "type": "Field"
      },
      "location-before-char-start": 1164,
      "location-before-char-end": 1235,
      "node-str": "answeredFlag"
    },
    {
      "type": "delete-node",
      "node": {
        "label": "boolean",
        "type": "VARIABLE_TYPE"
      },
      "location-before-char-start": 0,
      "location-before-char-end": 0,
      "node-str": "boolean"
    },
    {
      "type": "delete-node",
      "node": {
        "label": "false",
        "type": "Literal"
      },
      "location-before-char-start": 1268,
      "location-before-char-end": 1272,
      "node-str": "false"
    },
    {
      "type": "delete-node",
      "node": {
        "label": "flaggedFlag",
        "type": "Field"
      },
      "location-before-char-start": 1238,
      "location-before-char-end": 1273,
      "node-str": "flaggedFlag"
    },
    {
      "type": "delete-node",
      "node": {
        "label": "boolean",
        "type": "VARIABLE_TYPE"
      },
      "location-before-char-start": 0,
      "location-before-char-end": 0,
      "node-str": "boolean"
    },
    {
      "type": "delete-node",
      "node": {
        "label": "false",
        "type": "Literal"
      },
      "location-before-char-start": 1307,
      "location-before-char-end": 1311,
      "node-str": "false"
    },
    {
      "type": "delete-node",
      "node": {
        "label": "expungedFlag",
        "type": "Field"
      },
      "location-before-char-start": 1276,
      "location-before-char-end": 1312,
      "node-str": "expungedFlag"
    },
    {
      "type": "delete-node",
      "node": {
        "label": "boolean",
        "type": "VARIABLE_TYPE"
      },
      "location-before-char-start": 0,
      "location-before-char-end": 0,
      "node-str": "boolean"
    },
    {
      "type": "delete-node",
      "node": {
        "label": "false",
        "type": "Literal"
      },
      "location-before-char-start": 1348,
      "location-before-char-end": 1352,
      "node-str": "false"
    },
    {
      "type": "delete-node",
      "node": {
        "label": "attachmentFlag",
        "type": "Field"
      },
      "location-before-char-start": 1315,
      "location-before-char-end": 1353,
      "node-str": "attachmentFlag"
    },
    {
      "type": "delete-node",
      "node": {
        "label": "java.lang.String",
        "type": "VARIABLE_TYPE"
      },
      "location-before-char-start": 0,
      "location-before-char-end": 0,
      "node-str": "java.lang.String"
    },
    {
      "type": "delete-node",
      "node": {
        "label": "java.lang.String()",
        "type": "ConstructorCall"
      },
      "location-before-char-start": 1442,
      "location-before-char-end": 1453,
      "node-str": "java.lang.String()"
    },
    {
      "type": "delete-node",
      "node": {
        "label": "patternString",
        "type": "Field"
      },
      "location-before-char-start": 1356,
      "location-before-char-end": 1454,
      "node-str": "patternString"
    },
    {
      "type": "delete-node",
      "node": {
        "label": "boolean",
        "type": "VARIABLE_TYPE"
      },
      "location-before-char-start": 0,
      "location-before-char-end": 0,
      "node-str": "boolean"
    },
    {
      "type": "delete-node",
      "node": {
        "label": "false",
        "type": "Literal"
      },
      "location-before-char-start": 1490,
      "location-before-char-end": 1494,
      "node-str": "false"
    },
    {
      "type": "delete-node",
      "node": {
        "label": "dataFiltering",
        "type": "Field"
      },
      "location-before-char-start": 1458,
      "location-before-char-end": 1495,
      "node-str": "dataFiltering"
    },
    {
      "type": "delete-node",
      "node": {
        "label": "public",
        "type": "Modifier"
      },
      "location-before-char-start": 0,
      "location-before-char-end": 0,
      "node-str": "public"
    },
    {
      "type": "delete-node",
      "node": {
        "label": "HeaderTableModel",
        "type": "VARIABLE_TYPE"
      },
      "location-before-char-start": 0,
      "location-before-char-end": 0,
      "node-str": "HeaderTableModel"
    },
    {
      "type": "delete-node",
      "node": {
        "label": "tableModel",
        "type": "Parameter"
      },
      "location-before-char-start": 1529,
      "location-before-char-end": 1555,
      "node-str": "tableModel"
    },
    {
      "type": "delete-node",
      "node": {
        "label": "tableModel",
        "type": "VariableRead"
      },
      "location-before-char-start": 1568,
      "location-before-char-end": 1577,
      "node-str": "tableModel"
    },
    {
      "type": "delete-node",
      "node": {
        "label": "\u003cinit\u003e",
        "type": "Invocation"
      },
      "location-before-char-start": 1562,
      "location-before-char-end": 1579,
      "node-str": "\u003cinit\u003e"
    },
    {
      "type": "delete-node",
      "node": {
        "label": "\u003cinit\u003e",
        "type": "Constructor"
      },
      "location-before-char-start": 1499,
      "location-before-char-end": 1582,
      "node-str": "\u003cinit\u003e"
    },
    {
      "type": "delete-node",
      "node": {
        "label": "boolean",
        "type": "RETURN_TYPE"
      },
      "location-before-char-start": 0,
      "location-before-char-end": 0,
      "node-str": "boolean"
    },
    {
      "type": "delete-node",
      "node": {
        "label": "java.lang.Exception",
        "type": "THROWS"
      },
      "location-before-char-start": 0,
      "location-before-char-end": 0,
      "node-str": "java.lang.Exception"
    },
    {
      "type": "delete-node",
      "node": {
        "label": "public",
        "type": "Modifier"
      },
      "location-before-char-start": 0,
      "location-before-char-end": 0,
      "node-str": "public"
    },
    {
      "type": "delete-node",
      "node": {
        "label": "int",
        "type": "VARIABLE_TYPE"
      },
      "location-before-char-start": 0,
      "location-before-char-end": 0,
      "node-str": "int"
    },
    {
      "type": "delete-node",
      "node": {
        "label": "mode",
        "type": "Parameter"
      },
      "location-before-char-start": 5223,
      "location-before-char-end": 5230,
      "node-str": "mode"
    },
    {
      "type": "delete-node",
      "node": {
        "label": "mode",
        "type": "VariableRead"
      },
      "location-before-char-start": 5262,
      "location-before-char-end": 5265,
      "node-str": "mode"
    },
    {
      "type": "delete-node",
      "node": {
        "label": "TableModelPlugin",
        "type": "TypeAccess"
      },
      "location-before-char-start": 0,
      "location-before-char-end": 0,
      "node-str": "TableModelPlugin"
    },
    {
      "type": "delete-node",
      "node": {
        "label": "STRUCTURE_CHANGE",
        "type": "FieldRead"
      },
      "location-before-char-start": 5278,
      "location-before-char-end": 5310,
      "node-str": "STRUCTURE_CHANGE"
    },
    {
      "type": "delete-node",
      "node": {
        "label": "MessageNode",
        "type": "VARIABLE_TYPE"
      },
      "location-before-char-start": 0,
      "location-before-char-end": 0,
      "node-str": "MessageNode"
    },
    {
      "type": "delete-node",
      "node": {
        "label": "org.columba.mail.gui.table.util.TableModelFilteredView",
        "type": "TypeAccess"
      },
      "location-before-char-start": 0,
      "location-before-char-end": 0,
      "node-str": "org.columba.mail.gui.table.util.TableModelFilteredView"
    },
    {
      "type": "delete-node",
      "node": {
        "label": "getHeaderTableModel",
        "type": "Invocation"
      },
      "location-before-char-start": 5348,
      "location-before-char-end": 5368,
      "node-str": "getHeaderTableModel"
    },
    {
      "type": "delete-node",
      "node": {
        "label": "getRootNode",
        "type": "Invocation"
      },
      "location-before-char-start": 5348,
      "location-before-char-end": 5382,
      "node-str": "getRootNode"
    },
    {
      "type": "delete-node",
      "node": {
        "label": "rootNode",
        "type": "LocalVariable"
      },
      "location-before-char-start": 5325,
      "location-before-char-end": 5383,
      "node-str": "rootNode"
    },
    {
      "type": "delete-node",
      "node": {
        "label": "HeaderList",
        "type": "VARIABLE_TYPE"
      },
      "location-before-char-start": 0,
      "location-before-char-end": 0,
      "node-str": "HeaderList"
    },
    {
      "type": "delete-node",
      "node": {
        "label": "org.columba.mail.gui.table.util.TableModelFilteredView",
        "type": "TypeAccess"
      },
      "location-before-char-start": 0,
      "location-before-char-end": 0,
      "node-str": "org.columba.mail.gui.table.util.TableModelFilteredView"
    },
    {
      "type": "delete-node",
      "node": {
        "label": "getHeaderTableModel",
        "type": "Invocation"
      },
      "location-before-char-start": 5420,
      "location-before-char-end": 5440,
      "node-str": "getHeaderTableModel"
    },
    {
      "type": "delete-node",
      "node": {
        "label": "getHeaderList",
        "type": "Invocation"
      },
      "location-before-char-start": 5420,
      "location-before-char-end": 5456,
      "node-str": "getHeaderList"
    },
    {
      "type": "delete-node",
      "node": {
        "label": "headerList",
        "type": "LocalVariable"
      },
      "location-before-char-start": 5390,
      "location-before-char-end": 5457,
      "node-str": "headerList"
    },
    {
      "type": "delete-node",
      "node": {
        "label": "org.columba.mail.gui.table.util.TableModelFilteredView",
        "type": "TypeAccess"
      },
      "location-before-char-start": 0,
      "location-before-char-end": 0,
      "node-str": "org.columba.mail.gui.table.util.TableModelFilteredView"
    },
    {
      "type": "delete-node",
      "node": {
        "label": "getDataFiltering",
        "type": "Invocation"
      },
      "location-before-char-start": 5573,
      "location-before-char-end": 5590,
      "node-str": "getDataFiltering"
    },
    {
      "type": "delete-node",
      "node": {
        "label": "true",
        "type": "Literal"
      },
      "location-before-char-start": 5595,
      "location-before-char-end": 5598,
      "node-str": "true"
    },
    {
      "type": "delete-node",
      "node": {
        "label": "EQ",
        "type": "BinaryOperator"
      },
      "location-before-char-start": 5573,
      "location-before-char-end": 5598,
      "node-str": "EQ"
    },
    {
      "type": "delete-node",
      "node": {
        "label": "ColumbaHeader",
        "type": "VARIABLE_TYPE"
      },
      "location-before-char-start": 0,
      "location-before-char-end": 0,
      "node-str": "ColumbaHeader"
    },
    {
      "type": "delete-node",
      "node": {
        "label": "header",
        "type": "LocalVariable"
      },
      "location-before-char-start": 5660,
      "location-before-char-end": 5680,
      "node-str": "header"
    },
    {
      "type": "delete-node",
      "node": {
        "label": "java.util.Enumeration",
        "type": "VARIABLE_TYPE"
      },
      "location-before-char-start": 0,
      "location-before-char-end": 0,
      "node-str": "java.util.Enumeration"
    },
    {
      "type": "delete-node",
      "node": {
        "label": "headerList",
        "type": "VariableRead"
      },
      "location-before-char-start": 5710,
      "location-before-char-end": 5719,
      "node-str": "headerList"
    },
    {
      "type": "delete-node",
      "node": {
        "label": "keys",
        "type": "Invocation"
      },
      "location-before-char-start": 5710,
      "location-before-char-end": 5726,
      "node-str": "keys"
    },
    {
      "type": "delete-node",
      "node": {
        "label": "e",
        "type": "LocalVariable"
      },
      "location-before-char-start": 5694,
      "location-before-char-end": 5726,
      "node-str": "e"
    },
    {
      "type": "delete-node",
      "node": {
        "label": "e",
        "type": "VariableRead"
      },
      "location-before-char-start": 5736,
      "location-before-char-end": 5736,
      "node-str": "e"
    },
    {
      "type": "delete-node",
      "node": {
        "label": "hasMoreElements",
        "type": "Invocation"
      },
      "location-before-char-start": 5736,
      "location-before-char-end": 5754,
      "node-str": "hasMoreElements"
    },
    {
      "type": "delete-node",
      "node": {
        "label": "java.lang.Object",
        "type": "VARIABLE_TYPE"
      },
      "location-before-char-start": 0,
      "location-before-char-end": 0,
      "node-str": "java.lang.Object"
    },
    {
      "type": "delete-node",
      "node": {
        "label": "e",
        "type": "VariableRead"
      },
      "location-before-char-start": 5788,
      "location-before-char-end": 5788,
      "node-str": "e"
    },
    {
      "type": "delete-node",
      "node": {
        "label": "nextElement",
        "type": "Invocation"
      },
      "location-before-char-start": 5788,
      "location-before-char-end": 5802,
      "node-str": "nextElement"
    },
    {
      "type": "delete-node",
      "node": {
        "label": "uid",
        "type": "LocalVariable"
      },
      "location-before-char-start": 5775,
      "location-before-char-end": 5803,
      "node-str": "uid"
    },
    {
      "type": "delete-node",
      "node": {
        "label": "result",
        "type": "VariableRead"
      },
      "location-before-char-start": 5993,
      "location-before-char-end": 5998,
      "node-str": "result"
    },
    {
      "type": "delete-node",
      "node": {
        "label": "MessageNode",
        "type": "VARIABLE_TYPE"
      },
      "location-before-char-start": 0,
      "location-before-char-end": 0,
      "node-str": "MessageNode"
    },
    {
      "type": "delete-node",
      "node": {
        "label": "header",
        "type": "VariableRead"
      },
      "location-before-char-start": 6076,
      "location-before-char-end": 6081,
      "node-str": "header"
    },
    {
      "type": "delete-node",
      "node": {
        "label": "uid",
        "type": "VariableRead"
      },
      "location-before-char-start": 6084,
      "location-before-char-end": 6086,
      "node-str": "uid"
    },
    {
      "type": "delete-node",
      "node": {
        "label": "java.lang.Object()",
        "type": "ConstructorCall"
      },
      "location-before-char-start": 6060,
      "location-before-char-end": 6087,
      "node-str": "java.lang.Object()"
    },
    {
      "type": "delete-node",
      "node": {
        "label": "childNode",
        "type": "LocalVariable"
      },
      "location-before-char-start": 6027,
      "location-before-char-end": 6088,
      "node-str": "childNode"
    },
    {
      "type": "delete-node",
      "node": {
        "label": "rootNode",
        "type": "VariableRead"
      },
      "location-before-char-start": 6098,
      "location-before-char-end": 6105,
      "node-str": "rootNode"
    },
    {
      "type": "delete-node",
      "node": {
        "label": "childNode",
        "type": "VariableRead"
      },
      "location-before-char-start": 6111,
      "location-before-char-end": 6119,
      "node-str": "childNode"
    },
    {
      "type": "delete-node",
      "node": {
        "label": "add",
        "type": "Invocation"
      },
      "location-before-char-start": 6098,
      "location-before-char-end": 6121,
      "node-str": "add"
    },
    {
      "type": "delete-node",
      "node": {
        "label": "THEN",
        "type": "then"
      },
      "location-before-char-start": 6001,
      "location-before-char-end": 6130,
      "node-str": "THEN"
    },
    {
      "type": "delete-node",
      "node": {
        "label": "if",
        "type": "If"
      },
      "location-before-char-start": 5989,
      "location-before-char-end": 6130,
      "node-str": "if"
    },
    {
      "type": "delete-node",
      "node": {
        "label": "",
        "type": "For"
      },
      "location-before-char-start": 5689,
      "location-before-char-end": 6138,
      "node-str": ""
    },
    {
      "type": "delete-node",
      "node": {
        "label": "true",
        "type": "Literal"
      },
      "location-before-char-start": 6646,
      "location-before-char-end": 6649,
      "node-str": "true"
    },
    {
      "type": "delete-node",
      "node": {
        "label": "return",
        "type": "Return"
      },
      "location-before-char-start": 6639,
      "location-before-char-end": 6650,
      "node-str": "return"
    },
    {
      "type": "delete-node",
      "node": {
        "label": "THEN",
        "type": "then"
      },
      "location-before-char-start": 5601,
      "location-before-char-end": 6658,
      "node-str": "THEN"
    },
    {
      "type": "delete-node",
      "node": {
        "label": "false",
        "type": "Literal"
      },
      "location-before-char-start": 6769,
      "location-before-char-end": 6773,
      "node-str": "false"
    },
    {
      "type": "delete-node",
      "node": {
        "label": "return",
        "type": "Return"
      },
      "location-before-char-start": 6762,
      "location-before-char-end": 6774,
      "node-str": "return"
    },
    {
      "type": "delete-node",
      "node": {
        "label": "ELSE",
        "type": "else"
      },
      "location-before-char-start": 6665,
      "location-before-char-end": 6782,
      "node-str": "ELSE"
    },
    {
      "type": "delete-node",
      "node": {
        "label": "if",
        "type": "If"
      },
      "location-before-char-start": 5569,
      "location-before-char-end": 6782,
      "node-str": "if"
    },
    {
      "type": "delete-node",
      "node": {
        "label": "",
        "type": "Case"
      },
      "location-before-char-start": 5273,
      "location-before-char-end": 6789,
      "node-str": ""
    },
    {
      "type": "delete-node",
      "node": {
        "label": "TableModelPlugin",
        "type": "TypeAccess"
      },
      "location-before-char-start": 0,
      "location-before-char-end": 0,
      "node-str": "TableModelPlugin"
    },
    {
      "type": "delete-node",
      "node": {
        "label": "NODES_INSERTED",
        "type": "FieldRead"
      },
      "location-before-char-start": 6800,
      "location-before-char-end": 6830,
      "node-str": "NODES_INSERTED"
    },
    {
      "type": "delete-node",
      "node": {
        "label": "MessageNode",
        "type": "VARIABLE_TYPE"
      },
      "location-before-char-start": 0,
      "location-before-char-end": 0,
      "node-str": "MessageNode"
    },
    {
      "type": "delete-node",
      "node": {
        "label": "org.columba.mail.gui.table.util.TableModelFilteredView",
        "type": "TypeAccess"
      },
      "location-before-char-start": 0,
      "location-before-char-end": 0,
      "node-str": "org.columba.mail.gui.table.util.TableModelFilteredView"
    },
    {
      "type": "delete-node",
      "node": {
        "label": "getHeaderTableModel",
        "type": "Invocation"
      },
      "location-before-char-start": 6870,
      "location-before-char-end": 6890,
      "node-str": "getHeaderTableModel"
    },
    {
      "type": "delete-node",
      "node": {
        "label": "getSelectedMessageNode",
        "type": "Invocation"
      },
      "location-before-char-start": 6870,
      "location-before-char-end": 6915,
      "node-str": "getSelectedMessageNode"
    },
    {
      "type": "delete-node",
      "node": {
        "label": "node",
        "type": "LocalVariable"
      },
      "location-before-char-start": 6845,
      "location-before-char-end": 6916,
      "node-str": "node"
    },
    {
      "type": "delete-node",
      "node": {
        "label": "HeaderInterface",
        "type": "VARIABLE_TYPE"
      },
      "location-before-char-start": 0,
      "location-before-char-end": 0,
      "node-str": "HeaderInterface"
    },
    {
      "type": "delete-node",
      "node": {
        "label": "node",
        "type": "VariableRead"
      },
      "location-before-char-start": 6948,
      "location-before-char-end": 6951,
      "node-str": "node"
    },
    {
      "type": "delete-node",
      "node": {
        "label": "getHeader",
        "type": "Invocation"
      },
      "location-before-char-start": 6948,
      "location-before-char-end": 6963,
      "node-str": "getHeader"
    },
    {
      "type": "delete-node",
      "node": {
        "label": "header",
        "type": "LocalVariable"
      },
      "location-before-char-start": 6923,
      "location-before-char-end": 6964,
      "node-str": "header"
    },
    {
      "type": "delete-node",
      "node": {
        "label": "true",
        "type": "Literal"
      },
      "location-before-char-start": 7150,
      "location-before-char-end": 7153,
      "node-str": "true"
    },
    {
      "type": "delete-node",
      "node": {
        "label": "return",
        "type": "Return"
      },
      "location-before-char-start": 7143,
      "location-before-char-end": 7154,
      "node-str": "return"
    },
    {
      "type": "delete-node",
      "node": {
        "label": "",
        "type": "Case"
      },
      "location-before-char-start": 6795,
      "location-before-char-end": 7161,
      "node-str": ""
    },
    {
      "type": "delete-node",
      "node": {
        "label": "",
        "type": "Switch"
      },
      "location-before-char-start": 5254,
      "location-before-char-end": 7165,
      "node-str": ""
    },
    {
      "type": "delete-node",
      "node": {
        "label": "false",
        "type": "Literal"
      },
      "location-before-char-start": 7177,
      "location-before-char-end": 7181,
      "node-str": "false"
    },
    {
      "type": "delete-node",
      "node": {
        "label": "return",
        "type": "Return"
      },
      "location-before-char-start": 7170,
      "location-before-char-end": 7182,
      "node-str": "return"
    },
    {
      "type": "delete-node",
      "node": {
        "label": "manipulateModel",
        "type": "Method"
      },
      "location-before-char-start": 5192,
      "location-before-char-end": 7185,
      "node-str": "manipulateModel"
    },
    {
      "type": "delete-node",
      "node": {
        "label": "TableModelFilteredView",
        "type": "Class"
      },
      "location-before-char-start": 1065,
      "location-before-char-end": 7188,
      "node-str": "TableModelFilteredView"
    }
  ],
  "before-file": {},
  "after-file": {},
  "mapping": {}
}