{
  "tool-info": {},
  "diff": [
    {
      "type": "insert-node",
      "node": {
        "label": "IssueTemplateInfo",
        "type": "Class"
      },
      "location-after-char-start": 2879,
      "location-after-char-end": 6820,
      "node-str": "IssueTemplateInfo"
    },
    {
      "type": "insert-node",
      "node": {
        "label": "public",
        "type": "Modifier"
      },
      "location-after-char-start": 0,
      "location-after-char-end": 0,
      "node-str": "public"
    },
    {
      "type": "insert-node",
      "node": {
        "label": "",
        "type": "TypeReference"
      },
      "location-after-char-start": 3073,
      "location-after-char-end": 3114,
      "node-str": ""
    },
    {
      "type": "move-subtree",
      "node": {
        "label": "getInstance",
        "type": "Method"
      },
      "location-before-char-start": 3149,
      "location-before-char-end": 3300,
      "location-after-char-start": 3149,
      "location-after-char-end": 3300,
      "node-str": "getInstance"
    },
    {
      "type": "move-subtree",
      "node": {
        "label": "canDelete",
        "type": "Method"
      },
      "location-before-char-start": 3308,
      "location-before-char-end": 3723,
      "location-after-char-start": 3308,
      "location-after-char-end": 3723,
      "node-str": "canDelete"
    },
    {
      "type": "move-subtree",
      "node": {
        "label": "canEdit",
        "type": "Method"
      },
      "location-before-char-start": 3730,
      "location-before-char-end": 3837,
      "location-after-char-start": 3730,
      "location-after-char-end": 3837,
      "node-str": "canEdit"
    },
    {
      "type": "insert-node",
      "node": {
        "label": "saveAndSendEmail",
        "type": "Method"
      },
      "location-after-char-start": 3844,
      "location-after-char-end": 6126,
      "node-str": "saveAndSendEmail"
    },
    {
      "type": "move-subtree",
      "node": {
        "label": "approve",
        "type": "Method"
      },
      "location-before-char-start": 6123,
      "location-before-char-end": 6807,
      "location-after-char-start": 6133,
      "location-after-char-end": 6817,
      "node-str": "approve"
    },
    {
      "type": "insert-node",
      "node": {
        "label": "org.tigris.scarab.om.BaseIssueTemplateInfo",
        "type": "SUPER_TYPE"
      },
      "location-after-char-start": 0,
      "location-after-char-end": 0,
      "node-str": "org.tigris.scarab.om.BaseIssueTemplateInfo"
    },
    {
      "type": "insert-node",
      "node": {
        "label": "boolean",
        "type": "RETURN_TYPE"
      },
      "location-after-char-start": 0,
      "location-after-char-end": 0,
      "node-str": "boolean"
    },
    {
      "type": "insert-node",
      "node": {
        "label": "java.lang.Exception",
        "type": "THROWS"
      },
      "location-after-char-start": 0,
      "location-after-char-end": 0,
      "node-str": "java.lang.Exception"
    },
    {
      "type": "insert-node",
      "node": {
        "label": "public",
        "type": "Modifier"
      },
      "location-after-char-start": 0,
      "location-after-char-end": 0,
      "node-str": "public"
    },
    {
      "type": "insert-node",
      "node": {
        "label": "user",
        "type": "Parameter"
      },
      "location-after-char-start": 3876,
      "location-after-char-end": 3890,
      "node-str": "user"
    },
    {
      "type": "insert-node",
      "node": {
        "label": "module",
        "type": "Parameter"
      },
      "location-after-char-start": 3893,
      "location-after-char-end": 3905,
      "node-str": "module"
    },
    {
      "type": "insert-node",
      "node": {
        "label": "context",
        "type": "Parameter"
      },
      "location-after-char-start": 3945,
      "location-after-char-end": 3967,
      "node-str": "context"
    },
    {
      "type": "insert-node",
      "node": {
        "label": "success",
        "type": "LocalVariable"
      },
      "location-after-char-start": 4150,
      "location-after-char-end": 4172,
      "node-str": "success"
    },
    {
      "type": "insert-node",
      "node": {
        "label": "issue",
        "type": "LocalVariable"
      },
      "location-after-char-start": 4182,
      "location-after-char-end": 4242,
      "node-str": "issue"
    },
    {
      "type": "move-subtree",
      "node": {
        "label": "if",
        "type": "If"
      },
      "location-before-char-start": 4377,
      "location-before-char-end": 6070,
      "location-after-char-start": 4387,
      "location-after-char-end": 6080,
      "node-str": "if"
    },
    {
      "type": "insert-node",
      "node": {
        "label": "save",
        "type": "Invocation"
      },
      "location-after-char-start": 6090,
      "location-after-char-end": 6096,
      "node-str": "save"
    },
    {
      "type": "insert-node",
      "node": {
        "label": "return",
        "type": "Return"
      },
      "location-after-char-start": 6106,
      "location-after-char-end": 6120,
      "node-str": "return"
    },
    {
      "type": "insert-node",
      "node": {
        "label": "org.tigris.scarab.om.ScarabUser",
        "type": "VARIABLE_TYPE"
      },
      "location-after-char-start": 0,
      "location-after-char-end": 0,
      "node-str": "org.tigris.scarab.om.ScarabUser"
    },
    {
      "type": "insert-node",
      "node": {
        "label": "java.lang.Module",
        "type": "VARIABLE_TYPE"
      },
      "location-after-char-start": 0,
      "location-after-char-end": 0,
      "node-str": "java.lang.Module"
    },
    {
      "type": "insert-node",
      "node": {
        "label": "org.apache.turbine.TemplateContext",
        "type": "VARIABLE_TYPE"
      },
      "location-after-char-start": 0,
      "location-after-char-end": 0,
      "node-str": "org.apache.turbine.TemplateContext"
    },
    {
      "type": "insert-node",
      "node": {
        "label": "boolean",
        "type": "VARIABLE_TYPE"
      },
      "location-after-char-start": 0,
      "location-after-char-end": 0,
      "node-str": "boolean"
    },
    {
      "type": "insert-node",
      "node": {
        "label": "true",
        "type": "Literal"
      },
      "location-after-char-start": 4168,
      "location-after-char-end": 4171,
      "node-str": "true"
    },
    {
      "type": "insert-node",
      "node": {
        "label": "org.tigris.scarab.om.Issue",
        "type": "VARIABLE_TYPE"
      },
      "location-after-char-start": 0,
      "location-after-char-end": 0,
      "node-str": "org.tigris.scarab.om.Issue"
    },
    {
      "type": "insert-node",
      "node": {
        "label": "getInstance",
        "type": "Invocation"
      },
      "location-after-char-start": 4196,
      "location-after-char-end": 4241,
      "node-str": "getInstance"
    },
    {
      "type": "insert-node",
      "node": {
        "label": "org.tigris.scarab.om.IssueTemplateInfo",
        "type": "TypeAccess"
      },
      "location-after-char-start": 0,
      "location-after-char-end": 0,
      "node-str": "org.tigris.scarab.om.IssueTemplateInfo"
    },
    {
      "type": "insert-node",
      "node": {
        "label": "success",
        "type": "VariableRead"
      },
      "location-after-char-start": 6113,
      "location-after-char-end": 6119,
      "node-str": "success"
    },
    {
      "type": "insert-node",
      "node": {
        "label": "org.tigris.scarab.om.IssueManager",
        "type": "TypeAccess"
      },
      "location-after-char-start": 4204,
      "location-after-char-end": 4215,
      "node-str": "org.tigris.scarab.om.IssueManager"
    },
    {
      "type": "insert-node",
      "node": {
        "label": "getIssueId",
        "type": "Invocation"
      },
      "location-after-char-start": 4229,
      "location-after-char-end": 4240,
      "node-str": "getIssueId"
    },
    {
      "type": "insert-node",
      "node": {
        "label": "org.tigris.scarab.om.IssueTemplateInfo",
        "type": "TypeAccess"
      },
      "location-after-char-start": 0,
      "location-after-char-end": 0,
      "node-str": "org.tigris.scarab.om.IssueTemplateInfo"
    },
    {
      "type": "delete-node",
      "node": {
        "label": "public",
        "type": "Modifier"
      },
      "location-before-char-start": 0,
      "location-before-char-end": 0,
      "node-str": "public"
    },
    {
      "type": "delete-node",
      "node": {
        "label": "org.tigris.scarab.om.BaseIssueTemplateInfo",
        "type": "SUPER_TYPE"
      },
      "location-before-char-start": 0,
      "location-before-char-end": 0,
      "node-str": "org.tigris.scarab.om.BaseIssueTemplateInfo"
    },
    {
      "type": "delete-node",
      "node": {
        "label": "",
        "type": "TypeReference"
      },
      "location-before-char-start": 3073,
      "location-before-char-end": 3114,
      "node-str": ""
    },
    {
      "type": "delete-node",
      "node": {
        "label": "boolean",
        "type": "RETURN_TYPE"
      },
      "location-before-char-start": 0,
      "location-before-char-end": 0,
      "node-str": "boolean"
    },
    {
      "type": "delete-node",
      "node": {
        "label": "java.lang.Exception",
        "type": "THROWS"
      },
      "location-before-char-start": 0,
      "location-before-char-end": 0,
      "node-str": "java.lang.Exception"
    },
    {
      "type": "delete-node",
      "node": {
        "label": "public",
        "type": "Modifier"
      },
      "location-before-char-start": 0,
      "location-before-char-end": 0,
      "node-str": "public"
    },
    {
      "type": "delete-node",
      "node": {
        "label": "org.tigris.scarab.om.ScarabUser",
        "type": "VARIABLE_TYPE"
      },
      "location-before-char-start": 0,
      "location-before-char-end": 0,
      "node-str": "org.tigris.scarab.om.ScarabUser"
    },
    {
      "type": "delete-node",
      "node": {
        "label": "user",
        "type": "Parameter"
      },
      "location-before-char-start": 3876,
      "location-before-char-end": 3890,
      "node-str": "user"
    },
    {
      "type": "delete-node",
      "node": {
        "label": "java.lang.Module",
        "type": "VARIABLE_TYPE"
      },
      "location-before-char-start": 0,
      "location-before-char-end": 0,
      "node-str": "java.lang.Module"
    },
    {
      "type": "delete-node",
      "node": {
        "label": "module",
        "type": "Parameter"
      },
      "location-before-char-start": 3893,
      "location-before-char-end": 3905,
      "node-str": "module"
    },
    {
      "type": "delete-node",
      "node": {
        "label": "org.apache.turbine.TemplateContext",
        "type": "VARIABLE_TYPE"
      },
      "location-before-char-start": 0,
      "location-before-char-end": 0,
      "node-str": "org.apache.turbine.TemplateContext"
    },
    {
      "type": "delete-node",
      "node": {
        "label": "context",
        "type": "Parameter"
      },
      "location-before-char-start": 3945,
      "location-before-char-end": 3967,
      "node-str": "context"
    },
    {
      "type": "delete-node",
      "node": {
        "label": "boolean",
        "type": "VARIABLE_TYPE"
      },
      "location-before-char-start": 0,
      "location-before-char-end": 0,
      "node-str": "boolean"
    },
    {
      "type": "delete-node",
      "node": {
        "label": "true",
        "type": "Literal"
      },
      "location-before-char-start": 4168,
      "location-before-char-end": 4171,
      "node-str": "true"
    },
    {
      "type": "delete-node",
      "node": {
        "label": "success",
        "type": "LocalVariable"
      },
      "location-before-char-start": 4150,
      "location-before-char-end": 4172,
      "node-str": "success"
    },
    {
      "type": "delete-node",
      "node": {
        "label": "org.tigris.scarab.om.Issue",
        "type": "VARIABLE_TYPE"
      },
      "location-before-char-start": 0,
      "location-before-char-end": 0,
      "node-str": "org.tigris.scarab.om.Issue"
    },
    {
      "type": "delete-node",
      "node": {
        "label": "org.tigris.scarab.om.IssuePeer",
        "type": "TypeAccess"
      },
      "location-before-char-start": 4196,
      "location-before-char-end": 4204,
      "node-str": "org.tigris.scarab.om.IssuePeer"
    },
    {
      "type": "delete-node",
      "node": {
        "label": "org.tigris.scarab.om.IssueTemplateInfo",
        "type": "TypeAccess"
      },
      "location-before-char-start": 0,
      "location-before-char-end": 0,
      "node-str": "org.tigris.scarab.om.IssueTemplateInfo"
    },
    {
      "type": "delete-node",
      "node": {
        "label": "getIssueId",
        "type": "Invocation"
      },
      "location-before-char-start": 4219,
      "location-before-char-end": 4230,
      "node-str": "getIssueId"
    },
    {
      "type": "delete-node",
      "node": {
        "label": "retrieveByPK",
        "type": "Invocation"
      },
      "location-before-char-start": 4196,
      "location-before-char-end": 4231,
      "node-str": "retrieveByPK"
    },
    {
      "type": "delete-node",
      "node": {
        "label": "issue",
        "type": "LocalVariable"
      },
      "location-before-char-start": 4182,
      "location-before-char-end": 4232,
      "node-str": "issue"
    },
    {
      "type": "delete-node",
      "node": {
        "label": "org.tigris.scarab.om.IssueTemplateInfo",
        "type": "TypeAccess"
      },
      "location-before-char-start": 0,
      "location-before-char-end": 0,
      "node-str": "org.tigris.scarab.om.IssueTemplateInfo"
    },
    {
      "type": "delete-node",
      "node": {
        "label": "save",
        "type": "Invocation"
      },
      "location-before-char-start": 6080,
      "location-before-char-end": 6086,
      "node-str": "save"
    },
    {
      "type": "delete-node",
      "node": {
        "label": "success",
        "type": "VariableRead"
      },
      "location-before-char-start": 6103,
      "location-before-char-end": 6109,
      "node-str": "success"
    },
    {
      "type": "delete-node",
      "node": {
        "label": "return",
        "type": "Return"
      },
      "location-before-char-start": 6096,
      "location-before-char-end": 6110,
      "node-str": "return"
    },
    {
      "type": "delete-node",
      "node": {
        "label": "saveAndSendEmail",
        "type": "Method"
      },
      "location-before-char-start": 3844,
      "location-before-char-end": 6116,
      "node-str": "saveAndSendEmail"
    },
    {
      "type": "delete-node",
      "node": {
        "label": "IssueTemplateInfo",
        "type": "Class"
      },
      "location-before-char-start": 2879,
      "location-before-char-end": 6810,
      "node-str": "IssueTemplateInfo"
    }
  ],
  "before-file": {},
  "after-file": {},
  "mapping": {}
}