{
  "tool-info": {},
  "diff": [
    {
      "type": "insert-node",
      "node": {
        "label": "abstract",
        "type": "Modifier"
      },
      "location-after-char-start": 0,
      "location-after-char-end": 0,
      "node-str": "abstract"
    },
    {
      "type": "insert-node",
      "node": {
        "label": "public",
        "type": "Modifier"
      },
      "location-after-char-start": 0,
      "location-after-char-end": 0,
      "node-str": "public"
    },
    {
      "type": "insert-node",
      "node": {
        "label": "",
        "type": "TypeReference"
      },
      "location-after-char-start": 3280,
      "location-after-char-end": 3290,
      "node-str": ""
    },
    {
      "type": "insert-node",
      "node": {
        "label": "cache",
        "type": "Field"
      },
      "location-after-char-start": 3413,
      "location-after-char-end": 3479,
      "node-str": "cache"
    },
    {
      "type": "insert-node",
      "node": {
        "label": "omClass",
        "type": "Field"
      },
      "location-after-char-start": 3486,
      "location-after-char-end": 3562,
      "node-str": "omClass"
    },
    {
      "type": "insert-node",
      "node": {
        "label": "className",
        "type": "Field"
      },
      "location-after-char-start": 3569,
      "location-after-char-end": 3593,
      "node-str": "className"
    },
    {
      "type": "insert-node",
      "node": {
        "label": "region",
        "type": "Field"
      },
      "location-after-char-start": 3600,
      "location-after-char-end": 3621,
      "node-str": "region"
    },
    {
      "type": "insert-node",
      "node": {
        "label": "init",
        "type": "Method"
      },
      "location-after-char-start": 3628,
      "location-after-char-end": 3814,
      "node-str": "init"
    },
    {
      "type": "insert-node",
      "node": {
        "label": "getOMClass",
        "type": "Method"
      },
      "location-after-char-start": 3821,
      "location-after-char-end": 3930,
      "node-str": "getOMClass"
    },
    {
      "type": "insert-node",
      "node": {
        "label": "setOMClass",
        "type": "Method"
      },
      "location-after-char-start": 3937,
      "location-after-char-end": 4099,
      "node-str": "setOMClass"
    },
    {
      "type": "insert-node",
      "node": {
        "label": "getClassName",
        "type": "Method"
      },
      "location-after-char-start": 4309,
      "location-after-char-end": 4483,
      "node-str": "getClassName"
    },
    {
      "type": "insert-node",
      "node": {
        "label": "setClassName",
        "type": "Method"
      },
      "location-after-char-start": 4494,
      "location-after-char-end": 4964,
      "node-str": "setClassName"
    },
    {
      "type": "insert-node",
      "node": {
        "label": "getOMInstance",
        "type": "Method"
      },
      "location-after-char-start": 4976,
      "location-after-char-end": 5164,
      "node-str": "getOMInstance"
    },
    {
      "type": "insert-node",
      "node": {
        "label": "getOMInstance",
        "type": "Method"
      },
      "location-after-char-start": 5171,
      "location-after-char-end": 5620,
      "node-str": "getOMInstance"
    },
    {
      "type": "insert-node",
      "node": {
        "label": "getRegion",
        "type": "Method"
      },
      "location-after-char-start": 8065,
      "location-after-char-end": 8205,
      "node-str": "getRegion"
    },
    {
      "type": "insert-node",
      "node": {
        "label": "setRegion",
        "type": "Method"
      },
      "location-after-char-start": 8216,
      "location-after-char-end": 8650,
      "node-str": "setRegion"
    },
    {
      "type": "insert-node",
      "node": {
        "label": "org.apache.fulcrum.BaseService",
        "type": "SUPER_TYPE"
      },
      "location-after-char-start": 0,
      "location-after-char-end": 0,
      "node-str": "org.apache.fulcrum.BaseService"
    },
    {
      "type": "insert-node",
      "node": {
        "label": "org.apache.stratum.jcs.access.behavior.ICacheAccess",
        "type": "VARIABLE_TYPE"
      },
      "location-after-char-start": 0,
      "location-after-char-end": 0,
      "node-str": "org.apache.stratum.jcs.access.behavior.ICacheAccess"
    },
    {
      "type": "insert-node",
      "node": {
        "label": "java.lang.Class",
        "type": "VARIABLE_TYPE"
      },
      "location-after-char-start": 0,
      "location-after-char-end": 0,
      "node-str": "java.lang.Class"
    },
    {
      "type": "insert-node",
      "node": {
        "label": "java.lang.String",
        "type": "VARIABLE_TYPE"
      },
      "location-after-char-start": 0,
      "location-after-char-end": 0,
      "node-str": "java.lang.String"
    },
    {
      "type": "insert-node",
      "node": {
        "label": "java.lang.String",
        "type": "VARIABLE_TYPE"
      },
      "location-after-char-start": 0,
      "location-after-char-end": 0,
      "node-str": "java.lang.String"
    },
    {
      "type": "insert-node",
      "node": {
        "label": "void",
        "type": "RETURN_TYPE"
      },
      "location-after-char-start": 0,
      "location-after-char-end": 0,
      "node-str": "void"
    },
    {
      "type": "insert-node",
      "node": {
        "label": "org.apache.fulcrum.InitializationException",
        "type": "THROWS"
      },
      "location-after-char-start": 0,
      "location-after-char-end": 0,
      "node-str": "org.apache.fulcrum.InitializationException"
    },
    {
      "type": "insert-node",
      "node": {
        "label": "public",
        "type": "Modifier"
      },
      "location-after-char-start": 0,
      "location-after-char-end": 0,
      "node-str": "public"
    },
    {
      "type": "insert-node",
      "node": {
        "label": "setInit",
        "type": "Invocation"
      },
      "location-after-char-start": 3795,
      "location-after-char-end": 3808,
      "node-str": "setInit"
    },
    {
      "type": "insert-node",
      "node": {
        "label": "java.lang.Class",
        "type": "RETURN_TYPE"
      },
      "location-after-char-start": 0,
      "location-after-char-end": 0,
      "node-str": "java.lang.Class"
    },
    {
      "type": "insert-node",
      "node": {
        "label": "protected",
        "type": "Modifier"
      },
      "location-after-char-start": 0,
      "location-after-char-end": 0,
      "node-str": "protected"
    },
    {
      "type": "insert-node",
      "node": {
        "label": "return",
        "type": "Return"
      },
      "location-after-char-start": 3910,
      "location-after-char-end": 3924,
      "node-str": "return"
    },
    {
      "type": "insert-node",
      "node": {
        "label": "void",
        "type": "RETURN_TYPE"
      },
      "location-after-char-start": 0,
      "location-after-char-end": 0,
      "node-str": "void"
    },
    {
      "type": "insert-node",
      "node": {
        "label": "protected",
        "type": "Modifier"
      },
      "location-after-char-start": 0,
      "location-after-char-end": 0,
      "node-str": "protected"
    },
    {
      "type": "insert-node",
      "node": {
        "label": "omClass",
        "type": "Parameter"
      },
      "location-after-char-start": 4042,
      "location-after-char-end": 4054,
      "node-str": "omClass"
    },
    {
      "type": "insert-node",
      "node": {
        "label": "\u003d",
        "type": "Assignment"
      },
      "location-after-char-start": 4071,
      "location-after-char-end": 4093,
      "node-str": "\u003d"
    },
    {
      "type": "insert-node",
      "node": {
        "label": "java.lang.String",
        "type": "RETURN_TYPE"
      },
      "location-after-char-start": 0,
      "location-after-char-end": 0,
      "node-str": "java.lang.String"
    },
    {
      "type": "insert-node",
      "node": {
        "label": "public",
        "type": "Modifier"
      },
      "location-after-char-start": 0,
      "location-after-char-end": 0,
      "node-str": "public"
    },
    {
      "type": "insert-node",
      "node": {
        "label": "return",
        "type": "Return"
      },
      "location-after-char-start": 4461,
      "location-after-char-end": 4477,
      "node-str": "return"
    },
    {
      "type": "insert-node",
      "node": {
        "label": "void",
        "type": "RETURN_TYPE"
      },
      "location-after-char-start": 0,
      "location-after-char-end": 0,
      "node-str": "void"
    },
    {
      "type": "insert-node",
      "node": {
        "label": "org.apache.fulcrum.InitializationException",
        "type": "THROWS"
      },
      "location-after-char-start": 0,
      "location-after-char-end": 0,
      "node-str": "org.apache.fulcrum.InitializationException"
    },
    {
      "type": "insert-node",
      "node": {
        "label": "public",
        "type": "Modifier"
      },
      "location-after-char-start": 0,
      "location-after-char-end": 0,
      "node-str": "public"
    },
    {
      "type": "insert-node",
      "node": {
        "label": "v",
        "type": "Parameter"
      },
      "location-after-char-start": 4640,
      "location-after-char-end": 4648,
      "node-str": "v"
    },
    {
      "type": "insert-node",
      "node": {
        "label": "\u003d",
        "type": "Assignment"
      },
      "location-after-char-start": 4705,
      "location-after-char-end": 4723,
      "node-str": "\u003d"
    },
    {
      "type": "insert-node",
      "node": {
        "label": "",
        "type": "Try"
      },
      "location-after-char-start": 4734,
      "location-after-char-end": 4958,
      "node-str": ""
    },
    {
      "type": "insert-node",
      "node": {
        "label": "java.lang.Object",
        "type": "RETURN_TYPE"
      },
      "location-after-char-start": 0,
      "location-after-char-end": 0,
      "node-str": "java.lang.Object"
    },
    {
      "type": "insert-node",
      "node": {
        "label": "java.lang.Exception",
        "type": "THROWS"
      },
      "location-after-char-start": 0,
      "location-after-char-end": 0,
      "node-str": "java.lang.Exception"
    },
    {
      "type": "insert-node",
      "node": {
        "label": "protected",
        "type": "Modifier"
      },
      "location-after-char-start": 0,
      "location-after-char-end": 0,
      "node-str": "protected"
    },
    {
      "type": "insert-node",
      "node": {
        "label": "id",
        "type": "Parameter"
      },
      "location-after-char-start": 5074,
      "location-after-char-end": 5085,
      "node-str": "id"
    },
    {
      "type": "insert-node",
      "node": {
        "label": "return",
        "type": "Return"
      },
      "location-after-char-start": 5128,
      "location-after-char-end": 5158,
      "node-str": "return"
    },
    {
      "type": "insert-node",
      "node": {
        "label": "java.lang.Object",
        "type": "RETURN_TYPE"
      },
      "location-after-char-start": 0,
      "location-after-char-end": 0,
      "node-str": "java.lang.Object"
    },
    {
      "type": "insert-node",
      "node": {
        "label": "java.lang.Exception",
        "type": "THROWS"
      },
      "location-after-char-start": 0,
      "location-after-char-end": 0,
      "node-str": "java.lang.Exception"
    },
    {
      "type": "insert-node",
      "node": {
        "label": "protected",
        "type": "Modifier"
      },
      "location-after-char-start": 0,
      "location-after-char-end": 0,
      "node-str": "protected"
    },
    {
      "type": "insert-node",
      "node": {
        "label": "id",
        "type": "Parameter"
      },
      "location-after-char-start": 5269,
      "location-after-char-end": 5280,
      "node-str": "id"
    },
    {
      "type": "insert-node",
      "node": {
        "label": "fromCache",
        "type": "Parameter"
      },
      "location-after-char-start": 5283,
      "location-after-char-end": 5299,
      "node-str": "fromCache"
    },
    {
      "type": "insert-node",
      "node": {
        "label": "key",
        "type": "LocalVariable"
      },
      "location-after-char-start": 5342,
      "location-after-char-end": 5368,
      "node-str": "key"
    },
    {
      "type": "insert-node",
      "node": {
        "label": "om",
        "type": "LocalVariable"
      },
      "location-after-char-start": 5378,
      "location-after-char-end": 5394,
      "node-str": "om"
    },
    {
      "type": "insert-node",
      "node": {
        "label": "if",
        "type": "If"
      },
      "location-after-char-start": 5404,
      "location-after-char-end": 5470,
      "node-str": "if"
    },
    {
      "type": "insert-node",
      "node": {
        "label": "if",
        "type": "If"
      },
      "location-after-char-start": 5481,
      "location-after-char-end": 5586,
      "node-str": "if"
    },
    {
      "type": "insert-node",
      "node": {
        "label": "return",
        "type": "Return"
      },
      "location-after-char-start": 5605,
      "location-after-char-end": 5614,
      "node-str": "return"
    },
    {
      "type": "insert-node",
      "node": {
        "label": "java.util.List",
        "type": "RETURN_TYPE"
      },
      "location-after-char-start": 0,
      "location-after-char-end": 0,
      "node-str": "java.util.List"
    },
    {
      "type": "insert-node",
      "node": {
        "label": "java.lang.Exception",
        "type": "THROWS"
      },
      "location-after-char-start": 0,
      "location-after-char-end": 0,
      "node-str": "java.lang.Exception"
    },
    {
      "type": "insert-node",
      "node": {
        "label": "protected",
        "type": "Modifier"
      },
      "location-after-char-start": 0,
      "location-after-char-end": 0,
      "node-str": "protected"
    },
    {
      "type": "insert-node",
      "node": {
        "label": "ids",
        "type": "Parameter"
      },
      "location-after-char-start": 6285,
      "location-after-char-end": 6292,
      "node-str": "ids"
    },
    {
      "type": "insert-node",
      "node": {
        "label": "oms",
        "type": "LocalVariable"
      },
      "location-after-char-start": 6335,
      "location-after-char-end": 6350,
      "node-str": "oms"
    },
    {
      "type": "insert-node",
      "node": {
        "label": "return",
        "type": "Return"
      },
      "location-after-char-start": 7959,
      "location-after-char-end": 7969,
      "node-str": "return"
    },
    {
      "type": "insert-node",
      "node": {
        "label": "java.lang.String",
        "type": "RETURN_TYPE"
      },
      "location-after-char-start": 0,
      "location-after-char-end": 0,
      "node-str": "java.lang.String"
    },
    {
      "type": "insert-node",
      "node": {
        "label": "public",
        "type": "Modifier"
      },
      "location-after-char-start": 0,
      "location-after-char-end": 0,
      "node-str": "public"
    },
    {
      "type": "insert-node",
      "node": {
        "label": "return",
        "type": "Return"
      },
      "location-after-char-start": 8186,
      "location-after-char-end": 8199,
      "node-str": "return"
    },
    {
      "type": "insert-node",
      "node": {
        "label": "void",
        "type": "RETURN_TYPE"
      },
      "location-after-char-start": 0,
      "location-after-char-end": 0,
      "node-str": "void"
    },
    {
      "type": "insert-node",
      "node": {
        "label": "org.apache.fulcrum.InitializationException",
        "type": "THROWS"
      },
      "location-after-char-start": 0,
      "location-after-char-end": 0,
      "node-str": "org.apache.fulcrum.InitializationException"
    },
    {
      "type": "insert-node",
      "node": {
        "label": "public",
        "type": "Modifier"
      },
      "location-after-char-start": 0,
      "location-after-char-end": 0,
      "node-str": "public"
    },
    {
      "type": "insert-node",
      "node": {
        "label": "v",
        "type": "Parameter"
      },
      "location-after-char-start": 8330,
      "location-after-char-end": 8338,
      "node-str": "v"
    },
    {
      "type": "insert-node",
      "node": {
        "label": "\u003d",
        "type": "Assignment"
      },
      "location-after-char-start": 8395,
      "location-after-char-end": 8410,
      "node-str": "\u003d"
    },
    {
      "type": "insert-node",
      "node": {
        "label": "",
        "type": "Try"
      },
      "location-after-char-start": 8420,
      "location-after-char-end": 8644,
      "node-str": ""
    },
    {
      "type": "insert-node",
      "node": {
        "label": "org.tigris.scarab.services.AbstractOMService",
        "type": "TypeAccess"
      },
      "location-after-char-start": 0,
      "location-after-char-end": 0,
      "node-str": "org.tigris.scarab.services.AbstractOMService"
    },
    {
      "type": "insert-node",
      "node": {
        "label": "true",
        "type": "Literal"
      },
      "location-after-char-start": 3803,
      "location-after-char-end": 3806,
      "node-str": "true"
    },
    {
      "type": "insert-node",
      "node": {
        "label": "omClass",
        "type": "FieldRead"
      },
      "location-after-char-start": 3917,
      "location-after-char-end": 3923,
      "node-str": "omClass"
    },
    {
      "type": "insert-node",
      "node": {
        "label": "java.lang.Class",
        "type": "VARIABLE_TYPE"
      },
      "location-after-char-start": 0,
      "location-after-char-end": 0,
      "node-str": "java.lang.Class"
    },
    {
      "type": "insert-node",
      "node": {
        "label": "omClass",
        "type": "FieldWrite"
      },
      "location-after-char-start": 4071,
      "location-after-char-end": 4082,
      "node-str": "omClass"
    },
    {
      "type": "insert-node",
      "node": {
        "label": "omClass",
        "type": "VariableRead"
      },
      "location-after-char-start": 4086,
      "location-after-char-end": 4092,
      "node-str": "omClass"
    },
    {
      "type": "insert-node",
      "node": {
        "label": "className",
        "type": "FieldRead"
      },
      "location-after-char-start": 4468,
      "location-after-char-end": 4476,
      "node-str": "className"
    },
    {
      "type": "insert-node",
      "node": {
        "label": "java.lang.String",
        "type": "VARIABLE_TYPE"
      },
      "location-after-char-start": 0,
      "location-after-char-end": 0,
      "node-str": "java.lang.String"
    },
    {
      "type": "insert-node",
      "node": {
        "label": "className",
        "type": "FieldWrite"
      },
      "location-after-char-start": 4705,
      "location-after-char-end": 4718,
      "node-str": "className"
    },
    {
      "type": "insert-node",
      "node": {
        "label": "v",
        "type": "VariableRead"
      },
      "location-after-char-start": 4722,
      "location-after-char-end": 4722,
      "node-str": "v"
    },
    {
      "type": "insert-node",
      "node": {
        "label": "setOMClass",
        "type": "Invocation"
      },
      "location-after-char-start": 4760,
      "location-after-char-end": 4803,
      "node-str": "setOMClass"
    },
    {
      "type": "insert-node",
      "node": {
        "label": "",
        "type": "Catch"
      },
      "location-after-char-start": 4814,
      "location-after-char-end": 4958,
      "node-str": ""
    },
    {
      "type": "insert-node",
      "node": {
        "label": "org.apache.torque.om.ObjectKey",
        "type": "VARIABLE_TYPE"
      },
      "location-after-char-start": 0,
      "location-after-char-end": 0,
      "node-str": "org.apache.torque.om.ObjectKey"
    },
    {
      "type": "insert-node",
      "node": {
        "label": "getOMInstance",
        "type": "Invocation"
      },
      "location-after-char-start": 5135,
      "location-after-char-end": 5157,
      "node-str": "getOMInstance"
    },
    {
      "type": "insert-node",
      "node": {
        "label": "org.apache.torque.om.ObjectKey",
        "type": "VARIABLE_TYPE"
      },
      "location-after-char-start": 0,
      "location-after-char-end": 0,
      "node-str": "org.apache.torque.om.ObjectKey"
    },
    {
      "type": "insert-node",
      "node": {
        "label": "boolean",
        "type": "VARIABLE_TYPE"
      },
      "location-after-char-start": 0,
      "location-after-char-end": 0,
      "node-str": "boolean"
    },
    {
      "type": "insert-node",
      "node": {
        "label": "java.lang.String",
        "type": "VARIABLE_TYPE"
      },
      "location-after-char-start": 0,
      "location-after-char-end": 0,
      "node-str": "java.lang.String"
    },
    {
      "type": "insert-node",
      "node": {
        "label": "toString",
        "type": "Invocation"
      },
      "location-after-char-start": 5355,
      "location-after-char-end": 5367,
      "node-str": "toString"
    },
    {
      "type": "insert-node",
      "node": {
        "label": "java.lang.Object",
        "type": "VARIABLE_TYPE"
      },
      "location-after-char-start": 0,
      "location-after-char-end": 0,
      "node-str": "java.lang.Object"
    },
    {
      "type": "insert-node",
      "node": {
        "label": "null",
        "type": "Literal"
      },
      "location-after-char-start": 5390,
      "location-after-char-end": 5393,
      "node-str": "null"
    },
    {
      "type": "insert-node",
      "node": {
        "label": "fromCache",
        "type": "VariableRead"
      },
      "location-after-char-start": 5408,
      "location-after-char-end": 5416,
      "node-str": "fromCache"
    },
    {
      "type": "insert-node",
      "node": {
        "label": "THEN",
        "type": "then"
      },
      "location-after-char-start": 5427,
      "location-after-char-end": 5470,
      "node-str": "THEN"
    },
    {
      "type": "insert-node",
      "node": {
        "label": "EQ",
        "type": "BinaryOperator"
      },
      "location-after-char-start": 5485,
      "location-after-char-end": 5494,
      "node-str": "EQ"
    },
    {
      "type": "insert-node",
      "node": {
        "label": "THEN",
        "type": "then"
      },
      "location-after-char-start": 5505,
      "location-after-char-end": 5586,
      "node-str": "THEN"
    },
    {
      "type": "insert-node",
      "node": {
        "label": "om",
        "type": "VariableRead"
      },
      "location-after-char-start": 5612,
      "location-after-char-end": 5613,
      "node-str": "om"
    },
    {
      "type": "insert-node",
      "node": {
        "label": "java.util.List",
        "type": "VARIABLE_TYPE"
      },
      "location-after-char-start": 0,
      "location-after-char-end": 0,
      "node-str": "java.util.List"
    },
    {
      "type": "insert-node",
      "node": {
        "label": "java.util.List",
        "type": "VARIABLE_TYPE"
      },
      "location-after-char-start": 0,
      "location-after-char-end": 0,
      "node-str": "java.util.List"
    },
    {
      "type": "insert-node",
      "node": {
        "label": "null",
        "type": "Literal"
      },
      "location-after-char-start": 6346,
      "location-after-char-end": 6349,
      "node-str": "null"
    },
    {
      "type": "insert-node",
      "node": {
        "label": "oms",
        "type": "VariableRead"
      },
      "location-after-char-start": 7966,
      "location-after-char-end": 7968,
      "node-str": "oms"
    },
    {
      "type": "insert-node",
      "node": {
        "label": "region",
        "type": "FieldRead"
      },
      "location-after-char-start": 8193,
      "location-after-char-end": 8198,
      "node-str": "region"
    },
    {
      "type": "insert-node",
      "node": {
        "label": "java.lang.String",
        "type": "VARIABLE_TYPE"
      },
      "location-after-char-start": 0,
      "location-after-char-end": 0,
      "node-str": "java.lang.String"
    },
    {
      "type": "insert-node",
      "node": {
        "label": "region",
        "type": "FieldWrite"
      },
      "location-after-char-start": 8395,
      "location-after-char-end": 8405,
      "node-str": "region"
    },
    {
      "type": "insert-node",
      "node": {
        "label": "v",
        "type": "VariableRead"
      },
      "location-after-char-start": 8409,
      "location-after-char-end": 8409,
      "node-str": "v"
    },
    {
      "type": "insert-node",
      "node": {
        "label": "\u003d",
        "type": "Assignment"
      },
      "location-after-char-start": 8447,
      "location-after-char-end": 8483,
      "node-str": "\u003d"
    },
    {
      "type": "insert-node",
      "node": {
        "label": "",
        "type": "Catch"
      },
      "location-after-char-start": 8494,
      "location-after-char-end": 8644,
      "node-str": ""
    },
    {
      "type": "insert-node",
      "node": {
        "label": "org.tigris.scarab.services.AbstractOMService",
        "type": "TypeAccess"
      },
      "location-after-char-start": 0,
      "location-after-char-end": 0,
      "node-str": "org.tigris.scarab.services.AbstractOMService"
    },
    {
      "type": "insert-node",
      "node": {
        "label": "this",
        "type": "ThisAccess"
      },
      "location-after-char-start": 4071,
      "location-after-char-end": 4074,
      "node-str": "this"
    },
    {
      "type": "insert-node",
      "node": {
        "label": "org.tigris.scarab.services.AbstractOMService",
        "type": "TypeAccess"
      },
      "location-after-char-start": 0,
      "location-after-char-end": 0,
      "node-str": "org.tigris.scarab.services.AbstractOMService"
    },
    {
      "type": "insert-node",
      "node": {
        "label": "this",
        "type": "ThisAccess"
      },
      "location-after-char-start": 4705,
      "location-after-char-end": 4708,
      "node-str": "this"
    },
    {
      "type": "insert-node",
      "node": {
        "label": "org.tigris.scarab.services.AbstractOMService",
        "type": "TypeAccess"
      },
      "location-after-char-start": 0,
      "location-after-char-end": 0,
      "node-str": "org.tigris.scarab.services.AbstractOMService"
    },
    {
      "type": "insert-node",
      "node": {
        "label": "forName",
        "type": "Invocation"
      },
      "location-after-char-start": 4772,
      "location-after-char-end": 4800,
      "node-str": "forName"
    },
    {
      "type": "insert-node",
      "node": {
        "label": "cnfe",
        "type": "CatchVariable"
      },
      "location-after-char-start": 4830,
      "location-after-char-end": 4856,
      "node-str": "cnfe"
    },
    {
      "type": "insert-node",
      "node": {
        "label": "",
        "type": "Throw"
      },
      "location-after-char-start": 4881,
      "location-after-char-end": 4948,
      "node-str": ""
    },
    {
      "type": "insert-node",
      "node": {
        "label": "org.tigris.scarab.services.AbstractOMService",
        "type": "TypeAccess"
      },
      "location-after-char-start": 0,
      "location-after-char-end": 0,
      "node-str": "org.tigris.scarab.services.AbstractOMService"
    },
    {
      "type": "insert-node",
      "node": {
        "label": "id",
        "type": "VariableRead"
      },
      "location-after-char-start": 5149,
      "location-after-char-end": 5150,
      "node-str": "id"
    },
    {
      "type": "insert-node",
      "node": {
        "label": "true",
        "type": "Literal"
      },
      "location-after-char-start": 5153,
      "location-after-char-end": 5156,
      "node-str": "true"
    },
    {
      "type": "insert-node",
      "node": {
        "label": "id",
        "type": "VariableRead"
      },
      "location-after-char-start": 5355,
      "location-after-char-end": 5356,
      "node-str": "id"
    },
    {
      "type": "insert-node",
      "node": {
        "label": "\u003d",
        "type": "Assignment"
      },
      "location-after-char-start": 5441,
      "location-after-char-end": 5460,
      "node-str": "\u003d"
    },
    {
      "type": "insert-node",
      "node": {
        "label": "om",
        "type": "VariableRead"
      },
      "location-after-char-start": 5485,
      "location-after-char-end": 5486,
      "node-str": "om"
    },
    {
      "type": "insert-node",
      "node": {
        "label": "null",
        "type": "Literal"
      },
      "location-after-char-start": 5491,
      "location-after-char-end": 5494,
      "node-str": "null"
    },
    {
      "type": "move-subtree",
      "node": {
        "label": "\u003d",
        "type": "Assignment"
      },
      "location-before-char-start": 5367,
      "location-before-char-end": 5392,
      "location-after-char-start": 5519,
      "location-after-char-end": 5544,
      "node-str": "\u003d"
    },
    {
      "type": "insert-node",
      "node": {
        "label": "put",
        "type": "Invocation"
      },
      "location-after-char-start": 5558,
      "location-after-char-end": 5576,
      "node-str": "put"
    },
    {
      "type": "insert-node",
      "node": {
        "label": "\u003d",
        "type": "Assignment"
      },
      "location-after-char-start": 6493,
      "location-after-char-end": 6517,
      "node-str": "\u003d"
    },
    {
      "type": "insert-node",
      "node": {
        "label": "",
        "type": "For"
      },
      "location-after-char-start": 6584,
      "location-after-char-end": 6986,
      "node-str": ""
    },
    {
      "type": "insert-node",
      "node": {
        "label": "org.tigris.scarab.services.AbstractOMService",
        "type": "TypeAccess"
      },
      "location-after-char-start": 0,
      "location-after-char-end": 0,
      "node-str": "org.tigris.scarab.services.AbstractOMService"
    },
    {
      "type": "insert-node",
      "node": {
        "label": "this",
        "type": "ThisAccess"
      },
      "location-after-char-start": 8395,
      "location-after-char-end": 8398,
      "node-str": "this"
    },
    {
      "type": "insert-node",
      "node": {
        "label": "cache",
        "type": "FieldWrite"
      },
      "location-after-char-start": 8447,
      "location-after-char-end": 8451,
      "node-str": "cache"
    },
    {
      "type": "insert-node",
      "node": {
        "label": "getInstance",
        "type": "Invocation"
      },
      "location-after-char-start": 8455,
      "location-after-char-end": 8482,
      "node-str": "getInstance"
    },
    {
      "type": "insert-node",
      "node": {
        "label": "e",
        "type": "CatchVariable"
      },
      "location-after-char-start": 8511,
      "location-after-char-end": 8521,
      "node-str": "e"
    },
    {
      "type": "insert-node",
      "node": {
        "label": "",
        "type": "Throw"
      },
      "location-after-char-start": 8547,
      "location-after-char-end": 8634,
      "node-str": ""
    },
    {
      "type": "insert-node",
      "node": {
        "label": "org.tigris.scarab.services.AbstractOMService",
        "type": "TypeAccess"
      },
      "location-after-char-start": 0,
      "location-after-char-end": 0,
      "node-str": "org.tigris.scarab.services.AbstractOMService"
    },
    {
      "type": "insert-node",
      "node": {
        "label": "org.tigris.scarab.services.AbstractOMService",
        "type": "TypeAccess"
      },
      "location-after-char-start": 0,
      "location-after-char-end": 0,
      "node-str": "org.tigris.scarab.services.AbstractOMService"
    },
    {
      "type": "insert-node",
      "node": {
        "label": "java.lang.Class",
        "type": "TypeAccess"
      },
      "location-after-char-start": 4772,
      "location-after-char-end": 4776,
      "node-str": "java.lang.Class"
    },
    {
      "type": "insert-node",
      "node": {
        "label": "getClassName",
        "type": "Invocation"
      },
      "location-after-char-start": 4786,
      "location-after-char-end": 4799,
      "node-str": "getClassName"
    },
    {
      "type": "insert-node",
      "node": {
        "label": "java.lang.ClassNotFoundException",
        "type": "VARIABLE_TYPE"
      },
      "location-after-char-start": 0,
      "location-after-char-end": 0,
      "node-str": "java.lang.ClassNotFoundException"
    },
    {
      "type": "insert-node",
      "node": {
        "label": "org.apache.fulcrum.InitializationException(java.lang.String)",
        "type": "ConstructorCall"
      },
      "location-after-char-start": 4887,
      "location-after-char-end": 4947,
      "node-str": "org.apache.fulcrum.InitializationException(java.lang.String)"
    },
    {
      "type": "insert-node",
      "node": {
        "label": "om",
        "type": "VariableWrite"
      },
      "location-after-char-start": 5441,
      "location-after-char-end": 5442,
      "node-str": "om"
    },
    {
      "type": "insert-node",
      "node": {
        "label": "get",
        "type": "Invocation"
      },
      "location-after-char-start": 5446,
      "location-after-char-end": 5459,
      "node-str": "get"
    },
    {
      "type": "insert-node",
      "node": {
        "label": "cache",
        "type": "FieldRead"
      },
      "location-after-char-start": 5558,
      "location-after-char-end": 5562,
      "node-str": "cache"
    },
    {
      "type": "insert-node",
      "node": {
        "label": "key",
        "type": "VariableRead"
      },
      "location-after-char-start": 5568,
      "location-after-char-end": 5570,
      "node-str": "key"
    },
    {
      "type": "insert-node",
      "node": {
        "label": "om",
        "type": "VariableRead"
      },
      "location-after-char-start": 5573,
      "location-after-char-end": 5574,
      "node-str": "om"
    },
    {
      "type": "insert-node",
      "node": {
        "label": "oms",
        "type": "VariableWrite"
      },
      "location-after-char-start": 6493,
      "location-after-char-end": 6495,
      "node-str": "oms"
    },
    {
      "type": "insert-node",
      "node": {
        "label": "java.util.ArrayList(java.util.Collection)",
        "type": "ConstructorCall"
      },
      "location-after-char-start": 6499,
      "location-after-char-end": 6516,
      "node-str": "java.util.ArrayList(java.util.Collection)"
    },
    {
      "type": "insert-node",
      "node": {
        "label": "i",
        "type": "LocalVariable"
      },
      "location-after-char-start": 6590,
      "location-after-char-end": 6596,
      "node-str": "i"
    },
    {
      "type": "insert-node",
      "node": {
        "label": "LT",
        "type": "BinaryOperator"
      },
      "location-after-char-start": 6599,
      "location-after-char-end": 6610,
      "node-str": "LT"
    },
    {
      "type": "insert-node",
      "node": {
        "label": "POSTINC",
        "type": "UnaryOperator"
      },
      "location-after-char-start": 6613,
      "location-after-char-end": 6615,
      "node-str": "POSTINC"
    },
    {
      "type": "move-subtree",
      "node": {
        "label": "id",
        "type": "LocalVariable"
      },
      "location-before-char-start": 6522,
      "location-before-char-end": 6558,
      "location-after-char-start": 6650,
      "location-after-char-end": 6686,
      "node-str": "id"
    },
    {
      "type": "insert-node",
      "node": {
        "label": "key",
        "type": "LocalVariable"
      },
      "location-after-char-start": 6704,
      "location-after-char-end": 6730,
      "node-str": "key"
    },
    {
      "type": "insert-node",
      "node": {
        "label": "om",
        "type": "LocalVariable"
      },
      "location-after-char-start": 6748,
      "location-after-char-end": 6774,
      "node-str": "om"
    },
    {
      "type": "insert-node",
      "node": {
        "label": "if",
        "type": "If"
      },
      "location-after-char-start": 6792,
      "location-after-char-end": 6972,
      "node-str": "if"
    },
    {
      "type": "insert-node",
      "node": {
        "label": "org.tigris.scarab.services.AbstractOMService",
        "type": "TypeAccess"
      },
      "location-after-char-start": 0,
      "location-after-char-end": 0,
      "node-str": "org.tigris.scarab.services.AbstractOMService"
    },
    {
      "type": "insert-node",
      "node": {
        "label": "org.tigris.scarab.services.AbstractOMService",
        "type": "TypeAccess"
      },
      "location-after-char-start": 0,
      "location-after-char-end": 0,
      "node-str": "org.tigris.scarab.services.AbstractOMService"
    },
    {
      "type": "insert-node",
      "node": {
        "label": "org.apache.stratum.jcs.JCS",
        "type": "TypeAccess"
      },
      "location-after-char-start": 8455,
      "location-after-char-end": 8457,
      "node-str": "org.apache.stratum.jcs.JCS"
    },
    {
      "type": "insert-node",
      "node": {
        "label": "getRegion",
        "type": "Invocation"
      },
      "location-after-char-start": 8471,
      "location-after-char-end": 8481,
      "node-str": "getRegion"
    },
    {
      "type": "insert-node",
      "node": {
        "label": "java.lang.Exception",
        "type": "VARIABLE_TYPE"
      },
      "location-after-char-start": 0,
      "location-after-char-end": 0,
      "node-str": "java.lang.Exception"
    },
    {
      "type": "insert-node",
      "node": {
        "label": "org.apache.fulcrum.InitializationException(java.lang.String,java.lang.Exception)",
        "type": "ConstructorCall"
      },
      "location-after-char-start": 8553,
      "location-after-char-end": 8633,
      "node-str": "org.apache.fulcrum.InitializationException(java.lang.String,java.lang.Exception)"
    },
    {
      "type": "insert-node",
      "node": {
        "label": "org.tigris.scarab.services.AbstractOMService",
        "type": "TypeAccess"
      },
      "location-after-char-start": 0,
      "location-after-char-end": 0,
      "node-str": "org.tigris.scarab.services.AbstractOMService"
    },
    {
      "type": "insert-node",
      "node": {
        "label": "PLUS",
        "type": "BinaryOperator"
      },
      "location-after-char-start": 4915,
      "location-after-char-end": 4946,
      "node-str": "PLUS"
    },
    {
      "type": "insert-node",
      "node": {
        "label": "cache",
        "type": "FieldRead"
      },
      "location-after-char-start": 5446,
      "location-after-char-end": 5450,
      "node-str": "cache"
    },
    {
      "type": "insert-node",
      "node": {
        "label": "key",
        "type": "VariableRead"
      },
      "location-after-char-start": 5456,
      "location-after-char-end": 5458,
      "node-str": "key"
    },
    {
      "type": "insert-node",
      "node": {
        "label": "org.tigris.scarab.services.AbstractOMService",
        "type": "TypeAccess"
      },
      "location-after-char-start": 0,
      "location-after-char-end": 0,
      "node-str": "org.tigris.scarab.services.AbstractOMService"
    },
    {
      "type": "insert-node",
      "node": {
        "label": "ids",
        "type": "VariableRead"
      },
      "location-after-char-start": 6513,
      "location-after-char-end": 6515,
      "node-str": "ids"
    },
    {
      "type": "insert-node",
      "node": {
        "label": "int",
        "type": "VARIABLE_TYPE"
      },
      "location-after-char-start": 0,
      "location-after-char-end": 0,
      "node-str": "int"
    },
    {
      "type": "insert-node",
      "node": {
        "label": "0",
        "type": "Literal"
      },
      "location-after-char-start": 6596,
      "location-after-char-end": 6596,
      "node-str": "0"
    },
    {
      "type": "insert-node",
      "node": {
        "label": "i",
        "type": "VariableRead"
      },
      "location-after-char-start": 6599,
      "location-after-char-end": 6599,
      "node-str": "i"
    },
    {
      "type": "insert-node",
      "node": {
        "label": "size",
        "type": "Invocation"
      },
      "location-after-char-start": 6601,
      "location-after-char-end": 6610,
      "node-str": "size"
    },
    {
      "type": "insert-node",
      "node": {
        "label": "i",
        "type": "VariableWrite"
      },
      "location-after-char-start": 6613,
      "location-after-char-end": 6613,
      "node-str": "i"
    },
    {
      "type": "insert-node",
      "node": {
        "label": "java.lang.String",
        "type": "VARIABLE_TYPE"
      },
      "location-after-char-start": 0,
      "location-after-char-end": 0,
      "node-str": "java.lang.String"
    },
    {
      "type": "insert-node",
      "node": {
        "label": "toString",
        "type": "Invocation"
      },
      "location-after-char-start": 6717,
      "location-after-char-end": 6729,
      "node-str": "toString"
    },
    {
      "type": "insert-node",
      "node": {
        "label": "java.lang.Object",
        "type": "VARIABLE_TYPE"
      },
      "location-after-char-start": 0,
      "location-after-char-end": 0,
      "node-str": "java.lang.Object"
    },
    {
      "type": "insert-node",
      "node": {
        "label": "get",
        "type": "Invocation"
      },
      "location-after-char-start": 6760,
      "location-after-char-end": 6773,
      "node-str": "get"
    },
    {
      "type": "insert-node",
      "node": {
        "label": "EQ",
        "type": "BinaryOperator"
      },
      "location-after-char-start": 6796,
      "location-after-char-end": 6805,
      "node-str": "EQ"
    },
    {
      "type": "insert-node",
      "node": {
        "label": "THEN",
        "type": "then"
      },
      "location-after-char-start": 6824,
      "location-after-char-end": 6878,
      "node-str": "THEN"
    },
    {
      "type": "insert-node",
      "node": {
        "label": "ELSE",
        "type": "else"
      },
      "location-after-char-start": 6917,
      "location-after-char-end": 6972,
      "node-str": "ELSE"
    },
    {
      "type": "insert-node",
      "node": {
        "label": "org.tigris.scarab.services.AbstractOMService",
        "type": "TypeAccess"
      },
      "location-after-char-start": 0,
      "location-after-char-end": 0,
      "node-str": "org.tigris.scarab.services.AbstractOMService"
    },
    {
      "type": "insert-node",
      "node": {
        "label": "\"Cache could not be initialized\"",
        "type": "Literal"
      },
      "location-after-char-start": 8598,
      "location-after-char-end": 8629,
      "node-str": "\"Cache could not be initialized\""
    },
    {
      "type": "insert-node",
      "node": {
        "label": "e",
        "type": "VariableRead"
      },
      "location-after-char-start": 8632,
      "location-after-char-end": 8632,
      "node-str": "e"
    },
    {
      "type": "insert-node",
      "node": {
        "label": "\"Could not load \"",
        "type": "Literal"
      },
      "location-after-char-start": 4915,
      "location-after-char-end": 4931,
      "node-str": "\"Could not load \""
    },
    {
      "type": "insert-node",
      "node": {
        "label": "getClassName",
        "type": "Invocation"
      },
      "location-after-char-start": 4933,
      "location-after-char-end": 4946,
      "node-str": "getClassName"
    },
    {
      "type": "insert-node",
      "node": {
        "label": "org.tigris.scarab.services.AbstractOMService",
        "type": "TypeAccess"
      },
      "location-after-char-start": 0,
      "location-after-char-end": 0,
      "node-str": "org.tigris.scarab.services.AbstractOMService"
    },
    {
      "type": "insert-node",
      "node": {
        "label": "ids",
        "type": "VariableRead"
      },
      "location-after-char-start": 6601,
      "location-after-char-end": 6603,
      "node-str": "ids"
    },
    {
      "type": "insert-node",
      "node": {
        "label": "id",
        "type": "VariableRead"
      },
      "location-after-char-start": 6717,
      "location-after-char-end": 6718,
      "node-str": "id"
    },
    {
      "type": "insert-node",
      "node": {
        "label": "cache",
        "type": "FieldRead"
      },
      "location-after-char-start": 6760,
      "location-after-char-end": 6764,
      "node-str": "cache"
    },
    {
      "type": "insert-node",
      "node": {
        "label": "key",
        "type": "VariableRead"
      },
      "location-after-char-start": 6770,
      "location-after-char-end": 6772,
      "node-str": "key"
    },
    {
      "type": "insert-node",
      "node": {
        "label": "om",
        "type": "VariableRead"
      },
      "location-after-char-start": 6796,
      "location-after-char-end": 6797,
      "node-str": "om"
    },
    {
      "type": "insert-node",
      "node": {
        "label": "null",
        "type": "Literal"
      },
      "location-after-char-start": 6802,
      "location-after-char-end": 6805,
      "node-str": "null"
    },
    {
      "type": "insert-node",
      "node": {
        "label": "add",
        "type": "Invocation"
      },
      "location-after-char-start": 6846,
      "location-after-char-end": 6860,
      "node-str": "add"
    },
    {
      "type": "insert-node",
      "node": {
        "label": "set",
        "type": "Invocation"
      },
      "location-after-char-start": 6939,
      "location-after-char-end": 6953,
      "node-str": "set"
    },
    {
      "type": "insert-node",
      "node": {
        "label": "org.tigris.scarab.services.AbstractOMService",
        "type": "TypeAccess"
      },
      "location-after-char-start": 0,
      "location-after-char-end": 0,
      "node-str": "org.tigris.scarab.services.AbstractOMService"
    },
    {
      "type": "insert-node",
      "node": {
        "label": "org.tigris.scarab.services.AbstractOMService",
        "type": "TypeAccess"
      },
      "location-after-char-start": 0,
      "location-after-char-end": 0,
      "node-str": "org.tigris.scarab.services.AbstractOMService"
    },
    {
      "type": "insert-node",
      "node": {
        "label": "newIds",
        "type": "VariableRead"
      },
      "location-after-char-start": 6846,
      "location-after-char-end": 6851,
      "node-str": "newIds"
    },
    {
      "type": "insert-node",
      "node": {
        "label": "id",
        "type": "VariableRead"
      },
      "location-after-char-start": 6857,
      "location-after-char-end": 6858,
      "node-str": "id"
    },
    {
      "type": "insert-node",
      "node": {
        "label": "oms",
        "type": "VariableRead"
      },
      "location-after-char-start": 6939,
      "location-after-char-end": 6941,
      "node-str": "oms"
    },
    {
      "type": "insert-node",
      "node": {
        "label": "i",
        "type": "VariableRead"
      },
      "location-after-char-start": 6947,
      "location-after-char-end": 6947,
      "node-str": "i"
    },
    {
      "type": "insert-node",
      "node": {
        "label": "om",
        "type": "VariableRead"
      },
      "location-after-char-start": 6950,
      "location-after-char-end": 6951,
      "node-str": "om"
    },
    {
      "type": "update-node",
      "node": {
        "label": "addObject",
        "type": "Invocation"
      },
      "location-before-char-start": 7598,
      "location-before-char-end": 7750,
      "location-after-char-start": 7684,
      "location-after-char-end": 7724,
      "node-str": "put"
    },
    {
      "type": "update-node",
      "node": {
        "label": "getCacheKey",
        "type": "Invocation"
      },
      "location-before-char-start": 7651,
      "location-before-char-end": 7688,
      "location-after-char-start": 7694,
      "location-after-char-end": 7718,
      "node-str": "toString"
    },
    {
      "type": "move-subtree",
      "node": {
        "label": "om",
        "type": "VariableRead"
      },
      "location-before-char-start": 7745,
      "location-before-char-end": 7746,
      "location-after-char-start": 7721,
      "location-after-char-end": 7722,
      "node-str": "om"
    },
    {
      "type": "delete-node",
      "node": {
        "label": "abstract",
        "type": "Modifier"
      },
      "location-before-char-start": 0,
      "location-before-char-end": 0,
      "node-str": "abstract"
    },
    {
      "type": "delete-node",
      "node": {
        "label": "public",
        "type": "Modifier"
      },
      "location-before-char-start": 0,
      "location-before-char-end": 0,
      "node-str": "public"
    },
    {
      "type": "delete-node",
      "node": {
        "label": "org.apache.fulcrum.BaseService",
        "type": "SUPER_TYPE"
      },
      "location-before-char-start": 0,
      "location-before-char-end": 0,
      "node-str": "org.apache.fulcrum.BaseService"
    },
    {
      "type": "delete-node",
      "node": {
        "label": "",
        "type": "TypeReference"
      },
      "location-before-char-start": 3184,
      "location-before-char-end": 3194,
      "node-str": ""
    },
    {
      "type": "delete-node",
      "node": {
        "label": "org.apache.fulcrum.cache.TurbineGlobalCacheService",
        "type": "VARIABLE_TYPE"
      },
      "location-before-char-start": 0,
      "location-before-char-end": 0,
      "node-str": "org.apache.fulcrum.cache.TurbineGlobalCacheService"
    },
    {
      "type": "delete-node",
      "node": {
        "label": "cache",
        "type": "Field"
      },
      "location-before-char-start": 3317,
      "location-before-char-end": 3410,
      "node-str": "cache"
    },
    {
      "type": "delete-node",
      "node": {
        "label": "java.lang.Class",
        "type": "VARIABLE_TYPE"
      },
      "location-before-char-start": 0,
      "location-before-char-end": 0,
      "node-str": "java.lang.Class"
    },
    {
      "type": "delete-node",
      "node": {
        "label": "omClass",
        "type": "Field"
      },
      "location-before-char-start": 3417,
      "location-before-char-end": 3493,
      "node-str": "omClass"
    },
    {
      "type": "delete-node",
      "node": {
        "label": "void",
        "type": "RETURN_TYPE"
      },
      "location-before-char-start": 0,
      "location-before-char-end": 0,
      "node-str": "void"
    },
    {
      "type": "delete-node",
      "node": {
        "label": "org.apache.fulcrum.InitializationException",
        "type": "THROWS"
      },
      "location-before-char-start": 0,
      "location-before-char-end": 0,
      "node-str": "org.apache.fulcrum.InitializationException"
    },
    {
      "type": "delete-node",
      "node": {
        "label": "public",
        "type": "Modifier"
      },
      "location-before-char-start": 0,
      "location-before-char-end": 0,
      "node-str": "public"
    },
    {
      "type": "delete-node",
      "node": {
        "label": "java.lang.String",
        "type": "VARIABLE_TYPE"
      },
      "location-before-char-start": 0,
      "location-before-char-end": 0,
      "node-str": "java.lang.String"
    },
    {
      "type": "delete-node",
      "node": {
        "label": "org.tigris.scarab.services.AbstractOMService",
        "type": "TypeAccess"
      },
      "location-before-char-start": 0,
      "location-before-char-end": 0,
      "node-str": "org.tigris.scarab.services.AbstractOMService"
    },
    {
      "type": "delete-node",
      "node": {
        "label": "getClassName",
        "type": "Invocation"
      },
      "location-before-char-start": 3686,
      "location-before-char-end": 3699,
      "node-str": "getClassName"
    },
    {
      "type": "delete-node",
      "node": {
        "label": "className",
        "type": "LocalVariable"
      },
      "location-before-char-start": 3667,
      "location-before-char-end": 3700,
      "node-str": "className"
    },
    {
      "type": "delete-node",
      "node": {
        "label": "org.tigris.scarab.services.AbstractOMService",
        "type": "TypeAccess"
      },
      "location-before-char-start": 0,
      "location-before-char-end": 0,
      "node-str": "org.tigris.scarab.services.AbstractOMService"
    },
    {
      "type": "delete-node",
      "node": {
        "label": "omClass",
        "type": "FieldWrite"
      },
      "location-before-char-start": 3736,
      "location-before-char-end": 3742,
      "node-str": "omClass"
    },
    {
      "type": "delete-node",
      "node": {
        "label": "java.lang.Class",
        "type": "TypeAccess"
      },
      "location-before-char-start": 3746,
      "location-before-char-end": 3750,
      "node-str": "java.lang.Class"
    },
    {
      "type": "delete-node",
      "node": {
        "label": "className",
        "type": "VariableRead"
      },
      "location-before-char-start": 3760,
      "location-before-char-end": 3768,
      "node-str": "className"
    },
    {
      "type": "delete-node",
      "node": {
        "label": "forName",
        "type": "Invocation"
      },
      "location-before-char-start": 3746,
      "location-before-char-end": 3769,
      "node-str": "forName"
    },
    {
      "type": "delete-node",
      "node": {
        "label": "\u003d",
        "type": "Assignment"
      },
      "location-before-char-start": 3736,
      "location-before-char-end": 3770,
      "node-str": "\u003d"
    },
    {
      "type": "delete-node",
      "node": {
        "label": "java.lang.ClassNotFoundException",
        "type": "VARIABLE_TYPE"
      },
      "location-before-char-start": 0,
      "location-before-char-end": 0,
      "node-str": "java.lang.ClassNotFoundException"
    },
    {
      "type": "delete-node",
      "node": {
        "label": "cnfe",
        "type": "CatchVariable"
      },
      "location-before-char-start": 3797,
      "location-before-char-end": 3823,
      "node-str": "cnfe"
    },
    {
      "type": "delete-node",
      "node": {
        "label": "\"Could not load \"",
        "type": "Literal"
      },
      "location-before-char-start": 3882,
      "location-before-char-end": 3898,
      "node-str": "\"Could not load \""
    },
    {
      "type": "delete-node",
      "node": {
        "label": "className",
        "type": "VariableRead"
      },
      "location-before-char-start": 3902,
      "location-before-char-end": 3910,
      "node-str": "className"
    },
    {
      "type": "delete-node",
      "node": {
        "label": "PLUS",
        "type": "BinaryOperator"
      },
      "location-before-char-start": 3882,
      "location-before-char-end": 3910,
      "node-str": "PLUS"
    },
    {
      "type": "delete-node",
      "node": {
        "label": "org.apache.fulcrum.InitializationException(java.lang.String)",
        "type": "ConstructorCall"
      },
      "location-before-char-start": 3854,
      "location-before-char-end": 3911,
      "node-str": "org.apache.fulcrum.InitializationException(java.lang.String)"
    },
    {
      "type": "delete-node",
      "node": {
        "label": "",
        "type": "Throw"
      },
      "location-before-char-start": 3848,
      "location-before-char-end": 3912,
      "node-str": ""
    },
    {
      "type": "delete-node",
      "node": {
        "label": "",
        "type": "Catch"
      },
      "location-before-char-start": 3781,
      "location-before-char-end": 3922,
      "node-str": ""
    },
    {
      "type": "delete-node",
      "node": {
        "label": "",
        "type": "Try"
      },
      "location-before-char-start": 3710,
      "location-before-char-end": 3922,
      "node-str": ""
    },
    {
      "type": "delete-node",
      "node": {
        "label": "org.tigris.scarab.services.AbstractOMService",
        "type": "TypeAccess"
      },
      "location-before-char-start": 0,
      "location-before-char-end": 0,
      "node-str": "org.tigris.scarab.services.AbstractOMService"
    },
    {
      "type": "delete-node",
      "node": {
        "label": "cache",
        "type": "FieldWrite"
      },
      "location-before-char-start": 3933,
      "location-before-char-end": 3937,
      "node-str": "cache"
    },
    {
      "type": "delete-node",
      "node": {
        "label": "org.apache.fulcrum.TurbineServices",
        "type": "TypeAccess"
      },
      "location-before-char-start": 3968,
      "location-before-char-end": 3982,
      "node-str": "org.apache.fulcrum.TurbineServices"
    },
    {
      "type": "delete-node",
      "node": {
        "label": "getInstance",
        "type": "Invocation"
      },
      "location-before-char-start": 3968,
      "location-before-char-end": 4009,
      "node-str": "getInstance"
    },
    {
      "type": "delete-node",
      "node": {
        "label": "GlobalCacheService.SERVICE_NAME",
        "type": "TypeAccess"
      },
      "location-before-char-start": 4022,
      "location-before-char-end": 4052,
      "node-str": "GlobalCacheService.SERVICE_NAME"
    },
    {
      "type": "delete-node",
      "node": {
        "label": "getService",
        "type": "Invocation"
      },
      "location-before-char-start": 3941,
      "location-before-char-end": 4053,
      "node-str": "getService"
    },
    {
      "type": "delete-node",
      "node": {
        "label": "\u003d",
        "type": "Assignment"
      },
      "location-before-char-start": 3933,
      "location-before-char-end": 4054,
      "node-str": "\u003d"
    },
    {
      "type": "delete-node",
      "node": {
        "label": "org.tigris.scarab.services.AbstractOMService",
        "type": "TypeAccess"
      },
      "location-before-char-start": 0,
      "location-before-char-end": 0,
      "node-str": "org.tigris.scarab.services.AbstractOMService"
    },
    {
      "type": "delete-node",
      "node": {
        "label": "doInit",
        "type": "Invocation"
      },
      "location-before-char-start": 4065,
      "location-before-char-end": 4073,
      "node-str": "doInit"
    },
    {
      "type": "delete-node",
      "node": {
        "label": "org.tigris.scarab.services.AbstractOMService",
        "type": "TypeAccess"
      },
      "location-before-char-start": 0,
      "location-before-char-end": 0,
      "node-str": "org.tigris.scarab.services.AbstractOMService"
    },
    {
      "type": "delete-node",
      "node": {
        "label": "true",
        "type": "Literal"
      },
      "location-before-char-start": 4091,
      "location-before-char-end": 4094,
      "node-str": "true"
    },
    {
      "type": "delete-node",
      "node": {
        "label": "setInit",
        "type": "Invocation"
      },
      "location-before-char-start": 4083,
      "location-before-char-end": 4096,
      "node-str": "setInit"
    },
    {
      "type": "delete-node",
      "node": {
        "label": "init",
        "type": "Method"
      },
      "location-before-char-start": 3500,
      "location-before-char-end": 4102,
      "node-str": "init"
    },
    {
      "type": "delete-node",
      "node": {
        "label": "void",
        "type": "RETURN_TYPE"
      },
      "location-before-char-start": 0,
      "location-before-char-end": 0,
      "node-str": "void"
    },
    {
      "type": "delete-node",
      "node": {
        "label": "org.apache.fulcrum.InitializationException",
        "type": "THROWS"
      },
      "location-before-char-start": 0,
      "location-before-char-end": 0,
      "node-str": "org.apache.fulcrum.InitializationException"
    },
    {
      "type": "delete-node",
      "node": {
        "label": "protected",
        "type": "Modifier"
      },
      "location-before-char-start": 0,
      "location-before-char-end": 0,
      "node-str": "protected"
    },
    {
      "type": "delete-node",
      "node": {
        "label": "doInit",
        "type": "Method"
      },
      "location-before-char-start": 4113,
      "location-before-char-end": 4291,
      "node-str": "doInit"
    },
    {
      "type": "delete-node",
      "node": {
        "label": "java.lang.Class",
        "type": "RETURN_TYPE"
      },
      "location-before-char-start": 0,
      "location-before-char-end": 0,
      "node-str": "java.lang.Class"
    },
    {
      "type": "delete-node",
      "node": {
        "label": "public",
        "type": "Modifier"
      },
      "location-before-char-start": 0,
      "location-before-char-end": 0,
      "node-str": "public"
    },
    {
      "type": "delete-node",
      "node": {
        "label": "org.tigris.scarab.services.AbstractOMService",
        "type": "TypeAccess"
      },
      "location-before-char-start": 0,
      "location-before-char-end": 0,
      "node-str": "org.tigris.scarab.services.AbstractOMService"
    },
    {
      "type": "delete-node",
      "node": {
        "label": "omClass",
        "type": "FieldRead"
      },
      "location-before-char-start": 4391,
      "location-before-char-end": 4397,
      "node-str": "omClass"
    },
    {
      "type": "delete-node",
      "node": {
        "label": "return",
        "type": "Return"
      },
      "location-before-char-start": 4384,
      "location-before-char-end": 4398,
      "node-str": "return"
    },
    {
      "type": "delete-node",
      "node": {
        "label": "getOMClass",
        "type": "Method"
      },
      "location-before-char-start": 4298,
      "location-before-char-end": 4404,
      "node-str": "getOMClass"
    },
    {
      "type": "delete-node",
      "node": {
        "label": "java.lang.String",
        "type": "RETURN_TYPE"
      },
      "location-before-char-start": 0,
      "location-before-char-end": 0,
      "node-str": "java.lang.String"
    },
    {
      "type": "delete-node",
      "node": {
        "label": "protected",
        "type": "Modifier"
      },
      "location-before-char-start": 0,
      "location-before-char-end": 0,
      "node-str": "protected"
    },
    {
      "type": "delete-node",
      "node": {
        "label": "org.apache.torque.om.ObjectKey",
        "type": "VARIABLE_TYPE"
      },
      "location-before-char-start": 0,
      "location-before-char-end": 0,
      "node-str": "org.apache.torque.om.ObjectKey"
    },
    {
      "type": "delete-node",
      "node": {
        "label": "key",
        "type": "Parameter"
      },
      "location-before-char-start": 4440,
      "location-before-char-end": 4452,
      "node-str": "key"
    },
    {
      "type": "delete-node",
      "node": {
        "label": "java.lang.String",
        "type": "VARIABLE_TYPE"
      },
      "location-before-char-start": 0,
      "location-before-char-end": 0,
      "node-str": "java.lang.String"
    },
    {
      "type": "delete-node",
      "node": {
        "label": "org.tigris.scarab.services.AbstractOMService",
        "type": "TypeAccess"
      },
      "location-before-char-start": 0,
      "location-before-char-end": 0,
      "node-str": "org.tigris.scarab.services.AbstractOMService"
    },
    {
      "type": "delete-node",
      "node": {
        "label": "getClassName",
        "type": "Invocation"
      },
      "location-before-char-start": 4488,
      "location-before-char-end": 4501,
      "node-str": "getClassName"
    },
    {
      "type": "delete-node",
      "node": {
        "label": "keyPrefix",
        "type": "LocalVariable"
      },
      "location-before-char-start": 4469,
      "location-before-char-end": 4502,
      "node-str": "keyPrefix"
    },
    {
      "type": "delete-node",
      "node": {
        "label": "java.lang.String",
        "type": "VARIABLE_TYPE"
      },
      "location-before-char-start": 0,
      "location-before-char-end": 0,
      "node-str": "java.lang.String"
    },
    {
      "type": "delete-node",
      "node": {
        "label": "key",
        "type": "VariableRead"
      },
      "location-before-char-start": 4531,
      "location-before-char-end": 4533,
      "node-str": "key"
    },
    {
      "type": "delete-node",
      "node": {
        "label": "getValue",
        "type": "Invocation"
      },
      "location-before-char-start": 4531,
      "location-before-char-end": 4544,
      "node-str": "getValue"
    },
    {
      "type": "delete-node",
      "node": {
        "label": "toString",
        "type": "Invocation"
      },
      "location-before-char-start": 4531,
      "location-before-char-end": 4555,
      "node-str": "toString"
    },
    {
      "type": "delete-node",
      "node": {
        "label": "keyString",
        "type": "LocalVariable"
      },
      "location-before-char-start": 4512,
      "location-before-char-end": 4556,
      "node-str": "keyString"
    },
    {
      "type": "delete-node",
      "node": {
        "label": "keyPrefix",
        "type": "VariableRead"
      },
      "location-before-char-start": 4590,
      "location-before-char-end": 4598,
      "node-str": "keyPrefix"
    },
    {
      "type": "delete-node",
      "node": {
        "label": "length",
        "type": "Invocation"
      },
      "location-before-char-start": 4590,
      "location-before-char-end": 4607,
      "node-str": "length"
    },
    {
      "type": "delete-node",
      "node": {
        "label": "keyString",
        "type": "VariableRead"
      },
      "location-before-char-start": 4611,
      "location-before-char-end": 4619,
      "node-str": "keyString"
    },
    {
      "type": "delete-node",
      "node": {
        "label": "length",
        "type": "Invocation"
      },
      "location-before-char-start": 4611,
      "location-before-char-end": 4628,
      "node-str": "length"
    },
    {
      "type": "delete-node",
      "node": {
        "label": "PLUS",
        "type": "BinaryOperator"
      },
      "location-before-char-start": 4590,
      "location-before-char-end": 4628,
      "node-str": "PLUS"
    },
    {
      "type": "delete-node",
      "node": {
        "label": "java.lang.StringBuffer(int)",
        "type": "ConstructorCall"
      },
      "location-before-char-start": 4573,
      "location-before-char-end": 4629,
      "node-str": "java.lang.StringBuffer(int)"
    },
    {
      "type": "delete-node",
      "node": {
        "label": "keyPrefix",
        "type": "VariableRead"
      },
      "location-before-char-start": 4651,
      "location-before-char-end": 4659,
      "node-str": "keyPrefix"
    },
    {
      "type": "delete-node",
      "node": {
        "label": "append",
        "type": "Invocation"
      },
      "location-before-char-start": 4573,
      "location-before-char-end": 4660,
      "node-str": "append"
    },
    {
      "type": "delete-node",
      "node": {
        "label": "keyString",
        "type": "VariableRead"
      },
      "location-before-char-start": 4669,
      "location-before-char-end": 4677,
      "node-str": "keyString"
    },
    {
      "type": "delete-node",
      "node": {
        "label": "append",
        "type": "Invocation"
      },
      "location-before-char-start": 4573,
      "location-before-char-end": 4678,
      "node-str": "append"
    },
    {
      "type": "delete-node",
      "node": {
        "label": "toString",
        "type": "Invocation"
      },
      "location-before-char-start": 4573,
      "location-before-char-end": 4689,
      "node-str": "toString"
    },
    {
      "type": "delete-node",
      "node": {
        "label": "return",
        "type": "Return"
      },
      "location-before-char-start": 4566,
      "location-before-char-end": 4690,
      "node-str": "return"
    },
    {
      "type": "delete-node",
      "node": {
        "label": "getCacheKey",
        "type": "Method"
      },
      "location-before-char-start": 4411,
      "location-before-char-end": 4696,
      "node-str": "getCacheKey"
    },
    {
      "type": "delete-node",
      "node": {
        "label": "java.lang.String",
        "type": "RETURN_TYPE"
      },
      "location-before-char-start": 0,
      "location-before-char-end": 0,
      "node-str": "java.lang.String"
    },
    {
      "type": "delete-node",
      "node": {
        "label": "abstract",
        "type": "Modifier"
      },
      "location-before-char-start": 0,
      "location-before-char-end": 0,
      "node-str": "abstract"
    },
    {
      "type": "delete-node",
      "node": {
        "label": "protected",
        "type": "Modifier"
      },
      "location-before-char-start": 0,
      "location-before-char-end": 0,
      "node-str": "protected"
    },
    {
      "type": "delete-node",
      "node": {
        "label": "getClassName",
        "type": "Method"
      },
      "location-before-char-start": 4906,
      "location-before-char-end": 5002,
      "node-str": "getClassName"
    },
    {
      "type": "delete-node",
      "node": {
        "label": "java.lang.Object",
        "type": "RETURN_TYPE"
      },
      "location-before-char-start": 0,
      "location-before-char-end": 0,
      "node-str": "java.lang.Object"
    },
    {
      "type": "delete-node",
      "node": {
        "label": "java.lang.Exception",
        "type": "THROWS"
      },
      "location-before-char-start": 0,
      "location-before-char-end": 0,
      "node-str": "java.lang.Exception"
    },
    {
      "type": "delete-node",
      "node": {
        "label": "protected",
        "type": "Modifier"
      },
      "location-before-char-start": 0,
      "location-before-char-end": 0,
      "node-str": "protected"
    },
    {
      "type": "delete-node",
      "node": {
        "label": "org.apache.torque.om.ObjectKey",
        "type": "VARIABLE_TYPE"
      },
      "location-before-char-start": 0,
      "location-before-char-end": 0,
      "node-str": "org.apache.torque.om.ObjectKey"
    },
    {
      "type": "delete-node",
      "node": {
        "label": "id",
        "type": "Parameter"
      },
      "location-before-char-start": 5107,
      "location-before-char-end": 5118,
      "node-str": "id"
    },
    {
      "type": "delete-node",
      "node": {
        "label": "java.lang.String",
        "type": "VARIABLE_TYPE"
      },
      "location-before-char-start": 0,
      "location-before-char-end": 0,
      "node-str": "java.lang.String"
    },
    {
      "type": "delete-node",
      "node": {
        "label": "org.tigris.scarab.services.AbstractOMService",
        "type": "TypeAccess"
      },
      "location-before-char-start": 0,
      "location-before-char-end": 0,
      "node-str": "org.tigris.scarab.services.AbstractOMService"
    },
    {
      "type": "delete-node",
      "node": {
        "label": "id",
        "type": "VariableRead"
      },
      "location-before-char-start": 5186,
      "location-before-char-end": 5187,
      "node-str": "id"
    },
    {
      "type": "delete-node",
      "node": {
        "label": "getCacheKey",
        "type": "Invocation"
      },
      "location-before-char-start": 5174,
      "location-before-char-end": 5188,
      "node-str": "getCacheKey"
    },
    {
      "type": "delete-node",
      "node": {
        "label": "key",
        "type": "LocalVariable"
      },
      "location-before-char-start": 5161,
      "location-before-char-end": 5189,
      "node-str": "key"
    },
    {
      "type": "delete-node",
      "node": {
        "label": "java.lang.Object",
        "type": "VARIABLE_TYPE"
      },
      "location-before-char-start": 0,
      "location-before-char-end": 0,
      "node-str": "java.lang.Object"
    },
    {
      "type": "delete-node",
      "node": {
        "label": "null",
        "type": "Literal"
      },
      "location-before-char-start": 5211,
      "location-before-char-end": 5214,
      "node-str": "null"
    },
    {
      "type": "delete-node",
      "node": {
        "label": "om",
        "type": "LocalVariable"
      },
      "location-before-char-start": 5199,
      "location-before-char-end": 5215,
      "node-str": "om"
    },
    {
      "type": "delete-node",
      "node": {
        "label": "om",
        "type": "VariableWrite"
      },
      "location-before-char-start": 5251,
      "location-before-char-end": 5252,
      "node-str": "om"
    },
    {
      "type": "delete-node",
      "node": {
        "label": "org.tigris.scarab.services.AbstractOMService",
        "type": "TypeAccess"
      },
      "location-before-char-start": 0,
      "location-before-char-end": 0,
      "node-str": "org.tigris.scarab.services.AbstractOMService"
    },
    {
      "type": "delete-node",
      "node": {
        "label": "cache",
        "type": "FieldRead"
      },
      "location-before-char-start": 5256,
      "location-before-char-end": 5260,
      "node-str": "cache"
    },
    {
      "type": "delete-node",
      "node": {
        "label": "key",
        "type": "VariableRead"
      },
      "location-before-char-start": 5272,
      "location-before-char-end": 5274,
      "node-str": "key"
    },
    {
      "type": "delete-node",
      "node": {
        "label": "getObject",
        "type": "Invocation"
      },
      "location-before-char-start": 5256,
      "location-before-char-end": 5275,
      "node-str": "getObject"
    },
    {
      "type": "delete-node",
      "node": {
        "label": "getContents",
        "type": "Invocation"
      },
      "location-before-char-start": 5256,
      "location-before-char-end": 5289,
      "node-str": "getContents"
    },
    {
      "type": "delete-node",
      "node": {
        "label": "\u003d",
        "type": "Assignment"
      },
      "location-before-char-start": 5251,
      "location-before-char-end": 5290,
      "node-str": "\u003d"
    },
    {
      "type": "delete-node",
      "node": {
        "label": "org.apache.fulcrum.cache.ObjectExpiredException",
        "type": "VARIABLE_TYPE"
      },
      "location-before-char-start": 0,
      "location-before-char-end": 0,
      "node-str": "org.apache.fulcrum.cache.ObjectExpiredException"
    },
    {
      "type": "delete-node",
      "node": {
        "label": "oee",
        "type": "CatchVariable"
      },
      "location-before-char-start": 5317,
      "location-before-char-end": 5342,
      "node-str": "oee"
    },
    {
      "type": "delete-node",
      "node": {
        "label": "org.tigris.scarab.services.AbstractOMService",
        "type": "TypeAccess"
      },
      "location-before-char-start": 0,
      "location-before-char-end": 0,
      "node-str": "org.tigris.scarab.services.AbstractOMService"
    },
    {
      "type": "delete-node",
      "node": {
        "label": "cache",
        "type": "FieldRead"
      },
      "location-before-char-start": 5406,
      "location-before-char-end": 5410,
      "node-str": "cache"
    },
    {
      "type": "delete-node",
      "node": {
        "label": "key",
        "type": "VariableRead"
      },
      "location-before-char-start": 5422,
      "location-before-char-end": 5424,
      "node-str": "key"
    },
    {
      "type": "delete-node",
      "node": {
        "label": "om",
        "type": "VariableRead"
      },
      "location-before-char-start": 5444,
      "location-before-char-end": 5445,
      "node-str": "om"
    },
    {
      "type": "delete-node",
      "node": {
        "label": "org.apache.fulcrum.cache.CachedObject(java.lang.Object)",
        "type": "ConstructorCall"
      },
      "location-before-char-start": 5427,
      "location-before-char-end": 5446,
      "node-str": "org.apache.fulcrum.cache.CachedObject(java.lang.Object)"
    },
    {
      "type": "delete-node",
      "node": {
        "label": "addObject",
        "type": "Invocation"
      },
      "location-before-char-start": 5406,
      "location-before-char-end": 5448,
      "node-str": "addObject"
    },
    {
      "type": "delete-node",
      "node": {
        "label": "",
        "type": "Catch"
      },
      "location-before-char-start": 5301,
      "location-before-char-end": 5458,
      "node-str": ""
    },
    {
      "type": "delete-node",
      "node": {
        "label": "",
        "type": "Try"
      },
      "location-before-char-start": 5225,
      "location-before-char-end": 5458,
      "node-str": ""
    },
    {
      "type": "delete-node",
      "node": {
        "label": "om",
        "type": "VariableRead"
      },
      "location-before-char-start": 5484,
      "location-before-char-end": 5485,
      "node-str": "om"
    },
    {
      "type": "delete-node",
      "node": {
        "label": "return",
        "type": "Return"
      },
      "location-before-char-start": 5477,
      "location-before-char-end": 5486,
      "node-str": "return"
    },
    {
      "type": "delete-node",
      "node": {
        "label": "getOMInstance",
        "type": "Method"
      },
      "location-before-char-start": 5009,
      "location-before-char-end": 5492,
      "node-str": "getOMInstance"
    },
    {
      "type": "delete-node",
      "node": {
        "label": "java.util.List",
        "type": "RETURN_TYPE"
      },
      "location-before-char-start": 0,
      "location-before-char-end": 0,
      "node-str": "java.util.List"
    },
    {
      "type": "delete-node",
      "node": {
        "label": "java.lang.Exception",
        "type": "THROWS"
      },
      "location-before-char-start": 0,
      "location-before-char-end": 0,
      "node-str": "java.lang.Exception"
    },
    {
      "type": "delete-node",
      "node": {
        "label": "protected",
        "type": "Modifier"
      },
      "location-before-char-start": 0,
      "location-before-char-end": 0,
      "node-str": "protected"
    },
    {
      "type": "delete-node",
      "node": {
        "label": "java.util.List",
        "type": "VARIABLE_TYPE"
      },
      "location-before-char-start": 0,
      "location-before-char-end": 0,
      "node-str": "java.util.List"
    },
    {
      "type": "delete-node",
      "node": {
        "label": "ids",
        "type": "Parameter"
      },
      "location-before-char-start": 6157,
      "location-before-char-end": 6164,
      "node-str": "ids"
    },
    {
      "type": "delete-node",
      "node": {
        "label": "java.util.List",
        "type": "VARIABLE_TYPE"
      },
      "location-before-char-start": 0,
      "location-before-char-end": 0,
      "node-str": "java.util.List"
    },
    {
      "type": "delete-node",
      "node": {
        "label": "null",
        "type": "Literal"
      },
      "location-before-char-start": 6218,
      "location-before-char-end": 6221,
      "node-str": "null"
    },
    {
      "type": "delete-node",
      "node": {
        "label": "oms",
        "type": "LocalVariable"
      },
      "location-before-char-start": 6207,
      "location-before-char-end": 6222,
      "node-str": "oms"
    },
    {
      "type": "delete-node",
      "node": {
        "label": "oms",
        "type": "VariableWrite"
      },
      "location-before-char-start": 6365,
      "location-before-char-end": 6367,
      "node-str": "oms"
    },
    {
      "type": "delete-node",
      "node": {
        "label": "ids",
        "type": "VariableRead"
      },
      "location-before-char-start": 6385,
      "location-before-char-end": 6387,
      "node-str": "ids"
    },
    {
      "type": "delete-node",
      "node": {
        "label": "java.util.ArrayList(java.util.Collection)",
        "type": "ConstructorCall"
      },
      "location-before-char-start": 6371,
      "location-before-char-end": 6388,
      "node-str": "java.util.ArrayList(java.util.Collection)"
    },
    {
      "type": "delete-node",
      "node": {
        "label": "\u003d",
        "type": "Assignment"
      },
      "location-before-char-start": 6365,
      "location-before-char-end": 6389,
      "node-str": "\u003d"
    },
    {
      "type": "delete-node",
      "node": {
        "label": "int",
        "type": "VARIABLE_TYPE"
      },
      "location-before-char-start": 0,
      "location-before-char-end": 0,
      "node-str": "int"
    },
    {
      "type": "delete-node",
      "node": {
        "label": "0",
        "type": "Literal"
      },
      "location-before-char-start": 6468,
      "location-before-char-end": 6468,
      "node-str": "0"
    },
    {
      "type": "delete-node",
      "node": {
        "label": "i",
        "type": "LocalVariable"
      },
      "location-before-char-start": 6462,
      "location-before-char-end": 6468,
      "node-str": "i"
    },
    {
      "type": "delete-node",
      "node": {
        "label": "i",
        "type": "VariableRead"
      },
      "location-before-char-start": 6471,
      "location-before-char-end": 6471,
      "node-str": "i"
    },
    {
      "type": "delete-node",
      "node": {
        "label": "ids",
        "type": "VariableRead"
      },
      "location-before-char-start": 6473,
      "location-before-char-end": 6475,
      "node-str": "ids"
    },
    {
      "type": "delete-node",
      "node": {
        "label": "size",
        "type": "Invocation"
      },
      "location-before-char-start": 6473,
      "location-before-char-end": 6482,
      "node-str": "size"
    },
    {
      "type": "delete-node",
      "node": {
        "label": "LT",
        "type": "BinaryOperator"
      },
      "location-before-char-start": 6471,
      "location-before-char-end": 6482,
      "node-str": "LT"
    },
    {
      "type": "delete-node",
      "node": {
        "label": "i",
        "type": "VariableWrite"
      },
      "location-before-char-start": 6485,
      "location-before-char-end": 6485,
      "node-str": "i"
    },
    {
      "type": "delete-node",
      "node": {
        "label": "POSTINC",
        "type": "UnaryOperator"
      },
      "location-before-char-start": 6485,
      "location-before-char-end": 6487,
      "node-str": "POSTINC"
    },
    {
      "type": "delete-node",
      "node": {
        "label": "java.lang.String",
        "type": "VARIABLE_TYPE"
      },
      "location-before-char-start": 0,
      "location-before-char-end": 0,
      "node-str": "java.lang.String"
    },
    {
      "type": "delete-node",
      "node": {
        "label": "org.tigris.scarab.services.AbstractOMService",
        "type": "TypeAccess"
      },
      "location-before-char-start": 0,
      "location-before-char-end": 0,
      "node-str": "org.tigris.scarab.services.AbstractOMService"
    },
    {
      "type": "delete-node",
      "node": {
        "label": "id",
        "type": "VariableRead"
      },
      "location-before-char-start": 6601,
      "location-before-char-end": 6602,
      "node-str": "id"
    },
    {
      "type": "delete-node",
      "node": {
        "label": "getCacheKey",
        "type": "Invocation"
      },
      "location-before-char-start": 6589,
      "location-before-char-end": 6603,
      "node-str": "getCacheKey"
    },
    {
      "type": "delete-node",
      "node": {
        "label": "key",
        "type": "LocalVariable"
      },
      "location-before-char-start": 6576,
      "location-before-char-end": 6604,
      "node-str": "key"
    },
    {
      "type": "delete-node",
      "node": {
        "label": "java.lang.Object",
        "type": "VARIABLE_TYPE"
      },
      "location-before-char-start": 0,
      "location-before-char-end": 0,
      "node-str": "java.lang.Object"
    },
    {
      "type": "delete-node",
      "node": {
        "label": "null",
        "type": "Literal"
      },
      "location-before-char-start": 6634,
      "location-before-char-end": 6637,
      "node-str": "null"
    },
    {
      "type": "delete-node",
      "node": {
        "label": "om",
        "type": "LocalVariable"
      },
      "location-before-char-start": 6622,
      "location-before-char-end": 6638,
      "node-str": "om"
    },
    {
      "type": "delete-node",
      "node": {
        "label": "oms",
        "type": "VariableRead"
      },
      "location-before-char-start": 6698,
      "location-before-char-end": 6700,
      "node-str": "oms"
    },
    {
      "type": "delete-node",
      "node": {
        "label": "i",
        "type": "VariableRead"
      },
      "location-before-char-start": 6706,
      "location-before-char-end": 6706,
      "node-str": "i"
    },
    {
      "type": "delete-node",
      "node": {
        "label": "org.tigris.scarab.services.AbstractOMService",
        "type": "TypeAccess"
      },
      "location-before-char-start": 0,
      "location-before-char-end": 0,
      "node-str": "org.tigris.scarab.services.AbstractOMService"
    },
    {
      "type": "delete-node",
      "node": {
        "label": "cache",
        "type": "FieldRead"
      },
      "location-before-char-start": 6709,
      "location-before-char-end": 6713,
      "node-str": "cache"
    },
    {
      "type": "delete-node",
      "node": {
        "label": "key",
        "type": "VariableRead"
      },
      "location-before-char-start": 6725,
      "location-before-char-end": 6727,
      "node-str": "key"
    },
    {
      "type": "delete-node",
      "node": {
        "label": "getObject",
        "type": "Invocation"
      },
      "location-before-char-start": 6709,
      "location-before-char-end": 6728,
      "node-str": "getObject"
    },
    {
      "type": "delete-node",
      "node": {
        "label": "getContents",
        "type": "Invocation"
      },
      "location-before-char-start": 6709,
      "location-before-char-end": 6742,
      "node-str": "getContents"
    },
    {
      "type": "delete-node",
      "node": {
        "label": "set",
        "type": "Invocation"
      },
      "location-before-char-start": 6698,
      "location-before-char-end": 6744,
      "node-str": "set"
    },
    {
      "type": "delete-node",
      "node": {
        "label": "org.apache.fulcrum.cache.ObjectExpiredException",
        "type": "VARIABLE_TYPE"
      },
      "location-before-char-start": 0,
      "location-before-char-end": 0,
      "node-str": "org.apache.fulcrum.cache.ObjectExpiredException"
    },
    {
      "type": "delete-node",
      "node": {
        "label": "oee",
        "type": "CatchVariable"
      },
      "location-before-char-start": 6788,
      "location-before-char-end": 6813,
      "node-str": "oee"
    },
    {
      "type": "delete-node",
      "node": {
        "label": "newIds",
        "type": "VariableRead"
      },
      "location-before-char-start": 6854,
      "location-before-char-end": 6859,
      "node-str": "newIds"
    },
    {
      "type": "delete-node",
      "node": {
        "label": "id",
        "type": "VariableRead"
      },
      "location-before-char-start": 6865,
      "location-before-char-end": 6866,
      "node-str": "id"
    },
    {
      "type": "delete-node",
      "node": {
        "label": "add",
        "type": "Invocation"
      },
      "location-before-char-start": 6854,
      "location-before-char-end": 6868,
      "node-str": "add"
    },
    {
      "type": "delete-node",
      "node": {
        "label": "",
        "type": "Catch"
      },
      "location-before-char-start": 6764,
      "location-before-char-end": 6886,
      "node-str": ""
    },
    {
      "type": "delete-node",
      "node": {
        "label": "",
        "type": "Try"
      },
      "location-before-char-start": 6656,
      "location-before-char-end": 6886,
      "node-str": ""
    },
    {
      "type": "delete-node",
      "node": {
        "label": "",
        "type": "For"
      },
      "location-before-char-start": 6456,
      "location-before-char-end": 6900,
      "node-str": ""
    },
    {
      "type": "delete-node",
      "node": {
        "label": "org.tigris.scarab.services.AbstractOMService",
        "type": "TypeAccess"
      },
      "location-before-char-start": 0,
      "location-before-char-end": 0,
      "node-str": "org.tigris.scarab.services.AbstractOMService"
    },
    {
      "type": "delete-node",
      "node": {
        "label": "java.lang.Object()",
        "type": "ConstructorCall"
      },
      "location-before-char-start": 7728,
      "location-before-char-end": 7747,
      "node-str": "java.lang.Object()"
    },
    {
      "type": "delete-node",
      "node": {
        "label": "oms",
        "type": "VariableRead"
      },
      "location-before-char-start": 7992,
      "location-before-char-end": 7994,
      "node-str": "oms"
    },
    {
      "type": "delete-node",
      "node": {
        "label": "return",
        "type": "Return"
      },
      "location-before-char-start": 7985,
      "location-before-char-end": 7995,
      "node-str": "return"
    }
  ],
  "before-file": {},
  "after-file": {},
  "mapping": {}
}