{
  "tool-info": {},
  "diff": [
    {
      "type": "move-subtree",
      "node": {
        "label": "threadGroup",
        "type": "Field"
      },
      "location-before-char-start": 1819,
      "location-before-char-end": 1909,
      "location-after-char-start": 1880,
      "location-after-char-end": 2029,
      "node-str": "threadGroup"
    },
    {
      "type": "move-subtree",
      "node": {
        "label": "listener",
        "type": "Field"
      },
      "location-before-char-start": 2165,
      "location-before-char-end": 2197,
      "location-after-char-start": 2401,
      "location-after-char-end": 2481,
      "node-str": "listener"
    },
    {
      "type": "move-subtree",
      "node": {
        "label": "isTransacted",
        "type": "Method"
      },
      "location-before-char-start": 2315,
      "location-before-char-end": 2368,
      "location-after-char-start": 5410,
      "location-after-char-end": 5592,
      "node-str": "isTransacted"
    },
    {
      "type": "move-subtree",
      "node": {
        "label": "debug",
        "type": "Invocation"
      },
      "location-before-char-start": 3767,
      "location-before-char-end": 3808,
      "location-after-char-start": 5332,
      "location-after-char-end": 5377,
      "node-str": "debug"
    },
    {
      "type": "update-node",
      "node": {
        "label": "java.util.Vector",
        "type": "VARIABLE_TYPE"
      },
      "location-before-char-start": 0,
      "location-before-char-end": 0,
      "location-after-char-start": 0,
      "location-after-char-end": 0,
      "node-str": "java.util.List"
    },
    {
      "type": "insert-node",
      "node": {
        "label": "\u003d",
        "type": "Assignment"
      },
      "location-after-char-start": 3804,
      "location-after-char-end": 3848,
      "node-str": "\u003d"
    },
    {
      "type": "update-node",
      "node": {
        "label": "isDebugEnabled",
        "type": "Invocation"
      },
      "location-before-char-start": 7664,
      "location-before-char-end": 7683,
      "location-after-char-start": 4645,
      "location-after-char-end": 4682,
      "node-str": "debug"
    },
    {
      "type": "move-subtree",
      "node": {
        "label": "isDebugEnabled",
        "type": "Invocation"
      },
      "location-before-char-start": 7664,
      "location-before-char-end": 7683,
      "location-after-char-start": 4645,
      "location-after-char-end": 4682,
      "node-str": "debug"
    },
    {
      "type": "update-node",
      "node": {
        "label": "result",
        "type": "LocalVariable"
      },
      "location-before-char-start": 3732,
      "location-before-char-end": 3759,
      "location-after-char-start": 4690,
      "location-after-char-end": 4718,
      "node-str": "session"
    },
    {
      "type": "insert-node",
      "node": {
        "label": "final",
        "type": "Modifier"
      },
      "location-after-char-start": 0,
      "location-after-char-end": 0,
      "node-str": "final"
    },
    {
      "type": "insert-node",
      "node": {
        "label": "final",
        "type": "Modifier"
      },
      "location-after-char-start": 0,
      "location-after-char-end": 0,
      "node-str": "final"
    },
    {
      "type": "insert-node",
      "node": {
        "label": "final",
        "type": "Modifier"
      },
      "location-after-char-start": 0,
      "location-after-char-end": 0,
      "node-str": "final"
    },
    {
      "type": "insert-node",
      "node": {
        "label": "final",
        "type": "Modifier"
      },
      "location-after-char-start": 0,
      "location-after-char-end": 0,
      "node-str": "final"
    },
    {
      "type": "insert-node",
      "node": {
        "label": "final",
        "type": "Modifier"
      },
      "location-after-char-start": 0,
      "location-after-char-end": 0,
      "node-str": "final"
    },
    {
      "type": "insert-node",
      "node": {
        "label": "final",
        "type": "Modifier"
      },
      "location-after-char-start": 0,
      "location-after-char-end": 0,
      "node-str": "final"
    },
    {
      "type": "insert-node",
      "node": {
        "label": "final",
        "type": "Modifier"
      },
      "location-after-char-start": 0,
      "location-after-char-end": 0,
      "node-str": "final"
    },
    {
      "type": "insert-node",
      "node": {
        "label": "final",
        "type": "Modifier"
      },
      "location-after-char-start": 0,
      "location-after-char-end": 0,
      "node-str": "final"
    },
    {
      "type": "insert-node",
      "node": {
        "label": "final",
        "type": "Modifier"
      },
      "location-after-char-start": 0,
      "location-after-char-end": 0,
      "node-str": "final"
    },
    {
      "type": "insert-node",
      "node": {
        "label": "sessionPool",
        "type": "FieldWrite"
      },
      "location-after-char-start": 3804,
      "location-after-char-end": 3819,
      "node-str": "sessionPool"
    },
    {
      "type": "insert-node",
      "node": {
        "label": "java.util.ArrayList(int)",
        "type": "ConstructorCall"
      },
      "location-after-char-start": 3823,
      "location-after-char-end": 3847,
      "node-str": "java.util.ArrayList(int)"
    },
    {
      "type": "insert-node",
      "node": {
        "label": "\"getting a server session\"",
        "type": "Literal"
      },
      "location-after-char-start": 4655,
      "location-after-char-end": 4680,
      "node-str": "\"getting a server session\""
    },
    {
      "type": "insert-node",
      "node": {
        "label": "while",
        "type": "While"
      },
      "location-after-char-start": 4742,
      "location-after-char-end": 5167,
      "node-str": "while"
    },
    {
      "type": "insert-node",
      "node": {
        "label": "PLUS",
        "type": "BinaryOperator"
      },
      "location-after-char-start": 5342,
      "location-after-char-end": 5375,
      "node-str": "PLUS"
    },
    {
      "type": "update-node",
      "node": {
        "label": "result",
        "type": "VariableRead"
      },
      "location-before-char-start": 4358,
      "location-before-char-end": 4363,
      "location-after-char-start": 5392,
      "location-after-char-end": 5398,
      "node-str": "session"
    },
    {
      "type": "update-node",
      "node": {
        "label": "addElement",
        "type": "Invocation"
      },
      "location-before-char-start": 4518,
      "location-before-char-end": 4549,
      "location-after-char-start": 5733,
      "location-after-char-end": 5757,
      "node-str": "add"
    },
    {
      "type": "insert-node",
      "node": {
        "label": "debug",
        "type": "Invocation"
      },
      "location-after-char-start": 5802,
      "location-after-char-end": 5850,
      "node-str": "debug"
    },
    {
      "type": "update-node",
      "node": {
        "label": "e",
        "type": "LocalVariable"
      },
      "location-before-char-start": 5304,
      "location-before-char-end": 5342,
      "location-after-char-start": 6621,
      "location-after-char-end": 6659,
      "node-str": "iter"
    },
    {
      "type": "move-subtree",
      "node": {
        "label": "ses",
        "type": "LocalVariable"
      },
      "location-before-char-start": 5936,
      "location-before-char-end": 5954,
      "location-after-char-start": 7222,
      "location-after-char-end": 7240,
      "node-str": "ses"
    },
    {
      "type": "move-subtree",
      "node": {
        "label": "xaSes",
        "type": "LocalVariable"
      },
      "location-before-char-start": 5968,
      "location-before-char-end": 5990,
      "location-after-char-start": 7251,
      "location-after-char-end": 7273,
      "node-str": "xaSes"
    },
    {
      "type": "move-subtree",
      "node": {
        "label": "debug",
        "type": "Invocation"
      },
      "location-before-char-start": 6005,
      "location-before-char-end": 6054,
      "location-after-char-start": 7294,
      "location-after-char-end": 7343,
      "node-str": "debug"
    },
    {
      "type": "move-subtree",
      "node": {
        "label": "if",
        "type": "If"
      },
      "location-before-char-start": 6081,
      "location-before-char-end": 7242,
      "location-after-char-start": 7364,
      "location-after-char-end": 8502,
      "node-str": "if"
    },
    {
      "type": "move-subtree",
      "node": {
        "label": "debug",
        "type": "Invocation"
      },
      "location-before-char-start": 7703,
      "location-before-char-end": 7849,
      "location-after-char-start": 8668,
      "location-after-char-end": 8718,
      "node-str": "debug"
    },
    {
      "type": "move-subtree",
      "node": {
        "label": "setMessageListener",
        "type": "Invocation"
      },
      "location-before-char-start": 7485,
      "location-before-char-end": 7517,
      "location-after-char-start": 8729,
      "location-after-char-end": 8761,
      "node-str": "setMessageListener"
    },
    {
      "type": "insert-node",
      "node": {
        "label": "serverSession",
        "type": "LocalVariable"
      },
      "location-after-char-start": 8834,
      "location-after-char-end": 8902,
      "node-str": "serverSession"
    },
    {
      "type": "update-node",
      "node": {
        "label": "addElement",
        "type": "Invocation"
      },
      "location-before-char-start": 7531,
      "location-before-char-end": 7593,
      "location-after-char-start": 8913,
      "location-after-char-end": 8943,
      "node-str": "add"
    },
    {
      "type": "move-subtree",
      "node": {
        "label": "addElement",
        "type": "Invocation"
      },
      "location-before-char-start": 7531,
      "location-before-char-end": 7593,
      "location-after-char-start": 8913,
      "location-after-char-end": 8943,
      "node-str": "add"
    },
    {
      "type": "move-subtree",
      "node": {
        "label": "debug",
        "type": "Invocation"
      },
      "location-before-char-start": 7430,
      "location-before-char-end": 7471,
      "location-after-char-start": 8954,
      "location-after-char-end": 9017,
      "node-str": "debug"
    },
    {
      "type": "move-subtree",
      "node": {
        "label": "this",
        "type": "ThisAccess"
      },
      "location-before-char-start": 7792,
      "location-before-char-end": 7795,
      "location-after-char-start": 3804,
      "location-after-char-end": 3807,
      "node-str": "this"
    },
    {
      "type": "insert-node",
      "node": {
        "label": "maxSession",
        "type": "VariableRead"
      },
      "location-after-char-start": 3837,
      "location-after-char-end": 3846,
      "node-str": "maxSession"
    },
    {
      "type": "insert-node",
      "node": {
        "label": "true",
        "type": "Literal"
      },
      "location-after-char-start": 4749,
      "location-after-char-end": 4752,
      "node-str": "true"
    },
    {
      "type": "move-subtree",
      "node": {
        "label": "",
        "type": "Synchronized"
      },
      "location-before-char-start": 4040,
      "location-before-char-end": 4128,
      "location-after-char-start": 4769,
      "location-after-char-end": 5144,
      "node-str": ""
    },
    {
      "type": "update-node",
      "node": {
        "label": "\"Leaving out a server session\"",
        "type": "Literal"
      },
      "location-before-char-start": 3777,
      "location-before-char-end": 3806,
      "location-after-char-start": 5342,
      "location-after-char-end": 5365,
      "node-str": "\"using server session: \""
    },
    {
      "type": "move-subtree",
      "node": {
        "label": "\"Leaving out a server session\"",
        "type": "Literal"
      },
      "location-before-char-start": 3777,
      "location-before-char-end": 3806,
      "location-after-char-start": 5342,
      "location-after-char-end": 5365,
      "node-str": "\"using server session: \""
    },
    {
      "type": "insert-node",
      "node": {
        "label": "session",
        "type": "VariableRead"
      },
      "location-after-char-start": 5369,
      "location-after-char-end": 5375,
      "node-str": "session"
    },
    {
      "type": "insert-node",
      "node": {
        "label": "log",
        "type": "FieldRead"
      },
      "location-after-char-start": 5802,
      "location-after-char-end": 5804,
      "node-str": "log"
    },
    {
      "type": "insert-node",
      "node": {
        "label": "PLUS",
        "type": "BinaryOperator"
      },
      "location-after-char-start": 5812,
      "location-after-char-end": 5848,
      "node-str": "PLUS"
    },
    {
      "type": "update-node",
      "node": {
        "label": "java.util.Enumeration",
        "type": "VARIABLE_TYPE"
      },
      "location-before-char-start": 0,
      "location-before-char-end": 0,
      "location-after-char-start": 0,
      "location-after-char-end": 0,
      "node-str": "java.util.Iterator"
    },
    {
      "type": "update-node",
      "node": {
        "label": "elements",
        "type": "Invocation"
      },
      "location-before-char-start": 5320,
      "location-before-char-end": 5341,
      "location-after-char-start": 6637,
      "location-after-char-end": 6658,
      "node-str": "iterator"
    },
    {
      "type": "update-node",
      "node": {
        "label": "hasMoreElements",
        "type": "Invocation"
      },
      "location-before-char-start": 5360,
      "location-before-char-end": 5378,
      "location-after-char-start": 6677,
      "location-after-char-end": 6690,
      "node-str": "hasNext"
    },
    {
      "type": "insert-node",
      "node": {
        "label": "javax.jms.ServerSession",
        "type": "VARIABLE_TYPE"
      },
      "location-after-char-start": 0,
      "location-after-char-end": 0,
      "node-str": "javax.jms.ServerSession"
    },
    {
      "type": "move-subtree",
      "node": {
        "label": "java.lang.Object()",
        "type": "ConstructorCall"
      },
      "location-before-char-start": 7554,
      "location-before-char-end": 7591,
      "location-after-char-start": 8864,
      "location-after-char-end": 8901,
      "node-str": "java.lang.Object()"
    },
    {
      "type": "insert-node",
      "node": {
        "label": "serverSession",
        "type": "VariableRead"
      },
      "location-after-char-start": 8929,
      "location-after-char-end": 8941,
      "node-str": "serverSession"
    },
    {
      "type": "move-subtree",
      "node": {
        "label": "PLUS",
        "type": "BinaryOperator"
      },
      "location-before-char-start": 7713,
      "location-before-char-end": 7751,
      "location-after-char-start": 8964,
      "location-after-char-end": 9015,
      "node-str": "PLUS"
    },
    {
      "type": "move-subtree",
      "node": {
        "label": "if",
        "type": "If"
      },
      "location-before-char-start": 3854,
      "location-before-char-end": 4213,
      "location-after-char-start": 4813,
      "location-after-char-end": 5130,
      "node-str": "if"
    },
    {
      "type": "insert-node",
      "node": {
        "label": "org.jboss.jms.asf.StdServerSessionPool",
        "type": "TypeAccess"
      },
      "location-after-char-start": 0,
      "location-after-char-end": 0,
      "node-str": "org.jboss.jms.asf.StdServerSessionPool"
    },
    {
      "type": "insert-node",
      "node": {
        "label": "\"recycled server session: \"",
        "type": "Literal"
      },
      "location-after-char-start": 5812,
      "location-after-char-end": 5838,
      "node-str": "\"recycled server session: \""
    },
    {
      "type": "insert-node",
      "node": {
        "label": "session",
        "type": "VariableRead"
      },
      "location-after-char-start": 5842,
      "location-after-char-end": 5848,
      "node-str": "session"
    },
    {
      "type": "update-node",
      "node": {
        "label": "e",
        "type": "VariableRead"
      },
      "location-before-char-start": 5360,
      "location-before-char-end": 5360,
      "location-after-char-start": 6677,
      "location-after-char-end": 6680,
      "node-str": "iter"
    },
    {
      "type": "update-node",
      "node": {
        "label": "nextElement",
        "type": "Invocation"
      },
      "location-before-char-start": 5418,
      "location-before-char-end": 5450,
      "location-after-char-start": 6730,
      "location-after-char-end": 6758,
      "node-str": "next"
    },
    {
      "type": "update-node",
      "node": {
        "label": "\" listener: \"",
        "type": "Literal"
      },
      "location-before-char-start": 7824,
      "location-before-char-end": 7836,
      "location-after-char-start": 8678,
      "location-after-char-end": 8705,
      "node-str": "\"setting session listener: \""
    },
    {
      "type": "move-subtree",
      "node": {
        "label": "\" listener: \"",
        "type": "Literal"
      },
      "location-before-char-start": 7824,
      "location-before-char-end": 7836,
      "location-after-char-start": 8678,
      "location-after-char-end": 8705,
      "node-str": "\"setting session listener: \""
    },
    {
      "type": "update-node",
      "node": {
        "label": "\"Setting listener for session\"",
        "type": "Literal"
      },
      "location-before-char-start": 7440,
      "location-before-char-end": 7469,
      "location-after-char-start": 8964,
      "location-after-char-end": 8999,
      "node-str": "\"added server session to the pool: \""
    },
    {
      "type": "move-subtree",
      "node": {
        "label": "\"Setting listener for session\"",
        "type": "Literal"
      },
      "location-before-char-start": 7440,
      "location-before-char-end": 7469,
      "location-after-char-start": 8964,
      "location-after-char-end": 8999,
      "node-str": "\"added server session to the pool: \""
    },
    {
      "type": "update-node",
      "node": {
        "label": "exception",
        "type": "VariableRead"
      },
      "location-before-char-start": 7743,
      "location-before-char-end": 7751,
      "location-after-char-start": 9003,
      "location-after-char-end": 9015,
      "node-str": "serverSession"
    },
    {
      "type": "update-node",
      "node": {
        "label": "e",
        "type": "VariableRead"
      },
      "location-before-char-start": 5436,
      "location-before-char-end": 5436,
      "location-after-char-start": 6748,
      "location-after-char-end": 6751,
      "node-str": "iter"
    },
    {
      "type": "insert-node",
      "node": {
        "label": "final",
        "type": "Modifier"
      },
      "location-after-char-start": 0,
      "location-after-char-end": 0,
      "node-str": "final"
    },
    {
      "type": "update-node",
      "node": {
        "label": "\"Error in getServerSession: \"",
        "type": "Literal"
      },
      "location-before-char-start": 4294,
      "location-before-char-end": 4322,
      "location-after-char-start": 5237,
      "location-after-char-end": 5270,
      "node-str": "\"Failed to get a server session: \""
    },
    {
      "type": "update-node",
      "node": {
        "label": "result",
        "type": "VariableWrite"
      },
      "location-before-char-start": 3899,
      "location-before-char-end": 3904,
      "location-after-char-start": 4861,
      "location-after-char-end": 4867,
      "node-str": "session"
    },
    {
      "type": "move-subtree",
      "node": {
        "label": "wait",
        "type": "Invocation"
      },
      "location-before-char-start": 4090,
      "location-before-char-end": 4108,
      "location-after-char-start": 5018,
      "location-after-char-end": 5036,
      "node-str": "wait"
    },
    {
      "type": "update-node",
      "node": {
        "label": "debug",
        "type": "Invocation"
      },
      "location-before-char-start": 7094,
      "location-before-char-end": 7147,
      "location-after-char-start": 8362,
      "location-after-char-end": 8413,
      "node-str": "error"
    },
    {
      "type": "update-node",
      "node": {
        "label": "\"Error in getting session for con: \"",
        "type": "Literal"
      },
      "location-before-char-start": 7104,
      "location-before-char-end": 7139,
      "location-after-char-start": 8372,
      "location-after-char-end": 8405,
      "node-str": "\"Connection was not reconizable: \""
    },
    {
      "type": "delete-node",
      "node": {
        "label": "DEFAULT_POOL_SIZE",
        "type": "FieldRead"
      },
      "location-before-char-start": 2092,
      "location-before-char-end": 2108,
      "node-str": "DEFAULT_POOL_SIZE"
    },
    {
      "type": "delete-node",
      "node": {
        "label": "java.util.Vector()",
        "type": "ConstructorCall"
      },
      "location-before-char-start": 2258,
      "location-before-char-end": 2269,
      "node-str": "java.util.Vector()"
    },
    {
      "type": "delete-node",
      "node": {
        "label": "",
        "type": "For"
      },
      "location-before-char-start": 3831,
      "location-before-char-end": 4224,
      "node-str": ""
    },
    {
      "type": "delete-node",
      "node": {
        "label": "\" Pool: \"",
        "type": "Literal"
      },
      "location-before-char-start": 7780,
      "location-before-char-end": 7788,
      "node-str": "\" Pool: \""
    },
    {
      "type": "delete-node",
      "node": {
        "label": "PLUS",
        "type": "BinaryOperator"
      },
      "location-before-char-start": 7713,
      "location-before-char-end": 7788,
      "node-str": "PLUS"
    },
    {
      "type": "delete-node",
      "node": {
        "label": "PLUS",
        "type": "BinaryOperator"
      },
      "location-before-char-start": 7713,
      "location-before-char-end": 7795,
      "node-str": "PLUS"
    },
    {
      "type": "delete-node",
      "node": {
        "label": "PLUS",
        "type": "BinaryOperator"
      },
      "location-before-char-start": 7713,
      "location-before-char-end": 7836,
      "node-str": "PLUS"
    },
    {
      "type": "delete-node",
      "node": {
        "label": "\"Error in adding to pool: \"",
        "type": "Literal"
      },
      "location-before-char-start": 7713,
      "location-before-char-end": 7739,
      "node-str": "\"Error in adding to pool: \""
    },
    {
      "type": "delete-node",
      "node": {
        "label": "javax.jms.JMSException",
        "type": "VARIABLE_TYPE"
      },
      "location-before-char-start": 0,
      "location-before-char-end": 0,
      "node-str": "javax.jms.JMSException"
    },
    {
      "type": "delete-node",
      "node": {
        "label": "exception",
        "type": "CatchVariable"
      },
      "location-before-char-start": 7622,
      "location-before-char-end": 7643,
      "node-str": "exception"
    },
    {
      "type": "delete-node",
      "node": {
        "label": "THEN",
        "type": "then"
      },
      "location-before-char-start": 7686,
      "location-before-char-end": 7863,
      "node-str": "THEN"
    },
    {
      "type": "delete-node",
      "node": {
        "label": "if",
        "type": "If"
      },
      "location-before-char-start": 7660,
      "location-before-char-end": 7863,
      "node-str": "if"
    },
    {
      "type": "delete-node",
      "node": {
        "label": "",
        "type": "Catch"
      },
      "location-before-char-start": 7605,
      "location-before-char-end": 7874,
      "node-str": ""
    },
    {
      "type": "delete-node",
      "node": {
        "label": "",
        "type": "Try"
      },
      "location-before-char-start": 5859,
      "location-before-char-end": 7874,
      "node-str": ""
    }
  ],
  "before-file": {},
  "after-file": {},
  "mapping": {}
}