{
  "tool-info": {},
  "diff": [
    {
      "type": "insert-node",
      "node": {
        "label": "PerspectiveMenu",
        "type": "Class"
      },
      "location-after-char-start": 1722,
      "location-after-char-end": 12047,
      "node-str": "PerspectiveMenu"
    },
    {
      "type": "move-subtree",
      "node": {
        "label": "abstract",
        "type": "Modifier"
      },
      "location-before-char-start": 0,
      "location-before-char-end": 0,
      "location-after-char-start": 0,
      "location-after-char-end": 0,
      "node-str": "abstract"
    },
    {
      "type": "move-subtree",
      "node": {
        "label": "public",
        "type": "Modifier"
      },
      "location-before-char-start": 0,
      "location-before-char-end": 0,
      "location-after-char-start": 0,
      "location-after-char-end": 0,
      "node-str": "public"
    },
    {
      "type": "move-subtree",
      "node": {
        "label": "",
        "type": "TypeReference"
      },
      "location-before-char-start": 2501,
      "location-before-char-end": 2516,
      "location-after-char-start": 2419,
      "location-after-char-end": 2434,
      "node-str": ""
    },
    {
      "type": "insert-node",
      "node": {
        "label": "reg",
        "type": "Field"
      },
      "location-after-char-start": 2442,
      "location-after-char-end": 2474,
      "node-str": "reg"
    },
    {
      "type": "move-subtree",
      "node": {
        "label": "window",
        "type": "Field"
      },
      "location-before-char-start": 2570,
      "location-before-char-end": 2601,
      "location-after-char-start": 2481,
      "location-after-char-end": 2512,
      "node-str": "window"
    },
    {
      "type": "move-subtree",
      "node": {
        "label": "showActive",
        "type": "Field"
      },
      "location-before-char-start": 2608,
      "location-before-char-end": 2642,
      "location-after-char-start": 2519,
      "location-after-char-end": 2553,
      "node-str": "showActive"
    },
    {
      "type": "move-subtree",
      "node": {
        "label": "dirty",
        "type": "Field"
      },
      "location-before-char-start": 2649,
      "location-before-char-end": 2677,
      "location-after-char-start": 2560,
      "location-after-char-end": 2588,
      "node-str": "dirty"
    },
    {
      "type": "move-subtree",
      "node": {
        "label": "menuListener",
        "type": "Field"
      },
      "location-before-char-start": 2684,
      "location-before-char-end": 2877,
      "location-after-char-start": 2595,
      "location-after-char-end": 2788,
      "node-str": "menuListener"
    },
    {
      "type": "move-subtree",
      "node": {
        "label": "comparator",
        "type": "Field"
      },
      "location-before-char-start": 2884,
      "location-before-char-end": 3271,
      "location-after-char-start": 2795,
      "location-after-char-end": 3182,
      "node-str": "comparator"
    },
    {
      "type": "move-subtree",
      "node": {
        "label": "NO_TARGETS_MSG",
        "type": "Field"
      },
      "location-before-char-start": 3278,
      "location-before-char-end": 3511,
      "location-after-char-start": 3189,
      "location-after-char-end": 3422,
      "node-str": "NO_TARGETS_MSG"
    },
    {
      "type": "move-subtree",
      "node": {
        "label": "actions",
        "type": "Field"
      },
      "location-before-char-start": 3532,
      "location-before-char-end": 3768,
      "location-after-char-start": 3443,
      "location-after-char-end": 3679,
      "node-str": "actions"
    },
    {
      "type": "move-subtree",
      "node": {
        "label": "openOtherAction",
        "type": "Field"
      },
      "location-before-char-start": 3775,
      "location-before-char-end": 4149,
      "location-after-char-start": 3686,
      "location-after-char-end": 4060,
      "node-str": "openOtherAction"
    },
    {
      "type": "insert-node",
      "node": {
        "label": "\u003cinit\u003e",
        "type": "Constructor"
      },
      "location-after-char-start": 4068,
      "location-after-char-end": 4417,
      "node-str": "\u003cinit\u003e"
    },
    {
      "type": "move-subtree",
      "node": {
        "label": "fill",
        "type": "Method"
      },
      "location-before-char-start": 4546,
      "location-before-char-end": 5312,
      "location-after-char-start": 4424,
      "location-after-char-end": 5190,
      "node-str": "fill"
    },
    {
      "type": "move-subtree",
      "node": {
        "label": "fillMenu",
        "type": "Method"
      },
      "location-before-char-start": 5319,
      "location-before-char-end": 7038,
      "location-after-char-start": 5197,
      "location-after-char-end": 6916,
      "node-str": "fillMenu"
    },
    {
      "type": "insert-node",
      "node": {
        "label": "getAction",
        "type": "Method"
      },
      "location-after-char-start": 6923,
      "location-after-char-end": 7942,
      "node-str": "getAction"
    },
    {
      "type": "insert-node",
      "node": {
        "label": "getPerspectiveShortcuts",
        "type": "Method"
      },
      "location-after-char-start": 7949,
      "location-after-char-end": 8732,
      "node-str": "getPerspectiveShortcuts"
    },
    {
      "type": "move-subtree",
      "node": {
        "label": "getPerspectiveItems",
        "type": "Method"
      },
      "location-before-char-start": 9019,
      "location-before-char-end": 10006,
      "location-after-char-start": 8739,
      "location-after-char-end": 9726,
      "node-str": "getPerspectiveItems"
    },
    {
      "type": "move-subtree",
      "node": {
        "label": "getShowActive",
        "type": "Method"
      },
      "location-before-char-start": 10013,
      "location-before-char-end": 10295,
      "location-after-char-start": 9733,
      "location-after-char-end": 10015,
      "node-str": "getShowActive"
    },
    {
      "type": "move-subtree",
      "node": {
        "label": "getWindow",
        "type": "Method"
      },
      "location-before-char-start": 10302,
      "location-before-char-end": 10461,
      "location-after-char-start": 10022,
      "location-after-char-end": 10181,
      "node-str": "getWindow"
    },
    {
      "type": "move-subtree",
      "node": {
        "label": "isDirty",
        "type": "Method"
      },
      "location-before-char-start": 10468,
      "location-before-char-end": 10595,
      "location-after-char-start": 10188,
      "location-after-char-end": 10315,
      "node-str": "isDirty"
    },
    {
      "type": "move-subtree",
      "node": {
        "label": "isDynamic",
        "type": "Method"
      },
      "location-before-char-start": 10602,
      "location-before-char-end": 10730,
      "location-after-char-start": 10322,
      "location-after-char-end": 10450,
      "node-str": "isDynamic"
    },
    {
      "type": "move-subtree",
      "node": {
        "label": "run",
        "type": "Method"
      },
      "location-before-char-start": 10737,
      "location-before-char-end": 10975,
      "location-after-char-start": 10457,
      "location-after-char-end": 10695,
      "node-str": "run"
    },
    {
      "type": "move-subtree",
      "node": {
        "label": "run",
        "type": "Method"
      },
      "location-before-char-start": 10982,
      "location-before-char-end": 11524,
      "location-after-char-start": 10702,
      "location-after-char-end": 11244,
      "node-str": "run"
    },
    {
      "type": "insert-node",
      "node": {
        "label": "runOther",
        "type": "Method"
      },
      "location-after-char-start": 11251,
      "location-after-char-end": 11772,
      "node-str": "runOther"
    },
    {
      "type": "move-subtree",
      "node": {
        "label": "showActive",
        "type": "Method"
      },
      "location-before-char-start": 12059,
      "location-before-char-end": 12325,
      "location-after-char-start": 11779,
      "location-after-char-end": 12045,
      "node-str": "showActive"
    },
    {
      "type": "move-subtree",
      "node": {
        "label": "org.eclipse.ui.IPerspectiveRegistry",
        "type": "VARIABLE_TYPE"
      },
      "location-before-char-start": 0,
      "location-before-char-end": 0,
      "location-after-char-start": 0,
      "location-after-char-end": 0,
      "node-str": "org.eclipse.ui.IPerspectiveRegistry"
    },
    {
      "type": "move-subtree",
      "node": {
        "label": "public",
        "type": "Modifier"
      },
      "location-before-char-start": 0,
      "location-before-char-end": 0,
      "location-after-char-start": 0,
      "location-after-char-end": 0,
      "node-str": "public"
    },
    {
      "type": "move-subtree",
      "node": {
        "label": "window",
        "type": "Parameter"
      },
      "location-before-char-start": 4353,
      "location-before-char-end": 4375,
      "location-after-char-start": 4264,
      "location-after-char-end": 4286,
      "node-str": "window"
    },
    {
      "type": "move-subtree",
      "node": {
        "label": "id",
        "type": "Parameter"
      },
      "location-before-char-start": 4378,
      "location-before-char-end": 4386,
      "location-after-char-start": 4289,
      "location-after-char-end": 4297,
      "node-str": "id"
    },
    {
      "type": "move-subtree",
      "node": {
        "label": "\u003cinit\u003e",
        "type": "Invocation"
      },
      "location-before-char-start": 4399,
      "location-before-char-end": 4408,
      "location-after-char-start": 4310,
      "location-after-char-end": 4319,
      "node-str": "\u003cinit\u003e"
    },
    {
      "type": "move-subtree",
      "node": {
        "label": "\u003d",
        "type": "Assignment"
      },
      "location-before-char-start": 4418,
      "location-before-char-end": 4438,
      "location-after-char-start": 4329,
      "location-after-char-end": 4349,
      "node-str": "\u003d"
    },
    {
      "type": "insert-node",
      "node": {
        "label": "\u003d",
        "type": "Assignment"
      },
      "location-after-char-start": 4359,
      "location-after-char-end": 4411,
      "node-str": "\u003d"
    },
    {
      "type": "move-subtree",
      "node": {
        "label": "org.eclipse.jface.action.IAction",
        "type": "RETURN_TYPE"
      },
      "location-before-char-start": 0,
      "location-before-char-end": 0,
      "location-after-char-start": 0,
      "location-after-char-end": 0,
      "node-str": "org.eclipse.jface.action.IAction"
    },
    {
      "type": "move-subtree",
      "node": {
        "label": "final",
        "type": "Modifier"
      },
      "location-before-char-start": 0,
      "location-before-char-end": 0,
      "location-after-char-start": 0,
      "location-after-char-end": 0,
      "node-str": "final"
    },
    {
      "type": "move-subtree",
      "node": {
        "label": "id",
        "type": "Parameter"
      },
      "location-before-char-start": 7626,
      "location-before-char-end": 7640,
      "location-after-char-start": 7504,
      "location-after-char-end": 7518,
      "node-str": "id"
    },
    {
      "type": "move-subtree",
      "node": {
        "label": "action",
        "type": "LocalVariable"
      },
      "location-before-char-start": 7653,
      "location-before-char-end": 7695,
      "location-after-char-start": 7531,
      "location-after-char-end": 7573,
      "node-str": "action"
    },
    {
      "type": "insert-node",
      "node": {
        "label": "if",
        "type": "If"
      },
      "location-after-char-start": 7583,
      "location-after-char-end": 7913,
      "node-str": "if"
    },
    {
      "type": "move-subtree",
      "node": {
        "label": "return",
        "type": "Return"
      },
      "location-before-char-start": 8203,
      "location-before-char-end": 8216,
      "location-after-char-start": 7923,
      "location-after-char-end": 7936,
      "node-str": "return"
    },
    {
      "type": "move-subtree",
      "node": {
        "label": "java.util.ArrayList",
        "type": "RETURN_TYPE"
      },
      "location-before-char-start": 0,
      "location-before-char-end": 0,
      "location-after-char-start": 0,
      "location-after-char-end": 0,
      "node-str": "java.util.ArrayList"
    },
    {
      "type": "move-subtree",
      "node": {
        "label": "list",
        "type": "LocalVariable"
      },
      "location-before-char-start": 8461,
      "location-before-char-end": 8493,
      "location-after-char-start": 8181,
      "location-after-char-end": 8213,
      "node-str": "list"
    },
    {
      "type": "move-subtree",
      "node": {
        "label": "page",
        "type": "LocalVariable"
      },
      "location-before-char-start": 8504,
      "location-before-char-end": 8548,
      "location-after-char-start": 8224,
      "location-after-char-end": 8268,
      "node-str": "page"
    },
    {
      "type": "move-subtree",
      "node": {
        "label": "if",
        "type": "If"
      },
      "location-before-char-start": 8558,
      "location-before-char-end": 8599,
      "location-after-char-start": 8278,
      "location-after-char-end": 8319,
      "node-str": "if"
    },
    {
      "type": "move-subtree",
      "node": {
        "label": "ids",
        "type": "LocalVariable"
      },
      "location-before-char-start": 8610,
      "location-before-char-end": 8655,
      "location-after-char-start": 8330,
      "location-after-char-end": 8375,
      "node-str": "ids"
    },
    {
      "type": "insert-node",
      "node": {
        "label": "",
        "type": "For"
      },
      "location-after-char-start": 8386,
      "location-after-char-end": 8704,
      "node-str": ""
    },
    {
      "type": "move-subtree",
      "node": {
        "label": "return",
        "type": "Return"
      },
      "location-before-char-start": 8995,
      "location-before-char-end": 9006,
      "location-after-char-start": 8715,
      "location-after-char-end": 8726,
      "node-str": "return"
    },
    {
      "type": "move-subtree",
      "node": {
        "label": "void",
        "type": "RETURN_TYPE"
      },
      "location-before-char-start": 0,
      "location-before-char-end": 0,
      "location-after-char-start": 0,
      "location-after-char-end": 0,
      "node-str": "void"
    },
    {
      "type": "move-subtree",
      "node": {
        "label": "event",
        "type": "Parameter"
      },
      "location-before-char-start": 11700,
      "location-before-char-end": 11719,
      "location-after-char-start": 11420,
      "location-after-char-end": 11439,
      "node-str": "event"
    },
    {
      "type": "insert-node",
      "node": {
        "label": "dlg",
        "type": "LocalVariable"
      },
      "location-after-char-start": 11452,
      "location-after-char-end": 11550,
      "node-str": "dlg"
    },
    {
      "type": "move-subtree",
      "node": {
        "label": "open",
        "type": "Invocation"
      },
      "location-before-char-start": 11840,
      "location-before-char-end": 11850,
      "location-after-char-start": 11560,
      "location-after-char-end": 11570,
      "node-str": "open"
    },
    {
      "type": "move-subtree",
      "node": {
        "label": "if",
        "type": "If"
      },
      "location-before-char-start": 11860,
      "location-before-char-end": 11920,
      "location-after-char-start": 11580,
      "location-after-char-end": 11640,
      "node-str": "if"
    },
    {
      "type": "move-subtree",
      "node": {
        "label": "desc",
        "type": "LocalVariable"
      },
      "location-before-char-start": 11930,
      "location-before-char-end": 11978,
      "location-after-char-start": 11650,
      "location-after-char-end": 11698,
      "node-str": "desc"
    },
    {
      "type": "move-subtree",
      "node": {
        "label": "if",
        "type": "If"
      },
      "location-before-char-start": 11988,
      "location-before-char-end": 12046,
      "location-after-char-start": 11708,
      "location-after-char-end": 11766,
      "node-str": "if"
    },
    {
      "type": "insert-node",
      "node": {
        "label": "reg",
        "type": "FieldWrite"
      },
      "location-after-char-start": 4359,
      "location-after-char-end": 4361,
      "node-str": "reg"
    },
    {
      "type": "insert-node",
      "node": {
        "label": "getPerspectiveRegistry",
        "type": "Invocation"
      },
      "location-after-char-start": 4365,
      "location-after-char-end": 4410,
      "node-str": "getPerspectiveRegistry"
    },
    {
      "type": "move-subtree",
      "node": {
        "label": "EQ",
        "type": "BinaryOperator"
      },
      "location-before-char-start": 7709,
      "location-before-char-end": 7722,
      "location-after-char-start": 7587,
      "location-after-char-end": 7600,
      "node-str": "EQ"
    },
    {
      "type": "insert-node",
      "node": {
        "label": "THEN",
        "type": "then"
      },
      "location-after-char-start": 7603,
      "location-after-char-end": 7913,
      "node-str": "THEN"
    },
    {
      "type": "move-subtree",
      "node": {
        "label": "i",
        "type": "LocalVariable"
      },
      "location-before-char-start": 8671,
      "location-before-char-end": 8679,
      "location-after-char-start": 8391,
      "location-after-char-end": 8399,
      "node-str": "i"
    },
    {
      "type": "move-subtree",
      "node": {
        "label": "LT",
        "type": "BinaryOperator"
      },
      "location-before-char-start": 8682,
      "location-before-char-end": 8695,
      "location-after-char-start": 8402,
      "location-after-char-end": 8415,
      "node-str": "LT"
    },
    {
      "type": "move-subtree",
      "node": {
        "label": "POSTINC",
        "type": "UnaryOperator"
      },
      "location-before-char-start": 8698,
      "location-before-char-end": 8700,
      "location-after-char-start": 8418,
      "location-after-char-end": 8420,
      "node-str": "POSTINC"
    },
    {
      "type": "insert-node",
      "node": {
        "label": "desc",
        "type": "LocalVariable"
      },
      "location-after-char-start": 8437,
      "location-after-char-end": 8500,
      "node-str": "desc"
    },
    {
      "type": "move-subtree",
      "node": {
        "label": "if",
        "type": "If"
      },
      "location-before-char-start": 8794,
      "location-before-char-end": 8974,
      "location-after-char-start": 8514,
      "location-after-char-end": 8694,
      "node-str": "if"
    },
    {
      "type": "move-subtree",
      "node": {
        "label": "org.eclipse.ui.internal.dialogs.SelectPerspectiveDialog",
        "type": "VARIABLE_TYPE"
      },
      "location-before-char-start": 0,
      "location-before-char-end": 0,
      "location-after-char-start": 0,
      "location-after-char-end": 0,
      "node-str": "org.eclipse.ui.internal.dialogs.SelectPerspectiveDialog"
    },
    {
      "type": "insert-node",
      "node": {
        "label": "java.lang.Object()",
        "type": "ConstructorCall"
      },
      "location-after-char-start": 11482,
      "location-after-char-end": 11549,
      "node-str": "java.lang.Object()"
    },
    {
      "type": "insert-node",
      "node": {
        "label": "org.eclipse.ui.actions.PerspectiveMenu",
        "type": "TypeAccess"
      },
      "location-after-char-start": 0,
      "location-after-char-end": 0,
      "node-str": "org.eclipse.ui.actions.PerspectiveMenu"
    },
    {
      "type": "insert-node",
      "node": {
        "label": "getWorkbench",
        "type": "Invocation"
      },
      "location-after-char-start": 4365,
      "location-after-char-end": 4385,
      "node-str": "getWorkbench"
    },
    {
      "type": "insert-node",
      "node": {
        "label": "descriptor",
        "type": "LocalVariable"
      },
      "location-after-char-start": 7617,
      "location-after-char-end": 7682,
      "node-str": "descriptor"
    },
    {
      "type": "move-subtree",
      "node": {
        "label": "if",
        "type": "If"
      },
      "location-before-char-start": 7976,
      "location-before-char-end": 8183,
      "location-after-char-start": 7696,
      "location-after-char-end": 7903,
      "node-str": "if"
    },
    {
      "type": "move-subtree",
      "node": {
        "label": "org.eclipse.ui.IPerspectiveDescriptor",
        "type": "VARIABLE_TYPE"
      },
      "location-before-char-start": 0,
      "location-before-char-end": 0,
      "location-after-char-start": 0,
      "location-after-char-end": 0,
      "node-str": "org.eclipse.ui.IPerspectiveDescriptor"
    },
    {
      "type": "insert-node",
      "node": {
        "label": "findPerspectiveWithId",
        "type": "Invocation"
      },
      "location-after-char-start": 8467,
      "location-after-char-end": 8499,
      "node-str": "findPerspectiveWithId"
    },
    {
      "type": "move-subtree",
      "node": {
        "label": "getShell",
        "type": "Invocation"
      },
      "location-before-char-start": 11790,
      "location-before-char-end": 11823,
      "location-after-char-start": 11510,
      "location-after-char-end": 11543,
      "node-str": "getShell"
    },
    {
      "type": "insert-node",
      "node": {
        "label": "reg",
        "type": "FieldRead"
      },
      "location-after-char-start": 11546,
      "location-after-char-end": 11548,
      "node-str": "reg"
    },
    {
      "type": "insert-node",
      "node": {
        "label": "window",
        "type": "VariableRead"
      },
      "location-after-char-start": 4365,
      "location-after-char-end": 4370,
      "node-str": "window"
    },
    {
      "type": "move-subtree",
      "node": {
        "label": "org.eclipse.ui.IPerspectiveDescriptor",
        "type": "VARIABLE_TYPE"
      },
      "location-before-char-start": 0,
      "location-before-char-end": 0,
      "location-after-char-start": 0,
      "location-after-char-end": 0,
      "node-str": "org.eclipse.ui.IPerspectiveDescriptor"
    },
    {
      "type": "insert-node",
      "node": {
        "label": "findPerspectiveWithId",
        "type": "Invocation"
      },
      "location-after-char-start": 7653,
      "location-after-char-end": 7681,
      "node-str": "findPerspectiveWithId"
    },
    {
      "type": "insert-node",
      "node": {
        "label": "reg",
        "type": "FieldRead"
      },
      "location-after-char-start": 8467,
      "location-after-char-end": 8469,
      "node-str": "reg"
    },
    {
      "type": "move-subtree",
      "node": {
        "label": "",
        "type": "ArrayRead"
      },
      "location-before-char-start": 8773,
      "location-before-char-end": 8778,
      "location-after-char-start": 8493,
      "location-after-char-end": 8498,
      "node-str": ""
    },
    {
      "type": "insert-node",
      "node": {
        "label": "org.eclipse.ui.actions.PerspectiveMenu",
        "type": "TypeAccess"
      },
      "location-after-char-start": 0,
      "location-after-char-end": 0,
      "node-str": "org.eclipse.ui.actions.PerspectiveMenu"
    },
    {
      "type": "insert-node",
      "node": {
        "label": "reg",
        "type": "FieldRead"
      },
      "location-after-char-start": 7653,
      "location-after-char-end": 7655,
      "node-str": "reg"
    },
    {
      "type": "move-subtree",
      "node": {
        "label": "id",
        "type": "VariableRead"
      },
      "location-before-char-start": 7959,
      "location-before-char-end": 7960,
      "location-after-char-start": 7679,
      "location-after-char-end": 7680,
      "node-str": "id"
    },
    {
      "type": "insert-node",
      "node": {
        "label": "org.eclipse.ui.actions.PerspectiveMenu",
        "type": "TypeAccess"
      },
      "location-after-char-start": 0,
      "location-after-char-end": 0,
      "node-str": "org.eclipse.ui.actions.PerspectiveMenu"
    },
    {
      "type": "insert-node",
      "node": {
        "label": "org.eclipse.ui.actions.PerspectiveMenu",
        "type": "TypeAccess"
      },
      "location-after-char-start": 0,
      "location-after-char-end": 0,
      "node-str": "org.eclipse.ui.actions.PerspectiveMenu"
    },
    {
      "type": "delete-node",
      "node": {
        "label": "static",
        "type": "Modifier"
      },
      "location-before-char-start": 0,
      "location-before-char-end": 0,
      "node-str": "static"
    },
    {
      "type": "delete-node",
      "node": {
        "label": "reg",
        "type": "Field"
      },
      "location-before-char-start": 2524,
      "location-before-char-end": 2563,
      "node-str": "reg"
    },
    {
      "type": "delete-node",
      "node": {
        "label": "reg",
        "type": "FieldRead"
      },
      "location-before-char-start": 4452,
      "location-before-char-end": 4454,
      "node-str": "reg"
    },
    {
      "type": "delete-node",
      "node": {
        "label": "null",
        "type": "Literal"
      },
      "location-before-char-start": 4459,
      "location-before-char-end": 4462,
      "node-str": "null"
    },
    {
      "type": "delete-node",
      "node": {
        "label": "EQ",
        "type": "BinaryOperator"
      },
      "location-before-char-start": 4452,
      "location-before-char-end": 4462,
      "node-str": "EQ"
    },
    {
      "type": "delete-node",
      "node": {
        "label": "reg",
        "type": "FieldWrite"
      },
      "location-before-char-start": 4477,
      "location-before-char-end": 4479,
      "node-str": "reg"
    },
    {
      "type": "delete-node",
      "node": {
        "label": "org.eclipse.ui.PlatformUI",
        "type": "TypeAccess"
      },
      "location-before-char-start": 4483,
      "location-before-char-end": 4492,
      "node-str": "org.eclipse.ui.PlatformUI"
    },
    {
      "type": "delete-node",
      "node": {
        "label": "getWorkbench",
        "type": "Invocation"
      },
      "location-before-char-start": 4483,
      "location-before-char-end": 4507,
      "node-str": "getWorkbench"
    },
    {
      "type": "delete-node",
      "node": {
        "label": "getPerspectiveRegistry",
        "type": "Invocation"
      },
      "location-before-char-start": 4483,
      "location-before-char-end": 4532,
      "node-str": "getPerspectiveRegistry"
    },
    {
      "type": "delete-node",
      "node": {
        "label": "\u003d",
        "type": "Assignment"
      },
      "location-before-char-start": 4477,
      "location-before-char-end": 4533,
      "node-str": "\u003d"
    },
    {
      "type": "delete-node",
      "node": {
        "label": "THEN",
        "type": "then"
      },
      "location-before-char-start": 4477,
      "location-before-char-end": 4533,
      "node-str": "THEN"
    },
    {
      "type": "delete-node",
      "node": {
        "label": "if",
        "type": "If"
      },
      "location-before-char-start": 4448,
      "location-before-char-end": 4533,
      "node-str": "if"
    },
    {
      "type": "delete-node",
      "node": {
        "label": "\u003cinit\u003e",
        "type": "Constructor"
      },
      "location-before-char-start": 4157,
      "location-before-char-end": 4539,
      "node-str": "\u003cinit\u003e"
    },
    {
      "type": "delete-node",
      "node": {
        "label": "org.eclipse.ui.IPerspectiveRegistry",
        "type": "VARIABLE_TYPE"
      },
      "location-before-char-start": 0,
      "location-before-char-end": 0,
      "node-str": "org.eclipse.ui.IPerspectiveRegistry"
    },
    {
      "type": "delete-node",
      "node": {
        "label": "final",
        "type": "Modifier"
      },
      "location-before-char-start": 0,
      "location-before-char-end": 0,
      "node-str": "final"
    },
    {
      "type": "delete-node",
      "node": {
        "label": "org.eclipse.ui.internal.WorkbenchPlugin",
        "type": "TypeAccess"
      },
      "location-before-char-start": 7777,
      "location-before-char-end": 7791,
      "node-str": "org.eclipse.ui.internal.WorkbenchPlugin"
    },
    {
      "type": "delete-node",
      "node": {
        "label": "getDefault",
        "type": "Invocation"
      },
      "location-before-char-start": 7777,
      "location-before-char-end": 7804,
      "node-str": "getDefault"
    },
    {
      "type": "delete-node",
      "node": {
        "label": "getPerspectiveRegistry",
        "type": "Invocation"
      },
      "location-before-char-start": 7777,
      "location-before-char-end": 7850,
      "node-str": "getPerspectiveRegistry"
    },
    {
      "type": "delete-node",
      "node": {
        "label": "registry",
        "type": "LocalVariable"
      },
      "location-before-char-start": 7739,
      "location-before-char-end": 7851,
      "node-str": "registry"
    },
    {
      "type": "delete-node",
      "node": {
        "label": "final",
        "type": "Modifier"
      },
      "location-before-char-start": 0,
      "location-before-char-end": 0,
      "node-str": "final"
    },
    {
      "type": "delete-node",
      "node": {
        "label": "registry",
        "type": "VariableRead"
      },
      "location-before-char-start": 7907,
      "location-before-char-end": 7914,
      "node-str": "registry"
    },
    {
      "type": "delete-node",
      "node": {
        "label": "findPerspectiveWithId",
        "type": "Invocation"
      },
      "location-before-char-start": 7907,
      "location-before-char-end": 7961,
      "node-str": "findPerspectiveWithId"
    },
    {
      "type": "delete-node",
      "node": {
        "label": "descriptor",
        "type": "LocalVariable"
      },
      "location-before-char-start": 7865,
      "location-before-char-end": 7962,
      "node-str": "descriptor"
    },
    {
      "type": "delete-node",
      "node": {
        "label": "THEN",
        "type": "then"
      },
      "location-before-char-start": 7725,
      "location-before-char-end": 8193,
      "node-str": "THEN"
    },
    {
      "type": "delete-node",
      "node": {
        "label": "if",
        "type": "If"
      },
      "location-before-char-start": 7705,
      "location-before-char-end": 8193,
      "node-str": "if"
    },
    {
      "type": "delete-node",
      "node": {
        "label": "getAction",
        "type": "Method"
      },
      "location-before-char-start": 7045,
      "location-before-char-end": 8222,
      "node-str": "getAction"
    },
    {
      "type": "delete-node",
      "node": {
        "label": "reg",
        "type": "FieldRead"
      },
      "location-before-char-start": 8747,
      "location-before-char-end": 8749,
      "node-str": "reg"
    },
    {
      "type": "delete-node",
      "node": {
        "label": "findPerspectiveWithId",
        "type": "Invocation"
      },
      "location-before-char-start": 8747,
      "location-before-char-end": 8779,
      "node-str": "findPerspectiveWithId"
    },
    {
      "type": "delete-node",
      "node": {
        "label": "desc",
        "type": "LocalVariable"
      },
      "location-before-char-start": 8717,
      "location-before-char-end": 8780,
      "node-str": "desc"
    },
    {
      "type": "delete-node",
      "node": {
        "label": "",
        "type": "For"
      },
      "location-before-char-start": 8666,
      "location-before-char-end": 8984,
      "node-str": ""
    },
    {
      "type": "delete-node",
      "node": {
        "label": "getPerspectiveShortcuts",
        "type": "Method"
      },
      "location-before-char-start": 8229,
      "location-before-char-end": 9012,
      "node-str": "getPerspectiveShortcuts"
    },
    {
      "type": "delete-node",
      "node": {
        "label": "reg",
        "type": "FieldRead"
      },
      "location-before-char-start": 11826,
      "location-before-char-end": 11828,
      "node-str": "reg"
    },
    {
      "type": "delete-node",
      "node": {
        "label": "java.lang.Object()",
        "type": "ConstructorCall"
      },
      "location-before-char-start": 11762,
      "location-before-char-end": 11829,
      "node-str": "java.lang.Object()"
    },
    {
      "type": "delete-node",
      "node": {
        "label": "dlg",
        "type": "LocalVariable"
      },
      "location-before-char-start": 11732,
      "location-before-char-end": 11830,
      "node-str": "dlg"
    },
    {
      "type": "delete-node",
      "node": {
        "label": "runOther",
        "type": "Method"
      },
      "location-before-char-start": 11531,
      "location-before-char-end": 12052,
      "node-str": "runOther"
    },
    {
      "type": "delete-node",
      "node": {
        "label": "PerspectiveMenu",
        "type": "Class"
      },
      "location-before-char-start": 1804,
      "location-before-char-end": 12327,
      "node-str": "PerspectiveMenu"
    }
  ],
  "before-file": {},
  "after-file": {},
  "mapping": {}
}