{
  "tool-info": {},
  "diff": [
    {
      "type": "insert-node",
      "node": {
        "label": "final",
        "type": "Modifier"
      },
      "location-after-char-start": 0,
      "location-after-char-end": 0,
      "node-str": "final"
    },
    {
      "type": "insert-node",
      "node": {
        "label": "public",
        "type": "Modifier"
      },
      "location-after-char-start": 0,
      "location-after-char-end": 0,
      "node-str": "public"
    },
    {
      "type": "insert-node",
      "node": {
        "label": "entityBridge",
        "type": "Field"
      },
      "location-after-char-start": 1112,
      "location-after-char-end": 1155,
      "node-str": "entityBridge"
    },
    {
      "type": "insert-node",
      "node": {
        "label": "beanClass",
        "type": "Field"
      },
      "location-after-char-start": 1160,
      "location-after-char-end": 1189,
      "node-str": "beanClass"
    },
    {
      "type": "insert-node",
      "node": {
        "label": "beanProxyConstructor",
        "type": "Field"
      },
      "location-after-char-start": 1194,
      "location-after-char-end": 1240,
      "node-str": "beanProxyConstructor"
    },
    {
      "type": "insert-node",
      "node": {
        "label": "fieldMap",
        "type": "Field"
      },
      "location-after-char-start": 1245,
      "location-after-char-end": 1271,
      "node-str": "fieldMap"
    },
    {
      "type": "insert-node",
      "node": {
        "label": "selectorMap",
        "type": "Field"
      },
      "location-after-char-start": 1276,
      "location-after-char-end": 1305,
      "node-str": "selectorMap"
    },
    {
      "type": "insert-node",
      "node": {
        "label": "execute",
        "type": "Method"
      },
      "location-after-char-start": 2300,
      "location-after-char-end": 2534,
      "node-str": "execute"
    },
    {
      "type": "insert-node",
      "node": {
        "label": "createSelectorMap",
        "type": "Method"
      },
      "location-after-char-start": 4878,
      "location-after-char-end": 5276,
      "node-str": "createSelectorMap"
    },
    {
      "type": "insert-node",
      "node": {
        "label": "org.jboss.ejb.plugins.cmp.jdbc.bridge.JDBCEntityBridge",
        "type": "VARIABLE_TYPE"
      },
      "location-after-char-start": 0,
      "location-after-char-end": 0,
      "node-str": "org.jboss.ejb.plugins.cmp.jdbc.bridge.JDBCEntityBridge"
    },
    {
      "type": "insert-node",
      "node": {
        "label": "final",
        "type": "Modifier"
      },
      "location-after-char-start": 0,
      "location-after-char-end": 0,
      "node-str": "final"
    },
    {
      "type": "insert-node",
      "node": {
        "label": "java.lang.Class",
        "type": "VARIABLE_TYPE"
      },
      "location-after-char-start": 0,
      "location-after-char-end": 0,
      "node-str": "java.lang.Class"
    },
    {
      "type": "insert-node",
      "node": {
        "label": "final",
        "type": "Modifier"
      },
      "location-after-char-start": 0,
      "location-after-char-end": 0,
      "node-str": "final"
    },
    {
      "type": "insert-node",
      "node": {
        "label": "java.lang.reflect.Constructor",
        "type": "VARIABLE_TYPE"
      },
      "location-after-char-start": 0,
      "location-after-char-end": 0,
      "node-str": "java.lang.reflect.Constructor"
    },
    {
      "type": "insert-node",
      "node": {
        "label": "final",
        "type": "Modifier"
      },
      "location-after-char-start": 0,
      "location-after-char-end": 0,
      "node-str": "final"
    },
    {
      "type": "insert-node",
      "node": {
        "label": "java.util.Map",
        "type": "VARIABLE_TYPE"
      },
      "location-after-char-start": 0,
      "location-after-char-end": 0,
      "node-str": "java.util.Map"
    },
    {
      "type": "insert-node",
      "node": {
        "label": "final",
        "type": "Modifier"
      },
      "location-after-char-start": 0,
      "location-after-char-end": 0,
      "node-str": "final"
    },
    {
      "type": "insert-node",
      "node": {
        "label": "java.util.Map",
        "type": "VARIABLE_TYPE"
      },
      "location-after-char-start": 0,
      "location-after-char-end": 0,
      "node-str": "java.util.Map"
    },
    {
      "type": "insert-node",
      "node": {
        "label": "final",
        "type": "Modifier"
      },
      "location-after-char-start": 0,
      "location-after-char-end": 0,
      "node-str": "final"
    },
    {
      "type": "insert-node",
      "node": {
        "label": "java.lang.Object",
        "type": "RETURN_TYPE"
      },
      "location-after-char-start": 0,
      "location-after-char-end": 0,
      "node-str": "java.lang.Object"
    },
    {
      "type": "insert-node",
      "node": {
        "label": "java.lang.Exception",
        "type": "THROWS"
      },
      "location-after-char-start": 0,
      "location-after-char-end": 0,
      "node-str": "java.lang.Exception"
    },
    {
      "type": "insert-node",
      "node": {
        "label": "public",
        "type": "Modifier"
      },
      "location-after-char-start": 0,
      "location-after-char-end": 0,
      "node-str": "public"
    },
    {
      "type": "insert-node",
      "node": {
        "label": "handler",
        "type": "LocalVariable"
      },
      "location-after-char-start": 2352,
      "location-after-char-end": 2459,
      "node-str": "handler"
    },
    {
      "type": "move-subtree",
      "node": {
        "label": "return",
        "type": "Return"
      },
      "location-before-char-start": 2818,
      "location-before-char-end": 2880,
      "location-after-char-start": 2467,
      "location-after-char-end": 2529,
      "node-str": "return"
    },
    {
      "type": "insert-node",
      "node": {
        "label": "java.util.Map",
        "type": "RETURN_TYPE"
      },
      "location-after-char-start": 0,
      "location-after-char-end": 0,
      "node-str": "java.util.Map"
    },
    {
      "type": "move-subtree",
      "node": {
        "label": "selectors",
        "type": "LocalVariable"
      },
      "location-before-char-start": 5106,
      "location-before-char-end": 5156,
      "location-after-char-start": 4921,
      "location-after-char-end": 4971,
      "node-str": "selectors"
    },
    {
      "type": "move-subtree",
      "node": {
        "label": "map",
        "type": "LocalVariable"
      },
      "location-before-char-start": 5164,
      "location-before-char-end": 5203,
      "location-after-char-start": 4979,
      "location-after-char-end": 5018,
      "node-str": "map"
    },
    {
      "type": "insert-node",
      "node": {
        "label": "",
        "type": "For"
      },
      "location-after-char-start": 5026,
      "location-after-char-end": 5224,
      "node-str": ""
    },
    {
      "type": "insert-node",
      "node": {
        "label": "return",
        "type": "Return"
      },
      "location-after-char-start": 5232,
      "location-after-char-end": 5271,
      "node-str": "return"
    },
    {
      "type": "update-node",
      "node": {
        "label": "java.lang.Object()",
        "type": "ConstructorCall"
      },
      "location-before-char-start": 1877,
      "location-before-char-end": 2006,
      "location-after-char-start": 1743,
      "location-after-char-end": 1809,
      "node-str": "org.jboss.ejb.plugins.cmp.bridge.EntityBridgeInvocationHandler(java.util.Map,java.util.Map,java.lang.Class)"
    },
    {
      "type": "insert-node",
      "node": {
        "label": "org.jboss.ejb.plugins.cmp.bridge.EntityBridgeInvocationHandler",
        "type": "VARIABLE_TYPE"
      },
      "location-after-char-start": 0,
      "location-after-char-end": 0,
      "node-str": "org.jboss.ejb.plugins.cmp.bridge.EntityBridgeInvocationHandler"
    },
    {
      "type": "insert-node",
      "node": {
        "label": "org.jboss.ejb.plugins.cmp.bridge.EntityBridgeInvocationHandler(java.util.Map,java.util.Map,java.lang.Class)",
        "type": "ConstructorCall"
      },
      "location-after-char-start": 2392,
      "location-after-char-end": 2458,
      "node-str": "org.jboss.ejb.plugins.cmp.bridge.EntityBridgeInvocationHandler(java.util.Map,java.util.Map,java.lang.Class)"
    },
    {
      "type": "insert-node",
      "node": {
        "label": "iter",
        "type": "LocalVariable"
      },
      "location-after-char-start": 5030,
      "location-after-char-end": 5065,
      "node-str": "iter"
    },
    {
      "type": "insert-node",
      "node": {
        "label": "hasNext",
        "type": "Invocation"
      },
      "location-after-char-start": 5068,
      "location-after-char-end": 5081,
      "node-str": "hasNext"
    },
    {
      "type": "insert-node",
      "node": {
        "label": "selector",
        "type": "LocalVariable"
      },
      "location-after-char-start": 5102,
      "location-after-char-end": 5156,
      "node-str": "selector"
    },
    {
      "type": "insert-node",
      "node": {
        "label": "put",
        "type": "Invocation"
      },
      "location-after-char-start": 5167,
      "location-after-char-end": 5216,
      "node-str": "put"
    },
    {
      "type": "insert-node",
      "node": {
        "label": "unmodifiableMap",
        "type": "Invocation"
      },
      "location-after-char-start": 5239,
      "location-after-char-end": 5270,
      "node-str": "unmodifiableMap"
    },
    {
      "type": "insert-node",
      "node": {
        "label": "fieldMap",
        "type": "FieldRead"
      },
      "location-after-char-start": 2426,
      "location-after-char-end": 2433,
      "node-str": "fieldMap"
    },
    {
      "type": "insert-node",
      "node": {
        "label": "selectorMap",
        "type": "FieldRead"
      },
      "location-after-char-start": 2436,
      "location-after-char-end": 2446,
      "node-str": "selectorMap"
    },
    {
      "type": "insert-node",
      "node": {
        "label": "beanClass",
        "type": "FieldRead"
      },
      "location-after-char-start": 2449,
      "location-after-char-end": 2457,
      "node-str": "beanClass"
    },
    {
      "type": "insert-node",
      "node": {
        "label": "java.util.Iterator",
        "type": "VARIABLE_TYPE"
      },
      "location-after-char-start": 0,
      "location-after-char-end": 0,
      "node-str": "java.util.Iterator"
    },
    {
      "type": "insert-node",
      "node": {
        "label": "iterator",
        "type": "Invocation"
      },
      "location-after-char-start": 5046,
      "location-after-char-end": 5065,
      "node-str": "iterator"
    },
    {
      "type": "insert-node",
      "node": {
        "label": "iter",
        "type": "VariableRead"
      },
      "location-after-char-start": 5068,
      "location-after-char-end": 5071,
      "node-str": "iter"
    },
    {
      "type": "insert-node",
      "node": {
        "label": "org.jboss.ejb.plugins.cmp.bridge.SelectorBridge",
        "type": "VARIABLE_TYPE"
      },
      "location-after-char-start": 0,
      "location-after-char-end": 0,
      "node-str": "org.jboss.ejb.plugins.cmp.bridge.SelectorBridge"
    },
    {
      "type": "insert-node",
      "node": {
        "label": "next",
        "type": "Invocation"
      },
      "location-after-char-start": 5128,
      "location-after-char-end": 5155,
      "node-str": "next"
    },
    {
      "type": "insert-node",
      "node": {
        "label": "map",
        "type": "VariableRead"
      },
      "location-after-char-start": 5167,
      "location-after-char-end": 5169,
      "node-str": "map"
    },
    {
      "type": "insert-node",
      "node": {
        "label": "getName",
        "type": "Invocation"
      },
      "location-after-char-start": 5175,
      "location-after-char-end": 5204,
      "node-str": "getName"
    },
    {
      "type": "insert-node",
      "node": {
        "label": "selector",
        "type": "VariableRead"
      },
      "location-after-char-start": 5207,
      "location-after-char-end": 5214,
      "node-str": "selector"
    },
    {
      "type": "insert-node",
      "node": {
        "label": "java.util.Collections",
        "type": "TypeAccess"
      },
      "location-after-char-start": 5239,
      "location-after-char-end": 5249,
      "node-str": "java.util.Collections"
    },
    {
      "type": "insert-node",
      "node": {
        "label": "map",
        "type": "VariableRead"
      },
      "location-after-char-start": 5267,
      "location-after-char-end": 5269,
      "node-str": "map"
    },
    {
      "type": "insert-node",
      "node": {
        "label": "org.jboss.ejb.plugins.cmp.jdbc.JDBCCreateBeanClassInstanceCommand",
        "type": "TypeAccess"
      },
      "location-after-char-start": 0,
      "location-after-char-end": 0,
      "node-str": "org.jboss.ejb.plugins.cmp.jdbc.JDBCCreateBeanClassInstanceCommand"
    },
    {
      "type": "insert-node",
      "node": {
        "label": "org.jboss.ejb.plugins.cmp.jdbc.JDBCCreateBeanClassInstanceCommand",
        "type": "TypeAccess"
      },
      "location-after-char-start": 0,
      "location-after-char-end": 0,
      "node-str": "org.jboss.ejb.plugins.cmp.jdbc.JDBCCreateBeanClassInstanceCommand"
    },
    {
      "type": "insert-node",
      "node": {
        "label": "org.jboss.ejb.plugins.cmp.jdbc.JDBCCreateBeanClassInstanceCommand",
        "type": "TypeAccess"
      },
      "location-after-char-start": 0,
      "location-after-char-end": 0,
      "node-str": "org.jboss.ejb.plugins.cmp.jdbc.JDBCCreateBeanClassInstanceCommand"
    },
    {
      "type": "insert-node",
      "node": {
        "label": "selectors",
        "type": "VariableRead"
      },
      "location-after-char-start": 5046,
      "location-after-char-end": 5054,
      "node-str": "selectors"
    },
    {
      "type": "insert-node",
      "node": {
        "label": "iter",
        "type": "VariableRead"
      },
      "location-after-char-start": 5145,
      "location-after-char-end": 5148,
      "node-str": "iter"
    },
    {
      "type": "insert-node",
      "node": {
        "label": "getMethod",
        "type": "Invocation"
      },
      "location-after-char-start": 5175,
      "location-after-char-end": 5194,
      "node-str": "getMethod"
    },
    {
      "type": "insert-node",
      "node": {
        "label": "selector",
        "type": "VariableRead"
      },
      "location-after-char-start": 5175,
      "location-after-char-end": 5182,
      "node-str": "selector"
    },
    {
      "type": "update-node",
      "node": {
        "label": "\"Getter was found but, no setter \"",
        "type": "Literal"
      },
      "location-before-char-start": 4359,
      "location-before-char-end": 4392,
      "location-after-char-start": 4061,
      "location-after-char-end": 4114,
      "node-str": "\"Getter was found but no setter was found for field: \""
    },
    {
      "type": "move-subtree",
      "node": {
        "label": "\"Getter was found but, no setter \"",
        "type": "Literal"
      },
      "location-before-char-start": 4359,
      "location-before-char-end": 4392,
      "location-after-char-start": 4061,
      "location-after-char-end": 4114,
      "node-str": "\"Getter was found but no setter was found for field: \""
    },
    {
      "type": "update-node",
      "node": {
        "label": "\"Setter was found but, no getter \"",
        "type": "Literal"
      },
      "location-before-char-start": 4561,
      "location-before-char-end": 4594,
      "location-after-char-start": 4257,
      "location-after-char-end": 4310,
      "node-str": "\"Setter was found but no getter was found for field: \""
    },
    {
      "type": "move-subtree",
      "node": {
        "label": "\"Setter was found but, no getter \"",
        "type": "Literal"
      },
      "location-before-char-start": 4561,
      "location-before-char-end": 4594,
      "location-after-char-start": 4257,
      "location-after-char-end": 4310,
      "node-str": "\"Setter was found but no getter was found for field: \""
    },
    {
      "type": "insert-node",
      "node": {
        "label": "getName",
        "type": "Invocation"
      },
      "location-after-char-start": 4458,
      "location-after-char-end": 4479,
      "node-str": "getName"
    },
    {
      "type": "insert-node",
      "node": {
        "label": "java.lang.Object()",
        "type": "ConstructorCall"
      },
      "location-after-char-start": 4482,
      "location-after-char-end": 4537,
      "node-str": "java.lang.Object()"
    },
    {
      "type": "insert-node",
      "node": {
        "label": "getName",
        "type": "Invocation"
      },
      "location-after-char-start": 4561,
      "location-after-char-end": 4582,
      "node-str": "getName"
    },
    {
      "type": "insert-node",
      "node": {
        "label": "java.lang.Object()",
        "type": "ConstructorCall"
      },
      "location-after-char-start": 4585,
      "location-after-char-end": 4640,
      "node-str": "java.lang.Object()"
    },
    {
      "type": "move-subtree",
      "node": {
        "label": "getterMethod",
        "type": "VariableRead"
      },
      "location-before-char-start": 4768,
      "location-before-char-end": 4779,
      "location-after-char-start": 4458,
      "location-after-char-end": 4469,
      "node-str": "getterMethod"
    },
    {
      "type": "move-subtree",
      "node": {
        "label": "field",
        "type": "VariableRead"
      },
      "location-before-char-start": 4782,
      "location-before-char-end": 4786,
      "location-after-char-start": 4532,
      "location-after-char-end": 4536,
      "node-str": "field"
    },
    {
      "type": "move-subtree",
      "node": {
        "label": "setterMethod",
        "type": "VariableRead"
      },
      "location-before-char-start": 4810,
      "location-before-char-end": 4821,
      "location-after-char-start": 4561,
      "location-after-char-end": 4572,
      "node-str": "setterMethod"
    },
    {
      "type": "move-subtree",
      "node": {
        "label": "field",
        "type": "VariableRead"
      },
      "location-before-char-start": 4824,
      "location-before-char-end": 4828,
      "location-after-char-start": 4635,
      "location-after-char-end": 4639,
      "node-str": "field"
    },
    {
      "type": "delete-node",
      "node": {
        "label": "final",
        "type": "Modifier"
      },
      "location-before-char-start": 0,
      "location-before-char-end": 0,
      "node-str": "final"
    },
    {
      "type": "delete-node",
      "node": {
        "label": "public",
        "type": "Modifier"
      },
      "location-before-char-start": 0,
      "location-before-char-end": 0,
      "node-str": "public"
    },
    {
      "type": "delete-node",
      "node": {
        "label": "java.lang.ref.WeakReference",
        "type": "VARIABLE_TYPE"
      },
      "location-before-char-start": 0,
      "location-before-char-end": 0,
      "node-str": "java.lang.ref.WeakReference"
    },
    {
      "type": "delete-node",
      "node": {
        "label": "final",
        "type": "Modifier"
      },
      "location-before-char-start": 0,
      "location-before-char-end": 0,
      "node-str": "final"
    },
    {
      "type": "delete-node",
      "node": {
        "label": "container",
        "type": "Field"
      },
      "location-before-char-start": 1150,
      "location-before-char-end": 1187,
      "node-str": "container"
    },
    {
      "type": "delete-node",
      "node": {
        "label": "org.jboss.ejb.plugins.cmp.jdbc.bridge.JDBCEntityBridge",
        "type": "VARIABLE_TYPE"
      },
      "location-before-char-start": 0,
      "location-before-char-end": 0,
      "node-str": "org.jboss.ejb.plugins.cmp.jdbc.bridge.JDBCEntityBridge"
    },
    {
      "type": "delete-node",
      "node": {
        "label": "final",
        "type": "Modifier"
      },
      "location-before-char-start": 0,
      "location-before-char-end": 0,
      "node-str": "final"
    },
    {
      "type": "delete-node",
      "node": {
        "label": "entityBridge",
        "type": "Field"
      },
      "location-before-char-start": 1192,
      "location-before-char-end": 1235,
      "node-str": "entityBridge"
    },
    {
      "type": "delete-node",
      "node": {
        "label": "java.lang.Class",
        "type": "VARIABLE_TYPE"
      },
      "location-before-char-start": 0,
      "location-before-char-end": 0,
      "node-str": "java.lang.Class"
    },
    {
      "type": "delete-node",
      "node": {
        "label": "final",
        "type": "Modifier"
      },
      "location-before-char-start": 0,
      "location-before-char-end": 0,
      "node-str": "final"
    },
    {
      "type": "delete-node",
      "node": {
        "label": "beanClass",
        "type": "Field"
      },
      "location-before-char-start": 1240,
      "location-before-char-end": 1269,
      "node-str": "beanClass"
    },
    {
      "type": "delete-node",
      "node": {
        "label": "java.lang.reflect.Constructor",
        "type": "VARIABLE_TYPE"
      },
      "location-before-char-start": 0,
      "location-before-char-end": 0,
      "node-str": "java.lang.reflect.Constructor"
    },
    {
      "type": "delete-node",
      "node": {
        "label": "final",
        "type": "Modifier"
      },
      "location-before-char-start": 0,
      "location-before-char-end": 0,
      "node-str": "final"
    },
    {
      "type": "delete-node",
      "node": {
        "label": "beanProxyConstructor",
        "type": "Field"
      },
      "location-before-char-start": 1274,
      "location-before-char-end": 1320,
      "node-str": "beanProxyConstructor"
    },
    {
      "type": "delete-node",
      "node": {
        "label": "java.util.Map",
        "type": "VARIABLE_TYPE"
      },
      "location-before-char-start": 0,
      "location-before-char-end": 0,
      "node-str": "java.util.Map"
    },
    {
      "type": "delete-node",
      "node": {
        "label": "final",
        "type": "Modifier"
      },
      "location-before-char-start": 0,
      "location-before-char-end": 0,
      "node-str": "final"
    },
    {
      "type": "delete-node",
      "node": {
        "label": "fieldMap",
        "type": "Field"
      },
      "location-before-char-start": 1325,
      "location-before-char-end": 1351,
      "node-str": "fieldMap"
    },
    {
      "type": "delete-node",
      "node": {
        "label": "java.util.Map",
        "type": "VARIABLE_TYPE"
      },
      "location-before-char-start": 0,
      "location-before-char-end": 0,
      "node-str": "java.util.Map"
    },
    {
      "type": "delete-node",
      "node": {
        "label": "final",
        "type": "Modifier"
      },
      "location-before-char-start": 0,
      "location-before-char-end": 0,
      "node-str": "final"
    },
    {
      "type": "delete-node",
      "node": {
        "label": "selectorMap",
        "type": "Field"
      },
      "location-before-char-start": 1356,
      "location-before-char-end": 1385,
      "node-str": "selectorMap"
    },
    {
      "type": "delete-node",
      "node": {
        "label": "org.jboss.ejb.plugins.cmp.jdbc.JDBCCreateBeanClassInstanceCommand",
        "type": "TypeAccess"
      },
      "location-before-char-start": 0,
      "location-before-char-end": 0,
      "node-str": "org.jboss.ejb.plugins.cmp.jdbc.JDBCCreateBeanClassInstanceCommand"
    },
    {
      "type": "delete-node",
      "node": {
        "label": "container",
        "type": "FieldWrite"
      },
      "location-before-char-start": 1557,
      "location-before-char-end": 1565,
      "node-str": "container"
    },
    {
      "type": "delete-node",
      "node": {
        "label": "theContainer",
        "type": "VariableRead"
      },
      "location-before-char-start": 1587,
      "location-before-char-end": 1598,
      "node-str": "theContainer"
    },
    {
      "type": "delete-node",
      "node": {
        "label": "java.lang.ref.WeakReference(java.lang.Object)",
        "type": "ConstructorCall"
      },
      "location-before-char-start": 1569,
      "location-before-char-end": 1599,
      "node-str": "java.lang.ref.WeakReference(java.lang.Object)"
    },
    {
      "type": "delete-node",
      "node": {
        "label": "\u003d",
        "type": "Assignment"
      },
      "location-before-char-start": 1557,
      "location-before-char-end": 1600,
      "node-str": "\u003d"
    },
    {
      "type": "delete-node",
      "node": {
        "label": "theContainer",
        "type": "VariableRead"
      },
      "location-before-char-start": 1924,
      "location-before-char-end": 1935,
      "node-str": "theContainer"
    },
    {
      "type": "delete-node",
      "node": {
        "label": "java.lang.Object",
        "type": "RETURN_TYPE"
      },
      "location-before-char-start": 0,
      "location-before-char-end": 0,
      "node-str": "java.lang.Object"
    },
    {
      "type": "delete-node",
      "node": {
        "label": "java.lang.Exception",
        "type": "THROWS"
      },
      "location-before-char-start": 0,
      "location-before-char-end": 0,
      "node-str": "java.lang.Exception"
    },
    {
      "type": "delete-node",
      "node": {
        "label": "public",
        "type": "Modifier"
      },
      "location-before-char-start": 0,
      "location-before-char-end": 0,
      "node-str": "public"
    },
    {
      "type": "delete-node",
      "node": {
        "label": "org.jboss.ejb.EntityContainer",
        "type": "VARIABLE_TYPE"
      },
      "location-before-char-start": 0,
      "location-before-char-end": 0,
      "node-str": "org.jboss.ejb.EntityContainer"
    },
    {
      "type": "delete-node",
      "node": {
        "label": "org.jboss.ejb.plugins.cmp.jdbc.JDBCCreateBeanClassInstanceCommand",
        "type": "TypeAccess"
      },
      "location-before-char-start": 0,
      "location-before-char-end": 0,
      "node-str": "org.jboss.ejb.plugins.cmp.jdbc.JDBCCreateBeanClassInstanceCommand"
    },
    {
      "type": "delete-node",
      "node": {
        "label": "container",
        "type": "FieldRead"
      },
      "location-before-char-start": 2616,
      "location-before-char-end": 2624,
      "node-str": "container"
    },
    {
      "type": "delete-node",
      "node": {
        "label": "get",
        "type": "Invocation"
      },
      "location-before-char-start": 2598,
      "location-before-char-end": 2630,
      "node-str": "get"
    },
    {
      "type": "delete-node",
      "node": {
        "label": "theContainer",
        "type": "LocalVariable"
      },
      "location-before-char-start": 2567,
      "location-before-char-end": 2631,
      "node-str": "theContainer"
    },
    {
      "type": "delete-node",
      "node": {
        "label": "org.jboss.ejb.plugins.cmp.bridge.EntityBridgeInvocationHandler",
        "type": "VARIABLE_TYPE"
      },
      "location-before-char-start": 0,
      "location-before-char-end": 0,
      "node-str": "org.jboss.ejb.plugins.cmp.bridge.EntityBridgeInvocationHandler"
    },
    {
      "type": "delete-node",
      "node": {
        "label": "theContainer",
        "type": "VariableRead"
      },
      "location-before-char-start": 2726,
      "location-before-char-end": 2737,
      "node-str": "theContainer"
    },
    {
      "type": "delete-node",
      "node": {
        "label": "org.jboss.ejb.plugins.cmp.jdbc.JDBCCreateBeanClassInstanceCommand",
        "type": "TypeAccess"
      },
      "location-before-char-start": 0,
      "location-before-char-end": 0,
      "node-str": "org.jboss.ejb.plugins.cmp.jdbc.JDBCCreateBeanClassInstanceCommand"
    },
    {
      "type": "delete-node",
      "node": {
        "label": "fieldMap",
        "type": "FieldRead"
      },
      "location-before-char-start": 2752,
      "location-before-char-end": 2759,
      "node-str": "fieldMap"
    },
    {
      "type": "delete-node",
      "node": {
        "label": "org.jboss.ejb.plugins.cmp.jdbc.JDBCCreateBeanClassInstanceCommand",
        "type": "TypeAccess"
      },
      "location-before-char-start": 0,
      "location-before-char-end": 0,
      "node-str": "org.jboss.ejb.plugins.cmp.jdbc.JDBCCreateBeanClassInstanceCommand"
    },
    {
      "type": "delete-node",
      "node": {
        "label": "selectorMap",
        "type": "FieldRead"
      },
      "location-before-char-start": 2774,
      "location-before-char-end": 2784,
      "node-str": "selectorMap"
    },
    {
      "type": "delete-node",
      "node": {
        "label": "org.jboss.ejb.plugins.cmp.jdbc.JDBCCreateBeanClassInstanceCommand",
        "type": "TypeAccess"
      },
      "location-before-char-start": 0,
      "location-before-char-end": 0,
      "node-str": "org.jboss.ejb.plugins.cmp.jdbc.JDBCCreateBeanClassInstanceCommand"
    },
    {
      "type": "delete-node",
      "node": {
        "label": "beanClass",
        "type": "FieldRead"
      },
      "location-before-char-start": 2799,
      "location-before-char-end": 2807,
      "node-str": "beanClass"
    },
    {
      "type": "delete-node",
      "node": {
        "label": "java.lang.Object()",
        "type": "ConstructorCall"
      },
      "location-before-char-start": 2679,
      "location-before-char-end": 2808,
      "node-str": "java.lang.Object()"
    },
    {
      "type": "delete-node",
      "node": {
        "label": "handler",
        "type": "LocalVariable"
      },
      "location-before-char-start": 2639,
      "location-before-char-end": 2809,
      "node-str": "handler"
    },
    {
      "type": "delete-node",
      "node": {
        "label": "execute",
        "type": "Method"
      },
      "location-before-char-start": 2515,
      "location-before-char-end": 2885,
      "node-str": "execute"
    },
    {
      "type": "delete-node",
      "node": {
        "label": "\"was found for field: \"",
        "type": "Literal"
      },
      "location-before-char-start": 4414,
      "location-before-char-end": 4436,
      "node-str": "\"was found for field: \""
    },
    {
      "type": "delete-node",
      "node": {
        "label": "PLUS",
        "type": "BinaryOperator"
      },
      "location-before-char-start": 4359,
      "location-before-char-end": 4436,
      "node-str": "PLUS"
    },
    {
      "type": "delete-node",
      "node": {
        "label": "\"was found for field: \"",
        "type": "Literal"
      },
      "location-before-char-start": 4616,
      "location-before-char-end": 4638,
      "node-str": "\"was found for field: \""
    },
    {
      "type": "delete-node",
      "node": {
        "label": "PLUS",
        "type": "BinaryOperator"
      },
      "location-before-char-start": 4561,
      "location-before-char-end": 4638,
      "node-str": "PLUS"
    },
    {
      "type": "delete-node",
      "node": {
        "label": "java.util.Map",
        "type": "RETURN_TYPE"
      },
      "location-before-char-start": 0,
      "location-before-char-end": 0,
      "node-str": "java.util.Map"
    },
    {
      "type": "delete-node",
      "node": {
        "label": "java.util.Iterator",
        "type": "VARIABLE_TYPE"
      },
      "location-before-char-start": 0,
      "location-before-char-end": 0,
      "node-str": "java.util.Iterator"
    },
    {
      "type": "delete-node",
      "node": {
        "label": "selectors",
        "type": "VariableRead"
      },
      "location-before-char-start": 5231,
      "location-before-char-end": 5239,
      "node-str": "selectors"
    },
    {
      "type": "delete-node",
      "node": {
        "label": "iterator",
        "type": "Invocation"
      },
      "location-before-char-start": 5231,
      "location-before-char-end": 5250,
      "node-str": "iterator"
    },
    {
      "type": "delete-node",
      "node": {
        "label": "iter",
        "type": "LocalVariable"
      },
      "location-before-char-start": 5215,
      "location-before-char-end": 5250,
      "node-str": "iter"
    },
    {
      "type": "delete-node",
      "node": {
        "label": "iter",
        "type": "VariableRead"
      },
      "location-before-char-start": 5253,
      "location-before-char-end": 5256,
      "node-str": "iter"
    },
    {
      "type": "delete-node",
      "node": {
        "label": "hasNext",
        "type": "Invocation"
      },
      "location-before-char-start": 5253,
      "location-before-char-end": 5266,
      "node-str": "hasNext"
    },
    {
      "type": "delete-node",
      "node": {
        "label": "org.jboss.ejb.plugins.cmp.bridge.SelectorBridge",
        "type": "VARIABLE_TYPE"
      },
      "location-before-char-start": 0,
      "location-before-char-end": 0,
      "node-str": "org.jboss.ejb.plugins.cmp.bridge.SelectorBridge"
    },
    {
      "type": "delete-node",
      "node": {
        "label": "iter",
        "type": "VariableRead"
      },
      "location-before-char-start": 5323,
      "location-before-char-end": 5326,
      "node-str": "iter"
    },
    {
      "type": "delete-node",
      "node": {
        "label": "next",
        "type": "Invocation"
      },
      "location-before-char-start": 5307,
      "location-before-char-end": 5333,
      "node-str": "next"
    },
    {
      "type": "delete-node",
      "node": {
        "label": "selector",
        "type": "LocalVariable"
      },
      "location-before-char-start": 5281,
      "location-before-char-end": 5334,
      "node-str": "selector"
    },
    {
      "type": "delete-node",
      "node": {
        "label": "map",
        "type": "VariableRead"
      },
      "location-before-char-start": 5345,
      "location-before-char-end": 5347,
      "node-str": "map"
    },
    {
      "type": "delete-node",
      "node": {
        "label": "selector",
        "type": "VariableRead"
      },
      "location-before-char-start": 5353,
      "location-before-char-end": 5360,
      "node-str": "selector"
    },
    {
      "type": "delete-node",
      "node": {
        "label": "getMethod",
        "type": "Invocation"
      },
      "location-before-char-start": 5353,
      "location-before-char-end": 5372,
      "node-str": "getMethod"
    },
    {
      "type": "delete-node",
      "node": {
        "label": "selector",
        "type": "VariableRead"
      },
      "location-before-char-start": 5375,
      "location-before-char-end": 5382,
      "node-str": "selector"
    },
    {
      "type": "delete-node",
      "node": {
        "label": "put",
        "type": "Invocation"
      },
      "location-before-char-start": 5345,
      "location-before-char-end": 5384,
      "node-str": "put"
    },
    {
      "type": "delete-node",
      "node": {
        "label": "",
        "type": "For"
      },
      "location-before-char-start": 5211,
      "location-before-char-end": 5392,
      "node-str": ""
    },
    {
      "type": "delete-node",
      "node": {
        "label": "java.util.Collections",
        "type": "TypeAccess"
      },
      "location-before-char-start": 5407,
      "location-before-char-end": 5417,
      "node-str": "java.util.Collections"
    },
    {
      "type": "delete-node",
      "node": {
        "label": "map",
        "type": "VariableRead"
      },
      "location-before-char-start": 5435,
      "location-before-char-end": 5437,
      "node-str": "map"
    },
    {
      "type": "delete-node",
      "node": {
        "label": "unmodifiableMap",
        "type": "Invocation"
      },
      "location-before-char-start": 5407,
      "location-before-char-end": 5438,
      "node-str": "unmodifiableMap"
    },
    {
      "type": "delete-node",
      "node": {
        "label": "return",
        "type": "Return"
      },
      "location-before-char-start": 5400,
      "location-before-char-end": 5439,
      "node-str": "return"
    },
    {
      "type": "delete-node",
      "node": {
        "label": "createSelectorMap",
        "type": "Method"
      },
      "location-before-char-start": 5066,
      "location-before-char-end": 5444,
      "node-str": "createSelectorMap"
    }
  ],
  "before-file": {},
  "after-file": {},
  "mapping": {}
}