{
  "tool-info": {},
  "diff": [
    {
      "type": "insert-node",
      "node": {
        "label": "getOrphanAttributeValuesList",
        "type": "Method"
      },
      "location-after-char-start": 90509,
      "location-after-char-end": 93851,
      "node-str": "getOrphanAttributeValuesList"
    },
    {
      "type": "move-subtree",
      "node": {
        "label": "java.util.List",
        "type": "RETURN_TYPE"
      },
      "location-before-char-start": 0,
      "location-before-char-end": 0,
      "location-after-char-start": 0,
      "location-after-char-end": 0,
      "node-str": "java.util.List"
    },
    {
      "type": "move-subtree",
      "node": {
        "label": "java.lang.Exception",
        "type": "THROWS"
      },
      "location-before-char-start": 0,
      "location-before-char-end": 0,
      "location-after-char-start": 0,
      "location-after-char-end": 0,
      "node-str": "java.lang.Exception"
    },
    {
      "type": "move-subtree",
      "node": {
        "label": "public",
        "type": "Modifier"
      },
      "location-before-char-start": 0,
      "location-before-char-end": 0,
      "location-after-char-start": 0,
      "location-after-char-end": 0,
      "node-str": "public"
    },
    {
      "type": "move-subtree",
      "node": {
        "label": "newModule",
        "type": "Parameter"
      },
      "location-before-char-start": 90746,
      "location-before-char-end": 90761,
      "location-after-char-start": 90746,
      "location-after-char-end": 90761,
      "node-str": "newModule"
    },
    {
      "type": "move-subtree",
      "node": {
        "label": "newIssueType",
        "type": "Parameter"
      },
      "location-before-char-start": 90809,
      "location-before-char-end": 90830,
      "location-after-char-start": 90809,
      "location-after-char-end": 90830,
      "node-str": "newIssueType"
    },
    {
      "type": "move-subtree",
      "node": {
        "label": "orphanAttributes",
        "type": "LocalVariable"
      },
      "location-before-char-start": 90874,
      "location-before-char-end": 90913,
      "location-after-char-start": 90874,
      "location-after-char-end": 90913,
      "node-str": "orphanAttributes"
    },
    {
      "type": "move-subtree",
      "node": {
        "label": "aval",
        "type": "LocalVariable"
      },
      "location-before-char-start": 90923,
      "location-before-char-end": 90949,
      "location-after-char-start": 90923,
      "location-after-char-end": 90949,
      "node-str": "aval"
    },
    {
      "type": "move-subtree",
      "node": {
        "label": "setMap",
        "type": "LocalVariable"
      },
      "location-before-char-start": 90960,
      "location-before-char-end": 91001,
      "location-after-char-start": 90960,
      "location-after-char-end": 91001,
      "node-str": "setMap"
    },
    {
      "type": "insert-node",
      "node": {
        "label": "",
        "type": "For"
      },
      "location-after-char-start": 91011,
      "location-after-char-end": 93812,
      "node-str": ""
    },
    {
      "type": "move-subtree",
      "node": {
        "label": "return",
        "type": "Return"
      },
      "location-before-char-start": 93705,
      "location-before-char-end": 93728,
      "location-after-char-start": 93822,
      "location-after-char-end": 93845,
      "node-str": "return"
    },
    {
      "type": "move-subtree",
      "node": {
        "label": "iter",
        "type": "LocalVariable"
      },
      "location-before-char-start": 91016,
      "location-before-char-end": 91057,
      "location-after-char-start": 91016,
      "location-after-char-end": 91057,
      "node-str": "iter"
    },
    {
      "type": "move-subtree",
      "node": {
        "label": "hasNext",
        "type": "Invocation"
      },
      "location-before-char-start": 91060,
      "location-before-char-end": 91073,
      "location-after-char-start": 91060,
      "location-after-char-end": 91073,
      "node-str": "hasNext"
    },
    {
      "type": "insert-node",
      "node": {
        "label": "\u003d",
        "type": "Assignment"
      },
      "location-after-char-start": 91099,
      "location-after-char-end": 91134,
      "node-str": "\u003d"
    },
    {
      "type": "move-subtree",
      "node": {
        "label": "values",
        "type": "LocalVariable"
      },
      "location-before-char-start": 91159,
      "location-before-char-end": 91212,
      "location-after-char-start": 91148,
      "location-after-char-end": 91201,
      "node-str": "values"
    },
    {
      "type": "insert-node",
      "node": {
        "label": "",
        "type": "For"
      },
      "location-after-char-start": 91270,
      "location-after-char-end": 93802,
      "node-str": ""
    },
    {
      "type": "move-subtree",
      "node": {
        "label": "aval",
        "type": "VariableWrite"
      },
      "location-before-char-start": 91099,
      "location-before-char-end": 91102,
      "location-after-char-start": 91099,
      "location-after-char-end": 91102,
      "node-str": "aval"
    },
    {
      "type": "move-subtree",
      "node": {
        "label": "next",
        "type": "Invocation"
      },
      "location-before-char-start": 91133,
      "location-before-char-end": 91143,
      "location-after-char-start": 91106,
      "location-after-char-end": 91133,
      "node-str": "next"
    },
    {
      "type": "insert-node",
      "node": {
        "label": "i",
        "type": "LocalVariable"
      },
      "location-after-char-start": 91275,
      "location-after-char-end": 91304,
      "node-str": "i"
    },
    {
      "type": "insert-node",
      "node": {
        "label": "hasNext",
        "type": "Invocation"
      },
      "location-after-char-start": 91307,
      "location-after-char-end": 91317,
      "node-str": "hasNext"
    },
    {
      "type": "insert-node",
      "node": {
        "label": "attVal",
        "type": "LocalVariable"
      },
      "location-after-char-start": 91352,
      "location-after-char-end": 91401,
      "node-str": "attVal"
    },
    {
      "type": "move-subtree",
      "node": {
        "label": "modAttr",
        "type": "LocalVariable"
      },
      "location-before-char-start": 91420,
      "location-before-char-end": 91532,
      "location-after-char-start": 91419,
      "location-after-char-end": 91531,
      "node-str": "modAttr"
    },
    {
      "type": "insert-node",
      "node": {
        "label": "if",
        "type": "If"
      },
      "location-after-char-start": 91677,
      "location-after-char-end": 93788,
      "node-str": "if"
    },
    {
      "type": "update-node",
      "node": {
        "label": "keySet",
        "type": "Invocation"
      },
      "location-before-char-start": 91032,
      "location-before-char-end": 91046,
      "location-after-char-start": 91032,
      "location-after-char-end": 91046,
      "node-str": "values"
    },
    {
      "type": "insert-node",
      "node": {
        "label": "java.util.Iterator",
        "type": "VARIABLE_TYPE"
      },
      "location-after-char-start": 0,
      "location-after-char-end": 0,
      "node-str": "java.util.Iterator"
    },
    {
      "type": "update-node",
      "node": {
        "label": "size",
        "type": "Invocation"
      },
      "location-before-char-start": 91299,
      "location-before-char-end": 91311,
      "location-after-char-start": 91288,
      "location-after-char-end": 91304,
      "node-str": "iterator"
    },
    {
      "type": "move-subtree",
      "node": {
        "label": "size",
        "type": "Invocation"
      },
      "location-before-char-start": 91299,
      "location-before-char-end": 91311,
      "location-after-char-start": 91288,
      "location-after-char-end": 91304,
      "node-str": "iterator"
    },
    {
      "type": "move-subtree",
      "node": {
        "label": "i",
        "type": "VariableRead"
      },
      "location-before-char-start": 91297,
      "location-before-char-end": 91297,
      "location-after-char-start": 91307,
      "location-after-char-end": 91307,
      "node-str": "i"
    },
    {
      "type": "move-subtree",
      "node": {
        "label": "org.tigris.scarab.om.AttributeValue",
        "type": "VARIABLE_TYPE"
      },
      "location-before-char-start": 0,
      "location-before-char-end": 0,
      "location-after-char-start": 0,
      "location-after-char-end": 0,
      "node-str": "org.tigris.scarab.om.AttributeValue"
    },
    {
      "type": "insert-node",
      "node": {
        "label": "next",
        "type": "Invocation"
      },
      "location-after-char-start": 91376,
      "location-after-char-end": 91400,
      "node-str": "next"
    },
    {
      "type": "move-subtree",
      "node": {
        "label": "OR",
        "type": "BinaryOperator"
      },
      "location-before-char-start": 91682,
      "location-before-char-end": 91720,
      "location-after-char-start": 91681,
      "location-after-char-end": 91719,
      "node-str": "OR"
    },
    {
      "type": "move-subtree",
      "node": {
        "label": "THEN",
        "type": "then"
      },
      "location-before-char-start": 91739,
      "location-before-char-end": 91807,
      "location-after-char-start": 91738,
      "location-after-char-end": 91806,
      "node-str": "THEN"
    },
    {
      "type": "insert-node",
      "node": {
        "label": "ELSE",
        "type": "else"
      },
      "location-after-char-start": 91845,
      "location-after-char-end": 93788,
      "node-str": "ELSE"
    },
    {
      "type": "move-subtree",
      "node": {
        "label": "i",
        "type": "VariableRead"
      },
      "location-before-char-start": 91400,
      "location-before-char-end": 91400,
      "location-after-char-start": 91393,
      "location-after-char-end": 91393,
      "node-str": "i"
    },
    {
      "type": "insert-node",
      "node": {
        "label": "if",
        "type": "If"
      },
      "location-after-char-start": 92010,
      "location-after-char-end": 93770,
      "node-str": "if"
    },
    {
      "type": "move-subtree",
      "node": {
        "label": "INSTANCEOF",
        "type": "BinaryOperator"
      },
      "location-before-char-start": 92015,
      "location-before-char-end": 92047,
      "location-after-char-start": 92014,
      "location-after-char-end": 92046,
      "node-str": "INSTANCEOF"
    },
    {
      "type": "move-subtree",
      "node": {
        "label": "THEN",
        "type": "then"
      },
      "location-before-char-start": 92070,
      "location-before-char-end": 92718,
      "location-after-char-start": 92069,
      "location-after-char-end": 92717,
      "node-str": "THEN"
    },
    {
      "type": "insert-node",
      "node": {
        "label": "ELSE",
        "type": "else"
      },
      "location-after-char-start": 92744,
      "location-after-char-end": 93770,
      "node-str": "ELSE"
    },
    {
      "type": "insert-node",
      "node": {
        "label": "if",
        "type": "If"
      },
      "location-after-char-start": 92744,
      "location-after-char-end": 93770,
      "node-str": "if"
    },
    {
      "type": "move-subtree",
      "node": {
        "label": "INSTANCEOF",
        "type": "BinaryOperator"
      },
      "location-before-char-start": 92749,
      "location-before-char-end": 92779,
      "location-after-char-start": 92748,
      "location-after-char-end": 92778,
      "node-str": "INSTANCEOF"
    },
    {
      "type": "insert-node",
      "node": {
        "label": "THEN",
        "type": "then"
      },
      "location-after-char-start": 92801,
      "location-after-char-end": 93770,
      "node-str": "THEN"
    },
    {
      "type": "move-subtree",
      "node": {
        "label": "user",
        "type": "LocalVariable"
      },
      "location-before-char-start": 92828,
      "location-before-char-end": 92850,
      "location-after-char-start": 92827,
      "location-after-char-end": 92849,
      "node-str": "user"
    },
    {
      "type": "insert-node",
      "node": {
        "label": "",
        "type": "Try"
      },
      "location-after-char-start": 92875,
      "location-after-char-end": 93249,
      "node-str": ""
    },
    {
      "type": "move-subtree",
      "node": {
        "label": "attr",
        "type": "LocalVariable"
      },
      "location-before-char-start": 93187,
      "location-before-char-end": 93225,
      "location-after-char-start": 93275,
      "location-after-char-end": 93313,
      "node-str": "attr"
    },
    {
      "type": "move-subtree",
      "node": {
        "label": "userArray",
        "type": "LocalVariable"
      },
      "location-before-char-start": 93251,
      "location-before-char-end": 93316,
      "location-after-char-start": 93339,
      "location-after-char-end": 93432,
      "node-str": "userArray"
    },
    {
      "type": "move-subtree",
      "node": {
        "label": "if",
        "type": "If"
      },
      "location-before-char-start": 93477,
      "location-before-char-end": 93631,
      "location-after-char-start": 93594,
      "location-after-char-end": 93748,
      "node-str": "if"
    },
    {
      "type": "move-subtree",
      "node": {
        "label": "\u003d",
        "type": "Assignment"
      },
      "location-before-char-start": 92934,
      "location-before-char-end": 92990,
      "location-after-char-start": 92933,
      "location-after-char-end": 92989,
      "node-str": "\u003d"
    },
    {
      "type": "insert-node",
      "node": {
        "label": "",
        "type": "Catch"
      },
      "location-after-char-start": 93016,
      "location-after-char-end": 93249,
      "node-str": ""
    },
    {
      "type": "move-subtree",
      "node": {
        "label": "e",
        "type": "CatchVariable"
      },
      "location-before-char-start": 93049,
      "location-before-char-end": 93059,
      "location-after-char-start": 93048,
      "location-after-char-end": 93058,
      "node-str": "e"
    },
    {
      "type": "insert-node",
      "node": {
        "label": "error",
        "type": "Invocation"
      },
      "location-after-char-start": 93115,
      "location-after-char-end": 93223,
      "node-str": "error"
    },
    {
      "type": "insert-node",
      "node": {
        "label": "get",
        "type": "Invocation"
      },
      "location-after-char-start": 93115,
      "location-after-char-end": 93123,
      "node-str": "get"
    },
    {
      "type": "insert-node",
      "node": {
        "label": "PLUS",
        "type": "BinaryOperator"
      },
      "location-after-char-start": 93131,
      "location-after-char-end": 93218,
      "node-str": "PLUS"
    },
    {
      "type": "move-subtree",
      "node": {
        "label": "e",
        "type": "VariableRead"
      },
      "location-before-char-start": 93116,
      "location-before-char-end": 93116,
      "location-after-char-start": 93221,
      "location-after-char-end": 93221,
      "node-str": "e"
    },
    {
      "type": "insert-node",
      "node": {
        "label": "org.tigris.scarab.util.Log",
        "type": "TypeAccess"
      },
      "location-after-char-start": 93115,
      "location-after-char-end": 93117,
      "node-str": "org.tigris.scarab.util.Log"
    },
    {
      "type": "insert-node",
      "node": {
        "label": "\"Unable to retrieve user for \"",
        "type": "Literal"
      },
      "location-after-char-start": 93131,
      "location-after-char-end": 93160,
      "node-str": "\"Unable to retrieve user for \""
    },
    {
      "type": "insert-node",
      "node": {
        "label": "\"attribute\"",
        "type": "Literal"
      },
      "location-after-char-start": 93208,
      "location-after-char-end": 93218,
      "node-str": "\"attribute\""
    },
    {
      "type": "delete-node",
      "node": {
        "label": "setMap",
        "type": "VariableRead"
      },
      "location-before-char-start": 91122,
      "location-before-char-end": 91127,
      "node-str": "setMap"
    },
    {
      "type": "delete-node",
      "node": {
        "label": "get",
        "type": "Invocation"
      },
      "location-before-char-start": 91106,
      "location-before-char-end": 91144,
      "node-str": "get"
    },
    {
      "type": "delete-node",
      "node": {
        "label": "\u003d",
        "type": "Assignment"
      },
      "location-before-char-start": 91099,
      "location-before-char-end": 91145,
      "node-str": "\u003d"
    },
    {
      "type": "delete-node",
      "node": {
        "label": "int",
        "type": "VARIABLE_TYPE"
      },
      "location-before-char-start": 0,
      "location-before-char-end": 0,
      "node-str": "int"
    },
    {
      "type": "delete-node",
      "node": {
        "label": "0",
        "type": "Literal"
      },
      "location-before-char-start": 91294,
      "location-before-char-end": 91294,
      "node-str": "0"
    },
    {
      "type": "delete-node",
      "node": {
        "label": "i",
        "type": "LocalVariable"
      },
      "location-before-char-start": 91286,
      "location-before-char-end": 91294,
      "node-str": "i"
    },
    {
      "type": "delete-node",
      "node": {
        "label": "LT",
        "type": "BinaryOperator"
      },
      "location-before-char-start": 91297,
      "location-before-char-end": 91311,
      "node-str": "LT"
    },
    {
      "type": "delete-node",
      "node": {
        "label": "i",
        "type": "VariableWrite"
      },
      "location-before-char-start": 91314,
      "location-before-char-end": 91314,
      "node-str": "i"
    },
    {
      "type": "delete-node",
      "node": {
        "label": "POSTINC",
        "type": "UnaryOperator"
      },
      "location-before-char-start": 91314,
      "location-before-char-end": 91316,
      "node-str": "POSTINC"
    },
    {
      "type": "delete-node",
      "node": {
        "label": "values",
        "type": "VariableRead"
      },
      "location-before-char-start": 91389,
      "location-before-char-end": 91394,
      "node-str": "values"
    },
    {
      "type": "delete-node",
      "node": {
        "label": "get",
        "type": "Invocation"
      },
      "location-before-char-start": 91373,
      "location-before-char-end": 91401,
      "node-str": "get"
    },
    {
      "type": "delete-node",
      "node": {
        "label": "attVal",
        "type": "LocalVariable"
      },
      "location-before-char-start": 91349,
      "location-before-char-end": 91402,
      "node-str": "attVal"
    },
    {
      "type": "delete-node",
      "node": {
        "label": "printStackTrace",
        "type": "Invocation"
      },
      "location-before-char-start": 93116,
      "location-before-char-end": 93135,
      "node-str": "printStackTrace"
    },
    {
      "type": "delete-node",
      "node": {
        "label": "",
        "type": "Catch"
      },
      "location-before-char-start": 93017,
      "location-before-char-end": 93161,
      "node-str": ""
    },
    {
      "type": "delete-node",
      "node": {
        "label": "",
        "type": "Try"
      },
      "location-before-char-start": 92876,
      "location-before-char-end": 93161,
      "node-str": ""
    },
    {
      "type": "delete-node",
      "node": {
        "label": "THEN",
        "type": "then"
      },
      "location-before-char-start": 92802,
      "location-before-char-end": 93653,
      "node-str": "THEN"
    },
    {
      "type": "delete-node",
      "node": {
        "label": "if",
        "type": "If"
      },
      "location-before-char-start": 92745,
      "location-before-char-end": 93653,
      "node-str": "if"
    },
    {
      "type": "delete-node",
      "node": {
        "label": "ELSE",
        "type": "else"
      },
      "location-before-char-start": 92745,
      "location-before-char-end": 93653,
      "node-str": "ELSE"
    },
    {
      "type": "delete-node",
      "node": {
        "label": "if",
        "type": "If"
      },
      "location-before-char-start": 92011,
      "location-before-char-end": 93653,
      "node-str": "if"
    },
    {
      "type": "delete-node",
      "node": {
        "label": "ELSE",
        "type": "else"
      },
      "location-before-char-start": 91846,
      "location-before-char-end": 93671,
      "node-str": "ELSE"
    },
    {
      "type": "delete-node",
      "node": {
        "label": "if",
        "type": "If"
      },
      "location-before-char-start": 91678,
      "location-before-char-end": 93671,
      "node-str": "if"
    },
    {
      "type": "delete-node",
      "node": {
        "label": "",
        "type": "For"
      },
      "location-before-char-start": 91281,
      "location-before-char-end": 93685,
      "node-str": ""
    },
    {
      "type": "delete-node",
      "node": {
        "label": "",
        "type": "For"
      },
      "location-before-char-start": 91011,
      "location-before-char-end": 93695,
      "node-str": ""
    },
    {
      "type": "delete-node",
      "node": {
        "label": "getOrphanAttributeValuesList",
        "type": "Method"
      },
      "location-before-char-start": 90509,
      "location-before-char-end": 93734,
      "node-str": "getOrphanAttributeValuesList"
    }
  ],
  "before-file": {},
  "after-file": {},
  "mapping": {}
}