{
  "tool-info": {},
  "diff": [
    {
      "type": "insert-node",
      "node": {
        "label": "final",
        "type": "Modifier"
      },
      "location-after-char-start": 0,
      "location-after-char-end": 0,
      "node-str": "final"
    },
    {
      "type": "insert-node",
      "node": {
        "label": "public",
        "type": "Modifier"
      },
      "location-after-char-start": 0,
      "location-after-char-end": 0,
      "node-str": "public"
    },
    {
      "type": "insert-node",
      "node": {
        "label": "EMPTY_LOCAL_ARR",
        "type": "Field"
      },
      "location-after-char-start": 2835,
      "location-after-char-end": 2912,
      "node-str": "EMPTY_LOCAL_ARR"
    },
    {
      "type": "insert-node",
      "node": {
        "label": "javax.ejb.EJBLocalObject[]",
        "type": "VARIABLE_TYPE"
      },
      "location-after-char-start": 0,
      "location-after-char-end": 0,
      "node-str": "javax.ejb.EJBLocalObject[]"
    },
    {
      "type": "insert-node",
      "node": {
        "label": "final",
        "type": "Modifier"
      },
      "location-after-char-start": 0,
      "location-after-char-end": 0,
      "node-str": "final"
    },
    {
      "type": "insert-node",
      "node": {
        "label": "static",
        "type": "Modifier"
      },
      "location-after-char-start": 0,
      "location-after-char-end": 0,
      "node-str": "static"
    },
    {
      "type": "insert-node",
      "node": {
        "label": "",
        "type": "NewArray"
      },
      "location-after-char-start": 2891,
      "location-after-char-end": 2911,
      "node-str": ""
    },
    {
      "type": "insert-node",
      "node": {
        "label": "void",
        "type": "RETURN_TYPE"
      },
      "location-after-char-start": 0,
      "location-after-char-end": 0,
      "node-str": "void"
    },
    {
      "type": "insert-node",
      "node": {
        "label": "public",
        "type": "Modifier"
      },
      "location-after-char-start": 0,
      "location-after-char-end": 0,
      "node-str": "public"
    },
    {
      "type": "insert-node",
      "node": {
        "label": "valueCopy",
        "type": "LocalVariable"
      },
      "location-after-char-start": 23068,
      "location-after-char-end": 23094,
      "node-str": "valueCopy"
    },
    {
      "type": "insert-node",
      "node": {
        "label": "if",
        "type": "If"
      },
      "location-after-char-start": 24402,
      "location-after-char-end": 25078,
      "node-str": "if"
    },
    {
      "type": "insert-node",
      "node": {
        "label": "0",
        "type": "Literal"
      },
      "location-after-char-start": 2910,
      "location-after-char-end": 2910,
      "node-str": "0"
    },
    {
      "type": "insert-node",
      "node": {
        "label": "javax.ejb.EJBLocalObject[]",
        "type": "VARIABLE_TYPE"
      },
      "location-after-char-start": 0,
      "location-after-char-end": 0,
      "node-str": "javax.ejb.EJBLocalObject[]"
    },
    {
      "type": "move-subtree",
      "node": {
        "label": "GT",
        "type": "BinaryOperator"
      },
      "location-before-char-start": 23572,
      "location-before-char-end": 23609,
      "location-after-char-start": 24405,
      "location-after-char-end": 24442,
      "node-str": "GT"
    },
    {
      "type": "insert-node",
      "node": {
        "label": "THEN",
        "type": "then"
      },
      "location-after-char-start": 24451,
      "location-after-char-end": 25078,
      "node-str": "THEN"
    },
    {
      "type": "insert-node",
      "node": {
        "label": "if",
        "type": "If"
      },
      "location-after-char-start": 25465,
      "location-after-char-end": 26277,
      "node-str": "if"
    },
    {
      "type": "insert-node",
      "node": {
        "label": "col",
        "type": "LocalVariable"
      },
      "location-after-char-start": 23154,
      "location-after-char-end": 23192,
      "node-str": "col"
    },
    {
      "type": "insert-node",
      "node": {
        "label": "",
        "type": "Try"
      },
      "location-after-char-start": 23309,
      "location-after-char-end": 23583,
      "node-str": ""
    },
    {
      "type": "move-subtree",
      "node": {
        "label": "\u003d",
        "type": "Assignment"
      },
      "location-before-char-start": 23629,
      "location-before-char-end": 23658,
      "location-after-char-start": 24462,
      "location-after-char-end": 24491,
      "node-str": "\u003d"
    },
    {
      "type": "insert-node",
      "node": {
        "label": "",
        "type": "For"
      },
      "location-after-char-start": 24502,
      "location-after-char-end": 25070,
      "node-str": ""
    },
    {
      "type": "move-subtree",
      "node": {
        "label": "NE",
        "type": "BinaryOperator"
      },
      "location-before-char-start": 24620,
      "location-before-char-end": 24638,
      "location-after-char-start": 25468,
      "location-after-char-end": 25486,
      "node-str": "NE"
    },
    {
      "type": "move-subtree",
      "node": {
        "label": "THEN",
        "type": "then"
      },
      "location-before-char-start": 24650,
      "location-before-char-end": 24790,
      "location-after-char-start": 25498,
      "location-after-char-end": 25656,
      "node-str": "THEN"
    },
    {
      "type": "move-subtree",
      "node": {
        "label": "ELSE",
        "type": "else"
      },
      "location-before-char-start": 24815,
      "location-before-char-end": 25316,
      "location-after-char-start": 25681,
      "location-after-char-end": 26277,
      "node-str": "ELSE"
    },
    {
      "type": "insert-node",
      "node": {
        "label": "java.util.Collection",
        "type": "VARIABLE_TYPE"
      },
      "location-after-char-start": 0,
      "location-after-char-end": 0,
      "node-str": "java.util.Collection"
    },
    {
      "type": "insert-node",
      "node": {
        "label": "newValue",
        "type": "VariableRead"
      },
      "location-after-char-start": 23171,
      "location-after-char-end": 23191,
      "node-str": "newValue"
    },
    {
      "type": "insert-node",
      "node": {
        "label": "newInstance",
        "type": "Invocation"
      },
      "location-after-char-start": 23215,
      "location-after-char-end": 23297,
      "node-str": "newInstance"
    },
    {
      "type": "insert-node",
      "node": {
        "label": "toArray",
        "type": "Invocation"
      },
      "location-after-char-start": 23336,
      "location-after-char-end": 23358,
      "node-str": "toArray"
    },
    {
      "type": "insert-node",
      "node": {
        "label": "",
        "type": "Catch"
      },
      "location-after-char-start": 23370,
      "location-after-char-end": 23583,
      "node-str": ""
    },
    {
      "type": "insert-node",
      "node": {
        "label": "i",
        "type": "LocalVariable"
      },
      "location-after-char-start": 24506,
      "location-after-char-end": 24514,
      "node-str": "i"
    },
    {
      "type": "insert-node",
      "node": {
        "label": "LT",
        "type": "BinaryOperator"
      },
      "location-after-char-start": 24517,
      "location-after-char-end": 24536,
      "node-str": "LT"
    },
    {
      "type": "insert-node",
      "node": {
        "label": "PREINC",
        "type": "UnaryOperator"
      },
      "location-after-char-start": 24539,
      "location-after-char-end": 24541,
      "node-str": "PREINC"
    },
    {
      "type": "insert-node",
      "node": {
        "label": "ejbObject",
        "type": "LocalVariable"
      },
      "location-after-char-start": 24567,
      "location-after-char-end": 24606,
      "node-str": "ejbObject"
    },
    {
      "type": "move-subtree",
      "node": {
        "label": "if",
        "type": "If"
      },
      "location-before-char-start": 23569,
      "location-before-char-end": 24213,
      "location-after-char-start": 24620,
      "location-after-char-end": 25059,
      "node-str": "if"
    },
    {
      "type": "insert-node",
      "node": {
        "label": "",
        "type": "For"
      },
      "location-after-char-start": 25281,
      "location-after-char-end": 25413,
      "node-str": ""
    },
    {
      "type": "insert-node",
      "node": {
        "label": "",
        "type": "For"
      },
      "location-after-char-start": 25695,
      "location-after-char-end": 26266,
      "node-str": ""
    },
    {
      "type": "insert-node",
      "node": {
        "label": "java.lang.reflect.Array",
        "type": "TypeAccess"
      },
      "location-after-char-start": 23234,
      "location-after-char-end": 23238,
      "node-str": "java.lang.reflect.Array"
    },
    {
      "type": "insert-node",
      "node": {
        "label": "getLocalInterface",
        "type": "Invocation"
      },
      "location-after-char-start": 23252,
      "location-after-char-end": 23284,
      "node-str": "getLocalInterface"
    },
    {
      "type": "insert-node",
      "node": {
        "label": "size",
        "type": "Invocation"
      },
      "location-after-char-start": 23287,
      "location-after-char-end": 23296,
      "node-str": "size"
    },
    {
      "type": "insert-node",
      "node": {
        "label": "col",
        "type": "VariableRead"
      },
      "location-after-char-start": 23336,
      "location-after-char-end": 23338,
      "node-str": "col"
    },
    {
      "type": "insert-node",
      "node": {
        "label": "valueCopy",
        "type": "VariableRead"
      },
      "location-after-char-start": 23348,
      "location-after-char-end": 23356,
      "node-str": "valueCopy"
    },
    {
      "type": "insert-node",
      "node": {
        "label": "e",
        "type": "CatchVariable"
      },
      "location-after-char-start": 23386,
      "location-after-char-end": 23406,
      "node-str": "e"
    },
    {
      "type": "insert-node",
      "node": {
        "label": "java.lang.IllegalArgumentException(java.lang.String)",
        "type": "ConstructorCall"
      },
      "location-after-char-start": 23432,
      "location-after-char-end": 23572,
      "node-str": "java.lang.IllegalArgumentException(java.lang.String)"
    },
    {
      "type": "insert-node",
      "node": {
        "label": "",
        "type": "Try"
      },
      "location-after-char-start": 23765,
      "location-after-char-end": 24042,
      "node-str": ""
    },
    {
      "type": "insert-node",
      "node": {
        "label": "int",
        "type": "VARIABLE_TYPE"
      },
      "location-after-char-start": 0,
      "location-after-char-end": 0,
      "node-str": "int"
    },
    {
      "type": "insert-node",
      "node": {
        "label": "0",
        "type": "Literal"
      },
      "location-after-char-start": 24514,
      "location-after-char-end": 24514,
      "node-str": "0"
    },
    {
      "type": "insert-node",
      "node": {
        "label": "i",
        "type": "VariableRead"
      },
      "location-after-char-start": 24517,
      "location-after-char-end": 24517,
      "node-str": "i"
    },
    {
      "type": "insert-node",
      "node": {
        "label": "length",
        "type": "FieldRead"
      },
      "location-after-char-start": 24521,
      "location-after-char-end": 24536,
      "node-str": "length"
    },
    {
      "type": "insert-node",
      "node": {
        "label": "i",
        "type": "VariableWrite"
      },
      "location-after-char-start": 24541,
      "location-after-char-end": 24541,
      "node-str": "i"
    },
    {
      "type": "insert-node",
      "node": {
        "label": "javax.ejb.EJBLocalObject",
        "type": "VARIABLE_TYPE"
      },
      "location-after-char-start": 0,
      "location-after-char-end": 0,
      "node-str": "javax.ejb.EJBLocalObject"
    },
    {
      "type": "insert-node",
      "node": {
        "label": "",
        "type": "ArrayRead"
      },
      "location-after-char-start": 24594,
      "location-after-char-end": 24605,
      "node-str": ""
    },
    {
      "type": "update-node",
      "node": {
        "label": "EQ",
        "type": "BinaryOperator"
      },
      "location-before-char-start": 23793,
      "location-before-char-end": 23809,
      "location-after-char-start": 24623,
      "location-after-char-end": 24639,
      "node-str": "NE"
    },
    {
      "type": "move-subtree",
      "node": {
        "label": "EQ",
        "type": "BinaryOperator"
      },
      "location-before-char-start": 23793,
      "location-before-char-end": 23809,
      "location-after-char-start": 24623,
      "location-after-char-end": 24639,
      "node-str": "NE"
    },
    {
      "type": "insert-node",
      "node": {
        "label": "i",
        "type": "LocalVariable"
      },
      "location-after-char-start": 25285,
      "location-after-char-end": 25293,
      "node-str": "i"
    },
    {
      "type": "insert-node",
      "node": {
        "label": "LT",
        "type": "BinaryOperator"
      },
      "location-after-char-start": 25296,
      "location-after-char-end": 25316,
      "node-str": "LT"
    },
    {
      "type": "insert-node",
      "node": {
        "label": "PREINC",
        "type": "UnaryOperator"
      },
      "location-after-char-start": 25319,
      "location-after-char-end": 25321,
      "node-str": "PREINC"
    },
    {
      "type": "move-subtree",
      "node": {
        "label": "destroyRelationLinks",
        "type": "Invocation"
      },
      "location-before-char-start": 24518,
      "location-before-char-end": 24565,
      "location-after-char-start": 25353,
      "location-after-char-end": 25399,
      "node-str": "destroyRelationLinks"
    },
    {
      "type": "update-node",
      "node": {
        "label": "iter",
        "type": "LocalVariable"
      },
      "location-before-char-start": 24668,
      "location-before-char-end": 24705,
      "location-after-char-start": 25516,
      "location-after-char-end": 25524,
      "node-str": "i"
    },
    {
      "type": "insert-node",
      "node": {
        "label": "LT",
        "type": "BinaryOperator"
      },
      "location-after-char-start": 25527,
      "location-after-char-end": 25548,
      "node-str": "LT"
    },
    {
      "type": "insert-node",
      "node": {
        "label": "PREINC",
        "type": "UnaryOperator"
      },
      "location-after-char-start": 25551,
      "location-after-char-end": 25553,
      "node-str": "PREINC"
    },
    {
      "type": "insert-node",
      "node": {
        "label": "i",
        "type": "LocalVariable"
      },
      "location-after-char-start": 25699,
      "location-after-char-end": 25707,
      "node-str": "i"
    },
    {
      "type": "insert-node",
      "node": {
        "label": "LT",
        "type": "BinaryOperator"
      },
      "location-after-char-start": 25710,
      "location-after-char-end": 25729,
      "node-str": "LT"
    },
    {
      "type": "insert-node",
      "node": {
        "label": "PREINC",
        "type": "UnaryOperator"
      },
      "location-after-char-start": 25732,
      "location-after-char-end": 25734,
      "node-str": "PREINC"
    },
    {
      "type": "move-subtree",
      "node": {
        "label": "newBean",
        "type": "LocalVariable"
      },
      "location-before-char-start": 24884,
      "location-before-char-end": 24940,
      "location-after-char-start": 25766,
      "location-after-char-end": 25803,
      "node-str": "newBean"
    },
    {
      "type": "move-subtree",
      "node": {
        "label": "if",
        "type": "If"
      },
      "location-before-char-start": 24617,
      "location-before-char-end": 25316,
      "location-after-char-start": 25820,
      "location-after-char-end": 26252,
      "node-str": "if"
    },
    {
      "type": "insert-node",
      "node": {
        "label": "relatedEntity",
        "type": "FieldRead"
      },
      "location-after-char-start": 23252,
      "location-after-char-end": 23264,
      "node-str": "relatedEntity"
    },
    {
      "type": "update-node",
      "node": {
        "label": "newValue",
        "type": "VariableRead"
      },
      "location-before-char-start": 23043,
      "location-before-char-end": 23062,
      "location-after-char-start": 23287,
      "location-after-char-end": 23289,
      "node-str": "col"
    },
    {
      "type": "move-subtree",
      "node": {
        "label": "newValue",
        "type": "VariableRead"
      },
      "location-before-char-start": 23043,
      "location-before-char-end": 23062,
      "location-after-char-start": 23287,
      "location-after-char-end": 23289,
      "node-str": "col"
    },
    {
      "type": "insert-node",
      "node": {
        "label": "java.lang.ArrayStoreException",
        "type": "VARIABLE_TYPE"
      },
      "location-after-char-start": 0,
      "location-after-char-end": 0,
      "node-str": "java.lang.ArrayStoreException"
    },
    {
      "type": "insert-node",
      "node": {
        "label": "PLUS",
        "type": "BinaryOperator"
      },
      "location-after-char-start": 23461,
      "location-after-char-end": 23570,
      "node-str": "PLUS"
    },
    {
      "type": "update-node",
      "node": {
        "label": "singletonList",
        "type": "Invocation"
      },
      "location-before-char-start": 23147,
      "location-before-char-end": 23181,
      "location-after-char-start": 23677,
      "location-after-char-end": 23750,
      "node-str": "newInstance"
    },
    {
      "type": "insert-node",
      "node": {
        "label": "\u003d",
        "type": "Assignment"
      },
      "location-after-char-start": 23798,
      "location-after-char-end": 23838,
      "node-str": "\u003d"
    },
    {
      "type": "insert-node",
      "node": {
        "label": "",
        "type": "Catch"
      },
      "location-after-char-start": 23853,
      "location-after-char-end": 24042,
      "node-str": ""
    },
    {
      "type": "update-node",
      "node": {
        "label": "EMPTY_LIST",
        "type": "FieldRead"
      },
      "location-before-char-start": 23222,
      "location-before-char-end": 23243,
      "location-after-char-start": 24104,
      "location-after-char-end": 24118,
      "node-str": "EMPTY_LOCAL_ARR"
    },
    {
      "type": "insert-node",
      "node": {
        "label": "valueCopy",
        "type": "VariableRead"
      },
      "location-after-char-start": 24521,
      "location-after-char-end": 24536,
      "node-str": "valueCopy"
    },
    {
      "type": "insert-node",
      "node": {
        "label": "valueCopy",
        "type": "VariableRead"
      },
      "location-after-char-start": 24594,
      "location-after-char-end": 24602,
      "node-str": "valueCopy"
    },
    {
      "type": "insert-node",
      "node": {
        "label": "i",
        "type": "VariableRead"
      },
      "location-after-char-start": 24604,
      "location-after-char-end": 24604,
      "node-str": "i"
    },
    {
      "type": "move-subtree",
      "node": {
        "label": "pkObject",
        "type": "LocalVariable"
      },
      "location-before-char-start": 23850,
      "location-before-char-end": 23865,
      "location-after-char-start": 24671,
      "location-after-char-end": 24686,
      "node-str": "pkObject"
    },
    {
      "type": "move-subtree",
      "node": {
        "label": "",
        "type": "Try"
      },
      "location-before-char-start": 23879,
      "location-before-char-end": 24105,
      "location-after-char-start": 24703,
      "location-after-char-end": 24950,
      "node-str": ""
    },
    {
      "type": "move-subtree",
      "node": {
        "label": "checkSetForeignKey",
        "type": "Invocation"
      },
      "location-before-char-start": 24120,
      "location-before-char-end": 24155,
      "location-after-char-start": 24968,
      "location-after-char-end": 25003,
      "node-str": "checkSetForeignKey"
    },
    {
      "type": "move-subtree",
      "node": {
        "label": "add",
        "type": "Invocation"
      },
      "location-before-char-start": 24169,
      "location-before-char-end": 24194,
      "location-after-char-start": 25020,
      "location-after-char-end": 25045,
      "node-str": "add"
    },
    {
      "type": "update-node",
      "node": {
        "label": "java.util.Iterator",
        "type": "VARIABLE_TYPE"
      },
      "location-before-char-start": 0,
      "location-before-char-end": 0,
      "location-after-char-start": 0,
      "location-after-char-end": 0,
      "node-str": "int"
    },
    {
      "type": "move-subtree",
      "node": {
        "label": "java.util.Iterator",
        "type": "VARIABLE_TYPE"
      },
      "location-before-char-start": 0,
      "location-before-char-end": 0,
      "location-after-char-start": 0,
      "location-after-char-end": 0,
      "node-str": "int"
    },
    {
      "type": "insert-node",
      "node": {
        "label": "0",
        "type": "Literal"
      },
      "location-after-char-start": 25293,
      "location-after-char-end": 25293,
      "node-str": "0"
    },
    {
      "type": "insert-node",
      "node": {
        "label": "i",
        "type": "VariableRead"
      },
      "location-after-char-start": 25296,
      "location-after-char-end": 25296,
      "node-str": "i"
    },
    {
      "type": "update-node",
      "node": {
        "label": "iterator",
        "type": "Invocation"
      },
      "location-before-char-start": 24439,
      "location-before-char-end": 24459,
      "location-after-char-start": 25300,
      "location-after-char-end": 25316,
      "node-str": "size"
    },
    {
      "type": "move-subtree",
      "node": {
        "label": "iterator",
        "type": "Invocation"
      },
      "location-before-char-start": 24439,
      "location-before-char-end": 24459,
      "location-after-char-start": 25300,
      "location-after-char-end": 25316,
      "node-str": "size"
    },
    {
      "type": "insert-node",
      "node": {
        "label": "i",
        "type": "VariableWrite"
      },
      "location-after-char-start": 25321,
      "location-after-char-end": 25321,
      "node-str": "i"
    },
    {
      "type": "update-node",
      "node": {
        "label": "next",
        "type": "Invocation"
      },
      "location-before-char-start": 24546,
      "location-before-char-end": 24563,
      "location-after-char-start": 25381,
      "location-after-char-end": 25397,
      "node-str": "get"
    },
    {
      "type": "update-node",
      "node": {
        "label": "java.util.Iterator",
        "type": "VARIABLE_TYPE"
      },
      "location-before-char-start": 0,
      "location-before-char-end": 0,
      "location-after-char-start": 0,
      "location-after-char-end": 0,
      "node-str": "int"
    },
    {
      "type": "insert-node",
      "node": {
        "label": "0",
        "type": "Literal"
      },
      "location-after-char-start": 25524,
      "location-after-char-end": 25524,
      "node-str": "0"
    },
    {
      "type": "insert-node",
      "node": {
        "label": "i",
        "type": "VariableRead"
      },
      "location-after-char-start": 25527,
      "location-after-char-end": 25527,
      "node-str": "i"
    },
    {
      "type": "update-node",
      "node": {
        "label": "hasNext",
        "type": "Invocation"
      },
      "location-before-char-start": 24708,
      "location-before-char-end": 24721,
      "location-after-char-start": 25531,
      "location-after-char-end": 25548,
      "node-str": "size"
    },
    {
      "type": "move-subtree",
      "node": {
        "label": "hasNext",
        "type": "Invocation"
      },
      "location-before-char-start": 24708,
      "location-before-char-end": 24721,
      "location-after-char-start": 25531,
      "location-after-char-end": 25548,
      "node-str": "size"
    },
    {
      "type": "insert-node",
      "node": {
        "label": "i",
        "type": "VariableWrite"
      },
      "location-after-char-start": 25553,
      "location-after-char-end": 25553,
      "node-str": "i"
    },
    {
      "type": "update-node",
      "node": {
        "label": "next",
        "type": "Invocation"
      },
      "location-before-char-start": 24767,
      "location-before-char-end": 24777,
      "location-after-char-start": 25612,
      "location-after-char-end": 25629,
      "node-str": "get"
    },
    {
      "type": "insert-node",
      "node": {
        "label": "int",
        "type": "VARIABLE_TYPE"
      },
      "location-after-char-start": 0,
      "location-after-char-end": 0,
      "node-str": "int"
    },
    {
      "type": "insert-node",
      "node": {
        "label": "0",
        "type": "Literal"
      },
      "location-after-char-start": 25707,
      "location-after-char-end": 25707,
      "node-str": "0"
    },
    {
      "type": "update-node",
      "node": {
        "label": "newBeans",
        "type": "VariableRead"
      },
      "location-before-char-start": 24835,
      "location-before-char-end": 24842,
      "location-after-char-start": 25710,
      "location-after-char-end": 25710,
      "node-str": "i"
    },
    {
      "type": "move-subtree",
      "node": {
        "label": "newBeans",
        "type": "VariableRead"
      },
      "location-before-char-start": 24835,
      "location-before-char-end": 24842,
      "location-after-char-start": 25710,
      "location-after-char-end": 25710,
      "node-str": "i"
    },
    {
      "type": "insert-node",
      "node": {
        "label": "length",
        "type": "FieldRead"
      },
      "location-after-char-start": 25714,
      "location-after-char-end": 25729,
      "node-str": "length"
    },
    {
      "type": "insert-node",
      "node": {
        "label": "i",
        "type": "VariableWrite"
      },
      "location-after-char-start": 25734,
      "location-after-char-end": 25734,
      "node-str": "i"
    },
    {
      "type": "insert-node",
      "node": {
        "label": "",
        "type": "ArrayRead"
      },
      "location-after-char-start": 25791,
      "location-after-char-end": 25802,
      "node-str": ""
    },
    {
      "type": "insert-node",
      "node": {
        "label": "NE",
        "type": "BinaryOperator"
      },
      "location-after-char-start": 25823,
      "location-after-char-end": 25837,
      "node-str": "NE"
    },
    {
      "type": "insert-node",
      "node": {
        "label": "THEN",
        "type": "then"
      },
      "location-after-char-start": 25855,
      "location-after-char-end": 26252,
      "node-str": "THEN"
    },
    {
      "type": "insert-node",
      "node": {
        "label": "org.jboss.ejb.plugins.cmp.jdbc.bridge.JDBCCMRFieldBridge",
        "type": "TypeAccess"
      },
      "location-after-char-start": 0,
      "location-after-char-end": 0,
      "node-str": "org.jboss.ejb.plugins.cmp.jdbc.bridge.JDBCCMRFieldBridge"
    },
    {
      "type": "insert-node",
      "node": {
        "label": "\"The elements in the collection must be of type \"",
        "type": "Literal"
      },
      "location-after-char-start": 23461,
      "location-after-char-end": 23509,
      "node-str": "\"The elements in the collection must be of type \""
    },
    {
      "type": "insert-node",
      "node": {
        "label": "getName",
        "type": "Invocation"
      },
      "location-after-char-start": 23528,
      "location-after-char-end": 23570,
      "node-str": "getName"
    },
    {
      "type": "update-node",
      "node": {
        "label": "java.util.Collections",
        "type": "TypeAccess"
      },
      "location-before-char-start": 23147,
      "location-before-char-end": 23157,
      "location-after-char-start": 23696,
      "location-after-char-end": 23700,
      "node-str": "java.lang.reflect.Array"
    },
    {
      "type": "insert-node",
      "node": {
        "label": "getLocalInterface",
        "type": "Invocation"
      },
      "location-after-char-start": 23714,
      "location-after-char-end": 23746,
      "node-str": "getLocalInterface"
    },
    {
      "type": "insert-node",
      "node": {
        "label": "1",
        "type": "Literal"
      },
      "location-after-char-start": 23749,
      "location-after-char-end": 23749,
      "node-str": "1"
    },
    {
      "type": "insert-node",
      "node": {
        "label": "",
        "type": "ArrayWrite"
      },
      "location-after-char-start": 23798,
      "location-after-char-end": 23809,
      "node-str": ""
    },
    {
      "type": "insert-node",
      "node": {
        "label": "newValue",
        "type": "VariableRead"
      },
      "location-after-char-start": 23813,
      "location-after-char-end": 23837,
      "node-str": "newValue"
    },
    {
      "type": "insert-node",
      "node": {
        "label": "e",
        "type": "CatchVariable"
      },
      "location-after-char-start": 23872,
      "location-after-char-end": 23892,
      "node-str": "e"
    },
    {
      "type": "insert-node",
      "node": {
        "label": "java.lang.IllegalArgumentException(java.lang.String)",
        "type": "ConstructorCall"
      },
      "location-after-char-start": 23924,
      "location-after-char-end": 24028,
      "node-str": "java.lang.IllegalArgumentException(java.lang.String)"
    },
    {
      "type": "update-node",
      "node": {
        "label": "relatedKeys",
        "type": "VariableRead"
      },
      "location-before-char-start": 24546,
      "location-before-char-end": 24556,
      "location-after-char-start": 25381,
      "location-after-char-end": 25390,
      "node-str": "valuesCopy"
    },
    {
      "type": "insert-node",
      "node": {
        "label": "i",
        "type": "VariableRead"
      },
      "location-after-char-start": 25396,
      "location-after-char-end": 25396,
      "node-str": "i"
    },
    {
      "type": "update-node",
      "node": {
        "label": "iter",
        "type": "VariableRead"
      },
      "location-before-char-start": 24708,
      "location-before-char-end": 24711,
      "location-after-char-start": 25531,
      "location-after-char-end": 25541,
      "node-str": "newPkValues"
    },
    {
      "type": "insert-node",
      "node": {
        "label": "newPkValues",
        "type": "VariableRead"
      },
      "location-after-char-start": 25612,
      "location-after-char-end": 25622,
      "node-str": "newPkValues"
    },
    {
      "type": "update-node",
      "node": {
        "label": "iter",
        "type": "VariableRead"
      },
      "location-before-char-start": 24767,
      "location-before-char-end": 24770,
      "location-after-char-start": 25628,
      "location-after-char-end": 25628,
      "node-str": "i"
    },
    {
      "type": "insert-node",
      "node": {
        "label": "valueCopy",
        "type": "VariableRead"
      },
      "location-after-char-start": 25714,
      "location-after-char-end": 25729,
      "node-str": "valueCopy"
    },
    {
      "type": "update-node",
      "node": {
        "label": "newBeans",
        "type": "VariableRead"
      },
      "location-before-char-start": 24925,
      "location-before-char-end": 24932,
      "location-after-char-start": 25791,
      "location-after-char-end": 25799,
      "node-str": "valueCopy"
    },
    {
      "type": "move-subtree",
      "node": {
        "label": "newBeans",
        "type": "VariableRead"
      },
      "location-before-char-start": 24925,
      "location-before-char-end": 24932,
      "location-after-char-start": 25791,
      "location-after-char-end": 25799,
      "node-str": "valueCopy"
    },
    {
      "type": "insert-node",
      "node": {
        "label": "i",
        "type": "VariableRead"
      },
      "location-after-char-start": 25801,
      "location-after-char-end": 25801,
      "node-str": "i"
    },
    {
      "type": "insert-node",
      "node": {
        "label": "newBean",
        "type": "VariableRead"
      },
      "location-after-char-start": 25823,
      "location-after-char-end": 25829,
      "node-str": "newBean"
    },
    {
      "type": "insert-node",
      "node": {
        "label": "null",
        "type": "Literal"
      },
      "location-after-char-start": 25834,
      "location-after-char-end": 25837,
      "node-str": "null"
    },
    {
      "type": "move-subtree",
      "node": {
        "label": "relatedId",
        "type": "LocalVariable"
      },
      "location-before-char-start": 24957,
      "location-before-char-end": 24973,
      "location-after-char-start": 25875,
      "location-after-char-end": 25891,
      "node-str": "relatedId"
    },
    {
      "type": "move-subtree",
      "node": {
        "label": "",
        "type": "Try"
      },
      "location-before-char-start": 24990,
      "location-before-char-end": 25236,
      "location-after-char-start": 25911,
      "location-after-char-end": 26178,
      "node-str": ""
    },
    {
      "type": "move-subtree",
      "node": {
        "label": "createRelationLinks",
        "type": "Invocation"
      },
      "location-before-char-start": 25254,
      "location-before-char-end": 25291,
      "location-after-char-start": 26198,
      "location-after-char-end": 26235,
      "node-str": "createRelationLinks"
    },
    {
      "type": "insert-node",
      "node": {
        "label": "getLocalInterface",
        "type": "Invocation"
      },
      "location-after-char-start": 23528,
      "location-after-char-end": 23560,
      "node-str": "getLocalInterface"
    },
    {
      "type": "insert-node",
      "node": {
        "label": "relatedEntity",
        "type": "FieldRead"
      },
      "location-after-char-start": 23714,
      "location-after-char-end": 23726,
      "node-str": "relatedEntity"
    },
    {
      "type": "insert-node",
      "node": {
        "label": "valueCopy",
        "type": "VariableRead"
      },
      "location-after-char-start": 23798,
      "location-after-char-end": 23806,
      "node-str": "valueCopy"
    },
    {
      "type": "insert-node",
      "node": {
        "label": "0",
        "type": "Literal"
      },
      "location-after-char-start": 23808,
      "location-after-char-end": 23808,
      "node-str": "0"
    },
    {
      "type": "insert-node",
      "node": {
        "label": "java.lang.ArrayStoreException",
        "type": "VARIABLE_TYPE"
      },
      "location-after-char-start": 0,
      "location-after-char-end": 0,
      "node-str": "java.lang.ArrayStoreException"
    },
    {
      "type": "insert-node",
      "node": {
        "label": "PLUS",
        "type": "BinaryOperator"
      },
      "location-after-char-start": 23953,
      "location-after-char-end": 24026,
      "node-str": "PLUS"
    },
    {
      "type": "insert-node",
      "node": {
        "label": "relatedEntity",
        "type": "FieldRead"
      },
      "location-after-char-start": 23528,
      "location-after-char-end": 23540,
      "node-str": "relatedEntity"
    },
    {
      "type": "insert-node",
      "node": {
        "label": "org.jboss.ejb.plugins.cmp.jdbc.bridge.JDBCCMRFieldBridge",
        "type": "TypeAccess"
      },
      "location-after-char-start": 0,
      "location-after-char-end": 0,
      "node-str": "org.jboss.ejb.plugins.cmp.jdbc.bridge.JDBCCMRFieldBridge"
    },
    {
      "type": "insert-node",
      "node": {
        "label": "\"The value must be of type \"",
        "type": "Literal"
      },
      "location-after-char-start": 23953,
      "location-after-char-end": 23980,
      "node-str": "\"The value must be of type \""
    },
    {
      "type": "insert-node",
      "node": {
        "label": "getName",
        "type": "Invocation"
      },
      "location-after-char-start": 23984,
      "location-after-char-end": 24026,
      "node-str": "getName"
    },
    {
      "type": "insert-node",
      "node": {
        "label": "org.jboss.ejb.plugins.cmp.jdbc.bridge.JDBCCMRFieldBridge",
        "type": "TypeAccess"
      },
      "location-after-char-start": 0,
      "location-after-char-end": 0,
      "node-str": "org.jboss.ejb.plugins.cmp.jdbc.bridge.JDBCCMRFieldBridge"
    },
    {
      "type": "insert-node",
      "node": {
        "label": "getLocalInterface",
        "type": "Invocation"
      },
      "location-after-char-start": 23984,
      "location-after-char-end": 24016,
      "node-str": "getLocalInterface"
    },
    {
      "type": "insert-node",
      "node": {
        "label": "relatedEntity",
        "type": "FieldRead"
      },
      "location-after-char-start": 23984,
      "location-after-char-end": 23996,
      "node-str": "relatedEntity"
    },
    {
      "type": "insert-node",
      "node": {
        "label": "org.jboss.ejb.plugins.cmp.jdbc.bridge.JDBCCMRFieldBridge",
        "type": "TypeAccess"
      },
      "location-after-char-start": 0,
      "location-after-char-end": 0,
      "node-str": "org.jboss.ejb.plugins.cmp.jdbc.bridge.JDBCCMRFieldBridge"
    },
    {
      "type": "delete-node",
      "node": {
        "label": "final",
        "type": "Modifier"
      },
      "location-before-char-start": 0,
      "location-before-char-end": 0,
      "node-str": "final"
    },
    {
      "type": "delete-node",
      "node": {
        "label": "public",
        "type": "Modifier"
      },
      "location-before-char-start": 0,
      "location-before-char-end": 0,
      "node-str": "public"
    },
    {
      "type": "delete-node",
      "node": {
        "label": "void",
        "type": "RETURN_TYPE"
      },
      "location-before-char-start": 0,
      "location-before-char-end": 0,
      "node-str": "void"
    },
    {
      "type": "delete-node",
      "node": {
        "label": "public",
        "type": "Modifier"
      },
      "location-before-char-start": 0,
      "location-before-char-end": 0,
      "node-str": "public"
    },
    {
      "type": "delete-node",
      "node": {
        "label": "java.util.Collection",
        "type": "VARIABLE_TYPE"
      },
      "location-before-char-start": 0,
      "location-before-char-end": 0,
      "node-str": "java.util.Collection"
    },
    {
      "type": "delete-node",
      "node": {
        "label": "valueCopy",
        "type": "LocalVariable"
      },
      "location-before-char-start": 22937,
      "location-before-char-end": 22957,
      "node-str": "valueCopy"
    },
    {
      "type": "delete-node",
      "node": {
        "label": "java.util.ArrayList(java.util.Collection)",
        "type": "ConstructorCall"
      },
      "location-before-char-start": 23029,
      "location-before-char-end": 23063,
      "node-str": "java.util.ArrayList(java.util.Collection)"
    },
    {
      "type": "delete-node",
      "node": {
        "label": "newValue",
        "type": "VariableRead"
      },
      "location-before-char-start": 23173,
      "location-before-char-end": 23180,
      "node-str": "newValue"
    },
    {
      "type": "delete-node",
      "node": {
        "label": "java.util.Collections",
        "type": "TypeAccess"
      },
      "location-before-char-start": 23222,
      "location-before-char-end": 23232,
      "node-str": "java.util.Collections"
    },
    {
      "type": "delete-node",
      "node": {
        "label": "java.util.Iterator",
        "type": "VARIABLE_TYPE"
      },
      "location-before-char-start": 0,
      "location-before-char-end": 0,
      "node-str": "java.util.Iterator"
    },
    {
      "type": "delete-node",
      "node": {
        "label": "valueCopy",
        "type": "VariableRead"
      },
      "location-before-char-start": 23280,
      "location-before-char-end": 23288,
      "node-str": "valueCopy"
    },
    {
      "type": "delete-node",
      "node": {
        "label": "iterator",
        "type": "Invocation"
      },
      "location-before-char-start": 23280,
      "location-before-char-end": 23299,
      "node-str": "iterator"
    },
    {
      "type": "delete-node",
      "node": {
        "label": "newBeans",
        "type": "LocalVariable"
      },
      "location-before-char-start": 23260,
      "location-before-char-end": 23300,
      "node-str": "newBeans"
    },
    {
      "type": "delete-node",
      "node": {
        "label": "newBeans",
        "type": "VariableRead"
      },
      "location-before-char-start": 23675,
      "location-before-char-end": 23682,
      "node-str": "newBeans"
    },
    {
      "type": "delete-node",
      "node": {
        "label": "hasNext",
        "type": "Invocation"
      },
      "location-before-char-start": 23675,
      "location-before-char-end": 23692,
      "node-str": "hasNext"
    },
    {
      "type": "delete-node",
      "node": {
        "label": "javax.ejb.EJBLocalObject",
        "type": "VARIABLE_TYPE"
      },
      "location-before-char-start": 0,
      "location-before-char-end": 0,
      "node-str": "javax.ejb.EJBLocalObject"
    },
    {
      "type": "delete-node",
      "node": {
        "label": "newBeans",
        "type": "VariableRead"
      },
      "location-before-char-start": 23761,
      "location-before-char-end": 23768,
      "node-str": "newBeans"
    },
    {
      "type": "delete-node",
      "node": {
        "label": "next",
        "type": "Invocation"
      },
      "location-before-char-start": 23745,
      "location-before-char-end": 23775,
      "node-str": "next"
    },
    {
      "type": "delete-node",
      "node": {
        "label": "ejbObject",
        "type": "LocalVariable"
      },
      "location-before-char-start": 23718,
      "location-before-char-end": 23776,
      "node-str": "ejbObject"
    },
    {
      "type": "delete-node",
      "node": {
        "label": "continue",
        "type": "Continue"
      },
      "location-before-char-start": 23827,
      "location-before-char-end": 23835,
      "node-str": "continue"
    },
    {
      "type": "delete-node",
      "node": {
        "label": "THEN",
        "type": "then"
      },
      "location-before-char-start": 23827,
      "location-before-char-end": 23835,
      "node-str": "THEN"
    },
    {
      "type": "delete-node",
      "node": {
        "label": "if",
        "type": "If"
      },
      "location-before-char-start": 23790,
      "location-before-char-end": 23835,
      "node-str": "if"
    },
    {
      "type": "delete-node",
      "node": {
        "label": "while",
        "type": "While"
      },
      "location-before-char-start": 23669,
      "location-before-char-end": 24205,
      "node-str": "while"
    },
    {
      "type": "delete-node",
      "node": {
        "label": "relatedKeys",
        "type": "LocalVariable"
      },
      "location-before-char-start": 24416,
      "location-before-char-end": 24460,
      "node-str": "relatedKeys"
    },
    {
      "type": "delete-node",
      "node": {
        "label": "relatedKeys",
        "type": "VariableRead"
      },
      "location-before-char-start": 24480,
      "location-before-char-end": 24490,
      "node-str": "relatedKeys"
    },
    {
      "type": "delete-node",
      "node": {
        "label": "hasNext",
        "type": "Invocation"
      },
      "location-before-char-start": 24480,
      "location-before-char-end": 24500,
      "node-str": "hasNext"
    },
    {
      "type": "delete-node",
      "node": {
        "label": "while",
        "type": "While"
      },
      "location-before-char-start": 24474,
      "location-before-char-end": 24565,
      "node-str": "while"
    },
    {
      "type": "delete-node",
      "node": {
        "label": "newPkValues",
        "type": "VariableRead"
      },
      "location-before-char-start": 24684,
      "location-before-char-end": 24694,
      "node-str": "newPkValues"
    },
    {
      "type": "delete-node",
      "node": {
        "label": "iterator",
        "type": "Invocation"
      },
      "location-before-char-start": 24684,
      "location-before-char-end": 24705,
      "node-str": "iterator"
    },
    {
      "type": "delete-node",
      "node": {
        "label": "next",
        "type": "Invocation"
      },
      "location-before-char-start": 24909,
      "location-before-char-end": 24939,
      "node-str": "next"
    },
    {
      "type": "delete-node",
      "node": {
        "label": "hasNext",
        "type": "Invocation"
      },
      "location-before-char-start": 24835,
      "location-before-char-end": 24852,
      "node-str": "hasNext"
    },
    {
      "type": "delete-node",
      "node": {
        "label": "while",
        "type": "While"
      },
      "location-before-char-start": 24829,
      "location-before-char-end": 25305,
      "node-str": "while"
    }
  ],
  "before-file": {},
  "after-file": {},
  "mapping": {}
}