{
  "tool-info": {},
  "diff": [
    {
      "type": "insert-node",
      "node": {
        "label": "public",
        "type": "Modifier"
      },
      "location-after-char-start": 0,
      "location-after-char-end": 0,
      "node-str": "public"
    },
    {
      "type": "insert-node",
      "node": {
        "label": "",
        "type": "TypeReference"
      },
      "location-after-char-start": 902,
      "location-after-char-end": 907,
      "node-str": ""
    },
    {
      "type": "insert-node",
      "node": {
        "label": "csd",
        "type": "Field"
      },
      "location-after-char-start": 915,
      "location-after-char-end": 942,
      "node-str": "csd"
    },
    {
      "type": "insert-node",
      "node": {
        "label": "len",
        "type": "Field"
      },
      "location-after-char-start": 948,
      "location-after-char-end": 963,
      "node-str": "len"
    },
    {
      "type": "insert-node",
      "node": {
        "label": "sd",
        "type": "Field"
      },
      "location-after-char-start": 969,
      "location-after-char-end": 990,
      "node-str": "sd"
    },
    {
      "type": "insert-node",
      "node": {
        "label": "load",
        "type": "Field"
      },
      "location-after-char-start": 996,
      "location-after-char-end": 1017,
      "node-str": "load"
    },
    {
      "type": "insert-node",
      "node": {
        "label": "minLoad",
        "type": "Field"
      },
      "location-after-char-start": 1023,
      "location-after-char-end": 1045,
      "node-str": "minLoad"
    },
    {
      "type": "update-node",
      "node": {
        "label": "remove",
        "type": "Method"
      },
      "location-before-char-start": 2697,
      "location-before-char-end": 3220,
      "location-after-char-start": 2538,
      "location-after-char-end": 3069,
      "node-str": "removeCallback"
    },
    {
      "type": "insert-node",
      "node": {
        "label": "emptyFilter",
        "type": "Field"
      },
      "location-after-char-start": 3076,
      "location-after-char-end": 3136,
      "node-str": "emptyFilter"
    },
    {
      "type": "insert-node",
      "node": {
        "label": "get",
        "type": "Method"
      },
      "location-after-char-start": 3143,
      "location-after-char-end": 3244,
      "node-str": "get"
    },
    {
      "type": "insert-node",
      "node": {
        "label": "remove",
        "type": "Method"
      },
      "location-after-char-start": 4160,
      "location-after-char-end": 4313,
      "node-str": "remove"
    },
    {
      "type": "insert-node",
      "node": {
        "label": "org.objectweb.carol.cmi.StubLB",
        "type": "SUPER_TYPE"
      },
      "location-after-char-start": 0,
      "location-after-char-end": 0,
      "node-str": "org.objectweb.carol.cmi.StubLB"
    },
    {
      "type": "insert-node",
      "node": {
        "label": "org.objectweb.carol.cmi.ClusterStubData",
        "type": "VARIABLE_TYPE"
      },
      "location-after-char-start": 0,
      "location-after-char-end": 0,
      "node-str": "org.objectweb.carol.cmi.ClusterStubData"
    },
    {
      "type": "insert-node",
      "node": {
        "label": "int",
        "type": "VARIABLE_TYPE"
      },
      "location-after-char-start": 0,
      "location-after-char-end": 0,
      "node-str": "int"
    },
    {
      "type": "insert-node",
      "node": {
        "label": "org.objectweb.carol.cmi.StubData[]",
        "type": "VARIABLE_TYPE"
      },
      "location-after-char-start": 0,
      "location-after-char-end": 0,
      "node-str": "org.objectweb.carol.cmi.StubData[]"
    },
    {
      "type": "insert-node",
      "node": {
        "label": "double[]",
        "type": "VARIABLE_TYPE"
      },
      "location-after-char-start": 0,
      "location-after-char-end": 0,
      "node-str": "double[]"
    },
    {
      "type": "insert-node",
      "node": {
        "label": "double",
        "type": "VARIABLE_TYPE"
      },
      "location-after-char-start": 0,
      "location-after-char-end": 0,
      "node-str": "double"
    },
    {
      "type": "insert-node",
      "node": {
        "label": "org.objectweb.carol.cmi.StubLBFilter",
        "type": "VARIABLE_TYPE"
      },
      "location-after-char-start": 0,
      "location-after-char-end": 0,
      "node-str": "org.objectweb.carol.cmi.StubLBFilter"
    },
    {
      "type": "insert-node",
      "node": {
        "label": "static",
        "type": "Modifier"
      },
      "location-after-char-start": 0,
      "location-after-char-end": 0,
      "node-str": "static"
    },
    {
      "type": "insert-node",
      "node": {
        "label": "org.objectweb.carol.cmi.StubLBFilter()",
        "type": "ConstructorCall"
      },
      "location-after-char-start": 3118,
      "location-after-char-end": 3135,
      "node-str": "org.objectweb.carol.cmi.StubLBFilter()"
    },
    {
      "type": "insert-node",
      "node": {
        "label": "org.objectweb.carol.cmi.StubData",
        "type": "RETURN_TYPE"
      },
      "location-after-char-start": 0,
      "location-after-char-end": 0,
      "node-str": "org.objectweb.carol.cmi.StubData"
    },
    {
      "type": "insert-node",
      "node": {
        "label": "org.objectweb.carol.cmi.NoMoreStubException",
        "type": "THROWS"
      },
      "location-after-char-start": 0,
      "location-after-char-end": 0,
      "node-str": "org.objectweb.carol.cmi.NoMoreStubException"
    },
    {
      "type": "insert-node",
      "node": {
        "label": "public",
        "type": "Modifier"
      },
      "location-after-char-start": 0,
      "location-after-char-end": 0,
      "node-str": "public"
    },
    {
      "type": "insert-node",
      "node": {
        "label": "synchronized",
        "type": "Modifier"
      },
      "location-after-char-start": 0,
      "location-after-char-end": 0,
      "node-str": "synchronized"
    },
    {
      "type": "insert-node",
      "node": {
        "label": "return",
        "type": "Return"
      },
      "location-after-char-start": 3215,
      "location-after-char-end": 3238,
      "node-str": "return"
    },
    {
      "type": "insert-node",
      "node": {
        "label": "org.objectweb.carol.cmi.StubData",
        "type": "RETURN_TYPE"
      },
      "location-after-char-start": 0,
      "location-after-char-end": 0,
      "node-str": "org.objectweb.carol.cmi.StubData"
    },
    {
      "type": "insert-node",
      "node": {
        "label": "org.objectweb.carol.cmi.NoMoreStubException",
        "type": "THROWS"
      },
      "location-after-char-start": 0,
      "location-after-char-end": 0,
      "node-str": "org.objectweb.carol.cmi.NoMoreStubException"
    },
    {
      "type": "insert-node",
      "node": {
        "label": "public",
        "type": "Modifier"
      },
      "location-after-char-start": 0,
      "location-after-char-end": 0,
      "node-str": "public"
    },
    {
      "type": "insert-node",
      "node": {
        "label": "synchronized",
        "type": "Modifier"
      },
      "location-after-char-start": 0,
      "location-after-char-end": 0,
      "node-str": "synchronized"
    },
    {
      "type": "insert-node",
      "node": {
        "label": "f",
        "type": "Parameter"
      },
      "location-after-char-start": 3284,
      "location-after-char-end": 3297,
      "node-str": "f"
    },
    {
      "type": "insert-node",
      "node": {
        "label": "min",
        "type": "LocalVariable"
      },
      "location-after-char-start": 3337,
      "location-after-char-end": 3366,
      "node-str": "min"
    },
    {
      "type": "insert-node",
      "node": {
        "label": "minOk",
        "type": "LocalVariable"
      },
      "location-after-char-start": 3376,
      "location-after-char-end": 3407,
      "node-str": "minOk"
    },
    {
      "type": "insert-node",
      "node": {
        "label": "index",
        "type": "LocalVariable"
      },
      "location-after-char-start": 3417,
      "location-after-char-end": 3431,
      "node-str": "index"
    },
    {
      "type": "insert-node",
      "node": {
        "label": "",
        "type": "For"
      },
      "location-after-char-start": 3441,
      "location-after-char-end": 3752,
      "node-str": ""
    },
    {
      "type": "insert-node",
      "node": {
        "label": "if",
        "type": "If"
      },
      "location-after-char-start": 3763,
      "location-after-char-end": 3833,
      "node-str": "if"
    },
    {
      "type": "insert-node",
      "node": {
        "label": "s",
        "type": "LocalVariable"
      },
      "location-after-char-start": 4067,
      "location-after-char-end": 4089,
      "node-str": "s"
    },
    {
      "type": "insert-node",
      "node": {
        "label": "",
        "type": "OperatorAssignment"
      },
      "location-after-char-start": 4099,
      "location-after-char-end": 4129,
      "node-str": ""
    },
    {
      "type": "insert-node",
      "node": {
        "label": "return",
        "type": "Return"
      },
      "location-after-char-start": 4139,
      "location-after-char-end": 4147,
      "node-str": "return"
    },
    {
      "type": "insert-node",
      "node": {
        "label": "void",
        "type": "RETURN_TYPE"
      },
      "location-after-char-start": 0,
      "location-after-char-end": 0,
      "node-str": "void"
    },
    {
      "type": "insert-node",
      "node": {
        "label": "public",
        "type": "Modifier"
      },
      "location-after-char-start": 0,
      "location-after-char-end": 0,
      "node-str": "public"
    },
    {
      "type": "insert-node",
      "node": {
        "label": "s",
        "type": "Parameter"
      },
      "location-after-char-start": 4264,
      "location-after-char-end": 4273,
      "node-str": "s"
    },
    {
      "type": "insert-node",
      "node": {
        "label": "removeStubData",
        "type": "Invocation"
      },
      "location-after-char-start": 4286,
      "location-after-char-end": 4307,
      "node-str": "removeStubData"
    },
    {
      "type": "insert-node",
      "node": {
        "label": "get",
        "type": "Invocation"
      },
      "location-after-char-start": 3222,
      "location-after-char-end": 3237,
      "node-str": "get"
    },
    {
      "type": "insert-node",
      "node": {
        "label": "org.objectweb.carol.cmi.StubLBFilter",
        "type": "VARIABLE_TYPE"
      },
      "location-after-char-start": 0,
      "location-after-char-end": 0,
      "node-str": "org.objectweb.carol.cmi.StubLBFilter"
    },
    {
      "type": "insert-node",
      "node": {
        "label": "double",
        "type": "VARIABLE_TYPE"
      },
      "location-after-char-start": 0,
      "location-after-char-end": 0,
      "node-str": "double"
    },
    {
      "type": "insert-node",
      "node": {
        "label": "MAX_VALUE",
        "type": "FieldRead"
      },
      "location-after-char-start": 3350,
      "location-after-char-end": 3365,
      "node-str": "MAX_VALUE"
    },
    {
      "type": "insert-node",
      "node": {
        "label": "double",
        "type": "VARIABLE_TYPE"
      },
      "location-after-char-start": 0,
      "location-after-char-end": 0,
      "node-str": "double"
    },
    {
      "type": "insert-node",
      "node": {
        "label": "MAX_VALUE",
        "type": "FieldRead"
      },
      "location-after-char-start": 3391,
      "location-after-char-end": 3406,
      "node-str": "MAX_VALUE"
    },
    {
      "type": "insert-node",
      "node": {
        "label": "int",
        "type": "VARIABLE_TYPE"
      },
      "location-after-char-start": 0,
      "location-after-char-end": 0,
      "node-str": "int"
    },
    {
      "type": "insert-node",
      "node": {
        "label": "NEG",
        "type": "UnaryOperator"
      },
      "location-after-char-start": 3429,
      "location-after-char-end": 3430,
      "node-str": "NEG"
    },
    {
      "type": "insert-node",
      "node": {
        "label": "i",
        "type": "LocalVariable"
      },
      "location-after-char-start": 3446,
      "location-after-char-end": 3452,
      "node-str": "i"
    },
    {
      "type": "insert-node",
      "node": {
        "label": "LT",
        "type": "BinaryOperator"
      },
      "location-after-char-start": 3455,
      "location-after-char-end": 3459,
      "node-str": "LT"
    },
    {
      "type": "insert-node",
      "node": {
        "label": "POSTINC",
        "type": "UnaryOperator"
      },
      "location-after-char-start": 3462,
      "location-after-char-end": 3464,
      "node-str": "POSTINC"
    },
    {
      "type": "insert-node",
      "node": {
        "label": "l",
        "type": "LocalVariable"
      },
      "location-after-char-start": 3481,
      "location-after-char-end": 3499,
      "node-str": "l"
    },
    {
      "type": "insert-node",
      "node": {
        "label": "if",
        "type": "If"
      },
      "location-after-char-start": 3513,
      "location-after-char-end": 3742,
      "node-str": "if"
    },
    {
      "type": "insert-node",
      "node": {
        "label": "LT",
        "type": "BinaryOperator"
      },
      "location-after-char-start": 3767,
      "location-after-char-end": 3775,
      "node-str": "LT"
    },
    {
      "type": "insert-node",
      "node": {
        "label": "THEN",
        "type": "then"
      },
      "location-after-char-start": 3778,
      "location-after-char-end": 3833,
      "node-str": "THEN"
    },
    {
      "type": "insert-node",
      "node": {
        "label": "org.objectweb.carol.cmi.StubData",
        "type": "VARIABLE_TYPE"
      },
      "location-after-char-start": 0,
      "location-after-char-end": 0,
      "node-str": "org.objectweb.carol.cmi.StubData"
    },
    {
      "type": "insert-node",
      "node": {
        "label": "",
        "type": "ArrayRead"
      },
      "location-after-char-start": 4080,
      "location-after-char-end": 4088,
      "node-str": ""
    },
    {
      "type": "insert-node",
      "node": {
        "label": "",
        "type": "ArrayWrite"
      },
      "location-after-char-start": 4099,
      "location-after-char-end": 4109,
      "node-str": ""
    },
    {
      "type": "insert-node",
      "node": {
        "label": "getLoadIncr",
        "type": "Invocation"
      },
      "location-after-char-start": 4114,
      "location-after-char-end": 4128,
      "node-str": "getLoadIncr"
    },
    {
      "type": "insert-node",
      "node": {
        "label": "s",
        "type": "VariableRead"
      },
      "location-after-char-start": 4146,
      "location-after-char-end": 4146,
      "node-str": "s"
    },
    {
      "type": "insert-node",
      "node": {
        "label": "org.objectweb.carol.cmi.StubData",
        "type": "VARIABLE_TYPE"
      },
      "location-after-char-start": 0,
      "location-after-char-end": 0,
      "node-str": "org.objectweb.carol.cmi.StubData"
    },
    {
      "type": "insert-node",
      "node": {
        "label": "csd",
        "type": "FieldRead"
      },
      "location-after-char-start": 4286,
      "location-after-char-end": 4288,
      "node-str": "csd"
    },
    {
      "type": "insert-node",
      "node": {
        "label": "s",
        "type": "VariableRead"
      },
      "location-after-char-start": 4305,
      "location-after-char-end": 4305,
      "node-str": "s"
    },
    {
      "type": "insert-node",
      "node": {
        "label": "org.objectweb.carol.cmi.RoundRobin",
        "type": "TypeAccess"
      },
      "location-after-char-start": 0,
      "location-after-char-end": 0,
      "node-str": "org.objectweb.carol.cmi.RoundRobin"
    },
    {
      "type": "insert-node",
      "node": {
        "label": "emptyFilter",
        "type": "FieldRead"
      },
      "location-after-char-start": 3226,
      "location-after-char-end": 3236,
      "node-str": "emptyFilter"
    },
    {
      "type": "insert-node",
      "node": {
        "label": "java.lang.Double",
        "type": "TypeAccess"
      },
      "location-after-char-start": 3350,
      "location-after-char-end": 3355,
      "node-str": "java.lang.Double"
    },
    {
      "type": "insert-node",
      "node": {
        "label": "java.lang.Double",
        "type": "TypeAccess"
      },
      "location-after-char-start": 3391,
      "location-after-char-end": 3396,
      "node-str": "java.lang.Double"
    },
    {
      "type": "insert-node",
      "node": {
        "label": "1",
        "type": "Literal"
      },
      "location-after-char-start": 3430,
      "location-after-char-end": 3430,
      "node-str": "1"
    },
    {
      "type": "insert-node",
      "node": {
        "label": "int",
        "type": "VARIABLE_TYPE"
      },
      "location-after-char-start": 0,
      "location-after-char-end": 0,
      "node-str": "int"
    },
    {
      "type": "insert-node",
      "node": {
        "label": "0",
        "type": "Literal"
      },
      "location-after-char-start": 3452,
      "location-after-char-end": 3452,
      "node-str": "0"
    },
    {
      "type": "insert-node",
      "node": {
        "label": "i",
        "type": "VariableRead"
      },
      "location-after-char-start": 3455,
      "location-after-char-end": 3455,
      "node-str": "i"
    },
    {
      "type": "insert-node",
      "node": {
        "label": "len",
        "type": "FieldRead"
      },
      "location-after-char-start": 3457,
      "location-after-char-end": 3459,
      "node-str": "len"
    },
    {
      "type": "insert-node",
      "node": {
        "label": "i",
        "type": "VariableWrite"
      },
      "location-after-char-start": 3462,
      "location-after-char-end": 3462,
      "node-str": "i"
    },
    {
      "type": "insert-node",
      "node": {
        "label": "double",
        "type": "VARIABLE_TYPE"
      },
      "location-after-char-start": 0,
      "location-after-char-end": 0,
      "node-str": "double"
    },
    {
      "type": "insert-node",
      "node": {
        "label": "",
        "type": "ArrayRead"
      },
      "location-after-char-start": 3492,
      "location-after-char-end": 3498,
      "node-str": ""
    },
    {
      "type": "insert-node",
      "node": {
        "label": "LT",
        "type": "BinaryOperator"
      },
      "location-after-char-start": 3517,
      "location-after-char-end": 3525,
      "node-str": "LT"
    },
    {
      "type": "insert-node",
      "node": {
        "label": "THEN",
        "type": "then"
      },
      "location-after-char-start": 3528,
      "location-after-char-end": 3742,
      "node-str": "THEN"
    },
    {
      "type": "insert-node",
      "node": {
        "label": "index",
        "type": "VariableRead"
      },
      "location-after-char-start": 3767,
      "location-after-char-end": 3771,
      "node-str": "index"
    },
    {
      "type": "insert-node",
      "node": {
        "label": "0",
        "type": "Literal"
      },
      "location-after-char-start": 3775,
      "location-after-char-end": 3775,
      "node-str": "0"
    },
    {
      "type": "insert-node",
      "node": {
        "label": "",
        "type": "Throw"
      },
      "location-after-char-start": 3792,
      "location-after-char-end": 3823,
      "node-str": ""
    },
    {
      "type": "insert-node",
      "node": {
        "label": "sd",
        "type": "FieldRead"
      },
      "location-after-char-start": 4080,
      "location-after-char-end": 4081,
      "node-str": "sd"
    },
    {
      "type": "insert-node",
      "node": {
        "label": "index",
        "type": "VariableRead"
      },
      "location-after-char-start": 4083,
      "location-after-char-end": 4087,
      "node-str": "index"
    },
    {
      "type": "insert-node",
      "node": {
        "label": "load",
        "type": "FieldRead"
      },
      "location-after-char-start": 4099,
      "location-after-char-end": 4102,
      "node-str": "load"
    },
    {
      "type": "insert-node",
      "node": {
        "label": "index",
        "type": "VariableRead"
      },
      "location-after-char-start": 4104,
      "location-after-char-end": 4108,
      "node-str": "index"
    },
    {
      "type": "insert-node",
      "node": {
        "label": "s",
        "type": "VariableRead"
      },
      "location-after-char-start": 4114,
      "location-after-char-end": 4114,
      "node-str": "s"
    },
    {
      "type": "insert-node",
      "node": {
        "label": "org.objectweb.carol.cmi.RoundRobin",
        "type": "TypeAccess"
      },
      "location-after-char-start": 0,
      "location-after-char-end": 0,
      "node-str": "org.objectweb.carol.cmi.RoundRobin"
    },
    {
      "type": "insert-node",
      "node": {
        "label": "org.objectweb.carol.cmi.RoundRobin",
        "type": "TypeAccess"
      },
      "location-after-char-start": 0,
      "location-after-char-end": 0,
      "node-str": "org.objectweb.carol.cmi.RoundRobin"
    },
    {
      "type": "insert-node",
      "node": {
        "label": "load",
        "type": "FieldRead"
      },
      "location-after-char-start": 3492,
      "location-after-char-end": 3495,
      "node-str": "load"
    },
    {
      "type": "insert-node",
      "node": {
        "label": "i",
        "type": "VariableRead"
      },
      "location-after-char-start": 3497,
      "location-after-char-end": 3497,
      "node-str": "i"
    },
    {
      "type": "insert-node",
      "node": {
        "label": "l",
        "type": "VariableRead"
      },
      "location-after-char-start": 3517,
      "location-after-char-end": 3517,
      "node-str": "l"
    },
    {
      "type": "insert-node",
      "node": {
        "label": "minOk",
        "type": "VariableRead"
      },
      "location-after-char-start": 3521,
      "location-after-char-end": 3525,
      "node-str": "minOk"
    },
    {
      "type": "insert-node",
      "node": {
        "label": "if",
        "type": "If"
      },
      "location-after-char-start": 3546,
      "location-after-char-end": 3650,
      "node-str": "if"
    },
    {
      "type": "insert-node",
      "node": {
        "label": "if",
        "type": "If"
      },
      "location-after-char-start": 3668,
      "location-after-char-end": 3728,
      "node-str": "if"
    },
    {
      "type": "insert-node",
      "node": {
        "label": "org.objectweb.carol.cmi.NoMoreStubException()",
        "type": "ConstructorCall"
      },
      "location-after-char-start": 3798,
      "location-after-char-end": 3822,
      "node-str": "org.objectweb.carol.cmi.NoMoreStubException()"
    },
    {
      "type": "insert-node",
      "node": {
        "label": "org.objectweb.carol.cmi.RoundRobin",
        "type": "TypeAccess"
      },
      "location-after-char-start": 0,
      "location-after-char-end": 0,
      "node-str": "org.objectweb.carol.cmi.RoundRobin"
    },
    {
      "type": "insert-node",
      "node": {
        "label": "org.objectweb.carol.cmi.RoundRobin",
        "type": "TypeAccess"
      },
      "location-after-char-start": 0,
      "location-after-char-end": 0,
      "node-str": "org.objectweb.carol.cmi.RoundRobin"
    },
    {
      "type": "insert-node",
      "node": {
        "label": "org.objectweb.carol.cmi.RoundRobin",
        "type": "TypeAccess"
      },
      "location-after-char-start": 0,
      "location-after-char-end": 0,
      "node-str": "org.objectweb.carol.cmi.RoundRobin"
    },
    {
      "type": "insert-node",
      "node": {
        "label": "NOT",
        "type": "UnaryOperator"
      },
      "location-after-char-start": 3550,
      "location-after-char-end": 3567,
      "node-str": "NOT"
    },
    {
      "type": "insert-node",
      "node": {
        "label": "THEN",
        "type": "then"
      },
      "location-after-char-start": 3570,
      "location-after-char-end": 3650,
      "node-str": "THEN"
    },
    {
      "type": "insert-node",
      "node": {
        "label": "LT",
        "type": "BinaryOperator"
      },
      "location-after-char-start": 3672,
      "location-after-char-end": 3678,
      "node-str": "LT"
    },
    {
      "type": "insert-node",
      "node": {
        "label": "THEN",
        "type": "then"
      },
      "location-after-char-start": 3681,
      "location-after-char-end": 3728,
      "node-str": "THEN"
    },
    {
      "type": "insert-node",
      "node": {
        "label": "contains",
        "type": "Invocation"
      },
      "location-after-char-start": 3551,
      "location-after-char-end": 3567,
      "node-str": "contains"
    },
    {
      "type": "insert-node",
      "node": {
        "label": "\u003d",
        "type": "Assignment"
      },
      "location-after-char-start": 3592,
      "location-after-char-end": 3601,
      "node-str": "\u003d"
    },
    {
      "type": "insert-node",
      "node": {
        "label": "\u003d",
        "type": "Assignment"
      },
      "location-after-char-start": 3623,
      "location-after-char-end": 3632,
      "node-str": "\u003d"
    },
    {
      "type": "insert-node",
      "node": {
        "label": "l",
        "type": "VariableRead"
      },
      "location-after-char-start": 3672,
      "location-after-char-end": 3672,
      "node-str": "l"
    },
    {
      "type": "insert-node",
      "node": {
        "label": "min",
        "type": "VariableRead"
      },
      "location-after-char-start": 3676,
      "location-after-char-end": 3678,
      "node-str": "min"
    },
    {
      "type": "insert-node",
      "node": {
        "label": "\u003d",
        "type": "Assignment"
      },
      "location-after-char-start": 3703,
      "location-after-char-end": 3710,
      "node-str": "\u003d"
    },
    {
      "type": "insert-node",
      "node": {
        "label": "f",
        "type": "VariableRead"
      },
      "location-after-char-start": 3551,
      "location-after-char-end": 3551,
      "node-str": "f"
    },
    {
      "type": "insert-node",
      "node": {
        "label": "",
        "type": "ArrayRead"
      },
      "location-after-char-start": 3562,
      "location-after-char-end": 3566,
      "node-str": ""
    },
    {
      "type": "insert-node",
      "node": {
        "label": "minOk",
        "type": "VariableWrite"
      },
      "location-after-char-start": 3592,
      "location-after-char-end": 3596,
      "node-str": "minOk"
    },
    {
      "type": "insert-node",
      "node": {
        "label": "l",
        "type": "VariableRead"
      },
      "location-after-char-start": 3600,
      "location-after-char-end": 3600,
      "node-str": "l"
    },
    {
      "type": "insert-node",
      "node": {
        "label": "index",
        "type": "VariableWrite"
      },
      "location-after-char-start": 3623,
      "location-after-char-end": 3627,
      "node-str": "index"
    },
    {
      "type": "insert-node",
      "node": {
        "label": "i",
        "type": "VariableRead"
      },
      "location-after-char-start": 3631,
      "location-after-char-end": 3631,
      "node-str": "i"
    },
    {
      "type": "insert-node",
      "node": {
        "label": "min",
        "type": "VariableWrite"
      },
      "location-after-char-start": 3703,
      "location-after-char-end": 3705,
      "node-str": "min"
    },
    {
      "type": "insert-node",
      "node": {
        "label": "l",
        "type": "VariableRead"
      },
      "location-after-char-start": 3709,
      "location-after-char-end": 3709,
      "node-str": "l"
    },
    {
      "type": "insert-node",
      "node": {
        "label": "sd",
        "type": "FieldRead"
      },
      "location-after-char-start": 3562,
      "location-after-char-end": 3563,
      "node-str": "sd"
    },
    {
      "type": "insert-node",
      "node": {
        "label": "i",
        "type": "VariableRead"
      },
      "location-after-char-start": 3565,
      "location-after-char-end": 3565,
      "node-str": "i"
    },
    {
      "type": "insert-node",
      "node": {
        "label": "org.objectweb.carol.cmi.RoundRobin",
        "type": "TypeAccess"
      },
      "location-after-char-start": 0,
      "location-after-char-end": 0,
      "node-str": "org.objectweb.carol.cmi.RoundRobin"
    },
    {
      "type": "delete-node",
      "node": {
        "label": "public",
        "type": "Modifier"
      },
      "location-before-char-start": 0,
      "location-before-char-end": 0,
      "node-str": "public"
    },
    {
      "type": "delete-node",
      "node": {
        "label": "org.objectweb.carol.cmi.StubLB",
        "type": "SUPER_TYPE"
      },
      "location-before-char-start": 0,
      "location-before-char-end": 0,
      "node-str": "org.objectweb.carol.cmi.StubLB"
    },
    {
      "type": "delete-node",
      "node": {
        "label": "",
        "type": "TypeReference"
      },
      "location-before-char-start": 926,
      "location-before-char-end": 931,
      "node-str": ""
    },
    {
      "type": "delete-node",
      "node": {
        "label": "org.objectweb.carol.cmi.ClusterStubData",
        "type": "VARIABLE_TYPE"
      },
      "location-before-char-start": 0,
      "location-before-char-end": 0,
      "node-str": "org.objectweb.carol.cmi.ClusterStubData"
    },
    {
      "type": "delete-node",
      "node": {
        "label": "csd",
        "type": "Field"
      },
      "location-before-char-start": 939,
      "location-before-char-end": 966,
      "node-str": "csd"
    },
    {
      "type": "delete-node",
      "node": {
        "label": "int",
        "type": "VARIABLE_TYPE"
      },
      "location-before-char-start": 0,
      "location-before-char-end": 0,
      "node-str": "int"
    },
    {
      "type": "delete-node",
      "node": {
        "label": "len",
        "type": "Field"
      },
      "location-before-char-start": 972,
      "location-before-char-end": 987,
      "node-str": "len"
    },
    {
      "type": "delete-node",
      "node": {
        "label": "org.objectweb.carol.cmi.StubData[]",
        "type": "VARIABLE_TYPE"
      },
      "location-before-char-start": 0,
      "location-before-char-end": 0,
      "node-str": "org.objectweb.carol.cmi.StubData[]"
    },
    {
      "type": "delete-node",
      "node": {
        "label": "sd",
        "type": "Field"
      },
      "location-before-char-start": 993,
      "location-before-char-end": 1014,
      "node-str": "sd"
    },
    {
      "type": "delete-node",
      "node": {
        "label": "double[]",
        "type": "VARIABLE_TYPE"
      },
      "location-before-char-start": 0,
      "location-before-char-end": 0,
      "node-str": "double[]"
    },
    {
      "type": "delete-node",
      "node": {
        "label": "load",
        "type": "Field"
      },
      "location-before-char-start": 1020,
      "location-before-char-end": 1041,
      "node-str": "load"
    },
    {
      "type": "delete-node",
      "node": {
        "label": "double",
        "type": "VARIABLE_TYPE"
      },
      "location-before-char-start": 0,
      "location-before-char-end": 0,
      "node-str": "double"
    },
    {
      "type": "delete-node",
      "node": {
        "label": "minLoad",
        "type": "Field"
      },
      "location-before-char-start": 1047,
      "location-before-char-end": 1069,
      "node-str": "minLoad"
    },
    {
      "type": "delete-node",
      "node": {
        "label": "org.objectweb.carol.cmi.StubLBFilter",
        "type": "VARIABLE_TYPE"
      },
      "location-before-char-start": 0,
      "location-before-char-end": 0,
      "node-str": "org.objectweb.carol.cmi.StubLBFilter"
    },
    {
      "type": "delete-node",
      "node": {
        "label": "static",
        "type": "Modifier"
      },
      "location-before-char-start": 0,
      "location-before-char-end": 0,
      "node-str": "static"
    },
    {
      "type": "delete-node",
      "node": {
        "label": "org.objectweb.carol.cmi.StubLBFilter()",
        "type": "ConstructorCall"
      },
      "location-before-char-start": 3269,
      "location-before-char-end": 3286,
      "node-str": "org.objectweb.carol.cmi.StubLBFilter()"
    },
    {
      "type": "delete-node",
      "node": {
        "label": "emptyFilter",
        "type": "Field"
      },
      "location-before-char-start": 3227,
      "location-before-char-end": 3287,
      "node-str": "emptyFilter"
    },
    {
      "type": "delete-node",
      "node": {
        "label": "java.rmi.Remote",
        "type": "RETURN_TYPE"
      },
      "location-before-char-start": 0,
      "location-before-char-end": 0,
      "node-str": "java.rmi.Remote"
    },
    {
      "type": "delete-node",
      "node": {
        "label": "org.objectweb.carol.cmi.NoMoreStubException",
        "type": "THROWS"
      },
      "location-before-char-start": 0,
      "location-before-char-end": 0,
      "node-str": "org.objectweb.carol.cmi.NoMoreStubException"
    },
    {
      "type": "delete-node",
      "node": {
        "label": "public",
        "type": "Modifier"
      },
      "location-before-char-start": 0,
      "location-before-char-end": 0,
      "node-str": "public"
    },
    {
      "type": "delete-node",
      "node": {
        "label": "synchronized",
        "type": "Modifier"
      },
      "location-before-char-start": 0,
      "location-before-char-end": 0,
      "node-str": "synchronized"
    },
    {
      "type": "delete-node",
      "node": {
        "label": "org.objectweb.carol.cmi.RoundRobin",
        "type": "TypeAccess"
      },
      "location-before-char-start": 0,
      "location-before-char-end": 0,
      "node-str": "org.objectweb.carol.cmi.RoundRobin"
    },
    {
      "type": "delete-node",
      "node": {
        "label": "emptyFilter",
        "type": "FieldRead"
      },
      "location-before-char-start": 3375,
      "location-before-char-end": 3385,
      "node-str": "emptyFilter"
    },
    {
      "type": "delete-node",
      "node": {
        "label": "get",
        "type": "Invocation"
      },
      "location-before-char-start": 3371,
      "location-before-char-end": 3386,
      "node-str": "get"
    },
    {
      "type": "delete-node",
      "node": {
        "label": "return",
        "type": "Return"
      },
      "location-before-char-start": 3364,
      "location-before-char-end": 3387,
      "node-str": "return"
    },
    {
      "type": "delete-node",
      "node": {
        "label": "get",
        "type": "Method"
      },
      "location-before-char-start": 3294,
      "location-before-char-end": 3393,
      "node-str": "get"
    },
    {
      "type": "delete-node",
      "node": {
        "label": "java.rmi.Remote",
        "type": "RETURN_TYPE"
      },
      "location-before-char-start": 0,
      "location-before-char-end": 0,
      "node-str": "java.rmi.Remote"
    },
    {
      "type": "delete-node",
      "node": {
        "label": "org.objectweb.carol.cmi.NoMoreStubException",
        "type": "THROWS"
      },
      "location-before-char-start": 0,
      "location-before-char-end": 0,
      "node-str": "org.objectweb.carol.cmi.NoMoreStubException"
    },
    {
      "type": "delete-node",
      "node": {
        "label": "public",
        "type": "Modifier"
      },
      "location-before-char-start": 0,
      "location-before-char-end": 0,
      "node-str": "public"
    },
    {
      "type": "delete-node",
      "node": {
        "label": "synchronized",
        "type": "Modifier"
      },
      "location-before-char-start": 0,
      "location-before-char-end": 0,
      "node-str": "synchronized"
    },
    {
      "type": "delete-node",
      "node": {
        "label": "org.objectweb.carol.cmi.StubLBFilter",
        "type": "VARIABLE_TYPE"
      },
      "location-before-char-start": 0,
      "location-before-char-end": 0,
      "node-str": "org.objectweb.carol.cmi.StubLBFilter"
    },
    {
      "type": "delete-node",
      "node": {
        "label": "f",
        "type": "Parameter"
      },
      "location-before-char-start": 3431,
      "location-before-char-end": 3444,
      "node-str": "f"
    },
    {
      "type": "delete-node",
      "node": {
        "label": "double",
        "type": "VARIABLE_TYPE"
      },
      "location-before-char-start": 0,
      "location-before-char-end": 0,
      "node-str": "double"
    },
    {
      "type": "delete-node",
      "node": {
        "label": "java.lang.Double",
        "type": "TypeAccess"
      },
      "location-before-char-start": 3497,
      "location-before-char-end": 3502,
      "node-str": "java.lang.Double"
    },
    {
      "type": "delete-node",
      "node": {
        "label": "MAX_VALUE",
        "type": "FieldRead"
      },
      "location-before-char-start": 3497,
      "location-before-char-end": 3512,
      "node-str": "MAX_VALUE"
    },
    {
      "type": "delete-node",
      "node": {
        "label": "min",
        "type": "LocalVariable"
      },
      "location-before-char-start": 3484,
      "location-before-char-end": 3513,
      "node-str": "min"
    },
    {
      "type": "delete-node",
      "node": {
        "label": "double",
        "type": "VARIABLE_TYPE"
      },
      "location-before-char-start": 0,
      "location-before-char-end": 0,
      "node-str": "double"
    },
    {
      "type": "delete-node",
      "node": {
        "label": "java.lang.Double",
        "type": "TypeAccess"
      },
      "location-before-char-start": 3538,
      "location-before-char-end": 3543,
      "node-str": "java.lang.Double"
    },
    {
      "type": "delete-node",
      "node": {
        "label": "MAX_VALUE",
        "type": "FieldRead"
      },
      "location-before-char-start": 3538,
      "location-before-char-end": 3553,
      "node-str": "MAX_VALUE"
    },
    {
      "type": "delete-node",
      "node": {
        "label": "minOk",
        "type": "LocalVariable"
      },
      "location-before-char-start": 3523,
      "location-before-char-end": 3554,
      "node-str": "minOk"
    },
    {
      "type": "delete-node",
      "node": {
        "label": "int",
        "type": "VARIABLE_TYPE"
      },
      "location-before-char-start": 0,
      "location-before-char-end": 0,
      "node-str": "int"
    },
    {
      "type": "delete-node",
      "node": {
        "label": "1",
        "type": "Literal"
      },
      "location-before-char-start": 3577,
      "location-before-char-end": 3577,
      "node-str": "1"
    },
    {
      "type": "delete-node",
      "node": {
        "label": "NEG",
        "type": "UnaryOperator"
      },
      "location-before-char-start": 3576,
      "location-before-char-end": 3577,
      "node-str": "NEG"
    },
    {
      "type": "delete-node",
      "node": {
        "label": "index",
        "type": "LocalVariable"
      },
      "location-before-char-start": 3564,
      "location-before-char-end": 3578,
      "node-str": "index"
    },
    {
      "type": "delete-node",
      "node": {
        "label": "int",
        "type": "VARIABLE_TYPE"
      },
      "location-before-char-start": 0,
      "location-before-char-end": 0,
      "node-str": "int"
    },
    {
      "type": "delete-node",
      "node": {
        "label": "0",
        "type": "Literal"
      },
      "location-before-char-start": 3599,
      "location-before-char-end": 3599,
      "node-str": "0"
    },
    {
      "type": "delete-node",
      "node": {
        "label": "i",
        "type": "LocalVariable"
      },
      "location-before-char-start": 3593,
      "location-before-char-end": 3599,
      "node-str": "i"
    },
    {
      "type": "delete-node",
      "node": {
        "label": "i",
        "type": "VariableRead"
      },
      "location-before-char-start": 3602,
      "location-before-char-end": 3602,
      "node-str": "i"
    },
    {
      "type": "delete-node",
      "node": {
        "label": "org.objectweb.carol.cmi.RoundRobin",
        "type": "TypeAccess"
      },
      "location-before-char-start": 0,
      "location-before-char-end": 0,
      "node-str": "org.objectweb.carol.cmi.RoundRobin"
    },
    {
      "type": "delete-node",
      "node": {
        "label": "len",
        "type": "FieldRead"
      },
      "location-before-char-start": 3604,
      "location-before-char-end": 3606,
      "node-str": "len"
    },
    {
      "type": "delete-node",
      "node": {
        "label": "LT",
        "type": "BinaryOperator"
      },
      "location-before-char-start": 3602,
      "location-before-char-end": 3606,
      "node-str": "LT"
    },
    {
      "type": "delete-node",
      "node": {
        "label": "i",
        "type": "VariableWrite"
      },
      "location-before-char-start": 3609,
      "location-before-char-end": 3609,
      "node-str": "i"
    },
    {
      "type": "delete-node",
      "node": {
        "label": "POSTINC",
        "type": "UnaryOperator"
      },
      "location-before-char-start": 3609,
      "location-before-char-end": 3611,
      "node-str": "POSTINC"
    },
    {
      "type": "delete-node",
      "node": {
        "label": "double",
        "type": "VARIABLE_TYPE"
      },
      "location-before-char-start": 0,
      "location-before-char-end": 0,
      "node-str": "double"
    },
    {
      "type": "delete-node",
      "node": {
        "label": "org.objectweb.carol.cmi.RoundRobin",
        "type": "TypeAccess"
      },
      "location-before-char-start": 0,
      "location-before-char-end": 0,
      "node-str": "org.objectweb.carol.cmi.RoundRobin"
    },
    {
      "type": "delete-node",
      "node": {
        "label": "load",
        "type": "FieldRead"
      },
      "location-before-char-start": 3639,
      "location-before-char-end": 3642,
      "node-str": "load"
    },
    {
      "type": "delete-node",
      "node": {
        "label": "i",
        "type": "VariableRead"
      },
      "location-before-char-start": 3644,
      "location-before-char-end": 3644,
      "node-str": "i"
    },
    {
      "type": "delete-node",
      "node": {
        "label": "",
        "type": "ArrayRead"
      },
      "location-before-char-start": 3639,
      "location-before-char-end": 3645,
      "node-str": ""
    },
    {
      "type": "delete-node",
      "node": {
        "label": "l",
        "type": "LocalVariable"
      },
      "location-before-char-start": 3628,
      "location-before-char-end": 3646,
      "node-str": "l"
    },
    {
      "type": "delete-node",
      "node": {
        "label": "l",
        "type": "VariableRead"
      },
      "location-before-char-start": 3664,
      "location-before-char-end": 3664,
      "node-str": "l"
    },
    {
      "type": "delete-node",
      "node": {
        "label": "minOk",
        "type": "VariableRead"
      },
      "location-before-char-start": 3668,
      "location-before-char-end": 3672,
      "node-str": "minOk"
    },
    {
      "type": "delete-node",
      "node": {
        "label": "LT",
        "type": "BinaryOperator"
      },
      "location-before-char-start": 3664,
      "location-before-char-end": 3672,
      "node-str": "LT"
    },
    {
      "type": "delete-node",
      "node": {
        "label": "f",
        "type": "VariableRead"
      },
      "location-before-char-start": 3698,
      "location-before-char-end": 3698,
      "node-str": "f"
    },
    {
      "type": "delete-node",
      "node": {
        "label": "org.objectweb.carol.cmi.RoundRobin",
        "type": "TypeAccess"
      },
      "location-before-char-start": 0,
      "location-before-char-end": 0,
      "node-str": "org.objectweb.carol.cmi.RoundRobin"
    },
    {
      "type": "delete-node",
      "node": {
        "label": "sd",
        "type": "FieldRead"
      },
      "location-before-char-start": 3709,
      "location-before-char-end": 3710,
      "node-str": "sd"
    },
    {
      "type": "delete-node",
      "node": {
        "label": "i",
        "type": "VariableRead"
      },
      "location-before-char-start": 3712,
      "location-before-char-end": 3712,
      "node-str": "i"
    },
    {
      "type": "delete-node",
      "node": {
        "label": "",
        "type": "ArrayRead"
      },
      "location-before-char-start": 3709,
      "location-before-char-end": 3713,
      "node-str": ""
    },
    {
      "type": "delete-node",
      "node": {
        "label": "getStub",
        "type": "Invocation"
      },
      "location-before-char-start": 3709,
      "location-before-char-end": 3723,
      "node-str": "getStub"
    },
    {
      "type": "delete-node",
      "node": {
        "label": "contains",
        "type": "Invocation"
      },
      "location-before-char-start": 3698,
      "location-before-char-end": 3724,
      "node-str": "contains"
    },
    {
      "type": "delete-node",
      "node": {
        "label": "NOT",
        "type": "UnaryOperator"
      },
      "location-before-char-start": 3697,
      "location-before-char-end": 3724,
      "node-str": "NOT"
    },
    {
      "type": "delete-node",
      "node": {
        "label": "minOk",
        "type": "VariableWrite"
      },
      "location-before-char-start": 3749,
      "location-before-char-end": 3753,
      "node-str": "minOk"
    },
    {
      "type": "delete-node",
      "node": {
        "label": "l",
        "type": "VariableRead"
      },
      "location-before-char-start": 3757,
      "location-before-char-end": 3757,
      "node-str": "l"
    },
    {
      "type": "delete-node",
      "node": {
        "label": "\u003d",
        "type": "Assignment"
      },
      "location-before-char-start": 3749,
      "location-before-char-end": 3758,
      "node-str": "\u003d"
    },
    {
      "type": "delete-node",
      "node": {
        "label": "index",
        "type": "VariableWrite"
      },
      "location-before-char-start": 3780,
      "location-before-char-end": 3784,
      "node-str": "index"
    },
    {
      "type": "delete-node",
      "node": {
        "label": "i",
        "type": "VariableRead"
      },
      "location-before-char-start": 3788,
      "location-before-char-end": 3788,
      "node-str": "i"
    },
    {
      "type": "delete-node",
      "node": {
        "label": "\u003d",
        "type": "Assignment"
      },
      "location-before-char-start": 3780,
      "location-before-char-end": 3789,
      "node-str": "\u003d"
    },
    {
      "type": "delete-node",
      "node": {
        "label": "THEN",
        "type": "then"
      },
      "location-before-char-start": 3727,
      "location-before-char-end": 3807,
      "node-str": "THEN"
    },
    {
      "type": "delete-node",
      "node": {
        "label": "if",
        "type": "If"
      },
      "location-before-char-start": 3693,
      "location-before-char-end": 3807,
      "node-str": "if"
    },
    {
      "type": "delete-node",
      "node": {
        "label": "l",
        "type": "VariableRead"
      },
      "location-before-char-start": 3829,
      "location-before-char-end": 3829,
      "node-str": "l"
    },
    {
      "type": "delete-node",
      "node": {
        "label": "min",
        "type": "VariableRead"
      },
      "location-before-char-start": 3833,
      "location-before-char-end": 3835,
      "node-str": "min"
    },
    {
      "type": "delete-node",
      "node": {
        "label": "LT",
        "type": "BinaryOperator"
      },
      "location-before-char-start": 3829,
      "location-before-char-end": 3835,
      "node-str": "LT"
    },
    {
      "type": "delete-node",
      "node": {
        "label": "min",
        "type": "VariableWrite"
      },
      "location-before-char-start": 3860,
      "location-before-char-end": 3862,
      "node-str": "min"
    },
    {
      "type": "delete-node",
      "node": {
        "label": "l",
        "type": "VariableRead"
      },
      "location-before-char-start": 3866,
      "location-before-char-end": 3866,
      "node-str": "l"
    },
    {
      "type": "delete-node",
      "node": {
        "label": "\u003d",
        "type": "Assignment"
      },
      "location-before-char-start": 3860,
      "location-before-char-end": 3867,
      "node-str": "\u003d"
    },
    {
      "type": "delete-node",
      "node": {
        "label": "THEN",
        "type": "then"
      },
      "location-before-char-start": 3838,
      "location-before-char-end": 3885,
      "node-str": "THEN"
    },
    {
      "type": "delete-node",
      "node": {
        "label": "if",
        "type": "If"
      },
      "location-before-char-start": 3825,
      "location-before-char-end": 3885,
      "node-str": "if"
    },
    {
      "type": "delete-node",
      "node": {
        "label": "THEN",
        "type": "then"
      },
      "location-before-char-start": 3675,
      "location-before-char-end": 3899,
      "node-str": "THEN"
    },
    {
      "type": "delete-node",
      "node": {
        "label": "if",
        "type": "If"
      },
      "location-before-char-start": 3660,
      "location-before-char-end": 3899,
      "node-str": "if"
    },
    {
      "type": "delete-node",
      "node": {
        "label": "",
        "type": "For"
      },
      "location-before-char-start": 3588,
      "location-before-char-end": 3909,
      "node-str": ""
    },
    {
      "type": "delete-node",
      "node": {
        "label": "index",
        "type": "VariableRead"
      },
      "location-before-char-start": 3924,
      "location-before-char-end": 3928,
      "node-str": "index"
    },
    {
      "type": "delete-node",
      "node": {
        "label": "0",
        "type": "Literal"
      },
      "location-before-char-start": 3932,
      "location-before-char-end": 3932,
      "node-str": "0"
    },
    {
      "type": "delete-node",
      "node": {
        "label": "LT",
        "type": "BinaryOperator"
      },
      "location-before-char-start": 3924,
      "location-before-char-end": 3932,
      "node-str": "LT"
    },
    {
      "type": "delete-node",
      "node": {
        "label": "org.objectweb.carol.cmi.NoMoreStubException()",
        "type": "ConstructorCall"
      },
      "location-before-char-start": 3955,
      "location-before-char-end": 3979,
      "node-str": "org.objectweb.carol.cmi.NoMoreStubException()"
    },
    {
      "type": "delete-node",
      "node": {
        "label": "",
        "type": "Throw"
      },
      "location-before-char-start": 3949,
      "location-before-char-end": 3980,
      "node-str": ""
    },
    {
      "type": "delete-node",
      "node": {
        "label": "THEN",
        "type": "then"
      },
      "location-before-char-start": 3935,
      "location-before-char-end": 3990,
      "node-str": "THEN"
    },
    {
      "type": "delete-node",
      "node": {
        "label": "if",
        "type": "If"
      },
      "location-before-char-start": 3920,
      "location-before-char-end": 3990,
      "node-str": "if"
    },
    {
      "type": "delete-node",
      "node": {
        "label": "org.objectweb.carol.cmi.StubData",
        "type": "VARIABLE_TYPE"
      },
      "location-before-char-start": 0,
      "location-before-char-end": 0,
      "node-str": "org.objectweb.carol.cmi.StubData"
    },
    {
      "type": "delete-node",
      "node": {
        "label": "org.objectweb.carol.cmi.RoundRobin",
        "type": "TypeAccess"
      },
      "location-before-char-start": 0,
      "location-before-char-end": 0,
      "node-str": "org.objectweb.carol.cmi.RoundRobin"
    },
    {
      "type": "delete-node",
      "node": {
        "label": "sd",
        "type": "FieldRead"
      },
      "location-before-char-start": 4237,
      "location-before-char-end": 4238,
      "node-str": "sd"
    },
    {
      "type": "delete-node",
      "node": {
        "label": "index",
        "type": "VariableRead"
      },
      "location-before-char-start": 4240,
      "location-before-char-end": 4244,
      "node-str": "index"
    },
    {
      "type": "delete-node",
      "node": {
        "label": "",
        "type": "ArrayRead"
      },
      "location-before-char-start": 4237,
      "location-before-char-end": 4245,
      "node-str": ""
    },
    {
      "type": "delete-node",
      "node": {
        "label": "s",
        "type": "LocalVariable"
      },
      "location-before-char-start": 4224,
      "location-before-char-end": 4246,
      "node-str": "s"
    },
    {
      "type": "delete-node",
      "node": {
        "label": "org.objectweb.carol.cmi.RoundRobin",
        "type": "TypeAccess"
      },
      "location-before-char-start": 0,
      "location-before-char-end": 0,
      "node-str": "org.objectweb.carol.cmi.RoundRobin"
    },
    {
      "type": "delete-node",
      "node": {
        "label": "load",
        "type": "FieldRead"
      },
      "location-before-char-start": 4256,
      "location-before-char-end": 4259,
      "node-str": "load"
    },
    {
      "type": "delete-node",
      "node": {
        "label": "index",
        "type": "VariableRead"
      },
      "location-before-char-start": 4261,
      "location-before-char-end": 4265,
      "node-str": "index"
    },
    {
      "type": "delete-node",
      "node": {
        "label": "",
        "type": "ArrayWrite"
      },
      "location-before-char-start": 4256,
      "location-before-char-end": 4266,
      "node-str": ""
    },
    {
      "type": "delete-node",
      "node": {
        "label": "s",
        "type": "VariableRead"
      },
      "location-before-char-start": 4271,
      "location-before-char-end": 4271,
      "node-str": "s"
    },
    {
      "type": "delete-node",
      "node": {
        "label": "getLoadIncr",
        "type": "Invocation"
      },
      "location-before-char-start": 4271,
      "location-before-char-end": 4285,
      "node-str": "getLoadIncr"
    },
    {
      "type": "delete-node",
      "node": {
        "label": "",
        "type": "OperatorAssignment"
      },
      "location-before-char-start": 4256,
      "location-before-char-end": 4286,
      "node-str": ""
    },
    {
      "type": "delete-node",
      "node": {
        "label": "s",
        "type": "VariableRead"
      },
      "location-before-char-start": 4303,
      "location-before-char-end": 4303,
      "node-str": "s"
    },
    {
      "type": "delete-node",
      "node": {
        "label": "getStub",
        "type": "Invocation"
      },
      "location-before-char-start": 4303,
      "location-before-char-end": 4313,
      "node-str": "getStub"
    },
    {
      "type": "delete-node",
      "node": {
        "label": "return",
        "type": "Return"
      },
      "location-before-char-start": 4296,
      "location-before-char-end": 4314,
      "node-str": "return"
    },
    {
      "type": "delete-node",
      "node": {
        "label": "void",
        "type": "RETURN_TYPE"
      },
      "location-before-char-start": 0,
      "location-before-char-end": 0,
      "node-str": "void"
    },
    {
      "type": "delete-node",
      "node": {
        "label": "public",
        "type": "Modifier"
      },
      "location-before-char-start": 0,
      "location-before-char-end": 0,
      "node-str": "public"
    },
    {
      "type": "delete-node",
      "node": {
        "label": "java.rmi.Remote",
        "type": "VARIABLE_TYPE"
      },
      "location-before-char-start": 0,
      "location-before-char-end": 0,
      "node-str": "java.rmi.Remote"
    },
    {
      "type": "delete-node",
      "node": {
        "label": "stub",
        "type": "Parameter"
      },
      "location-before-char-start": 4429,
      "location-before-char-end": 4439,
      "node-str": "stub"
    },
    {
      "type": "delete-node",
      "node": {
        "label": "org.objectweb.carol.cmi.RoundRobin",
        "type": "TypeAccess"
      },
      "location-before-char-start": 0,
      "location-before-char-end": 0,
      "node-str": "org.objectweb.carol.cmi.RoundRobin"
    },
    {
      "type": "delete-node",
      "node": {
        "label": "csd",
        "type": "FieldRead"
      },
      "location-before-char-start": 4452,
      "location-before-char-end": 4454,
      "node-str": "csd"
    },
    {
      "type": "delete-node",
      "node": {
        "label": "stub",
        "type": "VariableRead"
      },
      "location-before-char-start": 4467,
      "location-before-char-end": 4470,
      "node-str": "stub"
    },
    {
      "type": "delete-node",
      "node": {
        "label": "removeStub",
        "type": "Invocation"
      },
      "location-before-char-start": 4452,
      "location-before-char-end": 4472,
      "node-str": "removeStub"
    },
    {
      "type": "delete-node",
      "node": {
        "label": "remove",
        "type": "Method"
      },
      "location-before-char-start": 4327,
      "location-before-char-end": 4478,
      "node-str": "remove"
    }
  ],
  "before-file": {},
  "after-file": {},
  "mapping": {}
}