{
  "tool-info": {},
  "diff": [
    {
      "type": "insert-node",
      "node": {
        "label": "addAutomaticFinders",
        "type": "Method"
      },
      "location-after-char-start": 3221,
      "location-after-char-end": 4107,
      "node-str": "addAutomaticFinders"
    },
    {
      "type": "update-node",
      "node": {
        "label": "homeMethods",
        "type": "LocalVariable"
      },
      "location-before-char-start": 2902,
      "location-before-char-end": 2975,
      "location-after-char-start": 2902,
      "location-after-char-end": 2957,
      "node-str": "homeClass"
    },
    {
      "type": "insert-node",
      "node": {
        "label": "if",
        "type": "If"
      },
      "location-after-char-start": 2961,
      "location-after-char-end": 3044,
      "node-str": "if"
    },
    {
      "type": "insert-node",
      "node": {
        "label": "localHomeClass",
        "type": "LocalVariable"
      },
      "location-after-char-start": 3051,
      "location-after-char-end": 3116,
      "node-str": "localHomeClass"
    },
    {
      "type": "insert-node",
      "node": {
        "label": "if",
        "type": "If"
      },
      "location-after-char-start": 3120,
      "location-after-char-end": 3213,
      "node-str": "if"
    },
    {
      "type": "insert-node",
      "node": {
        "label": "void",
        "type": "RETURN_TYPE"
      },
      "location-after-char-start": 0,
      "location-after-char-end": 0,
      "node-str": "void"
    },
    {
      "type": "insert-node",
      "node": {
        "label": "protected",
        "type": "Modifier"
      },
      "location-after-char-start": 0,
      "location-after-char-end": 0,
      "node-str": "protected"
    },
    {
      "type": "insert-node",
      "node": {
        "label": "manager",
        "type": "Parameter"
      },
      "location-after-char-start": 3256,
      "location-after-char-end": 3279,
      "node-str": "manager"
    },
    {
      "type": "insert-node",
      "node": {
        "label": "homeMethods",
        "type": "Parameter"
      },
      "location-after-char-start": 3282,
      "location-after-char-end": 3301,
      "node-str": "homeMethods"
    },
    {
      "type": "move-subtree",
      "node": {
        "label": "",
        "type": "For"
      },
      "location-before-char-start": 2979,
      "location-before-char-end": 3733,
      "location-after-char-start": 3308,
      "location-after-char-end": 4102,
      "node-str": ""
    },
    {
      "type": "insert-node",
      "node": {
        "label": "java.lang.Class",
        "type": "VARIABLE_TYPE"
      },
      "location-after-char-start": 0,
      "location-after-char-end": 0,
      "node-str": "java.lang.Class"
    },
    {
      "type": "move-subtree",
      "node": {
        "label": "getHomeClass",
        "type": "Invocation"
      },
      "location-before-char-start": 2925,
      "location-before-char-end": 2961,
      "location-after-char-start": 2920,
      "location-after-char-end": 2956,
      "node-str": "getHomeClass"
    },
    {
      "type": "insert-node",
      "node": {
        "label": "NE",
        "type": "BinaryOperator"
      },
      "location-after-char-start": 2964,
      "location-after-char-end": 2980,
      "node-str": "NE"
    },
    {
      "type": "insert-node",
      "node": {
        "label": "THEN",
        "type": "then"
      },
      "location-after-char-start": 2983,
      "location-after-char-end": 3044,
      "node-str": "THEN"
    },
    {
      "type": "insert-node",
      "node": {
        "label": "java.lang.Class",
        "type": "VARIABLE_TYPE"
      },
      "location-after-char-start": 0,
      "location-after-char-end": 0,
      "node-str": "java.lang.Class"
    },
    {
      "type": "insert-node",
      "node": {
        "label": "getLocalHomeClass",
        "type": "Invocation"
      },
      "location-after-char-start": 3074,
      "location-after-char-end": 3115,
      "node-str": "getLocalHomeClass"
    },
    {
      "type": "insert-node",
      "node": {
        "label": "NE",
        "type": "BinaryOperator"
      },
      "location-after-char-start": 3123,
      "location-after-char-end": 3144,
      "node-str": "NE"
    },
    {
      "type": "insert-node",
      "node": {
        "label": "THEN",
        "type": "then"
      },
      "location-after-char-start": 3147,
      "location-after-char-end": 3213,
      "node-str": "THEN"
    },
    {
      "type": "insert-node",
      "node": {
        "label": "org.jboss.ejb.plugins.cmp.jdbc.JDBCStoreManager",
        "type": "VARIABLE_TYPE"
      },
      "location-after-char-start": 0,
      "location-after-char-end": 0,
      "node-str": "org.jboss.ejb.plugins.cmp.jdbc.JDBCStoreManager"
    },
    {
      "type": "move-subtree",
      "node": {
        "label": "java.lang.reflect.Method[]",
        "type": "VARIABLE_TYPE"
      },
      "location-before-char-start": 0,
      "location-before-char-end": 0,
      "location-after-char-start": 0,
      "location-after-char-end": 0,
      "node-str": "java.lang.reflect.Method[]"
    },
    {
      "type": "insert-node",
      "node": {
        "label": "homeClass",
        "type": "VariableRead"
      },
      "location-after-char-start": 2964,
      "location-after-char-end": 2972,
      "node-str": "homeClass"
    },
    {
      "type": "insert-node",
      "node": {
        "label": "null",
        "type": "Literal"
      },
      "location-after-char-start": 2977,
      "location-after-char-end": 2980,
      "node-str": "null"
    },
    {
      "type": "insert-node",
      "node": {
        "label": "addAutomaticFinders",
        "type": "Invocation"
      },
      "location-after-char-start": 2988,
      "location-after-char-end": 3040,
      "node-str": "addAutomaticFinders"
    },
    {
      "type": "insert-node",
      "node": {
        "label": "getContainer",
        "type": "Invocation"
      },
      "location-after-char-start": 3074,
      "location-after-char-end": 3095,
      "node-str": "getContainer"
    },
    {
      "type": "insert-node",
      "node": {
        "label": "localHomeClass",
        "type": "VariableRead"
      },
      "location-after-char-start": 3123,
      "location-after-char-end": 3136,
      "node-str": "localHomeClass"
    },
    {
      "type": "insert-node",
      "node": {
        "label": "null",
        "type": "Literal"
      },
      "location-after-char-start": 3141,
      "location-after-char-end": 3144,
      "node-str": "null"
    },
    {
      "type": "insert-node",
      "node": {
        "label": "addAutomaticFinders",
        "type": "Invocation"
      },
      "location-after-char-start": 3152,
      "location-after-char-end": 3209,
      "node-str": "addAutomaticFinders"
    },
    {
      "type": "insert-node",
      "node": {
        "label": "org.jboss.ejb.plugins.cmp.jdbc.JDBCFindEntitiesCommand",
        "type": "TypeAccess"
      },
      "location-after-char-start": 0,
      "location-after-char-end": 0,
      "node-str": "org.jboss.ejb.plugins.cmp.jdbc.JDBCFindEntitiesCommand"
    },
    {
      "type": "insert-node",
      "node": {
        "label": "manager",
        "type": "VariableRead"
      },
      "location-after-char-start": 3008,
      "location-after-char-end": 3014,
      "node-str": "manager"
    },
    {
      "type": "insert-node",
      "node": {
        "label": "getMethods",
        "type": "Invocation"
      },
      "location-after-char-start": 3017,
      "location-after-char-end": 3038,
      "node-str": "getMethods"
    },
    {
      "type": "insert-node",
      "node": {
        "label": "manager",
        "type": "VariableRead"
      },
      "location-after-char-start": 3074,
      "location-after-char-end": 3080,
      "node-str": "manager"
    },
    {
      "type": "insert-node",
      "node": {
        "label": "org.jboss.ejb.plugins.cmp.jdbc.JDBCFindEntitiesCommand",
        "type": "TypeAccess"
      },
      "location-after-char-start": 0,
      "location-after-char-end": 0,
      "node-str": "org.jboss.ejb.plugins.cmp.jdbc.JDBCFindEntitiesCommand"
    },
    {
      "type": "insert-node",
      "node": {
        "label": "manager",
        "type": "VariableRead"
      },
      "location-after-char-start": 3172,
      "location-after-char-end": 3178,
      "node-str": "manager"
    },
    {
      "type": "insert-node",
      "node": {
        "label": "getMethods",
        "type": "Invocation"
      },
      "location-after-char-start": 3181,
      "location-after-char-end": 3207,
      "node-str": "getMethods"
    },
    {
      "type": "insert-node",
      "node": {
        "label": "homeClass",
        "type": "VariableRead"
      },
      "location-after-char-start": 3017,
      "location-after-char-end": 3025,
      "node-str": "homeClass"
    },
    {
      "type": "insert-node",
      "node": {
        "label": "localHomeClass",
        "type": "VariableRead"
      },
      "location-after-char-start": 3181,
      "location-after-char-end": 3194,
      "node-str": "localHomeClass"
    },
    {
      "type": "insert-node",
      "node": {
        "label": "getCommandFactory",
        "type": "Invocation"
      },
      "location-after-char-start": 3606,
      "location-after-char-end": 3632,
      "node-str": "getCommandFactory"
    },
    {
      "type": "insert-node",
      "node": {
        "label": "manager",
        "type": "VariableRead"
      },
      "location-after-char-start": 3606,
      "location-after-char-end": 3612,
      "node-str": "manager"
    },
    {
      "type": "insert-node",
      "node": {
        "label": "getCommandFactory",
        "type": "Invocation"
      },
      "location-after-char-start": 3861,
      "location-after-char-end": 3887,
      "node-str": "getCommandFactory"
    },
    {
      "type": "insert-node",
      "node": {
        "label": "manager",
        "type": "VariableRead"
      },
      "location-after-char-start": 3861,
      "location-after-char-end": 3867,
      "node-str": "manager"
    },
    {
      "type": "delete-node",
      "node": {
        "label": "getMethods",
        "type": "Invocation"
      },
      "location-before-char-start": 2925,
      "location-before-char-end": 2974,
      "node-str": "getMethods"
    },
    {
      "type": "delete-node",
      "node": {
        "label": "factory",
        "type": "VariableRead"
      },
      "location-before-char-start": 3277,
      "location-before-char-end": 3283,
      "node-str": "factory"
    },
    {
      "type": "delete-node",
      "node": {
        "label": "factory",
        "type": "VariableRead"
      },
      "location-before-char-start": 3512,
      "location-before-char-end": 3518,
      "node-str": "factory"
    }
  ],
  "before-file": {},
  "after-file": {},
  "mapping": {}
}