{
  "tool-info": {},
  "diff": [
    {
      "type": "insert-node",
      "node": {
        "label": "FileAppender",
        "type": "Class"
      },
      "location-after-char-start": 952,
      "location-after-char-end": 9580,
      "node-str": "FileAppender"
    },
    {
      "type": "insert-node",
      "node": {
        "label": "public",
        "type": "Modifier"
      },
      "location-after-char-start": 0,
      "location-after-char-end": 0,
      "node-str": "public"
    },
    {
      "type": "insert-node",
      "node": {
        "label": "",
        "type": "TypeReference"
      },
      "location-after-char-start": 1359,
      "location-after-char-end": 1372,
      "node-str": ""
    },
    {
      "type": "insert-node",
      "node": {
        "label": "fileAppend",
        "type": "Field"
      },
      "location-after-char-start": 1379,
      "location-after-char-end": 1717,
      "node-str": "fileAppend"
    },
    {
      "type": "insert-node",
      "node": {
        "label": "fileName",
        "type": "Field"
      },
      "location-after-char-start": 1722,
      "location-after-char-end": 1794,
      "node-str": "fileName"
    },
    {
      "type": "insert-node",
      "node": {
        "label": "bufferedIO",
        "type": "Field"
      },
      "location-after-char-start": 1799,
      "location-after-char-end": 1870,
      "node-str": "bufferedIO"
    },
    {
      "type": "move-subtree",
      "node": {
        "label": "bufferSize",
        "type": "Field"
      },
      "location-before-char-start": 1875,
      "location-before-char-end": 1978,
      "location-after-char-start": 1875,
      "location-after-char-end": 1978,
      "node-str": "bufferSize"
    },
    {
      "type": "insert-node",
      "node": {
        "label": "\u003cinit\u003e",
        "type": "Constructor"
      },
      "location-after-char-start": 1984,
      "location-after-char-end": 2074,
      "node-str": "\u003cinit\u003e"
    },
    {
      "type": "move-subtree",
      "node": {
        "label": "\u003cinit\u003e",
        "type": "Constructor"
      },
      "location-before-char-start": 2079,
      "location-before-char-end": 2816,
      "location-after-char-start": 2079,
      "location-after-char-end": 2816,
      "node-str": "\u003cinit\u003e"
    },
    {
      "type": "move-subtree",
      "node": {
        "label": "\u003cinit\u003e",
        "type": "Constructor"
      },
      "location-before-char-start": 2821,
      "location-before-char-end": 3422,
      "location-after-char-start": 2821,
      "location-after-char-end": 3422,
      "node-str": "\u003cinit\u003e"
    },
    {
      "type": "move-subtree",
      "node": {
        "label": "\u003cinit\u003e",
        "type": "Constructor"
      },
      "location-before-char-start": 3427,
      "location-before-char-end": 3755,
      "location-after-char-start": 3427,
      "location-after-char-end": 3755,
      "node-str": "\u003cinit\u003e"
    },
    {
      "type": "move-subtree",
      "node": {
        "label": "setFile",
        "type": "Method"
      },
      "location-before-char-start": 3760,
      "location-before-char-end": 4327,
      "location-after-char-start": 3760,
      "location-after-char-end": 4327,
      "node-str": "setFile"
    },
    {
      "type": "move-subtree",
      "node": {
        "label": "getAppend",
        "type": "Method"
      },
      "location-before-char-start": 4332,
      "location-before-char-end": 4453,
      "location-after-char-start": 4332,
      "location-after-char-end": 4453,
      "node-str": "getAppend"
    },
    {
      "type": "move-subtree",
      "node": {
        "label": "getFile",
        "type": "Method"
      },
      "location-before-char-start": 4459,
      "location-before-char-end": 4564,
      "location-after-char-start": 4459,
      "location-after-char-end": 4564,
      "node-str": "getFile"
    },
    {
      "type": "move-subtree",
      "node": {
        "label": "activateOptions",
        "type": "Method"
      },
      "location-before-char-start": 4569,
      "location-before-char-end": 5289,
      "location-after-char-start": 4569,
      "location-after-char-end": 5289,
      "node-str": "activateOptions"
    },
    {
      "type": "move-subtree",
      "node": {
        "label": "closeFile",
        "type": "Method"
      },
      "location-before-char-start": 5293,
      "location-before-char-end": 5656,
      "location-after-char-start": 5293,
      "location-after-char-end": 5656,
      "node-str": "closeFile"
    },
    {
      "type": "move-subtree",
      "node": {
        "label": "getBufferedIO",
        "type": "Method"
      },
      "location-before-char-start": 5661,
      "location-before-char-end": 5882,
      "location-after-char-start": 5661,
      "location-after-char-end": 5882,
      "node-str": "getBufferedIO"
    },
    {
      "type": "move-subtree",
      "node": {
        "label": "getBufferSize",
        "type": "Method"
      },
      "location-before-char-start": 5888,
      "location-before-char-end": 5996,
      "location-after-char-start": 5888,
      "location-after-char-end": 5996,
      "node-str": "getBufferSize"
    },
    {
      "type": "move-subtree",
      "node": {
        "label": "setAppend",
        "type": "Method"
      },
      "location-before-char-start": 6003,
      "location-before-char-end": 6507,
      "location-after-char-start": 6003,
      "location-after-char-end": 6507,
      "node-str": "setAppend"
    },
    {
      "type": "move-subtree",
      "node": {
        "label": "setBufferedIO",
        "type": "Method"
      },
      "location-before-char-start": 6512,
      "location-before-char-end": 7001,
      "location-after-char-start": 6512,
      "location-after-char-end": 7001,
      "node-str": "setBufferedIO"
    },
    {
      "type": "move-subtree",
      "node": {
        "label": "setBufferSize",
        "type": "Method"
      },
      "location-before-char-start": 7007,
      "location-before-char-end": 7136,
      "location-after-char-start": 7007,
      "location-after-char-end": 7136,
      "node-str": "setBufferSize"
    },
    {
      "type": "insert-node",
      "node": {
        "label": "setFile",
        "type": "Method"
      },
      "location-after-char-start": 7141,
      "location-after-char-end": 9162,
      "node-str": "setFile"
    },
    {
      "type": "move-subtree",
      "node": {
        "label": "setQWForFiles",
        "type": "Method"
      },
      "location-before-char-start": 9020,
      "location-before-char-end": 9238,
      "location-after-char-start": 9168,
      "location-after-char-end": 9386,
      "node-str": "setQWForFiles"
    },
    {
      "type": "move-subtree",
      "node": {
        "label": "reset",
        "type": "Method"
      },
      "location-before-char-start": 9244,
      "location-before-char-end": 9430,
      "location-after-char-start": 9392,
      "location-after-char-end": 9578,
      "node-str": "reset"
    },
    {
      "type": "insert-node",
      "node": {
        "label": "org.apache.log4j.WriterAppender",
        "type": "SUPER_TYPE"
      },
      "location-after-char-start": 0,
      "location-after-char-end": 0,
      "node-str": "org.apache.log4j.WriterAppender"
    },
    {
      "type": "insert-node",
      "node": {
        "label": "boolean",
        "type": "VARIABLE_TYPE"
      },
      "location-after-char-start": 0,
      "location-after-char-end": 0,
      "node-str": "boolean"
    },
    {
      "type": "insert-node",
      "node": {
        "label": "protected",
        "type": "Modifier"
      },
      "location-after-char-start": 0,
      "location-after-char-end": 0,
      "node-str": "protected"
    },
    {
      "type": "insert-node",
      "node": {
        "label": "true",
        "type": "Literal"
      },
      "location-after-char-start": 1713,
      "location-after-char-end": 1716,
      "node-str": "true"
    },
    {
      "type": "insert-node",
      "node": {
        "label": "java.lang.String",
        "type": "VARIABLE_TYPE"
      },
      "location-after-char-start": 0,
      "location-after-char-end": 0,
      "node-str": "java.lang.String"
    },
    {
      "type": "insert-node",
      "node": {
        "label": "protected",
        "type": "Modifier"
      },
      "location-after-char-start": 0,
      "location-after-char-end": 0,
      "node-str": "protected"
    },
    {
      "type": "insert-node",
      "node": {
        "label": "null",
        "type": "Literal"
      },
      "location-after-char-start": 1790,
      "location-after-char-end": 1793,
      "node-str": "null"
    },
    {
      "type": "insert-node",
      "node": {
        "label": "boolean",
        "type": "VARIABLE_TYPE"
      },
      "location-after-char-start": 0,
      "location-after-char-end": 0,
      "node-str": "boolean"
    },
    {
      "type": "insert-node",
      "node": {
        "label": "protected",
        "type": "Modifier"
      },
      "location-after-char-start": 0,
      "location-after-char-end": 0,
      "node-str": "protected"
    },
    {
      "type": "insert-node",
      "node": {
        "label": "false",
        "type": "Literal"
      },
      "location-after-char-start": 1865,
      "location-after-char-end": 1869,
      "node-str": "false"
    },
    {
      "type": "insert-node",
      "node": {
        "label": "public",
        "type": "Modifier"
      },
      "location-after-char-start": 0,
      "location-after-char-end": 0,
      "node-str": "public"
    },
    {
      "type": "insert-node",
      "node": {
        "label": "void",
        "type": "RETURN_TYPE"
      },
      "location-after-char-start": 0,
      "location-after-char-end": 0,
      "node-str": "void"
    },
    {
      "type": "insert-node",
      "node": {
        "label": "java.io.IOException",
        "type": "THROWS"
      },
      "location-after-char-start": 0,
      "location-after-char-end": 0,
      "node-str": "java.io.IOException"
    },
    {
      "type": "insert-node",
      "node": {
        "label": "public",
        "type": "Modifier"
      },
      "location-after-char-start": 0,
      "location-after-char-end": 0,
      "node-str": "public"
    },
    {
      "type": "insert-node",
      "node": {
        "label": "synchronized",
        "type": "Modifier"
      },
      "location-after-char-start": 0,
      "location-after-char-end": 0,
      "node-str": "synchronized"
    },
    {
      "type": "insert-node",
      "node": {
        "label": "fileName",
        "type": "Parameter"
      },
      "location-after-char-start": 7699,
      "location-after-char-end": 7713,
      "node-str": "fileName"
    },
    {
      "type": "insert-node",
      "node": {
        "label": "append",
        "type": "Parameter"
      },
      "location-after-char-start": 7716,
      "location-after-char-end": 7729,
      "node-str": "append"
    },
    {
      "type": "insert-node",
      "node": {
        "label": "bufferedIO",
        "type": "Parameter"
      },
      "location-after-char-start": 7732,
      "location-after-char-end": 7749,
      "node-str": "bufferedIO"
    },
    {
      "type": "insert-node",
      "node": {
        "label": "bufferSize",
        "type": "Parameter"
      },
      "location-after-char-start": 7752,
      "location-after-char-end": 7765,
      "node-str": "bufferSize"
    },
    {
      "type": "move-subtree",
      "node": {
        "label": "debug",
        "type": "Invocation"
      },
      "location-before-char-start": 7853,
      "location-before-char-end": 7906,
      "location-after-char-start": 7853,
      "location-after-char-end": 7906,
      "node-str": "debug"
    },
    {
      "type": "move-subtree",
      "node": {
        "label": "if",
        "type": "If"
      },
      "location-before-char-start": 7983,
      "location-before-char-end": 8036,
      "location-after-char-start": 7983,
      "location-after-char-end": 8036,
      "node-str": "if"
    },
    {
      "type": "insert-node",
      "node": {
        "label": "reset",
        "type": "Invocation"
      },
      "location-after-char-start": 8043,
      "location-after-char-end": 8050,
      "node-str": "reset"
    },
    {
      "type": "insert-node",
      "node": {
        "label": "ostream",
        "type": "LocalVariable"
      },
      "location-after-char-start": 8056,
      "location-after-char-end": 8087,
      "node-str": "ostream"
    },
    {
      "type": "insert-node",
      "node": {
        "label": "",
        "type": "Try"
      },
      "location-after-char-start": 8093,
      "location-after-char-end": 8835,
      "node-str": ""
    },
    {
      "type": "move-subtree",
      "node": {
        "label": "fw",
        "type": "LocalVariable"
      },
      "location-before-char-start": 8693,
      "location-before-char-end": 8726,
      "location-after-char-start": 8841,
      "location-after-char-end": 8874,
      "node-str": "fw"
    },
    {
      "type": "move-subtree",
      "node": {
        "label": "if",
        "type": "If"
      },
      "location-before-char-start": 8732,
      "location-before-char-end": 8800,
      "location-after-char-start": 8880,
      "location-after-char-end": 8948,
      "node-str": "if"
    },
    {
      "type": "insert-node",
      "node": {
        "label": "setQWForFiles",
        "type": "Invocation"
      },
      "location-after-char-start": 8954,
      "location-after-char-end": 8976,
      "node-str": "setQWForFiles"
    },
    {
      "type": "move-subtree",
      "node": {
        "label": "\u003d",
        "type": "Assignment"
      },
      "location-before-char-start": 8834,
      "location-before-char-end": 8858,
      "location-after-char-start": 8982,
      "location-after-char-end": 9006,
      "node-str": "\u003d"
    },
    {
      "type": "move-subtree",
      "node": {
        "label": "\u003d",
        "type": "Assignment"
      },
      "location-before-char-start": 8864,
      "location-before-char-end": 8888,
      "location-after-char-start": 9012,
      "location-after-char-end": 9036,
      "node-str": "\u003d"
    },
    {
      "type": "move-subtree",
      "node": {
        "label": "\u003d",
        "type": "Assignment"
      },
      "location-before-char-start": 8894,
      "location-before-char-end": 8922,
      "location-after-char-start": 9042,
      "location-after-char-end": 9070,
      "node-str": "\u003d"
    },
    {
      "type": "move-subtree",
      "node": {
        "label": "\u003d",
        "type": "Assignment"
      },
      "location-before-char-start": 8928,
      "location-before-char-end": 8956,
      "location-after-char-start": 9076,
      "location-after-char-end": 9104,
      "node-str": "\u003d"
    },
    {
      "type": "insert-node",
      "node": {
        "label": "writeHeader",
        "type": "Invocation"
      },
      "location-after-char-start": 9110,
      "location-after-char-end": 9123,
      "node-str": "writeHeader"
    },
    {
      "type": "insert-node",
      "node": {
        "label": "debug",
        "type": "Invocation"
      },
      "location-after-char-start": 9129,
      "location-after-char-end": 9158,
      "node-str": "debug"
    },
    {
      "type": "insert-node",
      "node": {
        "label": "java.lang.String",
        "type": "VARIABLE_TYPE"
      },
      "location-after-char-start": 0,
      "location-after-char-end": 0,
      "node-str": "java.lang.String"
    },
    {
      "type": "insert-node",
      "node": {
        "label": "boolean",
        "type": "VARIABLE_TYPE"
      },
      "location-after-char-start": 0,
      "location-after-char-end": 0,
      "node-str": "boolean"
    },
    {
      "type": "insert-node",
      "node": {
        "label": "boolean",
        "type": "VARIABLE_TYPE"
      },
      "location-after-char-start": 0,
      "location-after-char-end": 0,
      "node-str": "boolean"
    },
    {
      "type": "insert-node",
      "node": {
        "label": "int",
        "type": "VARIABLE_TYPE"
      },
      "location-after-char-start": 0,
      "location-after-char-end": 0,
      "node-str": "int"
    },
    {
      "type": "insert-node",
      "node": {
        "label": "org.apache.log4j.FileAppender",
        "type": "TypeAccess"
      },
      "location-after-char-start": 0,
      "location-after-char-end": 0,
      "node-str": "org.apache.log4j.FileAppender"
    },
    {
      "type": "insert-node",
      "node": {
        "label": "java.io.FileOutputStream",
        "type": "VARIABLE_TYPE"
      },
      "location-after-char-start": 0,
      "location-after-char-end": 0,
      "node-str": "java.io.FileOutputStream"
    },
    {
      "type": "insert-node",
      "node": {
        "label": "null",
        "type": "Literal"
      },
      "location-after-char-start": 8083,
      "location-after-char-end": 8086,
      "node-str": "null"
    },
    {
      "type": "move-subtree",
      "node": {
        "label": "\u003d",
        "type": "Assignment"
      },
      "location-before-char-start": 8173,
      "location-before-char-end": 8221,
      "location-after-char-start": 8173,
      "location-after-char-end": 8221,
      "node-str": "\u003d"
    },
    {
      "type": "insert-node",
      "node": {
        "label": "",
        "type": "Catch"
      },
      "location-after-char-start": 8228,
      "location-after-char-end": 8835,
      "node-str": ""
    },
    {
      "type": "insert-node",
      "node": {
        "label": "this",
        "type": "ThisAccess"
      },
      "location-after-char-start": 8954,
      "location-after-char-end": 8957,
      "node-str": "this"
    },
    {
      "type": "insert-node",
      "node": {
        "label": "fw",
        "type": "VariableRead"
      },
      "location-after-char-start": 8973,
      "location-after-char-end": 8974,
      "node-str": "fw"
    },
    {
      "type": "insert-node",
      "node": {
        "label": "org.apache.log4j.FileAppender",
        "type": "TypeAccess"
      },
      "location-after-char-start": 0,
      "location-after-char-end": 0,
      "node-str": "org.apache.log4j.FileAppender"
    },
    {
      "type": "insert-node",
      "node": {
        "label": "org.apache.log4j.helpers.LogLog",
        "type": "TypeAccess"
      },
      "location-after-char-start": 9129,
      "location-after-char-end": 9134,
      "node-str": "org.apache.log4j.helpers.LogLog"
    },
    {
      "type": "insert-node",
      "node": {
        "label": "\"setFile ended\"",
        "type": "Literal"
      },
      "location-after-char-start": 9142,
      "location-after-char-end": 9156,
      "node-str": "\"setFile ended\""
    },
    {
      "type": "insert-node",
      "node": {
        "label": "ex",
        "type": "CatchVariable"
      },
      "location-after-char-start": 8235,
      "location-after-char-end": 8258,
      "node-str": "ex"
    },
    {
      "type": "insert-node",
      "node": {
        "label": "parentName",
        "type": "LocalVariable"
      },
      "location-after-char-start": 8447,
      "location-after-char-end": 8497,
      "node-str": "parentName"
    },
    {
      "type": "insert-node",
      "node": {
        "label": "if",
        "type": "If"
      },
      "location-after-char-start": 8509,
      "location-after-char-end": 8829,
      "node-str": "if"
    },
    {
      "type": "insert-node",
      "node": {
        "label": "org.apache.log4j.FileAppender",
        "type": "TypeAccess"
      },
      "location-after-char-start": 0,
      "location-after-char-end": 0,
      "node-str": "org.apache.log4j.FileAppender"
    },
    {
      "type": "insert-node",
      "node": {
        "label": "java.io.FileNotFoundException",
        "type": "VARIABLE_TYPE"
      },
      "location-after-char-start": 0,
      "location-after-char-end": 0,
      "node-str": "java.io.FileNotFoundException"
    },
    {
      "type": "insert-node",
      "node": {
        "label": "java.lang.String",
        "type": "VARIABLE_TYPE"
      },
      "location-after-char-start": 0,
      "location-after-char-end": 0,
      "node-str": "java.lang.String"
    },
    {
      "type": "insert-node",
      "node": {
        "label": "getParent",
        "type": "Invocation"
      },
      "location-after-char-start": 8467,
      "location-after-char-end": 8496,
      "node-str": "getParent"
    },
    {
      "type": "insert-node",
      "node": {
        "label": "NE",
        "type": "BinaryOperator"
      },
      "location-after-char-start": 8513,
      "location-after-char-end": 8530,
      "node-str": "NE"
    },
    {
      "type": "insert-node",
      "node": {
        "label": "THEN",
        "type": "then"
      },
      "location-after-char-start": 8533,
      "location-after-char-end": 8787,
      "node-str": "THEN"
    },
    {
      "type": "insert-node",
      "node": {
        "label": "ELSE",
        "type": "else"
      },
      "location-after-char-start": 8794,
      "location-after-char-end": 8829,
      "node-str": "ELSE"
    },
    {
      "type": "insert-node",
      "node": {
        "label": "java.io.File(java.lang.String)",
        "type": "ConstructorCall"
      },
      "location-after-char-start": 8467,
      "location-after-char-end": 8484,
      "node-str": "java.io.File(java.lang.String)"
    },
    {
      "type": "insert-node",
      "node": {
        "label": "parentName",
        "type": "VariableRead"
      },
      "location-after-char-start": 8513,
      "location-after-char-end": 8522,
      "node-str": "parentName"
    },
    {
      "type": "insert-node",
      "node": {
        "label": "null",
        "type": "Literal"
      },
      "location-after-char-start": 8527,
      "location-after-char-end": 8530,
      "node-str": "null"
    },
    {
      "type": "insert-node",
      "node": {
        "label": "parentDir",
        "type": "LocalVariable"
      },
      "location-after-char-start": 8548,
      "location-after-char-end": 8585,
      "node-str": "parentDir"
    },
    {
      "type": "move-subtree",
      "node": {
        "label": "if",
        "type": "If"
      },
      "location-before-char-start": 8516,
      "location-before-char-end": 8681,
      "location-after-char-start": 8600,
      "location-after-char-end": 8775,
      "node-str": "if"
    },
    {
      "type": "insert-node",
      "node": {
        "label": "",
        "type": "Throw"
      },
      "location-after-char-start": 8809,
      "location-after-char-end": 8817,
      "node-str": ""
    },
    {
      "type": "insert-node",
      "node": {
        "label": "fileName",
        "type": "VariableRead"
      },
      "location-after-char-start": 8476,
      "location-after-char-end": 8483,
      "node-str": "fileName"
    },
    {
      "type": "insert-node",
      "node": {
        "label": "java.io.File",
        "type": "VARIABLE_TYPE"
      },
      "location-after-char-start": 0,
      "location-after-char-end": 0,
      "node-str": "java.io.File"
    },
    {
      "type": "insert-node",
      "node": {
        "label": "java.io.File(java.lang.String)",
        "type": "ConstructorCall"
      },
      "location-after-char-start": 8565,
      "location-after-char-end": 8584,
      "node-str": "java.io.File(java.lang.String)"
    },
    {
      "type": "insert-node",
      "node": {
        "label": "ex",
        "type": "VariableRead"
      },
      "location-after-char-start": 8815,
      "location-after-char-end": 8816,
      "node-str": "ex"
    },
    {
      "type": "insert-node",
      "node": {
        "label": "parentName",
        "type": "VariableRead"
      },
      "location-after-char-start": 8574,
      "location-after-char-end": 8583,
      "node-str": "parentName"
    },
    {
      "type": "delete-node",
      "node": {
        "label": "public",
        "type": "Modifier"
      },
      "location-before-char-start": 0,
      "location-before-char-end": 0,
      "node-str": "public"
    },
    {
      "type": "delete-node",
      "node": {
        "label": "org.apache.log4j.WriterAppender",
        "type": "SUPER_TYPE"
      },
      "location-before-char-start": 0,
      "location-before-char-end": 0,
      "node-str": "org.apache.log4j.WriterAppender"
    },
    {
      "type": "delete-node",
      "node": {
        "label": "",
        "type": "TypeReference"
      },
      "location-before-char-start": 1359,
      "location-before-char-end": 1372,
      "node-str": ""
    },
    {
      "type": "delete-node",
      "node": {
        "label": "boolean",
        "type": "VARIABLE_TYPE"
      },
      "location-before-char-start": 0,
      "location-before-char-end": 0,
      "node-str": "boolean"
    },
    {
      "type": "delete-node",
      "node": {
        "label": "protected",
        "type": "Modifier"
      },
      "location-before-char-start": 0,
      "location-before-char-end": 0,
      "node-str": "protected"
    },
    {
      "type": "delete-node",
      "node": {
        "label": "true",
        "type": "Literal"
      },
      "location-before-char-start": 1713,
      "location-before-char-end": 1716,
      "node-str": "true"
    },
    {
      "type": "delete-node",
      "node": {
        "label": "fileAppend",
        "type": "Field"
      },
      "location-before-char-start": 1379,
      "location-before-char-end": 1717,
      "node-str": "fileAppend"
    },
    {
      "type": "delete-node",
      "node": {
        "label": "java.lang.String",
        "type": "VARIABLE_TYPE"
      },
      "location-before-char-start": 0,
      "location-before-char-end": 0,
      "node-str": "java.lang.String"
    },
    {
      "type": "delete-node",
      "node": {
        "label": "protected",
        "type": "Modifier"
      },
      "location-before-char-start": 0,
      "location-before-char-end": 0,
      "node-str": "protected"
    },
    {
      "type": "delete-node",
      "node": {
        "label": "null",
        "type": "Literal"
      },
      "location-before-char-start": 1790,
      "location-before-char-end": 1793,
      "node-str": "null"
    },
    {
      "type": "delete-node",
      "node": {
        "label": "fileName",
        "type": "Field"
      },
      "location-before-char-start": 1722,
      "location-before-char-end": 1794,
      "node-str": "fileName"
    },
    {
      "type": "delete-node",
      "node": {
        "label": "boolean",
        "type": "VARIABLE_TYPE"
      },
      "location-before-char-start": 0,
      "location-before-char-end": 0,
      "node-str": "boolean"
    },
    {
      "type": "delete-node",
      "node": {
        "label": "protected",
        "type": "Modifier"
      },
      "location-before-char-start": 0,
      "location-before-char-end": 0,
      "node-str": "protected"
    },
    {
      "type": "delete-node",
      "node": {
        "label": "false",
        "type": "Literal"
      },
      "location-before-char-start": 1865,
      "location-before-char-end": 1869,
      "node-str": "false"
    },
    {
      "type": "delete-node",
      "node": {
        "label": "bufferedIO",
        "type": "Field"
      },
      "location-before-char-start": 1799,
      "location-before-char-end": 1870,
      "node-str": "bufferedIO"
    },
    {
      "type": "delete-node",
      "node": {
        "label": "public",
        "type": "Modifier"
      },
      "location-before-char-start": 0,
      "location-before-char-end": 0,
      "node-str": "public"
    },
    {
      "type": "delete-node",
      "node": {
        "label": "\u003cinit\u003e",
        "type": "Constructor"
      },
      "location-before-char-start": 1984,
      "location-before-char-end": 2074,
      "node-str": "\u003cinit\u003e"
    },
    {
      "type": "delete-node",
      "node": {
        "label": "void",
        "type": "RETURN_TYPE"
      },
      "location-before-char-start": 0,
      "location-before-char-end": 0,
      "node-str": "void"
    },
    {
      "type": "delete-node",
      "node": {
        "label": "java.io.IOException",
        "type": "THROWS"
      },
      "location-before-char-start": 0,
      "location-before-char-end": 0,
      "node-str": "java.io.IOException"
    },
    {
      "type": "delete-node",
      "node": {
        "label": "public",
        "type": "Modifier"
      },
      "location-before-char-start": 0,
      "location-before-char-end": 0,
      "node-str": "public"
    },
    {
      "type": "delete-node",
      "node": {
        "label": "synchronized",
        "type": "Modifier"
      },
      "location-before-char-start": 0,
      "location-before-char-end": 0,
      "node-str": "synchronized"
    },
    {
      "type": "delete-node",
      "node": {
        "label": "java.lang.String",
        "type": "VARIABLE_TYPE"
      },
      "location-before-char-start": 0,
      "location-before-char-end": 0,
      "node-str": "java.lang.String"
    },
    {
      "type": "delete-node",
      "node": {
        "label": "fileName",
        "type": "Parameter"
      },
      "location-before-char-start": 7699,
      "location-before-char-end": 7713,
      "node-str": "fileName"
    },
    {
      "type": "delete-node",
      "node": {
        "label": "boolean",
        "type": "VARIABLE_TYPE"
      },
      "location-before-char-start": 0,
      "location-before-char-end": 0,
      "node-str": "boolean"
    },
    {
      "type": "delete-node",
      "node": {
        "label": "append",
        "type": "Parameter"
      },
      "location-before-char-start": 7716,
      "location-before-char-end": 7729,
      "node-str": "append"
    },
    {
      "type": "delete-node",
      "node": {
        "label": "boolean",
        "type": "VARIABLE_TYPE"
      },
      "location-before-char-start": 0,
      "location-before-char-end": 0,
      "node-str": "boolean"
    },
    {
      "type": "delete-node",
      "node": {
        "label": "bufferedIO",
        "type": "Parameter"
      },
      "location-before-char-start": 7732,
      "location-before-char-end": 7749,
      "node-str": "bufferedIO"
    },
    {
      "type": "delete-node",
      "node": {
        "label": "int",
        "type": "VARIABLE_TYPE"
      },
      "location-before-char-start": 0,
      "location-before-char-end": 0,
      "node-str": "int"
    },
    {
      "type": "delete-node",
      "node": {
        "label": "bufferSize",
        "type": "Parameter"
      },
      "location-before-char-start": 7752,
      "location-before-char-end": 7765,
      "node-str": "bufferSize"
    },
    {
      "type": "delete-node",
      "node": {
        "label": "org.apache.log4j.FileAppender",
        "type": "TypeAccess"
      },
      "location-before-char-start": 0,
      "location-before-char-end": 0,
      "node-str": "org.apache.log4j.FileAppender"
    },
    {
      "type": "delete-node",
      "node": {
        "label": "reset",
        "type": "Invocation"
      },
      "location-before-char-start": 8043,
      "location-before-char-end": 8050,
      "node-str": "reset"
    },
    {
      "type": "delete-node",
      "node": {
        "label": "java.io.FileOutputStream",
        "type": "VARIABLE_TYPE"
      },
      "location-before-char-start": 0,
      "location-before-char-end": 0,
      "node-str": "java.io.FileOutputStream"
    },
    {
      "type": "delete-node",
      "node": {
        "label": "null",
        "type": "Literal"
      },
      "location-before-char-start": 8083,
      "location-before-char-end": 8086,
      "node-str": "null"
    },
    {
      "type": "delete-node",
      "node": {
        "label": "ostream",
        "type": "LocalVariable"
      },
      "location-before-char-start": 8056,
      "location-before-char-end": 8087,
      "node-str": "ostream"
    },
    {
      "type": "delete-node",
      "node": {
        "label": "java.io.FileNotFoundException",
        "type": "VARIABLE_TYPE"
      },
      "location-before-char-start": 0,
      "location-before-char-end": 0,
      "node-str": "java.io.FileNotFoundException"
    },
    {
      "type": "delete-node",
      "node": {
        "label": "ex",
        "type": "CatchVariable"
      },
      "location-before-char-start": 8235,
      "location-before-char-end": 8258,
      "node-str": "ex"
    },
    {
      "type": "delete-node",
      "node": {
        "label": "java.io.File",
        "type": "VARIABLE_TYPE"
      },
      "location-before-char-start": 0,
      "location-before-char-end": 0,
      "node-str": "java.io.File"
    },
    {
      "type": "delete-node",
      "node": {
        "label": "fileName",
        "type": "VariableRead"
      },
      "location-before-char-start": 8482,
      "location-before-char-end": 8489,
      "node-str": "fileName"
    },
    {
      "type": "delete-node",
      "node": {
        "label": "java.io.File(java.lang.String)",
        "type": "ConstructorCall"
      },
      "location-before-char-start": 8473,
      "location-before-char-end": 8490,
      "node-str": "java.io.File(java.lang.String)"
    },
    {
      "type": "delete-node",
      "node": {
        "label": "getParent",
        "type": "Invocation"
      },
      "location-before-char-start": 8473,
      "location-before-char-end": 8502,
      "node-str": "getParent"
    },
    {
      "type": "delete-node",
      "node": {
        "label": "java.io.File(java.lang.String)",
        "type": "ConstructorCall"
      },
      "location-before-char-start": 8464,
      "location-before-char-end": 8503,
      "node-str": "java.io.File(java.lang.String)"
    },
    {
      "type": "delete-node",
      "node": {
        "label": "parentDir",
        "type": "LocalVariable"
      },
      "location-before-char-start": 8447,
      "location-before-char-end": 8504,
      "node-str": "parentDir"
    },
    {
      "type": "delete-node",
      "node": {
        "label": "",
        "type": "Catch"
      },
      "location-before-char-start": 8228,
      "location-before-char-end": 8687,
      "node-str": ""
    },
    {
      "type": "delete-node",
      "node": {
        "label": "",
        "type": "Try"
      },
      "location-before-char-start": 8093,
      "location-before-char-end": 8687,
      "node-str": ""
    },
    {
      "type": "delete-node",
      "node": {
        "label": "org.apache.log4j.FileAppender",
        "type": "TypeAccess"
      },
      "location-before-char-start": 0,
      "location-before-char-end": 0,
      "node-str": "org.apache.log4j.FileAppender"
    },
    {
      "type": "delete-node",
      "node": {
        "label": "this",
        "type": "ThisAccess"
      },
      "location-before-char-start": 8806,
      "location-before-char-end": 8809,
      "node-str": "this"
    },
    {
      "type": "delete-node",
      "node": {
        "label": "fw",
        "type": "VariableRead"
      },
      "location-before-char-start": 8825,
      "location-before-char-end": 8826,
      "node-str": "fw"
    },
    {
      "type": "delete-node",
      "node": {
        "label": "setQWForFiles",
        "type": "Invocation"
      },
      "location-before-char-start": 8806,
      "location-before-char-end": 8828,
      "node-str": "setQWForFiles"
    },
    {
      "type": "delete-node",
      "node": {
        "label": "org.apache.log4j.FileAppender",
        "type": "TypeAccess"
      },
      "location-before-char-start": 0,
      "location-before-char-end": 0,
      "node-str": "org.apache.log4j.FileAppender"
    },
    {
      "type": "delete-node",
      "node": {
        "label": "writeHeader",
        "type": "Invocation"
      },
      "location-before-char-start": 8962,
      "location-before-char-end": 8975,
      "node-str": "writeHeader"
    },
    {
      "type": "delete-node",
      "node": {
        "label": "org.apache.log4j.helpers.LogLog",
        "type": "TypeAccess"
      },
      "location-before-char-start": 8981,
      "location-before-char-end": 8986,
      "node-str": "org.apache.log4j.helpers.LogLog"
    },
    {
      "type": "delete-node",
      "node": {
        "label": "\"setFile ended\"",
        "type": "Literal"
      },
      "location-before-char-start": 8994,
      "location-before-char-end": 9008,
      "node-str": "\"setFile ended\""
    },
    {
      "type": "delete-node",
      "node": {
        "label": "debug",
        "type": "Invocation"
      },
      "location-before-char-start": 8981,
      "location-before-char-end": 9010,
      "node-str": "debug"
    },
    {
      "type": "delete-node",
      "node": {
        "label": "setFile",
        "type": "Method"
      },
      "location-before-char-start": 7141,
      "location-before-char-end": 9014,
      "node-str": "setFile"
    },
    {
      "type": "delete-node",
      "node": {
        "label": "FileAppender",
        "type": "Class"
      },
      "location-before-char-start": 952,
      "location-before-char-end": 9432,
      "node-str": "FileAppender"
    }
  ],
  "before-file": {},
  "after-file": {},
  "mapping": {}
}