{
  "tool-info": {},
  "diff": [
    {
      "type": "insert-node",
      "node": {
        "label": "public",
        "type": "Modifier"
      },
      "location-after-char-start": 0,
      "location-after-char-end": 0,
      "node-str": "public"
    },
    {
      "type": "insert-node",
      "node": {
        "label": "fLastX",
        "type": "Field"
      },
      "location-after-char-start": 463,
      "location-after-char-end": 488,
      "node-str": "fLastX"
    },
    {
      "type": "insert-node",
      "node": {
        "label": "fLastY",
        "type": "Field"
      },
      "location-after-char-start": 463,
      "location-after-char-end": 497,
      "node-str": "fLastY"
    },
    {
      "type": "insert-node",
      "node": {
        "label": "targetUndoable",
        "type": "Field"
      },
      "location-after-char-start": 532,
      "location-after-char-end": 563,
      "node-str": "targetUndoable"
    },
    {
      "type": "insert-node",
      "node": {
        "label": "dv",
        "type": "Field"
      },
      "location-after-char-start": 566,
      "location-after-char-end": 588,
      "node-str": "dv"
    },
    {
      "type": "insert-node",
      "node": {
        "label": "editor",
        "type": "Field"
      },
      "location-after-char-start": 591,
      "location-after-char-end": 619,
      "node-str": "editor"
    },
    {
      "type": "insert-node",
      "node": {
        "label": "createTargetUndoActivity",
        "type": "Method"
      },
      "location-after-char-start": 7650,
      "location-after-char-end": 8046,
      "node-str": "createTargetUndoActivity"
    },
    {
      "type": "insert-node",
      "node": {
        "label": "getTargetUndoActivity",
        "type": "Method"
      },
      "location-after-char-start": 8139,
      "location-after-char-end": 8209,
      "node-str": "getTargetUndoActivity"
    },
    {
      "type": "insert-node",
      "node": {
        "label": "int",
        "type": "VARIABLE_TYPE"
      },
      "location-after-char-start": 0,
      "location-after-char-end": 0,
      "node-str": "int"
    },
    {
      "type": "insert-node",
      "node": {
        "label": "0",
        "type": "Literal"
      },
      "location-after-char-start": 486,
      "location-after-char-end": 486,
      "node-str": "0"
    },
    {
      "type": "insert-node",
      "node": {
        "label": "int",
        "type": "VARIABLE_TYPE"
      },
      "location-after-char-start": 0,
      "location-after-char-end": 0,
      "node-str": "int"
    },
    {
      "type": "insert-node",
      "node": {
        "label": "0",
        "type": "Literal"
      },
      "location-after-char-start": 496,
      "location-after-char-end": 496,
      "node-str": "0"
    },
    {
      "type": "insert-node",
      "node": {
        "label": "CH.ifa.draw.util.Undoable",
        "type": "VARIABLE_TYPE"
      },
      "location-after-char-start": 0,
      "location-after-char-end": 0,
      "node-str": "CH.ifa.draw.util.Undoable"
    },
    {
      "type": "insert-node",
      "node": {
        "label": "CH.ifa.draw.contrib.dnd.DrawingView",
        "type": "VARIABLE_TYPE"
      },
      "location-after-char-start": 0,
      "location-after-char-end": 0,
      "node-str": "CH.ifa.draw.contrib.dnd.DrawingView"
    },
    {
      "type": "insert-node",
      "node": {
        "label": "CH.ifa.draw.contrib.dnd.DrawingEditor",
        "type": "VARIABLE_TYPE"
      },
      "location-after-char-start": 0,
      "location-after-char-end": 0,
      "node-str": "CH.ifa.draw.contrib.dnd.DrawingEditor"
    },
    {
      "type": "move-subtree",
      "node": {
        "label": "if",
        "type": "If"
      },
      "location-before-char-start": 6870,
      "location-before-char-end": 7182,
      "location-after-char-start": 6746,
      "location-after-char-end": 7645,
      "node-str": "if"
    },
    {
      "type": "insert-node",
      "node": {
        "label": "CH.ifa.draw.util.Undoable",
        "type": "RETURN_TYPE"
      },
      "location-after-char-start": 0,
      "location-after-char-end": 0,
      "node-str": "CH.ifa.draw.util.Undoable"
    },
    {
      "type": "insert-node",
      "node": {
        "label": "protected",
        "type": "Modifier"
      },
      "location-after-char-start": 0,
      "location-after-char-end": 0,
      "node-str": "protected"
    },
    {
      "type": "insert-node",
      "node": {
        "label": "view",
        "type": "Parameter"
      },
      "location-after-char-start": 7987,
      "location-after-char-end": 8002,
      "node-str": "view"
    },
    {
      "type": "insert-node",
      "node": {
        "label": "return",
        "type": "Return"
      },
      "location-after-char-start": 8009,
      "location-after-char-end": 8043,
      "node-str": "return"
    },
    {
      "type": "insert-node",
      "node": {
        "label": "CH.ifa.draw.util.Undoable",
        "type": "RETURN_TYPE"
      },
      "location-after-char-start": 0,
      "location-after-char-end": 0,
      "node-str": "CH.ifa.draw.util.Undoable"
    },
    {
      "type": "insert-node",
      "node": {
        "label": "protected",
        "type": "Modifier"
      },
      "location-after-char-start": 0,
      "location-after-char-end": 0,
      "node-str": "protected"
    },
    {
      "type": "insert-node",
      "node": {
        "label": "return",
        "type": "Return"
      },
      "location-after-char-start": 8185,
      "location-after-char-end": 8206,
      "node-str": "return"
    },
    {
      "type": "insert-node",
      "node": {
        "label": "undone",
        "type": "Field"
      },
      "location-after-char-start": 8293,
      "location-after-char-end": 8321,
      "node-str": "undone"
    },
    {
      "type": "insert-node",
      "node": {
        "label": "release",
        "type": "Method"
      },
      "location-after-char-start": 9447,
      "location-after-char-end": 9874,
      "node-str": "release"
    },
    {
      "type": "move-subtree",
      "node": {
        "label": "EQ",
        "type": "BinaryOperator"
      },
      "location-before-char-start": 6788,
      "location-before-char-end": 6862,
      "location-after-char-start": 6750,
      "location-after-char-end": 6824,
      "node-str": "EQ"
    },
    {
      "type": "move-subtree",
      "node": {
        "label": "THEN",
        "type": "then"
      },
      "location-before-char-start": 6865,
      "location-before-char-end": 7186,
      "location-after-char-start": 6827,
      "location-after-char-end": 7025,
      "node-str": "THEN"
    },
    {
      "type": "move-subtree",
      "node": {
        "label": "ELSE",
        "type": "else"
      },
      "location-before-char-start": 7195,
      "location-before-char-end": 7806,
      "location-after-char-start": 7034,
      "location-after-char-end": 7645,
      "node-str": "ELSE"
    },
    {
      "type": "insert-node",
      "node": {
        "label": "DrawingView",
        "type": "VARIABLE_TYPE"
      },
      "location-after-char-start": 0,
      "location-after-char-end": 0,
      "node-str": "DrawingView"
    },
    {
      "type": "insert-node",
      "node": {
        "label": "CH.ifa.draw.contrib.dnd.JHDDropTargetListener$AddUndoActivity(CH.ifa.draw.contrib.dnd.DrawingView)",
        "type": "ConstructorCall"
      },
      "location-after-char-start": 8016,
      "location-after-char-end": 8042,
      "node-str": "CH.ifa.draw.contrib.dnd.JHDDropTargetListener$AddUndoActivity(CH.ifa.draw.contrib.dnd.DrawingView)"
    },
    {
      "type": "update-node",
      "node": {
        "label": "Undoable",
        "type": "VARIABLE_TYPE"
      },
      "location-before-char-start": 0,
      "location-before-char-end": 0,
      "location-after-char-start": 0,
      "location-after-char-end": 0,
      "node-str": "CH.ifa.draw.util.Undoable"
    },
    {
      "type": "insert-node",
      "node": {
        "label": "targetUndoable",
        "type": "FieldRead"
      },
      "location-after-char-start": 8192,
      "location-after-char-end": 8205,
      "node-str": "targetUndoable"
    },
    {
      "type": "update-node",
      "node": {
        "label": "UndoableAdapter",
        "type": "SUPER_TYPE"
      },
      "location-before-char-start": 0,
      "location-before-char-end": 0,
      "location-after-char-start": 0,
      "location-after-char-end": 0,
      "node-str": "CH.ifa.draw.util.UndoableAdapter"
    },
    {
      "type": "insert-node",
      "node": {
        "label": "boolean",
        "type": "VARIABLE_TYPE"
      },
      "location-after-char-start": 0,
      "location-after-char-end": 0,
      "node-str": "boolean"
    },
    {
      "type": "insert-node",
      "node": {
        "label": "false",
        "type": "Literal"
      },
      "location-after-char-start": 8316,
      "location-after-char-end": 8320,
      "node-str": "false"
    },
    {
      "type": "insert-node",
      "node": {
        "label": "while",
        "type": "While"
      },
      "location-after-char-start": 8842,
      "location-after-char-end": 8959,
      "node-str": "while"
    },
    {
      "type": "insert-node",
      "node": {
        "label": "\u003d",
        "type": "Assignment"
      },
      "location-after-char-start": 9062,
      "location-after-char-end": 9075,
      "node-str": "\u003d"
    },
    {
      "type": "insert-node",
      "node": {
        "label": "\u003d",
        "type": "Assignment"
      },
      "location-after-char-start": 9409,
      "location-after-char-end": 9423,
      "node-str": "\u003d"
    },
    {
      "type": "insert-node",
      "node": {
        "label": "void",
        "type": "RETURN_TYPE"
      },
      "location-after-char-start": 0,
      "location-after-char-end": 0,
      "node-str": "void"
    },
    {
      "type": "insert-node",
      "node": {
        "label": "public",
        "type": "Modifier"
      },
      "location-after-char-start": 0,
      "location-after-char-end": 0,
      "node-str": "public"
    },
    {
      "type": "insert-node",
      "node": {
        "label": "if",
        "type": "If"
      },
      "location-after-char-start": 9581,
      "location-after-char-end": 9786,
      "node-str": "if"
    },
    {
      "type": "insert-node",
      "node": {
        "label": "setAffectedFigures",
        "type": "Invocation"
      },
      "location-after-char-start": 9791,
      "location-after-char-end": 9870,
      "node-str": "setAffectedFigures"
    },
    {
      "type": "move-subtree",
      "node": {
        "label": "if",
        "type": "If"
      },
      "location-before-char-start": 7003,
      "location-before-char-end": 7182,
      "location-after-char-start": 6832,
      "location-after-char-end": 7021,
      "node-str": "if"
    },
    {
      "type": "insert-node",
      "node": {
        "label": "view",
        "type": "VariableRead"
      },
      "location-after-char-start": 8037,
      "location-after-char-end": 8040,
      "node-str": "view"
    },
    {
      "type": "insert-node",
      "node": {
        "label": "CH.ifa.draw.contrib.dnd.JHDDropTargetListener",
        "type": "TypeAccess"
      },
      "location-after-char-start": 0,
      "location-after-char-end": 0,
      "node-str": "CH.ifa.draw.contrib.dnd.JHDDropTargetListener"
    },
    {
      "type": "insert-node",
      "node": {
        "label": "hasNextFigure",
        "type": "Invocation"
      },
      "location-after-char-start": 8849,
      "location-after-char-end": 8866,
      "node-str": "hasNextFigure"
    },
    {
      "type": "insert-node",
      "node": {
        "label": "f",
        "type": "LocalVariable"
      },
      "location-after-char-start": 8878,
      "location-after-char-end": 8926,
      "node-str": "f"
    },
    {
      "type": "move-subtree",
      "node": {
        "label": "visit",
        "type": "Invocation"
      },
      "location-before-char-start": 9022,
      "location-before-char-end": 9044,
      "location-after-char-start": 8932,
      "location-after-char-end": 8954,
      "node-str": "visit"
    },
    {
      "type": "insert-node",
      "node": {
        "label": "undone",
        "type": "FieldWrite"
      },
      "location-after-char-start": 9062,
      "location-after-char-end": 9067,
      "node-str": "undone"
    },
    {
      "type": "insert-node",
      "node": {
        "label": "true",
        "type": "Literal"
      },
      "location-after-char-start": 9071,
      "location-after-char-end": 9074,
      "node-str": "true"
    },
    {
      "type": "insert-node",
      "node": {
        "label": "undone",
        "type": "FieldWrite"
      },
      "location-after-char-start": 9409,
      "location-after-char-end": 9414,
      "node-str": "undone"
    },
    {
      "type": "insert-node",
      "node": {
        "label": "false",
        "type": "Literal"
      },
      "location-after-char-start": 9418,
      "location-after-char-end": 9422,
      "node-str": "false"
    },
    {
      "type": "insert-node",
      "node": {
        "label": "EQ",
        "type": "BinaryOperator"
      },
      "location-after-char-start": 9584,
      "location-after-char-end": 9597,
      "node-str": "EQ"
    },
    {
      "type": "insert-node",
      "node": {
        "label": "THEN",
        "type": "then"
      },
      "location-after-char-start": 9599,
      "location-after-char-end": 9786,
      "node-str": "THEN"
    },
    {
      "type": "insert-node",
      "node": {
        "label": "CH.ifa.draw.contrib.dnd.JHDDropTargetListener$AddUndoActivity",
        "type": "TypeAccess"
      },
      "location-after-char-start": 0,
      "location-after-char-end": 0,
      "node-str": "CH.ifa.draw.contrib.dnd.JHDDropTargetListener$AddUndoActivity"
    },
    {
      "type": "insert-node",
      "node": {
        "label": "getEmptyEnumeration",
        "type": "Invocation"
      },
      "location-after-char-start": 9810,
      "location-after-char-end": 9868,
      "node-str": "getEmptyEnumeration"
    },
    {
      "type": "insert-node",
      "node": {
        "label": "NE",
        "type": "BinaryOperator"
      },
      "location-after-char-start": 6836,
      "location-after-char-end": 6897,
      "node-str": "NE"
    },
    {
      "type": "insert-node",
      "node": {
        "label": "fe",
        "type": "VariableRead"
      },
      "location-after-char-start": 8849,
      "location-after-char-end": 8850,
      "node-str": "fe"
    },
    {
      "type": "insert-node",
      "node": {
        "label": "CH.ifa.draw.framework.Figure",
        "type": "VARIABLE_TYPE"
      },
      "location-after-char-start": 0,
      "location-after-char-end": 0,
      "node-str": "CH.ifa.draw.framework.Figure"
    },
    {
      "type": "insert-node",
      "node": {
        "label": "nextFigure",
        "type": "Invocation"
      },
      "location-after-char-start": 8911,
      "location-after-char-end": 8925,
      "node-str": "nextFigure"
    },
    {
      "type": "insert-node",
      "node": {
        "label": "f",
        "type": "VariableRead"
      },
      "location-after-char-start": 8932,
      "location-after-char-end": 8932,
      "node-str": "f"
    },
    {
      "type": "insert-node",
      "node": {
        "label": "deleteVisitor",
        "type": "VariableRead"
      },
      "location-after-char-start": 8940,
      "location-after-char-end": 8952,
      "node-str": "deleteVisitor"
    },
    {
      "type": "insert-node",
      "node": {
        "label": "CH.ifa.draw.contrib.dnd.JHDDropTargetListener$AddUndoActivity",
        "type": "TypeAccess"
      },
      "location-after-char-start": 0,
      "location-after-char-end": 0,
      "node-str": "CH.ifa.draw.contrib.dnd.JHDDropTargetListener$AddUndoActivity"
    },
    {
      "type": "insert-node",
      "node": {
        "label": "CH.ifa.draw.contrib.dnd.JHDDropTargetListener$AddUndoActivity",
        "type": "TypeAccess"
      },
      "location-after-char-start": 0,
      "location-after-char-end": 0,
      "node-str": "CH.ifa.draw.contrib.dnd.JHDDropTargetListener$AddUndoActivity"
    },
    {
      "type": "insert-node",
      "node": {
        "label": "undone",
        "type": "FieldRead"
      },
      "location-after-char-start": 9584,
      "location-after-char-end": 9589,
      "node-str": "undone"
    },
    {
      "type": "insert-node",
      "node": {
        "label": "true",
        "type": "Literal"
      },
      "location-after-char-start": 9594,
      "location-after-char-end": 9597,
      "node-str": "true"
    },
    {
      "type": "insert-node",
      "node": {
        "label": "fe",
        "type": "LocalVariable"
      },
      "location-after-char-start": 9605,
      "location-after-char-end": 9648,
      "node-str": "fe"
    },
    {
      "type": "move-subtree",
      "node": {
        "label": "while",
        "type": "While"
      },
      "location-before-char-start": 8954,
      "location-before-char-end": 9049,
      "location-after-char-start": 9654,
      "location-after-char-end": 9781,
      "node-str": "while"
    },
    {
      "type": "insert-node",
      "node": {
        "label": "CH.ifa.draw.standard.FigureEnumerator",
        "type": "TypeAccess"
      },
      "location-after-char-start": 9810,
      "location-after-char-end": 9846,
      "node-str": "CH.ifa.draw.standard.FigureEnumerator"
    },
    {
      "type": "update-node",
      "node": {
        "label": "EQ",
        "type": "BinaryOperator"
      },
      "location-before-char-start": 7007,
      "location-before-char-end": 7054,
      "location-after-char-start": 6836,
      "location-after-char-end": 6892,
      "node-str": "BITAND"
    },
    {
      "type": "move-subtree",
      "node": {
        "label": "EQ",
        "type": "BinaryOperator"
      },
      "location-before-char-start": 7007,
      "location-before-char-end": 7054,
      "location-after-char-start": 6836,
      "location-after-char-end": 6892,
      "node-str": "BITAND"
    },
    {
      "type": "update-node",
      "node": {
        "label": "true",
        "type": "Literal"
      },
      "location-before-char-start": 6984,
      "location-before-char-end": 6987,
      "location-after-char-start": 6897,
      "location-after-char-end": 6897,
      "node-str": "0"
    },
    {
      "type": "move-subtree",
      "node": {
        "label": "true",
        "type": "Literal"
      },
      "location-before-char-start": 6984,
      "location-before-char-end": 6987,
      "location-after-char-start": 6897,
      "location-after-char-end": 6897,
      "node-str": "0"
    },
    {
      "type": "insert-node",
      "node": {
        "label": "fe",
        "type": "VariableRead"
      },
      "location-after-char-start": 8911,
      "location-after-char-end": 8912,
      "node-str": "fe"
    },
    {
      "type": "insert-node",
      "node": {
        "label": "CH.ifa.draw.contrib.dnd.JHDDropTargetListener$AddUndoActivity",
        "type": "TypeAccess"
      },
      "location-after-char-start": 0,
      "location-after-char-end": 0,
      "node-str": "CH.ifa.draw.contrib.dnd.JHDDropTargetListener$AddUndoActivity"
    },
    {
      "type": "insert-node",
      "node": {
        "label": "FigureEnumeration",
        "type": "VARIABLE_TYPE"
      },
      "location-after-char-start": 0,
      "location-after-char-end": 0,
      "node-str": "FigureEnumeration"
    },
    {
      "type": "insert-node",
      "node": {
        "label": "getAffectedFigures",
        "type": "Invocation"
      },
      "location-after-char-start": 9628,
      "location-after-char-end": 9647,
      "node-str": "getAffectedFigures"
    },
    {
      "type": "insert-node",
      "node": {
        "label": "remove",
        "type": "Invocation"
      },
      "location-after-char-start": 9721,
      "location-after-char-end": 9757,
      "node-str": "remove"
    },
    {
      "type": "insert-node",
      "node": {
        "label": "release",
        "type": "Invocation"
      },
      "location-after-char-start": 9764,
      "location-after-char-end": 9775,
      "node-str": "release"
    },
    {
      "type": "update-node",
      "node": {
        "label": "ACTION_MOVE",
        "type": "FieldRead"
      },
      "location-before-char-start": 7031,
      "location-before-char-end": 7054,
      "location-after-char-start": 6860,
      "location-after-char-end": 6891,
      "node-str": "ACTION_COPY_OR_MOVE"
    },
    {
      "type": "insert-node",
      "node": {
        "label": "getDropAction",
        "type": "Invocation"
      },
      "location-after-char-start": 6922,
      "location-after-char-end": 6941,
      "node-str": "getDropAction"
    },
    {
      "type": "insert-node",
      "node": {
        "label": "CH.ifa.draw.contrib.dnd.JHDDropTargetListener$AddUndoActivity",
        "type": "TypeAccess"
      },
      "location-after-char-start": 0,
      "location-after-char-end": 0,
      "node-str": "CH.ifa.draw.contrib.dnd.JHDDropTargetListener$AddUndoActivity"
    },
    {
      "type": "insert-node",
      "node": {
        "label": "drawing",
        "type": "Invocation"
      },
      "location-after-char-start": 9721,
      "location-after-char-end": 9746,
      "node-str": "drawing"
    },
    {
      "type": "move-subtree",
      "node": {
        "label": "f",
        "type": "VariableRead"
      },
      "location-before-char-start": 9022,
      "location-before-char-end": 9022,
      "location-after-char-start": 9755,
      "location-after-char-end": 9755,
      "node-str": "f"
    },
    {
      "type": "update-node",
      "node": {
        "label": "deleteVisitor",
        "type": "VariableRead"
      },
      "location-before-char-start": 9030,
      "location-before-char-end": 9042,
      "location-after-char-start": 9764,
      "location-after-char-end": 9764,
      "node-str": "f"
    },
    {
      "type": "move-subtree",
      "node": {
        "label": "deleteVisitor",
        "type": "VariableRead"
      },
      "location-before-char-start": 9030,
      "location-before-char-end": 9042,
      "location-after-char-start": 9764,
      "location-after-char-end": 9764,
      "node-str": "f"
    },
    {
      "type": "move-subtree",
      "node": {
        "label": "dtde",
        "type": "VariableRead"
      },
      "location-before-char-start": 4249,
      "location-before-char-end": 4252,
      "location-after-char-start": 4273,
      "location-after-char-end": 4276,
      "node-str": "dtde"
    },
    {
      "type": "insert-node",
      "node": {
        "label": "dtde",
        "type": "VariableRead"
      },
      "location-after-char-start": 6922,
      "location-after-char-end": 6925,
      "node-str": "dtde"
    },
    {
      "type": "insert-node",
      "node": {
        "label": "getDrawingView",
        "type": "Invocation"
      },
      "location-after-char-start": 9721,
      "location-after-char-end": 9736,
      "node-str": "getDrawingView"
    },
    {
      "type": "move-subtree",
      "node": {
        "label": "dtde",
        "type": "VariableRead"
      },
      "location-before-char-start": 4375,
      "location-before-char-end": 4378,
      "location-after-char-start": 4376,
      "location-after-char-end": 4379,
      "node-str": "dtde"
    },
    {
      "type": "insert-node",
      "node": {
        "label": "CH.ifa.draw.contrib.dnd.JHDDropTargetListener$AddUndoActivity",
        "type": "TypeAccess"
      },
      "location-after-char-start": 0,
      "location-after-char-end": 0,
      "node-str": "CH.ifa.draw.contrib.dnd.JHDDropTargetListener$AddUndoActivity"
    },
    {
      "type": "delete-node",
      "node": {
        "label": "public",
        "type": "Modifier"
      },
      "location-before-char-start": 0,
      "location-before-char-end": 0,
      "node-str": "public"
    },
    {
      "type": "delete-node",
      "node": {
        "label": "int",
        "type": "VARIABLE_TYPE"
      },
      "location-before-char-start": 0,
      "location-before-char-end": 0,
      "node-str": "int"
    },
    {
      "type": "delete-node",
      "node": {
        "label": "0",
        "type": "Literal"
      },
      "location-before-char-start": 500,
      "location-before-char-end": 500,
      "node-str": "0"
    },
    {
      "type": "delete-node",
      "node": {
        "label": "fLastX",
        "type": "Field"
      },
      "location-before-char-start": 477,
      "location-before-char-end": 502,
      "node-str": "fLastX"
    },
    {
      "type": "delete-node",
      "node": {
        "label": "int",
        "type": "VARIABLE_TYPE"
      },
      "location-before-char-start": 0,
      "location-before-char-end": 0,
      "node-str": "int"
    },
    {
      "type": "delete-node",
      "node": {
        "label": "0",
        "type": "Literal"
      },
      "location-before-char-start": 510,
      "location-before-char-end": 510,
      "node-str": "0"
    },
    {
      "type": "delete-node",
      "node": {
        "label": "fLastY",
        "type": "Field"
      },
      "location-before-char-start": 477,
      "location-before-char-end": 511,
      "node-str": "fLastY"
    },
    {
      "type": "delete-node",
      "node": {
        "label": "CH.ifa.draw.contrib.dnd.Undoable",
        "type": "VARIABLE_TYPE"
      },
      "location-before-char-start": 0,
      "location-before-char-end": 0,
      "node-str": "CH.ifa.draw.contrib.dnd.Undoable"
    },
    {
      "type": "delete-node",
      "node": {
        "label": "targetUndoable",
        "type": "Field"
      },
      "location-before-char-start": 546,
      "location-before-char-end": 577,
      "node-str": "targetUndoable"
    },
    {
      "type": "delete-node",
      "node": {
        "label": "CH.ifa.draw.contrib.dnd.DrawingView",
        "type": "VARIABLE_TYPE"
      },
      "location-before-char-start": 0,
      "location-before-char-end": 0,
      "node-str": "CH.ifa.draw.contrib.dnd.DrawingView"
    },
    {
      "type": "delete-node",
      "node": {
        "label": "dv",
        "type": "Field"
      },
      "location-before-char-start": 580,
      "location-before-char-end": 602,
      "node-str": "dv"
    },
    {
      "type": "delete-node",
      "node": {
        "label": "CH.ifa.draw.contrib.dnd.DrawingEditor",
        "type": "VARIABLE_TYPE"
      },
      "location-before-char-start": 0,
      "location-before-char-end": 0,
      "node-str": "CH.ifa.draw.contrib.dnd.DrawingEditor"
    },
    {
      "type": "delete-node",
      "node": {
        "label": "editor",
        "type": "Field"
      },
      "location-before-char-start": 605,
      "location-before-char-end": 633,
      "node-str": "editor"
    },
    {
      "type": "delete-node",
      "node": {
        "label": "\"DropTargetDragEvent-dragOver\"",
        "type": "Literal"
      },
      "location-before-char-start": 1796,
      "location-before-char-end": 1825,
      "node-str": "\"DropTargetDragEvent-dragOver\""
    },
    {
      "type": "delete-node",
      "node": {
        "label": "log",
        "type": "Invocation"
      },
      "location-before-char-start": 1792,
      "location-before-char-end": 1827,
      "node-str": "log"
    },
    {
      "type": "delete-node",
      "node": {
        "label": "getDropTargetContext",
        "type": "Invocation"
      },
      "location-before-char-start": 4249,
      "location-before-char-end": 4275,
      "node-str": "getDropTargetContext"
    },
    {
      "type": "delete-node",
      "node": {
        "label": "getDropTargetContext",
        "type": "Invocation"
      },
      "location-before-char-start": 4375,
      "location-before-char-end": 4401,
      "node-str": "getDropTargetContext"
    },
    {
      "type": "delete-node",
      "node": {
        "label": "java.awt.dnd.DnDConstants",
        "type": "TypeAccess"
      },
      "location-before-char-start": 7079,
      "location-before-char-end": 7090,
      "node-str": "java.awt.dnd.DnDConstants"
    },
    {
      "type": "delete-node",
      "node": {
        "label": "ACTION_MOVE",
        "type": "FieldRead"
      },
      "location-before-char-start": 7079,
      "location-before-char-end": 7102,
      "node-str": "ACTION_MOVE"
    },
    {
      "type": "delete-node",
      "node": {
        "label": "dtde",
        "type": "VariableRead"
      },
      "location-before-char-start": 6874,
      "location-before-char-end": 6877,
      "node-str": "dtde"
    },
    {
      "type": "delete-node",
      "node": {
        "label": "getDropAction",
        "type": "Invocation"
      },
      "location-before-char-start": 6874,
      "location-before-char-end": 6893,
      "node-str": "getDropAction"
    },
    {
      "type": "delete-node",
      "node": {
        "label": "java.awt.dnd.DnDConstants",
        "type": "TypeAccess"
      },
      "location-before-char-start": 6898,
      "location-before-char-end": 6909,
      "node-str": "java.awt.dnd.DnDConstants"
    },
    {
      "type": "delete-node",
      "node": {
        "label": "ACTION_COPY",
        "type": "FieldRead"
      },
      "location-before-char-start": 6898,
      "location-before-char-end": 6921,
      "node-str": "ACTION_COPY"
    },
    {
      "type": "delete-node",
      "node": {
        "label": "EQ",
        "type": "BinaryOperator"
      },
      "location-before-char-start": 6874,
      "location-before-char-end": 6921,
      "node-str": "EQ"
    },
    {
      "type": "delete-node",
      "node": {
        "label": "dtde",
        "type": "VariableRead"
      },
      "location-before-char-start": 6930,
      "location-before-char-end": 6933,
      "node-str": "dtde"
    },
    {
      "type": "delete-node",
      "node": {
        "label": "java.awt.dnd.DnDConstants",
        "type": "TypeAccess"
      },
      "location-before-char-start": 6946,
      "location-before-char-end": 6957,
      "node-str": "java.awt.dnd.DnDConstants"
    },
    {
      "type": "delete-node",
      "node": {
        "label": "ACTION_COPY",
        "type": "FieldRead"
      },
      "location-before-char-start": 6946,
      "location-before-char-end": 6969,
      "node-str": "ACTION_COPY"
    },
    {
      "type": "delete-node",
      "node": {
        "label": "acceptDrag",
        "type": "Invocation"
      },
      "location-before-char-start": 6930,
      "location-before-char-end": 6971,
      "node-str": "acceptDrag"
    },
    {
      "type": "delete-node",
      "node": {
        "label": "return",
        "type": "Return"
      },
      "location-before-char-start": 6977,
      "location-before-char-end": 6988,
      "node-str": "return"
    },
    {
      "type": "delete-node",
      "node": {
        "label": "THEN",
        "type": "then"
      },
      "location-before-char-start": 6924,
      "location-before-char-end": 6993,
      "node-str": "THEN"
    },
    {
      "type": "delete-node",
      "node": {
        "label": "ELSE",
        "type": "else"
      },
      "location-before-char-start": 7003,
      "location-before-char-end": 7182,
      "node-str": "ELSE"
    },
    {
      "type": "delete-node",
      "node": {
        "label": "if",
        "type": "If"
      },
      "location-before-char-start": 6784,
      "location-before-char-end": 7806,
      "node-str": "if"
    },
    {
      "type": "delete-node",
      "node": {
        "label": "CH.ifa.draw.contrib.dnd.Undoable",
        "type": "RETURN_TYPE"
      },
      "location-before-char-start": 0,
      "location-before-char-end": 0,
      "node-str": "CH.ifa.draw.contrib.dnd.Undoable"
    },
    {
      "type": "delete-node",
      "node": {
        "label": "protected",
        "type": "Modifier"
      },
      "location-before-char-start": 0,
      "location-before-char-end": 0,
      "node-str": "protected"
    },
    {
      "type": "delete-node",
      "node": {
        "label": "DrawingView",
        "type": "VARIABLE_TYPE"
      },
      "location-before-char-start": 0,
      "location-before-char-end": 0,
      "node-str": "DrawingView"
    },
    {
      "type": "delete-node",
      "node": {
        "label": "view",
        "type": "Parameter"
      },
      "location-before-char-start": 8148,
      "location-before-char-end": 8163,
      "node-str": "view"
    },
    {
      "type": "delete-node",
      "node": {
        "label": "view",
        "type": "VariableRead"
      },
      "location-before-char-start": 8198,
      "location-before-char-end": 8201,
      "node-str": "view"
    },
    {
      "type": "delete-node",
      "node": {
        "label": "CH.ifa.draw.contrib.dnd.JHDDropTargetListener$AddUndoActivity(CH.ifa.draw.contrib.dnd.DrawingView)",
        "type": "ConstructorCall"
      },
      "location-before-char-start": 8177,
      "location-before-char-end": 8203,
      "node-str": "CH.ifa.draw.contrib.dnd.JHDDropTargetListener$AddUndoActivity(CH.ifa.draw.contrib.dnd.DrawingView)"
    },
    {
      "type": "delete-node",
      "node": {
        "label": "return",
        "type": "Return"
      },
      "location-before-char-start": 8170,
      "location-before-char-end": 8204,
      "node-str": "return"
    },
    {
      "type": "delete-node",
      "node": {
        "label": "createTargetUndoActivity",
        "type": "Method"
      },
      "location-before-char-start": 7811,
      "location-before-char-end": 8207,
      "node-str": "createTargetUndoActivity"
    },
    {
      "type": "delete-node",
      "node": {
        "label": "CH.ifa.draw.contrib.dnd.Undoable",
        "type": "RETURN_TYPE"
      },
      "location-before-char-start": 0,
      "location-before-char-end": 0,
      "node-str": "CH.ifa.draw.contrib.dnd.Undoable"
    },
    {
      "type": "delete-node",
      "node": {
        "label": "protected",
        "type": "Modifier"
      },
      "location-before-char-start": 0,
      "location-before-char-end": 0,
      "node-str": "protected"
    },
    {
      "type": "delete-node",
      "node": {
        "label": "CH.ifa.draw.contrib.dnd.JHDDropTargetListener",
        "type": "TypeAccess"
      },
      "location-before-char-start": 0,
      "location-before-char-end": 0,
      "node-str": "CH.ifa.draw.contrib.dnd.JHDDropTargetListener"
    },
    {
      "type": "delete-node",
      "node": {
        "label": "targetUndoable",
        "type": "FieldRead"
      },
      "location-before-char-start": 8353,
      "location-before-char-end": 8366,
      "node-str": "targetUndoable"
    },
    {
      "type": "delete-node",
      "node": {
        "label": "return",
        "type": "Return"
      },
      "location-before-char-start": 8346,
      "location-before-char-end": 8367,
      "node-str": "return"
    },
    {
      "type": "delete-node",
      "node": {
        "label": "getTargetUndoActivity",
        "type": "Method"
      },
      "location-before-char-start": 8300,
      "location-before-char-end": 8370,
      "node-str": "getTargetUndoActivity"
    }
  ],
  "before-file": {},
  "after-file": {},
  "mapping": {}
}