{
  "tool-info": {},
  "diff": [
    {
      "type": "insert-node",
      "node": {
        "label": "",
        "type": "TypeReference"
      },
      "location-after-char-start": 689,
      "location-after-char-end": 702,
      "node-str": ""
    },
    {
      "type": "insert-node",
      "node": {
        "label": "OFFSET",
        "type": "Field"
      },
      "location-after-char-start": 708,
      "location-after-char-end": 743,
      "node-str": "OFFSET"
    },
    {
      "type": "insert-node",
      "node": {
        "label": "\u003cinit\u003e",
        "type": "Constructor"
      },
      "location-after-char-start": 747,
      "location-after-char-end": 1011,
      "node-str": "\u003cinit\u003e"
    },
    {
      "type": "insert-node",
      "node": {
        "label": "invokeStep",
        "type": "Method"
      },
      "location-after-char-start": 1015,
      "location-after-char-end": 1483,
      "node-str": "invokeStep"
    },
    {
      "type": "insert-node",
      "node": {
        "label": "invokeEnd",
        "type": "Method"
      },
      "location-after-char-start": 1487,
      "location-after-char-end": 1900,
      "node-str": "invokeEnd"
    },
    {
      "type": "insert-node",
      "node": {
        "label": "createUndoActivity",
        "type": "Method"
      },
      "location-after-char-start": 2339,
      "location-after-char-end": 2503,
      "node-str": "createUndoActivity"
    },
    {
      "type": "insert-node",
      "node": {
        "label": "UndoActivity",
        "type": "Class"
      },
      "location-after-char-start": 2508,
      "location-after-char-end": 3500,
      "node-str": "UndoActivity"
    },
    {
      "type": "insert-node",
      "node": {
        "label": "AbstractHandle",
        "type": "SUPER_TYPE"
      },
      "location-after-char-start": 0,
      "location-after-char-end": 0,
      "node-str": "AbstractHandle"
    },
    {
      "type": "insert-node",
      "node": {
        "label": "int",
        "type": "VARIABLE_TYPE"
      },
      "location-after-char-start": 0,
      "location-after-char-end": 0,
      "node-str": "int"
    },
    {
      "type": "insert-node",
      "node": {
        "label": "final",
        "type": "Modifier"
      },
      "location-after-char-start": 0,
      "location-after-char-end": 0,
      "node-str": "final"
    },
    {
      "type": "insert-node",
      "node": {
        "label": "static",
        "type": "Modifier"
      },
      "location-after-char-start": 0,
      "location-after-char-end": 0,
      "node-str": "static"
    },
    {
      "type": "insert-node",
      "node": {
        "label": "4",
        "type": "Literal"
      },
      "location-after-char-start": 742,
      "location-after-char-end": 742,
      "node-str": "4"
    },
    {
      "type": "insert-node",
      "node": {
        "label": "public",
        "type": "Modifier"
      },
      "location-after-char-start": 0,
      "location-after-char-end": 0,
      "node-str": "public"
    },
    {
      "type": "insert-node",
      "node": {
        "label": "owner",
        "type": "Parameter"
      },
      "location-after-char-start": 767,
      "location-after-char-end": 792,
      "node-str": "owner"
    },
    {
      "type": "insert-node",
      "node": {
        "label": "\u003cinit\u003e",
        "type": "Invocation"
      },
      "location-after-char-start": 799,
      "location-after-char-end": 811,
      "node-str": "\u003cinit\u003e"
    },
    {
      "type": "insert-node",
      "node": {
        "label": "setUndoActivity",
        "type": "Invocation"
      },
      "location-after-char-start": 815,
      "location-after-char-end": 852,
      "node-str": "setUndoActivity"
    },
    {
      "type": "insert-node",
      "node": {
        "label": "setAffectedFigures",
        "type": "Invocation"
      },
      "location-after-char-start": 856,
      "location-after-char-end": 929,
      "node-str": "setAffectedFigures"
    },
    {
      "type": "insert-node",
      "node": {
        "label": "setOldRadius",
        "type": "Invocation"
      },
      "location-after-char-start": 933,
      "location-after-char-end": 1008,
      "node-str": "setOldRadius"
    },
    {
      "type": "insert-node",
      "node": {
        "label": "void",
        "type": "RETURN_TYPE"
      },
      "location-after-char-start": 0,
      "location-after-char-end": 0,
      "node-str": "void"
    },
    {
      "type": "insert-node",
      "node": {
        "label": "public",
        "type": "Modifier"
      },
      "location-after-char-start": 0,
      "location-after-char-end": 0,
      "node-str": "public"
    },
    {
      "type": "insert-node",
      "node": {
        "label": "x",
        "type": "Parameter"
      },
      "location-after-char-start": 1039,
      "location-after-char-end": 1043,
      "node-str": "x"
    },
    {
      "type": "insert-node",
      "node": {
        "label": "y",
        "type": "Parameter"
      },
      "location-after-char-start": 1046,
      "location-after-char-end": 1050,
      "node-str": "y"
    },
    {
      "type": "insert-node",
      "node": {
        "label": "anchorX",
        "type": "Parameter"
      },
      "location-after-char-start": 1053,
      "location-after-char-end": 1063,
      "node-str": "anchorX"
    },
    {
      "type": "insert-node",
      "node": {
        "label": "anchorY",
        "type": "Parameter"
      },
      "location-after-char-start": 1066,
      "location-after-char-end": 1076,
      "node-str": "anchorY"
    },
    {
      "type": "insert-node",
      "node": {
        "label": "view",
        "type": "Parameter"
      },
      "location-after-char-start": 1079,
      "location-after-char-end": 1094,
      "node-str": "view"
    },
    {
      "type": "move-subtree",
      "node": {
        "label": "dx",
        "type": "LocalVariable"
      },
      "location-before-char-start": 787,
      "location-before-char-end": 805,
      "location-after-char-start": 1101,
      "location-after-char-end": 1119,
      "node-str": "dx"
    },
    {
      "type": "move-subtree",
      "node": {
        "label": "dy",
        "type": "LocalVariable"
      },
      "location-before-char-start": 815,
      "location-before-char-end": 833,
      "location-after-char-start": 1123,
      "location-after-char-end": 1141,
      "node-str": "dy"
    },
    {
      "type": "insert-node",
      "node": {
        "label": "owner",
        "type": "LocalVariable"
      },
      "location-after-char-start": 1145,
      "location-after-char-end": 1203,
      "node-str": "owner"
    },
    {
      "type": "insert-node",
      "node": {
        "label": "r",
        "type": "LocalVariable"
      },
      "location-after-char-start": 1207,
      "location-after-char-end": 1239,
      "node-str": "r"
    },
    {
      "type": "insert-node",
      "node": {
        "label": "originalRadius",
        "type": "LocalVariable"
      },
      "location-after-char-start": 1243,
      "location-after-char-end": 1327,
      "node-str": "originalRadius"
    },
    {
      "type": "insert-node",
      "node": {
        "label": "rx",
        "type": "LocalVariable"
      },
      "location-after-char-start": 1331,
      "location-after-char-end": 1391,
      "node-str": "rx"
    },
    {
      "type": "insert-node",
      "node": {
        "label": "ry",
        "type": "LocalVariable"
      },
      "location-after-char-start": 1395,
      "location-after-char-end": 1456,
      "node-str": "ry"
    },
    {
      "type": "insert-node",
      "node": {
        "label": "setArc",
        "type": "Invocation"
      },
      "location-after-char-start": 1460,
      "location-after-char-end": 1480,
      "node-str": "setArc"
    },
    {
      "type": "insert-node",
      "node": {
        "label": "void",
        "type": "RETURN_TYPE"
      },
      "location-after-char-start": 0,
      "location-after-char-end": 0,
      "node-str": "void"
    },
    {
      "type": "insert-node",
      "node": {
        "label": "public",
        "type": "Modifier"
      },
      "location-after-char-start": 0,
      "location-after-char-end": 0,
      "node-str": "public"
    },
    {
      "type": "insert-node",
      "node": {
        "label": "x",
        "type": "Parameter"
      },
      "location-after-char-start": 1509,
      "location-after-char-end": 1513,
      "node-str": "x"
    },
    {
      "type": "insert-node",
      "node": {
        "label": "y",
        "type": "Parameter"
      },
      "location-after-char-start": 1516,
      "location-after-char-end": 1520,
      "node-str": "y"
    },
    {
      "type": "insert-node",
      "node": {
        "label": "anchorX",
        "type": "Parameter"
      },
      "location-after-char-start": 1523,
      "location-after-char-end": 1533,
      "node-str": "anchorX"
    },
    {
      "type": "insert-node",
      "node": {
        "label": "anchorY",
        "type": "Parameter"
      },
      "location-after-char-start": 1536,
      "location-after-char-end": 1546,
      "node-str": "anchorY"
    },
    {
      "type": "insert-node",
      "node": {
        "label": "view",
        "type": "Parameter"
      },
      "location-after-char-start": 1549,
      "location-after-char-end": 1564,
      "node-str": "view"
    },
    {
      "type": "insert-node",
      "node": {
        "label": "currentRadius",
        "type": "LocalVariable"
      },
      "location-after-char-start": 1571,
      "location-after-char-end": 1633,
      "node-str": "currentRadius"
    },
    {
      "type": "insert-node",
      "node": {
        "label": "originalRadius",
        "type": "LocalVariable"
      },
      "location-after-char-start": 1637,
      "location-after-char-end": 1721,
      "node-str": "originalRadius"
    },
    {
      "type": "insert-node",
      "node": {
        "label": "if",
        "type": "If"
      },
      "location-after-char-start": 1783,
      "location-after-char-end": 1897,
      "node-str": "if"
    },
    {
      "type": "insert-node",
      "node": {
        "label": "owner",
        "type": "LocalVariable"
      },
      "location-after-char-start": 1930,
      "location-after-char-end": 1988,
      "node-str": "owner"
    },
    {
      "type": "insert-node",
      "node": {
        "label": "CH.ifa.draw.util.Undoable",
        "type": "RETURN_TYPE"
      },
      "location-after-char-start": 0,
      "location-after-char-end": 0,
      "node-str": "CH.ifa.draw.util.Undoable"
    },
    {
      "type": "insert-node",
      "node": {
        "label": "protected",
        "type": "Modifier"
      },
      "location-after-char-start": 0,
      "location-after-char-end": 0,
      "node-str": "protected"
    },
    {
      "type": "insert-node",
      "node": {
        "label": "return",
        "type": "Return"
      },
      "location-after-char-start": 2462,
      "location-after-char-end": 2500,
      "node-str": "return"
    },
    {
      "type": "insert-node",
      "node": {
        "label": "public",
        "type": "Modifier"
      },
      "location-after-char-start": 0,
      "location-after-char-end": 0,
      "node-str": "public"
    },
    {
      "type": "insert-node",
      "node": {
        "label": "static",
        "type": "Modifier"
      },
      "location-after-char-start": 0,
      "location-after-char-end": 0,
      "node-str": "static"
    },
    {
      "type": "insert-node",
      "node": {
        "label": "",
        "type": "TypeReference"
      },
      "location-after-char-start": 2549,
      "location-after-char-end": 2563,
      "node-str": ""
    },
    {
      "type": "insert-node",
      "node": {
        "label": "myOldRadius",
        "type": "Field"
      },
      "location-after-char-start": 2569,
      "location-after-char-end": 2594,
      "node-str": "myOldRadius"
    },
    {
      "type": "insert-node",
      "node": {
        "label": "\u003cinit\u003e",
        "type": "Constructor"
      },
      "location-after-char-start": 2601,
      "location-after-char-end": 2687,
      "node-str": "\u003cinit\u003e"
    },
    {
      "type": "insert-node",
      "node": {
        "label": "undo",
        "type": "Method"
      },
      "location-after-char-start": 2694,
      "location-after-char-end": 2793,
      "node-str": "undo"
    },
    {
      "type": "insert-node",
      "node": {
        "label": "redo",
        "type": "Method"
      },
      "location-after-char-start": 2799,
      "location-after-char-end": 2968,
      "node-str": "redo"
    },
    {
      "type": "insert-node",
      "node": {
        "label": "resetRadius",
        "type": "Method"
      },
      "location-after-char-start": 2973,
      "location-after-char-end": 3347,
      "node-str": "resetRadius"
    },
    {
      "type": "insert-node",
      "node": {
        "label": "setOldRadius",
        "type": "Method"
      },
      "location-after-char-start": 3354,
      "location-after-char-end": 3437,
      "node-str": "setOldRadius"
    },
    {
      "type": "insert-node",
      "node": {
        "label": "getOldRadius",
        "type": "Method"
      },
      "location-after-char-start": 3442,
      "location-after-char-end": 3497,
      "node-str": "getOldRadius"
    },
    {
      "type": "insert-node",
      "node": {
        "label": "RoundRectangleFigure",
        "type": "VARIABLE_TYPE"
      },
      "location-after-char-start": 0,
      "location-after-char-end": 0,
      "node-str": "RoundRectangleFigure"
    },
    {
      "type": "insert-node",
      "node": {
        "label": "owner",
        "type": "VariableRead"
      },
      "location-after-char-start": 805,
      "location-after-char-end": 809,
      "node-str": "owner"
    },
    {
      "type": "insert-node",
      "node": {
        "label": "CH.ifa.draw.figures.RadiusHandle",
        "type": "TypeAccess"
      },
      "location-after-char-start": 0,
      "location-after-char-end": 0,
      "node-str": "CH.ifa.draw.figures.RadiusHandle"
    },
    {
      "type": "insert-node",
      "node": {
        "label": "createUndoActivity",
        "type": "Invocation"
      },
      "location-after-char-start": 831,
      "location-after-char-end": 850,
      "node-str": "createUndoActivity"
    },
    {
      "type": "insert-node",
      "node": {
        "label": "getUndoActivity",
        "type": "Invocation"
      },
      "location-after-char-start": 856,
      "location-after-char-end": 872,
      "node-str": "getUndoActivity"
    },
    {
      "type": "insert-node",
      "node": {
        "label": "java.lang.Object()",
        "type": "ConstructorCall"
      },
      "location-after-char-start": 893,
      "location-after-char-end": 927,
      "node-str": "java.lang.Object()"
    },
    {
      "type": "insert-node",
      "node": {
        "label": "getUndoActivity",
        "type": "Invocation"
      },
      "location-after-char-start": 933,
      "location-after-char-end": 978,
      "node-str": "getUndoActivity"
    },
    {
      "type": "insert-node",
      "node": {
        "label": "getArc",
        "type": "Invocation"
      },
      "location-after-char-start": 993,
      "location-after-char-end": 1006,
      "node-str": "getArc"
    },
    {
      "type": "insert-node",
      "node": {
        "label": "int",
        "type": "VARIABLE_TYPE"
      },
      "location-after-char-start": 0,
      "location-after-char-end": 0,
      "node-str": "int"
    },
    {
      "type": "insert-node",
      "node": {
        "label": "int",
        "type": "VARIABLE_TYPE"
      },
      "location-after-char-start": 0,
      "location-after-char-end": 0,
      "node-str": "int"
    },
    {
      "type": "insert-node",
      "node": {
        "label": "int",
        "type": "VARIABLE_TYPE"
      },
      "location-after-char-start": 0,
      "location-after-char-end": 0,
      "node-str": "int"
    },
    {
      "type": "insert-node",
      "node": {
        "label": "int",
        "type": "VARIABLE_TYPE"
      },
      "location-after-char-start": 0,
      "location-after-char-end": 0,
      "node-str": "int"
    },
    {
      "type": "insert-node",
      "node": {
        "label": "DrawingView",
        "type": "VARIABLE_TYPE"
      },
      "location-after-char-start": 0,
      "location-after-char-end": 0,
      "node-str": "DrawingView"
    },
    {
      "type": "insert-node",
      "node": {
        "label": "RoundRectangleFigure",
        "type": "VARIABLE_TYPE"
      },
      "location-after-char-start": 0,
      "location-after-char-end": 0,
      "node-str": "RoundRectangleFigure"
    },
    {
      "type": "insert-node",
      "node": {
        "label": "owner",
        "type": "Invocation"
      },
      "location-after-char-start": 1174,
      "location-after-char-end": 1202,
      "node-str": "owner"
    },
    {
      "type": "insert-node",
      "node": {
        "label": "java.awt.Rectangle",
        "type": "VARIABLE_TYPE"
      },
      "location-after-char-start": 0,
      "location-after-char-end": 0,
      "node-str": "java.awt.Rectangle"
    },
    {
      "type": "insert-node",
      "node": {
        "label": "displayBox",
        "type": "Invocation"
      },
      "location-after-char-start": 1221,
      "location-after-char-end": 1238,
      "node-str": "displayBox"
    },
    {
      "type": "insert-node",
      "node": {
        "label": "java.awt.Point",
        "type": "VARIABLE_TYPE"
      },
      "location-after-char-start": 0,
      "location-after-char-end": 0,
      "node-str": "java.awt.Point"
    },
    {
      "type": "insert-node",
      "node": {
        "label": "getOldRadius",
        "type": "Invocation"
      },
      "location-after-char-start": 1266,
      "location-after-char-end": 1326,
      "node-str": "getOldRadius"
    },
    {
      "type": "insert-node",
      "node": {
        "label": "int",
        "type": "VARIABLE_TYPE"
      },
      "location-after-char-start": 0,
      "location-after-char-end": 0,
      "node-str": "int"
    },
    {
      "type": "insert-node",
      "node": {
        "label": "range",
        "type": "Invocation"
      },
      "location-after-char-start": 1340,
      "location-after-char-end": 1390,
      "node-str": "range"
    },
    {
      "type": "insert-node",
      "node": {
        "label": "int",
        "type": "VARIABLE_TYPE"
      },
      "location-after-char-start": 0,
      "location-after-char-end": 0,
      "node-str": "int"
    },
    {
      "type": "insert-node",
      "node": {
        "label": "range",
        "type": "Invocation"
      },
      "location-after-char-start": 1404,
      "location-after-char-end": 1455,
      "node-str": "range"
    },
    {
      "type": "insert-node",
      "node": {
        "label": "owner",
        "type": "VariableRead"
      },
      "location-after-char-start": 1460,
      "location-after-char-end": 1464,
      "node-str": "owner"
    },
    {
      "type": "insert-node",
      "node": {
        "label": "rx",
        "type": "VariableRead"
      },
      "location-after-char-start": 1473,
      "location-after-char-end": 1474,
      "node-str": "rx"
    },
    {
      "type": "insert-node",
      "node": {
        "label": "ry",
        "type": "VariableRead"
      },
      "location-after-char-start": 1477,
      "location-after-char-end": 1478,
      "node-str": "ry"
    },
    {
      "type": "insert-node",
      "node": {
        "label": "int",
        "type": "VARIABLE_TYPE"
      },
      "location-after-char-start": 0,
      "location-after-char-end": 0,
      "node-str": "int"
    },
    {
      "type": "insert-node",
      "node": {
        "label": "int",
        "type": "VARIABLE_TYPE"
      },
      "location-after-char-start": 0,
      "location-after-char-end": 0,
      "node-str": "int"
    },
    {
      "type": "insert-node",
      "node": {
        "label": "int",
        "type": "VARIABLE_TYPE"
      },
      "location-after-char-start": 0,
      "location-after-char-end": 0,
      "node-str": "int"
    },
    {
      "type": "insert-node",
      "node": {
        "label": "int",
        "type": "VARIABLE_TYPE"
      },
      "location-after-char-start": 0,
      "location-after-char-end": 0,
      "node-str": "int"
    },
    {
      "type": "insert-node",
      "node": {
        "label": "DrawingView",
        "type": "VARIABLE_TYPE"
      },
      "location-after-char-start": 0,
      "location-after-char-end": 0,
      "node-str": "DrawingView"
    },
    {
      "type": "insert-node",
      "node": {
        "label": "java.awt.Point",
        "type": "VARIABLE_TYPE"
      },
      "location-after-char-start": 0,
      "location-after-char-end": 0,
      "node-str": "java.awt.Point"
    },
    {
      "type": "insert-node",
      "node": {
        "label": "getArc",
        "type": "Invocation"
      },
      "location-after-char-start": 1593,
      "location-after-char-end": 1632,
      "node-str": "getArc"
    },
    {
      "type": "insert-node",
      "node": {
        "label": "java.awt.Point",
        "type": "VARIABLE_TYPE"
      },
      "location-after-char-start": 0,
      "location-after-char-end": 0,
      "node-str": "java.awt.Point"
    },
    {
      "type": "insert-node",
      "node": {
        "label": "getOldRadius",
        "type": "Invocation"
      },
      "location-after-char-start": 1660,
      "location-after-char-end": 1720,
      "node-str": "getOldRadius"
    },
    {
      "type": "insert-node",
      "node": {
        "label": "AND",
        "type": "BinaryOperator"
      },
      "location-after-char-start": 1787,
      "location-after-char-end": 1864,
      "node-str": "AND"
    },
    {
      "type": "insert-node",
      "node": {
        "label": "THEN",
        "type": "then"
      },
      "location-after-char-start": 1867,
      "location-after-char-end": 1897,
      "node-str": "THEN"
    },
    {
      "type": "insert-node",
      "node": {
        "label": "RoundRectangleFigure",
        "type": "VARIABLE_TYPE"
      },
      "location-after-char-start": 0,
      "location-after-char-end": 0,
      "node-str": "RoundRectangleFigure"
    },
    {
      "type": "insert-node",
      "node": {
        "label": "owner",
        "type": "Invocation"
      },
      "location-after-char-start": 1959,
      "location-after-char-end": 1987,
      "node-str": "owner"
    },
    {
      "type": "insert-node",
      "node": {
        "label": "CH.ifa.draw.figures.RadiusHandle$UndoActivity()",
        "type": "ConstructorCall"
      },
      "location-after-char-start": 2469,
      "location-after-char-end": 2499,
      "node-str": "CH.ifa.draw.figures.RadiusHandle$UndoActivity()"
    },
    {
      "type": "insert-node",
      "node": {
        "label": "CH.ifa.draw.util.UndoableAdapter",
        "type": "SUPER_TYPE"
      },
      "location-after-char-start": 0,
      "location-after-char-end": 0,
      "node-str": "CH.ifa.draw.util.UndoableAdapter"
    },
    {
      "type": "insert-node",
      "node": {
        "label": "java.awt.Point",
        "type": "VARIABLE_TYPE"
      },
      "location-after-char-start": 0,
      "location-after-char-end": 0,
      "node-str": "java.awt.Point"
    },
    {
      "type": "insert-node",
      "node": {
        "label": "public",
        "type": "Modifier"
      },
      "location-after-char-start": 0,
      "location-after-char-end": 0,
      "node-str": "public"
    },
    {
      "type": "insert-node",
      "node": {
        "label": "\u003cinit\u003e",
        "type": "Invocation"
      },
      "location-after-char-start": 2628,
      "location-after-char-end": 2639,
      "node-str": "\u003cinit\u003e"
    },
    {
      "type": "insert-node",
      "node": {
        "label": "setUndoable",
        "type": "Invocation"
      },
      "location-after-char-start": 2644,
      "location-after-char-end": 2661,
      "node-str": "setUndoable"
    },
    {
      "type": "insert-node",
      "node": {
        "label": "setRedoable",
        "type": "Invocation"
      },
      "location-after-char-start": 2666,
      "location-after-char-end": 2683,
      "node-str": "setRedoable"
    },
    {
      "type": "insert-node",
      "node": {
        "label": "boolean",
        "type": "RETURN_TYPE"
      },
      "location-after-char-start": 0,
      "location-after-char-end": 0,
      "node-str": "boolean"
    },
    {
      "type": "insert-node",
      "node": {
        "label": "public",
        "type": "Modifier"
      },
      "location-after-char-start": 0,
      "location-after-char-end": 0,
      "node-str": "public"
    },
    {
      "type": "insert-node",
      "node": {
        "label": "if",
        "type": "If"
      },
      "location-after-char-start": 2721,
      "location-after-char-end": 2763,
      "node-str": "if"
    },
    {
      "type": "insert-node",
      "node": {
        "label": "return",
        "type": "Return"
      },
      "location-after-char-start": 2769,
      "location-after-char-end": 2789,
      "node-str": "return"
    },
    {
      "type": "insert-node",
      "node": {
        "label": "boolean",
        "type": "RETURN_TYPE"
      },
      "location-after-char-start": 0,
      "location-after-char-end": 0,
      "node-str": "boolean"
    },
    {
      "type": "insert-node",
      "node": {
        "label": "public",
        "type": "Modifier"
      },
      "location-after-char-start": 0,
      "location-after-char-end": 0,
      "node-str": "public"
    },
    {
      "type": "insert-node",
      "node": {
        "label": "if",
        "type": "If"
      },
      "location-after-char-start": 2896,
      "location-after-char-end": 2938,
      "node-str": "if"
    },
    {
      "type": "insert-node",
      "node": {
        "label": "return",
        "type": "Return"
      },
      "location-after-char-start": 2944,
      "location-after-char-end": 2964,
      "node-str": "return"
    },
    {
      "type": "insert-node",
      "node": {
        "label": "boolean",
        "type": "RETURN_TYPE"
      },
      "location-after-char-start": 0,
      "location-after-char-end": 0,
      "node-str": "boolean"
    },
    {
      "type": "insert-node",
      "node": {
        "label": "protected",
        "type": "Modifier"
      },
      "location-after-char-start": 0,
      "location-after-char-end": 0,
      "node-str": "protected"
    },
    {
      "type": "insert-node",
      "node": {
        "label": "fe",
        "type": "LocalVariable"
      },
      "location-after-char-start": 3010,
      "location-after-char-end": 3053,
      "node-str": "fe"
    },
    {
      "type": "insert-node",
      "node": {
        "label": "if",
        "type": "If"
      },
      "location-after-char-start": 3058,
      "location-after-char-end": 3108,
      "node-str": "if"
    },
    {
      "type": "insert-node",
      "node": {
        "label": "currentFigure",
        "type": "LocalVariable"
      },
      "location-after-char-start": 3113,
      "location-after-char-end": 3187,
      "node-str": "currentFigure"
    },
    {
      "type": "insert-node",
      "node": {
        "label": "figureRadius",
        "type": "LocalVariable"
      },
      "location-after-char-start": 3192,
      "location-after-char-end": 3235,
      "node-str": "figureRadius"
    },
    {
      "type": "insert-node",
      "node": {
        "label": "setArc",
        "type": "Invocation"
      },
      "location-after-char-start": 3240,
      "location-after-char-end": 3296,
      "node-str": "setArc"
    },
    {
      "type": "insert-node",
      "node": {
        "label": "setOldRadius",
        "type": "Invocation"
      },
      "location-after-char-start": 3301,
      "location-after-char-end": 3327,
      "node-str": "setOldRadius"
    },
    {
      "type": "insert-node",
      "node": {
        "label": "return",
        "type": "Return"
      },
      "location-after-char-start": 3332,
      "location-after-char-end": 3343,
      "node-str": "return"
    },
    {
      "type": "insert-node",
      "node": {
        "label": "void",
        "type": "RETURN_TYPE"
      },
      "location-after-char-start": 0,
      "location-after-char-end": 0,
      "node-str": "void"
    },
    {
      "type": "insert-node",
      "node": {
        "label": "protected",
        "type": "Modifier"
      },
      "location-after-char-start": 0,
      "location-after-char-end": 0,
      "node-str": "protected"
    },
    {
      "type": "insert-node",
      "node": {
        "label": "newOldRadius",
        "type": "Parameter"
      },
      "location-after-char-start": 3382,
      "location-after-char-end": 3399,
      "node-str": "newOldRadius"
    },
    {
      "type": "insert-node",
      "node": {
        "label": "\u003d",
        "type": "Assignment"
      },
      "location-after-char-start": 3407,
      "location-after-char-end": 3433,
      "node-str": "\u003d"
    },
    {
      "type": "insert-node",
      "node": {
        "label": "java.awt.Point",
        "type": "RETURN_TYPE"
      },
      "location-after-char-start": 0,
      "location-after-char-end": 0,
      "node-str": "java.awt.Point"
    },
    {
      "type": "insert-node",
      "node": {
        "label": "public",
        "type": "Modifier"
      },
      "location-after-char-start": 0,
      "location-after-char-end": 0,
      "node-str": "public"
    },
    {
      "type": "insert-node",
      "node": {
        "label": "return",
        "type": "Return"
      },
      "location-after-char-start": 3475,
      "location-after-char-end": 3493,
      "node-str": "return"
    },
    {
      "type": "insert-node",
      "node": {
        "label": "CH.ifa.draw.figures.RadiusHandle",
        "type": "TypeAccess"
      },
      "location-after-char-start": 0,
      "location-after-char-end": 0,
      "node-str": "CH.ifa.draw.figures.RadiusHandle"
    },
    {
      "type": "insert-node",
      "node": {
        "label": "CH.ifa.draw.figures.RadiusHandle",
        "type": "TypeAccess"
      },
      "location-after-char-start": 0,
      "location-after-char-end": 0,
      "node-str": "CH.ifa.draw.figures.RadiusHandle"
    },
    {
      "type": "insert-node",
      "node": {
        "label": "owner",
        "type": "Invocation"
      },
      "location-after-char-start": 920,
      "location-after-char-end": 926,
      "node-str": "owner"
    },
    {
      "type": "insert-node",
      "node": {
        "label": "CH.ifa.draw.figures.RadiusHandle",
        "type": "TypeAccess"
      },
      "location-after-char-start": 0,
      "location-after-char-end": 0,
      "node-str": "CH.ifa.draw.figures.RadiusHandle"
    },
    {
      "type": "insert-node",
      "node": {
        "label": "owner",
        "type": "VariableRead"
      },
      "location-after-char-start": 993,
      "location-after-char-end": 997,
      "node-str": "owner"
    },
    {
      "type": "insert-node",
      "node": {
        "label": "CH.ifa.draw.figures.RadiusHandle",
        "type": "TypeAccess"
      },
      "location-after-char-start": 0,
      "location-after-char-end": 0,
      "node-str": "CH.ifa.draw.figures.RadiusHandle"
    },
    {
      "type": "insert-node",
      "node": {
        "label": "owner",
        "type": "VariableRead"
      },
      "location-after-char-start": 1221,
      "location-after-char-end": 1225,
      "node-str": "owner"
    },
    {
      "type": "insert-node",
      "node": {
        "label": "getUndoActivity",
        "type": "Invocation"
      },
      "location-after-char-start": 1266,
      "location-after-char-end": 1311,
      "node-str": "getUndoActivity"
    },
    {
      "type": "insert-node",
      "node": {
        "label": "CH.ifa.draw.util.Geom",
        "type": "TypeAccess"
      },
      "location-after-char-start": 1340,
      "location-after-char-end": 1343,
      "node-str": "CH.ifa.draw.util.Geom"
    },
    {
      "type": "insert-node",
      "node": {
        "label": "0",
        "type": "Literal"
      },
      "location-after-char-start": 1351,
      "location-after-char-end": 1351,
      "node-str": "0"
    },
    {
      "type": "insert-node",
      "node": {
        "label": "width",
        "type": "FieldRead"
      },
      "location-after-char-start": 1354,
      "location-after-char-end": 1360,
      "node-str": "width"
    },
    {
      "type": "insert-node",
      "node": {
        "label": "MUL",
        "type": "BinaryOperator"
      },
      "location-after-char-start": 1363,
      "location-after-char-end": 1389,
      "node-str": "MUL"
    },
    {
      "type": "insert-node",
      "node": {
        "label": "CH.ifa.draw.util.Geom",
        "type": "TypeAccess"
      },
      "location-after-char-start": 1404,
      "location-after-char-end": 1407,
      "node-str": "CH.ifa.draw.util.Geom"
    },
    {
      "type": "insert-node",
      "node": {
        "label": "0",
        "type": "Literal"
      },
      "location-after-char-start": 1415,
      "location-after-char-end": 1415,
      "node-str": "0"
    },
    {
      "type": "insert-node",
      "node": {
        "label": "height",
        "type": "FieldRead"
      },
      "location-after-char-start": 1418,
      "location-after-char-end": 1425,
      "node-str": "height"
    },
    {
      "type": "insert-node",
      "node": {
        "label": "MUL",
        "type": "BinaryOperator"
      },
      "location-after-char-start": 1428,
      "location-after-char-end": 1454,
      "node-str": "MUL"
    },
    {
      "type": "insert-node",
      "node": {
        "label": "owner",
        "type": "Invocation"
      },
      "location-after-char-start": 1593,
      "location-after-char-end": 1623,
      "node-str": "owner"
    },
    {
      "type": "insert-node",
      "node": {
        "label": "getUndoActivity",
        "type": "Invocation"
      },
      "location-after-char-start": 1660,
      "location-after-char-end": 1705,
      "node-str": "getUndoActivity"
    },
    {
      "type": "insert-node",
      "node": {
        "label": "EQ",
        "type": "BinaryOperator"
      },
      "location-after-char-start": 1787,
      "location-after-char-end": 1823,
      "node-str": "EQ"
    },
    {
      "type": "insert-node",
      "node": {
        "label": "EQ",
        "type": "BinaryOperator"
      },
      "location-after-char-start": 1828,
      "location-after-char-end": 1864,
      "node-str": "EQ"
    },
    {
      "type": "insert-node",
      "node": {
        "label": "setUndoActivity",
        "type": "Invocation"
      },
      "location-after-char-start": 1872,
      "location-after-char-end": 1893,
      "node-str": "setUndoActivity"
    },
    {
      "type": "insert-node",
      "node": {
        "label": "CH.ifa.draw.figures.RadiusHandle",
        "type": "TypeAccess"
      },
      "location-after-char-start": 0,
      "location-after-char-end": 0,
      "node-str": "CH.ifa.draw.figures.RadiusHandle"
    },
    {
      "type": "insert-node",
      "node": {
        "label": "owner",
        "type": "VariableRead"
      },
      "location-after-char-start": 2007,
      "location-after-char-end": 2011,
      "node-str": "owner"
    },
    {
      "type": "insert-node",
      "node": {
        "label": "owner",
        "type": "VariableRead"
      },
      "location-after-char-start": 2039,
      "location-after-char-end": 2043,
      "node-str": "owner"
    },
    {
      "type": "insert-node",
      "node": {
        "label": "null",
        "type": "Literal"
      },
      "location-after-char-start": 2634,
      "location-after-char-end": 2637,
      "node-str": "null"
    },
    {
      "type": "insert-node",
      "node": {
        "label": "CH.ifa.draw.figures.RadiusHandle$UndoActivity",
        "type": "TypeAccess"
      },
      "location-after-char-start": 0,
      "location-after-char-end": 0,
      "node-str": "CH.ifa.draw.figures.RadiusHandle$UndoActivity"
    },
    {
      "type": "insert-node",
      "node": {
        "label": "true",
        "type": "Literal"
      },
      "location-after-char-start": 2656,
      "location-after-char-end": 2659,
      "node-str": "true"
    },
    {
      "type": "insert-node",
      "node": {
        "label": "CH.ifa.draw.figures.RadiusHandle$UndoActivity",
        "type": "TypeAccess"
      },
      "location-after-char-start": 0,
      "location-after-char-end": 0,
      "node-str": "CH.ifa.draw.figures.RadiusHandle$UndoActivity"
    },
    {
      "type": "insert-node",
      "node": {
        "label": "true",
        "type": "Literal"
      },
      "location-after-char-start": 2678,
      "location-after-char-end": 2681,
      "node-str": "true"
    },
    {
      "type": "insert-node",
      "node": {
        "label": "NOT",
        "type": "UnaryOperator"
      },
      "location-after-char-start": 2725,
      "location-after-char-end": 2737,
      "node-str": "NOT"
    },
    {
      "type": "insert-node",
      "node": {
        "label": "THEN",
        "type": "then"
      },
      "location-after-char-start": 2740,
      "location-after-char-end": 2763,
      "node-str": "THEN"
    },
    {
      "type": "insert-node",
      "node": {
        "label": "resetRadius",
        "type": "Invocation"
      },
      "location-after-char-start": 2776,
      "location-after-char-end": 2788,
      "node-str": "resetRadius"
    },
    {
      "type": "insert-node",
      "node": {
        "label": "NOT",
        "type": "UnaryOperator"
      },
      "location-after-char-start": 2900,
      "location-after-char-end": 2912,
      "node-str": "NOT"
    },
    {
      "type": "insert-node",
      "node": {
        "label": "THEN",
        "type": "then"
      },
      "location-after-char-start": 2915,
      "location-after-char-end": 2938,
      "node-str": "THEN"
    },
    {
      "type": "insert-node",
      "node": {
        "label": "resetRadius",
        "type": "Invocation"
      },
      "location-after-char-start": 2951,
      "location-after-char-end": 2963,
      "node-str": "resetRadius"
    },
    {
      "type": "insert-node",
      "node": {
        "label": "FigureEnumeration",
        "type": "VARIABLE_TYPE"
      },
      "location-after-char-start": 0,
      "location-after-char-end": 0,
      "node-str": "FigureEnumeration"
    },
    {
      "type": "insert-node",
      "node": {
        "label": "getAffectedFigures",
        "type": "Invocation"
      },
      "location-after-char-start": 3033,
      "location-after-char-end": 3052,
      "node-str": "getAffectedFigures"
    },
    {
      "type": "insert-node",
      "node": {
        "label": "NOT",
        "type": "UnaryOperator"
      },
      "location-after-char-start": 3062,
      "location-after-char-end": 3082,
      "node-str": "NOT"
    },
    {
      "type": "insert-node",
      "node": {
        "label": "THEN",
        "type": "then"
      },
      "location-after-char-start": 3085,
      "location-after-char-end": 3108,
      "node-str": "THEN"
    },
    {
      "type": "insert-node",
      "node": {
        "label": "RoundRectangleFigure",
        "type": "VARIABLE_TYPE"
      },
      "location-after-char-start": 0,
      "location-after-char-end": 0,
      "node-str": "RoundRectangleFigure"
    },
    {
      "type": "insert-node",
      "node": {
        "label": "nextFigure",
        "type": "Invocation"
      },
      "location-after-char-start": 3150,
      "location-after-char-end": 3186,
      "node-str": "nextFigure"
    },
    {
      "type": "insert-node",
      "node": {
        "label": "java.awt.Point",
        "type": "VARIABLE_TYPE"
      },
      "location-after-char-start": 0,
      "location-after-char-end": 0,
      "node-str": "java.awt.Point"
    },
    {
      "type": "insert-node",
      "node": {
        "label": "getArc",
        "type": "Invocation"
      },
      "location-after-char-start": 3213,
      "location-after-char-end": 3234,
      "node-str": "getArc"
    },
    {
      "type": "insert-node",
      "node": {
        "label": "currentFigure",
        "type": "VariableRead"
      },
      "location-after-char-start": 3240,
      "location-after-char-end": 3252,
      "node-str": "currentFigure"
    },
    {
      "type": "insert-node",
      "node": {
        "label": "x",
        "type": "FieldRead"
      },
      "location-after-char-start": 3261,
      "location-after-char-end": 3276,
      "node-str": "x"
    },
    {
      "type": "insert-node",
      "node": {
        "label": "y",
        "type": "FieldRead"
      },
      "location-after-char-start": 3279,
      "location-after-char-end": 3294,
      "node-str": "y"
    },
    {
      "type": "insert-node",
      "node": {
        "label": "CH.ifa.draw.figures.RadiusHandle$UndoActivity",
        "type": "TypeAccess"
      },
      "location-after-char-start": 0,
      "location-after-char-end": 0,
      "node-str": "CH.ifa.draw.figures.RadiusHandle$UndoActivity"
    },
    {
      "type": "insert-node",
      "node": {
        "label": "figureRadius",
        "type": "VariableRead"
      },
      "location-after-char-start": 3314,
      "location-after-char-end": 3325,
      "node-str": "figureRadius"
    },
    {
      "type": "insert-node",
      "node": {
        "label": "true",
        "type": "Literal"
      },
      "location-after-char-start": 3339,
      "location-after-char-end": 3342,
      "node-str": "true"
    },
    {
      "type": "insert-node",
      "node": {
        "label": "java.awt.Point",
        "type": "VARIABLE_TYPE"
      },
      "location-after-char-start": 0,
      "location-after-char-end": 0,
      "node-str": "java.awt.Point"
    },
    {
      "type": "insert-node",
      "node": {
        "label": "myOldRadius",
        "type": "FieldWrite"
      },
      "location-after-char-start": 3407,
      "location-after-char-end": 3417,
      "node-str": "myOldRadius"
    },
    {
      "type": "insert-node",
      "node": {
        "label": "newOldRadius",
        "type": "VariableRead"
      },
      "location-after-char-start": 3421,
      "location-after-char-end": 3432,
      "node-str": "newOldRadius"
    },
    {
      "type": "insert-node",
      "node": {
        "label": "myOldRadius",
        "type": "FieldRead"
      },
      "location-after-char-start": 3482,
      "location-after-char-end": 3492,
      "node-str": "myOldRadius"
    },
    {
      "type": "insert-node",
      "node": {
        "label": "CH.ifa.draw.figures.RadiusHandle",
        "type": "TypeAccess"
      },
      "location-after-char-start": 0,
      "location-after-char-end": 0,
      "node-str": "CH.ifa.draw.figures.RadiusHandle"
    },
    {
      "type": "insert-node",
      "node": {
        "label": "CH.ifa.draw.figures.RadiusHandle",
        "type": "TypeAccess"
      },
      "location-after-char-start": 0,
      "location-after-char-end": 0,
      "node-str": "CH.ifa.draw.figures.RadiusHandle"
    },
    {
      "type": "insert-node",
      "node": {
        "label": "r",
        "type": "VariableRead"
      },
      "location-after-char-start": 1354,
      "location-after-char-end": 1354,
      "node-str": "r"
    },
    {
      "type": "insert-node",
      "node": {
        "label": "2",
        "type": "Literal"
      },
      "location-after-char-start": 1363,
      "location-after-char-end": 1363,
      "node-str": "2"
    },
    {
      "type": "insert-node",
      "node": {
        "label": "PLUS",
        "type": "BinaryOperator"
      },
      "location-after-char-start": 1365,
      "location-after-char-end": 1389,
      "node-str": "PLUS"
    },
    {
      "type": "insert-node",
      "node": {
        "label": "r",
        "type": "VariableRead"
      },
      "location-after-char-start": 1418,
      "location-after-char-end": 1418,
      "node-str": "r"
    },
    {
      "type": "insert-node",
      "node": {
        "label": "2",
        "type": "Literal"
      },
      "location-after-char-start": 1428,
      "location-after-char-end": 1428,
      "node-str": "2"
    },
    {
      "type": "insert-node",
      "node": {
        "label": "PLUS",
        "type": "BinaryOperator"
      },
      "location-after-char-start": 1430,
      "location-after-char-end": 1454,
      "node-str": "PLUS"
    },
    {
      "type": "insert-node",
      "node": {
        "label": "CH.ifa.draw.figures.RadiusHandle",
        "type": "TypeAccess"
      },
      "location-after-char-start": 0,
      "location-after-char-end": 0,
      "node-str": "CH.ifa.draw.figures.RadiusHandle"
    },
    {
      "type": "insert-node",
      "node": {
        "label": "CH.ifa.draw.figures.RadiusHandle",
        "type": "TypeAccess"
      },
      "location-after-char-start": 0,
      "location-after-char-end": 0,
      "node-str": "CH.ifa.draw.figures.RadiusHandle"
    },
    {
      "type": "insert-node",
      "node": {
        "label": "x",
        "type": "FieldRead"
      },
      "location-after-char-start": 1788,
      "location-after-char-end": 1802,
      "node-str": "x"
    },
    {
      "type": "insert-node",
      "node": {
        "label": "x",
        "type": "FieldRead"
      },
      "location-after-char-start": 1807,
      "location-after-char-end": 1822,
      "node-str": "x"
    },
    {
      "type": "insert-node",
      "node": {
        "label": "y",
        "type": "FieldRead"
      },
      "location-after-char-start": 1829,
      "location-after-char-end": 1843,
      "node-str": "y"
    },
    {
      "type": "insert-node",
      "node": {
        "label": "y",
        "type": "FieldRead"
      },
      "location-after-char-start": 1848,
      "location-after-char-end": 1863,
      "node-str": "y"
    },
    {
      "type": "insert-node",
      "node": {
        "label": "CH.ifa.draw.figures.RadiusHandle",
        "type": "TypeAccess"
      },
      "location-after-char-start": 0,
      "location-after-char-end": 0,
      "node-str": "CH.ifa.draw.figures.RadiusHandle"
    },
    {
      "type": "insert-node",
      "node": {
        "label": "null",
        "type": "Literal"
      },
      "location-after-char-start": 1888,
      "location-after-char-end": 1891,
      "node-str": "null"
    },
    {
      "type": "insert-node",
      "node": {
        "label": "undo",
        "type": "Invocation"
      },
      "location-after-char-start": 2726,
      "location-after-char-end": 2737,
      "node-str": "undo"
    },
    {
      "type": "insert-node",
      "node": {
        "label": "return",
        "type": "Return"
      },
      "location-after-char-start": 2746,
      "location-after-char-end": 2758,
      "node-str": "return"
    },
    {
      "type": "insert-node",
      "node": {
        "label": "CH.ifa.draw.figures.RadiusHandle$UndoActivity",
        "type": "TypeAccess"
      },
      "location-after-char-start": 0,
      "location-after-char-end": 0,
      "node-str": "CH.ifa.draw.figures.RadiusHandle$UndoActivity"
    },
    {
      "type": "insert-node",
      "node": {
        "label": "isRedoable",
        "type": "Invocation"
      },
      "location-after-char-start": 2901,
      "location-after-char-end": 2912,
      "node-str": "isRedoable"
    },
    {
      "type": "insert-node",
      "node": {
        "label": "return",
        "type": "Return"
      },
      "location-after-char-start": 2921,
      "location-after-char-end": 2933,
      "node-str": "return"
    },
    {
      "type": "insert-node",
      "node": {
        "label": "CH.ifa.draw.figures.RadiusHandle$UndoActivity",
        "type": "TypeAccess"
      },
      "location-after-char-start": 0,
      "location-after-char-end": 0,
      "node-str": "CH.ifa.draw.figures.RadiusHandle$UndoActivity"
    },
    {
      "type": "insert-node",
      "node": {
        "label": "CH.ifa.draw.figures.RadiusHandle$UndoActivity",
        "type": "TypeAccess"
      },
      "location-after-char-start": 0,
      "location-after-char-end": 0,
      "node-str": "CH.ifa.draw.figures.RadiusHandle$UndoActivity"
    },
    {
      "type": "insert-node",
      "node": {
        "label": "hasMoreElements",
        "type": "Invocation"
      },
      "location-after-char-start": 3063,
      "location-after-char-end": 3082,
      "node-str": "hasMoreElements"
    },
    {
      "type": "insert-node",
      "node": {
        "label": "return",
        "type": "Return"
      },
      "location-after-char-start": 3091,
      "location-after-char-end": 3103,
      "node-str": "return"
    },
    {
      "type": "insert-node",
      "node": {
        "label": "fe",
        "type": "VariableRead"
      },
      "location-after-char-start": 3172,
      "location-after-char-end": 3173,
      "node-str": "fe"
    },
    {
      "type": "insert-node",
      "node": {
        "label": "currentFigure",
        "type": "VariableRead"
      },
      "location-after-char-start": 3213,
      "location-after-char-end": 3225,
      "node-str": "currentFigure"
    },
    {
      "type": "insert-node",
      "node": {
        "label": "getOldRadius",
        "type": "Invocation"
      },
      "location-after-char-start": 3261,
      "location-after-char-end": 3274,
      "node-str": "getOldRadius"
    },
    {
      "type": "insert-node",
      "node": {
        "label": "getOldRadius",
        "type": "Invocation"
      },
      "location-after-char-start": 3279,
      "location-after-char-end": 3292,
      "node-str": "getOldRadius"
    },
    {
      "type": "insert-node",
      "node": {
        "label": "CH.ifa.draw.figures.RadiusHandle$UndoActivity",
        "type": "TypeAccess"
      },
      "location-after-char-start": 0,
      "location-after-char-end": 0,
      "node-str": "CH.ifa.draw.figures.RadiusHandle$UndoActivity"
    },
    {
      "type": "insert-node",
      "node": {
        "label": "CH.ifa.draw.figures.RadiusHandle$UndoActivity",
        "type": "TypeAccess"
      },
      "location-after-char-start": 0,
      "location-after-char-end": 0,
      "node-str": "CH.ifa.draw.figures.RadiusHandle$UndoActivity"
    },
    {
      "type": "insert-node",
      "node": {
        "label": "DIV",
        "type": "BinaryOperator"
      },
      "location-after-char-start": 1366,
      "location-after-char-end": 1383,
      "node-str": "DIV"
    },
    {
      "type": "insert-node",
      "node": {
        "label": "dx",
        "type": "VariableRead"
      },
      "location-after-char-start": 1387,
      "location-after-char-end": 1388,
      "node-str": "dx"
    },
    {
      "type": "insert-node",
      "node": {
        "label": "DIV",
        "type": "BinaryOperator"
      },
      "location-after-char-start": 1431,
      "location-after-char-end": 1448,
      "node-str": "DIV"
    },
    {
      "type": "insert-node",
      "node": {
        "label": "dy",
        "type": "VariableRead"
      },
      "location-after-char-start": 1452,
      "location-after-char-end": 1453,
      "node-str": "dy"
    },
    {
      "type": "insert-node",
      "node": {
        "label": "currentRadius",
        "type": "VariableRead"
      },
      "location-after-char-start": 1788,
      "location-after-char-end": 1800,
      "node-str": "currentRadius"
    },
    {
      "type": "insert-node",
      "node": {
        "label": "originalRadius",
        "type": "VariableRead"
      },
      "location-after-char-start": 1807,
      "location-after-char-end": 1820,
      "node-str": "originalRadius"
    },
    {
      "type": "insert-node",
      "node": {
        "label": "currentRadius",
        "type": "VariableRead"
      },
      "location-after-char-start": 1829,
      "location-after-char-end": 1841,
      "node-str": "currentRadius"
    },
    {
      "type": "insert-node",
      "node": {
        "label": "originalRadius",
        "type": "VariableRead"
      },
      "location-after-char-start": 1848,
      "location-after-char-end": 1861,
      "node-str": "originalRadius"
    },
    {
      "type": "insert-node",
      "node": {
        "label": "super",
        "type": "SuperAccess"
      },
      "location-after-char-start": 2726,
      "location-after-char-end": 2730,
      "node-str": "super"
    },
    {
      "type": "insert-node",
      "node": {
        "label": "false",
        "type": "Literal"
      },
      "location-after-char-start": 2753,
      "location-after-char-end": 2757,
      "node-str": "false"
    },
    {
      "type": "insert-node",
      "node": {
        "label": "CH.ifa.draw.figures.RadiusHandle$UndoActivity",
        "type": "TypeAccess"
      },
      "location-after-char-start": 0,
      "location-after-char-end": 0,
      "node-str": "CH.ifa.draw.figures.RadiusHandle$UndoActivity"
    },
    {
      "type": "insert-node",
      "node": {
        "label": "false",
        "type": "Literal"
      },
      "location-after-char-start": 2928,
      "location-after-char-end": 2932,
      "node-str": "false"
    },
    {
      "type": "insert-node",
      "node": {
        "label": "fe",
        "type": "VariableRead"
      },
      "location-after-char-start": 3063,
      "location-after-char-end": 3064,
      "node-str": "fe"
    },
    {
      "type": "insert-node",
      "node": {
        "label": "false",
        "type": "Literal"
      },
      "location-after-char-start": 3098,
      "location-after-char-end": 3102,
      "node-str": "false"
    },
    {
      "type": "insert-node",
      "node": {
        "label": "CH.ifa.draw.figures.RadiusHandle$UndoActivity",
        "type": "TypeAccess"
      },
      "location-after-char-start": 0,
      "location-after-char-end": 0,
      "node-str": "CH.ifa.draw.figures.RadiusHandle$UndoActivity"
    },
    {
      "type": "insert-node",
      "node": {
        "label": "CH.ifa.draw.figures.RadiusHandle$UndoActivity",
        "type": "TypeAccess"
      },
      "location-after-char-start": 0,
      "location-after-char-end": 0,
      "node-str": "CH.ifa.draw.figures.RadiusHandle$UndoActivity"
    },
    {
      "type": "insert-node",
      "node": {
        "label": "x",
        "type": "FieldRead"
      },
      "location-after-char-start": 1366,
      "location-after-char-end": 1381,
      "node-str": "x"
    },
    {
      "type": "insert-node",
      "node": {
        "label": "2",
        "type": "Literal"
      },
      "location-after-char-start": 1383,
      "location-after-char-end": 1383,
      "node-str": "2"
    },
    {
      "type": "insert-node",
      "node": {
        "label": "y",
        "type": "FieldRead"
      },
      "location-after-char-start": 1431,
      "location-after-char-end": 1446,
      "node-str": "y"
    },
    {
      "type": "insert-node",
      "node": {
        "label": "2",
        "type": "Literal"
      },
      "location-after-char-start": 1448,
      "location-after-char-end": 1448,
      "node-str": "2"
    },
    {
      "type": "insert-node",
      "node": {
        "label": "originalRadius",
        "type": "VariableRead"
      },
      "location-after-char-start": 1366,
      "location-after-char-end": 1379,
      "node-str": "originalRadius"
    },
    {
      "type": "insert-node",
      "node": {
        "label": "originalRadius",
        "type": "VariableRead"
      },
      "location-after-char-start": 1431,
      "location-after-char-end": 1444,
      "node-str": "originalRadius"
    },
    {
      "type": "delete-node",
      "node": {
        "label": "AbstractHandle",
        "type": "SUPER_TYPE"
      },
      "location-before-char-start": 0,
      "location-before-char-end": 0,
      "node-str": "AbstractHandle"
    },
    {
      "type": "delete-node",
      "node": {
        "label": "",
        "type": "TypeReference"
      },
      "location-before-char-start": 284,
      "location-before-char-end": 297,
      "node-str": ""
    },
    {
      "type": "delete-node",
      "node": {
        "label": "java.awt.Point",
        "type": "VARIABLE_TYPE"
      },
      "location-before-char-start": 0,
      "location-before-char-end": 0,
      "node-str": "java.awt.Point"
    },
    {
      "type": "delete-node",
      "node": {
        "label": "fRadius",
        "type": "Field"
      },
      "location-before-char-start": 306,
      "location-before-char-end": 327,
      "node-str": "fRadius"
    },
    {
      "type": "delete-node",
      "node": {
        "label": "CH.ifa.draw.figures.RoundRectangleFigure",
        "type": "VARIABLE_TYPE"
      },
      "location-before-char-start": 0,
      "location-before-char-end": 0,
      "node-str": "CH.ifa.draw.figures.RoundRectangleFigure"
    },
    {
      "type": "delete-node",
      "node": {
        "label": "fOwner",
        "type": "Field"
      },
      "location-before-char-start": 333,
      "location-before-char-end": 368,
      "node-str": "fOwner"
    },
    {
      "type": "delete-node",
      "node": {
        "label": "int",
        "type": "VARIABLE_TYPE"
      },
      "location-before-char-start": 0,
      "location-before-char-end": 0,
      "node-str": "int"
    },
    {
      "type": "delete-node",
      "node": {
        "label": "final",
        "type": "Modifier"
      },
      "location-before-char-start": 0,
      "location-before-char-end": 0,
      "node-str": "final"
    },
    {
      "type": "delete-node",
      "node": {
        "label": "static",
        "type": "Modifier"
      },
      "location-before-char-start": 0,
      "location-before-char-end": 0,
      "node-str": "static"
    },
    {
      "type": "delete-node",
      "node": {
        "label": "4",
        "type": "Literal"
      },
      "location-before-char-start": 408,
      "location-before-char-end": 408,
      "node-str": "4"
    },
    {
      "type": "delete-node",
      "node": {
        "label": "OFFSET",
        "type": "Field"
      },
      "location-before-char-start": 374,
      "location-before-char-end": 409,
      "node-str": "OFFSET"
    },
    {
      "type": "delete-node",
      "node": {
        "label": "public",
        "type": "Modifier"
      },
      "location-before-char-start": 0,
      "location-before-char-end": 0,
      "node-str": "public"
    },
    {
      "type": "delete-node",
      "node": {
        "label": "RoundRectangleFigure",
        "type": "VARIABLE_TYPE"
      },
      "location-before-char-start": 0,
      "location-before-char-end": 0,
      "node-str": "RoundRectangleFigure"
    },
    {
      "type": "delete-node",
      "node": {
        "label": "owner",
        "type": "Parameter"
      },
      "location-before-char-start": 436,
      "location-before-char-end": 461,
      "node-str": "owner"
    },
    {
      "type": "delete-node",
      "node": {
        "label": "owner",
        "type": "VariableRead"
      },
      "location-before-char-start": 480,
      "location-before-char-end": 484,
      "node-str": "owner"
    },
    {
      "type": "delete-node",
      "node": {
        "label": "\u003cinit\u003e",
        "type": "Invocation"
      },
      "location-before-char-start": 474,
      "location-before-char-end": 486,
      "node-str": "\u003cinit\u003e"
    },
    {
      "type": "delete-node",
      "node": {
        "label": "CH.ifa.draw.figures.RadiusHandle",
        "type": "TypeAccess"
      },
      "location-before-char-start": 0,
      "location-before-char-end": 0,
      "node-str": "CH.ifa.draw.figures.RadiusHandle"
    },
    {
      "type": "delete-node",
      "node": {
        "label": "fOwner",
        "type": "FieldWrite"
      },
      "location-before-char-start": 496,
      "location-before-char-end": 501,
      "node-str": "fOwner"
    },
    {
      "type": "delete-node",
      "node": {
        "label": "owner",
        "type": "VariableRead"
      },
      "location-before-char-start": 505,
      "location-before-char-end": 509,
      "node-str": "owner"
    },
    {
      "type": "delete-node",
      "node": {
        "label": "\u003d",
        "type": "Assignment"
      },
      "location-before-char-start": 496,
      "location-before-char-end": 510,
      "node-str": "\u003d"
    },
    {
      "type": "delete-node",
      "node": {
        "label": "\u003cinit\u003e",
        "type": "Constructor"
      },
      "location-before-char-start": 416,
      "location-before-char-end": 516,
      "node-str": "\u003cinit\u003e"
    },
    {
      "type": "delete-node",
      "node": {
        "label": "void",
        "type": "RETURN_TYPE"
      },
      "location-before-char-start": 0,
      "location-before-char-end": 0,
      "node-str": "void"
    },
    {
      "type": "delete-node",
      "node": {
        "label": "public",
        "type": "Modifier"
      },
      "location-before-char-start": 0,
      "location-before-char-end": 0,
      "node-str": "public"
    },
    {
      "type": "delete-node",
      "node": {
        "label": "int",
        "type": "VARIABLE_TYPE"
      },
      "location-before-char-start": 0,
      "location-before-char-end": 0,
      "node-str": "int"
    },
    {
      "type": "delete-node",
      "node": {
        "label": "x",
        "type": "Parameter"
      },
      "location-before-char-start": 547,
      "location-before-char-end": 552,
      "node-str": "x"
    },
    {
      "type": "delete-node",
      "node": {
        "label": "int",
        "type": "VARIABLE_TYPE"
      },
      "location-before-char-start": 0,
      "location-before-char-end": 0,
      "node-str": "int"
    },
    {
      "type": "delete-node",
      "node": {
        "label": "y",
        "type": "Parameter"
      },
      "location-before-char-start": 555,
      "location-before-char-end": 560,
      "node-str": "y"
    },
    {
      "type": "delete-node",
      "node": {
        "label": "DrawingView",
        "type": "VARIABLE_TYPE"
      },
      "location-before-char-start": 0,
      "location-before-char-end": 0,
      "node-str": "DrawingView"
    },
    {
      "type": "delete-node",
      "node": {
        "label": "view",
        "type": "Parameter"
      },
      "location-before-char-start": 563,
      "location-before-char-end": 578,
      "node-str": "view"
    },
    {
      "type": "delete-node",
      "node": {
        "label": "CH.ifa.draw.figures.RadiusHandle",
        "type": "TypeAccess"
      },
      "location-before-char-start": 0,
      "location-before-char-end": 0,
      "node-str": "CH.ifa.draw.figures.RadiusHandle"
    },
    {
      "type": "delete-node",
      "node": {
        "label": "fRadius",
        "type": "FieldWrite"
      },
      "location-before-char-start": 591,
      "location-before-char-end": 597,
      "node-str": "fRadius"
    },
    {
      "type": "delete-node",
      "node": {
        "label": "CH.ifa.draw.figures.RadiusHandle",
        "type": "TypeAccess"
      },
      "location-before-char-start": 0,
      "location-before-char-end": 0,
      "node-str": "CH.ifa.draw.figures.RadiusHandle"
    },
    {
      "type": "delete-node",
      "node": {
        "label": "fOwner",
        "type": "FieldRead"
      },
      "location-before-char-start": 601,
      "location-before-char-end": 606,
      "node-str": "fOwner"
    },
    {
      "type": "delete-node",
      "node": {
        "label": "getArc",
        "type": "Invocation"
      },
      "location-before-char-start": 601,
      "location-before-char-end": 615,
      "node-str": "getArc"
    },
    {
      "type": "delete-node",
      "node": {
        "label": "\u003d",
        "type": "Assignment"
      },
      "location-before-char-start": 591,
      "location-before-char-end": 616,
      "node-str": "\u003d"
    },
    {
      "type": "delete-node",
      "node": {
        "label": "CH.ifa.draw.figures.RadiusHandle",
        "type": "TypeAccess"
      },
      "location-before-char-start": 0,
      "location-before-char-end": 0,
      "node-str": "CH.ifa.draw.figures.RadiusHandle"
    },
    {
      "type": "delete-node",
      "node": {
        "label": "fRadius",
        "type": "FieldRead"
      },
      "location-before-char-start": 626,
      "location-before-char-end": 632,
      "node-str": "fRadius"
    },
    {
      "type": "delete-node",
      "node": {
        "label": "x",
        "type": "FieldWrite"
      },
      "location-before-char-start": 626,
      "location-before-char-end": 634,
      "node-str": "x"
    },
    {
      "type": "delete-node",
      "node": {
        "label": "CH.ifa.draw.figures.RadiusHandle",
        "type": "TypeAccess"
      },
      "location-before-char-start": 0,
      "location-before-char-end": 0,
      "node-str": "CH.ifa.draw.figures.RadiusHandle"
    },
    {
      "type": "delete-node",
      "node": {
        "label": "fRadius",
        "type": "FieldRead"
      },
      "location-before-char-start": 638,
      "location-before-char-end": 644,
      "node-str": "fRadius"
    },
    {
      "type": "delete-node",
      "node": {
        "label": "x",
        "type": "FieldRead"
      },
      "location-before-char-start": 638,
      "location-before-char-end": 646,
      "node-str": "x"
    },
    {
      "type": "delete-node",
      "node": {
        "label": "2",
        "type": "Literal"
      },
      "location-before-char-start": 648,
      "location-before-char-end": 648,
      "node-str": "2"
    },
    {
      "type": "delete-node",
      "node": {
        "label": "DIV",
        "type": "BinaryOperator"
      },
      "location-before-char-start": 638,
      "location-before-char-end": 648,
      "node-str": "DIV"
    },
    {
      "type": "delete-node",
      "node": {
        "label": "\u003d",
        "type": "Assignment"
      },
      "location-before-char-start": 626,
      "location-before-char-end": 649,
      "node-str": "\u003d"
    },
    {
      "type": "delete-node",
      "node": {
        "label": "CH.ifa.draw.figures.RadiusHandle",
        "type": "TypeAccess"
      },
      "location-before-char-start": 0,
      "location-before-char-end": 0,
      "node-str": "CH.ifa.draw.figures.RadiusHandle"
    },
    {
      "type": "delete-node",
      "node": {
        "label": "fRadius",
        "type": "FieldRead"
      },
      "location-before-char-start": 659,
      "location-before-char-end": 665,
      "node-str": "fRadius"
    },
    {
      "type": "delete-node",
      "node": {
        "label": "y",
        "type": "FieldWrite"
      },
      "location-before-char-start": 659,
      "location-before-char-end": 667,
      "node-str": "y"
    },
    {
      "type": "delete-node",
      "node": {
        "label": "CH.ifa.draw.figures.RadiusHandle",
        "type": "TypeAccess"
      },
      "location-before-char-start": 0,
      "location-before-char-end": 0,
      "node-str": "CH.ifa.draw.figures.RadiusHandle"
    },
    {
      "type": "delete-node",
      "node": {
        "label": "fRadius",
        "type": "FieldRead"
      },
      "location-before-char-start": 671,
      "location-before-char-end": 677,
      "node-str": "fRadius"
    },
    {
      "type": "delete-node",
      "node": {
        "label": "y",
        "type": "FieldRead"
      },
      "location-before-char-start": 671,
      "location-before-char-end": 679,
      "node-str": "y"
    },
    {
      "type": "delete-node",
      "node": {
        "label": "2",
        "type": "Literal"
      },
      "location-before-char-start": 681,
      "location-before-char-end": 681,
      "node-str": "2"
    },
    {
      "type": "delete-node",
      "node": {
        "label": "DIV",
        "type": "BinaryOperator"
      },
      "location-before-char-start": 671,
      "location-before-char-end": 681,
      "node-str": "DIV"
    },
    {
      "type": "delete-node",
      "node": {
        "label": "\u003d",
        "type": "Assignment"
      },
      "location-before-char-start": 659,
      "location-before-char-end": 682,
      "node-str": "\u003d"
    },
    {
      "type": "delete-node",
      "node": {
        "label": "invokeStart",
        "type": "Method"
      },
      "location-before-char-start": 523,
      "location-before-char-end": 688,
      "node-str": "invokeStart"
    },
    {
      "type": "delete-node",
      "node": {
        "label": "void",
        "type": "RETURN_TYPE"
      },
      "location-before-char-start": 0,
      "location-before-char-end": 0,
      "node-str": "void"
    },
    {
      "type": "delete-node",
      "node": {
        "label": "public",
        "type": "Modifier"
      },
      "location-before-char-start": 0,
      "location-before-char-end": 0,
      "node-str": "public"
    },
    {
      "type": "delete-node",
      "node": {
        "label": "int",
        "type": "VARIABLE_TYPE"
      },
      "location-before-char-start": 0,
      "location-before-char-end": 0,
      "node-str": "int"
    },
    {
      "type": "delete-node",
      "node": {
        "label": "x",
        "type": "Parameter"
      },
      "location-before-char-start": 719,
      "location-before-char-end": 723,
      "node-str": "x"
    },
    {
      "type": "delete-node",
      "node": {
        "label": "int",
        "type": "VARIABLE_TYPE"
      },
      "location-before-char-start": 0,
      "location-before-char-end": 0,
      "node-str": "int"
    },
    {
      "type": "delete-node",
      "node": {
        "label": "y",
        "type": "Parameter"
      },
      "location-before-char-start": 726,
      "location-before-char-end": 730,
      "node-str": "y"
    },
    {
      "type": "delete-node",
      "node": {
        "label": "int",
        "type": "VARIABLE_TYPE"
      },
      "location-before-char-start": 0,
      "location-before-char-end": 0,
      "node-str": "int"
    },
    {
      "type": "delete-node",
      "node": {
        "label": "anchorX",
        "type": "Parameter"
      },
      "location-before-char-start": 733,
      "location-before-char-end": 743,
      "node-str": "anchorX"
    },
    {
      "type": "delete-node",
      "node": {
        "label": "int",
        "type": "VARIABLE_TYPE"
      },
      "location-before-char-start": 0,
      "location-before-char-end": 0,
      "node-str": "int"
    },
    {
      "type": "delete-node",
      "node": {
        "label": "anchorY",
        "type": "Parameter"
      },
      "location-before-char-start": 746,
      "location-before-char-end": 756,
      "node-str": "anchorY"
    },
    {
      "type": "delete-node",
      "node": {
        "label": "DrawingView",
        "type": "VARIABLE_TYPE"
      },
      "location-before-char-start": 0,
      "location-before-char-end": 0,
      "node-str": "DrawingView"
    },
    {
      "type": "delete-node",
      "node": {
        "label": "view",
        "type": "Parameter"
      },
      "location-before-char-start": 759,
      "location-before-char-end": 774,
      "node-str": "view"
    },
    {
      "type": "delete-node",
      "node": {
        "label": "java.awt.Rectangle",
        "type": "VARIABLE_TYPE"
      },
      "location-before-char-start": 0,
      "location-before-char-end": 0,
      "node-str": "java.awt.Rectangle"
    },
    {
      "type": "delete-node",
      "node": {
        "label": "CH.ifa.draw.figures.RadiusHandle",
        "type": "TypeAccess"
      },
      "location-before-char-start": 0,
      "location-before-char-end": 0,
      "node-str": "CH.ifa.draw.figures.RadiusHandle"
    },
    {
      "type": "delete-node",
      "node": {
        "label": "fOwner",
        "type": "FieldRead"
      },
      "location-before-char-start": 857,
      "location-before-char-end": 862,
      "node-str": "fOwner"
    },
    {
      "type": "delete-node",
      "node": {
        "label": "displayBox",
        "type": "Invocation"
      },
      "location-before-char-start": 857,
      "location-before-char-end": 875,
      "node-str": "displayBox"
    },
    {
      "type": "delete-node",
      "node": {
        "label": "r",
        "type": "LocalVariable"
      },
      "location-before-char-start": 843,
      "location-before-char-end": 876,
      "node-str": "r"
    },
    {
      "type": "delete-node",
      "node": {
        "label": "int",
        "type": "VARIABLE_TYPE"
      },
      "location-before-char-start": 0,
      "location-before-char-end": 0,
      "node-str": "int"
    },
    {
      "type": "delete-node",
      "node": {
        "label": "CH.ifa.draw.util.Geom",
        "type": "TypeAccess"
      },
      "location-before-char-start": 895,
      "location-before-char-end": 898,
      "node-str": "CH.ifa.draw.util.Geom"
    },
    {
      "type": "delete-node",
      "node": {
        "label": "0",
        "type": "Literal"
      },
      "location-before-char-start": 906,
      "location-before-char-end": 906,
      "node-str": "0"
    },
    {
      "type": "delete-node",
      "node": {
        "label": "r",
        "type": "VariableRead"
      },
      "location-before-char-start": 909,
      "location-before-char-end": 909,
      "node-str": "r"
    },
    {
      "type": "delete-node",
      "node": {
        "label": "width",
        "type": "FieldRead"
      },
      "location-before-char-start": 909,
      "location-before-char-end": 915,
      "node-str": "width"
    },
    {
      "type": "delete-node",
      "node": {
        "label": "2",
        "type": "Literal"
      },
      "location-before-char-start": 918,
      "location-before-char-end": 918,
      "node-str": "2"
    },
    {
      "type": "delete-node",
      "node": {
        "label": "CH.ifa.draw.figures.RadiusHandle",
        "type": "TypeAccess"
      },
      "location-before-char-start": 0,
      "location-before-char-end": 0,
      "node-str": "CH.ifa.draw.figures.RadiusHandle"
    },
    {
      "type": "delete-node",
      "node": {
        "label": "fRadius",
        "type": "FieldRead"
      },
      "location-before-char-start": 921,
      "location-before-char-end": 927,
      "node-str": "fRadius"
    },
    {
      "type": "delete-node",
      "node": {
        "label": "x",
        "type": "FieldRead"
      },
      "location-before-char-start": 921,
      "location-before-char-end": 929,
      "node-str": "x"
    },
    {
      "type": "delete-node",
      "node": {
        "label": "dx",
        "type": "VariableRead"
      },
      "location-before-char-start": 933,
      "location-before-char-end": 934,
      "node-str": "dx"
    },
    {
      "type": "delete-node",
      "node": {
        "label": "PLUS",
        "type": "BinaryOperator"
      },
      "location-before-char-start": 920,
      "location-before-char-end": 935,
      "node-str": "PLUS"
    },
    {
      "type": "delete-node",
      "node": {
        "label": "MUL",
        "type": "BinaryOperator"
      },
      "location-before-char-start": 918,
      "location-before-char-end": 935,
      "node-str": "MUL"
    },
    {
      "type": "delete-node",
      "node": {
        "label": "range",
        "type": "Invocation"
      },
      "location-before-char-start": 895,
      "location-before-char-end": 936,
      "node-str": "range"
    },
    {
      "type": "delete-node",
      "node": {
        "label": "rx",
        "type": "LocalVariable"
      },
      "location-before-char-start": 886,
      "location-before-char-end": 937,
      "node-str": "rx"
    },
    {
      "type": "delete-node",
      "node": {
        "label": "int",
        "type": "VARIABLE_TYPE"
      },
      "location-before-char-start": 0,
      "location-before-char-end": 0,
      "node-str": "int"
    },
    {
      "type": "delete-node",
      "node": {
        "label": "CH.ifa.draw.util.Geom",
        "type": "TypeAccess"
      },
      "location-before-char-start": 956,
      "location-before-char-end": 959,
      "node-str": "CH.ifa.draw.util.Geom"
    },
    {
      "type": "delete-node",
      "node": {
        "label": "0",
        "type": "Literal"
      },
      "location-before-char-start": 967,
      "location-before-char-end": 967,
      "node-str": "0"
    },
    {
      "type": "delete-node",
      "node": {
        "label": "r",
        "type": "VariableRead"
      },
      "location-before-char-start": 970,
      "location-before-char-end": 970,
      "node-str": "r"
    },
    {
      "type": "delete-node",
      "node": {
        "label": "height",
        "type": "FieldRead"
      },
      "location-before-char-start": 970,
      "location-before-char-end": 977,
      "node-str": "height"
    },
    {
      "type": "delete-node",
      "node": {
        "label": "2",
        "type": "Literal"
      },
      "location-before-char-start": 980,
      "location-before-char-end": 980,
      "node-str": "2"
    },
    {
      "type": "delete-node",
      "node": {
        "label": "CH.ifa.draw.figures.RadiusHandle",
        "type": "TypeAccess"
      },
      "location-before-char-start": 0,
      "location-before-char-end": 0,
      "node-str": "CH.ifa.draw.figures.RadiusHandle"
    },
    {
      "type": "delete-node",
      "node": {
        "label": "fRadius",
        "type": "FieldRead"
      },
      "location-before-char-start": 983,
      "location-before-char-end": 989,
      "node-str": "fRadius"
    },
    {
      "type": "delete-node",
      "node": {
        "label": "y",
        "type": "FieldRead"
      },
      "location-before-char-start": 983,
      "location-before-char-end": 991,
      "node-str": "y"
    },
    {
      "type": "delete-node",
      "node": {
        "label": "dy",
        "type": "VariableRead"
      },
      "location-before-char-start": 995,
      "location-before-char-end": 996,
      "node-str": "dy"
    },
    {
      "type": "delete-node",
      "node": {
        "label": "PLUS",
        "type": "BinaryOperator"
      },
      "location-before-char-start": 982,
      "location-before-char-end": 997,
      "node-str": "PLUS"
    },
    {
      "type": "delete-node",
      "node": {
        "label": "MUL",
        "type": "BinaryOperator"
      },
      "location-before-char-start": 980,
      "location-before-char-end": 997,
      "node-str": "MUL"
    },
    {
      "type": "delete-node",
      "node": {
        "label": "range",
        "type": "Invocation"
      },
      "location-before-char-start": 956,
      "location-before-char-end": 998,
      "node-str": "range"
    },
    {
      "type": "delete-node",
      "node": {
        "label": "ry",
        "type": "LocalVariable"
      },
      "location-before-char-start": 947,
      "location-before-char-end": 999,
      "node-str": "ry"
    },
    {
      "type": "delete-node",
      "node": {
        "label": "CH.ifa.draw.figures.RadiusHandle",
        "type": "TypeAccess"
      },
      "location-before-char-start": 0,
      "location-before-char-end": 0,
      "node-str": "CH.ifa.draw.figures.RadiusHandle"
    },
    {
      "type": "delete-node",
      "node": {
        "label": "fOwner",
        "type": "FieldRead"
      },
      "location-before-char-start": 1009,
      "location-before-char-end": 1014,
      "node-str": "fOwner"
    },
    {
      "type": "delete-node",
      "node": {
        "label": "rx",
        "type": "VariableRead"
      },
      "location-before-char-start": 1023,
      "location-before-char-end": 1024,
      "node-str": "rx"
    },
    {
      "type": "delete-node",
      "node": {
        "label": "ry",
        "type": "VariableRead"
      },
      "location-before-char-start": 1027,
      "location-before-char-end": 1028,
      "node-str": "ry"
    },
    {
      "type": "delete-node",
      "node": {
        "label": "setArc",
        "type": "Invocation"
      },
      "location-before-char-start": 1009,
      "location-before-char-end": 1030,
      "node-str": "setArc"
    },
    {
      "type": "delete-node",
      "node": {
        "label": "invokeStep",
        "type": "Method"
      },
      "location-before-char-start": 695,
      "location-before-char-end": 1036,
      "node-str": "invokeStep"
    },
    {
      "type": "delete-node",
      "node": {
        "label": "CH.ifa.draw.figures.RadiusHandle",
        "type": "TypeAccess"
      },
      "location-before-char-start": 0,
      "location-before-char-end": 0,
      "node-str": "CH.ifa.draw.figures.RadiusHandle"
    },
    {
      "type": "delete-node",
      "node": {
        "label": "fOwner",
        "type": "FieldRead"
      },
      "location-before-char-start": 1090,
      "location-before-char-end": 1095,
      "node-str": "fOwner"
    },
    {
      "type": "delete-node",
      "node": {
        "label": "CH.ifa.draw.figures.RadiusHandle",
        "type": "TypeAccess"
      },
      "location-before-char-start": 0,
      "location-before-char-end": 0,
      "node-str": "CH.ifa.draw.figures.RadiusHandle"
    },
    {
      "type": "delete-node",
      "node": {
        "label": "fOwner",
        "type": "FieldRead"
      },
      "location-before-char-start": 1129,
      "location-before-char-end": 1134,
      "node-str": "fOwner"
    }
  ],
  "before-file": {},
  "after-file": {},
  "mapping": {}
}