{
  "tool-info": {},
  "diff": [
    {
      "type": "insert-node",
      "node": {
        "label": "",
        "type": "VariableDeclarationStatement"
      },
      "location-after-char-start": 6384,
      "location-after-char-end": 6413,
      "node-str": ""
    },
    {
      "type": "move-subtree",
      "node": {
        "label": "",
        "type": "MethodInvocation"
      },
      "location-before-char-start": 4662,
      "location-before-char-end": 4689,
      "location-after-char-start": 4648,
      "location-after-char-end": 4675,
      "node-str": ""
    },
    {
      "type": "insert-node",
      "node": {
        "label": "",
        "type": "SimpleType"
      },
      "location-after-char-start": 6384,
      "location-after-char-end": 6399,
      "node-str": ""
    },
    {
      "type": "insert-node",
      "node": {
        "label": "",
        "type": "VariableDeclarationFragment"
      },
      "location-after-char-start": 6400,
      "location-after-char-end": 6412,
      "node-str": ""
    },
    {
      "type": "insert-node",
      "node": {
        "label": "EJBProxyFactory",
        "type": "SimpleName"
      },
      "location-after-char-start": 6384,
      "location-after-char-end": 6399,
      "node-str": "EJBProxyFactory"
    },
    {
      "type": "insert-node",
      "node": {
        "label": "proxyFactory",
        "type": "SimpleName"
      },
      "location-after-char-start": 6400,
      "location-after-char-end": 6412,
      "node-str": "proxyFactory"
    },
    {
      "type": "insert-node",
      "node": {
        "label": "",
        "type": "ExpressionStatement"
      },
      "location-after-char-start": 6487,
      "location-after-char-end": 6530,
      "node-str": ""
    },
    {
      "type": "insert-node",
      "node": {
        "label": "",
        "type": "Assignment"
      },
      "location-after-char-start": 6487,
      "location-after-char-end": 6529,
      "node-str": ""
    },
    {
      "type": "insert-node",
      "node": {
        "label": "",
        "type": "ExpressionStatement"
      },
      "location-after-char-start": 6825,
      "location-after-char-end": 6868,
      "node-str": ""
    },
    {
      "type": "insert-node",
      "node": {
        "label": "proxyFactory",
        "type": "SimpleName"
      },
      "location-after-char-start": 6487,
      "location-after-char-end": 6499,
      "node-str": "proxyFactory"
    },
    {
      "type": "insert-node",
      "node": {
        "label": "\u003d",
        "type": "ASSIGNMENT_OPERATOR"
      },
      "location-after-char-start": 6500,
      "location-after-char-end": 6501,
      "node-str": "\u003d"
    },
    {
      "type": "insert-node",
      "node": {
        "label": "",
        "type": "MethodInvocation"
      },
      "location-after-char-start": 6502,
      "location-after-char-end": 6529,
      "node-str": ""
    },
    {
      "type": "insert-node",
      "node": {
        "label": "proxyFactory",
        "type": "SimpleName"
      },
      "location-after-char-start": 6546,
      "location-after-char-end": 6558,
      "node-str": "proxyFactory"
    },
    {
      "type": "insert-node",
      "node": {
        "label": "",
        "type": "Assignment"
      },
      "location-after-char-start": 6825,
      "location-after-char-end": 6867,
      "node-str": ""
    },
    {
      "type": "insert-node",
      "node": {
        "label": "",
        "type": "ExpressionStatement"
      },
      "location-after-char-start": 7163,
      "location-after-char-end": 7206,
      "node-str": ""
    },
    {
      "type": "insert-node",
      "node": {
        "label": "",
        "type": "METHOD_INVOCATION_RECEIVER"
      },
      "location-after-char-start": 6502,
      "location-after-char-end": 6511,
      "node-str": ""
    },
    {
      "type": "insert-node",
      "node": {
        "label": "getProxyFactory",
        "type": "SimpleName"
      },
      "location-after-char-start": 6512,
      "location-after-char-end": 6527,
      "node-str": "getProxyFactory"
    },
    {
      "type": "insert-node",
      "node": {
        "label": "proxyFactory",
        "type": "SimpleName"
      },
      "location-after-char-start": 6825,
      "location-after-char-end": 6837,
      "node-str": "proxyFactory"
    },
    {
      "type": "insert-node",
      "node": {
        "label": "\u003d",
        "type": "ASSIGNMENT_OPERATOR"
      },
      "location-after-char-start": 6838,
      "location-after-char-end": 6839,
      "node-str": "\u003d"
    },
    {
      "type": "insert-node",
      "node": {
        "label": "",
        "type": "MethodInvocation"
      },
      "location-after-char-start": 6840,
      "location-after-char-end": 6867,
      "node-str": ""
    },
    {
      "type": "insert-node",
      "node": {
        "label": "proxyFactory",
        "type": "SimpleName"
      },
      "location-after-char-start": 6884,
      "location-after-char-end": 6896,
      "node-str": "proxyFactory"
    },
    {
      "type": "insert-node",
      "node": {
        "label": "",
        "type": "Assignment"
      },
      "location-after-char-start": 7163,
      "location-after-char-end": 7205,
      "node-str": ""
    },
    {
      "type": "insert-node",
      "node": {
        "label": "container",
        "type": "SimpleName"
      },
      "location-after-char-start": 6502,
      "location-after-char-end": 6511,
      "node-str": "container"
    },
    {
      "type": "insert-node",
      "node": {
        "label": "proxyFactory",
        "type": "SimpleName"
      },
      "location-after-char-start": 6699,
      "location-after-char-end": 6711,
      "node-str": "proxyFactory"
    },
    {
      "type": "insert-node",
      "node": {
        "label": "",
        "type": "METHOD_INVOCATION_RECEIVER"
      },
      "location-after-char-start": 6840,
      "location-after-char-end": 6849,
      "node-str": ""
    },
    {
      "type": "insert-node",
      "node": {
        "label": "getProxyFactory",
        "type": "SimpleName"
      },
      "location-after-char-start": 6850,
      "location-after-char-end": 6865,
      "node-str": "getProxyFactory"
    },
    {
      "type": "insert-node",
      "node": {
        "label": "proxyFactory",
        "type": "SimpleName"
      },
      "location-after-char-start": 7163,
      "location-after-char-end": 7175,
      "node-str": "proxyFactory"
    },
    {
      "type": "insert-node",
      "node": {
        "label": "\u003d",
        "type": "ASSIGNMENT_OPERATOR"
      },
      "location-after-char-start": 7176,
      "location-after-char-end": 7177,
      "node-str": "\u003d"
    },
    {
      "type": "insert-node",
      "node": {
        "label": "",
        "type": "MethodInvocation"
      },
      "location-after-char-start": 7178,
      "location-after-char-end": 7205,
      "node-str": ""
    },
    {
      "type": "insert-node",
      "node": {
        "label": "proxyFactory",
        "type": "SimpleName"
      },
      "location-after-char-start": 7222,
      "location-after-char-end": 7234,
      "node-str": "proxyFactory"
    },
    {
      "type": "insert-node",
      "node": {
        "label": "container",
        "type": "SimpleName"
      },
      "location-after-char-start": 7650,
      "location-after-char-end": 7659,
      "node-str": "container"
    },
    {
      "type": "insert-node",
      "node": {
        "label": "container",
        "type": "SimpleName"
      },
      "location-after-char-start": 6840,
      "location-after-char-end": 6849,
      "node-str": "container"
    },
    {
      "type": "insert-node",
      "node": {
        "label": "proxyFactory",
        "type": "SimpleName"
      },
      "location-after-char-start": 7038,
      "location-after-char-end": 7050,
      "node-str": "proxyFactory"
    },
    {
      "type": "insert-node",
      "node": {
        "label": "",
        "type": "METHOD_INVOCATION_RECEIVER"
      },
      "location-after-char-start": 7178,
      "location-after-char-end": 7187,
      "node-str": ""
    },
    {
      "type": "insert-node",
      "node": {
        "label": "getProxyFactory",
        "type": "SimpleName"
      },
      "location-after-char-start": 7188,
      "location-after-char-end": 7203,
      "node-str": "getProxyFactory"
    },
    {
      "type": "insert-node",
      "node": {
        "label": "container",
        "type": "SimpleName"
      },
      "location-after-char-start": 7808,
      "location-after-char-end": 7817,
      "node-str": "container"
    },
    {
      "type": "insert-node",
      "node": {
        "label": "container",
        "type": "SimpleName"
      },
      "location-after-char-start": 7962,
      "location-after-char-end": 7971,
      "node-str": "container"
    },
    {
      "type": "insert-node",
      "node": {
        "label": "container",
        "type": "SimpleName"
      },
      "location-after-char-start": 7178,
      "location-after-char-end": 7187,
      "node-str": "container"
    },
    {
      "type": "insert-node",
      "node": {
        "label": "proxyFactory",
        "type": "SimpleName"
      },
      "location-after-char-start": 7376,
      "location-after-char-end": 7388,
      "node-str": "proxyFactory"
    },
    {
      "type": "insert-node",
      "node": {
        "label": "container",
        "type": "SimpleName"
      },
      "location-after-char-start": 8120,
      "location-after-char-end": 8129,
      "node-str": "container"
    },
    {
      "type": "insert-node",
      "node": {
        "label": "container",
        "type": "SimpleName"
      },
      "location-after-char-start": 8273,
      "location-after-char-end": 8282,
      "node-str": "container"
    },
    {
      "type": "insert-node",
      "node": {
        "label": "container",
        "type": "SimpleName"
      },
      "location-after-char-start": 8431,
      "location-after-char-end": 8440,
      "node-str": "container"
    },
    {
      "type": "delete-node",
      "node": {
        "label": "BeanMetaData",
        "type": "SimpleName"
      },
      "location-before-char-start": 4649,
      "location-before-char-end": 4661,
      "node-str": "BeanMetaData"
    },
    {
      "type": "delete-node",
      "node": {
        "label": "",
        "type": "SimpleType"
      },
      "location-before-char-start": 4649,
      "location-before-char-end": 4661,
      "node-str": ""
    },
    {
      "type": "delete-node",
      "node": {
        "label": "",
        "type": "CastExpression"
      },
      "location-before-char-start": 4648,
      "location-before-char-end": 4689,
      "node-str": ""
    },
    {
      "type": "delete-node",
      "node": {
        "label": "EntityContainer",
        "type": "SimpleName"
      },
      "location-before-char-start": 6467,
      "location-before-char-end": 6482,
      "node-str": "EntityContainer"
    },
    {
      "type": "delete-node",
      "node": {
        "label": "",
        "type": "SimpleType"
      },
      "location-before-char-start": 6467,
      "location-before-char-end": 6482,
      "node-str": ""
    },
    {
      "type": "delete-node",
      "node": {
        "label": "container",
        "type": "SimpleName"
      },
      "location-before-char-start": 6483,
      "location-before-char-end": 6492,
      "node-str": "container"
    },
    {
      "type": "delete-node",
      "node": {
        "label": "",
        "type": "CastExpression"
      },
      "location-before-char-start": 6466,
      "location-before-char-end": 6492,
      "node-str": ""
    },
    {
      "type": "delete-node",
      "node": {
        "label": "",
        "type": "ParenthesizedExpression"
      },
      "location-before-char-start": 6465,
      "location-before-char-end": 6493,
      "node-str": ""
    },
    {
      "type": "delete-node",
      "node": {
        "label": "",
        "type": "METHOD_INVOCATION_RECEIVER"
      },
      "location-before-char-start": 6465,
      "location-before-char-end": 6493,
      "node-str": ""
    },
    {
      "type": "delete-node",
      "node": {
        "label": "getProxyFactory",
        "type": "SimpleName"
      },
      "location-before-char-start": 6494,
      "location-before-char-end": 6509,
      "node-str": "getProxyFactory"
    },
    {
      "type": "delete-node",
      "node": {
        "label": "",
        "type": "MethodInvocation"
      },
      "location-before-char-start": 6465,
      "location-before-char-end": 6511,
      "node-str": ""
    },
    {
      "type": "delete-node",
      "node": {
        "label": "EntityContainer",
        "type": "SimpleName"
      },
      "location-before-char-start": 6652,
      "location-before-char-end": 6667,
      "node-str": "EntityContainer"
    },
    {
      "type": "delete-node",
      "node": {
        "label": "",
        "type": "SimpleType"
      },
      "location-before-char-start": 6652,
      "location-before-char-end": 6667,
      "node-str": ""
    },
    {
      "type": "delete-node",
      "node": {
        "label": "container",
        "type": "SimpleName"
      },
      "location-before-char-start": 6668,
      "location-before-char-end": 6677,
      "node-str": "container"
    },
    {
      "type": "delete-node",
      "node": {
        "label": "",
        "type": "CastExpression"
      },
      "location-before-char-start": 6651,
      "location-before-char-end": 6677,
      "node-str": ""
    },
    {
      "type": "delete-node",
      "node": {
        "label": "",
        "type": "ParenthesizedExpression"
      },
      "location-before-char-start": 6650,
      "location-before-char-end": 6678,
      "node-str": ""
    },
    {
      "type": "delete-node",
      "node": {
        "label": "",
        "type": "METHOD_INVOCATION_RECEIVER"
      },
      "location-before-char-start": 6650,
      "location-before-char-end": 6678,
      "node-str": ""
    },
    {
      "type": "delete-node",
      "node": {
        "label": "getProxyFactory",
        "type": "SimpleName"
      },
      "location-before-char-start": 6679,
      "location-before-char-end": 6694,
      "node-str": "getProxyFactory"
    },
    {
      "type": "delete-node",
      "node": {
        "label": "",
        "type": "MethodInvocation"
      },
      "location-before-char-start": 6650,
      "location-before-char-end": 6696,
      "node-str": ""
    },
    {
      "type": "delete-node",
      "node": {
        "label": "StatelessSessionContainer",
        "type": "SimpleName"
      },
      "location-before-char-start": 6815,
      "location-before-char-end": 6840,
      "node-str": "StatelessSessionContainer"
    },
    {
      "type": "delete-node",
      "node": {
        "label": "",
        "type": "SimpleType"
      },
      "location-before-char-start": 6815,
      "location-before-char-end": 6840,
      "node-str": ""
    },
    {
      "type": "delete-node",
      "node": {
        "label": "container",
        "type": "SimpleName"
      },
      "location-before-char-start": 6841,
      "location-before-char-end": 6850,
      "node-str": "container"
    },
    {
      "type": "delete-node",
      "node": {
        "label": "",
        "type": "CastExpression"
      },
      "location-before-char-start": 6814,
      "location-before-char-end": 6850,
      "node-str": ""
    },
    {
      "type": "delete-node",
      "node": {
        "label": "",
        "type": "ParenthesizedExpression"
      },
      "location-before-char-start": 6813,
      "location-before-char-end": 6851,
      "node-str": ""
    },
    {
      "type": "delete-node",
      "node": {
        "label": "",
        "type": "METHOD_INVOCATION_RECEIVER"
      },
      "location-before-char-start": 6813,
      "location-before-char-end": 6851,
      "node-str": ""
    },
    {
      "type": "delete-node",
      "node": {
        "label": "getProxyFactory",
        "type": "SimpleName"
      },
      "location-before-char-start": 6852,
      "location-before-char-end": 6867,
      "node-str": "getProxyFactory"
    },
    {
      "type": "delete-node",
      "node": {
        "label": "",
        "type": "MethodInvocation"
      },
      "location-before-char-start": 6813,
      "location-before-char-end": 6869,
      "node-str": ""
    },
    {
      "type": "delete-node",
      "node": {
        "label": "StatelessSessionContainer",
        "type": "SimpleName"
      },
      "location-before-char-start": 7011,
      "location-before-char-end": 7036,
      "node-str": "StatelessSessionContainer"
    },
    {
      "type": "delete-node",
      "node": {
        "label": "",
        "type": "SimpleType"
      },
      "location-before-char-start": 7011,
      "location-before-char-end": 7036,
      "node-str": ""
    },
    {
      "type": "delete-node",
      "node": {
        "label": "container",
        "type": "SimpleName"
      },
      "location-before-char-start": 7037,
      "location-before-char-end": 7046,
      "node-str": "container"
    },
    {
      "type": "delete-node",
      "node": {
        "label": "",
        "type": "CastExpression"
      },
      "location-before-char-start": 7010,
      "location-before-char-end": 7046,
      "node-str": ""
    },
    {
      "type": "delete-node",
      "node": {
        "label": "",
        "type": "ParenthesizedExpression"
      },
      "location-before-char-start": 7009,
      "location-before-char-end": 7047,
      "node-str": ""
    },
    {
      "type": "delete-node",
      "node": {
        "label": "",
        "type": "METHOD_INVOCATION_RECEIVER"
      },
      "location-before-char-start": 7009,
      "location-before-char-end": 7047,
      "node-str": ""
    },
    {
      "type": "delete-node",
      "node": {
        "label": "getProxyFactory",
        "type": "SimpleName"
      },
      "location-before-char-start": 7048,
      "location-before-char-end": 7063,
      "node-str": "getProxyFactory"
    },
    {
      "type": "delete-node",
      "node": {
        "label": "",
        "type": "MethodInvocation"
      },
      "location-before-char-start": 7009,
      "location-before-char-end": 7065,
      "node-str": ""
    },
    {
      "type": "delete-node",
      "node": {
        "label": "StatefulSessionContainer",
        "type": "SimpleName"
      },
      "location-before-char-start": 7183,
      "location-before-char-end": 7207,
      "node-str": "StatefulSessionContainer"
    },
    {
      "type": "delete-node",
      "node": {
        "label": "",
        "type": "SimpleType"
      },
      "location-before-char-start": 7183,
      "location-before-char-end": 7207,
      "node-str": ""
    },
    {
      "type": "delete-node",
      "node": {
        "label": "container",
        "type": "SimpleName"
      },
      "location-before-char-start": 7208,
      "location-before-char-end": 7217,
      "node-str": "container"
    },
    {
      "type": "delete-node",
      "node": {
        "label": "",
        "type": "CastExpression"
      },
      "location-before-char-start": 7182,
      "location-before-char-end": 7217,
      "node-str": ""
    },
    {
      "type": "delete-node",
      "node": {
        "label": "",
        "type": "ParenthesizedExpression"
      },
      "location-before-char-start": 7181,
      "location-before-char-end": 7218,
      "node-str": ""
    },
    {
      "type": "delete-node",
      "node": {
        "label": "",
        "type": "METHOD_INVOCATION_RECEIVER"
      },
      "location-before-char-start": 7181,
      "location-before-char-end": 7218,
      "node-str": ""
    },
    {
      "type": "delete-node",
      "node": {
        "label": "getProxyFactory",
        "type": "SimpleName"
      },
      "location-before-char-start": 7219,
      "location-before-char-end": 7234,
      "node-str": "getProxyFactory"
    },
    {
      "type": "delete-node",
      "node": {
        "label": "",
        "type": "MethodInvocation"
      },
      "location-before-char-start": 7181,
      "location-before-char-end": 7236,
      "node-str": ""
    },
    {
      "type": "delete-node",
      "node": {
        "label": "StatefulSessionContainer",
        "type": "SimpleName"
      },
      "location-before-char-start": 7378,
      "location-before-char-end": 7402,
      "node-str": "StatefulSessionContainer"
    },
    {
      "type": "delete-node",
      "node": {
        "label": "",
        "type": "SimpleType"
      },
      "location-before-char-start": 7378,
      "location-before-char-end": 7402,
      "node-str": ""
    },
    {
      "type": "delete-node",
      "node": {
        "label": "container",
        "type": "SimpleName"
      },
      "location-before-char-start": 7403,
      "location-before-char-end": 7412,
      "node-str": "container"
    },
    {
      "type": "delete-node",
      "node": {
        "label": "",
        "type": "CastExpression"
      },
      "location-before-char-start": 7377,
      "location-before-char-end": 7412,
      "node-str": ""
    },
    {
      "type": "delete-node",
      "node": {
        "label": "",
        "type": "ParenthesizedExpression"
      },
      "location-before-char-start": 7376,
      "location-before-char-end": 7413,
      "node-str": ""
    },
    {
      "type": "delete-node",
      "node": {
        "label": "",
        "type": "METHOD_INVOCATION_RECEIVER"
      },
      "location-before-char-start": 7376,
      "location-before-char-end": 7413,
      "node-str": ""
    },
    {
      "type": "delete-node",
      "node": {
        "label": "getProxyFactory",
        "type": "SimpleName"
      },
      "location-before-char-start": 7414,
      "location-before-char-end": 7429,
      "node-str": "getProxyFactory"
    },
    {
      "type": "delete-node",
      "node": {
        "label": "",
        "type": "MethodInvocation"
      },
      "location-before-char-start": 7376,
      "location-before-char-end": 7431,
      "node-str": ""
    },
    {
      "type": "delete-node",
      "node": {
        "label": "EntityContainer",
        "type": "SimpleName"
      },
      "location-before-char-start": 7695,
      "location-before-char-end": 7710,
      "node-str": "EntityContainer"
    },
    {
      "type": "delete-node",
      "node": {
        "label": "",
        "type": "SimpleType"
      },
      "location-before-char-start": 7695,
      "location-before-char-end": 7710,
      "node-str": ""
    },
    {
      "type": "delete-node",
      "node": {
        "label": "container",
        "type": "SimpleName"
      },
      "location-before-char-start": 7711,
      "location-before-char-end": 7720,
      "node-str": "container"
    },
    {
      "type": "delete-node",
      "node": {
        "label": "",
        "type": "CastExpression"
      },
      "location-before-char-start": 7694,
      "location-before-char-end": 7720,
      "node-str": ""
    },
    {
      "type": "delete-node",
      "node": {
        "label": "",
        "type": "ParenthesizedExpression"
      },
      "location-before-char-start": 7693,
      "location-before-char-end": 7721,
      "node-str": ""
    },
    {
      "type": "delete-node",
      "node": {
        "label": "EntityContainer",
        "type": "SimpleName"
      },
      "location-before-char-start": 7872,
      "location-before-char-end": 7887,
      "node-str": "EntityContainer"
    },
    {
      "type": "delete-node",
      "node": {
        "label": "",
        "type": "SimpleType"
      },
      "location-before-char-start": 7872,
      "location-before-char-end": 7887,
      "node-str": ""
    },
    {
      "type": "delete-node",
      "node": {
        "label": "container",
        "type": "SimpleName"
      },
      "location-before-char-start": 7888,
      "location-before-char-end": 7897,
      "node-str": "container"
    },
    {
      "type": "delete-node",
      "node": {
        "label": "",
        "type": "CastExpression"
      },
      "location-before-char-start": 7871,
      "location-before-char-end": 7897,
      "node-str": ""
    },
    {
      "type": "delete-node",
      "node": {
        "label": "",
        "type": "ParenthesizedExpression"
      },
      "location-before-char-start": 7870,
      "location-before-char-end": 7898,
      "node-str": ""
    },
    {
      "type": "delete-node",
      "node": {
        "label": "StatelessSessionContainer",
        "type": "SimpleName"
      },
      "location-before-char-start": 8045,
      "location-before-char-end": 8070,
      "node-str": "StatelessSessionContainer"
    },
    {
      "type": "delete-node",
      "node": {
        "label": "",
        "type": "SimpleType"
      },
      "location-before-char-start": 8045,
      "location-before-char-end": 8070,
      "node-str": ""
    },
    {
      "type": "delete-node",
      "node": {
        "label": "container",
        "type": "SimpleName"
      },
      "location-before-char-start": 8071,
      "location-before-char-end": 8080,
      "node-str": "container"
    },
    {
      "type": "delete-node",
      "node": {
        "label": "",
        "type": "CastExpression"
      },
      "location-before-char-start": 8044,
      "location-before-char-end": 8080,
      "node-str": ""
    },
    {
      "type": "delete-node",
      "node": {
        "label": "",
        "type": "ParenthesizedExpression"
      },
      "location-before-char-start": 8043,
      "location-before-char-end": 8081,
      "node-str": ""
    },
    {
      "type": "delete-node",
      "node": {
        "label": "StatelessSessionContainer",
        "type": "SimpleName"
      },
      "location-before-char-start": 8232,
      "location-before-char-end": 8257,
      "node-str": "StatelessSessionContainer"
    },
    {
      "type": "delete-node",
      "node": {
        "label": "",
        "type": "SimpleType"
      },
      "location-before-char-start": 8232,
      "location-before-char-end": 8257,
      "node-str": ""
    },
    {
      "type": "delete-node",
      "node": {
        "label": "container",
        "type": "SimpleName"
      },
      "location-before-char-start": 8258,
      "location-before-char-end": 8267,
      "node-str": "container"
    },
    {
      "type": "delete-node",
      "node": {
        "label": "",
        "type": "CastExpression"
      },
      "location-before-char-start": 8231,
      "location-before-char-end": 8267,
      "node-str": ""
    },
    {
      "type": "delete-node",
      "node": {
        "label": "",
        "type": "ParenthesizedExpression"
      },
      "location-before-char-start": 8230,
      "location-before-char-end": 8268,
      "node-str": ""
    },
    {
      "type": "delete-node",
      "node": {
        "label": "StatefulSessionContainer",
        "type": "SimpleName"
      },
      "location-before-char-start": 8414,
      "location-before-char-end": 8438,
      "node-str": "StatefulSessionContainer"
    },
    {
      "type": "delete-node",
      "node": {
        "label": "",
        "type": "SimpleType"
      },
      "location-before-char-start": 8414,
      "location-before-char-end": 8438,
      "node-str": ""
    },
    {
      "type": "delete-node",
      "node": {
        "label": "container",
        "type": "SimpleName"
      },
      "location-before-char-start": 8439,
      "location-before-char-end": 8448,
      "node-str": "container"
    },
    {
      "type": "delete-node",
      "node": {
        "label": "",
        "type": "CastExpression"
      },
      "location-before-char-start": 8413,
      "location-before-char-end": 8448,
      "node-str": ""
    },
    {
      "type": "delete-node",
      "node": {
        "label": "",
        "type": "ParenthesizedExpression"
      },
      "location-before-char-start": 8412,
      "location-before-char-end": 8449,
      "node-str": ""
    },
    {
      "type": "delete-node",
      "node": {
        "label": "StatefulSessionContainer",
        "type": "SimpleName"
      },
      "location-before-char-start": 8600,
      "location-before-char-end": 8624,
      "node-str": "StatefulSessionContainer"
    },
    {
      "type": "delete-node",
      "node": {
        "label": "",
        "type": "SimpleType"
      },
      "location-before-char-start": 8600,
      "location-before-char-end": 8624,
      "node-str": ""
    },
    {
      "type": "delete-node",
      "node": {
        "label": "container",
        "type": "SimpleName"
      },
      "location-before-char-start": 8625,
      "location-before-char-end": 8634,
      "node-str": "container"
    },
    {
      "type": "delete-node",
      "node": {
        "label": "",
        "type": "CastExpression"
      },
      "location-before-char-start": 8599,
      "location-before-char-end": 8634,
      "node-str": ""
    },
    {
      "type": "delete-node",
      "node": {
        "label": "",
        "type": "ParenthesizedExpression"
      },
      "location-before-char-start": 8598,
      "location-before-char-end": 8635,
      "node-str": ""
    }
  ],
  "before-file": {},
  "after-file": {},
  "mapping": {}
}