{
  "tool-info": {},
  "diff": [
    {
      "type": "insert-node",
      "node": {
        "label": "public",
        "type": "Modifier"
      },
      "location-after-char-start": 0,
      "location-after-char-end": 0,
      "node-str": "public"
    },
    {
      "type": "insert-node",
      "node": {
        "label": "",
        "type": "TypeReference"
      },
      "location-after-char-start": 3227,
      "location-after-char-end": 3265,
      "node-str": ""
    },
    {
      "type": "insert-node",
      "node": {
        "label": "deleteAttribute",
        "type": "Method"
      },
      "location-after-char-start": 15458,
      "location-after-char-end": 19888,
      "node-str": "deleteAttribute"
    },
    {
      "type": "insert-node",
      "node": {
        "label": "org.tigris.scarab.om.BaseAttributeGroup",
        "type": "SUPER_TYPE"
      },
      "location-after-char-start": 0,
      "location-after-char-end": 0,
      "node-str": "org.tigris.scarab.om.BaseAttributeGroup"
    },
    {
      "type": "insert-node",
      "node": {
        "label": "void",
        "type": "RETURN_TYPE"
      },
      "location-after-char-start": 0,
      "location-after-char-end": 0,
      "node-str": "void"
    },
    {
      "type": "insert-node",
      "node": {
        "label": "java.lang.Exception",
        "type": "THROWS"
      },
      "location-after-char-start": 0,
      "location-after-char-end": 0,
      "node-str": "java.lang.Exception"
    },
    {
      "type": "insert-node",
      "node": {
        "label": "public",
        "type": "Modifier"
      },
      "location-after-char-start": 0,
      "location-after-char-end": 0,
      "node-str": "public"
    },
    {
      "type": "insert-node",
      "node": {
        "label": "user",
        "type": "Parameter"
      },
      "location-after-char-start": 8417,
      "location-after-char-end": 8431,
      "node-str": "user"
    },
    {
      "type": "insert-node",
      "node": {
        "label": "module",
        "type": "Parameter"
      },
      "location-after-char-start": 8434,
      "location-after-char-end": 8446,
      "node-str": "module"
    },
    {
      "type": "insert-node",
      "node": {
        "label": "permission",
        "type": "LocalVariable"
      },
      "location-after-char-start": 8506,
      "location-after-char-end": 8530,
      "node-str": "permission"
    },
    {
      "type": "insert-node",
      "node": {
        "label": "if",
        "type": "If"
      },
      "location-after-char-start": 8540,
      "location-after-char-end": 8724,
      "node-str": "if"
    },
    {
      "type": "insert-node",
      "node": {
        "label": "void",
        "type": "RETURN_TYPE"
      },
      "location-after-char-start": 0,
      "location-after-char-end": 0,
      "node-str": "void"
    },
    {
      "type": "insert-node",
      "node": {
        "label": "java.lang.Exception",
        "type": "THROWS"
      },
      "location-after-char-start": 0,
      "location-after-char-end": 0,
      "node-str": "java.lang.Exception"
    },
    {
      "type": "insert-node",
      "node": {
        "label": "public",
        "type": "Modifier"
      },
      "location-after-char-start": 0,
      "location-after-char-end": 0,
      "node-str": "public"
    },
    {
      "type": "insert-node",
      "node": {
        "label": "attribute",
        "type": "Parameter"
      },
      "location-after-char-start": 12755,
      "location-after-char-end": 12773,
      "node-str": "attribute"
    },
    {
      "type": "insert-node",
      "node": {
        "label": "save",
        "type": "Invocation"
      },
      "location-after-char-start": 13058,
      "location-after-char-end": 13069,
      "node-str": "save"
    },
    {
      "type": "insert-node",
      "node": {
        "label": "remove",
        "type": "Invocation"
      },
      "location-after-char-start": 15291,
      "location-after-char-end": 15349,
      "node-str": "remove"
    },
    {
      "type": "insert-node",
      "node": {
        "label": "add",
        "type": "Invocation"
      },
      "location-after-char-start": 15359,
      "location-after-char-end": 15405,
      "node-str": "add"
    },
    {
      "type": "insert-node",
      "node": {
        "label": "void",
        "type": "RETURN_TYPE"
      },
      "location-after-char-start": 0,
      "location-after-char-end": 0,
      "node-str": "void"
    },
    {
      "type": "insert-node",
      "node": {
        "label": "java.lang.Exception",
        "type": "THROWS"
      },
      "location-after-char-start": 0,
      "location-after-char-end": 0,
      "node-str": "java.lang.Exception"
    },
    {
      "type": "insert-node",
      "node": {
        "label": "public",
        "type": "Modifier"
      },
      "location-after-char-start": 0,
      "location-after-char-end": 0,
      "node-str": "public"
    },
    {
      "type": "insert-node",
      "node": {
        "label": "attribute",
        "type": "Parameter"
      },
      "location-after-char-start": 15487,
      "location-after-char-end": 15505,
      "node-str": "attribute"
    },
    {
      "type": "insert-node",
      "node": {
        "label": "user",
        "type": "Parameter"
      },
      "location-after-char-start": 15508,
      "location-after-char-end": 15522,
      "node-str": "user"
    },
    {
      "type": "insert-node",
      "node": {
        "label": "module",
        "type": "Parameter"
      },
      "location-after-char-start": 15558,
      "location-after-char-end": 15570,
      "node-str": "module"
    },
    {
      "type": "insert-node",
      "node": {
        "label": "permission",
        "type": "LocalVariable"
      },
      "location-after-char-start": 15630,
      "location-after-char-end": 15654,
      "node-str": "permission"
    },
    {
      "type": "insert-node",
      "node": {
        "label": "if",
        "type": "If"
      },
      "location-after-char-start": 15664,
      "location-after-char-end": 15848,
      "node-str": "if"
    },
    {
      "type": "insert-node",
      "node": {
        "label": "if",
        "type": "If"
      },
      "location-after-char-start": 15858,
      "location-after-char-end": 19870,
      "node-str": "if"
    },
    {
      "type": "insert-node",
      "node": {
        "label": "org.tigris.scarab.om.ScarabUser",
        "type": "VARIABLE_TYPE"
      },
      "location-after-char-start": 0,
      "location-after-char-end": 0,
      "node-str": "org.tigris.scarab.om.ScarabUser"
    },
    {
      "type": "insert-node",
      "node": {
        "label": "java.lang.Module",
        "type": "VARIABLE_TYPE"
      },
      "location-after-char-start": 0,
      "location-after-char-end": 0,
      "node-str": "java.lang.Module"
    },
    {
      "type": "insert-node",
      "node": {
        "label": "java.lang.String",
        "type": "VARIABLE_TYPE"
      },
      "location-after-char-start": 0,
      "location-after-char-end": 0,
      "node-str": "java.lang.String"
    },
    {
      "type": "insert-node",
      "node": {
        "label": "null",
        "type": "Literal"
      },
      "location-after-char-start": 8526,
      "location-after-char-end": 8529,
      "node-str": "null"
    },
    {
      "type": "insert-node",
      "node": {
        "label": "isGlobal",
        "type": "Invocation"
      },
      "location-after-char-start": 8544,
      "location-after-char-end": 8553,
      "node-str": "isGlobal"
    },
    {
      "type": "insert-node",
      "node": {
        "label": "THEN",
        "type": "then"
      },
      "location-after-char-start": 8564,
      "location-after-char-end": 8630,
      "node-str": "THEN"
    },
    {
      "type": "insert-node",
      "node": {
        "label": "ELSE",
        "type": "else"
      },
      "location-after-char-start": 8653,
      "location-after-char-end": 8724,
      "node-str": "ELSE"
    },
    {
      "type": "insert-node",
      "node": {
        "label": "hasPermission",
        "type": "Invocation"
      },
      "location-after-char-start": 8738,
      "location-after-char-end": 8775,
      "node-str": "hasPermission"
    },
    {
      "type": "insert-node",
      "node": {
        "label": "org.tigris.scarab.om.Attribute",
        "type": "VARIABLE_TYPE"
      },
      "location-after-char-start": 0,
      "location-after-char-end": 0,
      "node-str": "org.tigris.scarab.om.Attribute"
    },
    {
      "type": "insert-node",
      "node": {
        "label": "raag",
        "type": "VariableRead"
      },
      "location-after-char-start": 13058,
      "location-after-char-end": 13061,
      "node-str": "raag"
    },
    {
      "type": "insert-node",
      "node": {
        "label": "getAvailableAttributes",
        "type": "Invocation"
      },
      "location-after-char-start": 15291,
      "location-after-char-end": 15330,
      "node-str": "getAvailableAttributes"
    },
    {
      "type": "insert-node",
      "node": {
        "label": "attribute",
        "type": "VariableRead"
      },
      "location-after-char-start": 15339,
      "location-after-char-end": 15347,
      "node-str": "attribute"
    },
    {
      "type": "insert-node",
      "node": {
        "label": "getAttributes",
        "type": "Invocation"
      },
      "location-after-char-start": 15359,
      "location-after-char-end": 15389,
      "node-str": "getAttributes"
    },
    {
      "type": "insert-node",
      "node": {
        "label": "attribute",
        "type": "VariableRead"
      },
      "location-after-char-start": 15395,
      "location-after-char-end": 15403,
      "node-str": "attribute"
    },
    {
      "type": "insert-node",
      "node": {
        "label": "org.tigris.scarab.om.Attribute",
        "type": "VARIABLE_TYPE"
      },
      "location-after-char-start": 0,
      "location-after-char-end": 0,
      "node-str": "org.tigris.scarab.om.Attribute"
    },
    {
      "type": "insert-node",
      "node": {
        "label": "org.tigris.scarab.om.ScarabUser",
        "type": "VARIABLE_TYPE"
      },
      "location-after-char-start": 0,
      "location-after-char-end": 0,
      "node-str": "org.tigris.scarab.om.ScarabUser"
    },
    {
      "type": "insert-node",
      "node": {
        "label": "java.lang.Module",
        "type": "VARIABLE_TYPE"
      },
      "location-after-char-start": 0,
      "location-after-char-end": 0,
      "node-str": "java.lang.Module"
    },
    {
      "type": "insert-node",
      "node": {
        "label": "java.lang.String",
        "type": "VARIABLE_TYPE"
      },
      "location-after-char-start": 0,
      "location-after-char-end": 0,
      "node-str": "java.lang.String"
    },
    {
      "type": "insert-node",
      "node": {
        "label": "null",
        "type": "Literal"
      },
      "location-after-char-start": 15650,
      "location-after-char-end": 15653,
      "node-str": "null"
    },
    {
      "type": "insert-node",
      "node": {
        "label": "isGlobal",
        "type": "Invocation"
      },
      "location-after-char-start": 15668,
      "location-after-char-end": 15677,
      "node-str": "isGlobal"
    },
    {
      "type": "insert-node",
      "node": {
        "label": "THEN",
        "type": "then"
      },
      "location-after-char-start": 15688,
      "location-after-char-end": 15754,
      "node-str": "THEN"
    },
    {
      "type": "insert-node",
      "node": {
        "label": "ELSE",
        "type": "else"
      },
      "location-after-char-start": 15777,
      "location-after-char-end": 15848,
      "node-str": "ELSE"
    },
    {
      "type": "insert-node",
      "node": {
        "label": "hasPermission",
        "type": "Invocation"
      },
      "location-after-char-start": 15862,
      "location-after-char-end": 15899,
      "node-str": "hasPermission"
    },
    {
      "type": "insert-node",
      "node": {
        "label": "THEN",
        "type": "then"
      },
      "location-after-char-start": 15910,
      "location-after-char-end": 19755,
      "node-str": "THEN"
    },
    {
      "type": "insert-node",
      "node": {
        "label": "ELSE",
        "type": "else"
      },
      "location-after-char-start": 19780,
      "location-after-char-end": 19870,
      "node-str": "ELSE"
    },
    {
      "type": "insert-node",
      "node": {
        "label": "org.tigris.scarab.om.AttributeGroup",
        "type": "TypeAccess"
      },
      "location-after-char-start": 0,
      "location-after-char-end": 0,
      "node-str": "org.tigris.scarab.om.AttributeGroup"
    },
    {
      "type": "insert-node",
      "node": {
        "label": "\u003d",
        "type": "Assignment"
      },
      "location-after-char-start": 8578,
      "location-after-char-end": 8620,
      "node-str": "\u003d"
    },
    {
      "type": "insert-node",
      "node": {
        "label": "\u003d",
        "type": "Assignment"
      },
      "location-after-char-start": 8667,
      "location-after-char-end": 8714,
      "node-str": "\u003d"
    },
    {
      "type": "insert-node",
      "node": {
        "label": "user",
        "type": "VariableRead"
      },
      "location-after-char-start": 8738,
      "location-after-char-end": 8741,
      "node-str": "user"
    },
    {
      "type": "insert-node",
      "node": {
        "label": "permission",
        "type": "VariableRead"
      },
      "location-after-char-start": 8757,
      "location-after-char-end": 8766,
      "node-str": "permission"
    },
    {
      "type": "insert-node",
      "node": {
        "label": "module",
        "type": "VariableRead"
      },
      "location-after-char-start": 8769,
      "location-after-char-end": 8774,
      "node-str": "module"
    },
    {
      "type": "insert-node",
      "node": {
        "label": "issueType",
        "type": "VariableRead"
      },
      "location-after-char-start": 15291,
      "location-after-char-end": 15299,
      "node-str": "issueType"
    },
    {
      "type": "insert-node",
      "node": {
        "label": "\"data\"",
        "type": "Literal"
      },
      "location-after-char-start": 15324,
      "location-after-char-end": 15329,
      "node-str": "\"data\""
    },
    {
      "type": "insert-node",
      "node": {
        "label": "issueType",
        "type": "VariableRead"
      },
      "location-after-char-start": 15359,
      "location-after-char-end": 15367,
      "node-str": "issueType"
    },
    {
      "type": "insert-node",
      "node": {
        "label": "\"data\"",
        "type": "Literal"
      },
      "location-after-char-start": 15383,
      "location-after-char-end": 15388,
      "node-str": "\"data\""
    },
    {
      "type": "insert-node",
      "node": {
        "label": "org.tigris.scarab.om.AttributeGroup",
        "type": "TypeAccess"
      },
      "location-after-char-start": 0,
      "location-after-char-end": 0,
      "node-str": "org.tigris.scarab.om.AttributeGroup"
    },
    {
      "type": "insert-node",
      "node": {
        "label": "\u003d",
        "type": "Assignment"
      },
      "location-after-char-start": 15702,
      "location-after-char-end": 15744,
      "node-str": "\u003d"
    },
    {
      "type": "insert-node",
      "node": {
        "label": "\u003d",
        "type": "Assignment"
      },
      "location-after-char-start": 15791,
      "location-after-char-end": 15838,
      "node-str": "\u003d"
    },
    {
      "type": "insert-node",
      "node": {
        "label": "user",
        "type": "VariableRead"
      },
      "location-after-char-start": 15862,
      "location-after-char-end": 15865,
      "node-str": "user"
    },
    {
      "type": "insert-node",
      "node": {
        "label": "permission",
        "type": "VariableRead"
      },
      "location-after-char-start": 15881,
      "location-after-char-end": 15890,
      "node-str": "permission"
    },
    {
      "type": "insert-node",
      "node": {
        "label": "module",
        "type": "VariableRead"
      },
      "location-after-char-start": 15893,
      "location-after-char-end": 15898,
      "node-str": "module"
    },
    {
      "type": "move-subtree",
      "node": {
        "label": "issueType",
        "type": "LocalVariable"
      },
      "location-before-char-start": 15356,
      "location-before-char-end": 15392,
      "location-after-char-start": 15924,
      "location-after-char-end": 15960,
      "node-str": "issueType"
    },
    {
      "type": "move-subtree",
      "node": {
        "label": "template",
        "type": "LocalVariable"
      },
      "location-before-char-start": 15439,
      "location-before-char-end": 15545,
      "location-after-char-start": 15974,
      "location-after-char-end": 16084,
      "node-str": "template"
    },
    {
      "type": "move-subtree",
      "node": {
        "label": "success",
        "type": "LocalVariable"
      },
      "location-before-char-start": 15555,
      "location-before-char-end": 15577,
      "location-after-char-start": 16098,
      "location-after-char-end": 16120,
      "node-str": "success"
    },
    {
      "type": "move-subtree",
      "node": {
        "label": "ria",
        "type": "LocalVariable"
      },
      "location-before-char-start": 15588,
      "location-before-char-end": 15657,
      "location-after-char-start": 16135,
      "location-after-char-end": 16204,
      "node-str": "ria"
    },
    {
      "type": "insert-node",
      "node": {
        "label": "if",
        "type": "If"
      },
      "location-after-char-start": 16218,
      "location-after-char-end": 17707,
      "node-str": "if"
    },
    {
      "type": "insert-node",
      "node": {
        "label": "if",
        "type": "If"
      },
      "location-after-char-start": 17722,
      "location-after-char-end": 19744,
      "node-str": "if"
    },
    {
      "type": "insert-node",
      "node": {
        "label": "",
        "type": "Throw"
      },
      "location-after-char-start": 19795,
      "location-after-char-end": 19859,
      "node-str": ""
    },
    {
      "type": "insert-node",
      "node": {
        "label": "permission",
        "type": "VariableWrite"
      },
      "location-after-char-start": 8578,
      "location-after-char-end": 8587,
      "node-str": "permission"
    },
    {
      "type": "insert-node",
      "node": {
        "label": "DOMAIN__EDIT",
        "type": "FieldRead"
      },
      "location-after-char-start": 8591,
      "location-after-char-end": 8619,
      "node-str": "DOMAIN__EDIT"
    },
    {
      "type": "insert-node",
      "node": {
        "label": "permission",
        "type": "VariableWrite"
      },
      "location-after-char-start": 8667,
      "location-after-char-end": 8676,
      "node-str": "permission"
    },
    {
      "type": "insert-node",
      "node": {
        "label": "MODULE__CONFIGURE",
        "type": "FieldRead"
      },
      "location-after-char-start": 8680,
      "location-after-char-end": 8713,
      "node-str": "MODULE__CONFIGURE"
    },
    {
      "type": "insert-node",
      "node": {
        "label": "permission",
        "type": "VariableWrite"
      },
      "location-after-char-start": 15702,
      "location-after-char-end": 15711,
      "node-str": "permission"
    },
    {
      "type": "insert-node",
      "node": {
        "label": "DOMAIN__EDIT",
        "type": "FieldRead"
      },
      "location-after-char-start": 15715,
      "location-after-char-end": 15743,
      "node-str": "DOMAIN__EDIT"
    },
    {
      "type": "insert-node",
      "node": {
        "label": "permission",
        "type": "VariableWrite"
      },
      "location-after-char-start": 15791,
      "location-after-char-end": 15800,
      "node-str": "permission"
    },
    {
      "type": "insert-node",
      "node": {
        "label": "MODULE__CONFIGURE",
        "type": "FieldRead"
      },
      "location-after-char-start": 15804,
      "location-after-char-end": 15837,
      "node-str": "MODULE__CONFIGURE"
    },
    {
      "type": "insert-node",
      "node": {
        "label": "isGlobal",
        "type": "Invocation"
      },
      "location-after-char-start": 16222,
      "location-after-char-end": 16231,
      "node-str": "isGlobal"
    },
    {
      "type": "insert-node",
      "node": {
        "label": "THEN",
        "type": "then"
      },
      "location-after-char-start": 16246,
      "location-after-char-end": 16520,
      "node-str": "THEN"
    },
    {
      "type": "move-subtree",
      "node": {
        "label": "ELSE",
        "type": "else"
      },
      "location-before-char-start": 16177,
      "location-before-char-end": 17237,
      "location-after-char-start": 16551,
      "location-after-char-end": 17707,
      "node-str": "ELSE"
    },
    {
      "type": "insert-node",
      "node": {
        "label": "success",
        "type": "VariableRead"
      },
      "location-after-char-start": 17726,
      "location-after-char-end": 17732,
      "node-str": "success"
    },
    {
      "type": "insert-node",
      "node": {
        "label": "THEN",
        "type": "then"
      },
      "location-after-char-start": 17747,
      "location-after-char-end": 19744,
      "node-str": "THEN"
    },
    {
      "type": "insert-node",
      "node": {
        "label": "java.lang.Object()",
        "type": "ConstructorCall"
      },
      "location-after-char-start": 19801,
      "location-after-char-end": 19858,
      "node-str": "java.lang.Object()"
    },
    {
      "type": "insert-node",
      "node": {
        "label": "org.tigris.scarab.services.security.ScarabSecurity",
        "type": "TypeAccess"
      },
      "location-after-char-start": 0,
      "location-after-char-end": 0,
      "node-str": "org.tigris.scarab.services.security.ScarabSecurity"
    },
    {
      "type": "insert-node",
      "node": {
        "label": "org.tigris.scarab.services.security.ScarabSecurity",
        "type": "TypeAccess"
      },
      "location-after-char-start": 0,
      "location-after-char-end": 0,
      "node-str": "org.tigris.scarab.services.security.ScarabSecurity"
    },
    {
      "type": "insert-node",
      "node": {
        "label": "org.tigris.scarab.services.security.ScarabSecurity",
        "type": "TypeAccess"
      },
      "location-after-char-start": 0,
      "location-after-char-end": 0,
      "node-str": "org.tigris.scarab.services.security.ScarabSecurity"
    },
    {
      "type": "insert-node",
      "node": {
        "label": "org.tigris.scarab.services.security.ScarabSecurity",
        "type": "TypeAccess"
      },
      "location-after-char-start": 0,
      "location-after-char-end": 0,
      "node-str": "org.tigris.scarab.services.security.ScarabSecurity"
    },
    {
      "type": "insert-node",
      "node": {
        "label": "org.tigris.scarab.om.AttributeGroup",
        "type": "TypeAccess"
      },
      "location-after-char-start": 0,
      "location-after-char-end": 0,
      "node-str": "org.tigris.scarab.om.AttributeGroup"
    },
    {
      "type": "move-subtree",
      "node": {
        "label": "rias",
        "type": "LocalVariable"
      },
      "location-before-char-start": 15806,
      "location-before-char-end": 15866,
      "location-after-char-start": 16373,
      "location-after-char-end": 16433,
      "node-str": "rias"
    },
    {
      "type": "move-subtree",
      "node": {
        "label": "delete",
        "type": "Invocation"
      },
      "location-before-char-start": 15884,
      "location-before-char-end": 15900,
      "location-after-char-start": 16455,
      "location-after-char-end": 16471,
      "node-str": "delete"
    },
    {
      "type": "move-subtree",
      "node": {
        "label": "remove",
        "type": "Invocation"
      },
      "location-before-char-start": 15914,
      "location-before-char-end": 15930,
      "location-after-char-start": 16489,
      "location-after-char-end": 16505,
      "node-str": "remove"
    },
    {
      "type": "move-subtree",
      "node": {
        "label": "raag",
        "type": "LocalVariable"
      },
      "location-before-char-start": 17331,
      "location-before-char-end": 17418,
      "location-after-char-start": 17817,
      "location-after-char-end": 17908,
      "node-str": "raag"
    },
    {
      "type": "move-subtree",
      "node": {
        "label": "delete",
        "type": "Invocation"
      },
      "location-before-char-start": 17432,
      "location-before-char-end": 17449,
      "location-after-char-start": 17926,
      "location-after-char-end": 17943,
      "node-str": "delete"
    },
    {
      "type": "insert-node",
      "node": {
        "label": "if",
        "type": "If"
      },
      "location-after-char-start": 17962,
      "location-after-char-end": 19729,
      "node-str": "if"
    },
    {
      "type": "insert-node",
      "node": {
        "label": "NO_PERMISSION_MESSAGE",
        "type": "FieldRead"
      },
      "location-after-char-start": 19821,
      "location-after-char-end": 19857,
      "node-str": "NO_PERMISSION_MESSAGE"
    },
    {
      "type": "insert-node",
      "node": {
        "label": "isOptionAttribute",
        "type": "Invocation"
      },
      "location-after-char-start": 17966,
      "location-after-char-end": 17994,
      "node-str": "isOptionAttribute"
    },
    {
      "type": "insert-node",
      "node": {
        "label": "THEN",
        "type": "then"
      },
      "location-after-char-start": 18013,
      "location-after-char-end": 19729,
      "node-str": "THEN"
    },
    {
      "type": "insert-node",
      "node": {
        "label": "org.tigris.scarab.util.ScarabConstants",
        "type": "TypeAccess"
      },
      "location-after-char-start": 0,
      "location-after-char-end": 0,
      "node-str": "org.tigris.scarab.util.ScarabConstants"
    },
    {
      "type": "insert-node",
      "node": {
        "label": "attribute",
        "type": "VariableRead"
      },
      "location-after-char-start": 17966,
      "location-after-char-end": 17974,
      "node-str": "attribute"
    },
    {
      "type": "insert-node",
      "node": {
        "label": "if",
        "type": "If"
      },
      "location-after-char-start": 18035,
      "location-after-char-end": 19710,
      "node-str": "if"
    },
    {
      "type": "insert-node",
      "node": {
        "label": "isGlobal",
        "type": "Invocation"
      },
      "location-after-char-start": 18039,
      "location-after-char-end": 18048,
      "node-str": "isGlobal"
    },
    {
      "type": "insert-node",
      "node": {
        "label": "THEN",
        "type": "then"
      },
      "location-after-char-start": 18071,
      "location-after-char-end": 18499,
      "node-str": "THEN"
    },
    {
      "type": "move-subtree",
      "node": {
        "label": "ELSE",
        "type": "else"
      },
      "location-before-char-start": 17988,
      "location-before-char-end": 19064,
      "location-after-char-start": 18546,
      "location-after-char-end": 19710,
      "node-str": "ELSE"
    },
    {
      "type": "insert-node",
      "node": {
        "label": "org.tigris.scarab.om.AttributeGroup",
        "type": "TypeAccess"
      },
      "location-after-char-start": 0,
      "location-after-char-end": 0,
      "node-str": "org.tigris.scarab.om.AttributeGroup"
    },
    {
      "type": "move-subtree",
      "node": {
        "label": "rios",
        "type": "LocalVariable"
      },
      "location-before-char-start": 17659,
      "location-before-char-end": 17712,
      "location-after-char-start": 18177,
      "location-after-char-end": 18230,
      "node-str": "rios"
    },
    {
      "type": "insert-node",
      "node": {
        "label": "",
        "type": "For"
      },
      "location-after-char-start": 18256,
      "location-after-char-end": 18477,
      "node-str": ""
    },
    {
      "type": "move-subtree",
      "node": {
        "label": "i",
        "type": "LocalVariable"
      },
      "location-before-char-start": 17739,
      "location-before-char-end": 17747,
      "location-after-char-start": 18261,
      "location-after-char-end": 18269,
      "node-str": "i"
    },
    {
      "type": "move-subtree",
      "node": {
        "label": "LT",
        "type": "BinaryOperator"
      },
      "location-before-char-start": 17750,
      "location-before-char-end": 17762,
      "location-after-char-start": 18272,
      "location-after-char-end": 18284,
      "node-str": "LT"
    },
    {
      "type": "insert-node",
      "node": {
        "label": "POSTINC",
        "type": "UnaryOperator"
      },
      "location-after-char-start": 18286,
      "location-after-char-end": 18288,
      "node-str": "POSTINC"
    },
    {
      "type": "move-subtree",
      "node": {
        "label": "rio",
        "type": "LocalVariable"
      },
      "location-before-char-start": 17815,
      "location-before-char-end": 17867,
      "location-after-char-start": 18345,
      "location-after-char-end": 18397,
      "node-str": "rio"
    },
    {
      "type": "insert-node",
      "node": {
        "label": "delete",
        "type": "Invocation"
      },
      "location-after-char-start": 18427,
      "location-after-char-end": 18451,
      "node-str": "delete"
    },
    {
      "type": "insert-node",
      "node": {
        "label": "i",
        "type": "VariableWrite"
      },
      "location-after-char-start": 18286,
      "location-after-char-end": 18286,
      "node-str": "i"
    },
    {
      "type": "insert-node",
      "node": {
        "label": "rio",
        "type": "VariableRead"
      },
      "location-after-char-start": 18427,
      "location-after-char-end": 18429,
      "node-str": "rio"
    },
    {
      "type": "insert-node",
      "node": {
        "label": "user",
        "type": "VariableRead"
      },
      "location-after-char-start": 18438,
      "location-after-char-end": 18441,
      "node-str": "user"
    },
    {
      "type": "insert-node",
      "node": {
        "label": "module",
        "type": "VariableRead"
      },
      "location-after-char-start": 18444,
      "location-after-char-end": 18449,
      "node-str": "module"
    },
    {
      "type": "delete-node",
      "node": {
        "label": "public",
        "type": "Modifier"
      },
      "location-before-char-start": 0,
      "location-before-char-end": 0,
      "node-str": "public"
    },
    {
      "type": "delete-node",
      "node": {
        "label": "org.tigris.scarab.om.BaseAttributeGroup",
        "type": "SUPER_TYPE"
      },
      "location-before-char-start": 0,
      "location-before-char-end": 0,
      "node-str": "org.tigris.scarab.om.BaseAttributeGroup"
    },
    {
      "type": "delete-node",
      "node": {
        "label": "",
        "type": "TypeReference"
      },
      "location-before-char-start": 3227,
      "location-before-char-end": 3265,
      "node-str": ""
    },
    {
      "type": "delete-node",
      "node": {
        "label": "java.lang.String",
        "type": "VARIABLE_TYPE"
      },
      "location-before-char-start": 0,
      "location-before-char-end": 0,
      "node-str": "java.lang.String"
    },
    {
      "type": "delete-node",
      "node": {
        "label": "final",
        "type": "Modifier"
      },
      "location-before-char-start": 0,
      "location-before-char-end": 0,
      "node-str": "final"
    },
    {
      "type": "delete-node",
      "node": {
        "label": "static",
        "type": "Modifier"
      },
      "location-before-char-start": 0,
      "location-before-char-end": 0,
      "node-str": "static"
    },
    {
      "type": "delete-node",
      "node": {
        "label": "\"getAttributeGroups\"",
        "type": "Literal"
      },
      "location-before-char-start": 3613,
      "location-before-char-end": 3632,
      "node-str": "\"getAttributeGroups\""
    },
    {
      "type": "delete-node",
      "node": {
        "label": "GET_ATTRIBUTE_GROUPS",
        "type": "Field"
      },
      "location-before-char-start": 3553,
      "location-before-char-end": 3633,
      "node-str": "GET_ATTRIBUTE_GROUPS"
    },
    {
      "type": "delete-node",
      "node": {
        "label": "void",
        "type": "RETURN_TYPE"
      },
      "location-before-char-start": 0,
      "location-before-char-end": 0,
      "node-str": "void"
    },
    {
      "type": "delete-node",
      "node": {
        "label": "java.lang.Exception",
        "type": "THROWS"
      },
      "location-before-char-start": 0,
      "location-before-char-end": 0,
      "node-str": "java.lang.Exception"
    },
    {
      "type": "delete-node",
      "node": {
        "label": "public",
        "type": "Modifier"
      },
      "location-before-char-start": 0,
      "location-before-char-end": 0,
      "node-str": "public"
    },
    {
      "type": "delete-node",
      "node": {
        "label": "org.tigris.scarab.om.ScarabUser",
        "type": "VARIABLE_TYPE"
      },
      "location-before-char-start": 0,
      "location-before-char-end": 0,
      "node-str": "org.tigris.scarab.om.ScarabUser"
    },
    {
      "type": "delete-node",
      "node": {
        "label": "user",
        "type": "Parameter"
      },
      "location-before-char-start": 8503,
      "location-before-char-end": 8517,
      "node-str": "user"
    },
    {
      "type": "delete-node",
      "node": {
        "label": "java.lang.Module",
        "type": "VARIABLE_TYPE"
      },
      "location-before-char-start": 0,
      "location-before-char-end": 0,
      "node-str": "java.lang.Module"
    },
    {
      "type": "delete-node",
      "node": {
        "label": "org.tigris.scarab.om.AttributeGroup",
        "type": "TypeAccess"
      },
      "location-before-char-start": 0,
      "location-before-char-end": 0,
      "node-str": "org.tigris.scarab.om.AttributeGroup"
    },
    {
      "type": "delete-node",
      "node": {
        "label": "getModule",
        "type": "Invocation"
      },
      "location-before-char-start": 8593,
      "location-before-char-end": 8603,
      "node-str": "getModule"
    },
    {
      "type": "delete-node",
      "node": {
        "label": "module",
        "type": "LocalVariable"
      },
      "location-before-char-start": 8577,
      "location-before-char-end": 8604,
      "node-str": "module"
    },
    {
      "type": "delete-node",
      "node": {
        "label": "user",
        "type": "VariableRead"
      },
      "location-before-char-start": 8619,
      "location-before-char-end": 8622,
      "node-str": "user"
    },
    {
      "type": "delete-node",
      "node": {
        "label": "ScarabSecurity.MODULE__EDIT",
        "type": "TypeAccess"
      },
      "location-before-char-start": 8638,
      "location-before-char-end": 8664,
      "node-str": "ScarabSecurity.MODULE__EDIT"
    },
    {
      "type": "delete-node",
      "node": {
        "label": "module",
        "type": "VariableRead"
      },
      "location-before-char-start": 8667,
      "location-before-char-end": 8672,
      "node-str": "module"
    },
    {
      "type": "delete-node",
      "node": {
        "label": "hasPermission",
        "type": "Invocation"
      },
      "location-before-char-start": 8619,
      "location-before-char-end": 8673,
      "node-str": "hasPermission"
    },
    {
      "type": "delete-node",
      "node": {
        "label": "void",
        "type": "RETURN_TYPE"
      },
      "location-before-char-start": 0,
      "location-before-char-end": 0,
      "node-str": "void"
    },
    {
      "type": "delete-node",
      "node": {
        "label": "java.lang.Exception",
        "type": "THROWS"
      },
      "location-before-char-start": 0,
      "location-before-char-end": 0,
      "node-str": "java.lang.Exception"
    },
    {
      "type": "delete-node",
      "node": {
        "label": "public",
        "type": "Modifier"
      },
      "location-before-char-start": 0,
      "location-before-char-end": 0,
      "node-str": "public"
    },
    {
      "type": "delete-node",
      "node": {
        "label": "org.tigris.scarab.om.Attribute",
        "type": "VARIABLE_TYPE"
      },
      "location-before-char-start": 0,
      "location-before-char-end": 0,
      "node-str": "org.tigris.scarab.om.Attribute"
    },
    {
      "type": "delete-node",
      "node": {
        "label": "attribute",
        "type": "Parameter"
      },
      "location-before-char-start": 12653,
      "location-before-char-end": 12671,
      "node-str": "attribute"
    },
    {
      "type": "delete-node",
      "node": {
        "label": "raag",
        "type": "VariableRead"
      },
      "location-before-char-start": 12956,
      "location-before-char-end": 12959,
      "node-str": "raag"
    },
    {
      "type": "delete-node",
      "node": {
        "label": "save",
        "type": "Invocation"
      },
      "location-before-char-start": 12956,
      "location-before-char-end": 12967,
      "node-str": "save"
    },
    {
      "type": "delete-node",
      "node": {
        "label": "void",
        "type": "RETURN_TYPE"
      },
      "location-before-char-start": 0,
      "location-before-char-end": 0,
      "node-str": "void"
    },
    {
      "type": "delete-node",
      "node": {
        "label": "java.lang.Exception",
        "type": "THROWS"
      },
      "location-before-char-start": 0,
      "location-before-char-end": 0,
      "node-str": "java.lang.Exception"
    },
    {
      "type": "delete-node",
      "node": {
        "label": "public",
        "type": "Modifier"
      },
      "location-before-char-start": 0,
      "location-before-char-end": 0,
      "node-str": "public"
    },
    {
      "type": "delete-node",
      "node": {
        "label": "org.tigris.scarab.om.Attribute",
        "type": "VARIABLE_TYPE"
      },
      "location-before-char-start": 0,
      "location-before-char-end": 0,
      "node-str": "org.tigris.scarab.om.Attribute"
    },
    {
      "type": "delete-node",
      "node": {
        "label": "attribute",
        "type": "Parameter"
      },
      "location-before-char-start": 15261,
      "location-before-char-end": 15279,
      "node-str": "attribute"
    },
    {
      "type": "delete-node",
      "node": {
        "label": "org.tigris.scarab.om.ScarabUser",
        "type": "VARIABLE_TYPE"
      },
      "location-before-char-start": 0,
      "location-before-char-end": 0,
      "node-str": "org.tigris.scarab.om.ScarabUser"
    },
    {
      "type": "delete-node",
      "node": {
        "label": "user",
        "type": "Parameter"
      },
      "location-before-char-start": 15282,
      "location-before-char-end": 15296,
      "node-str": "user"
    },
    {
      "type": "delete-node",
      "node": {
        "label": "java.lang.Module",
        "type": "VARIABLE_TYPE"
      },
      "location-before-char-start": 0,
      "location-before-char-end": 0,
      "node-str": "java.lang.Module"
    },
    {
      "type": "delete-node",
      "node": {
        "label": "org.tigris.scarab.om.AttributeGroup",
        "type": "TypeAccess"
      },
      "location-before-char-start": 0,
      "location-before-char-end": 0,
      "node-str": "org.tigris.scarab.om.AttributeGroup"
    },
    {
      "type": "delete-node",
      "node": {
        "label": "getModule",
        "type": "Invocation"
      },
      "location-before-char-start": 15418,
      "location-before-char-end": 15428,
      "node-str": "getModule"
    },
    {
      "type": "delete-node",
      "node": {
        "label": "module",
        "type": "LocalVariable"
      },
      "location-before-char-start": 15402,
      "location-before-char-end": 15429,
      "node-str": "module"
    },
    {
      "type": "delete-node",
      "node": {
        "label": "org.tigris.scarab.om.AttributeGroup",
        "type": "TypeAccess"
      },
      "location-before-char-start": 0,
      "location-before-char-end": 0,
      "node-str": "org.tigris.scarab.om.AttributeGroup"
    },
    {
      "type": "delete-node",
      "node": {
        "label": "isGlobal",
        "type": "Invocation"
      },
      "location-before-char-start": 15671,
      "location-before-char-end": 15680,
      "node-str": "isGlobal"
    },
    {
      "type": "delete-node",
      "node": {
        "label": "org.tigris.scarab.om.RIssueTypeAttribute",
        "type": "VARIABLE_TYPE"
      },
      "location-before-char-start": 0,
      "location-before-char-end": 0,
      "node-str": "org.tigris.scarab.om.RIssueTypeAttribute"
    },
    {
      "type": "delete-node",
      "node": {
        "label": "template",
        "type": "VariableRead"
      },
      "location-before-char-start": 16040,
      "location-before-char-end": 16047,
      "node-str": "template"
    },
    {
      "type": "delete-node",
      "node": {
        "label": "attribute",
        "type": "VariableRead"
      },
      "location-before-char-start": 16072,
      "location-before-char-end": 16080,
      "node-str": "attribute"
    },
    {
      "type": "delete-node",
      "node": {
        "label": "getRIssueTypeAttribute",
        "type": "Invocation"
      },
      "location-before-char-start": 16040,
      "location-before-char-end": 16081,
      "node-str": "getRIssueTypeAttribute"
    },
    {
      "type": "delete-node",
      "node": {
        "label": "ria2",
        "type": "LocalVariable"
      },
      "location-before-char-start": 16013,
      "location-before-char-end": 16082,
      "node-str": "ria2"
    },
    {
      "type": "delete-node",
      "node": {
        "label": "ria2",
        "type": "VariableRead"
      },
      "location-before-char-start": 16096,
      "location-before-char-end": 16099,
      "node-str": "ria2"
    },
    {
      "type": "delete-node",
      "node": {
        "label": "user",
        "type": "VariableRead"
      },
      "location-before-char-start": 16108,
      "location-before-char-end": 16111,
      "node-str": "user"
    },
    {
      "type": "delete-node",
      "node": {
        "label": "delete",
        "type": "Invocation"
      },
      "location-before-char-start": 16096,
      "location-before-char-end": 16113,
      "node-str": "delete"
    },
    {
      "type": "delete-node",
      "node": {
        "label": "rias",
        "type": "VariableRead"
      },
      "location-before-char-start": 16127,
      "location-before-char-end": 16130,
      "node-str": "rias"
    },
    {
      "type": "delete-node",
      "node": {
        "label": "ria2",
        "type": "VariableRead"
      },
      "location-before-char-start": 16139,
      "location-before-char-end": 16142,
      "node-str": "ria2"
    },
    {
      "type": "delete-node",
      "node": {
        "label": "remove",
        "type": "Invocation"
      },
      "location-before-char-start": 16127,
      "location-before-char-end": 16144,
      "node-str": "remove"
    },
    {
      "type": "delete-node",
      "node": {
        "label": "THEN",
        "type": "then"
      },
      "location-before-char-start": 15691,
      "location-before-char-end": 16154,
      "node-str": "THEN"
    },
    {
      "type": "delete-node",
      "node": {
        "label": "if",
        "type": "If"
      },
      "location-before-char-start": 15667,
      "location-before-char-end": 17237,
      "node-str": "if"
    },
    {
      "type": "delete-node",
      "node": {
        "label": "success",
        "type": "VariableRead"
      },
      "location-before-char-start": 17252,
      "location-before-char-end": 17258,
      "node-str": "success"
    },
    {
      "type": "delete-node",
      "node": {
        "label": "attribute",
        "type": "VariableRead"
      },
      "location-before-char-start": 17468,
      "location-before-char-end": 17476,
      "node-str": "attribute"
    },
    {
      "type": "delete-node",
      "node": {
        "label": "isOptionAttribute",
        "type": "Invocation"
      },
      "location-before-char-start": 17468,
      "location-before-char-end": 17496,
      "node-str": "isOptionAttribute"
    },
    {
      "type": "delete-node",
      "node": {
        "label": "org.tigris.scarab.om.AttributeGroup",
        "type": "TypeAccess"
      },
      "location-before-char-start": 0,
      "location-before-char-end": 0,
      "node-str": "org.tigris.scarab.om.AttributeGroup"
    },
    {
      "type": "delete-node",
      "node": {
        "label": "isGlobal",
        "type": "Invocation"
      },
      "location-before-char-start": 17533,
      "location-before-char-end": 17542,
      "node-str": "isGlobal"
    },
    {
      "type": "delete-node",
      "node": {
        "label": "i",
        "type": "VariableWrite"
      },
      "location-before-char-start": 17764,
      "location-before-char-end": 17764,
      "node-str": "i"
    },
    {
      "type": "delete-node",
      "node": {
        "label": "POSTINC",
        "type": "UnaryOperator"
      },
      "location-before-char-start": 17764,
      "location-before-char-end": 17766,
      "node-str": "POSTINC"
    },
    {
      "type": "delete-node",
      "node": {
        "label": "rio",
        "type": "VariableRead"
      },
      "location-before-char-start": 17893,
      "location-before-char-end": 17895,
      "node-str": "rio"
    },
    {
      "type": "delete-node",
      "node": {
        "label": "user",
        "type": "VariableRead"
      },
      "location-before-char-start": 17904,
      "location-before-char-end": 17907,
      "node-str": "user"
    },
    {
      "type": "delete-node",
      "node": {
        "label": "delete",
        "type": "Invocation"
      },
      "location-before-char-start": 17893,
      "location-before-char-end": 17909,
      "node-str": "delete"
    },
    {
      "type": "delete-node",
      "node": {
        "label": "",
        "type": "For"
      },
      "location-before-char-start": 17734,
      "location-before-char-end": 17931,
      "node-str": ""
    },
    {
      "type": "delete-node",
      "node": {
        "label": "THEN",
        "type": "then"
      },
      "location-before-char-start": 17561,
      "location-before-char-end": 17949,
      "node-str": "THEN"
    },
    {
      "type": "delete-node",
      "node": {
        "label": "if",
        "type": "If"
      },
      "location-before-char-start": 17529,
      "location-before-char-end": 19064,
      "node-str": "if"
    },
    {
      "type": "delete-node",
      "node": {
        "label": "THEN",
        "type": "then"
      },
      "location-before-char-start": 17511,
      "location-before-char-end": 19079,
      "node-str": "THEN"
    },
    {
      "type": "delete-node",
      "node": {
        "label": "if",
        "type": "If"
      },
      "location-before-char-start": 17464,
      "location-before-char-end": 19079,
      "node-str": "if"
    },
    {
      "type": "delete-node",
      "node": {
        "label": "THEN",
        "type": "then"
      },
      "location-before-char-start": 17269,
      "location-before-char-end": 19090,
      "node-str": "THEN"
    },
    {
      "type": "delete-node",
      "node": {
        "label": "if",
        "type": "If"
      },
      "location-before-char-start": 17248,
      "location-before-char-end": 19090,
      "node-str": "if"
    },
    {
      "type": "delete-node",
      "node": {
        "label": "deleteAttribute",
        "type": "Method"
      },
      "location-before-char-start": 15232,
      "location-before-char-end": 19096,
      "node-str": "deleteAttribute"
    }
  ],
  "before-file": {},
  "after-file": {},
  "mapping": {}
}