{
  "tool-info": {},
  "diff": [
    {
      "type": "insert-node",
      "node": {
        "label": "showErrorDialog",
        "type": "Method"
      },
      "location-after-char-start": 17717,
      "location-after-char-end": 17939,
      "node-str": "showErrorDialog"
    },
    {
      "type": "insert-node",
      "node": {
        "label": "int",
        "type": "RETURN_TYPE"
      },
      "location-after-char-start": 0,
      "location-after-char-end": 0,
      "node-str": "int"
    },
    {
      "type": "move-subtree",
      "node": {
        "label": "message",
        "type": "Parameter"
      },
      "location-before-char-start": 13954,
      "location-before-char-end": 13967,
      "location-after-char-start": 17745,
      "location-after-char-end": 17758,
      "node-str": "message"
    },
    {
      "type": "insert-node",
      "node": {
        "label": "result",
        "type": "LocalVariable"
      },
      "location-after-char-start": 17771,
      "location-after-char-end": 17910,
      "node-str": "result"
    },
    {
      "type": "move-subtree",
      "node": {
        "label": "return",
        "type": "Return"
      },
      "location-before-char-start": 14340,
      "location-before-char-end": 14353,
      "location-after-char-start": 17920,
      "location-after-char-end": 17933,
      "node-str": "return"
    },
    {
      "type": "insert-node",
      "node": {
        "label": "int",
        "type": "VARIABLE_TYPE"
      },
      "location-after-char-start": 0,
      "location-after-char-end": 0,
      "node-str": "int"
    },
    {
      "type": "insert-node",
      "node": {
        "label": "showConfirmDialog",
        "type": "Invocation"
      },
      "location-after-char-start": 17784,
      "location-after-char-end": 17909,
      "node-str": "showConfirmDialog"
    },
    {
      "type": "update-node",
      "node": {
        "label": "showDialog",
        "type": "Invocation"
      },
      "location-before-char-start": 3462,
      "location-before-char-end": 3478,
      "location-after-char-start": 3564,
      "location-after-char-end": 3628,
      "node-str": "severe"
    },
    {
      "type": "insert-node",
      "node": {
        "label": "javax.swing.JOptionPane",
        "type": "TypeAccess"
      },
      "location-after-char-start": 17784,
      "location-after-char-end": 17794,
      "node-str": "javax.swing.JOptionPane"
    },
    {
      "type": "insert-node",
      "node": {
        "label": "null",
        "type": "Literal"
      },
      "location-after-char-start": 17814,
      "location-after-char-end": 17817,
      "node-str": "null"
    },
    {
      "type": "insert-node",
      "node": {
        "label": "message",
        "type": "VariableRead"
      },
      "location-after-char-start": 17820,
      "location-after-char-end": 17826,
      "node-str": "message"
    },
    {
      "type": "insert-node",
      "node": {
        "label": "\"Warning\"",
        "type": "Literal"
      },
      "location-after-char-start": 17829,
      "location-after-char-end": 17837,
      "node-str": "\"Warning\""
    },
    {
      "type": "move-subtree",
      "node": {
        "label": "WARNING_MESSAGE",
        "type": "FieldRead"
      },
      "location-before-char-start": 14277,
      "location-before-char-end": 14303,
      "location-after-char-start": 17852,
      "location-after-char-end": 17878,
      "node-str": "WARNING_MESSAGE"
    },
    {
      "type": "insert-node",
      "node": {
        "label": "OK_CANCEL_OPTION",
        "type": "FieldRead"
      },
      "location-after-char-start": 17881,
      "location-after-char-end": 17908,
      "node-str": "OK_CANCEL_OPTION"
    },
    {
      "type": "insert-node",
      "node": {
        "label": "LOG",
        "type": "FieldRead"
      },
      "location-after-char-start": 3564,
      "location-after-char-end": 3566,
      "node-str": "LOG"
    },
    {
      "type": "insert-node",
      "node": {
        "label": "\"POP3 preprocessing filter plugin handler not found\"",
        "type": "Literal"
      },
      "location-after-char-start": 3575,
      "location-after-char-end": 3626,
      "node-str": "\"POP3 preprocessing filter plugin handler not found\""
    },
    {
      "type": "move-subtree",
      "node": {
        "label": "containsKey",
        "type": "Invocation"
      },
      "location-before-char-start": 6364,
      "location-before-char-end": 6392,
      "location-after-char-start": 7449,
      "location-after-char-end": 7477,
      "node-str": "containsKey"
    },
    {
      "type": "update-node",
      "node": {
        "label": "ex",
        "type": "CatchVariable"
      },
      "location-before-char-start": 6659,
      "location-before-char-end": 6670,
      "location-after-char-start": 7916,
      "location-after-char-end": 7948,
      "node-str": "plfe"
    },
    {
      "type": "insert-node",
      "node": {
        "label": "javax.swing.JOptionPane",
        "type": "TypeAccess"
      },
      "location-after-char-start": 17881,
      "location-after-char-end": 17891,
      "node-str": "javax.swing.JOptionPane"
    },
    {
      "type": "insert-node",
      "node": {
        "label": "if",
        "type": "If"
      },
      "location-after-char-start": 7706,
      "location-after-char-end": 7875,
      "node-str": "if"
    },
    {
      "type": "update-node",
      "node": {
        "label": "java.lang.Exception",
        "type": "VARIABLE_TYPE"
      },
      "location-before-char-start": 0,
      "location-before-char-end": 0,
      "location-after-char-start": 0,
      "location-after-char-end": 0,
      "node-str": "org.columba.mail.pop3.PluginLoadingFailedException"
    },
    {
      "type": "insert-node",
      "node": {
        "label": "NE",
        "type": "BinaryOperator"
      },
      "location-after-char-start": 7710,
      "location-after-char-end": 7724,
      "node-str": "NE"
    },
    {
      "type": "insert-node",
      "node": {
        "label": "THEN",
        "type": "then"
      },
      "location-after-char-start": 7727,
      "location-after-char-end": 7875,
      "node-str": "THEN"
    },
    {
      "type": "insert-node",
      "node": {
        "label": "handler",
        "type": "FieldRead"
      },
      "location-after-char-start": 7710,
      "location-after-char-end": 7716,
      "node-str": "handler"
    },
    {
      "type": "insert-node",
      "node": {
        "label": "null",
        "type": "Literal"
      },
      "location-after-char-start": 7721,
      "location-after-char-end": 7724,
      "node-str": "null"
    },
    {
      "type": "move-subtree",
      "node": {
        "label": "\u003d",
        "type": "Assignment"
      },
      "location-before-char-start": 6559,
      "location-before-char-end": 6639,
      "location-after-char-start": 7753,
      "location-after-char-end": 7853,
      "node-str": "\u003d"
    },
    {
      "type": "insert-node",
      "node": {
        "label": "0",
        "type": "Literal"
      },
      "location-after-char-start": 9546,
      "location-after-char-end": 9546,
      "node-str": "0"
    },
    {
      "type": "insert-node",
      "node": {
        "label": "CANCEL_OPTION",
        "type": "FieldRead"
      },
      "location-after-char-start": 14838,
      "location-after-char-end": 14862,
      "node-str": "CANCEL_OPTION"
    },
    {
      "type": "insert-node",
      "node": {
        "label": "CANCEL_OPTION",
        "type": "FieldRead"
      },
      "location-after-char-start": 17458,
      "location-after-char-end": 17482,
      "node-str": "CANCEL_OPTION"
    },
    {
      "type": "insert-node",
      "node": {
        "label": "org.columba.mail.pop3.POP3Store",
        "type": "TypeAccess"
      },
      "location-after-char-start": 0,
      "location-after-char-end": 0,
      "node-str": "org.columba.mail.pop3.POP3Store"
    },
    {
      "type": "insert-node",
      "node": {
        "label": "javax.swing.JOptionPane",
        "type": "TypeAccess"
      },
      "location-after-char-start": 14838,
      "location-after-char-end": 14848,
      "node-str": "javax.swing.JOptionPane"
    },
    {
      "type": "insert-node",
      "node": {
        "label": "javax.swing.JOptionPane",
        "type": "TypeAccess"
      },
      "location-after-char-start": 17458,
      "location-after-char-end": 17468,
      "node-str": "javax.swing.JOptionPane"
    },
    {
      "type": "insert-node",
      "node": {
        "label": "CANCEL_OPTION",
        "type": "FieldRead"
      },
      "location-after-char-start": 16121,
      "location-after-char-end": 16145,
      "node-str": "CANCEL_OPTION"
    },
    {
      "type": "insert-node",
      "node": {
        "label": "CANCEL_OPTION",
        "type": "FieldRead"
      },
      "location-after-char-start": 16827,
      "location-after-char-end": 16851,
      "node-str": "CANCEL_OPTION"
    },
    {
      "type": "insert-node",
      "node": {
        "label": "javax.swing.JOptionPane",
        "type": "TypeAccess"
      },
      "location-after-char-start": 16121,
      "location-after-char-end": 16131,
      "node-str": "javax.swing.JOptionPane"
    },
    {
      "type": "insert-node",
      "node": {
        "label": "javax.swing.JOptionPane",
        "type": "TypeAccess"
      },
      "location-after-char-start": 16827,
      "location-after-char-end": 16837,
      "node-str": "javax.swing.JOptionPane"
    },
    {
      "type": "delete-node",
      "node": {
        "label": "org.columba.core.gui.util.NotifyDialog",
        "type": "VARIABLE_TYPE"
      },
      "location-before-char-start": 0,
      "location-before-char-end": 0,
      "node-str": "org.columba.core.gui.util.NotifyDialog"
    },
    {
      "type": "delete-node",
      "node": {
        "label": "org.columba.core.gui.util.NotifyDialog()",
        "type": "ConstructorCall"
      },
      "location-before-char-start": 3439,
      "location-before-char-end": 3456,
      "node-str": "org.columba.core.gui.util.NotifyDialog()"
    },
    {
      "type": "delete-node",
      "node": {
        "label": "d",
        "type": "LocalVariable"
      },
      "location-before-char-start": 3422,
      "location-before-char-end": 3457,
      "node-str": "d"
    },
    {
      "type": "delete-node",
      "node": {
        "label": "d",
        "type": "VariableRead"
      },
      "location-before-char-start": 3462,
      "location-before-char-end": 3462,
      "node-str": "d"
    },
    {
      "type": "delete-node",
      "node": {
        "label": "ex",
        "type": "VariableRead"
      },
      "location-before-char-start": 3475,
      "location-before-char-end": 3476,
      "node-str": "ex"
    },
    {
      "type": "delete-node",
      "node": {
        "label": "true",
        "type": "Literal"
      },
      "location-before-char-start": 6397,
      "location-before-char-end": 6400,
      "node-str": "true"
    },
    {
      "type": "delete-node",
      "node": {
        "label": "EQ",
        "type": "BinaryOperator"
      },
      "location-before-char-start": 6364,
      "location-before-char-end": 6400,
      "node-str": "EQ"
    },
    {
      "type": "delete-node",
      "node": {
        "label": "ex",
        "type": "VariableRead"
      },
      "location-before-char-start": 6679,
      "location-before-char-end": 6680,
      "node-str": "ex"
    },
    {
      "type": "delete-node",
      "node": {
        "label": "printStackTrace",
        "type": "Invocation"
      },
      "location-before-char-start": 6679,
      "location-before-char-end": 6699,
      "node-str": "printStackTrace"
    },
    {
      "type": "delete-node",
      "node": {
        "label": "1",
        "type": "Literal"
      },
      "location-before-char-start": 11996,
      "location-before-char-end": 11996,
      "node-str": "1"
    },
    {
      "type": "delete-node",
      "node": {
        "label": "1",
        "type": "Literal"
      },
      "location-before-char-start": 12885,
      "location-before-char-end": 12885,
      "node-str": "1"
    },
    {
      "type": "delete-node",
      "node": {
        "label": "1",
        "type": "Literal"
      },
      "location-before-char-start": 13330,
      "location-before-char-end": 13330,
      "node-str": "1"
    },
    {
      "type": "delete-node",
      "node": {
        "label": "1",
        "type": "Literal"
      },
      "location-before-char-start": 13747,
      "location-before-char-end": 13747,
      "node-str": "1"
    },
    {
      "type": "delete-node",
      "node": {
        "label": "int",
        "type": "RETURN_TYPE"
      },
      "location-before-char-start": 0,
      "location-before-char-end": 0,
      "node-str": "int"
    },
    {
      "type": "delete-node",
      "node": {
        "label": "java.lang.Object[]",
        "type": "VARIABLE_TYPE"
      },
      "location-before-char-start": 0,
      "location-before-char-end": 0,
      "node-str": "java.lang.Object[]"
    },
    {
      "type": "delete-node",
      "node": {
        "label": "org.columba.mail.util.MailResourceLoader",
        "type": "TypeAccess"
      },
      "location-before-char-start": 14011,
      "location-before-char-end": 14028,
      "node-str": "org.columba.mail.util.MailResourceLoader"
    },
    {
      "type": "delete-node",
      "node": {
        "label": "\"\"",
        "type": "Literal"
      },
      "location-before-char-start": 14040,
      "location-before-char-end": 14041,
      "node-str": "\"\""
    },
    {
      "type": "delete-node",
      "node": {
        "label": "\"global\"",
        "type": "Literal"
      },
      "location-before-char-start": 14044,
      "location-before-char-end": 14051,
      "node-str": "\"global\""
    },
    {
      "type": "delete-node",
      "node": {
        "label": "\"ok\"",
        "type": "Literal"
      },
      "location-before-char-start": 14054,
      "location-before-char-end": 14057,
      "node-str": "\"ok\""
    },
    {
      "type": "delete-node",
      "node": {
        "label": "getString",
        "type": "Invocation"
      },
      "location-before-char-start": 14011,
      "location-before-char-end": 14058,
      "node-str": "getString"
    },
    {
      "type": "delete-node",
      "node": {
        "label": "\"\u0026\"",
        "type": "Literal"
      },
      "location-before-char-start": 14078,
      "location-before-char-end": 14080,
      "node-str": "\"\u0026\""
    },
    {
      "type": "delete-node",
      "node": {
        "label": "\"\"",
        "type": "Literal"
      },
      "location-before-char-start": 14083,
      "location-before-char-end": 14084,
      "node-str": "\"\""
    },
    {
      "type": "delete-node",
      "node": {
        "label": "replaceAll",
        "type": "Invocation"
      },
      "location-before-char-start": 14011,
      "location-before-char-end": 14085,
      "node-str": "replaceAll"
    },
    {
      "type": "delete-node",
      "node": {
        "label": "org.columba.mail.util.MailResourceLoader",
        "type": "TypeAccess"
      },
      "location-before-char-start": 14092,
      "location-before-char-end": 14109,
      "node-str": "org.columba.mail.util.MailResourceLoader"
    },
    {
      "type": "delete-node",
      "node": {
        "label": "\"\"",
        "type": "Literal"
      },
      "location-before-char-start": 14121,
      "location-before-char-end": 14122,
      "node-str": "\"\""
    },
    {
      "type": "delete-node",
      "node": {
        "label": "\"global\"",
        "type": "Literal"
      },
      "location-before-char-start": 14125,
      "location-before-char-end": 14132,
      "node-str": "\"global\""
    },
    {
      "type": "delete-node",
      "node": {
        "label": "\"cancel\"",
        "type": "Literal"
      },
      "location-before-char-start": 14135,
      "location-before-char-end": 14142,
      "node-str": "\"cancel\""
    },
    {
      "type": "delete-node",
      "node": {
        "label": "getString",
        "type": "Invocation"
      },
      "location-before-char-start": 14092,
      "location-before-char-end": 14143,
      "node-str": "getString"
    },
    {
      "type": "delete-node",
      "node": {
        "label": "\"\u0026\"",
        "type": "Literal"
      },
      "location-before-char-start": 14163,
      "location-before-char-end": 14165,
      "node-str": "\"\u0026\""
    },
    {
      "type": "delete-node",
      "node": {
        "label": "\"\"",
        "type": "Literal"
      },
      "location-before-char-start": 14168,
      "location-before-char-end": 14169,
      "node-str": "\"\""
    },
    {
      "type": "delete-node",
      "node": {
        "label": "replaceAll",
        "type": "Invocation"
      },
      "location-before-char-start": 14092,
      "location-before-char-end": 14170,
      "node-str": "replaceAll"
    },
    {
      "type": "delete-node",
      "node": {
        "label": "",
        "type": "NewArray"
      },
      "location-before-char-start": 13993,
      "location-before-char-end": 14171,
      "node-str": ""
    },
    {
      "type": "delete-node",
      "node": {
        "label": "options",
        "type": "LocalVariable"
      },
      "location-before-char-start": 13974,
      "location-before-char-end": 14172,
      "node-str": "options"
    },
    {
      "type": "delete-node",
      "node": {
        "label": "int",
        "type": "VARIABLE_TYPE"
      },
      "location-before-char-start": 0,
      "location-before-char-end": 0,
      "node-str": "int"
    },
    {
      "type": "delete-node",
      "node": {
        "label": "javax.swing.JOptionPane",
        "type": "TypeAccess"
      },
      "location-before-char-start": 14190,
      "location-before-char-end": 14200,
      "node-str": "javax.swing.JOptionPane"
    },
    {
      "type": "delete-node",
      "node": {
        "label": "null",
        "type": "Literal"
      },
      "location-before-char-start": 14219,
      "location-before-char-end": 14222,
      "node-str": "null"
    },
    {
      "type": "delete-node",
      "node": {
        "label": "message",
        "type": "VariableRead"
      },
      "location-before-char-start": 14225,
      "location-before-char-end": 14231,
      "node-str": "message"
    },
    {
      "type": "delete-node",
      "node": {
        "label": "\"Warning\"",
        "type": "Literal"
      },
      "location-before-char-start": 14234,
      "location-before-char-end": 14242,
      "node-str": "\"Warning\""
    },
    {
      "type": "delete-node",
      "node": {
        "label": "javax.swing.JOptionPane",
        "type": "TypeAccess"
      },
      "location-before-char-start": 14249,
      "location-before-char-end": 14259,
      "node-str": "javax.swing.JOptionPane"
    },
    {
      "type": "delete-node",
      "node": {
        "label": "DEFAULT_OPTION",
        "type": "FieldRead"
      },
      "location-before-char-start": 14249,
      "location-before-char-end": 14274,
      "node-str": "DEFAULT_OPTION"
    },
    {
      "type": "delete-node",
      "node": {
        "label": "null",
        "type": "Literal"
      },
      "location-before-char-start": 14306,
      "location-before-char-end": 14309,
      "node-str": "null"
    },
    {
      "type": "delete-node",
      "node": {
        "label": "options",
        "type": "VariableRead"
      },
      "location-before-char-start": 14316,
      "location-before-char-end": 14322,
      "node-str": "options"
    },
    {
      "type": "delete-node",
      "node": {
        "label": "options",
        "type": "VariableRead"
      },
      "location-before-char-start": 14325,
      "location-before-char-end": 14331,
      "node-str": "options"
    },
    {
      "type": "delete-node",
      "node": {
        "label": "0",
        "type": "Literal"
      },
      "location-before-char-start": 14333,
      "location-before-char-end": 14333,
      "node-str": "0"
    },
    {
      "type": "delete-node",
      "node": {
        "label": "",
        "type": "ArrayRead"
      },
      "location-before-char-start": 14325,
      "location-before-char-end": 14334,
      "node-str": ""
    },
    {
      "type": "delete-node",
      "node": {
        "label": "showOptionDialog",
        "type": "Invocation"
      },
      "location-before-char-start": 14190,
      "location-before-char-end": 14335,
      "node-str": "showOptionDialog"
    },
    {
      "type": "delete-node",
      "node": {
        "label": "result",
        "type": "LocalVariable"
      },
      "location-before-char-start": 14177,
      "location-before-char-end": 14336,
      "node-str": "result"
    },
    {
      "type": "delete-node",
      "node": {
        "label": "showErrorDialog",
        "type": "Method"
      },
      "location-before-char-start": 13891,
      "location-before-char-end": 14356,
      "node-str": "showErrorDialog"
    }
  ],
  "before-file": {},
  "after-file": {},
  "mapping": {}
}