{
  "tool-info": {},
  "diff": [
    {
      "type": "insert-node",
      "node": {
        "label": "public",
        "type": "Modifier"
      },
      "location-after-char-start": 0,
      "location-after-char-end": 0,
      "node-str": "public"
    },
    {
      "type": "insert-node",
      "node": {
        "label": "boolean",
        "type": "RETURN_TYPE"
      },
      "location-after-char-start": 0,
      "location-after-char-end": 0,
      "node-str": "boolean"
    },
    {
      "type": "update-node",
      "node": {
        "label": "\"org/columba/modules/mail/composer/ext2mime.xml\"",
        "type": "Literal"
      },
      "location-before-char-start": 1651,
      "location-before-char-end": 1698,
      "location-after-char-start": 1651,
      "location-after-char-end": 1690,
      "node-str": "\"org/columba/mail/composer/ext2mime.xml\""
    },
    {
      "type": "delete-node",
      "node": {
        "label": "public",
        "type": "Modifier"
      },
      "location-before-char-start": 0,
      "location-before-char-end": 0,
      "node-str": "public"
    },
    {
      "type": "delete-node",
      "node": {
        "label": "boolean",
        "type": "RETURN_TYPE"
      },
      "location-before-char-start": 0,
      "location-before-char-end": 0,
      "node-str": "boolean"
    }
  ],
  "before-file": {},
  "after-file": {},
  "mapping": {}
}