{
  "tool-info": {},
  "diff": [
    {
      "type": "insert-node",
      "node": {
        "label": "destroy",
        "type": "Method"
      },
      "location-after-char-start": 4273,
      "location-after-char-end": 4364,
      "node-str": "destroy"
    },
    {
      "type": "move-subtree",
      "node": {
        "label": "void",
        "type": "RETURN_TYPE"
      },
      "location-before-char-start": 0,
      "location-before-char-end": 0,
      "location-after-char-start": 0,
      "location-after-char-end": 0,
      "node-str": "void"
    },
    {
      "type": "move-subtree",
      "node": {
        "label": "public",
        "type": "Modifier"
      },
      "location-before-char-start": 0,
      "location-before-char-end": 0,
      "location-after-char-start": 0,
      "location-after-char-end": 0,
      "node-str": "public"
    },
    {
      "type": "move-subtree",
      "node": {
        "label": "destroy",
        "type": "Invocation"
      },
      "location-before-char-start": 4302,
      "location-before-char-end": 4317,
      "location-after-char-start": 4306,
      "location-after-char-end": 4321,
      "node-str": "destroy"
    },
    {
      "type": "insert-node",
      "node": {
        "label": "\u003d",
        "type": "Assignment"
      },
      "location-after-char-start": 4329,
      "location-after-char-end": 4341,
      "node-str": "\u003d"
    },
    {
      "type": "insert-node",
      "node": {
        "label": "\u003d",
        "type": "Assignment"
      },
      "location-after-char-start": 4349,
      "location-after-char-end": 4359,
      "node-str": "\u003d"
    },
    {
      "type": "insert-node",
      "node": {
        "label": "store",
        "type": "FieldWrite"
      },
      "location-after-char-start": 4329,
      "location-after-char-end": 4333,
      "node-str": "store"
    },
    {
      "type": "insert-node",
      "node": {
        "label": "null",
        "type": "Literal"
      },
      "location-after-char-start": 4337,
      "location-after-char-end": 4340,
      "node-str": "null"
    },
    {
      "type": "insert-node",
      "node": {
        "label": "con",
        "type": "FieldWrite"
      },
      "location-after-char-start": 4349,
      "location-after-char-end": 4351,
      "node-str": "con"
    },
    {
      "type": "insert-node",
      "node": {
        "label": "null",
        "type": "Literal"
      },
      "location-after-char-start": 4355,
      "location-after-char-end": 4358,
      "node-str": "null"
    },
    {
      "type": "insert-node",
      "node": {
        "label": "org.jboss.ejb.plugins.CMPPersistenceManager",
        "type": "TypeAccess"
      },
      "location-after-char-start": 0,
      "location-after-char-end": 0,
      "node-str": "org.jboss.ejb.plugins.CMPPersistenceManager"
    },
    {
      "type": "insert-node",
      "node": {
        "label": "org.jboss.ejb.plugins.CMPPersistenceManager",
        "type": "TypeAccess"
      },
      "location-after-char-start": 0,
      "location-after-char-end": 0,
      "node-str": "org.jboss.ejb.plugins.CMPPersistenceManager"
    },
    {
      "type": "delete-node",
      "node": {
        "label": "destroy",
        "type": "Method"
      },
      "location-before-char-start": 4272,
      "location-before-char-end": 4322,
      "node-str": "destroy"
    }
  ],
  "before-file": {},
  "after-file": {},
  "mapping": {}
}