{
  "tool-info": {},
  "diff": [
    {
      "type": "insert-node",
      "node": {
        "label": "ComposerMenu",
        "type": "Class"
      },
      "location-after-char-start": 1174,
      "location-after-char-end": 9519,
      "node-str": "ComposerMenu"
    },
    {
      "type": "move-subtree",
      "node": {
        "label": "public",
        "type": "Modifier"
      },
      "location-before-char-start": 0,
      "location-before-char-end": 0,
      "location-after-char-start": 0,
      "location-after-char-end": 0,
      "node-str": "public"
    },
    {
      "type": "move-subtree",
      "node": {
        "label": "",
        "type": "TypeReference"
      },
      "location-before-char-start": 1485,
      "location-before-char-end": 1492,
      "location-after-char-start": 1455,
      "location-after-char-end": 1462,
      "node-str": ""
    },
    {
      "type": "insert-node",
      "node": {
        "label": "\u003cinit\u003e",
        "type": "Constructor"
      },
      "location-after-char-start": 1467,
      "location-after-char-end": 9517,
      "node-str": "\u003cinit\u003e"
    },
    {
      "type": "move-subtree",
      "node": {
        "label": "public",
        "type": "Modifier"
      },
      "location-before-char-start": 0,
      "location-before-char-end": 0,
      "location-after-char-start": 0,
      "location-after-char-end": 0,
      "node-str": "public"
    },
    {
      "type": "move-subtree",
      "node": {
        "label": "composerInterface",
        "type": "Parameter"
      },
      "location-before-char-start": 1518,
      "location-before-char-end": 1552,
      "location-after-char-start": 1488,
      "location-after-char-end": 1522,
      "node-str": "composerInterface"
    },
    {
      "type": "move-subtree",
      "node": {
        "label": "fileMenu",
        "type": "LocalVariable"
      },
      "location-before-char-start": 1561,
      "location-before-char-end": 1653,
      "location-after-char-start": 1531,
      "location-after-char-end": 1623,
      "node-str": "fileMenu"
    },
    {
      "type": "move-subtree",
      "node": {
        "label": "setMnemonic",
        "type": "Invocation"
      },
      "location-before-char-start": 1685,
      "location-before-char-end": 1720,
      "location-after-char-start": 1655,
      "location-after-char-end": 1690,
      "node-str": "setMnemonic"
    },
    {
      "type": "move-subtree",
      "node": {
        "label": "newMenuItem",
        "type": "LocalVariable"
      },
      "location-before-char-start": 1725,
      "location-before-char-end": 1746,
      "location-after-char-start": 1695,
      "location-after-char-end": 1716,
      "node-str": "newMenuItem"
    },
    {
      "type": "move-subtree",
      "node": {
        "label": "\u003d",
        "type": "Assignment"
      },
      "location-before-char-start": 1750,
      "location-before-char-end": 1832,
      "location-after-char-start": 1720,
      "location-after-char-end": 1802,
      "node-str": "\u003d"
    },
    {
      "type": "move-subtree",
      "node": {
        "label": "add",
        "type": "Invocation"
      },
      "location-before-char-start": 1836,
      "location-before-char-end": 1861,
      "location-after-char-start": 1806,
      "location-after-char-end": 1831,
      "node-str": "add"
    },
    {
      "type": "move-subtree",
      "node": {
        "label": "addSeparator",
        "type": "Invocation"
      },
      "location-before-char-start": 1866,
      "location-before-char-end": 1889,
      "location-after-char-start": 1836,
      "location-after-char-end": 1859,
      "node-str": "addSeparator"
    },
    {
      "type": "move-subtree",
      "node": {
        "label": "saveAsMenuItem",
        "type": "LocalVariable"
      },
      "location-before-char-start": 1894,
      "location-before-char-end": 1918,
      "location-after-char-start": 1864,
      "location-after-char-end": 1888,
      "node-str": "saveAsMenuItem"
    },
    {
      "type": "move-subtree",
      "node": {
        "label": "\u003d",
        "type": "Assignment"
      },
      "location-before-char-start": 1922,
      "location-before-char-end": 2015,
      "location-after-char-start": 1892,
      "location-after-char-end": 1985,
      "node-str": "\u003d"
    },
    {
      "type": "move-subtree",
      "node": {
        "label": "add",
        "type": "Invocation"
      },
      "location-before-char-start": 2019,
      "location-before-char-end": 2047,
      "location-after-char-start": 1989,
      "location-after-char-end": 2017,
      "node-str": "add"
    },
    {
      "type": "move-subtree",
      "node": {
        "label": "saveDraftMenuItem",
        "type": "LocalVariable"
      },
      "location-before-char-start": 2052,
      "location-before-char-end": 2079,
      "location-after-char-start": 2022,
      "location-after-char-end": 2049,
      "node-str": "saveDraftMenuItem"
    },
    {
      "type": "move-subtree",
      "node": {
        "label": "\u003d",
        "type": "Assignment"
      },
      "location-before-char-start": 2083,
      "location-before-char-end": 2182,
      "location-after-char-start": 2053,
      "location-after-char-end": 2152,
      "node-str": "\u003d"
    },
    {
      "type": "move-subtree",
      "node": {
        "label": "add",
        "type": "Invocation"
      },
      "location-before-char-start": 2186,
      "location-before-char-end": 2217,
      "location-after-char-start": 2156,
      "location-after-char-end": 2187,
      "node-str": "add"
    },
    {
      "type": "move-subtree",
      "node": {
        "label": "saveTemplateMenuItem",
        "type": "LocalVariable"
      },
      "location-before-char-start": 2222,
      "location-before-char-end": 2252,
      "location-after-char-start": 2192,
      "location-after-char-end": 2222,
      "node-str": "saveTemplateMenuItem"
    },
    {
      "type": "move-subtree",
      "node": {
        "label": "\u003d",
        "type": "Assignment"
      },
      "location-before-char-start": 2256,
      "location-before-char-end": 2361,
      "location-after-char-start": 2226,
      "location-after-char-end": 2331,
      "node-str": "\u003d"
    },
    {
      "type": "move-subtree",
      "node": {
        "label": "add",
        "type": "Invocation"
      },
      "location-before-char-start": 2365,
      "location-before-char-end": 2399,
      "location-after-char-start": 2335,
      "location-after-char-end": 2369,
      "node-str": "add"
    },
    {
      "type": "move-subtree",
      "node": {
        "label": "addSeparator",
        "type": "Invocation"
      },
      "location-before-char-start": 2404,
      "location-before-char-end": 2427,
      "location-after-char-start": 2374,
      "location-after-char-end": 2397,
      "node-str": "addSeparator"
    },
    {
      "type": "move-subtree",
      "node": {
        "label": "sendMenuItem",
        "type": "LocalVariable"
      },
      "location-before-char-start": 2432,
      "location-before-char-end": 2454,
      "location-after-char-start": 2402,
      "location-after-char-end": 2424,
      "node-str": "sendMenuItem"
    },
    {
      "type": "move-subtree",
      "node": {
        "label": "\u003d",
        "type": "Assignment"
      },
      "location-before-char-start": 2458,
      "location-before-char-end": 2542,
      "location-after-char-start": 2428,
      "location-after-char-end": 2512,
      "node-str": "\u003d"
    },
    {
      "type": "move-subtree",
      "node": {
        "label": "add",
        "type": "Invocation"
      },
      "location-before-char-start": 2546,
      "location-before-char-end": 2572,
      "location-after-char-start": 2516,
      "location-after-char-end": 2542,
      "node-str": "add"
    },
    {
      "type": "move-subtree",
      "node": {
        "label": "sendLaterMenuItem",
        "type": "LocalVariable"
      },
      "location-before-char-start": 2577,
      "location-before-char-end": 2604,
      "location-after-char-start": 2547,
      "location-after-char-end": 2574,
      "node-str": "sendLaterMenuItem"
    },
    {
      "type": "move-subtree",
      "node": {
        "label": "\u003d",
        "type": "Assignment"
      },
      "location-before-char-start": 2608,
      "location-before-char-end": 2707,
      "location-after-char-start": 2578,
      "location-after-char-end": 2677,
      "node-str": "\u003d"
    },
    {
      "type": "move-subtree",
      "node": {
        "label": "add",
        "type": "Invocation"
      },
      "location-before-char-start": 2711,
      "location-before-char-end": 2742,
      "location-after-char-start": 2681,
      "location-after-char-end": 2712,
      "node-str": "add"
    },
    {
      "type": "move-subtree",
      "node": {
        "label": "addSeparator",
        "type": "Invocation"
      },
      "location-before-char-start": 2747,
      "location-before-char-end": 2770,
      "location-after-char-start": 2717,
      "location-after-char-end": 2740,
      "node-str": "addSeparator"
    },
    {
      "type": "insert-node",
      "node": {
        "label": "printMenuItem",
        "type": "LocalVariable"
      },
      "location-after-char-start": 2745,
      "location-after-char-end": 2855,
      "node-str": "printMenuItem"
    },
    {
      "type": "move-subtree",
      "node": {
        "label": "setAccelerator",
        "type": "Invocation"
      },
      "location-before-char-start": 2903,
      "location-before-char-end": 2997,
      "location-after-char-start": 2873,
      "location-after-char-end": 2967,
      "node-str": "setAccelerator"
    },
    {
      "type": "move-subtree",
      "node": {
        "label": "setMnemonic",
        "type": "Invocation"
      },
      "location-before-char-start": 3001,
      "location-before-char-end": 3041,
      "location-after-char-start": 2971,
      "location-after-char-end": 3011,
      "node-str": "setMnemonic"
    },
    {
      "type": "move-subtree",
      "node": {
        "label": "setEnabled",
        "type": "Invocation"
      },
      "location-before-char-start": 3045,
      "location-before-char-end": 3076,
      "location-after-char-start": 3015,
      "location-after-char-end": 3046,
      "node-str": "setEnabled"
    },
    {
      "type": "move-subtree",
      "node": {
        "label": "add",
        "type": "Invocation"
      },
      "location-before-char-start": 3081,
      "location-before-char-end": 3108,
      "location-after-char-start": 3051,
      "location-after-char-end": 3078,
      "node-str": "add"
    },
    {
      "type": "move-subtree",
      "node": {
        "label": "addSeparator",
        "type": "Invocation"
      },
      "location-before-char-start": 3113,
      "location-before-char-end": 3136,
      "location-after-char-start": 3083,
      "location-after-char-end": 3106,
      "node-str": "addSeparator"
    },
    {
      "type": "move-subtree",
      "node": {
        "label": "exitMenuItem",
        "type": "LocalVariable"
      },
      "location-before-char-start": 3141,
      "location-before-char-end": 3163,
      "location-after-char-start": 3111,
      "location-after-char-end": 3133,
      "node-str": "exitMenuItem"
    },
    {
      "type": "move-subtree",
      "node": {
        "label": "\u003d",
        "type": "Assignment"
      },
      "location-before-char-start": 3167,
      "location-before-char-end": 3251,
      "location-after-char-start": 3137,
      "location-after-char-end": 3221,
      "node-str": "\u003d"
    },
    {
      "type": "move-subtree",
      "node": {
        "label": "add",
        "type": "Invocation"
      },
      "location-before-char-start": 3255,
      "location-before-char-end": 3281,
      "location-after-char-start": 3225,
      "location-after-char-end": 3251,
      "node-str": "add"
    },
    {
      "type": "move-subtree",
      "node": {
        "label": "editMenu",
        "type": "LocalVariable"
      },
      "location-before-char-start": 3286,
      "location-before-char-end": 3377,
      "location-after-char-start": 3256,
      "location-after-char-end": 3347,
      "node-str": "editMenu"
    },
    {
      "type": "move-subtree",
      "node": {
        "label": "setMnemonic",
        "type": "Invocation"
      },
      "location-before-char-start": 3409,
      "location-before-char-end": 3444,
      "location-after-char-start": 3379,
      "location-after-char-end": 3414,
      "node-str": "setMnemonic"
    },
    {
      "type": "move-subtree",
      "node": {
        "label": "undoMenuItem",
        "type": "LocalVariable"
      },
      "location-before-char-start": 3449,
      "location-before-char-end": 3471,
      "location-after-char-start": 3419,
      "location-after-char-end": 3441,
      "node-str": "undoMenuItem"
    },
    {
      "type": "move-subtree",
      "node": {
        "label": "\u003d",
        "type": "Assignment"
      },
      "location-before-char-start": 3475,
      "location-before-char-end": 3559,
      "location-after-char-start": 3445,
      "location-after-char-end": 3529,
      "node-str": "\u003d"
    },
    {
      "type": "move-subtree",
      "node": {
        "label": "add",
        "type": "Invocation"
      },
      "location-before-char-start": 3563,
      "location-before-char-end": 3589,
      "location-after-char-start": 3533,
      "location-after-char-end": 3559,
      "node-str": "add"
    },
    {
      "type": "move-subtree",
      "node": {
        "label": "redoMenuItem",
        "type": "LocalVariable"
      },
      "location-before-char-start": 3594,
      "location-before-char-end": 3616,
      "location-after-char-start": 3564,
      "location-after-char-end": 3586,
      "node-str": "redoMenuItem"
    },
    {
      "type": "move-subtree",
      "node": {
        "label": "\u003d",
        "type": "Assignment"
      },
      "location-before-char-start": 3620,
      "location-before-char-end": 3704,
      "location-after-char-start": 3590,
      "location-after-char-end": 3674,
      "node-str": "\u003d"
    },
    {
      "type": "move-subtree",
      "node": {
        "label": "add",
        "type": "Invocation"
      },
      "location-before-char-start": 3708,
      "location-before-char-end": 3734,
      "location-after-char-start": 3678,
      "location-after-char-end": 3704,
      "node-str": "add"
    },
    {
      "type": "move-subtree",
      "node": {
        "label": "addSeparator",
        "type": "Invocation"
      },
      "location-before-char-start": 3739,
      "location-before-char-end": 3762,
      "location-after-char-start": 3709,
      "location-after-char-end": 3732,
      "node-str": "addSeparator"
    },
    {
      "type": "move-subtree",
      "node": {
        "label": "cutMenuItem",
        "type": "LocalVariable"
      },
      "location-before-char-start": 3767,
      "location-before-char-end": 3788,
      "location-after-char-start": 3737,
      "location-after-char-end": 3758,
      "node-str": "cutMenuItem"
    },
    {
      "type": "move-subtree",
      "node": {
        "label": "\u003d",
        "type": "Assignment"
      },
      "location-before-char-start": 3792,
      "location-before-char-end": 3874,
      "location-after-char-start": 3762,
      "location-after-char-end": 3844,
      "node-str": "\u003d"
    },
    {
      "type": "move-subtree",
      "node": {
        "label": "add",
        "type": "Invocation"
      },
      "location-before-char-start": 3878,
      "location-before-char-end": 3903,
      "location-after-char-start": 3848,
      "location-after-char-end": 3873,
      "node-str": "add"
    },
    {
      "type": "move-subtree",
      "node": {
        "label": "copyMenuItem",
        "type": "LocalVariable"
      },
      "location-before-char-start": 3908,
      "location-before-char-end": 3930,
      "location-after-char-start": 3878,
      "location-after-char-end": 3900,
      "node-str": "copyMenuItem"
    },
    {
      "type": "move-subtree",
      "node": {
        "label": "\u003d",
        "type": "Assignment"
      },
      "location-before-char-start": 3934,
      "location-before-char-end": 4018,
      "location-after-char-start": 3904,
      "location-after-char-end": 3988,
      "node-str": "\u003d"
    },
    {
      "type": "move-subtree",
      "node": {
        "label": "add",
        "type": "Invocation"
      },
      "location-before-char-start": 4022,
      "location-before-char-end": 4048,
      "location-after-char-start": 3992,
      "location-after-char-end": 4018,
      "node-str": "add"
    },
    {
      "type": "move-subtree",
      "node": {
        "label": "pasteMenuItem",
        "type": "LocalVariable"
      },
      "location-before-char-start": 4053,
      "location-before-char-end": 4076,
      "location-after-char-start": 4023,
      "location-after-char-end": 4046,
      "node-str": "pasteMenuItem"
    },
    {
      "type": "move-subtree",
      "node": {
        "label": "\u003d",
        "type": "Assignment"
      },
      "location-before-char-start": 4080,
      "location-before-char-end": 4166,
      "location-after-char-start": 4050,
      "location-after-char-end": 4136,
      "node-str": "\u003d"
    },
    {
      "type": "move-subtree",
      "node": {
        "label": "add",
        "type": "Invocation"
      },
      "location-before-char-start": 4170,
      "location-before-char-end": 4197,
      "location-after-char-start": 4140,
      "location-after-char-end": 4167,
      "node-str": "add"
    },
    {
      "type": "move-subtree",
      "node": {
        "label": "deleteMenuItem",
        "type": "LocalVariable"
      },
      "location-before-char-start": 4202,
      "location-before-char-end": 4226,
      "location-after-char-start": 4172,
      "location-after-char-end": 4196,
      "node-str": "deleteMenuItem"
    },
    {
      "type": "move-subtree",
      "node": {
        "label": "\u003d",
        "type": "Assignment"
      },
      "location-before-char-start": 4230,
      "location-before-char-end": 4323,
      "location-after-char-start": 4200,
      "location-after-char-end": 4293,
      "node-str": "\u003d"
    },
    {
      "type": "move-subtree",
      "node": {
        "label": "add",
        "type": "Invocation"
      },
      "location-before-char-start": 4327,
      "location-before-char-end": 4355,
      "location-after-char-start": 4297,
      "location-after-char-end": 4325,
      "node-str": "add"
    },
    {
      "type": "move-subtree",
      "node": {
        "label": "addSeparator",
        "type": "Invocation"
      },
      "location-before-char-start": 4360,
      "location-before-char-end": 4383,
      "location-after-char-start": 4330,
      "location-after-char-end": 4353,
      "node-str": "addSeparator"
    },
    {
      "type": "move-subtree",
      "node": {
        "label": "selectAllMenuItem",
        "type": "LocalVariable"
      },
      "location-before-char-start": 4388,
      "location-before-char-end": 4415,
      "location-after-char-start": 4358,
      "location-after-char-end": 4385,
      "node-str": "selectAllMenuItem"
    },
    {
      "type": "move-subtree",
      "node": {
        "label": "\u003d",
        "type": "Assignment"
      },
      "location-before-char-start": 4419,
      "location-before-char-end": 4518,
      "location-after-char-start": 4389,
      "location-after-char-end": 4488,
      "node-str": "\u003d"
    },
    {
      "type": "move-subtree",
      "node": {
        "label": "add",
        "type": "Invocation"
      },
      "location-before-char-start": 4522,
      "location-before-char-end": 4553,
      "location-after-char-start": 4492,
      "location-after-char-end": 4523,
      "node-str": "add"
    },
    {
      "type": "move-subtree",
      "node": {
        "label": "addSeparator",
        "type": "Invocation"
      },
      "location-before-char-start": 4558,
      "location-before-char-end": 4581,
      "location-after-char-start": 4528,
      "location-after-char-end": 4551,
      "node-str": "addSeparator"
    },
    {
      "type": "insert-node",
      "node": {
        "label": "menuItem",
        "type": "LocalVariable"
      },
      "location-after-char-start": 4556,
      "location-after-char-end": 4754,
      "node-str": "menuItem"
    },
    {
      "type": "move-subtree",
      "node": {
        "label": "setAccelerator",
        "type": "Invocation"
      },
      "location-before-char-start": 4802,
      "location-before-char-end": 4891,
      "location-after-char-start": 4772,
      "location-after-char-end": 4861,
      "node-str": "setAccelerator"
    },
    {
      "type": "move-subtree",
      "node": {
        "label": "setMnemonic",
        "type": "Invocation"
      },
      "location-before-char-start": 4895,
      "location-before-char-end": 4930,
      "location-after-char-start": 4865,
      "location-after-char-end": 4900,
      "node-str": "setMnemonic"
    },
    {
      "type": "move-subtree",
      "node": {
        "label": "setEnabled",
        "type": "Invocation"
      },
      "location-before-char-start": 4935,
      "location-before-char-end": 4961,
      "location-after-char-start": 4905,
      "location-after-char-end": 4931,
      "node-str": "setEnabled"
    },
    {
      "type": "move-subtree",
      "node": {
        "label": "add",
        "type": "Invocation"
      },
      "location-before-char-start": 4965,
      "location-before-char-end": 4987,
      "location-after-char-start": 4935,
      "location-after-char-end": 4957,
      "node-str": "add"
    },
    {
      "type": "move-subtree",
      "node": {
        "label": "\u003d",
        "type": "Assignment"
      },
      "location-before-char-start": 4992,
      "location-before-char-end": 5095,
      "location-after-char-start": 4962,
      "location-after-char-end": 5065,
      "node-str": "\u003d"
    },
    {
      "type": "move-subtree",
      "node": {
        "label": "setMnemonic",
        "type": "Invocation"
      },
      "location-before-char-start": 5128,
      "location-before-char-end": 5163,
      "location-after-char-start": 5098,
      "location-after-char-end": 5133,
      "node-str": "setMnemonic"
    },
    {
      "type": "move-subtree",
      "node": {
        "label": "setAccelerator",
        "type": "Invocation"
      },
      "location-before-char-start": 5167,
      "location-before-char-end": 5256,
      "location-after-char-start": 5137,
      "location-after-char-end": 5226,
      "node-str": "setAccelerator"
    },
    {
      "type": "move-subtree",
      "node": {
        "label": "setEnabled",
        "type": "Invocation"
      },
      "location-before-char-start": 5260,
      "location-before-char-end": 5286,
      "location-after-char-start": 5230,
      "location-after-char-end": 5256,
      "node-str": "setEnabled"
    },
    {
      "type": "move-subtree",
      "node": {
        "label": "add",
        "type": "Invocation"
      },
      "location-before-char-start": 5290,
      "location-before-char-end": 5312,
      "location-after-char-start": 5260,
      "location-after-char-end": 5282,
      "node-str": "add"
    },
    {
      "type": "move-subtree",
      "node": {
        "label": "addSeparator",
        "type": "Invocation"
      },
      "location-before-char-start": 5317,
      "location-before-char-end": 5340,
      "location-after-char-start": 5287,
      "location-after-char-end": 5310,
      "node-str": "addSeparator"
    },
    {
      "type": "move-subtree",
      "node": {
        "label": "\u003d",
        "type": "Assignment"
      },
      "location-before-char-start": 5422,
      "location-before-char-end": 5539,
      "location-after-char-start": 5392,
      "location-after-char-end": 5509,
      "node-str": "\u003d"
    },
    {
      "type": "move-subtree",
      "node": {
        "label": "setEnabled",
        "type": "Invocation"
      },
      "location-before-char-start": 5685,
      "location-before-char-end": 5710,
      "location-after-char-start": 5655,
      "location-after-char-end": 5680,
      "node-str": "setEnabled"
    },
    {
      "type": "move-subtree",
      "node": {
        "label": "setActionCommand",
        "type": "Invocation"
      },
      "location-before-char-start": 5714,
      "location-before-char-end": 5753,
      "location-after-char-start": 5684,
      "location-after-char-end": 5723,
      "node-str": "setActionCommand"
    },
    {
      "type": "move-subtree",
      "node": {
        "label": "addActionListener",
        "type": "Invocation"
      },
      "location-before-char-start": 5843,
      "location-before-char-end": 5928,
      "location-after-char-start": 5813,
      "location-after-char-end": 5898,
      "node-str": "addActionListener"
    },
    {
      "type": "move-subtree",
      "node": {
        "label": "add",
        "type": "Invocation"
      },
      "location-before-char-start": 5933,
      "location-before-char-end": 5955,
      "location-after-char-start": 5903,
      "location-after-char-end": 5925,
      "node-str": "add"
    },
    {
      "type": "move-subtree",
      "node": {
        "label": "addSeparator",
        "type": "Invocation"
      },
      "location-before-char-start": 5960,
      "location-before-char-end": 5983,
      "location-after-char-start": 5930,
      "location-after-char-end": 5953,
      "node-str": "addSeparator"
    },
    {
      "type": "move-subtree",
      "node": {
        "label": "\u003d",
        "type": "Assignment"
      },
      "location-before-char-start": 6036,
      "location-before-char-end": 6145,
      "location-after-char-start": 6006,
      "location-after-char-end": 6115,
      "node-str": "\u003d"
    },
    {
      "type": "move-subtree",
      "node": {
        "label": "setActionCommand",
        "type": "Invocation"
      },
      "location-before-char-start": 6232,
      "location-before-char-end": 6276,
      "location-after-char-start": 6202,
      "location-after-char-end": 6246,
      "node-str": "setActionCommand"
    },
    {
      "type": "move-subtree",
      "node": {
        "label": "addActionListener",
        "type": "Invocation"
      },
      "location-before-char-start": 6294,
      "location-before-char-end": 6376,
      "location-after-char-start": 6264,
      "location-after-char-end": 6346,
      "node-str": "addActionListener"
    },
    {
      "type": "move-subtree",
      "node": {
        "label": "add",
        "type": "Invocation"
      },
      "location-before-char-start": 6380,
      "location-before-char-end": 6402,
      "location-after-char-start": 6350,
      "location-after-char-end": 6372,
      "node-str": "add"
    },
    {
      "type": "move-subtree",
      "node": {
        "label": "viewMenu",
        "type": "LocalVariable"
      },
      "location-before-char-start": 6407,
      "location-before-char-end": 6495,
      "location-after-char-start": 6377,
      "location-after-char-end": 6465,
      "node-str": "viewMenu"
    },
    {
      "type": "move-subtree",
      "node": {
        "label": "setMnemonic",
        "type": "Invocation"
      },
      "location-before-char-start": 6513,
      "location-before-char-end": 6548,
      "location-after-char-start": 6483,
      "location-after-char-end": 6518,
      "node-str": "setMnemonic"
    },
    {
      "type": "insert-node",
      "node": {
        "label": "subMenu",
        "type": "LocalVariable"
      },
      "location-after-char-start": 6523,
      "location-after-char-end": 6620,
      "node-str": "subMenu"
    },
    {
      "type": "move-subtree",
      "node": {
        "label": "cbMenuItem",
        "type": "LocalVariable"
      },
      "location-before-char-start": 6669,
      "location-before-char-end": 6795,
      "location-after-char-start": 6639,
      "location-after-char-end": 6765,
      "node-str": "cbMenuItem"
    },
    {
      "type": "move-subtree",
      "node": {
        "label": "addActionListener",
        "type": "Invocation"
      },
      "location-before-char-start": 6813,
      "location-before-char-end": 6883,
      "location-after-char-start": 6783,
      "location-after-char-end": 6853,
      "node-str": "addActionListener"
    },
    {
      "type": "move-subtree",
      "node": {
        "label": "setActionCommand",
        "type": "Invocation"
      },
      "location-before-char-start": 6887,
      "location-before-char-end": 6930,
      "location-after-char-start": 6857,
      "location-after-char-end": 6900,
      "node-str": "setActionCommand"
    },
    {
      "type": "move-subtree",
      "node": {
        "label": "setEnabled",
        "type": "Invocation"
      },
      "location-before-char-start": 6948,
      "location-before-char-end": 6976,
      "location-after-char-start": 6918,
      "location-after-char-end": 6946,
      "node-str": "setEnabled"
    },
    {
      "type": "move-subtree",
      "node": {
        "label": "if",
        "type": "If"
      },
      "location-before-char-start": 6980,
      "location-before-char-end": 7061,
      "location-after-char-start": 6950,
      "location-after-char-end": 7031,
      "node-str": "if"
    },
    {
      "type": "move-subtree",
      "node": {
        "label": "add",
        "type": "Invocation"
      },
      "location-before-char-start": 7065,
      "location-before-char-end": 7088,
      "location-after-char-start": 7035,
      "location-after-char-end": 7058,
      "node-str": "add"
    },
    {
      "type": "move-subtree",
      "node": {
        "label": "\u003d",
        "type": "Assignment"
      },
      "location-before-char-start": 7093,
      "location-before-char-end": 7202,
      "location-after-char-start": 7063,
      "location-after-char-end": 7172,
      "node-str": "\u003d"
    },
    {
      "type": "move-subtree",
      "node": {
        "label": "addActionListener",
        "type": "Invocation"
      },
      "location-before-char-start": 7220,
      "location-before-char-end": 7290,
      "location-after-char-start": 7190,
      "location-after-char-end": 7260,
      "node-str": "addActionListener"
    },
    {
      "type": "move-subtree",
      "node": {
        "label": "setActionCommand",
        "type": "Invocation"
      },
      "location-before-char-start": 7294,
      "location-before-char-end": 7341,
      "location-after-char-start": 7264,
      "location-after-char-end": 7311,
      "node-str": "setActionCommand"
    },
    {
      "type": "move-subtree",
      "node": {
        "label": "setEnabled",
        "type": "Invocation"
      },
      "location-before-char-start": 7359,
      "location-before-char-end": 7387,
      "location-after-char-start": 7329,
      "location-after-char-end": 7357,
      "node-str": "setEnabled"
    },
    {
      "type": "move-subtree",
      "node": {
        "label": "if",
        "type": "If"
      },
      "location-before-char-start": 7391,
      "location-before-char-end": 7475,
      "location-after-char-start": 7361,
      "location-after-char-end": 7445,
      "node-str": "if"
    },
    {
      "type": "move-subtree",
      "node": {
        "label": "add",
        "type": "Invocation"
      },
      "location-before-char-start": 7479,
      "location-before-char-end": 7502,
      "location-after-char-start": 7449,
      "location-after-char-end": 7472,
      "node-str": "add"
    },
    {
      "type": "move-subtree",
      "node": {
        "label": "add",
        "type": "Invocation"
      },
      "location-before-char-start": 7507,
      "location-before-char-end": 7528,
      "location-after-char-start": 7477,
      "location-after-char-end": 7498,
      "node-str": "add"
    },
    {
      "type": "move-subtree",
      "node": {
        "label": "addSeparator",
        "type": "Invocation"
      },
      "location-before-char-start": 7533,
      "location-before-char-end": 7556,
      "location-after-char-start": 7503,
      "location-after-char-end": 7526,
      "node-str": "addSeparator"
    },
    {
      "type": "move-subtree",
      "node": {
        "label": "\u003d",
        "type": "Assignment"
      },
      "location-before-char-start": 7561,
      "location-before-char-end": 7669,
      "location-after-char-start": 7531,
      "location-after-char-end": 7639,
      "node-str": "\u003d"
    },
    {
      "type": "move-subtree",
      "node": {
        "label": "setActionCommand",
        "type": "Invocation"
      },
      "location-before-char-start": 7687,
      "location-before-char-end": 7734,
      "location-after-char-start": 7657,
      "location-after-char-end": 7704,
      "node-str": "setActionCommand"
    },
    {
      "type": "move-subtree",
      "node": {
        "label": "addActionListener",
        "type": "Invocation"
      },
      "location-before-char-start": 7752,
      "location-before-char-end": 7822,
      "location-after-char-start": 7722,
      "location-after-char-end": 7792,
      "node-str": "addActionListener"
    },
    {
      "type": "move-subtree",
      "node": {
        "label": "if",
        "type": "If"
      },
      "location-before-char-start": 7826,
      "location-before-char-end": 7911,
      "location-after-char-start": 7796,
      "location-after-char-end": 7881,
      "node-str": "if"
    },
    {
      "type": "move-subtree",
      "node": {
        "label": "add",
        "type": "Invocation"
      },
      "location-before-char-start": 7915,
      "location-before-char-end": 7939,
      "location-after-char-start": 7885,
      "location-after-char-end": 7909,
      "node-str": "add"
    },
    {
      "type": "move-subtree",
      "node": {
        "label": "messageMenu",
        "type": "LocalVariable"
      },
      "location-before-char-start": 7944,
      "location-before-char-end": 8041,
      "location-after-char-start": 7914,
      "location-after-char-end": 8011,
      "node-str": "messageMenu"
    },
    {
      "type": "move-subtree",
      "node": {
        "label": "setMnemonic",
        "type": "Invocation"
      },
      "location-before-char-start": 8073,
      "location-before-char-end": 8111,
      "location-after-char-start": 8043,
      "location-after-char-end": 8081,
      "node-str": "setMnemonic"
    },
    {
      "type": "move-subtree",
      "node": {
        "label": "addressbookMessageMenuItem",
        "type": "LocalVariable"
      },
      "location-before-char-start": 8116,
      "location-before-char-end": 8152,
      "location-after-char-start": 8086,
      "location-after-char-end": 8122,
      "node-str": "addressbookMessageMenuItem"
    },
    {
      "type": "move-subtree",
      "node": {
        "label": "\u003d",
        "type": "Assignment"
      },
      "location-before-char-start": 8156,
      "location-before-char-end": 8266,
      "location-after-char-start": 8126,
      "location-after-char-end": 8236,
      "node-str": "\u003d"
    },
    {
      "type": "move-subtree",
      "node": {
        "label": "add",
        "type": "Invocation"
      },
      "location-before-char-start": 8270,
      "location-before-char-end": 8313,
      "location-after-char-start": 8240,
      "location-after-char-end": 8283,
      "node-str": "add"
    },
    {
      "type": "move-subtree",
      "node": {
        "label": "attachFileMenuItem",
        "type": "LocalVariable"
      },
      "location-before-char-start": 8318,
      "location-before-char-end": 8346,
      "location-after-char-start": 8288,
      "location-after-char-end": 8316,
      "node-str": "attachFileMenuItem"
    },
    {
      "type": "move-subtree",
      "node": {
        "label": "\u003d",
        "type": "Assignment"
      },
      "location-before-char-start": 8350,
      "location-before-char-end": 8451,
      "location-after-char-start": 8320,
      "location-after-char-end": 8421,
      "node-str": "\u003d"
    },
    {
      "type": "move-subtree",
      "node": {
        "label": "add",
        "type": "Invocation"
      },
      "location-before-char-start": 8455,
      "location-before-char-end": 8490,
      "location-after-char-start": 8425,
      "location-after-char-end": 8460,
      "node-str": "add"
    },
    {
      "type": "move-subtree",
      "node": {
        "label": "spellCheckMenuItem",
        "type": "LocalVariable"
      },
      "location-before-char-start": 8495,
      "location-before-char-end": 8523,
      "location-after-char-start": 8465,
      "location-after-char-end": 8493,
      "node-str": "spellCheckMenuItem"
    },
    {
      "type": "move-subtree",
      "node": {
        "label": "\u003d",
        "type": "Assignment"
      },
      "location-before-char-start": 8527,
      "location-before-char-end": 8628,
      "location-after-char-start": 8497,
      "location-after-char-end": 8598,
      "node-str": "\u003d"
    },
    {
      "type": "move-subtree",
      "node": {
        "label": "add",
        "type": "Invocation"
      },
      "location-before-char-start": 8632,
      "location-before-char-end": 8667,
      "location-after-char-start": 8602,
      "location-after-char-end": 8637,
      "node-str": "add"
    },
    {
      "type": "move-subtree",
      "node": {
        "label": "addSeparator",
        "type": "Invocation"
      },
      "location-before-char-start": 8674,
      "location-before-char-end": 8700,
      "location-after-char-start": 8644,
      "location-after-char-end": 8670,
      "node-str": "addSeparator"
    },
    {
      "type": "move-subtree",
      "node": {
        "label": "add",
        "type": "Invocation"
      },
      "location-before-char-start": 8707,
      "location-before-char-end": 8775,
      "location-after-char-start": 8677,
      "location-after-char-end": 8745,
      "node-str": "add"
    },
    {
      "type": "move-subtree",
      "node": {
        "label": "securityMenu",
        "type": "LocalVariable"
      },
      "location-before-char-start": 8780,
      "location-before-char-end": 8875,
      "location-after-char-start": 8750,
      "location-after-char-end": 8845,
      "node-str": "securityMenu"
    },
    {
      "type": "move-subtree",
      "node": {
        "label": "signMenuItem",
        "type": "LocalVariable"
      },
      "location-before-char-start": 8894,
      "location-before-char-end": 9009,
      "location-after-char-start": 8864,
      "location-after-char-end": 8979,
      "node-str": "signMenuItem"
    },
    {
      "type": "move-subtree",
      "node": {
        "label": "setSelected",
        "type": "Invocation"
      },
      "location-before-char-start": 9016,
      "location-before-char-end": 9047,
      "location-after-char-start": 8986,
      "location-after-char-end": 9017,
      "node-str": "setSelected"
    },
    {
      "type": "move-subtree",
      "node": {
        "label": "setEnabled",
        "type": "Invocation"
      },
      "location-before-char-start": 9051,
      "location-before-char-end": 9081,
      "location-after-char-start": 9021,
      "location-after-char-end": 9051,
      "node-str": "setEnabled"
    },
    {
      "type": "move-subtree",
      "node": {
        "label": "add",
        "type": "Invocation"
      },
      "location-before-char-start": 9085,
      "location-before-char-end": 9115,
      "location-after-char-start": 9055,
      "location-after-char-end": 9085,
      "node-str": "add"
    },
    {
      "type": "move-subtree",
      "node": {
        "label": "encryptMenuItem",
        "type": "LocalVariable"
      },
      "location-before-char-start": 9120,
      "location-before-char-end": 9241,
      "location-after-char-start": 9090,
      "location-after-char-end": 9211,
      "node-str": "encryptMenuItem"
    },
    {
      "type": "move-subtree",
      "node": {
        "label": "setSelected",
        "type": "Invocation"
      },
      "location-before-char-start": 9245,
      "location-before-char-end": 9279,
      "location-after-char-start": 9215,
      "location-after-char-end": 9249,
      "node-str": "setSelected"
    },
    {
      "type": "move-subtree",
      "node": {
        "label": "setEnabled",
        "type": "Invocation"
      },
      "location-before-char-start": 9283,
      "location-before-char-end": 9316,
      "location-after-char-start": 9253,
      "location-after-char-end": 9286,
      "node-str": "setEnabled"
    },
    {
      "type": "move-subtree",
      "node": {
        "label": "add",
        "type": "Invocation"
      },
      "location-before-char-start": 9320,
      "location-before-char-end": 9353,
      "location-after-char-start": 9290,
      "location-after-char-end": 9323,
      "node-str": "add"
    },
    {
      "type": "move-subtree",
      "node": {
        "label": "setSecurityMenuItems",
        "type": "Invocation"
      },
      "location-before-char-start": 9358,
      "location-before-char-end": 9445,
      "location-after-char-start": 9328,
      "location-after-char-end": 9415,
      "node-str": "setSecurityMenuItems"
    },
    {
      "type": "move-subtree",
      "node": {
        "label": "add",
        "type": "Invocation"
      },
      "location-before-char-start": 9452,
      "location-before-char-end": 9465,
      "location-after-char-start": 9422,
      "location-after-char-end": 9435,
      "node-str": "add"
    },
    {
      "type": "move-subtree",
      "node": {
        "label": "add",
        "type": "Invocation"
      },
      "location-before-char-start": 9469,
      "location-before-char-end": 9482,
      "location-after-char-start": 9439,
      "location-after-char-end": 9452,
      "node-str": "add"
    },
    {
      "type": "move-subtree",
      "node": {
        "label": "add",
        "type": "Invocation"
      },
      "location-before-char-start": 9486,
      "location-before-char-end": 9499,
      "location-after-char-start": 9456,
      "location-after-char-end": 9469,
      "node-str": "add"
    },
    {
      "type": "move-subtree",
      "node": {
        "label": "add",
        "type": "Invocation"
      },
      "location-before-char-start": 9503,
      "location-before-char-end": 9519,
      "location-after-char-start": 9473,
      "location-after-char-end": 9489,
      "node-str": "add"
    },
    {
      "type": "move-subtree",
      "node": {
        "label": "add",
        "type": "Invocation"
      },
      "location-before-char-start": 9523,
      "location-before-char-end": 9540,
      "location-after-char-start": 9493,
      "location-after-char-end": 9510,
      "node-str": "add"
    },
    {
      "type": "insert-node",
      "node": {
        "label": "org.columba.core.gui.util.CMenuItem",
        "type": "VARIABLE_TYPE"
      },
      "location-after-char-start": 0,
      "location-after-char-end": 0,
      "node-str": "org.columba.core.gui.util.CMenuItem"
    },
    {
      "type": "update-node",
      "node": {
        "label": "javax.swing.JMenuItem(javax.swing.Icon)",
        "type": "ConstructorCall"
      },
      "location-before-char-start": 2801,
      "location-before-char-end": 2884,
      "location-after-char-start": 2771,
      "location-after-char-end": 2854,
      "node-str": "java.lang.Object()"
    },
    {
      "type": "move-subtree",
      "node": {
        "label": "javax.swing.JMenuItem(javax.swing.Icon)",
        "type": "ConstructorCall"
      },
      "location-before-char-start": 2801,
      "location-before-char-end": 2884,
      "location-after-char-start": 2771,
      "location-after-char-end": 2854,
      "node-str": "java.lang.Object()"
    },
    {
      "type": "insert-node",
      "node": {
        "label": "org.columba.core.gui.util.CMenuItem",
        "type": "VARIABLE_TYPE"
      },
      "location-after-char-start": 0,
      "location-after-char-end": 0,
      "node-str": "org.columba.core.gui.util.CMenuItem"
    },
    {
      "type": "update-node",
      "node": {
        "label": "javax.swing.JMenuItem(java.lang.String,javax.swing.Icon)",
        "type": "ConstructorCall"
      },
      "location-before-char-start": 4610,
      "location-before-char-end": 4783,
      "location-after-char-start": 4580,
      "location-after-char-end": 4753,
      "node-str": "java.lang.Object()"
    },
    {
      "type": "move-subtree",
      "node": {
        "label": "javax.swing.JMenuItem(java.lang.String,javax.swing.Icon)",
        "type": "ConstructorCall"
      },
      "location-before-char-start": 4610,
      "location-before-char-end": 4783,
      "location-after-char-start": 4580,
      "location-after-char-end": 4753,
      "node-str": "java.lang.Object()"
    },
    {
      "type": "update-node",
      "node": {
        "label": "javax.swing.JMenuItem(javax.swing.Icon)",
        "type": "ConstructorCall"
      },
      "location-before-char-start": 5006,
      "location-before-char-end": 5094,
      "location-after-char-start": 4976,
      "location-after-char-end": 5064,
      "node-str": "java.lang.Object()"
    },
    {
      "type": "update-node",
      "node": {
        "label": "javax.swing.JMenuItem(javax.swing.Icon)",
        "type": "ConstructorCall"
      },
      "location-before-char-start": 5436,
      "location-before-char-end": 5538,
      "location-after-char-start": 5406,
      "location-after-char-end": 5508,
      "node-str": "java.lang.Object()"
    },
    {
      "type": "update-node",
      "node": {
        "label": "javax.swing.JMenuItem(javax.swing.Icon)",
        "type": "ConstructorCall"
      },
      "location-before-char-start": 6050,
      "location-before-char-end": 6144,
      "location-after-char-start": 6020,
      "location-after-char-end": 6114,
      "node-str": "java.lang.Object()"
    },
    {
      "type": "insert-node",
      "node": {
        "label": "org.columba.core.gui.util.CMenu",
        "type": "VARIABLE_TYPE"
      },
      "location-after-char-start": 0,
      "location-after-char-end": 0,
      "node-str": "org.columba.core.gui.util.CMenu"
    },
    {
      "type": "update-node",
      "node": {
        "label": "javax.swing.JMenu(java.lang.String)",
        "type": "ConstructorCall"
      },
      "location-before-char-start": 6569,
      "location-before-char-end": 6649,
      "location-after-char-start": 6539,
      "location-after-char-end": 6619,
      "node-str": "java.lang.Object()"
    },
    {
      "type": "move-subtree",
      "node": {
        "label": "javax.swing.JMenu(java.lang.String)",
        "type": "ConstructorCall"
      },
      "location-before-char-start": 6569,
      "location-before-char-end": 6649,
      "location-after-char-start": 6539,
      "location-after-char-end": 6619,
      "node-str": "java.lang.Object()"
    },
    {
      "type": "delete-node",
      "node": {
        "label": "javax.swing.JMenuItem",
        "type": "VARIABLE_TYPE"
      },
      "location-before-char-start": 0,
      "location-before-char-end": 0,
      "node-str": "javax.swing.JMenuItem"
    },
    {
      "type": "delete-node",
      "node": {
        "label": "printMenuItem",
        "type": "LocalVariable"
      },
      "location-before-char-start": 2775,
      "location-before-char-end": 2885,
      "node-str": "printMenuItem"
    },
    {
      "type": "delete-node",
      "node": {
        "label": "javax.swing.JMenuItem",
        "type": "VARIABLE_TYPE"
      },
      "location-before-char-start": 0,
      "location-before-char-end": 0,
      "node-str": "javax.swing.JMenuItem"
    },
    {
      "type": "delete-node",
      "node": {
        "label": "menuItem",
        "type": "LocalVariable"
      },
      "location-before-char-start": 4586,
      "location-before-char-end": 4784,
      "node-str": "menuItem"
    },
    {
      "type": "delete-node",
      "node": {
        "label": "javax.swing.JMenu",
        "type": "VARIABLE_TYPE"
      },
      "location-before-char-start": 0,
      "location-before-char-end": 0,
      "node-str": "javax.swing.JMenu"
    },
    {
      "type": "delete-node",
      "node": {
        "label": "subMenu",
        "type": "LocalVariable"
      },
      "location-before-char-start": 6553,
      "location-before-char-end": 6650,
      "node-str": "subMenu"
    },
    {
      "type": "delete-node",
      "node": {
        "label": "\u003cinit\u003e",
        "type": "Constructor"
      },
      "location-before-char-start": 1497,
      "location-before-char-end": 9547,
      "node-str": "\u003cinit\u003e"
    },
    {
      "type": "delete-node",
      "node": {
        "label": "ComposerMenu",
        "type": "Class"
      },
      "location-before-char-start": 1204,
      "location-before-char-end": 9549,
      "node-str": "ComposerMenu"
    }
  ],
  "before-file": {},
  "after-file": {},
  "mapping": {}
}