{
  "tool-info": {},
  "diff": [
    {
      "type": "insert-node",
      "node": {
        "label": "public",
        "type": "Modifier"
      },
      "location-after-char-start": 0,
      "location-after-char-end": 0,
      "node-str": "public"
    },
    {
      "type": "update-node",
      "node": {
        "label": "org.eclipse.ui.internal.ActionSetActionBars(org.eclipse.ui.internal.dialogs.CustomizePerspectiveDialog$CustomizeActionBars,java.lang.String)",
        "type": "ConstructorCall"
      },
      "location-before-char-start": 35526,
      "location-before-char-end": 35584,
      "location-after-char-start": 35526,
      "location-after-char-end": 35592,
      "node-str": "java.lang.Object()"
    },
    {
      "type": "insert-node",
      "node": {
        "label": "window",
        "type": "FieldRead"
      },
      "location-after-char-start": 35582,
      "location-after-char-end": 35587,
      "node-str": "window"
    },
    {
      "type": "insert-node",
      "node": {
        "label": "org.eclipse.ui.internal.dialogs.CustomizePerspectiveDialog",
        "type": "TypeAccess"
      },
      "location-after-char-start": 0,
      "location-after-char-end": 0,
      "node-str": "org.eclipse.ui.internal.dialogs.CustomizePerspectiveDialog"
    },
    {
      "type": "delete-node",
      "node": {
        "label": "public",
        "type": "Modifier"
      },
      "location-before-char-start": 0,
      "location-before-char-end": 0,
      "node-str": "public"
    }
  ],
  "before-file": {},
  "after-file": {},
  "mapping": {}
}