{
  "tool-info": {},
  "diff": [
    {
      "type": "insert-node",
      "node": {
        "label": "public",
        "type": "Modifier"
      },
      "location-after-char-start": 0,
      "location-after-char-end": 0,
      "node-str": "public"
    },
    {
      "type": "insert-node",
      "node": {
        "label": "activePartId",
        "type": "Field"
      },
      "location-after-char-start": 3723,
      "location-after-char-end": 3959,
      "node-str": "activePartId"
    },
    {
      "type": "insert-node",
      "node": {
        "label": "activeShell",
        "type": "Field"
      },
      "location-after-char-start": 3966,
      "location-after-char-end": 4081,
      "node-str": "activeShell"
    },
    {
      "type": "insert-node",
      "node": {
        "label": "activeWorkbenchSite",
        "type": "Field"
      },
      "location-after-char-start": 4088,
      "location-after-char-end": 4328,
      "node-str": "activeWorkbenchSite"
    },
    {
      "type": "insert-node",
      "node": {
        "label": "activeWorkbenchWindow",
        "type": "Field"
      },
      "location-after-char-start": 4335,
      "location-after-char-end": 4472,
      "node-str": "activeWorkbenchWindow"
    },
    {
      "type": "insert-node",
      "node": {
        "label": "enabledSubmissionsByContextId",
        "type": "Field"
      },
      "location-after-char-start": 4479,
      "location-after-char-end": 4536,
      "node-str": "enabledSubmissionsByContextId"
    },
    {
      "type": "insert-node",
      "node": {
        "label": "keyboard",
        "type": "Field"
      },
      "location-after-char-start": 4543,
      "location-after-char-end": 4726,
      "node-str": "keyboard"
    },
    {
      "type": "insert-node",
      "node": {
        "label": "keyFilterEnabled",
        "type": "Field"
      },
      "location-after-char-start": 4733,
      "location-after-char-end": 4960,
      "node-str": "keyFilterEnabled"
    },
    {
      "type": "insert-node",
      "node": {
        "label": "mutableContextManager",
        "type": "Field"
      },
      "location-after-char-start": 4967,
      "location-after-char-end": 5019,
      "node-str": "mutableContextManager"
    },
    {
      "type": "insert-node",
      "node": {
        "label": "processing",
        "type": "Field"
      },
      "location-after-char-start": 6636,
      "location-after-char-end": 7069,
      "node-str": "processing"
    },
    {
      "type": "insert-node",
      "node": {
        "label": "proxyContextManager",
        "type": "Field"
      },
      "location-after-char-start": 7076,
      "location-after-char-end": 7123,
      "node-str": "proxyContextManager"
    },
    {
      "type": "insert-node",
      "node": {
        "label": "registeredWindows",
        "type": "Field"
      },
      "location-after-char-start": 7130,
      "location-after-char-end": 7780,
      "node-str": "registeredWindows"
    },
    {
      "type": "insert-node",
      "node": {
        "label": "workbench",
        "type": "Field"
      },
      "location-after-char-start": 7787,
      "location-after-char-end": 7814,
      "node-str": "workbench"
    },
    {
      "type": "insert-node",
      "node": {
        "label": "java.lang.String",
        "type": "VARIABLE_TYPE"
      },
      "location-after-char-start": 0,
      "location-after-char-end": 0,
      "node-str": "java.lang.String"
    },
    {
      "type": "insert-node",
      "node": {
        "label": "org.eclipse.swt.widgets.Shell",
        "type": "VARIABLE_TYPE"
      },
      "location-after-char-start": 0,
      "location-after-char-end": 0,
      "node-str": "org.eclipse.swt.widgets.Shell"
    },
    {
      "type": "insert-node",
      "node": {
        "label": "org.eclipse.ui.IWorkbenchSite",
        "type": "VARIABLE_TYPE"
      },
      "location-after-char-start": 0,
      "location-after-char-end": 0,
      "node-str": "org.eclipse.ui.IWorkbenchSite"
    },
    {
      "type": "insert-node",
      "node": {
        "label": "org.eclipse.ui.IWorkbenchWindow",
        "type": "VARIABLE_TYPE"
      },
      "location-after-char-start": 0,
      "location-after-char-end": 0,
      "node-str": "org.eclipse.ui.IWorkbenchWindow"
    },
    {
      "type": "insert-node",
      "node": {
        "label": "java.util.Map",
        "type": "VARIABLE_TYPE"
      },
      "location-after-char-start": 0,
      "location-after-char-end": 0,
      "node-str": "java.util.Map"
    },
    {
      "type": "insert-node",
      "node": {
        "label": "java.util.HashMap()",
        "type": "ConstructorCall"
      },
      "location-after-char-start": 4523,
      "location-after-char-end": 4535,
      "node-str": "java.util.HashMap()"
    },
    {
      "type": "insert-node",
      "node": {
        "label": "org.eclipse.ui.internal.keys.WorkbenchKeyboard",
        "type": "VARIABLE_TYPE"
      },
      "location-after-char-start": 0,
      "location-after-char-end": 0,
      "node-str": "org.eclipse.ui.internal.keys.WorkbenchKeyboard"
    },
    {
      "type": "insert-node",
      "node": {
        "label": "boolean",
        "type": "VARIABLE_TYPE"
      },
      "location-after-char-start": 0,
      "location-after-char-end": 0,
      "node-str": "boolean"
    },
    {
      "type": "insert-node",
      "node": {
        "label": "volatile",
        "type": "Modifier"
      },
      "location-after-char-start": 0,
      "location-after-char-end": 0,
      "node-str": "volatile"
    },
    {
      "type": "insert-node",
      "node": {
        "label": "org.eclipse.ui.internal.contexts.IMutableContextManager",
        "type": "VARIABLE_TYPE"
      },
      "location-after-char-start": 0,
      "location-after-char-end": 0,
      "node-str": "org.eclipse.ui.internal.contexts.IMutableContextManager"
    },
    {
      "type": "insert-node",
      "node": {
        "label": "boolean",
        "type": "VARIABLE_TYPE"
      },
      "location-after-char-start": 0,
      "location-after-char-end": 0,
      "node-str": "boolean"
    },
    {
      "type": "insert-node",
      "node": {
        "label": "true",
        "type": "Literal"
      },
      "location-after-char-start": 7065,
      "location-after-char-end": 7068,
      "node-str": "true"
    },
    {
      "type": "insert-node",
      "node": {
        "label": "org.eclipse.ui.internal.contexts.ProxyContextManager",
        "type": "VARIABLE_TYPE"
      },
      "location-after-char-start": 0,
      "location-after-char-end": 0,
      "node-str": "org.eclipse.ui.internal.contexts.ProxyContextManager"
    },
    {
      "type": "insert-node",
      "node": {
        "label": "java.util.Map",
        "type": "VARIABLE_TYPE"
      },
      "location-after-char-start": 0,
      "location-after-char-end": 0,
      "node-str": "java.util.Map"
    },
    {
      "type": "insert-node",
      "node": {
        "label": "final",
        "type": "Modifier"
      },
      "location-after-char-start": 0,
      "location-after-char-end": 0,
      "node-str": "final"
    },
    {
      "type": "insert-node",
      "node": {
        "label": "java.util.WeakHashMap()",
        "type": "ConstructorCall"
      },
      "location-after-char-start": 7763,
      "location-after-char-end": 7779,
      "node-str": "java.util.WeakHashMap()"
    },
    {
      "type": "insert-node",
      "node": {
        "label": "org.eclipse.ui.internal.Workbench",
        "type": "VARIABLE_TYPE"
      },
      "location-after-char-start": 0,
      "location-after-char-end": 0,
      "node-str": "org.eclipse.ui.internal.Workbench"
    },
    {
      "type": "insert-node",
      "node": {
        "label": "newActivePartId",
        "type": "LocalVariable"
      },
      "location-after-char-start": 20132,
      "location-after-char-end": 20161,
      "node-str": "newActivePartId"
    },
    {
      "type": "insert-node",
      "node": {
        "label": "if",
        "type": "If"
      },
      "location-after-char-start": 21588,
      "location-after-char-end": 23081,
      "node-str": "if"
    },
    {
      "type": "update-node",
      "node": {
        "label": "org.eclipse.ui.IWorkbenchSite",
        "type": "VARIABLE_TYPE"
      },
      "location-before-char-start": 0,
      "location-before-char-end": 0,
      "location-after-char-start": 0,
      "location-after-char-end": 0,
      "node-str": "org.eclipse.ui.IWorkbenchPartSite"
    },
    {
      "type": "insert-node",
      "node": {
        "label": "java.lang.String",
        "type": "VARIABLE_TYPE"
      },
      "location-after-char-start": 0,
      "location-after-char-end": 0,
      "node-str": "java.lang.String"
    },
    {
      "type": "insert-node",
      "node": {
        "label": "null",
        "type": "Literal"
      },
      "location-after-char-start": 20157,
      "location-after-char-end": 20160,
      "node-str": "null"
    },
    {
      "type": "move-subtree",
      "node": {
        "label": "NE",
        "type": "BinaryOperator"
      },
      "location-before-char-start": 21066,
      "location-before-char-end": 21097,
      "location-after-char-start": 21592,
      "location-after-char-end": 21623,
      "node-str": "NE"
    },
    {
      "type": "move-subtree",
      "node": {
        "label": "THEN",
        "type": "then"
      },
      "location-before-char-start": 21100,
      "location-before-char-end": 21525,
      "location-after-char-start": 21626,
      "location-after-char-end": 22903,
      "node-str": "THEN"
    },
    {
      "type": "insert-node",
      "node": {
        "label": "ELSE",
        "type": "else"
      },
      "location-after-char-start": 22910,
      "location-after-char-end": 23081,
      "node-str": "ELSE"
    },
    {
      "type": "move-subtree",
      "node": {
        "label": "OR",
        "type": "BinaryOperator"
      },
      "location-before-char-start": 21540,
      "location-before-char-end": 21554,
      "location-after-char-start": 23096,
      "location-after-char-end": 23110,
      "node-str": "OR"
    },
    {
      "type": "insert-node",
      "node": {
        "label": "if",
        "type": "If"
      },
      "location-after-char-start": 22910,
      "location-after-char-end": 23081,
      "node-str": "if"
    },
    {
      "type": "insert-node",
      "node": {
        "label": "ELSE",
        "type": "else"
      },
      "location-after-char-start": 22705,
      "location-after-char-end": 22892,
      "node-str": "ELSE"
    },
    {
      "type": "move-subtree",
      "node": {
        "label": "OR",
        "type": "BinaryOperator"
      },
      "location-before-char-start": 21540,
      "location-before-char-end": 21605,
      "location-after-char-start": 22914,
      "location-after-char-end": 22968,
      "node-str": "OR"
    },
    {
      "type": "insert-node",
      "node": {
        "label": "THEN",
        "type": "then"
      },
      "location-after-char-start": 22971,
      "location-after-char-end": 23081,
      "node-str": "THEN"
    },
    {
      "type": "insert-node",
      "node": {
        "label": "if",
        "type": "If"
      },
      "location-after-char-start": 22705,
      "location-after-char-end": 22892,
      "node-str": "if"
    },
    {
      "type": "insert-node",
      "node": {
        "label": "NE",
        "type": "BinaryOperator"
      },
      "location-after-char-start": 22914,
      "location-after-char-end": 22942,
      "node-str": "NE"
    },
    {
      "type": "move-subtree",
      "node": {
        "label": "\u003d",
        "type": "Assignment"
      },
      "location-before-char-start": 21622,
      "location-before-char-end": 21666,
      "location-after-char-start": 22985,
      "location-after-char-end": 23011,
      "node-str": "\u003d"
    },
    {
      "type": "insert-node",
      "node": {
        "label": "\u003d",
        "type": "Assignment"
      },
      "location-after-char-start": 23025,
      "location-after-char-end": 23044,
      "node-str": "\u003d"
    },
    {
      "type": "insert-node",
      "node": {
        "label": "\u003d",
        "type": "Assignment"
      },
      "location-after-char-start": 23058,
      "location-after-char-end": 23071,
      "node-str": "\u003d"
    },
    {
      "type": "update-node",
      "node": {
        "label": "activeShell2",
        "type": "LocalVariable"
      },
      "location-before-char-start": 22294,
      "location-before-char-end": 22349,
      "location-after-char-start": 23747,
      "location-after-char-end": 23905,
      "node-str": "shellToMatch"
    },
    {
      "type": "update-node",
      "node": {
        "label": "activeWorkbenchSite2",
        "type": "LocalVariable"
      },
      "location-before-char-start": 22487,
      "location-before-char-end": 22600,
      "location-after-char-start": 24042,
      "location-after-char-end": 24220,
      "node-str": "siteToMatch"
    },
    {
      "type": "insert-node",
      "node": {
        "label": "partIdToMatch",
        "type": "LocalVariable"
      },
      "location-after-char-start": 24391,
      "location-after-char-end": 24551,
      "node-str": "partIdToMatch"
    },
    {
      "type": "insert-node",
      "node": {
        "label": "if",
        "type": "If"
      },
      "location-after-char-start": 24573,
      "location-after-char-end": 24727,
      "node-str": "if"
    },
    {
      "type": "insert-node",
      "node": {
        "label": "ELSE",
        "type": "else"
      },
      "location-after-char-start": 22457,
      "location-after-char-end": 22684,
      "node-str": "ELSE"
    },
    {
      "type": "insert-node",
      "node": {
        "label": "OR",
        "type": "BinaryOperator"
      },
      "location-after-char-start": 22709,
      "location-after-char-end": 22763,
      "node-str": "OR"
    },
    {
      "type": "insert-node",
      "node": {
        "label": "THEN",
        "type": "then"
      },
      "location-after-char-start": 22766,
      "location-after-char-end": 22892,
      "node-str": "THEN"
    },
    {
      "type": "insert-node",
      "node": {
        "label": "activeWorkbenchSite",
        "type": "FieldRead"
      },
      "location-after-char-start": 22915,
      "location-after-char-end": 22933,
      "node-str": "activeWorkbenchSite"
    },
    {
      "type": "insert-node",
      "node": {
        "label": "null",
        "type": "Literal"
      },
      "location-after-char-start": 22938,
      "location-after-char-end": 22941,
      "node-str": "null"
    },
    {
      "type": "update-node",
      "node": {
        "label": "activeWorkbenchSite",
        "type": "FieldRead"
      },
      "location-before-char-start": 21560,
      "location-before-char-end": 21578,
      "location-after-char-start": 22948,
      "location-after-char-end": 22959,
      "node-str": "activePartId"
    },
    {
      "type": "insert-node",
      "node": {
        "label": "null",
        "type": "Literal"
      },
      "location-after-char-start": 22964,
      "location-after-char-end": 22967,
      "node-str": "null"
    },
    {
      "type": "insert-node",
      "node": {
        "label": "null",
        "type": "Literal"
      },
      "location-after-char-start": 23007,
      "location-after-char-end": 23010,
      "node-str": "null"
    },
    {
      "type": "insert-node",
      "node": {
        "label": "activePartId",
        "type": "FieldWrite"
      },
      "location-after-char-start": 23025,
      "location-after-char-end": 23036,
      "node-str": "activePartId"
    },
    {
      "type": "insert-node",
      "node": {
        "label": "null",
        "type": "Literal"
      },
      "location-after-char-start": 23040,
      "location-after-char-end": 23043,
      "node-str": "null"
    },
    {
      "type": "insert-node",
      "node": {
        "label": "update",
        "type": "VariableWrite"
      },
      "location-after-char-start": 23058,
      "location-after-char-end": 23063,
      "node-str": "update"
    },
    {
      "type": "insert-node",
      "node": {
        "label": "true",
        "type": "Literal"
      },
      "location-after-char-start": 23067,
      "location-after-char-end": 23070,
      "node-str": "true"
    },
    {
      "type": "insert-node",
      "node": {
        "label": "final",
        "type": "Modifier"
      },
      "location-after-char-start": 0,
      "location-after-char-end": 0,
      "node-str": "final"
    },
    {
      "type": "insert-node",
      "node": {
        "label": "final",
        "type": "Modifier"
      },
      "location-after-char-start": 0,
      "location-after-char-end": 0,
      "node-str": "final"
    },
    {
      "type": "insert-node",
      "node": {
        "label": "final",
        "type": "Modifier"
      },
      "location-after-char-start": 0,
      "location-after-char-end": 0,
      "node-str": "final"
    },
    {
      "type": "insert-node",
      "node": {
        "label": "java.lang.String",
        "type": "VARIABLE_TYPE"
      },
      "location-after-char-start": 0,
      "location-after-char-end": 0,
      "node-str": "java.lang.String"
    },
    {
      "type": "insert-node",
      "node": {
        "label": "final",
        "type": "Modifier"
      },
      "location-after-char-start": 0,
      "location-after-char-end": 0,
      "node-str": "final"
    },
    {
      "type": "insert-node",
      "node": {
        "label": "getActivePartId",
        "type": "Invocation"
      },
      "location-after-char-start": 24487,
      "location-after-char-end": 24550,
      "node-str": "getActivePartId"
    },
    {
      "type": "insert-node",
      "node": {
        "label": "AND",
        "type": "BinaryOperator"
      },
      "location-after-char-start": 24577,
      "location-after-char-end": 24668,
      "node-str": "AND"
    },
    {
      "type": "insert-node",
      "node": {
        "label": "THEN",
        "type": "then"
      },
      "location-after-char-start": 24671,
      "location-after-char-end": 24727,
      "node-str": "THEN"
    },
    {
      "type": "insert-node",
      "node": {
        "label": "\u003d",
        "type": "Assignment"
      },
      "location-after-char-start": 22051,
      "location-after-char-end": 22099,
      "node-str": "\u003d"
    },
    {
      "type": "insert-node",
      "node": {
        "label": "if",
        "type": "If"
      },
      "location-after-char-start": 22121,
      "location-after-char-end": 22432,
      "node-str": "if"
    },
    {
      "type": "insert-node",
      "node": {
        "label": "if",
        "type": "If"
      },
      "location-after-char-start": 22457,
      "location-after-char-end": 22684,
      "node-str": "if"
    },
    {
      "type": "insert-node",
      "node": {
        "label": "NE",
        "type": "BinaryOperator"
      },
      "location-after-char-start": 22709,
      "location-after-char-end": 22737,
      "node-str": "NE"
    },
    {
      "type": "insert-node",
      "node": {
        "label": "NE",
        "type": "BinaryOperator"
      },
      "location-after-char-start": 22742,
      "location-after-char-end": 22763,
      "node-str": "NE"
    },
    {
      "type": "insert-node",
      "node": {
        "label": "\u003d",
        "type": "Assignment"
      },
      "location-after-char-start": 22784,
      "location-after-char-end": 22810,
      "node-str": "\u003d"
    },
    {
      "type": "insert-node",
      "node": {
        "label": "\u003d",
        "type": "Assignment"
      },
      "location-after-char-start": 22828,
      "location-after-char-end": 22847,
      "node-str": "\u003d"
    },
    {
      "type": "insert-node",
      "node": {
        "label": "\u003d",
        "type": "Assignment"
      },
      "location-after-char-start": 22865,
      "location-after-char-end": 22878,
      "node-str": "\u003d"
    },
    {
      "type": "insert-node",
      "node": {
        "label": "org.eclipse.ui.internal.contexts.ws.WorkbenchContextSupport",
        "type": "TypeAccess"
      },
      "location-after-char-start": 0,
      "location-after-char-end": 0,
      "node-str": "org.eclipse.ui.internal.contexts.ws.WorkbenchContextSupport"
    },
    {
      "type": "insert-node",
      "node": {
        "label": "org.eclipse.ui.internal.contexts.ws.WorkbenchContextSupport",
        "type": "TypeAccess"
      },
      "location-after-char-start": 0,
      "location-after-char-end": 0,
      "node-str": "org.eclipse.ui.internal.contexts.ws.WorkbenchContextSupport"
    },
    {
      "type": "insert-node",
      "node": {
        "label": "enabledSubmission",
        "type": "VariableRead"
      },
      "location-after-char-start": 24487,
      "location-after-char-end": 24503,
      "node-str": "enabledSubmission"
    },
    {
      "type": "insert-node",
      "node": {
        "label": "NE",
        "type": "BinaryOperator"
      },
      "location-after-char-start": 24577,
      "location-after-char-end": 24599,
      "node-str": "NE"
    },
    {
      "type": "insert-node",
      "node": {
        "label": "NOT",
        "type": "UnaryOperator"
      },
      "location-after-char-start": 24632,
      "location-after-char-end": 24668,
      "node-str": "NOT"
    },
    {
      "type": "insert-node",
      "node": {
        "label": "continue",
        "type": "Continue"
      },
      "location-after-char-start": 24697,
      "location-after-char-end": 24705,
      "node-str": "continue"
    },
    {
      "type": "insert-node",
      "node": {
        "label": "newActivePartId",
        "type": "VariableWrite"
      },
      "location-after-char-start": 22051,
      "location-after-char-end": 22065,
      "node-str": "newActivePartId"
    },
    {
      "type": "insert-node",
      "node": {
        "label": "getId",
        "type": "Invocation"
      },
      "location-after-char-start": 22069,
      "location-after-char-end": 22098,
      "node-str": "getId"
    },
    {
      "type": "insert-node",
      "node": {
        "label": "OR",
        "type": "BinaryOperator"
      },
      "location-after-char-start": 22125,
      "location-after-char-end": 22242,
      "node-str": "OR"
    },
    {
      "type": "insert-node",
      "node": {
        "label": "THEN",
        "type": "then"
      },
      "location-after-char-start": 22245,
      "location-after-char-end": 22432,
      "node-str": "THEN"
    },
    {
      "type": "insert-node",
      "node": {
        "label": "OR",
        "type": "BinaryOperator"
      },
      "location-after-char-start": 22461,
      "location-after-char-end": 22539,
      "node-str": "OR"
    },
    {
      "type": "insert-node",
      "node": {
        "label": "THEN",
        "type": "then"
      },
      "location-after-char-start": 22542,
      "location-after-char-end": 22684,
      "node-str": "THEN"
    },
    {
      "type": "insert-node",
      "node": {
        "label": "activeWorkbenchSite",
        "type": "FieldRead"
      },
      "location-after-char-start": 22710,
      "location-after-char-end": 22728,
      "node-str": "activeWorkbenchSite"
    },
    {
      "type": "insert-node",
      "node": {
        "label": "null",
        "type": "Literal"
      },
      "location-after-char-start": 22733,
      "location-after-char-end": 22736,
      "node-str": "null"
    },
    {
      "type": "insert-node",
      "node": {
        "label": "activePartId",
        "type": "FieldRead"
      },
      "location-after-char-start": 22743,
      "location-after-char-end": 22754,
      "node-str": "activePartId"
    },
    {
      "type": "insert-node",
      "node": {
        "label": "null",
        "type": "Literal"
      },
      "location-after-char-start": 22759,
      "location-after-char-end": 22762,
      "node-str": "null"
    },
    {
      "type": "insert-node",
      "node": {
        "label": "activeWorkbenchSite",
        "type": "FieldWrite"
      },
      "location-after-char-start": 22784,
      "location-after-char-end": 22802,
      "node-str": "activeWorkbenchSite"
    },
    {
      "type": "insert-node",
      "node": {
        "label": "null",
        "type": "Literal"
      },
      "location-after-char-start": 22806,
      "location-after-char-end": 22809,
      "node-str": "null"
    },
    {
      "type": "insert-node",
      "node": {
        "label": "activePartId",
        "type": "FieldWrite"
      },
      "location-after-char-start": 22828,
      "location-after-char-end": 22839,
      "node-str": "activePartId"
    },
    {
      "type": "insert-node",
      "node": {
        "label": "null",
        "type": "Literal"
      },
      "location-after-char-start": 22843,
      "location-after-char-end": 22846,
      "node-str": "null"
    },
    {
      "type": "insert-node",
      "node": {
        "label": "update",
        "type": "VariableWrite"
      },
      "location-after-char-start": 22865,
      "location-after-char-end": 22870,
      "node-str": "update"
    },
    {
      "type": "insert-node",
      "node": {
        "label": "true",
        "type": "Literal"
      },
      "location-after-char-start": 22874,
      "location-after-char-end": 22877,
      "node-str": "true"
    },
    {
      "type": "update-node",
      "node": {
        "label": "activeShell2",
        "type": "VariableRead"
      },
      "location-before-char-start": 22376,
      "location-before-char-end": 22387,
      "location-after-char-start": 23931,
      "location-after-char-end": 23942,
      "node-str": "shellToMatch"
    },
    {
      "type": "update-node",
      "node": {
        "label": "activeShell2",
        "type": "VariableRead"
      },
      "location-before-char-start": 22400,
      "location-before-char-end": 22411,
      "location-after-char-start": 23955,
      "location-after-char-end": 23966,
      "node-str": "shellToMatch"
    },
    {
      "type": "update-node",
      "node": {
        "label": "activeWorkbenchSite2",
        "type": "VariableRead"
      },
      "location-before-char-start": 22627,
      "location-before-char-end": 22646,
      "location-after-char-start": 24246,
      "location-after-char-end": 24256,
      "node-str": "siteToMatch"
    },
    {
      "type": "update-node",
      "node": {
        "label": "activeWorkbenchSite2",
        "type": "VariableRead"
      },
      "location-before-char-start": 22687,
      "location-before-char-end": 22706,
      "location-after-char-start": 24297,
      "location-after-char-end": 24307,
      "node-str": "siteToMatch"
    },
    {
      "type": "insert-node",
      "node": {
        "label": "partIdToMatch",
        "type": "VariableRead"
      },
      "location-after-char-start": 24578,
      "location-after-char-end": 24590,
      "node-str": "partIdToMatch"
    },
    {
      "type": "insert-node",
      "node": {
        "label": "null",
        "type": "Literal"
      },
      "location-after-char-start": 24595,
      "location-after-char-end": 24598,
      "node-str": "null"
    },
    {
      "type": "insert-node",
      "node": {
        "label": "equals",
        "type": "Invocation"
      },
      "location-after-char-start": 24634,
      "location-after-char-end": 24667,
      "node-str": "equals"
    },
    {
      "type": "insert-node",
      "node": {
        "label": "newActiveWorkbenchSite",
        "type": "VariableRead"
      },
      "location-after-char-start": 22069,
      "location-after-char-end": 22090,
      "node-str": "newActiveWorkbenchSite"
    },
    {
      "type": "insert-node",
      "node": {
        "label": "NE",
        "type": "BinaryOperator"
      },
      "location-after-char-start": 22125,
      "location-after-char-end": 22171,
      "node-str": "NE"
    },
    {
      "type": "insert-node",
      "node": {
        "label": "NOT",
        "type": "UnaryOperator"
      },
      "location-after-char-start": 22204,
      "location-after-char-end": 22242,
      "node-str": "NOT"
    },
    {
      "type": "insert-node",
      "node": {
        "label": "\u003d",
        "type": "Assignment"
      },
      "location-after-char-start": 22271,
      "location-after-char-end": 22315,
      "node-str": "\u003d"
    },
    {
      "type": "insert-node",
      "node": {
        "label": "\u003d",
        "type": "Assignment"
      },
      "location-after-char-start": 22341,
      "location-after-char-end": 22371,
      "node-str": "\u003d"
    },
    {
      "type": "insert-node",
      "node": {
        "label": "\u003d",
        "type": "Assignment"
      },
      "location-after-char-start": 22397,
      "location-after-char-end": 22410,
      "node-str": "\u003d"
    },
    {
      "type": "insert-node",
      "node": {
        "label": "NE",
        "type": "BinaryOperator"
      },
      "location-after-char-start": 22461,
      "location-after-char-end": 22489,
      "node-str": "NE"
    },
    {
      "type": "insert-node",
      "node": {
        "label": "NE",
        "type": "BinaryOperator"
      },
      "location-after-char-start": 22518,
      "location-after-char-end": 22539,
      "node-str": "NE"
    },
    {
      "type": "insert-node",
      "node": {
        "label": "\u003d",
        "type": "Assignment"
      },
      "location-after-char-start": 22564,
      "location-after-char-end": 22590,
      "node-str": "\u003d"
    },
    {
      "type": "insert-node",
      "node": {
        "label": "\u003d",
        "type": "Assignment"
      },
      "location-after-char-start": 22612,
      "location-after-char-end": 22631,
      "node-str": "\u003d"
    },
    {
      "type": "insert-node",
      "node": {
        "label": "\u003d",
        "type": "Assignment"
      },
      "location-after-char-start": 22653,
      "location-after-char-end": 22666,
      "node-str": "\u003d"
    },
    {
      "type": "insert-node",
      "node": {
        "label": "org.eclipse.ui.internal.contexts.ws.WorkbenchContextSupport",
        "type": "TypeAccess"
      },
      "location-after-char-start": 0,
      "location-after-char-end": 0,
      "node-str": "org.eclipse.ui.internal.contexts.ws.WorkbenchContextSupport"
    },
    {
      "type": "insert-node",
      "node": {
        "label": "org.eclipse.ui.internal.contexts.ws.WorkbenchContextSupport",
        "type": "TypeAccess"
      },
      "location-after-char-start": 0,
      "location-after-char-end": 0,
      "node-str": "org.eclipse.ui.internal.contexts.ws.WorkbenchContextSupport"
    },
    {
      "type": "insert-node",
      "node": {
        "label": "org.eclipse.ui.internal.contexts.ws.WorkbenchContextSupport",
        "type": "TypeAccess"
      },
      "location-after-char-start": 0,
      "location-after-char-end": 0,
      "node-str": "org.eclipse.ui.internal.contexts.ws.WorkbenchContextSupport"
    },
    {
      "type": "insert-node",
      "node": {
        "label": "org.eclipse.ui.internal.contexts.ws.WorkbenchContextSupport",
        "type": "TypeAccess"
      },
      "location-after-char-start": 0,
      "location-after-char-end": 0,
      "node-str": "org.eclipse.ui.internal.contexts.ws.WorkbenchContextSupport"
    },
    {
      "type": "insert-node",
      "node": {
        "label": "partIdToMatch",
        "type": "VariableRead"
      },
      "location-after-char-start": 24634,
      "location-after-char-end": 24646,
      "node-str": "partIdToMatch"
    },
    {
      "type": "insert-node",
      "node": {
        "label": "activePartId",
        "type": "FieldRead"
      },
      "location-after-char-start": 24655,
      "location-after-char-end": 24666,
      "node-str": "activePartId"
    },
    {
      "type": "insert-node",
      "node": {
        "label": "activeWorkbenchSite",
        "type": "FieldRead"
      },
      "location-after-char-start": 22126,
      "location-after-char-end": 22144,
      "node-str": "activeWorkbenchSite"
    },
    {
      "type": "insert-node",
      "node": {
        "label": "newActiveWorkbenchSite",
        "type": "VariableRead"
      },
      "location-after-char-start": 22149,
      "location-after-char-end": 22170,
      "node-str": "newActiveWorkbenchSite"
    },
    {
      "type": "insert-node",
      "node": {
        "label": "equals",
        "type": "Invocation"
      },
      "location-after-char-start": 22206,
      "location-after-char-end": 22241,
      "node-str": "equals"
    },
    {
      "type": "insert-node",
      "node": {
        "label": "activeWorkbenchSite",
        "type": "FieldWrite"
      },
      "location-after-char-start": 22271,
      "location-after-char-end": 22289,
      "node-str": "activeWorkbenchSite"
    },
    {
      "type": "insert-node",
      "node": {
        "label": "newActiveWorkbenchSite",
        "type": "VariableRead"
      },
      "location-after-char-start": 22293,
      "location-after-char-end": 22314,
      "node-str": "newActiveWorkbenchSite"
    },
    {
      "type": "insert-node",
      "node": {
        "label": "activePartId",
        "type": "FieldWrite"
      },
      "location-after-char-start": 22341,
      "location-after-char-end": 22352,
      "node-str": "activePartId"
    },
    {
      "type": "insert-node",
      "node": {
        "label": "newActivePartId",
        "type": "VariableRead"
      },
      "location-after-char-start": 22356,
      "location-after-char-end": 22370,
      "node-str": "newActivePartId"
    },
    {
      "type": "insert-node",
      "node": {
        "label": "update",
        "type": "VariableWrite"
      },
      "location-after-char-start": 22397,
      "location-after-char-end": 22402,
      "node-str": "update"
    },
    {
      "type": "insert-node",
      "node": {
        "label": "true",
        "type": "Literal"
      },
      "location-after-char-start": 22406,
      "location-after-char-end": 22409,
      "node-str": "true"
    },
    {
      "type": "insert-node",
      "node": {
        "label": "activeWorkbenchSite",
        "type": "FieldRead"
      },
      "location-after-char-start": 22462,
      "location-after-char-end": 22480,
      "node-str": "activeWorkbenchSite"
    },
    {
      "type": "insert-node",
      "node": {
        "label": "null",
        "type": "Literal"
      },
      "location-after-char-start": 22485,
      "location-after-char-end": 22488,
      "node-str": "null"
    },
    {
      "type": "insert-node",
      "node": {
        "label": "activePartId",
        "type": "FieldRead"
      },
      "location-after-char-start": 22519,
      "location-after-char-end": 22530,
      "node-str": "activePartId"
    },
    {
      "type": "insert-node",
      "node": {
        "label": "null",
        "type": "Literal"
      },
      "location-after-char-start": 22535,
      "location-after-char-end": 22538,
      "node-str": "null"
    },
    {
      "type": "insert-node",
      "node": {
        "label": "activeWorkbenchSite",
        "type": "FieldWrite"
      },
      "location-after-char-start": 22564,
      "location-after-char-end": 22582,
      "node-str": "activeWorkbenchSite"
    },
    {
      "type": "insert-node",
      "node": {
        "label": "null",
        "type": "Literal"
      },
      "location-after-char-start": 22586,
      "location-after-char-end": 22589,
      "node-str": "null"
    },
    {
      "type": "insert-node",
      "node": {
        "label": "activePartId",
        "type": "FieldWrite"
      },
      "location-after-char-start": 22612,
      "location-after-char-end": 22623,
      "node-str": "activePartId"
    },
    {
      "type": "insert-node",
      "node": {
        "label": "null",
        "type": "Literal"
      },
      "location-after-char-start": 22627,
      "location-after-char-end": 22630,
      "node-str": "null"
    },
    {
      "type": "insert-node",
      "node": {
        "label": "update",
        "type": "VariableWrite"
      },
      "location-after-char-start": 22653,
      "location-after-char-end": 22658,
      "node-str": "update"
    },
    {
      "type": "insert-node",
      "node": {
        "label": "true",
        "type": "Literal"
      },
      "location-after-char-start": 22662,
      "location-after-char-end": 22665,
      "node-str": "true"
    },
    {
      "type": "insert-node",
      "node": {
        "label": "org.eclipse.ui.internal.contexts.ws.WorkbenchContextSupport",
        "type": "TypeAccess"
      },
      "location-after-char-start": 0,
      "location-after-char-end": 0,
      "node-str": "org.eclipse.ui.internal.contexts.ws.WorkbenchContextSupport"
    },
    {
      "type": "insert-node",
      "node": {
        "label": "org.eclipse.ui.internal.contexts.ws.WorkbenchContextSupport",
        "type": "TypeAccess"
      },
      "location-after-char-start": 0,
      "location-after-char-end": 0,
      "node-str": "org.eclipse.ui.internal.contexts.ws.WorkbenchContextSupport"
    },
    {
      "type": "insert-node",
      "node": {
        "label": "activePartId",
        "type": "FieldRead"
      },
      "location-after-char-start": 22206,
      "location-after-char-end": 22217,
      "node-str": "activePartId"
    },
    {
      "type": "insert-node",
      "node": {
        "label": "newActivePartId",
        "type": "VariableRead"
      },
      "location-after-char-start": 22226,
      "location-after-char-end": 22240,
      "node-str": "newActivePartId"
    },
    {
      "type": "insert-node",
      "node": {
        "label": "org.eclipse.ui.internal.contexts.ws.WorkbenchContextSupport",
        "type": "TypeAccess"
      },
      "location-after-char-start": 0,
      "location-after-char-end": 0,
      "node-str": "org.eclipse.ui.internal.contexts.ws.WorkbenchContextSupport"
    },
    {
      "type": "insert-node",
      "node": {
        "label": "org.eclipse.ui.internal.contexts.ws.WorkbenchContextSupport",
        "type": "TypeAccess"
      },
      "location-after-char-start": 0,
      "location-after-char-end": 0,
      "node-str": "org.eclipse.ui.internal.contexts.ws.WorkbenchContextSupport"
    },
    {
      "type": "insert-node",
      "node": {
        "label": "org.eclipse.ui.internal.contexts.ws.WorkbenchContextSupport",
        "type": "TypeAccess"
      },
      "location-after-char-start": 0,
      "location-after-char-end": 0,
      "node-str": "org.eclipse.ui.internal.contexts.ws.WorkbenchContextSupport"
    },
    {
      "type": "insert-node",
      "node": {
        "label": "org.eclipse.ui.internal.contexts.ws.WorkbenchContextSupport",
        "type": "TypeAccess"
      },
      "location-after-char-start": 0,
      "location-after-char-end": 0,
      "node-str": "org.eclipse.ui.internal.contexts.ws.WorkbenchContextSupport"
    },
    {
      "type": "insert-node",
      "node": {
        "label": "org.eclipse.ui.internal.contexts.ws.WorkbenchContextSupport",
        "type": "TypeAccess"
      },
      "location-after-char-start": 0,
      "location-after-char-end": 0,
      "node-str": "org.eclipse.ui.internal.contexts.ws.WorkbenchContextSupport"
    },
    {
      "type": "insert-node",
      "node": {
        "label": "org.eclipse.ui.internal.contexts.ws.WorkbenchContextSupport",
        "type": "TypeAccess"
      },
      "location-after-char-start": 0,
      "location-after-char-end": 0,
      "node-str": "org.eclipse.ui.internal.contexts.ws.WorkbenchContextSupport"
    },
    {
      "type": "insert-node",
      "node": {
        "label": "org.eclipse.ui.internal.contexts.ws.WorkbenchContextSupport",
        "type": "TypeAccess"
      },
      "location-after-char-start": 0,
      "location-after-char-end": 0,
      "node-str": "org.eclipse.ui.internal.contexts.ws.WorkbenchContextSupport"
    },
    {
      "type": "delete-node",
      "node": {
        "label": "public",
        "type": "Modifier"
      },
      "location-before-char-start": 0,
      "location-before-char-end": 0,
      "node-str": "public"
    },
    {
      "type": "delete-node",
      "node": {
        "label": "org.eclipse.swt.widgets.Shell",
        "type": "VARIABLE_TYPE"
      },
      "location-before-char-start": 0,
      "location-before-char-end": 0,
      "node-str": "org.eclipse.swt.widgets.Shell"
    },
    {
      "type": "delete-node",
      "node": {
        "label": "activeShell",
        "type": "Field"
      },
      "location-before-char-start": 3681,
      "location-before-char-end": 3796,
      "node-str": "activeShell"
    },
    {
      "type": "delete-node",
      "node": {
        "label": "org.eclipse.ui.IWorkbenchSite",
        "type": "VARIABLE_TYPE"
      },
      "location-before-char-start": 0,
      "location-before-char-end": 0,
      "node-str": "org.eclipse.ui.IWorkbenchSite"
    },
    {
      "type": "delete-node",
      "node": {
        "label": "activeWorkbenchSite",
        "type": "Field"
      },
      "location-before-char-start": 3803,
      "location-before-char-end": 3845,
      "node-str": "activeWorkbenchSite"
    },
    {
      "type": "delete-node",
      "node": {
        "label": "org.eclipse.ui.IWorkbenchWindow",
        "type": "VARIABLE_TYPE"
      },
      "location-before-char-start": 0,
      "location-before-char-end": 0,
      "node-str": "org.eclipse.ui.IWorkbenchWindow"
    },
    {
      "type": "delete-node",
      "node": {
        "label": "activeWorkbenchWindow",
        "type": "Field"
      },
      "location-before-char-start": 3852,
      "location-before-char-end": 3989,
      "node-str": "activeWorkbenchWindow"
    },
    {
      "type": "delete-node",
      "node": {
        "label": "java.util.Map",
        "type": "VARIABLE_TYPE"
      },
      "location-before-char-start": 0,
      "location-before-char-end": 0,
      "node-str": "java.util.Map"
    },
    {
      "type": "delete-node",
      "node": {
        "label": "java.util.HashMap()",
        "type": "ConstructorCall"
      },
      "location-before-char-start": 4040,
      "location-before-char-end": 4052,
      "node-str": "java.util.HashMap()"
    },
    {
      "type": "delete-node",
      "node": {
        "label": "enabledSubmissionsByContextId",
        "type": "Field"
      },
      "location-before-char-start": 3996,
      "location-before-char-end": 4053,
      "node-str": "enabledSubmissionsByContextId"
    },
    {
      "type": "delete-node",
      "node": {
        "label": "org.eclipse.ui.internal.keys.WorkbenchKeyboard",
        "type": "VARIABLE_TYPE"
      },
      "location-before-char-start": 0,
      "location-before-char-end": 0,
      "node-str": "org.eclipse.ui.internal.keys.WorkbenchKeyboard"
    },
    {
      "type": "delete-node",
      "node": {
        "label": "keyboard",
        "type": "Field"
      },
      "location-before-char-start": 4060,
      "location-before-char-end": 4243,
      "node-str": "keyboard"
    },
    {
      "type": "delete-node",
      "node": {
        "label": "boolean",
        "type": "VARIABLE_TYPE"
      },
      "location-before-char-start": 0,
      "location-before-char-end": 0,
      "node-str": "boolean"
    },
    {
      "type": "delete-node",
      "node": {
        "label": "volatile",
        "type": "Modifier"
      },
      "location-before-char-start": 0,
      "location-before-char-end": 0,
      "node-str": "volatile"
    },
    {
      "type": "delete-node",
      "node": {
        "label": "keyFilterEnabled",
        "type": "Field"
      },
      "location-before-char-start": 4250,
      "location-before-char-end": 4477,
      "node-str": "keyFilterEnabled"
    },
    {
      "type": "delete-node",
      "node": {
        "label": "org.eclipse.ui.internal.contexts.IMutableContextManager",
        "type": "VARIABLE_TYPE"
      },
      "location-before-char-start": 0,
      "location-before-char-end": 0,
      "node-str": "org.eclipse.ui.internal.contexts.IMutableContextManager"
    },
    {
      "type": "delete-node",
      "node": {
        "label": "mutableContextManager",
        "type": "Field"
      },
      "location-before-char-start": 4484,
      "location-before-char-end": 4536,
      "node-str": "mutableContextManager"
    },
    {
      "type": "delete-node",
      "node": {
        "label": "boolean",
        "type": "VARIABLE_TYPE"
      },
      "location-before-char-start": 0,
      "location-before-char-end": 0,
      "node-str": "boolean"
    },
    {
      "type": "delete-node",
      "node": {
        "label": "true",
        "type": "Literal"
      },
      "location-before-char-start": 6582,
      "location-before-char-end": 6585,
      "node-str": "true"
    },
    {
      "type": "delete-node",
      "node": {
        "label": "processing",
        "type": "Field"
      },
      "location-before-char-start": 6153,
      "location-before-char-end": 6586,
      "node-str": "processing"
    },
    {
      "type": "delete-node",
      "node": {
        "label": "org.eclipse.ui.internal.contexts.ProxyContextManager",
        "type": "VARIABLE_TYPE"
      },
      "location-before-char-start": 0,
      "location-before-char-end": 0,
      "node-str": "org.eclipse.ui.internal.contexts.ProxyContextManager"
    },
    {
      "type": "delete-node",
      "node": {
        "label": "proxyContextManager",
        "type": "Field"
      },
      "location-before-char-start": 6593,
      "location-before-char-end": 6640,
      "node-str": "proxyContextManager"
    },
    {
      "type": "delete-node",
      "node": {
        "label": "java.util.Map",
        "type": "VARIABLE_TYPE"
      },
      "location-before-char-start": 0,
      "location-before-char-end": 0,
      "node-str": "java.util.Map"
    },
    {
      "type": "delete-node",
      "node": {
        "label": "final",
        "type": "Modifier"
      },
      "location-before-char-start": 0,
      "location-before-char-end": 0,
      "node-str": "final"
    },
    {
      "type": "delete-node",
      "node": {
        "label": "java.util.WeakHashMap()",
        "type": "ConstructorCall"
      },
      "location-before-char-start": 7280,
      "location-before-char-end": 7296,
      "node-str": "java.util.WeakHashMap()"
    },
    {
      "type": "delete-node",
      "node": {
        "label": "registeredWindows",
        "type": "Field"
      },
      "location-before-char-start": 6647,
      "location-before-char-end": 7297,
      "node-str": "registeredWindows"
    },
    {
      "type": "delete-node",
      "node": {
        "label": "org.eclipse.ui.internal.Workbench",
        "type": "VARIABLE_TYPE"
      },
      "location-before-char-start": 0,
      "location-before-char-end": 0,
      "node-str": "org.eclipse.ui.internal.Workbench"
    },
    {
      "type": "delete-node",
      "node": {
        "label": "workbench",
        "type": "Field"
      },
      "location-before-char-start": 7304,
      "location-before-char-end": 7331,
      "node-str": "workbench"
    },
    {
      "type": "delete-node",
      "node": {
        "label": "newActiveWorkbenchSite",
        "type": "VariableRead"
      },
      "location-before-char-start": 21583,
      "location-before-char-end": 21604,
      "node-str": "newActiveWorkbenchSite"
    },
    {
      "type": "delete-node",
      "node": {
        "label": "newActiveWorkbenchSite",
        "type": "VariableRead"
      },
      "location-before-char-start": 21644,
      "location-before-char-end": 21665,
      "node-str": "newActiveWorkbenchSite"
    },
    {
      "type": "delete-node",
      "node": {
        "label": "if",
        "type": "If"
      },
      "location-before-char-start": 21062,
      "location-before-char-end": 21525,
      "node-str": "if"
    }
  ],
  "before-file": {},
  "after-file": {},
  "mapping": {}
}