{
  "tool-info": {},
  "diff": [
    {
      "type": "insert-node",
      "node": {
        "label": "",
        "type": "ImportDeclaration"
      },
      "location-after-char-start": 287,
      "location-after-char-end": 309,
      "node-str": ""
    },
    {
      "type": "insert-node",
      "node": {
        "label": "org.junit.Test",
        "type": "QualifiedName"
      },
      "location-after-char-start": 294,
      "location-after-char-end": 308,
      "node-str": "org.junit.Test"
    },
    {
      "type": "insert-node",
      "node": {
        "label": "",
        "type": "MethodDeclaration"
      },
      "location-after-char-start": 2126,
      "location-after-char-end": 2369,
      "node-str": ""
    },
    {
      "type": "insert-node",
      "node": {
        "label": "",
        "type": "MarkerAnnotation"
      },
      "location-after-char-start": 2126,
      "location-after-char-end": 2131,
      "node-str": ""
    },
    {
      "type": "insert-node",
      "node": {
        "label": "public",
        "type": "Modifier"
      },
      "location-after-char-start": 2133,
      "location-after-char-end": 2139,
      "node-str": "public"
    },
    {
      "type": "insert-node",
      "node": {
        "label": "void",
        "type": "PrimitiveType"
      },
      "location-after-char-start": 2140,
      "location-after-char-end": 2144,
      "node-str": "void"
    },
    {
      "type": "insert-node",
      "node": {
        "label": "canJoinWhenToStringFails",
        "type": "SimpleName"
      },
      "location-after-char-start": 2145,
      "location-after-char-end": 2169,
      "node-str": "canJoinWhenToStringFails"
    },
    {
      "type": "insert-node",
      "node": {
        "label": "",
        "type": "Block"
      },
      "location-after-char-start": 2172,
      "location-after-char-end": 2369,
      "node-str": ""
    },
    {
      "type": "insert-node",
      "node": {
        "label": "Test",
        "type": "SimpleName"
      },
      "location-after-char-start": 2127,
      "location-after-char-end": 2131,
      "node-str": "Test"
    },
    {
      "type": "insert-node",
      "node": {
        "label": "",
        "type": "ExpressionStatement"
      },
      "location-after-char-start": 2176,
      "location-after-char-end": 2366,
      "node-str": ""
    },
    {
      "type": "insert-node",
      "node": {
        "label": "",
        "type": "MethodInvocation"
      },
      "location-after-char-start": 2176,
      "location-after-char-end": 2365,
      "node-str": ""
    },
    {
      "type": "insert-node",
      "node": {
        "label": "assertThat",
        "type": "SimpleName"
      },
      "location-after-char-start": 2176,
      "location-after-char-end": 2186,
      "node-str": "assertThat"
    },
    {
      "type": "insert-node",
      "node": {
        "label": "",
        "type": "METHOD_INVOCATION_ARGUMENTS"
      },
      "location-after-char-start": 2187,
      "location-after-char-end": 2364,
      "node-str": ""
    },
    {
      "type": "insert-node",
      "node": {
        "label": "",
        "type": "MethodInvocation"
      },
      "location-after-char-start": 2187,
      "location-after-char-end": 2339,
      "node-str": ""
    },
    {
      "type": "insert-node",
      "node": {
        "label": "",
        "type": "MethodInvocation"
      },
      "location-after-char-start": 2341,
      "location-after-char-end": 2364,
      "node-str": ""
    },
    {
      "type": "insert-node",
      "node": {
        "label": "",
        "type": "METHOD_INVOCATION_RECEIVER"
      },
      "location-after-char-start": 2187,
      "location-after-char-end": 2214,
      "node-str": ""
    },
    {
      "type": "insert-node",
      "node": {
        "label": "join",
        "type": "SimpleName"
      },
      "location-after-char-start": 2215,
      "location-after-char-end": 2219,
      "node-str": "join"
    },
    {
      "type": "insert-node",
      "node": {
        "label": "",
        "type": "METHOD_INVOCATION_ARGUMENTS"
      },
      "location-after-char-start": 2220,
      "location-after-char-end": 2338,
      "node-str": ""
    },
    {
      "type": "insert-node",
      "node": {
        "label": "is",
        "type": "SimpleName"
      },
      "location-after-char-start": 2341,
      "location-after-char-end": 2343,
      "node-str": "is"
    },
    {
      "type": "insert-node",
      "node": {
        "label": "",
        "type": "METHOD_INVOCATION_ARGUMENTS"
      },
      "location-after-char-start": 2344,
      "location-after-char-end": 2363,
      "node-str": ""
    },
    {
      "type": "insert-node",
      "node": {
        "label": "ParameterizedAssertionError",
        "type": "SimpleName"
      },
      "location-after-char-start": 2187,
      "location-after-char-end": 2214,
      "node-str": "ParameterizedAssertionError"
    },
    {
      "type": "insert-node",
      "node": {
        "label": "\" \"",
        "type": "StringLiteral"
      },
      "location-after-char-start": 2220,
      "location-after-char-end": 2223,
      "node-str": "\" \""
    },
    {
      "type": "insert-node",
      "node": {
        "label": "",
        "type": "ClassInstanceCreation"
      },
      "location-after-char-start": 2225,
      "location-after-char-end": 2338,
      "node-str": ""
    },
    {
      "type": "insert-node",
      "node": {
        "label": "\"[toString failed]\"",
        "type": "StringLiteral"
      },
      "location-after-char-start": 2344,
      "location-after-char-end": 2363,
      "node-str": "\"[toString failed]\""
    },
    {
      "type": "insert-node",
      "node": {
        "label": "",
        "type": "SimpleType"
      },
      "location-after-char-start": 2229,
      "location-after-char-end": 2235,
      "node-str": ""
    },
    {
      "type": "insert-node",
      "node": {
        "label": "",
        "type": "AnonymousClassDeclaration"
      },
      "location-after-char-start": 2238,
      "location-after-char-end": 2338,
      "node-str": ""
    },
    {
      "type": "insert-node",
      "node": {
        "label": "Object",
        "type": "SimpleName"
      },
      "location-after-char-start": 2229,
      "location-after-char-end": 2235,
      "node-str": "Object"
    },
    {
      "type": "insert-node",
      "node": {
        "label": "",
        "type": "MethodDeclaration"
      },
      "location-after-char-start": 2243,
      "location-after-char-end": 2334,
      "node-str": ""
    },
    {
      "type": "insert-node",
      "node": {
        "label": "",
        "type": "MarkerAnnotation"
      },
      "location-after-char-start": 2243,
      "location-after-char-end": 2252,
      "node-str": ""
    },
    {
      "type": "insert-node",
      "node": {
        "label": "public",
        "type": "Modifier"
      },
      "location-after-char-start": 2256,
      "location-after-char-end": 2262,
      "node-str": "public"
    },
    {
      "type": "insert-node",
      "node": {
        "label": "",
        "type": "SimpleType"
      },
      "location-after-char-start": 2263,
      "location-after-char-end": 2269,
      "node-str": ""
    },
    {
      "type": "insert-node",
      "node": {
        "label": "toString",
        "type": "SimpleName"
      },
      "location-after-char-start": 2270,
      "location-after-char-end": 2278,
      "node-str": "toString"
    },
    {
      "type": "insert-node",
      "node": {
        "label": "",
        "type": "Block"
      },
      "location-after-char-start": 2281,
      "location-after-char-end": 2334,
      "node-str": ""
    },
    {
      "type": "insert-node",
      "node": {
        "label": "Override",
        "type": "SimpleName"
      },
      "location-after-char-start": 2244,
      "location-after-char-end": 2252,
      "node-str": "Override"
    },
    {
      "type": "insert-node",
      "node": {
        "label": "String",
        "type": "SimpleName"
      },
      "location-after-char-start": 2263,
      "location-after-char-end": 2269,
      "node-str": "String"
    },
    {
      "type": "insert-node",
      "node": {
        "label": "",
        "type": "ThrowStatement"
      },
      "location-after-char-start": 2287,
      "location-after-char-end": 2329,
      "node-str": ""
    },
    {
      "type": "insert-node",
      "node": {
        "label": "",
        "type": "ClassInstanceCreation"
      },
      "location-after-char-start": 2293,
      "location-after-char-end": 2328,
      "node-str": ""
    },
    {
      "type": "insert-node",
      "node": {
        "label": "",
        "type": "SimpleType"
      },
      "location-after-char-start": 2297,
      "location-after-char-end": 2326,
      "node-str": ""
    },
    {
      "type": "insert-node",
      "node": {
        "label": "UnsupportedOperationException",
        "type": "SimpleName"
      },
      "location-after-char-start": 2297,
      "location-after-char-end": 2326,
      "node-str": "UnsupportedOperationException"
    }
  ],
  "before-file": {},
  "after-file": {},
  "mapping": {}
}