{
  "tool-info": {},
  "diff": [
    {
      "type": "insert-node",
      "node": {
        "label": "public",
        "type": "Modifier"
      },
      "location-after-char-start": 0,
      "location-after-char-end": 0,
      "node-str": "public"
    },
    {
      "type": "insert-node",
      "node": {
        "label": "",
        "type": "TypeReference"
      },
      "location-after-char-start": 2594,
      "location-after-char-end": 2607,
      "node-str": ""
    },
    {
      "type": "insert-node",
      "node": {
        "label": "LOG",
        "type": "Field"
      },
      "location-after-char-start": 2613,
      "location-after-char-end": 2742,
      "node-str": "LOG"
    },
    {
      "type": "insert-node",
      "node": {
        "label": "header",
        "type": "Field"
      },
      "location-after-char-start": 2746,
      "location-after-char-end": 2774,
      "node-str": "header"
    },
    {
      "type": "insert-node",
      "node": {
        "label": "mimePartTree",
        "type": "Field"
      },
      "location-after-char-start": 2778,
      "location-after-char-end": 2807,
      "node-str": "mimePartTree"
    },
    {
      "type": "insert-node",
      "node": {
        "label": "pgpMode",
        "type": "Field"
      },
      "location-after-char-start": 2811,
      "location-after-char-end": 2867,
      "node-str": "pgpMode"
    },
    {
      "type": "insert-node",
      "node": {
        "label": "encryptedMessage",
        "type": "Field"
      },
      "location-after-char-start": 2871,
      "location-after-char-end": 2952,
      "node-str": "encryptedMessage"
    },
    {
      "type": "insert-node",
      "node": {
        "label": "pgpMessage",
        "type": "Field"
      },
      "location-after-char-start": 2956,
      "location-after-char-end": 2986,
      "node-str": "pgpMessage"
    },
    {
      "type": "insert-node",
      "node": {
        "label": "decryptedStream",
        "type": "Field"
      },
      "location-after-char-start": 2990,
      "location-after-char-end": 3025,
      "node-str": "decryptedStream"
    },
    {
      "type": "insert-node",
      "node": {
        "label": "message",
        "type": "Field"
      },
      "location-after-char-start": 3029,
      "location-after-char-end": 3059,
      "node-str": "message"
    },
    {
      "type": "insert-node",
      "node": {
        "label": "listeners",
        "type": "Field"
      },
      "location-after-char-start": 3063,
      "location-after-char-end": 3085,
      "node-str": "listeners"
    },
    {
      "type": "insert-node",
      "node": {
        "label": "\u003cinit\u003e",
        "type": "Constructor"
      },
      "location-after-char-start": 3089,
      "location-after-char-end": 3191,
      "node-str": "\u003cinit\u003e"
    },
    {
      "type": "insert-node",
      "node": {
        "label": "addSecurityStatusListener",
        "type": "Method"
      },
      "location-after-char-start": 3195,
      "location-after-char-end": 3282,
      "node-str": "addSecurityStatusListener"
    },
    {
      "type": "insert-node",
      "node": {
        "label": "fireSecurityStatusEvent",
        "type": "Method"
      },
      "location-after-char-start": 3286,
      "location-after-char-end": 3505,
      "node-str": "fireSecurityStatusEvent"
    },
    {
      "type": "insert-node",
      "node": {
        "label": "org.columba.mail.gui.message.filter.AbstractFilter",
        "type": "SUPER_TYPE"
      },
      "location-after-char-start": 0,
      "location-after-char-end": 0,
      "node-str": "org.columba.mail.gui.message.filter.AbstractFilter"
    },
    {
      "type": "insert-node",
      "node": {
        "label": "java.util.logging.Logger",
        "type": "VARIABLE_TYPE"
      },
      "location-after-char-start": 0,
      "location-after-char-end": 0,
      "node-str": "java.util.logging.Logger"
    },
    {
      "type": "insert-node",
      "node": {
        "label": "final",
        "type": "Modifier"
      },
      "location-after-char-start": 0,
      "location-after-char-end": 0,
      "node-str": "final"
    },
    {
      "type": "insert-node",
      "node": {
        "label": "static",
        "type": "Modifier"
      },
      "location-after-char-start": 0,
      "location-after-char-end": 0,
      "node-str": "static"
    },
    {
      "type": "insert-node",
      "node": {
        "label": "getLogger",
        "type": "Invocation"
      },
      "location-after-char-start": 2665,
      "location-after-char-end": 2741,
      "node-str": "getLogger"
    },
    {
      "type": "insert-node",
      "node": {
        "label": "org.columba.mail.message.ColumbaHeader",
        "type": "VARIABLE_TYPE"
      },
      "location-after-char-start": 0,
      "location-after-char-end": 0,
      "node-str": "org.columba.mail.message.ColumbaHeader"
    },
    {
      "type": "insert-node",
      "node": {
        "label": "org.columba.ristretto.message.MimeTree",
        "type": "VARIABLE_TYPE"
      },
      "location-after-char-start": 0,
      "location-after-char-end": 0,
      "node-str": "org.columba.ristretto.message.MimeTree"
    },
    {
      "type": "insert-node",
      "node": {
        "label": "int",
        "type": "VARIABLE_TYPE"
      },
      "location-after-char-start": 0,
      "location-after-char-end": 0,
      "node-str": "int"
    },
    {
      "type": "insert-node",
      "node": {
        "label": "NOOP",
        "type": "FieldRead"
      },
      "location-after-char-start": 2833,
      "location-after-char-end": 2866,
      "node-str": "NOOP"
    },
    {
      "type": "insert-node",
      "node": {
        "label": "boolean",
        "type": "VARIABLE_TYPE"
      },
      "location-after-char-start": 0,
      "location-after-char-end": 0,
      "node-str": "boolean"
    },
    {
      "type": "insert-node",
      "node": {
        "label": "false",
        "type": "Literal"
      },
      "location-after-char-start": 2947,
      "location-after-char-end": 2951,
      "node-str": "false"
    },
    {
      "type": "insert-node",
      "node": {
        "label": "java.lang.String",
        "type": "VARIABLE_TYPE"
      },
      "location-after-char-start": 0,
      "location-after-char-end": 0,
      "node-str": "java.lang.String"
    },
    {
      "type": "insert-node",
      "node": {
        "label": "\"\"",
        "type": "Literal"
      },
      "location-after-char-start": 2984,
      "location-after-char-end": 2985,
      "node-str": "\"\""
    },
    {
      "type": "insert-node",
      "node": {
        "label": "java.io.InputStream",
        "type": "VARIABLE_TYPE"
      },
      "location-after-char-start": 0,
      "location-after-char-end": 0,
      "node-str": "java.io.InputStream"
    },
    {
      "type": "insert-node",
      "node": {
        "label": "org.columba.mail.message.ColumbaMessage",
        "type": "VARIABLE_TYPE"
      },
      "location-after-char-start": 0,
      "location-after-char-end": 0,
      "node-str": "org.columba.mail.message.ColumbaMessage"
    },
    {
      "type": "insert-node",
      "node": {
        "label": "java.util.List",
        "type": "VARIABLE_TYPE"
      },
      "location-after-char-start": 0,
      "location-after-char-end": 0,
      "node-str": "java.util.List"
    },
    {
      "type": "insert-node",
      "node": {
        "label": "public",
        "type": "Modifier"
      },
      "location-after-char-start": 0,
      "location-after-char-end": 0,
      "node-str": "public"
    },
    {
      "type": "insert-node",
      "node": {
        "label": "mediator",
        "type": "Parameter"
      },
      "location-after-char-start": 3113,
      "location-after-char-end": 3134,
      "node-str": "mediator"
    },
    {
      "type": "insert-node",
      "node": {
        "label": "\u003cinit\u003e",
        "type": "Invocation"
      },
      "location-after-char-start": 3141,
      "location-after-char-end": 3156,
      "node-str": "\u003cinit\u003e"
    },
    {
      "type": "insert-node",
      "node": {
        "label": "\u003d",
        "type": "Assignment"
      },
      "location-after-char-start": 3161,
      "location-after-char-end": 3188,
      "node-str": "\u003d"
    },
    {
      "type": "insert-node",
      "node": {
        "label": "void",
        "type": "RETURN_TYPE"
      },
      "location-after-char-start": 0,
      "location-after-char-end": 0,
      "node-str": "void"
    },
    {
      "type": "insert-node",
      "node": {
        "label": "public",
        "type": "Modifier"
      },
      "location-after-char-start": 0,
      "location-after-char-end": 0,
      "node-str": "public"
    },
    {
      "type": "insert-node",
      "node": {
        "label": "l",
        "type": "Parameter"
      },
      "location-after-char-start": 3233,
      "location-after-char-end": 3256,
      "node-str": "l"
    },
    {
      "type": "insert-node",
      "node": {
        "label": "add",
        "type": "Invocation"
      },
      "location-after-char-start": 3263,
      "location-after-char-end": 3279,
      "node-str": "add"
    },
    {
      "type": "insert-node",
      "node": {
        "label": "void",
        "type": "RETURN_TYPE"
      },
      "location-after-char-start": 0,
      "location-after-char-end": 0,
      "node-str": "void"
    },
    {
      "type": "insert-node",
      "node": {
        "label": "public",
        "type": "Modifier"
      },
      "location-after-char-start": 0,
      "location-after-char-end": 0,
      "node-str": "public"
    },
    {
      "type": "insert-node",
      "node": {
        "label": "ev",
        "type": "Parameter"
      },
      "location-after-char-start": 3322,
      "location-after-char-end": 3343,
      "node-str": "ev"
    },
    {
      "type": "insert-node",
      "node": {
        "label": "it",
        "type": "LocalVariable"
      },
      "location-after-char-start": 3350,
      "location-after-char-end": 3384,
      "node-str": "it"
    },
    {
      "type": "insert-node",
      "node": {
        "label": "while",
        "type": "While"
      },
      "location-after-char-start": 3388,
      "location-after-char-end": 3502,
      "node-str": "while"
    },
    {
      "type": "insert-node",
      "node": {
        "label": "org.columba.mail.command.FolderCommandReference",
        "type": "RETURN_TYPE"
      },
      "location-after-char-start": 0,
      "location-after-char-end": 0,
      "node-str": "org.columba.mail.command.FolderCommandReference"
    },
    {
      "type": "insert-node",
      "node": {
        "label": "java.lang.Exception",
        "type": "THROWS"
      },
      "location-after-char-start": 0,
      "location-after-char-end": 0,
      "node-str": "java.lang.Exception"
    },
    {
      "type": "insert-node",
      "node": {
        "label": "java.io.IOException",
        "type": "THROWS"
      },
      "location-after-char-start": 0,
      "location-after-char-end": 0,
      "node-str": "java.io.IOException"
    },
    {
      "type": "insert-node",
      "node": {
        "label": "folder",
        "type": "Parameter"
      },
      "location-after-char-start": 5607,
      "location-after-char-end": 5634,
      "node-str": "folder"
    },
    {
      "type": "insert-node",
      "node": {
        "label": "uid",
        "type": "Parameter"
      },
      "location-after-char-start": 5637,
      "location-after-char-end": 5646,
      "node-str": "uid"
    },
    {
      "type": "insert-node",
      "node": {
        "label": "pgpActive",
        "type": "Parameter"
      },
      "location-after-char-start": 5652,
      "location-after-char-end": 5668,
      "node-str": "pgpActive"
    },
    {
      "type": "insert-node",
      "node": {
        "label": "decryptedStream",
        "type": "LocalVariable"
      },
      "location-after-char-start": 5705,
      "location-after-char-end": 5739,
      "node-str": "decryptedStream"
    },
    {
      "type": "insert-node",
      "node": {
        "label": "fine",
        "type": "Invocation"
      },
      "location-after-char-start": 5743,
      "location-after-char-end": 5771,
      "node-str": "fine"
    },
    {
      "type": "insert-node",
      "node": {
        "label": "return",
        "type": "Return"
      },
      "location-after-char-start": 10110,
      "location-after-char-end": 10121,
      "node-str": "return"
    },
    {
      "type": "insert-node",
      "node": {
        "label": "java.util.logging.Logger",
        "type": "TypeAccess"
      },
      "location-after-char-start": 2665,
      "location-after-char-end": 2688,
      "node-str": "java.util.logging.Logger"
    },
    {
      "type": "insert-node",
      "node": {
        "label": "\"org.columba.mail.gui.message.filter\"",
        "type": "Literal"
      },
      "location-after-char-start": 2704,
      "location-after-char-end": 2740,
      "node-str": "\"org.columba.mail.gui.message.filter\""
    },
    {
      "type": "insert-node",
      "node": {
        "label": "org.columba.mail.gui.message.viewer.SecurityInformationController",
        "type": "TypeAccess"
      },
      "location-after-char-start": 0,
      "location-after-char-end": 0,
      "node-str": "org.columba.mail.gui.message.viewer.SecurityInformationController"
    },
    {
      "type": "insert-node",
      "node": {
        "label": "org.columba.core.gui.frame.FrameMediator",
        "type": "VARIABLE_TYPE"
      },
      "location-after-char-start": 0,
      "location-after-char-end": 0,
      "node-str": "org.columba.core.gui.frame.FrameMediator"
    },
    {
      "type": "insert-node",
      "node": {
        "label": "mediator",
        "type": "VariableRead"
      },
      "location-after-char-start": 3147,
      "location-after-char-end": 3154,
      "node-str": "mediator"
    },
    {
      "type": "insert-node",
      "node": {
        "label": "listeners",
        "type": "FieldWrite"
      },
      "location-after-char-start": 3161,
      "location-after-char-end": 3169,
      "node-str": "listeners"
    },
    {
      "type": "insert-node",
      "node": {
        "label": "java.util.ArrayList()",
        "type": "ConstructorCall"
      },
      "location-after-char-start": 3173,
      "location-after-char-end": 3187,
      "node-str": "java.util.ArrayList()"
    },
    {
      "type": "insert-node",
      "node": {
        "label": "org.columba.mail.gui.message.filter.SecurityStatusListener",
        "type": "VARIABLE_TYPE"
      },
      "location-after-char-start": 0,
      "location-after-char-end": 0,
      "node-str": "org.columba.mail.gui.message.filter.SecurityStatusListener"
    },
    {
      "type": "insert-node",
      "node": {
        "label": "listeners",
        "type": "FieldRead"
      },
      "location-after-char-start": 3263,
      "location-after-char-end": 3271,
      "node-str": "listeners"
    },
    {
      "type": "insert-node",
      "node": {
        "label": "l",
        "type": "VariableRead"
      },
      "location-after-char-start": 3277,
      "location-after-char-end": 3277,
      "node-str": "l"
    },
    {
      "type": "insert-node",
      "node": {
        "label": "org.columba.mail.gui.message.filter.SecurityStatusEvent",
        "type": "VARIABLE_TYPE"
      },
      "location-after-char-start": 0,
      "location-after-char-end": 0,
      "node-str": "org.columba.mail.gui.message.filter.SecurityStatusEvent"
    },
    {
      "type": "insert-node",
      "node": {
        "label": "java.util.Iterator",
        "type": "VARIABLE_TYPE"
      },
      "location-after-char-start": 0,
      "location-after-char-end": 0,
      "node-str": "java.util.Iterator"
    },
    {
      "type": "insert-node",
      "node": {
        "label": "iterator",
        "type": "Invocation"
      },
      "location-after-char-start": 3364,
      "location-after-char-end": 3383,
      "node-str": "iterator"
    },
    {
      "type": "insert-node",
      "node": {
        "label": "hasNext",
        "type": "Invocation"
      },
      "location-after-char-start": 3395,
      "location-after-char-end": 3406,
      "node-str": "hasNext"
    },
    {
      "type": "insert-node",
      "node": {
        "label": "l",
        "type": "LocalVariable"
      },
      "location-after-char-start": 3414,
      "location-after-char-end": 3475,
      "node-str": "l"
    },
    {
      "type": "insert-node",
      "node": {
        "label": "statusUpdate",
        "type": "Invocation"
      },
      "location-after-char-start": 3480,
      "location-after-char-end": 3498,
      "node-str": "statusUpdate"
    },
    {
      "type": "update-node",
      "node": {
        "label": "org.columba.mail.folder.MessageFolder",
        "type": "VARIABLE_TYPE"
      },
      "location-before-char-start": 0,
      "location-before-char-end": 0,
      "location-after-char-start": 0,
      "location-after-char-end": 0,
      "node-str": "org.columba.mail.folder.AbstractMessageFolder"
    },
    {
      "type": "insert-node",
      "node": {
        "label": "org.columba.mail.folder.AbstractMessageFolder",
        "type": "VARIABLE_TYPE"
      },
      "location-after-char-start": 0,
      "location-after-char-end": 0,
      "node-str": "org.columba.mail.folder.AbstractMessageFolder"
    },
    {
      "type": "insert-node",
      "node": {
        "label": "java.lang.Object",
        "type": "VARIABLE_TYPE"
      },
      "location-after-char-start": 0,
      "location-after-char-end": 0,
      "node-str": "java.lang.Object"
    },
    {
      "type": "insert-node",
      "node": {
        "label": "boolean",
        "type": "VARIABLE_TYPE"
      },
      "location-after-char-start": 0,
      "location-after-char-end": 0,
      "node-str": "boolean"
    },
    {
      "type": "insert-node",
      "node": {
        "label": "java.io.InputStream",
        "type": "VARIABLE_TYPE"
      },
      "location-after-char-start": 0,
      "location-after-char-end": 0,
      "node-str": "java.io.InputStream"
    },
    {
      "type": "insert-node",
      "node": {
        "label": "null",
        "type": "Literal"
      },
      "location-after-char-start": 5735,
      "location-after-char-end": 5738,
      "node-str": "null"
    },
    {
      "type": "insert-node",
      "node": {
        "label": "LOG",
        "type": "FieldRead"
      },
      "location-after-char-start": 5743,
      "location-after-char-end": 5745,
      "node-str": "LOG"
    },
    {
      "type": "insert-node",
      "node": {
        "label": "\"start decrypting\"",
        "type": "Literal"
      },
      "location-after-char-start": 5752,
      "location-after-char-end": 5769,
      "node-str": "\"start decrypting\""
    },
    {
      "type": "insert-node",
      "node": {
        "label": "null",
        "type": "Literal"
      },
      "location-after-char-start": 10117,
      "location-after-char-end": 10120,
      "node-str": "null"
    },
    {
      "type": "update-node",
      "node": {
        "label": "org.columba.mail.folder.MessageFolder",
        "type": "VARIABLE_TYPE"
      },
      "location-before-char-start": 0,
      "location-before-char-end": 0,
      "location-after-char-start": 0,
      "location-after-char-end": 0,
      "node-str": "org.columba.mail.folder.AbstractMessageFolder"
    },
    {
      "type": "insert-node",
      "node": {
        "label": "org.columba.mail.gui.message.filter.PGPMessageFilter",
        "type": "TypeAccess"
      },
      "location-after-char-start": 0,
      "location-after-char-end": 0,
      "node-str": "org.columba.mail.gui.message.filter.PGPMessageFilter"
    },
    {
      "type": "insert-node",
      "node": {
        "label": "org.columba.mail.gui.message.filter.PGPMessageFilter",
        "type": "TypeAccess"
      },
      "location-after-char-start": 0,
      "location-after-char-end": 0,
      "node-str": "org.columba.mail.gui.message.filter.PGPMessageFilter"
    },
    {
      "type": "insert-node",
      "node": {
        "label": "listeners",
        "type": "FieldRead"
      },
      "location-after-char-start": 3364,
      "location-after-char-end": 3372,
      "node-str": "listeners"
    },
    {
      "type": "insert-node",
      "node": {
        "label": "it",
        "type": "VariableRead"
      },
      "location-after-char-start": 3395,
      "location-after-char-end": 3396,
      "node-str": "it"
    },
    {
      "type": "insert-node",
      "node": {
        "label": "org.columba.mail.gui.message.filter.SecurityStatusListener",
        "type": "VARIABLE_TYPE"
      },
      "location-after-char-start": 0,
      "location-after-char-end": 0,
      "node-str": "org.columba.mail.gui.message.filter.SecurityStatusListener"
    },
    {
      "type": "insert-node",
      "node": {
        "label": "next",
        "type": "Invocation"
      },
      "location-after-char-start": 3441,
      "location-after-char-end": 3474,
      "node-str": "next"
    },
    {
      "type": "insert-node",
      "node": {
        "label": "l",
        "type": "VariableRead"
      },
      "location-after-char-start": 3480,
      "location-after-char-end": 3480,
      "node-str": "l"
    },
    {
      "type": "insert-node",
      "node": {
        "label": "ev",
        "type": "VariableRead"
      },
      "location-after-char-start": 3495,
      "location-after-char-end": 3496,
      "node-str": "ev"
    },
    {
      "type": "insert-node",
      "node": {
        "label": "org.columba.mail.gui.message.filter.PGPMessageFilter",
        "type": "TypeAccess"
      },
      "location-after-char-start": 0,
      "location-after-char-end": 0,
      "node-str": "org.columba.mail.gui.message.filter.PGPMessageFilter"
    },
    {
      "type": "insert-node",
      "node": {
        "label": "it",
        "type": "VariableRead"
      },
      "location-after-char-start": 3466,
      "location-after-char-end": 3467,
      "node-str": "it"
    },
    {
      "type": "delete-node",
      "node": {
        "label": "public",
        "type": "Modifier"
      },
      "location-before-char-start": 0,
      "location-before-char-end": 0,
      "node-str": "public"
    },
    {
      "type": "delete-node",
      "node": {
        "label": "org.columba.mail.gui.message.filter.AbstractFilter",
        "type": "SUPER_TYPE"
      },
      "location-before-char-start": 0,
      "location-before-char-end": 0,
      "node-str": "org.columba.mail.gui.message.filter.AbstractFilter"
    },
    {
      "type": "delete-node",
      "node": {
        "label": "",
        "type": "TypeReference"
      },
      "location-before-char-start": 2586,
      "location-before-char-end": 2599,
      "node-str": ""
    },
    {
      "type": "delete-node",
      "node": {
        "label": "java.util.logging.Logger",
        "type": "VARIABLE_TYPE"
      },
      "location-before-char-start": 0,
      "location-before-char-end": 0,
      "node-str": "java.util.logging.Logger"
    },
    {
      "type": "delete-node",
      "node": {
        "label": "final",
        "type": "Modifier"
      },
      "location-before-char-start": 0,
      "location-before-char-end": 0,
      "node-str": "final"
    },
    {
      "type": "delete-node",
      "node": {
        "label": "static",
        "type": "Modifier"
      },
      "location-before-char-start": 0,
      "location-before-char-end": 0,
      "node-str": "static"
    },
    {
      "type": "delete-node",
      "node": {
        "label": "java.util.logging.Logger",
        "type": "TypeAccess"
      },
      "location-before-char-start": 2657,
      "location-before-char-end": 2680,
      "node-str": "java.util.logging.Logger"
    },
    {
      "type": "delete-node",
      "node": {
        "label": "\"org.columba.mail.gui.message.filter\"",
        "type": "Literal"
      },
      "location-before-char-start": 2696,
      "location-before-char-end": 2732,
      "node-str": "\"org.columba.mail.gui.message.filter\""
    },
    {
      "type": "delete-node",
      "node": {
        "label": "getLogger",
        "type": "Invocation"
      },
      "location-before-char-start": 2657,
      "location-before-char-end": 2733,
      "node-str": "getLogger"
    },
    {
      "type": "delete-node",
      "node": {
        "label": "LOG",
        "type": "Field"
      },
      "location-before-char-start": 2605,
      "location-before-char-end": 2734,
      "node-str": "LOG"
    },
    {
      "type": "delete-node",
      "node": {
        "label": "org.columba.mail.message.ColumbaHeader",
        "type": "VARIABLE_TYPE"
      },
      "location-before-char-start": 0,
      "location-before-char-end": 0,
      "node-str": "org.columba.mail.message.ColumbaHeader"
    },
    {
      "type": "delete-node",
      "node": {
        "label": "header",
        "type": "Field"
      },
      "location-before-char-start": 2738,
      "location-before-char-end": 2766,
      "node-str": "header"
    },
    {
      "type": "delete-node",
      "node": {
        "label": "org.columba.ristretto.message.MimeTree",
        "type": "VARIABLE_TYPE"
      },
      "location-before-char-start": 0,
      "location-before-char-end": 0,
      "node-str": "org.columba.ristretto.message.MimeTree"
    },
    {
      "type": "delete-node",
      "node": {
        "label": "mimePartTree",
        "type": "Field"
      },
      "location-before-char-start": 2770,
      "location-before-char-end": 2799,
      "node-str": "mimePartTree"
    },
    {
      "type": "delete-node",
      "node": {
        "label": "int",
        "type": "VARIABLE_TYPE"
      },
      "location-before-char-start": 0,
      "location-before-char-end": 0,
      "node-str": "int"
    },
    {
      "type": "delete-node",
      "node": {
        "label": "org.columba.mail.gui.message.viewer.SecurityInformationController",
        "type": "TypeAccess"
      },
      "location-before-char-start": 0,
      "location-before-char-end": 0,
      "node-str": "org.columba.mail.gui.message.viewer.SecurityInformationController"
    },
    {
      "type": "delete-node",
      "node": {
        "label": "NOOP",
        "type": "FieldRead"
      },
      "location-before-char-start": 2825,
      "location-before-char-end": 2858,
      "node-str": "NOOP"
    },
    {
      "type": "delete-node",
      "node": {
        "label": "pgpMode",
        "type": "Field"
      },
      "location-before-char-start": 2803,
      "location-before-char-end": 2859,
      "node-str": "pgpMode"
    },
    {
      "type": "delete-node",
      "node": {
        "label": "boolean",
        "type": "VARIABLE_TYPE"
      },
      "location-before-char-start": 0,
      "location-before-char-end": 0,
      "node-str": "boolean"
    },
    {
      "type": "delete-node",
      "node": {
        "label": "false",
        "type": "Literal"
      },
      "location-before-char-start": 2939,
      "location-before-char-end": 2943,
      "node-str": "false"
    },
    {
      "type": "delete-node",
      "node": {
        "label": "encryptedMessage",
        "type": "Field"
      },
      "location-before-char-start": 2863,
      "location-before-char-end": 2944,
      "node-str": "encryptedMessage"
    },
    {
      "type": "delete-node",
      "node": {
        "label": "java.lang.String",
        "type": "VARIABLE_TYPE"
      },
      "location-before-char-start": 0,
      "location-before-char-end": 0,
      "node-str": "java.lang.String"
    },
    {
      "type": "delete-node",
      "node": {
        "label": "\"\"",
        "type": "Literal"
      },
      "location-before-char-start": 2976,
      "location-before-char-end": 2977,
      "node-str": "\"\""
    },
    {
      "type": "delete-node",
      "node": {
        "label": "pgpMessage",
        "type": "Field"
      },
      "location-before-char-start": 2948,
      "location-before-char-end": 2978,
      "node-str": "pgpMessage"
    },
    {
      "type": "delete-node",
      "node": {
        "label": "java.io.InputStream",
        "type": "VARIABLE_TYPE"
      },
      "location-before-char-start": 0,
      "location-before-char-end": 0,
      "node-str": "java.io.InputStream"
    },
    {
      "type": "delete-node",
      "node": {
        "label": "decryptedStream",
        "type": "Field"
      },
      "location-before-char-start": 2982,
      "location-before-char-end": 3017,
      "node-str": "decryptedStream"
    },
    {
      "type": "delete-node",
      "node": {
        "label": "org.columba.mail.message.ColumbaMessage",
        "type": "VARIABLE_TYPE"
      },
      "location-before-char-start": 0,
      "location-before-char-end": 0,
      "node-str": "org.columba.mail.message.ColumbaMessage"
    },
    {
      "type": "delete-node",
      "node": {
        "label": "message",
        "type": "Field"
      },
      "location-before-char-start": 3021,
      "location-before-char-end": 3051,
      "node-str": "message"
    },
    {
      "type": "delete-node",
      "node": {
        "label": "java.util.List",
        "type": "VARIABLE_TYPE"
      },
      "location-before-char-start": 0,
      "location-before-char-end": 0,
      "node-str": "java.util.List"
    },
    {
      "type": "delete-node",
      "node": {
        "label": "listeners",
        "type": "Field"
      },
      "location-before-char-start": 3055,
      "location-before-char-end": 3077,
      "node-str": "listeners"
    },
    {
      "type": "delete-node",
      "node": {
        "label": "public",
        "type": "Modifier"
      },
      "location-before-char-start": 0,
      "location-before-char-end": 0,
      "node-str": "public"
    },
    {
      "type": "delete-node",
      "node": {
        "label": "org.columba.core.gui.frame.FrameMediator",
        "type": "VARIABLE_TYPE"
      },
      "location-before-char-start": 0,
      "location-before-char-end": 0,
      "node-str": "org.columba.core.gui.frame.FrameMediator"
    },
    {
      "type": "delete-node",
      "node": {
        "label": "mediator",
        "type": "Parameter"
      },
      "location-before-char-start": 3105,
      "location-before-char-end": 3126,
      "node-str": "mediator"
    },
    {
      "type": "delete-node",
      "node": {
        "label": "mediator",
        "type": "VariableRead"
      },
      "location-before-char-start": 3139,
      "location-before-char-end": 3146,
      "node-str": "mediator"
    },
    {
      "type": "delete-node",
      "node": {
        "label": "\u003cinit\u003e",
        "type": "Invocation"
      },
      "location-before-char-start": 3133,
      "location-before-char-end": 3148,
      "node-str": "\u003cinit\u003e"
    },
    {
      "type": "delete-node",
      "node": {
        "label": "org.columba.mail.gui.message.filter.PGPMessageFilter",
        "type": "TypeAccess"
      },
      "location-before-char-start": 0,
      "location-before-char-end": 0,
      "node-str": "org.columba.mail.gui.message.filter.PGPMessageFilter"
    },
    {
      "type": "delete-node",
      "node": {
        "label": "listeners",
        "type": "FieldWrite"
      },
      "location-before-char-start": 3153,
      "location-before-char-end": 3161,
      "node-str": "listeners"
    },
    {
      "type": "delete-node",
      "node": {
        "label": "java.util.ArrayList()",
        "type": "ConstructorCall"
      },
      "location-before-char-start": 3165,
      "location-before-char-end": 3179,
      "node-str": "java.util.ArrayList()"
    },
    {
      "type": "delete-node",
      "node": {
        "label": "\u003d",
        "type": "Assignment"
      },
      "location-before-char-start": 3153,
      "location-before-char-end": 3180,
      "node-str": "\u003d"
    },
    {
      "type": "delete-node",
      "node": {
        "label": "\u003cinit\u003e",
        "type": "Constructor"
      },
      "location-before-char-start": 3081,
      "location-before-char-end": 3183,
      "node-str": "\u003cinit\u003e"
    },
    {
      "type": "delete-node",
      "node": {
        "label": "void",
        "type": "RETURN_TYPE"
      },
      "location-before-char-start": 0,
      "location-before-char-end": 0,
      "node-str": "void"
    },
    {
      "type": "delete-node",
      "node": {
        "label": "public",
        "type": "Modifier"
      },
      "location-before-char-start": 0,
      "location-before-char-end": 0,
      "node-str": "public"
    },
    {
      "type": "delete-node",
      "node": {
        "label": "org.columba.mail.gui.message.filter.SecurityStatusListener",
        "type": "VARIABLE_TYPE"
      },
      "location-before-char-start": 0,
      "location-before-char-end": 0,
      "node-str": "org.columba.mail.gui.message.filter.SecurityStatusListener"
    },
    {
      "type": "delete-node",
      "node": {
        "label": "l",
        "type": "Parameter"
      },
      "location-before-char-start": 3225,
      "location-before-char-end": 3248,
      "node-str": "l"
    },
    {
      "type": "delete-node",
      "node": {
        "label": "org.columba.mail.gui.message.filter.PGPMessageFilter",
        "type": "TypeAccess"
      },
      "location-before-char-start": 0,
      "location-before-char-end": 0,
      "node-str": "org.columba.mail.gui.message.filter.PGPMessageFilter"
    },
    {
      "type": "delete-node",
      "node": {
        "label": "listeners",
        "type": "FieldRead"
      },
      "location-before-char-start": 3255,
      "location-before-char-end": 3263,
      "node-str": "listeners"
    },
    {
      "type": "delete-node",
      "node": {
        "label": "l",
        "type": "VariableRead"
      },
      "location-before-char-start": 3269,
      "location-before-char-end": 3269,
      "node-str": "l"
    },
    {
      "type": "delete-node",
      "node": {
        "label": "add",
        "type": "Invocation"
      },
      "location-before-char-start": 3255,
      "location-before-char-end": 3271,
      "node-str": "add"
    },
    {
      "type": "delete-node",
      "node": {
        "label": "addSecurityStatusListener",
        "type": "Method"
      },
      "location-before-char-start": 3187,
      "location-before-char-end": 3274,
      "node-str": "addSecurityStatusListener"
    },
    {
      "type": "delete-node",
      "node": {
        "label": "void",
        "type": "RETURN_TYPE"
      },
      "location-before-char-start": 0,
      "location-before-char-end": 0,
      "node-str": "void"
    },
    {
      "type": "delete-node",
      "node": {
        "label": "public",
        "type": "Modifier"
      },
      "location-before-char-start": 0,
      "location-before-char-end": 0,
      "node-str": "public"
    },
    {
      "type": "delete-node",
      "node": {
        "label": "org.columba.mail.gui.message.filter.SecurityStatusEvent",
        "type": "VARIABLE_TYPE"
      },
      "location-before-char-start": 0,
      "location-before-char-end": 0,
      "node-str": "org.columba.mail.gui.message.filter.SecurityStatusEvent"
    },
    {
      "type": "delete-node",
      "node": {
        "label": "ev",
        "type": "Parameter"
      },
      "location-before-char-start": 3314,
      "location-before-char-end": 3335,
      "node-str": "ev"
    },
    {
      "type": "delete-node",
      "node": {
        "label": "java.util.Iterator",
        "type": "VARIABLE_TYPE"
      },
      "location-before-char-start": 0,
      "location-before-char-end": 0,
      "node-str": "java.util.Iterator"
    },
    {
      "type": "delete-node",
      "node": {
        "label": "org.columba.mail.gui.message.filter.PGPMessageFilter",
        "type": "TypeAccess"
      },
      "location-before-char-start": 0,
      "location-before-char-end": 0,
      "node-str": "org.columba.mail.gui.message.filter.PGPMessageFilter"
    },
    {
      "type": "delete-node",
      "node": {
        "label": "listeners",
        "type": "FieldRead"
      },
      "location-before-char-start": 3356,
      "location-before-char-end": 3364,
      "node-str": "listeners"
    },
    {
      "type": "delete-node",
      "node": {
        "label": "iterator",
        "type": "Invocation"
      },
      "location-before-char-start": 3356,
      "location-before-char-end": 3375,
      "node-str": "iterator"
    },
    {
      "type": "delete-node",
      "node": {
        "label": "it",
        "type": "LocalVariable"
      },
      "location-before-char-start": 3342,
      "location-before-char-end": 3376,
      "node-str": "it"
    },
    {
      "type": "delete-node",
      "node": {
        "label": "it",
        "type": "VariableRead"
      },
      "location-before-char-start": 3387,
      "location-before-char-end": 3388,
      "node-str": "it"
    },
    {
      "type": "delete-node",
      "node": {
        "label": "hasNext",
        "type": "Invocation"
      },
      "location-before-char-start": 3387,
      "location-before-char-end": 3398,
      "node-str": "hasNext"
    },
    {
      "type": "delete-node",
      "node": {
        "label": "org.columba.mail.gui.message.filter.SecurityStatusListener",
        "type": "VARIABLE_TYPE"
      },
      "location-before-char-start": 0,
      "location-before-char-end": 0,
      "node-str": "org.columba.mail.gui.message.filter.SecurityStatusListener"
    },
    {
      "type": "delete-node",
      "node": {
        "label": "it",
        "type": "VariableRead"
      },
      "location-before-char-start": 3458,
      "location-before-char-end": 3459,
      "node-str": "it"
    },
    {
      "type": "delete-node",
      "node": {
        "label": "next",
        "type": "Invocation"
      },
      "location-before-char-start": 3433,
      "location-before-char-end": 3466,
      "node-str": "next"
    },
    {
      "type": "delete-node",
      "node": {
        "label": "l",
        "type": "LocalVariable"
      },
      "location-before-char-start": 3406,
      "location-before-char-end": 3467,
      "node-str": "l"
    },
    {
      "type": "delete-node",
      "node": {
        "label": "l",
        "type": "VariableRead"
      },
      "location-before-char-start": 3472,
      "location-before-char-end": 3472,
      "node-str": "l"
    },
    {
      "type": "delete-node",
      "node": {
        "label": "ev",
        "type": "VariableRead"
      },
      "location-before-char-start": 3487,
      "location-before-char-end": 3488,
      "node-str": "ev"
    },
    {
      "type": "delete-node",
      "node": {
        "label": "statusUpdate",
        "type": "Invocation"
      },
      "location-before-char-start": 3472,
      "location-before-char-end": 3490,
      "node-str": "statusUpdate"
    },
    {
      "type": "delete-node",
      "node": {
        "label": "while",
        "type": "While"
      },
      "location-before-char-start": 3380,
      "location-before-char-end": 3494,
      "node-str": "while"
    },
    {
      "type": "delete-node",
      "node": {
        "label": "fireSecurityStatusEvent",
        "type": "Method"
      },
      "location-before-char-start": 3278,
      "location-before-char-end": 3497,
      "node-str": "fireSecurityStatusEvent"
    },
    {
      "type": "delete-node",
      "node": {
        "label": "org.columba.mail.command.FolderCommandReference",
        "type": "RETURN_TYPE"
      },
      "location-before-char-start": 0,
      "location-before-char-end": 0,
      "node-str": "org.columba.mail.command.FolderCommandReference"
    },
    {
      "type": "delete-node",
      "node": {
        "label": "java.lang.Exception",
        "type": "THROWS"
      },
      "location-before-char-start": 0,
      "location-before-char-end": 0,
      "node-str": "java.lang.Exception"
    },
    {
      "type": "delete-node",
      "node": {
        "label": "java.io.IOException",
        "type": "THROWS"
      },
      "location-before-char-start": 0,
      "location-before-char-end": 0,
      "node-str": "java.io.IOException"
    },
    {
      "type": "delete-node",
      "node": {
        "label": "org.columba.mail.folder.MessageFolder",
        "type": "VARIABLE_TYPE"
      },
      "location-before-char-start": 0,
      "location-before-char-end": 0,
      "node-str": "org.columba.mail.folder.MessageFolder"
    },
    {
      "type": "delete-node",
      "node": {
        "label": "folder",
        "type": "Parameter"
      },
      "location-before-char-start": 5591,
      "location-before-char-end": 5610,
      "node-str": "folder"
    },
    {
      "type": "delete-node",
      "node": {
        "label": "java.lang.Object",
        "type": "VARIABLE_TYPE"
      },
      "location-before-char-start": 0,
      "location-before-char-end": 0,
      "node-str": "java.lang.Object"
    },
    {
      "type": "delete-node",
      "node": {
        "label": "uid",
        "type": "Parameter"
      },
      "location-before-char-start": 5613,
      "location-before-char-end": 5622,
      "node-str": "uid"
    },
    {
      "type": "delete-node",
      "node": {
        "label": "boolean",
        "type": "VARIABLE_TYPE"
      },
      "location-before-char-start": 0,
      "location-before-char-end": 0,
      "node-str": "boolean"
    },
    {
      "type": "delete-node",
      "node": {
        "label": "pgpActive",
        "type": "Parameter"
      },
      "location-before-char-start": 5628,
      "location-before-char-end": 5644,
      "node-str": "pgpActive"
    },
    {
      "type": "delete-node",
      "node": {
        "label": "java.io.InputStream",
        "type": "VARIABLE_TYPE"
      },
      "location-before-char-start": 0,
      "location-before-char-end": 0,
      "node-str": "java.io.InputStream"
    },
    {
      "type": "delete-node",
      "node": {
        "label": "null",
        "type": "Literal"
      },
      "location-before-char-start": 5711,
      "location-before-char-end": 5714,
      "node-str": "null"
    },
    {
      "type": "delete-node",
      "node": {
        "label": "decryptedStream",
        "type": "LocalVariable"
      },
      "location-before-char-start": 5681,
      "location-before-char-end": 5715,
      "node-str": "decryptedStream"
    },
    {
      "type": "delete-node",
      "node": {
        "label": "LOG",
        "type": "FieldRead"
      },
      "location-before-char-start": 5719,
      "location-before-char-end": 5721,
      "node-str": "LOG"
    },
    {
      "type": "delete-node",
      "node": {
        "label": "\"start decrypting\"",
        "type": "Literal"
      },
      "location-before-char-start": 5728,
      "location-before-char-end": 5745,
      "node-str": "\"start decrypting\""
    },
    {
      "type": "delete-node",
      "node": {
        "label": "fine",
        "type": "Invocation"
      },
      "location-before-char-start": 5719,
      "location-before-char-end": 5747,
      "node-str": "fine"
    },
    {
      "type": "delete-node",
      "node": {
        "label": "null",
        "type": "Literal"
      },
      "location-before-char-start": 10093,
      "location-before-char-end": 10096,
      "node-str": "null"
    },
    {
      "type": "delete-node",
      "node": {
        "label": "return",
        "type": "Return"
      },
      "location-before-char-start": 10086,
      "location-before-char-end": 10097,
      "node-str": "return"
    }
  ],
  "before-file": {},
  "after-file": {},
  "mapping": {}
}