{
  "tool-info": {},
  "diff": [
    {
      "type": "insert-node",
      "node": {
        "label": "java.lang.Exception",
        "type": "THROWS"
      },
      "location-after-char-start": 0,
      "location-after-char-end": 0,
      "node-str": "java.lang.Exception"
    },
    {
      "type": "insert-node",
      "node": {
        "label": "",
        "type": "Try"
      },
      "location-after-char-start": 4127,
      "location-after-char-end": 5124,
      "node-str": ""
    },
    {
      "type": "move-subtree",
      "node": {
        "label": "invoke",
        "type": "Invocation"
      },
      "location-before-char-start": 3448,
      "location-before-char-end": 3479,
      "location-after-char-start": 4162,
      "location-after-char-end": 4193,
      "node-str": "invoke"
    },
    {
      "type": "move-subtree",
      "node": {
        "label": "p",
        "type": "LocalVariable"
      },
      "location-before-char-start": 3583,
      "location-before-char-end": 3634,
      "location-after-char-start": 4297,
      "location-after-char-end": 4348,
      "node-str": "p"
    },
    {
      "type": "move-subtree",
      "node": {
        "label": "if",
        "type": "If"
      },
      "location-before-char-start": 3666,
      "location-before-char-end": 3701,
      "location-after-char-start": 4359,
      "location-after-char-end": 4394,
      "node-str": "if"
    },
    {
      "type": "insert-node",
      "node": {
        "label": "",
        "type": "Catch"
      },
      "location-after-char-start": 4426,
      "location-after-char-end": 5124,
      "node-str": ""
    },
    {
      "type": "insert-node",
      "node": {
        "label": "inv",
        "type": "CatchVariable"
      },
      "location-after-char-start": 4462,
      "location-after-char-end": 4490,
      "node-str": "inv"
    },
    {
      "type": "insert-node",
      "node": {
        "label": "targetException",
        "type": "LocalVariable"
      },
      "location-after-char-start": 4524,
      "location-after-char-end": 4576,
      "node-str": "targetException"
    },
    {
      "type": "insert-node",
      "node": {
        "label": "if",
        "type": "If"
      },
      "location-after-char-start": 4607,
      "location-after-char-end": 4809,
      "node-str": "if"
    },
    {
      "type": "insert-node",
      "node": {
        "label": "if",
        "type": "If"
      },
      "location-after-char-start": 4834,
      "location-after-char-end": 4959,
      "node-str": "if"
    },
    {
      "type": "insert-node",
      "node": {
        "label": "exit",
        "type": "Invocation"
      },
      "location-after-char-start": 4984,
      "location-after-char-end": 4999,
      "node-str": "exit"
    },
    {
      "type": "insert-node",
      "node": {
        "label": "java.lang.reflect.InvocationTargetException",
        "type": "VARIABLE_TYPE"
      },
      "location-after-char-start": 0,
      "location-after-char-end": 0,
      "node-str": "java.lang.reflect.InvocationTargetException"
    },
    {
      "type": "insert-node",
      "node": {
        "label": "java.lang.Throwable",
        "type": "VARIABLE_TYPE"
      },
      "location-after-char-start": 0,
      "location-after-char-end": 0,
      "node-str": "java.lang.Throwable"
    },
    {
      "type": "insert-node",
      "node": {
        "label": "getTargetException",
        "type": "Invocation"
      },
      "location-after-char-start": 4552,
      "location-after-char-end": 4575,
      "node-str": "getTargetException"
    },
    {
      "type": "insert-node",
      "node": {
        "label": "NOT",
        "type": "UnaryOperator"
      },
      "location-after-char-start": 4611,
      "location-after-char-end": 4661,
      "node-str": "NOT"
    },
    {
      "type": "insert-node",
      "node": {
        "label": "THEN",
        "type": "then"
      },
      "location-after-char-start": 4664,
      "location-after-char-end": 4809,
      "node-str": "THEN"
    },
    {
      "type": "insert-node",
      "node": {
        "label": "INSTANCEOF",
        "type": "BinaryOperator"
      },
      "location-after-char-start": 4838,
      "location-after-char-end": 4873,
      "node-str": "INSTANCEOF"
    },
    {
      "type": "insert-node",
      "node": {
        "label": "THEN",
        "type": "then"
      },
      "location-after-char-start": 4876,
      "location-after-char-end": 4959,
      "node-str": "THEN"
    },
    {
      "type": "insert-node",
      "node": {
        "label": "java.lang.System",
        "type": "TypeAccess"
      },
      "location-after-char-start": 4984,
      "location-after-char-end": 4989,
      "node-str": "java.lang.System"
    },
    {
      "type": "insert-node",
      "node": {
        "label": "NEG",
        "type": "UnaryOperator"
      },
      "location-after-char-start": 4996,
      "location-after-char-end": 4997,
      "node-str": "NEG"
    },
    {
      "type": "insert-node",
      "node": {
        "label": "inv",
        "type": "VariableRead"
      },
      "location-after-char-start": 4552,
      "location-after-char-end": 4554,
      "node-str": "inv"
    },
    {
      "type": "insert-node",
      "node": {
        "label": "INSTANCEOF",
        "type": "BinaryOperator"
      },
      "location-after-char-start": 4612,
      "location-after-char-end": 4661,
      "node-str": "INSTANCEOF"
    },
    {
      "type": "insert-node",
      "node": {
        "label": "error",
        "type": "Invocation"
      },
      "location-after-char-start": 4696,
      "location-after-char-end": 4715,
      "node-str": "error"
    },
    {
      "type": "insert-node",
      "node": {
        "label": "error",
        "type": "Invocation"
      },
      "location-after-char-start": 4747,
      "location-after-char-end": 4778,
      "node-str": "error"
    },
    {
      "type": "insert-node",
      "node": {
        "label": "targetException",
        "type": "VariableRead"
      },
      "location-after-char-start": 4838,
      "location-after-char-end": 4852,
      "node-str": "targetException"
    },
    {
      "type": "insert-node",
      "node": {
        "label": "java.lang.Exception",
        "type": "TypeAccess"
      },
      "location-after-char-start": 4865,
      "location-after-char-end": 4873,
      "node-str": "java.lang.Exception"
    },
    {
      "type": "insert-node",
      "node": {
        "label": "",
        "type": "Throw"
      },
      "location-after-char-start": 4902,
      "location-after-char-end": 4934,
      "node-str": ""
    },
    {
      "type": "insert-node",
      "node": {
        "label": "1",
        "type": "Literal"
      },
      "location-after-char-start": 4997,
      "location-after-char-end": 4997,
      "node-str": "1"
    },
    {
      "type": "insert-node",
      "node": {
        "label": "targetException",
        "type": "VariableRead"
      },
      "location-after-char-start": 4613,
      "location-after-char-end": 4627,
      "node-str": "targetException"
    },
    {
      "type": "insert-node",
      "node": {
        "label": "java.beans.PropertyVetoException",
        "type": "TypeAccess"
      },
      "location-after-char-start": 4640,
      "location-after-char-end": 4660,
      "node-str": "java.beans.PropertyVetoException"
    },
    {
      "type": "insert-node",
      "node": {
        "label": "Argo.log",
        "type": "TypeAccess"
      },
      "location-after-char-start": 4696,
      "location-after-char-end": 4703,
      "node-str": "Argo.log"
    },
    {
      "type": "insert-node",
      "node": {
        "label": "inv",
        "type": "VariableRead"
      },
      "location-after-char-start": 4711,
      "location-after-char-end": 4713,
      "node-str": "inv"
    },
    {
      "type": "insert-node",
      "node": {
        "label": "Argo.log",
        "type": "TypeAccess"
      },
      "location-after-char-start": 4747,
      "location-after-char-end": 4754,
      "node-str": "Argo.log"
    },
    {
      "type": "insert-node",
      "node": {
        "label": "targetException",
        "type": "VariableRead"
      },
      "location-after-char-start": 4762,
      "location-after-char-end": 4776,
      "node-str": "targetException"
    },
    {
      "type": "insert-node",
      "node": {
        "label": "targetException",
        "type": "VariableRead"
      },
      "location-after-char-start": 4908,
      "location-after-char-end": 4933,
      "node-str": "targetException"
    }
  ],
  "before-file": {},
  "after-file": {},
  "mapping": {}
}