{
  "tool-info": {},
  "diff": [
    {
      "type": "insert-node",
      "node": {
        "label": "",
        "type": "PackageDeclaration"
      },
      "location-after-char-start": 0,
      "location-after-char-end": 34,
      "node-str": ""
    },
    {
      "type": "insert-node",
      "node": {
        "label": "",
        "type": "ImportDeclaration"
      },
      "location-after-char-start": 2361,
      "location-after-char-end": 2383,
      "node-str": ""
    },
    {
      "type": "insert-node",
      "node": {
        "label": "",
        "type": "ImportDeclaration"
      },
      "location-after-char-start": 2384,
      "location-after-char-end": 2406,
      "node-str": ""
    },
    {
      "type": "insert-node",
      "node": {
        "label": "",
        "type": "ImportDeclaration"
      },
      "location-after-char-start": 2407,
      "location-after-char-end": 2433,
      "node-str": ""
    },
    {
      "type": "insert-node",
      "node": {
        "label": "",
        "type": "ImportDeclaration"
      },
      "location-after-char-start": 2434,
      "location-after-char-end": 2462,
      "node-str": ""
    },
    {
      "type": "insert-node",
      "node": {
        "label": "",
        "type": "ImportDeclaration"
      },
      "location-after-char-start": 2463,
      "location-after-char-end": 2497,
      "node-str": ""
    },
    {
      "type": "insert-node",
      "node": {
        "label": "",
        "type": "ImportDeclaration"
      },
      "location-after-char-start": 2499,
      "location-after-char-end": 2542,
      "node-str": ""
    },
    {
      "type": "insert-node",
      "node": {
        "label": "",
        "type": "ImportDeclaration"
      },
      "location-after-char-start": 2544,
      "location-after-char-end": 2578,
      "node-str": ""
    },
    {
      "type": "insert-node",
      "node": {
        "label": "",
        "type": "ImportDeclaration"
      },
      "location-after-char-start": 2579,
      "location-after-char-end": 2621,
      "node-str": ""
    },
    {
      "type": "insert-node",
      "node": {
        "label": "",
        "type": "ImportDeclaration"
      },
      "location-after-char-start": 2623,
      "location-after-char-end": 2662,
      "node-str": ""
    },
    {
      "type": "insert-node",
      "node": {
        "label": "",
        "type": "ImportDeclaration"
      },
      "location-after-char-start": 2663,
      "location-after-char-end": 2709,
      "node-str": ""
    },
    {
      "type": "insert-node",
      "node": {
        "label": "",
        "type": "ImportDeclaration"
      },
      "location-after-char-start": 2710,
      "location-after-char-end": 2754,
      "node-str": ""
    },
    {
      "type": "insert-node",
      "node": {
        "label": "",
        "type": "ImportDeclaration"
      },
      "location-after-char-start": 2755,
      "location-after-char-end": 2800,
      "node-str": ""
    },
    {
      "type": "insert-node",
      "node": {
        "label": "",
        "type": "ImportDeclaration"
      },
      "location-after-char-start": 2801,
      "location-after-char-end": 2856,
      "node-str": ""
    },
    {
      "type": "insert-node",
      "node": {
        "label": "",
        "type": "ImportDeclaration"
      },
      "location-after-char-start": 2857,
      "location-after-char-end": 2904,
      "node-str": ""
    },
    {
      "type": "insert-node",
      "node": {
        "label": "",
        "type": "ImportDeclaration"
      },
      "location-after-char-start": 2905,
      "location-after-char-end": 2955,
      "node-str": ""
    },
    {
      "type": "insert-node",
      "node": {
        "label": "",
        "type": "ImportDeclaration"
      },
      "location-after-char-start": 2956,
      "location-after-char-end": 3009,
      "node-str": ""
    },
    {
      "type": "insert-node",
      "node": {
        "label": "",
        "type": "ImportDeclaration"
      },
      "location-after-char-start": 3010,
      "location-after-char-end": 3048,
      "node-str": ""
    },
    {
      "type": "insert-node",
      "node": {
        "label": "",
        "type": "ImportDeclaration"
      },
      "location-after-char-start": 3049,
      "location-after-char-end": 3098,
      "node-str": ""
    },
    {
      "type": "insert-node",
      "node": {
        "label": "",
        "type": "ImportDeclaration"
      },
      "location-after-char-start": 3099,
      "location-after-char-end": 3153,
      "node-str": ""
    },
    {
      "type": "insert-node",
      "node": {
        "label": "",
        "type": "ImportDeclaration"
      },
      "location-after-char-start": 3154,
      "location-after-char-end": 3188,
      "node-str": ""
    },
    {
      "type": "insert-node",
      "node": {
        "label": "",
        "type": "TypeDeclaration"
      },
      "location-after-char-start": 3190,
      "location-after-char-end": 11542,
      "node-str": ""
    },
    {
      "type": "insert-node",
      "node": {
        "label": "org.tigris.scarab.screens",
        "type": "QualifiedName"
      },
      "location-after-char-start": 8,
      "location-after-char-end": 33,
      "node-str": "org.tigris.scarab.screens"
    },
    {
      "type": "insert-node",
      "node": {
        "label": "java.util.Date",
        "type": "QualifiedName"
      },
      "location-after-char-start": 2368,
      "location-after-char-end": 2382,
      "node-str": "java.util.Date"
    },
    {
      "type": "insert-node",
      "node": {
        "label": "java.util.List",
        "type": "QualifiedName"
      },
      "location-after-char-start": 2391,
      "location-after-char-end": 2405,
      "node-str": "java.util.List"
    },
    {
      "type": "insert-node",
      "node": {
        "label": "java.util.Iterator",
        "type": "QualifiedName"
      },
      "location-after-char-start": 2414,
      "location-after-char-end": 2432,
      "node-str": "java.util.Iterator"
    },
    {
      "type": "insert-node",
      "node": {
        "label": "java.text.DateFormat",
        "type": "QualifiedName"
      },
      "location-after-char-start": 2441,
      "location-after-char-end": 2461,
      "node-str": "java.text.DateFormat"
    },
    {
      "type": "insert-node",
      "node": {
        "label": "java.text.SimpleDateFormat",
        "type": "QualifiedName"
      },
      "location-after-char-start": 2470,
      "location-after-char-end": 2496,
      "node-str": "java.text.SimpleDateFormat"
    },
    {
      "type": "insert-node",
      "node": {
        "label": "org.apache.commons.lang.StringUtils",
        "type": "QualifiedName"
      },
      "location-after-char-start": 2506,
      "location-after-char-end": 2541,
      "node-str": "org.apache.commons.lang.StringUtils"
    },
    {
      "type": "insert-node",
      "node": {
        "label": "org.apache.turbine.RunData",
        "type": "QualifiedName"
      },
      "location-after-char-start": 2551,
      "location-after-char-end": 2577,
      "node-str": "org.apache.turbine.RunData"
    },
    {
      "type": "insert-node",
      "node": {
        "label": "org.apache.turbine.TemplateContext",
        "type": "QualifiedName"
      },
      "location-after-char-start": 2586,
      "location-after-char-end": 2620,
      "node-str": "org.apache.turbine.TemplateContext"
    },
    {
      "type": "insert-node",
      "node": {
        "label": "org.tigris.scarab.om.ScarabUser",
        "type": "QualifiedName"
      },
      "location-after-char-start": 2630,
      "location-after-char-end": 2661,
      "node-str": "org.tigris.scarab.om.ScarabUser"
    },
    {
      "type": "insert-node",
      "node": {
        "label": "org.tigris.scarab.reports.ReportBridge",
        "type": "QualifiedName"
      },
      "location-after-char-start": 2670,
      "location-after-char-end": 2708,
      "node-str": "org.tigris.scarab.reports.ReportBridge"
    },
    {
      "type": "insert-node",
      "node": {
        "label": "org.tigris.scarab.reports.ReportDate",
        "type": "QualifiedName"
      },
      "location-after-char-start": 2717,
      "location-after-char-end": 2753,
      "node-str": "org.tigris.scarab.reports.ReportDate"
    },
    {
      "type": "insert-node",
      "node": {
        "label": "org.tigris.scarab.reports.ReportGroup",
        "type": "QualifiedName"
      },
      "location-after-char-start": 2762,
      "location-after-char-end": 2799,
      "node-str": "org.tigris.scarab.reports.ReportGroup"
    },
    {
      "type": "insert-node",
      "node": {
        "label": "org.tigris.scarab.reports.ReportOptionAttribute",
        "type": "QualifiedName"
      },
      "location-after-char-start": 2808,
      "location-after-char-end": 2855,
      "node-str": "org.tigris.scarab.reports.ReportOptionAttribute"
    },
    {
      "type": "insert-node",
      "node": {
        "label": "org.tigris.scarab.reports.ReportHeading",
        "type": "QualifiedName"
      },
      "location-after-char-start": 2864,
      "location-after-char-end": 2903,
      "node-str": "org.tigris.scarab.reports.ReportHeading"
    },
    {
      "type": "insert-node",
      "node": {
        "label": "org.tigris.scarab.reports.ReportTableModel",
        "type": "QualifiedName"
      },
      "location-after-char-start": 2912,
      "location-after-char-end": 2954,
      "node-str": "org.tigris.scarab.reports.ReportTableModel"
    },
    {
      "type": "insert-node",
      "node": {
        "label": "org.tigris.scarab.reports.ReportUserAttribute",
        "type": "QualifiedName"
      },
      "location-after-char-start": 2963,
      "location-after-char-end": 3008,
      "node-str": "org.tigris.scarab.reports.ReportUserAttribute"
    },
    {
      "type": "insert-node",
      "node": {
        "label": "org.tigris.scarab.tools.Format",
        "type": "QualifiedName"
      },
      "location-after-char-start": 3017,
      "location-after-char-end": 3047,
      "node-str": "org.tigris.scarab.tools.Format"
    },
    {
      "type": "insert-node",
      "node": {
        "label": "org.tigris.scarab.tools.ScarabRequestTool",
        "type": "QualifiedName"
      },
      "location-after-char-start": 3056,
      "location-after-char-end": 3097,
      "node-str": "org.tigris.scarab.tools.ScarabRequestTool"
    },
    {
      "type": "insert-node",
      "node": {
        "label": "org.tigris.scarab.tools.ScarabLocalizationTool",
        "type": "QualifiedName"
      },
      "location-after-char-start": 3106,
      "location-after-char-end": 3152,
      "node-str": "org.tigris.scarab.tools.ScarabLocalizationTool"
    },
    {
      "type": "insert-node",
      "node": {
        "label": "org.tigris.scarab.util.Log",
        "type": "QualifiedName"
      },
      "location-after-char-start": 3161,
      "location-after-char-end": 3187,
      "node-str": "org.tigris.scarab.util.Log"
    },
    {
      "type": "insert-node",
      "node": {
        "label": "",
        "type": "Javadoc"
      },
      "location-after-char-start": 3190,
      "location-after-char-end": 3392,
      "node-str": ""
    },
    {
      "type": "insert-node",
      "node": {
        "label": "public",
        "type": "Modifier"
      },
      "location-after-char-start": 3393,
      "location-after-char-end": 3399,
      "node-str": "public"
    },
    {
      "type": "insert-node",
      "node": {
        "label": "class",
        "type": "TYPE_DECLARATION_KIND"
      },
      "location-after-char-start": 3400,
      "location-after-char-end": 3405,
      "node-str": "class"
    },
    {
      "type": "insert-node",
      "node": {
        "label": "ReportExport",
        "type": "SimpleName"
      },
      "location-after-char-start": 3406,
      "location-after-char-end": 3418,
      "node-str": "ReportExport"
    },
    {
      "type": "insert-node",
      "node": {
        "label": "",
        "type": "SimpleType"
      },
      "location-after-char-start": 3427,
      "location-after-char-end": 3437,
      "node-str": ""
    },
    {
      "type": "move-subtree",
      "node": {
        "label": "",
        "type": "FieldDeclaration"
      },
      "location-before-char-start": 3444,
      "location-before-char-end": 3557,
      "location-after-char-start": 3444,
      "location-after-char-end": 3557,
      "node-str": ""
    },
    {
      "type": "insert-node",
      "node": {
        "label": "",
        "type": "MethodDeclaration"
      },
      "location-after-char-start": 3563,
      "location-after-char-end": 9876,
      "node-str": ""
    },
    {
      "type": "move-subtree",
      "node": {
        "label": "",
        "type": "MethodDeclaration"
      },
      "location-before-char-start": 9585,
      "location-before-char-end": 11243,
      "location-after-char-start": 9882,
      "location-after-char-end": 11540,
      "node-str": ""
    },
    {
      "type": "insert-node",
      "node": {
        "label": "",
        "type": "TagElement"
      },
      "location-after-char-start": 3197,
      "location-after-char-end": 3243,
      "node-str": ""
    },
    {
      "type": "insert-node",
      "node": {
        "label": "",
        "type": "TagElement"
      },
      "location-after-char-start": 3250,
      "location-after-char-end": 3305,
      "node-str": ""
    },
    {
      "type": "insert-node",
      "node": {
        "label": "",
        "type": "TagElement"
      },
      "location-after-char-start": 3309,
      "location-after-char-end": 3322,
      "node-str": ""
    },
    {
      "type": "insert-node",
      "node": {
        "label": "",
        "type": "TagElement"
      },
      "location-after-char-start": 3326,
      "location-after-char-end": 3367,
      "node-str": ""
    },
    {
      "type": "insert-node",
      "node": {
        "label": "",
        "type": "TagElement"
      },
      "location-after-char-start": 3371,
      "location-after-char-end": 3388,
      "node-str": ""
    },
    {
      "type": "insert-node",
      "node": {
        "label": "DataExport",
        "type": "SimpleName"
      },
      "location-after-char-start": 3427,
      "location-after-char-end": 3437,
      "node-str": "DataExport"
    },
    {
      "type": "insert-node",
      "node": {
        "label": "",
        "type": "Javadoc"
      },
      "location-after-char-start": 3563,
      "location-after-char-end": 3676,
      "node-str": ""
    },
    {
      "type": "insert-node",
      "node": {
        "label": "public",
        "type": "Modifier"
      },
      "location-after-char-start": 3681,
      "location-after-char-end": 3687,
      "node-str": "public"
    },
    {
      "type": "insert-node",
      "node": {
        "label": "void",
        "type": "PrimitiveType"
      },
      "location-after-char-start": 3688,
      "location-after-char-end": 3692,
      "node-str": "void"
    },
    {
      "type": "insert-node",
      "node": {
        "label": "doBuildTemplate",
        "type": "SimpleName"
      },
      "location-after-char-start": 3693,
      "location-after-char-end": 3708,
      "node-str": "doBuildTemplate"
    },
    {
      "type": "insert-node",
      "node": {
        "label": "",
        "type": "SingleVariableDeclaration"
      },
      "location-after-char-start": 3709,
      "location-after-char-end": 3721,
      "node-str": ""
    },
    {
      "type": "insert-node",
      "node": {
        "label": "",
        "type": "SingleVariableDeclaration"
      },
      "location-after-char-start": 3723,
      "location-after-char-end": 3746,
      "node-str": ""
    },
    {
      "type": "insert-node",
      "node": {
        "label": "",
        "type": "SimpleType"
      },
      "location-after-char-start": 3763,
      "location-after-char-end": 3772,
      "node-str": ""
    },
    {
      "type": "insert-node",
      "node": {
        "label": "",
        "type": "Block"
      },
      "location-after-char-start": 3778,
      "location-after-char-end": 9876,
      "node-str": ""
    },
    {
      "type": "insert-node",
      "node": {
        "label": "Handles export of a report to non-web formats.",
        "type": "TextElement"
      },
      "location-after-char-start": 3197,
      "location-after-char-end": 3243,
      "node-str": "Handles export of a report to non-web formats."
    },
    {
      "type": "insert-node",
      "node": {
        "label": " \u003ca href\u003d\"mailto:dlr@collab.net\"\u003eDaniel Rall\u003c/a\u003e",
        "type": "TextElement"
      },
      "location-after-char-start": 3257,
      "location-after-char-end": 3305,
      "node-str": " \u003ca href\u003d\"mailto:dlr@collab.net\"\u003eDaniel Rall\u003c/a\u003e"
    },
    {
      "type": "insert-node",
      "node": {
        "label": " $Id$",
        "type": "TextElement"
      },
      "location-after-char-start": 3317,
      "location-after-char-end": 3322,
      "node-str": " $Id$"
    },
    {
      "type": "insert-node",
      "node": {
        "label": "org.tigris.scarab.screens.DataExport",
        "type": "QualifiedName"
      },
      "location-after-char-start": 3331,
      "location-after-char-end": 3367,
      "node-str": "org.tigris.scarab.screens.DataExport"
    },
    {
      "type": "insert-node",
      "node": {
        "label": " Scarab 1.0",
        "type": "TextElement"
      },
      "location-after-char-start": 3377,
      "location-after-char-end": 3388,
      "node-str": " Scarab 1.0"
    },
    {
      "type": "insert-node",
      "node": {
        "label": "",
        "type": "TagElement"
      },
      "location-after-char-start": 3574,
      "location-after-char-end": 3668,
      "node-str": ""
    },
    {
      "type": "insert-node",
      "node": {
        "label": "",
        "type": "SimpleType"
      },
      "location-after-char-start": 3709,
      "location-after-char-end": 3716,
      "node-str": ""
    },
    {
      "type": "insert-node",
      "node": {
        "label": "data",
        "type": "SimpleName"
      },
      "location-after-char-start": 3717,
      "location-after-char-end": 3721,
      "node-str": "data"
    },
    {
      "type": "insert-node",
      "node": {
        "label": "",
        "type": "SimpleType"
      },
      "location-after-char-start": 3723,
      "location-after-char-end": 3738,
      "node-str": ""
    },
    {
      "type": "insert-node",
      "node": {
        "label": "context",
        "type": "SimpleName"
      },
      "location-after-char-start": 3739,
      "location-after-char-end": 3746,
      "node-str": "context"
    },
    {
      "type": "insert-node",
      "node": {
        "label": "Exception",
        "type": "SimpleName"
      },
      "location-after-char-start": 3763,
      "location-after-char-end": 3772,
      "node-str": "Exception"
    },
    {
      "type": "insert-node",
      "node": {
        "label": "",
        "type": "ExpressionStatement"
      },
      "location-after-char-start": 3788,
      "location-after-char-end": 3825,
      "node-str": ""
    },
    {
      "type": "move-subtree",
      "node": {
        "label": "",
        "type": "VariableDeclarationStatement"
      },
      "location-before-char-start": 3835,
      "location-before-char-end": 3894,
      "location-after-char-start": 3835,
      "location-after-char-end": 3894,
      "node-str": ""
    },
    {
      "type": "move-subtree",
      "node": {
        "label": "",
        "type": "VariableDeclarationStatement"
      },
      "location-before-char-start": 3903,
      "location-before-char-end": 3948,
      "location-after-char-start": 3903,
      "location-after-char-end": 3948,
      "node-str": ""
    },
    {
      "type": "move-subtree",
      "node": {
        "label": "",
        "type": "VariableDeclarationStatement"
      },
      "location-before-char-start": 3957,
      "location-before-char-end": 4010,
      "location-after-char-start": 3957,
      "location-after-char-end": 4010,
      "node-str": ""
    },
    {
      "type": "move-subtree",
      "node": {
        "label": "",
        "type": "VariableDeclarationStatement"
      },
      "location-before-char-start": 4020,
      "location-before-char-end": 4078,
      "location-after-char-start": 4020,
      "location-after-char-end": 4078,
      "node-str": ""
    },
    {
      "type": "move-subtree",
      "node": {
        "label": "",
        "type": "VariableDeclarationStatement"
      },
      "location-before-char-start": 4087,
      "location-before-char-end": 4129,
      "location-after-char-start": 4087,
      "location-after-char-end": 4129,
      "node-str": ""
    },
    {
      "type": "move-subtree",
      "node": {
        "label": "",
        "type": "TryStatement"
      },
      "location-before-char-start": 4370,
      "location-before-char-end": 4699,
      "location-after-char-start": 4413,
      "location-after-char-end": 4742,
      "node-str": ""
    },
    {
      "type": "move-subtree",
      "node": {
        "label": "",
        "type": "IfStatement"
      },
      "location-before-char-start": 4717,
      "location-before-char-end": 4861,
      "location-after-char-start": 4760,
      "location-after-char-end": 4904,
      "node-str": ""
    },
    {
      "type": "insert-node",
      "node": {
        "label": "",
        "type": "IfStatement"
      },
      "location-after-char-start": 4914,
      "location-after-char-end": 5158,
      "node-str": ""
    },
    {
      "type": "move-subtree",
      "node": {
        "label": "",
        "type": "VariableDeclarationStatement"
      },
      "location-before-char-start": 4939,
      "location-before-char-end": 4986,
      "location-after-char-start": 5236,
      "location-after-char-end": 5283,
      "node-str": ""
    },
    {
      "type": "move-subtree",
      "node": {
        "label": "",
        "type": "VariableDeclarationStatement"
      },
      "location-before-char-start": 4996,
      "location-before-char-end": 5038,
      "location-after-char-start": 5293,
      "location-after-char-end": 5335,
      "node-str": ""
    },
    {
      "type": "move-subtree",
      "node": {
        "label": "",
        "type": "VariableDeclarationStatement"
      },
      "location-before-char-start": 5047,
      "location-before-char-end": 5095,
      "location-after-char-start": 5344,
      "location-after-char-end": 5392,
      "node-str": ""
    },
    {
      "type": "insert-node",
      "node": {
        "label": "",
        "type": "VariableDeclarationStatement"
      },
      "location-after-char-start": 5401,
      "location-after-char-end": 5420,
      "node-str": ""
    },
    {
      "type": "move-subtree",
      "node": {
        "label": "",
        "type": "ForStatement"
      },
      "location-before-char-start": 5132,
      "location-before-char-end": 6923,
      "location-after-char-start": 5429,
      "location-after-char-end": 7220,
      "node-str": ""
    },
    {
      "type": "move-subtree",
      "node": {
        "label": "",
        "type": "ForStatement"
      },
      "location-before-char-start": 6933,
      "location-before-char-end": 7069,
      "location-after-char-start": 7230,
      "location-after-char-end": 7366,
      "node-str": ""
    },
    {
      "type": "move-subtree",
      "node": {
        "label": "",
        "type": "VariableDeclarationStatement"
      },
      "location-before-char-start": 7078,
      "location-before-char-end": 7118,
      "location-after-char-start": 7375,
      "location-after-char-end": 7415,
      "node-str": ""
    },
    {
      "type": "move-subtree",
      "node": {
        "label": "",
        "type": "ForStatement"
      },
      "location-before-char-start": 7127,
      "location-before-char-end": 7221,
      "location-after-char-start": 7424,
      "location-after-char-end": 7518,
      "node-str": ""
    },
    {
      "type": "move-subtree",
      "node": {
        "label": "",
        "type": "ExpressionStatement"
      },
      "location-before-char-start": 7230,
      "location-before-char-end": 7248,
      "location-after-char-start": 7527,
      "location-after-char-end": 7545,
      "node-str": ""
    },
    {
      "type": "move-subtree",
      "node": {
        "label": "",
        "type": "VariableDeclarationStatement"
      },
      "location-before-char-start": 7258,
      "location-before-char-end": 7292,
      "location-after-char-start": 7555,
      "location-after-char-end": 7589,
      "node-str": ""
    },
    {
      "type": "move-subtree",
      "node": {
        "label": "",
        "type": "IfStatement"
      },
      "location-before-char-start": 7302,
      "location-before-char-end": 8120,
      "location-after-char-start": 7599,
      "location-after-char-end": 8417,
      "node-str": ""
    },
    {
      "type": "move-subtree",
      "node": {
        "label": "",
        "type": "VariableDeclarationStatement"
      },
      "location-before-char-start": 8130,
      "location-before-char-end": 8197,
      "location-after-char-start": 8427,
      "location-after-char-end": 8494,
      "node-str": ""
    },
    {
      "type": "move-subtree",
      "node": {
        "label": "",
        "type": "ForStatement"
      },
      "location-before-char-start": 8206,
      "location-before-char-end": 9573,
      "location-after-char-start": 8503,
      "location-after-char-end": 9870,
      "node-str": ""
    },
    {
      "type": "insert-node",
      "node": {
        "label": "Writes the response.",
        "type": "TextElement"
      },
      "location-after-char-start": 3574,
      "location-after-char-end": 3594,
      "node-str": "Writes the response."
    },
    {
      "type": "insert-node",
      "node": {
        "label": "Modelled after the \u003ccode\u003e#reportTable()\u003c/code\u003e Velocimacro.",
        "type": "TextElement"
      },
      "location-after-char-start": 3609,
      "location-after-char-end": 3668,
      "node-str": "Modelled after the \u003ccode\u003e#reportTable()\u003c/code\u003e Velocimacro."
    },
    {
      "type": "insert-node",
      "node": {
        "label": "RunData",
        "type": "SimpleName"
      },
      "location-after-char-start": 3709,
      "location-after-char-end": 3716,
      "node-str": "RunData"
    },
    {
      "type": "insert-node",
      "node": {
        "label": "TemplateContext",
        "type": "SimpleName"
      },
      "location-after-char-start": 3723,
      "location-after-char-end": 3738,
      "node-str": "TemplateContext"
    },
    {
      "type": "insert-node",
      "node": {
        "label": "",
        "type": "SuperMethodInvocation"
      },
      "location-after-char-start": 3788,
      "location-after-char-end": 3824,
      "node-str": ""
    },
    {
      "type": "insert-node",
      "node": {
        "label": "",
        "type": "MethodInvocation"
      },
      "location-after-char-start": 4918,
      "location-after-char-end": 4971,
      "node-str": ""
    },
    {
      "type": "insert-node",
      "node": {
        "label": "",
        "type": "Block"
      },
      "location-after-char-start": 4982,
      "location-after-char-end": 5158,
      "node-str": ""
    },
    {
      "type": "insert-node",
      "node": {
        "label": "int",
        "type": "PrimitiveType"
      },
      "location-after-char-start": 5401,
      "location-after-char-end": 5404,
      "node-str": "int"
    },
    {
      "type": "insert-node",
      "node": {
        "label": "",
        "type": "VariableDeclarationFragment"
      },
      "location-after-char-start": 5405,
      "location-after-char-end": 5419,
      "node-str": ""
    },
    {
      "type": "insert-node",
      "node": {
        "label": "doBuildTemplate",
        "type": "SimpleName"
      },
      "location-after-char-start": 3794,
      "location-after-char-end": 3809,
      "node-str": "doBuildTemplate"
    },
    {
      "type": "insert-node",
      "node": {
        "label": "data",
        "type": "SimpleName"
      },
      "location-after-char-start": 3810,
      "location-after-char-end": 3814,
      "node-str": "data"
    },
    {
      "type": "insert-node",
      "node": {
        "label": "context",
        "type": "SimpleName"
      },
      "location-after-char-start": 3816,
      "location-after-char-end": 3823,
      "node-str": "context"
    },
    {
      "type": "insert-node",
      "node": {
        "label": "",
        "type": "METHOD_INVOCATION_RECEIVER"
      },
      "location-after-char-start": 4918,
      "location-after-char-end": 4946,
      "node-str": ""
    },
    {
      "type": "insert-node",
      "node": {
        "label": "reportQueryIsExpensive",
        "type": "SimpleName"
      },
      "location-after-char-start": 4947,
      "location-after-char-end": 4969,
      "node-str": "reportQueryIsExpensive"
    },
    {
      "type": "insert-node",
      "node": {
        "label": "",
        "type": "ExpressionStatement"
      },
      "location-after-char-start": 4996,
      "location-after-char-end": 5128,
      "node-str": ""
    },
    {
      "type": "insert-node",
      "node": {
        "label": "",
        "type": "ReturnStatement"
      },
      "location-after-char-start": 5141,
      "location-after-char-end": 5148,
      "node-str": ""
    },
    {
      "type": "insert-node",
      "node": {
        "label": "multiplier",
        "type": "SimpleName"
      },
      "location-after-char-start": 5405,
      "location-after-char-end": 5415,
      "node-str": "multiplier"
    },
    {
      "type": "insert-node",
      "node": {
        "label": "1",
        "type": "NumberLiteral"
      },
      "location-after-char-start": 5418,
      "location-after-char-end": 5419,
      "node-str": "1"
    },
    {
      "type": "insert-node",
      "node": {
        "label": "",
        "type": "MethodInvocation"
      },
      "location-after-char-start": 4918,
      "location-after-char-end": 4946,
      "node-str": ""
    },
    {
      "type": "insert-node",
      "node": {
        "label": "",
        "type": "MethodInvocation"
      },
      "location-after-char-start": 4996,
      "location-after-char-end": 5127,
      "node-str": ""
    },
    {
      "type": "insert-node",
      "node": {
        "label": "",
        "type": "METHOD_INVOCATION_RECEIVER"
      },
      "location-after-char-start": 4918,
      "location-after-char-end": 4924,
      "node-str": ""
    },
    {
      "type": "insert-node",
      "node": {
        "label": "getReportDefinition",
        "type": "SimpleName"
      },
      "location-after-char-start": 4925,
      "location-after-char-end": 4944,
      "node-str": "getReportDefinition"
    },
    {
      "type": "insert-node",
      "node": {
        "label": "",
        "type": "METHOD_INVOCATION_RECEIVER"
      },
      "location-after-char-start": 4996,
      "location-after-char-end": 5003,
      "node-str": ""
    },
    {
      "type": "insert-node",
      "node": {
        "label": "print",
        "type": "SimpleName"
      },
      "location-after-char-start": 5004,
      "location-after-char-end": 5009,
      "node-str": "print"
    },
    {
      "type": "insert-node",
      "node": {
        "label": "",
        "type": "METHOD_INVOCATION_ARGUMENTS"
      },
      "location-after-char-start": 5010,
      "location-after-char-end": 5126,
      "node-str": ""
    },
    {
      "type": "insert-node",
      "node": {
        "label": "report",
        "type": "SimpleName"
      },
      "location-after-char-start": 4918,
      "location-after-char-end": 4924,
      "node-str": "report"
    },
    {
      "type": "insert-node",
      "node": {
        "label": "printer",
        "type": "SimpleName"
      },
      "location-after-char-start": 4996,
      "location-after-char-end": 5003,
      "node-str": "printer"
    },
    {
      "type": "insert-node",
      "node": {
        "label": "",
        "type": "MethodInvocation"
      },
      "location-after-char-start": 5010,
      "location-after-char-end": 5126,
      "node-str": ""
    },
    {
      "type": "insert-node",
      "node": {
        "label": "",
        "type": "METHOD_INVOCATION_RECEIVER"
      },
      "location-after-char-start": 5010,
      "location-after-char-end": 5014,
      "node-str": ""
    },
    {
      "type": "insert-node",
      "node": {
        "label": "format",
        "type": "SimpleName"
      },
      "location-after-char-start": 5015,
      "location-after-char-end": 5021,
      "node-str": "format"
    },
    {
      "type": "insert-node",
      "node": {
        "label": "",
        "type": "METHOD_INVOCATION_ARGUMENTS"
      },
      "location-after-char-start": 5022,
      "location-after-char-end": 5125,
      "node-str": ""
    },
    {
      "type": "insert-node",
      "node": {
        "label": "l10n",
        "type": "SimpleName"
      },
      "location-after-char-start": 5010,
      "location-after-char-end": 5014,
      "node-str": "l10n"
    },
    {
      "type": "insert-node",
      "node": {
        "label": "\"ReportIsTooExpensive\"",
        "type": "StringLiteral"
      },
      "location-after-char-start": 5022,
      "location-after-char-end": 5044,
      "node-str": "\"ReportIsTooExpensive\""
    },
    {
      "type": "insert-node",
      "node": {
        "label": "",
        "type": "MethodInvocation"
      },
      "location-after-char-start": 5046,
      "location-after-char-end": 5125,
      "node-str": ""
    },
    {
      "type": "insert-node",
      "node": {
        "label": "",
        "type": "METHOD_INVOCATION_RECEIVER"
      },
      "location-after-char-start": 5046,
      "location-after-char-end": 5052,
      "node-str": ""
    },
    {
      "type": "insert-node",
      "node": {
        "label": "valueOf",
        "type": "SimpleName"
      },
      "location-after-char-start": 5053,
      "location-after-char-end": 5060,
      "node-str": "valueOf"
    },
    {
      "type": "insert-node",
      "node": {
        "label": "",
        "type": "METHOD_INVOCATION_ARGUMENTS"
      },
      "location-after-char-start": 5078,
      "location-after-char-end": 5124,
      "node-str": ""
    },
    {
      "type": "insert-node",
      "node": {
        "label": "String",
        "type": "SimpleName"
      },
      "location-after-char-start": 5046,
      "location-after-char-end": 5052,
      "node-str": "String"
    },
    {
      "type": "insert-node",
      "node": {
        "label": "",
        "type": "MethodInvocation"
      },
      "location-after-char-start": 5078,
      "location-after-char-end": 5124,
      "node-str": ""
    },
    {
      "type": "insert-node",
      "node": {
        "label": "",
        "type": "METHOD_INVOCATION_RECEIVER"
      },
      "location-after-char-start": 5078,
      "location-after-char-end": 5106,
      "node-str": ""
    },
    {
      "type": "insert-node",
      "node": {
        "label": "maximumHeadings",
        "type": "SimpleName"
      },
      "location-after-char-start": 5107,
      "location-after-char-end": 5122,
      "node-str": "maximumHeadings"
    },
    {
      "type": "insert-node",
      "node": {
        "label": "",
        "type": "MethodInvocation"
      },
      "location-after-char-start": 5078,
      "location-after-char-end": 5106,
      "node-str": ""
    },
    {
      "type": "insert-node",
      "node": {
        "label": "",
        "type": "METHOD_INVOCATION_RECEIVER"
      },
      "location-after-char-start": 5078,
      "location-after-char-end": 5084,
      "node-str": ""
    },
    {
      "type": "insert-node",
      "node": {
        "label": "getReportDefinition",
        "type": "SimpleName"
      },
      "location-after-char-start": 5085,
      "location-after-char-end": 5104,
      "node-str": "getReportDefinition"
    },
    {
      "type": "insert-node",
      "node": {
        "label": "report",
        "type": "SimpleName"
      },
      "location-after-char-start": 5078,
      "location-after-char-end": 5084,
      "node-str": "report"
    },
    {
      "type": "delete-node",
      "node": {
        "label": "org.tigris.scarab.screens",
        "type": "QualifiedName"
      },
      "location-before-char-start": 8,
      "location-before-char-end": 33,
      "node-str": "org.tigris.scarab.screens"
    },
    {
      "type": "delete-node",
      "node": {
        "label": "",
        "type": "PackageDeclaration"
      },
      "location-before-char-start": 0,
      "location-before-char-end": 34,
      "node-str": ""
    },
    {
      "type": "delete-node",
      "node": {
        "label": "java.util.Date",
        "type": "QualifiedName"
      },
      "location-before-char-start": 2368,
      "location-before-char-end": 2382,
      "node-str": "java.util.Date"
    },
    {
      "type": "delete-node",
      "node": {
        "label": "",
        "type": "ImportDeclaration"
      },
      "location-before-char-start": 2361,
      "location-before-char-end": 2383,
      "node-str": ""
    },
    {
      "type": "delete-node",
      "node": {
        "label": "java.util.List",
        "type": "QualifiedName"
      },
      "location-before-char-start": 2391,
      "location-before-char-end": 2405,
      "node-str": "java.util.List"
    },
    {
      "type": "delete-node",
      "node": {
        "label": "",
        "type": "ImportDeclaration"
      },
      "location-before-char-start": 2384,
      "location-before-char-end": 2406,
      "node-str": ""
    },
    {
      "type": "delete-node",
      "node": {
        "label": "java.util.Iterator",
        "type": "QualifiedName"
      },
      "location-before-char-start": 2414,
      "location-before-char-end": 2432,
      "node-str": "java.util.Iterator"
    },
    {
      "type": "delete-node",
      "node": {
        "label": "",
        "type": "ImportDeclaration"
      },
      "location-before-char-start": 2407,
      "location-before-char-end": 2433,
      "node-str": ""
    },
    {
      "type": "delete-node",
      "node": {
        "label": "java.text.DateFormat",
        "type": "QualifiedName"
      },
      "location-before-char-start": 2441,
      "location-before-char-end": 2461,
      "node-str": "java.text.DateFormat"
    },
    {
      "type": "delete-node",
      "node": {
        "label": "",
        "type": "ImportDeclaration"
      },
      "location-before-char-start": 2434,
      "location-before-char-end": 2462,
      "node-str": ""
    },
    {
      "type": "delete-node",
      "node": {
        "label": "java.text.SimpleDateFormat",
        "type": "QualifiedName"
      },
      "location-before-char-start": 2470,
      "location-before-char-end": 2496,
      "node-str": "java.text.SimpleDateFormat"
    },
    {
      "type": "delete-node",
      "node": {
        "label": "",
        "type": "ImportDeclaration"
      },
      "location-before-char-start": 2463,
      "location-before-char-end": 2497,
      "node-str": ""
    },
    {
      "type": "delete-node",
      "node": {
        "label": "org.apache.commons.lang.StringUtils",
        "type": "QualifiedName"
      },
      "location-before-char-start": 2506,
      "location-before-char-end": 2541,
      "node-str": "org.apache.commons.lang.StringUtils"
    },
    {
      "type": "delete-node",
      "node": {
        "label": "",
        "type": "ImportDeclaration"
      },
      "location-before-char-start": 2499,
      "location-before-char-end": 2542,
      "node-str": ""
    },
    {
      "type": "delete-node",
      "node": {
        "label": "org.apache.turbine.RunData",
        "type": "QualifiedName"
      },
      "location-before-char-start": 2551,
      "location-before-char-end": 2577,
      "node-str": "org.apache.turbine.RunData"
    },
    {
      "type": "delete-node",
      "node": {
        "label": "",
        "type": "ImportDeclaration"
      },
      "location-before-char-start": 2544,
      "location-before-char-end": 2578,
      "node-str": ""
    },
    {
      "type": "delete-node",
      "node": {
        "label": "org.apache.turbine.TemplateContext",
        "type": "QualifiedName"
      },
      "location-before-char-start": 2586,
      "location-before-char-end": 2620,
      "node-str": "org.apache.turbine.TemplateContext"
    },
    {
      "type": "delete-node",
      "node": {
        "label": "",
        "type": "ImportDeclaration"
      },
      "location-before-char-start": 2579,
      "location-before-char-end": 2621,
      "node-str": ""
    },
    {
      "type": "delete-node",
      "node": {
        "label": "org.tigris.scarab.om.ScarabUser",
        "type": "QualifiedName"
      },
      "location-before-char-start": 2630,
      "location-before-char-end": 2661,
      "node-str": "org.tigris.scarab.om.ScarabUser"
    },
    {
      "type": "delete-node",
      "node": {
        "label": "",
        "type": "ImportDeclaration"
      },
      "location-before-char-start": 2623,
      "location-before-char-end": 2662,
      "node-str": ""
    },
    {
      "type": "delete-node",
      "node": {
        "label": "org.tigris.scarab.reports.ReportBridge",
        "type": "QualifiedName"
      },
      "location-before-char-start": 2670,
      "location-before-char-end": 2708,
      "node-str": "org.tigris.scarab.reports.ReportBridge"
    },
    {
      "type": "delete-node",
      "node": {
        "label": "",
        "type": "ImportDeclaration"
      },
      "location-before-char-start": 2663,
      "location-before-char-end": 2709,
      "node-str": ""
    },
    {
      "type": "delete-node",
      "node": {
        "label": "org.tigris.scarab.reports.ReportDate",
        "type": "QualifiedName"
      },
      "location-before-char-start": 2717,
      "location-before-char-end": 2753,
      "node-str": "org.tigris.scarab.reports.ReportDate"
    },
    {
      "type": "delete-node",
      "node": {
        "label": "",
        "type": "ImportDeclaration"
      },
      "location-before-char-start": 2710,
      "location-before-char-end": 2754,
      "node-str": ""
    },
    {
      "type": "delete-node",
      "node": {
        "label": "org.tigris.scarab.reports.ReportGroup",
        "type": "QualifiedName"
      },
      "location-before-char-start": 2762,
      "location-before-char-end": 2799,
      "node-str": "org.tigris.scarab.reports.ReportGroup"
    },
    {
      "type": "delete-node",
      "node": {
        "label": "",
        "type": "ImportDeclaration"
      },
      "location-before-char-start": 2755,
      "location-before-char-end": 2800,
      "node-str": ""
    },
    {
      "type": "delete-node",
      "node": {
        "label": "org.tigris.scarab.reports.ReportOptionAttribute",
        "type": "QualifiedName"
      },
      "location-before-char-start": 2808,
      "location-before-char-end": 2855,
      "node-str": "org.tigris.scarab.reports.ReportOptionAttribute"
    },
    {
      "type": "delete-node",
      "node": {
        "label": "",
        "type": "ImportDeclaration"
      },
      "location-before-char-start": 2801,
      "location-before-char-end": 2856,
      "node-str": ""
    },
    {
      "type": "delete-node",
      "node": {
        "label": "org.tigris.scarab.reports.ReportHeading",
        "type": "QualifiedName"
      },
      "location-before-char-start": 2864,
      "location-before-char-end": 2903,
      "node-str": "org.tigris.scarab.reports.ReportHeading"
    },
    {
      "type": "delete-node",
      "node": {
        "label": "",
        "type": "ImportDeclaration"
      },
      "location-before-char-start": 2857,
      "location-before-char-end": 2904,
      "node-str": ""
    },
    {
      "type": "delete-node",
      "node": {
        "label": "org.tigris.scarab.reports.ReportTableModel",
        "type": "QualifiedName"
      },
      "location-before-char-start": 2912,
      "location-before-char-end": 2954,
      "node-str": "org.tigris.scarab.reports.ReportTableModel"
    },
    {
      "type": "delete-node",
      "node": {
        "label": "",
        "type": "ImportDeclaration"
      },
      "location-before-char-start": 2905,
      "location-before-char-end": 2955,
      "node-str": ""
    },
    {
      "type": "delete-node",
      "node": {
        "label": "org.tigris.scarab.reports.ReportUserAttribute",
        "type": "QualifiedName"
      },
      "location-before-char-start": 2963,
      "location-before-char-end": 3008,
      "node-str": "org.tigris.scarab.reports.ReportUserAttribute"
    },
    {
      "type": "delete-node",
      "node": {
        "label": "",
        "type": "ImportDeclaration"
      },
      "location-before-char-start": 2956,
      "location-before-char-end": 3009,
      "node-str": ""
    },
    {
      "type": "delete-node",
      "node": {
        "label": "org.tigris.scarab.tools.Format",
        "type": "QualifiedName"
      },
      "location-before-char-start": 3017,
      "location-before-char-end": 3047,
      "node-str": "org.tigris.scarab.tools.Format"
    },
    {
      "type": "delete-node",
      "node": {
        "label": "",
        "type": "ImportDeclaration"
      },
      "location-before-char-start": 3010,
      "location-before-char-end": 3048,
      "node-str": ""
    },
    {
      "type": "delete-node",
      "node": {
        "label": "org.tigris.scarab.tools.ScarabRequestTool",
        "type": "QualifiedName"
      },
      "location-before-char-start": 3056,
      "location-before-char-end": 3097,
      "node-str": "org.tigris.scarab.tools.ScarabRequestTool"
    },
    {
      "type": "delete-node",
      "node": {
        "label": "",
        "type": "ImportDeclaration"
      },
      "location-before-char-start": 3049,
      "location-before-char-end": 3098,
      "node-str": ""
    },
    {
      "type": "delete-node",
      "node": {
        "label": "org.tigris.scarab.tools.ScarabLocalizationTool",
        "type": "QualifiedName"
      },
      "location-before-char-start": 3106,
      "location-before-char-end": 3152,
      "node-str": "org.tigris.scarab.tools.ScarabLocalizationTool"
    },
    {
      "type": "delete-node",
      "node": {
        "label": "",
        "type": "ImportDeclaration"
      },
      "location-before-char-start": 3099,
      "location-before-char-end": 3153,
      "node-str": ""
    },
    {
      "type": "delete-node",
      "node": {
        "label": "org.tigris.scarab.util.Log",
        "type": "QualifiedName"
      },
      "location-before-char-start": 3161,
      "location-before-char-end": 3187,
      "node-str": "org.tigris.scarab.util.Log"
    },
    {
      "type": "delete-node",
      "node": {
        "label": "",
        "type": "ImportDeclaration"
      },
      "location-before-char-start": 3154,
      "location-before-char-end": 3188,
      "node-str": ""
    },
    {
      "type": "delete-node",
      "node": {
        "label": "Handles export of a report to non-web formats.",
        "type": "TextElement"
      },
      "location-before-char-start": 3197,
      "location-before-char-end": 3243,
      "node-str": "Handles export of a report to non-web formats."
    },
    {
      "type": "delete-node",
      "node": {
        "label": "",
        "type": "TagElement"
      },
      "location-before-char-start": 3197,
      "location-before-char-end": 3243,
      "node-str": ""
    },
    {
      "type": "delete-node",
      "node": {
        "label": " \u003ca href\u003d\"mailto:dlr@collab.net\"\u003eDaniel Rall\u003c/a\u003e",
        "type": "TextElement"
      },
      "location-before-char-start": 3257,
      "location-before-char-end": 3305,
      "node-str": " \u003ca href\u003d\"mailto:dlr@collab.net\"\u003eDaniel Rall\u003c/a\u003e"
    },
    {
      "type": "delete-node",
      "node": {
        "label": "",
        "type": "TagElement"
      },
      "location-before-char-start": 3250,
      "location-before-char-end": 3305,
      "node-str": ""
    },
    {
      "type": "delete-node",
      "node": {
        "label": " $Id$",
        "type": "TextElement"
      },
      "location-before-char-start": 3317,
      "location-before-char-end": 3322,
      "node-str": " $Id$"
    },
    {
      "type": "delete-node",
      "node": {
        "label": "",
        "type": "TagElement"
      },
      "location-before-char-start": 3309,
      "location-before-char-end": 3322,
      "node-str": ""
    },
    {
      "type": "delete-node",
      "node": {
        "label": "org.tigris.scarab.screens.DataExport",
        "type": "QualifiedName"
      },
      "location-before-char-start": 3331,
      "location-before-char-end": 3367,
      "node-str": "org.tigris.scarab.screens.DataExport"
    },
    {
      "type": "delete-node",
      "node": {
        "label": "",
        "type": "TagElement"
      },
      "location-before-char-start": 3326,
      "location-before-char-end": 3367,
      "node-str": ""
    },
    {
      "type": "delete-node",
      "node": {
        "label": " Scarab 1.0",
        "type": "TextElement"
      },
      "location-before-char-start": 3377,
      "location-before-char-end": 3388,
      "node-str": " Scarab 1.0"
    },
    {
      "type": "delete-node",
      "node": {
        "label": "",
        "type": "TagElement"
      },
      "location-before-char-start": 3371,
      "location-before-char-end": 3388,
      "node-str": ""
    },
    {
      "type": "delete-node",
      "node": {
        "label": "",
        "type": "Javadoc"
      },
      "location-before-char-start": 3190,
      "location-before-char-end": 3392,
      "node-str": ""
    },
    {
      "type": "delete-node",
      "node": {
        "label": "public",
        "type": "Modifier"
      },
      "location-before-char-start": 3393,
      "location-before-char-end": 3399,
      "node-str": "public"
    },
    {
      "type": "delete-node",
      "node": {
        "label": "class",
        "type": "TYPE_DECLARATION_KIND"
      },
      "location-before-char-start": 3400,
      "location-before-char-end": 3405,
      "node-str": "class"
    },
    {
      "type": "delete-node",
      "node": {
        "label": "ReportExport",
        "type": "SimpleName"
      },
      "location-before-char-start": 3406,
      "location-before-char-end": 3418,
      "node-str": "ReportExport"
    },
    {
      "type": "delete-node",
      "node": {
        "label": "DataExport",
        "type": "SimpleName"
      },
      "location-before-char-start": 3427,
      "location-before-char-end": 3437,
      "node-str": "DataExport"
    },
    {
      "type": "delete-node",
      "node": {
        "label": "",
        "type": "SimpleType"
      },
      "location-before-char-start": 3427,
      "location-before-char-end": 3437,
      "node-str": ""
    },
    {
      "type": "delete-node",
      "node": {
        "label": "Writes the response.",
        "type": "TextElement"
      },
      "location-before-char-start": 3574,
      "location-before-char-end": 3594,
      "node-str": "Writes the response."
    },
    {
      "type": "delete-node",
      "node": {
        "label": "Modelled after the \u003ccode\u003e#reportTable()\u003c/code\u003e Velocimacro.",
        "type": "TextElement"
      },
      "location-before-char-start": 3609,
      "location-before-char-end": 3668,
      "node-str": "Modelled after the \u003ccode\u003e#reportTable()\u003c/code\u003e Velocimacro."
    },
    {
      "type": "delete-node",
      "node": {
        "label": "",
        "type": "TagElement"
      },
      "location-before-char-start": 3574,
      "location-before-char-end": 3668,
      "node-str": ""
    },
    {
      "type": "delete-node",
      "node": {
        "label": "",
        "type": "Javadoc"
      },
      "location-before-char-start": 3563,
      "location-before-char-end": 3676,
      "node-str": ""
    },
    {
      "type": "delete-node",
      "node": {
        "label": "public",
        "type": "Modifier"
      },
      "location-before-char-start": 3681,
      "location-before-char-end": 3687,
      "node-str": "public"
    },
    {
      "type": "delete-node",
      "node": {
        "label": "void",
        "type": "PrimitiveType"
      },
      "location-before-char-start": 3688,
      "location-before-char-end": 3692,
      "node-str": "void"
    },
    {
      "type": "delete-node",
      "node": {
        "label": "doBuildTemplate",
        "type": "SimpleName"
      },
      "location-before-char-start": 3693,
      "location-before-char-end": 3708,
      "node-str": "doBuildTemplate"
    },
    {
      "type": "delete-node",
      "node": {
        "label": "RunData",
        "type": "SimpleName"
      },
      "location-before-char-start": 3709,
      "location-before-char-end": 3716,
      "node-str": "RunData"
    },
    {
      "type": "delete-node",
      "node": {
        "label": "",
        "type": "SimpleType"
      },
      "location-before-char-start": 3709,
      "location-before-char-end": 3716,
      "node-str": ""
    },
    {
      "type": "delete-node",
      "node": {
        "label": "data",
        "type": "SimpleName"
      },
      "location-before-char-start": 3717,
      "location-before-char-end": 3721,
      "node-str": "data"
    },
    {
      "type": "delete-node",
      "node": {
        "label": "",
        "type": "SingleVariableDeclaration"
      },
      "location-before-char-start": 3709,
      "location-before-char-end": 3721,
      "node-str": ""
    },
    {
      "type": "delete-node",
      "node": {
        "label": "TemplateContext",
        "type": "SimpleName"
      },
      "location-before-char-start": 3723,
      "location-before-char-end": 3738,
      "node-str": "TemplateContext"
    },
    {
      "type": "delete-node",
      "node": {
        "label": "",
        "type": "SimpleType"
      },
      "location-before-char-start": 3723,
      "location-before-char-end": 3738,
      "node-str": ""
    },
    {
      "type": "delete-node",
      "node": {
        "label": "context",
        "type": "SimpleName"
      },
      "location-before-char-start": 3739,
      "location-before-char-end": 3746,
      "node-str": "context"
    },
    {
      "type": "delete-node",
      "node": {
        "label": "",
        "type": "SingleVariableDeclaration"
      },
      "location-before-char-start": 3723,
      "location-before-char-end": 3746,
      "node-str": ""
    },
    {
      "type": "delete-node",
      "node": {
        "label": "Exception",
        "type": "SimpleName"
      },
      "location-before-char-start": 3763,
      "location-before-char-end": 3772,
      "node-str": "Exception"
    },
    {
      "type": "delete-node",
      "node": {
        "label": "",
        "type": "SimpleType"
      },
      "location-before-char-start": 3763,
      "location-before-char-end": 3772,
      "node-str": ""
    },
    {
      "type": "delete-node",
      "node": {
        "label": "doBuildTemplate",
        "type": "SimpleName"
      },
      "location-before-char-start": 3794,
      "location-before-char-end": 3809,
      "node-str": "doBuildTemplate"
    },
    {
      "type": "delete-node",
      "node": {
        "label": "data",
        "type": "SimpleName"
      },
      "location-before-char-start": 3810,
      "location-before-char-end": 3814,
      "node-str": "data"
    },
    {
      "type": "delete-node",
      "node": {
        "label": "context",
        "type": "SimpleName"
      },
      "location-before-char-start": 3816,
      "location-before-char-end": 3823,
      "node-str": "context"
    },
    {
      "type": "delete-node",
      "node": {
        "label": "",
        "type": "SuperMethodInvocation"
      },
      "location-before-char-start": 3788,
      "location-before-char-end": 3824,
      "node-str": ""
    },
    {
      "type": "delete-node",
      "node": {
        "label": "",
        "type": "ExpressionStatement"
      },
      "location-before-char-start": 3788,
      "location-before-char-end": 3825,
      "node-str": ""
    },
    {
      "type": "delete-node",
      "node": {
        "label": "int",
        "type": "PrimitiveType"
      },
      "location-before-char-start": 5104,
      "location-before-char-end": 5107,
      "node-str": "int"
    },
    {
      "type": "delete-node",
      "node": {
        "label": "multiplier",
        "type": "SimpleName"
      },
      "location-before-char-start": 5108,
      "location-before-char-end": 5118,
      "node-str": "multiplier"
    },
    {
      "type": "delete-node",
      "node": {
        "label": "1",
        "type": "NumberLiteral"
      },
      "location-before-char-start": 5121,
      "location-before-char-end": 5122,
      "node-str": "1"
    },
    {
      "type": "delete-node",
      "node": {
        "label": "",
        "type": "VariableDeclarationFragment"
      },
      "location-before-char-start": 5108,
      "location-before-char-end": 5122,
      "node-str": ""
    },
    {
      "type": "delete-node",
      "node": {
        "label": "",
        "type": "VariableDeclarationStatement"
      },
      "location-before-char-start": 5104,
      "location-before-char-end": 5123,
      "node-str": ""
    },
    {
      "type": "delete-node",
      "node": {
        "label": "",
        "type": "Block"
      },
      "location-before-char-start": 3778,
      "location-before-char-end": 9579,
      "node-str": ""
    },
    {
      "type": "delete-node",
      "node": {
        "label": "",
        "type": "MethodDeclaration"
      },
      "location-before-char-start": 3563,
      "location-before-char-end": 9579,
      "node-str": ""
    },
    {
      "type": "delete-node",
      "node": {
        "label": "",
        "type": "TypeDeclaration"
      },
      "location-before-char-start": 3190,
      "location-before-char-end": 11245,
      "node-str": ""
    }
  ],
  "before-file": {},
  "after-file": {},
  "mapping": {}
}