{
  "tool-info": {},
  "diff": [
    {
      "type": "insert-node",
      "node": {
        "label": "CommandManager",
        "type": "Class"
      },
      "location-after-char-start": 2908,
      "location-after-char-end": 33344,
      "node-str": "CommandManager"
    },
    {
      "type": "insert-node",
      "node": {
        "label": "final",
        "type": "Modifier"
      },
      "location-after-char-start": 0,
      "location-after-char-end": 0,
      "node-str": "final"
    },
    {
      "type": "insert-node",
      "node": {
        "label": "public",
        "type": "Modifier"
      },
      "location-after-char-start": 0,
      "location-after-char-end": 0,
      "node-str": "public"
    },
    {
      "type": "move-subtree",
      "node": {
        "label": "SEPARATOR",
        "type": "Field"
      },
      "location-before-char-start": 2973,
      "location-before-char-end": 3033,
      "location-after-char-start": 2973,
      "location-after-char-end": 3033,
      "node-str": "SEPARATOR"
    },
    {
      "type": "insert-node",
      "node": {
        "label": "instance",
        "type": "Field"
      },
      "location-after-char-start": 3051,
      "location-after-char-end": 3089,
      "node-str": "instance"
    },
    {
      "type": "move-subtree",
      "node": {
        "label": "getInstance",
        "type": "Method"
      },
      "location-before-char-start": 3093,
      "location-before-char-end": 3222,
      "location-after-char-start": 3093,
      "location-after-char-end": 3222,
      "node-str": "getInstance"
    },
    {
      "type": "move-subtree",
      "node": {
        "label": "isKeyConfigurationDefinitionChildOf",
        "type": "Method"
      },
      "location-before-char-start": 3226,
      "location-before-char-end": 3741,
      "location-after-char-start": 3226,
      "location-after-char-end": 3741,
      "node-str": "isKeyConfigurationDefinitionChildOf"
    },
    {
      "type": "move-subtree",
      "node": {
        "label": "validateContextBindingDefinitions",
        "type": "Method"
      },
      "location-before-char-start": 3746,
      "location-before-char-end": 4126,
      "location-after-char-start": 3746,
      "location-after-char-end": 4126,
      "node-str": "validateContextBindingDefinitions"
    },
    {
      "type": "move-subtree",
      "node": {
        "label": "validateImageBindingDefinitions",
        "type": "Method"
      },
      "location-before-char-start": 4133,
      "location-before-char-end": 4427,
      "location-after-char-start": 4133,
      "location-after-char-end": 4427,
      "node-str": "validateImageBindingDefinitions"
    },
    {
      "type": "move-subtree",
      "node": {
        "label": "validateKeyBindingDefinitions",
        "type": "Method"
      },
      "location-before-char-start": 4434,
      "location-before-char-end": 4879,
      "location-after-char-start": 4434,
      "location-after-char-end": 4879,
      "node-str": "validateKeyBindingDefinitions"
    },
    {
      "type": "move-subtree",
      "node": {
        "label": "validateKeySequence",
        "type": "Method"
      },
      "location-before-char-start": 4884,
      "location-before-char-end": 5271,
      "location-after-char-start": 4884,
      "location-after-char-end": 5271,
      "node-str": "validateKeySequence"
    },
    {
      "type": "move-subtree",
      "node": {
        "label": "validateKeyStroke",
        "type": "Method"
      },
      "location-before-char-start": 5275,
      "location-before-char-end": 5415,
      "location-after-char-start": 5275,
      "location-after-char-end": 5415,
      "node-str": "validateKeyStroke"
    },
    {
      "type": "insert-node",
      "node": {
        "label": "actionsById",
        "type": "Field"
      },
      "location-after-char-start": 5419,
      "location-after-char-end": 5458,
      "node-str": "actionsById"
    },
    {
      "type": "move-subtree",
      "node": {
        "label": "activeContextIds",
        "type": "Field"
      },
      "location-before-char-start": 5462,
      "location-before-char-end": 5516,
      "location-after-char-start": 5462,
      "location-after-char-end": 5516,
      "node-str": "activeContextIds"
    },
    {
      "type": "insert-node",
      "node": {
        "label": "activeContextIdsAsSet",
        "type": "Field"
      },
      "location-after-char-start": 5519,
      "location-after-char-end": 5568,
      "node-str": "activeContextIdsAsSet"
    },
    {
      "type": "insert-node",
      "node": {
        "label": "activeKeyConfigurationId",
        "type": "Field"
      },
      "location-after-char-start": 5571,
      "location-after-char-end": 5617,
      "node-str": "activeKeyConfigurationId"
    },
    {
      "type": "insert-node",
      "node": {
        "label": "activeLocale",
        "type": "Field"
      },
      "location-after-char-start": 5620,
      "location-after-char-end": 5654,
      "node-str": "activeLocale"
    },
    {
      "type": "insert-node",
      "node": {
        "label": "activePlatform",
        "type": "Field"
      },
      "location-after-char-start": 5657,
      "location-after-char-end": 5693,
      "node-str": "activePlatform"
    },
    {
      "type": "insert-node",
      "node": {
        "label": "categoriesById",
        "type": "Field"
      },
      "location-after-char-start": 5697,
      "location-after-char-end": 5745,
      "node-str": "categoriesById"
    },
    {
      "type": "insert-node",
      "node": {
        "label": "categoryDefinitionsById",
        "type": "Field"
      },
      "location-after-char-start": 5749,
      "location-after-char-end": 5806,
      "node-str": "categoryDefinitionsById"
    },
    {
      "type": "insert-node",
      "node": {
        "label": "commandDefinitionsById",
        "type": "Field"
      },
      "location-after-char-start": 5809,
      "location-after-char-end": 5865,
      "node-str": "commandDefinitionsById"
    },
    {
      "type": "insert-node",
      "node": {
        "label": "commandIdsByActionIds",
        "type": "Field"
      },
      "location-after-char-start": 5868,
      "location-after-char-end": 5917,
      "node-str": "commandIdsByActionIds"
    },
    {
      "type": "insert-node",
      "node": {
        "label": "commandManagerEvent",
        "type": "Field"
      },
      "location-after-char-start": 5939,
      "location-after-char-end": 5987,
      "node-str": "commandManagerEvent"
    },
    {
      "type": "insert-node",
      "node": {
        "label": "commandManagerListeners",
        "type": "Field"
      },
      "location-after-char-start": 5990,
      "location-after-char-end": 6026,
      "node-str": "commandManagerListeners"
    },
    {
      "type": "insert-node",
      "node": {
        "label": "commandsById",
        "type": "Field"
      },
      "location-after-char-start": 6029,
      "location-after-char-end": 6075,
      "node-str": "commandsById"
    },
    {
      "type": "insert-node",
      "node": {
        "label": "contextBindingsByCommandId",
        "type": "Field"
      },
      "location-after-char-start": 6079,
      "location-after-char-end": 6139,
      "node-str": "contextBindingsByCommandId"
    },
    {
      "type": "insert-node",
      "node": {
        "label": "definedCategoryIds",
        "type": "Field"
      },
      "location-after-char-start": 6143,
      "location-after-char-end": 6195,
      "node-str": "definedCategoryIds"
    },
    {
      "type": "insert-node",
      "node": {
        "label": "definedCommandIds",
        "type": "Field"
      },
      "location-after-char-start": 6198,
      "location-after-char-end": 6249,
      "node-str": "definedCommandIds"
    },
    {
      "type": "insert-node",
      "node": {
        "label": "definedKeyConfigurationIds",
        "type": "Field"
      },
      "location-after-char-start": 6252,
      "location-after-char-end": 6312,
      "node-str": "definedKeyConfigurationIds"
    },
    {
      "type": "insert-node",
      "node": {
        "label": "imageBindingsByCommandId",
        "type": "Field"
      },
      "location-after-char-start": 6316,
      "location-after-char-end": 6368,
      "node-str": "imageBindingsByCommandId"
    },
    {
      "type": "insert-node",
      "node": {
        "label": "keyBindingsByCommandId",
        "type": "Field"
      },
      "location-after-char-start": 6371,
      "location-after-char-end": 6421,
      "node-str": "keyBindingsByCommandId"
    },
    {
      "type": "insert-node",
      "node": {
        "label": "keyBindingMachine",
        "type": "Field"
      },
      "location-after-char-start": 6424,
      "location-after-char-end": 6509,
      "node-str": "keyBindingMachine"
    },
    {
      "type": "insert-node",
      "node": {
        "label": "keyConfigurationDefinitionsById",
        "type": "Field"
      },
      "location-after-char-start": 6512,
      "location-after-char-end": 6577,
      "node-str": "keyConfigurationDefinitionsById"
    },
    {
      "type": "insert-node",
      "node": {
        "label": "keyConfigurationsById",
        "type": "Field"
      },
      "location-after-char-start": 6580,
      "location-after-char-end": 6635,
      "node-str": "keyConfigurationsById"
    },
    {
      "type": "insert-node",
      "node": {
        "label": "extensionCommandRegistry",
        "type": "Field"
      },
      "location-after-char-start": 6639,
      "location-after-char-end": 6696,
      "node-str": "extensionCommandRegistry"
    },
    {
      "type": "move-subtree",
      "node": {
        "label": "extensionContextBindingDefinitions",
        "type": "Field"
      },
      "location-before-char-start": 6699,
      "location-before-char-end": 6775,
      "location-after-char-start": 6699,
      "location-after-char-end": 6775,
      "node-str": "extensionContextBindingDefinitions"
    },
    {
      "type": "move-subtree",
      "node": {
        "label": "pluginImageBindingDefinitions",
        "type": "Field"
      },
      "location-before-char-start": 6778,
      "location-before-char-end": 6849,
      "location-after-char-start": 6778,
      "location-after-char-end": 6849,
      "node-str": "pluginImageBindingDefinitions"
    },
    {
      "type": "move-subtree",
      "node": {
        "label": "pluginKeyBindingDefinitions",
        "type": "Field"
      },
      "location-before-char-start": 6852,
      "location-before-char-end": 6921,
      "location-after-char-start": 6852,
      "location-after-char-end": 6921,
      "node-str": "pluginKeyBindingDefinitions"
    },
    {
      "type": "insert-node",
      "node": {
        "label": "preferenceCommandRegistry",
        "type": "Field"
      },
      "location-after-char-start": 6924,
      "location-after-char-end": 6983,
      "node-str": "preferenceCommandRegistry"
    },
    {
      "type": "move-subtree",
      "node": {
        "label": "preferenceContextBindingDefinitions",
        "type": "Field"
      },
      "location-before-char-start": 6986,
      "location-before-char-end": 7063,
      "location-after-char-start": 6986,
      "location-after-char-end": 7063,
      "node-str": "preferenceContextBindingDefinitions"
    },
    {
      "type": "move-subtree",
      "node": {
        "label": "preferenceImageBindingDefinitions",
        "type": "Field"
      },
      "location-before-char-start": 7066,
      "location-before-char-end": 7141,
      "location-after-char-start": 7066,
      "location-after-char-end": 7141,
      "node-str": "preferenceImageBindingDefinitions"
    },
    {
      "type": "move-subtree",
      "node": {
        "label": "preferenceKeyBindingDefinitions",
        "type": "Field"
      },
      "location-before-char-start": 7144,
      "location-before-char-end": 7217,
      "location-after-char-start": 7144,
      "location-after-char-end": 7217,
      "node-str": "preferenceKeyBindingDefinitions"
    },
    {
      "type": "move-subtree",
      "node": {
        "label": "\u003cinit\u003e",
        "type": "Constructor"
      },
      "location-before-char-start": 7222,
      "location-before-char-end": 8278,
      "location-after-char-start": 7222,
      "location-after-char-end": 8278,
      "node-str": "\u003cinit\u003e"
    },
    {
      "type": "move-subtree",
      "node": {
        "label": "addCommandManagerListener",
        "type": "Method"
      },
      "location-before-char-start": 8282,
      "location-before-char-end": 8659,
      "location-after-char-start": 8282,
      "location-after-char-end": 8659,
      "node-str": "addCommandManagerListener"
    },
    {
      "type": "move-subtree",
      "node": {
        "label": "getActionsById",
        "type": "Method"
      },
      "location-before-char-start": 8663,
      "location-before-char-end": 8745,
      "location-after-char-start": 8663,
      "location-after-char-end": 8745,
      "node-str": "getActionsById"
    },
    {
      "type": "move-subtree",
      "node": {
        "label": "getActiveContextIds",
        "type": "Method"
      },
      "location-before-char-start": 8749,
      "location-before-char-end": 8843,
      "location-after-char-start": 8749,
      "location-after-char-end": 8843,
      "node-str": "getActiveContextIds"
    },
    {
      "type": "move-subtree",
      "node": {
        "label": "getActiveKeyConfigurationId",
        "type": "Method"
      },
      "location-before-char-start": 8847,
      "location-before-char-end": 8931,
      "location-after-char-start": 8847,
      "location-after-char-end": 8931,
      "node-str": "getActiveKeyConfigurationId"
    },
    {
      "type": "move-subtree",
      "node": {
        "label": "getActiveLocale",
        "type": "Method"
      },
      "location-before-char-start": 8936,
      "location-before-char-end": 8994,
      "location-after-char-start": 8936,
      "location-after-char-end": 8994,
      "node-str": "getActiveLocale"
    },
    {
      "type": "move-subtree",
      "node": {
        "label": "getActivePlatform",
        "type": "Method"
      },
      "location-before-char-start": 8999,
      "location-before-char-end": 9061,
      "location-after-char-start": 8999,
      "location-after-char-end": 9061,
      "node-str": "getActivePlatform"
    },
    {
      "type": "move-subtree",
      "node": {
        "label": "getCategory",
        "type": "Method"
      },
      "location-before-char-start": 9065,
      "location-before-char-end": 9417,
      "location-after-char-start": 9065,
      "location-after-char-end": 9417,
      "node-str": "getCategory"
    },
    {
      "type": "move-subtree",
      "node": {
        "label": "getCommand",
        "type": "Method"
      },
      "location-before-char-start": 9421,
      "location-before-char-end": 9752,
      "location-after-char-start": 9421,
      "location-after-char-end": 9752,
      "node-str": "getCommand"
    },
    {
      "type": "move-subtree",
      "node": {
        "label": "getDefinedCategoryIds",
        "type": "Method"
      },
      "location-before-char-start": 9756,
      "location-before-char-end": 9864,
      "location-after-char-start": 9756,
      "location-after-char-end": 9864,
      "node-str": "getDefinedCategoryIds"
    },
    {
      "type": "move-subtree",
      "node": {
        "label": "getDefinedCommandIds",
        "type": "Method"
      },
      "location-before-char-start": 9869,
      "location-before-char-end": 9975,
      "location-after-char-start": 9869,
      "location-after-char-end": 9975,
      "node-str": "getDefinedCommandIds"
    },
    {
      "type": "move-subtree",
      "node": {
        "label": "getDefinedKeyConfigurationIds",
        "type": "Method"
      },
      "location-before-char-start": 9980,
      "location-before-char-end": 10104,
      "location-after-char-start": 9980,
      "location-after-char-end": 10104,
      "node-str": "getDefinedKeyConfigurationIds"
    },
    {
      "type": "move-subtree",
      "node": {
        "label": "getKeyConfiguration",
        "type": "Method"
      },
      "location-before-char-start": 10108,
      "location-before-char-end": 10610,
      "location-after-char-start": 10108,
      "location-after-char-end": 10610,
      "node-str": "getKeyConfiguration"
    },
    {
      "type": "insert-node",
      "node": {
        "label": "getKeySequenceBindingsByCommandId",
        "type": "Method"
      },
      "location-after-char-start": 10614,
      "location-after-char-end": 10743,
      "node-str": "getKeySequenceBindingsByCommandId"
    },
    {
      "type": "insert-node",
      "node": {
        "label": "getKeySequenceBindingsByCommandIdForMode",
        "type": "Method"
      },
      "location-after-char-start": 10748,
      "location-after-char-end": 10868,
      "node-str": "getKeySequenceBindingsByCommandIdForMode"
    },
    {
      "type": "move-subtree",
      "node": {
        "label": "getMatchesByKeySequence",
        "type": "Method"
      },
      "location-before-char-start": 10856,
      "location-before-char-end": 10950,
      "location-after-char-start": 10872,
      "location-after-char-end": 10966,
      "node-str": "getMatchesByKeySequence"
    },
    {
      "type": "move-subtree",
      "node": {
        "label": "getMatchesByKeySequenceForMode",
        "type": "Method"
      },
      "location-before-char-start": 10954,
      "location-before-char-end": 11062,
      "location-after-char-start": 10970,
      "location-after-char-end": 11078,
      "node-str": "getMatchesByKeySequenceForMode"
    },
    {
      "type": "move-subtree",
      "node": {
        "label": "getMode",
        "type": "Method"
      },
      "location-before-char-start": 11066,
      "location-before-char-end": 11137,
      "location-after-char-start": 11082,
      "location-after-char-end": 11153,
      "node-str": "getMode"
    },
    {
      "type": "move-subtree",
      "node": {
        "label": "setMode",
        "type": "Method"
      },
      "location-before-char-start": 11142,
      "location-before-char-end": 11228,
      "location-after-char-start": 11158,
      "location-after-char-end": 11244,
      "node-str": "setMode"
    },
    {
      "type": "move-subtree",
      "node": {
        "label": "guessCommandIdFromActionId",
        "type": "Method"
      },
      "location-before-char-start": 11232,
      "location-before-char-end": 11365,
      "location-after-char-start": 11248,
      "location-after-char-end": 11381,
      "node-str": "guessCommandIdFromActionId"
    },
    {
      "type": "insert-node",
      "node": {
        "label": "getAccelerator",
        "type": "Method"
      },
      "location-after-char-start": 11385,
      "location-after-char-end": 12252,
      "node-str": "getAccelerator"
    },
    {
      "type": "insert-node",
      "node": {
        "label": "getAcceleratorText",
        "type": "Method"
      },
      "location-after-char-start": 12258,
      "location-after-char-end": 12888,
      "node-str": "getAcceleratorText"
    },
    {
      "type": "move-subtree",
      "node": {
        "label": "removeCommandManagerListener",
        "type": "Method"
      },
      "location-before-char-start": 12861,
      "location-before-char-end": 13151,
      "location-after-char-start": 12893,
      "location-after-char-end": 13183,
      "node-str": "removeCommandManagerListener"
    },
    {
      "type": "move-subtree",
      "node": {
        "label": "setActionsById",
        "type": "Method"
      },
      "location-before-char-start": 13155,
      "location-before-char-end": 14150,
      "location-after-char-start": 13187,
      "location-after-char-end": 14182,
      "node-str": "setActionsById"
    },
    {
      "type": "move-subtree",
      "node": {
        "label": "setActiveContextIds",
        "type": "Method"
      },
      "location-before-char-start": 14154,
      "location-before-char-end": 14797,
      "location-after-char-start": 14186,
      "location-after-char-end": 14829,
      "node-str": "setActiveContextIds"
    },
    {
      "type": "move-subtree",
      "node": {
        "label": "setActiveLocale",
        "type": "Method"
      },
      "location-before-char-start": 14801,
      "location-before-char-end": 15323,
      "location-after-char-start": 14833,
      "location-after-char-end": 15355,
      "node-str": "setActiveLocale"
    },
    {
      "type": "move-subtree",
      "node": {
        "label": "setActivePlatform",
        "type": "Method"
      },
      "location-before-char-start": 15328,
      "location-before-char-end": 15865,
      "location-after-char-start": 15360,
      "location-after-char-end": 15897,
      "node-str": "setActivePlatform"
    },
    {
      "type": "move-subtree",
      "node": {
        "label": "calculateContextBindings",
        "type": "Method"
      },
      "location-before-char-start": 15869,
      "location-before-char-end": 16755,
      "location-after-char-start": 15901,
      "location-after-char-end": 16787,
      "node-str": "calculateContextBindings"
    },
    {
      "type": "move-subtree",
      "node": {
        "label": "calculateImageBindings",
        "type": "Method"
      },
      "location-before-char-start": 16759,
      "location-before-char-end": 16953,
      "location-after-char-start": 16791,
      "location-after-char-end": 16985,
      "node-str": "calculateImageBindings"
    },
    {
      "type": "move-subtree",
      "node": {
        "label": "calculateKeyBindings",
        "type": "Method"
      },
      "location-before-char-start": 16958,
      "location-before-char-end": 18769,
      "location-after-char-start": 16990,
      "location-after-char-end": 18801,
      "node-str": "calculateKeyBindings"
    },
    {
      "type": "move-subtree",
      "node": {
        "label": "extend",
        "type": "Method"
      },
      "location-before-char-start": 18773,
      "location-before-char-end": 18978,
      "location-after-char-start": 18805,
      "location-after-char-end": 19010,
      "node-str": "extend"
    },
    {
      "type": "move-subtree",
      "node": {
        "label": "fireCommandManagerChanged",
        "type": "Method"
      },
      "location-before-char-start": 18983,
      "location-before-char-end": 19355,
      "location-after-char-start": 19015,
      "location-after-char-end": 19387,
      "node-str": "fireCommandManagerChanged"
    },
    {
      "type": "move-subtree",
      "node": {
        "label": "getKeyConfigurationIds",
        "type": "Method"
      },
      "location-before-char-start": 19360,
      "location-before-char-end": 20102,
      "location-after-char-start": 19392,
      "location-after-char-end": 20134,
      "node-str": "getKeyConfigurationIds"
    },
    {
      "type": "move-subtree",
      "node": {
        "label": "getPath",
        "type": "Method"
      },
      "location-before-char-start": 20106,
      "location-before-char-end": 20881,
      "location-after-char-start": 20138,
      "location-after-char-end": 20913,
      "node-str": "getPath"
    },
    {
      "type": "move-subtree",
      "node": {
        "label": "getExtensionCommandRegistry",
        "type": "Method"
      },
      "location-before-char-start": 20885,
      "location-before-char-end": 20994,
      "location-after-char-start": 20917,
      "location-after-char-end": 21026,
      "node-str": "getExtensionCommandRegistry"
    },
    {
      "type": "move-subtree",
      "node": {
        "label": "getPreferenceCommandRegistry",
        "type": "Method"
      },
      "location-before-char-start": 20998,
      "location-before-char-end": 21109,
      "location-after-char-start": 21030,
      "location-after-char-end": 21141,
      "node-str": "getPreferenceCommandRegistry"
    },
    {
      "type": "move-subtree",
      "node": {
        "label": "inContext",
        "type": "Method"
      },
      "location-before-char-start": 21113,
      "location-before-char-end": 21479,
      "location-after-char-start": 21145,
      "location-after-char-end": 21511,
      "node-str": "inContext"
    },
    {
      "type": "move-subtree",
      "node": {
        "label": "loadPreferenceCommandRegistry",
        "type": "Method"
      },
      "location-before-char-start": 21483,
      "location-before-char-end": 21638,
      "location-after-char-start": 21515,
      "location-after-char-end": 21670,
      "node-str": "loadPreferenceCommandRegistry"
    },
    {
      "type": "move-subtree",
      "node": {
        "label": "notifyCategories",
        "type": "Method"
      },
      "location-before-char-start": 21642,
      "location-before-char-end": 21969,
      "location-after-char-start": 21674,
      "location-after-char-end": 22001,
      "node-str": "notifyCategories"
    },
    {
      "type": "move-subtree",
      "node": {
        "label": "notifyCommands",
        "type": "Method"
      },
      "location-before-char-start": 21973,
      "location-before-char-end": 22286,
      "location-after-char-start": 22005,
      "location-after-char-end": 22318,
      "node-str": "notifyCommands"
    },
    {
      "type": "move-subtree",
      "node": {
        "label": "notifyKeyConfigurations",
        "type": "Method"
      },
      "location-before-char-start": 22290,
      "location-before-char-end": 22711,
      "location-after-char-start": 22322,
      "location-after-char-end": 22743,
      "node-str": "notifyKeyConfigurations"
    },
    {
      "type": "move-subtree",
      "node": {
        "label": "readRegistry",
        "type": "Method"
      },
      "location-before-char-start": 22715,
      "location-before-char-end": 29372,
      "location-after-char-start": 22747,
      "location-after-char-end": 29404,
      "node-str": "readRegistry"
    },
    {
      "type": "move-subtree",
      "node": {
        "label": "updateCategories",
        "type": "Method"
      },
      "location-before-char-start": 29376,
      "location-before-char-end": 29798,
      "location-after-char-start": 29408,
      "location-after-char-end": 29830,
      "node-str": "updateCategories"
    },
    {
      "type": "move-subtree",
      "node": {
        "label": "updateCategory",
        "type": "Method"
      },
      "location-before-char-start": 29802,
      "location-before-char-end": 30284,
      "location-after-char-start": 29834,
      "location-after-char-end": 30316,
      "node-str": "updateCategory"
    },
    {
      "type": "move-subtree",
      "node": {
        "label": "updateCommand",
        "type": "Method"
      },
      "location-before-char-start": 30288,
      "location-before-char-end": 31518,
      "location-after-char-start": 30320,
      "location-after-char-end": 31550,
      "node-str": "updateCommand"
    },
    {
      "type": "move-subtree",
      "node": {
        "label": "updateCommands",
        "type": "Method"
      },
      "location-before-char-start": 31522,
      "location-before-char-end": 31929,
      "location-after-char-start": 31554,
      "location-after-char-end": 31961,
      "node-str": "updateCommands"
    },
    {
      "type": "move-subtree",
      "node": {
        "label": "updateKeyConfiguration",
        "type": "Method"
      },
      "location-before-char-start": 31934,
      "location-before-char-end": 32777,
      "location-after-char-start": 31966,
      "location-after-char-end": 32809,
      "node-str": "updateKeyConfiguration"
    },
    {
      "type": "move-subtree",
      "node": {
        "label": "updateKeyConfigurations",
        "type": "Method"
      },
      "location-before-char-start": 32781,
      "location-before-char-end": 33310,
      "location-after-char-start": 32813,
      "location-after-char-end": 33342,
      "node-str": "updateKeyConfigurations"
    },
    {
      "type": "insert-node",
      "node": {
        "label": "org.eclipse.ui.internal.commands.older.CommandManager",
        "type": "VARIABLE_TYPE"
      },
      "location-after-char-start": 0,
      "location-after-char-end": 0,
      "node-str": "org.eclipse.ui.internal.commands.older.CommandManager"
    },
    {
      "type": "insert-node",
      "node": {
        "label": "static",
        "type": "Modifier"
      },
      "location-after-char-start": 0,
      "location-after-char-end": 0,
      "node-str": "static"
    },
    {
      "type": "insert-node",
      "node": {
        "label": "java.util.Map",
        "type": "VARIABLE_TYPE"
      },
      "location-after-char-start": 0,
      "location-after-char-end": 0,
      "node-str": "java.util.Map"
    },
    {
      "type": "insert-node",
      "node": {
        "label": "java.util.HashMap()",
        "type": "ConstructorCall"
      },
      "location-after-char-start": 5445,
      "location-after-char-end": 5457,
      "node-str": "java.util.HashMap()"
    },
    {
      "type": "insert-node",
      "node": {
        "label": "java.util.Set",
        "type": "VARIABLE_TYPE"
      },
      "location-after-char-start": 0,
      "location-after-char-end": 0,
      "node-str": "java.util.Set"
    },
    {
      "type": "insert-node",
      "node": {
        "label": "java.util.HashSet()",
        "type": "ConstructorCall"
      },
      "location-after-char-start": 5555,
      "location-after-char-end": 5567,
      "node-str": "java.util.HashSet()"
    },
    {
      "type": "insert-node",
      "node": {
        "label": "java.lang.String",
        "type": "VARIABLE_TYPE"
      },
      "location-after-char-start": 0,
      "location-after-char-end": 0,
      "node-str": "java.lang.String"
    },
    {
      "type": "insert-node",
      "node": {
        "label": "null",
        "type": "Literal"
      },
      "location-after-char-start": 5613,
      "location-after-char-end": 5616,
      "node-str": "null"
    },
    {
      "type": "insert-node",
      "node": {
        "label": "java.lang.String",
        "type": "VARIABLE_TYPE"
      },
      "location-after-char-start": 0,
      "location-after-char-end": 0,
      "node-str": "java.lang.String"
    },
    {
      "type": "insert-node",
      "node": {
        "label": "null",
        "type": "Literal"
      },
      "location-after-char-start": 5650,
      "location-after-char-end": 5653,
      "node-str": "null"
    },
    {
      "type": "insert-node",
      "node": {
        "label": "java.lang.String",
        "type": "VARIABLE_TYPE"
      },
      "location-after-char-start": 0,
      "location-after-char-end": 0,
      "node-str": "java.lang.String"
    },
    {
      "type": "insert-node",
      "node": {
        "label": "null",
        "type": "Literal"
      },
      "location-after-char-start": 5689,
      "location-after-char-end": 5692,
      "node-str": "null"
    },
    {
      "type": "insert-node",
      "node": {
        "label": "java.util.SortedMap",
        "type": "VARIABLE_TYPE"
      },
      "location-after-char-start": 0,
      "location-after-char-end": 0,
      "node-str": "java.util.SortedMap"
    },
    {
      "type": "insert-node",
      "node": {
        "label": "java.util.TreeMap()",
        "type": "ConstructorCall"
      },
      "location-after-char-start": 5732,
      "location-after-char-end": 5744,
      "node-str": "java.util.TreeMap()"
    },
    {
      "type": "insert-node",
      "node": {
        "label": "java.util.SortedMap",
        "type": "VARIABLE_TYPE"
      },
      "location-after-char-start": 0,
      "location-after-char-end": 0,
      "node-str": "java.util.SortedMap"
    },
    {
      "type": "insert-node",
      "node": {
        "label": "java.util.TreeMap()",
        "type": "ConstructorCall"
      },
      "location-after-char-start": 5793,
      "location-after-char-end": 5805,
      "node-str": "java.util.TreeMap()"
    },
    {
      "type": "insert-node",
      "node": {
        "label": "java.util.SortedMap",
        "type": "VARIABLE_TYPE"
      },
      "location-after-char-start": 0,
      "location-after-char-end": 0,
      "node-str": "java.util.SortedMap"
    },
    {
      "type": "insert-node",
      "node": {
        "label": "java.util.TreeMap()",
        "type": "ConstructorCall"
      },
      "location-after-char-start": 5852,
      "location-after-char-end": 5864,
      "node-str": "java.util.TreeMap()"
    },
    {
      "type": "insert-node",
      "node": {
        "label": "java.util.Map",
        "type": "VARIABLE_TYPE"
      },
      "location-after-char-start": 0,
      "location-after-char-end": 0,
      "node-str": "java.util.Map"
    },
    {
      "type": "insert-node",
      "node": {
        "label": "java.util.HashMap()",
        "type": "ConstructorCall"
      },
      "location-after-char-start": 5904,
      "location-after-char-end": 5916,
      "node-str": "java.util.HashMap()"
    },
    {
      "type": "insert-node",
      "node": {
        "label": "org.eclipse.ui.internal.commands.api.older.ICommandManagerEvent",
        "type": "VARIABLE_TYPE"
      },
      "location-after-char-start": 0,
      "location-after-char-end": 0,
      "node-str": "org.eclipse.ui.internal.commands.api.older.ICommandManagerEvent"
    },
    {
      "type": "insert-node",
      "node": {
        "label": "java.util.List",
        "type": "VARIABLE_TYPE"
      },
      "location-after-char-start": 0,
      "location-after-char-end": 0,
      "node-str": "java.util.List"
    },
    {
      "type": "insert-node",
      "node": {
        "label": "java.util.SortedMap",
        "type": "VARIABLE_TYPE"
      },
      "location-after-char-start": 0,
      "location-after-char-end": 0,
      "node-str": "java.util.SortedMap"
    },
    {
      "type": "insert-node",
      "node": {
        "label": "java.util.TreeMap()",
        "type": "ConstructorCall"
      },
      "location-after-char-start": 6062,
      "location-after-char-end": 6074,
      "node-str": "java.util.TreeMap()"
    },
    {
      "type": "insert-node",
      "node": {
        "label": "java.util.SortedMap",
        "type": "VARIABLE_TYPE"
      },
      "location-after-char-start": 0,
      "location-after-char-end": 0,
      "node-str": "java.util.SortedMap"
    },
    {
      "type": "insert-node",
      "node": {
        "label": "java.util.TreeMap()",
        "type": "ConstructorCall"
      },
      "location-after-char-start": 6126,
      "location-after-char-end": 6138,
      "node-str": "java.util.TreeMap()"
    },
    {
      "type": "insert-node",
      "node": {
        "label": "java.util.SortedSet",
        "type": "VARIABLE_TYPE"
      },
      "location-after-char-start": 0,
      "location-after-char-end": 0,
      "node-str": "java.util.SortedSet"
    },
    {
      "type": "insert-node",
      "node": {
        "label": "java.util.TreeSet()",
        "type": "ConstructorCall"
      },
      "location-after-char-start": 6182,
      "location-after-char-end": 6194,
      "node-str": "java.util.TreeSet()"
    },
    {
      "type": "insert-node",
      "node": {
        "label": "java.util.SortedSet",
        "type": "VARIABLE_TYPE"
      },
      "location-after-char-start": 0,
      "location-after-char-end": 0,
      "node-str": "java.util.SortedSet"
    },
    {
      "type": "insert-node",
      "node": {
        "label": "java.util.TreeSet()",
        "type": "ConstructorCall"
      },
      "location-after-char-start": 6236,
      "location-after-char-end": 6248,
      "node-str": "java.util.TreeSet()"
    },
    {
      "type": "insert-node",
      "node": {
        "label": "java.util.SortedSet",
        "type": "VARIABLE_TYPE"
      },
      "location-after-char-start": 0,
      "location-after-char-end": 0,
      "node-str": "java.util.SortedSet"
    },
    {
      "type": "insert-node",
      "node": {
        "label": "java.util.TreeSet()",
        "type": "ConstructorCall"
      },
      "location-after-char-start": 6299,
      "location-after-char-end": 6311,
      "node-str": "java.util.TreeSet()"
    },
    {
      "type": "insert-node",
      "node": {
        "label": "java.util.Map",
        "type": "VARIABLE_TYPE"
      },
      "location-after-char-start": 0,
      "location-after-char-end": 0,
      "node-str": "java.util.Map"
    },
    {
      "type": "insert-node",
      "node": {
        "label": "java.util.TreeMap()",
        "type": "ConstructorCall"
      },
      "location-after-char-start": 6355,
      "location-after-char-end": 6367,
      "node-str": "java.util.TreeMap()"
    },
    {
      "type": "insert-node",
      "node": {
        "label": "java.util.Map",
        "type": "VARIABLE_TYPE"
      },
      "location-after-char-start": 0,
      "location-after-char-end": 0,
      "node-str": "java.util.Map"
    },
    {
      "type": "insert-node",
      "node": {
        "label": "java.util.TreeMap()",
        "type": "ConstructorCall"
      },
      "location-after-char-start": 6408,
      "location-after-char-end": 6420,
      "node-str": "java.util.TreeMap()"
    },
    {
      "type": "insert-node",
      "node": {
        "label": "org.eclipse.ui.internal.commands.older.KeySequenceBindingMachine",
        "type": "VARIABLE_TYPE"
      },
      "location-after-char-start": 0,
      "location-after-char-end": 0,
      "node-str": "org.eclipse.ui.internal.commands.older.KeySequenceBindingMachine"
    },
    {
      "type": "insert-node",
      "node": {
        "label": "org.eclipse.ui.internal.commands.older.KeySequenceBindingMachine()",
        "type": "ConstructorCall"
      },
      "location-after-char-start": 6478,
      "location-after-char-end": 6508,
      "node-str": "org.eclipse.ui.internal.commands.older.KeySequenceBindingMachine()"
    },
    {
      "type": "insert-node",
      "node": {
        "label": "java.util.SortedMap",
        "type": "VARIABLE_TYPE"
      },
      "location-after-char-start": 0,
      "location-after-char-end": 0,
      "node-str": "java.util.SortedMap"
    },
    {
      "type": "insert-node",
      "node": {
        "label": "java.util.TreeMap()",
        "type": "ConstructorCall"
      },
      "location-after-char-start": 6564,
      "location-after-char-end": 6576,
      "node-str": "java.util.TreeMap()"
    },
    {
      "type": "insert-node",
      "node": {
        "label": "java.util.SortedMap",
        "type": "VARIABLE_TYPE"
      },
      "location-after-char-start": 0,
      "location-after-char-end": 0,
      "node-str": "java.util.SortedMap"
    },
    {
      "type": "insert-node",
      "node": {
        "label": "java.util.TreeMap()",
        "type": "ConstructorCall"
      },
      "location-after-char-start": 6622,
      "location-after-char-end": 6634,
      "node-str": "java.util.TreeMap()"
    },
    {
      "type": "insert-node",
      "node": {
        "label": "org.eclipse.ui.internal.commands.ExtensionCommandRegistry",
        "type": "VARIABLE_TYPE"
      },
      "location-after-char-start": 0,
      "location-after-char-end": 0,
      "node-str": "org.eclipse.ui.internal.commands.ExtensionCommandRegistry"
    },
    {
      "type": "insert-node",
      "node": {
        "label": "org.eclipse.ui.internal.commands.PreferenceCommandRegistry",
        "type": "VARIABLE_TYPE"
      },
      "location-after-char-start": 0,
      "location-after-char-end": 0,
      "node-str": "org.eclipse.ui.internal.commands.PreferenceCommandRegistry"
    },
    {
      "type": "insert-node",
      "node": {
        "label": "java.util.Map",
        "type": "RETURN_TYPE"
      },
      "location-after-char-start": 0,
      "location-after-char-end": 0,
      "node-str": "java.util.Map"
    },
    {
      "type": "insert-node",
      "node": {
        "label": "public",
        "type": "Modifier"
      },
      "location-after-char-start": 0,
      "location-after-char-end": 0,
      "node-str": "public"
    },
    {
      "type": "move-subtree",
      "node": {
        "label": "return",
        "type": "Return"
      },
      "location-before-char-start": 10680,
      "location-before-char-end": 10732,
      "location-after-char-start": 10688,
      "location-after-char-end": 10740,
      "node-str": "return"
    },
    {
      "type": "insert-node",
      "node": {
        "label": "java.util.Map",
        "type": "RETURN_TYPE"
      },
      "location-after-char-start": 0,
      "location-after-char-end": 0,
      "node-str": "java.util.Map"
    },
    {
      "type": "insert-node",
      "node": {
        "label": "public",
        "type": "Modifier"
      },
      "location-after-char-start": 0,
      "location-after-char-end": 0,
      "node-str": "public"
    },
    {
      "type": "move-subtree",
      "node": {
        "label": "return",
        "type": "Return"
      },
      "location-before-char-start": 10790,
      "location-before-char-end": 10849,
      "location-after-char-start": 10806,
      "location-after-char-end": 10865,
      "node-str": "return"
    },
    {
      "type": "insert-node",
      "node": {
        "label": "java.lang.Integer",
        "type": "RETURN_TYPE"
      },
      "location-after-char-start": 0,
      "location-after-char-end": 0,
      "node-str": "java.lang.Integer"
    },
    {
      "type": "insert-node",
      "node": {
        "label": "public",
        "type": "Modifier"
      },
      "location-after-char-start": 0,
      "location-after-char-end": 0,
      "node-str": "public"
    },
    {
      "type": "insert-node",
      "node": {
        "label": "commandId",
        "type": "Parameter"
      },
      "location-after-char-start": 11415,
      "location-after-char-end": 11430,
      "node-str": "commandId"
    },
    {
      "type": "insert-node",
      "node": {
        "label": "accelerator",
        "type": "LocalVariable"
      },
      "location-after-char-start": 11437,
      "location-after-char-end": 11463,
      "node-str": "accelerator"
    },
    {
      "type": "insert-node",
      "node": {
        "label": "keyBindingsByCommandId",
        "type": "LocalVariable"
      },
      "location-after-char-start": 11628,
      "location-after-char-end": 11692,
      "node-str": "keyBindingsByCommandId"
    },
    {
      "type": "move-subtree",
      "node": {
        "label": "keyBindings",
        "type": "LocalVariable"
      },
      "location-before-char-start": 11676,
      "location-before-char-end": 11749,
      "location-after-char-start": 11700,
      "location-after-char-end": 11773,
      "node-str": "keyBindings"
    },
    {
      "type": "move-subtree",
      "node": {
        "label": "if",
        "type": "If"
      },
      "location-before-char-start": 11756,
      "location-before-char-end": 12199,
      "location-after-char-start": 11780,
      "location-after-char-end": 12223,
      "node-str": "if"
    },
    {
      "type": "insert-node",
      "node": {
        "label": "return",
        "type": "Return"
      },
      "location-after-char-start": 12231,
      "location-after-char-end": 12249,
      "node-str": "return"
    },
    {
      "type": "insert-node",
      "node": {
        "label": "java.lang.String",
        "type": "RETURN_TYPE"
      },
      "location-after-char-start": 0,
      "location-after-char-end": 0,
      "node-str": "java.lang.String"
    },
    {
      "type": "insert-node",
      "node": {
        "label": "public",
        "type": "Modifier"
      },
      "location-after-char-start": 0,
      "location-after-char-end": 0,
      "node-str": "public"
    },
    {
      "type": "insert-node",
      "node": {
        "label": "commandId",
        "type": "Parameter"
      },
      "location-after-char-start": 12291,
      "location-after-char-end": 12306,
      "node-str": "commandId"
    },
    {
      "type": "insert-node",
      "node": {
        "label": "acceleratorText",
        "type": "LocalVariable"
      },
      "location-after-char-start": 12313,
      "location-after-char-end": 12342,
      "node-str": "acceleratorText"
    },
    {
      "type": "insert-node",
      "node": {
        "label": "keyBindingsByCommandId",
        "type": "LocalVariable"
      },
      "location-after-char-start": 12505,
      "location-after-char-end": 12569,
      "node-str": "keyBindingsByCommandId"
    },
    {
      "type": "move-subtree",
      "node": {
        "label": "keyBindings",
        "type": "LocalVariable"
      },
      "location-before-char-start": 12545,
      "location-before-char-end": 12618,
      "location-after-char-start": 12577,
      "location-after-char-end": 12650,
      "node-str": "keyBindings"
    },
    {
      "type": "move-subtree",
      "node": {
        "label": "if",
        "type": "If"
      },
      "location-before-char-start": 12625,
      "location-before-char-end": 12823,
      "location-after-char-start": 12657,
      "location-after-char-end": 12855,
      "node-str": "if"
    },
    {
      "type": "insert-node",
      "node": {
        "label": "return",
        "type": "Return"
      },
      "location-after-char-start": 12863,
      "location-after-char-end": 12885,
      "node-str": "return"
    },
    {
      "type": "insert-node",
      "node": {
        "label": "java.lang.String",
        "type": "VARIABLE_TYPE"
      },
      "location-after-char-start": 0,
      "location-after-char-end": 0,
      "node-str": "java.lang.String"
    },
    {
      "type": "insert-node",
      "node": {
        "label": "java.lang.Integer",
        "type": "VARIABLE_TYPE"
      },
      "location-after-char-start": 0,
      "location-after-char-end": 0,
      "node-str": "java.lang.Integer"
    },
    {
      "type": "insert-node",
      "node": {
        "label": "null",
        "type": "Literal"
      },
      "location-after-char-start": 11459,
      "location-after-char-end": 11462,
      "node-str": "null"
    },
    {
      "type": "insert-node",
      "node": {
        "label": "java.util.Map",
        "type": "VARIABLE_TYPE"
      },
      "location-after-char-start": 0,
      "location-after-char-end": 0,
      "node-str": "java.util.Map"
    },
    {
      "type": "insert-node",
      "node": {
        "label": "getKeySequenceBindingsByCommandId",
        "type": "Invocation"
      },
      "location-after-char-start": 11657,
      "location-after-char-end": 11691,
      "node-str": "getKeySequenceBindingsByCommandId"
    },
    {
      "type": "insert-node",
      "node": {
        "label": "accelerator",
        "type": "VariableRead"
      },
      "location-after-char-start": 12238,
      "location-after-char-end": 12248,
      "node-str": "accelerator"
    },
    {
      "type": "insert-node",
      "node": {
        "label": "java.lang.String",
        "type": "VARIABLE_TYPE"
      },
      "location-after-char-start": 0,
      "location-after-char-end": 0,
      "node-str": "java.lang.String"
    },
    {
      "type": "insert-node",
      "node": {
        "label": "java.lang.String",
        "type": "VARIABLE_TYPE"
      },
      "location-after-char-start": 0,
      "location-after-char-end": 0,
      "node-str": "java.lang.String"
    },
    {
      "type": "insert-node",
      "node": {
        "label": "null",
        "type": "Literal"
      },
      "location-after-char-start": 12338,
      "location-after-char-end": 12341,
      "node-str": "null"
    },
    {
      "type": "insert-node",
      "node": {
        "label": "java.util.Map",
        "type": "VARIABLE_TYPE"
      },
      "location-after-char-start": 0,
      "location-after-char-end": 0,
      "node-str": "java.util.Map"
    },
    {
      "type": "insert-node",
      "node": {
        "label": "getKeySequenceBindingsByCommandId",
        "type": "Invocation"
      },
      "location-after-char-start": 12534,
      "location-after-char-end": 12568,
      "node-str": "getKeySequenceBindingsByCommandId"
    },
    {
      "type": "insert-node",
      "node": {
        "label": "acceleratorText",
        "type": "VariableRead"
      },
      "location-after-char-start": 12870,
      "location-after-char-end": 12884,
      "node-str": "acceleratorText"
    },
    {
      "type": "insert-node",
      "node": {
        "label": "org.eclipse.ui.internal.commands.older.CommandManager",
        "type": "TypeAccess"
      },
      "location-after-char-start": 0,
      "location-after-char-end": 0,
      "node-str": "org.eclipse.ui.internal.commands.older.CommandManager"
    },
    {
      "type": "insert-node",
      "node": {
        "label": "org.eclipse.ui.internal.commands.older.CommandManager",
        "type": "TypeAccess"
      },
      "location-after-char-start": 0,
      "location-after-char-end": 0,
      "node-str": "org.eclipse.ui.internal.commands.older.CommandManager"
    },
    {
      "type": "delete-node",
      "node": {
        "label": "final",
        "type": "Modifier"
      },
      "location-before-char-start": 0,
      "location-before-char-end": 0,
      "node-str": "final"
    },
    {
      "type": "delete-node",
      "node": {
        "label": "public",
        "type": "Modifier"
      },
      "location-before-char-start": 0,
      "location-before-char-end": 0,
      "node-str": "public"
    },
    {
      "type": "delete-node",
      "node": {
        "label": "org.eclipse.ui.internal.commands.older.CommandManager",
        "type": "VARIABLE_TYPE"
      },
      "location-before-char-start": 0,
      "location-before-char-end": 0,
      "node-str": "org.eclipse.ui.internal.commands.older.CommandManager"
    },
    {
      "type": "delete-node",
      "node": {
        "label": "static",
        "type": "Modifier"
      },
      "location-before-char-start": 0,
      "location-before-char-end": 0,
      "node-str": "static"
    },
    {
      "type": "delete-node",
      "node": {
        "label": "instance",
        "type": "Field"
      },
      "location-before-char-start": 3051,
      "location-before-char-end": 3089,
      "node-str": "instance"
    },
    {
      "type": "delete-node",
      "node": {
        "label": "java.util.Map",
        "type": "VARIABLE_TYPE"
      },
      "location-before-char-start": 0,
      "location-before-char-end": 0,
      "node-str": "java.util.Map"
    },
    {
      "type": "delete-node",
      "node": {
        "label": "java.util.HashMap()",
        "type": "ConstructorCall"
      },
      "location-before-char-start": 5445,
      "location-before-char-end": 5457,
      "node-str": "java.util.HashMap()"
    },
    {
      "type": "delete-node",
      "node": {
        "label": "actionsById",
        "type": "Field"
      },
      "location-before-char-start": 5419,
      "location-before-char-end": 5458,
      "node-str": "actionsById"
    },
    {
      "type": "delete-node",
      "node": {
        "label": "java.util.Set",
        "type": "VARIABLE_TYPE"
      },
      "location-before-char-start": 0,
      "location-before-char-end": 0,
      "node-str": "java.util.Set"
    },
    {
      "type": "delete-node",
      "node": {
        "label": "java.util.HashSet()",
        "type": "ConstructorCall"
      },
      "location-before-char-start": 5555,
      "location-before-char-end": 5567,
      "node-str": "java.util.HashSet()"
    },
    {
      "type": "delete-node",
      "node": {
        "label": "activeContextIdsAsSet",
        "type": "Field"
      },
      "location-before-char-start": 5519,
      "location-before-char-end": 5568,
      "node-str": "activeContextIdsAsSet"
    },
    {
      "type": "delete-node",
      "node": {
        "label": "java.lang.String",
        "type": "VARIABLE_TYPE"
      },
      "location-before-char-start": 0,
      "location-before-char-end": 0,
      "node-str": "java.lang.String"
    },
    {
      "type": "delete-node",
      "node": {
        "label": "null",
        "type": "Literal"
      },
      "location-before-char-start": 5613,
      "location-before-char-end": 5616,
      "node-str": "null"
    },
    {
      "type": "delete-node",
      "node": {
        "label": "activeKeyConfigurationId",
        "type": "Field"
      },
      "location-before-char-start": 5571,
      "location-before-char-end": 5617,
      "node-str": "activeKeyConfigurationId"
    },
    {
      "type": "delete-node",
      "node": {
        "label": "java.lang.String",
        "type": "VARIABLE_TYPE"
      },
      "location-before-char-start": 0,
      "location-before-char-end": 0,
      "node-str": "java.lang.String"
    },
    {
      "type": "delete-node",
      "node": {
        "label": "null",
        "type": "Literal"
      },
      "location-before-char-start": 5650,
      "location-before-char-end": 5653,
      "node-str": "null"
    },
    {
      "type": "delete-node",
      "node": {
        "label": "activeLocale",
        "type": "Field"
      },
      "location-before-char-start": 5620,
      "location-before-char-end": 5654,
      "node-str": "activeLocale"
    },
    {
      "type": "delete-node",
      "node": {
        "label": "java.lang.String",
        "type": "VARIABLE_TYPE"
      },
      "location-before-char-start": 0,
      "location-before-char-end": 0,
      "node-str": "java.lang.String"
    },
    {
      "type": "delete-node",
      "node": {
        "label": "null",
        "type": "Literal"
      },
      "location-before-char-start": 5689,
      "location-before-char-end": 5692,
      "node-str": "null"
    },
    {
      "type": "delete-node",
      "node": {
        "label": "activePlatform",
        "type": "Field"
      },
      "location-before-char-start": 5657,
      "location-before-char-end": 5693,
      "node-str": "activePlatform"
    },
    {
      "type": "delete-node",
      "node": {
        "label": "java.util.SortedMap",
        "type": "VARIABLE_TYPE"
      },
      "location-before-char-start": 0,
      "location-before-char-end": 0,
      "node-str": "java.util.SortedMap"
    },
    {
      "type": "delete-node",
      "node": {
        "label": "java.util.TreeMap()",
        "type": "ConstructorCall"
      },
      "location-before-char-start": 5732,
      "location-before-char-end": 5744,
      "node-str": "java.util.TreeMap()"
    },
    {
      "type": "delete-node",
      "node": {
        "label": "categoriesById",
        "type": "Field"
      },
      "location-before-char-start": 5697,
      "location-before-char-end": 5745,
      "node-str": "categoriesById"
    },
    {
      "type": "delete-node",
      "node": {
        "label": "java.util.SortedMap",
        "type": "VARIABLE_TYPE"
      },
      "location-before-char-start": 0,
      "location-before-char-end": 0,
      "node-str": "java.util.SortedMap"
    },
    {
      "type": "delete-node",
      "node": {
        "label": "java.util.TreeMap()",
        "type": "ConstructorCall"
      },
      "location-before-char-start": 5793,
      "location-before-char-end": 5805,
      "node-str": "java.util.TreeMap()"
    },
    {
      "type": "delete-node",
      "node": {
        "label": "categoryDefinitionsById",
        "type": "Field"
      },
      "location-before-char-start": 5749,
      "location-before-char-end": 5806,
      "node-str": "categoryDefinitionsById"
    },
    {
      "type": "delete-node",
      "node": {
        "label": "java.util.SortedMap",
        "type": "VARIABLE_TYPE"
      },
      "location-before-char-start": 0,
      "location-before-char-end": 0,
      "node-str": "java.util.SortedMap"
    },
    {
      "type": "delete-node",
      "node": {
        "label": "java.util.TreeMap()",
        "type": "ConstructorCall"
      },
      "location-before-char-start": 5852,
      "location-before-char-end": 5864,
      "node-str": "java.util.TreeMap()"
    },
    {
      "type": "delete-node",
      "node": {
        "label": "commandDefinitionsById",
        "type": "Field"
      },
      "location-before-char-start": 5809,
      "location-before-char-end": 5865,
      "node-str": "commandDefinitionsById"
    },
    {
      "type": "delete-node",
      "node": {
        "label": "java.util.Map",
        "type": "VARIABLE_TYPE"
      },
      "location-before-char-start": 0,
      "location-before-char-end": 0,
      "node-str": "java.util.Map"
    },
    {
      "type": "delete-node",
      "node": {
        "label": "java.util.HashMap()",
        "type": "ConstructorCall"
      },
      "location-before-char-start": 5904,
      "location-before-char-end": 5916,
      "node-str": "java.util.HashMap()"
    },
    {
      "type": "delete-node",
      "node": {
        "label": "commandIdsByActionIds",
        "type": "Field"
      },
      "location-before-char-start": 5868,
      "location-before-char-end": 5917,
      "node-str": "commandIdsByActionIds"
    },
    {
      "type": "delete-node",
      "node": {
        "label": "org.eclipse.ui.internal.commands.api.older.ICommandManagerEvent",
        "type": "VARIABLE_TYPE"
      },
      "location-before-char-start": 0,
      "location-before-char-end": 0,
      "node-str": "org.eclipse.ui.internal.commands.api.older.ICommandManagerEvent"
    },
    {
      "type": "delete-node",
      "node": {
        "label": "commandManagerEvent",
        "type": "Field"
      },
      "location-before-char-start": 5939,
      "location-before-char-end": 5987,
      "node-str": "commandManagerEvent"
    },
    {
      "type": "delete-node",
      "node": {
        "label": "java.util.List",
        "type": "VARIABLE_TYPE"
      },
      "location-before-char-start": 0,
      "location-before-char-end": 0,
      "node-str": "java.util.List"
    },
    {
      "type": "delete-node",
      "node": {
        "label": "commandManagerListeners",
        "type": "Field"
      },
      "location-before-char-start": 5990,
      "location-before-char-end": 6026,
      "node-str": "commandManagerListeners"
    },
    {
      "type": "delete-node",
      "node": {
        "label": "java.util.SortedMap",
        "type": "VARIABLE_TYPE"
      },
      "location-before-char-start": 0,
      "location-before-char-end": 0,
      "node-str": "java.util.SortedMap"
    },
    {
      "type": "delete-node",
      "node": {
        "label": "java.util.TreeMap()",
        "type": "ConstructorCall"
      },
      "location-before-char-start": 6062,
      "location-before-char-end": 6074,
      "node-str": "java.util.TreeMap()"
    },
    {
      "type": "delete-node",
      "node": {
        "label": "commandsById",
        "type": "Field"
      },
      "location-before-char-start": 6029,
      "location-before-char-end": 6075,
      "node-str": "commandsById"
    },
    {
      "type": "delete-node",
      "node": {
        "label": "java.util.SortedMap",
        "type": "VARIABLE_TYPE"
      },
      "location-before-char-start": 0,
      "location-before-char-end": 0,
      "node-str": "java.util.SortedMap"
    },
    {
      "type": "delete-node",
      "node": {
        "label": "java.util.TreeMap()",
        "type": "ConstructorCall"
      },
      "location-before-char-start": 6126,
      "location-before-char-end": 6138,
      "node-str": "java.util.TreeMap()"
    },
    {
      "type": "delete-node",
      "node": {
        "label": "contextBindingsByCommandId",
        "type": "Field"
      },
      "location-before-char-start": 6079,
      "location-before-char-end": 6139,
      "node-str": "contextBindingsByCommandId"
    },
    {
      "type": "delete-node",
      "node": {
        "label": "java.util.SortedSet",
        "type": "VARIABLE_TYPE"
      },
      "location-before-char-start": 0,
      "location-before-char-end": 0,
      "node-str": "java.util.SortedSet"
    },
    {
      "type": "delete-node",
      "node": {
        "label": "java.util.TreeSet()",
        "type": "ConstructorCall"
      },
      "location-before-char-start": 6182,
      "location-before-char-end": 6194,
      "node-str": "java.util.TreeSet()"
    },
    {
      "type": "delete-node",
      "node": {
        "label": "definedCategoryIds",
        "type": "Field"
      },
      "location-before-char-start": 6143,
      "location-before-char-end": 6195,
      "node-str": "definedCategoryIds"
    },
    {
      "type": "delete-node",
      "node": {
        "label": "java.util.SortedSet",
        "type": "VARIABLE_TYPE"
      },
      "location-before-char-start": 0,
      "location-before-char-end": 0,
      "node-str": "java.util.SortedSet"
    },
    {
      "type": "delete-node",
      "node": {
        "label": "java.util.TreeSet()",
        "type": "ConstructorCall"
      },
      "location-before-char-start": 6236,
      "location-before-char-end": 6248,
      "node-str": "java.util.TreeSet()"
    },
    {
      "type": "delete-node",
      "node": {
        "label": "definedCommandIds",
        "type": "Field"
      },
      "location-before-char-start": 6198,
      "location-before-char-end": 6249,
      "node-str": "definedCommandIds"
    },
    {
      "type": "delete-node",
      "node": {
        "label": "java.util.SortedSet",
        "type": "VARIABLE_TYPE"
      },
      "location-before-char-start": 0,
      "location-before-char-end": 0,
      "node-str": "java.util.SortedSet"
    },
    {
      "type": "delete-node",
      "node": {
        "label": "java.util.TreeSet()",
        "type": "ConstructorCall"
      },
      "location-before-char-start": 6299,
      "location-before-char-end": 6311,
      "node-str": "java.util.TreeSet()"
    },
    {
      "type": "delete-node",
      "node": {
        "label": "definedKeyConfigurationIds",
        "type": "Field"
      },
      "location-before-char-start": 6252,
      "location-before-char-end": 6312,
      "node-str": "definedKeyConfigurationIds"
    },
    {
      "type": "delete-node",
      "node": {
        "label": "java.util.Map",
        "type": "VARIABLE_TYPE"
      },
      "location-before-char-start": 0,
      "location-before-char-end": 0,
      "node-str": "java.util.Map"
    },
    {
      "type": "delete-node",
      "node": {
        "label": "java.util.TreeMap()",
        "type": "ConstructorCall"
      },
      "location-before-char-start": 6355,
      "location-before-char-end": 6367,
      "node-str": "java.util.TreeMap()"
    },
    {
      "type": "delete-node",
      "node": {
        "label": "imageBindingsByCommandId",
        "type": "Field"
      },
      "location-before-char-start": 6316,
      "location-before-char-end": 6368,
      "node-str": "imageBindingsByCommandId"
    },
    {
      "type": "delete-node",
      "node": {
        "label": "java.util.Map",
        "type": "VARIABLE_TYPE"
      },
      "location-before-char-start": 0,
      "location-before-char-end": 0,
      "node-str": "java.util.Map"
    },
    {
      "type": "delete-node",
      "node": {
        "label": "java.util.TreeMap()",
        "type": "ConstructorCall"
      },
      "location-before-char-start": 6408,
      "location-before-char-end": 6420,
      "node-str": "java.util.TreeMap()"
    },
    {
      "type": "delete-node",
      "node": {
        "label": "keyBindingsByCommandId",
        "type": "Field"
      },
      "location-before-char-start": 6371,
      "location-before-char-end": 6421,
      "node-str": "keyBindingsByCommandId"
    },
    {
      "type": "delete-node",
      "node": {
        "label": "org.eclipse.ui.internal.commands.older.KeySequenceBindingMachine",
        "type": "VARIABLE_TYPE"
      },
      "location-before-char-start": 0,
      "location-before-char-end": 0,
      "node-str": "org.eclipse.ui.internal.commands.older.KeySequenceBindingMachine"
    },
    {
      "type": "delete-node",
      "node": {
        "label": "org.eclipse.ui.internal.commands.older.KeySequenceBindingMachine()",
        "type": "ConstructorCall"
      },
      "location-before-char-start": 6478,
      "location-before-char-end": 6508,
      "node-str": "org.eclipse.ui.internal.commands.older.KeySequenceBindingMachine()"
    },
    {
      "type": "delete-node",
      "node": {
        "label": "keyBindingMachine",
        "type": "Field"
      },
      "location-before-char-start": 6424,
      "location-before-char-end": 6509,
      "node-str": "keyBindingMachine"
    },
    {
      "type": "delete-node",
      "node": {
        "label": "java.util.SortedMap",
        "type": "VARIABLE_TYPE"
      },
      "location-before-char-start": 0,
      "location-before-char-end": 0,
      "node-str": "java.util.SortedMap"
    },
    {
      "type": "delete-node",
      "node": {
        "label": "java.util.TreeMap()",
        "type": "ConstructorCall"
      },
      "location-before-char-start": 6564,
      "location-before-char-end": 6576,
      "node-str": "java.util.TreeMap()"
    },
    {
      "type": "delete-node",
      "node": {
        "label": "keyConfigurationDefinitionsById",
        "type": "Field"
      },
      "location-before-char-start": 6512,
      "location-before-char-end": 6577,
      "node-str": "keyConfigurationDefinitionsById"
    },
    {
      "type": "delete-node",
      "node": {
        "label": "java.util.SortedMap",
        "type": "VARIABLE_TYPE"
      },
      "location-before-char-start": 0,
      "location-before-char-end": 0,
      "node-str": "java.util.SortedMap"
    },
    {
      "type": "delete-node",
      "node": {
        "label": "java.util.TreeMap()",
        "type": "ConstructorCall"
      },
      "location-before-char-start": 6622,
      "location-before-char-end": 6634,
      "node-str": "java.util.TreeMap()"
    },
    {
      "type": "delete-node",
      "node": {
        "label": "keyConfigurationsById",
        "type": "Field"
      },
      "location-before-char-start": 6580,
      "location-before-char-end": 6635,
      "node-str": "keyConfigurationsById"
    },
    {
      "type": "delete-node",
      "node": {
        "label": "org.eclipse.ui.internal.commands.ExtensionCommandRegistry",
        "type": "VARIABLE_TYPE"
      },
      "location-before-char-start": 0,
      "location-before-char-end": 0,
      "node-str": "org.eclipse.ui.internal.commands.ExtensionCommandRegistry"
    },
    {
      "type": "delete-node",
      "node": {
        "label": "extensionCommandRegistry",
        "type": "Field"
      },
      "location-before-char-start": 6639,
      "location-before-char-end": 6696,
      "node-str": "extensionCommandRegistry"
    },
    {
      "type": "delete-node",
      "node": {
        "label": "org.eclipse.ui.internal.commands.PreferenceCommandRegistry",
        "type": "VARIABLE_TYPE"
      },
      "location-before-char-start": 0,
      "location-before-char-end": 0,
      "node-str": "org.eclipse.ui.internal.commands.PreferenceCommandRegistry"
    },
    {
      "type": "delete-node",
      "node": {
        "label": "preferenceCommandRegistry",
        "type": "Field"
      },
      "location-before-char-start": 6924,
      "location-before-char-end": 6983,
      "node-str": "preferenceCommandRegistry"
    },
    {
      "type": "delete-node",
      "node": {
        "label": "java.util.Map",
        "type": "RETURN_TYPE"
      },
      "location-before-char-start": 0,
      "location-before-char-end": 0,
      "node-str": "java.util.Map"
    },
    {
      "type": "delete-node",
      "node": {
        "label": "public",
        "type": "Modifier"
      },
      "location-before-char-start": 0,
      "location-before-char-end": 0,
      "node-str": "public"
    },
    {
      "type": "delete-node",
      "node": {
        "label": "getKeyBindingsByCommandId",
        "type": "Method"
      },
      "location-before-char-start": 10614,
      "location-before-char-end": 10735,
      "node-str": "getKeyBindingsByCommandId"
    },
    {
      "type": "delete-node",
      "node": {
        "label": "java.util.Map",
        "type": "RETURN_TYPE"
      },
      "location-before-char-start": 0,
      "location-before-char-end": 0,
      "node-str": "java.util.Map"
    },
    {
      "type": "delete-node",
      "node": {
        "label": "public",
        "type": "Modifier"
      },
      "location-before-char-start": 0,
      "location-before-char-end": 0,
      "node-str": "public"
    },
    {
      "type": "delete-node",
      "node": {
        "label": "getKeyBindingsByCommandIdForMode",
        "type": "Method"
      },
      "location-before-char-start": 10740,
      "location-before-char-end": 10852,
      "node-str": "getKeyBindingsByCommandIdForMode"
    },
    {
      "type": "delete-node",
      "node": {
        "label": "java.lang.Integer",
        "type": "RETURN_TYPE"
      },
      "location-before-char-start": 0,
      "location-before-char-end": 0,
      "node-str": "java.lang.Integer"
    },
    {
      "type": "delete-node",
      "node": {
        "label": "public",
        "type": "Modifier"
      },
      "location-before-char-start": 0,
      "location-before-char-end": 0,
      "node-str": "public"
    },
    {
      "type": "delete-node",
      "node": {
        "label": "java.lang.String",
        "type": "VARIABLE_TYPE"
      },
      "location-before-char-start": 0,
      "location-before-char-end": 0,
      "node-str": "java.lang.String"
    },
    {
      "type": "delete-node",
      "node": {
        "label": "commandId",
        "type": "Parameter"
      },
      "location-before-char-start": 11399,
      "location-before-char-end": 11414,
      "node-str": "commandId"
    },
    {
      "type": "delete-node",
      "node": {
        "label": "java.lang.Integer",
        "type": "VARIABLE_TYPE"
      },
      "location-before-char-start": 0,
      "location-before-char-end": 0,
      "node-str": "java.lang.Integer"
    },
    {
      "type": "delete-node",
      "node": {
        "label": "null",
        "type": "Literal"
      },
      "location-before-char-start": 11443,
      "location-before-char-end": 11446,
      "node-str": "null"
    },
    {
      "type": "delete-node",
      "node": {
        "label": "accelerator",
        "type": "LocalVariable"
      },
      "location-before-char-start": 11421,
      "location-before-char-end": 11447,
      "node-str": "accelerator"
    },
    {
      "type": "delete-node",
      "node": {
        "label": "java.util.Map",
        "type": "VARIABLE_TYPE"
      },
      "location-before-char-start": 0,
      "location-before-char-end": 0,
      "node-str": "java.util.Map"
    },
    {
      "type": "delete-node",
      "node": {
        "label": "org.eclipse.ui.internal.commands.older.CommandManager",
        "type": "TypeAccess"
      },
      "location-before-char-start": 0,
      "location-before-char-end": 0,
      "node-str": "org.eclipse.ui.internal.commands.older.CommandManager"
    },
    {
      "type": "delete-node",
      "node": {
        "label": "getKeyBindingsByCommandId",
        "type": "Invocation"
      },
      "location-before-char-start": 11641,
      "location-before-char-end": 11667,
      "node-str": "getKeyBindingsByCommandId"
    },
    {
      "type": "delete-node",
      "node": {
        "label": "keyBindingsByCommandId",
        "type": "LocalVariable"
      },
      "location-before-char-start": 11612,
      "location-before-char-end": 11668,
      "node-str": "keyBindingsByCommandId"
    },
    {
      "type": "delete-node",
      "node": {
        "label": "accelerator",
        "type": "VariableRead"
      },
      "location-before-char-start": 12214,
      "location-before-char-end": 12224,
      "node-str": "accelerator"
    },
    {
      "type": "delete-node",
      "node": {
        "label": "return",
        "type": "Return"
      },
      "location-before-char-start": 12207,
      "location-before-char-end": 12225,
      "node-str": "return"
    },
    {
      "type": "delete-node",
      "node": {
        "label": "getAccelerator",
        "type": "Method"
      },
      "location-before-char-start": 11369,
      "location-before-char-end": 12228,
      "node-str": "getAccelerator"
    },
    {
      "type": "delete-node",
      "node": {
        "label": "java.lang.String",
        "type": "RETURN_TYPE"
      },
      "location-before-char-start": 0,
      "location-before-char-end": 0,
      "node-str": "java.lang.String"
    },
    {
      "type": "delete-node",
      "node": {
        "label": "public",
        "type": "Modifier"
      },
      "location-before-char-start": 0,
      "location-before-char-end": 0,
      "node-str": "public"
    },
    {
      "type": "delete-node",
      "node": {
        "label": "java.lang.String",
        "type": "VARIABLE_TYPE"
      },
      "location-before-char-start": 0,
      "location-before-char-end": 0,
      "node-str": "java.lang.String"
    },
    {
      "type": "delete-node",
      "node": {
        "label": "commandId",
        "type": "Parameter"
      },
      "location-before-char-start": 12267,
      "location-before-char-end": 12282,
      "node-str": "commandId"
    },
    {
      "type": "delete-node",
      "node": {
        "label": "java.lang.String",
        "type": "VARIABLE_TYPE"
      },
      "location-before-char-start": 0,
      "location-before-char-end": 0,
      "node-str": "java.lang.String"
    },
    {
      "type": "delete-node",
      "node": {
        "label": "null",
        "type": "Literal"
      },
      "location-before-char-start": 12314,
      "location-before-char-end": 12317,
      "node-str": "null"
    },
    {
      "type": "delete-node",
      "node": {
        "label": "acceleratorText",
        "type": "LocalVariable"
      },
      "location-before-char-start": 12289,
      "location-before-char-end": 12318,
      "node-str": "acceleratorText"
    },
    {
      "type": "delete-node",
      "node": {
        "label": "java.util.Map",
        "type": "VARIABLE_TYPE"
      },
      "location-before-char-start": 0,
      "location-before-char-end": 0,
      "node-str": "java.util.Map"
    },
    {
      "type": "delete-node",
      "node": {
        "label": "org.eclipse.ui.internal.commands.older.CommandManager",
        "type": "TypeAccess"
      },
      "location-before-char-start": 0,
      "location-before-char-end": 0,
      "node-str": "org.eclipse.ui.internal.commands.older.CommandManager"
    },
    {
      "type": "delete-node",
      "node": {
        "label": "getKeyBindingsByCommandId",
        "type": "Invocation"
      },
      "location-before-char-start": 12510,
      "location-before-char-end": 12536,
      "node-str": "getKeyBindingsByCommandId"
    },
    {
      "type": "delete-node",
      "node": {
        "label": "keyBindingsByCommandId",
        "type": "LocalVariable"
      },
      "location-before-char-start": 12481,
      "location-before-char-end": 12537,
      "node-str": "keyBindingsByCommandId"
    },
    {
      "type": "delete-node",
      "node": {
        "label": "acceleratorText",
        "type": "VariableRead"
      },
      "location-before-char-start": 12838,
      "location-before-char-end": 12852,
      "node-str": "acceleratorText"
    },
    {
      "type": "delete-node",
      "node": {
        "label": "return",
        "type": "Return"
      },
      "location-before-char-start": 12831,
      "location-before-char-end": 12853,
      "node-str": "return"
    },
    {
      "type": "delete-node",
      "node": {
        "label": "getAcceleratorText",
        "type": "Method"
      },
      "location-before-char-start": 12234,
      "location-before-char-end": 12856,
      "node-str": "getAcceleratorText"
    },
    {
      "type": "delete-node",
      "node": {
        "label": "CommandManager",
        "type": "Class"
      },
      "location-before-char-start": 2908,
      "location-before-char-end": 33312,
      "node-str": "CommandManager"
    }
  ],
  "before-file": {},
  "after-file": {},
  "mapping": {}
}