{
  "tool-info": {},
  "diff": [
    {
      "type": "insert-node",
      "node": {
        "label": "return",
        "type": "Return"
      },
      "location-after-char-start": 8097,
      "location-after-char-end": 8148,
      "node-str": "return"
    },
    {
      "type": "update-node",
      "node": {
        "label": "get",
        "type": "Invocation"
      },
      "location-before-char-start": 7982,
      "location-before-char-end": 8024,
      "location-after-char-start": 8072,
      "location-after-char-end": 8086,
      "node-str": "getAttributes"
    },
    {
      "type": "move-subtree",
      "node": {
        "label": "get",
        "type": "Invocation"
      },
      "location-before-char-start": 7982,
      "location-before-char-end": 8024,
      "location-after-char-start": 8072,
      "location-after-char-end": 8086,
      "node-str": "getAttributes"
    },
    {
      "type": "insert-node",
      "node": {
        "label": "AND",
        "type": "BinaryOperator"
      },
      "location-after-char-start": 8104,
      "location-after-char-end": 8147,
      "node-str": "AND"
    },
    {
      "type": "move-subtree",
      "node": {
        "label": "org.tigris.scarab.om.AttributeGroup",
        "type": "TypeAccess"
      },
      "location-before-char-start": 0,
      "location-before-char-end": 0,
      "location-after-char-start": 0,
      "location-after-char-end": 0,
      "node-str": "org.tigris.scarab.om.AttributeGroup"
    },
    {
      "type": "update-node",
      "node": {
        "label": "EQ",
        "type": "BinaryOperator"
      },
      "location-before-char-start": 8039,
      "location-before-char-end": 8049,
      "location-after-char-start": 8105,
      "location-after-char-end": 8117,
      "node-str": "NE"
    },
    {
      "type": "move-subtree",
      "node": {
        "label": "EQ",
        "type": "BinaryOperator"
      },
      "location-before-char-start": 8039,
      "location-before-char-end": 8049,
      "location-after-char-start": 8105,
      "location-after-char-end": 8117,
      "node-str": "NE"
    },
    {
      "type": "update-node",
      "node": {
        "label": "getAttributeId",
        "type": "Invocation"
      },
      "location-before-char-start": 8370,
      "location-before-char-end": 8395,
      "location-after-char-start": 8122,
      "location-after-char-end": 8146,
      "node-str": "contains"
    },
    {
      "type": "move-subtree",
      "node": {
        "label": "getAttributeId",
        "type": "Invocation"
      },
      "location-before-char-start": 8370,
      "location-before-char-end": 8395,
      "location-after-char-start": 8122,
      "location-after-char-end": 8146,
      "node-str": "contains"
    },
    {
      "type": "move-subtree",
      "node": {
        "label": "raags",
        "type": "VariableRead"
      },
      "location-before-char-start": 8934,
      "location-before-char-end": 8938,
      "location-after-char-start": 8105,
      "location-after-char-end": 8109,
      "node-str": "raags"
    },
    {
      "type": "move-subtree",
      "node": {
        "label": "null",
        "type": "Literal"
      },
      "location-before-char-start": 7955,
      "location-before-char-end": 7958,
      "location-after-char-start": 8114,
      "location-after-char-end": 8117,
      "node-str": "null"
    },
    {
      "type": "insert-node",
      "node": {
        "label": "raags",
        "type": "VariableRead"
      },
      "location-after-char-start": 8122,
      "location-after-char-end": 8126,
      "node-str": "raags"
    },
    {
      "type": "delete-node",
      "node": {
        "label": "getMethodResult",
        "type": "Invocation"
      },
      "location-before-char-start": 7982,
      "location-before-char-end": 7998,
      "node-str": "getMethodResult"
    },
    {
      "type": "delete-node",
      "node": {
        "label": "this",
        "type": "ThisAccess"
      },
      "location-before-char-start": 8004,
      "location-before-char-end": 8007,
      "node-str": "this"
    },
    {
      "type": "delete-node",
      "node": {
        "label": "GET_ATTRIBUTES",
        "type": "FieldRead"
      },
      "location-before-char-start": 8010,
      "location-before-char-end": 8023,
      "node-str": "GET_ATTRIBUTES"
    },
    {
      "type": "delete-node",
      "node": {
        "label": "obj",
        "type": "VariableRead"
      },
      "location-before-char-start": 8039,
      "location-before-char-end": 8041,
      "node-str": "obj"
    },
    {
      "type": "delete-node",
      "node": {
        "label": "null",
        "type": "Literal"
      },
      "location-before-char-start": 8046,
      "location-before-char-end": 8049,
      "node-str": "null"
    },
    {
      "type": "delete-node",
      "node": {
        "label": "java.lang.Object",
        "type": "VARIABLE_TYPE"
      },
      "location-before-char-start": 0,
      "location-before-char-end": 0,
      "node-str": "java.lang.Object"
    },
    {
      "type": "delete-node",
      "node": {
        "label": "obj",
        "type": "LocalVariable"
      },
      "location-before-char-start": 7969,
      "location-before-char-end": 8025,
      "node-str": "obj"
    },
    {
      "type": "delete-node",
      "node": {
        "label": "org.tigris.scarab.util.Log",
        "type": "TypeAccess"
      },
      "location-before-char-start": 8074,
      "location-before-char-end": 8076,
      "node-str": "org.tigris.scarab.util.Log"
    },
    {
      "type": "delete-node",
      "node": {
        "label": "get",
        "type": "Invocation"
      },
      "location-before-char-start": 8074,
      "location-before-char-end": 8082,
      "node-str": "get"
    },
    {
      "type": "delete-node",
      "node": {
        "label": "\"getAttributes() not cached, getting from db\"",
        "type": "Literal"
      },
      "location-before-char-start": 8090,
      "location-before-char-end": 8134,
      "node-str": "\"getAttributes() not cached, getting from db\""
    },
    {
      "type": "delete-node",
      "node": {
        "label": "debug",
        "type": "Invocation"
      },
      "location-before-char-start": 8074,
      "location-before-char-end": 8136,
      "node-str": "debug"
    },
    {
      "type": "delete-node",
      "node": {
        "label": "org.apache.torque.util.Criteria",
        "type": "VARIABLE_TYPE"
      },
      "location-before-char-start": 0,
      "location-before-char-end": 0,
      "node-str": "org.apache.torque.util.Criteria"
    },
    {
      "type": "delete-node",
      "node": {
        "label": "org.apache.torque.util.Criteria()",
        "type": "ConstructorCall"
      },
      "location-before-char-start": 8166,
      "location-before-char-end": 8179,
      "node-str": "org.apache.torque.util.Criteria()"
    },
    {
      "type": "delete-node",
      "node": {
        "label": "RAttributeAttributeGroupPeer.GROUP_ID",
        "type": "TypeAccess"
      },
      "location-before-char-start": 8202,
      "location-before-char-end": 8238,
      "node-str": "RAttributeAttributeGroupPeer.GROUP_ID"
    },
    {
      "type": "delete-node",
      "node": {
        "label": "org.tigris.scarab.om.AttributeGroup",
        "type": "TypeAccess"
      },
      "location-before-char-start": 0,
      "location-before-char-end": 0,
      "node-str": "org.tigris.scarab.om.AttributeGroup"
    },
    {
      "type": "delete-node",
      "node": {
        "label": "getAttributeGroupId",
        "type": "Invocation"
      },
      "location-before-char-start": 8262,
      "location-before-char-end": 8282,
      "node-str": "getAttributeGroupId"
    },
    {
      "type": "delete-node",
      "node": {
        "label": "add",
        "type": "Invocation"
      },
      "location-before-char-start": 8166,
      "location-before-char-end": 8283,
      "node-str": "add"
    },
    {
      "type": "delete-node",
      "node": {
        "label": "RAttributeAttributeGroupPeer.ATTRIBUTE_ID",
        "type": "TypeAccess"
      },
      "location-before-char-start": 8306,
      "location-before-char-end": 8346,
      "node-str": "RAttributeAttributeGroupPeer.ATTRIBUTE_ID"
    },
    {
      "type": "delete-node",
      "node": {
        "label": "add",
        "type": "Invocation"
      },
      "location-before-char-start": 8166,
      "location-before-char-end": 8396,
      "node-str": "add"
    },
    {
      "type": "delete-node",
      "node": {
        "label": "RAttributeAttributeGroupPeer.ATTRIBUTE_ID",
        "type": "TypeAccess"
      },
      "location-before-char-start": 8424,
      "location-before-char-end": 8464,
      "node-str": "RAttributeAttributeGroupPeer.ATTRIBUTE_ID"
    },
    {
      "type": "delete-node",
      "node": {
        "label": "AttributePeer.ATTRIBUTE_ID",
        "type": "TypeAccess"
      },
      "location-before-char-start": 8492,
      "location-before-char-end": 8517,
      "node-str": "AttributePeer.ATTRIBUTE_ID"
    },
    {
      "type": "delete-node",
      "node": {
        "label": "addJoin",
        "type": "Invocation"
      },
      "location-before-char-start": 8166,
      "location-before-char-end": 8518,
      "node-str": "addJoin"
    },
    {
      "type": "delete-node",
      "node": {
        "label": "AttributePeer.ATTRIBUTE_TYPE_ID",
        "type": "TypeAccess"
      },
      "location-before-char-start": 8541,
      "location-before-char-end": 8571,
      "node-str": "AttributePeer.ATTRIBUTE_TYPE_ID"
    },
    {
      "type": "delete-node",
      "node": {
        "label": "AttributeTypePeer.USER_TYPE_KEY",
        "type": "TypeAccess"
      },
      "location-before-char-start": 8595,
      "location-before-char-end": 8625,
      "node-str": "AttributeTypePeer.USER_TYPE_KEY"
    },
    {
      "type": "delete-node",
      "node": {
        "label": "Criteria.NOT_EQUAL",
        "type": "TypeAccess"
      },
      "location-before-char-start": 8628,
      "location-before-char-end": 8645,
      "node-str": "Criteria.NOT_EQUAL"
    },
    {
      "type": "delete-node",
      "node": {
        "label": "add",
        "type": "Invocation"
      },
      "location-before-char-start": 8166,
      "location-before-char-end": 8646,
      "node-str": "add"
    },
    {
      "type": "delete-node",
      "node": {
        "label": "AttributePeer.DELETED",
        "type": "TypeAccess"
      },
      "location-before-char-start": 8669,
      "location-before-char-end": 8689,
      "node-str": "AttributePeer.DELETED"
    },
    {
      "type": "delete-node",
      "node": {
        "label": "false",
        "type": "Literal"
      },
      "location-before-char-start": 8692,
      "location-before-char-end": 8696,
      "node-str": "false"
    },
    {
      "type": "delete-node",
      "node": {
        "label": "add",
        "type": "Invocation"
      },
      "location-before-char-start": 8166,
      "location-before-char-end": 8697,
      "node-str": "add"
    },
    {
      "type": "delete-node",
      "node": {
        "label": "RAttributeAttributeGroupPeer.PREFERRED_ORDER",
        "type": "TypeAccess"
      },
      "location-before-char-start": 8742,
      "location-before-char-end": 8829,
      "node-str": "RAttributeAttributeGroupPeer.PREFERRED_ORDER"
    },
    {
      "type": "delete-node",
      "node": {
        "label": "addAscendingOrderByColumn",
        "type": "Invocation"
      },
      "location-before-char-start": 8166,
      "location-before-char-end": 8830,
      "node-str": "addAscendingOrderByColumn"
    },
    {
      "type": "delete-node",
      "node": {
        "label": "crit",
        "type": "LocalVariable"
      },
      "location-before-char-start": 8150,
      "location-before-char-end": 8831,
      "node-str": "crit"
    },
    {
      "type": "delete-node",
      "node": {
        "label": "raags",
        "type": "VariableWrite"
      },
      "location-before-char-start": 8850,
      "location-before-char-end": 8854,
      "node-str": "raags"
    },
    {
      "type": "delete-node",
      "node": {
        "label": "org.tigris.scarab.om.RAttributeAttributeGroupPeer",
        "type": "TypeAccess"
      },
      "location-before-char-start": 8858,
      "location-before-char-end": 8885,
      "node-str": "org.tigris.scarab.om.RAttributeAttributeGroupPeer"
    },
    {
      "type": "delete-node",
      "node": {
        "label": "crit",
        "type": "VariableRead"
      },
      "location-before-char-start": 8896,
      "location-before-char-end": 8899,
      "node-str": "crit"
    },
    {
      "type": "delete-node",
      "node": {
        "label": "doSelect",
        "type": "Invocation"
      },
      "location-before-char-start": 8858,
      "location-before-char-end": 8900,
      "node-str": "doSelect"
    },
    {
      "type": "delete-node",
      "node": {
        "label": "\u003d",
        "type": "Assignment"
      },
      "location-before-char-start": 8850,
      "location-before-char-end": 8901,
      "node-str": "\u003d"
    },
    {
      "type": "delete-node",
      "node": {
        "label": "THEN",
        "type": "then"
      },
      "location-before-char-start": 8060,
      "location-before-char-end": 8914,
      "node-str": "THEN"
    },
    {
      "type": "delete-node",
      "node": {
        "label": "if",
        "type": "If"
      },
      "location-before-char-start": 8035,
      "location-before-char-end": 8914,
      "node-str": "if"
    },
    {
      "type": "delete-node",
      "node": {
        "label": "isEmpty",
        "type": "Invocation"
      },
      "location-before-char-start": 8934,
      "location-before-char-end": 8948,
      "node-str": "isEmpty"
    },
    {
      "type": "delete-node",
      "node": {
        "label": "NOT",
        "type": "UnaryOperator"
      },
      "location-before-char-start": 8933,
      "location-before-char-end": 8948,
      "node-str": "NOT"
    },
    {
      "type": "delete-node",
      "node": {
        "label": "return",
        "type": "Return"
      },
      "location-before-char-start": 8926,
      "location-before-char-end": 8949,
      "node-str": "return"
    }
  ],
  "before-file": {},
  "after-file": {},
  "mapping": {}
}