{
  "tool-info": {},
  "diff": [
    {
      "type": "insert-node",
      "node": {
        "label": "JDBCFindByForeignKeyCommand",
        "type": "Class"
      },
      "location-after-char-start": 447,
      "location-after-char-end": 2456,
      "node-str": "JDBCFindByForeignKeyCommand"
    },
    {
      "type": "insert-node",
      "node": {
        "label": "public",
        "type": "Modifier"
      },
      "location-after-char-start": 0,
      "location-after-char-end": 0,
      "node-str": "public"
    },
    {
      "type": "insert-node",
      "node": {
        "label": "",
        "type": "TypeReference"
      },
      "location-after-char-start": 684,
      "location-after-char-end": 699,
      "node-str": ""
    },
    {
      "type": "move-subtree",
      "node": {
        "label": "\u003cinit\u003e",
        "type": "Constructor"
      },
      "location-before-char-start": 704,
      "location-before-char-end": 876,
      "location-after-char-start": 704,
      "location-after-char-end": 876,
      "node-str": "\u003cinit\u003e"
    },
    {
      "type": "insert-node",
      "node": {
        "label": "execute",
        "type": "Method"
      },
      "location-after-char-start": 881,
      "location-after-char-end": 1297,
      "node-str": "execute"
    },
    {
      "type": "move-subtree",
      "node": {
        "label": "getSQL",
        "type": "Method"
      },
      "location-before-char-start": 1298,
      "location-before-char-end": 1724,
      "location-after-char-start": 1301,
      "location-after-char-end": 1727,
      "node-str": "getSQL"
    },
    {
      "type": "insert-node",
      "node": {
        "label": "setParameters",
        "type": "Method"
      },
      "location-after-char-start": 1731,
      "location-after-char-end": 2047,
      "node-str": "setParameters"
    },
    {
      "type": "move-subtree",
      "node": {
        "label": "handleResult",
        "type": "Method"
      },
      "location-before-char-start": 2039,
      "location-before-char-end": 2323,
      "location-after-char-start": 2051,
      "location-after-char-end": 2335,
      "node-str": "handleResult"
    },
    {
      "type": "insert-node",
      "node": {
        "label": "ExecutionState",
        "type": "Class"
      },
      "location-after-char-start": 2339,
      "location-after-char-end": 2454,
      "node-str": "ExecutionState"
    },
    {
      "type": "insert-node",
      "node": {
        "label": "org.jboss.ejb.plugins.cmp.jdbc.JDBCQueryCommand",
        "type": "SUPER_TYPE"
      },
      "location-after-char-start": 0,
      "location-after-char-end": 0,
      "node-str": "org.jboss.ejb.plugins.cmp.jdbc.JDBCQueryCommand"
    },
    {
      "type": "insert-node",
      "node": {
        "label": "java.util.Set",
        "type": "RETURN_TYPE"
      },
      "location-after-char-start": 0,
      "location-after-char-end": 0,
      "node-str": "java.util.Set"
    },
    {
      "type": "insert-node",
      "node": {
        "label": "public",
        "type": "Modifier"
      },
      "location-after-char-start": 0,
      "location-after-char-end": 0,
      "node-str": "public"
    },
    {
      "type": "insert-node",
      "node": {
        "label": "foreignKey",
        "type": "Parameter"
      },
      "location-after-char-start": 967,
      "location-after-char-end": 983,
      "node-str": "foreignKey"
    },
    {
      "type": "insert-node",
      "node": {
        "label": "foreignKeyFields",
        "type": "Parameter"
      },
      "location-after-char-start": 989,
      "location-after-char-end": 1025,
      "node-str": "foreignKeyFields"
    },
    {
      "type": "move-subtree",
      "node": {
        "label": "es",
        "type": "LocalVariable"
      },
      "location-before-char-start": 1048,
      "location-before-char-end": 1088,
      "location-after-char-start": 1037,
      "location-after-char-end": 1077,
      "node-str": "es"
    },
    {
      "type": "insert-node",
      "node": {
        "label": "\u003d",
        "type": "Assignment"
      },
      "location-after-char-start": 1081,
      "location-after-char-end": 1107,
      "node-str": "\u003d"
    },
    {
      "type": "move-subtree",
      "node": {
        "label": "\u003d",
        "type": "Assignment"
      },
      "location-before-char-start": 1108,
      "location-before-char-end": 1146,
      "location-after-char-start": 1111,
      "location-after-char-end": 1149,
      "node-str": "\u003d"
    },
    {
      "type": "move-subtree",
      "node": {
        "label": "",
        "type": "Try"
      },
      "location-before-char-start": 1151,
      "location-before-char-end": 1291,
      "location-after-char-start": 1154,
      "location-after-char-end": 1294,
      "node-str": ""
    },
    {
      "type": "insert-node",
      "node": {
        "label": "void",
        "type": "RETURN_TYPE"
      },
      "location-after-char-start": 0,
      "location-after-char-end": 0,
      "node-str": "void"
    },
    {
      "type": "insert-node",
      "node": {
        "label": "java.lang.Exception",
        "type": "THROWS"
      },
      "location-after-char-start": 0,
      "location-after-char-end": 0,
      "node-str": "java.lang.Exception"
    },
    {
      "type": "insert-node",
      "node": {
        "label": "protected",
        "type": "Modifier"
      },
      "location-after-char-start": 0,
      "location-after-char-end": 0,
      "node-str": "protected"
    },
    {
      "type": "insert-node",
      "node": {
        "label": "ps",
        "type": "Parameter"
      },
      "location-after-char-start": 1760,
      "location-after-char-end": 1779,
      "node-str": "ps"
    },
    {
      "type": "insert-node",
      "node": {
        "label": "arg",
        "type": "Parameter"
      },
      "location-after-char-start": 1782,
      "location-after-char-end": 1791,
      "node-str": "arg"
    },
    {
      "type": "move-subtree",
      "node": {
        "label": "es",
        "type": "LocalVariable"
      },
      "location-before-char-start": 1812,
      "location-before-char-end": 1851,
      "location-after-char-start": 1815,
      "location-after-char-end": 1854,
      "node-str": "es"
    },
    {
      "type": "move-subtree",
      "node": {
        "label": "parameterIndex",
        "type": "LocalVariable"
      },
      "location-before-char-start": 1858,
      "location-before-char-end": 1880,
      "location-after-char-start": 1861,
      "location-after-char-end": 1883,
      "node-str": "parameterIndex"
    },
    {
      "type": "insert-node",
      "node": {
        "label": "",
        "type": "For"
      },
      "location-after-char-start": 1887,
      "location-after-char-end": 2042,
      "node-str": ""
    },
    {
      "type": "insert-node",
      "node": {
        "label": "static",
        "type": "Modifier"
      },
      "location-after-char-start": 0,
      "location-after-char-end": 0,
      "node-str": "static"
    },
    {
      "type": "insert-node",
      "node": {
        "label": "foreignKey",
        "type": "Field"
      },
      "location-after-char-start": 2379,
      "location-after-char-end": 2403,
      "node-str": "foreignKey"
    },
    {
      "type": "move-subtree",
      "node": {
        "label": "foreignKeyFields",
        "type": "Field"
      },
      "location-before-char-start": 2405,
      "location-before-char-end": 2449,
      "location-after-char-start": 2407,
      "location-after-char-end": 2451,
      "node-str": "foreignKeyFields"
    },
    {
      "type": "insert-node",
      "node": {
        "label": "java.lang.Object",
        "type": "VARIABLE_TYPE"
      },
      "location-after-char-start": 0,
      "location-after-char-end": 0,
      "node-str": "java.lang.Object"
    },
    {
      "type": "insert-node",
      "node": {
        "label": "org.jboss.ejb.plugins.cmp.jdbc.bridge.JDBCCMPFieldBridge[]",
        "type": "VARIABLE_TYPE"
      },
      "location-after-char-start": 0,
      "location-after-char-end": 0,
      "node-str": "org.jboss.ejb.plugins.cmp.jdbc.bridge.JDBCCMPFieldBridge[]"
    },
    {
      "type": "insert-node",
      "node": {
        "label": "foreignKey",
        "type": "FieldWrite"
      },
      "location-after-char-start": 1081,
      "location-after-char-end": 1093,
      "node-str": "foreignKey"
    },
    {
      "type": "insert-node",
      "node": {
        "label": "foreignKey",
        "type": "VariableRead"
      },
      "location-after-char-start": 1097,
      "location-after-char-end": 1106,
      "node-str": "foreignKey"
    },
    {
      "type": "insert-node",
      "node": {
        "label": "java.sql.PreparedStatement",
        "type": "VARIABLE_TYPE"
      },
      "location-after-char-start": 0,
      "location-after-char-end": 0,
      "node-str": "java.sql.PreparedStatement"
    },
    {
      "type": "insert-node",
      "node": {
        "label": "java.lang.Object",
        "type": "VARIABLE_TYPE"
      },
      "location-after-char-start": 0,
      "location-after-char-end": 0,
      "node-str": "java.lang.Object"
    },
    {
      "type": "move-subtree",
      "node": {
        "label": "i",
        "type": "LocalVariable"
      },
      "location-before-char-start": 1888,
      "location-before-char-end": 1894,
      "location-after-char-start": 1891,
      "location-after-char-end": 1897,
      "node-str": "i"
    },
    {
      "type": "move-subtree",
      "node": {
        "label": "LT",
        "type": "BinaryOperator"
      },
      "location-before-char-start": 1897,
      "location-before-char-end": 1924,
      "location-after-char-start": 1900,
      "location-after-char-end": 1927,
      "node-str": "LT"
    },
    {
      "type": "insert-node",
      "node": {
        "label": "POSTINC",
        "type": "UnaryOperator"
      },
      "location-after-char-start": 1930,
      "location-after-char-end": 1932,
      "node-str": "POSTINC"
    },
    {
      "type": "insert-node",
      "node": {
        "label": "\u003d",
        "type": "Assignment"
      },
      "location-after-char-start": 1940,
      "location-after-char-end": 2038,
      "node-str": "\u003d"
    },
    {
      "type": "insert-node",
      "node": {
        "label": "java.lang.Object",
        "type": "VARIABLE_TYPE"
      },
      "location-after-char-start": 0,
      "location-after-char-end": 0,
      "node-str": "java.lang.Object"
    },
    {
      "type": "insert-node",
      "node": {
        "label": "public",
        "type": "Modifier"
      },
      "location-after-char-start": 0,
      "location-after-char-end": 0,
      "node-str": "public"
    },
    {
      "type": "insert-node",
      "node": {
        "label": "es",
        "type": "VariableRead"
      },
      "location-after-char-start": 1081,
      "location-after-char-end": 1082,
      "node-str": "es"
    },
    {
      "type": "insert-node",
      "node": {
        "label": "i",
        "type": "VariableWrite"
      },
      "location-after-char-start": 1930,
      "location-after-char-end": 1930,
      "node-str": "i"
    },
    {
      "type": "insert-node",
      "node": {
        "label": "parameterIndex",
        "type": "VariableWrite"
      },
      "location-after-char-start": 1940,
      "location-after-char-end": 1953,
      "node-str": "parameterIndex"
    },
    {
      "type": "insert-node",
      "node": {
        "label": "setPrimaryKeyParameters",
        "type": "Invocation"
      },
      "location-after-char-start": 1957,
      "location-after-char-end": 2037,
      "node-str": "setPrimaryKeyParameters"
    },
    {
      "type": "move-subtree",
      "node": {
        "label": "",
        "type": "ArrayRead"
      },
      "location-before-char-start": 1954,
      "location-before-char-end": 1975,
      "location-after-char-start": 1957,
      "location-after-char-end": 1978,
      "node-str": ""
    },
    {
      "type": "insert-node",
      "node": {
        "label": "ps",
        "type": "VariableRead"
      },
      "location-after-char-start": 2004,
      "location-after-char-end": 2005,
      "node-str": "ps"
    },
    {
      "type": "insert-node",
      "node": {
        "label": "parameterIndex",
        "type": "VariableRead"
      },
      "location-after-char-start": 2008,
      "location-after-char-end": 2021,
      "node-str": "parameterIndex"
    },
    {
      "type": "insert-node",
      "node": {
        "label": "foreignKey",
        "type": "FieldRead"
      },
      "location-after-char-start": 2024,
      "location-after-char-end": 2036,
      "node-str": "foreignKey"
    },
    {
      "type": "insert-node",
      "node": {
        "label": "es",
        "type": "VariableRead"
      },
      "location-after-char-start": 2024,
      "location-after-char-end": 2025,
      "node-str": "es"
    },
    {
      "type": "delete-node",
      "node": {
        "label": "public",
        "type": "Modifier"
      },
      "location-before-char-start": 0,
      "location-before-char-end": 0,
      "node-str": "public"
    },
    {
      "type": "delete-node",
      "node": {
        "label": "org.jboss.ejb.plugins.cmp.jdbc.JDBCQueryCommand",
        "type": "SUPER_TYPE"
      },
      "location-before-char-start": 0,
      "location-before-char-end": 0,
      "node-str": "org.jboss.ejb.plugins.cmp.jdbc.JDBCQueryCommand"
    },
    {
      "type": "delete-node",
      "node": {
        "label": "",
        "type": "TypeReference"
      },
      "location-before-char-start": 684,
      "location-before-char-end": 699,
      "node-str": ""
    },
    {
      "type": "delete-node",
      "node": {
        "label": "java.util.Set",
        "type": "RETURN_TYPE"
      },
      "location-before-char-start": 0,
      "location-before-char-end": 0,
      "node-str": "java.util.Set"
    },
    {
      "type": "delete-node",
      "node": {
        "label": "public",
        "type": "Modifier"
      },
      "location-before-char-start": 0,
      "location-before-char-end": 0,
      "node-str": "public"
    },
    {
      "type": "delete-node",
      "node": {
        "label": "org.jboss.ejb.EntityEnterpriseContext",
        "type": "VARIABLE_TYPE"
      },
      "location-before-char-start": 0,
      "location-before-char-end": 0,
      "node-str": "org.jboss.ejb.EntityEnterpriseContext"
    },
    {
      "type": "delete-node",
      "node": {
        "label": "ctx",
        "type": "Parameter"
      },
      "location-before-char-start": 967,
      "location-before-char-end": 993,
      "node-str": "ctx"
    },
    {
      "type": "delete-node",
      "node": {
        "label": "org.jboss.ejb.plugins.cmp.jdbc.bridge.JDBCCMPFieldBridge[]",
        "type": "VARIABLE_TYPE"
      },
      "location-before-char-start": 0,
      "location-before-char-end": 0,
      "node-str": "org.jboss.ejb.plugins.cmp.jdbc.bridge.JDBCCMPFieldBridge[]"
    },
    {
      "type": "delete-node",
      "node": {
        "label": "foreignKeyFields",
        "type": "Parameter"
      },
      "location-before-char-start": 1000,
      "location-before-char-end": 1036,
      "node-str": "foreignKeyFields"
    },
    {
      "type": "delete-node",
      "node": {
        "label": "es",
        "type": "VariableRead"
      },
      "location-before-char-start": 1092,
      "location-before-char-end": 1093,
      "node-str": "es"
    },
    {
      "type": "delete-node",
      "node": {
        "label": "ctx",
        "type": "FieldWrite"
      },
      "location-before-char-start": 1092,
      "location-before-char-end": 1097,
      "node-str": "ctx"
    },
    {
      "type": "delete-node",
      "node": {
        "label": "ctx",
        "type": "VariableRead"
      },
      "location-before-char-start": 1101,
      "location-before-char-end": 1103,
      "node-str": "ctx"
    },
    {
      "type": "delete-node",
      "node": {
        "label": "\u003d",
        "type": "Assignment"
      },
      "location-before-char-start": 1092,
      "location-before-char-end": 1104,
      "node-str": "\u003d"
    },
    {
      "type": "delete-node",
      "node": {
        "label": "execute",
        "type": "Method"
      },
      "location-before-char-start": 881,
      "location-before-char-end": 1294,
      "node-str": "execute"
    },
    {
      "type": "delete-node",
      "node": {
        "label": "void",
        "type": "RETURN_TYPE"
      },
      "location-before-char-start": 0,
      "location-before-char-end": 0,
      "node-str": "void"
    },
    {
      "type": "delete-node",
      "node": {
        "label": "java.lang.Exception",
        "type": "THROWS"
      },
      "location-before-char-start": 0,
      "location-before-char-end": 0,
      "node-str": "java.lang.Exception"
    },
    {
      "type": "delete-node",
      "node": {
        "label": "protected",
        "type": "Modifier"
      },
      "location-before-char-start": 0,
      "location-before-char-end": 0,
      "node-str": "protected"
    },
    {
      "type": "delete-node",
      "node": {
        "label": "java.sql.PreparedStatement",
        "type": "VARIABLE_TYPE"
      },
      "location-before-char-start": 0,
      "location-before-char-end": 0,
      "node-str": "java.sql.PreparedStatement"
    },
    {
      "type": "delete-node",
      "node": {
        "label": "ps",
        "type": "Parameter"
      },
      "location-before-char-start": 1757,
      "location-before-char-end": 1776,
      "node-str": "ps"
    },
    {
      "type": "delete-node",
      "node": {
        "label": "java.lang.Object",
        "type": "VARIABLE_TYPE"
      },
      "location-before-char-start": 0,
      "location-before-char-end": 0,
      "node-str": "java.lang.Object"
    },
    {
      "type": "delete-node",
      "node": {
        "label": "arg",
        "type": "Parameter"
      },
      "location-before-char-start": 1779,
      "location-before-char-end": 1788,
      "node-str": "arg"
    },
    {
      "type": "delete-node",
      "node": {
        "label": "i",
        "type": "VariableWrite"
      },
      "location-before-char-start": 1927,
      "location-before-char-end": 1927,
      "node-str": "i"
    },
    {
      "type": "delete-node",
      "node": {
        "label": "POSTINC",
        "type": "UnaryOperator"
      },
      "location-before-char-start": 1927,
      "location-before-char-end": 1929,
      "node-str": "POSTINC"
    },
    {
      "type": "delete-node",
      "node": {
        "label": "parameterIndex",
        "type": "VariableWrite"
      },
      "location-before-char-start": 1937,
      "location-before-char-end": 1950,
      "node-str": "parameterIndex"
    },
    {
      "type": "delete-node",
      "node": {
        "label": "ps",
        "type": "VariableRead"
      },
      "location-before-char-start": 1999,
      "location-before-char-end": 2000,
      "node-str": "ps"
    },
    {
      "type": "delete-node",
      "node": {
        "label": "parameterIndex",
        "type": "VariableRead"
      },
      "location-before-char-start": 2003,
      "location-before-char-end": 2016,
      "node-str": "parameterIndex"
    },
    {
      "type": "delete-node",
      "node": {
        "label": "es",
        "type": "VariableRead"
      },
      "location-before-char-start": 2019,
      "location-before-char-end": 2020,
      "node-str": "es"
    },
    {
      "type": "delete-node",
      "node": {
        "label": "ctx",
        "type": "FieldRead"
      },
      "location-before-char-start": 2019,
      "location-before-char-end": 2024,
      "node-str": "ctx"
    },
    {
      "type": "delete-node",
      "node": {
        "label": "setInstanceParameters",
        "type": "Invocation"
      },
      "location-before-char-start": 1954,
      "location-before-char-end": 2025,
      "node-str": "setInstanceParameters"
    },
    {
      "type": "delete-node",
      "node": {
        "label": "\u003d",
        "type": "Assignment"
      },
      "location-before-char-start": 1937,
      "location-before-char-end": 2026,
      "node-str": "\u003d"
    },
    {
      "type": "delete-node",
      "node": {
        "label": "",
        "type": "For"
      },
      "location-before-char-start": 1884,
      "location-before-char-end": 2030,
      "node-str": ""
    },
    {
      "type": "delete-node",
      "node": {
        "label": "setParameters",
        "type": "Method"
      },
      "location-before-char-start": 1728,
      "location-before-char-end": 2035,
      "node-str": "setParameters"
    },
    {
      "type": "delete-node",
      "node": {
        "label": "static",
        "type": "Modifier"
      },
      "location-before-char-start": 0,
      "location-before-char-end": 0,
      "node-str": "static"
    },
    {
      "type": "delete-node",
      "node": {
        "label": "org.jboss.ejb.EntityEnterpriseContext",
        "type": "VARIABLE_TYPE"
      },
      "location-before-char-start": 0,
      "location-before-char-end": 0,
      "node-str": "org.jboss.ejb.EntityEnterpriseContext"
    },
    {
      "type": "delete-node",
      "node": {
        "label": "public",
        "type": "Modifier"
      },
      "location-before-char-start": 0,
      "location-before-char-end": 0,
      "node-str": "public"
    },
    {
      "type": "delete-node",
      "node": {
        "label": "ctx",
        "type": "Field"
      },
      "location-before-char-start": 2367,
      "location-before-char-end": 2401,
      "node-str": "ctx"
    },
    {
      "type": "delete-node",
      "node": {
        "label": "ExecutionState",
        "type": "Class"
      },
      "location-before-char-start": 2327,
      "location-before-char-end": 2452,
      "node-str": "ExecutionState"
    },
    {
      "type": "delete-node",
      "node": {
        "label": "JDBCFindByForeignKeyCommand",
        "type": "Class"
      },
      "location-before-char-start": 447,
      "location-before-char-end": 2454,
      "node-str": "JDBCFindByForeignKeyCommand"
    }
  ],
  "before-file": {},
  "after-file": {},
  "mapping": {}
}