{
  "tool-info": {},
  "diff": [
    {
      "type": "insert-node",
      "node": {
        "label": "ModeCreateLink",
        "type": "Class"
      },
      "location-after-char-start": 2066,
      "location-after-char-end": 8582,
      "node-str": "ModeCreateLink"
    },
    {
      "type": "insert-node",
      "node": {
        "label": "public",
        "type": "Modifier"
      },
      "location-after-char-start": 0,
      "location-after-char-end": 0,
      "node-str": "public"
    },
    {
      "type": "insert-node",
      "node": {
        "label": "",
        "type": "TypeReference"
      },
      "location-after-char-start": 2320,
      "location-after-char-end": 2329,
      "node-str": ""
    },
    {
      "type": "insert-node",
      "node": {
        "label": "LOG",
        "type": "Field"
      },
      "location-after-char-start": 2338,
      "location-after-char-end": 2411,
      "node-str": "LOG"
    },
    {
      "type": "insert-node",
      "node": {
        "label": "_startPort",
        "type": "Field"
      },
      "location-after-char-start": 2418,
      "location-after-char-end": 2495,
      "node-str": "_startPort"
    },
    {
      "type": "insert-node",
      "node": {
        "label": "_startPortFig",
        "type": "Field"
      },
      "location-after-char-start": 2502,
      "location-after-char-end": 2581,
      "node-str": "_startPortFig"
    },
    {
      "type": "insert-node",
      "node": {
        "label": "_sourceFigNode",
        "type": "Field"
      },
      "location-after-char-start": 2588,
      "location-after-char-end": 2681,
      "node-str": "_sourceFigNode"
    },
    {
      "type": "insert-node",
      "node": {
        "label": "_newEdge",
        "type": "Field"
      },
      "location-after-char-start": 2688,
      "location-after-char-end": 2760,
      "node-str": "_newEdge"
    },
    {
      "type": "insert-node",
      "node": {
        "label": "\u003cinit\u003e",
        "type": "Constructor"
      },
      "location-after-char-start": 2767,
      "location-after-char-end": 2814,
      "node-str": "\u003cinit\u003e"
    },
    {
      "type": "move-subtree",
      "node": {
        "label": "\u003cinit\u003e",
        "type": "Constructor"
      },
      "location-before-char-start": 2708,
      "location-before-char-end": 2768,
      "location-after-char-start": 2821,
      "location-after-char-end": 2881,
      "node-str": "\u003cinit\u003e"
    },
    {
      "type": "move-subtree",
      "node": {
        "label": "createNewItem",
        "type": "Method"
      },
      "location-before-char-start": 2775,
      "location-before-char-end": 3005,
      "location-after-char-start": 2888,
      "location-after-char-end": 3118,
      "node-str": "createNewItem"
    },
    {
      "type": "move-subtree",
      "node": {
        "label": "instructions",
        "type": "Method"
      },
      "location-before-char-start": 3012,
      "location-before-char-end": 3103,
      "location-after-char-start": 3125,
      "location-after-char-end": 3216,
      "node-str": "instructions"
    },
    {
      "type": "move-subtree",
      "node": {
        "label": "mousePressed",
        "type": "Method"
      },
      "location-before-char-start": 3110,
      "location-before-char-end": 4539,
      "location-after-char-start": 3223,
      "location-after-char-end": 4652,
      "node-str": "mousePressed"
    },
    {
      "type": "insert-node",
      "node": {
        "label": "mouseReleased",
        "type": "Method"
      },
      "location-after-char-start": 4659,
      "location-after-char-end": 8186,
      "node-str": "mouseReleased"
    },
    {
      "type": "move-subtree",
      "node": {
        "label": "mouseDragged",
        "type": "Method"
      },
      "location-before-char-start": 8089,
      "location-before-char-end": 8445,
      "location-after-char-start": 8193,
      "location-after-char-end": 8549,
      "node-str": "mouseDragged"
    },
    {
      "type": "insert-node",
      "node": {
        "label": "org.tigris.gef.base.ModeCreate",
        "type": "SUPER_TYPE"
      },
      "location-after-char-start": 0,
      "location-after-char-end": 0,
      "node-str": "org.tigris.gef.base.ModeCreate"
    },
    {
      "type": "insert-node",
      "node": {
        "label": "org.apache.log4j.Logger",
        "type": "VARIABLE_TYPE"
      },
      "location-after-char-start": 0,
      "location-after-char-end": 0,
      "node-str": "org.apache.log4j.Logger"
    },
    {
      "type": "insert-node",
      "node": {
        "label": "final",
        "type": "Modifier"
      },
      "location-after-char-start": 0,
      "location-after-char-end": 0,
      "node-str": "final"
    },
    {
      "type": "insert-node",
      "node": {
        "label": "static",
        "type": "Modifier"
      },
      "location-after-char-start": 0,
      "location-after-char-end": 0,
      "node-str": "static"
    },
    {
      "type": "insert-node",
      "node": {
        "label": "getLogger",
        "type": "Invocation"
      },
      "location-after-char-start": 2373,
      "location-after-char-end": 2410,
      "node-str": "getLogger"
    },
    {
      "type": "insert-node",
      "node": {
        "label": "java.lang.Object",
        "type": "VARIABLE_TYPE"
      },
      "location-after-char-start": 0,
      "location-after-char-end": 0,
      "node-str": "java.lang.Object"
    },
    {
      "type": "insert-node",
      "node": {
        "label": "org.tigris.gef.presentation.Fig",
        "type": "VARIABLE_TYPE"
      },
      "location-after-char-start": 0,
      "location-after-char-end": 0,
      "node-str": "org.tigris.gef.presentation.Fig"
    },
    {
      "type": "insert-node",
      "node": {
        "label": "org.tigris.gef.presentation.FigNode",
        "type": "VARIABLE_TYPE"
      },
      "location-after-char-start": 0,
      "location-after-char-end": 0,
      "node-str": "org.tigris.gef.presentation.FigNode"
    },
    {
      "type": "insert-node",
      "node": {
        "label": "java.lang.Object",
        "type": "VARIABLE_TYPE"
      },
      "location-after-char-start": 0,
      "location-after-char-end": 0,
      "node-str": "java.lang.Object"
    },
    {
      "type": "insert-node",
      "node": {
        "label": "public",
        "type": "Modifier"
      },
      "location-after-char-start": 0,
      "location-after-char-end": 0,
      "node-str": "public"
    },
    {
      "type": "insert-node",
      "node": {
        "label": "\u003cinit\u003e",
        "type": "Invocation"
      },
      "location-after-char-start": 2801,
      "location-after-char-end": 2808,
      "node-str": "\u003cinit\u003e"
    },
    {
      "type": "insert-node",
      "node": {
        "label": "void",
        "type": "RETURN_TYPE"
      },
      "location-after-char-start": 0,
      "location-after-char-end": 0,
      "node-str": "void"
    },
    {
      "type": "insert-node",
      "node": {
        "label": "public",
        "type": "Modifier"
      },
      "location-after-char-start": 0,
      "location-after-char-end": 0,
      "node-str": "public"
    },
    {
      "type": "insert-node",
      "node": {
        "label": "me",
        "type": "Parameter"
      },
      "location-after-char-start": 4998,
      "location-after-char-end": 5010,
      "node-str": "me"
    },
    {
      "type": "move-subtree",
      "node": {
        "label": "if",
        "type": "If"
      },
      "location-before-char-start": 4910,
      "location-before-char-end": 4949,
      "location-after-char-start": 5023,
      "location-after-char-end": 5062,
      "node-str": "if"
    },
    {
      "type": "move-subtree",
      "node": {
        "label": "if",
        "type": "If"
      },
      "location-before-char-start": 4959,
      "location-before-char-end": 5063,
      "location-after-char-start": 5072,
      "location-after-char-end": 5176,
      "node-str": "if"
    },
    {
      "type": "insert-node",
      "node": {
        "label": "x",
        "type": "LocalVariable"
      },
      "location-after-char-start": 5187,
      "location-after-char-end": 5219,
      "node-str": "x"
    },
    {
      "type": "insert-node",
      "node": {
        "label": "y",
        "type": "LocalVariable"
      },
      "location-after-char-start": 5187,
      "location-after-char-end": 5219,
      "node-str": "y"
    },
    {
      "type": "insert-node",
      "node": {
        "label": "arcClass",
        "type": "LocalVariable"
      },
      "location-after-char-start": 5229,
      "location-after-char-end": 5243,
      "node-str": "arcClass"
    },
    {
      "type": "insert-node",
      "node": {
        "label": "ce",
        "type": "LocalVariable"
      },
      "location-after-char-start": 5253,
      "location-after-char-end": 5284,
      "node-str": "ce"
    },
    {
      "type": "move-subtree",
      "node": {
        "label": "f",
        "type": "LocalVariable"
      },
      "location-before-char-start": 5181,
      "location-before-char-end": 5201,
      "location-after-char-start": 5294,
      "location-after-char-end": 5314,
      "node-str": "f"
    },
    {
      "type": "move-subtree",
      "node": {
        "label": "if",
        "type": "If"
      },
      "location-before-char-start": 5211,
      "location-before-char-end": 5284,
      "location-after-char-start": 5324,
      "location-after-char-end": 5397,
      "node-str": "if"
    },
    {
      "type": "insert-node",
      "node": {
        "label": "gm",
        "type": "LocalVariable"
      },
      "location-after-char-start": 5407,
      "location-after-char-end": 5441,
      "node-str": "gm"
    },
    {
      "type": "move-subtree",
      "node": {
        "label": "if",
        "type": "If"
      },
      "location-before-char-start": 5338,
      "location-before-char-end": 5398,
      "location-after-char-start": 5451,
      "location-after-char-end": 5511,
      "node-str": "if"
    },
    {
      "type": "insert-node",
      "node": {
        "label": "mgm",
        "type": "LocalVariable"
      },
      "location-after-char-start": 5521,
      "location-after-char-end": 5567,
      "node-str": "mgm"
    },
    {
      "type": "move-subtree",
      "node": {
        "label": "if",
        "type": "If"
      },
      "location-before-char-start": 5512,
      "location-before-char-end": 5613,
      "location-after-char-start": 5625,
      "location-after-char-end": 5726,
      "node-str": "if"
    },
    {
      "type": "insert-node",
      "node": {
        "label": "if",
        "type": "If"
      },
      "location-after-char-start": 5736,
      "location-after-char-end": 8054,
      "node-str": "if"
    },
    {
      "type": "insert-node",
      "node": {
        "label": "damage",
        "type": "Invocation"
      },
      "location-after-char-start": 8064,
      "location-after-char-end": 8087,
      "node-str": "damage"
    },
    {
      "type": "insert-node",
      "node": {
        "label": "damaged",
        "type": "Invocation"
      },
      "location-after-char-start": 8097,
      "location-after-char-end": 8117,
      "node-str": "damaged"
    },
    {
      "type": "insert-node",
      "node": {
        "label": "\u003d",
        "type": "Assignment"
      },
      "location-after-char-start": 8127,
      "location-after-char-end": 8142,
      "node-str": "\u003d"
    },
    {
      "type": "insert-node",
      "node": {
        "label": "done",
        "type": "Invocation"
      },
      "location-after-char-start": 8152,
      "location-after-char-end": 8158,
      "node-str": "done"
    },
    {
      "type": "insert-node",
      "node": {
        "label": "consume",
        "type": "Invocation"
      },
      "location-after-char-start": 8168,
      "location-after-char-end": 8180,
      "node-str": "consume"
    },
    {
      "type": "insert-node",
      "node": {
        "label": "org.apache.log4j.Logger",
        "type": "TypeAccess"
      },
      "location-after-char-start": 2373,
      "location-after-char-end": 2378,
      "node-str": "org.apache.log4j.Logger"
    },
    {
      "type": "insert-node",
      "node": {
        "label": "class",
        "type": "FieldRead"
      },
      "location-after-char-start": 2390,
      "location-after-char-end": 2409,
      "node-str": "class"
    },
    {
      "type": "insert-node",
      "node": {
        "label": "java.awt.event.MouseEvent",
        "type": "VARIABLE_TYPE"
      },
      "location-after-char-start": 0,
      "location-after-char-end": 0,
      "node-str": "java.awt.event.MouseEvent"
    },
    {
      "type": "insert-node",
      "node": {
        "label": "int",
        "type": "VARIABLE_TYPE"
      },
      "location-after-char-start": 0,
      "location-after-char-end": 0,
      "node-str": "int"
    },
    {
      "type": "insert-node",
      "node": {
        "label": "getX",
        "type": "Invocation"
      },
      "location-after-char-start": 5195,
      "location-after-char-end": 5203,
      "node-str": "getX"
    },
    {
      "type": "insert-node",
      "node": {
        "label": "int",
        "type": "VARIABLE_TYPE"
      },
      "location-after-char-start": 0,
      "location-after-char-end": 0,
      "node-str": "int"
    },
    {
      "type": "insert-node",
      "node": {
        "label": "getY",
        "type": "Invocation"
      },
      "location-after-char-start": 5210,
      "location-after-char-end": 5218,
      "node-str": "getY"
    },
    {
      "type": "insert-node",
      "node": {
        "label": "java.lang.Class",
        "type": "VARIABLE_TYPE"
      },
      "location-after-char-start": 0,
      "location-after-char-end": 0,
      "node-str": "java.lang.Class"
    },
    {
      "type": "insert-node",
      "node": {
        "label": "org.tigris.gef.base.Editor",
        "type": "VARIABLE_TYPE"
      },
      "location-after-char-start": 0,
      "location-after-char-end": 0,
      "node-str": "org.tigris.gef.base.Editor"
    },
    {
      "type": "insert-node",
      "node": {
        "label": "curEditor",
        "type": "Invocation"
      },
      "location-after-char-start": 5265,
      "location-after-char-end": 5283,
      "node-str": "curEditor"
    },
    {
      "type": "insert-node",
      "node": {
        "label": "org.tigris.gef.graph.GraphModel",
        "type": "VARIABLE_TYPE"
      },
      "location-after-char-start": 0,
      "location-after-char-end": 0,
      "node-str": "org.tigris.gef.graph.GraphModel"
    },
    {
      "type": "insert-node",
      "node": {
        "label": "getGraphModel",
        "type": "Invocation"
      },
      "location-after-char-start": 5423,
      "location-after-char-end": 5440,
      "node-str": "getGraphModel"
    },
    {
      "type": "insert-node",
      "node": {
        "label": "org.tigris.gef.graph.MutableGraphModel",
        "type": "VARIABLE_TYPE"
      },
      "location-after-char-start": 0,
      "location-after-char-end": 0,
      "node-str": "org.tigris.gef.graph.MutableGraphModel"
    },
    {
      "type": "insert-node",
      "node": {
        "label": "gm",
        "type": "VariableRead"
      },
      "location-after-char-start": 5545,
      "location-after-char-end": 5566,
      "node-str": "gm"
    },
    {
      "type": "insert-node",
      "node": {
        "label": "INSTANCEOF",
        "type": "BinaryOperator"
      },
      "location-after-char-start": 5740,
      "location-after-char-end": 5759,
      "node-str": "INSTANCEOF"
    },
    {
      "type": "insert-node",
      "node": {
        "label": "THEN",
        "type": "then"
      },
      "location-after-char-start": 5762,
      "location-after-char-end": 8054,
      "node-str": "THEN"
    },
    {
      "type": "insert-node",
      "node": {
        "label": "_sourceFigNode",
        "type": "FieldRead"
      },
      "location-after-char-start": 8064,
      "location-after-char-end": 8077,
      "node-str": "_sourceFigNode"
    },
    {
      "type": "insert-node",
      "node": {
        "label": "ce",
        "type": "VariableRead"
      },
      "location-after-char-start": 8097,
      "location-after-char-end": 8098,
      "node-str": "ce"
    },
    {
      "type": "insert-node",
      "node": {
        "label": "_newItem",
        "type": "FieldRead"
      },
      "location-after-char-start": 8108,
      "location-after-char-end": 8115,
      "node-str": "_newItem"
    },
    {
      "type": "insert-node",
      "node": {
        "label": "_newItem",
        "type": "FieldWrite"
      },
      "location-after-char-start": 8127,
      "location-after-char-end": 8134,
      "node-str": "_newItem"
    },
    {
      "type": "insert-node",
      "node": {
        "label": "null",
        "type": "Literal"
      },
      "location-after-char-start": 8138,
      "location-after-char-end": 8141,
      "node-str": "null"
    },
    {
      "type": "insert-node",
      "node": {
        "label": "org.argouml.uml.diagram.sequence.ui.ModeCreateLink",
        "type": "TypeAccess"
      },
      "location-after-char-start": 0,
      "location-after-char-end": 0,
      "node-str": "org.argouml.uml.diagram.sequence.ui.ModeCreateLink"
    },
    {
      "type": "insert-node",
      "node": {
        "label": "me",
        "type": "VariableRead"
      },
      "location-after-char-start": 8168,
      "location-after-char-end": 8169,
      "node-str": "me"
    },
    {
      "type": "insert-node",
      "node": {
        "label": "org.argouml.uml.diagram.sequence.ui.ModeCreateLink",
        "type": "TypeAccess"
      },
      "location-after-char-start": 0,
      "location-after-char-end": 0,
      "node-str": "org.argouml.uml.diagram.sequence.ui.ModeCreateLink"
    },
    {
      "type": "insert-node",
      "node": {
        "label": "me",
        "type": "VariableRead"
      },
      "location-after-char-start": 5195,
      "location-after-char-end": 5196,
      "node-str": "me"
    },
    {
      "type": "insert-node",
      "node": {
        "label": "me",
        "type": "VariableRead"
      },
      "location-after-char-start": 5210,
      "location-after-char-end": 5211,
      "node-str": "me"
    },
    {
      "type": "insert-node",
      "node": {
        "label": "org.tigris.gef.base.Globals",
        "type": "TypeAccess"
      },
      "location-after-char-start": 5265,
      "location-after-char-end": 5271,
      "node-str": "org.tigris.gef.base.Globals"
    },
    {
      "type": "insert-node",
      "node": {
        "label": "ce",
        "type": "VariableRead"
      },
      "location-after-char-start": 5423,
      "location-after-char-end": 5424,
      "node-str": "ce"
    },
    {
      "type": "insert-node",
      "node": {
        "label": "f",
        "type": "VariableRead"
      },
      "location-after-char-start": 5740,
      "location-after-char-end": 5740,
      "node-str": "f"
    },
    {
      "type": "insert-node",
      "node": {
        "label": "org.tigris.gef.presentation.FigNode",
        "type": "TypeAccess"
      },
      "location-after-char-start": 5753,
      "location-after-char-end": 5759,
      "node-str": "org.tigris.gef.presentation.FigNode"
    },
    {
      "type": "insert-node",
      "node": {
        "label": "destFigNode",
        "type": "LocalVariable"
      },
      "location-after-char-start": 5776,
      "location-after-char-end": 5809,
      "node-str": "destFigNode"
    },
    {
      "type": "insert-node",
      "node": {
        "label": "foundPort",
        "type": "LocalVariable"
      },
      "location-after-char-start": 5928,
      "location-after-char-end": 5951,
      "node-str": "foundPort"
    },
    {
      "type": "move-subtree",
      "node": {
        "label": "if",
        "type": "If"
      },
      "location-before-char-start": 5852,
      "location-before-char-end": 6095,
      "location-after-char-start": 5965,
      "location-after-char-end": 6208,
      "node-str": "if"
    },
    {
      "type": "move-subtree",
      "node": {
        "label": "if",
        "type": "If"
      },
      "location-before-char-start": 6110,
      "location-before-char-end": 7940,
      "location-after-char-start": 6223,
      "location-after-char-end": 8044,
      "node-str": "if"
    },
    {
      "type": "insert-node",
      "node": {
        "label": "org.argouml.uml.diagram.sequence.ui.ModeCreateLink",
        "type": "TypeAccess"
      },
      "location-after-char-start": 0,
      "location-after-char-end": 0,
      "node-str": "org.argouml.uml.diagram.sequence.ui.ModeCreateLink"
    },
    {
      "type": "insert-node",
      "node": {
        "label": "org.tigris.gef.presentation.FigNode",
        "type": "VARIABLE_TYPE"
      },
      "location-after-char-start": 0,
      "location-after-char-end": 0,
      "node-str": "org.tigris.gef.presentation.FigNode"
    },
    {
      "type": "insert-node",
      "node": {
        "label": "f",
        "type": "VariableRead"
      },
      "location-after-char-start": 5798,
      "location-after-char-end": 5808,
      "node-str": "f"
    },
    {
      "type": "insert-node",
      "node": {
        "label": "java.lang.Object",
        "type": "VARIABLE_TYPE"
      },
      "location-after-char-start": 0,
      "location-after-char-end": 0,
      "node-str": "java.lang.Object"
    },
    {
      "type": "insert-node",
      "node": {
        "label": "null",
        "type": "Literal"
      },
      "location-after-char-start": 5947,
      "location-after-char-end": 5950,
      "node-str": "null"
    },
    {
      "type": "insert-node",
      "node": {
        "label": "if",
        "type": "If"
      },
      "location-after-char-start": 6906,
      "location-after-char-end": 8030,
      "node-str": "if"
    },
    {
      "type": "insert-node",
      "node": {
        "label": "NE",
        "type": "BinaryOperator"
      },
      "location-after-char-start": 6910,
      "location-after-char-end": 6925,
      "node-str": "NE"
    },
    {
      "type": "move-subtree",
      "node": {
        "label": "THEN",
        "type": "then"
      },
      "location-before-char-start": 6815,
      "location-before-char-end": 7855,
      "location-after-char-start": 6928,
      "location-after-char-end": 7968,
      "node-str": "THEN"
    },
    {
      "type": "insert-node",
      "node": {
        "label": "ELSE",
        "type": "else"
      },
      "location-after-char-start": 7995,
      "location-after-char-end": 8030,
      "node-str": "ELSE"
    },
    {
      "type": "insert-node",
      "node": {
        "label": "null",
        "type": "Literal"
      },
      "location-after-char-start": 6910,
      "location-after-char-end": 6913,
      "node-str": "null"
    },
    {
      "type": "insert-node",
      "node": {
        "label": "_newEdge",
        "type": "FieldRead"
      },
      "location-after-char-start": 6918,
      "location-after-char-end": 6925,
      "node-str": "_newEdge"
    },
    {
      "type": "insert-node",
      "node": {
        "label": "debug",
        "type": "Invocation"
      },
      "location-after-char-start": 7995,
      "location-after-char-end": 8030,
      "node-str": "debug"
    },
    {
      "type": "insert-node",
      "node": {
        "label": "org.argouml.uml.diagram.sequence.ui.ModeCreateLink",
        "type": "TypeAccess"
      },
      "location-after-char-start": 0,
      "location-after-char-end": 0,
      "node-str": "org.argouml.uml.diagram.sequence.ui.ModeCreateLink"
    },
    {
      "type": "insert-node",
      "node": {
        "label": "LOG",
        "type": "FieldRead"
      },
      "location-after-char-start": 7995,
      "location-after-char-end": 7997,
      "node-str": "LOG"
    },
    {
      "type": "insert-node",
      "node": {
        "label": "\"connection return null\"",
        "type": "Literal"
      },
      "location-after-char-start": 8005,
      "location-after-char-end": 8028,
      "node-str": "\"connection return null\""
    },
    {
      "type": "delete-node",
      "node": {
        "label": "null",
        "type": "Literal"
      },
      "location-before-char-start": 6797,
      "location-before-char-end": 6800,
      "node-str": "null"
    },
    {
      "type": "delete-node",
      "node": {
        "label": "org.argouml.uml.diagram.sequence.ui.ModeCreateLink",
        "type": "TypeAccess"
      },
      "location-before-char-start": 0,
      "location-before-char-end": 0,
      "node-str": "org.argouml.uml.diagram.sequence.ui.ModeCreateLink"
    },
    {
      "type": "delete-node",
      "node": {
        "label": "_newEdge",
        "type": "FieldRead"
      },
      "location-before-char-start": 6805,
      "location-before-char-end": 6812,
      "node-str": "_newEdge"
    },
    {
      "type": "delete-node",
      "node": {
        "label": "NE",
        "type": "BinaryOperator"
      },
      "location-before-char-start": 6797,
      "location-before-char-end": 6812,
      "node-str": "NE"
    },
    {
      "type": "delete-node",
      "node": {
        "label": "java.lang.System",
        "type": "TypeAccess"
      },
      "location-before-char-start": 7882,
      "location-before-char-end": 7887,
      "node-str": "java.lang.System"
    },
    {
      "type": "delete-node",
      "node": {
        "label": "out",
        "type": "FieldRead"
      },
      "location-before-char-start": 7882,
      "location-before-char-end": 7891,
      "node-str": "out"
    },
    {
      "type": "delete-node",
      "node": {
        "label": "\"connection return null\"",
        "type": "Literal"
      },
      "location-before-char-start": 7901,
      "location-before-char-end": 7924,
      "node-str": "\"connection return null\""
    },
    {
      "type": "delete-node",
      "node": {
        "label": "println",
        "type": "Invocation"
      },
      "location-before-char-start": 7882,
      "location-before-char-end": 7926,
      "node-str": "println"
    },
    {
      "type": "delete-node",
      "node": {
        "label": "ELSE",
        "type": "else"
      },
      "location-before-char-start": 7882,
      "location-before-char-end": 7926,
      "node-str": "ELSE"
    },
    {
      "type": "delete-node",
      "node": {
        "label": "if",
        "type": "If"
      },
      "location-before-char-start": 6793,
      "location-before-char-end": 7926,
      "node-str": "if"
    },
    {
      "type": "delete-node",
      "node": {
        "label": "public",
        "type": "Modifier"
      },
      "location-before-char-start": 0,
      "location-before-char-end": 0,
      "node-str": "public"
    },
    {
      "type": "delete-node",
      "node": {
        "label": "org.tigris.gef.base.ModeCreate",
        "type": "SUPER_TYPE"
      },
      "location-before-char-start": 0,
      "location-before-char-end": 0,
      "node-str": "org.tigris.gef.base.ModeCreate"
    },
    {
      "type": "delete-node",
      "node": {
        "label": "",
        "type": "TypeReference"
      },
      "location-before-char-start": 2287,
      "location-before-char-end": 2296,
      "node-str": ""
    },
    {
      "type": "delete-node",
      "node": {
        "label": "java.lang.Object",
        "type": "VARIABLE_TYPE"
      },
      "location-before-char-start": 0,
      "location-before-char-end": 0,
      "node-str": "java.lang.Object"
    },
    {
      "type": "delete-node",
      "node": {
        "label": "_startPort",
        "type": "Field"
      },
      "location-before-char-start": 2305,
      "location-before-char-end": 2382,
      "node-str": "_startPort"
    },
    {
      "type": "delete-node",
      "node": {
        "label": "org.tigris.gef.presentation.Fig",
        "type": "VARIABLE_TYPE"
      },
      "location-before-char-start": 0,
      "location-before-char-end": 0,
      "node-str": "org.tigris.gef.presentation.Fig"
    },
    {
      "type": "delete-node",
      "node": {
        "label": "_startPortFig",
        "type": "Field"
      },
      "location-before-char-start": 2389,
      "location-before-char-end": 2468,
      "node-str": "_startPortFig"
    },
    {
      "type": "delete-node",
      "node": {
        "label": "org.tigris.gef.presentation.FigNode",
        "type": "VARIABLE_TYPE"
      },
      "location-before-char-start": 0,
      "location-before-char-end": 0,
      "node-str": "org.tigris.gef.presentation.FigNode"
    },
    {
      "type": "delete-node",
      "node": {
        "label": "_sourceFigNode",
        "type": "Field"
      },
      "location-before-char-start": 2475,
      "location-before-char-end": 2568,
      "node-str": "_sourceFigNode"
    },
    {
      "type": "delete-node",
      "node": {
        "label": "java.lang.Object",
        "type": "VARIABLE_TYPE"
      },
      "location-before-char-start": 0,
      "location-before-char-end": 0,
      "node-str": "java.lang.Object"
    },
    {
      "type": "delete-node",
      "node": {
        "label": "_newEdge",
        "type": "Field"
      },
      "location-before-char-start": 2575,
      "location-before-char-end": 2647,
      "node-str": "_newEdge"
    },
    {
      "type": "delete-node",
      "node": {
        "label": "public",
        "type": "Modifier"
      },
      "location-before-char-start": 0,
      "location-before-char-end": 0,
      "node-str": "public"
    },
    {
      "type": "delete-node",
      "node": {
        "label": "\u003cinit\u003e",
        "type": "Invocation"
      },
      "location-before-char-start": 2688,
      "location-before-char-end": 2695,
      "node-str": "\u003cinit\u003e"
    },
    {
      "type": "delete-node",
      "node": {
        "label": "\u003cinit\u003e",
        "type": "Constructor"
      },
      "location-before-char-start": 2654,
      "location-before-char-end": 2701,
      "node-str": "\u003cinit\u003e"
    },
    {
      "type": "delete-node",
      "node": {
        "label": "void",
        "type": "RETURN_TYPE"
      },
      "location-before-char-start": 0,
      "location-before-char-end": 0,
      "node-str": "void"
    },
    {
      "type": "delete-node",
      "node": {
        "label": "public",
        "type": "Modifier"
      },
      "location-before-char-start": 0,
      "location-before-char-end": 0,
      "node-str": "public"
    },
    {
      "type": "delete-node",
      "node": {
        "label": "java.awt.event.MouseEvent",
        "type": "VARIABLE_TYPE"
      },
      "location-before-char-start": 0,
      "location-before-char-end": 0,
      "node-str": "java.awt.event.MouseEvent"
    },
    {
      "type": "delete-node",
      "node": {
        "label": "me",
        "type": "Parameter"
      },
      "location-before-char-start": 4885,
      "location-before-char-end": 4897,
      "node-str": "me"
    },
    {
      "type": "delete-node",
      "node": {
        "label": "int",
        "type": "VARIABLE_TYPE"
      },
      "location-before-char-start": 0,
      "location-before-char-end": 0,
      "node-str": "int"
    },
    {
      "type": "delete-node",
      "node": {
        "label": "me",
        "type": "VariableRead"
      },
      "location-before-char-start": 5082,
      "location-before-char-end": 5083,
      "node-str": "me"
    },
    {
      "type": "delete-node",
      "node": {
        "label": "getX",
        "type": "Invocation"
      },
      "location-before-char-start": 5082,
      "location-before-char-end": 5090,
      "node-str": "getX"
    },
    {
      "type": "delete-node",
      "node": {
        "label": "x",
        "type": "LocalVariable"
      },
      "location-before-char-start": 5074,
      "location-before-char-end": 5106,
      "node-str": "x"
    },
    {
      "type": "delete-node",
      "node": {
        "label": "int",
        "type": "VARIABLE_TYPE"
      },
      "location-before-char-start": 0,
      "location-before-char-end": 0,
      "node-str": "int"
    },
    {
      "type": "delete-node",
      "node": {
        "label": "me",
        "type": "VariableRead"
      },
      "location-before-char-start": 5097,
      "location-before-char-end": 5098,
      "node-str": "me"
    },
    {
      "type": "delete-node",
      "node": {
        "label": "getY",
        "type": "Invocation"
      },
      "location-before-char-start": 5097,
      "location-before-char-end": 5105,
      "node-str": "getY"
    },
    {
      "type": "delete-node",
      "node": {
        "label": "y",
        "type": "LocalVariable"
      },
      "location-before-char-start": 5074,
      "location-before-char-end": 5106,
      "node-str": "y"
    },
    {
      "type": "delete-node",
      "node": {
        "label": "java.lang.Class",
        "type": "VARIABLE_TYPE"
      },
      "location-before-char-start": 0,
      "location-before-char-end": 0,
      "node-str": "java.lang.Class"
    },
    {
      "type": "delete-node",
      "node": {
        "label": "arcClass",
        "type": "LocalVariable"
      },
      "location-before-char-start": 5116,
      "location-before-char-end": 5130,
      "node-str": "arcClass"
    },
    {
      "type": "delete-node",
      "node": {
        "label": "org.tigris.gef.base.Editor",
        "type": "VARIABLE_TYPE"
      },
      "location-before-char-start": 0,
      "location-before-char-end": 0,
      "node-str": "org.tigris.gef.base.Editor"
    },
    {
      "type": "delete-node",
      "node": {
        "label": "org.tigris.gef.base.Globals",
        "type": "TypeAccess"
      },
      "location-before-char-start": 5152,
      "location-before-char-end": 5158,
      "node-str": "org.tigris.gef.base.Globals"
    },
    {
      "type": "delete-node",
      "node": {
        "label": "curEditor",
        "type": "Invocation"
      },
      "location-before-char-start": 5152,
      "location-before-char-end": 5170,
      "node-str": "curEditor"
    },
    {
      "type": "delete-node",
      "node": {
        "label": "ce",
        "type": "LocalVariable"
      },
      "location-before-char-start": 5140,
      "location-before-char-end": 5171,
      "node-str": "ce"
    },
    {
      "type": "delete-node",
      "node": {
        "label": "org.tigris.gef.graph.GraphModel",
        "type": "VARIABLE_TYPE"
      },
      "location-before-char-start": 0,
      "location-before-char-end": 0,
      "node-str": "org.tigris.gef.graph.GraphModel"
    },
    {
      "type": "delete-node",
      "node": {
        "label": "ce",
        "type": "VariableRead"
      },
      "location-before-char-start": 5310,
      "location-before-char-end": 5311,
      "node-str": "ce"
    },
    {
      "type": "delete-node",
      "node": {
        "label": "getGraphModel",
        "type": "Invocation"
      },
      "location-before-char-start": 5310,
      "location-before-char-end": 5327,
      "node-str": "getGraphModel"
    },
    {
      "type": "delete-node",
      "node": {
        "label": "gm",
        "type": "LocalVariable"
      },
      "location-before-char-start": 5294,
      "location-before-char-end": 5328,
      "node-str": "gm"
    },
    {
      "type": "delete-node",
      "node": {
        "label": "org.tigris.gef.graph.MutableGraphModel",
        "type": "VARIABLE_TYPE"
      },
      "location-before-char-start": 0,
      "location-before-char-end": 0,
      "node-str": "org.tigris.gef.graph.MutableGraphModel"
    },
    {
      "type": "delete-node",
      "node": {
        "label": "gm",
        "type": "VariableRead"
      },
      "location-before-char-start": 5432,
      "location-before-char-end": 5453,
      "node-str": "gm"
    },
    {
      "type": "delete-node",
      "node": {
        "label": "mgm",
        "type": "LocalVariable"
      },
      "location-before-char-start": 5408,
      "location-before-char-end": 5454,
      "node-str": "mgm"
    },
    {
      "type": "delete-node",
      "node": {
        "label": "f",
        "type": "VariableRead"
      },
      "location-before-char-start": 5627,
      "location-before-char-end": 5627,
      "node-str": "f"
    },
    {
      "type": "delete-node",
      "node": {
        "label": "org.tigris.gef.presentation.FigNode",
        "type": "TypeAccess"
      },
      "location-before-char-start": 5640,
      "location-before-char-end": 5646,
      "node-str": "org.tigris.gef.presentation.FigNode"
    },
    {
      "type": "delete-node",
      "node": {
        "label": "INSTANCEOF",
        "type": "BinaryOperator"
      },
      "location-before-char-start": 5627,
      "location-before-char-end": 5646,
      "node-str": "INSTANCEOF"
    },
    {
      "type": "delete-node",
      "node": {
        "label": "org.tigris.gef.presentation.FigNode",
        "type": "VARIABLE_TYPE"
      },
      "location-before-char-start": 0,
      "location-before-char-end": 0,
      "node-str": "org.tigris.gef.presentation.FigNode"
    },
    {
      "type": "delete-node",
      "node": {
        "label": "f",
        "type": "VariableRead"
      },
      "location-before-char-start": 5685,
      "location-before-char-end": 5695,
      "node-str": "f"
    },
    {
      "type": "delete-node",
      "node": {
        "label": "destFigNode",
        "type": "LocalVariable"
      },
      "location-before-char-start": 5663,
      "location-before-char-end": 5696,
      "node-str": "destFigNode"
    },
    {
      "type": "delete-node",
      "node": {
        "label": "java.lang.Object",
        "type": "VARIABLE_TYPE"
      },
      "location-before-char-start": 0,
      "location-before-char-end": 0,
      "node-str": "java.lang.Object"
    },
    {
      "type": "delete-node",
      "node": {
        "label": "null",
        "type": "Literal"
      },
      "location-before-char-start": 5834,
      "location-before-char-end": 5837,
      "node-str": "null"
    },
    {
      "type": "delete-node",
      "node": {
        "label": "foundPort",
        "type": "LocalVariable"
      },
      "location-before-char-start": 5815,
      "location-before-char-end": 5838,
      "node-str": "foundPort"
    },
    {
      "type": "delete-node",
      "node": {
        "label": "THEN",
        "type": "then"
      },
      "location-before-char-start": 5649,
      "location-before-char-end": 7950,
      "node-str": "THEN"
    },
    {
      "type": "delete-node",
      "node": {
        "label": "if",
        "type": "If"
      },
      "location-before-char-start": 5623,
      "location-before-char-end": 7950,
      "node-str": "if"
    },
    {
      "type": "delete-node",
      "node": {
        "label": "org.argouml.uml.diagram.sequence.ui.ModeCreateLink",
        "type": "TypeAccess"
      },
      "location-before-char-start": 0,
      "location-before-char-end": 0,
      "node-str": "org.argouml.uml.diagram.sequence.ui.ModeCreateLink"
    },
    {
      "type": "delete-node",
      "node": {
        "label": "_sourceFigNode",
        "type": "FieldRead"
      },
      "location-before-char-start": 7960,
      "location-before-char-end": 7973,
      "node-str": "_sourceFigNode"
    },
    {
      "type": "delete-node",
      "node": {
        "label": "damage",
        "type": "Invocation"
      },
      "location-before-char-start": 7960,
      "location-before-char-end": 7983,
      "node-str": "damage"
    },
    {
      "type": "delete-node",
      "node": {
        "label": "ce",
        "type": "VariableRead"
      },
      "location-before-char-start": 7993,
      "location-before-char-end": 7994,
      "node-str": "ce"
    },
    {
      "type": "delete-node",
      "node": {
        "label": "_newItem",
        "type": "FieldRead"
      },
      "location-before-char-start": 8004,
      "location-before-char-end": 8011,
      "node-str": "_newItem"
    },
    {
      "type": "delete-node",
      "node": {
        "label": "damaged",
        "type": "Invocation"
      },
      "location-before-char-start": 7993,
      "location-before-char-end": 8013,
      "node-str": "damaged"
    },
    {
      "type": "delete-node",
      "node": {
        "label": "_newItem",
        "type": "FieldWrite"
      },
      "location-before-char-start": 8023,
      "location-before-char-end": 8030,
      "node-str": "_newItem"
    },
    {
      "type": "delete-node",
      "node": {
        "label": "null",
        "type": "Literal"
      },
      "location-before-char-start": 8034,
      "location-before-char-end": 8037,
      "node-str": "null"
    },
    {
      "type": "delete-node",
      "node": {
        "label": "\u003d",
        "type": "Assignment"
      },
      "location-before-char-start": 8023,
      "location-before-char-end": 8038,
      "node-str": "\u003d"
    },
    {
      "type": "delete-node",
      "node": {
        "label": "org.argouml.uml.diagram.sequence.ui.ModeCreateLink",
        "type": "TypeAccess"
      },
      "location-before-char-start": 0,
      "location-before-char-end": 0,
      "node-str": "org.argouml.uml.diagram.sequence.ui.ModeCreateLink"
    },
    {
      "type": "delete-node",
      "node": {
        "label": "done",
        "type": "Invocation"
      },
      "location-before-char-start": 8048,
      "location-before-char-end": 8054,
      "node-str": "done"
    },
    {
      "type": "delete-node",
      "node": {
        "label": "me",
        "type": "VariableRead"
      },
      "location-before-char-start": 8064,
      "location-before-char-end": 8065,
      "node-str": "me"
    },
    {
      "type": "delete-node",
      "node": {
        "label": "consume",
        "type": "Invocation"
      },
      "location-before-char-start": 8064,
      "location-before-char-end": 8076,
      "node-str": "consume"
    },
    {
      "type": "delete-node",
      "node": {
        "label": "mouseReleased",
        "type": "Method"
      },
      "location-before-char-start": 4546,
      "location-before-char-end": 8082,
      "node-str": "mouseReleased"
    },
    {
      "type": "delete-node",
      "node": {
        "label": "ModeCreateLink",
        "type": "Class"
      },
      "location-before-char-start": 2033,
      "location-before-char-end": 8478,
      "node-str": "ModeCreateLink"
    }
  ],
  "before-file": {},
  "after-file": {},
  "mapping": {}
}