{
  "tool-info": {},
  "diff": [
    {
      "type": "insert-node",
      "node": {
        "label": "public",
        "type": "Modifier"
      },
      "location-after-char-start": 0,
      "location-after-char-end": 0,
      "node-str": "public"
    },
    {
      "type": "insert-node",
      "node": {
        "label": "iiopContext",
        "type": "Field"
      },
      "location-after-char-start": 1145,
      "location-after-char-end": 1244,
      "node-str": "iiopContext"
    },
    {
      "type": "insert-node",
      "node": {
        "label": "single",
        "type": "Field"
      },
      "location-after-char-start": 1248,
      "location-after-char-end": 1350,
      "node-str": "single"
    },
    {
      "type": "insert-node",
      "node": {
        "label": "wrapperHash",
        "type": "Field"
      },
      "location-after-char-start": 1354,
      "location-after-char-end": 1446,
      "node-str": "wrapperHash"
    },
    {
      "type": "insert-node",
      "node": {
        "label": "\u003cinit\u003e",
        "type": "Constructor"
      },
      "location-after-char-start": 1450,
      "location-after-char-end": 1737,
      "node-str": "\u003cinit\u003e"
    },
    {
      "type": "insert-node",
      "node": {
        "label": "destroySubcontext",
        "type": "Method"
      },
      "location-after-char-start": 8014,
      "location-after-char-end": 8120,
      "node-str": "destroySubcontext"
    },
    {
      "type": "insert-node",
      "node": {
        "label": "composeName",
        "type": "Method"
      },
      "location-after-char-start": 8946,
      "location-after-char-end": 9043,
      "node-str": "composeName"
    },
    {
      "type": "insert-node",
      "node": {
        "label": "close",
        "type": "Method"
      },
      "location-after-char-start": 9551,
      "location-after-char-end": 9628,
      "node-str": "close"
    },
    {
      "type": "insert-node",
      "node": {
        "label": "javax.naming.Context",
        "type": "VARIABLE_TYPE"
      },
      "location-after-char-start": 0,
      "location-after-char-end": 0,
      "node-str": "javax.naming.Context"
    },
    {
      "type": "insert-node",
      "node": {
        "label": "static",
        "type": "Modifier"
      },
      "location-after-char-start": 0,
      "location-after-char-end": 0,
      "node-str": "static"
    },
    {
      "type": "insert-node",
      "node": {
        "label": "null",
        "type": "Literal"
      },
      "location-after-char-start": 1240,
      "location-after-char-end": 1243,
      "node-str": "null"
    },
    {
      "type": "insert-node",
      "node": {
        "label": "javax.naming.Context",
        "type": "VARIABLE_TYPE"
      },
      "location-after-char-start": 0,
      "location-after-char-end": 0,
      "node-str": "javax.naming.Context"
    },
    {
      "type": "insert-node",
      "node": {
        "label": "static",
        "type": "Modifier"
      },
      "location-after-char-start": 0,
      "location-after-char-end": 0,
      "node-str": "static"
    },
    {
      "type": "insert-node",
      "node": {
        "label": "null",
        "type": "Literal"
      },
      "location-after-char-start": 1346,
      "location-after-char-end": 1349,
      "node-str": "null"
    },
    {
      "type": "insert-node",
      "node": {
        "label": "java.util.Hashtable",
        "type": "VARIABLE_TYPE"
      },
      "location-after-char-start": 0,
      "location-after-char-end": 0,
      "node-str": "java.util.Hashtable"
    },
    {
      "type": "insert-node",
      "node": {
        "label": "static",
        "type": "Modifier"
      },
      "location-after-char-start": 0,
      "location-after-char-end": 0,
      "node-str": "static"
    },
    {
      "type": "insert-node",
      "node": {
        "label": "null",
        "type": "Literal"
      },
      "location-after-char-start": 1442,
      "location-after-char-end": 1445,
      "node-str": "null"
    },
    {
      "type": "insert-node",
      "node": {
        "label": "iiopCtx",
        "type": "Parameter"
      },
      "location-after-char-start": 1636,
      "location-after-char-end": 1650,
      "node-str": "iiopCtx"
    },
    {
      "type": "insert-node",
      "node": {
        "label": "\u003d",
        "type": "Assignment"
      },
      "location-after-char-start": 1680,
      "location-after-char-end": 1701,
      "node-str": "\u003d"
    },
    {
      "type": "insert-node",
      "node": {
        "label": "\u003d",
        "type": "Assignment"
      },
      "location-after-char-start": 1705,
      "location-after-char-end": 1734,
      "node-str": "\u003d"
    },
    {
      "type": "insert-node",
      "node": {
        "label": "void",
        "type": "RETURN_TYPE"
      },
      "location-after-char-start": 0,
      "location-after-char-end": 0,
      "node-str": "void"
    },
    {
      "type": "insert-node",
      "node": {
        "label": "javax.naming.NamingException",
        "type": "THROWS"
      },
      "location-after-char-start": 0,
      "location-after-char-end": 0,
      "node-str": "javax.naming.NamingException"
    },
    {
      "type": "insert-node",
      "node": {
        "label": "public",
        "type": "Modifier"
      },
      "location-after-char-start": 0,
      "location-after-char-end": 0,
      "node-str": "public"
    },
    {
      "type": "insert-node",
      "node": {
        "label": "name",
        "type": "Parameter"
      },
      "location-after-char-start": 8044,
      "location-after-char-end": 8052,
      "node-str": "name"
    },
    {
      "type": "insert-node",
      "node": {
        "label": "destroySubcontext",
        "type": "Invocation"
      },
      "location-after-char-start": 8082,
      "location-after-char-end": 8117,
      "node-str": "destroySubcontext"
    },
    {
      "type": "insert-node",
      "node": {
        "label": "java.lang.String",
        "type": "RETURN_TYPE"
      },
      "location-after-char-start": 0,
      "location-after-char-end": 0,
      "node-str": "java.lang.String"
    },
    {
      "type": "insert-node",
      "node": {
        "label": "javax.naming.NamingException",
        "type": "THROWS"
      },
      "location-after-char-start": 0,
      "location-after-char-end": 0,
      "node-str": "javax.naming.NamingException"
    },
    {
      "type": "insert-node",
      "node": {
        "label": "public",
        "type": "Modifier"
      },
      "location-after-char-start": 0,
      "location-after-char-end": 0,
      "node-str": "public"
    },
    {
      "type": "insert-node",
      "node": {
        "label": "name",
        "type": "Parameter"
      },
      "location-after-char-start": 8972,
      "location-after-char-end": 8982,
      "node-str": "name"
    },
    {
      "type": "insert-node",
      "node": {
        "label": "prefix",
        "type": "Parameter"
      },
      "location-after-char-start": 8985,
      "location-after-char-end": 8997,
      "node-str": "prefix"
    },
    {
      "type": "insert-node",
      "node": {
        "label": "return",
        "type": "Return"
      },
      "location-after-char-start": 9029,
      "location-after-char-end": 9040,
      "node-str": "return"
    },
    {
      "type": "insert-node",
      "node": {
        "label": "void",
        "type": "RETURN_TYPE"
      },
      "location-after-char-start": 0,
      "location-after-char-end": 0,
      "node-str": "void"
    },
    {
      "type": "insert-node",
      "node": {
        "label": "javax.naming.NamingException",
        "type": "THROWS"
      },
      "location-after-char-start": 0,
      "location-after-char-end": 0,
      "node-str": "javax.naming.NamingException"
    },
    {
      "type": "insert-node",
      "node": {
        "label": "public",
        "type": "Modifier"
      },
      "location-after-char-start": 0,
      "location-after-char-end": 0,
      "node-str": "public"
    },
    {
      "type": "insert-node",
      "node": {
        "label": "javax.naming.Context",
        "type": "VARIABLE_TYPE"
      },
      "location-after-char-start": 0,
      "location-after-char-end": 0,
      "node-str": "javax.naming.Context"
    },
    {
      "type": "insert-node",
      "node": {
        "label": "iiopContext",
        "type": "FieldWrite"
      },
      "location-after-char-start": 1680,
      "location-after-char-end": 1690,
      "node-str": "iiopContext"
    },
    {
      "type": "insert-node",
      "node": {
        "label": "iiopCtx",
        "type": "VariableRead"
      },
      "location-after-char-start": 1694,
      "location-after-char-end": 1700,
      "node-str": "iiopCtx"
    },
    {
      "type": "insert-node",
      "node": {
        "label": "wrapperHash",
        "type": "FieldWrite"
      },
      "location-after-char-start": 1705,
      "location-after-char-end": 1715,
      "node-str": "wrapperHash"
    },
    {
      "type": "insert-node",
      "node": {
        "label": "java.util.Hashtable()",
        "type": "ConstructorCall"
      },
      "location-after-char-start": 1719,
      "location-after-char-end": 1733,
      "node-str": "java.util.Hashtable()"
    },
    {
      "type": "insert-node",
      "node": {
        "label": "javax.naming.Name",
        "type": "VARIABLE_TYPE"
      },
      "location-after-char-start": 0,
      "location-after-char-end": 0,
      "node-str": "javax.naming.Name"
    },
    {
      "type": "insert-node",
      "node": {
        "label": "iiopContext",
        "type": "FieldRead"
      },
      "location-after-char-start": 8082,
      "location-after-char-end": 8092,
      "node-str": "iiopContext"
    },
    {
      "type": "insert-node",
      "node": {
        "label": "name",
        "type": "VariableRead"
      },
      "location-after-char-start": 8112,
      "location-after-char-end": 8115,
      "node-str": "name"
    },
    {
      "type": "insert-node",
      "node": {
        "label": "java.lang.String",
        "type": "VARIABLE_TYPE"
      },
      "location-after-char-start": 0,
      "location-after-char-end": 0,
      "node-str": "java.lang.String"
    },
    {
      "type": "insert-node",
      "node": {
        "label": "java.lang.String",
        "type": "VARIABLE_TYPE"
      },
      "location-after-char-start": 0,
      "location-after-char-end": 0,
      "node-str": "java.lang.String"
    },
    {
      "type": "insert-node",
      "node": {
        "label": "name",
        "type": "VariableRead"
      },
      "location-after-char-start": 9036,
      "location-after-char-end": 9039,
      "node-str": "name"
    },
    {
      "type": "update-node",
      "node": {
        "label": "org.objectweb.carol.util.multi.ProtocolCurrent",
        "type": "TypeAccess"
      },
      "location-before-char-start": 3646,
      "location-before-char-end": 3660,
      "location-after-char-start": 3664,
      "location-after-char-end": 3688,
      "node-str": "org.objectweb.carol.util.configuration.CarolCurrentConfiguration"
    },
    {
      "type": "update-node",
      "node": {
        "label": "org.objectweb.carol.util.multi.ProtocolCurrent",
        "type": "TypeAccess"
      },
      "location-before-char-start": 6756,
      "location-before-char-end": 6770,
      "location-after-char-start": 6864,
      "location-after-char-end": 6888,
      "node-str": "org.objectweb.carol.util.configuration.CarolCurrentConfiguration"
    },
    {
      "type": "update-node",
      "node": {
        "label": "org.objectweb.carol.util.multi.ProtocolCurrent",
        "type": "TypeAccess"
      },
      "location-before-char-start": 4391,
      "location-before-char-end": 4405,
      "location-after-char-start": 4439,
      "location-after-char-end": 4463,
      "node-str": "org.objectweb.carol.util.configuration.CarolCurrentConfiguration"
    },
    {
      "type": "update-node",
      "node": {
        "label": "org.objectweb.carol.util.multi.ProtocolCurrent",
        "type": "TypeAccess"
      },
      "location-before-char-start": 3865,
      "location-before-char-end": 3879,
      "location-after-char-start": 3893,
      "location-after-char-end": 3917,
      "node-str": "org.objectweb.carol.util.configuration.CarolCurrentConfiguration"
    },
    {
      "type": "update-node",
      "node": {
        "label": "org.objectweb.carol.util.multi.ProtocolCurrent",
        "type": "TypeAccess"
      },
      "location-before-char-start": 4003,
      "location-before-char-end": 4017,
      "location-after-char-start": 4041,
      "location-after-char-end": 4065,
      "node-str": "org.objectweb.carol.util.configuration.CarolCurrentConfiguration"
    },
    {
      "type": "update-node",
      "node": {
        "label": "org.objectweb.carol.util.multi.ProtocolCurrent",
        "type": "TypeAccess"
      },
      "location-before-char-start": 5145,
      "location-before-char-end": 5159,
      "location-after-char-start": 5223,
      "location-after-char-end": 5247,
      "node-str": "org.objectweb.carol.util.configuration.CarolCurrentConfiguration"
    },
    {
      "type": "update-node",
      "node": {
        "label": "org.objectweb.carol.util.multi.ProtocolCurrent",
        "type": "TypeAccess"
      },
      "location-before-char-start": 4610,
      "location-before-char-end": 4624,
      "location-after-char-start": 4668,
      "location-after-char-end": 4692,
      "node-str": "org.objectweb.carol.util.configuration.CarolCurrentConfiguration"
    },
    {
      "type": "update-node",
      "node": {
        "label": "org.objectweb.carol.util.multi.ProtocolCurrent",
        "type": "TypeAccess"
      },
      "location-before-char-start": 4748,
      "location-before-char-end": 4762,
      "location-after-char-start": 4816,
      "location-after-char-end": 4840,
      "node-str": "org.objectweb.carol.util.configuration.CarolCurrentConfiguration"
    },
    {
      "type": "update-node",
      "node": {
        "label": "org.objectweb.carol.util.multi.ProtocolCurrent",
        "type": "TypeAccess"
      },
      "location-before-char-start": 5364,
      "location-before-char-end": 5378,
      "location-after-char-start": 5452,
      "location-after-char-end": 5476,
      "node-str": "org.objectweb.carol.util.configuration.CarolCurrentConfiguration"
    },
    {
      "type": "update-node",
      "node": {
        "label": "org.objectweb.carol.util.multi.ProtocolCurrent",
        "type": "TypeAccess"
      },
      "location-before-char-start": 5502,
      "location-before-char-end": 5516,
      "location-after-char-start": 5600,
      "location-after-char-end": 5624,
      "node-str": "org.objectweb.carol.util.configuration.CarolCurrentConfiguration"
    },
    {
      "type": "delete-node",
      "node": {
        "label": "public",
        "type": "Modifier"
      },
      "location-before-char-start": 0,
      "location-before-char-end": 0,
      "node-str": "public"
    },
    {
      "type": "delete-node",
      "node": {
        "label": "javax.naming.Context",
        "type": "VARIABLE_TYPE"
      },
      "location-before-char-start": 0,
      "location-before-char-end": 0,
      "node-str": "javax.naming.Context"
    },
    {
      "type": "delete-node",
      "node": {
        "label": "static",
        "type": "Modifier"
      },
      "location-before-char-start": 0,
      "location-before-char-end": 0,
      "node-str": "static"
    },
    {
      "type": "delete-node",
      "node": {
        "label": "null",
        "type": "Literal"
      },
      "location-before-char-start": 1222,
      "location-before-char-end": 1225,
      "node-str": "null"
    },
    {
      "type": "delete-node",
      "node": {
        "label": "iiopContext",
        "type": "Field"
      },
      "location-before-char-start": 1127,
      "location-before-char-end": 1226,
      "node-str": "iiopContext"
    },
    {
      "type": "delete-node",
      "node": {
        "label": "javax.naming.Context",
        "type": "VARIABLE_TYPE"
      },
      "location-before-char-start": 0,
      "location-before-char-end": 0,
      "node-str": "javax.naming.Context"
    },
    {
      "type": "delete-node",
      "node": {
        "label": "static",
        "type": "Modifier"
      },
      "location-before-char-start": 0,
      "location-before-char-end": 0,
      "node-str": "static"
    },
    {
      "type": "delete-node",
      "node": {
        "label": "null",
        "type": "Literal"
      },
      "location-before-char-start": 1328,
      "location-before-char-end": 1331,
      "node-str": "null"
    },
    {
      "type": "delete-node",
      "node": {
        "label": "single",
        "type": "Field"
      },
      "location-before-char-start": 1230,
      "location-before-char-end": 1332,
      "node-str": "single"
    },
    {
      "type": "delete-node",
      "node": {
        "label": "java.util.Hashtable",
        "type": "VARIABLE_TYPE"
      },
      "location-before-char-start": 0,
      "location-before-char-end": 0,
      "node-str": "java.util.Hashtable"
    },
    {
      "type": "delete-node",
      "node": {
        "label": "static",
        "type": "Modifier"
      },
      "location-before-char-start": 0,
      "location-before-char-end": 0,
      "node-str": "static"
    },
    {
      "type": "delete-node",
      "node": {
        "label": "null",
        "type": "Literal"
      },
      "location-before-char-start": 1424,
      "location-before-char-end": 1427,
      "node-str": "null"
    },
    {
      "type": "delete-node",
      "node": {
        "label": "wrapperHash",
        "type": "Field"
      },
      "location-before-char-start": 1336,
      "location-before-char-end": 1428,
      "node-str": "wrapperHash"
    },
    {
      "type": "delete-node",
      "node": {
        "label": "javax.naming.Context",
        "type": "VARIABLE_TYPE"
      },
      "location-before-char-start": 0,
      "location-before-char-end": 0,
      "node-str": "javax.naming.Context"
    },
    {
      "type": "delete-node",
      "node": {
        "label": "iiopCtx",
        "type": "Parameter"
      },
      "location-before-char-start": 1618,
      "location-before-char-end": 1632,
      "node-str": "iiopCtx"
    },
    {
      "type": "delete-node",
      "node": {
        "label": "iiopContext",
        "type": "FieldWrite"
      },
      "location-before-char-start": 1662,
      "location-before-char-end": 1672,
      "node-str": "iiopContext"
    },
    {
      "type": "delete-node",
      "node": {
        "label": "iiopCtx",
        "type": "VariableRead"
      },
      "location-before-char-start": 1676,
      "location-before-char-end": 1682,
      "node-str": "iiopCtx"
    },
    {
      "type": "delete-node",
      "node": {
        "label": "\u003d",
        "type": "Assignment"
      },
      "location-before-char-start": 1662,
      "location-before-char-end": 1683,
      "node-str": "\u003d"
    },
    {
      "type": "delete-node",
      "node": {
        "label": "wrapperHash",
        "type": "FieldWrite"
      },
      "location-before-char-start": 1687,
      "location-before-char-end": 1697,
      "node-str": "wrapperHash"
    },
    {
      "type": "delete-node",
      "node": {
        "label": "java.util.Hashtable()",
        "type": "ConstructorCall"
      },
      "location-before-char-start": 1701,
      "location-before-char-end": 1715,
      "node-str": "java.util.Hashtable()"
    },
    {
      "type": "delete-node",
      "node": {
        "label": "\u003d",
        "type": "Assignment"
      },
      "location-before-char-start": 1687,
      "location-before-char-end": 1716,
      "node-str": "\u003d"
    },
    {
      "type": "delete-node",
      "node": {
        "label": "\u003cinit\u003e",
        "type": "Constructor"
      },
      "location-before-char-start": 1432,
      "location-before-char-end": 1719,
      "node-str": "\u003cinit\u003e"
    },
    {
      "type": "delete-node",
      "node": {
        "label": "void",
        "type": "RETURN_TYPE"
      },
      "location-before-char-start": 0,
      "location-before-char-end": 0,
      "node-str": "void"
    },
    {
      "type": "delete-node",
      "node": {
        "label": "javax.naming.NamingException",
        "type": "THROWS"
      },
      "location-before-char-start": 0,
      "location-before-char-end": 0,
      "node-str": "javax.naming.NamingException"
    },
    {
      "type": "delete-node",
      "node": {
        "label": "public",
        "type": "Modifier"
      },
      "location-before-char-start": 0,
      "location-before-char-end": 0,
      "node-str": "public"
    },
    {
      "type": "delete-node",
      "node": {
        "label": "javax.naming.Name",
        "type": "VARIABLE_TYPE"
      },
      "location-before-char-start": 0,
      "location-before-char-end": 0,
      "node-str": "javax.naming.Name"
    },
    {
      "type": "delete-node",
      "node": {
        "label": "name",
        "type": "Parameter"
      },
      "location-before-char-start": 7926,
      "location-before-char-end": 7934,
      "node-str": "name"
    },
    {
      "type": "delete-node",
      "node": {
        "label": "iiopContext",
        "type": "FieldRead"
      },
      "location-before-char-start": 7964,
      "location-before-char-end": 7974,
      "node-str": "iiopContext"
    },
    {
      "type": "delete-node",
      "node": {
        "label": "name",
        "type": "VariableRead"
      },
      "location-before-char-start": 7994,
      "location-before-char-end": 7997,
      "node-str": "name"
    },
    {
      "type": "delete-node",
      "node": {
        "label": "destroySubcontext",
        "type": "Invocation"
      },
      "location-before-char-start": 7964,
      "location-before-char-end": 7999,
      "node-str": "destroySubcontext"
    },
    {
      "type": "delete-node",
      "node": {
        "label": "destroySubcontext",
        "type": "Method"
      },
      "location-before-char-start": 7896,
      "location-before-char-end": 8002,
      "node-str": "destroySubcontext"
    },
    {
      "type": "delete-node",
      "node": {
        "label": "java.lang.String",
        "type": "RETURN_TYPE"
      },
      "location-before-char-start": 0,
      "location-before-char-end": 0,
      "node-str": "java.lang.String"
    },
    {
      "type": "delete-node",
      "node": {
        "label": "javax.naming.NamingException",
        "type": "THROWS"
      },
      "location-before-char-start": 0,
      "location-before-char-end": 0,
      "node-str": "javax.naming.NamingException"
    },
    {
      "type": "delete-node",
      "node": {
        "label": "public",
        "type": "Modifier"
      },
      "location-before-char-start": 0,
      "location-before-char-end": 0,
      "node-str": "public"
    },
    {
      "type": "delete-node",
      "node": {
        "label": "java.lang.String",
        "type": "VARIABLE_TYPE"
      },
      "location-before-char-start": 0,
      "location-before-char-end": 0,
      "node-str": "java.lang.String"
    },
    {
      "type": "delete-node",
      "node": {
        "label": "name",
        "type": "Parameter"
      },
      "location-before-char-start": 8854,
      "location-before-char-end": 8864,
      "node-str": "name"
    },
    {
      "type": "delete-node",
      "node": {
        "label": "java.lang.String",
        "type": "VARIABLE_TYPE"
      },
      "location-before-char-start": 0,
      "location-before-char-end": 0,
      "node-str": "java.lang.String"
    },
    {
      "type": "delete-node",
      "node": {
        "label": "prefix",
        "type": "Parameter"
      },
      "location-before-char-start": 8867,
      "location-before-char-end": 8879,
      "node-str": "prefix"
    },
    {
      "type": "delete-node",
      "node": {
        "label": "name",
        "type": "VariableRead"
      },
      "location-before-char-start": 8918,
      "location-before-char-end": 8921,
      "node-str": "name"
    },
    {
      "type": "delete-node",
      "node": {
        "label": "return",
        "type": "Return"
      },
      "location-before-char-start": 8911,
      "location-before-char-end": 8922,
      "node-str": "return"
    },
    {
      "type": "delete-node",
      "node": {
        "label": "composeName",
        "type": "Method"
      },
      "location-before-char-start": 8828,
      "location-before-char-end": 8925,
      "node-str": "composeName"
    },
    {
      "type": "delete-node",
      "node": {
        "label": "void",
        "type": "RETURN_TYPE"
      },
      "location-before-char-start": 0,
      "location-before-char-end": 0,
      "node-str": "void"
    },
    {
      "type": "delete-node",
      "node": {
        "label": "javax.naming.NamingException",
        "type": "THROWS"
      },
      "location-before-char-start": 0,
      "location-before-char-end": 0,
      "node-str": "javax.naming.NamingException"
    },
    {
      "type": "delete-node",
      "node": {
        "label": "public",
        "type": "Modifier"
      },
      "location-before-char-start": 0,
      "location-before-char-end": 0,
      "node-str": "public"
    },
    {
      "type": "delete-node",
      "node": {
        "label": "close",
        "type": "Method"
      },
      "location-before-char-start": 9433,
      "location-before-char-end": 9510,
      "node-str": "close"
    }
  ],
  "before-file": {},
  "after-file": {},
  "mapping": {}
}