{
  "tool-info": {},
  "diff": [
    {
      "type": "insert-node",
      "node": {
        "label": "MenuAuthority",
        "type": "Class"
      },
      "location-after-char-start": 858,
      "location-after-char-end": 7787,
      "node-str": "MenuAuthority"
    },
    {
      "type": "insert-node",
      "node": {
        "label": "final",
        "type": "Modifier"
      },
      "location-after-char-start": 0,
      "location-after-char-end": 0,
      "node-str": "final"
    },
    {
      "type": "insert-node",
      "node": {
        "label": "",
        "type": "TypeReference"
      },
      "location-after-char-start": 1385,
      "location-after-char-end": 1403,
      "node-str": ""
    },
    {
      "type": "insert-node",
      "node": {
        "label": "menuContributionsByElement",
        "type": "Field"
      },
      "location-after-char-start": 1409,
      "location-after-char-end": 1855,
      "node-str": "menuContributionsByElement"
    },
    {
      "type": "insert-node",
      "node": {
        "label": "showingContributionsBySourcePriority",
        "type": "Field"
      },
      "location-after-char-start": 1859,
      "location-after-char-end": 2327,
      "node-str": "showingContributionsBySourcePriority"
    },
    {
      "type": "insert-node",
      "node": {
        "label": "window",
        "type": "Field"
      },
      "location-after-char-start": 2331,
      "location-after-char-end": 2490,
      "node-str": "window"
    },
    {
      "type": "move-subtree",
      "node": {
        "label": "\u003cinit\u003e",
        "type": "Constructor"
      },
      "location-before-char-start": 2755,
      "location-before-char-end": 3062,
      "location-after-char-start": 2494,
      "location-after-char-end": 2801,
      "node-str": "\u003cinit\u003e"
    },
    {
      "type": "move-subtree",
      "node": {
        "label": "contributeMenu",
        "type": "Method"
      },
      "location-before-char-start": 3066,
      "location-before-char-end": 4590,
      "location-after-char-start": 2805,
      "location-after-char-end": 4329,
      "node-str": "contributeMenu"
    },
    {
      "type": "insert-node",
      "node": {
        "label": "removeContribution",
        "type": "Method"
      },
      "location-after-char-start": 4333,
      "location-after-char-end": 6012,
      "node-str": "removeContribution"
    },
    {
      "type": "insert-node",
      "node": {
        "label": "sourceChanged",
        "type": "Method"
      },
      "location-after-char-start": 6016,
      "location-after-char-end": 7785,
      "node-str": "sourceChanged"
    },
    {
      "type": "insert-node",
      "node": {
        "label": "org.eclipse.ui.internal.services.ExpressionAuthority",
        "type": "SUPER_TYPE"
      },
      "location-after-char-start": 0,
      "location-after-char-end": 0,
      "node-str": "org.eclipse.ui.internal.services.ExpressionAuthority"
    },
    {
      "type": "insert-node",
      "node": {
        "label": "java.util.Map",
        "type": "VARIABLE_TYPE"
      },
      "location-after-char-start": 0,
      "location-after-char-end": 0,
      "node-str": "java.util.Map"
    },
    {
      "type": "insert-node",
      "node": {
        "label": "final",
        "type": "Modifier"
      },
      "location-after-char-start": 0,
      "location-after-char-end": 0,
      "node-str": "final"
    },
    {
      "type": "insert-node",
      "node": {
        "label": "java.util.HashMap()",
        "type": "ConstructorCall"
      },
      "location-after-char-start": 1842,
      "location-after-char-end": 1854,
      "node-str": "java.util.HashMap()"
    },
    {
      "type": "insert-node",
      "node": {
        "label": "java.util.Set[]",
        "type": "VARIABLE_TYPE"
      },
      "location-after-char-start": 0,
      "location-after-char-end": 0,
      "node-str": "java.util.Set[]"
    },
    {
      "type": "insert-node",
      "node": {
        "label": "final",
        "type": "Modifier"
      },
      "location-after-char-start": 0,
      "location-after-char-end": 0,
      "node-str": "final"
    },
    {
      "type": "insert-node",
      "node": {
        "label": "",
        "type": "NewArray"
      },
      "location-after-char-start": 2316,
      "location-after-char-end": 2326,
      "node-str": ""
    },
    {
      "type": "insert-node",
      "node": {
        "label": "org.eclipse.jface.window.Window",
        "type": "VARIABLE_TYPE"
      },
      "location-after-char-start": 0,
      "location-after-char-end": 0,
      "node-str": "org.eclipse.jface.window.Window"
    },
    {
      "type": "insert-node",
      "node": {
        "label": "final",
        "type": "Modifier"
      },
      "location-after-char-start": 0,
      "location-after-char-end": 0,
      "node-str": "final"
    },
    {
      "type": "insert-node",
      "node": {
        "label": "void",
        "type": "RETURN_TYPE"
      },
      "location-after-char-start": 0,
      "location-after-char-end": 0,
      "node-str": "void"
    },
    {
      "type": "insert-node",
      "node": {
        "label": "final",
        "type": "Modifier"
      },
      "location-after-char-start": 0,
      "location-after-char-end": 0,
      "node-str": "final"
    },
    {
      "type": "insert-node",
      "node": {
        "label": "contribution",
        "type": "Parameter"
      },
      "location-after-char-start": 4586,
      "location-after-char-end": 4621,
      "node-str": "contribution"
    },
    {
      "type": "insert-node",
      "node": {
        "label": "element",
        "type": "LocalVariable"
      },
      "location-after-char-start": 4628,
      "location-after-char-end": 4741,
      "node-str": "element"
    },
    {
      "type": "insert-node",
      "node": {
        "label": "value",
        "type": "LocalVariable"
      },
      "location-after-char-start": 4745,
      "location-after-char-end": 4805,
      "node-str": "value"
    },
    {
      "type": "insert-node",
      "node": {
        "label": "if",
        "type": "If"
      },
      "location-after-char-start": 4809,
      "location-after-char-end": 5480,
      "node-str": "if"
    },
    {
      "type": "move-subtree",
      "node": {
        "label": "if",
        "type": "If"
      },
      "location-before-char-start": 5814,
      "location-before-char-end": 6270,
      "location-after-char-start": 5553,
      "location-after-char-end": 6009,
      "node-str": "if"
    },
    {
      "type": "insert-node",
      "node": {
        "label": "void",
        "type": "RETURN_TYPE"
      },
      "location-after-char-start": 0,
      "location-after-char-end": 0,
      "node-str": "void"
    },
    {
      "type": "insert-node",
      "node": {
        "label": "final",
        "type": "Modifier"
      },
      "location-after-char-start": 0,
      "location-after-char-end": 0,
      "node-str": "final"
    },
    {
      "type": "insert-node",
      "node": {
        "label": "protected",
        "type": "Modifier"
      },
      "location-after-char-start": 0,
      "location-after-char-end": 0,
      "node-str": "protected"
    },
    {
      "type": "insert-node",
      "node": {
        "label": "sourcePriority",
        "type": "Parameter"
      },
      "location-after-char-start": 6373,
      "location-after-char-end": 6396,
      "node-str": "sourcePriority"
    },
    {
      "type": "insert-node",
      "node": {
        "label": "contributionsToRecompute",
        "type": "LocalVariable"
      },
      "location-after-char-start": 6403,
      "location-after-char-end": 6737,
      "node-str": "contributionsToRecompute"
    },
    {
      "type": "move-subtree",
      "node": {
        "label": "",
        "type": "For"
      },
      "location-before-char-start": 7002,
      "location-before-char-end": 7373,
      "location-after-char-start": 6741,
      "location-after-char-end": 7112,
      "node-str": ""
    },
    {
      "type": "insert-node",
      "node": {
        "label": "contributionItr",
        "type": "LocalVariable"
      },
      "location-after-char-start": 7117,
      "location-after-char-end": 7391,
      "node-str": "contributionItr"
    },
    {
      "type": "insert-node",
      "node": {
        "label": "while",
        "type": "While"
      },
      "location-after-char-start": 7395,
      "location-after-char-end": 7782,
      "node-str": "while"
    },
    {
      "type": "insert-node",
      "node": {
        "label": "33",
        "type": "Literal"
      },
      "location-after-char-start": 2324,
      "location-after-char-end": 2325,
      "node-str": "33"
    },
    {
      "type": "update-node",
      "node": {
        "label": "org.eclipse.ui.menus.IMenuContribution",
        "type": "VARIABLE_TYPE"
      },
      "location-before-char-start": 0,
      "location-before-char-end": 0,
      "location-after-char-start": 0,
      "location-after-char-end": 0,
      "node-str": "org.eclipse.ui.internal.menus.IMenuContribution"
    },
    {
      "type": "update-node",
      "node": {
        "label": "org.eclipse.jface.menus.MenuElement",
        "type": "VARIABLE_TYPE"
      },
      "location-before-char-start": 0,
      "location-before-char-end": 0,
      "location-after-char-start": 0,
      "location-after-char-end": 0,
      "node-str": "org.eclipse.ui.internal.menus.MenuElement"
    },
    {
      "type": "insert-node",
      "node": {
        "label": "org.eclipse.ui.internal.menus.IMenuContribution",
        "type": "VARIABLE_TYPE"
      },
      "location-after-char-start": 0,
      "location-after-char-end": 0,
      "node-str": "org.eclipse.ui.internal.menus.IMenuContribution"
    },
    {
      "type": "insert-node",
      "node": {
        "label": "final",
        "type": "Modifier"
      },
      "location-after-char-start": 0,
      "location-after-char-end": 0,
      "node-str": "final"
    },
    {
      "type": "insert-node",
      "node": {
        "label": "org.eclipse.ui.internal.menus.MenuElement",
        "type": "VARIABLE_TYPE"
      },
      "location-after-char-start": 0,
      "location-after-char-end": 0,
      "node-str": "org.eclipse.ui.internal.menus.MenuElement"
    },
    {
      "type": "insert-node",
      "node": {
        "label": "final",
        "type": "Modifier"
      },
      "location-after-char-start": 0,
      "location-after-char-end": 0,
      "node-str": "final"
    },
    {
      "type": "insert-node",
      "node": {
        "label": "getMenuElement",
        "type": "Invocation"
      },
      "location-after-char-start": 4712,
      "location-after-char-end": 4740,
      "node-str": "getMenuElement"
    },
    {
      "type": "insert-node",
      "node": {
        "label": "java.lang.Object",
        "type": "VARIABLE_TYPE"
      },
      "location-after-char-start": 0,
      "location-after-char-end": 0,
      "node-str": "java.lang.Object"
    },
    {
      "type": "insert-node",
      "node": {
        "label": "final",
        "type": "Modifier"
      },
      "location-after-char-start": 0,
      "location-after-char-end": 0,
      "node-str": "final"
    },
    {
      "type": "insert-node",
      "node": {
        "label": "get",
        "type": "Invocation"
      },
      "location-after-char-start": 4766,
      "location-after-char-end": 4804,
      "node-str": "get"
    },
    {
      "type": "insert-node",
      "node": {
        "label": "INSTANCEOF",
        "type": "BinaryOperator"
      },
      "location-after-char-start": 4813,
      "location-after-char-end": 4839,
      "node-str": "INSTANCEOF"
    },
    {
      "type": "insert-node",
      "node": {
        "label": "THEN",
        "type": "then"
      },
      "location-after-char-start": 4842,
      "location-after-char-end": 5344,
      "node-str": "THEN"
    },
    {
      "type": "move-subtree",
      "node": {
        "label": "ELSE",
        "type": "else"
      },
      "location-before-char-start": 5612,
      "location-before-char-end": 5741,
      "location-after-char-start": 5351,
      "location-after-char-end": 5480,
      "node-str": "ELSE"
    },
    {
      "type": "insert-node",
      "node": {
        "label": "int",
        "type": "VARIABLE_TYPE"
      },
      "location-after-char-start": 0,
      "location-after-char-end": 0,
      "node-str": "int"
    },
    {
      "type": "insert-node",
      "node": {
        "label": "final",
        "type": "Modifier"
      },
      "location-after-char-start": 0,
      "location-after-char-end": 0,
      "node-str": "final"
    },
    {
      "type": "insert-node",
      "node": {
        "label": "java.util.Set",
        "type": "VARIABLE_TYPE"
      },
      "location-after-char-start": 0,
      "location-after-char-end": 0,
      "node-str": "java.util.Set"
    },
    {
      "type": "insert-node",
      "node": {
        "label": "final",
        "type": "Modifier"
      },
      "location-after-char-start": 0,
      "location-after-char-end": 0,
      "node-str": "final"
    },
    {
      "type": "insert-node",
      "node": {
        "label": "java.util.HashSet()",
        "type": "ConstructorCall"
      },
      "location-after-char-start": 6724,
      "location-after-char-end": 6736,
      "node-str": "java.util.HashSet()"
    },
    {
      "type": "insert-node",
      "node": {
        "label": "java.util.Iterator",
        "type": "VARIABLE_TYPE"
      },
      "location-after-char-start": 0,
      "location-after-char-end": 0,
      "node-str": "java.util.Iterator"
    },
    {
      "type": "insert-node",
      "node": {
        "label": "final",
        "type": "Modifier"
      },
      "location-after-char-start": 0,
      "location-after-char-end": 0,
      "node-str": "final"
    },
    {
      "type": "insert-node",
      "node": {
        "label": "iterator",
        "type": "Invocation"
      },
      "location-after-char-start": 7356,
      "location-after-char-end": 7390,
      "node-str": "iterator"
    },
    {
      "type": "insert-node",
      "node": {
        "label": "hasNext",
        "type": "Invocation"
      },
      "location-after-char-start": 7402,
      "location-after-char-end": 7426,
      "node-str": "hasNext"
    },
    {
      "type": "insert-node",
      "node": {
        "label": "contribution",
        "type": "LocalVariable"
      },
      "location-after-char-start": 7434,
      "location-after-char-end": 7521,
      "node-str": "contribution"
    },
    {
      "type": "insert-node",
      "node": {
        "label": "currentlyVisible",
        "type": "LocalVariable"
      },
      "location-after-char-start": 7526,
      "location-after-char-end": 7581,
      "node-str": "currentlyVisible"
    },
    {
      "type": "insert-node",
      "node": {
        "label": "clearResult",
        "type": "Invocation"
      },
      "location-after-char-start": 7586,
      "location-after-char-end": 7612,
      "node-str": "clearResult"
    },
    {
      "type": "insert-node",
      "node": {
        "label": "newVisible",
        "type": "LocalVariable"
      },
      "location-after-char-start": 7617,
      "location-after-char-end": 7666,
      "node-str": "newVisible"
    },
    {
      "type": "move-subtree",
      "node": {
        "label": "if",
        "type": "If"
      },
      "location-before-char-start": 7932,
      "location-before-char-end": 8039,
      "location-after-char-start": 7671,
      "location-after-char-end": 7778,
      "node-str": "if"
    },
    {
      "type": "insert-node",
      "node": {
        "label": "contribution",
        "type": "VariableRead"
      },
      "location-after-char-start": 4712,
      "location-after-char-end": 4723,
      "node-str": "contribution"
    },
    {
      "type": "insert-node",
      "node": {
        "label": "menuContributionsByElement",
        "type": "FieldRead"
      },
      "location-after-char-start": 4766,
      "location-after-char-end": 4791,
      "node-str": "menuContributionsByElement"
    },
    {
      "type": "insert-node",
      "node": {
        "label": "element",
        "type": "VariableRead"
      },
      "location-after-char-start": 4797,
      "location-after-char-end": 4803,
      "node-str": "element"
    },
    {
      "type": "insert-node",
      "node": {
        "label": "value",
        "type": "VariableRead"
      },
      "location-after-char-start": 4813,
      "location-after-char-end": 4817,
      "node-str": "value"
    },
    {
      "type": "insert-node",
      "node": {
        "label": "java.util.Collection",
        "type": "TypeAccess"
      },
      "location-after-char-start": 4830,
      "location-after-char-end": 4839,
      "node-str": "java.util.Collection"
    },
    {
      "type": "insert-node",
      "node": {
        "label": "menuContributions",
        "type": "LocalVariable"
      },
      "location-after-char-start": 4847,
      "location-after-char-end": 4902,
      "node-str": "menuContributions"
    },
    {
      "type": "insert-node",
      "node": {
        "label": "if",
        "type": "If"
      },
      "location-after-char-start": 4907,
      "location-after-char-end": 5340,
      "node-str": "if"
    },
    {
      "type": "insert-node",
      "node": {
        "label": "contributionsToRecompute",
        "type": "VariableRead"
      },
      "location-after-char-start": 7356,
      "location-after-char-end": 7379,
      "node-str": "contributionsToRecompute"
    },
    {
      "type": "insert-node",
      "node": {
        "label": "contributionItr",
        "type": "VariableRead"
      },
      "location-after-char-start": 7402,
      "location-after-char-end": 7416,
      "node-str": "contributionItr"
    },
    {
      "type": "insert-node",
      "node": {
        "label": "org.eclipse.ui.internal.menus.IMenuContribution",
        "type": "VARIABLE_TYPE"
      },
      "location-after-char-start": 0,
      "location-after-char-end": 0,
      "node-str": "org.eclipse.ui.internal.menus.IMenuContribution"
    },
    {
      "type": "insert-node",
      "node": {
        "label": "final",
        "type": "Modifier"
      },
      "location-after-char-start": 0,
      "location-after-char-end": 0,
      "node-str": "final"
    },
    {
      "type": "insert-node",
      "node": {
        "label": "next",
        "type": "Invocation"
      },
      "location-after-char-start": 7473,
      "location-after-char-end": 7520,
      "node-str": "next"
    },
    {
      "type": "insert-node",
      "node": {
        "label": "boolean",
        "type": "VARIABLE_TYPE"
      },
      "location-after-char-start": 0,
      "location-after-char-end": 0,
      "node-str": "boolean"
    },
    {
      "type": "insert-node",
      "node": {
        "label": "final",
        "type": "Modifier"
      },
      "location-after-char-start": 0,
      "location-after-char-end": 0,
      "node-str": "final"
    },
    {
      "type": "insert-node",
      "node": {
        "label": "evaluate",
        "type": "Invocation"
      },
      "location-after-char-start": 7559,
      "location-after-char-end": 7580,
      "node-str": "evaluate"
    },
    {
      "type": "insert-node",
      "node": {
        "label": "contribution",
        "type": "VariableRead"
      },
      "location-after-char-start": 7586,
      "location-after-char-end": 7597,
      "node-str": "contribution"
    },
    {
      "type": "insert-node",
      "node": {
        "label": "boolean",
        "type": "VARIABLE_TYPE"
      },
      "location-after-char-start": 0,
      "location-after-char-end": 0,
      "node-str": "boolean"
    },
    {
      "type": "insert-node",
      "node": {
        "label": "final",
        "type": "Modifier"
      },
      "location-after-char-start": 0,
      "location-after-char-end": 0,
      "node-str": "final"
    },
    {
      "type": "insert-node",
      "node": {
        "label": "evaluate",
        "type": "Invocation"
      },
      "location-after-char-start": 7644,
      "location-after-char-end": 7665,
      "node-str": "evaluate"
    },
    {
      "type": "insert-node",
      "node": {
        "label": "org.eclipse.ui.internal.menus.MenuAuthority",
        "type": "TypeAccess"
      },
      "location-after-char-start": 0,
      "location-after-char-end": 0,
      "node-str": "org.eclipse.ui.internal.menus.MenuAuthority"
    },
    {
      "type": "insert-node",
      "node": {
        "label": "java.util.Collection",
        "type": "VARIABLE_TYPE"
      },
      "location-after-char-start": 0,
      "location-after-char-end": 0,
      "node-str": "java.util.Collection"
    },
    {
      "type": "insert-node",
      "node": {
        "label": "final",
        "type": "Modifier"
      },
      "location-after-char-start": 0,
      "location-after-char-end": 0,
      "node-str": "final"
    },
    {
      "type": "insert-node",
      "node": {
        "label": "value",
        "type": "VariableRead"
      },
      "location-after-char-start": 4884,
      "location-after-char-end": 4901,
      "node-str": "value"
    },
    {
      "type": "insert-node",
      "node": {
        "label": "contains",
        "type": "Invocation"
      },
      "location-after-char-start": 4911,
      "location-after-char-end": 4950,
      "node-str": "contains"
    },
    {
      "type": "insert-node",
      "node": {
        "label": "THEN",
        "type": "then"
      },
      "location-after-char-start": 4953,
      "location-after-char-end": 5340,
      "node-str": "THEN"
    },
    {
      "type": "insert-node",
      "node": {
        "label": "contributionItr",
        "type": "VariableRead"
      },
      "location-after-char-start": 7493,
      "location-after-char-end": 7507,
      "node-str": "contributionItr"
    },
    {
      "type": "insert-node",
      "node": {
        "label": "org.eclipse.ui.internal.menus.MenuAuthority",
        "type": "TypeAccess"
      },
      "location-after-char-start": 0,
      "location-after-char-end": 0,
      "node-str": "org.eclipse.ui.internal.menus.MenuAuthority"
    },
    {
      "type": "insert-node",
      "node": {
        "label": "contribution",
        "type": "VariableRead"
      },
      "location-after-char-start": 7568,
      "location-after-char-end": 7579,
      "node-str": "contribution"
    },
    {
      "type": "insert-node",
      "node": {
        "label": "org.eclipse.ui.internal.menus.MenuAuthority",
        "type": "TypeAccess"
      },
      "location-after-char-start": 0,
      "location-after-char-end": 0,
      "node-str": "org.eclipse.ui.internal.menus.MenuAuthority"
    },
    {
      "type": "insert-node",
      "node": {
        "label": "contribution",
        "type": "VariableRead"
      },
      "location-after-char-start": 7653,
      "location-after-char-end": 7664,
      "node-str": "contribution"
    },
    {
      "type": "update-node",
      "node": {
        "label": "org.eclipse.ui.menus.IMenuContribution",
        "type": "TypeAccess"
      },
      "location-before-char-start": 3730,
      "location-before-char-end": 3746,
      "location-after-char-start": 3469,
      "location-after-char-end": 3485,
      "node-str": "org.eclipse.ui.internal.menus.IMenuContribution"
    },
    {
      "type": "insert-node",
      "node": {
        "label": "menuContributions",
        "type": "VariableRead"
      },
      "location-after-char-start": 4911,
      "location-after-char-end": 4927,
      "node-str": "menuContributions"
    },
    {
      "type": "insert-node",
      "node": {
        "label": "contribution",
        "type": "VariableRead"
      },
      "location-after-char-start": 4938,
      "location-after-char-end": 4949,
      "node-str": "contribution"
    },
    {
      "type": "insert-node",
      "node": {
        "label": "remove",
        "type": "Invocation"
      },
      "location-after-char-start": 4959,
      "location-after-char-end": 4997,
      "node-str": "remove"
    },
    {
      "type": "insert-node",
      "node": {
        "label": "if",
        "type": "If"
      },
      "location-after-char-start": 5003,
      "location-after-char-end": 5335,
      "node-str": "if"
    },
    {
      "type": "update-node",
      "node": {
        "label": "org.eclipse.ui.menus.IMenuContribution",
        "type": "TypeAccess"
      },
      "location-before-char-start": 5633,
      "location-before-char-end": 5649,
      "location-after-char-start": 5372,
      "location-after-char-end": 5388,
      "node-str": "org.eclipse.ui.internal.menus.IMenuContribution"
    },
    {
      "type": "insert-node",
      "node": {
        "label": "menuContributions",
        "type": "VariableRead"
      },
      "location-after-char-start": 4959,
      "location-after-char-end": 4975,
      "node-str": "menuContributions"
    },
    {
      "type": "insert-node",
      "node": {
        "label": "contribution",
        "type": "VariableRead"
      },
      "location-after-char-start": 4984,
      "location-after-char-end": 4995,
      "node-str": "contribution"
    },
    {
      "type": "insert-node",
      "node": {
        "label": "isEmpty",
        "type": "Invocation"
      },
      "location-after-char-start": 5007,
      "location-after-char-end": 5033,
      "node-str": "isEmpty"
    },
    {
      "type": "insert-node",
      "node": {
        "label": "THEN",
        "type": "then"
      },
      "location-after-char-start": 5036,
      "location-after-char-end": 5092,
      "node-str": "THEN"
    },
    {
      "type": "insert-node",
      "node": {
        "label": "ELSE",
        "type": "else"
      },
      "location-after-char-start": 5099,
      "location-after-char-end": 5335,
      "node-str": "ELSE"
    },
    {
      "type": "insert-node",
      "node": {
        "label": "menuContributions",
        "type": "VariableRead"
      },
      "location-after-char-start": 5007,
      "location-after-char-end": 5023,
      "node-str": "menuContributions"
    },
    {
      "type": "insert-node",
      "node": {
        "label": "remove",
        "type": "Invocation"
      },
      "location-after-char-start": 5043,
      "location-after-char-end": 5085,
      "node-str": "remove"
    },
    {
      "type": "insert-node",
      "node": {
        "label": "if",
        "type": "If"
      },
      "location-after-char-start": 5099,
      "location-after-char-end": 5335,
      "node-str": "if"
    },
    {
      "type": "insert-node",
      "node": {
        "label": "menuContributionsByElement",
        "type": "FieldRead"
      },
      "location-after-char-start": 5043,
      "location-after-char-end": 5068,
      "node-str": "menuContributionsByElement"
    },
    {
      "type": "insert-node",
      "node": {
        "label": "element",
        "type": "VariableRead"
      },
      "location-after-char-start": 5077,
      "location-after-char-end": 5083,
      "node-str": "element"
    },
    {
      "type": "insert-node",
      "node": {
        "label": "EQ",
        "type": "BinaryOperator"
      },
      "location-after-char-start": 5103,
      "location-after-char-end": 5131,
      "node-str": "EQ"
    },
    {
      "type": "insert-node",
      "node": {
        "label": "THEN",
        "type": "then"
      },
      "location-after-char-start": 5134,
      "location-after-char-end": 5335,
      "node-str": "THEN"
    },
    {
      "type": "insert-node",
      "node": {
        "label": "org.eclipse.ui.internal.menus.MenuAuthority",
        "type": "TypeAccess"
      },
      "location-after-char-start": 0,
      "location-after-char-end": 0,
      "node-str": "org.eclipse.ui.internal.menus.MenuAuthority"
    },
    {
      "type": "insert-node",
      "node": {
        "label": "size",
        "type": "Invocation"
      },
      "location-after-char-start": 5103,
      "location-after-char-end": 5126,
      "node-str": "size"
    },
    {
      "type": "insert-node",
      "node": {
        "label": "1",
        "type": "Literal"
      },
      "location-after-char-start": 5131,
      "location-after-char-end": 5131,
      "node-str": "1"
    },
    {
      "type": "insert-node",
      "node": {
        "label": "remainingContribution",
        "type": "LocalVariable"
      },
      "location-after-char-start": 5141,
      "location-after-char-end": 5252,
      "node-str": "remainingContribution"
    },
    {
      "type": "insert-node",
      "node": {
        "label": "put",
        "type": "Invocation"
      },
      "location-after-char-start": 5259,
      "location-after-char-end": 5328,
      "node-str": "put"
    },
    {
      "type": "insert-node",
      "node": {
        "label": "menuContributions",
        "type": "VariableRead"
      },
      "location-after-char-start": 5103,
      "location-after-char-end": 5119,
      "node-str": "menuContributions"
    },
    {
      "type": "insert-node",
      "node": {
        "label": "org.eclipse.ui.internal.menus.IMenuContribution",
        "type": "VARIABLE_TYPE"
      },
      "location-after-char-start": 0,
      "location-after-char-end": 0,
      "node-str": "org.eclipse.ui.internal.menus.IMenuContribution"
    },
    {
      "type": "insert-node",
      "node": {
        "label": "final",
        "type": "Modifier"
      },
      "location-after-char-start": 0,
      "location-after-char-end": 0,
      "node-str": "final"
    },
    {
      "type": "insert-node",
      "node": {
        "label": "next",
        "type": "Invocation"
      },
      "location-after-char-start": 5189,
      "location-after-char-end": 5251,
      "node-str": "next"
    },
    {
      "type": "insert-node",
      "node": {
        "label": "menuContributionsByElement",
        "type": "FieldRead"
      },
      "location-after-char-start": 5259,
      "location-after-char-end": 5284,
      "node-str": "menuContributionsByElement"
    },
    {
      "type": "insert-node",
      "node": {
        "label": "element",
        "type": "VariableRead"
      },
      "location-after-char-start": 5290,
      "location-after-char-end": 5296,
      "node-str": "element"
    },
    {
      "type": "insert-node",
      "node": {
        "label": "remainingContribution",
        "type": "VariableRead"
      },
      "location-after-char-start": 5306,
      "location-after-char-end": 5326,
      "node-str": "remainingContribution"
    },
    {
      "type": "insert-node",
      "node": {
        "label": "iterator",
        "type": "Invocation"
      },
      "location-after-char-start": 5209,
      "location-after-char-end": 5244,
      "node-str": "iterator"
    },
    {
      "type": "insert-node",
      "node": {
        "label": "org.eclipse.ui.internal.menus.MenuAuthority",
        "type": "TypeAccess"
      },
      "location-after-char-start": 0,
      "location-after-char-end": 0,
      "node-str": "org.eclipse.ui.internal.menus.MenuAuthority"
    },
    {
      "type": "insert-node",
      "node": {
        "label": "menuContributions",
        "type": "VariableRead"
      },
      "location-after-char-start": 5209,
      "location-after-char-end": 5225,
      "node-str": "menuContributions"
    },
    {
      "type": "delete-node",
      "node": {
        "label": "final",
        "type": "Modifier"
      },
      "location-before-char-start": 0,
      "location-before-char-end": 0,
      "node-str": "final"
    },
    {
      "type": "delete-node",
      "node": {
        "label": "org.eclipse.ui.internal.services.ExpressionAuthority",
        "type": "SUPER_TYPE"
      },
      "location-before-char-start": 0,
      "location-before-char-end": 0,
      "node-str": "org.eclipse.ui.internal.services.ExpressionAuthority"
    },
    {
      "type": "delete-node",
      "node": {
        "label": "",
        "type": "TypeReference"
      },
      "location-before-char-start": 1646,
      "location-before-char-end": 1664,
      "node-str": ""
    },
    {
      "type": "delete-node",
      "node": {
        "label": "java.util.Map",
        "type": "VARIABLE_TYPE"
      },
      "location-before-char-start": 0,
      "location-before-char-end": 0,
      "node-str": "java.util.Map"
    },
    {
      "type": "delete-node",
      "node": {
        "label": "final",
        "type": "Modifier"
      },
      "location-before-char-start": 0,
      "location-before-char-end": 0,
      "node-str": "final"
    },
    {
      "type": "delete-node",
      "node": {
        "label": "java.util.HashMap()",
        "type": "ConstructorCall"
      },
      "location-before-char-start": 2103,
      "location-before-char-end": 2115,
      "node-str": "java.util.HashMap()"
    },
    {
      "type": "delete-node",
      "node": {
        "label": "menuContributionsByElement",
        "type": "Field"
      },
      "location-before-char-start": 1670,
      "location-before-char-end": 2116,
      "node-str": "menuContributionsByElement"
    },
    {
      "type": "delete-node",
      "node": {
        "label": "java.util.Set[]",
        "type": "VARIABLE_TYPE"
      },
      "location-before-char-start": 0,
      "location-before-char-end": 0,
      "node-str": "java.util.Set[]"
    },
    {
      "type": "delete-node",
      "node": {
        "label": "final",
        "type": "Modifier"
      },
      "location-before-char-start": 0,
      "location-before-char-end": 0,
      "node-str": "final"
    },
    {
      "type": "delete-node",
      "node": {
        "label": "33",
        "type": "Literal"
      },
      "location-before-char-start": 2585,
      "location-before-char-end": 2586,
      "node-str": "33"
    },
    {
      "type": "delete-node",
      "node": {
        "label": "",
        "type": "NewArray"
      },
      "location-before-char-start": 2577,
      "location-before-char-end": 2587,
      "node-str": ""
    },
    {
      "type": "delete-node",
      "node": {
        "label": "showingContributionsBySourcePriority",
        "type": "Field"
      },
      "location-before-char-start": 2120,
      "location-before-char-end": 2588,
      "node-str": "showingContributionsBySourcePriority"
    },
    {
      "type": "delete-node",
      "node": {
        "label": "org.eclipse.jface.window.Window",
        "type": "VARIABLE_TYPE"
      },
      "location-before-char-start": 0,
      "location-before-char-end": 0,
      "node-str": "org.eclipse.jface.window.Window"
    },
    {
      "type": "delete-node",
      "node": {
        "label": "final",
        "type": "Modifier"
      },
      "location-before-char-start": 0,
      "location-before-char-end": 0,
      "node-str": "final"
    },
    {
      "type": "delete-node",
      "node": {
        "label": "window",
        "type": "Field"
      },
      "location-before-char-start": 2592,
      "location-before-char-end": 2751,
      "node-str": "window"
    },
    {
      "type": "delete-node",
      "node": {
        "label": "void",
        "type": "RETURN_TYPE"
      },
      "location-before-char-start": 0,
      "location-before-char-end": 0,
      "node-str": "void"
    },
    {
      "type": "delete-node",
      "node": {
        "label": "final",
        "type": "Modifier"
      },
      "location-before-char-start": 0,
      "location-before-char-end": 0,
      "node-str": "final"
    },
    {
      "type": "delete-node",
      "node": {
        "label": "org.eclipse.ui.menus.IMenuContribution",
        "type": "VARIABLE_TYPE"
      },
      "location-before-char-start": 0,
      "location-before-char-end": 0,
      "node-str": "org.eclipse.ui.menus.IMenuContribution"
    },
    {
      "type": "delete-node",
      "node": {
        "label": "final",
        "type": "Modifier"
      },
      "location-before-char-start": 0,
      "location-before-char-end": 0,
      "node-str": "final"
    },
    {
      "type": "delete-node",
      "node": {
        "label": "contribution",
        "type": "Parameter"
      },
      "location-before-char-start": 4847,
      "location-before-char-end": 4882,
      "node-str": "contribution"
    },
    {
      "type": "delete-node",
      "node": {
        "label": "org.eclipse.jface.menus.MenuElement",
        "type": "VARIABLE_TYPE"
      },
      "location-before-char-start": 0,
      "location-before-char-end": 0,
      "node-str": "org.eclipse.jface.menus.MenuElement"
    },
    {
      "type": "delete-node",
      "node": {
        "label": "final",
        "type": "Modifier"
      },
      "location-before-char-start": 0,
      "location-before-char-end": 0,
      "node-str": "final"
    },
    {
      "type": "delete-node",
      "node": {
        "label": "contribution",
        "type": "VariableRead"
      },
      "location-before-char-start": 4973,
      "location-before-char-end": 4984,
      "node-str": "contribution"
    },
    {
      "type": "delete-node",
      "node": {
        "label": "getMenuElement",
        "type": "Invocation"
      },
      "location-before-char-start": 4973,
      "location-before-char-end": 5001,
      "node-str": "getMenuElement"
    },
    {
      "type": "delete-node",
      "node": {
        "label": "element",
        "type": "LocalVariable"
      },
      "location-before-char-start": 4889,
      "location-before-char-end": 5002,
      "node-str": "element"
    },
    {
      "type": "delete-node",
      "node": {
        "label": "java.lang.Object",
        "type": "VARIABLE_TYPE"
      },
      "location-before-char-start": 0,
      "location-before-char-end": 0,
      "node-str": "java.lang.Object"
    },
    {
      "type": "delete-node",
      "node": {
        "label": "final",
        "type": "Modifier"
      },
      "location-before-char-start": 0,
      "location-before-char-end": 0,
      "node-str": "final"
    },
    {
      "type": "delete-node",
      "node": {
        "label": "org.eclipse.ui.internal.menus.MenuAuthority",
        "type": "TypeAccess"
      },
      "location-before-char-start": 0,
      "location-before-char-end": 0,
      "node-str": "org.eclipse.ui.internal.menus.MenuAuthority"
    },
    {
      "type": "delete-node",
      "node": {
        "label": "menuContributionsByElement",
        "type": "FieldRead"
      },
      "location-before-char-start": 5027,
      "location-before-char-end": 5052,
      "node-str": "menuContributionsByElement"
    },
    {
      "type": "delete-node",
      "node": {
        "label": "element",
        "type": "VariableRead"
      },
      "location-before-char-start": 5058,
      "location-before-char-end": 5064,
      "node-str": "element"
    },
    {
      "type": "delete-node",
      "node": {
        "label": "get",
        "type": "Invocation"
      },
      "location-before-char-start": 5027,
      "location-before-char-end": 5065,
      "node-str": "get"
    },
    {
      "type": "delete-node",
      "node": {
        "label": "value",
        "type": "LocalVariable"
      },
      "location-before-char-start": 5006,
      "location-before-char-end": 5066,
      "node-str": "value"
    },
    {
      "type": "delete-node",
      "node": {
        "label": "value",
        "type": "VariableRead"
      },
      "location-before-char-start": 5074,
      "location-before-char-end": 5078,
      "node-str": "value"
    },
    {
      "type": "delete-node",
      "node": {
        "label": "java.util.Collection",
        "type": "TypeAccess"
      },
      "location-before-char-start": 5091,
      "location-before-char-end": 5100,
      "node-str": "java.util.Collection"
    },
    {
      "type": "delete-node",
      "node": {
        "label": "INSTANCEOF",
        "type": "BinaryOperator"
      },
      "location-before-char-start": 5074,
      "location-before-char-end": 5100,
      "node-str": "INSTANCEOF"
    },
    {
      "type": "delete-node",
      "node": {
        "label": "java.util.Collection",
        "type": "VARIABLE_TYPE"
      },
      "location-before-char-start": 0,
      "location-before-char-end": 0,
      "node-str": "java.util.Collection"
    },
    {
      "type": "delete-node",
      "node": {
        "label": "final",
        "type": "Modifier"
      },
      "location-before-char-start": 0,
      "location-before-char-end": 0,
      "node-str": "final"
    },
    {
      "type": "delete-node",
      "node": {
        "label": "value",
        "type": "VariableRead"
      },
      "location-before-char-start": 5145,
      "location-before-char-end": 5162,
      "node-str": "value"
    },
    {
      "type": "delete-node",
      "node": {
        "label": "menuContributions",
        "type": "LocalVariable"
      },
      "location-before-char-start": 5108,
      "location-before-char-end": 5163,
      "node-str": "menuContributions"
    },
    {
      "type": "delete-node",
      "node": {
        "label": "menuContributions",
        "type": "VariableRead"
      },
      "location-before-char-start": 5172,
      "location-before-char-end": 5188,
      "node-str": "menuContributions"
    },
    {
      "type": "delete-node",
      "node": {
        "label": "contribution",
        "type": "VariableRead"
      },
      "location-before-char-start": 5199,
      "location-before-char-end": 5210,
      "node-str": "contribution"
    },
    {
      "type": "delete-node",
      "node": {
        "label": "contains",
        "type": "Invocation"
      },
      "location-before-char-start": 5172,
      "location-before-char-end": 5211,
      "node-str": "contains"
    },
    {
      "type": "delete-node",
      "node": {
        "label": "menuContributions",
        "type": "VariableRead"
      },
      "location-before-char-start": 5220,
      "location-before-char-end": 5236,
      "node-str": "menuContributions"
    },
    {
      "type": "delete-node",
      "node": {
        "label": "contribution",
        "type": "VariableRead"
      },
      "location-before-char-start": 5245,
      "location-before-char-end": 5256,
      "node-str": "contribution"
    },
    {
      "type": "delete-node",
      "node": {
        "label": "remove",
        "type": "Invocation"
      },
      "location-before-char-start": 5220,
      "location-before-char-end": 5258,
      "node-str": "remove"
    },
    {
      "type": "delete-node",
      "node": {
        "label": "menuContributions",
        "type": "VariableRead"
      },
      "location-before-char-start": 5268,
      "location-before-char-end": 5284,
      "node-str": "menuContributions"
    },
    {
      "type": "delete-node",
      "node": {
        "label": "isEmpty",
        "type": "Invocation"
      },
      "location-before-char-start": 5268,
      "location-before-char-end": 5294,
      "node-str": "isEmpty"
    },
    {
      "type": "delete-node",
      "node": {
        "label": "org.eclipse.ui.internal.menus.MenuAuthority",
        "type": "TypeAccess"
      },
      "location-before-char-start": 0,
      "location-before-char-end": 0,
      "node-str": "org.eclipse.ui.internal.menus.MenuAuthority"
    },
    {
      "type": "delete-node",
      "node": {
        "label": "menuContributionsByElement",
        "type": "FieldRead"
      },
      "location-before-char-start": 5304,
      "location-before-char-end": 5329,
      "node-str": "menuContributionsByElement"
    },
    {
      "type": "delete-node",
      "node": {
        "label": "element",
        "type": "VariableRead"
      },
      "location-before-char-start": 5338,
      "location-before-char-end": 5344,
      "node-str": "element"
    },
    {
      "type": "delete-node",
      "node": {
        "label": "remove",
        "type": "Invocation"
      },
      "location-before-char-start": 5304,
      "location-before-char-end": 5346,
      "node-str": "remove"
    },
    {
      "type": "delete-node",
      "node": {
        "label": "THEN",
        "type": "then"
      },
      "location-before-char-start": 5297,
      "location-before-char-end": 5353,
      "node-str": "THEN"
    },
    {
      "type": "delete-node",
      "node": {
        "label": "menuContributions",
        "type": "VariableRead"
      },
      "location-before-char-start": 5364,
      "location-before-char-end": 5380,
      "node-str": "menuContributions"
    },
    {
      "type": "delete-node",
      "node": {
        "label": "size",
        "type": "Invocation"
      },
      "location-before-char-start": 5364,
      "location-before-char-end": 5387,
      "node-str": "size"
    },
    {
      "type": "delete-node",
      "node": {
        "label": "1",
        "type": "Literal"
      },
      "location-before-char-start": 5392,
      "location-before-char-end": 5392,
      "node-str": "1"
    },
    {
      "type": "delete-node",
      "node": {
        "label": "EQ",
        "type": "BinaryOperator"
      },
      "location-before-char-start": 5364,
      "location-before-char-end": 5392,
      "node-str": "EQ"
    },
    {
      "type": "delete-node",
      "node": {
        "label": "org.eclipse.ui.menus.IMenuContribution",
        "type": "VARIABLE_TYPE"
      },
      "location-before-char-start": 0,
      "location-before-char-end": 0,
      "node-str": "org.eclipse.ui.menus.IMenuContribution"
    },
    {
      "type": "delete-node",
      "node": {
        "label": "final",
        "type": "Modifier"
      },
      "location-before-char-start": 0,
      "location-before-char-end": 0,
      "node-str": "final"
    },
    {
      "type": "delete-node",
      "node": {
        "label": "menuContributions",
        "type": "VariableRead"
      },
      "location-before-char-start": 5470,
      "location-before-char-end": 5486,
      "node-str": "menuContributions"
    },
    {
      "type": "delete-node",
      "node": {
        "label": "iterator",
        "type": "Invocation"
      },
      "location-before-char-start": 5470,
      "location-before-char-end": 5505,
      "node-str": "iterator"
    },
    {
      "type": "delete-node",
      "node": {
        "label": "next",
        "type": "Invocation"
      },
      "location-before-char-start": 5450,
      "location-before-char-end": 5512,
      "node-str": "next"
    },
    {
      "type": "delete-node",
      "node": {
        "label": "remainingContribution",
        "type": "LocalVariable"
      },
      "location-before-char-start": 5402,
      "location-before-char-end": 5513,
      "node-str": "remainingContribution"
    },
    {
      "type": "delete-node",
      "node": {
        "label": "org.eclipse.ui.internal.menus.MenuAuthority",
        "type": "TypeAccess"
      },
      "location-before-char-start": 0,
      "location-before-char-end": 0,
      "node-str": "org.eclipse.ui.internal.menus.MenuAuthority"
    },
    {
      "type": "delete-node",
      "node": {
        "label": "menuContributionsByElement",
        "type": "FieldRead"
      },
      "location-before-char-start": 5520,
      "location-before-char-end": 5545,
      "node-str": "menuContributionsByElement"
    },
    {
      "type": "delete-node",
      "node": {
        "label": "element",
        "type": "VariableRead"
      },
      "location-before-char-start": 5551,
      "location-before-char-end": 5557,
      "node-str": "element"
    },
    {
      "type": "delete-node",
      "node": {
        "label": "remainingContribution",
        "type": "VariableRead"
      },
      "location-before-char-start": 5567,
      "location-before-char-end": 5587,
      "node-str": "remainingContribution"
    },
    {
      "type": "delete-node",
      "node": {
        "label": "put",
        "type": "Invocation"
      },
      "location-before-char-start": 5520,
      "location-before-char-end": 5589,
      "node-str": "put"
    },
    {
      "type": "delete-node",
      "node": {
        "label": "THEN",
        "type": "then"
      },
      "location-before-char-start": 5395,
      "location-before-char-end": 5596,
      "node-str": "THEN"
    },
    {
      "type": "delete-node",
      "node": {
        "label": "if",
        "type": "If"
      },
      "location-before-char-start": 5360,
      "location-before-char-end": 5596,
      "node-str": "if"
    },
    {
      "type": "delete-node",
      "node": {
        "label": "ELSE",
        "type": "else"
      },
      "location-before-char-start": 5360,
      "location-before-char-end": 5596,
      "node-str": "ELSE"
    },
    {
      "type": "delete-node",
      "node": {
        "label": "if",
        "type": "If"
      },
      "location-before-char-start": 5264,
      "location-before-char-end": 5596,
      "node-str": "if"
    },
    {
      "type": "delete-node",
      "node": {
        "label": "THEN",
        "type": "then"
      },
      "location-before-char-start": 5214,
      "location-before-char-end": 5601,
      "node-str": "THEN"
    },
    {
      "type": "delete-node",
      "node": {
        "label": "if",
        "type": "If"
      },
      "location-before-char-start": 5168,
      "location-before-char-end": 5601,
      "node-str": "if"
    },
    {
      "type": "delete-node",
      "node": {
        "label": "THEN",
        "type": "then"
      },
      "location-before-char-start": 5103,
      "location-before-char-end": 5605,
      "node-str": "THEN"
    },
    {
      "type": "delete-node",
      "node": {
        "label": "if",
        "type": "If"
      },
      "location-before-char-start": 5070,
      "location-before-char-end": 5741,
      "node-str": "if"
    },
    {
      "type": "delete-node",
      "node": {
        "label": "removeContribution",
        "type": "Method"
      },
      "location-before-char-start": 4594,
      "location-before-char-end": 6273,
      "node-str": "removeContribution"
    },
    {
      "type": "delete-node",
      "node": {
        "label": "void",
        "type": "RETURN_TYPE"
      },
      "location-before-char-start": 0,
      "location-before-char-end": 0,
      "node-str": "void"
    },
    {
      "type": "delete-node",
      "node": {
        "label": "final",
        "type": "Modifier"
      },
      "location-before-char-start": 0,
      "location-before-char-end": 0,
      "node-str": "final"
    },
    {
      "type": "delete-node",
      "node": {
        "label": "protected",
        "type": "Modifier"
      },
      "location-before-char-start": 0,
      "location-before-char-end": 0,
      "node-str": "protected"
    },
    {
      "type": "delete-node",
      "node": {
        "label": "int",
        "type": "VARIABLE_TYPE"
      },
      "location-before-char-start": 0,
      "location-before-char-end": 0,
      "node-str": "int"
    },
    {
      "type": "delete-node",
      "node": {
        "label": "final",
        "type": "Modifier"
      },
      "location-before-char-start": 0,
      "location-before-char-end": 0,
      "node-str": "final"
    },
    {
      "type": "delete-node",
      "node": {
        "label": "sourcePriority",
        "type": "Parameter"
      },
      "location-before-char-start": 6634,
      "location-before-char-end": 6657,
      "node-str": "sourcePriority"
    },
    {
      "type": "delete-node",
      "node": {
        "label": "java.util.Set",
        "type": "VARIABLE_TYPE"
      },
      "location-before-char-start": 0,
      "location-before-char-end": 0,
      "node-str": "java.util.Set"
    },
    {
      "type": "delete-node",
      "node": {
        "label": "final",
        "type": "Modifier"
      },
      "location-before-char-start": 0,
      "location-before-char-end": 0,
      "node-str": "final"
    },
    {
      "type": "delete-node",
      "node": {
        "label": "java.util.HashSet()",
        "type": "ConstructorCall"
      },
      "location-before-char-start": 6985,
      "location-before-char-end": 6997,
      "node-str": "java.util.HashSet()"
    },
    {
      "type": "delete-node",
      "node": {
        "label": "contributionsToRecompute",
        "type": "LocalVariable"
      },
      "location-before-char-start": 6664,
      "location-before-char-end": 6998,
      "node-str": "contributionsToRecompute"
    },
    {
      "type": "delete-node",
      "node": {
        "label": "java.util.Iterator",
        "type": "VARIABLE_TYPE"
      },
      "location-before-char-start": 0,
      "location-before-char-end": 0,
      "node-str": "java.util.Iterator"
    },
    {
      "type": "delete-node",
      "node": {
        "label": "final",
        "type": "Modifier"
      },
      "location-before-char-start": 0,
      "location-before-char-end": 0,
      "node-str": "final"
    },
    {
      "type": "delete-node",
      "node": {
        "label": "contributionsToRecompute",
        "type": "VariableRead"
      },
      "location-before-char-start": 7617,
      "location-before-char-end": 7640,
      "node-str": "contributionsToRecompute"
    },
    {
      "type": "delete-node",
      "node": {
        "label": "iterator",
        "type": "Invocation"
      },
      "location-before-char-start": 7617,
      "location-before-char-end": 7651,
      "node-str": "iterator"
    },
    {
      "type": "delete-node",
      "node": {
        "label": "contributionItr",
        "type": "LocalVariable"
      },
      "location-before-char-start": 7378,
      "location-before-char-end": 7652,
      "node-str": "contributionItr"
    },
    {
      "type": "delete-node",
      "node": {
        "label": "contributionItr",
        "type": "VariableRead"
      },
      "location-before-char-start": 7663,
      "location-before-char-end": 7677,
      "node-str": "contributionItr"
    },
    {
      "type": "delete-node",
      "node": {
        "label": "hasNext",
        "type": "Invocation"
      },
      "location-before-char-start": 7663,
      "location-before-char-end": 7687,
      "node-str": "hasNext"
    },
    {
      "type": "delete-node",
      "node": {
        "label": "org.eclipse.ui.menus.IMenuContribution",
        "type": "VARIABLE_TYPE"
      },
      "location-before-char-start": 0,
      "location-before-char-end": 0,
      "node-str": "org.eclipse.ui.menus.IMenuContribution"
    },
    {
      "type": "delete-node",
      "node": {
        "label": "final",
        "type": "Modifier"
      },
      "location-before-char-start": 0,
      "location-before-char-end": 0,
      "node-str": "final"
    },
    {
      "type": "delete-node",
      "node": {
        "label": "contributionItr",
        "type": "VariableRead"
      },
      "location-before-char-start": 7754,
      "location-before-char-end": 7768,
      "node-str": "contributionItr"
    },
    {
      "type": "delete-node",
      "node": {
        "label": "next",
        "type": "Invocation"
      },
      "location-before-char-start": 7734,
      "location-before-char-end": 7781,
      "node-str": "next"
    },
    {
      "type": "delete-node",
      "node": {
        "label": "contribution",
        "type": "LocalVariable"
      },
      "location-before-char-start": 7695,
      "location-before-char-end": 7782,
      "node-str": "contribution"
    },
    {
      "type": "delete-node",
      "node": {
        "label": "boolean",
        "type": "VARIABLE_TYPE"
      },
      "location-before-char-start": 0,
      "location-before-char-end": 0,
      "node-str": "boolean"
    },
    {
      "type": "delete-node",
      "node": {
        "label": "final",
        "type": "Modifier"
      },
      "location-before-char-start": 0,
      "location-before-char-end": 0,
      "node-str": "final"
    },
    {
      "type": "delete-node",
      "node": {
        "label": "org.eclipse.ui.internal.menus.MenuAuthority",
        "type": "TypeAccess"
      },
      "location-before-char-start": 0,
      "location-before-char-end": 0,
      "node-str": "org.eclipse.ui.internal.menus.MenuAuthority"
    },
    {
      "type": "delete-node",
      "node": {
        "label": "contribution",
        "type": "VariableRead"
      },
      "location-before-char-start": 7829,
      "location-before-char-end": 7840,
      "node-str": "contribution"
    },
    {
      "type": "delete-node",
      "node": {
        "label": "evaluate",
        "type": "Invocation"
      },
      "location-before-char-start": 7820,
      "location-before-char-end": 7841,
      "node-str": "evaluate"
    },
    {
      "type": "delete-node",
      "node": {
        "label": "currentlyVisible",
        "type": "LocalVariable"
      },
      "location-before-char-start": 7787,
      "location-before-char-end": 7842,
      "node-str": "currentlyVisible"
    },
    {
      "type": "delete-node",
      "node": {
        "label": "contribution",
        "type": "VariableRead"
      },
      "location-before-char-start": 7847,
      "location-before-char-end": 7858,
      "node-str": "contribution"
    },
    {
      "type": "delete-node",
      "node": {
        "label": "clearResult",
        "type": "Invocation"
      },
      "location-before-char-start": 7847,
      "location-before-char-end": 7873,
      "node-str": "clearResult"
    },
    {
      "type": "delete-node",
      "node": {
        "label": "boolean",
        "type": "VARIABLE_TYPE"
      },
      "location-before-char-start": 0,
      "location-before-char-end": 0,
      "node-str": "boolean"
    },
    {
      "type": "delete-node",
      "node": {
        "label": "final",
        "type": "Modifier"
      },
      "location-before-char-start": 0,
      "location-before-char-end": 0,
      "node-str": "final"
    },
    {
      "type": "delete-node",
      "node": {
        "label": "org.eclipse.ui.internal.menus.MenuAuthority",
        "type": "TypeAccess"
      },
      "location-before-char-start": 0,
      "location-before-char-end": 0,
      "node-str": "org.eclipse.ui.internal.menus.MenuAuthority"
    },
    {
      "type": "delete-node",
      "node": {
        "label": "contribution",
        "type": "VariableRead"
      },
      "location-before-char-start": 7914,
      "location-before-char-end": 7925,
      "node-str": "contribution"
    },
    {
      "type": "delete-node",
      "node": {
        "label": "evaluate",
        "type": "Invocation"
      },
      "location-before-char-start": 7905,
      "location-before-char-end": 7926,
      "node-str": "evaluate"
    },
    {
      "type": "delete-node",
      "node": {
        "label": "newVisible",
        "type": "LocalVariable"
      },
      "location-before-char-start": 7878,
      "location-before-char-end": 7927,
      "node-str": "newVisible"
    },
    {
      "type": "delete-node",
      "node": {
        "label": "while",
        "type": "While"
      },
      "location-before-char-start": 7656,
      "location-before-char-end": 8043,
      "node-str": "while"
    },
    {
      "type": "delete-node",
      "node": {
        "label": "sourceChanged",
        "type": "Method"
      },
      "location-before-char-start": 6277,
      "location-before-char-end": 8046,
      "node-str": "sourceChanged"
    },
    {
      "type": "delete-node",
      "node": {
        "label": "MenuAuthority",
        "type": "Class"
      },
      "location-before-char-start": 949,
      "location-before-char-end": 8048,
      "node-str": "MenuAuthority"
    }
  ],
  "before-file": {},
  "after-file": {},
  "mapping": {}
}