{
  "tool-info": {},
  "diff": [
    {
      "type": "insert-node",
      "node": {
        "label": "TestResolvedCritic",
        "type": "Class"
      },
      "location-after-char-start": 1914,
      "location-after-char-end": 5751,
      "node-str": "TestResolvedCritic"
    },
    {
      "type": "insert-node",
      "node": {
        "label": "public",
        "type": "Modifier"
      },
      "location-after-char-start": 0,
      "location-after-char-end": 0,
      "node-str": "public"
    },
    {
      "type": "move-subtree",
      "node": {
        "label": "",
        "type": "TypeReference"
      },
      "location-before-char-start": 1913,
      "location-before-char-end": 1920,
      "location-after-char-start": 1954,
      "location-after-char-end": 1961,
      "node-str": ""
    },
    {
      "type": "move-subtree",
      "node": {
        "label": "\u003cinit\u003e",
        "type": "Constructor"
      },
      "location-before-char-start": 1925,
      "location-before-char-end": 1982,
      "location-after-char-start": 1966,
      "location-after-char-end": 2023,
      "node-str": "\u003cinit\u003e"
    },
    {
      "type": "move-subtree",
      "node": {
        "label": "testConstructors",
        "type": "Method"
      },
      "location-before-char-start": 1986,
      "location-before-char-end": 4265,
      "location-after-char-start": 2027,
      "location-after-char-end": 4306,
      "node-str": "testConstructors"
    },
    {
      "type": "move-subtree",
      "node": {
        "label": "testEquals",
        "type": "Method"
      },
      "location-before-char-start": 4269,
      "location-before-char-end": 5461,
      "location-after-char-start": 4310,
      "location-after-char-end": 5502,
      "node-str": "testEquals"
    },
    {
      "type": "insert-node",
      "node": {
        "label": "setUp",
        "type": "Method"
      },
      "location-after-char-start": 5506,
      "location-after-char-end": 5749,
      "node-str": "setUp"
    },
    {
      "type": "insert-node",
      "node": {
        "label": "void",
        "type": "RETURN_TYPE"
      },
      "location-after-char-start": 0,
      "location-after-char-end": 0,
      "node-str": "void"
    },
    {
      "type": "insert-node",
      "node": {
        "label": "java.lang.Exception",
        "type": "THROWS"
      },
      "location-after-char-start": 0,
      "location-after-char-end": 0,
      "node-str": "java.lang.Exception"
    },
    {
      "type": "insert-node",
      "node": {
        "label": "protected",
        "type": "Modifier"
      },
      "location-after-char-start": 0,
      "location-after-char-end": 0,
      "node-str": "protected"
    },
    {
      "type": "move-subtree",
      "node": {
        "label": "setUp",
        "type": "Invocation"
      },
      "location-before-char-start": 5582,
      "location-before-char-end": 5595,
      "location-after-char-start": 5623,
      "location-after-char-end": 5636,
      "node-str": "setUp"
    },
    {
      "type": "move-subtree",
      "node": {
        "label": "setAllowExit",
        "type": "Invocation"
      },
      "location-before-char-start": 5599,
      "location-before-char-end": 5651,
      "location-after-char-start": 5640,
      "location-after-char-end": 5692,
      "node-str": "setAllowExit"
    },
    {
      "type": "insert-node",
      "node": {
        "label": "setGuiEnabled",
        "type": "Invocation"
      },
      "location-after-char-start": 5702,
      "location-after-char-end": 5746,
      "node-str": "setGuiEnabled"
    },
    {
      "type": "insert-node",
      "node": {
        "label": "getFactory",
        "type": "Invocation"
      },
      "location-after-char-start": 5702,
      "location-after-char-end": 5724,
      "node-str": "getFactory"
    },
    {
      "type": "insert-node",
      "node": {
        "label": "false",
        "type": "Literal"
      },
      "location-after-char-start": 5740,
      "location-after-char-end": 5744,
      "node-str": "false"
    },
    {
      "type": "insert-node",
      "node": {
        "label": "org.argouml.model.uml.UmlFactory",
        "type": "TypeAccess"
      },
      "location-after-char-start": 5702,
      "location-after-char-end": 5711,
      "node-str": "org.argouml.model.uml.UmlFactory"
    },
    {
      "type": "delete-node",
      "node": {
        "label": "public",
        "type": "Modifier"
      },
      "location-before-char-start": 0,
      "location-before-char-end": 0,
      "node-str": "public"
    },
    {
      "type": "delete-node",
      "node": {
        "label": "void",
        "type": "RETURN_TYPE"
      },
      "location-before-char-start": 0,
      "location-before-char-end": 0,
      "node-str": "void"
    },
    {
      "type": "delete-node",
      "node": {
        "label": "java.lang.Exception",
        "type": "THROWS"
      },
      "location-before-char-start": 0,
      "location-before-char-end": 0,
      "node-str": "java.lang.Exception"
    },
    {
      "type": "delete-node",
      "node": {
        "label": "protected",
        "type": "Modifier"
      },
      "location-before-char-start": 0,
      "location-before-char-end": 0,
      "node-str": "protected"
    },
    {
      "type": "delete-node",
      "node": {
        "label": "setUp",
        "type": "Method"
      },
      "location-before-char-start": 5465,
      "location-before-char-end": 5654,
      "node-str": "setUp"
    },
    {
      "type": "delete-node",
      "node": {
        "label": "TestResolvedCritic",
        "type": "Class"
      },
      "location-before-char-start": 1873,
      "location-before-char-end": 5656,
      "node-str": "TestResolvedCritic"
    }
  ],
  "before-file": {},
  "after-file": {},
  "mapping": {}
}