{
  "tool-info": {},
  "diff": [
    {
      "type": "insert-node",
      "node": {
        "label": "THEN",
        "type": "then"
      },
      "location-after-char-start": 10798,
      "location-after-char-end": 11009,
      "node-str": "THEN"
    },
    {
      "type": "insert-node",
      "node": {
        "label": "getInstance",
        "type": "Invocation"
      },
      "location-after-char-start": 3281,
      "location-after-char-end": 3304,
      "node-str": "getInstance"
    },
    {
      "type": "insert-node",
      "node": {
        "label": "",
        "type": "Try"
      },
      "location-after-char-start": 10813,
      "location-after-char-end": 10952,
      "node-str": ""
    },
    {
      "type": "move-subtree",
      "node": {
        "label": "setVisible",
        "type": "Invocation"
      },
      "location-before-char-start": 10986,
      "location-before-char-end": 11003,
      "location-after-char-start": 10981,
      "location-after-char-end": 10998,
      "node-str": "setVisible"
    },
    {
      "type": "update-node",
      "node": {
        "label": "MailInterface.config",
        "type": "TypeAccess"
      },
      "location-before-char-start": 3287,
      "location-before-char-end": 3306,
      "location-after-char-start": 3281,
      "location-after-char-end": 3290,
      "node-str": "org.columba.mail.config.MailConfig"
    },
    {
      "type": "move-subtree",
      "node": {
        "label": "MailInterface.config",
        "type": "TypeAccess"
      },
      "location-before-char-start": 3287,
      "location-before-char-end": 3306,
      "location-after-char-start": 3281,
      "location-after-char-end": 3290,
      "node-str": "org.columba.mail.config.MailConfig"
    },
    {
      "type": "insert-node",
      "node": {
        "label": "save",
        "type": "Invocation"
      },
      "location-after-char-start": 10833,
      "location-after-char-end": 10860,
      "node-str": "save"
    },
    {
      "type": "move-subtree",
      "node": {
        "label": "",
        "type": "Catch"
      },
      "location-before-char-start": 10881,
      "location-before-char-end": 10957,
      "location-after-char-start": 10876,
      "location-after-char-end": 10952,
      "node-str": ""
    },
    {
      "type": "insert-node",
      "node": {
        "label": "getInstance",
        "type": "Invocation"
      },
      "location-after-char-start": 10833,
      "location-after-char-end": 10852,
      "node-str": "getInstance"
    },
    {
      "type": "insert-node",
      "node": {
        "label": "org.columba.core.config.Config",
        "type": "TypeAccess"
      },
      "location-after-char-start": 10833,
      "location-after-char-end": 10838,
      "node-str": "org.columba.core.config.Config"
    },
    {
      "type": "delete-node",
      "node": {
        "label": "MainInterface.config",
        "type": "TypeAccess"
      },
      "location-before-char-start": 10838,
      "location-before-char-end": 10857,
      "node-str": "MainInterface.config"
    },
    {
      "type": "delete-node",
      "node": {
        "label": "save",
        "type": "Invocation"
      },
      "location-before-char-start": 10838,
      "location-before-char-end": 10865,
      "node-str": "save"
    },
    {
      "type": "delete-node",
      "node": {
        "label": "",
        "type": "Try"
      },
      "location-before-char-start": 10815,
      "location-before-char-end": 10957,
      "node-str": ""
    },
    {
      "type": "delete-node",
      "node": {
        "label": "THEN",
        "type": "then"
      },
      "location-before-char-start": 10800,
      "location-before-char-end": 11014,
      "node-str": "THEN"
    }
  ],
  "before-file": {},
  "after-file": {},
  "mapping": {}
}