{
  "tool-info": {},
  "diff": [
    {
      "type": "insert-node",
      "node": {
        "label": "public",
        "type": "Modifier"
      },
      "location-after-char-start": 0,
      "location-after-char-end": 0,
      "node-str": "public"
    },
    {
      "type": "insert-node",
      "node": {
        "label": "",
        "type": "TypeReference"
      },
      "location-after-char-start": 3461,
      "location-after-char-end": 3472,
      "node-str": ""
    },
    {
      "type": "insert-node",
      "node": {
        "label": "data",
        "type": "Field"
      },
      "location-after-char-start": 3529,
      "location-after-char-end": 3549,
      "node-str": "data"
    },
    {
      "type": "insert-node",
      "node": {
        "label": "label",
        "type": "Field"
      },
      "location-after-char-start": 3555,
      "location-after-char-end": 3575,
      "node-str": "label"
    },
    {
      "type": "insert-node",
      "node": {
        "label": "attributeText",
        "type": "Field"
      },
      "location-after-char-start": 3581,
      "location-after-char-end": 3609,
      "node-str": "attributeText"
    },
    {
      "type": "insert-node",
      "node": {
        "label": "alternateText",
        "type": "Field"
      },
      "location-after-char-start": 3615,
      "location-after-char-end": 3643,
      "node-str": "alternateText"
    },
    {
      "type": "insert-node",
      "node": {
        "label": "currentModuleId",
        "type": "Field"
      },
      "location-after-char-start": 3649,
      "location-after-char-end": 3679,
      "node-str": "currentModuleId"
    },
    {
      "type": "insert-node",
      "node": {
        "label": "currentModule",
        "type": "Field"
      },
      "location-after-char-start": 3685,
      "location-after-char-end": 3713,
      "node-str": "currentModule"
    },
    {
      "type": "insert-node",
      "node": {
        "label": "isOmitModule",
        "type": "Field"
      },
      "location-after-char-start": 3719,
      "location-after-char-end": 3747,
      "node-str": "isOmitModule"
    },
    {
      "type": "insert-node",
      "node": {
        "label": "overrideSecurity",
        "type": "Field"
      },
      "location-after-char-start": 3753,
      "location-after-char-end": 3785,
      "node-str": "overrideSecurity"
    },
    {
      "type": "insert-node",
      "node": {
        "label": "\u003cinit\u003e",
        "type": "Constructor"
      },
      "location-after-char-start": 3792,
      "location-after-char-end": 3865,
      "node-str": "\u003cinit\u003e"
    },
    {
      "type": "insert-node",
      "node": {
        "label": "getServerPort",
        "type": "Method"
      },
      "location-after-char-start": 5466,
      "location-after-char-end": 6293,
      "node-str": "getServerPort"
    },
    {
      "type": "insert-node",
      "node": {
        "label": "getServerScheme",
        "type": "Method"
      },
      "location-after-char-start": 6300,
      "location-after-char-end": 6925,
      "node-str": "getServerScheme"
    },
    {
      "type": "insert-node",
      "node": {
        "label": "getScriptName",
        "type": "Method"
      },
      "location-after-char-start": 6932,
      "location-after-char-end": 7559,
      "node-str": "getScriptName"
    },
    {
      "type": "insert-node",
      "node": {
        "label": "org.apache.turbine.tool.TemplateLink",
        "type": "SUPER_TYPE"
      },
      "location-after-char-start": 0,
      "location-after-char-end": 0,
      "node-str": "org.apache.turbine.tool.TemplateLink"
    },
    {
      "type": "insert-node",
      "node": {
        "label": "org.apache.turbine.RunData",
        "type": "VARIABLE_TYPE"
      },
      "location-after-char-start": 0,
      "location-after-char-end": 0,
      "node-str": "org.apache.turbine.RunData"
    },
    {
      "type": "insert-node",
      "node": {
        "label": "java.lang.String",
        "type": "VARIABLE_TYPE"
      },
      "location-after-char-start": 0,
      "location-after-char-end": 0,
      "node-str": "java.lang.String"
    },
    {
      "type": "insert-node",
      "node": {
        "label": "java.lang.String",
        "type": "VARIABLE_TYPE"
      },
      "location-after-char-start": 0,
      "location-after-char-end": 0,
      "node-str": "java.lang.String"
    },
    {
      "type": "insert-node",
      "node": {
        "label": "java.lang.String",
        "type": "VARIABLE_TYPE"
      },
      "location-after-char-start": 0,
      "location-after-char-end": 0,
      "node-str": "java.lang.String"
    },
    {
      "type": "insert-node",
      "node": {
        "label": "java.lang.String",
        "type": "VARIABLE_TYPE"
      },
      "location-after-char-start": 0,
      "location-after-char-end": 0,
      "node-str": "java.lang.String"
    },
    {
      "type": "insert-node",
      "node": {
        "label": "java.lang.Module",
        "type": "VARIABLE_TYPE"
      },
      "location-after-char-start": 0,
      "location-after-char-end": 0,
      "node-str": "java.lang.Module"
    },
    {
      "type": "insert-node",
      "node": {
        "label": "boolean",
        "type": "VARIABLE_TYPE"
      },
      "location-after-char-start": 0,
      "location-after-char-end": 0,
      "node-str": "boolean"
    },
    {
      "type": "insert-node",
      "node": {
        "label": "boolean",
        "type": "VARIABLE_TYPE"
      },
      "location-after-char-start": 0,
      "location-after-char-end": 0,
      "node-str": "boolean"
    },
    {
      "type": "insert-node",
      "node": {
        "label": "public",
        "type": "Modifier"
      },
      "location-after-char-start": 0,
      "location-after-char-end": 0,
      "node-str": "public"
    },
    {
      "type": "insert-node",
      "node": {
        "label": "int",
        "type": "RETURN_TYPE"
      },
      "location-after-char-start": 0,
      "location-after-char-end": 0,
      "node-str": "int"
    },
    {
      "type": "insert-node",
      "node": {
        "label": "public",
        "type": "Modifier"
      },
      "location-after-char-start": 0,
      "location-after-char-end": 0,
      "node-str": "public"
    },
    {
      "type": "insert-node",
      "node": {
        "label": "initCurrentModule",
        "type": "Invocation"
      },
      "location-after-char-start": 5605,
      "location-after-char-end": 5624,
      "node-str": "initCurrentModule"
    },
    {
      "type": "move-subtree",
      "node": {
        "label": "result",
        "type": "LocalVariable"
      },
      "location-before-char-start": 5628,
      "location-before-char-end": 5643,
      "location-after-char-start": 5634,
      "location-after-char-end": 5649,
      "node-str": "result"
    },
    {
      "type": "insert-node",
      "node": {
        "label": "",
        "type": "Try"
      },
      "location-after-char-start": 5659,
      "location-after-char-end": 6174,
      "node-str": ""
    },
    {
      "type": "move-subtree",
      "node": {
        "label": "if",
        "type": "If"
      },
      "location-before-char-start": 5900,
      "location-before-char-end": 5980,
      "location-after-char-start": 6184,
      "location-after-char-end": 6264,
      "node-str": "if"
    },
    {
      "type": "insert-node",
      "node": {
        "label": "return",
        "type": "Return"
      },
      "location-after-char-start": 6274,
      "location-after-char-end": 6287,
      "node-str": "return"
    },
    {
      "type": "insert-node",
      "node": {
        "label": "java.lang.String",
        "type": "RETURN_TYPE"
      },
      "location-after-char-start": 0,
      "location-after-char-end": 0,
      "node-str": "java.lang.String"
    },
    {
      "type": "insert-node",
      "node": {
        "label": "public",
        "type": "Modifier"
      },
      "location-after-char-start": 0,
      "location-after-char-end": 0,
      "node-str": "public"
    },
    {
      "type": "insert-node",
      "node": {
        "label": "initCurrentModule",
        "type": "Invocation"
      },
      "location-after-char-start": 6464,
      "location-after-char-end": 6483,
      "node-str": "initCurrentModule"
    },
    {
      "type": "move-subtree",
      "node": {
        "label": "result",
        "type": "LocalVariable"
      },
      "location-before-char-start": 6209,
      "location-before-char-end": 6229,
      "location-after-char-start": 6493,
      "location-after-char-end": 6513,
      "node-str": "result"
    },
    {
      "type": "insert-node",
      "node": {
        "label": "",
        "type": "Try"
      },
      "location-after-char-start": 6523,
      "location-after-char-end": 6778,
      "node-str": ""
    },
    {
      "type": "move-subtree",
      "node": {
        "label": "if",
        "type": "If"
      },
      "location-before-char-start": 6470,
      "location-before-char-end": 6554,
      "location-after-char-start": 6788,
      "location-after-char-end": 6896,
      "node-str": "if"
    },
    {
      "type": "insert-node",
      "node": {
        "label": "return",
        "type": "Return"
      },
      "location-after-char-start": 6906,
      "location-after-char-end": 6919,
      "node-str": "return"
    },
    {
      "type": "insert-node",
      "node": {
        "label": "java.lang.String",
        "type": "RETURN_TYPE"
      },
      "location-after-char-start": 0,
      "location-after-char-end": 0,
      "node-str": "java.lang.String"
    },
    {
      "type": "insert-node",
      "node": {
        "label": "public",
        "type": "Modifier"
      },
      "location-after-char-start": 0,
      "location-after-char-end": 0,
      "node-str": "public"
    },
    {
      "type": "insert-node",
      "node": {
        "label": "initCurrentModule",
        "type": "Invocation"
      },
      "location-after-char-start": 7091,
      "location-after-char-end": 7110,
      "node-str": "initCurrentModule"
    },
    {
      "type": "move-subtree",
      "node": {
        "label": "result",
        "type": "LocalVariable"
      },
      "location-before-char-start": 6778,
      "location-before-char-end": 6798,
      "location-after-char-start": 7120,
      "location-after-char-end": 7140,
      "node-str": "result"
    },
    {
      "type": "insert-node",
      "node": {
        "label": "",
        "type": "Try"
      },
      "location-after-char-start": 7150,
      "location-after-char-end": 7414,
      "node-str": ""
    },
    {
      "type": "move-subtree",
      "node": {
        "label": "if",
        "type": "If"
      },
      "location-before-char-start": 7043,
      "location-before-char-end": 7125,
      "location-after-char-start": 7424,
      "location-after-char-end": 7530,
      "node-str": "if"
    },
    {
      "type": "insert-node",
      "node": {
        "label": "return",
        "type": "Return"
      },
      "location-after-char-start": 7540,
      "location-after-char-end": 7553,
      "node-str": "return"
    },
    {
      "type": "insert-node",
      "node": {
        "label": "org.tigris.scarab.util.ScarabLink",
        "type": "TypeAccess"
      },
      "location-after-char-start": 0,
      "location-after-char-end": 0,
      "node-str": "org.tigris.scarab.util.ScarabLink"
    },
    {
      "type": "insert-node",
      "node": {
        "label": "if",
        "type": "If"
      },
      "location-after-char-start": 5685,
      "location-after-char-end": 6053,
      "node-str": "if"
    },
    {
      "type": "insert-node",
      "node": {
        "label": "",
        "type": "Catch"
      },
      "location-after-char-start": 6064,
      "location-after-char-end": 6174,
      "node-str": ""
    },
    {
      "type": "insert-node",
      "node": {
        "label": "result",
        "type": "VariableRead"
      },
      "location-after-char-start": 6281,
      "location-after-char-end": 6286,
      "node-str": "result"
    },
    {
      "type": "insert-node",
      "node": {
        "label": "org.tigris.scarab.util.ScarabLink",
        "type": "TypeAccess"
      },
      "location-after-char-start": 0,
      "location-after-char-end": 0,
      "node-str": "org.tigris.scarab.util.ScarabLink"
    },
    {
      "type": "move-subtree",
      "node": {
        "label": "if",
        "type": "If"
      },
      "location-before-char-start": 6265,
      "location-before-char-end": 6370,
      "location-after-char-start": 6549,
      "location-after-char-end": 6654,
      "node-str": "if"
    },
    {
      "type": "insert-node",
      "node": {
        "label": "",
        "type": "Catch"
      },
      "location-after-char-start": 6665,
      "location-after-char-end": 6778,
      "node-str": ""
    },
    {
      "type": "insert-node",
      "node": {
        "label": "OR",
        "type": "BinaryOperator"
      },
      "location-after-char-start": 6792,
      "location-after-char-end": 6829,
      "node-str": "OR"
    },
    {
      "type": "insert-node",
      "node": {
        "label": "result",
        "type": "VariableRead"
      },
      "location-after-char-start": 6913,
      "location-after-char-end": 6918,
      "node-str": "result"
    },
    {
      "type": "insert-node",
      "node": {
        "label": "org.tigris.scarab.util.ScarabLink",
        "type": "TypeAccess"
      },
      "location-after-char-start": 0,
      "location-after-char-end": 0,
      "node-str": "org.tigris.scarab.util.ScarabLink"
    },
    {
      "type": "move-subtree",
      "node": {
        "label": "if",
        "type": "If"
      },
      "location-before-char-start": 6834,
      "location-before-char-end": 6943,
      "location-after-char-start": 7176,
      "location-after-char-end": 7285,
      "node-str": "if"
    },
    {
      "type": "insert-node",
      "node": {
        "label": "",
        "type": "Catch"
      },
      "location-after-char-start": 7296,
      "location-after-char-end": 7414,
      "node-str": ""
    },
    {
      "type": "insert-node",
      "node": {
        "label": "OR",
        "type": "BinaryOperator"
      },
      "location-after-char-start": 7428,
      "location-after-char-end": 7465,
      "node-str": "OR"
    },
    {
      "type": "insert-node",
      "node": {
        "label": "result",
        "type": "VariableRead"
      },
      "location-after-char-start": 7547,
      "location-after-char-end": 7552,
      "node-str": "result"
    },
    {
      "type": "insert-node",
      "node": {
        "label": "length",
        "type": "Invocation"
      },
      "location-after-char-start": 5346,
      "location-after-char-end": 5360,
      "node-str": "length"
    },
    {
      "type": "update-node",
      "node": {
        "label": "null",
        "type": "Literal"
      },
      "location-before-char-start": 5356,
      "location-before-char-end": 5359,
      "location-after-char-start": 5365,
      "location-after-char-end": 5365,
      "node-str": "0"
    },
    {
      "type": "move-subtree",
      "node": {
        "label": "NE",
        "type": "BinaryOperator"
      },
      "location-before-char-start": 5683,
      "location-before-char-end": 5703,
      "location-after-char-start": 5689,
      "location-after-char-end": 5709,
      "node-str": "NE"
    },
    {
      "type": "insert-node",
      "node": {
        "label": "THEN",
        "type": "then"
      },
      "location-after-char-start": 5724,
      "location-after-char-end": 6053,
      "node-str": "THEN"
    },
    {
      "type": "insert-node",
      "node": {
        "label": "e",
        "type": "CatchVariable"
      },
      "location-after-char-start": 6080,
      "location-after-char-end": 6090,
      "node-str": "e"
    },
    {
      "type": "insert-node",
      "node": {
        "label": "debug",
        "type": "Invocation"
      },
      "location-after-char-start": 6115,
      "location-after-char-end": 6164,
      "node-str": "debug"
    },
    {
      "type": "insert-node",
      "node": {
        "label": "e",
        "type": "CatchVariable"
      },
      "location-after-char-start": 6681,
      "location-after-char-end": 6691,
      "node-str": "e"
    },
    {
      "type": "insert-node",
      "node": {
        "label": "debug",
        "type": "Invocation"
      },
      "location-after-char-start": 6716,
      "location-after-char-end": 6768,
      "node-str": "debug"
    },
    {
      "type": "move-subtree",
      "node": {
        "label": "EQ",
        "type": "BinaryOperator"
      },
      "location-before-char-start": 6474,
      "location-before-char-end": 6487,
      "location-after-char-start": 6792,
      "location-after-char-end": 6805,
      "node-str": "EQ"
    },
    {
      "type": "insert-node",
      "node": {
        "label": "EQ",
        "type": "BinaryOperator"
      },
      "location-after-char-start": 6810,
      "location-after-char-end": 6829,
      "node-str": "EQ"
    },
    {
      "type": "insert-node",
      "node": {
        "label": "e",
        "type": "CatchVariable"
      },
      "location-after-char-start": 7312,
      "location-after-char-end": 7322,
      "node-str": "e"
    },
    {
      "type": "insert-node",
      "node": {
        "label": "debug",
        "type": "Invocation"
      },
      "location-after-char-start": 7347,
      "location-after-char-end": 7404,
      "node-str": "debug"
    },
    {
      "type": "move-subtree",
      "node": {
        "label": "EQ",
        "type": "BinaryOperator"
      },
      "location-before-char-start": 7047,
      "location-before-char-end": 7060,
      "location-after-char-start": 7428,
      "location-after-char-end": 7441,
      "node-str": "EQ"
    },
    {
      "type": "insert-node",
      "node": {
        "label": "EQ",
        "type": "BinaryOperator"
      },
      "location-after-char-start": 7446,
      "location-after-char-end": 7465,
      "node-str": "EQ"
    },
    {
      "type": "move-subtree",
      "node": {
        "label": "result",
        "type": "VariableRead"
      },
      "location-before-char-start": 5346,
      "location-before-char-end": 5351,
      "location-after-char-start": 5346,
      "location-after-char-end": 5351,
      "node-str": "result"
    },
    {
      "type": "insert-node",
      "node": {
        "label": "port",
        "type": "LocalVariable"
      },
      "location-after-char-start": 5742,
      "location-after-char-end": 5779,
      "node-str": "port"
    },
    {
      "type": "insert-node",
      "node": {
        "label": "if",
        "type": "If"
      },
      "location-after-char-start": 5797,
      "location-after-char-end": 6039,
      "node-str": "if"
    },
    {
      "type": "insert-node",
      "node": {
        "label": "java.lang.Exception",
        "type": "VARIABLE_TYPE"
      },
      "location-after-char-start": 0,
      "location-after-char-end": 0,
      "node-str": "java.lang.Exception"
    },
    {
      "type": "insert-node",
      "node": {
        "label": "get",
        "type": "Invocation"
      },
      "location-after-char-start": 6115,
      "location-after-char-end": 6123,
      "node-str": "get"
    },
    {
      "type": "insert-node",
      "node": {
        "label": "\"Could not parse port number\"",
        "type": "Literal"
      },
      "location-after-char-start": 6131,
      "location-after-char-end": 6159,
      "node-str": "\"Could not parse port number\""
    },
    {
      "type": "insert-node",
      "node": {
        "label": "e",
        "type": "VariableRead"
      },
      "location-after-char-start": 6162,
      "location-after-char-end": 6162,
      "node-str": "e"
    },
    {
      "type": "insert-node",
      "node": {
        "label": "java.lang.Exception",
        "type": "VARIABLE_TYPE"
      },
      "location-after-char-start": 0,
      "location-after-char-end": 0,
      "node-str": "java.lang.Exception"
    },
    {
      "type": "insert-node",
      "node": {
        "label": "get",
        "type": "Invocation"
      },
      "location-after-char-start": 6716,
      "location-after-char-end": 6724,
      "node-str": "get"
    },
    {
      "type": "insert-node",
      "node": {
        "label": "\"Could not get scheme parameter\"",
        "type": "Literal"
      },
      "location-after-char-start": 6732,
      "location-after-char-end": 6763,
      "node-str": "\"Could not get scheme parameter\""
    },
    {
      "type": "insert-node",
      "node": {
        "label": "e",
        "type": "VariableRead"
      },
      "location-after-char-start": 6766,
      "location-after-char-end": 6766,
      "node-str": "e"
    },
    {
      "type": "insert-node",
      "node": {
        "label": "length",
        "type": "Invocation"
      },
      "location-after-char-start": 6810,
      "location-after-char-end": 6824,
      "node-str": "length"
    },
    {
      "type": "insert-node",
      "node": {
        "label": "0",
        "type": "Literal"
      },
      "location-after-char-start": 6829,
      "location-after-char-end": 6829,
      "node-str": "0"
    },
    {
      "type": "insert-node",
      "node": {
        "label": "java.lang.Exception",
        "type": "VARIABLE_TYPE"
      },
      "location-after-char-start": 0,
      "location-after-char-end": 0,
      "node-str": "java.lang.Exception"
    },
    {
      "type": "insert-node",
      "node": {
        "label": "get",
        "type": "Invocation"
      },
      "location-after-char-start": 7347,
      "location-after-char-end": 7355,
      "node-str": "get"
    },
    {
      "type": "insert-node",
      "node": {
        "label": "\"Could not get script name parameter\"",
        "type": "Literal"
      },
      "location-after-char-start": 7363,
      "location-after-char-end": 7399,
      "node-str": "\"Could not get script name parameter\""
    },
    {
      "type": "insert-node",
      "node": {
        "label": "e",
        "type": "VariableRead"
      },
      "location-after-char-start": 7402,
      "location-after-char-end": 7402,
      "node-str": "e"
    },
    {
      "type": "insert-node",
      "node": {
        "label": "length",
        "type": "Invocation"
      },
      "location-after-char-start": 7446,
      "location-after-char-end": 7460,
      "node-str": "length"
    },
    {
      "type": "insert-node",
      "node": {
        "label": "0",
        "type": "Literal"
      },
      "location-after-char-start": 7465,
      "location-after-char-end": 7465,
      "node-str": "0"
    },
    {
      "type": "insert-node",
      "node": {
        "label": "java.lang.String",
        "type": "VARIABLE_TYPE"
      },
      "location-after-char-start": 0,
      "location-after-char-end": 0,
      "node-str": "java.lang.String"
    },
    {
      "type": "move-subtree",
      "node": {
        "label": "getPort",
        "type": "Invocation"
      },
      "location-before-char-start": 5762,
      "location-before-char-end": 5784,
      "location-after-char-start": 5756,
      "location-after-char-end": 5778,
      "node-str": "getPort"
    },
    {
      "type": "insert-node",
      "node": {
        "label": "EQ",
        "type": "BinaryOperator"
      },
      "location-after-char-start": 5801,
      "location-after-char-end": 5818,
      "node-str": "EQ"
    },
    {
      "type": "insert-node",
      "node": {
        "label": "THEN",
        "type": "then"
      },
      "location-after-char-start": 5838,
      "location-after-char-end": 5908,
      "node-str": "THEN"
    },
    {
      "type": "insert-node",
      "node": {
        "label": "ELSE",
        "type": "else"
      },
      "location-after-char-start": 5948,
      "location-after-char-end": 6039,
      "node-str": "ELSE"
    },
    {
      "type": "insert-node",
      "node": {
        "label": "org.tigris.scarab.util.Log",
        "type": "TypeAccess"
      },
      "location-after-char-start": 6115,
      "location-after-char-end": 6117,
      "node-str": "org.tigris.scarab.util.Log"
    },
    {
      "type": "insert-node",
      "node": {
        "label": "org.tigris.scarab.util.Log",
        "type": "TypeAccess"
      },
      "location-after-char-start": 6716,
      "location-after-char-end": 6718,
      "node-str": "org.tigris.scarab.util.Log"
    },
    {
      "type": "insert-node",
      "node": {
        "label": "result",
        "type": "VariableRead"
      },
      "location-after-char-start": 6810,
      "location-after-char-end": 6815,
      "node-str": "result"
    },
    {
      "type": "insert-node",
      "node": {
        "label": "org.tigris.scarab.util.Log",
        "type": "TypeAccess"
      },
      "location-after-char-start": 7347,
      "location-after-char-end": 7349,
      "node-str": "org.tigris.scarab.util.Log"
    },
    {
      "type": "insert-node",
      "node": {
        "label": "result",
        "type": "VariableRead"
      },
      "location-after-char-start": 7446,
      "location-after-char-end": 7451,
      "node-str": "result"
    },
    {
      "type": "insert-node",
      "node": {
        "label": "length",
        "type": "Invocation"
      },
      "location-after-char-start": 5801,
      "location-after-char-end": 5813,
      "node-str": "length"
    },
    {
      "type": "insert-node",
      "node": {
        "label": "0",
        "type": "Literal"
      },
      "location-after-char-start": 5818,
      "location-after-char-end": 5818,
      "node-str": "0"
    },
    {
      "type": "insert-node",
      "node": {
        "label": "\u003d",
        "type": "Assignment"
      },
      "location-after-char-start": 5860,
      "location-after-char-end": 5890,
      "node-str": "\u003d"
    },
    {
      "type": "insert-node",
      "node": {
        "label": "\u003d",
        "type": "Assignment"
      },
      "location-after-char-start": 5970,
      "location-after-char-end": 6001,
      "node-str": "\u003d"
    },
    {
      "type": "insert-node",
      "node": {
        "label": "port",
        "type": "VariableRead"
      },
      "location-after-char-start": 5801,
      "location-after-char-end": 5804,
      "node-str": "port"
    },
    {
      "type": "insert-node",
      "node": {
        "label": "result",
        "type": "VariableWrite"
      },
      "location-after-char-start": 5860,
      "location-after-char-end": 5865,
      "node-str": "result"
    },
    {
      "type": "insert-node",
      "node": {
        "label": "getServerPort",
        "type": "Invocation"
      },
      "location-after-char-start": 5869,
      "location-after-char-end": 5889,
      "node-str": "getServerPort"
    },
    {
      "type": "insert-node",
      "node": {
        "label": "result",
        "type": "VariableWrite"
      },
      "location-after-char-start": 5970,
      "location-after-char-end": 5975,
      "node-str": "result"
    },
    {
      "type": "insert-node",
      "node": {
        "label": "parseInt",
        "type": "Invocation"
      },
      "location-after-char-start": 5979,
      "location-after-char-end": 6000,
      "node-str": "parseInt"
    },
    {
      "type": "insert-node",
      "node": {
        "label": "super",
        "type": "SuperAccess"
      },
      "location-after-char-start": 5869,
      "location-after-char-end": 5873,
      "node-str": "super"
    },
    {
      "type": "insert-node",
      "node": {
        "label": "java.lang.Integer",
        "type": "TypeAccess"
      },
      "location-after-char-start": 5979,
      "location-after-char-end": 5985,
      "node-str": "java.lang.Integer"
    },
    {
      "type": "insert-node",
      "node": {
        "label": "port",
        "type": "VariableRead"
      },
      "location-after-char-start": 5996,
      "location-after-char-end": 5999,
      "node-str": "port"
    },
    {
      "type": "delete-node",
      "node": {
        "label": "public",
        "type": "Modifier"
      },
      "location-before-char-start": 0,
      "location-before-char-end": 0,
      "node-str": "public"
    },
    {
      "type": "delete-node",
      "node": {
        "label": "org.apache.turbine.tool.TemplateLink",
        "type": "SUPER_TYPE"
      },
      "location-before-char-start": 0,
      "location-before-char-end": 0,
      "node-str": "org.apache.turbine.tool.TemplateLink"
    },
    {
      "type": "delete-node",
      "node": {
        "label": "",
        "type": "TypeReference"
      },
      "location-before-char-start": 3461,
      "location-before-char-end": 3472,
      "node-str": ""
    },
    {
      "type": "delete-node",
      "node": {
        "label": "org.apache.turbine.RunData",
        "type": "VARIABLE_TYPE"
      },
      "location-before-char-start": 0,
      "location-before-char-end": 0,
      "node-str": "org.apache.turbine.RunData"
    },
    {
      "type": "delete-node",
      "node": {
        "label": "data",
        "type": "Field"
      },
      "location-before-char-start": 3529,
      "location-before-char-end": 3549,
      "node-str": "data"
    },
    {
      "type": "delete-node",
      "node": {
        "label": "java.lang.String",
        "type": "VARIABLE_TYPE"
      },
      "location-before-char-start": 0,
      "location-before-char-end": 0,
      "node-str": "java.lang.String"
    },
    {
      "type": "delete-node",
      "node": {
        "label": "label",
        "type": "Field"
      },
      "location-before-char-start": 3555,
      "location-before-char-end": 3575,
      "node-str": "label"
    },
    {
      "type": "delete-node",
      "node": {
        "label": "java.lang.String",
        "type": "VARIABLE_TYPE"
      },
      "location-before-char-start": 0,
      "location-before-char-end": 0,
      "node-str": "java.lang.String"
    },
    {
      "type": "delete-node",
      "node": {
        "label": "attributeText",
        "type": "Field"
      },
      "location-before-char-start": 3581,
      "location-before-char-end": 3609,
      "node-str": "attributeText"
    },
    {
      "type": "delete-node",
      "node": {
        "label": "java.lang.String",
        "type": "VARIABLE_TYPE"
      },
      "location-before-char-start": 0,
      "location-before-char-end": 0,
      "node-str": "java.lang.String"
    },
    {
      "type": "delete-node",
      "node": {
        "label": "alternateText",
        "type": "Field"
      },
      "location-before-char-start": 3615,
      "location-before-char-end": 3643,
      "node-str": "alternateText"
    },
    {
      "type": "delete-node",
      "node": {
        "label": "java.lang.String",
        "type": "VARIABLE_TYPE"
      },
      "location-before-char-start": 0,
      "location-before-char-end": 0,
      "node-str": "java.lang.String"
    },
    {
      "type": "delete-node",
      "node": {
        "label": "currentModuleId",
        "type": "Field"
      },
      "location-before-char-start": 3649,
      "location-before-char-end": 3679,
      "node-str": "currentModuleId"
    },
    {
      "type": "delete-node",
      "node": {
        "label": "java.lang.Module",
        "type": "VARIABLE_TYPE"
      },
      "location-before-char-start": 0,
      "location-before-char-end": 0,
      "node-str": "java.lang.Module"
    },
    {
      "type": "delete-node",
      "node": {
        "label": "currentModule",
        "type": "Field"
      },
      "location-before-char-start": 3685,
      "location-before-char-end": 3713,
      "node-str": "currentModule"
    },
    {
      "type": "delete-node",
      "node": {
        "label": "boolean",
        "type": "VARIABLE_TYPE"
      },
      "location-before-char-start": 0,
      "location-before-char-end": 0,
      "node-str": "boolean"
    },
    {
      "type": "delete-node",
      "node": {
        "label": "isOmitModule",
        "type": "Field"
      },
      "location-before-char-start": 3719,
      "location-before-char-end": 3747,
      "node-str": "isOmitModule"
    },
    {
      "type": "delete-node",
      "node": {
        "label": "boolean",
        "type": "VARIABLE_TYPE"
      },
      "location-before-char-start": 0,
      "location-before-char-end": 0,
      "node-str": "boolean"
    },
    {
      "type": "delete-node",
      "node": {
        "label": "overrideSecurity",
        "type": "Field"
      },
      "location-before-char-start": 3753,
      "location-before-char-end": 3785,
      "node-str": "overrideSecurity"
    },
    {
      "type": "delete-node",
      "node": {
        "label": "public",
        "type": "Modifier"
      },
      "location-before-char-start": 0,
      "location-before-char-end": 0,
      "node-str": "public"
    },
    {
      "type": "delete-node",
      "node": {
        "label": "\u003cinit\u003e",
        "type": "Constructor"
      },
      "location-before-char-start": 3792,
      "location-before-char-end": 3865,
      "node-str": "\u003cinit\u003e"
    },
    {
      "type": "delete-node",
      "node": {
        "label": "int",
        "type": "RETURN_TYPE"
      },
      "location-before-char-start": 0,
      "location-before-char-end": 0,
      "node-str": "int"
    },
    {
      "type": "delete-node",
      "node": {
        "label": "public",
        "type": "Modifier"
      },
      "location-before-char-start": 0,
      "location-before-char-end": 0,
      "node-str": "public"
    },
    {
      "type": "delete-node",
      "node": {
        "label": "org.tigris.scarab.util.ScarabLink",
        "type": "TypeAccess"
      },
      "location-before-char-start": 0,
      "location-before-char-end": 0,
      "node-str": "org.tigris.scarab.util.ScarabLink"
    },
    {
      "type": "delete-node",
      "node": {
        "label": "initCurrentModule",
        "type": "Invocation"
      },
      "location-before-char-start": 5599,
      "location-before-char-end": 5618,
      "node-str": "initCurrentModule"
    },
    {
      "type": "delete-node",
      "node": {
        "label": "result",
        "type": "VariableWrite"
      },
      "location-before-char-start": 5736,
      "location-before-char-end": 5741,
      "node-str": "result"
    },
    {
      "type": "delete-node",
      "node": {
        "label": "java.lang.Integer",
        "type": "TypeAccess"
      },
      "location-before-char-start": 5745,
      "location-before-char-end": 5751,
      "node-str": "java.lang.Integer"
    },
    {
      "type": "delete-node",
      "node": {
        "label": "parseInt",
        "type": "Invocation"
      },
      "location-before-char-start": 5745,
      "location-before-char-end": 5785,
      "node-str": "parseInt"
    },
    {
      "type": "delete-node",
      "node": {
        "label": "\u003d",
        "type": "Assignment"
      },
      "location-before-char-start": 5736,
      "location-before-char-end": 5786,
      "node-str": "\u003d"
    },
    {
      "type": "delete-node",
      "node": {
        "label": "THEN",
        "type": "then"
      },
      "location-before-char-start": 5718,
      "location-before-char-end": 5800,
      "node-str": "THEN"
    },
    {
      "type": "delete-node",
      "node": {
        "label": "if",
        "type": "If"
      },
      "location-before-char-start": 5679,
      "location-before-char-end": 5800,
      "node-str": "if"
    },
    {
      "type": "delete-node",
      "node": {
        "label": "java.lang.Exception",
        "type": "VARIABLE_TYPE"
      },
      "location-before-char-start": 0,
      "location-before-char-end": 0,
      "node-str": "java.lang.Exception"
    },
    {
      "type": "delete-node",
      "node": {
        "label": "e",
        "type": "CatchVariable"
      },
      "location-before-char-start": 5827,
      "location-before-char-end": 5837,
      "node-str": "e"
    },
    {
      "type": "delete-node",
      "node": {
        "label": "org.tigris.scarab.util.Log",
        "type": "TypeAccess"
      },
      "location-before-char-start": 5862,
      "location-before-char-end": 5864,
      "node-str": "org.tigris.scarab.util.Log"
    },
    {
      "type": "delete-node",
      "node": {
        "label": "get",
        "type": "Invocation"
      },
      "location-before-char-start": 5862,
      "location-before-char-end": 5870,
      "node-str": "get"
    },
    {
      "type": "delete-node",
      "node": {
        "label": "e",
        "type": "VariableRead"
      },
      "location-before-char-start": 5878,
      "location-before-char-end": 5878,
      "node-str": "e"
    },
    {
      "type": "delete-node",
      "node": {
        "label": "debug",
        "type": "Invocation"
      },
      "location-before-char-start": 5862,
      "location-before-char-end": 5880,
      "node-str": "debug"
    },
    {
      "type": "delete-node",
      "node": {
        "label": "",
        "type": "Catch"
      },
      "location-before-char-start": 5811,
      "location-before-char-end": 5890,
      "node-str": ""
    },
    {
      "type": "delete-node",
      "node": {
        "label": "",
        "type": "Try"
      },
      "location-before-char-start": 5653,
      "location-before-char-end": 5890,
      "node-str": ""
    },
    {
      "type": "delete-node",
      "node": {
        "label": "result",
        "type": "VariableRead"
      },
      "location-before-char-start": 5997,
      "location-before-char-end": 6002,
      "node-str": "result"
    },
    {
      "type": "delete-node",
      "node": {
        "label": "return",
        "type": "Return"
      },
      "location-before-char-start": 5990,
      "location-before-char-end": 6003,
      "node-str": "return"
    },
    {
      "type": "delete-node",
      "node": {
        "label": "getServerPort",
        "type": "Method"
      },
      "location-before-char-start": 5460,
      "location-before-char-end": 6009,
      "node-str": "getServerPort"
    },
    {
      "type": "delete-node",
      "node": {
        "label": "java.lang.String",
        "type": "RETURN_TYPE"
      },
      "location-before-char-start": 0,
      "location-before-char-end": 0,
      "node-str": "java.lang.String"
    },
    {
      "type": "delete-node",
      "node": {
        "label": "public",
        "type": "Modifier"
      },
      "location-before-char-start": 0,
      "location-before-char-end": 0,
      "node-str": "public"
    },
    {
      "type": "delete-node",
      "node": {
        "label": "org.tigris.scarab.util.ScarabLink",
        "type": "TypeAccess"
      },
      "location-before-char-start": 0,
      "location-before-char-end": 0,
      "node-str": "org.tigris.scarab.util.ScarabLink"
    },
    {
      "type": "delete-node",
      "node": {
        "label": "initCurrentModule",
        "type": "Invocation"
      },
      "location-before-char-start": 6180,
      "location-before-char-end": 6199,
      "node-str": "initCurrentModule"
    },
    {
      "type": "delete-node",
      "node": {
        "label": "java.lang.Exception",
        "type": "VARIABLE_TYPE"
      },
      "location-before-char-start": 0,
      "location-before-char-end": 0,
      "node-str": "java.lang.Exception"
    },
    {
      "type": "delete-node",
      "node": {
        "label": "e",
        "type": "CatchVariable"
      },
      "location-before-char-start": 6397,
      "location-before-char-end": 6407,
      "node-str": "e"
    },
    {
      "type": "delete-node",
      "node": {
        "label": "org.tigris.scarab.util.Log",
        "type": "TypeAccess"
      },
      "location-before-char-start": 6432,
      "location-before-char-end": 6434,
      "node-str": "org.tigris.scarab.util.Log"
    },
    {
      "type": "delete-node",
      "node": {
        "label": "get",
        "type": "Invocation"
      },
      "location-before-char-start": 6432,
      "location-before-char-end": 6440,
      "node-str": "get"
    },
    {
      "type": "delete-node",
      "node": {
        "label": "e",
        "type": "VariableRead"
      },
      "location-before-char-start": 6448,
      "location-before-char-end": 6448,
      "node-str": "e"
    },
    {
      "type": "delete-node",
      "node": {
        "label": "debug",
        "type": "Invocation"
      },
      "location-before-char-start": 6432,
      "location-before-char-end": 6450,
      "node-str": "debug"
    },
    {
      "type": "delete-node",
      "node": {
        "label": "",
        "type": "Catch"
      },
      "location-before-char-start": 6381,
      "location-before-char-end": 6460,
      "node-str": ""
    },
    {
      "type": "delete-node",
      "node": {
        "label": "",
        "type": "Try"
      },
      "location-before-char-start": 6239,
      "location-before-char-end": 6460,
      "node-str": ""
    },
    {
      "type": "delete-node",
      "node": {
        "label": "result",
        "type": "VariableRead"
      },
      "location-before-char-start": 6571,
      "location-before-char-end": 6576,
      "node-str": "result"
    },
    {
      "type": "delete-node",
      "node": {
        "label": "return",
        "type": "Return"
      },
      "location-before-char-start": 6564,
      "location-before-char-end": 6577,
      "node-str": "return"
    },
    {
      "type": "delete-node",
      "node": {
        "label": "getServerScheme",
        "type": "Method"
      },
      "location-before-char-start": 6016,
      "location-before-char-end": 6583,
      "node-str": "getServerScheme"
    },
    {
      "type": "delete-node",
      "node": {
        "label": "java.lang.String",
        "type": "RETURN_TYPE"
      },
      "location-before-char-start": 0,
      "location-before-char-end": 0,
      "node-str": "java.lang.String"
    },
    {
      "type": "delete-node",
      "node": {
        "label": "public",
        "type": "Modifier"
      },
      "location-before-char-start": 0,
      "location-before-char-end": 0,
      "node-str": "public"
    },
    {
      "type": "delete-node",
      "node": {
        "label": "org.tigris.scarab.util.ScarabLink",
        "type": "TypeAccess"
      },
      "location-before-char-start": 0,
      "location-before-char-end": 0,
      "node-str": "org.tigris.scarab.util.ScarabLink"
    },
    {
      "type": "delete-node",
      "node": {
        "label": "initCurrentModule",
        "type": "Invocation"
      },
      "location-before-char-start": 6749,
      "location-before-char-end": 6768,
      "node-str": "initCurrentModule"
    },
    {
      "type": "delete-node",
      "node": {
        "label": "java.lang.Exception",
        "type": "VARIABLE_TYPE"
      },
      "location-before-char-start": 0,
      "location-before-char-end": 0,
      "node-str": "java.lang.Exception"
    },
    {
      "type": "delete-node",
      "node": {
        "label": "e",
        "type": "CatchVariable"
      },
      "location-before-char-start": 6970,
      "location-before-char-end": 6980,
      "node-str": "e"
    },
    {
      "type": "delete-node",
      "node": {
        "label": "org.tigris.scarab.util.Log",
        "type": "TypeAccess"
      },
      "location-before-char-start": 7005,
      "location-before-char-end": 7007,
      "node-str": "org.tigris.scarab.util.Log"
    },
    {
      "type": "delete-node",
      "node": {
        "label": "get",
        "type": "Invocation"
      },
      "location-before-char-start": 7005,
      "location-before-char-end": 7013,
      "node-str": "get"
    },
    {
      "type": "delete-node",
      "node": {
        "label": "e",
        "type": "VariableRead"
      },
      "location-before-char-start": 7021,
      "location-before-char-end": 7021,
      "node-str": "e"
    },
    {
      "type": "delete-node",
      "node": {
        "label": "debug",
        "type": "Invocation"
      },
      "location-before-char-start": 7005,
      "location-before-char-end": 7023,
      "node-str": "debug"
    },
    {
      "type": "delete-node",
      "node": {
        "label": "",
        "type": "Catch"
      },
      "location-before-char-start": 6954,
      "location-before-char-end": 7033,
      "node-str": ""
    },
    {
      "type": "delete-node",
      "node": {
        "label": "",
        "type": "Try"
      },
      "location-before-char-start": 6808,
      "location-before-char-end": 7033,
      "node-str": ""
    },
    {
      "type": "delete-node",
      "node": {
        "label": "result",
        "type": "VariableRead"
      },
      "location-before-char-start": 7142,
      "location-before-char-end": 7147,
      "node-str": "result"
    },
    {
      "type": "delete-node",
      "node": {
        "label": "return",
        "type": "Return"
      },
      "location-before-char-start": 7135,
      "location-before-char-end": 7148,
      "node-str": "return"
    },
    {
      "type": "delete-node",
      "node": {
        "label": "getScriptName",
        "type": "Method"
      },
      "location-before-char-start": 6590,
      "location-before-char-end": 7154,
      "node-str": "getScriptName"
    }
  ],
  "before-file": {},
  "after-file": {},
  "mapping": {}
}