{
  "tool-info": {},
  "diff": [
    {
      "type": "insert-node",
      "node": {
        "label": "public",
        "type": "Modifier"
      },
      "location-after-char-start": 0,
      "location-after-char-end": 0,
      "node-str": "public"
    },
    {
      "type": "insert-node",
      "node": {
        "label": "label",
        "type": "Field"
      },
      "location-after-char-start": 2890,
      "location-after-char-end": 2910,
      "node-str": "label"
    },
    {
      "type": "insert-node",
      "node": {
        "label": "attributeText",
        "type": "Field"
      },
      "location-after-char-start": 2916,
      "location-after-char-end": 2944,
      "node-str": "attributeText"
    },
    {
      "type": "insert-node",
      "node": {
        "label": "alternateText",
        "type": "Field"
      },
      "location-after-char-start": 2950,
      "location-after-char-end": 2978,
      "node-str": "alternateText"
    },
    {
      "type": "insert-node",
      "node": {
        "label": "currentModuleId",
        "type": "Field"
      },
      "location-after-char-start": 2984,
      "location-after-char-end": 3015,
      "node-str": "currentModuleId"
    },
    {
      "type": "insert-node",
      "node": {
        "label": "currentModule",
        "type": "Field"
      },
      "location-after-char-start": 3021,
      "location-after-char-end": 3049,
      "node-str": "currentModule"
    },
    {
      "type": "insert-node",
      "node": {
        "label": "isOmitModule",
        "type": "Field"
      },
      "location-after-char-start": 3055,
      "location-after-char-end": 3083,
      "node-str": "isOmitModule"
    },
    {
      "type": "insert-node",
      "node": {
        "label": "isOmitIssueType",
        "type": "Field"
      },
      "location-after-char-start": 3089,
      "location-after-char-end": 3120,
      "node-str": "isOmitIssueType"
    },
    {
      "type": "insert-node",
      "node": {
        "label": "overrideSecurity",
        "type": "Field"
      },
      "location-after-char-start": 3126,
      "location-after-char-end": 3158,
      "node-str": "overrideSecurity"
    },
    {
      "type": "insert-node",
      "node": {
        "label": "disposed",
        "type": "Field"
      },
      "location-after-char-start": 3165,
      "location-after-char-end": 3197,
      "node-str": "disposed"
    },
    {
      "type": "insert-node",
      "node": {
        "label": "pathInfo",
        "type": "Field"
      },
      "location-after-char-start": 3204,
      "location-after-char-end": 3307,
      "node-str": "pathInfo"
    },
    {
      "type": "insert-node",
      "node": {
        "label": "getServerPort",
        "type": "Method"
      },
      "location-after-char-start": 8494,
      "location-after-char-end": 9085,
      "node-str": "getServerPort"
    },
    {
      "type": "insert-node",
      "node": {
        "label": "toString",
        "type": "Method"
      },
      "location-after-char-start": 11714,
      "location-after-char-end": 12926,
      "node-str": "toString"
    },
    {
      "type": "insert-node",
      "node": {
        "label": "java.lang.String",
        "type": "VARIABLE_TYPE"
      },
      "location-after-char-start": 0,
      "location-after-char-end": 0,
      "node-str": "java.lang.String"
    },
    {
      "type": "insert-node",
      "node": {
        "label": "java.lang.String",
        "type": "VARIABLE_TYPE"
      },
      "location-after-char-start": 0,
      "location-after-char-end": 0,
      "node-str": "java.lang.String"
    },
    {
      "type": "insert-node",
      "node": {
        "label": "java.lang.String",
        "type": "VARIABLE_TYPE"
      },
      "location-after-char-start": 0,
      "location-after-char-end": 0,
      "node-str": "java.lang.String"
    },
    {
      "type": "insert-node",
      "node": {
        "label": "java.lang.Integer",
        "type": "VARIABLE_TYPE"
      },
      "location-after-char-start": 0,
      "location-after-char-end": 0,
      "node-str": "java.lang.Integer"
    },
    {
      "type": "insert-node",
      "node": {
        "label": "java.lang.Module",
        "type": "VARIABLE_TYPE"
      },
      "location-after-char-start": 0,
      "location-after-char-end": 0,
      "node-str": "java.lang.Module"
    },
    {
      "type": "insert-node",
      "node": {
        "label": "boolean",
        "type": "VARIABLE_TYPE"
      },
      "location-after-char-start": 0,
      "location-after-char-end": 0,
      "node-str": "boolean"
    },
    {
      "type": "insert-node",
      "node": {
        "label": "boolean",
        "type": "VARIABLE_TYPE"
      },
      "location-after-char-start": 0,
      "location-after-char-end": 0,
      "node-str": "boolean"
    },
    {
      "type": "insert-node",
      "node": {
        "label": "boolean",
        "type": "VARIABLE_TYPE"
      },
      "location-after-char-start": 0,
      "location-after-char-end": 0,
      "node-str": "boolean"
    },
    {
      "type": "insert-node",
      "node": {
        "label": "boolean",
        "type": "VARIABLE_TYPE"
      },
      "location-after-char-start": 0,
      "location-after-char-end": 0,
      "node-str": "boolean"
    },
    {
      "type": "insert-node",
      "node": {
        "label": "false",
        "type": "Literal"
      },
      "location-after-char-start": 3192,
      "location-after-char-end": 3196,
      "node-str": "false"
    },
    {
      "type": "insert-node",
      "node": {
        "label": "java.util.List",
        "type": "VARIABLE_TYPE"
      },
      "location-after-char-start": 0,
      "location-after-char-end": 0,
      "node-str": "java.util.List"
    },
    {
      "type": "insert-node",
      "node": {
        "label": "java.util.ArrayList()",
        "type": "ConstructorCall"
      },
      "location-after-char-start": 3292,
      "location-after-char-end": 3306,
      "node-str": "java.util.ArrayList()"
    },
    {
      "type": "insert-node",
      "node": {
        "label": "int",
        "type": "RETURN_TYPE"
      },
      "location-after-char-start": 0,
      "location-after-char-end": 0,
      "node-str": "int"
    },
    {
      "type": "insert-node",
      "node": {
        "label": "public",
        "type": "Modifier"
      },
      "location-after-char-start": 0,
      "location-after-char-end": 0,
      "node-str": "public"
    },
    {
      "type": "move-subtree",
      "node": {
        "label": "result",
        "type": "LocalVariable"
      },
      "location-before-char-start": 8588,
      "location-before-char-end": 8603,
      "location-after-char-start": 8652,
      "location-after-char-end": 8667,
      "node-str": "result"
    },
    {
      "type": "insert-node",
      "node": {
        "label": "if",
        "type": "If"
      },
      "location-after-char-start": 8677,
      "location-after-char-end": 9056,
      "node-str": "if"
    },
    {
      "type": "insert-node",
      "node": {
        "label": "return",
        "type": "Return"
      },
      "location-after-char-start": 9066,
      "location-after-char-end": 9079,
      "node-str": "return"
    },
    {
      "type": "insert-node",
      "node": {
        "label": "java.lang.String",
        "type": "RETURN_TYPE"
      },
      "location-after-char-start": 0,
      "location-after-char-end": 0,
      "node-str": "java.lang.String"
    },
    {
      "type": "insert-node",
      "node": {
        "label": "public",
        "type": "Modifier"
      },
      "location-after-char-start": 0,
      "location-after-char-end": 0,
      "node-str": "public"
    },
    {
      "type": "insert-node",
      "node": {
        "label": "output",
        "type": "LocalVariable"
      },
      "location-after-char-start": 12281,
      "location-after-char-end": 12321,
      "node-str": "output"
    },
    {
      "type": "move-subtree",
      "node": {
        "label": "append",
        "type": "Invocation"
      },
      "location-before-char-start": 12125,
      "location-before-char-end": 12157,
      "location-after-char-start": 12331,
      "location-after-char-end": 12363,
      "node-str": "append"
    },
    {
      "type": "insert-node",
      "node": {
        "label": "append",
        "type": "Invocation"
      },
      "location-after-char-start": 12373,
      "location-after-char-end": 12393,
      "node-str": "append"
    },
    {
      "type": "move-subtree",
      "node": {
        "label": "append",
        "type": "Invocation"
      },
      "location-before-char-start": 12197,
      "location-before-char-end": 12227,
      "location-after-char-start": 12403,
      "location-after-char-end": 12433,
      "node-str": "append"
    },
    {
      "type": "insert-node",
      "node": {
        "label": "port",
        "type": "LocalVariable"
      },
      "location-after-char-start": 12443,
      "location-after-char-end": 12469,
      "node-str": "port"
    },
    {
      "type": "insert-node",
      "node": {
        "label": "if",
        "type": "If"
      },
      "location-after-char-start": 12479,
      "location-after-char-end": 12709,
      "node-str": "if"
    },
    {
      "type": "move-subtree",
      "node": {
        "label": "append",
        "type": "Invocation"
      },
      "location-before-char-start": 12480,
      "location-before-char-end": 12510,
      "location-after-char-start": 12720,
      "location-after-char-end": 12750,
      "node-str": "append"
    },
    {
      "type": "move-subtree",
      "node": {
        "label": "if",
        "type": "If"
      },
      "location-before-char-start": 12521,
      "location-before-char-end": 12646,
      "location-after-char-start": 12761,
      "location-after-char-end": 12886,
      "node-str": "if"
    },
    {
      "type": "insert-node",
      "node": {
        "label": "return",
        "type": "Return"
      },
      "location-after-char-start": 12896,
      "location-after-char-end": 12920,
      "node-str": "return"
    },
    {
      "type": "move-subtree",
      "node": {
        "label": "NE",
        "type": "BinaryOperator"
      },
      "location-before-char-start": 8643,
      "location-before-char-end": 8663,
      "location-after-char-start": 8681,
      "location-after-char-end": 8701,
      "node-str": "NE"
    },
    {
      "type": "insert-node",
      "node": {
        "label": "THEN",
        "type": "then"
      },
      "location-after-char-start": 8712,
      "location-after-char-end": 9056,
      "node-str": "THEN"
    },
    {
      "type": "insert-node",
      "node": {
        "label": "result",
        "type": "VariableRead"
      },
      "location-after-char-start": 9073,
      "location-after-char-end": 9078,
      "node-str": "result"
    },
    {
      "type": "insert-node",
      "node": {
        "label": "java.lang.StringBuffer",
        "type": "VARIABLE_TYPE"
      },
      "location-after-char-start": 0,
      "location-after-char-end": 0,
      "node-str": "java.lang.StringBuffer"
    },
    {
      "type": "insert-node",
      "node": {
        "label": "java.lang.StringBuffer()",
        "type": "ConstructorCall"
      },
      "location-after-char-start": 12303,
      "location-after-char-end": 12320,
      "node-str": "java.lang.StringBuffer()"
    },
    {
      "type": "insert-node",
      "node": {
        "label": "output",
        "type": "VariableRead"
      },
      "location-after-char-start": 12373,
      "location-after-char-end": 12378,
      "node-str": "output"
    },
    {
      "type": "insert-node",
      "node": {
        "label": "\"://\"",
        "type": "Literal"
      },
      "location-after-char-start": 12387,
      "location-after-char-end": 12391,
      "node-str": "\"://\""
    },
    {
      "type": "insert-node",
      "node": {
        "label": "int",
        "type": "VARIABLE_TYPE"
      },
      "location-after-char-start": 0,
      "location-after-char-end": 0,
      "node-str": "int"
    },
    {
      "type": "insert-node",
      "node": {
        "label": "getServerPort",
        "type": "Invocation"
      },
      "location-after-char-start": 12454,
      "location-after-char-end": 12468,
      "node-str": "getServerPort"
    },
    {
      "type": "insert-node",
      "node": {
        "label": "AND",
        "type": "BinaryOperator"
      },
      "location-after-char-start": 12483,
      "location-after-char-end": 12623,
      "node-str": "AND"
    },
    {
      "type": "insert-node",
      "node": {
        "label": "THEN",
        "type": "then"
      },
      "location-after-char-start": 12634,
      "location-after-char-end": 12709,
      "node-str": "THEN"
    },
    {
      "type": "insert-node",
      "node": {
        "label": "toString",
        "type": "Invocation"
      },
      "location-after-char-start": 12903,
      "location-after-char-end": 12919,
      "node-str": "toString"
    },
    {
      "type": "insert-node",
      "node": {
        "label": "",
        "type": "Try"
      },
      "location-after-char-start": 8726,
      "location-after-char-end": 9046,
      "node-str": ""
    },
    {
      "type": "insert-node",
      "node": {
        "label": "org.tigris.scarab.util.EmailLink",
        "type": "TypeAccess"
      },
      "location-after-char-start": 0,
      "location-after-char-end": 0,
      "node-str": "org.tigris.scarab.util.EmailLink"
    },
    {
      "type": "insert-node",
      "node": {
        "label": "GE",
        "type": "BinaryOperator"
      },
      "location-after-char-start": 12483,
      "location-after-char-end": 12491,
      "node-str": "GE"
    },
    {
      "type": "insert-node",
      "node": {
        "label": "OR",
        "type": "BinaryOperator"
      },
      "location-after-char-start": 12508,
      "location-after-char-end": 12623,
      "node-str": "OR"
    },
    {
      "type": "insert-node",
      "node": {
        "label": "append",
        "type": "Invocation"
      },
      "location-after-char-start": 12648,
      "location-after-char-end": 12666,
      "node-str": "append"
    },
    {
      "type": "insert-node",
      "node": {
        "label": "append",
        "type": "Invocation"
      },
      "location-after-char-start": 12680,
      "location-after-char-end": 12699,
      "node-str": "append"
    },
    {
      "type": "insert-node",
      "node": {
        "label": "output",
        "type": "VariableRead"
      },
      "location-after-char-start": 12903,
      "location-after-char-end": 12908,
      "node-str": "output"
    },
    {
      "type": "insert-node",
      "node": {
        "label": "port",
        "type": "LocalVariable"
      },
      "location-after-char-start": 8760,
      "location-after-char-end": 8797,
      "node-str": "port"
    },
    {
      "type": "insert-node",
      "node": {
        "label": "if",
        "type": "If"
      },
      "location-after-char-start": 8815,
      "location-after-char-end": 8936,
      "node-str": "if"
    },
    {
      "type": "move-subtree",
      "node": {
        "label": "",
        "type": "Catch"
      },
      "location-before-char-start": 8771,
      "location-before-char-end": 8850,
      "location-after-char-start": 8951,
      "location-after-char-end": 9046,
      "node-str": ""
    },
    {
      "type": "insert-node",
      "node": {
        "label": "port",
        "type": "VariableRead"
      },
      "location-after-char-start": 12483,
      "location-after-char-end": 12486,
      "node-str": "port"
    },
    {
      "type": "insert-node",
      "node": {
        "label": "0",
        "type": "Literal"
      },
      "location-after-char-start": 12491,
      "location-after-char-end": 12491,
      "node-str": "0"
    },
    {
      "type": "insert-node",
      "node": {
        "label": "AND",
        "type": "BinaryOperator"
      },
      "location-after-char-start": 12509,
      "location-after-char-end": 12554,
      "node-str": "AND"
    },
    {
      "type": "insert-node",
      "node": {
        "label": "AND",
        "type": "BinaryOperator"
      },
      "location-after-char-start": 12575,
      "location-after-char-end": 12622,
      "node-str": "AND"
    },
    {
      "type": "insert-node",
      "node": {
        "label": "output",
        "type": "VariableRead"
      },
      "location-after-char-start": 12648,
      "location-after-char-end": 12653,
      "node-str": "output"
    },
    {
      "type": "insert-node",
      "node": {
        "label": "\u0027:\u0027",
        "type": "Literal"
      },
      "location-after-char-start": 12662,
      "location-after-char-end": 12664,
      "node-str": "\u0027:\u0027"
    },
    {
      "type": "insert-node",
      "node": {
        "label": "output",
        "type": "VariableRead"
      },
      "location-after-char-start": 12680,
      "location-after-char-end": 12685,
      "node-str": "output"
    },
    {
      "type": "insert-node",
      "node": {
        "label": "port",
        "type": "VariableRead"
      },
      "location-after-char-start": 12694,
      "location-after-char-end": 12697,
      "node-str": "port"
    },
    {
      "type": "insert-node",
      "node": {
        "label": "java.lang.String",
        "type": "VARIABLE_TYPE"
      },
      "location-after-char-start": 0,
      "location-after-char-end": 0,
      "node-str": "java.lang.String"
    },
    {
      "type": "insert-node",
      "node": {
        "label": "getPort",
        "type": "Invocation"
      },
      "location-after-char-start": 8774,
      "location-after-char-end": 8796,
      "node-str": "getPort"
    },
    {
      "type": "insert-node",
      "node": {
        "label": "isNotEmpty",
        "type": "Invocation"
      },
      "location-after-char-start": 8819,
      "location-after-char-end": 8846,
      "node-str": "isNotEmpty"
    },
    {
      "type": "insert-node",
      "node": {
        "label": "THEN",
        "type": "then"
      },
      "location-after-char-start": 8865,
      "location-after-char-end": 8936,
      "node-str": "THEN"
    },
    {
      "type": "insert-node",
      "node": {
        "label": "equals",
        "type": "Invocation"
      },
      "location-after-char-start": 12510,
      "location-after-char-end": 12539,
      "node-str": "equals"
    },
    {
      "type": "insert-node",
      "node": {
        "label": "NE",
        "type": "BinaryOperator"
      },
      "location-after-char-start": 12544,
      "location-after-char-end": 12553,
      "node-str": "NE"
    },
    {
      "type": "insert-node",
      "node": {
        "label": "equals",
        "type": "Invocation"
      },
      "location-after-char-start": 12576,
      "location-after-char-end": 12606,
      "node-str": "equals"
    },
    {
      "type": "insert-node",
      "node": {
        "label": "NE",
        "type": "BinaryOperator"
      },
      "location-after-char-start": 12611,
      "location-after-char-end": 12621,
      "node-str": "NE"
    },
    {
      "type": "insert-node",
      "node": {
        "label": "currentModule",
        "type": "FieldRead"
      },
      "location-after-char-start": 8774,
      "location-after-char-end": 8786,
      "node-str": "currentModule"
    },
    {
      "type": "insert-node",
      "node": {
        "label": "org.apache.commons.lang.StringUtils",
        "type": "TypeAccess"
      },
      "location-after-char-start": 8819,
      "location-after-char-end": 8829,
      "node-str": "org.apache.commons.lang.StringUtils"
    },
    {
      "type": "insert-node",
      "node": {
        "label": "port",
        "type": "VariableRead"
      },
      "location-after-char-start": 8842,
      "location-after-char-end": 8845,
      "node-str": "port"
    },
    {
      "type": "insert-node",
      "node": {
        "label": "\u003d",
        "type": "Assignment"
      },
      "location-after-char-start": 8887,
      "location-after-char-end": 8918,
      "node-str": "\u003d"
    },
    {
      "type": "insert-node",
      "node": {
        "label": "HTTP",
        "type": "FieldRead"
      },
      "location-after-char-start": 12510,
      "location-after-char-end": 12513,
      "node-str": "HTTP"
    },
    {
      "type": "insert-node",
      "node": {
        "label": "getServerScheme",
        "type": "Invocation"
      },
      "location-after-char-start": 12522,
      "location-after-char-end": 12538,
      "node-str": "getServerScheme"
    },
    {
      "type": "insert-node",
      "node": {
        "label": "port",
        "type": "VariableRead"
      },
      "location-after-char-start": 12544,
      "location-after-char-end": 12547,
      "node-str": "port"
    },
    {
      "type": "insert-node",
      "node": {
        "label": "80",
        "type": "Literal"
      },
      "location-after-char-start": 12552,
      "location-after-char-end": 12553,
      "node-str": "80"
    },
    {
      "type": "insert-node",
      "node": {
        "label": "HTTPS",
        "type": "FieldRead"
      },
      "location-after-char-start": 12576,
      "location-after-char-end": 12580,
      "node-str": "HTTPS"
    },
    {
      "type": "insert-node",
      "node": {
        "label": "getServerScheme",
        "type": "Invocation"
      },
      "location-after-char-start": 12589,
      "location-after-char-end": 12605,
      "node-str": "getServerScheme"
    },
    {
      "type": "insert-node",
      "node": {
        "label": "port",
        "type": "VariableRead"
      },
      "location-after-char-start": 12611,
      "location-after-char-end": 12614,
      "node-str": "port"
    },
    {
      "type": "insert-node",
      "node": {
        "label": "443",
        "type": "Literal"
      },
      "location-after-char-start": 12619,
      "location-after-char-end": 12621,
      "node-str": "443"
    },
    {
      "type": "insert-node",
      "node": {
        "label": "org.tigris.scarab.util.EmailLink",
        "type": "TypeAccess"
      },
      "location-after-char-start": 0,
      "location-after-char-end": 0,
      "node-str": "org.tigris.scarab.util.EmailLink"
    },
    {
      "type": "insert-node",
      "node": {
        "label": "result",
        "type": "VariableWrite"
      },
      "location-after-char-start": 8887,
      "location-after-char-end": 8892,
      "node-str": "result"
    },
    {
      "type": "insert-node",
      "node": {
        "label": "parseInt",
        "type": "Invocation"
      },
      "location-after-char-start": 8896,
      "location-after-char-end": 8917,
      "node-str": "parseInt"
    },
    {
      "type": "insert-node",
      "node": {
        "label": "org.tigris.scarab.util.EmailLink",
        "type": "TypeAccess"
      },
      "location-after-char-start": 0,
      "location-after-char-end": 0,
      "node-str": "org.tigris.scarab.util.EmailLink"
    },
    {
      "type": "insert-node",
      "node": {
        "label": "org.tigris.scarab.util.EmailLink",
        "type": "TypeAccess"
      },
      "location-after-char-start": 0,
      "location-after-char-end": 0,
      "node-str": "org.tigris.scarab.util.EmailLink"
    },
    {
      "type": "insert-node",
      "node": {
        "label": "java.lang.Integer",
        "type": "TypeAccess"
      },
      "location-after-char-start": 8896,
      "location-after-char-end": 8902,
      "node-str": "java.lang.Integer"
    },
    {
      "type": "insert-node",
      "node": {
        "label": "port",
        "type": "VariableRead"
      },
      "location-after-char-start": 8913,
      "location-after-char-end": 8916,
      "node-str": "port"
    },
    {
      "type": "delete-node",
      "node": {
        "label": "public",
        "type": "Modifier"
      },
      "location-before-char-start": 0,
      "location-before-char-end": 0,
      "node-str": "public"
    },
    {
      "type": "delete-node",
      "node": {
        "label": "java.lang.String",
        "type": "VARIABLE_TYPE"
      },
      "location-before-char-start": 0,
      "location-before-char-end": 0,
      "node-str": "java.lang.String"
    },
    {
      "type": "delete-node",
      "node": {
        "label": "label",
        "type": "Field"
      },
      "location-before-char-start": 2845,
      "location-before-char-end": 2865,
      "node-str": "label"
    },
    {
      "type": "delete-node",
      "node": {
        "label": "java.lang.String",
        "type": "VARIABLE_TYPE"
      },
      "location-before-char-start": 0,
      "location-before-char-end": 0,
      "node-str": "java.lang.String"
    },
    {
      "type": "delete-node",
      "node": {
        "label": "attributeText",
        "type": "Field"
      },
      "location-before-char-start": 2871,
      "location-before-char-end": 2899,
      "node-str": "attributeText"
    },
    {
      "type": "delete-node",
      "node": {
        "label": "java.lang.String",
        "type": "VARIABLE_TYPE"
      },
      "location-before-char-start": 0,
      "location-before-char-end": 0,
      "node-str": "java.lang.String"
    },
    {
      "type": "delete-node",
      "node": {
        "label": "alternateText",
        "type": "Field"
      },
      "location-before-char-start": 2905,
      "location-before-char-end": 2933,
      "node-str": "alternateText"
    },
    {
      "type": "delete-node",
      "node": {
        "label": "java.lang.Integer",
        "type": "VARIABLE_TYPE"
      },
      "location-before-char-start": 0,
      "location-before-char-end": 0,
      "node-str": "java.lang.Integer"
    },
    {
      "type": "delete-node",
      "node": {
        "label": "currentModuleId",
        "type": "Field"
      },
      "location-before-char-start": 2939,
      "location-before-char-end": 2970,
      "node-str": "currentModuleId"
    },
    {
      "type": "delete-node",
      "node": {
        "label": "java.lang.Module",
        "type": "VARIABLE_TYPE"
      },
      "location-before-char-start": 0,
      "location-before-char-end": 0,
      "node-str": "java.lang.Module"
    },
    {
      "type": "delete-node",
      "node": {
        "label": "currentModule",
        "type": "Field"
      },
      "location-before-char-start": 2976,
      "location-before-char-end": 3004,
      "node-str": "currentModule"
    },
    {
      "type": "delete-node",
      "node": {
        "label": "boolean",
        "type": "VARIABLE_TYPE"
      },
      "location-before-char-start": 0,
      "location-before-char-end": 0,
      "node-str": "boolean"
    },
    {
      "type": "delete-node",
      "node": {
        "label": "isOmitModule",
        "type": "Field"
      },
      "location-before-char-start": 3010,
      "location-before-char-end": 3038,
      "node-str": "isOmitModule"
    },
    {
      "type": "delete-node",
      "node": {
        "label": "boolean",
        "type": "VARIABLE_TYPE"
      },
      "location-before-char-start": 0,
      "location-before-char-end": 0,
      "node-str": "boolean"
    },
    {
      "type": "delete-node",
      "node": {
        "label": "isOmitIssueType",
        "type": "Field"
      },
      "location-before-char-start": 3044,
      "location-before-char-end": 3075,
      "node-str": "isOmitIssueType"
    },
    {
      "type": "delete-node",
      "node": {
        "label": "boolean",
        "type": "VARIABLE_TYPE"
      },
      "location-before-char-start": 0,
      "location-before-char-end": 0,
      "node-str": "boolean"
    },
    {
      "type": "delete-node",
      "node": {
        "label": "overrideSecurity",
        "type": "Field"
      },
      "location-before-char-start": 3081,
      "location-before-char-end": 3113,
      "node-str": "overrideSecurity"
    },
    {
      "type": "delete-node",
      "node": {
        "label": "boolean",
        "type": "VARIABLE_TYPE"
      },
      "location-before-char-start": 0,
      "location-before-char-end": 0,
      "node-str": "boolean"
    },
    {
      "type": "delete-node",
      "node": {
        "label": "false",
        "type": "Literal"
      },
      "location-before-char-start": 3147,
      "location-before-char-end": 3151,
      "node-str": "false"
    },
    {
      "type": "delete-node",
      "node": {
        "label": "disposed",
        "type": "Field"
      },
      "location-before-char-start": 3120,
      "location-before-char-end": 3152,
      "node-str": "disposed"
    },
    {
      "type": "delete-node",
      "node": {
        "label": "java.util.List",
        "type": "VARIABLE_TYPE"
      },
      "location-before-char-start": 0,
      "location-before-char-end": 0,
      "node-str": "java.util.List"
    },
    {
      "type": "delete-node",
      "node": {
        "label": "java.util.ArrayList()",
        "type": "ConstructorCall"
      },
      "location-before-char-start": 3247,
      "location-before-char-end": 3261,
      "node-str": "java.util.ArrayList()"
    },
    {
      "type": "delete-node",
      "node": {
        "label": "pathInfo",
        "type": "Field"
      },
      "location-before-char-start": 3159,
      "location-before-char-end": 3262,
      "node-str": "pathInfo"
    },
    {
      "type": "delete-node",
      "node": {
        "label": "int",
        "type": "RETURN_TYPE"
      },
      "location-before-char-start": 0,
      "location-before-char-end": 0,
      "node-str": "int"
    },
    {
      "type": "delete-node",
      "node": {
        "label": "public",
        "type": "Modifier"
      },
      "location-before-char-start": 0,
      "location-before-char-end": 0,
      "node-str": "public"
    },
    {
      "type": "delete-node",
      "node": {
        "label": "result",
        "type": "VariableWrite"
      },
      "location-before-char-start": 8696,
      "location-before-char-end": 8701,
      "node-str": "result"
    },
    {
      "type": "delete-node",
      "node": {
        "label": "java.lang.Integer",
        "type": "TypeAccess"
      },
      "location-before-char-start": 8705,
      "location-before-char-end": 8711,
      "node-str": "java.lang.Integer"
    },
    {
      "type": "delete-node",
      "node": {
        "label": "org.tigris.scarab.util.EmailLink",
        "type": "TypeAccess"
      },
      "location-before-char-start": 0,
      "location-before-char-end": 0,
      "node-str": "org.tigris.scarab.util.EmailLink"
    },
    {
      "type": "delete-node",
      "node": {
        "label": "currentModule",
        "type": "FieldRead"
      },
      "location-before-char-start": 8722,
      "location-before-char-end": 8734,
      "node-str": "currentModule"
    },
    {
      "type": "delete-node",
      "node": {
        "label": "getPort",
        "type": "Invocation"
      },
      "location-before-char-start": 8722,
      "location-before-char-end": 8744,
      "node-str": "getPort"
    },
    {
      "type": "delete-node",
      "node": {
        "label": "parseInt",
        "type": "Invocation"
      },
      "location-before-char-start": 8705,
      "location-before-char-end": 8745,
      "node-str": "parseInt"
    },
    {
      "type": "delete-node",
      "node": {
        "label": "\u003d",
        "type": "Assignment"
      },
      "location-before-char-start": 8696,
      "location-before-char-end": 8746,
      "node-str": "\u003d"
    },
    {
      "type": "delete-node",
      "node": {
        "label": "THEN",
        "type": "then"
      },
      "location-before-char-start": 8678,
      "location-before-char-end": 8760,
      "node-str": "THEN"
    },
    {
      "type": "delete-node",
      "node": {
        "label": "if",
        "type": "If"
      },
      "location-before-char-start": 8639,
      "location-before-char-end": 8760,
      "node-str": "if"
    },
    {
      "type": "delete-node",
      "node": {
        "label": "",
        "type": "Try"
      },
      "location-before-char-start": 8613,
      "location-before-char-end": 8850,
      "node-str": ""
    },
    {
      "type": "delete-node",
      "node": {
        "label": "result",
        "type": "VariableRead"
      },
      "location-before-char-start": 8867,
      "location-before-char-end": 8872,
      "node-str": "result"
    },
    {
      "type": "delete-node",
      "node": {
        "label": "return",
        "type": "Return"
      },
      "location-before-char-start": 8860,
      "location-before-char-end": 8873,
      "node-str": "return"
    },
    {
      "type": "delete-node",
      "node": {
        "label": "getServerPort",
        "type": "Method"
      },
      "location-before-char-start": 8449,
      "location-before-char-end": 8879,
      "node-str": "getServerPort"
    },
    {
      "type": "delete-node",
      "node": {
        "label": "java.lang.String",
        "type": "RETURN_TYPE"
      },
      "location-before-char-start": 0,
      "location-before-char-end": 0,
      "node-str": "java.lang.String"
    },
    {
      "type": "delete-node",
      "node": {
        "label": "public",
        "type": "Modifier"
      },
      "location-before-char-start": 0,
      "location-before-char-end": 0,
      "node-str": "public"
    },
    {
      "type": "delete-node",
      "node": {
        "label": "java.lang.StringBuffer",
        "type": "VARIABLE_TYPE"
      },
      "location-before-char-start": 0,
      "location-before-char-end": 0,
      "node-str": "java.lang.StringBuffer"
    },
    {
      "type": "delete-node",
      "node": {
        "label": "java.lang.StringBuffer()",
        "type": "ConstructorCall"
      },
      "location-before-char-start": 12097,
      "location-before-char-end": 12114,
      "node-str": "java.lang.StringBuffer()"
    },
    {
      "type": "delete-node",
      "node": {
        "label": "output",
        "type": "LocalVariable"
      },
      "location-before-char-start": 12075,
      "location-before-char-end": 12115,
      "node-str": "output"
    },
    {
      "type": "delete-node",
      "node": {
        "label": "output",
        "type": "VariableRead"
      },
      "location-before-char-start": 12167,
      "location-before-char-end": 12172,
      "node-str": "output"
    },
    {
      "type": "delete-node",
      "node": {
        "label": "\"://\"",
        "type": "Literal"
      },
      "location-before-char-start": 12181,
      "location-before-char-end": 12185,
      "node-str": "\"://\""
    },
    {
      "type": "delete-node",
      "node": {
        "label": "append",
        "type": "Invocation"
      },
      "location-before-char-start": 12167,
      "location-before-char-end": 12187,
      "node-str": "append"
    },
    {
      "type": "delete-node",
      "node": {
        "label": "org.tigris.scarab.util.EmailLink",
        "type": "TypeAccess"
      },
      "location-before-char-start": 0,
      "location-before-char-end": 0,
      "node-str": "org.tigris.scarab.util.EmailLink"
    },
    {
      "type": "delete-node",
      "node": {
        "label": "getServerScheme",
        "type": "Invocation"
      },
      "location-before-char-start": 12242,
      "location-before-char-end": 12258,
      "node-str": "getServerScheme"
    },
    {
      "type": "delete-node",
      "node": {
        "label": "HTTP",
        "type": "FieldRead"
      },
      "location-before-char-start": 12267,
      "location-before-char-end": 12270,
      "node-str": "HTTP"
    },
    {
      "type": "delete-node",
      "node": {
        "label": "equals",
        "type": "Invocation"
      },
      "location-before-char-start": 12242,
      "location-before-char-end": 12271,
      "node-str": "equals"
    },
    {
      "type": "delete-node",
      "node": {
        "label": "org.tigris.scarab.util.EmailLink",
        "type": "TypeAccess"
      },
      "location-before-char-start": 0,
      "location-before-char-end": 0,
      "node-str": "org.tigris.scarab.util.EmailLink"
    },
    {
      "type": "delete-node",
      "node": {
        "label": "getServerPort",
        "type": "Invocation"
      },
      "location-before-char-start": 12276,
      "location-before-char-end": 12290,
      "node-str": "getServerPort"
    },
    {
      "type": "delete-node",
      "node": {
        "label": "80",
        "type": "Literal"
      },
      "location-before-char-start": 12295,
      "location-before-char-end": 12296,
      "node-str": "80"
    },
    {
      "type": "delete-node",
      "node": {
        "label": "NE",
        "type": "BinaryOperator"
      },
      "location-before-char-start": 12276,
      "location-before-char-end": 12296,
      "node-str": "NE"
    },
    {
      "type": "delete-node",
      "node": {
        "label": "AND",
        "type": "BinaryOperator"
      },
      "location-before-char-start": 12241,
      "location-before-char-end": 12297,
      "node-str": "AND"
    },
    {
      "type": "delete-node",
      "node": {
        "label": "org.tigris.scarab.util.EmailLink",
        "type": "TypeAccess"
      },
      "location-before-char-start": 0,
      "location-before-char-end": 0,
      "node-str": "org.tigris.scarab.util.EmailLink"
    },
    {
      "type": "delete-node",
      "node": {
        "label": "getServerScheme",
        "type": "Invocation"
      },
      "location-before-char-start": 12315,
      "location-before-char-end": 12331,
      "node-str": "getServerScheme"
    },
    {
      "type": "delete-node",
      "node": {
        "label": "HTTPS",
        "type": "FieldRead"
      },
      "location-before-char-start": 12340,
      "location-before-char-end": 12344,
      "node-str": "HTTPS"
    },
    {
      "type": "delete-node",
      "node": {
        "label": "equals",
        "type": "Invocation"
      },
      "location-before-char-start": 12315,
      "location-before-char-end": 12345,
      "node-str": "equals"
    },
    {
      "type": "delete-node",
      "node": {
        "label": "org.tigris.scarab.util.EmailLink",
        "type": "TypeAccess"
      },
      "location-before-char-start": 0,
      "location-before-char-end": 0,
      "node-str": "org.tigris.scarab.util.EmailLink"
    },
    {
      "type": "delete-node",
      "node": {
        "label": "getServerPort",
        "type": "Invocation"
      },
      "location-before-char-start": 12350,
      "location-before-char-end": 12364,
      "node-str": "getServerPort"
    },
    {
      "type": "delete-node",
      "node": {
        "label": "443",
        "type": "Literal"
      },
      "location-before-char-start": 12369,
      "location-before-char-end": 12371,
      "node-str": "443"
    },
    {
      "type": "delete-node",
      "node": {
        "label": "NE",
        "type": "BinaryOperator"
      },
      "location-before-char-start": 12350,
      "location-before-char-end": 12371,
      "node-str": "NE"
    },
    {
      "type": "delete-node",
      "node": {
        "label": "AND",
        "type": "BinaryOperator"
      },
      "location-before-char-start": 12314,
      "location-before-char-end": 12372,
      "node-str": "AND"
    },
    {
      "type": "delete-node",
      "node": {
        "label": "OR",
        "type": "BinaryOperator"
      },
      "location-before-char-start": 12241,
      "location-before-char-end": 12372,
      "node-str": "OR"
    },
    {
      "type": "delete-node",
      "node": {
        "label": "output",
        "type": "VariableRead"
      },
      "location-before-char-start": 12397,
      "location-before-char-end": 12402,
      "node-str": "output"
    },
    {
      "type": "delete-node",
      "node": {
        "label": "\u0027:\u0027",
        "type": "Literal"
      },
      "location-before-char-start": 12411,
      "location-before-char-end": 12413,
      "node-str": "\u0027:\u0027"
    },
    {
      "type": "delete-node",
      "node": {
        "label": "append",
        "type": "Invocation"
      },
      "location-before-char-start": 12397,
      "location-before-char-end": 12415,
      "node-str": "append"
    },
    {
      "type": "delete-node",
      "node": {
        "label": "output",
        "type": "VariableRead"
      },
      "location-before-char-start": 12429,
      "location-before-char-end": 12434,
      "node-str": "output"
    },
    {
      "type": "delete-node",
      "node": {
        "label": "org.tigris.scarab.util.EmailLink",
        "type": "TypeAccess"
      },
      "location-before-char-start": 0,
      "location-before-char-end": 0,
      "node-str": "org.tigris.scarab.util.EmailLink"
    },
    {
      "type": "delete-node",
      "node": {
        "label": "getServerPort",
        "type": "Invocation"
      },
      "location-before-char-start": 12443,
      "location-before-char-end": 12457,
      "node-str": "getServerPort"
    },
    {
      "type": "delete-node",
      "node": {
        "label": "append",
        "type": "Invocation"
      },
      "location-before-char-start": 12429,
      "location-before-char-end": 12459,
      "node-str": "append"
    },
    {
      "type": "delete-node",
      "node": {
        "label": "THEN",
        "type": "then"
      },
      "location-before-char-start": 12383,
      "location-before-char-end": 12469,
      "node-str": "THEN"
    },
    {
      "type": "delete-node",
      "node": {
        "label": "if",
        "type": "If"
      },
      "location-before-char-start": 12237,
      "location-before-char-end": 12469,
      "node-str": "if"
    },
    {
      "type": "delete-node",
      "node": {
        "label": "output",
        "type": "VariableRead"
      },
      "location-before-char-start": 12663,
      "location-before-char-end": 12668,
      "node-str": "output"
    },
    {
      "type": "delete-node",
      "node": {
        "label": "toString",
        "type": "Invocation"
      },
      "location-before-char-start": 12663,
      "location-before-char-end": 12679,
      "node-str": "toString"
    },
    {
      "type": "delete-node",
      "node": {
        "label": "return",
        "type": "Return"
      },
      "location-before-char-start": 12656,
      "location-before-char-end": 12680,
      "node-str": "return"
    },
    {
      "type": "delete-node",
      "node": {
        "label": "toString",
        "type": "Method"
      },
      "location-before-char-start": 11508,
      "location-before-char-end": 12686,
      "node-str": "toString"
    }
  ],
  "before-file": {},
  "after-file": {},
  "mapping": {}
}