{
  "tool-info": {},
  "diff": [
    {
      "type": "insert-node",
      "node": {
        "label": "keys",
        "type": "LocalVariable"
      },
      "location-after-char-start": 30365,
      "location-after-char-end": 30398,
      "node-str": "keys"
    },
    {
      "type": "move-subtree",
      "node": {
        "label": "axis",
        "type": "LocalVariable"
      },
      "location-before-char-start": 30607,
      "location-before-char-end": 30642,
      "location-after-char-start": 30408,
      "location-after-char-end": 30443,
      "node-str": "axis"
    },
    {
      "type": "move-subtree",
      "node": {
        "label": "level",
        "type": "LocalVariable"
      },
      "location-before-char-start": 30675,
      "location-before-char-end": 30715,
      "location-after-char-start": 30472,
      "location-after-char-end": 30512,
      "node-str": "level"
    },
    {
      "type": "move-subtree",
      "node": {
        "label": "reportGroups",
        "type": "LocalVariable"
      },
      "location-before-char-start": 30729,
      "location-before-char-end": 30844,
      "location-after-char-start": 30522,
      "location-after-char-end": 30633,
      "node-str": "reportGroups"
    },
    {
      "type": "insert-node",
      "node": {
        "label": "",
        "type": "For"
      },
      "location-after-char-start": 30644,
      "location-after-char-end": 31487,
      "node-str": ""
    },
    {
      "type": "insert-node",
      "node": {
        "label": "setConfirmMessage",
        "type": "Invocation"
      },
      "location-after-char-start": 31497,
      "location-after-char-end": 31549,
      "node-str": "setConfirmMessage"
    },
    {
      "type": "insert-node",
      "node": {
        "label": "java.lang.Object[]",
        "type": "VARIABLE_TYPE"
      },
      "location-after-char-start": 0,
      "location-after-char-end": 0,
      "node-str": "java.lang.Object[]"
    },
    {
      "type": "update-node",
      "node": {
        "label": "getStrings",
        "type": "Invocation"
      },
      "location-before-char-start": 30389,
      "location-before-char-end": 30420,
      "location-after-char-start": 30382,
      "location-after-char-end": 30397,
      "node-str": "getKeys"
    },
    {
      "type": "move-subtree",
      "node": {
        "label": "getStrings",
        "type": "Invocation"
      },
      "location-before-char-start": 30389,
      "location-before-char-end": 30420,
      "location-after-char-start": 30382,
      "location-after-char-end": 30397,
      "node-str": "getKeys"
    },
    {
      "type": "insert-node",
      "node": {
        "label": "i",
        "type": "LocalVariable"
      },
      "location-after-char-start": 30649,
      "location-after-char-end": 30656,
      "node-str": "i"
    },
    {
      "type": "insert-node",
      "node": {
        "label": "LT",
        "type": "BinaryOperator"
      },
      "location-after-char-start": 30659,
      "location-after-char-end": 30673,
      "node-str": "LT"
    },
    {
      "type": "insert-node",
      "node": {
        "label": "POSTINC",
        "type": "UnaryOperator"
      },
      "location-after-char-start": 30676,
      "location-after-char-end": 30678,
      "node-str": "POSTINC"
    },
    {
      "type": "insert-node",
      "node": {
        "label": "key",
        "type": "LocalVariable"
      },
      "location-after-char-start": 30703,
      "location-after-char-end": 30734,
      "node-str": "key"
    },
    {
      "type": "insert-node",
      "node": {
        "label": "if",
        "type": "If"
      },
      "location-after-char-start": 30748,
      "location-after-char-end": 31477,
      "node-str": "if"
    },
    {
      "type": "move-subtree",
      "node": {
        "label": "scarabR",
        "type": "VariableRead"
      },
      "location-before-char-start": 31155,
      "location-before-char-end": 31161,
      "location-after-char-start": 31497,
      "location-after-char-end": 31503,
      "node-str": "scarabR"
    },
    {
      "type": "insert-node",
      "node": {
        "label": "get",
        "type": "Invocation"
      },
      "location-after-char-start": 31523,
      "location-after-char-end": 31547,
      "node-str": "get"
    },
    {
      "type": "move-subtree",
      "node": {
        "label": "int",
        "type": "VARIABLE_TYPE"
      },
      "location-before-char-start": 0,
      "location-before-char-end": 0,
      "location-after-char-start": 0,
      "location-after-char-end": 0,
      "node-str": "int"
    },
    {
      "type": "move-subtree",
      "node": {
        "label": "0",
        "type": "Literal"
      },
      "location-before-char-start": 30898,
      "location-before-char-end": 30898,
      "location-after-char-start": 30656,
      "location-after-char-end": 30656,
      "node-str": "0"
    },
    {
      "type": "insert-node",
      "node": {
        "label": "i",
        "type": "VariableRead"
      },
      "location-after-char-start": 30659,
      "location-after-char-end": 30659,
      "node-str": "i"
    },
    {
      "type": "insert-node",
      "node": {
        "label": "length",
        "type": "FieldRead"
      },
      "location-after-char-start": 30663,
      "location-after-char-end": 30673,
      "node-str": "length"
    },
    {
      "type": "insert-node",
      "node": {
        "label": "i",
        "type": "VariableWrite"
      },
      "location-after-char-start": 30676,
      "location-after-char-end": 30676,
      "node-str": "i"
    },
    {
      "type": "insert-node",
      "node": {
        "label": "java.lang.String",
        "type": "VARIABLE_TYPE"
      },
      "location-after-char-start": 0,
      "location-after-char-end": 0,
      "node-str": "java.lang.String"
    },
    {
      "type": "insert-node",
      "node": {
        "label": "toString",
        "type": "Invocation"
      },
      "location-after-char-start": 30716,
      "location-after-char-end": 30733,
      "node-str": "toString"
    },
    {
      "type": "insert-node",
      "node": {
        "label": "AND",
        "type": "BinaryOperator"
      },
      "location-after-char-start": 30752,
      "location-after-char-end": 30807,
      "node-str": "AND"
    },
    {
      "type": "insert-node",
      "node": {
        "label": "THEN",
        "type": "then"
      },
      "location-after-char-start": 30822,
      "location-after-char-end": 31477,
      "node-str": "THEN"
    },
    {
      "type": "move-subtree",
      "node": {
        "label": "l10n",
        "type": "VariableRead"
      },
      "location-before-char-start": 31181,
      "location-before-char-end": 31184,
      "location-after-char-start": 31523,
      "location-after-char-end": 31526,
      "node-str": "l10n"
    },
    {
      "type": "insert-node",
      "node": {
        "label": "\"GroupsChanged\"",
        "type": "Literal"
      },
      "location-after-char-start": 31532,
      "location-after-char-end": 31546,
      "node-str": "\"GroupsChanged\""
    },
    {
      "type": "insert-node",
      "node": {
        "label": "keys",
        "type": "VariableRead"
      },
      "location-after-char-start": 30663,
      "location-after-char-end": 30666,
      "node-str": "keys"
    },
    {
      "type": "insert-node",
      "node": {
        "label": "",
        "type": "ArrayRead"
      },
      "location-after-char-start": 30716,
      "location-after-char-end": 30722,
      "node-str": ""
    },
    {
      "type": "insert-node",
      "node": {
        "label": "startsWith",
        "type": "Invocation"
      },
      "location-after-char-start": 30752,
      "location-after-char-end": 30779,
      "node-str": "startsWith"
    },
    {
      "type": "insert-node",
      "node": {
        "label": "EQ",
        "type": "BinaryOperator"
      },
      "location-after-char-start": 30784,
      "location-after-char-end": 30807,
      "node-str": "EQ"
    },
    {
      "type": "insert-node",
      "node": {
        "label": "index",
        "type": "LocalVariable"
      },
      "location-after-char-start": 30840,
      "location-after-char-end": 30962,
      "node-str": "index"
    },
    {
      "type": "move-subtree",
      "node": {
        "label": "group",
        "type": "LocalVariable"
      },
      "location-before-char-start": 31000,
      "location-before-char-end": 31056,
      "location-after-char-start": 30980,
      "location-after-char-end": 31036,
      "node-str": "group"
    },
    {
      "type": "insert-node",
      "node": {
        "label": "name",
        "type": "LocalVariable"
      },
      "location-after-char-start": 31054,
      "location-after-char-end": 31070,
      "node-str": "name"
    },
    {
      "type": "insert-node",
      "node": {
        "label": "if",
        "type": "If"
      },
      "location-after-char-start": 31088,
      "location-after-char-end": 31214,
      "node-str": "if"
    },
    {
      "type": "insert-node",
      "node": {
        "label": "if",
        "type": "If"
      },
      "location-after-char-start": 31232,
      "location-after-char-end": 31463,
      "node-str": "if"
    },
    {
      "type": "insert-node",
      "node": {
        "label": "keys",
        "type": "VariableRead"
      },
      "location-after-char-start": 30716,
      "location-after-char-end": 30719,
      "node-str": "keys"
    },
    {
      "type": "insert-node",
      "node": {
        "label": "i",
        "type": "VariableRead"
      },
      "location-after-char-start": 30721,
      "location-after-char-end": 30721,
      "node-str": "i"
    },
    {
      "type": "insert-node",
      "node": {
        "label": "key",
        "type": "VariableRead"
      },
      "location-after-char-start": 30752,
      "location-after-char-end": 30754,
      "node-str": "key"
    },
    {
      "type": "move-subtree",
      "node": {
        "label": "\"groupname_\"",
        "type": "Literal"
      },
      "location-before-char-start": 31105,
      "location-before-char-end": 31116,
      "location-after-char-start": 30767,
      "location-after-char-end": 30778,
      "node-str": "\"groupname_\""
    },
    {
      "type": "insert-node",
      "node": {
        "label": "indexOf",
        "type": "Invocation"
      },
      "location-after-char-start": 30784,
      "location-after-char-end": 30801,
      "node-str": "indexOf"
    },
    {
      "type": "insert-node",
      "node": {
        "label": "NEG",
        "type": "UnaryOperator"
      },
      "location-after-char-start": 30806,
      "location-after-char-end": 30807,
      "node-str": "NEG"
    },
    {
      "type": "move-subtree",
      "node": {
        "label": "int",
        "type": "VARIABLE_TYPE"
      },
      "location-before-char-start": 0,
      "location-before-char-end": 0,
      "location-after-char-start": 0,
      "location-after-char-end": 0,
      "node-str": "int"
    },
    {
      "type": "insert-node",
      "node": {
        "label": "parseInt",
        "type": "Invocation"
      },
      "location-after-char-start": 30852,
      "location-after-char-end": 30961,
      "node-str": "parseInt"
    },
    {
      "type": "insert-node",
      "node": {
        "label": "java.lang.String",
        "type": "VARIABLE_TYPE"
      },
      "location-after-char-start": 0,
      "location-after-char-end": 0,
      "node-str": "java.lang.String"
    },
    {
      "type": "insert-node",
      "node": {
        "label": "\"\"",
        "type": "Literal"
      },
      "location-after-char-start": 31068,
      "location-after-char-end": 31069,
      "node-str": "\"\""
    },
    {
      "type": "insert-node",
      "node": {
        "label": "NE",
        "type": "BinaryOperator"
      },
      "location-after-char-start": 31092,
      "location-after-char-end": 31120,
      "node-str": "NE"
    },
    {
      "type": "insert-node",
      "node": {
        "label": "THEN",
        "type": "then"
      },
      "location-after-char-start": 31139,
      "location-after-char-end": 31214,
      "node-str": "THEN"
    },
    {
      "type": "insert-node",
      "node": {
        "label": "EQ",
        "type": "BinaryOperator"
      },
      "location-after-char-start": 31236,
      "location-after-char-end": 31253,
      "node-str": "EQ"
    },
    {
      "type": "insert-node",
      "node": {
        "label": "THEN",
        "type": "then"
      },
      "location-after-char-start": 31272,
      "location-after-char-end": 31365,
      "node-str": "THEN"
    },
    {
      "type": "insert-node",
      "node": {
        "label": "ELSE",
        "type": "else"
      },
      "location-after-char-start": 31404,
      "location-after-char-end": 31463,
      "node-str": "ELSE"
    },
    {
      "type": "insert-node",
      "node": {
        "label": "key",
        "type": "VariableRead"
      },
      "location-after-char-start": 30784,
      "location-after-char-end": 30786,
      "node-str": "key"
    },
    {
      "type": "insert-node",
      "node": {
        "label": "\"new\"",
        "type": "Literal"
      },
      "location-after-char-start": 30796,
      "location-after-char-end": 30800,
      "node-str": "\"new\""
    },
    {
      "type": "move-subtree",
      "node": {
        "label": "1",
        "type": "Literal"
      },
      "location-before-char-start": 30892,
      "location-before-char-end": 30892,
      "location-after-char-start": 30807,
      "location-after-char-end": 30807,
      "node-str": "1"
    },
    {
      "type": "move-subtree",
      "node": {
        "label": "java.lang.Integer",
        "type": "TypeAccess"
      },
      "location-before-char-start": 30949,
      "location-before-char-end": 30955,
      "location-after-char-start": 30852,
      "location-after-char-end": 30858,
      "node-str": "java.lang.Integer"
    },
    {
      "type": "insert-node",
      "node": {
        "label": "substring",
        "type": "Invocation"
      },
      "location-after-char-start": 30869,
      "location-after-char-end": 30960,
      "node-str": "substring"
    },
    {
      "type": "insert-node",
      "node": {
        "label": "getString",
        "type": "Invocation"
      },
      "location-after-char-start": 31092,
      "location-after-char-end": 31112,
      "node-str": "getString"
    },
    {
      "type": "move-subtree",
      "node": {
        "label": "null",
        "type": "Literal"
      },
      "location-before-char-start": 30451,
      "location-before-char-end": 30454,
      "location-after-char-start": 31117,
      "location-after-char-end": 31120,
      "node-str": "null"
    },
    {
      "type": "insert-node",
      "node": {
        "label": "\u003d",
        "type": "Assignment"
      },
      "location-after-char-start": 31161,
      "location-after-char-end": 31196,
      "node-str": "\u003d"
    },
    {
      "type": "insert-node",
      "node": {
        "label": "length",
        "type": "Invocation"
      },
      "location-after-char-start": 31236,
      "location-after-char-end": 31248,
      "node-str": "length"
    },
    {
      "type": "move-subtree",
      "node": {
        "label": "0",
        "type": "Literal"
      },
      "location-before-char-start": 30482,
      "location-before-char-end": 30482,
      "location-after-char-start": 31253,
      "location-after-char-end": 31253,
      "node-str": "0"
    },
    {
      "type": "insert-node",
      "node": {
        "label": "setAlertMessage",
        "type": "Invocation"
      },
      "location-after-char-start": 31294,
      "location-after-char-end": 31347,
      "node-str": "setAlertMessage"
    },
    {
      "type": "insert-node",
      "node": {
        "label": "setName",
        "type": "Invocation"
      },
      "location-after-char-start": 31426,
      "location-after-char-end": 31445,
      "node-str": "setName"
    },
    {
      "type": "insert-node",
      "node": {
        "label": "key",
        "type": "VariableRead"
      },
      "location-after-char-start": 30869,
      "location-after-char-end": 30871,
      "node-str": "key"
    },
    {
      "type": "insert-node",
      "node": {
        "label": "PLUS",
        "type": "BinaryOperator"
      },
      "location-after-char-start": 30883,
      "location-after-char-end": 30900,
      "node-str": "PLUS"
    },
    {
      "type": "insert-node",
      "node": {
        "label": "length",
        "type": "Invocation"
      },
      "location-after-char-start": 30948,
      "location-after-char-end": 30959,
      "node-str": "length"
    },
    {
      "type": "move-subtree",
      "node": {
        "label": "params",
        "type": "VariableRead"
      },
      "location-before-char-start": 31088,
      "location-before-char-end": 31093,
      "location-after-char-start": 31092,
      "location-after-char-end": 31097,
      "node-str": "params"
    },
    {
      "type": "insert-node",
      "node": {
        "label": "key",
        "type": "VariableRead"
      },
      "location-after-char-start": 31109,
      "location-after-char-end": 31111,
      "node-str": "key"
    },
    {
      "type": "insert-node",
      "node": {
        "label": "name",
        "type": "VariableWrite"
      },
      "location-after-char-start": 31161,
      "location-after-char-end": 31164,
      "node-str": "name"
    },
    {
      "type": "insert-node",
      "node": {
        "label": "trim",
        "type": "Invocation"
      },
      "location-after-char-start": 31168,
      "location-after-char-end": 31195,
      "node-str": "trim"
    },
    {
      "type": "insert-node",
      "node": {
        "label": "name",
        "type": "VariableRead"
      },
      "location-after-char-start": 31236,
      "location-after-char-end": 31239,
      "node-str": "name"
    },
    {
      "type": "move-subtree",
      "node": {
        "label": "scarabR",
        "type": "VariableRead"
      },
      "location-before-char-start": 30508,
      "location-before-char-end": 30514,
      "location-after-char-start": 31294,
      "location-after-char-end": 31300,
      "node-str": "scarabR"
    },
    {
      "type": "insert-node",
      "node": {
        "label": "get",
        "type": "Invocation"
      },
      "location-after-char-start": 31318,
      "location-after-char-end": 31345,
      "node-str": "get"
    },
    {
      "type": "move-subtree",
      "node": {
        "label": "group",
        "type": "VariableRead"
      },
      "location-before-char-start": 31074,
      "location-before-char-end": 31078,
      "location-after-char-start": 31426,
      "location-after-char-end": 31430,
      "node-str": "group"
    },
    {
      "type": "insert-node",
      "node": {
        "label": "name",
        "type": "VariableRead"
      },
      "location-after-char-start": 31440,
      "location-after-char-end": 31443,
      "node-str": "name"
    },
    {
      "type": "insert-node",
      "node": {
        "label": "indexOf",
        "type": "Invocation"
      },
      "location-after-char-start": 30883,
      "location-after-char-end": 30898,
      "node-str": "indexOf"
    },
    {
      "type": "insert-node",
      "node": {
        "label": "1",
        "type": "Literal"
      },
      "location-after-char-start": 30900,
      "location-after-char-end": 30900,
      "node-str": "1"
    },
    {
      "type": "insert-node",
      "node": {
        "label": "key",
        "type": "VariableRead"
      },
      "location-after-char-start": 30948,
      "location-after-char-end": 30950,
      "node-str": "key"
    },
    {
      "type": "insert-node",
      "node": {
        "label": "getString",
        "type": "Invocation"
      },
      "location-after-char-start": 31168,
      "location-after-char-end": 31188,
      "node-str": "getString"
    },
    {
      "type": "move-subtree",
      "node": {
        "label": "l10n",
        "type": "VariableRead"
      },
      "location-before-char-start": 30532,
      "location-before-char-end": 30535,
      "location-after-char-start": 31318,
      "location-after-char-end": 31321,
      "node-str": "l10n"
    },
    {
      "type": "insert-node",
      "node": {
        "label": "\"InvalidGroupName\"",
        "type": "Literal"
      },
      "location-after-char-start": 31327,
      "location-after-char-end": 31344,
      "node-str": "\"InvalidGroupName\""
    },
    {
      "type": "insert-node",
      "node": {
        "label": "key",
        "type": "VariableRead"
      },
      "location-after-char-start": 30883,
      "location-after-char-end": 30885,
      "node-str": "key"
    },
    {
      "type": "insert-node",
      "node": {
        "label": "\"_\"",
        "type": "Literal"
      },
      "location-after-char-start": 30895,
      "location-after-char-end": 30897,
      "node-str": "\"_\""
    },
    {
      "type": "insert-node",
      "node": {
        "label": "params",
        "type": "VariableRead"
      },
      "location-after-char-start": 31168,
      "location-after-char-end": 31173,
      "node-str": "params"
    },
    {
      "type": "insert-node",
      "node": {
        "label": "key",
        "type": "VariableRead"
      },
      "location-after-char-start": 31185,
      "location-after-char-end": 31187,
      "node-str": "key"
    },
    {
      "type": "delete-node",
      "node": {
        "label": "\"selectgroup\"",
        "type": "Literal"
      },
      "location-before-char-start": 30407,
      "location-before-char-end": 30419,
      "node-str": "\"selectgroup\""
    },
    {
      "type": "delete-node",
      "node": {
        "label": "java.lang.String[]",
        "type": "VARIABLE_TYPE"
      },
      "location-before-char-start": 0,
      "location-before-char-end": 0,
      "node-str": "java.lang.String[]"
    },
    {
      "type": "delete-node",
      "node": {
        "label": "groupIndices",
        "type": "LocalVariable"
      },
      "location-before-char-start": 30365,
      "location-before-char-end": 30421,
      "node-str": "groupIndices"
    },
    {
      "type": "delete-node",
      "node": {
        "label": "groupIndices",
        "type": "VariableRead"
      },
      "location-before-char-start": 30435,
      "location-before-char-end": 30446,
      "node-str": "groupIndices"
    },
    {
      "type": "delete-node",
      "node": {
        "label": "EQ",
        "type": "BinaryOperator"
      },
      "location-before-char-start": 30435,
      "location-before-char-end": 30454,
      "node-str": "EQ"
    },
    {
      "type": "delete-node",
      "node": {
        "label": "groupIndices",
        "type": "VariableRead"
      },
      "location-before-char-start": 30459,
      "location-before-char-end": 30470,
      "node-str": "groupIndices"
    },
    {
      "type": "delete-node",
      "node": {
        "label": "length",
        "type": "FieldRead"
      },
      "location-before-char-start": 30459,
      "location-before-char-end": 30477,
      "node-str": "length"
    },
    {
      "type": "delete-node",
      "node": {
        "label": "EQ",
        "type": "BinaryOperator"
      },
      "location-before-char-start": 30459,
      "location-before-char-end": 30482,
      "node-str": "EQ"
    },
    {
      "type": "delete-node",
      "node": {
        "label": "OR",
        "type": "BinaryOperator"
      },
      "location-before-char-start": 30435,
      "location-before-char-end": 30482,
      "node-str": "OR"
    },
    {
      "type": "delete-node",
      "node": {
        "label": "\"NoGroupSelected\"",
        "type": "Literal"
      },
      "location-before-char-start": 30541,
      "location-before-char-end": 30557,
      "node-str": "\"NoGroupSelected\""
    },
    {
      "type": "delete-node",
      "node": {
        "label": "get",
        "type": "Invocation"
      },
      "location-before-char-start": 30532,
      "location-before-char-end": 30558,
      "node-str": "get"
    },
    {
      "type": "delete-node",
      "node": {
        "label": "setAlertMessage",
        "type": "Invocation"
      },
      "location-before-char-start": 30508,
      "location-before-char-end": 30560,
      "node-str": "setAlertMessage"
    },
    {
      "type": "delete-node",
      "node": {
        "label": "THEN",
        "type": "then"
      },
      "location-before-char-start": 30494,
      "location-before-char-end": 30570,
      "node-str": "THEN"
    },
    {
      "type": "delete-node",
      "node": {
        "label": "groupIndices",
        "type": "VariableRead"
      },
      "location-before-char-start": 30872,
      "location-before-char-end": 30883,
      "node-str": "groupIndices"
    },
    {
      "type": "delete-node",
      "node": {
        "label": "length",
        "type": "FieldRead"
      },
      "location-before-char-start": 30872,
      "location-before-char-end": 30890,
      "node-str": "length"
    },
    {
      "type": "delete-node",
      "node": {
        "label": "MINUS",
        "type": "BinaryOperator"
      },
      "location-before-char-start": 30872,
      "location-before-char-end": 30892,
      "node-str": "MINUS"
    },
    {
      "type": "delete-node",
      "node": {
        "label": "j",
        "type": "LocalVariable"
      },
      "location-before-char-start": 30864,
      "location-before-char-end": 30892,
      "node-str": "j"
    },
    {
      "type": "delete-node",
      "node": {
        "label": "j",
        "type": "VariableRead"
      },
      "location-before-char-start": 30895,
      "location-before-char-end": 30895,
      "node-str": "j"
    },
    {
      "type": "delete-node",
      "node": {
        "label": "GE",
        "type": "BinaryOperator"
      },
      "location-before-char-start": 30895,
      "location-before-char-end": 30898,
      "node-str": "GE"
    },
    {
      "type": "delete-node",
      "node": {
        "label": "j",
        "type": "VariableWrite"
      },
      "location-before-char-start": 30901,
      "location-before-char-end": 30901,
      "node-str": "j"
    },
    {
      "type": "delete-node",
      "node": {
        "label": "POSTDEC",
        "type": "UnaryOperator"
      },
      "location-before-char-start": 30901,
      "location-before-char-end": 30903,
      "node-str": "POSTDEC"
    },
    {
      "type": "delete-node",
      "node": {
        "label": "groupIndices",
        "type": "VariableRead"
      },
      "location-before-char-start": 30966,
      "location-before-char-end": 30977,
      "node-str": "groupIndices"
    },
    {
      "type": "delete-node",
      "node": {
        "label": "j",
        "type": "VariableRead"
      },
      "location-before-char-start": 30979,
      "location-before-char-end": 30979,
      "node-str": "j"
    },
    {
      "type": "delete-node",
      "node": {
        "label": "",
        "type": "ArrayRead"
      },
      "location-before-char-start": 30966,
      "location-before-char-end": 30980,
      "node-str": ""
    },
    {
      "type": "delete-node",
      "node": {
        "label": "parseInt",
        "type": "Invocation"
      },
      "location-before-char-start": 30949,
      "location-before-char-end": 30981,
      "node-str": "parseInt"
    },
    {
      "type": "delete-node",
      "node": {
        "label": "index",
        "type": "LocalVariable"
      },
      "location-before-char-start": 30937,
      "location-before-char-end": 30982,
      "node-str": "index"
    },
    {
      "type": "delete-node",
      "node": {
        "label": "index",
        "type": "VariableRead"
      },
      "location-before-char-start": 31120,
      "location-before-char-end": 31124,
      "node-str": "index"
    },
    {
      "type": "delete-node",
      "node": {
        "label": "PLUS",
        "type": "BinaryOperator"
      },
      "location-before-char-start": 31105,
      "location-before-char-end": 31124,
      "node-str": "PLUS"
    },
    {
      "type": "delete-node",
      "node": {
        "label": "getString",
        "type": "Invocation"
      },
      "location-before-char-start": 31088,
      "location-before-char-end": 31125,
      "node-str": "getString"
    },
    {
      "type": "delete-node",
      "node": {
        "label": "setName",
        "type": "Invocation"
      },
      "location-before-char-start": 31074,
      "location-before-char-end": 31127,
      "node-str": "setName"
    },
    {
      "type": "delete-node",
      "node": {
        "label": "",
        "type": "For"
      },
      "location-before-char-start": 30859,
      "location-before-char-end": 31141,
      "node-str": ""
    },
    {
      "type": "delete-node",
      "node": {
        "label": "\"SelectedGroupChanged\"",
        "type": "Literal"
      },
      "location-before-char-start": 31190,
      "location-before-char-end": 31211,
      "node-str": "\"SelectedGroupChanged\""
    },
    {
      "type": "delete-node",
      "node": {
        "label": "get",
        "type": "Invocation"
      },
      "location-before-char-start": 31181,
      "location-before-char-end": 31212,
      "node-str": "get"
    },
    {
      "type": "delete-node",
      "node": {
        "label": "setConfirmMessage",
        "type": "Invocation"
      },
      "location-before-char-start": 31155,
      "location-before-char-end": 31214,
      "node-str": "setConfirmMessage"
    },
    {
      "type": "delete-node",
      "node": {
        "label": "ELSE",
        "type": "else"
      },
      "location-before-char-start": 30593,
      "location-before-char-end": 31224,
      "node-str": "ELSE"
    },
    {
      "type": "delete-node",
      "node": {
        "label": "if",
        "type": "If"
      },
      "location-before-char-start": 30431,
      "location-before-char-end": 31224,
      "node-str": "if"
    }
  ],
  "before-file": {},
  "after-file": {},
  "mapping": {}
}