{
  "tool-info": {},
  "diff": [
    {
      "type": "insert-node",
      "node": {
        "label": "stackSize",
        "type": "LocalVariable"
      },
      "location-after-char-start": 18273,
      "location-after-char-end": 18307,
      "node-str": "stackSize"
    },
    {
      "type": "insert-node",
      "node": {
        "label": "",
        "type": "Do"
      },
      "location-after-char-start": 18318,
      "location-after-char-end": 18553,
      "node-str": ""
    },
    {
      "type": "insert-node",
      "node": {
        "label": "int",
        "type": "VARIABLE_TYPE"
      },
      "location-after-char-start": 0,
      "location-after-char-end": 0,
      "node-str": "int"
    },
    {
      "type": "insert-node",
      "node": {
        "label": "final",
        "type": "Modifier"
      },
      "location-after-char-start": 0,
      "location-after-char-end": 0,
      "node-str": "final"
    },
    {
      "type": "move-subtree",
      "node": {
        "label": "size",
        "type": "Invocation"
      },
      "location-before-char-start": 17756,
      "location-before-char-end": 17767,
      "location-after-char-start": 18295,
      "location-after-char-end": 18306,
      "node-str": "size"
    },
    {
      "type": "insert-node",
      "node": {
        "label": "AND",
        "type": "BinaryOperator"
      },
      "location-after-char-start": 18514,
      "location-after-char-end": 18551,
      "node-str": "AND"
    },
    {
      "type": "insert-node",
      "node": {
        "label": "index",
        "type": "LocalVariable"
      },
      "location-after-char-start": 18344,
      "location-after-char-end": 18377,
      "node-str": "index"
    },
    {
      "type": "insert-node",
      "node": {
        "label": "if",
        "type": "If"
      },
      "location-after-char-start": 18391,
      "location-after-char-end": 18463,
      "node-str": "if"
    },
    {
      "type": "insert-node",
      "node": {
        "label": "POSTINC",
        "type": "UnaryOperator"
      },
      "location-after-char-start": 18477,
      "location-after-char-end": 18485,
      "node-str": "POSTINC"
    },
    {
      "type": "insert-node",
      "node": {
        "label": "EQ",
        "type": "BinaryOperator"
      },
      "location-after-char-start": 18514,
      "location-after-char-end": 18526,
      "node-str": "EQ"
    },
    {
      "type": "insert-node",
      "node": {
        "label": "LT",
        "type": "BinaryOperator"
      },
      "location-after-char-start": 18531,
      "location-after-char-end": 18551,
      "node-str": "LT"
    },
    {
      "type": "insert-node",
      "node": {
        "label": "int",
        "type": "VARIABLE_TYPE"
      },
      "location-after-char-start": 0,
      "location-after-char-end": 0,
      "node-str": "int"
    },
    {
      "type": "insert-node",
      "node": {
        "label": "MINUS",
        "type": "BinaryOperator"
      },
      "location-after-char-start": 18356,
      "location-after-char-end": 18376,
      "node-str": "MINUS"
    },
    {
      "type": "insert-node",
      "node": {
        "label": "GE",
        "type": "BinaryOperator"
      },
      "location-after-char-start": 18395,
      "location-after-char-end": 18404,
      "node-str": "GE"
    },
    {
      "type": "insert-node",
      "node": {
        "label": "THEN",
        "type": "then"
      },
      "location-after-char-start": 18423,
      "location-after-char-end": 18463,
      "node-str": "THEN"
    },
    {
      "type": "insert-node",
      "node": {
        "label": "depth",
        "type": "VariableWrite"
      },
      "location-after-char-start": 18477,
      "location-after-char-end": 18481,
      "node-str": "depth"
    },
    {
      "type": "insert-node",
      "node": {
        "label": "runAs",
        "type": "VariableRead"
      },
      "location-after-char-start": 18514,
      "location-after-char-end": 18518,
      "node-str": "runAs"
    },
    {
      "type": "insert-node",
      "node": {
        "label": "null",
        "type": "Literal"
      },
      "location-after-char-start": 18523,
      "location-after-char-end": 18526,
      "node-str": "null"
    },
    {
      "type": "insert-node",
      "node": {
        "label": "depth",
        "type": "VariableRead"
      },
      "location-after-char-start": 18531,
      "location-after-char-end": 18535,
      "node-str": "depth"
    },
    {
      "type": "insert-node",
      "node": {
        "label": "MINUS",
        "type": "BinaryOperator"
      },
      "location-after-char-start": 18539,
      "location-after-char-end": 18551,
      "node-str": "MINUS"
    },
    {
      "type": "insert-node",
      "node": {
        "label": "MINUS",
        "type": "BinaryOperator"
      },
      "location-after-char-start": 18356,
      "location-after-char-end": 18368,
      "node-str": "MINUS"
    },
    {
      "type": "insert-node",
      "node": {
        "label": "depth",
        "type": "VariableRead"
      },
      "location-after-char-start": 18372,
      "location-after-char-end": 18376,
      "node-str": "depth"
    },
    {
      "type": "insert-node",
      "node": {
        "label": "index",
        "type": "VariableRead"
      },
      "location-after-char-start": 18395,
      "location-after-char-end": 18399,
      "node-str": "index"
    },
    {
      "type": "insert-node",
      "node": {
        "label": "0",
        "type": "Literal"
      },
      "location-after-char-start": 18404,
      "location-after-char-end": 18404,
      "node-str": "0"
    },
    {
      "type": "insert-node",
      "node": {
        "label": "\u003d",
        "type": "Assignment"
      },
      "location-after-char-start": 18423,
      "location-after-char-end": 18463,
      "node-str": "\u003d"
    },
    {
      "type": "insert-node",
      "node": {
        "label": "stackSize",
        "type": "VariableRead"
      },
      "location-after-char-start": 18539,
      "location-after-char-end": 18547,
      "node-str": "stackSize"
    },
    {
      "type": "insert-node",
      "node": {
        "label": "1",
        "type": "Literal"
      },
      "location-after-char-start": 18551,
      "location-after-char-end": 18551,
      "node-str": "1"
    },
    {
      "type": "insert-node",
      "node": {
        "label": "stackSize",
        "type": "VariableRead"
      },
      "location-after-char-start": 18356,
      "location-after-char-end": 18364,
      "node-str": "stackSize"
    },
    {
      "type": "insert-node",
      "node": {
        "label": "1",
        "type": "Literal"
      },
      "location-after-char-start": 18368,
      "location-after-char-end": 18368,
      "node-str": "1"
    },
    {
      "type": "insert-node",
      "node": {
        "label": "runAs",
        "type": "VariableWrite"
      },
      "location-after-char-start": 18423,
      "location-after-char-end": 18427,
      "node-str": "runAs"
    },
    {
      "type": "insert-node",
      "node": {
        "label": "get",
        "type": "Invocation"
      },
      "location-after-char-start": 18431,
      "location-after-char-end": 18462,
      "node-str": "get"
    },
    {
      "type": "insert-node",
      "node": {
        "label": "stack",
        "type": "VariableRead"
      },
      "location-after-char-start": 18447,
      "location-after-char-end": 18451,
      "node-str": "stack"
    },
    {
      "type": "insert-node",
      "node": {
        "label": "index",
        "type": "VariableRead"
      },
      "location-after-char-start": 18457,
      "location-after-char-end": 18461,
      "node-str": "index"
    },
    {
      "type": "delete-node",
      "node": {
        "label": "int",
        "type": "VARIABLE_TYPE"
      },
      "location-before-char-start": 0,
      "location-before-char-end": 0,
      "node-str": "int"
    },
    {
      "type": "delete-node",
      "node": {
        "label": "1",
        "type": "Literal"
      },
      "location-before-char-start": 17771,
      "location-before-char-end": 17771,
      "node-str": "1"
    },
    {
      "type": "delete-node",
      "node": {
        "label": "MINUS",
        "type": "BinaryOperator"
      },
      "location-before-char-start": 17756,
      "location-before-char-end": 17771,
      "node-str": "MINUS"
    },
    {
      "type": "delete-node",
      "node": {
        "label": "depth",
        "type": "VariableRead"
      },
      "location-before-char-start": 17775,
      "location-before-char-end": 17779,
      "node-str": "depth"
    },
    {
      "type": "delete-node",
      "node": {
        "label": "MINUS",
        "type": "BinaryOperator"
      },
      "location-before-char-start": 17756,
      "location-before-char-end": 17779,
      "node-str": "MINUS"
    },
    {
      "type": "delete-node",
      "node": {
        "label": "lastIndex",
        "type": "LocalVariable"
      },
      "location-before-char-start": 17740,
      "location-before-char-end": 17780,
      "node-str": "lastIndex"
    },
    {
      "type": "delete-node",
      "node": {
        "label": "lastIndex",
        "type": "VariableRead"
      },
      "location-before-char-start": 17795,
      "location-before-char-end": 17803,
      "node-str": "lastIndex"
    },
    {
      "type": "delete-node",
      "node": {
        "label": "0",
        "type": "Literal"
      },
      "location-before-char-start": 17808,
      "location-before-char-end": 17808,
      "node-str": "0"
    },
    {
      "type": "delete-node",
      "node": {
        "label": "GE",
        "type": "BinaryOperator"
      },
      "location-before-char-start": 17795,
      "location-before-char-end": 17808,
      "node-str": "GE"
    },
    {
      "type": "delete-node",
      "node": {
        "label": "runAs",
        "type": "VariableWrite"
      },
      "location-before-char-start": 17824,
      "location-before-char-end": 17828,
      "node-str": "runAs"
    },
    {
      "type": "delete-node",
      "node": {
        "label": "stack",
        "type": "VariableRead"
      },
      "location-before-char-start": 17848,
      "location-before-char-end": 17852,
      "node-str": "stack"
    },
    {
      "type": "delete-node",
      "node": {
        "label": "lastIndex",
        "type": "VariableRead"
      },
      "location-before-char-start": 17858,
      "location-before-char-end": 17866,
      "node-str": "lastIndex"
    },
    {
      "type": "delete-node",
      "node": {
        "label": "get",
        "type": "Invocation"
      },
      "location-before-char-start": 17832,
      "location-before-char-end": 17867,
      "node-str": "get"
    },
    {
      "type": "delete-node",
      "node": {
        "label": "\u003d",
        "type": "Assignment"
      },
      "location-before-char-start": 17824,
      "location-before-char-end": 17868,
      "node-str": "\u003d"
    },
    {
      "type": "delete-node",
      "node": {
        "label": "THEN",
        "type": "then"
      },
      "location-before-char-start": 17824,
      "location-before-char-end": 17868,
      "node-str": "THEN"
    },
    {
      "type": "delete-node",
      "node": {
        "label": "if",
        "type": "If"
      },
      "location-before-char-start": 17791,
      "location-before-char-end": 17868,
      "node-str": "if"
    }
  ],
  "before-file": {},
  "after-file": {},
  "mapping": {}
}