{
  "tool-info": {},
  "diff": [
    {
      "type": "insert-node",
      "node": {
        "label": "sentFolder",
        "type": "LocalVariable"
      },
      "location-after-char-start": 5088,
      "location-after-char-end": 5240,
      "node-str": "sentFolder"
    },
    {
      "type": "move-subtree",
      "node": {
        "label": "org.columba.mail.folder.AbstractMessageFolder",
        "type": "VARIABLE_TYPE"
      },
      "location-before-char-start": 0,
      "location-before-char-end": 0,
      "location-after-char-start": 0,
      "location-after-char-end": 0,
      "node-str": "org.columba.mail.folder.AbstractMessageFolder"
    },
    {
      "type": "insert-node",
      "node": {
        "label": "getFolder",
        "type": "Invocation"
      },
      "location-after-char-start": 5123,
      "location-after-char-end": 5239,
      "node-str": "getFolder"
    },
    {
      "type": "insert-node",
      "node": {
        "label": "getInstance",
        "type": "Invocation"
      },
      "location-after-char-start": 5147,
      "location-after-char-end": 5175,
      "node-str": "getInstance"
    },
    {
      "type": "move-subtree",
      "node": {
        "label": "getInteger",
        "type": "Invocation"
      },
      "location-before-char-start": 5180,
      "location-before-char-end": 5226,
      "location-after-char-start": 5192,
      "location-after-char-end": 5238,
      "node-str": "getInteger"
    },
    {
      "type": "insert-node",
      "node": {
        "label": "org.columba.mail.gui.tree.FolderTreeModel",
        "type": "TypeAccess"
      },
      "location-after-char-start": 5147,
      "location-after-char-end": 5161,
      "node-str": "org.columba.mail.gui.tree.FolderTreeModel"
    },
    {
      "type": "delete-node",
      "node": {
        "label": "org.columba.mail.gui.tree.TreeModel",
        "type": "TypeAccess"
      },
      "location-before-char-start": 5141,
      "location-before-char-end": 5149,
      "node-str": "org.columba.mail.gui.tree.TreeModel"
    },
    {
      "type": "delete-node",
      "node": {
        "label": "getInstance",
        "type": "Invocation"
      },
      "location-before-char-start": 5141,
      "location-before-char-end": 5163,
      "node-str": "getInstance"
    },
    {
      "type": "delete-node",
      "node": {
        "label": "getFolder",
        "type": "Invocation"
      },
      "location-before-char-start": 5117,
      "location-before-char-end": 5227,
      "node-str": "getFolder"
    },
    {
      "type": "delete-node",
      "node": {
        "label": "sentFolder",
        "type": "LocalVariable"
      },
      "location-before-char-start": 5082,
      "location-before-char-end": 5228,
      "node-str": "sentFolder"
    }
  ],
  "before-file": {},
  "after-file": {},
  "mapping": {}
}