{
  "tool-info": {},
  "diff": [
    {
      "type": "insert-node",
      "node": {
        "label": "MultiPageEditorSite",
        "type": "Class"
      },
      "location-after-char-start": 2059,
      "location-after-char-end": 15873,
      "node-str": "MultiPageEditorSite"
    },
    {
      "type": "insert-node",
      "node": {
        "label": "public",
        "type": "Modifier"
      },
      "location-after-char-start": 0,
      "location-after-char-end": 0,
      "node-str": "public"
    },
    {
      "type": "move-subtree",
      "node": {
        "label": "editor",
        "type": "Field"
      },
      "location-before-char-start": 2419,
      "location-before-char-end": 2478,
      "location-after-char-start": 2528,
      "location-after-char-end": 2587,
      "node-str": "editor"
    },
    {
      "type": "move-subtree",
      "node": {
        "label": "menuExtenders",
        "type": "Field"
      },
      "location-before-char-start": 2482,
      "location-before-char-end": 2599,
      "location-after-char-start": 2591,
      "location-after-char-end": 2708,
      "node-str": "menuExtenders"
    },
    {
      "type": "move-subtree",
      "node": {
        "label": "multiPageEditor",
        "type": "Field"
      },
      "location-before-char-start": 2603,
      "location-before-char-end": 2683,
      "location-after-char-start": 2712,
      "location-after-char-end": 2792,
      "node-str": "multiPageEditor"
    },
    {
      "type": "move-subtree",
      "node": {
        "label": "postSelectionChangedListener",
        "type": "Field"
      },
      "location-before-char-start": 2687,
      "location-before-char-end": 2807,
      "location-after-char-start": 2796,
      "location-after-char-end": 2916,
      "node-str": "postSelectionChangedListener"
    },
    {
      "type": "move-subtree",
      "node": {
        "label": "selectionChangedListener",
        "type": "Field"
      },
      "location-before-char-start": 2811,
      "location-before-char-end": 2983,
      "location-after-char-start": 2920,
      "location-after-char-end": 3092,
      "node-str": "selectionChangedListener"
    },
    {
      "type": "move-subtree",
      "node": {
        "label": "selectionProvider",
        "type": "Field"
      },
      "location-before-char-start": 2987,
      "location-before-char-end": 3178,
      "location-after-char-start": 3096,
      "location-after-char-end": 3287,
      "node-str": "selectionProvider"
    },
    {
      "type": "move-subtree",
      "node": {
        "label": "service",
        "type": "Field"
      },
      "location-before-char-start": 3182,
      "location-before-char-end": 3391,
      "location-after-char-start": 3291,
      "location-after-char-end": 3500,
      "node-str": "service"
    },
    {
      "type": "move-subtree",
      "node": {
        "label": "serviceLocator",
        "type": "Field"
      },
      "location-before-char-start": 3395,
      "location-before-char-end": 3554,
      "location-after-char-start": 3504,
      "location-after-char-end": 3663,
      "node-str": "serviceLocator"
    },
    {
      "type": "move-subtree",
      "node": {
        "label": "\u003cinit\u003e",
        "type": "Constructor"
      },
      "location-before-char-start": 3558,
      "location-before-char-end": 4164,
      "location-after-char-start": 3667,
      "location-after-char-end": 4273,
      "node-str": "\u003cinit\u003e"
    },
    {
      "type": "insert-node",
      "node": {
        "label": "initializeDefaultServices",
        "type": "Method"
      },
      "location-after-char-start": 4277,
      "location-after-char-end": 5311,
      "node-str": "initializeDefaultServices"
    },
    {
      "type": "move-subtree",
      "node": {
        "label": "activate",
        "type": "Method"
      },
      "location-before-char-start": 4919,
      "location-before-char-end": 4980,
      "location-after-char-start": 5315,
      "location-after-char-end": 5376,
      "node-str": "activate"
    },
    {
      "type": "move-subtree",
      "node": {
        "label": "deactivate",
        "type": "Method"
      },
      "location-before-char-start": 4984,
      "location-before-char-end": 5049,
      "location-after-char-start": 5380,
      "location-after-char-end": 5445,
      "node-str": "deactivate"
    },
    {
      "type": "move-subtree",
      "node": {
        "label": "dispose",
        "type": "Method"
      },
      "location-before-char-start": 5053,
      "location-before-char-end": 5444,
      "location-after-char-start": 5449,
      "location-after-char-end": 5840,
      "node-str": "dispose"
    },
    {
      "type": "move-subtree",
      "node": {
        "label": "getActionBarContributor",
        "type": "Method"
      },
      "location-before-char-start": 5448,
      "location-before-char-end": 5770,
      "location-after-char-start": 5844,
      "location-after-char-end": 6166,
      "node-str": "getActionBarContributor"
    },
    {
      "type": "move-subtree",
      "node": {
        "label": "getActionBars",
        "type": "Method"
      },
      "location-before-char-start": 5774,
      "location-before-char-end": 6113,
      "location-after-char-start": 6170,
      "location-after-char-end": 6509,
      "node-str": "getActionBars"
    },
    {
      "type": "move-subtree",
      "node": {
        "label": "getAdapter",
        "type": "Method"
      },
      "location-before-char-start": 6117,
      "location-before-char-end": 6280,
      "location-after-char-start": 6513,
      "location-after-char-end": 6676,
      "node-str": "getAdapter"
    },
    {
      "type": "move-subtree",
      "node": {
        "label": "getDecoratorManager",
        "type": "Method"
      },
      "location-before-char-start": 6284,
      "location-before-char-end": 6724,
      "location-after-char-start": 6680,
      "location-after-char-end": 7120,
      "node-str": "getDecoratorManager"
    },
    {
      "type": "move-subtree",
      "node": {
        "label": "getEditor",
        "type": "Method"
      },
      "location-before-char-start": 6728,
      "location-before-char-end": 6855,
      "location-after-char-start": 7124,
      "location-after-char-end": 7251,
      "node-str": "getEditor"
    },
    {
      "type": "move-subtree",
      "node": {
        "label": "getId",
        "type": "Method"
      },
      "location-before-char-start": 6859,
      "location-before-char-end": 7148,
      "location-after-char-start": 7255,
      "location-after-char-end": 7544,
      "node-str": "getId"
    },
    {
      "type": "move-subtree",
      "node": {
        "label": "getKeyBindingService",
        "type": "Method"
      },
      "location-before-char-start": 7152,
      "location-before-char-end": 7357,
      "location-after-char-start": 7548,
      "location-after-char-end": 7753,
      "node-str": "getKeyBindingService"
    },
    {
      "type": "move-subtree",
      "node": {
        "label": "getMultiPageEditor",
        "type": "Method"
      },
      "location-before-char-start": 7361,
      "location-before-char-end": 7522,
      "location-after-char-start": 7757,
      "location-after-char-end": 7918,
      "node-str": "getMultiPageEditor"
    },
    {
      "type": "move-subtree",
      "node": {
        "label": "getPage",
        "type": "Method"
      },
      "location-before-char-start": 7526,
      "location-before-char-end": 7868,
      "location-after-char-start": 7922,
      "location-after-char-end": 8264,
      "node-str": "getPage"
    },
    {
      "type": "move-subtree",
      "node": {
        "label": "getPart",
        "type": "Method"
      },
      "location-before-char-start": 7872,
      "location-before-char-end": 8009,
      "location-after-char-start": 8268,
      "location-after-char-end": 8405,
      "node-str": "getPart"
    },
    {
      "type": "move-subtree",
      "node": {
        "label": "getPluginId",
        "type": "Method"
      },
      "location-before-char-start": 8013,
      "location-before-char-end": 8308,
      "location-after-char-start": 8409,
      "location-after-char-end": 8704,
      "node-str": "getPluginId"
    },
    {
      "type": "move-subtree",
      "node": {
        "label": "getPostSelectionChangedListener",
        "type": "Method"
      },
      "location-before-char-start": 8312,
      "location-before-char-end": 8851,
      "location-after-char-start": 8708,
      "location-after-char-end": 9247,
      "node-str": "getPostSelectionChangedListener"
    },
    {
      "type": "move-subtree",
      "node": {
        "label": "getRegisteredName",
        "type": "Method"
      },
      "location-before-char-start": 8855,
      "location-before-char-end": 9156,
      "location-after-char-start": 9251,
      "location-after-char-end": 9552,
      "node-str": "getRegisteredName"
    },
    {
      "type": "move-subtree",
      "node": {
        "label": "getSelectionChangedListener",
        "type": "Method"
      },
      "location-before-char-start": 9160,
      "location-before-char-end": 9717,
      "location-after-char-start": 9556,
      "location-after-char-end": 10113,
      "node-str": "getSelectionChangedListener"
    },
    {
      "type": "move-subtree",
      "node": {
        "label": "getSelectionProvider",
        "type": "Method"
      },
      "location-before-char-start": 9721,
      "location-before-char-end": 10044,
      "location-after-char-start": 10117,
      "location-after-char-end": 10440,
      "node-str": "getSelectionProvider"
    },
    {
      "type": "move-subtree",
      "node": {
        "label": "getService",
        "type": "Method"
      },
      "location-before-char-start": 10048,
      "location-before-char-end": 10141,
      "location-after-char-start": 10444,
      "location-after-char-end": 10537,
      "node-str": "getService"
    },
    {
      "type": "move-subtree",
      "node": {
        "label": "getShell",
        "type": "Method"
      },
      "location-before-char-start": 10145,
      "location-before-char-end": 10462,
      "location-after-char-start": 10541,
      "location-after-char-end": 10858,
      "node-str": "getShell"
    },
    {
      "type": "move-subtree",
      "node": {
        "label": "getWorkbenchWindow",
        "type": "Method"
      },
      "location-before-char-start": 10466,
      "location-before-char-end": 10836,
      "location-after-char-start": 10862,
      "location-after-char-end": 11232,
      "node-str": "getWorkbenchWindow"
    },
    {
      "type": "move-subtree",
      "node": {
        "label": "handlePostSelectionChanged",
        "type": "Method"
      },
      "location-before-char-start": 10840,
      "location-before-char-end": 11495,
      "location-after-char-start": 11236,
      "location-after-char-end": 11891,
      "node-str": "handlePostSelectionChanged"
    },
    {
      "type": "move-subtree",
      "node": {
        "label": "handleSelectionChanged",
        "type": "Method"
      },
      "location-before-char-start": 11499,
      "location-before-char-end": 12408,
      "location-after-char-start": 11895,
      "location-after-char-end": 12804,
      "node-str": "handleSelectionChanged"
    },
    {
      "type": "move-subtree",
      "node": {
        "label": "hasService",
        "type": "Method"
      },
      "location-before-char-start": 12412,
      "location-before-char-end": 12506,
      "location-after-char-start": 12808,
      "location-after-char-end": 12902,
      "node-str": "hasService"
    },
    {
      "type": "move-subtree",
      "node": {
        "label": "registerContextMenu",
        "type": "Method"
      },
      "location-before-char-start": 12510,
      "location-before-char-end": 12984,
      "location-after-char-start": 12906,
      "location-after-char-end": 13380,
      "node-str": "registerContextMenu"
    },
    {
      "type": "move-subtree",
      "node": {
        "label": "registerContextMenu",
        "type": "Method"
      },
      "location-before-char-start": 12988,
      "location-before-char-end": 13232,
      "location-after-char-start": 13384,
      "location-after-char-end": 13628,
      "node-str": "registerContextMenu"
    },
    {
      "type": "move-subtree",
      "node": {
        "label": "registerContextMenu",
        "type": "Method"
      },
      "location-before-char-start": 13236,
      "location-before-char-end": 13862,
      "location-after-char-start": 13632,
      "location-after-char-end": 14258,
      "node-str": "registerContextMenu"
    },
    {
      "type": "move-subtree",
      "node": {
        "label": "registerContextMenu",
        "type": "Method"
      },
      "location-before-char-start": 13866,
      "location-before-char-end": 14237,
      "location-after-char-start": 14262,
      "location-after-char-end": 14633,
      "node-str": "registerContextMenu"
    },
    {
      "type": "move-subtree",
      "node": {
        "label": "setSelectionProvider",
        "type": "Method"
      },
      "location-before-char-start": 14241,
      "location-before-char-end": 15475,
      "location-after-char-start": 14637,
      "location-after-char-end": 15871,
      "node-str": "setSelectionProvider"
    },
    {
      "type": "insert-node",
      "node": {
        "label": "void",
        "type": "RETURN_TYPE"
      },
      "location-after-char-start": 0,
      "location-after-char-end": 0,
      "node-str": "void"
    },
    {
      "type": "move-subtree",
      "node": {
        "label": "defaultExpression",
        "type": "LocalVariable"
      },
      "location-before-char-start": 4272,
      "location-before-char-end": 4355,
      "location-after-char-start": 4381,
      "location-after-char-end": 4464,
      "node-str": "defaultExpression"
    },
    {
      "type": "move-subtree",
      "node": {
        "label": "parentService",
        "type": "LocalVariable"
      },
      "location-before-char-start": 4360,
      "location-before-char-end": 4469,
      "location-after-char-start": 4469,
      "location-after-char-end": 4578,
      "node-str": "parentService"
    },
    {
      "type": "move-subtree",
      "node": {
        "label": "slave",
        "type": "LocalVariable"
      },
      "location-before-char-start": 4473,
      "location-before-char-end": 4567,
      "location-after-char-start": 4582,
      "location-after-char-end": 4676,
      "node-str": "slave"
    },
    {
      "type": "move-subtree",
      "node": {
        "label": "registerService",
        "type": "Invocation"
      },
      "location-before-char-start": 4571,
      "location-before-char-end": 4631,
      "location-after-char-start": 4680,
      "location-after-char-end": 4740,
      "node-str": "registerService"
    },
    {
      "type": "move-subtree",
      "node": {
        "label": "parentContext",
        "type": "LocalVariable"
      },
      "location-before-char-start": 4636,
      "location-before-char-end": 4745,
      "location-after-char-start": 4745,
      "location-after-char-end": 4854,
      "node-str": "parentContext"
    },
    {
      "type": "move-subtree",
      "node": {
        "label": "context",
        "type": "LocalVariable"
      },
      "location-before-char-start": 4749,
      "location-before-char-end": 4846,
      "location-after-char-start": 4858,
      "location-after-char-end": 4955,
      "node-str": "context"
    },
    {
      "type": "move-subtree",
      "node": {
        "label": "registerService",
        "type": "Invocation"
      },
      "location-before-char-start": 4850,
      "location-before-char-end": 4912,
      "location-after-char-start": 4959,
      "location-after-char-end": 5021,
      "node-str": "registerService"
    },
    {
      "type": "insert-node",
      "node": {
        "label": "parentCommandService",
        "type": "LocalVariable"
      },
      "location-after-char-start": 5026,
      "location-after-char-end": 5142,
      "node-str": "parentCommandService"
    },
    {
      "type": "insert-node",
      "node": {
        "label": "commandService",
        "type": "LocalVariable"
      },
      "location-after-char-start": 5146,
      "location-after-char-end": 5235,
      "node-str": "commandService"
    },
    {
      "type": "insert-node",
      "node": {
        "label": "registerService",
        "type": "Invocation"
      },
      "location-after-char-start": 5239,
      "location-after-char-end": 5308,
      "node-str": "registerService"
    },
    {
      "type": "insert-node",
      "node": {
        "label": "org.eclipse.ui.commands.ICommandService",
        "type": "VARIABLE_TYPE"
      },
      "location-after-char-start": 0,
      "location-after-char-end": 0,
      "node-str": "org.eclipse.ui.commands.ICommandService"
    },
    {
      "type": "insert-node",
      "node": {
        "label": "final",
        "type": "Modifier"
      },
      "location-after-char-start": 0,
      "location-after-char-end": 0,
      "node-str": "final"
    },
    {
      "type": "insert-node",
      "node": {
        "label": "getService",
        "type": "Invocation"
      },
      "location-after-char-start": 5071,
      "location-after-char-end": 5141,
      "node-str": "getService"
    },
    {
      "type": "insert-node",
      "node": {
        "label": "org.eclipse.ui.commands.ICommandService",
        "type": "VARIABLE_TYPE"
      },
      "location-after-char-start": 0,
      "location-after-char-end": 0,
      "node-str": "org.eclipse.ui.commands.ICommandService"
    },
    {
      "type": "insert-node",
      "node": {
        "label": "final",
        "type": "Modifier"
      },
      "location-after-char-start": 0,
      "location-after-char-end": 0,
      "node-str": "final"
    },
    {
      "type": "insert-node",
      "node": {
        "label": "java.lang.Object()",
        "type": "ConstructorCall"
      },
      "location-after-char-start": 5185,
      "location-after-char-end": 5234,
      "node-str": "java.lang.Object()"
    },
    {
      "type": "insert-node",
      "node": {
        "label": "serviceLocator",
        "type": "FieldRead"
      },
      "location-after-char-start": 5239,
      "location-after-char-end": 5252,
      "node-str": "serviceLocator"
    },
    {
      "type": "insert-node",
      "node": {
        "label": "class",
        "type": "FieldRead"
      },
      "location-after-char-start": 5270,
      "location-after-char-end": 5290,
      "node-str": "class"
    },
    {
      "type": "insert-node",
      "node": {
        "label": "commandService",
        "type": "VariableRead"
      },
      "location-after-char-start": 5293,
      "location-after-char-end": 5306,
      "node-str": "commandService"
    },
    {
      "type": "insert-node",
      "node": {
        "label": "serviceLocator",
        "type": "FieldRead"
      },
      "location-after-char-start": 5089,
      "location-after-char-end": 5102,
      "node-str": "serviceLocator"
    },
    {
      "type": "insert-node",
      "node": {
        "label": "class",
        "type": "FieldRead"
      },
      "location-after-char-start": 5120,
      "location-after-char-end": 5140,
      "node-str": "class"
    },
    {
      "type": "insert-node",
      "node": {
        "label": "parentCommandService",
        "type": "VariableRead"
      },
      "location-after-char-start": 5214,
      "location-after-char-end": 5233,
      "node-str": "parentCommandService"
    },
    {
      "type": "insert-node",
      "node": {
        "label": "org.eclipse.ui.part.MultiPageEditorSite",
        "type": "TypeAccess"
      },
      "location-after-char-start": 0,
      "location-after-char-end": 0,
      "node-str": "org.eclipse.ui.part.MultiPageEditorSite"
    },
    {
      "type": "insert-node",
      "node": {
        "label": "org.eclipse.ui.commands.ICommandService",
        "type": "TypeAccess"
      },
      "location-after-char-start": 0,
      "location-after-char-end": 0,
      "node-str": "org.eclipse.ui.commands.ICommandService"
    },
    {
      "type": "insert-node",
      "node": {
        "label": "org.eclipse.ui.part.MultiPageEditorSite",
        "type": "TypeAccess"
      },
      "location-after-char-start": 0,
      "location-after-char-end": 0,
      "node-str": "org.eclipse.ui.part.MultiPageEditorSite"
    },
    {
      "type": "insert-node",
      "node": {
        "label": "org.eclipse.ui.commands.ICommandService",
        "type": "TypeAccess"
      },
      "location-after-char-start": 0,
      "location-after-char-end": 0,
      "node-str": "org.eclipse.ui.commands.ICommandService"
    },
    {
      "type": "delete-node",
      "node": {
        "label": "public",
        "type": "Modifier"
      },
      "location-before-char-start": 0,
      "location-before-char-end": 0,
      "node-str": "public"
    },
    {
      "type": "delete-node",
      "node": {
        "label": "void",
        "type": "RETURN_TYPE"
      },
      "location-before-char-start": 0,
      "location-before-char-end": 0,
      "node-str": "void"
    },
    {
      "type": "delete-node",
      "node": {
        "label": "initializeDefaultServices",
        "type": "Method"
      },
      "location-before-char-start": 4168,
      "location-before-char-end": 4915,
      "node-str": "initializeDefaultServices"
    },
    {
      "type": "delete-node",
      "node": {
        "label": "MultiPageEditorSite",
        "type": "Class"
      },
      "location-before-char-start": 1950,
      "location-before-char-end": 15477,
      "node-str": "MultiPageEditorSite"
    }
  ],
  "before-file": {},
  "after-file": {},
  "mapping": {}
}