{
  "tool-info": {},
  "diff": [
    {
      "type": "delete-node",
      "node": {
        "label": "Copyright (c) 2004 Red Hat, Inc. All rights reserved.",
        "type": "TextElement"
      },
      "location-before-char-start": 7,
      "location-before-char-end": 60,
      "node-str": "Copyright (c) 2004 Red Hat, Inc. All rights reserved."
    },
    {
      "type": "delete-node",
      "node": {
        "label": "This library is free software; you can redistribute it and/or",
        "type": "TextElement"
      },
      "location-before-char-start": 67,
      "location-before-char-end": 128,
      "node-str": "This library is free software; you can redistribute it and/or"
    },
    {
      "type": "delete-node",
      "node": {
        "label": "modify it under the terms of the GNU Lesser General Public",
        "type": "TextElement"
      },
      "location-before-char-start": 132,
      "location-before-char-end": 190,
      "node-str": "modify it under the terms of the GNU Lesser General Public"
    },
    {
      "type": "delete-node",
      "node": {
        "label": "License as published by the Free Software Foundation; either",
        "type": "TextElement"
      },
      "location-before-char-start": 194,
      "location-before-char-end": 254,
      "node-str": "License as published by the Free Software Foundation; either"
    },
    {
      "type": "delete-node",
      "node": {
        "label": "version 2.1 of the License, or any later version.",
        "type": "TextElement"
      },
      "location-before-char-start": 258,
      "location-before-char-end": 307,
      "node-str": "version 2.1 of the License, or any later version."
    },
    {
      "type": "delete-node",
      "node": {
        "label": "This library is distributed in the hope that it will be useful,",
        "type": "TextElement"
      },
      "location-before-char-start": 314,
      "location-before-char-end": 377,
      "node-str": "This library is distributed in the hope that it will be useful,"
    },
    {
      "type": "delete-node",
      "node": {
        "label": "but WITHOUT ANY WARRANTY; without even the implied warranty of",
        "type": "TextElement"
      },
      "location-before-char-start": 381,
      "location-before-char-end": 443,
      "node-str": "but WITHOUT ANY WARRANTY; without even the implied warranty of"
    },
    {
      "type": "delete-node",
      "node": {
        "label": "MERCHANTABILITY or FITNESS FOR A PARTICULAR PURPOSE.  See the GNU",
        "type": "TextElement"
      },
      "location-before-char-start": 447,
      "location-before-char-end": 512,
      "node-str": "MERCHANTABILITY or FITNESS FOR A PARTICULAR PURPOSE.  See the GNU"
    },
    {
      "type": "delete-node",
      "node": {
        "label": "Lesser General Public License for more details.",
        "type": "TextElement"
      },
      "location-before-char-start": 516,
      "location-before-char-end": 563,
      "node-str": "Lesser General Public License for more details."
    },
    {
      "type": "delete-node",
      "node": {
        "label": "You should have received a copy of the GNU Lesser General Public",
        "type": "TextElement"
      },
      "location-before-char-start": 570,
      "location-before-char-end": 634,
      "node-str": "You should have received a copy of the GNU Lesser General Public"
    },
    {
      "type": "delete-node",
      "node": {
        "label": "License along with this library; if not, write to the Free Software",
        "type": "TextElement"
      },
      "location-before-char-start": 638,
      "location-before-char-end": 705,
      "node-str": "License along with this library; if not, write to the Free Software"
    },
    {
      "type": "delete-node",
      "node": {
        "label": "Foundation, Inc., 59 Temple Place, Suite 330, Boston, MA  02111-1307",
        "type": "TextElement"
      },
      "location-before-char-start": 709,
      "location-before-char-end": 777,
      "node-str": "Foundation, Inc., 59 Temple Place, Suite 330, Boston, MA  02111-1307"
    },
    {
      "type": "delete-node",
      "node": {
        "label": "USA",
        "type": "TextElement"
      },
      "location-before-char-start": 781,
      "location-before-char-end": 784,
      "node-str": "USA"
    },
    {
      "type": "delete-node",
      "node": {
        "label": "Component of: Red Hat Application Server",
        "type": "TextElement"
      },
      "location-before-char-start": 791,
      "location-before-char-end": 831,
      "node-str": "Component of: Red Hat Application Server"
    },
    {
      "type": "delete-node",
      "node": {
        "label": "Initial Developers: Rafael H. Schloming",
        "type": "TextElement"
      },
      "location-before-char-start": 838,
      "location-before-char-end": 877,
      "node-str": "Initial Developers: Rafael H. Schloming"
    },
    {
      "type": "delete-node",
      "node": {
        "label": "",
        "type": "TagElement"
      },
      "location-before-char-start": 7,
      "location-before-char-end": 877,
      "node-str": ""
    },
    {
      "type": "delete-node",
      "node": {
        "label": "",
        "type": "Javadoc"
      },
      "location-before-char-start": 0,
      "location-before-char-end": 881,
      "node-str": ""
    },
    {
      "type": "delete-node",
      "node": {
        "label": "org.objectweb.carol.irmi.test",
        "type": "QualifiedName"
      },
      "location-before-char-start": 890,
      "location-before-char-end": 919,
      "node-str": "org.objectweb.carol.irmi.test"
    },
    {
      "type": "delete-node",
      "node": {
        "label": "",
        "type": "PackageDeclaration"
      },
      "location-before-char-start": 0,
      "location-before-char-end": 920,
      "node-str": ""
    },
    {
      "type": "delete-node",
      "node": {
        "label": "java.rmi.Remote",
        "type": "QualifiedName"
      },
      "location-before-char-start": 929,
      "location-before-char-end": 944,
      "node-str": "java.rmi.Remote"
    },
    {
      "type": "delete-node",
      "node": {
        "label": "",
        "type": "ImportDeclaration"
      },
      "location-before-char-start": 922,
      "location-before-char-end": 945,
      "node-str": ""
    },
    {
      "type": "delete-node",
      "node": {
        "label": "java.rmi.RemoteException",
        "type": "QualifiedName"
      },
      "location-before-char-start": 953,
      "location-before-char-end": 977,
      "node-str": "java.rmi.RemoteException"
    },
    {
      "type": "delete-node",
      "node": {
        "label": "",
        "type": "ImportDeclaration"
      },
      "location-before-char-start": 946,
      "location-before-char-end": 978,
      "node-str": ""
    },
    {
      "type": "delete-node",
      "node": {
        "label": "Remover",
        "type": "TextElement"
      },
      "location-before-char-start": 987,
      "location-before-char-end": 994,
      "node-str": "Remover"
    },
    {
      "type": "delete-node",
      "node": {
        "label": "",
        "type": "TagElement"
      },
      "location-before-char-start": 987,
      "location-before-char-end": 994,
      "node-str": ""
    },
    {
      "type": "delete-node",
      "node": {
        "label": " Rafael H. Schloming \u0026lt;rhs@mit.edu\u0026gt;",
        "type": "TextElement"
      },
      "location-before-char-start": 1008,
      "location-before-char-end": 1048,
      "node-str": " Rafael H. Schloming \u0026lt;rhs@mit.edu\u0026gt;"
    },
    {
      "type": "delete-node",
      "node": {
        "label": "",
        "type": "TagElement"
      },
      "location-before-char-start": 1001,
      "location-before-char-end": 1048,
      "node-str": ""
    },
    {
      "type": "delete-node",
      "node": {
        "label": "",
        "type": "Javadoc"
      },
      "location-before-char-start": 980,
      "location-before-char-end": 1053,
      "node-str": ""
    },
    {
      "type": "delete-node",
      "node": {
        "label": "public",
        "type": "Modifier"
      },
      "location-before-char-start": 1055,
      "location-before-char-end": 1061,
      "node-str": "public"
    },
    {
      "type": "delete-node",
      "node": {
        "label": "interface",
        "type": "TYPE_DECLARATION_KIND"
      },
      "location-before-char-start": 1062,
      "location-before-char-end": 1071,
      "node-str": "interface"
    },
    {
      "type": "delete-node",
      "node": {
        "label": "Remover",
        "type": "SimpleName"
      },
      "location-before-char-start": 1072,
      "location-before-char-end": 1079,
      "node-str": "Remover"
    },
    {
      "type": "delete-node",
      "node": {
        "label": "Remote",
        "type": "SimpleName"
      },
      "location-before-char-start": 1088,
      "location-before-char-end": 1094,
      "node-str": "Remote"
    },
    {
      "type": "delete-node",
      "node": {
        "label": "",
        "type": "SimpleType"
      },
      "location-before-char-start": 1088,
      "location-before-char-end": 1094,
      "node-str": ""
    },
    {
      "type": "delete-node",
      "node": {
        "label": "public",
        "type": "Modifier"
      },
      "location-before-char-start": 1102,
      "location-before-char-end": 1108,
      "node-str": "public"
    },
    {
      "type": "delete-node",
      "node": {
        "label": "void",
        "type": "PrimitiveType"
      },
      "location-before-char-start": 1109,
      "location-before-char-end": 1113,
      "node-str": "void"
    },
    {
      "type": "delete-node",
      "node": {
        "label": "remove",
        "type": "SimpleName"
      },
      "location-before-char-start": 1114,
      "location-before-char-end": 1120,
      "node-str": "remove"
    },
    {
      "type": "delete-node",
      "node": {
        "label": "RemoteException",
        "type": "SimpleName"
      },
      "location-before-char-start": 1130,
      "location-before-char-end": 1145,
      "node-str": "RemoteException"
    },
    {
      "type": "delete-node",
      "node": {
        "label": "",
        "type": "SimpleType"
      },
      "location-before-char-start": 1130,
      "location-before-char-end": 1145,
      "node-str": ""
    },
    {
      "type": "delete-node",
      "node": {
        "label": "",
        "type": "MethodDeclaration"
      },
      "location-before-char-start": 1102,
      "location-before-char-end": 1146,
      "node-str": ""
    },
    {
      "type": "delete-node",
      "node": {
        "label": "",
        "type": "TypeDeclaration"
      },
      "location-before-char-start": 980,
      "location-before-char-end": 1149,
      "node-str": ""
    }
  ],
  "before-file": {},
  "after-file": {},
  "mapping": {}
}