{
  "tool-info": {},
  "diff": [
    {
      "type": "insert-node",
      "node": {
        "label": "public",
        "type": "Modifier"
      },
      "location-after-char-start": 0,
      "location-after-char-end": 0,
      "node-str": "public"
    },
    {
      "type": "insert-node",
      "node": {
        "label": "children",
        "type": "Field"
      },
      "location-after-char-start": 1129,
      "location-after-char-end": 1175,
      "node-str": "children"
    },
    {
      "type": "insert-node",
      "node": {
        "label": "defaultPerspID",
        "type": "Field"
      },
      "location-after-char-start": 1178,
      "location-after-char-end": 1207,
      "node-str": "defaultPerspID"
    },
    {
      "type": "insert-node",
      "node": {
        "label": "perspToRemove",
        "type": "Field"
      },
      "location-after-char-start": 1491,
      "location-after-char-end": 1617,
      "node-str": "perspToRemove"
    },
    {
      "type": "insert-node",
      "node": {
        "label": "addPerspective",
        "type": "Method"
      },
      "location-after-char-start": 5049,
      "location-after-char-end": 5197,
      "node-str": "addPerspective"
    },
    {
      "type": "insert-node",
      "node": {
        "label": "revertPerspectives",
        "type": "Method"
      },
      "location-after-char-start": 5688,
      "location-after-char-end": 6094,
      "node-str": "revertPerspectives"
    },
    {
      "type": "insert-node",
      "node": {
        "label": "unableToLoadPerspective",
        "type": "Method"
      },
      "location-after-char-start": 11944,
      "location-after-char-end": 12324,
      "node-str": "unableToLoadPerspective"
    },
    {
      "type": "insert-node",
      "node": {
        "label": "saveCustomPersp",
        "type": "Method"
      },
      "location-after-char-start": 12326,
      "location-after-char-end": 12776,
      "node-str": "saveCustomPersp"
    },
    {
      "type": "insert-node",
      "node": {
        "label": "java.util.ArrayList",
        "type": "VARIABLE_TYPE"
      },
      "location-after-char-start": 0,
      "location-after-char-end": 0,
      "node-str": "java.util.ArrayList"
    },
    {
      "type": "insert-node",
      "node": {
        "label": "java.util.ArrayList(int)",
        "type": "ConstructorCall"
      },
      "location-after-char-start": 1158,
      "location-after-char-end": 1174,
      "node-str": "java.util.ArrayList(int)"
    },
    {
      "type": "insert-node",
      "node": {
        "label": "java.lang.String",
        "type": "VARIABLE_TYPE"
      },
      "location-after-char-start": 0,
      "location-after-char-end": 0,
      "node-str": "java.lang.String"
    },
    {
      "type": "insert-node",
      "node": {
        "label": "java.util.ArrayList",
        "type": "VARIABLE_TYPE"
      },
      "location-after-char-start": 0,
      "location-after-char-end": 0,
      "node-str": "java.util.ArrayList"
    },
    {
      "type": "insert-node",
      "node": {
        "label": "java.util.ArrayList(int)",
        "type": "ConstructorCall"
      },
      "location-after-char-start": 1601,
      "location-after-char-end": 1616,
      "node-str": "java.util.ArrayList(int)"
    },
    {
      "type": "insert-node",
      "node": {
        "label": "public",
        "type": "Modifier"
      },
      "location-after-char-start": 0,
      "location-after-char-end": 0,
      "node-str": "public"
    },
    {
      "type": "insert-node",
      "node": {
        "label": "\u003cinit\u003e",
        "type": "Invocation"
      },
      "location-after-char-start": 1756,
      "location-after-char-end": 1763,
      "node-str": "\u003cinit\u003e"
    },
    {
      "type": "insert-node",
      "node": {
        "label": "store",
        "type": "LocalVariable"
      },
      "location-after-char-start": 1768,
      "location-after-char-end": 1842,
      "node-str": "store"
    },
    {
      "type": "insert-node",
      "node": {
        "label": "void",
        "type": "RETURN_TYPE"
      },
      "location-after-char-start": 0,
      "location-after-char-end": 0,
      "node-str": "void"
    },
    {
      "type": "insert-node",
      "node": {
        "label": "public",
        "type": "Modifier"
      },
      "location-after-char-start": 0,
      "location-after-char-end": 0,
      "node-str": "public"
    },
    {
      "type": "insert-node",
      "node": {
        "label": "desc",
        "type": "Parameter"
      },
      "location-after-char-start": 5146,
      "location-after-char-end": 5171,
      "node-str": "desc"
    },
    {
      "type": "insert-node",
      "node": {
        "label": "add",
        "type": "Invocation"
      },
      "location-after-char-start": 5177,
      "location-after-char-end": 5195,
      "node-str": "add"
    },
    {
      "type": "insert-node",
      "node": {
        "label": "void",
        "type": "RETURN_TYPE"
      },
      "location-after-char-start": 0,
      "location-after-char-end": 0,
      "node-str": "void"
    },
    {
      "type": "insert-node",
      "node": {
        "label": "public",
        "type": "Modifier"
      },
      "location-after-char-start": 0,
      "location-after-char-end": 0,
      "node-str": "public"
    },
    {
      "type": "insert-node",
      "node": {
        "label": "perspToRevert",
        "type": "Parameter"
      },
      "location-after-char-start": 5815,
      "location-after-char-end": 5837,
      "node-str": "perspToRevert"
    },
    {
      "type": "insert-node",
      "node": {
        "label": "",
        "type": "For"
      },
      "location-after-char-start": 5901,
      "location-after-char-end": 6092,
      "node-str": ""
    },
    {
      "type": "update-node",
      "node": {
        "label": "org.eclipse.ui.IPerspectiveDescriptor",
        "type": "RETURN_TYPE"
      },
      "location-before-char-start": 0,
      "location-before-char-end": 0,
      "location-after-char-start": 0,
      "location-after-char-end": 0,
      "node-str": "org.eclipse.ui.internal.registry.IPerspectiveDescriptor"
    },
    {
      "type": "update-node",
      "node": {
        "label": "org.eclipse.ui.IPerspectiveDescriptor",
        "type": "RETURN_TYPE"
      },
      "location-before-char-start": 0,
      "location-before-char-end": 0,
      "location-after-char-start": 0,
      "location-after-char-end": 0,
      "node-str": "org.eclipse.ui.internal.registry.IPerspectiveDescriptor"
    },
    {
      "type": "update-node",
      "node": {
        "label": "org.eclipse.ui.IPerspectiveDescriptor[]",
        "type": "RETURN_TYPE"
      },
      "location-before-char-start": 0,
      "location-before-char-end": 0,
      "location-after-char-start": 0,
      "location-after-char-end": 0,
      "node-str": "org.eclipse.ui.internal.registry.IPerspectiveDescriptor[]"
    },
    {
      "type": "insert-node",
      "node": {
        "label": "dialogSettings",
        "type": "LocalVariable"
      },
      "location-after-char-start": 9000,
      "location-after-char-end": 9081,
      "node-str": "dialogSettings"
    },
    {
      "type": "insert-node",
      "node": {
        "label": "str",
        "type": "LocalVariable"
      },
      "location-after-char-start": 9084,
      "location-after-char-end": 9129,
      "node-str": "str"
    },
    {
      "type": "insert-node",
      "node": {
        "label": "if",
        "type": "If"
      },
      "location-after-char-start": 9132,
      "location-after-char-end": 9472,
      "node-str": "if"
    },
    {
      "type": "insert-node",
      "node": {
        "label": "void",
        "type": "RETURN_TYPE"
      },
      "location-after-char-start": 0,
      "location-after-char-end": 0,
      "node-str": "void"
    },
    {
      "type": "insert-node",
      "node": {
        "label": "reader",
        "type": "LocalVariable"
      },
      "location-after-char-start": 9581,
      "location-after-char-end": 9601,
      "node-str": "reader"
    },
    {
      "type": "insert-node",
      "node": {
        "label": "store",
        "type": "LocalVariable"
      },
      "location-after-char-start": 9656,
      "location-after-char-end": 9730,
      "node-str": "store"
    },
    {
      "type": "insert-node",
      "node": {
        "label": "path",
        "type": "LocalVariable"
      },
      "location-after-char-start": 10758,
      "location-after-char-end": 10818,
      "node-str": "path"
    },
    {
      "type": "insert-node",
      "node": {
        "label": "folder",
        "type": "LocalVariable"
      },
      "location-after-char-start": 10821,
      "location-after-char-end": 10848,
      "node-str": "folder"
    },
    {
      "type": "insert-node",
      "node": {
        "label": "void",
        "type": "RETURN_TYPE"
      },
      "location-after-char-start": 0,
      "location-after-char-end": 0,
      "node-str": "void"
    },
    {
      "type": "insert-node",
      "node": {
        "label": "status",
        "type": "Parameter"
      },
      "location-after-char-start": 11981,
      "location-after-char-end": 11994,
      "node-str": "status"
    },
    {
      "type": "insert-node",
      "node": {
        "label": "title",
        "type": "LocalVariable"
      },
      "location-after-char-start": 12000,
      "location-after-char-end": 12077,
      "node-str": "title"
    },
    {
      "type": "insert-node",
      "node": {
        "label": "msg",
        "type": "LocalVariable"
      },
      "location-after-char-start": 12095,
      "location-after-char-end": 12168,
      "node-str": "msg"
    },
    {
      "type": "insert-node",
      "node": {
        "label": "if",
        "type": "If"
      },
      "location-after-char-start": 12185,
      "location-after-char-end": 12322,
      "node-str": "if"
    },
    {
      "type": "insert-node",
      "node": {
        "label": "void",
        "type": "RETURN_TYPE"
      },
      "location-after-char-start": 0,
      "location-after-char-end": 0,
      "node-str": "void"
    },
    {
      "type": "insert-node",
      "node": {
        "label": "java.io.IOException",
        "type": "THROWS"
      },
      "location-after-char-start": 0,
      "location-after-char-end": 0,
      "node-str": "java.io.IOException"
    },
    {
      "type": "insert-node",
      "node": {
        "label": "public",
        "type": "Modifier"
      },
      "location-after-char-start": 0,
      "location-after-char-end": 0,
      "node-str": "public"
    },
    {
      "type": "insert-node",
      "node": {
        "label": "realDesc",
        "type": "Parameter"
      },
      "location-after-char-start": 12443,
      "location-after-char-end": 12472,
      "node-str": "realDesc"
    },
    {
      "type": "insert-node",
      "node": {
        "label": "memento",
        "type": "Parameter"
      },
      "location-after-char-start": 12475,
      "location-after-char-end": 12492,
      "node-str": "memento"
    },
    {
      "type": "insert-node",
      "node": {
        "label": "store",
        "type": "LocalVariable"
      },
      "location-after-char-start": 12518,
      "location-after-char-end": 12592,
      "node-str": "store"
    },
    {
      "type": "insert-node",
      "node": {
        "label": "writer",
        "type": "LocalVariable"
      },
      "location-after-char-start": 12634,
      "location-after-char-end": 12668,
      "node-str": "writer"
    },
    {
      "type": "insert-node",
      "node": {
        "label": "save",
        "type": "Invocation"
      },
      "location-after-char-start": 12674,
      "location-after-char-end": 12694,
      "node-str": "save"
    },
    {
      "type": "insert-node",
      "node": {
        "label": "close",
        "type": "Invocation"
      },
      "location-after-char-start": 12697,
      "location-after-char-end": 12711,
      "node-str": "close"
    },
    {
      "type": "move-subtree",
      "node": {
        "label": "setValue",
        "type": "Invocation"
      },
      "location-before-char-start": 12765,
      "location-before-char-end": 12823,
      "location-after-char-start": 12714,
      "location-after-char-end": 12772,
      "node-str": "setValue"
    },
    {
      "type": "update-node",
      "node": {
        "label": "org.eclipse.ui.IMemento",
        "type": "RETURN_TYPE"
      },
      "location-before-char-start": 0,
      "location-before-char-end": 0,
      "location-after-char-start": 0,
      "location-after-char-end": 0,
      "node-str": "org.eclipse.ui.internal.registry.IMemento"
    },
    {
      "type": "update-node",
      "node": {
        "label": "org.eclipse.ui.WorkbenchException",
        "type": "THROWS"
      },
      "location-before-char-start": 0,
      "location-before-char-end": 0,
      "location-after-char-start": 0,
      "location-after-char-end": 0,
      "node-str": "org.eclipse.ui.internal.registry.WorkbenchException"
    },
    {
      "type": "insert-node",
      "node": {
        "label": "10",
        "type": "Literal"
      },
      "location-after-char-start": 1172,
      "location-after-char-end": 1173,
      "node-str": "10"
    },
    {
      "type": "insert-node",
      "node": {
        "label": "5",
        "type": "Literal"
      },
      "location-after-char-start": 1615,
      "location-after-char-end": 1615,
      "node-str": "5"
    },
    {
      "type": "insert-node",
      "node": {
        "label": "org.eclipse.jface.preference.IPreferenceStore",
        "type": "VARIABLE_TYPE"
      },
      "location-after-char-start": 0,
      "location-after-char-end": 0,
      "node-str": "org.eclipse.jface.preference.IPreferenceStore"
    },
    {
      "type": "insert-node",
      "node": {
        "label": "getPreferenceStore",
        "type": "Invocation"
      },
      "location-after-char-start": 1793,
      "location-after-char-end": 1841,
      "node-str": "getPreferenceStore"
    },
    {
      "type": "insert-node",
      "node": {
        "label": "PerspectiveDescriptor",
        "type": "VARIABLE_TYPE"
      },
      "location-after-char-start": 0,
      "location-after-char-end": 0,
      "node-str": "PerspectiveDescriptor"
    },
    {
      "type": "insert-node",
      "node": {
        "label": "children",
        "type": "FieldRead"
      },
      "location-after-char-start": 5177,
      "location-after-char-end": 5184,
      "node-str": "children"
    },
    {
      "type": "insert-node",
      "node": {
        "label": "desc",
        "type": "VariableRead"
      },
      "location-after-char-start": 5190,
      "location-after-char-end": 5193,
      "node-str": "desc"
    },
    {
      "type": "update-node",
      "node": {
        "label": "org.eclipse.ui.internal.registry.PerspectiveDescriptor",
        "type": "VARIABLE_TYPE"
      },
      "location-before-char-start": 0,
      "location-before-char-end": 0,
      "location-after-char-start": 0,
      "location-after-char-end": 0,
      "node-str": "PerspectiveDescriptor"
    },
    {
      "type": "update-node",
      "node": {
        "label": "org.eclipse.ui.internal.registry.PerspectiveDescriptor",
        "type": "VARIABLE_TYPE"
      },
      "location-before-char-start": 0,
      "location-before-char-end": 0,
      "location-after-char-start": 0,
      "location-after-char-end": 0,
      "node-str": "PerspectiveDescriptor"
    },
    {
      "type": "insert-node",
      "node": {
        "label": "java.util.ArrayList",
        "type": "VARIABLE_TYPE"
      },
      "location-after-char-start": 0,
      "location-after-char-end": 0,
      "node-str": "java.util.ArrayList"
    },
    {
      "type": "insert-node",
      "node": {
        "label": "i",
        "type": "LocalVariable"
      },
      "location-after-char-start": 5906,
      "location-after-char-end": 5914,
      "node-str": "i"
    },
    {
      "type": "insert-node",
      "node": {
        "label": "LT",
        "type": "BinaryOperator"
      },
      "location-after-char-start": 5917,
      "location-after-char-end": 5940,
      "node-str": "LT"
    },
    {
      "type": "insert-node",
      "node": {
        "label": "POSTINC",
        "type": "UnaryOperator"
      },
      "location-after-char-start": 5943,
      "location-after-char-end": 5945,
      "node-str": "POSTINC"
    },
    {
      "type": "insert-node",
      "node": {
        "label": "desc",
        "type": "LocalVariable"
      },
      "location-after-char-start": 5952,
      "location-after-char-end": 6025,
      "node-str": "desc"
    },
    {
      "type": "move-subtree",
      "node": {
        "label": "add",
        "type": "Invocation"
      },
      "location-before-char-start": 6418,
      "location-before-char-end": 6449,
      "location-after-char-start": 6029,
      "location-after-char-end": 6060,
      "node-str": "add"
    },
    {
      "type": "insert-node",
      "node": {
        "label": "revertToPredefined",
        "type": "Invocation"
      },
      "location-after-char-start": 6064,
      "location-after-char-end": 6089,
      "node-str": "revertToPredefined"
    },
    {
      "type": "update-node",
      "node": {
        "label": "org.eclipse.ui.IPerspectiveDescriptor",
        "type": "VARIABLE_TYPE"
      },
      "location-before-char-start": 0,
      "location-before-char-end": 0,
      "location-after-char-start": 0,
      "location-after-char-end": 0,
      "node-str": "IPerspectiveDescriptor"
    },
    {
      "type": "update-node",
      "node": {
        "label": "org.eclipse.ui.internal.registry.PerspectiveDescriptor",
        "type": "VARIABLE_TYPE"
      },
      "location-before-char-start": 0,
      "location-before-char-end": 0,
      "location-after-char-start": 0,
      "location-after-char-end": 0,
      "node-str": "PerspectiveDescriptor"
    },
    {
      "type": "update-node",
      "node": {
        "label": "org.eclipse.ui.internal.registry.PerspectiveDescriptor",
        "type": "VARIABLE_TYPE"
      },
      "location-before-char-start": 0,
      "location-before-char-end": 0,
      "location-after-char-start": 0,
      "location-after-char-end": 0,
      "node-str": "PerspectiveDescriptor"
    },
    {
      "type": "update-node",
      "node": {
        "label": "org.eclipse.ui.internal.registry.PerspectiveDescriptor",
        "type": "VARIABLE_TYPE"
      },
      "location-before-char-start": 0,
      "location-before-char-end": 0,
      "location-after-char-start": 0,
      "location-after-char-end": 0,
      "node-str": "PerspectiveDescriptor"
    },
    {
      "type": "update-node",
      "node": {
        "label": "org.eclipse.ui.IPerspectiveDescriptor[]",
        "type": "VARIABLE_TYPE"
      },
      "location-before-char-start": 0,
      "location-before-char-end": 0,
      "location-after-char-start": 0,
      "location-after-char-end": 0,
      "node-str": "IPerspectiveDescriptor[]"
    },
    {
      "type": "insert-node",
      "node": {
        "label": "IDialogSettings",
        "type": "VARIABLE_TYPE"
      },
      "location-after-char-start": 0,
      "location-after-char-end": 0,
      "node-str": "IDialogSettings"
    },
    {
      "type": "insert-node",
      "node": {
        "label": "getDialogSettings",
        "type": "Invocation"
      },
      "location-after-char-start": 9033,
      "location-after-char-end": 9080,
      "node-str": "getDialogSettings"
    },
    {
      "type": "insert-node",
      "node": {
        "label": "java.lang.String",
        "type": "VARIABLE_TYPE"
      },
      "location-after-char-start": 0,
      "location-after-char-end": 0,
      "node-str": "java.lang.String"
    },
    {
      "type": "insert-node",
      "node": {
        "label": "get",
        "type": "Invocation"
      },
      "location-after-char-start": 9097,
      "location-after-char-end": 9128,
      "node-str": "get"
    },
    {
      "type": "insert-node",
      "node": {
        "label": "AND",
        "type": "BinaryOperator"
      },
      "location-after-char-start": 9136,
      "location-after-char-end": 9166,
      "node-str": "AND"
    },
    {
      "type": "insert-node",
      "node": {
        "label": "THEN",
        "type": "then"
      },
      "location-after-char-start": 9169,
      "location-after-char-end": 9257,
      "node-str": "THEN"
    },
    {
      "type": "insert-node",
      "node": {
        "label": "ELSE",
        "type": "else"
      },
      "location-after-char-start": 9264,
      "location-after-char-end": 9472,
      "node-str": "ELSE"
    },
    {
      "type": "insert-node",
      "node": {
        "label": "java.io.Reader",
        "type": "VARIABLE_TYPE"
      },
      "location-after-char-start": 0,
      "location-after-char-end": 0,
      "node-str": "java.io.Reader"
    },
    {
      "type": "insert-node",
      "node": {
        "label": "null",
        "type": "Literal"
      },
      "location-after-char-start": 9597,
      "location-after-char-end": 9600,
      "node-str": "null"
    },
    {
      "type": "insert-node",
      "node": {
        "label": "org.eclipse.jface.preference.IPreferenceStore",
        "type": "VARIABLE_TYPE"
      },
      "location-after-char-start": 0,
      "location-after-char-end": 0,
      "node-str": "org.eclipse.jface.preference.IPreferenceStore"
    },
    {
      "type": "insert-node",
      "node": {
        "label": "getPreferenceStore",
        "type": "Invocation"
      },
      "location-after-char-start": 9681,
      "location-after-char-end": 9729,
      "node-str": "getPreferenceStore"
    },
    {
      "type": "insert-node",
      "node": {
        "label": "org.eclipse.core.runtime.IPath",
        "type": "VARIABLE_TYPE"
      },
      "location-after-char-start": 0,
      "location-after-char-end": 0,
      "node-str": "org.eclipse.core.runtime.IPath"
    },
    {
      "type": "insert-node",
      "node": {
        "label": "getStateLocation",
        "type": "Invocation"
      },
      "location-after-char-start": 10771,
      "location-after-char-end": 10817,
      "node-str": "getStateLocation"
    },
    {
      "type": "insert-node",
      "node": {
        "label": "java.io.File",
        "type": "VARIABLE_TYPE"
      },
      "location-after-char-start": 0,
      "location-after-char-end": 0,
      "node-str": "java.io.File"
    },
    {
      "type": "insert-node",
      "node": {
        "label": "toFile",
        "type": "Invocation"
      },
      "location-after-char-start": 10835,
      "location-after-char-end": 10847,
      "node-str": "toFile"
    },
    {
      "type": "insert-node",
      "node": {
        "label": "org.eclipse.core.runtime.IStatus",
        "type": "VARIABLE_TYPE"
      },
      "location-after-char-start": 0,
      "location-after-char-end": 0,
      "node-str": "org.eclipse.core.runtime.IStatus"
    },
    {
      "type": "insert-node",
      "node": {
        "label": "java.lang.String",
        "type": "VARIABLE_TYPE"
      },
      "location-after-char-start": 0,
      "location-after-char-end": 0,
      "node-str": "java.lang.String"
    },
    {
      "type": "insert-node",
      "node": {
        "label": "getString",
        "type": "Invocation"
      },
      "location-after-char-start": 12015,
      "location-after-char-end": 12076,
      "node-str": "getString"
    },
    {
      "type": "insert-node",
      "node": {
        "label": "java.lang.String",
        "type": "VARIABLE_TYPE"
      },
      "location-after-char-start": 0,
      "location-after-char-end": 0,
      "node-str": "java.lang.String"
    },
    {
      "type": "insert-node",
      "node": {
        "label": "getString",
        "type": "Invocation"
      },
      "location-after-char-start": 12108,
      "location-after-char-end": 12167,
      "node-str": "getString"
    },
    {
      "type": "insert-node",
      "node": {
        "label": "EQ",
        "type": "BinaryOperator"
      },
      "location-after-char-start": 12188,
      "location-after-char-end": 12201,
      "node-str": "EQ"
    },
    {
      "type": "insert-node",
      "node": {
        "label": "THEN",
        "type": "then"
      },
      "location-after-char-start": 12204,
      "location-after-char-end": 12257,
      "node-str": "THEN"
    },
    {
      "type": "insert-node",
      "node": {
        "label": "ELSE",
        "type": "else"
      },
      "location-after-char-start": 12264,
      "location-after-char-end": 12322,
      "node-str": "ELSE"
    },
    {
      "type": "insert-node",
      "node": {
        "label": "PerspectiveDescriptor",
        "type": "VARIABLE_TYPE"
      },
      "location-after-char-start": 0,
      "location-after-char-end": 0,
      "node-str": "PerspectiveDescriptor"
    },
    {
      "type": "insert-node",
      "node": {
        "label": "XMLMemento",
        "type": "VARIABLE_TYPE"
      },
      "location-after-char-start": 0,
      "location-after-char-end": 0,
      "node-str": "XMLMemento"
    },
    {
      "type": "insert-node",
      "node": {
        "label": "org.eclipse.jface.preference.IPreferenceStore",
        "type": "VARIABLE_TYPE"
      },
      "location-after-char-start": 0,
      "location-after-char-end": 0,
      "node-str": "org.eclipse.jface.preference.IPreferenceStore"
    },
    {
      "type": "insert-node",
      "node": {
        "label": "getPreferenceStore",
        "type": "Invocation"
      },
      "location-after-char-start": 12543,
      "location-after-char-end": 12591,
      "node-str": "getPreferenceStore"
    },
    {
      "type": "insert-node",
      "node": {
        "label": "java.io.Writer",
        "type": "VARIABLE_TYPE"
      },
      "location-after-char-start": 0,
      "location-after-char-end": 0,
      "node-str": "java.io.Writer"
    },
    {
      "type": "insert-node",
      "node": {
        "label": "java.io.StringWriter()",
        "type": "ConstructorCall"
      },
      "location-after-char-start": 12650,
      "location-after-char-end": 12667,
      "node-str": "java.io.StringWriter()"
    },
    {
      "type": "insert-node",
      "node": {
        "label": "memento",
        "type": "VariableRead"
      },
      "location-after-char-start": 12674,
      "location-after-char-end": 12680,
      "node-str": "memento"
    },
    {
      "type": "insert-node",
      "node": {
        "label": "writer",
        "type": "VariableRead"
      },
      "location-after-char-start": 12687,
      "location-after-char-end": 12692,
      "node-str": "writer"
    },
    {
      "type": "insert-node",
      "node": {
        "label": "writer",
        "type": "VariableRead"
      },
      "location-after-char-start": 12697,
      "location-after-char-end": 12702,
      "node-str": "writer"
    },
    {
      "type": "update-node",
      "node": {
        "label": "org.eclipse.ui.XMLMemento",
        "type": "VARIABLE_TYPE"
      },
      "location-before-char-start": 0,
      "location-before-char-end": 0,
      "location-after-char-start": 0,
      "location-after-char-end": 0,
      "node-str": "XMLMemento"
    },
    {
      "type": "update-node",
      "node": {
        "label": "org.eclipse.ui.internal.registry.PerspectiveRegistryReader",
        "type": "VARIABLE_TYPE"
      },
      "location-before-char-start": 0,
      "location-before-char-end": 0,
      "location-after-char-start": 0,
      "location-after-char-end": 0,
      "node-str": "PerspectiveRegistryReader"
    },
    {
      "type": "update-node",
      "node": {
        "label": "org.eclipse.ui.internal.registry.PerspectiveRegistryReader()",
        "type": "ConstructorCall"
      },
      "location-before-char-start": 13504,
      "location-before-char-end": 13534,
      "location-after-char-start": 13453,
      "location-after-char-end": 13483,
      "node-str": "PerspectiveRegistryReader()"
    },
    {
      "type": "update-node",
      "node": {
        "label": "org.eclipse.ui.IPerspectiveDescriptor",
        "type": "VARIABLE_TYPE"
      },
      "location-before-char-start": 0,
      "location-before-char-end": 0,
      "location-after-char-start": 0,
      "location-after-char-end": 0,
      "node-str": "IPerspectiveDescriptor"
    },
    {
      "type": "update-node",
      "node": {
        "label": "org.eclipse.ui.IPerspectiveDescriptor",
        "type": "VARIABLE_TYPE"
      },
      "location-before-char-start": 0,
      "location-before-char-end": 0,
      "location-after-char-start": 0,
      "location-after-char-end": 0,
      "node-str": "IPerspectiveDescriptor"
    },
    {
      "type": "insert-node",
      "node": {
        "label": "getDefault",
        "type": "Invocation"
      },
      "location-after-char-start": 1793,
      "location-after-char-end": 1820,
      "node-str": "getDefault"
    },
    {
      "type": "insert-node",
      "node": {
        "label": "org.eclipse.ui.internal.registry.PerspectiveRegistry",
        "type": "TypeAccess"
      },
      "location-after-char-start": 0,
      "location-after-char-end": 0,
      "node-str": "org.eclipse.ui.internal.registry.PerspectiveRegistry"
    },
    {
      "type": "insert-node",
      "node": {
        "label": "int",
        "type": "VARIABLE_TYPE"
      },
      "location-after-char-start": 0,
      "location-after-char-end": 0,
      "node-str": "int"
    },
    {
      "type": "insert-node",
      "node": {
        "label": "0",
        "type": "Literal"
      },
      "location-after-char-start": 5914,
      "location-after-char-end": 5914,
      "node-str": "0"
    },
    {
      "type": "insert-node",
      "node": {
        "label": "i",
        "type": "VariableRead"
      },
      "location-after-char-start": 5917,
      "location-after-char-end": 5917,
      "node-str": "i"
    },
    {
      "type": "insert-node",
      "node": {
        "label": "size",
        "type": "Invocation"
      },
      "location-after-char-start": 5921,
      "location-after-char-end": 5940,
      "node-str": "size"
    },
    {
      "type": "insert-node",
      "node": {
        "label": "i",
        "type": "VariableWrite"
      },
      "location-after-char-start": 5943,
      "location-after-char-end": 5943,
      "node-str": "i"
    },
    {
      "type": "insert-node",
      "node": {
        "label": "PerspectiveDescriptor",
        "type": "VARIABLE_TYPE"
      },
      "location-after-char-start": 0,
      "location-after-char-end": 0,
      "node-str": "PerspectiveDescriptor"
    },
    {
      "type": "insert-node",
      "node": {
        "label": "get",
        "type": "Invocation"
      },
      "location-after-char-start": 5981,
      "location-after-char-end": 6024,
      "node-str": "get"
    },
    {
      "type": "insert-node",
      "node": {
        "label": "desc",
        "type": "VariableRead"
      },
      "location-after-char-start": 6064,
      "location-after-char-end": 6067,
      "node-str": "desc"
    },
    {
      "type": "insert-node",
      "node": {
        "label": "getDefault",
        "type": "Invocation"
      },
      "location-after-char-start": 9033,
      "location-after-char-end": 9060,
      "node-str": "getDefault"
    },
    {
      "type": "insert-node",
      "node": {
        "label": "dialogSettings",
        "type": "VariableRead"
      },
      "location-after-char-start": 9097,
      "location-after-char-end": 9110,
      "node-str": "dialogSettings"
    },
    {
      "type": "insert-node",
      "node": {
        "label": "ID_DEF_PERSP",
        "type": "FieldRead"
      },
      "location-after-char-start": 9116,
      "location-after-char-end": 9127,
      "node-str": "ID_DEF_PERSP"
    },
    {
      "type": "insert-node",
      "node": {
        "label": "NE",
        "type": "BinaryOperator"
      },
      "location-after-char-start": 9136,
      "location-after-char-end": 9146,
      "node-str": "NE"
    },
    {
      "type": "insert-node",
      "node": {
        "label": "GT",
        "type": "BinaryOperator"
      },
      "location-after-char-start": 9151,
      "location-after-char-end": 9166,
      "node-str": "GT"
    },
    {
      "type": "insert-node",
      "node": {
        "label": "setDefaultPerspective",
        "type": "Invocation"
      },
      "location-after-char-start": 9173,
      "location-after-char-end": 9199,
      "node-str": "setDefaultPerspective"
    },
    {
      "type": "insert-node",
      "node": {
        "label": "put",
        "type": "Invocation"
      },
      "location-after-char-start": 9203,
      "location-after-char-end": 9239,
      "node-str": "put"
    },
    {
      "type": "move-subtree",
      "node": {
        "label": "plugin",
        "type": "LocalVariable"
      },
      "location-before-char-start": 9324,
      "location-before-char-end": 9409,
      "location-after-char-start": 9268,
      "location-after-char-end": 9353,
      "node-str": "plugin"
    },
    {
      "type": "move-subtree",
      "node": {
        "label": "\u003d",
        "type": "Assignment"
      },
      "location-before-char-start": 9412,
      "location-before-char-end": 9523,
      "location-after-char-start": 9357,
      "location-after-char-end": 9469,
      "node-str": "\u003d"
    },
    {
      "type": "insert-node",
      "node": {
        "label": "getDefault",
        "type": "Invocation"
      },
      "location-after-char-start": 9681,
      "location-after-char-end": 9708,
      "node-str": "getDefault"
    },
    {
      "type": "insert-node",
      "node": {
        "label": "getDefault",
        "type": "Invocation"
      },
      "location-after-char-start": 10771,
      "location-after-char-end": 10798,
      "node-str": "getDefault"
    },
    {
      "type": "insert-node",
      "node": {
        "label": "path",
        "type": "VariableRead"
      },
      "location-after-char-start": 10835,
      "location-after-char-end": 10838,
      "node-str": "path"
    },
    {
      "type": "insert-node",
      "node": {
        "label": "WorkbenchMessages",
        "type": "TypeAccess"
      },
      "location-after-char-start": 12015,
      "location-after-char-end": 12031,
      "node-str": "WorkbenchMessages"
    },
    {
      "type": "insert-node",
      "node": {
        "label": "\"Perspective.problemLoadingTitle\"",
        "type": "Literal"
      },
      "location-after-char-start": 12043,
      "location-after-char-end": 12075,
      "node-str": "\"Perspective.problemLoadingTitle\""
    },
    {
      "type": "insert-node",
      "node": {
        "label": "WorkbenchMessages",
        "type": "TypeAccess"
      },
      "location-after-char-start": 12108,
      "location-after-char-end": 12124,
      "node-str": "WorkbenchMessages"
    },
    {
      "type": "insert-node",
      "node": {
        "label": "\"Perspective.errorLoadingState\"",
        "type": "Literal"
      },
      "location-after-char-start": 12136,
      "location-after-char-end": 12166,
      "node-str": "\"Perspective.errorLoadingState\""
    },
    {
      "type": "insert-node",
      "node": {
        "label": "status",
        "type": "VariableRead"
      },
      "location-after-char-start": 12188,
      "location-after-char-end": 12193,
      "node-str": "status"
    },
    {
      "type": "insert-node",
      "node": {
        "label": "null",
        "type": "Literal"
      },
      "location-after-char-start": 12198,
      "location-after-char-end": 12201,
      "node-str": "null"
    },
    {
      "type": "insert-node",
      "node": {
        "label": "openError",
        "type": "Invocation"
      },
      "location-after-char-start": 12208,
      "location-after-char-end": 12254,
      "node-str": "openError"
    },
    {
      "type": "insert-node",
      "node": {
        "label": "openError",
        "type": "Invocation"
      },
      "location-after-char-start": 12268,
      "location-after-char-end": 12319,
      "node-str": "openError"
    },
    {
      "type": "insert-node",
      "node": {
        "label": "getDefault",
        "type": "Invocation"
      },
      "location-after-char-start": 12543,
      "location-after-char-end": 12570,
      "node-str": "getDefault"
    },
    {
      "type": "update-node",
      "node": {
        "label": "org.eclipse.ui.XMLMemento",
        "type": "TypeAccess"
      },
      "location-before-char-start": 13314,
      "location-before-char-end": 13323,
      "location-after-char-start": 13263,
      "location-after-char-end": 13272,
      "node-str": "XMLMemento"
    },
    {
      "type": "update-node",
      "node": {
        "label": "org.eclipse.ui.internal.IWorkbenchConstants",
        "type": "TypeAccess"
      },
      "location-before-char-start": 0,
      "location-before-char-end": 0,
      "location-after-char-start": 0,
      "location-after-char-end": 0,
      "node-str": "IWorkbenchConstants"
    },
    {
      "type": "insert-node",
      "node": {
        "label": "WorkbenchPlugin",
        "type": "TypeAccess"
      },
      "location-after-char-start": 1793,
      "location-after-char-end": 1807,
      "node-str": "WorkbenchPlugin"
    },
    {
      "type": "insert-node",
      "node": {
        "label": "perspToRevert",
        "type": "VariableRead"
      },
      "location-after-char-start": 5921,
      "location-after-char-end": 5933,
      "node-str": "perspToRevert"
    },
    {
      "type": "insert-node",
      "node": {
        "label": "perspToRevert",
        "type": "VariableRead"
      },
      "location-after-char-start": 6005,
      "location-after-char-end": 6017,
      "node-str": "perspToRevert"
    },
    {
      "type": "insert-node",
      "node": {
        "label": "i",
        "type": "VariableRead"
      },
      "location-after-char-start": 6023,
      "location-after-char-end": 6023,
      "node-str": "i"
    },
    {
      "type": "update-node",
      "node": {
        "label": "org.eclipse.ui.internal.WorkbenchPlugin",
        "type": "TypeAccess"
      },
      "location-before-char-start": 7417,
      "location-before-char-end": 7431,
      "location-after-char-start": 7028,
      "location-after-char-end": 7042,
      "node-str": "WorkbenchPlugin"
    },
    {
      "type": "update-node",
      "node": {
        "label": "org.eclipse.ui.internal.WorkbenchPlugin",
        "type": "TypeAccess"
      },
      "location-before-char-start": 7851,
      "location-before-char-end": 7865,
      "location-after-char-start": 7462,
      "location-after-char-end": 7476,
      "node-str": "WorkbenchPlugin"
    },
    {
      "type": "insert-node",
      "node": {
        "label": "WorkbenchPlugin",
        "type": "TypeAccess"
      },
      "location-after-char-start": 9033,
      "location-after-char-end": 9047,
      "node-str": "WorkbenchPlugin"
    },
    {
      "type": "insert-node",
      "node": {
        "label": "str",
        "type": "VariableRead"
      },
      "location-after-char-start": 9136,
      "location-after-char-end": 9138,
      "node-str": "str"
    },
    {
      "type": "insert-node",
      "node": {
        "label": "null",
        "type": "Literal"
      },
      "location-after-char-start": 9143,
      "location-after-char-end": 9146,
      "node-str": "null"
    },
    {
      "type": "insert-node",
      "node": {
        "label": "length",
        "type": "Invocation"
      },
      "location-after-char-start": 9151,
      "location-after-char-end": 9162,
      "node-str": "length"
    },
    {
      "type": "insert-node",
      "node": {
        "label": "0",
        "type": "Literal"
      },
      "location-after-char-start": 9166,
      "location-after-char-end": 9166,
      "node-str": "0"
    },
    {
      "type": "insert-node",
      "node": {
        "label": "org.eclipse.ui.internal.registry.PerspectiveRegistry",
        "type": "TypeAccess"
      },
      "location-after-char-start": 0,
      "location-after-char-end": 0,
      "node-str": "org.eclipse.ui.internal.registry.PerspectiveRegistry"
    },
    {
      "type": "insert-node",
      "node": {
        "label": "str",
        "type": "VariableRead"
      },
      "location-after-char-start": 9195,
      "location-after-char-end": 9197,
      "node-str": "str"
    },
    {
      "type": "insert-node",
      "node": {
        "label": "dialogSettings",
        "type": "VariableRead"
      },
      "location-after-char-start": 9203,
      "location-after-char-end": 9216,
      "node-str": "dialogSettings"
    },
    {
      "type": "insert-node",
      "node": {
        "label": "ID_DEF_PERSP",
        "type": "FieldRead"
      },
      "location-after-char-start": 9222,
      "location-after-char-end": 9233,
      "node-str": "ID_DEF_PERSP"
    },
    {
      "type": "insert-node",
      "node": {
        "label": "\"\"",
        "type": "Literal"
      },
      "location-after-char-start": 9236,
      "location-after-char-end": 9237,
      "node-str": "\"\""
    },
    {
      "type": "insert-node",
      "node": {
        "label": "WorkbenchPlugin",
        "type": "TypeAccess"
      },
      "location-after-char-start": 9681,
      "location-after-char-end": 9695,
      "node-str": "WorkbenchPlugin"
    },
    {
      "type": "update-node",
      "node": {
        "label": "org.eclipse.ui.XMLMemento",
        "type": "VARIABLE_TYPE"
      },
      "location-before-char-start": 0,
      "location-before-char-end": 0,
      "location-after-char-start": 0,
      "location-after-char-end": 0,
      "node-str": "XMLMemento"
    },
    {
      "type": "update-node",
      "node": {
        "label": "org.eclipse.ui.internal.registry.PerspectiveDescriptor",
        "type": "VARIABLE_TYPE"
      },
      "location-before-char-start": 0,
      "location-before-char-end": 0,
      "location-after-char-start": 0,
      "location-after-char-end": 0,
      "node-str": "PerspectiveDescriptor"
    },
    {
      "type": "update-node",
      "node": {
        "label": "org.eclipse.ui.internal.registry.PerspectiveDescriptor(\u003cunknown\u003e,\u003cunknown\u003e,\u003cunknown\u003e)",
        "type": "ConstructorCall"
      },
      "location-before-char-start": 10361,
      "location-before-char-end": 10403,
      "location-after-char-start": 10310,
      "location-after-char-end": 10352,
      "node-str": "PerspectiveDescriptor(\u003cunknown\u003e,\u003cunknown\u003e,\u003cunknown\u003e)"
    },
    {
      "type": "update-node",
      "node": {
        "label": "org.eclipse.ui.IPerspectiveDescriptor",
        "type": "VARIABLE_TYPE"
      },
      "location-before-char-start": 0,
      "location-before-char-end": 0,
      "location-after-char-start": 0,
      "location-after-char-end": 0,
      "node-str": "IPerspectiveDescriptor"
    },
    {
      "type": "insert-node",
      "node": {
        "label": "WorkbenchPlugin",
        "type": "TypeAccess"
      },
      "location-after-char-start": 10771,
      "location-after-char-end": 10785,
      "node-str": "WorkbenchPlugin"
    },
    {
      "type": "insert-node",
      "node": {
        "label": "MessageDialog",
        "type": "TypeAccess"
      },
      "location-after-char-start": 12208,
      "location-after-char-end": 12220,
      "node-str": "MessageDialog"
    },
    {
      "type": "insert-node",
      "node": {
        "label": "((org.eclipse.swt.widgets.Shell) (null))",
        "type": "Literal"
      },
      "location-after-char-start": 12232,
      "location-after-char-end": 12242,
      "node-str": "((org.eclipse.swt.widgets.Shell) (null))"
    },
    {
      "type": "insert-node",
      "node": {
        "label": "title",
        "type": "VariableRead"
      },
      "location-after-char-start": 12244,
      "location-after-char-end": 12248,
      "node-str": "title"
    },
    {
      "type": "insert-node",
      "node": {
        "label": "msg",
        "type": "VariableRead"
      },
      "location-after-char-start": 12250,
      "location-after-char-end": 12252,
      "node-str": "msg"
    },
    {
      "type": "insert-node",
      "node": {
        "label": "ErrorDialog",
        "type": "TypeAccess"
      },
      "location-after-char-start": 12268,
      "location-after-char-end": 12278,
      "node-str": "ErrorDialog"
    },
    {
      "type": "insert-node",
      "node": {
        "label": "((org.eclipse.swt.widgets.Shell) (null))",
        "type": "Literal"
      },
      "location-after-char-start": 12290,
      "location-after-char-end": 12300,
      "node-str": "((org.eclipse.swt.widgets.Shell) (null))"
    },
    {
      "type": "insert-node",
      "node": {
        "label": "title",
        "type": "VariableRead"
      },
      "location-after-char-start": 12302,
      "location-after-char-end": 12306,
      "node-str": "title"
    },
    {
      "type": "insert-node",
      "node": {
        "label": "msg",
        "type": "VariableRead"
      },
      "location-after-char-start": 12308,
      "location-after-char-end": 12310,
      "node-str": "msg"
    },
    {
      "type": "insert-node",
      "node": {
        "label": "status",
        "type": "VariableRead"
      },
      "location-after-char-start": 12312,
      "location-after-char-end": 12317,
      "node-str": "status"
    },
    {
      "type": "insert-node",
      "node": {
        "label": "WorkbenchPlugin",
        "type": "TypeAccess"
      },
      "location-after-char-start": 12543,
      "location-after-char-end": 12557,
      "node-str": "WorkbenchPlugin"
    },
    {
      "type": "update-node",
      "node": {
        "label": "org.eclipse.ui.internal.WorkbenchPlugin",
        "type": "TypeAccess"
      },
      "location-before-char-start": 13077,
      "location-before-char-end": 13091,
      "location-after-char-start": 13026,
      "location-after-char-end": 13040,
      "node-str": "WorkbenchPlugin"
    },
    {
      "type": "insert-node",
      "node": {
        "label": "str",
        "type": "VariableRead"
      },
      "location-after-char-start": 9151,
      "location-after-char-end": 9153,
      "node-str": "str"
    },
    {
      "type": "update-node",
      "node": {
        "label": "org.eclipse.ui.XMLMemento",
        "type": "TypeAccess"
      },
      "location-before-char-start": 10290,
      "location-before-char-end": 10299,
      "location-after-char-start": 10239,
      "location-after-char-end": 10248,
      "node-str": "XMLMemento"
    },
    {
      "type": "update-node",
      "node": {
        "label": "org.eclipse.ui.WorkbenchException",
        "type": "VARIABLE_TYPE"
      },
      "location-before-char-start": 0,
      "location-before-char-end": 0,
      "location-after-char-start": 0,
      "location-after-char-end": 0,
      "node-str": "WorkbenchException"
    },
    {
      "type": "update-node",
      "node": {
        "label": "org.eclipse.ui.IPerspectiveDescriptor[]",
        "type": "VARIABLE_TYPE"
      },
      "location-before-char-start": 0,
      "location-before-char-end": 0,
      "location-after-char-start": 0,
      "location-after-char-end": 0,
      "node-str": "IPerspectiveDescriptor[]"
    },
    {
      "type": "update-node",
      "node": {
        "label": "org.eclipse.ui.internal.registry.PerspectiveDescriptor",
        "type": "VARIABLE_TYPE"
      },
      "location-before-char-start": 0,
      "location-before-char-end": 0,
      "location-after-char-start": 0,
      "location-after-char-end": 0,
      "node-str": "PerspectiveDescriptor"
    },
    {
      "type": "update-node",
      "node": {
        "label": "org.eclipse.ui.IPerspectiveDescriptor[]",
        "type": "VARIABLE_TYPE"
      },
      "location-before-char-start": 0,
      "location-before-char-end": 0,
      "location-after-char-start": 0,
      "location-after-char-end": 0,
      "node-str": "IPerspectiveDescriptor[]"
    },
    {
      "type": "update-node",
      "node": {
        "label": "org.eclipse.ui.XMLMemento",
        "type": "VARIABLE_TYPE"
      },
      "location-before-char-start": 0,
      "location-before-char-end": 0,
      "location-after-char-start": 0,
      "location-after-char-end": 0,
      "node-str": "XMLMemento"
    },
    {
      "type": "update-node",
      "node": {
        "label": "org.eclipse.ui.internal.registry.PerspectiveDescriptor",
        "type": "VARIABLE_TYPE"
      },
      "location-before-char-start": 0,
      "location-before-char-end": 0,
      "location-after-char-start": 0,
      "location-after-char-end": 0,
      "node-str": "PerspectiveDescriptor"
    },
    {
      "type": "update-node",
      "node": {
        "label": "org.eclipse.ui.internal.registry.PerspectiveDescriptor(\u003cunknown\u003e,\u003cunknown\u003e,\u003cunknown\u003e)",
        "type": "ConstructorCall"
      },
      "location-before-char-start": 11423,
      "location-before-char-end": 11465,
      "location-after-char-start": 11372,
      "location-after-char-end": 11414,
      "node-str": "PerspectiveDescriptor(\u003cunknown\u003e,\u003cunknown\u003e,\u003cunknown\u003e)"
    },
    {
      "type": "update-node",
      "node": {
        "label": "org.eclipse.ui.IPerspectiveDescriptor",
        "type": "VARIABLE_TYPE"
      },
      "location-before-char-start": 0,
      "location-before-char-end": 0,
      "location-after-char-start": 0,
      "location-after-char-end": 0,
      "node-str": "IPerspectiveDescriptor"
    },
    {
      "type": "update-node",
      "node": {
        "label": "org.eclipse.ui.XMLMemento",
        "type": "TypeAccess"
      },
      "location-before-char-start": 11350,
      "location-before-char-end": 11359,
      "location-after-char-start": 11299,
      "location-after-char-end": 11308,
      "node-str": "XMLMemento"
    },
    {
      "type": "update-node",
      "node": {
        "label": "org.eclipse.ui.WorkbenchException",
        "type": "VARIABLE_TYPE"
      },
      "location-before-char-start": 0,
      "location-before-char-end": 0,
      "location-after-char-start": 0,
      "location-after-char-end": 0,
      "node-str": "WorkbenchException"
    },
    {
      "type": "update-node",
      "node": {
        "label": "org.eclipse.ui.internal.registry.PerspectiveDescriptor",
        "type": "VARIABLE_TYPE"
      },
      "location-before-char-start": 0,
      "location-before-char-end": 0,
      "location-after-char-start": 0,
      "location-after-char-end": 0,
      "node-str": "PerspectiveDescriptor"
    },
    {
      "type": "update-node",
      "node": {
        "label": "org.eclipse.ui.internal.registry.PerspectiveDescriptor(\u003cunknown\u003e,\u003cunknown\u003e,\u003cunknown\u003e)",
        "type": "ConstructorCall"
      },
      "location-before-char-start": 4212,
      "location-before-char-end": 4254,
      "location-after-char-start": 3823,
      "location-after-char-end": 3865,
      "node-str": "PerspectiveDescriptor(\u003cunknown\u003e,\u003cunknown\u003e,\u003cunknown\u003e)"
    },
    {
      "type": "update-node",
      "node": {
        "label": "org.eclipse.ui.XMLMemento",
        "type": "VARIABLE_TYPE"
      },
      "location-before-char-start": 0,
      "location-before-char-end": 0,
      "location-after-char-start": 0,
      "location-after-char-end": 0,
      "node-str": "XMLMemento"
    },
    {
      "type": "update-node",
      "node": {
        "label": "org.eclipse.ui.XMLMemento",
        "type": "TypeAccess"
      },
      "location-before-char-start": 4369,
      "location-before-char-end": 4378,
      "location-after-char-start": 3980,
      "location-after-char-end": 3989,
      "node-str": "XMLMemento"
    },
    {
      "type": "update-node",
      "node": {
        "label": "org.eclipse.ui.WorkbenchException",
        "type": "VARIABLE_TYPE"
      },
      "location-before-char-start": 0,
      "location-before-char-end": 0,
      "location-after-char-start": 0,
      "location-after-char-end": 0,
      "node-str": "WorkbenchException"
    },
    {
      "type": "delete-node",
      "node": {
        "label": "public",
        "type": "Modifier"
      },
      "location-before-char-start": 0,
      "location-before-char-end": 0,
      "node-str": "public"
    },
    {
      "type": "delete-node",
      "node": {
        "label": "java.util.ArrayList",
        "type": "VARIABLE_TYPE"
      },
      "location-before-char-start": 0,
      "location-before-char-end": 0,
      "node-str": "java.util.ArrayList"
    },
    {
      "type": "delete-node",
      "node": {
        "label": "10",
        "type": "Literal"
      },
      "location-before-char-start": 1561,
      "location-before-char-end": 1562,
      "node-str": "10"
    },
    {
      "type": "delete-node",
      "node": {
        "label": "java.util.ArrayList(int)",
        "type": "ConstructorCall"
      },
      "location-before-char-start": 1547,
      "location-before-char-end": 1563,
      "node-str": "java.util.ArrayList(int)"
    },
    {
      "type": "delete-node",
      "node": {
        "label": "children",
        "type": "Field"
      },
      "location-before-char-start": 1518,
      "location-before-char-end": 1564,
      "node-str": "children"
    },
    {
      "type": "delete-node",
      "node": {
        "label": "java.lang.String",
        "type": "VARIABLE_TYPE"
      },
      "location-before-char-start": 0,
      "location-before-char-end": 0,
      "node-str": "java.lang.String"
    },
    {
      "type": "delete-node",
      "node": {
        "label": "defaultPerspID",
        "type": "Field"
      },
      "location-before-char-start": 1567,
      "location-before-char-end": 1596,
      "node-str": "defaultPerspID"
    },
    {
      "type": "delete-node",
      "node": {
        "label": "java.util.ArrayList",
        "type": "VARIABLE_TYPE"
      },
      "location-before-char-start": 0,
      "location-before-char-end": 0,
      "node-str": "java.util.ArrayList"
    },
    {
      "type": "delete-node",
      "node": {
        "label": "5",
        "type": "Literal"
      },
      "location-before-char-start": 2004,
      "location-before-char-end": 2004,
      "node-str": "5"
    },
    {
      "type": "delete-node",
      "node": {
        "label": "java.util.ArrayList(int)",
        "type": "ConstructorCall"
      },
      "location-before-char-start": 1990,
      "location-before-char-end": 2005,
      "node-str": "java.util.ArrayList(int)"
    },
    {
      "type": "delete-node",
      "node": {
        "label": "perspToRemove",
        "type": "Field"
      },
      "location-before-char-start": 1880,
      "location-before-char-end": 2006,
      "node-str": "perspToRemove"
    },
    {
      "type": "delete-node",
      "node": {
        "label": "public",
        "type": "Modifier"
      },
      "location-before-char-start": 0,
      "location-before-char-end": 0,
      "node-str": "public"
    },
    {
      "type": "delete-node",
      "node": {
        "label": "\u003cinit\u003e",
        "type": "Invocation"
      },
      "location-before-char-start": 2145,
      "location-before-char-end": 2152,
      "node-str": "\u003cinit\u003e"
    },
    {
      "type": "delete-node",
      "node": {
        "label": "org.eclipse.jface.preference.IPreferenceStore",
        "type": "VARIABLE_TYPE"
      },
      "location-before-char-start": 0,
      "location-before-char-end": 0,
      "node-str": "org.eclipse.jface.preference.IPreferenceStore"
    },
    {
      "type": "delete-node",
      "node": {
        "label": "org.eclipse.ui.internal.WorkbenchPlugin",
        "type": "TypeAccess"
      },
      "location-before-char-start": 2182,
      "location-before-char-end": 2196,
      "node-str": "org.eclipse.ui.internal.WorkbenchPlugin"
    },
    {
      "type": "delete-node",
      "node": {
        "label": "getDefault",
        "type": "Invocation"
      },
      "location-before-char-start": 2182,
      "location-before-char-end": 2209,
      "node-str": "getDefault"
    },
    {
      "type": "delete-node",
      "node": {
        "label": "getPreferenceStore",
        "type": "Invocation"
      },
      "location-before-char-start": 2182,
      "location-before-char-end": 2230,
      "node-str": "getPreferenceStore"
    },
    {
      "type": "delete-node",
      "node": {
        "label": "store",
        "type": "LocalVariable"
      },
      "location-before-char-start": 2157,
      "location-before-char-end": 2231,
      "node-str": "store"
    },
    {
      "type": "delete-node",
      "node": {
        "label": "void",
        "type": "RETURN_TYPE"
      },
      "location-before-char-start": 0,
      "location-before-char-end": 0,
      "node-str": "void"
    },
    {
      "type": "delete-node",
      "node": {
        "label": "public",
        "type": "Modifier"
      },
      "location-before-char-start": 0,
      "location-before-char-end": 0,
      "node-str": "public"
    },
    {
      "type": "delete-node",
      "node": {
        "label": "org.eclipse.ui.internal.registry.PerspectiveDescriptor",
        "type": "VARIABLE_TYPE"
      },
      "location-before-char-start": 0,
      "location-before-char-end": 0,
      "node-str": "org.eclipse.ui.internal.registry.PerspectiveDescriptor"
    },
    {
      "type": "delete-node",
      "node": {
        "label": "desc",
        "type": "Parameter"
      },
      "location-before-char-start": 5535,
      "location-before-char-end": 5560,
      "node-str": "desc"
    },
    {
      "type": "delete-node",
      "node": {
        "label": "org.eclipse.ui.internal.registry.PerspectiveRegistry",
        "type": "TypeAccess"
      },
      "location-before-char-start": 0,
      "location-before-char-end": 0,
      "node-str": "org.eclipse.ui.internal.registry.PerspectiveRegistry"
    },
    {
      "type": "delete-node",
      "node": {
        "label": "children",
        "type": "FieldRead"
      },
      "location-before-char-start": 5566,
      "location-before-char-end": 5573,
      "node-str": "children"
    },
    {
      "type": "delete-node",
      "node": {
        "label": "desc",
        "type": "VariableRead"
      },
      "location-before-char-start": 5579,
      "location-before-char-end": 5582,
      "node-str": "desc"
    },
    {
      "type": "delete-node",
      "node": {
        "label": "add",
        "type": "Invocation"
      },
      "location-before-char-start": 5566,
      "location-before-char-end": 5584,
      "node-str": "add"
    },
    {
      "type": "delete-node",
      "node": {
        "label": "addPerspective",
        "type": "Method"
      },
      "location-before-char-start": 5438,
      "location-before-char-end": 5586,
      "node-str": "addPerspective"
    },
    {
      "type": "delete-node",
      "node": {
        "label": "void",
        "type": "RETURN_TYPE"
      },
      "location-before-char-start": 0,
      "location-before-char-end": 0,
      "node-str": "void"
    },
    {
      "type": "delete-node",
      "node": {
        "label": "public",
        "type": "Modifier"
      },
      "location-before-char-start": 0,
      "location-before-char-end": 0,
      "node-str": "public"
    },
    {
      "type": "delete-node",
      "node": {
        "label": "java.util.ArrayList",
        "type": "VARIABLE_TYPE"
      },
      "location-before-char-start": 0,
      "location-before-char-end": 0,
      "node-str": "java.util.ArrayList"
    },
    {
      "type": "delete-node",
      "node": {
        "label": "perspToRevert",
        "type": "Parameter"
      },
      "location-before-char-start": 6204,
      "location-before-char-end": 6226,
      "node-str": "perspToRevert"
    },
    {
      "type": "delete-node",
      "node": {
        "label": "int",
        "type": "VARIABLE_TYPE"
      },
      "location-before-char-start": 0,
      "location-before-char-end": 0,
      "node-str": "int"
    },
    {
      "type": "delete-node",
      "node": {
        "label": "0",
        "type": "Literal"
      },
      "location-before-char-start": 6303,
      "location-before-char-end": 6303,
      "node-str": "0"
    },
    {
      "type": "delete-node",
      "node": {
        "label": "i",
        "type": "LocalVariable"
      },
      "location-before-char-start": 6295,
      "location-before-char-end": 6303,
      "node-str": "i"
    },
    {
      "type": "delete-node",
      "node": {
        "label": "i",
        "type": "VariableRead"
      },
      "location-before-char-start": 6306,
      "location-before-char-end": 6306,
      "node-str": "i"
    },
    {
      "type": "delete-node",
      "node": {
        "label": "perspToRevert",
        "type": "VariableRead"
      },
      "location-before-char-start": 6310,
      "location-before-char-end": 6322,
      "node-str": "perspToRevert"
    },
    {
      "type": "delete-node",
      "node": {
        "label": "size",
        "type": "Invocation"
      },
      "location-before-char-start": 6310,
      "location-before-char-end": 6329,
      "node-str": "size"
    },
    {
      "type": "delete-node",
      "node": {
        "label": "LT",
        "type": "BinaryOperator"
      },
      "location-before-char-start": 6306,
      "location-before-char-end": 6329,
      "node-str": "LT"
    },
    {
      "type": "delete-node",
      "node": {
        "label": "i",
        "type": "VariableWrite"
      },
      "location-before-char-start": 6332,
      "location-before-char-end": 6332,
      "node-str": "i"
    },
    {
      "type": "delete-node",
      "node": {
        "label": "POSTINC",
        "type": "UnaryOperator"
      },
      "location-before-char-start": 6332,
      "location-before-char-end": 6334,
      "node-str": "POSTINC"
    },
    {
      "type": "delete-node",
      "node": {
        "label": "org.eclipse.ui.internal.registry.PerspectiveDescriptor",
        "type": "VARIABLE_TYPE"
      },
      "location-before-char-start": 0,
      "location-before-char-end": 0,
      "node-str": "org.eclipse.ui.internal.registry.PerspectiveDescriptor"
    },
    {
      "type": "delete-node",
      "node": {
        "label": "perspToRevert",
        "type": "VariableRead"
      },
      "location-before-char-start": 6394,
      "location-before-char-end": 6406,
      "node-str": "perspToRevert"
    },
    {
      "type": "delete-node",
      "node": {
        "label": "i",
        "type": "VariableRead"
      },
      "location-before-char-start": 6412,
      "location-before-char-end": 6412,
      "node-str": "i"
    },
    {
      "type": "delete-node",
      "node": {
        "label": "get",
        "type": "Invocation"
      },
      "location-before-char-start": 6370,
      "location-before-char-end": 6413,
      "node-str": "get"
    },
    {
      "type": "delete-node",
      "node": {
        "label": "desc",
        "type": "LocalVariable"
      },
      "location-before-char-start": 6341,
      "location-before-char-end": 6414,
      "node-str": "desc"
    },
    {
      "type": "delete-node",
      "node": {
        "label": "desc",
        "type": "VariableRead"
      },
      "location-before-char-start": 6453,
      "location-before-char-end": 6456,
      "node-str": "desc"
    },
    {
      "type": "delete-node",
      "node": {
        "label": "revertToPredefined",
        "type": "Invocation"
      },
      "location-before-char-start": 6453,
      "location-before-char-end": 6478,
      "node-str": "revertToPredefined"
    },
    {
      "type": "delete-node",
      "node": {
        "label": "",
        "type": "For"
      },
      "location-before-char-start": 6290,
      "location-before-char-end": 6481,
      "node-str": ""
    },
    {
      "type": "delete-node",
      "node": {
        "label": "revertPerspectives",
        "type": "Method"
      },
      "location-before-char-start": 6077,
      "location-before-char-end": 6483,
      "node-str": "revertPerspectives"
    },
    {
      "type": "delete-node",
      "node": {
        "label": "void",
        "type": "RETURN_TYPE"
      },
      "location-before-char-start": 0,
      "location-before-char-end": 0,
      "node-str": "void"
    },
    {
      "type": "delete-node",
      "node": {
        "label": "java.io.Reader",
        "type": "VARIABLE_TYPE"
      },
      "location-before-char-start": 0,
      "location-before-char-end": 0,
      "node-str": "java.io.Reader"
    },
    {
      "type": "delete-node",
      "node": {
        "label": "null",
        "type": "Literal"
      },
      "location-before-char-start": 9648,
      "location-before-char-end": 9651,
      "node-str": "null"
    },
    {
      "type": "delete-node",
      "node": {
        "label": "reader",
        "type": "LocalVariable"
      },
      "location-before-char-start": 9632,
      "location-before-char-end": 9652,
      "node-str": "reader"
    },
    {
      "type": "delete-node",
      "node": {
        "label": "org.eclipse.jface.preference.IPreferenceStore",
        "type": "VARIABLE_TYPE"
      },
      "location-before-char-start": 0,
      "location-before-char-end": 0,
      "node-str": "org.eclipse.jface.preference.IPreferenceStore"
    },
    {
      "type": "delete-node",
      "node": {
        "label": "org.eclipse.ui.internal.WorkbenchPlugin",
        "type": "TypeAccess"
      },
      "location-before-char-start": 9732,
      "location-before-char-end": 9746,
      "node-str": "org.eclipse.ui.internal.WorkbenchPlugin"
    },
    {
      "type": "delete-node",
      "node": {
        "label": "getDefault",
        "type": "Invocation"
      },
      "location-before-char-start": 9732,
      "location-before-char-end": 9759,
      "node-str": "getDefault"
    },
    {
      "type": "delete-node",
      "node": {
        "label": "getPreferenceStore",
        "type": "Invocation"
      },
      "location-before-char-start": 9732,
      "location-before-char-end": 9780,
      "node-str": "getPreferenceStore"
    },
    {
      "type": "delete-node",
      "node": {
        "label": "store",
        "type": "LocalVariable"
      },
      "location-before-char-start": 9707,
      "location-before-char-end": 9781,
      "node-str": "store"
    },
    {
      "type": "delete-node",
      "node": {
        "label": "org.eclipse.core.runtime.IPath",
        "type": "VARIABLE_TYPE"
      },
      "location-before-char-start": 0,
      "location-before-char-end": 0,
      "node-str": "org.eclipse.core.runtime.IPath"
    },
    {
      "type": "delete-node",
      "node": {
        "label": "org.eclipse.ui.internal.WorkbenchPlugin",
        "type": "TypeAccess"
      },
      "location-before-char-start": 10822,
      "location-before-char-end": 10836,
      "node-str": "org.eclipse.ui.internal.WorkbenchPlugin"
    },
    {
      "type": "delete-node",
      "node": {
        "label": "getDefault",
        "type": "Invocation"
      },
      "location-before-char-start": 10822,
      "location-before-char-end": 10849,
      "node-str": "getDefault"
    },
    {
      "type": "delete-node",
      "node": {
        "label": "getStateLocation",
        "type": "Invocation"
      },
      "location-before-char-start": 10822,
      "location-before-char-end": 10868,
      "node-str": "getStateLocation"
    },
    {
      "type": "delete-node",
      "node": {
        "label": "path",
        "type": "LocalVariable"
      },
      "location-before-char-start": 10809,
      "location-before-char-end": 10869,
      "node-str": "path"
    },
    {
      "type": "delete-node",
      "node": {
        "label": "java.io.File",
        "type": "VARIABLE_TYPE"
      },
      "location-before-char-start": 0,
      "location-before-char-end": 0,
      "node-str": "java.io.File"
    },
    {
      "type": "delete-node",
      "node": {
        "label": "path",
        "type": "VariableRead"
      },
      "location-before-char-start": 10886,
      "location-before-char-end": 10889,
      "node-str": "path"
    },
    {
      "type": "delete-node",
      "node": {
        "label": "toFile",
        "type": "Invocation"
      },
      "location-before-char-start": 10886,
      "location-before-char-end": 10898,
      "node-str": "toFile"
    },
    {
      "type": "delete-node",
      "node": {
        "label": "folder",
        "type": "LocalVariable"
      },
      "location-before-char-start": 10872,
      "location-before-char-end": 10899,
      "node-str": "folder"
    },
    {
      "type": "delete-node",
      "node": {
        "label": "void",
        "type": "RETURN_TYPE"
      },
      "location-before-char-start": 0,
      "location-before-char-end": 0,
      "node-str": "void"
    },
    {
      "type": "delete-node",
      "node": {
        "label": "org.eclipse.core.runtime.IStatus",
        "type": "VARIABLE_TYPE"
      },
      "location-before-char-start": 0,
      "location-before-char-end": 0,
      "node-str": "org.eclipse.core.runtime.IStatus"
    },
    {
      "type": "delete-node",
      "node": {
        "label": "status",
        "type": "Parameter"
      },
      "location-before-char-start": 12032,
      "location-before-char-end": 12045,
      "node-str": "status"
    },
    {
      "type": "delete-node",
      "node": {
        "label": "java.lang.String",
        "type": "VARIABLE_TYPE"
      },
      "location-before-char-start": 0,
      "location-before-char-end": 0,
      "node-str": "java.lang.String"
    },
    {
      "type": "delete-node",
      "node": {
        "label": "org.eclipse.ui.internal.WorkbenchMessages",
        "type": "TypeAccess"
      },
      "location-before-char-start": 12066,
      "location-before-char-end": 12082,
      "node-str": "org.eclipse.ui.internal.WorkbenchMessages"
    },
    {
      "type": "delete-node",
      "node": {
        "label": "\"Perspective.problemLoadingTitle\"",
        "type": "Literal"
      },
      "location-before-char-start": 12094,
      "location-before-char-end": 12126,
      "node-str": "\"Perspective.problemLoadingTitle\""
    },
    {
      "type": "delete-node",
      "node": {
        "label": "getString",
        "type": "Invocation"
      },
      "location-before-char-start": 12066,
      "location-before-char-end": 12127,
      "node-str": "getString"
    },
    {
      "type": "delete-node",
      "node": {
        "label": "title",
        "type": "LocalVariable"
      },
      "location-before-char-start": 12051,
      "location-before-char-end": 12128,
      "node-str": "title"
    },
    {
      "type": "delete-node",
      "node": {
        "label": "java.lang.String",
        "type": "VARIABLE_TYPE"
      },
      "location-before-char-start": 0,
      "location-before-char-end": 0,
      "node-str": "java.lang.String"
    },
    {
      "type": "delete-node",
      "node": {
        "label": "org.eclipse.ui.internal.WorkbenchMessages",
        "type": "TypeAccess"
      },
      "location-before-char-start": 12159,
      "location-before-char-end": 12175,
      "node-str": "org.eclipse.ui.internal.WorkbenchMessages"
    },
    {
      "type": "delete-node",
      "node": {
        "label": "\"Perspective.errorLoadingState\"",
        "type": "Literal"
      },
      "location-before-char-start": 12187,
      "location-before-char-end": 12217,
      "node-str": "\"Perspective.errorLoadingState\""
    },
    {
      "type": "delete-node",
      "node": {
        "label": "getString",
        "type": "Invocation"
      },
      "location-before-char-start": 12159,
      "location-before-char-end": 12218,
      "node-str": "getString"
    },
    {
      "type": "delete-node",
      "node": {
        "label": "msg",
        "type": "LocalVariable"
      },
      "location-before-char-start": 12146,
      "location-before-char-end": 12219,
      "node-str": "msg"
    },
    {
      "type": "delete-node",
      "node": {
        "label": "status",
        "type": "VariableRead"
      },
      "location-before-char-start": 12239,
      "location-before-char-end": 12244,
      "node-str": "status"
    },
    {
      "type": "delete-node",
      "node": {
        "label": "null",
        "type": "Literal"
      },
      "location-before-char-start": 12249,
      "location-before-char-end": 12252,
      "node-str": "null"
    },
    {
      "type": "delete-node",
      "node": {
        "label": "EQ",
        "type": "BinaryOperator"
      },
      "location-before-char-start": 12239,
      "location-before-char-end": 12252,
      "node-str": "EQ"
    },
    {
      "type": "delete-node",
      "node": {
        "label": "org.eclipse.jface.dialogs.MessageDialog",
        "type": "TypeAccess"
      },
      "location-before-char-start": 12259,
      "location-before-char-end": 12271,
      "node-str": "org.eclipse.jface.dialogs.MessageDialog"
    },
    {
      "type": "delete-node",
      "node": {
        "label": "((org.eclipse.swt.widgets.Shell) (null))",
        "type": "Literal"
      },
      "location-before-char-start": 12283,
      "location-before-char-end": 12293,
      "node-str": "((org.eclipse.swt.widgets.Shell) (null))"
    },
    {
      "type": "delete-node",
      "node": {
        "label": "title",
        "type": "VariableRead"
      },
      "location-before-char-start": 12295,
      "location-before-char-end": 12299,
      "node-str": "title"
    },
    {
      "type": "delete-node",
      "node": {
        "label": "msg",
        "type": "VariableRead"
      },
      "location-before-char-start": 12301,
      "location-before-char-end": 12303,
      "node-str": "msg"
    },
    {
      "type": "delete-node",
      "node": {
        "label": "openError",
        "type": "Invocation"
      },
      "location-before-char-start": 12259,
      "location-before-char-end": 12305,
      "node-str": "openError"
    },
    {
      "type": "delete-node",
      "node": {
        "label": "THEN",
        "type": "then"
      },
      "location-before-char-start": 12255,
      "location-before-char-end": 12308,
      "node-str": "THEN"
    },
    {
      "type": "delete-node",
      "node": {
        "label": "org.eclipse.jface.dialogs.ErrorDialog",
        "type": "TypeAccess"
      },
      "location-before-char-start": 12319,
      "location-before-char-end": 12329,
      "node-str": "org.eclipse.jface.dialogs.ErrorDialog"
    },
    {
      "type": "delete-node",
      "node": {
        "label": "((org.eclipse.swt.widgets.Shell) (null))",
        "type": "Literal"
      },
      "location-before-char-start": 12341,
      "location-before-char-end": 12351,
      "node-str": "((org.eclipse.swt.widgets.Shell) (null))"
    },
    {
      "type": "delete-node",
      "node": {
        "label": "title",
        "type": "VariableRead"
      },
      "location-before-char-start": 12353,
      "location-before-char-end": 12357,
      "node-str": "title"
    },
    {
      "type": "delete-node",
      "node": {
        "label": "msg",
        "type": "VariableRead"
      },
      "location-before-char-start": 12359,
      "location-before-char-end": 12361,
      "node-str": "msg"
    },
    {
      "type": "delete-node",
      "node": {
        "label": "status",
        "type": "VariableRead"
      },
      "location-before-char-start": 12363,
      "location-before-char-end": 12368,
      "node-str": "status"
    },
    {
      "type": "delete-node",
      "node": {
        "label": "openError",
        "type": "Invocation"
      },
      "location-before-char-start": 12319,
      "location-before-char-end": 12370,
      "node-str": "openError"
    },
    {
      "type": "delete-node",
      "node": {
        "label": "ELSE",
        "type": "else"
      },
      "location-before-char-start": 12315,
      "location-before-char-end": 12373,
      "node-str": "ELSE"
    },
    {
      "type": "delete-node",
      "node": {
        "label": "if",
        "type": "If"
      },
      "location-before-char-start": 12236,
      "location-before-char-end": 12373,
      "node-str": "if"
    },
    {
      "type": "delete-node",
      "node": {
        "label": "unableToLoadPerspective",
        "type": "Method"
      },
      "location-before-char-start": 11995,
      "location-before-char-end": 12375,
      "node-str": "unableToLoadPerspective"
    },
    {
      "type": "delete-node",
      "node": {
        "label": "void",
        "type": "RETURN_TYPE"
      },
      "location-before-char-start": 0,
      "location-before-char-end": 0,
      "node-str": "void"
    },
    {
      "type": "delete-node",
      "node": {
        "label": "java.io.IOException",
        "type": "THROWS"
      },
      "location-before-char-start": 0,
      "location-before-char-end": 0,
      "node-str": "java.io.IOException"
    },
    {
      "type": "delete-node",
      "node": {
        "label": "public",
        "type": "Modifier"
      },
      "location-before-char-start": 0,
      "location-before-char-end": 0,
      "node-str": "public"
    },
    {
      "type": "delete-node",
      "node": {
        "label": "org.eclipse.ui.internal.registry.PerspectiveDescriptor",
        "type": "VARIABLE_TYPE"
      },
      "location-before-char-start": 0,
      "location-before-char-end": 0,
      "node-str": "org.eclipse.ui.internal.registry.PerspectiveDescriptor"
    },
    {
      "type": "delete-node",
      "node": {
        "label": "realDesc",
        "type": "Parameter"
      },
      "location-before-char-start": 12494,
      "location-before-char-end": 12523,
      "node-str": "realDesc"
    },
    {
      "type": "delete-node",
      "node": {
        "label": "org.eclipse.ui.XMLMemento",
        "type": "VARIABLE_TYPE"
      },
      "location-before-char-start": 0,
      "location-before-char-end": 0,
      "node-str": "org.eclipse.ui.XMLMemento"
    },
    {
      "type": "delete-node",
      "node": {
        "label": "memento",
        "type": "Parameter"
      },
      "location-before-char-start": 12526,
      "location-before-char-end": 12543,
      "node-str": "memento"
    },
    {
      "type": "delete-node",
      "node": {
        "label": "org.eclipse.jface.preference.IPreferenceStore",
        "type": "VARIABLE_TYPE"
      },
      "location-before-char-start": 0,
      "location-before-char-end": 0,
      "node-str": "org.eclipse.jface.preference.IPreferenceStore"
    },
    {
      "type": "delete-node",
      "node": {
        "label": "org.eclipse.ui.internal.WorkbenchPlugin",
        "type": "TypeAccess"
      },
      "location-before-char-start": 12594,
      "location-before-char-end": 12608,
      "node-str": "org.eclipse.ui.internal.WorkbenchPlugin"
    },
    {
      "type": "delete-node",
      "node": {
        "label": "getDefault",
        "type": "Invocation"
      },
      "location-before-char-start": 12594,
      "location-before-char-end": 12621,
      "node-str": "getDefault"
    },
    {
      "type": "delete-node",
      "node": {
        "label": "getPreferenceStore",
        "type": "Invocation"
      },
      "location-before-char-start": 12594,
      "location-before-char-end": 12642,
      "node-str": "getPreferenceStore"
    },
    {
      "type": "delete-node",
      "node": {
        "label": "store",
        "type": "LocalVariable"
      },
      "location-before-char-start": 12569,
      "location-before-char-end": 12643,
      "node-str": "store"
    },
    {
      "type": "delete-node",
      "node": {
        "label": "java.io.Writer",
        "type": "VARIABLE_TYPE"
      },
      "location-before-char-start": 0,
      "location-before-char-end": 0,
      "node-str": "java.io.Writer"
    },
    {
      "type": "delete-node",
      "node": {
        "label": "java.io.StringWriter()",
        "type": "ConstructorCall"
      },
      "location-before-char-start": 12701,
      "location-before-char-end": 12718,
      "node-str": "java.io.StringWriter()"
    },
    {
      "type": "delete-node",
      "node": {
        "label": "writer",
        "type": "LocalVariable"
      },
      "location-before-char-start": 12685,
      "location-before-char-end": 12719,
      "node-str": "writer"
    },
    {
      "type": "delete-node",
      "node": {
        "label": "memento",
        "type": "VariableRead"
      },
      "location-before-char-start": 12725,
      "location-before-char-end": 12731,
      "node-str": "memento"
    },
    {
      "type": "delete-node",
      "node": {
        "label": "writer",
        "type": "VariableRead"
      },
      "location-before-char-start": 12738,
      "location-before-char-end": 12743,
      "node-str": "writer"
    },
    {
      "type": "delete-node",
      "node": {
        "label": "save",
        "type": "Invocation"
      },
      "location-before-char-start": 12725,
      "location-before-char-end": 12745,
      "node-str": "save"
    },
    {
      "type": "delete-node",
      "node": {
        "label": "writer",
        "type": "VariableRead"
      },
      "location-before-char-start": 12748,
      "location-before-char-end": 12753,
      "node-str": "writer"
    },
    {
      "type": "delete-node",
      "node": {
        "label": "close",
        "type": "Invocation"
      },
      "location-before-char-start": 12748,
      "location-before-char-end": 12762,
      "node-str": "close"
    },
    {
      "type": "delete-node",
      "node": {
        "label": "saveCustomPersp",
        "type": "Method"
      },
      "location-before-char-start": 12377,
      "location-before-char-end": 12827,
      "node-str": "saveCustomPersp"
    }
  ],
  "before-file": {},
  "after-file": {},
  "mapping": {}
}