{
  "tool-info": {},
  "diff": [
    {
      "type": "insert-node",
      "node": {
        "label": "public",
        "type": "Modifier"
      },
      "location-after-char-start": 0,
      "location-after-char-end": 0,
      "node-str": "public"
    },
    {
      "type": "insert-node",
      "node": {
        "label": "\u003cinit\u003e",
        "type": "Constructor"
      },
      "location-after-char-start": 2024,
      "location-after-char-end": 2149,
      "node-str": "\u003cinit\u003e"
    },
    {
      "type": "insert-node",
      "node": {
        "label": "basicOrphan",
        "type": "Method"
      },
      "location-after-char-start": 2803,
      "location-after-char-end": 3199,
      "node-str": "basicOrphan"
    },
    {
      "type": "insert-node",
      "node": {
        "label": "read",
        "type": "Method"
      },
      "location-after-char-start": 4692,
      "location-after-char-end": 5167,
      "node-str": "read"
    },
    {
      "type": "insert-node",
      "node": {
        "label": "void",
        "type": "RETURN_TYPE"
      },
      "location-after-char-start": 0,
      "location-after-char-end": 0,
      "node-str": "void"
    },
    {
      "type": "insert-node",
      "node": {
        "label": "protected",
        "type": "Modifier"
      },
      "location-after-char-start": 0,
      "location-after-char-end": 0,
      "node-str": "protected"
    },
    {
      "type": "move-subtree",
      "node": {
        "label": "figure",
        "type": "Parameter"
      },
      "location-before-char-start": 2256,
      "location-before-char-end": 2268,
      "location-after-char-start": 2965,
      "location-after-char-end": 2977,
      "node-str": "figure"
    },
    {
      "type": "move-subtree",
      "node": {
        "label": "basicOrphan",
        "type": "Invocation"
      },
      "location-before-char-start": 2450,
      "location-before-char-end": 2475,
      "location-after-char-start": 3171,
      "location-after-char-end": 3196,
      "node-str": "basicOrphan"
    },
    {
      "type": "insert-node",
      "node": {
        "label": "void",
        "type": "RETURN_TYPE"
      },
      "location-after-char-start": 0,
      "location-after-char-end": 0,
      "node-str": "void"
    },
    {
      "type": "insert-node",
      "node": {
        "label": "java.io.IOException",
        "type": "THROWS"
      },
      "location-after-char-start": 0,
      "location-after-char-end": 0,
      "node-str": "java.io.IOException"
    },
    {
      "type": "insert-node",
      "node": {
        "label": "public",
        "type": "Modifier"
      },
      "location-after-char-start": 0,
      "location-after-char-end": 0,
      "node-str": "public"
    },
    {
      "type": "move-subtree",
      "node": {
        "label": "dr",
        "type": "Parameter"
      },
      "location-before-char-start": 4134,
      "location-before-char-end": 4149,
      "location-after-char-start": 4855,
      "location-after-char-end": 4870,
      "node-str": "dr"
    },
    {
      "type": "move-subtree",
      "node": {
        "label": "read",
        "type": "Invocation"
      },
      "location-before-char-start": 4175,
      "location-before-char-end": 4189,
      "location-after-char-start": 4896,
      "location-after-char-end": 4910,
      "node-str": "read"
    },
    {
      "type": "delete-node",
      "node": {
        "label": "public",
        "type": "Modifier"
      },
      "location-before-char-start": 0,
      "location-before-char-end": 0,
      "node-str": "public"
    },
    {
      "type": "delete-node",
      "node": {
        "label": "CH.ifa.draw.samples.javadraw.BouncingDrawing",
        "type": "TypeAccess"
      },
      "location-before-char-start": 0,
      "location-before-char-end": 0,
      "node-str": "CH.ifa.draw.samples.javadraw.BouncingDrawing"
    },
    {
      "type": "delete-node",
      "node": {
        "label": "decorations",
        "type": "FieldWrite"
      },
      "location-before-char-start": 1181,
      "location-before-char-end": 1191,
      "node-str": "decorations"
    },
    {
      "type": "delete-node",
      "node": {
        "label": "java.util.HashMap()",
        "type": "ConstructorCall"
      },
      "location-before-char-start": 1195,
      "location-before-char-end": 1207,
      "node-str": "java.util.HashMap()"
    },
    {
      "type": "delete-node",
      "node": {
        "label": "\u003d",
        "type": "Assignment"
      },
      "location-before-char-start": 1181,
      "location-before-char-end": 1208,
      "node-str": "\u003d"
    },
    {
      "type": "delete-node",
      "node": {
        "label": "\u003cinit\u003e",
        "type": "Constructor"
      },
      "location-before-char-start": 1160,
      "location-before-char-end": 1283,
      "node-str": "\u003cinit\u003e"
    },
    {
      "type": "delete-node",
      "node": {
        "label": "CH.ifa.draw.samples.javadraw.BouncingDrawing",
        "type": "TypeAccess"
      },
      "location-before-char-start": 0,
      "location-before-char-end": 0,
      "node-str": "CH.ifa.draw.samples.javadraw.BouncingDrawing"
    },
    {
      "type": "delete-node",
      "node": {
        "label": "decorations",
        "type": "FieldRead"
      },
      "location-before-char-start": 1783,
      "location-before-char-end": 1793,
      "node-str": "decorations"
    },
    {
      "type": "delete-node",
      "node": {
        "label": "figure",
        "type": "VariableRead"
      },
      "location-before-char-start": 1800,
      "location-before-char-end": 1805,
      "node-str": "figure"
    },
    {
      "type": "delete-node",
      "node": {
        "label": "ad",
        "type": "VariableRead"
      },
      "location-before-char-start": 1809,
      "location-before-char-end": 1810,
      "node-str": "ad"
    },
    {
      "type": "delete-node",
      "node": {
        "label": "put",
        "type": "Invocation"
      },
      "location-before-char-start": 1783,
      "location-before-char-end": 1812,
      "node-str": "put"
    },
    {
      "type": "delete-node",
      "node": {
        "label": "void",
        "type": "RETURN_TYPE"
      },
      "location-before-char-start": 0,
      "location-before-char-end": 0,
      "node-str": "void"
    },
    {
      "type": "delete-node",
      "node": {
        "label": "protected",
        "type": "Modifier"
      },
      "location-before-char-start": 0,
      "location-before-char-end": 0,
      "node-str": "protected"
    },
    {
      "type": "delete-node",
      "node": {
        "label": "figure",
        "type": "VariableRead"
      },
      "location-before-char-start": 2277,
      "location-before-char-end": 2282,
      "node-str": "figure"
    },
    {
      "type": "delete-node",
      "node": {
        "label": "AnimationDecorator",
        "type": "TypeAccess"
      },
      "location-before-char-start": 2295,
      "location-before-char-end": 2312,
      "node-str": "AnimationDecorator"
    },
    {
      "type": "delete-node",
      "node": {
        "label": "INSTANCEOF",
        "type": "BinaryOperator"
      },
      "location-before-char-start": 2277,
      "location-before-char-end": 2312,
      "node-str": "INSTANCEOF"
    },
    {
      "type": "delete-node",
      "node": {
        "label": "figure",
        "type": "VariableRead"
      },
      "location-before-char-start": 2319,
      "location-before-char-end": 2346,
      "node-str": "figure"
    },
    {
      "type": "delete-node",
      "node": {
        "label": "peelDecoration",
        "type": "Invocation"
      },
      "location-before-char-start": 2319,
      "location-before-char-end": 2364,
      "node-str": "peelDecoration"
    },
    {
      "type": "delete-node",
      "node": {
        "label": "THEN",
        "type": "then"
      },
      "location-before-char-start": 2314,
      "location-before-char-end": 2368,
      "node-str": "THEN"
    },
    {
      "type": "delete-node",
      "node": {
        "label": "if",
        "type": "If"
      },
      "location-before-char-start": 2274,
      "location-before-char-end": 2368,
      "node-str": "if"
    },
    {
      "type": "delete-node",
      "node": {
        "label": "CH.ifa.draw.samples.javadraw.BouncingDrawing",
        "type": "TypeAccess"
      },
      "location-before-char-start": 0,
      "location-before-char-end": 0,
      "node-str": "CH.ifa.draw.samples.javadraw.BouncingDrawing"
    },
    {
      "type": "delete-node",
      "node": {
        "label": "decorations",
        "type": "FieldRead"
      },
      "location-before-char-start": 2375,
      "location-before-char-end": 2385,
      "node-str": "decorations"
    },
    {
      "type": "delete-node",
      "node": {
        "label": "figure",
        "type": "VariableRead"
      },
      "location-before-char-start": 2400,
      "location-before-char-end": 2405,
      "node-str": "figure"
    },
    {
      "type": "delete-node",
      "node": {
        "label": "containsKey",
        "type": "Invocation"
      },
      "location-before-char-start": 2375,
      "location-before-char-end": 2407,
      "node-str": "containsKey"
    },
    {
      "type": "delete-node",
      "node": {
        "label": "CH.ifa.draw.samples.javadraw.BouncingDrawing",
        "type": "TypeAccess"
      },
      "location-before-char-start": 0,
      "location-before-char-end": 0,
      "node-str": "CH.ifa.draw.samples.javadraw.BouncingDrawing"
    },
    {
      "type": "delete-node",
      "node": {
        "label": "decorations",
        "type": "FieldRead"
      },
      "location-before-char-start": 2414,
      "location-before-char-end": 2424,
      "node-str": "decorations"
    },
    {
      "type": "delete-node",
      "node": {
        "label": "figure",
        "type": "VariableRead"
      },
      "location-before-char-start": 2434,
      "location-before-char-end": 2439,
      "node-str": "figure"
    },
    {
      "type": "delete-node",
      "node": {
        "label": "remove",
        "type": "Invocation"
      },
      "location-before-char-start": 2414,
      "location-before-char-end": 2442,
      "node-str": "remove"
    },
    {
      "type": "delete-node",
      "node": {
        "label": "THEN",
        "type": "then"
      },
      "location-before-char-start": 2409,
      "location-before-char-end": 2446,
      "node-str": "THEN"
    },
    {
      "type": "delete-node",
      "node": {
        "label": "if",
        "type": "If"
      },
      "location-before-char-start": 2372,
      "location-before-char-end": 2446,
      "node-str": "if"
    },
    {
      "type": "delete-node",
      "node": {
        "label": "basicOrphan",
        "type": "Method"
      },
      "location-before-char-start": 2229,
      "location-before-char-end": 2478,
      "node-str": "basicOrphan"
    },
    {
      "type": "delete-node",
      "node": {
        "label": "void",
        "type": "RETURN_TYPE"
      },
      "location-before-char-start": 0,
      "location-before-char-end": 0,
      "node-str": "void"
    },
    {
      "type": "delete-node",
      "node": {
        "label": "java.io.IOException",
        "type": "THROWS"
      },
      "location-before-char-start": 0,
      "location-before-char-end": 0,
      "node-str": "java.io.IOException"
    },
    {
      "type": "delete-node",
      "node": {
        "label": "public",
        "type": "Modifier"
      },
      "location-before-char-start": 0,
      "location-before-char-end": 0,
      "node-str": "public"
    },
    {
      "type": "delete-node",
      "node": {
        "label": "int",
        "type": "VARIABLE_TYPE"
      },
      "location-before-char-start": 0,
      "location-before-char-end": 0,
      "node-str": "int"
    },
    {
      "type": "delete-node",
      "node": {
        "label": "dr",
        "type": "VariableRead"
      },
      "location-before-char-start": 4222,
      "location-before-char-end": 4223,
      "node-str": "dr"
    },
    {
      "type": "delete-node",
      "node": {
        "label": "readInt",
        "type": "Invocation"
      },
      "location-before-char-start": 4222,
      "location-before-char-end": 4233,
      "node-str": "readInt"
    },
    {
      "type": "delete-node",
      "node": {
        "label": "size",
        "type": "LocalVariable"
      },
      "location-before-char-start": 4211,
      "location-before-char-end": 4234,
      "node-str": "size"
    },
    {
      "type": "delete-node",
      "node": {
        "label": "CH.ifa.draw.samples.javadraw.BouncingDrawing",
        "type": "TypeAccess"
      },
      "location-before-char-start": 0,
      "location-before-char-end": 0,
      "node-str": "CH.ifa.draw.samples.javadraw.BouncingDrawing"
    },
    {
      "type": "delete-node",
      "node": {
        "label": "decorations",
        "type": "FieldWrite"
      },
      "location-before-char-start": 4238,
      "location-before-char-end": 4248,
      "node-str": "decorations"
    },
    {
      "type": "delete-node",
      "node": {
        "label": "size",
        "type": "VariableRead"
      },
      "location-before-char-start": 4265,
      "location-before-char-end": 4268,
      "node-str": "size"
    },
    {
      "type": "delete-node",
      "node": {
        "label": "java.util.HashMap(int)",
        "type": "ConstructorCall"
      },
      "location-before-char-start": 4252,
      "location-before-char-end": 4270,
      "node-str": "java.util.HashMap(int)"
    },
    {
      "type": "delete-node",
      "node": {
        "label": "\u003d",
        "type": "Assignment"
      },
      "location-before-char-start": 4238,
      "location-before-char-end": 4271,
      "node-str": "\u003d"
    },
    {
      "type": "delete-node",
      "node": {
        "label": "int",
        "type": "VARIABLE_TYPE"
      },
      "location-before-char-start": 0,
      "location-before-char-end": 0,
      "node-str": "int"
    },
    {
      "type": "delete-node",
      "node": {
        "label": "0",
        "type": "Literal"
      },
      "location-before-char-start": 4286,
      "location-before-char-end": 4286,
      "node-str": "0"
    },
    {
      "type": "delete-node",
      "node": {
        "label": "i",
        "type": "LocalVariable"
      },
      "location-before-char-start": 4280,
      "location-before-char-end": 4286,
      "node-str": "i"
    },
    {
      "type": "delete-node",
      "node": {
        "label": "i",
        "type": "VariableRead"
      },
      "location-before-char-start": 4289,
      "location-before-char-end": 4289,
      "node-str": "i"
    },
    {
      "type": "delete-node",
      "node": {
        "label": "size",
        "type": "VariableRead"
      },
      "location-before-char-start": 4291,
      "location-before-char-end": 4294,
      "node-str": "size"
    },
    {
      "type": "delete-node",
      "node": {
        "label": "LT",
        "type": "BinaryOperator"
      },
      "location-before-char-start": 4289,
      "location-before-char-end": 4294,
      "node-str": "LT"
    },
    {
      "type": "delete-node",
      "node": {
        "label": "i",
        "type": "VariableWrite"
      },
      "location-before-char-start": 4297,
      "location-before-char-end": 4297,
      "node-str": "i"
    },
    {
      "type": "delete-node",
      "node": {
        "label": "POSTINC",
        "type": "UnaryOperator"
      },
      "location-before-char-start": 4297,
      "location-before-char-end": 4299,
      "node-str": "POSTINC"
    },
    {
      "type": "delete-node",
      "node": {
        "label": "Figure",
        "type": "VARIABLE_TYPE"
      },
      "location-before-char-start": 0,
      "location-before-char-end": 0,
      "node-str": "Figure"
    },
    {
      "type": "delete-node",
      "node": {
        "label": "dr",
        "type": "VariableRead"
      },
      "location-before-char-start": 4329,
      "location-before-char-end": 4330,
      "node-str": "dr"
    },
    {
      "type": "delete-node",
      "node": {
        "label": "readStorable",
        "type": "Invocation"
      },
      "location-before-char-start": 4320,
      "location-before-char-end": 4345,
      "node-str": "readStorable"
    },
    {
      "type": "delete-node",
      "node": {
        "label": "key",
        "type": "LocalVariable"
      },
      "location-before-char-start": 4307,
      "location-before-char-end": 4346,
      "node-str": "key"
    },
    {
      "type": "delete-node",
      "node": {
        "label": "Figure",
        "type": "VARIABLE_TYPE"
      },
      "location-before-char-start": 0,
      "location-before-char-end": 0,
      "node-str": "Figure"
    },
    {
      "type": "delete-node",
      "node": {
        "label": "dr",
        "type": "VariableRead"
      },
      "location-before-char-start": 4375,
      "location-before-char-end": 4376,
      "node-str": "dr"
    },
    {
      "type": "delete-node",
      "node": {
        "label": "readStorable",
        "type": "Invocation"
      },
      "location-before-char-start": 4366,
      "location-before-char-end": 4391,
      "node-str": "readStorable"
    },
    {
      "type": "delete-node",
      "node": {
        "label": "value",
        "type": "LocalVariable"
      },
      "location-before-char-start": 4351,
      "location-before-char-end": 4392,
      "node-str": "value"
    },
    {
      "type": "delete-node",
      "node": {
        "label": "CH.ifa.draw.samples.javadraw.BouncingDrawing",
        "type": "TypeAccess"
      },
      "location-before-char-start": 0,
      "location-before-char-end": 0,
      "node-str": "CH.ifa.draw.samples.javadraw.BouncingDrawing"
    },
    {
      "type": "delete-node",
      "node": {
        "label": "decorations",
        "type": "FieldRead"
      },
      "location-before-char-start": 4397,
      "location-before-char-end": 4407,
      "node-str": "decorations"
    },
    {
      "type": "delete-node",
      "node": {
        "label": "key",
        "type": "VariableRead"
      },
      "location-before-char-start": 4414,
      "location-before-char-end": 4416,
      "node-str": "key"
    },
    {
      "type": "delete-node",
      "node": {
        "label": "value",
        "type": "VariableRead"
      },
      "location-before-char-start": 4419,
      "location-before-char-end": 4423,
      "node-str": "value"
    },
    {
      "type": "delete-node",
      "node": {
        "label": "put",
        "type": "Invocation"
      },
      "location-before-char-start": 4397,
      "location-before-char-end": 4425,
      "node-str": "put"
    },
    {
      "type": "delete-node",
      "node": {
        "label": "",
        "type": "For"
      },
      "location-before-char-start": 4275,
      "location-before-char-end": 4429,
      "node-str": ""
    },
    {
      "type": "delete-node",
      "node": {
        "label": "read",
        "type": "Method"
      },
      "location-before-char-start": 3971,
      "location-before-char-end": 4432,
      "node-str": "read"
    },
    {
      "type": "delete-node",
      "node": {
        "label": "CH.ifa.draw.samples.javadraw.FigureEnumeration",
        "type": "RETURN_TYPE"
      },
      "location-before-char-start": 0,
      "location-before-char-end": 0,
      "node-str": "CH.ifa.draw.samples.javadraw.FigureEnumeration"
    },
    {
      "type": "delete-node",
      "node": {
        "label": "public",
        "type": "Modifier"
      },
      "location-before-char-start": 0,
      "location-before-char-end": 0,
      "node-str": "public"
    },
    {
      "type": "delete-node",
      "node": {
        "label": "java.util.List",
        "type": "VARIABLE_TYPE"
      },
      "location-before-char-start": 0,
      "location-before-char-end": 0,
      "node-str": "java.util.List"
    },
    {
      "type": "delete-node",
      "node": {
        "label": "CollectionsFactory",
        "type": "TypeAccess"
      },
      "location-before-char-start": 4570,
      "location-before-char-end": 4587,
      "node-str": "CollectionsFactory"
    },
    {
      "type": "delete-node",
      "node": {
        "label": "current",
        "type": "Invocation"
      },
      "location-before-char-start": 4570,
      "location-before-char-end": 4597,
      "node-str": "current"
    },
    {
      "type": "delete-node",
      "node": {
        "label": "CH.ifa.draw.samples.javadraw.BouncingDrawing",
        "type": "TypeAccess"
      },
      "location-before-char-start": 0,
      "location-before-char-end": 0,
      "node-str": "CH.ifa.draw.samples.javadraw.BouncingDrawing"
    },
    {
      "type": "delete-node",
      "node": {
        "label": "decorations",
        "type": "FieldRead"
      },
      "location-before-char-start": 4610,
      "location-before-char-end": 4620,
      "node-str": "decorations"
    },
    {
      "type": "delete-node",
      "node": {
        "label": "size",
        "type": "Invocation"
      },
      "location-before-char-start": 4610,
      "location-before-char-end": 4627,
      "node-str": "size"
    },
    {
      "type": "delete-node",
      "node": {
        "label": "createList",
        "type": "Invocation"
      },
      "location-before-char-start": 4570,
      "location-before-char-end": 4628,
      "node-str": "createList"
    },
    {
      "type": "delete-node",
      "node": {
        "label": "figs",
        "type": "LocalVariable"
      },
      "location-before-char-start": 4558,
      "location-before-char-end": 4629,
      "node-str": "figs"
    },
    {
      "type": "delete-node",
      "node": {
        "label": "figs",
        "type": "VariableRead"
      },
      "location-before-char-start": 4633,
      "location-before-char-end": 4636,
      "node-str": "figs"
    },
    {
      "type": "delete-node",
      "node": {
        "label": "CH.ifa.draw.samples.javadraw.BouncingDrawing",
        "type": "TypeAccess"
      },
      "location-before-char-start": 0,
      "location-before-char-end": 0,
      "node-str": "CH.ifa.draw.samples.javadraw.BouncingDrawing"
    },
    {
      "type": "delete-node",
      "node": {
        "label": "decorations",
        "type": "FieldRead"
      },
      "location-before-char-start": 4646,
      "location-before-char-end": 4656,
      "node-str": "decorations"
    },
    {
      "type": "delete-node",
      "node": {
        "label": "keySet",
        "type": "Invocation"
      },
      "location-before-char-start": 4646,
      "location-before-char-end": 4665,
      "node-str": "keySet"
    },
    {
      "type": "delete-node",
      "node": {
        "label": "addAll",
        "type": "Invocation"
      },
      "location-before-char-start": 4633,
      "location-before-char-end": 4668,
      "node-str": "addAll"
    },
    {
      "type": "delete-node",
      "node": {
        "label": "FigureEnumeration",
        "type": "VARIABLE_TYPE"
      },
      "location-before-char-start": 0,
      "location-before-char-end": 0,
      "node-str": "FigureEnumeration"
    },
    {
      "type": "delete-node",
      "node": {
        "label": "CollectionsFactory",
        "type": "TypeAccess"
      },
      "location-before-char-start": 4719,
      "location-before-char-end": 4736,
      "node-str": "CollectionsFactory"
    },
    {
      "type": "delete-node",
      "node": {
        "label": "current",
        "type": "Invocation"
      },
      "location-before-char-start": 4719,
      "location-before-char-end": 4746,
      "node-str": "current"
    },
    {
      "type": "delete-node",
      "node": {
        "label": "CH.ifa.draw.samples.javadraw.BouncingDrawing",
        "type": "TypeAccess"
      },
      "location-before-char-start": 0,
      "location-before-char-end": 0,
      "node-str": "CH.ifa.draw.samples.javadraw.BouncingDrawing"
    },
    {
      "type": "delete-node",
      "node": {
        "label": "getFigures",
        "type": "Invocation"
      },
      "location-before-char-start": 4759,
      "location-before-char-end": 4770,
      "node-str": "getFigures"
    },
    {
      "type": "delete-node",
      "node": {
        "label": "createList",
        "type": "Invocation"
      },
      "location-before-char-start": 4719,
      "location-before-char-end": 4771,
      "node-str": "createList"
    },
    {
      "type": "delete-node",
      "node": {
        "label": "java.lang.Object()",
        "type": "ConstructorCall"
      },
      "location-before-char-start": 4698,
      "location-before-char-end": 4772,
      "node-str": "java.lang.Object()"
    },
    {
      "type": "delete-node",
      "node": {
        "label": "fe",
        "type": "LocalVariable"
      },
      "location-before-char-start": 4675,
      "location-before-char-end": 4773,
      "node-str": "fe"
    },
    {
      "type": "delete-node",
      "node": {
        "label": "fe",
        "type": "VariableRead"
      },
      "location-before-char-start": 4783,
      "location-before-char-end": 4784,
      "node-str": "fe"
    },
    {
      "type": "delete-node",
      "node": {
        "label": "hasNextFigure",
        "type": "Invocation"
      },
      "location-before-char-start": 4783,
      "location-before-char-end": 4800,
      "node-str": "hasNextFigure"
    },
    {
      "type": "delete-node",
      "node": {
        "label": "Figure",
        "type": "VARIABLE_TYPE"
      },
      "location-before-char-start": 0,
      "location-before-char-end": 0,
      "node-str": "Figure"
    },
    {
      "type": "delete-node",
      "node": {
        "label": "fe",
        "type": "VariableRead"
      },
      "location-before-char-start": 4818,
      "location-before-char-end": 4819,
      "node-str": "fe"
    },
    {
      "type": "delete-node",
      "node": {
        "label": "nextFigure",
        "type": "Invocation"
      },
      "location-before-char-start": 4818,
      "location-before-char-end": 4832,
      "node-str": "nextFigure"
    },
    {
      "type": "delete-node",
      "node": {
        "label": "f",
        "type": "LocalVariable"
      },
      "location-before-char-start": 4807,
      "location-before-char-end": 4833,
      "node-str": "f"
    },
    {
      "type": "delete-node",
      "node": {
        "label": "CH.ifa.draw.samples.javadraw.BouncingDrawing",
        "type": "TypeAccess"
      },
      "location-before-char-start": 0,
      "location-before-char-end": 0,
      "node-str": "CH.ifa.draw.samples.javadraw.BouncingDrawing"
    },
    {
      "type": "delete-node",
      "node": {
        "label": "decorations",
        "type": "FieldRead"
      },
      "location-before-char-start": 4842,
      "location-before-char-end": 4852,
      "node-str": "decorations"
    },
    {
      "type": "delete-node",
      "node": {
        "label": "f",
        "type": "VariableRead"
      },
      "location-before-char-start": 4869,
      "location-before-char-end": 4869,
      "node-str": "f"
    },
    {
      "type": "delete-node",
      "node": {
        "label": "containsValue",
        "type": "Invocation"
      },
      "location-before-char-start": 4842,
      "location-before-char-end": 4871,
      "node-str": "containsValue"
    },
    {
      "type": "delete-node",
      "node": {
        "label": "NOT",
        "type": "UnaryOperator"
      },
      "location-before-char-start": 4841,
      "location-before-char-end": 4871,
      "node-str": "NOT"
    },
    {
      "type": "delete-node",
      "node": {
        "label": "figs",
        "type": "VariableRead"
      },
      "location-before-char-start": 4879,
      "location-before-char-end": 4882,
      "node-str": "figs"
    },
    {
      "type": "delete-node",
      "node": {
        "label": "f",
        "type": "VariableRead"
      },
      "location-before-char-start": 4889,
      "location-before-char-end": 4889,
      "node-str": "f"
    },
    {
      "type": "delete-node",
      "node": {
        "label": "add",
        "type": "Invocation"
      },
      "location-before-char-start": 4879,
      "location-before-char-end": 4892,
      "node-str": "add"
    },
    {
      "type": "delete-node",
      "node": {
        "label": "THEN",
        "type": "then"
      },
      "location-before-char-start": 4873,
      "location-before-char-end": 4897,
      "node-str": "THEN"
    },
    {
      "type": "delete-node",
      "node": {
        "label": "if",
        "type": "If"
      },
      "location-before-char-start": 4838,
      "location-before-char-end": 4897,
      "node-str": "if"
    },
    {
      "type": "delete-node",
      "node": {
        "label": "while",
        "type": "While"
      },
      "location-before-char-start": 4777,
      "location-before-char-end": 4901,
      "node-str": "while"
    },
    {
      "type": "delete-node",
      "node": {
        "label": "CollectionsFactory",
        "type": "TypeAccess"
      },
      "location-before-char-start": 4933,
      "location-before-char-end": 4950,
      "node-str": "CollectionsFactory"
    },
    {
      "type": "delete-node",
      "node": {
        "label": "current",
        "type": "Invocation"
      },
      "location-before-char-start": 4933,
      "location-before-char-end": 4960,
      "node-str": "current"
    },
    {
      "type": "delete-node",
      "node": {
        "label": "figs",
        "type": "VariableRead"
      },
      "location-before-char-start": 4973,
      "location-before-char-end": 4976,
      "node-str": "figs"
    },
    {
      "type": "delete-node",
      "node": {
        "label": "createList",
        "type": "Invocation"
      },
      "location-before-char-start": 4933,
      "location-before-char-end": 4977,
      "node-str": "createList"
    },
    {
      "type": "delete-node",
      "node": {
        "label": "java.lang.Object()",
        "type": "ConstructorCall"
      },
      "location-before-char-start": 4912,
      "location-before-char-end": 4978,
      "node-str": "java.lang.Object()"
    },
    {
      "type": "delete-node",
      "node": {
        "label": "return",
        "type": "Return"
      },
      "location-before-char-start": 4905,
      "location-before-char-end": 4979,
      "node-str": "return"
    },
    {
      "type": "delete-node",
      "node": {
        "label": "figures",
        "type": "Method"
      },
      "location-before-char-start": 4435,
      "location-before-char-end": 4982,
      "node-str": "figures"
    }
  ],
  "before-file": {},
  "after-file": {},
  "mapping": {}
}