{
  "tool-info": {},
  "diff": [
    {
      "type": "insert-node",
      "node": {
        "label": "public",
        "type": "Modifier"
      },
      "location-after-char-start": 0,
      "location-after-char-end": 0,
      "node-str": "public"
    },
    {
      "type": "insert-node",
      "node": {
        "label": "",
        "type": "TypeReference"
      },
      "location-after-char-start": 3056,
      "location-after-char-end": 3070,
      "node-str": ""
    },
    {
      "type": "insert-node",
      "node": {
        "label": "window",
        "type": "Field"
      },
      "location-after-char-start": 3079,
      "location-after-char-end": 3110,
      "node-str": "window"
    },
    {
      "type": "insert-node",
      "node": {
        "label": "editorsTable",
        "type": "Field"
      },
      "location-after-char-start": 3117,
      "location-after-char-end": 3143,
      "node-str": "editorsTable"
    },
    {
      "type": "insert-node",
      "node": {
        "label": "saveSelected",
        "type": "Field"
      },
      "location-after-char-start": 3150,
      "location-after-char-end": 3177,
      "node-str": "saveSelected"
    },
    {
      "type": "insert-node",
      "node": {
        "label": "closeSelected",
        "type": "Field"
      },
      "location-after-char-start": 3184,
      "location-after-char-end": 3212,
      "node-str": "closeSelected"
    },
    {
      "type": "insert-node",
      "node": {
        "label": "selectClean",
        "type": "Field"
      },
      "location-after-char-start": 3219,
      "location-after-char-end": 3245,
      "node-str": "selectClean"
    },
    {
      "type": "insert-node",
      "node": {
        "label": "invertSelection",
        "type": "Field"
      },
      "location-after-char-start": 3252,
      "location-after-char-end": 3282,
      "node-str": "invertSelection"
    },
    {
      "type": "insert-node",
      "node": {
        "label": "allSelection",
        "type": "Field"
      },
      "location-after-char-start": 3289,
      "location-after-char-end": 3316,
      "node-str": "allSelection"
    },
    {
      "type": "insert-node",
      "node": {
        "label": "showAllPersp",
        "type": "Field"
      },
      "location-after-char-start": 3323,
      "location-after-char-end": 3359,
      "node-str": "showAllPersp"
    },
    {
      "type": "insert-node",
      "node": {
        "label": "sortColumn",
        "type": "Field"
      },
      "location-after-char-start": 3366,
      "location-after-char-end": 3388,
      "node-str": "sortColumn"
    },
    {
      "type": "insert-node",
      "node": {
        "label": "elements",
        "type": "Field"
      },
      "location-after-char-start": 3395,
      "location-after-char-end": 3434,
      "node-str": "elements"
    },
    {
      "type": "insert-node",
      "node": {
        "label": "reverse",
        "type": "Field"
      },
      "location-after-char-start": 3551,
      "location-after-char-end": 3582,
      "node-str": "reverse"
    },
    {
      "type": "insert-node",
      "node": {
        "label": "bounds",
        "type": "Field"
      },
      "location-after-char-start": 3646,
      "location-after-char-end": 3670,
      "node-str": "bounds"
    },
    {
      "type": "insert-node",
      "node": {
        "label": "columnsWidth",
        "type": "Field"
      },
      "location-after-char-start": 3677,
      "location-after-char-end": 3703,
      "node-str": "columnsWidth"
    },
    {
      "type": "insert-node",
      "node": {
        "label": "SORT",
        "type": "Field"
      },
      "location-after-char-start": 3710,
      "location-after-char-end": 3751,
      "node-str": "SORT"
    },
    {
      "type": "insert-node",
      "node": {
        "label": "ALLPERSP",
        "type": "Field"
      },
      "location-after-char-start": 3772,
      "location-after-char-end": 3821,
      "node-str": "ALLPERSP"
    },
    {
      "type": "insert-node",
      "node": {
        "label": "BOUNDS",
        "type": "Field"
      },
      "location-after-char-start": 3842,
      "location-after-char-end": 3887,
      "node-str": "BOUNDS"
    },
    {
      "type": "insert-node",
      "node": {
        "label": "COLUMNS",
        "type": "Field"
      },
      "location-after-char-start": 3908,
      "location-after-char-end": 3955,
      "node-str": "COLUMNS"
    },
    {
      "type": "insert-node",
      "node": {
        "label": "closeItems",
        "type": "Method"
      },
      "location-after-char-start": 16367,
      "location-after-char-end": 17282,
      "node-str": "closeItems"
    },
    {
      "type": "insert-node",
      "node": {
        "label": "org.eclipse.ui.dialogs.SelectionDialog",
        "type": "SUPER_TYPE"
      },
      "location-after-char-start": 0,
      "location-after-char-end": 0,
      "node-str": "org.eclipse.ui.dialogs.SelectionDialog"
    },
    {
      "type": "insert-node",
      "node": {
        "label": "org.eclipse.ui.IWorkbenchWindow",
        "type": "VARIABLE_TYPE"
      },
      "location-after-char-start": 0,
      "location-after-char-end": 0,
      "node-str": "org.eclipse.ui.IWorkbenchWindow"
    },
    {
      "type": "insert-node",
      "node": {
        "label": "org.eclipse.swt.widgets.Table",
        "type": "VARIABLE_TYPE"
      },
      "location-after-char-start": 0,
      "location-after-char-end": 0,
      "node-str": "org.eclipse.swt.widgets.Table"
    },
    {
      "type": "insert-node",
      "node": {
        "label": "org.eclipse.swt.widgets.Button",
        "type": "VARIABLE_TYPE"
      },
      "location-after-char-start": 0,
      "location-after-char-end": 0,
      "node-str": "org.eclipse.swt.widgets.Button"
    },
    {
      "type": "insert-node",
      "node": {
        "label": "org.eclipse.swt.widgets.Button",
        "type": "VARIABLE_TYPE"
      },
      "location-after-char-start": 0,
      "location-after-char-end": 0,
      "node-str": "org.eclipse.swt.widgets.Button"
    },
    {
      "type": "insert-node",
      "node": {
        "label": "org.eclipse.swt.widgets.Button",
        "type": "VARIABLE_TYPE"
      },
      "location-after-char-start": 0,
      "location-after-char-end": 0,
      "node-str": "org.eclipse.swt.widgets.Button"
    },
    {
      "type": "insert-node",
      "node": {
        "label": "org.eclipse.swt.widgets.Button",
        "type": "VARIABLE_TYPE"
      },
      "location-after-char-start": 0,
      "location-after-char-end": 0,
      "node-str": "org.eclipse.swt.widgets.Button"
    },
    {
      "type": "insert-node",
      "node": {
        "label": "org.eclipse.swt.widgets.Button",
        "type": "VARIABLE_TYPE"
      },
      "location-after-char-start": 0,
      "location-after-char-end": 0,
      "node-str": "org.eclipse.swt.widgets.Button"
    },
    {
      "type": "insert-node",
      "node": {
        "label": "boolean",
        "type": "VARIABLE_TYPE"
      },
      "location-after-char-start": 0,
      "location-after-char-end": 0,
      "node-str": "boolean"
    },
    {
      "type": "insert-node",
      "node": {
        "label": "false",
        "type": "Literal"
      },
      "location-after-char-start": 3354,
      "location-after-char-end": 3358,
      "node-str": "false"
    },
    {
      "type": "insert-node",
      "node": {
        "label": "int",
        "type": "VARIABLE_TYPE"
      },
      "location-after-char-start": 0,
      "location-after-char-end": 0,
      "node-str": "int"
    },
    {
      "type": "insert-node",
      "node": {
        "label": "java.util.List",
        "type": "VARIABLE_TYPE"
      },
      "location-after-char-start": 0,
      "location-after-char-end": 0,
      "node-str": "java.util.List"
    },
    {
      "type": "insert-node",
      "node": {
        "label": "java.util.ArrayList()",
        "type": "ConstructorCall"
      },
      "location-after-char-start": 3419,
      "location-after-char-end": 3433,
      "node-str": "java.util.ArrayList()"
    },
    {
      "type": "insert-node",
      "node": {
        "label": "boolean",
        "type": "VARIABLE_TYPE"
      },
      "location-after-char-start": 0,
      "location-after-char-end": 0,
      "node-str": "boolean"
    },
    {
      "type": "insert-node",
      "node": {
        "label": "false",
        "type": "Literal"
      },
      "location-after-char-start": 3577,
      "location-after-char-end": 3581,
      "node-str": "false"
    },
    {
      "type": "insert-node",
      "node": {
        "label": "org.eclipse.swt.graphics.Rectangle",
        "type": "VARIABLE_TYPE"
      },
      "location-after-char-start": 0,
      "location-after-char-end": 0,
      "node-str": "org.eclipse.swt.graphics.Rectangle"
    },
    {
      "type": "insert-node",
      "node": {
        "label": "int[]",
        "type": "VARIABLE_TYPE"
      },
      "location-after-char-start": 0,
      "location-after-char-end": 0,
      "node-str": "int[]"
    },
    {
      "type": "insert-node",
      "node": {
        "label": "java.lang.String",
        "type": "VARIABLE_TYPE"
      },
      "location-after-char-start": 0,
      "location-after-char-end": 0,
      "node-str": "java.lang.String"
    },
    {
      "type": "insert-node",
      "node": {
        "label": "final",
        "type": "Modifier"
      },
      "location-after-char-start": 0,
      "location-after-char-end": 0,
      "node-str": "final"
    },
    {
      "type": "insert-node",
      "node": {
        "label": "static",
        "type": "Modifier"
      },
      "location-after-char-start": 0,
      "location-after-char-end": 0,
      "node-str": "static"
    },
    {
      "type": "insert-node",
      "node": {
        "label": "\"sort\"",
        "type": "Literal"
      },
      "location-after-char-start": 3745,
      "location-after-char-end": 3750,
      "node-str": "\"sort\""
    },
    {
      "type": "insert-node",
      "node": {
        "label": "java.lang.String",
        "type": "VARIABLE_TYPE"
      },
      "location-after-char-start": 0,
      "location-after-char-end": 0,
      "node-str": "java.lang.String"
    },
    {
      "type": "insert-node",
      "node": {
        "label": "final",
        "type": "Modifier"
      },
      "location-after-char-start": 0,
      "location-after-char-end": 0,
      "node-str": "final"
    },
    {
      "type": "insert-node",
      "node": {
        "label": "static",
        "type": "Modifier"
      },
      "location-after-char-start": 0,
      "location-after-char-end": 0,
      "node-str": "static"
    },
    {
      "type": "insert-node",
      "node": {
        "label": "\"allPersp\"",
        "type": "Literal"
      },
      "location-after-char-start": 3811,
      "location-after-char-end": 3820,
      "node-str": "\"allPersp\""
    },
    {
      "type": "insert-node",
      "node": {
        "label": "java.lang.String",
        "type": "VARIABLE_TYPE"
      },
      "location-after-char-start": 0,
      "location-after-char-end": 0,
      "node-str": "java.lang.String"
    },
    {
      "type": "insert-node",
      "node": {
        "label": "final",
        "type": "Modifier"
      },
      "location-after-char-start": 0,
      "location-after-char-end": 0,
      "node-str": "final"
    },
    {
      "type": "insert-node",
      "node": {
        "label": "static",
        "type": "Modifier"
      },
      "location-after-char-start": 0,
      "location-after-char-end": 0,
      "node-str": "static"
    },
    {
      "type": "insert-node",
      "node": {
        "label": "\"bounds\"",
        "type": "Literal"
      },
      "location-after-char-start": 3879,
      "location-after-char-end": 3886,
      "node-str": "\"bounds\""
    },
    {
      "type": "insert-node",
      "node": {
        "label": "java.lang.String",
        "type": "VARIABLE_TYPE"
      },
      "location-after-char-start": 0,
      "location-after-char-end": 0,
      "node-str": "java.lang.String"
    },
    {
      "type": "insert-node",
      "node": {
        "label": "final",
        "type": "Modifier"
      },
      "location-after-char-start": 0,
      "location-after-char-end": 0,
      "node-str": "final"
    },
    {
      "type": "insert-node",
      "node": {
        "label": "static",
        "type": "Modifier"
      },
      "location-after-char-start": 0,
      "location-after-char-end": 0,
      "node-str": "static"
    },
    {
      "type": "insert-node",
      "node": {
        "label": "\"columns\"",
        "type": "Literal"
      },
      "location-after-char-start": 3946,
      "location-after-char-end": 3954,
      "node-str": "\"columns\""
    },
    {
      "type": "insert-node",
      "node": {
        "label": "void",
        "type": "RETURN_TYPE"
      },
      "location-after-char-start": 0,
      "location-after-char-end": 0,
      "node-str": "void"
    },
    {
      "type": "insert-node",
      "node": {
        "label": "items",
        "type": "Parameter"
      },
      "location-after-char-start": 16443,
      "location-after-char-end": 16459,
      "node-str": "items"
    },
    {
      "type": "move-subtree",
      "node": {
        "label": "if",
        "type": "If"
      },
      "location-before-char-start": 16337,
      "location-before-char-end": 16375,
      "location-after-char-start": 16472,
      "location-after-char-end": 16510,
      "node-str": "if"
    },
    {
      "type": "insert-node",
      "node": {
        "label": "selectedEditors",
        "type": "LocalVariable"
      },
      "location-after-char-start": 16591,
      "location-after-char-end": 16629,
      "node-str": "selectedEditors"
    },
    {
      "type": "insert-node",
      "node": {
        "label": "",
        "type": "For"
      },
      "location-after-char-start": 16639,
      "location-after-char-end": 16887,
      "node-str": ""
    },
    {
      "type": "insert-node",
      "node": {
        "label": "saveablesList",
        "type": "LocalVariable"
      },
      "location-after-char-start": 16892,
      "location-after-char-end": 16995,
      "node-str": "saveablesList"
    },
    {
      "type": "insert-node",
      "node": {
        "label": "if",
        "type": "If"
      },
      "location-after-char-start": 17020,
      "location-after-char-end": 17276,
      "node-str": "if"
    },
    {
      "type": "insert-node",
      "node": {
        "label": "editorRef",
        "type": "Field"
      },
      "location-after-char-start": 23842,
      "location-after-char-end": 23868,
      "node-str": "editorRef"
    },
    {
      "type": "insert-node",
      "node": {
        "label": "input",
        "type": "Field"
      },
      "location-after-char-start": 23879,
      "location-after-char-end": 23897,
      "node-str": "input"
    },
    {
      "type": "insert-node",
      "node": {
        "label": "desc",
        "type": "Field"
      },
      "location-after-char-start": 23908,
      "location-after-char-end": 23930,
      "node-str": "desc"
    },
    {
      "type": "insert-node",
      "node": {
        "label": "text",
        "type": "Field"
      },
      "location-after-char-start": 23941,
      "location-after-char-end": 23954,
      "node-str": "text"
    },
    {
      "type": "insert-node",
      "node": {
        "label": "image",
        "type": "Field"
      },
      "location-after-char-start": 23965,
      "location-after-char-end": 23976,
      "node-str": "image"
    },
    {
      "type": "insert-node",
      "node": {
        "label": "org.eclipse.swt.widgets.TableItem[]",
        "type": "VARIABLE_TYPE"
      },
      "location-after-char-start": 0,
      "location-after-char-end": 0,
      "node-str": "org.eclipse.swt.widgets.TableItem[]"
    },
    {
      "type": "insert-node",
      "node": {
        "label": "java.util.List",
        "type": "VARIABLE_TYPE"
      },
      "location-after-char-start": 0,
      "location-after-char-end": 0,
      "node-str": "java.util.List"
    },
    {
      "type": "insert-node",
      "node": {
        "label": "java.util.ArrayList()",
        "type": "ConstructorCall"
      },
      "location-after-char-start": 16614,
      "location-after-char-end": 16628,
      "node-str": "java.util.ArrayList()"
    },
    {
      "type": "insert-node",
      "node": {
        "label": "i",
        "type": "LocalVariable"
      },
      "location-after-char-start": 16644,
      "location-after-char-end": 16652,
      "node-str": "i"
    },
    {
      "type": "insert-node",
      "node": {
        "label": "LT",
        "type": "BinaryOperator"
      },
      "location-after-char-start": 16655,
      "location-after-char-end": 16670,
      "node-str": "LT"
    },
    {
      "type": "insert-node",
      "node": {
        "label": "POSTINC",
        "type": "UnaryOperator"
      },
      "location-after-char-start": 16673,
      "location-after-char-end": 16675,
      "node-str": "POSTINC"
    },
    {
      "type": "insert-node",
      "node": {
        "label": "e",
        "type": "LocalVariable"
      },
      "location-after-char-start": 16692,
      "location-after-char-end": 16732,
      "node-str": "e"
    },
    {
      "type": "insert-node",
      "node": {
        "label": "if",
        "type": "If"
      },
      "location-after-char-start": 16737,
      "location-after-char-end": 16883,
      "node-str": "if"
    },
    {
      "type": "insert-node",
      "node": {
        "label": "org.eclipse.ui.internal.SaveablesList",
        "type": "VARIABLE_TYPE"
      },
      "location-after-char-start": 0,
      "location-after-char-end": 0,
      "node-str": "org.eclipse.ui.internal.SaveablesList"
    },
    {
      "type": "insert-node",
      "node": {
        "label": "getService",
        "type": "Invocation"
      },
      "location-after-char-start": 16922,
      "location-after-char-end": 16994,
      "node-str": "getService"
    },
    {
      "type": "insert-node",
      "node": {
        "label": "NE",
        "type": "BinaryOperator"
      },
      "location-after-char-start": 17024,
      "location-after-char-end": 17089,
      "node-str": "NE"
    },
    {
      "type": "insert-node",
      "node": {
        "label": "THEN",
        "type": "then"
      },
      "location-after-char-start": 17092,
      "location-after-char-end": 17276,
      "node-str": "THEN"
    },
    {
      "type": "insert-node",
      "node": {
        "label": "org.eclipse.ui.IEditorReference",
        "type": "VARIABLE_TYPE"
      },
      "location-after-char-start": 0,
      "location-after-char-end": 0,
      "node-str": "org.eclipse.ui.IEditorReference"
    },
    {
      "type": "insert-node",
      "node": {
        "label": "org.eclipse.ui.IEditorInput",
        "type": "VARIABLE_TYPE"
      },
      "location-after-char-start": 0,
      "location-after-char-end": 0,
      "node-str": "org.eclipse.ui.IEditorInput"
    },
    {
      "type": "insert-node",
      "node": {
        "label": "org.eclipse.ui.IEditorDescriptor",
        "type": "VARIABLE_TYPE"
      },
      "location-after-char-start": 0,
      "location-after-char-end": 0,
      "node-str": "org.eclipse.ui.IEditorDescriptor"
    },
    {
      "type": "insert-node",
      "node": {
        "label": "java.lang.String[]",
        "type": "VARIABLE_TYPE"
      },
      "location-after-char-start": 0,
      "location-after-char-end": 0,
      "node-str": "java.lang.String[]"
    },
    {
      "type": "insert-node",
      "node": {
        "label": "org.eclipse.swt.graphics.Image",
        "type": "VARIABLE_TYPE"
      },
      "location-after-char-start": 0,
      "location-after-char-end": 0,
      "node-str": "org.eclipse.swt.graphics.Image"
    },
    {
      "type": "insert-node",
      "node": {
        "label": "int",
        "type": "VARIABLE_TYPE"
      },
      "location-after-char-start": 0,
      "location-after-char-end": 0,
      "node-str": "int"
    },
    {
      "type": "insert-node",
      "node": {
        "label": "0",
        "type": "Literal"
      },
      "location-after-char-start": 16652,
      "location-after-char-end": 16652,
      "node-str": "0"
    },
    {
      "type": "insert-node",
      "node": {
        "label": "i",
        "type": "VariableRead"
      },
      "location-after-char-start": 16655,
      "location-after-char-end": 16655,
      "node-str": "i"
    },
    {
      "type": "insert-node",
      "node": {
        "label": "length",
        "type": "FieldRead"
      },
      "location-after-char-start": 16659,
      "location-after-char-end": 16670,
      "node-str": "length"
    },
    {
      "type": "insert-node",
      "node": {
        "label": "i",
        "type": "VariableWrite"
      },
      "location-after-char-start": 16673,
      "location-after-char-end": 16673,
      "node-str": "i"
    },
    {
      "type": "insert-node",
      "node": {
        "label": "org.eclipse.ui.internal.dialogs.WorkbenchEditorsDialog$Adapter",
        "type": "VARIABLE_TYPE"
      },
      "location-after-char-start": 0,
      "location-after-char-end": 0,
      "node-str": "org.eclipse.ui.internal.dialogs.WorkbenchEditorsDialog$Adapter"
    },
    {
      "type": "insert-node",
      "node": {
        "label": "getData",
        "type": "Invocation"
      },
      "location-after-char-start": 16704,
      "location-after-char-end": 16731,
      "node-str": "getData"
    },
    {
      "type": "insert-node",
      "node": {
        "label": "NE",
        "type": "BinaryOperator"
      },
      "location-after-char-start": 16741,
      "location-after-char-end": 16759,
      "node-str": "NE"
    },
    {
      "type": "insert-node",
      "node": {
        "label": "THEN",
        "type": "then"
      },
      "location-after-char-start": 16762,
      "location-after-char-end": 16883,
      "node-str": "THEN"
    },
    {
      "type": "insert-node",
      "node": {
        "label": "window",
        "type": "FieldRead"
      },
      "location-after-char-start": 16938,
      "location-after-char-end": 16943,
      "node-str": "window"
    },
    {
      "type": "insert-node",
      "node": {
        "label": "class",
        "type": "FieldRead"
      },
      "location-after-char-start": 16961,
      "location-after-char-end": 16993,
      "node-str": "class"
    },
    {
      "type": "insert-node",
      "node": {
        "label": "preCloseParts",
        "type": "Invocation"
      },
      "location-after-char-start": 17024,
      "location-after-char-end": 17081,
      "node-str": "preCloseParts"
    },
    {
      "type": "insert-node",
      "node": {
        "label": "null",
        "type": "Literal"
      },
      "location-after-char-start": 17086,
      "location-after-char-end": 17089,
      "node-str": "null"
    },
    {
      "type": "move-subtree",
      "node": {
        "label": "",
        "type": "For"
      },
      "location-before-char-start": 16385,
      "location-before-char-end": 16511,
      "location-after-char-start": 17121,
      "location-after-char-end": 17226,
      "node-str": ""
    },
    {
      "type": "insert-node",
      "node": {
        "label": "updateItems",
        "type": "Invocation"
      },
      "location-after-char-start": 17253,
      "location-after-char-end": 17266,
      "node-str": "updateItems"
    },
    {
      "type": "update-node",
      "node": {
        "label": "true",
        "type": "Literal"
      },
      "location-before-char-start": 23679,
      "location-before-char-end": 23682,
      "location-after-char-start": 24461,
      "location-after-char-end": 24465,
      "node-str": "false"
    },
    {
      "type": "insert-node",
      "node": {
        "label": "items",
        "type": "VariableRead"
      },
      "location-after-char-start": 16659,
      "location-after-char-end": 16670,
      "node-str": "items"
    },
    {
      "type": "insert-node",
      "node": {
        "label": "",
        "type": "ArrayRead"
      },
      "location-after-char-start": 16714,
      "location-after-char-end": 16721,
      "node-str": ""
    },
    {
      "type": "insert-node",
      "node": {
        "label": "editorRef",
        "type": "FieldRead"
      },
      "location-after-char-start": 16741,
      "location-after-char-end": 16751,
      "node-str": "editorRef"
    },
    {
      "type": "insert-node",
      "node": {
        "label": "null",
        "type": "Literal"
      },
      "location-after-char-start": 16756,
      "location-after-char-end": 16759,
      "node-str": "null"
    },
    {
      "type": "insert-node",
      "node": {
        "label": "part",
        "type": "LocalVariable"
      },
      "location-after-char-start": 16768,
      "location-after-char-end": 16816,
      "node-str": "part"
    },
    {
      "type": "insert-node",
      "node": {
        "label": "if",
        "type": "If"
      },
      "location-after-char-start": 16822,
      "location-after-char-end": 16878,
      "node-str": "if"
    },
    {
      "type": "insert-node",
      "node": {
        "label": "org.eclipse.ui.internal.dialogs.WorkbenchEditorsDialog",
        "type": "TypeAccess"
      },
      "location-after-char-start": 0,
      "location-after-char-end": 0,
      "node-str": "org.eclipse.ui.internal.dialogs.WorkbenchEditorsDialog"
    },
    {
      "type": "insert-node",
      "node": {
        "label": "org.eclipse.ui.ISaveablesLifecycleListener",
        "type": "TypeAccess"
      },
      "location-after-char-start": 0,
      "location-after-char-end": 0,
      "node-str": "org.eclipse.ui.ISaveablesLifecycleListener"
    },
    {
      "type": "insert-node",
      "node": {
        "label": "saveablesList",
        "type": "VariableRead"
      },
      "location-after-char-start": 17024,
      "location-after-char-end": 17036,
      "node-str": "saveablesList"
    },
    {
      "type": "insert-node",
      "node": {
        "label": "selectedEditors",
        "type": "VariableRead"
      },
      "location-after-char-start": 17052,
      "location-after-char-end": 17066,
      "node-str": "selectedEditors"
    },
    {
      "type": "insert-node",
      "node": {
        "label": "true",
        "type": "Literal"
      },
      "location-after-char-start": 17069,
      "location-after-char-end": 17072,
      "node-str": "true"
    },
    {
      "type": "insert-node",
      "node": {
        "label": "window",
        "type": "FieldRead"
      },
      "location-after-char-start": 17075,
      "location-after-char-end": 17080,
      "node-str": "window"
    },
    {
      "type": "insert-node",
      "node": {
        "label": "org.eclipse.ui.internal.dialogs.WorkbenchEditorsDialog",
        "type": "TypeAccess"
      },
      "location-after-char-start": 0,
      "location-after-char-end": 0,
      "node-str": "org.eclipse.ui.internal.dialogs.WorkbenchEditorsDialog"
    },
    {
      "type": "insert-node",
      "node": {
        "label": "items",
        "type": "VariableRead"
      },
      "location-after-char-start": 16714,
      "location-after-char-end": 16718,
      "node-str": "items"
    },
    {
      "type": "insert-node",
      "node": {
        "label": "i",
        "type": "VariableRead"
      },
      "location-after-char-start": 16720,
      "location-after-char-end": 16720,
      "node-str": "i"
    },
    {
      "type": "insert-node",
      "node": {
        "label": "e",
        "type": "VariableRead"
      },
      "location-after-char-start": 16741,
      "location-after-char-end": 16741,
      "node-str": "e"
    },
    {
      "type": "insert-node",
      "node": {
        "label": "org.eclipse.ui.IWorkbenchPart",
        "type": "VARIABLE_TYPE"
      },
      "location-after-char-start": 0,
      "location-after-char-end": 0,
      "node-str": "org.eclipse.ui.IWorkbenchPart"
    },
    {
      "type": "insert-node",
      "node": {
        "label": "getPart",
        "type": "Invocation"
      },
      "location-after-char-start": 16790,
      "location-after-char-end": 16815,
      "node-str": "getPart"
    },
    {
      "type": "insert-node",
      "node": {
        "label": "NE",
        "type": "BinaryOperator"
      },
      "location-after-char-start": 16826,
      "location-after-char-end": 16837,
      "node-str": "NE"
    },
    {
      "type": "insert-node",
      "node": {
        "label": "THEN",
        "type": "then"
      },
      "location-after-char-start": 16840,
      "location-after-char-end": 16878,
      "node-str": "THEN"
    },
    {
      "type": "insert-node",
      "node": {
        "label": "org.eclipse.ui.internal.dialogs.WorkbenchEditorsDialog",
        "type": "TypeAccess"
      },
      "location-after-char-start": 0,
      "location-after-char-end": 0,
      "node-str": "org.eclipse.ui.internal.dialogs.WorkbenchEditorsDialog"
    },
    {
      "type": "insert-node",
      "node": {
        "label": "editorRef",
        "type": "FieldRead"
      },
      "location-after-char-start": 16790,
      "location-after-char-end": 16800,
      "node-str": "editorRef"
    },
    {
      "type": "insert-node",
      "node": {
        "label": "false",
        "type": "Literal"
      },
      "location-after-char-start": 16810,
      "location-after-char-end": 16814,
      "node-str": "false"
    },
    {
      "type": "insert-node",
      "node": {
        "label": "part",
        "type": "VariableRead"
      },
      "location-after-char-start": 16826,
      "location-after-char-end": 16829,
      "node-str": "part"
    },
    {
      "type": "insert-node",
      "node": {
        "label": "null",
        "type": "Literal"
      },
      "location-after-char-start": 16834,
      "location-after-char-end": 16837,
      "node-str": "null"
    },
    {
      "type": "insert-node",
      "node": {
        "label": "add",
        "type": "Invocation"
      },
      "location-after-char-start": 16847,
      "location-after-char-end": 16872,
      "node-str": "add"
    },
    {
      "type": "insert-node",
      "node": {
        "label": "e",
        "type": "VariableRead"
      },
      "location-after-char-start": 16790,
      "location-after-char-end": 16790,
      "node-str": "e"
    },
    {
      "type": "insert-node",
      "node": {
        "label": "selectedEditors",
        "type": "VariableRead"
      },
      "location-after-char-start": 16847,
      "location-after-char-end": 16861,
      "node-str": "selectedEditors"
    },
    {
      "type": "insert-node",
      "node": {
        "label": "part",
        "type": "VariableRead"
      },
      "location-after-char-start": 16867,
      "location-after-char-end": 16870,
      "node-str": "part"
    },
    {
      "type": "delete-node",
      "node": {
        "label": "public",
        "type": "Modifier"
      },
      "location-before-char-start": 0,
      "location-before-char-end": 0,
      "node-str": "public"
    },
    {
      "type": "delete-node",
      "node": {
        "label": "org.eclipse.ui.dialogs.SelectionDialog",
        "type": "SUPER_TYPE"
      },
      "location-before-char-start": 0,
      "location-before-char-end": 0,
      "node-str": "org.eclipse.ui.dialogs.SelectionDialog"
    },
    {
      "type": "delete-node",
      "node": {
        "label": "",
        "type": "TypeReference"
      },
      "location-before-char-start": 2921,
      "location-before-char-end": 2935,
      "node-str": ""
    },
    {
      "type": "delete-node",
      "node": {
        "label": "org.eclipse.ui.IWorkbenchWindow",
        "type": "VARIABLE_TYPE"
      },
      "location-before-char-start": 0,
      "location-before-char-end": 0,
      "node-str": "org.eclipse.ui.IWorkbenchWindow"
    },
    {
      "type": "delete-node",
      "node": {
        "label": "window",
        "type": "Field"
      },
      "location-before-char-start": 2944,
      "location-before-char-end": 2975,
      "node-str": "window"
    },
    {
      "type": "delete-node",
      "node": {
        "label": "org.eclipse.swt.widgets.Table",
        "type": "VARIABLE_TYPE"
      },
      "location-before-char-start": 0,
      "location-before-char-end": 0,
      "node-str": "org.eclipse.swt.widgets.Table"
    },
    {
      "type": "delete-node",
      "node": {
        "label": "editorsTable",
        "type": "Field"
      },
      "location-before-char-start": 2982,
      "location-before-char-end": 3008,
      "node-str": "editorsTable"
    },
    {
      "type": "delete-node",
      "node": {
        "label": "org.eclipse.swt.widgets.Button",
        "type": "VARIABLE_TYPE"
      },
      "location-before-char-start": 0,
      "location-before-char-end": 0,
      "node-str": "org.eclipse.swt.widgets.Button"
    },
    {
      "type": "delete-node",
      "node": {
        "label": "saveSelected",
        "type": "Field"
      },
      "location-before-char-start": 3015,
      "location-before-char-end": 3042,
      "node-str": "saveSelected"
    },
    {
      "type": "delete-node",
      "node": {
        "label": "org.eclipse.swt.widgets.Button",
        "type": "VARIABLE_TYPE"
      },
      "location-before-char-start": 0,
      "location-before-char-end": 0,
      "node-str": "org.eclipse.swt.widgets.Button"
    },
    {
      "type": "delete-node",
      "node": {
        "label": "closeSelected",
        "type": "Field"
      },
      "location-before-char-start": 3049,
      "location-before-char-end": 3077,
      "node-str": "closeSelected"
    },
    {
      "type": "delete-node",
      "node": {
        "label": "org.eclipse.swt.widgets.Button",
        "type": "VARIABLE_TYPE"
      },
      "location-before-char-start": 0,
      "location-before-char-end": 0,
      "node-str": "org.eclipse.swt.widgets.Button"
    },
    {
      "type": "delete-node",
      "node": {
        "label": "selectClean",
        "type": "Field"
      },
      "location-before-char-start": 3084,
      "location-before-char-end": 3110,
      "node-str": "selectClean"
    },
    {
      "type": "delete-node",
      "node": {
        "label": "org.eclipse.swt.widgets.Button",
        "type": "VARIABLE_TYPE"
      },
      "location-before-char-start": 0,
      "location-before-char-end": 0,
      "node-str": "org.eclipse.swt.widgets.Button"
    },
    {
      "type": "delete-node",
      "node": {
        "label": "invertSelection",
        "type": "Field"
      },
      "location-before-char-start": 3117,
      "location-before-char-end": 3147,
      "node-str": "invertSelection"
    },
    {
      "type": "delete-node",
      "node": {
        "label": "org.eclipse.swt.widgets.Button",
        "type": "VARIABLE_TYPE"
      },
      "location-before-char-start": 0,
      "location-before-char-end": 0,
      "node-str": "org.eclipse.swt.widgets.Button"
    },
    {
      "type": "delete-node",
      "node": {
        "label": "allSelection",
        "type": "Field"
      },
      "location-before-char-start": 3154,
      "location-before-char-end": 3181,
      "node-str": "allSelection"
    },
    {
      "type": "delete-node",
      "node": {
        "label": "boolean",
        "type": "VARIABLE_TYPE"
      },
      "location-before-char-start": 0,
      "location-before-char-end": 0,
      "node-str": "boolean"
    },
    {
      "type": "delete-node",
      "node": {
        "label": "false",
        "type": "Literal"
      },
      "location-before-char-start": 3219,
      "location-before-char-end": 3223,
      "node-str": "false"
    },
    {
      "type": "delete-node",
      "node": {
        "label": "showAllPersp",
        "type": "Field"
      },
      "location-before-char-start": 3188,
      "location-before-char-end": 3224,
      "node-str": "showAllPersp"
    },
    {
      "type": "delete-node",
      "node": {
        "label": "int",
        "type": "VARIABLE_TYPE"
      },
      "location-before-char-start": 0,
      "location-before-char-end": 0,
      "node-str": "int"
    },
    {
      "type": "delete-node",
      "node": {
        "label": "sortColumn",
        "type": "Field"
      },
      "location-before-char-start": 3231,
      "location-before-char-end": 3253,
      "node-str": "sortColumn"
    },
    {
      "type": "delete-node",
      "node": {
        "label": "java.util.List",
        "type": "VARIABLE_TYPE"
      },
      "location-before-char-start": 0,
      "location-before-char-end": 0,
      "node-str": "java.util.List"
    },
    {
      "type": "delete-node",
      "node": {
        "label": "java.util.ArrayList()",
        "type": "ConstructorCall"
      },
      "location-before-char-start": 3284,
      "location-before-char-end": 3298,
      "node-str": "java.util.ArrayList()"
    },
    {
      "type": "delete-node",
      "node": {
        "label": "elements",
        "type": "Field"
      },
      "location-before-char-start": 3260,
      "location-before-char-end": 3299,
      "node-str": "elements"
    },
    {
      "type": "delete-node",
      "node": {
        "label": "boolean",
        "type": "VARIABLE_TYPE"
      },
      "location-before-char-start": 0,
      "location-before-char-end": 0,
      "node-str": "boolean"
    },
    {
      "type": "delete-node",
      "node": {
        "label": "false",
        "type": "Literal"
      },
      "location-before-char-start": 3442,
      "location-before-char-end": 3446,
      "node-str": "false"
    },
    {
      "type": "delete-node",
      "node": {
        "label": "reverse",
        "type": "Field"
      },
      "location-before-char-start": 3416,
      "location-before-char-end": 3447,
      "node-str": "reverse"
    },
    {
      "type": "delete-node",
      "node": {
        "label": "org.eclipse.swt.graphics.Rectangle",
        "type": "VARIABLE_TYPE"
      },
      "location-before-char-start": 0,
      "location-before-char-end": 0,
      "node-str": "org.eclipse.swt.graphics.Rectangle"
    },
    {
      "type": "delete-node",
      "node": {
        "label": "bounds",
        "type": "Field"
      },
      "location-before-char-start": 3511,
      "location-before-char-end": 3535,
      "node-str": "bounds"
    },
    {
      "type": "delete-node",
      "node": {
        "label": "int[]",
        "type": "VARIABLE_TYPE"
      },
      "location-before-char-start": 0,
      "location-before-char-end": 0,
      "node-str": "int[]"
    },
    {
      "type": "delete-node",
      "node": {
        "label": "columnsWidth",
        "type": "Field"
      },
      "location-before-char-start": 3542,
      "location-before-char-end": 3568,
      "node-str": "columnsWidth"
    },
    {
      "type": "delete-node",
      "node": {
        "label": "java.lang.String",
        "type": "VARIABLE_TYPE"
      },
      "location-before-char-start": 0,
      "location-before-char-end": 0,
      "node-str": "java.lang.String"
    },
    {
      "type": "delete-node",
      "node": {
        "label": "final",
        "type": "Modifier"
      },
      "location-before-char-start": 0,
      "location-before-char-end": 0,
      "node-str": "final"
    },
    {
      "type": "delete-node",
      "node": {
        "label": "static",
        "type": "Modifier"
      },
      "location-before-char-start": 0,
      "location-before-char-end": 0,
      "node-str": "static"
    },
    {
      "type": "delete-node",
      "node": {
        "label": "\"sort\"",
        "type": "Literal"
      },
      "location-before-char-start": 3610,
      "location-before-char-end": 3615,
      "node-str": "\"sort\""
    },
    {
      "type": "delete-node",
      "node": {
        "label": "SORT",
        "type": "Field"
      },
      "location-before-char-start": 3575,
      "location-before-char-end": 3616,
      "node-str": "SORT"
    },
    {
      "type": "delete-node",
      "node": {
        "label": "java.lang.String",
        "type": "VARIABLE_TYPE"
      },
      "location-before-char-start": 0,
      "location-before-char-end": 0,
      "node-str": "java.lang.String"
    },
    {
      "type": "delete-node",
      "node": {
        "label": "final",
        "type": "Modifier"
      },
      "location-before-char-start": 0,
      "location-before-char-end": 0,
      "node-str": "final"
    },
    {
      "type": "delete-node",
      "node": {
        "label": "static",
        "type": "Modifier"
      },
      "location-before-char-start": 0,
      "location-before-char-end": 0,
      "node-str": "static"
    },
    {
      "type": "delete-node",
      "node": {
        "label": "\"allPersp\"",
        "type": "Literal"
      },
      "location-before-char-start": 3676,
      "location-before-char-end": 3685,
      "node-str": "\"allPersp\""
    },
    {
      "type": "delete-node",
      "node": {
        "label": "ALLPERSP",
        "type": "Field"
      },
      "location-before-char-start": 3637,
      "location-before-char-end": 3686,
      "node-str": "ALLPERSP"
    },
    {
      "type": "delete-node",
      "node": {
        "label": "java.lang.String",
        "type": "VARIABLE_TYPE"
      },
      "location-before-char-start": 0,
      "location-before-char-end": 0,
      "node-str": "java.lang.String"
    },
    {
      "type": "delete-node",
      "node": {
        "label": "final",
        "type": "Modifier"
      },
      "location-before-char-start": 0,
      "location-before-char-end": 0,
      "node-str": "final"
    },
    {
      "type": "delete-node",
      "node": {
        "label": "static",
        "type": "Modifier"
      },
      "location-before-char-start": 0,
      "location-before-char-end": 0,
      "node-str": "static"
    },
    {
      "type": "delete-node",
      "node": {
        "label": "\"bounds\"",
        "type": "Literal"
      },
      "location-before-char-start": 3744,
      "location-before-char-end": 3751,
      "node-str": "\"bounds\""
    },
    {
      "type": "delete-node",
      "node": {
        "label": "BOUNDS",
        "type": "Field"
      },
      "location-before-char-start": 3707,
      "location-before-char-end": 3752,
      "node-str": "BOUNDS"
    },
    {
      "type": "delete-node",
      "node": {
        "label": "java.lang.String",
        "type": "VARIABLE_TYPE"
      },
      "location-before-char-start": 0,
      "location-before-char-end": 0,
      "node-str": "java.lang.String"
    },
    {
      "type": "delete-node",
      "node": {
        "label": "final",
        "type": "Modifier"
      },
      "location-before-char-start": 0,
      "location-before-char-end": 0,
      "node-str": "final"
    },
    {
      "type": "delete-node",
      "node": {
        "label": "static",
        "type": "Modifier"
      },
      "location-before-char-start": 0,
      "location-before-char-end": 0,
      "node-str": "static"
    },
    {
      "type": "delete-node",
      "node": {
        "label": "\"columns\"",
        "type": "Literal"
      },
      "location-before-char-start": 3811,
      "location-before-char-end": 3819,
      "node-str": "\"columns\""
    },
    {
      "type": "delete-node",
      "node": {
        "label": "COLUMNS",
        "type": "Field"
      },
      "location-before-char-start": 3773,
      "location-before-char-end": 3820,
      "node-str": "COLUMNS"
    },
    {
      "type": "delete-node",
      "node": {
        "label": "void",
        "type": "RETURN_TYPE"
      },
      "location-before-char-start": 0,
      "location-before-char-end": 0,
      "node-str": "void"
    },
    {
      "type": "delete-node",
      "node": {
        "label": "org.eclipse.swt.widgets.TableItem[]",
        "type": "VARIABLE_TYPE"
      },
      "location-before-char-start": 0,
      "location-before-char-end": 0,
      "node-str": "org.eclipse.swt.widgets.TableItem[]"
    },
    {
      "type": "delete-node",
      "node": {
        "label": "items",
        "type": "Parameter"
      },
      "location-before-char-start": 16308,
      "location-before-char-end": 16324,
      "node-str": "items"
    },
    {
      "type": "delete-node",
      "node": {
        "label": "org.eclipse.ui.internal.dialogs.WorkbenchEditorsDialog",
        "type": "TypeAccess"
      },
      "location-before-char-start": 0,
      "location-before-char-end": 0,
      "node-str": "org.eclipse.ui.internal.dialogs.WorkbenchEditorsDialog"
    },
    {
      "type": "delete-node",
      "node": {
        "label": "updateItems",
        "type": "Invocation"
      },
      "location-before-char-start": 16521,
      "location-before-char-end": 16534,
      "node-str": "updateItems"
    },
    {
      "type": "delete-node",
      "node": {
        "label": "closeItems",
        "type": "Method"
      },
      "location-before-char-start": 16232,
      "location-before-char-end": 16540,
      "node-str": "closeItems"
    },
    {
      "type": "delete-node",
      "node": {
        "label": "org.eclipse.ui.IEditorReference",
        "type": "VARIABLE_TYPE"
      },
      "location-before-char-start": 0,
      "location-before-char-end": 0,
      "node-str": "org.eclipse.ui.IEditorReference"
    },
    {
      "type": "delete-node",
      "node": {
        "label": "editorRef",
        "type": "Field"
      },
      "location-before-char-start": 23100,
      "location-before-char-end": 23126,
      "node-str": "editorRef"
    },
    {
      "type": "delete-node",
      "node": {
        "label": "org.eclipse.ui.IEditorInput",
        "type": "VARIABLE_TYPE"
      },
      "location-before-char-start": 0,
      "location-before-char-end": 0,
      "node-str": "org.eclipse.ui.IEditorInput"
    },
    {
      "type": "delete-node",
      "node": {
        "label": "input",
        "type": "Field"
      },
      "location-before-char-start": 23137,
      "location-before-char-end": 23155,
      "node-str": "input"
    },
    {
      "type": "delete-node",
      "node": {
        "label": "org.eclipse.ui.IEditorDescriptor",
        "type": "VARIABLE_TYPE"
      },
      "location-before-char-start": 0,
      "location-before-char-end": 0,
      "node-str": "org.eclipse.ui.IEditorDescriptor"
    },
    {
      "type": "delete-node",
      "node": {
        "label": "desc",
        "type": "Field"
      },
      "location-before-char-start": 23166,
      "location-before-char-end": 23188,
      "node-str": "desc"
    },
    {
      "type": "delete-node",
      "node": {
        "label": "java.lang.String[]",
        "type": "VARIABLE_TYPE"
      },
      "location-before-char-start": 0,
      "location-before-char-end": 0,
      "node-str": "java.lang.String[]"
    },
    {
      "type": "delete-node",
      "node": {
        "label": "text",
        "type": "Field"
      },
      "location-before-char-start": 23199,
      "location-before-char-end": 23212,
      "node-str": "text"
    },
    {
      "type": "delete-node",
      "node": {
        "label": "org.eclipse.swt.graphics.Image",
        "type": "VARIABLE_TYPE"
      },
      "location-before-char-start": 0,
      "location-before-char-end": 0,
      "node-str": "org.eclipse.swt.graphics.Image"
    },
    {
      "type": "delete-node",
      "node": {
        "label": "image",
        "type": "Field"
      },
      "location-before-char-start": 23223,
      "location-before-char-end": 23234,
      "node-str": "image"
    }
  ],
  "before-file": {},
  "after-file": {},
  "mapping": {}
}