{
  "tool-info": {},
  "diff": [
    {
      "type": "insert-node",
      "node": {
        "label": "public",
        "type": "Modifier"
      },
      "location-after-char-start": 0,
      "location-after-char-end": 0,
      "node-str": "public"
    },
    {
      "type": "insert-node",
      "node": {
        "label": "",
        "type": "TypeReference"
      },
      "location-after-char-start": 944,
      "location-after-char-end": 954,
      "node-str": ""
    },
    {
      "type": "insert-node",
      "node": {
        "label": "MATCH_ALL",
        "type": "Field"
      },
      "location-after-char-start": 961,
      "location-after-char-end": 1012,
      "node-str": "MATCH_ALL"
    },
    {
      "type": "insert-node",
      "node": {
        "label": "MATCH_ANY",
        "type": "Field"
      },
      "location-after-char-start": 1015,
      "location-after-char-end": 1052,
      "node-str": "MATCH_ANY"
    },
    {
      "type": "insert-node",
      "node": {
        "label": "list",
        "type": "Field"
      },
      "location-after-char-start": 1059,
      "location-after-char-end": 1105,
      "node-str": "list"
    },
    {
      "type": "insert-node",
      "node": {
        "label": "conditionNode",
        "type": "Field"
      },
      "location-after-char-start": 1112,
      "location-after-char-end": 1200,
      "node-str": "conditionNode"
    },
    {
      "type": "insert-node",
      "node": {
        "label": "\u003cinit\u003e",
        "type": "Constructor"
      },
      "location-after-char-start": 1204,
      "location-after-char-end": 1289,
      "node-str": "\u003cinit\u003e"
    },
    {
      "type": "insert-node",
      "node": {
        "label": "addEmptyCriteria",
        "type": "Method"
      },
      "location-after-char-start": 1295,
      "location-after-char-end": 1517,
      "node-str": "addEmptyCriteria"
    },
    {
      "type": "insert-node",
      "node": {
        "label": "remove",
        "type": "Method"
      },
      "location-after-char-start": 1521,
      "location-after-char-end": 2010,
      "node-str": "remove"
    },
    {
      "type": "insert-node",
      "node": {
        "label": "getCondition",
        "type": "Method"
      },
      "location-after-char-start": 2320,
      "location-after-char-end": 2582,
      "node-str": "getCondition"
    },
    {
      "type": "insert-node",
      "node": {
        "label": "setCondition",
        "type": "Method"
      },
      "location-after-char-start": 2586,
      "location-after-char-end": 2668,
      "node-str": "setCondition"
    },
    {
      "type": "insert-node",
      "node": {
        "label": "org.columba.core.config.DefaultItem",
        "type": "SUPER_TYPE"
      },
      "location-after-char-start": 0,
      "location-after-char-end": 0,
      "node-str": "org.columba.core.config.DefaultItem"
    },
    {
      "type": "insert-node",
      "node": {
        "label": "int",
        "type": "VARIABLE_TYPE"
      },
      "location-after-char-start": 0,
      "location-after-char-end": 0,
      "node-str": "int"
    },
    {
      "type": "insert-node",
      "node": {
        "label": "final",
        "type": "Modifier"
      },
      "location-after-char-start": 0,
      "location-after-char-end": 0,
      "node-str": "final"
    },
    {
      "type": "insert-node",
      "node": {
        "label": "public",
        "type": "Modifier"
      },
      "location-after-char-start": 0,
      "location-after-char-end": 0,
      "node-str": "public"
    },
    {
      "type": "insert-node",
      "node": {
        "label": "static",
        "type": "Modifier"
      },
      "location-after-char-start": 0,
      "location-after-char-end": 0,
      "node-str": "static"
    },
    {
      "type": "insert-node",
      "node": {
        "label": "0",
        "type": "Literal"
      },
      "location-after-char-start": 1011,
      "location-after-char-end": 1011,
      "node-str": "0"
    },
    {
      "type": "insert-node",
      "node": {
        "label": "int",
        "type": "VARIABLE_TYPE"
      },
      "location-after-char-start": 0,
      "location-after-char-end": 0,
      "node-str": "int"
    },
    {
      "type": "insert-node",
      "node": {
        "label": "final",
        "type": "Modifier"
      },
      "location-after-char-start": 0,
      "location-after-char-end": 0,
      "node-str": "final"
    },
    {
      "type": "insert-node",
      "node": {
        "label": "public",
        "type": "Modifier"
      },
      "location-after-char-start": 0,
      "location-after-char-end": 0,
      "node-str": "public"
    },
    {
      "type": "insert-node",
      "node": {
        "label": "static",
        "type": "Modifier"
      },
      "location-after-char-start": 0,
      "location-after-char-end": 0,
      "node-str": "static"
    },
    {
      "type": "insert-node",
      "node": {
        "label": "1",
        "type": "Literal"
      },
      "location-after-char-start": 1051,
      "location-after-char-end": 1051,
      "node-str": "1"
    },
    {
      "type": "insert-node",
      "node": {
        "label": "java.util.Vector",
        "type": "VARIABLE_TYPE"
      },
      "location-after-char-start": 0,
      "location-after-char-end": 0,
      "node-str": "java.util.Vector"
    },
    {
      "type": "insert-node",
      "node": {
        "label": "org.columba.core.config.AdapterNode",
        "type": "VARIABLE_TYPE"
      },
      "location-after-char-start": 0,
      "location-after-char-end": 0,
      "node-str": "org.columba.core.config.AdapterNode"
    },
    {
      "type": "insert-node",
      "node": {
        "label": "public",
        "type": "Modifier"
      },
      "location-after-char-start": 0,
      "location-after-char-end": 0,
      "node-str": "public"
    },
    {
      "type": "insert-node",
      "node": {
        "label": "root",
        "type": "Parameter"
      },
      "location-after-char-start": 1222,
      "location-after-char-end": 1236,
      "node-str": "root"
    },
    {
      "type": "insert-node",
      "node": {
        "label": "\u003cinit\u003e",
        "type": "Invocation"
      },
      "location-after-char-start": 1243,
      "location-after-char-end": 1254,
      "node-str": "\u003cinit\u003e"
    },
    {
      "type": "insert-node",
      "node": {
        "label": "\u003d",
        "type": "Assignment"
      },
      "location-after-char-start": 1259,
      "location-after-char-end": 1278,
      "node-str": "\u003d"
    },
    {
      "type": "insert-node",
      "node": {
        "label": "void",
        "type": "RETURN_TYPE"
      },
      "location-after-char-start": 0,
      "location-after-char-end": 0,
      "node-str": "void"
    },
    {
      "type": "insert-node",
      "node": {
        "label": "public",
        "type": "Modifier"
      },
      "location-after-char-start": 0,
      "location-after-char-end": 0,
      "node-str": "public"
    },
    {
      "type": "insert-node",
      "node": {
        "label": "void",
        "type": "RETURN_TYPE"
      },
      "location-after-char-start": 0,
      "location-after-char-end": 0,
      "node-str": "void"
    },
    {
      "type": "insert-node",
      "node": {
        "label": "public",
        "type": "Modifier"
      },
      "location-after-char-start": 0,
      "location-after-char-end": 0,
      "node-str": "public"
    },
    {
      "type": "insert-node",
      "node": {
        "label": "index",
        "type": "Parameter"
      },
      "location-after-char-start": 1540,
      "location-after-char-end": 1548,
      "node-str": "index"
    },
    {
      "type": "insert-node",
      "node": {
        "label": "java.lang.String",
        "type": "RETURN_TYPE"
      },
      "location-after-char-start": 0,
      "location-after-char-end": 0,
      "node-str": "java.lang.String"
    },
    {
      "type": "insert-node",
      "node": {
        "label": "public",
        "type": "Modifier"
      },
      "location-after-char-start": 0,
      "location-after-char-end": 0,
      "node-str": "public"
    },
    {
      "type": "insert-node",
      "node": {
        "label": "return",
        "type": "Return"
      },
      "location-after-char-start": 2353,
      "location-after-char-end": 2362,
      "node-str": "return"
    },
    {
      "type": "insert-node",
      "node": {
        "label": "void",
        "type": "RETURN_TYPE"
      },
      "location-after-char-start": 0,
      "location-after-char-end": 0,
      "node-str": "void"
    },
    {
      "type": "insert-node",
      "node": {
        "label": "public",
        "type": "Modifier"
      },
      "location-after-char-start": 0,
      "location-after-char-end": 0,
      "node-str": "public"
    },
    {
      "type": "insert-node",
      "node": {
        "label": "s",
        "type": "Parameter"
      },
      "location-after-char-start": 2611,
      "location-after-char-end": 2618,
      "node-str": "s"
    },
    {
      "type": "insert-node",
      "node": {
        "label": "org.columba.core.xml.XmlElement",
        "type": "VARIABLE_TYPE"
      },
      "location-after-char-start": 0,
      "location-after-char-end": 0,
      "node-str": "org.columba.core.xml.XmlElement"
    },
    {
      "type": "insert-node",
      "node": {
        "label": "root",
        "type": "VariableRead"
      },
      "location-after-char-start": 1249,
      "location-after-char-end": 1252,
      "node-str": "root"
    },
    {
      "type": "insert-node",
      "node": {
        "label": "list",
        "type": "FieldWrite"
      },
      "location-after-char-start": 1259,
      "location-after-char-end": 1262,
      "node-str": "list"
    },
    {
      "type": "insert-node",
      "node": {
        "label": "java.util.Vector()",
        "type": "ConstructorCall"
      },
      "location-after-char-start": 1266,
      "location-after-char-end": 1277,
      "node-str": "java.util.Vector()"
    },
    {
      "type": "insert-node",
      "node": {
        "label": "int",
        "type": "VARIABLE_TYPE"
      },
      "location-after-char-start": 0,
      "location-after-char-end": 0,
      "node-str": "int"
    },
    {
      "type": "insert-node",
      "node": {
        "label": "\"\"",
        "type": "Literal"
      },
      "location-after-char-start": 2360,
      "location-after-char-end": 2361,
      "node-str": "\"\""
    },
    {
      "type": "insert-node",
      "node": {
        "label": "java.lang.String",
        "type": "VARIABLE_TYPE"
      },
      "location-after-char-start": 0,
      "location-after-char-end": 0,
      "node-str": "java.lang.String"
    },
    {
      "type": "insert-node",
      "node": {
        "label": "org.columba.mail.filter.FilterRule",
        "type": "TypeAccess"
      },
      "location-after-char-start": 0,
      "location-after-char-end": 0,
      "node-str": "org.columba.mail.filter.FilterRule"
    },
    {
      "type": "delete-node",
      "node": {
        "label": "public",
        "type": "Modifier"
      },
      "location-before-char-start": 0,
      "location-before-char-end": 0,
      "node-str": "public"
    },
    {
      "type": "delete-node",
      "node": {
        "label": "org.columba.core.config.DefaultItem",
        "type": "SUPER_TYPE"
      },
      "location-before-char-start": 0,
      "location-before-char-end": 0,
      "node-str": "org.columba.core.config.DefaultItem"
    },
    {
      "type": "delete-node",
      "node": {
        "label": "",
        "type": "TypeReference"
      },
      "location-before-char-start": 976,
      "location-before-char-end": 986,
      "node-str": ""
    },
    {
      "type": "delete-node",
      "node": {
        "label": "int",
        "type": "VARIABLE_TYPE"
      },
      "location-before-char-start": 0,
      "location-before-char-end": 0,
      "node-str": "int"
    },
    {
      "type": "delete-node",
      "node": {
        "label": "final",
        "type": "Modifier"
      },
      "location-before-char-start": 0,
      "location-before-char-end": 0,
      "node-str": "final"
    },
    {
      "type": "delete-node",
      "node": {
        "label": "public",
        "type": "Modifier"
      },
      "location-before-char-start": 0,
      "location-before-char-end": 0,
      "node-str": "public"
    },
    {
      "type": "delete-node",
      "node": {
        "label": "static",
        "type": "Modifier"
      },
      "location-before-char-start": 0,
      "location-before-char-end": 0,
      "node-str": "static"
    },
    {
      "type": "delete-node",
      "node": {
        "label": "0",
        "type": "Literal"
      },
      "location-before-char-start": 1043,
      "location-before-char-end": 1043,
      "node-str": "0"
    },
    {
      "type": "delete-node",
      "node": {
        "label": "MATCH_ALL",
        "type": "Field"
      },
      "location-before-char-start": 993,
      "location-before-char-end": 1044,
      "node-str": "MATCH_ALL"
    },
    {
      "type": "delete-node",
      "node": {
        "label": "int",
        "type": "VARIABLE_TYPE"
      },
      "location-before-char-start": 0,
      "location-before-char-end": 0,
      "node-str": "int"
    },
    {
      "type": "delete-node",
      "node": {
        "label": "final",
        "type": "Modifier"
      },
      "location-before-char-start": 0,
      "location-before-char-end": 0,
      "node-str": "final"
    },
    {
      "type": "delete-node",
      "node": {
        "label": "public",
        "type": "Modifier"
      },
      "location-before-char-start": 0,
      "location-before-char-end": 0,
      "node-str": "public"
    },
    {
      "type": "delete-node",
      "node": {
        "label": "static",
        "type": "Modifier"
      },
      "location-before-char-start": 0,
      "location-before-char-end": 0,
      "node-str": "static"
    },
    {
      "type": "delete-node",
      "node": {
        "label": "1",
        "type": "Literal"
      },
      "location-before-char-start": 1083,
      "location-before-char-end": 1083,
      "node-str": "1"
    },
    {
      "type": "delete-node",
      "node": {
        "label": "MATCH_ANY",
        "type": "Field"
      },
      "location-before-char-start": 1047,
      "location-before-char-end": 1084,
      "node-str": "MATCH_ANY"
    },
    {
      "type": "delete-node",
      "node": {
        "label": "java.util.Vector",
        "type": "VARIABLE_TYPE"
      },
      "location-before-char-start": 0,
      "location-before-char-end": 0,
      "node-str": "java.util.Vector"
    },
    {
      "type": "delete-node",
      "node": {
        "label": "list",
        "type": "Field"
      },
      "location-before-char-start": 1091,
      "location-before-char-end": 1137,
      "node-str": "list"
    },
    {
      "type": "delete-node",
      "node": {
        "label": "org.columba.core.config.AdapterNode",
        "type": "VARIABLE_TYPE"
      },
      "location-before-char-start": 0,
      "location-before-char-end": 0,
      "node-str": "org.columba.core.config.AdapterNode"
    },
    {
      "type": "delete-node",
      "node": {
        "label": "node",
        "type": "Field"
      },
      "location-before-char-start": 1141,
      "location-before-char-end": 1165,
      "node-str": "node"
    },
    {
      "type": "delete-node",
      "node": {
        "label": "org.columba.core.config.AdapterNode",
        "type": "VARIABLE_TYPE"
      },
      "location-before-char-start": 0,
      "location-before-char-end": 0,
      "node-str": "org.columba.core.config.AdapterNode"
    },
    {
      "type": "delete-node",
      "node": {
        "label": "conditionNode",
        "type": "Field"
      },
      "location-before-char-start": 1169,
      "location-before-char-end": 1257,
      "node-str": "conditionNode"
    },
    {
      "type": "delete-node",
      "node": {
        "label": "public",
        "type": "Modifier"
      },
      "location-before-char-start": 0,
      "location-before-char-end": 0,
      "node-str": "public"
    },
    {
      "type": "delete-node",
      "node": {
        "label": "org.columba.core.config.AdapterNode",
        "type": "VARIABLE_TYPE"
      },
      "location-before-char-start": 0,
      "location-before-char-end": 0,
      "node-str": "org.columba.core.config.AdapterNode"
    },
    {
      "type": "delete-node",
      "node": {
        "label": "node",
        "type": "Parameter"
      },
      "location-before-char-start": 1279,
      "location-before-char-end": 1294,
      "node-str": "node"
    },
    {
      "type": "delete-node",
      "node": {
        "label": "org.w3c.dom.Document",
        "type": "VARIABLE_TYPE"
      },
      "location-before-char-start": 0,
      "location-before-char-end": 0,
      "node-str": "org.w3c.dom.Document"
    },
    {
      "type": "delete-node",
      "node": {
        "label": "doc",
        "type": "Parameter"
      },
      "location-before-char-start": 1297,
      "location-before-char-end": 1308,
      "node-str": "doc"
    },
    {
      "type": "delete-node",
      "node": {
        "label": "doc",
        "type": "VariableRead"
      },
      "location-before-char-start": 1321,
      "location-before-char-end": 1323,
      "node-str": "doc"
    },
    {
      "type": "delete-node",
      "node": {
        "label": "\u003cinit\u003e",
        "type": "Invocation"
      },
      "location-before-char-start": 1315,
      "location-before-char-end": 1325,
      "node-str": "\u003cinit\u003e"
    },
    {
      "type": "delete-node",
      "node": {
        "label": "org.columba.mail.filter.FilterRule",
        "type": "TypeAccess"
      },
      "location-before-char-start": 0,
      "location-before-char-end": 0,
      "node-str": "org.columba.mail.filter.FilterRule"
    },
    {
      "type": "delete-node",
      "node": {
        "label": "list",
        "type": "FieldWrite"
      },
      "location-before-char-start": 1330,
      "location-before-char-end": 1333,
      "node-str": "list"
    },
    {
      "type": "delete-node",
      "node": {
        "label": "java.util.Vector()",
        "type": "ConstructorCall"
      },
      "location-before-char-start": 1337,
      "location-before-char-end": 1348,
      "node-str": "java.util.Vector()"
    },
    {
      "type": "delete-node",
      "node": {
        "label": "\u003d",
        "type": "Assignment"
      },
      "location-before-char-start": 1330,
      "location-before-char-end": 1349,
      "node-str": "\u003d"
    },
    {
      "type": "delete-node",
      "node": {
        "label": "org.columba.mail.filter.FilterRule",
        "type": "TypeAccess"
      },
      "location-before-char-start": 0,
      "location-before-char-end": 0,
      "node-str": "org.columba.mail.filter.FilterRule"
    },
    {
      "type": "delete-node",
      "node": {
        "label": "this",
        "type": "ThisAccess"
      },
      "location-before-char-start": 1353,
      "location-before-char-end": 1356,
      "node-str": "this"
    },
    {
      "type": "delete-node",
      "node": {
        "label": "node",
        "type": "FieldWrite"
      },
      "location-before-char-start": 1353,
      "location-before-char-end": 1361,
      "node-str": "node"
    },
    {
      "type": "delete-node",
      "node": {
        "label": "node",
        "type": "VariableRead"
      },
      "location-before-char-start": 1365,
      "location-before-char-end": 1368,
      "node-str": "node"
    },
    {
      "type": "delete-node",
      "node": {
        "label": "\u003d",
        "type": "Assignment"
      },
      "location-before-char-start": 1353,
      "location-before-char-end": 1369,
      "node-str": "\u003d"
    },
    {
      "type": "delete-node",
      "node": {
        "label": "node",
        "type": "VariableRead"
      },
      "location-before-char-start": 1378,
      "location-before-char-end": 1381,
      "node-str": "node"
    },
    {
      "type": "delete-node",
      "node": {
        "label": "null",
        "type": "Literal"
      },
      "location-before-char-start": 1386,
      "location-before-char-end": 1389,
      "node-str": "null"
    },
    {
      "type": "delete-node",
      "node": {
        "label": "NE",
        "type": "BinaryOperator"
      },
      "location-before-char-start": 1378,
      "location-before-char-end": 1389,
      "node-str": "NE"
    },
    {
      "type": "delete-node",
      "node": {
        "label": "org.columba.mail.filter.FilterRule",
        "type": "TypeAccess"
      },
      "location-before-char-start": 0,
      "location-before-char-end": 0,
      "node-str": "org.columba.mail.filter.FilterRule"
    },
    {
      "type": "delete-node",
      "node": {
        "label": "parseNode",
        "type": "Invocation"
      },
      "location-before-char-start": 1397,
      "location-before-char-end": 1408,
      "node-str": "parseNode"
    },
    {
      "type": "delete-node",
      "node": {
        "label": "THEN",
        "type": "then"
      },
      "location-before-char-start": 1392,
      "location-before-char-end": 1412,
      "node-str": "THEN"
    },
    {
      "type": "delete-node",
      "node": {
        "label": "java.lang.System",
        "type": "TypeAccess"
      },
      "location-before-char-start": 1424,
      "location-before-char-end": 1429,
      "node-str": "java.lang.System"
    },
    {
      "type": "delete-node",
      "node": {
        "label": "out",
        "type": "FieldRead"
      },
      "location-before-char-start": 1424,
      "location-before-char-end": 1433,
      "node-str": "out"
    },
    {
      "type": "delete-node",
      "node": {
        "label": "\" node \u003d\u003d null \"",
        "type": "Literal"
      },
      "location-before-char-start": 1443,
      "location-before-char-end": 1458,
      "node-str": "\" node \u003d\u003d null \""
    },
    {
      "type": "delete-node",
      "node": {
        "label": "println",
        "type": "Invocation"
      },
      "location-before-char-start": 1424,
      "location-before-char-end": 1460,
      "node-str": "println"
    },
    {
      "type": "delete-node",
      "node": {
        "label": "ELSE",
        "type": "else"
      },
      "location-before-char-start": 1419,
      "location-before-char-end": 1465,
      "node-str": "ELSE"
    },
    {
      "type": "delete-node",
      "node": {
        "label": "if",
        "type": "If"
      },
      "location-before-char-start": 1374,
      "location-before-char-end": 1465,
      "node-str": "if"
    },
    {
      "type": "delete-node",
      "node": {
        "label": "\u003cinit\u003e",
        "type": "Constructor"
      },
      "location-before-char-start": 1261,
      "location-before-char-end": 1469,
      "node-str": "\u003cinit\u003e"
    },
    {
      "type": "delete-node",
      "node": {
        "label": "org.columba.core.config.AdapterNode",
        "type": "RETURN_TYPE"
      },
      "location-before-char-start": 0,
      "location-before-char-end": 0,
      "node-str": "org.columba.core.config.AdapterNode"
    },
    {
      "type": "delete-node",
      "node": {
        "label": "public",
        "type": "Modifier"
      },
      "location-before-char-start": 0,
      "location-before-char-end": 0,
      "node-str": "public"
    },
    {
      "type": "delete-node",
      "node": {
        "label": "org.columba.mail.filter.FilterRule",
        "type": "TypeAccess"
      },
      "location-before-char-start": 0,
      "location-before-char-end": 0,
      "node-str": "org.columba.mail.filter.FilterRule"
    },
    {
      "type": "delete-node",
      "node": {
        "label": "node",
        "type": "FieldRead"
      },
      "location-before-char-start": 1517,
      "location-before-char-end": 1520,
      "node-str": "node"
    },
    {
      "type": "delete-node",
      "node": {
        "label": "return",
        "type": "Return"
      },
      "location-before-char-start": 1510,
      "location-before-char-end": 1521,
      "node-str": "return"
    },
    {
      "type": "delete-node",
      "node": {
        "label": "getRootNode",
        "type": "Method"
      },
      "location-before-char-start": 1473,
      "location-before-char-end": 1524,
      "node-str": "getRootNode"
    },
    {
      "type": "delete-node",
      "node": {
        "label": "void",
        "type": "RETURN_TYPE"
      },
      "location-before-char-start": 0,
      "location-before-char-end": 0,
      "node-str": "void"
    },
    {
      "type": "delete-node",
      "node": {
        "label": "public",
        "type": "Modifier"
      },
      "location-before-char-start": 0,
      "location-before-char-end": 0,
      "node-str": "public"
    },
    {
      "type": "delete-node",
      "node": {
        "label": "org.columba.core.config.AdapterNode",
        "type": "VARIABLE_TYPE"
      },
      "location-before-char-start": 0,
      "location-before-char-end": 0,
      "node-str": "org.columba.core.config.AdapterNode"
    },
    {
      "type": "delete-node",
      "node": {
        "label": "org.columba.mail.config.MailConfig",
        "type": "TypeAccess"
      },
      "location-before-char-start": 1582,
      "location-before-char-end": 1591,
      "node-str": "org.columba.mail.config.MailConfig"
    },
    {
      "type": "delete-node",
      "node": {
        "label": "getFolderConfig",
        "type": "Invocation"
      },
      "location-before-char-start": 1582,
      "location-before-char-end": 1609,
      "node-str": "getFolderConfig"
    },
    {
      "type": "delete-node",
      "node": {
        "label": "org.columba.mail.filter.FilterRule",
        "type": "TypeAccess"
      },
      "location-before-char-start": 0,
      "location-before-char-end": 0,
      "node-str": "org.columba.mail.filter.FilterRule"
    },
    {
      "type": "delete-node",
      "node": {
        "label": "getRootNode",
        "type": "Invocation"
      },
      "location-before-char-start": 1634,
      "location-before-char-end": 1646,
      "node-str": "getRootNode"
    },
    {
      "type": "delete-node",
      "node": {
        "label": "addEmptyFilterCriteria",
        "type": "Invocation"
      },
      "location-before-char-start": 1582,
      "location-before-char-end": 1647,
      "node-str": "addEmptyFilterCriteria"
    },
    {
      "type": "delete-node",
      "node": {
        "label": "n",
        "type": "LocalVariable"
      },
      "location-before-char-start": 1563,
      "location-before-char-end": 1648,
      "node-str": "n"
    },
    {
      "type": "delete-node",
      "node": {
        "label": "org.columba.mail.filter.FilterCriteria",
        "type": "VARIABLE_TYPE"
      },
      "location-before-char-start": 0,
      "location-before-char-end": 0,
      "node-str": "org.columba.mail.filter.FilterCriteria"
    },
    {
      "type": "delete-node",
      "node": {
        "label": "n",
        "type": "VariableRead"
      },
      "location-before-char-start": 1697,
      "location-before-char-end": 1697,
      "node-str": "n"
    },
    {
      "type": "delete-node",
      "node": {
        "label": "org.columba.mail.filter.FilterRule",
        "type": "TypeAccess"
      },
      "location-before-char-start": 0,
      "location-before-char-end": 0,
      "node-str": "org.columba.mail.filter.FilterRule"
    },
    {
      "type": "delete-node",
      "node": {
        "label": "getDocument",
        "type": "Invocation"
      },
      "location-before-char-start": 1700,
      "location-before-char-end": 1712,
      "node-str": "getDocument"
    },
    {
      "type": "delete-node",
      "node": {
        "label": "java.lang.Object()",
        "type": "ConstructorCall"
      },
      "location-before-char-start": 1678,
      "location-before-char-end": 1713,
      "node-str": "java.lang.Object()"
    },
    {
      "type": "delete-node",
      "node": {
        "label": "criteria",
        "type": "LocalVariable"
      },
      "location-before-char-start": 1652,
      "location-before-char-end": 1714,
      "node-str": "criteria"
    },
    {
      "type": "delete-node",
      "node": {
        "label": "org.columba.mail.filter.FilterRule",
        "type": "TypeAccess"
      },
      "location-before-char-start": 0,
      "location-before-char-end": 0,
      "node-str": "org.columba.mail.filter.FilterRule"
    },
    {
      "type": "delete-node",
      "node": {
        "label": "list",
        "type": "FieldRead"
      },
      "location-before-char-start": 1719,
      "location-before-char-end": 1722,
      "node-str": "list"
    },
    {
      "type": "delete-node",
      "node": {
        "label": "criteria",
        "type": "VariableRead"
      },
      "location-before-char-start": 1728,
      "location-before-char-end": 1735,
      "node-str": "criteria"
    },
    {
      "type": "delete-node",
      "node": {
        "label": "add",
        "type": "Invocation"
      },
      "location-before-char-start": 1719,
      "location-before-char-end": 1737,
      "node-str": "add"
    },
    {
      "type": "delete-node",
      "node": {
        "label": "addEmptyCriteria",
        "type": "Method"
      },
      "location-before-char-start": 1528,
      "location-before-char-end": 1740,
      "node-str": "addEmptyCriteria"
    },
    {
      "type": "delete-node",
      "node": {
        "label": "void",
        "type": "RETURN_TYPE"
      },
      "location-before-char-start": 0,
      "location-before-char-end": 0,
      "node-str": "void"
    },
    {
      "type": "delete-node",
      "node": {
        "label": "public",
        "type": "Modifier"
      },
      "location-before-char-start": 0,
      "location-before-char-end": 0,
      "node-str": "public"
    },
    {
      "type": "delete-node",
      "node": {
        "label": "int",
        "type": "VARIABLE_TYPE"
      },
      "location-before-char-start": 0,
      "location-before-char-end": 0,
      "node-str": "int"
    },
    {
      "type": "delete-node",
      "node": {
        "label": "index",
        "type": "Parameter"
      },
      "location-before-char-start": 1763,
      "location-before-char-end": 1771,
      "node-str": "index"
    },
    {
      "type": "delete-node",
      "node": {
        "label": "index",
        "type": "VariableRead"
      },
      "location-before-char-start": 1783,
      "location-before-char-end": 1787,
      "node-str": "index"
    },
    {
      "type": "delete-node",
      "node": {
        "label": "0",
        "type": "Literal"
      },
      "location-before-char-start": 1792,
      "location-before-char-end": 1792,
      "node-str": "0"
    },
    {
      "type": "delete-node",
      "node": {
        "label": "GE",
        "type": "BinaryOperator"
      },
      "location-before-char-start": 1782,
      "location-before-char-end": 1793,
      "node-str": "GE"
    },
    {
      "type": "delete-node",
      "node": {
        "label": "index",
        "type": "VariableRead"
      },
      "location-before-char-start": 1799,
      "location-before-char-end": 1803,
      "node-str": "index"
    },
    {
      "type": "delete-node",
      "node": {
        "label": "org.columba.mail.filter.FilterRule",
        "type": "TypeAccess"
      },
      "location-before-char-start": 0,
      "location-before-char-end": 0,
      "node-str": "org.columba.mail.filter.FilterRule"
    },
    {
      "type": "delete-node",
      "node": {
        "label": "list",
        "type": "FieldRead"
      },
      "location-before-char-start": 1807,
      "location-before-char-end": 1810,
      "node-str": "list"
    },
    {
      "type": "delete-node",
      "node": {
        "label": "size",
        "type": "Invocation"
      },
      "location-before-char-start": 1807,
      "location-before-char-end": 1817,
      "node-str": "size"
    },
    {
      "type": "delete-node",
      "node": {
        "label": "LT",
        "type": "BinaryOperator"
      },
      "location-before-char-start": 1798,
      "location-before-char-end": 1818,
      "node-str": "LT"
    },
    {
      "type": "delete-node",
      "node": {
        "label": "AND",
        "type": "BinaryOperator"
      },
      "location-before-char-start": 1782,
      "location-before-char-end": 1818,
      "node-str": "AND"
    },
    {
      "type": "delete-node",
      "node": {
        "label": "org.columba.mail.filter.FilterRule",
        "type": "TypeAccess"
      },
      "location-before-char-start": 0,
      "location-before-char-end": 0,
      "node-str": "org.columba.mail.filter.FilterRule"
    },
    {
      "type": "delete-node",
      "node": {
        "label": "list",
        "type": "FieldRead"
      },
      "location-before-char-start": 1826,
      "location-before-char-end": 1829,
      "node-str": "list"
    },
    {
      "type": "delete-node",
      "node": {
        "label": "index",
        "type": "VariableRead"
      },
      "location-before-char-start": 1838,
      "location-before-char-end": 1842,
      "node-str": "index"
    },
    {
      "type": "delete-node",
      "node": {
        "label": "remove",
        "type": "Invocation"
      },
      "location-before-char-start": 1826,
      "location-before-char-end": 1844,
      "node-str": "remove"
    },
    {
      "type": "delete-node",
      "node": {
        "label": "int",
        "type": "VARIABLE_TYPE"
      },
      "location-before-char-start": 0,
      "location-before-char-end": 0,
      "node-str": "int"
    },
    {
      "type": "delete-node",
      "node": {
        "label": "1",
        "type": "Literal"
      },
      "location-before-char-start": 1864,
      "location-before-char-end": 1864,
      "node-str": "1"
    },
    {
      "type": "delete-node",
      "node": {
        "label": "NEG",
        "type": "UnaryOperator"
      },
      "location-before-char-start": 1863,
      "location-before-char-end": 1864,
      "node-str": "NEG"
    },
    {
      "type": "delete-node",
      "node": {
        "label": "result",
        "type": "LocalVariable"
      },
      "location-before-char-start": 1850,
      "location-before-char-end": 1865,
      "node-str": "result"
    },
    {
      "type": "delete-node",
      "node": {
        "label": "int",
        "type": "VARIABLE_TYPE"
      },
      "location-before-char-start": 0,
      "location-before-char-end": 0,
      "node-str": "int"
    },
    {
      "type": "delete-node",
      "node": {
        "label": "0",
        "type": "Literal"
      },
      "location-before-char-start": 1884,
      "location-before-char-end": 1884,
      "node-str": "0"
    },
    {
      "type": "delete-node",
      "node": {
        "label": "i",
        "type": "LocalVariable"
      },
      "location-before-char-start": 1876,
      "location-before-char-end": 1884,
      "node-str": "i"
    },
    {
      "type": "delete-node",
      "node": {
        "label": "i",
        "type": "VariableRead"
      },
      "location-before-char-start": 1887,
      "location-before-char-end": 1887,
      "node-str": "i"
    },
    {
      "type": "delete-node",
      "node": {
        "label": "org.columba.mail.filter.FilterRule",
        "type": "TypeAccess"
      },
      "location-before-char-start": 0,
      "location-before-char-end": 0,
      "node-str": "org.columba.mail.filter.FilterRule"
    },
    {
      "type": "delete-node",
      "node": {
        "label": "getRootNode",
        "type": "Invocation"
      },
      "location-before-char-start": 1891,
      "location-before-char-end": 1903,
      "node-str": "getRootNode"
    },
    {
      "type": "delete-node",
      "node": {
        "label": "getChildCount",
        "type": "Invocation"
      },
      "location-before-char-start": 1891,
      "location-before-char-end": 1919,
      "node-str": "getChildCount"
    },
    {
      "type": "delete-node",
      "node": {
        "label": "LT",
        "type": "BinaryOperator"
      },
      "location-before-char-start": 1887,
      "location-before-char-end": 1919,
      "node-str": "LT"
    },
    {
      "type": "delete-node",
      "node": {
        "label": "i",
        "type": "VariableWrite"
      },
      "location-before-char-start": 1922,
      "location-before-char-end": 1922,
      "node-str": "i"
    },
    {
      "type": "delete-node",
      "node": {
        "label": "POSTINC",
        "type": "UnaryOperator"
      },
      "location-before-char-start": 1922,
      "location-before-char-end": 1924,
      "node-str": "POSTINC"
    },
    {
      "type": "delete-node",
      "node": {
        "label": "org.columba.core.config.AdapterNode",
        "type": "VARIABLE_TYPE"
      },
      "location-before-char-start": 0,
      "location-before-char-end": 0,
      "node-str": "org.columba.core.config.AdapterNode"
    },
    {
      "type": "delete-node",
      "node": {
        "label": "org.columba.mail.filter.FilterRule",
        "type": "TypeAccess"
      },
      "location-before-char-start": 0,
      "location-before-char-end": 0,
      "node-str": "org.columba.mail.filter.FilterRule"
    },
    {
      "type": "delete-node",
      "node": {
        "label": "getRootNode",
        "type": "Invocation"
      },
      "location-before-char-start": 1967,
      "location-before-char-end": 1979,
      "node-str": "getRootNode"
    },
    {
      "type": "delete-node",
      "node": {
        "label": "i",
        "type": "VariableRead"
      },
      "location-before-char-start": 1992,
      "location-before-char-end": 1992,
      "node-str": "i"
    },
    {
      "type": "delete-node",
      "node": {
        "label": "getChildAt",
        "type": "Invocation"
      },
      "location-before-char-start": 1953,
      "location-before-char-end": 1993,
      "node-str": "getChildAt"
    },
    {
      "type": "delete-node",
      "node": {
        "label": "child",
        "type": "LocalVariable"
      },
      "location-before-char-start": 1933,
      "location-before-char-end": 1994,
      "node-str": "child"
    },
    {
      "type": "delete-node",
      "node": {
        "label": "java.lang.String",
        "type": "VARIABLE_TYPE"
      },
      "location-before-char-start": 0,
      "location-before-char-end": 0,
      "node-str": "java.lang.String"
    },
    {
      "type": "delete-node",
      "node": {
        "label": "child",
        "type": "VariableRead"
      },
      "location-before-char-start": 2014,
      "location-before-char-end": 2018,
      "node-str": "child"
    },
    {
      "type": "delete-node",
      "node": {
        "label": "getName",
        "type": "Invocation"
      },
      "location-before-char-start": 2014,
      "location-before-char-end": 2028,
      "node-str": "getName"
    },
    {
      "type": "delete-node",
      "node": {
        "label": "name",
        "type": "LocalVariable"
      },
      "location-before-char-start": 2000,
      "location-before-char-end": 2029,
      "node-str": "name"
    },
    {
      "type": "delete-node",
      "node": {
        "label": "name",
        "type": "VariableRead"
      },
      "location-before-char-start": 2040,
      "location-before-char-end": 2043,
      "node-str": "name"
    },
    {
      "type": "delete-node",
      "node": {
        "label": "\"filtercriteria\"",
        "type": "Literal"
      },
      "location-before-char-start": 2052,
      "location-before-char-end": 2067,
      "node-str": "\"filtercriteria\""
    },
    {
      "type": "delete-node",
      "node": {
        "label": "equals",
        "type": "Invocation"
      },
      "location-before-char-start": 2040,
      "location-before-char-end": 2068,
      "node-str": "equals"
    },
    {
      "type": "delete-node",
      "node": {
        "label": "result",
        "type": "VariableWrite"
      },
      "location-before-char-start": 2076,
      "location-before-char-end": 2081,
      "node-str": "result"
    },
    {
      "type": "delete-node",
      "node": {
        "label": "POSTINC",
        "type": "UnaryOperator"
      },
      "location-before-char-start": 2076,
      "location-before-char-end": 2084,
      "node-str": "POSTINC"
    },
    {
      "type": "delete-node",
      "node": {
        "label": "THEN",
        "type": "then"
      },
      "location-before-char-start": 2076,
      "location-before-char-end": 2084,
      "node-str": "THEN"
    },
    {
      "type": "delete-node",
      "node": {
        "label": "if",
        "type": "If"
      },
      "location-before-char-start": 2036,
      "location-before-char-end": 2084,
      "node-str": "if"
    },
    {
      "type": "delete-node",
      "node": {
        "label": "result",
        "type": "VariableRead"
      },
      "location-before-char-start": 2095,
      "location-before-char-end": 2100,
      "node-str": "result"
    },
    {
      "type": "delete-node",
      "node": {
        "label": "index",
        "type": "VariableRead"
      },
      "location-before-char-start": 2105,
      "location-before-char-end": 2109,
      "node-str": "index"
    },
    {
      "type": "delete-node",
      "node": {
        "label": "EQ",
        "type": "BinaryOperator"
      },
      "location-before-char-start": 2095,
      "location-before-char-end": 2109,
      "node-str": "EQ"
    },
    {
      "type": "delete-node",
      "node": {
        "label": "child",
        "type": "VariableRead"
      },
      "location-before-char-start": 2119,
      "location-before-char-end": 2123,
      "node-str": "child"
    },
    {
      "type": "delete-node",
      "node": {
        "label": "remove",
        "type": "Invocation"
      },
      "location-before-char-start": 2119,
      "location-before-char-end": 2133,
      "node-str": "remove"
    },
    {
      "type": "delete-node",
      "node": {
        "label": "break",
        "type": "Break"
      },
      "location-before-char-start": 2140,
      "location-before-char-end": 2145,
      "node-str": "break"
    },
    {
      "type": "delete-node",
      "node": {
        "label": "THEN",
        "type": "then"
      },
      "location-before-char-start": 2112,
      "location-before-char-end": 2151,
      "node-str": "THEN"
    },
    {
      "type": "delete-node",
      "node": {
        "label": "if",
        "type": "If"
      },
      "location-before-char-start": 2091,
      "location-before-char-end": 2151,
      "node-str": "if"
    },
    {
      "type": "delete-node",
      "node": {
        "label": "",
        "type": "For"
      },
      "location-before-char-start": 1871,
      "location-before-char-end": 2156,
      "node-str": ""
    },
    {
      "type": "delete-node",
      "node": {
        "label": "THEN",
        "type": "then"
      },
      "location-before-char-start": 1821,
      "location-before-char-end": 2220,
      "node-str": "THEN"
    },
    {
      "type": "delete-node",
      "node": {
        "label": "if",
        "type": "If"
      },
      "location-before-char-start": 1778,
      "location-before-char-end": 2220,
      "node-str": "if"
    },
    {
      "type": "delete-node",
      "node": {
        "label": "remove",
        "type": "Method"
      },
      "location-before-char-start": 1744,
      "location-before-char-end": 2223,
      "node-str": "remove"
    },
    {
      "type": "delete-node",
      "node": {
        "label": "void",
        "type": "RETURN_TYPE"
      },
      "location-before-char-start": 0,
      "location-before-char-end": 0,
      "node-str": "void"
    },
    {
      "type": "delete-node",
      "node": {
        "label": "public",
        "type": "Modifier"
      },
      "location-before-char-start": 0,
      "location-before-char-end": 0,
      "node-str": "public"
    },
    {
      "type": "delete-node",
      "node": {
        "label": "org.columba.core.config.AdapterNode",
        "type": "VARIABLE_TYPE"
      },
      "location-before-char-start": 0,
      "location-before-char-end": 0,
      "node-str": "org.columba.core.config.AdapterNode"
    },
    {
      "type": "delete-node",
      "node": {
        "label": "child",
        "type": "LocalVariable"
      },
      "location-before-char-start": 2558,
      "location-before-char-end": 2575,
      "node-str": "child"
    },
    {
      "type": "delete-node",
      "node": {
        "label": "int",
        "type": "VARIABLE_TYPE"
      },
      "location-before-char-start": 0,
      "location-before-char-end": 0,
      "node-str": "int"
    },
    {
      "type": "delete-node",
      "node": {
        "label": "0",
        "type": "Literal"
      },
      "location-before-char-start": 2671,
      "location-before-char-end": 2671,
      "node-str": "0"
    },
    {
      "type": "delete-node",
      "node": {
        "label": "i",
        "type": "LocalVariable"
      },
      "location-before-char-start": 2663,
      "location-before-char-end": 2671,
      "node-str": "i"
    },
    {
      "type": "delete-node",
      "node": {
        "label": "i",
        "type": "VariableRead"
      },
      "location-before-char-start": 2674,
      "location-before-char-end": 2674,
      "node-str": "i"
    },
    {
      "type": "delete-node",
      "node": {
        "label": "org.columba.mail.filter.FilterRule",
        "type": "TypeAccess"
      },
      "location-before-char-start": 0,
      "location-before-char-end": 0,
      "node-str": "org.columba.mail.filter.FilterRule"
    },
    {
      "type": "delete-node",
      "node": {
        "label": "node",
        "type": "FieldRead"
      },
      "location-before-char-start": 2678,
      "location-before-char-end": 2681,
      "node-str": "node"
    },
    {
      "type": "delete-node",
      "node": {
        "label": "getChildCount",
        "type": "Invocation"
      },
      "location-before-char-start": 2678,
      "location-before-char-end": 2697,
      "node-str": "getChildCount"
    },
    {
      "type": "delete-node",
      "node": {
        "label": "LT",
        "type": "BinaryOperator"
      },
      "location-before-char-start": 2674,
      "location-before-char-end": 2697,
      "node-str": "LT"
    },
    {
      "type": "delete-node",
      "node": {
        "label": "i",
        "type": "VariableWrite"
      },
      "location-before-char-start": 2700,
      "location-before-char-end": 2700,
      "node-str": "i"
    },
    {
      "type": "delete-node",
      "node": {
        "label": "POSTINC",
        "type": "UnaryOperator"
      },
      "location-before-char-start": 2700,
      "location-before-char-end": 2702,
      "node-str": "POSTINC"
    },
    {
      "type": "delete-node",
      "node": {
        "label": "child",
        "type": "VariableWrite"
      },
      "location-before-char-start": 2710,
      "location-before-char-end": 2714,
      "node-str": "child"
    },
    {
      "type": "delete-node",
      "node": {
        "label": "org.columba.mail.filter.FilterRule",
        "type": "TypeAccess"
      },
      "location-before-char-start": 0,
      "location-before-char-end": 0,
      "node-str": "org.columba.mail.filter.FilterRule"
    },
    {
      "type": "delete-node",
      "node": {
        "label": "node",
        "type": "FieldRead"
      },
      "location-before-char-start": 2718,
      "location-before-char-end": 2721,
      "node-str": "node"
    },
    {
      "type": "delete-node",
      "node": {
        "label": "i",
        "type": "VariableRead"
      },
      "location-before-char-start": 2732,
      "location-before-char-end": 2732,
      "node-str": "i"
    },
    {
      "type": "delete-node",
      "node": {
        "label": "getChild",
        "type": "Invocation"
      },
      "location-before-char-start": 2718,
      "location-before-char-end": 2733,
      "node-str": "getChild"
    },
    {
      "type": "delete-node",
      "node": {
        "label": "\u003d",
        "type": "Assignment"
      },
      "location-before-char-start": 2710,
      "location-before-char-end": 2734,
      "node-str": "\u003d"
    },
    {
      "type": "delete-node",
      "node": {
        "label": "child",
        "type": "VariableRead"
      },
      "location-before-char-start": 2816,
      "location-before-char-end": 2820,
      "node-str": "child"
    },
    {
      "type": "delete-node",
      "node": {
        "label": "getName",
        "type": "Invocation"
      },
      "location-before-char-start": 2816,
      "location-before-char-end": 2830,
      "node-str": "getName"
    },
    {
      "type": "delete-node",
      "node": {
        "label": "\"filtercriteria\"",
        "type": "Literal"
      },
      "location-before-char-start": 2839,
      "location-before-char-end": 2854,
      "node-str": "\"filtercriteria\""
    },
    {
      "type": "delete-node",
      "node": {
        "label": "equals",
        "type": "Invocation"
      },
      "location-before-char-start": 2816,
      "location-before-char-end": 2855,
      "node-str": "equals"
    },
    {
      "type": "delete-node",
      "node": {
        "label": "org.columba.mail.filter.FilterRule",
        "type": "TypeAccess"
      },
      "location-before-char-start": 0,
      "location-before-char-end": 0,
      "node-str": "org.columba.mail.filter.FilterRule"
    },
    {
      "type": "delete-node",
      "node": {
        "label": "list",
        "type": "FieldRead"
      },
      "location-before-char-start": 2862,
      "location-before-char-end": 2865,
      "node-str": "list"
    },
    {
      "type": "delete-node",
      "node": {
        "label": "child",
        "type": "VariableRead"
      },
      "location-before-char-start": 2890,
      "location-before-char-end": 2894,
      "node-str": "child"
    },
    {
      "type": "delete-node",
      "node": {
        "label": "org.columba.mail.filter.FilterRule",
        "type": "TypeAccess"
      },
      "location-before-char-start": 0,
      "location-before-char-end": 0,
      "node-str": "org.columba.mail.filter.FilterRule"
    },
    {
      "type": "delete-node",
      "node": {
        "label": "getDocument",
        "type": "Invocation"
      },
      "location-before-char-start": 2897,
      "location-before-char-end": 2909,
      "node-str": "getDocument"
    },
    {
      "type": "delete-node",
      "node": {
        "label": "java.lang.Object()",
        "type": "ConstructorCall"
      },
      "location-before-char-start": 2871,
      "location-before-char-end": 2910,
      "node-str": "java.lang.Object()"
    },
    {
      "type": "delete-node",
      "node": {
        "label": "add",
        "type": "Invocation"
      },
      "location-before-char-start": 2862,
      "location-before-char-end": 2912,
      "node-str": "add"
    },
    {
      "type": "delete-node",
      "node": {
        "label": "THEN",
        "type": "then"
      },
      "location-before-char-start": 2862,
      "location-before-char-end": 2912,
      "node-str": "THEN"
    },
    {
      "type": "delete-node",
      "node": {
        "label": "child",
        "type": "VariableRead"
      },
      "location-before-char-start": 2926,
      "location-before-char-end": 2930,
      "node-str": "child"
    },
    {
      "type": "delete-node",
      "node": {
        "label": "getName",
        "type": "Invocation"
      },
      "location-before-char-start": 2926,
      "location-before-char-end": 2940,
      "node-str": "getName"
    },
    {
      "type": "delete-node",
      "node": {
        "label": "\"condition\"",
        "type": "Literal"
      },
      "location-before-char-start": 2949,
      "location-before-char-end": 2959,
      "node-str": "\"condition\""
    },
    {
      "type": "delete-node",
      "node": {
        "label": "equals",
        "type": "Invocation"
      },
      "location-before-char-start": 2926,
      "location-before-char-end": 2960,
      "node-str": "equals"
    },
    {
      "type": "delete-node",
      "node": {
        "label": "org.columba.mail.filter.FilterRule",
        "type": "TypeAccess"
      },
      "location-before-char-start": 0,
      "location-before-char-end": 0,
      "node-str": "org.columba.mail.filter.FilterRule"
    },
    {
      "type": "delete-node",
      "node": {
        "label": "conditionNode",
        "type": "FieldWrite"
      },
      "location-before-char-start": 3040,
      "location-before-char-end": 3052,
      "node-str": "conditionNode"
    },
    {
      "type": "delete-node",
      "node": {
        "label": "child",
        "type": "VariableRead"
      },
      "location-before-char-start": 3056,
      "location-before-char-end": 3060,
      "node-str": "child"
    },
    {
      "type": "delete-node",
      "node": {
        "label": "\u003d",
        "type": "Assignment"
      },
      "location-before-char-start": 3040,
      "location-before-char-end": 3061,
      "node-str": "\u003d"
    },
    {
      "type": "delete-node",
      "node": {
        "label": "THEN",
        "type": "then"
      },
      "location-before-char-start": 2963,
      "location-before-char-end": 3066,
      "node-str": "THEN"
    },
    {
      "type": "delete-node",
      "node": {
        "label": "if",
        "type": "If"
      },
      "location-before-char-start": 2922,
      "location-before-char-end": 3066,
      "node-str": "if"
    },
    {
      "type": "delete-node",
      "node": {
        "label": "ELSE",
        "type": "else"
      },
      "location-before-char-start": 2922,
      "location-before-char-end": 3066,
      "node-str": "ELSE"
    },
    {
      "type": "delete-node",
      "node": {
        "label": "if",
        "type": "If"
      },
      "location-before-char-start": 2812,
      "location-before-char-end": 3066,
      "node-str": "if"
    },
    {
      "type": "delete-node",
      "node": {
        "label": "",
        "type": "For"
      },
      "location-before-char-start": 2658,
      "location-before-char-end": 3071,
      "node-str": ""
    },
    {
      "type": "delete-node",
      "node": {
        "label": "parseNode",
        "type": "Method"
      },
      "location-before-char-start": 2530,
      "location-before-char-end": 3074,
      "node-str": "parseNode"
    },
    {
      "type": "delete-node",
      "node": {
        "label": "java.lang.String",
        "type": "RETURN_TYPE"
      },
      "location-before-char-start": 0,
      "location-before-char-end": 0,
      "node-str": "java.lang.String"
    },
    {
      "type": "delete-node",
      "node": {
        "label": "public",
        "type": "Modifier"
      },
      "location-before-char-start": 0,
      "location-before-char-end": 0,
      "node-str": "public"
    },
    {
      "type": "delete-node",
      "node": {
        "label": "org.columba.mail.filter.FilterRule",
        "type": "TypeAccess"
      },
      "location-before-char-start": 0,
      "location-before-char-end": 0,
      "node-str": "org.columba.mail.filter.FilterRule"
    },
    {
      "type": "delete-node",
      "node": {
        "label": "conditionNode",
        "type": "FieldRead"
      },
      "location-before-char-start": 3115,
      "location-before-char-end": 3127,
      "node-str": "conditionNode"
    },
    {
      "type": "delete-node",
      "node": {
        "label": "null",
        "type": "Literal"
      },
      "location-before-char-start": 3132,
      "location-before-char-end": 3135,
      "node-str": "null"
    },
    {
      "type": "delete-node",
      "node": {
        "label": "EQ",
        "type": "BinaryOperator"
      },
      "location-before-char-start": 3115,
      "location-before-char-end": 3135,
      "node-str": "EQ"
    },
    {
      "type": "delete-node",
      "node": {
        "label": "java.lang.System",
        "type": "TypeAccess"
      },
      "location-before-char-start": 3143,
      "location-before-char-end": 3148,
      "node-str": "java.lang.System"
    },
    {
      "type": "delete-node",
      "node": {
        "label": "out",
        "type": "FieldRead"
      },
      "location-before-char-start": 3143,
      "location-before-char-end": 3152,
      "node-str": "out"
    },
    {
      "type": "delete-node",
      "node": {
        "label": "\"---------------------------\u003e failure: conditionNode \u003d\u003d null !\"",
        "type": "Literal"
      },
      "location-before-char-start": 3167,
      "location-before-char-end": 3229,
      "node-str": "\"---------------------------\u003e failure: conditionNode \u003d\u003d null !\""
    },
    {
      "type": "delete-node",
      "node": {
        "label": "println",
        "type": "Invocation"
      },
      "location-before-char-start": 3143,
      "location-before-char-end": 3231,
      "node-str": "println"
    },
    {
      "type": "delete-node",
      "node": {
        "label": "\"matchany\"",
        "type": "Literal"
      },
      "location-before-char-start": 3255,
      "location-before-char-end": 3264,
      "node-str": "\"matchany\""
    },
    {
      "type": "delete-node",
      "node": {
        "label": "java.lang.String(java.lang.String)",
        "type": "ConstructorCall"
      },
      "location-before-char-start": 3244,
      "location-before-char-end": 3265,
      "node-str": "java.lang.String(java.lang.String)"
    },
    {
      "type": "delete-node",
      "node": {
        "label": "return",
        "type": "Return"
      },
      "location-before-char-start": 3237,
      "location-before-char-end": 3266,
      "node-str": "return"
    },
    {
      "type": "delete-node",
      "node": {
        "label": "THEN",
        "type": "then"
      },
      "location-before-char-start": 3138,
      "location-before-char-end": 3270,
      "node-str": "THEN"
    },
    {
      "type": "delete-node",
      "node": {
        "label": "org.columba.mail.filter.FilterRule",
        "type": "TypeAccess"
      },
      "location-before-char-start": 0,
      "location-before-char-end": 0,
      "node-str": "org.columba.mail.filter.FilterRule"
    },
    {
      "type": "delete-node",
      "node": {
        "label": "org.columba.mail.filter.FilterRule",
        "type": "TypeAccess"
      },
      "location-before-char-start": 0,
      "location-before-char-end": 0,
      "node-str": "org.columba.mail.filter.FilterRule"
    },
    {
      "type": "delete-node",
      "node": {
        "label": "conditionNode",
        "type": "FieldRead"
      },
      "location-before-char-start": 3300,
      "location-before-char-end": 3312,
      "node-str": "conditionNode"
    },
    {
      "type": "delete-node",
      "node": {
        "label": "getTextValue",
        "type": "Invocation"
      },
      "location-before-char-start": 3287,
      "location-before-char-end": 3313,
      "node-str": "getTextValue"
    },
    {
      "type": "delete-node",
      "node": {
        "label": "return",
        "type": "Return"
      },
      "location-before-char-start": 3280,
      "location-before-char-end": 3314,
      "node-str": "return"
    },
    {
      "type": "delete-node",
      "node": {
        "label": "ELSE",
        "type": "else"
      },
      "location-before-char-start": 3280,
      "location-before-char-end": 3314,
      "node-str": "ELSE"
    },
    {
      "type": "delete-node",
      "node": {
        "label": "if",
        "type": "If"
      },
      "location-before-char-start": 3111,
      "location-before-char-end": 3314,
      "node-str": "if"
    },
    {
      "type": "delete-node",
      "node": {
        "label": "getCondition",
        "type": "Method"
      },
      "location-before-char-start": 3078,
      "location-before-char-end": 3317,
      "node-str": "getCondition"
    },
    {
      "type": "delete-node",
      "node": {
        "label": "void",
        "type": "RETURN_TYPE"
      },
      "location-before-char-start": 0,
      "location-before-char-end": 0,
      "node-str": "void"
    },
    {
      "type": "delete-node",
      "node": {
        "label": "public",
        "type": "Modifier"
      },
      "location-before-char-start": 0,
      "location-before-char-end": 0,
      "node-str": "public"
    },
    {
      "type": "delete-node",
      "node": {
        "label": "java.lang.String",
        "type": "VARIABLE_TYPE"
      },
      "location-before-char-start": 0,
      "location-before-char-end": 0,
      "node-str": "java.lang.String"
    },
    {
      "type": "delete-node",
      "node": {
        "label": "s",
        "type": "Parameter"
      },
      "location-before-char-start": 3346,
      "location-before-char-end": 3353,
      "node-str": "s"
    },
    {
      "type": "delete-node",
      "node": {
        "label": "org.columba.mail.filter.FilterRule",
        "type": "TypeAccess"
      },
      "location-before-char-start": 0,
      "location-before-char-end": 0,
      "node-str": "org.columba.mail.filter.FilterRule"
    },
    {
      "type": "delete-node",
      "node": {
        "label": "org.columba.mail.filter.FilterRule",
        "type": "TypeAccess"
      },
      "location-before-char-start": 0,
      "location-before-char-end": 0,
      "node-str": "org.columba.mail.filter.FilterRule"
    },
    {
      "type": "delete-node",
      "node": {
        "label": "conditionNode",
        "type": "FieldRead"
      },
      "location-before-char-start": 3373,
      "location-before-char-end": 3385,
      "node-str": "conditionNode"
    },
    {
      "type": "delete-node",
      "node": {
        "label": "s",
        "type": "VariableRead"
      },
      "location-before-char-start": 3388,
      "location-before-char-end": 3388,
      "node-str": "s"
    },
    {
      "type": "delete-node",
      "node": {
        "label": "setTextValue",
        "type": "Invocation"
      },
      "location-before-char-start": 3360,
      "location-before-char-end": 3390,
      "node-str": "setTextValue"
    },
    {
      "type": "delete-node",
      "node": {
        "label": "setCondition",
        "type": "Method"
      },
      "location-before-char-start": 3321,
      "location-before-char-end": 3393,
      "node-str": "setCondition"
    }
  ],
  "before-file": {},
  "after-file": {},
  "mapping": {}
}