{
  "tool-info": {},
  "diff": [
    {
      "type": "insert-node",
      "node": {
        "label": "public",
        "type": "Modifier"
      },
      "location-after-char-start": 0,
      "location-after-char-end": 0,
      "node-str": "public"
    },
    {
      "type": "insert-node",
      "node": {
        "label": "",
        "type": "TypeReference"
      },
      "location-after-char-start": 3536,
      "location-after-char-end": 3558,
      "node-str": ""
    },
    {
      "type": "insert-node",
      "node": {
        "label": "doSaveattributedata",
        "type": "Method"
      },
      "location-after-char-start": 3566,
      "location-after-char-end": 5869,
      "node-str": "doSaveattributedata"
    },
    {
      "type": "insert-node",
      "node": {
        "label": "org.tigris.scarab.actions.base.RequireLoginFirstAction",
        "type": "SUPER_TYPE"
      },
      "location-after-char-start": 0,
      "location-after-char-end": 0,
      "node-str": "org.tigris.scarab.actions.base.RequireLoginFirstAction"
    },
    {
      "type": "insert-node",
      "node": {
        "label": "boolean",
        "type": "RETURN_TYPE"
      },
      "location-after-char-start": 0,
      "location-after-char-end": 0,
      "node-str": "boolean"
    },
    {
      "type": "insert-node",
      "node": {
        "label": "java.lang.Exception",
        "type": "THROWS"
      },
      "location-after-char-start": 0,
      "location-after-char-end": 0,
      "node-str": "java.lang.Exception"
    },
    {
      "type": "insert-node",
      "node": {
        "label": "public",
        "type": "Modifier"
      },
      "location-after-char-start": 0,
      "location-after-char-end": 0,
      "node-str": "public"
    },
    {
      "type": "insert-node",
      "node": {
        "label": "data",
        "type": "Parameter"
      },
      "location-after-char-start": 3745,
      "location-after-char-end": 3756,
      "node-str": "data"
    },
    {
      "type": "insert-node",
      "node": {
        "label": "context",
        "type": "Parameter"
      },
      "location-after-char-start": 3759,
      "location-after-char-end": 3781,
      "node-str": "context"
    },
    {
      "type": "move-subtree",
      "node": {
        "label": "intake",
        "type": "LocalVariable"
      },
      "location-before-char-start": 3777,
      "location-before-char-end": 3819,
      "location-after-char-start": 3823,
      "location-after-char-end": 3865,
      "node-str": "intake"
    },
    {
      "type": "move-subtree",
      "node": {
        "label": "scarabR",
        "type": "LocalVariable"
      },
      "location-before-char-start": 3829,
      "location-before-char-end": 3886,
      "location-after-char-start": 3875,
      "location-after-char-end": 3932,
      "node-str": "scarabR"
    },
    {
      "type": "move-subtree",
      "node": {
        "label": "l10n",
        "type": "LocalVariable"
      },
      "location-before-char-start": 3896,
      "location-before-char-end": 3954,
      "location-after-char-start": 3942,
      "location-after-char-end": 4000,
      "node-str": "l10n"
    },
    {
      "type": "insert-node",
      "node": {
        "label": "success",
        "type": "LocalVariable"
      },
      "location-after-char-start": 4010,
      "location-after-char-end": 4032,
      "node-str": "success"
    },
    {
      "type": "insert-node",
      "node": {
        "label": "if",
        "type": "If"
      },
      "location-after-char-start": 4043,
      "location-after-char-end": 5839,
      "node-str": "if"
    },
    {
      "type": "insert-node",
      "node": {
        "label": "return",
        "type": "Return"
      },
      "location-after-char-start": 5849,
      "location-after-char-end": 5863,
      "node-str": "return"
    },
    {
      "type": "insert-node",
      "node": {
        "label": "org.apache.turbine.RunData",
        "type": "VARIABLE_TYPE"
      },
      "location-after-char-start": 0,
      "location-after-char-end": 0,
      "node-str": "org.apache.turbine.RunData"
    },
    {
      "type": "insert-node",
      "node": {
        "label": "org.apache.turbine.TemplateContext",
        "type": "VARIABLE_TYPE"
      },
      "location-after-char-start": 0,
      "location-after-char-end": 0,
      "node-str": "org.apache.turbine.TemplateContext"
    },
    {
      "type": "insert-node",
      "node": {
        "label": "boolean",
        "type": "VARIABLE_TYPE"
      },
      "location-after-char-start": 0,
      "location-after-char-end": 0,
      "node-str": "boolean"
    },
    {
      "type": "insert-node",
      "node": {
        "label": "true",
        "type": "Literal"
      },
      "location-after-char-start": 4028,
      "location-after-char-end": 4031,
      "node-str": "true"
    },
    {
      "type": "insert-node",
      "node": {
        "label": "isAllValid",
        "type": "Invocation"
      },
      "location-after-char-start": 4047,
      "location-after-char-end": 4065,
      "node-str": "isAllValid"
    },
    {
      "type": "insert-node",
      "node": {
        "label": "THEN",
        "type": "then"
      },
      "location-after-char-start": 4076,
      "location-after-char-end": 5719,
      "node-str": "THEN"
    },
    {
      "type": "move-subtree",
      "node": {
        "label": "ELSE",
        "type": "else"
      },
      "location-before-char-start": 5650,
      "location-before-char-end": 5747,
      "location-after-char-start": 5742,
      "location-after-char-end": 5839,
      "node-str": "ELSE"
    },
    {
      "type": "insert-node",
      "node": {
        "label": "success",
        "type": "VariableRead"
      },
      "location-after-char-start": 5856,
      "location-after-char-end": 5862,
      "node-str": "success"
    },
    {
      "type": "insert-node",
      "node": {
        "label": "intake",
        "type": "VariableRead"
      },
      "location-after-char-start": 4047,
      "location-after-char-end": 4052,
      "node-str": "intake"
    },
    {
      "type": "move-subtree",
      "node": {
        "label": "attr",
        "type": "LocalVariable"
      },
      "location-before-char-start": 4044,
      "location-before-char-end": 4083,
      "location-after-char-start": 4090,
      "location-after-char-end": 4129,
      "node-str": "attr"
    },
    {
      "type": "insert-node",
      "node": {
        "label": "attrGroup",
        "type": "LocalVariable"
      },
      "location-after-char-start": 4143,
      "location-after-char-end": 4165,
      "node-str": "attrGroup"
    },
    {
      "type": "insert-node",
      "node": {
        "label": "isDupe",
        "type": "LocalVariable"
      },
      "location-after-char-start": 4179,
      "location-after-char-end": 4201,
      "node-str": "isDupe"
    },
    {
      "type": "insert-node",
      "node": {
        "label": "attributeName",
        "type": "LocalVariable"
      },
      "location-after-char-start": 4215,
      "location-after-char-end": 4241,
      "node-str": "attributeName"
    },
    {
      "type": "insert-node",
      "node": {
        "label": "if",
        "type": "If"
      },
      "location-after-char-start": 4255,
      "location-after-char-end": 4946,
      "node-str": "if"
    },
    {
      "type": "insert-node",
      "node": {
        "label": "if",
        "type": "If"
      },
      "location-after-char-start": 5018,
      "location-after-char-end": 5709,
      "node-str": "if"
    },
    {
      "type": "insert-node",
      "node": {
        "label": "org.apache.fulcrum.intake.model.Group",
        "type": "VARIABLE_TYPE"
      },
      "location-after-char-start": 0,
      "location-after-char-end": 0,
      "node-str": "org.apache.fulcrum.intake.model.Group"
    },
    {
      "type": "insert-node",
      "node": {
        "label": "null",
        "type": "Literal"
      },
      "location-after-char-start": 4161,
      "location-after-char-end": 4164,
      "node-str": "null"
    },
    {
      "type": "insert-node",
      "node": {
        "label": "boolean",
        "type": "VARIABLE_TYPE"
      },
      "location-after-char-start": 0,
      "location-after-char-end": 0,
      "node-str": "boolean"
    },
    {
      "type": "insert-node",
      "node": {
        "label": "false",
        "type": "Literal"
      },
      "location-after-char-start": 4196,
      "location-after-char-end": 4200,
      "node-str": "false"
    },
    {
      "type": "insert-node",
      "node": {
        "label": "org.apache.fulcrum.intake.model.Field",
        "type": "VARIABLE_TYPE"
      },
      "location-after-char-start": 0,
      "location-after-char-end": 0,
      "node-str": "org.apache.fulcrum.intake.model.Field"
    },
    {
      "type": "insert-node",
      "node": {
        "label": "null",
        "type": "Literal"
      },
      "location-after-char-start": 4237,
      "location-after-char-end": 4240,
      "node-str": "null"
    },
    {
      "type": "move-subtree",
      "node": {
        "label": "EQ",
        "type": "BinaryOperator"
      },
      "location-before-char-start": 4214,
      "location-before-char-end": 4242,
      "location-after-char-start": 4259,
      "location-after-char-end": 4287,
      "node-str": "EQ"
    },
    {
      "type": "insert-node",
      "node": {
        "label": "THEN",
        "type": "then"
      },
      "location-after-char-start": 4302,
      "location-after-char-end": 4687,
      "node-str": "THEN"
    },
    {
      "type": "insert-node",
      "node": {
        "label": "ELSE",
        "type": "else"
      },
      "location-after-char-start": 4718,
      "location-after-char-end": 4946,
      "node-str": "ELSE"
    },
    {
      "type": "insert-node",
      "node": {
        "label": "equals",
        "type": "Invocation"
      },
      "location-after-char-start": 5022,
      "location-after-char-end": 5063,
      "node-str": "equals"
    },
    {
      "type": "insert-node",
      "node": {
        "label": "THEN",
        "type": "then"
      },
      "location-after-char-start": 5078,
      "location-after-char-end": 5272,
      "node-str": "THEN"
    },
    {
      "type": "move-subtree",
      "node": {
        "label": "ELSE",
        "type": "else"
      },
      "location-before-char-start": 5251,
      "location-before-char-end": 5617,
      "location-after-char-start": 5343,
      "location-after-char-end": 5709,
      "node-str": "ELSE"
    },
    {
      "type": "move-subtree",
      "node": {
        "label": "\u003d",
        "type": "Assignment"
      },
      "location-before-char-start": 4308,
      "location-before-char-end": 4367,
      "location-after-char-start": 4353,
      "location-after-char-end": 4412,
      "node-str": "\u003d"
    },
    {
      "type": "move-subtree",
      "node": {
        "label": "setCreatedBy",
        "type": "Invocation"
      },
      "location-before-char-start": 4385,
      "location-before-char-end": 4444,
      "location-after-char-start": 4430,
      "location-after-char-end": 4489,
      "node-str": "setCreatedBy"
    },
    {
      "type": "insert-node",
      "node": {
        "label": "setCreatedDate",
        "type": "Invocation"
      },
      "location-after-char-start": 4507,
      "location-after-char-end": 4538,
      "node-str": "setCreatedDate"
    },
    {
      "type": "insert-node",
      "node": {
        "label": "\u003d",
        "type": "Assignment"
      },
      "location-after-char-start": 4556,
      "location-after-char-end": 4593,
      "node-str": "\u003d"
    },
    {
      "type": "insert-node",
      "node": {
        "label": "\u003d",
        "type": "Assignment"
      },
      "location-after-char-start": 4611,
      "location-after-char-end": 4673,
      "node-str": "\u003d"
    },
    {
      "type": "move-subtree",
      "node": {
        "label": "\u003d",
        "type": "Assignment"
      },
      "location-before-char-start": 4691,
      "location-before-char-end": 4746,
      "location-after-char-start": 4736,
      "location-after-char-end": 4791,
      "node-str": "\u003d"
    },
    {
      "type": "insert-node",
      "node": {
        "label": "\u003d",
        "type": "Assignment"
      },
      "location-after-char-start": 4809,
      "location-after-char-end": 4846,
      "node-str": "\u003d"
    },
    {
      "type": "insert-node",
      "node": {
        "label": "\u003d",
        "type": "Assignment"
      },
      "location-after-char-start": 4864,
      "location-after-char-end": 4932,
      "node-str": "\u003d"
    },
    {
      "type": "insert-node",
      "node": {
        "label": "trim",
        "type": "Invocation"
      },
      "location-after-char-start": 5022,
      "location-after-char-end": 5052,
      "node-str": "trim"
    },
    {
      "type": "insert-node",
      "node": {
        "label": "\"\"",
        "type": "Literal"
      },
      "location-after-char-start": 5061,
      "location-after-char-end": 5062,
      "node-str": "\"\""
    },
    {
      "type": "insert-node",
      "node": {
        "label": "setMessage",
        "type": "Invocation"
      },
      "location-after-char-start": 5096,
      "location-after-char-end": 5159,
      "node-str": "setMessage"
    },
    {
      "type": "insert-node",
      "node": {
        "label": "setAlertMessage",
        "type": "Invocation"
      },
      "location-after-char-start": 5177,
      "location-after-char-end": 5225,
      "node-str": "setAlertMessage"
    },
    {
      "type": "insert-node",
      "node": {
        "label": "\u003d",
        "type": "Assignment"
      },
      "location-after-char-start": 5243,
      "location-after-char-end": 5258,
      "node-str": "\u003d"
    },
    {
      "type": "insert-node",
      "node": {
        "label": "attr",
        "type": "VariableRead"
      },
      "location-after-char-start": 4507,
      "location-after-char-end": 4510,
      "node-str": "attr"
    },
    {
      "type": "insert-node",
      "node": {
        "label": "java.util.Date()",
        "type": "ConstructorCall"
      },
      "location-after-char-start": 4527,
      "location-after-char-end": 4536,
      "node-str": "java.util.Date()"
    },
    {
      "type": "insert-node",
      "node": {
        "label": "attributeName",
        "type": "VariableWrite"
      },
      "location-after-char-start": 4556,
      "location-after-char-end": 4568,
      "node-str": "attributeName"
    },
    {
      "type": "insert-node",
      "node": {
        "label": "get",
        "type": "Invocation"
      },
      "location-after-char-start": 4572,
      "location-after-char-end": 4592,
      "node-str": "get"
    },
    {
      "type": "insert-node",
      "node": {
        "label": "isDupe",
        "type": "VariableWrite"
      },
      "location-after-char-start": 4611,
      "location-after-char-end": 4616,
      "node-str": "isDupe"
    },
    {
      "type": "insert-node",
      "node": {
        "label": "checkForDuplicate",
        "type": "Invocation"
      },
      "location-after-char-start": 4620,
      "location-after-char-end": 4672,
      "node-str": "checkForDuplicate"
    },
    {
      "type": "insert-node",
      "node": {
        "label": "attributeName",
        "type": "VariableWrite"
      },
      "location-after-char-start": 4809,
      "location-after-char-end": 4821,
      "node-str": "attributeName"
    },
    {
      "type": "insert-node",
      "node": {
        "label": "get",
        "type": "Invocation"
      },
      "location-after-char-start": 4825,
      "location-after-char-end": 4845,
      "node-str": "get"
    },
    {
      "type": "insert-node",
      "node": {
        "label": "isDupe",
        "type": "VariableWrite"
      },
      "location-after-char-start": 4864,
      "location-after-char-end": 4869,
      "node-str": "isDupe"
    },
    {
      "type": "insert-node",
      "node": {
        "label": "checkForDuplicate",
        "type": "Invocation"
      },
      "location-after-char-start": 4873,
      "location-after-char-end": 4931,
      "node-str": "checkForDuplicate"
    },
    {
      "type": "insert-node",
      "node": {
        "label": "toString",
        "type": "Invocation"
      },
      "location-after-char-start": 5022,
      "location-after-char-end": 5045,
      "node-str": "toString"
    },
    {
      "type": "insert-node",
      "node": {
        "label": "attributeName",
        "type": "VariableRead"
      },
      "location-after-char-start": 5096,
      "location-after-char-end": 5108,
      "node-str": "attributeName"
    },
    {
      "type": "insert-node",
      "node": {
        "label": "\"intake_AttributeNameNotAllowedEmpty\"",
        "type": "Literal"
      },
      "location-after-char-start": 5121,
      "location-after-char-end": 5157,
      "node-str": "\"intake_AttributeNameNotAllowedEmpty\""
    },
    {
      "type": "insert-node",
      "node": {
        "label": "scarabR",
        "type": "VariableRead"
      },
      "location-after-char-start": 5177,
      "location-after-char-end": 5183,
      "node-str": "scarabR"
    },
    {
      "type": "insert-node",
      "node": {
        "label": "get",
        "type": "Invocation"
      },
      "location-after-char-start": 5201,
      "location-after-char-end": 5223,
      "node-str": "get"
    },
    {
      "type": "insert-node",
      "node": {
        "label": "success",
        "type": "VariableWrite"
      },
      "location-after-char-start": 5243,
      "location-after-char-end": 5249,
      "node-str": "success"
    },
    {
      "type": "insert-node",
      "node": {
        "label": "false",
        "type": "Literal"
      },
      "location-after-char-start": 5253,
      "location-after-char-end": 5257,
      "node-str": "false"
    },
    {
      "type": "insert-node",
      "node": {
        "label": "attrGroup",
        "type": "VariableRead"
      },
      "location-after-char-start": 4572,
      "location-after-char-end": 4580,
      "node-str": "attrGroup"
    },
    {
      "type": "insert-node",
      "node": {
        "label": "\"Name\"",
        "type": "Literal"
      },
      "location-after-char-start": 4586,
      "location-after-char-end": 4591,
      "node-str": "\"Name\""
    },
    {
      "type": "insert-node",
      "node": {
        "label": "org.tigris.scarab.om.Attribute",
        "type": "TypeAccess"
      },
      "location-after-char-start": 4620,
      "location-after-char-end": 4628,
      "node-str": "org.tigris.scarab.om.Attribute"
    },
    {
      "type": "insert-node",
      "node": {
        "label": "toString",
        "type": "Invocation"
      },
      "location-after-char-start": 4648,
      "location-after-char-end": 4671,
      "node-str": "toString"
    },
    {
      "type": "insert-node",
      "node": {
        "label": "attrGroup",
        "type": "VariableRead"
      },
      "location-after-char-start": 4825,
      "location-after-char-end": 4833,
      "node-str": "attrGroup"
    },
    {
      "type": "insert-node",
      "node": {
        "label": "\"Name\"",
        "type": "Literal"
      },
      "location-after-char-start": 4839,
      "location-after-char-end": 4844,
      "node-str": "\"Name\""
    },
    {
      "type": "insert-node",
      "node": {
        "label": "org.tigris.scarab.om.Attribute",
        "type": "TypeAccess"
      },
      "location-after-char-start": 4873,
      "location-after-char-end": 4881,
      "node-str": "org.tigris.scarab.om.Attribute"
    },
    {
      "type": "insert-node",
      "node": {
        "label": "toString",
        "type": "Invocation"
      },
      "location-after-char-start": 4901,
      "location-after-char-end": 4924,
      "node-str": "toString"
    },
    {
      "type": "insert-node",
      "node": {
        "label": "attr",
        "type": "VariableRead"
      },
      "location-after-char-start": 4927,
      "location-after-char-end": 4930,
      "node-str": "attr"
    },
    {
      "type": "insert-node",
      "node": {
        "label": "attributeName",
        "type": "VariableRead"
      },
      "location-after-char-start": 5022,
      "location-after-char-end": 5034,
      "node-str": "attributeName"
    },
    {
      "type": "insert-node",
      "node": {
        "label": "l10n",
        "type": "VariableRead"
      },
      "location-after-char-start": 5201,
      "location-after-char-end": 5204,
      "node-str": "l10n"
    },
    {
      "type": "insert-node",
      "node": {
        "label": "org.tigris.scarab.actions.admin.ERROR_MESSAGE",
        "type": "TypeAccess"
      },
      "location-after-char-start": 5210,
      "location-after-char-end": 5222,
      "node-str": "org.tigris.scarab.actions.admin.ERROR_MESSAGE"
    },
    {
      "type": "insert-node",
      "node": {
        "label": "attributeName",
        "type": "VariableRead"
      },
      "location-after-char-start": 4648,
      "location-after-char-end": 4660,
      "node-str": "attributeName"
    },
    {
      "type": "insert-node",
      "node": {
        "label": "attributeName",
        "type": "VariableRead"
      },
      "location-after-char-start": 4901,
      "location-after-char-end": 4913,
      "node-str": "attributeName"
    },
    {
      "type": "delete-node",
      "node": {
        "label": "public",
        "type": "Modifier"
      },
      "location-before-char-start": 0,
      "location-before-char-end": 0,
      "node-str": "public"
    },
    {
      "type": "delete-node",
      "node": {
        "label": "org.tigris.scarab.actions.base.RequireLoginFirstAction",
        "type": "SUPER_TYPE"
      },
      "location-before-char-start": 0,
      "location-before-char-end": 0,
      "node-str": "org.tigris.scarab.actions.base.RequireLoginFirstAction"
    },
    {
      "type": "delete-node",
      "node": {
        "label": "",
        "type": "TypeReference"
      },
      "location-before-char-start": 3490,
      "location-before-char-end": 3512,
      "node-str": ""
    },
    {
      "type": "delete-node",
      "node": {
        "label": "boolean",
        "type": "RETURN_TYPE"
      },
      "location-before-char-start": 0,
      "location-before-char-end": 0,
      "node-str": "boolean"
    },
    {
      "type": "delete-node",
      "node": {
        "label": "java.lang.Exception",
        "type": "THROWS"
      },
      "location-before-char-start": 0,
      "location-before-char-end": 0,
      "node-str": "java.lang.Exception"
    },
    {
      "type": "delete-node",
      "node": {
        "label": "public",
        "type": "Modifier"
      },
      "location-before-char-start": 0,
      "location-before-char-end": 0,
      "node-str": "public"
    },
    {
      "type": "delete-node",
      "node": {
        "label": "org.apache.turbine.RunData",
        "type": "VARIABLE_TYPE"
      },
      "location-before-char-start": 0,
      "location-before-char-end": 0,
      "node-str": "org.apache.turbine.RunData"
    },
    {
      "type": "delete-node",
      "node": {
        "label": "data",
        "type": "Parameter"
      },
      "location-before-char-start": 3699,
      "location-before-char-end": 3710,
      "node-str": "data"
    },
    {
      "type": "delete-node",
      "node": {
        "label": "org.apache.turbine.TemplateContext",
        "type": "VARIABLE_TYPE"
      },
      "location-before-char-start": 0,
      "location-before-char-end": 0,
      "node-str": "org.apache.turbine.TemplateContext"
    },
    {
      "type": "delete-node",
      "node": {
        "label": "context",
        "type": "Parameter"
      },
      "location-before-char-start": 3713,
      "location-before-char-end": 3735,
      "node-str": "context"
    },
    {
      "type": "delete-node",
      "node": {
        "label": "boolean",
        "type": "VARIABLE_TYPE"
      },
      "location-before-char-start": 0,
      "location-before-char-end": 0,
      "node-str": "boolean"
    },
    {
      "type": "delete-node",
      "node": {
        "label": "true",
        "type": "Literal"
      },
      "location-before-char-start": 3982,
      "location-before-char-end": 3985,
      "node-str": "true"
    },
    {
      "type": "delete-node",
      "node": {
        "label": "success",
        "type": "LocalVariable"
      },
      "location-before-char-start": 3964,
      "location-before-char-end": 3986,
      "node-str": "success"
    },
    {
      "type": "delete-node",
      "node": {
        "label": "intake",
        "type": "VariableRead"
      },
      "location-before-char-start": 4001,
      "location-before-char-end": 4006,
      "node-str": "intake"
    },
    {
      "type": "delete-node",
      "node": {
        "label": "isAllValid",
        "type": "Invocation"
      },
      "location-before-char-start": 4001,
      "location-before-char-end": 4019,
      "node-str": "isAllValid"
    },
    {
      "type": "delete-node",
      "node": {
        "label": "org.apache.fulcrum.intake.model.Group",
        "type": "VARIABLE_TYPE"
      },
      "location-before-char-start": 0,
      "location-before-char-end": 0,
      "node-str": "org.apache.fulcrum.intake.model.Group"
    },
    {
      "type": "delete-node",
      "node": {
        "label": "null",
        "type": "Literal"
      },
      "location-before-char-start": 4115,
      "location-before-char-end": 4118,
      "node-str": "null"
    },
    {
      "type": "delete-node",
      "node": {
        "label": "attrGroup",
        "type": "LocalVariable"
      },
      "location-before-char-start": 4097,
      "location-before-char-end": 4119,
      "node-str": "attrGroup"
    },
    {
      "type": "delete-node",
      "node": {
        "label": "boolean",
        "type": "VARIABLE_TYPE"
      },
      "location-before-char-start": 0,
      "location-before-char-end": 0,
      "node-str": "boolean"
    },
    {
      "type": "delete-node",
      "node": {
        "label": "false",
        "type": "Literal"
      },
      "location-before-char-start": 4150,
      "location-before-char-end": 4154,
      "node-str": "false"
    },
    {
      "type": "delete-node",
      "node": {
        "label": "isDupe",
        "type": "LocalVariable"
      },
      "location-before-char-start": 4133,
      "location-before-char-end": 4155,
      "node-str": "isDupe"
    },
    {
      "type": "delete-node",
      "node": {
        "label": "java.lang.String",
        "type": "VARIABLE_TYPE"
      },
      "location-before-char-start": 0,
      "location-before-char-end": 0,
      "node-str": "java.lang.String"
    },
    {
      "type": "delete-node",
      "node": {
        "label": "null",
        "type": "Literal"
      },
      "location-before-char-start": 4192,
      "location-before-char-end": 4195,
      "node-str": "null"
    },
    {
      "type": "delete-node",
      "node": {
        "label": "attributeName",
        "type": "LocalVariable"
      },
      "location-before-char-start": 4169,
      "location-before-char-end": 4196,
      "node-str": "attributeName"
    },
    {
      "type": "delete-node",
      "node": {
        "label": "attr",
        "type": "VariableRead"
      },
      "location-before-char-start": 4462,
      "location-before-char-end": 4465,
      "node-str": "attr"
    },
    {
      "type": "delete-node",
      "node": {
        "label": "java.util.Date()",
        "type": "ConstructorCall"
      },
      "location-before-char-start": 4482,
      "location-before-char-end": 4491,
      "node-str": "java.util.Date()"
    },
    {
      "type": "delete-node",
      "node": {
        "label": "setCreatedDate",
        "type": "Invocation"
      },
      "location-before-char-start": 4462,
      "location-before-char-end": 4493,
      "node-str": "setCreatedDate"
    },
    {
      "type": "delete-node",
      "node": {
        "label": "attributeName",
        "type": "VariableWrite"
      },
      "location-before-char-start": 4511,
      "location-before-char-end": 4523,
      "node-str": "attributeName"
    },
    {
      "type": "delete-node",
      "node": {
        "label": "attrGroup",
        "type": "VariableRead"
      },
      "location-before-char-start": 4527,
      "location-before-char-end": 4535,
      "node-str": "attrGroup"
    },
    {
      "type": "delete-node",
      "node": {
        "label": "\"Name\"",
        "type": "Literal"
      },
      "location-before-char-start": 4541,
      "location-before-char-end": 4546,
      "node-str": "\"Name\""
    },
    {
      "type": "delete-node",
      "node": {
        "label": "get",
        "type": "Invocation"
      },
      "location-before-char-start": 4527,
      "location-before-char-end": 4547,
      "node-str": "get"
    },
    {
      "type": "delete-node",
      "node": {
        "label": "toString",
        "type": "Invocation"
      },
      "location-before-char-start": 4527,
      "location-before-char-end": 4558,
      "node-str": "toString"
    },
    {
      "type": "delete-node",
      "node": {
        "label": "\u003d",
        "type": "Assignment"
      },
      "location-before-char-start": 4511,
      "location-before-char-end": 4559,
      "node-str": "\u003d"
    },
    {
      "type": "delete-node",
      "node": {
        "label": "isDupe",
        "type": "VariableWrite"
      },
      "location-before-char-start": 4577,
      "location-before-char-end": 4582,
      "node-str": "isDupe"
    },
    {
      "type": "delete-node",
      "node": {
        "label": "org.tigris.scarab.om.Attribute",
        "type": "TypeAccess"
      },
      "location-before-char-start": 4586,
      "location-before-char-end": 4594,
      "node-str": "org.tigris.scarab.om.Attribute"
    },
    {
      "type": "delete-node",
      "node": {
        "label": "attributeName",
        "type": "VariableRead"
      },
      "location-before-char-start": 4614,
      "location-before-char-end": 4626,
      "node-str": "attributeName"
    },
    {
      "type": "delete-node",
      "node": {
        "label": "checkForDuplicate",
        "type": "Invocation"
      },
      "location-before-char-start": 4586,
      "location-before-char-end": 4627,
      "node-str": "checkForDuplicate"
    },
    {
      "type": "delete-node",
      "node": {
        "label": "\u003d",
        "type": "Assignment"
      },
      "location-before-char-start": 4577,
      "location-before-char-end": 4628,
      "node-str": "\u003d"
    },
    {
      "type": "delete-node",
      "node": {
        "label": "THEN",
        "type": "then"
      },
      "location-before-char-start": 4257,
      "location-before-char-end": 4642,
      "node-str": "THEN"
    },
    {
      "type": "delete-node",
      "node": {
        "label": "attributeName",
        "type": "VariableWrite"
      },
      "location-before-char-start": 4764,
      "location-before-char-end": 4776,
      "node-str": "attributeName"
    },
    {
      "type": "delete-node",
      "node": {
        "label": "attrGroup",
        "type": "VariableRead"
      },
      "location-before-char-start": 4780,
      "location-before-char-end": 4788,
      "node-str": "attrGroup"
    },
    {
      "type": "delete-node",
      "node": {
        "label": "\"Name\"",
        "type": "Literal"
      },
      "location-before-char-start": 4794,
      "location-before-char-end": 4799,
      "node-str": "\"Name\""
    },
    {
      "type": "delete-node",
      "node": {
        "label": "get",
        "type": "Invocation"
      },
      "location-before-char-start": 4780,
      "location-before-char-end": 4800,
      "node-str": "get"
    },
    {
      "type": "delete-node",
      "node": {
        "label": "toString",
        "type": "Invocation"
      },
      "location-before-char-start": 4780,
      "location-before-char-end": 4811,
      "node-str": "toString"
    },
    {
      "type": "delete-node",
      "node": {
        "label": "\u003d",
        "type": "Assignment"
      },
      "location-before-char-start": 4764,
      "location-before-char-end": 4812,
      "node-str": "\u003d"
    },
    {
      "type": "delete-node",
      "node": {
        "label": "isDupe",
        "type": "VariableWrite"
      },
      "location-before-char-start": 4830,
      "location-before-char-end": 4835,
      "node-str": "isDupe"
    },
    {
      "type": "delete-node",
      "node": {
        "label": "org.tigris.scarab.om.Attribute",
        "type": "TypeAccess"
      },
      "location-before-char-start": 4839,
      "location-before-char-end": 4847,
      "node-str": "org.tigris.scarab.om.Attribute"
    },
    {
      "type": "delete-node",
      "node": {
        "label": "attributeName",
        "type": "VariableRead"
      },
      "location-before-char-start": 4867,
      "location-before-char-end": 4879,
      "node-str": "attributeName"
    },
    {
      "type": "delete-node",
      "node": {
        "label": "attr",
        "type": "VariableRead"
      },
      "location-before-char-start": 4882,
      "location-before-char-end": 4885,
      "node-str": "attr"
    },
    {
      "type": "delete-node",
      "node": {
        "label": "checkForDuplicate",
        "type": "Invocation"
      },
      "location-before-char-start": 4839,
      "location-before-char-end": 4886,
      "node-str": "checkForDuplicate"
    },
    {
      "type": "delete-node",
      "node": {
        "label": "\u003d",
        "type": "Assignment"
      },
      "location-before-char-start": 4830,
      "location-before-char-end": 4887,
      "node-str": "\u003d"
    },
    {
      "type": "delete-node",
      "node": {
        "label": "ELSE",
        "type": "else"
      },
      "location-before-char-start": 4673,
      "location-before-char-end": 4901,
      "node-str": "ELSE"
    },
    {
      "type": "delete-node",
      "node": {
        "label": "if",
        "type": "If"
      },
      "location-before-char-start": 4210,
      "location-before-char-end": 4901,
      "node-str": "if"
    },
    {
      "type": "delete-node",
      "node": {
        "label": "attributeName",
        "type": "VariableRead"
      },
      "location-before-char-start": 4977,
      "location-before-char-end": 4989,
      "node-str": "attributeName"
    },
    {
      "type": "delete-node",
      "node": {
        "label": "trim",
        "type": "Invocation"
      },
      "location-before-char-start": 4977,
      "location-before-char-end": 4996,
      "node-str": "trim"
    },
    {
      "type": "delete-node",
      "node": {
        "label": "\"\"",
        "type": "Literal"
      },
      "location-before-char-start": 5005,
      "location-before-char-end": 5006,
      "node-str": "\"\""
    },
    {
      "type": "delete-node",
      "node": {
        "label": "equals",
        "type": "Invocation"
      },
      "location-before-char-start": 4977,
      "location-before-char-end": 5007,
      "node-str": "equals"
    },
    {
      "type": "delete-node",
      "node": {
        "label": "scarabR",
        "type": "VariableRead"
      },
      "location-before-char-start": 5040,
      "location-before-char-end": 5046,
      "node-str": "scarabR"
    },
    {
      "type": "delete-node",
      "node": {
        "label": "l10n",
        "type": "VariableRead"
      },
      "location-before-char-start": 5085,
      "location-before-char-end": 5088,
      "node-str": "l10n"
    },
    {
      "type": "delete-node",
      "node": {
        "label": "\"intake_AttributeNameNotAllowedEmpty\"",
        "type": "Literal"
      },
      "location-before-char-start": 5094,
      "location-before-char-end": 5130,
      "node-str": "\"intake_AttributeNameNotAllowedEmpty\""
    },
    {
      "type": "delete-node",
      "node": {
        "label": "get",
        "type": "Invocation"
      },
      "location-before-char-start": 5085,
      "location-before-char-end": 5131,
      "node-str": "get"
    },
    {
      "type": "delete-node",
      "node": {
        "label": "setAlertMessage",
        "type": "Invocation"
      },
      "location-before-char-start": 5040,
      "location-before-char-end": 5133,
      "node-str": "setAlertMessage"
    },
    {
      "type": "delete-node",
      "node": {
        "label": "success",
        "type": "VariableWrite"
      },
      "location-before-char-start": 5151,
      "location-before-char-end": 5157,
      "node-str": "success"
    },
    {
      "type": "delete-node",
      "node": {
        "label": "false",
        "type": "Literal"
      },
      "location-before-char-start": 5161,
      "location-before-char-end": 5165,
      "node-str": "false"
    },
    {
      "type": "delete-node",
      "node": {
        "label": "\u003d",
        "type": "Assignment"
      },
      "location-before-char-start": 5151,
      "location-before-char-end": 5166,
      "node-str": "\u003d"
    },
    {
      "type": "delete-node",
      "node": {
        "label": "THEN",
        "type": "then"
      },
      "location-before-char-start": 5022,
      "location-before-char-end": 5180,
      "node-str": "THEN"
    },
    {
      "type": "delete-node",
      "node": {
        "label": "if",
        "type": "If"
      },
      "location-before-char-start": 4973,
      "location-before-char-end": 5617,
      "node-str": "if"
    },
    {
      "type": "delete-node",
      "node": {
        "label": "THEN",
        "type": "then"
      },
      "location-before-char-start": 4030,
      "location-before-char-end": 5627,
      "node-str": "THEN"
    },
    {
      "type": "delete-node",
      "node": {
        "label": "if",
        "type": "If"
      },
      "location-before-char-start": 3997,
      "location-before-char-end": 5747,
      "node-str": "if"
    },
    {
      "type": "delete-node",
      "node": {
        "label": "success",
        "type": "VariableRead"
      },
      "location-before-char-start": 5764,
      "location-before-char-end": 5770,
      "node-str": "success"
    },
    {
      "type": "delete-node",
      "node": {
        "label": "return",
        "type": "Return"
      },
      "location-before-char-start": 5757,
      "location-before-char-end": 5771,
      "node-str": "return"
    },
    {
      "type": "delete-node",
      "node": {
        "label": "doSaveattributedata",
        "type": "Method"
      },
      "location-before-char-start": 3520,
      "location-before-char-end": 5777,
      "node-str": "doSaveattributedata"
    }
  ],
  "before-file": {},
  "after-file": {},
  "mapping": {}
}