{
  "tool-info": {},
  "diff": [
    {
      "type": "insert-node",
      "node": {
        "label": "public",
        "type": "Modifier"
      },
      "location-after-char-start": 0,
      "location-after-char-end": 0,
      "node-str": "public"
    },
    {
      "type": "insert-node",
      "node": {
        "label": "",
        "type": "TypeReference"
      },
      "location-after-char-start": 1387,
      "location-after-char-end": 1401,
      "node-str": ""
    },
    {
      "type": "insert-node",
      "node": {
        "label": "partsWithListeners",
        "type": "Field"
      },
      "location-after-char-start": 1436,
      "location-after-char-end": 1634,
      "node-str": "partsWithListeners"
    },
    {
      "type": "insert-node",
      "node": {
        "label": "org.eclipse.ui.internal.PageEventAction",
        "type": "SUPER_TYPE"
      },
      "location-after-char-start": 0,
      "location-after-char-end": 0,
      "node-str": "org.eclipse.ui.internal.PageEventAction"
    },
    {
      "type": "insert-node",
      "node": {
        "label": "java.util.List",
        "type": "VARIABLE_TYPE"
      },
      "location-after-char-start": 0,
      "location-after-char-end": 0,
      "node-str": "java.util.List"
    },
    {
      "type": "insert-node",
      "node": {
        "label": "java.util.ArrayList(int)",
        "type": "ConstructorCall"
      },
      "location-after-char-start": 1618,
      "location-after-char-end": 1633,
      "node-str": "java.util.ArrayList(int)"
    },
    {
      "type": "insert-node",
      "node": {
        "label": "1",
        "type": "Literal"
      },
      "location-after-char-start": 1632,
      "location-after-char-end": 1632,
      "node-str": "1"
    },
    {
      "type": "delete-node",
      "node": {
        "label": "public",
        "type": "Modifier"
      },
      "location-before-char-start": 0,
      "location-before-char-end": 0,
      "node-str": "public"
    },
    {
      "type": "delete-node",
      "node": {
        "label": "org.eclipse.ui.internal.PageEventAction",
        "type": "SUPER_TYPE"
      },
      "location-before-char-start": 0,
      "location-before-char-end": 0,
      "node-str": "org.eclipse.ui.internal.PageEventAction"
    },
    {
      "type": "delete-node",
      "node": {
        "label": "",
        "type": "TypeReference"
      },
      "location-before-char-start": 1387,
      "location-before-char-end": 1401,
      "node-str": ""
    },
    {
      "type": "delete-node",
      "node": {
        "label": "java.util.List",
        "type": "VARIABLE_TYPE"
      },
      "location-before-char-start": 0,
      "location-before-char-end": 0,
      "node-str": "java.util.List"
    },
    {
      "type": "delete-node",
      "node": {
        "label": "1",
        "type": "Literal"
      },
      "location-before-char-start": 1632,
      "location-before-char-end": 1632,
      "node-str": "1"
    },
    {
      "type": "delete-node",
      "node": {
        "label": "java.util.ArrayList(int)",
        "type": "ConstructorCall"
      },
      "location-before-char-start": 1618,
      "location-before-char-end": 1633,
      "node-str": "java.util.ArrayList(int)"
    },
    {
      "type": "delete-node",
      "node": {
        "label": "partsWithListeners",
        "type": "Field"
      },
      "location-before-char-start": 1436,
      "location-before-char-end": 1634,
      "node-str": "partsWithListeners"
    },
    {
      "type": "delete-node",
      "node": {
        "label": "org.eclipse.ui.internal.SaveAllAction",
        "type": "TypeAccess"
      },
      "location-before-char-start": 0,
      "location-before-char-end": 0,
      "node-str": "org.eclipse.ui.internal.SaveAllAction"
    },
    {
      "type": "delete-node",
      "node": {
        "label": "org.eclipse.ui.internal.WorkbenchImages",
        "type": "TypeAccess"
      },
      "location-before-char-start": 2134,
      "location-before-char-end": 2148,
      "node-str": "org.eclipse.ui.internal.WorkbenchImages"
    },
    {
      "type": "delete-node",
      "node": {
        "label": "IWorkbenchGraphicConstants.IMG_CTOOL_SAVEALL_EDIT_HOVER",
        "type": "TypeAccess"
      },
      "location-before-char-start": 2173,
      "location-before-char-end": 2227,
      "node-str": "IWorkbenchGraphicConstants.IMG_CTOOL_SAVEALL_EDIT_HOVER"
    },
    {
      "type": "delete-node",
      "node": {
        "label": "getImageDescriptor",
        "type": "Invocation"
      },
      "location-before-char-start": 2134,
      "location-before-char-end": 2228,
      "node-str": "getImageDescriptor"
    },
    {
      "type": "delete-node",
      "node": {
        "label": "setHoverImageDescriptor",
        "type": "Invocation"
      },
      "location-before-char-start": 2107,
      "location-before-char-end": 2230,
      "node-str": "setHoverImageDescriptor"
    },
    {
      "type": "delete-node",
      "node": {
        "label": "org.eclipse.ui.internal.SaveAllAction",
        "type": "TypeAccess"
      },
      "location-before-char-start": 0,
      "location-before-char-end": 0,
      "node-str": "org.eclipse.ui.internal.SaveAllAction"
    },
    {
      "type": "delete-node",
      "node": {
        "label": "org.eclipse.ui.internal.WorkbenchImages",
        "type": "TypeAccess"
      },
      "location-before-char-start": 2263,
      "location-before-char-end": 2277,
      "node-str": "org.eclipse.ui.internal.WorkbenchImages"
    },
    {
      "type": "delete-node",
      "node": {
        "label": "IWorkbenchGraphicConstants.IMG_CTOOL_SAVEALL_EDIT_DISABLED",
        "type": "TypeAccess"
      },
      "location-before-char-start": 2302,
      "location-before-char-end": 2359,
      "node-str": "IWorkbenchGraphicConstants.IMG_CTOOL_SAVEALL_EDIT_DISABLED"
    },
    {
      "type": "delete-node",
      "node": {
        "label": "getImageDescriptor",
        "type": "Invocation"
      },
      "location-before-char-start": 2263,
      "location-before-char-end": 2360,
      "node-str": "getImageDescriptor"
    },
    {
      "type": "delete-node",
      "node": {
        "label": "setDisabledImageDescriptor",
        "type": "Invocation"
      },
      "location-before-char-start": 2233,
      "location-before-char-end": 2362,
      "node-str": "setDisabledImageDescriptor"
    }
  ],
  "before-file": {},
  "after-file": {},
  "mapping": {}
}