{
  "tool-info": {},
  "diff": [
    {
      "type": "insert-node",
      "node": {
        "label": "AJP12RequestAdapter",
        "type": "Class"
      },
      "location-after-char-start": 5855,
      "location-after-char-end": 17314,
      "node-str": "AJP12RequestAdapter"
    },
    {
      "type": "insert-node",
      "node": {
        "label": "",
        "type": "TypeReference"
      },
      "location-after-char-start": 5889,
      "location-after-char-end": 5899,
      "node-str": ""
    },
    {
      "type": "move-subtree",
      "node": {
        "label": "sm",
        "type": "Field"
      },
      "location-before-char-start": 5907,
      "location-before-char-end": 5986,
      "location-after-char-start": 5907,
      "location-after-char-end": 5986,
      "node-str": "sm"
    },
    {
      "type": "insert-node",
      "node": {
        "label": "socket",
        "type": "Field"
      },
      "location-after-char-start": 5992,
      "location-after-char-end": 6005,
      "node-str": "socket"
    },
    {
      "type": "insert-node",
      "node": {
        "label": "sin",
        "type": "Field"
      },
      "location-after-char-start": 6011,
      "location-after-char-end": 6026,
      "node-str": "sin"
    },
    {
      "type": "insert-node",
      "node": {
        "label": "ajpin",
        "type": "Field"
      },
      "location-after-char-start": 6032,
      "location-after-char-end": 6055,
      "node-str": "ajpin"
    },
    {
      "type": "insert-node",
      "node": {
        "label": "shutdown",
        "type": "Field"
      },
      "location-after-char-start": 6061,
      "location-after-char-end": 6083,
      "node-str": "shutdown"
    },
    {
      "type": "insert-node",
      "node": {
        "label": "isPing",
        "type": "Field"
      },
      "location-after-char-start": 6089,
      "location-after-char-end": 6109,
      "node-str": "isPing"
    },
    {
      "type": "insert-node",
      "node": {
        "label": "doLog",
        "type": "Field"
      },
      "location-after-char-start": 6115,
      "location-after-char-end": 6128,
      "node-str": "doLog"
    },
    {
      "type": "move-subtree",
      "node": {
        "label": "doRead",
        "type": "Method"
      },
      "location-before-char-start": 6135,
      "location-before-char-end": 6202,
      "location-after-char-start": 6135,
      "location-after-char-end": 6202,
      "node-str": "doRead"
    },
    {
      "type": "move-subtree",
      "node": {
        "label": "doRead",
        "type": "Method"
      },
      "location-before-char-start": 6209,
      "location-before-char-end": 6314,
      "location-after-char-start": 6209,
      "location-after-char-end": 6314,
      "node-str": "doRead"
    },
    {
      "type": "move-subtree",
      "node": {
        "label": "log",
        "type": "Method"
      },
      "location-before-char-start": 6321,
      "location-before-char-end": 6368,
      "location-after-char-start": 6321,
      "location-after-char-end": 6368,
      "node-str": "log"
    },
    {
      "type": "insert-node",
      "node": {
        "label": "\u003cinit\u003e",
        "type": "Constructor"
      },
      "location-after-char-start": 6379,
      "location-after-char-end": 6414,
      "node-str": "\u003cinit\u003e"
    },
    {
      "type": "move-subtree",
      "node": {
        "label": "setContextManager",
        "type": "Method"
      },
      "location-before-char-start": 6421,
      "location-before-char-end": 6524,
      "location-after-char-start": 6421,
      "location-after-char-end": 6524,
      "node-str": "setContextManager"
    },
    {
      "type": "move-subtree",
      "node": {
        "label": "setSocket",
        "type": "Method"
      },
      "location-before-char-start": 6531,
      "location-before-char-end": 6718,
      "location-after-char-start": 6531,
      "location-after-char-end": 6718,
      "node-str": "setSocket"
    },
    {
      "type": "move-subtree",
      "node": {
        "label": "\u003cinit\u003e",
        "type": "Constructor"
      },
      "location-before-char-start": 6729,
      "location-before-char-end": 6990,
      "location-after-char-start": 6729,
      "location-after-char-end": 6990,
      "node-str": "\u003cinit\u003e"
    },
    {
      "type": "insert-node",
      "node": {
        "label": "readNextRequest",
        "type": "Method"
      },
      "location-after-char-start": 6997,
      "location-after-char-end": 16280,
      "node-str": "readNextRequest"
    },
    {
      "type": "move-subtree",
      "node": {
        "label": "isSameAddress",
        "type": "Method"
      },
      "location-before-char-start": 16147,
      "location-before-char-end": 17171,
      "location-after-char-start": 16287,
      "location-after-char-end": 17311,
      "node-str": "isSameAddress"
    },
    {
      "type": "insert-node",
      "node": {
        "label": "RequestImpl",
        "type": "SUPER_TYPE"
      },
      "location-after-char-start": 0,
      "location-after-char-end": 0,
      "node-str": "RequestImpl"
    },
    {
      "type": "insert-node",
      "node": {
        "label": "java.net.Socket",
        "type": "VARIABLE_TYPE"
      },
      "location-after-char-start": 0,
      "location-after-char-end": 0,
      "node-str": "java.net.Socket"
    },
    {
      "type": "insert-node",
      "node": {
        "label": "java.io.InputStream",
        "type": "VARIABLE_TYPE"
      },
      "location-after-char-start": 0,
      "location-after-char-end": 0,
      "node-str": "java.io.InputStream"
    },
    {
      "type": "insert-node",
      "node": {
        "label": "org.apache.tomcat.service.connector.Ajpv12InputStream",
        "type": "VARIABLE_TYPE"
      },
      "location-after-char-start": 0,
      "location-after-char-end": 0,
      "node-str": "org.apache.tomcat.service.connector.Ajpv12InputStream"
    },
    {
      "type": "insert-node",
      "node": {
        "label": "boolean",
        "type": "VARIABLE_TYPE"
      },
      "location-after-char-start": 0,
      "location-after-char-end": 0,
      "node-str": "boolean"
    },
    {
      "type": "insert-node",
      "node": {
        "label": "false",
        "type": "Literal"
      },
      "location-after-char-start": 6078,
      "location-after-char-end": 6082,
      "node-str": "false"
    },
    {
      "type": "insert-node",
      "node": {
        "label": "boolean",
        "type": "VARIABLE_TYPE"
      },
      "location-after-char-start": 0,
      "location-after-char-end": 0,
      "node-str": "boolean"
    },
    {
      "type": "insert-node",
      "node": {
        "label": "false",
        "type": "Literal"
      },
      "location-after-char-start": 6104,
      "location-after-char-end": 6108,
      "node-str": "false"
    },
    {
      "type": "insert-node",
      "node": {
        "label": "boolean",
        "type": "VARIABLE_TYPE"
      },
      "location-after-char-start": 0,
      "location-after-char-end": 0,
      "node-str": "boolean"
    },
    {
      "type": "insert-node",
      "node": {
        "label": "public",
        "type": "Modifier"
      },
      "location-after-char-start": 0,
      "location-after-char-end": 0,
      "node-str": "public"
    },
    {
      "type": "insert-node",
      "node": {
        "label": "void",
        "type": "RETURN_TYPE"
      },
      "location-after-char-start": 0,
      "location-after-char-end": 0,
      "node-str": "void"
    },
    {
      "type": "insert-node",
      "node": {
        "label": "java.io.IOException",
        "type": "THROWS"
      },
      "location-after-char-start": 0,
      "location-after-char-end": 0,
      "node-str": "java.io.IOException"
    },
    {
      "type": "insert-node",
      "node": {
        "label": "protected",
        "type": "Modifier"
      },
      "location-after-char-start": 0,
      "location-after-char-end": 0,
      "node-str": "protected"
    },
    {
      "type": "insert-node",
      "node": {
        "label": "dummy",
        "type": "LocalVariable"
      },
      "location-after-char-start": 7052,
      "location-after-char-end": 7078,
      "node-str": "dummy"
    },
    {
      "type": "insert-node",
      "node": {
        "label": "token1",
        "type": "LocalVariable"
      },
      "location-after-char-start": 7052,
      "location-after-char-end": 7078,
      "node-str": "token1"
    },
    {
      "type": "insert-node",
      "node": {
        "label": "token2",
        "type": "LocalVariable"
      },
      "location-after-char-start": 7052,
      "location-after-char-end": 7078,
      "node-str": "token2"
    },
    {
      "type": "insert-node",
      "node": {
        "label": "marker",
        "type": "LocalVariable"
      },
      "location-after-char-start": 7081,
      "location-after-char-end": 7091,
      "node-str": "marker"
    },
    {
      "type": "insert-node",
      "node": {
        "label": "signal",
        "type": "LocalVariable"
      },
      "location-after-char-start": 7094,
      "location-after-char-end": 7104,
      "node-str": "signal"
    },
    {
      "type": "insert-node",
      "node": {
        "label": "",
        "type": "Try"
      },
      "location-after-char-start": 7152,
      "location-after-char-end": 15370,
      "node-str": ""
    },
    {
      "type": "move-subtree",
      "node": {
        "label": "indexQ",
        "type": "LocalVariable"
      },
      "location-before-char-start": 15273,
      "location-before-char-end": 15307,
      "location-after-char-start": 15413,
      "location-after-char-end": 15447,
      "node-str": "indexQ"
    },
    {
      "type": "move-subtree",
      "node": {
        "label": "rLen",
        "type": "LocalVariable"
      },
      "location-before-char-start": 15310,
      "location-before-char-end": 15338,
      "location-after-char-start": 15450,
      "location-after-char-end": 15478,
      "node-str": "rLen"
    },
    {
      "type": "move-subtree",
      "node": {
        "label": "if",
        "type": "If"
      },
      "location-before-char-start": 15341,
      "location-before-char-end": 15603,
      "location-after-char-start": 15481,
      "location-after-char-end": 15743,
      "node-str": "if"
    },
    {
      "type": "move-subtree",
      "node": {
        "label": "if",
        "type": "If"
      },
      "location-before-char-start": 15609,
      "location-before-char-end": 15651,
      "location-after-char-start": 15749,
      "location-after-char-end": 15791,
      "node-str": "if"
    },
    {
      "type": "move-subtree",
      "node": {
        "label": "if",
        "type": "If"
      },
      "location-before-char-start": 15654,
      "location-before-char-end": 15696,
      "location-after-char-start": 15794,
      "location-after-char-end": 15836,
      "node-str": "if"
    },
    {
      "type": "move-subtree",
      "node": {
        "label": "\u003d",
        "type": "Assignment"
      },
      "location-before-char-start": 15876,
      "location-before-char-end": 15930,
      "location-after-char-start": 16016,
      "location-after-char-end": 16070,
      "node-str": "\u003d"
    },
    {
      "type": "move-subtree",
      "node": {
        "label": "\u003d",
        "type": "Assignment"
      },
      "location-before-char-start": 15933,
      "location-before-char-end": 15980,
      "location-after-char-start": 16073,
      "location-after-char-end": 16120,
      "node-str": "\u003d"
    },
    {
      "type": "insert-node",
      "node": {
        "label": "java.lang.String",
        "type": "VARIABLE_TYPE"
      },
      "location-after-char-start": 0,
      "location-after-char-end": 0,
      "node-str": "java.lang.String"
    },
    {
      "type": "insert-node",
      "node": {
        "label": "java.lang.String",
        "type": "VARIABLE_TYPE"
      },
      "location-after-char-start": 0,
      "location-after-char-end": 0,
      "node-str": "java.lang.String"
    },
    {
      "type": "insert-node",
      "node": {
        "label": "java.lang.String",
        "type": "VARIABLE_TYPE"
      },
      "location-after-char-start": 0,
      "location-after-char-end": 0,
      "node-str": "java.lang.String"
    },
    {
      "type": "insert-node",
      "node": {
        "label": "int",
        "type": "VARIABLE_TYPE"
      },
      "location-after-char-start": 0,
      "location-after-char-end": 0,
      "node-str": "int"
    },
    {
      "type": "insert-node",
      "node": {
        "label": "int",
        "type": "VARIABLE_TYPE"
      },
      "location-after-char-start": 0,
      "location-after-char-end": 0,
      "node-str": "int"
    },
    {
      "type": "insert-node",
      "node": {
        "label": "more",
        "type": "LocalVariable"
      },
      "location-after-char-start": 7163,
      "location-after-char-end": 7180,
      "node-str": "more"
    },
    {
      "type": "insert-node",
      "node": {
        "label": "while",
        "type": "While"
      },
      "location-after-char-start": 7194,
      "location-after-char-end": 15197,
      "node-str": "while"
    },
    {
      "type": "move-subtree",
      "node": {
        "label": "",
        "type": "Catch"
      },
      "location-before-char-start": 15070,
      "location-before-char-end": 15121,
      "location-after-char-start": 15210,
      "location-after-char-end": 15261,
      "node-str": ""
    },
    {
      "type": "move-subtree",
      "node": {
        "label": "",
        "type": "Catch"
      },
      "location-before-char-start": 15122,
      "location-before-char-end": 15230,
      "location-after-char-start": 15262,
      "location-after-char-end": 15370,
      "node-str": ""
    },
    {
      "type": "insert-node",
      "node": {
        "label": "boolean",
        "type": "VARIABLE_TYPE"
      },
      "location-after-char-start": 0,
      "location-after-char-end": 0,
      "node-str": "boolean"
    },
    {
      "type": "insert-node",
      "node": {
        "label": "true",
        "type": "Literal"
      },
      "location-after-char-start": 7176,
      "location-after-char-end": 7179,
      "node-str": "true"
    },
    {
      "type": "insert-node",
      "node": {
        "label": "more",
        "type": "VariableRead"
      },
      "location-after-char-start": 7201,
      "location-after-char-end": 7204,
      "node-str": "more"
    },
    {
      "type": "move-subtree",
      "node": {
        "label": "\u003d",
        "type": "Assignment"
      },
      "location-before-char-start": 7211,
      "location-before-char-end": 7232,
      "location-after-char-start": 7211,
      "location-after-char-end": 7232,
      "node-str": "\u003d"
    },
    {
      "type": "insert-node",
      "node": {
        "label": "",
        "type": "Switch"
      },
      "location-after-char-start": 7236,
      "location-after-char-end": 15173,
      "node-str": ""
    },
    {
      "type": "insert-node",
      "node": {
        "label": "marker",
        "type": "VariableRead"
      },
      "location-after-char-start": 7244,
      "location-after-char-end": 7249,
      "node-str": "marker"
    },
    {
      "type": "insert-node",
      "node": {
        "label": "",
        "type": "Case"
      },
      "location-after-char-start": 7256,
      "location-after-char-end": 7329,
      "node-str": ""
    },
    {
      "type": "insert-node",
      "node": {
        "label": "",
        "type": "Case"
      },
      "location-after-char-start": 7340,
      "location-after-char-end": 12138,
      "node-str": ""
    },
    {
      "type": "move-subtree",
      "node": {
        "label": "",
        "type": "Case"
      },
      "location-before-char-start": 12794,
      "location-before-char-end": 13409,
      "location-after-char-start": 12934,
      "location-after-char-end": 13549,
      "node-str": ""
    },
    {
      "type": "move-subtree",
      "node": {
        "label": "",
        "type": "Case"
      },
      "location-before-char-start": 13414,
      "location-before-char-end": 13574,
      "location-after-char-start": 13554,
      "location-after-char-end": 13714,
      "node-str": ""
    },
    {
      "type": "move-subtree",
      "node": {
        "label": "",
        "type": "Case"
      },
      "location-before-char-start": 13579,
      "location-before-char-end": 14792,
      "location-after-char-start": 13719,
      "location-after-char-end": 14932,
      "node-str": ""
    },
    {
      "type": "insert-node",
      "node": {
        "label": "",
        "type": "Case"
      },
      "location-after-char-start": 14943,
      "location-after-char-end": 14949,
      "node-str": ""
    },
    {
      "type": "move-subtree",
      "node": {
        "label": "",
        "type": "Case"
      },
      "location-before-char-start": 14813,
      "location-before-char-end": 14852,
      "location-after-char-start": 14953,
      "location-after-char-end": 14992,
      "node-str": ""
    },
    {
      "type": "move-subtree",
      "node": {
        "label": "",
        "type": "Case"
      },
      "location-before-char-start": 14863,
      "location-before-char-end": 14936,
      "location-after-char-start": 15003,
      "location-after-char-end": 15076,
      "node-str": ""
    },
    {
      "type": "move-subtree",
      "node": {
        "label": "",
        "type": "Case"
      },
      "location-before-char-start": 14954,
      "location-before-char-end": 15015,
      "location-after-char-start": 15094,
      "location-after-char-end": 15155,
      "node-str": ""
    },
    {
      "type": "insert-node",
      "node": {
        "label": "0",
        "type": "Literal"
      },
      "location-after-char-start": 7261,
      "location-after-char-end": 7261,
      "node-str": "0"
    },
    {
      "type": "insert-node",
      "node": {
        "label": "break",
        "type": "Break"
      },
      "location-after-char-start": 7324,
      "location-after-char-end": 7329,
      "node-str": "break"
    },
    {
      "type": "insert-node",
      "node": {
        "label": "1",
        "type": "Literal"
      },
      "location-after-char-start": 7345,
      "location-after-char-end": 7345,
      "node-str": "1"
    },
    {
      "type": "move-subtree",
      "node": {
        "label": "\u003d",
        "type": "Assignment"
      },
      "location-before-char-start": 7377,
      "location-before-char-end": 7408,
      "location-after-char-start": 7377,
      "location-after-char-end": 7408,
      "node-str": "\u003d"
    },
    {
      "type": "move-subtree",
      "node": {
        "label": "\u003d",
        "type": "Assignment"
      },
      "location-before-char-start": 7445,
      "location-before-char-end": 7481,
      "location-after-char-start": 7445,
      "location-after-char-end": 7481,
      "node-str": "\u003d"
    },
    {
      "type": "move-subtree",
      "node": {
        "label": "if",
        "type": "If"
      },
      "location-before-char-start": 7689,
      "location-before-char-end": 7749,
      "location-after-char-start": 7689,
      "location-after-char-end": 7749,
      "node-str": "if"
    },
    {
      "type": "move-subtree",
      "node": {
        "label": "if",
        "type": "If"
      },
      "location-before-char-start": 7757,
      "location-before-char-end": 7798,
      "location-after-char-start": 7757,
      "location-after-char-end": 7798,
      "node-str": "if"
    },
    {
      "type": "move-subtree",
      "node": {
        "label": "if",
        "type": "If"
      },
      "location-before-char-start": 7813,
      "location-before-char-end": 7883,
      "location-after-char-start": 7813,
      "location-after-char-end": 7883,
      "node-str": "if"
    },
    {
      "type": "move-subtree",
      "node": {
        "label": "if",
        "type": "If"
      },
      "location-before-char-start": 7891,
      "location-before-char-end": 7934,
      "location-after-char-start": 7891,
      "location-after-char-end": 7934,
      "node-str": "if"
    },
    {
      "type": "move-subtree",
      "node": {
        "label": "\u003d",
        "type": "Assignment"
      },
      "location-before-char-start": 7949,
      "location-before-char-end": 7985,
      "location-after-char-start": 7949,
      "location-after-char-end": 7985,
      "node-str": "\u003d"
    },
    {
      "type": "move-subtree",
      "node": {
        "label": "if",
        "type": "If"
      },
      "location-before-char-start": 8011,
      "location-before-char-end": 8058,
      "location-after-char-start": 8011,
      "location-after-char-end": 8058,
      "node-str": "if"
    },
    {
      "type": "move-subtree",
      "node": {
        "label": "\u003d",
        "type": "Assignment"
      },
      "location-before-char-start": 8073,
      "location-before-char-end": 8108,
      "location-after-char-start": 8073,
      "location-after-char-end": 8108,
      "node-str": "\u003d"
    },
    {
      "type": "move-subtree",
      "node": {
        "label": "if",
        "type": "If"
      },
      "location-before-char-start": 8145,
      "location-before-char-end": 8194,
      "location-after-char-start": 8145,
      "location-after-char-end": 8194,
      "node-str": "if"
    },
    {
      "type": "move-subtree",
      "node": {
        "label": "\u003d",
        "type": "Assignment"
      },
      "location-before-char-start": 8209,
      "location-before-char-end": 8239,
      "location-after-char-start": 8209,
      "location-after-char-end": 8239,
      "node-str": "\u003d"
    },
    {
      "type": "move-subtree",
      "node": {
        "label": "\u003d",
        "type": "Assignment"
      },
      "location-before-char-start": 8291,
      "location-before-char-end": 8324,
      "location-after-char-start": 8291,
      "location-after-char-end": 8324,
      "node-str": "\u003d"
    },
    {
      "type": "move-subtree",
      "node": {
        "label": "if",
        "type": "If"
      },
      "location-before-char-start": 8372,
      "location-before-char-end": 8411,
      "location-after-char-start": 8372,
      "location-after-char-end": 8411,
      "node-str": "if"
    },
    {
      "type": "move-subtree",
      "node": {
        "label": "\u003d",
        "type": "Assignment"
      },
      "location-before-char-start": 8462,
      "location-before-char-end": 8501,
      "location-after-char-start": 8462,
      "location-after-char-end": 8501,
      "node-str": "\u003d"
    },
    {
      "type": "move-subtree",
      "node": {
        "label": "if",
        "type": "If"
      },
      "location-before-char-start": 8555,
      "location-before-char-end": 8600,
      "location-after-char-start": 8555,
      "location-after-char-end": 8600,
      "node-str": "if"
    },
    {
      "type": "move-subtree",
      "node": {
        "label": "\u003d",
        "type": "Assignment"
      },
      "location-before-char-start": 8615,
      "location-before-char-end": 8651,
      "location-after-char-start": 8615,
      "location-after-char-end": 8651,
      "node-str": "\u003d"
    },
    {
      "type": "move-subtree",
      "node": {
        "label": "if",
        "type": "If"
      },
      "location-before-char-start": 8682,
      "location-before-char-end": 8724,
      "location-after-char-start": 8682,
      "location-after-char-end": 8724,
      "node-str": "if"
    },
    {
      "type": "move-subtree",
      "node": {
        "label": "\u003d",
        "type": "Assignment"
      },
      "location-before-char-start": 8739,
      "location-before-char-end": 8772,
      "location-after-char-start": 8739,
      "location-after-char-end": 8772,
      "node-str": "\u003d"
    },
    {
      "type": "move-subtree",
      "node": {
        "label": "if",
        "type": "If"
      },
      "location-before-char-start": 8808,
      "location-before-char-end": 8849,
      "location-after-char-start": 8808,
      "location-after-char-end": 8849,
      "node-str": "if"
    },
    {
      "type": "move-subtree",
      "node": {
        "label": "\u003d",
        "type": "Assignment"
      },
      "location-before-char-start": 8864,
      "location-before-char-end": 8897,
      "location-after-char-start": 8864,
      "location-after-char-end": 8897,
      "node-str": "\u003d"
    },
    {
      "type": "insert-node",
      "node": {
        "label": "if",
        "type": "If"
      },
      "location-after-char-start": 8936,
      "location-after-char-end": 9004,
      "node-str": "if"
    },
    {
      "type": "move-subtree",
      "node": {
        "label": "if",
        "type": "If"
      },
      "location-before-char-start": 8930,
      "location-before-char-end": 8971,
      "location-after-char-start": 9070,
      "location-after-char-end": 9111,
      "node-str": "if"
    },
    {
      "type": "move-subtree",
      "node": {
        "label": "\u003d",
        "type": "Assignment"
      },
      "location-before-char-start": 8986,
      "location-before-char-end": 9021,
      "location-after-char-start": 9126,
      "location-after-char-end": 9161,
      "node-str": "\u003d"
    },
    {
      "type": "move-subtree",
      "node": {
        "label": "if",
        "type": "If"
      },
      "location-before-char-start": 9059,
      "location-before-char-end": 9099,
      "location-after-char-start": 9199,
      "location-after-char-end": 9239,
      "node-str": "if"
    },
    {
      "type": "move-subtree",
      "node": {
        "label": "\u003d",
        "type": "Assignment"
      },
      "location-before-char-start": 9114,
      "location-before-char-end": 9147,
      "location-after-char-start": 9254,
      "location-after-char-end": 9287,
      "node-str": "\u003d"
    },
    {
      "type": "move-subtree",
      "node": {
        "label": "if",
        "type": "If"
      },
      "location-before-char-start": 9183,
      "location-before-char-end": 9221,
      "location-after-char-start": 9323,
      "location-after-char-end": 9361,
      "node-str": "if"
    },
    {
      "type": "move-subtree",
      "node": {
        "label": "\u003d",
        "type": "Assignment"
      },
      "location-before-char-start": 9236,
      "location-before-char-end": 9266,
      "location-after-char-start": 9376,
      "location-after-char-end": 9406,
      "node-str": "\u003d"
    },
    {
      "type": "move-subtree",
      "node": {
        "label": "\u003d",
        "type": "Assignment"
      },
      "location-before-char-start": 9311,
      "location-before-char-end": 9342,
      "location-after-char-start": 9451,
      "location-after-char-end": 9482,
      "node-str": "\u003d"
    },
    {
      "type": "move-subtree",
      "node": {
        "label": "if",
        "type": "If"
      },
      "location-before-char-start": 9382,
      "location-before-char-end": 9421,
      "location-after-char-start": 9522,
      "location-after-char-end": 9561,
      "node-str": "if"
    },
    {
      "type": "move-subtree",
      "node": {
        "label": "\u003d",
        "type": "Assignment"
      },
      "location-before-char-start": 9436,
      "location-before-char-end": 9469,
      "location-after-char-start": 9576,
      "location-after-char-end": 9609,
      "node-str": "\u003d"
    },
    {
      "type": "move-subtree",
      "node": {
        "label": "if",
        "type": "If"
      },
      "location-before-char-start": 9503,
      "location-before-char-end": 9591,
      "location-after-char-start": 9643,
      "location-after-char-end": 9731,
      "node-str": "if"
    },
    {
      "type": "move-subtree",
      "node": {
        "label": "if",
        "type": "If"
      },
      "location-before-char-start": 9828,
      "location-before-char-end": 9916,
      "location-after-char-start": 9968,
      "location-after-char-end": 10056,
      "node-str": "if"
    },
    {
      "type": "move-subtree",
      "node": {
        "label": "\u003d",
        "type": "Assignment"
      },
      "location-before-char-start": 9931,
      "location-before-char-end": 9961,
      "location-after-char-start": 10071,
      "location-after-char-end": 10101,
      "node-str": "\u003d"
    },
    {
      "type": "move-subtree",
      "node": {
        "label": "\u003d",
        "type": "Assignment"
      },
      "location-before-char-start": 10072,
      "location-before-char-end": 10102,
      "location-after-char-start": 10212,
      "location-after-char-end": 10242,
      "node-str": "\u003d"
    },
    {
      "type": "move-subtree",
      "node": {
        "label": "\u003d",
        "type": "Assignment"
      },
      "location-before-char-start": 10202,
      "location-before-char-end": 10235,
      "location-after-char-start": 10342,
      "location-after-char-end": 10375,
      "node-str": "\u003d"
    },
    {
      "type": "move-subtree",
      "node": {
        "label": "if",
        "type": "If"
      },
      "location-before-char-start": 10272,
      "location-before-char-end": 10321,
      "location-after-char-start": 10412,
      "location-after-char-end": 10461,
      "node-str": "if"
    },
    {
      "type": "move-subtree",
      "node": {
        "label": "",
        "type": "Try"
      },
      "location-before-char-start": 10329,
      "location-before-char-end": 10522,
      "location-after-char-start": 10469,
      "location-after-char-end": 10662,
      "node-str": ""
    },
    {
      "type": "move-subtree",
      "node": {
        "label": "\u003d",
        "type": "Assignment"
      },
      "location-before-char-start": 10531,
      "location-before-char-end": 10559,
      "location-after-char-start": 10671,
      "location-after-char-end": 10699,
      "node-str": "\u003d"
    },
    {
      "type": "move-subtree",
      "node": {
        "label": "\u003d",
        "type": "Assignment"
      },
      "location-before-char-start": 10665,
      "location-before-char-end": 10693,
      "location-after-char-start": 10805,
      "location-after-char-end": 10833,
      "node-str": "\u003d"
    },
    {
      "type": "move-subtree",
      "node": {
        "label": "\u003d",
        "type": "Assignment"
      },
      "location-before-char-start": 10799,
      "location-before-char-end": 10827,
      "location-after-char-start": 10939,
      "location-after-char-end": 10967,
      "node-str": "\u003d"
    },
    {
      "type": "move-subtree",
      "node": {
        "label": "\u003d",
        "type": "Assignment"
      },
      "location-before-char-start": 10933,
      "location-before-char-end": 10964,
      "location-after-char-start": 11073,
      "location-after-char-end": 11104,
      "node-str": "\u003d"
    },
    {
      "type": "move-subtree",
      "node": {
        "label": "if",
        "type": "If"
      },
      "location-before-char-start": 11006,
      "location-before-char-end": 11061,
      "location-after-char-start": 11146,
      "location-after-char-end": 11201,
      "node-str": "if"
    },
    {
      "type": "move-subtree",
      "node": {
        "label": "if",
        "type": "If"
      },
      "location-before-char-start": 11069,
      "location-before-char-end": 11120,
      "location-after-char-start": 11209,
      "location-after-char-end": 11260,
      "node-str": "if"
    },
    {
      "type": "move-subtree",
      "node": {
        "label": "\u003d",
        "type": "Assignment"
      },
      "location-before-char-start": 11810,
      "location-before-char-end": 11838,
      "location-after-char-start": 11950,
      "location-after-char-end": 11978,
      "node-str": "\u003d"
    },
    {
      "type": "move-subtree",
      "node": {
        "label": "\u003d",
        "type": "Assignment"
      },
      "location-before-char-start": 11861,
      "location-before-char-end": 11889,
      "location-after-char-start": 12001,
      "location-after-char-end": 12029,
      "node-str": "\u003d"
    },
    {
      "type": "insert-node",
      "node": {
        "label": "break",
        "type": "Break"
      },
      "location-after-char-start": 12133,
      "location-after-char-end": 12138,
      "node-str": "break"
    },
    {
      "type": "insert-node",
      "node": {
        "label": "4",
        "type": "Literal"
      },
      "location-after-char-start": 14948,
      "location-after-char-end": 14948,
      "node-str": "4"
    },
    {
      "type": "insert-node",
      "node": {
        "label": "EQ",
        "type": "BinaryOperator"
      },
      "location-after-char-start": 8939,
      "location-after-char-end": 8962,
      "node-str": "EQ"
    },
    {
      "type": "insert-node",
      "node": {
        "label": "THEN",
        "type": "then"
      },
      "location-after-char-start": 8981,
      "location-after-char-end": 9004,
      "node-str": "THEN"
    },
    {
      "type": "insert-node",
      "node": {
        "label": "length",
        "type": "Invocation"
      },
      "location-after-char-start": 8939,
      "location-after-char-end": 8957,
      "node-str": "length"
    },
    {
      "type": "insert-node",
      "node": {
        "label": "0",
        "type": "Literal"
      },
      "location-after-char-start": 8962,
      "location-after-char-end": 8962,
      "node-str": "0"
    },
    {
      "type": "insert-node",
      "node": {
        "label": "\u003d",
        "type": "Assignment"
      },
      "location-after-char-start": 8981,
      "location-after-char-end": 9004,
      "node-str": "\u003d"
    },
    {
      "type": "insert-node",
      "node": {
        "label": "remoteHost",
        "type": "FieldRead"
      },
      "location-after-char-start": 8939,
      "location-after-char-end": 8948,
      "node-str": "remoteHost"
    },
    {
      "type": "insert-node",
      "node": {
        "label": "remoteHost",
        "type": "FieldWrite"
      },
      "location-after-char-start": 8981,
      "location-after-char-end": 8990,
      "node-str": "remoteHost"
    },
    {
      "type": "insert-node",
      "node": {
        "label": "remoteAddr",
        "type": "FieldRead"
      },
      "location-after-char-start": 8994,
      "location-after-char-end": 9003,
      "node-str": "remoteAddr"
    },
    {
      "type": "delete-node",
      "node": {
        "label": "RequestImpl",
        "type": "SUPER_TYPE"
      },
      "location-before-char-start": 0,
      "location-before-char-end": 0,
      "node-str": "RequestImpl"
    },
    {
      "type": "delete-node",
      "node": {
        "label": "",
        "type": "TypeReference"
      },
      "location-before-char-start": 5889,
      "location-before-char-end": 5899,
      "node-str": ""
    },
    {
      "type": "delete-node",
      "node": {
        "label": "java.net.Socket",
        "type": "VARIABLE_TYPE"
      },
      "location-before-char-start": 0,
      "location-before-char-end": 0,
      "node-str": "java.net.Socket"
    },
    {
      "type": "delete-node",
      "node": {
        "label": "socket",
        "type": "Field"
      },
      "location-before-char-start": 5992,
      "location-before-char-end": 6005,
      "node-str": "socket"
    },
    {
      "type": "delete-node",
      "node": {
        "label": "java.io.InputStream",
        "type": "VARIABLE_TYPE"
      },
      "location-before-char-start": 0,
      "location-before-char-end": 0,
      "node-str": "java.io.InputStream"
    },
    {
      "type": "delete-node",
      "node": {
        "label": "sin",
        "type": "Field"
      },
      "location-before-char-start": 6011,
      "location-before-char-end": 6026,
      "node-str": "sin"
    },
    {
      "type": "delete-node",
      "node": {
        "label": "org.apache.tomcat.service.connector.Ajpv12InputStream",
        "type": "VARIABLE_TYPE"
      },
      "location-before-char-start": 0,
      "location-before-char-end": 0,
      "node-str": "org.apache.tomcat.service.connector.Ajpv12InputStream"
    },
    {
      "type": "delete-node",
      "node": {
        "label": "ajpin",
        "type": "Field"
      },
      "location-before-char-start": 6032,
      "location-before-char-end": 6055,
      "node-str": "ajpin"
    },
    {
      "type": "delete-node",
      "node": {
        "label": "boolean",
        "type": "VARIABLE_TYPE"
      },
      "location-before-char-start": 0,
      "location-before-char-end": 0,
      "node-str": "boolean"
    },
    {
      "type": "delete-node",
      "node": {
        "label": "false",
        "type": "Literal"
      },
      "location-before-char-start": 6078,
      "location-before-char-end": 6082,
      "node-str": "false"
    },
    {
      "type": "delete-node",
      "node": {
        "label": "shutdown",
        "type": "Field"
      },
      "location-before-char-start": 6061,
      "location-before-char-end": 6083,
      "node-str": "shutdown"
    },
    {
      "type": "delete-node",
      "node": {
        "label": "boolean",
        "type": "VARIABLE_TYPE"
      },
      "location-before-char-start": 0,
      "location-before-char-end": 0,
      "node-str": "boolean"
    },
    {
      "type": "delete-node",
      "node": {
        "label": "false",
        "type": "Literal"
      },
      "location-before-char-start": 6104,
      "location-before-char-end": 6108,
      "node-str": "false"
    },
    {
      "type": "delete-node",
      "node": {
        "label": "isPing",
        "type": "Field"
      },
      "location-before-char-start": 6089,
      "location-before-char-end": 6109,
      "node-str": "isPing"
    },
    {
      "type": "delete-node",
      "node": {
        "label": "boolean",
        "type": "VARIABLE_TYPE"
      },
      "location-before-char-start": 0,
      "location-before-char-end": 0,
      "node-str": "boolean"
    },
    {
      "type": "delete-node",
      "node": {
        "label": "doLog",
        "type": "Field"
      },
      "location-before-char-start": 6115,
      "location-before-char-end": 6128,
      "node-str": "doLog"
    },
    {
      "type": "delete-node",
      "node": {
        "label": "public",
        "type": "Modifier"
      },
      "location-before-char-start": 0,
      "location-before-char-end": 0,
      "node-str": "public"
    },
    {
      "type": "delete-node",
      "node": {
        "label": "\u003cinit\u003e",
        "type": "Constructor"
      },
      "location-before-char-start": 6379,
      "location-before-char-end": 6414,
      "node-str": "\u003cinit\u003e"
    },
    {
      "type": "delete-node",
      "node": {
        "label": "void",
        "type": "RETURN_TYPE"
      },
      "location-before-char-start": 0,
      "location-before-char-end": 0,
      "node-str": "void"
    },
    {
      "type": "delete-node",
      "node": {
        "label": "java.io.IOException",
        "type": "THROWS"
      },
      "location-before-char-start": 0,
      "location-before-char-end": 0,
      "node-str": "java.io.IOException"
    },
    {
      "type": "delete-node",
      "node": {
        "label": "protected",
        "type": "Modifier"
      },
      "location-before-char-start": 0,
      "location-before-char-end": 0,
      "node-str": "protected"
    },
    {
      "type": "delete-node",
      "node": {
        "label": "java.lang.String",
        "type": "VARIABLE_TYPE"
      },
      "location-before-char-start": 0,
      "location-before-char-end": 0,
      "node-str": "java.lang.String"
    },
    {
      "type": "delete-node",
      "node": {
        "label": "dummy",
        "type": "LocalVariable"
      },
      "location-before-char-start": 7052,
      "location-before-char-end": 7078,
      "node-str": "dummy"
    },
    {
      "type": "delete-node",
      "node": {
        "label": "java.lang.String",
        "type": "VARIABLE_TYPE"
      },
      "location-before-char-start": 0,
      "location-before-char-end": 0,
      "node-str": "java.lang.String"
    },
    {
      "type": "delete-node",
      "node": {
        "label": "token1",
        "type": "LocalVariable"
      },
      "location-before-char-start": 7052,
      "location-before-char-end": 7078,
      "node-str": "token1"
    },
    {
      "type": "delete-node",
      "node": {
        "label": "java.lang.String",
        "type": "VARIABLE_TYPE"
      },
      "location-before-char-start": 0,
      "location-before-char-end": 0,
      "node-str": "java.lang.String"
    },
    {
      "type": "delete-node",
      "node": {
        "label": "token2",
        "type": "LocalVariable"
      },
      "location-before-char-start": 7052,
      "location-before-char-end": 7078,
      "node-str": "token2"
    },
    {
      "type": "delete-node",
      "node": {
        "label": "int",
        "type": "VARIABLE_TYPE"
      },
      "location-before-char-start": 0,
      "location-before-char-end": 0,
      "node-str": "int"
    },
    {
      "type": "delete-node",
      "node": {
        "label": "marker",
        "type": "LocalVariable"
      },
      "location-before-char-start": 7081,
      "location-before-char-end": 7091,
      "node-str": "marker"
    },
    {
      "type": "delete-node",
      "node": {
        "label": "int",
        "type": "VARIABLE_TYPE"
      },
      "location-before-char-start": 0,
      "location-before-char-end": 0,
      "node-str": "int"
    },
    {
      "type": "delete-node",
      "node": {
        "label": "signal",
        "type": "LocalVariable"
      },
      "location-before-char-start": 7094,
      "location-before-char-end": 7104,
      "node-str": "signal"
    },
    {
      "type": "delete-node",
      "node": {
        "label": "boolean",
        "type": "VARIABLE_TYPE"
      },
      "location-before-char-start": 0,
      "location-before-char-end": 0,
      "node-str": "boolean"
    },
    {
      "type": "delete-node",
      "node": {
        "label": "true",
        "type": "Literal"
      },
      "location-before-char-start": 7176,
      "location-before-char-end": 7179,
      "node-str": "true"
    },
    {
      "type": "delete-node",
      "node": {
        "label": "more",
        "type": "LocalVariable"
      },
      "location-before-char-start": 7163,
      "location-before-char-end": 7180,
      "node-str": "more"
    },
    {
      "type": "delete-node",
      "node": {
        "label": "more",
        "type": "VariableRead"
      },
      "location-before-char-start": 7201,
      "location-before-char-end": 7204,
      "node-str": "more"
    },
    {
      "type": "delete-node",
      "node": {
        "label": "marker",
        "type": "VariableRead"
      },
      "location-before-char-start": 7244,
      "location-before-char-end": 7249,
      "node-str": "marker"
    },
    {
      "type": "delete-node",
      "node": {
        "label": "0",
        "type": "Literal"
      },
      "location-before-char-start": 7261,
      "location-before-char-end": 7261,
      "node-str": "0"
    },
    {
      "type": "delete-node",
      "node": {
        "label": "break",
        "type": "Break"
      },
      "location-before-char-start": 7324,
      "location-before-char-end": 7329,
      "node-str": "break"
    },
    {
      "type": "delete-node",
      "node": {
        "label": "",
        "type": "Case"
      },
      "location-before-char-start": 7256,
      "location-before-char-end": 7329,
      "node-str": ""
    },
    {
      "type": "delete-node",
      "node": {
        "label": "1",
        "type": "Literal"
      },
      "location-before-char-start": 7345,
      "location-before-char-end": 7345,
      "node-str": "1"
    },
    {
      "type": "delete-node",
      "node": {
        "label": "break",
        "type": "Break"
      },
      "location-before-char-start": 11993,
      "location-before-char-end": 11998,
      "node-str": "break"
    },
    {
      "type": "delete-node",
      "node": {
        "label": "",
        "type": "Case"
      },
      "location-before-char-start": 7340,
      "location-before-char-end": 11998,
      "node-str": ""
    },
    {
      "type": "delete-node",
      "node": {
        "label": "4",
        "type": "Literal"
      },
      "location-before-char-start": 14808,
      "location-before-char-end": 14808,
      "node-str": "4"
    },
    {
      "type": "delete-node",
      "node": {
        "label": "",
        "type": "Case"
      },
      "location-before-char-start": 14803,
      "location-before-char-end": 14809,
      "node-str": ""
    },
    {
      "type": "delete-node",
      "node": {
        "label": "",
        "type": "Switch"
      },
      "location-before-char-start": 7236,
      "location-before-char-end": 15033,
      "node-str": ""
    },
    {
      "type": "delete-node",
      "node": {
        "label": "while",
        "type": "While"
      },
      "location-before-char-start": 7194,
      "location-before-char-end": 15057,
      "node-str": "while"
    },
    {
      "type": "delete-node",
      "node": {
        "label": "",
        "type": "Try"
      },
      "location-before-char-start": 7152,
      "location-before-char-end": 15230,
      "node-str": ""
    },
    {
      "type": "delete-node",
      "node": {
        "label": "readNextRequest",
        "type": "Method"
      },
      "location-before-char-start": 6997,
      "location-before-char-end": 16140,
      "node-str": "readNextRequest"
    },
    {
      "type": "delete-node",
      "node": {
        "label": "AJP12RequestAdapter",
        "type": "Class"
      },
      "location-before-char-start": 5855,
      "location-before-char-end": 17174,
      "node-str": "AJP12RequestAdapter"
    }
  ],
  "before-file": {},
  "after-file": {},
  "mapping": {}
}