{
  "tool-info": {},
  "diff": [
    {
      "type": "insert-node",
      "node": {
        "label": "getFirstMatch",
        "type": "Method"
      },
      "location-after-char-start": 7995,
      "location-after-char-end": 8793,
      "node-str": "getFirstMatch"
    },
    {
      "type": "insert-node",
      "node": {
        "label": "getLastMatch",
        "type": "Method"
      },
      "location-after-char-start": 9091,
      "location-after-char-end": 9885,
      "node-str": "getLastMatch"
    },
    {
      "type": "insert-node",
      "node": {
        "label": "int",
        "type": "RETURN_TYPE"
      },
      "location-after-char-start": 0,
      "location-after-char-end": 0,
      "node-str": "int"
    },
    {
      "type": "insert-node",
      "node": {
        "label": "high",
        "type": "LocalVariable"
      },
      "location-after-char-start": 8257,
      "location-after-char-end": 8283,
      "node-str": "high"
    },
    {
      "type": "insert-node",
      "node": {
        "label": "low",
        "type": "LocalVariable"
      },
      "location-after-char-start": 8286,
      "location-after-char-end": 8298,
      "node-str": "low"
    },
    {
      "type": "insert-node",
      "node": {
        "label": "match",
        "type": "LocalVariable"
      },
      "location-after-char-start": 8301,
      "location-after-char-end": 8322,
      "node-str": "match"
    },
    {
      "type": "insert-node",
      "node": {
        "label": "desc",
        "type": "LocalVariable"
      },
      "location-after-char-start": 8325,
      "location-after-char-end": 8375,
      "node-str": "desc"
    },
    {
      "type": "insert-node",
      "node": {
        "label": "\u003d",
        "type": "Assignment"
      },
      "location-after-char-start": 8378,
      "location-after-char-end": 8445,
      "node-str": "\u003d"
    },
    {
      "type": "insert-node",
      "node": {
        "label": "while",
        "type": "While"
      },
      "location-after-char-start": 8448,
      "location-after-char-end": 8749,
      "node-str": "while"
    },
    {
      "type": "insert-node",
      "node": {
        "label": "if",
        "type": "If"
      },
      "location-after-char-start": 8752,
      "location-after-char-end": 8791,
      "node-str": "if"
    },
    {
      "type": "insert-node",
      "node": {
        "label": "int",
        "type": "RETURN_TYPE"
      },
      "location-after-char-start": 0,
      "location-after-char-end": 0,
      "node-str": "int"
    },
    {
      "type": "insert-node",
      "node": {
        "label": "high",
        "type": "LocalVariable"
      },
      "location-after-char-start": 9351,
      "location-after-char-end": 9377,
      "node-str": "high"
    },
    {
      "type": "insert-node",
      "node": {
        "label": "low",
        "type": "LocalVariable"
      },
      "location-after-char-start": 9380,
      "location-after-char-end": 9392,
      "node-str": "low"
    },
    {
      "type": "insert-node",
      "node": {
        "label": "match",
        "type": "LocalVariable"
      },
      "location-after-char-start": 9395,
      "location-after-char-end": 9416,
      "node-str": "match"
    },
    {
      "type": "insert-node",
      "node": {
        "label": "desc",
        "type": "LocalVariable"
      },
      "location-after-char-start": 9419,
      "location-after-char-end": 9469,
      "node-str": "desc"
    },
    {
      "type": "insert-node",
      "node": {
        "label": "\u003d",
        "type": "Assignment"
      },
      "location-after-char-start": 9472,
      "location-after-char-end": 9539,
      "node-str": "\u003d"
    },
    {
      "type": "insert-node",
      "node": {
        "label": "while",
        "type": "While"
      },
      "location-after-char-start": 9542,
      "location-after-char-end": 9842,
      "node-str": "while"
    },
    {
      "type": "insert-node",
      "node": {
        "label": "if",
        "type": "If"
      },
      "location-after-char-start": 9845,
      "location-after-char-end": 9883,
      "node-str": "if"
    },
    {
      "type": "insert-node",
      "node": {
        "label": "if",
        "type": "If"
      },
      "location-after-char-start": 12211,
      "location-after-char-end": 12402,
      "node-str": "if"
    },
    {
      "type": "insert-node",
      "node": {
        "label": "if",
        "type": "If"
      },
      "location-after-char-start": 12620,
      "location-after-char-end": 13115,
      "node-str": "if"
    },
    {
      "type": "insert-node",
      "node": {
        "label": "last",
        "type": "LocalVariable"
      },
      "location-after-char-start": 2631,
      "location-after-char-end": 2639,
      "node-str": "last"
    },
    {
      "type": "insert-node",
      "node": {
        "label": "if",
        "type": "If"
      },
      "location-after-char-start": 2644,
      "location-after-char-end": 4437,
      "node-str": "if"
    },
    {
      "type": "insert-node",
      "node": {
        "label": "int",
        "type": "VARIABLE_TYPE"
      },
      "location-after-char-start": 0,
      "location-after-char-end": 0,
      "node-str": "int"
    },
    {
      "type": "insert-node",
      "node": {
        "label": "descriptorsSize",
        "type": "FieldRead"
      },
      "location-after-char-start": 8268,
      "location-after-char-end": 8282,
      "node-str": "descriptorsSize"
    },
    {
      "type": "insert-node",
      "node": {
        "label": "int",
        "type": "VARIABLE_TYPE"
      },
      "location-after-char-start": 0,
      "location-after-char-end": 0,
      "node-str": "int"
    },
    {
      "type": "insert-node",
      "node": {
        "label": "NEG",
        "type": "UnaryOperator"
      },
      "location-after-char-start": 8296,
      "location-after-char-end": 8297,
      "node-str": "NEG"
    },
    {
      "type": "insert-node",
      "node": {
        "label": "boolean",
        "type": "VARIABLE_TYPE"
      },
      "location-after-char-start": 0,
      "location-after-char-end": 0,
      "node-str": "boolean"
    },
    {
      "type": "insert-node",
      "node": {
        "label": "false",
        "type": "Literal"
      },
      "location-after-char-start": 8317,
      "location-after-char-end": 8321,
      "node-str": "false"
    },
    {
      "type": "insert-node",
      "node": {
        "label": "org.eclipse.ui.dialogs.ResourceListSelectionDialog$ResourceDescriptor",
        "type": "VARIABLE_TYPE"
      },
      "location-after-char-start": 0,
      "location-after-char-end": 0,
      "node-str": "org.eclipse.ui.dialogs.ResourceListSelectionDialog$ResourceDescriptor"
    },
    {
      "type": "insert-node",
      "node": {
        "label": "org.eclipse.ui.dialogs.ResourceListSelectionDialog$ResourceDescriptor()",
        "type": "ConstructorCall"
      },
      "location-after-char-start": 8351,
      "location-after-char-end": 8374,
      "node-str": "org.eclipse.ui.dialogs.ResourceListSelectionDialog$ResourceDescriptor()"
    },
    {
      "type": "insert-node",
      "node": {
        "label": "label",
        "type": "FieldWrite"
      },
      "location-after-char-start": 8378,
      "location-after-char-end": 8387,
      "node-str": "label"
    },
    {
      "type": "insert-node",
      "node": {
        "label": "substring",
        "type": "Invocation"
      },
      "location-after-char-start": 8391,
      "location-after-char-end": 8444,
      "node-str": "substring"
    },
    {
      "type": "insert-node",
      "node": {
        "label": "GT",
        "type": "BinaryOperator"
      },
      "location-after-char-start": 8455,
      "location-after-char-end": 8468,
      "node-str": "GT"
    },
    {
      "type": "insert-node",
      "node": {
        "label": "index",
        "type": "LocalVariable"
      },
      "location-after-char-start": 8475,
      "location-after-char-end": 8503,
      "node-str": "index"
    },
    {
      "type": "insert-node",
      "node": {
        "label": "label",
        "type": "LocalVariable"
      },
      "location-after-char-start": 8507,
      "location-after-char-end": 8546,
      "node-str": "label"
    },
    {
      "type": "insert-node",
      "node": {
        "label": "if",
        "type": "If"
      },
      "location-after-char-start": 8550,
      "location-after-char-end": 8746,
      "node-str": "if"
    },
    {
      "type": "insert-node",
      "node": {
        "label": "match",
        "type": "VariableRead"
      },
      "location-after-char-start": 8756,
      "location-after-char-end": 8760,
      "node-str": "match"
    },
    {
      "type": "insert-node",
      "node": {
        "label": "THEN",
        "type": "then"
      },
      "location-after-char-start": 8763,
      "location-after-char-end": 8774,
      "node-str": "THEN"
    },
    {
      "type": "insert-node",
      "node": {
        "label": "ELSE",
        "type": "else"
      },
      "location-after-char-start": 8782,
      "location-after-char-end": 8791,
      "node-str": "ELSE"
    },
    {
      "type": "insert-node",
      "node": {
        "label": "int",
        "type": "VARIABLE_TYPE"
      },
      "location-after-char-start": 0,
      "location-after-char-end": 0,
      "node-str": "int"
    },
    {
      "type": "insert-node",
      "node": {
        "label": "descriptorsSize",
        "type": "FieldRead"
      },
      "location-after-char-start": 9362,
      "location-after-char-end": 9376,
      "node-str": "descriptorsSize"
    },
    {
      "type": "insert-node",
      "node": {
        "label": "int",
        "type": "VARIABLE_TYPE"
      },
      "location-after-char-start": 0,
      "location-after-char-end": 0,
      "node-str": "int"
    },
    {
      "type": "insert-node",
      "node": {
        "label": "NEG",
        "type": "UnaryOperator"
      },
      "location-after-char-start": 9390,
      "location-after-char-end": 9391,
      "node-str": "NEG"
    },
    {
      "type": "insert-node",
      "node": {
        "label": "boolean",
        "type": "VARIABLE_TYPE"
      },
      "location-after-char-start": 0,
      "location-after-char-end": 0,
      "node-str": "boolean"
    },
    {
      "type": "insert-node",
      "node": {
        "label": "false",
        "type": "Literal"
      },
      "location-after-char-start": 9411,
      "location-after-char-end": 9415,
      "node-str": "false"
    },
    {
      "type": "insert-node",
      "node": {
        "label": "org.eclipse.ui.dialogs.ResourceListSelectionDialog$ResourceDescriptor",
        "type": "VARIABLE_TYPE"
      },
      "location-after-char-start": 0,
      "location-after-char-end": 0,
      "node-str": "org.eclipse.ui.dialogs.ResourceListSelectionDialog$ResourceDescriptor"
    },
    {
      "type": "insert-node",
      "node": {
        "label": "org.eclipse.ui.dialogs.ResourceListSelectionDialog$ResourceDescriptor()",
        "type": "ConstructorCall"
      },
      "location-after-char-start": 9445,
      "location-after-char-end": 9468,
      "node-str": "org.eclipse.ui.dialogs.ResourceListSelectionDialog$ResourceDescriptor()"
    },
    {
      "type": "insert-node",
      "node": {
        "label": "label",
        "type": "FieldWrite"
      },
      "location-after-char-start": 9472,
      "location-after-char-end": 9481,
      "node-str": "label"
    },
    {
      "type": "insert-node",
      "node": {
        "label": "substring",
        "type": "Invocation"
      },
      "location-after-char-start": 9485,
      "location-after-char-end": 9538,
      "node-str": "substring"
    },
    {
      "type": "insert-node",
      "node": {
        "label": "GT",
        "type": "BinaryOperator"
      },
      "location-after-char-start": 9549,
      "location-after-char-end": 9562,
      "node-str": "GT"
    },
    {
      "type": "insert-node",
      "node": {
        "label": "index",
        "type": "LocalVariable"
      },
      "location-after-char-start": 9569,
      "location-after-char-end": 9597,
      "node-str": "index"
    },
    {
      "type": "insert-node",
      "node": {
        "label": "label",
        "type": "LocalVariable"
      },
      "location-after-char-start": 9601,
      "location-after-char-end": 9640,
      "node-str": "label"
    },
    {
      "type": "insert-node",
      "node": {
        "label": "if",
        "type": "If"
      },
      "location-after-char-start": 9644,
      "location-after-char-end": 9839,
      "node-str": "if"
    },
    {
      "type": "insert-node",
      "node": {
        "label": "match",
        "type": "VariableRead"
      },
      "location-after-char-start": 9849,
      "location-after-char-end": 9853,
      "node-str": "match"
    },
    {
      "type": "insert-node",
      "node": {
        "label": "THEN",
        "type": "then"
      },
      "location-after-char-start": 9856,
      "location-after-char-end": 9866,
      "node-str": "THEN"
    },
    {
      "type": "insert-node",
      "node": {
        "label": "ELSE",
        "type": "else"
      },
      "location-after-char-start": 9874,
      "location-after-char-end": 9883,
      "node-str": "ELSE"
    },
    {
      "type": "insert-node",
      "node": {
        "label": "NOT",
        "type": "UnaryOperator"
      },
      "location-after-char-start": 12215,
      "location-after-char-end": 12239,
      "node-str": "NOT"
    },
    {
      "type": "insert-node",
      "node": {
        "label": "THEN",
        "type": "then"
      },
      "location-after-char-start": 12242,
      "location-after-char-end": 12402,
      "node-str": "THEN"
    },
    {
      "type": "insert-node",
      "node": {
        "label": "equals",
        "type": "Invocation"
      },
      "location-after-char-start": 12624,
      "location-after-char-end": 12647,
      "node-str": "equals"
    },
    {
      "type": "insert-node",
      "node": {
        "label": "THEN",
        "type": "then"
      },
      "location-after-char-start": 12650,
      "location-after-char-end": 12715,
      "node-str": "THEN"
    },
    {
      "type": "insert-node",
      "node": {
        "label": "ELSE",
        "type": "else"
      },
      "location-after-char-start": 12722,
      "location-after-char-end": 13115,
      "node-str": "ELSE"
    },
    {
      "type": "insert-node",
      "node": {
        "label": "int",
        "type": "VARIABLE_TYPE"
      },
      "location-after-char-start": 0,
      "location-after-char-end": 0,
      "node-str": "int"
    },
    {
      "type": "insert-node",
      "node": {
        "label": "AND",
        "type": "BinaryOperator"
      },
      "location-after-char-start": 2648,
      "location-after-char-end": 2781,
      "node-str": "AND"
    },
    {
      "type": "insert-node",
      "node": {
        "label": "THEN",
        "type": "then"
      },
      "location-after-char-start": 2784,
      "location-after-char-end": 3720,
      "node-str": "THEN"
    },
    {
      "type": "insert-node",
      "node": {
        "label": "ELSE",
        "type": "else"
      },
      "location-after-char-start": 3727,
      "location-after-char-end": 4437,
      "node-str": "ELSE"
    },
    {
      "type": "update-node",
      "node": {
        "label": "org.eclipse.ui.dialogs.ResourceListSelectionDialog$UpdateThread$3()",
        "type": "NewClass"
      },
      "location-before-char-start": 3392,
      "location-before-char-end": 3871,
      "location-after-char-start": 4520,
      "location-after-char-end": 4999,
      "node-str": "org.eclipse.ui.dialogs.ResourceListSelectionDialog$UpdateThread$4()"
    },
    {
      "type": "insert-node",
      "node": {
        "label": "org.eclipse.ui.dialogs.ResourceListSelectionDialog",
        "type": "TypeAccess"
      },
      "location-after-char-start": 0,
      "location-after-char-end": 0,
      "node-str": "org.eclipse.ui.dialogs.ResourceListSelectionDialog"
    },
    {
      "type": "insert-node",
      "node": {
        "label": "1",
        "type": "Literal"
      },
      "location-after-char-start": 8297,
      "location-after-char-end": 8297,
      "node-str": "1"
    },
    {
      "type": "insert-node",
      "node": {
        "label": "desc",
        "type": "VariableRead"
      },
      "location-after-char-start": 8378,
      "location-after-char-end": 8381,
      "node-str": "desc"
    },
    {
      "type": "insert-node",
      "node": {
        "label": "patternString",
        "type": "FieldRead"
      },
      "location-after-char-start": 8391,
      "location-after-char-end": 8403,
      "node-str": "patternString"
    },
    {
      "type": "insert-node",
      "node": {
        "label": "0",
        "type": "Literal"
      },
      "location-after-char-start": 8415,
      "location-after-char-end": 8415,
      "node-str": "0"
    },
    {
      "type": "insert-node",
      "node": {
        "label": "MINUS",
        "type": "BinaryOperator"
      },
      "location-after-char-start": 8418,
      "location-after-char-end": 8443,
      "node-str": "MINUS"
    },
    {
      "type": "insert-node",
      "node": {
        "label": "MINUS",
        "type": "BinaryOperator"
      },
      "location-after-char-start": 8455,
      "location-after-char-end": 8464,
      "node-str": "MINUS"
    },
    {
      "type": "insert-node",
      "node": {
        "label": "1",
        "type": "Literal"
      },
      "location-after-char-start": 8468,
      "location-after-char-end": 8468,
      "node-str": "1"
    },
    {
      "type": "insert-node",
      "node": {
        "label": "int",
        "type": "VARIABLE_TYPE"
      },
      "location-after-char-start": 0,
      "location-after-char-end": 0,
      "node-str": "int"
    },
    {
      "type": "insert-node",
      "node": {
        "label": "DIV",
        "type": "BinaryOperator"
      },
      "location-after-char-start": 8487,
      "location-after-char-end": 8502,
      "node-str": "DIV"
    },
    {
      "type": "insert-node",
      "node": {
        "label": "java.lang.String",
        "type": "VARIABLE_TYPE"
      },
      "location-after-char-start": 0,
      "location-after-char-end": 0,
      "node-str": "java.lang.String"
    },
    {
      "type": "insert-node",
      "node": {
        "label": "label",
        "type": "FieldRead"
      },
      "location-after-char-start": 8522,
      "location-after-char-end": 8545,
      "node-str": "label"
    },
    {
      "type": "insert-node",
      "node": {
        "label": "match",
        "type": "Invocation"
      },
      "location-after-char-start": 8554,
      "location-after-char-end": 8565,
      "node-str": "match"
    },
    {
      "type": "insert-node",
      "node": {
        "label": "THEN",
        "type": "then"
      },
      "location-after-char-start": 8568,
      "location-after-char-end": 8606,
      "node-str": "THEN"
    },
    {
      "type": "insert-node",
      "node": {
        "label": "ELSE",
        "type": "else"
      },
      "location-after-char-start": 8613,
      "location-after-char-end": 8746,
      "node-str": "ELSE"
    },
    {
      "type": "insert-node",
      "node": {
        "label": "return",
        "type": "Return"
      },
      "location-after-char-start": 8763,
      "location-after-char-end": 8774,
      "node-str": "return"
    },
    {
      "type": "insert-node",
      "node": {
        "label": "return",
        "type": "Return"
      },
      "location-after-char-start": 8782,
      "location-after-char-end": 8791,
      "node-str": "return"
    },
    {
      "type": "insert-node",
      "node": {
        "label": "org.eclipse.ui.dialogs.ResourceListSelectionDialog",
        "type": "TypeAccess"
      },
      "location-after-char-start": 0,
      "location-after-char-end": 0,
      "node-str": "org.eclipse.ui.dialogs.ResourceListSelectionDialog"
    },
    {
      "type": "insert-node",
      "node": {
        "label": "1",
        "type": "Literal"
      },
      "location-after-char-start": 9391,
      "location-after-char-end": 9391,
      "node-str": "1"
    },
    {
      "type": "insert-node",
      "node": {
        "label": "desc",
        "type": "VariableRead"
      },
      "location-after-char-start": 9472,
      "location-after-char-end": 9475,
      "node-str": "desc"
    },
    {
      "type": "insert-node",
      "node": {
        "label": "patternString",
        "type": "FieldRead"
      },
      "location-after-char-start": 9485,
      "location-after-char-end": 9497,
      "node-str": "patternString"
    },
    {
      "type": "insert-node",
      "node": {
        "label": "0",
        "type": "Literal"
      },
      "location-after-char-start": 9509,
      "location-after-char-end": 9509,
      "node-str": "0"
    },
    {
      "type": "insert-node",
      "node": {
        "label": "MINUS",
        "type": "BinaryOperator"
      },
      "location-after-char-start": 9512,
      "location-after-char-end": 9537,
      "node-str": "MINUS"
    },
    {
      "type": "insert-node",
      "node": {
        "label": "MINUS",
        "type": "BinaryOperator"
      },
      "location-after-char-start": 9549,
      "location-after-char-end": 9558,
      "node-str": "MINUS"
    },
    {
      "type": "insert-node",
      "node": {
        "label": "1",
        "type": "Literal"
      },
      "location-after-char-start": 9562,
      "location-after-char-end": 9562,
      "node-str": "1"
    },
    {
      "type": "insert-node",
      "node": {
        "label": "int",
        "type": "VARIABLE_TYPE"
      },
      "location-after-char-start": 0,
      "location-after-char-end": 0,
      "node-str": "int"
    },
    {
      "type": "insert-node",
      "node": {
        "label": "DIV",
        "type": "BinaryOperator"
      },
      "location-after-char-start": 9581,
      "location-after-char-end": 9596,
      "node-str": "DIV"
    },
    {
      "type": "insert-node",
      "node": {
        "label": "java.lang.String",
        "type": "VARIABLE_TYPE"
      },
      "location-after-char-start": 0,
      "location-after-char-end": 0,
      "node-str": "java.lang.String"
    },
    {
      "type": "insert-node",
      "node": {
        "label": "label",
        "type": "FieldRead"
      },
      "location-after-char-start": 9616,
      "location-after-char-end": 9639,
      "node-str": "label"
    },
    {
      "type": "insert-node",
      "node": {
        "label": "match",
        "type": "Invocation"
      },
      "location-after-char-start": 9648,
      "location-after-char-end": 9659,
      "node-str": "match"
    },
    {
      "type": "insert-node",
      "node": {
        "label": "THEN",
        "type": "then"
      },
      "location-after-char-start": 9662,
      "location-after-char-end": 9699,
      "node-str": "THEN"
    },
    {
      "type": "insert-node",
      "node": {
        "label": "ELSE",
        "type": "else"
      },
      "location-after-char-start": 9706,
      "location-after-char-end": 9839,
      "node-str": "ELSE"
    },
    {
      "type": "insert-node",
      "node": {
        "label": "return",
        "type": "Return"
      },
      "location-after-char-start": 9856,
      "location-after-char-end": 9866,
      "node-str": "return"
    },
    {
      "type": "insert-node",
      "node": {
        "label": "return",
        "type": "Return"
      },
      "location-after-char-start": 9874,
      "location-after-char-end": 9883,
      "node-str": "return"
    },
    {
      "type": "insert-node",
      "node": {
        "label": "equals",
        "type": "Invocation"
      },
      "location-after-char-start": 12216,
      "location-after-char-end": 12239,
      "node-str": "equals"
    },
    {
      "type": "move-subtree",
      "node": {
        "label": "if",
        "type": "If"
      },
      "location-before-char-start": 9510,
      "location-before-char-end": 9648,
      "location-after-char-start": 12246,
      "location-after-char-end": 12385,
      "node-str": "if"
    },
    {
      "type": "insert-node",
      "node": {
        "label": "patternString",
        "type": "FieldRead"
      },
      "location-after-char-start": 12624,
      "location-after-char-end": 12636,
      "node-str": "patternString"
    },
    {
      "type": "insert-node",
      "node": {
        "label": "\"\"",
        "type": "Literal"
      },
      "location-after-char-start": 12645,
      "location-after-char-end": 12646,
      "node-str": "\"\""
    },
    {
      "type": "insert-node",
      "node": {
        "label": "\u003d",
        "type": "Assignment"
      },
      "location-after-char-start": 12654,
      "location-after-char-end": 12681,
      "node-str": "\u003d"
    },
    {
      "type": "insert-node",
      "node": {
        "label": "\u003d",
        "type": "Assignment"
      },
      "location-after-char-start": 12685,
      "location-after-char-end": 12712,
      "node-str": "\u003d"
    },
    {
      "type": "move-subtree",
      "node": {
        "label": "if",
        "type": "If"
      },
      "location-before-char-start": 9882,
      "location-before-char-end": 10275,
      "location-after-char-start": 12722,
      "location-after-char-end": 13115,
      "node-str": "if"
    },
    {
      "type": "insert-node",
      "node": {
        "label": "AND",
        "type": "BinaryOperator"
      },
      "location-after-char-start": 2648,
      "location-after-char-end": 2714,
      "node-str": "AND"
    },
    {
      "type": "insert-node",
      "node": {
        "label": "EQ",
        "type": "BinaryOperator"
      },
      "location-after-char-start": 2724,
      "location-after-char-end": 2781,
      "node-str": "EQ"
    },
    {
      "type": "insert-node",
      "node": {
        "label": "\u003d",
        "type": "Assignment"
      },
      "location-after-char-start": 3062,
      "location-after-char-end": 3090,
      "node-str": "\u003d"
    },
    {
      "type": "insert-node",
      "node": {
        "label": "if",
        "type": "If"
      },
      "location-after-char-start": 3096,
      "location-after-char-end": 3212,
      "node-str": "if"
    },
    {
      "type": "insert-node",
      "node": {
        "label": "\u003d",
        "type": "Assignment"
      },
      "location-after-char-start": 3218,
      "location-after-char-end": 3234,
      "node-str": "\u003d"
    },
    {
      "type": "insert-node",
      "node": {
        "label": "",
        "type": "For"
      },
      "location-after-char-start": 3240,
      "location-after-char-end": 3715,
      "node-str": ""
    },
    {
      "type": "insert-node",
      "node": {
        "label": "\u003d",
        "type": "Assignment"
      },
      "location-after-char-start": 3733,
      "location-after-char-end": 3749,
      "node-str": "\u003d"
    },
    {
      "type": "move-subtree",
      "node": {
        "label": "setFirstMatch",
        "type": "LocalVariable"
      },
      "location-before-char-start": 2656,
      "location-before-char-end": 2684,
      "location-after-char-start": 3755,
      "location-after-char-end": 3783,
      "node-str": "setFirstMatch"
    },
    {
      "type": "move-subtree",
      "node": {
        "label": "",
        "type": "For"
      },
      "location-before-char-start": 2689,
      "location-before-char-end": 3309,
      "location-after-char-start": 3789,
      "location-after-char-end": 4432,
      "node-str": ""
    },
    {
      "type": "update-node",
      "node": {
        "label": "3",
        "type": "Class"
      },
      "location-before-char-start": 3407,
      "location-before-char-end": 3871,
      "location-after-char-start": 4535,
      "location-after-char-end": 4999,
      "node-str": "4"
    },
    {
      "type": "insert-node",
      "node": {
        "label": "org.eclipse.ui.dialogs.ResourceListSelectionDialog",
        "type": "TypeAccess"
      },
      "location-after-char-start": 0,
      "location-after-char-end": 0,
      "node-str": "org.eclipse.ui.dialogs.ResourceListSelectionDialog"
    },
    {
      "type": "insert-node",
      "node": {
        "label": "length",
        "type": "Invocation"
      },
      "location-after-char-start": 8418,
      "location-after-char-end": 8439,
      "node-str": "length"
    },
    {
      "type": "insert-node",
      "node": {
        "label": "1",
        "type": "Literal"
      },
      "location-after-char-start": 8443,
      "location-after-char-end": 8443,
      "node-str": "1"
    },
    {
      "type": "insert-node",
      "node": {
        "label": "high",
        "type": "VariableRead"
      },
      "location-after-char-start": 8455,
      "location-after-char-end": 8458,
      "node-str": "high"
    },
    {
      "type": "insert-node",
      "node": {
        "label": "low",
        "type": "VariableRead"
      },
      "location-after-char-start": 8462,
      "location-after-char-end": 8464,
      "node-str": "low"
    },
    {
      "type": "insert-node",
      "node": {
        "label": "PLUS",
        "type": "BinaryOperator"
      },
      "location-after-char-start": 8487,
      "location-after-char-end": 8498,
      "node-str": "PLUS"
    },
    {
      "type": "insert-node",
      "node": {
        "label": "2",
        "type": "Literal"
      },
      "location-after-char-start": 8502,
      "location-after-char-end": 8502,
      "node-str": "2"
    },
    {
      "type": "insert-node",
      "node": {
        "label": "",
        "type": "ArrayRead"
      },
      "location-after-char-start": 8522,
      "location-after-char-end": 8539,
      "node-str": ""
    },
    {
      "type": "insert-node",
      "node": {
        "label": "org.eclipse.ui.dialogs.ResourceListSelectionDialog",
        "type": "TypeAccess"
      },
      "location-after-char-start": 0,
      "location-after-char-end": 0,
      "node-str": "org.eclipse.ui.dialogs.ResourceListSelectionDialog"
    },
    {
      "type": "insert-node",
      "node": {
        "label": "label",
        "type": "VariableRead"
      },
      "location-after-char-start": 8560,
      "location-after-char-end": 8564,
      "node-str": "label"
    },
    {
      "type": "insert-node",
      "node": {
        "label": "\u003d",
        "type": "Assignment"
      },
      "location-after-char-start": 8573,
      "location-after-char-end": 8585,
      "node-str": "\u003d"
    },
    {
      "type": "insert-node",
      "node": {
        "label": "\u003d",
        "type": "Assignment"
      },
      "location-after-char-start": 8590,
      "location-after-char-end": 8602,
      "node-str": "\u003d"
    },
    {
      "type": "insert-node",
      "node": {
        "label": "compare",
        "type": "LocalVariable"
      },
      "location-after-char-start": 8618,
      "location-after-char-end": 8666,
      "node-str": "compare"
    },
    {
      "type": "insert-node",
      "node": {
        "label": "if",
        "type": "If"
      },
      "location-after-char-start": 8671,
      "location-after-char-end": 8742,
      "node-str": "if"
    },
    {
      "type": "insert-node",
      "node": {
        "label": "high",
        "type": "VariableRead"
      },
      "location-after-char-start": 8770,
      "location-after-char-end": 8773,
      "node-str": "high"
    },
    {
      "type": "insert-node",
      "node": {
        "label": "NEG",
        "type": "UnaryOperator"
      },
      "location-after-char-start": 8789,
      "location-after-char-end": 8790,
      "node-str": "NEG"
    },
    {
      "type": "insert-node",
      "node": {
        "label": "org.eclipse.ui.dialogs.ResourceListSelectionDialog",
        "type": "TypeAccess"
      },
      "location-after-char-start": 0,
      "location-after-char-end": 0,
      "node-str": "org.eclipse.ui.dialogs.ResourceListSelectionDialog"
    },
    {
      "type": "insert-node",
      "node": {
        "label": "length",
        "type": "Invocation"
      },
      "location-after-char-start": 9512,
      "location-after-char-end": 9533,
      "node-str": "length"
    },
    {
      "type": "insert-node",
      "node": {
        "label": "1",
        "type": "Literal"
      },
      "location-after-char-start": 9537,
      "location-after-char-end": 9537,
      "node-str": "1"
    },
    {
      "type": "insert-node",
      "node": {
        "label": "high",
        "type": "VariableRead"
      },
      "location-after-char-start": 9549,
      "location-after-char-end": 9552,
      "node-str": "high"
    },
    {
      "type": "insert-node",
      "node": {
        "label": "low",
        "type": "VariableRead"
      },
      "location-after-char-start": 9556,
      "location-after-char-end": 9558,
      "node-str": "low"
    },
    {
      "type": "insert-node",
      "node": {
        "label": "PLUS",
        "type": "BinaryOperator"
      },
      "location-after-char-start": 9581,
      "location-after-char-end": 9592,
      "node-str": "PLUS"
    },
    {
      "type": "insert-node",
      "node": {
        "label": "2",
        "type": "Literal"
      },
      "location-after-char-start": 9596,
      "location-after-char-end": 9596,
      "node-str": "2"
    },
    {
      "type": "insert-node",
      "node": {
        "label": "",
        "type": "ArrayRead"
      },
      "location-after-char-start": 9616,
      "location-after-char-end": 9633,
      "node-str": ""
    },
    {
      "type": "insert-node",
      "node": {
        "label": "org.eclipse.ui.dialogs.ResourceListSelectionDialog",
        "type": "TypeAccess"
      },
      "location-after-char-start": 0,
      "location-after-char-end": 0,
      "node-str": "org.eclipse.ui.dialogs.ResourceListSelectionDialog"
    },
    {
      "type": "insert-node",
      "node": {
        "label": "label",
        "type": "VariableRead"
      },
      "location-after-char-start": 9654,
      "location-after-char-end": 9658,
      "node-str": "label"
    },
    {
      "type": "insert-node",
      "node": {
        "label": "\u003d",
        "type": "Assignment"
      },
      "location-after-char-start": 9667,
      "location-after-char-end": 9678,
      "node-str": "\u003d"
    },
    {
      "type": "insert-node",
      "node": {
        "label": "\u003d",
        "type": "Assignment"
      },
      "location-after-char-start": 9683,
      "location-after-char-end": 9695,
      "node-str": "\u003d"
    },
    {
      "type": "insert-node",
      "node": {
        "label": "compare",
        "type": "LocalVariable"
      },
      "location-after-char-start": 9711,
      "location-after-char-end": 9759,
      "node-str": "compare"
    },
    {
      "type": "insert-node",
      "node": {
        "label": "if",
        "type": "If"
      },
      "location-after-char-start": 9764,
      "location-after-char-end": 9835,
      "node-str": "if"
    },
    {
      "type": "insert-node",
      "node": {
        "label": "low",
        "type": "VariableRead"
      },
      "location-after-char-start": 9863,
      "location-after-char-end": 9865,
      "node-str": "low"
    },
    {
      "type": "insert-node",
      "node": {
        "label": "NEG",
        "type": "UnaryOperator"
      },
      "location-after-char-start": 9881,
      "location-after-char-end": 9882,
      "node-str": "NEG"
    },
    {
      "type": "insert-node",
      "node": {
        "label": "patternString",
        "type": "FieldRead"
      },
      "location-after-char-start": 12216,
      "location-after-char-end": 12228,
      "node-str": "patternString"
    },
    {
      "type": "insert-node",
      "node": {
        "label": "\"\"",
        "type": "Literal"
      },
      "location-after-char-start": 12237,
      "location-after-char-end": 12238,
      "node-str": "\"\""
    },
    {
      "type": "insert-node",
      "node": {
        "label": "org.eclipse.ui.dialogs.ResourceListSelectionDialog",
        "type": "TypeAccess"
      },
      "location-after-char-start": 0,
      "location-after-char-end": 0,
      "node-str": "org.eclipse.ui.dialogs.ResourceListSelectionDialog"
    },
    {
      "type": "insert-node",
      "node": {
        "label": "firstMatch",
        "type": "FieldWrite"
      },
      "location-after-char-start": 12654,
      "location-after-char-end": 12676,
      "node-str": "firstMatch"
    },
    {
      "type": "insert-node",
      "node": {
        "label": "0",
        "type": "Literal"
      },
      "location-after-char-start": 12680,
      "location-after-char-end": 12680,
      "node-str": "0"
    },
    {
      "type": "insert-node",
      "node": {
        "label": "lastMatch",
        "type": "FieldWrite"
      },
      "location-after-char-start": 12685,
      "location-after-char-end": 12706,
      "node-str": "lastMatch"
    },
    {
      "type": "insert-node",
      "node": {
        "label": "NEG",
        "type": "UnaryOperator"
      },
      "location-after-char-start": 12710,
      "location-after-char-end": 12711,
      "node-str": "NEG"
    },
    {
      "type": "insert-node",
      "node": {
        "label": "EQ",
        "type": "BinaryOperator"
      },
      "location-after-char-start": 2648,
      "location-after-char-end": 2681,
      "node-str": "EQ"
    },
    {
      "type": "insert-node",
      "node": {
        "label": "endsWith",
        "type": "Invocation"
      },
      "location-after-char-start": 2686,
      "location-after-char-end": 2714,
      "node-str": "endsWith"
    },
    {
      "type": "insert-node",
      "node": {
        "label": "indexOf",
        "type": "Invocation"
      },
      "location-after-char-start": 2725,
      "location-after-char-end": 2750,
      "node-str": "indexOf"
    },
    {
      "type": "insert-node",
      "node": {
        "label": "MINUS",
        "type": "BinaryOperator"
      },
      "location-after-char-start": 2755,
      "location-after-char-end": 2780,
      "node-str": "MINUS"
    },
    {
      "type": "insert-node",
      "node": {
        "label": "firstMatch",
        "type": "FieldWrite"
      },
      "location-after-char-start": 3062,
      "location-after-char-end": 3071,
      "node-str": "firstMatch"
    },
    {
      "type": "insert-node",
      "node": {
        "label": "getFirstMatch",
        "type": "Invocation"
      },
      "location-after-char-start": 3075,
      "location-after-char-end": 3089,
      "node-str": "getFirstMatch"
    },
    {
      "type": "insert-node",
      "node": {
        "label": "EQ",
        "type": "BinaryOperator"
      },
      "location-after-char-start": 3100,
      "location-after-char-end": 3115,
      "node-str": "EQ"
    },
    {
      "type": "insert-node",
      "node": {
        "label": "THEN",
        "type": "then"
      },
      "location-after-char-start": 3118,
      "location-after-char-end": 3166,
      "node-str": "THEN"
    },
    {
      "type": "insert-node",
      "node": {
        "label": "ELSE",
        "type": "else"
      },
      "location-after-char-start": 3173,
      "location-after-char-end": 3212,
      "node-str": "ELSE"
    },
    {
      "type": "insert-node",
      "node": {
        "label": "last",
        "type": "VariableWrite"
      },
      "location-after-char-start": 3218,
      "location-after-char-end": 3221,
      "node-str": "last"
    },
    {
      "type": "insert-node",
      "node": {
        "label": "lastMatch",
        "type": "FieldRead"
      },
      "location-after-char-start": 3225,
      "location-after-char-end": 3233,
      "node-str": "lastMatch"
    },
    {
      "type": "move-subtree",
      "node": {
        "label": "i",
        "type": "LocalVariable"
      },
      "location-before-char-start": 2694,
      "location-before-char-end": 2711,
      "location-after-char-start": 3245,
      "location-after-char-end": 3262,
      "node-str": "i"
    },
    {
      "type": "move-subtree",
      "node": {
        "label": "LE",
        "type": "BinaryOperator"
      },
      "location-before-char-start": 2714,
      "location-before-char-end": 2727,
      "location-after-char-start": 3265,
      "location-after-char-end": 3278,
      "node-str": "LE"
    },
    {
      "type": "insert-node",
      "node": {
        "label": "POSTINC",
        "type": "UnaryOperator"
      },
      "location-after-char-start": 3280,
      "location-after-char-end": 3282,
      "node-str": "POSTINC"
    },
    {
      "type": "move-subtree",
      "node": {
        "label": "if",
        "type": "If"
      },
      "location-before-char-start": 2740,
      "location-before-char-end": 2825,
      "location-after-char-start": 3292,
      "location-after-char-end": 3379,
      "node-str": "if"
    },
    {
      "type": "move-subtree",
      "node": {
        "label": "if",
        "type": "If"
      },
      "location-before-char-start": 2831,
      "location-before-char-end": 2914,
      "location-after-char-start": 3386,
      "location-after-char-end": 3472,
      "node-str": "if"
    },
    {
      "type": "insert-node",
      "node": {
        "label": "index",
        "type": "LocalVariable"
      },
      "location-after-char-start": 3479,
      "location-after-char-end": 3498,
      "node-str": "index"
    },
    {
      "type": "move-subtree",
      "node": {
        "label": "syncExec",
        "type": "Invocation"
      },
      "location-before-char-start": 3094,
      "location-before-char-end": 3298,
      "location-after-char-start": 3505,
      "location-after-char-end": 3709,
      "node-str": "syncExec"
    },
    {
      "type": "insert-node",
      "node": {
        "label": "last",
        "type": "VariableWrite"
      },
      "location-after-char-start": 3733,
      "location-after-char-end": 3736,
      "node-str": "last"
    },
    {
      "type": "insert-node",
      "node": {
        "label": "lastMatch",
        "type": "FieldRead"
      },
      "location-after-char-start": 3740,
      "location-after-char-end": 3748,
      "node-str": "lastMatch"
    },
    {
      "type": "insert-node",
      "node": {
        "label": "i",
        "type": "LocalVariable"
      },
      "location-after-char-start": 3794,
      "location-after-char-end": 3811,
      "node-str": "i"
    },
    {
      "type": "insert-node",
      "node": {
        "label": "LE",
        "type": "BinaryOperator"
      },
      "location-after-char-start": 3814,
      "location-after-char-end": 3827,
      "node-str": "LE"
    },
    {
      "type": "insert-node",
      "node": {
        "label": "if",
        "type": "If"
      },
      "location-after-char-start": 3841,
      "location-after-char-end": 3928,
      "node-str": "if"
    },
    {
      "type": "insert-node",
      "node": {
        "label": "if",
        "type": "If"
      },
      "location-after-char-start": 3935,
      "location-after-char-end": 4021,
      "node-str": "if"
    },
    {
      "type": "insert-node",
      "node": {
        "label": "patternString",
        "type": "FieldRead"
      },
      "location-after-char-start": 8418,
      "location-after-char-end": 8430,
      "node-str": "patternString"
    },
    {
      "type": "insert-node",
      "node": {
        "label": "high",
        "type": "VariableRead"
      },
      "location-after-char-start": 8488,
      "location-after-char-end": 8491,
      "node-str": "high"
    },
    {
      "type": "insert-node",
      "node": {
        "label": "low",
        "type": "VariableRead"
      },
      "location-after-char-start": 8495,
      "location-after-char-end": 8497,
      "node-str": "low"
    },
    {
      "type": "insert-node",
      "node": {
        "label": "descriptors",
        "type": "FieldRead"
      },
      "location-after-char-start": 8522,
      "location-after-char-end": 8532,
      "node-str": "descriptors"
    },
    {
      "type": "insert-node",
      "node": {
        "label": "index",
        "type": "VariableRead"
      },
      "location-after-char-start": 8534,
      "location-after-char-end": 8538,
      "node-str": "index"
    },
    {
      "type": "insert-node",
      "node": {
        "label": "high",
        "type": "VariableWrite"
      },
      "location-after-char-start": 8573,
      "location-after-char-end": 8576,
      "node-str": "high"
    },
    {
      "type": "insert-node",
      "node": {
        "label": "index",
        "type": "VariableRead"
      },
      "location-after-char-start": 8580,
      "location-after-char-end": 8584,
      "node-str": "index"
    },
    {
      "type": "insert-node",
      "node": {
        "label": "match",
        "type": "VariableWrite"
      },
      "location-after-char-start": 8590,
      "location-after-char-end": 8594,
      "node-str": "match"
    },
    {
      "type": "insert-node",
      "node": {
        "label": "true",
        "type": "Literal"
      },
      "location-after-char-start": 8598,
      "location-after-char-end": 8601,
      "node-str": "true"
    },
    {
      "type": "insert-node",
      "node": {
        "label": "int",
        "type": "VARIABLE_TYPE"
      },
      "location-after-char-start": 0,
      "location-after-char-end": 0,
      "node-str": "int"
    },
    {
      "type": "insert-node",
      "node": {
        "label": "compareTo",
        "type": "Invocation"
      },
      "location-after-char-start": 8632,
      "location-after-char-end": 8665,
      "node-str": "compareTo"
    },
    {
      "type": "insert-node",
      "node": {
        "label": "EQ",
        "type": "BinaryOperator"
      },
      "location-after-char-start": 8675,
      "location-after-char-end": 8687,
      "node-str": "EQ"
    },
    {
      "type": "insert-node",
      "node": {
        "label": "THEN",
        "type": "then"
      },
      "location-after-char-start": 8690,
      "location-after-char-end": 8712,
      "node-str": "THEN"
    },
    {
      "type": "insert-node",
      "node": {
        "label": "ELSE",
        "type": "else"
      },
      "location-after-char-start": 8719,
      "location-after-char-end": 8742,
      "node-str": "ELSE"
    },
    {
      "type": "insert-node",
      "node": {
        "label": "1",
        "type": "Literal"
      },
      "location-after-char-start": 8790,
      "location-after-char-end": 8790,
      "node-str": "1"
    },
    {
      "type": "insert-node",
      "node": {
        "label": "patternString",
        "type": "FieldRead"
      },
      "location-after-char-start": 9512,
      "location-after-char-end": 9524,
      "node-str": "patternString"
    },
    {
      "type": "insert-node",
      "node": {
        "label": "high",
        "type": "VariableRead"
      },
      "location-after-char-start": 9582,
      "location-after-char-end": 9585,
      "node-str": "high"
    },
    {
      "type": "insert-node",
      "node": {
        "label": "low",
        "type": "VariableRead"
      },
      "location-after-char-start": 9589,
      "location-after-char-end": 9591,
      "node-str": "low"
    },
    {
      "type": "insert-node",
      "node": {
        "label": "descriptors",
        "type": "FieldRead"
      },
      "location-after-char-start": 9616,
      "location-after-char-end": 9626,
      "node-str": "descriptors"
    },
    {
      "type": "insert-node",
      "node": {
        "label": "index",
        "type": "VariableRead"
      },
      "location-after-char-start": 9628,
      "location-after-char-end": 9632,
      "node-str": "index"
    },
    {
      "type": "insert-node",
      "node": {
        "label": "low",
        "type": "VariableWrite"
      },
      "location-after-char-start": 9667,
      "location-after-char-end": 9669,
      "node-str": "low"
    },
    {
      "type": "insert-node",
      "node": {
        "label": "index",
        "type": "VariableRead"
      },
      "location-after-char-start": 9673,
      "location-after-char-end": 9677,
      "node-str": "index"
    },
    {
      "type": "insert-node",
      "node": {
        "label": "match",
        "type": "VariableWrite"
      },
      "location-after-char-start": 9683,
      "location-after-char-end": 9687,
      "node-str": "match"
    },
    {
      "type": "insert-node",
      "node": {
        "label": "true",
        "type": "Literal"
      },
      "location-after-char-start": 9691,
      "location-after-char-end": 9694,
      "node-str": "true"
    },
    {
      "type": "insert-node",
      "node": {
        "label": "int",
        "type": "VARIABLE_TYPE"
      },
      "location-after-char-start": 0,
      "location-after-char-end": 0,
      "node-str": "int"
    },
    {
      "type": "insert-node",
      "node": {
        "label": "compareTo",
        "type": "Invocation"
      },
      "location-after-char-start": 9725,
      "location-after-char-end": 9758,
      "node-str": "compareTo"
    },
    {
      "type": "insert-node",
      "node": {
        "label": "EQ",
        "type": "BinaryOperator"
      },
      "location-after-char-start": 9768,
      "location-after-char-end": 9780,
      "node-str": "EQ"
    },
    {
      "type": "insert-node",
      "node": {
        "label": "THEN",
        "type": "then"
      },
      "location-after-char-start": 9783,
      "location-after-char-end": 9805,
      "node-str": "THEN"
    },
    {
      "type": "insert-node",
      "node": {
        "label": "ELSE",
        "type": "else"
      },
      "location-after-char-start": 9812,
      "location-after-char-end": 9835,
      "node-str": "ELSE"
    },
    {
      "type": "insert-node",
      "node": {
        "label": "1",
        "type": "Literal"
      },
      "location-after-char-start": 9882,
      "location-after-char-end": 9882,
      "node-str": "1"
    },
    {
      "type": "insert-node",
      "node": {
        "label": "org.eclipse.ui.dialogs.ResourceListSelectionDialog",
        "type": "TypeAccess"
      },
      "location-after-char-start": 0,
      "location-after-char-end": 0,
      "node-str": "org.eclipse.ui.dialogs.ResourceListSelectionDialog"
    },
    {
      "type": "insert-node",
      "node": {
        "label": "updateThread",
        "type": "FieldRead"
      },
      "location-after-char-start": 12654,
      "location-after-char-end": 12665,
      "node-str": "updateThread"
    },
    {
      "type": "insert-node",
      "node": {
        "label": "updateThread",
        "type": "FieldRead"
      },
      "location-after-char-start": 12685,
      "location-after-char-end": 12696,
      "node-str": "updateThread"
    },
    {
      "type": "insert-node",
      "node": {
        "label": "1",
        "type": "Literal"
      },
      "location-after-char-start": 12711,
      "location-after-char-end": 12711,
      "node-str": "1"
    },
    {
      "type": "insert-node",
      "node": {
        "label": "indexOf",
        "type": "Invocation"
      },
      "location-after-char-start": 2649,
      "location-after-char-end": 2674,
      "node-str": "indexOf"
    },
    {
      "type": "insert-node",
      "node": {
        "label": "NEG",
        "type": "UnaryOperator"
      },
      "location-after-char-start": 2679,
      "location-after-char-end": 2680,
      "node-str": "NEG"
    },
    {
      "type": "insert-node",
      "node": {
        "label": "patternString",
        "type": "FieldRead"
      },
      "location-after-char-start": 2687,
      "location-after-char-end": 2699,
      "node-str": "patternString"
    },
    {
      "type": "insert-node",
      "node": {
        "label": "\"*\"",
        "type": "Literal"
      },
      "location-after-char-start": 2710,
      "location-after-char-end": 2712,
      "node-str": "\"*\""
    },
    {
      "type": "insert-node",
      "node": {
        "label": "patternString",
        "type": "FieldRead"
      },
      "location-after-char-start": 2725,
      "location-after-char-end": 2737,
      "node-str": "patternString"
    },
    {
      "type": "insert-node",
      "node": {
        "label": "\u0027*\u0027",
        "type": "Literal"
      },
      "location-after-char-start": 2747,
      "location-after-char-end": 2749,
      "node-str": "\u0027*\u0027"
    },
    {
      "type": "insert-node",
      "node": {
        "label": "length",
        "type": "Invocation"
      },
      "location-after-char-start": 2755,
      "location-after-char-end": 2776,
      "node-str": "length"
    },
    {
      "type": "insert-node",
      "node": {
        "label": "1",
        "type": "Literal"
      },
      "location-after-char-start": 2780,
      "location-after-char-end": 2780,
      "node-str": "1"
    },
    {
      "type": "insert-node",
      "node": {
        "label": "org.eclipse.ui.dialogs.ResourceListSelectionDialog$UpdateThread",
        "type": "TypeAccess"
      },
      "location-after-char-start": 0,
      "location-after-char-end": 0,
      "node-str": "org.eclipse.ui.dialogs.ResourceListSelectionDialog$UpdateThread"
    },
    {
      "type": "insert-node",
      "node": {
        "label": "org.eclipse.ui.dialogs.ResourceListSelectionDialog$UpdateThread",
        "type": "TypeAccess"
      },
      "location-after-char-start": 0,
      "location-after-char-end": 0,
      "node-str": "org.eclipse.ui.dialogs.ResourceListSelectionDialog$UpdateThread"
    },
    {
      "type": "insert-node",
      "node": {
        "label": "firstMatch",
        "type": "FieldRead"
      },
      "location-after-char-start": 3100,
      "location-after-char-end": 3109,
      "node-str": "firstMatch"
    },
    {
      "type": "insert-node",
      "node": {
        "label": "NEG",
        "type": "UnaryOperator"
      },
      "location-after-char-start": 3114,
      "location-after-char-end": 3115,
      "node-str": "NEG"
    },
    {
      "type": "insert-node",
      "node": {
        "label": "\u003d",
        "type": "Assignment"
      },
      "location-after-char-start": 3125,
      "location-after-char-end": 3139,
      "node-str": "\u003d"
    },
    {
      "type": "insert-node",
      "node": {
        "label": "\u003d",
        "type": "Assignment"
      },
      "location-after-char-start": 3146,
      "location-after-char-end": 3160,
      "node-str": "\u003d"
    },
    {
      "type": "insert-node",
      "node": {
        "label": "\u003d",
        "type": "Assignment"
      },
      "location-after-char-start": 3180,
      "location-after-char-end": 3206,
      "node-str": "\u003d"
    },
    {
      "type": "insert-node",
      "node": {
        "label": "org.eclipse.ui.dialogs.ResourceListSelectionDialog$UpdateThread",
        "type": "TypeAccess"
      },
      "location-after-char-start": 0,
      "location-after-char-end": 0,
      "node-str": "org.eclipse.ui.dialogs.ResourceListSelectionDialog$UpdateThread"
    },
    {
      "type": "insert-node",
      "node": {
        "label": "i",
        "type": "VariableWrite"
      },
      "location-after-char-start": 3280,
      "location-after-char-end": 3280,
      "node-str": "i"
    },
    {
      "type": "insert-node",
      "node": {
        "label": "int",
        "type": "VARIABLE_TYPE"
      },
      "location-after-char-start": 0,
      "location-after-char-end": 0,
      "node-str": "int"
    },
    {
      "type": "insert-node",
      "node": {
        "label": "final",
        "type": "Modifier"
      },
      "location-after-char-start": 0,
      "location-after-char-end": 0,
      "node-str": "final"
    },
    {
      "type": "insert-node",
      "node": {
        "label": "i",
        "type": "VariableRead"
      },
      "location-after-char-start": 3497,
      "location-after-char-end": 3497,
      "node-str": "i"
    },
    {
      "type": "insert-node",
      "node": {
        "label": "org.eclipse.ui.dialogs.ResourceListSelectionDialog$UpdateThread",
        "type": "TypeAccess"
      },
      "location-after-char-start": 0,
      "location-after-char-end": 0,
      "node-str": "org.eclipse.ui.dialogs.ResourceListSelectionDialog$UpdateThread"
    },
    {
      "type": "insert-node",
      "node": {
        "label": "int",
        "type": "VARIABLE_TYPE"
      },
      "location-after-char-start": 0,
      "location-after-char-end": 0,
      "node-str": "int"
    },
    {
      "type": "insert-node",
      "node": {
        "label": "firstMatch",
        "type": "FieldRead"
      },
      "location-after-char-start": 3802,
      "location-after-char-end": 3811,
      "node-str": "firstMatch"
    },
    {
      "type": "insert-node",
      "node": {
        "label": "i",
        "type": "VariableRead"
      },
      "location-after-char-start": 3814,
      "location-after-char-end": 3814,
      "node-str": "i"
    },
    {
      "type": "insert-node",
      "node": {
        "label": "lastMatch",
        "type": "FieldRead"
      },
      "location-after-char-start": 3819,
      "location-after-char-end": 3827,
      "node-str": "lastMatch"
    },
    {
      "type": "insert-node",
      "node": {
        "label": "EQ",
        "type": "BinaryOperator"
      },
      "location-after-char-start": 3844,
      "location-after-char-end": 3854,
      "node-str": "EQ"
    },
    {
      "type": "insert-node",
      "node": {
        "label": "THEN",
        "type": "then"
      },
      "location-after-char-start": 3857,
      "location-after-char-end": 3928,
      "node-str": "THEN"
    },
    {
      "type": "insert-node",
      "node": {
        "label": "OR",
        "type": "BinaryOperator"
      },
      "location-after-char-start": 3938,
      "location-after-char-end": 3971,
      "node-str": "OR"
    },
    {
      "type": "insert-node",
      "node": {
        "label": "THEN",
        "type": "then"
      },
      "location-after-char-start": 3973,
      "location-after-char-end": 4021,
      "node-str": "THEN"
    },
    {
      "type": "insert-node",
      "node": {
        "label": "org.eclipse.ui.dialogs.ResourceListSelectionDialog",
        "type": "TypeAccess"
      },
      "location-after-char-start": 0,
      "location-after-char-end": 0,
      "node-str": "org.eclipse.ui.dialogs.ResourceListSelectionDialog"
    },
    {
      "type": "insert-node",
      "node": {
        "label": "org.eclipse.ui.dialogs.ResourceListSelectionDialog",
        "type": "TypeAccess"
      },
      "location-after-char-start": 0,
      "location-after-char-end": 0,
      "node-str": "org.eclipse.ui.dialogs.ResourceListSelectionDialog"
    },
    {
      "type": "insert-node",
      "node": {
        "label": "",
        "type": "ArrayRead"
      },
      "location-after-char-start": 8632,
      "location-after-char-end": 8649,
      "node-str": ""
    },
    {
      "type": "insert-node",
      "node": {
        "label": "desc",
        "type": "VariableRead"
      },
      "location-after-char-start": 8661,
      "location-after-char-end": 8664,
      "node-str": "desc"
    },
    {
      "type": "insert-node",
      "node": {
        "label": "compare",
        "type": "VariableRead"
      },
      "location-after-char-start": 8675,
      "location-after-char-end": 8681,
      "node-str": "compare"
    },
    {
      "type": "insert-node",
      "node": {
        "label": "NEG",
        "type": "UnaryOperator"
      },
      "location-after-char-start": 8686,
      "location-after-char-end": 8687,
      "node-str": "NEG"
    },
    {
      "type": "insert-node",
      "node": {
        "label": "\u003d",
        "type": "Assignment"
      },
      "location-after-char-start": 8696,
      "location-after-char-end": 8707,
      "node-str": "\u003d"
    },
    {
      "type": "insert-node",
      "node": {
        "label": "\u003d",
        "type": "Assignment"
      },
      "location-after-char-start": 8725,
      "location-after-char-end": 8737,
      "node-str": "\u003d"
    },
    {
      "type": "insert-node",
      "node": {
        "label": "org.eclipse.ui.dialogs.ResourceListSelectionDialog",
        "type": "TypeAccess"
      },
      "location-after-char-start": 0,
      "location-after-char-end": 0,
      "node-str": "org.eclipse.ui.dialogs.ResourceListSelectionDialog"
    },
    {
      "type": "insert-node",
      "node": {
        "label": "org.eclipse.ui.dialogs.ResourceListSelectionDialog",
        "type": "TypeAccess"
      },
      "location-after-char-start": 0,
      "location-after-char-end": 0,
      "node-str": "org.eclipse.ui.dialogs.ResourceListSelectionDialog"
    },
    {
      "type": "insert-node",
      "node": {
        "label": "",
        "type": "ArrayRead"
      },
      "location-after-char-start": 9725,
      "location-after-char-end": 9742,
      "node-str": ""
    },
    {
      "type": "insert-node",
      "node": {
        "label": "desc",
        "type": "VariableRead"
      },
      "location-after-char-start": 9754,
      "location-after-char-end": 9757,
      "node-str": "desc"
    },
    {
      "type": "insert-node",
      "node": {
        "label": "compare",
        "type": "VariableRead"
      },
      "location-after-char-start": 9768,
      "location-after-char-end": 9774,
      "node-str": "compare"
    },
    {
      "type": "insert-node",
      "node": {
        "label": "NEG",
        "type": "UnaryOperator"
      },
      "location-after-char-start": 9779,
      "location-after-char-end": 9780,
      "node-str": "NEG"
    },
    {
      "type": "insert-node",
      "node": {
        "label": "\u003d",
        "type": "Assignment"
      },
      "location-after-char-start": 9789,
      "location-after-char-end": 9800,
      "node-str": "\u003d"
    },
    {
      "type": "insert-node",
      "node": {
        "label": "\u003d",
        "type": "Assignment"
      },
      "location-after-char-start": 9818,
      "location-after-char-end": 9830,
      "node-str": "\u003d"
    },
    {
      "type": "insert-node",
      "node": {
        "label": "org.eclipse.ui.dialogs.ResourceListSelectionDialog",
        "type": "TypeAccess"
      },
      "location-after-char-start": 0,
      "location-after-char-end": 0,
      "node-str": "org.eclipse.ui.dialogs.ResourceListSelectionDialog"
    },
    {
      "type": "insert-node",
      "node": {
        "label": "org.eclipse.ui.dialogs.ResourceListSelectionDialog",
        "type": "TypeAccess"
      },
      "location-after-char-start": 0,
      "location-after-char-end": 0,
      "node-str": "org.eclipse.ui.dialogs.ResourceListSelectionDialog"
    },
    {
      "type": "insert-node",
      "node": {
        "label": "patternString",
        "type": "FieldRead"
      },
      "location-after-char-start": 2649,
      "location-after-char-end": 2661,
      "node-str": "patternString"
    },
    {
      "type": "insert-node",
      "node": {
        "label": "\u0027?\u0027",
        "type": "Literal"
      },
      "location-after-char-start": 2671,
      "location-after-char-end": 2673,
      "node-str": "\u0027?\u0027"
    },
    {
      "type": "insert-node",
      "node": {
        "label": "1",
        "type": "Literal"
      },
      "location-after-char-start": 2680,
      "location-after-char-end": 2680,
      "node-str": "1"
    },
    {
      "type": "insert-node",
      "node": {
        "label": "org.eclipse.ui.dialogs.ResourceListSelectionDialog",
        "type": "TypeAccess"
      },
      "location-after-char-start": 0,
      "location-after-char-end": 0,
      "node-str": "org.eclipse.ui.dialogs.ResourceListSelectionDialog"
    },
    {
      "type": "insert-node",
      "node": {
        "label": "org.eclipse.ui.dialogs.ResourceListSelectionDialog",
        "type": "TypeAccess"
      },
      "location-after-char-start": 0,
      "location-after-char-end": 0,
      "node-str": "org.eclipse.ui.dialogs.ResourceListSelectionDialog"
    },
    {
      "type": "insert-node",
      "node": {
        "label": "patternString",
        "type": "FieldRead"
      },
      "location-after-char-start": 2755,
      "location-after-char-end": 2767,
      "node-str": "patternString"
    },
    {
      "type": "insert-node",
      "node": {
        "label": "org.eclipse.ui.dialogs.ResourceListSelectionDialog$UpdateThread",
        "type": "TypeAccess"
      },
      "location-after-char-start": 0,
      "location-after-char-end": 0,
      "node-str": "org.eclipse.ui.dialogs.ResourceListSelectionDialog$UpdateThread"
    },
    {
      "type": "insert-node",
      "node": {
        "label": "1",
        "type": "Literal"
      },
      "location-after-char-start": 3115,
      "location-after-char-end": 3115,
      "node-str": "1"
    },
    {
      "type": "insert-node",
      "node": {
        "label": "firstMatch",
        "type": "FieldWrite"
      },
      "location-after-char-start": 3125,
      "location-after-char-end": 3134,
      "node-str": "firstMatch"
    },
    {
      "type": "insert-node",
      "node": {
        "label": "0",
        "type": "Literal"
      },
      "location-after-char-start": 3138,
      "location-after-char-end": 3138,
      "node-str": "0"
    },
    {
      "type": "insert-node",
      "node": {
        "label": "lastMatch",
        "type": "FieldWrite"
      },
      "location-after-char-start": 3146,
      "location-after-char-end": 3154,
      "node-str": "lastMatch"
    },
    {
      "type": "insert-node",
      "node": {
        "label": "NEG",
        "type": "UnaryOperator"
      },
      "location-after-char-start": 3158,
      "location-after-char-end": 3159,
      "node-str": "NEG"
    },
    {
      "type": "insert-node",
      "node": {
        "label": "lastMatch",
        "type": "FieldWrite"
      },
      "location-after-char-start": 3180,
      "location-after-char-end": 3188,
      "node-str": "lastMatch"
    },
    {
      "type": "insert-node",
      "node": {
        "label": "getLastMatch",
        "type": "Invocation"
      },
      "location-after-char-start": 3192,
      "location-after-char-end": 3205,
      "node-str": "getLastMatch"
    },
    {
      "type": "insert-node",
      "node": {
        "label": "org.eclipse.ui.dialogs.ResourceListSelectionDialog$UpdateThread",
        "type": "TypeAccess"
      },
      "location-after-char-start": 0,
      "location-after-char-end": 0,
      "node-str": "org.eclipse.ui.dialogs.ResourceListSelectionDialog$UpdateThread"
    },
    {
      "type": "insert-node",
      "node": {
        "label": "org.eclipse.ui.dialogs.ResourceListSelectionDialog$UpdateThread",
        "type": "TypeAccess"
      },
      "location-after-char-start": 0,
      "location-after-char-end": 0,
      "node-str": "org.eclipse.ui.dialogs.ResourceListSelectionDialog$UpdateThread"
    },
    {
      "type": "insert-node",
      "node": {
        "label": "MOD",
        "type": "BinaryOperator"
      },
      "location-after-char-start": 3844,
      "location-after-char-end": 3849,
      "node-str": "MOD"
    },
    {
      "type": "insert-node",
      "node": {
        "label": "0",
        "type": "Literal"
      },
      "location-after-char-start": 3854,
      "location-after-char-end": 3854,
      "node-str": "0"
    },
    {
      "type": "insert-node",
      "node": {
        "label": "",
        "type": "Try"
      },
      "location-after-char-start": 3865,
      "location-after-char-end": 3921,
      "node-str": ""
    },
    {
      "type": "insert-node",
      "node": {
        "label": "stop",
        "type": "FieldRead"
      },
      "location-after-char-start": 3938,
      "location-after-char-end": 3941,
      "node-str": "stop"
    },
    {
      "type": "insert-node",
      "node": {
        "label": "isDisposed",
        "type": "Invocation"
      },
      "location-after-char-start": 3946,
      "location-after-char-end": 3971,
      "node-str": "isDisposed"
    },
    {
      "type": "insert-node",
      "node": {
        "label": "\u003d",
        "type": "Assignment"
      },
      "location-after-char-start": 3981,
      "location-after-char-end": 3999,
      "node-str": "\u003d"
    },
    {
      "type": "insert-node",
      "node": {
        "label": "return",
        "type": "Return"
      },
      "location-after-char-start": 4008,
      "location-after-char-end": 4014,
      "node-str": "return"
    },
    {
      "type": "insert-node",
      "node": {
        "label": "syncExec",
        "type": "Invocation"
      },
      "location-after-char-start": 4209,
      "location-after-char-end": 4419,
      "node-str": "syncExec"
    },
    {
      "type": "insert-node",
      "node": {
        "label": "descriptors",
        "type": "FieldRead"
      },
      "location-after-char-start": 8632,
      "location-after-char-end": 8642,
      "node-str": "descriptors"
    },
    {
      "type": "insert-node",
      "node": {
        "label": "index",
        "type": "VariableRead"
      },
      "location-after-char-start": 8644,
      "location-after-char-end": 8648,
      "node-str": "index"
    },
    {
      "type": "insert-node",
      "node": {
        "label": "1",
        "type": "Literal"
      },
      "location-after-char-start": 8687,
      "location-after-char-end": 8687,
      "node-str": "1"
    },
    {
      "type": "insert-node",
      "node": {
        "label": "low",
        "type": "VariableWrite"
      },
      "location-after-char-start": 8696,
      "location-after-char-end": 8698,
      "node-str": "low"
    },
    {
      "type": "insert-node",
      "node": {
        "label": "index",
        "type": "VariableRead"
      },
      "location-after-char-start": 8702,
      "location-after-char-end": 8706,
      "node-str": "index"
    },
    {
      "type": "insert-node",
      "node": {
        "label": "high",
        "type": "VariableWrite"
      },
      "location-after-char-start": 8725,
      "location-after-char-end": 8728,
      "node-str": "high"
    },
    {
      "type": "insert-node",
      "node": {
        "label": "index",
        "type": "VariableRead"
      },
      "location-after-char-start": 8732,
      "location-after-char-end": 8736,
      "node-str": "index"
    },
    {
      "type": "insert-node",
      "node": {
        "label": "descriptors",
        "type": "FieldRead"
      },
      "location-after-char-start": 9725,
      "location-after-char-end": 9735,
      "node-str": "descriptors"
    },
    {
      "type": "insert-node",
      "node": {
        "label": "index",
        "type": "VariableRead"
      },
      "location-after-char-start": 9737,
      "location-after-char-end": 9741,
      "node-str": "index"
    },
    {
      "type": "insert-node",
      "node": {
        "label": "1",
        "type": "Literal"
      },
      "location-after-char-start": 9780,
      "location-after-char-end": 9780,
      "node-str": "1"
    },
    {
      "type": "insert-node",
      "node": {
        "label": "low",
        "type": "VariableWrite"
      },
      "location-after-char-start": 9789,
      "location-after-char-end": 9791,
      "node-str": "low"
    },
    {
      "type": "insert-node",
      "node": {
        "label": "index",
        "type": "VariableRead"
      },
      "location-after-char-start": 9795,
      "location-after-char-end": 9799,
      "node-str": "index"
    },
    {
      "type": "insert-node",
      "node": {
        "label": "high",
        "type": "VariableWrite"
      },
      "location-after-char-start": 9818,
      "location-after-char-end": 9821,
      "node-str": "high"
    },
    {
      "type": "insert-node",
      "node": {
        "label": "index",
        "type": "VariableRead"
      },
      "location-after-char-start": 9825,
      "location-after-char-end": 9829,
      "node-str": "index"
    },
    {
      "type": "insert-node",
      "node": {
        "label": "org.eclipse.ui.dialogs.ResourceListSelectionDialog",
        "type": "TypeAccess"
      },
      "location-after-char-start": 0,
      "location-after-char-end": 0,
      "node-str": "org.eclipse.ui.dialogs.ResourceListSelectionDialog"
    },
    {
      "type": "insert-node",
      "node": {
        "label": "org.eclipse.ui.dialogs.ResourceListSelectionDialog",
        "type": "TypeAccess"
      },
      "location-after-char-start": 0,
      "location-after-char-end": 0,
      "node-str": "org.eclipse.ui.dialogs.ResourceListSelectionDialog"
    },
    {
      "type": "insert-node",
      "node": {
        "label": "org.eclipse.ui.dialogs.ResourceListSelectionDialog$UpdateThread",
        "type": "TypeAccess"
      },
      "location-after-char-start": 0,
      "location-after-char-end": 0,
      "node-str": "org.eclipse.ui.dialogs.ResourceListSelectionDialog$UpdateThread"
    },
    {
      "type": "insert-node",
      "node": {
        "label": "org.eclipse.ui.dialogs.ResourceListSelectionDialog$UpdateThread",
        "type": "TypeAccess"
      },
      "location-after-char-start": 0,
      "location-after-char-end": 0,
      "node-str": "org.eclipse.ui.dialogs.ResourceListSelectionDialog$UpdateThread"
    },
    {
      "type": "insert-node",
      "node": {
        "label": "1",
        "type": "Literal"
      },
      "location-after-char-start": 3159,
      "location-after-char-end": 3159,
      "node-str": "1"
    },
    {
      "type": "insert-node",
      "node": {
        "label": "org.eclipse.ui.dialogs.ResourceListSelectionDialog$UpdateThread",
        "type": "TypeAccess"
      },
      "location-after-char-start": 0,
      "location-after-char-end": 0,
      "node-str": "org.eclipse.ui.dialogs.ResourceListSelectionDialog$UpdateThread"
    },
    {
      "type": "insert-node",
      "node": {
        "label": "org.eclipse.ui.dialogs.ResourceListSelectionDialog$UpdateThread",
        "type": "TypeAccess"
      },
      "location-after-char-start": 0,
      "location-after-char-end": 0,
      "node-str": "org.eclipse.ui.dialogs.ResourceListSelectionDialog$UpdateThread"
    },
    {
      "type": "insert-node",
      "node": {
        "label": "i",
        "type": "VariableRead"
      },
      "location-after-char-start": 3844,
      "location-after-char-end": 3844,
      "node-str": "i"
    },
    {
      "type": "insert-node",
      "node": {
        "label": "50",
        "type": "Literal"
      },
      "location-after-char-start": 3848,
      "location-after-char-end": 3849,
      "node-str": "50"
    },
    {
      "type": "insert-node",
      "node": {
        "label": "sleep",
        "type": "Invocation"
      },
      "location-after-char-start": 3871,
      "location-after-char-end": 3887,
      "node-str": "sleep"
    },
    {
      "type": "insert-node",
      "node": {
        "label": "",
        "type": "Catch"
      },
      "location-after-char-start": 3890,
      "location-after-char-end": 3921,
      "node-str": ""
    },
    {
      "type": "insert-node",
      "node": {
        "label": "org.eclipse.ui.dialogs.ResourceListSelectionDialog$UpdateThread",
        "type": "TypeAccess"
      },
      "location-after-char-start": 0,
      "location-after-char-end": 0,
      "node-str": "org.eclipse.ui.dialogs.ResourceListSelectionDialog$UpdateThread"
    },
    {
      "type": "insert-node",
      "node": {
        "label": "resourceNames",
        "type": "FieldRead"
      },
      "location-after-char-start": 3946,
      "location-after-char-end": 3958,
      "node-str": "resourceNames"
    },
    {
      "type": "insert-node",
      "node": {
        "label": "",
        "type": "ArrayWrite"
      },
      "location-after-char-start": 3981,
      "location-after-char-end": 3991,
      "node-str": ""
    },
    {
      "type": "insert-node",
      "node": {
        "label": "true",
        "type": "Literal"
      },
      "location-after-char-start": 3995,
      "location-after-char-end": 3998,
      "node-str": "true"
    },
    {
      "type": "insert-node",
      "node": {
        "label": "display",
        "type": "VariableRead"
      },
      "location-after-char-start": 4209,
      "location-after-char-end": 4215,
      "node-str": "display"
    },
    {
      "type": "insert-node",
      "node": {
        "label": "org.eclipse.ui.dialogs.ResourceListSelectionDialog$UpdateThread$3()",
        "type": "NewClass"
      },
      "location-after-char-start": 4226,
      "location-after-char-end": 4417,
      "node-str": "org.eclipse.ui.dialogs.ResourceListSelectionDialog$UpdateThread$3()"
    },
    {
      "type": "insert-node",
      "node": {
        "label": "org.eclipse.ui.dialogs.ResourceListSelectionDialog",
        "type": "TypeAccess"
      },
      "location-after-char-start": 0,
      "location-after-char-end": 0,
      "node-str": "org.eclipse.ui.dialogs.ResourceListSelectionDialog"
    },
    {
      "type": "insert-node",
      "node": {
        "label": "org.eclipse.ui.dialogs.ResourceListSelectionDialog",
        "type": "TypeAccess"
      },
      "location-after-char-start": 0,
      "location-after-char-end": 0,
      "node-str": "org.eclipse.ui.dialogs.ResourceListSelectionDialog"
    },
    {
      "type": "insert-node",
      "node": {
        "label": "java.lang.Thread",
        "type": "TypeAccess"
      },
      "location-after-char-start": 3871,
      "location-after-char-end": 3876,
      "node-str": "java.lang.Thread"
    },
    {
      "type": "insert-node",
      "node": {
        "label": "10",
        "type": "Literal"
      },
      "location-after-char-start": 3884,
      "location-after-char-end": 3885,
      "node-str": "10"
    },
    {
      "type": "insert-node",
      "node": {
        "label": "e",
        "type": "CatchVariable"
      },
      "location-after-char-start": 3897,
      "location-after-char-end": 3918,
      "node-str": "e"
    },
    {
      "type": "insert-node",
      "node": {
        "label": "org.eclipse.ui.dialogs.ResourceListSelectionDialog",
        "type": "TypeAccess"
      },
      "location-after-char-start": 0,
      "location-after-char-end": 0,
      "node-str": "org.eclipse.ui.dialogs.ResourceListSelectionDialog"
    },
    {
      "type": "insert-node",
      "node": {
        "label": "disposed",
        "type": "VariableRead"
      },
      "location-after-char-start": 3981,
      "location-after-char-end": 3988,
      "node-str": "disposed"
    },
    {
      "type": "insert-node",
      "node": {
        "label": "0",
        "type": "Literal"
      },
      "location-after-char-start": 3990,
      "location-after-char-end": 3990,
      "node-str": "0"
    },
    {
      "type": "insert-node",
      "node": {
        "label": "3",
        "type": "Class"
      },
      "location-after-char-start": 4241,
      "location-after-char-end": 4417,
      "node-str": "3"
    },
    {
      "type": "insert-node",
      "node": {
        "label": "java.lang.InterruptedException",
        "type": "VARIABLE_TYPE"
      },
      "location-after-char-start": 0,
      "location-after-char-end": 0,
      "node-str": "java.lang.InterruptedException"
    },
    {
      "type": "insert-node",
      "node": {
        "label": "run",
        "type": "Method"
      },
      "location-after-char-start": 4250,
      "location-after-char-end": 4409,
      "node-str": "run"
    },
    {
      "type": "insert-node",
      "node": {
        "label": "void",
        "type": "RETURN_TYPE"
      },
      "location-after-char-start": 0,
      "location-after-char-end": 0,
      "node-str": "void"
    },
    {
      "type": "insert-node",
      "node": {
        "label": "public",
        "type": "Modifier"
      },
      "location-after-char-start": 0,
      "location-after-char-end": 0,
      "node-str": "public"
    },
    {
      "type": "insert-node",
      "node": {
        "label": "if",
        "type": "If"
      },
      "location-after-char-start": 4278,
      "location-after-char-end": 4323,
      "node-str": "if"
    },
    {
      "type": "insert-node",
      "node": {
        "label": "updateItem",
        "type": "Invocation"
      },
      "location-after-char-start": 4333,
      "location-after-char-end": 4376,
      "node-str": "updateItem"
    },
    {
      "type": "insert-node",
      "node": {
        "label": "POSTINC",
        "type": "UnaryOperator"
      },
      "location-after-char-start": 4386,
      "location-after-char-end": 4400,
      "node-str": "POSTINC"
    },
    {
      "type": "insert-node",
      "node": {
        "label": "OR",
        "type": "BinaryOperator"
      },
      "location-after-char-start": 4281,
      "location-after-char-end": 4314,
      "node-str": "OR"
    },
    {
      "type": "insert-node",
      "node": {
        "label": "THEN",
        "type": "then"
      },
      "location-after-char-start": 4317,
      "location-after-char-end": 4323,
      "node-str": "THEN"
    },
    {
      "type": "insert-node",
      "node": {
        "label": "org.eclipse.ui.dialogs.ResourceListSelectionDialog$UpdateThread$3",
        "type": "TypeAccess"
      },
      "location-after-char-start": 0,
      "location-after-char-end": 0,
      "node-str": "org.eclipse.ui.dialogs.ResourceListSelectionDialog$UpdateThread$3"
    },
    {
      "type": "insert-node",
      "node": {
        "label": "index",
        "type": "VariableRead"
      },
      "location-after-char-start": 4344,
      "location-after-char-end": 4348,
      "node-str": "index"
    },
    {
      "type": "insert-node",
      "node": {
        "label": "",
        "type": "ArrayRead"
      },
      "location-after-char-start": 4350,
      "location-after-char-end": 4361,
      "node-str": ""
    },
    {
      "type": "insert-node",
      "node": {
        "label": "",
        "type": "ArrayRead"
      },
      "location-after-char-start": 4363,
      "location-after-char-end": 4374,
      "node-str": ""
    },
    {
      "type": "insert-node",
      "node": {
        "label": "",
        "type": "ArrayWrite"
      },
      "location-after-char-start": 4386,
      "location-after-char-end": 4397,
      "node-str": ""
    },
    {
      "type": "insert-node",
      "node": {
        "label": "stop",
        "type": "FieldRead"
      },
      "location-after-char-start": 4281,
      "location-after-char-end": 4284,
      "node-str": "stop"
    },
    {
      "type": "insert-node",
      "node": {
        "label": "isDisposed",
        "type": "Invocation"
      },
      "location-after-char-start": 4289,
      "location-after-char-end": 4314,
      "node-str": "isDisposed"
    },
    {
      "type": "insert-node",
      "node": {
        "label": "return",
        "type": "Return"
      },
      "location-after-char-start": 4317,
      "location-after-char-end": 4323,
      "node-str": "return"
    },
    {
      "type": "insert-node",
      "node": {
        "label": "itemIndex",
        "type": "VariableRead"
      },
      "location-after-char-start": 4350,
      "location-after-char-end": 4358,
      "node-str": "itemIndex"
    },
    {
      "type": "insert-node",
      "node": {
        "label": "0",
        "type": "Literal"
      },
      "location-after-char-start": 4360,
      "location-after-char-end": 4360,
      "node-str": "0"
    },
    {
      "type": "insert-node",
      "node": {
        "label": "itemCount",
        "type": "VariableRead"
      },
      "location-after-char-start": 4363,
      "location-after-char-end": 4371,
      "node-str": "itemCount"
    },
    {
      "type": "insert-node",
      "node": {
        "label": "0",
        "type": "Literal"
      },
      "location-after-char-start": 4373,
      "location-after-char-end": 4373,
      "node-str": "0"
    },
    {
      "type": "insert-node",
      "node": {
        "label": "itemIndex",
        "type": "VariableRead"
      },
      "location-after-char-start": 4386,
      "location-after-char-end": 4394,
      "node-str": "itemIndex"
    },
    {
      "type": "insert-node",
      "node": {
        "label": "0",
        "type": "Literal"
      },
      "location-after-char-start": 4396,
      "location-after-char-end": 4396,
      "node-str": "0"
    },
    {
      "type": "insert-node",
      "node": {
        "label": "org.eclipse.ui.dialogs.ResourceListSelectionDialog$UpdateThread",
        "type": "TypeAccess"
      },
      "location-after-char-start": 0,
      "location-after-char-end": 0,
      "node-str": "org.eclipse.ui.dialogs.ResourceListSelectionDialog$UpdateThread"
    },
    {
      "type": "insert-node",
      "node": {
        "label": "resourceNames",
        "type": "FieldRead"
      },
      "location-after-char-start": 4289,
      "location-after-char-end": 4301,
      "node-str": "resourceNames"
    },
    {
      "type": "insert-node",
      "node": {
        "label": "org.eclipse.ui.dialogs.ResourceListSelectionDialog",
        "type": "TypeAccess"
      },
      "location-after-char-start": 0,
      "location-after-char-end": 0,
      "node-str": "org.eclipse.ui.dialogs.ResourceListSelectionDialog"
    },
    {
      "type": "delete-node",
      "node": {
        "label": "int",
        "type": "VARIABLE_TYPE"
      },
      "location-before-char-start": 0,
      "location-before-char-end": 0,
      "node-str": "int"
    },
    {
      "type": "delete-node",
      "node": {
        "label": "org.eclipse.ui.dialogs.ResourceListSelectionDialog$UpdateThread",
        "type": "TypeAccess"
      },
      "location-before-char-start": 0,
      "location-before-char-end": 0,
      "node-str": "org.eclipse.ui.dialogs.ResourceListSelectionDialog$UpdateThread"
    },
    {
      "type": "delete-node",
      "node": {
        "label": "lastMatch",
        "type": "FieldRead"
      },
      "location-before-char-start": 2642,
      "location-before-char-end": 2650,
      "node-str": "lastMatch"
    },
    {
      "type": "delete-node",
      "node": {
        "label": "last",
        "type": "LocalVariable"
      },
      "location-before-char-start": 2631,
      "location-before-char-end": 2651,
      "node-str": "last"
    },
    {
      "type": "delete-node",
      "node": {
        "label": "org.eclipse.ui.dialogs.ResourceListSelectionDialog",
        "type": "TypeAccess"
      },
      "location-before-char-start": 0,
      "location-before-char-end": 0,
      "node-str": "org.eclipse.ui.dialogs.ResourceListSelectionDialog"
    },
    {
      "type": "delete-node",
      "node": {
        "label": "updateThread",
        "type": "FieldRead"
      },
      "location-before-char-start": 6339,
      "location-before-char-end": 6350,
      "node-str": "updateThread"
    },
    {
      "type": "delete-node",
      "node": {
        "label": "start",
        "type": "Invocation"
      },
      "location-before-char-start": 6339,
      "location-before-char-end": 6359,
      "node-str": "start"
    }
  ],
  "before-file": {},
  "after-file": {},
  "mapping": {}
}