{
  "tool-info": {},
  "diff": [
    {
      "type": "insert-node",
      "node": {
        "label": "ListPanel",
        "type": "Class"
      },
      "location-after-char-start": 1392,
      "location-after-char-end": 4878,
      "node-str": "ListPanel"
    },
    {
      "type": "insert-node",
      "node": {
        "label": "public",
        "type": "Modifier"
      },
      "location-after-char-start": 0,
      "location-after-char-end": 0,
      "node-str": "public"
    },
    {
      "type": "insert-node",
      "node": {
        "label": "",
        "type": "TypeReference"
      },
      "location-after-char-start": 1460,
      "location-after-char-end": 1477,
      "node-str": ""
    },
    {
      "type": "insert-node",
      "node": {
        "label": "list",
        "type": "Field"
      },
      "location-after-char-start": 1516,
      "location-after-char-end": 1534,
      "node-str": "list"
    },
    {
      "type": "insert-node",
      "node": {
        "label": "label",
        "type": "Field"
      },
      "location-after-char-start": 1537,
      "location-after-char-end": 1557,
      "node-str": "label"
    },
    {
      "type": "insert-node",
      "node": {
        "label": "descriptionLabel",
        "type": "Field"
      },
      "location-after-char-start": 1560,
      "location-after-char-end": 1599,
      "node-str": "descriptionLabel"
    },
    {
      "type": "insert-node",
      "node": {
        "label": "importerList",
        "type": "Field"
      },
      "location-after-char-start": 1604,
      "location-after-char-end": 1633,
      "node-str": "importerList"
    },
    {
      "type": "insert-node",
      "node": {
        "label": "name",
        "type": "Field"
      },
      "location-after-char-start": 1636,
      "location-after-char-end": 1657,
      "node-str": "name"
    },
    {
      "type": "insert-node",
      "node": {
        "label": "description",
        "type": "Field"
      },
      "location-after-char-start": 1660,
      "location-after-char-end": 1688,
      "node-str": "description"
    },
    {
      "type": "move-subtree",
      "node": {
        "label": "\u003cinit\u003e",
        "type": "Constructor"
      },
      "location-before-char-start": 1367,
      "location-before-char-end": 1571,
      "location-after-char-start": 1692,
      "location-after-char-end": 1896,
      "node-str": "\u003cinit\u003e"
    },
    {
      "type": "move-subtree",
      "node": {
        "label": "\u003cinit\u003e",
        "type": "Constructor"
      },
      "location-before-char-start": 1575,
      "location-before-char-end": 1793,
      "location-after-char-start": 1900,
      "location-after-char-end": 2118,
      "node-str": "\u003cinit\u003e"
    },
    {
      "type": "move-subtree",
      "node": {
        "label": "getSelection",
        "type": "Method"
      },
      "location-before-char-start": 1797,
      "location-before-char-end": 1932,
      "location-after-char-start": 2122,
      "location-after-char-end": 2257,
      "node-str": "getSelection"
    },
    {
      "type": "move-subtree",
      "node": {
        "label": "createPanel",
        "type": "Method"
      },
      "location-before-char-start": 1936,
      "location-before-char-end": 3868,
      "location-after-char-start": 2261,
      "location-after-char-end": 4193,
      "node-str": "createPanel"
    },
    {
      "type": "insert-node",
      "node": {
        "label": "generateList",
        "type": "Method"
      },
      "location-after-char-start": 4197,
      "location-after-char-end": 4695,
      "node-str": "generateList"
    },
    {
      "type": "move-subtree",
      "node": {
        "label": "valueChanged",
        "type": "Method"
      },
      "location-before-char-start": 4374,
      "location-before-char-end": 4550,
      "location-after-char-start": 4699,
      "location-after-char-end": 4875,
      "node-str": "valueChanged"
    },
    {
      "type": "insert-node",
      "node": {
        "label": "org.columba.core.gui.util.wizard.DefaultWizardPanel",
        "type": "SUPER_TYPE"
      },
      "location-after-char-start": 0,
      "location-after-char-end": 0,
      "node-str": "org.columba.core.gui.util.wizard.DefaultWizardPanel"
    },
    {
      "type": "insert-node",
      "node": {
        "label": "javax.swing.JList",
        "type": "VARIABLE_TYPE"
      },
      "location-after-char-start": 0,
      "location-after-char-end": 0,
      "node-str": "javax.swing.JList"
    },
    {
      "type": "insert-node",
      "node": {
        "label": "javax.swing.JLabel",
        "type": "VARIABLE_TYPE"
      },
      "location-after-char-start": 0,
      "location-after-char-end": 0,
      "node-str": "javax.swing.JLabel"
    },
    {
      "type": "insert-node",
      "node": {
        "label": "org.columba.core.gui.util.MultiLineLabel",
        "type": "VARIABLE_TYPE"
      },
      "location-after-char-start": 0,
      "location-after-char-end": 0,
      "node-str": "org.columba.core.gui.util.MultiLineLabel"
    },
    {
      "type": "insert-node",
      "node": {
        "label": "java.lang.String[]",
        "type": "VARIABLE_TYPE"
      },
      "location-after-char-start": 0,
      "location-after-char-end": 0,
      "node-str": "java.lang.String[]"
    },
    {
      "type": "insert-node",
      "node": {
        "label": "java.lang.String[]",
        "type": "VARIABLE_TYPE"
      },
      "location-after-char-start": 0,
      "location-after-char-end": 0,
      "node-str": "java.lang.String[]"
    },
    {
      "type": "insert-node",
      "node": {
        "label": "java.lang.String[]",
        "type": "VARIABLE_TYPE"
      },
      "location-after-char-start": 0,
      "location-after-char-end": 0,
      "node-str": "java.lang.String[]"
    },
    {
      "type": "insert-node",
      "node": {
        "label": "javax.swing.JPanel",
        "type": "RETURN_TYPE"
      },
      "location-after-char-start": 0,
      "location-after-char-end": 0,
      "node-str": "javax.swing.JPanel"
    },
    {
      "type": "insert-node",
      "node": {
        "label": "protected",
        "type": "Modifier"
      },
      "location-after-char-start": 0,
      "location-after-char-end": 0,
      "node-str": "protected"
    },
    {
      "type": "insert-node",
      "node": {
        "label": "listener",
        "type": "Parameter"
      },
      "location-after-char-start": 2290,
      "location-after-char-end": 2312,
      "node-str": "listener"
    },
    {
      "type": "insert-node",
      "node": {
        "label": "label",
        "type": "LocalVariable"
      },
      "location-after-char-start": 2665,
      "location-after-char-end": 2776,
      "node-str": "label"
    },
    {
      "type": "insert-node",
      "node": {
        "label": "generateList",
        "type": "Invocation"
      },
      "location-after-char-start": 3109,
      "location-after-char-end": 3123,
      "node-str": "generateList"
    },
    {
      "type": "insert-node",
      "node": {
        "label": "\u003d",
        "type": "Assignment"
      },
      "location-after-char-start": 3567,
      "location-after-char-end": 3619,
      "node-str": "\u003d"
    },
    {
      "type": "insert-node",
      "node": {
        "label": "return",
        "type": "Return"
      },
      "location-after-char-start": 4178,
      "location-after-char-end": 4190,
      "node-str": "return"
    },
    {
      "type": "insert-node",
      "node": {
        "label": "void",
        "type": "RETURN_TYPE"
      },
      "location-after-char-start": 0,
      "location-after-char-end": 0,
      "node-str": "void"
    },
    {
      "type": "insert-node",
      "node": {
        "label": "protected",
        "type": "Modifier"
      },
      "location-after-char-start": 0,
      "location-after-char-end": 0,
      "node-str": "protected"
    },
    {
      "type": "move-subtree",
      "node": {
        "label": "\u003d",
        "type": "Assignment"
      },
      "location-before-char-start": 3907,
      "location-before-char-end": 4001,
      "location-after-char-start": 4232,
      "location-after-char-end": 4326,
      "node-str": "\u003d"
    },
    {
      "type": "move-subtree",
      "node": {
        "label": "\u003d",
        "type": "Assignment"
      },
      "location-before-char-start": 4011,
      "location-before-char-end": 4051,
      "location-after-char-start": 4336,
      "location-after-char-end": 4376,
      "node-str": "\u003d"
    },
    {
      "type": "move-subtree",
      "node": {
        "label": "\u003d",
        "type": "Assignment"
      },
      "location-before-char-start": 4055,
      "location-before-char-end": 4102,
      "location-after-char-start": 4380,
      "location-after-char-end": 4427,
      "node-str": "\u003d"
    },
    {
      "type": "insert-node",
      "node": {
        "label": "",
        "type": "For"
      },
      "location-after-char-start": 4434,
      "location-after-char-end": 4686,
      "node-str": ""
    },
    {
      "type": "insert-node",
      "node": {
        "label": "java.awt.event.ActionListener",
        "type": "VARIABLE_TYPE"
      },
      "location-after-char-start": 0,
      "location-after-char-end": 0,
      "node-str": "java.awt.event.ActionListener"
    },
    {
      "type": "insert-node",
      "node": {
        "label": "org.columba.core.gui.util.MultiLineLabel",
        "type": "VARIABLE_TYPE"
      },
      "location-after-char-start": 0,
      "location-after-char-end": 0,
      "node-str": "org.columba.core.gui.util.MultiLineLabel"
    },
    {
      "type": "insert-node",
      "node": {
        "label": "org.columba.core.gui.util.MultiLineLabel(java.lang.String)",
        "type": "ConstructorCall"
      },
      "location-after-char-start": 2691,
      "location-after-char-end": 2775,
      "node-str": "org.columba.core.gui.util.MultiLineLabel(java.lang.String)"
    },
    {
      "type": "insert-node",
      "node": {
        "label": "org.columba.mail.gui.config.mailboximport.ListPanel",
        "type": "TypeAccess"
      },
      "location-after-char-start": 0,
      "location-after-char-end": 0,
      "node-str": "org.columba.mail.gui.config.mailboximport.ListPanel"
    },
    {
      "type": "insert-node",
      "node": {
        "label": "descriptionLabel",
        "type": "FieldWrite"
      },
      "location-after-char-start": 3567,
      "location-after-char-end": 3582,
      "node-str": "descriptionLabel"
    },
    {
      "type": "insert-node",
      "node": {
        "label": "org.columba.core.gui.util.MultiLineLabel(java.lang.String)",
        "type": "ConstructorCall"
      },
      "location-after-char-start": 3586,
      "location-after-char-end": 3618,
      "node-str": "org.columba.core.gui.util.MultiLineLabel(java.lang.String)"
    },
    {
      "type": "insert-node",
      "node": {
        "label": "panel",
        "type": "VariableRead"
      },
      "location-after-char-start": 4185,
      "location-after-char-end": 4189,
      "node-str": "panel"
    },
    {
      "type": "move-subtree",
      "node": {
        "label": "i",
        "type": "LocalVariable"
      },
      "location-before-char-start": 4115,
      "location-before-char-end": 4121,
      "location-after-char-start": 4440,
      "location-after-char-end": 4446,
      "node-str": "i"
    },
    {
      "type": "move-subtree",
      "node": {
        "label": "LT",
        "type": "BinaryOperator"
      },
      "location-before-char-start": 4124,
      "location-before-char-end": 4144,
      "location-after-char-start": 4449,
      "location-after-char-end": 4469,
      "node-str": "LT"
    },
    {
      "type": "insert-node",
      "node": {
        "label": "POSTINC",
        "type": "UnaryOperator"
      },
      "location-after-char-start": 4472,
      "location-after-char-end": 4474,
      "node-str": "POSTINC"
    },
    {
      "type": "insert-node",
      "node": {
        "label": "\u003d",
        "type": "Assignment"
      },
      "location-after-char-start": 4485,
      "location-after-char-end": 4574,
      "node-str": "\u003d"
    },
    {
      "type": "insert-node",
      "node": {
        "label": "\u003d",
        "type": "Assignment"
      },
      "location-after-char-start": 4579,
      "location-after-char-end": 4682,
      "node-str": "\u003d"
    },
    {
      "type": "insert-node",
      "node": {
        "label": "\"Please choose the mailbox format you want to import to Columba.\"",
        "type": "Literal"
      },
      "location-after-char-start": 2710,
      "location-after-char-end": 2774,
      "node-str": "\"Please choose the mailbox format you want to import to Columba.\""
    },
    {
      "type": "insert-node",
      "node": {
        "label": "org.columba.mail.gui.config.mailboximport.ListPanel",
        "type": "TypeAccess"
      },
      "location-after-char-start": 0,
      "location-after-char-end": 0,
      "node-str": "org.columba.mail.gui.config.mailboximport.ListPanel"
    },
    {
      "type": "insert-node",
      "node": {
        "label": "\"description\"",
        "type": "Literal"
      },
      "location-after-char-start": 3605,
      "location-after-char-end": 3617,
      "node-str": "\"description\""
    },
    {
      "type": "insert-node",
      "node": {
        "label": "i",
        "type": "VariableWrite"
      },
      "location-after-char-start": 4472,
      "location-after-char-end": 4472,
      "node-str": "i"
    },
    {
      "type": "move-subtree",
      "node": {
        "label": "",
        "type": "ArrayWrite"
      },
      "location-before-char-start": 4160,
      "location-before-char-end": 4166,
      "location-after-char-start": 4485,
      "location-after-char-end": 4491,
      "node-str": ""
    },
    {
      "type": "insert-node",
      "node": {
        "label": "getString",
        "type": "Invocation"
      },
      "location-after-char-start": 4495,
      "location-after-char-end": 4573,
      "node-str": "getString"
    },
    {
      "type": "move-subtree",
      "node": {
        "label": "",
        "type": "ArrayWrite"
      },
      "location-before-char-start": 4254,
      "location-before-char-end": 4267,
      "location-after-char-start": 4579,
      "location-after-char-end": 4592,
      "node-str": ""
    },
    {
      "type": "insert-node",
      "node": {
        "label": "getString",
        "type": "Invocation"
      },
      "location-after-char-start": 4596,
      "location-after-char-end": 4681,
      "node-str": "getString"
    },
    {
      "type": "insert-node",
      "node": {
        "label": "org.columba.mail.util.MailResourceLoader",
        "type": "TypeAccess"
      },
      "location-after-char-start": 4495,
      "location-after-char-end": 4512,
      "node-str": "org.columba.mail.util.MailResourceLoader"
    },
    {
      "type": "insert-node",
      "node": {
        "label": "\"dialog\"",
        "type": "Literal"
      },
      "location-after-char-start": 4524,
      "location-after-char-end": 4531,
      "node-str": "\"dialog\""
    },
    {
      "type": "insert-node",
      "node": {
        "label": "\"mailboximport\"",
        "type": "Literal"
      },
      "location-after-char-start": 4534,
      "location-after-char-end": 4548,
      "node-str": "\"mailboximport\""
    },
    {
      "type": "move-subtree",
      "node": {
        "label": "PLUS",
        "type": "BinaryOperator"
      },
      "location-before-char-start": 4225,
      "location-before-char-end": 4247,
      "location-after-char-start": 4550,
      "location-after-char-end": 4572,
      "node-str": "PLUS"
    },
    {
      "type": "insert-node",
      "node": {
        "label": "org.columba.mail.util.MailResourceLoader",
        "type": "TypeAccess"
      },
      "location-after-char-start": 4596,
      "location-after-char-end": 4613,
      "node-str": "org.columba.mail.util.MailResourceLoader"
    },
    {
      "type": "insert-node",
      "node": {
        "label": "\"dialog\"",
        "type": "Literal"
      },
      "location-after-char-start": 4625,
      "location-after-char-end": 4632,
      "node-str": "\"dialog\""
    },
    {
      "type": "insert-node",
      "node": {
        "label": "\"mailboximport\"",
        "type": "Literal"
      },
      "location-after-char-start": 4634,
      "location-after-char-end": 4648,
      "node-str": "\"mailboximport\""
    },
    {
      "type": "move-subtree",
      "node": {
        "label": "PLUS",
        "type": "BinaryOperator"
      },
      "location-before-char-start": 4326,
      "location-before-char-end": 4355,
      "location-after-char-start": 4651,
      "location-after-char-end": 4680,
      "node-str": "PLUS"
    },
    {
      "type": "delete-node",
      "node": {
        "label": "javax.swing.JPanel",
        "type": "RETURN_TYPE"
      },
      "location-before-char-start": 0,
      "location-before-char-end": 0,
      "node-str": "javax.swing.JPanel"
    },
    {
      "type": "delete-node",
      "node": {
        "label": "protected",
        "type": "Modifier"
      },
      "location-before-char-start": 0,
      "location-before-char-end": 0,
      "node-str": "protected"
    },
    {
      "type": "delete-node",
      "node": {
        "label": "java.awt.event.ActionListener",
        "type": "VARIABLE_TYPE"
      },
      "location-before-char-start": 0,
      "location-before-char-end": 0,
      "node-str": "java.awt.event.ActionListener"
    },
    {
      "type": "delete-node",
      "node": {
        "label": "listener",
        "type": "Parameter"
      },
      "location-before-char-start": 1965,
      "location-before-char-end": 1987,
      "node-str": "listener"
    },
    {
      "type": "delete-node",
      "node": {
        "label": "MultiLineLabel",
        "type": "VARIABLE_TYPE"
      },
      "location-before-char-start": 0,
      "location-before-char-end": 0,
      "node-str": "MultiLineLabel"
    },
    {
      "type": "delete-node",
      "node": {
        "label": "\"Please choose the mailbox format you want to import to Columba.\"",
        "type": "Literal"
      },
      "location-before-char-start": 2385,
      "location-before-char-end": 2449,
      "node-str": "\"Please choose the mailbox format you want to import to Columba.\""
    },
    {
      "type": "delete-node",
      "node": {
        "label": "MultiLineLabel(java.lang.String)",
        "type": "ConstructorCall"
      },
      "location-before-char-start": 2366,
      "location-before-char-end": 2450,
      "node-str": "MultiLineLabel(java.lang.String)"
    },
    {
      "type": "delete-node",
      "node": {
        "label": "label",
        "type": "LocalVariable"
      },
      "location-before-char-start": 2340,
      "location-before-char-end": 2451,
      "node-str": "label"
    },
    {
      "type": "delete-node",
      "node": {
        "label": "org.columba.mail.gui.config.mailboximport.ListPanel",
        "type": "TypeAccess"
      },
      "location-before-char-start": 0,
      "location-before-char-end": 0,
      "node-str": "org.columba.mail.gui.config.mailboximport.ListPanel"
    },
    {
      "type": "delete-node",
      "node": {
        "label": "generateList",
        "type": "Invocation"
      },
      "location-before-char-start": 2784,
      "location-before-char-end": 2798,
      "node-str": "generateList"
    },
    {
      "type": "delete-node",
      "node": {
        "label": "org.columba.mail.gui.config.mailboximport.ListPanel",
        "type": "TypeAccess"
      },
      "location-before-char-start": 0,
      "location-before-char-end": 0,
      "node-str": "org.columba.mail.gui.config.mailboximport.ListPanel"
    },
    {
      "type": "delete-node",
      "node": {
        "label": "descriptionLabel",
        "type": "FieldWrite"
      },
      "location-before-char-start": 3242,
      "location-before-char-end": 3257,
      "node-str": "descriptionLabel"
    },
    {
      "type": "delete-node",
      "node": {
        "label": "\"description\"",
        "type": "Literal"
      },
      "location-before-char-start": 3280,
      "location-before-char-end": 3292,
      "node-str": "\"description\""
    },
    {
      "type": "delete-node",
      "node": {
        "label": "MultiLineLabel(java.lang.String)",
        "type": "ConstructorCall"
      },
      "location-before-char-start": 3261,
      "location-before-char-end": 3293,
      "node-str": "MultiLineLabel(java.lang.String)"
    },
    {
      "type": "delete-node",
      "node": {
        "label": "\u003d",
        "type": "Assignment"
      },
      "location-before-char-start": 3242,
      "location-before-char-end": 3294,
      "node-str": "\u003d"
    },
    {
      "type": "delete-node",
      "node": {
        "label": "panel",
        "type": "VariableRead"
      },
      "location-before-char-start": 3860,
      "location-before-char-end": 3864,
      "node-str": "panel"
    },
    {
      "type": "delete-node",
      "node": {
        "label": "return",
        "type": "Return"
      },
      "location-before-char-start": 3853,
      "location-before-char-end": 3865,
      "node-str": "return"
    },
    {
      "type": "delete-node",
      "node": {
        "label": "public",
        "type": "Modifier"
      },
      "location-before-char-start": 0,
      "location-before-char-end": 0,
      "node-str": "public"
    },
    {
      "type": "delete-node",
      "node": {
        "label": "DefaultWizardPanel",
        "type": "SUPER_TYPE"
      },
      "location-before-char-start": 0,
      "location-before-char-end": 0,
      "node-str": "DefaultWizardPanel"
    },
    {
      "type": "delete-node",
      "node": {
        "label": "",
        "type": "TypeReference"
      },
      "location-before-char-start": 1135,
      "location-before-char-end": 1152,
      "node-str": ""
    },
    {
      "type": "delete-node",
      "node": {
        "label": "javax.swing.JList",
        "type": "VARIABLE_TYPE"
      },
      "location-before-char-start": 0,
      "location-before-char-end": 0,
      "node-str": "javax.swing.JList"
    },
    {
      "type": "delete-node",
      "node": {
        "label": "list",
        "type": "Field"
      },
      "location-before-char-start": 1191,
      "location-before-char-end": 1209,
      "node-str": "list"
    },
    {
      "type": "delete-node",
      "node": {
        "label": "javax.swing.JLabel",
        "type": "VARIABLE_TYPE"
      },
      "location-before-char-start": 0,
      "location-before-char-end": 0,
      "node-str": "javax.swing.JLabel"
    },
    {
      "type": "delete-node",
      "node": {
        "label": "label",
        "type": "Field"
      },
      "location-before-char-start": 1212,
      "location-before-char-end": 1232,
      "node-str": "label"
    },
    {
      "type": "delete-node",
      "node": {
        "label": "org.columba.mail.gui.config.mailboximport.MultiLineLabel",
        "type": "VARIABLE_TYPE"
      },
      "location-before-char-start": 0,
      "location-before-char-end": 0,
      "node-str": "org.columba.mail.gui.config.mailboximport.MultiLineLabel"
    },
    {
      "type": "delete-node",
      "node": {
        "label": "descriptionLabel",
        "type": "Field"
      },
      "location-before-char-start": 1235,
      "location-before-char-end": 1274,
      "node-str": "descriptionLabel"
    },
    {
      "type": "delete-node",
      "node": {
        "label": "java.lang.String[]",
        "type": "VARIABLE_TYPE"
      },
      "location-before-char-start": 0,
      "location-before-char-end": 0,
      "node-str": "java.lang.String[]"
    },
    {
      "type": "delete-node",
      "node": {
        "label": "importerList",
        "type": "Field"
      },
      "location-before-char-start": 1279,
      "location-before-char-end": 1308,
      "node-str": "importerList"
    },
    {
      "type": "delete-node",
      "node": {
        "label": "java.lang.String[]",
        "type": "VARIABLE_TYPE"
      },
      "location-before-char-start": 0,
      "location-before-char-end": 0,
      "node-str": "java.lang.String[]"
    },
    {
      "type": "delete-node",
      "node": {
        "label": "name",
        "type": "Field"
      },
      "location-before-char-start": 1311,
      "location-before-char-end": 1332,
      "node-str": "name"
    },
    {
      "type": "delete-node",
      "node": {
        "label": "java.lang.String[]",
        "type": "VARIABLE_TYPE"
      },
      "location-before-char-start": 0,
      "location-before-char-end": 0,
      "node-str": "java.lang.String[]"
    },
    {
      "type": "delete-node",
      "node": {
        "label": "description",
        "type": "Field"
      },
      "location-before-char-start": 1335,
      "location-before-char-end": 1363,
      "node-str": "description"
    },
    {
      "type": "delete-node",
      "node": {
        "label": "void",
        "type": "RETURN_TYPE"
      },
      "location-before-char-start": 0,
      "location-before-char-end": 0,
      "node-str": "void"
    },
    {
      "type": "delete-node",
      "node": {
        "label": "protected",
        "type": "Modifier"
      },
      "location-before-char-start": 0,
      "location-before-char-end": 0,
      "node-str": "protected"
    },
    {
      "type": "delete-node",
      "node": {
        "label": "i",
        "type": "VariableWrite"
      },
      "location-before-char-start": 4147,
      "location-before-char-end": 4147,
      "node-str": "i"
    },
    {
      "type": "delete-node",
      "node": {
        "label": "POSTINC",
        "type": "UnaryOperator"
      },
      "location-before-char-start": 4147,
      "location-before-char-end": 4149,
      "node-str": "POSTINC"
    },
    {
      "type": "delete-node",
      "node": {
        "label": "MailResourceLoader",
        "type": "TypeAccess"
      },
      "location-before-char-start": 4170,
      "location-before-char-end": 4187,
      "node-str": "MailResourceLoader"
    },
    {
      "type": "delete-node",
      "node": {
        "label": "\"dialog\"",
        "type": "Literal"
      },
      "location-before-char-start": 4199,
      "location-before-char-end": 4206,
      "node-str": "\"dialog\""
    },
    {
      "type": "delete-node",
      "node": {
        "label": "\"mailboximport\"",
        "type": "Literal"
      },
      "location-before-char-start": 4209,
      "location-before-char-end": 4223,
      "node-str": "\"mailboximport\""
    },
    {
      "type": "delete-node",
      "node": {
        "label": "getString",
        "type": "Invocation"
      },
      "location-before-char-start": 4170,
      "location-before-char-end": 4248,
      "node-str": "getString"
    },
    {
      "type": "delete-node",
      "node": {
        "label": "\u003d",
        "type": "Assignment"
      },
      "location-before-char-start": 4160,
      "location-before-char-end": 4249,
      "node-str": "\u003d"
    },
    {
      "type": "delete-node",
      "node": {
        "label": "MailResourceLoader",
        "type": "TypeAccess"
      },
      "location-before-char-start": 4271,
      "location-before-char-end": 4288,
      "node-str": "MailResourceLoader"
    },
    {
      "type": "delete-node",
      "node": {
        "label": "\"dialog\"",
        "type": "Literal"
      },
      "location-before-char-start": 4300,
      "location-before-char-end": 4307,
      "node-str": "\"dialog\""
    },
    {
      "type": "delete-node",
      "node": {
        "label": "\"mailboximport\"",
        "type": "Literal"
      },
      "location-before-char-start": 4309,
      "location-before-char-end": 4323,
      "node-str": "\"mailboximport\""
    },
    {
      "type": "delete-node",
      "node": {
        "label": "getString",
        "type": "Invocation"
      },
      "location-before-char-start": 4271,
      "location-before-char-end": 4356,
      "node-str": "getString"
    },
    {
      "type": "delete-node",
      "node": {
        "label": "\u003d",
        "type": "Assignment"
      },
      "location-before-char-start": 4254,
      "location-before-char-end": 4357,
      "node-str": "\u003d"
    },
    {
      "type": "delete-node",
      "node": {
        "label": "",
        "type": "For"
      },
      "location-before-char-start": 4109,
      "location-before-char-end": 4361,
      "node-str": ""
    },
    {
      "type": "delete-node",
      "node": {
        "label": "generateList",
        "type": "Method"
      },
      "location-before-char-start": 3872,
      "location-before-char-end": 4370,
      "node-str": "generateList"
    },
    {
      "type": "delete-node",
      "node": {
        "label": "ListPanel",
        "type": "Class"
      },
      "location-before-char-start": 1067,
      "location-before-char-end": 4553,
      "node-str": "ListPanel"
    }
  ],
  "before-file": {},
  "after-file": {},
  "mapping": {}
}