{
  "tool-info": {},
  "diff": [
    {
      "type": "insert-node",
      "node": {
        "label": "EnablementDialog",
        "type": "Class"
      },
      "location-after-char-start": 1761,
      "location-after-char-end": 11398,
      "node-str": "EnablementDialog"
    },
    {
      "type": "insert-node",
      "node": {
        "label": "public",
        "type": "Modifier"
      },
      "location-after-char-start": 0,
      "location-after-char-end": 0,
      "node-str": "public"
    },
    {
      "type": "move-subtree",
      "node": {
        "label": "",
        "type": "TypeReference"
      },
      "location-before-char-start": 1924,
      "location-before-char-end": 1929,
      "location-after-char-start": 1924,
      "location-after-char-end": 1929,
      "node-str": ""
    },
    {
      "type": "move-subtree",
      "node": {
        "label": "RESOURCE_BUNDLE",
        "type": "Field"
      },
      "location-before-char-start": 1935,
      "location-before-char-end": 2130,
      "location-after-char-start": 1935,
      "location-after-char-end": 2130,
      "node-str": "RESOURCE_BUNDLE"
    },
    {
      "type": "move-subtree",
      "node": {
        "label": "dontAskButton",
        "type": "Field"
      },
      "location-before-char-start": 2137,
      "location-before-char-end": 2165,
      "location-after-char-start": 2137,
      "location-after-char-end": 2165,
      "node-str": "dontAskButton"
    },
    {
      "type": "move-subtree",
      "node": {
        "label": "activitiesToEnable",
        "type": "Field"
      },
      "location-before-char-start": 2176,
      "location-before-char-end": 2230,
      "location-after-char-start": 2176,
      "location-after-char-end": 2230,
      "node-str": "activitiesToEnable"
    },
    {
      "type": "move-subtree",
      "node": {
        "label": "activityIds",
        "type": "Field"
      },
      "location-before-char-start": 2237,
      "location-before-char-end": 2267,
      "location-after-char-start": 2237,
      "location-after-char-end": 2267,
      "node-str": "activityIds"
    },
    {
      "type": "move-subtree",
      "node": {
        "label": "dontAsk",
        "type": "Field"
      },
      "location-before-char-start": 2274,
      "location-before-char-end": 2297,
      "location-after-char-start": 2274,
      "location-after-char-end": 2297,
      "node-str": "dontAsk"
    },
    {
      "type": "move-subtree",
      "node": {
        "label": "detailsButton",
        "type": "Field"
      },
      "location-before-char-start": 2304,
      "location-before-char-end": 2332,
      "location-after-char-start": 2304,
      "location-after-char-end": 2332,
      "node-str": "detailsButton"
    },
    {
      "type": "move-subtree",
      "node": {
        "label": "showDetails",
        "type": "Field"
      },
      "location-before-char-start": 2343,
      "location-before-char-end": 2370,
      "location-after-char-start": 2343,
      "location-after-char-end": 2370,
      "node-str": "showDetails"
    },
    {
      "type": "move-subtree",
      "node": {
        "label": "detailsComposite",
        "type": "Field"
      },
      "location-before-char-start": 2377,
      "location-before-char-end": 2411,
      "location-after-char-start": 2377,
      "location-after-char-end": 2411,
      "node-str": "detailsComposite"
    },
    {
      "type": "move-subtree",
      "node": {
        "label": "detailsLabel",
        "type": "Field"
      },
      "location-before-char-start": 2418,
      "location-before-char-end": 2444,
      "location-after-char-start": 2418,
      "location-after-char-end": 2444,
      "node-str": "detailsLabel"
    },
    {
      "type": "move-subtree",
      "node": {
        "label": "selectedActivity",
        "type": "Field"
      },
      "location-before-char-start": 2455,
      "location-before-char-end": 2486,
      "location-after-char-start": 2455,
      "location-after-char-end": 2486,
      "node-str": "selectedActivity"
    },
    {
      "type": "move-subtree",
      "node": {
        "label": "detailsText",
        "type": "Field"
      },
      "location-before-char-start": 2493,
      "location-before-char-end": 2517,
      "location-after-char-start": 2493,
      "location-after-char-end": 2517,
      "node-str": "detailsText"
    },
    {
      "type": "move-subtree",
      "node": {
        "label": "\u003cinit\u003e",
        "type": "Constructor"
      },
      "location-before-char-start": 2528,
      "location-before-char-end": 2833,
      "location-after-char-start": 2528,
      "location-after-char-end": 2833,
      "node-str": "\u003cinit\u003e"
    },
    {
      "type": "move-subtree",
      "node": {
        "label": "createDialogArea",
        "type": "Method"
      },
      "location-before-char-start": 2844,
      "location-before-char-end": 7533,
      "location-after-char-start": 2844,
      "location-after-char-end": 7533,
      "node-str": "createDialogArea"
    },
    {
      "type": "move-subtree",
      "node": {
        "label": "setDetails",
        "type": "Method"
      },
      "location-before-char-start": 7544,
      "location-before-char-end": 8580,
      "location-after-char-start": 7544,
      "location-after-char-end": 8580,
      "node-str": "setDetails"
    },
    {
      "type": "insert-node",
      "node": {
        "label": "setDetailHints",
        "type": "Method"
      },
      "location-after-char-start": 8587,
      "location-after-char-end": 9089,
      "node-str": "setDetailHints"
    },
    {
      "type": "move-subtree",
      "node": {
        "label": "setDetailButtonLabel",
        "type": "Method"
      },
      "location-before-char-start": 8977,
      "location-before-char-end": 9369,
      "location-after-char-start": 9096,
      "location-after-char-end": 9488,
      "node-str": "setDetailButtonLabel"
    },
    {
      "type": "move-subtree",
      "node": {
        "label": "configureShell",
        "type": "Method"
      },
      "location-before-char-start": 9376,
      "location-before-char-end": 9663,
      "location-after-char-start": 9495,
      "location-after-char-end": 9782,
      "node-str": "configureShell"
    },
    {
      "type": "move-subtree",
      "node": {
        "label": "getDontAsk",
        "type": "Method"
      },
      "location-before-char-start": 9674,
      "location-before-char-end": 9879,
      "location-after-char-start": 9793,
      "location-after-char-end": 9998,
      "node-str": "getDontAsk"
    },
    {
      "type": "move-subtree",
      "node": {
        "label": "getActivitiesToEnable",
        "type": "Method"
      },
      "location-before-char-start": 9890,
      "location-before-char-end": 10037,
      "location-after-char-start": 10009,
      "location-after-char-end": 10156,
      "node-str": "getActivitiesToEnable"
    },
    {
      "type": "move-subtree",
      "node": {
        "label": "okPressed",
        "type": "Method"
      },
      "location-before-char-start": 10048,
      "location-before-char-end": 10242,
      "location-after-char-start": 10167,
      "location-after-char-end": 10361,
      "node-str": "okPressed"
    },
    {
      "type": "move-subtree",
      "node": {
        "label": "createButtonsForButtonBar",
        "type": "Method"
      },
      "location-before-char-start": 10253,
      "location-before-char-end": 10622,
      "location-after-char-start": 10372,
      "location-after-char-end": 10741,
      "node-str": "createButtonsForButtonBar"
    },
    {
      "type": "move-subtree",
      "node": {
        "label": "buttonPressed",
        "type": "Method"
      },
      "location-before-char-start": 10633,
      "location-before-char-end": 10925,
      "location-after-char-start": 10752,
      "location-after-char-end": 11044,
      "node-str": "buttonPressed"
    },
    {
      "type": "move-subtree",
      "node": {
        "label": "detailsPressed",
        "type": "Method"
      },
      "location-before-char-start": 10932,
      "location-before-char-end": 11277,
      "location-after-char-start": 11051,
      "location-after-char-end": 11396,
      "node-str": "detailsPressed"
    },
    {
      "type": "insert-node",
      "node": {
        "label": "void",
        "type": "RETURN_TYPE"
      },
      "location-after-char-start": 0,
      "location-after-char-end": 0,
      "node-str": "void"
    },
    {
      "type": "insert-node",
      "node": {
        "label": "protected",
        "type": "Modifier"
      },
      "location-after-char-start": 0,
      "location-after-char-end": 0,
      "node-str": "protected"
    },
    {
      "type": "move-subtree",
      "node": {
        "label": "data",
        "type": "LocalVariable"
      },
      "location-before-char-start": 8653,
      "location-before-char-end": 8712,
      "location-after-char-start": 8653,
      "location-after-char-end": 8712,
      "node-str": "data"
    },
    {
      "type": "insert-node",
      "node": {
        "label": "if",
        "type": "If"
      },
      "location-after-char-start": 8722,
      "location-after-char-end": 9075,
      "node-str": "if"
    },
    {
      "type": "move-subtree",
      "node": {
        "label": "showDetails",
        "type": "FieldRead"
      },
      "location-before-char-start": 8726,
      "location-before-char-end": 8736,
      "location-after-char-start": 8726,
      "location-after-char-end": 8736,
      "node-str": "showDetails"
    },
    {
      "type": "insert-node",
      "node": {
        "label": "THEN",
        "type": "then"
      },
      "location-after-char-start": 8739,
      "location-after-char-end": 8973,
      "node-str": "THEN"
    },
    {
      "type": "move-subtree",
      "node": {
        "label": "ELSE",
        "type": "else"
      },
      "location-before-char-start": 8869,
      "location-before-char-end": 8956,
      "location-after-char-start": 8988,
      "location-after-char-end": 9075,
      "node-str": "ELSE"
    },
    {
      "type": "insert-node",
      "node": {
        "label": "parent",
        "type": "LocalVariable"
      },
      "location-after-char-start": 8753,
      "location-after-char-end": 8800,
      "node-str": "parent"
    },
    {
      "type": "insert-node",
      "node": {
        "label": "\u003d",
        "type": "Assignment"
      },
      "location-after-char-start": 8814,
      "location-after-char-end": 8900,
      "node-str": "\u003d"
    },
    {
      "type": "move-subtree",
      "node": {
        "label": "\u003d",
        "type": "Assignment"
      },
      "location-before-char-start": 8795,
      "location-before-char-end": 8844,
      "location-after-char-start": 8914,
      "location-after-char-end": 8963,
      "node-str": "\u003d"
    },
    {
      "type": "insert-node",
      "node": {
        "label": "org.eclipse.swt.widgets.Composite",
        "type": "VARIABLE_TYPE"
      },
      "location-after-char-start": 0,
      "location-after-char-end": 0,
      "node-str": "org.eclipse.swt.widgets.Composite"
    },
    {
      "type": "insert-node",
      "node": {
        "label": "getParent",
        "type": "Invocation"
      },
      "location-after-char-start": 8772,
      "location-after-char-end": 8799,
      "node-str": "getParent"
    },
    {
      "type": "move-subtree",
      "node": {
        "label": "widthHint",
        "type": "FieldWrite"
      },
      "location-before-char-start": 8753,
      "location-before-char-end": 8766,
      "location-after-char-start": 8814,
      "location-after-char-end": 8827,
      "node-str": "widthHint"
    },
    {
      "type": "insert-node",
      "node": {
        "label": "MINUS",
        "type": "BinaryOperator"
      },
      "location-after-char-start": 8831,
      "location-after-char-end": 8899,
      "node-str": "MINUS"
    },
    {
      "type": "insert-node",
      "node": {
        "label": "detailsComposite",
        "type": "FieldRead"
      },
      "location-after-char-start": 8772,
      "location-after-char-end": 8787,
      "node-str": "detailsComposite"
    },
    {
      "type": "insert-node",
      "node": {
        "label": "x",
        "type": "FieldRead"
      },
      "location-after-char-start": 8831,
      "location-after-char-end": 8848,
      "node-str": "x"
    },
    {
      "type": "insert-node",
      "node": {
        "label": "MUL",
        "type": "BinaryOperator"
      },
      "location-after-char-start": 8852,
      "location-after-char-end": 8899,
      "node-str": "MUL"
    },
    {
      "type": "insert-node",
      "node": {
        "label": "org.eclipse.ui.internal.activities.ws.EnablementDialog",
        "type": "TypeAccess"
      },
      "location-after-char-start": 0,
      "location-after-char-end": 0,
      "node-str": "org.eclipse.ui.internal.activities.ws.EnablementDialog"
    },
    {
      "type": "insert-node",
      "node": {
        "label": "getSize",
        "type": "Invocation"
      },
      "location-after-char-start": 8831,
      "location-after-char-end": 8846,
      "node-str": "getSize"
    },
    {
      "type": "insert-node",
      "node": {
        "label": "marginWidth",
        "type": "FieldRead"
      },
      "location-after-char-start": 8852,
      "location-after-char-end": 8895,
      "node-str": "marginWidth"
    },
    {
      "type": "insert-node",
      "node": {
        "label": "2",
        "type": "Literal"
      },
      "location-after-char-start": 8899,
      "location-after-char-end": 8899,
      "node-str": "2"
    },
    {
      "type": "insert-node",
      "node": {
        "label": "parent",
        "type": "VariableRead"
      },
      "location-after-char-start": 8831,
      "location-after-char-end": 8836,
      "node-str": "parent"
    },
    {
      "type": "insert-node",
      "node": {
        "label": "getLayout",
        "type": "Invocation"
      },
      "location-after-char-start": 8852,
      "location-after-char-end": 8883,
      "node-str": "getLayout"
    },
    {
      "type": "insert-node",
      "node": {
        "label": "parent",
        "type": "VariableRead"
      },
      "location-after-char-start": 8865,
      "location-after-char-end": 8870,
      "node-str": "parent"
    },
    {
      "type": "delete-node",
      "node": {
        "label": "public",
        "type": "Modifier"
      },
      "location-before-char-start": 0,
      "location-before-char-end": 0,
      "node-str": "public"
    },
    {
      "type": "delete-node",
      "node": {
        "label": "void",
        "type": "RETURN_TYPE"
      },
      "location-before-char-start": 0,
      "location-before-char-end": 0,
      "node-str": "void"
    },
    {
      "type": "delete-node",
      "node": {
        "label": "protected",
        "type": "Modifier"
      },
      "location-before-char-start": 0,
      "location-before-char-end": 0,
      "node-str": "protected"
    },
    {
      "type": "delete-node",
      "node": {
        "label": "org.eclipse.swt.SWT",
        "type": "TypeAccess"
      },
      "location-before-char-start": 0,
      "location-before-char-end": 0,
      "node-str": "org.eclipse.swt.SWT"
    },
    {
      "type": "delete-node",
      "node": {
        "label": "DEFAULT",
        "type": "FieldRead"
      },
      "location-before-char-start": 8770,
      "location-before-char-end": 8780,
      "node-str": "DEFAULT"
    },
    {
      "type": "delete-node",
      "node": {
        "label": "\u003d",
        "type": "Assignment"
      },
      "location-before-char-start": 8753,
      "location-before-char-end": 8781,
      "node-str": "\u003d"
    },
    {
      "type": "delete-node",
      "node": {
        "label": "THEN",
        "type": "then"
      },
      "location-before-char-start": 8739,
      "location-before-char-end": 8854,
      "node-str": "THEN"
    },
    {
      "type": "delete-node",
      "node": {
        "label": "if",
        "type": "If"
      },
      "location-before-char-start": 8722,
      "location-before-char-end": 8956,
      "node-str": "if"
    },
    {
      "type": "delete-node",
      "node": {
        "label": "setDetailHints",
        "type": "Method"
      },
      "location-before-char-start": 8587,
      "location-before-char-end": 8970,
      "node-str": "setDetailHints"
    },
    {
      "type": "delete-node",
      "node": {
        "label": "EnablementDialog",
        "type": "Class"
      },
      "location-before-char-start": 1761,
      "location-before-char-end": 11279,
      "node-str": "EnablementDialog"
    }
  ],
  "before-file": {},
  "after-file": {},
  "mapping": {}
}