{
  "tool-info": {},
  "diff": [
    {
      "type": "move-subtree",
      "node": {
        "label": "clone",
        "type": "Method"
      },
      "location-before-char-start": 814,
      "location-before-char-end": 888,
      "location-after-char-start": 1330,
      "location-after-char-end": 1344,
      "node-str": "clone"
    },
    {
      "type": "insert-node",
      "node": {
        "label": "isContact",
        "type": "Method"
      },
      "location-after-char-start": 815,
      "location-after-char-end": 877,
      "node-str": "isContact"
    },
    {
      "type": "insert-node",
      "node": {
        "label": "setContact",
        "type": "Method"
      },
      "location-after-char-start": 881,
      "location-after-char-end": 977,
      "node-str": "setContact"
    },
    {
      "type": "insert-node",
      "node": {
        "label": "getDisplayName",
        "type": "Method"
      },
      "location-after-char-start": 981,
      "location-after-char-end": 1051,
      "node-str": "getDisplayName"
    },
    {
      "type": "insert-node",
      "node": {
        "label": "setDisplayName",
        "type": "Method"
      },
      "location-after-char-start": 1055,
      "location-after-char-end": 1166,
      "node-str": "setDisplayName"
    },
    {
      "type": "update-node",
      "node": {
        "label": "toString",
        "type": "Method"
      },
      "location-before-char-start": 892,
      "location-before-char-end": 972,
      "location-after-char-start": 1170,
      "location-after-char-end": 1230,
      "node-str": "getHeader"
    },
    {
      "type": "insert-node",
      "node": {
        "label": "setHeader",
        "type": "Method"
      },
      "location-after-char-start": 1234,
      "location-after-char-end": 1325,
      "node-str": "setHeader"
    },
    {
      "type": "insert-node",
      "node": {
        "label": "boolean",
        "type": "RETURN_TYPE"
      },
      "location-after-char-start": 0,
      "location-after-char-end": 0,
      "node-str": "boolean"
    },
    {
      "type": "insert-node",
      "node": {
        "label": "abstract",
        "type": "Modifier"
      },
      "location-after-char-start": 0,
      "location-after-char-end": 0,
      "node-str": "abstract"
    },
    {
      "type": "insert-node",
      "node": {
        "label": "public",
        "type": "Modifier"
      },
      "location-after-char-start": 0,
      "location-after-char-end": 0,
      "node-str": "public"
    },
    {
      "type": "insert-node",
      "node": {
        "label": "void",
        "type": "RETURN_TYPE"
      },
      "location-after-char-start": 0,
      "location-after-char-end": 0,
      "node-str": "void"
    },
    {
      "type": "insert-node",
      "node": {
        "label": "abstract",
        "type": "Modifier"
      },
      "location-after-char-start": 0,
      "location-after-char-end": 0,
      "node-str": "abstract"
    },
    {
      "type": "insert-node",
      "node": {
        "label": "public",
        "type": "Modifier"
      },
      "location-after-char-start": 0,
      "location-after-char-end": 0,
      "node-str": "public"
    },
    {
      "type": "insert-node",
      "node": {
        "label": "contact",
        "type": "Parameter"
      },
      "location-after-char-start": 961,
      "location-after-char-end": 975,
      "node-str": "contact"
    },
    {
      "type": "insert-node",
      "node": {
        "label": "java.lang.String",
        "type": "RETURN_TYPE"
      },
      "location-after-char-start": 0,
      "location-after-char-end": 0,
      "node-str": "java.lang.String"
    },
    {
      "type": "insert-node",
      "node": {
        "label": "abstract",
        "type": "Modifier"
      },
      "location-after-char-start": 0,
      "location-after-char-end": 0,
      "node-str": "abstract"
    },
    {
      "type": "insert-node",
      "node": {
        "label": "public",
        "type": "Modifier"
      },
      "location-after-char-start": 0,
      "location-after-char-end": 0,
      "node-str": "public"
    },
    {
      "type": "insert-node",
      "node": {
        "label": "void",
        "type": "RETURN_TYPE"
      },
      "location-after-char-start": 0,
      "location-after-char-end": 0,
      "node-str": "void"
    },
    {
      "type": "insert-node",
      "node": {
        "label": "abstract",
        "type": "Modifier"
      },
      "location-after-char-start": 0,
      "location-after-char-end": 0,
      "node-str": "abstract"
    },
    {
      "type": "insert-node",
      "node": {
        "label": "public",
        "type": "Modifier"
      },
      "location-after-char-start": 0,
      "location-after-char-end": 0,
      "node-str": "public"
    },
    {
      "type": "insert-node",
      "node": {
        "label": "displayName",
        "type": "Parameter"
      },
      "location-after-char-start": 1147,
      "location-after-char-end": 1164,
      "node-str": "displayName"
    },
    {
      "type": "insert-node",
      "node": {
        "label": "void",
        "type": "RETURN_TYPE"
      },
      "location-after-char-start": 0,
      "location-after-char-end": 0,
      "node-str": "void"
    },
    {
      "type": "insert-node",
      "node": {
        "label": "abstract",
        "type": "Modifier"
      },
      "location-after-char-start": 0,
      "location-after-char-end": 0,
      "node-str": "abstract"
    },
    {
      "type": "insert-node",
      "node": {
        "label": "public",
        "type": "Modifier"
      },
      "location-after-char-start": 0,
      "location-after-char-end": 0,
      "node-str": "public"
    },
    {
      "type": "insert-node",
      "node": {
        "label": "header",
        "type": "Parameter"
      },
      "location-after-char-start": 1311,
      "location-after-char-end": 1323,
      "node-str": "header"
    },
    {
      "type": "insert-node",
      "node": {
        "label": "boolean",
        "type": "VARIABLE_TYPE"
      },
      "location-after-char-start": 0,
      "location-after-char-end": 0,
      "node-str": "boolean"
    },
    {
      "type": "insert-node",
      "node": {
        "label": "java.lang.String",
        "type": "VARIABLE_TYPE"
      },
      "location-after-char-start": 0,
      "location-after-char-end": 0,
      "node-str": "java.lang.String"
    },
    {
      "type": "insert-node",
      "node": {
        "label": "java.lang.String",
        "type": "VARIABLE_TYPE"
      },
      "location-after-char-start": 0,
      "location-after-char-end": 0,
      "node-str": "java.lang.String"
    }
  ],
  "before-file": {},
  "after-file": {},
  "mapping": {}
}