{
  "tool-info": {},
  "diff": [
    {
      "type": "insert-node",
      "node": {
        "label": "final",
        "type": "Modifier"
      },
      "location-after-char-start": 0,
      "location-after-char-end": 0,
      "node-str": "final"
    },
    {
      "type": "insert-node",
      "node": {
        "label": "",
        "type": "TypeReference"
      },
      "location-after-char-start": 1649,
      "location-after-char-end": 1672,
      "node-str": ""
    },
    {
      "type": "insert-node",
      "node": {
        "label": "activityRequirementBindingDefinitions",
        "type": "Field"
      },
      "location-after-char-start": 1680,
      "location-after-char-end": 1730,
      "node-str": "activityRequirementBindingDefinitions"
    },
    {
      "type": "insert-node",
      "node": {
        "label": "activityDefinitions",
        "type": "Field"
      },
      "location-after-char-start": 1737,
      "location-after-char-end": 1769,
      "node-str": "activityDefinitions"
    },
    {
      "type": "insert-node",
      "node": {
        "label": "activityPatternBindingDefinitions",
        "type": "Field"
      },
      "location-after-char-start": 1776,
      "location-after-char-end": 1822,
      "node-str": "activityPatternBindingDefinitions"
    },
    {
      "type": "insert-node",
      "node": {
        "label": "categoryActivityBindingDefinitions",
        "type": "Field"
      },
      "location-after-char-start": 1829,
      "location-after-char-end": 1876,
      "node-str": "categoryActivityBindingDefinitions"
    },
    {
      "type": "insert-node",
      "node": {
        "label": "categoryDefinitions",
        "type": "Field"
      },
      "location-after-char-start": 1883,
      "location-after-char-end": 1915,
      "node-str": "categoryDefinitions"
    },
    {
      "type": "insert-node",
      "node": {
        "label": "defaultEnabledActivities",
        "type": "Field"
      },
      "location-after-char-start": 1922,
      "location-after-char-end": 1959,
      "node-str": "defaultEnabledActivities"
    },
    {
      "type": "insert-node",
      "node": {
        "label": "extensionRegistry",
        "type": "Field"
      },
      "location-after-char-start": 1966,
      "location-after-char-end": 2010,
      "node-str": "extensionRegistry"
    },
    {
      "type": "insert-node",
      "node": {
        "label": "\u003cinit\u003e",
        "type": "Constructor"
      },
      "location-after-char-start": 2014,
      "location-after-char-end": 2833,
      "node-str": "\u003cinit\u003e"
    },
    {
      "type": "insert-node",
      "node": {
        "label": "org.eclipse.ui.internal.activities.AbstractActivityRegistry",
        "type": "SUPER_TYPE"
      },
      "location-after-char-start": 0,
      "location-after-char-end": 0,
      "node-str": "org.eclipse.ui.internal.activities.AbstractActivityRegistry"
    },
    {
      "type": "insert-node",
      "node": {
        "label": "java.util.List",
        "type": "VARIABLE_TYPE"
      },
      "location-after-char-start": 0,
      "location-after-char-end": 0,
      "node-str": "java.util.List"
    },
    {
      "type": "insert-node",
      "node": {
        "label": "java.util.List",
        "type": "VARIABLE_TYPE"
      },
      "location-after-char-start": 0,
      "location-after-char-end": 0,
      "node-str": "java.util.List"
    },
    {
      "type": "insert-node",
      "node": {
        "label": "java.util.List",
        "type": "VARIABLE_TYPE"
      },
      "location-after-char-start": 0,
      "location-after-char-end": 0,
      "node-str": "java.util.List"
    },
    {
      "type": "insert-node",
      "node": {
        "label": "java.util.List",
        "type": "VARIABLE_TYPE"
      },
      "location-after-char-start": 0,
      "location-after-char-end": 0,
      "node-str": "java.util.List"
    },
    {
      "type": "insert-node",
      "node": {
        "label": "java.util.List",
        "type": "VARIABLE_TYPE"
      },
      "location-after-char-start": 0,
      "location-after-char-end": 0,
      "node-str": "java.util.List"
    },
    {
      "type": "insert-node",
      "node": {
        "label": "java.util.List",
        "type": "VARIABLE_TYPE"
      },
      "location-after-char-start": 0,
      "location-after-char-end": 0,
      "node-str": "java.util.List"
    },
    {
      "type": "insert-node",
      "node": {
        "label": "org.eclipse.core.runtime.IExtensionRegistry",
        "type": "VARIABLE_TYPE"
      },
      "location-after-char-start": 0,
      "location-after-char-end": 0,
      "node-str": "org.eclipse.core.runtime.IExtensionRegistry"
    },
    {
      "type": "insert-node",
      "node": {
        "label": "extensionRegistry",
        "type": "Parameter"
      },
      "location-after-char-start": 2040,
      "location-after-char-end": 2075,
      "node-str": "extensionRegistry"
    },
    {
      "type": "move-subtree",
      "node": {
        "label": "if",
        "type": "If"
      },
      "location-before-char-start": 2025,
      "location-before-char-end": 2097,
      "location-after-char-start": 2082,
      "location-after-char-end": 2154,
      "node-str": "if"
    },
    {
      "type": "move-subtree",
      "node": {
        "label": "\u003d",
        "type": "Assignment"
      },
      "location-before-char-start": 2108,
      "location-before-char-end": 2150,
      "location-after-char-start": 2159,
      "location-after-char-end": 2201,
      "node-str": "\u003d"
    },
    {
      "type": "insert-node",
      "node": {
        "label": "addRegistryChangeListener",
        "type": "Invocation"
      },
      "location-after-char-start": 2206,
      "location-after-char-end": 2819,
      "node-str": "addRegistryChangeListener"
    },
    {
      "type": "insert-node",
      "node": {
        "label": "load",
        "type": "Invocation"
      },
      "location-after-char-start": 2823,
      "location-after-char-end": 2829,
      "node-str": "load"
    },
    {
      "type": "insert-node",
      "node": {
        "label": "org.eclipse.core.runtime.IExtensionRegistry",
        "type": "VARIABLE_TYPE"
      },
      "location-after-char-start": 0,
      "location-after-char-end": 0,
      "node-str": "org.eclipse.core.runtime.IExtensionRegistry"
    },
    {
      "type": "insert-node",
      "node": {
        "label": "extensionRegistry",
        "type": "FieldRead"
      },
      "location-after-char-start": 2206,
      "location-after-char-end": 2227,
      "node-str": "extensionRegistry"
    },
    {
      "type": "insert-node",
      "node": {
        "label": "org.eclipse.ui.internal.activities.ExtensionActivityRegistry$1()",
        "type": "NewClass"
      },
      "location-after-char-start": 2255,
      "location-after-char-end": 2817,
      "node-str": "org.eclipse.ui.internal.activities.ExtensionActivityRegistry$1()"
    },
    {
      "type": "insert-node",
      "node": {
        "label": "org.eclipse.ui.internal.activities.ExtensionActivityRegistry",
        "type": "TypeAccess"
      },
      "location-after-char-start": 0,
      "location-after-char-end": 0,
      "node-str": "org.eclipse.ui.internal.activities.ExtensionActivityRegistry"
    },
    {
      "type": "insert-node",
      "node": {
        "label": "this",
        "type": "ThisAccess"
      },
      "location-after-char-start": 2206,
      "location-after-char-end": 2209,
      "node-str": "this"
    },
    {
      "type": "insert-node",
      "node": {
        "label": "1",
        "type": "Class"
      },
      "location-after-char-start": 2285,
      "location-after-char-end": 2817,
      "node-str": "1"
    },
    {
      "type": "insert-node",
      "node": {
        "label": "org.eclipse.ui.internal.activities.ExtensionActivityRegistry",
        "type": "TypeAccess"
      },
      "location-after-char-start": 0,
      "location-after-char-end": 0,
      "node-str": "org.eclipse.ui.internal.activities.ExtensionActivityRegistry"
    },
    {
      "type": "insert-node",
      "node": {
        "label": "registryChanged",
        "type": "Method"
      },
      "location-after-char-start": 2290,
      "location-after-char-end": 2813,
      "node-str": "registryChanged"
    },
    {
      "type": "insert-node",
      "node": {
        "label": "void",
        "type": "RETURN_TYPE"
      },
      "location-after-char-start": 0,
      "location-after-char-end": 0,
      "node-str": "void"
    },
    {
      "type": "insert-node",
      "node": {
        "label": "public",
        "type": "Modifier"
      },
      "location-after-char-start": 0,
      "location-after-char-end": 0,
      "node-str": "public"
    },
    {
      "type": "insert-node",
      "node": {
        "label": "registryChangeEvent",
        "type": "Parameter"
      },
      "location-after-char-start": 2318,
      "location-after-char-end": 2357,
      "node-str": "registryChangeEvent"
    },
    {
      "type": "insert-node",
      "node": {
        "label": "extensionDeltas",
        "type": "LocalVariable"
      },
      "location-after-char-start": 2366,
      "location-after-char-end": 2501,
      "node-str": "extensionDeltas"
    },
    {
      "type": "insert-node",
      "node": {
        "label": "if",
        "type": "If"
      },
      "location-after-char-start": 2508,
      "location-after-char-end": 2808,
      "node-str": "if"
    },
    {
      "type": "insert-node",
      "node": {
        "label": "org.eclipse.core.runtime.IRegistryChangeEvent",
        "type": "VARIABLE_TYPE"
      },
      "location-after-char-start": 0,
      "location-after-char-end": 0,
      "node-str": "org.eclipse.core.runtime.IRegistryChangeEvent"
    },
    {
      "type": "insert-node",
      "node": {
        "label": "org.eclipse.core.runtime.IExtensionDelta[]",
        "type": "VARIABLE_TYPE"
      },
      "location-after-char-start": 0,
      "location-after-char-end": 0,
      "node-str": "org.eclipse.core.runtime.IExtensionDelta[]"
    },
    {
      "type": "insert-node",
      "node": {
        "label": "getExtensionDeltas",
        "type": "Invocation"
      },
      "location-after-char-start": 2402,
      "location-after-char-end": 2500,
      "node-str": "getExtensionDeltas"
    },
    {
      "type": "insert-node",
      "node": {
        "label": "NE",
        "type": "BinaryOperator"
      },
      "location-after-char-start": 2512,
      "location-after-char-end": 2538,
      "node-str": "NE"
    },
    {
      "type": "insert-node",
      "node": {
        "label": "THEN",
        "type": "then"
      },
      "location-after-char-start": 2541,
      "location-after-char-end": 2808,
      "node-str": "THEN"
    },
    {
      "type": "insert-node",
      "node": {
        "label": "registryChangeEvent",
        "type": "VariableRead"
      },
      "location-after-char-start": 2402,
      "location-after-char-end": 2420,
      "node-str": "registryChangeEvent"
    },
    {
      "type": "insert-node",
      "node": {
        "label": "Persistence.PACKAGE_PREFIX",
        "type": "TypeAccess"
      },
      "location-after-char-start": 2448,
      "location-after-char-end": 2473,
      "node-str": "Persistence.PACKAGE_PREFIX"
    },
    {
      "type": "insert-node",
      "node": {
        "label": "Persistence.PACKAGE_BASE",
        "type": "TypeAccess"
      },
      "location-after-char-start": 2476,
      "location-after-char-end": 2499,
      "node-str": "Persistence.PACKAGE_BASE"
    },
    {
      "type": "insert-node",
      "node": {
        "label": "length",
        "type": "FieldRead"
      },
      "location-after-char-start": 2512,
      "location-after-char-end": 2533,
      "node-str": "length"
    },
    {
      "type": "insert-node",
      "node": {
        "label": "0",
        "type": "Literal"
      },
      "location-after-char-start": 2538,
      "location-after-char-end": 2538,
      "node-str": "0"
    },
    {
      "type": "insert-node",
      "node": {
        "label": "job",
        "type": "LocalVariable"
      },
      "location-after-char-start": 2548,
      "location-after-char-end": 2755,
      "node-str": "job"
    },
    {
      "type": "insert-node",
      "node": {
        "label": "setSystem",
        "type": "Invocation"
      },
      "location-after-char-start": 2762,
      "location-after-char-end": 2781,
      "node-str": "setSystem"
    },
    {
      "type": "insert-node",
      "node": {
        "label": "schedule",
        "type": "Invocation"
      },
      "location-after-char-start": 2788,
      "location-after-char-end": 2802,
      "node-str": "schedule"
    },
    {
      "type": "insert-node",
      "node": {
        "label": "extensionDeltas",
        "type": "VariableRead"
      },
      "location-after-char-start": 2512,
      "location-after-char-end": 2526,
      "node-str": "extensionDeltas"
    },
    {
      "type": "insert-node",
      "node": {
        "label": "org.eclipse.ui.progress.WorkbenchJob",
        "type": "VARIABLE_TYPE"
      },
      "location-after-char-start": 0,
      "location-after-char-end": 0,
      "node-str": "org.eclipse.ui.progress.WorkbenchJob"
    },
    {
      "type": "insert-node",
      "node": {
        "label": "org.eclipse.ui.progress.WorkbenchJob(java.lang.String)",
        "type": "NewClass"
      },
      "location-after-char-start": 2567,
      "location-after-char-end": 2754,
      "node-str": "org.eclipse.ui.progress.WorkbenchJob(java.lang.String)"
    },
    {
      "type": "insert-node",
      "node": {
        "label": "job",
        "type": "VariableRead"
      },
      "location-after-char-start": 2762,
      "location-after-char-end": 2764,
      "node-str": "job"
    },
    {
      "type": "insert-node",
      "node": {
        "label": "true",
        "type": "Literal"
      },
      "location-after-char-start": 2776,
      "location-after-char-end": 2779,
      "node-str": "true"
    },
    {
      "type": "insert-node",
      "node": {
        "label": "job",
        "type": "VariableRead"
      },
      "location-after-char-start": 2788,
      "location-after-char-end": 2790,
      "node-str": "job"
    },
    {
      "type": "insert-node",
      "node": {
        "label": "\"Reloading Activity Registry\"",
        "type": "Literal"
      },
      "location-after-char-start": 2584,
      "location-after-char-end": 2612,
      "node-str": "\"Reloading Activity Registry\""
    },
    {
      "type": "insert-node",
      "node": {
        "label": "1",
        "type": "Class"
      },
      "location-after-char-start": 2615,
      "location-after-char-end": 2754,
      "node-str": "1"
    },
    {
      "type": "insert-node",
      "node": {
        "label": "",
        "type": "TypeReference"
      },
      "location-after-char-start": 0,
      "location-after-char-end": 0,
      "node-str": ""
    },
    {
      "type": "insert-node",
      "node": {
        "label": "runInUIThread",
        "type": "Method"
      },
      "location-after-char-start": 2637,
      "location-after-char-end": 2747,
      "node-str": "runInUIThread"
    },
    {
      "type": "insert-node",
      "node": {
        "label": "org.eclipse.ui.progress.WorkbenchJob",
        "type": "SUPER_TYPE"
      },
      "location-after-char-start": 0,
      "location-after-char-end": 0,
      "node-str": "org.eclipse.ui.progress.WorkbenchJob"
    },
    {
      "type": "insert-node",
      "node": {
        "label": "org.eclipse.core.runtime.IStatus",
        "type": "RETURN_TYPE"
      },
      "location-after-char-start": 0,
      "location-after-char-end": 0,
      "node-str": "org.eclipse.core.runtime.IStatus"
    },
    {
      "type": "insert-node",
      "node": {
        "label": "public",
        "type": "Modifier"
      },
      "location-after-char-start": 0,
      "location-after-char-end": 0,
      "node-str": "public"
    },
    {
      "type": "insert-node",
      "node": {
        "label": "monitor",
        "type": "Parameter"
      },
      "location-after-char-start": 2666,
      "location-after-char-end": 2689,
      "node-str": "monitor"
    },
    {
      "type": "insert-node",
      "node": {
        "label": "load",
        "type": "Invocation"
      },
      "location-after-char-start": 2701,
      "location-after-char-end": 2707,
      "node-str": "load"
    },
    {
      "type": "insert-node",
      "node": {
        "label": "return",
        "type": "Return"
      },
      "location-after-char-start": 2716,
      "location-after-char-end": 2739,
      "node-str": "return"
    },
    {
      "type": "insert-node",
      "node": {
        "label": "org.eclipse.core.runtime.IProgressMonitor",
        "type": "VARIABLE_TYPE"
      },
      "location-after-char-start": 0,
      "location-after-char-end": 0,
      "node-str": "org.eclipse.core.runtime.IProgressMonitor"
    },
    {
      "type": "insert-node",
      "node": {
        "label": "org.eclipse.ui.internal.activities.ExtensionActivityRegistry$1$1",
        "type": "TypeAccess"
      },
      "location-after-char-start": 0,
      "location-after-char-end": 0,
      "node-str": "org.eclipse.ui.internal.activities.ExtensionActivityRegistry$1$1"
    },
    {
      "type": "insert-node",
      "node": {
        "label": "OK_STATUS",
        "type": "FieldRead"
      },
      "location-after-char-start": 2723,
      "location-after-char-end": 2738,
      "node-str": "OK_STATUS"
    },
    {
      "type": "insert-node",
      "node": {
        "label": "org.eclipse.core.runtime.Status",
        "type": "TypeAccess"
      },
      "location-after-char-start": 2723,
      "location-after-char-end": 2728,
      "node-str": "org.eclipse.core.runtime.Status"
    },
    {
      "type": "delete-node",
      "node": {
        "label": "final",
        "type": "Modifier"
      },
      "location-before-char-start": 0,
      "location-before-char-end": 0,
      "node-str": "final"
    },
    {
      "type": "delete-node",
      "node": {
        "label": "org.eclipse.ui.internal.activities.AbstractActivityRegistry",
        "type": "SUPER_TYPE"
      },
      "location-before-char-start": 0,
      "location-before-char-end": 0,
      "node-str": "org.eclipse.ui.internal.activities.AbstractActivityRegistry"
    },
    {
      "type": "delete-node",
      "node": {
        "label": "",
        "type": "TypeReference"
      },
      "location-before-char-start": 1583,
      "location-before-char-end": 1606,
      "node-str": ""
    },
    {
      "type": "delete-node",
      "node": {
        "label": "java.util.List",
        "type": "VARIABLE_TYPE"
      },
      "location-before-char-start": 0,
      "location-before-char-end": 0,
      "node-str": "java.util.List"
    },
    {
      "type": "delete-node",
      "node": {
        "label": "activityRequirementBindingDefinitions",
        "type": "Field"
      },
      "location-before-char-start": 1614,
      "location-before-char-end": 1664,
      "node-str": "activityRequirementBindingDefinitions"
    },
    {
      "type": "delete-node",
      "node": {
        "label": "java.util.List",
        "type": "VARIABLE_TYPE"
      },
      "location-before-char-start": 0,
      "location-before-char-end": 0,
      "node-str": "java.util.List"
    },
    {
      "type": "delete-node",
      "node": {
        "label": "activityDefinitions",
        "type": "Field"
      },
      "location-before-char-start": 1671,
      "location-before-char-end": 1703,
      "node-str": "activityDefinitions"
    },
    {
      "type": "delete-node",
      "node": {
        "label": "java.util.List",
        "type": "VARIABLE_TYPE"
      },
      "location-before-char-start": 0,
      "location-before-char-end": 0,
      "node-str": "java.util.List"
    },
    {
      "type": "delete-node",
      "node": {
        "label": "activityPatternBindingDefinitions",
        "type": "Field"
      },
      "location-before-char-start": 1710,
      "location-before-char-end": 1756,
      "node-str": "activityPatternBindingDefinitions"
    },
    {
      "type": "delete-node",
      "node": {
        "label": "java.util.List",
        "type": "VARIABLE_TYPE"
      },
      "location-before-char-start": 0,
      "location-before-char-end": 0,
      "node-str": "java.util.List"
    },
    {
      "type": "delete-node",
      "node": {
        "label": "categoryActivityBindingDefinitions",
        "type": "Field"
      },
      "location-before-char-start": 1763,
      "location-before-char-end": 1810,
      "node-str": "categoryActivityBindingDefinitions"
    },
    {
      "type": "delete-node",
      "node": {
        "label": "java.util.List",
        "type": "VARIABLE_TYPE"
      },
      "location-before-char-start": 0,
      "location-before-char-end": 0,
      "node-str": "java.util.List"
    },
    {
      "type": "delete-node",
      "node": {
        "label": "categoryDefinitions",
        "type": "Field"
      },
      "location-before-char-start": 1817,
      "location-before-char-end": 1849,
      "node-str": "categoryDefinitions"
    },
    {
      "type": "delete-node",
      "node": {
        "label": "java.util.List",
        "type": "VARIABLE_TYPE"
      },
      "location-before-char-start": 0,
      "location-before-char-end": 0,
      "node-str": "java.util.List"
    },
    {
      "type": "delete-node",
      "node": {
        "label": "defaultEnabledActivities",
        "type": "Field"
      },
      "location-before-char-start": 1856,
      "location-before-char-end": 1893,
      "node-str": "defaultEnabledActivities"
    },
    {
      "type": "delete-node",
      "node": {
        "label": "org.eclipse.core.runtime.IExtensionRegistry",
        "type": "VARIABLE_TYPE"
      },
      "location-before-char-start": 0,
      "location-before-char-end": 0,
      "node-str": "org.eclipse.core.runtime.IExtensionRegistry"
    },
    {
      "type": "delete-node",
      "node": {
        "label": "extensionRegistry",
        "type": "Field"
      },
      "location-before-char-start": 1900,
      "location-before-char-end": 1944,
      "node-str": "extensionRegistry"
    },
    {
      "type": "delete-node",
      "node": {
        "label": "org.eclipse.core.runtime.IExtensionRegistry",
        "type": "VARIABLE_TYPE"
      },
      "location-before-char-start": 0,
      "location-before-char-end": 0,
      "node-str": "org.eclipse.core.runtime.IExtensionRegistry"
    },
    {
      "type": "delete-node",
      "node": {
        "label": "extensionRegistry",
        "type": "Parameter"
      },
      "location-before-char-start": 1977,
      "location-before-char-end": 2012,
      "node-str": "extensionRegistry"
    },
    {
      "type": "delete-node",
      "node": {
        "label": "org.eclipse.ui.internal.activities.ExtensionActivityRegistry",
        "type": "TypeAccess"
      },
      "location-before-char-start": 0,
      "location-before-char-end": 0,
      "node-str": "org.eclipse.ui.internal.activities.ExtensionActivityRegistry"
    },
    {
      "type": "delete-node",
      "node": {
        "label": "this",
        "type": "ThisAccess"
      },
      "location-before-char-start": 2161,
      "location-before-char-end": 2164,
      "node-str": "this"
    },
    {
      "type": "delete-node",
      "node": {
        "label": "extensionRegistry",
        "type": "FieldRead"
      },
      "location-before-char-start": 2161,
      "location-before-char-end": 2182,
      "node-str": "extensionRegistry"
    },
    {
      "type": "delete-node",
      "node": {
        "label": "void",
        "type": "RETURN_TYPE"
      },
      "location-before-char-start": 0,
      "location-before-char-end": 0,
      "node-str": "void"
    },
    {
      "type": "delete-node",
      "node": {
        "label": "public",
        "type": "Modifier"
      },
      "location-before-char-start": 0,
      "location-before-char-end": 0,
      "node-str": "public"
    },
    {
      "type": "delete-node",
      "node": {
        "label": "org.eclipse.core.runtime.IRegistryChangeEvent",
        "type": "VARIABLE_TYPE"
      },
      "location-before-char-start": 0,
      "location-before-char-end": 0,
      "node-str": "org.eclipse.core.runtime.IRegistryChangeEvent"
    },
    {
      "type": "delete-node",
      "node": {
        "label": "registryChangeEvent",
        "type": "Parameter"
      },
      "location-before-char-start": 2336,
      "location-before-char-end": 2375,
      "node-str": "registryChangeEvent"
    },
    {
      "type": "delete-node",
      "node": {
        "label": "org.eclipse.core.runtime.IExtensionDelta[]",
        "type": "VARIABLE_TYPE"
      },
      "location-before-char-start": 0,
      "location-before-char-end": 0,
      "node-str": "org.eclipse.core.runtime.IExtensionDelta[]"
    },
    {
      "type": "delete-node",
      "node": {
        "label": "registryChangeEvent",
        "type": "VariableRead"
      },
      "location-before-char-start": 2440,
      "location-before-char-end": 2458,
      "node-str": "registryChangeEvent"
    },
    {
      "type": "delete-node",
      "node": {
        "label": "Persistence.PACKAGE_PREFIX",
        "type": "TypeAccess"
      },
      "location-before-char-start": 2512,
      "location-before-char-end": 2537,
      "node-str": "Persistence.PACKAGE_PREFIX"
    },
    {
      "type": "delete-node",
      "node": {
        "label": "Persistence.PACKAGE_BASE",
        "type": "TypeAccess"
      },
      "location-before-char-start": 2580,
      "location-before-char-end": 2603,
      "node-str": "Persistence.PACKAGE_BASE"
    },
    {
      "type": "delete-node",
      "node": {
        "label": "getExtensionDeltas",
        "type": "Invocation"
      },
      "location-before-char-start": 2440,
      "location-before-char-end": 2604,
      "node-str": "getExtensionDeltas"
    },
    {
      "type": "delete-node",
      "node": {
        "label": "extensionDeltas",
        "type": "LocalVariable"
      },
      "location-before-char-start": 2404,
      "location-before-char-end": 2605,
      "node-str": "extensionDeltas"
    },
    {
      "type": "delete-node",
      "node": {
        "label": "extensionDeltas",
        "type": "VariableRead"
      },
      "location-before-char-start": 2636,
      "location-before-char-end": 2650,
      "node-str": "extensionDeltas"
    },
    {
      "type": "delete-node",
      "node": {
        "label": "length",
        "type": "FieldRead"
      },
      "location-before-char-start": 2636,
      "location-before-char-end": 2657,
      "node-str": "length"
    },
    {
      "type": "delete-node",
      "node": {
        "label": "0",
        "type": "Literal"
      },
      "location-before-char-start": 2662,
      "location-before-char-end": 2662,
      "node-str": "0"
    },
    {
      "type": "delete-node",
      "node": {
        "label": "NE",
        "type": "BinaryOperator"
      },
      "location-before-char-start": 2636,
      "location-before-char-end": 2662,
      "node-str": "NE"
    },
    {
      "type": "delete-node",
      "node": {
        "label": "org.eclipse.ui.internal.activities.ExtensionActivityRegistry$1",
        "type": "TypeAccess"
      },
      "location-before-char-start": 0,
      "location-before-char-end": 0,
      "node-str": "org.eclipse.ui.internal.activities.ExtensionActivityRegistry$1"
    },
    {
      "type": "delete-node",
      "node": {
        "label": "load",
        "type": "Invocation"
      },
      "location-before-char-start": 2712,
      "location-before-char-end": 2718,
      "node-str": "load"
    },
    {
      "type": "delete-node",
      "node": {
        "label": "java.io.IOException",
        "type": "VARIABLE_TYPE"
      },
      "location-before-char-start": 0,
      "location-before-char-end": 0,
      "node-str": "java.io.IOException"
    },
    {
      "type": "delete-node",
      "node": {
        "label": "eIO",
        "type": "CatchVariable"
      },
      "location-before-char-start": 2757,
      "location-before-char-end": 2771,
      "node-str": "eIO"
    },
    {
      "type": "delete-node",
      "node": {
        "label": "",
        "type": "Catch"
      },
      "location-before-char-start": 2749,
      "location-before-char-end": 2804,
      "node-str": ""
    },
    {
      "type": "delete-node",
      "node": {
        "label": "",
        "type": "Try"
      },
      "location-before-char-start": 2674,
      "location-before-char-end": 2804,
      "node-str": ""
    },
    {
      "type": "delete-node",
      "node": {
        "label": "THEN",
        "type": "then"
      },
      "location-before-char-start": 2665,
      "location-before-char-end": 2812,
      "node-str": "THEN"
    },
    {
      "type": "delete-node",
      "node": {
        "label": "if",
        "type": "If"
      },
      "location-before-char-start": 2632,
      "location-before-char-end": 2812,
      "node-str": "if"
    },
    {
      "type": "delete-node",
      "node": {
        "label": "registryChanged",
        "type": "Method"
      },
      "location-before-char-start": 2279,
      "location-before-char-end": 2834,
      "node-str": "registryChanged"
    },
    {
      "type": "delete-node",
      "node": {
        "label": "1",
        "type": "Class"
      },
      "location-before-char-start": 2257,
      "location-before-char-end": 2852,
      "node-str": "1"
    },
    {
      "type": "delete-node",
      "node": {
        "label": "org.eclipse.ui.internal.activities.ExtensionActivityRegistry$1()",
        "type": "NewClass"
      },
      "location-before-char-start": 2227,
      "location-before-char-end": 2852,
      "node-str": "org.eclipse.ui.internal.activities.ExtensionActivityRegistry$1()"
    },
    {
      "type": "delete-node",
      "node": {
        "label": "addRegistryChangeListener",
        "type": "Invocation"
      },
      "location-before-char-start": 2161,
      "location-before-char-end": 2854,
      "node-str": "addRegistryChangeListener"
    },
    {
      "type": "delete-node",
      "node": {
        "label": "org.eclipse.ui.internal.activities.ExtensionActivityRegistry",
        "type": "TypeAccess"
      },
      "location-before-char-start": 0,
      "location-before-char-end": 0,
      "node-str": "org.eclipse.ui.internal.activities.ExtensionActivityRegistry"
    },
    {
      "type": "delete-node",
      "node": {
        "label": "load",
        "type": "Invocation"
      },
      "location-before-char-start": 2883,
      "location-before-char-end": 2889,
      "node-str": "load"
    },
    {
      "type": "delete-node",
      "node": {
        "label": "java.io.IOException",
        "type": "VARIABLE_TYPE"
      },
      "location-before-char-start": 0,
      "location-before-char-end": 0,
      "node-str": "java.io.IOException"
    },
    {
      "type": "delete-node",
      "node": {
        "label": "eIO",
        "type": "CatchVariable"
      },
      "location-before-char-start": 2908,
      "location-before-char-end": 2922,
      "node-str": "eIO"
    },
    {
      "type": "delete-node",
      "node": {
        "label": "",
        "type": "Catch"
      },
      "location-before-char-start": 2900,
      "location-before-char-end": 2935,
      "node-str": ""
    },
    {
      "type": "delete-node",
      "node": {
        "label": "",
        "type": "Try"
      },
      "location-before-char-start": 2865,
      "location-before-char-end": 2935,
      "node-str": ""
    },
    {
      "type": "delete-node",
      "node": {
        "label": "\u003cinit\u003e",
        "type": "Constructor"
      },
      "location-before-char-start": 1951,
      "location-before-char-end": 2941,
      "node-str": "\u003cinit\u003e"
    },
    {
      "type": "delete-node",
      "node": {
        "label": "java.io.IOException",
        "type": "THROWS"
      },
      "location-before-char-start": 0,
      "location-before-char-end": 0,
      "node-str": "java.io.IOException"
    }
  ],
  "before-file": {},
  "after-file": {},
  "mapping": {}
}