{
  "tool-info": {},
  "diff": [
    {
      "type": "insert-node",
      "node": {
        "label": "GraphicalCompositeFigure",
        "type": "Class"
      },
      "location-after-char-start": 555,
      "location-after-char-end": 10367,
      "node-str": "GraphicalCompositeFigure"
    },
    {
      "type": "insert-node",
      "node": {
        "label": "public",
        "type": "Modifier"
      },
      "location-after-char-start": 0,
      "location-after-char-end": 0,
      "node-str": "public"
    },
    {
      "type": "insert-node",
      "node": {
        "label": "",
        "type": "TypeReference"
      },
      "location-after-char-start": 1216,
      "location-after-char-end": 1230,
      "node-str": ""
    },
    {
      "type": "insert-node",
      "node": {
        "label": "myPresentationFigure",
        "type": "Field"
      },
      "location-after-char-start": 1259,
      "location-after-char-end": 1495,
      "node-str": "myPresentationFigure"
    },
    {
      "type": "insert-node",
      "node": {
        "label": "myLayouter",
        "type": "Field"
      },
      "location-after-char-start": 1499,
      "location-after-char-end": 1622,
      "node-str": "myLayouter"
    },
    {
      "type": "insert-node",
      "node": {
        "label": "serialVersionUID",
        "type": "Field"
      },
      "location-after-char-start": 1626,
      "location-after-char-end": 1691,
      "node-str": "serialVersionUID"
    },
    {
      "type": "insert-node",
      "node": {
        "label": "\u003cinit\u003e",
        "type": "Constructor"
      },
      "location-after-char-start": 1695,
      "location-after-char-end": 1908,
      "node-str": "\u003cinit\u003e"
    },
    {
      "type": "insert-node",
      "node": {
        "label": "\u003cinit\u003e",
        "type": "Constructor"
      },
      "location-after-char-start": 1912,
      "location-after-char-end": 2244,
      "node-str": "\u003cinit\u003e"
    },
    {
      "type": "move-subtree",
      "node": {
        "label": "initialize",
        "type": "Method"
      },
      "location-before-char-start": 2252,
      "location-before-char-end": 2532,
      "location-after-char-start": 2248,
      "location-after-char-end": 2528,
      "node-str": "initialize"
    },
    {
      "type": "insert-node",
      "node": {
        "label": "clone",
        "type": "Method"
      },
      "location-after-char-start": 2532,
      "location-after-char-end": 2748,
      "node-str": "clone"
    },
    {
      "type": "move-subtree",
      "node": {
        "label": "displayBox",
        "type": "Method"
      },
      "location-before-char-start": 2756,
      "location-before-char-end": 2941,
      "location-after-char-start": 2752,
      "location-after-char-end": 2937,
      "node-str": "displayBox"
    },
    {
      "type": "insert-node",
      "node": {
        "label": "basicDisplayBox",
        "type": "Method"
      },
      "location-after-char-start": 2941,
      "location-after-char-end": 3620,
      "node-str": "basicDisplayBox"
    },
    {
      "type": "insert-node",
      "node": {
        "label": "basicMoveBy",
        "type": "Method"
      },
      "location-after-char-start": 3624,
      "location-after-char-end": 3915,
      "node-str": "basicMoveBy"
    },
    {
      "type": "insert-node",
      "node": {
        "label": "update",
        "type": "Method"
      },
      "location-after-char-start": 3919,
      "location-after-char-end": 4082,
      "node-str": "update"
    },
    {
      "type": "insert-node",
      "node": {
        "label": "draw",
        "type": "Method"
      },
      "location-after-char-start": 4086,
      "location-after-char-end": 4267,
      "node-str": "draw"
    },
    {
      "type": "move-subtree",
      "node": {
        "label": "handles",
        "type": "Method"
      },
      "location-before-char-start": 3902,
      "location-before-char-end": 4040,
      "location-after-char-start": 4271,
      "location-after-char-end": 4409,
      "node-str": "handles"
    },
    {
      "type": "move-subtree",
      "node": {
        "label": "getAttribute",
        "type": "Method"
      },
      "location-before-char-start": 4044,
      "location-before-char-end": 4640,
      "location-after-char-start": 4413,
      "location-after-char-end": 5078,
      "node-str": "getAttribute"
    },
    {
      "type": "insert-node",
      "node": {
        "label": "getAttribute",
        "type": "Method"
      },
      "location-after-char-start": 5082,
      "location-after-char-end": 5744,
      "node-str": "getAttribute"
    },
    {
      "type": "move-subtree",
      "node": {
        "label": "setAttribute",
        "type": "Method"
      },
      "location-before-char-start": 4644,
      "location-before-char-end": 5223,
      "location-after-char-start": 5748,
      "location-after-char-end": 6405,
      "node-str": "setAttribute"
    },
    {
      "type": "insert-node",
      "node": {
        "label": "setAttribute",
        "type": "Method"
      },
      "location-after-char-start": 6409,
      "location-after-char-end": 7054,
      "node-str": "setAttribute"
    },
    {
      "type": "insert-node",
      "node": {
        "label": "setPresentationFigure",
        "type": "Method"
      },
      "location-after-char-start": 7058,
      "location-after-char-end": 7412,
      "node-str": "setPresentationFigure"
    },
    {
      "type": "insert-node",
      "node": {
        "label": "getPresentationFigure",
        "type": "Method"
      },
      "location-after-char-start": 7416,
      "location-after-char-end": 7706,
      "node-str": "getPresentationFigure"
    },
    {
      "type": "move-subtree",
      "node": {
        "label": "layout",
        "type": "Method"
      },
      "location-before-char-start": 5879,
      "location-before-char-end": 6374,
      "location-after-char-start": 7710,
      "location-after-char-end": 8205,
      "node-str": "layout"
    },
    {
      "type": "insert-node",
      "node": {
        "label": "setLayouter",
        "type": "Method"
      },
      "location-after-char-start": 8209,
      "location-after-char-end": 8753,
      "node-str": "setLayouter"
    },
    {
      "type": "insert-node",
      "node": {
        "label": "getLayouter",
        "type": "Method"
      },
      "location-after-char-start": 8757,
      "location-after-char-end": 9076,
      "node-str": "getLayouter"
    },
    {
      "type": "move-subtree",
      "node": {
        "label": "change",
        "type": "Method"
      },
      "location-before-char-start": 7250,
      "location-before-char-end": 7514,
      "location-after-char-start": 9080,
      "location-after-char-end": 9344,
      "node-str": "change"
    },
    {
      "type": "move-subtree",
      "node": {
        "label": "figureRequestRemove",
        "type": "Method"
      },
      "location-before-char-start": 7518,
      "location-before-char-end": 7873,
      "location-after-char-start": 9348,
      "location-after-char-end": 9703,
      "node-str": "figureRequestRemove"
    },
    {
      "type": "insert-node",
      "node": {
        "label": "read",
        "type": "Method"
      },
      "location-after-char-start": 9707,
      "location-after-char-end": 10053,
      "node-str": "read"
    },
    {
      "type": "insert-node",
      "node": {
        "label": "write",
        "type": "Method"
      },
      "location-after-char-start": 10057,
      "location-after-char-end": 10365,
      "node-str": "write"
    },
    {
      "type": "insert-node",
      "node": {
        "label": "CompositeFigure",
        "type": "SUPER_TYPE"
      },
      "location-after-char-start": 0,
      "location-after-char-end": 0,
      "node-str": "CompositeFigure"
    },
    {
      "type": "insert-node",
      "node": {
        "label": "CH.ifa.draw.contrib.Figure",
        "type": "VARIABLE_TYPE"
      },
      "location-after-char-start": 0,
      "location-after-char-end": 0,
      "node-str": "CH.ifa.draw.contrib.Figure"
    },
    {
      "type": "insert-node",
      "node": {
        "label": "CH.ifa.draw.contrib.Layouter",
        "type": "VARIABLE_TYPE"
      },
      "location-after-char-start": 0,
      "location-after-char-end": 0,
      "node-str": "CH.ifa.draw.contrib.Layouter"
    },
    {
      "type": "insert-node",
      "node": {
        "label": "long",
        "type": "VARIABLE_TYPE"
      },
      "location-after-char-start": 0,
      "location-after-char-end": 0,
      "node-str": "long"
    },
    {
      "type": "insert-node",
      "node": {
        "label": "final",
        "type": "Modifier"
      },
      "location-after-char-start": 0,
      "location-after-char-end": 0,
      "node-str": "final"
    },
    {
      "type": "insert-node",
      "node": {
        "label": "static",
        "type": "Modifier"
      },
      "location-after-char-start": 0,
      "location-after-char-end": 0,
      "node-str": "static"
    },
    {
      "type": "insert-node",
      "node": {
        "label": "1265742491024232713L",
        "type": "Literal"
      },
      "location-after-char-start": 1671,
      "location-after-char-end": 1690,
      "node-str": "1265742491024232713L"
    },
    {
      "type": "insert-node",
      "node": {
        "label": "public",
        "type": "Modifier"
      },
      "location-after-char-start": 0,
      "location-after-char-end": 0,
      "node-str": "public"
    },
    {
      "type": "insert-node",
      "node": {
        "label": "\u003cinit\u003e",
        "type": "Invocation"
      },
      "location-after-char-start": 1878,
      "location-after-char-end": 1905,
      "node-str": "\u003cinit\u003e"
    },
    {
      "type": "insert-node",
      "node": {
        "label": "public",
        "type": "Modifier"
      },
      "location-after-char-start": 0,
      "location-after-char-end": 0,
      "node-str": "public"
    },
    {
      "type": "insert-node",
      "node": {
        "label": "newPresentationFigure",
        "type": "Parameter"
      },
      "location-after-char-start": 2136,
      "location-after-char-end": 2163,
      "node-str": "newPresentationFigure"
    },
    {
      "type": "insert-node",
      "node": {
        "label": "\u003cinit\u003e",
        "type": "Invocation"
      },
      "location-after-char-start": 2170,
      "location-after-char-end": 2177,
      "node-str": "\u003cinit\u003e"
    },
    {
      "type": "insert-node",
      "node": {
        "label": "setPresentationFigure",
        "type": "Invocation"
      },
      "location-after-char-start": 2181,
      "location-after-char-end": 2225,
      "node-str": "setPresentationFigure"
    },
    {
      "type": "insert-node",
      "node": {
        "label": "initialize",
        "type": "Invocation"
      },
      "location-after-char-start": 2229,
      "location-after-char-end": 2241,
      "node-str": "initialize"
    },
    {
      "type": "insert-node",
      "node": {
        "label": "java.lang.Object",
        "type": "RETURN_TYPE"
      },
      "location-after-char-start": 0,
      "location-after-char-end": 0,
      "node-str": "java.lang.Object"
    },
    {
      "type": "insert-node",
      "node": {
        "label": "public",
        "type": "Modifier"
      },
      "location-after-char-start": 0,
      "location-after-char-end": 0,
      "node-str": "public"
    },
    {
      "type": "insert-node",
      "node": {
        "label": "cloneObject",
        "type": "LocalVariable"
      },
      "location-after-char-start": 2633,
      "location-after-char-end": 2667,
      "node-str": "cloneObject"
    },
    {
      "type": "insert-node",
      "node": {
        "label": "initialize",
        "type": "Invocation"
      },
      "location-after-char-start": 2671,
      "location-after-char-end": 2723,
      "node-str": "initialize"
    },
    {
      "type": "insert-node",
      "node": {
        "label": "return",
        "type": "Return"
      },
      "location-after-char-start": 2727,
      "location-after-char-end": 2745,
      "node-str": "return"
    },
    {
      "type": "insert-node",
      "node": {
        "label": "void",
        "type": "RETURN_TYPE"
      },
      "location-after-char-start": 0,
      "location-after-char-end": 0,
      "node-str": "void"
    },
    {
      "type": "insert-node",
      "node": {
        "label": "public",
        "type": "Modifier"
      },
      "location-after-char-start": 0,
      "location-after-char-end": 0,
      "node-str": "public"
    },
    {
      "type": "insert-node",
      "node": {
        "label": "origin",
        "type": "Parameter"
      },
      "location-after-char-start": 3072,
      "location-after-char-end": 3083,
      "node-str": "origin"
    },
    {
      "type": "insert-node",
      "node": {
        "label": "corner",
        "type": "Parameter"
      },
      "location-after-char-start": 3086,
      "location-after-char-end": 3097,
      "node-str": "corner"
    },
    {
      "type": "insert-node",
      "node": {
        "label": "r",
        "type": "LocalVariable"
      },
      "location-after-char-start": 3104,
      "location-after-char-end": 3154,
      "node-str": "r"
    },
    {
      "type": "insert-node",
      "node": {
        "label": "basicDisplayBox",
        "type": "Invocation"
      },
      "location-after-char-start": 3511,
      "location-after-char-end": 3617,
      "node-str": "basicDisplayBox"
    },
    {
      "type": "insert-node",
      "node": {
        "label": "void",
        "type": "RETURN_TYPE"
      },
      "location-after-char-start": 0,
      "location-after-char-end": 0,
      "node-str": "void"
    },
    {
      "type": "insert-node",
      "node": {
        "label": "protected",
        "type": "Modifier"
      },
      "location-after-char-start": 0,
      "location-after-char-end": 0,
      "node-str": "protected"
    },
    {
      "type": "insert-node",
      "node": {
        "label": "dx",
        "type": "Parameter"
      },
      "location-after-char-start": 3825,
      "location-after-char-end": 3830,
      "node-str": "dx"
    },
    {
      "type": "insert-node",
      "node": {
        "label": "dy",
        "type": "Parameter"
      },
      "location-after-char-start": 3833,
      "location-after-char-end": 3838,
      "node-str": "dy"
    },
    {
      "type": "insert-node",
      "node": {
        "label": "basicMoveBy",
        "type": "Invocation"
      },
      "location-after-char-start": 3845,
      "location-after-char-end": 3870,
      "node-str": "basicMoveBy"
    },
    {
      "type": "insert-node",
      "node": {
        "label": "moveBy",
        "type": "Invocation"
      },
      "location-after-char-start": 3874,
      "location-after-char-end": 3912,
      "node-str": "moveBy"
    },
    {
      "type": "insert-node",
      "node": {
        "label": "void",
        "type": "RETURN_TYPE"
      },
      "location-after-char-start": 0,
      "location-after-char-end": 0,
      "node-str": "void"
    },
    {
      "type": "insert-node",
      "node": {
        "label": "public",
        "type": "Modifier"
      },
      "location-after-char-start": 0,
      "location-after-char-end": 0,
      "node-str": "public"
    },
    {
      "type": "insert-node",
      "node": {
        "label": "willChange",
        "type": "Invocation"
      },
      "location-after-char-start": 4030,
      "location-after-char-end": 4042,
      "node-str": "willChange"
    },
    {
      "type": "insert-node",
      "node": {
        "label": "layout",
        "type": "Invocation"
      },
      "location-after-char-start": 4046,
      "location-after-char-end": 4054,
      "node-str": "layout"
    },
    {
      "type": "insert-node",
      "node": {
        "label": "change",
        "type": "Invocation"
      },
      "location-after-char-start": 4058,
      "location-after-char-end": 4066,
      "node-str": "change"
    },
    {
      "type": "insert-node",
      "node": {
        "label": "changed",
        "type": "Invocation"
      },
      "location-after-char-start": 4070,
      "location-after-char-end": 4079,
      "node-str": "changed"
    },
    {
      "type": "insert-node",
      "node": {
        "label": "void",
        "type": "RETURN_TYPE"
      },
      "location-after-char-start": 0,
      "location-after-char-end": 0,
      "node-str": "void"
    },
    {
      "type": "insert-node",
      "node": {
        "label": "public",
        "type": "Modifier"
      },
      "location-after-char-start": 0,
      "location-after-char-end": 0,
      "node-str": "public"
    },
    {
      "type": "insert-node",
      "node": {
        "label": "g",
        "type": "Parameter"
      },
      "location-after-char-start": 4200,
      "location-after-char-end": 4209,
      "node-str": "g"
    },
    {
      "type": "insert-node",
      "node": {
        "label": "draw",
        "type": "Invocation"
      },
      "location-after-char-start": 4216,
      "location-after-char-end": 4247,
      "node-str": "draw"
    },
    {
      "type": "insert-node",
      "node": {
        "label": "draw",
        "type": "Invocation"
      },
      "location-after-char-start": 4251,
      "location-after-char-end": 4264,
      "node-str": "draw"
    },
    {
      "type": "insert-node",
      "node": {
        "label": "java.lang.Object",
        "type": "RETURN_TYPE"
      },
      "location-after-char-start": 0,
      "location-after-char-end": 0,
      "node-str": "java.lang.Object"
    },
    {
      "type": "insert-node",
      "node": {
        "label": "public",
        "type": "Modifier"
      },
      "location-after-char-start": 0,
      "location-after-char-end": 0,
      "node-str": "public"
    },
    {
      "type": "insert-node",
      "node": {
        "label": "attributeConstant",
        "type": "Parameter"
      },
      "location-after-char-start": 5524,
      "location-after-char-end": 5564,
      "node-str": "attributeConstant"
    },
    {
      "type": "insert-node",
      "node": {
        "label": "if",
        "type": "If"
      },
      "location-after-char-start": 5571,
      "location-after-char-end": 5741,
      "node-str": "if"
    },
    {
      "type": "insert-node",
      "node": {
        "label": "void",
        "type": "RETURN_TYPE"
      },
      "location-after-char-start": 0,
      "location-after-char-end": 0,
      "node-str": "void"
    },
    {
      "type": "insert-node",
      "node": {
        "label": "public",
        "type": "Modifier"
      },
      "location-after-char-start": 0,
      "location-after-char-end": 0,
      "node-str": "public"
    },
    {
      "type": "insert-node",
      "node": {
        "label": "attributeConstant",
        "type": "Parameter"
      },
      "location-after-char-start": 6820,
      "location-after-char-end": 6860,
      "node-str": "attributeConstant"
    },
    {
      "type": "insert-node",
      "node": {
        "label": "value",
        "type": "Parameter"
      },
      "location-after-char-start": 6863,
      "location-after-char-end": 6874,
      "node-str": "value"
    },
    {
      "type": "insert-node",
      "node": {
        "label": "if",
        "type": "If"
      },
      "location-after-char-start": 6881,
      "location-after-char-end": 7051,
      "node-str": "if"
    },
    {
      "type": "insert-node",
      "node": {
        "label": "void",
        "type": "RETURN_TYPE"
      },
      "location-after-char-start": 0,
      "location-after-char-end": 0,
      "node-str": "void"
    },
    {
      "type": "insert-node",
      "node": {
        "label": "public",
        "type": "Modifier"
      },
      "location-after-char-start": 0,
      "location-after-char-end": 0,
      "node-str": "public"
    },
    {
      "type": "insert-node",
      "node": {
        "label": "newPresentationFigure",
        "type": "Parameter"
      },
      "location-after-char-start": 7331,
      "location-after-char-end": 7358,
      "node-str": "newPresentationFigure"
    },
    {
      "type": "insert-node",
      "node": {
        "label": "\u003d",
        "type": "Assignment"
      },
      "location-after-char-start": 7365,
      "location-after-char-end": 7409,
      "node-str": "\u003d"
    },
    {
      "type": "insert-node",
      "node": {
        "label": "CH.ifa.draw.contrib.Figure",
        "type": "RETURN_TYPE"
      },
      "location-after-char-start": 0,
      "location-after-char-end": 0,
      "node-str": "CH.ifa.draw.contrib.Figure"
    },
    {
      "type": "insert-node",
      "node": {
        "label": "public",
        "type": "Modifier"
      },
      "location-after-char-start": 0,
      "location-after-char-end": 0,
      "node-str": "public"
    },
    {
      "type": "insert-node",
      "node": {
        "label": "return",
        "type": "Return"
      },
      "location-after-char-start": 7676,
      "location-after-char-end": 7703,
      "node-str": "return"
    },
    {
      "type": "insert-node",
      "node": {
        "label": "void",
        "type": "RETURN_TYPE"
      },
      "location-after-char-start": 0,
      "location-after-char-end": 0,
      "node-str": "void"
    },
    {
      "type": "insert-node",
      "node": {
        "label": "public",
        "type": "Modifier"
      },
      "location-after-char-start": 0,
      "location-after-char-end": 0,
      "node-str": "public"
    },
    {
      "type": "insert-node",
      "node": {
        "label": "newLayouter",
        "type": "Parameter"
      },
      "location-after-char-start": 8700,
      "location-after-char-end": 8719,
      "node-str": "newLayouter"
    },
    {
      "type": "insert-node",
      "node": {
        "label": "\u003d",
        "type": "Assignment"
      },
      "location-after-char-start": 8726,
      "location-after-char-end": 8750,
      "node-str": "\u003d"
    },
    {
      "type": "insert-node",
      "node": {
        "label": "CH.ifa.draw.contrib.Layouter",
        "type": "RETURN_TYPE"
      },
      "location-after-char-start": 0,
      "location-after-char-end": 0,
      "node-str": "CH.ifa.draw.contrib.Layouter"
    },
    {
      "type": "insert-node",
      "node": {
        "label": "public",
        "type": "Modifier"
      },
      "location-after-char-start": 0,
      "location-after-char-end": 0,
      "node-str": "public"
    },
    {
      "type": "insert-node",
      "node": {
        "label": "return",
        "type": "Return"
      },
      "location-after-char-start": 9056,
      "location-after-char-end": 9073,
      "node-str": "return"
    },
    {
      "type": "insert-node",
      "node": {
        "label": "void",
        "type": "RETURN_TYPE"
      },
      "location-after-char-start": 0,
      "location-after-char-end": 0,
      "node-str": "void"
    },
    {
      "type": "insert-node",
      "node": {
        "label": "java.io.IOException",
        "type": "THROWS"
      },
      "location-after-char-start": 0,
      "location-after-char-end": 0,
      "node-str": "java.io.IOException"
    },
    {
      "type": "insert-node",
      "node": {
        "label": "public",
        "type": "Modifier"
      },
      "location-after-char-start": 0,
      "location-after-char-end": 0,
      "node-str": "public"
    },
    {
      "type": "insert-node",
      "node": {
        "label": "dr",
        "type": "Parameter"
      },
      "location-after-char-start": 9943,
      "location-after-char-end": 9958,
      "node-str": "dr"
    },
    {
      "type": "insert-node",
      "node": {
        "label": "read",
        "type": "Invocation"
      },
      "location-after-char-start": 9984,
      "location-after-char-end": 9998,
      "node-str": "read"
    },
    {
      "type": "insert-node",
      "node": {
        "label": "setPresentationFigure",
        "type": "Invocation"
      },
      "location-after-char-start": 10002,
      "location-after-char-end": 10050,
      "node-str": "setPresentationFigure"
    },
    {
      "type": "insert-node",
      "node": {
        "label": "void",
        "type": "RETURN_TYPE"
      },
      "location-after-char-start": 0,
      "location-after-char-end": 0,
      "node-str": "void"
    },
    {
      "type": "insert-node",
      "node": {
        "label": "public",
        "type": "Modifier"
      },
      "location-after-char-start": 0,
      "location-after-char-end": 0,
      "node-str": "public"
    },
    {
      "type": "insert-node",
      "node": {
        "label": "dw",
        "type": "Parameter"
      },
      "location-after-char-start": 10279,
      "location-after-char-end": 10295,
      "node-str": "dw"
    },
    {
      "type": "insert-node",
      "node": {
        "label": "write",
        "type": "Invocation"
      },
      "location-after-char-start": 10302,
      "location-after-char-end": 10317,
      "node-str": "write"
    },
    {
      "type": "insert-node",
      "node": {
        "label": "writeStorable",
        "type": "Invocation"
      },
      "location-after-char-start": 10321,
      "location-after-char-end": 10362,
      "node-str": "writeStorable"
    },
    {
      "type": "insert-node",
      "node": {
        "label": "RectangleFigure()",
        "type": "ConstructorCall"
      },
      "location-after-char-start": 1883,
      "location-after-char-end": 1903,
      "node-str": "RectangleFigure()"
    },
    {
      "type": "insert-node",
      "node": {
        "label": "Figure",
        "type": "VARIABLE_TYPE"
      },
      "location-after-char-start": 0,
      "location-after-char-end": 0,
      "node-str": "Figure"
    },
    {
      "type": "insert-node",
      "node": {
        "label": "CH.ifa.draw.contrib.GraphicalCompositeFigure",
        "type": "TypeAccess"
      },
      "location-after-char-start": 0,
      "location-after-char-end": 0,
      "node-str": "CH.ifa.draw.contrib.GraphicalCompositeFigure"
    },
    {
      "type": "insert-node",
      "node": {
        "label": "newPresentationFigure",
        "type": "VariableRead"
      },
      "location-after-char-start": 2203,
      "location-after-char-end": 2223,
      "node-str": "newPresentationFigure"
    },
    {
      "type": "insert-node",
      "node": {
        "label": "CH.ifa.draw.contrib.GraphicalCompositeFigure",
        "type": "TypeAccess"
      },
      "location-after-char-start": 0,
      "location-after-char-end": 0,
      "node-str": "CH.ifa.draw.contrib.GraphicalCompositeFigure"
    },
    {
      "type": "insert-node",
      "node": {
        "label": "java.lang.Object",
        "type": "VARIABLE_TYPE"
      },
      "location-after-char-start": 0,
      "location-after-char-end": 0,
      "node-str": "java.lang.Object"
    },
    {
      "type": "insert-node",
      "node": {
        "label": "clone",
        "type": "Invocation"
      },
      "location-after-char-start": 2654,
      "location-after-char-end": 2666,
      "node-str": "clone"
    },
    {
      "type": "insert-node",
      "node": {
        "label": "cloneObject",
        "type": "VariableRead"
      },
      "location-after-char-start": 2671,
      "location-after-char-end": 2709,
      "node-str": "cloneObject"
    },
    {
      "type": "insert-node",
      "node": {
        "label": "cloneObject",
        "type": "VariableRead"
      },
      "location-after-char-start": 2734,
      "location-after-char-end": 2744,
      "node-str": "cloneObject"
    },
    {
      "type": "insert-node",
      "node": {
        "label": "java.awt.Point",
        "type": "VARIABLE_TYPE"
      },
      "location-after-char-start": 0,
      "location-after-char-end": 0,
      "node-str": "java.awt.Point"
    },
    {
      "type": "insert-node",
      "node": {
        "label": "java.awt.Point",
        "type": "VARIABLE_TYPE"
      },
      "location-after-char-start": 0,
      "location-after-char-end": 0,
      "node-str": "java.awt.Point"
    },
    {
      "type": "insert-node",
      "node": {
        "label": "java.awt.Rectangle",
        "type": "VARIABLE_TYPE"
      },
      "location-after-char-start": 0,
      "location-after-char-end": 0,
      "node-str": "java.awt.Rectangle"
    },
    {
      "type": "insert-node",
      "node": {
        "label": "layout",
        "type": "Invocation"
      },
      "location-after-char-start": 3118,
      "location-after-char-end": 3153,
      "node-str": "layout"
    },
    {
      "type": "insert-node",
      "node": {
        "label": "getPresentationFigure",
        "type": "Invocation"
      },
      "location-after-char-start": 3511,
      "location-after-char-end": 3533,
      "node-str": "getPresentationFigure"
    },
    {
      "type": "insert-node",
      "node": {
        "label": "getLocation",
        "type": "Invocation"
      },
      "location-after-char-start": 3551,
      "location-after-char-end": 3565,
      "node-str": "getLocation"
    },
    {
      "type": "insert-node",
      "node": {
        "label": "java.awt.Point(int,int)",
        "type": "ConstructorCall"
      },
      "location-after-char-start": 3571,
      "location-after-char-end": 3615,
      "node-str": "java.awt.Point(int,int)"
    },
    {
      "type": "insert-node",
      "node": {
        "label": "int",
        "type": "VARIABLE_TYPE"
      },
      "location-after-char-start": 0,
      "location-after-char-end": 0,
      "node-str": "int"
    },
    {
      "type": "insert-node",
      "node": {
        "label": "int",
        "type": "VARIABLE_TYPE"
      },
      "location-after-char-start": 0,
      "location-after-char-end": 0,
      "node-str": "int"
    },
    {
      "type": "insert-node",
      "node": {
        "label": "super",
        "type": "SuperAccess"
      },
      "location-after-char-start": 3845,
      "location-after-char-end": 3849,
      "node-str": "super"
    },
    {
      "type": "insert-node",
      "node": {
        "label": "dx",
        "type": "VariableRead"
      },
      "location-after-char-start": 3863,
      "location-after-char-end": 3864,
      "node-str": "dx"
    },
    {
      "type": "insert-node",
      "node": {
        "label": "dy",
        "type": "VariableRead"
      },
      "location-after-char-start": 3867,
      "location-after-char-end": 3868,
      "node-str": "dy"
    },
    {
      "type": "insert-node",
      "node": {
        "label": "getPresentationFigure",
        "type": "Invocation"
      },
      "location-after-char-start": 3874,
      "location-after-char-end": 3896,
      "node-str": "getPresentationFigure"
    },
    {
      "type": "insert-node",
      "node": {
        "label": "dx",
        "type": "VariableRead"
      },
      "location-after-char-start": 3905,
      "location-after-char-end": 3906,
      "node-str": "dx"
    },
    {
      "type": "insert-node",
      "node": {
        "label": "dy",
        "type": "VariableRead"
      },
      "location-after-char-start": 3909,
      "location-after-char-end": 3910,
      "node-str": "dy"
    },
    {
      "type": "insert-node",
      "node": {
        "label": "CH.ifa.draw.contrib.GraphicalCompositeFigure",
        "type": "TypeAccess"
      },
      "location-after-char-start": 0,
      "location-after-char-end": 0,
      "node-str": "CH.ifa.draw.contrib.GraphicalCompositeFigure"
    },
    {
      "type": "insert-node",
      "node": {
        "label": "CH.ifa.draw.contrib.GraphicalCompositeFigure",
        "type": "TypeAccess"
      },
      "location-after-char-start": 0,
      "location-after-char-end": 0,
      "node-str": "CH.ifa.draw.contrib.GraphicalCompositeFigure"
    },
    {
      "type": "insert-node",
      "node": {
        "label": "CH.ifa.draw.contrib.GraphicalCompositeFigure",
        "type": "TypeAccess"
      },
      "location-after-char-start": 0,
      "location-after-char-end": 0,
      "node-str": "CH.ifa.draw.contrib.GraphicalCompositeFigure"
    },
    {
      "type": "insert-node",
      "node": {
        "label": "CH.ifa.draw.contrib.GraphicalCompositeFigure",
        "type": "TypeAccess"
      },
      "location-after-char-start": 0,
      "location-after-char-end": 0,
      "node-str": "CH.ifa.draw.contrib.GraphicalCompositeFigure"
    },
    {
      "type": "insert-node",
      "node": {
        "label": "java.awt.Graphics",
        "type": "VARIABLE_TYPE"
      },
      "location-after-char-start": 0,
      "location-after-char-end": 0,
      "node-str": "java.awt.Graphics"
    },
    {
      "type": "insert-node",
      "node": {
        "label": "getPresentationFigure",
        "type": "Invocation"
      },
      "location-after-char-start": 4216,
      "location-after-char-end": 4238,
      "node-str": "getPresentationFigure"
    },
    {
      "type": "insert-node",
      "node": {
        "label": "g",
        "type": "VariableRead"
      },
      "location-after-char-start": 4245,
      "location-after-char-end": 4245,
      "node-str": "g"
    },
    {
      "type": "insert-node",
      "node": {
        "label": "super",
        "type": "SuperAccess"
      },
      "location-after-char-start": 4251,
      "location-after-char-end": 4255,
      "node-str": "super"
    },
    {
      "type": "insert-node",
      "node": {
        "label": "g",
        "type": "VariableRead"
      },
      "location-after-char-start": 4262,
      "location-after-char-end": 4262,
      "node-str": "g"
    },
    {
      "type": "insert-node",
      "node": {
        "label": "FigureAttributeConstant",
        "type": "VARIABLE_TYPE"
      },
      "location-after-char-start": 0,
      "location-after-char-end": 0,
      "node-str": "FigureAttributeConstant"
    },
    {
      "type": "insert-node",
      "node": {
        "label": "NE",
        "type": "BinaryOperator"
      },
      "location-after-char-start": 5575,
      "location-after-char-end": 5605,
      "node-str": "NE"
    },
    {
      "type": "insert-node",
      "node": {
        "label": "THEN",
        "type": "then"
      },
      "location-after-char-start": 5608,
      "location-after-char-end": 5679,
      "node-str": "THEN"
    },
    {
      "type": "insert-node",
      "node": {
        "label": "ELSE",
        "type": "else"
      },
      "location-after-char-start": 5688,
      "location-after-char-end": 5741,
      "node-str": "ELSE"
    },
    {
      "type": "insert-node",
      "node": {
        "label": "FigureAttributeConstant",
        "type": "VARIABLE_TYPE"
      },
      "location-after-char-start": 0,
      "location-after-char-end": 0,
      "node-str": "FigureAttributeConstant"
    },
    {
      "type": "insert-node",
      "node": {
        "label": "java.lang.Object",
        "type": "VARIABLE_TYPE"
      },
      "location-after-char-start": 0,
      "location-after-char-end": 0,
      "node-str": "java.lang.Object"
    },
    {
      "type": "insert-node",
      "node": {
        "label": "NE",
        "type": "BinaryOperator"
      },
      "location-after-char-start": 6885,
      "location-after-char-end": 6915,
      "node-str": "NE"
    },
    {
      "type": "insert-node",
      "node": {
        "label": "THEN",
        "type": "then"
      },
      "location-after-char-start": 6918,
      "location-after-char-end": 6989,
      "node-str": "THEN"
    },
    {
      "type": "insert-node",
      "node": {
        "label": "ELSE",
        "type": "else"
      },
      "location-after-char-start": 6998,
      "location-after-char-end": 7051,
      "node-str": "ELSE"
    },
    {
      "type": "insert-node",
      "node": {
        "label": "Figure",
        "type": "VARIABLE_TYPE"
      },
      "location-after-char-start": 0,
      "location-after-char-end": 0,
      "node-str": "Figure"
    },
    {
      "type": "insert-node",
      "node": {
        "label": "myPresentationFigure",
        "type": "FieldWrite"
      },
      "location-after-char-start": 7365,
      "location-after-char-end": 7384,
      "node-str": "myPresentationFigure"
    },
    {
      "type": "insert-node",
      "node": {
        "label": "newPresentationFigure",
        "type": "VariableRead"
      },
      "location-after-char-start": 7388,
      "location-after-char-end": 7408,
      "node-str": "newPresentationFigure"
    },
    {
      "type": "insert-node",
      "node": {
        "label": "myPresentationFigure",
        "type": "FieldRead"
      },
      "location-after-char-start": 7683,
      "location-after-char-end": 7702,
      "node-str": "myPresentationFigure"
    },
    {
      "type": "insert-node",
      "node": {
        "label": "Layouter",
        "type": "VARIABLE_TYPE"
      },
      "location-after-char-start": 0,
      "location-after-char-end": 0,
      "node-str": "Layouter"
    },
    {
      "type": "insert-node",
      "node": {
        "label": "myLayouter",
        "type": "FieldWrite"
      },
      "location-after-char-start": 8726,
      "location-after-char-end": 8735,
      "node-str": "myLayouter"
    },
    {
      "type": "insert-node",
      "node": {
        "label": "newLayouter",
        "type": "VariableRead"
      },
      "location-after-char-start": 8739,
      "location-after-char-end": 8749,
      "node-str": "newLayouter"
    },
    {
      "type": "insert-node",
      "node": {
        "label": "myLayouter",
        "type": "FieldRead"
      },
      "location-after-char-start": 9063,
      "location-after-char-end": 9072,
      "node-str": "myLayouter"
    },
    {
      "type": "insert-node",
      "node": {
        "label": "StorableInput",
        "type": "VARIABLE_TYPE"
      },
      "location-after-char-start": 0,
      "location-after-char-end": 0,
      "node-str": "StorableInput"
    },
    {
      "type": "insert-node",
      "node": {
        "label": "super",
        "type": "SuperAccess"
      },
      "location-after-char-start": 9984,
      "location-after-char-end": 9988,
      "node-str": "super"
    },
    {
      "type": "insert-node",
      "node": {
        "label": "dr",
        "type": "VariableRead"
      },
      "location-after-char-start": 9995,
      "location-after-char-end": 9996,
      "node-str": "dr"
    },
    {
      "type": "insert-node",
      "node": {
        "label": "CH.ifa.draw.contrib.GraphicalCompositeFigure",
        "type": "TypeAccess"
      },
      "location-after-char-start": 0,
      "location-after-char-end": 0,
      "node-str": "CH.ifa.draw.contrib.GraphicalCompositeFigure"
    },
    {
      "type": "insert-node",
      "node": {
        "label": "readStorable",
        "type": "Invocation"
      },
      "location-after-char-start": 10024,
      "location-after-char-end": 10048,
      "node-str": "readStorable"
    },
    {
      "type": "insert-node",
      "node": {
        "label": "StorableOutput",
        "type": "VARIABLE_TYPE"
      },
      "location-after-char-start": 0,
      "location-after-char-end": 0,
      "node-str": "StorableOutput"
    },
    {
      "type": "insert-node",
      "node": {
        "label": "super",
        "type": "SuperAccess"
      },
      "location-after-char-start": 10302,
      "location-after-char-end": 10306,
      "node-str": "super"
    },
    {
      "type": "insert-node",
      "node": {
        "label": "dw",
        "type": "VariableRead"
      },
      "location-after-char-start": 10314,
      "location-after-char-end": 10315,
      "node-str": "dw"
    },
    {
      "type": "insert-node",
      "node": {
        "label": "dw",
        "type": "VariableRead"
      },
      "location-after-char-start": 10321,
      "location-after-char-end": 10322,
      "node-str": "dw"
    },
    {
      "type": "insert-node",
      "node": {
        "label": "getPresentationFigure",
        "type": "Invocation"
      },
      "location-after-char-start": 10338,
      "location-after-char-end": 10360,
      "node-str": "getPresentationFigure"
    },
    {
      "type": "insert-node",
      "node": {
        "label": "super",
        "type": "SuperAccess"
      },
      "location-after-char-start": 2654,
      "location-after-char-end": 2658,
      "node-str": "super"
    },
    {
      "type": "insert-node",
      "node": {
        "label": "getLayouter",
        "type": "Invocation"
      },
      "location-after-char-start": 3118,
      "location-after-char-end": 3130,
      "node-str": "getLayouter"
    },
    {
      "type": "insert-node",
      "node": {
        "label": "origin",
        "type": "VariableRead"
      },
      "location-after-char-start": 3139,
      "location-after-char-end": 3144,
      "node-str": "origin"
    },
    {
      "type": "insert-node",
      "node": {
        "label": "corner",
        "type": "VariableRead"
      },
      "location-after-char-start": 3147,
      "location-after-char-end": 3152,
      "node-str": "corner"
    },
    {
      "type": "insert-node",
      "node": {
        "label": "CH.ifa.draw.contrib.GraphicalCompositeFigure",
        "type": "TypeAccess"
      },
      "location-after-char-start": 0,
      "location-after-char-end": 0,
      "node-str": "CH.ifa.draw.contrib.GraphicalCompositeFigure"
    },
    {
      "type": "insert-node",
      "node": {
        "label": "r",
        "type": "VariableRead"
      },
      "location-after-char-start": 3551,
      "location-after-char-end": 3551,
      "node-str": "r"
    },
    {
      "type": "insert-node",
      "node": {
        "label": "getMaxX",
        "type": "Invocation"
      },
      "location-after-char-start": 3581,
      "location-after-char-end": 3596,
      "node-str": "getMaxX"
    },
    {
      "type": "insert-node",
      "node": {
        "label": "getMaxY",
        "type": "Invocation"
      },
      "location-after-char-start": 3599,
      "location-after-char-end": 3614,
      "node-str": "getMaxY"
    },
    {
      "type": "insert-node",
      "node": {
        "label": "CH.ifa.draw.contrib.GraphicalCompositeFigure",
        "type": "TypeAccess"
      },
      "location-after-char-start": 0,
      "location-after-char-end": 0,
      "node-str": "CH.ifa.draw.contrib.GraphicalCompositeFigure"
    },
    {
      "type": "insert-node",
      "node": {
        "label": "CH.ifa.draw.contrib.GraphicalCompositeFigure",
        "type": "TypeAccess"
      },
      "location-after-char-start": 0,
      "location-after-char-end": 0,
      "node-str": "CH.ifa.draw.contrib.GraphicalCompositeFigure"
    },
    {
      "type": "insert-node",
      "node": {
        "label": "getPresentationFigure",
        "type": "Invocation"
      },
      "location-after-char-start": 5575,
      "location-after-char-end": 5597,
      "node-str": "getPresentationFigure"
    },
    {
      "type": "insert-node",
      "node": {
        "label": "null",
        "type": "Literal"
      },
      "location-after-char-start": 5602,
      "location-after-char-end": 5605,
      "node-str": "null"
    },
    {
      "type": "insert-node",
      "node": {
        "label": "return",
        "type": "Return"
      },
      "location-after-char-start": 5613,
      "location-after-char-end": 5675,
      "node-str": "return"
    },
    {
      "type": "insert-node",
      "node": {
        "label": "return",
        "type": "Return"
      },
      "location-after-char-start": 5693,
      "location-after-char-end": 5737,
      "node-str": "return"
    },
    {
      "type": "insert-node",
      "node": {
        "label": "getPresentationFigure",
        "type": "Invocation"
      },
      "location-after-char-start": 6885,
      "location-after-char-end": 6907,
      "node-str": "getPresentationFigure"
    },
    {
      "type": "insert-node",
      "node": {
        "label": "null",
        "type": "Literal"
      },
      "location-after-char-start": 6912,
      "location-after-char-end": 6915,
      "node-str": "null"
    },
    {
      "type": "insert-node",
      "node": {
        "label": "setAttribute",
        "type": "Invocation"
      },
      "location-after-char-start": 6923,
      "location-after-char-end": 6985,
      "node-str": "setAttribute"
    },
    {
      "type": "insert-node",
      "node": {
        "label": "setAttribute",
        "type": "Invocation"
      },
      "location-after-char-start": 7003,
      "location-after-char-end": 7047,
      "node-str": "setAttribute"
    },
    {
      "type": "insert-node",
      "node": {
        "label": "CH.ifa.draw.contrib.GraphicalCompositeFigure",
        "type": "TypeAccess"
      },
      "location-after-char-start": 0,
      "location-after-char-end": 0,
      "node-str": "CH.ifa.draw.contrib.GraphicalCompositeFigure"
    },
    {
      "type": "insert-node",
      "node": {
        "label": "CH.ifa.draw.contrib.GraphicalCompositeFigure",
        "type": "TypeAccess"
      },
      "location-after-char-start": 0,
      "location-after-char-end": 0,
      "node-str": "CH.ifa.draw.contrib.GraphicalCompositeFigure"
    },
    {
      "type": "insert-node",
      "node": {
        "label": "CH.ifa.draw.contrib.GraphicalCompositeFigure",
        "type": "TypeAccess"
      },
      "location-after-char-start": 0,
      "location-after-char-end": 0,
      "node-str": "CH.ifa.draw.contrib.GraphicalCompositeFigure"
    },
    {
      "type": "insert-node",
      "node": {
        "label": "CH.ifa.draw.contrib.GraphicalCompositeFigure",
        "type": "TypeAccess"
      },
      "location-after-char-start": 0,
      "location-after-char-end": 0,
      "node-str": "CH.ifa.draw.contrib.GraphicalCompositeFigure"
    },
    {
      "type": "insert-node",
      "node": {
        "label": "dr",
        "type": "VariableRead"
      },
      "location-after-char-start": 10032,
      "location-after-char-end": 10033,
      "node-str": "dr"
    },
    {
      "type": "insert-node",
      "node": {
        "label": "CH.ifa.draw.contrib.GraphicalCompositeFigure",
        "type": "TypeAccess"
      },
      "location-after-char-start": 0,
      "location-after-char-end": 0,
      "node-str": "CH.ifa.draw.contrib.GraphicalCompositeFigure"
    },
    {
      "type": "insert-node",
      "node": {
        "label": "CH.ifa.draw.contrib.GraphicalCompositeFigure",
        "type": "TypeAccess"
      },
      "location-after-char-start": 0,
      "location-after-char-end": 0,
      "node-str": "CH.ifa.draw.contrib.GraphicalCompositeFigure"
    },
    {
      "type": "insert-node",
      "node": {
        "label": "r",
        "type": "VariableRead"
      },
      "location-after-char-start": 3586,
      "location-after-char-end": 3586,
      "node-str": "r"
    },
    {
      "type": "insert-node",
      "node": {
        "label": "r",
        "type": "VariableRead"
      },
      "location-after-char-start": 3604,
      "location-after-char-end": 3604,
      "node-str": "r"
    },
    {
      "type": "insert-node",
      "node": {
        "label": "CH.ifa.draw.contrib.GraphicalCompositeFigure",
        "type": "TypeAccess"
      },
      "location-after-char-start": 0,
      "location-after-char-end": 0,
      "node-str": "CH.ifa.draw.contrib.GraphicalCompositeFigure"
    },
    {
      "type": "insert-node",
      "node": {
        "label": "getAttribute",
        "type": "Invocation"
      },
      "location-after-char-start": 5620,
      "location-after-char-end": 5674,
      "node-str": "getAttribute"
    },
    {
      "type": "insert-node",
      "node": {
        "label": "getAttribute",
        "type": "Invocation"
      },
      "location-after-char-start": 5700,
      "location-after-char-end": 5736,
      "node-str": "getAttribute"
    },
    {
      "type": "insert-node",
      "node": {
        "label": "CH.ifa.draw.contrib.GraphicalCompositeFigure",
        "type": "TypeAccess"
      },
      "location-after-char-start": 0,
      "location-after-char-end": 0,
      "node-str": "CH.ifa.draw.contrib.GraphicalCompositeFigure"
    },
    {
      "type": "insert-node",
      "node": {
        "label": "getPresentationFigure",
        "type": "Invocation"
      },
      "location-after-char-start": 6923,
      "location-after-char-end": 6945,
      "node-str": "getPresentationFigure"
    },
    {
      "type": "insert-node",
      "node": {
        "label": "attributeConstant",
        "type": "VariableRead"
      },
      "location-after-char-start": 6960,
      "location-after-char-end": 6976,
      "node-str": "attributeConstant"
    },
    {
      "type": "insert-node",
      "node": {
        "label": "value",
        "type": "VariableRead"
      },
      "location-after-char-start": 6979,
      "location-after-char-end": 6983,
      "node-str": "value"
    },
    {
      "type": "insert-node",
      "node": {
        "label": "super",
        "type": "SuperAccess"
      },
      "location-after-char-start": 7003,
      "location-after-char-end": 7007,
      "node-str": "super"
    },
    {
      "type": "insert-node",
      "node": {
        "label": "attributeConstant",
        "type": "VariableRead"
      },
      "location-after-char-start": 7022,
      "location-after-char-end": 7038,
      "node-str": "attributeConstant"
    },
    {
      "type": "insert-node",
      "node": {
        "label": "value",
        "type": "VariableRead"
      },
      "location-after-char-start": 7041,
      "location-after-char-end": 7045,
      "node-str": "value"
    },
    {
      "type": "insert-node",
      "node": {
        "label": "getPresentationFigure",
        "type": "Invocation"
      },
      "location-after-char-start": 5620,
      "location-after-char-end": 5642,
      "node-str": "getPresentationFigure"
    },
    {
      "type": "insert-node",
      "node": {
        "label": "attributeConstant",
        "type": "VariableRead"
      },
      "location-after-char-start": 5657,
      "location-after-char-end": 5673,
      "node-str": "attributeConstant"
    },
    {
      "type": "insert-node",
      "node": {
        "label": "super",
        "type": "SuperAccess"
      },
      "location-after-char-start": 5700,
      "location-after-char-end": 5704,
      "node-str": "super"
    },
    {
      "type": "insert-node",
      "node": {
        "label": "attributeConstant",
        "type": "VariableRead"
      },
      "location-after-char-start": 5719,
      "location-after-char-end": 5735,
      "node-str": "attributeConstant"
    },
    {
      "type": "insert-node",
      "node": {
        "label": "CH.ifa.draw.contrib.GraphicalCompositeFigure",
        "type": "TypeAccess"
      },
      "location-after-char-start": 0,
      "location-after-char-end": 0,
      "node-str": "CH.ifa.draw.contrib.GraphicalCompositeFigure"
    },
    {
      "type": "insert-node",
      "node": {
        "label": "CH.ifa.draw.contrib.GraphicalCompositeFigure",
        "type": "TypeAccess"
      },
      "location-after-char-start": 0,
      "location-after-char-end": 0,
      "node-str": "CH.ifa.draw.contrib.GraphicalCompositeFigure"
    },
    {
      "type": "delete-node",
      "node": {
        "label": "public",
        "type": "Modifier"
      },
      "location-before-char-start": 0,
      "location-before-char-end": 0,
      "node-str": "public"
    },
    {
      "type": "delete-node",
      "node": {
        "label": "CompositeFigure",
        "type": "SUPER_TYPE"
      },
      "location-before-char-start": 0,
      "location-before-char-end": 0,
      "node-str": "CompositeFigure"
    },
    {
      "type": "delete-node",
      "node": {
        "label": "",
        "type": "TypeReference"
      },
      "location-before-char-start": 1217,
      "location-before-char-end": 1231,
      "node-str": ""
    },
    {
      "type": "delete-node",
      "node": {
        "label": "CH.ifa.draw.contrib.Figure",
        "type": "VARIABLE_TYPE"
      },
      "location-before-char-start": 0,
      "location-before-char-end": 0,
      "node-str": "CH.ifa.draw.contrib.Figure"
    },
    {
      "type": "delete-node",
      "node": {
        "label": "myPresentationFigure",
        "type": "Field"
      },
      "location-before-char-start": 1260,
      "location-before-char-end": 1496,
      "node-str": "myPresentationFigure"
    },
    {
      "type": "delete-node",
      "node": {
        "label": "CH.ifa.draw.contrib.Layouter",
        "type": "VARIABLE_TYPE"
      },
      "location-before-char-start": 0,
      "location-before-char-end": 0,
      "node-str": "CH.ifa.draw.contrib.Layouter"
    },
    {
      "type": "delete-node",
      "node": {
        "label": "myLayouter",
        "type": "Field"
      },
      "location-before-char-start": 1501,
      "location-before-char-end": 1624,
      "node-str": "myLayouter"
    },
    {
      "type": "delete-node",
      "node": {
        "label": "long",
        "type": "VARIABLE_TYPE"
      },
      "location-before-char-start": 0,
      "location-before-char-end": 0,
      "node-str": "long"
    },
    {
      "type": "delete-node",
      "node": {
        "label": "final",
        "type": "Modifier"
      },
      "location-before-char-start": 0,
      "location-before-char-end": 0,
      "node-str": "final"
    },
    {
      "type": "delete-node",
      "node": {
        "label": "static",
        "type": "Modifier"
      },
      "location-before-char-start": 0,
      "location-before-char-end": 0,
      "node-str": "static"
    },
    {
      "type": "delete-node",
      "node": {
        "label": "1265742491024232713L",
        "type": "Literal"
      },
      "location-before-char-start": 1673,
      "location-before-char-end": 1692,
      "node-str": "1265742491024232713L"
    },
    {
      "type": "delete-node",
      "node": {
        "label": "serialVersionUID",
        "type": "Field"
      },
      "location-before-char-start": 1628,
      "location-before-char-end": 1693,
      "node-str": "serialVersionUID"
    },
    {
      "type": "delete-node",
      "node": {
        "label": "public",
        "type": "Modifier"
      },
      "location-before-char-start": 0,
      "location-before-char-end": 0,
      "node-str": "public"
    },
    {
      "type": "delete-node",
      "node": {
        "label": "RectangleFigure()",
        "type": "ConstructorCall"
      },
      "location-before-char-start": 1886,
      "location-before-char-end": 1906,
      "node-str": "RectangleFigure()"
    },
    {
      "type": "delete-node",
      "node": {
        "label": "\u003cinit\u003e",
        "type": "Invocation"
      },
      "location-before-char-start": 1881,
      "location-before-char-end": 1908,
      "node-str": "\u003cinit\u003e"
    },
    {
      "type": "delete-node",
      "node": {
        "label": "\u003cinit\u003e",
        "type": "Constructor"
      },
      "location-before-char-start": 1698,
      "location-before-char-end": 1911,
      "node-str": "\u003cinit\u003e"
    },
    {
      "type": "delete-node",
      "node": {
        "label": "public",
        "type": "Modifier"
      },
      "location-before-char-start": 0,
      "location-before-char-end": 0,
      "node-str": "public"
    },
    {
      "type": "delete-node",
      "node": {
        "label": "Figure",
        "type": "VARIABLE_TYPE"
      },
      "location-before-char-start": 0,
      "location-before-char-end": 0,
      "node-str": "Figure"
    },
    {
      "type": "delete-node",
      "node": {
        "label": "newPresentationFigure",
        "type": "Parameter"
      },
      "location-before-char-start": 2140,
      "location-before-char-end": 2167,
      "node-str": "newPresentationFigure"
    },
    {
      "type": "delete-node",
      "node": {
        "label": "\u003cinit\u003e",
        "type": "Invocation"
      },
      "location-before-char-start": 2174,
      "location-before-char-end": 2181,
      "node-str": "\u003cinit\u003e"
    },
    {
      "type": "delete-node",
      "node": {
        "label": "CH.ifa.draw.contrib.GraphicalCompositeFigure",
        "type": "TypeAccess"
      },
      "location-before-char-start": 0,
      "location-before-char-end": 0,
      "node-str": "CH.ifa.draw.contrib.GraphicalCompositeFigure"
    },
    {
      "type": "delete-node",
      "node": {
        "label": "newPresentationFigure",
        "type": "VariableRead"
      },
      "location-before-char-start": 2207,
      "location-before-char-end": 2227,
      "node-str": "newPresentationFigure"
    },
    {
      "type": "delete-node",
      "node": {
        "label": "setPresentationFigure",
        "type": "Invocation"
      },
      "location-before-char-start": 2185,
      "location-before-char-end": 2229,
      "node-str": "setPresentationFigure"
    },
    {
      "type": "delete-node",
      "node": {
        "label": "CH.ifa.draw.contrib.GraphicalCompositeFigure",
        "type": "TypeAccess"
      },
      "location-before-char-start": 0,
      "location-before-char-end": 0,
      "node-str": "CH.ifa.draw.contrib.GraphicalCompositeFigure"
    },
    {
      "type": "delete-node",
      "node": {
        "label": "initialize",
        "type": "Invocation"
      },
      "location-before-char-start": 2233,
      "location-before-char-end": 2245,
      "node-str": "initialize"
    },
    {
      "type": "delete-node",
      "node": {
        "label": "\u003cinit\u003e",
        "type": "Constructor"
      },
      "location-before-char-start": 1916,
      "location-before-char-end": 2248,
      "node-str": "\u003cinit\u003e"
    },
    {
      "type": "delete-node",
      "node": {
        "label": "java.lang.Object",
        "type": "RETURN_TYPE"
      },
      "location-before-char-start": 0,
      "location-before-char-end": 0,
      "node-str": "java.lang.Object"
    },
    {
      "type": "delete-node",
      "node": {
        "label": "public",
        "type": "Modifier"
      },
      "location-before-char-start": 0,
      "location-before-char-end": 0,
      "node-str": "public"
    },
    {
      "type": "delete-node",
      "node": {
        "label": "java.lang.Object",
        "type": "VARIABLE_TYPE"
      },
      "location-before-char-start": 0,
      "location-before-char-end": 0,
      "node-str": "java.lang.Object"
    },
    {
      "type": "delete-node",
      "node": {
        "label": "super",
        "type": "SuperAccess"
      },
      "location-before-char-start": 2658,
      "location-before-char-end": 2662,
      "node-str": "super"
    },
    {
      "type": "delete-node",
      "node": {
        "label": "clone",
        "type": "Invocation"
      },
      "location-before-char-start": 2658,
      "location-before-char-end": 2670,
      "node-str": "clone"
    },
    {
      "type": "delete-node",
      "node": {
        "label": "cloneObject",
        "type": "LocalVariable"
      },
      "location-before-char-start": 2637,
      "location-before-char-end": 2671,
      "node-str": "cloneObject"
    },
    {
      "type": "delete-node",
      "node": {
        "label": "cloneObject",
        "type": "VariableRead"
      },
      "location-before-char-start": 2675,
      "location-before-char-end": 2713,
      "node-str": "cloneObject"
    },
    {
      "type": "delete-node",
      "node": {
        "label": "initialize",
        "type": "Invocation"
      },
      "location-before-char-start": 2675,
      "location-before-char-end": 2727,
      "node-str": "initialize"
    },
    {
      "type": "delete-node",
      "node": {
        "label": "cloneObject",
        "type": "VariableRead"
      },
      "location-before-char-start": 2738,
      "location-before-char-end": 2748,
      "node-str": "cloneObject"
    },
    {
      "type": "delete-node",
      "node": {
        "label": "return",
        "type": "Return"
      },
      "location-before-char-start": 2731,
      "location-before-char-end": 2749,
      "node-str": "return"
    },
    {
      "type": "delete-node",
      "node": {
        "label": "clone",
        "type": "Method"
      },
      "location-before-char-start": 2536,
      "location-before-char-end": 2752,
      "node-str": "clone"
    },
    {
      "type": "delete-node",
      "node": {
        "label": "void",
        "type": "RETURN_TYPE"
      },
      "location-before-char-start": 0,
      "location-before-char-end": 0,
      "node-str": "void"
    },
    {
      "type": "delete-node",
      "node": {
        "label": "public",
        "type": "Modifier"
      },
      "location-before-char-start": 0,
      "location-before-char-end": 0,
      "node-str": "public"
    },
    {
      "type": "delete-node",
      "node": {
        "label": "java.awt.Point",
        "type": "VARIABLE_TYPE"
      },
      "location-before-char-start": 0,
      "location-before-char-end": 0,
      "node-str": "java.awt.Point"
    },
    {
      "type": "delete-node",
      "node": {
        "label": "origin",
        "type": "Parameter"
      },
      "location-before-char-start": 3076,
      "location-before-char-end": 3087,
      "node-str": "origin"
    },
    {
      "type": "delete-node",
      "node": {
        "label": "java.awt.Point",
        "type": "VARIABLE_TYPE"
      },
      "location-before-char-start": 0,
      "location-before-char-end": 0,
      "node-str": "java.awt.Point"
    },
    {
      "type": "delete-node",
      "node": {
        "label": "corner",
        "type": "Parameter"
      },
      "location-before-char-start": 3090,
      "location-before-char-end": 3101,
      "node-str": "corner"
    },
    {
      "type": "delete-node",
      "node": {
        "label": "java.awt.Rectangle",
        "type": "VARIABLE_TYPE"
      },
      "location-before-char-start": 0,
      "location-before-char-end": 0,
      "node-str": "java.awt.Rectangle"
    },
    {
      "type": "delete-node",
      "node": {
        "label": "CH.ifa.draw.contrib.GraphicalCompositeFigure",
        "type": "TypeAccess"
      },
      "location-before-char-start": 0,
      "location-before-char-end": 0,
      "node-str": "CH.ifa.draw.contrib.GraphicalCompositeFigure"
    },
    {
      "type": "delete-node",
      "node": {
        "label": "getLayouter",
        "type": "Invocation"
      },
      "location-before-char-start": 3122,
      "location-before-char-end": 3134,
      "node-str": "getLayouter"
    },
    {
      "type": "delete-node",
      "node": {
        "label": "origin",
        "type": "VariableRead"
      },
      "location-before-char-start": 3143,
      "location-before-char-end": 3148,
      "node-str": "origin"
    },
    {
      "type": "delete-node",
      "node": {
        "label": "corner",
        "type": "VariableRead"
      },
      "location-before-char-start": 3151,
      "location-before-char-end": 3156,
      "node-str": "corner"
    },
    {
      "type": "delete-node",
      "node": {
        "label": "layout",
        "type": "Invocation"
      },
      "location-before-char-start": 3122,
      "location-before-char-end": 3157,
      "node-str": "layout"
    },
    {
      "type": "delete-node",
      "node": {
        "label": "r",
        "type": "LocalVariable"
      },
      "location-before-char-start": 3108,
      "location-before-char-end": 3158,
      "node-str": "r"
    },
    {
      "type": "delete-node",
      "node": {
        "label": "CH.ifa.draw.contrib.GraphicalCompositeFigure",
        "type": "TypeAccess"
      },
      "location-before-char-start": 0,
      "location-before-char-end": 0,
      "node-str": "CH.ifa.draw.contrib.GraphicalCompositeFigure"
    },
    {
      "type": "delete-node",
      "node": {
        "label": "getPresentationFigure",
        "type": "Invocation"
      },
      "location-before-char-start": 3162,
      "location-before-char-end": 3184,
      "node-str": "getPresentationFigure"
    },
    {
      "type": "delete-node",
      "node": {
        "label": "r",
        "type": "VariableRead"
      },
      "location-before-char-start": 3202,
      "location-before-char-end": 3202,
      "node-str": "r"
    },
    {
      "type": "delete-node",
      "node": {
        "label": "getLocation",
        "type": "Invocation"
      },
      "location-before-char-start": 3202,
      "location-before-char-end": 3216,
      "node-str": "getLocation"
    },
    {
      "type": "delete-node",
      "node": {
        "label": "r",
        "type": "VariableRead"
      },
      "location-before-char-start": 3229,
      "location-before-char-end": 3229,
      "node-str": "r"
    },
    {
      "type": "delete-node",
      "node": {
        "label": "width",
        "type": "FieldRead"
      },
      "location-before-char-start": 3229,
      "location-before-char-end": 3235,
      "node-str": "width"
    },
    {
      "type": "delete-node",
      "node": {
        "label": "r",
        "type": "VariableRead"
      },
      "location-before-char-start": 3238,
      "location-before-char-end": 3238,
      "node-str": "r"
    },
    {
      "type": "delete-node",
      "node": {
        "label": "height",
        "type": "FieldRead"
      },
      "location-before-char-start": 3238,
      "location-before-char-end": 3245,
      "node-str": "height"
    },
    {
      "type": "delete-node",
      "node": {
        "label": "java.awt.Point(int,int)",
        "type": "ConstructorCall"
      },
      "location-before-char-start": 3219,
      "location-before-char-end": 3246,
      "node-str": "java.awt.Point(int,int)"
    },
    {
      "type": "delete-node",
      "node": {
        "label": "basicDisplayBox",
        "type": "Invocation"
      },
      "location-before-char-start": 3162,
      "location-before-char-end": 3248,
      "node-str": "basicDisplayBox"
    },
    {
      "type": "delete-node",
      "node": {
        "label": "basicDisplayBox",
        "type": "Method"
      },
      "location-before-char-start": 2945,
      "location-before-char-end": 3251,
      "node-str": "basicDisplayBox"
    },
    {
      "type": "delete-node",
      "node": {
        "label": "void",
        "type": "RETURN_TYPE"
      },
      "location-before-char-start": 0,
      "location-before-char-end": 0,
      "node-str": "void"
    },
    {
      "type": "delete-node",
      "node": {
        "label": "protected",
        "type": "Modifier"
      },
      "location-before-char-start": 0,
      "location-before-char-end": 0,
      "node-str": "protected"
    },
    {
      "type": "delete-node",
      "node": {
        "label": "int",
        "type": "VARIABLE_TYPE"
      },
      "location-before-char-start": 0,
      "location-before-char-end": 0,
      "node-str": "int"
    },
    {
      "type": "delete-node",
      "node": {
        "label": "dx",
        "type": "Parameter"
      },
      "location-before-char-start": 3456,
      "location-before-char-end": 3461,
      "node-str": "dx"
    },
    {
      "type": "delete-node",
      "node": {
        "label": "int",
        "type": "VARIABLE_TYPE"
      },
      "location-before-char-start": 0,
      "location-before-char-end": 0,
      "node-str": "int"
    },
    {
      "type": "delete-node",
      "node": {
        "label": "dy",
        "type": "Parameter"
      },
      "location-before-char-start": 3464,
      "location-before-char-end": 3469,
      "node-str": "dy"
    },
    {
      "type": "delete-node",
      "node": {
        "label": "super",
        "type": "SuperAccess"
      },
      "location-before-char-start": 3476,
      "location-before-char-end": 3480,
      "node-str": "super"
    },
    {
      "type": "delete-node",
      "node": {
        "label": "dx",
        "type": "VariableRead"
      },
      "location-before-char-start": 3494,
      "location-before-char-end": 3495,
      "node-str": "dx"
    },
    {
      "type": "delete-node",
      "node": {
        "label": "dy",
        "type": "VariableRead"
      },
      "location-before-char-start": 3498,
      "location-before-char-end": 3499,
      "node-str": "dy"
    },
    {
      "type": "delete-node",
      "node": {
        "label": "basicMoveBy",
        "type": "Invocation"
      },
      "location-before-char-start": 3476,
      "location-before-char-end": 3501,
      "node-str": "basicMoveBy"
    },
    {
      "type": "delete-node",
      "node": {
        "label": "CH.ifa.draw.contrib.GraphicalCompositeFigure",
        "type": "TypeAccess"
      },
      "location-before-char-start": 0,
      "location-before-char-end": 0,
      "node-str": "CH.ifa.draw.contrib.GraphicalCompositeFigure"
    },
    {
      "type": "delete-node",
      "node": {
        "label": "getPresentationFigure",
        "type": "Invocation"
      },
      "location-before-char-start": 3505,
      "location-before-char-end": 3527,
      "node-str": "getPresentationFigure"
    },
    {
      "type": "delete-node",
      "node": {
        "label": "dx",
        "type": "VariableRead"
      },
      "location-before-char-start": 3536,
      "location-before-char-end": 3537,
      "node-str": "dx"
    },
    {
      "type": "delete-node",
      "node": {
        "label": "dy",
        "type": "VariableRead"
      },
      "location-before-char-start": 3540,
      "location-before-char-end": 3541,
      "node-str": "dy"
    },
    {
      "type": "delete-node",
      "node": {
        "label": "moveBy",
        "type": "Invocation"
      },
      "location-before-char-start": 3505,
      "location-before-char-end": 3543,
      "node-str": "moveBy"
    },
    {
      "type": "delete-node",
      "node": {
        "label": "basicMoveBy",
        "type": "Method"
      },
      "location-before-char-start": 3255,
      "location-before-char-end": 3546,
      "node-str": "basicMoveBy"
    },
    {
      "type": "delete-node",
      "node": {
        "label": "void",
        "type": "RETURN_TYPE"
      },
      "location-before-char-start": 0,
      "location-before-char-end": 0,
      "node-str": "void"
    },
    {
      "type": "delete-node",
      "node": {
        "label": "public",
        "type": "Modifier"
      },
      "location-before-char-start": 0,
      "location-before-char-end": 0,
      "node-str": "public"
    },
    {
      "type": "delete-node",
      "node": {
        "label": "CH.ifa.draw.contrib.GraphicalCompositeFigure",
        "type": "TypeAccess"
      },
      "location-before-char-start": 0,
      "location-before-char-end": 0,
      "node-str": "CH.ifa.draw.contrib.GraphicalCompositeFigure"
    },
    {
      "type": "delete-node",
      "node": {
        "label": "willChange",
        "type": "Invocation"
      },
      "location-before-char-start": 3661,
      "location-before-char-end": 3673,
      "node-str": "willChange"
    },
    {
      "type": "delete-node",
      "node": {
        "label": "CH.ifa.draw.contrib.GraphicalCompositeFigure",
        "type": "TypeAccess"
      },
      "location-before-char-start": 0,
      "location-before-char-end": 0,
      "node-str": "CH.ifa.draw.contrib.GraphicalCompositeFigure"
    },
    {
      "type": "delete-node",
      "node": {
        "label": "layout",
        "type": "Invocation"
      },
      "location-before-char-start": 3677,
      "location-before-char-end": 3685,
      "node-str": "layout"
    },
    {
      "type": "delete-node",
      "node": {
        "label": "CH.ifa.draw.contrib.GraphicalCompositeFigure",
        "type": "TypeAccess"
      },
      "location-before-char-start": 0,
      "location-before-char-end": 0,
      "node-str": "CH.ifa.draw.contrib.GraphicalCompositeFigure"
    },
    {
      "type": "delete-node",
      "node": {
        "label": "change",
        "type": "Invocation"
      },
      "location-before-char-start": 3689,
      "location-before-char-end": 3697,
      "node-str": "change"
    },
    {
      "type": "delete-node",
      "node": {
        "label": "CH.ifa.draw.contrib.GraphicalCompositeFigure",
        "type": "TypeAccess"
      },
      "location-before-char-start": 0,
      "location-before-char-end": 0,
      "node-str": "CH.ifa.draw.contrib.GraphicalCompositeFigure"
    },
    {
      "type": "delete-node",
      "node": {
        "label": "changed",
        "type": "Invocation"
      },
      "location-before-char-start": 3701,
      "location-before-char-end": 3710,
      "node-str": "changed"
    },
    {
      "type": "delete-node",
      "node": {
        "label": "update",
        "type": "Method"
      },
      "location-before-char-start": 3550,
      "location-before-char-end": 3713,
      "node-str": "update"
    },
    {
      "type": "delete-node",
      "node": {
        "label": "void",
        "type": "RETURN_TYPE"
      },
      "location-before-char-start": 0,
      "location-before-char-end": 0,
      "node-str": "void"
    },
    {
      "type": "delete-node",
      "node": {
        "label": "public",
        "type": "Modifier"
      },
      "location-before-char-start": 0,
      "location-before-char-end": 0,
      "node-str": "public"
    },
    {
      "type": "delete-node",
      "node": {
        "label": "java.awt.Graphics",
        "type": "VARIABLE_TYPE"
      },
      "location-before-char-start": 0,
      "location-before-char-end": 0,
      "node-str": "java.awt.Graphics"
    },
    {
      "type": "delete-node",
      "node": {
        "label": "g",
        "type": "Parameter"
      },
      "location-before-char-start": 3831,
      "location-before-char-end": 3840,
      "node-str": "g"
    },
    {
      "type": "delete-node",
      "node": {
        "label": "CH.ifa.draw.contrib.GraphicalCompositeFigure",
        "type": "TypeAccess"
      },
      "location-before-char-start": 0,
      "location-before-char-end": 0,
      "node-str": "CH.ifa.draw.contrib.GraphicalCompositeFigure"
    },
    {
      "type": "delete-node",
      "node": {
        "label": "getPresentationFigure",
        "type": "Invocation"
      },
      "location-before-char-start": 3847,
      "location-before-char-end": 3869,
      "node-str": "getPresentationFigure"
    },
    {
      "type": "delete-node",
      "node": {
        "label": "g",
        "type": "VariableRead"
      },
      "location-before-char-start": 3876,
      "location-before-char-end": 3876,
      "node-str": "g"
    },
    {
      "type": "delete-node",
      "node": {
        "label": "draw",
        "type": "Invocation"
      },
      "location-before-char-start": 3847,
      "location-before-char-end": 3878,
      "node-str": "draw"
    },
    {
      "type": "delete-node",
      "node": {
        "label": "super",
        "type": "SuperAccess"
      },
      "location-before-char-start": 3882,
      "location-before-char-end": 3886,
      "node-str": "super"
    },
    {
      "type": "delete-node",
      "node": {
        "label": "g",
        "type": "VariableRead"
      },
      "location-before-char-start": 3893,
      "location-before-char-end": 3893,
      "node-str": "g"
    },
    {
      "type": "delete-node",
      "node": {
        "label": "draw",
        "type": "Invocation"
      },
      "location-before-char-start": 3882,
      "location-before-char-end": 3895,
      "node-str": "draw"
    },
    {
      "type": "delete-node",
      "node": {
        "label": "draw",
        "type": "Method"
      },
      "location-before-char-start": 3717,
      "location-before-char-end": 3898,
      "node-str": "draw"
    },
    {
      "type": "delete-node",
      "node": {
        "label": "void",
        "type": "RETURN_TYPE"
      },
      "location-before-char-start": 0,
      "location-before-char-end": 0,
      "node-str": "void"
    },
    {
      "type": "delete-node",
      "node": {
        "label": "public",
        "type": "Modifier"
      },
      "location-before-char-start": 0,
      "location-before-char-end": 0,
      "node-str": "public"
    },
    {
      "type": "delete-node",
      "node": {
        "label": "Figure",
        "type": "VARIABLE_TYPE"
      },
      "location-before-char-start": 0,
      "location-before-char-end": 0,
      "node-str": "Figure"
    },
    {
      "type": "delete-node",
      "node": {
        "label": "newPresentationFigure",
        "type": "Parameter"
      },
      "location-before-char-start": 5500,
      "location-before-char-end": 5527,
      "node-str": "newPresentationFigure"
    },
    {
      "type": "delete-node",
      "node": {
        "label": "CH.ifa.draw.contrib.GraphicalCompositeFigure",
        "type": "TypeAccess"
      },
      "location-before-char-start": 0,
      "location-before-char-end": 0,
      "node-str": "CH.ifa.draw.contrib.GraphicalCompositeFigure"
    },
    {
      "type": "delete-node",
      "node": {
        "label": "myPresentationFigure",
        "type": "FieldWrite"
      },
      "location-before-char-start": 5534,
      "location-before-char-end": 5553,
      "node-str": "myPresentationFigure"
    },
    {
      "type": "delete-node",
      "node": {
        "label": "newPresentationFigure",
        "type": "VariableRead"
      },
      "location-before-char-start": 5557,
      "location-before-char-end": 5577,
      "node-str": "newPresentationFigure"
    },
    {
      "type": "delete-node",
      "node": {
        "label": "\u003d",
        "type": "Assignment"
      },
      "location-before-char-start": 5534,
      "location-before-char-end": 5578,
      "node-str": "\u003d"
    },
    {
      "type": "delete-node",
      "node": {
        "label": "setPresentationFigure",
        "type": "Method"
      },
      "location-before-char-start": 5227,
      "location-before-char-end": 5581,
      "node-str": "setPresentationFigure"
    },
    {
      "type": "delete-node",
      "node": {
        "label": "CH.ifa.draw.contrib.Figure",
        "type": "RETURN_TYPE"
      },
      "location-before-char-start": 0,
      "location-before-char-end": 0,
      "node-str": "CH.ifa.draw.contrib.Figure"
    },
    {
      "type": "delete-node",
      "node": {
        "label": "public",
        "type": "Modifier"
      },
      "location-before-char-start": 0,
      "location-before-char-end": 0,
      "node-str": "public"
    },
    {
      "type": "delete-node",
      "node": {
        "label": "CH.ifa.draw.contrib.GraphicalCompositeFigure",
        "type": "TypeAccess"
      },
      "location-before-char-start": 0,
      "location-before-char-end": 0,
      "node-str": "CH.ifa.draw.contrib.GraphicalCompositeFigure"
    },
    {
      "type": "delete-node",
      "node": {
        "label": "myPresentationFigure",
        "type": "FieldRead"
      },
      "location-before-char-start": 5852,
      "location-before-char-end": 5871,
      "node-str": "myPresentationFigure"
    },
    {
      "type": "delete-node",
      "node": {
        "label": "return",
        "type": "Return"
      },
      "location-before-char-start": 5845,
      "location-before-char-end": 5872,
      "node-str": "return"
    },
    {
      "type": "delete-node",
      "node": {
        "label": "getPresentationFigure",
        "type": "Method"
      },
      "location-before-char-start": 5585,
      "location-before-char-end": 5875,
      "node-str": "getPresentationFigure"
    },
    {
      "type": "delete-node",
      "node": {
        "label": "void",
        "type": "RETURN_TYPE"
      },
      "location-before-char-start": 0,
      "location-before-char-end": 0,
      "node-str": "void"
    },
    {
      "type": "delete-node",
      "node": {
        "label": "public",
        "type": "Modifier"
      },
      "location-before-char-start": 0,
      "location-before-char-end": 0,
      "node-str": "public"
    },
    {
      "type": "delete-node",
      "node": {
        "label": "Layouter",
        "type": "VARIABLE_TYPE"
      },
      "location-before-char-start": 0,
      "location-before-char-end": 0,
      "node-str": "Layouter"
    },
    {
      "type": "delete-node",
      "node": {
        "label": "newLayouter",
        "type": "Parameter"
      },
      "location-before-char-start": 6869,
      "location-before-char-end": 6888,
      "node-str": "newLayouter"
    },
    {
      "type": "delete-node",
      "node": {
        "label": "CH.ifa.draw.contrib.GraphicalCompositeFigure",
        "type": "TypeAccess"
      },
      "location-before-char-start": 0,
      "location-before-char-end": 0,
      "node-str": "CH.ifa.draw.contrib.GraphicalCompositeFigure"
    },
    {
      "type": "delete-node",
      "node": {
        "label": "myLayouter",
        "type": "FieldWrite"
      },
      "location-before-char-start": 6895,
      "location-before-char-end": 6904,
      "node-str": "myLayouter"
    },
    {
      "type": "delete-node",
      "node": {
        "label": "newLayouter",
        "type": "VariableRead"
      },
      "location-before-char-start": 6908,
      "location-before-char-end": 6918,
      "node-str": "newLayouter"
    },
    {
      "type": "delete-node",
      "node": {
        "label": "\u003d",
        "type": "Assignment"
      },
      "location-before-char-start": 6895,
      "location-before-char-end": 6919,
      "node-str": "\u003d"
    },
    {
      "type": "delete-node",
      "node": {
        "label": "setLayouter",
        "type": "Method"
      },
      "location-before-char-start": 6378,
      "location-before-char-end": 6922,
      "node-str": "setLayouter"
    },
    {
      "type": "delete-node",
      "node": {
        "label": "CH.ifa.draw.contrib.Layouter",
        "type": "RETURN_TYPE"
      },
      "location-before-char-start": 0,
      "location-before-char-end": 0,
      "node-str": "CH.ifa.draw.contrib.Layouter"
    },
    {
      "type": "delete-node",
      "node": {
        "label": "public",
        "type": "Modifier"
      },
      "location-before-char-start": 0,
      "location-before-char-end": 0,
      "node-str": "public"
    },
    {
      "type": "delete-node",
      "node": {
        "label": "CH.ifa.draw.contrib.GraphicalCompositeFigure",
        "type": "TypeAccess"
      },
      "location-before-char-start": 0,
      "location-before-char-end": 0,
      "node-str": "CH.ifa.draw.contrib.GraphicalCompositeFigure"
    },
    {
      "type": "delete-node",
      "node": {
        "label": "myLayouter",
        "type": "FieldRead"
      },
      "location-before-char-start": 7232,
      "location-before-char-end": 7241,
      "node-str": "myLayouter"
    },
    {
      "type": "delete-node",
      "node": {
        "label": "return",
        "type": "Return"
      },
      "location-before-char-start": 7225,
      "location-before-char-end": 7242,
      "node-str": "return"
    },
    {
      "type": "delete-node",
      "node": {
        "label": "getLayouter",
        "type": "Method"
      },
      "location-before-char-start": 6926,
      "location-before-char-end": 7245,
      "node-str": "getLayouter"
    },
    {
      "type": "delete-node",
      "node": {
        "label": "void",
        "type": "RETURN_TYPE"
      },
      "location-before-char-start": 0,
      "location-before-char-end": 0,
      "node-str": "void"
    },
    {
      "type": "delete-node",
      "node": {
        "label": "java.io.IOException",
        "type": "THROWS"
      },
      "location-before-char-start": 0,
      "location-before-char-end": 0,
      "node-str": "java.io.IOException"
    },
    {
      "type": "delete-node",
      "node": {
        "label": "public",
        "type": "Modifier"
      },
      "location-before-char-start": 0,
      "location-before-char-end": 0,
      "node-str": "public"
    },
    {
      "type": "delete-node",
      "node": {
        "label": "StorableInput",
        "type": "VARIABLE_TYPE"
      },
      "location-before-char-start": 0,
      "location-before-char-end": 0,
      "node-str": "StorableInput"
    },
    {
      "type": "delete-node",
      "node": {
        "label": "dr",
        "type": "Parameter"
      },
      "location-before-char-start": 8113,
      "location-before-char-end": 8128,
      "node-str": "dr"
    },
    {
      "type": "delete-node",
      "node": {
        "label": "super",
        "type": "SuperAccess"
      },
      "location-before-char-start": 8154,
      "location-before-char-end": 8158,
      "node-str": "super"
    },
    {
      "type": "delete-node",
      "node": {
        "label": "dr",
        "type": "VariableRead"
      },
      "location-before-char-start": 8165,
      "location-before-char-end": 8166,
      "node-str": "dr"
    },
    {
      "type": "delete-node",
      "node": {
        "label": "read",
        "type": "Invocation"
      },
      "location-before-char-start": 8154,
      "location-before-char-end": 8168,
      "node-str": "read"
    },
    {
      "type": "delete-node",
      "node": {
        "label": "CH.ifa.draw.contrib.GraphicalCompositeFigure",
        "type": "TypeAccess"
      },
      "location-before-char-start": 0,
      "location-before-char-end": 0,
      "node-str": "CH.ifa.draw.contrib.GraphicalCompositeFigure"
    },
    {
      "type": "delete-node",
      "node": {
        "label": "dr",
        "type": "VariableRead"
      },
      "location-before-char-start": 8202,
      "location-before-char-end": 8203,
      "node-str": "dr"
    },
    {
      "type": "delete-node",
      "node": {
        "label": "readStorable",
        "type": "Invocation"
      },
      "location-before-char-start": 8194,
      "location-before-char-end": 8218,
      "node-str": "readStorable"
    },
    {
      "type": "delete-node",
      "node": {
        "label": "setPresentationFigure",
        "type": "Invocation"
      },
      "location-before-char-start": 8172,
      "location-before-char-end": 8220,
      "node-str": "setPresentationFigure"
    },
    {
      "type": "delete-node",
      "node": {
        "label": "read",
        "type": "Method"
      },
      "location-before-char-start": 7877,
      "location-before-char-end": 8223,
      "node-str": "read"
    },
    {
      "type": "delete-node",
      "node": {
        "label": "void",
        "type": "RETURN_TYPE"
      },
      "location-before-char-start": 0,
      "location-before-char-end": 0,
      "node-str": "void"
    },
    {
      "type": "delete-node",
      "node": {
        "label": "public",
        "type": "Modifier"
      },
      "location-before-char-start": 0,
      "location-before-char-end": 0,
      "node-str": "public"
    },
    {
      "type": "delete-node",
      "node": {
        "label": "StorableOutput",
        "type": "VARIABLE_TYPE"
      },
      "location-before-char-start": 0,
      "location-before-char-end": 0,
      "node-str": "StorableOutput"
    },
    {
      "type": "delete-node",
      "node": {
        "label": "dw",
        "type": "Parameter"
      },
      "location-before-char-start": 8449,
      "location-before-char-end": 8465,
      "node-str": "dw"
    },
    {
      "type": "delete-node",
      "node": {
        "label": "super",
        "type": "SuperAccess"
      },
      "location-before-char-start": 8472,
      "location-before-char-end": 8476,
      "node-str": "super"
    },
    {
      "type": "delete-node",
      "node": {
        "label": "dw",
        "type": "VariableRead"
      },
      "location-before-char-start": 8484,
      "location-before-char-end": 8485,
      "node-str": "dw"
    },
    {
      "type": "delete-node",
      "node": {
        "label": "write",
        "type": "Invocation"
      },
      "location-before-char-start": 8472,
      "location-before-char-end": 8487,
      "node-str": "write"
    },
    {
      "type": "delete-node",
      "node": {
        "label": "dw",
        "type": "VariableRead"
      },
      "location-before-char-start": 8491,
      "location-before-char-end": 8492,
      "node-str": "dw"
    },
    {
      "type": "delete-node",
      "node": {
        "label": "CH.ifa.draw.contrib.GraphicalCompositeFigure",
        "type": "TypeAccess"
      },
      "location-before-char-start": 0,
      "location-before-char-end": 0,
      "node-str": "CH.ifa.draw.contrib.GraphicalCompositeFigure"
    },
    {
      "type": "delete-node",
      "node": {
        "label": "getPresentationFigure",
        "type": "Invocation"
      },
      "location-before-char-start": 8508,
      "location-before-char-end": 8530,
      "node-str": "getPresentationFigure"
    },
    {
      "type": "delete-node",
      "node": {
        "label": "writeStorable",
        "type": "Invocation"
      },
      "location-before-char-start": 8491,
      "location-before-char-end": 8532,
      "node-str": "writeStorable"
    },
    {
      "type": "delete-node",
      "node": {
        "label": "write",
        "type": "Method"
      },
      "location-before-char-start": 8227,
      "location-before-char-end": 8535,
      "node-str": "write"
    },
    {
      "type": "delete-node",
      "node": {
        "label": "GraphicalCompositeFigure",
        "type": "Class"
      },
      "location-before-char-start": 556,
      "location-before-char-end": 8537,
      "node-str": "GraphicalCompositeFigure"
    }
  ],
  "before-file": {},
  "after-file": {},
  "mapping": {}
}