{
  "tool-info": {},
  "diff": [
    {
      "type": "insert-node",
      "node": {
        "label": "public",
        "type": "Modifier"
      },
      "location-after-char-start": 0,
      "location-after-char-end": 0,
      "node-str": "public"
    },
    {
      "type": "insert-node",
      "node": {
        "label": "",
        "type": "TypeReference"
      },
      "location-after-char-start": 3227,
      "location-after-char-end": 3265,
      "node-str": ""
    },
    {
      "type": "insert-node",
      "node": {
        "label": "org.tigris.scarab.om.BaseAttributeGroup",
        "type": "SUPER_TYPE"
      },
      "location-after-char-start": 0,
      "location-after-char-end": 0,
      "node-str": "org.tigris.scarab.om.BaseAttributeGroup"
    },
    {
      "type": "insert-node",
      "node": {
        "label": "void",
        "type": "RETURN_TYPE"
      },
      "location-after-char-start": 0,
      "location-after-char-end": 0,
      "node-str": "void"
    },
    {
      "type": "insert-node",
      "node": {
        "label": "java.lang.Exception",
        "type": "THROWS"
      },
      "location-after-char-start": 0,
      "location-after-char-end": 0,
      "node-str": "java.lang.Exception"
    },
    {
      "type": "insert-node",
      "node": {
        "label": "public",
        "type": "Modifier"
      },
      "location-after-char-start": 0,
      "location-after-char-end": 0,
      "node-str": "public"
    },
    {
      "type": "insert-node",
      "node": {
        "label": "attribute",
        "type": "Parameter"
      },
      "location-after-char-start": 12841,
      "location-after-char-end": 12859,
      "node-str": "attribute"
    },
    {
      "type": "insert-node",
      "node": {
        "label": "issueType",
        "type": "LocalVariable"
      },
      "location-after-char-start": 12919,
      "location-after-char-end": 12955,
      "node-str": "issueType"
    },
    {
      "type": "insert-node",
      "node": {
        "label": "module",
        "type": "LocalVariable"
      },
      "location-after-char-start": 12965,
      "location-after-char-end": 12992,
      "node-str": "module"
    },
    {
      "type": "insert-node",
      "node": {
        "label": "save",
        "type": "Invocation"
      },
      "location-after-char-start": 13144,
      "location-after-char-end": 13155,
      "node-str": "save"
    },
    {
      "type": "insert-node",
      "node": {
        "label": "clear",
        "type": "Invocation"
      },
      "location-after-char-start": 15377,
      "location-after-char-end": 15396,
      "node-str": "clear"
    },
    {
      "type": "insert-node",
      "node": {
        "label": "org.tigris.scarab.om.Attribute",
        "type": "VARIABLE_TYPE"
      },
      "location-after-char-start": 0,
      "location-after-char-end": 0,
      "node-str": "org.tigris.scarab.om.Attribute"
    },
    {
      "type": "insert-node",
      "node": {
        "label": "org.tigris.scarab.om.IssueType",
        "type": "VARIABLE_TYPE"
      },
      "location-after-char-start": 0,
      "location-after-char-end": 0,
      "node-str": "org.tigris.scarab.om.IssueType"
    },
    {
      "type": "insert-node",
      "node": {
        "label": "getIssueType",
        "type": "Invocation"
      },
      "location-after-char-start": 12941,
      "location-after-char-end": 12954,
      "node-str": "getIssueType"
    },
    {
      "type": "insert-node",
      "node": {
        "label": "java.lang.Module",
        "type": "VARIABLE_TYPE"
      },
      "location-after-char-start": 0,
      "location-after-char-end": 0,
      "node-str": "java.lang.Module"
    },
    {
      "type": "insert-node",
      "node": {
        "label": "getModule",
        "type": "Invocation"
      },
      "location-after-char-start": 12981,
      "location-after-char-end": 12991,
      "node-str": "getModule"
    },
    {
      "type": "insert-node",
      "node": {
        "label": "raag",
        "type": "VariableRead"
      },
      "location-after-char-start": 13144,
      "location-after-char-end": 13147,
      "node-str": "raag"
    },
    {
      "type": "insert-node",
      "node": {
        "label": "org.tigris.scarab.services.cache.ScarabCache",
        "type": "TypeAccess"
      },
      "location-after-char-start": 15377,
      "location-after-char-end": 15387,
      "node-str": "org.tigris.scarab.services.cache.ScarabCache"
    },
    {
      "type": "insert-node",
      "node": {
        "label": "org.tigris.scarab.om.AttributeGroup",
        "type": "TypeAccess"
      },
      "location-after-char-start": 0,
      "location-after-char-end": 0,
      "node-str": "org.tigris.scarab.om.AttributeGroup"
    },
    {
      "type": "insert-node",
      "node": {
        "label": "org.tigris.scarab.om.AttributeGroup",
        "type": "TypeAccess"
      },
      "location-after-char-start": 0,
      "location-after-char-end": 0,
      "node-str": "org.tigris.scarab.om.AttributeGroup"
    },
    {
      "type": "delete-node",
      "node": {
        "label": "public",
        "type": "Modifier"
      },
      "location-before-char-start": 0,
      "location-before-char-end": 0,
      "node-str": "public"
    },
    {
      "type": "delete-node",
      "node": {
        "label": "org.tigris.scarab.om.BaseAttributeGroup",
        "type": "SUPER_TYPE"
      },
      "location-before-char-start": 0,
      "location-before-char-end": 0,
      "node-str": "org.tigris.scarab.om.BaseAttributeGroup"
    },
    {
      "type": "delete-node",
      "node": {
        "label": "",
        "type": "TypeReference"
      },
      "location-before-char-start": 3227,
      "location-before-char-end": 3265,
      "node-str": ""
    },
    {
      "type": "delete-node",
      "node": {
        "label": "void",
        "type": "RETURN_TYPE"
      },
      "location-before-char-start": 0,
      "location-before-char-end": 0,
      "node-str": "void"
    },
    {
      "type": "delete-node",
      "node": {
        "label": "java.lang.Exception",
        "type": "THROWS"
      },
      "location-before-char-start": 0,
      "location-before-char-end": 0,
      "node-str": "java.lang.Exception"
    },
    {
      "type": "delete-node",
      "node": {
        "label": "public",
        "type": "Modifier"
      },
      "location-before-char-start": 0,
      "location-before-char-end": 0,
      "node-str": "public"
    },
    {
      "type": "delete-node",
      "node": {
        "label": "org.tigris.scarab.om.Attribute",
        "type": "VARIABLE_TYPE"
      },
      "location-before-char-start": 0,
      "location-before-char-end": 0,
      "node-str": "org.tigris.scarab.om.Attribute"
    },
    {
      "type": "delete-node",
      "node": {
        "label": "attribute",
        "type": "Parameter"
      },
      "location-before-char-start": 12841,
      "location-before-char-end": 12859,
      "node-str": "attribute"
    },
    {
      "type": "delete-node",
      "node": {
        "label": "org.tigris.scarab.om.IssueType",
        "type": "VARIABLE_TYPE"
      },
      "location-before-char-start": 0,
      "location-before-char-end": 0,
      "node-str": "org.tigris.scarab.om.IssueType"
    },
    {
      "type": "delete-node",
      "node": {
        "label": "org.tigris.scarab.om.AttributeGroup",
        "type": "TypeAccess"
      },
      "location-before-char-start": 0,
      "location-before-char-end": 0,
      "node-str": "org.tigris.scarab.om.AttributeGroup"
    },
    {
      "type": "delete-node",
      "node": {
        "label": "getIssueType",
        "type": "Invocation"
      },
      "location-before-char-start": 12941,
      "location-before-char-end": 12954,
      "node-str": "getIssueType"
    },
    {
      "type": "delete-node",
      "node": {
        "label": "issueType",
        "type": "LocalVariable"
      },
      "location-before-char-start": 12919,
      "location-before-char-end": 12955,
      "node-str": "issueType"
    },
    {
      "type": "delete-node",
      "node": {
        "label": "java.lang.Module",
        "type": "VARIABLE_TYPE"
      },
      "location-before-char-start": 0,
      "location-before-char-end": 0,
      "node-str": "java.lang.Module"
    },
    {
      "type": "delete-node",
      "node": {
        "label": "org.tigris.scarab.om.AttributeGroup",
        "type": "TypeAccess"
      },
      "location-before-char-start": 0,
      "location-before-char-end": 0,
      "node-str": "org.tigris.scarab.om.AttributeGroup"
    },
    {
      "type": "delete-node",
      "node": {
        "label": "getModule",
        "type": "Invocation"
      },
      "location-before-char-start": 12981,
      "location-before-char-end": 12991,
      "node-str": "getModule"
    },
    {
      "type": "delete-node",
      "node": {
        "label": "module",
        "type": "LocalVariable"
      },
      "location-before-char-start": 12965,
      "location-before-char-end": 12992,
      "node-str": "module"
    },
    {
      "type": "delete-node",
      "node": {
        "label": "raag",
        "type": "VariableRead"
      },
      "location-before-char-start": 13144,
      "location-before-char-end": 13147,
      "node-str": "raag"
    },
    {
      "type": "delete-node",
      "node": {
        "label": "save",
        "type": "Invocation"
      },
      "location-before-char-start": 13144,
      "location-before-char-end": 13155,
      "node-str": "save"
    },
    {
      "type": "delete-node",
      "node": {
        "label": "org.tigris.scarab.om.AttributeGroup",
        "type": "TypeAccess"
      },
      "location-before-char-start": 0,
      "location-before-char-end": 0,
      "node-str": "org.tigris.scarab.om.AttributeGroup"
    },
    {
      "type": "delete-node",
      "node": {
        "label": "getAttributes",
        "type": "Invocation"
      },
      "location-before-char-start": 15377,
      "location-before-char-end": 15391,
      "node-str": "getAttributes"
    },
    {
      "type": "delete-node",
      "node": {
        "label": "attribute",
        "type": "VariableRead"
      },
      "location-before-char-start": 15397,
      "location-before-char-end": 15405,
      "node-str": "attribute"
    },
    {
      "type": "delete-node",
      "node": {
        "label": "add",
        "type": "Invocation"
      },
      "location-before-char-start": 15377,
      "location-before-char-end": 15407,
      "node-str": "add"
    }
  ],
  "before-file": {},
  "after-file": {},
  "mapping": {}
}