{
  "tool-info": {},
  "diff": [
    {
      "type": "insert-node",
      "node": {
        "label": "public",
        "type": "Modifier"
      },
      "location-after-char-start": 0,
      "location-after-char-end": 0,
      "node-str": "public"
    },
    {
      "type": "insert-node",
      "node": {
        "label": "registryInetAddress",
        "type": "Field"
      },
      "location-after-char-start": 2041,
      "location-after-char-end": 2183,
      "node-str": "registryInetAddress"
    },
    {
      "type": "insert-node",
      "node": {
        "label": "isStarted",
        "type": "Method"
      },
      "location-after-char-start": 6559,
      "location-after-char-end": 7148,
      "node-str": "isStarted"
    },
    {
      "type": "insert-node",
      "node": {
        "label": "java.net.InetAddress",
        "type": "VARIABLE_TYPE"
      },
      "location-after-char-start": 0,
      "location-after-char-end": 0,
      "node-str": "java.net.InetAddress"
    },
    {
      "type": "insert-node",
      "node": {
        "label": "null",
        "type": "Literal"
      },
      "location-after-char-start": 2179,
      "location-after-char-end": 2182,
      "node-str": "null"
    },
    {
      "type": "insert-node",
      "node": {
        "label": "boolean",
        "type": "RETURN_TYPE"
      },
      "location-after-char-start": 0,
      "location-after-char-end": 0,
      "node-str": "boolean"
    },
    {
      "type": "insert-node",
      "node": {
        "label": "public",
        "type": "Modifier"
      },
      "location-after-char-start": 0,
      "location-after-char-end": 0,
      "node-str": "public"
    },
    {
      "type": "move-subtree",
      "node": {
        "label": "if",
        "type": "If"
      },
      "location-before-char-start": 5745,
      "location-before-char-end": 5802,
      "location-after-char-start": 6731,
      "location-after-char-end": 6788,
      "node-str": "if"
    },
    {
      "type": "insert-node",
      "node": {
        "label": "",
        "type": "Try"
      },
      "location-after-char-start": 6798,
      "location-after-char-end": 7121,
      "node-str": ""
    },
    {
      "type": "move-subtree",
      "node": {
        "label": "return",
        "type": "Return"
      },
      "location-before-char-start": 5959,
      "location-before-char-end": 5970,
      "location-after-char-start": 7131,
      "location-after-char-end": 7142,
      "node-str": "return"
    },
    {
      "type": "insert-node",
      "node": {
        "label": "if",
        "type": "If"
      },
      "location-after-char-start": 6816,
      "location-after-char-end": 7046,
      "node-str": "if"
    },
    {
      "type": "move-subtree",
      "node": {
        "label": "",
        "type": "Catch"
      },
      "location-before-char-start": 5885,
      "location-before-char-end": 5949,
      "location-after-char-start": 7057,
      "location-after-char-end": 7121,
      "node-str": ""
    },
    {
      "type": "insert-node",
      "node": {
        "label": "NE",
        "type": "BinaryOperator"
      },
      "location-after-char-start": 6820,
      "location-after-char-end": 6846,
      "node-str": "NE"
    },
    {
      "type": "insert-node",
      "node": {
        "label": "THEN",
        "type": "then"
      },
      "location-after-char-start": 6849,
      "location-after-char-end": 6963,
      "node-str": "THEN"
    },
    {
      "type": "insert-node",
      "node": {
        "label": "ELSE",
        "type": "else"
      },
      "location-after-char-start": 6970,
      "location-after-char-end": 7046,
      "node-str": "ELSE"
    },
    {
      "type": "insert-node",
      "node": {
        "label": "if",
        "type": "If"
      },
      "location-after-char-start": 4330,
      "location-after-char-end": 4497,
      "node-str": "if"
    },
    {
      "type": "insert-node",
      "node": {
        "label": "registryInetAddress",
        "type": "FieldRead"
      },
      "location-after-char-start": 6820,
      "location-after-char-end": 6838,
      "node-str": "registryInetAddress"
    },
    {
      "type": "insert-node",
      "node": {
        "label": "null",
        "type": "Literal"
      },
      "location-after-char-start": 6843,
      "location-after-char-end": 6846,
      "node-str": "null"
    },
    {
      "type": "insert-node",
      "node": {
        "label": "list",
        "type": "Invocation"
      },
      "location-after-char-start": 6867,
      "location-after-char-end": 6949,
      "node-str": "list"
    },
    {
      "type": "move-subtree",
      "node": {
        "label": "list",
        "type": "Invocation"
      },
      "location-before-char-start": 5830,
      "location-before-char-end": 5874,
      "location-after-char-start": 6988,
      "location-after-char-end": 7032,
      "node-str": "list"
    },
    {
      "type": "insert-node",
      "node": {
        "label": "NE",
        "type": "BinaryOperator"
      },
      "location-after-char-start": 4334,
      "location-after-char-end": 4360,
      "node-str": "NE"
    },
    {
      "type": "insert-node",
      "node": {
        "label": "THEN",
        "type": "then"
      },
      "location-after-char-start": 4363,
      "location-after-char-end": 4497,
      "node-str": "THEN"
    },
    {
      "type": "insert-node",
      "node": {
        "label": "org.objectweb.carol.jndi.ns.JRMPRegistry",
        "type": "TypeAccess"
      },
      "location-after-char-start": 0,
      "location-after-char-end": 0,
      "node-str": "org.objectweb.carol.jndi.ns.JRMPRegistry"
    },
    {
      "type": "insert-node",
      "node": {
        "label": "getRegistry",
        "type": "Invocation"
      },
      "location-after-char-start": 6867,
      "location-after-char-end": 6941,
      "node-str": "getRegistry"
    },
    {
      "type": "insert-node",
      "node": {
        "label": "\u003d",
        "type": "Assignment"
      },
      "location-after-char-start": 3257,
      "location-after-char-end": 3313,
      "node-str": "\u003d"
    },
    {
      "type": "insert-node",
      "node": {
        "label": "useSingleItf",
        "type": "LocalVariable"
      },
      "location-after-char-start": 3335,
      "location-after-char-end": 3446,
      "node-str": "useSingleItf"
    },
    {
      "type": "insert-node",
      "node": {
        "label": "if",
        "type": "If"
      },
      "location-after-char-start": 3468,
      "location-after-char-end": 3762,
      "node-str": "if"
    },
    {
      "type": "insert-node",
      "node": {
        "label": "registryInetAddress",
        "type": "FieldRead"
      },
      "location-after-char-start": 4334,
      "location-after-char-end": 4352,
      "node-str": "registryInetAddress"
    },
    {
      "type": "insert-node",
      "node": {
        "label": "null",
        "type": "Literal"
      },
      "location-after-char-start": 4357,
      "location-after-char-end": 4360,
      "node-str": "null"
    },
    {
      "type": "insert-node",
      "node": {
        "label": "infoCarol",
        "type": "Invocation"
      },
      "location-after-char-start": 4385,
      "location-after-char-end": 4479,
      "node-str": "infoCarol"
    },
    {
      "type": "insert-node",
      "node": {
        "label": "java.rmi.registry.LocateRegistry",
        "type": "TypeAccess"
      },
      "location-after-char-start": 6867,
      "location-after-char-end": 6880,
      "node-str": "java.rmi.registry.LocateRegistry"
    },
    {
      "type": "insert-node",
      "node": {
        "label": "getHostAddress",
        "type": "Invocation"
      },
      "location-after-char-start": 6894,
      "location-after-char-end": 6929,
      "node-str": "getHostAddress"
    },
    {
      "type": "insert-node",
      "node": {
        "label": "getPort",
        "type": "Invocation"
      },
      "location-after-char-start": 6932,
      "location-after-char-end": 6940,
      "node-str": "getPort"
    },
    {
      "type": "insert-node",
      "node": {
        "label": "propertyName",
        "type": "VariableWrite"
      },
      "location-after-char-start": 3257,
      "location-after-char-end": 3268,
      "node-str": "propertyName"
    },
    {
      "type": "insert-node",
      "node": {
        "label": "SERVER_JRMP_SINGLE_ITF",
        "type": "FieldRead"
      },
      "location-after-char-start": 3272,
      "location-after-char-end": 3312,
      "node-str": "SERVER_JRMP_SINGLE_ITF"
    },
    {
      "type": "insert-node",
      "node": {
        "label": "boolean",
        "type": "VARIABLE_TYPE"
      },
      "location-after-char-start": 0,
      "location-after-char-end": 0,
      "node-str": "boolean"
    },
    {
      "type": "insert-node",
      "node": {
        "label": "booleanValue",
        "type": "Invocation"
      },
      "location-after-char-start": 3358,
      "location-after-char-end": 3445,
      "node-str": "booleanValue"
    },
    {
      "type": "insert-node",
      "node": {
        "label": "useSingleItf",
        "type": "VariableRead"
      },
      "location-after-char-start": 3472,
      "location-after-char-end": 3483,
      "node-str": "useSingleItf"
    },
    {
      "type": "insert-node",
      "node": {
        "label": "THEN",
        "type": "then"
      },
      "location-after-char-start": 3486,
      "location-after-char-end": 3762,
      "node-str": "THEN"
    },
    {
      "type": "insert-node",
      "node": {
        "label": "org.objectweb.carol.jndi.ns.JRMPRegistry",
        "type": "TypeAccess"
      },
      "location-after-char-start": 0,
      "location-after-char-end": 0,
      "node-str": "org.objectweb.carol.jndi.ns.JRMPRegistry"
    },
    {
      "type": "insert-node",
      "node": {
        "label": "org.objectweb.carol.util.configuration.TraceCarol",
        "type": "TypeAccess"
      },
      "location-after-char-start": 4385,
      "location-after-char-end": 4394,
      "node-str": "org.objectweb.carol.util.configuration.TraceCarol"
    },
    {
      "type": "insert-node",
      "node": {
        "label": "PLUS",
        "type": "BinaryOperator"
      },
      "location-after-char-start": 4406,
      "location-after-char-end": 4477,
      "node-str": "PLUS"
    },
    {
      "type": "insert-node",
      "node": {
        "label": "registryInetAddress",
        "type": "FieldRead"
      },
      "location-after-char-start": 6894,
      "location-after-char-end": 6912,
      "node-str": "registryInetAddress"
    },
    {
      "type": "insert-node",
      "node": {
        "label": "org.objectweb.carol.jndi.ns.JRMPRegistry",
        "type": "TypeAccess"
      },
      "location-after-char-start": 0,
      "location-after-char-end": 0,
      "node-str": "org.objectweb.carol.jndi.ns.JRMPRegistry"
    },
    {
      "type": "insert-node",
      "node": {
        "label": "org.objectweb.carol.util.configuration.CarolDefaultValues",
        "type": "TypeAccess"
      },
      "location-after-char-start": 0,
      "location-after-char-end": 0,
      "node-str": "org.objectweb.carol.util.configuration.CarolDefaultValues"
    },
    {
      "type": "insert-node",
      "node": {
        "label": "valueOf",
        "type": "Invocation"
      },
      "location-after-char-start": 3358,
      "location-after-char-end": 3430,
      "node-str": "valueOf"
    },
    {
      "type": "insert-node",
      "node": {
        "label": "url",
        "type": "LocalVariable"
      },
      "location-after-char-start": 3512,
      "location-after-char-end": 3634,
      "node-str": "url"
    },
    {
      "type": "insert-node",
      "node": {
        "label": "\u003d",
        "type": "Assignment"
      },
      "location-after-char-start": 3660,
      "location-after-char-end": 3740,
      "node-str": "\u003d"
    },
    {
      "type": "insert-node",
      "node": {
        "label": "PLUS",
        "type": "BinaryOperator"
      },
      "location-after-char-start": 4406,
      "location-after-char-end": 4470,
      "node-str": "PLUS"
    },
    {
      "type": "insert-node",
      "node": {
        "label": "\"\u0027.\"",
        "type": "Literal"
      },
      "location-after-char-start": 4474,
      "location-after-char-end": 4477,
      "node-str": "\"\u0027.\""
    },
    {
      "type": "update-node",
      "node": {
        "label": "org.objectweb.carol.jndi.registry.ManageableRegistry",
        "type": "TypeAccess"
      },
      "location-before-char-start": 3604,
      "location-before-char-end": 3621,
      "location-after-char-start": 4569,
      "location-after-char-end": 4586,
      "node-str": "org.objectweb.carol.jndi.registry.jrmp.ManageableRegistry"
    },
    {
      "type": "insert-node",
      "node": {
        "label": "registryInetAddress",
        "type": "FieldRead"
      },
      "location-after-char-start": 4635,
      "location-after-char-end": 4653,
      "node-str": "registryInetAddress"
    },
    {
      "type": "insert-node",
      "node": {
        "label": "org.objectweb.carol.jndi.ns.JRMPRegistry",
        "type": "TypeAccess"
      },
      "location-after-char-start": 0,
      "location-after-char-end": 0,
      "node-str": "org.objectweb.carol.jndi.ns.JRMPRegistry"
    },
    {
      "type": "insert-node",
      "node": {
        "label": "java.lang.Boolean",
        "type": "TypeAccess"
      },
      "location-after-char-start": 3358,
      "location-after-char-end": 3364,
      "node-str": "java.lang.Boolean"
    },
    {
      "type": "insert-node",
      "node": {
        "label": "getProperty",
        "type": "Invocation"
      },
      "location-after-char-start": 3374,
      "location-after-char-end": 3429,
      "node-str": "getProperty"
    },
    {
      "type": "insert-node",
      "node": {
        "label": "java.lang.String",
        "type": "VARIABLE_TYPE"
      },
      "location-after-char-start": 0,
      "location-after-char-end": 0,
      "node-str": "java.lang.String"
    },
    {
      "type": "insert-node",
      "node": {
        "label": "getProperty",
        "type": "Invocation"
      },
      "location-after-char-start": 3525,
      "location-after-char-end": 3633,
      "node-str": "getProperty"
    },
    {
      "type": "insert-node",
      "node": {
        "label": "registryInetAddress",
        "type": "FieldWrite"
      },
      "location-after-char-start": 3660,
      "location-after-char-end": 3678,
      "node-str": "registryInetAddress"
    },
    {
      "type": "insert-node",
      "node": {
        "label": "getByName",
        "type": "Invocation"
      },
      "location-after-char-start": 3682,
      "location-after-char-end": 3739,
      "node-str": "getByName"
    },
    {
      "type": "insert-node",
      "node": {
        "label": "\"Using Specific address to bind registry \u0027\"",
        "type": "Literal"
      },
      "location-after-char-start": 4406,
      "location-after-char-end": 4448,
      "node-str": "\"Using Specific address to bind registry \u0027\""
    },
    {
      "type": "insert-node",
      "node": {
        "label": "registryInetAddress",
        "type": "FieldRead"
      },
      "location-after-char-start": 4452,
      "location-after-char-end": 4470,
      "node-str": "registryInetAddress"
    },
    {
      "type": "insert-node",
      "node": {
        "label": "org.objectweb.carol.jndi.ns.JRMPRegistry",
        "type": "TypeAccess"
      },
      "location-after-char-start": 0,
      "location-after-char-end": 0,
      "node-str": "org.objectweb.carol.jndi.ns.JRMPRegistry"
    },
    {
      "type": "insert-node",
      "node": {
        "label": "getConfigProperties",
        "type": "Invocation"
      },
      "location-after-char-start": 3374,
      "location-after-char-end": 3394,
      "node-str": "getConfigProperties"
    },
    {
      "type": "insert-node",
      "node": {
        "label": "propertyName",
        "type": "VariableRead"
      },
      "location-after-char-start": 3408,
      "location-after-char-end": 3419,
      "node-str": "propertyName"
    },
    {
      "type": "insert-node",
      "node": {
        "label": "\"false\"",
        "type": "Literal"
      },
      "location-after-char-start": 3422,
      "location-after-char-end": 3428,
      "node-str": "\"false\""
    },
    {
      "type": "insert-node",
      "node": {
        "label": "getConfigProperties",
        "type": "Invocation"
      },
      "location-after-char-start": 3525,
      "location-after-char-end": 3545,
      "node-str": "getConfigProperties"
    },
    {
      "type": "insert-node",
      "node": {
        "label": "PLUS",
        "type": "BinaryOperator"
      },
      "location-after-char-start": 3559,
      "location-after-char-end": 3632,
      "node-str": "PLUS"
    },
    {
      "type": "insert-node",
      "node": {
        "label": "org.objectweb.carol.jndi.ns.JRMPRegistry",
        "type": "TypeAccess"
      },
      "location-after-char-start": 0,
      "location-after-char-end": 0,
      "node-str": "org.objectweb.carol.jndi.ns.JRMPRegistry"
    },
    {
      "type": "insert-node",
      "node": {
        "label": "java.net.InetAddress",
        "type": "TypeAccess"
      },
      "location-after-char-start": 3682,
      "location-after-char-end": 3692,
      "node-str": "java.net.InetAddress"
    },
    {
      "type": "insert-node",
      "node": {
        "label": "getHostOfUrl",
        "type": "Invocation"
      },
      "location-after-char-start": 3704,
      "location-after-char-end": 3738,
      "node-str": "getHostOfUrl"
    },
    {
      "type": "insert-node",
      "node": {
        "label": "org.objectweb.carol.jndi.ns.JRMPRegistry",
        "type": "TypeAccess"
      },
      "location-after-char-start": 0,
      "location-after-char-end": 0,
      "node-str": "org.objectweb.carol.jndi.ns.JRMPRegistry"
    },
    {
      "type": "insert-node",
      "node": {
        "label": "org.objectweb.carol.jndi.ns.JRMPRegistry",
        "type": "TypeAccess"
      },
      "location-after-char-start": 0,
      "location-after-char-end": 0,
      "node-str": "org.objectweb.carol.jndi.ns.JRMPRegistry"
    },
    {
      "type": "insert-node",
      "node": {
        "label": "org.objectweb.carol.jndi.ns.JRMPRegistry",
        "type": "TypeAccess"
      },
      "location-after-char-start": 0,
      "location-after-char-end": 0,
      "node-str": "org.objectweb.carol.jndi.ns.JRMPRegistry"
    },
    {
      "type": "insert-node",
      "node": {
        "label": "PLUS",
        "type": "BinaryOperator"
      },
      "location-after-char-start": 3559,
      "location-after-char-end": 3600,
      "node-str": "PLUS"
    },
    {
      "type": "insert-node",
      "node": {
        "label": "URL_PREFIX",
        "type": "FieldRead"
      },
      "location-after-char-start": 3604,
      "location-after-char-end": 3632,
      "node-str": "URL_PREFIX"
    },
    {
      "type": "insert-node",
      "node": {
        "label": "org.objectweb.carol.util.configuration.ConfigurationUtil",
        "type": "TypeAccess"
      },
      "location-after-char-start": 3704,
      "location-after-char-end": 3720,
      "node-str": "org.objectweb.carol.util.configuration.ConfigurationUtil"
    },
    {
      "type": "insert-node",
      "node": {
        "label": "url",
        "type": "VariableRead"
      },
      "location-after-char-start": 3735,
      "location-after-char-end": 3737,
      "node-str": "url"
    },
    {
      "type": "insert-node",
      "node": {
        "label": "CAROL_PREFIX",
        "type": "FieldRead"
      },
      "location-after-char-start": 3559,
      "location-after-char-end": 3589,
      "node-str": "CAROL_PREFIX"
    },
    {
      "type": "insert-node",
      "node": {
        "label": "\".jrmp.\"",
        "type": "Literal"
      },
      "location-after-char-start": 3593,
      "location-after-char-end": 3600,
      "node-str": "\".jrmp.\""
    },
    {
      "type": "insert-node",
      "node": {
        "label": "org.objectweb.carol.util.configuration.CarolDefaultValues",
        "type": "TypeAccess"
      },
      "location-after-char-start": 0,
      "location-after-char-end": 0,
      "node-str": "org.objectweb.carol.util.configuration.CarolDefaultValues"
    },
    {
      "type": "insert-node",
      "node": {
        "label": "org.objectweb.carol.util.configuration.CarolDefaultValues",
        "type": "TypeAccess"
      },
      "location-after-char-start": 0,
      "location-after-char-end": 0,
      "node-str": "org.objectweb.carol.util.configuration.CarolDefaultValues"
    },
    {
      "type": "delete-node",
      "node": {
        "label": "public",
        "type": "Modifier"
      },
      "location-before-char-start": 0,
      "location-before-char-end": 0,
      "node-str": "public"
    },
    {
      "type": "delete-node",
      "node": {
        "label": "objectPort",
        "type": "FieldRead"
      },
      "location-before-char-start": 3236,
      "location-before-char-end": 3245,
      "node-str": "objectPort"
    },
    {
      "type": "delete-node",
      "node": {
        "label": "0",
        "type": "Literal"
      },
      "location-before-char-start": 3249,
      "location-before-char-end": 3249,
      "node-str": "0"
    },
    {
      "type": "delete-node",
      "node": {
        "label": "GT",
        "type": "BinaryOperator"
      },
      "location-before-char-start": 3236,
      "location-before-char-end": 3249,
      "node-str": "GT"
    },
    {
      "type": "delete-node",
      "node": {
        "label": "org.objectweb.carol.jndi.registry.RMIFixedPortFirewallSocketFactory",
        "type": "TypeAccess"
      },
      "location-before-char-start": 3270,
      "location-before-char-end": 3302,
      "node-str": "org.objectweb.carol.jndi.registry.RMIFixedPortFirewallSocketFactory"
    },
    {
      "type": "delete-node",
      "node": {
        "label": "objectPort",
        "type": "FieldRead"
      },
      "location-before-char-start": 3313,
      "location-before-char-end": 3322,
      "node-str": "objectPort"
    },
    {
      "type": "delete-node",
      "node": {
        "label": "register",
        "type": "Invocation"
      },
      "location-before-char-start": 3270,
      "location-before-char-end": 3324,
      "node-str": "register"
    },
    {
      "type": "delete-node",
      "node": {
        "label": "THEN",
        "type": "then"
      },
      "location-before-char-start": 3252,
      "location-before-char-end": 3338,
      "node-str": "THEN"
    },
    {
      "type": "delete-node",
      "node": {
        "label": "if",
        "type": "If"
      },
      "location-before-char-start": 3232,
      "location-before-char-end": 3338,
      "node-str": "if"
    },
    {
      "type": "delete-node",
      "node": {
        "label": "boolean",
        "type": "RETURN_TYPE"
      },
      "location-before-char-start": 0,
      "location-before-char-end": 0,
      "node-str": "boolean"
    },
    {
      "type": "delete-node",
      "node": {
        "label": "public",
        "type": "Modifier"
      },
      "location-before-char-start": 0,
      "location-before-char-end": 0,
      "node-str": "public"
    },
    {
      "type": "delete-node",
      "node": {
        "label": "",
        "type": "Try"
      },
      "location-before-char-start": 5812,
      "location-before-char-end": 5949,
      "node-str": ""
    },
    {
      "type": "delete-node",
      "node": {
        "label": "isStarted",
        "type": "Method"
      },
      "location-before-char-start": 5573,
      "location-before-char-end": 5976,
      "node-str": "isStarted"
    }
  ],
  "before-file": {},
  "after-file": {},
  "mapping": {}
}