{
  "tool-info": {},
  "diff": [
    {
      "type": "insert-node",
      "node": {
        "label": "public",
        "type": "Modifier"
      },
      "location-after-char-start": 0,
      "location-after-char-end": 0,
      "node-str": "public"
    },
    {
      "type": "insert-node",
      "node": {
        "label": "listCacheMax",
        "type": "Field"
      },
      "location-after-char-start": 1457,
      "location-after-char-end": 1481,
      "node-str": "listCacheMax"
    },
    {
      "type": "insert-node",
      "node": {
        "label": "int",
        "type": "VARIABLE_TYPE"
      },
      "location-after-char-start": 0,
      "location-after-char-end": 0,
      "node-str": "int"
    },
    {
      "type": "insert-node",
      "node": {
        "label": "\u003d",
        "type": "Assignment"
      },
      "location-after-char-start": 1858,
      "location-after-char-end": 1916,
      "node-str": "\u003d"
    },
    {
      "type": "insert-node",
      "node": {
        "label": "void",
        "type": "RETURN_TYPE"
      },
      "location-after-char-start": 0,
      "location-after-char-end": 0,
      "node-str": "void"
    },
    {
      "type": "insert-node",
      "node": {
        "label": "public",
        "type": "Modifier"
      },
      "location-after-char-start": 0,
      "location-after-char-end": 0,
      "node-str": "public"
    },
    {
      "type": "insert-node",
      "node": {
        "label": "synchronized",
        "type": "Modifier"
      },
      "location-after-char-start": 0,
      "location-after-char-end": 0,
      "node-str": "synchronized"
    },
    {
      "type": "insert-node",
      "node": {
        "label": "clear",
        "type": "Method"
      },
      "location-after-char-start": 16307,
      "location-after-char-end": 16481,
      "node-str": "clear"
    },
    {
      "type": "insert-node",
      "node": {
        "label": "listCacheMax",
        "type": "FieldWrite"
      },
      "location-after-char-start": 1858,
      "location-after-char-end": 1869,
      "node-str": "listCacheMax"
    },
    {
      "type": "move-subtree",
      "node": {
        "label": "getListCacheMax",
        "type": "Invocation"
      },
      "location-before-char-start": 1848,
      "location-before-char-end": 1890,
      "location-after-char-start": 1873,
      "location-after-char-end": 1915,
      "node-str": "getListCacheMax"
    },
    {
      "type": "insert-node",
      "node": {
        "label": "OR",
        "type": "BinaryOperator"
      },
      "location-after-char-start": 2285,
      "location-after-char-end": 2323,
      "node-str": "OR"
    },
    {
      "type": "insert-node",
      "node": {
        "label": "if",
        "type": "If"
      },
      "location-after-char-start": 15755,
      "location-after-char-end": 15853,
      "node-str": "if"
    },
    {
      "type": "insert-node",
      "node": {
        "label": "if",
        "type": "If"
      },
      "location-after-char-start": 16130,
      "location-after-char-end": 16228,
      "node-str": "if"
    },
    {
      "type": "insert-node",
      "node": {
        "label": "void",
        "type": "RETURN_TYPE"
      },
      "location-after-char-start": 0,
      "location-after-char-end": 0,
      "node-str": "void"
    },
    {
      "type": "insert-node",
      "node": {
        "label": "public",
        "type": "Modifier"
      },
      "location-after-char-start": 0,
      "location-after-char-end": 0,
      "node-str": "public"
    },
    {
      "type": "insert-node",
      "node": {
        "label": "if",
        "type": "If"
      },
      "location-after-char-start": 16338,
      "location-after-char-end": 16436,
      "node-str": "if"
    },
    {
      "type": "move-subtree",
      "node": {
        "label": "clear",
        "type": "Invocation"
      },
      "location-before-char-start": 16048,
      "location-before-char-end": 16061,
      "location-after-char-start": 16460,
      "location-after-char-end": 16473,
      "node-str": "clear"
    },
    {
      "type": "insert-node",
      "node": {
        "label": "org.jboss.ejb.plugins.cmp.jdbc.ReadAheadCache",
        "type": "TypeAccess"
      },
      "location-after-char-start": 0,
      "location-after-char-end": 0,
      "node-str": "org.jboss.ejb.plugins.cmp.jdbc.ReadAheadCache"
    },
    {
      "type": "insert-node",
      "node": {
        "label": "listCacheMax",
        "type": "FieldRead"
      },
      "location-after-char-start": 1950,
      "location-after-char-end": 1961,
      "node-str": "listCacheMax"
    },
    {
      "type": "insert-node",
      "node": {
        "label": "EQ",
        "type": "BinaryOperator"
      },
      "location-after-char-start": 2285,
      "location-after-char-end": 2301,
      "node-str": "EQ"
    },
    {
      "type": "move-subtree",
      "node": {
        "label": "LT",
        "type": "BinaryOperator"
      },
      "location-before-char-start": 2260,
      "location-before-char-end": 2277,
      "location-after-char-start": 2306,
      "location-after-char-end": 2323,
      "node-str": "LT"
    },
    {
      "type": "insert-node",
      "node": {
        "label": "EQ",
        "type": "BinaryOperator"
      },
      "location-after-char-start": 15758,
      "location-after-char-end": 15765,
      "node-str": "EQ"
    },
    {
      "type": "insert-node",
      "node": {
        "label": "THEN",
        "type": "then"
      },
      "location-after-char-start": 15768,
      "location-after-char-end": 15853,
      "node-str": "THEN"
    },
    {
      "type": "insert-node",
      "node": {
        "label": "EQ",
        "type": "BinaryOperator"
      },
      "location-after-char-start": 16133,
      "location-after-char-end": 16140,
      "node-str": "EQ"
    },
    {
      "type": "insert-node",
      "node": {
        "label": "THEN",
        "type": "then"
      },
      "location-after-char-start": 16143,
      "location-after-char-end": 16228,
      "node-str": "THEN"
    },
    {
      "type": "insert-node",
      "node": {
        "label": "EQ",
        "type": "BinaryOperator"
      },
      "location-after-char-start": 16341,
      "location-after-char-end": 16348,
      "node-str": "EQ"
    },
    {
      "type": "insert-node",
      "node": {
        "label": "THEN",
        "type": "then"
      },
      "location-after-char-start": 16351,
      "location-after-char-end": 16436,
      "node-str": "THEN"
    },
    {
      "type": "insert-node",
      "node": {
        "label": "org.jboss.ejb.plugins.cmp.jdbc.ReadAheadCache",
        "type": "TypeAccess"
      },
      "location-after-char-start": 0,
      "location-after-char-end": 0,
      "node-str": "org.jboss.ejb.plugins.cmp.jdbc.ReadAheadCache"
    },
    {
      "type": "insert-node",
      "node": {
        "label": "listCacheMax",
        "type": "FieldRead"
      },
      "location-after-char-start": 2285,
      "location-after-char-end": 2296,
      "node-str": "listCacheMax"
    },
    {
      "type": "insert-node",
      "node": {
        "label": "0",
        "type": "Literal"
      },
      "location-after-char-start": 2301,
      "location-after-char-end": 2301,
      "node-str": "0"
    },
    {
      "type": "insert-node",
      "node": {
        "label": "max",
        "type": "FieldRead"
      },
      "location-after-char-start": 15758,
      "location-after-char-end": 15760,
      "node-str": "max"
    },
    {
      "type": "insert-node",
      "node": {
        "label": "0",
        "type": "Literal"
      },
      "location-after-char-start": 15765,
      "location-after-char-end": 15765,
      "node-str": "0"
    },
    {
      "type": "insert-node",
      "node": {
        "label": "return",
        "type": "Return"
      },
      "location-after-char-start": 15836,
      "location-after-char-end": 15842,
      "node-str": "return"
    },
    {
      "type": "insert-node",
      "node": {
        "label": "max",
        "type": "FieldRead"
      },
      "location-after-char-start": 16133,
      "location-after-char-end": 16135,
      "node-str": "max"
    },
    {
      "type": "insert-node",
      "node": {
        "label": "0",
        "type": "Literal"
      },
      "location-after-char-start": 16140,
      "location-after-char-end": 16140,
      "node-str": "0"
    },
    {
      "type": "insert-node",
      "node": {
        "label": "return",
        "type": "Return"
      },
      "location-after-char-start": 16211,
      "location-after-char-end": 16217,
      "node-str": "return"
    },
    {
      "type": "insert-node",
      "node": {
        "label": "max",
        "type": "FieldRead"
      },
      "location-after-char-start": 16341,
      "location-after-char-end": 16343,
      "node-str": "max"
    },
    {
      "type": "insert-node",
      "node": {
        "label": "0",
        "type": "Literal"
      },
      "location-after-char-start": 16348,
      "location-after-char-end": 16348,
      "node-str": "0"
    },
    {
      "type": "insert-node",
      "node": {
        "label": "return",
        "type": "Return"
      },
      "location-after-char-start": 16419,
      "location-after-char-end": 16425,
      "node-str": "return"
    },
    {
      "type": "insert-node",
      "node": {
        "label": "org.jboss.ejb.plugins.cmp.jdbc.ReadAheadCache",
        "type": "TypeAccess"
      },
      "location-after-char-start": 0,
      "location-after-char-end": 0,
      "node-str": "org.jboss.ejb.plugins.cmp.jdbc.ReadAheadCache"
    },
    {
      "type": "insert-node",
      "node": {
        "label": "org.jboss.ejb.plugins.cmp.jdbc.ReadAheadCache$ListCache",
        "type": "TypeAccess"
      },
      "location-after-char-start": 0,
      "location-after-char-end": 0,
      "node-str": "org.jboss.ejb.plugins.cmp.jdbc.ReadAheadCache$ListCache"
    },
    {
      "type": "insert-node",
      "node": {
        "label": "org.jboss.ejb.plugins.cmp.jdbc.ReadAheadCache$ListCache",
        "type": "TypeAccess"
      },
      "location-after-char-start": 0,
      "location-after-char-end": 0,
      "node-str": "org.jboss.ejb.plugins.cmp.jdbc.ReadAheadCache$ListCache"
    },
    {
      "type": "insert-node",
      "node": {
        "label": "org.jboss.ejb.plugins.cmp.jdbc.ReadAheadCache$ListCache",
        "type": "TypeAccess"
      },
      "location-after-char-start": 0,
      "location-after-char-end": 0,
      "node-str": "org.jboss.ejb.plugins.cmp.jdbc.ReadAheadCache$ListCache"
    },
    {
      "type": "delete-node",
      "node": {
        "label": "public",
        "type": "Modifier"
      },
      "location-before-char-start": 0,
      "location-before-char-end": 0,
      "node-str": "public"
    },
    {
      "type": "delete-node",
      "node": {
        "label": "int",
        "type": "VARIABLE_TYPE"
      },
      "location-before-char-start": 0,
      "location-before-char-end": 0,
      "node-str": "int"
    },
    {
      "type": "delete-node",
      "node": {
        "label": "listCacheMax",
        "type": "LocalVariable"
      },
      "location-before-char-start": 1829,
      "location-before-char-end": 1891,
      "node-str": "listCacheMax"
    },
    {
      "type": "delete-node",
      "node": {
        "label": "listCacheMax",
        "type": "VariableRead"
      },
      "location-before-char-start": 1925,
      "location-before-char-end": 1936,
      "node-str": "listCacheMax"
    },
    {
      "type": "delete-node",
      "node": {
        "label": "void",
        "type": "RETURN_TYPE"
      },
      "location-before-char-start": 0,
      "location-before-char-end": 0,
      "node-str": "void"
    },
    {
      "type": "delete-node",
      "node": {
        "label": "public",
        "type": "Modifier"
      },
      "location-before-char-start": 0,
      "location-before-char-end": 0,
      "node-str": "public"
    },
    {
      "type": "delete-node",
      "node": {
        "label": "synchronized",
        "type": "Modifier"
      },
      "location-before-char-start": 0,
      "location-before-char-end": 0,
      "node-str": "synchronized"
    },
    {
      "type": "delete-node",
      "node": {
        "label": "void",
        "type": "RETURN_TYPE"
      },
      "location-before-char-start": 0,
      "location-before-char-end": 0,
      "node-str": "void"
    },
    {
      "type": "delete-node",
      "node": {
        "label": "public",
        "type": "Modifier"
      },
      "location-before-char-start": 0,
      "location-before-char-end": 0,
      "node-str": "public"
    },
    {
      "type": "delete-node",
      "node": {
        "label": "clear",
        "type": "Method"
      },
      "location-before-char-start": 16017,
      "location-before-char-end": 16069,
      "node-str": "clear"
    }
  ],
  "before-file": {},
  "after-file": {},
  "mapping": {}
}