{
  "tool-info": {},
  "diff": [
    {
      "type": "insert-node",
      "node": {
        "label": "",
        "type": "MethodDeclaration"
      },
      "location-after-char-start": 1001,
      "location-after-char-end": 1193,
      "node-str": ""
    },
    {
      "type": "move-subtree",
      "node": {
        "label": "",
        "type": "Javadoc"
      },
      "location-before-char-start": 1047,
      "location-before-char-end": 1146,
      "location-after-char-start": 1001,
      "location-after-char-end": 1100,
      "node-str": ""
    },
    {
      "type": "move-subtree",
      "node": {
        "label": "public",
        "type": "Modifier"
      },
      "location-before-char-start": 1148,
      "location-before-char-end": 1154,
      "location-after-char-start": 1102,
      "location-after-char-end": 1108,
      "node-str": "public"
    },
    {
      "type": "move-subtree",
      "node": {
        "label": "ForwardInlineCommand",
        "type": "SimpleName"
      },
      "location-before-char-start": 1155,
      "location-before-char-end": 1175,
      "location-after-char-start": 1109,
      "location-after-char-end": 1129,
      "node-str": "ForwardInlineCommand"
    },
    {
      "type": "move-subtree",
      "node": {
        "label": "",
        "type": "SingleVariableDeclaration"
      },
      "location-before-char-start": 1214,
      "location-before-char-end": 1250,
      "location-after-char-start": 1130,
      "location-after-char-end": 1166,
      "node-str": ""
    },
    {
      "type": "insert-node",
      "node": {
        "label": "",
        "type": "Block"
      },
      "location-after-char-start": 1168,
      "location-after-char-end": 1193,
      "node-str": ""
    },
    {
      "type": "insert-node",
      "node": {
        "label": "",
        "type": "SuperConstructorInvocation"
      },
      "location-after-char-start": 1172,
      "location-after-char-end": 1190,
      "node-str": ""
    },
    {
      "type": "insert-node",
      "node": {
        "label": "",
        "type": "ExpressionStatement"
      },
      "location-after-char-start": 2525,
      "location-after-char-end": 2563,
      "node-str": ""
    },
    {
      "type": "move-subtree",
      "node": {
        "label": "references",
        "type": "SimpleName"
      },
      "location-before-char-start": 1279,
      "location-before-char-end": 1289,
      "location-after-char-start": 1178,
      "location-after-char-end": 1188,
      "node-str": "references"
    },
    {
      "type": "insert-node",
      "node": {
        "label": "",
        "type": "Assignment"
      },
      "location-after-char-start": 2525,
      "location-after-char-end": 2562,
      "node-str": ""
    },
    {
      "type": "move-subtree",
      "node": {
        "label": "controller",
        "type": "SimpleName"
      },
      "location-before-char-start": 2645,
      "location-before-char-end": 2655,
      "location-after-char-start": 2525,
      "location-after-char-end": 2535,
      "node-str": "controller"
    },
    {
      "type": "move-subtree",
      "node": {
        "label": "\u003d",
        "type": "ASSIGNMENT_OPERATOR"
      },
      "location-before-char-start": 2656,
      "location-before-char-end": 2657,
      "location-after-char-start": 2536,
      "location-after-char-end": 2537,
      "node-str": "\u003d"
    },
    {
      "type": "insert-node",
      "node": {
        "label": "",
        "type": "ClassInstanceCreation"
      },
      "location-after-char-start": 2538,
      "location-after-char-end": 2562,
      "node-str": ""
    },
    {
      "type": "move-subtree",
      "node": {
        "label": "",
        "type": "SimpleType"
      },
      "location-before-char-start": 2662,
      "location-before-char-end": 2680,
      "location-after-char-start": 2542,
      "location-after-char-end": 2560,
      "node-str": ""
    },
    {
      "type": "delete-node",
      "node": {
        "label": "org.columba.core.gui.FrameController",
        "type": "QualifiedName"
      },
      "location-before-char-start": 152,
      "location-before-char-end": 188,
      "node-str": "org.columba.core.gui.FrameController"
    },
    {
      "type": "delete-node",
      "node": {
        "label": "",
        "type": "ImportDeclaration"
      },
      "location-before-char-start": 145,
      "location-before-char-end": 189,
      "node-str": ""
    },
    {
      "type": "delete-node",
      "node": {
        "label": "FrameController",
        "type": "SimpleName"
      },
      "location-before-char-start": 1179,
      "location-before-char-end": 1194,
      "node-str": "FrameController"
    },
    {
      "type": "delete-node",
      "node": {
        "label": "",
        "type": "SimpleType"
      },
      "location-before-char-start": 1179,
      "location-before-char-end": 1194,
      "node-str": ""
    },
    {
      "type": "delete-node",
      "node": {
        "label": "frameController",
        "type": "SimpleName"
      },
      "location-before-char-start": 1195,
      "location-before-char-end": 1210,
      "node-str": "frameController"
    },
    {
      "type": "delete-node",
      "node": {
        "label": "",
        "type": "SingleVariableDeclaration"
      },
      "location-before-char-start": 1179,
      "location-before-char-end": 1210,
      "node-str": ""
    },
    {
      "type": "delete-node",
      "node": {
        "label": "frameController",
        "type": "SimpleName"
      },
      "location-before-char-start": 1262,
      "location-before-char-end": 1277,
      "node-str": "frameController"
    },
    {
      "type": "delete-node",
      "node": {
        "label": "",
        "type": "SuperConstructorInvocation"
      },
      "location-before-char-start": 1256,
      "location-before-char-end": 1291,
      "node-str": ""
    },
    {
      "type": "delete-node",
      "node": {
        "label": "",
        "type": "Block"
      },
      "location-before-char-start": 1252,
      "location-before-char-end": 1294,
      "node-str": ""
    },
    {
      "type": "delete-node",
      "node": {
        "label": "",
        "type": "MethodDeclaration"
      },
      "location-before-char-start": 1047,
      "location-before-char-end": 1294,
      "node-str": ""
    },
    {
      "type": "delete-node",
      "node": {
        "label": "frameController",
        "type": "SimpleName"
      },
      "location-before-char-start": 2681,
      "location-before-char-end": 2696,
      "node-str": "frameController"
    },
    {
      "type": "delete-node",
      "node": {
        "label": "",
        "type": "ClassInstanceCreation"
      },
      "location-before-char-start": 2658,
      "location-before-char-end": 2697,
      "node-str": ""
    },
    {
      "type": "delete-node",
      "node": {
        "label": "",
        "type": "Assignment"
      },
      "location-before-char-start": 2645,
      "location-before-char-end": 2697,
      "node-str": ""
    },
    {
      "type": "delete-node",
      "node": {
        "label": "",
        "type": "ExpressionStatement"
      },
      "location-before-char-start": 2645,
      "location-before-char-end": 2698,
      "node-str": ""
    }
  ],
  "before-file": {},
  "after-file": {},
  "mapping": {}
}