{
  "tool-info": {},
  "diff": [
    {
      "type": "insert-node",
      "node": {
        "label": "public",
        "type": "Modifier"
      },
      "location-after-char-start": 0,
      "location-after-char-end": 0,
      "node-str": "public"
    },
    {
      "type": "insert-node",
      "node": {
        "label": "",
        "type": "TypeReference"
      },
      "location-after-char-start": 2738,
      "location-after-char-end": 2741,
      "node-str": ""
    },
    {
      "type": "insert-node",
      "node": {
        "label": "_showSelectRect",
        "type": "Field"
      },
      "location-after-char-start": 3069,
      "location-after-char-end": 3169,
      "node-str": "_showSelectRect"
    },
    {
      "type": "insert-node",
      "node": {
        "label": "_toggleSelection",
        "type": "Field"
      },
      "location-after-char-start": 3174,
      "location-after-char-end": 3284,
      "node-str": "_toggleSelection"
    },
    {
      "type": "insert-node",
      "node": {
        "label": "\u003cinit\u003e",
        "type": "Constructor"
      },
      "location-after-char-start": 3503,
      "location-after-char-end": 3635,
      "node-str": "\u003cinit\u003e"
    },
    {
      "type": "insert-node",
      "node": {
        "label": "mouseDragged",
        "type": "Method"
      },
      "location-after-char-start": 5060,
      "location-after-char-end": 5691,
      "node-str": "mouseDragged"
    },
    {
      "type": "insert-node",
      "node": {
        "label": "Mode",
        "type": "SUPER_TYPE"
      },
      "location-after-char-start": 0,
      "location-after-char-end": 0,
      "node-str": "Mode"
    },
    {
      "type": "insert-node",
      "node": {
        "label": "boolean",
        "type": "VARIABLE_TYPE"
      },
      "location-after-char-start": 0,
      "location-after-char-end": 0,
      "node-str": "boolean"
    },
    {
      "type": "insert-node",
      "node": {
        "label": "false",
        "type": "Literal"
      },
      "location-after-char-start": 3164,
      "location-after-char-end": 3168,
      "node-str": "false"
    },
    {
      "type": "insert-node",
      "node": {
        "label": "boolean",
        "type": "VARIABLE_TYPE"
      },
      "location-after-char-start": 0,
      "location-after-char-end": 0,
      "node-str": "boolean"
    },
    {
      "type": "insert-node",
      "node": {
        "label": "false",
        "type": "Literal"
      },
      "location-after-char-start": 3279,
      "location-after-char-end": 3283,
      "node-str": "false"
    },
    {
      "type": "insert-node",
      "node": {
        "label": "public",
        "type": "Modifier"
      },
      "location-after-char-start": 0,
      "location-after-char-end": 0,
      "node-str": "public"
    },
    {
      "type": "insert-node",
      "node": {
        "label": "void",
        "type": "RETURN_TYPE"
      },
      "location-after-char-start": 0,
      "location-after-char-end": 0,
      "node-str": "void"
    },
    {
      "type": "insert-node",
      "node": {
        "label": "public",
        "type": "Modifier"
      },
      "location-after-char-start": 0,
      "location-after-char-end": 0,
      "node-str": "public"
    },
    {
      "type": "insert-node",
      "node": {
        "label": "me",
        "type": "Parameter"
      },
      "location-after-char-start": 5146,
      "location-after-char-end": 5158,
      "node-str": "me"
    },
    {
      "type": "move-subtree",
      "node": {
        "label": "if",
        "type": "If"
      },
      "location-before-char-start": 5167,
      "location-before-char-end": 5194,
      "location-after-char-start": 5167,
      "location-after-char-end": 5194,
      "node-str": "if"
    },
    {
      "type": "insert-node",
      "node": {
        "label": "if",
        "type": "If"
      },
      "location-after-char-start": 5200,
      "location-after-char-end": 5226,
      "node-str": "if"
    },
    {
      "type": "move-subtree",
      "node": {
        "label": "x",
        "type": "LocalVariable"
      },
      "location-before-char-start": 5268,
      "location-before-char-end": 5300,
      "location-after-char-start": 5232,
      "location-after-char-end": 5264,
      "node-str": "x"
    },
    {
      "type": "move-subtree",
      "node": {
        "label": "y",
        "type": "LocalVariable"
      },
      "location-before-char-start": 5268,
      "location-before-char-end": 5300,
      "location-after-char-start": 5232,
      "location-after-char-end": 5264,
      "node-str": "y"
    },
    {
      "type": "move-subtree",
      "node": {
        "label": "\u003d",
        "type": "Assignment"
      },
      "location-before-char-start": 5306,
      "location-before-char-end": 5328,
      "location-after-char-start": 5270,
      "location-after-char-end": 5292,
      "node-str": "\u003d"
    },
    {
      "type": "move-subtree",
      "node": {
        "label": "bound_x",
        "type": "LocalVariable"
      },
      "location-before-char-start": 5334,
      "location-before-char-end": 5376,
      "location-after-char-start": 5298,
      "location-after-char-end": 5340,
      "node-str": "bound_x"
    },
    {
      "type": "move-subtree",
      "node": {
        "label": "bound_y",
        "type": "LocalVariable"
      },
      "location-before-char-start": 5382,
      "location-before-char-end": 5424,
      "location-after-char-start": 5346,
      "location-after-char-end": 5388,
      "node-str": "bound_y"
    },
    {
      "type": "move-subtree",
      "node": {
        "label": "bound_w",
        "type": "LocalVariable"
      },
      "location-before-char-start": 5430,
      "location-before-char-end": 5482,
      "location-after-char-start": 5394,
      "location-after-char-end": 5446,
      "node-str": "bound_w"
    },
    {
      "type": "move-subtree",
      "node": {
        "label": "bound_h",
        "type": "LocalVariable"
      },
      "location-before-char-start": 5488,
      "location-before-char-end": 5540,
      "location-after-char-start": 5452,
      "location-after-char-end": 5504,
      "node-str": "bound_h"
    },
    {
      "type": "move-subtree",
      "node": {
        "label": "damaged",
        "type": "Invocation"
      },
      "location-before-char-start": 5547,
      "location-before-char-end": 5575,
      "location-after-char-start": 5511,
      "location-after-char-end": 5539,
      "node-str": "damaged"
    },
    {
      "type": "move-subtree",
      "node": {
        "label": "setBounds",
        "type": "Invocation"
      },
      "location-before-char-start": 5581,
      "location-before-char-end": 5638,
      "location-after-char-start": 5545,
      "location-after-char-end": 5602,
      "node-str": "setBounds"
    },
    {
      "type": "move-subtree",
      "node": {
        "label": "damaged",
        "type": "Invocation"
      },
      "location-before-char-start": 5644,
      "location-before-char-end": 5672,
      "location-after-char-start": 5608,
      "location-after-char-end": 5636,
      "node-str": "damaged"
    },
    {
      "type": "move-subtree",
      "node": {
        "label": "scrollToShow",
        "type": "Invocation"
      },
      "location-before-char-start": 5678,
      "location-before-char-end": 5704,
      "location-after-char-start": 5642,
      "location-after-char-end": 5668,
      "node-str": "scrollToShow"
    },
    {
      "type": "insert-node",
      "node": {
        "label": "consume",
        "type": "Invocation"
      },
      "location-after-char-start": 5675,
      "location-after-char-end": 5687,
      "node-str": "consume"
    },
    {
      "type": "insert-node",
      "node": {
        "label": "java.awt.event.MouseEvent",
        "type": "VARIABLE_TYPE"
      },
      "location-after-char-start": 0,
      "location-after-char-end": 0,
      "node-str": "java.awt.event.MouseEvent"
    },
    {
      "type": "insert-node",
      "node": {
        "label": "isAltDown",
        "type": "Invocation"
      },
      "location-after-char-start": 5204,
      "location-after-char-end": 5217,
      "node-str": "isAltDown"
    },
    {
      "type": "insert-node",
      "node": {
        "label": "THEN",
        "type": "then"
      },
      "location-after-char-start": 5220,
      "location-after-char-end": 5226,
      "node-str": "THEN"
    },
    {
      "type": "insert-node",
      "node": {
        "label": "me",
        "type": "VariableRead"
      },
      "location-after-char-start": 5675,
      "location-after-char-end": 5676,
      "node-str": "me"
    },
    {
      "type": "insert-node",
      "node": {
        "label": "me",
        "type": "VariableRead"
      },
      "location-after-char-start": 5204,
      "location-after-char-end": 5205,
      "node-str": "me"
    },
    {
      "type": "insert-node",
      "node": {
        "label": "return",
        "type": "Return"
      },
      "location-after-char-start": 5220,
      "location-after-char-end": 5226,
      "node-str": "return"
    },
    {
      "type": "delete-node",
      "node": {
        "label": "public",
        "type": "Modifier"
      },
      "location-before-char-start": 0,
      "location-before-char-end": 0,
      "node-str": "public"
    },
    {
      "type": "delete-node",
      "node": {
        "label": "Mode",
        "type": "SUPER_TYPE"
      },
      "location-before-char-start": 0,
      "location-before-char-end": 0,
      "node-str": "Mode"
    },
    {
      "type": "delete-node",
      "node": {
        "label": "",
        "type": "TypeReference"
      },
      "location-before-char-start": 2738,
      "location-before-char-end": 2741,
      "node-str": ""
    },
    {
      "type": "delete-node",
      "node": {
        "label": "boolean",
        "type": "VARIABLE_TYPE"
      },
      "location-before-char-start": 0,
      "location-before-char-end": 0,
      "node-str": "boolean"
    },
    {
      "type": "delete-node",
      "node": {
        "label": "false",
        "type": "Literal"
      },
      "location-before-char-start": 3164,
      "location-before-char-end": 3168,
      "node-str": "false"
    },
    {
      "type": "delete-node",
      "node": {
        "label": "_showSelectRect",
        "type": "Field"
      },
      "location-before-char-start": 3069,
      "location-before-char-end": 3169,
      "node-str": "_showSelectRect"
    },
    {
      "type": "delete-node",
      "node": {
        "label": "boolean",
        "type": "VARIABLE_TYPE"
      },
      "location-before-char-start": 0,
      "location-before-char-end": 0,
      "node-str": "boolean"
    },
    {
      "type": "delete-node",
      "node": {
        "label": "false",
        "type": "Literal"
      },
      "location-before-char-start": 3279,
      "location-before-char-end": 3283,
      "node-str": "false"
    },
    {
      "type": "delete-node",
      "node": {
        "label": "_toggleSelection",
        "type": "Field"
      },
      "location-before-char-start": 3174,
      "location-before-char-end": 3284,
      "node-str": "_toggleSelection"
    },
    {
      "type": "delete-node",
      "node": {
        "label": "public",
        "type": "Modifier"
      },
      "location-before-char-start": 0,
      "location-before-char-end": 0,
      "node-str": "public"
    },
    {
      "type": "delete-node",
      "node": {
        "label": "\u003cinit\u003e",
        "type": "Constructor"
      },
      "location-before-char-start": 3503,
      "location-before-char-end": 3635,
      "node-str": "\u003cinit\u003e"
    },
    {
      "type": "delete-node",
      "node": {
        "label": "void",
        "type": "RETURN_TYPE"
      },
      "location-before-char-start": 0,
      "location-before-char-end": 0,
      "node-str": "void"
    },
    {
      "type": "delete-node",
      "node": {
        "label": "public",
        "type": "Modifier"
      },
      "location-before-char-start": 0,
      "location-before-char-end": 0,
      "node-str": "public"
    },
    {
      "type": "delete-node",
      "node": {
        "label": "java.awt.event.MouseEvent",
        "type": "VARIABLE_TYPE"
      },
      "location-before-char-start": 0,
      "location-before-char-end": 0,
      "node-str": "java.awt.event.MouseEvent"
    },
    {
      "type": "delete-node",
      "node": {
        "label": "me",
        "type": "Parameter"
      },
      "location-before-char-start": 5146,
      "location-before-char-end": 5158,
      "node-str": "me"
    },
    {
      "type": "delete-node",
      "node": {
        "label": "me",
        "type": "VariableRead"
      },
      "location-before-char-start": 5205,
      "location-before-char-end": 5206,
      "node-str": "me"
    },
    {
      "type": "delete-node",
      "node": {
        "label": "getModifiers",
        "type": "Invocation"
      },
      "location-before-char-start": 5205,
      "location-before-char-end": 5221,
      "node-str": "getModifiers"
    },
    {
      "type": "delete-node",
      "node": {
        "label": "java.awt.event.InputEvent",
        "type": "TypeAccess"
      },
      "location-before-char-start": 5225,
      "location-before-char-end": 5234,
      "node-str": "java.awt.event.InputEvent"
    },
    {
      "type": "delete-node",
      "node": {
        "label": "BUTTON1_MASK",
        "type": "FieldRead"
      },
      "location-before-char-start": 5225,
      "location-before-char-end": 5247,
      "node-str": "BUTTON1_MASK"
    },
    {
      "type": "delete-node",
      "node": {
        "label": "BITAND",
        "type": "BinaryOperator"
      },
      "location-before-char-start": 5204,
      "location-before-char-end": 5248,
      "node-str": "BITAND"
    },
    {
      "type": "delete-node",
      "node": {
        "label": "0",
        "type": "Literal"
      },
      "location-before-char-start": 5253,
      "location-before-char-end": 5253,
      "node-str": "0"
    },
    {
      "type": "delete-node",
      "node": {
        "label": "EQ",
        "type": "BinaryOperator"
      },
      "location-before-char-start": 5204,
      "location-before-char-end": 5253,
      "node-str": "EQ"
    },
    {
      "type": "delete-node",
      "node": {
        "label": "return",
        "type": "Return"
      },
      "location-before-char-start": 5256,
      "location-before-char-end": 5262,
      "node-str": "return"
    },
    {
      "type": "delete-node",
      "node": {
        "label": "THEN",
        "type": "then"
      },
      "location-before-char-start": 5256,
      "location-before-char-end": 5262,
      "node-str": "THEN"
    },
    {
      "type": "delete-node",
      "node": {
        "label": "if",
        "type": "If"
      },
      "location-before-char-start": 5200,
      "location-before-char-end": 5262,
      "node-str": "if"
    },
    {
      "type": "delete-node",
      "node": {
        "label": "me",
        "type": "VariableRead"
      },
      "location-before-char-start": 5711,
      "location-before-char-end": 5712,
      "node-str": "me"
    },
    {
      "type": "delete-node",
      "node": {
        "label": "consume",
        "type": "Invocation"
      },
      "location-before-char-start": 5711,
      "location-before-char-end": 5723,
      "node-str": "consume"
    },
    {
      "type": "delete-node",
      "node": {
        "label": "mouseDragged",
        "type": "Method"
      },
      "location-before-char-start": 5060,
      "location-before-char-end": 5727,
      "node-str": "mouseDragged"
    }
  ],
  "before-file": {},
  "after-file": {},
  "mapping": {}
}