{
  "tool-info": {},
  "diff": [
    {
      "type": "update-node",
      "node": {
        "label": "CmdSetMode(java.lang.Class,java.lang.String)",
        "type": "ConstructorCall"
      },
      "location-before-char-start": 2929,
      "location-before-char-end": 2970,
      "location-after-char-start": 3333,
      "location-after-char-end": 3374,
      "node-str": "org.tigris.gef.base.CmdSetMode(java.lang.Class,java.lang.String)"
    },
    {
      "type": "update-node",
      "node": {
        "label": "CmdSetMode(java.lang.Class,java.lang.String)",
        "type": "ConstructorCall"
      },
      "location-before-char-start": 3025,
      "location-before-char-end": 3064,
      "location-after-char-start": 3429,
      "location-after-char-end": 3468,
      "node-str": "org.tigris.gef.base.CmdSetMode(java.lang.Class,java.lang.String)"
    },
    {
      "type": "update-node",
      "node": {
        "label": "CmdSetMode(java.lang.Class,java.lang.String)",
        "type": "ConstructorCall"
      },
      "location-before-char-start": 3123,
      "location-before-char-end": 3174,
      "location-after-char-start": 3527,
      "location-after-char-end": 3578,
      "node-str": "org.tigris.gef.base.CmdSetMode(java.lang.Class,java.lang.String)"
    },
    {
      "type": "update-node",
      "node": {
        "label": "CmdSetMode(java.lang.Class,java.lang.String)",
        "type": "ConstructorCall"
      },
      "location-before-char-start": 3234,
      "location-before-char-end": 3282,
      "location-after-char-start": 3638,
      "location-after-char-end": 3686,
      "node-str": "org.tigris.gef.base.CmdSetMode(java.lang.Class,java.lang.String)"
    },
    {
      "type": "update-node",
      "node": {
        "label": "CmdSetMode(java.lang.Class,java.lang.String)",
        "type": "ConstructorCall"
      },
      "location-before-char-start": 3338,
      "location-before-char-end": 3388,
      "location-after-char-start": 3742,
      "location-after-char-end": 3792,
      "node-str": "org.tigris.gef.base.CmdSetMode(java.lang.Class,java.lang.String)"
    },
    {
      "type": "update-node",
      "node": {
        "label": "CmdSetMode(java.lang.Class,java.lang.String)",
        "type": "ConstructorCall"
      },
      "location-before-char-start": 3442,
      "location-before-char-end": 3488,
      "location-after-char-start": 3846,
      "location-after-char-end": 3892,
      "node-str": "org.tigris.gef.base.CmdSetMode(java.lang.Class,java.lang.String)"
    },
    {
      "type": "update-node",
      "node": {
        "label": "CmdSetMode(java.lang.Class,java.lang.String)",
        "type": "ConstructorCall"
      },
      "location-before-char-start": 3542,
      "location-before-char-end": 3588,
      "location-after-char-start": 3946,
      "location-after-char-end": 3992,
      "node-str": "org.tigris.gef.base.CmdSetMode(java.lang.Class,java.lang.String)"
    },
    {
      "type": "update-node",
      "node": {
        "label": "CmdSetMode(java.lang.Class,java.lang.String)",
        "type": "ConstructorCall"
      },
      "location-before-char-start": 3643,
      "location-before-char-end": 3692,
      "location-after-char-start": 4047,
      "location-after-char-end": 4096,
      "node-str": "org.tigris.gef.base.CmdSetMode(java.lang.Class,java.lang.String)"
    },
    {
      "type": "update-node",
      "node": {
        "label": "CmdSetMode(java.lang.Class,java.lang.String)",
        "type": "ConstructorCall"
      },
      "location-before-char-start": 3748,
      "location-before-char-end": 3798,
      "location-after-char-start": 4152,
      "location-after-char-end": 4202,
      "node-str": "org.tigris.gef.base.CmdSetMode(java.lang.Class,java.lang.String)"
    },
    {
      "type": "update-node",
      "node": {
        "label": "CmdSetMode(java.lang.Class,java.lang.String)",
        "type": "ConstructorCall"
      },
      "location-before-char-start": 3851,
      "location-before-char-end": 3895,
      "location-after-char-start": 4255,
      "location-after-char-end": 4299,
      "node-str": "org.tigris.gef.base.CmdSetMode(java.lang.Class,java.lang.String)"
    },
    {
      "type": "update-node",
      "node": {
        "label": "DiagramInfo(org.argouml.uml.diagram.ui.UMLDiagram)",
        "type": "ConstructorCall"
      },
      "location-before-char-start": 4073,
      "location-before-char-end": 4093,
      "location-after-char-start": 4477,
      "location-after-char-end": 4497,
      "node-str": "org.argouml.uml.diagram.ui.DiagramInfo(org.argouml.uml.diagram.ui.UMLDiagram)"
    },
    {
      "type": "update-node",
      "node": {
        "label": "org.argouml.uml.diagram.ui.ModeSelect",
        "type": "TypeAccess"
      },
      "location-before-char-start": 0,
      "location-before-char-end": 0,
      "location-after-char-start": 0,
      "location-after-char-end": 0,
      "node-str": "org.tigris.gef.base.ModeSelect"
    },
    {
      "type": "update-node",
      "node": {
        "label": "org.argouml.uml.diagram.ui.ModeBroom",
        "type": "TypeAccess"
      },
      "location-before-char-start": 0,
      "location-before-char-end": 0,
      "location-after-char-start": 0,
      "location-after-char-end": 0,
      "node-str": "org.tigris.gef.base.ModeBroom"
    },
    {
      "type": "update-node",
      "node": {
        "label": "org.argouml.uml.diagram.ui.ModeCreateFigRect",
        "type": "TypeAccess"
      },
      "location-before-char-start": 0,
      "location-before-char-end": 0,
      "location-after-char-start": 0,
      "location-after-char-end": 0,
      "node-str": "org.tigris.gef.base.ModeCreateFigRect"
    },
    {
      "type": "update-node",
      "node": {
        "label": "org.argouml.uml.diagram.ui.ModeCreateFigRRect",
        "type": "TypeAccess"
      },
      "location-before-char-start": 0,
      "location-before-char-end": 0,
      "location-after-char-start": 0,
      "location-after-char-end": 0,
      "node-str": "org.tigris.gef.base.ModeCreateFigRRect"
    },
    {
      "type": "update-node",
      "node": {
        "label": "org.argouml.uml.diagram.ui.ModeCreateFigCircle",
        "type": "TypeAccess"
      },
      "location-before-char-start": 0,
      "location-before-char-end": 0,
      "location-after-char-start": 0,
      "location-after-char-end": 0,
      "node-str": "org.tigris.gef.base.ModeCreateFigCircle"
    },
    {
      "type": "update-node",
      "node": {
        "label": "org.argouml.uml.diagram.ui.ModeCreateFigLine",
        "type": "TypeAccess"
      },
      "location-before-char-start": 0,
      "location-before-char-end": 0,
      "location-after-char-start": 0,
      "location-after-char-end": 0,
      "node-str": "org.tigris.gef.base.ModeCreateFigLine"
    },
    {
      "type": "update-node",
      "node": {
        "label": "org.argouml.uml.diagram.ui.ModeCreateFigText",
        "type": "TypeAccess"
      },
      "location-before-char-start": 0,
      "location-before-char-end": 0,
      "location-after-char-start": 0,
      "location-after-char-end": 0,
      "node-str": "org.tigris.gef.base.ModeCreateFigText"
    },
    {
      "type": "update-node",
      "node": {
        "label": "org.argouml.uml.diagram.ui.ModeCreateFigPoly",
        "type": "TypeAccess"
      },
      "location-before-char-start": 0,
      "location-before-char-end": 0,
      "location-after-char-start": 0,
      "location-after-char-end": 0,
      "node-str": "org.tigris.gef.base.ModeCreateFigPoly"
    },
    {
      "type": "update-node",
      "node": {
        "label": "org.argouml.uml.diagram.ui.ModeCreateFigSpline",
        "type": "TypeAccess"
      },
      "location-before-char-start": 0,
      "location-before-char-end": 0,
      "location-after-char-start": 0,
      "location-after-char-end": 0,
      "node-str": "org.tigris.gef.base.ModeCreateFigSpline"
    },
    {
      "type": "update-node",
      "node": {
        "label": "org.argouml.uml.diagram.ui.ModeCreateFigInk",
        "type": "TypeAccess"
      },
      "location-before-char-start": 0,
      "location-before-char-end": 0,
      "location-after-char-start": 0,
      "location-after-char-end": 0,
      "node-str": "org.tigris.gef.base.ModeCreateFigInk"
    }
  ],
  "before-file": {},
  "after-file": {},
  "mapping": {}
}