{
  "tool-info": {},
  "diff": [
    {
      "type": "insert-node",
      "node": {
        "label": "public",
        "type": "Modifier"
      },
      "location-after-char-start": 0,
      "location-after-char-end": 0,
      "node-str": "public"
    },
    {
      "type": "insert-node",
      "node": {
        "label": "rfc1123Pattern",
        "type": "Field"
      },
      "location-after-char-start": 19418,
      "location-after-char-end": 19566,
      "node-str": "rfc1123Pattern"
    },
    {
      "type": "insert-node",
      "node": {
        "label": "rfc1036Pattern",
        "type": "Field"
      },
      "location-after-char-start": 19573,
      "location-after-char-end": 19725,
      "node-str": "rfc1036Pattern"
    },
    {
      "type": "insert-node",
      "node": {
        "label": "asctimePattern",
        "type": "Field"
      },
      "location-after-char-start": 19732,
      "location-after-char-end": 19874,
      "node-str": "asctimePattern"
    },
    {
      "type": "insert-node",
      "node": {
        "label": "java.lang.String",
        "type": "RETURN_TYPE"
      },
      "location-after-char-start": 0,
      "location-after-char-end": 0,
      "node-str": "java.lang.String"
    },
    {
      "type": "insert-node",
      "node": {
        "label": "java.lang.NumberFormatException",
        "type": "THROWS"
      },
      "location-after-char-start": 0,
      "location-after-char-end": 0,
      "node-str": "java.lang.NumberFormatException"
    },
    {
      "type": "insert-node",
      "node": {
        "label": "java.lang.StringIndexOutOfBoundsException",
        "type": "THROWS"
      },
      "location-after-char-start": 0,
      "location-after-char-end": 0,
      "node-str": "java.lang.StringIndexOutOfBoundsException"
    },
    {
      "type": "insert-node",
      "node": {
        "label": "java.lang.IllegalArgumentException",
        "type": "THROWS"
      },
      "location-after-char-start": 0,
      "location-after-char-end": 0,
      "node-str": "java.lang.IllegalArgumentException"
    },
    {
      "type": "insert-node",
      "node": {
        "label": "final",
        "type": "Modifier"
      },
      "location-after-char-start": 0,
      "location-after-char-end": 0,
      "node-str": "final"
    },
    {
      "type": "insert-node",
      "node": {
        "label": "public",
        "type": "Modifier"
      },
      "location-after-char-start": 0,
      "location-after-char-end": 0,
      "node-str": "public"
    },
    {
      "type": "insert-node",
      "node": {
        "label": "static",
        "type": "Modifier"
      },
      "location-after-char-start": 0,
      "location-after-char-end": 0,
      "node-str": "static"
    },
    {
      "type": "insert-node",
      "node": {
        "label": "str",
        "type": "Parameter"
      },
      "location-after-char-start": 10002,
      "location-after-char-end": 10011,
      "node-str": "str"
    },
    {
      "type": "insert-node",
      "node": {
        "label": "dec",
        "type": "LocalVariable"
      },
      "location-after-char-start": 10157,
      "location-after-char-end": 10194,
      "node-str": "dec"
    },
    {
      "type": "insert-node",
      "node": {
        "label": "strPos",
        "type": "LocalVariable"
      },
      "location-after-char-start": 10232,
      "location-after-char-end": 10246,
      "node-str": "strPos"
    },
    {
      "type": "insert-node",
      "node": {
        "label": "java.lang.String",
        "type": "VARIABLE_TYPE"
      },
      "location-after-char-start": 0,
      "location-after-char-end": 0,
      "node-str": "java.lang.String"
    },
    {
      "type": "insert-node",
      "node": {
        "label": "final",
        "type": "Modifier"
      },
      "location-after-char-start": 0,
      "location-after-char-end": 0,
      "node-str": "final"
    },
    {
      "type": "insert-node",
      "node": {
        "label": "static",
        "type": "Modifier"
      },
      "location-after-char-start": 0,
      "location-after-char-end": 0,
      "node-str": "static"
    },
    {
      "type": "insert-node",
      "node": {
        "label": "\"EEE, dd MMM yyyyy HH:mm:ss z\"",
        "type": "Literal"
      },
      "location-after-char-start": 19536,
      "location-after-char-end": 19565,
      "node-str": "\"EEE, dd MMM yyyyy HH:mm:ss z\""
    },
    {
      "type": "insert-node",
      "node": {
        "label": "java.lang.String",
        "type": "VARIABLE_TYPE"
      },
      "location-after-char-start": 0,
      "location-after-char-end": 0,
      "node-str": "java.lang.String"
    },
    {
      "type": "insert-node",
      "node": {
        "label": "final",
        "type": "Modifier"
      },
      "location-after-char-start": 0,
      "location-after-char-end": 0,
      "node-str": "final"
    },
    {
      "type": "insert-node",
      "node": {
        "label": "static",
        "type": "Modifier"
      },
      "location-after-char-start": 0,
      "location-after-char-end": 0,
      "node-str": "static"
    },
    {
      "type": "insert-node",
      "node": {
        "label": "\"EEEEEEEEE, dd-MMM-yy HH:mm:ss z\"",
        "type": "Literal"
      },
      "location-after-char-start": 19692,
      "location-after-char-end": 19724,
      "node-str": "\"EEEEEEEEE, dd-MMM-yy HH:mm:ss z\""
    },
    {
      "type": "insert-node",
      "node": {
        "label": "java.lang.String",
        "type": "VARIABLE_TYPE"
      },
      "location-after-char-start": 0,
      "location-after-char-end": 0,
      "node-str": "java.lang.String"
    },
    {
      "type": "insert-node",
      "node": {
        "label": "final",
        "type": "Modifier"
      },
      "location-after-char-start": 0,
      "location-after-char-end": 0,
      "node-str": "final"
    },
    {
      "type": "insert-node",
      "node": {
        "label": "static",
        "type": "Modifier"
      },
      "location-after-char-start": 0,
      "location-after-char-end": 0,
      "node-str": "static"
    },
    {
      "type": "insert-node",
      "node": {
        "label": "\"EEE MMM d HH:mm:ss yyyyy\"",
        "type": "Literal"
      },
      "location-after-char-start": 19848,
      "location-after-char-end": 19873,
      "node-str": "\"EEE MMM d HH:mm:ss yyyyy\""
    },
    {
      "type": "insert-node",
      "node": {
        "label": "java.lang.String",
        "type": "VARIABLE_TYPE"
      },
      "location-after-char-start": 0,
      "location-after-char-end": 0,
      "node-str": "java.lang.String"
    },
    {
      "type": "insert-node",
      "node": {
        "label": "java.lang.StringBuffer",
        "type": "VARIABLE_TYPE"
      },
      "location-after-char-start": 0,
      "location-after-char-end": 0,
      "node-str": "java.lang.StringBuffer"
    },
    {
      "type": "insert-node",
      "node": {
        "label": "java.lang.StringBuffer()",
        "type": "ConstructorCall"
      },
      "location-after-char-start": 10176,
      "location-after-char-end": 10193,
      "node-str": "java.lang.StringBuffer()"
    },
    {
      "type": "insert-node",
      "node": {
        "label": "int",
        "type": "VARIABLE_TYPE"
      },
      "location-after-char-start": 0,
      "location-after-char-end": 0,
      "node-str": "int"
    },
    {
      "type": "insert-node",
      "node": {
        "label": "0",
        "type": "Literal"
      },
      "location-after-char-start": 10245,
      "location-after-char-end": 10245,
      "node-str": "0"
    },
    {
      "type": "insert-node",
      "node": {
        "label": "LT",
        "type": "BinaryOperator"
      },
      "location-after-char-start": 10341,
      "location-after-char-end": 10355,
      "node-str": "LT"
    },
    {
      "type": "insert-node",
      "node": {
        "label": "laPos",
        "type": "LocalVariable"
      },
      "location-after-char-start": 10372,
      "location-after-char-end": 10381,
      "node-str": "laPos"
    },
    {
      "type": "insert-node",
      "node": {
        "label": "if",
        "type": "If"
      },
      "location-after-char-start": 11165,
      "location-after-char-end": 11647,
      "node-str": "if"
    },
    {
      "type": "insert-node",
      "node": {
        "label": "strPos",
        "type": "VariableRead"
      },
      "location-after-char-start": 10341,
      "location-after-char-end": 10346,
      "node-str": "strPos"
    },
    {
      "type": "insert-node",
      "node": {
        "label": "strLen",
        "type": "VariableRead"
      },
      "location-after-char-start": 10350,
      "location-after-char-end": 10355,
      "node-str": "strLen"
    },
    {
      "type": "insert-node",
      "node": {
        "label": "int",
        "type": "VARIABLE_TYPE"
      },
      "location-after-char-start": 0,
      "location-after-char-end": 0,
      "node-str": "int"
    },
    {
      "type": "insert-node",
      "node": {
        "label": "EQ",
        "type": "BinaryOperator"
      },
      "location-after-char-start": 11169,
      "location-after-char-end": 11183,
      "node-str": "EQ"
    },
    {
      "type": "move-subtree",
      "node": {
        "label": "THEN",
        "type": "then"
      },
      "location-before-char-start": 11186,
      "location-before-char-end": 11285,
      "location-after-char-start": 11186,
      "location-after-char-end": 11285,
      "node-str": "THEN"
    },
    {
      "type": "insert-node",
      "node": {
        "label": "ELSE",
        "type": "else"
      },
      "location-after-char-start": 11292,
      "location-after-char-end": 11647,
      "node-str": "ELSE"
    },
    {
      "type": "insert-node",
      "node": {
        "label": "metaChar",
        "type": "VariableRead"
      },
      "location-after-char-start": 11169,
      "location-after-char-end": 11176,
      "node-str": "metaChar"
    },
    {
      "type": "insert-node",
      "node": {
        "label": "\u0027+\u0027",
        "type": "Literal"
      },
      "location-after-char-start": 11181,
      "location-after-char-end": 11183,
      "node-str": "\u0027+\u0027"
    },
    {
      "type": "insert-node",
      "node": {
        "label": "if",
        "type": "If"
      },
      "location-after-char-start": 11292,
      "location-after-char-end": 11647,
      "node-str": "if"
    },
    {
      "type": "insert-node",
      "node": {
        "label": "EQ",
        "type": "BinaryOperator"
      },
      "location-after-char-start": 11296,
      "location-after-char-end": 11310,
      "node-str": "EQ"
    },
    {
      "type": "insert-node",
      "node": {
        "label": "THEN",
        "type": "then"
      },
      "location-after-char-start": 11313,
      "location-after-char-end": 11647,
      "node-str": "THEN"
    },
    {
      "type": "insert-node",
      "node": {
        "label": "metaChar",
        "type": "VariableRead"
      },
      "location-after-char-start": 11296,
      "location-after-char-end": 11303,
      "node-str": "metaChar"
    },
    {
      "type": "insert-node",
      "node": {
        "label": "\u0027%\u0027",
        "type": "Literal"
      },
      "location-after-char-start": 11308,
      "location-after-char-end": 11310,
      "node-str": "\u0027%\u0027"
    },
    {
      "type": "move-subtree",
      "node": {
        "label": "c",
        "type": "LocalVariable"
      },
      "location-before-char-start": 11331,
      "location-before-char-end": 11406,
      "location-after-char-start": 11331,
      "location-after-char-end": 11406,
      "node-str": "c"
    },
    {
      "type": "insert-node",
      "node": {
        "label": "if",
        "type": "If"
      },
      "location-after-char-start": 11424,
      "location-after-char-end": 11604,
      "node-str": "if"
    },
    {
      "type": "insert-node",
      "node": {
        "label": "",
        "type": "OperatorAssignment"
      },
      "location-after-char-start": 11622,
      "location-after-char-end": 11633,
      "node-str": ""
    },
    {
      "type": "insert-node",
      "node": {
        "label": "OR",
        "type": "BinaryOperator"
      },
      "location-after-char-start": 11427,
      "location-after-char-end": 11482,
      "node-str": "OR"
    },
    {
      "type": "insert-node",
      "node": {
        "label": "THEN",
        "type": "then"
      },
      "location-after-char-start": 11505,
      "location-after-char-end": 11548,
      "node-str": "THEN"
    },
    {
      "type": "insert-node",
      "node": {
        "label": "ELSE",
        "type": "else"
      },
      "location-after-char-start": 11591,
      "location-after-char-end": 11604,
      "node-str": "ELSE"
    },
    {
      "type": "insert-node",
      "node": {
        "label": "strPos",
        "type": "VariableWrite"
      },
      "location-after-char-start": 11622,
      "location-after-char-end": 11627,
      "node-str": "strPos"
    },
    {
      "type": "insert-node",
      "node": {
        "label": "3",
        "type": "Literal"
      },
      "location-after-char-start": 11632,
      "location-after-char-end": 11632,
      "node-str": "3"
    },
    {
      "type": "insert-node",
      "node": {
        "label": "OR",
        "type": "BinaryOperator"
      },
      "location-after-char-start": 11427,
      "location-after-char-end": 11469,
      "node-str": "OR"
    },
    {
      "type": "insert-node",
      "node": {
        "label": "EQ",
        "type": "BinaryOperator"
      },
      "location-after-char-start": 11474,
      "location-after-char-end": 11482,
      "node-str": "EQ"
    },
    {
      "type": "insert-node",
      "node": {
        "label": "append",
        "type": "Invocation"
      },
      "location-after-char-start": 11505,
      "location-after-char-end": 11548,
      "node-str": "append"
    },
    {
      "type": "insert-node",
      "node": {
        "label": "append",
        "type": "Invocation"
      },
      "location-after-char-start": 11591,
      "location-after-char-end": 11604,
      "node-str": "append"
    },
    {
      "type": "insert-node",
      "node": {
        "label": "OR",
        "type": "BinaryOperator"
      },
      "location-after-char-start": 11427,
      "location-after-char-end": 11456,
      "node-str": "OR"
    },
    {
      "type": "insert-node",
      "node": {
        "label": "EQ",
        "type": "BinaryOperator"
      },
      "location-after-char-start": 11461,
      "location-after-char-end": 11469,
      "node-str": "EQ"
    },
    {
      "type": "insert-node",
      "node": {
        "label": "c",
        "type": "VariableRead"
      },
      "location-after-char-start": 11474,
      "location-after-char-end": 11474,
      "node-str": "c"
    },
    {
      "type": "insert-node",
      "node": {
        "label": "\u0027\\u0000\u0027",
        "type": "Literal"
      },
      "location-after-char-start": 11479,
      "location-after-char-end": 11482,
      "node-str": "\u0027\\u0000\u0027"
    },
    {
      "type": "insert-node",
      "node": {
        "label": "dec",
        "type": "VariableRead"
      },
      "location-after-char-start": 11505,
      "location-after-char-end": 11507,
      "node-str": "dec"
    },
    {
      "type": "insert-node",
      "node": {
        "label": "substring",
        "type": "Invocation"
      },
      "location-after-char-start": 11516,
      "location-after-char-end": 11546,
      "node-str": "substring"
    },
    {
      "type": "insert-node",
      "node": {
        "label": "dec",
        "type": "VariableRead"
      },
      "location-after-char-start": 11591,
      "location-after-char-end": 11593,
      "node-str": "dec"
    },
    {
      "type": "insert-node",
      "node": {
        "label": "c",
        "type": "VariableRead"
      },
      "location-after-char-start": 11602,
      "location-after-char-end": 11602,
      "node-str": "c"
    },
    {
      "type": "insert-node",
      "node": {
        "label": "OR",
        "type": "BinaryOperator"
      },
      "location-after-char-start": 11427,
      "location-after-char-end": 11446,
      "node-str": "OR"
    },
    {
      "type": "insert-node",
      "node": {
        "label": "EQ",
        "type": "BinaryOperator"
      },
      "location-after-char-start": 11451,
      "location-after-char-end": 11456,
      "node-str": "EQ"
    },
    {
      "type": "insert-node",
      "node": {
        "label": "c",
        "type": "VariableRead"
      },
      "location-after-char-start": 11461,
      "location-after-char-end": 11461,
      "node-str": "c"
    },
    {
      "type": "insert-node",
      "node": {
        "label": "\u0027\\\\\u0027",
        "type": "Literal"
      },
      "location-after-char-start": 11466,
      "location-after-char-end": 11469,
      "node-str": "\u0027\\\\\u0027"
    },
    {
      "type": "insert-node",
      "node": {
        "label": "str",
        "type": "VariableRead"
      },
      "location-after-char-start": 11516,
      "location-after-char-end": 11518,
      "node-str": "str"
    },
    {
      "type": "insert-node",
      "node": {
        "label": "strPos",
        "type": "VariableRead"
      },
      "location-after-char-start": 11530,
      "location-after-char-end": 11535,
      "node-str": "strPos"
    },
    {
      "type": "insert-node",
      "node": {
        "label": "PLUS",
        "type": "BinaryOperator"
      },
      "location-after-char-start": 11538,
      "location-after-char-end": 11545,
      "node-str": "PLUS"
    },
    {
      "type": "insert-node",
      "node": {
        "label": "EQ",
        "type": "BinaryOperator"
      },
      "location-after-char-start": 11427,
      "location-after-char-end": 11434,
      "node-str": "EQ"
    },
    {
      "type": "insert-node",
      "node": {
        "label": "EQ",
        "type": "BinaryOperator"
      },
      "location-after-char-start": 11439,
      "location-after-char-end": 11446,
      "node-str": "EQ"
    },
    {
      "type": "insert-node",
      "node": {
        "label": "c",
        "type": "VariableRead"
      },
      "location-after-char-start": 11451,
      "location-after-char-end": 11451,
      "node-str": "c"
    },
    {
      "type": "insert-node",
      "node": {
        "label": "\u0027.\u0027",
        "type": "Literal"
      },
      "location-after-char-start": 11454,
      "location-after-char-end": 11456,
      "node-str": "\u0027.\u0027"
    },
    {
      "type": "insert-node",
      "node": {
        "label": "strPos",
        "type": "VariableRead"
      },
      "location-after-char-start": 11538,
      "location-after-char-end": 11543,
      "node-str": "strPos"
    },
    {
      "type": "insert-node",
      "node": {
        "label": "3",
        "type": "Literal"
      },
      "location-after-char-start": 11545,
      "location-after-char-end": 11545,
      "node-str": "3"
    },
    {
      "type": "insert-node",
      "node": {
        "label": "c",
        "type": "VariableRead"
      },
      "location-after-char-start": 11427,
      "location-after-char-end": 11427,
      "node-str": "c"
    },
    {
      "type": "insert-node",
      "node": {
        "label": "\u0027/\u0027",
        "type": "Literal"
      },
      "location-after-char-start": 11432,
      "location-after-char-end": 11434,
      "node-str": "\u0027/\u0027"
    },
    {
      "type": "insert-node",
      "node": {
        "label": "c",
        "type": "VariableRead"
      },
      "location-after-char-start": 11439,
      "location-after-char-end": 11439,
      "node-str": "c"
    },
    {
      "type": "insert-node",
      "node": {
        "label": "\u0027%\u0027",
        "type": "Literal"
      },
      "location-after-char-start": 11444,
      "location-after-char-end": 11446,
      "node-str": "\u0027%\u0027"
    },
    {
      "type": "delete-node",
      "node": {
        "label": "public",
        "type": "Modifier"
      },
      "location-before-char-start": 0,
      "location-before-char-end": 0,
      "node-str": "public"
    },
    {
      "type": "delete-node",
      "node": {
        "label": "java.lang.String",
        "type": "RETURN_TYPE"
      },
      "location-before-char-start": 0,
      "location-before-char-end": 0,
      "node-str": "java.lang.String"
    },
    {
      "type": "delete-node",
      "node": {
        "label": "java.lang.NumberFormatException",
        "type": "THROWS"
      },
      "location-before-char-start": 0,
      "location-before-char-end": 0,
      "node-str": "java.lang.NumberFormatException"
    },
    {
      "type": "delete-node",
      "node": {
        "label": "java.lang.StringIndexOutOfBoundsException",
        "type": "THROWS"
      },
      "location-before-char-start": 0,
      "location-before-char-end": 0,
      "node-str": "java.lang.StringIndexOutOfBoundsException"
    },
    {
      "type": "delete-node",
      "node": {
        "label": "java.lang.IllegalArgumentException",
        "type": "THROWS"
      },
      "location-before-char-start": 0,
      "location-before-char-end": 0,
      "node-str": "java.lang.IllegalArgumentException"
    },
    {
      "type": "delete-node",
      "node": {
        "label": "final",
        "type": "Modifier"
      },
      "location-before-char-start": 0,
      "location-before-char-end": 0,
      "node-str": "final"
    },
    {
      "type": "delete-node",
      "node": {
        "label": "public",
        "type": "Modifier"
      },
      "location-before-char-start": 0,
      "location-before-char-end": 0,
      "node-str": "public"
    },
    {
      "type": "delete-node",
      "node": {
        "label": "static",
        "type": "Modifier"
      },
      "location-before-char-start": 0,
      "location-before-char-end": 0,
      "node-str": "static"
    },
    {
      "type": "delete-node",
      "node": {
        "label": "java.lang.String",
        "type": "VARIABLE_TYPE"
      },
      "location-before-char-start": 0,
      "location-before-char-end": 0,
      "node-str": "java.lang.String"
    },
    {
      "type": "delete-node",
      "node": {
        "label": "str",
        "type": "Parameter"
      },
      "location-before-char-start": 10002,
      "location-before-char-end": 10011,
      "node-str": "str"
    },
    {
      "type": "delete-node",
      "node": {
        "label": "java.lang.StringBuffer",
        "type": "VARIABLE_TYPE"
      },
      "location-before-char-start": 0,
      "location-before-char-end": 0,
      "node-str": "java.lang.StringBuffer"
    },
    {
      "type": "delete-node",
      "node": {
        "label": "java.lang.StringBuffer()",
        "type": "ConstructorCall"
      },
      "location-before-char-start": 10176,
      "location-before-char-end": 10193,
      "node-str": "java.lang.StringBuffer()"
    },
    {
      "type": "delete-node",
      "node": {
        "label": "dec",
        "type": "LocalVariable"
      },
      "location-before-char-start": 10157,
      "location-before-char-end": 10194,
      "node-str": "dec"
    },
    {
      "type": "delete-node",
      "node": {
        "label": "int",
        "type": "VARIABLE_TYPE"
      },
      "location-before-char-start": 0,
      "location-before-char-end": 0,
      "node-str": "int"
    },
    {
      "type": "delete-node",
      "node": {
        "label": "0",
        "type": "Literal"
      },
      "location-before-char-start": 10245,
      "location-before-char-end": 10245,
      "node-str": "0"
    },
    {
      "type": "delete-node",
      "node": {
        "label": "strPos",
        "type": "LocalVariable"
      },
      "location-before-char-start": 10232,
      "location-before-char-end": 10246,
      "node-str": "strPos"
    },
    {
      "type": "delete-node",
      "node": {
        "label": "strPos",
        "type": "VariableRead"
      },
      "location-before-char-start": 10341,
      "location-before-char-end": 10346,
      "node-str": "strPos"
    },
    {
      "type": "delete-node",
      "node": {
        "label": "strLen",
        "type": "VariableRead"
      },
      "location-before-char-start": 10350,
      "location-before-char-end": 10355,
      "node-str": "strLen"
    },
    {
      "type": "delete-node",
      "node": {
        "label": "LT",
        "type": "BinaryOperator"
      },
      "location-before-char-start": 10341,
      "location-before-char-end": 10355,
      "node-str": "LT"
    },
    {
      "type": "delete-node",
      "node": {
        "label": "int",
        "type": "VARIABLE_TYPE"
      },
      "location-before-char-start": 0,
      "location-before-char-end": 0,
      "node-str": "int"
    },
    {
      "type": "delete-node",
      "node": {
        "label": "laPos",
        "type": "LocalVariable"
      },
      "location-before-char-start": 10372,
      "location-before-char-end": 10381,
      "node-str": "laPos"
    },
    {
      "type": "delete-node",
      "node": {
        "label": "metaChar",
        "type": "VariableRead"
      },
      "location-before-char-start": 11169,
      "location-before-char-end": 11176,
      "node-str": "metaChar"
    },
    {
      "type": "delete-node",
      "node": {
        "label": "\u0027+\u0027",
        "type": "Literal"
      },
      "location-before-char-start": 11181,
      "location-before-char-end": 11183,
      "node-str": "\u0027+\u0027"
    },
    {
      "type": "delete-node",
      "node": {
        "label": "EQ",
        "type": "BinaryOperator"
      },
      "location-before-char-start": 11169,
      "location-before-char-end": 11183,
      "node-str": "EQ"
    },
    {
      "type": "delete-node",
      "node": {
        "label": "metaChar",
        "type": "VariableRead"
      },
      "location-before-char-start": 11296,
      "location-before-char-end": 11303,
      "node-str": "metaChar"
    },
    {
      "type": "delete-node",
      "node": {
        "label": "\u0027%\u0027",
        "type": "Literal"
      },
      "location-before-char-start": 11308,
      "location-before-char-end": 11310,
      "node-str": "\u0027%\u0027"
    },
    {
      "type": "delete-node",
      "node": {
        "label": "EQ",
        "type": "BinaryOperator"
      },
      "location-before-char-start": 11296,
      "location-before-char-end": 11310,
      "node-str": "EQ"
    },
    {
      "type": "delete-node",
      "node": {
        "label": "c",
        "type": "VariableRead"
      },
      "location-before-char-start": 11427,
      "location-before-char-end": 11427,
      "node-str": "c"
    },
    {
      "type": "delete-node",
      "node": {
        "label": "\u0027/\u0027",
        "type": "Literal"
      },
      "location-before-char-start": 11432,
      "location-before-char-end": 11434,
      "node-str": "\u0027/\u0027"
    },
    {
      "type": "delete-node",
      "node": {
        "label": "EQ",
        "type": "BinaryOperator"
      },
      "location-before-char-start": 11427,
      "location-before-char-end": 11434,
      "node-str": "EQ"
    },
    {
      "type": "delete-node",
      "node": {
        "label": "c",
        "type": "VariableRead"
      },
      "location-before-char-start": 11439,
      "location-before-char-end": 11439,
      "node-str": "c"
    },
    {
      "type": "delete-node",
      "node": {
        "label": "\u0027\\u0000\u0027",
        "type": "Literal"
      },
      "location-before-char-start": 11444,
      "location-before-char-end": 11447,
      "node-str": "\u0027\\u0000\u0027"
    },
    {
      "type": "delete-node",
      "node": {
        "label": "EQ",
        "type": "BinaryOperator"
      },
      "location-before-char-start": 11439,
      "location-before-char-end": 11447,
      "node-str": "EQ"
    },
    {
      "type": "delete-node",
      "node": {
        "label": "OR",
        "type": "BinaryOperator"
      },
      "location-before-char-start": 11427,
      "location-before-char-end": 11447,
      "node-str": "OR"
    },
    {
      "type": "delete-node",
      "node": {
        "label": "\"URL contains encoded special chars.\"",
        "type": "Literal"
      },
      "location-before-char-start": 11505,
      "location-before-char-end": 11541,
      "node-str": "\"URL contains encoded special chars.\""
    },
    {
      "type": "delete-node",
      "node": {
        "label": "java.lang.IllegalArgumentException(java.lang.String)",
        "type": "ConstructorCall"
      },
      "location-before-char-start": 11476,
      "location-before-char-end": 11542,
      "node-str": "java.lang.IllegalArgumentException(java.lang.String)"
    },
    {
      "type": "delete-node",
      "node": {
        "label": "",
        "type": "Throw"
      },
      "location-before-char-start": 11470,
      "location-before-char-end": 11543,
      "node-str": ""
    },
    {
      "type": "delete-node",
      "node": {
        "label": "THEN",
        "type": "then"
      },
      "location-before-char-start": 11470,
      "location-before-char-end": 11543,
      "node-str": "THEN"
    },
    {
      "type": "delete-node",
      "node": {
        "label": "if",
        "type": "If"
      },
      "location-before-char-start": 11424,
      "location-before-char-end": 11543,
      "node-str": "if"
    },
    {
      "type": "delete-node",
      "node": {
        "label": "dec",
        "type": "VariableRead"
      },
      "location-before-char-start": 11562,
      "location-before-char-end": 11564,
      "node-str": "dec"
    },
    {
      "type": "delete-node",
      "node": {
        "label": "c",
        "type": "VariableRead"
      },
      "location-before-char-start": 11573,
      "location-before-char-end": 11573,
      "node-str": "c"
    },
    {
      "type": "delete-node",
      "node": {
        "label": "append",
        "type": "Invocation"
      },
      "location-before-char-start": 11562,
      "location-before-char-end": 11575,
      "node-str": "append"
    },
    {
      "type": "delete-node",
      "node": {
        "label": "strPos",
        "type": "VariableWrite"
      },
      "location-before-char-start": 11593,
      "location-before-char-end": 11598,
      "node-str": "strPos"
    },
    {
      "type": "delete-node",
      "node": {
        "label": "3",
        "type": "Literal"
      },
      "location-before-char-start": 11603,
      "location-before-char-end": 11603,
      "node-str": "3"
    },
    {
      "type": "delete-node",
      "node": {
        "label": "",
        "type": "OperatorAssignment"
      },
      "location-before-char-start": 11593,
      "location-before-char-end": 11604,
      "node-str": ""
    },
    {
      "type": "delete-node",
      "node": {
        "label": "THEN",
        "type": "then"
      },
      "location-before-char-start": 11313,
      "location-before-char-end": 11618,
      "node-str": "THEN"
    },
    {
      "type": "delete-node",
      "node": {
        "label": "if",
        "type": "If"
      },
      "location-before-char-start": 11292,
      "location-before-char-end": 11618,
      "node-str": "if"
    },
    {
      "type": "delete-node",
      "node": {
        "label": "ELSE",
        "type": "else"
      },
      "location-before-char-start": 11292,
      "location-before-char-end": 11618,
      "node-str": "ELSE"
    },
    {
      "type": "delete-node",
      "node": {
        "label": "if",
        "type": "If"
      },
      "location-before-char-start": 11165,
      "location-before-char-end": 11618,
      "node-str": "if"
    },
    {
      "type": "delete-node",
      "node": {
        "label": "java.lang.String",
        "type": "VARIABLE_TYPE"
      },
      "location-before-char-start": 0,
      "location-before-char-end": 0,
      "node-str": "java.lang.String"
    },
    {
      "type": "delete-node",
      "node": {
        "label": "final",
        "type": "Modifier"
      },
      "location-before-char-start": 0,
      "location-before-char-end": 0,
      "node-str": "final"
    },
    {
      "type": "delete-node",
      "node": {
        "label": "static",
        "type": "Modifier"
      },
      "location-before-char-start": 0,
      "location-before-char-end": 0,
      "node-str": "static"
    },
    {
      "type": "delete-node",
      "node": {
        "label": "\"EEE, dd MMM yyyyy HH:mm:ss z\"",
        "type": "Literal"
      },
      "location-before-char-start": 19507,
      "location-before-char-end": 19536,
      "node-str": "\"EEE, dd MMM yyyyy HH:mm:ss z\""
    },
    {
      "type": "delete-node",
      "node": {
        "label": "rfc1123Pattern",
        "type": "Field"
      },
      "location-before-char-start": 19389,
      "location-before-char-end": 19537,
      "node-str": "rfc1123Pattern"
    },
    {
      "type": "delete-node",
      "node": {
        "label": "java.lang.String",
        "type": "VARIABLE_TYPE"
      },
      "location-before-char-start": 0,
      "location-before-char-end": 0,
      "node-str": "java.lang.String"
    },
    {
      "type": "delete-node",
      "node": {
        "label": "final",
        "type": "Modifier"
      },
      "location-before-char-start": 0,
      "location-before-char-end": 0,
      "node-str": "final"
    },
    {
      "type": "delete-node",
      "node": {
        "label": "static",
        "type": "Modifier"
      },
      "location-before-char-start": 0,
      "location-before-char-end": 0,
      "node-str": "static"
    },
    {
      "type": "delete-node",
      "node": {
        "label": "\"EEEEEEEEE, dd-MMM-yy HH:mm:ss z\"",
        "type": "Literal"
      },
      "location-before-char-start": 19663,
      "location-before-char-end": 19695,
      "node-str": "\"EEEEEEEEE, dd-MMM-yy HH:mm:ss z\""
    },
    {
      "type": "delete-node",
      "node": {
        "label": "rfc1036Pattern",
        "type": "Field"
      },
      "location-before-char-start": 19544,
      "location-before-char-end": 19696,
      "node-str": "rfc1036Pattern"
    },
    {
      "type": "delete-node",
      "node": {
        "label": "java.lang.String",
        "type": "VARIABLE_TYPE"
      },
      "location-before-char-start": 0,
      "location-before-char-end": 0,
      "node-str": "java.lang.String"
    },
    {
      "type": "delete-node",
      "node": {
        "label": "final",
        "type": "Modifier"
      },
      "location-before-char-start": 0,
      "location-before-char-end": 0,
      "node-str": "final"
    },
    {
      "type": "delete-node",
      "node": {
        "label": "static",
        "type": "Modifier"
      },
      "location-before-char-start": 0,
      "location-before-char-end": 0,
      "node-str": "static"
    },
    {
      "type": "delete-node",
      "node": {
        "label": "\"EEE MMM d HH:mm:ss yyyyy\"",
        "type": "Literal"
      },
      "location-before-char-start": 19819,
      "location-before-char-end": 19844,
      "node-str": "\"EEE MMM d HH:mm:ss yyyyy\""
    },
    {
      "type": "delete-node",
      "node": {
        "label": "asctimePattern",
        "type": "Field"
      },
      "location-before-char-start": 19703,
      "location-before-char-end": 19845,
      "node-str": "asctimePattern"
    }
  ],
  "before-file": {},
  "after-file": {},
  "mapping": {}
}