{
  "tool-info": {},
  "diff": [
    {
      "type": "insert-node",
      "node": {
        "label": "public",
        "type": "Modifier"
      },
      "location-after-char-start": 0,
      "location-after-char-end": 0,
      "node-str": "public"
    },
    {
      "type": "insert-node",
      "node": {
        "label": "dialog",
        "type": "Field"
      },
      "location-after-char-start": 1513,
      "location-after-char-end": 1540,
      "node-str": "dialog"
    },
    {
      "type": "insert-node",
      "node": {
        "label": "sharedInstance",
        "type": "Field"
      },
      "location-after-char-start": 1544,
      "location-after-char-end": 1599,
      "node-str": "sharedInstance"
    },
    {
      "type": "insert-node",
      "node": {
        "label": "disposeListener",
        "type": "Field"
      },
      "location-after-char-start": 1603,
      "location-after-char-end": 1919,
      "node-str": "disposeListener"
    },
    {
      "type": "insert-node",
      "node": {
        "label": "\u003cinit\u003e",
        "type": "Constructor"
      },
      "location-after-char-start": 2178,
      "location-after-char-end": 2269,
      "node-str": "\u003cinit\u003e"
    },
    {
      "type": "insert-node",
      "node": {
        "label": "org.eclipse.ui.internal.statushandlers.StatusDialog",
        "type": "VARIABLE_TYPE"
      },
      "location-after-char-start": 0,
      "location-after-char-end": 0,
      "node-str": "org.eclipse.ui.internal.statushandlers.StatusDialog"
    },
    {
      "type": "insert-node",
      "node": {
        "label": "org.eclipse.ui.internal.statushandlers.StatusNotificationManager",
        "type": "VARIABLE_TYPE"
      },
      "location-after-char-start": 0,
      "location-after-char-end": 0,
      "node-str": "org.eclipse.ui.internal.statushandlers.StatusNotificationManager"
    },
    {
      "type": "insert-node",
      "node": {
        "label": "static",
        "type": "Modifier"
      },
      "location-after-char-start": 0,
      "location-after-char-end": 0,
      "node-str": "static"
    },
    {
      "type": "insert-node",
      "node": {
        "label": "org.eclipse.swt.events.DisposeListener",
        "type": "VARIABLE_TYPE"
      },
      "location-after-char-start": 0,
      "location-after-char-end": 0,
      "node-str": "org.eclipse.swt.events.DisposeListener"
    },
    {
      "type": "insert-node",
      "node": {
        "label": "org.eclipse.swt.events.DisposeListener()",
        "type": "NewClass"
      },
      "location-after-char-start": 1645,
      "location-after-char-end": 1918,
      "node-str": "org.eclipse.swt.events.DisposeListener()"
    },
    {
      "type": "insert-node",
      "node": {
        "label": "1",
        "type": "Class"
      },
      "location-after-char-start": 1667,
      "location-after-char-end": 1918,
      "node-str": "1"
    },
    {
      "type": "insert-node",
      "node": {
        "label": "OR",
        "type": "BinaryOperator"
      },
      "location-after-char-start": 2825,
      "location-after-char-end": 2872,
      "node-str": "OR"
    },
    {
      "type": "insert-node",
      "node": {
        "label": "THEN",
        "type": "then"
      },
      "location-after-char-start": 2875,
      "location-after-char-end": 3647,
      "node-str": "THEN"
    },
    {
      "type": "insert-node",
      "node": {
        "label": "ELSE",
        "type": "else"
      },
      "location-after-char-start": 3654,
      "location-after-char-end": 4031,
      "node-str": "ELSE"
    },
    {
      "type": "insert-node",
      "node": {
        "label": "",
        "type": "TypeReference"
      },
      "location-after-char-start": 0,
      "location-after-char-end": 0,
      "node-str": ""
    },
    {
      "type": "insert-node",
      "node": {
        "label": "widgetDisposed",
        "type": "Method"
      },
      "location-after-char-start": 1671,
      "location-after-char-end": 1915,
      "node-str": "widgetDisposed"
    },
    {
      "type": "move-subtree",
      "node": {
        "label": "EQ",
        "type": "BinaryOperator"
      },
      "location-before-char-start": 2890,
      "location-before-char-end": 2909,
      "location-after-char-start": 2825,
      "location-after-char-end": 2838,
      "node-str": "EQ"
    },
    {
      "type": "update-node",
      "node": {
        "label": "syncExec",
        "type": "Invocation"
      },
      "location-before-char-start": 3160,
      "location-before-char-end": 3284,
      "location-after-char-start": 2843,
      "location-after-char-end": 2872,
      "node-str": "isDisposed"
    },
    {
      "type": "move-subtree",
      "node": {
        "label": "syncExec",
        "type": "Invocation"
      },
      "location-before-char-start": 3160,
      "location-before-char-end": 3284,
      "location-after-char-start": 2843,
      "location-after-char-end": 2872,
      "node-str": "isDisposed"
    },
    {
      "type": "move-subtree",
      "node": {
        "label": "add",
        "type": "Invocation"
      },
      "location-before-char-start": 3301,
      "location-before-char-end": 3323,
      "location-after-char-start": 2881,
      "location-after-char-end": 2903,
      "node-str": "add"
    },
    {
      "type": "move-subtree",
      "node": {
        "label": "noPromptProperty",
        "type": "LocalVariable"
      },
      "location-before-char-start": 3388,
      "location-before-char-end": 3509,
      "location-after-char-start": 2968,
      "location-after-char-end": 3089,
      "node-str": "noPromptProperty"
    },
    {
      "type": "move-subtree",
      "node": {
        "label": "prompt",
        "type": "LocalVariable"
      },
      "location-before-char-start": 3515,
      "location-before-char-end": 3536,
      "location-after-char-start": 3095,
      "location-after-char-end": 3116,
      "node-str": "prompt"
    },
    {
      "type": "move-subtree",
      "node": {
        "label": "if",
        "type": "If"
      },
      "location-before-char-start": 3541,
      "location-before-char-end": 3646,
      "location-after-char-start": 3121,
      "location-after-char-end": 3226,
      "node-str": "if"
    },
    {
      "type": "move-subtree",
      "node": {
        "label": "if",
        "type": "If"
      },
      "location-before-char-start": 3652,
      "location-before-char-end": 4025,
      "location-after-char-start": 3232,
      "location-after-char-end": 3642,
      "node-str": "if"
    },
    {
      "type": "move-subtree",
      "node": {
        "label": "if",
        "type": "If"
      },
      "location-before-char-start": 2917,
      "location-before-char-end": 3154,
      "location-after-char-start": 3660,
      "location-after-char-end": 3897,
      "node-str": "if"
    },
    {
      "type": "insert-node",
      "node": {
        "label": "syncExec",
        "type": "Invocation"
      },
      "location-after-char-start": 3903,
      "location-after-char-end": 4027,
      "node-str": "syncExec"
    },
    {
      "type": "insert-node",
      "node": {
        "label": "org.eclipse.swt.events.DisposeListener",
        "type": "SUPER_TYPE"
      },
      "location-after-char-start": 0,
      "location-after-char-end": 0,
      "node-str": "org.eclipse.swt.events.DisposeListener"
    },
    {
      "type": "insert-node",
      "node": {
        "label": "void",
        "type": "RETURN_TYPE"
      },
      "location-after-char-start": 0,
      "location-after-char-end": 0,
      "node-str": "void"
    },
    {
      "type": "insert-node",
      "node": {
        "label": "public",
        "type": "Modifier"
      },
      "location-after-char-start": 0,
      "location-after-char-end": 0,
      "node-str": "public"
    },
    {
      "type": "insert-node",
      "node": {
        "label": "e",
        "type": "Parameter"
      },
      "location-after-char-start": 1835,
      "location-after-char-end": 1871,
      "node-str": "e"
    },
    {
      "type": "insert-node",
      "node": {
        "label": "\u003d",
        "type": "Assignment"
      },
      "location-after-char-start": 1879,
      "location-after-char-end": 1892,
      "node-str": "\u003d"
    },
    {
      "type": "insert-node",
      "node": {
        "label": "clear",
        "type": "Invocation"
      },
      "location-after-char-start": 1897,
      "location-after-char-end": 1911,
      "node-str": "clear"
    },
    {
      "type": "update-node",
      "node": {
        "label": "dialogOpened",
        "type": "FieldRead"
      },
      "location-before-char-start": 2890,
      "location-before-char-end": 2901,
      "location-after-char-start": 2825,
      "location-after-char-end": 2830,
      "node-str": "dialog"
    },
    {
      "type": "update-node",
      "node": {
        "label": "true",
        "type": "Literal"
      },
      "location-before-char-start": 2906,
      "location-before-char-end": 2909,
      "location-after-char-start": 2835,
      "location-after-char-end": 2838,
      "node-str": "null"
    },
    {
      "type": "update-node",
      "node": {
        "label": "openStatusDialog",
        "type": "Invocation"
      },
      "location-before-char-start": 3236,
      "location-before-char-end": 3271,
      "location-after-char-start": 2843,
      "location-after-char-end": 2859,
      "node-str": "getShell"
    },
    {
      "type": "move-subtree",
      "node": {
        "label": "openStatusDialog",
        "type": "Invocation"
      },
      "location-before-char-start": 3236,
      "location-before-char-end": 3271,
      "location-after-char-start": 2843,
      "location-after-char-end": 2859,
      "node-str": "getShell"
    },
    {
      "type": "insert-node",
      "node": {
        "label": "getDefault",
        "type": "Invocation"
      },
      "location-after-char-start": 3903,
      "location-after-char-end": 3922,
      "node-str": "getDefault"
    },
    {
      "type": "insert-node",
      "node": {
        "label": "org.eclipse.ui.internal.statushandlers.StatusNotificationManager$3()",
        "type": "NewClass"
      },
      "location-after-char-start": 3933,
      "location-after-char-end": 4025,
      "node-str": "org.eclipse.ui.internal.statushandlers.StatusNotificationManager$3()"
    },
    {
      "type": "insert-node",
      "node": {
        "label": "org.eclipse.swt.events.DisposeEvent",
        "type": "VARIABLE_TYPE"
      },
      "location-after-char-start": 0,
      "location-after-char-end": 0,
      "node-str": "org.eclipse.swt.events.DisposeEvent"
    },
    {
      "type": "insert-node",
      "node": {
        "label": "dialog",
        "type": "FieldWrite"
      },
      "location-after-char-start": 1879,
      "location-after-char-end": 1884,
      "node-str": "dialog"
    },
    {
      "type": "insert-node",
      "node": {
        "label": "null",
        "type": "Literal"
      },
      "location-after-char-start": 1888,
      "location-after-char-end": 1891,
      "node-str": "null"
    },
    {
      "type": "insert-node",
      "node": {
        "label": "errors",
        "type": "FieldRead"
      },
      "location-after-char-start": 1897,
      "location-after-char-end": 1902,
      "node-str": "errors"
    },
    {
      "type": "insert-node",
      "node": {
        "label": "dialog",
        "type": "FieldRead"
      },
      "location-after-char-start": 2843,
      "location-after-char-end": 2848,
      "node-str": "dialog"
    },
    {
      "type": "insert-node",
      "node": {
        "label": "org.eclipse.swt.widgets.Display",
        "type": "TypeAccess"
      },
      "location-after-char-start": 3903,
      "location-after-char-end": 3909,
      "node-str": "org.eclipse.swt.widgets.Display"
    },
    {
      "type": "insert-node",
      "node": {
        "label": "3",
        "type": "Class"
      },
      "location-after-char-start": 3948,
      "location-after-char-end": 4025,
      "node-str": "3"
    },
    {
      "type": "insert-node",
      "node": {
        "label": "org.eclipse.ui.internal.statushandlers.StatusNotificationManager",
        "type": "TypeAccess"
      },
      "location-after-char-start": 0,
      "location-after-char-end": 0,
      "node-str": "org.eclipse.ui.internal.statushandlers.StatusNotificationManager"
    },
    {
      "type": "insert-node",
      "node": {
        "label": "org.eclipse.ui.internal.statushandlers.StatusNotificationManager",
        "type": "TypeAccess"
      },
      "location-after-char-start": 0,
      "location-after-char-end": 0,
      "node-str": "org.eclipse.ui.internal.statushandlers.StatusNotificationManager"
    },
    {
      "type": "update-node",
      "node": {
        "label": "org.eclipse.ui.internal.statushandlers.StatusNotificationManager$2",
        "type": "TypeAccess"
      },
      "location-before-char-start": 0,
      "location-before-char-end": 0,
      "location-after-char-start": 0,
      "location-after-char-end": 0,
      "node-str": "org.eclipse.ui.internal.statushandlers.StatusNotificationManager"
    },
    {
      "type": "move-subtree",
      "node": {
        "label": "org.eclipse.ui.internal.statushandlers.StatusNotificationManager$2",
        "type": "TypeAccess"
      },
      "location-before-char-start": 0,
      "location-before-char-end": 0,
      "location-after-char-start": 0,
      "location-after-char-end": 0,
      "node-str": "org.eclipse.ui.internal.statushandlers.StatusNotificationManager"
    },
    {
      "type": "update-node",
      "node": {
        "label": "org.eclipse.ui.internal.statushandlers.StatusNotificationManager$3()",
        "type": "NewClass"
      },
      "location-before-char-start": 3726,
      "location-before-char-end": 4018,
      "location-after-char-start": 3281,
      "location-after-char-end": 3635,
      "node-str": "org.eclipse.ui.internal.statushandlers.StatusNotificationManager$2()"
    },
    {
      "type": "insert-node",
      "node": {
        "label": "run",
        "type": "Method"
      },
      "location-after-char-start": 3954,
      "location-after-char-end": 4020,
      "node-str": "run"
    },
    {
      "type": "update-node",
      "node": {
        "label": "3",
        "type": "Class"
      },
      "location-before-char-start": 3741,
      "location-before-char-end": 4018,
      "location-after-char-start": 3296,
      "location-after-char-end": 3635,
      "node-str": "2"
    },
    {
      "type": "insert-node",
      "node": {
        "label": "void",
        "type": "RETURN_TYPE"
      },
      "location-after-char-start": 0,
      "location-after-char-end": 0,
      "node-str": "void"
    },
    {
      "type": "insert-node",
      "node": {
        "label": "public",
        "type": "Modifier"
      },
      "location-after-char-start": 0,
      "location-after-char-end": 0,
      "node-str": "public"
    },
    {
      "type": "insert-node",
      "node": {
        "label": "openStatusDialog",
        "type": "Invocation"
      },
      "location-after-char-start": 3979,
      "location-after-char-end": 4014,
      "node-str": "openStatusDialog"
    },
    {
      "type": "insert-node",
      "node": {
        "label": "org.eclipse.ui.internal.statushandlers.StatusNotificationManager$3",
        "type": "TypeAccess"
      },
      "location-after-char-start": 0,
      "location-after-char-end": 0,
      "node-str": "org.eclipse.ui.internal.statushandlers.StatusNotificationManager$3"
    },
    {
      "type": "insert-node",
      "node": {
        "label": "modal",
        "type": "VariableRead"
      },
      "location-after-char-start": 3996,
      "location-after-char-end": 4000,
      "node-str": "modal"
    },
    {
      "type": "insert-node",
      "node": {
        "label": "statusInfo",
        "type": "VariableRead"
      },
      "location-after-char-start": 4003,
      "location-after-char-end": 4012,
      "node-str": "statusInfo"
    },
    {
      "type": "insert-node",
      "node": {
        "label": "if",
        "type": "If"
      },
      "location-after-char-start": 3329,
      "location-after-char-end": 3622,
      "node-str": "if"
    },
    {
      "type": "insert-node",
      "node": {
        "label": "EQ",
        "type": "BinaryOperator"
      },
      "location-after-char-start": 3333,
      "location-after-char-end": 3346,
      "node-str": "EQ"
    },
    {
      "type": "insert-node",
      "node": {
        "label": "THEN",
        "type": "then"
      },
      "location-after-char-start": 3349,
      "location-after-char-end": 3622,
      "node-str": "THEN"
    },
    {
      "type": "insert-node",
      "node": {
        "label": "dialog",
        "type": "FieldRead"
      },
      "location-after-char-start": 3333,
      "location-after-char-end": 3338,
      "node-str": "dialog"
    },
    {
      "type": "insert-node",
      "node": {
        "label": "null",
        "type": "Literal"
      },
      "location-after-char-start": 3343,
      "location-after-char-end": 3346,
      "node-str": "null"
    },
    {
      "type": "move-subtree",
      "node": {
        "label": "\u003d",
        "type": "Assignment"
      },
      "location-before-char-start": 3774,
      "location-before-char-end": 3923,
      "location-after-char-start": 3358,
      "location-after-char-end": 3520,
      "node-str": "\u003d"
    },
    {
      "type": "move-subtree",
      "node": {
        "label": "open",
        "type": "Invocation"
      },
      "location-before-char-start": 3931,
      "location-before-char-end": 3944,
      "location-after-char-start": 3529,
      "location-after-char-end": 3542,
      "node-str": "open"
    },
    {
      "type": "move-subtree",
      "node": {
        "label": "addDisposeListener",
        "type": "Invocation"
      },
      "location-before-char-start": 3952,
      "location-before-char-end": 4005,
      "location-after-char-start": 3551,
      "location-after-char-end": 3614,
      "node-str": "addDisposeListener"
    },
    {
      "type": "insert-node",
      "node": {
        "label": "org.eclipse.ui.internal.statushandlers.StatusNotificationManager",
        "type": "TypeAccess"
      },
      "location-after-char-start": 0,
      "location-after-char-end": 0,
      "node-str": "org.eclipse.ui.internal.statushandlers.StatusNotificationManager"
    },
    {
      "type": "delete-node",
      "node": {
        "label": "public",
        "type": "Modifier"
      },
      "location-before-char-start": 0,
      "location-before-char-end": 0,
      "node-str": "public"
    },
    {
      "type": "delete-node",
      "node": {
        "label": "org.eclipse.ui.internal.statushandlers.StatusDialog",
        "type": "VARIABLE_TYPE"
      },
      "location-before-char-start": 0,
      "location-before-char-end": 0,
      "node-str": "org.eclipse.ui.internal.statushandlers.StatusDialog"
    },
    {
      "type": "delete-node",
      "node": {
        "label": "dialog",
        "type": "Field"
      },
      "location-before-char-start": 1513,
      "location-before-char-end": 1540,
      "node-str": "dialog"
    },
    {
      "type": "delete-node",
      "node": {
        "label": "boolean",
        "type": "VARIABLE_TYPE"
      },
      "location-before-char-start": 0,
      "location-before-char-end": 0,
      "node-str": "boolean"
    },
    {
      "type": "delete-node",
      "node": {
        "label": "false",
        "type": "Literal"
      },
      "location-before-char-start": 1575,
      "location-before-char-end": 1579,
      "node-str": "false"
    },
    {
      "type": "delete-node",
      "node": {
        "label": "dialogOpened",
        "type": "Field"
      },
      "location-before-char-start": 1544,
      "location-before-char-end": 1580,
      "node-str": "dialogOpened"
    },
    {
      "type": "delete-node",
      "node": {
        "label": "org.eclipse.ui.internal.statushandlers.StatusNotificationManager",
        "type": "VARIABLE_TYPE"
      },
      "location-before-char-start": 0,
      "location-before-char-end": 0,
      "node-str": "org.eclipse.ui.internal.statushandlers.StatusNotificationManager"
    },
    {
      "type": "delete-node",
      "node": {
        "label": "static",
        "type": "Modifier"
      },
      "location-before-char-start": 0,
      "location-before-char-end": 0,
      "node-str": "static"
    },
    {
      "type": "delete-node",
      "node": {
        "label": "sharedInstance",
        "type": "Field"
      },
      "location-before-char-start": 1584,
      "location-before-char-end": 1639,
      "node-str": "sharedInstance"
    },
    {
      "type": "delete-node",
      "node": {
        "label": "org.eclipse.swt.events.DisposeListener",
        "type": "VARIABLE_TYPE"
      },
      "location-before-char-start": 0,
      "location-before-char-end": 0,
      "node-str": "org.eclipse.swt.events.DisposeListener"
    },
    {
      "type": "delete-node",
      "node": {
        "label": "org.eclipse.swt.events.DisposeListener",
        "type": "SUPER_TYPE"
      },
      "location-before-char-start": 0,
      "location-before-char-end": 0,
      "node-str": "org.eclipse.swt.events.DisposeListener"
    },
    {
      "type": "delete-node",
      "node": {
        "label": "",
        "type": "TypeReference"
      },
      "location-before-char-start": 0,
      "location-before-char-end": 0,
      "node-str": ""
    },
    {
      "type": "delete-node",
      "node": {
        "label": "void",
        "type": "RETURN_TYPE"
      },
      "location-before-char-start": 0,
      "location-before-char-end": 0,
      "node-str": "void"
    },
    {
      "type": "delete-node",
      "node": {
        "label": "public",
        "type": "Modifier"
      },
      "location-before-char-start": 0,
      "location-before-char-end": 0,
      "node-str": "public"
    },
    {
      "type": "delete-node",
      "node": {
        "label": "org.eclipse.swt.events.DisposeEvent",
        "type": "VARIABLE_TYPE"
      },
      "location-before-char-start": 0,
      "location-before-char-end": 0,
      "node-str": "org.eclipse.swt.events.DisposeEvent"
    },
    {
      "type": "delete-node",
      "node": {
        "label": "e",
        "type": "Parameter"
      },
      "location-before-char-start": 1875,
      "location-before-char-end": 1911,
      "node-str": "e"
    },
    {
      "type": "delete-node",
      "node": {
        "label": "org.eclipse.ui.internal.statushandlers.StatusNotificationManager",
        "type": "TypeAccess"
      },
      "location-before-char-start": 0,
      "location-before-char-end": 0,
      "node-str": "org.eclipse.ui.internal.statushandlers.StatusNotificationManager"
    },
    {
      "type": "delete-node",
      "node": {
        "label": "dialog",
        "type": "FieldWrite"
      },
      "location-before-char-start": 1919,
      "location-before-char-end": 1924,
      "node-str": "dialog"
    },
    {
      "type": "delete-node",
      "node": {
        "label": "null",
        "type": "Literal"
      },
      "location-before-char-start": 1928,
      "location-before-char-end": 1931,
      "node-str": "null"
    },
    {
      "type": "delete-node",
      "node": {
        "label": "\u003d",
        "type": "Assignment"
      },
      "location-before-char-start": 1919,
      "location-before-char-end": 1932,
      "node-str": "\u003d"
    },
    {
      "type": "delete-node",
      "node": {
        "label": "org.eclipse.ui.internal.statushandlers.StatusNotificationManager",
        "type": "TypeAccess"
      },
      "location-before-char-start": 0,
      "location-before-char-end": 0,
      "node-str": "org.eclipse.ui.internal.statushandlers.StatusNotificationManager"
    },
    {
      "type": "delete-node",
      "node": {
        "label": "dialogOpened",
        "type": "FieldWrite"
      },
      "location-before-char-start": 1937,
      "location-before-char-end": 1948,
      "node-str": "dialogOpened"
    },
    {
      "type": "delete-node",
      "node": {
        "label": "false",
        "type": "Literal"
      },
      "location-before-char-start": 1952,
      "location-before-char-end": 1956,
      "node-str": "false"
    },
    {
      "type": "delete-node",
      "node": {
        "label": "\u003d",
        "type": "Assignment"
      },
      "location-before-char-start": 1937,
      "location-before-char-end": 1957,
      "node-str": "\u003d"
    },
    {
      "type": "delete-node",
      "node": {
        "label": "org.eclipse.ui.internal.statushandlers.StatusNotificationManager",
        "type": "TypeAccess"
      },
      "location-before-char-start": 0,
      "location-before-char-end": 0,
      "node-str": "org.eclipse.ui.internal.statushandlers.StatusNotificationManager"
    },
    {
      "type": "delete-node",
      "node": {
        "label": "errors",
        "type": "FieldRead"
      },
      "location-before-char-start": 1962,
      "location-before-char-end": 1967,
      "node-str": "errors"
    },
    {
      "type": "delete-node",
      "node": {
        "label": "clear",
        "type": "Invocation"
      },
      "location-before-char-start": 1962,
      "location-before-char-end": 1976,
      "node-str": "clear"
    },
    {
      "type": "delete-node",
      "node": {
        "label": "widgetDisposed",
        "type": "Method"
      },
      "location-before-char-start": 1711,
      "location-before-char-end": 1980,
      "node-str": "widgetDisposed"
    },
    {
      "type": "delete-node",
      "node": {
        "label": "1",
        "type": "Class"
      },
      "location-before-char-start": 1707,
      "location-before-char-end": 1983,
      "node-str": "1"
    },
    {
      "type": "delete-node",
      "node": {
        "label": "org.eclipse.swt.events.DisposeListener()",
        "type": "NewClass"
      },
      "location-before-char-start": 1685,
      "location-before-char-end": 1983,
      "node-str": "org.eclipse.swt.events.DisposeListener()"
    },
    {
      "type": "delete-node",
      "node": {
        "label": "disposeListener",
        "type": "Field"
      },
      "location-before-char-start": 1643,
      "location-before-char-end": 1984,
      "node-str": "disposeListener"
    },
    {
      "type": "delete-node",
      "node": {
        "label": "\u003cinit\u003e",
        "type": "Constructor"
      },
      "location-before-char-start": 2243,
      "location-before-char-end": 2334,
      "node-str": "\u003cinit\u003e"
    },
    {
      "type": "delete-node",
      "node": {
        "label": "modal",
        "type": "VariableRead"
      },
      "location-before-char-start": 3253,
      "location-before-char-end": 3257,
      "node-str": "modal"
    },
    {
      "type": "delete-node",
      "node": {
        "label": "statusInfo",
        "type": "VariableRead"
      },
      "location-before-char-start": 3260,
      "location-before-char-end": 3269,
      "node-str": "statusInfo"
    },
    {
      "type": "delete-node",
      "node": {
        "label": "org.eclipse.swt.widgets.Display",
        "type": "TypeAccess"
      },
      "location-before-char-start": 3160,
      "location-before-char-end": 3166,
      "node-str": "org.eclipse.swt.widgets.Display"
    },
    {
      "type": "delete-node",
      "node": {
        "label": "getDefault",
        "type": "Invocation"
      },
      "location-before-char-start": 3160,
      "location-before-char-end": 3179,
      "node-str": "getDefault"
    },
    {
      "type": "delete-node",
      "node": {
        "label": "void",
        "type": "RETURN_TYPE"
      },
      "location-before-char-start": 0,
      "location-before-char-end": 0,
      "node-str": "void"
    },
    {
      "type": "delete-node",
      "node": {
        "label": "public",
        "type": "Modifier"
      },
      "location-before-char-start": 0,
      "location-before-char-end": 0,
      "node-str": "public"
    },
    {
      "type": "delete-node",
      "node": {
        "label": "run",
        "type": "Method"
      },
      "location-before-char-start": 3211,
      "location-before-char-end": 3277,
      "node-str": "run"
    },
    {
      "type": "delete-node",
      "node": {
        "label": "2",
        "type": "Class"
      },
      "location-before-char-start": 3205,
      "location-before-char-end": 3282,
      "node-str": "2"
    },
    {
      "type": "delete-node",
      "node": {
        "label": "org.eclipse.ui.internal.statushandlers.StatusNotificationManager$2()",
        "type": "NewClass"
      },
      "location-before-char-start": 3190,
      "location-before-char-end": 3282,
      "node-str": "org.eclipse.ui.internal.statushandlers.StatusNotificationManager$2()"
    },
    {
      "type": "delete-node",
      "node": {
        "label": "org.eclipse.ui.internal.statushandlers.StatusNotificationManager",
        "type": "TypeAccess"
      },
      "location-before-char-start": 0,
      "location-before-char-end": 0,
      "node-str": "org.eclipse.ui.internal.statushandlers.StatusNotificationManager"
    },
    {
      "type": "delete-node",
      "node": {
        "label": "dialogOpened",
        "type": "FieldWrite"
      },
      "location-before-char-start": 3670,
      "location-before-char-end": 3681,
      "node-str": "dialogOpened"
    },
    {
      "type": "delete-node",
      "node": {
        "label": "true",
        "type": "Literal"
      },
      "location-before-char-start": 3685,
      "location-before-char-end": 3688,
      "node-str": "true"
    },
    {
      "type": "delete-node",
      "node": {
        "label": "\u003d",
        "type": "Assignment"
      },
      "location-before-char-start": 3670,
      "location-before-char-end": 3689,
      "node-str": "\u003d"
    },
    {
      "type": "delete-node",
      "node": {
        "label": "THEN",
        "type": "then"
      },
      "location-before-char-start": 2912,
      "location-before-char-end": 3289,
      "node-str": "THEN"
    },
    {
      "type": "delete-node",
      "node": {
        "label": "ELSE",
        "type": "else"
      },
      "location-before-char-start": 3296,
      "location-before-char-end": 4029,
      "node-str": "ELSE"
    }
  ],
  "before-file": {},
  "after-file": {},
  "mapping": {}
}