{
  "tool-info": {},
  "diff": [
    {
      "type": "insert-node",
      "node": {
        "label": "public",
        "type": "Modifier"
      },
      "location-after-char-start": 0,
      "location-after-char-end": 0,
      "node-str": "public"
    },
    {
      "type": "insert-node",
      "node": {
        "label": "requestInterceptors",
        "type": "Field"
      },
      "location-after-char-start": 5205,
      "location-after-char-end": 5364,
      "node-str": "requestInterceptors"
    },
    {
      "type": "insert-node",
      "node": {
        "label": "contextInterceptors",
        "type": "Field"
      },
      "location-after-char-start": 5370,
      "location-after-char-end": 5419,
      "node-str": "contextInterceptors"
    },
    {
      "type": "insert-node",
      "node": {
        "label": "cInterceptors",
        "type": "Field"
      },
      "location-after-char-start": 5426,
      "location-after-char-end": 5533,
      "node-str": "cInterceptors"
    },
    {
      "type": "insert-node",
      "node": {
        "label": "rInterceptors",
        "type": "Field"
      },
      "location-after-char-start": 5539,
      "location-after-char-end": 5573,
      "node-str": "rInterceptors"
    },
    {
      "type": "insert-node",
      "node": {
        "label": "permissions",
        "type": "Field"
      },
      "location-after-char-start": 5580,
      "location-after-char-end": 5669,
      "node-str": "permissions"
    },
    {
      "type": "insert-node",
      "node": {
        "label": "connectors",
        "type": "Field"
      },
      "location-after-char-start": 5676,
      "location-after-char-end": 5757,
      "node-str": "connectors"
    },
    {
      "type": "insert-node",
      "node": {
        "label": "contextsV",
        "type": "Field"
      },
      "location-after-char-start": 5764,
      "location-after-char-end": 5849,
      "node-str": "contextsV"
    },
    {
      "type": "insert-node",
      "node": {
        "label": "debug",
        "type": "Field"
      },
      "location-after-char-start": 5856,
      "location-after-char-end": 5867,
      "node-str": "debug"
    },
    {
      "type": "insert-node",
      "node": {
        "label": "workDir",
        "type": "Field"
      },
      "location-after-char-start": 5874,
      "location-after-char-end": 5990,
      "node-str": "workDir"
    },
    {
      "type": "insert-node",
      "node": {
        "label": "home",
        "type": "Field"
      },
      "location-after-char-start": 5997,
      "location-after-char-end": 6183,
      "node-str": "home"
    },
    {
      "type": "insert-node",
      "node": {
        "label": "installDir",
        "type": "Field"
      },
      "location-after-char-start": 6190,
      "location-after-char-end": 6263,
      "node-str": "installDir"
    },
    {
      "type": "insert-node",
      "node": {
        "label": "\u003cinit\u003e",
        "type": "Constructor"
      },
      "location-after-char-start": 6378,
      "location-after-char-end": 6492,
      "node-str": "\u003cinit\u003e"
    },
    {
      "type": "insert-node",
      "node": {
        "label": "firstLog",
        "type": "Field"
      },
      "location-after-char-start": 35846,
      "location-after-char-end": 35936,
      "node-str": "firstLog"
    },
    {
      "type": "insert-node",
      "node": {
        "label": "hostname",
        "type": "Field"
      },
      "location-after-char-start": 38002,
      "location-after-char-end": 38017,
      "node-str": "hostname"
    },
    {
      "type": "insert-node",
      "node": {
        "label": "port",
        "type": "Field"
      },
      "location-after-char-start": 38023,
      "location-after-char-end": 38031,
      "node-str": "port"
    },
    {
      "type": "insert-node",
      "node": {
        "label": "setPort",
        "type": "Method"
      },
      "location-after-char-start": 38038,
      "location-after-char-end": 38331,
      "node-str": "setPort"
    },
    {
      "type": "insert-node",
      "node": {
        "label": "setHostName",
        "type": "Method"
      },
      "location-after-char-start": 38599,
      "location-after-char-end": 38903,
      "node-str": "setHostName"
    },
    {
      "type": "insert-node",
      "node": {
        "label": "contexts",
        "type": "Field"
      },
      "location-after-char-start": 39193,
      "location-after-char-end": 39495,
      "node-str": "contexts"
    },
    {
      "type": "insert-node",
      "node": {
        "label": "getContextNames",
        "type": "Method"
      },
      "location-after-char-start": 39502,
      "location-after-char-end": 39795,
      "node-str": "getContextNames"
    },
    {
      "type": "insert-node",
      "node": {
        "label": "java.util.Vector",
        "type": "VARIABLE_TYPE"
      },
      "location-after-char-start": 0,
      "location-after-char-end": 0,
      "node-str": "java.util.Vector"
    },
    {
      "type": "insert-node",
      "node": {
        "label": "java.util.Vector()",
        "type": "ConstructorCall"
      },
      "location-after-char-start": 5352,
      "location-after-char-end": 5363,
      "node-str": "java.util.Vector()"
    },
    {
      "type": "insert-node",
      "node": {
        "label": "java.util.Vector",
        "type": "VARIABLE_TYPE"
      },
      "location-after-char-start": 0,
      "location-after-char-end": 0,
      "node-str": "java.util.Vector"
    },
    {
      "type": "insert-node",
      "node": {
        "label": "java.util.Vector()",
        "type": "ConstructorCall"
      },
      "location-after-char-start": 5407,
      "location-after-char-end": 5418,
      "node-str": "java.util.Vector()"
    },
    {
      "type": "insert-node",
      "node": {
        "label": "org.apache.tomcat.core.ContextInterceptor[]",
        "type": "VARIABLE_TYPE"
      },
      "location-after-char-start": 0,
      "location-after-char-end": 0,
      "node-str": "org.apache.tomcat.core.ContextInterceptor[]"
    },
    {
      "type": "insert-node",
      "node": {
        "label": "org.apache.tomcat.core.RequestInterceptor[]",
        "type": "VARIABLE_TYPE"
      },
      "location-after-char-start": 0,
      "location-after-char-end": 0,
      "node-str": "org.apache.tomcat.core.RequestInterceptor[]"
    },
    {
      "type": "insert-node",
      "node": {
        "label": "java.lang.Object",
        "type": "VARIABLE_TYPE"
      },
      "location-after-char-start": 0,
      "location-after-char-end": 0,
      "node-str": "java.lang.Object"
    },
    {
      "type": "insert-node",
      "node": {
        "label": "java.util.Vector",
        "type": "VARIABLE_TYPE"
      },
      "location-after-char-start": 0,
      "location-after-char-end": 0,
      "node-str": "java.util.Vector"
    },
    {
      "type": "insert-node",
      "node": {
        "label": "java.util.Vector()",
        "type": "ConstructorCall"
      },
      "location-after-char-start": 5745,
      "location-after-char-end": 5756,
      "node-str": "java.util.Vector()"
    },
    {
      "type": "insert-node",
      "node": {
        "label": "java.util.Vector",
        "type": "VARIABLE_TYPE"
      },
      "location-after-char-start": 0,
      "location-after-char-end": 0,
      "node-str": "java.util.Vector"
    },
    {
      "type": "insert-node",
      "node": {
        "label": "java.util.Vector()",
        "type": "ConstructorCall"
      },
      "location-after-char-start": 5837,
      "location-after-char-end": 5848,
      "node-str": "java.util.Vector()"
    },
    {
      "type": "insert-node",
      "node": {
        "label": "int",
        "type": "VARIABLE_TYPE"
      },
      "location-after-char-start": 0,
      "location-after-char-end": 0,
      "node-str": "int"
    },
    {
      "type": "insert-node",
      "node": {
        "label": "0",
        "type": "Literal"
      },
      "location-after-char-start": 5866,
      "location-after-char-end": 5866,
      "node-str": "0"
    },
    {
      "type": "insert-node",
      "node": {
        "label": "java.lang.String",
        "type": "VARIABLE_TYPE"
      },
      "location-after-char-start": 0,
      "location-after-char-end": 0,
      "node-str": "java.lang.String"
    },
    {
      "type": "insert-node",
      "node": {
        "label": "java.lang.String",
        "type": "VARIABLE_TYPE"
      },
      "location-after-char-start": 0,
      "location-after-char-end": 0,
      "node-str": "java.lang.String"
    },
    {
      "type": "insert-node",
      "node": {
        "label": "java.lang.String",
        "type": "VARIABLE_TYPE"
      },
      "location-after-char-start": 0,
      "location-after-char-end": 0,
      "node-str": "java.lang.String"
    },
    {
      "type": "insert-node",
      "node": {
        "label": "public",
        "type": "Modifier"
      },
      "location-after-char-start": 0,
      "location-after-char-end": 0,
      "node-str": "public"
    },
    {
      "type": "insert-node",
      "node": {
        "label": "if",
        "type": "If"
      },
      "location-after-char-start": 29554,
      "location-after-char-end": 29682,
      "node-str": "if"
    },
    {
      "type": "insert-node",
      "node": {
        "label": "boolean",
        "type": "VARIABLE_TYPE"
      },
      "location-after-char-start": 0,
      "location-after-char-end": 0,
      "node-str": "boolean"
    },
    {
      "type": "insert-node",
      "node": {
        "label": "true",
        "type": "Literal"
      },
      "location-after-char-start": 35932,
      "location-after-char-end": 35935,
      "node-str": "true"
    },
    {
      "type": "insert-node",
      "node": {
        "label": "java.lang.String",
        "type": "VARIABLE_TYPE"
      },
      "location-after-char-start": 0,
      "location-after-char-end": 0,
      "node-str": "java.lang.String"
    },
    {
      "type": "insert-node",
      "node": {
        "label": "int",
        "type": "VARIABLE_TYPE"
      },
      "location-after-char-start": 0,
      "location-after-char-end": 0,
      "node-str": "int"
    },
    {
      "type": "insert-node",
      "node": {
        "label": "void",
        "type": "RETURN_TYPE"
      },
      "location-after-char-start": 0,
      "location-after-char-end": 0,
      "node-str": "void"
    },
    {
      "type": "insert-node",
      "node": {
        "label": "public",
        "type": "Modifier"
      },
      "location-after-char-start": 0,
      "location-after-char-end": 0,
      "node-str": "public"
    },
    {
      "type": "insert-node",
      "node": {
        "label": "port",
        "type": "Parameter"
      },
      "location-after-char-start": 38197,
      "location-after-char-end": 38204,
      "node-str": "port"
    },
    {
      "type": "insert-node",
      "node": {
        "label": "if",
        "type": "If"
      },
      "location-after-char-start": 38210,
      "location-after-char-end": 38308,
      "node-str": "if"
    },
    {
      "type": "move-subtree",
      "node": {
        "label": "\u003d",
        "type": "Assignment"
      },
      "location-before-char-start": 38071,
      "location-before-char-end": 38085,
      "location-after-char-start": 38311,
      "location-after-char-end": 38325,
      "node-str": "\u003d"
    },
    {
      "type": "insert-node",
      "node": {
        "label": "void",
        "type": "RETURN_TYPE"
      },
      "location-after-char-start": 0,
      "location-after-char-end": 0,
      "node-str": "void"
    },
    {
      "type": "insert-node",
      "node": {
        "label": "public",
        "type": "Modifier"
      },
      "location-after-char-start": 0,
      "location-after-char-end": 0,
      "node-str": "public"
    },
    {
      "type": "insert-node",
      "node": {
        "label": "host",
        "type": "Parameter"
      },
      "location-after-char-start": 38761,
      "location-after-char-end": 38771,
      "node-str": "host"
    },
    {
      "type": "insert-node",
      "node": {
        "label": "if",
        "type": "If"
      },
      "location-after-char-start": 38777,
      "location-after-char-end": 38876,
      "node-str": "if"
    },
    {
      "type": "move-subtree",
      "node": {
        "label": "\u003d",
        "type": "Assignment"
      },
      "location-before-char-start": 38622,
      "location-before-char-end": 38640,
      "location-after-char-start": 38879,
      "location-after-char-end": 38897,
      "node-str": "\u003d"
    },
    {
      "type": "insert-node",
      "node": {
        "label": "java.util.Hashtable",
        "type": "VARIABLE_TYPE"
      },
      "location-after-char-start": 0,
      "location-after-char-end": 0,
      "node-str": "java.util.Hashtable"
    },
    {
      "type": "insert-node",
      "node": {
        "label": "java.util.Hashtable()",
        "type": "ConstructorCall"
      },
      "location-after-char-start": 39480,
      "location-after-char-end": 39494,
      "node-str": "java.util.Hashtable()"
    },
    {
      "type": "insert-node",
      "node": {
        "label": "java.util.Enumeration",
        "type": "RETURN_TYPE"
      },
      "location-after-char-start": 0,
      "location-after-char-end": 0,
      "node-str": "java.util.Enumeration"
    },
    {
      "type": "insert-node",
      "node": {
        "label": "public",
        "type": "Modifier"
      },
      "location-after-char-start": 0,
      "location-after-char-end": 0,
      "node-str": "public"
    },
    {
      "type": "insert-node",
      "node": {
        "label": "if",
        "type": "If"
      },
      "location-after-char-start": 39660,
      "location-after-char-end": 39757,
      "node-str": "if"
    },
    {
      "type": "move-subtree",
      "node": {
        "label": "return",
        "type": "Return"
      },
      "location-before-char-start": 39495,
      "location-before-char-end": 39517,
      "location-after-char-start": 39767,
      "location-after-char-end": 39789,
      "node-str": "return"
    },
    {
      "type": "insert-node",
      "node": {
        "label": "AND",
        "type": "BinaryOperator"
      },
      "location-after-char-start": 29558,
      "location-after-char-end": 29583,
      "node-str": "AND"
    },
    {
      "type": "insert-node",
      "node": {
        "label": "THEN",
        "type": "then"
      },
      "location-after-char-start": 29592,
      "location-after-char-end": 29682,
      "node-str": "THEN"
    },
    {
      "type": "insert-node",
      "node": {
        "label": "int",
        "type": "VARIABLE_TYPE"
      },
      "location-after-char-start": 0,
      "location-after-char-end": 0,
      "node-str": "int"
    },
    {
      "type": "insert-node",
      "node": {
        "label": "GT",
        "type": "BinaryOperator"
      },
      "location-after-char-start": 38214,
      "location-after-char-end": 38223,
      "node-str": "GT"
    },
    {
      "type": "insert-node",
      "node": {
        "label": "THEN",
        "type": "then"
      },
      "location-after-char-start": 38236,
      "location-after-char-end": 38308,
      "node-str": "THEN"
    },
    {
      "type": "insert-node",
      "node": {
        "label": "java.lang.String",
        "type": "VARIABLE_TYPE"
      },
      "location-after-char-start": 0,
      "location-after-char-end": 0,
      "node-str": "java.lang.String"
    },
    {
      "type": "insert-node",
      "node": {
        "label": "GT",
        "type": "BinaryOperator"
      },
      "location-after-char-start": 38781,
      "location-after-char-end": 38790,
      "node-str": "GT"
    },
    {
      "type": "insert-node",
      "node": {
        "label": "THEN",
        "type": "then"
      },
      "location-after-char-start": 38804,
      "location-after-char-end": 38876,
      "node-str": "THEN"
    },
    {
      "type": "insert-node",
      "node": {
        "label": "GT",
        "type": "BinaryOperator"
      },
      "location-after-char-start": 39664,
      "location-after-char-end": 39671,
      "node-str": "GT"
    },
    {
      "type": "insert-node",
      "node": {
        "label": "THEN",
        "type": "then"
      },
      "location-after-char-start": 39685,
      "location-after-char-end": 39757,
      "node-str": "THEN"
    },
    {
      "type": "insert-node",
      "node": {
        "label": "NE",
        "type": "BinaryOperator"
      },
      "location-after-char-start": 29558,
      "location-after-char-end": 29568,
      "node-str": "NE"
    },
    {
      "type": "insert-node",
      "node": {
        "label": "NE",
        "type": "BinaryOperator"
      },
      "location-after-char-start": 29573,
      "location-after-char-end": 29583,
      "node-str": "NE"
    },
    {
      "type": "move-subtree",
      "node": {
        "label": "log",
        "type": "Invocation"
      },
      "location-before-char-start": 29372,
      "location-before-char-end": 29458,
      "location-after-char-start": 29592,
      "location-after-char-end": 29682,
      "node-str": "log"
    },
    {
      "type": "insert-node",
      "node": {
        "label": "debug",
        "type": "FieldRead"
      },
      "location-after-char-start": 38214,
      "location-after-char-end": 38218,
      "node-str": "debug"
    },
    {
      "type": "insert-node",
      "node": {
        "label": "20",
        "type": "Literal"
      },
      "location-after-char-start": 38222,
      "location-after-char-end": 38223,
      "node-str": "20"
    },
    {
      "type": "move-subtree",
      "node": {
        "label": "",
        "type": "Try"
      },
      "location-before-char-start": 37996,
      "location-before-char-end": 38068,
      "location-after-char-start": 38236,
      "location-after-char-end": 38308,
      "node-str": ""
    },
    {
      "type": "insert-node",
      "node": {
        "label": "debug",
        "type": "FieldRead"
      },
      "location-after-char-start": 38781,
      "location-after-char-end": 38785,
      "node-str": "debug"
    },
    {
      "type": "insert-node",
      "node": {
        "label": "20",
        "type": "Literal"
      },
      "location-after-char-start": 38789,
      "location-after-char-end": 38790,
      "node-str": "20"
    },
    {
      "type": "move-subtree",
      "node": {
        "label": "",
        "type": "Try"
      },
      "location-before-char-start": 38547,
      "location-before-char-end": 38619,
      "location-after-char-start": 38804,
      "location-after-char-end": 38876,
      "node-str": ""
    },
    {
      "type": "insert-node",
      "node": {
        "label": "debug",
        "type": "FieldRead"
      },
      "location-after-char-start": 39664,
      "location-after-char-end": 39668,
      "node-str": "debug"
    },
    {
      "type": "insert-node",
      "node": {
        "label": "20",
        "type": "Literal"
      },
      "location-after-char-start": 39670,
      "location-after-char-end": 39671,
      "node-str": "20"
    },
    {
      "type": "move-subtree",
      "node": {
        "label": "",
        "type": "Try"
      },
      "location-before-char-start": 39413,
      "location-before-char-end": 39485,
      "location-after-char-start": 39685,
      "location-after-char-end": 39757,
      "node-str": ""
    },
    {
      "type": "insert-node",
      "node": {
        "label": "code",
        "type": "VariableRead"
      },
      "location-after-char-start": 29558,
      "location-after-char-end": 29561,
      "node-str": "code"
    },
    {
      "type": "insert-node",
      "node": {
        "label": "302",
        "type": "Literal"
      },
      "location-after-char-start": 29566,
      "location-after-char-end": 29568,
      "node-str": "302"
    },
    {
      "type": "insert-node",
      "node": {
        "label": "code",
        "type": "VariableRead"
      },
      "location-after-char-start": 29573,
      "location-after-char-end": 29576,
      "node-str": "code"
    },
    {
      "type": "insert-node",
      "node": {
        "label": "401",
        "type": "Literal"
      },
      "location-after-char-start": 29581,
      "location-after-char-end": 29583,
      "node-str": "401"
    },
    {
      "type": "insert-node",
      "node": {
        "label": "org.apache.tomcat.core.ContextManager",
        "type": "TypeAccess"
      },
      "location-after-char-start": 0,
      "location-after-char-end": 0,
      "node-str": "org.apache.tomcat.core.ContextManager"
    },
    {
      "type": "insert-node",
      "node": {
        "label": "org.apache.tomcat.core.ContextManager",
        "type": "TypeAccess"
      },
      "location-after-char-start": 0,
      "location-after-char-end": 0,
      "node-str": "org.apache.tomcat.core.ContextManager"
    },
    {
      "type": "insert-node",
      "node": {
        "label": "org.apache.tomcat.core.ContextManager",
        "type": "TypeAccess"
      },
      "location-after-char-start": 0,
      "location-after-char-end": 0,
      "node-str": "org.apache.tomcat.core.ContextManager"
    },
    {
      "type": "delete-node",
      "node": {
        "label": "public",
        "type": "Modifier"
      },
      "location-before-char-start": 0,
      "location-before-char-end": 0,
      "node-str": "public"
    },
    {
      "type": "delete-node",
      "node": {
        "label": "java.util.Vector",
        "type": "VARIABLE_TYPE"
      },
      "location-before-char-start": 0,
      "location-before-char-end": 0,
      "node-str": "java.util.Vector"
    },
    {
      "type": "delete-node",
      "node": {
        "label": "java.util.Vector()",
        "type": "ConstructorCall"
      },
      "location-before-char-start": 5352,
      "location-before-char-end": 5363,
      "node-str": "java.util.Vector()"
    },
    {
      "type": "delete-node",
      "node": {
        "label": "requestInterceptors",
        "type": "Field"
      },
      "location-before-char-start": 5205,
      "location-before-char-end": 5364,
      "node-str": "requestInterceptors"
    },
    {
      "type": "delete-node",
      "node": {
        "label": "java.util.Vector",
        "type": "VARIABLE_TYPE"
      },
      "location-before-char-start": 0,
      "location-before-char-end": 0,
      "node-str": "java.util.Vector"
    },
    {
      "type": "delete-node",
      "node": {
        "label": "java.util.Vector()",
        "type": "ConstructorCall"
      },
      "location-before-char-start": 5407,
      "location-before-char-end": 5418,
      "node-str": "java.util.Vector()"
    },
    {
      "type": "delete-node",
      "node": {
        "label": "contextInterceptors",
        "type": "Field"
      },
      "location-before-char-start": 5370,
      "location-before-char-end": 5419,
      "node-str": "contextInterceptors"
    },
    {
      "type": "delete-node",
      "node": {
        "label": "org.apache.tomcat.core.ContextInterceptor[]",
        "type": "VARIABLE_TYPE"
      },
      "location-before-char-start": 0,
      "location-before-char-end": 0,
      "node-str": "org.apache.tomcat.core.ContextInterceptor[]"
    },
    {
      "type": "delete-node",
      "node": {
        "label": "cInterceptors",
        "type": "Field"
      },
      "location-before-char-start": 5426,
      "location-before-char-end": 5533,
      "node-str": "cInterceptors"
    },
    {
      "type": "delete-node",
      "node": {
        "label": "org.apache.tomcat.core.RequestInterceptor[]",
        "type": "VARIABLE_TYPE"
      },
      "location-before-char-start": 0,
      "location-before-char-end": 0,
      "node-str": "org.apache.tomcat.core.RequestInterceptor[]"
    },
    {
      "type": "delete-node",
      "node": {
        "label": "rInterceptors",
        "type": "Field"
      },
      "location-before-char-start": 5539,
      "location-before-char-end": 5573,
      "node-str": "rInterceptors"
    },
    {
      "type": "delete-node",
      "node": {
        "label": "java.lang.Object",
        "type": "VARIABLE_TYPE"
      },
      "location-before-char-start": 0,
      "location-before-char-end": 0,
      "node-str": "java.lang.Object"
    },
    {
      "type": "delete-node",
      "node": {
        "label": "permissions",
        "type": "Field"
      },
      "location-before-char-start": 5580,
      "location-before-char-end": 5669,
      "node-str": "permissions"
    },
    {
      "type": "delete-node",
      "node": {
        "label": "java.util.Vector",
        "type": "VARIABLE_TYPE"
      },
      "location-before-char-start": 0,
      "location-before-char-end": 0,
      "node-str": "java.util.Vector"
    },
    {
      "type": "delete-node",
      "node": {
        "label": "java.util.Vector()",
        "type": "ConstructorCall"
      },
      "location-before-char-start": 5745,
      "location-before-char-end": 5756,
      "node-str": "java.util.Vector()"
    },
    {
      "type": "delete-node",
      "node": {
        "label": "connectors",
        "type": "Field"
      },
      "location-before-char-start": 5676,
      "location-before-char-end": 5757,
      "node-str": "connectors"
    },
    {
      "type": "delete-node",
      "node": {
        "label": "java.util.Vector",
        "type": "VARIABLE_TYPE"
      },
      "location-before-char-start": 0,
      "location-before-char-end": 0,
      "node-str": "java.util.Vector"
    },
    {
      "type": "delete-node",
      "node": {
        "label": "java.util.Vector()",
        "type": "ConstructorCall"
      },
      "location-before-char-start": 5837,
      "location-before-char-end": 5848,
      "node-str": "java.util.Vector()"
    },
    {
      "type": "delete-node",
      "node": {
        "label": "contextsV",
        "type": "Field"
      },
      "location-before-char-start": 5764,
      "location-before-char-end": 5849,
      "node-str": "contextsV"
    },
    {
      "type": "delete-node",
      "node": {
        "label": "int",
        "type": "VARIABLE_TYPE"
      },
      "location-before-char-start": 0,
      "location-before-char-end": 0,
      "node-str": "int"
    },
    {
      "type": "delete-node",
      "node": {
        "label": "0",
        "type": "Literal"
      },
      "location-before-char-start": 5866,
      "location-before-char-end": 5866,
      "node-str": "0"
    },
    {
      "type": "delete-node",
      "node": {
        "label": "debug",
        "type": "Field"
      },
      "location-before-char-start": 5856,
      "location-before-char-end": 5867,
      "node-str": "debug"
    },
    {
      "type": "delete-node",
      "node": {
        "label": "java.lang.String",
        "type": "VARIABLE_TYPE"
      },
      "location-before-char-start": 0,
      "location-before-char-end": 0,
      "node-str": "java.lang.String"
    },
    {
      "type": "delete-node",
      "node": {
        "label": "workDir",
        "type": "Field"
      },
      "location-before-char-start": 5874,
      "location-before-char-end": 5990,
      "node-str": "workDir"
    },
    {
      "type": "delete-node",
      "node": {
        "label": "java.lang.String",
        "type": "VARIABLE_TYPE"
      },
      "location-before-char-start": 0,
      "location-before-char-end": 0,
      "node-str": "java.lang.String"
    },
    {
      "type": "delete-node",
      "node": {
        "label": "home",
        "type": "Field"
      },
      "location-before-char-start": 5997,
      "location-before-char-end": 6183,
      "node-str": "home"
    },
    {
      "type": "delete-node",
      "node": {
        "label": "java.lang.String",
        "type": "VARIABLE_TYPE"
      },
      "location-before-char-start": 0,
      "location-before-char-end": 0,
      "node-str": "java.lang.String"
    },
    {
      "type": "delete-node",
      "node": {
        "label": "installDir",
        "type": "Field"
      },
      "location-before-char-start": 6190,
      "location-before-char-end": 6263,
      "node-str": "installDir"
    },
    {
      "type": "delete-node",
      "node": {
        "label": "public",
        "type": "Modifier"
      },
      "location-before-char-start": 0,
      "location-before-char-end": 0,
      "node-str": "public"
    },
    {
      "type": "delete-node",
      "node": {
        "label": "\u003cinit\u003e",
        "type": "Constructor"
      },
      "location-before-char-start": 6378,
      "location-before-char-end": 6492,
      "node-str": "\u003cinit\u003e"
    },
    {
      "type": "delete-node",
      "node": {
        "label": "boolean",
        "type": "VARIABLE_TYPE"
      },
      "location-before-char-start": 0,
      "location-before-char-end": 0,
      "node-str": "boolean"
    },
    {
      "type": "delete-node",
      "node": {
        "label": "true",
        "type": "Literal"
      },
      "location-before-char-start": 35708,
      "location-before-char-end": 35711,
      "node-str": "true"
    },
    {
      "type": "delete-node",
      "node": {
        "label": "firstLog",
        "type": "Field"
      },
      "location-before-char-start": 35622,
      "location-before-char-end": 35712,
      "node-str": "firstLog"
    },
    {
      "type": "delete-node",
      "node": {
        "label": "java.lang.String",
        "type": "VARIABLE_TYPE"
      },
      "location-before-char-start": 0,
      "location-before-char-end": 0,
      "node-str": "java.lang.String"
    },
    {
      "type": "delete-node",
      "node": {
        "label": "hostname",
        "type": "Field"
      },
      "location-before-char-start": 37778,
      "location-before-char-end": 37793,
      "node-str": "hostname"
    },
    {
      "type": "delete-node",
      "node": {
        "label": "int",
        "type": "VARIABLE_TYPE"
      },
      "location-before-char-start": 0,
      "location-before-char-end": 0,
      "node-str": "int"
    },
    {
      "type": "delete-node",
      "node": {
        "label": "port",
        "type": "Field"
      },
      "location-before-char-start": 37799,
      "location-before-char-end": 37807,
      "node-str": "port"
    },
    {
      "type": "delete-node",
      "node": {
        "label": "void",
        "type": "RETURN_TYPE"
      },
      "location-before-char-start": 0,
      "location-before-char-end": 0,
      "node-str": "void"
    },
    {
      "type": "delete-node",
      "node": {
        "label": "public",
        "type": "Modifier"
      },
      "location-before-char-start": 0,
      "location-before-char-end": 0,
      "node-str": "public"
    },
    {
      "type": "delete-node",
      "node": {
        "label": "int",
        "type": "VARIABLE_TYPE"
      },
      "location-before-char-start": 0,
      "location-before-char-end": 0,
      "node-str": "int"
    },
    {
      "type": "delete-node",
      "node": {
        "label": "port",
        "type": "Parameter"
      },
      "location-before-char-start": 37973,
      "location-before-char-end": 37980,
      "node-str": "port"
    },
    {
      "type": "delete-node",
      "node": {
        "label": "setPort",
        "type": "Method"
      },
      "location-before-char-start": 37814,
      "location-before-char-end": 38091,
      "node-str": "setPort"
    },
    {
      "type": "delete-node",
      "node": {
        "label": "void",
        "type": "RETURN_TYPE"
      },
      "location-before-char-start": 0,
      "location-before-char-end": 0,
      "node-str": "void"
    },
    {
      "type": "delete-node",
      "node": {
        "label": "public",
        "type": "Modifier"
      },
      "location-before-char-start": 0,
      "location-before-char-end": 0,
      "node-str": "public"
    },
    {
      "type": "delete-node",
      "node": {
        "label": "java.lang.String",
        "type": "VARIABLE_TYPE"
      },
      "location-before-char-start": 0,
      "location-before-char-end": 0,
      "node-str": "java.lang.String"
    },
    {
      "type": "delete-node",
      "node": {
        "label": "host",
        "type": "Parameter"
      },
      "location-before-char-start": 38521,
      "location-before-char-end": 38531,
      "node-str": "host"
    },
    {
      "type": "delete-node",
      "node": {
        "label": "setHostName",
        "type": "Method"
      },
      "location-before-char-start": 38359,
      "location-before-char-end": 38646,
      "node-str": "setHostName"
    },
    {
      "type": "delete-node",
      "node": {
        "label": "java.util.Hashtable",
        "type": "VARIABLE_TYPE"
      },
      "location-before-char-start": 0,
      "location-before-char-end": 0,
      "node-str": "java.util.Hashtable"
    },
    {
      "type": "delete-node",
      "node": {
        "label": "java.util.Hashtable()",
        "type": "ConstructorCall"
      },
      "location-before-char-start": 39223,
      "location-before-char-end": 39237,
      "node-str": "java.util.Hashtable()"
    },
    {
      "type": "delete-node",
      "node": {
        "label": "contexts",
        "type": "Field"
      },
      "location-before-char-start": 38936,
      "location-before-char-end": 39238,
      "node-str": "contexts"
    },
    {
      "type": "delete-node",
      "node": {
        "label": "java.util.Enumeration",
        "type": "RETURN_TYPE"
      },
      "location-before-char-start": 0,
      "location-before-char-end": 0,
      "node-str": "java.util.Enumeration"
    },
    {
      "type": "delete-node",
      "node": {
        "label": "public",
        "type": "Modifier"
      },
      "location-before-char-start": 0,
      "location-before-char-end": 0,
      "node-str": "public"
    },
    {
      "type": "delete-node",
      "node": {
        "label": "getContextNames",
        "type": "Method"
      },
      "location-before-char-start": 39245,
      "location-before-char-end": 39523,
      "node-str": "getContextNames"
    }
  ],
  "before-file": {},
  "after-file": {},
  "mapping": {}
}