{
  "tool-info": {},
  "diff": [
    {
      "type": "insert-node",
      "node": {
        "label": "J2eeDeployer",
        "type": "Class"
      },
      "location-after-char-start": 1580,
      "location-after-char-end": 24109,
      "node-str": "J2eeDeployer"
    },
    {
      "type": "insert-node",
      "node": {
        "label": "public",
        "type": "Modifier"
      },
      "location-after-char-start": 0,
      "location-after-char-end": 0,
      "node-str": "public"
    },
    {
      "type": "insert-node",
      "node": {
        "label": "",
        "type": "TypeReference"
      },
      "location-after-char-start": 2485,
      "location-after-char-end": 2503,
      "node-str": ""
    },
    {
      "type": "insert-node",
      "node": {
        "label": "DEPLOYMENT_DIR",
        "type": "Field"
      },
      "location-after-char-start": 2539,
      "location-after-char-end": 2642,
      "node-str": "DEPLOYMENT_DIR"
    },
    {
      "type": "insert-node",
      "node": {
        "label": "CONFIG",
        "type": "Field"
      },
      "location-after-char-start": 2705,
      "location-after-char-end": 2751,
      "node-str": "CONFIG"
    },
    {
      "type": "insert-node",
      "node": {
        "label": "EASY",
        "type": "Field"
      },
      "location-after-char-start": 2761,
      "location-after-char-end": 2793,
      "node-str": "EASY"
    },
    {
      "type": "insert-node",
      "node": {
        "label": "RESTRICTIVE",
        "type": "Field"
      },
      "location-after-char-start": 2796,
      "location-after-char-end": 2835,
      "node-str": "RESTRICTIVE"
    },
    {
      "type": "insert-node",
      "node": {
        "label": "server",
        "type": "Field"
      },
      "location-after-char-start": 2841,
      "location-after-char-end": 2981,
      "node-str": "server"
    },
    {
      "type": "insert-node",
      "node": {
        "label": "name",
        "type": "Field"
      },
      "location-after-char-start": 2985,
      "location-after-char-end": 2996,
      "node-str": "name"
    },
    {
      "type": "insert-node",
      "node": {
        "label": "jarDeployer",
        "type": "Field"
      },
      "location-after-char-start": 3005,
      "location-after-char-end": 3065,
      "node-str": "jarDeployer"
    },
    {
      "type": "insert-node",
      "node": {
        "label": "warDeployer",
        "type": "Field"
      },
      "location-after-char-start": 3070,
      "location-after-char-end": 3092,
      "node-str": "warDeployer"
    },
    {
      "type": "insert-node",
      "node": {
        "label": "jarDeployerName",
        "type": "Field"
      },
      "location-after-char-start": 3101,
      "location-after-char-end": 3123,
      "node-str": "jarDeployerName"
    },
    {
      "type": "insert-node",
      "node": {
        "label": "warDeployerName",
        "type": "Field"
      },
      "location-after-char-start": 3128,
      "location-after-char-end": 3150,
      "node-str": "warDeployerName"
    },
    {
      "type": "insert-node",
      "node": {
        "label": "classpathPolicy",
        "type": "Field"
      },
      "location-after-char-start": 3157,
      "location-after-char-end": 3183,
      "node-str": "classpathPolicy"
    },
    {
      "type": "insert-node",
      "node": {
        "label": "installer",
        "type": "Field"
      },
      "location-after-char-start": 3187,
      "location-after-char-end": 3213,
      "node-str": "installer"
    },
    {
      "type": "insert-node",
      "node": {
        "label": "main",
        "type": "Method"
      },
      "location-after-char-start": 3222,
      "location-after-char-end": 3431,
      "node-str": "main"
    },
    {
      "type": "insert-node",
      "node": {
        "label": "\u003cinit\u003e",
        "type": "Constructor"
      },
      "location-after-char-start": 3440,
      "location-after-char-end": 3622,
      "node-str": "\u003cinit\u003e"
    },
    {
      "type": "insert-node",
      "node": {
        "label": "\u003cinit\u003e",
        "type": "Constructor"
      },
      "location-after-char-start": 3631,
      "location-after-char-end": 3838,
      "node-str": "\u003cinit\u003e"
    },
    {
      "type": "move-subtree",
      "node": {
        "label": "setDeployerName",
        "type": "Method"
      },
      "location-before-char-start": 3742,
      "location-before-char-end": 3904,
      "location-after-char-start": 3847,
      "location-after-char-end": 4009,
      "node-str": "setDeployerName"
    },
    {
      "type": "move-subtree",
      "node": {
        "label": "getDeployerName",
        "type": "Method"
      },
      "location-before-char-start": 3913,
      "location-before-char-end": 3979,
      "location-after-char-start": 4018,
      "location-after-char-end": 4084,
      "node-str": "getDeployerName"
    },
    {
      "type": "move-subtree",
      "node": {
        "label": "setJarDeployerName",
        "type": "Method"
      },
      "location-before-char-start": 3988,
      "location-before-char-end": 4097,
      "location-after-char-start": 4093,
      "location-after-char-end": 4202,
      "node-str": "setJarDeployerName"
    },
    {
      "type": "insert-node",
      "node": {
        "label": "getJarDeployerName",
        "type": "Method"
      },
      "location-after-char-start": 4211,
      "location-after-char-end": 4284,
      "node-str": "getJarDeployerName"
    },
    {
      "type": "move-subtree",
      "node": {
        "label": "setWarDeployerName",
        "type": "Method"
      },
      "location-before-char-start": 4188,
      "location-before-char-end": 4297,
      "location-after-char-start": 4293,
      "location-after-char-end": 4402,
      "node-str": "setWarDeployerName"
    },
    {
      "type": "insert-node",
      "node": {
        "label": "getWarDeployerName",
        "type": "Method"
      },
      "location-after-char-start": 4408,
      "location-after-char-end": 4481,
      "node-str": "getWarDeployerName"
    },
    {
      "type": "move-subtree",
      "node": {
        "label": "getDeployableFilter",
        "type": "Method"
      },
      "location-before-char-start": 4382,
      "location-before-char-end": 4859,
      "location-after-char-start": 4487,
      "location-after-char-end": 4964,
      "node-str": "getDeployableFilter"
    },
    {
      "type": "insert-node",
      "node": {
        "label": "deploy",
        "type": "Method"
      },
      "location-after-char-start": 4973,
      "location-after-char-end": 7584,
      "node-str": "deploy"
    },
    {
      "type": "move-subtree",
      "node": {
        "label": "undeploy",
        "type": "Method"
      },
      "location-before-char-start": 6424,
      "location-before-char-end": 7304,
      "location-after-char-start": 7593,
      "location-after-char-end": 8473,
      "node-str": "undeploy"
    },
    {
      "type": "move-subtree",
      "node": {
        "label": "isDeployed",
        "type": "Method"
      },
      "location-before-char-start": 7313,
      "location-before-char-end": 8053,
      "location-after-char-start": 8482,
      "location-after-char-end": 9222,
      "node-str": "isDeployed"
    },
    {
      "type": "move-subtree",
      "node": {
        "label": "getName",
        "type": "Method"
      },
      "location-before-char-start": 8062,
      "location-before-char-end": 8206,
      "location-after-char-start": 9231,
      "location-after-char-end": 9375,
      "node-str": "getName"
    },
    {
      "type": "move-subtree",
      "node": {
        "label": "getObjectName",
        "type": "Method"
      },
      "location-before-char-start": 8215,
      "location-before-char-end": 8453,
      "location-after-char-start": 9384,
      "location-after-char-end": 9622,
      "node-str": "getObjectName"
    },
    {
      "type": "move-subtree",
      "node": {
        "label": "initService",
        "type": "Method"
      },
      "location-before-char-start": 8462,
      "location-before-char-end": 9245,
      "location-after-char-start": 9631,
      "location-after-char-end": 10414,
      "node-str": "initService"
    },
    {
      "type": "move-subtree",
      "node": {
        "label": "startService",
        "type": "Method"
      },
      "location-before-char-start": 9254,
      "location-before-char-end": 9649,
      "location-after-char-start": 10423,
      "location-after-char-end": 10818,
      "node-str": "startService"
    },
    {
      "type": "move-subtree",
      "node": {
        "label": "stopService",
        "type": "Method"
      },
      "location-before-char-start": 9662,
      "location-before-char-end": 10287,
      "location-after-char-start": 10831,
      "location-after-char-end": 11456,
      "node-str": "stopService"
    },
    {
      "type": "move-subtree",
      "node": {
        "label": "installApplication",
        "type": "Method"
      },
      "location-before-char-start": 10296,
      "location-before-char-end": 11008,
      "location-after-char-start": 11465,
      "location-after-char-end": 12177,
      "node-str": "installApplication"
    },
    {
      "type": "move-subtree",
      "node": {
        "label": "uninstallApplication",
        "type": "Method"
      },
      "location-before-char-start": 11021,
      "location-before-char-end": 11400,
      "location-after-char-start": 12190,
      "location-after-char-end": 12569,
      "node-str": "uninstallApplication"
    },
    {
      "type": "move-subtree",
      "node": {
        "label": "uninstallApplication",
        "type": "Method"
      },
      "location-before-char-start": 11407,
      "location-before-char-end": 11548,
      "location-after-char-start": 12576,
      "location-after-char-end": 12717,
      "node-str": "uninstallApplication"
    },
    {
      "type": "move-subtree",
      "node": {
        "label": "startApplication",
        "type": "Method"
      },
      "location-before-char-start": 11556,
      "location-before-char-end": 15128,
      "location-after-char-start": 12725,
      "location-after-char-end": 16297,
      "node-str": "startApplication"
    },
    {
      "type": "move-subtree",
      "node": {
        "label": "stopApplication",
        "type": "Method"
      },
      "location-before-char-start": 15137,
      "location-before-char-end": 16708,
      "location-after-char-start": 16306,
      "location-after-char-end": 17877,
      "node-str": "stopApplication"
    },
    {
      "type": "move-subtree",
      "node": {
        "label": "stopModule",
        "type": "Method"
      },
      "location-before-char-start": 16714,
      "location-before-char-end": 18016,
      "location-after-char-start": 17883,
      "location-after-char-end": 19185,
      "node-str": "stopModule"
    },
    {
      "type": "move-subtree",
      "node": {
        "label": "checkApplication",
        "type": "Method"
      },
      "location-before-char-start": 18022,
      "location-before-char-end": 19725,
      "location-after-char-start": 19191,
      "location-after-char-end": 20894,
      "node-str": "checkApplication"
    },
    {
      "type": "move-subtree",
      "node": {
        "label": "checkModule",
        "type": "Method"
      },
      "location-before-char-start": 19731,
      "location-before-char-end": 20584,
      "location-after-char-start": 20900,
      "location-after-char-end": 21753,
      "node-str": "checkModule"
    },
    {
      "type": "move-subtree",
      "node": {
        "label": "warDeployerAvailable",
        "type": "Method"
      },
      "location-before-char-start": 20592,
      "location-before-char-end": 20747,
      "location-after-char-start": 21761,
      "location-after-char-end": 21916,
      "node-str": "warDeployerAvailable"
    },
    {
      "type": "move-subtree",
      "node": {
        "label": "createContextClassLoader",
        "type": "Method"
      },
      "location-before-char-start": 20754,
      "location-before-char-end": 21543,
      "location-after-char-start": 21923,
      "location-after-char-end": 22712,
      "node-str": "createContextClassLoader"
    },
    {
      "type": "insert-node",
      "node": {
        "label": "convert2Application",
        "type": "Method"
      },
      "location-after-char-start": 22721,
      "location-after-char-end": 24107,
      "node-str": "convert2Application"
    },
    {
      "type": "insert-node",
      "node": {
        "label": "org.jboss.util.ServiceMBeanSupport",
        "type": "SUPER_TYPE"
      },
      "location-after-char-start": 0,
      "location-after-char-end": 0,
      "node-str": "org.jboss.util.ServiceMBeanSupport"
    },
    {
      "type": "insert-node",
      "node": {
        "label": "java.io.File",
        "type": "VARIABLE_TYPE"
      },
      "location-after-char-start": 0,
      "location-after-char-end": 0,
      "node-str": "java.io.File"
    },
    {
      "type": "insert-node",
      "node": {
        "label": "public",
        "type": "Modifier"
      },
      "location-after-char-start": 0,
      "location-after-char-end": 0,
      "node-str": "public"
    },
    {
      "type": "insert-node",
      "node": {
        "label": "null",
        "type": "Literal"
      },
      "location-after-char-start": 2638,
      "location-after-char-end": 2641,
      "node-str": "null"
    },
    {
      "type": "insert-node",
      "node": {
        "label": "java.lang.String",
        "type": "VARIABLE_TYPE"
      },
      "location-after-char-start": 0,
      "location-after-char-end": 0,
      "node-str": "java.lang.String"
    },
    {
      "type": "insert-node",
      "node": {
        "label": "public",
        "type": "Modifier"
      },
      "location-after-char-start": 0,
      "location-after-char-end": 0,
      "node-str": "public"
    },
    {
      "type": "insert-node",
      "node": {
        "label": "static",
        "type": "Modifier"
      },
      "location-after-char-start": 0,
      "location-after-char-end": 0,
      "node-str": "static"
    },
    {
      "type": "insert-node",
      "node": {
        "label": "\"deployment.cfg\"",
        "type": "Literal"
      },
      "location-after-char-start": 2735,
      "location-after-char-end": 2750,
      "node-str": "\"deployment.cfg\""
    },
    {
      "type": "insert-node",
      "node": {
        "label": "int",
        "type": "VARIABLE_TYPE"
      },
      "location-after-char-start": 0,
      "location-after-char-end": 0,
      "node-str": "int"
    },
    {
      "type": "insert-node",
      "node": {
        "label": "final",
        "type": "Modifier"
      },
      "location-after-char-start": 0,
      "location-after-char-end": 0,
      "node-str": "final"
    },
    {
      "type": "insert-node",
      "node": {
        "label": "public",
        "type": "Modifier"
      },
      "location-after-char-start": 0,
      "location-after-char-end": 0,
      "node-str": "public"
    },
    {
      "type": "insert-node",
      "node": {
        "label": "static",
        "type": "Modifier"
      },
      "location-after-char-start": 0,
      "location-after-char-end": 0,
      "node-str": "static"
    },
    {
      "type": "insert-node",
      "node": {
        "label": "0",
        "type": "Literal"
      },
      "location-after-char-start": 2792,
      "location-after-char-end": 2792,
      "node-str": "0"
    },
    {
      "type": "insert-node",
      "node": {
        "label": "int",
        "type": "VARIABLE_TYPE"
      },
      "location-after-char-start": 0,
      "location-after-char-end": 0,
      "node-str": "int"
    },
    {
      "type": "insert-node",
      "node": {
        "label": "final",
        "type": "Modifier"
      },
      "location-after-char-start": 0,
      "location-after-char-end": 0,
      "node-str": "final"
    },
    {
      "type": "insert-node",
      "node": {
        "label": "public",
        "type": "Modifier"
      },
      "location-after-char-start": 0,
      "location-after-char-end": 0,
      "node-str": "public"
    },
    {
      "type": "insert-node",
      "node": {
        "label": "static",
        "type": "Modifier"
      },
      "location-after-char-start": 0,
      "location-after-char-end": 0,
      "node-str": "static"
    },
    {
      "type": "insert-node",
      "node": {
        "label": "1",
        "type": "Literal"
      },
      "location-after-char-start": 2834,
      "location-after-char-end": 2834,
      "node-str": "1"
    },
    {
      "type": "insert-node",
      "node": {
        "label": "javax.management.MBeanServer",
        "type": "VARIABLE_TYPE"
      },
      "location-after-char-start": 0,
      "location-after-char-end": 0,
      "node-str": "javax.management.MBeanServer"
    },
    {
      "type": "insert-node",
      "node": {
        "label": "java.lang.String",
        "type": "VARIABLE_TYPE"
      },
      "location-after-char-start": 0,
      "location-after-char-end": 0,
      "node-str": "java.lang.String"
    },
    {
      "type": "insert-node",
      "node": {
        "label": "javax.management.ObjectName",
        "type": "VARIABLE_TYPE"
      },
      "location-after-char-start": 0,
      "location-after-char-end": 0,
      "node-str": "javax.management.ObjectName"
    },
    {
      "type": "insert-node",
      "node": {
        "label": "javax.management.ObjectName",
        "type": "VARIABLE_TYPE"
      },
      "location-after-char-start": 0,
      "location-after-char-end": 0,
      "node-str": "javax.management.ObjectName"
    },
    {
      "type": "insert-node",
      "node": {
        "label": "java.lang.String",
        "type": "VARIABLE_TYPE"
      },
      "location-after-char-start": 0,
      "location-after-char-end": 0,
      "node-str": "java.lang.String"
    },
    {
      "type": "insert-node",
      "node": {
        "label": "java.lang.String",
        "type": "VARIABLE_TYPE"
      },
      "location-after-char-start": 0,
      "location-after-char-end": 0,
      "node-str": "java.lang.String"
    },
    {
      "type": "insert-node",
      "node": {
        "label": "int",
        "type": "VARIABLE_TYPE"
      },
      "location-after-char-start": 0,
      "location-after-char-end": 0,
      "node-str": "int"
    },
    {
      "type": "insert-node",
      "node": {
        "label": "EASY",
        "type": "FieldRead"
      },
      "location-after-char-start": 3179,
      "location-after-char-end": 3182,
      "node-str": "EASY"
    },
    {
      "type": "insert-node",
      "node": {
        "label": "org.jboss.deployment.InstallerFactory",
        "type": "VARIABLE_TYPE"
      },
      "location-after-char-start": 0,
      "location-after-char-end": 0,
      "node-str": "org.jboss.deployment.InstallerFactory"
    },
    {
      "type": "insert-node",
      "node": {
        "label": "void",
        "type": "RETURN_TYPE"
      },
      "location-after-char-start": 0,
      "location-after-char-end": 0,
      "node-str": "void"
    },
    {
      "type": "insert-node",
      "node": {
        "label": "java.lang.Exception",
        "type": "THROWS"
      },
      "location-after-char-start": 0,
      "location-after-char-end": 0,
      "node-str": "java.lang.Exception"
    },
    {
      "type": "insert-node",
      "node": {
        "label": "public",
        "type": "Modifier"
      },
      "location-after-char-start": 0,
      "location-after-char-end": 0,
      "node-str": "public"
    },
    {
      "type": "insert-node",
      "node": {
        "label": "static",
        "type": "Modifier"
      },
      "location-after-char-start": 0,
      "location-after-char-end": 0,
      "node-str": "static"
    },
    {
      "type": "insert-node",
      "node": {
        "label": "_args",
        "type": "Parameter"
      },
      "location-after-char-start": 3346,
      "location-after-char-end": 3359,
      "node-str": "_args"
    },
    {
      "type": "insert-node",
      "node": {
        "label": "deploy",
        "type": "Invocation"
      },
      "location-after-char-start": 3390,
      "location-after-char-end": 3426,
      "node-str": "deploy"
    },
    {
      "type": "insert-node",
      "node": {
        "label": "public",
        "type": "Modifier"
      },
      "location-after-char-start": 0,
      "location-after-char-end": 0,
      "node-str": "public"
    },
    {
      "type": "insert-node",
      "node": {
        "label": "\u003cinit\u003e",
        "type": "Invocation"
      },
      "location-after-char-start": 3543,
      "location-after-char-end": 3617,
      "node-str": "\u003cinit\u003e"
    },
    {
      "type": "insert-node",
      "node": {
        "label": "public",
        "type": "Modifier"
      },
      "location-after-char-start": 0,
      "location-after-char-end": 0,
      "node-str": "public"
    },
    {
      "type": "insert-node",
      "node": {
        "label": "_name",
        "type": "Parameter"
      },
      "location-after-char-start": 3652,
      "location-after-char-end": 3663,
      "node-str": "_name"
    },
    {
      "type": "insert-node",
      "node": {
        "label": "jarDeployerName",
        "type": "Parameter"
      },
      "location-after-char-start": 3666,
      "location-after-char-end": 3687,
      "node-str": "jarDeployerName"
    },
    {
      "type": "insert-node",
      "node": {
        "label": "warDeployerName",
        "type": "Parameter"
      },
      "location-after-char-start": 3690,
      "location-after-char-end": 3711,
      "node-str": "warDeployerName"
    },
    {
      "type": "insert-node",
      "node": {
        "label": "setDeployerName",
        "type": "Invocation"
      },
      "location-after-char-start": 3725,
      "location-after-char-end": 3747,
      "node-str": "setDeployerName"
    },
    {
      "type": "insert-node",
      "node": {
        "label": "setJarDeployerName",
        "type": "Invocation"
      },
      "location-after-char-start": 3755,
      "location-after-char-end": 3790,
      "node-str": "setJarDeployerName"
    },
    {
      "type": "insert-node",
      "node": {
        "label": "setWarDeployerName",
        "type": "Invocation"
      },
      "location-after-char-start": 3798,
      "location-after-char-end": 3833,
      "node-str": "setWarDeployerName"
    },
    {
      "type": "insert-node",
      "node": {
        "label": "java.lang.String",
        "type": "RETURN_TYPE"
      },
      "location-after-char-start": 0,
      "location-after-char-end": 0,
      "node-str": "java.lang.String"
    },
    {
      "type": "insert-node",
      "node": {
        "label": "public",
        "type": "Modifier"
      },
      "location-after-char-start": 0,
      "location-after-char-end": 0,
      "node-str": "public"
    },
    {
      "type": "insert-node",
      "node": {
        "label": "return",
        "type": "Return"
      },
      "location-after-char-start": 4257,
      "location-after-char-end": 4279,
      "node-str": "return"
    },
    {
      "type": "insert-node",
      "node": {
        "label": "java.lang.String",
        "type": "RETURN_TYPE"
      },
      "location-after-char-start": 0,
      "location-after-char-end": 0,
      "node-str": "java.lang.String"
    },
    {
      "type": "insert-node",
      "node": {
        "label": "public",
        "type": "Modifier"
      },
      "location-after-char-start": 0,
      "location-after-char-end": 0,
      "node-str": "public"
    },
    {
      "type": "insert-node",
      "node": {
        "label": "return",
        "type": "Return"
      },
      "location-after-char-start": 4454,
      "location-after-char-end": 4476,
      "node-str": "return"
    },
    {
      "type": "insert-node",
      "node": {
        "label": "void",
        "type": "RETURN_TYPE"
      },
      "location-after-char-start": 0,
      "location-after-char-end": 0,
      "node-str": "void"
    },
    {
      "type": "insert-node",
      "node": {
        "label": "java.net.MalformedURLException",
        "type": "THROWS"
      },
      "location-after-char-start": 0,
      "location-after-char-end": 0,
      "node-str": "java.net.MalformedURLException"
    },
    {
      "type": "insert-node",
      "node": {
        "label": "java.io.IOException",
        "type": "THROWS"
      },
      "location-after-char-start": 0,
      "location-after-char-end": 0,
      "node-str": "java.io.IOException"
    },
    {
      "type": "insert-node",
      "node": {
        "label": "org.jboss.deployment.J2eeDeploymentException",
        "type": "THROWS"
      },
      "location-after-char-start": 0,
      "location-after-char-end": 0,
      "node-str": "org.jboss.deployment.J2eeDeploymentException"
    },
    {
      "type": "insert-node",
      "node": {
        "label": "public",
        "type": "Modifier"
      },
      "location-after-char-start": 0,
      "location-after-char-end": 0,
      "node-str": "public"
    },
    {
      "type": "insert-node",
      "node": {
        "label": "_url",
        "type": "Parameter"
      },
      "location-after-char-start": 5417,
      "location-after-char-end": 5427,
      "node-str": "_url"
    },
    {
      "type": "insert-node",
      "node": {
        "label": "url",
        "type": "LocalVariable"
      },
      "location-after-char-start": 5508,
      "location-after-char-end": 5532,
      "node-str": "url"
    },
    {
      "type": "insert-node",
      "node": {
        "label": "lCollector",
        "type": "LocalVariable"
      },
      "location-after-char-start": 5547,
      "location-after-char-end": 5575,
      "node-str": "lCollector"
    },
    {
      "type": "insert-node",
      "node": {
        "label": "",
        "type": "Try"
      },
      "location-after-char-start": 5583,
      "location-after-char-end": 5710,
      "node-str": ""
    },
    {
      "type": "insert-node",
      "node": {
        "label": "",
        "type": "Try"
      },
      "location-after-char-start": 5769,
      "location-after-char-end": 6071,
      "node-str": ""
    },
    {
      "type": "insert-node",
      "node": {
        "label": "log",
        "type": "Invocation"
      },
      "location-after-char-start": 6113,
      "location-after-char-end": 6157,
      "node-str": "log"
    },
    {
      "type": "insert-node",
      "node": {
        "label": "d",
        "type": "LocalVariable"
      },
      "location-after-char-start": 6172,
      "location-after-char-end": 6211,
      "node-str": "d"
    },
    {
      "type": "insert-node",
      "node": {
        "label": "",
        "type": "Try"
      },
      "location-after-char-start": 6217,
      "location-after-char-end": 7579,
      "node-str": ""
    },
    {
      "type": "insert-node",
      "node": {
        "label": "org.jboss.mgt.Application",
        "type": "RETURN_TYPE"
      },
      "location-after-char-start": 0,
      "location-after-char-end": 0,
      "node-str": "org.jboss.mgt.Application"
    },
    {
      "type": "insert-node",
      "node": {
        "label": "public",
        "type": "Modifier"
      },
      "location-after-char-start": 0,
      "location-after-char-end": 0,
      "node-str": "public"
    },
    {
      "type": "insert-node",
      "node": {
        "label": "pId",
        "type": "Parameter"
      },
      "location-after-char-start": 22976,
      "location-after-char-end": 22985,
      "node-str": "pId"
    },
    {
      "type": "insert-node",
      "node": {
        "label": "pDeployment",
        "type": "Parameter"
      },
      "location-after-char-start": 22994,
      "location-after-char-end": 23015,
      "node-str": "pDeployment"
    },
    {
      "type": "insert-node",
      "node": {
        "label": "lModules",
        "type": "LocalVariable"
      },
      "location-after-char-start": 23030,
      "location-after-char-end": 23067,
      "node-str": "lModules"
    },
    {
      "type": "insert-node",
      "node": {
        "label": "i",
        "type": "LocalVariable"
      },
      "location-after-char-start": 23112,
      "location-after-char-end": 23158,
      "node-str": "i"
    },
    {
      "type": "insert-node",
      "node": {
        "label": "lItems",
        "type": "LocalVariable"
      },
      "location-after-char-start": 23166,
      "location-after-char-end": 23201,
      "node-str": "lItems"
    },
    {
      "type": "insert-node",
      "node": {
        "label": "while",
        "type": "While"
      },
      "location-after-char-start": 23209,
      "location-after-char-end": 23348,
      "node-str": "while"
    },
    {
      "type": "insert-node",
      "node": {
        "label": "add",
        "type": "Invocation"
      },
      "location-after-char-start": 23380,
      "location-after-char-end": 23515,
      "node-str": "add"
    },
    {
      "type": "insert-node",
      "node": {
        "label": "\u003d",
        "type": "Assignment"
      },
      "location-after-char-start": 23560,
      "location-after-char-end": 23597,
      "node-str": "\u003d"
    },
    {
      "type": "insert-node",
      "node": {
        "label": "\u003d",
        "type": "Assignment"
      },
      "location-after-char-start": 23605,
      "location-after-char-end": 23629,
      "node-str": "\u003d"
    },
    {
      "type": "insert-node",
      "node": {
        "label": "while",
        "type": "While"
      },
      "location-after-char-start": 23637,
      "location-after-char-end": 23810,
      "node-str": "while"
    },
    {
      "type": "insert-node",
      "node": {
        "label": "add",
        "type": "Invocation"
      },
      "location-after-char-start": 23842,
      "location-after-char-end": 23977,
      "node-str": "add"
    },
    {
      "type": "insert-node",
      "node": {
        "label": "return",
        "type": "Return"
      },
      "location-after-char-start": 24014,
      "location-after-char-end": 24102,
      "node-str": "return"
    },
    {
      "type": "insert-node",
      "node": {
        "label": "java.lang.String[]",
        "type": "VARIABLE_TYPE"
      },
      "location-after-char-start": 0,
      "location-after-char-end": 0,
      "node-str": "java.lang.String[]"
    },
    {
      "type": "insert-node",
      "node": {
        "label": "org.jboss.deployment.J2eeDeployer()",
        "type": "ConstructorCall"
      },
      "location-after-char-start": 3390,
      "location-after-char-end": 3407,
      "node-str": "org.jboss.deployment.J2eeDeployer()"
    },
    {
      "type": "insert-node",
      "node": {
        "label": "",
        "type": "ArrayRead"
      },
      "location-after-char-start": 3417,
      "location-after-char-end": 3424,
      "node-str": ""
    },
    {
      "type": "insert-node",
      "node": {
        "label": "\"Default\"",
        "type": "Literal"
      },
      "location-after-char-start": 3548,
      "location-after-char-end": 3556,
      "node-str": "\"Default\""
    },
    {
      "type": "insert-node",
      "node": {
        "label": "\"EJB:service\u003dContainerFactory\"",
        "type": "Literal"
      },
      "location-after-char-start": 3559,
      "location-after-char-end": 3588,
      "node-str": "\"EJB:service\u003dContainerFactory\""
    },
    {
      "type": "insert-node",
      "node": {
        "label": "\":service\u003dEmbeddedTomcat\"",
        "type": "Literal"
      },
      "location-after-char-start": 3591,
      "location-after-char-end": 3615,
      "node-str": "\":service\u003dEmbeddedTomcat\""
    },
    {
      "type": "insert-node",
      "node": {
        "label": "java.lang.String",
        "type": "VARIABLE_TYPE"
      },
      "location-after-char-start": 0,
      "location-after-char-end": 0,
      "node-str": "java.lang.String"
    },
    {
      "type": "insert-node",
      "node": {
        "label": "java.lang.String",
        "type": "VARIABLE_TYPE"
      },
      "location-after-char-start": 0,
      "location-after-char-end": 0,
      "node-str": "java.lang.String"
    },
    {
      "type": "insert-node",
      "node": {
        "label": "java.lang.String",
        "type": "VARIABLE_TYPE"
      },
      "location-after-char-start": 0,
      "location-after-char-end": 0,
      "node-str": "java.lang.String"
    },
    {
      "type": "insert-node",
      "node": {
        "label": "org.jboss.deployment.J2eeDeployer",
        "type": "TypeAccess"
      },
      "location-after-char-start": 0,
      "location-after-char-end": 0,
      "node-str": "org.jboss.deployment.J2eeDeployer"
    },
    {
      "type": "insert-node",
      "node": {
        "label": "_name",
        "type": "VariableRead"
      },
      "location-after-char-start": 3741,
      "location-after-char-end": 3745,
      "node-str": "_name"
    },
    {
      "type": "insert-node",
      "node": {
        "label": "org.jboss.deployment.J2eeDeployer",
        "type": "TypeAccess"
      },
      "location-after-char-start": 0,
      "location-after-char-end": 0,
      "node-str": "org.jboss.deployment.J2eeDeployer"
    },
    {
      "type": "insert-node",
      "node": {
        "label": "jarDeployerName",
        "type": "VariableRead"
      },
      "location-after-char-start": 3774,
      "location-after-char-end": 3788,
      "node-str": "jarDeployerName"
    },
    {
      "type": "insert-node",
      "node": {
        "label": "org.jboss.deployment.J2eeDeployer",
        "type": "TypeAccess"
      },
      "location-after-char-start": 0,
      "location-after-char-end": 0,
      "node-str": "org.jboss.deployment.J2eeDeployer"
    },
    {
      "type": "insert-node",
      "node": {
        "label": "warDeployerName",
        "type": "VariableRead"
      },
      "location-after-char-start": 3817,
      "location-after-char-end": 3831,
      "node-str": "warDeployerName"
    },
    {
      "type": "insert-node",
      "node": {
        "label": "jarDeployerName",
        "type": "FieldRead"
      },
      "location-after-char-start": 4264,
      "location-after-char-end": 4278,
      "node-str": "jarDeployerName"
    },
    {
      "type": "insert-node",
      "node": {
        "label": "warDeployerName",
        "type": "FieldRead"
      },
      "location-after-char-start": 4461,
      "location-after-char-end": 4475,
      "node-str": "warDeployerName"
    },
    {
      "type": "insert-node",
      "node": {
        "label": "java.lang.String",
        "type": "VARIABLE_TYPE"
      },
      "location-after-char-start": 0,
      "location-after-char-end": 0,
      "node-str": "java.lang.String"
    },
    {
      "type": "insert-node",
      "node": {
        "label": "java.net.URL",
        "type": "VARIABLE_TYPE"
      },
      "location-after-char-start": 0,
      "location-after-char-end": 0,
      "node-str": "java.net.URL"
    },
    {
      "type": "insert-node",
      "node": {
        "label": "java.net.URL(java.lang.String)",
        "type": "ConstructorCall"
      },
      "location-after-char-start": 5518,
      "location-after-char-end": 5531,
      "node-str": "java.net.URL(java.lang.String)"
    },
    {
      "type": "insert-node",
      "node": {
        "label": "javax.management.ObjectName",
        "type": "VARIABLE_TYPE"
      },
      "location-after-char-start": 0,
      "location-after-char-end": 0,
      "node-str": "javax.management.ObjectName"
    },
    {
      "type": "insert-node",
      "node": {
        "label": "null",
        "type": "Literal"
      },
      "location-after-char-start": 5571,
      "location-after-char-end": 5574,
      "node-str": "null"
    },
    {
      "type": "insert-node",
      "node": {
        "label": "\u003d",
        "type": "Assignment"
      },
      "location-after-char-start": 5598,
      "location-after-char-end": 5665,
      "node-str": "\u003d"
    },
    {
      "type": "insert-node",
      "node": {
        "label": "",
        "type": "Catch"
      },
      "location-after-char-start": 5674,
      "location-after-char-end": 5710,
      "node-str": ""
    },
    {
      "type": "insert-node",
      "node": {
        "label": "undeploy",
        "type": "Invocation"
      },
      "location-after-char-start": 5790,
      "location-after-char-end": 5805,
      "node-str": "undeploy"
    },
    {
      "type": "insert-node",
      "node": {
        "label": "invoke",
        "type": "Invocation"
      },
      "location-after-char-start": 5862,
      "location-after-char-end": 6027,
      "node-str": "invoke"
    },
    {
      "type": "insert-node",
      "node": {
        "label": "",
        "type": "Catch"
      },
      "location-after-char-start": 6036,
      "location-after-char-end": 6071,
      "node-str": ""
    },
    {
      "type": "insert-node",
      "node": {
        "label": "log",
        "type": "FieldRead"
      },
      "location-after-char-start": 6113,
      "location-after-char-end": 6115,
      "node-str": "log"
    },
    {
      "type": "insert-node",
      "node": {
        "label": "PLUS",
        "type": "BinaryOperator"
      },
      "location-after-char-start": 6122,
      "location-after-char-end": 6155,
      "node-str": "PLUS"
    },
    {
      "type": "insert-node",
      "node": {
        "label": "org.jboss.deployment.Deployment",
        "type": "VARIABLE_TYPE"
      },
      "location-after-char-start": 0,
      "location-after-char-end": 0,
      "node-str": "org.jboss.deployment.Deployment"
    },
    {
      "type": "insert-node",
      "node": {
        "label": "installApplication",
        "type": "Invocation"
      },
      "location-after-char-start": 6187,
      "location-after-char-end": 6210,
      "node-str": "installApplication"
    },
    {
      "type": "insert-node",
      "node": {
        "label": "startApplication",
        "type": "Invocation"
      },
      "location-after-char-start": 6230,
      "location-after-char-end": 6250,
      "node-str": "startApplication"
    },
    {
      "type": "insert-node",
      "node": {
        "label": "log",
        "type": "Invocation"
      },
      "location-after-char-start": 6256,
      "location-after-char-end": 6311,
      "node-str": "log"
    },
    {
      "type": "insert-node",
      "node": {
        "label": "",
        "type": "Try"
      },
      "location-after-char-start": 6321,
      "location-after-char-end": 6975,
      "node-str": ""
    },
    {
      "type": "move-subtree",
      "node": {
        "label": "",
        "type": "Catch"
      },
      "location-before-char-start": 5815,
      "location-before-char-end": 6410,
      "location-after-char-start": 6984,
      "location-after-char-end": 7579,
      "node-str": ""
    },
    {
      "type": "insert-node",
      "node": {
        "label": "java.lang.String",
        "type": "VARIABLE_TYPE"
      },
      "location-after-char-start": 0,
      "location-after-char-end": 0,
      "node-str": "java.lang.String"
    },
    {
      "type": "insert-node",
      "node": {
        "label": "org.jboss.deployment.Deployment",
        "type": "VARIABLE_TYPE"
      },
      "location-after-char-start": 0,
      "location-after-char-end": 0,
      "node-str": "org.jboss.deployment.Deployment"
    },
    {
      "type": "insert-node",
      "node": {
        "label": "java.util.Collection",
        "type": "VARIABLE_TYPE"
      },
      "location-after-char-start": 0,
      "location-after-char-end": 0,
      "node-str": "java.util.Collection"
    },
    {
      "type": "insert-node",
      "node": {
        "label": "java.util.ArrayList()",
        "type": "ConstructorCall"
      },
      "location-after-char-start": 23052,
      "location-after-char-end": 23066,
      "node-str": "java.util.ArrayList()"
    },
    {
      "type": "insert-node",
      "node": {
        "label": "java.util.Iterator",
        "type": "VARIABLE_TYPE"
      },
      "location-after-char-start": 0,
      "location-after-char-end": 0,
      "node-str": "java.util.Iterator"
    },
    {
      "type": "insert-node",
      "node": {
        "label": "iterator",
        "type": "Invocation"
      },
      "location-after-char-start": 23125,
      "location-after-char-end": 23157,
      "node-str": "iterator"
    },
    {
      "type": "insert-node",
      "node": {
        "label": "java.util.Collection",
        "type": "VARIABLE_TYPE"
      },
      "location-after-char-start": 0,
      "location-after-char-end": 0,
      "node-str": "java.util.Collection"
    },
    {
      "type": "insert-node",
      "node": {
        "label": "java.util.ArrayList()",
        "type": "ConstructorCall"
      },
      "location-after-char-start": 23186,
      "location-after-char-end": 23200,
      "node-str": "java.util.ArrayList()"
    },
    {
      "type": "insert-node",
      "node": {
        "label": "hasNext",
        "type": "Invocation"
      },
      "location-after-char-start": 23216,
      "location-after-char-end": 23226,
      "node-str": "hasNext"
    },
    {
      "type": "insert-node",
      "node": {
        "label": "lModule",
        "type": "LocalVariable"
      },
      "location-after-char-start": 23241,
      "location-after-char-end": 23297,
      "node-str": "lModule"
    },
    {
      "type": "insert-node",
      "node": {
        "label": "add",
        "type": "Invocation"
      },
      "location-after-char-start": 23308,
      "location-after-char-end": 23340,
      "node-str": "add"
    },
    {
      "type": "insert-node",
      "node": {
        "label": "lModules",
        "type": "VariableRead"
      },
      "location-after-char-start": 23380,
      "location-after-char-end": 23387,
      "node-str": "lModules"
    },
    {
      "type": "insert-node",
      "node": {
        "label": "java.lang.Module(java.lang.ClassLoader)",
        "type": "ConstructorCall"
      },
      "location-after-char-start": 23403,
      "location-after-char-end": 23506,
      "node-str": "java.lang.Module(java.lang.ClassLoader)"
    },
    {
      "type": "insert-node",
      "node": {
        "label": "i",
        "type": "VariableWrite"
      },
      "location-after-char-start": 23560,
      "location-after-char-end": 23560,
      "node-str": "i"
    },
    {
      "type": "insert-node",
      "node": {
        "label": "iterator",
        "type": "Invocation"
      },
      "location-after-char-start": 23564,
      "location-after-char-end": 23596,
      "node-str": "iterator"
    },
    {
      "type": "insert-node",
      "node": {
        "label": "lItems",
        "type": "VariableWrite"
      },
      "location-after-char-start": 23605,
      "location-after-char-end": 23610,
      "node-str": "lItems"
    },
    {
      "type": "insert-node",
      "node": {
        "label": "java.util.ArrayList()",
        "type": "ConstructorCall"
      },
      "location-after-char-start": 23614,
      "location-after-char-end": 23628,
      "node-str": "java.util.ArrayList()"
    },
    {
      "type": "insert-node",
      "node": {
        "label": "hasNext",
        "type": "Invocation"
      },
      "location-after-char-start": 23644,
      "location-after-char-end": 23654,
      "node-str": "hasNext"
    },
    {
      "type": "insert-node",
      "node": {
        "label": "lModule",
        "type": "LocalVariable"
      },
      "location-after-char-start": 23669,
      "location-after-char-end": 23725,
      "node-str": "lModule"
    },
    {
      "type": "insert-node",
      "node": {
        "label": "add",
        "type": "Invocation"
      },
      "location-after-char-start": 23736,
      "location-after-char-end": 23802,
      "node-str": "add"
    },
    {
      "type": "insert-node",
      "node": {
        "label": "lModules",
        "type": "VariableRead"
      },
      "location-after-char-start": 23842,
      "location-after-char-end": 23849,
      "node-str": "lModules"
    },
    {
      "type": "insert-node",
      "node": {
        "label": "java.lang.Module(java.lang.ClassLoader)",
        "type": "ConstructorCall"
      },
      "location-after-char-start": 23865,
      "location-after-char-end": 23968,
      "node-str": "java.lang.Module(java.lang.ClassLoader)"
    },
    {
      "type": "insert-node",
      "node": {
        "label": "org.jboss.mgt.Application(java.lang.String,java.lang.String,java.util.Collection)",
        "type": "ConstructorCall"
      },
      "location-after-char-start": 24021,
      "location-after-char-end": 24101,
      "node-str": "org.jboss.mgt.Application(java.lang.String,java.lang.String,java.util.Collection)"
    },
    {
      "type": "insert-node",
      "node": {
        "label": "_args",
        "type": "VariableRead"
      },
      "location-after-char-start": 3417,
      "location-after-char-end": 3421,
      "node-str": "_args"
    },
    {
      "type": "insert-node",
      "node": {
        "label": "0",
        "type": "Literal"
      },
      "location-after-char-start": 3423,
      "location-after-char-end": 3423,
      "node-str": "0"
    },
    {
      "type": "insert-node",
      "node": {
        "label": "org.jboss.deployment.J2eeDeployer",
        "type": "TypeAccess"
      },
      "location-after-char-start": 0,
      "location-after-char-end": 0,
      "node-str": "org.jboss.deployment.J2eeDeployer"
    },
    {
      "type": "insert-node",
      "node": {
        "label": "org.jboss.deployment.J2eeDeployer",
        "type": "TypeAccess"
      },
      "location-after-char-start": 0,
      "location-after-char-end": 0,
      "node-str": "org.jboss.deployment.J2eeDeployer"
    },
    {
      "type": "insert-node",
      "node": {
        "label": "_url",
        "type": "VariableRead"
      },
      "location-after-char-start": 5527,
      "location-after-char-end": 5530,
      "node-str": "_url"
    },
    {
      "type": "insert-node",
      "node": {
        "label": "lCollector",
        "type": "VariableWrite"
      },
      "location-after-char-start": 5598,
      "location-after-char-end": 5607,
      "node-str": "lCollector"
    },
    {
      "type": "insert-node",
      "node": {
        "label": "javax.management.ObjectName(java.lang.String,java.lang.String,java.lang.String)",
        "type": "ConstructorCall"
      },
      "location-after-char-start": 5611,
      "location-after-char-end": 5664,
      "node-str": "javax.management.ObjectName(java.lang.String,java.lang.String,java.lang.String)"
    },
    {
      "type": "insert-node",
      "node": {
        "label": "e",
        "type": "CatchVariable"
      },
      "location-after-char-start": 5687,
      "location-after-char-end": 5698,
      "node-str": "e"
    },
    {
      "type": "insert-node",
      "node": {
        "label": "org.jboss.deployment.J2eeDeployer",
        "type": "TypeAccess"
      },
      "location-after-char-start": 0,
      "location-after-char-end": 0,
      "node-str": "org.jboss.deployment.J2eeDeployer"
    },
    {
      "type": "insert-node",
      "node": {
        "label": "_url",
        "type": "VariableRead"
      },
      "location-after-char-start": 5800,
      "location-after-char-end": 5803,
      "node-str": "_url"
    },
    {
      "type": "insert-node",
      "node": {
        "label": "server",
        "type": "FieldRead"
      },
      "location-after-char-start": 5862,
      "location-after-char-end": 5867,
      "node-str": "server"
    },
    {
      "type": "insert-node",
      "node": {
        "label": "lCollector",
        "type": "VariableRead"
      },
      "location-after-char-start": 5889,
      "location-after-char-end": 5898,
      "node-str": "lCollector"
    },
    {
      "type": "insert-node",
      "node": {
        "label": "\"removeApplication\"",
        "type": "Literal"
      },
      "location-after-char-start": 5913,
      "location-after-char-end": 5931,
      "node-str": "\"removeApplication\""
    },
    {
      "type": "insert-node",
      "node": {
        "label": "",
        "type": "NewArray"
      },
      "location-after-char-start": 5946,
      "location-after-char-end": 5966,
      "node-str": ""
    },
    {
      "type": "insert-node",
      "node": {
        "label": "",
        "type": "NewArray"
      },
      "location-after-char-start": 5981,
      "location-after-char-end": 6015,
      "node-str": ""
    },
    {
      "type": "insert-node",
      "node": {
        "label": "_e",
        "type": "CatchVariable"
      },
      "location-after-char-start": 6050,
      "location-after-char-end": 6061,
      "node-str": "_e"
    },
    {
      "type": "insert-node",
      "node": {
        "label": "\"Deploy J2EE application: \"",
        "type": "Literal"
      },
      "location-after-char-start": 6122,
      "location-after-char-end": 6148,
      "node-str": "\"Deploy J2EE application: \""
    },
    {
      "type": "insert-node",
      "node": {
        "label": "_url",
        "type": "VariableRead"
      },
      "location-after-char-start": 6152,
      "location-after-char-end": 6155,
      "node-str": "_url"
    },
    {
      "type": "insert-node",
      "node": {
        "label": "org.jboss.deployment.J2eeDeployer",
        "type": "TypeAccess"
      },
      "location-after-char-start": 0,
      "location-after-char-end": 0,
      "node-str": "org.jboss.deployment.J2eeDeployer"
    },
    {
      "type": "insert-node",
      "node": {
        "label": "url",
        "type": "VariableRead"
      },
      "location-after-char-start": 6207,
      "location-after-char-end": 6209,
      "node-str": "url"
    },
    {
      "type": "insert-node",
      "node": {
        "label": "org.jboss.deployment.J2eeDeployer",
        "type": "TypeAccess"
      },
      "location-after-char-start": 0,
      "location-after-char-end": 0,
      "node-str": "org.jboss.deployment.J2eeDeployer"
    },
    {
      "type": "insert-node",
      "node": {
        "label": "d",
        "type": "VariableRead"
      },
      "location-after-char-start": 6248,
      "location-after-char-end": 6248,
      "node-str": "d"
    },
    {
      "type": "insert-node",
      "node": {
        "label": "log",
        "type": "FieldRead"
      },
      "location-after-char-start": 6256,
      "location-after-char-end": 6258,
      "node-str": "log"
    },
    {
      "type": "insert-node",
      "node": {
        "label": "PLUS",
        "type": "BinaryOperator"
      },
      "location-after-char-start": 6265,
      "location-after-char-end": 6309,
      "node-str": "PLUS"
    },
    {
      "type": "insert-node",
      "node": {
        "label": "lApplication",
        "type": "LocalVariable"
      },
      "location-after-char-start": 6422,
      "location-after-char-end": 6479,
      "node-str": "lApplication"
    },
    {
      "type": "insert-node",
      "node": {
        "label": "invoke",
        "type": "Invocation"
      },
      "location-after-char-start": 6493,
      "location-after-char-end": 6822,
      "node-str": "invoke"
    },
    {
      "type": "insert-node",
      "node": {
        "label": "",
        "type": "Catch"
      },
      "location-after-char-start": 6833,
      "location-after-char-end": 6975,
      "node-str": ""
    },
    {
      "type": "insert-node",
      "node": {
        "label": "webModules",
        "type": "FieldRead"
      },
      "location-after-char-start": 23125,
      "location-after-char-end": 23146,
      "node-str": "webModules"
    },
    {
      "type": "insert-node",
      "node": {
        "label": "i",
        "type": "VariableRead"
      },
      "location-after-char-start": 23216,
      "location-after-char-end": 23216,
      "node-str": "i"
    },
    {
      "type": "insert-node",
      "node": {
        "label": "org.jboss.deployment.Deployment$Module",
        "type": "VARIABLE_TYPE"
      },
      "location-after-char-start": 0,
      "location-after-char-end": 0,
      "node-str": "org.jboss.deployment.Deployment$Module"
    },
    {
      "type": "insert-node",
      "node": {
        "label": "next",
        "type": "Invocation"
      },
      "location-after-char-start": 23269,
      "location-after-char-end": 23296,
      "node-str": "next"
    },
    {
      "type": "insert-node",
      "node": {
        "label": "lItems",
        "type": "VariableRead"
      },
      "location-after-char-start": 23308,
      "location-after-char-end": 23313,
      "node-str": "lItems"
    },
    {
      "type": "insert-node",
      "node": {
        "label": "webContext",
        "type": "FieldRead"
      },
      "location-after-char-start": 23320,
      "location-after-char-end": 23337,
      "node-str": "webContext"
    },
    {
      "type": "insert-node",
      "node": {
        "label": "\"WebModule:FixeLater\"",
        "type": "Literal"
      },
      "location-after-char-start": 23427,
      "location-after-char-end": 23447,
      "node-str": "\"WebModule:FixeLater\""
    },
    {
      "type": "insert-node",
      "node": {
        "label": "\"DD:FixeLater\"",
        "type": "Literal"
      },
      "location-after-char-start": 23462,
      "location-after-char-end": 23475,
      "node-str": "\"DD:FixeLater\""
    },
    {
      "type": "insert-node",
      "node": {
        "label": "lItems",
        "type": "VariableRead"
      },
      "location-after-char-start": 23490,
      "location-after-char-end": 23495,
      "node-str": "lItems"
    },
    {
      "type": "insert-node",
      "node": {
        "label": "webModules",
        "type": "FieldRead"
      },
      "location-after-char-start": 23564,
      "location-after-char-end": 23585,
      "node-str": "webModules"
    },
    {
      "type": "insert-node",
      "node": {
        "label": "i",
        "type": "VariableRead"
      },
      "location-after-char-start": 23644,
      "location-after-char-end": 23644,
      "node-str": "i"
    },
    {
      "type": "insert-node",
      "node": {
        "label": "org.jboss.deployment.Deployment$Module",
        "type": "VARIABLE_TYPE"
      },
      "location-after-char-start": 0,
      "location-after-char-end": 0,
      "node-str": "org.jboss.deployment.Deployment$Module"
    },
    {
      "type": "insert-node",
      "node": {
        "label": "next",
        "type": "Invocation"
      },
      "location-after-char-start": 23697,
      "location-after-char-end": 23724,
      "node-str": "next"
    },
    {
      "type": "insert-node",
      "node": {
        "label": "lItems",
        "type": "VariableRead"
      },
      "location-after-char-start": 23736,
      "location-after-char-end": 23741,
      "node-str": "lItems"
    },
    {
      "type": "insert-node",
      "node": {
        "label": "getFile",
        "type": "Invocation"
      },
      "location-after-char-start": 23748,
      "location-after-char-end": 23799,
      "node-str": "getFile"
    },
    {
      "type": "insert-node",
      "node": {
        "label": "\"EJBModule:FixeLater\"",
        "type": "Literal"
      },
      "location-after-char-start": 23889,
      "location-after-char-end": 23909,
      "node-str": "\"EJBModule:FixeLater\""
    },
    {
      "type": "insert-node",
      "node": {
        "label": "\"DD:FixeLater\"",
        "type": "Literal"
      },
      "location-after-char-start": 23924,
      "location-after-char-end": 23937,
      "node-str": "\"DD:FixeLater\""
    },
    {
      "type": "insert-node",
      "node": {
        "label": "lItems",
        "type": "VariableRead"
      },
      "location-after-char-start": 23952,
      "location-after-char-end": 23957,
      "node-str": "lItems"
    },
    {
      "type": "insert-node",
      "node": {
        "label": "pId",
        "type": "VariableRead"
      },
      "location-after-char-start": 24047,
      "location-after-char-end": 24049,
      "node-str": "pId"
    },
    {
      "type": "insert-node",
      "node": {
        "label": "\"DD:FixeLater\"",
        "type": "Literal"
      },
      "location-after-char-start": 24061,
      "location-after-char-end": 24074,
      "node-str": "\"DD:FixeLater\""
    },
    {
      "type": "insert-node",
      "node": {
        "label": "lModules",
        "type": "VariableRead"
      },
      "location-after-char-start": 24086,
      "location-after-char-end": 24093,
      "node-str": "lModules"
    },
    {
      "type": "insert-node",
      "node": {
        "label": "\"Management\"",
        "type": "Literal"
      },
      "location-after-char-start": 5627,
      "location-after-char-end": 5638,
      "node-str": "\"Management\""
    },
    {
      "type": "insert-node",
      "node": {
        "label": "\"service\"",
        "type": "Literal"
      },
      "location-after-char-start": 5641,
      "location-after-char-end": 5649,
      "node-str": "\"service\""
    },
    {
      "type": "insert-node",
      "node": {
        "label": "\"Collector\"",
        "type": "Literal"
      },
      "location-after-char-start": 5652,
      "location-after-char-end": 5662,
      "node-str": "\"Collector\""
    },
    {
      "type": "insert-node",
      "node": {
        "label": "java.lang.Exception",
        "type": "VARIABLE_TYPE"
      },
      "location-after-char-start": 0,
      "location-after-char-end": 0,
      "node-str": "java.lang.Exception"
    },
    {
      "type": "insert-node",
      "node": {
        "label": "org.jboss.deployment.J2eeDeployer",
        "type": "TypeAccess"
      },
      "location-after-char-start": 0,
      "location-after-char-end": 0,
      "node-str": "org.jboss.deployment.J2eeDeployer"
    },
    {
      "type": "insert-node",
      "node": {
        "label": "_url",
        "type": "VariableRead"
      },
      "location-after-char-start": 5961,
      "location-after-char-end": 5964,
      "node-str": "_url"
    },
    {
      "type": "insert-node",
      "node": {
        "label": "\"java.lang.String\"",
        "type": "Literal"
      },
      "location-after-char-start": 5996,
      "location-after-char-end": 6013,
      "node-str": "\"java.lang.String\""
    },
    {
      "type": "insert-node",
      "node": {
        "label": "java.lang.Exception",
        "type": "VARIABLE_TYPE"
      },
      "location-after-char-start": 0,
      "location-after-char-end": 0,
      "node-str": "java.lang.Exception"
    },
    {
      "type": "insert-node",
      "node": {
        "label": "PLUS",
        "type": "BinaryOperator"
      },
      "location-after-char-start": 6265,
      "location-after-char-end": 6291,
      "node-str": "PLUS"
    },
    {
      "type": "insert-node",
      "node": {
        "label": "\" is deployed.\"",
        "type": "Literal"
      },
      "location-after-char-start": 6295,
      "location-after-char-end": 6309,
      "node-str": "\" is deployed.\""
    },
    {
      "type": "insert-node",
      "node": {
        "label": "org.jboss.mgt.Application",
        "type": "VARIABLE_TYPE"
      },
      "location-after-char-start": 0,
      "location-after-char-end": 0,
      "node-str": "org.jboss.mgt.Application"
    },
    {
      "type": "insert-node",
      "node": {
        "label": "convert2Application",
        "type": "Invocation"
      },
      "location-after-char-start": 6449,
      "location-after-char-end": 6478,
      "node-str": "convert2Application"
    },
    {
      "type": "insert-node",
      "node": {
        "label": "server",
        "type": "FieldRead"
      },
      "location-after-char-start": 6493,
      "location-after-char-end": 6498,
      "node-str": "server"
    },
    {
      "type": "insert-node",
      "node": {
        "label": "lCollector",
        "type": "VariableRead"
      },
      "location-after-char-start": 6523,
      "location-after-char-end": 6532,
      "node-str": "lCollector"
    },
    {
      "type": "insert-node",
      "node": {
        "label": "\"saveApplication\"",
        "type": "Literal"
      },
      "location-after-char-start": 6550,
      "location-after-char-end": 6566,
      "node-str": "\"saveApplication\""
    },
    {
      "type": "insert-node",
      "node": {
        "label": "",
        "type": "NewArray"
      },
      "location-after-char-start": 6584,
      "location-after-char-end": 6669,
      "node-str": ""
    },
    {
      "type": "insert-node",
      "node": {
        "label": "",
        "type": "NewArray"
      },
      "location-after-char-start": 6687,
      "location-after-char-end": 6807,
      "node-str": ""
    },
    {
      "type": "insert-node",
      "node": {
        "label": "e",
        "type": "CatchVariable"
      },
      "location-after-char-start": 6848,
      "location-after-char-end": 6859,
      "node-str": "e"
    },
    {
      "type": "insert-node",
      "node": {
        "label": "log",
        "type": "Invocation"
      },
      "location-after-char-start": 6876,
      "location-after-char-end": 6965,
      "node-str": "log"
    },
    {
      "type": "insert-node",
      "node": {
        "label": "pDeployment",
        "type": "VariableRead"
      },
      "location-after-char-start": 23125,
      "location-after-char-end": 23146,
      "node-str": "pDeployment"
    },
    {
      "type": "insert-node",
      "node": {
        "label": "i",
        "type": "VariableRead"
      },
      "location-after-char-start": 23289,
      "location-after-char-end": 23289,
      "node-str": "i"
    },
    {
      "type": "insert-node",
      "node": {
        "label": "lModule",
        "type": "VariableRead"
      },
      "location-after-char-start": 23320,
      "location-after-char-end": 23337,
      "node-str": "lModule"
    },
    {
      "type": "insert-node",
      "node": {
        "label": "pDeployment",
        "type": "VariableRead"
      },
      "location-after-char-start": 23564,
      "location-after-char-end": 23585,
      "node-str": "pDeployment"
    },
    {
      "type": "insert-node",
      "node": {
        "label": "i",
        "type": "VariableRead"
      },
      "location-after-char-start": 23717,
      "location-after-char-end": 23717,
      "node-str": "i"
    },
    {
      "type": "insert-node",
      "node": {
        "label": "firstElement",
        "type": "Invocation"
      },
      "location-after-char-start": 23748,
      "location-after-char-end": 23789,
      "node-str": "firstElement"
    },
    {
      "type": "insert-node",
      "node": {
        "label": "\"J2EE application: \"",
        "type": "Literal"
      },
      "location-after-char-start": 6265,
      "location-after-char-end": 6284,
      "node-str": "\"J2EE application: \""
    },
    {
      "type": "insert-node",
      "node": {
        "label": "_url",
        "type": "VariableRead"
      },
      "location-after-char-start": 6288,
      "location-after-char-end": 6291,
      "node-str": "_url"
    },
    {
      "type": "insert-node",
      "node": {
        "label": "org.jboss.deployment.J2eeDeployer",
        "type": "TypeAccess"
      },
      "location-after-char-start": 0,
      "location-after-char-end": 0,
      "node-str": "org.jboss.deployment.J2eeDeployer"
    },
    {
      "type": "insert-node",
      "node": {
        "label": "_url",
        "type": "VariableRead"
      },
      "location-after-char-start": 6470,
      "location-after-char-end": 6473,
      "node-str": "_url"
    },
    {
      "type": "insert-node",
      "node": {
        "label": "d",
        "type": "VariableRead"
      },
      "location-after-char-start": 6476,
      "location-after-char-end": 6476,
      "node-str": "d"
    },
    {
      "type": "insert-node",
      "node": {
        "label": "org.jboss.deployment.J2eeDeployer",
        "type": "TypeAccess"
      },
      "location-after-char-start": 0,
      "location-after-char-end": 0,
      "node-str": "org.jboss.deployment.J2eeDeployer"
    },
    {
      "type": "insert-node",
      "node": {
        "label": "_url",
        "type": "VariableRead"
      },
      "location-after-char-start": 6617,
      "location-after-char-end": 6620,
      "node-str": "_url"
    },
    {
      "type": "insert-node",
      "node": {
        "label": "lApplication",
        "type": "VariableRead"
      },
      "location-after-char-start": 6641,
      "location-after-char-end": 6652,
      "node-str": "lApplication"
    },
    {
      "type": "insert-node",
      "node": {
        "label": "\"java.lang.String\"",
        "type": "Literal"
      },
      "location-after-char-start": 6720,
      "location-after-char-end": 6737,
      "node-str": "\"java.lang.String\""
    },
    {
      "type": "insert-node",
      "node": {
        "label": "getName",
        "type": "Invocation"
      },
      "location-after-char-start": 6758,
      "location-after-char-end": 6790,
      "node-str": "getName"
    },
    {
      "type": "insert-node",
      "node": {
        "label": "java.lang.Exception",
        "type": "VARIABLE_TYPE"
      },
      "location-after-char-start": 0,
      "location-after-char-end": 0,
      "node-str": "java.lang.Exception"
    },
    {
      "type": "insert-node",
      "node": {
        "label": "log",
        "type": "FieldRead"
      },
      "location-after-char-start": 6876,
      "location-after-char-end": 6878,
      "node-str": "log"
    },
    {
      "type": "insert-node",
      "node": {
        "label": "PLUS",
        "type": "BinaryOperator"
      },
      "location-after-char-start": 6885,
      "location-after-char-end": 6963,
      "node-str": "PLUS"
    },
    {
      "type": "insert-node",
      "node": {
        "label": "localUrls",
        "type": "FieldRead"
      },
      "location-after-char-start": 23756,
      "location-after-char-end": 23772,
      "node-str": "localUrls"
    },
    {
      "type": "insert-node",
      "node": {
        "label": "getClass",
        "type": "Invocation"
      },
      "location-after-char-start": 6758,
      "location-after-char-end": 6780,
      "node-str": "getClass"
    },
    {
      "type": "insert-node",
      "node": {
        "label": "PLUS",
        "type": "BinaryOperator"
      },
      "location-after-char-start": 6885,
      "location-after-char-end": 6935,
      "node-str": "PLUS"
    },
    {
      "type": "insert-node",
      "node": {
        "label": "\" could not be reported.\"",
        "type": "Literal"
      },
      "location-after-char-start": 6939,
      "location-after-char-end": 6963,
      "node-str": "\" could not be reported.\""
    },
    {
      "type": "insert-node",
      "node": {
        "label": "lModule",
        "type": "VariableRead"
      },
      "location-after-char-start": 23756,
      "location-after-char-end": 23772,
      "node-str": "lModule"
    },
    {
      "type": "insert-node",
      "node": {
        "label": "lApplication",
        "type": "VariableRead"
      },
      "location-after-char-start": 6758,
      "location-after-char-end": 6769,
      "node-str": "lApplication"
    },
    {
      "type": "insert-node",
      "node": {
        "label": "\"Report of deployment of J2EE application: \"",
        "type": "Literal"
      },
      "location-after-char-start": 6885,
      "location-after-char-end": 6928,
      "node-str": "\"Report of deployment of J2EE application: \""
    },
    {
      "type": "insert-node",
      "node": {
        "label": "_url",
        "type": "VariableRead"
      },
      "location-after-char-start": 6932,
      "location-after-char-end": 6935,
      "node-str": "_url"
    },
    {
      "type": "delete-node",
      "node": {
        "label": "public",
        "type": "Modifier"
      },
      "location-before-char-start": 0,
      "location-before-char-end": 0,
      "node-str": "public"
    },
    {
      "type": "delete-node",
      "node": {
        "label": "org.jboss.util.ServiceMBeanSupport",
        "type": "SUPER_TYPE"
      },
      "location-before-char-start": 0,
      "location-before-char-end": 0,
      "node-str": "org.jboss.util.ServiceMBeanSupport"
    },
    {
      "type": "delete-node",
      "node": {
        "label": "",
        "type": "TypeReference"
      },
      "location-before-char-start": 2380,
      "location-before-char-end": 2398,
      "node-str": ""
    },
    {
      "type": "delete-node",
      "node": {
        "label": "java.io.File",
        "type": "VARIABLE_TYPE"
      },
      "location-before-char-start": 0,
      "location-before-char-end": 0,
      "node-str": "java.io.File"
    },
    {
      "type": "delete-node",
      "node": {
        "label": "public",
        "type": "Modifier"
      },
      "location-before-char-start": 0,
      "location-before-char-end": 0,
      "node-str": "public"
    },
    {
      "type": "delete-node",
      "node": {
        "label": "null",
        "type": "Literal"
      },
      "location-before-char-start": 2533,
      "location-before-char-end": 2536,
      "node-str": "null"
    },
    {
      "type": "delete-node",
      "node": {
        "label": "DEPLOYMENT_DIR",
        "type": "Field"
      },
      "location-before-char-start": 2434,
      "location-before-char-end": 2537,
      "node-str": "DEPLOYMENT_DIR"
    },
    {
      "type": "delete-node",
      "node": {
        "label": "java.lang.String",
        "type": "VARIABLE_TYPE"
      },
      "location-before-char-start": 0,
      "location-before-char-end": 0,
      "node-str": "java.lang.String"
    },
    {
      "type": "delete-node",
      "node": {
        "label": "public",
        "type": "Modifier"
      },
      "location-before-char-start": 0,
      "location-before-char-end": 0,
      "node-str": "public"
    },
    {
      "type": "delete-node",
      "node": {
        "label": "static",
        "type": "Modifier"
      },
      "location-before-char-start": 0,
      "location-before-char-end": 0,
      "node-str": "static"
    },
    {
      "type": "delete-node",
      "node": {
        "label": "\"deployment.cfg\"",
        "type": "Literal"
      },
      "location-before-char-start": 2630,
      "location-before-char-end": 2645,
      "node-str": "\"deployment.cfg\""
    },
    {
      "type": "delete-node",
      "node": {
        "label": "CONFIG",
        "type": "Field"
      },
      "location-before-char-start": 2600,
      "location-before-char-end": 2646,
      "node-str": "CONFIG"
    },
    {
      "type": "delete-node",
      "node": {
        "label": "int",
        "type": "VARIABLE_TYPE"
      },
      "location-before-char-start": 0,
      "location-before-char-end": 0,
      "node-str": "int"
    },
    {
      "type": "delete-node",
      "node": {
        "label": "final",
        "type": "Modifier"
      },
      "location-before-char-start": 0,
      "location-before-char-end": 0,
      "node-str": "final"
    },
    {
      "type": "delete-node",
      "node": {
        "label": "public",
        "type": "Modifier"
      },
      "location-before-char-start": 0,
      "location-before-char-end": 0,
      "node-str": "public"
    },
    {
      "type": "delete-node",
      "node": {
        "label": "static",
        "type": "Modifier"
      },
      "location-before-char-start": 0,
      "location-before-char-end": 0,
      "node-str": "static"
    },
    {
      "type": "delete-node",
      "node": {
        "label": "0",
        "type": "Literal"
      },
      "location-before-char-start": 2687,
      "location-before-char-end": 2687,
      "node-str": "0"
    },
    {
      "type": "delete-node",
      "node": {
        "label": "EASY",
        "type": "Field"
      },
      "location-before-char-start": 2656,
      "location-before-char-end": 2688,
      "node-str": "EASY"
    },
    {
      "type": "delete-node",
      "node": {
        "label": "int",
        "type": "VARIABLE_TYPE"
      },
      "location-before-char-start": 0,
      "location-before-char-end": 0,
      "node-str": "int"
    },
    {
      "type": "delete-node",
      "node": {
        "label": "final",
        "type": "Modifier"
      },
      "location-before-char-start": 0,
      "location-before-char-end": 0,
      "node-str": "final"
    },
    {
      "type": "delete-node",
      "node": {
        "label": "public",
        "type": "Modifier"
      },
      "location-before-char-start": 0,
      "location-before-char-end": 0,
      "node-str": "public"
    },
    {
      "type": "delete-node",
      "node": {
        "label": "static",
        "type": "Modifier"
      },
      "location-before-char-start": 0,
      "location-before-char-end": 0,
      "node-str": "static"
    },
    {
      "type": "delete-node",
      "node": {
        "label": "1",
        "type": "Literal"
      },
      "location-before-char-start": 2729,
      "location-before-char-end": 2729,
      "node-str": "1"
    },
    {
      "type": "delete-node",
      "node": {
        "label": "RESTRICTIVE",
        "type": "Field"
      },
      "location-before-char-start": 2691,
      "location-before-char-end": 2730,
      "node-str": "RESTRICTIVE"
    },
    {
      "type": "delete-node",
      "node": {
        "label": "javax.management.MBeanServer",
        "type": "VARIABLE_TYPE"
      },
      "location-before-char-start": 0,
      "location-before-char-end": 0,
      "node-str": "javax.management.MBeanServer"
    },
    {
      "type": "delete-node",
      "node": {
        "label": "server",
        "type": "Field"
      },
      "location-before-char-start": 2736,
      "location-before-char-end": 2876,
      "node-str": "server"
    },
    {
      "type": "delete-node",
      "node": {
        "label": "java.lang.String",
        "type": "VARIABLE_TYPE"
      },
      "location-before-char-start": 0,
      "location-before-char-end": 0,
      "node-str": "java.lang.String"
    },
    {
      "type": "delete-node",
      "node": {
        "label": "name",
        "type": "Field"
      },
      "location-before-char-start": 2880,
      "location-before-char-end": 2891,
      "node-str": "name"
    },
    {
      "type": "delete-node",
      "node": {
        "label": "javax.management.ObjectName",
        "type": "VARIABLE_TYPE"
      },
      "location-before-char-start": 0,
      "location-before-char-end": 0,
      "node-str": "javax.management.ObjectName"
    },
    {
      "type": "delete-node",
      "node": {
        "label": "jarDeployer",
        "type": "Field"
      },
      "location-before-char-start": 2900,
      "location-before-char-end": 2960,
      "node-str": "jarDeployer"
    },
    {
      "type": "delete-node",
      "node": {
        "label": "javax.management.ObjectName",
        "type": "VARIABLE_TYPE"
      },
      "location-before-char-start": 0,
      "location-before-char-end": 0,
      "node-str": "javax.management.ObjectName"
    },
    {
      "type": "delete-node",
      "node": {
        "label": "warDeployer",
        "type": "Field"
      },
      "location-before-char-start": 2965,
      "location-before-char-end": 2987,
      "node-str": "warDeployer"
    },
    {
      "type": "delete-node",
      "node": {
        "label": "java.lang.String",
        "type": "VARIABLE_TYPE"
      },
      "location-before-char-start": 0,
      "location-before-char-end": 0,
      "node-str": "java.lang.String"
    },
    {
      "type": "delete-node",
      "node": {
        "label": "jarDeployerName",
        "type": "Field"
      },
      "location-before-char-start": 2996,
      "location-before-char-end": 3018,
      "node-str": "jarDeployerName"
    },
    {
      "type": "delete-node",
      "node": {
        "label": "java.lang.String",
        "type": "VARIABLE_TYPE"
      },
      "location-before-char-start": 0,
      "location-before-char-end": 0,
      "node-str": "java.lang.String"
    },
    {
      "type": "delete-node",
      "node": {
        "label": "warDeployerName",
        "type": "Field"
      },
      "location-before-char-start": 3023,
      "location-before-char-end": 3045,
      "node-str": "warDeployerName"
    },
    {
      "type": "delete-node",
      "node": {
        "label": "int",
        "type": "VARIABLE_TYPE"
      },
      "location-before-char-start": 0,
      "location-before-char-end": 0,
      "node-str": "int"
    },
    {
      "type": "delete-node",
      "node": {
        "label": "EASY",
        "type": "FieldRead"
      },
      "location-before-char-start": 3074,
      "location-before-char-end": 3077,
      "node-str": "EASY"
    },
    {
      "type": "delete-node",
      "node": {
        "label": "classpathPolicy",
        "type": "Field"
      },
      "location-before-char-start": 3052,
      "location-before-char-end": 3078,
      "node-str": "classpathPolicy"
    },
    {
      "type": "delete-node",
      "node": {
        "label": "org.jboss.deployment.InstallerFactory",
        "type": "VARIABLE_TYPE"
      },
      "location-before-char-start": 0,
      "location-before-char-end": 0,
      "node-str": "org.jboss.deployment.InstallerFactory"
    },
    {
      "type": "delete-node",
      "node": {
        "label": "installer",
        "type": "Field"
      },
      "location-before-char-start": 3082,
      "location-before-char-end": 3108,
      "node-str": "installer"
    },
    {
      "type": "delete-node",
      "node": {
        "label": "void",
        "type": "RETURN_TYPE"
      },
      "location-before-char-start": 0,
      "location-before-char-end": 0,
      "node-str": "void"
    },
    {
      "type": "delete-node",
      "node": {
        "label": "java.lang.Exception",
        "type": "THROWS"
      },
      "location-before-char-start": 0,
      "location-before-char-end": 0,
      "node-str": "java.lang.Exception"
    },
    {
      "type": "delete-node",
      "node": {
        "label": "public",
        "type": "Modifier"
      },
      "location-before-char-start": 0,
      "location-before-char-end": 0,
      "node-str": "public"
    },
    {
      "type": "delete-node",
      "node": {
        "label": "static",
        "type": "Modifier"
      },
      "location-before-char-start": 0,
      "location-before-char-end": 0,
      "node-str": "static"
    },
    {
      "type": "delete-node",
      "node": {
        "label": "java.lang.String[]",
        "type": "VARIABLE_TYPE"
      },
      "location-before-char-start": 0,
      "location-before-char-end": 0,
      "node-str": "java.lang.String[]"
    },
    {
      "type": "delete-node",
      "node": {
        "label": "_args",
        "type": "Parameter"
      },
      "location-before-char-start": 3241,
      "location-before-char-end": 3254,
      "node-str": "_args"
    },
    {
      "type": "delete-node",
      "node": {
        "label": "org.jboss.deployment.J2eeDeployer()",
        "type": "ConstructorCall"
      },
      "location-before-char-start": 3285,
      "location-before-char-end": 3302,
      "node-str": "org.jboss.deployment.J2eeDeployer()"
    },
    {
      "type": "delete-node",
      "node": {
        "label": "_args",
        "type": "VariableRead"
      },
      "location-before-char-start": 3312,
      "location-before-char-end": 3316,
      "node-str": "_args"
    },
    {
      "type": "delete-node",
      "node": {
        "label": "0",
        "type": "Literal"
      },
      "location-before-char-start": 3318,
      "location-before-char-end": 3318,
      "node-str": "0"
    },
    {
      "type": "delete-node",
      "node": {
        "label": "",
        "type": "ArrayRead"
      },
      "location-before-char-start": 3312,
      "location-before-char-end": 3319,
      "node-str": ""
    },
    {
      "type": "delete-node",
      "node": {
        "label": "deploy",
        "type": "Invocation"
      },
      "location-before-char-start": 3285,
      "location-before-char-end": 3321,
      "node-str": "deploy"
    },
    {
      "type": "delete-node",
      "node": {
        "label": "main",
        "type": "Method"
      },
      "location-before-char-start": 3117,
      "location-before-char-end": 3326,
      "node-str": "main"
    },
    {
      "type": "delete-node",
      "node": {
        "label": "public",
        "type": "Modifier"
      },
      "location-before-char-start": 0,
      "location-before-char-end": 0,
      "node-str": "public"
    },
    {
      "type": "delete-node",
      "node": {
        "label": "\"Default\"",
        "type": "Literal"
      },
      "location-before-char-start": 3443,
      "location-before-char-end": 3451,
      "node-str": "\"Default\""
    },
    {
      "type": "delete-node",
      "node": {
        "label": "\"EJB:service\u003dContainerFactory\"",
        "type": "Literal"
      },
      "location-before-char-start": 3454,
      "location-before-char-end": 3483,
      "node-str": "\"EJB:service\u003dContainerFactory\""
    },
    {
      "type": "delete-node",
      "node": {
        "label": "\":service\u003dEmbeddedTomcat\"",
        "type": "Literal"
      },
      "location-before-char-start": 3486,
      "location-before-char-end": 3510,
      "node-str": "\":service\u003dEmbeddedTomcat\""
    },
    {
      "type": "delete-node",
      "node": {
        "label": "\u003cinit\u003e",
        "type": "Invocation"
      },
      "location-before-char-start": 3438,
      "location-before-char-end": 3512,
      "node-str": "\u003cinit\u003e"
    },
    {
      "type": "delete-node",
      "node": {
        "label": "\u003cinit\u003e",
        "type": "Constructor"
      },
      "location-before-char-start": 3335,
      "location-before-char-end": 3517,
      "node-str": "\u003cinit\u003e"
    },
    {
      "type": "delete-node",
      "node": {
        "label": "public",
        "type": "Modifier"
      },
      "location-before-char-start": 0,
      "location-before-char-end": 0,
      "node-str": "public"
    },
    {
      "type": "delete-node",
      "node": {
        "label": "java.lang.String",
        "type": "VARIABLE_TYPE"
      },
      "location-before-char-start": 0,
      "location-before-char-end": 0,
      "node-str": "java.lang.String"
    },
    {
      "type": "delete-node",
      "node": {
        "label": "_name",
        "type": "Parameter"
      },
      "location-before-char-start": 3547,
      "location-before-char-end": 3558,
      "node-str": "_name"
    },
    {
      "type": "delete-node",
      "node": {
        "label": "java.lang.String",
        "type": "VARIABLE_TYPE"
      },
      "location-before-char-start": 0,
      "location-before-char-end": 0,
      "node-str": "java.lang.String"
    },
    {
      "type": "delete-node",
      "node": {
        "label": "jarDeployerName",
        "type": "Parameter"
      },
      "location-before-char-start": 3561,
      "location-before-char-end": 3582,
      "node-str": "jarDeployerName"
    },
    {
      "type": "delete-node",
      "node": {
        "label": "java.lang.String",
        "type": "VARIABLE_TYPE"
      },
      "location-before-char-start": 0,
      "location-before-char-end": 0,
      "node-str": "java.lang.String"
    },
    {
      "type": "delete-node",
      "node": {
        "label": "warDeployerName",
        "type": "Parameter"
      },
      "location-before-char-start": 3585,
      "location-before-char-end": 3606,
      "node-str": "warDeployerName"
    },
    {
      "type": "delete-node",
      "node": {
        "label": "org.jboss.deployment.J2eeDeployer",
        "type": "TypeAccess"
      },
      "location-before-char-start": 0,
      "location-before-char-end": 0,
      "node-str": "org.jboss.deployment.J2eeDeployer"
    },
    {
      "type": "delete-node",
      "node": {
        "label": "_name",
        "type": "VariableRead"
      },
      "location-before-char-start": 3636,
      "location-before-char-end": 3640,
      "node-str": "_name"
    },
    {
      "type": "delete-node",
      "node": {
        "label": "setDeployerName",
        "type": "Invocation"
      },
      "location-before-char-start": 3620,
      "location-before-char-end": 3642,
      "node-str": "setDeployerName"
    },
    {
      "type": "delete-node",
      "node": {
        "label": "org.jboss.deployment.J2eeDeployer",
        "type": "TypeAccess"
      },
      "location-before-char-start": 0,
      "location-before-char-end": 0,
      "node-str": "org.jboss.deployment.J2eeDeployer"
    },
    {
      "type": "delete-node",
      "node": {
        "label": "jarDeployerName",
        "type": "VariableRead"
      },
      "location-before-char-start": 3669,
      "location-before-char-end": 3683,
      "node-str": "jarDeployerName"
    },
    {
      "type": "delete-node",
      "node": {
        "label": "setJarDeployerName",
        "type": "Invocation"
      },
      "location-before-char-start": 3650,
      "location-before-char-end": 3685,
      "node-str": "setJarDeployerName"
    },
    {
      "type": "delete-node",
      "node": {
        "label": "org.jboss.deployment.J2eeDeployer",
        "type": "TypeAccess"
      },
      "location-before-char-start": 0,
      "location-before-char-end": 0,
      "node-str": "org.jboss.deployment.J2eeDeployer"
    },
    {
      "type": "delete-node",
      "node": {
        "label": "warDeployerName",
        "type": "VariableRead"
      },
      "location-before-char-start": 3712,
      "location-before-char-end": 3726,
      "node-str": "warDeployerName"
    },
    {
      "type": "delete-node",
      "node": {
        "label": "setWarDeployerName",
        "type": "Invocation"
      },
      "location-before-char-start": 3693,
      "location-before-char-end": 3728,
      "node-str": "setWarDeployerName"
    },
    {
      "type": "delete-node",
      "node": {
        "label": "\u003cinit\u003e",
        "type": "Constructor"
      },
      "location-before-char-start": 3526,
      "location-before-char-end": 3733,
      "node-str": "\u003cinit\u003e"
    },
    {
      "type": "delete-node",
      "node": {
        "label": "java.lang.String",
        "type": "RETURN_TYPE"
      },
      "location-before-char-start": 0,
      "location-before-char-end": 0,
      "node-str": "java.lang.String"
    },
    {
      "type": "delete-node",
      "node": {
        "label": "public",
        "type": "Modifier"
      },
      "location-before-char-start": 0,
      "location-before-char-end": 0,
      "node-str": "public"
    },
    {
      "type": "delete-node",
      "node": {
        "label": "org.jboss.deployment.J2eeDeployer",
        "type": "TypeAccess"
      },
      "location-before-char-start": 0,
      "location-before-char-end": 0,
      "node-str": "org.jboss.deployment.J2eeDeployer"
    },
    {
      "type": "delete-node",
      "node": {
        "label": "jarDeployerName",
        "type": "FieldRead"
      },
      "location-before-char-start": 4159,
      "location-before-char-end": 4173,
      "node-str": "jarDeployerName"
    },
    {
      "type": "delete-node",
      "node": {
        "label": "return",
        "type": "Return"
      },
      "location-before-char-start": 4152,
      "location-before-char-end": 4174,
      "node-str": "return"
    },
    {
      "type": "delete-node",
      "node": {
        "label": "getJarDeployerName",
        "type": "Method"
      },
      "location-before-char-start": 4106,
      "location-before-char-end": 4179,
      "node-str": "getJarDeployerName"
    },
    {
      "type": "delete-node",
      "node": {
        "label": "java.lang.String",
        "type": "RETURN_TYPE"
      },
      "location-before-char-start": 0,
      "location-before-char-end": 0,
      "node-str": "java.lang.String"
    },
    {
      "type": "delete-node",
      "node": {
        "label": "public",
        "type": "Modifier"
      },
      "location-before-char-start": 0,
      "location-before-char-end": 0,
      "node-str": "public"
    },
    {
      "type": "delete-node",
      "node": {
        "label": "org.jboss.deployment.J2eeDeployer",
        "type": "TypeAccess"
      },
      "location-before-char-start": 0,
      "location-before-char-end": 0,
      "node-str": "org.jboss.deployment.J2eeDeployer"
    },
    {
      "type": "delete-node",
      "node": {
        "label": "warDeployerName",
        "type": "FieldRead"
      },
      "location-before-char-start": 4356,
      "location-before-char-end": 4370,
      "node-str": "warDeployerName"
    },
    {
      "type": "delete-node",
      "node": {
        "label": "return",
        "type": "Return"
      },
      "location-before-char-start": 4349,
      "location-before-char-end": 4371,
      "node-str": "return"
    },
    {
      "type": "delete-node",
      "node": {
        "label": "getWarDeployerName",
        "type": "Method"
      },
      "location-before-char-start": 4303,
      "location-before-char-end": 4376,
      "node-str": "getWarDeployerName"
    },
    {
      "type": "delete-node",
      "node": {
        "label": "void",
        "type": "RETURN_TYPE"
      },
      "location-before-char-start": 0,
      "location-before-char-end": 0,
      "node-str": "void"
    },
    {
      "type": "delete-node",
      "node": {
        "label": "java.net.MalformedURLException",
        "type": "THROWS"
      },
      "location-before-char-start": 0,
      "location-before-char-end": 0,
      "node-str": "java.net.MalformedURLException"
    },
    {
      "type": "delete-node",
      "node": {
        "label": "java.io.IOException",
        "type": "THROWS"
      },
      "location-before-char-start": 0,
      "location-before-char-end": 0,
      "node-str": "java.io.IOException"
    },
    {
      "type": "delete-node",
      "node": {
        "label": "org.jboss.deployment.J2eeDeploymentException",
        "type": "THROWS"
      },
      "location-before-char-start": 0,
      "location-before-char-end": 0,
      "node-str": "org.jboss.deployment.J2eeDeploymentException"
    },
    {
      "type": "delete-node",
      "node": {
        "label": "public",
        "type": "Modifier"
      },
      "location-before-char-start": 0,
      "location-before-char-end": 0,
      "node-str": "public"
    },
    {
      "type": "delete-node",
      "node": {
        "label": "java.lang.String",
        "type": "VARIABLE_TYPE"
      },
      "location-before-char-start": 0,
      "location-before-char-end": 0,
      "node-str": "java.lang.String"
    },
    {
      "type": "delete-node",
      "node": {
        "label": "_url",
        "type": "Parameter"
      },
      "location-before-char-start": 5312,
      "location-before-char-end": 5322,
      "node-str": "_url"
    },
    {
      "type": "delete-node",
      "node": {
        "label": "java.net.URL",
        "type": "VARIABLE_TYPE"
      },
      "location-before-char-start": 0,
      "location-before-char-end": 0,
      "node-str": "java.net.URL"
    },
    {
      "type": "delete-node",
      "node": {
        "label": "_url",
        "type": "VariableRead"
      },
      "location-before-char-start": 5422,
      "location-before-char-end": 5425,
      "node-str": "_url"
    },
    {
      "type": "delete-node",
      "node": {
        "label": "java.net.URL(java.lang.String)",
        "type": "ConstructorCall"
      },
      "location-before-char-start": 5413,
      "location-before-char-end": 5426,
      "node-str": "java.net.URL(java.lang.String)"
    },
    {
      "type": "delete-node",
      "node": {
        "label": "url",
        "type": "LocalVariable"
      },
      "location-before-char-start": 5403,
      "location-before-char-end": 5427,
      "node-str": "url"
    },
    {
      "type": "delete-node",
      "node": {
        "label": "org.jboss.deployment.J2eeDeployer",
        "type": "TypeAccess"
      },
      "location-before-char-start": 0,
      "location-before-char-end": 0,
      "node-str": "org.jboss.deployment.J2eeDeployer"
    },
    {
      "type": "delete-node",
      "node": {
        "label": "_url",
        "type": "VariableRead"
      },
      "location-before-char-start": 5517,
      "location-before-char-end": 5520,
      "node-str": "_url"
    },
    {
      "type": "delete-node",
      "node": {
        "label": "undeploy",
        "type": "Invocation"
      },
      "location-before-char-start": 5507,
      "location-before-char-end": 5522,
      "node-str": "undeploy"
    },
    {
      "type": "delete-node",
      "node": {
        "label": "java.lang.Exception",
        "type": "VARIABLE_TYPE"
      },
      "location-before-char-start": 0,
      "location-before-char-end": 0,
      "node-str": "java.lang.Exception"
    },
    {
      "type": "delete-node",
      "node": {
        "label": "_e",
        "type": "CatchVariable"
      },
      "location-before-char-start": 5545,
      "location-before-char-end": 5556,
      "node-str": "_e"
    },
    {
      "type": "delete-node",
      "node": {
        "label": "",
        "type": "Catch"
      },
      "location-before-char-start": 5531,
      "location-before-char-end": 5566,
      "node-str": ""
    },
    {
      "type": "delete-node",
      "node": {
        "label": "",
        "type": "Try"
      },
      "location-before-char-start": 5486,
      "location-before-char-end": 5566,
      "node-str": ""
    },
    {
      "type": "delete-node",
      "node": {
        "label": "log",
        "type": "FieldRead"
      },
      "location-before-char-start": 5608,
      "location-before-char-end": 5610,
      "node-str": "log"
    },
    {
      "type": "delete-node",
      "node": {
        "label": "\"Deploy J2EE application: \"",
        "type": "Literal"
      },
      "location-before-char-start": 5617,
      "location-before-char-end": 5643,
      "node-str": "\"Deploy J2EE application: \""
    },
    {
      "type": "delete-node",
      "node": {
        "label": "_url",
        "type": "VariableRead"
      },
      "location-before-char-start": 5647,
      "location-before-char-end": 5650,
      "node-str": "_url"
    },
    {
      "type": "delete-node",
      "node": {
        "label": "PLUS",
        "type": "BinaryOperator"
      },
      "location-before-char-start": 5617,
      "location-before-char-end": 5650,
      "node-str": "PLUS"
    },
    {
      "type": "delete-node",
      "node": {
        "label": "log",
        "type": "Invocation"
      },
      "location-before-char-start": 5608,
      "location-before-char-end": 5652,
      "node-str": "log"
    },
    {
      "type": "delete-node",
      "node": {
        "label": "org.jboss.deployment.Deployment",
        "type": "VARIABLE_TYPE"
      },
      "location-before-char-start": 0,
      "location-before-char-end": 0,
      "node-str": "org.jboss.deployment.Deployment"
    },
    {
      "type": "delete-node",
      "node": {
        "label": "org.jboss.deployment.J2eeDeployer",
        "type": "TypeAccess"
      },
      "location-before-char-start": 0,
      "location-before-char-end": 0,
      "node-str": "org.jboss.deployment.J2eeDeployer"
    },
    {
      "type": "delete-node",
      "node": {
        "label": "url",
        "type": "VariableRead"
      },
      "location-before-char-start": 5702,
      "location-before-char-end": 5704,
      "node-str": "url"
    },
    {
      "type": "delete-node",
      "node": {
        "label": "installApplication",
        "type": "Invocation"
      },
      "location-before-char-start": 5682,
      "location-before-char-end": 5705,
      "node-str": "installApplication"
    },
    {
      "type": "delete-node",
      "node": {
        "label": "d",
        "type": "LocalVariable"
      },
      "location-before-char-start": 5667,
      "location-before-char-end": 5706,
      "node-str": "d"
    },
    {
      "type": "delete-node",
      "node": {
        "label": "org.jboss.deployment.J2eeDeployer",
        "type": "TypeAccess"
      },
      "location-before-char-start": 0,
      "location-before-char-end": 0,
      "node-str": "org.jboss.deployment.J2eeDeployer"
    },
    {
      "type": "delete-node",
      "node": {
        "label": "d",
        "type": "VariableRead"
      },
      "location-before-char-start": 5743,
      "location-before-char-end": 5743,
      "node-str": "d"
    },
    {
      "type": "delete-node",
      "node": {
        "label": "startApplication",
        "type": "Invocation"
      },
      "location-before-char-start": 5725,
      "location-before-char-end": 5745,
      "node-str": "startApplication"
    },
    {
      "type": "delete-node",
      "node": {
        "label": "log",
        "type": "FieldRead"
      },
      "location-before-char-start": 5751,
      "location-before-char-end": 5753,
      "node-str": "log"
    },
    {
      "type": "delete-node",
      "node": {
        "label": "\"J2EE application: \"",
        "type": "Literal"
      },
      "location-before-char-start": 5760,
      "location-before-char-end": 5779,
      "node-str": "\"J2EE application: \""
    },
    {
      "type": "delete-node",
      "node": {
        "label": "_url",
        "type": "VariableRead"
      },
      "location-before-char-start": 5783,
      "location-before-char-end": 5786,
      "node-str": "_url"
    },
    {
      "type": "delete-node",
      "node": {
        "label": "PLUS",
        "type": "BinaryOperator"
      },
      "location-before-char-start": 5760,
      "location-before-char-end": 5786,
      "node-str": "PLUS"
    },
    {
      "type": "delete-node",
      "node": {
        "label": "\" is deployed.\"",
        "type": "Literal"
      },
      "location-before-char-start": 5790,
      "location-before-char-end": 5804,
      "node-str": "\" is deployed.\""
    },
    {
      "type": "delete-node",
      "node": {
        "label": "PLUS",
        "type": "BinaryOperator"
      },
      "location-before-char-start": 5760,
      "location-before-char-end": 5804,
      "node-str": "PLUS"
    },
    {
      "type": "delete-node",
      "node": {
        "label": "log",
        "type": "Invocation"
      },
      "location-before-char-start": 5751,
      "location-before-char-end": 5806,
      "node-str": "log"
    },
    {
      "type": "delete-node",
      "node": {
        "label": "",
        "type": "Try"
      },
      "location-before-char-start": 5712,
      "location-before-char-end": 6410,
      "node-str": ""
    },
    {
      "type": "delete-node",
      "node": {
        "label": "deploy",
        "type": "Method"
      },
      "location-before-char-start": 4868,
      "location-before-char-end": 6415,
      "node-str": "deploy"
    },
    {
      "type": "delete-node",
      "node": {
        "label": "J2eeDeployer",
        "type": "Class"
      },
      "location-before-char-start": 1475,
      "location-before-char-end": 21545,
      "node-str": "J2eeDeployer"
    }
  ],
  "before-file": {},
  "after-file": {},
  "mapping": {}
}