{
  "tool-info": {},
  "diff": [
    {
      "type": "insert-node",
      "node": {
        "label": "Main",
        "type": "Class"
      },
      "location-after-char-start": 1906,
      "location-after-char-end": 4711,
      "node-str": "Main"
    },
    {
      "type": "insert-node",
      "node": {
        "label": "public",
        "type": "Modifier"
      },
      "location-after-char-start": 0,
      "location-after-char-end": 0,
      "node-str": "public"
    },
    {
      "type": "insert-node",
      "node": {
        "label": "\u003cinit\u003e",
        "type": "Constructor"
      },
      "location-after-char-start": 1931,
      "location-after-char-end": 1947,
      "node-str": "\u003cinit\u003e"
    },
    {
      "type": "insert-node",
      "node": {
        "label": "main",
        "type": "Method"
      },
      "location-after-char-start": 1960,
      "location-after-char-end": 4708,
      "node-str": "main"
    },
    {
      "type": "insert-node",
      "node": {
        "label": "void",
        "type": "RETURN_TYPE"
      },
      "location-after-char-start": 0,
      "location-after-char-end": 0,
      "node-str": "void"
    },
    {
      "type": "insert-node",
      "node": {
        "label": "public",
        "type": "Modifier"
      },
      "location-after-char-start": 0,
      "location-after-char-end": 0,
      "node-str": "public"
    },
    {
      "type": "insert-node",
      "node": {
        "label": "static",
        "type": "Modifier"
      },
      "location-after-char-start": 0,
      "location-after-char-end": 0,
      "node-str": "static"
    },
    {
      "type": "insert-node",
      "node": {
        "label": "args",
        "type": "Parameter"
      },
      "location-after-char-start": 1984,
      "location-after-char-end": 1996,
      "node-str": "args"
    },
    {
      "type": "insert-node",
      "node": {
        "label": "cmdLineParser",
        "type": "LocalVariable"
      },
      "location-after-char-start": 2016,
      "location-after-char-end": 2079,
      "node-str": "cmdLineParser"
    },
    {
      "type": "insert-node",
      "node": {
        "label": "",
        "type": "Try"
      },
      "location-after-char-start": 2090,
      "location-after-char-end": 2277,
      "node-str": ""
    },
    {
      "type": "insert-node",
      "node": {
        "label": "path",
        "type": "LocalVariable"
      },
      "location-after-char-start": 2343,
      "location-after-char-end": 2386,
      "node-str": "path"
    },
    {
      "type": "insert-node",
      "node": {
        "label": "\u003d",
        "type": "Assignment"
      },
      "location-after-char-start": 2397,
      "location-after-char-end": 2468,
      "node-str": "\u003d"
    },
    {
      "type": "insert-node",
      "node": {
        "label": "addDefaultFileHandler",
        "type": "Invocation"
      },
      "location-after-char-start": 2607,
      "location-after-char-end": 2644,
      "node-str": "addDefaultFileHandler"
    },
    {
      "type": "insert-node",
      "node": {
        "label": "passToRunningSessionAndExit",
        "type": "Invocation"
      },
      "location-after-char-start": 2665,
      "location-after-char-end": 2716,
      "node-str": "passToRunningSessionAndExit"
    },
    {
      "type": "insert-node",
      "node": {
        "label": "frame",
        "type": "LocalVariable"
      },
      "location-after-char-start": 2751,
      "location-after-char-end": 2790,
      "node-str": "frame"
    },
    {
      "type": "insert-node",
      "node": {
        "label": "setVisible",
        "type": "Invocation"
      },
      "location-after-char-start": 2801,
      "location-after-char-end": 2823,
      "node-str": "setVisible"
    },
    {
      "type": "insert-node",
      "node": {
        "label": "addressbook",
        "type": "LocalVariable"
      },
      "location-after-char-start": 2844,
      "location-after-char-end": 2895,
      "node-str": "addressbook"
    },
    {
      "type": "insert-node",
      "node": {
        "label": "initConfiguration",
        "type": "Invocation"
      },
      "location-after-char-start": 2906,
      "location-after-char-end": 2937,
      "node-str": "initConfiguration"
    },
    {
      "type": "insert-node",
      "node": {
        "label": "mail",
        "type": "LocalVariable"
      },
      "location-after-char-start": 2950,
      "location-after-char-end": 2980,
      "node-str": "mail"
    },
    {
      "type": "insert-node",
      "node": {
        "label": "initConfiguration",
        "type": "Invocation"
      },
      "location-after-char-start": 2991,
      "location-after-char-end": 3015,
      "node-str": "initConfiguration"
    },
    {
      "type": "insert-node",
      "node": {
        "label": "init",
        "type": "Invocation"
      },
      "location-after-char-start": 3028,
      "location-after-char-end": 3055,
      "node-str": "init"
    },
    {
      "type": "insert-node",
      "node": {
        "label": "loadLanguage",
        "type": "Invocation"
      },
      "location-after-char-start": 3115,
      "location-after-char-end": 3150,
      "node-str": "loadLanguage"
    },
    {
      "type": "insert-node",
      "node": {
        "label": "\u003d",
        "type": "Assignment"
      },
      "location-after-char-start": 3171,
      "location-after-char-end": 3226,
      "node-str": "\u003d"
    },
    {
      "type": "insert-node",
      "node": {
        "label": "\u003d",
        "type": "Assignment"
      },
      "location-after-char-start": 3237,
      "location-after-char-end": 3284,
      "node-str": "\u003d"
    },
    {
      "type": "insert-node",
      "node": {
        "label": "\u003d",
        "type": "Assignment"
      },
      "location-after-char-start": 3297,
      "location-after-char-end": 3352,
      "node-str": "\u003d"
    },
    {
      "type": "insert-node",
      "node": {
        "label": "\u003d",
        "type": "Assignment"
      },
      "location-after-char-start": 3365,
      "location-after-char-end": 3414,
      "node-str": "\u003d"
    },
    {
      "type": "insert-node",
      "node": {
        "label": "registerHandler",
        "type": "Invocation"
      },
      "location-after-char-start": 3427,
      "location-after-char-end": 3496,
      "node-str": "registerHandler"
    },
    {
      "type": "insert-node",
      "node": {
        "label": "registerHandler",
        "type": "Invocation"
      },
      "location-after-char-start": 3509,
      "location-after-char-end": 3586,
      "node-str": "registerHandler"
    },
    {
      "type": "insert-node",
      "node": {
        "label": "registerHandler",
        "type": "Invocation"
      },
      "location-after-char-start": 3599,
      "location-after-char-end": 3669,
      "node-str": "registerHandler"
    },
    {
      "type": "insert-node",
      "node": {
        "label": "registerHandler",
        "type": "Invocation"
      },
      "location-after-char-start": 3682,
      "location-after-char-end": 3791,
      "node-str": "registerHandler"
    },
    {
      "type": "insert-node",
      "node": {
        "label": "registerHandler",
        "type": "Invocation"
      },
      "location-after-char-start": 3802,
      "location-after-char-end": 3872,
      "node-str": "registerHandler"
    },
    {
      "type": "insert-node",
      "node": {
        "label": "registerHandler",
        "type": "Invocation"
      },
      "location-after-char-start": 3885,
      "location-after-char-end": 3954,
      "node-str": "registerHandler"
    },
    {
      "type": "insert-node",
      "node": {
        "label": "registerHandler",
        "type": "Invocation"
      },
      "location-after-char-start": 3967,
      "location-after-char-end": 4036,
      "node-str": "registerHandler"
    },
    {
      "type": "insert-node",
      "node": {
        "label": "\u003d",
        "type": "Assignment"
      },
      "location-after-char-start": 4049,
      "location-after-char-end": 4114,
      "node-str": "\u003d"
    },
    {
      "type": "insert-node",
      "node": {
        "label": "initPlugins",
        "type": "Invocation"
      },
      "location-after-char-start": 4127,
      "location-after-char-end": 4152,
      "node-str": "initPlugins"
    },
    {
      "type": "insert-node",
      "node": {
        "label": "initPlugins",
        "type": "Invocation"
      },
      "location-after-char-start": 4163,
      "location-after-char-end": 4181,
      "node-str": "initPlugins"
    },
    {
      "type": "insert-node",
      "node": {
        "label": "initPlugins",
        "type": "Invocation"
      },
      "location-after-char-start": 4194,
      "location-after-char-end": 4235,
      "node-str": "initPlugins"
    },
    {
      "type": "insert-node",
      "node": {
        "label": "setTheme",
        "type": "Invocation"
      },
      "location-after-char-start": 4248,
      "location-after-char-end": 4272,
      "node-str": "setTheme"
    },
    {
      "type": "insert-node",
      "node": {
        "label": "org.columba.core.gui.util.FontProperties()",
        "type": "ConstructorCall"
      },
      "location-after-char-start": 4321,
      "location-after-char-end": 4341,
      "node-str": "org.columba.core.gui.util.FontProperties()"
    },
    {
      "type": "insert-node",
      "node": {
        "label": "setFont",
        "type": "Invocation"
      },
      "location-after-char-start": 4392,
      "location-after-char-end": 4416,
      "node-str": "setFont"
    },
    {
      "type": "insert-node",
      "node": {
        "label": "initGui",
        "type": "Invocation"
      },
      "location-after-char-start": 4499,
      "location-after-char-end": 4520,
      "node-str": "initGui"
    },
    {
      "type": "insert-node",
      "node": {
        "label": "initGui",
        "type": "Invocation"
      },
      "location-after-char-start": 4533,
      "location-after-char-end": 4547,
      "node-str": "initGui"
    },
    {
      "type": "insert-node",
      "node": {
        "label": "\u003d",
        "type": "Assignment"
      },
      "location-after-char-start": 4568,
      "location-after-char-end": 4611,
      "node-str": "\u003d"
    },
    {
      "type": "insert-node",
      "node": {
        "label": "setVisible",
        "type": "Invocation"
      },
      "location-after-char-start": 4624,
      "location-after-char-end": 4647,
      "node-str": "setVisible"
    },
    {
      "type": "insert-node",
      "node": {
        "label": "java.lang.Object()",
        "type": "ConstructorCall"
      },
      "location-after-char-start": 4660,
      "location-after-char-end": 4701,
      "node-str": "java.lang.Object()"
    },
    {
      "type": "insert-node",
      "node": {
        "label": "java.lang.String[]",
        "type": "VARIABLE_TYPE"
      },
      "location-after-char-start": 0,
      "location-after-char-end": 0,
      "node-str": "java.lang.String[]"
    },
    {
      "type": "insert-node",
      "node": {
        "label": "org.columba.core.main.ColumbaCmdLineParser",
        "type": "VARIABLE_TYPE"
      },
      "location-after-char-start": 0,
      "location-after-char-end": 0,
      "node-str": "org.columba.core.main.ColumbaCmdLineParser"
    },
    {
      "type": "insert-node",
      "node": {
        "label": "org.columba.core.main.ColumbaCmdLineParser()",
        "type": "ConstructorCall"
      },
      "location-after-char-start": 2053,
      "location-after-char-end": 2078,
      "node-str": "org.columba.core.main.ColumbaCmdLineParser()"
    },
    {
      "type": "insert-node",
      "node": {
        "label": "parseCmdLine",
        "type": "Invocation"
      },
      "location-after-char-start": 2109,
      "location-after-char-end": 2141,
      "node-str": "parseCmdLine"
    },
    {
      "type": "insert-node",
      "node": {
        "label": "",
        "type": "Catch"
      },
      "location-after-char-start": 2153,
      "location-after-char-end": 2277,
      "node-str": ""
    },
    {
      "type": "insert-node",
      "node": {
        "label": "java.lang.String",
        "type": "VARIABLE_TYPE"
      },
      "location-after-char-start": 0,
      "location-after-char-end": 0,
      "node-str": "java.lang.String"
    },
    {
      "type": "insert-node",
      "node": {
        "label": "getPathOption",
        "type": "Invocation"
      },
      "location-after-char-start": 2357,
      "location-after-char-end": 2385,
      "node-str": "getPathOption"
    },
    {
      "type": "insert-node",
      "node": {
        "label": "config",
        "type": "FieldWrite"
      },
      "location-after-char-start": 2397,
      "location-after-char-end": 2416,
      "node-str": "config"
    },
    {
      "type": "insert-node",
      "node": {
        "label": "org.columba.core.config.Config(java.lang.Object)",
        "type": "ConstructorCall"
      },
      "location-after-char-start": 2420,
      "location-after-char-end": 2467,
      "node-str": "org.columba.core.config.Config(java.lang.Object)"
    },
    {
      "type": "insert-node",
      "node": {
        "label": "org.columba.core.logging.ColumbaLogger",
        "type": "TypeAccess"
      },
      "location-after-char-start": 2607,
      "location-after-char-end": 2619,
      "node-str": "org.columba.core.logging.ColumbaLogger"
    },
    {
      "type": "insert-node",
      "node": {
        "label": "org.columba.core.session.SessionController",
        "type": "TypeAccess"
      },
      "location-after-char-start": 2665,
      "location-after-char-end": 2681,
      "node-str": "org.columba.core.session.SessionController"
    },
    {
      "type": "insert-node",
      "node": {
        "label": "args",
        "type": "VariableRead"
      },
      "location-after-char-start": 2711,
      "location-after-char-end": 2714,
      "node-str": "args"
    },
    {
      "type": "insert-node",
      "node": {
        "label": "org.columba.core.gui.util.StartUpFrame",
        "type": "VARIABLE_TYPE"
      },
      "location-after-char-start": 0,
      "location-after-char-end": 0,
      "node-str": "org.columba.core.gui.util.StartUpFrame"
    },
    {
      "type": "insert-node",
      "node": {
        "label": "org.columba.core.gui.util.StartUpFrame()",
        "type": "ConstructorCall"
      },
      "location-after-char-start": 2772,
      "location-after-char-end": 2789,
      "node-str": "org.columba.core.gui.util.StartUpFrame()"
    },
    {
      "type": "insert-node",
      "node": {
        "label": "frame",
        "type": "VariableRead"
      },
      "location-after-char-start": 2801,
      "location-after-char-end": 2805,
      "node-str": "frame"
    },
    {
      "type": "insert-node",
      "node": {
        "label": "true",
        "type": "Literal"
      },
      "location-after-char-start": 2818,
      "location-after-char-end": 2821,
      "node-str": "true"
    },
    {
      "type": "insert-node",
      "node": {
        "label": "org.columba.addressbook.main.AddressbookMain",
        "type": "VARIABLE_TYPE"
      },
      "location-after-char-start": 0,
      "location-after-char-end": 0,
      "node-str": "org.columba.addressbook.main.AddressbookMain"
    },
    {
      "type": "insert-node",
      "node": {
        "label": "org.columba.addressbook.main.AddressbookMain()",
        "type": "ConstructorCall"
      },
      "location-after-char-start": 2874,
      "location-after-char-end": 2894,
      "node-str": "org.columba.addressbook.main.AddressbookMain()"
    },
    {
      "type": "insert-node",
      "node": {
        "label": "addressbook",
        "type": "VariableRead"
      },
      "location-after-char-start": 2906,
      "location-after-char-end": 2916,
      "node-str": "addressbook"
    },
    {
      "type": "insert-node",
      "node": {
        "label": "org.columba.mail.main.MailMain",
        "type": "VARIABLE_TYPE"
      },
      "location-after-char-start": 0,
      "location-after-char-end": 0,
      "node-str": "org.columba.mail.main.MailMain"
    },
    {
      "type": "insert-node",
      "node": {
        "label": "org.columba.mail.main.MailMain()",
        "type": "ConstructorCall"
      },
      "location-after-char-start": 2966,
      "location-after-char-end": 2979,
      "node-str": "org.columba.mail.main.MailMain()"
    },
    {
      "type": "insert-node",
      "node": {
        "label": "mail",
        "type": "VariableRead"
      },
      "location-after-char-start": 2991,
      "location-after-char-end": 2994,
      "node-str": "mail"
    },
    {
      "type": "insert-node",
      "node": {
        "label": "MainInterface.config",
        "type": "TypeAccess"
      },
      "location-after-char-start": 3028,
      "location-after-char-end": 3047,
      "node-str": "MainInterface.config"
    },
    {
      "type": "insert-node",
      "node": {
        "label": "org.columba.core.util.GlobalResourceLoader",
        "type": "TypeAccess"
      },
      "location-after-char-start": 3115,
      "location-after-char-end": 3134,
      "node-str": "org.columba.core.util.GlobalResourceLoader"
    },
    {
      "type": "insert-node",
      "node": {
        "label": "clipboardManager",
        "type": "FieldWrite"
      },
      "location-after-char-start": 3171,
      "location-after-char-end": 3200,
      "node-str": "clipboardManager"
    },
    {
      "type": "insert-node",
      "node": {
        "label": "org.columba.core.gui.ClipboardManager()",
        "type": "ConstructorCall"
      },
      "location-after-char-start": 3204,
      "location-after-char-end": 3225,
      "node-str": "org.columba.core.gui.ClipboardManager()"
    },
    {
      "type": "insert-node",
      "node": {
        "label": "focusManager",
        "type": "FieldWrite"
      },
      "location-after-char-start": 3237,
      "location-after-char-end": 3262,
      "node-str": "focusManager"
    },
    {
      "type": "insert-node",
      "node": {
        "label": "org.columba.core.gui.focus.FocusManager()",
        "type": "ConstructorCall"
      },
      "location-after-char-start": 3266,
      "location-after-char-end": 3283,
      "node-str": "org.columba.core.gui.focus.FocusManager()"
    },
    {
      "type": "insert-node",
      "node": {
        "label": "processor",
        "type": "FieldWrite"
      },
      "location-after-char-start": 3297,
      "location-after-char-end": 3319,
      "node-str": "processor"
    },
    {
      "type": "insert-node",
      "node": {
        "label": "org.columba.core.command.DefaultCommandProcessor()",
        "type": "ConstructorCall"
      },
      "location-after-char-start": 3323,
      "location-after-char-end": 3351,
      "node-str": "org.columba.core.command.DefaultCommandProcessor()"
    },
    {
      "type": "insert-node",
      "node": {
        "label": "pluginManager",
        "type": "FieldWrite"
      },
      "location-after-char-start": 3365,
      "location-after-char-end": 3391,
      "node-str": "pluginManager"
    },
    {
      "type": "insert-node",
      "node": {
        "label": "org.columba.core.plugin.PluginManager()",
        "type": "ConstructorCall"
      },
      "location-after-char-start": 3395,
      "location-after-char-end": 3413,
      "node-str": "org.columba.core.plugin.PluginManager()"
    },
    {
      "type": "insert-node",
      "node": {
        "label": "MainInterface.pluginManager",
        "type": "TypeAccess"
      },
      "location-after-char-start": 3427,
      "location-after-char-end": 3453,
      "node-str": "MainInterface.pluginManager"
    },
    {
      "type": "insert-node",
      "node": {
        "label": "org.columba.core.plugin.InterpreterHandler()",
        "type": "ConstructorCall"
      },
      "location-after-char-start": 3471,
      "location-after-char-end": 3494,
      "node-str": "org.columba.core.plugin.InterpreterHandler()"
    },
    {
      "type": "insert-node",
      "node": {
        "label": "MainInterface.pluginManager",
        "type": "TypeAccess"
      },
      "location-after-char-start": 3509,
      "location-after-char-end": 3535,
      "node-str": "MainInterface.pluginManager"
    },
    {
      "type": "insert-node",
      "node": {
        "label": "org.columba.core.plugin.ExternalToolsPluginHandler()",
        "type": "ConstructorCall"
      },
      "location-after-char-start": 3553,
      "location-after-char-end": 3584,
      "node-str": "org.columba.core.plugin.ExternalToolsPluginHandler()"
    },
    {
      "type": "insert-node",
      "node": {
        "label": "MainInterface.pluginManager",
        "type": "TypeAccess"
      },
      "location-after-char-start": 3599,
      "location-after-char-end": 3625,
      "node-str": "MainInterface.pluginManager"
    },
    {
      "type": "insert-node",
      "node": {
        "label": "org.columba.core.plugin.ActionPluginHandler()",
        "type": "ConstructorCall"
      },
      "location-after-char-start": 3643,
      "location-after-char-end": 3667,
      "node-str": "org.columba.core.plugin.ActionPluginHandler()"
    },
    {
      "type": "insert-node",
      "node": {
        "label": "MainInterface.pluginManager",
        "type": "TypeAccess"
      },
      "location-after-char-start": 3682,
      "location-after-char-end": 3708,
      "node-str": "MainInterface.pluginManager"
    },
    {
      "type": "insert-node",
      "node": {
        "label": "org.columba.core.plugin.MenuPluginHandler(java.lang.String)",
        "type": "ConstructorCall"
      },
      "location-after-char-start": 3726,
      "location-after-char-end": 3789,
      "node-str": "org.columba.core.plugin.MenuPluginHandler(java.lang.String)"
    },
    {
      "type": "insert-node",
      "node": {
        "label": "MainInterface.pluginManager",
        "type": "TypeAccess"
      },
      "location-after-char-start": 3802,
      "location-after-char-end": 3828,
      "node-str": "MainInterface.pluginManager"
    },
    {
      "type": "insert-node",
      "node": {
        "label": "org.columba.core.plugin.ConfigPluginHandler()",
        "type": "ConstructorCall"
      },
      "location-after-char-start": 3846,
      "location-after-char-end": 3870,
      "node-str": "org.columba.core.plugin.ConfigPluginHandler()"
    },
    {
      "type": "insert-node",
      "node": {
        "label": "MainInterface.pluginManager",
        "type": "TypeAccess"
      },
      "location-after-char-start": 3885,
      "location-after-char-end": 3911,
      "node-str": "MainInterface.pluginManager"
    },
    {
      "type": "insert-node",
      "node": {
        "label": "org.columba.core.plugin.FramePluginHandler()",
        "type": "ConstructorCall"
      },
      "location-after-char-start": 3929,
      "location-after-char-end": 3952,
      "node-str": "org.columba.core.plugin.FramePluginHandler()"
    },
    {
      "type": "insert-node",
      "node": {
        "label": "MainInterface.pluginManager",
        "type": "TypeAccess"
      },
      "location-after-char-start": 3967,
      "location-after-char-end": 3993,
      "node-str": "MainInterface.pluginManager"
    },
    {
      "type": "insert-node",
      "node": {
        "label": "org.columba.core.plugin.ThemePluginHandler()",
        "type": "ConstructorCall"
      },
      "location-after-char-start": 4011,
      "location-after-char-end": 4034,
      "node-str": "org.columba.core.plugin.ThemePluginHandler()"
    },
    {
      "type": "insert-node",
      "node": {
        "label": "backgroundTaskManager",
        "type": "FieldWrite"
      },
      "location-after-char-start": 4049,
      "location-after-char-end": 4083,
      "node-str": "backgroundTaskManager"
    },
    {
      "type": "insert-node",
      "node": {
        "label": "org.columba.core.backgroundtask.BackgroundTaskManager()",
        "type": "ConstructorCall"
      },
      "location-after-char-start": 4087,
      "location-after-char-end": 4113,
      "node-str": "org.columba.core.backgroundtask.BackgroundTaskManager()"
    },
    {
      "type": "insert-node",
      "node": {
        "label": "addressbook",
        "type": "VariableRead"
      },
      "location-after-char-start": 4127,
      "location-after-char-end": 4137,
      "node-str": "addressbook"
    },
    {
      "type": "insert-node",
      "node": {
        "label": "mail",
        "type": "VariableRead"
      },
      "location-after-char-start": 4163,
      "location-after-char-end": 4166,
      "node-str": "mail"
    },
    {
      "type": "insert-node",
      "node": {
        "label": "MainInterface.pluginManager",
        "type": "TypeAccess"
      },
      "location-after-char-start": 4194,
      "location-after-char-end": 4220,
      "node-str": "MainInterface.pluginManager"
    },
    {
      "type": "insert-node",
      "node": {
        "label": "org.columba.core.gui.themes.ThemeSwitcher",
        "type": "TypeAccess"
      },
      "location-after-char-start": 4248,
      "location-after-char-end": 4260,
      "node-str": "org.columba.core.gui.themes.ThemeSwitcher"
    },
    {
      "type": "insert-node",
      "node": {
        "label": "org.columba.core.gui.util.FontProperties",
        "type": "TypeAccess"
      },
      "location-after-char-start": 4392,
      "location-after-char-end": 4405,
      "node-str": "org.columba.core.gui.util.FontProperties"
    },
    {
      "type": "insert-node",
      "node": {
        "label": "addressbook",
        "type": "VariableRead"
      },
      "location-after-char-start": 4499,
      "location-after-char-end": 4509,
      "node-str": "addressbook"
    },
    {
      "type": "insert-node",
      "node": {
        "label": "mail",
        "type": "VariableRead"
      },
      "location-after-char-start": 4533,
      "location-after-char-end": 4536,
      "node-str": "mail"
    },
    {
      "type": "insert-node",
      "node": {
        "label": "frameModel",
        "type": "FieldWrite"
      },
      "location-after-char-start": 4568,
      "location-after-char-end": 4591,
      "node-str": "frameModel"
    },
    {
      "type": "insert-node",
      "node": {
        "label": "org.columba.core.gui.frame.FrameModel()",
        "type": "ConstructorCall"
      },
      "location-after-char-start": 4595,
      "location-after-char-end": 4610,
      "node-str": "org.columba.core.gui.frame.FrameModel()"
    },
    {
      "type": "insert-node",
      "node": {
        "label": "frame",
        "type": "VariableRead"
      },
      "location-after-char-start": 4624,
      "location-after-char-end": 4628,
      "node-str": "frame"
    },
    {
      "type": "insert-node",
      "node": {
        "label": "false",
        "type": "Literal"
      },
      "location-after-char-start": 4641,
      "location-after-char-end": 4645,
      "node-str": "false"
    },
    {
      "type": "insert-node",
      "node": {
        "label": "cmdLineParser",
        "type": "VariableRead"
      },
      "location-after-char-start": 4687,
      "location-after-char-end": 4699,
      "node-str": "cmdLineParser"
    },
    {
      "type": "insert-node",
      "node": {
        "label": "cmdLineParser",
        "type": "VariableRead"
      },
      "location-after-char-start": 2109,
      "location-after-char-end": 2121,
      "node-str": "cmdLineParser"
    },
    {
      "type": "insert-node",
      "node": {
        "label": "args",
        "type": "VariableRead"
      },
      "location-after-char-start": 2136,
      "location-after-char-end": 2139,
      "node-str": "args"
    },
    {
      "type": "insert-node",
      "node": {
        "label": "e",
        "type": "CatchVariable"
      },
      "location-after-char-start": 2161,
      "location-after-char-end": 2186,
      "node-str": "e"
    },
    {
      "type": "insert-node",
      "node": {
        "label": "printUsage",
        "type": "Invocation"
      },
      "location-after-char-start": 2204,
      "location-after-char-end": 2237,
      "node-str": "printUsage"
    },
    {
      "type": "insert-node",
      "node": {
        "label": "exit",
        "type": "Invocation"
      },
      "location-after-char-start": 2252,
      "location-after-char-end": 2266,
      "node-str": "exit"
    },
    {
      "type": "insert-node",
      "node": {
        "label": "cmdLineParser",
        "type": "VariableRead"
      },
      "location-after-char-start": 2357,
      "location-after-char-end": 2369,
      "node-str": "cmdLineParser"
    },
    {
      "type": "insert-node",
      "node": {
        "label": "MainInterface",
        "type": "TypeAccess"
      },
      "location-after-char-start": 0,
      "location-after-char-end": 0,
      "node-str": "MainInterface"
    },
    {
      "type": "insert-node",
      "node": {
        "label": "",
        "type": "Conditional"
      },
      "location-after-char-start": 2431,
      "location-after-char-end": 2466,
      "node-str": ""
    },
    {
      "type": "insert-node",
      "node": {
        "label": "MainInterface",
        "type": "TypeAccess"
      },
      "location-after-char-start": 0,
      "location-after-char-end": 0,
      "node-str": "MainInterface"
    },
    {
      "type": "insert-node",
      "node": {
        "label": "MainInterface",
        "type": "TypeAccess"
      },
      "location-after-char-start": 0,
      "location-after-char-end": 0,
      "node-str": "MainInterface"
    },
    {
      "type": "insert-node",
      "node": {
        "label": "MainInterface",
        "type": "TypeAccess"
      },
      "location-after-char-start": 0,
      "location-after-char-end": 0,
      "node-str": "MainInterface"
    },
    {
      "type": "insert-node",
      "node": {
        "label": "MainInterface",
        "type": "TypeAccess"
      },
      "location-after-char-start": 0,
      "location-after-char-end": 0,
      "node-str": "MainInterface"
    },
    {
      "type": "insert-node",
      "node": {
        "label": "\"org.columba.core.menu\"",
        "type": "Literal"
      },
      "location-after-char-start": 3766,
      "location-after-char-end": 3788,
      "node-str": "\"org.columba.core.menu\""
    },
    {
      "type": "insert-node",
      "node": {
        "label": "MainInterface",
        "type": "TypeAccess"
      },
      "location-after-char-start": 0,
      "location-after-char-end": 0,
      "node-str": "MainInterface"
    },
    {
      "type": "insert-node",
      "node": {
        "label": "MainInterface",
        "type": "TypeAccess"
      },
      "location-after-char-start": 0,
      "location-after-char-end": 0,
      "node-str": "MainInterface"
    },
    {
      "type": "insert-node",
      "node": {
        "label": "java.lang.IllegalArgumentException",
        "type": "VARIABLE_TYPE"
      },
      "location-after-char-start": 0,
      "location-after-char-end": 0,
      "node-str": "java.lang.IllegalArgumentException"
    },
    {
      "type": "insert-node",
      "node": {
        "label": "org.columba.core.main.ColumbaCmdLineParser",
        "type": "TypeAccess"
      },
      "location-after-char-start": 2204,
      "location-after-char-end": 2223,
      "node-str": "org.columba.core.main.ColumbaCmdLineParser"
    },
    {
      "type": "insert-node",
      "node": {
        "label": "java.lang.System",
        "type": "TypeAccess"
      },
      "location-after-char-start": 2252,
      "location-after-char-end": 2257,
      "node-str": "java.lang.System"
    },
    {
      "type": "insert-node",
      "node": {
        "label": "2",
        "type": "Literal"
      },
      "location-after-char-start": 2264,
      "location-after-char-end": 2264,
      "node-str": "2"
    },
    {
      "type": "insert-node",
      "node": {
        "label": "EQ",
        "type": "BinaryOperator"
      },
      "location-after-char-start": 2431,
      "location-after-char-end": 2442,
      "node-str": "EQ"
    },
    {
      "type": "insert-node",
      "node": {
        "label": "null",
        "type": "Literal"
      },
      "location-after-char-start": 2446,
      "location-after-char-end": 2449,
      "node-str": "null"
    },
    {
      "type": "insert-node",
      "node": {
        "label": "java.io.File(java.lang.String)",
        "type": "ConstructorCall"
      },
      "location-after-char-start": 2453,
      "location-after-char-end": 2466,
      "node-str": "java.io.File(java.lang.String)"
    },
    {
      "type": "insert-node",
      "node": {
        "label": "path",
        "type": "VariableRead"
      },
      "location-after-char-start": 2431,
      "location-after-char-end": 2434,
      "node-str": "path"
    },
    {
      "type": "insert-node",
      "node": {
        "label": "null",
        "type": "Literal"
      },
      "location-after-char-start": 2439,
      "location-after-char-end": 2442,
      "node-str": "null"
    },
    {
      "type": "insert-node",
      "node": {
        "label": "path",
        "type": "VariableRead"
      },
      "location-after-char-start": 2462,
      "location-after-char-end": 2465,
      "node-str": "path"
    },
    {
      "type": "delete-node",
      "node": {
        "label": "public",
        "type": "Modifier"
      },
      "location-before-char-start": 0,
      "location-before-char-end": 0,
      "node-str": "public"
    },
    {
      "type": "delete-node",
      "node": {
        "label": "\u003cinit\u003e",
        "type": "Constructor"
      },
      "location-before-char-start": 1924,
      "location-before-char-end": 1940,
      "node-str": "\u003cinit\u003e"
    },
    {
      "type": "delete-node",
      "node": {
        "label": "void",
        "type": "RETURN_TYPE"
      },
      "location-before-char-start": 0,
      "location-before-char-end": 0,
      "node-str": "void"
    },
    {
      "type": "delete-node",
      "node": {
        "label": "public",
        "type": "Modifier"
      },
      "location-before-char-start": 0,
      "location-before-char-end": 0,
      "node-str": "public"
    },
    {
      "type": "delete-node",
      "node": {
        "label": "static",
        "type": "Modifier"
      },
      "location-before-char-start": 0,
      "location-before-char-end": 0,
      "node-str": "static"
    },
    {
      "type": "delete-node",
      "node": {
        "label": "java.lang.String[]",
        "type": "VARIABLE_TYPE"
      },
      "location-before-char-start": 0,
      "location-before-char-end": 0,
      "node-str": "java.lang.String[]"
    },
    {
      "type": "delete-node",
      "node": {
        "label": "args",
        "type": "Parameter"
      },
      "location-before-char-start": 1977,
      "location-before-char-end": 1989,
      "node-str": "args"
    },
    {
      "type": "delete-node",
      "node": {
        "label": "org.columba.core.main.ColumbaCmdLineParser",
        "type": "VARIABLE_TYPE"
      },
      "location-before-char-start": 0,
      "location-before-char-end": 0,
      "node-str": "org.columba.core.main.ColumbaCmdLineParser"
    },
    {
      "type": "delete-node",
      "node": {
        "label": "org.columba.core.main.ColumbaCmdLineParser()",
        "type": "ConstructorCall"
      },
      "location-before-char-start": 2046,
      "location-before-char-end": 2071,
      "node-str": "org.columba.core.main.ColumbaCmdLineParser()"
    },
    {
      "type": "delete-node",
      "node": {
        "label": "cmdLineParser",
        "type": "LocalVariable"
      },
      "location-before-char-start": 2009,
      "location-before-char-end": 2072,
      "node-str": "cmdLineParser"
    },
    {
      "type": "delete-node",
      "node": {
        "label": "cmdLineParser",
        "type": "VariableRead"
      },
      "location-before-char-start": 2102,
      "location-before-char-end": 2114,
      "node-str": "cmdLineParser"
    },
    {
      "type": "delete-node",
      "node": {
        "label": "args",
        "type": "VariableRead"
      },
      "location-before-char-start": 2129,
      "location-before-char-end": 2132,
      "node-str": "args"
    },
    {
      "type": "delete-node",
      "node": {
        "label": "parseCmdLine",
        "type": "Invocation"
      },
      "location-before-char-start": 2102,
      "location-before-char-end": 2134,
      "node-str": "parseCmdLine"
    },
    {
      "type": "delete-node",
      "node": {
        "label": "java.lang.IllegalArgumentException",
        "type": "VARIABLE_TYPE"
      },
      "location-before-char-start": 0,
      "location-before-char-end": 0,
      "node-str": "java.lang.IllegalArgumentException"
    },
    {
      "type": "delete-node",
      "node": {
        "label": "e",
        "type": "CatchVariable"
      },
      "location-before-char-start": 2154,
      "location-before-char-end": 2179,
      "node-str": "e"
    },
    {
      "type": "delete-node",
      "node": {
        "label": "org.columba.core.main.ColumbaCmdLineParser",
        "type": "TypeAccess"
      },
      "location-before-char-start": 2197,
      "location-before-char-end": 2216,
      "node-str": "org.columba.core.main.ColumbaCmdLineParser"
    },
    {
      "type": "delete-node",
      "node": {
        "label": "printUsage",
        "type": "Invocation"
      },
      "location-before-char-start": 2197,
      "location-before-char-end": 2230,
      "node-str": "printUsage"
    },
    {
      "type": "delete-node",
      "node": {
        "label": "java.lang.System",
        "type": "TypeAccess"
      },
      "location-before-char-start": 2245,
      "location-before-char-end": 2250,
      "node-str": "java.lang.System"
    },
    {
      "type": "delete-node",
      "node": {
        "label": "2",
        "type": "Literal"
      },
      "location-before-char-start": 2257,
      "location-before-char-end": 2257,
      "node-str": "2"
    },
    {
      "type": "delete-node",
      "node": {
        "label": "exit",
        "type": "Invocation"
      },
      "location-before-char-start": 2245,
      "location-before-char-end": 2259,
      "node-str": "exit"
    },
    {
      "type": "delete-node",
      "node": {
        "label": "",
        "type": "Catch"
      },
      "location-before-char-start": 2146,
      "location-before-char-end": 2270,
      "node-str": ""
    },
    {
      "type": "delete-node",
      "node": {
        "label": "",
        "type": "Try"
      },
      "location-before-char-start": 2083,
      "location-before-char-end": 2270,
      "node-str": ""
    },
    {
      "type": "delete-node",
      "node": {
        "label": "java.lang.String",
        "type": "VARIABLE_TYPE"
      },
      "location-before-char-start": 0,
      "location-before-char-end": 0,
      "node-str": "java.lang.String"
    },
    {
      "type": "delete-node",
      "node": {
        "label": "cmdLineParser",
        "type": "VariableRead"
      },
      "location-before-char-start": 2350,
      "location-before-char-end": 2362,
      "node-str": "cmdLineParser"
    },
    {
      "type": "delete-node",
      "node": {
        "label": "getPathOption",
        "type": "Invocation"
      },
      "location-before-char-start": 2350,
      "location-before-char-end": 2378,
      "node-str": "getPathOption"
    },
    {
      "type": "delete-node",
      "node": {
        "label": "path",
        "type": "LocalVariable"
      },
      "location-before-char-start": 2336,
      "location-before-char-end": 2379,
      "node-str": "path"
    },
    {
      "type": "delete-node",
      "node": {
        "label": "MainInterface",
        "type": "TypeAccess"
      },
      "location-before-char-start": 0,
      "location-before-char-end": 0,
      "node-str": "MainInterface"
    },
    {
      "type": "delete-node",
      "node": {
        "label": "config",
        "type": "FieldWrite"
      },
      "location-before-char-start": 2390,
      "location-before-char-end": 2409,
      "node-str": "config"
    },
    {
      "type": "delete-node",
      "node": {
        "label": "path",
        "type": "VariableRead"
      },
      "location-before-char-start": 2424,
      "location-before-char-end": 2427,
      "node-str": "path"
    },
    {
      "type": "delete-node",
      "node": {
        "label": "null",
        "type": "Literal"
      },
      "location-before-char-start": 2432,
      "location-before-char-end": 2435,
      "node-str": "null"
    },
    {
      "type": "delete-node",
      "node": {
        "label": "EQ",
        "type": "BinaryOperator"
      },
      "location-before-char-start": 2424,
      "location-before-char-end": 2435,
      "node-str": "EQ"
    },
    {
      "type": "delete-node",
      "node": {
        "label": "null",
        "type": "Literal"
      },
      "location-before-char-start": 2439,
      "location-before-char-end": 2442,
      "node-str": "null"
    },
    {
      "type": "delete-node",
      "node": {
        "label": "path",
        "type": "VariableRead"
      },
      "location-before-char-start": 2455,
      "location-before-char-end": 2458,
      "node-str": "path"
    },
    {
      "type": "delete-node",
      "node": {
        "label": "java.io.File(java.lang.String)",
        "type": "ConstructorCall"
      },
      "location-before-char-start": 2446,
      "location-before-char-end": 2459,
      "node-str": "java.io.File(java.lang.String)"
    },
    {
      "type": "delete-node",
      "node": {
        "label": "",
        "type": "Conditional"
      },
      "location-before-char-start": 2424,
      "location-before-char-end": 2459,
      "node-str": ""
    },
    {
      "type": "delete-node",
      "node": {
        "label": "org.columba.core.config.Config(java.lang.Object)",
        "type": "ConstructorCall"
      },
      "location-before-char-start": 2413,
      "location-before-char-end": 2460,
      "node-str": "org.columba.core.config.Config(java.lang.Object)"
    },
    {
      "type": "delete-node",
      "node": {
        "label": "\u003d",
        "type": "Assignment"
      },
      "location-before-char-start": 2390,
      "location-before-char-end": 2461,
      "node-str": "\u003d"
    },
    {
      "type": "delete-node",
      "node": {
        "label": "org.columba.core.logging.ColumbaLogger",
        "type": "TypeAccess"
      },
      "location-before-char-start": 2600,
      "location-before-char-end": 2612,
      "node-str": "org.columba.core.logging.ColumbaLogger"
    },
    {
      "type": "delete-node",
      "node": {
        "label": "addDefaultFileHandler",
        "type": "Invocation"
      },
      "location-before-char-start": 2600,
      "location-before-char-end": 2637,
      "node-str": "addDefaultFileHandler"
    },
    {
      "type": "delete-node",
      "node": {
        "label": "org.columba.core.session.SessionController",
        "type": "TypeAccess"
      },
      "location-before-char-start": 2658,
      "location-before-char-end": 2674,
      "node-str": "org.columba.core.session.SessionController"
    },
    {
      "type": "delete-node",
      "node": {
        "label": "args",
        "type": "VariableRead"
      },
      "location-before-char-start": 2704,
      "location-before-char-end": 2707,
      "node-str": "args"
    },
    {
      "type": "delete-node",
      "node": {
        "label": "passToRunningSessionAndExit",
        "type": "Invocation"
      },
      "location-before-char-start": 2658,
      "location-before-char-end": 2709,
      "node-str": "passToRunningSessionAndExit"
    },
    {
      "type": "delete-node",
      "node": {
        "label": "org.columba.core.gui.util.StartUpFrame",
        "type": "VARIABLE_TYPE"
      },
      "location-before-char-start": 0,
      "location-before-char-end": 0,
      "node-str": "org.columba.core.gui.util.StartUpFrame"
    },
    {
      "type": "delete-node",
      "node": {
        "label": "org.columba.core.gui.util.StartUpFrame()",
        "type": "ConstructorCall"
      },
      "location-before-char-start": 2765,
      "location-before-char-end": 2782,
      "node-str": "org.columba.core.gui.util.StartUpFrame()"
    },
    {
      "type": "delete-node",
      "node": {
        "label": "frame",
        "type": "LocalVariable"
      },
      "location-before-char-start": 2744,
      "location-before-char-end": 2783,
      "node-str": "frame"
    },
    {
      "type": "delete-node",
      "node": {
        "label": "frame",
        "type": "VariableRead"
      },
      "location-before-char-start": 2794,
      "location-before-char-end": 2798,
      "node-str": "frame"
    },
    {
      "type": "delete-node",
      "node": {
        "label": "true",
        "type": "Literal"
      },
      "location-before-char-start": 2811,
      "location-before-char-end": 2814,
      "node-str": "true"
    },
    {
      "type": "delete-node",
      "node": {
        "label": "setVisible",
        "type": "Invocation"
      },
      "location-before-char-start": 2794,
      "location-before-char-end": 2816,
      "node-str": "setVisible"
    },
    {
      "type": "delete-node",
      "node": {
        "label": "org.columba.addressbook.main.AddressbookMain",
        "type": "VARIABLE_TYPE"
      },
      "location-before-char-start": 0,
      "location-before-char-end": 0,
      "node-str": "org.columba.addressbook.main.AddressbookMain"
    },
    {
      "type": "delete-node",
      "node": {
        "label": "org.columba.addressbook.main.AddressbookMain()",
        "type": "ConstructorCall"
      },
      "location-before-char-start": 2867,
      "location-before-char-end": 2887,
      "node-str": "org.columba.addressbook.main.AddressbookMain()"
    },
    {
      "type": "delete-node",
      "node": {
        "label": "addressbook",
        "type": "LocalVariable"
      },
      "location-before-char-start": 2837,
      "location-before-char-end": 2888,
      "node-str": "addressbook"
    },
    {
      "type": "delete-node",
      "node": {
        "label": "addressbook",
        "type": "VariableRead"
      },
      "location-before-char-start": 2899,
      "location-before-char-end": 2909,
      "node-str": "addressbook"
    },
    {
      "type": "delete-node",
      "node": {
        "label": "initConfiguration",
        "type": "Invocation"
      },
      "location-before-char-start": 2899,
      "location-before-char-end": 2930,
      "node-str": "initConfiguration"
    },
    {
      "type": "delete-node",
      "node": {
        "label": "org.columba.mail.main.MailMain",
        "type": "VARIABLE_TYPE"
      },
      "location-before-char-start": 0,
      "location-before-char-end": 0,
      "node-str": "org.columba.mail.main.MailMain"
    },
    {
      "type": "delete-node",
      "node": {
        "label": "org.columba.mail.main.MailMain()",
        "type": "ConstructorCall"
      },
      "location-before-char-start": 2959,
      "location-before-char-end": 2972,
      "node-str": "org.columba.mail.main.MailMain()"
    },
    {
      "type": "delete-node",
      "node": {
        "label": "mail",
        "type": "LocalVariable"
      },
      "location-before-char-start": 2943,
      "location-before-char-end": 2973,
      "node-str": "mail"
    },
    {
      "type": "delete-node",
      "node": {
        "label": "mail",
        "type": "VariableRead"
      },
      "location-before-char-start": 2984,
      "location-before-char-end": 2987,
      "node-str": "mail"
    },
    {
      "type": "delete-node",
      "node": {
        "label": "initConfiguration",
        "type": "Invocation"
      },
      "location-before-char-start": 2984,
      "location-before-char-end": 3008,
      "node-str": "initConfiguration"
    },
    {
      "type": "delete-node",
      "node": {
        "label": "MainInterface.config",
        "type": "TypeAccess"
      },
      "location-before-char-start": 3021,
      "location-before-char-end": 3040,
      "node-str": "MainInterface.config"
    },
    {
      "type": "delete-node",
      "node": {
        "label": "init",
        "type": "Invocation"
      },
      "location-before-char-start": 3021,
      "location-before-char-end": 3048,
      "node-str": "init"
    },
    {
      "type": "delete-node",
      "node": {
        "label": "org.columba.core.util.GlobalResourceLoader",
        "type": "TypeAccess"
      },
      "location-before-char-start": 3108,
      "location-before-char-end": 3127,
      "node-str": "org.columba.core.util.GlobalResourceLoader"
    },
    {
      "type": "delete-node",
      "node": {
        "label": "loadLanguage",
        "type": "Invocation"
      },
      "location-before-char-start": 3108,
      "location-before-char-end": 3143,
      "node-str": "loadLanguage"
    },
    {
      "type": "delete-node",
      "node": {
        "label": "MainInterface",
        "type": "TypeAccess"
      },
      "location-before-char-start": 0,
      "location-before-char-end": 0,
      "node-str": "MainInterface"
    },
    {
      "type": "delete-node",
      "node": {
        "label": "clipboardManager",
        "type": "FieldWrite"
      },
      "location-before-char-start": 3164,
      "location-before-char-end": 3193,
      "node-str": "clipboardManager"
    },
    {
      "type": "delete-node",
      "node": {
        "label": "org.columba.core.gui.ClipboardManager()",
        "type": "ConstructorCall"
      },
      "location-before-char-start": 3197,
      "location-before-char-end": 3218,
      "node-str": "org.columba.core.gui.ClipboardManager()"
    },
    {
      "type": "delete-node",
      "node": {
        "label": "\u003d",
        "type": "Assignment"
      },
      "location-before-char-start": 3164,
      "location-before-char-end": 3219,
      "node-str": "\u003d"
    },
    {
      "type": "delete-node",
      "node": {
        "label": "MainInterface",
        "type": "TypeAccess"
      },
      "location-before-char-start": 0,
      "location-before-char-end": 0,
      "node-str": "MainInterface"
    },
    {
      "type": "delete-node",
      "node": {
        "label": "focusManager",
        "type": "FieldWrite"
      },
      "location-before-char-start": 3230,
      "location-before-char-end": 3255,
      "node-str": "focusManager"
    },
    {
      "type": "delete-node",
      "node": {
        "label": "org.columba.core.gui.focus.FocusManager()",
        "type": "ConstructorCall"
      },
      "location-before-char-start": 3259,
      "location-before-char-end": 3276,
      "node-str": "org.columba.core.gui.focus.FocusManager()"
    },
    {
      "type": "delete-node",
      "node": {
        "label": "\u003d",
        "type": "Assignment"
      },
      "location-before-char-start": 3230,
      "location-before-char-end": 3277,
      "node-str": "\u003d"
    },
    {
      "type": "delete-node",
      "node": {
        "label": "MainInterface",
        "type": "TypeAccess"
      },
      "location-before-char-start": 0,
      "location-before-char-end": 0,
      "node-str": "MainInterface"
    },
    {
      "type": "delete-node",
      "node": {
        "label": "processor",
        "type": "FieldWrite"
      },
      "location-before-char-start": 3290,
      "location-before-char-end": 3312,
      "node-str": "processor"
    },
    {
      "type": "delete-node",
      "node": {
        "label": "org.columba.core.command.DefaultProcessor()",
        "type": "ConstructorCall"
      },
      "location-before-char-start": 3316,
      "location-before-char-end": 3337,
      "node-str": "org.columba.core.command.DefaultProcessor()"
    },
    {
      "type": "delete-node",
      "node": {
        "label": "\u003d",
        "type": "Assignment"
      },
      "location-before-char-start": 3290,
      "location-before-char-end": 3338,
      "node-str": "\u003d"
    },
    {
      "type": "delete-node",
      "node": {
        "label": "MainInterface.processor",
        "type": "TypeAccess"
      },
      "location-before-char-start": 3349,
      "location-before-char-end": 3371,
      "node-str": "MainInterface.processor"
    },
    {
      "type": "delete-node",
      "node": {
        "label": "start",
        "type": "Invocation"
      },
      "location-before-char-start": 3349,
      "location-before-char-end": 3380,
      "node-str": "start"
    },
    {
      "type": "delete-node",
      "node": {
        "label": "MainInterface",
        "type": "TypeAccess"
      },
      "location-before-char-start": 0,
      "location-before-char-end": 0,
      "node-str": "MainInterface"
    },
    {
      "type": "delete-node",
      "node": {
        "label": "pluginManager",
        "type": "FieldWrite"
      },
      "location-before-char-start": 3393,
      "location-before-char-end": 3419,
      "node-str": "pluginManager"
    },
    {
      "type": "delete-node",
      "node": {
        "label": "org.columba.core.plugin.PluginManager()",
        "type": "ConstructorCall"
      },
      "location-before-char-start": 3423,
      "location-before-char-end": 3441,
      "node-str": "org.columba.core.plugin.PluginManager()"
    },
    {
      "type": "delete-node",
      "node": {
        "label": "\u003d",
        "type": "Assignment"
      },
      "location-before-char-start": 3393,
      "location-before-char-end": 3442,
      "node-str": "\u003d"
    },
    {
      "type": "delete-node",
      "node": {
        "label": "MainInterface.pluginManager",
        "type": "TypeAccess"
      },
      "location-before-char-start": 3455,
      "location-before-char-end": 3481,
      "node-str": "MainInterface.pluginManager"
    },
    {
      "type": "delete-node",
      "node": {
        "label": "org.columba.core.plugin.InterpreterHandler()",
        "type": "ConstructorCall"
      },
      "location-before-char-start": 3499,
      "location-before-char-end": 3522,
      "node-str": "org.columba.core.plugin.InterpreterHandler()"
    },
    {
      "type": "delete-node",
      "node": {
        "label": "registerHandler",
        "type": "Invocation"
      },
      "location-before-char-start": 3455,
      "location-before-char-end": 3524,
      "node-str": "registerHandler"
    },
    {
      "type": "delete-node",
      "node": {
        "label": "MainInterface.pluginManager",
        "type": "TypeAccess"
      },
      "location-before-char-start": 3537,
      "location-before-char-end": 3563,
      "node-str": "MainInterface.pluginManager"
    },
    {
      "type": "delete-node",
      "node": {
        "label": "org.columba.core.plugin.ExternalToolsPluginHandler()",
        "type": "ConstructorCall"
      },
      "location-before-char-start": 3581,
      "location-before-char-end": 3612,
      "node-str": "org.columba.core.plugin.ExternalToolsPluginHandler()"
    },
    {
      "type": "delete-node",
      "node": {
        "label": "registerHandler",
        "type": "Invocation"
      },
      "location-before-char-start": 3537,
      "location-before-char-end": 3614,
      "node-str": "registerHandler"
    },
    {
      "type": "delete-node",
      "node": {
        "label": "MainInterface.pluginManager",
        "type": "TypeAccess"
      },
      "location-before-char-start": 3627,
      "location-before-char-end": 3653,
      "node-str": "MainInterface.pluginManager"
    },
    {
      "type": "delete-node",
      "node": {
        "label": "org.columba.core.plugin.ActionPluginHandler()",
        "type": "ConstructorCall"
      },
      "location-before-char-start": 3671,
      "location-before-char-end": 3695,
      "node-str": "org.columba.core.plugin.ActionPluginHandler()"
    },
    {
      "type": "delete-node",
      "node": {
        "label": "registerHandler",
        "type": "Invocation"
      },
      "location-before-char-start": 3627,
      "location-before-char-end": 3697,
      "node-str": "registerHandler"
    },
    {
      "type": "delete-node",
      "node": {
        "label": "MainInterface.pluginManager",
        "type": "TypeAccess"
      },
      "location-before-char-start": 3710,
      "location-before-char-end": 3736,
      "node-str": "MainInterface.pluginManager"
    },
    {
      "type": "delete-node",
      "node": {
        "label": "\"org.columba.core.menu\"",
        "type": "Literal"
      },
      "location-before-char-start": 3794,
      "location-before-char-end": 3816,
      "node-str": "\"org.columba.core.menu\""
    },
    {
      "type": "delete-node",
      "node": {
        "label": "org.columba.core.plugin.MenuPluginHandler(java.lang.String)",
        "type": "ConstructorCall"
      },
      "location-before-char-start": 3754,
      "location-before-char-end": 3817,
      "node-str": "org.columba.core.plugin.MenuPluginHandler(java.lang.String)"
    },
    {
      "type": "delete-node",
      "node": {
        "label": "registerHandler",
        "type": "Invocation"
      },
      "location-before-char-start": 3710,
      "location-before-char-end": 3819,
      "node-str": "registerHandler"
    },
    {
      "type": "delete-node",
      "node": {
        "label": "MainInterface.pluginManager",
        "type": "TypeAccess"
      },
      "location-before-char-start": 3830,
      "location-before-char-end": 3856,
      "node-str": "MainInterface.pluginManager"
    },
    {
      "type": "delete-node",
      "node": {
        "label": "org.columba.core.plugin.ConfigPluginHandler()",
        "type": "ConstructorCall"
      },
      "location-before-char-start": 3874,
      "location-before-char-end": 3898,
      "node-str": "org.columba.core.plugin.ConfigPluginHandler()"
    },
    {
      "type": "delete-node",
      "node": {
        "label": "registerHandler",
        "type": "Invocation"
      },
      "location-before-char-start": 3830,
      "location-before-char-end": 3900,
      "node-str": "registerHandler"
    },
    {
      "type": "delete-node",
      "node": {
        "label": "MainInterface.pluginManager",
        "type": "TypeAccess"
      },
      "location-before-char-start": 3913,
      "location-before-char-end": 3939,
      "node-str": "MainInterface.pluginManager"
    },
    {
      "type": "delete-node",
      "node": {
        "label": "org.columba.core.plugin.FramePluginHandler()",
        "type": "ConstructorCall"
      },
      "location-before-char-start": 3957,
      "location-before-char-end": 3980,
      "node-str": "org.columba.core.plugin.FramePluginHandler()"
    },
    {
      "type": "delete-node",
      "node": {
        "label": "registerHandler",
        "type": "Invocation"
      },
      "location-before-char-start": 3913,
      "location-before-char-end": 3982,
      "node-str": "registerHandler"
    },
    {
      "type": "delete-node",
      "node": {
        "label": "MainInterface.pluginManager",
        "type": "TypeAccess"
      },
      "location-before-char-start": 3995,
      "location-before-char-end": 4021,
      "node-str": "MainInterface.pluginManager"
    },
    {
      "type": "delete-node",
      "node": {
        "label": "org.columba.core.plugin.ThemePluginHandler()",
        "type": "ConstructorCall"
      },
      "location-before-char-start": 4039,
      "location-before-char-end": 4062,
      "node-str": "org.columba.core.plugin.ThemePluginHandler()"
    },
    {
      "type": "delete-node",
      "node": {
        "label": "registerHandler",
        "type": "Invocation"
      },
      "location-before-char-start": 3995,
      "location-before-char-end": 4064,
      "node-str": "registerHandler"
    },
    {
      "type": "delete-node",
      "node": {
        "label": "MainInterface",
        "type": "TypeAccess"
      },
      "location-before-char-start": 0,
      "location-before-char-end": 0,
      "node-str": "MainInterface"
    },
    {
      "type": "delete-node",
      "node": {
        "label": "backgroundTaskManager",
        "type": "FieldWrite"
      },
      "location-before-char-start": 4077,
      "location-before-char-end": 4111,
      "node-str": "backgroundTaskManager"
    },
    {
      "type": "delete-node",
      "node": {
        "label": "org.columba.core.backgroundtask.BackgroundTaskManager()",
        "type": "ConstructorCall"
      },
      "location-before-char-start": 4115,
      "location-before-char-end": 4141,
      "node-str": "org.columba.core.backgroundtask.BackgroundTaskManager()"
    },
    {
      "type": "delete-node",
      "node": {
        "label": "\u003d",
        "type": "Assignment"
      },
      "location-before-char-start": 4077,
      "location-before-char-end": 4142,
      "node-str": "\u003d"
    },
    {
      "type": "delete-node",
      "node": {
        "label": "addressbook",
        "type": "VariableRead"
      },
      "location-before-char-start": 4155,
      "location-before-char-end": 4165,
      "node-str": "addressbook"
    },
    {
      "type": "delete-node",
      "node": {
        "label": "initPlugins",
        "type": "Invocation"
      },
      "location-before-char-start": 4155,
      "location-before-char-end": 4180,
      "node-str": "initPlugins"
    },
    {
      "type": "delete-node",
      "node": {
        "label": "mail",
        "type": "VariableRead"
      },
      "location-before-char-start": 4191,
      "location-before-char-end": 4194,
      "node-str": "mail"
    },
    {
      "type": "delete-node",
      "node": {
        "label": "initPlugins",
        "type": "Invocation"
      },
      "location-before-char-start": 4191,
      "location-before-char-end": 4209,
      "node-str": "initPlugins"
    },
    {
      "type": "delete-node",
      "node": {
        "label": "MainInterface.pluginManager",
        "type": "TypeAccess"
      },
      "location-before-char-start": 4222,
      "location-before-char-end": 4248,
      "node-str": "MainInterface.pluginManager"
    },
    {
      "type": "delete-node",
      "node": {
        "label": "initPlugins",
        "type": "Invocation"
      },
      "location-before-char-start": 4222,
      "location-before-char-end": 4263,
      "node-str": "initPlugins"
    },
    {
      "type": "delete-node",
      "node": {
        "label": "org.columba.core.gui.themes.ThemeSwitcher",
        "type": "TypeAccess"
      },
      "location-before-char-start": 4276,
      "location-before-char-end": 4288,
      "node-str": "org.columba.core.gui.themes.ThemeSwitcher"
    },
    {
      "type": "delete-node",
      "node": {
        "label": "setTheme",
        "type": "Invocation"
      },
      "location-before-char-start": 4276,
      "location-before-char-end": 4300,
      "node-str": "setTheme"
    },
    {
      "type": "delete-node",
      "node": {
        "label": "org.columba.core.gui.util.FontProperties()",
        "type": "ConstructorCall"
      },
      "location-before-char-start": 4349,
      "location-before-char-end": 4369,
      "node-str": "org.columba.core.gui.util.FontProperties()"
    },
    {
      "type": "delete-node",
      "node": {
        "label": "org.columba.core.gui.util.FontProperties",
        "type": "TypeAccess"
      },
      "location-before-char-start": 4420,
      "location-before-char-end": 4433,
      "node-str": "org.columba.core.gui.util.FontProperties"
    },
    {
      "type": "delete-node",
      "node": {
        "label": "setFont",
        "type": "Invocation"
      },
      "location-before-char-start": 4420,
      "location-before-char-end": 4444,
      "node-str": "setFont"
    },
    {
      "type": "delete-node",
      "node": {
        "label": "addressbook",
        "type": "VariableRead"
      },
      "location-before-char-start": 4527,
      "location-before-char-end": 4537,
      "node-str": "addressbook"
    },
    {
      "type": "delete-node",
      "node": {
        "label": "initGui",
        "type": "Invocation"
      },
      "location-before-char-start": 4527,
      "location-before-char-end": 4548,
      "node-str": "initGui"
    },
    {
      "type": "delete-node",
      "node": {
        "label": "mail",
        "type": "VariableRead"
      },
      "location-before-char-start": 4561,
      "location-before-char-end": 4564,
      "node-str": "mail"
    },
    {
      "type": "delete-node",
      "node": {
        "label": "initGui",
        "type": "Invocation"
      },
      "location-before-char-start": 4561,
      "location-before-char-end": 4575,
      "node-str": "initGui"
    },
    {
      "type": "delete-node",
      "node": {
        "label": "MainInterface",
        "type": "TypeAccess"
      },
      "location-before-char-start": 0,
      "location-before-char-end": 0,
      "node-str": "MainInterface"
    },
    {
      "type": "delete-node",
      "node": {
        "label": "frameModel",
        "type": "FieldWrite"
      },
      "location-before-char-start": 4596,
      "location-before-char-end": 4619,
      "node-str": "frameModel"
    },
    {
      "type": "delete-node",
      "node": {
        "label": "org.columba.core.gui.frame.FrameModel()",
        "type": "ConstructorCall"
      },
      "location-before-char-start": 4623,
      "location-before-char-end": 4638,
      "node-str": "org.columba.core.gui.frame.FrameModel()"
    },
    {
      "type": "delete-node",
      "node": {
        "label": "\u003d",
        "type": "Assignment"
      },
      "location-before-char-start": 4596,
      "location-before-char-end": 4639,
      "node-str": "\u003d"
    },
    {
      "type": "delete-node",
      "node": {
        "label": "frame",
        "type": "VariableRead"
      },
      "location-before-char-start": 4652,
      "location-before-char-end": 4656,
      "node-str": "frame"
    },
    {
      "type": "delete-node",
      "node": {
        "label": "false",
        "type": "Literal"
      },
      "location-before-char-start": 4669,
      "location-before-char-end": 4673,
      "node-str": "false"
    },
    {
      "type": "delete-node",
      "node": {
        "label": "setVisible",
        "type": "Invocation"
      },
      "location-before-char-start": 4652,
      "location-before-char-end": 4675,
      "node-str": "setVisible"
    },
    {
      "type": "delete-node",
      "node": {
        "label": "cmdLineParser",
        "type": "VariableRead"
      },
      "location-before-char-start": 4715,
      "location-before-char-end": 4727,
      "node-str": "cmdLineParser"
    },
    {
      "type": "delete-node",
      "node": {
        "label": "java.lang.Object()",
        "type": "ConstructorCall"
      },
      "location-before-char-start": 4688,
      "location-before-char-end": 4729,
      "node-str": "java.lang.Object()"
    },
    {
      "type": "delete-node",
      "node": {
        "label": "main",
        "type": "Method"
      },
      "location-before-char-start": 1953,
      "location-before-char-end": 4736,
      "node-str": "main"
    },
    {
      "type": "delete-node",
      "node": {
        "label": "Main",
        "type": "Class"
      },
      "location-before-char-start": 1899,
      "location-before-char-end": 4739,
      "node-str": "Main"
    }
  ],
  "before-file": {},
  "after-file": {},
  "mapping": {}
}