{
  "tool-info": {},
  "diff": [
    {
      "type": "move-subtree",
      "node": {
        "label": "",
        "type": "ImportDeclaration"
      },
      "location-before-char-start": 203,
      "location-before-char-end": 230,
      "location-after-char-start": 151,
      "location-after-char-end": 178,
      "node-str": ""
    },
    {
      "type": "move-subtree",
      "node": {
        "label": "",
        "type": "ImportDeclaration"
      },
      "location-before-char-start": 354,
      "location-before-char-end": 392,
      "location-after-char-start": 390,
      "location-after-char-end": 428,
      "node-str": ""
    },
    {
      "type": "move-subtree",
      "node": {
        "label": "",
        "type": "ImportDeclaration"
      },
      "location-before-char-start": 429,
      "location-before-char-end": 466,
      "location-after-char-start": 518,
      "location-after-char-end": 555,
      "node-str": ""
    },
    {
      "type": "move-subtree",
      "node": {
        "label": "",
        "type": "ImportDeclaration"
      },
      "location-before-char-start": 467,
      "location-before-char-end": 494,
      "location-after-char-start": 556,
      "location-after-char-end": 583,
      "node-str": ""
    },
    {
      "type": "insert-node",
      "node": {
        "label": "",
        "type": "TypeDeclaration"
      },
      "location-after-char-start": 585,
      "location-after-char-end": 15622,
      "node-str": ""
    },
    {
      "type": "move-subtree",
      "node": {
        "label": "",
        "type": "Javadoc"
      },
      "location-before-char-start": 586,
      "location-before-char-end": 838,
      "location-after-char-start": 585,
      "location-after-char-end": 837,
      "node-str": ""
    },
    {
      "type": "move-subtree",
      "node": {
        "label": "public",
        "type": "Modifier"
      },
      "location-before-char-start": 839,
      "location-before-char-end": 845,
      "location-after-char-start": 838,
      "location-after-char-end": 844,
      "node-str": "public"
    },
    {
      "type": "move-subtree",
      "node": {
        "label": "class",
        "type": "TYPE_DECLARATION_KIND"
      },
      "location-before-char-start": 846,
      "location-before-char-end": 851,
      "location-after-char-start": 845,
      "location-after-char-end": 850,
      "node-str": "class"
    },
    {
      "type": "move-subtree",
      "node": {
        "label": "LRUEnterpriseContextCachePolicy",
        "type": "SimpleName"
      },
      "location-before-char-start": 852,
      "location-before-char-end": 883,
      "location-after-char-start": 851,
      "location-after-char-end": 882,
      "node-str": "LRUEnterpriseContextCachePolicy"
    },
    {
      "type": "move-subtree",
      "node": {
        "label": "",
        "type": "SimpleType"
      },
      "location-before-char-start": 895,
      "location-before-char-end": 909,
      "location-after-char-start": 894,
      "location-after-char-end": 908,
      "node-str": ""
    },
    {
      "type": "move-subtree",
      "node": {
        "label": "",
        "type": "SimpleType"
      },
      "location-before-char-start": 924,
      "location-before-char-end": 935,
      "location-after-char-start": 923,
      "location-after-char-end": 934,
      "node-str": ""
    },
    {
      "type": "move-subtree",
      "node": {
        "label": "",
        "type": "SimpleType"
      },
      "location-before-char-start": 937,
      "location-before-char-end": 948,
      "location-after-char-start": 936,
      "location-after-char-end": 947,
      "node-str": ""
    },
    {
      "type": "move-subtree",
      "node": {
        "label": "",
        "type": "FieldDeclaration"
      },
      "location-before-char-start": 1095,
      "location-before-char-end": 1181,
      "location-after-char-start": 1094,
      "location-after-char-end": 1180,
      "node-str": ""
    },
    {
      "type": "move-subtree",
      "node": {
        "label": "",
        "type": "FieldDeclaration"
      },
      "location-before-char-start": 1185,
      "location-before-char-end": 1237,
      "location-after-char-start": 1184,
      "location-after-char-end": 1236,
      "node-str": ""
    },
    {
      "type": "move-subtree",
      "node": {
        "label": "",
        "type": "Initializer"
      },
      "location-before-char-start": 1241,
      "location-before-char-end": 1328,
      "location-after-char-start": 1240,
      "location-after-char-end": 1327,
      "node-str": ""
    },
    {
      "type": "move-subtree",
      "node": {
        "label": "",
        "type": "FieldDeclaration"
      },
      "location-before-char-start": 1333,
      "location-before-char-end": 1435,
      "location-after-char-start": 1332,
      "location-after-char-end": 1434,
      "node-str": ""
    },
    {
      "type": "move-subtree",
      "node": {
        "label": "",
        "type": "FieldDeclaration"
      },
      "location-before-char-start": 1440,
      "location-before-char-end": 1512,
      "location-after-char-start": 1439,
      "location-after-char-end": 1511,
      "node-str": ""
    },
    {
      "type": "move-subtree",
      "node": {
        "label": "",
        "type": "FieldDeclaration"
      },
      "location-before-char-start": 1517,
      "location-before-char-end": 1591,
      "location-after-char-start": 1516,
      "location-after-char-end": 1590,
      "node-str": ""
    },
    {
      "type": "move-subtree",
      "node": {
        "label": "",
        "type": "FieldDeclaration"
      },
      "location-before-char-start": 1596,
      "location-before-char-end": 1687,
      "location-after-char-start": 1595,
      "location-after-char-end": 1686,
      "node-str": ""
    },
    {
      "type": "move-subtree",
      "node": {
        "label": "",
        "type": "FieldDeclaration"
      },
      "location-before-char-start": 1692,
      "location-before-char-end": 1825,
      "location-after-char-start": 1691,
      "location-after-char-end": 1824,
      "node-str": ""
    },
    {
      "type": "move-subtree",
      "node": {
        "label": "",
        "type": "FieldDeclaration"
      },
      "location-before-char-start": 1830,
      "location-before-char-end": 1962,
      "location-after-char-start": 1829,
      "location-after-char-end": 1961,
      "node-str": ""
    },
    {
      "type": "move-subtree",
      "node": {
        "label": "",
        "type": "FieldDeclaration"
      },
      "location-before-char-start": 1967,
      "location-before-char-end": 2138,
      "location-after-char-start": 1966,
      "location-after-char-end": 2137,
      "node-str": ""
    },
    {
      "type": "move-subtree",
      "node": {
        "label": "",
        "type": "FieldDeclaration"
      },
      "location-before-char-start": 2143,
      "location-before-char-end": 2206,
      "location-after-char-start": 2142,
      "location-after-char-end": 2205,
      "node-str": ""
    },
    {
      "type": "move-subtree",
      "node": {
        "label": "",
        "type": "FieldDeclaration"
      },
      "location-before-char-start": 2211,
      "location-before-char-end": 2272,
      "location-after-char-start": 2210,
      "location-after-char-end": 2271,
      "node-str": ""
    },
    {
      "type": "move-subtree",
      "node": {
        "label": "",
        "type": "FieldDeclaration"
      },
      "location-before-char-start": 2277,
      "location-before-char-end": 2362,
      "location-after-char-start": 2276,
      "location-after-char-end": 2361,
      "node-str": ""
    },
    {
      "type": "move-subtree",
      "node": {
        "label": "",
        "type": "MethodDeclaration"
      },
      "location-before-char-start": 2510,
      "location-before-char-end": 2844,
      "location-after-char-start": 2509,
      "location-after-char-end": 2843,
      "node-str": ""
    },
    {
      "type": "move-subtree",
      "node": {
        "label": "",
        "type": "MethodDeclaration"
      },
      "location-before-char-start": 2991,
      "location-before-char-end": 3441,
      "location-after-char-start": 2990,
      "location-after-char-end": 3440,
      "node-str": ""
    },
    {
      "type": "move-subtree",
      "node": {
        "label": "",
        "type": "MethodDeclaration"
      },
      "location-before-char-start": 3517,
      "location-before-char-end": 4016,
      "location-after-char-start": 3516,
      "location-after-char-end": 4015,
      "node-str": ""
    },
    {
      "type": "move-subtree",
      "node": {
        "label": "",
        "type": "MethodDeclaration"
      },
      "location-before-char-start": 4021,
      "location-before-char-end": 4173,
      "location-after-char-start": 4020,
      "location-after-char-end": 4172,
      "node-str": ""
    },
    {
      "type": "move-subtree",
      "node": {
        "label": "",
        "type": "MethodDeclaration"
      },
      "location-before-char-start": 4178,
      "location-before-char-end": 4303,
      "location-after-char-start": 4177,
      "location-after-char-end": 4302,
      "node-str": ""
    },
    {
      "type": "move-subtree",
      "node": {
        "label": "",
        "type": "MethodDeclaration"
      },
      "location-before-char-start": 4308,
      "location-before-char-end": 7629,
      "location-after-char-start": 4307,
      "location-after-char-end": 7628,
      "node-str": ""
    },
    {
      "type": "move-subtree",
      "node": {
        "label": "",
        "type": "MethodDeclaration"
      },
      "location-before-char-start": 7847,
      "location-before-char-end": 7922,
      "location-after-char-start": 7846,
      "location-after-char-end": 7921,
      "node-str": ""
    },
    {
      "type": "move-subtree",
      "node": {
        "label": "",
        "type": "MethodDeclaration"
      },
      "location-before-char-start": 7928,
      "location-before-char-end": 8693,
      "location-after-char-start": 7927,
      "location-after-char-end": 8692,
      "node-str": ""
    },
    {
      "type": "move-subtree",
      "node": {
        "label": "",
        "type": "MethodDeclaration"
      },
      "location-before-char-start": 8697,
      "location-before-char-end": 8791,
      "location-after-char-start": 8696,
      "location-after-char-end": 8790,
      "node-str": ""
    },
    {
      "type": "move-subtree",
      "node": {
        "label": "",
        "type": "MethodDeclaration"
      },
      "location-before-char-start": 8867,
      "location-before-char-end": 8923,
      "location-after-char-start": 8866,
      "location-after-char-end": 8922,
      "node-str": ""
    },
    {
      "type": "move-subtree",
      "node": {
        "label": "",
        "type": "TypeDeclaration"
      },
      "location-before-char-start": 8999,
      "location-before-char-end": 11646,
      "location-after-char-start": 8998,
      "location-after-char-end": 11645,
      "node-str": ""
    },
    {
      "type": "insert-node",
      "node": {
        "label": "",
        "type": "TypeDeclaration"
      },
      "location-after-char-start": 11650,
      "location-after-char-end": 14399,
      "node-str": ""
    },
    {
      "type": "insert-node",
      "node": {
        "label": "",
        "type": "TypeDeclaration"
      },
      "location-after-char-start": 14404,
      "location-after-char-end": 15619,
      "node-str": ""
    },
    {
      "type": "move-subtree",
      "node": {
        "label": "",
        "type": "Javadoc"
      },
      "location-before-char-start": 11651,
      "location-before-char-end": 11745,
      "location-after-char-start": 11650,
      "location-after-char-end": 11744,
      "node-str": ""
    },
    {
      "type": "move-subtree",
      "node": {
        "label": "protected",
        "type": "Modifier"
      },
      "location-before-char-start": 11749,
      "location-before-char-end": 11758,
      "location-after-char-start": 11748,
      "location-after-char-end": 11757,
      "node-str": "protected"
    },
    {
      "type": "move-subtree",
      "node": {
        "label": "class",
        "type": "TYPE_DECLARATION_KIND"
      },
      "location-before-char-start": 11759,
      "location-before-char-end": 11764,
      "location-after-char-start": 11758,
      "location-after-char-end": 11763,
      "node-str": "class"
    },
    {
      "type": "move-subtree",
      "node": {
        "label": "OveragerTask",
        "type": "SimpleName"
      },
      "location-before-char-start": 11765,
      "location-before-char-end": 11777,
      "location-after-char-start": 11764,
      "location-after-char-end": 11776,
      "node-str": "OveragerTask"
    },
    {
      "type": "move-subtree",
      "node": {
        "label": "",
        "type": "SimpleType"
      },
      "location-before-char-start": 11786,
      "location-before-char-end": 11795,
      "location-after-char-start": 11785,
      "location-after-char-end": 11794,
      "node-str": ""
    },
    {
      "type": "move-subtree",
      "node": {
        "label": "",
        "type": "FieldDeclaration"
      },
      "location-before-char-start": 11807,
      "location-before-char-end": 11832,
      "location-after-char-start": 11806,
      "location-after-char-end": 11831,
      "node-str": ""
    },
    {
      "type": "move-subtree",
      "node": {
        "label": "",
        "type": "FieldDeclaration"
      },
      "location-before-char-start": 11839,
      "location-before-char-end": 11869,
      "location-after-char-start": 11838,
      "location-after-char-end": 11868,
      "node-str": ""
    },
    {
      "type": "move-subtree",
      "node": {
        "label": "",
        "type": "MethodDeclaration"
      },
      "location-before-char-start": 11877,
      "location-before-char-end": 12112,
      "location-after-char-start": 11876,
      "location-after-char-end": 12111,
      "node-str": ""
    },
    {
      "type": "insert-node",
      "node": {
        "label": "",
        "type": "MethodDeclaration"
      },
      "location-after-char-start": 12119,
      "location-after-char-end": 13750,
      "node-str": ""
    },
    {
      "type": "move-subtree",
      "node": {
        "label": "",
        "type": "MethodDeclaration"
      },
      "location-before-char-start": 14304,
      "location-before-char-end": 14655,
      "location-after-char-start": 13758,
      "location-after-char-end": 14109,
      "node-str": ""
    },
    {
      "type": "move-subtree",
      "node": {
        "label": "",
        "type": "MethodDeclaration"
      },
      "location-before-char-start": 14663,
      "location-before-char-end": 14775,
      "location-after-char-start": 14117,
      "location-after-char-end": 14229,
      "node-str": ""
    },
    {
      "type": "move-subtree",
      "node": {
        "label": "",
        "type": "MethodDeclaration"
      },
      "location-before-char-start": 14783,
      "location-before-char-end": 14860,
      "location-after-char-start": 14237,
      "location-after-char-end": 14314,
      "node-str": ""
    },
    {
      "type": "move-subtree",
      "node": {
        "label": "",
        "type": "MethodDeclaration"
      },
      "location-before-char-start": 14868,
      "location-before-char-end": 14940,
      "location-after-char-start": 14322,
      "location-after-char-end": 14394,
      "node-str": ""
    },
    {
      "type": "move-subtree",
      "node": {
        "label": "",
        "type": "Javadoc"
      },
      "location-before-char-start": 14950,
      "location-before-char-end": 15007,
      "location-after-char-start": 14404,
      "location-after-char-end": 14461,
      "node-str": ""
    },
    {
      "type": "move-subtree",
      "node": {
        "label": "protected",
        "type": "Modifier"
      },
      "location-before-char-start": 15011,
      "location-before-char-end": 15020,
      "location-after-char-start": 14465,
      "location-after-char-end": 14474,
      "node-str": "protected"
    },
    {
      "type": "move-subtree",
      "node": {
        "label": "class",
        "type": "TYPE_DECLARATION_KIND"
      },
      "location-before-char-start": 15021,
      "location-before-char-end": 15026,
      "location-after-char-start": 14475,
      "location-after-char-end": 14480,
      "node-str": "class"
    },
    {
      "type": "move-subtree",
      "node": {
        "label": "ContextLRUList",
        "type": "SimpleName"
      },
      "location-before-char-start": 15027,
      "location-before-char-end": 15041,
      "location-after-char-start": 14481,
      "location-after-char-end": 14495,
      "node-str": "ContextLRUList"
    },
    {
      "type": "move-subtree",
      "node": {
        "label": "",
        "type": "SimpleType"
      },
      "location-before-char-start": 15050,
      "location-before-char-end": 15057,
      "location-after-char-start": 14504,
      "location-after-char-end": 14511,
      "node-str": ""
    },
    {
      "type": "insert-node",
      "node": {
        "label": "",
        "type": "FieldDeclaration"
      },
      "location-after-char-start": 14523,
      "location-after-char-end": 14560,
      "node-str": ""
    },
    {
      "type": "insert-node",
      "node": {
        "label": "",
        "type": "MethodDeclaration"
      },
      "location-after-char-start": 14567,
      "location-after-char-end": 15172,
      "node-str": ""
    },
    {
      "type": "insert-node",
      "node": {
        "label": "",
        "type": "MethodDeclaration"
      },
      "location-after-char-start": 15179,
      "location-after-char-end": 15312,
      "node-str": ""
    },
    {
      "type": "insert-node",
      "node": {
        "label": "",
        "type": "MethodDeclaration"
      },
      "location-after-char-start": 15319,
      "location-after-char-end": 15456,
      "node-str": ""
    },
    {
      "type": "insert-node",
      "node": {
        "label": "",
        "type": "MethodDeclaration"
      },
      "location-after-char-start": 15463,
      "location-after-char-end": 15614,
      "node-str": ""
    },
    {
      "type": "move-subtree",
      "node": {
        "label": "public",
        "type": "Modifier"
      },
      "location-before-char-start": 12120,
      "location-before-char-end": 12126,
      "location-after-char-start": 12119,
      "location-after-char-end": 12125,
      "node-str": "public"
    },
    {
      "type": "move-subtree",
      "node": {
        "label": "void",
        "type": "PrimitiveType"
      },
      "location-before-char-start": 12127,
      "location-before-char-end": 12131,
      "location-after-char-start": 12126,
      "location-after-char-end": 12130,
      "node-str": "void"
    },
    {
      "type": "move-subtree",
      "node": {
        "label": "run",
        "type": "SimpleName"
      },
      "location-before-char-start": 12132,
      "location-before-char-end": 12135,
      "location-after-char-start": 12131,
      "location-after-char-end": 12134,
      "node-str": "run"
    },
    {
      "type": "insert-node",
      "node": {
        "label": "",
        "type": "Block"
      },
      "location-after-char-start": 12143,
      "location-after-char-end": 13750,
      "node-str": ""
    },
    {
      "type": "insert-node",
      "node": {
        "label": "boolean",
        "type": "PrimitiveType"
      },
      "location-after-char-start": 14523,
      "location-after-char-end": 14530,
      "node-str": "boolean"
    },
    {
      "type": "insert-node",
      "node": {
        "label": "",
        "type": "VariableDeclarationFragment"
      },
      "location-after-char-start": 14531,
      "location-after-char-end": 14559,
      "node-str": ""
    },
    {
      "type": "insert-node",
      "node": {
        "label": "protected",
        "type": "Modifier"
      },
      "location-after-char-start": 14567,
      "location-after-char-end": 14576,
      "node-str": "protected"
    },
    {
      "type": "insert-node",
      "node": {
        "label": "void",
        "type": "PrimitiveType"
      },
      "location-after-char-start": 14577,
      "location-after-char-end": 14581,
      "node-str": "void"
    },
    {
      "type": "insert-node",
      "node": {
        "label": "entryPromotion",
        "type": "SimpleName"
      },
      "location-after-char-start": 14582,
      "location-after-char-end": 14596,
      "node-str": "entryPromotion"
    },
    {
      "type": "insert-node",
      "node": {
        "label": "",
        "type": "SingleVariableDeclaration"
      },
      "location-after-char-start": 14597,
      "location-after-char-end": 14616,
      "node-str": ""
    },
    {
      "type": "insert-node",
      "node": {
        "label": "",
        "type": "Block"
      },
      "location-after-char-start": 14624,
      "location-after-char-end": 15172,
      "node-str": ""
    },
    {
      "type": "move-subtree",
      "node": {
        "label": "protected",
        "type": "Modifier"
      },
      "location-before-char-start": 15069,
      "location-before-char-end": 15078,
      "location-after-char-start": 15179,
      "location-after-char-end": 15188,
      "node-str": "protected"
    },
    {
      "type": "move-subtree",
      "node": {
        "label": "void",
        "type": "PrimitiveType"
      },
      "location-before-char-start": 15079,
      "location-before-char-end": 15083,
      "location-after-char-start": 15189,
      "location-after-char-end": 15193,
      "node-str": "void"
    },
    {
      "type": "move-subtree",
      "node": {
        "label": "entryAdded",
        "type": "SimpleName"
      },
      "location-before-char-start": 15084,
      "location-before-char-end": 15094,
      "location-after-char-start": 15194,
      "location-after-char-end": 15204,
      "node-str": "entryAdded"
    },
    {
      "type": "move-subtree",
      "node": {
        "label": "",
        "type": "SingleVariableDeclaration"
      },
      "location-before-char-start": 15095,
      "location-before-char-end": 15114,
      "location-after-char-start": 15205,
      "location-after-char-end": 15224,
      "node-str": ""
    },
    {
      "type": "insert-node",
      "node": {
        "label": "",
        "type": "Block"
      },
      "location-after-char-start": 15232,
      "location-after-char-end": 15312,
      "node-str": ""
    },
    {
      "type": "move-subtree",
      "node": {
        "label": "protected",
        "type": "Modifier"
      },
      "location-before-char-start": 15225,
      "location-before-char-end": 15234,
      "location-after-char-start": 15319,
      "location-after-char-end": 15328,
      "node-str": "protected"
    },
    {
      "type": "move-subtree",
      "node": {
        "label": "void",
        "type": "PrimitiveType"
      },
      "location-before-char-start": 15235,
      "location-before-char-end": 15239,
      "location-after-char-start": 15329,
      "location-after-char-end": 15333,
      "node-str": "void"
    },
    {
      "type": "move-subtree",
      "node": {
        "label": "entryRemoved",
        "type": "SimpleName"
      },
      "location-before-char-start": 15240,
      "location-before-char-end": 15252,
      "location-after-char-start": 15334,
      "location-after-char-end": 15346,
      "node-str": "entryRemoved"
    },
    {
      "type": "move-subtree",
      "node": {
        "label": "",
        "type": "SingleVariableDeclaration"
      },
      "location-before-char-start": 15253,
      "location-before-char-end": 15272,
      "location-after-char-start": 15347,
      "location-after-char-end": 15366,
      "node-str": ""
    },
    {
      "type": "insert-node",
      "node": {
        "label": "",
        "type": "Block"
      },
      "location-after-char-start": 15374,
      "location-after-char-end": 15456,
      "node-str": ""
    },
    {
      "type": "move-subtree",
      "node": {
        "label": "protected",
        "type": "Modifier"
      },
      "location-before-char-start": 15385,
      "location-before-char-end": 15394,
      "location-after-char-start": 15463,
      "location-after-char-end": 15472,
      "node-str": "protected"
    },
    {
      "type": "move-subtree",
      "node": {
        "label": "void",
        "type": "PrimitiveType"
      },
      "location-before-char-start": 15395,
      "location-before-char-end": 15399,
      "location-after-char-start": 15473,
      "location-after-char-end": 15477,
      "node-str": "void"
    },
    {
      "type": "move-subtree",
      "node": {
        "label": "capacityChanged",
        "type": "SimpleName"
      },
      "location-before-char-start": 15400,
      "location-before-char-end": 15415,
      "location-after-char-start": 15478,
      "location-after-char-end": 15493,
      "node-str": "capacityChanged"
    },
    {
      "type": "move-subtree",
      "node": {
        "label": "",
        "type": "SingleVariableDeclaration"
      },
      "location-before-char-start": 15416,
      "location-before-char-end": 15431,
      "location-after-char-start": 15494,
      "location-after-char-end": 15509,
      "node-str": ""
    },
    {
      "type": "insert-node",
      "node": {
        "label": "",
        "type": "Block"
      },
      "location-after-char-start": 15517,
      "location-after-char-end": 15614,
      "node-str": ""
    },
    {
      "type": "move-subtree",
      "node": {
        "label": "",
        "type": "IfStatement"
      },
      "location-before-char-start": 12155,
      "location-before-char-end": 12240,
      "location-after-char-start": 12154,
      "location-after-char-end": 12239,
      "node-str": ""
    },
    {
      "type": "move-subtree",
      "node": {
        "label": "",
        "type": "VariableDeclarationStatement"
      },
      "location-before-char-start": 12251,
      "location-before-char-end": 12276,
      "location-after-char-start": 12250,
      "location-after-char-end": 12275,
      "node-str": ""
    },
    {
      "type": "move-subtree",
      "node": {
        "label": "",
        "type": "VariableDeclarationStatement"
      },
      "location-before-char-start": 12286,
      "location-before-char-end": 12324,
      "location-after-char-start": 12285,
      "location-after-char-end": 12323,
      "node-str": ""
    },
    {
      "type": "insert-node",
      "node": {
        "label": "",
        "type": "VariableDeclarationStatement"
      },
      "location-after-char-start": 12333,
      "location-after-char-end": 12367,
      "node-str": ""
    },
    {
      "type": "insert-node",
      "node": {
        "label": "",
        "type": "SynchronizedStatement"
      },
      "location-after-char-start": 12377,
      "location-after-char-end": 12912,
      "node-str": ""
    },
    {
      "type": "insert-node",
      "node": {
        "label": "",
        "type": "IfStatement"
      },
      "location-after-char-start": 13206,
      "location-after-char-end": 13742,
      "node-str": ""
    },
    {
      "type": "insert-node",
      "node": {
        "label": "trace",
        "type": "SimpleName"
      },
      "location-after-char-start": 14531,
      "location-after-char-end": 14536,
      "node-str": "trace"
    },
    {
      "type": "move-subtree",
      "node": {
        "label": "",
        "type": "MethodInvocation"
      },
      "location-before-char-start": 15454,
      "location-before-char-end": 15474,
      "location-after-char-start": 14539,
      "location-after-char-end": 14559,
      "node-str": ""
    },
    {
      "type": "insert-node",
      "node": {
        "label": "",
        "type": "SimpleType"
      },
      "location-after-char-start": 14597,
      "location-after-char-end": 14610,
      "node-str": ""
    },
    {
      "type": "insert-node",
      "node": {
        "label": "entry",
        "type": "SimpleName"
      },
      "location-after-char-start": 14611,
      "location-after-char-end": 14616,
      "node-str": "entry"
    },
    {
      "type": "insert-node",
      "node": {
        "label": "",
        "type": "IfStatement"
      },
      "location-after-char-start": 14635,
      "location-after-char-end": 14700,
      "node-str": ""
    },
    {
      "type": "insert-node",
      "node": {
        "label": "",
        "type": "IfStatement"
      },
      "location-after-char-start": 14778,
      "location-after-char-end": 15164,
      "node-str": ""
    },
    {
      "type": "insert-node",
      "node": {
        "label": "",
        "type": "IfStatement"
      },
      "location-after-char-start": 15243,
      "location-after-char-end": 15304,
      "node-str": ""
    },
    {
      "type": "insert-node",
      "node": {
        "label": "",
        "type": "IfStatement"
      },
      "location-after-char-start": 15385,
      "location-after-char-end": 15448,
      "node-str": ""
    },
    {
      "type": "insert-node",
      "node": {
        "label": "",
        "type": "IfStatement"
      },
      "location-after-char-start": 15528,
      "location-after-char-end": 15606,
      "node-str": ""
    },
    {
      "type": "move-subtree",
      "node": {
        "label": "",
        "type": "SimpleType"
      },
      "location-before-char-start": 12334,
      "location-before-char-end": 12343,
      "location-after-char-start": 12333,
      "location-after-char-end": 12342,
      "node-str": ""
    },
    {
      "type": "insert-node",
      "node": {
        "label": "",
        "type": "VariableDeclarationFragment"
      },
      "location-after-char-start": 12343,
      "location-after-char-end": 12366,
      "node-str": ""
    },
    {
      "type": "move-subtree",
      "node": {
        "label": "",
        "type": "MethodInvocation"
      },
      "location-before-char-start": 12390,
      "location-before-char-end": 12412,
      "location-after-char-start": 12391,
      "location-after-char-end": 12413,
      "node-str": ""
    },
    {
      "type": "insert-node",
      "node": {
        "label": "",
        "type": "Block"
      },
      "location-after-char-start": 12424,
      "location-after-char-end": 12912,
      "node-str": ""
    },
    {
      "type": "insert-node",
      "node": {
        "label": "",
        "type": "InfixExpression"
      },
      "location-after-char-start": 13210,
      "location-after-char-end": 13234,
      "node-str": ""
    },
    {
      "type": "insert-node",
      "node": {
        "label": "",
        "type": "Block"
      },
      "location-after-char-start": 13245,
      "location-after-char-end": 13742,
      "node-str": ""
    },
    {
      "type": "insert-node",
      "node": {
        "label": "LRUCacheEntry",
        "type": "SimpleName"
      },
      "location-after-char-start": 14597,
      "location-after-char-end": 14610,
      "node-str": "LRUCacheEntry"
    },
    {
      "type": "insert-node",
      "node": {
        "label": "trace",
        "type": "SimpleName"
      },
      "location-after-char-start": 14639,
      "location-after-char-end": 14644,
      "node-str": "trace"
    },
    {
      "type": "insert-node",
      "node": {
        "label": "",
        "type": "ExpressionStatement"
      },
      "location-after-char-start": 14658,
      "location-after-char-end": 14700,
      "node-str": ""
    },
    {
      "type": "insert-node",
      "node": {
        "label": "",
        "type": "InfixExpression"
      },
      "location-after-char-start": 14782,
      "location-after-char-end": 14834,
      "node-str": ""
    },
    {
      "type": "insert-node",
      "node": {
        "label": "",
        "type": "Block"
      },
      "location-after-char-start": 14845,
      "location-after-char-end": 15164,
      "node-str": ""
    },
    {
      "type": "insert-node",
      "node": {
        "label": "trace",
        "type": "SimpleName"
      },
      "location-after-char-start": 15247,
      "location-after-char-end": 15252,
      "node-str": "trace"
    },
    {
      "type": "move-subtree",
      "node": {
        "label": "",
        "type": "ExpressionStatement"
      },
      "location-before-char-start": 15172,
      "location-before-char-end": 15210,
      "location-after-char-start": 15266,
      "location-after-char-end": 15304,
      "node-str": ""
    },
    {
      "type": "insert-node",
      "node": {
        "label": "trace",
        "type": "SimpleName"
      },
      "location-after-char-start": 15389,
      "location-after-char-end": 15394,
      "node-str": "trace"
    },
    {
      "type": "move-subtree",
      "node": {
        "label": "",
        "type": "ExpressionStatement"
      },
      "location-before-char-start": 15330,
      "location-before-char-end": 15370,
      "location-after-char-start": 15408,
      "location-after-char-end": 15448,
      "node-str": ""
    },
    {
      "type": "insert-node",
      "node": {
        "label": "trace",
        "type": "SimpleName"
      },
      "location-after-char-start": 15532,
      "location-after-char-end": 15537,
      "node-str": "trace"
    },
    {
      "type": "move-subtree",
      "node": {
        "label": "",
        "type": "ExpressionStatement"
      },
      "location-before-char-start": 15489,
      "location-before-char-end": 15544,
      "location-after-char-start": 15551,
      "location-after-char-end": 15606,
      "node-str": ""
    },
    {
      "type": "insert-node",
      "node": {
        "label": "passivateEntries",
        "type": "SimpleName"
      },
      "location-after-char-start": 12343,
      "location-after-char-end": 12359,
      "node-str": "passivateEntries"
    },
    {
      "type": "move-subtree",
      "node": {
        "label": "",
        "type": "NullLiteral"
      },
      "location-before-char-start": 12361,
      "location-before-char-end": 12365,
      "location-after-char-start": 12362,
      "location-after-char-end": 12366,
      "node-str": ""
    },
    {
      "type": "insert-node",
      "node": {
        "label": "",
        "type": "ForStatement"
      },
      "location-after-char-start": 12438,
      "location-after-char-end": 12901,
      "node-str": ""
    },
    {
      "type": "insert-node",
      "node": {
        "label": "passivateEntries",
        "type": "SimpleName"
      },
      "location-after-char-start": 13210,
      "location-after-char-end": 13226,
      "node-str": "passivateEntries"
    },
    {
      "type": "move-subtree",
      "node": {
        "label": "!\u003d",
        "type": "INFIX_EXPRESSION_OPERATOR"
      },
      "location-before-char-start": 13763,
      "location-before-char-end": 13765,
      "location-after-char-start": 13227,
      "location-after-char-end": 13229,
      "node-str": "!\u003d"
    },
    {
      "type": "move-subtree",
      "node": {
        "label": "",
        "type": "NullLiteral"
      },
      "location-before-char-start": 13766,
      "location-before-char-end": 13770,
      "location-after-char-start": 13230,
      "location-after-char-end": 13234,
      "node-str": ""
    },
    {
      "type": "insert-node",
      "node": {
        "label": "",
        "type": "ForStatement"
      },
      "location-after-char-start": 13259,
      "location-after-char-end": 13731,
      "node-str": ""
    },
    {
      "type": "insert-node",
      "node": {
        "label": "",
        "type": "MethodInvocation"
      },
      "location-after-char-start": 14658,
      "location-after-char-end": 14699,
      "node-str": ""
    },
    {
      "type": "insert-node",
      "node": {
        "label": "",
        "type": "InfixExpression"
      },
      "location-after-char-start": 14782,
      "location-after-char-end": 14803,
      "node-str": ""
    },
    {
      "type": "insert-node",
      "node": {
        "label": "\u0026\u0026",
        "type": "INFIX_EXPRESSION_OPERATOR"
      },
      "location-after-char-start": 14804,
      "location-after-char-end": 14806,
      "node-str": "\u0026\u0026"
    },
    {
      "type": "insert-node",
      "node": {
        "label": "",
        "type": "InfixExpression"
      },
      "location-after-char-start": 14807,
      "location-after-char-end": 14834,
      "node-str": ""
    },
    {
      "type": "insert-node",
      "node": {
        "label": "",
        "type": "ExpressionStatement"
      },
      "location-after-char-start": 14859,
      "location-after-char-end": 14872,
      "node-str": ""
    },
    {
      "type": "insert-node",
      "node": {
        "label": "",
        "type": "ExpressionStatement"
      },
      "location-after-char-start": 14885,
      "location-after-char-end": 15153,
      "node-str": ""
    },
    {
      "type": "move-subtree",
      "node": {
        "label": "",
        "type": "VariableDeclarationExpression"
      },
      "location-before-char-start": 12442,
      "location-before-char-end": 12475,
      "location-after-char-start": 12443,
      "location-after-char-end": 12476,
      "node-str": ""
    },
    {
      "type": "move-subtree",
      "node": {
        "label": "",
        "type": "InfixExpression"
      },
      "location-before-char-start": 12477,
      "location-before-char-end": 12490,
      "location-after-char-start": 12478,
      "location-after-char-end": 12491,
      "node-str": ""
    },
    {
      "type": "insert-node",
      "node": {
        "label": "",
        "type": "Assignment"
      },
      "location-after-char-start": 12493,
      "location-after-char-end": 12513,
      "node-str": ""
    },
    {
      "type": "insert-node",
      "node": {
        "label": "",
        "type": "Block"
      },
      "location-after-char-start": 12527,
      "location-after-char-end": 12901,
      "node-str": ""
    },
    {
      "type": "move-subtree",
      "node": {
        "label": "",
        "type": "VariableDeclarationExpression"
      },
      "location-before-char-start": 13800,
      "location-before-char-end": 13809,
      "location-after-char-start": 13264,
      "location-after-char-end": 13273,
      "node-str": ""
    },
    {
      "type": "insert-node",
      "node": {
        "label": "",
        "type": "InfixExpression"
      },
      "location-after-char-start": 13275,
      "location-after-char-end": 13302,
      "node-str": ""
    },
    {
      "type": "move-subtree",
      "node": {
        "label": "",
        "type": "PostfixExpression"
      },
      "location-before-char-start": 13838,
      "location-before-char-end": 13841,
      "location-after-char-start": 13304,
      "location-after-char-end": 13307,
      "node-str": ""
    },
    {
      "type": "insert-node",
      "node": {
        "label": "",
        "type": "Block"
      },
      "location-after-char-start": 13321,
      "location-after-char-end": 13731,
      "node-str": ""
    },
    {
      "type": "insert-node",
      "node": {
        "label": "",
        "type": "METHOD_INVOCATION_RECEIVER"
      },
      "location-after-char-start": 14658,
      "location-after-char-end": 14661,
      "node-str": ""
    },
    {
      "type": "insert-node",
      "node": {
        "label": "trace",
        "type": "SimpleName"
      },
      "location-after-char-start": 14662,
      "location-after-char-end": 14667,
      "node-str": "trace"
    },
    {
      "type": "insert-node",
      "node": {
        "label": "",
        "type": "METHOD_INVOCATION_ARGUMENTS"
      },
      "location-after-char-start": 14668,
      "location-after-char-end": 14698,
      "node-str": ""
    },
    {
      "type": "insert-node",
      "node": {
        "label": "m_count",
        "type": "SimpleName"
      },
      "location-after-char-start": 14782,
      "location-after-char-end": 14789,
      "node-str": "m_count"
    },
    {
      "type": "move-subtree",
      "node": {
        "label": "\u003d\u003d",
        "type": "INFIX_EXPRESSION_OPERATOR"
      },
      "location-before-char-start": 13055,
      "location-before-char-end": 13057,
      "location-after-char-start": 14790,
      "location-after-char-end": 14792,
      "node-str": "\u003d\u003d"
    },
    {
      "type": "insert-node",
      "node": {
        "label": "m_capacity",
        "type": "SimpleName"
      },
      "location-after-char-start": 14793,
      "location-after-char-end": 14803,
      "node-str": "m_capacity"
    },
    {
      "type": "insert-node",
      "node": {
        "label": "m_capacity",
        "type": "SimpleName"
      },
      "location-after-char-start": 14807,
      "location-after-char-end": 14817,
      "node-str": "m_capacity"
    },
    {
      "type": "insert-node",
      "node": {
        "label": "\u003e\u003d",
        "type": "INFIX_EXPRESSION_OPERATOR"
      },
      "location-after-char-start": 14818,
      "location-after-char-end": 14820,
      "node-str": "\u003e\u003d"
    },
    {
      "type": "insert-node",
      "node": {
        "label": "m_maxCapacity",
        "type": "SimpleName"
      },
      "location-after-char-start": 14821,
      "location-after-char-end": 14834,
      "node-str": "m_maxCapacity"
    },
    {
      "type": "insert-node",
      "node": {
        "label": "",
        "type": "PrefixExpression"
      },
      "location-after-char-start": 14859,
      "location-after-char-end": 14871,
      "node-str": ""
    },
    {
      "type": "insert-node",
      "node": {
        "label": "",
        "type": "MethodInvocation"
      },
      "location-after-char-start": 14885,
      "location-after-char-end": 15152,
      "node-str": ""
    },
    {
      "type": "move-subtree",
      "node": {
        "label": "entry",
        "type": "SimpleName"
      },
      "location-before-char-start": 12492,
      "location-before-char-end": 12497,
      "location-after-char-start": 12493,
      "location-after-char-end": 12498,
      "node-str": "entry"
    },
    {
      "type": "move-subtree",
      "node": {
        "label": "\u003d",
        "type": "ASSIGNMENT_OPERATOR"
      },
      "location-before-char-start": 12498,
      "location-before-char-end": 12499,
      "location-after-char-start": 12499,
      "location-after-char-end": 12500,
      "node-str": "\u003d"
    },
    {
      "type": "insert-node",
      "node": {
        "label": "entry.m_prev",
        "type": "QualifiedName"
      },
      "location-after-char-start": 12501,
      "location-after-char-end": 12513,
      "node-str": "entry.m_prev"
    },
    {
      "type": "insert-node",
      "node": {
        "label": "",
        "type": "IfStatement"
      },
      "location-after-char-start": 12544,
      "location-after-char-end": 12887,
      "node-str": ""
    },
    {
      "type": "move-subtree",
      "node": {
        "label": "i",
        "type": "SimpleName"
      },
      "location-before-char-start": 13811,
      "location-before-char-end": 13812,
      "location-after-char-start": 13275,
      "location-after-char-end": 13276,
      "node-str": "i"
    },
    {
      "type": "move-subtree",
      "node": {
        "label": "\u003c",
        "type": "INFIX_EXPRESSION_OPERATOR"
      },
      "location-before-char-start": 13813,
      "location-before-char-end": 13814,
      "location-after-char-start": 13277,
      "location-after-char-end": 13278,
      "node-str": "\u003c"
    },
    {
      "type": "insert-node",
      "node": {
        "label": "",
        "type": "MethodInvocation"
      },
      "location-after-char-start": 13279,
      "location-after-char-end": 13302,
      "node-str": ""
    },
    {
      "type": "insert-node",
      "node": {
        "label": "",
        "type": "VariableDeclarationStatement"
      },
      "location-after-char-start": 13338,
      "location-after-char-end": 13400,
      "node-str": ""
    },
    {
      "type": "insert-node",
      "node": {
        "label": "",
        "type": "TryStatement"
      },
      "location-after-char-start": 13416,
      "location-after-char-end": 13717,
      "node-str": ""
    },
    {
      "type": "insert-node",
      "node": {
        "label": "log",
        "type": "SimpleName"
      },
      "location-after-char-start": 14658,
      "location-after-char-end": 14661,
      "node-str": "log"
    },
    {
      "type": "insert-node",
      "node": {
        "label": "",
        "type": "InfixExpression"
      },
      "location-after-char-start": 14668,
      "location-after-char-end": 14698,
      "node-str": ""
    },
    {
      "type": "insert-node",
      "node": {
        "label": "++",
        "type": "PREFIX_EXPRESSION_OPERATOR"
      },
      "location-after-char-start": 14859,
      "location-after-char-end": 14861,
      "node-str": "++"
    },
    {
      "type": "insert-node",
      "node": {
        "label": "m_capacity",
        "type": "SimpleName"
      },
      "location-after-char-start": 14861,
      "location-after-char-end": 14871,
      "node-str": "m_capacity"
    },
    {
      "type": "move-subtree",
      "node": {
        "label": "",
        "type": "METHOD_INVOCATION_RECEIVER"
      },
      "location-before-char-start": 13149,
      "location-before-char-end": 13152,
      "location-after-char-start": 14885,
      "location-after-char-end": 14888,
      "node-str": ""
    },
    {
      "type": "insert-node",
      "node": {
        "label": "warn",
        "type": "SimpleName"
      },
      "location-after-char-start": 14889,
      "location-after-char-end": 14893,
      "node-str": "warn"
    },
    {
      "type": "insert-node",
      "node": {
        "label": "",
        "type": "METHOD_INVOCATION_ARGUMENTS"
      },
      "location-after-char-start": 14894,
      "location-after-char-end": 15151,
      "node-str": ""
    },
    {
      "type": "move-subtree",
      "node": {
        "label": "",
        "type": "InfixExpression"
      },
      "location-before-char-start": 12546,
      "location-before-char-end": 12579,
      "location-after-char-start": 12548,
      "location-after-char-end": 12581,
      "node-str": ""
    },
    {
      "type": "insert-node",
      "node": {
        "label": "",
        "type": "Block"
      },
      "location-after-char-start": 12598,
      "location-after-char-end": 12808,
      "node-str": ""
    },
    {
      "type": "move-subtree",
      "node": {
        "label": "",
        "type": "Block"
      },
      "location-before-char-start": 13382,
      "location-before-char-end": 13425,
      "location-after-char-start": 12844,
      "location-after-char-end": 12887,
      "node-str": ""
    },
    {
      "type": "insert-node",
      "node": {
        "label": "",
        "type": "METHOD_INVOCATION_RECEIVER"
      },
      "location-after-char-start": 13279,
      "location-after-char-end": 13295,
      "node-str": ""
    },
    {
      "type": "move-subtree",
      "node": {
        "label": "size",
        "type": "SimpleName"
      },
      "location-before-char-start": 13830,
      "location-before-char-end": 13834,
      "location-after-char-start": 13296,
      "location-after-char-end": 13300,
      "node-str": "size"
    },
    {
      "type": "insert-node",
      "node": {
        "label": "",
        "type": "SimpleType"
      },
      "location-after-char-start": 13338,
      "location-after-char-end": 13351,
      "node-str": ""
    },
    {
      "type": "insert-node",
      "node": {
        "label": "",
        "type": "VariableDeclarationFragment"
      },
      "location-after-char-start": 13352,
      "location-after-char-end": 13399,
      "node-str": ""
    },
    {
      "type": "insert-node",
      "node": {
        "label": "",
        "type": "Block"
      },
      "location-after-char-start": 13435,
      "location-after-char-end": 13531,
      "node-str": ""
    },
    {
      "type": "insert-node",
      "node": {
        "label": "",
        "type": "CatchClause"
      },
      "location-after-char-start": 13547,
      "location-after-char-end": 13717,
      "node-str": ""
    },
    {
      "type": "insert-node",
      "node": {
        "label": "\"entryPromotion, entry\u003d\"",
        "type": "StringLiteral"
      },
      "location-after-char-start": 14668,
      "location-after-char-end": 14692,
      "node-str": "\"entryPromotion, entry\u003d\""
    },
    {
      "type": "insert-node",
      "node": {
        "label": "+",
        "type": "INFIX_EXPRESSION_OPERATOR"
      },
      "location-after-char-start": 14692,
      "location-after-char-end": 14693,
      "node-str": "+"
    },
    {
      "type": "insert-node",
      "node": {
        "label": "entry",
        "type": "SimpleName"
      },
      "location-after-char-start": 14693,
      "location-after-char-end": 14698,
      "node-str": "entry"
    },
    {
      "type": "insert-node",
      "node": {
        "label": "",
        "type": "InfixExpression"
      },
      "location-after-char-start": 14894,
      "location-after-char-end": 15151,
      "node-str": ""
    },
    {
      "type": "insert-node",
      "node": {
        "label": "",
        "type": "IfStatement"
      },
      "location-after-char-start": 12679,
      "location-after-char-end": 12744,
      "node-str": ""
    },
    {
      "type": "insert-node",
      "node": {
        "label": "",
        "type": "ExpressionStatement"
      },
      "location-after-char-start": 12763,
      "location-after-char-end": 12791,
      "node-str": ""
    },
    {
      "type": "insert-node",
      "node": {
        "label": "passivateEntries",
        "type": "SimpleName"
      },
      "location-after-char-start": 13279,
      "location-after-char-end": 13295,
      "node-str": "passivateEntries"
    },
    {
      "type": "insert-node",
      "node": {
        "label": "LRUCacheEntry",
        "type": "SimpleName"
      },
      "location-after-char-start": 13338,
      "location-after-char-end": 13351,
      "node-str": "LRUCacheEntry"
    },
    {
      "type": "insert-node",
      "node": {
        "label": "entry",
        "type": "SimpleName"
      },
      "location-after-char-start": 13352,
      "location-after-char-end": 13357,
      "node-str": "entry"
    },
    {
      "type": "insert-node",
      "node": {
        "label": "",
        "type": "CastExpression"
      },
      "location-after-char-start": 13360,
      "location-after-char-end": 13399,
      "node-str": ""
    },
    {
      "type": "insert-node",
      "node": {
        "label": "",
        "type": "ExpressionStatement"
      },
      "location-after-char-start": 13455,
      "location-after-char-end": 13514,
      "node-str": ""
    },
    {
      "type": "move-subtree",
      "node": {
        "label": "",
        "type": "SingleVariableDeclaration"
      },
      "location-before-char-start": 14060,
      "location-before-char-end": 14077,
      "location-after-char-start": 13554,
      "location-after-char-end": 13571,
      "node-str": ""
    },
    {
      "type": "insert-node",
      "node": {
        "label": "",
        "type": "Block"
      },
      "location-after-char-start": 13588,
      "location-after-char-end": 13717,
      "node-str": ""
    },
    {
      "type": "insert-node",
      "node": {
        "label": "\"Cache has reached maximum capacity for container \"",
        "type": "StringLiteral"
      },
      "location-after-char-start": 14894,
      "location-after-char-end": 14945,
      "node-str": "\"Cache has reached maximum capacity for container \""
    },
    {
      "type": "move-subtree",
      "node": {
        "label": "+",
        "type": "INFIX_EXPRESSION_OPERATOR"
      },
      "location-before-char-start": 13200,
      "location-before-char-end": 13201,
      "location-after-char-start": 14946,
      "location-after-char-end": 14947,
      "node-str": "+"
    },
    {
      "type": "insert-node",
      "node": {
        "label": "",
        "type": "MethodInvocation"
      },
      "location-after-char-start": 14969,
      "location-after-char-end": 15004,
      "node-str": ""
    },
    {
      "type": "insert-node",
      "node": {
        "label": "\" - probably because all instances are in use. \"",
        "type": "StringLiteral"
      },
      "location-after-char-start": 15028,
      "location-after-char-end": 15076,
      "node-str": "\" - probably because all instances are in use. \""
    },
    {
      "type": "insert-node",
      "node": {
        "label": "\"Temporarily increasing the size to \"",
        "type": "StringLiteral"
      },
      "location-after-char-start": 15101,
      "location-after-char-end": 15138,
      "node-str": "\"Temporarily increasing the size to \""
    },
    {
      "type": "insert-node",
      "node": {
        "label": "m_capacity",
        "type": "SimpleName"
      },
      "location-after-char-start": 15141,
      "location-after-char-end": 15151,
      "node-str": "m_capacity"
    },
    {
      "type": "insert-node",
      "node": {
        "label": "",
        "type": "InfixExpression"
      },
      "location-after-char-start": 12683,
      "location-after-char-end": 12707,
      "node-str": ""
    },
    {
      "type": "insert-node",
      "node": {
        "label": "",
        "type": "ExpressionStatement"
      },
      "location-after-char-start": 12709,
      "location-after-char-end": 12744,
      "node-str": ""
    },
    {
      "type": "insert-node",
      "node": {
        "label": "",
        "type": "MethodInvocation"
      },
      "location-after-char-start": 12763,
      "location-after-char-end": 12790,
      "node-str": ""
    },
    {
      "type": "insert-node",
      "node": {
        "label": "",
        "type": "SimpleType"
      },
      "location-after-char-start": 13361,
      "location-after-char-end": 13374,
      "node-str": ""
    },
    {
      "type": "insert-node",
      "node": {
        "label": "",
        "type": "MethodInvocation"
      },
      "location-after-char-start": 13376,
      "location-after-char-end": 13399,
      "node-str": ""
    },
    {
      "type": "insert-node",
      "node": {
        "label": "",
        "type": "MethodInvocation"
      },
      "location-after-char-start": 13455,
      "location-after-char-end": 13513,
      "node-str": ""
    },
    {
      "type": "insert-node",
      "node": {
        "label": "",
        "type": "IfStatement"
      },
      "location-after-char-start": 13608,
      "location-after-char-end": 13700,
      "node-str": ""
    },
    {
      "type": "insert-node",
      "node": {
        "label": "",
        "type": "METHOD_INVOCATION_RECEIVER"
      },
      "location-after-char-start": 14969,
      "location-after-char-end": 14991,
      "node-str": ""
    },
    {
      "type": "insert-node",
      "node": {
        "label": "getJmxName",
        "type": "SimpleName"
      },
      "location-after-char-start": 14992,
      "location-after-char-end": 15002,
      "node-str": "getJmxName"
    },
    {
      "type": "insert-node",
      "node": {
        "label": "passivateEntries",
        "type": "SimpleName"
      },
      "location-after-char-start": 12683,
      "location-after-char-end": 12699,
      "node-str": "passivateEntries"
    },
    {
      "type": "move-subtree",
      "node": {
        "label": "\u003d\u003d",
        "type": "INFIX_EXPRESSION_OPERATOR"
      },
      "location-before-char-start": 12828,
      "location-before-char-end": 12830,
      "location-after-char-start": 12700,
      "location-after-char-end": 12702,
      "node-str": "\u003d\u003d"
    },
    {
      "type": "move-subtree",
      "node": {
        "label": "",
        "type": "NullLiteral"
      },
      "location-before-char-start": 12831,
      "location-before-char-end": 12835,
      "location-after-char-start": 12703,
      "location-after-char-end": 12707,
      "node-str": ""
    },
    {
      "type": "insert-node",
      "node": {
        "label": "",
        "type": "Assignment"
      },
      "location-after-char-start": 12709,
      "location-after-char-end": 12743,
      "node-str": ""
    },
    {
      "type": "insert-node",
      "node": {
        "label": "",
        "type": "METHOD_INVOCATION_RECEIVER"
      },
      "location-after-char-start": 12763,
      "location-after-char-end": 12779,
      "node-str": ""
    },
    {
      "type": "move-subtree",
      "node": {
        "label": "add",
        "type": "SimpleName"
      },
      "location-before-char-start": 12904,
      "location-before-char-end": 12907,
      "location-after-char-start": 12780,
      "location-after-char-end": 12783,
      "node-str": "add"
    },
    {
      "type": "insert-node",
      "node": {
        "label": "",
        "type": "METHOD_INVOCATION_ARGUMENTS"
      },
      "location-after-char-start": 12784,
      "location-after-char-end": 12789,
      "node-str": ""
    },
    {
      "type": "insert-node",
      "node": {
        "label": "LRUCacheEntry",
        "type": "SimpleName"
      },
      "location-after-char-start": 13361,
      "location-after-char-end": 13374,
      "node-str": "LRUCacheEntry"
    },
    {
      "type": "insert-node",
      "node": {
        "label": "",
        "type": "METHOD_INVOCATION_RECEIVER"
      },
      "location-after-char-start": 13376,
      "location-after-char-end": 13392,
      "node-str": ""
    },
    {
      "type": "move-subtree",
      "node": {
        "label": "get",
        "type": "SimpleName"
      },
      "location-before-char-start": 13930,
      "location-before-char-end": 13933,
      "location-after-char-start": 13393,
      "location-after-char-end": 13396,
      "node-str": "get"
    },
    {
      "type": "move-subtree",
      "node": {
        "label": "",
        "type": "METHOD_INVOCATION_ARGUMENTS"
      },
      "location-before-char-start": 13934,
      "location-before-char-end": 13935,
      "location-after-char-start": 13397,
      "location-after-char-end": 13398,
      "node-str": ""
    },
    {
      "type": "move-subtree",
      "node": {
        "label": "",
        "type": "METHOD_INVOCATION_RECEIVER"
      },
      "location-before-char-start": 13992,
      "location-before-char-end": 13999,
      "location-after-char-start": 13455,
      "location-after-char-end": 13462,
      "node-str": ""
    },
    {
      "type": "move-subtree",
      "node": {
        "label": "tryToPassivate",
        "type": "SimpleName"
      },
      "location-before-char-start": 14000,
      "location-before-char-end": 14014,
      "location-after-char-start": 13463,
      "location-after-char-end": 13477,
      "node-str": "tryToPassivate"
    },
    {
      "type": "insert-node",
      "node": {
        "label": "",
        "type": "METHOD_INVOCATION_ARGUMENTS"
      },
      "location-after-char-start": 13478,
      "location-after-char-end": 13512,
      "node-str": ""
    },
    {
      "type": "move-subtree",
      "node": {
        "label": "",
        "type": "MethodInvocation"
      },
      "location-before-char-start": 14118,
      "location-before-char-end": 14138,
      "location-after-char-start": 13612,
      "location-after-char-end": 13632,
      "node-str": ""
    },
    {
      "type": "move-subtree",
      "node": {
        "label": "",
        "type": "ExpressionStatement"
      },
      "location-before-char-start": 14181,
      "location-before-char-end": 14226,
      "location-after-char-start": 13655,
      "location-after-char-end": 13700,
      "node-str": ""
    },
    {
      "type": "insert-node",
      "node": {
        "label": "",
        "type": "MethodInvocation"
      },
      "location-after-char-start": 14969,
      "location-after-char-end": 14991,
      "node-str": ""
    },
    {
      "type": "insert-node",
      "node": {
        "label": "passivateEntries",
        "type": "SimpleName"
      },
      "location-after-char-start": 12709,
      "location-after-char-end": 12725,
      "node-str": "passivateEntries"
    },
    {
      "type": "move-subtree",
      "node": {
        "label": "\u003d",
        "type": "ASSIGNMENT_OPERATOR"
      },
      "location-before-char-start": 12852,
      "location-before-char-end": 12853,
      "location-after-char-start": 12726,
      "location-after-char-end": 12727,
      "node-str": "\u003d"
    },
    {
      "type": "move-subtree",
      "node": {
        "label": "",
        "type": "ClassInstanceCreation"
      },
      "location-before-char-start": 12854,
      "location-before-char-end": 12869,
      "location-after-char-start": 12728,
      "location-after-char-end": 12743,
      "node-str": ""
    },
    {
      "type": "insert-node",
      "node": {
        "label": "passivateEntries",
        "type": "SimpleName"
      },
      "location-after-char-start": 12763,
      "location-after-char-end": 12779,
      "node-str": "passivateEntries"
    },
    {
      "type": "move-subtree",
      "node": {
        "label": "entry",
        "type": "SimpleName"
      },
      "location-before-char-start": 13274,
      "location-before-char-end": 13279,
      "location-after-char-start": 12784,
      "location-after-char-end": 12789,
      "node-str": "entry"
    },
    {
      "type": "insert-node",
      "node": {
        "label": "passivateEntries",
        "type": "SimpleName"
      },
      "location-after-char-start": 13376,
      "location-after-char-end": 13392,
      "node-str": "passivateEntries"
    },
    {
      "type": "insert-node",
      "node": {
        "label": "",
        "type": "CastExpression"
      },
      "location-after-char-start": 13478,
      "location-after-char-end": 13512,
      "node-str": ""
    },
    {
      "type": "move-subtree",
      "node": {
        "label": "",
        "type": "METHOD_INVOCATION_RECEIVER"
      },
      "location-before-char-start": 12943,
      "location-before-char-end": 12950,
      "location-after-char-start": 14969,
      "location-after-char-end": 14976,
      "node-str": ""
    },
    {
      "type": "insert-node",
      "node": {
        "label": "getContainer",
        "type": "SimpleName"
      },
      "location-after-char-start": 14977,
      "location-after-char-end": 14989,
      "node-str": "getContainer"
    },
    {
      "type": "move-subtree",
      "node": {
        "label": "",
        "type": "SimpleType"
      },
      "location-before-char-start": 13897,
      "location-before-char-end": 13914,
      "location-after-char-start": 13479,
      "location-after-char-end": 13496,
      "node-str": ""
    },
    {
      "type": "move-subtree",
      "node": {
        "label": "entry.m_object",
        "type": "QualifiedName"
      },
      "location-before-char-start": 12908,
      "location-before-char-end": 12922,
      "location-after-char-start": 13498,
      "location-after-char-end": 13512,
      "node-str": "entry.m_object"
    },
    {
      "type": "delete-node",
      "node": {
        "label": "removedEntries",
        "type": "SimpleName"
      },
      "location-before-char-start": 12344,
      "location-before-char-end": 12358,
      "node-str": "removedEntries"
    },
    {
      "type": "delete-node",
      "node": {
        "label": "",
        "type": "VariableDeclarationFragment"
      },
      "location-before-char-start": 12344,
      "location-before-char-end": 12365,
      "node-str": ""
    },
    {
      "type": "delete-node",
      "node": {
        "label": "",
        "type": "VariableDeclarationStatement"
      },
      "location-before-char-start": 12334,
      "location-before-char-end": 12366,
      "node-str": ""
    },
    {
      "type": "delete-node",
      "node": {
        "label": "list.m_tail",
        "type": "QualifiedName"
      },
      "location-before-char-start": 12500,
      "location-before-char-end": 12511,
      "node-str": "list.m_tail"
    },
    {
      "type": "delete-node",
      "node": {
        "label": "",
        "type": "Assignment"
      },
      "location-before-char-start": 12492,
      "location-before-char-end": 12511,
      "node-str": ""
    },
    {
      "type": "delete-node",
      "node": {
        "label": "int",
        "type": "PrimitiveType"
      },
      "location-before-char-start": 12616,
      "location-before-char-end": 12619,
      "node-str": "int"
    },
    {
      "type": "delete-node",
      "node": {
        "label": "initialSize",
        "type": "SimpleName"
      },
      "location-before-char-start": 12620,
      "location-before-char-end": 12631,
      "node-str": "initialSize"
    },
    {
      "type": "delete-node",
      "node": {
        "label": "list.m_count",
        "type": "QualifiedName"
      },
      "location-before-char-start": 12634,
      "location-before-char-end": 12646,
      "node-str": "list.m_count"
    },
    {
      "type": "delete-node",
      "node": {
        "label": "",
        "type": "VariableDeclarationFragment"
      },
      "location-before-char-start": 12620,
      "location-before-char-end": 12646,
      "node-str": ""
    },
    {
      "type": "delete-node",
      "node": {
        "label": "",
        "type": "VariableDeclarationStatement"
      },
      "location-before-char-start": 12616,
      "location-before-char-end": 12647,
      "node-str": ""
    },
    {
      "type": "delete-node",
      "node": {
        "label": "log",
        "type": "SimpleName"
      },
      "location-before-char-start": 12705,
      "location-before-char-end": 12708,
      "node-str": "log"
    },
    {
      "type": "delete-node",
      "node": {
        "label": "entry.m_key",
        "type": "QualifiedName"
      },
      "location-before-char-start": 12709,
      "location-before-char-end": 12720,
      "node-str": "entry.m_key"
    },
    {
      "type": "delete-node",
      "node": {
        "label": "initialSize",
        "type": "SimpleName"
      },
      "location-before-char-start": 12722,
      "location-before-char-end": 12733,
      "node-str": "initialSize"
    },
    {
      "type": "delete-node",
      "node": {
        "label": "",
        "type": "METHOD_INVOCATION_ARGUMENTS"
      },
      "location-before-char-start": 12709,
      "location-before-char-end": 12733,
      "node-str": ""
    },
    {
      "type": "delete-node",
      "node": {
        "label": "",
        "type": "MethodInvocation"
      },
      "location-before-char-start": 12705,
      "location-before-char-end": 12734,
      "node-str": ""
    },
    {
      "type": "delete-node",
      "node": {
        "label": "",
        "type": "ExpressionStatement"
      },
      "location-before-char-start": 12705,
      "location-before-char-end": 12735,
      "node-str": ""
    },
    {
      "type": "delete-node",
      "node": {
        "label": "removedEntries",
        "type": "SimpleName"
      },
      "location-before-char-start": 12813,
      "location-before-char-end": 12827,
      "node-str": "removedEntries"
    },
    {
      "type": "delete-node",
      "node": {
        "label": "",
        "type": "InfixExpression"
      },
      "location-before-char-start": 12813,
      "location-before-char-end": 12835,
      "node-str": ""
    },
    {
      "type": "delete-node",
      "node": {
        "label": "removedEntries",
        "type": "SimpleName"
      },
      "location-before-char-start": 12837,
      "location-before-char-end": 12851,
      "node-str": "removedEntries"
    },
    {
      "type": "delete-node",
      "node": {
        "label": "",
        "type": "Assignment"
      },
      "location-before-char-start": 12837,
      "location-before-char-end": 12869,
      "node-str": ""
    },
    {
      "type": "delete-node",
      "node": {
        "label": "",
        "type": "ExpressionStatement"
      },
      "location-before-char-start": 12837,
      "location-before-char-end": 12870,
      "node-str": ""
    },
    {
      "type": "delete-node",
      "node": {
        "label": "",
        "type": "IfStatement"
      },
      "location-before-char-start": 12809,
      "location-before-char-end": 12870,
      "node-str": ""
    },
    {
      "type": "delete-node",
      "node": {
        "label": "removedEntries",
        "type": "SimpleName"
      },
      "location-before-char-start": 12889,
      "location-before-char-end": 12903,
      "node-str": "removedEntries"
    },
    {
      "type": "delete-node",
      "node": {
        "label": "",
        "type": "METHOD_INVOCATION_RECEIVER"
      },
      "location-before-char-start": 12889,
      "location-before-char-end": 12903,
      "node-str": ""
    },
    {
      "type": "delete-node",
      "node": {
        "label": "",
        "type": "METHOD_INVOCATION_ARGUMENTS"
      },
      "location-before-char-start": 12908,
      "location-before-char-end": 12922,
      "node-str": ""
    },
    {
      "type": "delete-node",
      "node": {
        "label": "",
        "type": "MethodInvocation"
      },
      "location-before-char-start": 12889,
      "location-before-char-end": 12923,
      "node-str": ""
    },
    {
      "type": "delete-node",
      "node": {
        "label": "",
        "type": "ExpressionStatement"
      },
      "location-before-char-start": 12889,
      "location-before-char-end": 12924,
      "node-str": ""
    },
    {
      "type": "delete-node",
      "node": {
        "label": "remove",
        "type": "SimpleName"
      },
      "location-before-char-start": 12951,
      "location-before-char-end": 12957,
      "node-str": "remove"
    },
    {
      "type": "delete-node",
      "node": {
        "label": "entry.m_key",
        "type": "QualifiedName"
      },
      "location-before-char-start": 12958,
      "location-before-char-end": 12969,
      "node-str": "entry.m_key"
    },
    {
      "type": "delete-node",
      "node": {
        "label": "",
        "type": "METHOD_INVOCATION_ARGUMENTS"
      },
      "location-before-char-start": 12958,
      "location-before-char-end": 12969,
      "node-str": ""
    },
    {
      "type": "delete-node",
      "node": {
        "label": "",
        "type": "MethodInvocation"
      },
      "location-before-char-start": 12943,
      "location-before-char-end": 12970,
      "node-str": ""
    },
    {
      "type": "delete-node",
      "node": {
        "label": "",
        "type": "ExpressionStatement"
      },
      "location-before-char-start": 12943,
      "location-before-char-end": 12971,
      "node-str": ""
    },
    {
      "type": "delete-node",
      "node": {
        "label": "int",
        "type": "PrimitiveType"
      },
      "location-before-char-start": 12991,
      "location-before-char-end": 12994,
      "node-str": "int"
    },
    {
      "type": "delete-node",
      "node": {
        "label": "finalSize",
        "type": "SimpleName"
      },
      "location-before-char-start": 12995,
      "location-before-char-end": 13004,
      "node-str": "finalSize"
    },
    {
      "type": "delete-node",
      "node": {
        "label": "list.m_count",
        "type": "QualifiedName"
      },
      "location-before-char-start": 13007,
      "location-before-char-end": 13019,
      "node-str": "list.m_count"
    },
    {
      "type": "delete-node",
      "node": {
        "label": "",
        "type": "VariableDeclarationFragment"
      },
      "location-before-char-start": 12995,
      "location-before-char-end": 13019,
      "node-str": ""
    },
    {
      "type": "delete-node",
      "node": {
        "label": "",
        "type": "VariableDeclarationStatement"
      },
      "location-before-char-start": 12991,
      "location-before-char-end": 13020,
      "node-str": ""
    },
    {
      "type": "delete-node",
      "node": {
        "label": "initialSize",
        "type": "SimpleName"
      },
      "location-before-char-start": 13043,
      "location-before-char-end": 13054,
      "node-str": "initialSize"
    },
    {
      "type": "delete-node",
      "node": {
        "label": "finalSize",
        "type": "SimpleName"
      },
      "location-before-char-start": 13058,
      "location-before-char-end": 13067,
      "node-str": "finalSize"
    },
    {
      "type": "delete-node",
      "node": {
        "label": "",
        "type": "InfixExpression"
      },
      "location-before-char-start": 13043,
      "location-before-char-end": 13067,
      "node-str": ""
    },
    {
      "type": "delete-node",
      "node": {
        "label": "error",
        "type": "SimpleName"
      },
      "location-before-char-start": 13153,
      "location-before-char-end": 13158,
      "node-str": "error"
    },
    {
      "type": "delete-node",
      "node": {
        "label": "\"Cache synchronization bug, initialSize\u003d\"",
        "type": "StringLiteral"
      },
      "location-before-char-start": 13159,
      "location-before-char-end": 13200,
      "node-str": "\"Cache synchronization bug, initialSize\u003d\""
    },
    {
      "type": "delete-node",
      "node": {
        "label": "initialSize",
        "type": "SimpleName"
      },
      "location-before-char-start": 13201,
      "location-before-char-end": 13212,
      "node-str": "initialSize"
    },
    {
      "type": "delete-node",
      "node": {
        "label": "\", finalSize\u003d\"",
        "type": "StringLiteral"
      },
      "location-before-char-start": 13238,
      "location-before-char-end": 13252,
      "node-str": "\", finalSize\u003d\""
    },
    {
      "type": "delete-node",
      "node": {
        "label": "finalSize",
        "type": "SimpleName"
      },
      "location-before-char-start": 13253,
      "location-before-char-end": 13262,
      "node-str": "finalSize"
    },
    {
      "type": "delete-node",
      "node": {
        "label": "\", entry\u003d\"",
        "type": "StringLiteral"
      },
      "location-before-char-start": 13263,
      "location-before-char-end": 13273,
      "node-str": "\", entry\u003d\""
    },
    {
      "type": "delete-node",
      "node": {
        "label": "",
        "type": "InfixExpression"
      },
      "location-before-char-start": 13159,
      "location-before-char-end": 13279,
      "node-str": ""
    },
    {
      "type": "delete-node",
      "node": {
        "label": "",
        "type": "METHOD_INVOCATION_ARGUMENTS"
      },
      "location-before-char-start": 13159,
      "location-before-char-end": 13279,
      "node-str": ""
    },
    {
      "type": "delete-node",
      "node": {
        "label": "",
        "type": "MethodInvocation"
      },
      "location-before-char-start": 13149,
      "location-before-char-end": 13280,
      "node-str": ""
    },
    {
      "type": "delete-node",
      "node": {
        "label": "",
        "type": "ExpressionStatement"
      },
      "location-before-char-start": 13149,
      "location-before-char-end": 13281,
      "node-str": ""
    },
    {
      "type": "delete-node",
      "node": {
        "label": "",
        "type": "BreakStatement"
      },
      "location-before-char-start": 13303,
      "location-before-char-end": 13309,
      "node-str": ""
    },
    {
      "type": "delete-node",
      "node": {
        "label": "",
        "type": "Block"
      },
      "location-before-char-start": 13087,
      "location-before-char-end": 13329,
      "node-str": ""
    },
    {
      "type": "delete-node",
      "node": {
        "label": "",
        "type": "IfStatement"
      },
      "location-before-char-start": 13039,
      "location-before-char-end": 13329,
      "node-str": ""
    },
    {
      "type": "delete-node",
      "node": {
        "label": "",
        "type": "Block"
      },
      "location-before-char-start": 12596,
      "location-before-char-end": 13346,
      "node-str": ""
    },
    {
      "type": "delete-node",
      "node": {
        "label": "",
        "type": "IfStatement"
      },
      "location-before-char-start": 12542,
      "location-before-char-end": 13425,
      "node-str": ""
    },
    {
      "type": "delete-node",
      "node": {
        "label": "",
        "type": "Block"
      },
      "location-before-char-start": 12525,
      "location-before-char-end": 13439,
      "node-str": ""
    },
    {
      "type": "delete-node",
      "node": {
        "label": "",
        "type": "ForStatement"
      },
      "location-before-char-start": 12437,
      "location-before-char-end": 13439,
      "node-str": ""
    },
    {
      "type": "delete-node",
      "node": {
        "label": "",
        "type": "Block"
      },
      "location-before-char-start": 12423,
      "location-before-char-end": 13450,
      "node-str": ""
    },
    {
      "type": "delete-node",
      "node": {
        "label": "",
        "type": "SynchronizedStatement"
      },
      "location-before-char-start": 12376,
      "location-before-char-end": 13450,
      "node-str": ""
    },
    {
      "type": "delete-node",
      "node": {
        "label": "removedEntries",
        "type": "SimpleName"
      },
      "location-before-char-start": 13748,
      "location-before-char-end": 13762,
      "node-str": "removedEntries"
    },
    {
      "type": "delete-node",
      "node": {
        "label": "",
        "type": "InfixExpression"
      },
      "location-before-char-start": 13748,
      "location-before-char-end": 13770,
      "node-str": ""
    },
    {
      "type": "delete-node",
      "node": {
        "label": "removedEntries",
        "type": "SimpleName"
      },
      "location-before-char-start": 13815,
      "location-before-char-end": 13829,
      "node-str": "removedEntries"
    },
    {
      "type": "delete-node",
      "node": {
        "label": "",
        "type": "METHOD_INVOCATION_RECEIVER"
      },
      "location-before-char-start": 13815,
      "location-before-char-end": 13829,
      "node-str": ""
    },
    {
      "type": "delete-node",
      "node": {
        "label": "",
        "type": "MethodInvocation"
      },
      "location-before-char-start": 13815,
      "location-before-char-end": 13836,
      "node-str": ""
    },
    {
      "type": "delete-node",
      "node": {
        "label": "",
        "type": "InfixExpression"
      },
      "location-before-char-start": 13811,
      "location-before-char-end": 13836,
      "node-str": ""
    },
    {
      "type": "delete-node",
      "node": {
        "label": "EnterpriseContext",
        "type": "SimpleName"
      },
      "location-before-char-start": 13872,
      "location-before-char-end": 13889,
      "node-str": "EnterpriseContext"
    },
    {
      "type": "delete-node",
      "node": {
        "label": "",
        "type": "SimpleType"
      },
      "location-before-char-start": 13872,
      "location-before-char-end": 13889,
      "node-str": ""
    },
    {
      "type": "delete-node",
      "node": {
        "label": "ctx",
        "type": "SimpleName"
      },
      "location-before-char-start": 13890,
      "location-before-char-end": 13893,
      "node-str": "ctx"
    },
    {
      "type": "delete-node",
      "node": {
        "label": "removedEntries",
        "type": "SimpleName"
      },
      "location-before-char-start": 13915,
      "location-before-char-end": 13929,
      "node-str": "removedEntries"
    },
    {
      "type": "delete-node",
      "node": {
        "label": "",
        "type": "METHOD_INVOCATION_RECEIVER"
      },
      "location-before-char-start": 13915,
      "location-before-char-end": 13929,
      "node-str": ""
    },
    {
      "type": "delete-node",
      "node": {
        "label": "",
        "type": "MethodInvocation"
      },
      "location-before-char-start": 13915,
      "location-before-char-end": 13936,
      "node-str": ""
    },
    {
      "type": "delete-node",
      "node": {
        "label": "",
        "type": "CastExpression"
      },
      "location-before-char-start": 13896,
      "location-before-char-end": 13936,
      "node-str": ""
    },
    {
      "type": "delete-node",
      "node": {
        "label": "",
        "type": "VariableDeclarationFragment"
      },
      "location-before-char-start": 13890,
      "location-before-char-end": 13936,
      "node-str": ""
    },
    {
      "type": "delete-node",
      "node": {
        "label": "",
        "type": "VariableDeclarationStatement"
      },
      "location-before-char-start": 13872,
      "location-before-char-end": 13937,
      "node-str": ""
    },
    {
      "type": "delete-node",
      "node": {
        "label": "ctx",
        "type": "SimpleName"
      },
      "location-before-char-start": 14015,
      "location-before-char-end": 14018,
      "node-str": "ctx"
    },
    {
      "type": "delete-node",
      "node": {
        "label": "",
        "type": "METHOD_INVOCATION_ARGUMENTS"
      },
      "location-before-char-start": 14015,
      "location-before-char-end": 14018,
      "node-str": ""
    },
    {
      "type": "delete-node",
      "node": {
        "label": "",
        "type": "MethodInvocation"
      },
      "location-before-char-start": 13992,
      "location-before-char-end": 14019,
      "node-str": ""
    },
    {
      "type": "delete-node",
      "node": {
        "label": "",
        "type": "ExpressionStatement"
      },
      "location-before-char-start": 13992,
      "location-before-char-end": 14020,
      "node-str": ""
    },
    {
      "type": "delete-node",
      "node": {
        "label": "",
        "type": "Block"
      },
      "location-before-char-start": 13972,
      "location-before-char-end": 14037,
      "node-str": ""
    },
    {
      "type": "delete-node",
      "node": {
        "label": "",
        "type": "Block"
      },
      "location-before-char-start": 14158,
      "location-before-char-end": 14246,
      "node-str": ""
    },
    {
      "type": "delete-node",
      "node": {
        "label": "",
        "type": "IfStatement"
      },
      "location-before-char-start": 14114,
      "location-before-char-end": 14246,
      "node-str": ""
    },
    {
      "type": "delete-node",
      "node": {
        "label": "",
        "type": "Block"
      },
      "location-before-char-start": 14094,
      "location-before-char-end": 14263,
      "node-str": ""
    },
    {
      "type": "delete-node",
      "node": {
        "label": "",
        "type": "CatchClause"
      },
      "location-before-char-start": 14053,
      "location-before-char-end": 14263,
      "node-str": ""
    },
    {
      "type": "delete-node",
      "node": {
        "label": "",
        "type": "TryStatement"
      },
      "location-before-char-start": 13953,
      "location-before-char-end": 14263,
      "node-str": ""
    },
    {
      "type": "delete-node",
      "node": {
        "label": "",
        "type": "Block"
      },
      "location-before-char-start": 13855,
      "location-before-char-end": 14277,
      "node-str": ""
    },
    {
      "type": "delete-node",
      "node": {
        "label": "",
        "type": "ForStatement"
      },
      "location-before-char-start": 13795,
      "location-before-char-end": 14277,
      "node-str": ""
    },
    {
      "type": "delete-node",
      "node": {
        "label": "",
        "type": "Block"
      },
      "location-before-char-start": 13781,
      "location-before-char-end": 14288,
      "node-str": ""
    },
    {
      "type": "delete-node",
      "node": {
        "label": "",
        "type": "IfStatement"
      },
      "location-before-char-start": 13744,
      "location-before-char-end": 14288,
      "node-str": ""
    },
    {
      "type": "delete-node",
      "node": {
        "label": "",
        "type": "Block"
      },
      "location-before-char-start": 12144,
      "location-before-char-end": 14296,
      "node-str": ""
    },
    {
      "type": "delete-node",
      "node": {
        "label": "",
        "type": "MethodDeclaration"
      },
      "location-before-char-start": 12120,
      "location-before-char-end": 14296,
      "node-str": ""
    },
    {
      "type": "delete-node",
      "node": {
        "label": "",
        "type": "TypeDeclaration"
      },
      "location-before-char-start": 11651,
      "location-before-char-end": 14945,
      "node-str": ""
    },
    {
      "type": "delete-node",
      "node": {
        "label": "log",
        "type": "SimpleName"
      },
      "location-before-char-start": 15137,
      "location-before-char-end": 15140,
      "node-str": "log"
    },
    {
      "type": "delete-node",
      "node": {
        "label": "",
        "type": "METHOD_INVOCATION_RECEIVER"
      },
      "location-before-char-start": 15137,
      "location-before-char-end": 15140,
      "node-str": ""
    },
    {
      "type": "delete-node",
      "node": {
        "label": "isTraceEnabled",
        "type": "SimpleName"
      },
      "location-before-char-start": 15141,
      "location-before-char-end": 15155,
      "node-str": "isTraceEnabled"
    },
    {
      "type": "delete-node",
      "node": {
        "label": "",
        "type": "MethodInvocation"
      },
      "location-before-char-start": 15137,
      "location-before-char-end": 15157,
      "node-str": ""
    },
    {
      "type": "delete-node",
      "node": {
        "label": "",
        "type": "IfStatement"
      },
      "location-before-char-start": 15133,
      "location-before-char-end": 15210,
      "node-str": ""
    },
    {
      "type": "delete-node",
      "node": {
        "label": "",
        "type": "Block"
      },
      "location-before-char-start": 15122,
      "location-before-char-end": 15218,
      "node-str": ""
    },
    {
      "type": "delete-node",
      "node": {
        "label": "",
        "type": "MethodDeclaration"
      },
      "location-before-char-start": 15069,
      "location-before-char-end": 15218,
      "node-str": ""
    },
    {
      "type": "delete-node",
      "node": {
        "label": "log",
        "type": "SimpleName"
      },
      "location-before-char-start": 15295,
      "location-before-char-end": 15298,
      "node-str": "log"
    },
    {
      "type": "delete-node",
      "node": {
        "label": "",
        "type": "METHOD_INVOCATION_RECEIVER"
      },
      "location-before-char-start": 15295,
      "location-before-char-end": 15298,
      "node-str": ""
    },
    {
      "type": "delete-node",
      "node": {
        "label": "isTraceEnabled",
        "type": "SimpleName"
      },
      "location-before-char-start": 15299,
      "location-before-char-end": 15313,
      "node-str": "isTraceEnabled"
    },
    {
      "type": "delete-node",
      "node": {
        "label": "",
        "type": "MethodInvocation"
      },
      "location-before-char-start": 15295,
      "location-before-char-end": 15315,
      "node-str": ""
    },
    {
      "type": "delete-node",
      "node": {
        "label": "",
        "type": "IfStatement"
      },
      "location-before-char-start": 15291,
      "location-before-char-end": 15370,
      "node-str": ""
    },
    {
      "type": "delete-node",
      "node": {
        "label": "",
        "type": "Block"
      },
      "location-before-char-start": 15280,
      "location-before-char-end": 15378,
      "node-str": ""
    },
    {
      "type": "delete-node",
      "node": {
        "label": "",
        "type": "MethodDeclaration"
      },
      "location-before-char-start": 15225,
      "location-before-char-end": 15378,
      "node-str": ""
    },
    {
      "type": "delete-node",
      "node": {
        "label": "",
        "type": "IfStatement"
      },
      "location-before-char-start": 15450,
      "location-before-char-end": 15544,
      "node-str": ""
    },
    {
      "type": "delete-node",
      "node": {
        "label": "",
        "type": "Block"
      },
      "location-before-char-start": 15439,
      "location-before-char-end": 15552,
      "node-str": ""
    },
    {
      "type": "delete-node",
      "node": {
        "label": "",
        "type": "MethodDeclaration"
      },
      "location-before-char-start": 15385,
      "location-before-char-end": 15552,
      "node-str": ""
    },
    {
      "type": "delete-node",
      "node": {
        "label": "",
        "type": "TypeDeclaration"
      },
      "location-before-char-start": 14950,
      "location-before-char-end": 15557,
      "node-str": ""
    },
    {
      "type": "delete-node",
      "node": {
        "label": "",
        "type": "TypeDeclaration"
      },
      "location-before-char-start": 586,
      "location-before-char-end": 15560,
      "node-str": ""
    }
  ],
  "before-file": {},
  "after-file": {},
  "mapping": {}
}