{
  "tool-info": {},
  "diff": [
    {
      "type": "insert-node",
      "node": {
        "label": "public",
        "type": "Modifier"
      },
      "location-after-char-start": 0,
      "location-after-char-end": 0,
      "node-str": "public"
    },
    {
      "type": "insert-node",
      "node": {
        "label": "",
        "type": "TypeReference"
      },
      "location-after-char-start": 1905,
      "location-after-char-end": 1910,
      "node-str": ""
    },
    {
      "type": "insert-node",
      "node": {
        "label": "newButton",
        "type": "Field"
      },
      "location-after-char-start": 1942,
      "location-after-char-end": 1972,
      "node-str": "newButton"
    },
    {
      "type": "insert-node",
      "node": {
        "label": "oldButton",
        "type": "Field"
      },
      "location-after-char-start": 1978,
      "location-after-char-end": 2008,
      "node-str": "oldButton"
    },
    {
      "type": "insert-node",
      "node": {
        "label": "answeredButton",
        "type": "Field"
      },
      "location-after-char-start": 2014,
      "location-after-char-end": 2050,
      "node-str": "answeredButton"
    },
    {
      "type": "insert-node",
      "node": {
        "label": "flaggedButton",
        "type": "Field"
      },
      "location-after-char-start": 2056,
      "location-after-char-end": 2091,
      "node-str": "flaggedButton"
    },
    {
      "type": "insert-node",
      "node": {
        "label": "expungedButton",
        "type": "Field"
      },
      "location-after-char-start": 2097,
      "location-after-char-end": 2133,
      "node-str": "expungedButton"
    },
    {
      "type": "insert-node",
      "node": {
        "label": "draftButton",
        "type": "Field"
      },
      "location-after-char-start": 2139,
      "location-after-char-end": 2172,
      "node-str": "draftButton"
    },
    {
      "type": "insert-node",
      "node": {
        "label": "attachmentButton",
        "type": "Field"
      },
      "location-after-char-start": 2178,
      "location-after-char-end": 2216,
      "node-str": "attachmentButton"
    },
    {
      "type": "insert-node",
      "node": {
        "label": "secureButton",
        "type": "Field"
      },
      "location-after-char-start": 2222,
      "location-after-char-end": 2256,
      "node-str": "secureButton"
    },
    {
      "type": "insert-node",
      "node": {
        "label": "clearButton",
        "type": "Field"
      },
      "location-after-char-start": 2262,
      "location-after-char-end": 2288,
      "node-str": "clearButton"
    },
    {
      "type": "insert-node",
      "node": {
        "label": "advancedButton",
        "type": "Field"
      },
      "location-after-char-start": 2294,
      "location-after-char-end": 2323,
      "node-str": "advancedButton"
    },
    {
      "type": "insert-node",
      "node": {
        "label": "label",
        "type": "Field"
      },
      "location-after-char-start": 2329,
      "location-after-char-end": 2349,
      "node-str": "label"
    },
    {
      "type": "insert-node",
      "node": {
        "label": "textField",
        "type": "Field"
      },
      "location-after-char-start": 2355,
      "location-after-char-end": 2383,
      "node-str": "textField"
    },
    {
      "type": "insert-node",
      "node": {
        "label": "tableController",
        "type": "Field"
      },
      "location-after-char-start": 2389,
      "location-after-char-end": 2428,
      "node-str": "tableController"
    },
    {
      "type": "insert-node",
      "node": {
        "label": "actionPerformed",
        "type": "Method"
      },
      "location-after-char-start": 6621,
      "location-after-char-end": 8888,
      "node-str": "actionPerformed"
    },
    {
      "type": "insert-node",
      "node": {
        "label": "javax.swing.JPanel",
        "type": "SUPER_TYPE"
      },
      "location-after-char-start": 0,
      "location-after-char-end": 0,
      "node-str": "javax.swing.JPanel"
    },
    {
      "type": "insert-node",
      "node": {
        "label": "javax.swing.JToggleButton",
        "type": "VARIABLE_TYPE"
      },
      "location-after-char-start": 0,
      "location-after-char-end": 0,
      "node-str": "javax.swing.JToggleButton"
    },
    {
      "type": "insert-node",
      "node": {
        "label": "public",
        "type": "Modifier"
      },
      "location-after-char-start": 0,
      "location-after-char-end": 0,
      "node-str": "public"
    },
    {
      "type": "insert-node",
      "node": {
        "label": "javax.swing.JToggleButton",
        "type": "VARIABLE_TYPE"
      },
      "location-after-char-start": 0,
      "location-after-char-end": 0,
      "node-str": "javax.swing.JToggleButton"
    },
    {
      "type": "insert-node",
      "node": {
        "label": "public",
        "type": "Modifier"
      },
      "location-after-char-start": 0,
      "location-after-char-end": 0,
      "node-str": "public"
    },
    {
      "type": "insert-node",
      "node": {
        "label": "javax.swing.JToggleButton",
        "type": "VARIABLE_TYPE"
      },
      "location-after-char-start": 0,
      "location-after-char-end": 0,
      "node-str": "javax.swing.JToggleButton"
    },
    {
      "type": "insert-node",
      "node": {
        "label": "javax.swing.JToggleButton",
        "type": "VARIABLE_TYPE"
      },
      "location-after-char-start": 0,
      "location-after-char-end": 0,
      "node-str": "javax.swing.JToggleButton"
    },
    {
      "type": "insert-node",
      "node": {
        "label": "javax.swing.JToggleButton",
        "type": "VARIABLE_TYPE"
      },
      "location-after-char-start": 0,
      "location-after-char-end": 0,
      "node-str": "javax.swing.JToggleButton"
    },
    {
      "type": "insert-node",
      "node": {
        "label": "javax.swing.JToggleButton",
        "type": "VARIABLE_TYPE"
      },
      "location-after-char-start": 0,
      "location-after-char-end": 0,
      "node-str": "javax.swing.JToggleButton"
    },
    {
      "type": "insert-node",
      "node": {
        "label": "javax.swing.JToggleButton",
        "type": "VARIABLE_TYPE"
      },
      "location-after-char-start": 0,
      "location-after-char-end": 0,
      "node-str": "javax.swing.JToggleButton"
    },
    {
      "type": "insert-node",
      "node": {
        "label": "javax.swing.JToggleButton",
        "type": "VARIABLE_TYPE"
      },
      "location-after-char-start": 0,
      "location-after-char-end": 0,
      "node-str": "javax.swing.JToggleButton"
    },
    {
      "type": "insert-node",
      "node": {
        "label": "javax.swing.JButton",
        "type": "VARIABLE_TYPE"
      },
      "location-after-char-start": 0,
      "location-after-char-end": 0,
      "node-str": "javax.swing.JButton"
    },
    {
      "type": "insert-node",
      "node": {
        "label": "public",
        "type": "Modifier"
      },
      "location-after-char-start": 0,
      "location-after-char-end": 0,
      "node-str": "public"
    },
    {
      "type": "insert-node",
      "node": {
        "label": "javax.swing.JButton",
        "type": "VARIABLE_TYPE"
      },
      "location-after-char-start": 0,
      "location-after-char-end": 0,
      "node-str": "javax.swing.JButton"
    },
    {
      "type": "insert-node",
      "node": {
        "label": "public",
        "type": "Modifier"
      },
      "location-after-char-start": 0,
      "location-after-char-end": 0,
      "node-str": "public"
    },
    {
      "type": "insert-node",
      "node": {
        "label": "javax.swing.JLabel",
        "type": "VARIABLE_TYPE"
      },
      "location-after-char-start": 0,
      "location-after-char-end": 0,
      "node-str": "javax.swing.JLabel"
    },
    {
      "type": "insert-node",
      "node": {
        "label": "javax.swing.JTextField",
        "type": "VARIABLE_TYPE"
      },
      "location-after-char-start": 0,
      "location-after-char-end": 0,
      "node-str": "javax.swing.JTextField"
    },
    {
      "type": "insert-node",
      "node": {
        "label": "org.columba.mail.gui.table.TableController",
        "type": "VARIABLE_TYPE"
      },
      "location-after-char-start": 0,
      "location-after-char-end": 0,
      "node-str": "org.columba.mail.gui.table.TableController"
    },
    {
      "type": "insert-node",
      "node": {
        "label": "void",
        "type": "RETURN_TYPE"
      },
      "location-after-char-start": 0,
      "location-after-char-end": 0,
      "node-str": "void"
    },
    {
      "type": "insert-node",
      "node": {
        "label": "public",
        "type": "Modifier"
      },
      "location-after-char-start": 0,
      "location-after-char-end": 0,
      "node-str": "public"
    },
    {
      "type": "insert-node",
      "node": {
        "label": "e",
        "type": "Parameter"
      },
      "location-after-char-start": 6649,
      "location-after-char-end": 6661,
      "node-str": "e"
    },
    {
      "type": "insert-node",
      "node": {
        "label": "action",
        "type": "LocalVariable"
      },
      "location-after-char-start": 6669,
      "location-after-char-end": 6705,
      "node-str": "action"
    },
    {
      "type": "insert-node",
      "node": {
        "label": "",
        "type": "Try"
      },
      "location-after-char-start": 6712,
      "location-after-char-end": 8884,
      "node-str": ""
    },
    {
      "type": "insert-node",
      "node": {
        "label": "java.awt.event.ActionEvent",
        "type": "VARIABLE_TYPE"
      },
      "location-after-char-start": 0,
      "location-after-char-end": 0,
      "node-str": "java.awt.event.ActionEvent"
    },
    {
      "type": "insert-node",
      "node": {
        "label": "java.lang.String",
        "type": "VARIABLE_TYPE"
      },
      "location-after-char-start": 0,
      "location-after-char-end": 0,
      "node-str": "java.lang.String"
    },
    {
      "type": "insert-node",
      "node": {
        "label": "getActionCommand",
        "type": "Invocation"
      },
      "location-after-char-start": 6685,
      "location-after-char-end": 6704,
      "node-str": "getActionCommand"
    },
    {
      "type": "move-subtree",
      "node": {
        "label": "model",
        "type": "LocalVariable"
      },
      "location-before-char-start": 6834,
      "location-before-char-end": 6909,
      "location-after-char-start": 6842,
      "location-after-char-end": 6917,
      "node-str": "model"
    },
    {
      "type": "insert-node",
      "node": {
        "label": "if",
        "type": "If"
      },
      "location-after-char-start": 6925,
      "location-after-char-end": 8825,
      "node-str": "if"
    },
    {
      "type": "insert-node",
      "node": {
        "label": "",
        "type": "Catch"
      },
      "location-after-char-start": 8831,
      "location-after-char-end": 8884,
      "node-str": ""
    },
    {
      "type": "insert-node",
      "node": {
        "label": "e",
        "type": "VariableRead"
      },
      "location-after-char-start": 6685,
      "location-after-char-end": 6685,
      "node-str": "e"
    },
    {
      "type": "insert-node",
      "node": {
        "label": "equals",
        "type": "Invocation"
      },
      "location-after-char-start": 6929,
      "location-after-char-end": 6953,
      "node-str": "equals"
    },
    {
      "type": "insert-node",
      "node": {
        "label": "THEN",
        "type": "then"
      },
      "location-after-char-start": 6956,
      "location-after-char-end": 7471,
      "node-str": "THEN"
    },
    {
      "type": "move-subtree",
      "node": {
        "label": "ELSE",
        "type": "else"
      },
      "location-before-char-start": 7438,
      "location-before-char-end": 8785,
      "location-after-char-start": 7478,
      "location-after-char-end": 8825,
      "node-str": "ELSE"
    },
    {
      "type": "insert-node",
      "node": {
        "label": "ex",
        "type": "CatchVariable"
      },
      "location-after-char-start": 8839,
      "location-after-char-end": 8850,
      "node-str": "ex"
    },
    {
      "type": "insert-node",
      "node": {
        "label": "printStackTrace",
        "type": "Invocation"
      },
      "location-after-char-start": 8859,
      "location-after-char-end": 8879,
      "node-str": "printStackTrace"
    },
    {
      "type": "insert-node",
      "node": {
        "label": "action",
        "type": "VariableRead"
      },
      "location-after-char-start": 6929,
      "location-after-char-end": 6934,
      "node-str": "action"
    },
    {
      "type": "insert-node",
      "node": {
        "label": "\"ADVANCED\"",
        "type": "Literal"
      },
      "location-after-char-start": 6943,
      "location-after-char-end": 6952,
      "node-str": "\"ADVANCED\""
    },
    {
      "type": "insert-node",
      "node": {
        "label": "searchFolder",
        "type": "LocalVariable"
      },
      "location-after-char-start": 6963,
      "location-after-char-end": 7070,
      "node-str": "searchFolder"
    },
    {
      "type": "insert-node",
      "node": {
        "label": "folder",
        "type": "LocalVariable"
      },
      "location-after-char-start": 7079,
      "location-after-char-end": 7232,
      "node-str": "folder"
    },
    {
      "type": "insert-node",
      "node": {
        "label": "if",
        "type": "If"
      },
      "location-after-char-start": 7241,
      "location-after-char-end": 7282,
      "node-str": "if"
    },
    {
      "type": "move-subtree",
      "node": {
        "label": "frame",
        "type": "LocalVariable"
      },
      "location-before-char-start": 7251,
      "location-before-char-end": 7354,
      "location-after-char-start": 7291,
      "location-after-char-end": 7394,
      "node-str": "frame"
    },
    {
      "type": "insert-node",
      "node": {
        "label": "java.lang.Exception",
        "type": "VARIABLE_TYPE"
      },
      "location-after-char-start": 0,
      "location-after-char-end": 0,
      "node-str": "java.lang.Exception"
    },
    {
      "type": "insert-node",
      "node": {
        "label": "ex",
        "type": "VariableRead"
      },
      "location-after-char-start": 8859,
      "location-after-char-end": 8860,
      "node-str": "ex"
    },
    {
      "type": "insert-node",
      "node": {
        "label": "org.columba.mail.folder.AbstractMessageFolder",
        "type": "VARIABLE_TYPE"
      },
      "location-after-char-start": 0,
      "location-after-char-end": 0,
      "node-str": "org.columba.mail.folder.AbstractMessageFolder"
    },
    {
      "type": "insert-node",
      "node": {
        "label": "getFolder",
        "type": "Invocation"
      },
      "location-after-char-start": 7000,
      "location-after-char-end": 7069,
      "node-str": "getFolder"
    },
    {
      "type": "insert-node",
      "node": {
        "label": "org.columba.mail.folder.AbstractMessageFolder",
        "type": "VARIABLE_TYPE"
      },
      "location-after-char-start": 0,
      "location-after-char-end": 0,
      "node-str": "org.columba.mail.folder.AbstractMessageFolder"
    },
    {
      "type": "move-subtree",
      "node": {
        "label": "getFolder",
        "type": "Invocation"
      },
      "location-before-char-start": 7078,
      "location-before-char-end": 7191,
      "location-after-char-start": 7110,
      "location-after-char-end": 7231,
      "node-str": "getFolder"
    },
    {
      "type": "insert-node",
      "node": {
        "label": "EQ",
        "type": "BinaryOperator"
      },
      "location-after-char-start": 7245,
      "location-after-char-end": 7258,
      "node-str": "EQ"
    },
    {
      "type": "insert-node",
      "node": {
        "label": "THEN",
        "type": "then"
      },
      "location-after-char-start": 7261,
      "location-after-char-end": 7282,
      "node-str": "THEN"
    },
    {
      "type": "insert-node",
      "node": {
        "label": "getInstance",
        "type": "Invocation"
      },
      "location-after-char-start": 7024,
      "location-after-char-end": 7046,
      "node-str": "getInstance"
    },
    {
      "type": "insert-node",
      "node": {
        "label": "106",
        "type": "Literal"
      },
      "location-after-char-start": 7066,
      "location-after-char-end": 7068,
      "node-str": "106"
    },
    {
      "type": "insert-node",
      "node": {
        "label": "folder",
        "type": "VariableRead"
      },
      "location-after-char-start": 7245,
      "location-after-char-end": 7250,
      "node-str": "folder"
    },
    {
      "type": "insert-node",
      "node": {
        "label": "null",
        "type": "Literal"
      },
      "location-after-char-start": 7255,
      "location-after-char-end": 7258,
      "node-str": "null"
    },
    {
      "type": "insert-node",
      "node": {
        "label": "return",
        "type": "Return"
      },
      "location-after-char-start": 7269,
      "location-after-char-end": 7275,
      "node-str": "return"
    },
    {
      "type": "insert-node",
      "node": {
        "label": "org.columba.mail.gui.tree.TreeModel",
        "type": "TypeAccess"
      },
      "location-after-char-start": 7024,
      "location-after-char-end": 7032,
      "node-str": "org.columba.mail.gui.tree.TreeModel"
    },
    {
      "type": "delete-node",
      "node": {
        "label": "public",
        "type": "Modifier"
      },
      "location-before-char-start": 0,
      "location-before-char-end": 0,
      "node-str": "public"
    },
    {
      "type": "delete-node",
      "node": {
        "label": "javax.swing.JPanel",
        "type": "SUPER_TYPE"
      },
      "location-before-char-start": 0,
      "location-before-char-end": 0,
      "node-str": "javax.swing.JPanel"
    },
    {
      "type": "delete-node",
      "node": {
        "label": "",
        "type": "TypeReference"
      },
      "location-before-char-start": 1897,
      "location-before-char-end": 1902,
      "node-str": ""
    },
    {
      "type": "delete-node",
      "node": {
        "label": "javax.swing.JToggleButton",
        "type": "VARIABLE_TYPE"
      },
      "location-before-char-start": 0,
      "location-before-char-end": 0,
      "node-str": "javax.swing.JToggleButton"
    },
    {
      "type": "delete-node",
      "node": {
        "label": "public",
        "type": "Modifier"
      },
      "location-before-char-start": 0,
      "location-before-char-end": 0,
      "node-str": "public"
    },
    {
      "type": "delete-node",
      "node": {
        "label": "newButton",
        "type": "Field"
      },
      "location-before-char-start": 1934,
      "location-before-char-end": 1964,
      "node-str": "newButton"
    },
    {
      "type": "delete-node",
      "node": {
        "label": "javax.swing.JToggleButton",
        "type": "VARIABLE_TYPE"
      },
      "location-before-char-start": 0,
      "location-before-char-end": 0,
      "node-str": "javax.swing.JToggleButton"
    },
    {
      "type": "delete-node",
      "node": {
        "label": "public",
        "type": "Modifier"
      },
      "location-before-char-start": 0,
      "location-before-char-end": 0,
      "node-str": "public"
    },
    {
      "type": "delete-node",
      "node": {
        "label": "oldButton",
        "type": "Field"
      },
      "location-before-char-start": 1970,
      "location-before-char-end": 2000,
      "node-str": "oldButton"
    },
    {
      "type": "delete-node",
      "node": {
        "label": "javax.swing.JToggleButton",
        "type": "VARIABLE_TYPE"
      },
      "location-before-char-start": 0,
      "location-before-char-end": 0,
      "node-str": "javax.swing.JToggleButton"
    },
    {
      "type": "delete-node",
      "node": {
        "label": "answeredButton",
        "type": "Field"
      },
      "location-before-char-start": 2006,
      "location-before-char-end": 2042,
      "node-str": "answeredButton"
    },
    {
      "type": "delete-node",
      "node": {
        "label": "javax.swing.JToggleButton",
        "type": "VARIABLE_TYPE"
      },
      "location-before-char-start": 0,
      "location-before-char-end": 0,
      "node-str": "javax.swing.JToggleButton"
    },
    {
      "type": "delete-node",
      "node": {
        "label": "flaggedButton",
        "type": "Field"
      },
      "location-before-char-start": 2048,
      "location-before-char-end": 2083,
      "node-str": "flaggedButton"
    },
    {
      "type": "delete-node",
      "node": {
        "label": "javax.swing.JToggleButton",
        "type": "VARIABLE_TYPE"
      },
      "location-before-char-start": 0,
      "location-before-char-end": 0,
      "node-str": "javax.swing.JToggleButton"
    },
    {
      "type": "delete-node",
      "node": {
        "label": "expungedButton",
        "type": "Field"
      },
      "location-before-char-start": 2089,
      "location-before-char-end": 2125,
      "node-str": "expungedButton"
    },
    {
      "type": "delete-node",
      "node": {
        "label": "javax.swing.JToggleButton",
        "type": "VARIABLE_TYPE"
      },
      "location-before-char-start": 0,
      "location-before-char-end": 0,
      "node-str": "javax.swing.JToggleButton"
    },
    {
      "type": "delete-node",
      "node": {
        "label": "draftButton",
        "type": "Field"
      },
      "location-before-char-start": 2131,
      "location-before-char-end": 2164,
      "node-str": "draftButton"
    },
    {
      "type": "delete-node",
      "node": {
        "label": "javax.swing.JToggleButton",
        "type": "VARIABLE_TYPE"
      },
      "location-before-char-start": 0,
      "location-before-char-end": 0,
      "node-str": "javax.swing.JToggleButton"
    },
    {
      "type": "delete-node",
      "node": {
        "label": "attachmentButton",
        "type": "Field"
      },
      "location-before-char-start": 2170,
      "location-before-char-end": 2208,
      "node-str": "attachmentButton"
    },
    {
      "type": "delete-node",
      "node": {
        "label": "javax.swing.JToggleButton",
        "type": "VARIABLE_TYPE"
      },
      "location-before-char-start": 0,
      "location-before-char-end": 0,
      "node-str": "javax.swing.JToggleButton"
    },
    {
      "type": "delete-node",
      "node": {
        "label": "secureButton",
        "type": "Field"
      },
      "location-before-char-start": 2214,
      "location-before-char-end": 2248,
      "node-str": "secureButton"
    },
    {
      "type": "delete-node",
      "node": {
        "label": "javax.swing.JButton",
        "type": "VARIABLE_TYPE"
      },
      "location-before-char-start": 0,
      "location-before-char-end": 0,
      "node-str": "javax.swing.JButton"
    },
    {
      "type": "delete-node",
      "node": {
        "label": "public",
        "type": "Modifier"
      },
      "location-before-char-start": 0,
      "location-before-char-end": 0,
      "node-str": "public"
    },
    {
      "type": "delete-node",
      "node": {
        "label": "clearButton",
        "type": "Field"
      },
      "location-before-char-start": 2254,
      "location-before-char-end": 2280,
      "node-str": "clearButton"
    },
    {
      "type": "delete-node",
      "node": {
        "label": "javax.swing.JButton",
        "type": "VARIABLE_TYPE"
      },
      "location-before-char-start": 0,
      "location-before-char-end": 0,
      "node-str": "javax.swing.JButton"
    },
    {
      "type": "delete-node",
      "node": {
        "label": "public",
        "type": "Modifier"
      },
      "location-before-char-start": 0,
      "location-before-char-end": 0,
      "node-str": "public"
    },
    {
      "type": "delete-node",
      "node": {
        "label": "advancedButton",
        "type": "Field"
      },
      "location-before-char-start": 2286,
      "location-before-char-end": 2315,
      "node-str": "advancedButton"
    },
    {
      "type": "delete-node",
      "node": {
        "label": "javax.swing.JLabel",
        "type": "VARIABLE_TYPE"
      },
      "location-before-char-start": 0,
      "location-before-char-end": 0,
      "node-str": "javax.swing.JLabel"
    },
    {
      "type": "delete-node",
      "node": {
        "label": "label",
        "type": "Field"
      },
      "location-before-char-start": 2321,
      "location-before-char-end": 2341,
      "node-str": "label"
    },
    {
      "type": "delete-node",
      "node": {
        "label": "javax.swing.JTextField",
        "type": "VARIABLE_TYPE"
      },
      "location-before-char-start": 0,
      "location-before-char-end": 0,
      "node-str": "javax.swing.JTextField"
    },
    {
      "type": "delete-node",
      "node": {
        "label": "textField",
        "type": "Field"
      },
      "location-before-char-start": 2347,
      "location-before-char-end": 2375,
      "node-str": "textField"
    },
    {
      "type": "delete-node",
      "node": {
        "label": "org.columba.mail.gui.table.TableController",
        "type": "VARIABLE_TYPE"
      },
      "location-before-char-start": 0,
      "location-before-char-end": 0,
      "node-str": "org.columba.mail.gui.table.TableController"
    },
    {
      "type": "delete-node",
      "node": {
        "label": "tableController",
        "type": "Field"
      },
      "location-before-char-start": 2381,
      "location-before-char-end": 2420,
      "node-str": "tableController"
    },
    {
      "type": "delete-node",
      "node": {
        "label": "void",
        "type": "RETURN_TYPE"
      },
      "location-before-char-start": 0,
      "location-before-char-end": 0,
      "node-str": "void"
    },
    {
      "type": "delete-node",
      "node": {
        "label": "public",
        "type": "Modifier"
      },
      "location-before-char-start": 0,
      "location-before-char-end": 0,
      "node-str": "public"
    },
    {
      "type": "delete-node",
      "node": {
        "label": "java.awt.event.ActionEvent",
        "type": "VARIABLE_TYPE"
      },
      "location-before-char-start": 0,
      "location-before-char-end": 0,
      "node-str": "java.awt.event.ActionEvent"
    },
    {
      "type": "delete-node",
      "node": {
        "label": "e",
        "type": "Parameter"
      },
      "location-before-char-start": 6641,
      "location-before-char-end": 6653,
      "node-str": "e"
    },
    {
      "type": "delete-node",
      "node": {
        "label": "java.lang.String",
        "type": "VARIABLE_TYPE"
      },
      "location-before-char-start": 0,
      "location-before-char-end": 0,
      "node-str": "java.lang.String"
    },
    {
      "type": "delete-node",
      "node": {
        "label": "e",
        "type": "VariableRead"
      },
      "location-before-char-start": 6677,
      "location-before-char-end": 6677,
      "node-str": "e"
    },
    {
      "type": "delete-node",
      "node": {
        "label": "getActionCommand",
        "type": "Invocation"
      },
      "location-before-char-start": 6677,
      "location-before-char-end": 6696,
      "node-str": "getActionCommand"
    },
    {
      "type": "delete-node",
      "node": {
        "label": "action",
        "type": "LocalVariable"
      },
      "location-before-char-start": 6661,
      "location-before-char-end": 6697,
      "node-str": "action"
    },
    {
      "type": "delete-node",
      "node": {
        "label": "action",
        "type": "VariableRead"
      },
      "location-before-char-start": 6921,
      "location-before-char-end": 6926,
      "node-str": "action"
    },
    {
      "type": "delete-node",
      "node": {
        "label": "\"ADVANCED\"",
        "type": "Literal"
      },
      "location-before-char-start": 6935,
      "location-before-char-end": 6944,
      "node-str": "\"ADVANCED\""
    },
    {
      "type": "delete-node",
      "node": {
        "label": "equals",
        "type": "Invocation"
      },
      "location-before-char-start": 6921,
      "location-before-char-end": 6945,
      "node-str": "equals"
    },
    {
      "type": "delete-node",
      "node": {
        "label": "org.columba.mail.folder.MessageFolder",
        "type": "VARIABLE_TYPE"
      },
      "location-before-char-start": 0,
      "location-before-char-end": 0,
      "node-str": "org.columba.mail.folder.MessageFolder"
    },
    {
      "type": "delete-node",
      "node": {
        "label": "org.columba.mail.gui.tree.TreeModel",
        "type": "TypeAccess"
      },
      "location-before-char-start": 7000,
      "location-before-char-end": 7008,
      "node-str": "org.columba.mail.gui.tree.TreeModel"
    },
    {
      "type": "delete-node",
      "node": {
        "label": "getInstance",
        "type": "Invocation"
      },
      "location-before-char-start": 7000,
      "location-before-char-end": 7022,
      "node-str": "getInstance"
    },
    {
      "type": "delete-node",
      "node": {
        "label": "106",
        "type": "Literal"
      },
      "location-before-char-start": 7042,
      "location-before-char-end": 7044,
      "node-str": "106"
    },
    {
      "type": "delete-node",
      "node": {
        "label": "getFolder",
        "type": "Invocation"
      },
      "location-before-char-start": 6984,
      "location-before-char-end": 7045,
      "node-str": "getFolder"
    },
    {
      "type": "delete-node",
      "node": {
        "label": "searchFolder",
        "type": "LocalVariable"
      },
      "location-before-char-start": 6955,
      "location-before-char-end": 7046,
      "node-str": "searchFolder"
    },
    {
      "type": "delete-node",
      "node": {
        "label": "org.columba.mail.folder.MessageFolder",
        "type": "VARIABLE_TYPE"
      },
      "location-before-char-start": 0,
      "location-before-char-end": 0,
      "node-str": "org.columba.mail.folder.MessageFolder"
    },
    {
      "type": "delete-node",
      "node": {
        "label": "folder",
        "type": "LocalVariable"
      },
      "location-before-char-start": 7055,
      "location-before-char-end": 7192,
      "node-str": "folder"
    },
    {
      "type": "delete-node",
      "node": {
        "label": "folder",
        "type": "VariableRead"
      },
      "location-before-char-start": 7205,
      "location-before-char-end": 7210,
      "node-str": "folder"
    },
    {
      "type": "delete-node",
      "node": {
        "label": "null",
        "type": "Literal"
      },
      "location-before-char-start": 7215,
      "location-before-char-end": 7218,
      "node-str": "null"
    },
    {
      "type": "delete-node",
      "node": {
        "label": "EQ",
        "type": "BinaryOperator"
      },
      "location-before-char-start": 7205,
      "location-before-char-end": 7218,
      "node-str": "EQ"
    },
    {
      "type": "delete-node",
      "node": {
        "label": "return",
        "type": "Return"
      },
      "location-before-char-start": 7229,
      "location-before-char-end": 7235,
      "node-str": "return"
    },
    {
      "type": "delete-node",
      "node": {
        "label": "THEN",
        "type": "then"
      },
      "location-before-char-start": 7221,
      "location-before-char-end": 7242,
      "node-str": "THEN"
    },
    {
      "type": "delete-node",
      "node": {
        "label": "if",
        "type": "If"
      },
      "location-before-char-start": 7201,
      "location-before-char-end": 7242,
      "node-str": "if"
    },
    {
      "type": "delete-node",
      "node": {
        "label": "THEN",
        "type": "then"
      },
      "location-before-char-start": 6948,
      "location-before-char-end": 7431,
      "node-str": "THEN"
    },
    {
      "type": "delete-node",
      "node": {
        "label": "if",
        "type": "If"
      },
      "location-before-char-start": 6917,
      "location-before-char-end": 8785,
      "node-str": "if"
    },
    {
      "type": "delete-node",
      "node": {
        "label": "java.lang.Exception",
        "type": "VARIABLE_TYPE"
      },
      "location-before-char-start": 0,
      "location-before-char-end": 0,
      "node-str": "java.lang.Exception"
    },
    {
      "type": "delete-node",
      "node": {
        "label": "ex",
        "type": "CatchVariable"
      },
      "location-before-char-start": 8799,
      "location-before-char-end": 8810,
      "node-str": "ex"
    },
    {
      "type": "delete-node",
      "node": {
        "label": "ex",
        "type": "VariableRead"
      },
      "location-before-char-start": 8819,
      "location-before-char-end": 8820,
      "node-str": "ex"
    },
    {
      "type": "delete-node",
      "node": {
        "label": "printStackTrace",
        "type": "Invocation"
      },
      "location-before-char-start": 8819,
      "location-before-char-end": 8839,
      "node-str": "printStackTrace"
    },
    {
      "type": "delete-node",
      "node": {
        "label": "",
        "type": "Catch"
      },
      "location-before-char-start": 8791,
      "location-before-char-end": 8844,
      "node-str": ""
    },
    {
      "type": "delete-node",
      "node": {
        "label": "",
        "type": "Try"
      },
      "location-before-char-start": 6704,
      "location-before-char-end": 8844,
      "node-str": ""
    },
    {
      "type": "delete-node",
      "node": {
        "label": "actionPerformed",
        "type": "Method"
      },
      "location-before-char-start": 6613,
      "location-before-char-end": 8848,
      "node-str": "actionPerformed"
    }
  ],
  "before-file": {},
  "after-file": {},
  "mapping": {}
}