{
  "tool-info": {},
  "diff": [
    {
      "type": "insert-node",
      "node": {
        "label": "",
        "type": "PackageDeclaration"
      },
      "location-after-char-start": 871,
      "location-after-char-end": 903,
      "node-str": ""
    },
    {
      "type": "insert-node",
      "node": {
        "label": "",
        "type": "ImportDeclaration"
      },
      "location-after-char-start": 905,
      "location-after-char-end": 947,
      "node-str": ""
    },
    {
      "type": "insert-node",
      "node": {
        "label": "",
        "type": "ImportDeclaration"
      },
      "location-after-char-start": 948,
      "location-after-char-end": 965,
      "node-str": ""
    },
    {
      "type": "insert-node",
      "node": {
        "label": "",
        "type": "ImportDeclaration"
      },
      "location-after-char-start": 966,
      "location-after-char-end": 985,
      "node-str": ""
    },
    {
      "type": "insert-node",
      "node": {
        "label": "",
        "type": "ImportDeclaration"
      },
      "location-after-char-start": 987,
      "location-after-char-end": 1017,
      "node-str": ""
    },
    {
      "type": "insert-node",
      "node": {
        "label": "",
        "type": "ImportDeclaration"
      },
      "location-after-char-start": 1018,
      "location-after-char-end": 1049,
      "node-str": ""
    },
    {
      "type": "insert-node",
      "node": {
        "label": "",
        "type": "ImportDeclaration"
      },
      "location-after-char-start": 1050,
      "location-after-char-end": 1092,
      "node-str": ""
    },
    {
      "type": "insert-node",
      "node": {
        "label": "",
        "type": "ImportDeclaration"
      },
      "location-after-char-start": 1094,
      "location-after-char-end": 1120,
      "node-str": ""
    },
    {
      "type": "insert-node",
      "node": {
        "label": "",
        "type": "ImportDeclaration"
      },
      "location-after-char-start": 1121,
      "location-after-char-end": 1166,
      "node-str": ""
    },
    {
      "type": "insert-node",
      "node": {
        "label": "",
        "type": "ImportDeclaration"
      },
      "location-after-char-start": 1167,
      "location-after-char-end": 1194,
      "node-str": ""
    },
    {
      "type": "insert-node",
      "node": {
        "label": "",
        "type": "ImportDeclaration"
      },
      "location-after-char-start": 1195,
      "location-after-char-end": 1236,
      "node-str": ""
    },
    {
      "type": "insert-node",
      "node": {
        "label": "",
        "type": "ImportDeclaration"
      },
      "location-after-char-start": 1237,
      "location-after-char-end": 1273,
      "node-str": ""
    },
    {
      "type": "insert-node",
      "node": {
        "label": "org.gjt.sp.jedit.buffer",
        "type": "QualifiedName"
      },
      "location-after-char-start": 879,
      "location-after-char-end": 902,
      "node-str": "org.gjt.sp.jedit.buffer"
    },
    {
      "type": "insert-node",
      "node": {
        "label": "javax.swing.event.ListDataListener",
        "type": "QualifiedName"
      },
      "location-after-char-start": 912,
      "location-after-char-end": 946,
      "node-str": "javax.swing.event.ListDataListener"
    },
    {
      "type": "insert-node",
      "node": {
        "label": "java.io",
        "type": "QualifiedName"
      },
      "location-after-char-start": 955,
      "location-after-char-end": 962,
      "node-str": "java.io"
    },
    {
      "type": "insert-node",
      "node": {
        "label": "java.util",
        "type": "QualifiedName"
      },
      "location-after-char-start": 973,
      "location-after-char-end": 982,
      "node-str": "java.util"
    },
    {
      "type": "insert-node",
      "node": {
        "label": "org.xml.sax.Attributes",
        "type": "QualifiedName"
      },
      "location-after-char-start": 994,
      "location-after-char-end": 1016,
      "node-str": "org.xml.sax.Attributes"
    },
    {
      "type": "insert-node",
      "node": {
        "label": "org.xml.sax.InputSource",
        "type": "QualifiedName"
      },
      "location-after-char-start": 1025,
      "location-after-char-end": 1048,
      "node-str": "org.xml.sax.InputSource"
    },
    {
      "type": "insert-node",
      "node": {
        "label": "org.xml.sax.helpers.DefaultHandler",
        "type": "QualifiedName"
      },
      "location-after-char-start": 1057,
      "location-after-char-end": 1091,
      "node-str": "org.xml.sax.helpers.DefaultHandler"
    },
    {
      "type": "insert-node",
      "node": {
        "label": "org.gjt.sp.jedit",
        "type": "QualifiedName"
      },
      "location-after-char-start": 1101,
      "location-after-char-end": 1117,
      "node-str": "org.gjt.sp.jedit"
    },
    {
      "type": "insert-node",
      "node": {
        "label": "org.gjt.sp.jedit.gui.MutableListModel",
        "type": "QualifiedName"
      },
      "location-after-char-start": 1128,
      "location-after-char-end": 1165,
      "node-str": "org.gjt.sp.jedit.gui.MutableListModel"
    },
    {
      "type": "insert-node",
      "node": {
        "label": "org.gjt.sp.util.Log",
        "type": "QualifiedName"
      },
      "location-after-char-start": 1174,
      "location-after-char-end": 1193,
      "node-str": "org.gjt.sp.util.Log"
    },
    {
      "type": "insert-node",
      "node": {
        "label": "org.gjt.sp.util.StandardUtilities",
        "type": "QualifiedName"
      },
      "location-after-char-start": 1202,
      "location-after-char-end": 1235,
      "node-str": "org.gjt.sp.util.StandardUtilities"
    },
    {
      "type": "insert-node",
      "node": {
        "label": "org.gjt.sp.util.XMLUtilities",
        "type": "QualifiedName"
      },
      "location-after-char-start": 1244,
      "location-after-char-end": 1272,
      "node-str": "org.gjt.sp.util.XMLUtilities"
    },
    {
      "type": "insert-node",
      "node": {
        "label": "public",
        "type": "Modifier"
      },
      "location-after-char-start": 1489,
      "location-after-char-end": 1495,
      "node-str": "public"
    },
    {
      "type": "insert-node",
      "node": {
        "label": "class",
        "type": "TYPE_DECLARATION_KIND"
      },
      "location-after-char-start": 1496,
      "location-after-char-end": 1501,
      "node-str": "class"
    },
    {
      "type": "insert-node",
      "node": {
        "label": "KillRing",
        "type": "SimpleName"
      },
      "location-after-char-start": 1502,
      "location-after-char-end": 1510,
      "node-str": "KillRing"
    },
    {
      "type": "insert-node",
      "node": {
        "label": "",
        "type": "SimpleType"
      },
      "location-after-char-start": 1522,
      "location-after-char-end": 1538,
      "node-str": ""
    },
    {
      "type": "insert-node",
      "node": {
        "label": "MutableListModel",
        "type": "SimpleName"
      },
      "location-after-char-start": 1522,
      "location-after-char-end": 1538,
      "node-str": "MutableListModel"
    },
    {
      "type": "insert-node",
      "node": {
        "label": "public",
        "type": "Modifier"
      },
      "location-after-char-start": 2309,
      "location-after-char-end": 2315,
      "node-str": "public"
    },
    {
      "type": "insert-node",
      "node": {
        "label": "void",
        "type": "PrimitiveType"
      },
      "location-after-char-start": 2316,
      "location-after-char-end": 2320,
      "node-str": "void"
    },
    {
      "type": "insert-node",
      "node": {
        "label": "load",
        "type": "SimpleName"
      },
      "location-after-char-start": 2321,
      "location-after-char-end": 2325,
      "node-str": "load"
    },
    {
      "type": "insert-node",
      "node": {
        "label": "public",
        "type": "Modifier"
      },
      "location-after-char-start": 3036,
      "location-after-char-end": 3042,
      "node-str": "public"
    },
    {
      "type": "insert-node",
      "node": {
        "label": "void",
        "type": "PrimitiveType"
      },
      "location-after-char-start": 3043,
      "location-after-char-end": 3047,
      "node-str": "void"
    },
    {
      "type": "insert-node",
      "node": {
        "label": "save",
        "type": "SimpleName"
      },
      "location-after-char-start": 3048,
      "location-after-char-end": 3052,
      "node-str": "save"
    },
    {
      "type": "insert-node",
      "node": {
        "label": "class",
        "type": "TYPE_DECLARATION_KIND"
      },
      "location-after-char-start": 8206,
      "location-after-char-end": 8211,
      "node-str": "class"
    },
    {
      "type": "insert-node",
      "node": {
        "label": "KillRingHandler",
        "type": "SimpleName"
      },
      "location-after-char-start": 8212,
      "location-after-char-end": 8227,
      "node-str": "KillRingHandler"
    },
    {
      "type": "insert-node",
      "node": {
        "label": "",
        "type": "SimpleType"
      },
      "location-after-char-start": 8236,
      "location-after-char-end": 8250,
      "node-str": ""
    },
    {
      "type": "insert-node",
      "node": {
        "label": "",
        "type": "MethodDeclaration"
      },
      "location-after-char-start": 8289,
      "location-after-char-end": 8436,
      "node-str": ""
    },
    {
      "type": "insert-node",
      "node": {
        "label": "",
        "type": "TryStatement"
      },
      "location-after-char-start": 2727,
      "location-after-char-end": 2872,
      "node-str": ""
    },
    {
      "type": "insert-node",
      "node": {
        "label": "DefaultHandler",
        "type": "SimpleName"
      },
      "location-after-char-start": 8236,
      "location-after-char-end": 8250,
      "node-str": "DefaultHandler"
    },
    {
      "type": "insert-node",
      "node": {
        "label": "public",
        "type": "Modifier"
      },
      "location-after-char-start": 8289,
      "location-after-char-end": 8295,
      "node-str": "public"
    },
    {
      "type": "insert-node",
      "node": {
        "label": "",
        "type": "SimpleType"
      },
      "location-after-char-start": 8296,
      "location-after-char-end": 8307,
      "node-str": ""
    },
    {
      "type": "insert-node",
      "node": {
        "label": "resolveEntity",
        "type": "SimpleName"
      },
      "location-after-char-start": 8308,
      "location-after-char-end": 8321,
      "node-str": "resolveEntity"
    },
    {
      "type": "move-subtree",
      "node": {
        "label": "",
        "type": "SingleVariableDeclaration"
      },
      "location-before-char-start": 8286,
      "location-before-char-end": 8301,
      "location-after-char-start": 8322,
      "location-after-char-end": 8337,
      "node-str": ""
    },
    {
      "type": "move-subtree",
      "node": {
        "label": "",
        "type": "SingleVariableDeclaration"
      },
      "location-before-char-start": 8303,
      "location-before-char-end": 8318,
      "location-after-char-start": 8339,
      "location-after-char-end": 8354,
      "node-str": ""
    },
    {
      "type": "insert-node",
      "node": {
        "label": "",
        "type": "Block"
      },
      "location-after-char-start": 8358,
      "location-after-char-end": 8436,
      "node-str": ""
    },
    {
      "type": "insert-node",
      "node": {
        "label": "",
        "type": "Block"
      },
      "location-after-char-start": 2733,
      "location-after-char-end": 2804,
      "node-str": ""
    },
    {
      "type": "move-subtree",
      "node": {
        "label": "",
        "type": "CatchClause"
      },
      "location-before-char-start": 2771,
      "location-before-char-end": 2836,
      "location-after-char-start": 2807,
      "location-after-char-end": 2872,
      "node-str": ""
    },
    {
      "type": "insert-node",
      "node": {
        "label": "InputSource",
        "type": "SimpleName"
      },
      "location-after-char-start": 8296,
      "location-after-char-end": 8307,
      "node-str": "InputSource"
    },
    {
      "type": "insert-node",
      "node": {
        "label": "",
        "type": "ReturnStatement"
      },
      "location-after-char-start": 8363,
      "location-after-char-end": 8432,
      "node-str": ""
    },
    {
      "type": "insert-node",
      "node": {
        "label": "",
        "type": "ExpressionStatement"
      },
      "location-after-char-start": 2738,
      "location-after-char-end": 2800,
      "node-str": ""
    },
    {
      "type": "insert-node",
      "node": {
        "label": "",
        "type": "ForStatement"
      },
      "location-after-char-start": 4097,
      "location-after-char-end": 4301,
      "node-str": ""
    },
    {
      "type": "insert-node",
      "node": {
        "label": "",
        "type": "MethodInvocation"
      },
      "location-after-char-start": 8370,
      "location-after-char-end": 8431,
      "node-str": ""
    },
    {
      "type": "insert-node",
      "node": {
        "label": "",
        "type": "MethodInvocation"
      },
      "location-after-char-start": 2738,
      "location-after-char-end": 2799,
      "node-str": ""
    },
    {
      "type": "move-subtree",
      "node": {
        "label": "",
        "type": "VariableDeclarationExpression"
      },
      "location-before-char-start": 4065,
      "location-before-char-end": 4081,
      "location-after-char-start": 4101,
      "location-after-char-end": 4117,
      "node-str": ""
    },
    {
      "type": "move-subtree",
      "node": {
        "label": "",
        "type": "InfixExpression"
      },
      "location-before-char-start": 4083,
      "location-before-char-end": 4088,
      "location-after-char-start": 4119,
      "location-after-char-end": 4124,
      "node-str": ""
    },
    {
      "type": "insert-node",
      "node": {
        "label": "",
        "type": "PostfixExpression"
      },
      "location-after-char-start": 4126,
      "location-after-char-end": 4129,
      "node-str": ""
    },
    {
      "type": "insert-node",
      "node": {
        "label": "",
        "type": "Block"
      },
      "location-after-char-start": 4134,
      "location-after-char-end": 4301,
      "node-str": ""
    },
    {
      "type": "insert-node",
      "node": {
        "label": "",
        "type": "METHOD_INVOCATION_RECEIVER"
      },
      "location-after-char-start": 8370,
      "location-after-char-end": 8382,
      "node-str": ""
    },
    {
      "type": "insert-node",
      "node": {
        "label": "findEntity",
        "type": "SimpleName"
      },
      "location-after-char-start": 8383,
      "location-after-char-end": 8393,
      "node-str": "findEntity"
    },
    {
      "type": "move-subtree",
      "node": {
        "label": "",
        "type": "METHOD_INVOCATION_ARGUMENTS"
      },
      "location-before-char-start": 8359,
      "location-before-char-end": 8395,
      "location-after-char-start": 8394,
      "location-after-char-end": 8430,
      "node-str": ""
    },
    {
      "type": "insert-node",
      "node": {
        "label": "",
        "type": "METHOD_INVOCATION_RECEIVER"
      },
      "location-after-char-start": 2738,
      "location-after-char-end": 2750,
      "node-str": ""
    },
    {
      "type": "insert-node",
      "node": {
        "label": "parseXML",
        "type": "SimpleName"
      },
      "location-after-char-start": 2751,
      "location-after-char-end": 2759,
      "node-str": "parseXML"
    },
    {
      "type": "move-subtree",
      "node": {
        "label": "",
        "type": "METHOD_INVOCATION_ARGUMENTS"
      },
      "location-before-char-start": 2724,
      "location-before-char-end": 2762,
      "location-after-char-start": 2760,
      "location-after-char-end": 2798,
      "node-str": ""
    },
    {
      "type": "insert-node",
      "node": {
        "label": "i",
        "type": "SimpleName"
      },
      "location-after-char-start": 4126,
      "location-after-char-end": 4127,
      "node-str": "i"
    },
    {
      "type": "insert-node",
      "node": {
        "label": "--",
        "type": "POSTFIX_EXPRESSION_OPERATOR"
      },
      "location-after-char-start": 4127,
      "location-after-char-end": 4129,
      "node-str": "--"
    },
    {
      "type": "move-subtree",
      "node": {
        "label": "",
        "type": "ExpressionStatement"
      },
      "location-before-char-start": 4104,
      "location-before-char-end": 4125,
      "location-after-char-start": 4140,
      "location-after-char-end": 4161,
      "node-str": ""
    },
    {
      "type": "insert-node",
      "node": {
        "label": "",
        "type": "ExpressionStatement"
      },
      "location-after-char-start": 4166,
      "location-after-char-end": 4245,
      "node-str": ""
    },
    {
      "type": "move-subtree",
      "node": {
        "label": "",
        "type": "ExpressionStatement"
      },
      "location-before-char-start": 4214,
      "location-before-char-end": 4236,
      "location-after-char-start": 4250,
      "location-after-char-end": 4272,
      "node-str": ""
    },
    {
      "type": "move-subtree",
      "node": {
        "label": "",
        "type": "ExpressionStatement"
      },
      "location-before-char-start": 4241,
      "location-before-char-end": 4260,
      "location-after-char-start": 4277,
      "location-after-char-end": 4296,
      "node-str": ""
    },
    {
      "type": "insert-node",
      "node": {
        "label": "XMLUtilities",
        "type": "SimpleName"
      },
      "location-after-char-start": 8370,
      "location-after-char-end": 8382,
      "node-str": "XMLUtilities"
    },
    {
      "type": "insert-node",
      "node": {
        "label": "XMLUtilities",
        "type": "SimpleName"
      },
      "location-after-char-start": 2738,
      "location-after-char-end": 2750,
      "node-str": "XMLUtilities"
    },
    {
      "type": "insert-node",
      "node": {
        "label": "",
        "type": "MethodInvocation"
      },
      "location-after-char-start": 4166,
      "location-after-char-end": 4244,
      "node-str": ""
    },
    {
      "type": "insert-node",
      "node": {
        "label": "",
        "type": "METHOD_INVOCATION_RECEIVER"
      },
      "location-after-char-start": 4166,
      "location-after-char-end": 4169,
      "node-str": ""
    },
    {
      "type": "insert-node",
      "node": {
        "label": "write",
        "type": "SimpleName"
      },
      "location-after-char-start": 4170,
      "location-after-char-end": 4175,
      "node-str": "write"
    },
    {
      "type": "insert-node",
      "node": {
        "label": "",
        "type": "METHOD_INVOCATION_ARGUMENTS"
      },
      "location-after-char-start": 4176,
      "location-after-char-end": 4243,
      "node-str": ""
    },
    {
      "type": "insert-node",
      "node": {
        "label": "out",
        "type": "SimpleName"
      },
      "location-after-char-start": 4166,
      "location-after-char-end": 4169,
      "node-str": "out"
    },
    {
      "type": "insert-node",
      "node": {
        "label": "",
        "type": "MethodInvocation"
      },
      "location-after-char-start": 4176,
      "location-after-char-end": 4243,
      "node-str": ""
    },
    {
      "type": "insert-node",
      "node": {
        "label": "",
        "type": "METHOD_INVOCATION_RECEIVER"
      },
      "location-after-char-start": 4176,
      "location-after-char-end": 4188,
      "node-str": ""
    },
    {
      "type": "insert-node",
      "node": {
        "label": "charsToEntities",
        "type": "SimpleName"
      },
      "location-after-char-start": 4189,
      "location-after-char-end": 4204,
      "node-str": "charsToEntities"
    },
    {
      "type": "move-subtree",
      "node": {
        "label": "",
        "type": "METHOD_INVOCATION_ARGUMENTS"
      },
      "location-before-char-start": 4180,
      "location-before-char-end": 4206,
      "location-after-char-start": 4211,
      "location-after-char-end": 4242,
      "node-str": ""
    },
    {
      "type": "insert-node",
      "node": {
        "label": "XMLUtilities",
        "type": "SimpleName"
      },
      "location-after-char-start": 4176,
      "location-after-char-end": 4188,
      "node-str": "XMLUtilities"
    },
    {
      "type": "insert-node",
      "node": {
        "label": "true",
        "type": "BooleanLiteral"
      },
      "location-after-char-start": 4238,
      "location-after-char-end": 4242,
      "node-str": "true"
    },
    {
      "type": "delete-node",
      "node": {
        "label": "org.gjt.sp.jedit.buffer",
        "type": "QualifiedName"
      },
      "location-before-char-start": 879,
      "location-before-char-end": 902,
      "node-str": "org.gjt.sp.jedit.buffer"
    },
    {
      "type": "delete-node",
      "node": {
        "label": "",
        "type": "PackageDeclaration"
      },
      "location-before-char-start": 871,
      "location-before-char-end": 903,
      "node-str": ""
    },
    {
      "type": "delete-node",
      "node": {
        "label": "javax.swing.event.ListDataListener",
        "type": "QualifiedName"
      },
      "location-before-char-start": 912,
      "location-before-char-end": 946,
      "node-str": "javax.swing.event.ListDataListener"
    },
    {
      "type": "delete-node",
      "node": {
        "label": "",
        "type": "ImportDeclaration"
      },
      "location-before-char-start": 905,
      "location-before-char-end": 947,
      "node-str": ""
    },
    {
      "type": "delete-node",
      "node": {
        "label": "java.io",
        "type": "QualifiedName"
      },
      "location-before-char-start": 955,
      "location-before-char-end": 962,
      "node-str": "java.io"
    },
    {
      "type": "delete-node",
      "node": {
        "label": "",
        "type": "ImportDeclaration"
      },
      "location-before-char-start": 948,
      "location-before-char-end": 965,
      "node-str": ""
    },
    {
      "type": "delete-node",
      "node": {
        "label": "java.util",
        "type": "QualifiedName"
      },
      "location-before-char-start": 973,
      "location-before-char-end": 982,
      "node-str": "java.util"
    },
    {
      "type": "delete-node",
      "node": {
        "label": "",
        "type": "ImportDeclaration"
      },
      "location-before-char-start": 966,
      "location-before-char-end": 985,
      "node-str": ""
    },
    {
      "type": "delete-node",
      "node": {
        "label": "org.xml.sax.Attributes",
        "type": "QualifiedName"
      },
      "location-before-char-start": 994,
      "location-before-char-end": 1016,
      "node-str": "org.xml.sax.Attributes"
    },
    {
      "type": "delete-node",
      "node": {
        "label": "",
        "type": "ImportDeclaration"
      },
      "location-before-char-start": 987,
      "location-before-char-end": 1017,
      "node-str": ""
    },
    {
      "type": "delete-node",
      "node": {
        "label": "org.xml.sax.InputSource",
        "type": "QualifiedName"
      },
      "location-before-char-start": 1025,
      "location-before-char-end": 1048,
      "node-str": "org.xml.sax.InputSource"
    },
    {
      "type": "delete-node",
      "node": {
        "label": "",
        "type": "ImportDeclaration"
      },
      "location-before-char-start": 1018,
      "location-before-char-end": 1049,
      "node-str": ""
    },
    {
      "type": "delete-node",
      "node": {
        "label": "org.xml.sax.helpers.DefaultHandler",
        "type": "QualifiedName"
      },
      "location-before-char-start": 1057,
      "location-before-char-end": 1091,
      "node-str": "org.xml.sax.helpers.DefaultHandler"
    },
    {
      "type": "delete-node",
      "node": {
        "label": "",
        "type": "ImportDeclaration"
      },
      "location-before-char-start": 1050,
      "location-before-char-end": 1092,
      "node-str": ""
    },
    {
      "type": "delete-node",
      "node": {
        "label": "org.gjt.sp.jedit",
        "type": "QualifiedName"
      },
      "location-before-char-start": 1101,
      "location-before-char-end": 1117,
      "node-str": "org.gjt.sp.jedit"
    },
    {
      "type": "delete-node",
      "node": {
        "label": "",
        "type": "ImportDeclaration"
      },
      "location-before-char-start": 1094,
      "location-before-char-end": 1120,
      "node-str": ""
    },
    {
      "type": "delete-node",
      "node": {
        "label": "org.gjt.sp.jedit.gui.MutableListModel",
        "type": "QualifiedName"
      },
      "location-before-char-start": 1128,
      "location-before-char-end": 1165,
      "node-str": "org.gjt.sp.jedit.gui.MutableListModel"
    },
    {
      "type": "delete-node",
      "node": {
        "label": "",
        "type": "ImportDeclaration"
      },
      "location-before-char-start": 1121,
      "location-before-char-end": 1166,
      "node-str": ""
    },
    {
      "type": "delete-node",
      "node": {
        "label": "org.gjt.sp.util.Log",
        "type": "QualifiedName"
      },
      "location-before-char-start": 1174,
      "location-before-char-end": 1193,
      "node-str": "org.gjt.sp.util.Log"
    },
    {
      "type": "delete-node",
      "node": {
        "label": "",
        "type": "ImportDeclaration"
      },
      "location-before-char-start": 1167,
      "location-before-char-end": 1194,
      "node-str": ""
    },
    {
      "type": "delete-node",
      "node": {
        "label": "org.gjt.sp.util.StandardUtilities",
        "type": "QualifiedName"
      },
      "location-before-char-start": 1202,
      "location-before-char-end": 1235,
      "node-str": "org.gjt.sp.util.StandardUtilities"
    },
    {
      "type": "delete-node",
      "node": {
        "label": "",
        "type": "ImportDeclaration"
      },
      "location-before-char-start": 1195,
      "location-before-char-end": 1236,
      "node-str": ""
    },
    {
      "type": "delete-node",
      "node": {
        "label": "public",
        "type": "Modifier"
      },
      "location-before-char-start": 1452,
      "location-before-char-end": 1458,
      "node-str": "public"
    },
    {
      "type": "delete-node",
      "node": {
        "label": "class",
        "type": "TYPE_DECLARATION_KIND"
      },
      "location-before-char-start": 1459,
      "location-before-char-end": 1464,
      "node-str": "class"
    },
    {
      "type": "delete-node",
      "node": {
        "label": "KillRing",
        "type": "SimpleName"
      },
      "location-before-char-start": 1465,
      "location-before-char-end": 1473,
      "node-str": "KillRing"
    },
    {
      "type": "delete-node",
      "node": {
        "label": "MutableListModel",
        "type": "SimpleName"
      },
      "location-before-char-start": 1485,
      "location-before-char-end": 1501,
      "node-str": "MutableListModel"
    },
    {
      "type": "delete-node",
      "node": {
        "label": "",
        "type": "SimpleType"
      },
      "location-before-char-start": 1485,
      "location-before-char-end": 1501,
      "node-str": ""
    },
    {
      "type": "delete-node",
      "node": {
        "label": "public",
        "type": "Modifier"
      },
      "location-before-char-start": 2272,
      "location-before-char-end": 2278,
      "node-str": "public"
    },
    {
      "type": "delete-node",
      "node": {
        "label": "void",
        "type": "PrimitiveType"
      },
      "location-before-char-start": 2279,
      "location-before-char-end": 2283,
      "node-str": "void"
    },
    {
      "type": "delete-node",
      "node": {
        "label": "load",
        "type": "SimpleName"
      },
      "location-before-char-start": 2284,
      "location-before-char-end": 2288,
      "node-str": "load"
    },
    {
      "type": "delete-node",
      "node": {
        "label": "MiscUtilities",
        "type": "SimpleName"
      },
      "location-before-char-start": 2701,
      "location-before-char-end": 2714,
      "node-str": "MiscUtilities"
    },
    {
      "type": "delete-node",
      "node": {
        "label": "",
        "type": "METHOD_INVOCATION_RECEIVER"
      },
      "location-before-char-start": 2701,
      "location-before-char-end": 2714,
      "node-str": ""
    },
    {
      "type": "delete-node",
      "node": {
        "label": "parseXML",
        "type": "SimpleName"
      },
      "location-before-char-start": 2715,
      "location-before-char-end": 2723,
      "node-str": "parseXML"
    },
    {
      "type": "delete-node",
      "node": {
        "label": "",
        "type": "MethodInvocation"
      },
      "location-before-char-start": 2701,
      "location-before-char-end": 2763,
      "node-str": ""
    },
    {
      "type": "delete-node",
      "node": {
        "label": "",
        "type": "ExpressionStatement"
      },
      "location-before-char-start": 2701,
      "location-before-char-end": 2764,
      "node-str": ""
    },
    {
      "type": "delete-node",
      "node": {
        "label": "",
        "type": "Block"
      },
      "location-before-char-start": 2696,
      "location-before-char-end": 2768,
      "node-str": ""
    },
    {
      "type": "delete-node",
      "node": {
        "label": "",
        "type": "TryStatement"
      },
      "location-before-char-start": 2690,
      "location-before-char-end": 2836,
      "node-str": ""
    },
    {
      "type": "delete-node",
      "node": {
        "label": "public",
        "type": "Modifier"
      },
      "location-before-char-start": 3000,
      "location-before-char-end": 3006,
      "node-str": "public"
    },
    {
      "type": "delete-node",
      "node": {
        "label": "void",
        "type": "PrimitiveType"
      },
      "location-before-char-start": 3007,
      "location-before-char-end": 3011,
      "node-str": "void"
    },
    {
      "type": "delete-node",
      "node": {
        "label": "save",
        "type": "SimpleName"
      },
      "location-before-char-start": 3012,
      "location-before-char-end": 3016,
      "node-str": "save"
    },
    {
      "type": "delete-node",
      "node": {
        "label": "i",
        "type": "SimpleName"
      },
      "location-before-char-start": 4090,
      "location-before-char-end": 4091,
      "node-str": "i"
    },
    {
      "type": "delete-node",
      "node": {
        "label": "--",
        "type": "POSTFIX_EXPRESSION_OPERATOR"
      },
      "location-before-char-start": 4091,
      "location-before-char-end": 4093,
      "node-str": "--"
    },
    {
      "type": "delete-node",
      "node": {
        "label": "",
        "type": "PostfixExpression"
      },
      "location-before-char-start": 4090,
      "location-before-char-end": 4093,
      "node-str": ""
    },
    {
      "type": "delete-node",
      "node": {
        "label": "out",
        "type": "SimpleName"
      },
      "location-before-char-start": 4130,
      "location-before-char-end": 4133,
      "node-str": "out"
    },
    {
      "type": "delete-node",
      "node": {
        "label": "",
        "type": "METHOD_INVOCATION_RECEIVER"
      },
      "location-before-char-start": 4130,
      "location-before-char-end": 4133,
      "node-str": ""
    },
    {
      "type": "delete-node",
      "node": {
        "label": "write",
        "type": "SimpleName"
      },
      "location-before-char-start": 4134,
      "location-before-char-end": 4139,
      "node-str": "write"
    },
    {
      "type": "delete-node",
      "node": {
        "label": "StandardUtilities",
        "type": "SimpleName"
      },
      "location-before-char-start": 4140,
      "location-before-char-end": 4157,
      "node-str": "StandardUtilities"
    },
    {
      "type": "delete-node",
      "node": {
        "label": "",
        "type": "METHOD_INVOCATION_RECEIVER"
      },
      "location-before-char-start": 4140,
      "location-before-char-end": 4157,
      "node-str": ""
    },
    {
      "type": "delete-node",
      "node": {
        "label": "charsToEntities",
        "type": "SimpleName"
      },
      "location-before-char-start": 4158,
      "location-before-char-end": 4173,
      "node-str": "charsToEntities"
    },
    {
      "type": "delete-node",
      "node": {
        "label": "",
        "type": "MethodInvocation"
      },
      "location-before-char-start": 4140,
      "location-before-char-end": 4207,
      "node-str": ""
    },
    {
      "type": "delete-node",
      "node": {
        "label": "",
        "type": "METHOD_INVOCATION_ARGUMENTS"
      },
      "location-before-char-start": 4140,
      "location-before-char-end": 4207,
      "node-str": ""
    },
    {
      "type": "delete-node",
      "node": {
        "label": "",
        "type": "MethodInvocation"
      },
      "location-before-char-start": 4130,
      "location-before-char-end": 4208,
      "node-str": ""
    },
    {
      "type": "delete-node",
      "node": {
        "label": "",
        "type": "ExpressionStatement"
      },
      "location-before-char-start": 4130,
      "location-before-char-end": 4209,
      "node-str": ""
    },
    {
      "type": "delete-node",
      "node": {
        "label": "",
        "type": "Block"
      },
      "location-before-char-start": 4098,
      "location-before-char-end": 4265,
      "node-str": ""
    },
    {
      "type": "delete-node",
      "node": {
        "label": "",
        "type": "ForStatement"
      },
      "location-before-char-start": 4061,
      "location-before-char-end": 4265,
      "node-str": ""
    },
    {
      "type": "delete-node",
      "node": {
        "label": "class",
        "type": "TYPE_DECLARATION_KIND"
      },
      "location-before-char-start": 8170,
      "location-before-char-end": 8175,
      "node-str": "class"
    },
    {
      "type": "delete-node",
      "node": {
        "label": "KillRingHandler",
        "type": "SimpleName"
      },
      "location-before-char-start": 8176,
      "location-before-char-end": 8191,
      "node-str": "KillRingHandler"
    },
    {
      "type": "delete-node",
      "node": {
        "label": "DefaultHandler",
        "type": "SimpleName"
      },
      "location-before-char-start": 8200,
      "location-before-char-end": 8214,
      "node-str": "DefaultHandler"
    },
    {
      "type": "delete-node",
      "node": {
        "label": "",
        "type": "SimpleType"
      },
      "location-before-char-start": 8200,
      "location-before-char-end": 8214,
      "node-str": ""
    },
    {
      "type": "delete-node",
      "node": {
        "label": "public",
        "type": "Modifier"
      },
      "location-before-char-start": 8253,
      "location-before-char-end": 8259,
      "node-str": "public"
    },
    {
      "type": "delete-node",
      "node": {
        "label": "InputSource",
        "type": "SimpleName"
      },
      "location-before-char-start": 8260,
      "location-before-char-end": 8271,
      "node-str": "InputSource"
    },
    {
      "type": "delete-node",
      "node": {
        "label": "",
        "type": "SimpleType"
      },
      "location-before-char-start": 8260,
      "location-before-char-end": 8271,
      "node-str": ""
    },
    {
      "type": "delete-node",
      "node": {
        "label": "resolveEntity",
        "type": "SimpleName"
      },
      "location-before-char-start": 8272,
      "location-before-char-end": 8285,
      "node-str": "resolveEntity"
    },
    {
      "type": "delete-node",
      "node": {
        "label": "MiscUtilities",
        "type": "SimpleName"
      },
      "location-before-char-start": 8334,
      "location-before-char-end": 8347,
      "node-str": "MiscUtilities"
    },
    {
      "type": "delete-node",
      "node": {
        "label": "",
        "type": "METHOD_INVOCATION_RECEIVER"
      },
      "location-before-char-start": 8334,
      "location-before-char-end": 8347,
      "node-str": ""
    },
    {
      "type": "delete-node",
      "node": {
        "label": "findEntity",
        "type": "SimpleName"
      },
      "location-before-char-start": 8348,
      "location-before-char-end": 8358,
      "node-str": "findEntity"
    },
    {
      "type": "delete-node",
      "node": {
        "label": "",
        "type": "MethodInvocation"
      },
      "location-before-char-start": 8334,
      "location-before-char-end": 8396,
      "node-str": ""
    },
    {
      "type": "delete-node",
      "node": {
        "label": "",
        "type": "ReturnStatement"
      },
      "location-before-char-start": 8327,
      "location-before-char-end": 8397,
      "node-str": ""
    },
    {
      "type": "delete-node",
      "node": {
        "label": "",
        "type": "Block"
      },
      "location-before-char-start": 8322,
      "location-before-char-end": 8401,
      "node-str": ""
    },
    {
      "type": "delete-node",
      "node": {
        "label": "",
        "type": "MethodDeclaration"
      },
      "location-before-char-start": 8253,
      "location-before-char-end": 8401,
      "node-str": ""
    }
  ],
  "before-file": {},
  "after-file": {},
  "mapping": {}
}