{
  "tool-info": {},
  "diff": [
    {
      "type": "insert-node",
      "node": {
        "label": "",
        "type": "PackageDeclaration"
      },
      "location-after-char-start": 120,
      "location-after-char-end": 155,
      "node-str": ""
    },
    {
      "type": "insert-node",
      "node": {
        "label": "",
        "type": "ImportDeclaration"
      },
      "location-after-char-start": 157,
      "location-after-char-end": 189,
      "node-str": ""
    },
    {
      "type": "insert-node",
      "node": {
        "label": "",
        "type": "ImportDeclaration"
      },
      "location-after-char-start": 190,
      "location-after-char-end": 222,
      "node-str": ""
    },
    {
      "type": "insert-node",
      "node": {
        "label": "",
        "type": "ImportDeclaration"
      },
      "location-after-char-start": 223,
      "location-after-char-end": 255,
      "node-str": ""
    },
    {
      "type": "insert-node",
      "node": {
        "label": "",
        "type": "ImportDeclaration"
      },
      "location-after-char-start": 256,
      "location-after-char-end": 294,
      "node-str": ""
    },
    {
      "type": "insert-node",
      "node": {
        "label": "",
        "type": "ImportDeclaration"
      },
      "location-after-char-start": 295,
      "location-after-char-end": 326,
      "node-str": ""
    },
    {
      "type": "insert-node",
      "node": {
        "label": "",
        "type": "ImportDeclaration"
      },
      "location-after-char-start": 327,
      "location-after-char-end": 365,
      "node-str": ""
    },
    {
      "type": "insert-node",
      "node": {
        "label": "",
        "type": "ImportDeclaration"
      },
      "location-after-char-start": 366,
      "location-after-char-end": 393,
      "node-str": ""
    },
    {
      "type": "insert-node",
      "node": {
        "label": "",
        "type": "ImportDeclaration"
      },
      "location-after-char-start": 394,
      "location-after-char-end": 418,
      "node-str": ""
    },
    {
      "type": "insert-node",
      "node": {
        "label": "",
        "type": "ImportDeclaration"
      },
      "location-after-char-start": 420,
      "location-after-char-end": 459,
      "node-str": ""
    },
    {
      "type": "insert-node",
      "node": {
        "label": "",
        "type": "ImportDeclaration"
      },
      "location-after-char-start": 460,
      "location-after-char-end": 502,
      "node-str": ""
    },
    {
      "type": "insert-node",
      "node": {
        "label": "",
        "type": "ImportDeclaration"
      },
      "location-after-char-start": 503,
      "location-after-char-end": 546,
      "node-str": ""
    },
    {
      "type": "insert-node",
      "node": {
        "label": "",
        "type": "ImportDeclaration"
      },
      "location-after-char-start": 547,
      "location-after-char-end": 583,
      "node-str": ""
    },
    {
      "type": "insert-node",
      "node": {
        "label": "",
        "type": "ImportDeclaration"
      },
      "location-after-char-start": 584,
      "location-after-char-end": 631,
      "node-str": ""
    },
    {
      "type": "insert-node",
      "node": {
        "label": "",
        "type": "ImportDeclaration"
      },
      "location-after-char-start": 632,
      "location-after-char-end": 671,
      "node-str": ""
    },
    {
      "type": "insert-node",
      "node": {
        "label": "",
        "type": "ImportDeclaration"
      },
      "location-after-char-start": 672,
      "location-after-char-end": 718,
      "node-str": ""
    },
    {
      "type": "insert-node",
      "node": {
        "label": "",
        "type": "TypeDeclaration"
      },
      "location-after-char-start": 720,
      "location-after-char-end": 5690,
      "node-str": ""
    },
    {
      "type": "insert-node",
      "node": {
        "label": "org.jboss.proxy.ejb.handle",
        "type": "QualifiedName"
      },
      "location-after-char-start": 128,
      "location-after-char-end": 154,
      "node-str": "org.jboss.proxy.ejb.handle"
    },
    {
      "type": "insert-node",
      "node": {
        "label": "java.lang.reflect.Method",
        "type": "QualifiedName"
      },
      "location-after-char-start": 164,
      "location-after-char-end": 188,
      "node-str": "java.lang.reflect.Method"
    },
    {
      "type": "insert-node",
      "node": {
        "label": "java.rmi.RemoteException",
        "type": "QualifiedName"
      },
      "location-after-char-start": 197,
      "location-after-char-end": 221,
      "node-str": "java.rmi.RemoteException"
    },
    {
      "type": "insert-node",
      "node": {
        "label": "java.rmi.ServerException",
        "type": "QualifiedName"
      },
      "location-after-char-start": 230,
      "location-after-char-end": 254,
      "node-str": "java.rmi.ServerException"
    },
    {
      "type": "insert-node",
      "node": {
        "label": "java.security.AccessController",
        "type": "QualifiedName"
      },
      "location-after-char-start": 263,
      "location-after-char-end": 293,
      "node-str": "java.security.AccessController"
    },
    {
      "type": "insert-node",
      "node": {
        "label": "java.security.Principal",
        "type": "QualifiedName"
      },
      "location-after-char-start": 302,
      "location-after-char-end": 325,
      "node-str": "java.security.Principal"
    },
    {
      "type": "insert-node",
      "node": {
        "label": "java.security.PrivilegedAction",
        "type": "QualifiedName"
      },
      "location-after-char-start": 334,
      "location-after-char-end": 364,
      "node-str": "java.security.PrivilegedAction"
    },
    {
      "type": "insert-node",
      "node": {
        "label": "javax.ejb.EJBObject",
        "type": "QualifiedName"
      },
      "location-after-char-start": 373,
      "location-after-char-end": 392,
      "node-str": "javax.ejb.EJBObject"
    },
    {
      "type": "insert-node",
      "node": {
        "label": "javax.ejb.Handle",
        "type": "QualifiedName"
      },
      "location-after-char-start": 401,
      "location-after-char-end": 417,
      "node-str": "javax.ejb.Handle"
    },
    {
      "type": "insert-node",
      "node": {
        "label": "org.jboss.invocation.Invocation",
        "type": "QualifiedName"
      },
      "location-after-char-start": 427,
      "location-after-char-end": 458,
      "node-str": "org.jboss.invocation.Invocation"
    },
    {
      "type": "insert-node",
      "node": {
        "label": "org.jboss.invocation.InvocationKey",
        "type": "QualifiedName"
      },
      "location-after-char-start": 467,
      "location-after-char-end": 501,
      "node-str": "org.jboss.invocation.InvocationKey"
    },
    {
      "type": "insert-node",
      "node": {
        "label": "org.jboss.invocation.InvocationType",
        "type": "QualifiedName"
      },
      "location-after-char-start": 510,
      "location-after-char-end": 545,
      "node-str": "org.jboss.invocation.InvocationType"
    },
    {
      "type": "insert-node",
      "node": {
        "label": "org.jboss.invocation.Invoker",
        "type": "QualifiedName"
      },
      "location-after-char-start": 554,
      "location-after-char-end": 582,
      "node-str": "org.jboss.invocation.Invoker"
    },
    {
      "type": "insert-node",
      "node": {
        "label": "org.jboss.invocation.InvokerInterceptor",
        "type": "QualifiedName"
      },
      "location-after-char-start": 591,
      "location-after-char-end": 630,
      "node-str": "org.jboss.invocation.InvokerInterceptor"
    },
    {
      "type": "insert-node",
      "node": {
        "label": "org.jboss.invocation.PayloadKey",
        "type": "QualifiedName"
      },
      "location-after-char-start": 639,
      "location-after-char-end": 670,
      "node-str": "org.jboss.invocation.PayloadKey"
    },
    {
      "type": "insert-node",
      "node": {
        "label": "org.jboss.security.SecurityAssociation",
        "type": "QualifiedName"
      },
      "location-after-char-start": 679,
      "location-after-char-end": 717,
      "node-str": "org.jboss.security.SecurityAssociation"
    },
    {
      "type": "move-subtree",
      "node": {
        "label": "",
        "type": "Javadoc"
      },
      "location-before-char-start": 754,
      "location-before-char-end": 1017,
      "location-after-char-start": 720,
      "location-after-char-end": 983,
      "node-str": ""
    },
    {
      "type": "insert-node",
      "node": {
        "label": "public",
        "type": "Modifier"
      },
      "location-after-char-start": 984,
      "location-after-char-end": 990,
      "node-str": "public"
    },
    {
      "type": "insert-node",
      "node": {
        "label": "class",
        "type": "TYPE_DECLARATION_KIND"
      },
      "location-after-char-start": 991,
      "location-after-char-end": 996,
      "node-str": "class"
    },
    {
      "type": "insert-node",
      "node": {
        "label": "StatefulHandleImpl",
        "type": "SimpleName"
      },
      "location-after-char-start": 997,
      "location-after-char-end": 1015,
      "node-str": "StatefulHandleImpl"
    },
    {
      "type": "insert-node",
      "node": {
        "label": "",
        "type": "SimpleType"
      },
      "location-after-char-start": 1030,
      "location-after-char-end": 1036,
      "node-str": ""
    },
    {
      "type": "move-subtree",
      "node": {
        "label": "",
        "type": "FieldDeclaration"
      },
      "location-before-char-start": 1079,
      "location-before-char-end": 1175,
      "location-after-char-start": 1042,
      "location-after-char-end": 1138,
      "node-str": ""
    },
    {
      "type": "move-subtree",
      "node": {
        "label": "",
        "type": "FieldDeclaration"
      },
      "location-before-char-start": 1180,
      "location-before-char-end": 1279,
      "location-after-char-start": 1143,
      "location-after-char-end": 1242,
      "node-str": ""
    },
    {
      "type": "insert-node",
      "node": {
        "label": "",
        "type": "FieldDeclaration"
      },
      "location-after-char-start": 1247,
      "location-after-char-end": 1352,
      "node-str": ""
    },
    {
      "type": "move-subtree",
      "node": {
        "label": "",
        "type": "Initializer"
      },
      "location-before-char-start": 1284,
      "location-before-char-end": 1595,
      "location-after-char-start": 1357,
      "location-after-char-end": 1667,
      "node-str": ""
    },
    {
      "type": "move-subtree",
      "node": {
        "label": "",
        "type": "FieldDeclaration"
      },
      "location-before-char-start": 1600,
      "location-before-char-end": 1658,
      "location-after-char-start": 1672,
      "location-after-char-end": 1730,
      "node-str": ""
    },
    {
      "type": "move-subtree",
      "node": {
        "label": "",
        "type": "FieldDeclaration"
      },
      "location-before-char-start": 1662,
      "location-before-char-end": 1685,
      "location-after-char-start": 1734,
      "location-after-char-end": 1757,
      "node-str": ""
    },
    {
      "type": "move-subtree",
      "node": {
        "label": "",
        "type": "FieldDeclaration"
      },
      "location-before-char-start": 1689,
      "location-before-char-end": 1723,
      "location-after-char-start": 1761,
      "location-after-char-end": 1795,
      "node-str": ""
    },
    {
      "type": "move-subtree",
      "node": {
        "label": "",
        "type": "FieldDeclaration"
      },
      "location-before-char-start": 1727,
      "location-before-char-end": 1750,
      "location-after-char-start": 1799,
      "location-after-char-end": 1822,
      "node-str": ""
    },
    {
      "type": "move-subtree",
      "node": {
        "label": "",
        "type": "FieldDeclaration"
      },
      "location-before-char-start": 1754,
      "location-before-char-end": 1771,
      "location-after-char-start": 1826,
      "location-after-char-end": 1843,
      "node-str": ""
    },
    {
      "type": "insert-node",
      "node": {
        "label": "",
        "type": "MethodDeclaration"
      },
      "location-after-char-start": 1848,
      "location-after-char-end": 2566,
      "node-str": ""
    },
    {
      "type": "move-subtree",
      "node": {
        "label": "",
        "type": "MethodDeclaration"
      },
      "location-before-char-start": 2459,
      "location-before-char-end": 2567,
      "location-after-char-start": 2571,
      "location-after-char-end": 2679,
      "node-str": ""
    },
    {
      "type": "move-subtree",
      "node": {
        "label": "",
        "type": "MethodDeclaration"
      },
      "location-before-char-start": 2572,
      "location-before-char-end": 2674,
      "location-after-char-start": 2684,
      "location-after-char-end": 2786,
      "node-str": ""
    },
    {
      "type": "insert-node",
      "node": {
        "label": "",
        "type": "MethodDeclaration"
      },
      "location-after-char-start": 2791,
      "location-after-char-end": 4612,
      "node-str": ""
    },
    {
      "type": "insert-node",
      "node": {
        "label": "",
        "type": "MethodDeclaration"
      },
      "location-after-char-start": 4617,
      "location-after-char-end": 4804,
      "node-str": ""
    },
    {
      "type": "insert-node",
      "node": {
        "label": "",
        "type": "TypeDeclaration"
      },
      "location-after-char-start": 4809,
      "location-after-char-end": 5252,
      "node-str": ""
    },
    {
      "type": "insert-node",
      "node": {
        "label": "",
        "type": "TypeDeclaration"
      },
      "location-after-char-start": 5257,
      "location-after-char-end": 5687,
      "node-str": ""
    },
    {
      "type": "insert-node",
      "node": {
        "label": "Handle",
        "type": "SimpleName"
      },
      "location-after-char-start": 1030,
      "location-after-char-end": 1036,
      "node-str": "Handle"
    },
    {
      "type": "insert-node",
      "node": {
        "label": "",
        "type": "Javadoc"
      },
      "location-after-char-start": 1247,
      "location-after-char-end": 1316,
      "node-str": ""
    },
    {
      "type": "insert-node",
      "node": {
        "label": "private",
        "type": "Modifier"
      },
      "location-after-char-start": 1320,
      "location-after-char-end": 1327,
      "node-str": "private"
    },
    {
      "type": "insert-node",
      "node": {
        "label": "",
        "type": "SimpleType"
      },
      "location-after-char-start": 1328,
      "location-after-char-end": 1334,
      "node-str": ""
    },
    {
      "type": "insert-node",
      "node": {
        "label": "",
        "type": "VariableDeclarationFragment"
      },
      "location-after-char-start": 1335,
      "location-after-char-end": 1351,
      "node-str": ""
    },
    {
      "type": "insert-node",
      "node": {
        "label": "",
        "type": "Javadoc"
      },
      "location-after-char-start": 1848,
      "location-after-char-end": 2176,
      "node-str": ""
    },
    {
      "type": "insert-node",
      "node": {
        "label": "public",
        "type": "Modifier"
      },
      "location-after-char-start": 2181,
      "location-after-char-end": 2187,
      "node-str": "public"
    },
    {
      "type": "insert-node",
      "node": {
        "label": "StatefulHandleImpl",
        "type": "SimpleName"
      },
      "location-after-char-start": 2188,
      "location-after-char-end": 2206,
      "node-str": "StatefulHandleImpl"
    },
    {
      "type": "insert-node",
      "node": {
        "label": "",
        "type": "SingleVariableDeclaration"
      },
      "location-after-char-start": 2214,
      "location-after-char-end": 2228,
      "node-str": ""
    },
    {
      "type": "move-subtree",
      "node": {
        "label": "",
        "type": "SingleVariableDeclaration"
      },
      "location-before-char-start": 2173,
      "location-before-char-end": 2188,
      "location-after-char-start": 2236,
      "location-after-char-end": 2251,
      "node-str": ""
    },
    {
      "type": "move-subtree",
      "node": {
        "label": "",
        "type": "SingleVariableDeclaration"
      },
      "location-before-char-start": 2199,
      "location-before-char-end": 2214,
      "location-after-char-start": 2259,
      "location-after-char-end": 2274,
      "node-str": ""
    },
    {
      "type": "move-subtree",
      "node": {
        "label": "",
        "type": "SingleVariableDeclaration"
      },
      "location-before-char-start": 2225,
      "location-before-char-end": 2251,
      "location-after-char-start": 2282,
      "location-after-char-end": 2308,
      "node-str": ""
    },
    {
      "type": "move-subtree",
      "node": {
        "label": "",
        "type": "SingleVariableDeclaration"
      },
      "location-before-char-start": 2262,
      "location-before-char-end": 2271,
      "location-after-char-start": 2316,
      "location-after-char-end": 2325,
      "node-str": ""
    },
    {
      "type": "insert-node",
      "node": {
        "label": "",
        "type": "SingleVariableDeclaration"
      },
      "location-after-char-start": 2333,
      "location-after-char-end": 2349,
      "node-str": ""
    },
    {
      "type": "move-subtree",
      "node": {
        "label": "",
        "type": "Block"
      },
      "location-before-char-start": 2276,
      "location-before-char-end": 2454,
      "location-after-char-start": 2354,
      "location-after-char-end": 2566,
      "node-str": ""
    },
    {
      "type": "move-subtree",
      "node": {
        "label": "",
        "type": "Javadoc"
      },
      "location-before-char-start": 2679,
      "location-before-char-end": 3371,
      "location-after-char-start": 2791,
      "location-after-char-end": 3483,
      "node-str": ""
    },
    {
      "type": "insert-node",
      "node": {
        "label": "public",
        "type": "Modifier"
      },
      "location-after-char-start": 3487,
      "location-after-char-end": 3493,
      "node-str": "public"
    },
    {
      "type": "insert-node",
      "node": {
        "label": "",
        "type": "SimpleType"
      },
      "location-after-char-start": 3494,
      "location-after-char-end": 3503,
      "node-str": ""
    },
    {
      "type": "insert-node",
      "node": {
        "label": "getEJBObject",
        "type": "SimpleName"
      },
      "location-after-char-start": 3504,
      "location-after-char-end": 3516,
      "node-str": "getEJBObject"
    },
    {
      "type": "insert-node",
      "node": {
        "label": "",
        "type": "SimpleType"
      },
      "location-after-char-start": 3526,
      "location-after-char-end": 3541,
      "node-str": ""
    },
    {
      "type": "insert-node",
      "node": {
        "label": "",
        "type": "Block"
      },
      "location-after-char-start": 3545,
      "location-after-char-end": 4612,
      "node-str": ""
    },
    {
      "type": "insert-node",
      "node": {
        "label": "",
        "type": "Javadoc"
      },
      "location-after-char-start": 4617,
      "location-after-char-end": 4699,
      "node-str": ""
    },
    {
      "type": "insert-node",
      "node": {
        "label": "protected",
        "type": "Modifier"
      },
      "location-after-char-start": 4703,
      "location-after-char-end": 4712,
      "node-str": "protected"
    },
    {
      "type": "insert-node",
      "node": {
        "label": "boolean",
        "type": "PrimitiveType"
      },
      "location-after-char-start": 4713,
      "location-after-char-end": 4720,
      "node-str": "boolean"
    },
    {
      "type": "insert-node",
      "node": {
        "label": "isLocal",
        "type": "SimpleName"
      },
      "location-after-char-start": 4721,
      "location-after-char-end": 4728,
      "node-str": "isLocal"
    },
    {
      "type": "insert-node",
      "node": {
        "label": "",
        "type": "Block"
      },
      "location-after-char-start": 4734,
      "location-after-char-end": 4804,
      "node-str": ""
    },
    {
      "type": "insert-node",
      "node": {
        "label": "private",
        "type": "Modifier"
      },
      "location-after-char-start": 4809,
      "location-after-char-end": 4816,
      "node-str": "private"
    },
    {
      "type": "insert-node",
      "node": {
        "label": "static",
        "type": "Modifier"
      },
      "location-after-char-start": 4817,
      "location-after-char-end": 4823,
      "node-str": "static"
    },
    {
      "type": "insert-node",
      "node": {
        "label": "class",
        "type": "TYPE_DECLARATION_KIND"
      },
      "location-after-char-start": 4824,
      "location-after-char-end": 4829,
      "node-str": "class"
    },
    {
      "type": "insert-node",
      "node": {
        "label": "GetPrincipalAction",
        "type": "SimpleName"
      },
      "location-after-char-start": 4830,
      "location-after-char-end": 4848,
      "node-str": "GetPrincipalAction"
    },
    {
      "type": "insert-node",
      "node": {
        "label": "",
        "type": "SimpleType"
      },
      "location-after-char-start": 4860,
      "location-after-char-end": 4876,
      "node-str": ""
    },
    {
      "type": "insert-node",
      "node": {
        "label": "",
        "type": "FieldDeclaration"
      },
      "location-after-char-start": 4888,
      "location-after-char-end": 4946,
      "node-str": ""
    },
    {
      "type": "insert-node",
      "node": {
        "label": "",
        "type": "MethodDeclaration"
      },
      "location-after-char-start": 4954,
      "location-after-char-end": 5083,
      "node-str": ""
    },
    {
      "type": "insert-node",
      "node": {
        "label": "",
        "type": "MethodDeclaration"
      },
      "location-after-char-start": 5091,
      "location-after-char-end": 5247,
      "node-str": ""
    },
    {
      "type": "insert-node",
      "node": {
        "label": "private",
        "type": "Modifier"
      },
      "location-after-char-start": 5257,
      "location-after-char-end": 5264,
      "node-str": "private"
    },
    {
      "type": "insert-node",
      "node": {
        "label": "static",
        "type": "Modifier"
      },
      "location-after-char-start": 5265,
      "location-after-char-end": 5271,
      "node-str": "static"
    },
    {
      "type": "insert-node",
      "node": {
        "label": "class",
        "type": "TYPE_DECLARATION_KIND"
      },
      "location-after-char-start": 5272,
      "location-after-char-end": 5277,
      "node-str": "class"
    },
    {
      "type": "insert-node",
      "node": {
        "label": "GetCredentialAction",
        "type": "SimpleName"
      },
      "location-after-char-start": 5278,
      "location-after-char-end": 5297,
      "node-str": "GetCredentialAction"
    },
    {
      "type": "insert-node",
      "node": {
        "label": "",
        "type": "SimpleType"
      },
      "location-after-char-start": 5309,
      "location-after-char-end": 5325,
      "node-str": ""
    },
    {
      "type": "insert-node",
      "node": {
        "label": "",
        "type": "FieldDeclaration"
      },
      "location-after-char-start": 5337,
      "location-after-char-end": 5396,
      "node-str": ""
    },
    {
      "type": "insert-node",
      "node": {
        "label": "",
        "type": "MethodDeclaration"
      },
      "location-after-char-start": 5404,
      "location-after-char-end": 5533,
      "node-str": ""
    },
    {
      "type": "insert-node",
      "node": {
        "label": "",
        "type": "MethodDeclaration"
      },
      "location-after-char-start": 5541,
      "location-after-char-end": 5682,
      "node-str": ""
    },
    {
      "type": "insert-node",
      "node": {
        "label": "",
        "type": "TagElement"
      },
      "location-after-char-start": 1251,
      "location-after-char-end": 1314,
      "node-str": ""
    },
    {
      "type": "insert-node",
      "node": {
        "label": "Object",
        "type": "SimpleName"
      },
      "location-after-char-start": 1328,
      "location-after-char-end": 1334,
      "node-str": "Object"
    },
    {
      "type": "insert-node",
      "node": {
        "label": "invokerID",
        "type": "SimpleName"
      },
      "location-after-char-start": 1335,
      "location-after-char-end": 1344,
      "node-str": "invokerID"
    },
    {
      "type": "insert-node",
      "node": {
        "label": "",
        "type": "NullLiteral"
      },
      "location-after-char-start": 1347,
      "location-after-char-end": 1351,
      "node-str": ""
    },
    {
      "type": "insert-node",
      "node": {
        "label": "",
        "type": "TagElement"
      },
      "location-after-char-start": 1852,
      "location-after-char-end": 1901,
      "node-str": ""
    },
    {
      "type": "insert-node",
      "node": {
        "label": "",
        "type": "TagElement"
      },
      "location-after-char-start": 1908,
      "location-after-char-end": 1958,
      "node-str": ""
    },
    {
      "type": "insert-node",
      "node": {
        "label": "",
        "type": "TagElement"
      },
      "location-after-char-start": 1965,
      "location-after-char-end": 2008,
      "node-str": ""
    },
    {
      "type": "insert-node",
      "node": {
        "label": "",
        "type": "TagElement"
      },
      "location-after-char-start": 2015,
      "location-after-char-end": 2073,
      "node-str": ""
    },
    {
      "type": "insert-node",
      "node": {
        "label": "",
        "type": "TagElement"
      },
      "location-after-char-start": 2080,
      "location-after-char-end": 2136,
      "node-str": ""
    },
    {
      "type": "insert-node",
      "node": {
        "label": "",
        "type": "TagElement"
      },
      "location-after-char-start": 2143,
      "location-after-char-end": 2169,
      "node-str": ""
    },
    {
      "type": "insert-node",
      "node": {
        "label": "int",
        "type": "PrimitiveType"
      },
      "location-after-char-start": 2214,
      "location-after-char-end": 2217,
      "node-str": "int"
    },
    {
      "type": "insert-node",
      "node": {
        "label": "objectName",
        "type": "SimpleName"
      },
      "location-after-char-start": 2218,
      "location-after-char-end": 2228,
      "node-str": "objectName"
    },
    {
      "type": "insert-node",
      "node": {
        "label": "",
        "type": "SimpleType"
      },
      "location-after-char-start": 2333,
      "location-after-char-end": 2339,
      "node-str": ""
    },
    {
      "type": "insert-node",
      "node": {
        "label": "invokerID",
        "type": "SimpleName"
      },
      "location-after-char-start": 2340,
      "location-after-char-end": 2349,
      "node-str": "invokerID"
    },
    {
      "type": "insert-node",
      "node": {
        "label": "",
        "type": "ExpressionStatement"
      },
      "location-after-char-start": 2534,
      "location-after-char-end": 2561,
      "node-str": ""
    },
    {
      "type": "insert-node",
      "node": {
        "label": "EJBObject",
        "type": "SimpleName"
      },
      "location-after-char-start": 3494,
      "location-after-char-end": 3503,
      "node-str": "EJBObject"
    },
    {
      "type": "insert-node",
      "node": {
        "label": "RemoteException",
        "type": "SimpleName"
      },
      "location-after-char-start": 3526,
      "location-after-char-end": 3541,
      "node-str": "RemoteException"
    },
    {
      "type": "insert-node",
      "node": {
        "label": "",
        "type": "TryStatement"
      },
      "location-after-char-start": 3553,
      "location-after-char-end": 4607,
      "node-str": ""
    },
    {
      "type": "insert-node",
      "node": {
        "label": "",
        "type": "TagElement"
      },
      "location-after-char-start": 4627,
      "location-after-char-end": 4692,
      "node-str": ""
    },
    {
      "type": "insert-node",
      "node": {
        "label": "",
        "type": "ReturnStatement"
      },
      "location-after-char-start": 4742,
      "location-after-char-end": 4799,
      "node-str": ""
    },
    {
      "type": "insert-node",
      "node": {
        "label": "PrivilegedAction",
        "type": "SimpleName"
      },
      "location-after-char-start": 4860,
      "location-after-char-end": 4876,
      "node-str": "PrivilegedAction"
    },
    {
      "type": "insert-node",
      "node": {
        "label": "static",
        "type": "Modifier"
      },
      "location-after-char-start": 4888,
      "location-after-char-end": 4894,
      "node-str": "static"
    },
    {
      "type": "insert-node",
      "node": {
        "label": "",
        "type": "SimpleType"
      },
      "location-after-char-start": 4895,
      "location-after-char-end": 4911,
      "node-str": ""
    },
    {
      "type": "insert-node",
      "node": {
        "label": "",
        "type": "VariableDeclarationFragment"
      },
      "location-after-char-start": 4912,
      "location-after-char-end": 4945,
      "node-str": ""
    },
    {
      "type": "insert-node",
      "node": {
        "label": "public",
        "type": "Modifier"
      },
      "location-after-char-start": 4954,
      "location-after-char-end": 4960,
      "node-str": "public"
    },
    {
      "type": "insert-node",
      "node": {
        "label": "",
        "type": "SimpleType"
      },
      "location-after-char-start": 4961,
      "location-after-char-end": 4967,
      "node-str": ""
    },
    {
      "type": "insert-node",
      "node": {
        "label": "run",
        "type": "SimpleName"
      },
      "location-after-char-start": 4968,
      "location-after-char-end": 4971,
      "node-str": "run"
    },
    {
      "type": "insert-node",
      "node": {
        "label": "",
        "type": "Block"
      },
      "location-after-char-start": 4980,
      "location-after-char-end": 5083,
      "node-str": ""
    },
    {
      "type": "insert-node",
      "node": {
        "label": "static",
        "type": "Modifier"
      },
      "location-after-char-start": 5091,
      "location-after-char-end": 5097,
      "node-str": "static"
    },
    {
      "type": "insert-node",
      "node": {
        "label": "",
        "type": "SimpleType"
      },
      "location-after-char-start": 5098,
      "location-after-char-end": 5107,
      "node-str": ""
    },
    {
      "type": "insert-node",
      "node": {
        "label": "getPrincipal",
        "type": "SimpleName"
      },
      "location-after-char-start": 5108,
      "location-after-char-end": 5120,
      "node-str": "getPrincipal"
    },
    {
      "type": "insert-node",
      "node": {
        "label": "",
        "type": "Block"
      },
      "location-after-char-start": 5129,
      "location-after-char-end": 5247,
      "node-str": ""
    },
    {
      "type": "insert-node",
      "node": {
        "label": "PrivilegedAction",
        "type": "SimpleName"
      },
      "location-after-char-start": 5309,
      "location-after-char-end": 5325,
      "node-str": "PrivilegedAction"
    },
    {
      "type": "insert-node",
      "node": {
        "label": "static",
        "type": "Modifier"
      },
      "location-after-char-start": 5337,
      "location-after-char-end": 5343,
      "node-str": "static"
    },
    {
      "type": "insert-node",
      "node": {
        "label": "",
        "type": "SimpleType"
      },
      "location-after-char-start": 5344,
      "location-after-char-end": 5360,
      "node-str": ""
    },
    {
      "type": "insert-node",
      "node": {
        "label": "",
        "type": "VariableDeclarationFragment"
      },
      "location-after-char-start": 5361,
      "location-after-char-end": 5395,
      "node-str": ""
    },
    {
      "type": "insert-node",
      "node": {
        "label": "public",
        "type": "Modifier"
      },
      "location-after-char-start": 5404,
      "location-after-char-end": 5410,
      "node-str": "public"
    },
    {
      "type": "insert-node",
      "node": {
        "label": "",
        "type": "SimpleType"
      },
      "location-after-char-start": 5411,
      "location-after-char-end": 5417,
      "node-str": ""
    },
    {
      "type": "insert-node",
      "node": {
        "label": "run",
        "type": "SimpleName"
      },
      "location-after-char-start": 5418,
      "location-after-char-end": 5421,
      "node-str": "run"
    },
    {
      "type": "insert-node",
      "node": {
        "label": "",
        "type": "Block"
      },
      "location-after-char-start": 5430,
      "location-after-char-end": 5533,
      "node-str": ""
    },
    {
      "type": "insert-node",
      "node": {
        "label": "static",
        "type": "Modifier"
      },
      "location-after-char-start": 5541,
      "location-after-char-end": 5547,
      "node-str": "static"
    },
    {
      "type": "insert-node",
      "node": {
        "label": "",
        "type": "SimpleType"
      },
      "location-after-char-start": 5548,
      "location-after-char-end": 5554,
      "node-str": ""
    },
    {
      "type": "insert-node",
      "node": {
        "label": "getCredential",
        "type": "SimpleName"
      },
      "location-after-char-start": 5555,
      "location-after-char-end": 5568,
      "node-str": "getCredential"
    },
    {
      "type": "insert-node",
      "node": {
        "label": "",
        "type": "Block"
      },
      "location-after-char-start": 5577,
      "location-after-char-end": 5682,
      "node-str": ""
    },
    {
      "type": "insert-node",
      "node": {
        "label": "The value of our local Invoker.ID to detect when we are local. ",
        "type": "TextElement"
      },
      "location-after-char-start": 1251,
      "location-after-char-end": 1314,
      "node-str": "The value of our local Invoker.ID to detect when we are local. "
    },
    {
      "type": "insert-node",
      "node": {
        "label": "Create an ejb handle for a stateful session bean.",
        "type": "TextElement"
      },
      "location-after-char-start": 1852,
      "location-after-char-end": 1901,
      "node-str": "Create an ejb handle for a stateful session bean."
    },
    {
      "type": "insert-node",
      "node": {
        "label": "objectName",
        "type": "SimpleName"
      },
      "location-after-char-start": 1915,
      "location-after-char-end": 1925,
      "node-str": "objectName"
    },
    {
      "type": "insert-node",
      "node": {
        "label": " - the session container jmx name",
        "type": "TextElement"
      },
      "location-after-char-start": 1925,
      "location-after-char-end": 1958,
      "node-str": " - the session container jmx name"
    },
    {
      "type": "insert-node",
      "node": {
        "label": "jndiName",
        "type": "SimpleName"
      },
      "location-after-char-start": 1972,
      "location-after-char-end": 1980,
      "node-str": "jndiName"
    },
    {
      "type": "insert-node",
      "node": {
        "label": " - the session home ejb name",
        "type": "TextElement"
      },
      "location-after-char-start": 1980,
      "location-after-char-end": 2008,
      "node-str": " - the session home ejb name"
    },
    {
      "type": "insert-node",
      "node": {
        "label": "invoker",
        "type": "SimpleName"
      },
      "location-after-char-start": 2022,
      "location-after-char-end": 2029,
      "node-str": "invoker"
    },
    {
      "type": "insert-node",
      "node": {
        "label": " - the invoker to request the EJBObject from",
        "type": "TextElement"
      },
      "location-after-char-start": 2029,
      "location-after-char-end": 2073,
      "node-str": " - the invoker to request the EJBObject from"
    },
    {
      "type": "insert-node",
      "node": {
        "label": "invokerProxyBinding",
        "type": "SimpleName"
      },
      "location-after-char-start": 2087,
      "location-after-char-end": 2106,
      "node-str": "invokerProxyBinding"
    },
    {
      "type": "insert-node",
      "node": {
        "label": " - the type of invoker binding",
        "type": "TextElement"
      },
      "location-after-char-start": 2106,
      "location-after-char-end": 2136,
      "node-str": " - the type of invoker binding"
    },
    {
      "type": "insert-node",
      "node": {
        "label": "id",
        "type": "SimpleName"
      },
      "location-after-char-start": 2150,
      "location-after-char-end": 2152,
      "node-str": "id"
    },
    {
      "type": "insert-node",
      "node": {
        "label": " - the session id",
        "type": "TextElement"
      },
      "location-after-char-start": 2152,
      "location-after-char-end": 2169,
      "node-str": " - the session id"
    },
    {
      "type": "insert-node",
      "node": {
        "label": "Object",
        "type": "SimpleName"
      },
      "location-after-char-start": 2333,
      "location-after-char-end": 2339,
      "node-str": "Object"
    },
    {
      "type": "insert-node",
      "node": {
        "label": "",
        "type": "Assignment"
      },
      "location-after-char-start": 2534,
      "location-after-char-end": 2560,
      "node-str": ""
    },
    {
      "type": "insert-node",
      "node": {
        "label": "",
        "type": "Block"
      },
      "location-after-char-start": 3563,
      "location-after-char-end": 4500,
      "node-str": ""
    },
    {
      "type": "move-subtree",
      "node": {
        "label": "",
        "type": "CatchClause"
      },
      "location-before-char-start": 4340,
      "location-before-char-end": 4441,
      "location-after-char-start": 4507,
      "location-after-char-end": 4607,
      "node-str": ""
    },
    {
      "type": "insert-node",
      "node": {
        "label": "Returns wether we are local to the originating container or not. ",
        "type": "TextElement"
      },
      "location-after-char-start": 4627,
      "location-after-char-end": 4692,
      "node-str": "Returns wether we are local to the originating container or not. "
    },
    {
      "type": "insert-node",
      "node": {
        "label": "",
        "type": "InfixExpression"
      },
      "location-after-char-start": 4749,
      "location-after-char-end": 4798,
      "node-str": ""
    },
    {
      "type": "insert-node",
      "node": {
        "label": "PrivilegedAction",
        "type": "SimpleName"
      },
      "location-after-char-start": 4895,
      "location-after-char-end": 4911,
      "node-str": "PrivilegedAction"
    },
    {
      "type": "insert-node",
      "node": {
        "label": "ACTION",
        "type": "SimpleName"
      },
      "location-after-char-start": 4912,
      "location-after-char-end": 4918,
      "node-str": "ACTION"
    },
    {
      "type": "insert-node",
      "node": {
        "label": "",
        "type": "ClassInstanceCreation"
      },
      "location-after-char-start": 4921,
      "location-after-char-end": 4945,
      "node-str": ""
    },
    {
      "type": "insert-node",
      "node": {
        "label": "Object",
        "type": "SimpleName"
      },
      "location-after-char-start": 4961,
      "location-after-char-end": 4967,
      "node-str": "Object"
    },
    {
      "type": "insert-node",
      "node": {
        "label": "",
        "type": "VariableDeclarationStatement"
      },
      "location-after-char-start": 4991,
      "location-after-char-end": 5048,
      "node-str": ""
    },
    {
      "type": "insert-node",
      "node": {
        "label": "",
        "type": "ReturnStatement"
      },
      "location-after-char-start": 5058,
      "location-after-char-end": 5075,
      "node-str": ""
    },
    {
      "type": "insert-node",
      "node": {
        "label": "Principal",
        "type": "SimpleName"
      },
      "location-after-char-start": 5098,
      "location-after-char-end": 5107,
      "node-str": "Principal"
    },
    {
      "type": "insert-node",
      "node": {
        "label": "",
        "type": "VariableDeclarationStatement"
      },
      "location-after-char-start": 5140,
      "location-after-char-end": 5212,
      "node-str": ""
    },
    {
      "type": "insert-node",
      "node": {
        "label": "",
        "type": "ReturnStatement"
      },
      "location-after-char-start": 5222,
      "location-after-char-end": 5239,
      "node-str": ""
    },
    {
      "type": "insert-node",
      "node": {
        "label": "PrivilegedAction",
        "type": "SimpleName"
      },
      "location-after-char-start": 5344,
      "location-after-char-end": 5360,
      "node-str": "PrivilegedAction"
    },
    {
      "type": "insert-node",
      "node": {
        "label": "ACTION",
        "type": "SimpleName"
      },
      "location-after-char-start": 5361,
      "location-after-char-end": 5367,
      "node-str": "ACTION"
    },
    {
      "type": "insert-node",
      "node": {
        "label": "",
        "type": "ClassInstanceCreation"
      },
      "location-after-char-start": 5370,
      "location-after-char-end": 5395,
      "node-str": ""
    },
    {
      "type": "insert-node",
      "node": {
        "label": "Object",
        "type": "SimpleName"
      },
      "location-after-char-start": 5411,
      "location-after-char-end": 5417,
      "node-str": "Object"
    },
    {
      "type": "insert-node",
      "node": {
        "label": "",
        "type": "VariableDeclarationStatement"
      },
      "location-after-char-start": 5441,
      "location-after-char-end": 5497,
      "node-str": ""
    },
    {
      "type": "insert-node",
      "node": {
        "label": "",
        "type": "ReturnStatement"
      },
      "location-after-char-start": 5507,
      "location-after-char-end": 5525,
      "node-str": ""
    },
    {
      "type": "insert-node",
      "node": {
        "label": "Object",
        "type": "SimpleName"
      },
      "location-after-char-start": 5548,
      "location-after-char-end": 5554,
      "node-str": "Object"
    },
    {
      "type": "insert-node",
      "node": {
        "label": "",
        "type": "VariableDeclarationStatement"
      },
      "location-after-char-start": 5588,
      "location-after-char-end": 5646,
      "node-str": ""
    },
    {
      "type": "insert-node",
      "node": {
        "label": "",
        "type": "ReturnStatement"
      },
      "location-after-char-start": 5656,
      "location-after-char-end": 5674,
      "node-str": ""
    },
    {
      "type": "insert-node",
      "node": {
        "label": "",
        "type": "FieldAccess"
      },
      "location-after-char-start": 2534,
      "location-after-char-end": 2548,
      "node-str": ""
    },
    {
      "type": "insert-node",
      "node": {
        "label": "\u003d",
        "type": "ASSIGNMENT_OPERATOR"
      },
      "location-after-char-start": 2549,
      "location-after-char-end": 2550,
      "node-str": "\u003d"
    },
    {
      "type": "insert-node",
      "node": {
        "label": "invokerID",
        "type": "SimpleName"
      },
      "location-after-char-start": 2551,
      "location-after-char-end": 2560,
      "node-str": "invokerID"
    },
    {
      "type": "insert-node",
      "node": {
        "label": "",
        "type": "VariableDeclarationStatement"
      },
      "location-after-char-start": 3574,
      "location-after-char-end": 3959,
      "node-str": ""
    },
    {
      "type": "move-subtree",
      "node": {
        "label": "",
        "type": "ExpressionStatement"
      },
      "location-before-char-start": 3922,
      "location-before-char-end": 3972,
      "location-after-char-start": 3970,
      "location-after-char-end": 4020,
      "node-str": ""
    },
    {
      "type": "move-subtree",
      "node": {
        "label": "",
        "type": "ExpressionStatement"
      },
      "location-before-char-start": 3982,
      "location-before-char-end": 4093,
      "location-after-char-start": 4030,
      "location-after-char-end": 4138,
      "node-str": ""
    },
    {
      "type": "move-subtree",
      "node": {
        "label": "",
        "type": "ExpressionStatement"
      },
      "location-before-char-start": 4140,
      "location-before-char-end": 4180,
      "location-after-char-start": 4185,
      "location-after-char-end": 4225,
      "node-str": ""
    },
    {
      "type": "insert-node",
      "node": {
        "label": "",
        "type": "IfStatement"
      },
      "location-after-char-start": 4324,
      "location-after-char-end": 4492,
      "node-str": ""
    },
    {
      "type": "insert-node",
      "node": {
        "label": "",
        "type": "InfixExpression"
      },
      "location-after-char-start": 4749,
      "location-after-char-end": 4766,
      "node-str": ""
    },
    {
      "type": "insert-node",
      "node": {
        "label": "\u0026\u0026",
        "type": "INFIX_EXPRESSION_OPERATOR"
      },
      "location-after-char-start": 4767,
      "location-after-char-end": 4769,
      "node-str": "\u0026\u0026"
    },
    {
      "type": "insert-node",
      "node": {
        "label": "",
        "type": "MethodInvocation"
      },
      "location-after-char-start": 4770,
      "location-after-char-end": 4798,
      "node-str": ""
    },
    {
      "type": "insert-node",
      "node": {
        "label": "",
        "type": "SimpleType"
      },
      "location-after-char-start": 4925,
      "location-after-char-end": 4943,
      "node-str": ""
    },
    {
      "type": "insert-node",
      "node": {
        "label": "",
        "type": "SimpleType"
      },
      "location-after-char-start": 4991,
      "location-after-char-end": 5000,
      "node-str": ""
    },
    {
      "type": "insert-node",
      "node": {
        "label": "",
        "type": "VariableDeclarationFragment"
      },
      "location-after-char-start": 5001,
      "location-after-char-end": 5047,
      "node-str": ""
    },
    {
      "type": "insert-node",
      "node": {
        "label": "principal",
        "type": "SimpleName"
      },
      "location-after-char-start": 5065,
      "location-after-char-end": 5074,
      "node-str": "principal"
    },
    {
      "type": "insert-node",
      "node": {
        "label": "",
        "type": "SimpleType"
      },
      "location-after-char-start": 5140,
      "location-after-char-end": 5149,
      "node-str": ""
    },
    {
      "type": "insert-node",
      "node": {
        "label": "",
        "type": "VariableDeclarationFragment"
      },
      "location-after-char-start": 5150,
      "location-after-char-end": 5211,
      "node-str": ""
    },
    {
      "type": "insert-node",
      "node": {
        "label": "principal",
        "type": "SimpleName"
      },
      "location-after-char-start": 5229,
      "location-after-char-end": 5238,
      "node-str": "principal"
    },
    {
      "type": "insert-node",
      "node": {
        "label": "",
        "type": "SimpleType"
      },
      "location-after-char-start": 5374,
      "location-after-char-end": 5393,
      "node-str": ""
    },
    {
      "type": "insert-node",
      "node": {
        "label": "",
        "type": "SimpleType"
      },
      "location-after-char-start": 5441,
      "location-after-char-end": 5447,
      "node-str": ""
    },
    {
      "type": "insert-node",
      "node": {
        "label": "",
        "type": "VariableDeclarationFragment"
      },
      "location-after-char-start": 5448,
      "location-after-char-end": 5496,
      "node-str": ""
    },
    {
      "type": "insert-node",
      "node": {
        "label": "credential",
        "type": "SimpleName"
      },
      "location-after-char-start": 5514,
      "location-after-char-end": 5524,
      "node-str": "credential"
    },
    {
      "type": "insert-node",
      "node": {
        "label": "",
        "type": "SimpleType"
      },
      "location-after-char-start": 5588,
      "location-after-char-end": 5594,
      "node-str": ""
    },
    {
      "type": "insert-node",
      "node": {
        "label": "",
        "type": "VariableDeclarationFragment"
      },
      "location-after-char-start": 5595,
      "location-after-char-end": 5645,
      "node-str": ""
    },
    {
      "type": "insert-node",
      "node": {
        "label": "credential",
        "type": "SimpleName"
      },
      "location-after-char-start": 5663,
      "location-after-char-end": 5673,
      "node-str": "credential"
    },
    {
      "type": "insert-node",
      "node": {
        "label": "",
        "type": "ThisExpression"
      },
      "location-after-char-start": 2534,
      "location-after-char-end": 2538,
      "node-str": ""
    },
    {
      "type": "insert-node",
      "node": {
        "label": "invokerID",
        "type": "SimpleName"
      },
      "location-after-char-start": 2539,
      "location-after-char-end": 2548,
      "node-str": "invokerID"
    },
    {
      "type": "insert-node",
      "node": {
        "label": "",
        "type": "SimpleType"
      },
      "location-after-char-start": 3574,
      "location-after-char-end": 3584,
      "node-str": ""
    },
    {
      "type": "insert-node",
      "node": {
        "label": "",
        "type": "VariableDeclarationFragment"
      },
      "location-after-char-start": 3585,
      "location-after-char-end": 3958,
      "node-str": ""
    },
    {
      "type": "insert-node",
      "node": {
        "label": "",
        "type": "MethodInvocation"
      },
      "location-after-char-start": 4328,
      "location-after-char-end": 4337,
      "node-str": ""
    },
    {
      "type": "insert-node",
      "node": {
        "label": "",
        "type": "ReturnStatement"
      },
      "location-after-char-start": 4351,
      "location-after-char-end": 4419,
      "node-str": ""
    },
    {
      "type": "move-subtree",
      "node": {
        "label": "",
        "type": "ReturnStatement"
      },
      "location-before-char-start": 4279,
      "location-before-char-end": 4325,
      "location-after-char-start": 4446,
      "location-after-char-end": 4492,
      "node-str": ""
    },
    {
      "type": "insert-node",
      "node": {
        "label": "invokerID",
        "type": "SimpleName"
      },
      "location-after-char-start": 4749,
      "location-after-char-end": 4758,
      "node-str": "invokerID"
    },
    {
      "type": "insert-node",
      "node": {
        "label": "!\u003d",
        "type": "INFIX_EXPRESSION_OPERATOR"
      },
      "location-after-char-start": 4759,
      "location-after-char-end": 4761,
      "node-str": "!\u003d"
    },
    {
      "type": "insert-node",
      "node": {
        "label": "",
        "type": "NullLiteral"
      },
      "location-after-char-start": 4762,
      "location-after-char-end": 4766,
      "node-str": ""
    },
    {
      "type": "insert-node",
      "node": {
        "label": "",
        "type": "METHOD_INVOCATION_RECEIVER"
      },
      "location-after-char-start": 4770,
      "location-after-char-end": 4779,
      "node-str": ""
    },
    {
      "type": "insert-node",
      "node": {
        "label": "equals",
        "type": "SimpleName"
      },
      "location-after-char-start": 4780,
      "location-after-char-end": 4786,
      "node-str": "equals"
    },
    {
      "type": "insert-node",
      "node": {
        "label": "",
        "type": "METHOD_INVOCATION_ARGUMENTS"
      },
      "location-after-char-start": 4787,
      "location-after-char-end": 4797,
      "node-str": ""
    },
    {
      "type": "insert-node",
      "node": {
        "label": "GetPrincipalAction",
        "type": "SimpleName"
      },
      "location-after-char-start": 4925,
      "location-after-char-end": 4943,
      "node-str": "GetPrincipalAction"
    },
    {
      "type": "insert-node",
      "node": {
        "label": "Principal",
        "type": "SimpleName"
      },
      "location-after-char-start": 4991,
      "location-after-char-end": 5000,
      "node-str": "Principal"
    },
    {
      "type": "insert-node",
      "node": {
        "label": "principal",
        "type": "SimpleName"
      },
      "location-after-char-start": 5001,
      "location-after-char-end": 5010,
      "node-str": "principal"
    },
    {
      "type": "move-subtree",
      "node": {
        "label": "",
        "type": "MethodInvocation"
      },
      "location-before-char-start": 3817,
      "location-before-char-end": 3851,
      "location-after-char-start": 5013,
      "location-after-char-end": 5047,
      "node-str": ""
    },
    {
      "type": "insert-node",
      "node": {
        "label": "Principal",
        "type": "SimpleName"
      },
      "location-after-char-start": 5140,
      "location-after-char-end": 5149,
      "node-str": "Principal"
    },
    {
      "type": "insert-node",
      "node": {
        "label": "principal",
        "type": "SimpleName"
      },
      "location-after-char-start": 5150,
      "location-after-char-end": 5159,
      "node-str": "principal"
    },
    {
      "type": "insert-node",
      "node": {
        "label": "",
        "type": "CastExpression"
      },
      "location-after-char-start": 5162,
      "location-after-char-end": 5211,
      "node-str": ""
    },
    {
      "type": "insert-node",
      "node": {
        "label": "GetCredentialAction",
        "type": "SimpleName"
      },
      "location-after-char-start": 5374,
      "location-after-char-end": 5393,
      "node-str": "GetCredentialAction"
    },
    {
      "type": "insert-node",
      "node": {
        "label": "Object",
        "type": "SimpleName"
      },
      "location-after-char-start": 5441,
      "location-after-char-end": 5447,
      "node-str": "Object"
    },
    {
      "type": "insert-node",
      "node": {
        "label": "credential",
        "type": "SimpleName"
      },
      "location-after-char-start": 5448,
      "location-after-char-end": 5458,
      "node-str": "credential"
    },
    {
      "type": "move-subtree",
      "node": {
        "label": "",
        "type": "MethodInvocation"
      },
      "location-before-char-start": 3874,
      "location-before-char-end": 3909,
      "location-after-char-start": 5461,
      "location-after-char-end": 5496,
      "node-str": ""
    },
    {
      "type": "insert-node",
      "node": {
        "label": "Object",
        "type": "SimpleName"
      },
      "location-after-char-start": 5588,
      "location-after-char-end": 5594,
      "node-str": "Object"
    },
    {
      "type": "insert-node",
      "node": {
        "label": "credential",
        "type": "SimpleName"
      },
      "location-after-char-start": 5595,
      "location-after-char-end": 5605,
      "node-str": "credential"
    },
    {
      "type": "insert-node",
      "node": {
        "label": "",
        "type": "MethodInvocation"
      },
      "location-after-char-start": 5608,
      "location-after-char-end": 5645,
      "node-str": ""
    },
    {
      "type": "insert-node",
      "node": {
        "label": "Invocation",
        "type": "SimpleName"
      },
      "location-after-char-start": 3574,
      "location-after-char-end": 3584,
      "node-str": "Invocation"
    },
    {
      "type": "insert-node",
      "node": {
        "label": "invocation",
        "type": "SimpleName"
      },
      "location-after-char-start": 3585,
      "location-after-char-end": 3595,
      "node-str": "invocation"
    },
    {
      "type": "insert-node",
      "node": {
        "label": "",
        "type": "ClassInstanceCreation"
      },
      "location-after-char-start": 3598,
      "location-after-char-end": 3958,
      "node-str": ""
    },
    {
      "type": "insert-node",
      "node": {
        "label": "isLocal",
        "type": "SimpleName"
      },
      "location-after-char-start": 4328,
      "location-after-char-end": 4335,
      "node-str": "isLocal"
    },
    {
      "type": "insert-node",
      "node": {
        "label": "",
        "type": "CastExpression"
      },
      "location-after-char-start": 4358,
      "location-after-char-end": 4418,
      "node-str": ""
    },
    {
      "type": "insert-node",
      "node": {
        "label": "invokerID",
        "type": "SimpleName"
      },
      "location-after-char-start": 4770,
      "location-after-char-end": 4779,
      "node-str": "invokerID"
    },
    {
      "type": "insert-node",
      "node": {
        "label": "Invoker.ID",
        "type": "QualifiedName"
      },
      "location-after-char-start": 4787,
      "location-after-char-end": 4797,
      "node-str": "Invoker.ID"
    },
    {
      "type": "insert-node",
      "node": {
        "label": "",
        "type": "SimpleType"
      },
      "location-after-char-start": 5163,
      "location-after-char-end": 5172,
      "node-str": ""
    },
    {
      "type": "insert-node",
      "node": {
        "label": "",
        "type": "MethodInvocation"
      },
      "location-after-char-start": 5174,
      "location-after-char-end": 5211,
      "node-str": ""
    },
    {
      "type": "insert-node",
      "node": {
        "label": "",
        "type": "METHOD_INVOCATION_RECEIVER"
      },
      "location-after-char-start": 5608,
      "location-after-char-end": 5624,
      "node-str": ""
    },
    {
      "type": "insert-node",
      "node": {
        "label": "doPrivileged",
        "type": "SimpleName"
      },
      "location-after-char-start": 5625,
      "location-after-char-end": 5637,
      "node-str": "doPrivileged"
    },
    {
      "type": "insert-node",
      "node": {
        "label": "",
        "type": "METHOD_INVOCATION_ARGUMENTS"
      },
      "location-after-char-start": 5638,
      "location-after-char-end": 5644,
      "node-str": ""
    },
    {
      "type": "insert-node",
      "node": {
        "label": "",
        "type": "SimpleType"
      },
      "location-after-char-start": 3602,
      "location-after-char-end": 3612,
      "node-str": ""
    },
    {
      "type": "insert-node",
      "node": {
        "label": "",
        "type": "NullLiteral"
      },
      "location-after-char-start": 3629,
      "location-after-char-end": 3633,
      "node-str": ""
    },
    {
      "type": "insert-node",
      "node": {
        "label": "GET_EJB_OBJECT",
        "type": "SimpleName"
      },
      "location-after-char-start": 3650,
      "location-after-char-end": 3664,
      "node-str": "GET_EJB_OBJECT"
    },
    {
      "type": "move-subtree",
      "node": {
        "label": "",
        "type": "ArrayCreation"
      },
      "location-before-char-start": 3602,
      "location-before-char-end": 3618,
      "location-after-char-start": 3681,
      "location-after-char-end": 3697,
      "node-str": ""
    },
    {
      "type": "insert-node",
      "node": {
        "label": "",
        "type": "NullLiteral"
      },
      "location-after-char-start": 3797,
      "location-after-char-end": 3801,
      "node-str": ""
    },
    {
      "type": "insert-node",
      "node": {
        "label": "",
        "type": "MethodInvocation"
      },
      "location-after-char-start": 3872,
      "location-after-char-end": 3905,
      "node-str": ""
    },
    {
      "type": "insert-node",
      "node": {
        "label": "",
        "type": "MethodInvocation"
      },
      "location-after-char-start": 3922,
      "location-after-char-end": 3957,
      "node-str": ""
    },
    {
      "type": "insert-node",
      "node": {
        "label": "",
        "type": "SimpleType"
      },
      "location-after-char-start": 4359,
      "location-after-char-end": 4368,
      "node-str": ""
    },
    {
      "type": "insert-node",
      "node": {
        "label": "",
        "type": "MethodInvocation"
      },
      "location-after-char-start": 4370,
      "location-after-char-end": 4418,
      "node-str": ""
    },
    {
      "type": "insert-node",
      "node": {
        "label": "Principal",
        "type": "SimpleName"
      },
      "location-after-char-start": 5163,
      "location-after-char-end": 5172,
      "node-str": "Principal"
    },
    {
      "type": "insert-node",
      "node": {
        "label": "",
        "type": "METHOD_INVOCATION_RECEIVER"
      },
      "location-after-char-start": 5174,
      "location-after-char-end": 5190,
      "node-str": ""
    },
    {
      "type": "insert-node",
      "node": {
        "label": "doPrivileged",
        "type": "SimpleName"
      },
      "location-after-char-start": 5191,
      "location-after-char-end": 5203,
      "node-str": "doPrivileged"
    },
    {
      "type": "insert-node",
      "node": {
        "label": "",
        "type": "METHOD_INVOCATION_ARGUMENTS"
      },
      "location-after-char-start": 5204,
      "location-after-char-end": 5210,
      "node-str": ""
    },
    {
      "type": "insert-node",
      "node": {
        "label": "AccessController",
        "type": "SimpleName"
      },
      "location-after-char-start": 5608,
      "location-after-char-end": 5624,
      "node-str": "AccessController"
    },
    {
      "type": "insert-node",
      "node": {
        "label": "ACTION",
        "type": "SimpleName"
      },
      "location-after-char-start": 5638,
      "location-after-char-end": 5644,
      "node-str": "ACTION"
    },
    {
      "type": "insert-node",
      "node": {
        "label": "Invocation",
        "type": "SimpleName"
      },
      "location-after-char-start": 3602,
      "location-after-char-end": 3612,
      "node-str": "Invocation"
    },
    {
      "type": "insert-node",
      "node": {
        "label": "",
        "type": "METHOD_INVOCATION_RECEIVER"
      },
      "location-after-char-start": 3872,
      "location-after-char-end": 3890,
      "node-str": ""
    },
    {
      "type": "insert-node",
      "node": {
        "label": "getPrincipal",
        "type": "SimpleName"
      },
      "location-after-char-start": 3891,
      "location-after-char-end": 3903,
      "node-str": "getPrincipal"
    },
    {
      "type": "insert-node",
      "node": {
        "label": "",
        "type": "METHOD_INVOCATION_RECEIVER"
      },
      "location-after-char-start": 3922,
      "location-after-char-end": 3941,
      "node-str": ""
    },
    {
      "type": "insert-node",
      "node": {
        "label": "getCredential",
        "type": "SimpleName"
      },
      "location-after-char-start": 3942,
      "location-after-char-end": 3955,
      "node-str": "getCredential"
    },
    {
      "type": "insert-node",
      "node": {
        "label": "EJBObject",
        "type": "SimpleName"
      },
      "location-after-char-start": 4359,
      "location-after-char-end": 4368,
      "node-str": "EJBObject"
    },
    {
      "type": "insert-node",
      "node": {
        "label": "",
        "type": "METHOD_INVOCATION_RECEIVER"
      },
      "location-after-char-start": 4370,
      "location-after-char-end": 4399,
      "node-str": ""
    },
    {
      "type": "insert-node",
      "node": {
        "label": "invoke",
        "type": "SimpleName"
      },
      "location-after-char-start": 4400,
      "location-after-char-end": 4406,
      "node-str": "invoke"
    },
    {
      "type": "insert-node",
      "node": {
        "label": "",
        "type": "METHOD_INVOCATION_ARGUMENTS"
      },
      "location-after-char-start": 4407,
      "location-after-char-end": 4417,
      "node-str": ""
    },
    {
      "type": "insert-node",
      "node": {
        "label": "AccessController",
        "type": "SimpleName"
      },
      "location-after-char-start": 5174,
      "location-after-char-end": 5190,
      "node-str": "AccessController"
    },
    {
      "type": "insert-node",
      "node": {
        "label": "ACTION",
        "type": "SimpleName"
      },
      "location-after-char-start": 5204,
      "location-after-char-end": 5210,
      "node-str": "ACTION"
    },
    {
      "type": "insert-node",
      "node": {
        "label": "GetPrincipalAction",
        "type": "SimpleName"
      },
      "location-after-char-start": 3872,
      "location-after-char-end": 3890,
      "node-str": "GetPrincipalAction"
    },
    {
      "type": "insert-node",
      "node": {
        "label": "GetCredentialAction",
        "type": "SimpleName"
      },
      "location-after-char-start": 3922,
      "location-after-char-end": 3941,
      "node-str": "GetCredentialAction"
    },
    {
      "type": "insert-node",
      "node": {
        "label": "",
        "type": "MethodInvocation"
      },
      "location-after-char-start": 4370,
      "location-after-char-end": 4399,
      "node-str": ""
    },
    {
      "type": "insert-node",
      "node": {
        "label": "invocation",
        "type": "SimpleName"
      },
      "location-after-char-start": 4407,
      "location-after-char-end": 4417,
      "node-str": "invocation"
    },
    {
      "type": "insert-node",
      "node": {
        "label": "",
        "type": "METHOD_INVOCATION_RECEIVER"
      },
      "location-after-char-start": 4370,
      "location-after-char-end": 4388,
      "node-str": ""
    },
    {
      "type": "insert-node",
      "node": {
        "label": "getLocal",
        "type": "SimpleName"
      },
      "location-after-char-start": 4389,
      "location-after-char-end": 4397,
      "node-str": "getLocal"
    },
    {
      "type": "insert-node",
      "node": {
        "label": "InvokerInterceptor",
        "type": "SimpleName"
      },
      "location-after-char-start": 4370,
      "location-after-char-end": 4388,
      "node-str": "InvokerInterceptor"
    },
    {
      "type": "delete-node",
      "node": {
        "label": "org.jboss.proxy.ejb.handle",
        "type": "QualifiedName"
      },
      "location-before-char-start": 128,
      "location-before-char-end": 154,
      "node-str": "org.jboss.proxy.ejb.handle"
    },
    {
      "type": "delete-node",
      "node": {
        "label": "",
        "type": "PackageDeclaration"
      },
      "location-before-char-start": 120,
      "location-before-char-end": 155,
      "node-str": ""
    },
    {
      "type": "delete-node",
      "node": {
        "label": "java.rmi.RemoteException",
        "type": "QualifiedName"
      },
      "location-before-char-start": 164,
      "location-before-char-end": 188,
      "node-str": "java.rmi.RemoteException"
    },
    {
      "type": "delete-node",
      "node": {
        "label": "",
        "type": "ImportDeclaration"
      },
      "location-before-char-start": 157,
      "location-before-char-end": 189,
      "node-str": ""
    },
    {
      "type": "delete-node",
      "node": {
        "label": "java.rmi.ServerException",
        "type": "QualifiedName"
      },
      "location-before-char-start": 197,
      "location-before-char-end": 221,
      "node-str": "java.rmi.ServerException"
    },
    {
      "type": "delete-node",
      "node": {
        "label": "",
        "type": "ImportDeclaration"
      },
      "location-before-char-start": 190,
      "location-before-char-end": 222,
      "node-str": ""
    },
    {
      "type": "delete-node",
      "node": {
        "label": "java.lang.reflect.Method",
        "type": "QualifiedName"
      },
      "location-before-char-start": 230,
      "location-before-char-end": 254,
      "node-str": "java.lang.reflect.Method"
    },
    {
      "type": "delete-node",
      "node": {
        "label": "",
        "type": "ImportDeclaration"
      },
      "location-before-char-start": 223,
      "location-before-char-end": 255,
      "node-str": ""
    },
    {
      "type": "delete-node",
      "node": {
        "label": "java.util.Hashtable",
        "type": "QualifiedName"
      },
      "location-before-char-start": 264,
      "location-before-char-end": 283,
      "node-str": "java.util.Hashtable"
    },
    {
      "type": "delete-node",
      "node": {
        "label": "",
        "type": "ImportDeclaration"
      },
      "location-before-char-start": 257,
      "location-before-char-end": 284,
      "node-str": ""
    },
    {
      "type": "delete-node",
      "node": {
        "label": "javax.ejb.Handle",
        "type": "QualifiedName"
      },
      "location-before-char-start": 293,
      "location-before-char-end": 309,
      "node-str": "javax.ejb.Handle"
    },
    {
      "type": "delete-node",
      "node": {
        "label": "",
        "type": "ImportDeclaration"
      },
      "location-before-char-start": 286,
      "location-before-char-end": 310,
      "node-str": ""
    },
    {
      "type": "delete-node",
      "node": {
        "label": "javax.ejb.EJBObject",
        "type": "QualifiedName"
      },
      "location-before-char-start": 318,
      "location-before-char-end": 337,
      "node-str": "javax.ejb.EJBObject"
    },
    {
      "type": "delete-node",
      "node": {
        "label": "",
        "type": "ImportDeclaration"
      },
      "location-before-char-start": 311,
      "location-before-char-end": 338,
      "node-str": ""
    },
    {
      "type": "delete-node",
      "node": {
        "label": "javax.naming.Context",
        "type": "QualifiedName"
      },
      "location-before-char-start": 346,
      "location-before-char-end": 366,
      "node-str": "javax.naming.Context"
    },
    {
      "type": "delete-node",
      "node": {
        "label": "",
        "type": "ImportDeclaration"
      },
      "location-before-char-start": 339,
      "location-before-char-end": 367,
      "node-str": ""
    },
    {
      "type": "delete-node",
      "node": {
        "label": "javax.naming.InitialContext",
        "type": "QualifiedName"
      },
      "location-before-char-start": 375,
      "location-before-char-end": 402,
      "node-str": "javax.naming.InitialContext"
    },
    {
      "type": "delete-node",
      "node": {
        "label": "",
        "type": "ImportDeclaration"
      },
      "location-before-char-start": 368,
      "location-before-char-end": 403,
      "node-str": ""
    },
    {
      "type": "delete-node",
      "node": {
        "label": "org.jboss.invocation.Invoker",
        "type": "QualifiedName"
      },
      "location-before-char-start": 412,
      "location-before-char-end": 440,
      "node-str": "org.jboss.invocation.Invoker"
    },
    {
      "type": "delete-node",
      "node": {
        "label": "",
        "type": "ImportDeclaration"
      },
      "location-before-char-start": 405,
      "location-before-char-end": 441,
      "node-str": ""
    },
    {
      "type": "delete-node",
      "node": {
        "label": "org.jboss.invocation.Invocation",
        "type": "QualifiedName"
      },
      "location-before-char-start": 449,
      "location-before-char-end": 480,
      "node-str": "org.jboss.invocation.Invocation"
    },
    {
      "type": "delete-node",
      "node": {
        "label": "",
        "type": "ImportDeclaration"
      },
      "location-before-char-start": 442,
      "location-before-char-end": 481,
      "node-str": ""
    },
    {
      "type": "delete-node",
      "node": {
        "label": "org.jboss.invocation.InvocationContext",
        "type": "QualifiedName"
      },
      "location-before-char-start": 489,
      "location-before-char-end": 527,
      "node-str": "org.jboss.invocation.InvocationContext"
    },
    {
      "type": "delete-node",
      "node": {
        "label": "",
        "type": "ImportDeclaration"
      },
      "location-before-char-start": 482,
      "location-before-char-end": 528,
      "node-str": ""
    },
    {
      "type": "delete-node",
      "node": {
        "label": "org.jboss.invocation.InvocationKey",
        "type": "QualifiedName"
      },
      "location-before-char-start": 536,
      "location-before-char-end": 570,
      "node-str": "org.jboss.invocation.InvocationKey"
    },
    {
      "type": "delete-node",
      "node": {
        "label": "",
        "type": "ImportDeclaration"
      },
      "location-before-char-start": 529,
      "location-before-char-end": 571,
      "node-str": ""
    },
    {
      "type": "delete-node",
      "node": {
        "label": "org.jboss.invocation.InvocationType",
        "type": "QualifiedName"
      },
      "location-before-char-start": 579,
      "location-before-char-end": 614,
      "node-str": "org.jboss.invocation.InvocationType"
    },
    {
      "type": "delete-node",
      "node": {
        "label": "",
        "type": "ImportDeclaration"
      },
      "location-before-char-start": 572,
      "location-before-char-end": 615,
      "node-str": ""
    },
    {
      "type": "delete-node",
      "node": {
        "label": "org.jboss.invocation.MarshalledInvocation",
        "type": "QualifiedName"
      },
      "location-before-char-start": 623,
      "location-before-char-end": 664,
      "node-str": "org.jboss.invocation.MarshalledInvocation"
    },
    {
      "type": "delete-node",
      "node": {
        "label": "",
        "type": "ImportDeclaration"
      },
      "location-before-char-start": 616,
      "location-before-char-end": 665,
      "node-str": ""
    },
    {
      "type": "delete-node",
      "node": {
        "label": "org.jboss.invocation.PayloadKey",
        "type": "QualifiedName"
      },
      "location-before-char-start": 673,
      "location-before-char-end": 704,
      "node-str": "org.jboss.invocation.PayloadKey"
    },
    {
      "type": "delete-node",
      "node": {
        "label": "",
        "type": "ImportDeclaration"
      },
      "location-before-char-start": 666,
      "location-before-char-end": 705,
      "node-str": ""
    },
    {
      "type": "delete-node",
      "node": {
        "label": "org.jboss.security.SecurityAssociation",
        "type": "QualifiedName"
      },
      "location-before-char-start": 713,
      "location-before-char-end": 751,
      "node-str": "org.jboss.security.SecurityAssociation"
    },
    {
      "type": "delete-node",
      "node": {
        "label": "",
        "type": "ImportDeclaration"
      },
      "location-before-char-start": 706,
      "location-before-char-end": 752,
      "node-str": ""
    },
    {
      "type": "delete-node",
      "node": {
        "label": "public",
        "type": "Modifier"
      },
      "location-before-char-start": 1018,
      "location-before-char-end": 1024,
      "node-str": "public"
    },
    {
      "type": "delete-node",
      "node": {
        "label": "class",
        "type": "TYPE_DECLARATION_KIND"
      },
      "location-before-char-start": 1025,
      "location-before-char-end": 1030,
      "node-str": "class"
    },
    {
      "type": "delete-node",
      "node": {
        "label": "StatefulHandleImpl",
        "type": "SimpleName"
      },
      "location-before-char-start": 1031,
      "location-before-char-end": 1049,
      "node-str": "StatefulHandleImpl"
    },
    {
      "type": "delete-node",
      "node": {
        "label": "Handle",
        "type": "SimpleName"
      },
      "location-before-char-start": 1067,
      "location-before-char-end": 1073,
      "node-str": "Handle"
    },
    {
      "type": "delete-node",
      "node": {
        "label": "",
        "type": "SimpleType"
      },
      "location-before-char-start": 1067,
      "location-before-char-end": 1073,
      "node-str": ""
    },
    {
      "type": "delete-node",
      "node": {
        "label": "Construct a \u003ctt\u003eStatefulHandleImpl\u003c/tt\u003e.",
        "type": "TextElement"
      },
      "location-before-char-start": 1786,
      "location-before-char-end": 1826,
      "node-str": "Construct a \u003ctt\u003eStatefulHandleImpl\u003c/tt\u003e."
    },
    {
      "type": "delete-node",
      "node": {
        "label": "",
        "type": "TagElement"
      },
      "location-before-char-start": 1786,
      "location-before-char-end": 1826,
      "node-str": ""
    },
    {
      "type": "delete-node",
      "node": {
        "label": "handle",
        "type": "SimpleName"
      },
      "location-before-char-start": 1846,
      "location-before-char-end": 1852,
      "node-str": "handle"
    },
    {
      "type": "delete-node",
      "node": {
        "label": "    The initial context handle that will be used",
        "type": "TextElement"
      },
      "location-before-char-start": 1852,
      "location-before-char-end": 1900,
      "node-str": "    The initial context handle that will be used"
    },
    {
      "type": "delete-node",
      "node": {
        "label": "to restore the naming context or null to use",
        "type": "TextElement"
      },
      "location-before-char-start": 1924,
      "location-before-char-end": 1968,
      "node-str": "to restore the naming context or null to use"
    },
    {
      "type": "delete-node",
      "node": {
        "label": "a fresh InitialContext object.",
        "type": "TextElement"
      },
      "location-before-char-start": 1992,
      "location-before-char-end": 2022,
      "node-str": "a fresh InitialContext object."
    },
    {
      "type": "delete-node",
      "node": {
        "label": "",
        "type": "TagElement"
      },
      "location-before-char-start": 1839,
      "location-before-char-end": 2022,
      "node-str": ""
    },
    {
      "type": "delete-node",
      "node": {
        "label": "name",
        "type": "SimpleName"
      },
      "location-before-char-start": 2036,
      "location-before-char-end": 2040,
      "node-str": "name"
    },
    {
      "type": "delete-node",
      "node": {
        "label": "      JNDI name.",
        "type": "TextElement"
      },
      "location-before-char-start": 2040,
      "location-before-char-end": 2056,
      "node-str": "      JNDI name."
    },
    {
      "type": "delete-node",
      "node": {
        "label": "",
        "type": "TagElement"
      },
      "location-before-char-start": 2029,
      "location-before-char-end": 2056,
      "node-str": ""
    },
    {
      "type": "delete-node",
      "node": {
        "label": "id",
        "type": "SimpleName"
      },
      "location-before-char-start": 2070,
      "location-before-char-end": 2072,
      "node-str": "id"
    },
    {
      "type": "delete-node",
      "node": {
        "label": "        Identity of the bean.",
        "type": "TextElement"
      },
      "location-before-char-start": 2072,
      "location-before-char-end": 2101,
      "node-str": "        Identity of the bean."
    },
    {
      "type": "delete-node",
      "node": {
        "label": "",
        "type": "TagElement"
      },
      "location-before-char-start": 2063,
      "location-before-char-end": 2101,
      "node-str": ""
    },
    {
      "type": "delete-node",
      "node": {
        "label": "",
        "type": "Javadoc"
      },
      "location-before-char-start": 1776,
      "location-before-char-end": 2108,
      "node-str": ""
    },
    {
      "type": "delete-node",
      "node": {
        "label": "public",
        "type": "Modifier"
      },
      "location-before-char-start": 2112,
      "location-before-char-end": 2118,
      "node-str": "public"
    },
    {
      "type": "delete-node",
      "node": {
        "label": "StatefulHandleImpl",
        "type": "SimpleName"
      },
      "location-before-char-start": 2119,
      "location-before-char-end": 2137,
      "node-str": "StatefulHandleImpl"
    },
    {
      "type": "delete-node",
      "node": {
        "label": "int",
        "type": "PrimitiveType"
      },
      "location-before-char-start": 2148,
      "location-before-char-end": 2151,
      "node-str": "int"
    },
    {
      "type": "delete-node",
      "node": {
        "label": "objectName",
        "type": "SimpleName"
      },
      "location-before-char-start": 2152,
      "location-before-char-end": 2162,
      "node-str": "objectName"
    },
    {
      "type": "delete-node",
      "node": {
        "label": "",
        "type": "SingleVariableDeclaration"
      },
      "location-before-char-start": 2148,
      "location-before-char-end": 2162,
      "node-str": ""
    },
    {
      "type": "delete-node",
      "node": {
        "label": "",
        "type": "MethodDeclaration"
      },
      "location-before-char-start": 1776,
      "location-before-char-end": 2454,
      "node-str": ""
    },
    {
      "type": "delete-node",
      "node": {
        "label": "public",
        "type": "Modifier"
      },
      "location-before-char-start": 3375,
      "location-before-char-end": 3381,
      "node-str": "public"
    },
    {
      "type": "delete-node",
      "node": {
        "label": "EJBObject",
        "type": "SimpleName"
      },
      "location-before-char-start": 3382,
      "location-before-char-end": 3391,
      "node-str": "EJBObject"
    },
    {
      "type": "delete-node",
      "node": {
        "label": "",
        "type": "SimpleType"
      },
      "location-before-char-start": 3382,
      "location-before-char-end": 3391,
      "node-str": ""
    },
    {
      "type": "delete-node",
      "node": {
        "label": "getEJBObject",
        "type": "SimpleName"
      },
      "location-before-char-start": 3392,
      "location-before-char-end": 3404,
      "node-str": "getEJBObject"
    },
    {
      "type": "delete-node",
      "node": {
        "label": "RemoteException",
        "type": "SimpleName"
      },
      "location-before-char-start": 3414,
      "location-before-char-end": 3429,
      "node-str": "RemoteException"
    },
    {
      "type": "delete-node",
      "node": {
        "label": "",
        "type": "SimpleType"
      },
      "location-before-char-start": 3414,
      "location-before-char-end": 3429,
      "node-str": ""
    },
    {
      "type": "delete-node",
      "node": {
        "label": "Invocation",
        "type": "SimpleName"
      },
      "location-before-char-start": 3462,
      "location-before-char-end": 3472,
      "node-str": "Invocation"
    },
    {
      "type": "delete-node",
      "node": {
        "label": "",
        "type": "SimpleType"
      },
      "location-before-char-start": 3462,
      "location-before-char-end": 3472,
      "node-str": ""
    },
    {
      "type": "delete-node",
      "node": {
        "label": "invocation",
        "type": "SimpleName"
      },
      "location-before-char-start": 3473,
      "location-before-char-end": 3483,
      "node-str": "invocation"
    },
    {
      "type": "delete-node",
      "node": {
        "label": "Invocation",
        "type": "SimpleName"
      },
      "location-before-char-start": 3505,
      "location-before-char-end": 3515,
      "node-str": "Invocation"
    },
    {
      "type": "delete-node",
      "node": {
        "label": "",
        "type": "SimpleType"
      },
      "location-before-char-start": 3505,
      "location-before-char-end": 3515,
      "node-str": ""
    },
    {
      "type": "delete-node",
      "node": {
        "label": "",
        "type": "NullLiteral"
      },
      "location-before-char-start": 3538,
      "location-before-char-end": 3542,
      "node-str": ""
    },
    {
      "type": "delete-node",
      "node": {
        "label": "GET_EJB_OBJECT",
        "type": "SimpleName"
      },
      "location-before-char-start": 3565,
      "location-before-char-end": 3579,
      "node-str": "GET_EJB_OBJECT"
    },
    {
      "type": "delete-node",
      "node": {
        "label": "",
        "type": "NullLiteral"
      },
      "location-before-char-start": 3730,
      "location-before-char-end": 3734,
      "node-str": ""
    },
    {
      "type": "delete-node",
      "node": {
        "label": "",
        "type": "ClassInstanceCreation"
      },
      "location-before-char-start": 3501,
      "location-before-char-end": 3910,
      "node-str": ""
    },
    {
      "type": "delete-node",
      "node": {
        "label": "",
        "type": "VariableDeclarationFragment"
      },
      "location-before-char-start": 3473,
      "location-before-char-end": 3910,
      "node-str": ""
    },
    {
      "type": "delete-node",
      "node": {
        "label": "",
        "type": "VariableDeclarationStatement"
      },
      "location-before-char-start": 3462,
      "location-before-char-end": 3911,
      "node-str": ""
    },
    {
      "type": "delete-node",
      "node": {
        "label": "",
        "type": "Block"
      },
      "location-before-char-start": 3451,
      "location-before-char-end": 4333,
      "node-str": ""
    },
    {
      "type": "delete-node",
      "node": {
        "label": "",
        "type": "TryStatement"
      },
      "location-before-char-start": 3441,
      "location-before-char-end": 4441,
      "node-str": ""
    },
    {
      "type": "delete-node",
      "node": {
        "label": "",
        "type": "Block"
      },
      "location-before-char-start": 3433,
      "location-before-char-end": 4446,
      "node-str": ""
    },
    {
      "type": "delete-node",
      "node": {
        "label": "",
        "type": "MethodDeclaration"
      },
      "location-before-char-start": 2679,
      "location-before-char-end": 4446,
      "node-str": ""
    },
    {
      "type": "delete-node",
      "node": {
        "label": "",
        "type": "TypeDeclaration"
      },
      "location-before-char-start": 754,
      "location-before-char-end": 4448,
      "node-str": ""
    }
  ],
  "before-file": {},
  "after-file": {},
  "mapping": {}
}