{
  "tool-info": {},
  "diff": [
    {
      "type": "insert-node",
      "node": {
        "label": "public",
        "type": "Modifier"
      },
      "location-after-char-start": 0,
      "location-after-char-end": 0,
      "node-str": "public"
    },
    {
      "type": "insert-node",
      "node": {
        "label": "",
        "type": "TypeReference"
      },
      "location-after-char-start": 4447,
      "location-after-char-end": 4462,
      "node-str": ""
    },
    {
      "type": "insert-node",
      "node": {
        "label": "domain",
        "type": "Field"
      },
      "location-after-char-start": 4630,
      "location-after-char-end": 4658,
      "node-str": "domain"
    },
    {
      "type": "insert-node",
      "node": {
        "label": "port",
        "type": "Field"
      },
      "location-after-char-start": 4664,
      "location-after-char-end": 4690,
      "node-str": "port"
    },
    {
      "type": "insert-node",
      "node": {
        "label": "scheme",
        "type": "Field"
      },
      "location-after-char-start": 4696,
      "location-after-char-end": 4724,
      "node-str": "scheme"
    },
    {
      "type": "insert-node",
      "node": {
        "label": "scriptName",
        "type": "Field"
      },
      "location-after-char-start": 4730,
      "location-after-char-end": 4762,
      "node-str": "scriptName"
    },
    {
      "type": "insert-node",
      "node": {
        "label": "org.tigris.scarab.om.BaseScarabModule",
        "type": "SUPER_TYPE"
      },
      "location-after-char-start": 0,
      "location-after-char-end": 0,
      "node-str": "org.tigris.scarab.om.BaseScarabModule"
    },
    {
      "type": "insert-node",
      "node": {
        "label": "java.lang.String",
        "type": "VARIABLE_TYPE"
      },
      "location-after-char-start": 0,
      "location-after-char-end": 0,
      "node-str": "java.lang.String"
    },
    {
      "type": "insert-node",
      "node": {
        "label": "null",
        "type": "Literal"
      },
      "location-after-char-start": 4654,
      "location-after-char-end": 4657,
      "node-str": "null"
    },
    {
      "type": "insert-node",
      "node": {
        "label": "java.lang.String",
        "type": "VARIABLE_TYPE"
      },
      "location-after-char-start": 0,
      "location-after-char-end": 0,
      "node-str": "java.lang.String"
    },
    {
      "type": "insert-node",
      "node": {
        "label": "null",
        "type": "Literal"
      },
      "location-after-char-start": 4686,
      "location-after-char-end": 4689,
      "node-str": "null"
    },
    {
      "type": "insert-node",
      "node": {
        "label": "java.lang.String",
        "type": "VARIABLE_TYPE"
      },
      "location-after-char-start": 0,
      "location-after-char-end": 0,
      "node-str": "java.lang.String"
    },
    {
      "type": "insert-node",
      "node": {
        "label": "null",
        "type": "Literal"
      },
      "location-after-char-start": 4720,
      "location-after-char-end": 4723,
      "node-str": "null"
    },
    {
      "type": "insert-node",
      "node": {
        "label": "java.lang.String",
        "type": "VARIABLE_TYPE"
      },
      "location-after-char-start": 0,
      "location-after-char-end": 0,
      "node-str": "java.lang.String"
    },
    {
      "type": "insert-node",
      "node": {
        "label": "null",
        "type": "Literal"
      },
      "location-after-char-start": 4758,
      "location-after-char-end": 4761,
      "node-str": "null"
    },
    {
      "type": "insert-node",
      "node": {
        "label": "org.tigris.scarab.util.ScarabPaginatedList",
        "type": "RETURN_TYPE"
      },
      "location-after-char-start": 0,
      "location-after-char-end": 0,
      "node-str": "org.tigris.scarab.util.ScarabPaginatedList"
    },
    {
      "type": "insert-node",
      "node": {
        "label": "java.lang.Exception",
        "type": "THROWS"
      },
      "location-after-char-start": 0,
      "location-after-char-end": 0,
      "node-str": "java.lang.Exception"
    },
    {
      "type": "insert-node",
      "node": {
        "label": "public",
        "type": "Modifier"
      },
      "location-after-char-start": 0,
      "location-after-char-end": 0,
      "node-str": "public"
    },
    {
      "type": "insert-node",
      "node": {
        "label": "name",
        "type": "Parameter"
      },
      "location-after-char-start": 10240,
      "location-after-char-end": 10250,
      "node-str": "name"
    },
    {
      "type": "insert-node",
      "node": {
        "label": "username",
        "type": "Parameter"
      },
      "location-after-char-start": 10253,
      "location-after-char-end": 10267,
      "node-str": "username"
    },
    {
      "type": "insert-node",
      "node": {
        "label": "mitList",
        "type": "Parameter"
      },
      "location-after-char-start": 10311,
      "location-after-char-end": 10325,
      "node-str": "mitList"
    },
    {
      "type": "insert-node",
      "node": {
        "label": "offset",
        "type": "Parameter"
      },
      "location-after-char-start": 10369,
      "location-after-char-end": 10378,
      "node-str": "offset"
    },
    {
      "type": "insert-node",
      "node": {
        "label": "resultSize",
        "type": "Parameter"
      },
      "location-after-char-start": 10381,
      "location-after-char-end": 10394,
      "node-str": "resultSize"
    },
    {
      "type": "insert-node",
      "node": {
        "label": "sortColumn",
        "type": "Parameter"
      },
      "location-after-char-start": 10437,
      "location-after-char-end": 10459,
      "node-str": "sortColumn"
    },
    {
      "type": "insert-node",
      "node": {
        "label": "sortPolarity",
        "type": "Parameter"
      },
      "location-after-char-start": 10462,
      "location-after-char-end": 10480,
      "node-str": "sortPolarity"
    },
    {
      "type": "insert-node",
      "node": {
        "label": "includeCommitters",
        "type": "Parameter"
      },
      "location-after-char-start": 10523,
      "location-after-char-end": 10547,
      "node-str": "includeCommitters"
    },
    {
      "type": "insert-node",
      "node": {
        "label": "result",
        "type": "LocalVariable"
      },
      "location-after-char-start": 10656,
      "location-after-char-end": 10674,
      "node-str": "result"
    },
    {
      "type": "insert-node",
      "node": {
        "label": "potential",
        "type": "LocalVariable"
      },
      "location-after-char-start": 10684,
      "location-after-char-end": 10705,
      "node-str": "potential"
    },
    {
      "type": "insert-node",
      "node": {
        "label": "paginated",
        "type": "LocalVariable"
      },
      "location-after-char-start": 10715,
      "location-after-char-end": 10751,
      "node-str": "paginated"
    },
    {
      "type": "insert-node",
      "node": {
        "label": "",
        "type": "Try"
      },
      "location-after-char-start": 11379,
      "location-after-char-end": 11604,
      "node-str": ""
    },
    {
      "type": "insert-node",
      "node": {
        "label": "return",
        "type": "Return"
      },
      "location-after-char-start": 14860,
      "location-after-char-end": 14876,
      "node-str": "return"
    },
    {
      "type": "insert-node",
      "node": {
        "label": "java.lang.String",
        "type": "VARIABLE_TYPE"
      },
      "location-after-char-start": 0,
      "location-after-char-end": 0,
      "node-str": "java.lang.String"
    },
    {
      "type": "insert-node",
      "node": {
        "label": "java.lang.String",
        "type": "VARIABLE_TYPE"
      },
      "location-after-char-start": 0,
      "location-after-char-end": 0,
      "node-str": "java.lang.String"
    },
    {
      "type": "insert-node",
      "node": {
        "label": "org.tigris.scarab.om.MITList",
        "type": "VARIABLE_TYPE"
      },
      "location-after-char-start": 0,
      "location-after-char-end": 0,
      "node-str": "org.tigris.scarab.om.MITList"
    },
    {
      "type": "insert-node",
      "node": {
        "label": "int",
        "type": "VARIABLE_TYPE"
      },
      "location-after-char-start": 0,
      "location-after-char-end": 0,
      "node-str": "int"
    },
    {
      "type": "insert-node",
      "node": {
        "label": "int",
        "type": "VARIABLE_TYPE"
      },
      "location-after-char-start": 0,
      "location-after-char-end": 0,
      "node-str": "int"
    },
    {
      "type": "insert-node",
      "node": {
        "label": "java.lang.String",
        "type": "VARIABLE_TYPE"
      },
      "location-after-char-start": 0,
      "location-after-char-end": 0,
      "node-str": "java.lang.String"
    },
    {
      "type": "insert-node",
      "node": {
        "label": "final",
        "type": "Modifier"
      },
      "location-after-char-start": 0,
      "location-after-char-end": 0,
      "node-str": "final"
    },
    {
      "type": "insert-node",
      "node": {
        "label": "java.lang.String",
        "type": "VARIABLE_TYPE"
      },
      "location-after-char-start": 0,
      "location-after-char-end": 0,
      "node-str": "java.lang.String"
    },
    {
      "type": "insert-node",
      "node": {
        "label": "boolean",
        "type": "VARIABLE_TYPE"
      },
      "location-after-char-start": 0,
      "location-after-char-end": 0,
      "node-str": "boolean"
    },
    {
      "type": "insert-node",
      "node": {
        "label": "java.util.List",
        "type": "VARIABLE_TYPE"
      },
      "location-after-char-start": 0,
      "location-after-char-end": 0,
      "node-str": "java.util.List"
    },
    {
      "type": "insert-node",
      "node": {
        "label": "null",
        "type": "Literal"
      },
      "location-after-char-start": 10670,
      "location-after-char-end": 10673,
      "node-str": "null"
    },
    {
      "type": "insert-node",
      "node": {
        "label": "java.util.List",
        "type": "VARIABLE_TYPE"
      },
      "location-after-char-start": 0,
      "location-after-char-end": 0,
      "node-str": "java.util.List"
    },
    {
      "type": "insert-node",
      "node": {
        "label": "null",
        "type": "Literal"
      },
      "location-after-char-start": 10701,
      "location-after-char-end": 10704,
      "node-str": "null"
    },
    {
      "type": "insert-node",
      "node": {
        "label": "org.tigris.scarab.util.ScarabPaginatedList",
        "type": "VARIABLE_TYPE"
      },
      "location-after-char-start": 0,
      "location-after-char-end": 0,
      "node-str": "org.tigris.scarab.util.ScarabPaginatedList"
    },
    {
      "type": "insert-node",
      "node": {
        "label": "null",
        "type": "Literal"
      },
      "location-after-char-start": 10747,
      "location-after-char-end": 10750,
      "node-str": "null"
    },
    {
      "type": "insert-node",
      "node": {
        "label": "\u003d",
        "type": "Assignment"
      },
      "location-after-char-start": 11406,
      "location-after-char-end": 11466,
      "node-str": "\u003d"
    },
    {
      "type": "move-subtree",
      "node": {
        "label": "",
        "type": "Catch"
      },
      "location-before-char-start": 11621,
      "location-before-char-end": 11748,
      "location-after-char-start": 11477,
      "location-after-char-end": 11604,
      "node-str": ""
    },
    {
      "type": "insert-node",
      "node": {
        "label": "paginated",
        "type": "VariableRead"
      },
      "location-after-char-start": 14867,
      "location-after-char-end": 14875,
      "node-str": "paginated"
    },
    {
      "type": "insert-node",
      "node": {
        "label": "potential",
        "type": "VariableWrite"
      },
      "location-after-char-start": 11406,
      "location-after-char-end": 11414,
      "node-str": "potential"
    },
    {
      "type": "insert-node",
      "node": {
        "label": "getPotentialAssignees",
        "type": "Invocation"
      },
      "location-after-char-start": 11418,
      "location-after-char-end": 11465,
      "node-str": "getPotentialAssignees"
    },
    {
      "type": "insert-node",
      "node": {
        "label": "mitList",
        "type": "VariableRead"
      },
      "location-after-char-start": 11418,
      "location-after-char-end": 11424,
      "node-str": "mitList"
    },
    {
      "type": "insert-node",
      "node": {
        "label": "includeCommitters",
        "type": "VariableRead"
      },
      "location-after-char-start": 11448,
      "location-after-char-end": 11464,
      "node-str": "includeCommitters"
    },
    {
      "type": "delete-node",
      "node": {
        "label": "public",
        "type": "Modifier"
      },
      "location-before-char-start": 0,
      "location-before-char-end": 0,
      "node-str": "public"
    },
    {
      "type": "delete-node",
      "node": {
        "label": "org.tigris.scarab.om.BaseScarabModule",
        "type": "SUPER_TYPE"
      },
      "location-before-char-start": 0,
      "location-before-char-end": 0,
      "node-str": "org.tigris.scarab.om.BaseScarabModule"
    },
    {
      "type": "delete-node",
      "node": {
        "label": "",
        "type": "TypeReference"
      },
      "location-before-char-start": 4447,
      "location-before-char-end": 4462,
      "node-str": ""
    },
    {
      "type": "delete-node",
      "node": {
        "label": "java.lang.String",
        "type": "VARIABLE_TYPE"
      },
      "location-before-char-start": 0,
      "location-before-char-end": 0,
      "node-str": "java.lang.String"
    },
    {
      "type": "delete-node",
      "node": {
        "label": "null",
        "type": "Literal"
      },
      "location-before-char-start": 4654,
      "location-before-char-end": 4657,
      "node-str": "null"
    },
    {
      "type": "delete-node",
      "node": {
        "label": "domain",
        "type": "Field"
      },
      "location-before-char-start": 4630,
      "location-before-char-end": 4658,
      "node-str": "domain"
    },
    {
      "type": "delete-node",
      "node": {
        "label": "java.lang.String",
        "type": "VARIABLE_TYPE"
      },
      "location-before-char-start": 0,
      "location-before-char-end": 0,
      "node-str": "java.lang.String"
    },
    {
      "type": "delete-node",
      "node": {
        "label": "null",
        "type": "Literal"
      },
      "location-before-char-start": 4686,
      "location-before-char-end": 4689,
      "node-str": "null"
    },
    {
      "type": "delete-node",
      "node": {
        "label": "port",
        "type": "Field"
      },
      "location-before-char-start": 4664,
      "location-before-char-end": 4690,
      "node-str": "port"
    },
    {
      "type": "delete-node",
      "node": {
        "label": "java.lang.String",
        "type": "VARIABLE_TYPE"
      },
      "location-before-char-start": 0,
      "location-before-char-end": 0,
      "node-str": "java.lang.String"
    },
    {
      "type": "delete-node",
      "node": {
        "label": "null",
        "type": "Literal"
      },
      "location-before-char-start": 4720,
      "location-before-char-end": 4723,
      "node-str": "null"
    },
    {
      "type": "delete-node",
      "node": {
        "label": "scheme",
        "type": "Field"
      },
      "location-before-char-start": 4696,
      "location-before-char-end": 4724,
      "node-str": "scheme"
    },
    {
      "type": "delete-node",
      "node": {
        "label": "java.lang.String",
        "type": "VARIABLE_TYPE"
      },
      "location-before-char-start": 0,
      "location-before-char-end": 0,
      "node-str": "java.lang.String"
    },
    {
      "type": "delete-node",
      "node": {
        "label": "null",
        "type": "Literal"
      },
      "location-before-char-start": 4758,
      "location-before-char-end": 4761,
      "node-str": "null"
    },
    {
      "type": "delete-node",
      "node": {
        "label": "scriptName",
        "type": "Field"
      },
      "location-before-char-start": 4730,
      "location-before-char-end": 4762,
      "node-str": "scriptName"
    },
    {
      "type": "delete-node",
      "node": {
        "label": "org.tigris.scarab.util.ScarabPaginatedList",
        "type": "RETURN_TYPE"
      },
      "location-before-char-start": 0,
      "location-before-char-end": 0,
      "node-str": "org.tigris.scarab.util.ScarabPaginatedList"
    },
    {
      "type": "delete-node",
      "node": {
        "label": "java.lang.Exception",
        "type": "THROWS"
      },
      "location-before-char-start": 0,
      "location-before-char-end": 0,
      "node-str": "java.lang.Exception"
    },
    {
      "type": "delete-node",
      "node": {
        "label": "public",
        "type": "Modifier"
      },
      "location-before-char-start": 0,
      "location-before-char-end": 0,
      "node-str": "public"
    },
    {
      "type": "delete-node",
      "node": {
        "label": "java.lang.String",
        "type": "VARIABLE_TYPE"
      },
      "location-before-char-start": 0,
      "location-before-char-end": 0,
      "node-str": "java.lang.String"
    },
    {
      "type": "delete-node",
      "node": {
        "label": "name",
        "type": "Parameter"
      },
      "location-before-char-start": 10240,
      "location-before-char-end": 10250,
      "node-str": "name"
    },
    {
      "type": "delete-node",
      "node": {
        "label": "java.lang.String",
        "type": "VARIABLE_TYPE"
      },
      "location-before-char-start": 0,
      "location-before-char-end": 0,
      "node-str": "java.lang.String"
    },
    {
      "type": "delete-node",
      "node": {
        "label": "username",
        "type": "Parameter"
      },
      "location-before-char-start": 10253,
      "location-before-char-end": 10267,
      "node-str": "username"
    },
    {
      "type": "delete-node",
      "node": {
        "label": "org.tigris.scarab.om.MITList",
        "type": "VARIABLE_TYPE"
      },
      "location-before-char-start": 0,
      "location-before-char-end": 0,
      "node-str": "org.tigris.scarab.om.MITList"
    },
    {
      "type": "delete-node",
      "node": {
        "label": "mitList",
        "type": "Parameter"
      },
      "location-before-char-start": 10311,
      "location-before-char-end": 10325,
      "node-str": "mitList"
    },
    {
      "type": "delete-node",
      "node": {
        "label": "int",
        "type": "VARIABLE_TYPE"
      },
      "location-before-char-start": 0,
      "location-before-char-end": 0,
      "node-str": "int"
    },
    {
      "type": "delete-node",
      "node": {
        "label": "offset",
        "type": "Parameter"
      },
      "location-before-char-start": 10369,
      "location-before-char-end": 10378,
      "node-str": "offset"
    },
    {
      "type": "delete-node",
      "node": {
        "label": "int",
        "type": "VARIABLE_TYPE"
      },
      "location-before-char-start": 0,
      "location-before-char-end": 0,
      "node-str": "int"
    },
    {
      "type": "delete-node",
      "node": {
        "label": "resultSize",
        "type": "Parameter"
      },
      "location-before-char-start": 10381,
      "location-before-char-end": 10394,
      "node-str": "resultSize"
    },
    {
      "type": "delete-node",
      "node": {
        "label": "java.lang.String",
        "type": "VARIABLE_TYPE"
      },
      "location-before-char-start": 0,
      "location-before-char-end": 0,
      "node-str": "java.lang.String"
    },
    {
      "type": "delete-node",
      "node": {
        "label": "final",
        "type": "Modifier"
      },
      "location-before-char-start": 0,
      "location-before-char-end": 0,
      "node-str": "final"
    },
    {
      "type": "delete-node",
      "node": {
        "label": "sortColumn",
        "type": "Parameter"
      },
      "location-before-char-start": 10437,
      "location-before-char-end": 10459,
      "node-str": "sortColumn"
    },
    {
      "type": "delete-node",
      "node": {
        "label": "java.lang.String",
        "type": "VARIABLE_TYPE"
      },
      "location-before-char-start": 0,
      "location-before-char-end": 0,
      "node-str": "java.lang.String"
    },
    {
      "type": "delete-node",
      "node": {
        "label": "sortPolarity",
        "type": "Parameter"
      },
      "location-before-char-start": 10462,
      "location-before-char-end": 10480,
      "node-str": "sortPolarity"
    },
    {
      "type": "delete-node",
      "node": {
        "label": "boolean",
        "type": "VARIABLE_TYPE"
      },
      "location-before-char-start": 0,
      "location-before-char-end": 0,
      "node-str": "boolean"
    },
    {
      "type": "delete-node",
      "node": {
        "label": "includeCommitters",
        "type": "Parameter"
      },
      "location-before-char-start": 10523,
      "location-before-char-end": 10547,
      "node-str": "includeCommitters"
    },
    {
      "type": "delete-node",
      "node": {
        "label": "java.util.List",
        "type": "VARIABLE_TYPE"
      },
      "location-before-char-start": 0,
      "location-before-char-end": 0,
      "node-str": "java.util.List"
    },
    {
      "type": "delete-node",
      "node": {
        "label": "null",
        "type": "Literal"
      },
      "location-before-char-start": 10670,
      "location-before-char-end": 10673,
      "node-str": "null"
    },
    {
      "type": "delete-node",
      "node": {
        "label": "result",
        "type": "LocalVariable"
      },
      "location-before-char-start": 10656,
      "location-before-char-end": 10674,
      "node-str": "result"
    },
    {
      "type": "delete-node",
      "node": {
        "label": "java.util.List",
        "type": "VARIABLE_TYPE"
      },
      "location-before-char-start": 0,
      "location-before-char-end": 0,
      "node-str": "java.util.List"
    },
    {
      "type": "delete-node",
      "node": {
        "label": "null",
        "type": "Literal"
      },
      "location-before-char-start": 10701,
      "location-before-char-end": 10704,
      "node-str": "null"
    },
    {
      "type": "delete-node",
      "node": {
        "label": "potential",
        "type": "LocalVariable"
      },
      "location-before-char-start": 10684,
      "location-before-char-end": 10705,
      "node-str": "potential"
    },
    {
      "type": "delete-node",
      "node": {
        "label": "org.tigris.scarab.util.ScarabPaginatedList",
        "type": "VARIABLE_TYPE"
      },
      "location-before-char-start": 0,
      "location-before-char-end": 0,
      "node-str": "org.tigris.scarab.util.ScarabPaginatedList"
    },
    {
      "type": "delete-node",
      "node": {
        "label": "null",
        "type": "Literal"
      },
      "location-before-char-start": 10747,
      "location-before-char-end": 10750,
      "node-str": "null"
    },
    {
      "type": "delete-node",
      "node": {
        "label": "paginated",
        "type": "LocalVariable"
      },
      "location-before-char-start": 10715,
      "location-before-char-end": 10751,
      "node-str": "paginated"
    },
    {
      "type": "delete-node",
      "node": {
        "label": "potential",
        "type": "VariableWrite"
      },
      "location-before-char-start": 11567,
      "location-before-char-end": 11575,
      "node-str": "potential"
    },
    {
      "type": "delete-node",
      "node": {
        "label": "mitList",
        "type": "VariableRead"
      },
      "location-before-char-start": 11579,
      "location-before-char-end": 11585,
      "node-str": "mitList"
    },
    {
      "type": "delete-node",
      "node": {
        "label": "getPotentialAssignees",
        "type": "Invocation"
      },
      "location-before-char-start": 11579,
      "location-before-char-end": 11609,
      "node-str": "getPotentialAssignees"
    },
    {
      "type": "delete-node",
      "node": {
        "label": "\u003d",
        "type": "Assignment"
      },
      "location-before-char-start": 11567,
      "location-before-char-end": 11610,
      "node-str": "\u003d"
    },
    {
      "type": "delete-node",
      "node": {
        "label": "",
        "type": "Try"
      },
      "location-before-char-start": 11379,
      "location-before-char-end": 11748,
      "node-str": ""
    },
    {
      "type": "delete-node",
      "node": {
        "label": "paginated",
        "type": "VariableRead"
      },
      "location-before-char-start": 15011,
      "location-before-char-end": 15019,
      "node-str": "paginated"
    },
    {
      "type": "delete-node",
      "node": {
        "label": "return",
        "type": "Return"
      },
      "location-before-char-start": 15004,
      "location-before-char-end": 15020,
      "node-str": "return"
    }
  ],
  "before-file": {},
  "after-file": {},
  "mapping": {}
}