{
  "tool-info": {},
  "diff": [
    {
      "type": "insert-node",
      "node": {
        "label": "DefineTag",
        "type": "Class"
      },
      "location-after-char-start": 3033,
      "location-after-char-end": 6945,
      "node-str": "DefineTag"
    },
    {
      "type": "insert-node",
      "node": {
        "label": "public",
        "type": "Modifier"
      },
      "location-after-char-start": 0,
      "location-after-char-end": 0,
      "node-str": "public"
    },
    {
      "type": "insert-node",
      "node": {
        "label": "",
        "type": "TypeReference"
      },
      "location-after-char-start": 3225,
      "location-after-char-end": 3234,
      "node-str": ""
    },
    {
      "type": "insert-node",
      "node": {
        "label": "messages",
        "type": "Field"
      },
      "location-after-char-start": 3244,
      "location-after-char-end": 3532,
      "node-str": "messages"
    },
    {
      "type": "move-subtree",
      "node": {
        "label": "id",
        "type": "Field"
      },
      "location-before-char-start": 3196,
      "location-before-char-end": 3417,
      "location-after-char-start": 3539,
      "location-after-char-end": 3760,
      "node-str": "id"
    },
    {
      "type": "move-subtree",
      "node": {
        "label": "getId",
        "type": "Method"
      },
      "location-before-char-start": 3424,
      "location-before-char-end": 3478,
      "location-after-char-start": 3767,
      "location-after-char-end": 3821,
      "node-str": "getId"
    },
    {
      "type": "move-subtree",
      "node": {
        "label": "setId",
        "type": "Method"
      },
      "location-before-char-start": 3485,
      "location-before-char-end": 3542,
      "location-after-char-start": 3828,
      "location-after-char-end": 3885,
      "node-str": "setId"
    },
    {
      "type": "move-subtree",
      "node": {
        "label": "name",
        "type": "Field"
      },
      "location-before-char-start": 3550,
      "location-before-char-end": 3657,
      "location-after-char-start": 3893,
      "location-after-char-end": 4000,
      "node-str": "name"
    },
    {
      "type": "move-subtree",
      "node": {
        "label": "getName",
        "type": "Method"
      },
      "location-before-char-start": 3664,
      "location-before-char-end": 3722,
      "location-after-char-start": 4007,
      "location-after-char-end": 4065,
      "node-str": "getName"
    },
    {
      "type": "move-subtree",
      "node": {
        "label": "setName",
        "type": "Method"
      },
      "location-before-char-start": 3729,
      "location-before-char-end": 3794,
      "location-after-char-start": 4072,
      "location-after-char-end": 4137,
      "node-str": "setName"
    },
    {
      "type": "move-subtree",
      "node": {
        "label": "property",
        "type": "Field"
      },
      "location-before-char-start": 3802,
      "location-before-char-end": 3899,
      "location-after-char-start": 4145,
      "location-after-char-end": 4242,
      "node-str": "property"
    },
    {
      "type": "move-subtree",
      "node": {
        "label": "getProperty",
        "type": "Method"
      },
      "location-before-char-start": 3906,
      "location-before-char-end": 3972,
      "location-after-char-start": 4249,
      "location-after-char-end": 4315,
      "node-str": "getProperty"
    },
    {
      "type": "move-subtree",
      "node": {
        "label": "setProperty",
        "type": "Method"
      },
      "location-before-char-start": 3979,
      "location-before-char-end": 4060,
      "location-after-char-start": 4322,
      "location-after-char-end": 4403,
      "node-str": "setProperty"
    },
    {
      "type": "move-subtree",
      "node": {
        "label": "scope",
        "type": "Field"
      },
      "location-before-char-start": 4068,
      "location-before-char-end": 4177,
      "location-after-char-start": 4411,
      "location-after-char-end": 4520,
      "node-str": "scope"
    },
    {
      "type": "move-subtree",
      "node": {
        "label": "getScope",
        "type": "Method"
      },
      "location-before-char-start": 4184,
      "location-before-char-end": 4244,
      "location-after-char-start": 4527,
      "location-after-char-end": 4587,
      "node-str": "getScope"
    },
    {
      "type": "move-subtree",
      "node": {
        "label": "setScope",
        "type": "Method"
      },
      "location-before-char-start": 4251,
      "location-before-char-end": 4320,
      "location-after-char-start": 4594,
      "location-after-char-end": 4663,
      "node-str": "setScope"
    },
    {
      "type": "move-subtree",
      "node": {
        "label": "toScope",
        "type": "Field"
      },
      "location-before-char-start": 4328,
      "location-before-char-end": 4444,
      "location-after-char-start": 4671,
      "location-after-char-end": 4787,
      "node-str": "toScope"
    },
    {
      "type": "move-subtree",
      "node": {
        "label": "getToScope",
        "type": "Method"
      },
      "location-before-char-start": 4451,
      "location-before-char-end": 4515,
      "location-after-char-start": 4794,
      "location-after-char-end": 4858,
      "node-str": "getToScope"
    },
    {
      "type": "move-subtree",
      "node": {
        "label": "setToScope",
        "type": "Method"
      },
      "location-before-char-start": 4522,
      "location-before-char-end": 4599,
      "location-after-char-start": 4865,
      "location-after-char-end": 4942,
      "node-str": "setToScope"
    },
    {
      "type": "move-subtree",
      "node": {
        "label": "type",
        "type": "Field"
      },
      "location-before-char-start": 4607,
      "location-before-char-end": 4722,
      "location-after-char-start": 4950,
      "location-after-char-end": 5065,
      "node-str": "type"
    },
    {
      "type": "move-subtree",
      "node": {
        "label": "getType",
        "type": "Method"
      },
      "location-before-char-start": 4729,
      "location-before-char-end": 4787,
      "location-after-char-start": 5072,
      "location-after-char-end": 5130,
      "node-str": "getType"
    },
    {
      "type": "move-subtree",
      "node": {
        "label": "setType",
        "type": "Method"
      },
      "location-before-char-start": 4794,
      "location-before-char-end": 4859,
      "location-after-char-start": 5137,
      "location-after-char-end": 5202,
      "node-str": "setType"
    },
    {
      "type": "move-subtree",
      "node": {
        "label": "value",
        "type": "Field"
      },
      "location-before-char-start": 4867,
      "location-before-char-end": 4977,
      "location-after-char-start": 5210,
      "location-after-char-end": 5320,
      "node-str": "value"
    },
    {
      "type": "move-subtree",
      "node": {
        "label": "getValue",
        "type": "Method"
      },
      "location-before-char-start": 4984,
      "location-before-char-end": 5044,
      "location-after-char-start": 5327,
      "location-after-char-end": 5387,
      "node-str": "getValue"
    },
    {
      "type": "move-subtree",
      "node": {
        "label": "setValue",
        "type": "Method"
      },
      "location-before-char-start": 5051,
      "location-before-char-end": 5120,
      "location-after-char-start": 5394,
      "location-after-char-end": 5463,
      "node-str": "setValue"
    },
    {
      "type": "insert-node",
      "node": {
        "label": "doStartTag",
        "type": "Method"
      },
      "location-after-char-start": 5471,
      "location-after-char-end": 6666,
      "node-str": "doStartTag"
    },
    {
      "type": "move-subtree",
      "node": {
        "label": "release",
        "type": "Method"
      },
      "location-before-char-start": 6084,
      "location-before-char-end": 6351,
      "location-after-char-start": 6674,
      "location-after-char-end": 6941,
      "node-str": "release"
    },
    {
      "type": "insert-node",
      "node": {
        "label": "javax.servlet.jsp.tagext.TagSupport",
        "type": "SUPER_TYPE"
      },
      "location-after-char-start": 0,
      "location-after-char-end": 0,
      "node-str": "javax.servlet.jsp.tagext.TagSupport"
    },
    {
      "type": "insert-node",
      "node": {
        "label": "org.apache.struts.util.MessageResources",
        "type": "VARIABLE_TYPE"
      },
      "location-after-char-start": 0,
      "location-after-char-end": 0,
      "node-str": "org.apache.struts.util.MessageResources"
    },
    {
      "type": "insert-node",
      "node": {
        "label": "protected",
        "type": "Modifier"
      },
      "location-after-char-start": 0,
      "location-after-char-end": 0,
      "node-str": "protected"
    },
    {
      "type": "insert-node",
      "node": {
        "label": "static",
        "type": "Modifier"
      },
      "location-after-char-start": 0,
      "location-after-char-end": 0,
      "node-str": "static"
    },
    {
      "type": "insert-node",
      "node": {
        "label": "getMessageResources",
        "type": "Invocation"
      },
      "location-after-char-start": 3441,
      "location-after-char-end": 3531,
      "node-str": "getMessageResources"
    },
    {
      "type": "insert-node",
      "node": {
        "label": "int",
        "type": "RETURN_TYPE"
      },
      "location-after-char-start": 0,
      "location-after-char-end": 0,
      "node-str": "int"
    },
    {
      "type": "insert-node",
      "node": {
        "label": "javax.servlet.jsp.JspException",
        "type": "THROWS"
      },
      "location-after-char-start": 0,
      "location-after-char-end": 0,
      "node-str": "javax.servlet.jsp.JspException"
    },
    {
      "type": "insert-node",
      "node": {
        "label": "public",
        "type": "Modifier"
      },
      "location-after-char-start": 0,
      "location-after-char-end": 0,
      "node-str": "public"
    },
    {
      "type": "move-subtree",
      "node": {
        "label": "value",
        "type": "LocalVariable"
      },
      "location-before-char-start": 5476,
      "location-before-char-end": 5501,
      "location-after-char-start": 5819,
      "location-after-char-end": 5844,
      "node-str": "value"
    },
    {
      "type": "insert-node",
      "node": {
        "label": "if",
        "type": "If"
      },
      "location-after-char-start": 5854,
      "location-after-char-end": 5980,
      "node-str": "if"
    },
    {
      "type": "insert-node",
      "node": {
        "label": "if",
        "type": "If"
      },
      "location-after-char-start": 5990,
      "location-after-char-end": 6195,
      "node-str": "if"
    },
    {
      "type": "move-subtree",
      "node": {
        "label": "inScope",
        "type": "LocalVariable"
      },
      "location-before-char-start": 5669,
      "location-before-char-end": 5705,
      "location-after-char-start": 6259,
      "location-after-char-end": 6295,
      "node-str": "inScope"
    },
    {
      "type": "move-subtree",
      "node": {
        "label": "if",
        "type": "If"
      },
      "location-before-char-start": 5715,
      "location-before-char-end": 5987,
      "location-after-char-start": 6305,
      "location-after-char-end": 6577,
      "node-str": "if"
    },
    {
      "type": "move-subtree",
      "node": {
        "label": "setAttribute",
        "type": "Invocation"
      },
      "location-before-char-start": 5997,
      "location-before-char-end": 6041,
      "location-after-char-start": 6587,
      "location-after-char-end": 6631,
      "node-str": "setAttribute"
    },
    {
      "type": "insert-node",
      "node": {
        "label": "return",
        "type": "Return"
      },
      "location-after-char-start": 6641,
      "location-after-char-end": 6659,
      "node-str": "return"
    },
    {
      "type": "insert-node",
      "node": {
        "label": "org.apache.struts.util.MessageResources",
        "type": "TypeAccess"
      },
      "location-after-char-start": 3441,
      "location-after-char-end": 3456,
      "node-str": "org.apache.struts.util.MessageResources"
    },
    {
      "type": "insert-node",
      "node": {
        "label": "\"org.apache.struts.taglib.bean.LocalStrings\"",
        "type": "Literal"
      },
      "location-after-char-start": 3487,
      "location-after-char-end": 3530,
      "node-str": "\"org.apache.struts.taglib.bean.LocalStrings\""
    },
    {
      "type": "insert-node",
      "node": {
        "label": "AND",
        "type": "BinaryOperator"
      },
      "location-after-char-start": 5858,
      "location-after-char-end": 5890,
      "node-str": "AND"
    },
    {
      "type": "move-subtree",
      "node": {
        "label": "THEN",
        "type": "then"
      },
      "location-before-char-start": 5542,
      "location-before-char-end": 5605,
      "location-after-char-start": 5893,
      "location-after-char-end": 5980,
      "node-str": "THEN"
    },
    {
      "type": "move-subtree",
      "node": {
        "label": "EQ",
        "type": "BinaryOperator"
      },
      "location-before-char-start": 5515,
      "location-before-char-end": 5527,
      "location-after-char-start": 5994,
      "location-after-char-end": 6006,
      "node-str": "EQ"
    },
    {
      "type": "insert-node",
      "node": {
        "label": "THEN",
        "type": "then"
      },
      "location-after-char-start": 6009,
      "location-after-char-end": 6195,
      "node-str": "THEN"
    },
    {
      "type": "insert-node",
      "node": {
        "label": "SKIP_BODY",
        "type": "FieldRead"
      },
      "location-after-char-start": 6648,
      "location-after-char-end": 6658,
      "node-str": "SKIP_BODY"
    },
    {
      "type": "insert-node",
      "node": {
        "label": "EQ",
        "type": "BinaryOperator"
      },
      "location-after-char-start": 5858,
      "location-after-char-end": 5872,
      "node-str": "EQ"
    },
    {
      "type": "insert-node",
      "node": {
        "label": "NE",
        "type": "BinaryOperator"
      },
      "location-after-char-start": 5877,
      "location-after-char-end": 5890,
      "node-str": "NE"
    },
    {
      "type": "insert-node",
      "node": {
        "label": "e",
        "type": "LocalVariable"
      },
      "location-after-char-start": 6023,
      "location-after-char-end": 6108,
      "node-str": "e"
    },
    {
      "type": "insert-node",
      "node": {
        "label": "saveException",
        "type": "Invocation"
      },
      "location-after-char-start": 6122,
      "location-after-char-end": 6164,
      "node-str": "saveException"
    },
    {
      "type": "insert-node",
      "node": {
        "label": "",
        "type": "Throw"
      },
      "location-after-char-start": 6178,
      "location-after-char-end": 6185,
      "node-str": ""
    },
    {
      "type": "insert-node",
      "node": {
        "label": "value",
        "type": "VariableRead"
      },
      "location-after-char-start": 5859,
      "location-after-char-end": 5863,
      "node-str": "value"
    },
    {
      "type": "insert-node",
      "node": {
        "label": "null",
        "type": "Literal"
      },
      "location-after-char-start": 5868,
      "location-after-char-end": 5871,
      "node-str": "null"
    },
    {
      "type": "insert-node",
      "node": {
        "label": "name",
        "type": "FieldRead"
      },
      "location-after-char-start": 5878,
      "location-after-char-end": 5881,
      "node-str": "name"
    },
    {
      "type": "insert-node",
      "node": {
        "label": "null",
        "type": "Literal"
      },
      "location-after-char-start": 5886,
      "location-after-char-end": 5889,
      "node-str": "null"
    },
    {
      "type": "insert-node",
      "node": {
        "label": "javax.servlet.jsp.JspException",
        "type": "VARIABLE_TYPE"
      },
      "location-after-char-start": 0,
      "location-after-char-end": 0,
      "node-str": "javax.servlet.jsp.JspException"
    },
    {
      "type": "insert-node",
      "node": {
        "label": "java.lang.Object()",
        "type": "ConstructorCall"
      },
      "location-after-char-start": 6056,
      "location-after-char-end": 6107,
      "node-str": "java.lang.Object()"
    },
    {
      "type": "insert-node",
      "node": {
        "label": "org.apache.struts.util.RequestUtils",
        "type": "TypeAccess"
      },
      "location-after-char-start": 6122,
      "location-after-char-end": 6133,
      "node-str": "org.apache.struts.util.RequestUtils"
    },
    {
      "type": "insert-node",
      "node": {
        "label": "pageContext",
        "type": "FieldRead"
      },
      "location-after-char-start": 6149,
      "location-after-char-end": 6159,
      "node-str": "pageContext"
    },
    {
      "type": "insert-node",
      "node": {
        "label": "e",
        "type": "VariableRead"
      },
      "location-after-char-start": 6162,
      "location-after-char-end": 6162,
      "node-str": "e"
    },
    {
      "type": "insert-node",
      "node": {
        "label": "e",
        "type": "VariableRead"
      },
      "location-after-char-start": 6184,
      "location-after-char-end": 6184,
      "node-str": "e"
    },
    {
      "type": "insert-node",
      "node": {
        "label": "org.apache.struts.taglib.bean.DefineTag",
        "type": "TypeAccess"
      },
      "location-after-char-start": 0,
      "location-after-char-end": 0,
      "node-str": "org.apache.struts.taglib.bean.DefineTag"
    },
    {
      "type": "insert-node",
      "node": {
        "label": "getMessage",
        "type": "Invocation"
      },
      "location-after-char-start": 6073,
      "location-after-char-end": 6106,
      "node-str": "getMessage"
    },
    {
      "type": "insert-node",
      "node": {
        "label": "messages",
        "type": "FieldRead"
      },
      "location-after-char-start": 6073,
      "location-after-char-end": 6080,
      "node-str": "messages"
    },
    {
      "type": "insert-node",
      "node": {
        "label": "\"define.null\"",
        "type": "Literal"
      },
      "location-after-char-start": 6093,
      "location-after-char-end": 6105,
      "node-str": "\"define.null\""
    },
    {
      "type": "delete-node",
      "node": {
        "label": "public",
        "type": "Modifier"
      },
      "location-before-char-start": 0,
      "location-before-char-end": 0,
      "node-str": "public"
    },
    {
      "type": "delete-node",
      "node": {
        "label": "javax.servlet.jsp.tagext.TagSupport",
        "type": "SUPER_TYPE"
      },
      "location-before-char-start": 0,
      "location-before-char-end": 0,
      "node-str": "javax.servlet.jsp.tagext.TagSupport"
    },
    {
      "type": "delete-node",
      "node": {
        "label": "",
        "type": "TypeReference"
      },
      "location-before-char-start": 3177,
      "location-before-char-end": 3186,
      "node-str": ""
    },
    {
      "type": "delete-node",
      "node": {
        "label": "int",
        "type": "RETURN_TYPE"
      },
      "location-before-char-start": 0,
      "location-before-char-end": 0,
      "node-str": "int"
    },
    {
      "type": "delete-node",
      "node": {
        "label": "javax.servlet.jsp.JspException",
        "type": "THROWS"
      },
      "location-before-char-start": 0,
      "location-before-char-end": 0,
      "node-str": "javax.servlet.jsp.JspException"
    },
    {
      "type": "delete-node",
      "node": {
        "label": "public",
        "type": "Modifier"
      },
      "location-before-char-start": 0,
      "location-before-char-end": 0,
      "node-str": "public"
    },
    {
      "type": "delete-node",
      "node": {
        "label": "if",
        "type": "If"
      },
      "location-before-char-start": 5511,
      "location-before-char-end": 5605,
      "node-str": "if"
    },
    {
      "type": "delete-node",
      "node": {
        "label": "SKIP_BODY",
        "type": "FieldRead"
      },
      "location-before-char-start": 6058,
      "location-before-char-end": 6068,
      "node-str": "SKIP_BODY"
    },
    {
      "type": "delete-node",
      "node": {
        "label": "return",
        "type": "Return"
      },
      "location-before-char-start": 6051,
      "location-before-char-end": 6069,
      "node-str": "return"
    },
    {
      "type": "delete-node",
      "node": {
        "label": "doStartTag",
        "type": "Method"
      },
      "location-before-char-start": 5128,
      "location-before-char-end": 6076,
      "node-str": "doStartTag"
    },
    {
      "type": "delete-node",
      "node": {
        "label": "DefineTag",
        "type": "Class"
      },
      "location-before-char-start": 2985,
      "location-before-char-end": 6355,
      "node-str": "DefineTag"
    }
  ],
  "before-file": {},
  "after-file": {},
  "mapping": {}
}