{
  "tool-info": {},
  "diff": [
    {
      "type": "insert-node",
      "node": {
        "label": "",
        "type": "PackageDeclaration"
      },
      "location-after-char-start": 0,
      "location-after-char-end": 34,
      "node-str": ""
    },
    {
      "type": "insert-node",
      "node": {
        "label": "",
        "type": "ImportDeclaration"
      },
      "location-after-char-start": 2370,
      "location-after-char-end": 2392,
      "node-str": ""
    },
    {
      "type": "insert-node",
      "node": {
        "label": "",
        "type": "ImportDeclaration"
      },
      "location-after-char-start": 2412,
      "location-after-char-end": 2454,
      "node-str": ""
    },
    {
      "type": "insert-node",
      "node": {
        "label": "",
        "type": "ImportDeclaration"
      },
      "location-after-char-start": 2455,
      "location-after-char-end": 2489,
      "node-str": ""
    },
    {
      "type": "insert-node",
      "node": {
        "label": "",
        "type": "ImportDeclaration"
      },
      "location-after-char-start": 2490,
      "location-after-char-end": 2532,
      "node-str": ""
    },
    {
      "type": "insert-node",
      "node": {
        "label": "",
        "type": "ImportDeclaration"
      },
      "location-after-char-start": 2533,
      "location-after-char-end": 2575,
      "node-str": ""
    },
    {
      "type": "insert-node",
      "node": {
        "label": "",
        "type": "ImportDeclaration"
      },
      "location-after-char-start": 2576,
      "location-after-char-end": 2621,
      "node-str": ""
    },
    {
      "type": "insert-node",
      "node": {
        "label": "",
        "type": "ImportDeclaration"
      },
      "location-after-char-start": 2622,
      "location-after-char-end": 2667,
      "node-str": ""
    },
    {
      "type": "insert-node",
      "node": {
        "label": "",
        "type": "ImportDeclaration"
      },
      "location-after-char-start": 2669,
      "location-after-char-end": 2707,
      "node-str": ""
    },
    {
      "type": "insert-node",
      "node": {
        "label": "",
        "type": "ImportDeclaration"
      },
      "location-after-char-start": 2726,
      "location-after-char-end": 2760,
      "node-str": ""
    },
    {
      "type": "insert-node",
      "node": {
        "label": "",
        "type": "ImportDeclaration"
      },
      "location-after-char-start": 2761,
      "location-after-char-end": 2802,
      "node-str": ""
    },
    {
      "type": "insert-node",
      "node": {
        "label": "",
        "type": "ImportDeclaration"
      },
      "location-after-char-start": 2803,
      "location-after-char-end": 2842,
      "node-str": ""
    },
    {
      "type": "insert-node",
      "node": {
        "label": "",
        "type": "ImportDeclaration"
      },
      "location-after-char-start": 2843,
      "location-after-char-end": 2882,
      "node-str": ""
    },
    {
      "type": "insert-node",
      "node": {
        "label": "",
        "type": "ImportDeclaration"
      },
      "location-after-char-start": 2883,
      "location-after-char-end": 2921,
      "node-str": ""
    },
    {
      "type": "insert-node",
      "node": {
        "label": "",
        "type": "ImportDeclaration"
      },
      "location-after-char-start": 2922,
      "location-after-char-end": 2957,
      "node-str": ""
    },
    {
      "type": "insert-node",
      "node": {
        "label": "",
        "type": "ImportDeclaration"
      },
      "location-after-char-start": 2958,
      "location-after-char-end": 3007,
      "node-str": ""
    },
    {
      "type": "insert-node",
      "node": {
        "label": "",
        "type": "ImportDeclaration"
      },
      "location-after-char-start": 3008,
      "location-after-char-end": 3062,
      "node-str": ""
    },
    {
      "type": "insert-node",
      "node": {
        "label": "",
        "type": "ImportDeclaration"
      },
      "location-after-char-start": 3063,
      "location-after-char-end": 3125,
      "node-str": ""
    },
    {
      "type": "insert-node",
      "node": {
        "label": "",
        "type": "ImportDeclaration"
      },
      "location-after-char-start": 3126,
      "location-after-char-end": 3178,
      "node-str": ""
    },
    {
      "type": "insert-node",
      "node": {
        "label": "org.tigris.scarab.actions",
        "type": "QualifiedName"
      },
      "location-after-char-start": 8,
      "location-after-char-end": 33,
      "node-str": "org.tigris.scarab.actions"
    },
    {
      "type": "insert-node",
      "node": {
        "label": "java.util.List",
        "type": "QualifiedName"
      },
      "location-after-char-start": 2377,
      "location-after-char-end": 2391,
      "node-str": "java.util.List"
    },
    {
      "type": "insert-node",
      "node": {
        "label": "org.apache.turbine.TemplateContext",
        "type": "QualifiedName"
      },
      "location-after-char-start": 2419,
      "location-after-char-end": 2453,
      "node-str": "org.apache.turbine.TemplateContext"
    },
    {
      "type": "insert-node",
      "node": {
        "label": "org.apache.turbine.RunData",
        "type": "QualifiedName"
      },
      "location-after-char-start": 2462,
      "location-after-char-end": 2488,
      "node-str": "org.apache.turbine.RunData"
    },
    {
      "type": "insert-node",
      "node": {
        "label": "org.apache.turbine.ParameterParser",
        "type": "QualifiedName"
      },
      "location-after-char-start": 2497,
      "location-after-char-end": 2531,
      "node-str": "org.apache.turbine.ParameterParser"
    },
    {
      "type": "insert-node",
      "node": {
        "label": "org.apache.turbine.tool.IntakeTool",
        "type": "QualifiedName"
      },
      "location-after-char-start": 2540,
      "location-after-char-end": 2574,
      "node-str": "org.apache.turbine.tool.IntakeTool"
    },
    {
      "type": "insert-node",
      "node": {
        "label": "org.apache.fulcrum.intake.model.Group",
        "type": "QualifiedName"
      },
      "location-after-char-start": 2583,
      "location-after-char-end": 2620,
      "node-str": "org.apache.fulcrum.intake.model.Group"
    },
    {
      "type": "insert-node",
      "node": {
        "label": "org.apache.fulcrum.intake.model.Field",
        "type": "QualifiedName"
      },
      "location-after-char-start": 2629,
      "location-after-char-end": 2666,
      "node-str": "org.apache.fulcrum.intake.model.Field"
    },
    {
      "type": "insert-node",
      "node": {
        "label": "org.apache.torque.om.NumberKey",
        "type": "QualifiedName"
      },
      "location-after-char-start": 2676,
      "location-after-char-end": 2706,
      "node-str": "org.apache.torque.om.NumberKey"
    },
    {
      "type": "insert-node",
      "node": {
        "label": "org.tigris.scarab.om.Query",
        "type": "QualifiedName"
      },
      "location-after-char-start": 2733,
      "location-after-char-end": 2759,
      "node-str": "org.tigris.scarab.om.Query"
    },
    {
      "type": "insert-node",
      "node": {
        "label": "org.tigris.scarab.om.QueryManager",
        "type": "QualifiedName"
      },
      "location-after-char-start": 2768,
      "location-after-char-end": 2801,
      "node-str": "org.tigris.scarab.om.QueryManager"
    },
    {
      "type": "insert-node",
      "node": {
        "label": "org.tigris.scarab.om.RQueryUser",
        "type": "QualifiedName"
      },
      "location-after-char-start": 2810,
      "location-after-char-end": 2841,
      "node-str": "org.tigris.scarab.om.RQueryUser"
    },
    {
      "type": "insert-node",
      "node": {
        "label": "org.tigris.scarab.om.ScarabUser",
        "type": "QualifiedName"
      },
      "location-after-char-start": 2850,
      "location-after-char-end": 2881,
      "node-str": "org.tigris.scarab.om.ScarabUser"
    },
    {
      "type": "insert-node",
      "node": {
        "label": "org.tigris.scarab.om.IssueType",
        "type": "QualifiedName"
      },
      "location-after-char-start": 2890,
      "location-after-char-end": 2920,
      "node-str": "org.tigris.scarab.om.IssueType"
    },
    {
      "type": "insert-node",
      "node": {
        "label": "org.tigris.scarab.om.Module",
        "type": "QualifiedName"
      },
      "location-after-char-start": 2929,
      "location-after-char-end": 2956,
      "node-str": "org.tigris.scarab.om.Module"
    },
    {
      "type": "insert-node",
      "node": {
        "label": "org.tigris.scarab.tools.ScarabRequestTool",
        "type": "QualifiedName"
      },
      "location-after-char-start": 2965,
      "location-after-char-end": 3006,
      "node-str": "org.tigris.scarab.tools.ScarabRequestTool"
    },
    {
      "type": "insert-node",
      "node": {
        "label": "org.tigris.scarab.tools.ScarabLocalizationTool",
        "type": "QualifiedName"
      },
      "location-after-char-start": 3015,
      "location-after-char-end": 3061,
      "node-str": "org.tigris.scarab.tools.ScarabLocalizationTool"
    },
    {
      "type": "insert-node",
      "node": {
        "label": "org.tigris.scarab.actions.base.RequireLoginFirstAction",
        "type": "QualifiedName"
      },
      "location-after-char-start": 3070,
      "location-after-char-end": 3124,
      "node-str": "org.tigris.scarab.actions.base.RequireLoginFirstAction"
    },
    {
      "type": "insert-node",
      "node": {
        "label": "org.tigris.scarab.services.cache.ScarabCache",
        "type": "QualifiedName"
      },
      "location-after-char-start": 3133,
      "location-after-char-end": 3177,
      "node-str": "org.tigris.scarab.services.cache.ScarabCache"
    },
    {
      "type": "insert-node",
      "node": {
        "label": "",
        "type": "Javadoc"
      },
      "location-after-char-start": 3180,
      "location-after-char-end": 3352,
      "node-str": ""
    },
    {
      "type": "insert-node",
      "node": {
        "label": "public",
        "type": "Modifier"
      },
      "location-after-char-start": 3353,
      "location-after-char-end": 3359,
      "node-str": "public"
    },
    {
      "type": "insert-node",
      "node": {
        "label": "class",
        "type": "TYPE_DECLARATION_KIND"
      },
      "location-after-char-start": 3360,
      "location-after-char-end": 3365,
      "node-str": "class"
    },
    {
      "type": "insert-node",
      "node": {
        "label": "QueryList",
        "type": "SimpleName"
      },
      "location-after-char-start": 3366,
      "location-after-char-end": 3375,
      "node-str": "QueryList"
    },
    {
      "type": "insert-node",
      "node": {
        "label": "",
        "type": "SimpleType"
      },
      "location-after-char-start": 3384,
      "location-after-char-end": 3407,
      "node-str": ""
    },
    {
      "type": "insert-node",
      "node": {
        "label": "",
        "type": "MethodDeclaration"
      },
      "location-after-char-start": 3415,
      "location-after-char-end": 5686,
      "node-str": ""
    },
    {
      "type": "insert-node",
      "node": {
        "label": "",
        "type": "TagElement"
      },
      "location-after-char-start": 3187,
      "location-after-char-end": 3261,
      "node-str": ""
    },
    {
      "type": "insert-node",
      "node": {
        "label": "",
        "type": "TagElement"
      },
      "location-after-char-start": 3272,
      "location-after-char-end": 3331,
      "node-str": ""
    },
    {
      "type": "insert-node",
      "node": {
        "label": "",
        "type": "TagElement"
      },
      "location-after-char-start": 3335,
      "location-after-char-end": 3348,
      "node-str": ""
    },
    {
      "type": "insert-node",
      "node": {
        "label": "RequireLoginFirstAction",
        "type": "SimpleName"
      },
      "location-after-char-start": 3384,
      "location-after-char-end": 3407,
      "node-str": "RequireLoginFirstAction"
    },
    {
      "type": "insert-node",
      "node": {
        "label": "public",
        "type": "Modifier"
      },
      "location-after-char-start": 3415,
      "location-after-char-end": 3421,
      "node-str": "public"
    },
    {
      "type": "insert-node",
      "node": {
        "label": "void",
        "type": "PrimitiveType"
      },
      "location-after-char-start": 3422,
      "location-after-char-end": 3426,
      "node-str": "void"
    },
    {
      "type": "insert-node",
      "node": {
        "label": "doSave",
        "type": "SimpleName"
      },
      "location-after-char-start": 3427,
      "location-after-char-end": 3433,
      "node-str": "doSave"
    },
    {
      "type": "insert-node",
      "node": {
        "label": "",
        "type": "SingleVariableDeclaration"
      },
      "location-after-char-start": 3434,
      "location-after-char-end": 3446,
      "node-str": ""
    },
    {
      "type": "insert-node",
      "node": {
        "label": "",
        "type": "SingleVariableDeclaration"
      },
      "location-after-char-start": 3448,
      "location-after-char-end": 3471,
      "node-str": ""
    },
    {
      "type": "insert-node",
      "node": {
        "label": "",
        "type": "SimpleType"
      },
      "location-after-char-start": 3488,
      "location-after-char-end": 3497,
      "node-str": ""
    },
    {
      "type": "move-subtree",
      "node": {
        "label": "",
        "type": "Block"
      },
      "location-before-char-start": 3502,
      "location-before-char-end": 5546,
      "location-after-char-start": 3502,
      "location-after-char-end": 5686,
      "node-str": ""
    },
    {
      "type": "insert-node",
      "node": {
        "label": "This class is responsible for managing the query lists (deleting queries).",
        "type": "TextElement"
      },
      "location-after-char-start": 3187,
      "location-after-char-end": 3261,
      "node-str": "This class is responsible for managing the query lists (deleting queries)."
    },
    {
      "type": "insert-node",
      "node": {
        "label": " \u003ca href\u003d\"mailto:elicia@collab.net\"\u003eElicia David\u003c/a\u003e",
        "type": "TextElement"
      },
      "location-after-char-start": 3279,
      "location-after-char-end": 3331,
      "node-str": " \u003ca href\u003d\"mailto:elicia@collab.net\"\u003eElicia David\u003c/a\u003e"
    },
    {
      "type": "insert-node",
      "node": {
        "label": " $Id$",
        "type": "TextElement"
      },
      "location-after-char-start": 3343,
      "location-after-char-end": 3348,
      "node-str": " $Id$"
    },
    {
      "type": "insert-node",
      "node": {
        "label": "",
        "type": "SimpleType"
      },
      "location-after-char-start": 3434,
      "location-after-char-end": 3441,
      "node-str": ""
    },
    {
      "type": "insert-node",
      "node": {
        "label": "data",
        "type": "SimpleName"
      },
      "location-after-char-start": 3442,
      "location-after-char-end": 3446,
      "node-str": "data"
    },
    {
      "type": "insert-node",
      "node": {
        "label": "",
        "type": "SimpleType"
      },
      "location-after-char-start": 3448,
      "location-after-char-end": 3463,
      "node-str": ""
    },
    {
      "type": "insert-node",
      "node": {
        "label": "context",
        "type": "SimpleName"
      },
      "location-after-char-start": 3464,
      "location-after-char-end": 3471,
      "node-str": "context"
    },
    {
      "type": "insert-node",
      "node": {
        "label": "Exception",
        "type": "SimpleName"
      },
      "location-after-char-start": 3488,
      "location-after-char-end": 3497,
      "node-str": "Exception"
    },
    {
      "type": "insert-node",
      "node": {
        "label": "",
        "type": "VariableDeclarationStatement"
      },
      "location-after-char-start": 3512,
      "location-after-char-end": 3555,
      "node-str": ""
    },
    {
      "type": "insert-node",
      "node": {
        "label": "",
        "type": "VariableDeclarationStatement"
      },
      "location-after-char-start": 3572,
      "location-after-char-end": 3630,
      "node-str": ""
    },
    {
      "type": "insert-node",
      "node": {
        "label": "",
        "type": "VariableDeclarationStatement"
      },
      "location-after-char-start": 3639,
      "location-after-char-end": 3698,
      "node-str": ""
    },
    {
      "type": "insert-node",
      "node": {
        "label": "",
        "type": "VariableDeclarationStatement"
      },
      "location-after-char-start": 3761,
      "location-after-char-end": 3800,
      "node-str": ""
    },
    {
      "type": "insert-node",
      "node": {
        "label": "",
        "type": "VariableDeclarationStatement"
      },
      "location-after-char-start": 3809,
      "location-after-char-end": 3861,
      "node-str": ""
    },
    {
      "type": "insert-node",
      "node": {
        "label": "",
        "type": "ExpressionStatement"
      },
      "location-after-char-start": 5221,
      "location-after-char-end": 5259,
      "node-str": ""
    },
    {
      "type": "insert-node",
      "node": {
        "label": "",
        "type": "ExpressionStatement"
      },
      "location-after-char-start": 5660,
      "location-after-char-end": 5680,
      "node-str": ""
    },
    {
      "type": "insert-node",
      "node": {
        "label": "RunData",
        "type": "SimpleName"
      },
      "location-after-char-start": 3434,
      "location-after-char-end": 3441,
      "node-str": "RunData"
    },
    {
      "type": "insert-node",
      "node": {
        "label": "TemplateContext",
        "type": "SimpleName"
      },
      "location-after-char-start": 3448,
      "location-after-char-end": 3463,
      "node-str": "TemplateContext"
    },
    {
      "type": "insert-node",
      "node": {
        "label": "",
        "type": "SimpleType"
      },
      "location-after-char-start": 3512,
      "location-after-char-end": 3522,
      "node-str": ""
    },
    {
      "type": "insert-node",
      "node": {
        "label": "",
        "type": "VariableDeclarationFragment"
      },
      "location-after-char-start": 3523,
      "location-after-char-end": 3554,
      "node-str": ""
    },
    {
      "type": "insert-node",
      "node": {
        "label": "",
        "type": "SimpleType"
      },
      "location-after-char-start": 3572,
      "location-after-char-end": 3589,
      "node-str": ""
    },
    {
      "type": "insert-node",
      "node": {
        "label": "",
        "type": "VariableDeclarationFragment"
      },
      "location-after-char-start": 3590,
      "location-after-char-end": 3629,
      "node-str": ""
    },
    {
      "type": "insert-node",
      "node": {
        "label": "",
        "type": "SimpleType"
      },
      "location-after-char-start": 3639,
      "location-after-char-end": 3661,
      "node-str": ""
    },
    {
      "type": "insert-node",
      "node": {
        "label": "",
        "type": "VariableDeclarationFragment"
      },
      "location-after-char-start": 3662,
      "location-after-char-end": 3697,
      "node-str": ""
    },
    {
      "type": "insert-node",
      "node": {
        "label": "",
        "type": "SimpleType"
      },
      "location-after-char-start": 3761,
      "location-after-char-end": 3767,
      "node-str": ""
    },
    {
      "type": "insert-node",
      "node": {
        "label": "",
        "type": "VariableDeclarationFragment"
      },
      "location-after-char-start": 3768,
      "location-after-char-end": 3799,
      "node-str": ""
    },
    {
      "type": "insert-node",
      "node": {
        "label": "",
        "type": "SimpleType"
      },
      "location-after-char-start": 3809,
      "location-after-char-end": 3818,
      "node-str": ""
    },
    {
      "type": "insert-node",
      "node": {
        "label": "",
        "type": "VariableDeclarationFragment"
      },
      "location-after-char-start": 3819,
      "location-after-char-end": 3860,
      "node-str": ""
    },
    {
      "type": "insert-node",
      "node": {
        "label": "",
        "type": "MethodInvocation"
      },
      "location-after-char-start": 3882,
      "location-after-char-end": 3901,
      "node-str": ""
    },
    {
      "type": "insert-node",
      "node": {
        "label": "",
        "type": "MethodInvocation"
      },
      "location-after-char-start": 5221,
      "location-after-char-end": 5258,
      "node-str": ""
    },
    {
      "type": "insert-node",
      "node": {
        "label": "",
        "type": "MethodInvocation"
      },
      "location-after-char-start": 5660,
      "location-after-char-end": 5679,
      "node-str": ""
    },
    {
      "type": "insert-node",
      "node": {
        "label": "IntakeTool",
        "type": "SimpleName"
      },
      "location-after-char-start": 3512,
      "location-after-char-end": 3522,
      "node-str": "IntakeTool"
    },
    {
      "type": "insert-node",
      "node": {
        "label": "intake",
        "type": "SimpleName"
      },
      "location-after-char-start": 3523,
      "location-after-char-end": 3529,
      "node-str": "intake"
    },
    {
      "type": "insert-node",
      "node": {
        "label": "",
        "type": "MethodInvocation"
      },
      "location-after-char-start": 3532,
      "location-after-char-end": 3554,
      "node-str": ""
    },
    {
      "type": "insert-node",
      "node": {
        "label": "ScarabRequestTool",
        "type": "SimpleName"
      },
      "location-after-char-start": 3572,
      "location-after-char-end": 3589,
      "node-str": "ScarabRequestTool"
    },
    {
      "type": "insert-node",
      "node": {
        "label": "scarabR",
        "type": "SimpleName"
      },
      "location-after-char-start": 3590,
      "location-after-char-end": 3597,
      "node-str": "scarabR"
    },
    {
      "type": "insert-node",
      "node": {
        "label": "",
        "type": "MethodInvocation"
      },
      "location-after-char-start": 3600,
      "location-after-char-end": 3629,
      "node-str": ""
    },
    {
      "type": "insert-node",
      "node": {
        "label": "ScarabLocalizationTool",
        "type": "SimpleName"
      },
      "location-after-char-start": 3639,
      "location-after-char-end": 3661,
      "node-str": "ScarabLocalizationTool"
    },
    {
      "type": "insert-node",
      "node": {
        "label": "l10n",
        "type": "SimpleName"
      },
      "location-after-char-start": 3662,
      "location-after-char-end": 3666,
      "node-str": "l10n"
    },
    {
      "type": "insert-node",
      "node": {
        "label": "",
        "type": "MethodInvocation"
      },
      "location-after-char-start": 3669,
      "location-after-char-end": 3697,
      "node-str": ""
    },
    {
      "type": "insert-node",
      "node": {
        "label": "Module",
        "type": "SimpleName"
      },
      "location-after-char-start": 3761,
      "location-after-char-end": 3767,
      "node-str": "Module"
    },
    {
      "type": "insert-node",
      "node": {
        "label": "me",
        "type": "SimpleName"
      },
      "location-after-char-start": 3768,
      "location-after-char-end": 3770,
      "node-str": "me"
    },
    {
      "type": "insert-node",
      "node": {
        "label": "",
        "type": "MethodInvocation"
      },
      "location-after-char-start": 3773,
      "location-after-char-end": 3799,
      "node-str": ""
    },
    {
      "type": "insert-node",
      "node": {
        "label": "IssueType",
        "type": "SimpleName"
      },
      "location-after-char-start": 3809,
      "location-after-char-end": 3818,
      "node-str": "IssueType"
    },
    {
      "type": "insert-node",
      "node": {
        "label": "issueType",
        "type": "SimpleName"
      },
      "location-after-char-start": 3819,
      "location-after-char-end": 3828,
      "node-str": "issueType"
    },
    {
      "type": "insert-node",
      "node": {
        "label": "",
        "type": "MethodInvocation"
      },
      "location-after-char-start": 3831,
      "location-after-char-end": 3860,
      "node-str": ""
    },
    {
      "type": "insert-node",
      "node": {
        "label": "",
        "type": "METHOD_INVOCATION_RECEIVER"
      },
      "location-after-char-start": 3882,
      "location-after-char-end": 3888,
      "node-str": ""
    },
    {
      "type": "insert-node",
      "node": {
        "label": "isAllValid",
        "type": "SimpleName"
      },
      "location-after-char-start": 3889,
      "location-after-char-end": 3899,
      "node-str": "isAllValid"
    },
    {
      "type": "insert-node",
      "node": {
        "label": "",
        "type": "VariableDeclarationStatement"
      },
      "location-after-char-start": 3925,
      "location-after-char-end": 3946,
      "node-str": ""
    },
    {
      "type": "insert-node",
      "node": {
        "label": "",
        "type": "VariableDeclarationStatement"
      },
      "location-after-char-start": 3959,
      "location-after-char-end": 3998,
      "node-str": ""
    },
    {
      "type": "insert-node",
      "node": {
        "label": "",
        "type": "METHOD_INVOCATION_RECEIVER"
      },
      "location-after-char-start": 5221,
      "location-after-char-end": 5225,
      "node-str": ""
    },
    {
      "type": "insert-node",
      "node": {
        "label": "resetDefaultQuery",
        "type": "SimpleName"
      },
      "location-after-char-start": 5226,
      "location-after-char-end": 5243,
      "node-str": "resetDefaultQuery"
    },
    {
      "type": "insert-node",
      "node": {
        "label": "",
        "type": "METHOD_INVOCATION_ARGUMENTS"
      },
      "location-after-char-start": 5244,
      "location-after-char-end": 5257,
      "node-str": ""
    },
    {
      "type": "insert-node",
      "node": {
        "label": "",
        "type": "METHOD_INVOCATION_RECEIVER"
      },
      "location-after-char-start": 5660,
      "location-after-char-end": 5671,
      "node-str": ""
    },
    {
      "type": "insert-node",
      "node": {
        "label": "clear",
        "type": "SimpleName"
      },
      "location-after-char-start": 5672,
      "location-after-char-end": 5677,
      "node-str": "clear"
    },
    {
      "type": "insert-node",
      "node": {
        "label": "getIntakeTool",
        "type": "SimpleName"
      },
      "location-after-char-start": 3532,
      "location-after-char-end": 3545,
      "node-str": "getIntakeTool"
    },
    {
      "type": "insert-node",
      "node": {
        "label": "",
        "type": "METHOD_INVOCATION_ARGUMENTS"
      },
      "location-after-char-start": 3546,
      "location-after-char-end": 3553,
      "node-str": ""
    },
    {
      "type": "insert-node",
      "node": {
        "label": "getScarabRequestTool",
        "type": "SimpleName"
      },
      "location-after-char-start": 3600,
      "location-after-char-end": 3620,
      "node-str": "getScarabRequestTool"
    },
    {
      "type": "insert-node",
      "node": {
        "label": "",
        "type": "METHOD_INVOCATION_ARGUMENTS"
      },
      "location-after-char-start": 3621,
      "location-after-char-end": 3628,
      "node-str": ""
    },
    {
      "type": "insert-node",
      "node": {
        "label": "getLocalizationTool",
        "type": "SimpleName"
      },
      "location-after-char-start": 3669,
      "location-after-char-end": 3688,
      "node-str": "getLocalizationTool"
    },
    {
      "type": "insert-node",
      "node": {
        "label": "",
        "type": "METHOD_INVOCATION_ARGUMENTS"
      },
      "location-after-char-start": 3689,
      "location-after-char-end": 3696,
      "node-str": ""
    },
    {
      "type": "insert-node",
      "node": {
        "label": "",
        "type": "METHOD_INVOCATION_RECEIVER"
      },
      "location-after-char-start": 3773,
      "location-after-char-end": 3780,
      "node-str": ""
    },
    {
      "type": "insert-node",
      "node": {
        "label": "getCurrentModule",
        "type": "SimpleName"
      },
      "location-after-char-start": 3781,
      "location-after-char-end": 3797,
      "node-str": "getCurrentModule"
    },
    {
      "type": "insert-node",
      "node": {
        "label": "",
        "type": "METHOD_INVOCATION_RECEIVER"
      },
      "location-after-char-start": 3831,
      "location-after-char-end": 3838,
      "node-str": ""
    },
    {
      "type": "insert-node",
      "node": {
        "label": "getCurrentIssueType",
        "type": "SimpleName"
      },
      "location-after-char-start": 3839,
      "location-after-char-end": 3858,
      "node-str": "getCurrentIssueType"
    },
    {
      "type": "insert-node",
      "node": {
        "label": "intake",
        "type": "SimpleName"
      },
      "location-after-char-start": 3882,
      "location-after-char-end": 3888,
      "node-str": "intake"
    },
    {
      "type": "insert-node",
      "node": {
        "label": "boolean",
        "type": "PrimitiveType"
      },
      "location-after-char-start": 3925,
      "location-after-char-end": 3932,
      "node-str": "boolean"
    },
    {
      "type": "insert-node",
      "node": {
        "label": "",
        "type": "VariableDeclarationFragment"
      },
      "location-after-char-start": 3933,
      "location-after-char-end": 3945,
      "node-str": ""
    },
    {
      "type": "insert-node",
      "node": {
        "label": "",
        "type": "SimpleType"
      },
      "location-after-char-start": 3959,
      "location-after-char-end": 3963,
      "node-str": ""
    },
    {
      "type": "insert-node",
      "node": {
        "label": "",
        "type": "VariableDeclarationFragment"
      },
      "location-after-char-start": 3964,
      "location-after-char-end": 3997,
      "node-str": ""
    },
    {
      "type": "insert-node",
      "node": {
        "label": "",
        "type": "VariableDeclarationExpression"
      },
      "location-after-char-start": 4016,
      "location-after-char-end": 4025,
      "node-str": ""
    },
    {
      "type": "insert-node",
      "node": {
        "label": "",
        "type": "InfixExpression"
      },
      "location-after-char-start": 4027,
      "location-after-char-end": 4045,
      "node-str": ""
    },
    {
      "type": "insert-node",
      "node": {
        "label": "",
        "type": "PostfixExpression"
      },
      "location-after-char-start": 4047,
      "location-after-char-end": 4050,
      "node-str": ""
    },
    {
      "type": "insert-node",
      "node": {
        "label": "user",
        "type": "SimpleName"
      },
      "location-after-char-start": 5221,
      "location-after-char-end": 5225,
      "node-str": "user"
    },
    {
      "type": "insert-node",
      "node": {
        "label": "me",
        "type": "SimpleName"
      },
      "location-after-char-start": 5244,
      "location-after-char-end": 5246,
      "node-str": "me"
    },
    {
      "type": "insert-node",
      "node": {
        "label": "issueType",
        "type": "SimpleName"
      },
      "location-after-char-start": 5248,
      "location-after-char-end": 5257,
      "node-str": "issueType"
    },
    {
      "type": "insert-node",
      "node": {
        "label": "ScarabCache",
        "type": "SimpleName"
      },
      "location-after-char-start": 5660,
      "location-after-char-end": 5671,
      "node-str": "ScarabCache"
    },
    {
      "type": "insert-node",
      "node": {
        "label": "context",
        "type": "SimpleName"
      },
      "location-after-char-start": 3546,
      "location-after-char-end": 3553,
      "node-str": "context"
    },
    {
      "type": "insert-node",
      "node": {
        "label": "context",
        "type": "SimpleName"
      },
      "location-after-char-start": 3621,
      "location-after-char-end": 3628,
      "node-str": "context"
    },
    {
      "type": "insert-node",
      "node": {
        "label": "context",
        "type": "SimpleName"
      },
      "location-after-char-start": 3689,
      "location-after-char-end": 3696,
      "node-str": "context"
    },
    {
      "type": "insert-node",
      "node": {
        "label": "scarabR",
        "type": "SimpleName"
      },
      "location-after-char-start": 3773,
      "location-after-char-end": 3780,
      "node-str": "scarabR"
    },
    {
      "type": "insert-node",
      "node": {
        "label": "scarabR",
        "type": "SimpleName"
      },
      "location-after-char-start": 3831,
      "location-after-char-end": 3838,
      "node-str": "scarabR"
    },
    {
      "type": "insert-node",
      "node": {
        "label": "valid",
        "type": "SimpleName"
      },
      "location-after-char-start": 3933,
      "location-after-char-end": 3938,
      "node-str": "valid"
    },
    {
      "type": "insert-node",
      "node": {
        "label": "true",
        "type": "BooleanLiteral"
      },
      "location-after-char-start": 3941,
      "location-after-char-end": 3945,
      "node-str": "true"
    },
    {
      "type": "insert-node",
      "node": {
        "label": "List",
        "type": "SimpleName"
      },
      "location-after-char-start": 3959,
      "location-after-char-end": 3963,
      "node-str": "List"
    },
    {
      "type": "insert-node",
      "node": {
        "label": "queries",
        "type": "SimpleName"
      },
      "location-after-char-start": 3964,
      "location-after-char-end": 3971,
      "node-str": "queries"
    },
    {
      "type": "insert-node",
      "node": {
        "label": "",
        "type": "MethodInvocation"
      },
      "location-after-char-start": 3974,
      "location-after-char-end": 3997,
      "node-str": ""
    },
    {
      "type": "insert-node",
      "node": {
        "label": "int",
        "type": "PrimitiveType"
      },
      "location-after-char-start": 4016,
      "location-after-char-end": 4019,
      "node-str": "int"
    },
    {
      "type": "insert-node",
      "node": {
        "label": "",
        "type": "VariableDeclarationFragment"
      },
      "location-after-char-start": 4020,
      "location-after-char-end": 4025,
      "node-str": ""
    },
    {
      "type": "insert-node",
      "node": {
        "label": "i",
        "type": "SimpleName"
      },
      "location-after-char-start": 4027,
      "location-after-char-end": 4028,
      "node-str": "i"
    },
    {
      "type": "insert-node",
      "node": {
        "label": "\u003c",
        "type": "INFIX_EXPRESSION_OPERATOR"
      },
      "location-after-char-start": 4029,
      "location-after-char-end": 4030,
      "node-str": "\u003c"
    },
    {
      "type": "insert-node",
      "node": {
        "label": "",
        "type": "MethodInvocation"
      },
      "location-after-char-start": 4031,
      "location-after-char-end": 4045,
      "node-str": ""
    },
    {
      "type": "insert-node",
      "node": {
        "label": "i",
        "type": "SimpleName"
      },
      "location-after-char-start": 4047,
      "location-after-char-end": 4048,
      "node-str": "i"
    },
    {
      "type": "insert-node",
      "node": {
        "label": "++",
        "type": "POSTFIX_EXPRESSION_OPERATOR"
      },
      "location-after-char-start": 4048,
      "location-after-char-end": 4050,
      "node-str": "++"
    },
    {
      "type": "insert-node",
      "node": {
        "label": "",
        "type": "VariableDeclarationStatement"
      },
      "location-after-char-start": 4139,
      "location-after-char-end": 4182,
      "node-str": ""
    },
    {
      "type": "insert-node",
      "node": {
        "label": "",
        "type": "IfStatement"
      },
      "location-after-char-start": 4332,
      "location-after-char-end": 5064,
      "node-str": ""
    },
    {
      "type": "insert-node",
      "node": {
        "label": "",
        "type": "METHOD_INVOCATION_RECEIVER"
      },
      "location-after-char-start": 3974,
      "location-after-char-end": 3981,
      "node-str": ""
    },
    {
      "type": "insert-node",
      "node": {
        "label": "getAllQueries",
        "type": "SimpleName"
      },
      "location-after-char-start": 3982,
      "location-after-char-end": 3995,
      "node-str": "getAllQueries"
    },
    {
      "type": "insert-node",
      "node": {
        "label": "i",
        "type": "SimpleName"
      },
      "location-after-char-start": 4020,
      "location-after-char-end": 4021,
      "node-str": "i"
    },
    {
      "type": "insert-node",
      "node": {
        "label": "0",
        "type": "NumberLiteral"
      },
      "location-after-char-start": 4024,
      "location-after-char-end": 4025,
      "node-str": "0"
    },
    {
      "type": "insert-node",
      "node": {
        "label": "",
        "type": "METHOD_INVOCATION_RECEIVER"
      },
      "location-after-char-start": 4031,
      "location-after-char-end": 4038,
      "node-str": ""
    },
    {
      "type": "insert-node",
      "node": {
        "label": "size",
        "type": "SimpleName"
      },
      "location-after-char-start": 4039,
      "location-after-char-end": 4043,
      "node-str": "size"
    },
    {
      "type": "insert-node",
      "node": {
        "label": "",
        "type": "SimpleType"
      },
      "location-after-char-start": 4139,
      "location-after-char-end": 4149,
      "node-str": ""
    },
    {
      "type": "insert-node",
      "node": {
        "label": "",
        "type": "VariableDeclarationFragment"
      },
      "location-after-char-start": 4150,
      "location-after-char-end": 4181,
      "node-str": ""
    },
    {
      "type": "insert-node",
      "node": {
        "label": "",
        "type": "InfixExpression"
      },
      "location-after-char-start": 4336,
      "location-after-char-end": 4354,
      "node-str": ""
    },
    {
      "type": "insert-node",
      "node": {
        "label": "",
        "type": "Block"
      },
      "location-after-char-start": 4372,
      "location-after-char-end": 5064,
      "node-str": ""
    },
    {
      "type": "insert-node",
      "node": {
        "label": "scarabR",
        "type": "SimpleName"
      },
      "location-after-char-start": 3974,
      "location-after-char-end": 3981,
      "node-str": "scarabR"
    },
    {
      "type": "insert-node",
      "node": {
        "label": "queries",
        "type": "SimpleName"
      },
      "location-after-char-start": 4031,
      "location-after-char-end": 4038,
      "node-str": "queries"
    },
    {
      "type": "insert-node",
      "node": {
        "label": "RQueryUser",
        "type": "SimpleName"
      },
      "location-after-char-start": 4139,
      "location-after-char-end": 4149,
      "node-str": "RQueryUser"
    },
    {
      "type": "insert-node",
      "node": {
        "label": "rqu",
        "type": "SimpleName"
      },
      "location-after-char-start": 4150,
      "location-after-char-end": 4153,
      "node-str": "rqu"
    },
    {
      "type": "insert-node",
      "node": {
        "label": "",
        "type": "MethodInvocation"
      },
      "location-after-char-start": 4156,
      "location-after-char-end": 4181,
      "node-str": ""
    },
    {
      "type": "insert-node",
      "node": {
        "label": "queryGroup",
        "type": "SimpleName"
      },
      "location-after-char-start": 4336,
      "location-after-char-end": 4346,
      "node-str": "queryGroup"
    },
    {
      "type": "insert-node",
      "node": {
        "label": "!\u003d",
        "type": "INFIX_EXPRESSION_OPERATOR"
      },
      "location-after-char-start": 4347,
      "location-after-char-end": 4349,
      "node-str": "!\u003d"
    },
    {
      "type": "insert-node",
      "node": {
        "label": "",
        "type": "NullLiteral"
      },
      "location-after-char-start": 4350,
      "location-after-char-end": 4354,
      "node-str": ""
    },
    {
      "type": "insert-node",
      "node": {
        "label": "",
        "type": "VariableDeclarationStatement"
      },
      "location-after-char-start": 4394,
      "location-after-char-end": 4435,
      "node-str": ""
    },
    {
      "type": "move-subtree",
      "node": {
        "label": "",
        "type": "IfStatement"
      },
      "location-before-char-start": 4390,
      "location-before-char-end": 4761,
      "location-after-char-start": 4456,
      "location-after-char-end": 4863,
      "node-str": ""
    },
    {
      "type": "move-subtree",
      "node": {
        "label": "",
        "type": "IfStatement"
      },
      "location-before-char-start": 4794,
      "location-before-char-end": 4924,
      "location-after-char-start": 4900,
      "location-after-char-end": 5046,
      "node-str": ""
    },
    {
      "type": "insert-node",
      "node": {
        "label": "",
        "type": "METHOD_INVOCATION_RECEIVER"
      },
      "location-after-char-start": 4156,
      "location-after-char-end": 4161,
      "node-str": ""
    },
    {
      "type": "insert-node",
      "node": {
        "label": "getRQueryUser",
        "type": "SimpleName"
      },
      "location-after-char-start": 4162,
      "location-after-char-end": 4175,
      "node-str": "getRQueryUser"
    },
    {
      "type": "insert-node",
      "node": {
        "label": "",
        "type": "METHOD_INVOCATION_ARGUMENTS"
      },
      "location-after-char-start": 4176,
      "location-after-char-end": 4180,
      "node-str": ""
    },
    {
      "type": "insert-node",
      "node": {
        "label": "",
        "type": "SimpleType"
      },
      "location-after-char-start": 4394,
      "location-after-char-end": 4399,
      "node-str": ""
    },
    {
      "type": "insert-node",
      "node": {
        "label": "",
        "type": "VariableDeclarationFragment"
      },
      "location-after-char-start": 4400,
      "location-after-char-end": 4434,
      "node-str": ""
    },
    {
      "type": "insert-node",
      "node": {
        "label": "query",
        "type": "SimpleName"
      },
      "location-after-char-start": 4156,
      "location-after-char-end": 4161,
      "node-str": "query"
    },
    {
      "type": "insert-node",
      "node": {
        "label": "user",
        "type": "SimpleName"
      },
      "location-after-char-start": 4176,
      "location-after-char-end": 4180,
      "node-str": "user"
    },
    {
      "type": "insert-node",
      "node": {
        "label": "Field",
        "type": "SimpleName"
      },
      "location-after-char-start": 4394,
      "location-after-char-end": 4399,
      "node-str": "Field"
    },
    {
      "type": "insert-node",
      "node": {
        "label": "sub",
        "type": "SimpleName"
      },
      "location-after-char-start": 4400,
      "location-after-char-end": 4403,
      "node-str": "sub"
    },
    {
      "type": "insert-node",
      "node": {
        "label": "",
        "type": "MethodInvocation"
      },
      "location-after-char-start": 4406,
      "location-after-char-end": 4434,
      "node-str": ""
    },
    {
      "type": "insert-node",
      "node": {
        "label": "",
        "type": "METHOD_INVOCATION_RECEIVER"
      },
      "location-after-char-start": 4406,
      "location-after-char-end": 4416,
      "node-str": ""
    },
    {
      "type": "insert-node",
      "node": {
        "label": "get",
        "type": "SimpleName"
      },
      "location-after-char-start": 4417,
      "location-after-char-end": 4420,
      "node-str": "get"
    },
    {
      "type": "insert-node",
      "node": {
        "label": "",
        "type": "METHOD_INVOCATION_ARGUMENTS"
      },
      "location-after-char-start": 4421,
      "location-after-char-end": 4433,
      "node-str": ""
    },
    {
      "type": "insert-node",
      "node": {
        "label": "queryGroup",
        "type": "SimpleName"
      },
      "location-after-char-start": 4406,
      "location-after-char-end": 4416,
      "node-str": "queryGroup"
    },
    {
      "type": "insert-node",
      "node": {
        "label": "\"Subscribed\"",
        "type": "StringLiteral"
      },
      "location-after-char-start": 4421,
      "location-after-char-end": 4433,
      "node-str": "\"Subscribed\""
    },
    {
      "type": "delete-node",
      "node": {
        "label": "org.tigris.scarab.actions",
        "type": "QualifiedName"
      },
      "location-before-char-start": 8,
      "location-before-char-end": 33,
      "node-str": "org.tigris.scarab.actions"
    },
    {
      "type": "delete-node",
      "node": {
        "label": "",
        "type": "PackageDeclaration"
      },
      "location-before-char-start": 0,
      "location-before-char-end": 34,
      "node-str": ""
    },
    {
      "type": "delete-node",
      "node": {
        "label": "java.util.List",
        "type": "QualifiedName"
      },
      "location-before-char-start": 2377,
      "location-before-char-end": 2391,
      "node-str": "java.util.List"
    },
    {
      "type": "delete-node",
      "node": {
        "label": "",
        "type": "ImportDeclaration"
      },
      "location-before-char-start": 2370,
      "location-before-char-end": 2392,
      "node-str": ""
    },
    {
      "type": "delete-node",
      "node": {
        "label": "org.apache.turbine.TemplateContext",
        "type": "QualifiedName"
      },
      "location-before-char-start": 2419,
      "location-before-char-end": 2453,
      "node-str": "org.apache.turbine.TemplateContext"
    },
    {
      "type": "delete-node",
      "node": {
        "label": "",
        "type": "ImportDeclaration"
      },
      "location-before-char-start": 2412,
      "location-before-char-end": 2454,
      "node-str": ""
    },
    {
      "type": "delete-node",
      "node": {
        "label": "org.apache.turbine.RunData",
        "type": "QualifiedName"
      },
      "location-before-char-start": 2462,
      "location-before-char-end": 2488,
      "node-str": "org.apache.turbine.RunData"
    },
    {
      "type": "delete-node",
      "node": {
        "label": "",
        "type": "ImportDeclaration"
      },
      "location-before-char-start": 2455,
      "location-before-char-end": 2489,
      "node-str": ""
    },
    {
      "type": "delete-node",
      "node": {
        "label": "org.apache.turbine.ParameterParser",
        "type": "QualifiedName"
      },
      "location-before-char-start": 2497,
      "location-before-char-end": 2531,
      "node-str": "org.apache.turbine.ParameterParser"
    },
    {
      "type": "delete-node",
      "node": {
        "label": "",
        "type": "ImportDeclaration"
      },
      "location-before-char-start": 2490,
      "location-before-char-end": 2532,
      "node-str": ""
    },
    {
      "type": "delete-node",
      "node": {
        "label": "org.apache.turbine.tool.IntakeTool",
        "type": "QualifiedName"
      },
      "location-before-char-start": 2540,
      "location-before-char-end": 2574,
      "node-str": "org.apache.turbine.tool.IntakeTool"
    },
    {
      "type": "delete-node",
      "node": {
        "label": "",
        "type": "ImportDeclaration"
      },
      "location-before-char-start": 2533,
      "location-before-char-end": 2575,
      "node-str": ""
    },
    {
      "type": "delete-node",
      "node": {
        "label": "org.apache.fulcrum.intake.model.Group",
        "type": "QualifiedName"
      },
      "location-before-char-start": 2583,
      "location-before-char-end": 2620,
      "node-str": "org.apache.fulcrum.intake.model.Group"
    },
    {
      "type": "delete-node",
      "node": {
        "label": "",
        "type": "ImportDeclaration"
      },
      "location-before-char-start": 2576,
      "location-before-char-end": 2621,
      "node-str": ""
    },
    {
      "type": "delete-node",
      "node": {
        "label": "org.apache.fulcrum.intake.model.Field",
        "type": "QualifiedName"
      },
      "location-before-char-start": 2629,
      "location-before-char-end": 2666,
      "node-str": "org.apache.fulcrum.intake.model.Field"
    },
    {
      "type": "delete-node",
      "node": {
        "label": "",
        "type": "ImportDeclaration"
      },
      "location-before-char-start": 2622,
      "location-before-char-end": 2667,
      "node-str": ""
    },
    {
      "type": "delete-node",
      "node": {
        "label": "org.apache.torque.om.NumberKey",
        "type": "QualifiedName"
      },
      "location-before-char-start": 2676,
      "location-before-char-end": 2706,
      "node-str": "org.apache.torque.om.NumberKey"
    },
    {
      "type": "delete-node",
      "node": {
        "label": "",
        "type": "ImportDeclaration"
      },
      "location-before-char-start": 2669,
      "location-before-char-end": 2707,
      "node-str": ""
    },
    {
      "type": "delete-node",
      "node": {
        "label": "org.tigris.scarab.om.Query",
        "type": "QualifiedName"
      },
      "location-before-char-start": 2733,
      "location-before-char-end": 2759,
      "node-str": "org.tigris.scarab.om.Query"
    },
    {
      "type": "delete-node",
      "node": {
        "label": "",
        "type": "ImportDeclaration"
      },
      "location-before-char-start": 2726,
      "location-before-char-end": 2760,
      "node-str": ""
    },
    {
      "type": "delete-node",
      "node": {
        "label": "org.tigris.scarab.om.QueryManager",
        "type": "QualifiedName"
      },
      "location-before-char-start": 2768,
      "location-before-char-end": 2801,
      "node-str": "org.tigris.scarab.om.QueryManager"
    },
    {
      "type": "delete-node",
      "node": {
        "label": "",
        "type": "ImportDeclaration"
      },
      "location-before-char-start": 2761,
      "location-before-char-end": 2802,
      "node-str": ""
    },
    {
      "type": "delete-node",
      "node": {
        "label": "org.tigris.scarab.om.RQueryUser",
        "type": "QualifiedName"
      },
      "location-before-char-start": 2810,
      "location-before-char-end": 2841,
      "node-str": "org.tigris.scarab.om.RQueryUser"
    },
    {
      "type": "delete-node",
      "node": {
        "label": "",
        "type": "ImportDeclaration"
      },
      "location-before-char-start": 2803,
      "location-before-char-end": 2842,
      "node-str": ""
    },
    {
      "type": "delete-node",
      "node": {
        "label": "org.tigris.scarab.om.ScarabUser",
        "type": "QualifiedName"
      },
      "location-before-char-start": 2850,
      "location-before-char-end": 2881,
      "node-str": "org.tigris.scarab.om.ScarabUser"
    },
    {
      "type": "delete-node",
      "node": {
        "label": "",
        "type": "ImportDeclaration"
      },
      "location-before-char-start": 2843,
      "location-before-char-end": 2882,
      "node-str": ""
    },
    {
      "type": "delete-node",
      "node": {
        "label": "org.tigris.scarab.om.IssueType",
        "type": "QualifiedName"
      },
      "location-before-char-start": 2890,
      "location-before-char-end": 2920,
      "node-str": "org.tigris.scarab.om.IssueType"
    },
    {
      "type": "delete-node",
      "node": {
        "label": "",
        "type": "ImportDeclaration"
      },
      "location-before-char-start": 2883,
      "location-before-char-end": 2921,
      "node-str": ""
    },
    {
      "type": "delete-node",
      "node": {
        "label": "org.tigris.scarab.om.Module",
        "type": "QualifiedName"
      },
      "location-before-char-start": 2929,
      "location-before-char-end": 2956,
      "node-str": "org.tigris.scarab.om.Module"
    },
    {
      "type": "delete-node",
      "node": {
        "label": "",
        "type": "ImportDeclaration"
      },
      "location-before-char-start": 2922,
      "location-before-char-end": 2957,
      "node-str": ""
    },
    {
      "type": "delete-node",
      "node": {
        "label": "org.tigris.scarab.tools.ScarabRequestTool",
        "type": "QualifiedName"
      },
      "location-before-char-start": 2965,
      "location-before-char-end": 3006,
      "node-str": "org.tigris.scarab.tools.ScarabRequestTool"
    },
    {
      "type": "delete-node",
      "node": {
        "label": "",
        "type": "ImportDeclaration"
      },
      "location-before-char-start": 2958,
      "location-before-char-end": 3007,
      "node-str": ""
    },
    {
      "type": "delete-node",
      "node": {
        "label": "org.tigris.scarab.tools.ScarabLocalizationTool",
        "type": "QualifiedName"
      },
      "location-before-char-start": 3015,
      "location-before-char-end": 3061,
      "node-str": "org.tigris.scarab.tools.ScarabLocalizationTool"
    },
    {
      "type": "delete-node",
      "node": {
        "label": "",
        "type": "ImportDeclaration"
      },
      "location-before-char-start": 3008,
      "location-before-char-end": 3062,
      "node-str": ""
    },
    {
      "type": "delete-node",
      "node": {
        "label": "org.tigris.scarab.actions.base.RequireLoginFirstAction",
        "type": "QualifiedName"
      },
      "location-before-char-start": 3070,
      "location-before-char-end": 3124,
      "node-str": "org.tigris.scarab.actions.base.RequireLoginFirstAction"
    },
    {
      "type": "delete-node",
      "node": {
        "label": "",
        "type": "ImportDeclaration"
      },
      "location-before-char-start": 3063,
      "location-before-char-end": 3125,
      "node-str": ""
    },
    {
      "type": "delete-node",
      "node": {
        "label": "org.tigris.scarab.services.cache.ScarabCache",
        "type": "QualifiedName"
      },
      "location-before-char-start": 3133,
      "location-before-char-end": 3177,
      "node-str": "org.tigris.scarab.services.cache.ScarabCache"
    },
    {
      "type": "delete-node",
      "node": {
        "label": "",
        "type": "ImportDeclaration"
      },
      "location-before-char-start": 3126,
      "location-before-char-end": 3178,
      "node-str": ""
    },
    {
      "type": "delete-node",
      "node": {
        "label": "IntakeTool",
        "type": "SimpleName"
      },
      "location-before-char-start": 3512,
      "location-before-char-end": 3522,
      "node-str": "IntakeTool"
    },
    {
      "type": "delete-node",
      "node": {
        "label": "",
        "type": "SimpleType"
      },
      "location-before-char-start": 3512,
      "location-before-char-end": 3522,
      "node-str": ""
    },
    {
      "type": "delete-node",
      "node": {
        "label": "intake",
        "type": "SimpleName"
      },
      "location-before-char-start": 3523,
      "location-before-char-end": 3529,
      "node-str": "intake"
    },
    {
      "type": "delete-node",
      "node": {
        "label": "getIntakeTool",
        "type": "SimpleName"
      },
      "location-before-char-start": 3532,
      "location-before-char-end": 3545,
      "node-str": "getIntakeTool"
    },
    {
      "type": "delete-node",
      "node": {
        "label": "context",
        "type": "SimpleName"
      },
      "location-before-char-start": 3546,
      "location-before-char-end": 3553,
      "node-str": "context"
    },
    {
      "type": "delete-node",
      "node": {
        "label": "",
        "type": "METHOD_INVOCATION_ARGUMENTS"
      },
      "location-before-char-start": 3546,
      "location-before-char-end": 3553,
      "node-str": ""
    },
    {
      "type": "delete-node",
      "node": {
        "label": "",
        "type": "MethodInvocation"
      },
      "location-before-char-start": 3532,
      "location-before-char-end": 3554,
      "node-str": ""
    },
    {
      "type": "delete-node",
      "node": {
        "label": "",
        "type": "VariableDeclarationFragment"
      },
      "location-before-char-start": 3523,
      "location-before-char-end": 3554,
      "node-str": ""
    },
    {
      "type": "delete-node",
      "node": {
        "label": "",
        "type": "VariableDeclarationStatement"
      },
      "location-before-char-start": 3512,
      "location-before-char-end": 3555,
      "node-str": ""
    },
    {
      "type": "delete-node",
      "node": {
        "label": "ScarabRequestTool",
        "type": "SimpleName"
      },
      "location-before-char-start": 3572,
      "location-before-char-end": 3589,
      "node-str": "ScarabRequestTool"
    },
    {
      "type": "delete-node",
      "node": {
        "label": "",
        "type": "SimpleType"
      },
      "location-before-char-start": 3572,
      "location-before-char-end": 3589,
      "node-str": ""
    },
    {
      "type": "delete-node",
      "node": {
        "label": "scarabR",
        "type": "SimpleName"
      },
      "location-before-char-start": 3590,
      "location-before-char-end": 3597,
      "node-str": "scarabR"
    },
    {
      "type": "delete-node",
      "node": {
        "label": "getScarabRequestTool",
        "type": "SimpleName"
      },
      "location-before-char-start": 3600,
      "location-before-char-end": 3620,
      "node-str": "getScarabRequestTool"
    },
    {
      "type": "delete-node",
      "node": {
        "label": "context",
        "type": "SimpleName"
      },
      "location-before-char-start": 3621,
      "location-before-char-end": 3628,
      "node-str": "context"
    },
    {
      "type": "delete-node",
      "node": {
        "label": "",
        "type": "METHOD_INVOCATION_ARGUMENTS"
      },
      "location-before-char-start": 3621,
      "location-before-char-end": 3628,
      "node-str": ""
    },
    {
      "type": "delete-node",
      "node": {
        "label": "",
        "type": "MethodInvocation"
      },
      "location-before-char-start": 3600,
      "location-before-char-end": 3629,
      "node-str": ""
    },
    {
      "type": "delete-node",
      "node": {
        "label": "",
        "type": "VariableDeclarationFragment"
      },
      "location-before-char-start": 3590,
      "location-before-char-end": 3629,
      "node-str": ""
    },
    {
      "type": "delete-node",
      "node": {
        "label": "",
        "type": "VariableDeclarationStatement"
      },
      "location-before-char-start": 3572,
      "location-before-char-end": 3630,
      "node-str": ""
    },
    {
      "type": "delete-node",
      "node": {
        "label": "ScarabLocalizationTool",
        "type": "SimpleName"
      },
      "location-before-char-start": 3639,
      "location-before-char-end": 3661,
      "node-str": "ScarabLocalizationTool"
    },
    {
      "type": "delete-node",
      "node": {
        "label": "",
        "type": "SimpleType"
      },
      "location-before-char-start": 3639,
      "location-before-char-end": 3661,
      "node-str": ""
    },
    {
      "type": "delete-node",
      "node": {
        "label": "l10n",
        "type": "SimpleName"
      },
      "location-before-char-start": 3662,
      "location-before-char-end": 3666,
      "node-str": "l10n"
    },
    {
      "type": "delete-node",
      "node": {
        "label": "getLocalizationTool",
        "type": "SimpleName"
      },
      "location-before-char-start": 3669,
      "location-before-char-end": 3688,
      "node-str": "getLocalizationTool"
    },
    {
      "type": "delete-node",
      "node": {
        "label": "context",
        "type": "SimpleName"
      },
      "location-before-char-start": 3689,
      "location-before-char-end": 3696,
      "node-str": "context"
    },
    {
      "type": "delete-node",
      "node": {
        "label": "",
        "type": "METHOD_INVOCATION_ARGUMENTS"
      },
      "location-before-char-start": 3689,
      "location-before-char-end": 3696,
      "node-str": ""
    },
    {
      "type": "delete-node",
      "node": {
        "label": "",
        "type": "MethodInvocation"
      },
      "location-before-char-start": 3669,
      "location-before-char-end": 3697,
      "node-str": ""
    },
    {
      "type": "delete-node",
      "node": {
        "label": "",
        "type": "VariableDeclarationFragment"
      },
      "location-before-char-start": 3662,
      "location-before-char-end": 3697,
      "node-str": ""
    },
    {
      "type": "delete-node",
      "node": {
        "label": "",
        "type": "VariableDeclarationStatement"
      },
      "location-before-char-start": 3639,
      "location-before-char-end": 3698,
      "node-str": ""
    },
    {
      "type": "delete-node",
      "node": {
        "label": "Module",
        "type": "SimpleName"
      },
      "location-before-char-start": 3761,
      "location-before-char-end": 3767,
      "node-str": "Module"
    },
    {
      "type": "delete-node",
      "node": {
        "label": "",
        "type": "SimpleType"
      },
      "location-before-char-start": 3761,
      "location-before-char-end": 3767,
      "node-str": ""
    },
    {
      "type": "delete-node",
      "node": {
        "label": "me",
        "type": "SimpleName"
      },
      "location-before-char-start": 3768,
      "location-before-char-end": 3770,
      "node-str": "me"
    },
    {
      "type": "delete-node",
      "node": {
        "label": "scarabR",
        "type": "SimpleName"
      },
      "location-before-char-start": 3773,
      "location-before-char-end": 3780,
      "node-str": "scarabR"
    },
    {
      "type": "delete-node",
      "node": {
        "label": "",
        "type": "METHOD_INVOCATION_RECEIVER"
      },
      "location-before-char-start": 3773,
      "location-before-char-end": 3780,
      "node-str": ""
    },
    {
      "type": "delete-node",
      "node": {
        "label": "getCurrentModule",
        "type": "SimpleName"
      },
      "location-before-char-start": 3781,
      "location-before-char-end": 3797,
      "node-str": "getCurrentModule"
    },
    {
      "type": "delete-node",
      "node": {
        "label": "",
        "type": "MethodInvocation"
      },
      "location-before-char-start": 3773,
      "location-before-char-end": 3799,
      "node-str": ""
    },
    {
      "type": "delete-node",
      "node": {
        "label": "",
        "type": "VariableDeclarationFragment"
      },
      "location-before-char-start": 3768,
      "location-before-char-end": 3799,
      "node-str": ""
    },
    {
      "type": "delete-node",
      "node": {
        "label": "",
        "type": "VariableDeclarationStatement"
      },
      "location-before-char-start": 3761,
      "location-before-char-end": 3800,
      "node-str": ""
    },
    {
      "type": "delete-node",
      "node": {
        "label": "IssueType",
        "type": "SimpleName"
      },
      "location-before-char-start": 3809,
      "location-before-char-end": 3818,
      "node-str": "IssueType"
    },
    {
      "type": "delete-node",
      "node": {
        "label": "",
        "type": "SimpleType"
      },
      "location-before-char-start": 3809,
      "location-before-char-end": 3818,
      "node-str": ""
    },
    {
      "type": "delete-node",
      "node": {
        "label": "issueType",
        "type": "SimpleName"
      },
      "location-before-char-start": 3819,
      "location-before-char-end": 3828,
      "node-str": "issueType"
    },
    {
      "type": "delete-node",
      "node": {
        "label": "scarabR",
        "type": "SimpleName"
      },
      "location-before-char-start": 3831,
      "location-before-char-end": 3838,
      "node-str": "scarabR"
    },
    {
      "type": "delete-node",
      "node": {
        "label": "",
        "type": "METHOD_INVOCATION_RECEIVER"
      },
      "location-before-char-start": 3831,
      "location-before-char-end": 3838,
      "node-str": ""
    },
    {
      "type": "delete-node",
      "node": {
        "label": "getCurrentIssueType",
        "type": "SimpleName"
      },
      "location-before-char-start": 3839,
      "location-before-char-end": 3858,
      "node-str": "getCurrentIssueType"
    },
    {
      "type": "delete-node",
      "node": {
        "label": "",
        "type": "MethodInvocation"
      },
      "location-before-char-start": 3831,
      "location-before-char-end": 3860,
      "node-str": ""
    },
    {
      "type": "delete-node",
      "node": {
        "label": "",
        "type": "VariableDeclarationFragment"
      },
      "location-before-char-start": 3819,
      "location-before-char-end": 3860,
      "node-str": ""
    },
    {
      "type": "delete-node",
      "node": {
        "label": "",
        "type": "VariableDeclarationStatement"
      },
      "location-before-char-start": 3809,
      "location-before-char-end": 3861,
      "node-str": ""
    },
    {
      "type": "delete-node",
      "node": {
        "label": "intake",
        "type": "SimpleName"
      },
      "location-before-char-start": 3882,
      "location-before-char-end": 3888,
      "node-str": "intake"
    },
    {
      "type": "delete-node",
      "node": {
        "label": "",
        "type": "METHOD_INVOCATION_RECEIVER"
      },
      "location-before-char-start": 3882,
      "location-before-char-end": 3888,
      "node-str": ""
    },
    {
      "type": "delete-node",
      "node": {
        "label": "isAllValid",
        "type": "SimpleName"
      },
      "location-before-char-start": 3889,
      "location-before-char-end": 3899,
      "node-str": "isAllValid"
    },
    {
      "type": "delete-node",
      "node": {
        "label": "",
        "type": "MethodInvocation"
      },
      "location-before-char-start": 3882,
      "location-before-char-end": 3901,
      "node-str": ""
    },
    {
      "type": "delete-node",
      "node": {
        "label": "boolean",
        "type": "PrimitiveType"
      },
      "location-before-char-start": 3925,
      "location-before-char-end": 3932,
      "node-str": "boolean"
    },
    {
      "type": "delete-node",
      "node": {
        "label": "valid",
        "type": "SimpleName"
      },
      "location-before-char-start": 3933,
      "location-before-char-end": 3938,
      "node-str": "valid"
    },
    {
      "type": "delete-node",
      "node": {
        "label": "true",
        "type": "BooleanLiteral"
      },
      "location-before-char-start": 3941,
      "location-before-char-end": 3945,
      "node-str": "true"
    },
    {
      "type": "delete-node",
      "node": {
        "label": "",
        "type": "VariableDeclarationFragment"
      },
      "location-before-char-start": 3933,
      "location-before-char-end": 3945,
      "node-str": ""
    },
    {
      "type": "delete-node",
      "node": {
        "label": "",
        "type": "VariableDeclarationStatement"
      },
      "location-before-char-start": 3925,
      "location-before-char-end": 3946,
      "node-str": ""
    },
    {
      "type": "delete-node",
      "node": {
        "label": "List",
        "type": "SimpleName"
      },
      "location-before-char-start": 3959,
      "location-before-char-end": 3963,
      "node-str": "List"
    },
    {
      "type": "delete-node",
      "node": {
        "label": "",
        "type": "SimpleType"
      },
      "location-before-char-start": 3959,
      "location-before-char-end": 3963,
      "node-str": ""
    },
    {
      "type": "delete-node",
      "node": {
        "label": "queries",
        "type": "SimpleName"
      },
      "location-before-char-start": 3964,
      "location-before-char-end": 3971,
      "node-str": "queries"
    },
    {
      "type": "delete-node",
      "node": {
        "label": "scarabR",
        "type": "SimpleName"
      },
      "location-before-char-start": 3974,
      "location-before-char-end": 3981,
      "node-str": "scarabR"
    },
    {
      "type": "delete-node",
      "node": {
        "label": "",
        "type": "METHOD_INVOCATION_RECEIVER"
      },
      "location-before-char-start": 3974,
      "location-before-char-end": 3981,
      "node-str": ""
    },
    {
      "type": "delete-node",
      "node": {
        "label": "getAllQueries",
        "type": "SimpleName"
      },
      "location-before-char-start": 3982,
      "location-before-char-end": 3995,
      "node-str": "getAllQueries"
    },
    {
      "type": "delete-node",
      "node": {
        "label": "",
        "type": "MethodInvocation"
      },
      "location-before-char-start": 3974,
      "location-before-char-end": 3997,
      "node-str": ""
    },
    {
      "type": "delete-node",
      "node": {
        "label": "",
        "type": "VariableDeclarationFragment"
      },
      "location-before-char-start": 3964,
      "location-before-char-end": 3997,
      "node-str": ""
    },
    {
      "type": "delete-node",
      "node": {
        "label": "",
        "type": "VariableDeclarationStatement"
      },
      "location-before-char-start": 3959,
      "location-before-char-end": 3998,
      "node-str": ""
    },
    {
      "type": "delete-node",
      "node": {
        "label": "int",
        "type": "PrimitiveType"
      },
      "location-before-char-start": 4016,
      "location-before-char-end": 4019,
      "node-str": "int"
    },
    {
      "type": "delete-node",
      "node": {
        "label": "i",
        "type": "SimpleName"
      },
      "location-before-char-start": 4020,
      "location-before-char-end": 4021,
      "node-str": "i"
    },
    {
      "type": "delete-node",
      "node": {
        "label": "0",
        "type": "NumberLiteral"
      },
      "location-before-char-start": 4024,
      "location-before-char-end": 4025,
      "node-str": "0"
    },
    {
      "type": "delete-node",
      "node": {
        "label": "",
        "type": "VariableDeclarationFragment"
      },
      "location-before-char-start": 4020,
      "location-before-char-end": 4025,
      "node-str": ""
    },
    {
      "type": "delete-node",
      "node": {
        "label": "",
        "type": "VariableDeclarationExpression"
      },
      "location-before-char-start": 4016,
      "location-before-char-end": 4025,
      "node-str": ""
    },
    {
      "type": "delete-node",
      "node": {
        "label": "i",
        "type": "SimpleName"
      },
      "location-before-char-start": 4027,
      "location-before-char-end": 4028,
      "node-str": "i"
    },
    {
      "type": "delete-node",
      "node": {
        "label": "\u003c",
        "type": "INFIX_EXPRESSION_OPERATOR"
      },
      "location-before-char-start": 4029,
      "location-before-char-end": 4030,
      "node-str": "\u003c"
    },
    {
      "type": "delete-node",
      "node": {
        "label": "queries",
        "type": "SimpleName"
      },
      "location-before-char-start": 4031,
      "location-before-char-end": 4038,
      "node-str": "queries"
    },
    {
      "type": "delete-node",
      "node": {
        "label": "",
        "type": "METHOD_INVOCATION_RECEIVER"
      },
      "location-before-char-start": 4031,
      "location-before-char-end": 4038,
      "node-str": ""
    },
    {
      "type": "delete-node",
      "node": {
        "label": "size",
        "type": "SimpleName"
      },
      "location-before-char-start": 4039,
      "location-before-char-end": 4043,
      "node-str": "size"
    },
    {
      "type": "delete-node",
      "node": {
        "label": "",
        "type": "MethodInvocation"
      },
      "location-before-char-start": 4031,
      "location-before-char-end": 4045,
      "node-str": ""
    },
    {
      "type": "delete-node",
      "node": {
        "label": "",
        "type": "InfixExpression"
      },
      "location-before-char-start": 4027,
      "location-before-char-end": 4045,
      "node-str": ""
    },
    {
      "type": "delete-node",
      "node": {
        "label": "i",
        "type": "SimpleName"
      },
      "location-before-char-start": 4047,
      "location-before-char-end": 4048,
      "node-str": "i"
    },
    {
      "type": "delete-node",
      "node": {
        "label": "++",
        "type": "POSTFIX_EXPRESSION_OPERATOR"
      },
      "location-before-char-start": 4048,
      "location-before-char-end": 4050,
      "node-str": "++"
    },
    {
      "type": "delete-node",
      "node": {
        "label": "",
        "type": "PostfixExpression"
      },
      "location-before-char-start": 4047,
      "location-before-char-end": 4050,
      "node-str": ""
    },
    {
      "type": "delete-node",
      "node": {
        "label": "RQueryUser",
        "type": "SimpleName"
      },
      "location-before-char-start": 4139,
      "location-before-char-end": 4149,
      "node-str": "RQueryUser"
    },
    {
      "type": "delete-node",
      "node": {
        "label": "",
        "type": "SimpleType"
      },
      "location-before-char-start": 4139,
      "location-before-char-end": 4149,
      "node-str": ""
    },
    {
      "type": "delete-node",
      "node": {
        "label": "rqu",
        "type": "SimpleName"
      },
      "location-before-char-start": 4150,
      "location-before-char-end": 4153,
      "node-str": "rqu"
    },
    {
      "type": "delete-node",
      "node": {
        "label": "query",
        "type": "SimpleName"
      },
      "location-before-char-start": 4156,
      "location-before-char-end": 4161,
      "node-str": "query"
    },
    {
      "type": "delete-node",
      "node": {
        "label": "",
        "type": "METHOD_INVOCATION_RECEIVER"
      },
      "location-before-char-start": 4156,
      "location-before-char-end": 4161,
      "node-str": ""
    },
    {
      "type": "delete-node",
      "node": {
        "label": "getRQueryUser",
        "type": "SimpleName"
      },
      "location-before-char-start": 4162,
      "location-before-char-end": 4175,
      "node-str": "getRQueryUser"
    },
    {
      "type": "delete-node",
      "node": {
        "label": "user",
        "type": "SimpleName"
      },
      "location-before-char-start": 4176,
      "location-before-char-end": 4180,
      "node-str": "user"
    },
    {
      "type": "delete-node",
      "node": {
        "label": "",
        "type": "METHOD_INVOCATION_ARGUMENTS"
      },
      "location-before-char-start": 4176,
      "location-before-char-end": 4180,
      "node-str": ""
    },
    {
      "type": "delete-node",
      "node": {
        "label": "",
        "type": "MethodInvocation"
      },
      "location-before-char-start": 4156,
      "location-before-char-end": 4181,
      "node-str": ""
    },
    {
      "type": "delete-node",
      "node": {
        "label": "",
        "type": "VariableDeclarationFragment"
      },
      "location-before-char-start": 4150,
      "location-before-char-end": 4181,
      "node-str": ""
    },
    {
      "type": "delete-node",
      "node": {
        "label": "",
        "type": "VariableDeclarationStatement"
      },
      "location-before-char-start": 4139,
      "location-before-char-end": 4182,
      "node-str": ""
    },
    {
      "type": "delete-node",
      "node": {
        "label": "Field",
        "type": "SimpleName"
      },
      "location-before-char-start": 4332,
      "location-before-char-end": 4337,
      "node-str": "Field"
    },
    {
      "type": "delete-node",
      "node": {
        "label": "",
        "type": "SimpleType"
      },
      "location-before-char-start": 4332,
      "location-before-char-end": 4337,
      "node-str": ""
    },
    {
      "type": "delete-node",
      "node": {
        "label": "sub",
        "type": "SimpleName"
      },
      "location-before-char-start": 4338,
      "location-before-char-end": 4341,
      "node-str": "sub"
    },
    {
      "type": "delete-node",
      "node": {
        "label": "queryGroup",
        "type": "SimpleName"
      },
      "location-before-char-start": 4344,
      "location-before-char-end": 4354,
      "node-str": "queryGroup"
    },
    {
      "type": "delete-node",
      "node": {
        "label": "",
        "type": "METHOD_INVOCATION_RECEIVER"
      },
      "location-before-char-start": 4344,
      "location-before-char-end": 4354,
      "node-str": ""
    },
    {
      "type": "delete-node",
      "node": {
        "label": "get",
        "type": "SimpleName"
      },
      "location-before-char-start": 4355,
      "location-before-char-end": 4358,
      "node-str": "get"
    },
    {
      "type": "delete-node",
      "node": {
        "label": "\"Subscribed\"",
        "type": "StringLiteral"
      },
      "location-before-char-start": 4359,
      "location-before-char-end": 4371,
      "node-str": "\"Subscribed\""
    },
    {
      "type": "delete-node",
      "node": {
        "label": "",
        "type": "METHOD_INVOCATION_ARGUMENTS"
      },
      "location-before-char-start": 4359,
      "location-before-char-end": 4371,
      "node-str": ""
    },
    {
      "type": "delete-node",
      "node": {
        "label": "",
        "type": "MethodInvocation"
      },
      "location-before-char-start": 4344,
      "location-before-char-end": 4372,
      "node-str": ""
    },
    {
      "type": "delete-node",
      "node": {
        "label": "",
        "type": "VariableDeclarationFragment"
      },
      "location-before-char-start": 4338,
      "location-before-char-end": 4372,
      "node-str": ""
    },
    {
      "type": "delete-node",
      "node": {
        "label": "",
        "type": "VariableDeclarationStatement"
      },
      "location-before-char-start": 4332,
      "location-before-char-end": 4373,
      "node-str": ""
    },
    {
      "type": "delete-node",
      "node": {
        "label": "user",
        "type": "SimpleName"
      },
      "location-before-char-start": 5081,
      "location-before-char-end": 5085,
      "node-str": "user"
    },
    {
      "type": "delete-node",
      "node": {
        "label": "",
        "type": "METHOD_INVOCATION_RECEIVER"
      },
      "location-before-char-start": 5081,
      "location-before-char-end": 5085,
      "node-str": ""
    },
    {
      "type": "delete-node",
      "node": {
        "label": "resetDefaultQuery",
        "type": "SimpleName"
      },
      "location-before-char-start": 5086,
      "location-before-char-end": 5103,
      "node-str": "resetDefaultQuery"
    },
    {
      "type": "delete-node",
      "node": {
        "label": "me",
        "type": "SimpleName"
      },
      "location-before-char-start": 5104,
      "location-before-char-end": 5106,
      "node-str": "me"
    },
    {
      "type": "delete-node",
      "node": {
        "label": "issueType",
        "type": "SimpleName"
      },
      "location-before-char-start": 5108,
      "location-before-char-end": 5117,
      "node-str": "issueType"
    },
    {
      "type": "delete-node",
      "node": {
        "label": "",
        "type": "METHOD_INVOCATION_ARGUMENTS"
      },
      "location-before-char-start": 5104,
      "location-before-char-end": 5117,
      "node-str": ""
    },
    {
      "type": "delete-node",
      "node": {
        "label": "",
        "type": "MethodInvocation"
      },
      "location-before-char-start": 5081,
      "location-before-char-end": 5118,
      "node-str": ""
    },
    {
      "type": "delete-node",
      "node": {
        "label": "",
        "type": "ExpressionStatement"
      },
      "location-before-char-start": 5081,
      "location-before-char-end": 5119,
      "node-str": ""
    },
    {
      "type": "delete-node",
      "node": {
        "label": "ScarabCache",
        "type": "SimpleName"
      },
      "location-before-char-start": 5520,
      "location-before-char-end": 5531,
      "node-str": "ScarabCache"
    },
    {
      "type": "delete-node",
      "node": {
        "label": "",
        "type": "METHOD_INVOCATION_RECEIVER"
      },
      "location-before-char-start": 5520,
      "location-before-char-end": 5531,
      "node-str": ""
    },
    {
      "type": "delete-node",
      "node": {
        "label": "clear",
        "type": "SimpleName"
      },
      "location-before-char-start": 5532,
      "location-before-char-end": 5537,
      "node-str": "clear"
    },
    {
      "type": "delete-node",
      "node": {
        "label": "",
        "type": "MethodInvocation"
      },
      "location-before-char-start": 5520,
      "location-before-char-end": 5539,
      "node-str": ""
    },
    {
      "type": "delete-node",
      "node": {
        "label": "",
        "type": "ExpressionStatement"
      },
      "location-before-char-start": 5520,
      "location-before-char-end": 5540,
      "node-str": ""
    },
    {
      "type": "delete-node",
      "node": {
        "label": "This class is responsible for managing the query lists (deleting queries).",
        "type": "TextElement"
      },
      "location-before-char-start": 3187,
      "location-before-char-end": 3261,
      "node-str": "This class is responsible for managing the query lists (deleting queries)."
    },
    {
      "type": "delete-node",
      "node": {
        "label": "",
        "type": "TagElement"
      },
      "location-before-char-start": 3187,
      "location-before-char-end": 3261,
      "node-str": ""
    },
    {
      "type": "delete-node",
      "node": {
        "label": " \u003ca href\u003d\"mailto:elicia@collab.net\"\u003eElicia David\u003c/a\u003e",
        "type": "TextElement"
      },
      "location-before-char-start": 3279,
      "location-before-char-end": 3331,
      "node-str": " \u003ca href\u003d\"mailto:elicia@collab.net\"\u003eElicia David\u003c/a\u003e"
    },
    {
      "type": "delete-node",
      "node": {
        "label": "",
        "type": "TagElement"
      },
      "location-before-char-start": 3272,
      "location-before-char-end": 3331,
      "node-str": ""
    },
    {
      "type": "delete-node",
      "node": {
        "label": " $Id$",
        "type": "TextElement"
      },
      "location-before-char-start": 3343,
      "location-before-char-end": 3348,
      "node-str": " $Id$"
    },
    {
      "type": "delete-node",
      "node": {
        "label": "",
        "type": "TagElement"
      },
      "location-before-char-start": 3335,
      "location-before-char-end": 3348,
      "node-str": ""
    },
    {
      "type": "delete-node",
      "node": {
        "label": "",
        "type": "Javadoc"
      },
      "location-before-char-start": 3180,
      "location-before-char-end": 3352,
      "node-str": ""
    },
    {
      "type": "delete-node",
      "node": {
        "label": "public",
        "type": "Modifier"
      },
      "location-before-char-start": 3353,
      "location-before-char-end": 3359,
      "node-str": "public"
    },
    {
      "type": "delete-node",
      "node": {
        "label": "class",
        "type": "TYPE_DECLARATION_KIND"
      },
      "location-before-char-start": 3360,
      "location-before-char-end": 3365,
      "node-str": "class"
    },
    {
      "type": "delete-node",
      "node": {
        "label": "QueryList",
        "type": "SimpleName"
      },
      "location-before-char-start": 3366,
      "location-before-char-end": 3375,
      "node-str": "QueryList"
    },
    {
      "type": "delete-node",
      "node": {
        "label": "RequireLoginFirstAction",
        "type": "SimpleName"
      },
      "location-before-char-start": 3384,
      "location-before-char-end": 3407,
      "node-str": "RequireLoginFirstAction"
    },
    {
      "type": "delete-node",
      "node": {
        "label": "",
        "type": "SimpleType"
      },
      "location-before-char-start": 3384,
      "location-before-char-end": 3407,
      "node-str": ""
    },
    {
      "type": "delete-node",
      "node": {
        "label": "public",
        "type": "Modifier"
      },
      "location-before-char-start": 3415,
      "location-before-char-end": 3421,
      "node-str": "public"
    },
    {
      "type": "delete-node",
      "node": {
        "label": "void",
        "type": "PrimitiveType"
      },
      "location-before-char-start": 3422,
      "location-before-char-end": 3426,
      "node-str": "void"
    },
    {
      "type": "delete-node",
      "node": {
        "label": "doSave",
        "type": "SimpleName"
      },
      "location-before-char-start": 3427,
      "location-before-char-end": 3433,
      "node-str": "doSave"
    },
    {
      "type": "delete-node",
      "node": {
        "label": "RunData",
        "type": "SimpleName"
      },
      "location-before-char-start": 3434,
      "location-before-char-end": 3441,
      "node-str": "RunData"
    },
    {
      "type": "delete-node",
      "node": {
        "label": "",
        "type": "SimpleType"
      },
      "location-before-char-start": 3434,
      "location-before-char-end": 3441,
      "node-str": ""
    },
    {
      "type": "delete-node",
      "node": {
        "label": "data",
        "type": "SimpleName"
      },
      "location-before-char-start": 3442,
      "location-before-char-end": 3446,
      "node-str": "data"
    },
    {
      "type": "delete-node",
      "node": {
        "label": "",
        "type": "SingleVariableDeclaration"
      },
      "location-before-char-start": 3434,
      "location-before-char-end": 3446,
      "node-str": ""
    },
    {
      "type": "delete-node",
      "node": {
        "label": "TemplateContext",
        "type": "SimpleName"
      },
      "location-before-char-start": 3448,
      "location-before-char-end": 3463,
      "node-str": "TemplateContext"
    },
    {
      "type": "delete-node",
      "node": {
        "label": "",
        "type": "SimpleType"
      },
      "location-before-char-start": 3448,
      "location-before-char-end": 3463,
      "node-str": ""
    },
    {
      "type": "delete-node",
      "node": {
        "label": "context",
        "type": "SimpleName"
      },
      "location-before-char-start": 3464,
      "location-before-char-end": 3471,
      "node-str": "context"
    },
    {
      "type": "delete-node",
      "node": {
        "label": "",
        "type": "SingleVariableDeclaration"
      },
      "location-before-char-start": 3448,
      "location-before-char-end": 3471,
      "node-str": ""
    },
    {
      "type": "delete-node",
      "node": {
        "label": "Exception",
        "type": "SimpleName"
      },
      "location-before-char-start": 3488,
      "location-before-char-end": 3497,
      "node-str": "Exception"
    },
    {
      "type": "delete-node",
      "node": {
        "label": "",
        "type": "SimpleType"
      },
      "location-before-char-start": 3488,
      "location-before-char-end": 3497,
      "node-str": ""
    },
    {
      "type": "delete-node",
      "node": {
        "label": "",
        "type": "MethodDeclaration"
      },
      "location-before-char-start": 3415,
      "location-before-char-end": 5546,
      "node-str": ""
    }
  ],
  "before-file": {},
  "after-file": {},
  "mapping": {}
}