{
  "tool-info": {},
  "diff": [
    {
      "type": "insert-node",
      "node": {
        "label": "",
        "type": "PackageDeclaration"
      },
      "location-after-char-start": 710,
      "location-after-char-end": 754,
      "node-str": ""
    },
    {
      "type": "insert-node",
      "node": {
        "label": "",
        "type": "ImportDeclaration"
      },
      "location-after-char-start": 756,
      "location-after-char-end": 785,
      "node-str": ""
    },
    {
      "type": "insert-node",
      "node": {
        "label": "",
        "type": "ImportDeclaration"
      },
      "location-after-char-start": 787,
      "location-after-char-end": 842,
      "node-str": ""
    },
    {
      "type": "insert-node",
      "node": {
        "label": "",
        "type": "ImportDeclaration"
      },
      "location-after-char-start": 843,
      "location-after-char-end": 892,
      "node-str": ""
    },
    {
      "type": "insert-node",
      "node": {
        "label": "",
        "type": "ImportDeclaration"
      },
      "location-after-char-start": 893,
      "location-after-char-end": 935,
      "node-str": ""
    },
    {
      "type": "insert-node",
      "node": {
        "label": "",
        "type": "ImportDeclaration"
      },
      "location-after-char-start": 936,
      "location-after-char-end": 974,
      "node-str": ""
    },
    {
      "type": "insert-node",
      "node": {
        "label": "",
        "type": "ImportDeclaration"
      },
      "location-after-char-start": 975,
      "location-after-char-end": 1018,
      "node-str": ""
    },
    {
      "type": "insert-node",
      "node": {
        "label": "",
        "type": "ImportDeclaration"
      },
      "location-after-char-start": 1019,
      "location-after-char-end": 1077,
      "node-str": ""
    },
    {
      "type": "insert-node",
      "node": {
        "label": "",
        "type": "ImportDeclaration"
      },
      "location-after-char-start": 1078,
      "location-after-char-end": 1126,
      "node-str": ""
    },
    {
      "type": "insert-node",
      "node": {
        "label": "",
        "type": "ImportDeclaration"
      },
      "location-after-char-start": 1127,
      "location-after-char-end": 1173,
      "node-str": ""
    },
    {
      "type": "insert-node",
      "node": {
        "label": "",
        "type": "ImportDeclaration"
      },
      "location-after-char-start": 1174,
      "location-after-char-end": 1222,
      "node-str": ""
    },
    {
      "type": "insert-node",
      "node": {
        "label": "",
        "type": "ImportDeclaration"
      },
      "location-after-char-start": 1223,
      "location-after-char-end": 1266,
      "node-str": ""
    },
    {
      "type": "insert-node",
      "node": {
        "label": "",
        "type": "ImportDeclaration"
      },
      "location-after-char-start": 1267,
      "location-after-char-end": 1311,
      "node-str": ""
    },
    {
      "type": "insert-node",
      "node": {
        "label": "org.columba.mail.folder.headercache",
        "type": "QualifiedName"
      },
      "location-after-char-start": 718,
      "location-after-char-end": 753,
      "node-str": "org.columba.mail.folder.headercache"
    },
    {
      "type": "insert-node",
      "node": {
        "label": "java.util.Enumeration",
        "type": "QualifiedName"
      },
      "location-after-char-start": 763,
      "location-after-char-end": 784,
      "node-str": "java.util.Enumeration"
    },
    {
      "type": "insert-node",
      "node": {
        "label": "org.columba.core.command.WorkerStatusController",
        "type": "QualifiedName"
      },
      "location-after-char-start": 794,
      "location-after-char-end": 841,
      "node-str": "org.columba.core.command.WorkerStatusController"
    },
    {
      "type": "insert-node",
      "node": {
        "label": "org.columba.mail.coder.EncodedWordDecoder",
        "type": "QualifiedName"
      },
      "location-after-char-start": 850,
      "location-after-char-end": 891,
      "node-str": "org.columba.mail.coder.EncodedWordDecoder"
    },
    {
      "type": "insert-node",
      "node": {
        "label": "org.columba.mail.config.FolderItem",
        "type": "QualifiedName"
      },
      "location-after-char-start": 900,
      "location-after-char-end": 934,
      "node-str": "org.columba.mail.config.FolderItem"
    },
    {
      "type": "insert-node",
      "node": {
        "label": "org.columba.mail.folder.Folder",
        "type": "QualifiedName"
      },
      "location-after-char-start": 943,
      "location-after-char-end": 973,
      "node-str": "org.columba.mail.folder.Folder"
    },
    {
      "type": "insert-node",
      "node": {
        "label": "org.columba.mail.folder.LocalFolder",
        "type": "QualifiedName"
      },
      "location-after-char-start": 982,
      "location-after-char-end": 1017,
      "node-str": "org.columba.mail.folder.LocalFolder"
    },
    {
      "type": "insert-node",
      "node": {
        "label": "org.columba.mail.folder.command.MarkMessageCommand",
        "type": "QualifiedName"
      },
      "location-after-char-start": 1026,
      "location-after-char-end": 1076,
      "node-str": "org.columba.mail.folder.command.MarkMessageCommand"
    },
    {
      "type": "insert-node",
      "node": {
        "label": "org.columba.mail.message.AbstractMessage",
        "type": "QualifiedName"
      },
      "location-after-char-start": 1085,
      "location-after-char-end": 1125,
      "node-str": "org.columba.mail.message.AbstractMessage"
    },
    {
      "type": "insert-node",
      "node": {
        "label": "org.columba.mail.message.ColumbaHeader",
        "type": "QualifiedName"
      },
      "location-after-char-start": 1134,
      "location-after-char-end": 1172,
      "node-str": "org.columba.mail.message.ColumbaHeader"
    },
    {
      "type": "insert-node",
      "node": {
        "label": "org.columba.mail.message.HeaderInterface",
        "type": "QualifiedName"
      },
      "location-after-char-start": 1181,
      "location-after-char-end": 1221,
      "node-str": "org.columba.mail.message.HeaderInterface"
    },
    {
      "type": "insert-node",
      "node": {
        "label": "org.columba.mail.message.HeaderList",
        "type": "QualifiedName"
      },
      "location-after-char-start": 1230,
      "location-after-char-end": 1265,
      "node-str": "org.columba.mail.message.HeaderList"
    },
    {
      "type": "insert-node",
      "node": {
        "label": "org.columba.mail.parser.Rfc822Parser",
        "type": "QualifiedName"
      },
      "location-after-char-start": 1274,
      "location-after-char-end": 1310,
      "node-str": "org.columba.mail.parser.Rfc822Parser"
    },
    {
      "type": "insert-node",
      "node": {
        "label": "public",
        "type": "Modifier"
      },
      "location-after-char-start": 1490,
      "location-after-char-end": 1496,
      "node-str": "public"
    },
    {
      "type": "insert-node",
      "node": {
        "label": "abstract",
        "type": "Modifier"
      },
      "location-after-char-start": 1497,
      "location-after-char-end": 1505,
      "node-str": "abstract"
    },
    {
      "type": "insert-node",
      "node": {
        "label": "class",
        "type": "TYPE_DECLARATION_KIND"
      },
      "location-after-char-start": 1506,
      "location-after-char-end": 1511,
      "node-str": "class"
    },
    {
      "type": "insert-node",
      "node": {
        "label": "CachedFolder",
        "type": "SimpleName"
      },
      "location-after-char-start": 1512,
      "location-after-char-end": 1524,
      "node-str": "CachedFolder"
    },
    {
      "type": "insert-node",
      "node": {
        "label": "",
        "type": "SimpleType"
      },
      "location-after-char-start": 1533,
      "location-after-char-end": 1544,
      "node-str": ""
    },
    {
      "type": "insert-node",
      "node": {
        "label": "LocalFolder",
        "type": "SimpleName"
      },
      "location-after-char-start": 1533,
      "location-after-char-end": 1544,
      "node-str": "LocalFolder"
    },
    {
      "type": "insert-node",
      "node": {
        "label": "public",
        "type": "Modifier"
      },
      "location-after-char-start": 1931,
      "location-after-char-end": 1937,
      "node-str": "public"
    },
    {
      "type": "insert-node",
      "node": {
        "label": "",
        "type": "SimpleType"
      },
      "location-after-char-start": 1938,
      "location-after-char-end": 1944,
      "node-str": ""
    },
    {
      "type": "insert-node",
      "node": {
        "label": "addMessage",
        "type": "SimpleName"
      },
      "location-after-char-start": 1945,
      "location-after-char-end": 1955,
      "node-str": "addMessage"
    },
    {
      "type": "insert-node",
      "node": {
        "label": "",
        "type": "SingleVariableDeclaration"
      },
      "location-after-char-start": 1959,
      "location-after-char-end": 1982,
      "node-str": ""
    },
    {
      "type": "insert-node",
      "node": {
        "label": "",
        "type": "SingleVariableDeclaration"
      },
      "location-after-char-start": 1986,
      "location-after-char-end": 2015,
      "node-str": ""
    },
    {
      "type": "insert-node",
      "node": {
        "label": "",
        "type": "SimpleType"
      },
      "location-after-char-start": 2026,
      "location-after-char-end": 2035,
      "node-str": ""
    },
    {
      "type": "insert-node",
      "node": {
        "label": "Object",
        "type": "SimpleName"
      },
      "location-after-char-start": 1938,
      "location-after-char-end": 1944,
      "node-str": "Object"
    },
    {
      "type": "insert-node",
      "node": {
        "label": "",
        "type": "SimpleType"
      },
      "location-after-char-start": 1959,
      "location-after-char-end": 1974,
      "node-str": ""
    },
    {
      "type": "insert-node",
      "node": {
        "label": "message",
        "type": "SimpleName"
      },
      "location-after-char-start": 1975,
      "location-after-char-end": 1982,
      "node-str": "message"
    },
    {
      "type": "insert-node",
      "node": {
        "label": "",
        "type": "SimpleType"
      },
      "location-after-char-start": 1986,
      "location-after-char-end": 2008,
      "node-str": ""
    },
    {
      "type": "insert-node",
      "node": {
        "label": "worker",
        "type": "SimpleName"
      },
      "location-after-char-start": 2009,
      "location-after-char-end": 2015,
      "node-str": "worker"
    },
    {
      "type": "insert-node",
      "node": {
        "label": "Exception",
        "type": "SimpleName"
      },
      "location-after-char-start": 2026,
      "location-after-char-end": 2035,
      "node-str": "Exception"
    },
    {
      "type": "insert-node",
      "node": {
        "label": "",
        "type": "VariableDeclarationStatement"
      },
      "location-after-char-start": 2583,
      "location-after-char-end": 2650,
      "node-str": ""
    },
    {
      "type": "insert-node",
      "node": {
        "label": "",
        "type": "ForStatement"
      },
      "location-after-char-start": 2744,
      "location-after-char-end": 2988,
      "node-str": ""
    },
    {
      "type": "insert-node",
      "node": {
        "label": "",
        "type": "ReturnStatement"
      },
      "location-after-char-start": 3692,
      "location-after-char-end": 3706,
      "node-str": ""
    },
    {
      "type": "insert-node",
      "node": {
        "label": "AbstractMessage",
        "type": "SimpleName"
      },
      "location-after-char-start": 1959,
      "location-after-char-end": 1974,
      "node-str": "AbstractMessage"
    },
    {
      "type": "insert-node",
      "node": {
        "label": "WorkerStatusController",
        "type": "SimpleName"
      },
      "location-after-char-start": 1986,
      "location-after-char-end": 2008,
      "node-str": "WorkerStatusController"
    },
    {
      "type": "insert-node",
      "node": {
        "label": "",
        "type": "ArrayType"
      },
      "location-after-char-start": 2583,
      "location-after-char-end": 2591,
      "node-str": ""
    },
    {
      "type": "insert-node",
      "node": {
        "label": "",
        "type": "VariableDeclarationFragment"
      },
      "location-after-char-start": 2592,
      "location-after-char-end": 2649,
      "node-str": ""
    },
    {
      "type": "move-subtree",
      "node": {
        "label": "",
        "type": "VariableDeclarationExpression"
      },
      "location-before-char-start": 2804,
      "location-before-char-end": 2813,
      "location-after-char-start": 2749,
      "location-after-char-end": 2758,
      "node-str": ""
    },
    {
      "type": "insert-node",
      "node": {
        "label": "",
        "type": "InfixExpression"
      },
      "location-after-char-start": 2760,
      "location-after-char-end": 2775,
      "node-str": ""
    },
    {
      "type": "insert-node",
      "node": {
        "label": "",
        "type": "PostfixExpression"
      },
      "location-after-char-start": 2777,
      "location-after-char-end": 2780,
      "node-str": ""
    },
    {
      "type": "insert-node",
      "node": {
        "label": "",
        "type": "Block"
      },
      "location-after-char-start": 2782,
      "location-after-char-end": 2988,
      "node-str": ""
    },
    {
      "type": "insert-node",
      "node": {
        "label": "newUid",
        "type": "SimpleName"
      },
      "location-after-char-start": 3699,
      "location-after-char-end": 3705,
      "node-str": "newUid"
    },
    {
      "type": "insert-node",
      "node": {
        "label": "",
        "type": "SimpleType"
      },
      "location-after-char-start": 2583,
      "location-after-char-end": 2589,
      "node-str": ""
    },
    {
      "type": "insert-node",
      "node": {
        "label": "",
        "type": "Dimension"
      },
      "location-after-char-start": 2589,
      "location-after-char-end": 2591,
      "node-str": ""
    },
    {
      "type": "insert-node",
      "node": {
        "label": "list",
        "type": "SimpleName"
      },
      "location-after-char-start": 2592,
      "location-after-char-end": 2596,
      "node-str": "list"
    },
    {
      "type": "insert-node",
      "node": {
        "label": "",
        "type": "MethodInvocation"
      },
      "location-after-char-start": 2599,
      "location-after-char-end": 2649,
      "node-str": ""
    },
    {
      "type": "insert-node",
      "node": {
        "label": "j",
        "type": "SimpleName"
      },
      "location-after-char-start": 2760,
      "location-after-char-end": 2761,
      "node-str": "j"
    },
    {
      "type": "insert-node",
      "node": {
        "label": "\u003c",
        "type": "INFIX_EXPRESSION_OPERATOR"
      },
      "location-after-char-start": 2762,
      "location-after-char-end": 2763,
      "node-str": "\u003c"
    },
    {
      "type": "insert-node",
      "node": {
        "label": "list.length",
        "type": "QualifiedName"
      },
      "location-after-char-start": 2764,
      "location-after-char-end": 2775,
      "node-str": "list.length"
    },
    {
      "type": "insert-node",
      "node": {
        "label": "j",
        "type": "SimpleName"
      },
      "location-after-char-start": 2777,
      "location-after-char-end": 2778,
      "node-str": "j"
    },
    {
      "type": "insert-node",
      "node": {
        "label": "++",
        "type": "POSTFIX_EXPRESSION_OPERATOR"
      },
      "location-after-char-start": 2778,
      "location-after-char-end": 2780,
      "node-str": "++"
    },
    {
      "type": "insert-node",
      "node": {
        "label": "",
        "type": "ExpressionStatement"
      },
      "location-after-char-start": 2788,
      "location-after-char-end": 2814,
      "node-str": ""
    },
    {
      "type": "move-subtree",
      "node": {
        "label": "",
        "type": "VariableDeclarationStatement"
      },
      "location-before-char-start": 2933,
      "location-before-char-end": 2961,
      "location-after-char-start": 2819,
      "location-after-char-end": 2847,
      "node-str": ""
    },
    {
      "type": "move-subtree",
      "node": {
        "label": "",
        "type": "IfStatement"
      },
      "location-before-char-start": 2992,
      "location-before-char-end": 3098,
      "location-after-char-start": 2878,
      "location-after-char-end": 2984,
      "node-str": ""
    },
    {
      "type": "insert-node",
      "node": {
        "label": "String",
        "type": "SimpleName"
      },
      "location-after-char-start": 2583,
      "location-after-char-end": 2589,
      "node-str": "String"
    },
    {
      "type": "insert-node",
      "node": {
        "label": "",
        "type": "METHOD_INVOCATION_RECEIVER"
      },
      "location-after-char-start": 2599,
      "location-after-char-end": 2621,
      "node-str": ""
    },
    {
      "type": "insert-node",
      "node": {
        "label": "getCachedHeaderfieldArray",
        "type": "SimpleName"
      },
      "location-after-char-start": 2622,
      "location-after-char-end": 2647,
      "node-str": "getCachedHeaderfieldArray"
    },
    {
      "type": "insert-node",
      "node": {
        "label": "",
        "type": "Assignment"
      },
      "location-after-char-start": 2788,
      "location-after-char-end": 2813,
      "node-str": ""
    },
    {
      "type": "insert-node",
      "node": {
        "label": "CachedHeaderfieldOwner",
        "type": "SimpleName"
      },
      "location-after-char-start": 2599,
      "location-after-char-end": 2621,
      "node-str": "CachedHeaderfieldOwner"
    },
    {
      "type": "insert-node",
      "node": {
        "label": "column",
        "type": "SimpleName"
      },
      "location-after-char-start": 2788,
      "location-after-char-end": 2794,
      "node-str": "column"
    },
    {
      "type": "insert-node",
      "node": {
        "label": "\u003d",
        "type": "ASSIGNMENT_OPERATOR"
      },
      "location-after-char-start": 2795,
      "location-after-char-end": 2796,
      "node-str": "\u003d"
    },
    {
      "type": "insert-node",
      "node": {
        "label": "",
        "type": "CastExpression"
      },
      "location-after-char-start": 2797,
      "location-after-char-end": 2813,
      "node-str": ""
    },
    {
      "type": "insert-node",
      "node": {
        "label": "",
        "type": "SimpleType"
      },
      "location-after-char-start": 2798,
      "location-after-char-end": 2804,
      "node-str": ""
    },
    {
      "type": "insert-node",
      "node": {
        "label": "",
        "type": "ArrayAccess"
      },
      "location-after-char-start": 2806,
      "location-after-char-end": 2813,
      "node-str": ""
    },
    {
      "type": "insert-node",
      "node": {
        "label": "String",
        "type": "SimpleName"
      },
      "location-after-char-start": 2798,
      "location-after-char-end": 2804,
      "node-str": "String"
    },
    {
      "type": "insert-node",
      "node": {
        "label": "list",
        "type": "SimpleName"
      },
      "location-after-char-start": 2806,
      "location-after-char-end": 2810,
      "node-str": "list"
    },
    {
      "type": "insert-node",
      "node": {
        "label": "j",
        "type": "SimpleName"
      },
      "location-after-char-start": 2811,
      "location-after-char-end": 2812,
      "node-str": "j"
    },
    {
      "type": "delete-node",
      "node": {
        "label": "org.columba.mail.folder.headercache",
        "type": "QualifiedName"
      },
      "location-before-char-start": 718,
      "location-before-char-end": 753,
      "node-str": "org.columba.mail.folder.headercache"
    },
    {
      "type": "delete-node",
      "node": {
        "label": "",
        "type": "PackageDeclaration"
      },
      "location-before-char-start": 710,
      "location-before-char-end": 754,
      "node-str": ""
    },
    {
      "type": "delete-node",
      "node": {
        "label": "java.util.Enumeration",
        "type": "QualifiedName"
      },
      "location-before-char-start": 763,
      "location-before-char-end": 784,
      "node-str": "java.util.Enumeration"
    },
    {
      "type": "delete-node",
      "node": {
        "label": "",
        "type": "ImportDeclaration"
      },
      "location-before-char-start": 756,
      "location-before-char-end": 785,
      "node-str": ""
    },
    {
      "type": "delete-node",
      "node": {
        "label": "org.columba.core.command.WorkerStatusController",
        "type": "QualifiedName"
      },
      "location-before-char-start": 794,
      "location-before-char-end": 841,
      "node-str": "org.columba.core.command.WorkerStatusController"
    },
    {
      "type": "delete-node",
      "node": {
        "label": "",
        "type": "ImportDeclaration"
      },
      "location-before-char-start": 787,
      "location-before-char-end": 842,
      "node-str": ""
    },
    {
      "type": "delete-node",
      "node": {
        "label": "org.columba.core.config.HeaderItem",
        "type": "QualifiedName"
      },
      "location-before-char-start": 850,
      "location-before-char-end": 884,
      "node-str": "org.columba.core.config.HeaderItem"
    },
    {
      "type": "delete-node",
      "node": {
        "label": "",
        "type": "ImportDeclaration"
      },
      "location-before-char-start": 843,
      "location-before-char-end": 885,
      "node-str": ""
    },
    {
      "type": "delete-node",
      "node": {
        "label": "org.columba.core.config.TableItem",
        "type": "QualifiedName"
      },
      "location-before-char-start": 893,
      "location-before-char-end": 926,
      "node-str": "org.columba.core.config.TableItem"
    },
    {
      "type": "delete-node",
      "node": {
        "label": "",
        "type": "ImportDeclaration"
      },
      "location-before-char-start": 886,
      "location-before-char-end": 927,
      "node-str": ""
    },
    {
      "type": "delete-node",
      "node": {
        "label": "org.columba.mail.coder.EncodedWordDecoder",
        "type": "QualifiedName"
      },
      "location-before-char-start": 935,
      "location-before-char-end": 976,
      "node-str": "org.columba.mail.coder.EncodedWordDecoder"
    },
    {
      "type": "delete-node",
      "node": {
        "label": "",
        "type": "ImportDeclaration"
      },
      "location-before-char-start": 928,
      "location-before-char-end": 977,
      "node-str": ""
    },
    {
      "type": "delete-node",
      "node": {
        "label": "org.columba.mail.config.FolderItem",
        "type": "QualifiedName"
      },
      "location-before-char-start": 985,
      "location-before-char-end": 1019,
      "node-str": "org.columba.mail.config.FolderItem"
    },
    {
      "type": "delete-node",
      "node": {
        "label": "",
        "type": "ImportDeclaration"
      },
      "location-before-char-start": 978,
      "location-before-char-end": 1020,
      "node-str": ""
    },
    {
      "type": "delete-node",
      "node": {
        "label": "org.columba.mail.config.MailConfig",
        "type": "QualifiedName"
      },
      "location-before-char-start": 1028,
      "location-before-char-end": 1062,
      "node-str": "org.columba.mail.config.MailConfig"
    },
    {
      "type": "delete-node",
      "node": {
        "label": "",
        "type": "ImportDeclaration"
      },
      "location-before-char-start": 1021,
      "location-before-char-end": 1063,
      "node-str": ""
    },
    {
      "type": "delete-node",
      "node": {
        "label": "org.columba.mail.folder.Folder",
        "type": "QualifiedName"
      },
      "location-before-char-start": 1071,
      "location-before-char-end": 1101,
      "node-str": "org.columba.mail.folder.Folder"
    },
    {
      "type": "delete-node",
      "node": {
        "label": "",
        "type": "ImportDeclaration"
      },
      "location-before-char-start": 1064,
      "location-before-char-end": 1102,
      "node-str": ""
    },
    {
      "type": "delete-node",
      "node": {
        "label": "org.columba.mail.folder.LocalFolder",
        "type": "QualifiedName"
      },
      "location-before-char-start": 1110,
      "location-before-char-end": 1145,
      "node-str": "org.columba.mail.folder.LocalFolder"
    },
    {
      "type": "delete-node",
      "node": {
        "label": "",
        "type": "ImportDeclaration"
      },
      "location-before-char-start": 1103,
      "location-before-char-end": 1146,
      "node-str": ""
    },
    {
      "type": "delete-node",
      "node": {
        "label": "org.columba.mail.folder.command.MarkMessageCommand",
        "type": "QualifiedName"
      },
      "location-before-char-start": 1154,
      "location-before-char-end": 1204,
      "node-str": "org.columba.mail.folder.command.MarkMessageCommand"
    },
    {
      "type": "delete-node",
      "node": {
        "label": "",
        "type": "ImportDeclaration"
      },
      "location-before-char-start": 1147,
      "location-before-char-end": 1205,
      "node-str": ""
    },
    {
      "type": "delete-node",
      "node": {
        "label": "org.columba.mail.message.AbstractMessage",
        "type": "QualifiedName"
      },
      "location-before-char-start": 1213,
      "location-before-char-end": 1253,
      "node-str": "org.columba.mail.message.AbstractMessage"
    },
    {
      "type": "delete-node",
      "node": {
        "label": "",
        "type": "ImportDeclaration"
      },
      "location-before-char-start": 1206,
      "location-before-char-end": 1254,
      "node-str": ""
    },
    {
      "type": "delete-node",
      "node": {
        "label": "org.columba.mail.message.ColumbaHeader",
        "type": "QualifiedName"
      },
      "location-before-char-start": 1262,
      "location-before-char-end": 1300,
      "node-str": "org.columba.mail.message.ColumbaHeader"
    },
    {
      "type": "delete-node",
      "node": {
        "label": "",
        "type": "ImportDeclaration"
      },
      "location-before-char-start": 1255,
      "location-before-char-end": 1301,
      "node-str": ""
    },
    {
      "type": "delete-node",
      "node": {
        "label": "org.columba.mail.message.HeaderInterface",
        "type": "QualifiedName"
      },
      "location-before-char-start": 1309,
      "location-before-char-end": 1349,
      "node-str": "org.columba.mail.message.HeaderInterface"
    },
    {
      "type": "delete-node",
      "node": {
        "label": "",
        "type": "ImportDeclaration"
      },
      "location-before-char-start": 1302,
      "location-before-char-end": 1350,
      "node-str": ""
    },
    {
      "type": "delete-node",
      "node": {
        "label": "org.columba.mail.message.HeaderList",
        "type": "QualifiedName"
      },
      "location-before-char-start": 1358,
      "location-before-char-end": 1393,
      "node-str": "org.columba.mail.message.HeaderList"
    },
    {
      "type": "delete-node",
      "node": {
        "label": "",
        "type": "ImportDeclaration"
      },
      "location-before-char-start": 1351,
      "location-before-char-end": 1394,
      "node-str": ""
    },
    {
      "type": "delete-node",
      "node": {
        "label": "org.columba.mail.parser.Rfc822Parser",
        "type": "QualifiedName"
      },
      "location-before-char-start": 1402,
      "location-before-char-end": 1438,
      "node-str": "org.columba.mail.parser.Rfc822Parser"
    },
    {
      "type": "delete-node",
      "node": {
        "label": "",
        "type": "ImportDeclaration"
      },
      "location-before-char-start": 1395,
      "location-before-char-end": 1439,
      "node-str": ""
    },
    {
      "type": "delete-node",
      "node": {
        "label": "public",
        "type": "Modifier"
      },
      "location-before-char-start": 1618,
      "location-before-char-end": 1624,
      "node-str": "public"
    },
    {
      "type": "delete-node",
      "node": {
        "label": "abstract",
        "type": "Modifier"
      },
      "location-before-char-start": 1625,
      "location-before-char-end": 1633,
      "node-str": "abstract"
    },
    {
      "type": "delete-node",
      "node": {
        "label": "class",
        "type": "TYPE_DECLARATION_KIND"
      },
      "location-before-char-start": 1634,
      "location-before-char-end": 1639,
      "node-str": "class"
    },
    {
      "type": "delete-node",
      "node": {
        "label": "CachedFolder",
        "type": "SimpleName"
      },
      "location-before-char-start": 1640,
      "location-before-char-end": 1652,
      "node-str": "CachedFolder"
    },
    {
      "type": "delete-node",
      "node": {
        "label": "LocalFolder",
        "type": "SimpleName"
      },
      "location-before-char-start": 1661,
      "location-before-char-end": 1672,
      "node-str": "LocalFolder"
    },
    {
      "type": "delete-node",
      "node": {
        "label": "",
        "type": "SimpleType"
      },
      "location-before-char-start": 1661,
      "location-before-char-end": 1672,
      "node-str": ""
    },
    {
      "type": "delete-node",
      "node": {
        "label": "public",
        "type": "Modifier"
      },
      "location-before-char-start": 2059,
      "location-before-char-end": 2065,
      "node-str": "public"
    },
    {
      "type": "delete-node",
      "node": {
        "label": "Object",
        "type": "SimpleName"
      },
      "location-before-char-start": 2066,
      "location-before-char-end": 2072,
      "node-str": "Object"
    },
    {
      "type": "delete-node",
      "node": {
        "label": "",
        "type": "SimpleType"
      },
      "location-before-char-start": 2066,
      "location-before-char-end": 2072,
      "node-str": ""
    },
    {
      "type": "delete-node",
      "node": {
        "label": "addMessage",
        "type": "SimpleName"
      },
      "location-before-char-start": 2073,
      "location-before-char-end": 2083,
      "node-str": "addMessage"
    },
    {
      "type": "delete-node",
      "node": {
        "label": "AbstractMessage",
        "type": "SimpleName"
      },
      "location-before-char-start": 2087,
      "location-before-char-end": 2102,
      "node-str": "AbstractMessage"
    },
    {
      "type": "delete-node",
      "node": {
        "label": "",
        "type": "SimpleType"
      },
      "location-before-char-start": 2087,
      "location-before-char-end": 2102,
      "node-str": ""
    },
    {
      "type": "delete-node",
      "node": {
        "label": "message",
        "type": "SimpleName"
      },
      "location-before-char-start": 2103,
      "location-before-char-end": 2110,
      "node-str": "message"
    },
    {
      "type": "delete-node",
      "node": {
        "label": "",
        "type": "SingleVariableDeclaration"
      },
      "location-before-char-start": 2087,
      "location-before-char-end": 2110,
      "node-str": ""
    },
    {
      "type": "delete-node",
      "node": {
        "label": "WorkerStatusController",
        "type": "SimpleName"
      },
      "location-before-char-start": 2114,
      "location-before-char-end": 2136,
      "node-str": "WorkerStatusController"
    },
    {
      "type": "delete-node",
      "node": {
        "label": "",
        "type": "SimpleType"
      },
      "location-before-char-start": 2114,
      "location-before-char-end": 2136,
      "node-str": ""
    },
    {
      "type": "delete-node",
      "node": {
        "label": "worker",
        "type": "SimpleName"
      },
      "location-before-char-start": 2137,
      "location-before-char-end": 2143,
      "node-str": "worker"
    },
    {
      "type": "delete-node",
      "node": {
        "label": "",
        "type": "SingleVariableDeclaration"
      },
      "location-before-char-start": 2114,
      "location-before-char-end": 2143,
      "node-str": ""
    },
    {
      "type": "delete-node",
      "node": {
        "label": "Exception",
        "type": "SimpleName"
      },
      "location-before-char-start": 2154,
      "location-before-char-end": 2163,
      "node-str": "Exception"
    },
    {
      "type": "delete-node",
      "node": {
        "label": "",
        "type": "SimpleType"
      },
      "location-before-char-start": 2154,
      "location-before-char-end": 2163,
      "node-str": ""
    },
    {
      "type": "delete-node",
      "node": {
        "label": "TableItem",
        "type": "SimpleName"
      },
      "location-before-char-start": 2711,
      "location-before-char-end": 2720,
      "node-str": "TableItem"
    },
    {
      "type": "delete-node",
      "node": {
        "label": "",
        "type": "SimpleType"
      },
      "location-before-char-start": 2711,
      "location-before-char-end": 2720,
      "node-str": ""
    },
    {
      "type": "delete-node",
      "node": {
        "label": "v",
        "type": "SimpleName"
      },
      "location-before-char-start": 2721,
      "location-before-char-end": 2722,
      "node-str": "v"
    },
    {
      "type": "delete-node",
      "node": {
        "label": "MailConfig",
        "type": "SimpleName"
      },
      "location-before-char-start": 2725,
      "location-before-char-end": 2735,
      "node-str": "MailConfig"
    },
    {
      "type": "delete-node",
      "node": {
        "label": "",
        "type": "METHOD_INVOCATION_RECEIVER"
      },
      "location-before-char-start": 2725,
      "location-before-char-end": 2735,
      "node-str": ""
    },
    {
      "type": "delete-node",
      "node": {
        "label": "getMainFrameOptionsConfig",
        "type": "SimpleName"
      },
      "location-before-char-start": 2736,
      "location-before-char-end": 2761,
      "node-str": "getMainFrameOptionsConfig"
    },
    {
      "type": "delete-node",
      "node": {
        "label": "",
        "type": "MethodInvocation"
      },
      "location-before-char-start": 2725,
      "location-before-char-end": 2763,
      "node-str": ""
    },
    {
      "type": "delete-node",
      "node": {
        "label": "",
        "type": "METHOD_INVOCATION_RECEIVER"
      },
      "location-before-char-start": 2725,
      "location-before-char-end": 2763,
      "node-str": ""
    },
    {
      "type": "delete-node",
      "node": {
        "label": "getTableItem",
        "type": "SimpleName"
      },
      "location-before-char-start": 2764,
      "location-before-char-end": 2776,
      "node-str": "getTableItem"
    },
    {
      "type": "delete-node",
      "node": {
        "label": "",
        "type": "MethodInvocation"
      },
      "location-before-char-start": 2725,
      "location-before-char-end": 2778,
      "node-str": ""
    },
    {
      "type": "delete-node",
      "node": {
        "label": "",
        "type": "VariableDeclarationFragment"
      },
      "location-before-char-start": 2721,
      "location-before-char-end": 2778,
      "node-str": ""
    },
    {
      "type": "delete-node",
      "node": {
        "label": "",
        "type": "VariableDeclarationStatement"
      },
      "location-before-char-start": 2711,
      "location-before-char-end": 2779,
      "node-str": ""
    },
    {
      "type": "delete-node",
      "node": {
        "label": "j",
        "type": "SimpleName"
      },
      "location-before-char-start": 2815,
      "location-before-char-end": 2816,
      "node-str": "j"
    },
    {
      "type": "delete-node",
      "node": {
        "label": "\u003c",
        "type": "INFIX_EXPRESSION_OPERATOR"
      },
      "location-before-char-start": 2817,
      "location-before-char-end": 2818,
      "node-str": "\u003c"
    },
    {
      "type": "delete-node",
      "node": {
        "label": "v",
        "type": "SimpleName"
      },
      "location-before-char-start": 2819,
      "location-before-char-end": 2820,
      "node-str": "v"
    },
    {
      "type": "delete-node",
      "node": {
        "label": "",
        "type": "METHOD_INVOCATION_RECEIVER"
      },
      "location-before-char-start": 2819,
      "location-before-char-end": 2820,
      "node-str": ""
    },
    {
      "type": "delete-node",
      "node": {
        "label": "count",
        "type": "SimpleName"
      },
      "location-before-char-start": 2821,
      "location-before-char-end": 2826,
      "node-str": "count"
    },
    {
      "type": "delete-node",
      "node": {
        "label": "",
        "type": "MethodInvocation"
      },
      "location-before-char-start": 2819,
      "location-before-char-end": 2828,
      "node-str": ""
    },
    {
      "type": "delete-node",
      "node": {
        "label": "",
        "type": "InfixExpression"
      },
      "location-before-char-start": 2815,
      "location-before-char-end": 2828,
      "node-str": ""
    },
    {
      "type": "delete-node",
      "node": {
        "label": "j",
        "type": "SimpleName"
      },
      "location-before-char-start": 2830,
      "location-before-char-end": 2831,
      "node-str": "j"
    },
    {
      "type": "delete-node",
      "node": {
        "label": "++",
        "type": "POSTFIX_EXPRESSION_OPERATOR"
      },
      "location-before-char-start": 2831,
      "location-before-char-end": 2833,
      "node-str": "++"
    },
    {
      "type": "delete-node",
      "node": {
        "label": "",
        "type": "PostfixExpression"
      },
      "location-before-char-start": 2830,
      "location-before-char-end": 2833,
      "node-str": ""
    },
    {
      "type": "delete-node",
      "node": {
        "label": "HeaderItem",
        "type": "SimpleName"
      },
      "location-before-char-start": 2840,
      "location-before-char-end": 2850,
      "node-str": "HeaderItem"
    },
    {
      "type": "delete-node",
      "node": {
        "label": "",
        "type": "SimpleType"
      },
      "location-before-char-start": 2840,
      "location-before-char-end": 2850,
      "node-str": ""
    },
    {
      "type": "delete-node",
      "node": {
        "label": "headerItem",
        "type": "SimpleName"
      },
      "location-before-char-start": 2851,
      "location-before-char-end": 2861,
      "node-str": "headerItem"
    },
    {
      "type": "delete-node",
      "node": {
        "label": "v",
        "type": "SimpleName"
      },
      "location-before-char-start": 2864,
      "location-before-char-end": 2865,
      "node-str": "v"
    },
    {
      "type": "delete-node",
      "node": {
        "label": "",
        "type": "METHOD_INVOCATION_RECEIVER"
      },
      "location-before-char-start": 2864,
      "location-before-char-end": 2865,
      "node-str": ""
    },
    {
      "type": "delete-node",
      "node": {
        "label": "getHeaderItem",
        "type": "SimpleName"
      },
      "location-before-char-start": 2866,
      "location-before-char-end": 2879,
      "node-str": "getHeaderItem"
    },
    {
      "type": "delete-node",
      "node": {
        "label": "j",
        "type": "SimpleName"
      },
      "location-before-char-start": 2880,
      "location-before-char-end": 2881,
      "node-str": "j"
    },
    {
      "type": "delete-node",
      "node": {
        "label": "",
        "type": "METHOD_INVOCATION_ARGUMENTS"
      },
      "location-before-char-start": 2880,
      "location-before-char-end": 2881,
      "node-str": ""
    },
    {
      "type": "delete-node",
      "node": {
        "label": "",
        "type": "MethodInvocation"
      },
      "location-before-char-start": 2864,
      "location-before-char-end": 2882,
      "node-str": ""
    },
    {
      "type": "delete-node",
      "node": {
        "label": "",
        "type": "VariableDeclarationFragment"
      },
      "location-before-char-start": 2851,
      "location-before-char-end": 2882,
      "node-str": ""
    },
    {
      "type": "delete-node",
      "node": {
        "label": "",
        "type": "VariableDeclarationStatement"
      },
      "location-before-char-start": 2840,
      "location-before-char-end": 2883,
      "node-str": ""
    },
    {
      "type": "delete-node",
      "node": {
        "label": "column",
        "type": "SimpleName"
      },
      "location-before-char-start": 2887,
      "location-before-char-end": 2893,
      "node-str": "column"
    },
    {
      "type": "delete-node",
      "node": {
        "label": "\u003d",
        "type": "ASSIGNMENT_OPERATOR"
      },
      "location-before-char-start": 2894,
      "location-before-char-end": 2895,
      "node-str": "\u003d"
    },
    {
      "type": "delete-node",
      "node": {
        "label": "String",
        "type": "SimpleName"
      },
      "location-before-char-start": 2897,
      "location-before-char-end": 2903,
      "node-str": "String"
    },
    {
      "type": "delete-node",
      "node": {
        "label": "",
        "type": "SimpleType"
      },
      "location-before-char-start": 2897,
      "location-before-char-end": 2903,
      "node-str": ""
    },
    {
      "type": "delete-node",
      "node": {
        "label": "headerItem",
        "type": "SimpleName"
      },
      "location-before-char-start": 2905,
      "location-before-char-end": 2915,
      "node-str": "headerItem"
    },
    {
      "type": "delete-node",
      "node": {
        "label": "",
        "type": "METHOD_INVOCATION_RECEIVER"
      },
      "location-before-char-start": 2905,
      "location-before-char-end": 2915,
      "node-str": ""
    },
    {
      "type": "delete-node",
      "node": {
        "label": "get",
        "type": "SimpleName"
      },
      "location-before-char-start": 2916,
      "location-before-char-end": 2919,
      "node-str": "get"
    },
    {
      "type": "delete-node",
      "node": {
        "label": "\"name\"",
        "type": "StringLiteral"
      },
      "location-before-char-start": 2920,
      "location-before-char-end": 2926,
      "node-str": "\"name\""
    },
    {
      "type": "delete-node",
      "node": {
        "label": "",
        "type": "METHOD_INVOCATION_ARGUMENTS"
      },
      "location-before-char-start": 2920,
      "location-before-char-end": 2926,
      "node-str": ""
    },
    {
      "type": "delete-node",
      "node": {
        "label": "",
        "type": "MethodInvocation"
      },
      "location-before-char-start": 2905,
      "location-before-char-end": 2927,
      "node-str": ""
    },
    {
      "type": "delete-node",
      "node": {
        "label": "",
        "type": "CastExpression"
      },
      "location-before-char-start": 2896,
      "location-before-char-end": 2927,
      "node-str": ""
    },
    {
      "type": "delete-node",
      "node": {
        "label": "",
        "type": "Assignment"
      },
      "location-before-char-start": 2887,
      "location-before-char-end": 2927,
      "node-str": ""
    },
    {
      "type": "delete-node",
      "node": {
        "label": "",
        "type": "ExpressionStatement"
      },
      "location-before-char-start": 2887,
      "location-before-char-end": 2928,
      "node-str": ""
    },
    {
      "type": "delete-node",
      "node": {
        "label": "",
        "type": "Block"
      },
      "location-before-char-start": 2835,
      "location-before-char-end": 3102,
      "node-str": ""
    },
    {
      "type": "delete-node",
      "node": {
        "label": "",
        "type": "ForStatement"
      },
      "location-before-char-start": 2799,
      "location-before-char-end": 3102,
      "node-str": ""
    },
    {
      "type": "delete-node",
      "node": {
        "label": "newUid",
        "type": "SimpleName"
      },
      "location-before-char-start": 3813,
      "location-before-char-end": 3819,
      "node-str": "newUid"
    },
    {
      "type": "delete-node",
      "node": {
        "label": "",
        "type": "ReturnStatement"
      },
      "location-before-char-start": 3806,
      "location-before-char-end": 3820,
      "node-str": ""
    }
  ],
  "before-file": {},
  "after-file": {},
  "mapping": {}
}