{
  "tool-info": {},
  "diff": [
    {
      "type": "insert-node",
      "node": {
        "label": "EARDeployer",
        "type": "Class"
      },
      "location-after-char-start": 629,
      "location-after-char-end": 7777,
      "node-str": "EARDeployer"
    },
    {
      "type": "move-subtree",
      "node": {
        "label": "public",
        "type": "Modifier"
      },
      "location-before-char-start": 0,
      "location-before-char-end": 0,
      "location-after-char-start": 0,
      "location-after-char-end": 0,
      "node-str": "public"
    },
    {
      "type": "move-subtree",
      "node": {
        "label": "",
        "type": "TypeReference"
      },
      "location-before-char-start": 914,
      "location-before-char-end": 931,
      "location-after-char-start": 914,
      "location-after-char-end": 931,
      "node-str": ""
    },
    {
      "type": "move-subtree",
      "node": {
        "label": "\u003cinit\u003e",
        "type": "Constructor"
      },
      "location-before-char-start": 969,
      "location-before-char-end": 1013,
      "location-after-char-start": 969,
      "location-after-char-end": 1013,
      "node-str": "\u003cinit\u003e"
    },
    {
      "type": "move-subtree",
      "node": {
        "label": "accepts",
        "type": "Method"
      },
      "location-before-char-start": 1022,
      "location-before-char-end": 1177,
      "location-after-char-start": 1022,
      "location-after-char-end": 1177,
      "node-str": "accepts"
    },
    {
      "type": "insert-node",
      "node": {
        "label": "init",
        "type": "Method"
      },
      "location-after-char-start": 1186,
      "location-after-char-end": 6612,
      "node-str": "init"
    },
    {
      "type": "move-subtree",
      "node": {
        "label": "processNestedDeployments",
        "type": "Method"
      },
      "location-before-char-start": 6685,
      "location-before-char-end": 6794,
      "location-after-char-start": 6618,
      "location-after-char-end": 6727,
      "node-str": "processNestedDeployments"
    },
    {
      "type": "move-subtree",
      "node": {
        "label": "isDeployable",
        "type": "Method"
      },
      "location-before-char-start": 6800,
      "location-before-char-end": 6976,
      "location-after-char-start": 6733,
      "location-after-char-end": 6909,
      "node-str": "isDeployable"
    },
    {
      "type": "move-subtree",
      "node": {
        "label": "destroy",
        "type": "Method"
      },
      "location-before-char-start": 6985,
      "location-before-char-end": 7334,
      "location-after-char-start": 6918,
      "location-after-char-end": 7267,
      "node-str": "destroy"
    },
    {
      "type": "move-subtree",
      "node": {
        "label": "initLoaderRepository",
        "type": "Method"
      },
      "location-before-char-start": 7343,
      "location-before-char-end": 7842,
      "location-after-char-start": 7276,
      "location-after-char-end": 7775,
      "node-str": "initLoaderRepository"
    },
    {
      "type": "move-subtree",
      "node": {
        "label": "boolean",
        "type": "RETURN_TYPE"
      },
      "location-before-char-start": 0,
      "location-before-char-end": 0,
      "location-after-char-start": 0,
      "location-after-char-end": 0,
      "node-str": "boolean"
    },
    {
      "type": "move-subtree",
      "node": {
        "label": "org.jboss.deployment.DeploymentException",
        "type": "THROWS"
      },
      "location-before-char-start": 0,
      "location-before-char-end": 0,
      "location-after-char-start": 0,
      "location-after-char-end": 0,
      "node-str": "org.jboss.deployment.DeploymentException"
    },
    {
      "type": "move-subtree",
      "node": {
        "label": "public",
        "type": "Modifier"
      },
      "location-before-char-start": 0,
      "location-before-char-end": 0,
      "location-after-char-start": 0,
      "location-after-char-end": 0,
      "node-str": "public"
    },
    {
      "type": "move-subtree",
      "node": {
        "label": "di",
        "type": "Parameter"
      },
      "location-before-char-start": 1206,
      "location-before-char-end": 1222,
      "location-after-char-start": 1206,
      "location-after-char-end": 1222,
      "node-str": "di"
    },
    {
      "type": "move-subtree",
      "node": {
        "label": "",
        "type": "Try"
      },
      "location-before-char-start": 1359,
      "location-before-char-end": 6653,
      "location-after-char-start": 1269,
      "location-after-char-end": 6563,
      "node-str": ""
    },
    {
      "type": "move-subtree",
      "node": {
        "label": "init",
        "type": "Invocation"
      },
      "location-before-char-start": 1274,
      "location-before-char-end": 1287,
      "location-after-char-start": 6572,
      "location-after-char-end": 6586,
      "node-str": "init"
    },
    {
      "type": "move-subtree",
      "node": {
        "label": "return",
        "type": "Return"
      },
      "location-before-char-start": 6663,
      "location-before-char-end": 6674,
      "location-after-char-start": 6596,
      "location-after-char-end": 6607,
      "node-str": "return"
    },
    {
      "type": "delete-node",
      "node": {
        "label": "NOT",
        "type": "UnaryOperator"
      },
      "location-before-char-start": 1273,
      "location-before-char-end": 1287,
      "node-str": "NOT"
    },
    {
      "type": "delete-node",
      "node": {
        "label": "false",
        "type": "Literal"
      },
      "location-before-char-start": 1315,
      "location-before-char-end": 1319,
      "node-str": "false"
    },
    {
      "type": "delete-node",
      "node": {
        "label": "return",
        "type": "Return"
      },
      "location-before-char-start": 1308,
      "location-before-char-end": 1320,
      "node-str": "return"
    },
    {
      "type": "delete-node",
      "node": {
        "label": "THEN",
        "type": "then"
      },
      "location-before-char-start": 1297,
      "location-before-char-end": 1328,
      "node-str": "THEN"
    },
    {
      "type": "delete-node",
      "node": {
        "label": "if",
        "type": "If"
      },
      "location-before-char-start": 1269,
      "location-before-char-end": 1328,
      "node-str": "if"
    },
    {
      "type": "delete-node",
      "node": {
        "label": "init",
        "type": "Method"
      },
      "location-before-char-start": 1186,
      "location-before-char-end": 6679,
      "node-str": "init"
    },
    {
      "type": "delete-node",
      "node": {
        "label": "EARDeployer",
        "type": "Class"
      },
      "location-before-char-start": 629,
      "location-before-char-end": 7844,
      "node-str": "EARDeployer"
    }
  ],
  "before-file": {},
  "after-file": {},
  "mapping": {}
}