{
  "tool-info": {},
  "diff": [
    {
      "type": "insert-node",
      "node": {
        "label": "SortMessagesMenu",
        "type": "Class"
      },
      "location-after-char-start": 1762,
      "location-after-char-end": 6864,
      "node-str": "SortMessagesMenu"
    },
    {
      "type": "move-subtree",
      "node": {
        "label": "public",
        "type": "Modifier"
      },
      "location-before-char-start": 0,
      "location-before-char-end": 0,
      "location-after-char-start": 0,
      "location-after-char-end": 0,
      "node-str": "public"
    },
    {
      "type": "move-subtree",
      "node": {
        "label": "",
        "type": "TypeReference"
      },
      "location-before-char-start": 1810,
      "location-before-char-end": 1814,
      "location-after-char-start": 1800,
      "location-after-char-end": 1804,
      "node-str": ""
    },
    {
      "type": "move-subtree",
      "node": {
        "label": "columnGroup",
        "type": "Field"
      },
      "location-before-char-start": 1877,
      "location-before-char-end": 1908,
      "location-after-char-start": 1867,
      "location-after-char-end": 1898,
      "node-str": "columnGroup"
    },
    {
      "type": "move-subtree",
      "node": {
        "label": "orderGroup",
        "type": "Field"
      },
      "location-before-char-start": 1912,
      "location-before-char-end": 1942,
      "location-after-char-start": 1902,
      "location-after-char-end": 1932,
      "node-str": "orderGroup"
    },
    {
      "type": "move-subtree",
      "node": {
        "label": "ascendingMenuItem",
        "type": "Field"
      },
      "location-before-char-start": 1946,
      "location-before-char-end": 1992,
      "location-after-char-start": 1936,
      "location-after-char-end": 1982,
      "node-str": "ascendingMenuItem"
    },
    {
      "type": "move-subtree",
      "node": {
        "label": "descendingMenuItem",
        "type": "Field"
      },
      "location-before-char-start": 1996,
      "location-before-char-end": 2043,
      "location-after-char-start": 1986,
      "location-after-char-end": 2033,
      "node-str": "descendingMenuItem"
    },
    {
      "type": "move-subtree",
      "node": {
        "label": "observable",
        "type": "Field"
      },
      "location-before-char-start": 2047,
      "location-before-char-end": 2076,
      "location-after-char-start": 2037,
      "location-after-char-end": 2066,
      "node-str": "observable"
    },
    {
      "type": "move-subtree",
      "node": {
        "label": "selectedFolder",
        "type": "Field"
      },
      "location-before-char-start": 2080,
      "location-before-char-end": 2111,
      "location-after-char-start": 2070,
      "location-after-char-end": 2101,
      "node-str": "selectedFolder"
    },
    {
      "type": "move-subtree",
      "node": {
        "label": "\u003cinit\u003e",
        "type": "Constructor"
      },
      "location-before-char-start": 2115,
      "location-before-char-end": 2643,
      "location-after-char-start": 2105,
      "location-after-char-end": 2633,
      "node-str": "\u003cinit\u003e"
    },
    {
      "type": "move-subtree",
      "node": {
        "label": "createSubMenu",
        "type": "Method"
      },
      "location-before-char-start": 2647,
      "location-before-char-end": 4443,
      "location-after-char-start": 2637,
      "location-after-char-end": 4433,
      "node-str": "createSubMenu"
    },
    {
      "type": "move-subtree",
      "node": {
        "label": "actionPerformed",
        "type": "Method"
      },
      "location-before-char-start": 4447,
      "location-before-char-end": 5087,
      "location-after-char-start": 4437,
      "location-after-char-end": 5077,
      "node-str": "actionPerformed"
    },
    {
      "type": "move-subtree",
      "node": {
        "label": "update",
        "type": "Method"
      },
      "location-before-char-start": 5091,
      "location-before-char-end": 5433,
      "location-after-char-start": 5081,
      "location-after-char-end": 5423,
      "node-str": "update"
    },
    {
      "type": "move-subtree",
      "node": {
        "label": "updateState",
        "type": "Method"
      },
      "location-before-char-start": 5437,
      "location-before-char-end": 5944,
      "location-after-char-start": 5427,
      "location-after-char-end": 5934,
      "node-str": "updateState"
    },
    {
      "type": "insert-node",
      "node": {
        "label": "selectionChanged",
        "type": "Method"
      },
      "location-after-char-start": 5938,
      "location-after-char-end": 6862,
      "node-str": "selectionChanged"
    },
    {
      "type": "move-subtree",
      "node": {
        "label": "void",
        "type": "RETURN_TYPE"
      },
      "location-before-char-start": 0,
      "location-before-char-end": 0,
      "location-after-char-start": 0,
      "location-after-char-end": 0,
      "node-str": "void"
    },
    {
      "type": "move-subtree",
      "node": {
        "label": "public",
        "type": "Modifier"
      },
      "location-before-char-start": 0,
      "location-before-char-end": 0,
      "location-after-char-start": 0,
      "location-after-char-end": 0,
      "node-str": "public"
    },
    {
      "type": "insert-node",
      "node": {
        "label": "e",
        "type": "Parameter"
      },
      "location-after-char-start": 6097,
      "location-after-char-end": 6119,
      "node-str": "e"
    },
    {
      "type": "move-subtree",
      "node": {
        "label": "selection",
        "type": "LocalVariable"
      },
      "location-before-char-start": 6136,
      "location-before-char-end": 6207,
      "location-after-char-start": 6126,
      "location-after-char-end": 6197,
      "node-str": "selection"
    },
    {
      "type": "move-subtree",
      "node": {
        "label": "if",
        "type": "If"
      },
      "location-before-char-start": 6212,
      "location-before-char-end": 6869,
      "location-after-char-start": 6202,
      "location-after-char-end": 6859,
      "node-str": "if"
    },
    {
      "type": "insert-node",
      "node": {
        "label": "org.columba.api.selection.SelectionChangedEvent",
        "type": "VARIABLE_TYPE"
      },
      "location-after-char-start": 0,
      "location-after-char-end": 0,
      "node-str": "org.columba.api.selection.SelectionChangedEvent"
    },
    {
      "type": "delete-node",
      "node": {
        "label": "org.columba.core.gui.selection.SelectionChangedEvent",
        "type": "VARIABLE_TYPE"
      },
      "location-before-char-start": 0,
      "location-before-char-end": 0,
      "node-str": "org.columba.core.gui.selection.SelectionChangedEvent"
    },
    {
      "type": "delete-node",
      "node": {
        "label": "e",
        "type": "Parameter"
      },
      "location-before-char-start": 6107,
      "location-before-char-end": 6129,
      "node-str": "e"
    },
    {
      "type": "delete-node",
      "node": {
        "label": "selectionChanged",
        "type": "Method"
      },
      "location-before-char-start": 5948,
      "location-before-char-end": 6872,
      "node-str": "selectionChanged"
    },
    {
      "type": "delete-node",
      "node": {
        "label": "SortMessagesMenu",
        "type": "Class"
      },
      "location-before-char-start": 1772,
      "location-before-char-end": 6874,
      "node-str": "SortMessagesMenu"
    }
  ],
  "before-file": {},
  "after-file": {},
  "mapping": {}
}