{
  "tool-info": {},
  "diff": [
    {
      "type": "insert-node",
      "node": {
        "label": "EntityTable",
        "type": "Class"
      },
      "location-after-char-start": 1916,
      "location-after-char-end": 48806,
      "node-str": "EntityTable"
    },
    {
      "type": "move-subtree",
      "node": {
        "label": "public",
        "type": "Modifier"
      },
      "location-before-char-start": 0,
      "location-before-char-end": 0,
      "location-after-char-start": 0,
      "location-after-char-end": 0,
      "node-str": "public"
    },
    {
      "type": "move-subtree",
      "node": {
        "label": "UNREFERENCED",
        "type": "Field"
      },
      "location-before-char-start": 2110,
      "location-before-char-end": 2152,
      "location-after-char-start": 2110,
      "location-after-char-end": 2152,
      "node-str": "UNREFERENCED"
    },
    {
      "type": "move-subtree",
      "node": {
        "label": "CLEAN",
        "type": "Field"
      },
      "location-before-char-start": 2157,
      "location-before-char-end": 2192,
      "location-after-char-start": 2157,
      "location-after-char-end": 2192,
      "node-str": "CLEAN"
    },
    {
      "type": "move-subtree",
      "node": {
        "label": "DIRTY",
        "type": "Field"
      },
      "location-before-char-start": 2197,
      "location-before-char-end": 2232,
      "location-after-char-start": 2197,
      "location-after-char-end": 2232,
      "node-str": "DIRTY"
    },
    {
      "type": "move-subtree",
      "node": {
        "label": "CREATED",
        "type": "Field"
      },
      "location-before-char-start": 2237,
      "location-before-char-end": 2274,
      "location-after-char-start": 2237,
      "location-after-char-end": 2274,
      "node-str": "CREATED"
    },
    {
      "type": "move-subtree",
      "node": {
        "label": "DELETED",
        "type": "Field"
      },
      "location-before-char-start": 2279,
      "location-before-char-end": 2316,
      "location-after-char-start": 2279,
      "location-after-char-end": 2316,
      "node-str": "DELETED"
    },
    {
      "type": "insert-node",
      "node": {
        "label": "DIRTY_RELATIONS",
        "type": "Field"
      },
      "location-after-char-start": 2321,
      "location-after-char-end": 2367,
      "node-str": "DIRTY_RELATIONS"
    },
    {
      "type": "move-subtree",
      "node": {
        "label": "entity",
        "type": "Field"
      },
      "location-before-char-start": 2322,
      "location-before-char-end": 2354,
      "location-after-char-start": 2373,
      "location-after-char-end": 2405,
      "node-str": "entity"
    },
    {
      "type": "move-subtree",
      "node": {
        "label": "tableName",
        "type": "Field"
      },
      "location-before-char-start": 2359,
      "location-before-char-end": 2383,
      "location-after-char-start": 2410,
      "location-after-char-end": 2434,
      "node-str": "tableName"
    },
    {
      "type": "move-subtree",
      "node": {
        "label": "fieldsTotal",
        "type": "Field"
      },
      "location-before-char-start": 2388,
      "location-before-char-end": 2411,
      "location-after-char-start": 2439,
      "location-after-char-end": 2462,
      "node-str": "fieldsTotal"
    },
    {
      "type": "move-subtree",
      "node": {
        "label": "relationsTotal",
        "type": "Field"
      },
      "location-before-char-start": 2416,
      "location-before-char-end": 2442,
      "location-after-char-start": 2467,
      "location-after-char-end": 2493,
      "node-str": "relationsTotal"
    },
    {
      "type": "move-subtree",
      "node": {
        "label": "dataSource",
        "type": "Field"
      },
      "location-before-char-start": 2447,
      "location-before-char-end": 2476,
      "location-after-char-start": 2498,
      "location-after-char-end": 2527,
      "node-str": "dataSource"
    },
    {
      "type": "move-subtree",
      "node": {
        "label": "schema",
        "type": "Field"
      },
      "location-before-char-start": 2481,
      "location-before-char-end": 2502,
      "location-after-char-start": 2532,
      "location-after-char-end": 2553,
      "node-str": "schema"
    },
    {
      "type": "move-subtree",
      "node": {
        "label": "tableId",
        "type": "Field"
      },
      "location-before-char-start": 2507,
      "location-before-char-end": 2526,
      "location-after-char-start": 2558,
      "location-after-char-end": 2577,
      "node-str": "tableId"
    },
    {
      "type": "move-subtree",
      "node": {
        "label": "dontFlushCreated",
        "type": "Field"
      },
      "location-before-char-start": 2531,
      "location-before-char-end": 2563,
      "location-after-char-start": 2582,
      "location-after-char-end": 2614,
      "node-str": "dontFlushCreated"
    },
    {
      "type": "move-subtree",
      "node": {
        "label": "deleteSql",
        "type": "Field"
      },
      "location-before-char-start": 2569,
      "location-before-char-end": 2593,
      "location-after-char-start": 2620,
      "location-after-char-end": 2644,
      "node-str": "deleteSql"
    },
    {
      "type": "move-subtree",
      "node": {
        "label": "updateSql",
        "type": "Field"
      },
      "location-before-char-start": 2598,
      "location-before-char-end": 2622,
      "location-after-char-start": 2649,
      "location-after-char-end": 2673,
      "node-str": "updateSql"
    },
    {
      "type": "move-subtree",
      "node": {
        "label": "insertSql",
        "type": "Field"
      },
      "location-before-char-start": 2627,
      "location-before-char-end": 2651,
      "location-after-char-start": 2678,
      "location-after-char-end": 2702,
      "node-str": "insertSql"
    },
    {
      "type": "move-subtree",
      "node": {
        "label": "selectSql",
        "type": "Field"
      },
      "location-before-char-start": 2656,
      "location-before-char-end": 2680,
      "location-after-char-start": 2707,
      "location-after-char-end": 2731,
      "node-str": "selectSql"
    },
    {
      "type": "move-subtree",
      "node": {
        "label": "duplicatePkSql",
        "type": "Field"
      },
      "location-before-char-start": 2685,
      "location-before-char-end": 2714,
      "location-after-char-start": 2736,
      "location-after-char-end": 2765,
      "node-str": "duplicatePkSql"
    },
    {
      "type": "move-subtree",
      "node": {
        "label": "insertStrategy",
        "type": "Field"
      },
      "location-before-char-start": 2720,
      "location-before-char-end": 2763,
      "location-after-char-start": 2771,
      "location-after-char-end": 2814,
      "node-str": "insertStrategy"
    },
    {
      "type": "move-subtree",
      "node": {
        "label": "deleteStrategy",
        "type": "Field"
      },
      "location-before-char-start": 2768,
      "location-before-char-end": 2811,
      "location-after-char-start": 2819,
      "location-after-char-end": 2862,
      "node-str": "deleteStrategy"
    },
    {
      "type": "move-subtree",
      "node": {
        "label": "updateStrategy",
        "type": "Field"
      },
      "location-before-char-start": 2816,
      "location-before-char-end": 2859,
      "location-after-char-start": 2867,
      "location-after-char-end": 2910,
      "node-str": "updateStrategy"
    },
    {
      "type": "move-subtree",
      "node": {
        "label": "log",
        "type": "Field"
      },
      "location-before-char-start": 2865,
      "location-before-char-end": 2883,
      "location-after-char-start": 2916,
      "location-after-char-end": 2934,
      "node-str": "log"
    },
    {
      "type": "move-subtree",
      "node": {
        "label": "cache",
        "type": "Field"
      },
      "location-before-char-start": 2889,
      "location-before-char-end": 2908,
      "location-after-char-start": 2940,
      "location-after-char-end": 2959,
      "node-str": "cache"
    },
    {
      "type": "move-subtree",
      "node": {
        "label": "serviceController",
        "type": "Field"
      },
      "location-before-char-start": 2913,
      "location-before-char-end": 2961,
      "location-after-char-start": 2964,
      "location-after-char-end": 3012,
      "node-str": "serviceController"
    },
    {
      "type": "move-subtree",
      "node": {
        "label": "cacheName",
        "type": "Field"
      },
      "location-before-char-start": 2966,
      "location-before-char-end": 2994,
      "location-after-char-start": 3017,
      "location-after-char-end": 3045,
      "node-str": "cacheName"
    },
    {
      "type": "move-subtree",
      "node": {
        "label": "references",
        "type": "Field"
      },
      "location-before-char-start": 3000,
      "location-before-char-end": 3024,
      "location-after-char-start": 3051,
      "location-after-char-end": 3075,
      "node-str": "references"
    },
    {
      "type": "move-subtree",
      "node": {
        "label": "referencedBy",
        "type": "Field"
      },
      "location-before-char-start": 3029,
      "location-before-char-end": 3055,
      "location-after-char-start": 3080,
      "location-after-char-end": 3106,
      "node-str": "referencedBy"
    },
    {
      "type": "move-subtree",
      "node": {
        "label": "fkConstraints",
        "type": "Field"
      },
      "location-before-char-start": 3061,
      "location-before-char-end": 3105,
      "location-after-char-start": 3112,
      "location-after-char-end": 3156,
      "node-str": "fkConstraints"
    },
    {
      "type": "move-subtree",
      "node": {
        "label": "cacheInvalidator",
        "type": "Field"
      },
      "location-before-char-start": 3111,
      "location-before-char-end": 3152,
      "location-after-char-start": 3162,
      "location-after-char-end": 3203,
      "node-str": "cacheInvalidator"
    },
    {
      "type": "move-subtree",
      "node": {
        "label": "\u003cinit\u003e",
        "type": "Constructor"
      },
      "location-before-char-start": 3158,
      "location-before-char-end": 7330,
      "location-after-char-start": 3209,
      "location-after-char-end": 7381,
      "node-str": "\u003cinit\u003e"
    },
    {
      "type": "move-subtree",
      "node": {
        "label": "start",
        "type": "Method"
      },
      "location-before-char-start": 7336,
      "location-before-char-end": 11596,
      "location-after-char-start": 7387,
      "location-after-char-end": 11647,
      "node-str": "start"
    },
    {
      "type": "move-subtree",
      "node": {
        "label": "stop",
        "type": "Method"
      },
      "location-before-char-start": 11602,
      "location-before-char-end": 11951,
      "location-after-char-start": 11653,
      "location-after-char-end": 12002,
      "node-str": "stop"
    },
    {
      "type": "move-subtree",
      "node": {
        "label": "appendColumnNames",
        "type": "Method"
      },
      "location-before-char-start": 11957,
      "location-before-char-end": 12358,
      "location-after-char-start": 12008,
      "location-after-char-end": 12409,
      "node-str": "appendColumnNames"
    },
    {
      "type": "move-subtree",
      "node": {
        "label": "addField",
        "type": "Method"
      },
      "location-before-char-start": 12364,
      "location-before-char-end": 12416,
      "location-after-char-start": 12415,
      "location-after-char-end": 12467,
      "node-str": "addField"
    },
    {
      "type": "move-subtree",
      "node": {
        "label": "addVersionField",
        "type": "Method"
      },
      "location-before-char-start": 12422,
      "location-before-char-end": 12487,
      "location-after-char-start": 12473,
      "location-after-char-end": 12538,
      "node-str": "addVersionField"
    },
    {
      "type": "move-subtree",
      "node": {
        "label": "addFkConstraint",
        "type": "Method"
      },
      "location-before-char-start": 12493,
      "location-before-char-end": 13178,
      "location-after-char-start": 12544,
      "location-after-char-end": 13229,
      "node-str": "addFkConstraint"
    },
    {
      "type": "move-subtree",
      "node": {
        "label": "getDataSource",
        "type": "Method"
      },
      "location-before-char-start": 13184,
      "location-before-char-end": 13251,
      "location-after-char-start": 13235,
      "location-after-char-end": 13302,
      "node-str": "getDataSource"
    },
    {
      "type": "move-subtree",
      "node": {
        "label": "loadRow",
        "type": "Method"
      },
      "location-before-char-start": 13257,
      "location-before-char-end": 13367,
      "location-after-char-start": 13308,
      "location-after-char-end": 13418,
      "node-str": "loadRow"
    },
    {
      "type": "move-subtree",
      "node": {
        "label": "loadRow",
        "type": "Method"
      },
      "location-before-char-start": 13373,
      "location-before-char-end": 13660,
      "location-after-char-start": 13424,
      "location-after-char-end": 13711,
      "node-str": "loadRow"
    },
    {
      "type": "move-subtree",
      "node": {
        "label": "getRow",
        "type": "Method"
      },
      "location-before-char-start": 13666,
      "location-before-char-end": 13738,
      "location-after-char-start": 13717,
      "location-after-char-end": 13789,
      "node-str": "getRow"
    },
    {
      "type": "move-subtree",
      "node": {
        "label": "hasRow",
        "type": "Method"
      },
      "location-before-char-start": 13744,
      "location-before-char-end": 13820,
      "location-after-char-start": 13795,
      "location-after-char-end": 13871,
      "node-str": "hasRow"
    },
    {
      "type": "move-subtree",
      "node": {
        "label": "loadRow",
        "type": "Method"
      },
      "location-before-char-start": 13826,
      "location-before-char-end": 15295,
      "location-after-char-start": 13877,
      "location-after-char-end": 15346,
      "node-str": "loadRow"
    },
    {
      "type": "move-subtree",
      "node": {
        "label": "getTableId",
        "type": "Method"
      },
      "location-before-char-start": 15301,
      "location-before-char-end": 15383,
      "location-after-char-start": 15352,
      "location-after-char-end": 15434,
      "node-str": "getTableId"
    },
    {
      "type": "move-subtree",
      "node": {
        "label": "getTableName",
        "type": "Method"
      },
      "location-before-char-start": 15389,
      "location-before-char-end": 15450,
      "location-after-char-start": 15440,
      "location-after-char-end": 15501,
      "node-str": "getTableName"
    },
    {
      "type": "move-subtree",
      "node": {
        "label": "createView",
        "type": "Method"
      },
      "location-before-char-start": 15456,
      "location-before-char-end": 15536,
      "location-after-char-start": 15507,
      "location-after-char-end": 15587,
      "node-str": "createView"
    },
    {
      "type": "move-subtree",
      "node": {
        "label": "addReference",
        "type": "Method"
      },
      "location-before-char-start": 15542,
      "location-before-char-end": 16436,
      "location-after-char-start": 15593,
      "location-after-char-end": 16487,
      "node-str": "addReference"
    },
    {
      "type": "move-subtree",
      "node": {
        "label": "addReferencedBy",
        "type": "Method"
      },
      "location-before-char-start": 16442,
      "location-before-char-end": 17347,
      "location-after-char-start": 16493,
      "location-after-char-end": 17398,
      "node-str": "addReferencedBy"
    },
    {
      "type": "move-subtree",
      "node": {
        "label": "delete",
        "type": "Method"
      },
      "location-before-char-start": 17353,
      "location-before-char-end": 18880,
      "location-after-char-start": 17404,
      "location-after-char-end": 18931,
      "node-str": "delete"
    },
    {
      "type": "move-subtree",
      "node": {
        "label": "update",
        "type": "Method"
      },
      "location-before-char-start": 18886,
      "location-before-char-end": 21231,
      "location-after-char-start": 18937,
      "location-after-char-end": 21282,
      "node-str": "update"
    },
    {
      "type": "move-subtree",
      "node": {
        "label": "insert",
        "type": "Method"
      },
      "location-before-char-start": 21237,
      "location-before-char-end": 22625,
      "location-after-char-start": 21288,
      "location-after-char-end": 22676,
      "node-str": "insert"
    },
    {
      "type": "move-subtree",
      "node": {
        "label": "getView",
        "type": "Method"
      },
      "location-before-char-start": 22631,
      "location-before-char-end": 22728,
      "location-after-char-start": 22682,
      "location-after-char-end": 22779,
      "node-str": "getView"
    },
    {
      "type": "insert-node",
      "node": {
        "label": "View",
        "type": "Class"
      },
      "location-after-char-start": 22785,
      "location-after-char-end": 37485,
      "node-str": "View"
    },
    {
      "type": "insert-node",
      "node": {
        "label": "Row",
        "type": "Class"
      },
      "location-after-char-start": 37491,
      "location-after-char-end": 46184,
      "node-str": "Row"
    },
    {
      "type": "move-subtree",
      "node": {
        "label": "CommitStrategy",
        "type": "Interface"
      },
      "location-before-char-start": 45169,
      "location-before-char-end": 45352,
      "location-after-char-start": 46190,
      "location-after-char-end": 46373,
      "node-str": "CommitStrategy"
    },
    {
      "type": "move-subtree",
      "node": {
        "label": "BATCH_UPDATE",
        "type": "Field"
      },
      "location-before-char-start": 45358,
      "location-before-char-end": 46290,
      "location-after-char-start": 46379,
      "location-after-char-end": 47311,
      "node-str": "BATCH_UPDATE"
    },
    {
      "type": "move-subtree",
      "node": {
        "label": "NON_BATCH_UPDATE",
        "type": "Field"
      },
      "location-before-char-start": 46296,
      "location-before-char-end": 46707,
      "location-after-char-start": 47317,
      "location-after-char-end": 47728,
      "node-str": "NON_BATCH_UPDATE"
    },
    {
      "type": "move-subtree",
      "node": {
        "label": "ForeignKeyConstraint",
        "type": "Class"
      },
      "location-before-char-start": 46713,
      "location-before-char-end": 47783,
      "location-after-char-start": 47734,
      "location-after-char-end": 48804,
      "node-str": "ForeignKeyConstraint"
    },
    {
      "type": "insert-node",
      "node": {
        "label": "byte",
        "type": "VARIABLE_TYPE"
      },
      "location-after-char-start": 0,
      "location-after-char-end": 0,
      "node-str": "byte"
    },
    {
      "type": "insert-node",
      "node": {
        "label": "final",
        "type": "Modifier"
      },
      "location-after-char-start": 0,
      "location-after-char-end": 0,
      "node-str": "final"
    },
    {
      "type": "insert-node",
      "node": {
        "label": "static",
        "type": "Modifier"
      },
      "location-after-char-start": 0,
      "location-after-char-end": 0,
      "node-str": "static"
    },
    {
      "type": "insert-node",
      "node": {
        "label": "16",
        "type": "Literal"
      },
      "location-after-char-start": 2365,
      "location-after-char-end": 2366,
      "node-str": "16"
    },
    {
      "type": "move-subtree",
      "node": {
        "label": "public",
        "type": "Modifier"
      },
      "location-before-char-start": 0,
      "location-before-char-end": 0,
      "location-after-char-start": 0,
      "location-after-char-end": 0,
      "node-str": "public"
    },
    {
      "type": "move-subtree",
      "node": {
        "label": "tx",
        "type": "Field"
      },
      "location-before-char-start": 22785,
      "location-before-char-end": 22813,
      "location-after-char-start": 22836,
      "location-after-char-end": 22864,
      "node-str": "tx"
    },
    {
      "type": "move-subtree",
      "node": {
        "label": "rowByPk",
        "type": "Field"
      },
      "location-before-char-start": 22822,
      "location-before-char-end": 22857,
      "location-after-char-start": 22873,
      "location-after-char-end": 22908,
      "node-str": "rowByPk"
    },
    {
      "type": "move-subtree",
      "node": {
        "label": "created",
        "type": "Field"
      },
      "location-before-char-start": 22865,
      "location-before-char-end": 22884,
      "location-after-char-start": 22916,
      "location-after-char-end": 22935,
      "node-str": "created"
    },
    {
      "type": "move-subtree",
      "node": {
        "label": "deleted",
        "type": "Field"
      },
      "location-before-char-start": 22892,
      "location-before-char-end": 22911,
      "location-after-char-start": 22943,
      "location-after-char-end": 22962,
      "node-str": "deleted"
    },
    {
      "type": "move-subtree",
      "node": {
        "label": "dirty",
        "type": "Field"
      },
      "location-before-char-start": 22919,
      "location-before-char-end": 22936,
      "location-after-char-start": 22970,
      "location-after-char-end": 22987,
      "node-str": "dirty"
    },
    {
      "type": "insert-node",
      "node": {
        "label": "dirtyRelations",
        "type": "Field"
      },
      "location-after-char-start": 22995,
      "location-after-char-end": 23021,
      "node-str": "dirtyRelations"
    },
    {
      "type": "move-subtree",
      "node": {
        "label": "clean",
        "type": "Field"
      },
      "location-before-char-start": 22944,
      "location-before-char-end": 22961,
      "location-after-char-start": 23029,
      "location-after-char-end": 23046,
      "node-str": "clean"
    },
    {
      "type": "move-subtree",
      "node": {
        "label": "cacheUpdates",
        "type": "Field"
      },
      "location-before-char-start": 22970,
      "location-before-char-end": 22994,
      "location-after-char-start": 23055,
      "location-after-char-end": 23079,
      "node-str": "cacheUpdates"
    },
    {
      "type": "move-subtree",
      "node": {
        "label": "rowsWithNullFks",
        "type": "Field"
      },
      "location-before-char-start": 23003,
      "location-before-char-end": 23031,
      "location-after-char-start": 23088,
      "location-after-char-end": 23116,
      "node-str": "rowsWithNullFks"
    },
    {
      "type": "move-subtree",
      "node": {
        "label": "inFlush",
        "type": "Field"
      },
      "location-before-char-start": 23040,
      "location-before-char-end": 23063,
      "location-after-char-start": 23125,
      "location-after-char-end": 23148,
      "node-str": "inFlush"
    },
    {
      "type": "move-subtree",
      "node": {
        "label": "\u003cinit\u003e",
        "type": "Constructor"
      },
      "location-before-char-start": 23072,
      "location-before-char-end": 23137,
      "location-after-char-start": 23157,
      "location-after-char-end": 23222,
      "node-str": "\u003cinit\u003e"
    },
    {
      "type": "move-subtree",
      "node": {
        "label": "getRow",
        "type": "Method"
      },
      "location-before-char-start": 23146,
      "location-before-char-end": 23481,
      "location-after-char-start": 23231,
      "location-after-char-end": 23566,
      "node-str": "getRow"
    },
    {
      "type": "move-subtree",
      "node": {
        "label": "getRowByPk",
        "type": "Method"
      },
      "location-before-char-start": 23490,
      "location-before-char-end": 25128,
      "location-after-char-start": 23575,
      "location-after-char-end": 25213,
      "node-str": "getRowByPk"
    },
    {
      "type": "move-subtree",
      "node": {
        "label": "addClean",
        "type": "Method"
      },
      "location-before-char-start": 25137,
      "location-before-char-end": 25564,
      "location-after-char-start": 25222,
      "location-after-char-end": 25649,
      "node-str": "addClean"
    },
    {
      "type": "move-subtree",
      "node": {
        "label": "addCreated",
        "type": "Method"
      },
      "location-before-char-start": 25573,
      "location-before-char-end": 26243,
      "location-after-char-start": 25658,
      "location-after-char-end": 26328,
      "node-str": "addCreated"
    },
    {
      "type": "move-subtree",
      "node": {
        "label": "loadRow",
        "type": "Method"
      },
      "location-before-char-start": 26252,
      "location-before-char-end": 27626,
      "location-after-char-start": 26337,
      "location-after-char-end": 27711,
      "node-str": "loadRow"
    },
    {
      "type": "move-subtree",
      "node": {
        "label": "loadPk",
        "type": "Method"
      },
      "location-before-char-start": 27635,
      "location-before-char-end": 28202,
      "location-after-char-start": 27720,
      "location-after-char-end": 28287,
      "node-str": "loadPk"
    },
    {
      "type": "move-subtree",
      "node": {
        "label": "hasRow",
        "type": "Method"
      },
      "location-before-char-start": 28211,
      "location-before-char-end": 28568,
      "location-after-char-start": 28296,
      "location-after-char-end": 28653,
      "node-str": "hasRow"
    },
    {
      "type": "move-subtree",
      "node": {
        "label": "addRowWithNullFk",
        "type": "Method"
      },
      "location-before-char-start": 28577,
      "location-before-char-end": 28770,
      "location-after-char-start": 28662,
      "location-after-char-end": 28855,
      "node-str": "addRowWithNullFk"
    },
    {
      "type": "move-subtree",
      "node": {
        "label": "createCleanRow",
        "type": "Method"
      },
      "location-before-char-start": 28779,
      "location-before-char-end": 28932,
      "location-after-char-start": 28864,
      "location-after-char-end": 29017,
      "node-str": "createCleanRow"
    },
    {
      "type": "move-subtree",
      "node": {
        "label": "createCleanRow",
        "type": "Method"
      },
      "location-before-char-start": 28941,
      "location-before-char-end": 29150,
      "location-after-char-start": 29026,
      "location-after-char-end": 29235,
      "node-str": "createCleanRow"
    },
    {
      "type": "move-subtree",
      "node": {
        "label": "flushDeleted",
        "type": "Method"
      },
      "location-before-char-start": 29159,
      "location-before-char-end": 30328,
      "location-after-char-start": 29244,
      "location-after-char-end": 30413,
      "node-str": "flushDeleted"
    },
    {
      "type": "move-subtree",
      "node": {
        "label": "flushCreated",
        "type": "Method"
      },
      "location-before-char-start": 30337,
      "location-before-char-end": 31481,
      "location-after-char-start": 30422,
      "location-after-char-end": 31566,
      "node-str": "flushCreated"
    },
    {
      "type": "insert-node",
      "node": {
        "label": "flushUpdated",
        "type": "Method"
      },
      "location-after-char-start": 31575,
      "location-after-char-end": 32045,
      "node-str": "flushUpdated"
    },
    {
      "type": "move-subtree",
      "node": {
        "label": "beforeCompletion",
        "type": "Method"
      },
      "location-before-char-start": 31765,
      "location-before-char-end": 32567,
      "location-after-char-start": 32054,
      "location-after-char-end": 32856,
      "node-str": "beforeCompletion"
    },
    {
      "type": "move-subtree",
      "node": {
        "label": "committed",
        "type": "Method"
      },
      "location-before-char-start": 32576,
      "location-before-char-end": 33986,
      "location-after-char-start": 32865,
      "location-after-char-end": 34275,
      "node-str": "committed"
    },
    {
      "type": "move-subtree",
      "node": {
        "label": "rolledback",
        "type": "Method"
      },
      "location-before-char-start": 33995,
      "location-before-char-end": 34894,
      "location-after-char-start": 34284,
      "location-after-char-end": 35183,
      "node-str": "rolledback"
    },
    {
      "type": "move-subtree",
      "node": {
        "label": "nullifyForeignKeys",
        "type": "Method"
      },
      "location-before-char-start": 34903,
      "location-before-char-end": 37191,
      "location-after-char-start": 35192,
      "location-after-char-end": 37480,
      "node-str": "nullifyForeignKeys"
    },
    {
      "type": "move-subtree",
      "node": {
        "label": "public",
        "type": "Modifier"
      },
      "location-before-char-start": 0,
      "location-before-char-end": 0,
      "location-after-char-start": 0,
      "location-after-char-end": 0,
      "node-str": "public"
    },
    {
      "type": "move-subtree",
      "node": {
        "label": "view",
        "type": "Field"
      },
      "location-before-char-start": 37230,
      "location-before-char-end": 37259,
      "location-after-char-start": 37519,
      "location-after-char-end": 37548,
      "node-str": "view"
    },
    {
      "type": "move-subtree",
      "node": {
        "label": "pk",
        "type": "Field"
      },
      "location-before-char-start": 37267,
      "location-before-char-end": 37284,
      "location-after-char-start": 37556,
      "location-after-char-end": 37573,
      "node-str": "pk"
    },
    {
      "type": "move-subtree",
      "node": {
        "label": "fields",
        "type": "Field"
      },
      "location-before-char-start": 37292,
      "location-before-char-end": 37321,
      "location-after-char-start": 37581,
      "location-after-char-end": 37610,
      "node-str": "fields"
    },
    {
      "type": "move-subtree",
      "node": {
        "label": "relations",
        "type": "Field"
      },
      "location-before-char-start": 37329,
      "location-before-char-end": 37361,
      "location-after-char-start": 37618,
      "location-after-char-end": 37650,
      "node-str": "relations"
    },
    {
      "type": "move-subtree",
      "node": {
        "label": "state",
        "type": "Field"
      },
      "location-before-char-start": 37370,
      "location-before-char-end": 37388,
      "location-after-char-start": 37659,
      "location-after-char-end": 37677,
      "node-str": "state"
    },
    {
      "type": "move-subtree",
      "node": {
        "label": "prev",
        "type": "Field"
      },
      "location-before-char-start": 37397,
      "location-before-char-end": 37413,
      "location-after-char-start": 37686,
      "location-after-char-end": 37702,
      "node-str": "prev"
    },
    {
      "type": "move-subtree",
      "node": {
        "label": "next",
        "type": "Field"
      },
      "location-before-char-start": 37421,
      "location-before-char-end": 37437,
      "location-after-char-start": 37710,
      "location-after-char-end": 37726,
      "node-str": "next"
    },
    {
      "type": "move-subtree",
      "node": {
        "label": "cacheUpdateScheduled",
        "type": "Field"
      },
      "location-before-char-start": 37446,
      "location-before-char-end": 37482,
      "location-after-char-start": 37735,
      "location-after-char-end": 37771,
      "node-str": "cacheUpdateScheduled"
    },
    {
      "type": "move-subtree",
      "node": {
        "label": "nextCacheUpdate",
        "type": "Field"
      },
      "location-before-char-start": 37490,
      "location-before-char-end": 37517,
      "location-after-char-start": 37779,
      "location-after-char-end": 37806,
      "node-str": "nextCacheUpdate"
    },
    {
      "type": "move-subtree",
      "node": {
        "label": "fkUpdates",
        "type": "Field"
      },
      "location-before-char-start": 37525,
      "location-before-char-end": 37607,
      "location-after-char-start": 37814,
      "location-after-char-end": 37896,
      "node-str": "fkUpdates"
    },
    {
      "type": "move-subtree",
      "node": {
        "label": "\u003cinit\u003e",
        "type": "Constructor"
      },
      "location-before-char-start": 37616,
      "location-before-char-end": 37845,
      "location-after-char-start": 37905,
      "location-after-char-end": 38134,
      "node-str": "\u003cinit\u003e"
    },
    {
      "type": "move-subtree",
      "node": {
        "label": "\u003cinit\u003e",
        "type": "Constructor"
      },
      "location-before-char-start": 37854,
      "location-before-char-end": 38065,
      "location-after-char-start": 38143,
      "location-after-char-end": 38354,
      "node-str": "\u003cinit\u003e"
    },
    {
      "type": "move-subtree",
      "node": {
        "label": "getPk",
        "type": "Method"
      },
      "location-before-char-start": 38074,
      "location-before-char-end": 38130,
      "location-after-char-start": 38363,
      "location-after-char-end": 38419,
      "node-str": "getPk"
    },
    {
      "type": "move-subtree",
      "node": {
        "label": "loadCachedRelations",
        "type": "Method"
      },
      "location-before-char-start": 38139,
      "location-before-char-end": 38388,
      "location-after-char-start": 38428,
      "location-after-char-end": 38677,
      "node-str": "loadCachedRelations"
    },
    {
      "type": "move-subtree",
      "node": {
        "label": "cacheRelations",
        "type": "Method"
      },
      "location-before-char-start": 38397,
      "location-before-char-end": 38560,
      "location-after-char-start": 38686,
      "location-after-char-end": 38849,
      "node-str": "cacheRelations"
    },
    {
      "type": "move-subtree",
      "node": {
        "label": "insert",
        "type": "Method"
      },
      "location-before-char-start": 38569,
      "location-before-char-end": 38697,
      "location-after-char-start": 38858,
      "location-after-char-end": 38986,
      "node-str": "insert"
    },
    {
      "type": "move-subtree",
      "node": {
        "label": "getFieldValue",
        "type": "Method"
      },
      "location-before-char-start": 38706,
      "location-before-char-end": 38919,
      "location-after-char-start": 38995,
      "location-after-char-end": 39208,
      "node-str": "getFieldValue"
    },
    {
      "type": "move-subtree",
      "node": {
        "label": "setFieldValue",
        "type": "Method"
      },
      "location-before-char-start": 38928,
      "location-before-char-end": 39017,
      "location-after-char-start": 39217,
      "location-after-char-end": 39306,
      "node-str": "setFieldValue"
    },
    {
      "type": "insert-node",
      "node": {
        "label": "isDirty",
        "type": "Method"
      },
      "location-after-char-start": 39315,
      "location-after-char-end": 39414,
      "node-str": "isDirty"
    },
    {
      "type": "insert-node",
      "node": {
        "label": "setDirty",
        "type": "Method"
      },
      "location-after-char-start": 39423,
      "location-after-char-end": 39570,
      "node-str": "setDirty"
    },
    {
      "type": "insert-node",
      "node": {
        "label": "setDirtyRelations",
        "type": "Method"
      },
      "location-after-char-start": 39579,
      "location-after-char-end": 39717,
      "node-str": "setDirtyRelations"
    },
    {
      "type": "insert-node",
      "node": {
        "label": "delete",
        "type": "Method"
      },
      "location-after-char-start": 39726,
      "location-after-char-end": 40183,
      "node-str": "delete"
    },
    {
      "type": "move-subtree",
      "node": {
        "label": "nullForeignKey",
        "type": "Method"
      },
      "location-before-char-start": 39672,
      "location-before-char-end": 39964,
      "location-after-char-start": 40192,
      "location-after-char-end": 40484,
      "node-str": "nullForeignKey"
    },
    {
      "type": "move-subtree",
      "node": {
        "label": "nonNullForeignKey",
        "type": "Method"
      },
      "location-before-char-start": 39973,
      "location-before-char-end": 40151,
      "location-after-char-start": 40493,
      "location-after-char-end": 40671,
      "node-str": "nonNullForeignKey"
    },
    {
      "type": "insert-node",
      "node": {
        "label": "flushStatus",
        "type": "Method"
      },
      "location-after-char-start": 40680,
      "location-after-char-end": 41037,
      "node-str": "flushStatus"
    },
    {
      "type": "move-subtree",
      "node": {
        "label": "scheduleCacheUpdate",
        "type": "Method"
      },
      "location-before-char-start": 40429,
      "location-before-char-end": 40825,
      "location-after-char-start": 41046,
      "location-after-char-end": 41442,
      "node-str": "scheduleCacheUpdate"
    },
    {
      "type": "insert-node",
      "node": {
        "label": "updateState",
        "type": "Method"
      },
      "location-after-char-start": 41451,
      "location-after-char-end": 42844,
      "node-str": "updateState"
    },
    {
      "type": "insert-node",
      "node": {
        "label": "dereference",
        "type": "Method"
      },
      "location-after-char-start": 42853,
      "location-after-char-end": 43672,
      "node-str": "dereference"
    },
    {
      "type": "move-subtree",
      "node": {
        "label": "flush",
        "type": "Method"
      },
      "location-before-char-start": 42660,
      "location-before-char-end": 45158,
      "location-after-char-start": 43681,
      "location-after-char-end": 46179,
      "node-str": "flush"
    },
    {
      "type": "insert-node",
      "node": {
        "label": "org.jboss.ejb.plugins.cmp.jdbc2.schema.EntityTable$Row",
        "type": "VARIABLE_TYPE"
      },
      "location-after-char-start": 0,
      "location-after-char-end": 0,
      "node-str": "org.jboss.ejb.plugins.cmp.jdbc2.schema.EntityTable$Row"
    },
    {
      "type": "move-subtree",
      "node": {
        "label": "void",
        "type": "RETURN_TYPE"
      },
      "location-before-char-start": 0,
      "location-before-char-end": 0,
      "location-after-char-start": 0,
      "location-after-char-end": 0,
      "node-str": "void"
    },
    {
      "type": "move-subtree",
      "node": {
        "label": "java.sql.SQLException",
        "type": "THROWS"
      },
      "location-before-char-start": 0,
      "location-before-char-end": 0,
      "location-after-char-start": 0,
      "location-after-char-end": 0,
      "node-str": "java.sql.SQLException"
    },
    {
      "type": "move-subtree",
      "node": {
        "label": "public",
        "type": "Modifier"
      },
      "location-before-char-start": 0,
      "location-before-char-end": 0,
      "location-after-char-start": 0,
      "location-after-char-end": 0,
      "node-str": "public"
    },
    {
      "type": "insert-node",
      "node": {
        "label": "if",
        "type": "If"
      },
      "location-after-char-start": 31639,
      "location-after-char-end": 31831,
      "node-str": "if"
    },
    {
      "type": "move-subtree",
      "node": {
        "label": "if",
        "type": "If"
      },
      "location-before-char-start": 31554,
      "location-before-char-end": 31724,
      "location-after-char-start": 31843,
      "location-after-char-end": 32013,
      "node-str": "if"
    },
    {
      "type": "move-subtree",
      "node": {
        "label": "update",
        "type": "Invocation"
      },
      "location-before-char-start": 31736,
      "location-before-char-end": 31748,
      "location-after-char-start": 32025,
      "location-after-char-end": 32037,
      "node-str": "update"
    },
    {
      "type": "move-subtree",
      "node": {
        "label": "boolean",
        "type": "RETURN_TYPE"
      },
      "location-before-char-start": 0,
      "location-before-char-end": 0,
      "location-after-char-start": 0,
      "location-after-char-end": 0,
      "node-str": "boolean"
    },
    {
      "type": "move-subtree",
      "node": {
        "label": "public",
        "type": "Modifier"
      },
      "location-before-char-start": 0,
      "location-before-char-end": 0,
      "location-after-char-start": 0,
      "location-after-char-end": 0,
      "node-str": "public"
    },
    {
      "type": "insert-node",
      "node": {
        "label": "return",
        "type": "Return"
      },
      "location-after-char-start": 39357,
      "location-after-char-end": 39406,
      "node-str": "return"
    },
    {
      "type": "move-subtree",
      "node": {
        "label": "void",
        "type": "RETURN_TYPE"
      },
      "location-before-char-start": 0,
      "location-before-char-end": 0,
      "location-after-char-start": 0,
      "location-after-char-end": 0,
      "node-str": "void"
    },
    {
      "type": "move-subtree",
      "node": {
        "label": "public",
        "type": "Modifier"
      },
      "location-before-char-start": 0,
      "location-before-char-end": 0,
      "location-after-char-start": 0,
      "location-after-char-end": 0,
      "node-str": "public"
    },
    {
      "type": "insert-node",
      "node": {
        "label": "if",
        "type": "If"
      },
      "location-after-char-start": 39463,
      "location-after-char-end": 39562,
      "node-str": "if"
    },
    {
      "type": "insert-node",
      "node": {
        "label": "void",
        "type": "RETURN_TYPE"
      },
      "location-after-char-start": 0,
      "location-after-char-end": 0,
      "node-str": "void"
    },
    {
      "type": "insert-node",
      "node": {
        "label": "public",
        "type": "Modifier"
      },
      "location-after-char-start": 0,
      "location-after-char-end": 0,
      "node-str": "public"
    },
    {
      "type": "insert-node",
      "node": {
        "label": "if",
        "type": "If"
      },
      "location-after-char-start": 39628,
      "location-after-char-end": 39709,
      "node-str": "if"
    },
    {
      "type": "move-subtree",
      "node": {
        "label": "void",
        "type": "RETURN_TYPE"
      },
      "location-before-char-start": 0,
      "location-before-char-end": 0,
      "location-after-char-start": 0,
      "location-after-char-end": 0,
      "node-str": "void"
    },
    {
      "type": "move-subtree",
      "node": {
        "label": "public",
        "type": "Modifier"
      },
      "location-before-char-start": 0,
      "location-before-char-end": 0,
      "location-after-char-start": 0,
      "location-after-char-end": 0,
      "node-str": "public"
    },
    {
      "type": "insert-node",
      "node": {
        "label": "if",
        "type": "If"
      },
      "location-after-char-start": 39764,
      "location-after-char-end": 40175,
      "node-str": "if"
    },
    {
      "type": "move-subtree",
      "node": {
        "label": "void",
        "type": "RETURN_TYPE"
      },
      "location-before-char-start": 0,
      "location-before-char-end": 0,
      "location-after-char-start": 0,
      "location-after-char-end": 0,
      "node-str": "void"
    },
    {
      "type": "insert-node",
      "node": {
        "label": "if",
        "type": "If"
      },
      "location-after-char-start": 40724,
      "location-after-char-end": 40996,
      "node-str": "if"
    },
    {
      "type": "move-subtree",
      "node": {
        "label": "scheduleCacheUpdate",
        "type": "Invocation"
      },
      "location-before-char-start": 40391,
      "location-before-char-end": 40412,
      "location-after-char-start": 41008,
      "location-after-char-end": 41029,
      "node-str": "scheduleCacheUpdate"
    },
    {
      "type": "move-subtree",
      "node": {
        "label": "void",
        "type": "RETURN_TYPE"
      },
      "location-before-char-start": 0,
      "location-before-char-end": 0,
      "location-after-char-start": 0,
      "location-after-char-end": 0,
      "node-str": "void"
    },
    {
      "type": "move-subtree",
      "node": {
        "label": "state",
        "type": "Parameter"
      },
      "location-before-char-start": 40859,
      "location-before-char-end": 40868,
      "location-after-char-start": 41476,
      "location-after-char-end": 41485,
      "node-str": "state"
    },
    {
      "type": "move-subtree",
      "node": {
        "label": "dereference",
        "type": "Invocation"
      },
      "location-before-char-start": 40888,
      "location-before-char-end": 40901,
      "location-after-char-start": 41505,
      "location-after-char-end": 41518,
      "node-str": "dereference"
    },
    {
      "type": "insert-node",
      "node": {
        "label": "if",
        "type": "If"
      },
      "location-after-char-start": 41530,
      "location-after-char-end": 42806,
      "node-str": "if"
    },
    {
      "type": "move-subtree",
      "node": {
        "label": "\u003d",
        "type": "Assignment"
      },
      "location-before-char-start": 41933,
      "location-before-char-end": 41951,
      "location-after-char-start": 42818,
      "location-after-char-end": 42836,
      "node-str": "\u003d"
    },
    {
      "type": "move-subtree",
      "node": {
        "label": "void",
        "type": "RETURN_TYPE"
      },
      "location-before-char-start": 0,
      "location-before-char-end": 0,
      "location-after-char-start": 0,
      "location-after-char-end": 0,
      "node-str": "void"
    },
    {
      "type": "insert-node",
      "node": {
        "label": "if",
        "type": "If"
      },
      "location-after-char-start": 42897,
      "location-after-char-end": 43461,
      "node-str": "if"
    },
    {
      "type": "move-subtree",
      "node": {
        "label": "if",
        "type": "If"
      },
      "location-before-char-start": 42452,
      "location-before-char-end": 42519,
      "location-after-char-start": 43473,
      "location-after-char-end": 43540,
      "node-str": "if"
    },
    {
      "type": "move-subtree",
      "node": {
        "label": "if",
        "type": "If"
      },
      "location-before-char-start": 42531,
      "location-before-char-end": 42598,
      "location-after-char-start": 43552,
      "location-after-char-end": 43619,
      "node-str": "if"
    },
    {
      "type": "move-subtree",
      "node": {
        "label": "\u003d",
        "type": "Assignment"
      },
      "location-before-char-start": 42610,
      "location-before-char-end": 42621,
      "location-after-char-start": 43631,
      "location-after-char-end": 43642,
      "node-str": "\u003d"
    },
    {
      "type": "move-subtree",
      "node": {
        "label": "\u003d",
        "type": "Assignment"
      },
      "location-before-char-start": 42632,
      "location-before-char-end": 42643,
      "location-after-char-start": 43653,
      "location-after-char-end": 43664,
      "node-str": "\u003d"
    },
    {
      "type": "insert-node",
      "node": {
        "label": "NE",
        "type": "BinaryOperator"
      },
      "location-after-char-start": 31642,
      "location-after-char-end": 31663,
      "node-str": "NE"
    },
    {
      "type": "insert-node",
      "node": {
        "label": "THEN",
        "type": "then"
      },
      "location-after-char-start": 31675,
      "location-after-char-end": 31831,
      "node-str": "THEN"
    },
    {
      "type": "insert-node",
      "node": {
        "label": "AND",
        "type": "BinaryOperator"
      },
      "location-after-char-start": 39364,
      "location-after-char-end": 39405,
      "node-str": "AND"
    },
    {
      "type": "insert-node",
      "node": {
        "label": "OR",
        "type": "BinaryOperator"
      },
      "location-after-char-start": 39466,
      "location-after-char-end": 39507,
      "node-str": "OR"
    },
    {
      "type": "move-subtree",
      "node": {
        "label": "THEN",
        "type": "then"
      },
      "location-before-char-start": 39174,
      "location-before-char-end": 39217,
      "location-after-char-start": 39519,
      "location-after-char-end": 39562,
      "node-str": "THEN"
    },
    {
      "type": "insert-node",
      "node": {
        "label": "EQ",
        "type": "BinaryOperator"
      },
      "location-after-char-start": 39631,
      "location-after-char-end": 39644,
      "node-str": "EQ"
    },
    {
      "type": "insert-node",
      "node": {
        "label": "THEN",
        "type": "then"
      },
      "location-after-char-start": 39656,
      "location-after-char-end": 39709,
      "node-str": "THEN"
    },
    {
      "type": "insert-node",
      "node": {
        "label": "OR",
        "type": "BinaryOperator"
      },
      "location-after-char-start": 39767,
      "location-after-char-end": 39826,
      "node-str": "OR"
    },
    {
      "type": "move-subtree",
      "node": {
        "label": "THEN",
        "type": "then"
      },
      "location-before-char-start": 39318,
      "location-before-char-end": 39363,
      "location-after-char-start": 39838,
      "location-after-char-end": 39883,
      "node-str": "THEN"
    },
    {
      "type": "move-subtree",
      "node": {
        "label": "ELSE",
        "type": "else"
      },
      "location-before-char-start": 39379,
      "location-before-char-end": 39655,
      "location-after-char-start": 39899,
      "location-after-char-end": 40175,
      "node-str": "ELSE"
    },
    {
      "type": "move-subtree",
      "node": {
        "label": "OR",
        "type": "BinaryOperator"
      },
      "location-before-char-start": 40207,
      "location-before-char-end": 40240,
      "location-after-char-start": 40727,
      "location-after-char-end": 40760,
      "node-str": "OR"
    },
    {
      "type": "move-subtree",
      "node": {
        "label": "THEN",
        "type": "then"
      },
      "location-before-char-start": 40252,
      "location-before-char-end": 40295,
      "location-after-char-start": 40772,
      "location-after-char-end": 40815,
      "node-str": "THEN"
    },
    {
      "type": "insert-node",
      "node": {
        "label": "ELSE",
        "type": "else"
      },
      "location-after-char-start": 40831,
      "location-after-char-end": 40996,
      "node-str": "ELSE"
    },
    {
      "type": "move-subtree",
      "node": {
        "label": "EQ",
        "type": "BinaryOperator"
      },
      "location-before-char-start": 40916,
      "location-before-char-end": 40929,
      "location-after-char-start": 41533,
      "location-after-char-end": 41546,
      "node-str": "EQ"
    },
    {
      "type": "move-subtree",
      "node": {
        "label": "THEN",
        "type": "then"
      },
      "location-before-char-start": 40941,
      "location-before-char-end": 41119,
      "location-after-char-start": 41558,
      "location-after-char-end": 41736,
      "node-str": "THEN"
    },
    {
      "type": "insert-node",
      "node": {
        "label": "ELSE",
        "type": "else"
      },
      "location-after-char-start": 41752,
      "location-after-char-end": 42806,
      "node-str": "ELSE"
    },
    {
      "type": "move-subtree",
      "node": {
        "label": "AND",
        "type": "BinaryOperator"
      },
      "location-before-char-start": 42015,
      "location-before-char-end": 42050,
      "location-after-char-start": 42900,
      "location-after-char-end": 42935,
      "node-str": "AND"
    },
    {
      "type": "move-subtree",
      "node": {
        "label": "THEN",
        "type": "then"
      },
      "location-before-char-start": 42062,
      "location-before-char-end": 42104,
      "location-after-char-start": 42947,
      "location-after-char-end": 42989,
      "node-str": "THEN"
    },
    {
      "type": "insert-node",
      "node": {
        "label": "ELSE",
        "type": "else"
      },
      "location-after-char-start": 43005,
      "location-after-char-end": 43461,
      "node-str": "ELSE"
    },
    {
      "type": "insert-node",
      "node": {
        "label": "dirtyRelations",
        "type": "FieldRead"
      },
      "location-after-char-start": 31642,
      "location-after-char-end": 31655,
      "node-str": "dirtyRelations"
    },
    {
      "type": "insert-node",
      "node": {
        "label": "null",
        "type": "Literal"
      },
      "location-after-char-start": 31660,
      "location-after-char-end": 31663,
      "node-str": "null"
    },
    {
      "type": "insert-node",
      "node": {
        "label": "while",
        "type": "While"
      },
      "location-after-char-start": 31689,
      "location-after-char-end": 31820,
      "node-str": "while"
    },
    {
      "type": "move-subtree",
      "node": {
        "label": "NE",
        "type": "BinaryOperator"
      },
      "location-before-char-start": 39075,
      "location-before-char-end": 39088,
      "location-after-char-start": 39364,
      "location-after-char-end": 39377,
      "node-str": "NE"
    },
    {
      "type": "insert-node",
      "node": {
        "label": "NE",
        "type": "BinaryOperator"
      },
      "location-after-char-start": 39382,
      "location-after-char-end": 39405,
      "node-str": "NE"
    },
    {
      "type": "move-subtree",
      "node": {
        "label": "EQ",
        "type": "BinaryOperator"
      },
      "location-before-char-start": 39149,
      "location-before-char-end": 39162,
      "location-after-char-start": 39466,
      "location-after-char-end": 39479,
      "node-str": "EQ"
    },
    {
      "type": "insert-node",
      "node": {
        "label": "EQ",
        "type": "BinaryOperator"
      },
      "location-after-char-start": 39484,
      "location-after-char-end": 39507,
      "node-str": "EQ"
    },
    {
      "type": "insert-node",
      "node": {
        "label": "state",
        "type": "FieldRead"
      },
      "location-after-char-start": 39631,
      "location-after-char-end": 39635,
      "node-str": "state"
    },
    {
      "type": "insert-node",
      "node": {
        "label": "CLEAN",
        "type": "FieldRead"
      },
      "location-after-char-start": 39640,
      "location-after-char-end": 39644,
      "node-str": "CLEAN"
    },
    {
      "type": "insert-node",
      "node": {
        "label": "updateState",
        "type": "Invocation"
      },
      "location-after-char-start": 39670,
      "location-after-char-end": 39698,
      "node-str": "updateState"
    },
    {
      "type": "move-subtree",
      "node": {
        "label": "OR",
        "type": "BinaryOperator"
      },
      "location-before-char-start": 39275,
      "location-before-char-end": 39306,
      "location-after-char-start": 39767,
      "location-after-char-end": 39798,
      "node-str": "OR"
    },
    {
      "type": "insert-node",
      "node": {
        "label": "EQ",
        "type": "BinaryOperator"
      },
      "location-after-char-start": 39803,
      "location-after-char-end": 39826,
      "node-str": "EQ"
    },
    {
      "type": "insert-node",
      "node": {
        "label": "if",
        "type": "If"
      },
      "location-after-char-start": 40831,
      "location-after-char-end": 40996,
      "node-str": "if"
    },
    {
      "type": "insert-node",
      "node": {
        "label": "if",
        "type": "If"
      },
      "location-after-char-start": 41752,
      "location-after-char-end": 42806,
      "node-str": "if"
    },
    {
      "type": "insert-node",
      "node": {
        "label": "if",
        "type": "If"
      },
      "location-after-char-start": 43005,
      "location-after-char-end": 43461,
      "node-str": "if"
    },
    {
      "type": "insert-node",
      "node": {
        "label": "org.jboss.ejb.plugins.cmp.jdbc2.schema.EntityTable$View",
        "type": "TypeAccess"
      },
      "location-after-char-start": 0,
      "location-after-char-end": 0,
      "node-str": "org.jboss.ejb.plugins.cmp.jdbc2.schema.EntityTable$View"
    },
    {
      "type": "insert-node",
      "node": {
        "label": "NE",
        "type": "BinaryOperator"
      },
      "location-after-char-start": 31695,
      "location-after-char-end": 31716,
      "node-str": "NE"
    },
    {
      "type": "insert-node",
      "node": {
        "label": "row",
        "type": "LocalVariable"
      },
      "location-after-char-start": 31748,
      "location-after-char-end": 31772,
      "node-str": "row"
    },
    {
      "type": "insert-node",
      "node": {
        "label": "flushStatus",
        "type": "Invocation"
      },
      "location-after-char-start": 31789,
      "location-after-char-end": 31806,
      "node-str": "flushStatus"
    },
    {
      "type": "insert-node",
      "node": {
        "label": "state",
        "type": "FieldRead"
      },
      "location-after-char-start": 39382,
      "location-after-char-end": 39386,
      "node-str": "state"
    },
    {
      "type": "insert-node",
      "node": {
        "label": "DIRTY_RELATIONS",
        "type": "FieldRead"
      },
      "location-after-char-start": 39391,
      "location-after-char-end": 39405,
      "node-str": "DIRTY_RELATIONS"
    },
    {
      "type": "insert-node",
      "node": {
        "label": "state",
        "type": "FieldRead"
      },
      "location-after-char-start": 39484,
      "location-after-char-end": 39488,
      "node-str": "state"
    },
    {
      "type": "insert-node",
      "node": {
        "label": "DIRTY_RELATIONS",
        "type": "FieldRead"
      },
      "location-after-char-start": 39493,
      "location-after-char-end": 39507,
      "node-str": "DIRTY_RELATIONS"
    },
    {
      "type": "insert-node",
      "node": {
        "label": "org.jboss.ejb.plugins.cmp.jdbc2.schema.EntityTable$Row",
        "type": "TypeAccess"
      },
      "location-after-char-start": 0,
      "location-after-char-end": 0,
      "node-str": "org.jboss.ejb.plugins.cmp.jdbc2.schema.EntityTable$Row"
    },
    {
      "type": "insert-node",
      "node": {
        "label": "org.jboss.ejb.plugins.cmp.jdbc2.schema.EntityTable$Row",
        "type": "TypeAccess"
      },
      "location-after-char-start": 0,
      "location-after-char-end": 0,
      "node-str": "org.jboss.ejb.plugins.cmp.jdbc2.schema.EntityTable$Row"
    },
    {
      "type": "insert-node",
      "node": {
        "label": "DIRTY_RELATIONS",
        "type": "FieldRead"
      },
      "location-after-char-start": 39682,
      "location-after-char-end": 39696,
      "node-str": "DIRTY_RELATIONS"
    },
    {
      "type": "insert-node",
      "node": {
        "label": "state",
        "type": "FieldRead"
      },
      "location-after-char-start": 39803,
      "location-after-char-end": 39807,
      "node-str": "state"
    },
    {
      "type": "insert-node",
      "node": {
        "label": "DIRTY_RELATIONS",
        "type": "FieldRead"
      },
      "location-after-char-start": 39812,
      "location-after-char-end": 39826,
      "node-str": "DIRTY_RELATIONS"
    },
    {
      "type": "move-subtree",
      "node": {
        "label": "EQ",
        "type": "BinaryOperator"
      },
      "location-before-char-start": 40314,
      "location-before-char-end": 40329,
      "location-after-char-start": 40834,
      "location-after-char-end": 40849,
      "node-str": "EQ"
    },
    {
      "type": "move-subtree",
      "node": {
        "label": "THEN",
        "type": "then"
      },
      "location-before-char-start": 40341,
      "location-before-char-end": 40379,
      "location-after-char-start": 40861,
      "location-after-char-end": 40899,
      "node-str": "THEN"
    },
    {
      "type": "insert-node",
      "node": {
        "label": "ELSE",
        "type": "else"
      },
      "location-after-char-start": 40915,
      "location-after-char-end": 40996,
      "node-str": "ELSE"
    },
    {
      "type": "move-subtree",
      "node": {
        "label": "EQ",
        "type": "BinaryOperator"
      },
      "location-before-char-start": 41138,
      "location-before-char-end": 41151,
      "location-after-char-start": 41755,
      "location-after-char-end": 41768,
      "node-str": "EQ"
    },
    {
      "type": "move-subtree",
      "node": {
        "label": "THEN",
        "type": "then"
      },
      "location-before-char-start": 41163,
      "location-before-char-end": 41341,
      "location-after-char-start": 41780,
      "location-after-char-end": 41958,
      "node-str": "THEN"
    },
    {
      "type": "insert-node",
      "node": {
        "label": "ELSE",
        "type": "else"
      },
      "location-after-char-start": 41974,
      "location-after-char-end": 42806,
      "node-str": "ELSE"
    },
    {
      "type": "move-subtree",
      "node": {
        "label": "AND",
        "type": "BinaryOperator"
      },
      "location-before-char-start": 42123,
      "location-before-char-end": 42158,
      "location-after-char-start": 43008,
      "location-after-char-end": 43043,
      "node-str": "AND"
    },
    {
      "type": "move-subtree",
      "node": {
        "label": "THEN",
        "type": "then"
      },
      "location-before-char-start": 42170,
      "location-before-char-end": 42212,
      "location-after-char-start": 43055,
      "location-after-char-end": 43097,
      "node-str": "THEN"
    },
    {
      "type": "insert-node",
      "node": {
        "label": "ELSE",
        "type": "else"
      },
      "location-after-char-start": 43113,
      "location-after-char-end": 43461,
      "node-str": "ELSE"
    },
    {
      "type": "insert-node",
      "node": {
        "label": "dirtyRelations",
        "type": "FieldRead"
      },
      "location-after-char-start": 31695,
      "location-after-char-end": 31708,
      "node-str": "dirtyRelations"
    },
    {
      "type": "insert-node",
      "node": {
        "label": "null",
        "type": "Literal"
      },
      "location-after-char-start": 31713,
      "location-after-char-end": 31716,
      "node-str": "null"
    },
    {
      "type": "insert-node",
      "node": {
        "label": "org.jboss.ejb.plugins.cmp.jdbc2.schema.EntityTable$Row",
        "type": "VARIABLE_TYPE"
      },
      "location-after-char-start": 0,
      "location-after-char-end": 0,
      "node-str": "org.jboss.ejb.plugins.cmp.jdbc2.schema.EntityTable$Row"
    },
    {
      "type": "insert-node",
      "node": {
        "label": "dirtyRelations",
        "type": "FieldRead"
      },
      "location-after-char-start": 31758,
      "location-after-char-end": 31771,
      "node-str": "dirtyRelations"
    },
    {
      "type": "insert-node",
      "node": {
        "label": "row",
        "type": "VariableRead"
      },
      "location-after-char-start": 31789,
      "location-after-char-end": 31791,
      "node-str": "row"
    },
    {
      "type": "insert-node",
      "node": {
        "label": "org.jboss.ejb.plugins.cmp.jdbc2.schema.EntityTable$Row",
        "type": "TypeAccess"
      },
      "location-after-char-start": 0,
      "location-after-char-end": 0,
      "node-str": "org.jboss.ejb.plugins.cmp.jdbc2.schema.EntityTable$Row"
    },
    {
      "type": "insert-node",
      "node": {
        "label": "org.jboss.ejb.plugins.cmp.jdbc2.schema.EntityTable$Row",
        "type": "TypeAccess"
      },
      "location-after-char-start": 0,
      "location-after-char-end": 0,
      "node-str": "org.jboss.ejb.plugins.cmp.jdbc2.schema.EntityTable$Row"
    },
    {
      "type": "insert-node",
      "node": {
        "label": "org.jboss.ejb.plugins.cmp.jdbc2.schema.EntityTable$Row",
        "type": "TypeAccess"
      },
      "location-after-char-start": 0,
      "location-after-char-end": 0,
      "node-str": "org.jboss.ejb.plugins.cmp.jdbc2.schema.EntityTable$Row"
    },
    {
      "type": "insert-node",
      "node": {
        "label": "if",
        "type": "If"
      },
      "location-after-char-start": 40915,
      "location-after-char-end": 40996,
      "node-str": "if"
    },
    {
      "type": "insert-node",
      "node": {
        "label": "if",
        "type": "If"
      },
      "location-after-char-start": 41974,
      "location-after-char-end": 42806,
      "node-str": "if"
    },
    {
      "type": "insert-node",
      "node": {
        "label": "if",
        "type": "If"
      },
      "location-after-char-start": 43113,
      "location-after-char-end": 43461,
      "node-str": "if"
    },
    {
      "type": "insert-node",
      "node": {
        "label": "org.jboss.ejb.plugins.cmp.jdbc2.schema.EntityTable$View",
        "type": "TypeAccess"
      },
      "location-after-char-start": 0,
      "location-after-char-end": 0,
      "node-str": "org.jboss.ejb.plugins.cmp.jdbc2.schema.EntityTable$View"
    },
    {
      "type": "insert-node",
      "node": {
        "label": "org.jboss.ejb.plugins.cmp.jdbc2.schema.EntityTable$View",
        "type": "TypeAccess"
      },
      "location-after-char-start": 0,
      "location-after-char-end": 0,
      "node-str": "org.jboss.ejb.plugins.cmp.jdbc2.schema.EntityTable$View"
    },
    {
      "type": "insert-node",
      "node": {
        "label": "EQ",
        "type": "BinaryOperator"
      },
      "location-after-char-start": 40918,
      "location-after-char-end": 40941,
      "node-str": "EQ"
    },
    {
      "type": "insert-node",
      "node": {
        "label": "THEN",
        "type": "then"
      },
      "location-after-char-start": 40953,
      "location-after-char-end": 40996,
      "node-str": "THEN"
    },
    {
      "type": "move-subtree",
      "node": {
        "label": "EQ",
        "type": "BinaryOperator"
      },
      "location-before-char-start": 41360,
      "location-before-char-end": 41375,
      "location-after-char-start": 41977,
      "location-after-char-end": 41992,
      "node-str": "EQ"
    },
    {
      "type": "move-subtree",
      "node": {
        "label": "THEN",
        "type": "then"
      },
      "location-before-char-start": 41387,
      "location-before-char-end": 41573,
      "location-after-char-start": 42004,
      "location-after-char-end": 42190,
      "node-str": "THEN"
    },
    {
      "type": "insert-node",
      "node": {
        "label": "ELSE",
        "type": "else"
      },
      "location-after-char-start": 42206,
      "location-after-char-end": 42806,
      "node-str": "ELSE"
    },
    {
      "type": "move-subtree",
      "node": {
        "label": "AND",
        "type": "BinaryOperator"
      },
      "location-before-char-start": 42231,
      "location-before-char-end": 42270,
      "location-after-char-start": 43116,
      "location-after-char-end": 43155,
      "node-str": "AND"
    },
    {
      "type": "move-subtree",
      "node": {
        "label": "THEN",
        "type": "then"
      },
      "location-before-char-start": 42282,
      "location-before-char-end": 42326,
      "location-after-char-start": 43167,
      "location-after-char-end": 43211,
      "node-str": "THEN"
    },
    {
      "type": "insert-node",
      "node": {
        "label": "ELSE",
        "type": "else"
      },
      "location-after-char-start": 43227,
      "location-after-char-end": 43461,
      "node-str": "ELSE"
    },
    {
      "type": "insert-node",
      "node": {
        "label": "state",
        "type": "FieldRead"
      },
      "location-after-char-start": 40918,
      "location-after-char-end": 40922,
      "node-str": "state"
    },
    {
      "type": "insert-node",
      "node": {
        "label": "DIRTY_RELATIONS",
        "type": "FieldRead"
      },
      "location-after-char-start": 40927,
      "location-after-char-end": 40941,
      "node-str": "DIRTY_RELATIONS"
    },
    {
      "type": "insert-node",
      "node": {
        "label": "updateState",
        "type": "Invocation"
      },
      "location-after-char-start": 40967,
      "location-after-char-end": 40985,
      "node-str": "updateState"
    },
    {
      "type": "insert-node",
      "node": {
        "label": "if",
        "type": "If"
      },
      "location-after-char-start": 42206,
      "location-after-char-end": 42806,
      "node-str": "if"
    },
    {
      "type": "insert-node",
      "node": {
        "label": "if",
        "type": "If"
      },
      "location-after-char-start": 43227,
      "location-after-char-end": 43461,
      "node-str": "if"
    },
    {
      "type": "insert-node",
      "node": {
        "label": "org.jboss.ejb.plugins.cmp.jdbc2.schema.EntityTable$Row",
        "type": "TypeAccess"
      },
      "location-after-char-start": 0,
      "location-after-char-end": 0,
      "node-str": "org.jboss.ejb.plugins.cmp.jdbc2.schema.EntityTable$Row"
    },
    {
      "type": "insert-node",
      "node": {
        "label": "org.jboss.ejb.plugins.cmp.jdbc2.schema.EntityTable$Row",
        "type": "TypeAccess"
      },
      "location-after-char-start": 0,
      "location-after-char-end": 0,
      "node-str": "org.jboss.ejb.plugins.cmp.jdbc2.schema.EntityTable$Row"
    },
    {
      "type": "insert-node",
      "node": {
        "label": "CLEAN",
        "type": "FieldRead"
      },
      "location-after-char-start": 40979,
      "location-after-char-end": 40983,
      "node-str": "CLEAN"
    },
    {
      "type": "move-subtree",
      "node": {
        "label": "EQ",
        "type": "BinaryOperator"
      },
      "location-before-char-start": 41592,
      "location-before-char-end": 41607,
      "location-after-char-start": 42209,
      "location-after-char-end": 42224,
      "node-str": "EQ"
    },
    {
      "type": "move-subtree",
      "node": {
        "label": "THEN",
        "type": "then"
      },
      "location-before-char-start": 41619,
      "location-before-char-end": 41805,
      "location-after-char-start": 42236,
      "location-after-char-end": 42422,
      "node-str": "THEN"
    },
    {
      "type": "insert-node",
      "node": {
        "label": "ELSE",
        "type": "else"
      },
      "location-after-char-start": 42438,
      "location-after-char-end": 42806,
      "node-str": "ELSE"
    },
    {
      "type": "move-subtree",
      "node": {
        "label": "AND",
        "type": "BinaryOperator"
      },
      "location-before-char-start": 42345,
      "location-before-char-end": 42384,
      "location-after-char-start": 43230,
      "location-after-char-end": 43269,
      "node-str": "AND"
    },
    {
      "type": "move-subtree",
      "node": {
        "label": "THEN",
        "type": "then"
      },
      "location-before-char-start": 42396,
      "location-before-char-end": 42440,
      "location-after-char-start": 43281,
      "location-after-char-end": 43325,
      "node-str": "THEN"
    },
    {
      "type": "insert-node",
      "node": {
        "label": "ELSE",
        "type": "else"
      },
      "location-after-char-start": 43341,
      "location-after-char-end": 43461,
      "node-str": "ELSE"
    },
    {
      "type": "insert-node",
      "node": {
        "label": "if",
        "type": "If"
      },
      "location-after-char-start": 42438,
      "location-after-char-end": 42806,
      "node-str": "if"
    },
    {
      "type": "insert-node",
      "node": {
        "label": "if",
        "type": "If"
      },
      "location-after-char-start": 43341,
      "location-after-char-end": 43461,
      "node-str": "if"
    },
    {
      "type": "insert-node",
      "node": {
        "label": "EQ",
        "type": "BinaryOperator"
      },
      "location-after-char-start": 42441,
      "location-after-char-end": 42464,
      "node-str": "EQ"
    },
    {
      "type": "insert-node",
      "node": {
        "label": "THEN",
        "type": "then"
      },
      "location-after-char-start": 42476,
      "location-after-char-end": 42690,
      "node-str": "THEN"
    },
    {
      "type": "move-subtree",
      "node": {
        "label": "ELSE",
        "type": "else"
      },
      "location-before-char-start": 41830,
      "location-before-char-end": 41921,
      "location-after-char-start": 42715,
      "location-after-char-end": 42806,
      "node-str": "ELSE"
    },
    {
      "type": "insert-node",
      "node": {
        "label": "AND",
        "type": "BinaryOperator"
      },
      "location-after-char-start": 43344,
      "location-after-char-end": 43398,
      "node-str": "AND"
    },
    {
      "type": "insert-node",
      "node": {
        "label": "THEN",
        "type": "then"
      },
      "location-after-char-start": 43410,
      "location-after-char-end": 43461,
      "node-str": "THEN"
    },
    {
      "type": "insert-node",
      "node": {
        "label": "state",
        "type": "VariableRead"
      },
      "location-after-char-start": 42441,
      "location-after-char-end": 42445,
      "node-str": "state"
    },
    {
      "type": "insert-node",
      "node": {
        "label": "DIRTY_RELATIONS",
        "type": "FieldRead"
      },
      "location-after-char-start": 42450,
      "location-after-char-end": 42464,
      "node-str": "DIRTY_RELATIONS"
    },
    {
      "type": "insert-node",
      "node": {
        "label": "if",
        "type": "If"
      },
      "location-after-char-start": 42490,
      "location-after-char-end": 42639,
      "node-str": "if"
    },
    {
      "type": "insert-node",
      "node": {
        "label": "\u003d",
        "type": "Assignment"
      },
      "location-after-char-start": 42653,
      "location-after-char-end": 42679,
      "node-str": "\u003d"
    },
    {
      "type": "insert-node",
      "node": {
        "label": "EQ",
        "type": "BinaryOperator"
      },
      "location-after-char-start": 43344,
      "location-after-char-end": 43367,
      "node-str": "EQ"
    },
    {
      "type": "insert-node",
      "node": {
        "label": "EQ",
        "type": "BinaryOperator"
      },
      "location-after-char-start": 43372,
      "location-after-char-end": 43398,
      "node-str": "EQ"
    },
    {
      "type": "insert-node",
      "node": {
        "label": "\u003d",
        "type": "Assignment"
      },
      "location-after-char-start": 43424,
      "location-after-char-end": 43450,
      "node-str": "\u003d"
    },
    {
      "type": "insert-node",
      "node": {
        "label": "NE",
        "type": "BinaryOperator"
      },
      "location-after-char-start": 42493,
      "location-after-char-end": 42519,
      "node-str": "NE"
    },
    {
      "type": "insert-node",
      "node": {
        "label": "THEN",
        "type": "then"
      },
      "location-after-char-start": 42534,
      "location-after-char-end": 42639,
      "node-str": "THEN"
    },
    {
      "type": "insert-node",
      "node": {
        "label": "dirtyRelations",
        "type": "FieldWrite"
      },
      "location-after-char-start": 42653,
      "location-after-char-end": 42671,
      "node-str": "dirtyRelations"
    },
    {
      "type": "insert-node",
      "node": {
        "label": "this",
        "type": "ThisAccess"
      },
      "location-after-char-start": 42675,
      "location-after-char-end": 42678,
      "node-str": "this"
    },
    {
      "type": "insert-node",
      "node": {
        "label": "state",
        "type": "FieldRead"
      },
      "location-after-char-start": 43344,
      "location-after-char-end": 43348,
      "node-str": "state"
    },
    {
      "type": "insert-node",
      "node": {
        "label": "DIRTY_RELATIONS",
        "type": "FieldRead"
      },
      "location-after-char-start": 43353,
      "location-after-char-end": 43367,
      "node-str": "DIRTY_RELATIONS"
    },
    {
      "type": "insert-node",
      "node": {
        "label": "dirtyRelations",
        "type": "FieldRead"
      },
      "location-after-char-start": 43372,
      "location-after-char-end": 43390,
      "node-str": "dirtyRelations"
    },
    {
      "type": "insert-node",
      "node": {
        "label": "this",
        "type": "ThisAccess"
      },
      "location-after-char-start": 43395,
      "location-after-char-end": 43398,
      "node-str": "this"
    },
    {
      "type": "insert-node",
      "node": {
        "label": "dirtyRelations",
        "type": "FieldWrite"
      },
      "location-after-char-start": 43424,
      "location-after-char-end": 43442,
      "node-str": "dirtyRelations"
    },
    {
      "type": "insert-node",
      "node": {
        "label": "next",
        "type": "FieldRead"
      },
      "location-after-char-start": 43446,
      "location-after-char-end": 43449,
      "node-str": "next"
    },
    {
      "type": "insert-node",
      "node": {
        "label": "dirtyRelations",
        "type": "FieldRead"
      },
      "location-after-char-start": 42493,
      "location-after-char-end": 42511,
      "node-str": "dirtyRelations"
    },
    {
      "type": "insert-node",
      "node": {
        "label": "null",
        "type": "Literal"
      },
      "location-after-char-start": 42516,
      "location-after-char-end": 42519,
      "node-str": "null"
    },
    {
      "type": "insert-node",
      "node": {
        "label": "\u003d",
        "type": "Assignment"
      },
      "location-after-char-start": 42551,
      "location-after-char-end": 42577,
      "node-str": "\u003d"
    },
    {
      "type": "insert-node",
      "node": {
        "label": "\u003d",
        "type": "Assignment"
      },
      "location-after-char-start": 42594,
      "location-after-char-end": 42625,
      "node-str": "\u003d"
    },
    {
      "type": "insert-node",
      "node": {
        "label": "view",
        "type": "FieldRead"
      },
      "location-after-char-start": 42653,
      "location-after-char-end": 42656,
      "node-str": "view"
    },
    {
      "type": "insert-node",
      "node": {
        "label": "org.jboss.ejb.plugins.cmp.jdbc2.schema.EntityTable$Row",
        "type": "TypeAccess"
      },
      "location-after-char-start": 0,
      "location-after-char-end": 0,
      "node-str": "org.jboss.ejb.plugins.cmp.jdbc2.schema.EntityTable$Row"
    },
    {
      "type": "insert-node",
      "node": {
        "label": "org.jboss.ejb.plugins.cmp.jdbc2.schema.EntityTable$Row",
        "type": "TypeAccess"
      },
      "location-after-char-start": 0,
      "location-after-char-end": 0,
      "node-str": "org.jboss.ejb.plugins.cmp.jdbc2.schema.EntityTable$Row"
    },
    {
      "type": "insert-node",
      "node": {
        "label": "view",
        "type": "FieldRead"
      },
      "location-after-char-start": 43372,
      "location-after-char-end": 43375,
      "node-str": "view"
    },
    {
      "type": "insert-node",
      "node": {
        "label": "org.jboss.ejb.plugins.cmp.jdbc2.schema.EntityTable$Row",
        "type": "TypeAccess"
      },
      "location-after-char-start": 0,
      "location-after-char-end": 0,
      "node-str": "org.jboss.ejb.plugins.cmp.jdbc2.schema.EntityTable$Row"
    },
    {
      "type": "insert-node",
      "node": {
        "label": "view",
        "type": "FieldRead"
      },
      "location-after-char-start": 43424,
      "location-after-char-end": 43427,
      "node-str": "view"
    },
    {
      "type": "insert-node",
      "node": {
        "label": "org.jboss.ejb.plugins.cmp.jdbc2.schema.EntityTable$Row",
        "type": "TypeAccess"
      },
      "location-after-char-start": 0,
      "location-after-char-end": 0,
      "node-str": "org.jboss.ejb.plugins.cmp.jdbc2.schema.EntityTable$Row"
    },
    {
      "type": "insert-node",
      "node": {
        "label": "view",
        "type": "FieldRead"
      },
      "location-after-char-start": 42493,
      "location-after-char-end": 42496,
      "node-str": "view"
    },
    {
      "type": "insert-node",
      "node": {
        "label": "next",
        "type": "FieldWrite"
      },
      "location-after-char-start": 42551,
      "location-after-char-end": 42554,
      "node-str": "next"
    },
    {
      "type": "insert-node",
      "node": {
        "label": "dirtyRelations",
        "type": "FieldRead"
      },
      "location-after-char-start": 42558,
      "location-after-char-end": 42576,
      "node-str": "dirtyRelations"
    },
    {
      "type": "insert-node",
      "node": {
        "label": "prev",
        "type": "FieldWrite"
      },
      "location-after-char-start": 42594,
      "location-after-char-end": 42617,
      "node-str": "prev"
    },
    {
      "type": "insert-node",
      "node": {
        "label": "this",
        "type": "ThisAccess"
      },
      "location-after-char-start": 42621,
      "location-after-char-end": 42624,
      "node-str": "this"
    },
    {
      "type": "insert-node",
      "node": {
        "label": "org.jboss.ejb.plugins.cmp.jdbc2.schema.EntityTable$Row",
        "type": "TypeAccess"
      },
      "location-after-char-start": 0,
      "location-after-char-end": 0,
      "node-str": "org.jboss.ejb.plugins.cmp.jdbc2.schema.EntityTable$Row"
    },
    {
      "type": "insert-node",
      "node": {
        "label": "org.jboss.ejb.plugins.cmp.jdbc2.schema.EntityTable$Row",
        "type": "TypeAccess"
      },
      "location-after-char-start": 0,
      "location-after-char-end": 0,
      "node-str": "org.jboss.ejb.plugins.cmp.jdbc2.schema.EntityTable$Row"
    },
    {
      "type": "insert-node",
      "node": {
        "label": "org.jboss.ejb.plugins.cmp.jdbc2.schema.EntityTable$Row",
        "type": "TypeAccess"
      },
      "location-after-char-start": 0,
      "location-after-char-end": 0,
      "node-str": "org.jboss.ejb.plugins.cmp.jdbc2.schema.EntityTable$Row"
    },
    {
      "type": "insert-node",
      "node": {
        "label": "org.jboss.ejb.plugins.cmp.jdbc2.schema.EntityTable$Row",
        "type": "TypeAccess"
      },
      "location-after-char-start": 0,
      "location-after-char-end": 0,
      "node-str": "org.jboss.ejb.plugins.cmp.jdbc2.schema.EntityTable$Row"
    },
    {
      "type": "insert-node",
      "node": {
        "label": "org.jboss.ejb.plugins.cmp.jdbc2.schema.EntityTable$Row",
        "type": "TypeAccess"
      },
      "location-after-char-start": 0,
      "location-after-char-end": 0,
      "node-str": "org.jboss.ejb.plugins.cmp.jdbc2.schema.EntityTable$Row"
    },
    {
      "type": "insert-node",
      "node": {
        "label": "view",
        "type": "FieldRead"
      },
      "location-after-char-start": 42558,
      "location-after-char-end": 42561,
      "node-str": "view"
    },
    {
      "type": "insert-node",
      "node": {
        "label": "dirtyRelations",
        "type": "FieldRead"
      },
      "location-after-char-start": 42594,
      "location-after-char-end": 42612,
      "node-str": "dirtyRelations"
    },
    {
      "type": "insert-node",
      "node": {
        "label": "org.jboss.ejb.plugins.cmp.jdbc2.schema.EntityTable$Row",
        "type": "TypeAccess"
      },
      "location-after-char-start": 0,
      "location-after-char-end": 0,
      "node-str": "org.jboss.ejb.plugins.cmp.jdbc2.schema.EntityTable$Row"
    },
    {
      "type": "insert-node",
      "node": {
        "label": "org.jboss.ejb.plugins.cmp.jdbc2.schema.EntityTable$Row",
        "type": "TypeAccess"
      },
      "location-after-char-start": 0,
      "location-after-char-end": 0,
      "node-str": "org.jboss.ejb.plugins.cmp.jdbc2.schema.EntityTable$Row"
    },
    {
      "type": "insert-node",
      "node": {
        "label": "view",
        "type": "FieldRead"
      },
      "location-after-char-start": 42594,
      "location-after-char-end": 42597,
      "node-str": "view"
    },
    {
      "type": "insert-node",
      "node": {
        "label": "org.jboss.ejb.plugins.cmp.jdbc2.schema.EntityTable$Row",
        "type": "TypeAccess"
      },
      "location-after-char-start": 0,
      "location-after-char-end": 0,
      "node-str": "org.jboss.ejb.plugins.cmp.jdbc2.schema.EntityTable$Row"
    },
    {
      "type": "delete-node",
      "node": {
        "label": "flushUpdated",
        "type": "Method"
      },
      "location-before-char-start": 31490,
      "location-before-char-end": 31756,
      "node-str": "flushUpdated"
    },
    {
      "type": "delete-node",
      "node": {
        "label": "View",
        "type": "Class"
      },
      "location-before-char-start": 22734,
      "location-before-char-end": 37196,
      "node-str": "View"
    },
    {
      "type": "delete-node",
      "node": {
        "label": "return",
        "type": "Return"
      },
      "location-before-char-start": 39068,
      "location-before-char-end": 39089,
      "node-str": "return"
    },
    {
      "type": "delete-node",
      "node": {
        "label": "isDirty",
        "type": "Method"
      },
      "location-before-char-start": 39026,
      "location-before-char-end": 39097,
      "node-str": "isDirty"
    },
    {
      "type": "delete-node",
      "node": {
        "label": "if",
        "type": "If"
      },
      "location-before-char-start": 39146,
      "location-before-char-end": 39217,
      "node-str": "if"
    },
    {
      "type": "delete-node",
      "node": {
        "label": "setDirty",
        "type": "Method"
      },
      "location-before-char-start": 39106,
      "location-before-char-end": 39225,
      "node-str": "setDirty"
    },
    {
      "type": "delete-node",
      "node": {
        "label": "if",
        "type": "If"
      },
      "location-before-char-start": 39272,
      "location-before-char-end": 39655,
      "node-str": "if"
    },
    {
      "type": "delete-node",
      "node": {
        "label": "delete",
        "type": "Method"
      },
      "location-before-char-start": 39234,
      "location-before-char-end": 39663,
      "node-str": "delete"
    },
    {
      "type": "delete-node",
      "node": {
        "label": "if",
        "type": "If"
      },
      "location-before-char-start": 40311,
      "location-before-char-end": 40379,
      "node-str": "if"
    },
    {
      "type": "delete-node",
      "node": {
        "label": "ELSE",
        "type": "else"
      },
      "location-before-char-start": 40311,
      "location-before-char-end": 40379,
      "node-str": "ELSE"
    },
    {
      "type": "delete-node",
      "node": {
        "label": "if",
        "type": "If"
      },
      "location-before-char-start": 40204,
      "location-before-char-end": 40379,
      "node-str": "if"
    },
    {
      "type": "delete-node",
      "node": {
        "label": "flushStatus",
        "type": "Method"
      },
      "location-before-char-start": 40160,
      "location-before-char-end": 40420,
      "node-str": "flushStatus"
    },
    {
      "type": "delete-node",
      "node": {
        "label": "if",
        "type": "If"
      },
      "location-before-char-start": 41589,
      "location-before-char-end": 41921,
      "node-str": "if"
    },
    {
      "type": "delete-node",
      "node": {
        "label": "ELSE",
        "type": "else"
      },
      "location-before-char-start": 41589,
      "location-before-char-end": 41921,
      "node-str": "ELSE"
    },
    {
      "type": "delete-node",
      "node": {
        "label": "if",
        "type": "If"
      },
      "location-before-char-start": 41357,
      "location-before-char-end": 41921,
      "node-str": "if"
    },
    {
      "type": "delete-node",
      "node": {
        "label": "ELSE",
        "type": "else"
      },
      "location-before-char-start": 41357,
      "location-before-char-end": 41921,
      "node-str": "ELSE"
    },
    {
      "type": "delete-node",
      "node": {
        "label": "if",
        "type": "If"
      },
      "location-before-char-start": 41135,
      "location-before-char-end": 41921,
      "node-str": "if"
    },
    {
      "type": "delete-node",
      "node": {
        "label": "ELSE",
        "type": "else"
      },
      "location-before-char-start": 41135,
      "location-before-char-end": 41921,
      "node-str": "ELSE"
    },
    {
      "type": "delete-node",
      "node": {
        "label": "if",
        "type": "If"
      },
      "location-before-char-start": 40913,
      "location-before-char-end": 41921,
      "node-str": "if"
    },
    {
      "type": "delete-node",
      "node": {
        "label": "updateState",
        "type": "Method"
      },
      "location-before-char-start": 40834,
      "location-before-char-end": 41959,
      "node-str": "updateState"
    },
    {
      "type": "delete-node",
      "node": {
        "label": "if",
        "type": "If"
      },
      "location-before-char-start": 42342,
      "location-before-char-end": 42440,
      "node-str": "if"
    },
    {
      "type": "delete-node",
      "node": {
        "label": "ELSE",
        "type": "else"
      },
      "location-before-char-start": 42342,
      "location-before-char-end": 42440,
      "node-str": "ELSE"
    },
    {
      "type": "delete-node",
      "node": {
        "label": "if",
        "type": "If"
      },
      "location-before-char-start": 42228,
      "location-before-char-end": 42440,
      "node-str": "if"
    },
    {
      "type": "delete-node",
      "node": {
        "label": "ELSE",
        "type": "else"
      },
      "location-before-char-start": 42228,
      "location-before-char-end": 42440,
      "node-str": "ELSE"
    },
    {
      "type": "delete-node",
      "node": {
        "label": "if",
        "type": "If"
      },
      "location-before-char-start": 42120,
      "location-before-char-end": 42440,
      "node-str": "if"
    },
    {
      "type": "delete-node",
      "node": {
        "label": "ELSE",
        "type": "else"
      },
      "location-before-char-start": 42120,
      "location-before-char-end": 42440,
      "node-str": "ELSE"
    },
    {
      "type": "delete-node",
      "node": {
        "label": "if",
        "type": "If"
      },
      "location-before-char-start": 42012,
      "location-before-char-end": 42440,
      "node-str": "if"
    },
    {
      "type": "delete-node",
      "node": {
        "label": "dereference",
        "type": "Method"
      },
      "location-before-char-start": 41968,
      "location-before-char-end": 42651,
      "node-str": "dereference"
    },
    {
      "type": "delete-node",
      "node": {
        "label": "Row",
        "type": "Class"
      },
      "location-before-char-start": 37202,
      "location-before-char-end": 45163,
      "node-str": "Row"
    },
    {
      "type": "delete-node",
      "node": {
        "label": "EntityTable",
        "type": "Class"
      },
      "location-before-char-start": 1916,
      "location-before-char-end": 47785,
      "node-str": "EntityTable"
    }
  ],
  "before-file": {},
  "after-file": {},
  "mapping": {}
}