{
  "tool-info": {},
  "diff": [
    {
      "type": "insert-node",
      "node": {
        "label": "public",
        "type": "Modifier"
      },
      "location-after-char-start": 0,
      "location-after-char-end": 0,
      "node-str": "public"
    },
    {
      "type": "insert-node",
      "node": {
        "label": "",
        "type": "TypeReference"
      },
      "location-after-char-start": 2156,
      "location-after-char-end": 2174,
      "node-str": ""
    },
    {
      "type": "insert-node",
      "node": {
        "label": "mbeanRegistry",
        "type": "Field"
      },
      "location-after-char-start": 2239,
      "location-after-char-end": 2271,
      "node-str": "mbeanRegistry"
    },
    {
      "type": "insert-node",
      "node": {
        "label": "marshalledInvocationMapping",
        "type": "Field"
      },
      "location-after-char-start": 2276,
      "location-after-char-end": 2341,
      "node-str": "marshalledInvocationMapping"
    },
    {
      "type": "insert-node",
      "node": {
        "label": "exportedInterfaces",
        "type": "Field"
      },
      "location-after-char-start": 2346,
      "location-after-char-end": 2390,
      "node-str": "exportedInterfaces"
    },
    {
      "type": "insert-node",
      "node": {
        "label": "addNotificationListeners",
        "type": "Field"
      },
      "location-after-char-start": 2395,
      "location-after-char-end": 2511,
      "node-str": "addNotificationListeners"
    },
    {
      "type": "insert-node",
      "node": {
        "label": "removeNotificationListeners",
        "type": "Field"
      },
      "location-after-char-start": 2516,
      "location-after-char-end": 2638,
      "node-str": "removeNotificationListeners"
    },
    {
      "type": "insert-node",
      "node": {
        "label": "remoteListeners",
        "type": "Field"
      },
      "location-after-char-start": 2643,
      "location-after-char-end": 2800,
      "node-str": "remoteListeners"
    },
    {
      "type": "insert-node",
      "node": {
        "label": "\u003cinit\u003e",
        "type": "Constructor"
      },
      "location-after-char-start": 2806,
      "location-after-char-end": 2845,
      "node-str": "\u003cinit\u003e"
    },
    {
      "type": "insert-node",
      "node": {
        "label": "org.jboss.system.ServiceMBeanSupport",
        "type": "SUPER_TYPE"
      },
      "location-after-char-start": 0,
      "location-after-char-end": 0,
      "node-str": "org.jboss.system.ServiceMBeanSupport"
    },
    {
      "type": "insert-node",
      "node": {
        "label": "javax.management.ObjectName",
        "type": "VARIABLE_TYPE"
      },
      "location-after-char-start": 0,
      "location-after-char-end": 0,
      "node-str": "javax.management.ObjectName"
    },
    {
      "type": "insert-node",
      "node": {
        "label": "java.util.Map",
        "type": "VARIABLE_TYPE"
      },
      "location-after-char-start": 0,
      "location-after-char-end": 0,
      "node-str": "java.util.Map"
    },
    {
      "type": "insert-node",
      "node": {
        "label": "java.util.HashMap()",
        "type": "ConstructorCall"
      },
      "location-after-char-start": 2328,
      "location-after-char-end": 2340,
      "node-str": "java.util.HashMap()"
    },
    {
      "type": "insert-node",
      "node": {
        "label": "java.lang.Class[]",
        "type": "VARIABLE_TYPE"
      },
      "location-after-char-start": 0,
      "location-after-char-end": 0,
      "node-str": "java.lang.Class[]"
    },
    {
      "type": "insert-node",
      "node": {
        "label": "java.util.HashSet",
        "type": "VARIABLE_TYPE"
      },
      "location-after-char-start": 0,
      "location-after-char-end": 0,
      "node-str": "java.util.HashSet"
    },
    {
      "type": "insert-node",
      "node": {
        "label": "java.util.HashSet()",
        "type": "ConstructorCall"
      },
      "location-after-char-start": 2498,
      "location-after-char-end": 2510,
      "node-str": "java.util.HashSet()"
    },
    {
      "type": "insert-node",
      "node": {
        "label": "java.util.HashSet",
        "type": "VARIABLE_TYPE"
      },
      "location-after-char-start": 0,
      "location-after-char-end": 0,
      "node-str": "java.util.HashSet"
    },
    {
      "type": "insert-node",
      "node": {
        "label": "java.util.HashSet()",
        "type": "ConstructorCall"
      },
      "location-after-char-start": 2625,
      "location-after-char-end": 2637,
      "node-str": "java.util.HashSet()"
    },
    {
      "type": "insert-node",
      "node": {
        "label": "java.util.HashMap",
        "type": "VARIABLE_TYPE"
      },
      "location-after-char-start": 0,
      "location-after-char-end": 0,
      "node-str": "java.util.HashMap"
    },
    {
      "type": "insert-node",
      "node": {
        "label": "protected",
        "type": "Modifier"
      },
      "location-after-char-start": 0,
      "location-after-char-end": 0,
      "node-str": "protected"
    },
    {
      "type": "insert-node",
      "node": {
        "label": "java.util.HashMap()",
        "type": "ConstructorCall"
      },
      "location-after-char-start": 2787,
      "location-after-char-end": 2799,
      "node-str": "java.util.HashMap()"
    },
    {
      "type": "insert-node",
      "node": {
        "label": "public",
        "type": "Modifier"
      },
      "location-after-char-start": 0,
      "location-after-char-end": 0,
      "node-str": "public"
    },
    {
      "type": "insert-node",
      "node": {
        "label": "oldSubject",
        "type": "LocalVariable"
      },
      "location-after-char-start": 7095,
      "location-after-char-end": 7150,
      "node-str": "oldSubject"
    },
    {
      "type": "insert-node",
      "node": {
        "label": "oldCredential",
        "type": "LocalVariable"
      },
      "location-after-char-start": 7158,
      "location-after-char-end": 7212,
      "node-str": "oldCredential"
    },
    {
      "type": "insert-node",
      "node": {
        "label": "oldPrincipal",
        "type": "LocalVariable"
      },
      "location-after-char-start": 7220,
      "location-after-char-end": 7275,
      "node-str": "oldPrincipal"
    },
    {
      "type": "insert-node",
      "node": {
        "label": "javax.security.auth.Subject",
        "type": "VARIABLE_TYPE"
      },
      "location-after-char-start": 0,
      "location-after-char-end": 0,
      "node-str": "javax.security.auth.Subject"
    },
    {
      "type": "insert-node",
      "node": {
        "label": "getActiveSubject",
        "type": "Invocation"
      },
      "location-after-char-start": 7116,
      "location-after-char-end": 7149,
      "node-str": "getActiveSubject"
    },
    {
      "type": "insert-node",
      "node": {
        "label": "java.lang.Object",
        "type": "VARIABLE_TYPE"
      },
      "location-after-char-start": 0,
      "location-after-char-end": 0,
      "node-str": "java.lang.Object"
    },
    {
      "type": "insert-node",
      "node": {
        "label": "getCredential",
        "type": "Invocation"
      },
      "location-after-char-start": 7181,
      "location-after-char-end": 7211,
      "node-str": "getCredential"
    },
    {
      "type": "insert-node",
      "node": {
        "label": "java.security.Principal",
        "type": "VARIABLE_TYPE"
      },
      "location-after-char-start": 0,
      "location-after-char-end": 0,
      "node-str": "java.security.Principal"
    },
    {
      "type": "insert-node",
      "node": {
        "label": "getPrincipal",
        "type": "Invocation"
      },
      "location-after-char-start": 7245,
      "location-after-char-end": 7274,
      "node-str": "getPrincipal"
    },
    {
      "type": "update-node",
      "node": {
        "label": "clear",
        "type": "Invocation"
      },
      "location-before-char-start": 9247,
      "location-before-char-end": 9274,
      "location-after-char-start": 9485,
      "location-after-char-end": 9558,
      "node-str": "setPrincipalInfo"
    },
    {
      "type": "insert-node",
      "node": {
        "label": "org.jboss.jmx.connector.invoker.SecurityActions",
        "type": "TypeAccess"
      },
      "location-after-char-start": 6382,
      "location-after-char-end": 6396,
      "node-str": "org.jboss.jmx.connector.invoker.SecurityActions"
    },
    {
      "type": "insert-node",
      "node": {
        "label": "org.jboss.jmx.connector.invoker.SecurityActions",
        "type": "TypeAccess"
      },
      "location-after-char-start": 7116,
      "location-after-char-end": 7130,
      "node-str": "org.jboss.jmx.connector.invoker.SecurityActions"
    },
    {
      "type": "insert-node",
      "node": {
        "label": "org.jboss.jmx.connector.invoker.SecurityActions",
        "type": "TypeAccess"
      },
      "location-after-char-start": 7181,
      "location-after-char-end": 7195,
      "node-str": "org.jboss.jmx.connector.invoker.SecurityActions"
    },
    {
      "type": "insert-node",
      "node": {
        "label": "org.jboss.jmx.connector.invoker.SecurityActions",
        "type": "TypeAccess"
      },
      "location-after-char-start": 7245,
      "location-after-char-end": 7259,
      "node-str": "org.jboss.jmx.connector.invoker.SecurityActions"
    },
    {
      "type": "update-node",
      "node": {
        "label": "org.jboss.security.SecurityAssociation",
        "type": "TypeAccess"
      },
      "location-before-char-start": 9247,
      "location-before-char-end": 9265,
      "location-after-char-start": 9485,
      "location-after-char-end": 9499,
      "node-str": "org.jboss.jmx.connector.invoker.SecurityActions"
    },
    {
      "type": "insert-node",
      "node": {
        "label": "oldPrincipal",
        "type": "VariableRead"
      },
      "location-after-char-start": 9518,
      "location-after-char-end": 9529,
      "node-str": "oldPrincipal"
    },
    {
      "type": "insert-node",
      "node": {
        "label": "oldCredential",
        "type": "VariableRead"
      },
      "location-after-char-start": 9532,
      "location-after-char-end": 9544,
      "node-str": "oldCredential"
    },
    {
      "type": "insert-node",
      "node": {
        "label": "oldSubject",
        "type": "VariableRead"
      },
      "location-after-char-start": 9547,
      "location-after-char-end": 9556,
      "node-str": "oldSubject"
    },
    {
      "type": "insert-node",
      "node": {
        "label": "org.jboss.jmx.connector.invoker.SecurityActions",
        "type": "TypeAccess"
      },
      "location-after-char-start": 7000,
      "location-after-char-end": 7014,
      "node-str": "org.jboss.jmx.connector.invoker.SecurityActions"
    },
    {
      "type": "insert-node",
      "node": {
        "label": "org.jboss.jmx.connector.invoker.SecurityActions",
        "type": "TypeAccess"
      },
      "location-after-char-start": 9618,
      "location-after-char-end": 9632,
      "node-str": "org.jboss.jmx.connector.invoker.SecurityActions"
    },
    {
      "type": "delete-node",
      "node": {
        "label": "public",
        "type": "Modifier"
      },
      "location-before-char-start": 0,
      "location-before-char-end": 0,
      "node-str": "public"
    },
    {
      "type": "delete-node",
      "node": {
        "label": "org.jboss.system.ServiceMBeanSupport",
        "type": "SUPER_TYPE"
      },
      "location-before-char-start": 0,
      "location-before-char-end": 0,
      "node-str": "org.jboss.system.ServiceMBeanSupport"
    },
    {
      "type": "delete-node",
      "node": {
        "label": "",
        "type": "TypeReference"
      },
      "location-before-char-start": 2120,
      "location-before-char-end": 2138,
      "node-str": ""
    },
    {
      "type": "delete-node",
      "node": {
        "label": "javax.management.ObjectName",
        "type": "VARIABLE_TYPE"
      },
      "location-before-char-start": 0,
      "location-before-char-end": 0,
      "node-str": "javax.management.ObjectName"
    },
    {
      "type": "delete-node",
      "node": {
        "label": "mbeanRegistry",
        "type": "Field"
      },
      "location-before-char-start": 2203,
      "location-before-char-end": 2235,
      "node-str": "mbeanRegistry"
    },
    {
      "type": "delete-node",
      "node": {
        "label": "java.util.Map",
        "type": "VARIABLE_TYPE"
      },
      "location-before-char-start": 0,
      "location-before-char-end": 0,
      "node-str": "java.util.Map"
    },
    {
      "type": "delete-node",
      "node": {
        "label": "java.util.HashMap()",
        "type": "ConstructorCall"
      },
      "location-before-char-start": 2292,
      "location-before-char-end": 2304,
      "node-str": "java.util.HashMap()"
    },
    {
      "type": "delete-node",
      "node": {
        "label": "marshalledInvocationMapping",
        "type": "Field"
      },
      "location-before-char-start": 2240,
      "location-before-char-end": 2305,
      "node-str": "marshalledInvocationMapping"
    },
    {
      "type": "delete-node",
      "node": {
        "label": "java.lang.Class[]",
        "type": "VARIABLE_TYPE"
      },
      "location-before-char-start": 0,
      "location-before-char-end": 0,
      "node-str": "java.lang.Class[]"
    },
    {
      "type": "delete-node",
      "node": {
        "label": "exportedInterfaces",
        "type": "Field"
      },
      "location-before-char-start": 2310,
      "location-before-char-end": 2354,
      "node-str": "exportedInterfaces"
    },
    {
      "type": "delete-node",
      "node": {
        "label": "java.util.HashSet",
        "type": "VARIABLE_TYPE"
      },
      "location-before-char-start": 0,
      "location-before-char-end": 0,
      "node-str": "java.util.HashSet"
    },
    {
      "type": "delete-node",
      "node": {
        "label": "java.util.HashSet()",
        "type": "ConstructorCall"
      },
      "location-before-char-start": 2462,
      "location-before-char-end": 2474,
      "node-str": "java.util.HashSet()"
    },
    {
      "type": "delete-node",
      "node": {
        "label": "addNotificationListeners",
        "type": "Field"
      },
      "location-before-char-start": 2359,
      "location-before-char-end": 2475,
      "node-str": "addNotificationListeners"
    },
    {
      "type": "delete-node",
      "node": {
        "label": "java.util.HashSet",
        "type": "VARIABLE_TYPE"
      },
      "location-before-char-start": 0,
      "location-before-char-end": 0,
      "node-str": "java.util.HashSet"
    },
    {
      "type": "delete-node",
      "node": {
        "label": "java.util.HashSet()",
        "type": "ConstructorCall"
      },
      "location-before-char-start": 2589,
      "location-before-char-end": 2601,
      "node-str": "java.util.HashSet()"
    },
    {
      "type": "delete-node",
      "node": {
        "label": "removeNotificationListeners",
        "type": "Field"
      },
      "location-before-char-start": 2480,
      "location-before-char-end": 2602,
      "node-str": "removeNotificationListeners"
    },
    {
      "type": "delete-node",
      "node": {
        "label": "java.util.HashMap",
        "type": "VARIABLE_TYPE"
      },
      "location-before-char-start": 0,
      "location-before-char-end": 0,
      "node-str": "java.util.HashMap"
    },
    {
      "type": "delete-node",
      "node": {
        "label": "protected",
        "type": "Modifier"
      },
      "location-before-char-start": 0,
      "location-before-char-end": 0,
      "node-str": "protected"
    },
    {
      "type": "delete-node",
      "node": {
        "label": "java.util.HashMap()",
        "type": "ConstructorCall"
      },
      "location-before-char-start": 2751,
      "location-before-char-end": 2763,
      "node-str": "java.util.HashMap()"
    },
    {
      "type": "delete-node",
      "node": {
        "label": "remoteListeners",
        "type": "Field"
      },
      "location-before-char-start": 2607,
      "location-before-char-end": 2764,
      "node-str": "remoteListeners"
    },
    {
      "type": "delete-node",
      "node": {
        "label": "public",
        "type": "Modifier"
      },
      "location-before-char-start": 0,
      "location-before-char-end": 0,
      "node-str": "public"
    },
    {
      "type": "delete-node",
      "node": {
        "label": "\u003cinit\u003e",
        "type": "Constructor"
      },
      "location-before-char-start": 2770,
      "location-before-char-end": 2809,
      "node-str": "\u003cinit\u003e"
    },
    {
      "type": "delete-node",
      "node": {
        "label": "java.lang.Thread",
        "type": "VARIABLE_TYPE"
      },
      "location-before-char-start": 0,
      "location-before-char-end": 0,
      "node-str": "java.lang.Thread"
    },
    {
      "type": "delete-node",
      "node": {
        "label": "java.lang.Thread",
        "type": "TypeAccess"
      },
      "location-before-char-start": 6342,
      "location-before-char-end": 6347,
      "node-str": "java.lang.Thread"
    },
    {
      "type": "delete-node",
      "node": {
        "label": "currentThread",
        "type": "Invocation"
      },
      "location-before-char-start": 6342,
      "location-before-char-end": 6363,
      "node-str": "currentThread"
    },
    {
      "type": "delete-node",
      "node": {
        "label": "thread",
        "type": "LocalVariable"
      },
      "location-before-char-start": 6326,
      "location-before-char-end": 6364,
      "node-str": "thread"
    },
    {
      "type": "delete-node",
      "node": {
        "label": "thread",
        "type": "VariableRead"
      },
      "location-before-char-start": 6392,
      "location-before-char-end": 6397,
      "node-str": "thread"
    },
    {
      "type": "delete-node",
      "node": {
        "label": "thread",
        "type": "VariableRead"
      },
      "location-before-char-start": 7001,
      "location-before-char-end": 7006,
      "node-str": "thread"
    },
    {
      "type": "delete-node",
      "node": {
        "label": "thread",
        "type": "VariableRead"
      },
      "location-before-char-start": 9334,
      "location-before-char-end": 9339,
      "node-str": "thread"
    }
  ],
  "before-file": {},
  "after-file": {},
  "mapping": {}
}