{
  "tool-info": {},
  "diff": [
    {
      "type": "insert-node",
      "node": {
        "label": "public",
        "type": "Modifier"
      },
      "location-after-char-start": 0,
      "location-after-char-end": 0,
      "node-str": "public"
    },
    {
      "type": "insert-node",
      "node": {
        "label": "",
        "type": "TypeReference"
      },
      "location-after-char-start": 2686,
      "location-after-char-end": 2699,
      "node-str": ""
    },
    {
      "type": "insert-node",
      "node": {
        "label": "tabLocation",
        "type": "Field"
      },
      "location-after-char-start": 2800,
      "location-after-char-end": 2828,
      "node-str": "tabLocation"
    },
    {
      "type": "insert-node",
      "node": {
        "label": "tabFolder",
        "type": "Field"
      },
      "location-after-char-start": 2862,
      "location-after-char-end": 2898,
      "node-str": "tabFolder"
    },
    {
      "type": "insert-node",
      "node": {
        "label": "mapTabToEditor",
        "type": "Field"
      },
      "location-after-char-start": 2901,
      "location-after-char-end": 2943,
      "node-str": "mapTabToEditor"
    },
    {
      "type": "insert-node",
      "node": {
        "label": "pullDownBar",
        "type": "Field"
      },
      "location-after-char-start": 2946,
      "location-after-char-end": 2973,
      "node-str": "pullDownBar"
    },
    {
      "type": "insert-node",
      "node": {
        "label": "pullDownButton",
        "type": "Field"
      },
      "location-after-char-start": 2976,
      "location-after-char-end": 3007,
      "node-str": "pullDownButton"
    },
    {
      "type": "insert-node",
      "node": {
        "label": "editorList",
        "type": "Field"
      },
      "location-after-char-start": 3010,
      "location-after-char-end": 3039,
      "node-str": "editorList"
    },
    {
      "type": "insert-node",
      "node": {
        "label": "listComposite",
        "type": "Field"
      },
      "location-after-char-start": 3042,
      "location-after-char-end": 3072,
      "node-str": "listComposite"
    },
    {
      "type": "insert-node",
      "node": {
        "label": "assignFocusOnSelection",
        "type": "Field"
      },
      "location-after-char-start": 3075,
      "location-after-char-end": 3120,
      "node-str": "assignFocusOnSelection"
    },
    {
      "type": "insert-node",
      "node": {
        "label": "ignoreTabFocusHide",
        "type": "Field"
      },
      "location-after-char-start": 3123,
      "location-after-char-end": 3165,
      "node-str": "ignoreTabFocusHide"
    },
    {
      "type": "insert-node",
      "node": {
        "label": "handleTabSelection",
        "type": "Field"
      },
      "location-after-char-start": 3168,
      "location-after-char-end": 3209,
      "node-str": "handleTabSelection"
    },
    {
      "type": "insert-node",
      "node": {
        "label": "mouseDownListenerAdded",
        "type": "Field"
      },
      "location-after-char-start": 3212,
      "location-after-char-end": 3258,
      "node-str": "mouseDownListenerAdded"
    },
    {
      "type": "insert-node",
      "node": {
        "label": "usePulldown",
        "type": "Field"
      },
      "location-after-char-start": 3261,
      "location-after-char-end": 3296,
      "node-str": "usePulldown"
    },
    {
      "type": "insert-node",
      "node": {
        "label": "propertyChangeListener",
        "type": "Field"
      },
      "location-after-char-start": 4506,
      "location-after-char-end": 4924,
      "node-str": "propertyChangeListener"
    },
    {
      "type": "move-subtree",
      "node": {
        "label": "addListener",
        "type": "Invocation"
      },
      "location-before-char-start": 15505,
      "location-before-char-end": 15682,
      "location-after-char-start": 15529,
      "location-after-char-end": 15698,
      "node-str": "addControlListener"
    },
    {
      "type": "insert-node",
      "node": {
        "label": "org.eclipse.ui.internal.EditorWorkbook",
        "type": "SUPER_TYPE"
      },
      "location-after-char-start": 0,
      "location-after-char-end": 0,
      "node-str": "org.eclipse.ui.internal.EditorWorkbook"
    },
    {
      "type": "insert-node",
      "node": {
        "label": "int",
        "type": "VARIABLE_TYPE"
      },
      "location-after-char-start": 0,
      "location-after-char-end": 0,
      "node-str": "int"
    },
    {
      "type": "insert-node",
      "node": {
        "label": "NEG",
        "type": "UnaryOperator"
      },
      "location-after-char-start": 2826,
      "location-after-char-end": 2827,
      "node-str": "NEG"
    },
    {
      "type": "insert-node",
      "node": {
        "label": "org.eclipse.swt.custom.CTabFolder2",
        "type": "VARIABLE_TYPE"
      },
      "location-after-char-start": 0,
      "location-after-char-end": 0,
      "node-str": "org.eclipse.swt.custom.CTabFolder2"
    },
    {
      "type": "insert-node",
      "node": {
        "label": "null",
        "type": "Literal"
      },
      "location-after-char-start": 2894,
      "location-after-char-end": 2897,
      "node-str": "null"
    },
    {
      "type": "insert-node",
      "node": {
        "label": "java.util.Map",
        "type": "VARIABLE_TYPE"
      },
      "location-after-char-start": 0,
      "location-after-char-end": 0,
      "node-str": "java.util.Map"
    },
    {
      "type": "insert-node",
      "node": {
        "label": "java.util.HashMap()",
        "type": "ConstructorCall"
      },
      "location-after-char-start": 2930,
      "location-after-char-end": 2942,
      "node-str": "java.util.HashMap()"
    },
    {
      "type": "insert-node",
      "node": {
        "label": "org.eclipse.swt.widgets.ToolBar",
        "type": "VARIABLE_TYPE"
      },
      "location-after-char-start": 0,
      "location-after-char-end": 0,
      "node-str": "org.eclipse.swt.widgets.ToolBar"
    },
    {
      "type": "insert-node",
      "node": {
        "label": "org.eclipse.swt.widgets.ToolItem",
        "type": "VARIABLE_TYPE"
      },
      "location-after-char-start": 0,
      "location-after-char-end": 0,
      "node-str": "org.eclipse.swt.widgets.ToolItem"
    },
    {
      "type": "insert-node",
      "node": {
        "label": "org.eclipse.ui.internal.EditorList",
        "type": "VARIABLE_TYPE"
      },
      "location-after-char-start": 0,
      "location-after-char-end": 0,
      "node-str": "org.eclipse.ui.internal.EditorList"
    },
    {
      "type": "insert-node",
      "node": {
        "label": "org.eclipse.swt.custom.ViewForm",
        "type": "VARIABLE_TYPE"
      },
      "location-after-char-start": 0,
      "location-after-char-end": 0,
      "node-str": "org.eclipse.swt.custom.ViewForm"
    },
    {
      "type": "insert-node",
      "node": {
        "label": "boolean",
        "type": "VARIABLE_TYPE"
      },
      "location-after-char-start": 0,
      "location-after-char-end": 0,
      "node-str": "boolean"
    },
    {
      "type": "insert-node",
      "node": {
        "label": "true",
        "type": "Literal"
      },
      "location-after-char-start": 3116,
      "location-after-char-end": 3119,
      "node-str": "true"
    },
    {
      "type": "insert-node",
      "node": {
        "label": "boolean",
        "type": "VARIABLE_TYPE"
      },
      "location-after-char-start": 0,
      "location-after-char-end": 0,
      "node-str": "boolean"
    },
    {
      "type": "insert-node",
      "node": {
        "label": "false",
        "type": "Literal"
      },
      "location-after-char-start": 3160,
      "location-after-char-end": 3164,
      "node-str": "false"
    },
    {
      "type": "insert-node",
      "node": {
        "label": "boolean",
        "type": "VARIABLE_TYPE"
      },
      "location-after-char-start": 0,
      "location-after-char-end": 0,
      "node-str": "boolean"
    },
    {
      "type": "insert-node",
      "node": {
        "label": "true",
        "type": "Literal"
      },
      "location-after-char-start": 3205,
      "location-after-char-end": 3208,
      "node-str": "true"
    },
    {
      "type": "insert-node",
      "node": {
        "label": "boolean",
        "type": "VARIABLE_TYPE"
      },
      "location-after-char-start": 0,
      "location-after-char-end": 0,
      "node-str": "boolean"
    },
    {
      "type": "insert-node",
      "node": {
        "label": "false",
        "type": "Literal"
      },
      "location-after-char-start": 3253,
      "location-after-char-end": 3257,
      "node-str": "false"
    },
    {
      "type": "insert-node",
      "node": {
        "label": "boolean",
        "type": "VARIABLE_TYPE"
      },
      "location-after-char-start": 0,
      "location-after-char-end": 0,
      "node-str": "boolean"
    },
    {
      "type": "insert-node",
      "node": {
        "label": "false",
        "type": "Literal"
      },
      "location-after-char-start": 3291,
      "location-after-char-end": 3295,
      "node-str": "false"
    },
    {
      "type": "insert-node",
      "node": {
        "label": "org.eclipse.jface.util.IPropertyChangeListener",
        "type": "VARIABLE_TYPE"
      },
      "location-after-char-start": 0,
      "location-after-char-end": 0,
      "node-str": "org.eclipse.jface.util.IPropertyChangeListener"
    },
    {
      "type": "insert-node",
      "node": {
        "label": "final",
        "type": "Modifier"
      },
      "location-after-char-start": 0,
      "location-after-char-end": 0,
      "node-str": "final"
    },
    {
      "type": "insert-node",
      "node": {
        "label": "org.eclipse.jface.util.IPropertyChangeListener()",
        "type": "NewClass"
      },
      "location-after-char-start": 4569,
      "location-after-char-end": 4923,
      "node-str": "org.eclipse.jface.util.IPropertyChangeListener()"
    },
    {
      "type": "insert-node",
      "node": {
        "label": "void",
        "type": "RETURN_TYPE"
      },
      "location-after-char-start": 0,
      "location-after-char-end": 0,
      "node-str": "void"
    },
    {
      "type": "insert-node",
      "node": {
        "label": "protected",
        "type": "Modifier"
      },
      "location-after-char-start": 0,
      "location-after-char-end": 0,
      "node-str": "protected"
    },
    {
      "type": "insert-node",
      "node": {
        "label": "parent",
        "type": "Parameter"
      },
      "location-after-char-start": 4963,
      "location-after-char-end": 4984,
      "node-str": "parent"
    },
    {
      "type": "insert-node",
      "node": {
        "label": "single",
        "type": "LocalVariable"
      },
      "location-after-char-start": 5085,
      "location-after-char-end": 5178,
      "node-str": "single"
    },
    {
      "type": "insert-node",
      "node": {
        "label": "style",
        "type": "LocalVariable"
      },
      "location-after-char-start": 5183,
      "location-after-char-end": 5230,
      "node-str": "style"
    },
    {
      "type": "insert-node",
      "node": {
        "label": "if",
        "type": "If"
      },
      "location-after-char-start": 5235,
      "location-after-char-end": 5269,
      "node-str": "if"
    },
    {
      "type": "insert-node",
      "node": {
        "label": "addPropertyChangeListener",
        "type": "Invocation"
      },
      "location-after-char-start": 5274,
      "location-after-char-end": 5339,
      "node-str": "addPropertyChangeListener"
    },
    {
      "type": "insert-node",
      "node": {
        "label": "\u003d",
        "type": "Assignment"
      },
      "location-after-char-start": 5346,
      "location-after-char-end": 5388,
      "node-str": "\u003d"
    },
    {
      "type": "insert-node",
      "node": {
        "label": "setBorderVisible",
        "type": "Invocation"
      },
      "location-after-char-start": 5392,
      "location-after-char-end": 5425,
      "node-str": "setBorderVisible"
    },
    {
      "type": "insert-node",
      "node": {
        "label": "setTabColors",
        "type": "Invocation"
      },
      "location-after-char-start": 5429,
      "location-after-char-end": 5471,
      "node-str": "setTabColors"
    },
    {
      "type": "insert-node",
      "node": {
        "label": "addSelectionListener",
        "type": "Invocation"
      },
      "location-after-char-start": 10023,
      "location-after-char-end": 10170,
      "node-str": "addSelectionListener"
    },
    {
      "type": "insert-node",
      "node": {
        "label": "addListener",
        "type": "Invocation"
      },
      "location-after-char-start": 10218,
      "location-after-char-end": 10338,
      "node-str": "addListener"
    },
    {
      "type": "insert-node",
      "node": {
        "label": "setDisabledImage",
        "type": "Invocation"
      },
      "location-after-char-start": 12395,
      "location-after-char-end": 12436,
      "node-str": "setDisabledImage"
    },
    {
      "type": "insert-node",
      "node": {
        "label": "setImage",
        "type": "Invocation"
      },
      "location-after-char-start": 12440,
      "location-after-char-end": 12473,
      "node-str": "setImage"
    },
    {
      "type": "update-node",
      "node": {
        "label": "addListener",
        "type": "Invocation"
      },
      "location-before-char-start": 15505,
      "location-before-char-end": 15682,
      "location-after-char-start": 15529,
      "location-after-char-end": 15698,
      "node-str": "addControlListener"
    },
    {
      "type": "insert-node",
      "node": {
        "label": "addListener",
        "type": "Invocation"
      },
      "location-after-char-start": 16257,
      "location-after-char-end": 16434,
      "node-str": "addListener"
    },
    {
      "type": "insert-node",
      "node": {
        "label": "1",
        "type": "Literal"
      },
      "location-after-char-start": 2827,
      "location-after-char-end": 2827,
      "node-str": "1"
    },
    {
      "type": "insert-node",
      "node": {
        "label": "1",
        "type": "Class"
      },
      "location-after-char-start": 4599,
      "location-after-char-end": 4923,
      "node-str": "1"
    },
    {
      "type": "insert-node",
      "node": {
        "label": "org.eclipse.swt.widgets.Composite",
        "type": "VARIABLE_TYPE"
      },
      "location-after-char-start": 0,
      "location-after-char-end": 0,
      "node-str": "org.eclipse.swt.widgets.Composite"
    },
    {
      "type": "insert-node",
      "node": {
        "label": "final",
        "type": "Modifier"
      },
      "location-after-char-start": 0,
      "location-after-char-end": 0,
      "node-str": "final"
    },
    {
      "type": "insert-node",
      "node": {
        "label": "boolean",
        "type": "VARIABLE_TYPE"
      },
      "location-after-char-start": 0,
      "location-after-char-end": 0,
      "node-str": "boolean"
    },
    {
      "type": "insert-node",
      "node": {
        "label": "NOT",
        "type": "UnaryOperator"
      },
      "location-after-char-start": 5102,
      "location-after-char-end": 5177,
      "node-str": "NOT"
    },
    {
      "type": "insert-node",
      "node": {
        "label": "int",
        "type": "VARIABLE_TYPE"
      },
      "location-after-char-start": 0,
      "location-after-char-end": 0,
      "node-str": "int"
    },
    {
      "type": "insert-node",
      "node": {
        "label": "BITOR",
        "type": "BinaryOperator"
      },
      "location-after-char-start": 5195,
      "location-after-char-end": 5229,
      "node-str": "BITOR"
    },
    {
      "type": "insert-node",
      "node": {
        "label": "single",
        "type": "VariableRead"
      },
      "location-after-char-start": 5239,
      "location-after-char-end": 5244,
      "node-str": "single"
    },
    {
      "type": "insert-node",
      "node": {
        "label": "THEN",
        "type": "then"
      },
      "location-after-char-start": 5250,
      "location-after-char-end": 5269,
      "node-str": "THEN"
    },
    {
      "type": "insert-node",
      "node": {
        "label": "preferenceStore",
        "type": "FieldRead"
      },
      "location-after-char-start": 5274,
      "location-after-char-end": 5288,
      "node-str": "preferenceStore"
    },
    {
      "type": "insert-node",
      "node": {
        "label": "propertyChangeListener",
        "type": "FieldRead"
      },
      "location-after-char-start": 5316,
      "location-after-char-end": 5337,
      "node-str": "propertyChangeListener"
    },
    {
      "type": "insert-node",
      "node": {
        "label": "tabFolder",
        "type": "FieldWrite"
      },
      "location-after-char-start": 5346,
      "location-after-char-end": 5354,
      "node-str": "tabFolder"
    },
    {
      "type": "insert-node",
      "node": {
        "label": "java.lang.Object()",
        "type": "ConstructorCall"
      },
      "location-after-char-start": 5358,
      "location-after-char-end": 5387,
      "node-str": "java.lang.Object()"
    },
    {
      "type": "insert-node",
      "node": {
        "label": "tabFolder",
        "type": "FieldRead"
      },
      "location-after-char-start": 5392,
      "location-after-char-end": 5400,
      "node-str": "tabFolder"
    },
    {
      "type": "insert-node",
      "node": {
        "label": "false",
        "type": "Literal"
      },
      "location-after-char-start": 5419,
      "location-after-char-end": 5423,
      "node-str": "false"
    },
    {
      "type": "insert-node",
      "node": {
        "label": "org.eclipse.jface.window.ColorSchemeService",
        "type": "TypeAccess"
      },
      "location-after-char-start": 5429,
      "location-after-char-end": 5446,
      "node-str": "org.eclipse.jface.window.ColorSchemeService"
    },
    {
      "type": "insert-node",
      "node": {
        "label": "tabFolder",
        "type": "FieldRead"
      },
      "location-after-char-start": 5461,
      "location-after-char-end": 5469,
      "node-str": "tabFolder"
    },
    {
      "type": "insert-node",
      "node": {
        "label": "tabFolder",
        "type": "FieldRead"
      },
      "location-after-char-start": 10023,
      "location-after-char-end": 10031,
      "node-str": "tabFolder"
    },
    {
      "type": "insert-node",
      "node": {
        "label": "org.eclipse.swt.events.SelectionAdapter()",
        "type": "NewClass"
      },
      "location-after-char-start": 10054,
      "location-after-char-end": 10168,
      "node-str": "org.eclipse.swt.events.SelectionAdapter()"
    },
    {
      "type": "insert-node",
      "node": {
        "label": "tabFolder",
        "type": "FieldRead"
      },
      "location-after-char-start": 10218,
      "location-after-char-end": 10226,
      "node-str": "tabFolder"
    },
    {
      "type": "insert-node",
      "node": {
        "label": "SWT.Resize",
        "type": "TypeAccess"
      },
      "location-after-char-start": 10240,
      "location-after-char-end": 10249,
      "node-str": "SWT.Resize"
    },
    {
      "type": "insert-node",
      "node": {
        "label": "org.eclipse.swt.widgets.Listener()",
        "type": "NewClass"
      },
      "location-after-char-start": 10252,
      "location-after-char-end": 10336,
      "node-str": "org.eclipse.swt.widgets.Listener()"
    },
    {
      "type": "insert-node",
      "node": {
        "label": "pullDownButton",
        "type": "FieldRead"
      },
      "location-after-char-start": 12395,
      "location-after-char-end": 12408,
      "node-str": "pullDownButton"
    },
    {
      "type": "insert-node",
      "node": {
        "label": "hotImage",
        "type": "VariableRead"
      },
      "location-after-char-start": 12427,
      "location-after-char-end": 12434,
      "node-str": "hotImage"
    },
    {
      "type": "insert-node",
      "node": {
        "label": "pullDownButton",
        "type": "FieldRead"
      },
      "location-after-char-start": 12440,
      "location-after-char-end": 12453,
      "node-str": "pullDownButton"
    },
    {
      "type": "insert-node",
      "node": {
        "label": "hotImage",
        "type": "VariableRead"
      },
      "location-after-char-start": 12464,
      "location-after-char-end": 12471,
      "node-str": "hotImage"
    },
    {
      "type": "update-node",
      "node": {
        "label": "editorListControl",
        "type": "VariableRead"
      },
      "location-before-char-start": 15505,
      "location-before-char-end": 15521,
      "location-after-char-start": 15529,
      "location-after-char-end": 15534,
      "node-str": "parent"
    },
    {
      "type": "update-node",
      "node": {
        "label": "org.eclipse.swt.widgets.Listener()",
        "type": "NewClass"
      },
      "location-before-char-start": 15551,
      "location-before-char-end": 15680,
      "location-after-char-start": 15555,
      "location-after-char-end": 15696,
      "node-str": "org.eclipse.swt.events.ControlAdapter()"
    },
    {
      "type": "insert-node",
      "node": {
        "label": "editorListControl",
        "type": "VariableRead"
      },
      "location-after-char-start": 16257,
      "location-after-char-end": 16273,
      "node-str": "editorListControl"
    },
    {
      "type": "move-subtree",
      "node": {
        "label": "SWT.Deactivate",
        "type": "TypeAccess"
      },
      "location-before-char-start": 15535,
      "location-before-char-end": 15548,
      "location-after-char-start": 16287,
      "location-after-char-end": 16300,
      "node-str": "SWT.Deactivate"
    },
    {
      "type": "insert-node",
      "node": {
        "label": "org.eclipse.swt.widgets.Listener()",
        "type": "NewClass"
      },
      "location-after-char-start": 16303,
      "location-after-char-end": 16432,
      "node-str": "org.eclipse.swt.widgets.Listener()"
    },
    {
      "type": "insert-node",
      "node": {
        "label": "",
        "type": "TypeReference"
      },
      "location-after-char-start": 0,
      "location-after-char-end": 0,
      "node-str": ""
    },
    {
      "type": "insert-node",
      "node": {
        "label": "propertyChange",
        "type": "Method"
      },
      "location-after-char-start": 4603,
      "location-after-char-end": 4920,
      "node-str": "propertyChange"
    },
    {
      "type": "insert-node",
      "node": {
        "label": "getBoolean",
        "type": "Invocation"
      },
      "location-after-char-start": 5103,
      "location-after-char-end": 5177,
      "node-str": "getBoolean"
    },
    {
      "type": "insert-node",
      "node": {
        "label": "BITOR",
        "type": "BinaryOperator"
      },
      "location-after-char-start": 5195,
      "location-after-char-end": 5215,
      "node-str": "BITOR"
    },
    {
      "type": "insert-node",
      "node": {
        "label": "tabLocation",
        "type": "FieldRead"
      },
      "location-after-char-start": 5219,
      "location-after-char-end": 5229,
      "node-str": "tabLocation"
    },
    {
      "type": "insert-node",
      "node": {
        "label": "",
        "type": "OperatorAssignment"
      },
      "location-after-char-start": 5250,
      "location-after-char-end": 5269,
      "node-str": ""
    },
    {
      "type": "insert-node",
      "node": {
        "label": "org.eclipse.ui.internal.TabbedEditorWorkbook",
        "type": "TypeAccess"
      },
      "location-after-char-start": 0,
      "location-after-char-end": 0,
      "node-str": "org.eclipse.ui.internal.TabbedEditorWorkbook"
    },
    {
      "type": "insert-node",
      "node": {
        "label": "org.eclipse.ui.internal.TabbedEditorWorkbook",
        "type": "TypeAccess"
      },
      "location-after-char-start": 0,
      "location-after-char-end": 0,
      "node-str": "org.eclipse.ui.internal.TabbedEditorWorkbook"
    },
    {
      "type": "insert-node",
      "node": {
        "label": "org.eclipse.ui.internal.TabbedEditorWorkbook",
        "type": "TypeAccess"
      },
      "location-after-char-start": 0,
      "location-after-char-end": 0,
      "node-str": "org.eclipse.ui.internal.TabbedEditorWorkbook"
    },
    {
      "type": "insert-node",
      "node": {
        "label": "parent",
        "type": "VariableRead"
      },
      "location-after-char-start": 5374,
      "location-after-char-end": 5379,
      "node-str": "parent"
    },
    {
      "type": "insert-node",
      "node": {
        "label": "style",
        "type": "VariableRead"
      },
      "location-after-char-start": 5382,
      "location-after-char-end": 5386,
      "node-str": "style"
    },
    {
      "type": "insert-node",
      "node": {
        "label": "org.eclipse.ui.internal.TabbedEditorWorkbook",
        "type": "TypeAccess"
      },
      "location-after-char-start": 0,
      "location-after-char-end": 0,
      "node-str": "org.eclipse.ui.internal.TabbedEditorWorkbook"
    },
    {
      "type": "insert-node",
      "node": {
        "label": "org.eclipse.ui.internal.TabbedEditorWorkbook",
        "type": "TypeAccess"
      },
      "location-after-char-start": 0,
      "location-after-char-end": 0,
      "node-str": "org.eclipse.ui.internal.TabbedEditorWorkbook"
    },
    {
      "type": "update-node",
      "node": {
        "label": "1",
        "type": "Class"
      },
      "location-before-char-start": 4987,
      "location-before-char-end": 5189,
      "location-after-char-start": 5746,
      "location-after-char-end": 5948,
      "node-str": "2"
    },
    {
      "type": "update-node",
      "node": {
        "label": "2",
        "type": "Class"
      },
      "location-before-char-start": 5489,
      "location-before-char-end": 9208,
      "location-after-char-start": 6248,
      "location-after-char-end": 9967,
      "node-str": "3"
    },
    {
      "type": "insert-node",
      "node": {
        "label": "org.eclipse.ui.internal.TabbedEditorWorkbook",
        "type": "TypeAccess"
      },
      "location-after-char-start": 0,
      "location-after-char-end": 0,
      "node-str": "org.eclipse.ui.internal.TabbedEditorWorkbook"
    },
    {
      "type": "insert-node",
      "node": {
        "label": "4",
        "type": "Class"
      },
      "location-after-char-start": 10077,
      "location-after-char-end": 10168,
      "node-str": "4"
    },
    {
      "type": "insert-node",
      "node": {
        "label": "org.eclipse.ui.internal.TabbedEditorWorkbook",
        "type": "TypeAccess"
      },
      "location-after-char-start": 0,
      "location-after-char-end": 0,
      "node-str": "org.eclipse.ui.internal.TabbedEditorWorkbook"
    },
    {
      "type": "insert-node",
      "node": {
        "label": "5",
        "type": "Class"
      },
      "location-after-char-start": 10267,
      "location-after-char-end": 10336,
      "node-str": "5"
    },
    {
      "type": "update-node",
      "node": {
        "label": "5",
        "type": "Class"
      },
      "location-before-char-start": 9683,
      "location-before-char-end": 10412,
      "location-after-char-start": 10442,
      "location-after-char-end": 11171,
      "node-str": "6"
    },
    {
      "type": "update-node",
      "node": {
        "label": "6",
        "type": "Class"
      },
      "location-before-char-start": 10513,
      "location-before-char-end": 10980,
      "location-after-char-start": 11272,
      "location-after-char-end": 11739,
      "node-str": "7"
    },
    {
      "type": "insert-node",
      "node": {
        "label": "org.eclipse.ui.internal.TabbedEditorWorkbook",
        "type": "TypeAccess"
      },
      "location-after-char-start": 0,
      "location-after-char-end": 0,
      "node-str": "org.eclipse.ui.internal.TabbedEditorWorkbook"
    },
    {
      "type": "insert-node",
      "node": {
        "label": "org.eclipse.ui.internal.TabbedEditorWorkbook",
        "type": "TypeAccess"
      },
      "location-after-char-start": 0,
      "location-after-char-end": 0,
      "node-str": "org.eclipse.ui.internal.TabbedEditorWorkbook"
    },
    {
      "type": "update-node",
      "node": {
        "label": "7",
        "type": "Class"
      },
      "location-before-char-start": 11927,
      "location-before-char-end": 12071,
      "location-after-char-start": 12686,
      "location-after-char-end": 12830,
      "node-str": "8"
    },
    {
      "type": "update-node",
      "node": {
        "label": "8",
        "type": "Class"
      },
      "location-before-char-start": 12478,
      "location-before-char-end": 12915,
      "location-after-char-start": 13237,
      "location-after-char-end": 13667,
      "node-str": "9"
    },
    {
      "type": "update-node",
      "node": {
        "label": "9",
        "type": "Class"
      },
      "location-before-char-start": 14688,
      "location-before-char-end": 14771,
      "location-after-char-start": 15440,
      "location-after-char-end": 15523,
      "node-str": "10"
    },
    {
      "type": "insert-node",
      "node": {
        "label": "12",
        "type": "Class"
      },
      "location-after-char-start": 16318,
      "location-after-char-end": 16432,
      "node-str": "12"
    },
    {
      "type": "insert-node",
      "node": {
        "label": "org.eclipse.jface.util.IPropertyChangeListener",
        "type": "SUPER_TYPE"
      },
      "location-after-char-start": 0,
      "location-after-char-end": 0,
      "node-str": "org.eclipse.jface.util.IPropertyChangeListener"
    },
    {
      "type": "insert-node",
      "node": {
        "label": "void",
        "type": "RETURN_TYPE"
      },
      "location-after-char-start": 0,
      "location-after-char-end": 0,
      "node-str": "void"
    },
    {
      "type": "insert-node",
      "node": {
        "label": "public",
        "type": "Modifier"
      },
      "location-after-char-start": 0,
      "location-after-char-end": 0,
      "node-str": "public"
    },
    {
      "type": "insert-node",
      "node": {
        "label": "propertyChangeEvent",
        "type": "Parameter"
      },
      "location-after-char-start": 4630,
      "location-after-char-end": 4668,
      "node-str": "propertyChangeEvent"
    },
    {
      "type": "insert-node",
      "node": {
        "label": "if",
        "type": "If"
      },
      "location-after-char-start": 4676,
      "location-after-char-end": 4916,
      "node-str": "if"
    },
    {
      "type": "insert-node",
      "node": {
        "label": "preferenceStore",
        "type": "FieldRead"
      },
      "location-after-char-start": 5103,
      "location-after-char-end": 5117,
      "node-str": "preferenceStore"
    },
    {
      "type": "insert-node",
      "node": {
        "label": "IWorkbenchPreferences.SHOW_MULTIPLE_EDITOR_TABS",
        "type": "TypeAccess"
      },
      "location-after-char-start": 5130,
      "location-after-char-end": 5176,
      "node-str": "IWorkbenchPreferences.SHOW_MULTIPLE_EDITOR_TABS"
    },
    {
      "type": "insert-node",
      "node": {
        "label": "BORDER",
        "type": "FieldRead"
      },
      "location-after-char-start": 5195,
      "location-after-char-end": 5204,
      "node-str": "BORDER"
    },
    {
      "type": "insert-node",
      "node": {
        "label": "FLAT",
        "type": "FieldRead"
      },
      "location-after-char-start": 5208,
      "location-after-char-end": 5215,
      "node-str": "FLAT"
    },
    {
      "type": "insert-node",
      "node": {
        "label": "org.eclipse.ui.internal.TabbedEditorWorkbook",
        "type": "TypeAccess"
      },
      "location-after-char-start": 0,
      "location-after-char-end": 0,
      "node-str": "org.eclipse.ui.internal.TabbedEditorWorkbook"
    },
    {
      "type": "insert-node",
      "node": {
        "label": "style",
        "type": "VariableWrite"
      },
      "location-after-char-start": 5250,
      "location-after-char-end": 5254,
      "node-str": "style"
    },
    {
      "type": "insert-node",
      "node": {
        "label": "SINGLE",
        "type": "FieldRead"
      },
      "location-after-char-start": 5259,
      "location-after-char-end": 5268,
      "node-str": "SINGLE"
    },
    {
      "type": "insert-node",
      "node": {
        "label": "",
        "type": "TypeReference"
      },
      "location-after-char-start": 0,
      "location-after-char-end": 0,
      "node-str": ""
    },
    {
      "type": "insert-node",
      "node": {
        "label": "widgetSelected",
        "type": "Method"
      },
      "location-after-char-start": 10082,
      "location-after-char-end": 10164,
      "node-str": "widgetSelected"
    },
    {
      "type": "insert-node",
      "node": {
        "label": "",
        "type": "TypeReference"
      },
      "location-after-char-start": 0,
      "location-after-char-end": 0,
      "node-str": ""
    },
    {
      "type": "insert-node",
      "node": {
        "label": "handleEvent",
        "type": "Method"
      },
      "location-after-char-start": 10272,
      "location-after-char-end": 10332,
      "node-str": "handleEvent"
    },
    {
      "type": "update-node",
      "node": {
        "label": "handleEvent",
        "type": "Method"
      },
      "location-before-char-start": 15571,
      "location-before-char-end": 15676,
      "location-after-char-start": 15581,
      "location-after-char-end": 15692,
      "node-str": "controlResized"
    },
    {
      "type": "insert-node",
      "node": {
        "label": "",
        "type": "TypeReference"
      },
      "location-after-char-start": 0,
      "location-after-char-end": 0,
      "node-str": ""
    },
    {
      "type": "insert-node",
      "node": {
        "label": "handleEvent",
        "type": "Method"
      },
      "location-after-char-start": 16323,
      "location-after-char-end": 16428,
      "node-str": "handleEvent"
    },
    {
      "type": "insert-node",
      "node": {
        "label": "org.eclipse.jface.util.PropertyChangeEvent",
        "type": "VARIABLE_TYPE"
      },
      "location-after-char-start": 0,
      "location-after-char-end": 0,
      "node-str": "org.eclipse.jface.util.PropertyChangeEvent"
    },
    {
      "type": "insert-node",
      "node": {
        "label": "AND",
        "type": "BinaryOperator"
      },
      "location-after-char-start": 4680,
      "location-after-char-end": 4789,
      "node-str": "AND"
    },
    {
      "type": "insert-node",
      "node": {
        "label": "THEN",
        "type": "then"
      },
      "location-after-char-start": 4796,
      "location-after-char-end": 4916,
      "node-str": "THEN"
    },
    {
      "type": "insert-node",
      "node": {
        "label": "org.eclipse.ui.internal.TabbedEditorWorkbook",
        "type": "TypeAccess"
      },
      "location-after-char-start": 0,
      "location-after-char-end": 0,
      "node-str": "org.eclipse.ui.internal.TabbedEditorWorkbook"
    },
    {
      "type": "insert-node",
      "node": {
        "label": "org.eclipse.swt.SWT",
        "type": "TypeAccess"
      },
      "location-after-char-start": 0,
      "location-after-char-end": 0,
      "node-str": "org.eclipse.swt.SWT"
    },
    {
      "type": "insert-node",
      "node": {
        "label": "org.eclipse.swt.SWT",
        "type": "TypeAccess"
      },
      "location-after-char-start": 0,
      "location-after-char-end": 0,
      "node-str": "org.eclipse.swt.SWT"
    },
    {
      "type": "insert-node",
      "node": {
        "label": "org.eclipse.swt.SWT",
        "type": "TypeAccess"
      },
      "location-after-char-start": 0,
      "location-after-char-end": 0,
      "node-str": "org.eclipse.swt.SWT"
    },
    {
      "type": "insert-node",
      "node": {
        "label": "org.eclipse.swt.events.SelectionAdapter",
        "type": "SUPER_TYPE"
      },
      "location-after-char-start": 0,
      "location-after-char-end": 0,
      "node-str": "org.eclipse.swt.events.SelectionAdapter"
    },
    {
      "type": "insert-node",
      "node": {
        "label": "void",
        "type": "RETURN_TYPE"
      },
      "location-after-char-start": 0,
      "location-after-char-end": 0,
      "node-str": "void"
    },
    {
      "type": "insert-node",
      "node": {
        "label": "public",
        "type": "Modifier"
      },
      "location-after-char-start": 0,
      "location-after-char-end": 0,
      "node-str": "public"
    },
    {
      "type": "insert-node",
      "node": {
        "label": "e",
        "type": "Parameter"
      },
      "location-after-char-start": 10109,
      "location-after-char-end": 10124,
      "node-str": "e"
    },
    {
      "type": "insert-node",
      "node": {
        "label": "handleTabSelection",
        "type": "Invocation"
      },
      "location-after-char-start": 10133,
      "location-after-char-end": 10159,
      "node-str": "handleTabSelection"
    },
    {
      "type": "insert-node",
      "node": {
        "label": "org.eclipse.swt.widgets.Listener",
        "type": "SUPER_TYPE"
      },
      "location-after-char-start": 0,
      "location-after-char-end": 0,
      "node-str": "org.eclipse.swt.widgets.Listener"
    },
    {
      "type": "insert-node",
      "node": {
        "label": "void",
        "type": "RETURN_TYPE"
      },
      "location-after-char-start": 0,
      "location-after-char-end": 0,
      "node-str": "void"
    },
    {
      "type": "insert-node",
      "node": {
        "label": "public",
        "type": "Modifier"
      },
      "location-after-char-start": 0,
      "location-after-char-end": 0,
      "node-str": "public"
    },
    {
      "type": "insert-node",
      "node": {
        "label": "e",
        "type": "Parameter"
      },
      "location-after-char-start": 10296,
      "location-after-char-end": 10302,
      "node-str": "e"
    },
    {
      "type": "insert-node",
      "node": {
        "label": "setControlSize",
        "type": "Invocation"
      },
      "location-after-char-start": 10311,
      "location-after-char-end": 10327,
      "node-str": "setControlSize"
    },
    {
      "type": "update-node",
      "node": {
        "label": "org.eclipse.swt.widgets.Listener",
        "type": "SUPER_TYPE"
      },
      "location-before-char-start": 0,
      "location-before-char-end": 0,
      "location-after-char-start": 0,
      "location-after-char-end": 0,
      "node-str": "org.eclipse.swt.events.ControlAdapter"
    },
    {
      "type": "update-node",
      "node": {
        "label": "event",
        "type": "Parameter"
      },
      "location-before-char-start": 15595,
      "location-before-char-end": 15605,
      "location-after-char-start": 15608,
      "location-after-char-end": 15621,
      "node-str": "e"
    },
    {
      "type": "insert-node",
      "node": {
        "label": "org.eclipse.swt.widgets.Listener",
        "type": "SUPER_TYPE"
      },
      "location-after-char-start": 0,
      "location-after-char-end": 0,
      "node-str": "org.eclipse.swt.widgets.Listener"
    },
    {
      "type": "insert-node",
      "node": {
        "label": "void",
        "type": "RETURN_TYPE"
      },
      "location-after-char-start": 0,
      "location-after-char-end": 0,
      "node-str": "void"
    },
    {
      "type": "insert-node",
      "node": {
        "label": "public",
        "type": "Modifier"
      },
      "location-after-char-start": 0,
      "location-after-char-end": 0,
      "node-str": "public"
    },
    {
      "type": "insert-node",
      "node": {
        "label": "event",
        "type": "Parameter"
      },
      "location-after-char-start": 16347,
      "location-after-char-end": 16357,
      "node-str": "event"
    },
    {
      "type": "insert-node",
      "node": {
        "label": "if",
        "type": "If"
      },
      "location-after-char-start": 16366,
      "location-after-char-end": 16423,
      "node-str": "if"
    },
    {
      "type": "insert-node",
      "node": {
        "label": "equals",
        "type": "Invocation"
      },
      "location-after-char-start": 4680,
      "location-after-char-end": 4768,
      "node-str": "equals"
    },
    {
      "type": "insert-node",
      "node": {
        "label": "NE",
        "type": "BinaryOperator"
      },
      "location-after-char-start": 4773,
      "location-after-char-end": 4789,
      "node-str": "NE"
    },
    {
      "type": "insert-node",
      "node": {
        "label": "setStyle",
        "type": "Invocation"
      },
      "location-after-char-start": 4796,
      "location-after-char-end": 4916,
      "node-str": "setStyle"
    },
    {
      "type": "update-node",
      "node": {
        "label": "org.eclipse.ui.internal.TabbedEditorWorkbook$2",
        "type": "TypeAccess"
      },
      "location-before-char-start": 0,
      "location-before-char-end": 0,
      "location-after-char-start": 0,
      "location-after-char-end": 0,
      "node-str": "org.eclipse.ui.internal.TabbedEditorWorkbook$3"
    },
    {
      "type": "insert-node",
      "node": {
        "label": "org.eclipse.swt.events.SelectionEvent",
        "type": "VARIABLE_TYPE"
      },
      "location-after-char-start": 0,
      "location-after-char-end": 0,
      "node-str": "org.eclipse.swt.events.SelectionEvent"
    },
    {
      "type": "insert-node",
      "node": {
        "label": "org.eclipse.ui.internal.TabbedEditorWorkbook$4",
        "type": "TypeAccess"
      },
      "location-after-char-start": 0,
      "location-after-char-end": 0,
      "node-str": "org.eclipse.ui.internal.TabbedEditorWorkbook$4"
    },
    {
      "type": "insert-node",
      "node": {
        "label": "item",
        "type": "FieldRead"
      },
      "location-after-char-start": 10152,
      "location-after-char-end": 10157,
      "node-str": "item"
    },
    {
      "type": "insert-node",
      "node": {
        "label": "org.eclipse.swt.widgets.Event",
        "type": "VARIABLE_TYPE"
      },
      "location-after-char-start": 0,
      "location-after-char-end": 0,
      "node-str": "org.eclipse.swt.widgets.Event"
    },
    {
      "type": "insert-node",
      "node": {
        "label": "org.eclipse.ui.internal.TabbedEditorWorkbook$5",
        "type": "TypeAccess"
      },
      "location-after-char-start": 0,
      "location-after-char-end": 0,
      "node-str": "org.eclipse.ui.internal.TabbedEditorWorkbook$5"
    },
    {
      "type": "update-node",
      "node": {
        "label": "org.eclipse.ui.internal.TabbedEditorWorkbook$5",
        "type": "TypeAccess"
      },
      "location-before-char-start": 0,
      "location-before-char-end": 0,
      "location-after-char-start": 0,
      "location-after-char-end": 0,
      "node-str": "org.eclipse.ui.internal.TabbedEditorWorkbook$6"
    },
    {
      "type": "update-node",
      "node": {
        "label": "org.eclipse.ui.internal.TabbedEditorWorkbook$7",
        "type": "TypeAccess"
      },
      "location-before-char-start": 0,
      "location-before-char-end": 0,
      "location-after-char-start": 0,
      "location-after-char-end": 0,
      "node-str": "org.eclipse.ui.internal.TabbedEditorWorkbook$8"
    },
    {
      "type": "update-node",
      "node": {
        "label": "org.eclipse.swt.widgets.Event",
        "type": "VARIABLE_TYPE"
      },
      "location-before-char-start": 0,
      "location-before-char-end": 0,
      "location-after-char-start": 0,
      "location-after-char-end": 0,
      "node-str": "org.eclipse.swt.events.ControlEvent"
    },
    {
      "type": "insert-node",
      "node": {
        "label": "org.eclipse.swt.widgets.Event",
        "type": "VARIABLE_TYPE"
      },
      "location-after-char-start": 0,
      "location-after-char-end": 0,
      "node-str": "org.eclipse.swt.widgets.Event"
    },
    {
      "type": "insert-node",
      "node": {
        "label": "NE",
        "type": "BinaryOperator"
      },
      "location-after-char-start": 16370,
      "location-after-char-end": 16390,
      "node-str": "NE"
    },
    {
      "type": "insert-node",
      "node": {
        "label": "THEN",
        "type": "then"
      },
      "location-after-char-start": 16393,
      "location-after-char-end": 16423,
      "node-str": "THEN"
    },
    {
      "type": "insert-node",
      "node": {
        "label": "IWorkbenchPreferences.SHOW_MULTIPLE_EDITOR_TABS",
        "type": "TypeAccess"
      },
      "location-after-char-start": 4680,
      "location-after-char-end": 4726,
      "node-str": "IWorkbenchPreferences.SHOW_MULTIPLE_EDITOR_TABS"
    },
    {
      "type": "insert-node",
      "node": {
        "label": "getProperty",
        "type": "Invocation"
      },
      "location-after-char-start": 4735,
      "location-after-char-end": 4767,
      "node-str": "getProperty"
    },
    {
      "type": "insert-node",
      "node": {
        "label": "tabFolder",
        "type": "FieldRead"
      },
      "location-after-char-start": 4773,
      "location-after-char-end": 4781,
      "node-str": "tabFolder"
    },
    {
      "type": "insert-node",
      "node": {
        "label": "null",
        "type": "Literal"
      },
      "location-after-char-start": 4786,
      "location-after-char-end": 4789,
      "node-str": "null"
    },
    {
      "type": "insert-node",
      "node": {
        "label": "tabFolder",
        "type": "FieldRead"
      },
      "location-after-char-start": 4796,
      "location-after-char-end": 4804,
      "node-str": "tabFolder"
    },
    {
      "type": "insert-node",
      "node": {
        "label": "",
        "type": "Conditional"
      },
      "location-after-char-start": 4815,
      "location-after-char-end": 4914,
      "node-str": ""
    },
    {
      "type": "insert-node",
      "node": {
        "label": "e",
        "type": "VariableRead"
      },
      "location-after-char-start": 10152,
      "location-after-char-end": 10157,
      "node-str": "e"
    },
    {
      "type": "update-node",
      "node": {
        "label": "org.eclipse.ui.internal.TabbedEditorWorkbook$5",
        "type": "TypeAccess"
      },
      "location-before-char-start": 0,
      "location-before-char-end": 0,
      "location-after-char-start": 0,
      "location-after-char-end": 0,
      "node-str": "org.eclipse.ui.internal.TabbedEditorWorkbook$6"
    },
    {
      "type": "move-subtree",
      "node": {
        "label": "item",
        "type": "LocalVariable"
      },
      "location-before-char-start": 10678,
      "location-before-char-end": 10716,
      "location-after-char-start": 10911,
      "location-after-char-end": 10949,
      "node-str": "item"
    },
    {
      "type": "update-node",
      "node": {
        "label": "org.eclipse.ui.internal.TabbedEditorWorkbook$6",
        "type": "TypeAccess"
      },
      "location-before-char-start": 0,
      "location-before-char-end": 0,
      "location-after-char-start": 0,
      "location-after-char-end": 0,
      "node-str": "org.eclipse.ui.internal.TabbedEditorWorkbook$7"
    },
    {
      "type": "insert-node",
      "node": {
        "label": "item",
        "type": "LocalVariable"
      },
      "location-after-char-start": 11437,
      "location-after-char-end": 11475,
      "node-str": "item"
    },
    {
      "type": "insert-node",
      "node": {
        "label": "listComposite",
        "type": "FieldRead"
      },
      "location-after-char-start": 16370,
      "location-after-char-end": 16382,
      "node-str": "listComposite"
    },
    {
      "type": "insert-node",
      "node": {
        "label": "null",
        "type": "Literal"
      },
      "location-after-char-start": 16387,
      "location-after-char-end": 16390,
      "node-str": "null"
    },
    {
      "type": "insert-node",
      "node": {
        "label": "closeEditorList",
        "type": "Invocation"
      },
      "location-after-char-start": 16400,
      "location-after-char-end": 16417,
      "node-str": "closeEditorList"
    },
    {
      "type": "insert-node",
      "node": {
        "label": "propertyChangeEvent",
        "type": "VariableRead"
      },
      "location-after-char-start": 4735,
      "location-after-char-end": 4753,
      "node-str": "propertyChangeEvent"
    },
    {
      "type": "insert-node",
      "node": {
        "label": "org.eclipse.ui.internal.TabbedEditorWorkbook",
        "type": "TypeAccess"
      },
      "location-after-char-start": 0,
      "location-after-char-end": 0,
      "node-str": "org.eclipse.ui.internal.TabbedEditorWorkbook"
    },
    {
      "type": "insert-node",
      "node": {
        "label": "org.eclipse.ui.internal.TabbedEditorWorkbook",
        "type": "TypeAccess"
      },
      "location-after-char-start": 0,
      "location-after-char-end": 0,
      "node-str": "org.eclipse.ui.internal.TabbedEditorWorkbook"
    },
    {
      "type": "insert-node",
      "node": {
        "label": "getBoolean",
        "type": "Invocation"
      },
      "location-after-char-start": 4815,
      "location-after-char-end": 4889,
      "node-str": "getBoolean"
    },
    {
      "type": "insert-node",
      "node": {
        "label": "MULTI",
        "type": "FieldRead"
      },
      "location-after-char-start": 4893,
      "location-after-char-end": 4901,
      "node-str": "MULTI"
    },
    {
      "type": "insert-node",
      "node": {
        "label": "SINGLE",
        "type": "FieldRead"
      },
      "location-after-char-start": 4905,
      "location-after-char-end": 4914,
      "node-str": "SINGLE"
    },
    {
      "type": "insert-node",
      "node": {
        "label": "org.eclipse.swt.custom.CTabItem2",
        "type": "VARIABLE_TYPE"
      },
      "location-after-char-start": 0,
      "location-after-char-end": 0,
      "node-str": "org.eclipse.swt.custom.CTabItem2"
    },
    {
      "type": "insert-node",
      "node": {
        "label": "getTab",
        "type": "Invocation"
      },
      "location-after-char-start": 11454,
      "location-after-char-end": 11474,
      "node-str": "getTab"
    },
    {
      "type": "insert-node",
      "node": {
        "label": "org.eclipse.ui.internal.TabbedEditorWorkbook",
        "type": "TypeAccess"
      },
      "location-after-char-start": 0,
      "location-after-char-end": 0,
      "node-str": "org.eclipse.ui.internal.TabbedEditorWorkbook"
    },
    {
      "type": "insert-node",
      "node": {
        "label": "org.eclipse.ui.internal.TabbedEditorWorkbook$12",
        "type": "TypeAccess"
      },
      "location-after-char-start": 0,
      "location-after-char-end": 0,
      "node-str": "org.eclipse.ui.internal.TabbedEditorWorkbook$12"
    },
    {
      "type": "insert-node",
      "node": {
        "label": "preferenceStore",
        "type": "FieldRead"
      },
      "location-after-char-start": 4815,
      "location-after-char-end": 4829,
      "node-str": "preferenceStore"
    },
    {
      "type": "insert-node",
      "node": {
        "label": "IWorkbenchPreferences.SHOW_MULTIPLE_EDITOR_TABS",
        "type": "TypeAccess"
      },
      "location-after-char-start": 4842,
      "location-after-char-end": 4888,
      "node-str": "IWorkbenchPreferences.SHOW_MULTIPLE_EDITOR_TABS"
    },
    {
      "type": "insert-node",
      "node": {
        "label": "org.eclipse.swt.SWT",
        "type": "TypeAccess"
      },
      "location-after-char-start": 0,
      "location-after-char-end": 0,
      "node-str": "org.eclipse.swt.SWT"
    },
    {
      "type": "insert-node",
      "node": {
        "label": "org.eclipse.swt.SWT",
        "type": "TypeAccess"
      },
      "location-after-char-start": 0,
      "location-after-char-end": 0,
      "node-str": "org.eclipse.swt.SWT"
    },
    {
      "type": "insert-node",
      "node": {
        "label": "org.eclipse.ui.internal.TabbedEditorWorkbook$7",
        "type": "TypeAccess"
      },
      "location-after-char-start": 0,
      "location-after-char-end": 0,
      "node-str": "org.eclipse.ui.internal.TabbedEditorWorkbook$7"
    },
    {
      "type": "insert-node",
      "node": {
        "label": "visibleEditor",
        "type": "VariableRead"
      },
      "location-after-char-start": 11461,
      "location-after-char-end": 11473,
      "node-str": "visibleEditor"
    },
    {
      "type": "insert-node",
      "node": {
        "label": "org.eclipse.ui.internal.TabbedEditorWorkbook",
        "type": "TypeAccess"
      },
      "location-after-char-start": 0,
      "location-after-char-end": 0,
      "node-str": "org.eclipse.ui.internal.TabbedEditorWorkbook"
    },
    {
      "type": "update-node",
      "node": {
        "label": "org.eclipse.ui.internal.TabbedEditorWorkbook$2$3",
        "type": "TypeAccess"
      },
      "location-before-char-start": 0,
      "location-before-char-end": 0,
      "location-after-char-start": 0,
      "location-after-char-end": 0,
      "node-str": "org.eclipse.ui.internal.TabbedEditorWorkbook$3$3"
    },
    {
      "type": "update-node",
      "node": {
        "label": "org.eclipse.ui.internal.TabbedEditorWorkbook$5",
        "type": "TypeAccess"
      },
      "location-before-char-start": 0,
      "location-before-char-end": 0,
      "location-after-char-start": 0,
      "location-after-char-end": 0,
      "node-str": "org.eclipse.ui.internal.TabbedEditorWorkbook$6"
    },
    {
      "type": "update-node",
      "node": {
        "label": "org.eclipse.ui.internal.TabbedEditorWorkbook$2$3",
        "type": "TypeAccess"
      },
      "location-before-char-start": 0,
      "location-before-char-end": 0,
      "location-after-char-start": 0,
      "location-after-char-end": 0,
      "node-str": "org.eclipse.ui.internal.TabbedEditorWorkbook$3$3"
    },
    {
      "type": "delete-node",
      "node": {
        "label": "public",
        "type": "Modifier"
      },
      "location-before-char-start": 0,
      "location-before-char-end": 0,
      "node-str": "public"
    },
    {
      "type": "delete-node",
      "node": {
        "label": "org.eclipse.ui.internal.EditorWorkbook",
        "type": "SUPER_TYPE"
      },
      "location-before-char-start": 0,
      "location-before-char-end": 0,
      "node-str": "org.eclipse.ui.internal.EditorWorkbook"
    },
    {
      "type": "delete-node",
      "node": {
        "label": "",
        "type": "TypeReference"
      },
      "location-before-char-start": 2574,
      "location-before-char-end": 2587,
      "node-str": ""
    },
    {
      "type": "delete-node",
      "node": {
        "label": "int",
        "type": "VARIABLE_TYPE"
      },
      "location-before-char-start": 0,
      "location-before-char-end": 0,
      "node-str": "int"
    },
    {
      "type": "delete-node",
      "node": {
        "label": "1",
        "type": "Literal"
      },
      "location-before-char-start": 2715,
      "location-before-char-end": 2715,
      "node-str": "1"
    },
    {
      "type": "delete-node",
      "node": {
        "label": "NEG",
        "type": "UnaryOperator"
      },
      "location-before-char-start": 2714,
      "location-before-char-end": 2715,
      "node-str": "NEG"
    },
    {
      "type": "delete-node",
      "node": {
        "label": "tabLocation",
        "type": "Field"
      },
      "location-before-char-start": 2688,
      "location-before-char-end": 2716,
      "node-str": "tabLocation"
    },
    {
      "type": "delete-node",
      "node": {
        "label": "org.eclipse.swt.custom.CTabFolder2",
        "type": "VARIABLE_TYPE"
      },
      "location-before-char-start": 0,
      "location-before-char-end": 0,
      "node-str": "org.eclipse.swt.custom.CTabFolder2"
    },
    {
      "type": "delete-node",
      "node": {
        "label": "null",
        "type": "Literal"
      },
      "location-before-char-start": 2782,
      "location-before-char-end": 2785,
      "node-str": "null"
    },
    {
      "type": "delete-node",
      "node": {
        "label": "tabFolder",
        "type": "Field"
      },
      "location-before-char-start": 2750,
      "location-before-char-end": 2786,
      "node-str": "tabFolder"
    },
    {
      "type": "delete-node",
      "node": {
        "label": "java.util.Map",
        "type": "VARIABLE_TYPE"
      },
      "location-before-char-start": 0,
      "location-before-char-end": 0,
      "node-str": "java.util.Map"
    },
    {
      "type": "delete-node",
      "node": {
        "label": "java.util.HashMap()",
        "type": "ConstructorCall"
      },
      "location-before-char-start": 2818,
      "location-before-char-end": 2830,
      "node-str": "java.util.HashMap()"
    },
    {
      "type": "delete-node",
      "node": {
        "label": "mapTabToEditor",
        "type": "Field"
      },
      "location-before-char-start": 2789,
      "location-before-char-end": 2831,
      "node-str": "mapTabToEditor"
    },
    {
      "type": "delete-node",
      "node": {
        "label": "org.eclipse.swt.widgets.ToolBar",
        "type": "VARIABLE_TYPE"
      },
      "location-before-char-start": 0,
      "location-before-char-end": 0,
      "node-str": "org.eclipse.swt.widgets.ToolBar"
    },
    {
      "type": "delete-node",
      "node": {
        "label": "pullDownBar",
        "type": "Field"
      },
      "location-before-char-start": 2834,
      "location-before-char-end": 2861,
      "node-str": "pullDownBar"
    },
    {
      "type": "delete-node",
      "node": {
        "label": "org.eclipse.swt.widgets.ToolItem",
        "type": "VARIABLE_TYPE"
      },
      "location-before-char-start": 0,
      "location-before-char-end": 0,
      "node-str": "org.eclipse.swt.widgets.ToolItem"
    },
    {
      "type": "delete-node",
      "node": {
        "label": "pullDownButton",
        "type": "Field"
      },
      "location-before-char-start": 2864,
      "location-before-char-end": 2895,
      "node-str": "pullDownButton"
    },
    {
      "type": "delete-node",
      "node": {
        "label": "org.eclipse.ui.internal.EditorList",
        "type": "VARIABLE_TYPE"
      },
      "location-before-char-start": 0,
      "location-before-char-end": 0,
      "node-str": "org.eclipse.ui.internal.EditorList"
    },
    {
      "type": "delete-node",
      "node": {
        "label": "editorList",
        "type": "Field"
      },
      "location-before-char-start": 2898,
      "location-before-char-end": 2927,
      "node-str": "editorList"
    },
    {
      "type": "delete-node",
      "node": {
        "label": "org.eclipse.swt.custom.ViewForm",
        "type": "VARIABLE_TYPE"
      },
      "location-before-char-start": 0,
      "location-before-char-end": 0,
      "node-str": "org.eclipse.swt.custom.ViewForm"
    },
    {
      "type": "delete-node",
      "node": {
        "label": "listComposite",
        "type": "Field"
      },
      "location-before-char-start": 2930,
      "location-before-char-end": 2960,
      "node-str": "listComposite"
    },
    {
      "type": "delete-node",
      "node": {
        "label": "boolean",
        "type": "VARIABLE_TYPE"
      },
      "location-before-char-start": 0,
      "location-before-char-end": 0,
      "node-str": "boolean"
    },
    {
      "type": "delete-node",
      "node": {
        "label": "true",
        "type": "Literal"
      },
      "location-before-char-start": 3004,
      "location-before-char-end": 3007,
      "node-str": "true"
    },
    {
      "type": "delete-node",
      "node": {
        "label": "assignFocusOnSelection",
        "type": "Field"
      },
      "location-before-char-start": 2963,
      "location-before-char-end": 3008,
      "node-str": "assignFocusOnSelection"
    },
    {
      "type": "delete-node",
      "node": {
        "label": "boolean",
        "type": "VARIABLE_TYPE"
      },
      "location-before-char-start": 0,
      "location-before-char-end": 0,
      "node-str": "boolean"
    },
    {
      "type": "delete-node",
      "node": {
        "label": "false",
        "type": "Literal"
      },
      "location-before-char-start": 3048,
      "location-before-char-end": 3052,
      "node-str": "false"
    },
    {
      "type": "delete-node",
      "node": {
        "label": "ignoreTabFocusHide",
        "type": "Field"
      },
      "location-before-char-start": 3011,
      "location-before-char-end": 3053,
      "node-str": "ignoreTabFocusHide"
    },
    {
      "type": "delete-node",
      "node": {
        "label": "boolean",
        "type": "VARIABLE_TYPE"
      },
      "location-before-char-start": 0,
      "location-before-char-end": 0,
      "node-str": "boolean"
    },
    {
      "type": "delete-node",
      "node": {
        "label": "true",
        "type": "Literal"
      },
      "location-before-char-start": 3093,
      "location-before-char-end": 3096,
      "node-str": "true"
    },
    {
      "type": "delete-node",
      "node": {
        "label": "handleTabSelection",
        "type": "Field"
      },
      "location-before-char-start": 3056,
      "location-before-char-end": 3097,
      "node-str": "handleTabSelection"
    },
    {
      "type": "delete-node",
      "node": {
        "label": "boolean",
        "type": "VARIABLE_TYPE"
      },
      "location-before-char-start": 0,
      "location-before-char-end": 0,
      "node-str": "boolean"
    },
    {
      "type": "delete-node",
      "node": {
        "label": "false",
        "type": "Literal"
      },
      "location-before-char-start": 3141,
      "location-before-char-end": 3145,
      "node-str": "false"
    },
    {
      "type": "delete-node",
      "node": {
        "label": "mouseDownListenerAdded",
        "type": "Field"
      },
      "location-before-char-start": 3100,
      "location-before-char-end": 3146,
      "node-str": "mouseDownListenerAdded"
    },
    {
      "type": "delete-node",
      "node": {
        "label": "boolean",
        "type": "VARIABLE_TYPE"
      },
      "location-before-char-start": 0,
      "location-before-char-end": 0,
      "node-str": "boolean"
    },
    {
      "type": "delete-node",
      "node": {
        "label": "false",
        "type": "Literal"
      },
      "location-before-char-start": 3179,
      "location-before-char-end": 3183,
      "node-str": "false"
    },
    {
      "type": "delete-node",
      "node": {
        "label": "usePulldown",
        "type": "Field"
      },
      "location-before-char-start": 3149,
      "location-before-char-end": 3184,
      "node-str": "usePulldown"
    },
    {
      "type": "delete-node",
      "node": {
        "label": "void",
        "type": "RETURN_TYPE"
      },
      "location-before-char-start": 0,
      "location-before-char-end": 0,
      "node-str": "void"
    },
    {
      "type": "delete-node",
      "node": {
        "label": "protected",
        "type": "Modifier"
      },
      "location-before-char-start": 0,
      "location-before-char-end": 0,
      "node-str": "protected"
    },
    {
      "type": "delete-node",
      "node": {
        "label": "org.eclipse.swt.widgets.Composite",
        "type": "VARIABLE_TYPE"
      },
      "location-before-char-start": 0,
      "location-before-char-end": 0,
      "node-str": "org.eclipse.swt.widgets.Composite"
    },
    {
      "type": "delete-node",
      "node": {
        "label": "parent",
        "type": "Parameter"
      },
      "location-before-char-start": 4428,
      "location-before-char-end": 4443,
      "node-str": "parent"
    },
    {
      "type": "delete-node",
      "node": {
        "label": "org.eclipse.ui.internal.TabbedEditorWorkbook",
        "type": "TypeAccess"
      },
      "location-before-char-start": 0,
      "location-before-char-end": 0,
      "node-str": "org.eclipse.ui.internal.TabbedEditorWorkbook"
    },
    {
      "type": "delete-node",
      "node": {
        "label": "tabFolder",
        "type": "FieldWrite"
      },
      "location-before-char-start": 4544,
      "location-before-char-end": 4552,
      "node-str": "tabFolder"
    },
    {
      "type": "delete-node",
      "node": {
        "label": "parent",
        "type": "VariableRead"
      },
      "location-before-char-start": 4572,
      "location-before-char-end": 4577,
      "node-str": "parent"
    },
    {
      "type": "delete-node",
      "node": {
        "label": "org.eclipse.swt.SWT",
        "type": "TypeAccess"
      },
      "location-before-char-start": 0,
      "location-before-char-end": 0,
      "node-str": "org.eclipse.swt.SWT"
    },
    {
      "type": "delete-node",
      "node": {
        "label": "BORDER",
        "type": "FieldRead"
      },
      "location-before-char-start": 4580,
      "location-before-char-end": 4589,
      "node-str": "BORDER"
    },
    {
      "type": "delete-node",
      "node": {
        "label": "org.eclipse.swt.SWT",
        "type": "TypeAccess"
      },
      "location-before-char-start": 0,
      "location-before-char-end": 0,
      "node-str": "org.eclipse.swt.SWT"
    },
    {
      "type": "delete-node",
      "node": {
        "label": "SINGLE",
        "type": "FieldRead"
      },
      "location-before-char-start": 4593,
      "location-before-char-end": 4602,
      "node-str": "SINGLE"
    },
    {
      "type": "delete-node",
      "node": {
        "label": "BITOR",
        "type": "BinaryOperator"
      },
      "location-before-char-start": 4580,
      "location-before-char-end": 4602,
      "node-str": "BITOR"
    },
    {
      "type": "delete-node",
      "node": {
        "label": "org.eclipse.swt.SWT",
        "type": "TypeAccess"
      },
      "location-before-char-start": 0,
      "location-before-char-end": 0,
      "node-str": "org.eclipse.swt.SWT"
    },
    {
      "type": "delete-node",
      "node": {
        "label": "FLAT",
        "type": "FieldRead"
      },
      "location-before-char-start": 4606,
      "location-before-char-end": 4613,
      "node-str": "FLAT"
    },
    {
      "type": "delete-node",
      "node": {
        "label": "BITOR",
        "type": "BinaryOperator"
      },
      "location-before-char-start": 4580,
      "location-before-char-end": 4613,
      "node-str": "BITOR"
    },
    {
      "type": "delete-node",
      "node": {
        "label": "org.eclipse.ui.internal.TabbedEditorWorkbook",
        "type": "TypeAccess"
      },
      "location-before-char-start": 0,
      "location-before-char-end": 0,
      "node-str": "org.eclipse.ui.internal.TabbedEditorWorkbook"
    },
    {
      "type": "delete-node",
      "node": {
        "label": "tabLocation",
        "type": "FieldRead"
      },
      "location-before-char-start": 4617,
      "location-before-char-end": 4627,
      "node-str": "tabLocation"
    },
    {
      "type": "delete-node",
      "node": {
        "label": "BITOR",
        "type": "BinaryOperator"
      },
      "location-before-char-start": 4580,
      "location-before-char-end": 4627,
      "node-str": "BITOR"
    },
    {
      "type": "delete-node",
      "node": {
        "label": "java.lang.Object()",
        "type": "ConstructorCall"
      },
      "location-before-char-start": 4556,
      "location-before-char-end": 4628,
      "node-str": "java.lang.Object()"
    },
    {
      "type": "delete-node",
      "node": {
        "label": "\u003d",
        "type": "Assignment"
      },
      "location-before-char-start": 4544,
      "location-before-char-end": 4629,
      "node-str": "\u003d"
    },
    {
      "type": "delete-node",
      "node": {
        "label": "org.eclipse.ui.internal.TabbedEditorWorkbook",
        "type": "TypeAccess"
      },
      "location-before-char-start": 0,
      "location-before-char-end": 0,
      "node-str": "org.eclipse.ui.internal.TabbedEditorWorkbook"
    },
    {
      "type": "delete-node",
      "node": {
        "label": "tabFolder",
        "type": "FieldRead"
      },
      "location-before-char-start": 4633,
      "location-before-char-end": 4641,
      "node-str": "tabFolder"
    },
    {
      "type": "delete-node",
      "node": {
        "label": "false",
        "type": "Literal"
      },
      "location-before-char-start": 4660,
      "location-before-char-end": 4664,
      "node-str": "false"
    },
    {
      "type": "delete-node",
      "node": {
        "label": "setBorderVisible",
        "type": "Invocation"
      },
      "location-before-char-start": 4633,
      "location-before-char-end": 4666,
      "node-str": "setBorderVisible"
    },
    {
      "type": "delete-node",
      "node": {
        "label": "org.eclipse.jface.window.ColorSchemeService",
        "type": "TypeAccess"
      },
      "location-before-char-start": 4670,
      "location-before-char-end": 4687,
      "node-str": "org.eclipse.jface.window.ColorSchemeService"
    },
    {
      "type": "delete-node",
      "node": {
        "label": "org.eclipse.ui.internal.TabbedEditorWorkbook",
        "type": "TypeAccess"
      },
      "location-before-char-start": 0,
      "location-before-char-end": 0,
      "node-str": "org.eclipse.ui.internal.TabbedEditorWorkbook"
    },
    {
      "type": "delete-node",
      "node": {
        "label": "tabFolder",
        "type": "FieldRead"
      },
      "location-before-char-start": 4702,
      "location-before-char-end": 4710,
      "node-str": "tabFolder"
    },
    {
      "type": "delete-node",
      "node": {
        "label": "setTabColors",
        "type": "Invocation"
      },
      "location-before-char-start": 4670,
      "location-before-char-end": 4712,
      "node-str": "setTabColors"
    },
    {
      "type": "delete-node",
      "node": {
        "label": "org.eclipse.ui.internal.TabbedEditorWorkbook",
        "type": "TypeAccess"
      },
      "location-before-char-start": 0,
      "location-before-char-end": 0,
      "node-str": "org.eclipse.ui.internal.TabbedEditorWorkbook"
    },
    {
      "type": "delete-node",
      "node": {
        "label": "tabFolder",
        "type": "FieldRead"
      },
      "location-before-char-start": 9264,
      "location-before-char-end": 9272,
      "node-str": "tabFolder"
    },
    {
      "type": "delete-node",
      "node": {
        "label": "org.eclipse.swt.events.SelectionAdapter",
        "type": "SUPER_TYPE"
      },
      "location-before-char-start": 0,
      "location-before-char-end": 0,
      "node-str": "org.eclipse.swt.events.SelectionAdapter"
    },
    {
      "type": "delete-node",
      "node": {
        "label": "",
        "type": "TypeReference"
      },
      "location-before-char-start": 0,
      "location-before-char-end": 0,
      "node-str": ""
    },
    {
      "type": "delete-node",
      "node": {
        "label": "void",
        "type": "RETURN_TYPE"
      },
      "location-before-char-start": 0,
      "location-before-char-end": 0,
      "node-str": "void"
    },
    {
      "type": "delete-node",
      "node": {
        "label": "public",
        "type": "Modifier"
      },
      "location-before-char-start": 0,
      "location-before-char-end": 0,
      "node-str": "public"
    },
    {
      "type": "delete-node",
      "node": {
        "label": "org.eclipse.swt.events.SelectionEvent",
        "type": "VARIABLE_TYPE"
      },
      "location-before-char-start": 0,
      "location-before-char-end": 0,
      "node-str": "org.eclipse.swt.events.SelectionEvent"
    },
    {
      "type": "delete-node",
      "node": {
        "label": "e",
        "type": "Parameter"
      },
      "location-before-char-start": 9350,
      "location-before-char-end": 9365,
      "node-str": "e"
    },
    {
      "type": "delete-node",
      "node": {
        "label": "org.eclipse.ui.internal.TabbedEditorWorkbook$3",
        "type": "TypeAccess"
      },
      "location-before-char-start": 0,
      "location-before-char-end": 0,
      "node-str": "org.eclipse.ui.internal.TabbedEditorWorkbook$3"
    },
    {
      "type": "delete-node",
      "node": {
        "label": "e",
        "type": "VariableRead"
      },
      "location-before-char-start": 9393,
      "location-before-char-end": 9398,
      "node-str": "e"
    },
    {
      "type": "delete-node",
      "node": {
        "label": "item",
        "type": "FieldRead"
      },
      "location-before-char-start": 9393,
      "location-before-char-end": 9398,
      "node-str": "item"
    },
    {
      "type": "delete-node",
      "node": {
        "label": "handleTabSelection",
        "type": "Invocation"
      },
      "location-before-char-start": 9374,
      "location-before-char-end": 9400,
      "node-str": "handleTabSelection"
    },
    {
      "type": "delete-node",
      "node": {
        "label": "widgetSelected",
        "type": "Method"
      },
      "location-before-char-start": 9323,
      "location-before-char-end": 9405,
      "node-str": "widgetSelected"
    },
    {
      "type": "delete-node",
      "node": {
        "label": "3",
        "type": "Class"
      },
      "location-before-char-start": 9318,
      "location-before-char-end": 9409,
      "node-str": "3"
    },
    {
      "type": "delete-node",
      "node": {
        "label": "org.eclipse.swt.events.SelectionAdapter()",
        "type": "NewClass"
      },
      "location-before-char-start": 9295,
      "location-before-char-end": 9409,
      "node-str": "org.eclipse.swt.events.SelectionAdapter()"
    },
    {
      "type": "delete-node",
      "node": {
        "label": "addSelectionListener",
        "type": "Invocation"
      },
      "location-before-char-start": 9264,
      "location-before-char-end": 9411,
      "node-str": "addSelectionListener"
    },
    {
      "type": "delete-node",
      "node": {
        "label": "org.eclipse.ui.internal.TabbedEditorWorkbook",
        "type": "TypeAccess"
      },
      "location-before-char-start": 0,
      "location-before-char-end": 0,
      "node-str": "org.eclipse.ui.internal.TabbedEditorWorkbook"
    },
    {
      "type": "delete-node",
      "node": {
        "label": "tabFolder",
        "type": "FieldRead"
      },
      "location-before-char-start": 9459,
      "location-before-char-end": 9467,
      "node-str": "tabFolder"
    },
    {
      "type": "delete-node",
      "node": {
        "label": "SWT.Resize",
        "type": "TypeAccess"
      },
      "location-before-char-start": 9481,
      "location-before-char-end": 9490,
      "node-str": "SWT.Resize"
    },
    {
      "type": "delete-node",
      "node": {
        "label": "org.eclipse.swt.widgets.Listener",
        "type": "SUPER_TYPE"
      },
      "location-before-char-start": 0,
      "location-before-char-end": 0,
      "node-str": "org.eclipse.swt.widgets.Listener"
    },
    {
      "type": "delete-node",
      "node": {
        "label": "",
        "type": "TypeReference"
      },
      "location-before-char-start": 0,
      "location-before-char-end": 0,
      "node-str": ""
    },
    {
      "type": "delete-node",
      "node": {
        "label": "void",
        "type": "RETURN_TYPE"
      },
      "location-before-char-start": 0,
      "location-before-char-end": 0,
      "node-str": "void"
    },
    {
      "type": "delete-node",
      "node": {
        "label": "public",
        "type": "Modifier"
      },
      "location-before-char-start": 0,
      "location-before-char-end": 0,
      "node-str": "public"
    },
    {
      "type": "delete-node",
      "node": {
        "label": "org.eclipse.swt.widgets.Event",
        "type": "VARIABLE_TYPE"
      },
      "location-before-char-start": 0,
      "location-before-char-end": 0,
      "node-str": "org.eclipse.swt.widgets.Event"
    },
    {
      "type": "delete-node",
      "node": {
        "label": "e",
        "type": "Parameter"
      },
      "location-before-char-start": 9537,
      "location-before-char-end": 9543,
      "node-str": "e"
    },
    {
      "type": "delete-node",
      "node": {
        "label": "org.eclipse.ui.internal.TabbedEditorWorkbook$4",
        "type": "TypeAccess"
      },
      "location-before-char-start": 0,
      "location-before-char-end": 0,
      "node-str": "org.eclipse.ui.internal.TabbedEditorWorkbook$4"
    },
    {
      "type": "delete-node",
      "node": {
        "label": "setControlSize",
        "type": "Invocation"
      },
      "location-before-char-start": 9552,
      "location-before-char-end": 9568,
      "node-str": "setControlSize"
    },
    {
      "type": "delete-node",
      "node": {
        "label": "handleEvent",
        "type": "Method"
      },
      "location-before-char-start": 9513,
      "location-before-char-end": 9573,
      "node-str": "handleEvent"
    },
    {
      "type": "delete-node",
      "node": {
        "label": "4",
        "type": "Class"
      },
      "location-before-char-start": 9508,
      "location-before-char-end": 9577,
      "node-str": "4"
    },
    {
      "type": "delete-node",
      "node": {
        "label": "org.eclipse.swt.widgets.Listener()",
        "type": "NewClass"
      },
      "location-before-char-start": 9493,
      "location-before-char-end": 9577,
      "node-str": "org.eclipse.swt.widgets.Listener()"
    },
    {
      "type": "delete-node",
      "node": {
        "label": "addListener",
        "type": "Invocation"
      },
      "location-before-char-start": 9459,
      "location-before-char-end": 9579,
      "node-str": "addListener"
    },
    {
      "type": "delete-node",
      "node": {
        "label": "org.eclipse.swt.custom.CTabItem2",
        "type": "VARIABLE_TYPE"
      },
      "location-before-char-start": 0,
      "location-before-char-end": 0,
      "node-str": "org.eclipse.swt.custom.CTabItem2"
    },
    {
      "type": "delete-node",
      "node": {
        "label": "org.eclipse.ui.internal.TabbedEditorWorkbook$5",
        "type": "TypeAccess"
      },
      "location-before-char-start": 0,
      "location-before-char-end": 0,
      "node-str": "org.eclipse.ui.internal.TabbedEditorWorkbook$5"
    },
    {
      "type": "delete-node",
      "node": {
        "label": "visibleEditor",
        "type": "VariableRead"
      },
      "location-before-char-start": 10176,
      "location-before-char-end": 10188,
      "node-str": "visibleEditor"
    },
    {
      "type": "delete-node",
      "node": {
        "label": "getTab",
        "type": "Invocation"
      },
      "location-before-char-start": 10169,
      "location-before-char-end": 10189,
      "node-str": "getTab"
    },
    {
      "type": "delete-node",
      "node": {
        "label": "item",
        "type": "LocalVariable"
      },
      "location-before-char-start": 10152,
      "location-before-char-end": 10190,
      "node-str": "item"
    },
    {
      "type": "delete-node",
      "node": {
        "label": "org.eclipse.ui.internal.TabbedEditorWorkbook",
        "type": "TypeAccess"
      },
      "location-before-char-start": 0,
      "location-before-char-end": 0,
      "node-str": "org.eclipse.ui.internal.TabbedEditorWorkbook"
    },
    {
      "type": "delete-node",
      "node": {
        "label": "pullDownButton",
        "type": "FieldRead"
      },
      "location-before-char-start": 11636,
      "location-before-char-end": 11649,
      "node-str": "pullDownButton"
    },
    {
      "type": "delete-node",
      "node": {
        "label": "hotImage",
        "type": "VariableRead"
      },
      "location-before-char-start": 11668,
      "location-before-char-end": 11675,
      "node-str": "hotImage"
    },
    {
      "type": "delete-node",
      "node": {
        "label": "setDisabledImage",
        "type": "Invocation"
      },
      "location-before-char-start": 11636,
      "location-before-char-end": 11677,
      "node-str": "setDisabledImage"
    },
    {
      "type": "delete-node",
      "node": {
        "label": "org.eclipse.ui.internal.TabbedEditorWorkbook",
        "type": "TypeAccess"
      },
      "location-before-char-start": 0,
      "location-before-char-end": 0,
      "node-str": "org.eclipse.ui.internal.TabbedEditorWorkbook"
    },
    {
      "type": "delete-node",
      "node": {
        "label": "pullDownButton",
        "type": "FieldRead"
      },
      "location-before-char-start": 11681,
      "location-before-char-end": 11694,
      "node-str": "pullDownButton"
    },
    {
      "type": "delete-node",
      "node": {
        "label": "hotImage",
        "type": "VariableRead"
      },
      "location-before-char-start": 11705,
      "location-before-char-end": 11712,
      "node-str": "hotImage"
    },
    {
      "type": "delete-node",
      "node": {
        "label": "setImage",
        "type": "Invocation"
      },
      "location-before-char-start": 11681,
      "location-before-char-end": 11714,
      "node-str": "setImage"
    },
    {
      "type": "delete-node",
      "node": {
        "label": "parent",
        "type": "VariableRead"
      },
      "location-before-char-start": 14777,
      "location-before-char-end": 14782,
      "node-str": "parent"
    },
    {
      "type": "delete-node",
      "node": {
        "label": "org.eclipse.swt.events.ControlAdapter",
        "type": "SUPER_TYPE"
      },
      "location-before-char-start": 0,
      "location-before-char-end": 0,
      "node-str": "org.eclipse.swt.events.ControlAdapter"
    },
    {
      "type": "delete-node",
      "node": {
        "label": "",
        "type": "TypeReference"
      },
      "location-before-char-start": 0,
      "location-before-char-end": 0,
      "node-str": ""
    },
    {
      "type": "delete-node",
      "node": {
        "label": "void",
        "type": "RETURN_TYPE"
      },
      "location-before-char-start": 0,
      "location-before-char-end": 0,
      "node-str": "void"
    },
    {
      "type": "delete-node",
      "node": {
        "label": "public",
        "type": "Modifier"
      },
      "location-before-char-start": 0,
      "location-before-char-end": 0,
      "node-str": "public"
    },
    {
      "type": "delete-node",
      "node": {
        "label": "org.eclipse.swt.events.ControlEvent",
        "type": "VARIABLE_TYPE"
      },
      "location-before-char-start": 0,
      "location-before-char-end": 0,
      "node-str": "org.eclipse.swt.events.ControlEvent"
    },
    {
      "type": "delete-node",
      "node": {
        "label": "e",
        "type": "Parameter"
      },
      "location-before-char-start": 14856,
      "location-before-char-end": 14869,
      "node-str": "e"
    },
    {
      "type": "delete-node",
      "node": {
        "label": "org.eclipse.ui.internal.TabbedEditorWorkbook",
        "type": "TypeAccess"
      },
      "location-before-char-start": 0,
      "location-before-char-end": 0,
      "node-str": "org.eclipse.ui.internal.TabbedEditorWorkbook"
    },
    {
      "type": "delete-node",
      "node": {
        "label": "listComposite",
        "type": "FieldRead"
      },
      "location-before-char-start": 14882,
      "location-before-char-end": 14894,
      "node-str": "listComposite"
    },
    {
      "type": "delete-node",
      "node": {
        "label": "null",
        "type": "Literal"
      },
      "location-before-char-start": 14899,
      "location-before-char-end": 14902,
      "node-str": "null"
    },
    {
      "type": "delete-node",
      "node": {
        "label": "NE",
        "type": "BinaryOperator"
      },
      "location-before-char-start": 14882,
      "location-before-char-end": 14902,
      "node-str": "NE"
    },
    {
      "type": "delete-node",
      "node": {
        "label": "org.eclipse.ui.internal.TabbedEditorWorkbook$10",
        "type": "TypeAccess"
      },
      "location-before-char-start": 0,
      "location-before-char-end": 0,
      "node-str": "org.eclipse.ui.internal.TabbedEditorWorkbook$10"
    },
    {
      "type": "delete-node",
      "node": {
        "label": "closeEditorList",
        "type": "Invocation"
      },
      "location-before-char-start": 14912,
      "location-before-char-end": 14929,
      "node-str": "closeEditorList"
    },
    {
      "type": "delete-node",
      "node": {
        "label": "THEN",
        "type": "then"
      },
      "location-before-char-start": 14905,
      "location-before-char-end": 14935,
      "node-str": "THEN"
    },
    {
      "type": "delete-node",
      "node": {
        "label": "if",
        "type": "If"
      },
      "location-before-char-start": 14878,
      "location-before-char-end": 14935,
      "node-str": "if"
    },
    {
      "type": "delete-node",
      "node": {
        "label": "controlResized",
        "type": "Method"
      },
      "location-before-char-start": 14829,
      "location-before-char-end": 14940,
      "node-str": "controlResized"
    },
    {
      "type": "delete-node",
      "node": {
        "label": "10",
        "type": "Class"
      },
      "location-before-char-start": 14824,
      "location-before-char-end": 14944,
      "node-str": "10"
    },
    {
      "type": "delete-node",
      "node": {
        "label": "org.eclipse.swt.events.ControlAdapter()",
        "type": "NewClass"
      },
      "location-before-char-start": 14803,
      "location-before-char-end": 14944,
      "node-str": "org.eclipse.swt.events.ControlAdapter()"
    },
    {
      "type": "delete-node",
      "node": {
        "label": "addControlListener",
        "type": "Invocation"
      },
      "location-before-char-start": 14777,
      "location-before-char-end": 14946,
      "node-str": "addControlListener"
    }
  ],
  "before-file": {},
  "after-file": {},
  "mapping": {}
}