{
  "tool-info": {},
  "diff": [
    {
      "type": "insert-node",
      "node": {
        "label": "public",
        "type": "Modifier"
      },
      "location-after-char-start": 0,
      "location-after-char-end": 0,
      "node-str": "public"
    },
    {
      "type": "insert-node",
      "node": {
        "label": "",
        "type": "TypeReference"
      },
      "location-after-char-start": 3763,
      "location-after-char-end": 3785,
      "node-str": ""
    },
    {
      "type": "insert-node",
      "node": {
        "label": "org.tigris.scarab.actions.base.RequireLoginFirstAction",
        "type": "SUPER_TYPE"
      },
      "location-after-char-start": 0,
      "location-after-char-end": 0,
      "node-str": "org.tigris.scarab.actions.base.RequireLoginFirstAction"
    },
    {
      "type": "insert-node",
      "node": {
        "label": "void",
        "type": "RETURN_TYPE"
      },
      "location-after-char-start": 0,
      "location-after-char-end": 0,
      "node-str": "void"
    },
    {
      "type": "insert-node",
      "node": {
        "label": "java.lang.Exception",
        "type": "THROWS"
      },
      "location-after-char-start": 0,
      "location-after-char-end": 0,
      "node-str": "java.lang.Exception"
    },
    {
      "type": "insert-node",
      "node": {
        "label": "public",
        "type": "Modifier"
      },
      "location-after-char-start": 0,
      "location-after-char-end": 0,
      "node-str": "public"
    },
    {
      "type": "insert-node",
      "node": {
        "label": "data",
        "type": "Parameter"
      },
      "location-after-char-start": 3955,
      "location-after-char-end": 3966,
      "node-str": "data"
    },
    {
      "type": "insert-node",
      "node": {
        "label": "context",
        "type": "Parameter"
      },
      "location-after-char-start": 3969,
      "location-after-char-end": 3991,
      "node-str": "context"
    },
    {
      "type": "insert-node",
      "node": {
        "label": "issue",
        "type": "LocalVariable"
      },
      "location-after-char-start": 4296,
      "location-after-char-end": 4328,
      "node-str": "issue"
    },
    {
      "type": "insert-node",
      "node": {
        "label": "if",
        "type": "If"
      },
      "location-after-char-start": 4571,
      "location-after-char-end": 4710,
      "node-str": "if"
    },
    {
      "type": "insert-node",
      "node": {
        "label": "",
        "type": "Try"
      },
      "location-after-char-start": 4872,
      "location-after-char-end": 5529,
      "node-str": ""
    },
    {
      "type": "insert-node",
      "node": {
        "label": "void",
        "type": "RETURN_TYPE"
      },
      "location-after-char-start": 0,
      "location-after-char-end": 0,
      "node-str": "void"
    },
    {
      "type": "insert-node",
      "node": {
        "label": "java.lang.Exception",
        "type": "THROWS"
      },
      "location-after-char-start": 0,
      "location-after-char-end": 0,
      "node-str": "java.lang.Exception"
    },
    {
      "type": "insert-node",
      "node": {
        "label": "public",
        "type": "Modifier"
      },
      "location-after-char-start": 0,
      "location-after-char-end": 0,
      "node-str": "public"
    },
    {
      "type": "insert-node",
      "node": {
        "label": "data",
        "type": "Parameter"
      },
      "location-after-char-start": 7337,
      "location-after-char-end": 7348,
      "node-str": "data"
    },
    {
      "type": "insert-node",
      "node": {
        "label": "context",
        "type": "Parameter"
      },
      "location-after-char-start": 7351,
      "location-after-char-end": 7373,
      "node-str": "context"
    },
    {
      "type": "insert-node",
      "node": {
        "label": "issue",
        "type": "LocalVariable"
      },
      "location-after-char-start": 7678,
      "location-after-char-end": 7710,
      "node-str": "issue"
    },
    {
      "type": "insert-node",
      "node": {
        "label": "",
        "type": "For"
      },
      "location-after-char-start": 8804,
      "location-after-char-end": 9123,
      "node-str": ""
    },
    {
      "type": "insert-node",
      "node": {
        "label": "org.apache.turbine.RunData",
        "type": "VARIABLE_TYPE"
      },
      "location-after-char-start": 0,
      "location-after-char-end": 0,
      "node-str": "org.apache.turbine.RunData"
    },
    {
      "type": "insert-node",
      "node": {
        "label": "org.apache.turbine.TemplateContext",
        "type": "VARIABLE_TYPE"
      },
      "location-after-char-start": 0,
      "location-after-char-end": 0,
      "node-str": "org.apache.turbine.TemplateContext"
    },
    {
      "type": "insert-node",
      "node": {
        "label": "org.tigris.scarab.om.Issue",
        "type": "VARIABLE_TYPE"
      },
      "location-after-char-start": 0,
      "location-after-char-end": 0,
      "node-str": "org.tigris.scarab.om.Issue"
    },
    {
      "type": "insert-node",
      "node": {
        "label": "getIssue",
        "type": "Invocation"
      },
      "location-after-char-start": 4310,
      "location-after-char-end": 4327,
      "node-str": "getIssue"
    },
    {
      "type": "insert-node",
      "node": {
        "label": "EQ",
        "type": "BinaryOperator"
      },
      "location-after-char-start": 4575,
      "location-after-char-end": 4594,
      "node-str": "EQ"
    },
    {
      "type": "insert-node",
      "node": {
        "label": "THEN",
        "type": "then"
      },
      "location-after-char-start": 4605,
      "location-after-char-end": 4710,
      "node-str": "THEN"
    },
    {
      "type": "insert-node",
      "node": {
        "label": "\u003d",
        "type": "Assignment"
      },
      "location-after-char-start": 4898,
      "location-after-char-end": 5002,
      "node-str": "\u003d"
    },
    {
      "type": "insert-node",
      "node": {
        "label": "\u003d",
        "type": "Assignment"
      },
      "location-after-char-start": 5016,
      "location-after-char-end": 5145,
      "node-str": "\u003d"
    },
    {
      "type": "move-subtree",
      "node": {
        "label": "\u003d",
        "type": "Assignment"
      },
      "location-before-char-start": 5033,
      "location-before-char-end": 5130,
      "location-after-char-start": 5159,
      "location-after-char-end": 5256,
      "node-str": "\u003d"
    },
    {
      "type": "move-subtree",
      "node": {
        "label": "\u003d",
        "type": "Assignment"
      },
      "location-before-char-start": 5144,
      "location-before-char-end": 5250,
      "location-after-char-start": 5270,
      "location-after-char-end": 5376,
      "node-str": "\u003d"
    },
    {
      "type": "move-subtree",
      "node": {
        "label": "",
        "type": "Catch"
      },
      "location-before-char-start": 5261,
      "location-before-char-end": 5403,
      "location-after-char-start": 5387,
      "location-after-char-end": 5529,
      "node-str": ""
    },
    {
      "type": "insert-node",
      "node": {
        "label": "org.apache.turbine.RunData",
        "type": "VARIABLE_TYPE"
      },
      "location-after-char-start": 0,
      "location-after-char-end": 0,
      "node-str": "org.apache.turbine.RunData"
    },
    {
      "type": "insert-node",
      "node": {
        "label": "org.apache.turbine.TemplateContext",
        "type": "VARIABLE_TYPE"
      },
      "location-after-char-start": 0,
      "location-after-char-end": 0,
      "node-str": "org.apache.turbine.TemplateContext"
    },
    {
      "type": "insert-node",
      "node": {
        "label": "org.tigris.scarab.om.Issue",
        "type": "VARIABLE_TYPE"
      },
      "location-after-char-start": 0,
      "location-after-char-end": 0,
      "node-str": "org.tigris.scarab.om.Issue"
    },
    {
      "type": "insert-node",
      "node": {
        "label": "getIssue",
        "type": "Invocation"
      },
      "location-after-char-start": 7692,
      "location-after-char-end": 7709,
      "node-str": "getIssue"
    },
    {
      "type": "move-subtree",
      "node": {
        "label": "i",
        "type": "LocalVariable"
      },
      "location-before-char-start": 8628,
      "location-before-char-end": 8634,
      "location-after-char-start": 8809,
      "location-after-char-end": 8815,
      "node-str": "i"
    },
    {
      "type": "move-subtree",
      "node": {
        "label": "LT",
        "type": "BinaryOperator"
      },
      "location-before-char-start": 8637,
      "location-before-char-end": 8649,
      "location-after-char-start": 8818,
      "location-after-char-end": 8830,
      "node-str": "LT"
    },
    {
      "type": "insert-node",
      "node": {
        "label": "POSTINC",
        "type": "UnaryOperator"
      },
      "location-after-char-start": 8833,
      "location-after-char-end": 8835,
      "node-str": "POSTINC"
    },
    {
      "type": "move-subtree",
      "node": {
        "label": "key",
        "type": "LocalVariable"
      },
      "location-before-char-start": 8679,
      "location-before-char-end": 8708,
      "location-after-char-start": 8860,
      "location-after-char-end": 8889,
      "node-str": "key"
    },
    {
      "type": "insert-node",
      "node": {
        "label": "if",
        "type": "If"
      },
      "location-after-char-start": 8903,
      "location-after-char-end": 9113,
      "node-str": "if"
    },
    {
      "type": "insert-node",
      "node": {
        "label": "scarabR",
        "type": "VariableRead"
      },
      "location-after-char-start": 4310,
      "location-after-char-end": 4316,
      "node-str": "scarabR"
    },
    {
      "type": "insert-node",
      "node": {
        "label": "modIssueType",
        "type": "VariableRead"
      },
      "location-after-char-start": 4575,
      "location-after-char-end": 4586,
      "node-str": "modIssueType"
    },
    {
      "type": "insert-node",
      "node": {
        "label": "null",
        "type": "Literal"
      },
      "location-after-char-start": 4591,
      "location-after-char-end": 4594,
      "node-str": "null"
    },
    {
      "type": "insert-node",
      "node": {
        "label": "setAlertMessage",
        "type": "Invocation"
      },
      "location-after-char-start": 4619,
      "location-after-char-end": 4680,
      "node-str": "setAlertMessage"
    },
    {
      "type": "insert-node",
      "node": {
        "label": "return",
        "type": "Return"
      },
      "location-after-char-start": 4694,
      "location-after-char-end": 4700,
      "node-str": "return"
    },
    {
      "type": "insert-node",
      "node": {
        "label": "newModuleId",
        "type": "VariableWrite"
      },
      "location-after-char-start": 4898,
      "location-after-char-end": 4908,
      "node-str": "newModuleId"
    },
    {
      "type": "insert-node",
      "node": {
        "label": "org.apache.torque.om.NumberKey(java.lang.String)",
        "type": "ConstructorCall"
      },
      "location-after-char-start": 4912,
      "location-after-char-end": 5001,
      "node-str": "org.apache.torque.om.NumberKey(java.lang.String)"
    },
    {
      "type": "insert-node",
      "node": {
        "label": "newIssueTypeId",
        "type": "VariableWrite"
      },
      "location-after-char-start": 5016,
      "location-after-char-end": 5029,
      "node-str": "newIssueTypeId"
    },
    {
      "type": "insert-node",
      "node": {
        "label": "org.apache.torque.om.NumberKey(java.lang.String)",
        "type": "ConstructorCall"
      },
      "location-after-char-start": 5033,
      "location-after-char-end": 5144,
      "node-str": "org.apache.torque.om.NumberKey(java.lang.String)"
    },
    {
      "type": "insert-node",
      "node": {
        "label": "scarabR",
        "type": "VariableRead"
      },
      "location-after-char-start": 7692,
      "location-after-char-end": 7698,
      "node-str": "scarabR"
    },
    {
      "type": "insert-node",
      "node": {
        "label": "i",
        "type": "VariableWrite"
      },
      "location-after-char-start": 8833,
      "location-after-char-end": 8833,
      "node-str": "i"
    },
    {
      "type": "move-subtree",
      "node": {
        "label": "startsWith",
        "type": "Invocation"
      },
      "location-before-char-start": 8726,
      "location-before-char-end": 8760,
      "location-after-char-start": 8907,
      "location-after-char-end": 8941,
      "node-str": "startsWith"
    },
    {
      "type": "insert-node",
      "node": {
        "label": "THEN",
        "type": "then"
      },
      "location-after-char-start": 8956,
      "location-after-char-end": 9113,
      "node-str": "THEN"
    },
    {
      "type": "insert-node",
      "node": {
        "label": "scarabR",
        "type": "VariableRead"
      },
      "location-after-char-start": 4619,
      "location-after-char-end": 4625,
      "node-str": "scarabR"
    },
    {
      "type": "insert-node",
      "node": {
        "label": "get",
        "type": "Invocation"
      },
      "location-after-char-start": 4643,
      "location-after-char-end": 4678,
      "node-str": "get"
    },
    {
      "type": "insert-node",
      "node": {
        "label": "substring",
        "type": "Invocation"
      },
      "location-after-char-start": 4926,
      "location-after-char-end": 5000,
      "node-str": "substring"
    },
    {
      "type": "insert-node",
      "node": {
        "label": "substring",
        "type": "Invocation"
      },
      "location-after-char-start": 5047,
      "location-after-char-end": 5143,
      "node-str": "substring"
    },
    {
      "type": "insert-node",
      "node": {
        "label": "add",
        "type": "Invocation"
      },
      "location-after-char-start": 8974,
      "location-after-char-end": 9099,
      "node-str": "add"
    },
    {
      "type": "update-node",
      "node": {
        "label": "context",
        "type": "VariableRead"
      },
      "location-before-char-start": 11099,
      "location-before-char-end": 11105,
      "location-after-char-start": 11279,
      "location-after-char-end": 11285,
      "node-str": "scarabR"
    },
    {
      "type": "move-subtree",
      "node": {
        "label": "context",
        "type": "VariableRead"
      },
      "location-before-char-start": 11099,
      "location-before-char-end": 11105,
      "location-after-char-start": 11279,
      "location-after-char-end": 11285,
      "node-str": "scarabR"
    },
    {
      "type": "insert-node",
      "node": {
        "label": "l10n",
        "type": "VariableRead"
      },
      "location-after-char-start": 4643,
      "location-after-char-end": 4646,
      "node-str": "l10n"
    },
    {
      "type": "insert-node",
      "node": {
        "label": "\"SelectModuleAndIssueType\"",
        "type": "Literal"
      },
      "location-after-char-start": 4652,
      "location-after-char-end": 4677,
      "node-str": "\"SelectModuleAndIssueType\""
    },
    {
      "type": "insert-node",
      "node": {
        "label": "modIssueType",
        "type": "VariableRead"
      },
      "location-after-char-start": 4926,
      "location-after-char-end": 4937,
      "node-str": "modIssueType"
    },
    {
      "type": "insert-node",
      "node": {
        "label": "0",
        "type": "Literal"
      },
      "location-after-char-start": 4972,
      "location-after-char-end": 4972,
      "node-str": "0"
    },
    {
      "type": "insert-node",
      "node": {
        "label": "indexOf",
        "type": "Invocation"
      },
      "location-after-char-start": 4975,
      "location-after-char-end": 4999,
      "node-str": "indexOf"
    },
    {
      "type": "insert-node",
      "node": {
        "label": "modIssueType",
        "type": "VariableRead"
      },
      "location-after-char-start": 5047,
      "location-after-char-end": 5058,
      "node-str": "modIssueType"
    },
    {
      "type": "insert-node",
      "node": {
        "label": "PLUS",
        "type": "BinaryOperator"
      },
      "location-after-char-start": 5093,
      "location-after-char-end": 5119,
      "node-str": "PLUS"
    },
    {
      "type": "insert-node",
      "node": {
        "label": "length",
        "type": "Invocation"
      },
      "location-after-char-start": 5122,
      "location-after-char-end": 5142,
      "node-str": "length"
    },
    {
      "type": "insert-node",
      "node": {
        "label": "commentAttrs",
        "type": "VariableRead"
      },
      "location-after-char-start": 8974,
      "location-after-char-end": 8985,
      "node-str": "commentAttrs"
    },
    {
      "type": "insert-node",
      "node": {
        "label": "getAttribute",
        "type": "Invocation"
      },
      "location-after-char-start": 9012,
      "location-after-char-end": 9097,
      "node-str": "getAttribute"
    },
    {
      "type": "insert-node",
      "node": {
        "label": "modIssueType",
        "type": "VariableRead"
      },
      "location-after-char-start": 4975,
      "location-after-char-end": 4986,
      "node-str": "modIssueType"
    },
    {
      "type": "insert-node",
      "node": {
        "label": "\u0027_\u0027",
        "type": "Literal"
      },
      "location-after-char-start": 4996,
      "location-after-char-end": 4998,
      "node-str": "\u0027_\u0027"
    },
    {
      "type": "insert-node",
      "node": {
        "label": "indexOf",
        "type": "Invocation"
      },
      "location-after-char-start": 5093,
      "location-after-char-end": 5117,
      "node-str": "indexOf"
    },
    {
      "type": "insert-node",
      "node": {
        "label": "1",
        "type": "Literal"
      },
      "location-after-char-start": 5119,
      "location-after-char-end": 5119,
      "node-str": "1"
    },
    {
      "type": "insert-node",
      "node": {
        "label": "modIssueType",
        "type": "VariableRead"
      },
      "location-after-char-start": 5122,
      "location-after-char-end": 5133,
      "node-str": "modIssueType"
    },
    {
      "type": "insert-node",
      "node": {
        "label": "scarabR",
        "type": "VariableRead"
      },
      "location-after-char-start": 9023,
      "location-after-char-end": 9029,
      "node-str": "scarabR"
    },
    {
      "type": "move-subtree",
      "node": {
        "label": "org.apache.torque.om.NumberKey(java.lang.String)",
        "type": "ConstructorCall"
      },
      "location-before-char-start": 8864,
      "location-before-char-end": 8895,
      "location-after-char-start": 9065,
      "location-after-char-end": 9096,
      "node-str": "org.apache.torque.om.NumberKey(java.lang.String)"
    },
    {
      "type": "insert-node",
      "node": {
        "label": "modIssueType",
        "type": "VariableRead"
      },
      "location-after-char-start": 5093,
      "location-after-char-end": 5104,
      "node-str": "modIssueType"
    },
    {
      "type": "insert-node",
      "node": {
        "label": "\u0027_\u0027",
        "type": "Literal"
      },
      "location-after-char-start": 5114,
      "location-after-char-end": 5116,
      "node-str": "\u0027_\u0027"
    },
    {
      "type": "delete-node",
      "node": {
        "label": "public",
        "type": "Modifier"
      },
      "location-before-char-start": 0,
      "location-before-char-end": 0,
      "node-str": "public"
    },
    {
      "type": "delete-node",
      "node": {
        "label": "org.tigris.scarab.actions.base.RequireLoginFirstAction",
        "type": "SUPER_TYPE"
      },
      "location-before-char-start": 0,
      "location-before-char-end": 0,
      "node-str": "org.tigris.scarab.actions.base.RequireLoginFirstAction"
    },
    {
      "type": "delete-node",
      "node": {
        "label": "",
        "type": "TypeReference"
      },
      "location-before-char-start": 3763,
      "location-before-char-end": 3785,
      "node-str": ""
    },
    {
      "type": "delete-node",
      "node": {
        "label": "void",
        "type": "RETURN_TYPE"
      },
      "location-before-char-start": 0,
      "location-before-char-end": 0,
      "node-str": "void"
    },
    {
      "type": "delete-node",
      "node": {
        "label": "java.lang.Exception",
        "type": "THROWS"
      },
      "location-before-char-start": 0,
      "location-before-char-end": 0,
      "node-str": "java.lang.Exception"
    },
    {
      "type": "delete-node",
      "node": {
        "label": "public",
        "type": "Modifier"
      },
      "location-before-char-start": 0,
      "location-before-char-end": 0,
      "node-str": "public"
    },
    {
      "type": "delete-node",
      "node": {
        "label": "org.apache.turbine.RunData",
        "type": "VARIABLE_TYPE"
      },
      "location-before-char-start": 0,
      "location-before-char-end": 0,
      "node-str": "org.apache.turbine.RunData"
    },
    {
      "type": "delete-node",
      "node": {
        "label": "data",
        "type": "Parameter"
      },
      "location-before-char-start": 3955,
      "location-before-char-end": 3966,
      "node-str": "data"
    },
    {
      "type": "delete-node",
      "node": {
        "label": "org.apache.turbine.TemplateContext",
        "type": "VARIABLE_TYPE"
      },
      "location-before-char-start": 0,
      "location-before-char-end": 0,
      "node-str": "org.apache.turbine.TemplateContext"
    },
    {
      "type": "delete-node",
      "node": {
        "label": "context",
        "type": "Parameter"
      },
      "location-before-char-start": 3969,
      "location-before-char-end": 3991,
      "node-str": "context"
    },
    {
      "type": "delete-node",
      "node": {
        "label": "org.tigris.scarab.om.Issue",
        "type": "VARIABLE_TYPE"
      },
      "location-before-char-start": 0,
      "location-before-char-end": 0,
      "node-str": "org.tigris.scarab.om.Issue"
    },
    {
      "type": "delete-node",
      "node": {
        "label": "org.tigris.scarab.actions.MoveIssue",
        "type": "TypeAccess"
      },
      "location-before-char-start": 0,
      "location-before-char-end": 0,
      "node-str": "org.tigris.scarab.actions.MoveIssue"
    },
    {
      "type": "delete-node",
      "node": {
        "label": "context",
        "type": "VariableRead"
      },
      "location-before-char-start": 4331,
      "location-before-char-end": 4337,
      "node-str": "context"
    },
    {
      "type": "delete-node",
      "node": {
        "label": "getScarabRequestTool",
        "type": "Invocation"
      },
      "location-before-char-start": 4310,
      "location-before-char-end": 4338,
      "node-str": "getScarabRequestTool"
    },
    {
      "type": "delete-node",
      "node": {
        "label": "getIssue",
        "type": "Invocation"
      },
      "location-before-char-start": 4310,
      "location-before-char-end": 4349,
      "node-str": "getIssue"
    },
    {
      "type": "delete-node",
      "node": {
        "label": "issue",
        "type": "LocalVariable"
      },
      "location-before-char-start": 4296,
      "location-before-char-end": 4350,
      "node-str": "issue"
    },
    {
      "type": "delete-node",
      "node": {
        "label": "newModuleId",
        "type": "VariableWrite"
      },
      "location-before-char-start": 4772,
      "location-before-char-end": 4782,
      "node-str": "newModuleId"
    },
    {
      "type": "delete-node",
      "node": {
        "label": "modIssueType",
        "type": "VariableRead"
      },
      "location-before-char-start": 4800,
      "location-before-char-end": 4811,
      "node-str": "modIssueType"
    },
    {
      "type": "delete-node",
      "node": {
        "label": "0",
        "type": "Literal"
      },
      "location-before-char-start": 4846,
      "location-before-char-end": 4846,
      "node-str": "0"
    },
    {
      "type": "delete-node",
      "node": {
        "label": "modIssueType",
        "type": "VariableRead"
      },
      "location-before-char-start": 4849,
      "location-before-char-end": 4860,
      "node-str": "modIssueType"
    },
    {
      "type": "delete-node",
      "node": {
        "label": "\"_\"",
        "type": "Literal"
      },
      "location-before-char-start": 4870,
      "location-before-char-end": 4872,
      "node-str": "\"_\""
    },
    {
      "type": "delete-node",
      "node": {
        "label": "indexOf",
        "type": "Invocation"
      },
      "location-before-char-start": 4849,
      "location-before-char-end": 4873,
      "node-str": "indexOf"
    },
    {
      "type": "delete-node",
      "node": {
        "label": "substring",
        "type": "Invocation"
      },
      "location-before-char-start": 4800,
      "location-before-char-end": 4874,
      "node-str": "substring"
    },
    {
      "type": "delete-node",
      "node": {
        "label": "org.apache.torque.om.NumberKey(java.lang.String)",
        "type": "ConstructorCall"
      },
      "location-before-char-start": 4786,
      "location-before-char-end": 4875,
      "node-str": "org.apache.torque.om.NumberKey(java.lang.String)"
    },
    {
      "type": "delete-node",
      "node": {
        "label": "\u003d",
        "type": "Assignment"
      },
      "location-before-char-start": 4772,
      "location-before-char-end": 4876,
      "node-str": "\u003d"
    },
    {
      "type": "delete-node",
      "node": {
        "label": "newIssueTypeId",
        "type": "VariableWrite"
      },
      "location-before-char-start": 4890,
      "location-before-char-end": 4903,
      "node-str": "newIssueTypeId"
    },
    {
      "type": "delete-node",
      "node": {
        "label": "modIssueType",
        "type": "VariableRead"
      },
      "location-before-char-start": 4921,
      "location-before-char-end": 4932,
      "node-str": "modIssueType"
    },
    {
      "type": "delete-node",
      "node": {
        "label": "modIssueType",
        "type": "VariableRead"
      },
      "location-before-char-start": 4967,
      "location-before-char-end": 4978,
      "node-str": "modIssueType"
    },
    {
      "type": "delete-node",
      "node": {
        "label": "\"_\"",
        "type": "Literal"
      },
      "location-before-char-start": 4988,
      "location-before-char-end": 4990,
      "node-str": "\"_\""
    },
    {
      "type": "delete-node",
      "node": {
        "label": "indexOf",
        "type": "Invocation"
      },
      "location-before-char-start": 4967,
      "location-before-char-end": 4991,
      "node-str": "indexOf"
    },
    {
      "type": "delete-node",
      "node": {
        "label": "1",
        "type": "Literal"
      },
      "location-before-char-start": 4993,
      "location-before-char-end": 4993,
      "node-str": "1"
    },
    {
      "type": "delete-node",
      "node": {
        "label": "PLUS",
        "type": "BinaryOperator"
      },
      "location-before-char-start": 4967,
      "location-before-char-end": 4993,
      "node-str": "PLUS"
    },
    {
      "type": "delete-node",
      "node": {
        "label": "modIssueType",
        "type": "VariableRead"
      },
      "location-before-char-start": 4996,
      "location-before-char-end": 5007,
      "node-str": "modIssueType"
    },
    {
      "type": "delete-node",
      "node": {
        "label": "length",
        "type": "Invocation"
      },
      "location-before-char-start": 4996,
      "location-before-char-end": 5016,
      "node-str": "length"
    },
    {
      "type": "delete-node",
      "node": {
        "label": "substring",
        "type": "Invocation"
      },
      "location-before-char-start": 4921,
      "location-before-char-end": 5017,
      "node-str": "substring"
    },
    {
      "type": "delete-node",
      "node": {
        "label": "org.apache.torque.om.NumberKey(java.lang.String)",
        "type": "ConstructorCall"
      },
      "location-before-char-start": 4907,
      "location-before-char-end": 5018,
      "node-str": "org.apache.torque.om.NumberKey(java.lang.String)"
    },
    {
      "type": "delete-node",
      "node": {
        "label": "\u003d",
        "type": "Assignment"
      },
      "location-before-char-start": 4890,
      "location-before-char-end": 5019,
      "node-str": "\u003d"
    },
    {
      "type": "delete-node",
      "node": {
        "label": "",
        "type": "Try"
      },
      "location-before-char-start": 4746,
      "location-before-char-end": 5403,
      "node-str": ""
    },
    {
      "type": "delete-node",
      "node": {
        "label": "void",
        "type": "RETURN_TYPE"
      },
      "location-before-char-start": 0,
      "location-before-char-end": 0,
      "node-str": "void"
    },
    {
      "type": "delete-node",
      "node": {
        "label": "java.lang.Exception",
        "type": "THROWS"
      },
      "location-before-char-start": 0,
      "location-before-char-end": 0,
      "node-str": "java.lang.Exception"
    },
    {
      "type": "delete-node",
      "node": {
        "label": "public",
        "type": "Modifier"
      },
      "location-before-char-start": 0,
      "location-before-char-end": 0,
      "node-str": "public"
    },
    {
      "type": "delete-node",
      "node": {
        "label": "org.apache.turbine.RunData",
        "type": "VARIABLE_TYPE"
      },
      "location-before-char-start": 0,
      "location-before-char-end": 0,
      "node-str": "org.apache.turbine.RunData"
    },
    {
      "type": "delete-node",
      "node": {
        "label": "data",
        "type": "Parameter"
      },
      "location-before-char-start": 7147,
      "location-before-char-end": 7158,
      "node-str": "data"
    },
    {
      "type": "delete-node",
      "node": {
        "label": "org.apache.turbine.TemplateContext",
        "type": "VARIABLE_TYPE"
      },
      "location-before-char-start": 0,
      "location-before-char-end": 0,
      "node-str": "org.apache.turbine.TemplateContext"
    },
    {
      "type": "delete-node",
      "node": {
        "label": "context",
        "type": "Parameter"
      },
      "location-before-char-start": 7161,
      "location-before-char-end": 7183,
      "node-str": "context"
    },
    {
      "type": "delete-node",
      "node": {
        "label": "org.tigris.scarab.om.Issue",
        "type": "VARIABLE_TYPE"
      },
      "location-before-char-start": 0,
      "location-before-char-end": 0,
      "node-str": "org.tigris.scarab.om.Issue"
    },
    {
      "type": "delete-node",
      "node": {
        "label": "org.tigris.scarab.actions.MoveIssue",
        "type": "TypeAccess"
      },
      "location-before-char-start": 0,
      "location-before-char-end": 0,
      "node-str": "org.tigris.scarab.actions.MoveIssue"
    },
    {
      "type": "delete-node",
      "node": {
        "label": "context",
        "type": "VariableRead"
      },
      "location-before-char-start": 7523,
      "location-before-char-end": 7529,
      "node-str": "context"
    },
    {
      "type": "delete-node",
      "node": {
        "label": "getScarabRequestTool",
        "type": "Invocation"
      },
      "location-before-char-start": 7502,
      "location-before-char-end": 7530,
      "node-str": "getScarabRequestTool"
    },
    {
      "type": "delete-node",
      "node": {
        "label": "getIssue",
        "type": "Invocation"
      },
      "location-before-char-start": 7502,
      "location-before-char-end": 7541,
      "node-str": "getIssue"
    },
    {
      "type": "delete-node",
      "node": {
        "label": "issue",
        "type": "LocalVariable"
      },
      "location-before-char-start": 7488,
      "location-before-char-end": 7542,
      "node-str": "issue"
    },
    {
      "type": "delete-node",
      "node": {
        "label": "i",
        "type": "VariableWrite"
      },
      "location-before-char-start": 8652,
      "location-before-char-end": 8652,
      "node-str": "i"
    },
    {
      "type": "delete-node",
      "node": {
        "label": "POSTINC",
        "type": "UnaryOperator"
      },
      "location-before-char-start": 8652,
      "location-before-char-end": 8654,
      "node-str": "POSTINC"
    },
    {
      "type": "delete-node",
      "node": {
        "label": "commentAttrs",
        "type": "VariableRead"
      },
      "location-before-char-start": 8793,
      "location-before-char-end": 8804,
      "node-str": "commentAttrs"
    },
    {
      "type": "delete-node",
      "node": {
        "label": "org.tigris.scarab.actions.MoveIssue",
        "type": "TypeAccess"
      },
      "location-before-char-start": 0,
      "location-before-char-end": 0,
      "node-str": "org.tigris.scarab.actions.MoveIssue"
    },
    {
      "type": "delete-node",
      "node": {
        "label": "context",
        "type": "VariableRead"
      },
      "location-before-char-start": 8842,
      "location-before-char-end": 8848,
      "node-str": "context"
    },
    {
      "type": "delete-node",
      "node": {
        "label": "getScarabRequestTool",
        "type": "Invocation"
      },
      "location-before-char-start": 8821,
      "location-before-char-end": 8849,
      "node-str": "getScarabRequestTool"
    },
    {
      "type": "delete-node",
      "node": {
        "label": "getAttribute",
        "type": "Invocation"
      },
      "location-before-char-start": 8810,
      "location-before-char-end": 8896,
      "node-str": "getAttribute"
    },
    {
      "type": "delete-node",
      "node": {
        "label": "add",
        "type": "Invocation"
      },
      "location-before-char-start": 8793,
      "location-before-char-end": 8898,
      "node-str": "add"
    },
    {
      "type": "delete-node",
      "node": {
        "label": "THEN",
        "type": "then"
      },
      "location-before-char-start": 8775,
      "location-before-char-end": 8912,
      "node-str": "THEN"
    },
    {
      "type": "delete-node",
      "node": {
        "label": "if",
        "type": "If"
      },
      "location-before-char-start": 8722,
      "location-before-char-end": 8912,
      "node-str": "if"
    },
    {
      "type": "delete-node",
      "node": {
        "label": "",
        "type": "For"
      },
      "location-before-char-start": 8623,
      "location-before-char-end": 8922,
      "node-str": ""
    },
    {
      "type": "delete-node",
      "node": {
        "label": "org.tigris.scarab.actions.MoveIssue",
        "type": "TypeAccess"
      },
      "location-before-char-start": 0,
      "location-before-char-end": 0,
      "node-str": "org.tigris.scarab.actions.MoveIssue"
    },
    {
      "type": "delete-node",
      "node": {
        "label": "getScarabRequestTool",
        "type": "Invocation"
      },
      "location-before-char-start": 11078,
      "location-before-char-end": 11106,
      "node-str": "getScarabRequestTool"
    }
  ],
  "before-file": {},
  "after-file": {},
  "mapping": {}
}