{
  "tool-info": {},
  "diff": [
    {
      "type": "insert-node",
      "node": {
        "label": "PreviousMessageAction",
        "type": "Class"
      },
      "location-after-char-start": 1611,
      "location-after-char-end": 4023,
      "node-str": "PreviousMessageAction"
    },
    {
      "type": "insert-node",
      "node": {
        "label": "public",
        "type": "Modifier"
      },
      "location-after-char-start": 0,
      "location-after-char-end": 0,
      "node-str": "public"
    },
    {
      "type": "insert-node",
      "node": {
        "label": "",
        "type": "TypeReference"
      },
      "location-after-char-start": 1987,
      "location-after-char-end": 2007,
      "node-str": ""
    },
    {
      "type": "move-subtree",
      "node": {
        "label": "\u003cinit\u003e",
        "type": "Constructor"
      },
      "location-before-char-start": 2054,
      "location-before-char-end": 2766,
      "location-after-char-start": 2044,
      "location-after-char-end": 2756,
      "node-str": "\u003cinit\u003e"
    },
    {
      "type": "move-subtree",
      "node": {
        "label": "actionPerformed",
        "type": "Method"
      },
      "location-before-char-start": 2770,
      "location-before-char-end": 3766,
      "location-after-char-start": 2760,
      "location-after-char-end": 3756,
      "node-str": "actionPerformed"
    },
    {
      "type": "insert-node",
      "node": {
        "label": "selectionChanged",
        "type": "Method"
      },
      "location-after-char-start": 3760,
      "location-after-char-end": 4021,
      "node-str": "selectionChanged"
    },
    {
      "type": "insert-node",
      "node": {
        "label": "org.columba.core.gui.action.AbstractColumbaAction",
        "type": "SUPER_TYPE"
      },
      "location-after-char-start": 0,
      "location-after-char-end": 0,
      "node-str": "org.columba.core.gui.action.AbstractColumbaAction"
    },
    {
      "type": "insert-node",
      "node": {
        "label": "void",
        "type": "RETURN_TYPE"
      },
      "location-after-char-start": 0,
      "location-after-char-end": 0,
      "node-str": "void"
    },
    {
      "type": "insert-node",
      "node": {
        "label": "public",
        "type": "Modifier"
      },
      "location-after-char-start": 0,
      "location-after-char-end": 0,
      "node-str": "public"
    },
    {
      "type": "insert-node",
      "node": {
        "label": "e",
        "type": "Parameter"
      },
      "location-after-char-start": 3924,
      "location-after-char-end": 3946,
      "node-str": "e"
    },
    {
      "type": "move-subtree",
      "node": {
        "label": "setEnabled",
        "type": "Invocation"
      },
      "location-before-char-start": 3963,
      "location-before-char-end": 4028,
      "location-after-char-start": 3953,
      "location-after-char-end": 4018,
      "node-str": "setEnabled"
    },
    {
      "type": "insert-node",
      "node": {
        "label": "org.columba.api.selection.SelectionChangedEvent",
        "type": "VARIABLE_TYPE"
      },
      "location-after-char-start": 0,
      "location-after-char-end": 0,
      "node-str": "org.columba.api.selection.SelectionChangedEvent"
    },
    {
      "type": "delete-node",
      "node": {
        "label": "public",
        "type": "Modifier"
      },
      "location-before-char-start": 0,
      "location-before-char-end": 0,
      "node-str": "public"
    },
    {
      "type": "delete-node",
      "node": {
        "label": "org.columba.core.gui.action.AbstractColumbaAction",
        "type": "SUPER_TYPE"
      },
      "location-before-char-start": 0,
      "location-before-char-end": 0,
      "node-str": "org.columba.core.gui.action.AbstractColumbaAction"
    },
    {
      "type": "delete-node",
      "node": {
        "label": "",
        "type": "TypeReference"
      },
      "location-before-char-start": 1997,
      "location-before-char-end": 2017,
      "node-str": ""
    },
    {
      "type": "delete-node",
      "node": {
        "label": "void",
        "type": "RETURN_TYPE"
      },
      "location-before-char-start": 0,
      "location-before-char-end": 0,
      "node-str": "void"
    },
    {
      "type": "delete-node",
      "node": {
        "label": "public",
        "type": "Modifier"
      },
      "location-before-char-start": 0,
      "location-before-char-end": 0,
      "node-str": "public"
    },
    {
      "type": "delete-node",
      "node": {
        "label": "org.columba.core.gui.selection.SelectionChangedEvent",
        "type": "VARIABLE_TYPE"
      },
      "location-before-char-start": 0,
      "location-before-char-end": 0,
      "node-str": "org.columba.core.gui.selection.SelectionChangedEvent"
    },
    {
      "type": "delete-node",
      "node": {
        "label": "e",
        "type": "Parameter"
      },
      "location-before-char-start": 3934,
      "location-before-char-end": 3956,
      "node-str": "e"
    },
    {
      "type": "delete-node",
      "node": {
        "label": "selectionChanged",
        "type": "Method"
      },
      "location-before-char-start": 3770,
      "location-before-char-end": 4031,
      "node-str": "selectionChanged"
    },
    {
      "type": "delete-node",
      "node": {
        "label": "PreviousMessageAction",
        "type": "Class"
      },
      "location-before-char-start": 1621,
      "location-before-char-end": 4033,
      "node-str": "PreviousMessageAction"
    }
  ],
  "before-file": {},
  "after-file": {},
  "mapping": {}
}