{
  "tool-info": {},
  "diff": [
    {
      "type": "insert-node",
      "node": {
        "label": "public",
        "type": "Modifier"
      },
      "location-after-char-start": 0,
      "location-after-char-end": 0,
      "node-str": "public"
    },
    {
      "type": "insert-node",
      "node": {
        "label": "",
        "type": "TypeReference"
      },
      "location-after-char-start": 5252,
      "location-after-char-end": 5270,
      "node-str": ""
    },
    {
      "type": "insert-node",
      "node": {
        "label": "_MIN_VERT_PADDING",
        "type": "Field"
      },
      "location-after-char-start": 5279,
      "location-after-char-end": 5697,
      "node-str": "_MIN_VERT_PADDING"
    },
    {
      "type": "insert-node",
      "node": {
        "label": "_SPACER",
        "type": "Field"
      },
      "location-after-char-start": 5704,
      "location-after-char-end": 5879,
      "node-str": "_SPACER"
    },
    {
      "type": "insert-node",
      "node": {
        "label": "_bigPort",
        "type": "Field"
      },
      "location-after-char-start": 5886,
      "location-after-char-end": 6287,
      "node-str": "_bigPort"
    },
    {
      "type": "insert-node",
      "node": {
        "label": "_cover",
        "type": "Field"
      },
      "location-after-char-start": 6294,
      "location-after-char-end": 6474,
      "node-str": "_cover"
    },
    {
      "type": "insert-node",
      "node": {
        "label": "_epSep",
        "type": "Field"
      },
      "location-after-char-start": 6481,
      "location-after-char-end": 6584,
      "node-str": "_epSep"
    },
    {
      "type": "insert-node",
      "node": {
        "label": "_epVec",
        "type": "Field"
      },
      "location-after-char-start": 6591,
      "location-after-char-end": 6769,
      "node-str": "_epVec"
    },
    {
      "type": "insert-node",
      "node": {
        "label": "_epBigPort",
        "type": "Field"
      },
      "location-after-char-start": 6776,
      "location-after-char-end": 6885,
      "node-str": "_epBigPort"
    },
    {
      "type": "insert-node",
      "node": {
        "label": "_highlightedFigText",
        "type": "Field"
      },
      "location-after-char-start": 6892,
      "location-after-char-end": 7091,
      "node-str": "_highlightedFigText"
    },
    {
      "type": "insert-node",
      "node": {
        "label": "org.argouml.uml.diagram.ui.FigNodeModelElement",
        "type": "SUPER_TYPE"
      },
      "location-after-char-start": 0,
      "location-after-char-end": 0,
      "node-str": "org.argouml.uml.diagram.ui.FigNodeModelElement"
    },
    {
      "type": "insert-node",
      "node": {
        "label": "int",
        "type": "VARIABLE_TYPE"
      },
      "location-after-char-start": 0,
      "location-after-char-end": 0,
      "node-str": "int"
    },
    {
      "type": "insert-node",
      "node": {
        "label": "final",
        "type": "Modifier"
      },
      "location-after-char-start": 0,
      "location-after-char-end": 0,
      "node-str": "final"
    },
    {
      "type": "insert-node",
      "node": {
        "label": "protected",
        "type": "Modifier"
      },
      "location-after-char-start": 0,
      "location-after-char-end": 0,
      "node-str": "protected"
    },
    {
      "type": "insert-node",
      "node": {
        "label": "4",
        "type": "Literal"
      },
      "location-after-char-start": 5696,
      "location-after-char-end": 5696,
      "node-str": "4"
    },
    {
      "type": "insert-node",
      "node": {
        "label": "int",
        "type": "VARIABLE_TYPE"
      },
      "location-after-char-start": 0,
      "location-after-char-end": 0,
      "node-str": "int"
    },
    {
      "type": "insert-node",
      "node": {
        "label": "final",
        "type": "Modifier"
      },
      "location-after-char-start": 0,
      "location-after-char-end": 0,
      "node-str": "final"
    },
    {
      "type": "insert-node",
      "node": {
        "label": "protected",
        "type": "Modifier"
      },
      "location-after-char-start": 0,
      "location-after-char-end": 0,
      "node-str": "protected"
    },
    {
      "type": "insert-node",
      "node": {
        "label": "2",
        "type": "Literal"
      },
      "location-after-char-start": 5878,
      "location-after-char-end": 5878,
      "node-str": "2"
    },
    {
      "type": "insert-node",
      "node": {
        "label": "org.argouml.uml.diagram.use_case.ui.FigUseCase$FigMyCircle",
        "type": "VARIABLE_TYPE"
      },
      "location-after-char-start": 0,
      "location-after-char-end": 0,
      "node-str": "org.argouml.uml.diagram.use_case.ui.FigUseCase$FigMyCircle"
    },
    {
      "type": "insert-node",
      "node": {
        "label": "protected",
        "type": "Modifier"
      },
      "location-after-char-start": 0,
      "location-after-char-end": 0,
      "node-str": "protected"
    },
    {
      "type": "insert-node",
      "node": {
        "label": "org.argouml.uml.diagram.use_case.ui.FigUseCase$FigMyCircle",
        "type": "VARIABLE_TYPE"
      },
      "location-after-char-start": 0,
      "location-after-char-end": 0,
      "node-str": "org.argouml.uml.diagram.use_case.ui.FigUseCase$FigMyCircle"
    },
    {
      "type": "insert-node",
      "node": {
        "label": "protected",
        "type": "Modifier"
      },
      "location-after-char-start": 0,
      "location-after-char-end": 0,
      "node-str": "protected"
    },
    {
      "type": "insert-node",
      "node": {
        "label": "org.tigris.gef.presentation.FigLine",
        "type": "VARIABLE_TYPE"
      },
      "location-after-char-start": 0,
      "location-after-char-end": 0,
      "node-str": "org.tigris.gef.presentation.FigLine"
    },
    {
      "type": "insert-node",
      "node": {
        "label": "protected",
        "type": "Modifier"
      },
      "location-after-char-start": 0,
      "location-after-char-end": 0,
      "node-str": "protected"
    },
    {
      "type": "insert-node",
      "node": {
        "label": "org.tigris.gef.presentation.FigGroup",
        "type": "VARIABLE_TYPE"
      },
      "location-after-char-start": 0,
      "location-after-char-end": 0,
      "node-str": "org.tigris.gef.presentation.FigGroup"
    },
    {
      "type": "insert-node",
      "node": {
        "label": "protected",
        "type": "Modifier"
      },
      "location-after-char-start": 0,
      "location-after-char-end": 0,
      "node-str": "protected"
    },
    {
      "type": "insert-node",
      "node": {
        "label": "org.tigris.gef.presentation.FigRect",
        "type": "VARIABLE_TYPE"
      },
      "location-after-char-start": 0,
      "location-after-char-end": 0,
      "node-str": "org.tigris.gef.presentation.FigRect"
    },
    {
      "type": "insert-node",
      "node": {
        "label": "protected",
        "type": "Modifier"
      },
      "location-after-char-start": 0,
      "location-after-char-end": 0,
      "node-str": "protected"
    },
    {
      "type": "insert-node",
      "node": {
        "label": "org.argouml.uml.diagram.ui.CompartmentFigText",
        "type": "VARIABLE_TYPE"
      },
      "location-after-char-start": 0,
      "location-after-char-end": 0,
      "node-str": "org.argouml.uml.diagram.ui.CompartmentFigText"
    },
    {
      "type": "insert-node",
      "node": {
        "label": "protected",
        "type": "Modifier"
      },
      "location-after-char-start": 0,
      "location-after-char-end": 0,
      "node-str": "protected"
    },
    {
      "type": "insert-node",
      "node": {
        "label": "null",
        "type": "Literal"
      },
      "location-after-char-start": 7087,
      "location-after-char-end": 7090,
      "node-str": "null"
    },
    {
      "type": "insert-node",
      "node": {
        "label": "void",
        "type": "RETURN_TYPE"
      },
      "location-after-char-start": 0,
      "location-after-char-end": 0,
      "node-str": "void"
    },
    {
      "type": "insert-node",
      "node": {
        "label": "public",
        "type": "Modifier"
      },
      "location-after-char-start": 0,
      "location-after-char-end": 0,
      "node-str": "public"
    },
    {
      "type": "insert-node",
      "node": {
        "label": "me",
        "type": "Parameter"
      },
      "location-after-char-start": 30631,
      "location-after-char-end": 30643,
      "node-str": "me"
    },
    {
      "type": "insert-node",
      "node": {
        "label": "mousePressed",
        "type": "Invocation"
      },
      "location-after-char-start": 30710,
      "location-after-char-end": 30732,
      "node-str": "mousePressed"
    },
    {
      "type": "insert-node",
      "node": {
        "label": "unhighlight",
        "type": "Invocation"
      },
      "location-after-char-start": 31123,
      "location-after-char-end": 31136,
      "node-str": "unhighlight"
    },
    {
      "type": "insert-node",
      "node": {
        "label": "targetIsSet",
        "type": "LocalVariable"
      },
      "location-after-char-start": 31432,
      "location-after-char-end": 31459,
      "node-str": "targetIsSet"
    },
    {
      "type": "insert-node",
      "node": {
        "label": "if",
        "type": "If"
      },
      "location-after-char-start": 32559,
      "location-after-char-end": 32651,
      "node-str": "if"
    },
    {
      "type": "insert-node",
      "node": {
        "label": "java.awt.event.MouseEvent",
        "type": "VARIABLE_TYPE"
      },
      "location-after-char-start": 0,
      "location-after-char-end": 0,
      "node-str": "java.awt.event.MouseEvent"
    },
    {
      "type": "insert-node",
      "node": {
        "label": "super",
        "type": "SuperAccess"
      },
      "location-after-char-start": 30710,
      "location-after-char-end": 30714,
      "node-str": "super"
    },
    {
      "type": "insert-node",
      "node": {
        "label": "me",
        "type": "VariableRead"
      },
      "location-after-char-start": 30729,
      "location-after-char-end": 30730,
      "node-str": "me"
    },
    {
      "type": "insert-node",
      "node": {
        "label": "org.argouml.uml.diagram.use_case.ui.FigUseCase",
        "type": "TypeAccess"
      },
      "location-after-char-start": 0,
      "location-after-char-end": 0,
      "node-str": "org.argouml.uml.diagram.use_case.ui.FigUseCase"
    },
    {
      "type": "insert-node",
      "node": {
        "label": "boolean",
        "type": "VARIABLE_TYPE"
      },
      "location-after-char-start": 0,
      "location-after-char-end": 0,
      "node-str": "boolean"
    },
    {
      "type": "insert-node",
      "node": {
        "label": "false",
        "type": "Literal"
      },
      "location-after-char-start": 31454,
      "location-after-char-end": 31458,
      "node-str": "false"
    },
    {
      "type": "insert-node",
      "node": {
        "label": "NOT",
        "type": "UnaryOperator"
      },
      "location-after-char-start": 32563,
      "location-after-char-end": 32574,
      "node-str": "NOT"
    },
    {
      "type": "insert-node",
      "node": {
        "label": "THEN",
        "type": "then"
      },
      "location-after-char-start": 32577,
      "location-after-char-end": 32651,
      "node-str": "THEN"
    },
    {
      "type": "insert-node",
      "node": {
        "label": "targetIsSet",
        "type": "VariableRead"
      },
      "location-after-char-start": 32564,
      "location-after-char-end": 32574,
      "node-str": "targetIsSet"
    },
    {
      "type": "insert-node",
      "node": {
        "label": "setTarget",
        "type": "Invocation"
      },
      "location-after-char-start": 32591,
      "location-after-char-end": 32641,
      "node-str": "setTarget"
    },
    {
      "type": "insert-node",
      "node": {
        "label": "getInstance",
        "type": "Invocation"
      },
      "location-after-char-start": 32591,
      "location-after-char-end": 32618,
      "node-str": "getInstance"
    },
    {
      "type": "insert-node",
      "node": {
        "label": "getOwner",
        "type": "Invocation"
      },
      "location-after-char-start": 32630,
      "location-after-char-end": 32639,
      "node-str": "getOwner"
    },
    {
      "type": "insert-node",
      "node": {
        "label": "org.argouml.ui.ProjectBrowser",
        "type": "TypeAccess"
      },
      "location-after-char-start": 32591,
      "location-after-char-end": 32604,
      "node-str": "org.argouml.ui.ProjectBrowser"
    },
    {
      "type": "insert-node",
      "node": {
        "label": "org.argouml.uml.diagram.use_case.ui.FigUseCase",
        "type": "TypeAccess"
      },
      "location-after-char-start": 0,
      "location-after-char-end": 0,
      "node-str": "org.argouml.uml.diagram.use_case.ui.FigUseCase"
    },
    {
      "type": "delete-node",
      "node": {
        "label": "public",
        "type": "Modifier"
      },
      "location-before-char-start": 0,
      "location-before-char-end": 0,
      "node-str": "public"
    },
    {
      "type": "delete-node",
      "node": {
        "label": "org.argouml.uml.diagram.ui.FigNodeModelElement",
        "type": "SUPER_TYPE"
      },
      "location-before-char-start": 0,
      "location-before-char-end": 0,
      "node-str": "org.argouml.uml.diagram.ui.FigNodeModelElement"
    },
    {
      "type": "delete-node",
      "node": {
        "label": "",
        "type": "TypeReference"
      },
      "location-before-char-start": 5252,
      "location-before-char-end": 5270,
      "node-str": ""
    },
    {
      "type": "delete-node",
      "node": {
        "label": "int",
        "type": "VARIABLE_TYPE"
      },
      "location-before-char-start": 0,
      "location-before-char-end": 0,
      "node-str": "int"
    },
    {
      "type": "delete-node",
      "node": {
        "label": "final",
        "type": "Modifier"
      },
      "location-before-char-start": 0,
      "location-before-char-end": 0,
      "node-str": "final"
    },
    {
      "type": "delete-node",
      "node": {
        "label": "protected",
        "type": "Modifier"
      },
      "location-before-char-start": 0,
      "location-before-char-end": 0,
      "node-str": "protected"
    },
    {
      "type": "delete-node",
      "node": {
        "label": "4",
        "type": "Literal"
      },
      "location-before-char-start": 5696,
      "location-before-char-end": 5696,
      "node-str": "4"
    },
    {
      "type": "delete-node",
      "node": {
        "label": "_MIN_VERT_PADDING",
        "type": "Field"
      },
      "location-before-char-start": 5279,
      "location-before-char-end": 5697,
      "node-str": "_MIN_VERT_PADDING"
    },
    {
      "type": "delete-node",
      "node": {
        "label": "int",
        "type": "VARIABLE_TYPE"
      },
      "location-before-char-start": 0,
      "location-before-char-end": 0,
      "node-str": "int"
    },
    {
      "type": "delete-node",
      "node": {
        "label": "final",
        "type": "Modifier"
      },
      "location-before-char-start": 0,
      "location-before-char-end": 0,
      "node-str": "final"
    },
    {
      "type": "delete-node",
      "node": {
        "label": "protected",
        "type": "Modifier"
      },
      "location-before-char-start": 0,
      "location-before-char-end": 0,
      "node-str": "protected"
    },
    {
      "type": "delete-node",
      "node": {
        "label": "2",
        "type": "Literal"
      },
      "location-before-char-start": 5878,
      "location-before-char-end": 5878,
      "node-str": "2"
    },
    {
      "type": "delete-node",
      "node": {
        "label": "_SPACER",
        "type": "Field"
      },
      "location-before-char-start": 5704,
      "location-before-char-end": 5879,
      "node-str": "_SPACER"
    },
    {
      "type": "delete-node",
      "node": {
        "label": "org.argouml.uml.diagram.use_case.ui.FigUseCase$FigMyCircle",
        "type": "VARIABLE_TYPE"
      },
      "location-before-char-start": 0,
      "location-before-char-end": 0,
      "node-str": "org.argouml.uml.diagram.use_case.ui.FigUseCase$FigMyCircle"
    },
    {
      "type": "delete-node",
      "node": {
        "label": "protected",
        "type": "Modifier"
      },
      "location-before-char-start": 0,
      "location-before-char-end": 0,
      "node-str": "protected"
    },
    {
      "type": "delete-node",
      "node": {
        "label": "_bigPort",
        "type": "Field"
      },
      "location-before-char-start": 5886,
      "location-before-char-end": 6287,
      "node-str": "_bigPort"
    },
    {
      "type": "delete-node",
      "node": {
        "label": "org.argouml.uml.diagram.use_case.ui.FigUseCase$FigMyCircle",
        "type": "VARIABLE_TYPE"
      },
      "location-before-char-start": 0,
      "location-before-char-end": 0,
      "node-str": "org.argouml.uml.diagram.use_case.ui.FigUseCase$FigMyCircle"
    },
    {
      "type": "delete-node",
      "node": {
        "label": "protected",
        "type": "Modifier"
      },
      "location-before-char-start": 0,
      "location-before-char-end": 0,
      "node-str": "protected"
    },
    {
      "type": "delete-node",
      "node": {
        "label": "_cover",
        "type": "Field"
      },
      "location-before-char-start": 6294,
      "location-before-char-end": 6474,
      "node-str": "_cover"
    },
    {
      "type": "delete-node",
      "node": {
        "label": "org.tigris.gef.presentation.FigLine",
        "type": "VARIABLE_TYPE"
      },
      "location-before-char-start": 0,
      "location-before-char-end": 0,
      "node-str": "org.tigris.gef.presentation.FigLine"
    },
    {
      "type": "delete-node",
      "node": {
        "label": "protected",
        "type": "Modifier"
      },
      "location-before-char-start": 0,
      "location-before-char-end": 0,
      "node-str": "protected"
    },
    {
      "type": "delete-node",
      "node": {
        "label": "_epSep",
        "type": "Field"
      },
      "location-before-char-start": 6481,
      "location-before-char-end": 6584,
      "node-str": "_epSep"
    },
    {
      "type": "delete-node",
      "node": {
        "label": "org.tigris.gef.presentation.FigGroup",
        "type": "VARIABLE_TYPE"
      },
      "location-before-char-start": 0,
      "location-before-char-end": 0,
      "node-str": "org.tigris.gef.presentation.FigGroup"
    },
    {
      "type": "delete-node",
      "node": {
        "label": "protected",
        "type": "Modifier"
      },
      "location-before-char-start": 0,
      "location-before-char-end": 0,
      "node-str": "protected"
    },
    {
      "type": "delete-node",
      "node": {
        "label": "_epVec",
        "type": "Field"
      },
      "location-before-char-start": 6591,
      "location-before-char-end": 6769,
      "node-str": "_epVec"
    },
    {
      "type": "delete-node",
      "node": {
        "label": "org.tigris.gef.presentation.FigRect",
        "type": "VARIABLE_TYPE"
      },
      "location-before-char-start": 0,
      "location-before-char-end": 0,
      "node-str": "org.tigris.gef.presentation.FigRect"
    },
    {
      "type": "delete-node",
      "node": {
        "label": "protected",
        "type": "Modifier"
      },
      "location-before-char-start": 0,
      "location-before-char-end": 0,
      "node-str": "protected"
    },
    {
      "type": "delete-node",
      "node": {
        "label": "_epBigPort",
        "type": "Field"
      },
      "location-before-char-start": 6776,
      "location-before-char-end": 6885,
      "node-str": "_epBigPort"
    },
    {
      "type": "delete-node",
      "node": {
        "label": "org.argouml.uml.diagram.ui.CompartmentFigText",
        "type": "VARIABLE_TYPE"
      },
      "location-before-char-start": 0,
      "location-before-char-end": 0,
      "node-str": "org.argouml.uml.diagram.ui.CompartmentFigText"
    },
    {
      "type": "delete-node",
      "node": {
        "label": "protected",
        "type": "Modifier"
      },
      "location-before-char-start": 0,
      "location-before-char-end": 0,
      "node-str": "protected"
    },
    {
      "type": "delete-node",
      "node": {
        "label": "null",
        "type": "Literal"
      },
      "location-before-char-start": 7087,
      "location-before-char-end": 7090,
      "node-str": "null"
    },
    {
      "type": "delete-node",
      "node": {
        "label": "_highlightedFigText",
        "type": "Field"
      },
      "location-before-char-start": 6892,
      "location-before-char-end": 7091,
      "node-str": "_highlightedFigText"
    },
    {
      "type": "delete-node",
      "node": {
        "label": "void",
        "type": "RETURN_TYPE"
      },
      "location-before-char-start": 0,
      "location-before-char-end": 0,
      "node-str": "void"
    },
    {
      "type": "delete-node",
      "node": {
        "label": "public",
        "type": "Modifier"
      },
      "location-before-char-start": 0,
      "location-before-char-end": 0,
      "node-str": "public"
    },
    {
      "type": "delete-node",
      "node": {
        "label": "java.awt.event.MouseEvent",
        "type": "VARIABLE_TYPE"
      },
      "location-before-char-start": 0,
      "location-before-char-end": 0,
      "node-str": "java.awt.event.MouseEvent"
    },
    {
      "type": "delete-node",
      "node": {
        "label": "me",
        "type": "Parameter"
      },
      "location-before-char-start": 30631,
      "location-before-char-end": 30643,
      "node-str": "me"
    },
    {
      "type": "delete-node",
      "node": {
        "label": "super",
        "type": "SuperAccess"
      },
      "location-before-char-start": 30710,
      "location-before-char-end": 30714,
      "node-str": "super"
    },
    {
      "type": "delete-node",
      "node": {
        "label": "me",
        "type": "VariableRead"
      },
      "location-before-char-start": 30729,
      "location-before-char-end": 30730,
      "node-str": "me"
    },
    {
      "type": "delete-node",
      "node": {
        "label": "mousePressed",
        "type": "Invocation"
      },
      "location-before-char-start": 30710,
      "location-before-char-end": 30732,
      "node-str": "mousePressed"
    },
    {
      "type": "delete-node",
      "node": {
        "label": "org.argouml.uml.diagram.use_case.ui.FigUseCase",
        "type": "TypeAccess"
      },
      "location-before-char-start": 0,
      "location-before-char-end": 0,
      "node-str": "org.argouml.uml.diagram.use_case.ui.FigUseCase"
    },
    {
      "type": "delete-node",
      "node": {
        "label": "unhighlight",
        "type": "Invocation"
      },
      "location-before-char-start": 31123,
      "location-before-char-end": 31136,
      "node-str": "unhighlight"
    },
    {
      "type": "delete-node",
      "node": {
        "label": "boolean",
        "type": "VARIABLE_TYPE"
      },
      "location-before-char-start": 0,
      "location-before-char-end": 0,
      "node-str": "boolean"
    },
    {
      "type": "delete-node",
      "node": {
        "label": "false",
        "type": "Literal"
      },
      "location-before-char-start": 31454,
      "location-before-char-end": 31458,
      "node-str": "false"
    },
    {
      "type": "delete-node",
      "node": {
        "label": "targetIsSet",
        "type": "LocalVariable"
      },
      "location-before-char-start": 31432,
      "location-before-char-end": 31459,
      "node-str": "targetIsSet"
    },
    {
      "type": "delete-node",
      "node": {
        "label": "targetIsSet",
        "type": "VariableRead"
      },
      "location-before-char-start": 32564,
      "location-before-char-end": 32574,
      "node-str": "targetIsSet"
    },
    {
      "type": "delete-node",
      "node": {
        "label": "NOT",
        "type": "UnaryOperator"
      },
      "location-before-char-start": 32563,
      "location-before-char-end": 32574,
      "node-str": "NOT"
    },
    {
      "type": "delete-node",
      "node": {
        "label": "ProjectBrowser.TheInstance",
        "type": "TypeAccess"
      },
      "location-before-char-start": 32591,
      "location-before-char-end": 32616,
      "node-str": "ProjectBrowser.TheInstance"
    },
    {
      "type": "delete-node",
      "node": {
        "label": "org.argouml.uml.diagram.use_case.ui.FigUseCase",
        "type": "TypeAccess"
      },
      "location-before-char-start": 0,
      "location-before-char-end": 0,
      "node-str": "org.argouml.uml.diagram.use_case.ui.FigUseCase"
    },
    {
      "type": "delete-node",
      "node": {
        "label": "getOwner",
        "type": "Invocation"
      },
      "location-before-char-start": 32628,
      "location-before-char-end": 32637,
      "node-str": "getOwner"
    },
    {
      "type": "delete-node",
      "node": {
        "label": "setTarget",
        "type": "Invocation"
      },
      "location-before-char-start": 32591,
      "location-before-char-end": 32639,
      "node-str": "setTarget"
    },
    {
      "type": "delete-node",
      "node": {
        "label": "THEN",
        "type": "then"
      },
      "location-before-char-start": 32577,
      "location-before-char-end": 32649,
      "node-str": "THEN"
    },
    {
      "type": "delete-node",
      "node": {
        "label": "if",
        "type": "If"
      },
      "location-before-char-start": 32559,
      "location-before-char-end": 32649,
      "node-str": "if"
    }
  ],
  "before-file": {},
  "after-file": {},
  "mapping": {}
}