{
  "tool-info": {},
  "diff": [
    {
      "type": "insert-node",
      "node": {
        "label": "AddressCollector",
        "type": "Class"
      },
      "location-after-char-start": 1045,
      "location-after-char-end": 3257,
      "node-str": "AddressCollector"
    },
    {
      "type": "insert-node",
      "node": {
        "label": "public",
        "type": "Modifier"
      },
      "location-after-char-start": 0,
      "location-after-char-end": 0,
      "node-str": "public"
    },
    {
      "type": "insert-node",
      "node": {
        "label": "_adds",
        "type": "Field"
      },
      "location-after-char-start": 1081,
      "location-after-char-end": 1122,
      "node-str": "_adds"
    },
    {
      "type": "insert-node",
      "node": {
        "label": "instance",
        "type": "Field"
      },
      "location-after-char-start": 1126,
      "location-after-char-end": 1191,
      "node-str": "instance"
    },
    {
      "type": "insert-node",
      "node": {
        "label": "\u003cinit\u003e",
        "type": "Constructor"
      },
      "location-after-char-start": 1197,
      "location-after-char-end": 1228,
      "node-str": "\u003cinit\u003e"
    },
    {
      "type": "insert-node",
      "node": {
        "label": "getInstance",
        "type": "Method"
      },
      "location-after-char-start": 1235,
      "location-after-char-end": 1304,
      "node-str": "getInstance"
    },
    {
      "type": "insert-node",
      "node": {
        "label": "addAllContacts",
        "type": "Method"
      },
      "location-after-char-start": 1310,
      "location-after-char-end": 2413,
      "node-str": "addAllContacts"
    },
    {
      "type": "move-subtree",
      "node": {
        "label": "addAddress",
        "type": "Method"
      },
      "location-before-char-start": 2132,
      "location-before-char-end": 2242,
      "location-after-char-start": 2419,
      "location-after-char-end": 2529,
      "node-str": "addAddress"
    },
    {
      "type": "move-subtree",
      "node": {
        "label": "getAddresses",
        "type": "Method"
      },
      "location-before-char-start": 2248,
      "location-before-char-end": 2319,
      "location-after-char-start": 2535,
      "location-after-char-end": 2606,
      "node-str": "getAddresses"
    },
    {
      "type": "insert-node",
      "node": {
        "label": "getHeaderItem",
        "type": "Method"
      },
      "location-after-char-start": 2612,
      "location-after-char-end": 2701,
      "node-str": "getHeaderItem"
    },
    {
      "type": "move-subtree",
      "node": {
        "label": "clear",
        "type": "Method"
      },
      "location-before-char-start": 2420,
      "location-before-char-end": 2462,
      "location-after-char-start": 2707,
      "location-after-char-end": 2749,
      "node-str": "clear"
    },
    {
      "type": "move-subtree",
      "node": {
        "label": "getMatchingItems",
        "type": "Method"
      },
      "location-before-char-start": 2468,
      "location-before-char-end": 2967,
      "location-after-char-start": 2755,
      "location-after-char-end": 3254,
      "node-str": "getMatchingItems"
    },
    {
      "type": "insert-node",
      "node": {
        "label": "java.util.Hashtable",
        "type": "VARIABLE_TYPE"
      },
      "location-after-char-start": 0,
      "location-after-char-end": 0,
      "node-str": "java.util.Hashtable"
    },
    {
      "type": "insert-node",
      "node": {
        "label": "java.util.Hashtable()",
        "type": "ConstructorCall"
      },
      "location-after-char-start": 1107,
      "location-after-char-end": 1121,
      "node-str": "java.util.Hashtable()"
    },
    {
      "type": "insert-node",
      "node": {
        "label": "org.columba.mail.gui.composer.util.AddressCollector",
        "type": "VARIABLE_TYPE"
      },
      "location-after-char-start": 0,
      "location-after-char-end": 0,
      "node-str": "org.columba.mail.gui.composer.util.AddressCollector"
    },
    {
      "type": "insert-node",
      "node": {
        "label": "static",
        "type": "Modifier"
      },
      "location-after-char-start": 0,
      "location-after-char-end": 0,
      "node-str": "static"
    },
    {
      "type": "insert-node",
      "node": {
        "label": "org.columba.mail.gui.composer.util.AddressCollector()",
        "type": "ConstructorCall"
      },
      "location-after-char-start": 1169,
      "location-after-char-end": 1190,
      "node-str": "org.columba.mail.gui.composer.util.AddressCollector()"
    },
    {
      "type": "insert-node",
      "node": {
        "label": "org.columba.mail.gui.composer.util.AddressCollector",
        "type": "RETURN_TYPE"
      },
      "location-after-char-start": 0,
      "location-after-char-end": 0,
      "node-str": "org.columba.mail.gui.composer.util.AddressCollector"
    },
    {
      "type": "insert-node",
      "node": {
        "label": "public",
        "type": "Modifier"
      },
      "location-after-char-start": 0,
      "location-after-char-end": 0,
      "node-str": "public"
    },
    {
      "type": "insert-node",
      "node": {
        "label": "static",
        "type": "Modifier"
      },
      "location-after-char-start": 0,
      "location-after-char-end": 0,
      "node-str": "static"
    },
    {
      "type": "insert-node",
      "node": {
        "label": "return",
        "type": "Return"
      },
      "location-after-char-start": 1285,
      "location-after-char-end": 1300,
      "node-str": "return"
    },
    {
      "type": "insert-node",
      "node": {
        "label": "void",
        "type": "RETURN_TYPE"
      },
      "location-after-char-start": 0,
      "location-after-char-end": 0,
      "node-str": "void"
    },
    {
      "type": "insert-node",
      "node": {
        "label": "public",
        "type": "Modifier"
      },
      "location-after-char-start": 0,
      "location-after-char-end": 0,
      "node-str": "public"
    },
    {
      "type": "insert-node",
      "node": {
        "label": "list",
        "type": "Parameter"
      },
      "location-after-char-start": 1510,
      "location-after-char-end": 1531,
      "node-str": "list"
    },
    {
      "type": "insert-node",
      "node": {
        "label": "includeGroup",
        "type": "Parameter"
      },
      "location-after-char-start": 1534,
      "location-after-char-end": 1553,
      "node-str": "includeGroup"
    },
    {
      "type": "move-subtree",
      "node": {
        "label": "if",
        "type": "If"
      },
      "location-before-char-start": 1558,
      "location-before-char-end": 1628,
      "location-after-char-start": 1561,
      "location-after-char-end": 1631,
      "node-str": "if"
    },
    {
      "type": "insert-node",
      "node": {
        "label": "it",
        "type": "LocalVariable"
      },
      "location-after-char-start": 1640,
      "location-after-char-end": 1682,
      "node-str": "it"
    },
    {
      "type": "insert-node",
      "node": {
        "label": "while",
        "type": "While"
      },
      "location-after-char-start": 1687,
      "location-after-char-end": 2409,
      "node-str": "while"
    },
    {
      "type": "insert-node",
      "node": {
        "label": "org.columba.addressbook.facade.IHeaderItem",
        "type": "RETURN_TYPE"
      },
      "location-after-char-start": 0,
      "location-after-char-end": 0,
      "node-str": "org.columba.addressbook.facade.IHeaderItem"
    },
    {
      "type": "insert-node",
      "node": {
        "label": "public",
        "type": "Modifier"
      },
      "location-after-char-start": 0,
      "location-after-char-end": 0,
      "node-str": "public"
    },
    {
      "type": "insert-node",
      "node": {
        "label": "add",
        "type": "Parameter"
      },
      "location-after-char-start": 2645,
      "location-after-char-end": 2654,
      "node-str": "add"
    },
    {
      "type": "move-subtree",
      "node": {
        "label": "return",
        "type": "Return"
      },
      "location-before-char-start": 2375,
      "location-before-char-end": 2410,
      "location-after-char-start": 2662,
      "location-after-char-end": 2697,
      "node-str": "return"
    },
    {
      "type": "insert-node",
      "node": {
        "label": "instance",
        "type": "FieldRead"
      },
      "location-after-char-start": 1292,
      "location-after-char-end": 1299,
      "node-str": "instance"
    },
    {
      "type": "insert-node",
      "node": {
        "label": "java.util.List",
        "type": "VARIABLE_TYPE"
      },
      "location-after-char-start": 0,
      "location-after-char-end": 0,
      "node-str": "java.util.List"
    },
    {
      "type": "insert-node",
      "node": {
        "label": "boolean",
        "type": "VARIABLE_TYPE"
      },
      "location-after-char-start": 0,
      "location-after-char-end": 0,
      "node-str": "boolean"
    },
    {
      "type": "insert-node",
      "node": {
        "label": "java.util.Iterator",
        "type": "VARIABLE_TYPE"
      },
      "location-after-char-start": 0,
      "location-after-char-end": 0,
      "node-str": "java.util.Iterator"
    },
    {
      "type": "insert-node",
      "node": {
        "label": "iterator",
        "type": "Invocation"
      },
      "location-after-char-start": 1667,
      "location-after-char-end": 1681,
      "node-str": "iterator"
    },
    {
      "type": "insert-node",
      "node": {
        "label": "hasNext",
        "type": "Invocation"
      },
      "location-after-char-start": 1694,
      "location-after-char-end": 1705,
      "node-str": "hasNext"
    },
    {
      "type": "insert-node",
      "node": {
        "label": "headerItem",
        "type": "LocalVariable"
      },
      "location-after-char-start": 1714,
      "location-after-char-end": 1748,
      "node-str": "headerItem"
    },
    {
      "type": "insert-node",
      "node": {
        "label": "if",
        "type": "If"
      },
      "location-after-char-start": 1756,
      "location-after-char-end": 2404,
      "node-str": "if"
    },
    {
      "type": "update-node",
      "node": {
        "label": "org.columba.addressbook.model.IHeaderItem",
        "type": "VARIABLE_TYPE"
      },
      "location-before-char-start": 0,
      "location-before-char-end": 0,
      "location-after-char-start": 0,
      "location-after-char-end": 0,
      "node-str": "org.columba.addressbook.facade.IHeaderItem"
    },
    {
      "type": "insert-node",
      "node": {
        "label": "java.lang.String",
        "type": "VARIABLE_TYPE"
      },
      "location-after-char-start": 0,
      "location-after-char-end": 0,
      "node-str": "java.lang.String"
    },
    {
      "type": "insert-node",
      "node": {
        "label": "list",
        "type": "VariableRead"
      },
      "location-after-char-start": 1667,
      "location-after-char-end": 1670,
      "node-str": "list"
    },
    {
      "type": "insert-node",
      "node": {
        "label": "it",
        "type": "VariableRead"
      },
      "location-after-char-start": 1694,
      "location-after-char-end": 1695,
      "node-str": "it"
    },
    {
      "type": "insert-node",
      "node": {
        "label": "org.columba.addressbook.facade.IHeaderItem",
        "type": "VARIABLE_TYPE"
      },
      "location-after-char-start": 0,
      "location-after-char-end": 0,
      "node-str": "org.columba.addressbook.facade.IHeaderItem"
    },
    {
      "type": "insert-node",
      "node": {
        "label": "next",
        "type": "Invocation"
      },
      "location-after-char-start": 1739,
      "location-after-char-end": 1747,
      "node-str": "next"
    },
    {
      "type": "insert-node",
      "node": {
        "label": "isContact",
        "type": "Invocation"
      },
      "location-after-char-start": 1760,
      "location-after-char-end": 1781,
      "node-str": "isContact"
    },
    {
      "type": "insert-node",
      "node": {
        "label": "THEN",
        "type": "then"
      },
      "location-after-char-start": 1784,
      "location-after-char-end": 2248,
      "node-str": "THEN"
    },
    {
      "type": "insert-node",
      "node": {
        "label": "ELSE",
        "type": "else"
      },
      "location-after-char-start": 2255,
      "location-after-char-end": 2404,
      "node-str": "ELSE"
    },
    {
      "type": "insert-node",
      "node": {
        "label": "it",
        "type": "VariableRead"
      },
      "location-after-char-start": 1739,
      "location-after-char-end": 1740,
      "node-str": "it"
    },
    {
      "type": "insert-node",
      "node": {
        "label": "headerItem",
        "type": "VariableRead"
      },
      "location-after-char-start": 1760,
      "location-after-char-end": 1769,
      "node-str": "headerItem"
    },
    {
      "type": "insert-node",
      "node": {
        "label": "item",
        "type": "LocalVariable"
      },
      "location-after-char-start": 1813,
      "location-after-char-end": 1858,
      "node-str": "item"
    },
    {
      "type": "insert-node",
      "node": {
        "label": "println",
        "type": "Invocation"
      },
      "location-after-char-start": 1865,
      "location-after-char-end": 1909,
      "node-str": "println"
    },
    {
      "type": "insert-node",
      "node": {
        "label": "println",
        "type": "Invocation"
      },
      "location-after-char-start": 1916,
      "location-after-char-end": 1965,
      "node-str": "println"
    },
    {
      "type": "insert-node",
      "node": {
        "label": "println",
        "type": "Invocation"
      },
      "location-after-char-start": 1972,
      "location-after-char-end": 2020,
      "node-str": "println"
    },
    {
      "type": "insert-node",
      "node": {
        "label": "println",
        "type": "Invocation"
      },
      "location-after-char-start": 2027,
      "location-after-char-end": 2074,
      "node-str": "println"
    },
    {
      "type": "insert-node",
      "node": {
        "label": "addAddress",
        "type": "Invocation"
      },
      "location-after-char-start": 2081,
      "location-after-char-end": 2113,
      "node-str": "addAddress"
    },
    {
      "type": "insert-node",
      "node": {
        "label": "addAddress",
        "type": "Invocation"
      },
      "location-after-char-start": 2120,
      "location-after-char-end": 2157,
      "node-str": "addAddress"
    },
    {
      "type": "insert-node",
      "node": {
        "label": "addAddress",
        "type": "Invocation"
      },
      "location-after-char-start": 2164,
      "location-after-char-end": 2200,
      "node-str": "addAddress"
    },
    {
      "type": "insert-node",
      "node": {
        "label": "addAddress",
        "type": "Invocation"
      },
      "location-after-char-start": 2207,
      "location-after-char-end": 2242,
      "node-str": "addAddress"
    },
    {
      "type": "insert-node",
      "node": {
        "label": "if",
        "type": "If"
      },
      "location-after-char-start": 2262,
      "location-after-char-end": 2398,
      "node-str": "if"
    },
    {
      "type": "insert-node",
      "node": {
        "label": "org.columba.addressbook.facade.IContactItem",
        "type": "VARIABLE_TYPE"
      },
      "location-after-char-start": 0,
      "location-after-char-end": 0,
      "node-str": "org.columba.addressbook.facade.IContactItem"
    },
    {
      "type": "insert-node",
      "node": {
        "label": "headerItem",
        "type": "VariableRead"
      },
      "location-after-char-start": 1833,
      "location-after-char-end": 1857,
      "node-str": "headerItem"
    },
    {
      "type": "insert-node",
      "node": {
        "label": "out",
        "type": "FieldRead"
      },
      "location-after-char-start": 1865,
      "location-after-char-end": 1874,
      "node-str": "out"
    },
    {
      "type": "insert-node",
      "node": {
        "label": "PLUS",
        "type": "BinaryOperator"
      },
      "location-after-char-start": 1884,
      "location-after-char-end": 1907,
      "node-str": "PLUS"
    },
    {
      "type": "insert-node",
      "node": {
        "label": "out",
        "type": "FieldRead"
      },
      "location-after-char-start": 1916,
      "location-after-char-end": 1925,
      "node-str": "out"
    },
    {
      "type": "insert-node",
      "node": {
        "label": "PLUS",
        "type": "BinaryOperator"
      },
      "location-after-char-start": 1935,
      "location-after-char-end": 1963,
      "node-str": "PLUS"
    },
    {
      "type": "insert-node",
      "node": {
        "label": "out",
        "type": "FieldRead"
      },
      "location-after-char-start": 1972,
      "location-after-char-end": 1981,
      "node-str": "out"
    },
    {
      "type": "insert-node",
      "node": {
        "label": "PLUS",
        "type": "BinaryOperator"
      },
      "location-after-char-start": 1991,
      "location-after-char-end": 2018,
      "node-str": "PLUS"
    },
    {
      "type": "insert-node",
      "node": {
        "label": "out",
        "type": "FieldRead"
      },
      "location-after-char-start": 2027,
      "location-after-char-end": 2036,
      "node-str": "out"
    },
    {
      "type": "insert-node",
      "node": {
        "label": "PLUS",
        "type": "BinaryOperator"
      },
      "location-after-char-start": 2046,
      "location-after-char-end": 2072,
      "node-str": "PLUS"
    },
    {
      "type": "insert-node",
      "node": {
        "label": "org.columba.mail.gui.composer.util.AddressCollector",
        "type": "TypeAccess"
      },
      "location-after-char-start": 0,
      "location-after-char-end": 0,
      "node-str": "org.columba.mail.gui.composer.util.AddressCollector"
    },
    {
      "type": "insert-node",
      "node": {
        "label": "getName",
        "type": "Invocation"
      },
      "location-after-char-start": 2092,
      "location-after-char-end": 2105,
      "node-str": "getName"
    },
    {
      "type": "insert-node",
      "node": {
        "label": "item",
        "type": "VariableRead"
      },
      "location-after-char-start": 2108,
      "location-after-char-end": 2111,
      "node-str": "item"
    },
    {
      "type": "insert-node",
      "node": {
        "label": "org.columba.mail.gui.composer.util.AddressCollector",
        "type": "TypeAccess"
      },
      "location-after-char-start": 0,
      "location-after-char-end": 0,
      "node-str": "org.columba.mail.gui.composer.util.AddressCollector"
    },
    {
      "type": "insert-node",
      "node": {
        "label": "getFirstname",
        "type": "Invocation"
      },
      "location-after-char-start": 2131,
      "location-after-char-end": 2149,
      "node-str": "getFirstname"
    },
    {
      "type": "insert-node",
      "node": {
        "label": "item",
        "type": "VariableRead"
      },
      "location-after-char-start": 2152,
      "location-after-char-end": 2155,
      "node-str": "item"
    },
    {
      "type": "insert-node",
      "node": {
        "label": "org.columba.mail.gui.composer.util.AddressCollector",
        "type": "TypeAccess"
      },
      "location-after-char-start": 0,
      "location-after-char-end": 0,
      "node-str": "org.columba.mail.gui.composer.util.AddressCollector"
    },
    {
      "type": "insert-node",
      "node": {
        "label": "getLastname",
        "type": "Invocation"
      },
      "location-after-char-start": 2175,
      "location-after-char-end": 2192,
      "node-str": "getLastname"
    },
    {
      "type": "insert-node",
      "node": {
        "label": "item",
        "type": "VariableRead"
      },
      "location-after-char-start": 2195,
      "location-after-char-end": 2198,
      "node-str": "item"
    },
    {
      "type": "insert-node",
      "node": {
        "label": "org.columba.mail.gui.composer.util.AddressCollector",
        "type": "TypeAccess"
      },
      "location-after-char-start": 0,
      "location-after-char-end": 0,
      "node-str": "org.columba.mail.gui.composer.util.AddressCollector"
    },
    {
      "type": "insert-node",
      "node": {
        "label": "getAddress",
        "type": "Invocation"
      },
      "location-after-char-start": 2218,
      "location-after-char-end": 2234,
      "node-str": "getAddress"
    },
    {
      "type": "insert-node",
      "node": {
        "label": "item",
        "type": "VariableRead"
      },
      "location-after-char-start": 2237,
      "location-after-char-end": 2240,
      "node-str": "item"
    },
    {
      "type": "insert-node",
      "node": {
        "label": "includeGroup",
        "type": "VariableRead"
      },
      "location-after-char-start": 2266,
      "location-after-char-end": 2277,
      "node-str": "includeGroup"
    },
    {
      "type": "insert-node",
      "node": {
        "label": "THEN",
        "type": "then"
      },
      "location-after-char-start": 2280,
      "location-after-char-end": 2398,
      "node-str": "THEN"
    },
    {
      "type": "insert-node",
      "node": {
        "label": "java.lang.System",
        "type": "TypeAccess"
      },
      "location-after-char-start": 1865,
      "location-after-char-end": 1870,
      "node-str": "java.lang.System"
    },
    {
      "type": "insert-node",
      "node": {
        "label": "\"adding\u003d\"",
        "type": "Literal"
      },
      "location-after-char-start": 1884,
      "location-after-char-end": 1892,
      "node-str": "\"adding\u003d\""
    },
    {
      "type": "insert-node",
      "node": {
        "label": "getName",
        "type": "Invocation"
      },
      "location-after-char-start": 1894,
      "location-after-char-end": 1907,
      "node-str": "getName"
    },
    {
      "type": "insert-node",
      "node": {
        "label": "java.lang.System",
        "type": "TypeAccess"
      },
      "location-after-char-start": 1916,
      "location-after-char-end": 1921,
      "node-str": "java.lang.System"
    },
    {
      "type": "insert-node",
      "node": {
        "label": "\"adding\u003d\"",
        "type": "Literal"
      },
      "location-after-char-start": 1935,
      "location-after-char-end": 1943,
      "node-str": "\"adding\u003d\""
    },
    {
      "type": "insert-node",
      "node": {
        "label": "getFirstname",
        "type": "Invocation"
      },
      "location-after-char-start": 1945,
      "location-after-char-end": 1963,
      "node-str": "getFirstname"
    },
    {
      "type": "insert-node",
      "node": {
        "label": "java.lang.System",
        "type": "TypeAccess"
      },
      "location-after-char-start": 1972,
      "location-after-char-end": 1977,
      "node-str": "java.lang.System"
    },
    {
      "type": "insert-node",
      "node": {
        "label": "\"adding\u003d\"",
        "type": "Literal"
      },
      "location-after-char-start": 1991,
      "location-after-char-end": 1999,
      "node-str": "\"adding\u003d\""
    },
    {
      "type": "insert-node",
      "node": {
        "label": "getLastname",
        "type": "Invocation"
      },
      "location-after-char-start": 2001,
      "location-after-char-end": 2018,
      "node-str": "getLastname"
    },
    {
      "type": "insert-node",
      "node": {
        "label": "java.lang.System",
        "type": "TypeAccess"
      },
      "location-after-char-start": 2027,
      "location-after-char-end": 2032,
      "node-str": "java.lang.System"
    },
    {
      "type": "insert-node",
      "node": {
        "label": "\"adding\u003d\"",
        "type": "Literal"
      },
      "location-after-char-start": 2046,
      "location-after-char-end": 2054,
      "node-str": "\"adding\u003d\""
    },
    {
      "type": "insert-node",
      "node": {
        "label": "getAddress",
        "type": "Invocation"
      },
      "location-after-char-start": 2056,
      "location-after-char-end": 2072,
      "node-str": "getAddress"
    },
    {
      "type": "insert-node",
      "node": {
        "label": "item",
        "type": "VariableRead"
      },
      "location-after-char-start": 2092,
      "location-after-char-end": 2095,
      "node-str": "item"
    },
    {
      "type": "insert-node",
      "node": {
        "label": "item",
        "type": "VariableRead"
      },
      "location-after-char-start": 2131,
      "location-after-char-end": 2134,
      "node-str": "item"
    },
    {
      "type": "insert-node",
      "node": {
        "label": "item",
        "type": "VariableRead"
      },
      "location-after-char-start": 2175,
      "location-after-char-end": 2178,
      "node-str": "item"
    },
    {
      "type": "insert-node",
      "node": {
        "label": "item",
        "type": "VariableRead"
      },
      "location-after-char-start": 2218,
      "location-after-char-end": 2221,
      "node-str": "item"
    },
    {
      "type": "insert-node",
      "node": {
        "label": "item",
        "type": "LocalVariable"
      },
      "location-after-char-start": 2308,
      "location-after-char-end": 2349,
      "node-str": "item"
    },
    {
      "type": "insert-node",
      "node": {
        "label": "addAddress",
        "type": "Invocation"
      },
      "location-after-char-start": 2359,
      "location-after-char-end": 2391,
      "node-str": "addAddress"
    },
    {
      "type": "insert-node",
      "node": {
        "label": "item",
        "type": "VariableRead"
      },
      "location-after-char-start": 1894,
      "location-after-char-end": 1897,
      "node-str": "item"
    },
    {
      "type": "insert-node",
      "node": {
        "label": "item",
        "type": "VariableRead"
      },
      "location-after-char-start": 1945,
      "location-after-char-end": 1948,
      "node-str": "item"
    },
    {
      "type": "insert-node",
      "node": {
        "label": "item",
        "type": "VariableRead"
      },
      "location-after-char-start": 2001,
      "location-after-char-end": 2004,
      "node-str": "item"
    },
    {
      "type": "insert-node",
      "node": {
        "label": "item",
        "type": "VariableRead"
      },
      "location-after-char-start": 2056,
      "location-after-char-end": 2059,
      "node-str": "item"
    },
    {
      "type": "insert-node",
      "node": {
        "label": "org.columba.addressbook.facade.IGroupItem",
        "type": "VARIABLE_TYPE"
      },
      "location-after-char-start": 0,
      "location-after-char-end": 0,
      "node-str": "org.columba.addressbook.facade.IGroupItem"
    },
    {
      "type": "insert-node",
      "node": {
        "label": "headerItem",
        "type": "VariableRead"
      },
      "location-after-char-start": 2326,
      "location-after-char-end": 2348,
      "node-str": "headerItem"
    },
    {
      "type": "insert-node",
      "node": {
        "label": "org.columba.mail.gui.composer.util.AddressCollector",
        "type": "TypeAccess"
      },
      "location-after-char-start": 0,
      "location-after-char-end": 0,
      "node-str": "org.columba.mail.gui.composer.util.AddressCollector"
    },
    {
      "type": "insert-node",
      "node": {
        "label": "getName",
        "type": "Invocation"
      },
      "location-after-char-start": 2370,
      "location-after-char-end": 2383,
      "node-str": "getName"
    },
    {
      "type": "insert-node",
      "node": {
        "label": "item",
        "type": "VariableRead"
      },
      "location-after-char-start": 2386,
      "location-after-char-end": 2389,
      "node-str": "item"
    },
    {
      "type": "insert-node",
      "node": {
        "label": "item",
        "type": "VariableRead"
      },
      "location-after-char-start": 2370,
      "location-after-char-end": 2373,
      "node-str": "item"
    },
    {
      "type": "delete-node",
      "node": {
        "label": "public",
        "type": "Modifier"
      },
      "location-before-char-start": 0,
      "location-before-char-end": 0,
      "node-str": "public"
    },
    {
      "type": "delete-node",
      "node": {
        "label": "java.util.Hashtable",
        "type": "VARIABLE_TYPE"
      },
      "location-before-char-start": 0,
      "location-before-char-end": 0,
      "node-str": "java.util.Hashtable"
    },
    {
      "type": "delete-node",
      "node": {
        "label": "java.util.Hashtable()",
        "type": "ConstructorCall"
      },
      "location-before-char-start": 1104,
      "location-before-char-end": 1118,
      "node-str": "java.util.Hashtable()"
    },
    {
      "type": "delete-node",
      "node": {
        "label": "_adds",
        "type": "Field"
      },
      "location-before-char-start": 1078,
      "location-before-char-end": 1119,
      "node-str": "_adds"
    },
    {
      "type": "delete-node",
      "node": {
        "label": "org.columba.mail.gui.composer.util.AddressCollector",
        "type": "VARIABLE_TYPE"
      },
      "location-before-char-start": 0,
      "location-before-char-end": 0,
      "node-str": "org.columba.mail.gui.composer.util.AddressCollector"
    },
    {
      "type": "delete-node",
      "node": {
        "label": "static",
        "type": "Modifier"
      },
      "location-before-char-start": 0,
      "location-before-char-end": 0,
      "node-str": "static"
    },
    {
      "type": "delete-node",
      "node": {
        "label": "org.columba.mail.gui.composer.util.AddressCollector()",
        "type": "ConstructorCall"
      },
      "location-before-char-start": 1166,
      "location-before-char-end": 1187,
      "node-str": "org.columba.mail.gui.composer.util.AddressCollector()"
    },
    {
      "type": "delete-node",
      "node": {
        "label": "instance",
        "type": "Field"
      },
      "location-before-char-start": 1123,
      "location-before-char-end": 1188,
      "node-str": "instance"
    },
    {
      "type": "delete-node",
      "node": {
        "label": "\u003cinit\u003e",
        "type": "Constructor"
      },
      "location-before-char-start": 1194,
      "location-before-char-end": 1225,
      "node-str": "\u003cinit\u003e"
    },
    {
      "type": "delete-node",
      "node": {
        "label": "org.columba.mail.gui.composer.util.AddressCollector",
        "type": "RETURN_TYPE"
      },
      "location-before-char-start": 0,
      "location-before-char-end": 0,
      "node-str": "org.columba.mail.gui.composer.util.AddressCollector"
    },
    {
      "type": "delete-node",
      "node": {
        "label": "public",
        "type": "Modifier"
      },
      "location-before-char-start": 0,
      "location-before-char-end": 0,
      "node-str": "public"
    },
    {
      "type": "delete-node",
      "node": {
        "label": "static",
        "type": "Modifier"
      },
      "location-before-char-start": 0,
      "location-before-char-end": 0,
      "node-str": "static"
    },
    {
      "type": "delete-node",
      "node": {
        "label": "instance",
        "type": "FieldRead"
      },
      "location-before-char-start": 1289,
      "location-before-char-end": 1296,
      "node-str": "instance"
    },
    {
      "type": "delete-node",
      "node": {
        "label": "return",
        "type": "Return"
      },
      "location-before-char-start": 1282,
      "location-before-char-end": 1297,
      "node-str": "return"
    },
    {
      "type": "delete-node",
      "node": {
        "label": "getInstance",
        "type": "Method"
      },
      "location-before-char-start": 1232,
      "location-before-char-end": 1301,
      "node-str": "getInstance"
    },
    {
      "type": "delete-node",
      "node": {
        "label": "void",
        "type": "RETURN_TYPE"
      },
      "location-before-char-start": 0,
      "location-before-char-end": 0,
      "node-str": "void"
    },
    {
      "type": "delete-node",
      "node": {
        "label": "public",
        "type": "Modifier"
      },
      "location-before-char-start": 0,
      "location-before-char-end": 0,
      "node-str": "public"
    },
    {
      "type": "delete-node",
      "node": {
        "label": "java.util.List",
        "type": "VARIABLE_TYPE"
      },
      "location-before-char-start": 0,
      "location-before-char-end": 0,
      "node-str": "java.util.List"
    },
    {
      "type": "delete-node",
      "node": {
        "label": "list",
        "type": "Parameter"
      },
      "location-before-char-start": 1507,
      "location-before-char-end": 1528,
      "node-str": "list"
    },
    {
      "type": "delete-node",
      "node": {
        "label": "boolean",
        "type": "VARIABLE_TYPE"
      },
      "location-before-char-start": 0,
      "location-before-char-end": 0,
      "node-str": "boolean"
    },
    {
      "type": "delete-node",
      "node": {
        "label": "includeGroup",
        "type": "Parameter"
      },
      "location-before-char-start": 1531,
      "location-before-char-end": 1550,
      "node-str": "includeGroup"
    },
    {
      "type": "delete-node",
      "node": {
        "label": "java.util.Iterator",
        "type": "VARIABLE_TYPE"
      },
      "location-before-char-start": 0,
      "location-before-char-end": 0,
      "node-str": "java.util.Iterator"
    },
    {
      "type": "delete-node",
      "node": {
        "label": "list",
        "type": "VariableRead"
      },
      "location-before-char-start": 1651,
      "location-before-char-end": 1654,
      "node-str": "list"
    },
    {
      "type": "delete-node",
      "node": {
        "label": "iterator",
        "type": "Invocation"
      },
      "location-before-char-start": 1651,
      "location-before-char-end": 1665,
      "node-str": "iterator"
    },
    {
      "type": "delete-node",
      "node": {
        "label": "it",
        "type": "LocalVariable"
      },
      "location-before-char-start": 1637,
      "location-before-char-end": 1666,
      "node-str": "it"
    },
    {
      "type": "delete-node",
      "node": {
        "label": "it",
        "type": "VariableRead"
      },
      "location-before-char-start": 1678,
      "location-before-char-end": 1679,
      "node-str": "it"
    },
    {
      "type": "delete-node",
      "node": {
        "label": "hasNext",
        "type": "Invocation"
      },
      "location-before-char-start": 1678,
      "location-before-char-end": 1689,
      "node-str": "hasNext"
    },
    {
      "type": "delete-node",
      "node": {
        "label": "org.columba.addressbook.model.IHeaderItem",
        "type": "VARIABLE_TYPE"
      },
      "location-before-char-start": 0,
      "location-before-char-end": 0,
      "node-str": "org.columba.addressbook.model.IHeaderItem"
    },
    {
      "type": "delete-node",
      "node": {
        "label": "it",
        "type": "VariableRead"
      },
      "location-before-char-start": 1737,
      "location-before-char-end": 1738,
      "node-str": "it"
    },
    {
      "type": "delete-node",
      "node": {
        "label": "next",
        "type": "Invocation"
      },
      "location-before-char-start": 1723,
      "location-before-char-end": 1745,
      "node-str": "next"
    },
    {
      "type": "delete-node",
      "node": {
        "label": "headerItem",
        "type": "LocalVariable"
      },
      "location-before-char-start": 1698,
      "location-before-char-end": 1746,
      "node-str": "headerItem"
    },
    {
      "type": "delete-node",
      "node": {
        "label": "headerItem",
        "type": "VariableRead"
      },
      "location-before-char-start": 1758,
      "location-before-char-end": 1767,
      "node-str": "headerItem"
    },
    {
      "type": "delete-node",
      "node": {
        "label": "isContact",
        "type": "Invocation"
      },
      "location-before-char-start": 1758,
      "location-before-char-end": 1779,
      "node-str": "isContact"
    },
    {
      "type": "delete-node",
      "node": {
        "label": "org.columba.addressbook.model.IContactItem",
        "type": "VARIABLE_TYPE"
      },
      "location-before-char-start": 0,
      "location-before-char-end": 0,
      "node-str": "org.columba.addressbook.model.IContactItem"
    },
    {
      "type": "delete-node",
      "node": {
        "label": "headerItem",
        "type": "VariableRead"
      },
      "location-before-char-start": 1831,
      "location-before-char-end": 1855,
      "node-str": "headerItem"
    },
    {
      "type": "delete-node",
      "node": {
        "label": "item",
        "type": "LocalVariable"
      },
      "location-before-char-start": 1811,
      "location-before-char-end": 1856,
      "node-str": "item"
    },
    {
      "type": "delete-node",
      "node": {
        "label": "org.columba.mail.gui.composer.util.AddressCollector",
        "type": "TypeAccess"
      },
      "location-before-char-start": 0,
      "location-before-char-end": 0,
      "node-str": "org.columba.mail.gui.composer.util.AddressCollector"
    },
    {
      "type": "delete-node",
      "node": {
        "label": "item",
        "type": "VariableRead"
      },
      "location-before-char-start": 1876,
      "location-before-char-end": 1879,
      "node-str": "item"
    },
    {
      "type": "delete-node",
      "node": {
        "label": "getDisplayName",
        "type": "Invocation"
      },
      "location-before-char-start": 1876,
      "location-before-char-end": 1896,
      "node-str": "getDisplayName"
    },
    {
      "type": "delete-node",
      "node": {
        "label": "item",
        "type": "VariableRead"
      },
      "location-before-char-start": 1899,
      "location-before-char-end": 1902,
      "node-str": "item"
    },
    {
      "type": "delete-node",
      "node": {
        "label": "addAddress",
        "type": "Invocation"
      },
      "location-before-char-start": 1865,
      "location-before-char-end": 1904,
      "node-str": "addAddress"
    },
    {
      "type": "delete-node",
      "node": {
        "label": "org.columba.mail.gui.composer.util.AddressCollector",
        "type": "TypeAccess"
      },
      "location-before-char-start": 0,
      "location-before-char-end": 0,
      "node-str": "org.columba.mail.gui.composer.util.AddressCollector"
    },
    {
      "type": "delete-node",
      "node": {
        "label": "item",
        "type": "VariableRead"
      },
      "location-before-char-start": 1924,
      "location-before-char-end": 1927,
      "node-str": "item"
    },
    {
      "type": "delete-node",
      "node": {
        "label": "getAddress",
        "type": "Invocation"
      },
      "location-before-char-start": 1924,
      "location-before-char-end": 1940,
      "node-str": "getAddress"
    },
    {
      "type": "delete-node",
      "node": {
        "label": "item",
        "type": "VariableRead"
      },
      "location-before-char-start": 1943,
      "location-before-char-end": 1946,
      "node-str": "item"
    },
    {
      "type": "delete-node",
      "node": {
        "label": "addAddress",
        "type": "Invocation"
      },
      "location-before-char-start": 1913,
      "location-before-char-end": 1948,
      "node-str": "addAddress"
    },
    {
      "type": "delete-node",
      "node": {
        "label": "THEN",
        "type": "then"
      },
      "location-before-char-start": 1782,
      "location-before-char-end": 1954,
      "node-str": "THEN"
    },
    {
      "type": "delete-node",
      "node": {
        "label": "includeGroup",
        "type": "VariableRead"
      },
      "location-before-char-start": 1972,
      "location-before-char-end": 1983,
      "node-str": "includeGroup"
    },
    {
      "type": "delete-node",
      "node": {
        "label": "org.columba.addressbook.model.IGroupItem",
        "type": "VARIABLE_TYPE"
      },
      "location-before-char-start": 0,
      "location-before-char-end": 0,
      "node-str": "org.columba.addressbook.model.IGroupItem"
    },
    {
      "type": "delete-node",
      "node": {
        "label": "headerItem",
        "type": "VariableRead"
      },
      "location-before-char-start": 2032,
      "location-before-char-end": 2054,
      "node-str": "headerItem"
    },
    {
      "type": "delete-node",
      "node": {
        "label": "item",
        "type": "LocalVariable"
      },
      "location-before-char-start": 2014,
      "location-before-char-end": 2055,
      "node-str": "item"
    },
    {
      "type": "delete-node",
      "node": {
        "label": "org.columba.mail.gui.composer.util.AddressCollector",
        "type": "TypeAccess"
      },
      "location-before-char-start": 0,
      "location-before-char-end": 0,
      "node-str": "org.columba.mail.gui.composer.util.AddressCollector"
    },
    {
      "type": "delete-node",
      "node": {
        "label": "item",
        "type": "VariableRead"
      },
      "location-before-char-start": 2076,
      "location-before-char-end": 2079,
      "node-str": "item"
    },
    {
      "type": "delete-node",
      "node": {
        "label": "getDisplayName",
        "type": "Invocation"
      },
      "location-before-char-start": 2076,
      "location-before-char-end": 2096,
      "node-str": "getDisplayName"
    },
    {
      "type": "delete-node",
      "node": {
        "label": "item",
        "type": "VariableRead"
      },
      "location-before-char-start": 2099,
      "location-before-char-end": 2102,
      "node-str": "item"
    },
    {
      "type": "delete-node",
      "node": {
        "label": "addAddress",
        "type": "Invocation"
      },
      "location-before-char-start": 2065,
      "location-before-char-end": 2104,
      "node-str": "addAddress"
    },
    {
      "type": "delete-node",
      "node": {
        "label": "THEN",
        "type": "then"
      },
      "location-before-char-start": 1986,
      "location-before-char-end": 2111,
      "node-str": "THEN"
    },
    {
      "type": "delete-node",
      "node": {
        "label": "if",
        "type": "If"
      },
      "location-before-char-start": 1968,
      "location-before-char-end": 2111,
      "node-str": "if"
    },
    {
      "type": "delete-node",
      "node": {
        "label": "ELSE",
        "type": "else"
      },
      "location-before-char-start": 1961,
      "location-before-char-end": 2117,
      "node-str": "ELSE"
    },
    {
      "type": "delete-node",
      "node": {
        "label": "if",
        "type": "If"
      },
      "location-before-char-start": 1754,
      "location-before-char-end": 2117,
      "node-str": "if"
    },
    {
      "type": "delete-node",
      "node": {
        "label": "while",
        "type": "While"
      },
      "location-before-char-start": 1671,
      "location-before-char-end": 2122,
      "node-str": "while"
    },
    {
      "type": "delete-node",
      "node": {
        "label": "addAllContacts",
        "type": "Method"
      },
      "location-before-char-start": 1307,
      "location-before-char-end": 2126,
      "node-str": "addAllContacts"
    },
    {
      "type": "delete-node",
      "node": {
        "label": "org.columba.addressbook.model.IHeaderItem",
        "type": "RETURN_TYPE"
      },
      "location-before-char-start": 0,
      "location-before-char-end": 0,
      "node-str": "org.columba.addressbook.model.IHeaderItem"
    },
    {
      "type": "delete-node",
      "node": {
        "label": "public",
        "type": "Modifier"
      },
      "location-before-char-start": 0,
      "location-before-char-end": 0,
      "node-str": "public"
    },
    {
      "type": "delete-node",
      "node": {
        "label": "java.lang.String",
        "type": "VARIABLE_TYPE"
      },
      "location-before-char-start": 0,
      "location-before-char-end": 0,
      "node-str": "java.lang.String"
    },
    {
      "type": "delete-node",
      "node": {
        "label": "add",
        "type": "Parameter"
      },
      "location-before-char-start": 2358,
      "location-before-char-end": 2367,
      "node-str": "add"
    },
    {
      "type": "delete-node",
      "node": {
        "label": "getHeaderItem",
        "type": "Method"
      },
      "location-before-char-start": 2325,
      "location-before-char-end": 2414,
      "node-str": "getHeaderItem"
    },
    {
      "type": "delete-node",
      "node": {
        "label": "AddressCollector",
        "type": "Class"
      },
      "location-before-char-start": 1042,
      "location-before-char-end": 2970,
      "node-str": "AddressCollector"
    }
  ],
  "before-file": {},
  "after-file": {},
  "mapping": {}
}