{
  "tool-info": {},
  "diff": [
    {
      "type": "insert-node",
      "node": {
        "label": "public",
        "type": "Modifier"
      },
      "location-after-char-start": 0,
      "location-after-char-end": 0,
      "node-str": "public"
    },
    {
      "type": "insert-node",
      "node": {
        "label": "assignUser",
        "type": "Method"
      },
      "location-after-char-start": 79726,
      "location-after-char-end": 81014,
      "node-str": "assignUser"
    },
    {
      "type": "insert-node",
      "node": {
        "label": "doDeleteUrl",
        "type": "Method"
      },
      "location-after-char-start": 96931,
      "location-after-char-end": 98078,
      "node-str": "doDeleteUrl"
    },
    {
      "type": "insert-node",
      "node": {
        "label": "org.tigris.scarab.om.Issue",
        "type": "RETURN_TYPE"
      },
      "location-after-char-start": 0,
      "location-after-char-end": 0,
      "node-str": "org.tigris.scarab.om.Issue"
    },
    {
      "type": "insert-node",
      "node": {
        "label": "java.lang.Exception",
        "type": "THROWS"
      },
      "location-after-char-start": 0,
      "location-after-char-end": 0,
      "node-str": "java.lang.Exception"
    },
    {
      "type": "insert-node",
      "node": {
        "label": "public",
        "type": "Modifier"
      },
      "location-after-char-start": 0,
      "location-after-char-end": 0,
      "node-str": "public"
    },
    {
      "type": "insert-node",
      "node": {
        "label": "void",
        "type": "RETURN_TYPE"
      },
      "location-after-char-start": 0,
      "location-after-char-end": 0,
      "node-str": "void"
    },
    {
      "type": "insert-node",
      "node": {
        "label": "java.lang.Exception",
        "type": "THROWS"
      },
      "location-after-char-start": 0,
      "location-after-char-end": 0,
      "node-str": "java.lang.Exception"
    },
    {
      "type": "insert-node",
      "node": {
        "label": "public",
        "type": "Modifier"
      },
      "location-after-char-start": 0,
      "location-after-char-end": 0,
      "node-str": "public"
    },
    {
      "type": "move-subtree",
      "node": {
        "label": "assignee",
        "type": "Parameter"
      },
      "location-before-char-start": 79850,
      "location-before-char-end": 79868,
      "location-after-char-start": 79834,
      "location-after-char-end": 79852,
      "node-str": "assignee"
    },
    {
      "type": "move-subtree",
      "node": {
        "label": "assigner",
        "type": "Parameter"
      },
      "location-before-char-start": 79871,
      "location-before-char-end": 79889,
      "location-after-char-start": 79855,
      "location-after-char-end": 79873,
      "node-str": "assigner"
    },
    {
      "type": "move-subtree",
      "node": {
        "label": "attachmentText",
        "type": "Parameter"
      },
      "location-before-char-start": 79919,
      "location-before-char-end": 79939,
      "location-after-char-start": 79903,
      "location-after-char-end": 79923,
      "node-str": "attachmentText"
    },
    {
      "type": "move-subtree",
      "node": {
        "label": "attribute",
        "type": "Parameter"
      },
      "location-before-char-start": 79942,
      "location-before-char-end": 79960,
      "location-after-char-start": 79926,
      "location-after-char-end": 79944,
      "node-str": "attribute"
    },
    {
      "type": "move-subtree",
      "node": {
        "label": "reason",
        "type": "Parameter"
      },
      "location-before-char-start": 79990,
      "location-before-char-end": 80002,
      "location-after-char-start": 79974,
      "location-after-char-end": 79986,
      "node-str": "reason"
    },
    {
      "type": "move-subtree",
      "node": {
        "label": "attVal",
        "type": "LocalVariable"
      },
      "location-before-char-start": 80060,
      "location-before-char-end": 80102,
      "location-after-char-start": 80044,
      "location-after-char-end": 80086,
      "node-str": "attVal"
    },
    {
      "type": "move-subtree",
      "node": {
        "label": "attachment",
        "type": "LocalVariable"
      },
      "location-before-char-start": 80112,
      "location-before-char-end": 80140,
      "location-after-char-start": 80096,
      "location-after-char-end": 80124,
      "node-str": "attachment"
    },
    {
      "type": "insert-node",
      "node": {
        "label": "if",
        "type": "If"
      },
      "location-after-char-start": 80193,
      "location-after-char-end": 80512,
      "node-str": "if"
    },
    {
      "type": "move-subtree",
      "node": {
        "label": "activitySet",
        "type": "LocalVariable"
      },
      "location-before-char-start": 80582,
      "location-before-char-end": 80709,
      "location-after-char-start": 80558,
      "location-after-char-end": 80685,
      "node-str": "activitySet"
    },
    {
      "type": "move-subtree",
      "node": {
        "label": "save",
        "type": "Invocation"
      },
      "location-before-char-start": 80719,
      "location-before-char-end": 80737,
      "location-after-char-start": 80695,
      "location-after-char-end": 80713,
      "node-str": "save"
    },
    {
      "type": "move-subtree",
      "node": {
        "label": "startActivitySet",
        "type": "Invocation"
      },
      "location-before-char-start": 80747,
      "location-before-char-end": 80783,
      "location-after-char-start": 80723,
      "location-after-char-end": 80759,
      "node-str": "startActivitySet"
    },
    {
      "type": "move-subtree",
      "node": {
        "label": "setIssue",
        "type": "Invocation"
      },
      "location-before-char-start": 80832,
      "location-before-char-end": 80853,
      "location-after-char-start": 80808,
      "location-after-char-end": 80829,
      "node-str": "setIssue"
    },
    {
      "type": "move-subtree",
      "node": {
        "label": "setAttributeId",
        "type": "Invocation"
      },
      "location-before-char-start": 80863,
      "location-before-char-end": 80912,
      "location-after-char-start": 80839,
      "location-after-char-end": 80888,
      "node-str": "setAttributeId"
    },
    {
      "type": "move-subtree",
      "node": {
        "label": "setUserId",
        "type": "Invocation"
      },
      "location-before-char-start": 80922,
      "location-before-char-end": 80960,
      "location-after-char-start": 80898,
      "location-after-char-end": 80936,
      "node-str": "setUserId"
    },
    {
      "type": "move-subtree",
      "node": {
        "label": "setValue",
        "type": "Invocation"
      },
      "location-before-char-start": 80970,
      "location-before-char-end": 81009,
      "location-after-char-start": 80946,
      "location-after-char-end": 80985,
      "node-str": "setValue"
    },
    {
      "type": "move-subtree",
      "node": {
        "label": "save",
        "type": "Invocation"
      },
      "location-before-char-start": 81019,
      "location-before-char-end": 81032,
      "location-after-char-start": 80995,
      "location-after-char-end": 81008,
      "node-str": "save"
    },
    {
      "type": "insert-node",
      "node": {
        "label": "org.tigris.scarab.om.ActivitySet",
        "type": "RETURN_TYPE"
      },
      "location-after-char-start": 0,
      "location-after-char-end": 0,
      "node-str": "org.tigris.scarab.om.ActivitySet"
    },
    {
      "type": "insert-node",
      "node": {
        "label": "java.lang.Exception",
        "type": "THROWS"
      },
      "location-after-char-start": 0,
      "location-after-char-end": 0,
      "node-str": "java.lang.Exception"
    },
    {
      "type": "insert-node",
      "node": {
        "label": "public",
        "type": "Modifier"
      },
      "location-after-char-start": 0,
      "location-after-char-end": 0,
      "node-str": "public"
    },
    {
      "type": "move-subtree",
      "node": {
        "label": "activitySet",
        "type": "Parameter"
      },
      "location-before-char-start": 97137,
      "location-before-char-end": 97159,
      "location-after-char-start": 97081,
      "location-after-char-end": 97103,
      "node-str": "activitySet"
    },
    {
      "type": "move-subtree",
      "node": {
        "label": "attachment",
        "type": "Parameter"
      },
      "location-before-char-start": 97200,
      "location-before-char-end": 97220,
      "location-after-char-start": 97144,
      "location-after-char-end": 97164,
      "node-str": "attachment"
    },
    {
      "type": "move-subtree",
      "node": {
        "label": "user",
        "type": "Parameter"
      },
      "location-before-char-start": 97223,
      "location-before-char-end": 97237,
      "location-after-char-start": 97167,
      "location-after-char-end": 97181,
      "node-str": "user"
    },
    {
      "type": "insert-node",
      "node": {
        "label": "oldUrl",
        "type": "LocalVariable"
      },
      "location-after-char-start": 97223,
      "location-after-char-end": 97259,
      "node-str": "oldUrl"
    },
    {
      "type": "move-subtree",
      "node": {
        "label": "setDeleted",
        "type": "Invocation"
      },
      "location-before-char-start": 97333,
      "location-before-char-end": 97360,
      "location-after-char-start": 97269,
      "location-after-char-end": 97296,
      "node-str": "setDeleted"
    },
    {
      "type": "move-subtree",
      "node": {
        "label": "save",
        "type": "Invocation"
      },
      "location-before-char-start": 97370,
      "location-before-char-end": 97387,
      "location-after-char-start": 97306,
      "location-after-char-end": 97323,
      "node-str": "save"
    },
    {
      "type": "move-subtree",
      "node": {
        "label": "name",
        "type": "LocalVariable"
      },
      "location-before-char-start": 97446,
      "location-before-char-end": 97480,
      "location-after-char-start": 97382,
      "location-after-char-end": 97416,
      "node-str": "name"
    },
    {
      "type": "move-subtree",
      "node": {
        "label": "description",
        "type": "LocalVariable"
      },
      "location-before-char-start": 97490,
      "location-before-char-end": 97633,
      "location-after-char-start": 97426,
      "location-after-char-end": 97569,
      "node-str": "description"
    },
    {
      "type": "move-subtree",
      "node": {
        "label": "if",
        "type": "If"
      },
      "location-before-char-start": 97644,
      "location-before-char-end": 97881,
      "location-after-char-start": 97580,
      "location-after-char-end": 97817,
      "node-str": "if"
    },
    {
      "type": "move-subtree",
      "node": {
        "label": "createTextActivity",
        "type": "Invocation"
      },
      "location-before-char-start": 97923,
      "location-before-char-end": 98108,
      "location-after-char-start": 97859,
      "location-after-char-end": 98044,
      "node-str": "createTextActivity"
    },
    {
      "type": "move-subtree",
      "node": {
        "label": "return",
        "type": "Return"
      },
      "location-before-char-start": 98118,
      "location-before-char-end": 98136,
      "location-after-char-start": 98054,
      "location-after-char-end": 98072,
      "node-str": "return"
    },
    {
      "type": "move-subtree",
      "node": {
        "label": "NOT",
        "type": "UnaryOperator"
      },
      "location-before-char-start": 80213,
      "location-before-char-end": 80230,
      "location-after-char-start": 80197,
      "location-after-char-end": 80214,
      "node-str": "NOT"
    },
    {
      "type": "insert-node",
      "node": {
        "label": "THEN",
        "type": "then"
      },
      "location-after-char-start": 80225,
      "location-after-char-end": 80512,
      "node-str": "THEN"
    },
    {
      "type": "update-node",
      "node": {
        "label": "getDataAsString",
        "type": "Invocation"
      },
      "location-before-char-start": 95763,
      "location-before-char-end": 95790,
      "location-after-char-start": 95723,
      "location-after-char-end": 95742,
      "node-str": "getData"
    },
    {
      "type": "insert-node",
      "node": {
        "label": "java.lang.String",
        "type": "VARIABLE_TYPE"
      },
      "location-after-char-start": 0,
      "location-after-char-end": 0,
      "node-str": "java.lang.String"
    },
    {
      "type": "insert-node",
      "node": {
        "label": "getData",
        "type": "Invocation"
      },
      "location-after-char-start": 97239,
      "location-after-char-end": 97258,
      "node-str": "getData"
    },
    {
      "type": "update-node",
      "node": {
        "label": "setDataAsString",
        "type": "Invocation"
      },
      "location-before-char-start": 61309,
      "location-before-char-end": 61359,
      "location-after-char-start": 61309,
      "location-after-char-end": 61351,
      "node-str": "setData"
    },
    {
      "type": "update-node",
      "node": {
        "label": "setDataAsString",
        "type": "Invocation"
      },
      "location-before-char-start": 61407,
      "location-before-char-end": 61464,
      "location-after-char-start": 61399,
      "location-after-char-end": 61448,
      "node-str": "setData"
    },
    {
      "type": "move-subtree",
      "node": {
        "label": "\u003d",
        "type": "Assignment"
      },
      "location-before-char-start": 80255,
      "location-before-char-end": 80284,
      "location-after-char-start": 80239,
      "location-after-char-end": 80268,
      "node-str": "\u003d"
    },
    {
      "type": "move-subtree",
      "node": {
        "label": "setTextFields",
        "type": "Invocation"
      },
      "location-before-char-start": 80298,
      "location-before-char-end": 80404,
      "location-after-char-start": 80282,
      "location-after-char-end": 80388,
      "node-str": "setTextFields"
    },
    {
      "type": "move-subtree",
      "node": {
        "label": "setName",
        "type": "Invocation"
      },
      "location-before-char-start": 80418,
      "location-before-char-end": 80447,
      "location-after-char-start": 80402,
      "location-after-char-end": 80431,
      "node-str": "setName"
    },
    {
      "type": "insert-node",
      "node": {
        "label": "setData",
        "type": "Invocation"
      },
      "location-after-char-start": 80445,
      "location-after-char-end": 80471,
      "node-str": "setData"
    },
    {
      "type": "move-subtree",
      "node": {
        "label": "save",
        "type": "Invocation"
      },
      "location-before-char-start": 80509,
      "location-before-char-end": 80526,
      "location-after-char-start": 80485,
      "location-after-char-end": 80502,
      "node-str": "save"
    },
    {
      "type": "update-node",
      "node": {
        "label": "setDataAsString",
        "type": "Invocation"
      },
      "location-before-char-start": 86502,
      "location-before-char-end": 86536,
      "location-after-char-start": 86478,
      "location-after-char-end": 86504,
      "node-str": "setData"
    },
    {
      "type": "update-node",
      "node": {
        "label": "setDataAsString",
        "type": "Invocation"
      },
      "location-before-char-start": 88646,
      "location-before-char-end": 88680,
      "location-after-char-start": 88614,
      "location-after-char-end": 88640,
      "node-str": "setData"
    },
    {
      "type": "update-node",
      "node": {
        "label": "setDataAsString",
        "type": "Invocation"
      },
      "location-before-char-start": 95860,
      "location-before-char-end": 95898,
      "location-after-char-start": 95812,
      "location-after-char-end": 95842,
      "node-str": "setData"
    },
    {
      "type": "insert-node",
      "node": {
        "label": "attachment",
        "type": "VariableRead"
      },
      "location-after-char-start": 97239,
      "location-after-char-end": 97248,
      "node-str": "attachment"
    },
    {
      "type": "insert-node",
      "node": {
        "label": "attachment",
        "type": "VariableRead"
      },
      "location-after-char-start": 80445,
      "location-after-char-end": 80454,
      "node-str": "attachment"
    },
    {
      "type": "insert-node",
      "node": {
        "label": "reason",
        "type": "VariableRead"
      },
      "location-after-char-start": 80464,
      "location-after-char-end": 80469,
      "node-str": "reason"
    },
    {
      "type": "delete-node",
      "node": {
        "label": "public",
        "type": "Modifier"
      },
      "location-before-char-start": 0,
      "location-before-char-end": 0,
      "node-str": "public"
    },
    {
      "type": "delete-node",
      "node": {
        "label": "org.tigris.scarab.om.Issue",
        "type": "RETURN_TYPE"
      },
      "location-before-char-start": 0,
      "location-before-char-end": 0,
      "node-str": "org.tigris.scarab.om.Issue"
    },
    {
      "type": "delete-node",
      "node": {
        "label": "java.lang.Exception",
        "type": "THROWS"
      },
      "location-before-char-start": 0,
      "location-before-char-end": 0,
      "node-str": "java.lang.Exception"
    },
    {
      "type": "delete-node",
      "node": {
        "label": "public",
        "type": "Modifier"
      },
      "location-before-char-start": 0,
      "location-before-char-end": 0,
      "node-str": "public"
    },
    {
      "type": "delete-node",
      "node": {
        "label": "void",
        "type": "RETURN_TYPE"
      },
      "location-before-char-start": 0,
      "location-before-char-end": 0,
      "node-str": "void"
    },
    {
      "type": "delete-node",
      "node": {
        "label": "java.lang.Exception",
        "type": "THROWS"
      },
      "location-before-char-start": 0,
      "location-before-char-end": 0,
      "node-str": "java.lang.Exception"
    },
    {
      "type": "delete-node",
      "node": {
        "label": "public",
        "type": "Modifier"
      },
      "location-before-char-start": 0,
      "location-before-char-end": 0,
      "node-str": "public"
    },
    {
      "type": "delete-node",
      "node": {
        "label": "attachment",
        "type": "VariableRead"
      },
      "location-before-char-start": 80461,
      "location-before-char-end": 80470,
      "node-str": "attachment"
    },
    {
      "type": "delete-node",
      "node": {
        "label": "reason",
        "type": "VariableRead"
      },
      "location-before-char-start": 80488,
      "location-before-char-end": 80493,
      "node-str": "reason"
    },
    {
      "type": "delete-node",
      "node": {
        "label": "setDataAsString",
        "type": "Invocation"
      },
      "location-before-char-start": 80461,
      "location-before-char-end": 80495,
      "node-str": "setDataAsString"
    },
    {
      "type": "delete-node",
      "node": {
        "label": "THEN",
        "type": "then"
      },
      "location-before-char-start": 80241,
      "location-before-char-end": 80536,
      "node-str": "THEN"
    },
    {
      "type": "delete-node",
      "node": {
        "label": "if",
        "type": "If"
      },
      "location-before-char-start": 80209,
      "location-before-char-end": 80536,
      "node-str": "if"
    },
    {
      "type": "delete-node",
      "node": {
        "label": "assignUser",
        "type": "Method"
      },
      "location-before-char-start": 79742,
      "location-before-char-end": 81038,
      "node-str": "assignUser"
    },
    {
      "type": "delete-node",
      "node": {
        "label": "org.tigris.scarab.om.ActivitySet",
        "type": "RETURN_TYPE"
      },
      "location-before-char-start": 0,
      "location-before-char-end": 0,
      "node-str": "org.tigris.scarab.om.ActivitySet"
    },
    {
      "type": "delete-node",
      "node": {
        "label": "java.lang.Exception",
        "type": "THROWS"
      },
      "location-before-char-start": 0,
      "location-before-char-end": 0,
      "node-str": "java.lang.Exception"
    },
    {
      "type": "delete-node",
      "node": {
        "label": "public",
        "type": "Modifier"
      },
      "location-before-char-start": 0,
      "location-before-char-end": 0,
      "node-str": "public"
    },
    {
      "type": "delete-node",
      "node": {
        "label": "java.lang.String",
        "type": "VARIABLE_TYPE"
      },
      "location-before-char-start": 0,
      "location-before-char-end": 0,
      "node-str": "java.lang.String"
    },
    {
      "type": "delete-node",
      "node": {
        "label": "attachment",
        "type": "VariableRead"
      },
      "location-before-char-start": 97295,
      "location-before-char-end": 97304,
      "node-str": "attachment"
    },
    {
      "type": "delete-node",
      "node": {
        "label": "getDataAsString",
        "type": "Invocation"
      },
      "location-before-char-start": 97295,
      "location-before-char-end": 97322,
      "node-str": "getDataAsString"
    },
    {
      "type": "delete-node",
      "node": {
        "label": "oldUrl",
        "type": "LocalVariable"
      },
      "location-before-char-start": 97279,
      "location-before-char-end": 97323,
      "node-str": "oldUrl"
    },
    {
      "type": "delete-node",
      "node": {
        "label": "doDeleteUrl",
        "type": "Method"
      },
      "location-before-char-start": 96987,
      "location-before-char-end": 98142,
      "node-str": "doDeleteUrl"
    }
  ],
  "before-file": {},
  "after-file": {},
  "mapping": {}
}