{
  "tool-info": {},
  "diff": [
    {
      "type": "insert-node",
      "node": {
        "label": "ExtensionEventHandler",
        "type": "Class"
      },
      "location-after-char-start": 3623,
      "location-after-char-end": 46488,
      "node-str": "ExtensionEventHandler"
    },
    {
      "type": "move-subtree",
      "node": {
        "label": "TAG_CATEGORY",
        "type": "Field"
      },
      "location-before-char-start": 3693,
      "location-before-char-end": 3746,
      "location-after-char-start": 3693,
      "location-after-char-end": 3746,
      "node-str": "TAG_CATEGORY"
    },
    {
      "type": "move-subtree",
      "node": {
        "label": "ATT_TARGET_ID",
        "type": "Field"
      },
      "location-before-char-start": 3766,
      "location-before-char-end": 3820,
      "location-after-char-start": 3766,
      "location-after-char-end": 3820,
      "node-str": "ATT_TARGET_ID"
    },
    {
      "type": "move-subtree",
      "node": {
        "label": "TAG_PART",
        "type": "Field"
      },
      "location-before-char-start": 3840,
      "location-before-char-end": 3885,
      "location-after-char-start": 3840,
      "location-after-char-end": 3885,
      "node-str": "TAG_PART"
    },
    {
      "type": "move-subtree",
      "node": {
        "label": "ATT_ID",
        "type": "Field"
      },
      "location-before-char-start": 3905,
      "location-before-char-end": 3946,
      "location-after-char-start": 3905,
      "location-after-char-end": 3946,
      "node-str": "ATT_ID"
    },
    {
      "type": "move-subtree",
      "node": {
        "label": "TAG_PROVIDER",
        "type": "Field"
      },
      "location-before-char-start": 3966,
      "location-before-char-end": 4024,
      "location-after-char-start": 3966,
      "location-after-char-end": 4024,
      "node-str": "TAG_PROVIDER"
    },
    {
      "type": "move-subtree",
      "node": {
        "label": "TAG_ACTION_SET_PART_ASSOCIATION",
        "type": "Field"
      },
      "location-before-char-start": 4044,
      "location-before-char-end": 4132,
      "location-after-char-start": 4044,
      "location-after-char-end": 4132,
      "node-str": "TAG_ACTION_SET_PART_ASSOCIATION"
    },
    {
      "type": "insert-node",
      "node": {
        "label": "workbench",
        "type": "Field"
      },
      "location-after-char-start": 4154,
      "location-after-char-end": 4181,
      "node-str": "workbench"
    },
    {
      "type": "insert-node",
      "node": {
        "label": "changeList",
        "type": "Field"
      },
      "location-after-char-start": 4188,
      "location-after-char-end": 4231,
      "node-str": "changeList"
    },
    {
      "type": "move-subtree",
      "node": {
        "label": "\u003cinit\u003e",
        "type": "Constructor"
      },
      "location-before-char-start": 4238,
      "location-before-char-end": 4330,
      "location-after-char-start": 4238,
      "location-after-char-end": 4330,
      "node-str": "\u003cinit\u003e"
    },
    {
      "type": "move-subtree",
      "node": {
        "label": "registryChanged",
        "type": "Method"
      },
      "location-before-char-start": 4337,
      "location-before-char-end": 7554,
      "location-after-char-start": 4337,
      "location-after-char-end": 7554,
      "node-str": "registryChanged"
    },
    {
      "type": "move-subtree",
      "node": {
        "label": "asyncAppear",
        "type": "Method"
      },
      "location-before-char-start": 7561,
      "location-before-char-end": 7836,
      "location-after-char-start": 7561,
      "location-after-char-end": 7836,
      "node-str": "asyncAppear"
    },
    {
      "type": "move-subtree",
      "node": {
        "label": "asyncRevoke",
        "type": "Method"
      },
      "location-before-char-start": 7843,
      "location-before-char-end": 8118,
      "location-after-char-start": 7843,
      "location-after-char-end": 8118,
      "node-str": "asyncRevoke"
    },
    {
      "type": "move-subtree",
      "node": {
        "label": "appear",
        "type": "Method"
      },
      "location-before-char-start": 8125,
      "location-before-char-end": 9817,
      "location-after-char-start": 8125,
      "location-after-char-end": 9817,
      "node-str": "appear"
    },
    {
      "type": "move-subtree",
      "node": {
        "label": "loadFontDefinitions",
        "type": "Method"
      },
      "location-before-char-start": 9824,
      "location-before-char-end": 10623,
      "location-after-char-start": 9824,
      "location-after-char-end": 10623,
      "node-str": "loadFontDefinitions"
    },
    {
      "type": "move-subtree",
      "node": {
        "label": "loadThemes",
        "type": "Method"
      },
      "location-before-char-start": 10630,
      "location-before-char-end": 11848,
      "location-after-char-start": 10630,
      "location-after-char-end": 11848,
      "node-str": "loadThemes"
    },
    {
      "type": "move-subtree",
      "node": {
        "label": "loadDecorators",
        "type": "Method"
      },
      "location-before-char-start": 11855,
      "location-before-char-end": 12457,
      "location-after-char-start": 11855,
      "location-after-char-end": 12457,
      "node-str": "loadDecorators"
    },
    {
      "type": "move-subtree",
      "node": {
        "label": "loadNewWizards",
        "type": "Method"
      },
      "location-before-char-start": 12464,
      "location-before-char-end": 13419,
      "location-after-char-start": 12464,
      "location-after-char-end": 13419,
      "node-str": "loadNewWizards"
    },
    {
      "type": "move-subtree",
      "node": {
        "label": "loadPropertyPages",
        "type": "Method"
      },
      "location-before-char-start": 13426,
      "location-before-char-end": 13876,
      "location-after-char-start": 13426,
      "location-after-char-end": 13876,
      "node-str": "loadPropertyPages"
    },
    {
      "type": "move-subtree",
      "node": {
        "label": "loadPreferencePages",
        "type": "Method"
      },
      "location-before-char-start": 13883,
      "location-before-char-end": 15326,
      "location-after-char-start": 13883,
      "location-after-char-end": 15326,
      "node-str": "loadPreferencePages"
    },
    {
      "type": "move-subtree",
      "node": {
        "label": "loadPopupMenu",
        "type": "Method"
      },
      "location-before-char-start": 15333,
      "location-before-char-end": 16649,
      "location-after-char-start": 15333,
      "location-after-char-end": 16649,
      "node-str": "loadPopupMenu"
    },
    {
      "type": "insert-node",
      "node": {
        "label": "revoke",
        "type": "Method"
      },
      "location-after-char-start": 16656,
      "location-after-char-end": 17669,
      "node-str": "revoke"
    },
    {
      "type": "move-subtree",
      "node": {
        "label": "restoreViewState",
        "type": "Method"
      },
      "location-before-char-start": 17796,
      "location-before-char-end": 18870,
      "location-after-char-start": 17676,
      "location-after-char-end": 18750,
      "node-str": "restoreViewState"
    },
    {
      "type": "move-subtree",
      "node": {
        "label": "createOpenPerspectiveView",
        "type": "Method"
      },
      "location-before-char-start": 18877,
      "location-before-char-end": 19441,
      "location-after-char-start": 18757,
      "location-after-char-end": 19321,
      "node-str": "createOpenPerspectiveView"
    },
    {
      "type": "move-subtree",
      "node": {
        "label": "unloadView",
        "type": "Method"
      },
      "location-before-char-start": 19448,
      "location-before-char-end": 22419,
      "location-after-char-start": 19328,
      "location-after-char-end": 22299,
      "node-str": "unloadView"
    },
    {
      "type": "move-subtree",
      "node": {
        "label": "saveViewState",
        "type": "Method"
      },
      "location-before-char-start": 22426,
      "location-before-char-end": 22738,
      "location-after-char-start": 22306,
      "location-after-char-end": 22618,
      "node-str": "saveViewState"
    },
    {
      "type": "move-subtree",
      "node": {
        "label": "findShowViewIdsRemoved",
        "type": "Method"
      },
      "location-before-char-start": 22745,
      "location-before-char-end": 23321,
      "location-after-char-start": 22625,
      "location-after-char-end": 23201,
      "node-str": "findShowViewIdsRemoved"
    },
    {
      "type": "move-subtree",
      "node": {
        "label": "removeViewIdsFromShowViewMenu",
        "type": "Method"
      },
      "location-before-char-start": 23328,
      "location-before-char-end": 24638,
      "location-after-char-start": 23208,
      "location-after-char-end": 24518,
      "node-str": "removeViewIdsFromShowViewMenu"
    },
    {
      "type": "move-subtree",
      "node": {
        "label": "loadEditor",
        "type": "Method"
      },
      "location-before-char-start": 24645,
      "location-before-char-end": 25821,
      "location-after-char-start": 24525,
      "location-after-char-end": 25701,
      "node-str": "loadEditor"
    },
    {
      "type": "move-subtree",
      "node": {
        "label": "restoreEditorState",
        "type": "Method"
      },
      "location-before-char-start": 25828,
      "location-before-char-end": 28245,
      "location-after-char-start": 25708,
      "location-after-char-end": 28125,
      "node-str": "restoreEditorState"
    },
    {
      "type": "move-subtree",
      "node": {
        "label": "checkOpenable",
        "type": "Method"
      },
      "location-before-char-start": 28252,
      "location-before-char-end": 29375,
      "location-after-char-start": 28132,
      "location-after-char-end": 29255,
      "node-str": "checkOpenable"
    },
    {
      "type": "move-subtree",
      "node": {
        "label": "closeEditors",
        "type": "Method"
      },
      "location-before-char-start": 30708,
      "location-before-char-end": 31955,
      "location-after-char-start": 29263,
      "location-after-char-end": 30510,
      "node-str": "closeEditors"
    },
    {
      "type": "move-subtree",
      "node": {
        "label": "unloadPerspective",
        "type": "Method"
      },
      "location-before-char-start": 31962,
      "location-before-char-end": 34200,
      "location-after-char-start": 30517,
      "location-after-char-end": 32755,
      "node-str": "unloadPerspective"
    },
    {
      "type": "move-subtree",
      "node": {
        "label": "loadPerspectiveExtensions",
        "type": "Method"
      },
      "location-before-char-start": 34207,
      "location-before-char-end": 36032,
      "location-after-char-start": 32762,
      "location-after-char-end": 34587,
      "node-str": "loadPerspectiveExtensions"
    },
    {
      "type": "move-subtree",
      "node": {
        "label": "restorePerspectiveState",
        "type": "Method"
      },
      "location-before-char-start": 36039,
      "location-before-char-end": 37219,
      "location-after-char-start": 34594,
      "location-after-char-end": 35774,
      "node-str": "restorePerspectiveState"
    },
    {
      "type": "move-subtree",
      "node": {
        "label": "resetCurrentPerspective",
        "type": "Method"
      },
      "location-before-char-start": 37226,
      "location-before-char-end": 38792,
      "location-after-char-start": 35781,
      "location-after-char-end": 37347,
      "node-str": "resetCurrentPerspective"
    },
    {
      "type": "move-subtree",
      "node": {
        "label": "unloadActionSets",
        "type": "Method"
      },
      "location-before-char-start": 38799,
      "location-before-char-end": 39869,
      "location-after-char-start": 37354,
      "location-after-char-end": 38424,
      "node-str": "unloadActionSets"
    },
    {
      "type": "move-subtree",
      "node": {
        "label": "removeActionSet",
        "type": "Method"
      },
      "location-before-char-start": 39876,
      "location-before-char-end": 40767,
      "location-after-char-start": 38431,
      "location-after-char-end": 39322,
      "node-str": "removeActionSet"
    },
    {
      "type": "move-subtree",
      "node": {
        "label": "loadActionSetPartAssociation",
        "type": "Method"
      },
      "location-before-char-start": 40774,
      "location-before-char-end": 41220,
      "location-after-char-start": 39329,
      "location-after-char-end": 39775,
      "node-str": "loadActionSetPartAssociation"
    },
    {
      "type": "move-subtree",
      "node": {
        "label": "unloadActionSetPartAssociation",
        "type": "Method"
      },
      "location-before-char-start": 41227,
      "location-before-char-end": 42224,
      "location-after-char-start": 39782,
      "location-after-char-end": 40779,
      "node-str": "unloadActionSetPartAssociation"
    },
    {
      "type": "move-subtree",
      "node": {
        "label": "loadWorkingSets",
        "type": "Method"
      },
      "location-before-char-start": 42231,
      "location-before-char-end": 42656,
      "location-after-char-start": 40786,
      "location-after-char-end": 41211,
      "node-str": "loadWorkingSets"
    },
    {
      "type": "move-subtree",
      "node": {
        "label": "unloadWorkingSets",
        "type": "Method"
      },
      "location-before-char-start": 42663,
      "location-before-char-end": 43087,
      "location-after-char-start": 41218,
      "location-after-char-end": 41642,
      "node-str": "unloadWorkingSets"
    },
    {
      "type": "move-subtree",
      "node": {
        "label": "stopView",
        "type": "Method"
      },
      "location-before-char-start": 43094,
      "location-before-char-end": 44448,
      "location-after-char-start": 41649,
      "location-after-char-end": 43003,
      "node-str": "stopView"
    },
    {
      "type": "move-subtree",
      "node": {
        "label": "stopEditor",
        "type": "Method"
      },
      "location-before-char-start": 44455,
      "location-before-char-end": 45524,
      "location-after-char-start": 43010,
      "location-after-char-end": 44079,
      "node-str": "stopEditor"
    },
    {
      "type": "move-subtree",
      "node": {
        "label": "stopPerspective",
        "type": "Method"
      },
      "location-before-char-start": 45531,
      "location-before-char-end": 46902,
      "location-after-char-start": 44086,
      "location-after-char-end": 45457,
      "node-str": "stopPerspective"
    },
    {
      "type": "move-subtree",
      "node": {
        "label": "stopActionSets",
        "type": "Method"
      },
      "location-before-char-start": 46909,
      "location-before-char-end": 47931,
      "location-after-char-start": 45464,
      "location-after-char-end": 46486,
      "node-str": "stopActionSets"
    },
    {
      "type": "insert-node",
      "node": {
        "label": "org.eclipse.ui.internal.Workbench",
        "type": "VARIABLE_TYPE"
      },
      "location-after-char-start": 0,
      "location-after-char-end": 0,
      "node-str": "org.eclipse.ui.internal.Workbench"
    },
    {
      "type": "insert-node",
      "node": {
        "label": "java.util.List",
        "type": "VARIABLE_TYPE"
      },
      "location-after-char-start": 0,
      "location-after-char-end": 0,
      "node-str": "java.util.List"
    },
    {
      "type": "insert-node",
      "node": {
        "label": "java.util.ArrayList(int)",
        "type": "ConstructorCall"
      },
      "location-after-char-start": 4214,
      "location-after-char-end": 4230,
      "node-str": "java.util.ArrayList(int)"
    },
    {
      "type": "insert-node",
      "node": {
        "label": "void",
        "type": "RETURN_TYPE"
      },
      "location-after-char-start": 0,
      "location-after-char-end": 0,
      "node-str": "void"
    },
    {
      "type": "insert-node",
      "node": {
        "label": "extPt",
        "type": "Parameter"
      },
      "location-after-char-start": 16676,
      "location-after-char-end": 16696,
      "node-str": "extPt"
    },
    {
      "type": "insert-node",
      "node": {
        "label": "ext",
        "type": "Parameter"
      },
      "location-after-char-start": 16699,
      "location-after-char-end": 16712,
      "node-str": "ext"
    },
    {
      "type": "insert-node",
      "node": {
        "label": "name",
        "type": "LocalVariable"
      },
      "location-after-char-start": 16725,
      "location-after-char-end": 16766,
      "node-str": "name"
    },
    {
      "type": "move-subtree",
      "node": {
        "label": "if",
        "type": "If"
      },
      "location-before-char-start": 16776,
      "location-before-char-end": 16922,
      "location-after-char-start": 16776,
      "location-after-char-end": 16922,
      "node-str": "if"
    },
    {
      "type": "move-subtree",
      "node": {
        "label": "if",
        "type": "If"
      },
      "location-before-char-start": 16932,
      "location-before-char-end": 17048,
      "location-after-char-start": 16932,
      "location-after-char-end": 17048,
      "node-str": "if"
    },
    {
      "type": "move-subtree",
      "node": {
        "label": "if",
        "type": "If"
      },
      "location-before-char-start": 17187,
      "location-before-char-end": 17317,
      "location-after-char-start": 17067,
      "location-after-char-end": 17197,
      "node-str": "if"
    },
    {
      "type": "move-subtree",
      "node": {
        "label": "if",
        "type": "If"
      },
      "location-before-char-start": 17328,
      "location-before-char-end": 17456,
      "location-after-char-start": 17208,
      "location-after-char-end": 17336,
      "node-str": "if"
    },
    {
      "type": "move-subtree",
      "node": {
        "label": "if",
        "type": "If"
      },
      "location-before-char-start": 17467,
      "location-before-char-end": 17643,
      "location-after-char-start": 17347,
      "location-after-char-end": 17523,
      "node-str": "if"
    },
    {
      "type": "move-subtree",
      "node": {
        "label": "if",
        "type": "If"
      },
      "location-before-char-start": 17653,
      "location-before-char-end": 17782,
      "location-after-char-start": 17533,
      "location-after-char-end": 17662,
      "node-str": "if"
    },
    {
      "type": "insert-node",
      "node": {
        "label": "10",
        "type": "Literal"
      },
      "location-after-char-start": 4228,
      "location-after-char-end": 4229,
      "node-str": "10"
    },
    {
      "type": "insert-node",
      "node": {
        "label": "org.eclipse.core.runtime.IExtensionPoint",
        "type": "VARIABLE_TYPE"
      },
      "location-after-char-start": 0,
      "location-after-char-end": 0,
      "node-str": "org.eclipse.core.runtime.IExtensionPoint"
    },
    {
      "type": "insert-node",
      "node": {
        "label": "org.eclipse.core.runtime.IExtension",
        "type": "VARIABLE_TYPE"
      },
      "location-after-char-start": 0,
      "location-after-char-end": 0,
      "node-str": "org.eclipse.core.runtime.IExtension"
    },
    {
      "type": "insert-node",
      "node": {
        "label": "java.lang.String",
        "type": "VARIABLE_TYPE"
      },
      "location-after-char-start": 0,
      "location-after-char-end": 0,
      "node-str": "java.lang.String"
    },
    {
      "type": "insert-node",
      "node": {
        "label": "getSimpleIdentifier",
        "type": "Invocation"
      },
      "location-after-char-start": 16739,
      "location-after-char-end": 16765,
      "node-str": "getSimpleIdentifier"
    },
    {
      "type": "insert-node",
      "node": {
        "label": "extPt",
        "type": "VariableRead"
      },
      "location-after-char-start": 16739,
      "location-after-char-end": 16743,
      "node-str": "extPt"
    },
    {
      "type": "delete-node",
      "node": {
        "label": "org.eclipse.ui.internal.Workbench",
        "type": "VARIABLE_TYPE"
      },
      "location-before-char-start": 0,
      "location-before-char-end": 0,
      "node-str": "org.eclipse.ui.internal.Workbench"
    },
    {
      "type": "delete-node",
      "node": {
        "label": "workbench",
        "type": "Field"
      },
      "location-before-char-start": 4154,
      "location-before-char-end": 4181,
      "node-str": "workbench"
    },
    {
      "type": "delete-node",
      "node": {
        "label": "java.util.List",
        "type": "VARIABLE_TYPE"
      },
      "location-before-char-start": 0,
      "location-before-char-end": 0,
      "node-str": "java.util.List"
    },
    {
      "type": "delete-node",
      "node": {
        "label": "10",
        "type": "Literal"
      },
      "location-before-char-start": 4228,
      "location-before-char-end": 4229,
      "node-str": "10"
    },
    {
      "type": "delete-node",
      "node": {
        "label": "java.util.ArrayList(int)",
        "type": "ConstructorCall"
      },
      "location-before-char-start": 4214,
      "location-before-char-end": 4230,
      "node-str": "java.util.ArrayList(int)"
    },
    {
      "type": "delete-node",
      "node": {
        "label": "changeList",
        "type": "Field"
      },
      "location-before-char-start": 4188,
      "location-before-char-end": 4231,
      "node-str": "changeList"
    },
    {
      "type": "delete-node",
      "node": {
        "label": "void",
        "type": "RETURN_TYPE"
      },
      "location-before-char-start": 0,
      "location-before-char-end": 0,
      "node-str": "void"
    },
    {
      "type": "delete-node",
      "node": {
        "label": "org.eclipse.core.runtime.IExtensionPoint",
        "type": "VARIABLE_TYPE"
      },
      "location-before-char-start": 0,
      "location-before-char-end": 0,
      "node-str": "org.eclipse.core.runtime.IExtensionPoint"
    },
    {
      "type": "delete-node",
      "node": {
        "label": "extPt",
        "type": "Parameter"
      },
      "location-before-char-start": 16676,
      "location-before-char-end": 16696,
      "node-str": "extPt"
    },
    {
      "type": "delete-node",
      "node": {
        "label": "org.eclipse.core.runtime.IExtension",
        "type": "VARIABLE_TYPE"
      },
      "location-before-char-start": 0,
      "location-before-char-end": 0,
      "node-str": "org.eclipse.core.runtime.IExtension"
    },
    {
      "type": "delete-node",
      "node": {
        "label": "ext",
        "type": "Parameter"
      },
      "location-before-char-start": 16699,
      "location-before-char-end": 16712,
      "node-str": "ext"
    },
    {
      "type": "delete-node",
      "node": {
        "label": "java.lang.String",
        "type": "VARIABLE_TYPE"
      },
      "location-before-char-start": 0,
      "location-before-char-end": 0,
      "node-str": "java.lang.String"
    },
    {
      "type": "delete-node",
      "node": {
        "label": "extPt",
        "type": "VariableRead"
      },
      "location-before-char-start": 16739,
      "location-before-char-end": 16743,
      "node-str": "extPt"
    },
    {
      "type": "delete-node",
      "node": {
        "label": "getSimpleIdentifier",
        "type": "Invocation"
      },
      "location-before-char-start": 16739,
      "location-before-char-end": 16765,
      "node-str": "getSimpleIdentifier"
    },
    {
      "type": "delete-node",
      "node": {
        "label": "name",
        "type": "LocalVariable"
      },
      "location-before-char-start": 16725,
      "location-before-char-end": 16766,
      "node-str": "name"
    },
    {
      "type": "delete-node",
      "node": {
        "label": "name",
        "type": "VariableRead"
      },
      "location-before-char-start": 17062,
      "location-before-char-end": 17065,
      "node-str": "name"
    },
    {
      "type": "delete-node",
      "node": {
        "label": "IWorkbenchConstants.PL_EDITOR",
        "type": "TypeAccess"
      },
      "location-before-char-start": 17084,
      "location-before-char-end": 17112,
      "node-str": "IWorkbenchConstants.PL_EDITOR"
    },
    {
      "type": "delete-node",
      "node": {
        "label": "equalsIgnoreCase",
        "type": "Invocation"
      },
      "location-before-char-start": 17062,
      "location-before-char-end": 17113,
      "node-str": "equalsIgnoreCase"
    },
    {
      "type": "delete-node",
      "node": {
        "label": "org.eclipse.ui.internal.ExtensionEventHandler",
        "type": "TypeAccess"
      },
      "location-before-char-start": 0,
      "location-before-char-end": 0,
      "node-str": "org.eclipse.ui.internal.ExtensionEventHandler"
    },
    {
      "type": "delete-node",
      "node": {
        "label": "ext",
        "type": "VariableRead"
      },
      "location-before-char-start": 17143,
      "location-before-char-end": 17145,
      "node-str": "ext"
    },
    {
      "type": "delete-node",
      "node": {
        "label": "unloadEditor",
        "type": "Invocation"
      },
      "location-before-char-start": 17130,
      "location-before-char-end": 17147,
      "node-str": "unloadEditor"
    },
    {
      "type": "delete-node",
      "node": {
        "label": "return",
        "type": "Return"
      },
      "location-before-char-start": 17161,
      "location-before-char-end": 17167,
      "node-str": "return"
    },
    {
      "type": "delete-node",
      "node": {
        "label": "THEN",
        "type": "then"
      },
      "location-before-char-start": 17116,
      "location-before-char-end": 17177,
      "node-str": "THEN"
    },
    {
      "type": "delete-node",
      "node": {
        "label": "if",
        "type": "If"
      },
      "location-before-char-start": 17058,
      "location-before-char-end": 17177,
      "node-str": "if"
    },
    {
      "type": "delete-node",
      "node": {
        "label": "revoke",
        "type": "Method"
      },
      "location-before-char-start": 16656,
      "location-before-char-end": 17789,
      "node-str": "revoke"
    },
    {
      "type": "delete-node",
      "node": {
        "label": "void",
        "type": "RETURN_TYPE"
      },
      "location-before-char-start": 0,
      "location-before-char-end": 0,
      "node-str": "void"
    },
    {
      "type": "delete-node",
      "node": {
        "label": "org.eclipse.core.runtime.IExtension",
        "type": "VARIABLE_TYPE"
      },
      "location-before-char-start": 0,
      "location-before-char-end": 0,
      "node-str": "org.eclipse.core.runtime.IExtension"
    },
    {
      "type": "delete-node",
      "node": {
        "label": "ext",
        "type": "Parameter"
      },
      "location-before-char-start": 29408,
      "location-before-char-end": 29421,
      "node-str": "ext"
    },
    {
      "type": "delete-node",
      "node": {
        "label": "org.eclipse.core.runtime.MultiStatus",
        "type": "VARIABLE_TYPE"
      },
      "location-before-char-start": 0,
      "location-before-char-end": 0,
      "node-str": "org.eclipse.core.runtime.MultiStatus"
    },
    {
      "type": "delete-node",
      "node": {
        "label": "org.eclipse.ui.PlatformUI",
        "type": "TypeAccess"
      },
      "location-before-char-start": 0,
      "location-before-char-end": 0,
      "node-str": "org.eclipse.ui.PlatformUI"
    },
    {
      "type": "delete-node",
      "node": {
        "label": "PLUGIN_ID",
        "type": "FieldRead"
      },
      "location-before-char-start": 29471,
      "location-before-char-end": 29490,
      "node-str": "PLUGIN_ID"
    },
    {
      "type": "delete-node",
      "node": {
        "label": "org.eclipse.core.runtime.IStatus",
        "type": "TypeAccess"
      },
      "location-before-char-start": 29493,
      "location-before-char-end": 29499,
      "node-str": "org.eclipse.core.runtime.IStatus"
    },
    {
      "type": "delete-node",
      "node": {
        "label": "OK",
        "type": "FieldRead"
      },
      "location-before-char-start": 29493,
      "location-before-char-end": 29502,
      "node-str": "OK"
    },
    {
      "type": "delete-node",
      "node": {
        "label": "org.eclipse.ui.internal.WorkbenchMessages",
        "type": "TypeAccess"
      },
      "location-before-char-start": 29521,
      "location-before-char-end": 29537,
      "node-str": "org.eclipse.ui.internal.WorkbenchMessages"
    },
    {
      "type": "delete-node",
      "node": {
        "label": "\"EditorManager.problemsSavingEditors\"",
        "type": "Literal"
      },
      "location-before-char-start": 29574,
      "location-before-char-end": 29610,
      "node-str": "\"EditorManager.problemsSavingEditors\""
    },
    {
      "type": "delete-node",
      "node": {
        "label": "getString",
        "type": "Invocation"
      },
      "location-before-char-start": 29521,
      "location-before-char-end": 29611,
      "node-str": "getString"
    },
    {
      "type": "delete-node",
      "node": {
        "label": "null",
        "type": "Literal"
      },
      "location-before-char-start": 29614,
      "location-before-char-end": 29617,
      "node-str": "null"
    },
    {
      "type": "delete-node",
      "node": {
        "label": "org.eclipse.core.runtime.MultiStatus(java.lang.Class,int,java.lang.String,java.lang.Throwable)",
        "type": "ConstructorCall"
      },
      "location-before-char-start": 29455,
      "location-before-char-end": 29618,
      "node-str": "org.eclipse.core.runtime.MultiStatus(java.lang.Class,int,java.lang.String,java.lang.Throwable)"
    },
    {
      "type": "delete-node",
      "node": {
        "label": "result",
        "type": "LocalVariable"
      },
      "location-before-char-start": 29434,
      "location-before-char-end": 29619,
      "node-str": "result"
    },
    {
      "type": "delete-node",
      "node": {
        "label": "org.eclipse.ui.internal.registry.EditorRegistry",
        "type": "VARIABLE_TYPE"
      },
      "location-before-char-start": 0,
      "location-before-char-end": 0,
      "node-str": "org.eclipse.ui.internal.registry.EditorRegistry"
    },
    {
      "type": "delete-node",
      "node": {
        "label": "org.eclipse.ui.internal.WorkbenchPlugin",
        "type": "TypeAccess"
      },
      "location-before-char-start": 29682,
      "location-before-char-end": 29696,
      "node-str": "org.eclipse.ui.internal.WorkbenchPlugin"
    },
    {
      "type": "delete-node",
      "node": {
        "label": "getDefault",
        "type": "Invocation"
      },
      "location-before-char-start": 29682,
      "location-before-char-end": 29709,
      "node-str": "getDefault"
    },
    {
      "type": "delete-node",
      "node": {
        "label": "getEditorRegistry",
        "type": "Invocation"
      },
      "location-before-char-start": 29665,
      "location-before-char-end": 29746,
      "node-str": "getEditorRegistry"
    },
    {
      "type": "delete-node",
      "node": {
        "label": "eReg",
        "type": "LocalVariable"
      },
      "location-before-char-start": 29643,
      "location-before-char-end": 29747,
      "node-str": "eReg"
    },
    {
      "type": "delete-node",
      "node": {
        "label": "org.eclipse.core.runtime.IConfigurationElement[]",
        "type": "VARIABLE_TYPE"
      },
      "location-before-char-start": 0,
      "location-before-char-end": 0,
      "node-str": "org.eclipse.core.runtime.IConfigurationElement[]"
    },
    {
      "type": "delete-node",
      "node": {
        "label": "ext",
        "type": "VariableRead"
      },
      "location-before-char-start": 29792,
      "location-before-char-end": 29794,
      "node-str": "ext"
    },
    {
      "type": "delete-node",
      "node": {
        "label": "getConfigurationElements",
        "type": "Invocation"
      },
      "location-before-char-start": 29792,
      "location-before-char-end": 29821,
      "node-str": "getConfigurationElements"
    },
    {
      "type": "delete-node",
      "node": {
        "label": "elements",
        "type": "LocalVariable"
      },
      "location-before-char-start": 29757,
      "location-before-char-end": 29822,
      "node-str": "elements"
    },
    {
      "type": "delete-node",
      "node": {
        "label": "org.eclipse.ui.IWorkbenchWindow[]",
        "type": "VARIABLE_TYPE"
      },
      "location-before-char-start": 0,
      "location-before-char-end": 0,
      "node-str": "org.eclipse.ui.IWorkbenchWindow[]"
    },
    {
      "type": "delete-node",
      "node": {
        "label": "org.eclipse.ui.internal.ExtensionEventHandler",
        "type": "TypeAccess"
      },
      "location-before-char-start": 0,
      "location-before-char-end": 0,
      "node-str": "org.eclipse.ui.internal.ExtensionEventHandler"
    },
    {
      "type": "delete-node",
      "node": {
        "label": "workbench",
        "type": "FieldRead"
      },
      "location-before-char-start": 29861,
      "location-before-char-end": 29869,
      "node-str": "workbench"
    },
    {
      "type": "delete-node",
      "node": {
        "label": "getWorkbenchWindows",
        "type": "Invocation"
      },
      "location-before-char-start": 29861,
      "location-before-char-end": 29891,
      "node-str": "getWorkbenchWindows"
    },
    {
      "type": "delete-node",
      "node": {
        "label": "windows",
        "type": "LocalVariable"
      },
      "location-before-char-start": 29832,
      "location-before-char-end": 29892,
      "node-str": "windows"
    },
    {
      "type": "delete-node",
      "node": {
        "label": "int",
        "type": "VARIABLE_TYPE"
      },
      "location-before-char-start": 0,
      "location-before-char-end": 0,
      "node-str": "int"
    },
    {
      "type": "delete-node",
      "node": {
        "label": "0",
        "type": "Literal"
      },
      "location-before-char-start": 29915,
      "location-before-char-end": 29915,
      "node-str": "0"
    },
    {
      "type": "delete-node",
      "node": {
        "label": "i",
        "type": "LocalVariable"
      },
      "location-before-char-start": 29907,
      "location-before-char-end": 29915,
      "node-str": "i"
    },
    {
      "type": "delete-node",
      "node": {
        "label": "i",
        "type": "VariableRead"
      },
      "location-before-char-start": 29918,
      "location-before-char-end": 29918,
      "node-str": "i"
    },
    {
      "type": "delete-node",
      "node": {
        "label": "elements",
        "type": "VariableRead"
      },
      "location-before-char-start": 29922,
      "location-before-char-end": 29929,
      "node-str": "elements"
    },
    {
      "type": "delete-node",
      "node": {
        "label": "length",
        "type": "FieldRead"
      },
      "location-before-char-start": 29922,
      "location-before-char-end": 29936,
      "node-str": "length"
    },
    {
      "type": "delete-node",
      "node": {
        "label": "LT",
        "type": "BinaryOperator"
      },
      "location-before-char-start": 29918,
      "location-before-char-end": 29936,
      "node-str": "LT"
    },
    {
      "type": "delete-node",
      "node": {
        "label": "i",
        "type": "VariableWrite"
      },
      "location-before-char-start": 29939,
      "location-before-char-end": 29939,
      "node-str": "i"
    },
    {
      "type": "delete-node",
      "node": {
        "label": "POSTINC",
        "type": "UnaryOperator"
      },
      "location-before-char-start": 29939,
      "location-before-char-end": 29941,
      "node-str": "POSTINC"
    },
    {
      "type": "delete-node",
      "node": {
        "label": "java.lang.String",
        "type": "VARIABLE_TYPE"
      },
      "location-before-char-start": 0,
      "location-before-char-end": 0,
      "node-str": "java.lang.String"
    },
    {
      "type": "delete-node",
      "node": {
        "label": "elements",
        "type": "VariableRead"
      },
      "location-before-char-start": 29970,
      "location-before-char-end": 29977,
      "node-str": "elements"
    },
    {
      "type": "delete-node",
      "node": {
        "label": "i",
        "type": "VariableRead"
      },
      "location-before-char-start": 29979,
      "location-before-char-end": 29979,
      "node-str": "i"
    },
    {
      "type": "delete-node",
      "node": {
        "label": "",
        "type": "ArrayRead"
      },
      "location-before-char-start": 29970,
      "location-before-char-end": 29980,
      "node-str": ""
    },
    {
      "type": "delete-node",
      "node": {
        "label": "IWorkbenchConstants.TAG_ID",
        "type": "TypeAccess"
      },
      "location-before-char-start": 29995,
      "location-before-char-end": 30020,
      "node-str": "IWorkbenchConstants.TAG_ID"
    },
    {
      "type": "delete-node",
      "node": {
        "label": "getAttribute",
        "type": "Invocation"
      },
      "location-before-char-start": 29970,
      "location-before-char-end": 30021,
      "node-str": "getAttribute"
    },
    {
      "type": "delete-node",
      "node": {
        "label": "id",
        "type": "LocalVariable"
      },
      "location-before-char-start": 29958,
      "location-before-char-end": 30022,
      "node-str": "id"
    },
    {
      "type": "delete-node",
      "node": {
        "label": "int",
        "type": "VARIABLE_TYPE"
      },
      "location-before-char-start": 0,
      "location-before-char-end": 0,
      "node-str": "int"
    },
    {
      "type": "delete-node",
      "node": {
        "label": "0",
        "type": "Literal"
      },
      "location-before-char-start": 30049,
      "location-before-char-end": 30049,
      "node-str": "0"
    },
    {
      "type": "delete-node",
      "node": {
        "label": "j",
        "type": "LocalVariable"
      },
      "location-before-char-start": 30041,
      "location-before-char-end": 30049,
      "node-str": "j"
    },
    {
      "type": "delete-node",
      "node": {
        "label": "j",
        "type": "VariableRead"
      },
      "location-before-char-start": 30052,
      "location-before-char-end": 30052,
      "node-str": "j"
    },
    {
      "type": "delete-node",
      "node": {
        "label": "windows",
        "type": "VariableRead"
      },
      "location-before-char-start": 30056,
      "location-before-char-end": 30069,
      "node-str": "windows"
    },
    {
      "type": "delete-node",
      "node": {
        "label": "length",
        "type": "FieldRead"
      },
      "location-before-char-start": 30056,
      "location-before-char-end": 30069,
      "node-str": "length"
    },
    {
      "type": "delete-node",
      "node": {
        "label": "LT",
        "type": "BinaryOperator"
      },
      "location-before-char-start": 30052,
      "location-before-char-end": 30069,
      "node-str": "LT"
    },
    {
      "type": "delete-node",
      "node": {
        "label": "j",
        "type": "VariableWrite"
      },
      "location-before-char-start": 30072,
      "location-before-char-end": 30072,
      "node-str": "j"
    },
    {
      "type": "delete-node",
      "node": {
        "label": "POSTINC",
        "type": "UnaryOperator"
      },
      "location-before-char-start": 30072,
      "location-before-char-end": 30074,
      "node-str": "POSTINC"
    },
    {
      "type": "delete-node",
      "node": {
        "label": "org.eclipse.ui.internal.WorkbenchWindow",
        "type": "VARIABLE_TYPE"
      },
      "location-before-char-start": 0,
      "location-before-char-end": 0,
      "node-str": "org.eclipse.ui.internal.WorkbenchWindow"
    },
    {
      "type": "delete-node",
      "node": {
        "label": "windows",
        "type": "VariableRead"
      },
      "location-before-char-start": 30138,
      "location-before-char-end": 30144,
      "node-str": "windows"
    },
    {
      "type": "delete-node",
      "node": {
        "label": "j",
        "type": "VariableRead"
      },
      "location-before-char-start": 30146,
      "location-before-char-end": 30146,
      "node-str": "j"
    },
    {
      "type": "delete-node",
      "node": {
        "label": "",
        "type": "ArrayRead"
      },
      "location-before-char-start": 30120,
      "location-before-char-end": 30147,
      "node-str": ""
    },
    {
      "type": "delete-node",
      "node": {
        "label": "window",
        "type": "LocalVariable"
      },
      "location-before-char-start": 30095,
      "location-before-char-end": 30148,
      "node-str": "window"
    },
    {
      "type": "delete-node",
      "node": {
        "label": "org.eclipse.ui.IWorkbenchPage[]",
        "type": "VARIABLE_TYPE"
      },
      "location-before-char-start": 0,
      "location-before-char-end": 0,
      "node-str": "org.eclipse.ui.IWorkbenchPage[]"
    },
    {
      "type": "delete-node",
      "node": {
        "label": "window",
        "type": "VariableRead"
      },
      "location-before-char-start": 30191,
      "location-before-char-end": 30196,
      "node-str": "window"
    },
    {
      "type": "delete-node",
      "node": {
        "label": "getPages",
        "type": "Invocation"
      },
      "location-before-char-start": 30191,
      "location-before-char-end": 30207,
      "node-str": "getPages"
    },
    {
      "type": "delete-node",
      "node": {
        "label": "pages",
        "type": "LocalVariable"
      },
      "location-before-char-start": 30166,
      "location-before-char-end": 30208,
      "node-str": "pages"
    },
    {
      "type": "delete-node",
      "node": {
        "label": "int",
        "type": "VARIABLE_TYPE"
      },
      "location-before-char-start": 0,
      "location-before-char-end": 0,
      "node-str": "int"
    },
    {
      "type": "delete-node",
      "node": {
        "label": "0",
        "type": "Literal"
      },
      "location-before-char-start": 30239,
      "location-before-char-end": 30239,
      "node-str": "0"
    },
    {
      "type": "delete-node",
      "node": {
        "label": "k",
        "type": "LocalVariable"
      },
      "location-before-char-start": 30231,
      "location-before-char-end": 30239,
      "node-str": "k"
    },
    {
      "type": "delete-node",
      "node": {
        "label": "k",
        "type": "VariableRead"
      },
      "location-before-char-start": 30242,
      "location-before-char-end": 30242,
      "node-str": "k"
    },
    {
      "type": "delete-node",
      "node": {
        "label": "pages",
        "type": "VariableRead"
      },
      "location-before-char-start": 30246,
      "location-before-char-end": 30257,
      "node-str": "pages"
    },
    {
      "type": "delete-node",
      "node": {
        "label": "length",
        "type": "FieldRead"
      },
      "location-before-char-start": 30246,
      "location-before-char-end": 30257,
      "node-str": "length"
    },
    {
      "type": "delete-node",
      "node": {
        "label": "LT",
        "type": "BinaryOperator"
      },
      "location-before-char-start": 30242,
      "location-before-char-end": 30257,
      "node-str": "LT"
    },
    {
      "type": "delete-node",
      "node": {
        "label": "k",
        "type": "VariableWrite"
      },
      "location-before-char-start": 30260,
      "location-before-char-end": 30260,
      "node-str": "k"
    },
    {
      "type": "delete-node",
      "node": {
        "label": "POSTINC",
        "type": "UnaryOperator"
      },
      "location-before-char-start": 30260,
      "location-before-char-end": 30262,
      "node-str": "POSTINC"
    },
    {
      "type": "delete-node",
      "node": {
        "label": "org.eclipse.ui.internal.ExtensionEventHandler",
        "type": "TypeAccess"
      },
      "location-before-char-start": 0,
      "location-before-char-end": 0,
      "node-str": "org.eclipse.ui.internal.ExtensionEventHandler"
    },
    {
      "type": "delete-node",
      "node": {
        "label": "pages",
        "type": "VariableRead"
      },
      "location-before-char-start": 30298,
      "location-before-char-end": 30302,
      "node-str": "pages"
    },
    {
      "type": "delete-node",
      "node": {
        "label": "k",
        "type": "VariableRead"
      },
      "location-before-char-start": 30304,
      "location-before-char-end": 30304,
      "node-str": "k"
    },
    {
      "type": "delete-node",
      "node": {
        "label": "",
        "type": "ArrayRead"
      },
      "location-before-char-start": 30298,
      "location-before-char-end": 30305,
      "node-str": ""
    },
    {
      "type": "delete-node",
      "node": {
        "label": "id",
        "type": "VariableRead"
      },
      "location-before-char-start": 30308,
      "location-before-char-end": 30309,
      "node-str": "id"
    },
    {
      "type": "delete-node",
      "node": {
        "label": "result",
        "type": "VariableRead"
      },
      "location-before-char-start": 30312,
      "location-before-char-end": 30317,
      "node-str": "result"
    },
    {
      "type": "delete-node",
      "node": {
        "label": "closeEditors",
        "type": "Invocation"
      },
      "location-before-char-start": 30285,
      "location-before-char-end": 30319,
      "node-str": "closeEditors"
    },
    {
      "type": "delete-node",
      "node": {
        "label": "",
        "type": "For"
      },
      "location-before-char-start": 30226,
      "location-before-char-end": 30319,
      "node-str": ""
    },
    {
      "type": "delete-node",
      "node": {
        "label": "",
        "type": "For"
      },
      "location-before-char-start": 30036,
      "location-before-char-end": 30333,
      "node-str": ""
    },
    {
      "type": "delete-node",
      "node": {
        "label": "eReg",
        "type": "VariableRead"
      },
      "location-before-char-start": 30347,
      "location-before-char-end": 30350,
      "node-str": "eReg"
    },
    {
      "type": "delete-node",
      "node": {
        "label": "id",
        "type": "VariableRead"
      },
      "location-before-char-start": 30359,
      "location-before-char-end": 30360,
      "node-str": "id"
    },
    {
      "type": "delete-node",
      "node": {
        "label": "remove",
        "type": "Invocation"
      },
      "location-before-char-start": 30347,
      "location-before-char-end": 30362,
      "node-str": "remove"
    },
    {
      "type": "delete-node",
      "node": {
        "label": "",
        "type": "For"
      },
      "location-before-char-start": 29902,
      "location-before-char-end": 30372,
      "node-str": ""
    },
    {
      "type": "delete-node",
      "node": {
        "label": "result",
        "type": "VariableRead"
      },
      "location-before-char-start": 30386,
      "location-before-char-end": 30391,
      "node-str": "result"
    },
    {
      "type": "delete-node",
      "node": {
        "label": "getSeverity",
        "type": "Invocation"
      },
      "location-before-char-start": 30386,
      "location-before-char-end": 30405,
      "node-str": "getSeverity"
    },
    {
      "type": "delete-node",
      "node": {
        "label": "org.eclipse.core.runtime.IStatus",
        "type": "TypeAccess"
      },
      "location-before-char-start": 30410,
      "location-before-char-end": 30416,
      "node-str": "org.eclipse.core.runtime.IStatus"
    },
    {
      "type": "delete-node",
      "node": {
        "label": "OK",
        "type": "FieldRead"
      },
      "location-before-char-start": 30410,
      "location-before-char-end": 30419,
      "node-str": "OK"
    },
    {
      "type": "delete-node",
      "node": {
        "label": "NE",
        "type": "BinaryOperator"
      },
      "location-before-char-start": 30386,
      "location-before-char-end": 30419,
      "node-str": "NE"
    },
    {
      "type": "delete-node",
      "node": {
        "label": "org.eclipse.jface.dialogs.ErrorDialog",
        "type": "TypeAccess"
      },
      "location-before-char-start": 30436,
      "location-before-char-end": 30446,
      "node-str": "org.eclipse.jface.dialogs.ErrorDialog"
    },
    {
      "type": "delete-node",
      "node": {
        "label": "((org.eclipse.swt.widgets.Shell) (null))",
        "type": "Literal"
      },
      "location-before-char-start": 30458,
      "location-before-char-end": 30469,
      "node-str": "((org.eclipse.swt.widgets.Shell) (null))"
    },
    {
      "type": "delete-node",
      "node": {
        "label": "org.eclipse.ui.internal.WorkbenchMessages",
        "type": "TypeAccess"
      },
      "location-before-char-start": 30472,
      "location-before-char-end": 30488,
      "node-str": "org.eclipse.ui.internal.WorkbenchMessages"
    },
    {
      "type": "delete-node",
      "node": {
        "label": "\"Workbench.problemsSaving\"",
        "type": "Literal"
      },
      "location-before-char-start": 30521,
      "location-before-char-end": 30546,
      "node-str": "\"Workbench.problemsSaving\""
    },
    {
      "type": "delete-node",
      "node": {
        "label": "getString",
        "type": "Invocation"
      },
      "location-before-char-start": 30472,
      "location-before-char-end": 30547,
      "node-str": "getString"
    },
    {
      "type": "delete-node",
      "node": {
        "label": "org.eclipse.ui.internal.WorkbenchMessages",
        "type": "TypeAccess"
      },
      "location-before-char-start": 30584,
      "location-before-char-end": 30600,
      "node-str": "org.eclipse.ui.internal.WorkbenchMessages"
    },
    {
      "type": "delete-node",
      "node": {
        "label": "\"Workbench.problemsSavingMsg\"",
        "type": "Literal"
      },
      "location-before-char-start": 30612,
      "location-before-char-end": 30640,
      "node-str": "\"Workbench.problemsSavingMsg\""
    },
    {
      "type": "delete-node",
      "node": {
        "label": "getString",
        "type": "Invocation"
      },
      "location-before-char-start": 30584,
      "location-before-char-end": 30641,
      "node-str": "getString"
    },
    {
      "type": "delete-node",
      "node": {
        "label": "result",
        "type": "VariableRead"
      },
      "location-before-char-start": 30678,
      "location-before-char-end": 30683,
      "node-str": "result"
    },
    {
      "type": "delete-node",
      "node": {
        "label": "openError",
        "type": "Invocation"
      },
      "location-before-char-start": 30436,
      "location-before-char-end": 30685,
      "node-str": "openError"
    },
    {
      "type": "delete-node",
      "node": {
        "label": "THEN",
        "type": "then"
      },
      "location-before-char-start": 30422,
      "location-before-char-end": 30695,
      "node-str": "THEN"
    },
    {
      "type": "delete-node",
      "node": {
        "label": "if",
        "type": "If"
      },
      "location-before-char-start": 30382,
      "location-before-char-end": 30695,
      "node-str": "if"
    },
    {
      "type": "delete-node",
      "node": {
        "label": "unloadEditor",
        "type": "Method"
      },
      "location-before-char-start": 29382,
      "location-before-char-end": 30701,
      "node-str": "unloadEditor"
    },
    {
      "type": "delete-node",
      "node": {
        "label": "ExtensionEventHandler",
        "type": "Class"
      },
      "location-before-char-start": 3623,
      "location-before-char-end": 47933,
      "node-str": "ExtensionEventHandler"
    }
  ],
  "before-file": {},
  "after-file": {},
  "mapping": {}
}