{
  "tool-info": {},
  "diff": [
    {
      "type": "insert-node",
      "node": {
        "label": "actionPerformed",
        "type": "Method"
      },
      "location-after-char-start": 3792,
      "location-after-char-end": 4309,
      "node-str": "actionPerformed"
    },
    {
      "type": "insert-node",
      "node": {
        "label": "void",
        "type": "RETURN_TYPE"
      },
      "location-after-char-start": 0,
      "location-after-char-end": 0,
      "node-str": "void"
    },
    {
      "type": "insert-node",
      "node": {
        "label": "public",
        "type": "Modifier"
      },
      "location-after-char-start": 0,
      "location-after-char-end": 0,
      "node-str": "public"
    },
    {
      "type": "insert-node",
      "node": {
        "label": "e",
        "type": "Parameter"
      },
      "location-after-char-start": 3903,
      "location-after-char-end": 3915,
      "node-str": "e"
    },
    {
      "type": "insert-node",
      "node": {
        "label": "j",
        "type": "LocalVariable"
      },
      "location-after-char-start": 3922,
      "location-after-char-end": 3931,
      "node-str": "j"
    },
    {
      "type": "move-subtree",
      "node": {
        "label": "source",
        "type": "LocalVariable"
      },
      "location-before-char-start": 3930,
      "location-before-char-end": 3959,
      "location-after-char-start": 3935,
      "location-after-char-end": 3964,
      "node-str": "source"
    },
    {
      "type": "insert-node",
      "node": {
        "label": "",
        "type": "For"
      },
      "location-after-char-start": 3968,
      "location-after-char-end": 4306,
      "node-str": ""
    },
    {
      "type": "update-node",
      "node": {
        "label": "CH.ifa.draw.util.Command",
        "type": "VARIABLE_TYPE"
      },
      "location-before-char-start": 0,
      "location-before-char-end": 0,
      "location-after-char-start": 0,
      "location-after-char-end": 0,
      "node-str": "org.jhotdraw.util.Command"
    },
    {
      "type": "update-node",
      "node": {
        "label": "CH.ifa.draw.contrib.CTXCommandMenu",
        "type": "TypeAccess"
      },
      "location-before-char-start": 0,
      "location-before-char-end": 0,
      "location-after-char-start": 0,
      "location-after-char-end": 0,
      "node-str": "org.jhotdraw.contrib.CTXCommandMenu"
    },
    {
      "type": "update-node",
      "node": {
        "label": "CH.ifa.draw.util.Command",
        "type": "VARIABLE_TYPE"
      },
      "location-before-char-start": 0,
      "location-before-char-end": 0,
      "location-after-char-start": 0,
      "location-after-char-end": 0,
      "node-str": "org.jhotdraw.util.Command"
    },
    {
      "type": "update-node",
      "node": {
        "label": "CH.ifa.draw.contrib.CTXCommandMenu",
        "type": "TypeAccess"
      },
      "location-before-char-start": 0,
      "location-before-char-end": 0,
      "location-after-char-start": 0,
      "location-after-char-end": 0,
      "node-str": "org.jhotdraw.contrib.CTXCommandMenu"
    },
    {
      "type": "update-node",
      "node": {
        "label": "CH.ifa.draw.util.Command",
        "type": "VARIABLE_TYPE"
      },
      "location-before-char-start": 0,
      "location-before-char-end": 0,
      "location-after-char-start": 0,
      "location-after-char-end": 0,
      "node-str": "org.jhotdraw.util.Command"
    },
    {
      "type": "update-node",
      "node": {
        "label": "CH.ifa.draw.contrib.CTXCommandMenu",
        "type": "TypeAccess"
      },
      "location-before-char-start": 0,
      "location-before-char-end": 0,
      "location-after-char-start": 0,
      "location-after-char-end": 0,
      "node-str": "org.jhotdraw.contrib.CTXCommandMenu"
    },
    {
      "type": "update-node",
      "node": {
        "label": "CH.ifa.draw.contrib.CTXCommandMenu",
        "type": "TypeAccess"
      },
      "location-before-char-start": 0,
      "location-before-char-end": 0,
      "location-after-char-start": 0,
      "location-after-char-end": 0,
      "node-str": "org.jhotdraw.contrib.CTXCommandMenu"
    },
    {
      "type": "update-node",
      "node": {
        "label": "CH.ifa.draw.contrib.CTXCommandMenu",
        "type": "TypeAccess"
      },
      "location-before-char-start": 0,
      "location-before-char-end": 0,
      "location-after-char-start": 0,
      "location-after-char-end": 0,
      "node-str": "org.jhotdraw.contrib.CTXCommandMenu"
    },
    {
      "type": "update-node",
      "node": {
        "label": "CH.ifa.draw.contrib.CTXCommandMenu",
        "type": "TypeAccess"
      },
      "location-before-char-start": 0,
      "location-before-char-end": 0,
      "location-after-char-start": 0,
      "location-after-char-end": 0,
      "node-str": "org.jhotdraw.contrib.CTXCommandMenu"
    },
    {
      "type": "update-node",
      "node": {
        "label": "CH.ifa.draw.util.Command",
        "type": "VARIABLE_TYPE"
      },
      "location-before-char-start": 0,
      "location-before-char-end": 0,
      "location-after-char-start": 0,
      "location-after-char-end": 0,
      "node-str": "org.jhotdraw.util.Command"
    },
    {
      "type": "update-node",
      "node": {
        "label": "CH.ifa.draw.framework.JHotDrawRuntimeException(java.lang.String)",
        "type": "ConstructorCall"
      },
      "location-before-char-start": 2471,
      "location-before-char-end": 2517,
      "location-after-char-start": 2476,
      "location-after-char-end": 2522,
      "node-str": "org.jhotdraw.framework.JHotDrawRuntimeException(java.lang.String)"
    },
    {
      "type": "update-node",
      "node": {
        "label": "CH.ifa.draw.framework.JHotDrawRuntimeException(java.lang.String)",
        "type": "ConstructorCall"
      },
      "location-before-char-start": 2666,
      "location-before-char-end": 2712,
      "location-after-char-start": 2671,
      "location-after-char-end": 2717,
      "node-str": "org.jhotdraw.framework.JHotDrawRuntimeException(java.lang.String)"
    },
    {
      "type": "insert-node",
      "node": {
        "label": "java.awt.event.ActionEvent",
        "type": "VARIABLE_TYPE"
      },
      "location-after-char-start": 0,
      "location-after-char-end": 0,
      "node-str": "java.awt.event.ActionEvent"
    },
    {
      "type": "insert-node",
      "node": {
        "label": "int",
        "type": "VARIABLE_TYPE"
      },
      "location-after-char-start": 0,
      "location-after-char-end": 0,
      "node-str": "int"
    },
    {
      "type": "insert-node",
      "node": {
        "label": "0",
        "type": "Literal"
      },
      "location-after-char-start": 3930,
      "location-after-char-end": 3930,
      "node-str": "0"
    },
    {
      "type": "insert-node",
      "node": {
        "label": "i",
        "type": "LocalVariable"
      },
      "location-after-char-start": 3973,
      "location-after-char-end": 3981,
      "node-str": "i"
    },
    {
      "type": "insert-node",
      "node": {
        "label": "LT",
        "type": "BinaryOperator"
      },
      "location-after-char-start": 3984,
      "location-after-char-end": 4001,
      "node-str": "LT"
    },
    {
      "type": "insert-node",
      "node": {
        "label": "POSTINC",
        "type": "UnaryOperator"
      },
      "location-after-char-start": 4004,
      "location-after-char-end": 4006,
      "node-str": "POSTINC"
    },
    {
      "type": "insert-node",
      "node": {
        "label": "if",
        "type": "If"
      },
      "location-after-char-start": 4082,
      "location-after-char-end": 4148,
      "node-str": "if"
    },
    {
      "type": "insert-node",
      "node": {
        "label": "item",
        "type": "LocalVariable"
      },
      "location-after-char-start": 4153,
      "location-after-char-end": 4180,
      "node-str": "item"
    },
    {
      "type": "insert-node",
      "node": {
        "label": "if",
        "type": "If"
      },
      "location-after-char-start": 4185,
      "location-after-char-end": 4294,
      "node-str": "if"
    },
    {
      "type": "insert-node",
      "node": {
        "label": "POSTINC",
        "type": "UnaryOperator"
      },
      "location-after-char-start": 4299,
      "location-after-char-end": 4302,
      "node-str": "POSTINC"
    },
    {
      "type": "update-node",
      "node": {
        "label": "CH.ifa.draw.contrib.CTXCommandMenu",
        "type": "TypeAccess"
      },
      "location-before-char-start": 0,
      "location-before-char-end": 0,
      "location-after-char-start": 0,
      "location-after-char-end": 0,
      "node-str": "org.jhotdraw.contrib.CTXCommandMenu"
    },
    {
      "type": "update-node",
      "node": {
        "label": "CH.ifa.draw.contrib.CTXCommandMenu",
        "type": "TypeAccess"
      },
      "location-before-char-start": 0,
      "location-before-char-end": 0,
      "location-after-char-start": 0,
      "location-after-char-end": 0,
      "node-str": "org.jhotdraw.contrib.CTXCommandMenu"
    },
    {
      "type": "insert-node",
      "node": {
        "label": "int",
        "type": "VARIABLE_TYPE"
      },
      "location-after-char-start": 0,
      "location-after-char-end": 0,
      "node-str": "int"
    },
    {
      "type": "insert-node",
      "node": {
        "label": "0",
        "type": "Literal"
      },
      "location-after-char-start": 3981,
      "location-after-char-end": 3981,
      "node-str": "0"
    },
    {
      "type": "insert-node",
      "node": {
        "label": "i",
        "type": "VariableRead"
      },
      "location-after-char-start": 3984,
      "location-after-char-end": 3984,
      "node-str": "i"
    },
    {
      "type": "insert-node",
      "node": {
        "label": "getItemCount",
        "type": "Invocation"
      },
      "location-after-char-start": 3988,
      "location-after-char-end": 4001,
      "node-str": "getItemCount"
    },
    {
      "type": "insert-node",
      "node": {
        "label": "i",
        "type": "VariableWrite"
      },
      "location-after-char-start": 4004,
      "location-after-char-end": 4004,
      "node-str": "i"
    },
    {
      "type": "insert-node",
      "node": {
        "label": "INSTANCEOF",
        "type": "BinaryOperator"
      },
      "location-after-char-start": 4086,
      "location-after-char-end": 4126,
      "node-str": "INSTANCEOF"
    },
    {
      "type": "insert-node",
      "node": {
        "label": "THEN",
        "type": "then"
      },
      "location-after-char-start": 4129,
      "location-after-char-end": 4148,
      "node-str": "THEN"
    },
    {
      "type": "insert-node",
      "node": {
        "label": "javax.swing.JMenuItem",
        "type": "VARIABLE_TYPE"
      },
      "location-after-char-start": 0,
      "location-after-char-end": 0,
      "node-str": "javax.swing.JMenuItem"
    },
    {
      "type": "insert-node",
      "node": {
        "label": "getItem",
        "type": "Invocation"
      },
      "location-after-char-start": 4170,
      "location-after-char-end": 4179,
      "node-str": "getItem"
    },
    {
      "type": "insert-node",
      "node": {
        "label": "EQ",
        "type": "BinaryOperator"
      },
      "location-after-char-start": 4189,
      "location-after-char-end": 4202,
      "node-str": "EQ"
    },
    {
      "type": "insert-node",
      "node": {
        "label": "THEN",
        "type": "then"
      },
      "location-after-char-start": 4205,
      "location-after-char-end": 4294,
      "node-str": "THEN"
    },
    {
      "type": "insert-node",
      "node": {
        "label": "j",
        "type": "VariableWrite"
      },
      "location-after-char-start": 4299,
      "location-after-char-end": 4299,
      "node-str": "j"
    },
    {
      "type": "update-node",
      "node": {
        "label": "CH.ifa.draw.contrib.CTXCommandMenu",
        "type": "TypeAccess"
      },
      "location-before-char-start": 0,
      "location-before-char-end": 0,
      "location-after-char-start": 0,
      "location-after-char-end": 0,
      "node-str": "org.jhotdraw.contrib.CTXCommandMenu"
    },
    {
      "type": "update-node",
      "node": {
        "label": "CH.ifa.draw.contrib.CTXCommandMenu",
        "type": "TypeAccess"
      },
      "location-before-char-start": 0,
      "location-before-char-end": 0,
      "location-after-char-start": 0,
      "location-after-char-end": 0,
      "node-str": "org.jhotdraw.contrib.CTXCommandMenu"
    },
    {
      "type": "update-node",
      "node": {
        "label": "CH.ifa.draw.contrib.CTXCommandMenu",
        "type": "TypeAccess"
      },
      "location-before-char-start": 0,
      "location-before-char-end": 0,
      "location-after-char-start": 0,
      "location-after-char-end": 0,
      "node-str": "org.jhotdraw.contrib.CTXCommandMenu"
    },
    {
      "type": "update-node",
      "node": {
        "label": "CH.ifa.draw.contrib.CTXCommandMenu",
        "type": "TypeAccess"
      },
      "location-before-char-start": 0,
      "location-before-char-end": 0,
      "location-after-char-start": 0,
      "location-after-char-end": 0,
      "node-str": "org.jhotdraw.contrib.CTXCommandMenu"
    },
    {
      "type": "update-node",
      "node": {
        "label": "CH.ifa.draw.util.CommandMenu",
        "type": "TypeAccess"
      },
      "location-before-char-start": 3334,
      "location-before-char-end": 3344,
      "location-after-char-start": 3339,
      "location-after-char-end": 3349,
      "node-str": "org.jhotdraw.util.CommandMenu"
    },
    {
      "type": "insert-node",
      "node": {
        "label": "org.jhotdraw.contrib.CTXCommandMenu",
        "type": "TypeAccess"
      },
      "location-after-char-start": 0,
      "location-after-char-end": 0,
      "node-str": "org.jhotdraw.contrib.CTXCommandMenu"
    },
    {
      "type": "insert-node",
      "node": {
        "label": "getMenuComponent",
        "type": "Invocation"
      },
      "location-after-char-start": 4086,
      "location-after-char-end": 4104,
      "node-str": "getMenuComponent"
    },
    {
      "type": "insert-node",
      "node": {
        "label": "javax.swing.JSeparator",
        "type": "TypeAccess"
      },
      "location-after-char-start": 4117,
      "location-after-char-end": 4126,
      "node-str": "javax.swing.JSeparator"
    },
    {
      "type": "insert-node",
      "node": {
        "label": "continue",
        "type": "Continue"
      },
      "location-after-char-start": 4135,
      "location-after-char-end": 4143,
      "node-str": "continue"
    },
    {
      "type": "insert-node",
      "node": {
        "label": "org.jhotdraw.contrib.CTXCommandMenu",
        "type": "TypeAccess"
      },
      "location-after-char-start": 0,
      "location-after-char-end": 0,
      "node-str": "org.jhotdraw.contrib.CTXCommandMenu"
    },
    {
      "type": "insert-node",
      "node": {
        "label": "i",
        "type": "VariableRead"
      },
      "location-after-char-start": 4178,
      "location-after-char-end": 4178,
      "node-str": "i"
    },
    {
      "type": "insert-node",
      "node": {
        "label": "source",
        "type": "VariableRead"
      },
      "location-after-char-start": 4189,
      "location-after-char-end": 4194,
      "node-str": "source"
    },
    {
      "type": "insert-node",
      "node": {
        "label": "item",
        "type": "VariableRead"
      },
      "location-after-char-start": 4199,
      "location-after-char-end": 4202,
      "node-str": "item"
    },
    {
      "type": "insert-node",
      "node": {
        "label": "cmd",
        "type": "LocalVariable"
      },
      "location-after-char-start": 4211,
      "location-after-char-end": 4259,
      "node-str": "cmd"
    },
    {
      "type": "insert-node",
      "node": {
        "label": "execute",
        "type": "Invocation"
      },
      "location-after-char-start": 4265,
      "location-after-char-end": 4278,
      "node-str": "execute"
    },
    {
      "type": "insert-node",
      "node": {
        "label": "break",
        "type": "Break"
      },
      "location-after-char-start": 4284,
      "location-after-char-end": 4289,
      "node-str": "break"
    },
    {
      "type": "insert-node",
      "node": {
        "label": "org.jhotdraw.contrib.CTXCommandMenu",
        "type": "TypeAccess"
      },
      "location-after-char-start": 0,
      "location-after-char-end": 0,
      "node-str": "org.jhotdraw.contrib.CTXCommandMenu"
    },
    {
      "type": "insert-node",
      "node": {
        "label": "i",
        "type": "VariableRead"
      },
      "location-after-char-start": 4103,
      "location-after-char-end": 4103,
      "node-str": "i"
    },
    {
      "type": "insert-node",
      "node": {
        "label": "org.jhotdraw.util.Command",
        "type": "VARIABLE_TYPE"
      },
      "location-after-char-start": 0,
      "location-after-char-end": 0,
      "node-str": "org.jhotdraw.util.Command"
    },
    {
      "type": "insert-node",
      "node": {
        "label": "getCommand",
        "type": "Invocation"
      },
      "location-after-char-start": 4225,
      "location-after-char-end": 4258,
      "node-str": "getCommand"
    },
    {
      "type": "insert-node",
      "node": {
        "label": "cmd",
        "type": "VariableRead"
      },
      "location-after-char-start": 4265,
      "location-after-char-end": 4267,
      "node-str": "cmd"
    },
    {
      "type": "update-node",
      "node": {
        "label": "CH.ifa.draw.contrib.CTXCommandMenu",
        "type": "TypeAccess"
      },
      "location-before-char-start": 3436,
      "location-before-char-end": 3449,
      "location-after-char-start": 3441,
      "location-after-char-end": 3454,
      "node-str": "org.jhotdraw.contrib.CTXCommandMenu"
    },
    {
      "type": "insert-node",
      "node": {
        "label": "item",
        "type": "VariableRead"
      },
      "location-after-char-start": 4225,
      "location-after-char-end": 4245,
      "node-str": "item"
    },
    {
      "type": "update-node",
      "node": {
        "label": "CH.ifa.draw.util.Command",
        "type": "TypeAccess"
      },
      "location-before-char-start": 3687,
      "location-before-char-end": 3693,
      "location-after-char-start": 3692,
      "location-after-char-end": 3698,
      "node-str": "org.jhotdraw.util.Command"
    },
    {
      "type": "delete-node",
      "node": {
        "label": "void",
        "type": "RETURN_TYPE"
      },
      "location-before-char-start": 0,
      "location-before-char-end": 0,
      "node-str": "void"
    },
    {
      "type": "delete-node",
      "node": {
        "label": "public",
        "type": "Modifier"
      },
      "location-before-char-start": 0,
      "location-before-char-end": 0,
      "node-str": "public"
    },
    {
      "type": "delete-node",
      "node": {
        "label": "java.awt.event.ActionEvent",
        "type": "VARIABLE_TYPE"
      },
      "location-before-char-start": 0,
      "location-before-char-end": 0,
      "node-str": "java.awt.event.ActionEvent"
    },
    {
      "type": "delete-node",
      "node": {
        "label": "e",
        "type": "Parameter"
      },
      "location-before-char-start": 3898,
      "location-before-char-end": 3910,
      "node-str": "e"
    },
    {
      "type": "delete-node",
      "node": {
        "label": "int",
        "type": "VARIABLE_TYPE"
      },
      "location-before-char-start": 0,
      "location-before-char-end": 0,
      "node-str": "int"
    },
    {
      "type": "delete-node",
      "node": {
        "label": "0",
        "type": "Literal"
      },
      "location-before-char-start": 3925,
      "location-before-char-end": 3925,
      "node-str": "0"
    },
    {
      "type": "delete-node",
      "node": {
        "label": "j",
        "type": "LocalVariable"
      },
      "location-before-char-start": 3917,
      "location-before-char-end": 3926,
      "node-str": "j"
    },
    {
      "type": "delete-node",
      "node": {
        "label": "int",
        "type": "VARIABLE_TYPE"
      },
      "location-before-char-start": 0,
      "location-before-char-end": 0,
      "node-str": "int"
    },
    {
      "type": "delete-node",
      "node": {
        "label": "0",
        "type": "Literal"
      },
      "location-before-char-start": 3976,
      "location-before-char-end": 3976,
      "node-str": "0"
    },
    {
      "type": "delete-node",
      "node": {
        "label": "i",
        "type": "LocalVariable"
      },
      "location-before-char-start": 3968,
      "location-before-char-end": 3976,
      "node-str": "i"
    },
    {
      "type": "delete-node",
      "node": {
        "label": "i",
        "type": "VariableRead"
      },
      "location-before-char-start": 3979,
      "location-before-char-end": 3979,
      "node-str": "i"
    },
    {
      "type": "delete-node",
      "node": {
        "label": "CH.ifa.draw.contrib.CTXCommandMenu",
        "type": "TypeAccess"
      },
      "location-before-char-start": 0,
      "location-before-char-end": 0,
      "node-str": "CH.ifa.draw.contrib.CTXCommandMenu"
    },
    {
      "type": "delete-node",
      "node": {
        "label": "getItemCount",
        "type": "Invocation"
      },
      "location-before-char-start": 3983,
      "location-before-char-end": 3996,
      "node-str": "getItemCount"
    },
    {
      "type": "delete-node",
      "node": {
        "label": "LT",
        "type": "BinaryOperator"
      },
      "location-before-char-start": 3979,
      "location-before-char-end": 3996,
      "node-str": "LT"
    },
    {
      "type": "delete-node",
      "node": {
        "label": "i",
        "type": "VariableWrite"
      },
      "location-before-char-start": 3999,
      "location-before-char-end": 3999,
      "node-str": "i"
    },
    {
      "type": "delete-node",
      "node": {
        "label": "POSTINC",
        "type": "UnaryOperator"
      },
      "location-before-char-start": 3999,
      "location-before-char-end": 4001,
      "node-str": "POSTINC"
    },
    {
      "type": "delete-node",
      "node": {
        "label": "CH.ifa.draw.contrib.CTXCommandMenu",
        "type": "TypeAccess"
      },
      "location-before-char-start": 0,
      "location-before-char-end": 0,
      "node-str": "CH.ifa.draw.contrib.CTXCommandMenu"
    },
    {
      "type": "delete-node",
      "node": {
        "label": "i",
        "type": "VariableRead"
      },
      "location-before-char-start": 4098,
      "location-before-char-end": 4098,
      "node-str": "i"
    },
    {
      "type": "delete-node",
      "node": {
        "label": "getMenuComponent",
        "type": "Invocation"
      },
      "location-before-char-start": 4081,
      "location-before-char-end": 4099,
      "node-str": "getMenuComponent"
    },
    {
      "type": "delete-node",
      "node": {
        "label": "javax.swing.JSeparator",
        "type": "TypeAccess"
      },
      "location-before-char-start": 4112,
      "location-before-char-end": 4121,
      "node-str": "javax.swing.JSeparator"
    },
    {
      "type": "delete-node",
      "node": {
        "label": "INSTANCEOF",
        "type": "BinaryOperator"
      },
      "location-before-char-start": 4081,
      "location-before-char-end": 4121,
      "node-str": "INSTANCEOF"
    },
    {
      "type": "delete-node",
      "node": {
        "label": "continue",
        "type": "Continue"
      },
      "location-before-char-start": 4130,
      "location-before-char-end": 4138,
      "node-str": "continue"
    },
    {
      "type": "delete-node",
      "node": {
        "label": "THEN",
        "type": "then"
      },
      "location-before-char-start": 4124,
      "location-before-char-end": 4143,
      "node-str": "THEN"
    },
    {
      "type": "delete-node",
      "node": {
        "label": "if",
        "type": "If"
      },
      "location-before-char-start": 4077,
      "location-before-char-end": 4143,
      "node-str": "if"
    },
    {
      "type": "delete-node",
      "node": {
        "label": "javax.swing.JMenuItem",
        "type": "VARIABLE_TYPE"
      },
      "location-before-char-start": 0,
      "location-before-char-end": 0,
      "node-str": "javax.swing.JMenuItem"
    },
    {
      "type": "delete-node",
      "node": {
        "label": "CH.ifa.draw.contrib.CTXCommandMenu",
        "type": "TypeAccess"
      },
      "location-before-char-start": 0,
      "location-before-char-end": 0,
      "node-str": "CH.ifa.draw.contrib.CTXCommandMenu"
    },
    {
      "type": "delete-node",
      "node": {
        "label": "i",
        "type": "VariableRead"
      },
      "location-before-char-start": 4173,
      "location-before-char-end": 4173,
      "node-str": "i"
    },
    {
      "type": "delete-node",
      "node": {
        "label": "getItem",
        "type": "Invocation"
      },
      "location-before-char-start": 4165,
      "location-before-char-end": 4174,
      "node-str": "getItem"
    },
    {
      "type": "delete-node",
      "node": {
        "label": "item",
        "type": "LocalVariable"
      },
      "location-before-char-start": 4148,
      "location-before-char-end": 4175,
      "node-str": "item"
    },
    {
      "type": "delete-node",
      "node": {
        "label": "source",
        "type": "VariableRead"
      },
      "location-before-char-start": 4184,
      "location-before-char-end": 4189,
      "node-str": "source"
    },
    {
      "type": "delete-node",
      "node": {
        "label": "item",
        "type": "VariableRead"
      },
      "location-before-char-start": 4194,
      "location-before-char-end": 4197,
      "node-str": "item"
    },
    {
      "type": "delete-node",
      "node": {
        "label": "EQ",
        "type": "BinaryOperator"
      },
      "location-before-char-start": 4184,
      "location-before-char-end": 4197,
      "node-str": "EQ"
    },
    {
      "type": "delete-node",
      "node": {
        "label": "CH.ifa.draw.util.Command",
        "type": "VARIABLE_TYPE"
      },
      "location-before-char-start": 0,
      "location-before-char-end": 0,
      "node-str": "CH.ifa.draw.util.Command"
    },
    {
      "type": "delete-node",
      "node": {
        "label": "item",
        "type": "VariableRead"
      },
      "location-before-char-start": 4220,
      "location-before-char-end": 4240,
      "node-str": "item"
    },
    {
      "type": "delete-node",
      "node": {
        "label": "getCommand",
        "type": "Invocation"
      },
      "location-before-char-start": 4220,
      "location-before-char-end": 4253,
      "node-str": "getCommand"
    },
    {
      "type": "delete-node",
      "node": {
        "label": "cmd",
        "type": "LocalVariable"
      },
      "location-before-char-start": 4206,
      "location-before-char-end": 4254,
      "node-str": "cmd"
    },
    {
      "type": "delete-node",
      "node": {
        "label": "cmd",
        "type": "VariableRead"
      },
      "location-before-char-start": 4260,
      "location-before-char-end": 4262,
      "node-str": "cmd"
    },
    {
      "type": "delete-node",
      "node": {
        "label": "execute",
        "type": "Invocation"
      },
      "location-before-char-start": 4260,
      "location-before-char-end": 4273,
      "node-str": "execute"
    },
    {
      "type": "delete-node",
      "node": {
        "label": "break",
        "type": "Break"
      },
      "location-before-char-start": 4279,
      "location-before-char-end": 4284,
      "node-str": "break"
    },
    {
      "type": "delete-node",
      "node": {
        "label": "THEN",
        "type": "then"
      },
      "location-before-char-start": 4200,
      "location-before-char-end": 4289,
      "node-str": "THEN"
    },
    {
      "type": "delete-node",
      "node": {
        "label": "if",
        "type": "If"
      },
      "location-before-char-start": 4180,
      "location-before-char-end": 4289,
      "node-str": "if"
    },
    {
      "type": "delete-node",
      "node": {
        "label": "j",
        "type": "VariableWrite"
      },
      "location-before-char-start": 4294,
      "location-before-char-end": 4294,
      "node-str": "j"
    },
    {
      "type": "delete-node",
      "node": {
        "label": "POSTINC",
        "type": "UnaryOperator"
      },
      "location-before-char-start": 4294,
      "location-before-char-end": 4297,
      "node-str": "POSTINC"
    },
    {
      "type": "delete-node",
      "node": {
        "label": "",
        "type": "For"
      },
      "location-before-char-start": 3963,
      "location-before-char-end": 4301,
      "node-str": ""
    },
    {
      "type": "delete-node",
      "node": {
        "label": "actionPerformed",
        "type": "Method"
      },
      "location-before-char-start": 3787,
      "location-before-char-end": 4304,
      "node-str": "actionPerformed"
    }
  ],
  "before-file": {},
  "after-file": {},
  "mapping": {}
}